日期,PE_trailing,PEG,PBR,DY,R_mom,R_yoy,R_acc_yoy,E_qoq,E_yoy,E_acc_yoy,Op_qoq,Op_yoy,Op_acc_yoy,Gross,Gross_qoq,EPS_qoq,y_10,y_20,y_40,y_60
1994-01-05,0.0,0.0,0.0,0.0,0.0,0.0,0.0,0.0,0.0,0.0,0.0,0.0,0.0,0.0,0.0,0.0,0,0,0,0
1994-01-06,0.0,0.0,0.0,0.0,0.0,0.0,0.0,0.0,0.0,0.0,0.0,0.0,0.0,0.0,0.0,0.0,0,0,0,0
1994-01-07,0.0,0.0,0.0,0.0,0.0,0.0,0.0,0.0,0.0,0.0,0.0,0.0,0.0,0.0,0.0,0.0,0,0,0,0
1994-01-08,0.0,0.0,0.0,0.0,0.0,0.0,0.0,0.0,0.0,0.0,0.0,0.0,0.0,0.0,0.0,0.0,0,0,0,0
1994-01-10,0.0,0.0,0.0,0.0,0.0,0.0,0.0,0.0,0.0,0.0,0.0,0.0,0.0,0.0,0.0,0.0,0,0,0,0
1994-01-11,0.0,0.0,0.0,0.0,0.0,0.0,0.0,0.0,0.0,0.0,0.0,0.0,0.0,0.0,0.0,0.0,0,0,0,0
1994-01-12,0.0,0.0,0.0,0.0,0.0,0.0,0.0,0.0,0.0,0.0,0.0,0.0,0.0,0.0,0.0,0.0,0,0,0,0
1994-01-13,0.0,0.0,0.0,0.0,0.0,0.0,0.0,0.0,0.0,0.0,0.0,0.0,0.0,0.0,0.0,0.0,0,0,0,0
1994-01-14,0.0,0.0,0.0,0.0,0.0,0.0,0.0,0.0,0.0,0.0,0.0,0.0,0.0,0.0,0.0,0.0,0,0,0,0
1994-01-15,0.0,0.0,0.0,0.0,0.0,0.0,0.0,0.0,0.0,0.0,0.0,0.0,0.0,0.0,0.0,0.0,0,0,0,0
1994-01-17,0.0,0.0,0.0,0.0,0.0,0.0,0.0,0.0,0.0,0.0,0.0,0.0,0.0,0.0,0.0,0.0,0,0,0,0
1994-01-18,0.0,0.0,0.0,0.0,0.0,0.0,0.0,0.0,0.0,0.0,0.0,0.0,0.0,0.0,0.0,0.0,0,0,0,0
1994-01-19,0.0,0.0,0.0,0.0,0.0,0.0,0.0,0.0,0.0,0.0,0.0,0.0,0.0,0.0,0.0,0.0,0,0,0,0
1994-01-20,0.0,0.0,0.0,0.0,0.0,0.0,0.0,0.0,0.0,0.0,0.0,0.0,0.0,0.0,0.0,0.0,0,0,0,0
1994-01-21,0.0,0.0,0.0,0.0,0.0,0.0,0.0,0.0,0.0,0.0,0.0,0.0,0.0,0.0,0.0,0.0,0,0,0,0
1994-01-22,0.0,0.0,0.0,0.0,0.0,0.0,0.0,0.0,0.0,0.0,0.0,0.0,0.0,0.0,0.0,0.0,0,0,0,0
1994-01-24,0.0,0.0,0.0,0.0,0.0,0.0,0.0,0.0,0.0,0.0,0.0,0.0,0.0,0.0,0.0,0.0,0,0,0,0
1994-01-25,0.0,0.0,0.0,0.0,0.0,0.0,0.0,0.0,0.0,0.0,0.0,0.0,0.0,0.0,0.0,0.0,0,0,0,0
1994-01-26,0.0,0.0,0.0,0.0,0.0,0.0,0.0,0.0,0.0,0.0,0.0,0.0,0.0,0.0,0.0,0.0,0,0,0,0
1994-01-27,0.0,0.0,0.0,0.0,0.0,0.0,0.0,0.0,0.0,0.0,0.0,0.0,0.0,0.0,0.0,0.0,0,0,0,0
1994-01-28,0.0,0.0,0.0,0.0,0.0,0.0,0.0,0.0,0.0,0.0,0.0,0.0,0.0,0.0,0.0,0.0,0,0,0,0
1994-01-31,0.0,0.0,0.0,0.0,0.0,0.0,0.0,0.0,0.0,0.0,0.0,0.0,0.0,0.0,0.0,0.0,0,0,0,0
1994-02-01,0.0,0.0,0.0,0.0,0.0,0.0,0.0,0.0,0.0,0.0,0.0,0.0,0.0,0.0,0.0,0.0,0,0,0,0
1994-02-02,0.0,0.0,0.0,0.0,0.0,0.0,0.0,0.0,0.0,0.0,0.0,0.0,0.0,0.0,0.0,0.0,0,0,0,0
1994-02-03,0.0,0.0,0.0,0.0,0.0,0.0,0.0,0.0,0.0,0.0,0.0,0.0,0.0,0.0,0.0,0.0,0,0,0,0
1994-02-04,0.0,0.0,0.0,0.0,0.0,0.0,0.0,0.0,0.0,0.0,0.0,0.0,0.0,0.0,0.0,0.0,0,0,0,0
1994-02-05,0.0,0.0,0.0,0.0,0.0,0.0,0.0,0.0,0.0,0.0,0.0,0.0,0.0,0.0,0.0,0.0,0,0,0,0
1994-02-14,0.0,0.0,0.0,0.0,0.0,0.0,0.0,0.0,0.0,0.0,0.0,0.0,0.0,0.0,0.0,0.0,0,0,0,0
1994-02-15,0.0,0.0,0.0,0.0,0.0,0.0,0.0,0.0,0.0,0.0,0.0,0.0,0.0,0.0,0.0,0.0,0,0,0,0
1994-02-16,0.0,0.0,0.0,0.0,0.0,0.0,0.0,0.0,0.0,0.0,0.0,0.0,0.0,0.0,0.0,0.0,0,0,0,0
1994-02-17,0.0,0.0,0.0,0.0,0.0,0.0,0.0,0.0,0.0,0.0,0.0,0.0,0.0,0.0,0.0,0.0,0,0,0,0
1994-02-18,0.0,0.0,0.0,0.0,0.0,0.0,0.0,0.0,0.0,0.0,0.0,0.0,0.0,0.0,0.0,0.0,0,0,0,0
1994-02-19,0.0,0.0,0.0,0.0,0.0,0.0,0.0,0.0,0.0,0.0,0.0,0.0,0.0,0.0,0.0,0.0,0,0,0,0
1994-02-21,0.0,0.0,0.0,0.0,0.0,0.0,0.0,0.0,0.0,0.0,0.0,0.0,0.0,0.0,0.0,0.0,0,0,0,0
1994-02-22,0.0,0.0,0.0,0.0,0.0,0.0,0.0,0.0,0.0,0.0,0.0,0.0,0.0,0.0,0.0,0.0,0,0,0,0
1994-02-23,0.0,0.0,0.0,0.0,0.0,0.0,0.0,0.0,0.0,0.0,0.0,0.0,0.0,0.0,0.0,0.0,0,0,0,0
1994-02-24,0.0,0.0,0.0,0.0,0.0,0.0,0.0,0.0,0.0,0.0,0.0,0.0,0.0,0.0,0.0,0.0,0,0,0,0
1994-02-25,0.0,0.0,0.0,0.0,0.0,0.0,0.0,0.0,0.0,0.0,0.0,0.0,0.0,0.0,0.0,0.0,0,0,0,0
1994-02-26,0.0,0.0,0.0,0.0,0.0,0.0,0.0,0.0,0.0,0.0,0.0,0.0,0.0,0.0,0.0,0.0,0,0,0,0
1994-02-28,0.0,0.0,0.0,0.0,0.0,0.0,0.0,0.0,0.0,0.0,0.0,0.0,0.0,0.0,0.0,0.0,0,0,0,0
1994-03-01,0.0,0.0,0.0,0.0,0.0,0.0,0.0,0.0,0.0,0.0,0.0,0.0,0.0,0.0,0.0,0.0,0,0,0,0
1994-03-02,0.0,0.0,0.0,0.0,0.0,0.0,0.0,0.0,0.0,0.0,0.0,0.0,0.0,0.0,0.0,0.0,0,0,0,0
1994-03-03,0.0,0.0,0.0,0.0,0.0,0.0,0.0,0.0,0.0,0.0,0.0,0.0,0.0,0.0,0.0,0.0,0,0,0,0
1994-03-04,0.0,0.0,0.0,0.0,0.0,0.0,0.0,0.0,0.0,0.0,0.0,0.0,0.0,0.0,0.0,0.0,0,0,0,0
1994-03-05,0.0,0.0,0.0,0.0,0.0,0.0,0.0,0.0,0.0,0.0,0.0,0.0,0.0,0.0,0.0,0.0,0,0,0,0
1994-03-07,0.0,0.0,0.0,0.0,0.0,0.0,0.0,0.0,0.0,0.0,0.0,0.0,0.0,0.0,0.0,0.0,0,0,0,0
1994-03-08,0.0,0.0,0.0,0.0,0.0,0.0,0.0,0.0,0.0,0.0,0.0,0.0,0.0,0.0,0.0,0.0,0,0,0,0
1994-03-09,0.0,0.0,0.0,0.0,0.0,0.0,0.0,0.0,0.0,0.0,0.0,0.0,0.0,0.0,0.0,0.0,0,0,0,0
1994-03-10,0.0,0.0,0.0,0.0,0.0,0.0,0.0,0.0,0.0,0.0,0.0,0.0,0.0,0.0,0.0,0.0,0,0,0,0
1994-03-11,0.0,0.0,0.0,0.0,0.0,0.0,0.0,0.0,0.0,0.0,0.0,0.0,0.0,0.0,0.0,0.0,0,0,0,0
1994-03-12,0.0,0.0,0.0,0.0,0.0,0.0,0.0,0.0,0.0,0.0,0.0,0.0,0.0,0.0,0.0,0.0,0,0,0,0
1994-03-14,0.0,0.0,0.0,0.0,0.0,0.0,0.0,0.0,0.0,0.0,0.0,0.0,0.0,0.0,0.0,0.0,0,0,0,0
1994-03-15,0.0,0.0,0.0,0.0,0.0,0.0,0.0,0.0,0.0,0.0,0.0,0.0,0.0,0.0,0.0,0.0,0,0,0,0
1994-03-16,0.0,0.0,0.0,0.0,0.0,0.0,0.0,0.0,0.0,0.0,0.0,0.0,0.0,0.0,0.0,0.0,0,0,0,0
1994-03-17,0.0,0.0,0.0,0.0,0.0,0.0,0.0,0.0,0.0,0.0,0.0,0.0,0.0,0.0,0.0,0.0,0,0,0,0
1994-03-18,0.0,0.0,0.0,0.0,0.0,0.0,0.0,0.0,0.0,0.0,0.0,0.0,0.0,0.0,0.0,0.0,0,0,0,0
1994-03-19,0.0,0.0,0.0,0.0,0.0,0.0,0.0,0.0,0.0,0.0,0.0,0.0,0.0,0.0,0.0,0.0,0,0,0,0
1994-03-21,0.0,0.0,0.0,0.0,0.0,0.0,0.0,0.0,0.0,0.0,0.0,0.0,0.0,0.0,0.0,0.0,0,0,0,0
1994-03-22,0.0,0.0,0.0,0.0,0.0,0.0,0.0,0.0,0.0,0.0,0.0,0.0,0.0,0.0,0.0,0.0,0,0,0,0
1994-03-23,0.0,0.0,0.0,0.0,0.0,0.0,0.0,0.0,0.0,0.0,0.0,0.0,0.0,0.0,0.0,0.0,0,0,0,0
1994-03-24,0.0,0.0,0.0,0.0,0.0,0.0,0.0,0.0,0.0,0.0,0.0,0.0,0.0,0.0,0.0,0.0,0,0,0,0
1994-03-25,0.0,0.0,0.0,0.0,0.0,0.0,0.0,0.0,0.0,0.0,0.0,0.0,0.0,0.0,0.0,0.0,0,0,0,0
1994-03-26,0.0,0.0,0.0,0.0,0.0,0.0,0.0,0.0,0.0,0.0,0.0,0.0,0.0,0.0,0.0,0.0,0,0,0,0
1994-03-28,0.0,0.0,0.0,0.0,0.0,0.0,0.0,0.0,0.0,0.0,0.0,0.0,0.0,0.0,0.0,0.0,0,0,0,0
1994-03-30,0.0,0.0,0.0,0.0,0.0,0.0,0.0,0.0,0.0,0.0,0.0,0.0,0.0,0.0,0.0,0.0,0,0,0,0
1994-03-31,0.0,0.0,0.0,0.0,0.0,0.0,0.0,0.0,0.0,0.0,0.0,0.0,0.0,0.0,0.0,0.0,0,0,0,0
1994-04-01,0.0,0.0,0.0,0.0,0.0,0.0,0.0,0.0,0.0,0.0,0.0,0.0,0.0,0.0,0.0,0.0,0,0,0,0
1994-04-02,0.0,0.0,0.0,0.0,0.0,0.0,0.0,0.0,0.0,0.0,0.0,0.0,0.0,0.0,0.0,0.0,0,0,0,0
1994-04-06,0.0,0.0,0.0,0.0,0.0,0.0,0.0,0.0,0.0,0.0,0.0,0.0,0.0,0.0,0.0,0.0,0,0,0,0
1994-04-07,0.0,0.0,0.0,0.0,0.0,0.0,0.0,0.0,0.0,0.0,0.0,0.0,0.0,0.0,0.0,0.0,0,0,0,0
1994-04-08,0.0,0.0,0.0,0.0,0.0,0.0,0.0,0.0,0.0,0.0,0.0,0.0,0.0,0.0,0.0,0.0,0,0,0,0
1994-04-09,0.0,0.0,0.0,0.0,0.0,0.0,0.0,0.0,0.0,0.0,0.0,0.0,0.0,0.0,0.0,0.0,0,0,0,0
1994-04-11,0.0,0.0,0.0,0.0,0.0,0.0,0.0,0.0,0.0,0.0,0.0,0.0,0.0,0.0,0.0,0.0,0,0,0,0
1994-04-12,0.0,0.0,0.0,0.0,0.0,0.0,0.0,0.0,0.0,0.0,0.0,0.0,0.0,0.0,0.0,0.0,0,0,0,0
1994-04-13,0.0,0.0,0.0,0.0,0.0,0.0,0.0,0.0,0.0,0.0,0.0,0.0,0.0,0.0,0.0,0.0,0,0,0,0
1994-04-14,0.0,0.0,0.0,0.0,0.0,0.0,0.0,0.0,0.0,0.0,0.0,0.0,0.0,0.0,0.0,0.0,0,0,0,0
1994-04-15,0.0,0.0,0.0,0.0,0.0,0.0,0.0,0.0,0.0,0.0,0.0,0.0,0.0,0.0,0.0,0.0,0,0,0,0
1994-04-16,0.0,0.0,0.0,0.0,0.0,0.0,0.0,0.0,0.0,0.0,0.0,0.0,0.0,0.0,0.0,0.0,0,0,0,0
1994-04-18,0.0,0.0,0.0,0.0,0.0,0.0,0.0,0.0,0.0,0.0,0.0,0.0,0.0,0.0,0.0,0.0,0,0,0,0
1994-04-19,0.0,0.0,0.0,0.0,0.0,0.0,0.0,0.0,0.0,0.0,0.0,0.0,0.0,0.0,0.0,0.0,0,0,0,0
1994-04-20,0.0,0.0,0.0,0.0,0.0,0.0,0.0,0.0,0.0,0.0,0.0,0.0,0.0,0.0,0.0,0.0,0,0,0,0
1994-04-21,0.0,0.0,0.0,0.0,0.0,0.0,0.0,0.0,0.0,0.0,0.0,0.0,0.0,0.0,0.0,0.0,0,0,0,0
1994-04-22,0.0,0.0,0.0,0.0,0.0,0.0,0.0,0.0,0.0,0.0,0.0,0.0,0.0,0.0,0.0,0.0,0,0,0,0
1994-04-23,0.0,0.0,0.0,0.0,0.0,0.0,0.0,0.0,0.0,0.0,0.0,0.0,0.0,0.0,0.0,0.0,0,0,0,0
1994-04-25,0.0,0.0,0.0,0.0,0.0,0.0,0.0,0.0,0.0,0.0,0.0,0.0,0.0,0.0,0.0,0.0,0,0,0,0
1994-04-26,0.0,0.0,0.0,0.0,0.0,0.0,0.0,0.0,0.0,0.0,0.0,0.0,0.0,0.0,0.0,0.0,0,0,0,0
1994-04-27,0.0,0.0,0.0,0.0,0.0,0.0,0.0,0.0,0.0,0.0,0.0,0.0,0.0,0.0,0.0,0.0,0,0,0,0
1994-04-28,0.0,0.0,0.0,0.0,0.0,0.0,0.0,0.0,0.0,0.0,0.0,0.0,0.0,0.0,0.0,0.0,0,0,0,0
1994-04-29,0.0,0.0,0.0,0.0,0.0,0.0,0.0,0.0,0.0,0.0,0.0,0.0,0.0,0.0,0.0,0.0,0,0,0,0
1994-04-30,0.0,0.0,0.0,0.0,0.0,0.0,0.0,0.0,0.0,0.0,0.0,0.0,0.0,0.0,0.0,0.0,0,0,0,0
1994-05-02,0.0,0.0,0.0,0.0,0.0,0.0,0.0,0.0,0.0,0.0,0.0,0.0,0.0,0.0,0.0,0.0,0,0,0,0
1994-05-03,0.0,0.0,0.0,0.0,0.0,0.0,0.0,0.0,0.0,0.0,0.0,0.0,0.0,0.0,0.0,0.0,0,0,0,0
1994-05-04,0.0,0.0,0.0,0.0,0.0,0.0,0.0,0.0,0.0,0.0,0.0,0.0,0.0,0.0,0.0,0.0,0,0,0,0
1994-05-05,0.0,0.0,0.0,0.0,0.0,0.0,0.0,0.0,0.0,0.0,0.0,0.0,0.0,0.0,0.0,0.0,0,0,0,0
1994-05-06,0.0,0.0,0.0,0.0,0.0,0.0,0.0,0.0,0.0,0.0,0.0,0.0,0.0,0.0,0.0,0.0,0,0,0,0
1994-05-07,0.0,0.0,0.0,0.0,0.0,0.0,0.0,0.0,0.0,0.0,0.0,0.0,0.0,0.0,0.0,0.0,0,0,0,0
1994-05-09,0.0,0.0,0.0,0.0,0.0,0.0,0.0,0.0,0.0,0.0,0.0,0.0,0.0,0.0,0.0,0.0,0,0,0,0
1994-05-10,0.0,0.0,0.0,0.0,0.0,0.0,0.0,0.0,0.0,0.0,0.0,0.0,0.0,0.0,0.0,0.0,0,0,0,0
1994-05-11,0.0,0.0,0.0,0.0,0.0,0.0,0.0,0.0,0.0,0.0,0.0,0.0,0.0,0.0,0.0,0.0,0,0,0,0
1994-05-12,0.0,0.0,0.0,0.0,0.0,0.0,0.0,0.0,0.0,0.0,0.0,0.0,0.0,0.0,0.0,0.0,0,0,0,0
1994-05-13,0.0,0.0,0.0,0.0,0.0,0.0,0.0,0.0,0.0,0.0,0.0,0.0,0.0,0.0,0.0,0.0,0,0,0,0
1994-05-14,0.0,0.0,0.0,0.0,0.0,0.0,0.0,0.0,0.0,0.0,0.0,0.0,0.0,0.0,0.0,0.0,0,0,0,0
1994-05-16,0.0,0.0,0.0,0.0,0.0,0.0,0.0,0.0,0.0,0.0,0.0,0.0,0.0,0.0,0.0,0.0,0,0,0,0
1994-05-17,0.0,0.0,0.0,0.0,0.0,0.0,0.0,0.0,0.0,0.0,0.0,0.0,0.0,0.0,0.0,0.0,0,0,0,0
1994-05-18,0.0,0.0,0.0,0.0,0.0,0.0,0.0,0.0,0.0,0.0,0.0,0.0,0.0,0.0,0.0,0.0,0,0,0,0
1994-05-19,0.0,0.0,0.0,0.0,0.0,0.0,0.0,0.0,0.0,0.0,0.0,0.0,0.0,0.0,0.0,0.0,0,0,0,0
1994-05-20,0.0,0.0,0.0,0.0,0.0,0.0,0.0,0.0,0.0,0.0,0.0,0.0,0.0,0.0,0.0,0.0,0,0,0,0
1994-05-21,0.0,0.0,0.0,0.0,0.0,0.0,0.0,0.0,0.0,0.0,0.0,0.0,0.0,0.0,0.0,0.0,0,0,0,0
1994-05-23,0.0,0.0,0.0,0.0,0.0,0.0,0.0,0.0,0.0,0.0,0.0,0.0,0.0,0.0,0.0,0.0,0,0,0,0
1994-05-24,0.0,0.0,0.0,0.0,0.0,0.0,0.0,0.0,0.0,0.0,0.0,0.0,0.0,0.0,0.0,0.0,0,0,0,0
1994-05-25,0.0,0.0,0.0,0.0,0.0,0.0,0.0,0.0,0.0,0.0,0.0,0.0,0.0,0.0,0.0,0.0,0,0,0,0
1994-05-26,0.0,0.0,0.0,0.0,0.0,0.0,0.0,0.0,0.0,0.0,0.0,0.0,0.0,0.0,0.0,0.0,0,0,0,0
1994-05-27,0.0,0.0,0.0,0.0,0.0,0.0,0.0,0.0,0.0,0.0,0.0,0.0,0.0,0.0,0.0,0.0,0,0,0,0
1994-05-28,0.0,0.0,0.0,0.0,0.0,0.0,0.0,0.0,0.0,0.0,0.0,0.0,0.0,0.0,0.0,0.0,0,0,0,0
1994-05-30,0.0,0.0,0.0,0.0,0.0,0.0,0.0,0.0,0.0,0.0,0.0,0.0,0.0,0.0,0.0,0.0,0,0,0,0
1994-05-31,0.0,0.0,0.0,0.0,0.0,0.0,0.0,0.0,0.0,0.0,0.0,0.0,0.0,0.0,0.0,0.0,0,0,0,0
1994-06-01,0.0,0.0,0.0,0.0,0.0,0.0,0.0,0.0,0.0,0.0,0.0,0.0,0.0,0.0,0.0,0.0,0,0,0,0
1994-06-02,0.0,0.0,0.0,0.0,0.0,0.0,0.0,0.0,0.0,0.0,0.0,0.0,0.0,0.0,0.0,0.0,0,0,0,0
1994-06-03,0.0,0.0,0.0,0.0,0.0,0.0,0.0,0.0,0.0,0.0,0.0,0.0,0.0,0.0,0.0,0.0,0,0,0,0
1994-06-04,0.0,0.0,0.0,0.0,0.0,0.0,0.0,0.0,0.0,0.0,0.0,0.0,0.0,0.0,0.0,0.0,0,0,0,0
1994-06-06,0.0,0.0,0.0,0.0,0.0,0.0,0.0,0.0,0.0,0.0,0.0,0.0,0.0,0.0,0.0,0.0,0,0,0,0
1994-06-07,0.0,0.0,0.0,0.0,0.0,0.0,0.0,0.0,0.0,0.0,0.0,0.0,0.0,0.0,0.0,0.0,0,0,0,0
1994-06-08,0.0,0.0,0.0,0.0,0.0,0.0,0.0,0.0,0.0,0.0,0.0,0.0,0.0,0.0,0.0,0.0,0,0,0,0
1994-06-09,0.0,0.0,0.0,0.0,0.0,0.0,0.0,0.0,0.0,0.0,0.0,0.0,0.0,0.0,0.0,0.0,0,0,0,0
1994-06-10,0.0,0.0,0.0,0.0,0.0,0.0,0.0,0.0,0.0,0.0,0.0,0.0,0.0,0.0,0.0,0.0,0,0,0,0
1994-06-11,0.0,0.0,0.0,0.0,0.0,0.0,0.0,0.0,0.0,0.0,0.0,0.0,0.0,0.0,0.0,0.0,0,0,0,0
1994-06-14,0.0,0.0,0.0,0.0,0.0,0.0,0.0,0.0,0.0,0.0,0.0,0.0,0.0,0.0,0.0,0.0,0,0,0,0
1994-06-15,0.0,0.0,0.0,0.0,0.0,0.0,0.0,0.0,0.0,0.0,0.0,0.0,0.0,0.0,0.0,0.0,0,0,0,0
1994-06-16,0.0,0.0,0.0,0.0,0.0,0.0,0.0,0.0,0.0,0.0,0.0,0.0,0.0,0.0,0.0,0.0,0,0,0,0
1994-06-17,0.0,0.0,0.0,0.0,0.0,0.0,0.0,0.0,0.0,0.0,0.0,0.0,0.0,0.0,0.0,0.0,0,0,0,0
1994-06-20,0.0,0.0,0.0,0.0,0.0,0.0,0.0,0.0,0.0,0.0,0.0,0.0,0.0,0.0,0.0,0.0,0,0,0,0
1994-06-21,0.0,0.0,0.0,0.0,0.0,0.0,0.0,0.0,0.0,0.0,0.0,0.0,0.0,0.0,0.0,0.0,0,0,0,0
1994-06-22,0.0,0.0,0.0,0.0,0.0,0.0,0.0,0.0,0.0,0.0,0.0,0.0,0.0,0.0,0.0,0.0,0,0,0,0
1994-06-23,0.0,0.0,0.0,0.0,0.0,0.0,0.0,0.0,0.0,0.0,0.0,0.0,0.0,0.0,0.0,0.0,0,0,0,0
1994-06-24,0.0,0.0,0.0,0.0,0.0,0.0,0.0,0.0,0.0,0.0,0.0,0.0,0.0,0.0,0.0,0.0,0,0,0,0
1994-06-25,0.0,0.0,0.0,0.0,0.0,0.0,0.0,0.0,0.0,0.0,0.0,0.0,0.0,0.0,0.0,0.0,0,0,0,0
1994-06-27,0.0,0.0,0.0,0.0,0.0,0.0,0.0,0.0,0.0,0.0,0.0,0.0,0.0,0.0,0.0,0.0,0,0,0,0
1994-06-28,0.0,0.0,0.0,0.0,0.0,0.0,0.0,0.0,0.0,0.0,0.0,0.0,0.0,0.0,0.0,0.0,0,0,0,0
1994-06-29,0.0,0.0,0.0,0.0,0.0,0.0,0.0,0.0,0.0,0.0,0.0,0.0,0.0,0.0,0.0,0.0,0,0,0,0
1994-06-30,0.0,0.0,0.0,0.0,0.0,0.0,0.0,0.0,0.0,0.0,0.0,0.0,0.0,0.0,0.0,0.0,0,0,0,0
1994-07-02,0.0,0.0,0.0,0.0,0.0,0.0,0.0,0.0,0.0,0.0,0.0,0.0,0.0,0.0,0.0,0.0,0,0,0,0
1994-07-04,0.0,0.0,0.0,0.0,0.0,0.0,0.0,0.0,0.0,0.0,0.0,0.0,0.0,0.0,0.0,0.0,0,0,0,0
1994-07-05,0.0,0.0,0.0,0.0,0.0,0.0,0.0,0.0,0.0,0.0,0.0,0.0,0.0,0.0,0.0,0.0,0,0,0,0
1994-07-06,0.0,0.0,0.0,0.0,0.0,0.0,0.0,0.0,0.0,0.0,0.0,0.0,0.0,0.0,0.0,0.0,0,0,0,0
1994-07-07,0.0,0.0,0.0,0.0,0.0,0.0,0.0,0.0,0.0,0.0,0.0,0.0,0.0,0.0,0.0,0.0,0,0,0,0
1994-07-08,0.0,0.0,0.0,0.0,0.0,0.0,0.0,0.0,0.0,0.0,0.0,0.0,0.0,0.0,0.0,0.0,0,0,0,0
1994-07-09,0.0,0.0,0.0,0.0,0.0,0.0,0.0,0.0,0.0,0.0,0.0,0.0,0.0,0.0,0.0,0.0,0,0,0,0
1994-07-11,0.0,0.0,0.0,0.0,0.0,0.0,0.0,0.0,0.0,0.0,0.0,0.0,0.0,0.0,0.0,0.0,0,0,0,0
1994-07-12,0.0,0.0,0.0,0.0,0.0,0.0,0.0,0.0,0.0,0.0,0.0,0.0,0.0,0.0,0.0,0.0,0,0,0,0
1994-07-13,0.0,0.0,0.0,0.0,0.0,0.0,0.0,0.0,0.0,0.0,0.0,0.0,0.0,0.0,0.0,0.0,0,0,0,0
1994-07-14,0.0,0.0,0.0,0.0,0.0,0.0,0.0,0.0,0.0,0.0,0.0,0.0,0.0,0.0,0.0,0.0,0,0,0,0
1994-07-15,0.0,0.0,0.0,0.0,0.0,0.0,0.0,0.0,0.0,0.0,0.0,0.0,0.0,0.0,0.0,0.0,0,0,0,0
1994-07-18,0.0,0.0,0.0,0.0,0.0,0.0,0.0,0.0,0.0,0.0,0.0,0.0,0.0,0.0,0.0,0.0,0,0,0,0
1994-07-19,0.0,0.0,0.0,0.0,0.0,0.0,0.0,0.0,0.0,0.0,0.0,0.0,0.0,0.0,0.0,0.0,0,0,0,0
1994-07-20,0.0,0.0,0.0,0.0,0.0,0.0,0.0,0.0,0.0,0.0,0.0,0.0,0.0,0.0,0.0,0.0,0,0,0,0
1994-07-21,0.0,0.0,0.0,0.0,0.0,0.0,0.0,0.0,0.0,0.0,0.0,0.0,0.0,0.0,0.0,0.0,0,0,0,0
1994-07-22,0.0,0.0,0.0,0.0,0.0,0.0,0.0,0.0,0.0,0.0,0.0,0.0,0.0,0.0,0.0,0.0,0,0,0,0
1994-07-23,0.0,0.0,0.0,0.0,0.0,0.0,0.0,0.0,0.0,0.0,0.0,0.0,0.0,0.0,0.0,0.0,0,0,0,0
1994-07-25,0.0,0.0,0.0,0.0,0.0,0.0,0.0,0.0,0.0,0.0,0.0,0.0,0.0,0.0,0.0,0.0,0,0,0,0
1994-07-26,0.0,0.0,0.0,0.0,0.0,0.0,0.0,0.0,0.0,0.0,0.0,0.0,0.0,0.0,0.0,0.0,0,0,0,0
1994-07-27,0.0,0.0,0.0,0.0,0.0,0.0,0.0,0.0,0.0,0.0,0.0,0.0,0.0,0.0,0.0,0.0,0,0,0,0
1994-07-28,0.0,0.0,0.0,0.0,0.0,0.0,0.0,0.0,0.0,0.0,0.0,0.0,0.0,0.0,0.0,0.0,0,0,0,0
1994-07-29,0.0,0.0,0.0,0.0,0.0,0.0,0.0,0.0,0.0,0.0,0.0,0.0,0.0,0.0,0.0,0.0,0,0,0,0
1994-07-30,0.0,0.0,0.0,0.0,0.0,0.0,0.0,0.0,0.0,0.0,0.0,0.0,0.0,0.0,0.0,0.0,0,0,0,0
1994-08-01,0.0,0.0,0.0,0.0,0.0,0.0,0.0,0.0,0.0,0.0,0.0,0.0,0.0,0.0,0.0,0.0,0,0,0,0
1994-08-02,0.0,0.0,0.0,0.0,0.0,0.0,0.0,0.0,0.0,0.0,0.0,0.0,0.0,0.0,0.0,0.0,0,0,0,0
1994-08-03,0.0,0.0,0.0,0.0,0.0,0.0,0.0,0.0,0.0,0.0,0.0,0.0,0.0,0.0,0.0,0.0,0,0,0,0
1994-08-04,0.0,0.0,0.0,0.0,0.0,0.0,0.0,0.0,0.0,0.0,0.0,0.0,0.0,0.0,0.0,0.0,0,0,0,0
1994-08-05,0.0,0.0,0.0,0.0,0.0,0.0,0.0,0.0,0.0,0.0,0.0,0.0,0.0,0.0,0.0,0.0,0,0,0,0
1994-08-06,0.0,0.0,0.0,0.0,0.0,0.0,0.0,0.0,0.0,0.0,0.0,0.0,0.0,0.0,0.0,0.0,0,0,0,0
1994-08-09,0.0,0.0,0.0,0.0,0.0,0.0,0.0,0.0,0.0,0.0,0.0,0.0,0.0,0.0,0.0,0.0,0,0,0,0
1994-08-10,0.0,0.0,0.0,0.0,0.0,0.0,0.0,0.0,0.0,0.0,0.0,0.0,0.0,0.0,0.0,0.0,0,0,0,0
1994-08-11,0.0,0.0,0.0,0.0,0.0,0.0,0.0,0.0,0.0,0.0,0.0,0.0,0.0,0.0,0.0,0.0,0,0,0,0
1994-08-12,0.0,0.0,0.0,0.0,0.0,0.0,0.0,0.0,0.0,0.0,0.0,0.0,0.0,0.0,0.0,0.0,0,0,0,0
1994-08-13,0.0,0.0,0.0,0.0,0.0,0.0,0.0,0.0,0.0,0.0,0.0,0.0,0.0,0.0,0.0,0.0,0,0,0,0
1994-08-15,0.0,0.0,0.0,0.0,0.0,0.0,0.0,0.0,0.0,0.0,0.0,0.0,0.0,0.0,0.0,0.0,0,0,0,0
1994-08-16,0.0,0.0,0.0,0.0,0.0,0.0,0.0,0.0,0.0,0.0,0.0,0.0,0.0,0.0,0.0,0.0,0,0,0,0
1994-08-17,0.0,0.0,0.0,0.0,0.0,0.0,0.0,0.0,0.0,0.0,0.0,0.0,0.0,0.0,0.0,0.0,0,0,0,0
1994-08-18,0.0,0.0,0.0,0.0,0.0,0.0,0.0,0.0,0.0,0.0,0.0,0.0,0.0,0.0,0.0,0.0,0,0,0,0
1994-08-19,0.0,0.0,0.0,0.0,0.0,0.0,0.0,0.0,0.0,0.0,0.0,0.0,0.0,0.0,0.0,0.0,0,0,0,0
1994-08-20,0.0,0.0,0.0,0.0,0.0,0.0,0.0,0.0,0.0,0.0,0.0,0.0,0.0,0.0,0.0,0.0,0,0,0,0
1994-08-22,0.0,0.0,0.0,0.0,0.0,0.0,0.0,0.0,0.0,0.0,0.0,0.0,0.0,0.0,0.0,0.0,0,0,0,0
1994-08-23,0.0,0.0,0.0,0.0,0.0,0.0,0.0,0.0,0.0,0.0,0.0,0.0,0.0,0.0,0.0,0.0,0,0,0,0
1994-08-24,0.0,0.0,0.0,0.0,0.0,0.0,0.0,0.0,0.0,0.0,0.0,0.0,0.0,0.0,0.0,0.0,0,0,0,0
1994-08-25,0.0,0.0,0.0,0.0,0.0,0.0,0.0,0.0,0.0,0.0,0.0,0.0,0.0,0.0,0.0,0.0,0,0,0,0
1994-08-26,0.0,0.0,0.0,0.0,0.0,0.0,0.0,0.0,0.0,0.0,0.0,0.0,0.0,0.0,0.0,0.0,0,0,0,0
1994-08-27,0.0,0.0,0.0,0.0,0.0,0.0,0.0,0.0,0.0,0.0,0.0,0.0,0.0,0.0,0.0,0.0,0,0,0,0
1994-08-29,0.0,0.0,0.0,0.0,0.0,0.0,0.0,0.0,0.0,0.0,0.0,0.0,0.0,0.0,0.0,0.0,0,0,0,0
1994-08-30,0.0,0.0,0.0,0.0,0.0,0.0,0.0,0.0,0.0,0.0,0.0,0.0,0.0,0.0,0.0,0.0,0,0,0,0
1994-08-31,0.0,0.0,0.0,0.0,0.0,0.0,0.0,0.0,0.0,0.0,0.0,0.0,0.0,0.0,0.0,0.0,0,0,0,0
1994-09-01,0.0,0.0,0.0,0.0,0.0,0.0,0.0,0.0,0.0,0.0,0.0,0.0,0.0,0.0,0.0,0.0,0,0,0,0
1994-09-02,0.0,0.0,0.0,0.0,0.0,0.0,0.0,0.0,0.0,0.0,0.0,0.0,0.0,0.0,0.0,0.0,0,0,0,0
1994-09-03,0.0,0.0,0.0,0.0,0.0,0.0,0.0,0.0,0.0,0.0,0.0,0.0,0.0,0.0,0.0,0.0,0,0,0,0
1994-09-05,0.0,0.0,0.0,0.0,0.0,0.0,0.0,0.0,0.0,0.0,0.0,0.0,0.0,0.0,0.0,0.0,0,0,0,0
1994-09-06,0.0,0.0,0.0,0.0,0.0,0.0,0.0,0.0,0.0,0.0,0.0,0.0,0.0,0.0,0.0,0.0,0,0,0,0
1994-09-07,0.0,0.0,0.0,0.0,0.0,0.0,0.0,0.0,0.0,0.0,0.0,0.0,0.0,0.0,0.0,0.0,0,0,0,0
1994-09-08,0.0,0.0,0.0,0.0,0.0,0.0,0.0,0.0,0.0,0.0,0.0,0.0,0.0,0.0,0.0,0.0,0,0,0,0
1994-09-09,0.0,0.0,0.0,0.0,0.0,0.0,0.0,0.0,0.0,0.0,0.0,0.0,0.0,0.0,0.0,0.0,0,0,0,0
1994-09-10,0.0,0.0,0.0,0.0,0.0,0.0,0.0,0.0,0.0,0.0,0.0,0.0,0.0,0.0,0.0,0.0,0,0,0,0
1994-09-12,0.0,0.0,0.0,0.0,0.0,0.0,0.0,0.0,0.0,0.0,0.0,0.0,0.0,0.0,0.0,0.0,0,0,0,0
1994-09-13,0.0,0.0,0.0,0.0,0.0,0.0,0.0,0.0,0.0,0.0,0.0,0.0,0.0,0.0,0.0,0.0,0,0,0,0
1994-09-14,0.0,0.0,0.0,0.0,0.0,0.0,0.0,0.0,0.0,0.0,0.0,0.0,0.0,0.0,0.0,0.0,0,0,0,0
1994-09-15,0.0,0.0,0.0,0.0,0.0,0.0,0.0,0.0,0.0,0.0,0.0,0.0,0.0,0.0,0.0,0.0,0,0,0,0
1994-09-16,0.0,0.0,0.0,0.0,0.0,0.0,0.0,0.0,0.0,0.0,0.0,0.0,0.0,0.0,0.0,0.0,0,0,0,0
1994-09-17,0.0,0.0,0.0,0.0,0.0,0.0,0.0,0.0,0.0,0.0,0.0,0.0,0.0,0.0,0.0,0.0,0,0,0,0
1994-09-21,0.0,0.0,0.0,0.0,0.0,0.0,0.0,0.0,0.0,0.0,0.0,0.0,0.0,0.0,0.0,0.0,0,0,0,0
1994-09-22,0.0,0.0,0.0,0.0,0.0,0.0,0.0,0.0,0.0,0.0,0.0,0.0,0.0,0.0,0.0,0.0,0,0,0,0
1994-09-23,0.0,0.0,0.0,0.0,0.0,0.0,0.0,0.0,0.0,0.0,0.0,0.0,0.0,0.0,0.0,0.0,0,0,0,0
1994-09-24,0.0,0.0,0.0,0.0,0.0,0.0,0.0,0.0,0.0,0.0,0.0,0.0,0.0,0.0,0.0,0.0,0,0,0,0
1994-09-26,0.0,0.0,0.0,0.0,0.0,0.0,0.0,0.0,0.0,0.0,0.0,0.0,0.0,0.0,0.0,0.0,0,0,0,0
1994-09-27,0.0,0.0,0.0,0.0,0.0,0.0,0.0,0.0,0.0,0.0,0.0,0.0,0.0,0.0,0.0,0.0,0,0,0,0
1994-09-29,0.0,0.0,0.0,0.0,0.0,0.0,0.0,0.0,0.0,0.0,0.0,0.0,0.0,0.0,0.0,0.0,0,0,0,0
1994-09-30,0.0,0.0,0.0,0.0,0.0,0.0,0.0,0.0,0.0,0.0,0.0,0.0,0.0,0.0,0.0,0.0,0,0,0,0
1994-10-01,0.0,0.0,0.0,0.0,0.0,0.0,0.0,0.0,0.0,0.0,0.0,0.0,0.0,0.0,0.0,0.0,0,0,0,0
1994-10-03,0.0,0.0,0.0,0.0,0.0,0.0,0.0,0.0,0.0,0.0,0.0,0.0,0.0,0.0,0.0,0.0,0,0,0,0
1994-10-04,0.0,0.0,0.0,0.0,0.0,0.0,0.0,0.0,0.0,0.0,0.0,0.0,0.0,0.0,0.0,0.0,0,0,0,0
1994-10-05,0.0,0.0,0.0,0.0,0.0,0.0,0.0,0.0,0.0,0.0,0.0,0.0,0.0,0.0,0.0,0.0,0,0,0,0
1994-10-06,0.0,0.0,0.0,0.0,0.0,0.0,0.0,0.0,0.0,0.0,0.0,0.0,0.0,0.0,0.0,0.0,0,0,0,0
1994-10-07,0.0,0.0,0.0,0.0,0.0,0.0,0.0,0.0,0.0,0.0,0.0,0.0,0.0,0.0,0.0,0.0,0,0,0,0
1994-10-08,0.0,0.0,0.0,0.0,0.0,0.0,0.0,0.0,0.0,0.0,0.0,0.0,0.0,0.0,0.0,0.0,0,0,0,0
1994-10-11,0.0,0.0,0.0,0.0,0.0,0.0,0.0,0.0,0.0,0.0,0.0,0.0,0.0,0.0,0.0,0.0,0,0,0,0
1994-10-12,0.0,0.0,0.0,0.0,0.0,0.0,0.0,0.0,0.0,0.0,0.0,0.0,0.0,0.0,0.0,0.0,0,0,0,0
1994-10-13,0.0,0.0,0.0,0.0,0.0,0.0,0.0,0.0,0.0,0.0,0.0,0.0,0.0,0.0,0.0,0.0,0,0,0,0
1994-10-14,0.0,0.0,0.0,0.0,0.0,0.0,0.0,0.0,0.0,0.0,0.0,0.0,0.0,0.0,0.0,0.0,0,0,0,0
1994-10-15,0.0,0.0,0.0,0.0,0.0,0.0,0.0,0.0,0.0,0.0,0.0,0.0,0.0,0.0,0.0,0.0,0,0,0,0
1994-10-17,0.0,0.0,0.0,0.0,0.0,0.0,0.0,0.0,0.0,0.0,0.0,0.0,0.0,0.0,0.0,0.0,0,0,0,0
1994-10-18,0.0,0.0,0.0,0.0,0.0,0.0,0.0,0.0,0.0,0.0,0.0,0.0,0.0,0.0,0.0,0.0,0,0,0,0
1994-10-19,0.0,0.0,0.0,0.0,0.0,0.0,0.0,0.0,0.0,0.0,0.0,0.0,0.0,0.0,0.0,0.0,0,0,0,0
1994-10-20,0.0,0.0,0.0,0.0,0.0,0.0,0.0,0.0,0.0,0.0,0.0,0.0,0.0,0.0,0.0,0.0,0,0,0,0
1994-10-21,0.0,0.0,0.0,0.0,0.0,0.0,0.0,0.0,0.0,0.0,0.0,0.0,0.0,0.0,0.0,0.0,0,0,0,0
1994-10-22,0.0,0.0,0.0,0.0,0.0,0.0,0.0,0.0,0.0,0.0,0.0,0.0,0.0,0.0,0.0,0.0,0,0,0,0
1994-10-24,0.0,0.0,0.0,0.0,0.0,0.0,0.0,0.0,0.0,0.0,0.0,0.0,0.0,0.0,0.0,0.0,0,0,0,0
1994-10-26,0.0,0.0,0.0,0.0,0.0,0.0,0.0,0.0,0.0,0.0,0.0,0.0,0.0,0.0,0.0,0.0,0,0,0,0
1994-10-27,0.0,0.0,0.0,0.0,0.0,0.0,0.0,0.0,0.0,0.0,0.0,0.0,0.0,0.0,0.0,0.0,0,0,0,0
1994-10-28,0.0,0.0,0.0,0.0,0.0,0.0,0.0,0.0,0.0,0.0,0.0,0.0,0.0,0.0,0.0,0.0,0,0,0,0
1994-10-29,0.0,0.0,0.0,0.0,0.0,0.0,0.0,0.0,0.0,0.0,0.0,0.0,0.0,0.0,0.0,0.0,0,0,0,0
1994-11-01,0.0,0.0,0.0,0.0,0.0,0.0,0.0,0.0,0.0,0.0,0.0,0.0,0.0,0.0,0.0,0.0,0,0,0,0
1994-11-02,0.0,0.0,0.0,0.0,0.0,0.0,0.0,0.0,0.0,0.0,0.0,0.0,0.0,0.0,0.0,0.0,0,0,0,0
1994-11-03,0.0,0.0,0.0,0.0,0.0,0.0,0.0,0.0,0.0,0.0,0.0,0.0,0.0,0.0,0.0,0.0,0,0,0,0
1994-11-04,0.0,0.0,0.0,0.0,0.0,0.0,0.0,0.0,0.0,0.0,0.0,0.0,0.0,0.0,0.0,0.0,0,0,0,0
1994-11-05,0.0,0.0,0.0,0.0,0.0,0.0,0.0,0.0,0.0,0.0,0.0,0.0,0.0,0.0,0.0,0.0,0,0,0,0
1994-11-07,0.0,0.0,0.0,0.0,0.0,0.0,0.0,0.0,0.0,0.0,0.0,0.0,0.0,0.0,0.0,0.0,0,0,0,0
1994-11-08,0.0,0.0,0.0,0.0,0.0,0.0,0.0,0.0,0.0,0.0,0.0,0.0,0.0,0.0,0.0,0.0,0,0,0,0
1994-11-09,0.0,0.0,0.0,0.0,0.0,0.0,0.0,0.0,0.0,0.0,0.0,0.0,0.0,0.0,0.0,0.0,0,0,0,0
1994-11-10,0.0,0.0,0.0,0.0,0.0,0.0,0.0,0.0,0.0,0.0,0.0,0.0,0.0,0.0,0.0,0.0,0,0,0,0
1994-11-11,0.0,0.0,0.0,0.0,0.0,0.0,0.0,0.0,0.0,0.0,0.0,0.0,0.0,0.0,0.0,0.0,0,0,0,0
1994-11-14,0.0,0.0,0.0,0.0,0.0,0.0,0.0,0.0,0.0,0.0,0.0,0.0,0.0,0.0,0.0,0.0,0,0,0,0
1994-11-15,0.0,0.0,0.0,0.0,0.0,0.0,0.0,0.0,0.0,0.0,0.0,0.0,0.0,0.0,0.0,0.0,0,0,0,0
1994-11-16,0.0,0.0,0.0,0.0,0.0,0.0,0.0,0.0,0.0,0.0,0.0,0.0,0.0,0.0,0.0,0.0,0,0,0,0
1994-11-17,0.0,0.0,0.0,0.0,0.0,0.0,0.0,0.0,0.0,0.0,0.0,0.0,0.0,0.0,0.0,0.0,0,0,0,0
1994-11-18,0.0,0.0,0.0,0.0,0.0,0.0,0.0,0.0,0.0,0.0,0.0,0.0,0.0,0.0,0.0,0.0,0,0,0,0
1994-11-19,0.0,0.0,0.0,0.0,0.0,0.0,0.0,0.0,0.0,0.0,0.0,0.0,0.0,0.0,0.0,0.0,0,0,0,0
1994-11-21,0.0,0.0,0.0,0.0,0.0,0.0,0.0,0.0,0.0,0.0,0.0,0.0,0.0,0.0,0.0,0.0,0,0,0,0
1994-11-22,0.0,0.0,0.0,0.0,0.0,0.0,0.0,0.0,0.0,0.0,0.0,0.0,0.0,0.0,0.0,0.0,0,0,0,0
1994-11-23,0.0,0.0,0.0,0.0,0.0,0.0,0.0,0.0,0.0,0.0,0.0,0.0,0.0,0.0,0.0,0.0,0,0,0,0
1994-11-24,0.0,0.0,0.0,0.0,0.0,0.0,0.0,0.0,0.0,0.0,0.0,0.0,0.0,0.0,0.0,0.0,0,0,0,0
1994-11-25,0.0,0.0,0.0,0.0,0.0,0.0,0.0,0.0,0.0,0.0,0.0,0.0,0.0,0.0,0.0,0.0,0,0,0,0
1994-11-26,0.0,0.0,0.0,0.0,0.0,0.0,0.0,0.0,0.0,0.0,0.0,0.0,0.0,0.0,0.0,0.0,0,0,0,0
1994-11-28,0.0,0.0,0.0,0.0,0.0,0.0,0.0,0.0,0.0,0.0,0.0,0.0,0.0,0.0,0.0,0.0,0,0,0,0
1994-11-29,0.0,0.0,0.0,0.0,0.0,0.0,0.0,0.0,0.0,0.0,0.0,0.0,0.0,0.0,0.0,0.0,0,0,0,0
1994-11-30,0.0,0.0,0.0,0.0,0.0,0.0,0.0,0.0,0.0,0.0,0.0,0.0,0.0,0.0,0.0,0.0,0,0,0,0
1994-12-01,0.0,0.0,0.0,0.0,0.0,0.0,0.0,0.0,0.0,0.0,0.0,0.0,0.0,0.0,0.0,0.0,0,0,0,0
1994-12-02,0.0,0.0,0.0,0.0,0.0,0.0,0.0,0.0,0.0,0.0,0.0,0.0,0.0,0.0,0.0,0.0,0,0,0,0
1994-12-05,0.0,0.0,0.0,0.0,0.0,0.0,0.0,0.0,0.0,0.0,0.0,0.0,0.0,0.0,0.0,0.0,0,0,0,0
1994-12-06,0.0,0.0,0.0,0.0,0.0,0.0,0.0,0.0,0.0,0.0,0.0,0.0,0.0,0.0,0.0,0.0,0,0,0,0
1994-12-07,0.0,0.0,0.0,0.0,0.0,0.0,0.0,0.0,0.0,0.0,0.0,0.0,0.0,0.0,0.0,0.0,0,0,0,0
1994-12-08,0.0,0.0,0.0,0.0,0.0,0.0,0.0,0.0,0.0,0.0,0.0,0.0,0.0,0.0,0.0,0.0,0,0,0,0
1994-12-09,0.0,0.0,0.0,0.0,0.0,0.0,0.0,0.0,0.0,0.0,0.0,0.0,0.0,0.0,0.0,0.0,0,0,0,0
1994-12-10,0.0,0.0,0.0,0.0,0.0,0.0,0.0,0.0,0.0,0.0,0.0,0.0,0.0,0.0,0.0,0.0,0,0,0,0
1994-12-12,0.0,0.0,0.0,0.0,0.0,0.0,0.0,0.0,0.0,0.0,0.0,0.0,0.0,0.0,0.0,0.0,0,0,0,0
1994-12-13,0.0,0.0,0.0,0.0,0.0,0.0,0.0,0.0,0.0,0.0,0.0,0.0,0.0,0.0,0.0,0.0,0,0,0,0
1994-12-14,0.0,0.0,0.0,0.0,0.0,0.0,0.0,0.0,0.0,0.0,0.0,0.0,0.0,0.0,0.0,0.0,0,0,0,0
1994-12-15,0.0,0.0,0.0,0.0,0.0,0.0,0.0,0.0,0.0,0.0,0.0,0.0,0.0,0.0,0.0,0.0,0,0,0,0
1994-12-16,0.0,0.0,0.0,0.0,0.0,0.0,0.0,0.0,0.0,0.0,0.0,0.0,0.0,0.0,0.0,0.0,0,0,0,0
1994-12-17,0.0,0.0,0.0,0.0,0.0,0.0,0.0,0.0,0.0,0.0,0.0,0.0,0.0,0.0,0.0,0.0,0,0,0,0
1994-12-19,0.0,0.0,0.0,0.0,0.0,0.0,0.0,0.0,0.0,0.0,0.0,0.0,0.0,0.0,0.0,0.0,0,0,0,0
1994-12-20,0.0,0.0,0.0,0.0,0.0,0.0,0.0,0.0,0.0,0.0,0.0,0.0,0.0,0.0,0.0,0.0,0,0,0,0
1994-12-21,0.0,0.0,0.0,0.0,0.0,0.0,0.0,0.0,0.0,0.0,0.0,0.0,0.0,0.0,0.0,0.0,0,0,0,0
1994-12-22,0.0,0.0,0.0,0.0,0.0,0.0,0.0,0.0,0.0,0.0,0.0,0.0,0.0,0.0,0.0,0.0,0,0,0,0
1994-12-23,0.0,0.0,0.0,0.0,0.0,0.0,0.0,0.0,0.0,0.0,0.0,0.0,0.0,0.0,0.0,0.0,0,0,0,0
1994-12-24,0.0,0.0,0.0,0.0,0.0,0.0,0.0,0.0,0.0,0.0,0.0,0.0,0.0,0.0,0.0,0.0,0,0,0,0
1994-12-27,0.0,0.0,0.0,0.0,0.0,0.0,0.0,0.0,0.0,0.0,0.0,0.0,0.0,0.0,0.0,0.0,0,0,0,0
1994-12-28,0.0,0.0,0.0,0.0,0.0,0.0,0.0,0.0,0.0,0.0,0.0,0.0,0.0,0.0,0.0,0.0,0,0,0,0
1994-12-29,0.0,0.0,0.0,0.0,0.0,0.0,0.0,0.0,0.0,0.0,0.0,0.0,0.0,0.0,0.0,0.0,0,0,0,0
1994-12-30,0.0,0.0,0.0,0.0,0.0,0.0,0.0,0.0,0.0,0.0,0.0,0.0,0.0,0.0,0.0,0.0,0,0,0,0
1994-12-31,0.0,0.0,0.0,0.0,0.0,0.0,0.0,0.0,0.0,0.0,0.0,0.0,0.0,0.0,0.0,0.0,0,0,0,0
1995-01-05,0.0,0.0,0.0,0.0,0.0,0.0,0.0,0.0,0.0,0.0,0.0,0.0,0.0,0.0,0.0,0.0,0,0,0,0
1995-01-06,0.0,0.0,0.0,0.0,0.0,0.0,0.0,0.0,0.0,0.0,0.0,0.0,0.0,0.0,0.0,0.0,0,0,0,0
1995-01-07,0.0,0.0,0.0,0.0,0.0,0.0,0.0,0.0,0.0,0.0,0.0,0.0,0.0,0.0,0.0,0.0,0,0,0,0
1995-01-09,0.0,0.0,0.0,0.0,0.0,0.0,0.0,0.0,0.0,0.0,0.0,0.0,0.0,0.0,0.0,0.0,0,0,0,0
1995-01-10,0.0,0.0,0.0,0.0,0.0,0.0,0.0,0.0,0.0,0.0,0.0,0.0,0.0,0.0,0.0,0.0,0,0,0,0
1995-01-11,0.0,0.0,0.0,0.0,0.0,0.0,0.0,0.0,0.0,0.0,0.0,0.0,0.0,0.0,0.0,0.0,0,0,0,0
1995-01-12,0.0,0.0,0.0,0.0,0.0,0.0,0.0,0.0,0.0,0.0,0.0,0.0,0.0,0.0,0.0,0.0,0,0,0,0
1995-01-13,0.0,0.0,0.0,0.0,0.0,0.0,0.0,0.0,0.0,0.0,0.0,0.0,0.0,0.0,0.0,0.0,0,0,0,0
1995-01-14,0.0,0.0,0.0,0.0,0.0,0.0,0.0,0.0,0.0,0.0,0.0,0.0,0.0,0.0,0.0,0.0,0,0,0,0
1995-01-16,0.0,0.0,0.0,0.0,0.0,0.0,0.0,0.0,0.0,0.0,0.0,0.0,0.0,0.0,0.0,0.0,0,0,0,0
1995-01-17,0.0,0.0,0.0,0.0,0.0,0.0,0.0,0.0,0.0,0.0,0.0,0.0,0.0,0.0,0.0,0.0,0,0,0,0
1995-01-18,0.0,0.0,0.0,0.0,0.0,0.0,0.0,0.0,0.0,0.0,0.0,0.0,0.0,0.0,0.0,0.0,0,0,0,0
1995-01-19,0.0,0.0,0.0,0.0,0.0,0.0,0.0,0.0,0.0,0.0,0.0,0.0,0.0,0.0,0.0,0.0,0,0,0,0
1995-01-20,0.0,0.0,0.0,0.0,0.0,0.0,0.0,0.0,0.0,0.0,0.0,0.0,0.0,0.0,0.0,0.0,0,0,0,0
1995-01-21,0.0,0.0,0.0,0.0,0.0,0.0,0.0,0.0,0.0,0.0,0.0,0.0,0.0,0.0,0.0,0.0,0,0,0,0
1995-01-23,0.0,0.0,0.0,0.0,0.0,0.0,0.0,0.0,0.0,0.0,0.0,0.0,0.0,0.0,0.0,0.0,0,0,0,0
1995-01-24,0.0,0.0,0.0,0.0,0.0,0.0,0.0,0.0,0.0,0.0,0.0,0.0,0.0,0.0,0.0,0.0,0,0,0,0
1995-01-25,0.0,0.0,0.0,0.0,0.0,0.0,0.0,0.0,0.0,0.0,0.0,0.0,0.0,0.0,0.0,0.0,0,0,0,0
1995-01-26,0.0,0.0,0.0,0.0,0.0,0.0,0.0,0.0,0.0,0.0,0.0,0.0,0.0,0.0,0.0,0.0,0,0,0,0
1995-02-04,0.0,0.0,0.0,0.0,0.0,0.0,0.0,0.0,0.0,0.0,0.0,0.0,0.0,0.0,0.0,0.0,0,0,0,0
1995-02-06,0.0,0.0,0.0,0.0,0.0,0.0,0.0,0.0,0.0,0.0,0.0,0.0,0.0,0.0,0.0,0.0,0,0,0,0
1995-02-07,0.0,0.0,0.0,0.0,0.0,0.0,0.0,0.0,0.0,0.0,0.0,0.0,0.0,0.0,0.0,0.0,0,0,0,0
1995-02-08,0.0,0.0,0.0,0.0,0.0,0.0,0.0,0.0,0.0,0.0,0.0,0.0,0.0,0.0,0.0,0.0,0,0,0,0
1995-02-09,0.0,0.0,0.0,0.0,0.0,0.0,0.0,0.0,0.0,0.0,0.0,0.0,0.0,0.0,0.0,0.0,0,0,0,0
1995-02-10,0.0,0.0,0.0,0.0,0.0,0.0,0.0,0.0,0.0,0.0,0.0,0.0,0.0,0.0,0.0,0.0,0,0,0,0
1995-02-11,0.0,0.0,0.0,0.0,0.0,0.0,0.0,0.0,0.0,0.0,0.0,0.0,0.0,0.0,0.0,0.0,0,0,0,0
1995-02-13,0.0,0.0,0.0,0.0,0.0,0.0,0.0,0.0,0.0,0.0,0.0,0.0,0.0,0.0,0.0,0.0,0,0,0,0
1995-02-14,0.0,0.0,0.0,0.0,0.0,0.0,0.0,0.0,0.0,0.0,0.0,0.0,0.0,0.0,0.0,0.0,0,0,0,0
1995-02-15,0.0,0.0,0.0,0.0,0.0,0.0,0.0,0.0,0.0,0.0,0.0,0.0,0.0,0.0,0.0,0.0,0,0,0,0
1995-02-16,0.0,0.0,0.0,0.0,0.0,0.0,0.0,0.0,0.0,0.0,0.0,0.0,0.0,0.0,0.0,0.0,0,0,0,0
1995-02-17,0.0,0.0,0.0,0.0,0.0,0.0,0.0,0.0,0.0,0.0,0.0,0.0,0.0,0.0,0.0,0.0,0,0,0,0
1995-02-18,0.0,0.0,0.0,0.0,0.0,0.0,0.0,0.0,0.0,0.0,0.0,0.0,0.0,0.0,0.0,0.0,0,0,0,0
1995-02-20,0.0,0.0,0.0,0.0,0.0,0.0,0.0,0.0,0.0,0.0,0.0,0.0,0.0,0.0,0.0,0.0,0,0,0,0
1995-02-21,0.0,0.0,0.0,0.0,0.0,0.0,0.0,0.0,0.0,0.0,0.0,0.0,0.0,0.0,0.0,0.0,0,0,0,0
1995-02-22,0.0,0.0,0.0,0.0,0.0,0.0,0.0,0.0,0.0,0.0,0.0,0.0,0.0,0.0,0.0,0.0,0,0,0,0
1995-02-23,0.0,0.0,0.0,0.0,0.0,0.0,0.0,0.0,0.0,0.0,0.0,0.0,0.0,0.0,0.0,0.0,0,0,0,0
1995-02-24,0.0,0.0,0.0,0.0,0.0,0.0,0.0,0.0,0.0,0.0,0.0,0.0,0.0,0.0,0.0,0.0,0,0,0,0
1995-02-25,0.0,0.0,0.0,0.0,0.0,0.0,0.0,0.0,0.0,0.0,0.0,0.0,0.0,0.0,0.0,0.0,0,0,0,0
1995-02-27,0.0,0.0,0.0,0.0,0.0,0.0,0.0,0.0,0.0,0.0,0.0,0.0,0.0,0.0,0.0,0.0,0,0,0,0
1995-02-28,0.0,0.0,0.0,0.0,0.0,0.0,0.0,0.0,0.0,0.0,0.0,0.0,0.0,0.0,0.0,0.0,0,0,0,0
1995-03-01,0.0,0.0,0.0,0.0,0.0,0.0,0.0,0.0,0.0,0.0,0.0,0.0,0.0,0.0,0.0,0.0,0,0,0,0
1995-03-02,0.0,0.0,0.0,0.0,0.0,0.0,0.0,0.0,0.0,0.0,0.0,0.0,0.0,0.0,0.0,0.0,0,0,0,0
1995-03-03,0.0,0.0,0.0,0.0,0.0,0.0,0.0,0.0,0.0,0.0,0.0,0.0,0.0,0.0,0.0,0.0,0,0,0,0
1995-03-04,0.0,0.0,0.0,0.0,0.0,0.0,0.0,0.0,0.0,0.0,0.0,0.0,0.0,0.0,0.0,0.0,0,0,0,0
1995-03-06,0.0,0.0,0.0,0.0,0.0,0.0,0.0,0.0,0.0,0.0,0.0,0.0,0.0,0.0,0.0,0.0,0,0,0,0
1995-03-07,0.0,0.0,0.0,0.0,0.0,0.0,0.0,0.0,0.0,0.0,0.0,0.0,0.0,0.0,0.0,0.0,0,0,0,0
1995-03-08,0.0,0.0,0.0,0.0,0.0,0.0,0.0,0.0,0.0,0.0,0.0,0.0,0.0,0.0,0.0,0.0,0,0,0,0
1995-03-09,0.0,0.0,0.0,0.0,0.0,0.0,0.0,0.0,0.0,0.0,0.0,0.0,0.0,0.0,0.0,0.0,0,0,0,0
1995-03-10,0.0,0.0,0.0,0.0,0.0,0.0,0.0,0.0,0.0,0.0,0.0,0.0,0.0,0.0,0.0,0.0,0,0,0,0
1995-03-11,0.0,0.0,0.0,0.0,0.0,0.0,0.0,0.0,0.0,0.0,0.0,0.0,0.0,0.0,0.0,0.0,0,0,0,0
1995-03-13,0.0,0.0,0.0,0.0,0.0,0.0,0.0,0.0,0.0,0.0,0.0,0.0,0.0,0.0,0.0,0.0,0,0,0,0
1995-03-14,0.0,0.0,0.0,0.0,0.0,0.0,0.0,0.0,0.0,0.0,0.0,0.0,0.0,0.0,0.0,0.0,0,0,0,0
1995-03-15,0.0,0.0,0.0,0.0,0.0,0.0,0.0,0.0,0.0,0.0,0.0,0.0,0.0,0.0,0.0,0.0,0,0,0,0
1995-03-16,0.0,0.0,0.0,0.0,0.0,0.0,0.0,0.0,0.0,0.0,0.0,0.0,0.0,0.0,0.0,0.0,0,0,0,0
1995-03-17,0.0,0.0,0.0,0.0,0.0,0.0,0.0,0.0,0.0,0.0,0.0,0.0,0.0,0.0,0.0,0.0,0,0,0,0
1995-03-18,0.0,0.0,0.0,0.0,0.0,0.0,0.0,0.0,0.0,0.0,0.0,0.0,0.0,0.0,0.0,0.0,0,0,0,0
1995-03-20,0.0,0.0,0.0,0.0,0.0,0.0,0.0,0.0,0.0,0.0,0.0,0.0,0.0,0.0,0.0,0.0,0,0,0,0
1995-03-21,0.0,0.0,0.0,0.0,0.0,0.0,0.0,0.0,0.0,0.0,0.0,0.0,0.0,0.0,0.0,0.0,0,0,0,0
1995-03-22,0.0,0.0,0.0,0.0,0.0,0.0,0.0,0.0,0.0,0.0,0.0,0.0,0.0,0.0,0.0,0.0,0,0,0,0
1995-03-23,0.0,0.0,0.0,0.0,0.0,0.0,0.0,0.0,0.0,0.0,0.0,0.0,0.0,0.0,0.0,0.0,0,0,0,0
1995-03-24,0.0,0.0,0.0,0.0,0.0,0.0,0.0,0.0,0.0,0.0,0.0,0.0,0.0,0.0,0.0,0.0,0,0,0,0
1995-03-25,0.0,0.0,0.0,0.0,0.0,0.0,0.0,0.0,0.0,0.0,0.0,0.0,0.0,0.0,0.0,0.0,0,0,0,0
1995-03-27,0.0,0.0,0.0,0.0,0.0,0.0,0.0,0.0,0.0,0.0,0.0,0.0,0.0,0.0,0.0,0.0,0,0,0,0
1995-03-28,0.0,0.0,0.0,0.0,0.0,0.0,0.0,0.0,0.0,0.0,0.0,0.0,0.0,0.0,0.0,0.0,0,0,0,0
1995-03-30,0.0,0.0,0.0,0.0,0.0,0.0,0.0,0.0,0.0,0.0,0.0,0.0,0.0,0.0,0.0,0.0,0,0,0,0
1995-03-31,0.0,0.0,0.0,0.0,0.0,0.0,0.0,0.0,0.0,0.0,0.0,0.0,0.0,0.0,0.0,0.0,0,0,0,0
1995-04-01,0.0,0.0,0.0,0.0,0.0,0.0,0.0,0.0,0.0,0.0,0.0,0.0,0.0,0.0,0.0,0.0,0,0,0,0
1995-04-06,0.0,0.0,0.0,0.0,0.0,0.0,0.0,0.0,0.0,0.0,0.0,0.0,0.0,0.0,0.0,0.0,0,0,0,0
1995-04-07,0.0,0.0,0.0,0.0,0.0,0.0,0.0,0.0,0.0,0.0,0.0,0.0,0.0,0.0,0.0,0.0,0,0,0,0
1995-04-08,0.0,0.0,0.0,0.0,0.0,0.0,0.0,0.0,0.0,0.0,0.0,0.0,0.0,0.0,0.0,0.0,0,0,0,0
1995-04-10,0.0,0.0,0.0,0.0,0.0,0.0,0.0,0.0,0.0,0.0,0.0,0.0,0.0,0.0,0.0,0.0,0,0,0,0
1995-04-11,0.0,0.0,0.0,0.0,0.0,0.0,0.0,0.0,0.0,0.0,0.0,0.0,0.0,0.0,0.0,0.0,0,0,0,0
1995-04-12,0.0,0.0,0.0,0.0,0.0,0.0,0.0,0.0,0.0,0.0,0.0,0.0,0.0,0.0,0.0,0.0,0,0,0,0
1995-04-13,0.0,0.0,0.0,0.0,0.0,0.0,0.0,0.0,0.0,0.0,0.0,0.0,0.0,0.0,0.0,0.0,0,0,0,0
1995-04-14,0.0,0.0,0.0,0.0,0.0,0.0,0.0,0.0,0.0,0.0,0.0,0.0,0.0,0.0,0.0,0.0,0,0,0,0
1995-04-15,0.0,0.0,0.0,0.0,0.0,0.0,0.0,0.0,0.0,0.0,0.0,0.0,0.0,0.0,0.0,0.0,0,0,0,0
1995-04-17,0.0,0.0,0.0,0.0,0.0,0.0,0.0,0.0,0.0,0.0,0.0,0.0,0.0,0.0,0.0,0.0,0,0,0,0
1995-04-18,0.0,0.0,0.0,0.0,0.0,0.0,0.0,0.0,0.0,0.0,0.0,0.0,0.0,0.0,0.0,0.0,0,0,0,0
1995-04-19,0.0,0.0,0.0,0.0,0.0,0.0,0.0,0.0,0.0,0.0,0.0,0.0,0.0,0.0,0.0,0.0,0,0,0,0
1995-04-20,0.0,0.0,0.0,0.0,0.0,0.0,0.0,0.0,0.0,0.0,0.0,0.0,0.0,0.0,0.0,0.0,0,0,0,0
1995-04-21,0.0,0.0,0.0,0.0,0.0,0.0,0.0,0.0,0.0,0.0,0.0,0.0,0.0,0.0,0.0,0.0,0,0,0,0
1995-04-22,0.0,0.0,0.0,0.0,0.0,0.0,0.0,0.0,0.0,0.0,0.0,0.0,0.0,0.0,0.0,0.0,0,0,0,0
1995-04-24,0.0,0.0,0.0,0.0,0.0,0.0,0.0,0.0,0.0,0.0,0.0,0.0,0.0,0.0,0.0,0.0,0,0,0,0
1995-04-25,0.0,0.0,0.0,0.0,0.0,0.0,0.0,0.0,0.0,0.0,0.0,0.0,0.0,0.0,0.0,0.0,0,0,0,0
1995-04-26,0.0,0.0,0.0,0.0,0.0,0.0,0.0,0.0,0.0,0.0,0.0,0.0,0.0,0.0,0.0,0.0,0,0,0,0
1995-04-27,0.0,0.0,0.0,0.0,0.0,0.0,0.0,0.0,0.0,0.0,0.0,0.0,0.0,0.0,0.0,0.0,0,0,0,0
1995-04-28,0.0,0.0,0.0,0.0,0.0,0.0,0.0,0.0,0.0,0.0,0.0,0.0,0.0,0.0,0.0,0.0,0,0,0,0
1995-04-29,0.0,0.0,0.0,0.0,0.0,0.0,0.0,0.0,0.0,0.0,0.0,0.0,0.0,0.0,0.0,0.0,0,0,0,0
1995-05-01,0.0,0.0,0.0,0.0,0.0,0.0,0.0,0.0,0.0,0.0,0.0,0.0,0.0,0.0,0.0,0.0,0,0,0,0
1995-05-02,0.0,0.0,0.0,0.0,0.0,0.0,0.0,0.0,0.0,0.0,0.0,0.0,0.0,0.0,0.0,0.0,0,0,0,0
1995-05-03,0.0,0.0,0.0,0.0,0.0,0.0,0.0,0.0,0.0,0.0,0.0,0.0,0.0,0.0,0.0,0.0,0,0,0,0
1995-05-04,0.0,0.0,0.0,0.0,0.0,0.0,0.0,0.0,0.0,0.0,0.0,0.0,0.0,0.0,0.0,0.0,0,0,0,0
1995-05-05,0.0,0.0,0.0,0.0,0.0,0.0,0.0,0.0,0.0,0.0,0.0,0.0,0.0,0.0,0.0,0.0,0,0,0,0
1995-05-06,0.0,0.0,0.0,0.0,0.0,0.0,0.0,0.0,0.0,0.0,0.0,0.0,0.0,0.0,0.0,0.0,0,0,0,0
1995-05-08,0.0,0.0,0.0,0.0,0.0,0.0,0.0,0.0,0.0,0.0,0.0,0.0,0.0,0.0,0.0,0.0,0,0,0,0
1995-05-09,0.0,0.0,0.0,0.0,0.0,0.0,0.0,0.0,0.0,0.0,0.0,0.0,0.0,0.0,0.0,0.0,0,0,0,0
1995-05-10,0.0,0.0,0.0,0.0,0.0,0.0,0.0,0.0,0.0,0.0,0.0,0.0,0.0,0.0,0.0,0.0,0,0,0,0
1995-05-11,0.0,0.0,0.0,0.0,0.0,0.0,0.0,0.0,0.0,0.0,0.0,0.0,0.0,0.0,0.0,0.0,0,0,0,0
1995-05-12,0.0,0.0,0.0,0.0,0.0,0.0,0.0,0.0,0.0,0.0,0.0,0.0,0.0,0.0,0.0,0.0,0,0,0,0
1995-05-13,0.0,0.0,0.0,0.0,0.0,0.0,0.0,0.0,0.0,0.0,0.0,0.0,0.0,0.0,0.0,0.0,0,0,0,0
1995-05-15,0.0,0.0,0.0,0.0,0.0,0.0,0.0,0.0,0.0,0.0,0.0,0.0,0.0,0.0,0.0,0.0,0,0,0,0
1995-05-16,0.0,0.0,0.0,0.0,0.0,0.0,0.0,0.0,0.0,0.0,0.0,0.0,0.0,0.0,0.0,0.0,0,0,0,0
1995-05-17,0.0,0.0,0.0,0.0,0.0,0.0,0.0,0.0,0.0,0.0,0.0,0.0,0.0,0.0,0.0,0.0,0,0,0,0
1995-05-18,0.0,0.0,0.0,0.0,0.0,0.0,0.0,0.0,0.0,0.0,0.0,0.0,0.0,0.0,0.0,0.0,0,0,0,0
1995-05-19,0.0,0.0,0.0,0.0,0.0,0.0,0.0,0.0,0.0,0.0,0.0,0.0,0.0,0.0,0.0,0.0,0,0,0,0
1995-05-20,0.0,0.0,0.0,0.0,0.0,0.0,0.0,0.0,0.0,0.0,0.0,0.0,0.0,0.0,0.0,0.0,0,0,0,0
1995-05-22,0.0,0.0,0.0,0.0,0.0,0.0,0.0,0.0,0.0,0.0,0.0,0.0,0.0,0.0,0.0,0.0,0,0,0,0
1995-05-23,0.0,0.0,0.0,0.0,0.0,0.0,0.0,0.0,0.0,0.0,0.0,0.0,0.0,0.0,0.0,0.0,0,0,0,0
1995-05-24,0.0,0.0,0.0,0.0,0.0,0.0,0.0,0.0,0.0,0.0,0.0,0.0,0.0,0.0,0.0,0.0,0,0,0,0
1995-05-25,0.0,0.0,0.0,0.0,0.0,0.0,0.0,0.0,0.0,0.0,0.0,0.0,0.0,0.0,0.0,0.0,0,0,0,0
1995-05-26,0.0,0.0,0.0,0.0,0.0,0.0,0.0,0.0,0.0,0.0,0.0,0.0,0.0,0.0,0.0,0.0,0,0,0,0
1995-05-27,0.0,0.0,0.0,0.0,0.0,0.0,0.0,0.0,0.0,0.0,0.0,0.0,0.0,0.0,0.0,0.0,0,0,0,0
1995-05-29,0.0,0.0,0.0,0.0,0.0,0.0,0.0,0.0,0.0,0.0,0.0,0.0,0.0,0.0,0.0,0.0,0,0,0,0
1995-05-30,0.0,0.0,0.0,0.0,0.0,0.0,0.0,0.0,0.0,0.0,0.0,0.0,0.0,0.0,0.0,0.0,0,0,0,0
1995-05-31,0.0,0.0,0.0,0.0,0.0,0.0,0.0,0.0,0.0,0.0,0.0,0.0,0.0,0.0,0.0,0.0,0,0,0,0
1995-06-01,0.0,0.0,0.0,0.0,0.0,0.0,0.0,0.0,0.0,0.0,0.0,0.0,0.0,0.0,0.0,0.0,0,0,0,0
1995-06-05,0.0,0.0,0.0,0.0,0.0,0.0,0.0,0.0,0.0,0.0,0.0,0.0,0.0,0.0,0.0,0.0,0,0,0,0
1995-06-06,0.0,0.0,0.0,0.0,0.0,0.0,0.0,0.0,0.0,0.0,0.0,0.0,0.0,0.0,0.0,0.0,0,0,0,0
1995-06-07,0.0,0.0,0.0,0.0,0.0,0.0,0.0,0.0,0.0,0.0,0.0,0.0,0.0,0.0,0.0,0.0,0,0,0,0
1995-06-08,0.0,0.0,0.0,0.0,0.0,0.0,0.0,0.0,0.0,0.0,0.0,0.0,0.0,0.0,0.0,0.0,0,0,0,0
1995-06-09,0.0,0.0,0.0,0.0,0.0,0.0,0.0,0.0,0.0,0.0,0.0,0.0,0.0,0.0,0.0,0.0,0,0,0,0
1995-06-10,0.0,0.0,0.0,0.0,0.0,0.0,0.0,0.0,0.0,0.0,0.0,0.0,0.0,0.0,0.0,0.0,0,0,0,0
1995-06-12,0.0,0.0,0.0,0.0,0.0,0.0,0.0,0.0,0.0,0.0,0.0,0.0,0.0,0.0,0.0,0.0,0,0,0,0
1995-06-13,0.0,0.0,0.0,0.0,0.0,0.0,0.0,0.0,0.0,0.0,0.0,0.0,0.0,0.0,0.0,0.0,0,0,0,0
1995-06-14,0.0,0.0,0.0,0.0,0.0,0.0,0.0,0.0,0.0,0.0,0.0,0.0,0.0,0.0,0.0,0.0,0,0,0,0
1995-06-15,0.0,0.0,0.0,0.0,0.0,0.0,0.0,0.0,0.0,0.0,0.0,0.0,0.0,0.0,0.0,0.0,0,0,0,0
1995-06-16,0.0,0.0,0.0,0.0,0.0,0.0,0.0,0.0,0.0,0.0,0.0,0.0,0.0,0.0,0.0,0.0,0,0,0,0
1995-06-17,0.0,0.0,0.0,0.0,0.0,0.0,0.0,0.0,0.0,0.0,0.0,0.0,0.0,0.0,0.0,0.0,0,0,0,0
1995-06-19,0.0,0.0,0.0,0.0,0.0,0.0,0.0,0.0,0.0,0.0,0.0,0.0,0.0,0.0,0.0,0.0,0,0,0,0
1995-06-20,0.0,0.0,0.0,0.0,0.0,0.0,0.0,0.0,0.0,0.0,0.0,0.0,0.0,0.0,0.0,0.0,0,0,0,0
1995-06-21,0.0,0.0,0.0,0.0,0.0,0.0,0.0,0.0,0.0,0.0,0.0,0.0,0.0,0.0,0.0,0.0,0,0,0,0
1995-06-22,0.0,0.0,0.0,0.0,0.0,0.0,0.0,0.0,0.0,0.0,0.0,0.0,0.0,0.0,0.0,0.0,0,0,0,0
1995-06-23,0.0,0.0,0.0,0.0,0.0,0.0,0.0,0.0,0.0,0.0,0.0,0.0,0.0,0.0,0.0,0.0,0,0,0,0
1995-06-24,0.0,0.0,0.0,0.0,0.0,0.0,0.0,0.0,0.0,0.0,0.0,0.0,0.0,0.0,0.0,0.0,0,0,0,0
1995-06-26,0.0,0.0,0.0,0.0,0.0,0.0,0.0,0.0,0.0,0.0,0.0,0.0,0.0,0.0,0.0,0.0,0,0,0,0
1995-06-27,0.0,0.0,0.0,0.0,0.0,0.0,0.0,0.0,0.0,0.0,0.0,0.0,0.0,0.0,0.0,0.0,0,0,0,0
1995-06-28,0.0,0.0,0.0,0.0,0.0,0.0,0.0,0.0,0.0,0.0,0.0,0.0,0.0,0.0,0.0,0.0,0,0,0,0
1995-06-29,0.0,0.0,0.0,0.0,0.0,0.0,0.0,0.0,0.0,0.0,0.0,0.0,0.0,0.0,0.0,0.0,0,0,0,0
1995-06-30,0.0,0.0,0.0,0.0,0.0,0.0,0.0,0.0,0.0,0.0,0.0,0.0,0.0,0.0,0.0,0.0,0,0,0,0
1995-07-03,0.0,0.0,0.0,0.0,0.0,0.0,0.0,0.0,0.0,0.0,0.0,0.0,0.0,0.0,0.0,0.0,0,0,0,0
1995-07-04,0.0,0.0,0.0,0.0,0.0,0.0,0.0,0.0,0.0,0.0,0.0,0.0,0.0,0.0,0.0,0.0,0,0,0,0
1995-07-05,0.0,0.0,0.0,0.0,0.0,0.0,0.0,0.0,0.0,0.0,0.0,0.0,0.0,0.0,0.0,0.0,0,0,0,0
1995-07-06,0.0,0.0,0.0,0.0,0.0,0.0,0.0,0.0,0.0,0.0,0.0,0.0,0.0,0.0,0.0,0.0,0,0,0,0
1995-07-07,0.0,0.0,0.0,0.0,0.0,0.0,0.0,0.0,0.0,0.0,0.0,0.0,0.0,0.0,0.0,0.0,0,0,0,0
1995-07-08,0.0,0.0,0.0,0.0,0.0,0.0,0.0,0.0,0.0,0.0,0.0,0.0,0.0,0.0,0.0,0.0,0,0,0,0
1995-07-10,0.0,0.0,0.0,0.0,0.0,0.0,0.0,0.0,0.0,0.0,0.0,0.0,0.0,0.0,0.0,0.0,0,0,0,0
1995-07-11,0.0,0.0,0.0,0.0,0.0,0.0,0.0,0.0,0.0,0.0,0.0,0.0,0.0,0.0,0.0,0.0,0,0,0,0
1995-07-12,0.0,0.0,0.0,0.0,0.0,0.0,0.0,0.0,0.0,0.0,0.0,0.0,0.0,0.0,0.0,0.0,0,0,0,0
1995-07-13,0.0,0.0,0.0,0.0,0.0,0.0,0.0,0.0,0.0,0.0,0.0,0.0,0.0,0.0,0.0,0.0,0,0,0,0
1995-07-14,0.0,0.0,0.0,0.0,0.0,0.0,0.0,0.0,0.0,0.0,0.0,0.0,0.0,0.0,0.0,0.0,0,0,0,0
1995-07-15,0.0,0.0,0.0,0.0,0.0,0.0,0.0,0.0,0.0,0.0,0.0,0.0,0.0,0.0,0.0,0.0,0,0,0,0
1995-07-17,0.0,0.0,0.0,0.0,0.0,0.0,0.0,0.0,0.0,0.0,0.0,0.0,0.0,0.0,0.0,0.0,0,0,0,0
1995-07-18,0.0,0.0,0.0,0.0,0.0,0.0,0.0,0.0,0.0,0.0,0.0,0.0,0.0,0.0,0.0,0.0,0,0,0,0
1995-07-19,0.0,0.0,0.0,0.0,0.0,0.0,0.0,0.0,0.0,0.0,0.0,0.0,0.0,0.0,0.0,0.0,0,0,0,0
1995-07-20,0.0,0.0,0.0,0.0,0.0,0.0,0.0,0.0,0.0,0.0,0.0,0.0,0.0,0.0,0.0,0.0,0,0,0,0
1995-07-21,0.0,0.0,0.0,0.0,0.0,0.0,0.0,0.0,0.0,0.0,0.0,0.0,0.0,0.0,0.0,0.0,0,0,0,0
1995-07-22,0.0,0.0,0.0,0.0,0.0,0.0,0.0,0.0,0.0,0.0,0.0,0.0,0.0,0.0,0.0,0.0,0,0,0,0
1995-07-24,0.0,0.0,0.0,0.0,0.0,0.0,0.0,0.0,0.0,0.0,0.0,0.0,0.0,0.0,0.0,0.0,0,0,0,0
1995-07-25,0.0,0.0,0.0,0.0,0.0,0.0,0.0,0.0,0.0,0.0,0.0,0.0,0.0,0.0,0.0,0.0,0,0,0,0
1995-07-26,0.0,0.0,0.0,0.0,0.0,0.0,0.0,0.0,0.0,0.0,0.0,0.0,0.0,0.0,0.0,0.0,0,0,0,0
1995-07-27,0.0,0.0,0.0,0.0,0.0,0.0,0.0,0.0,0.0,0.0,0.0,0.0,0.0,0.0,0.0,0.0,0,0,0,0
1995-07-28,0.0,0.0,0.0,0.0,0.0,0.0,0.0,0.0,0.0,0.0,0.0,0.0,0.0,0.0,0.0,0.0,0,0,0,0
1995-07-29,0.0,0.0,0.0,0.0,0.0,0.0,0.0,0.0,0.0,0.0,0.0,0.0,0.0,0.0,0.0,0.0,0,0,0,0
1995-07-31,0.0,0.0,0.0,0.0,0.0,0.0,0.0,0.0,0.0,0.0,0.0,0.0,0.0,0.0,0.0,0.0,0,0,0,0
1995-08-01,0.0,0.0,0.0,0.0,0.0,0.0,0.0,0.0,0.0,0.0,0.0,0.0,0.0,0.0,0.0,0.0,0,0,0,0
1995-08-02,0.0,0.0,0.0,0.0,0.0,0.0,0.0,0.0,0.0,0.0,0.0,0.0,0.0,0.0,0.0,0.0,0,0,0,0
1995-08-03,0.0,0.0,0.0,0.0,0.0,0.0,0.0,0.0,0.0,0.0,0.0,0.0,0.0,0.0,0.0,0.0,0,0,0,0
1995-08-04,0.0,0.0,0.0,0.0,0.0,0.0,0.0,0.0,0.0,0.0,0.0,0.0,0.0,0.0,0.0,0.0,0,0,0,0
1995-08-05,0.0,0.0,0.0,0.0,0.0,0.0,0.0,0.0,0.0,0.0,0.0,0.0,0.0,0.0,0.0,0.0,0,0,0,0
1995-08-07,0.0,0.0,0.0,0.0,0.0,0.0,0.0,0.0,0.0,0.0,0.0,0.0,0.0,0.0,0.0,0.0,0,0,0,0
1995-08-08,0.0,0.0,0.0,0.0,0.0,0.0,0.0,0.0,0.0,0.0,0.0,0.0,0.0,0.0,0.0,0.0,0,0,0,0
1995-08-09,0.0,0.0,0.0,0.0,0.0,0.0,0.0,0.0,0.0,0.0,0.0,0.0,0.0,0.0,0.0,0.0,0,0,0,0
1995-08-10,0.0,0.0,0.0,0.0,0.0,0.0,0.0,0.0,0.0,0.0,0.0,0.0,0.0,0.0,0.0,0.0,0,0,0,0
1995-08-11,0.0,0.0,0.0,0.0,0.0,0.0,0.0,0.0,0.0,0.0,0.0,0.0,0.0,0.0,0.0,0.0,0,0,0,0
1995-08-12,0.0,0.0,0.0,0.0,0.0,0.0,0.0,0.0,0.0,0.0,0.0,0.0,0.0,0.0,0.0,0.0,0,0,0,0
1995-08-14,0.0,0.0,0.0,0.0,0.0,0.0,0.0,0.0,0.0,0.0,0.0,0.0,0.0,0.0,0.0,0.0,0,0,0,0
1995-08-15,0.0,0.0,0.0,0.0,0.0,0.0,0.0,0.0,0.0,0.0,0.0,0.0,0.0,0.0,0.0,0.0,0,0,0,0
1995-08-16,0.0,0.0,0.0,0.0,0.0,0.0,0.0,0.0,0.0,0.0,0.0,0.0,0.0,0.0,0.0,0.0,0,0,0,0
1995-08-17,0.0,0.0,0.0,0.0,0.0,0.0,0.0,0.0,0.0,0.0,0.0,0.0,0.0,0.0,0.0,0.0,0,0,0,0
1995-08-18,0.0,0.0,0.0,0.0,0.0,0.0,0.0,0.0,0.0,0.0,0.0,0.0,0.0,0.0,0.0,0.0,0,0,0,0
1995-08-19,0.0,0.0,0.0,0.0,0.0,0.0,0.0,0.0,0.0,0.0,0.0,0.0,0.0,0.0,0.0,0.0,0,0,0,0
1995-08-21,0.0,0.0,0.0,0.0,0.0,0.0,0.0,0.0,0.0,0.0,0.0,0.0,0.0,0.0,0.0,0.0,0,0,0,0
1995-08-22,0.0,0.0,0.0,0.0,0.0,0.0,0.0,0.0,0.0,0.0,0.0,0.0,0.0,0.0,0.0,0.0,0,0,0,0
1995-08-23,0.0,0.0,0.0,0.0,0.0,0.0,0.0,0.0,0.0,0.0,0.0,0.0,0.0,0.0,0.0,0.0,0,0,0,0
1995-08-24,0.0,0.0,0.0,0.0,0.0,0.0,0.0,0.0,0.0,0.0,0.0,0.0,0.0,0.0,0.0,0.0,0,0,0,0
1995-08-25,0.0,0.0,0.0,0.0,0.0,0.0,0.0,0.0,0.0,0.0,0.0,0.0,0.0,0.0,0.0,0.0,0,0,0,0
1995-08-26,0.0,0.0,0.0,0.0,0.0,0.0,0.0,0.0,0.0,0.0,0.0,0.0,0.0,0.0,0.0,0.0,0,0,0,0
1995-08-28,0.0,0.0,0.0,0.0,0.0,0.0,0.0,0.0,0.0,0.0,0.0,0.0,0.0,0.0,0.0,0.0,0,0,0,0
1995-08-29,0.0,0.0,0.0,0.0,0.0,0.0,0.0,0.0,0.0,0.0,0.0,0.0,0.0,0.0,0.0,0.0,0,0,0,0
1995-08-30,0.0,0.0,0.0,0.0,0.0,0.0,0.0,0.0,0.0,0.0,0.0,0.0,0.0,0.0,0.0,0.0,0,0,0,0
1995-08-31,0.0,0.0,0.0,0.0,0.0,0.0,0.0,0.0,0.0,0.0,0.0,0.0,0.0,0.0,0.0,0.0,0,0,0,0
1995-09-01,0.0,0.0,0.0,0.0,0.0,0.0,0.0,0.0,0.0,0.0,0.0,0.0,0.0,0.0,0.0,0.0,0,0,0,0
1995-09-02,0.0,0.0,0.0,0.0,0.0,0.0,0.0,0.0,0.0,0.0,0.0,0.0,0.0,0.0,0.0,0.0,0,0,0,0
1995-09-04,0.0,0.0,0.0,0.0,0.0,0.0,0.0,0.0,0.0,0.0,0.0,0.0,0.0,0.0,0.0,0.0,0,0,0,0
1995-09-05,0.0,0.0,0.0,0.0,0.0,0.0,0.0,0.0,0.0,0.0,0.0,0.0,0.0,0.0,0.0,0.0,0,0,0,0
1995-09-06,0.0,0.0,0.0,0.0,0.0,0.0,0.0,0.0,0.0,0.0,0.0,0.0,0.0,0.0,0.0,0.0,0,0,0,0
1995-09-07,0.0,0.0,0.0,0.0,0.0,0.0,0.0,0.0,0.0,0.0,0.0,0.0,0.0,0.0,0.0,0.0,0,0,0,0
1995-09-08,0.0,0.0,0.0,0.0,0.0,0.0,0.0,0.0,0.0,0.0,0.0,0.0,0.0,0.0,0.0,0.0,0,0,0,0
1995-09-11,0.0,0.0,0.0,0.0,0.0,0.0,0.0,0.0,0.0,0.0,0.0,0.0,0.0,0.0,0.0,0.0,0,0,0,0
1995-09-12,0.0,0.0,0.0,0.0,0.0,0.0,0.0,0.0,0.0,0.0,0.0,0.0,0.0,0.0,0.0,0.0,0,0,0,0
1995-09-13,0.0,0.0,0.0,0.0,0.0,0.0,0.0,0.0,0.0,0.0,0.0,0.0,0.0,0.0,0.0,0.0,0,0,0,0
1995-09-14,0.0,0.0,0.0,0.0,0.0,0.0,0.0,0.0,0.0,0.0,0.0,0.0,0.0,0.0,0.0,0.0,0,0,0,0
1995-09-15,0.0,0.0,0.0,0.0,0.0,0.0,0.0,0.0,0.0,0.0,0.0,0.0,0.0,0.0,0.0,0.0,0,0,0,0
1995-09-16,0.0,0.0,0.0,0.0,0.0,0.0,0.0,0.0,0.0,0.0,0.0,0.0,0.0,0.0,0.0,0.0,0,0,0,0
1995-09-18,0.0,0.0,0.0,0.0,0.0,0.0,0.0,0.0,0.0,0.0,0.0,0.0,0.0,0.0,0.0,0.0,0,0,0,0
1995-09-19,0.0,0.0,0.0,0.0,0.0,0.0,0.0,0.0,0.0,0.0,0.0,0.0,0.0,0.0,0.0,0.0,0,0,0,0
1995-09-20,0.0,0.0,0.0,0.0,0.0,0.0,0.0,0.0,0.0,0.0,0.0,0.0,0.0,0.0,0.0,0.0,0,0,0,0
1995-09-21,0.0,0.0,0.0,0.0,0.0,0.0,0.0,0.0,0.0,0.0,0.0,0.0,0.0,0.0,0.0,0.0,0,0,0,0
1995-09-23,0.0,0.0,0.0,0.0,0.0,0.0,0.0,0.0,0.0,0.0,0.0,0.0,0.0,0.0,0.0,0.0,0,0,0,0
1995-09-25,0.0,0.0,0.0,0.0,0.0,0.0,0.0,0.0,0.0,0.0,0.0,0.0,0.0,0.0,0.0,0.0,0,0,0,0
1995-09-26,0.0,0.0,0.0,0.0,0.0,0.0,0.0,0.0,0.0,0.0,0.0,0.0,0.0,0.0,0.0,0.0,0,0,0,0
1995-09-27,0.0,0.0,0.0,0.0,0.0,0.0,0.0,0.0,0.0,0.0,0.0,0.0,0.0,0.0,0.0,0.0,0,0,0,0
1995-09-29,0.0,0.0,0.0,0.0,0.0,0.0,0.0,0.0,0.0,0.0,0.0,0.0,0.0,0.0,0.0,0.0,0,0,0,0
1995-09-30,0.0,0.0,0.0,0.0,0.0,0.0,0.0,0.0,0.0,0.0,0.0,0.0,0.0,0.0,0.0,0.0,0,0,0,0
1995-10-02,0.0,0.0,0.0,0.0,0.0,0.0,0.0,0.0,0.0,0.0,0.0,0.0,0.0,0.0,0.0,0.0,0,0,0,0
1995-10-03,0.0,0.0,0.0,0.0,0.0,0.0,0.0,0.0,0.0,0.0,0.0,0.0,0.0,0.0,0.0,0.0,0,0,0,0
1995-10-04,0.0,0.0,0.0,0.0,0.0,0.0,0.0,0.0,0.0,0.0,0.0,0.0,0.0,0.0,0.0,0.0,0,0,0,0
1995-10-05,0.0,0.0,0.0,0.0,0.0,0.0,0.0,0.0,0.0,0.0,0.0,0.0,0.0,0.0,0.0,0.0,0,0,0,0
1995-10-06,0.0,0.0,0.0,0.0,0.0,0.0,0.0,0.0,0.0,0.0,0.0,0.0,0.0,0.0,0.0,0.0,0,0,0,0
1995-10-07,0.0,0.0,0.0,0.0,0.0,0.0,0.0,0.0,0.0,0.0,0.0,0.0,0.0,0.0,0.0,0.0,0,0,0,0
1995-10-09,0.0,0.0,0.0,0.0,0.0,0.0,0.0,0.0,0.0,0.0,0.0,0.0,0.0,0.0,0.0,0.0,0,0,0,0
1995-10-11,0.0,0.0,0.0,0.0,0.0,0.0,0.0,0.0,0.0,0.0,0.0,0.0,0.0,0.0,0.0,0.0,0,0,0,0
1995-10-12,0.0,0.0,0.0,0.0,0.0,0.0,0.0,0.0,0.0,0.0,0.0,0.0,0.0,0.0,0.0,0.0,0,0,0,0
1995-10-13,0.0,0.0,0.0,0.0,0.0,0.0,0.0,0.0,0.0,0.0,0.0,0.0,0.0,0.0,0.0,0.0,0,0,0,0
1995-10-14,0.0,0.0,0.0,0.0,0.0,0.0,0.0,0.0,0.0,0.0,0.0,0.0,0.0,0.0,0.0,0.0,0,0,0,0
1995-10-16,0.0,0.0,0.0,0.0,0.0,0.0,0.0,0.0,0.0,0.0,0.0,0.0,0.0,0.0,0.0,0.0,0,0,0,0
1995-10-17,0.0,0.0,0.0,0.0,0.0,0.0,0.0,0.0,0.0,0.0,0.0,0.0,0.0,0.0,0.0,0.0,0,0,0,0
1995-10-18,0.0,0.0,0.0,0.0,0.0,0.0,0.0,0.0,0.0,0.0,0.0,0.0,0.0,0.0,0.0,0.0,0,0,0,0
1995-10-19,0.0,0.0,0.0,0.0,0.0,0.0,0.0,0.0,0.0,0.0,0.0,0.0,0.0,0.0,0.0,0.0,0,0,0,0
1995-10-20,0.0,0.0,0.0,0.0,0.0,0.0,0.0,0.0,0.0,0.0,0.0,0.0,0.0,0.0,0.0,0.0,0,0,0,0
1995-10-21,0.0,0.0,0.0,0.0,0.0,0.0,0.0,0.0,0.0,0.0,0.0,0.0,0.0,0.0,0.0,0.0,0,0,0,0
1995-10-23,0.0,0.0,0.0,0.0,0.0,0.0,0.0,0.0,0.0,0.0,0.0,0.0,0.0,0.0,0.0,0.0,0,0,0,0
1995-10-24,0.0,0.0,0.0,0.0,0.0,0.0,0.0,0.0,0.0,0.0,0.0,0.0,0.0,0.0,0.0,0.0,0,0,0,0
1995-10-26,0.0,0.0,0.0,0.0,0.0,0.0,0.0,0.0,0.0,0.0,0.0,0.0,0.0,0.0,0.0,0.0,0,0,0,0
1995-10-27,0.0,0.0,0.0,0.0,0.0,0.0,0.0,0.0,0.0,0.0,0.0,0.0,0.0,0.0,0.0,0.0,0,0,0,0
1995-10-28,0.0,0.0,0.0,0.0,0.0,0.0,0.0,0.0,0.0,0.0,0.0,0.0,0.0,0.0,0.0,0.0,0,0,0,0
1995-10-30,0.0,0.0,0.0,0.0,0.0,0.0,0.0,0.0,0.0,0.0,0.0,0.0,0.0,0.0,0.0,0.0,0,0,0,0
1995-11-01,0.0,0.0,0.0,0.0,0.0,0.0,0.0,0.0,0.0,0.0,0.0,0.0,0.0,0.0,0.0,0.0,0,0,0,0
1995-11-02,0.0,0.0,0.0,0.0,0.0,0.0,0.0,0.0,0.0,0.0,0.0,0.0,0.0,0.0,0.0,0.0,0,0,0,0
1995-11-03,0.0,0.0,0.0,0.0,0.0,0.0,0.0,0.0,0.0,0.0,0.0,0.0,0.0,0.0,0.0,0.0,0,0,0,0
1995-11-04,0.0,0.0,0.0,0.0,0.0,0.0,0.0,0.0,0.0,0.0,0.0,0.0,0.0,0.0,0.0,0.0,0,0,0,0
1995-11-06,0.0,0.0,0.0,0.0,0.0,0.0,0.0,0.0,0.0,0.0,0.0,0.0,0.0,0.0,0.0,0.0,0,0,0,0
1995-11-07,0.0,0.0,0.0,0.0,0.0,0.0,0.0,0.0,0.0,0.0,0.0,0.0,0.0,0.0,0.0,0.0,0,0,0,0
1995-11-08,0.0,0.0,0.0,0.0,0.0,0.0,0.0,0.0,0.0,0.0,0.0,0.0,0.0,0.0,0.0,0.0,0,0,0,0
1995-11-09,0.0,0.0,0.0,0.0,0.0,0.0,0.0,0.0,0.0,0.0,0.0,0.0,0.0,0.0,0.0,0.0,0,0,0,0
1995-11-10,0.0,0.0,0.0,0.0,0.0,0.0,0.0,0.0,0.0,0.0,0.0,0.0,0.0,0.0,0.0,0.0,0,0,0,0
1995-11-11,0.0,0.0,0.0,0.0,0.0,0.0,0.0,0.0,0.0,0.0,0.0,0.0,0.0,0.0,0.0,0.0,0,0,0,0
1995-11-14,0.0,0.0,0.0,0.0,0.0,0.0,0.0,0.0,0.0,0.0,0.0,0.0,0.0,0.0,0.0,0.0,0,0,0,0
1995-11-15,0.0,0.0,0.0,0.0,0.0,0.0,0.0,0.0,0.0,0.0,0.0,0.0,0.0,0.0,0.0,0.0,0,0,0,0
1995-11-16,0.0,0.0,0.0,0.0,0.0,0.0,0.0,0.0,0.0,0.0,0.0,0.0,0.0,0.0,0.0,0.0,0,0,0,0
1995-11-17,0.0,0.0,0.0,0.0,0.0,0.0,0.0,0.0,0.0,0.0,0.0,0.0,0.0,0.0,0.0,0.0,0,0,0,0
1995-11-18,0.0,0.0,0.0,0.0,0.0,0.0,0.0,0.0,0.0,0.0,0.0,0.0,0.0,0.0,0.0,0.0,0,0,0,0
1995-11-20,0.0,0.0,0.0,0.0,0.0,0.0,0.0,0.0,0.0,0.0,0.0,0.0,0.0,0.0,0.0,0.0,0,0,0,0
1995-11-21,0.0,0.0,0.0,0.0,0.0,0.0,0.0,0.0,0.0,0.0,0.0,0.0,0.0,0.0,0.0,0.0,0,0,0,0
1995-11-22,0.0,0.0,0.0,0.0,0.0,0.0,0.0,0.0,0.0,0.0,0.0,0.0,0.0,0.0,0.0,0.0,0,0,0,0
1995-11-23,0.0,0.0,0.0,0.0,0.0,0.0,0.0,0.0,0.0,0.0,0.0,0.0,0.0,0.0,0.0,0.0,0,0,0,0
1995-11-24,0.0,0.0,0.0,0.0,0.0,0.0,0.0,0.0,0.0,0.0,0.0,0.0,0.0,0.0,0.0,0.0,0,0,0,0
1995-11-25,0.0,0.0,0.0,0.0,0.0,0.0,0.0,0.0,0.0,0.0,0.0,0.0,0.0,0.0,0.0,0.0,0,0,0,0
1995-11-27,0.0,0.0,0.0,0.0,0.0,0.0,0.0,0.0,0.0,0.0,0.0,0.0,0.0,0.0,0.0,0.0,0,0,0,0
1995-11-28,0.0,0.0,0.0,0.0,0.0,0.0,0.0,0.0,0.0,0.0,0.0,0.0,0.0,0.0,0.0,0.0,0,0,0,0
1995-11-29,0.0,0.0,0.0,0.0,0.0,0.0,0.0,0.0,0.0,0.0,0.0,0.0,0.0,0.0,0.0,0.0,0,0,0,0
1995-11-30,0.0,0.0,0.0,0.0,0.0,0.0,0.0,0.0,0.0,0.0,0.0,0.0,0.0,0.0,0.0,0.0,0,0,0,0
1995-12-01,0.0,0.0,0.0,0.0,0.0,0.0,0.0,0.0,0.0,0.0,0.0,0.0,0.0,0.0,0.0,0.0,0,0,0,0
1995-12-04,0.0,0.0,0.0,0.0,0.0,0.0,0.0,0.0,0.0,0.0,0.0,0.0,0.0,0.0,0.0,0.0,0,0,0,0
1995-12-05,0.0,0.0,0.0,0.0,0.0,0.0,0.0,0.0,0.0,0.0,0.0,0.0,0.0,0.0,0.0,0.0,0,0,0,0
1995-12-06,0.0,0.0,0.0,0.0,0.0,0.0,0.0,0.0,0.0,0.0,0.0,0.0,0.0,0.0,0.0,0.0,0,0,0,0
1995-12-07,0.0,0.0,0.0,0.0,0.0,0.0,0.0,0.0,0.0,0.0,0.0,0.0,0.0,0.0,0.0,0.0,0,0,0,0
1995-12-08,0.0,0.0,0.0,0.0,0.0,0.0,0.0,0.0,0.0,0.0,0.0,0.0,0.0,0.0,0.0,0.0,0,0,0,0
1995-12-09,0.0,0.0,0.0,0.0,0.0,0.0,0.0,0.0,0.0,0.0,0.0,0.0,0.0,0.0,0.0,0.0,0,0,0,0
1995-12-11,0.0,0.0,0.0,0.0,0.0,0.0,0.0,0.0,0.0,0.0,0.0,0.0,0.0,0.0,0.0,0.0,0,0,0,0
1995-12-12,0.0,0.0,0.0,0.0,0.0,0.0,0.0,0.0,0.0,0.0,0.0,0.0,0.0,0.0,0.0,0.0,0,0,0,0
1995-12-13,0.0,0.0,0.0,0.0,0.0,0.0,0.0,0.0,0.0,0.0,0.0,0.0,0.0,0.0,0.0,0.0,0,0,0,0
1995-12-14,0.0,0.0,0.0,0.0,0.0,0.0,0.0,0.0,0.0,0.0,0.0,0.0,0.0,0.0,0.0,0.0,0,0,0,0
1995-12-15,0.0,0.0,0.0,0.0,0.0,0.0,0.0,0.0,0.0,0.0,0.0,0.0,0.0,0.0,0.0,0.0,0,0,0,0
1995-12-16,0.0,0.0,0.0,0.0,0.0,0.0,0.0,0.0,0.0,0.0,0.0,0.0,0.0,0.0,0.0,0.0,0,0,0,0
1995-12-18,0.0,0.0,0.0,0.0,0.0,0.0,0.0,0.0,0.0,0.0,0.0,0.0,0.0,0.0,0.0,0.0,0,0,0,0
1995-12-19,0.0,0.0,0.0,0.0,0.0,0.0,0.0,0.0,0.0,0.0,0.0,0.0,0.0,0.0,0.0,0.0,0,0,0,0
1995-12-20,0.0,0.0,0.0,0.0,0.0,0.0,0.0,0.0,0.0,0.0,0.0,0.0,0.0,0.0,0.0,0.0,0,0,0,0
1995-12-21,0.0,0.0,0.0,0.0,0.0,0.0,0.0,0.0,0.0,0.0,0.0,0.0,0.0,0.0,0.0,0.0,0,0,0,0
1995-12-22,0.0,0.0,0.0,0.0,0.0,0.0,0.0,0.0,0.0,0.0,0.0,0.0,0.0,0.0,0.0,0.0,0,0,0,0
1995-12-23,0.0,0.0,0.0,0.0,0.0,0.0,0.0,0.0,0.0,0.0,0.0,0.0,0.0,0.0,0.0,0.0,0,0,0,0
1995-12-26,0.0,0.0,0.0,0.0,0.0,0.0,0.0,0.0,0.0,0.0,0.0,0.0,0.0,0.0,0.0,0.0,0,0,0,0
1995-12-27,0.0,0.0,0.0,0.0,0.0,0.0,0.0,0.0,0.0,0.0,0.0,0.0,0.0,0.0,0.0,0.0,0,0,0,0
1995-12-28,0.0,0.0,0.0,0.0,0.0,0.0,0.0,0.0,0.0,0.0,0.0,0.0,0.0,0.0,0.0,0.0,0,0,0,0
1995-12-29,0.0,0.0,0.0,0.0,0.0,0.0,0.0,0.0,0.0,0.0,0.0,0.0,0.0,0.0,0.0,0.0,0,0,0,0
1995-12-30,0.0,0.0,0.0,0.0,0.0,0.0,0.0,0.0,0.0,0.0,0.0,0.0,0.0,0.0,0.0,0.0,0,0,0,0
1996-01-04,0.0,0.0,0.0,0.0,0.0,0.0,0.0,0.0,0.0,0.0,0.0,0.0,0.0,0.0,0.0,0.0,0,0,0,0
1996-01-05,0.0,0.0,0.0,0.0,0.0,0.0,0.0,0.0,0.0,0.0,0.0,0.0,0.0,0.0,0.0,0.0,0,0,0,0
1996-01-06,0.0,0.0,0.0,0.0,0.0,0.0,0.0,0.0,0.0,0.0,0.0,0.0,0.0,0.0,0.0,0.0,0,0,0,0
1996-01-08,0.0,0.0,0.0,0.0,0.0,0.0,0.0,0.0,0.0,0.0,0.0,0.0,0.0,0.0,0.0,0.0,0,0,0,0
1996-01-09,0.0,0.0,0.0,0.0,0.0,0.0,0.0,0.0,0.0,0.0,0.0,0.0,0.0,0.0,0.0,0.0,0,0,0,0
1996-01-10,0.0,0.0,0.0,0.0,0.0,0.0,0.0,0.0,0.0,0.0,0.0,0.0,0.0,0.0,0.0,0.0,0,0,0,0
1996-01-11,0.0,0.0,0.0,0.0,0.0,0.0,0.0,0.0,0.0,0.0,0.0,0.0,0.0,0.0,0.0,0.0,0,0,0,0
1996-01-12,0.0,0.0,0.0,0.0,0.0,0.0,0.0,0.0,0.0,0.0,0.0,0.0,0.0,0.0,0.0,0.0,0,0,0,0
1996-01-13,0.0,0.0,0.0,0.0,0.0,0.0,0.0,0.0,0.0,0.0,0.0,0.0,0.0,0.0,0.0,0.0,0,0,0,0
1996-01-15,0.0,0.0,0.0,0.0,0.0,0.0,0.0,0.0,0.0,0.0,0.0,0.0,0.0,0.0,0.0,0.0,0,0,0,0
1996-01-16,0.0,0.0,0.0,0.0,0.0,0.0,0.0,0.0,0.0,0.0,0.0,0.0,0.0,0.0,0.0,0.0,0,0,0,0
1996-01-17,0.0,0.0,0.0,0.0,0.0,0.0,0.0,0.0,0.0,0.0,0.0,0.0,0.0,0.0,0.0,0.0,0,0,0,0
1996-01-18,0.0,0.0,0.0,0.0,0.0,0.0,0.0,0.0,0.0,0.0,0.0,0.0,0.0,0.0,0.0,0.0,0,0,0,0
1996-01-19,0.0,0.0,0.0,0.0,0.0,0.0,0.0,0.0,0.0,0.0,0.0,0.0,0.0,0.0,0.0,0.0,0,0,0,0
1996-01-20,0.0,0.0,0.0,0.0,0.0,0.0,0.0,0.0,0.0,0.0,0.0,0.0,0.0,0.0,0.0,0.0,0,0,0,0
1996-01-22,0.0,0.0,0.0,0.0,0.0,0.0,0.0,0.0,0.0,0.0,0.0,0.0,0.0,0.0,0.0,0.0,0,0,0,0
1996-01-23,0.0,0.0,0.0,0.0,0.0,0.0,0.0,0.0,0.0,0.0,0.0,0.0,0.0,0.0,0.0,0.0,0,0,0,0
1996-01-24,0.0,0.0,0.0,0.0,0.0,0.0,0.0,0.0,0.0,0.0,0.0,0.0,0.0,0.0,0.0,0.0,0,0,0,0
1996-01-25,0.0,0.0,0.0,0.0,0.0,0.0,0.0,0.0,0.0,0.0,0.0,0.0,0.0,0.0,0.0,0.0,0,0,0,0
1996-01-26,0.0,0.0,0.0,0.0,0.0,0.0,0.0,0.0,0.0,0.0,0.0,0.0,0.0,0.0,0.0,0.0,0,0,0,0
1996-01-27,0.0,0.0,0.0,0.0,0.0,0.0,0.0,0.0,0.0,0.0,0.0,0.0,0.0,0.0,0.0,0.0,0,0,0,0
1996-01-29,0.0,0.0,0.0,0.0,0.0,0.0,0.0,0.0,0.0,0.0,0.0,0.0,0.0,0.0,0.0,0.0,0,0,0,0
1996-01-30,0.0,0.0,0.0,0.0,0.0,0.0,0.0,0.0,0.0,0.0,0.0,0.0,0.0,0.0,0.0,0.0,0,0,0,0
1996-01-31,0.0,0.0,0.0,0.0,0.0,0.0,0.0,0.0,0.0,0.0,0.0,0.0,0.0,0.0,0.0,0.0,0,0,0,0
1996-02-01,0.0,0.0,0.0,0.0,0.0,0.0,0.0,0.0,0.0,0.0,0.0,0.0,0.0,0.0,0.0,0.0,0,0,0,0
1996-02-02,0.0,0.0,0.0,0.0,0.0,0.0,0.0,0.0,0.0,0.0,0.0,0.0,0.0,0.0,0.0,0.0,0,0,0,0
1996-02-03,0.0,0.0,0.0,0.0,0.0,0.0,0.0,0.0,0.0,0.0,0.0,0.0,0.0,0.0,0.0,0.0,0,0,0,0
1996-02-05,0.0,0.0,0.0,0.0,0.0,0.0,0.0,0.0,0.0,0.0,0.0,0.0,0.0,0.0,0.0,0.0,0,0,0,0
1996-02-06,0.0,0.0,0.0,0.0,0.0,0.0,0.0,0.0,0.0,0.0,0.0,0.0,0.0,0.0,0.0,0.0,0,0,0,0
1996-02-07,0.0,0.0,0.0,0.0,0.0,0.0,0.0,0.0,0.0,0.0,0.0,0.0,0.0,0.0,0.0,0.0,0,0,0,0
1996-02-08,0.0,0.0,0.0,0.0,0.0,0.0,0.0,0.0,0.0,0.0,0.0,0.0,0.0,0.0,0.0,0.0,0,0,0,0
1996-02-09,0.0,0.0,0.0,0.0,0.0,0.0,0.0,0.0,0.0,0.0,0.0,0.0,0.0,0.0,0.0,0.0,0,0,0,0
1996-02-10,0.0,0.0,0.0,0.0,0.0,0.0,0.0,0.0,0.0,0.0,0.0,0.0,0.0,0.0,0.0,0.0,0,0,0,0
1996-02-12,0.0,0.0,0.0,0.0,0.0,0.0,0.0,0.0,0.0,0.0,0.0,0.0,0.0,0.0,0.0,0.0,0,0,0,0
1996-02-13,0.0,0.0,0.0,0.0,0.0,0.0,0.0,0.0,0.0,0.0,0.0,0.0,0.0,0.0,0.0,0.0,0,0,0,0
1996-02-14,0.0,0.0,0.0,0.0,0.0,0.0,0.0,0.0,0.0,0.0,0.0,0.0,0.0,0.0,0.0,0.0,0,0,0,0
1996-02-15,0.0,0.0,0.0,0.0,0.0,0.0,0.0,0.0,0.0,0.0,0.0,0.0,0.0,0.0,0.0,0.0,0,0,0,0
1996-02-23,0.0,0.0,0.0,0.0,0.0,0.0,0.0,0.0,0.0,0.0,0.0,0.0,0.0,0.0,0.0,0.0,0,0,0,0
1996-02-24,0.0,0.0,0.0,0.0,0.0,0.0,0.0,0.0,0.0,0.0,0.0,0.0,0.0,0.0,0.0,0.0,0,0,0,0
1996-02-26,0.0,0.0,0.0,0.0,0.0,0.0,0.0,0.0,0.0,0.0,0.0,0.0,0.0,0.0,0.0,0.0,0,0,0,0
1996-02-27,0.0,0.0,0.0,0.0,0.0,0.0,0.0,0.0,0.0,0.0,0.0,0.0,0.0,0.0,0.0,0.0,0,0,0,0
1996-02-28,0.0,0.0,0.0,0.0,0.0,0.0,0.0,0.0,0.0,0.0,0.0,0.0,0.0,0.0,0.0,0.0,0,0,0,0
1996-02-29,0.0,0.0,0.0,0.0,0.0,0.0,0.0,0.0,0.0,0.0,0.0,0.0,0.0,0.0,0.0,0.0,0,0,0,0
1996-03-01,0.0,0.0,0.0,0.0,0.0,0.0,0.0,0.0,0.0,0.0,0.0,0.0,0.0,0.0,0.0,0.0,0,0,0,0
1996-03-02,0.0,0.0,0.0,0.0,0.0,0.0,0.0,0.0,0.0,0.0,0.0,0.0,0.0,0.0,0.0,0.0,0,0,0,0
1996-03-04,0.0,0.0,0.0,0.0,0.0,0.0,0.0,0.0,0.0,0.0,0.0,0.0,0.0,0.0,0.0,0.0,0,0,0,0
1996-03-05,0.0,0.0,0.0,0.0,0.0,0.0,0.0,0.0,0.0,0.0,0.0,0.0,0.0,0.0,0.0,0.0,0,0,0,0
1996-03-06,0.0,0.0,0.0,0.0,0.0,0.0,0.0,0.0,0.0,0.0,0.0,0.0,0.0,0.0,0.0,0.0,0,0,0,0
1996-03-07,0.0,0.0,0.0,0.0,0.0,0.0,0.0,0.0,0.0,0.0,0.0,0.0,0.0,0.0,0.0,0.0,0,0,0,0
1996-03-08,0.0,0.0,0.0,0.0,0.0,0.0,0.0,0.0,0.0,0.0,0.0,0.0,0.0,0.0,0.0,0.0,0,0,0,0
1996-03-09,0.0,0.0,0.0,0.0,0.0,0.0,0.0,0.0,0.0,0.0,0.0,0.0,0.0,0.0,0.0,0.0,0,0,0,0
1996-03-11,0.0,0.0,0.0,0.0,0.0,0.0,0.0,0.0,0.0,0.0,0.0,0.0,0.0,0.0,0.0,0.0,0,0,0,0
1996-03-12,0.0,0.0,0.0,0.0,0.0,0.0,0.0,0.0,0.0,0.0,0.0,0.0,0.0,0.0,0.0,0.0,0,0,0,0
1996-03-13,0.0,0.0,0.0,0.0,0.0,0.0,0.0,0.0,0.0,0.0,0.0,0.0,0.0,0.0,0.0,0.0,0,0,0,0
1996-03-14,0.0,0.0,0.0,0.0,0.0,0.0,0.0,0.0,0.0,0.0,0.0,0.0,0.0,0.0,0.0,0.0,0,0,0,0
1996-03-15,0.0,0.0,0.0,0.0,0.0,0.0,0.0,0.0,0.0,0.0,0.0,0.0,0.0,0.0,0.0,0.0,0,0,0,0
1996-03-16,0.0,0.0,0.0,0.0,0.0,0.0,0.0,0.0,0.0,0.0,0.0,0.0,0.0,0.0,0.0,0.0,0,0,0,0
1996-03-18,0.0,0.0,0.0,0.0,0.0,0.0,0.0,0.0,0.0,0.0,0.0,0.0,0.0,0.0,0.0,0.0,0,0,0,0
1996-03-19,0.0,0.0,0.0,0.0,0.0,0.0,0.0,0.0,0.0,0.0,0.0,0.0,0.0,0.0,0.0,0.0,0,0,0,0
1996-03-20,0.0,0.0,0.0,0.0,0.0,0.0,0.0,0.0,0.0,0.0,0.0,0.0,0.0,0.0,0.0,0.0,0,0,0,0
1996-03-21,0.0,0.0,0.0,0.0,0.0,0.0,0.0,0.0,0.0,0.0,0.0,0.0,0.0,0.0,0.0,0.0,0,0,0,0
1996-03-22,0.0,0.0,0.0,0.0,0.0,0.0,0.0,0.0,0.0,0.0,0.0,0.0,0.0,0.0,0.0,0.0,0,0,0,0
1996-03-25,0.0,0.0,0.0,0.0,0.0,0.0,0.0,0.0,0.0,0.0,0.0,0.0,0.0,0.0,0.0,0.0,0,0,0,0
1996-03-26,0.0,0.0,0.0,0.0,0.0,0.0,0.0,0.0,0.0,0.0,0.0,0.0,0.0,0.0,0.0,0.0,0,0,0,0
1996-03-27,0.0,0.0,0.0,0.0,0.0,0.0,0.0,0.0,0.0,0.0,0.0,0.0,0.0,0.0,0.0,0.0,0,0,0,0
1996-03-28,0.0,0.0,0.0,0.0,0.0,0.0,0.0,0.0,0.0,0.0,0.0,0.0,0.0,0.0,0.0,0.0,0,0,0,0
1996-04-01,0.0,0.0,0.0,0.0,0.0,0.0,0.0,0.0,0.0,0.0,0.0,0.0,0.0,0.0,0.0,0.0,0,0,0,0
1996-04-02,0.0,0.0,0.0,0.0,0.0,0.0,0.0,0.0,0.0,0.0,0.0,0.0,0.0,0.0,0.0,0.0,0,0,0,0
1996-04-05,0.0,0.0,0.0,0.0,0.0,0.0,0.0,0.0,0.0,0.0,0.0,0.0,0.0,0.0,0.0,0.0,0,0,0,0
1996-04-06,0.0,0.0,0.0,0.0,0.0,0.0,0.0,0.0,0.0,0.0,0.0,0.0,0.0,0.0,0.0,0.0,0,0,0,0
1996-04-08,0.0,0.0,0.0,0.0,0.0,0.0,0.0,0.0,0.0,0.0,0.0,0.0,0.0,0.0,0.0,0.0,0,0,0,0
1996-04-09,0.0,0.0,0.0,0.0,0.0,0.0,0.0,0.0,0.0,0.0,0.0,0.0,0.0,0.0,0.0,0.0,0,0,0,0
1996-04-10,0.0,0.0,0.0,0.0,0.0,0.0,0.0,0.0,0.0,0.0,0.0,0.0,0.0,0.0,0.0,0.0,0,0,0,0
1996-04-11,0.0,0.0,0.0,0.0,0.0,0.0,0.0,0.0,0.0,0.0,0.0,0.0,0.0,0.0,0.0,0.0,0,0,0,0
1996-04-12,0.0,0.0,0.0,0.0,0.0,0.0,0.0,0.0,0.0,0.0,0.0,0.0,0.0,0.0,0.0,0.0,0,0,0,0
1996-04-13,0.0,0.0,0.0,0.0,0.0,0.0,0.0,0.0,0.0,0.0,0.0,0.0,0.0,0.0,0.0,0.0,0,0,0,0
1996-04-15,0.0,0.0,0.0,0.0,0.0,0.0,0.0,0.0,0.0,0.0,0.0,0.0,0.0,0.0,0.0,0.0,0,0,0,0
1996-04-16,0.0,0.0,0.0,0.0,0.0,0.0,0.0,0.0,0.0,0.0,0.0,0.0,0.0,0.0,0.0,0.0,0,0,0,0
1996-04-17,0.0,0.0,0.0,0.0,0.0,0.0,0.0,0.0,0.0,0.0,0.0,0.0,0.0,0.0,0.0,0.0,0,0,0,0
1996-04-18,0.0,0.0,0.0,0.0,0.0,0.0,0.0,0.0,0.0,0.0,0.0,0.0,0.0,0.0,0.0,0.0,0,0,0,0
1996-04-19,0.0,0.0,0.0,0.0,0.0,0.0,0.0,0.0,0.0,0.0,0.0,0.0,0.0,0.0,0.0,0.0,0,0,0,0
1996-04-20,0.0,0.0,0.0,0.0,0.0,0.0,0.0,0.0,0.0,0.0,0.0,0.0,0.0,0.0,0.0,0.0,0,0,0,0
1996-04-22,0.0,0.0,0.0,0.0,0.0,0.0,0.0,0.0,0.0,0.0,0.0,0.0,0.0,0.0,0.0,0.0,0,0,0,0
1996-04-23,0.0,0.0,0.0,0.0,0.0,0.0,0.0,0.0,0.0,0.0,0.0,0.0,0.0,0.0,0.0,0.0,0,0,0,0
1996-04-24,0.0,0.0,0.0,0.0,0.0,0.0,0.0,0.0,0.0,0.0,0.0,0.0,0.0,0.0,0.0,0.0,0,0,0,0
1996-04-25,0.0,0.0,0.0,0.0,0.0,0.0,0.0,0.0,0.0,0.0,0.0,0.0,0.0,0.0,0.0,0.0,0,0,0,0
1996-04-26,0.0,0.0,0.0,0.0,0.0,0.0,0.0,0.0,0.0,0.0,0.0,0.0,0.0,0.0,0.0,0.0,0,0,0,0
1996-04-27,0.0,0.0,0.0,0.0,0.0,0.0,0.0,0.0,0.0,0.0,0.0,0.0,0.0,0.0,0.0,0.0,0,0,0,0
1996-04-29,0.0,0.0,0.0,0.0,0.0,0.0,0.0,0.0,0.0,0.0,0.0,0.0,0.0,0.0,0.0,0.0,0,0,0,0
1996-04-30,0.0,0.0,0.0,0.0,0.0,0.0,0.0,0.0,0.0,0.0,0.0,0.0,0.0,0.0,0.0,0.0,0,0,0,0
1996-05-01,0.0,0.0,0.0,0.0,0.0,0.0,0.0,0.0,0.0,0.0,0.0,0.0,0.0,0.0,0.0,0.0,0,0,0,0
1996-05-02,0.0,0.0,0.0,0.0,0.0,0.0,0.0,0.0,0.0,0.0,0.0,0.0,0.0,0.0,0.0,0.0,0,0,0,0
1996-05-03,0.0,0.0,0.0,0.0,0.0,0.0,0.0,0.0,0.0,0.0,0.0,0.0,0.0,0.0,0.0,0.0,0,0,0,0
1996-05-04,0.0,0.0,0.0,0.0,0.0,0.0,0.0,0.0,0.0,0.0,0.0,0.0,0.0,0.0,0.0,0.0,0,0,0,0
1996-05-06,0.0,0.0,0.0,0.0,0.0,0.0,0.0,0.0,0.0,0.0,0.0,0.0,0.0,0.0,0.0,0.0,0,0,0,0
1996-05-07,0.0,0.0,0.0,0.0,0.0,0.0,0.0,0.0,0.0,0.0,0.0,0.0,0.0,0.0,0.0,0.0,0,0,0,0
1996-05-08,0.0,0.0,0.0,0.0,0.0,0.0,0.0,0.0,0.0,0.0,0.0,0.0,0.0,0.0,0.0,0.0,0,0,0,0
1996-05-09,0.0,0.0,0.0,0.0,0.0,0.0,0.0,0.0,0.0,0.0,0.0,0.0,0.0,0.0,0.0,0.0,0,0,0,0
1996-05-10,0.0,0.0,0.0,0.0,0.0,0.0,0.0,0.0,0.0,0.0,0.0,0.0,0.0,0.0,0.0,0.0,0,0,0,0
1996-05-11,0.0,0.0,0.0,0.0,0.0,0.0,0.0,0.0,0.0,0.0,0.0,0.0,0.0,0.0,0.0,0.0,0,0,0,0
1996-05-13,0.0,0.0,0.0,0.0,0.0,0.0,0.0,0.0,0.0,0.0,0.0,0.0,0.0,0.0,0.0,0.0,0,0,0,0
1996-05-14,0.0,0.0,0.0,0.0,0.0,0.0,0.0,0.0,0.0,0.0,0.0,0.0,0.0,0.0,0.0,0.0,0,0,0,0
1996-05-15,0.0,0.0,0.0,0.0,0.0,0.0,0.0,0.0,0.0,0.0,0.0,0.0,0.0,0.0,0.0,0.0,0,0,0,0
1996-05-16,0.0,0.0,0.0,0.0,0.0,0.0,0.0,0.0,0.0,0.0,0.0,0.0,0.0,0.0,0.0,0.0,0,0,0,0
1996-05-17,0.0,0.0,0.0,0.0,0.0,0.0,0.0,0.0,0.0,0.0,0.0,0.0,0.0,0.0,0.0,0.0,0,0,0,0
1996-05-18,0.0,0.0,0.0,0.0,0.0,0.0,0.0,0.0,0.0,0.0,0.0,0.0,0.0,0.0,0.0,0.0,0,0,0,0
1996-05-20,0.0,0.0,0.0,0.0,0.0,0.0,0.0,0.0,0.0,0.0,0.0,0.0,0.0,0.0,0.0,0.0,0,0,0,0
1996-05-21,0.0,0.0,0.0,0.0,0.0,0.0,0.0,0.0,0.0,0.0,0.0,0.0,0.0,0.0,0.0,0.0,0,0,0,0
1996-05-22,0.0,0.0,0.0,0.0,0.0,0.0,0.0,0.0,0.0,0.0,0.0,0.0,0.0,0.0,0.0,0.0,0,0,0,0
1996-05-23,0.0,0.0,0.0,0.0,0.0,0.0,0.0,0.0,0.0,0.0,0.0,0.0,0.0,0.0,0.0,0.0,0,0,0,0
1996-05-24,0.0,0.0,0.0,0.0,0.0,0.0,0.0,0.0,0.0,0.0,0.0,0.0,0.0,0.0,0.0,0.0,0,0,0,0
1996-05-25,0.0,0.0,0.0,0.0,0.0,0.0,0.0,0.0,0.0,0.0,0.0,0.0,0.0,0.0,0.0,0.0,0,0,0,0
1996-05-27,0.0,0.0,0.0,0.0,0.0,0.0,0.0,0.0,0.0,0.0,0.0,0.0,0.0,0.0,0.0,0.0,0,0,0,0
1996-05-28,0.0,0.0,0.0,0.0,0.0,0.0,0.0,0.0,0.0,0.0,0.0,0.0,0.0,0.0,0.0,0.0,0,0,0,0
1996-05-29,0.0,0.0,0.0,0.0,0.0,0.0,0.0,0.0,0.0,0.0,0.0,0.0,0.0,0.0,0.0,0.0,0,0,0,0
1996-05-30,0.0,0.0,0.0,0.0,0.0,0.0,0.0,0.0,0.0,0.0,0.0,0.0,0.0,0.0,0.0,0.0,0,0,0,0
1996-05-31,0.0,0.0,0.0,0.0,0.0,0.0,0.0,0.0,0.0,0.0,0.0,0.0,0.0,0.0,0.0,0.0,0,0,0,0
1996-06-01,0.0,0.0,0.0,0.0,0.0,0.0,0.0,0.0,0.0,0.0,0.0,0.0,0.0,0.0,0.0,0.0,0,0,0,0
1996-06-03,0.0,0.0,0.0,0.0,0.0,0.0,0.0,0.0,0.0,0.0,0.0,0.0,0.0,0.0,0.0,0.0,0,0,0,0
1996-06-04,0.0,0.0,0.0,0.0,0.0,0.0,0.0,0.0,0.0,0.0,0.0,0.0,0.0,0.0,0.0,0.0,0,0,0,0
1996-06-05,0.0,0.0,0.0,0.0,0.0,0.0,0.0,0.0,0.0,0.0,0.0,0.0,0.0,0.0,0.0,0.0,0,0,0,0
1996-06-06,0.0,0.0,0.0,0.0,0.0,0.0,0.0,0.0,0.0,0.0,0.0,0.0,0.0,0.0,0.0,0.0,0,0,0,0
1996-06-07,0.0,0.0,0.0,0.0,0.0,0.0,0.0,0.0,0.0,0.0,0.0,0.0,0.0,0.0,0.0,0.0,0,0,0,0
1996-06-08,0.0,0.0,0.0,0.0,0.0,0.0,0.0,0.0,0.0,0.0,0.0,0.0,0.0,0.0,0.0,0.0,0,0,0,0
1996-06-10,0.0,0.0,0.0,0.0,0.0,0.0,0.0,0.0,0.0,0.0,0.0,0.0,0.0,0.0,0.0,0.0,0,0,0,0
1996-06-11,0.0,0.0,0.0,0.0,0.0,0.0,0.0,0.0,0.0,0.0,0.0,0.0,0.0,0.0,0.0,0.0,0,0,0,0
1996-06-12,0.0,0.0,0.0,0.0,0.0,0.0,0.0,0.0,0.0,0.0,0.0,0.0,0.0,0.0,0.0,0.0,0,0,0,0
1996-06-13,0.0,0.0,0.0,0.0,0.0,0.0,0.0,0.0,0.0,0.0,0.0,0.0,0.0,0.0,0.0,0.0,0,0,0,0
1996-06-14,0.0,0.0,0.0,0.0,0.0,0.0,0.0,0.0,0.0,0.0,0.0,0.0,0.0,0.0,0.0,0.0,0,0,0,0
1996-06-15,0.0,0.0,0.0,0.0,0.0,0.0,0.0,0.0,0.0,0.0,0.0,0.0,0.0,0.0,0.0,0.0,0,0,0,0
1996-06-17,0.0,0.0,0.0,0.0,0.0,0.0,0.0,0.0,0.0,0.0,0.0,0.0,0.0,0.0,0.0,0.0,0,0,0,0
1996-06-18,0.0,0.0,0.0,0.0,0.0,0.0,0.0,0.0,0.0,0.0,0.0,0.0,0.0,0.0,0.0,0.0,0,0,0,0
1996-06-19,0.0,0.0,0.0,0.0,0.0,0.0,0.0,0.0,0.0,0.0,0.0,0.0,0.0,0.0,0.0,0.0,0,0,0,0
1996-06-21,0.0,0.0,0.0,0.0,0.0,0.0,0.0,0.0,0.0,0.0,0.0,0.0,0.0,0.0,0.0,0.0,0,0,0,0
1996-06-22,0.0,0.0,0.0,0.0,0.0,0.0,0.0,0.0,0.0,0.0,0.0,0.0,0.0,0.0,0.0,0.0,0,0,0,0
1996-06-24,0.0,0.0,0.0,0.0,0.0,0.0,0.0,0.0,0.0,0.0,0.0,0.0,0.0,0.0,0.0,0.0,0,0,0,0
1996-06-25,0.0,0.0,0.0,0.0,0.0,0.0,0.0,0.0,0.0,0.0,0.0,0.0,0.0,0.0,0.0,0.0,0,0,0,0
1996-06-26,0.0,0.0,0.0,0.0,0.0,0.0,0.0,0.0,0.0,0.0,0.0,0.0,0.0,0.0,0.0,0.0,0,0,0,0
1996-06-27,0.0,0.0,0.0,0.0,0.0,0.0,0.0,0.0,0.0,0.0,0.0,0.0,0.0,0.0,0.0,0.0,0,0,0,0
1996-06-28,0.0,0.0,0.0,0.0,0.0,0.0,0.0,0.0,0.0,0.0,0.0,0.0,0.0,0.0,0.0,0.0,0,0,0,0
1996-06-29,0.0,0.0,0.0,0.0,0.0,0.0,0.0,0.0,0.0,0.0,0.0,0.0,0.0,0.0,0.0,0.0,0,0,0,0
1996-07-02,0.0,0.0,0.0,0.0,0.0,0.0,0.0,0.0,0.0,0.0,0.0,0.0,0.0,0.0,0.0,0.0,0,0,0,0
1996-07-03,0.0,0.0,0.0,0.0,0.0,0.0,0.0,0.0,0.0,0.0,0.0,0.0,0.0,0.0,0.0,0.0,0,0,0,0
1996-07-04,0.0,0.0,0.0,0.0,0.0,0.0,0.0,0.0,0.0,0.0,0.0,0.0,0.0,0.0,0.0,0.0,0,0,0,0
1996-07-05,0.0,0.0,0.0,0.0,0.0,0.0,0.0,0.0,0.0,0.0,0.0,0.0,0.0,0.0,0.0,0.0,0,0,0,0
1996-07-06,0.0,0.0,0.0,0.0,0.0,0.0,0.0,0.0,0.0,0.0,0.0,0.0,0.0,0.0,0.0,0.0,0,0,0,0
1996-07-08,0.0,0.0,0.0,0.0,0.0,0.0,0.0,0.0,0.0,0.0,0.0,0.0,0.0,0.0,0.0,0.0,0,0,0,0
1996-07-09,0.0,0.0,0.0,0.0,0.0,0.0,0.0,0.0,0.0,0.0,0.0,0.0,0.0,0.0,0.0,0.0,0,0,0,0
1996-07-10,0.0,0.0,0.0,0.0,0.0,0.0,0.0,0.0,0.0,0.0,0.0,0.0,0.0,0.0,0.0,0.0,0,0,0,0
1996-07-11,0.0,0.0,0.0,0.0,0.0,0.0,0.0,0.0,0.0,0.0,0.0,0.0,0.0,0.0,0.0,0.0,0,0,0,0
1996-07-12,0.0,0.0,0.0,0.0,0.0,0.0,0.0,0.0,0.0,0.0,0.0,0.0,0.0,0.0,0.0,0.0,0,0,0,0
1996-07-13,0.0,0.0,0.0,0.0,0.0,0.0,0.0,0.0,0.0,0.0,0.0,0.0,0.0,0.0,0.0,0.0,0,0,0,0
1996-07-15,0.0,0.0,0.0,0.0,0.0,0.0,0.0,0.0,0.0,0.0,0.0,0.0,0.0,0.0,0.0,0.0,0,0,0,0
1996-07-16,0.0,0.0,0.0,0.0,0.0,0.0,0.0,0.0,0.0,0.0,0.0,0.0,0.0,0.0,0.0,0.0,0,0,0,0
1996-07-17,0.0,0.0,0.0,0.0,0.0,0.0,0.0,0.0,0.0,0.0,0.0,0.0,0.0,0.0,0.0,0.0,0,0,0,0
1996-07-18,0.0,0.0,0.0,0.0,0.0,0.0,0.0,0.0,0.0,0.0,0.0,0.0,0.0,0.0,0.0,0.0,0,0,0,0
1996-07-19,0.0,0.0,0.0,0.0,0.0,0.0,0.0,0.0,0.0,0.0,0.0,0.0,0.0,0.0,0.0,0.0,0,0,0,0
1996-07-20,0.0,0.0,0.0,0.0,0.0,0.0,0.0,0.0,0.0,0.0,0.0,0.0,0.0,0.0,0.0,0.0,0,0,0,0
1996-07-22,0.0,0.0,0.0,0.0,0.0,0.0,0.0,0.0,0.0,0.0,0.0,0.0,0.0,0.0,0.0,0.0,0,0,0,0
1996-07-23,0.0,0.0,0.0,0.0,0.0,0.0,0.0,0.0,0.0,0.0,0.0,0.0,0.0,0.0,0.0,0.0,0,0,0,0
1996-07-24,0.0,0.0,0.0,0.0,0.0,0.0,0.0,0.0,0.0,0.0,0.0,0.0,0.0,0.0,0.0,0.0,0,0,0,0
1996-07-25,0.0,0.0,0.0,0.0,0.0,0.0,0.0,0.0,0.0,0.0,0.0,0.0,0.0,0.0,0.0,0.0,0,0,0,0
1996-07-26,0.0,0.0,0.0,0.0,0.0,0.0,0.0,0.0,0.0,0.0,0.0,0.0,0.0,0.0,0.0,0.0,0,0,0,0
1996-07-27,0.0,0.0,0.0,0.0,0.0,0.0,0.0,0.0,0.0,0.0,0.0,0.0,0.0,0.0,0.0,0.0,0,0,0,0
1996-07-29,0.0,0.0,0.0,0.0,0.0,0.0,0.0,0.0,0.0,0.0,0.0,0.0,0.0,0.0,0.0,0.0,0,0,0,0
1996-07-30,0.0,0.0,0.0,0.0,0.0,0.0,0.0,0.0,0.0,0.0,0.0,0.0,0.0,0.0,0.0,0.0,0,0,0,0
1996-08-02,0.0,0.0,0.0,0.0,0.0,0.0,0.0,0.0,0.0,0.0,0.0,0.0,0.0,0.0,0.0,0.0,0,0,0,0
1996-08-03,0.0,0.0,0.0,0.0,0.0,0.0,0.0,0.0,0.0,0.0,0.0,0.0,0.0,0.0,0.0,0.0,0,0,0,0
1996-08-05,0.0,0.0,0.0,0.0,0.0,0.0,0.0,0.0,0.0,0.0,0.0,0.0,0.0,0.0,0.0,0.0,0,0,0,0
1996-08-06,0.0,0.0,0.0,0.0,0.0,0.0,0.0,0.0,0.0,0.0,0.0,0.0,0.0,0.0,0.0,0.0,0,0,0,0
1996-08-07,0.0,0.0,0.0,0.0,0.0,0.0,0.0,0.0,0.0,0.0,0.0,0.0,0.0,0.0,0.0,0.0,0,0,0,0
1996-08-08,0.0,0.0,0.0,0.0,0.0,0.0,0.0,0.0,0.0,0.0,0.0,0.0,0.0,0.0,0.0,0.0,0,0,0,0
1996-08-09,0.0,0.0,0.0,0.0,0.0,0.0,0.0,0.0,0.0,0.0,0.0,0.0,0.0,0.0,0.0,0.0,0,0,0,0
1996-08-10,0.0,0.0,0.0,0.0,0.0,0.0,0.0,0.0,0.0,0.0,0.0,0.0,0.0,0.0,0.0,0.0,0,0,0,0
1996-08-12,0.0,0.0,0.0,0.0,0.0,0.0,0.0,0.0,0.0,0.0,0.0,0.0,0.0,0.0,0.0,0.0,0,0,0,0
1996-08-13,0.0,0.0,0.0,0.0,0.0,0.0,0.0,0.0,0.0,0.0,0.0,0.0,0.0,0.0,0.0,0.0,0,0,0,0
1996-08-14,0.0,0.0,0.0,0.0,0.0,0.0,0.0,0.0,0.0,0.0,0.0,0.0,0.0,0.0,0.0,0.0,0,0,0,0
1996-08-15,0.0,0.0,0.0,0.0,0.0,0.0,0.0,0.0,0.0,0.0,0.0,0.0,0.0,0.0,0.0,0.0,0,0,0,0
1996-08-16,0.0,0.0,0.0,0.0,0.0,0.0,0.0,0.0,0.0,0.0,0.0,0.0,0.0,0.0,0.0,0.0,0,0,0,0
1996-08-17,0.0,0.0,0.0,0.0,0.0,0.0,0.0,0.0,0.0,0.0,0.0,0.0,0.0,0.0,0.0,0.0,0,0,0,0
1996-08-19,0.0,0.0,0.0,0.0,0.0,0.0,0.0,0.0,0.0,0.0,0.0,0.0,0.0,0.0,0.0,0.0,0,0,0,0
1996-08-20,0.0,0.0,0.0,0.0,0.0,0.0,0.0,0.0,0.0,0.0,0.0,0.0,0.0,0.0,0.0,0.0,0,0,0,0
1996-08-21,0.0,0.0,0.0,0.0,0.0,0.0,0.0,0.0,0.0,0.0,0.0,0.0,0.0,0.0,0.0,0.0,0,0,0,0
1996-08-22,0.0,0.0,0.0,0.0,0.0,0.0,0.0,0.0,0.0,0.0,0.0,0.0,0.0,0.0,0.0,0.0,0,0,0,0
1996-08-23,0.0,0.0,0.0,0.0,0.0,0.0,0.0,0.0,0.0,0.0,0.0,0.0,0.0,0.0,0.0,0.0,0,0,0,0
1996-08-24,0.0,0.0,0.0,0.0,0.0,0.0,0.0,0.0,0.0,0.0,0.0,0.0,0.0,0.0,0.0,0.0,0,0,0,0
1996-08-26,0.0,0.0,0.0,0.0,0.0,0.0,0.0,0.0,0.0,0.0,0.0,0.0,0.0,0.0,0.0,0.0,0,0,0,0
1996-08-27,0.0,0.0,0.0,0.0,0.0,0.0,0.0,0.0,0.0,0.0,0.0,0.0,0.0,0.0,0.0,0.0,0,0,0,0
1996-08-28,0.0,0.0,0.0,0.0,0.0,0.0,0.0,0.0,0.0,0.0,0.0,0.0,0.0,0.0,0.0,0.0,0,0,0,0
1996-08-29,0.0,0.0,0.0,0.0,0.0,0.0,0.0,0.0,0.0,0.0,0.0,0.0,0.0,0.0,0.0,0.0,0,0,0,0
1996-08-30,0.0,0.0,0.0,0.0,0.0,0.0,0.0,0.0,0.0,0.0,0.0,0.0,0.0,0.0,0.0,0.0,0,0,0,0
1996-08-31,0.0,0.0,0.0,0.0,0.0,0.0,0.0,0.0,0.0,0.0,0.0,0.0,0.0,0.0,0.0,0.0,0,0,0,0
1996-09-02,0.0,0.0,0.0,0.0,0.0,0.0,0.0,0.0,0.0,0.0,0.0,0.0,0.0,0.0,0.0,0.0,0,0,0,0
1996-09-03,0.0,0.0,0.0,0.0,0.0,0.0,0.0,0.0,0.0,0.0,0.0,0.0,0.0,0.0,0.0,0.0,0,0,0,0
1996-09-04,0.0,0.0,0.0,0.0,0.0,0.0,0.0,0.0,0.0,0.0,0.0,0.0,0.0,0.0,0.0,0.0,0,0,0,0
1996-09-05,0.0,0.0,0.0,0.0,0.0,0.0,0.0,0.0,0.0,0.0,0.0,0.0,0.0,0.0,0.0,0.0,0,0,0,0
1996-09-06,0.0,0.0,0.0,0.0,0.0,0.0,0.0,0.0,0.0,0.0,0.0,0.0,0.0,0.0,0.0,0.0,0,0,0,0
1996-09-07,0.0,0.0,0.0,0.0,0.0,0.0,0.0,0.0,0.0,0.0,0.0,0.0,0.0,0.0,0.0,0.0,0,0,0,0
1996-09-09,0.0,0.0,0.0,0.0,0.0,0.0,0.0,0.0,0.0,0.0,0.0,0.0,0.0,0.0,0.0,0.0,0,0,0,0
1996-09-10,0.0,0.0,0.0,0.0,0.0,0.0,0.0,0.0,0.0,0.0,0.0,0.0,0.0,0.0,0.0,0.0,0,0,0,0
1996-09-11,0.0,0.0,0.0,0.0,0.0,0.0,0.0,0.0,0.0,0.0,0.0,0.0,0.0,0.0,0.0,0.0,0,0,0,0
1996-09-12,0.0,0.0,0.0,0.0,0.0,0.0,0.0,0.0,0.0,0.0,0.0,0.0,0.0,0.0,0.0,0.0,0,0,0,0
1996-09-13,0.0,0.0,0.0,0.0,0.0,0.0,0.0,0.0,0.0,0.0,0.0,0.0,0.0,0.0,0.0,0.0,0,0,0,0
1996-09-14,0.0,0.0,0.0,0.0,0.0,0.0,0.0,0.0,0.0,0.0,0.0,0.0,0.0,0.0,0.0,0.0,0,0,0,0
1996-09-16,0.0,0.0,0.0,0.0,0.0,0.0,0.0,0.0,0.0,0.0,0.0,0.0,0.0,0.0,0.0,0.0,0,0,0,0
1996-09-17,0.0,0.0,0.0,0.0,0.0,0.0,0.0,0.0,0.0,0.0,0.0,0.0,0.0,0.0,0.0,0.0,0,0,0,0
1996-09-18,0.0,0.0,0.0,0.0,0.0,0.0,0.0,0.0,0.0,0.0,0.0,0.0,0.0,0.0,0.0,0.0,0,0,0,0
1996-09-19,0.0,0.0,0.0,0.0,0.0,0.0,0.0,0.0,0.0,0.0,0.0,0.0,0.0,0.0,0.0,0.0,0,0,0,0
1996-09-20,0.0,0.0,0.0,0.0,0.0,0.0,0.0,0.0,0.0,0.0,0.0,0.0,0.0,0.0,0.0,0.0,0,0,0,0
1996-09-21,0.0,0.0,0.0,0.0,0.0,0.0,0.0,0.0,0.0,0.0,0.0,0.0,0.0,0.0,0.0,0.0,0,0,0,0
1996-09-23,0.0,0.0,0.0,0.0,0.0,0.0,0.0,0.0,0.0,0.0,0.0,0.0,0.0,0.0,0.0,0.0,0,0,0,0
1996-09-24,0.0,0.0,0.0,0.0,0.0,0.0,0.0,0.0,0.0,0.0,0.0,0.0,0.0,0.0,0.0,0.0,0,0,0,0
1996-09-25,0.0,0.0,0.0,0.0,0.0,0.0,0.0,0.0,0.0,0.0,0.0,0.0,0.0,0.0,0.0,0.0,0,0,0,0
1996-09-26,0.0,0.0,0.0,0.0,0.0,0.0,0.0,0.0,0.0,0.0,0.0,0.0,0.0,0.0,0.0,0.0,0,0,0,0
1996-09-30,0.0,0.0,0.0,0.0,0.0,0.0,0.0,0.0,0.0,0.0,0.0,0.0,0.0,0.0,0.0,0.0,0,0,0,0
1996-10-01,0.0,0.0,0.0,0.0,0.0,0.0,0.0,0.0,0.0,0.0,0.0,0.0,0.0,0.0,0.0,0.0,0,0,0,0
1996-10-02,0.0,0.0,0.0,0.0,0.0,0.0,0.0,0.0,0.0,0.0,0.0,0.0,0.0,0.0,0.0,0.0,0,0,0,0
1996-10-03,0.0,0.0,0.0,0.0,0.0,0.0,0.0,0.0,0.0,0.0,0.0,0.0,0.0,0.0,0.0,0.0,0,0,0,0
1996-10-04,0.0,0.0,0.0,0.0,0.0,0.0,0.0,0.0,0.0,0.0,0.0,0.0,0.0,0.0,0.0,0.0,0,0,0,0
1996-10-05,0.0,0.0,0.0,0.0,0.0,0.0,0.0,0.0,0.0,0.0,0.0,0.0,0.0,0.0,0.0,0.0,0,0,0,0
1996-10-07,0.0,0.0,0.0,0.0,0.0,0.0,0.0,0.0,0.0,0.0,0.0,0.0,0.0,0.0,0.0,0.0,0,0,0,0
1996-10-08,0.0,0.0,0.0,0.0,0.0,0.0,0.0,0.0,0.0,0.0,0.0,0.0,0.0,0.0,0.0,0.0,0,0,0,0
1996-10-09,0.0,0.0,0.0,0.0,0.0,0.0,0.0,0.0,0.0,0.0,0.0,0.0,0.0,0.0,0.0,0.0,0,0,0,0
1996-10-11,0.0,0.0,0.0,0.0,0.0,0.0,0.0,0.0,0.0,0.0,0.0,0.0,0.0,0.0,0.0,0.0,0,0,0,0
1996-10-12,0.0,0.0,0.0,0.0,0.0,0.0,0.0,0.0,0.0,0.0,0.0,0.0,0.0,0.0,0.0,0.0,0,0,0,0
1996-10-14,0.0,0.0,0.0,0.0,0.0,0.0,0.0,0.0,0.0,0.0,0.0,0.0,0.0,0.0,0.0,0.0,0,0,0,0
1996-10-15,0.0,0.0,0.0,0.0,0.0,0.0,0.0,0.0,0.0,0.0,0.0,0.0,0.0,0.0,0.0,0.0,0,0,0,0
1996-10-16,0.0,0.0,0.0,0.0,0.0,0.0,0.0,0.0,0.0,0.0,0.0,0.0,0.0,0.0,0.0,0.0,0,0,0,0
1996-10-17,0.0,0.0,0.0,0.0,0.0,0.0,0.0,0.0,0.0,0.0,0.0,0.0,0.0,0.0,0.0,0.0,0,0,0,0
1996-10-18,0.0,0.0,0.0,0.0,0.0,0.0,0.0,0.0,0.0,0.0,0.0,0.0,0.0,0.0,0.0,0.0,0,0,0,0
1996-10-19,0.0,0.0,0.0,0.0,0.0,0.0,0.0,0.0,0.0,0.0,0.0,0.0,0.0,0.0,0.0,0.0,0,0,0,0
1996-10-21,0.0,0.0,0.0,0.0,0.0,0.0,0.0,0.0,0.0,0.0,0.0,0.0,0.0,0.0,0.0,0.0,0,0,0,0
1996-10-22,0.0,0.0,0.0,0.0,0.0,0.0,0.0,0.0,0.0,0.0,0.0,0.0,0.0,0.0,0.0,0.0,0,0,0,0
1996-10-23,0.0,0.0,0.0,0.0,0.0,0.0,0.0,0.0,0.0,0.0,0.0,0.0,0.0,0.0,0.0,0.0,0,0,0,0
1996-10-24,0.0,0.0,0.0,0.0,0.0,0.0,0.0,0.0,0.0,0.0,0.0,0.0,0.0,0.0,0.0,0.0,0,0,0,0
1996-10-28,0.0,0.0,0.0,0.0,0.0,0.0,0.0,0.0,0.0,0.0,0.0,0.0,0.0,0.0,0.0,0.0,0,0,0,0
1996-10-29,0.0,0.0,0.0,0.0,0.0,0.0,0.0,0.0,0.0,0.0,0.0,0.0,0.0,0.0,0.0,0.0,0,0,0,0
1996-10-30,0.0,0.0,0.0,0.0,0.0,0.0,0.0,0.0,0.0,0.0,0.0,0.0,0.0,0.0,0.0,0.0,0,0,0,0
1996-11-01,0.0,0.0,0.0,0.0,0.0,0.0,0.0,0.0,0.0,0.0,0.0,0.0,0.0,0.0,0.0,0.0,0,0,0,0
1996-11-02,0.0,0.0,0.0,0.0,0.0,0.0,0.0,0.0,0.0,0.0,0.0,0.0,0.0,0.0,0.0,0.0,0,0,0,0
1996-11-04,0.0,0.0,0.0,0.0,0.0,0.0,0.0,0.0,0.0,0.0,0.0,0.0,0.0,0.0,0.0,0.0,0,0,0,0
1996-11-05,0.0,0.0,0.0,0.0,0.0,0.0,0.0,0.0,0.0,0.0,0.0,0.0,0.0,0.0,0.0,0.0,0,0,0,0
1996-11-06,0.0,0.0,0.0,0.0,0.0,0.0,0.0,0.0,0.0,0.0,0.0,0.0,0.0,0.0,0.0,0.0,0,0,0,0
1996-11-07,0.0,0.0,0.0,0.0,0.0,0.0,0.0,0.0,0.0,0.0,0.0,0.0,0.0,0.0,0.0,0.0,0,0,0,0
1996-11-08,0.0,0.0,0.0,0.0,0.0,0.0,0.0,0.0,0.0,0.0,0.0,0.0,0.0,0.0,0.0,0.0,0,0,0,0
1996-11-09,0.0,0.0,0.0,0.0,0.0,0.0,0.0,0.0,0.0,0.0,0.0,0.0,0.0,0.0,0.0,0.0,0,0,0,0
1996-11-11,0.0,0.0,0.0,0.0,0.0,0.0,0.0,0.0,0.0,0.0,0.0,0.0,0.0,0.0,0.0,0.0,0,0,0,0
1996-11-13,0.0,0.0,0.0,0.0,0.0,0.0,0.0,0.0,0.0,0.0,0.0,0.0,0.0,0.0,0.0,0.0,0,0,0,0
1996-11-14,0.0,0.0,0.0,0.0,0.0,0.0,0.0,0.0,0.0,0.0,0.0,0.0,0.0,0.0,0.0,0.0,0,0,0,0
1996-11-15,0.0,0.0,0.0,0.0,0.0,0.0,0.0,0.0,0.0,0.0,0.0,0.0,0.0,0.0,0.0,0.0,0,0,0,0
1996-11-16,0.0,0.0,0.0,0.0,0.0,0.0,0.0,0.0,0.0,0.0,0.0,0.0,0.0,0.0,0.0,0.0,0,0,0,0
1996-11-18,0.0,0.0,0.0,0.0,0.0,0.0,0.0,0.0,0.0,0.0,0.0,0.0,0.0,0.0,0.0,0.0,0,0,0,0
1996-11-19,0.0,0.0,0.0,0.0,0.0,0.0,0.0,0.0,0.0,0.0,0.0,0.0,0.0,0.0,0.0,0.0,0,0,0,0
1996-11-20,0.0,0.0,0.0,0.0,0.0,0.0,0.0,0.0,0.0,0.0,0.0,0.0,0.0,0.0,0.0,0.0,0,0,0,0
1996-11-21,0.0,0.0,0.0,0.0,0.0,0.0,0.0,0.0,0.0,0.0,0.0,0.0,0.0,0.0,0.0,0.0,0,0,0,0
1996-11-22,0.0,0.0,0.0,0.0,0.0,0.0,0.0,0.0,0.0,0.0,0.0,0.0,0.0,0.0,0.0,0.0,0,0,0,0
1996-11-23,0.0,0.0,0.0,0.0,0.0,0.0,0.0,0.0,0.0,0.0,0.0,0.0,0.0,0.0,0.0,0.0,0,0,0,0
1996-11-25,0.0,0.0,0.0,0.0,0.0,0.0,0.0,0.0,0.0,0.0,0.0,0.0,0.0,0.0,0.0,0.0,0,0,0,0
1996-11-26,0.0,0.0,0.0,0.0,0.0,0.0,0.0,0.0,0.0,0.0,0.0,0.0,0.0,0.0,0.0,0.0,0,0,0,0
1996-11-27,0.0,0.0,0.0,0.0,0.0,0.0,0.0,0.0,0.0,0.0,0.0,0.0,0.0,0.0,0.0,0.0,0,0,0,0
1996-11-28,0.0,0.0,0.0,0.0,0.0,0.0,0.0,0.0,0.0,0.0,0.0,0.0,0.0,0.0,0.0,0.0,0,0,0,0
1996-11-29,0.0,0.0,0.0,0.0,0.0,0.0,0.0,0.0,0.0,0.0,0.0,0.0,0.0,0.0,0.0,0.0,0,0,0,0
1996-11-30,0.0,0.0,0.0,0.0,0.0,0.0,0.0,0.0,0.0,0.0,0.0,0.0,0.0,0.0,0.0,0.0,0,0,0,0
1996-12-02,0.0,0.0,0.0,0.0,0.0,0.0,0.0,0.0,0.0,0.0,0.0,0.0,0.0,0.0,0.0,0.0,0,0,0,0
1996-12-03,0.0,0.0,0.0,0.0,0.0,0.0,0.0,0.0,0.0,0.0,0.0,0.0,0.0,0.0,0.0,0.0,0,0,0,0
1996-12-04,0.0,0.0,0.0,0.0,0.0,0.0,0.0,0.0,0.0,0.0,0.0,0.0,0.0,0.0,0.0,0.0,0,0,0,0
1996-12-05,0.0,0.0,0.0,0.0,0.0,0.0,0.0,0.0,0.0,0.0,0.0,0.0,0.0,0.0,0.0,0.0,0,0,0,0
1996-12-06,0.0,0.0,0.0,0.0,0.0,0.0,0.0,0.0,0.0,0.0,0.0,0.0,0.0,0.0,0.0,0.0,0,0,0,0
1996-12-07,0.0,0.0,0.0,0.0,0.0,0.0,0.0,0.0,0.0,0.0,0.0,0.0,0.0,0.0,0.0,0.0,0,0,0,0
1996-12-09,0.0,0.0,0.0,0.0,0.0,0.0,0.0,0.0,0.0,0.0,0.0,0.0,0.0,0.0,0.0,0.0,0,0,0,0
1996-12-10,0.0,0.0,0.0,0.0,0.0,0.0,0.0,0.0,0.0,0.0,0.0,0.0,0.0,0.0,0.0,0.0,0,0,0,0
1996-12-11,0.0,0.0,0.0,0.0,0.0,0.0,0.0,0.0,0.0,0.0,0.0,0.0,0.0,0.0,0.0,0.0,0,0,0,0
1996-12-12,0.0,0.0,0.0,0.0,0.0,0.0,0.0,0.0,0.0,0.0,0.0,0.0,0.0,0.0,0.0,0.0,0,0,0,0
1996-12-13,0.0,0.0,0.0,0.0,0.0,0.0,0.0,0.0,0.0,0.0,0.0,0.0,0.0,0.0,0.0,0.0,0,0,0,0
1996-12-14,0.0,0.0,0.0,0.0,0.0,0.0,0.0,0.0,0.0,0.0,0.0,0.0,0.0,0.0,0.0,0.0,0,0,0,0
1996-12-16,0.0,0.0,0.0,0.0,0.0,0.0,0.0,0.0,0.0,0.0,0.0,0.0,0.0,0.0,0.0,0.0,0,0,0,0
1996-12-17,0.0,0.0,0.0,0.0,0.0,0.0,0.0,0.0,0.0,0.0,0.0,0.0,0.0,0.0,0.0,0.0,0,0,0,0
1996-12-18,0.0,0.0,0.0,0.0,0.0,0.0,0.0,0.0,0.0,0.0,0.0,0.0,0.0,0.0,0.0,0.0,0,0,0,0
1996-12-19,0.0,0.0,0.0,0.0,0.0,0.0,0.0,0.0,0.0,0.0,0.0,0.0,0.0,0.0,0.0,0.0,0,0,0,0
1996-12-20,0.0,0.0,0.0,0.0,0.0,0.0,0.0,0.0,0.0,0.0,0.0,0.0,0.0,0.0,0.0,0.0,0,0,0,0
1996-12-21,0.0,0.0,0.0,0.0,0.0,0.0,0.0,0.0,0.0,0.0,0.0,0.0,0.0,0.0,0.0,0.0,0,0,0,0
1996-12-23,0.0,0.0,0.0,0.0,0.0,0.0,0.0,0.0,0.0,0.0,0.0,0.0,0.0,0.0,0.0,0.0,0,0,0,0
1996-12-24,0.0,0.0,0.0,0.0,0.0,0.0,0.0,0.0,0.0,0.0,0.0,0.0,0.0,0.0,0.0,0.0,0,0,0,0
1996-12-26,0.0,0.0,0.0,0.0,0.0,0.0,0.0,0.0,0.0,0.0,0.0,0.0,0.0,0.0,0.0,0.0,0,0,0,0
1996-12-27,0.0,0.0,0.0,0.0,0.0,0.0,0.0,0.0,0.0,0.0,0.0,0.0,0.0,0.0,0.0,0.0,0,0,0,0
1996-12-28,0.0,0.0,0.0,0.0,0.0,0.0,0.0,0.0,0.0,0.0,0.0,0.0,0.0,0.0,0.0,0.0,0,0,0,0
1996-12-30,0.0,0.0,0.0,0.0,0.0,0.0,0.0,0.0,0.0,0.0,0.0,0.0,0.0,0.0,0.0,0.0,0,0,0,0
1996-12-31,0.0,0.0,0.0,0.0,0.0,0.0,0.0,0.0,0.0,0.0,0.0,0.0,0.0,0.0,0.0,0.0,0,0,0,0
1997-01-04,0.0,0.0,0.0,0.0,0.0,0.0,0.0,0.0,0.0,0.0,0.0,0.0,0.0,0.0,0.0,0.0,0,0,0,0
1997-01-06,0.0,0.0,0.0,0.0,0.0,0.0,0.0,0.0,0.0,0.0,0.0,0.0,0.0,0.0,0.0,0.0,0,0,0,0
1997-01-07,0.0,0.0,0.0,0.0,0.0,0.0,0.0,0.0,0.0,0.0,0.0,0.0,0.0,0.0,0.0,0.0,0,0,0,0
1997-01-08,0.0,0.0,0.0,0.0,0.0,0.0,0.0,0.0,0.0,0.0,0.0,0.0,0.0,0.0,0.0,0.0,0,0,0,0
1997-01-09,0.0,0.0,0.0,0.0,0.0,0.0,0.0,0.0,0.0,0.0,0.0,0.0,0.0,0.0,0.0,0.0,0,0,0,0
1997-01-10,0.0,0.0,0.0,0.0,0.0,0.0,0.0,0.0,0.0,0.0,0.0,0.0,0.0,0.0,0.0,0.0,0,0,0,0
1997-01-11,0.0,0.0,0.0,0.0,0.0,0.0,0.0,0.0,0.0,0.0,0.0,0.0,0.0,0.0,0.0,0.0,0,0,0,0
1997-01-13,0.0,0.0,0.0,0.0,0.0,0.0,0.0,0.0,0.0,0.0,0.0,0.0,0.0,0.0,0.0,0.0,0,0,0,0
1997-01-14,0.0,0.0,0.0,0.0,0.0,0.0,0.0,0.0,0.0,0.0,0.0,0.0,0.0,0.0,0.0,0.0,0,0,0,0
1997-01-15,0.0,0.0,0.0,0.0,0.0,0.0,0.0,0.0,0.0,0.0,0.0,0.0,0.0,0.0,0.0,0.0,0,0,0,0
1997-01-16,0.0,0.0,0.0,0.0,0.0,0.0,0.0,0.0,0.0,0.0,0.0,0.0,0.0,0.0,0.0,0.0,0,0,0,0
1997-01-17,0.0,0.0,0.0,0.0,0.0,0.0,0.0,0.0,0.0,0.0,0.0,0.0,0.0,0.0,0.0,0.0,0,0,0,0
1997-01-18,0.0,0.0,0.0,0.0,0.0,0.0,0.0,0.0,0.0,0.0,0.0,0.0,0.0,0.0,0.0,0.0,0,0,0,0
1997-01-20,0.0,0.0,0.0,0.0,0.0,0.0,0.0,0.0,0.0,0.0,0.0,0.0,0.0,0.0,0.0,0.0,0,0,0,0
1997-01-21,0.0,0.0,0.0,0.0,0.0,0.0,0.0,0.0,0.0,0.0,0.0,0.0,0.0,0.0,0.0,0.0,0,0,0,0
1997-01-22,0.0,0.0,0.0,0.0,0.0,0.0,0.0,0.0,0.0,0.0,0.0,0.0,0.0,0.0,0.0,0.0,0,0,0,0
1997-01-23,0.0,0.0,0.0,0.0,0.0,0.0,0.0,0.0,0.0,0.0,0.0,0.0,0.0,0.0,0.0,0.0,0,0,0,0
1997-01-24,0.0,0.0,0.0,0.0,0.0,0.0,0.0,0.0,0.0,0.0,0.0,0.0,0.0,0.0,0.0,0.0,0,0,0,0
1997-01-25,0.0,0.0,0.0,0.0,0.0,0.0,0.0,0.0,0.0,0.0,0.0,0.0,0.0,0.0,0.0,0.0,0,0,0,0
1997-01-27,0.0,0.0,0.0,0.0,0.0,0.0,0.0,0.0,0.0,0.0,0.0,0.0,0.0,0.0,0.0,0.0,0,0,0,0
1997-01-28,0.0,0.0,0.0,0.0,0.0,0.0,0.0,0.0,0.0,0.0,0.0,0.0,0.0,0.0,0.0,0.0,0,0,0,0
1997-01-29,0.0,0.0,0.0,0.0,0.0,0.0,0.0,0.0,0.0,0.0,0.0,0.0,0.0,0.0,0.0,0.0,0,0,0,0
1997-01-30,0.0,0.0,0.0,0.0,0.0,0.0,0.0,0.0,0.0,0.0,0.0,0.0,0.0,0.0,0.0,0.0,0,0,0,0
1997-01-31,0.0,0.0,0.0,0.0,0.0,0.0,0.0,0.0,0.0,0.0,0.0,0.0,0.0,0.0,0.0,0.0,0,0,0,0
1997-02-01,0.0,0.0,0.0,0.0,0.0,0.0,0.0,0.0,0.0,0.0,0.0,0.0,0.0,0.0,0.0,0.0,0,0,0,0
1997-02-03,0.0,0.0,0.0,0.0,0.0,0.0,0.0,0.0,0.0,0.0,0.0,0.0,0.0,0.0,0.0,0.0,0,0,0,0
1997-02-11,0.0,0.0,0.0,0.0,0.0,0.0,0.0,0.0,0.0,0.0,0.0,0.0,0.0,0.0,0.0,0.0,0,0,0,0
1997-02-12,0.0,0.0,0.0,0.0,0.0,0.0,0.0,0.0,0.0,0.0,0.0,0.0,0.0,0.0,0.0,0.0,0,0,0,0
1997-02-13,0.0,0.0,0.0,0.0,0.0,0.0,0.0,0.0,0.0,0.0,0.0,0.0,0.0,0.0,0.0,0.0,0,0,0,0
1997-02-14,0.0,0.0,0.0,0.0,0.0,0.0,0.0,0.0,0.0,0.0,0.0,0.0,0.0,0.0,0.0,0.0,0,0,0,0
1997-02-15,0.0,0.0,0.0,0.0,0.0,0.0,0.0,0.0,0.0,0.0,0.0,0.0,0.0,0.0,0.0,0.0,0,0,0,0
1997-02-17,0.0,0.0,0.0,0.0,0.0,0.0,0.0,0.0,0.0,0.0,0.0,0.0,0.0,0.0,0.0,0.0,0,0,0,0
1997-02-18,0.0,0.0,0.0,0.0,0.0,0.0,0.0,0.0,0.0,0.0,0.0,0.0,0.0,0.0,0.0,0.0,0,0,0,0
1997-02-19,0.0,0.0,0.0,0.0,0.0,0.0,0.0,0.0,0.0,0.0,0.0,0.0,0.0,0.0,0.0,0.0,0,0,0,0
1997-02-20,0.0,0.0,0.0,0.0,0.0,0.0,0.0,0.0,0.0,0.0,0.0,0.0,0.0,0.0,0.0,0.0,0,0,0,0
1997-02-21,0.0,0.0,0.0,0.0,0.0,0.0,0.0,0.0,0.0,0.0,0.0,0.0,0.0,0.0,0.0,0.0,0,0,0,0
1997-02-22,0.0,0.0,0.0,0.0,0.0,0.0,0.0,0.0,0.0,0.0,0.0,0.0,0.0,0.0,0.0,0.0,0,0,0,0
1997-02-24,0.0,0.0,0.0,0.0,0.0,0.0,0.0,0.0,0.0,0.0,0.0,0.0,0.0,0.0,0.0,0.0,0,0,0,0
1997-02-25,0.0,0.0,0.0,0.0,0.0,0.0,0.0,0.0,0.0,0.0,0.0,0.0,0.0,0.0,0.0,0.0,0,0,0,0
1997-02-26,0.0,0.0,0.0,0.0,0.0,0.0,0.0,0.0,0.0,0.0,0.0,0.0,0.0,0.0,0.0,0.0,0,0,0,0
1997-02-27,0.0,0.0,0.0,0.0,0.0,0.0,0.0,0.0,0.0,0.0,0.0,0.0,0.0,0.0,0.0,0.0,0,0,0,0
1997-02-28,0.0,0.0,0.0,0.0,0.0,0.0,0.0,0.0,0.0,0.0,0.0,0.0,0.0,0.0,0.0,0.0,0,0,0,0
1997-03-01,0.0,0.0,0.0,0.0,0.0,0.0,0.0,0.0,0.0,0.0,0.0,0.0,0.0,0.0,0.0,0.0,0,0,0,0
1997-03-03,0.0,0.0,0.0,0.0,0.0,0.0,0.0,0.0,0.0,0.0,0.0,0.0,0.0,0.0,0.0,0.0,0,0,0,0
1997-03-04,0.0,0.0,0.0,0.0,0.0,0.0,0.0,0.0,0.0,0.0,0.0,0.0,0.0,0.0,0.0,0.0,0,0,0,0
1997-03-05,0.0,0.0,0.0,0.0,0.0,0.0,0.0,0.0,0.0,0.0,0.0,0.0,0.0,0.0,0.0,0.0,0,0,0,0
1997-03-06,0.0,0.0,0.0,0.0,0.0,0.0,0.0,0.0,0.0,0.0,0.0,0.0,0.0,0.0,0.0,0.0,0,0,0,0
1997-03-07,0.0,0.0,0.0,0.0,0.0,0.0,0.0,0.0,0.0,0.0,0.0,0.0,0.0,0.0,0.0,0.0,0,0,0,0
1997-03-08,0.0,0.0,0.0,0.0,0.0,0.0,0.0,0.0,0.0,0.0,0.0,0.0,0.0,0.0,0.0,0.0,0,0,0,0
1997-03-10,0.0,0.0,0.0,0.0,0.0,0.0,0.0,0.0,0.0,0.0,0.0,0.0,0.0,0.0,0.0,0.0,0,0,0,0
1997-03-11,0.0,0.0,0.0,0.0,0.0,0.0,0.0,0.0,0.0,0.0,0.0,0.0,0.0,0.0,0.0,0.0,0,0,0,0
1997-03-12,0.0,0.0,0.0,0.0,0.0,0.0,0.0,0.0,0.0,0.0,0.0,0.0,0.0,0.0,0.0,0.0,0,0,0,0
1997-03-13,0.0,0.0,0.0,0.0,0.0,0.0,0.0,0.0,0.0,0.0,0.0,0.0,0.0,0.0,0.0,0.0,0,0,0,0
1997-03-14,0.0,0.0,0.0,0.0,0.0,0.0,0.0,0.0,0.0,0.0,0.0,0.0,0.0,0.0,0.0,0.0,0,0,0,0
1997-03-15,0.0,0.0,0.0,0.0,0.0,0.0,0.0,0.0,0.0,0.0,0.0,0.0,0.0,0.0,0.0,0.0,0,0,0,0
1997-03-17,0.0,0.0,0.0,0.0,0.0,0.0,0.0,0.0,0.0,0.0,0.0,0.0,0.0,0.0,0.0,0.0,0,0,0,0
1997-03-18,0.0,0.0,0.0,0.0,0.0,0.0,0.0,0.0,0.0,0.0,0.0,0.0,0.0,0.0,0.0,0.0,0,0,0,0
1997-03-19,0.0,0.0,0.0,0.0,0.0,0.0,0.0,0.0,0.0,0.0,0.0,0.0,0.0,0.0,0.0,0.0,0,0,0,0
1997-03-20,0.0,0.0,0.0,0.0,0.0,0.0,0.0,0.0,0.0,0.0,0.0,0.0,0.0,0.0,0.0,0.0,0,0,0,0
1997-03-21,0.0,0.0,0.0,0.0,0.0,0.0,0.0,0.0,0.0,0.0,0.0,0.0,0.0,0.0,0.0,0.0,0,0,0,0
1997-03-22,0.0,0.0,0.0,0.0,0.0,0.0,0.0,0.0,0.0,0.0,0.0,0.0,0.0,0.0,0.0,0.0,0,0,0,0
1997-03-24,0.0,0.0,0.0,0.0,0.0,0.0,0.0,0.0,0.0,0.0,0.0,0.0,0.0,0.0,0.0,0.0,0,0,0,0
1997-03-25,0.0,0.0,0.0,0.0,0.0,0.0,0.0,0.0,0.0,0.0,0.0,0.0,0.0,0.0,0.0,0.0,0,0,0,0
1997-03-26,0.0,0.0,0.0,0.0,0.0,0.0,0.0,0.0,0.0,0.0,0.0,0.0,0.0,0.0,0.0,0.0,0,0,0,0
1997-03-27,0.0,0.0,0.0,0.0,0.0,0.0,0.0,0.0,0.0,0.0,0.0,0.0,0.0,0.0,0.0,0.0,0,0,0,0
1997-03-28,0.0,0.0,0.0,0.0,0.0,0.0,0.0,0.0,0.0,0.0,0.0,0.0,0.0,0.0,0.0,0.0,0,0,0,0
1997-03-31,0.0,0.0,0.0,0.0,0.0,0.0,0.0,0.0,0.0,0.0,0.0,0.0,0.0,0.0,0.0,0.0,0,0,0,0
1997-04-01,0.0,0.0,0.0,0.0,0.0,0.0,0.0,0.0,0.0,0.0,0.0,0.0,0.0,0.0,0.0,0.0,0,0,0,0
1997-04-02,0.0,0.0,0.0,0.0,0.0,0.0,0.0,0.0,0.0,0.0,0.0,0.0,0.0,0.0,0.0,0.0,0,0,0,0
1997-04-03,0.0,0.0,0.0,0.0,0.0,0.0,0.0,0.0,0.0,0.0,0.0,0.0,0.0,0.0,0.0,0.0,0,0,0,0
1997-04-07,0.0,0.0,0.0,0.0,0.0,0.0,0.0,0.0,0.0,0.0,0.0,0.0,0.0,0.0,0.0,0.0,0,0,0,0
1997-04-08,0.0,0.0,0.0,0.0,0.0,0.0,0.0,0.0,0.0,0.0,0.0,0.0,0.0,0.0,0.0,0.0,0,0,0,0
1997-04-09,0.0,0.0,0.0,0.0,0.0,0.0,0.0,0.0,0.0,0.0,0.0,0.0,0.0,0.0,0.0,0.0,0,0,0,0
1997-04-10,0.0,0.0,0.0,0.0,0.0,0.0,0.0,0.0,0.0,0.0,0.0,0.0,0.0,0.0,0.0,0.0,0,0,0,0
1997-04-11,0.0,0.0,0.0,0.0,0.0,0.0,0.0,0.0,0.0,0.0,0.0,0.0,0.0,0.0,0.0,0.0,0,0,0,0
1997-04-12,0.0,0.0,0.0,0.0,0.0,0.0,0.0,0.0,0.0,0.0,0.0,0.0,0.0,0.0,0.0,0.0,0,0,0,0
1997-04-14,0.0,0.0,0.0,0.0,0.0,0.0,0.0,0.0,0.0,0.0,0.0,0.0,0.0,0.0,0.0,0.0,0,0,0,0
1997-04-15,0.0,0.0,0.0,0.0,0.0,0.0,0.0,0.0,0.0,0.0,0.0,0.0,0.0,0.0,0.0,0.0,0,0,0,0
1997-04-16,0.0,0.0,0.0,0.0,0.0,0.0,0.0,0.0,0.0,0.0,0.0,0.0,0.0,0.0,0.0,0.0,0,0,0,0
1997-04-17,0.0,0.0,0.0,0.0,0.0,0.0,0.0,0.0,0.0,0.0,0.0,0.0,0.0,0.0,0.0,0.0,0,0,0,0
1997-04-18,0.0,0.0,0.0,0.0,0.0,0.0,0.0,0.0,0.0,0.0,0.0,0.0,0.0,0.0,0.0,0.0,0,0,0,0
1997-04-19,0.0,0.0,0.0,0.0,0.0,0.0,0.0,0.0,0.0,0.0,0.0,0.0,0.0,0.0,0.0,0.0,0,0,0,0
1997-04-21,0.0,0.0,0.0,0.0,0.0,0.0,0.0,0.0,0.0,0.0,0.0,0.0,0.0,0.0,0.0,0.0,0,0,0,0
1997-04-22,0.0,0.0,0.0,0.0,0.0,0.0,0.0,0.0,0.0,0.0,0.0,0.0,0.0,0.0,0.0,0.0,0,0,0,0
1997-04-23,0.0,0.0,0.0,0.0,0.0,0.0,0.0,0.0,0.0,0.0,0.0,0.0,0.0,0.0,0.0,0.0,0,0,0,0
1997-04-24,0.0,0.0,0.0,0.0,0.0,0.0,0.0,0.0,0.0,0.0,0.0,0.0,0.0,0.0,0.0,0.0,0,0,0,0
1997-04-25,0.0,0.0,0.0,0.0,0.0,0.0,0.0,0.0,0.0,0.0,0.0,0.0,0.0,0.0,0.0,0.0,0,0,0,0
1997-04-26,0.0,0.0,0.0,0.0,0.0,0.0,0.0,0.0,0.0,0.0,0.0,0.0,0.0,0.0,0.0,0.0,0,0,0,0
1997-04-28,0.0,0.0,0.0,0.0,0.0,0.0,0.0,0.0,0.0,0.0,0.0,0.0,0.0,0.0,0.0,0.0,0,0,0,0
1997-04-29,0.0,0.0,0.0,0.0,0.0,0.0,0.0,0.0,0.0,0.0,0.0,0.0,0.0,0.0,0.0,0.0,0,0,0,0
1997-04-30,0.0,0.0,0.0,0.0,0.0,0.0,0.0,0.0,0.0,0.0,0.0,0.0,0.0,0.0,0.0,0.0,0,0,0,0
1997-05-02,0.0,0.0,0.0,0.0,0.0,0.0,0.0,0.0,0.0,0.0,0.0,0.0,0.0,0.0,0.0,0.0,0,0,0,0
1997-05-03,0.0,0.0,0.0,0.0,0.0,0.0,0.0,0.0,0.0,0.0,0.0,0.0,0.0,0.0,0.0,0.0,0,0,0,0
1997-05-05,0.0,0.0,0.0,0.0,0.0,0.0,0.0,0.0,0.0,0.0,0.0,0.0,0.0,0.0,0.0,0.0,0,0,0,0
1997-05-06,0.0,0.0,0.0,0.0,0.0,0.0,0.0,0.0,0.0,0.0,0.0,0.0,0.0,0.0,0.0,0.0,0,0,0,0
1997-05-07,0.0,0.0,0.0,0.0,0.0,0.0,0.0,0.0,0.0,0.0,0.0,0.0,0.0,0.0,0.0,0.0,0,0,0,0
1997-05-08,0.0,0.0,0.0,0.0,0.0,0.0,0.0,0.0,0.0,0.0,0.0,0.0,0.0,0.0,0.0,0.0,0,0,0,0
1997-05-09,0.0,0.0,0.0,0.0,0.0,0.0,0.0,0.0,0.0,0.0,0.0,0.0,0.0,0.0,0.0,0.0,0,0,0,0
1997-05-10,0.0,0.0,0.0,0.0,0.0,0.0,0.0,0.0,0.0,0.0,0.0,0.0,0.0,0.0,0.0,0.0,0,0,0,0
1997-05-12,0.0,0.0,0.0,0.0,0.0,0.0,0.0,0.0,0.0,0.0,0.0,0.0,0.0,0.0,0.0,0.0,0,0,0,0
1997-05-13,0.0,0.0,0.0,0.0,0.0,0.0,0.0,0.0,0.0,0.0,0.0,0.0,0.0,0.0,0.0,0.0,0,0,0,0
1997-05-14,0.0,0.0,0.0,0.0,0.0,0.0,0.0,0.0,0.0,0.0,0.0,0.0,0.0,0.0,0.0,0.0,0,0,0,0
1997-05-15,0.0,0.0,0.0,0.0,0.0,0.0,0.0,0.0,0.0,0.0,0.0,0.0,0.0,0.0,0.0,0.0,0,0,0,0
1997-05-16,0.0,0.0,0.0,0.0,0.0,0.0,0.0,0.0,0.0,0.0,0.0,0.0,0.0,0.0,0.0,0.0,0,0,0,0
1997-05-17,0.0,0.0,0.0,0.0,0.0,0.0,0.0,0.0,0.0,0.0,0.0,0.0,0.0,0.0,0.0,0.0,0,0,0,0
1997-05-19,0.0,0.0,0.0,0.0,0.0,0.0,0.0,0.0,0.0,0.0,0.0,0.0,0.0,0.0,0.0,0.0,0,0,0,0
1997-05-20,0.0,0.0,0.0,0.0,0.0,0.0,0.0,0.0,0.0,0.0,0.0,0.0,0.0,0.0,0.0,0.0,0,0,0,0
1997-05-21,0.0,0.0,0.0,0.0,0.0,0.0,0.0,0.0,0.0,0.0,0.0,0.0,0.0,0.0,0.0,0.0,0,0,0,0
1997-05-22,0.0,0.0,0.0,0.0,0.0,0.0,0.0,0.0,0.0,0.0,0.0,0.0,0.0,0.0,0.0,0.0,0,0,0,0
1997-05-23,0.0,0.0,0.0,0.0,0.0,0.0,0.0,0.0,0.0,0.0,0.0,0.0,0.0,0.0,0.0,0.0,0,0,0,0
1997-05-24,0.0,0.0,0.0,0.0,0.0,0.0,0.0,0.0,0.0,0.0,0.0,0.0,0.0,0.0,0.0,0.0,0,0,0,0
1997-05-26,0.0,0.0,0.0,0.0,0.0,0.0,0.0,0.0,0.0,0.0,0.0,0.0,0.0,0.0,0.0,0.0,0,0,0,0
1997-05-27,0.0,0.0,0.0,0.0,0.0,0.0,0.0,0.0,0.0,0.0,0.0,0.0,0.0,0.0,0.0,0.0,0,0,0,0
1997-05-28,0.0,0.0,0.0,0.0,0.0,0.0,0.0,0.0,0.0,0.0,0.0,0.0,0.0,0.0,0.0,0.0,0,0,0,0
1997-05-29,0.0,0.0,0.0,0.0,0.0,0.0,0.0,0.0,0.0,0.0,0.0,0.0,0.0,0.0,0.0,0.0,0,0,0,0
1997-05-30,0.0,0.0,0.0,0.0,0.0,0.0,0.0,0.0,0.0,0.0,0.0,0.0,0.0,0.0,0.0,0.0,0,0,0,0
1997-05-31,0.0,0.0,0.0,0.0,0.0,0.0,0.0,0.0,0.0,0.0,0.0,0.0,0.0,0.0,0.0,0.0,0,0,0,0
1997-06-02,0.0,0.0,0.0,0.0,0.0,0.0,0.0,0.0,0.0,0.0,0.0,0.0,0.0,0.0,0.0,0.0,0,0,0,0
1997-06-03,0.0,0.0,0.0,0.0,0.0,0.0,0.0,0.0,0.0,0.0,0.0,0.0,0.0,0.0,0.0,0.0,0,0,0,0
1997-06-04,0.0,0.0,0.0,0.0,0.0,0.0,0.0,0.0,0.0,0.0,0.0,0.0,0.0,0.0,0.0,0.0,0,0,0,0
1997-06-05,0.0,0.0,0.0,0.0,0.0,0.0,0.0,0.0,0.0,0.0,0.0,0.0,0.0,0.0,0.0,0.0,0,0,0,0
1997-06-06,0.0,0.0,0.0,0.0,0.0,0.0,0.0,0.0,0.0,0.0,0.0,0.0,0.0,0.0,0.0,0.0,0,0,0,0
1997-06-07,0.0,0.0,0.0,0.0,0.0,0.0,0.0,0.0,0.0,0.0,0.0,0.0,0.0,0.0,0.0,0.0,0,0,0,0
1997-06-10,0.0,0.0,0.0,0.0,0.0,0.0,0.0,0.0,0.0,0.0,0.0,0.0,0.0,0.0,0.0,0.0,0,0,0,0
1997-06-11,0.0,0.0,0.0,0.0,0.0,0.0,0.0,0.0,0.0,0.0,0.0,0.0,0.0,0.0,0.0,0.0,0,0,0,0
1997-06-12,0.0,0.0,0.0,0.0,0.0,0.0,0.0,0.0,0.0,0.0,0.0,0.0,0.0,0.0,0.0,0.0,0,0,0,0
1997-06-13,0.0,0.0,0.0,0.0,0.0,0.0,0.0,0.0,0.0,0.0,0.0,0.0,0.0,0.0,0.0,0.0,0,0,0,0
1997-06-14,0.0,0.0,0.0,0.0,0.0,0.0,0.0,0.0,0.0,0.0,0.0,0.0,0.0,0.0,0.0,0.0,0,0,0,0
1997-06-16,0.0,0.0,0.0,0.0,0.0,0.0,0.0,0.0,0.0,0.0,0.0,0.0,0.0,0.0,0.0,0.0,0,0,0,0
1997-06-17,0.0,0.0,0.0,0.0,0.0,0.0,0.0,0.0,0.0,0.0,0.0,0.0,0.0,0.0,0.0,0.0,0,0,0,0
1997-06-18,0.0,0.0,0.0,0.0,0.0,0.0,0.0,0.0,0.0,0.0,0.0,0.0,0.0,0.0,0.0,0.0,0,0,0,0
1997-06-19,0.0,0.0,0.0,0.0,0.0,0.0,0.0,0.0,0.0,0.0,0.0,0.0,0.0,0.0,0.0,0.0,0,0,0,0
1997-06-20,0.0,0.0,0.0,0.0,0.0,0.0,0.0,0.0,0.0,0.0,0.0,0.0,0.0,0.0,0.0,0.0,0,0,0,0
1997-06-21,0.0,0.0,0.0,0.0,0.0,0.0,0.0,0.0,0.0,0.0,0.0,0.0,0.0,0.0,0.0,0.0,0,0,0,0
1997-06-23,0.0,0.0,0.0,0.0,0.0,0.0,0.0,0.0,0.0,0.0,0.0,0.0,0.0,0.0,0.0,0.0,0,0,0,0
1997-06-24,0.0,0.0,0.0,0.0,0.0,0.0,0.0,0.0,0.0,0.0,0.0,0.0,0.0,0.0,0.0,0.0,0,0,0,0
1997-06-25,0.0,0.0,0.0,0.0,0.0,0.0,0.0,0.0,0.0,0.0,0.0,0.0,0.0,0.0,0.0,0.0,0,0,0,0
1997-06-26,0.0,0.0,0.0,0.0,0.0,0.0,0.0,0.0,0.0,0.0,0.0,0.0,0.0,0.0,0.0,0.0,0,0,0,0
1997-06-27,0.0,0.0,0.0,0.0,0.0,0.0,0.0,0.0,0.0,0.0,0.0,0.0,0.0,0.0,0.0,0.0,0,0,0,0
1997-06-28,0.0,0.0,0.0,0.0,0.0,0.0,0.0,0.0,0.0,0.0,0.0,0.0,0.0,0.0,0.0,0.0,0,0,0,0
1997-06-30,0.0,0.0,0.0,0.0,0.0,0.0,0.0,0.0,0.0,0.0,0.0,0.0,0.0,0.0,0.0,0.0,0,0,0,0
1997-07-02,0.0,0.0,0.0,0.0,0.0,0.0,0.0,0.0,0.0,0.0,0.0,0.0,0.0,0.0,0.0,0.0,0,0,0,0
1997-07-03,0.0,0.0,0.0,0.0,0.0,0.0,0.0,0.0,0.0,0.0,0.0,0.0,0.0,0.0,0.0,0.0,0,0,0,0
1997-07-04,0.0,0.0,0.0,0.0,0.0,0.0,0.0,0.0,0.0,0.0,0.0,0.0,0.0,0.0,0.0,0.0,0,0,0,0
1997-07-05,0.0,0.0,0.0,0.0,0.0,0.0,0.0,0.0,0.0,0.0,0.0,0.0,0.0,0.0,0.0,0.0,0,0,0,0
1997-07-07,0.0,0.0,0.0,0.0,0.0,0.0,0.0,0.0,0.0,0.0,0.0,0.0,0.0,0.0,0.0,0.0,0,0,0,0
1997-07-08,0.0,0.0,0.0,0.0,0.0,0.0,0.0,0.0,0.0,0.0,0.0,0.0,0.0,0.0,0.0,0.0,0,0,0,0
1997-07-09,0.0,0.0,0.0,0.0,0.0,0.0,0.0,0.0,0.0,0.0,0.0,0.0,0.0,0.0,0.0,0.0,0,0,0,0
1997-07-10,0.0,0.0,0.0,0.0,0.0,0.0,0.0,0.0,0.0,0.0,0.0,0.0,0.0,0.0,0.0,0.0,0,0,0,0
1997-07-11,0.0,0.0,0.0,0.0,0.0,0.0,0.0,0.0,0.0,0.0,0.0,0.0,0.0,0.0,0.0,0.0,0,0,0,0
1997-07-12,0.0,0.0,0.0,0.0,0.0,0.0,0.0,0.0,0.0,0.0,0.0,0.0,0.0,0.0,0.0,0.0,0,0,0,0
1997-07-14,0.0,0.0,0.0,0.0,0.0,0.0,0.0,0.0,0.0,0.0,0.0,0.0,0.0,0.0,0.0,0.0,0,0,0,0
1997-07-15,0.0,0.0,0.0,0.0,0.0,0.0,0.0,0.0,0.0,0.0,0.0,0.0,0.0,0.0,0.0,0.0,0,0,0,0
1997-07-16,0.0,0.0,0.0,0.0,0.0,0.0,0.0,0.0,0.0,0.0,0.0,0.0,0.0,0.0,0.0,0.0,0,0,0,0
1997-07-17,0.0,0.0,0.0,0.0,0.0,0.0,0.0,0.0,0.0,0.0,0.0,0.0,0.0,0.0,0.0,0.0,0,0,0,0
1997-07-18,0.0,0.0,0.0,0.0,0.0,0.0,0.0,0.0,0.0,0.0,0.0,0.0,0.0,0.0,0.0,0.0,0,0,0,0
1997-07-19,0.0,0.0,0.0,0.0,0.0,0.0,0.0,0.0,0.0,0.0,0.0,0.0,0.0,0.0,0.0,0.0,0,0,0,0
1997-07-21,0.0,0.0,0.0,0.0,0.0,0.0,0.0,0.0,0.0,0.0,0.0,0.0,0.0,0.0,0.0,0.0,0,0,0,0
1997-07-22,0.0,0.0,0.0,0.0,0.0,0.0,0.0,0.0,0.0,0.0,0.0,0.0,0.0,0.0,0.0,0.0,0,0,0,0
1997-07-23,0.0,0.0,0.0,0.0,0.0,0.0,0.0,0.0,0.0,0.0,0.0,0.0,0.0,0.0,0.0,0.0,0,0,0,0
1997-07-24,0.0,0.0,0.0,0.0,0.0,0.0,0.0,0.0,0.0,0.0,0.0,0.0,0.0,0.0,0.0,0.0,0,0,0,0
1997-07-25,0.0,0.0,0.0,0.0,0.0,0.0,0.0,0.0,0.0,0.0,0.0,0.0,0.0,0.0,0.0,0.0,0,0,0,0
1997-07-26,0.0,0.0,0.0,0.0,0.0,0.0,0.0,0.0,0.0,0.0,0.0,0.0,0.0,0.0,0.0,0.0,0,0,0,0
1997-07-28,0.0,0.0,0.0,0.0,0.0,0.0,0.0,0.0,0.0,0.0,0.0,0.0,0.0,0.0,0.0,0.0,0,0,0,0
1997-07-29,0.0,0.0,0.0,0.0,0.0,0.0,0.0,0.0,0.0,0.0,0.0,0.0,0.0,0.0,0.0,0.0,0,0,0,0
1997-07-30,0.0,0.0,0.0,0.0,0.0,0.0,0.0,0.0,0.0,0.0,0.0,0.0,0.0,0.0,0.0,0.0,0,0,0,0
1997-07-31,0.0,0.0,0.0,0.0,0.0,0.0,0.0,0.0,0.0,0.0,0.0,0.0,0.0,0.0,0.0,0.0,0,0,0,0
1997-08-01,0.0,0.0,0.0,0.0,0.0,0.0,0.0,0.0,0.0,0.0,0.0,0.0,0.0,0.0,0.0,0.0,0,0,0,0
1997-08-02,0.0,0.0,0.0,0.0,0.0,0.0,0.0,0.0,0.0,0.0,0.0,0.0,0.0,0.0,0.0,0.0,0,0,0,0
1997-08-04,0.0,0.0,0.0,0.0,0.0,0.0,0.0,0.0,0.0,0.0,0.0,0.0,0.0,0.0,0.0,0.0,0,0,0,0
1997-08-05,0.0,0.0,0.0,0.0,0.0,0.0,0.0,0.0,0.0,0.0,0.0,0.0,0.0,0.0,0.0,0.0,0,0,0,0
1997-08-06,0.0,0.0,0.0,0.0,0.0,0.0,0.0,0.0,0.0,0.0,0.0,0.0,0.0,0.0,0.0,0.0,0,0,0,0
1997-08-07,0.0,0.0,0.0,0.0,0.0,0.0,0.0,0.0,0.0,0.0,0.0,0.0,0.0,0.0,0.0,0.0,0,0,0,0
1997-08-08,0.0,0.0,0.0,0.0,0.0,0.0,0.0,0.0,0.0,0.0,0.0,0.0,0.0,0.0,0.0,0.0,0,0,0,0
1997-08-09,0.0,0.0,0.0,0.0,0.0,0.0,0.0,0.0,0.0,0.0,0.0,0.0,0.0,0.0,0.0,0.0,0,0,0,0
1997-08-11,0.0,0.0,0.0,0.0,0.0,0.0,0.0,0.0,0.0,0.0,0.0,0.0,0.0,0.0,0.0,0.0,0,0,0,0
1997-08-12,0.0,0.0,0.0,0.0,0.0,0.0,0.0,0.0,0.0,0.0,0.0,0.0,0.0,0.0,0.0,0.0,0,0,0,0
1997-08-13,0.0,0.0,0.0,0.0,0.0,0.0,0.0,0.0,0.0,0.0,0.0,0.0,0.0,0.0,0.0,0.0,0,0,0,0
1997-08-14,0.0,0.0,0.0,0.0,0.0,0.0,0.0,0.0,0.0,0.0,0.0,0.0,0.0,0.0,0.0,0.0,0,0,0,0
1997-08-15,0.0,0.0,0.0,0.0,0.0,0.0,0.0,0.0,0.0,0.0,0.0,0.0,0.0,0.0,0.0,0.0,0,0,0,0
1997-08-16,0.0,0.0,0.0,0.0,0.0,0.0,0.0,0.0,0.0,0.0,0.0,0.0,0.0,0.0,0.0,0.0,0,0,0,0
1997-08-19,0.0,0.0,0.0,0.0,0.0,0.0,0.0,0.0,0.0,0.0,0.0,0.0,0.0,0.0,0.0,0.0,0,0,0,0
1997-08-20,0.0,0.0,0.0,0.0,0.0,0.0,0.0,0.0,0.0,0.0,0.0,0.0,0.0,0.0,0.0,0.0,0,0,0,0
1997-08-21,0.0,0.0,0.0,0.0,0.0,0.0,0.0,0.0,0.0,0.0,0.0,0.0,0.0,0.0,0.0,0.0,0,0,0,0
1997-08-22,0.0,0.0,0.0,0.0,0.0,0.0,0.0,0.0,0.0,0.0,0.0,0.0,0.0,0.0,0.0,0.0,0,0,0,0
1997-08-23,0.0,0.0,0.0,0.0,0.0,0.0,0.0,0.0,0.0,0.0,0.0,0.0,0.0,0.0,0.0,0.0,0,0,0,0
1997-08-25,0.0,0.0,0.0,0.0,0.0,0.0,0.0,0.0,0.0,0.0,0.0,0.0,0.0,0.0,0.0,0.0,0,0,0,0
1997-08-26,0.0,0.0,0.0,0.0,0.0,0.0,0.0,0.0,0.0,0.0,0.0,0.0,0.0,0.0,0.0,0.0,0,0,0,0
1997-08-27,0.0,0.0,0.0,0.0,0.0,0.0,0.0,0.0,0.0,0.0,0.0,0.0,0.0,0.0,0.0,0.0,0,0,0,0
1997-08-28,0.0,0.0,0.0,0.0,0.0,0.0,0.0,0.0,0.0,0.0,0.0,0.0,0.0,0.0,0.0,0.0,0,0,0,0
1997-08-30,0.0,0.0,0.0,0.0,0.0,0.0,0.0,0.0,0.0,0.0,0.0,0.0,0.0,0.0,0.0,0.0,0,0,0,0
1997-09-01,0.0,0.0,0.0,0.0,0.0,0.0,0.0,0.0,0.0,0.0,0.0,0.0,0.0,0.0,0.0,0.0,0,0,0,0
1997-09-02,0.0,0.0,0.0,0.0,0.0,0.0,0.0,0.0,0.0,0.0,0.0,0.0,0.0,0.0,0.0,0.0,0,0,0,0
1997-09-03,0.0,0.0,0.0,0.0,0.0,0.0,0.0,0.0,0.0,0.0,0.0,0.0,0.0,0.0,0.0,0.0,0,0,0,0
1997-09-04,0.0,0.0,0.0,0.0,0.0,0.0,0.0,0.0,0.0,0.0,0.0,0.0,0.0,0.0,0.0,0.0,0,0,0,0
1997-09-05,0.0,0.0,0.0,0.0,0.0,0.0,0.0,0.0,0.0,0.0,0.0,0.0,0.0,0.0,0.0,0.0,0,0,0,0
1997-09-06,0.0,0.0,0.0,0.0,0.0,0.0,0.0,0.0,0.0,0.0,0.0,0.0,0.0,0.0,0.0,0.0,0,0,0,0
1997-09-08,0.0,0.0,0.0,0.0,0.0,0.0,0.0,0.0,0.0,0.0,0.0,0.0,0.0,0.0,0.0,0.0,0,0,0,0
1997-09-09,0.0,0.0,0.0,0.0,0.0,0.0,0.0,0.0,0.0,0.0,0.0,0.0,0.0,0.0,0.0,0.0,0,0,0,0
1997-09-10,0.0,0.0,0.0,0.0,0.0,0.0,0.0,0.0,0.0,0.0,0.0,0.0,0.0,0.0,0.0,0.0,0,0,0,0
1997-09-11,0.0,0.0,0.0,0.0,0.0,0.0,0.0,0.0,0.0,0.0,0.0,0.0,0.0,0.0,0.0,0.0,0,0,0,0
1997-09-12,0.0,0.0,0.0,0.0,0.0,0.0,0.0,0.0,0.0,0.0,0.0,0.0,0.0,0.0,0.0,0.0,0,0,0,0
1997-09-13,0.0,0.0,0.0,0.0,0.0,0.0,0.0,0.0,0.0,0.0,0.0,0.0,0.0,0.0,0.0,0.0,0,0,0,0
1997-09-15,0.0,0.0,0.0,0.0,0.0,0.0,0.0,0.0,0.0,0.0,0.0,0.0,0.0,0.0,0.0,0.0,0,0,0,0
1997-09-17,0.0,0.0,0.0,0.0,0.0,0.0,0.0,0.0,0.0,0.0,0.0,0.0,0.0,0.0,0.0,0.0,0,0,0,0
1997-09-18,0.0,0.0,0.0,0.0,0.0,0.0,0.0,0.0,0.0,0.0,0.0,0.0,0.0,0.0,0.0,0.0,0,0,0,0
1997-09-19,0.0,0.0,0.0,0.0,0.0,0.0,0.0,0.0,0.0,0.0,0.0,0.0,0.0,0.0,0.0,0.0,0,0,0,0
1997-09-20,0.0,0.0,0.0,0.0,0.0,0.0,0.0,0.0,0.0,0.0,0.0,0.0,0.0,0.0,0.0,0.0,0,0,0,0
1997-09-22,0.0,0.0,0.0,0.0,0.0,0.0,0.0,0.0,0.0,0.0,0.0,0.0,0.0,0.0,0.0,0.0,0,0,0,0
1997-09-23,0.0,0.0,0.0,0.0,0.0,0.0,0.0,0.0,0.0,0.0,0.0,0.0,0.0,0.0,0.0,0.0,0,0,0,0
1997-09-24,0.0,0.0,0.0,0.0,0.0,0.0,0.0,0.0,0.0,0.0,0.0,0.0,0.0,0.0,0.0,0.0,0,0,0,0
1997-09-25,0.0,0.0,0.0,0.0,0.0,0.0,0.0,0.0,0.0,0.0,0.0,0.0,0.0,0.0,0.0,0.0,0,0,0,0
1997-09-26,0.0,0.0,0.0,0.0,0.0,0.0,0.0,0.0,0.0,0.0,0.0,0.0,0.0,0.0,0.0,0.0,0,0,0,0
1997-09-27,0.0,0.0,0.0,0.0,0.0,0.0,0.0,0.0,0.0,0.0,0.0,0.0,0.0,0.0,0.0,0.0,0,0,0,0
1997-09-30,0.0,0.0,0.0,0.0,0.0,0.0,0.0,0.0,0.0,0.0,0.0,0.0,0.0,0.0,0.0,0.0,0,0,0,0
1997-10-01,0.0,0.0,0.0,0.0,0.0,0.0,0.0,0.0,0.0,0.0,0.0,0.0,0.0,0.0,0.0,0.0,0,0,0,0
1997-10-02,0.0,0.0,0.0,0.0,0.0,0.0,0.0,0.0,0.0,0.0,0.0,0.0,0.0,0.0,0.0,0.0,0,0,0,0
1997-10-03,0.0,0.0,0.0,0.0,0.0,0.0,0.0,0.0,0.0,0.0,0.0,0.0,0.0,0.0,0.0,0.0,0,0,0,0
1997-10-04,0.0,0.0,0.0,0.0,0.0,0.0,0.0,0.0,0.0,0.0,0.0,0.0,0.0,0.0,0.0,0.0,0,0,0,0
1997-10-06,0.0,0.0,0.0,0.0,0.0,0.0,0.0,0.0,0.0,0.0,0.0,0.0,0.0,0.0,0.0,0.0,0,0,0,0
1997-10-07,0.0,0.0,0.0,0.0,0.0,0.0,0.0,0.0,0.0,0.0,0.0,0.0,0.0,0.0,0.0,0.0,0,0,0,0
1997-10-08,0.0,0.0,0.0,0.0,0.0,0.0,0.0,0.0,0.0,0.0,0.0,0.0,0.0,0.0,0.0,0.0,0,0,0,0
1997-10-09,0.0,0.0,0.0,0.0,0.0,0.0,0.0,0.0,0.0,0.0,0.0,0.0,0.0,0.0,0.0,0.0,0,0,0,0
1997-10-13,0.0,0.0,0.0,0.0,0.0,0.0,0.0,0.0,0.0,0.0,0.0,0.0,0.0,0.0,0.0,0.0,0,0,0,0
1997-10-14,0.0,0.0,0.0,0.0,0.0,0.0,0.0,0.0,0.0,0.0,0.0,0.0,0.0,0.0,0.0,0.0,0,0,0,0
1997-10-15,0.0,0.0,0.0,0.0,0.0,0.0,0.0,0.0,0.0,0.0,0.0,0.0,0.0,0.0,0.0,0.0,0,0,0,0
1997-10-16,0.0,0.0,0.0,0.0,0.0,0.0,0.0,0.0,0.0,0.0,0.0,0.0,0.0,0.0,0.0,0.0,0,0,0,0
1997-10-17,0.0,0.0,0.0,0.0,0.0,0.0,0.0,0.0,0.0,0.0,0.0,0.0,0.0,0.0,0.0,0.0,0,0,0,0
1997-10-18,0.0,0.0,0.0,0.0,0.0,0.0,0.0,0.0,0.0,0.0,0.0,0.0,0.0,0.0,0.0,0.0,0,0,0,0
1997-10-20,0.0,0.0,0.0,0.0,0.0,0.0,0.0,0.0,0.0,0.0,0.0,0.0,0.0,0.0,0.0,0.0,0,0,0,0
1997-10-21,0.0,0.0,0.0,0.0,0.0,0.0,0.0,0.0,0.0,0.0,0.0,0.0,0.0,0.0,0.0,0.0,0,0,0,0
1997-10-22,0.0,0.0,0.0,0.0,0.0,0.0,0.0,0.0,0.0,0.0,0.0,0.0,0.0,0.0,0.0,0.0,0,0,0,0
1997-10-23,0.0,0.0,0.0,0.0,0.0,0.0,0.0,0.0,0.0,0.0,0.0,0.0,0.0,0.0,0.0,0.0,0,0,0,0
1997-10-24,0.0,0.0,0.0,0.0,0.0,0.0,0.0,0.0,0.0,0.0,0.0,0.0,0.0,0.0,0.0,0.0,0,0,0,0
1997-10-27,0.0,0.0,0.0,0.0,0.0,0.0,0.0,0.0,0.0,0.0,0.0,0.0,0.0,0.0,0.0,0.0,0,0,0,0
1997-10-28,0.0,0.0,0.0,0.0,0.0,0.0,0.0,0.0,0.0,0.0,0.0,0.0,0.0,0.0,0.0,0.0,0,0,0,0
1997-10-29,0.0,0.0,0.0,0.0,0.0,0.0,0.0,0.0,0.0,0.0,0.0,0.0,0.0,0.0,0.0,0.0,0,0,0,0
1997-10-30,0.0,0.0,0.0,0.0,0.0,0.0,0.0,0.0,0.0,0.0,0.0,0.0,0.0,0.0,0.0,0.0,0,0,0,0
1997-11-03,0.0,0.0,0.0,0.0,0.0,0.0,0.0,0.0,0.0,0.0,0.0,0.0,0.0,0.0,0.0,0.0,0,0,0,0
1997-11-04,0.0,0.0,0.0,0.0,0.0,0.0,0.0,0.0,0.0,0.0,0.0,0.0,0.0,0.0,0.0,0.0,0,0,0,0
1997-11-05,0.0,0.0,0.0,0.0,0.0,0.0,0.0,0.0,0.0,0.0,0.0,0.0,0.0,0.0,0.0,0.0,0,0,0,0
1997-11-06,0.0,0.0,0.0,0.0,0.0,0.0,0.0,0.0,0.0,0.0,0.0,0.0,0.0,0.0,0.0,0.0,0,0,0,0
1997-11-07,0.0,0.0,0.0,0.0,0.0,0.0,0.0,0.0,0.0,0.0,0.0,0.0,0.0,0.0,0.0,0.0,0,0,0,0
1997-11-08,0.0,0.0,0.0,0.0,0.0,0.0,0.0,0.0,0.0,0.0,0.0,0.0,0.0,0.0,0.0,0.0,0,0,0,0
1997-11-10,0.0,0.0,0.0,0.0,0.0,0.0,0.0,0.0,0.0,0.0,0.0,0.0,0.0,0.0,0.0,0.0,0,0,0,0
1997-11-11,0.0,0.0,0.0,0.0,0.0,0.0,0.0,0.0,0.0,0.0,0.0,0.0,0.0,0.0,0.0,0.0,0,0,0,0
1997-11-13,0.0,0.0,0.0,0.0,0.0,0.0,0.0,0.0,0.0,0.0,0.0,0.0,0.0,0.0,0.0,0.0,0,0,0,0
1997-11-14,0.0,0.0,0.0,0.0,0.0,0.0,0.0,0.0,0.0,0.0,0.0,0.0,0.0,0.0,0.0,0.0,0,0,0,0
1997-11-15,0.0,0.0,0.0,0.0,0.0,0.0,0.0,0.0,0.0,0.0,0.0,0.0,0.0,0.0,0.0,0.0,0,0,0,0
1997-11-17,0.0,0.0,0.0,0.0,0.0,0.0,0.0,0.0,0.0,0.0,0.0,0.0,0.0,0.0,0.0,0.0,0,0,0,0
1997-11-18,0.0,0.0,0.0,0.0,0.0,0.0,0.0,0.0,0.0,0.0,0.0,0.0,0.0,0.0,0.0,0.0,0,0,0,0
1997-11-19,0.0,0.0,0.0,0.0,0.0,0.0,0.0,0.0,0.0,0.0,0.0,0.0,0.0,0.0,0.0,0.0,0,0,0,0
1997-11-20,0.0,0.0,0.0,0.0,0.0,0.0,0.0,0.0,0.0,0.0,0.0,0.0,0.0,0.0,0.0,0.0,0,0,0,0
1997-11-21,0.0,0.0,0.0,0.0,0.0,0.0,0.0,0.0,0.0,0.0,0.0,0.0,0.0,0.0,0.0,0.0,0,0,0,0
1997-11-22,0.0,0.0,0.0,0.0,0.0,0.0,0.0,0.0,0.0,0.0,0.0,0.0,0.0,0.0,0.0,0.0,0,0,0,0
1997-11-24,0.0,0.0,0.0,0.0,0.0,0.0,0.0,0.0,0.0,0.0,0.0,0.0,0.0,0.0,0.0,0.0,0,0,0,0
1997-11-25,0.0,0.0,0.0,0.0,0.0,0.0,0.0,0.0,0.0,0.0,0.0,0.0,0.0,0.0,0.0,0.0,0,0,0,0
1997-11-26,0.0,0.0,0.0,0.0,0.0,0.0,0.0,0.0,0.0,0.0,0.0,0.0,0.0,0.0,0.0,0.0,0,0,0,0
1997-11-27,0.0,0.0,0.0,0.0,0.0,0.0,0.0,0.0,0.0,0.0,0.0,0.0,0.0,0.0,0.0,0.0,0,0,0,0
1997-11-28,0.0,0.0,0.0,0.0,0.0,0.0,0.0,0.0,0.0,0.0,0.0,0.0,0.0,0.0,0.0,0.0,0,0,0,0
1997-12-01,0.0,0.0,0.0,0.0,0.0,0.0,0.0,0.0,0.0,0.0,0.0,0.0,0.0,0.0,0.0,0.0,0,0,0,0
1997-12-02,0.0,0.0,0.0,0.0,0.0,0.0,0.0,0.0,0.0,0.0,0.0,0.0,0.0,0.0,0.0,0.0,0,0,0,0
1997-12-03,0.0,0.0,0.0,0.0,0.0,0.0,0.0,0.0,0.0,0.0,0.0,0.0,0.0,0.0,0.0,0.0,0,0,0,0
1997-12-04,0.0,0.0,0.0,0.0,0.0,0.0,0.0,0.0,0.0,0.0,0.0,0.0,0.0,0.0,0.0,0.0,0,0,0,0
1997-12-05,0.0,0.0,0.0,0.0,0.0,0.0,0.0,0.0,0.0,0.0,0.0,0.0,0.0,0.0,0.0,0.0,0,0,0,0
1997-12-06,0.0,0.0,0.0,0.0,0.0,0.0,0.0,0.0,0.0,0.0,0.0,0.0,0.0,0.0,0.0,0.0,0,0,0,0
1997-12-08,0.0,0.0,0.0,0.0,0.0,0.0,0.0,0.0,0.0,0.0,0.0,0.0,0.0,0.0,0.0,0.0,0,0,0,0
1997-12-09,0.0,0.0,0.0,0.0,0.0,0.0,0.0,0.0,0.0,0.0,0.0,0.0,0.0,0.0,0.0,0.0,0,0,0,0
1997-12-10,0.0,0.0,0.0,0.0,0.0,0.0,0.0,0.0,0.0,0.0,0.0,0.0,0.0,0.0,0.0,0.0,0,0,0,0
1997-12-11,0.0,0.0,0.0,0.0,0.0,0.0,0.0,0.0,0.0,0.0,0.0,0.0,0.0,0.0,0.0,0.0,0,0,0,0
1997-12-12,0.0,0.0,0.0,0.0,0.0,0.0,0.0,0.0,0.0,0.0,0.0,0.0,0.0,0.0,0.0,0.0,0,0,0,0
1997-12-13,0.0,0.0,0.0,0.0,0.0,0.0,0.0,0.0,0.0,0.0,0.0,0.0,0.0,0.0,0.0,0.0,0,0,0,0
1997-12-15,0.0,0.0,0.0,0.0,0.0,0.0,0.0,0.0,0.0,0.0,0.0,0.0,0.0,0.0,0.0,0.0,0,0,0,0
1997-12-16,0.0,0.0,0.0,0.0,0.0,0.0,0.0,0.0,0.0,0.0,0.0,0.0,0.0,0.0,0.0,0.0,0,0,0,0
1997-12-17,0.0,0.0,0.0,0.0,0.0,0.0,0.0,0.0,0.0,0.0,0.0,0.0,0.0,0.0,0.0,0.0,0,0,0,0
1997-12-18,0.0,0.0,0.0,0.0,0.0,0.0,0.0,0.0,0.0,0.0,0.0,0.0,0.0,0.0,0.0,0.0,0,0,0,0
1997-12-19,0.0,0.0,0.0,0.0,0.0,0.0,0.0,0.0,0.0,0.0,0.0,0.0,0.0,0.0,0.0,0.0,0,0,0,0
1997-12-20,0.0,0.0,0.0,0.0,0.0,0.0,0.0,0.0,0.0,0.0,0.0,0.0,0.0,0.0,0.0,0.0,0,0,0,0
1997-12-22,0.0,0.0,0.0,0.0,0.0,0.0,0.0,0.0,0.0,0.0,0.0,0.0,0.0,0.0,0.0,0.0,0,0,0,0
1997-12-23,0.0,0.0,0.0,0.0,0.0,0.0,0.0,0.0,0.0,0.0,0.0,0.0,0.0,0.0,0.0,0.0,0,0,0,0
1997-12-24,0.0,0.0,0.0,0.0,0.0,0.0,0.0,0.0,0.0,0.0,0.0,0.0,0.0,0.0,0.0,0.0,0,0,0,0
1997-12-26,0.0,0.0,0.0,0.0,0.0,0.0,0.0,0.0,0.0,0.0,0.0,0.0,0.0,0.0,0.0,0.0,0,0,0,0
1997-12-27,0.0,0.0,0.0,0.0,0.0,0.0,0.0,0.0,0.0,0.0,0.0,0.0,0.0,0.0,0.0,0.0,0,0,0,0
1997-12-29,0.0,0.0,0.0,0.0,0.0,0.0,0.0,0.0,0.0,0.0,0.0,0.0,0.0,0.0,0.0,0.0,0,0,0,0
1997-12-30,0.0,0.0,0.0,0.0,0.0,0.0,0.0,0.0,0.0,0.0,0.0,0.0,0.0,0.0,0.0,0.0,0,0,0,0
1997-12-31,0.0,0.0,0.0,0.0,0.0,0.0,0.0,0.0,0.0,0.0,0.0,0.0,0.0,0.0,0.0,0.0,0,0,0,0
1998-01-03,0.0,0.0,0.0,0.0,0.0,0.0,0.0,0.0,0.0,0.0,0.0,0.0,0.0,0.0,0.0,0.0,0,0,0,0
1998-01-05,0.0,0.0,0.0,0.0,0.0,0.0,0.0,0.0,0.0,0.0,0.0,0.0,0.0,0.0,0.0,0.0,0,0,0,0
1998-01-06,0.0,0.0,0.0,0.0,0.0,0.0,0.0,0.0,0.0,0.0,0.0,0.0,0.0,0.0,0.0,0.0,0,0,0,0
1998-01-07,0.0,0.0,0.0,0.0,0.0,0.0,0.0,0.0,0.0,0.0,0.0,0.0,0.0,0.0,0.0,0.0,0,0,0,0
1998-01-08,0.0,0.0,0.0,0.0,0.0,0.0,0.0,0.0,0.0,0.0,0.0,0.0,0.0,0.0,0.0,0.0,0,0,0,0
1998-01-09,0.0,0.0,0.0,0.0,0.0,0.0,0.0,0.0,0.0,0.0,0.0,0.0,0.0,0.0,0.0,0.0,0,0,0,0
1998-01-12,0.0,0.0,0.0,0.0,0.0,0.0,0.0,0.0,0.0,0.0,0.0,0.0,0.0,0.0,0.0,0.0,0,0,0,0
1998-01-13,0.0,0.0,0.0,0.0,0.0,0.0,0.0,0.0,0.0,0.0,0.0,0.0,0.0,0.0,0.0,0.0,0,0,0,0
1998-01-14,0.0,0.0,0.0,0.0,0.0,0.0,0.0,0.0,0.0,0.0,0.0,0.0,0.0,0.0,0.0,0.0,0,0,0,0
1998-01-15,0.0,0.0,0.0,0.0,0.0,0.0,0.0,0.0,0.0,0.0,0.0,0.0,0.0,0.0,0.0,0.0,0,0,0,0
1998-01-16,0.0,0.0,0.0,0.0,0.0,0.0,0.0,0.0,0.0,0.0,0.0,0.0,0.0,0.0,0.0,0.0,0,0,0,0
1998-01-17,0.0,0.0,0.0,0.0,0.0,0.0,0.0,0.0,0.0,0.0,0.0,0.0,0.0,0.0,0.0,0.0,0,0,0,0
1998-01-19,0.0,0.0,0.0,0.0,0.0,0.0,0.0,0.0,0.0,0.0,0.0,0.0,0.0,0.0,0.0,0.0,0,0,0,0
1998-01-20,0.0,0.0,0.0,0.0,0.0,0.0,0.0,0.0,0.0,0.0,0.0,0.0,0.0,0.0,0.0,0.0,0,0,0,0
1998-01-21,0.0,0.0,0.0,0.0,0.0,0.0,0.0,0.0,0.0,0.0,0.0,0.0,0.0,0.0,0.0,0.0,0,0,0,0
1998-01-22,0.0,0.0,0.0,0.0,0.0,0.0,0.0,0.0,0.0,0.0,0.0,0.0,0.0,0.0,0.0,0.0,0,0,0,0
1998-02-02,0.0,0.0,0.0,0.0,0.0,0.0,0.0,0.0,0.0,0.0,0.0,0.0,0.0,0.0,0.0,0.0,0,0,0,0
1998-02-03,0.0,0.0,0.0,0.0,0.0,0.0,0.0,0.0,0.0,0.0,0.0,0.0,0.0,0.0,0.0,0.0,0,0,0,0
1998-02-04,0.0,0.0,0.0,0.0,0.0,0.0,0.0,0.0,0.0,0.0,0.0,0.0,0.0,0.0,0.0,0.0,0,0,0,0
1998-02-05,0.0,0.0,0.0,0.0,0.0,0.0,0.0,0.0,0.0,0.0,0.0,0.0,0.0,0.0,0.0,0.0,0,0,0,0
1998-02-06,0.0,0.0,0.0,0.0,0.0,0.0,0.0,0.0,0.0,0.0,0.0,0.0,0.0,0.0,0.0,0.0,0,0,0,0
1998-02-07,0.0,0.0,0.0,0.0,0.0,0.0,0.0,0.0,0.0,0.0,0.0,0.0,0.0,0.0,0.0,0.0,0,0,0,0
1998-02-09,0.0,0.0,0.0,0.0,0.0,0.0,0.0,0.0,0.0,0.0,0.0,0.0,0.0,0.0,0.0,0.0,0,0,0,0
1998-02-10,0.0,0.0,0.0,0.0,0.0,0.0,0.0,0.0,0.0,0.0,0.0,0.0,0.0,0.0,0.0,0.0,0,0,0,0
1998-02-11,0.0,0.0,0.0,0.0,0.0,0.0,0.0,0.0,0.0,0.0,0.0,0.0,0.0,0.0,0.0,0.0,0,0,0,0
1998-02-12,0.0,0.0,0.0,0.0,0.0,0.0,0.0,0.0,0.0,0.0,0.0,0.0,0.0,0.0,0.0,0.0,0,0,0,0
1998-02-13,0.0,0.0,0.0,0.0,0.0,0.0,0.0,0.0,0.0,0.0,0.0,0.0,0.0,0.0,0.0,0.0,0,0,0,0
1998-02-16,0.0,0.0,0.0,0.0,0.0,0.0,0.0,0.0,0.0,0.0,0.0,0.0,0.0,0.0,0.0,0.0,0,0,0,0
1998-02-17,0.0,0.0,0.0,0.0,0.0,0.0,0.0,0.0,0.0,0.0,0.0,0.0,0.0,0.0,0.0,0.0,0,0,0,0
1998-02-18,0.0,0.0,0.0,0.0,0.0,0.0,0.0,0.0,0.0,0.0,0.0,0.0,0.0,0.0,0.0,0.0,0,0,0,0
1998-02-19,0.0,0.0,0.0,0.0,0.0,0.0,0.0,0.0,0.0,0.0,0.0,0.0,0.0,0.0,0.0,0.0,0,0,0,0
1998-02-20,0.0,0.0,0.0,0.0,0.0,0.0,0.0,0.0,0.0,0.0,0.0,0.0,0.0,0.0,0.0,0.0,0,0,0,0
1998-02-21,0.0,0.0,0.0,0.0,0.0,0.0,0.0,0.0,0.0,0.0,0.0,0.0,0.0,0.0,0.0,0.0,0,0,0,0
1998-02-23,0.0,0.0,0.0,0.0,0.0,0.0,0.0,0.0,0.0,0.0,0.0,0.0,0.0,0.0,0.0,0.0,0,0,0,0
1998-02-24,0.0,0.0,0.0,0.0,0.0,0.0,0.0,0.0,0.0,0.0,0.0,0.0,0.0,0.0,0.0,0.0,0,0,0,0
1998-02-25,0.0,0.0,0.0,0.0,0.0,0.0,0.0,0.0,0.0,0.0,0.0,0.0,0.0,0.0,0.0,0.0,0,0,0,0
1998-02-26,0.0,0.0,0.0,0.0,0.0,0.0,0.0,0.0,0.0,0.0,0.0,0.0,0.0,0.0,0.0,0.0,0,0,0,0
1998-02-27,0.0,0.0,0.0,0.0,0.0,0.0,0.0,0.0,0.0,0.0,0.0,0.0,0.0,0.0,0.0,0.0,0,0,0,0
1998-03-02,0.0,0.0,0.0,0.0,0.0,0.0,0.0,0.0,0.0,0.0,0.0,0.0,0.0,0.0,0.0,0.0,0,0,0,0
1998-03-03,0.0,0.0,0.0,0.0,0.0,0.0,0.0,0.0,0.0,0.0,0.0,0.0,0.0,0.0,0.0,0.0,0,0,0,0
1998-03-04,0.0,0.0,0.0,0.0,0.0,0.0,0.0,0.0,0.0,0.0,0.0,0.0,0.0,0.0,0.0,0.0,0,0,0,0
1998-03-05,0.0,0.0,0.0,0.0,0.0,0.0,0.0,0.0,0.0,0.0,0.0,0.0,0.0,0.0,0.0,0.0,0,0,0,0
1998-03-06,0.0,0.0,0.0,0.0,0.0,0.0,0.0,0.0,0.0,0.0,0.0,0.0,0.0,0.0,0.0,0.0,0,0,0,0
1998-03-07,0.0,0.0,0.0,0.0,0.0,0.0,0.0,0.0,0.0,0.0,0.0,0.0,0.0,0.0,0.0,0.0,0,0,0,0
1998-03-09,0.0,0.0,0.0,0.0,0.0,0.0,0.0,0.0,0.0,0.0,0.0,0.0,0.0,0.0,0.0,0.0,0,0,0,0
1998-03-10,0.0,0.0,0.0,0.0,0.0,0.0,0.0,0.0,0.0,0.0,0.0,0.0,0.0,0.0,0.0,0.0,0,0,0,0
1998-03-11,0.0,0.0,0.0,0.0,0.0,0.0,0.0,0.0,0.0,0.0,0.0,0.0,0.0,0.0,0.0,0.0,0,0,0,0
1998-03-12,0.0,0.0,0.0,0.0,0.0,0.0,0.0,0.0,0.0,0.0,0.0,0.0,0.0,0.0,0.0,0.0,0,0,0,0
1998-03-13,0.0,0.0,0.0,0.0,0.0,0.0,0.0,0.0,0.0,0.0,0.0,0.0,0.0,0.0,0.0,0.0,0,0,0,0
1998-03-16,0.0,0.0,0.0,0.0,0.0,0.0,0.0,0.0,0.0,0.0,0.0,0.0,0.0,0.0,0.0,0.0,0,0,0,0
1998-03-17,0.0,0.0,0.0,0.0,0.0,0.0,0.0,0.0,0.0,0.0,0.0,0.0,0.0,0.0,0.0,0.0,0,0,0,0
1998-03-18,0.0,0.0,0.0,0.0,0.0,0.0,0.0,0.0,0.0,0.0,0.0,0.0,0.0,0.0,0.0,0.0,0,0,0,0
1998-03-19,0.0,0.0,0.0,0.0,0.0,0.0,0.0,0.0,0.0,0.0,0.0,0.0,0.0,0.0,0.0,0.0,0,0,0,0
1998-03-20,0.0,0.0,0.0,0.0,0.0,0.0,0.0,0.0,0.0,0.0,0.0,0.0,0.0,0.0,0.0,0.0,0,0,0,0
1998-03-21,0.0,0.0,0.0,0.0,0.0,0.0,0.0,0.0,0.0,0.0,0.0,0.0,0.0,0.0,0.0,0.0,0,0,0,0
1998-03-23,0.0,0.0,0.0,0.0,0.0,0.0,0.0,0.0,0.0,0.0,0.0,0.0,0.0,0.0,0.0,0.0,0,0,0,0
1998-03-24,0.0,0.0,0.0,0.0,0.0,0.0,0.0,0.0,0.0,0.0,0.0,0.0,0.0,0.0,0.0,0.0,0,0,0,0
1998-03-25,0.0,0.0,0.0,0.0,0.0,0.0,0.0,0.0,0.0,0.0,0.0,0.0,0.0,0.0,0.0,0.0,0,0,0,0
1998-03-26,0.0,0.0,0.0,0.0,0.0,0.0,0.0,0.0,0.0,0.0,0.0,0.0,0.0,0.0,0.0,0.0,0,0,0,0
1998-03-27,0.0,0.0,0.0,0.0,0.0,0.0,0.0,0.0,0.0,0.0,0.0,0.0,0.0,0.0,0.0,0.0,0,0,0,0
1998-03-30,0.0,0.0,0.0,0.0,0.0,0.0,0.0,0.0,0.0,0.0,0.0,0.0,0.0,0.0,0.0,0.0,0,0,0,0
1998-03-31,0.0,0.0,0.0,0.0,0.0,0.0,0.0,0.0,0.0,0.0,0.0,0.0,0.0,0.0,0.0,0.0,0,0,0,0
1998-04-01,0.0,0.0,0.0,0.0,0.0,0.0,0.0,0.0,0.0,0.0,0.0,0.0,0.0,0.0,0.0,0.0,0,0,0,0
1998-04-02,0.0,0.0,0.0,0.0,0.0,0.0,0.0,0.0,0.0,0.0,0.0,0.0,0.0,0.0,0.0,0.0,0,0,0,0
1998-04-03,0.0,0.0,0.0,0.0,0.0,0.0,0.0,0.0,0.0,0.0,0.0,0.0,0.0,0.0,0.0,0.0,0,0,0,0
1998-04-04,0.0,0.0,0.0,0.0,0.0,0.0,0.0,0.0,0.0,0.0,0.0,0.0,0.0,0.0,0.0,0.0,0,0,0,0
1998-04-07,0.0,0.0,0.0,0.0,0.0,0.0,0.0,0.0,0.0,0.0,0.0,0.0,0.0,0.0,0.0,0.0,0,0,0,0
1998-04-08,0.0,0.0,0.0,0.0,0.0,0.0,0.0,0.0,0.0,0.0,0.0,0.0,0.0,0.0,0.0,0.0,0,0,0,0
1998-04-09,0.0,0.0,0.0,0.0,0.0,0.0,0.0,0.0,0.0,0.0,0.0,0.0,0.0,0.0,0.0,0.0,0,0,0,0
1998-04-10,0.0,0.0,0.0,0.0,0.0,0.0,0.0,0.0,0.0,0.0,0.0,0.0,0.0,0.0,0.0,0.0,0,0,0,0
1998-04-13,0.0,0.0,0.0,0.0,0.0,0.0,0.0,0.0,0.0,0.0,0.0,0.0,0.0,0.0,0.0,0.0,0,0,0,0
1998-04-14,0.0,0.0,0.0,0.0,0.0,0.0,0.0,0.0,0.0,0.0,0.0,0.0,0.0,0.0,0.0,0.0,0,0,0,0
1998-04-15,0.0,0.0,0.0,0.0,0.0,0.0,0.0,0.0,0.0,0.0,0.0,0.0,0.0,0.0,0.0,0.0,0,0,0,0
1998-04-16,0.0,0.0,0.0,0.0,0.0,0.0,0.0,0.0,0.0,0.0,0.0,0.0,0.0,0.0,0.0,0.0,0,0,0,0
1998-04-17,0.0,0.0,0.0,0.0,0.0,0.0,0.0,0.0,0.0,0.0,0.0,0.0,0.0,0.0,0.0,0.0,0,0,0,0
1998-04-18,0.0,0.0,0.0,0.0,0.0,0.0,0.0,0.0,0.0,0.0,0.0,0.0,0.0,0.0,0.0,0.0,0,0,0,0
1998-04-20,0.0,0.0,0.0,0.0,0.0,0.0,0.0,0.0,0.0,0.0,0.0,0.0,0.0,0.0,0.0,0.0,0,0,0,0
1998-04-21,0.0,0.0,0.0,0.0,0.0,0.0,0.0,0.0,0.0,0.0,0.0,0.0,0.0,0.0,0.0,0.0,0,0,0,0
1998-04-22,0.0,0.0,0.0,0.0,0.0,0.0,0.0,0.0,0.0,0.0,0.0,0.0,0.0,0.0,0.0,0.0,0,0,0,0
1998-04-23,0.0,0.0,0.0,0.0,0.0,0.0,0.0,0.0,0.0,0.0,0.0,0.0,0.0,0.0,0.0,0.0,0,0,0,0
1998-04-24,0.0,0.0,0.0,0.0,0.0,0.0,0.0,0.0,0.0,0.0,0.0,0.0,0.0,0.0,0.0,0.0,0,0,0,0
1998-04-27,0.0,0.0,0.0,0.0,0.0,0.0,0.0,0.0,0.0,0.0,0.0,0.0,0.0,0.0,0.0,0.0,0,0,0,0
1998-04-28,0.0,0.0,0.0,0.0,0.0,0.0,0.0,0.0,0.0,0.0,0.0,0.0,0.0,0.0,0.0,0.0,0,0,0,0
1998-04-29,0.0,0.0,0.0,0.0,0.0,0.0,0.0,0.0,0.0,0.0,0.0,0.0,0.0,0.0,0.0,0.0,0,0,0,0
1998-04-30,0.0,0.0,0.0,0.0,0.0,0.0,0.0,0.0,0.0,0.0,0.0,0.0,0.0,0.0,0.0,0.0,0,0,0,0
1998-05-02,0.0,0.0,0.0,0.0,0.0,0.0,0.0,0.0,0.0,0.0,0.0,0.0,0.0,0.0,0.0,0.0,0,0,0,0
1998-05-04,0.0,0.0,0.0,0.0,0.0,0.0,0.0,0.0,0.0,0.0,0.0,0.0,0.0,0.0,0.0,0.0,0,0,0,0
1998-05-05,0.0,0.0,0.0,0.0,0.0,0.0,0.0,0.0,0.0,0.0,0.0,0.0,0.0,0.0,0.0,0.0,0,0,0,0
1998-05-06,0.0,0.0,0.0,0.0,0.0,0.0,0.0,0.0,0.0,0.0,0.0,0.0,0.0,0.0,0.0,0.0,0,0,0,0
1998-05-07,0.0,0.0,0.0,0.0,0.0,0.0,0.0,0.0,0.0,0.0,0.0,0.0,0.0,0.0,0.0,0.0,0,0,0,0
1998-05-08,0.0,0.0,0.0,0.0,0.0,0.0,0.0,0.0,0.0,0.0,0.0,0.0,0.0,0.0,0.0,0.0,0,0,0,0
1998-05-11,0.0,0.0,0.0,0.0,0.0,0.0,0.0,0.0,0.0,0.0,0.0,0.0,0.0,0.0,0.0,0.0,0,0,0,0
1998-05-12,0.0,0.0,0.0,0.0,0.0,0.0,0.0,0.0,0.0,0.0,0.0,0.0,0.0,0.0,0.0,0.0,0,0,0,0
1998-05-13,0.0,0.0,0.0,0.0,0.0,0.0,0.0,0.0,0.0,0.0,0.0,0.0,0.0,0.0,0.0,0.0,0,0,0,0
1998-05-14,0.0,0.0,0.0,0.0,0.0,0.0,0.0,0.0,0.0,0.0,0.0,0.0,0.0,0.0,0.0,0.0,0,0,0,0
1998-05-15,0.0,0.0,0.0,0.0,0.0,0.0,0.0,0.0,0.0,0.0,0.0,0.0,0.0,0.0,0.0,0.0,0,0,0,0
1998-05-16,0.0,0.0,0.0,0.0,0.0,0.0,0.0,0.0,0.0,0.0,0.0,0.0,0.0,0.0,0.0,0.0,0,0,0,0
1998-05-18,0.0,0.0,0.0,0.0,0.0,0.0,0.0,0.0,0.0,0.0,0.0,0.0,0.0,0.0,0.0,0.0,0,0,0,0
1998-05-19,0.0,0.0,0.0,0.0,0.0,0.0,0.0,0.0,0.0,0.0,0.0,0.0,0.0,0.0,0.0,0.0,0,0,0,0
1998-05-20,0.0,0.0,0.0,0.0,0.0,0.0,0.0,0.0,0.0,0.0,0.0,0.0,0.0,0.0,0.0,0.0,0,0,0,0
1998-05-21,0.0,0.0,0.0,0.0,0.0,0.0,0.0,0.0,0.0,0.0,0.0,0.0,0.0,0.0,0.0,0.0,0,0,0,0
1998-05-22,0.0,0.0,0.0,0.0,0.0,0.0,0.0,0.0,0.0,0.0,0.0,0.0,0.0,0.0,0.0,0.0,0,0,0,0
1998-05-25,0.0,0.0,0.0,0.0,0.0,0.0,0.0,0.0,0.0,0.0,0.0,0.0,0.0,0.0,0.0,0.0,0,0,0,0
1998-05-26,0.0,0.0,0.0,0.0,0.0,0.0,0.0,0.0,0.0,0.0,0.0,0.0,0.0,0.0,0.0,0.0,0,0,0,0
1998-05-27,0.0,0.0,0.0,0.0,0.0,0.0,0.0,0.0,0.0,0.0,0.0,0.0,0.0,0.0,0.0,0.0,0,0,0,0
1998-05-28,0.0,0.0,0.0,0.0,0.0,0.0,0.0,0.0,0.0,0.0,0.0,0.0,0.0,0.0,0.0,0.0,0,0,0,0
1998-05-29,0.0,0.0,0.0,0.0,0.0,0.0,0.0,0.0,0.0,0.0,0.0,0.0,0.0,0.0,0.0,0.0,0,0,0,0
1998-06-01,0.0,0.0,0.0,0.0,0.0,0.0,0.0,0.0,0.0,0.0,0.0,0.0,0.0,0.0,0.0,0.0,0,0,0,0
1998-06-02,0.0,0.0,0.0,0.0,0.0,0.0,0.0,0.0,0.0,0.0,0.0,0.0,0.0,0.0,0.0,0.0,0,0,0,0
1998-06-03,0.0,0.0,0.0,0.0,0.0,0.0,0.0,0.0,0.0,0.0,0.0,0.0,0.0,0.0,0.0,0.0,0,0,0,0
1998-06-04,0.0,0.0,0.0,0.0,0.0,0.0,0.0,0.0,0.0,0.0,0.0,0.0,0.0,0.0,0.0,0.0,0,0,0,0
1998-06-05,0.0,0.0,0.0,0.0,0.0,0.0,0.0,0.0,0.0,0.0,0.0,0.0,0.0,0.0,0.0,0.0,0,0,0,0
1998-06-06,0.0,0.0,0.0,0.0,0.0,0.0,0.0,0.0,0.0,0.0,0.0,0.0,0.0,0.0,0.0,0.0,0,0,0,0
1998-06-08,0.0,0.0,0.0,0.0,0.0,0.0,0.0,0.0,0.0,0.0,0.0,0.0,0.0,0.0,0.0,0.0,0,0,0,0
1998-06-09,0.0,0.0,0.0,0.0,0.0,0.0,0.0,0.0,0.0,0.0,0.0,0.0,0.0,0.0,0.0,0.0,0,0,0,0
1998-06-10,0.0,0.0,0.0,0.0,0.0,0.0,0.0,0.0,0.0,0.0,0.0,0.0,0.0,0.0,0.0,0.0,0,0,0,0
1998-06-11,0.0,0.0,0.0,0.0,0.0,0.0,0.0,0.0,0.0,0.0,0.0,0.0,0.0,0.0,0.0,0.0,0,0,0,0
1998-06-12,0.0,0.0,0.0,0.0,0.0,0.0,0.0,0.0,0.0,0.0,0.0,0.0,0.0,0.0,0.0,0.0,0,0,0,0
1998-06-15,0.0,0.0,0.0,0.0,0.0,0.0,0.0,0.0,0.0,0.0,0.0,0.0,0.0,0.0,0.0,0.0,0,0,0,0
1998-06-16,0.0,0.0,0.0,0.0,0.0,0.0,0.0,0.0,0.0,0.0,0.0,0.0,0.0,0.0,0.0,0.0,0,0,0,0
1998-06-17,0.0,0.0,0.0,0.0,0.0,0.0,0.0,0.0,0.0,0.0,0.0,0.0,0.0,0.0,0.0,0.0,0,0,0,0
1998-06-18,0.0,0.0,0.0,0.0,0.0,0.0,0.0,0.0,0.0,0.0,0.0,0.0,0.0,0.0,0.0,0.0,0,0,0,0
1998-06-19,0.0,0.0,0.0,0.0,0.0,0.0,0.0,0.0,0.0,0.0,0.0,0.0,0.0,0.0,0.0,0.0,0,0,0,0
1998-06-20,0.0,0.0,0.0,0.0,0.0,0.0,0.0,0.0,0.0,0.0,0.0,0.0,0.0,0.0,0.0,0.0,0,0,0,0
1998-06-22,0.0,0.0,0.0,0.0,0.0,0.0,0.0,0.0,0.0,0.0,0.0,0.0,0.0,0.0,0.0,0.0,0,0,0,0
1998-06-23,0.0,0.0,0.0,0.0,0.0,0.0,0.0,0.0,0.0,0.0,0.0,0.0,0.0,0.0,0.0,0.0,0,0,0,0
1998-06-24,0.0,0.0,0.0,0.0,0.0,0.0,0.0,0.0,0.0,0.0,0.0,0.0,0.0,0.0,0.0,0.0,0,0,0,0
1998-06-25,0.0,0.0,0.0,0.0,0.0,0.0,0.0,0.0,0.0,0.0,0.0,0.0,0.0,0.0,0.0,0.0,0,0,0,0
1998-06-26,0.0,0.0,0.0,0.0,0.0,0.0,0.0,0.0,0.0,0.0,0.0,0.0,0.0,0.0,0.0,0.0,0,0,0,0
1998-06-29,0.0,0.0,0.0,0.0,0.0,0.0,0.0,0.0,0.0,0.0,0.0,0.0,0.0,0.0,0.0,0.0,0,0,0,0
1998-06-30,0.0,0.0,0.0,0.0,0.0,0.0,0.0,0.0,0.0,0.0,0.0,0.0,0.0,0.0,0.0,0.0,0,0,0,0
1998-07-02,0.0,0.0,0.0,0.0,0.0,0.0,0.0,0.0,0.0,0.0,0.0,0.0,0.0,0.0,0.0,0.0,0,0,0,0
1998-07-03,0.0,0.0,0.0,0.0,0.0,0.0,0.0,0.0,0.0,0.0,0.0,0.0,0.0,0.0,0.0,0.0,0,0,0,0
1998-07-04,0.0,0.0,0.0,0.0,0.0,0.0,0.0,0.0,0.0,0.0,0.0,0.0,0.0,0.0,0.0,0.0,0,0,0,0
1998-07-06,0.0,0.0,0.0,0.0,0.0,0.0,0.0,0.0,0.0,0.0,0.0,0.0,0.0,0.0,0.0,0.0,0,0,0,0
1998-07-07,0.0,0.0,0.0,0.0,0.0,0.0,0.0,0.0,0.0,0.0,0.0,0.0,0.0,0.0,0.0,0.0,0,0,0,0
1998-07-08,0.0,0.0,0.0,0.0,0.0,0.0,0.0,0.0,0.0,0.0,0.0,0.0,0.0,0.0,0.0,0.0,0,0,0,0
1998-07-09,0.0,0.0,0.0,0.0,0.0,0.0,0.0,0.0,0.0,0.0,0.0,0.0,0.0,0.0,0.0,0.0,0,0,0,0
1998-07-10,0.0,0.0,0.0,0.0,0.0,0.0,0.0,0.0,0.0,0.0,0.0,0.0,0.0,0.0,0.0,0.0,0,0,0,0
1998-07-13,0.0,0.0,0.0,0.0,0.0,0.0,0.0,0.0,0.0,0.0,0.0,0.0,0.0,0.0,0.0,0.0,0,0,0,0
1998-07-14,0.0,0.0,0.0,0.0,0.0,0.0,0.0,0.0,0.0,0.0,0.0,0.0,0.0,0.0,0.0,0.0,0,0,0,0
1998-07-15,0.0,0.0,0.0,0.0,0.0,0.0,0.0,0.0,0.0,0.0,0.0,0.0,0.0,0.0,0.0,0.0,0,0,0,0
1998-07-16,0.0,0.0,0.0,0.0,0.0,0.0,0.0,0.0,0.0,0.0,0.0,0.0,0.0,0.0,0.0,0.0,0,0,0,0
1998-07-17,0.0,0.0,0.0,0.0,0.0,0.0,0.0,0.0,0.0,0.0,0.0,0.0,0.0,0.0,0.0,0.0,0,0,0,0
1998-07-18,0.0,0.0,0.0,0.0,0.0,0.0,0.0,0.0,0.0,0.0,0.0,0.0,0.0,0.0,0.0,0.0,0,0,0,0
1998-07-20,0.0,0.0,0.0,0.0,0.0,0.0,0.0,0.0,0.0,0.0,0.0,0.0,0.0,0.0,0.0,0.0,0,0,0,0
1998-07-21,0.0,0.0,0.0,0.0,0.0,0.0,0.0,0.0,0.0,0.0,0.0,0.0,0.0,0.0,0.0,0.0,0,0,0,0
1998-07-22,0.0,0.0,0.0,0.0,0.0,0.0,0.0,0.0,0.0,0.0,0.0,0.0,0.0,0.0,0.0,0.0,0,0,0,0
1998-07-23,0.0,0.0,0.0,0.0,0.0,0.0,0.0,0.0,0.0,0.0,0.0,0.0,0.0,0.0,0.0,0.0,0,0,0,0
1998-07-24,0.0,0.0,0.0,0.0,0.0,0.0,0.0,0.0,0.0,0.0,0.0,0.0,0.0,0.0,0.0,0.0,0,0,0,0
1998-07-27,0.0,0.0,0.0,0.0,0.0,0.0,0.0,0.0,0.0,0.0,0.0,0.0,0.0,0.0,0.0,0.0,0,0,0,0
1998-07-28,0.0,0.0,0.0,0.0,0.0,0.0,0.0,0.0,0.0,0.0,0.0,0.0,0.0,0.0,0.0,0.0,0,0,0,0
1998-07-29,0.0,0.0,0.0,0.0,0.0,0.0,0.0,0.0,0.0,0.0,0.0,0.0,0.0,0.0,0.0,0.0,0,0,0,0
1998-07-30,0.0,0.0,0.0,0.0,0.0,0.0,0.0,0.0,0.0,0.0,0.0,0.0,0.0,0.0,0.0,0.0,0,0,0,0
1998-07-31,0.0,0.0,0.0,0.0,0.0,0.0,0.0,0.0,0.0,0.0,0.0,0.0,0.0,0.0,0.0,0.0,0,0,0,0
1998-08-01,0.0,0.0,0.0,0.0,0.0,0.0,0.0,0.0,0.0,0.0,0.0,0.0,0.0,0.0,0.0,0.0,0,0,0,0
1998-08-03,0.0,0.0,0.0,0.0,0.0,0.0,0.0,0.0,0.0,0.0,0.0,0.0,0.0,0.0,0.0,0.0,0,0,0,0
1998-08-04,0.0,0.0,0.0,0.0,0.0,0.0,0.0,0.0,0.0,0.0,0.0,0.0,0.0,0.0,0.0,0.0,0,0,0,0
1998-08-05,0.0,0.0,0.0,0.0,0.0,0.0,0.0,0.0,0.0,0.0,0.0,0.0,0.0,0.0,0.0,0.0,0,0,0,0
1998-08-06,0.0,0.0,0.0,0.0,0.0,0.0,0.0,0.0,0.0,0.0,0.0,0.0,0.0,0.0,0.0,0.0,0,0,0,0
1998-08-07,0.0,0.0,0.0,0.0,0.0,0.0,0.0,0.0,0.0,0.0,0.0,0.0,0.0,0.0,0.0,0.0,0,0,0,0
1998-08-10,0.0,0.0,0.0,0.0,0.0,0.0,0.0,0.0,0.0,0.0,0.0,0.0,0.0,0.0,0.0,0.0,0,0,0,0
1998-08-11,0.0,0.0,0.0,0.0,0.0,0.0,0.0,0.0,0.0,0.0,0.0,0.0,0.0,0.0,0.0,0.0,0,0,0,0
1998-08-12,0.0,0.0,0.0,0.0,0.0,0.0,0.0,0.0,0.0,0.0,0.0,0.0,0.0,0.0,0.0,0.0,0,0,0,0
1998-08-13,0.0,0.0,0.0,0.0,0.0,0.0,0.0,0.0,0.0,0.0,0.0,0.0,0.0,0.0,0.0,0.0,0,0,0,0
1998-08-14,0.0,0.0,0.0,0.0,0.0,0.0,0.0,0.0,0.0,0.0,0.0,0.0,0.0,0.0,0.0,0.0,0,0,0,0
1998-08-15,0.0,0.0,0.0,0.0,0.0,0.0,0.0,0.0,0.0,0.0,0.0,0.0,0.0,0.0,0.0,0.0,0,0,0,0
1998-08-17,0.0,0.0,0.0,0.0,0.0,0.0,0.0,0.0,0.0,0.0,0.0,0.0,0.0,0.0,0.0,0.0,0,0,0,0
1998-08-18,0.0,0.0,0.0,0.0,0.0,0.0,0.0,0.0,0.0,0.0,0.0,0.0,0.0,0.0,0.0,0.0,0,0,0,0
1998-08-19,0.0,0.0,0.0,0.0,0.0,0.0,0.0,0.0,0.0,0.0,0.0,0.0,0.0,0.0,0.0,0.0,0,0,0,0
1998-08-20,0.0,0.0,0.0,0.0,0.0,0.0,0.0,0.0,0.0,0.0,0.0,0.0,0.0,0.0,0.0,0.0,0,0,0,0
1998-08-21,0.0,0.0,0.0,0.0,0.0,0.0,0.0,0.0,0.0,0.0,0.0,0.0,0.0,0.0,0.0,0.0,0,0,0,0
1998-08-24,0.0,0.0,0.0,0.0,0.0,0.0,0.0,0.0,0.0,0.0,0.0,0.0,0.0,0.0,0.0,0.0,0,0,0,0
1998-08-25,0.0,0.0,0.0,0.0,0.0,0.0,0.0,0.0,0.0,0.0,0.0,0.0,0.0,0.0,0.0,0.0,0,0,0,0
1998-08-26,0.0,0.0,0.0,0.0,0.0,0.0,0.0,0.0,0.0,0.0,0.0,0.0,0.0,0.0,0.0,0.0,0,0,0,0
1998-08-27,0.0,0.0,0.0,0.0,0.0,0.0,0.0,0.0,0.0,0.0,0.0,0.0,0.0,0.0,0.0,0.0,0,0,0,0
1998-08-28,0.0,0.0,0.0,0.0,0.0,0.0,0.0,0.0,0.0,0.0,0.0,0.0,0.0,0.0,0.0,0.0,0,0,0,0
1998-08-29,0.0,0.0,0.0,0.0,0.0,0.0,0.0,0.0,0.0,0.0,0.0,0.0,0.0,0.0,0.0,0.0,0,0,0,0
1998-08-31,0.0,0.0,0.0,0.0,0.0,0.0,0.0,0.0,0.0,0.0,0.0,0.0,0.0,0.0,0.0,0.0,0,0,0,0
1998-09-01,0.0,0.0,0.0,0.0,0.0,0.0,0.0,0.0,0.0,0.0,0.0,0.0,0.0,0.0,0.0,0.0,0,0,0,0
1998-09-02,0.0,0.0,0.0,0.0,0.0,0.0,0.0,0.0,0.0,0.0,0.0,0.0,0.0,0.0,0.0,0.0,0,0,0,0
1998-09-03,0.0,0.0,0.0,0.0,0.0,0.0,0.0,0.0,0.0,0.0,0.0,0.0,0.0,0.0,0.0,0.0,0,0,0,0
1998-09-04,0.0,0.0,0.0,0.0,0.0,0.0,0.0,0.0,0.0,0.0,0.0,0.0,0.0,0.0,0.0,0.0,0,0,0,0
1998-09-05,0.0,0.0,0.0,0.0,0.0,0.0,0.0,0.0,0.0,0.0,0.0,0.0,0.0,0.0,0.0,0.0,0,0,0,0
1998-09-07,0.0,0.0,0.0,0.0,0.0,0.0,0.0,0.0,0.0,0.0,0.0,0.0,0.0,0.0,0.0,0.0,0,0,0,0
1998-09-08,0.0,0.0,0.0,0.0,0.0,0.0,0.0,0.0,0.0,0.0,0.0,0.0,0.0,0.0,0.0,0.0,0,0,0,0
1998-09-09,0.0,0.0,0.0,0.0,0.0,0.0,0.0,0.0,0.0,0.0,0.0,0.0,0.0,0.0,0.0,0.0,0,0,0,0
1998-09-10,0.0,0.0,0.0,0.0,0.0,0.0,0.0,0.0,0.0,0.0,0.0,0.0,0.0,0.0,0.0,0.0,0,0,0,0
1998-09-11,0.0,0.0,0.0,0.0,0.0,0.0,0.0,0.0,0.0,0.0,0.0,0.0,0.0,0.0,0.0,0.0,0,0,0,0
1998-09-14,0.0,0.0,0.0,0.0,0.0,0.0,0.0,0.0,0.0,0.0,0.0,0.0,0.0,0.0,0.0,0.0,0,0,0,0
1998-09-15,0.0,0.0,0.0,0.0,0.0,0.0,0.0,0.0,0.0,0.0,0.0,0.0,0.0,0.0,0.0,0.0,0,0,0,0
1998-09-16,0.0,0.0,0.0,0.0,0.0,0.0,0.0,0.0,0.0,0.0,0.0,0.0,0.0,0.0,0.0,0.0,0,0,0,0
1998-09-17,0.0,0.0,0.0,0.0,0.0,0.0,0.0,0.0,0.0,0.0,0.0,0.0,0.0,0.0,0.0,0.0,0,0,0,0
1998-09-18,0.0,0.0,0.0,0.0,0.0,0.0,0.0,0.0,0.0,0.0,0.0,0.0,0.0,0.0,0.0,0.0,0,0,0,0
1998-09-19,0.0,0.0,0.0,0.0,0.0,0.0,0.0,0.0,0.0,0.0,0.0,0.0,0.0,0.0,0.0,0.0,0,0,0,0
1998-09-21,0.0,0.0,0.0,0.0,0.0,0.0,0.0,0.0,0.0,0.0,0.0,0.0,0.0,0.0,0.0,0.0,0,0,0,0
1998-09-22,0.0,0.0,0.0,0.0,0.0,0.0,0.0,0.0,0.0,0.0,0.0,0.0,0.0,0.0,0.0,0.0,0,0,0,0
1998-09-23,0.0,0.0,0.0,0.0,0.0,0.0,0.0,0.0,0.0,0.0,0.0,0.0,0.0,0.0,0.0,0.0,0,0,0,0
1998-09-24,0.0,0.0,0.0,0.0,0.0,0.0,0.0,0.0,0.0,0.0,0.0,0.0,0.0,0.0,0.0,0.0,0,0,0,0
1998-09-25,0.0,0.0,0.0,0.0,0.0,0.0,0.0,0.0,0.0,0.0,0.0,0.0,0.0,0.0,0.0,0.0,0,0,0,0
1998-09-28,0.0,0.0,0.0,0.0,0.0,0.0,0.0,0.0,0.0,0.0,0.0,0.0,0.0,0.0,0.0,0.0,0,0,0,0
1998-09-29,0.0,0.0,0.0,0.0,0.0,0.0,0.0,0.0,0.0,0.0,0.0,0.0,0.0,0.0,0.0,0.0,0,0,0,0
1998-09-30,0.0,0.0,0.0,0.0,0.0,0.0,0.0,0.0,0.0,0.0,0.0,0.0,0.0,0.0,0.0,0.0,0,0,0,0
1998-10-01,0.0,0.0,0.0,0.0,0.0,0.0,0.0,0.0,0.0,0.0,0.0,0.0,0.0,0.0,0.0,0.0,0,0,0,0
1998-10-02,0.0,0.0,0.0,0.0,0.0,0.0,0.0,0.0,0.0,0.0,0.0,0.0,0.0,0.0,0.0,0.0,0,0,0,0
1998-10-03,0.0,0.0,0.0,0.0,0.0,0.0,0.0,0.0,0.0,0.0,0.0,0.0,0.0,0.0,0.0,0.0,0,0,0,0
1998-10-06,0.0,0.0,0.0,0.0,0.0,0.0,0.0,0.0,0.0,0.0,0.0,0.0,0.0,0.0,0.0,0.0,0,0,0,0
1998-10-07,0.0,0.0,0.0,0.0,0.0,0.0,0.0,0.0,0.0,0.0,0.0,0.0,0.0,0.0,0.0,0.0,0,0,0,0
1998-10-08,0.0,0.0,0.0,0.0,0.0,0.0,0.0,0.0,0.0,0.0,0.0,0.0,0.0,0.0,0.0,0.0,0,0,0,0
1998-10-09,0.0,0.0,0.0,0.0,0.0,0.0,0.0,0.0,0.0,0.0,0.0,0.0,0.0,0.0,0.0,0.0,0,0,0,0
1998-10-12,0.0,0.0,0.0,0.0,0.0,0.0,0.0,0.0,0.0,0.0,0.0,0.0,0.0,0.0,0.0,0.0,0,0,0,0
1998-10-13,0.0,0.0,0.0,0.0,0.0,0.0,0.0,0.0,0.0,0.0,0.0,0.0,0.0,0.0,0.0,0.0,0,0,0,0
1998-10-14,0.0,0.0,0.0,0.0,0.0,0.0,0.0,0.0,0.0,0.0,0.0,0.0,0.0,0.0,0.0,0.0,0,0,0,0
1998-10-15,0.0,0.0,0.0,0.0,0.0,0.0,0.0,0.0,0.0,0.0,0.0,0.0,0.0,0.0,0.0,0.0,0,0,0,0
1998-10-17,0.0,0.0,0.0,0.0,0.0,0.0,0.0,0.0,0.0,0.0,0.0,0.0,0.0,0.0,0.0,0.0,0,0,0,0
1998-10-19,0.0,0.0,0.0,0.0,0.0,0.0,0.0,0.0,0.0,0.0,0.0,0.0,0.0,0.0,0.0,0.0,0,0,0,0
1998-10-20,0.0,0.0,0.0,0.0,0.0,0.0,0.0,0.0,0.0,0.0,0.0,0.0,0.0,0.0,0.0,0.0,0,0,0,0
1998-10-21,0.0,0.0,0.0,0.0,0.0,0.0,0.0,0.0,0.0,0.0,0.0,0.0,0.0,0.0,0.0,0.0,0,0,0,0
1998-10-22,0.0,0.0,0.0,0.0,0.0,0.0,0.0,0.0,0.0,0.0,0.0,0.0,0.0,0.0,0.0,0.0,0,0,0,0
1998-10-23,0.0,0.0,0.0,0.0,0.0,0.0,0.0,0.0,0.0,0.0,0.0,0.0,0.0,0.0,0.0,0.0,0,0,0,0
1998-10-26,0.0,0.0,0.0,0.0,0.0,0.0,0.0,0.0,0.0,0.0,0.0,0.0,0.0,0.0,0.0,0.0,0,0,0,0
1998-10-27,0.0,0.0,0.0,0.0,0.0,0.0,0.0,0.0,0.0,0.0,0.0,0.0,0.0,0.0,0.0,0.0,0,0,0,0
1998-10-28,0.0,0.0,0.0,0.0,0.0,0.0,0.0,0.0,0.0,0.0,0.0,0.0,0.0,0.0,0.0,0.0,0,0,0,0
1998-10-29,0.0,0.0,0.0,0.0,0.0,0.0,0.0,0.0,0.0,0.0,0.0,0.0,0.0,0.0,0.0,0.0,0,0,0,0
1998-10-30,0.0,0.0,0.0,0.0,0.0,0.0,0.0,0.0,0.0,0.0,0.0,0.0,0.0,0.0,0.0,0.0,0,0,0,0
1998-10-31,0.0,0.0,0.0,0.0,0.0,0.0,0.0,0.0,0.0,0.0,0.0,0.0,0.0,0.0,0.0,0.0,0,0,0,0
1998-11-02,0.0,0.0,0.0,0.0,0.0,0.0,0.0,0.0,0.0,0.0,0.0,0.0,0.0,0.0,0.0,0.0,0,0,0,0
1998-11-03,0.0,0.0,0.0,0.0,0.0,0.0,0.0,0.0,0.0,0.0,0.0,0.0,0.0,0.0,0.0,0.0,0,0,0,0
1998-11-04,0.0,0.0,0.0,0.0,0.0,0.0,0.0,0.0,0.0,0.0,0.0,0.0,0.0,0.0,0.0,0.0,0,0,0,0
1998-11-05,0.0,0.0,0.0,0.0,0.0,0.0,0.0,0.0,0.0,0.0,0.0,0.0,0.0,0.0,0.0,0.0,0,0,0,0
1998-11-06,0.0,0.0,0.0,0.0,0.0,0.0,0.0,0.0,0.0,0.0,0.0,0.0,0.0,0.0,0.0,0.0,0,0,0,0
1998-11-07,0.0,0.0,0.0,0.0,0.0,0.0,0.0,0.0,0.0,0.0,0.0,0.0,0.0,0.0,0.0,0.0,0,0,0,0
1998-11-09,0.0,0.0,0.0,0.0,0.0,0.0,0.0,0.0,0.0,0.0,0.0,0.0,0.0,0.0,0.0,0.0,0,0,0,0
1998-11-10,0.0,0.0,0.0,0.0,0.0,0.0,0.0,0.0,0.0,0.0,0.0,0.0,0.0,0.0,0.0,0.0,0,0,0,0
1998-11-11,0.0,0.0,0.0,0.0,0.0,0.0,0.0,0.0,0.0,0.0,0.0,0.0,0.0,0.0,0.0,0.0,0,0,0,0
1998-11-13,0.0,0.0,0.0,0.0,0.0,0.0,0.0,0.0,0.0,0.0,0.0,0.0,0.0,0.0,0.0,0.0,0,0,0,0
1998-11-16,0.0,0.0,0.0,0.0,0.0,0.0,0.0,0.0,0.0,0.0,0.0,0.0,0.0,0.0,0.0,0.0,0,0,0,0
1998-11-17,0.0,0.0,0.0,0.0,0.0,0.0,0.0,0.0,0.0,0.0,0.0,0.0,0.0,0.0,0.0,0.0,0,0,0,0
1998-11-18,0.0,0.0,0.0,0.0,0.0,0.0,0.0,0.0,0.0,0.0,0.0,0.0,0.0,0.0,0.0,0.0,0,0,0,0
1998-11-19,0.0,0.0,0.0,0.0,0.0,0.0,0.0,0.0,0.0,0.0,0.0,0.0,0.0,0.0,0.0,0.0,0,0,0,0
1998-11-20,0.0,0.0,0.0,0.0,0.0,0.0,0.0,0.0,0.0,0.0,0.0,0.0,0.0,0.0,0.0,0.0,0,0,0,0
1998-11-21,0.0,0.0,0.0,0.0,0.0,0.0,0.0,0.0,0.0,0.0,0.0,0.0,0.0,0.0,0.0,0.0,0,0,0,0
1998-11-23,0.0,0.0,0.0,0.0,0.0,0.0,0.0,0.0,0.0,0.0,0.0,0.0,0.0,0.0,0.0,0.0,0,0,0,0
1998-11-24,0.0,0.0,0.0,0.0,0.0,0.0,0.0,0.0,0.0,0.0,0.0,0.0,0.0,0.0,0.0,0.0,0,0,0,0
1998-11-25,0.0,0.0,0.0,0.0,0.0,0.0,0.0,0.0,0.0,0.0,0.0,0.0,0.0,0.0,0.0,0.0,0,0,0,0
1998-11-26,0.0,0.0,0.0,0.0,0.0,0.0,0.0,0.0,0.0,0.0,0.0,0.0,0.0,0.0,0.0,0.0,0,0,0,0
1998-11-27,0.0,0.0,0.0,0.0,0.0,0.0,0.0,0.0,0.0,0.0,0.0,0.0,0.0,0.0,0.0,0.0,0,0,0,0
1998-11-30,0.0,0.0,0.0,0.0,0.0,0.0,0.0,0.0,0.0,0.0,0.0,0.0,0.0,0.0,0.0,0.0,0,0,0,0
1998-12-01,0.0,0.0,0.0,0.0,0.0,0.0,0.0,0.0,0.0,0.0,0.0,0.0,0.0,0.0,0.0,0.0,0,0,0,0
1998-12-02,0.0,0.0,0.0,0.0,0.0,0.0,0.0,0.0,0.0,0.0,0.0,0.0,0.0,0.0,0.0,0.0,0,0,0,0
1998-12-03,0.0,0.0,0.0,0.0,0.0,0.0,0.0,0.0,0.0,0.0,0.0,0.0,0.0,0.0,0.0,0.0,0,0,0,0
1998-12-04,0.0,0.0,0.0,0.0,0.0,0.0,0.0,0.0,0.0,0.0,0.0,0.0,0.0,0.0,0.0,0.0,0,0,0,0
1998-12-07,0.0,0.0,0.0,0.0,0.0,0.0,0.0,0.0,0.0,0.0,0.0,0.0,0.0,0.0,0.0,0.0,0,0,0,0
1998-12-08,0.0,0.0,0.0,0.0,0.0,0.0,0.0,0.0,0.0,0.0,0.0,0.0,0.0,0.0,0.0,0.0,0,0,0,0
1998-12-09,0.0,0.0,0.0,0.0,0.0,0.0,0.0,0.0,0.0,0.0,0.0,0.0,0.0,0.0,0.0,0.0,0,0,0,0
1998-12-10,0.0,0.0,0.0,0.0,0.0,0.0,0.0,0.0,0.0,0.0,0.0,0.0,0.0,0.0,0.0,0.0,0,0,0,0
1998-12-11,0.0,0.0,0.0,0.0,0.0,0.0,0.0,0.0,0.0,0.0,0.0,0.0,0.0,0.0,0.0,0.0,0,0,0,0
1998-12-14,0.0,0.0,0.0,0.0,0.0,0.0,0.0,0.0,0.0,0.0,0.0,0.0,0.0,0.0,0.0,0.0,0,0,0,0
1998-12-15,0.0,0.0,0.0,0.0,0.0,0.0,0.0,0.0,0.0,0.0,0.0,0.0,0.0,0.0,0.0,0.0,0,0,0,0
1998-12-16,0.0,0.0,0.0,0.0,0.0,0.0,0.0,0.0,0.0,0.0,0.0,0.0,0.0,0.0,0.0,0.0,0,0,0,0
1998-12-17,0.0,0.0,0.0,0.0,0.0,0.0,0.0,0.0,0.0,0.0,0.0,0.0,0.0,0.0,0.0,0.0,0,0,0,0
1998-12-18,0.0,0.0,0.0,0.0,0.0,0.0,0.0,0.0,0.0,0.0,0.0,0.0,0.0,0.0,0.0,0.0,0,0,0,0
1998-12-19,0.0,0.0,0.0,0.0,0.0,0.0,0.0,0.0,0.0,0.0,0.0,0.0,0.0,0.0,0.0,0.0,0,0,0,0
1998-12-21,0.0,0.0,0.0,0.0,0.0,0.0,0.0,0.0,0.0,0.0,0.0,0.0,0.0,0.0,0.0,0.0,0,0,0,0
1998-12-22,0.0,0.0,0.0,0.0,0.0,0.0,0.0,0.0,0.0,0.0,0.0,0.0,0.0,0.0,0.0,0.0,0,0,0,0
1998-12-23,0.0,0.0,0.0,0.0,0.0,0.0,0.0,0.0,0.0,0.0,0.0,0.0,0.0,0.0,0.0,0.0,0,0,0,0
1998-12-24,0.0,0.0,0.0,0.0,0.0,0.0,0.0,0.0,0.0,0.0,0.0,0.0,0.0,0.0,0.0,0.0,0,0,0,0
1998-12-28,0.0,0.0,0.0,0.0,0.0,0.0,0.0,0.0,0.0,0.0,0.0,0.0,0.0,0.0,0.0,0.0,0,0,0,0
1998-12-29,0.0,0.0,0.0,0.0,0.0,0.0,0.0,0.0,0.0,0.0,0.0,0.0,0.0,0.0,0.0,0.0,0,0,0,0
1998-12-30,0.0,0.0,0.0,0.0,0.0,0.0,0.0,0.0,0.0,0.0,0.0,0.0,0.0,0.0,0.0,0.0,0,0,0,0
1998-12-31,0.0,0.0,0.0,0.0,0.0,0.0,0.0,0.0,0.0,0.0,0.0,0.0,0.0,0.0,0.0,0.0,0,0,0,0
1999-01-05,0.0,0.0,0.0,0.0,0.0,0.0,0.0,0.0,0.0,0.0,0.0,0.0,0.0,0.0,0.0,0.0,0,0,0,0
1999-01-06,0.0,0.0,0.0,0.0,0.0,0.0,0.0,0.0,0.0,0.0,0.0,0.0,0.0,0.0,0.0,0.0,0,0,0,0
1999-01-07,0.0,0.0,0.0,0.0,0.0,0.0,0.0,0.0,0.0,0.0,0.0,0.0,0.0,0.0,0.0,0.0,0,0,0,0
1999-01-08,0.0,0.0,0.0,0.0,0.0,0.0,0.0,0.0,0.0,0.0,0.0,0.0,0.0,0.0,0.0,0.0,0,0,0,0
1999-01-11,0.0,0.0,0.0,0.0,0.0,0.0,0.0,0.0,0.0,0.0,0.0,0.0,0.0,0.0,0.0,0.0,0,0,0,0
1999-01-12,0.0,0.0,0.0,0.0,0.0,0.0,0.0,0.0,0.0,0.0,0.0,0.0,0.0,0.0,0.0,0.0,0,0,0,0
1999-01-13,0.0,0.0,0.0,0.0,0.0,0.0,0.0,0.0,0.0,0.0,0.0,0.0,0.0,0.0,0.0,0.0,0,0,0,0
1999-01-14,0.0,0.0,0.0,0.0,0.0,0.0,0.0,0.0,0.0,0.0,0.0,0.0,0.0,0.0,0.0,0.0,0,0,0,0
1999-01-15,0.0,0.0,0.0,0.0,0.0,0.0,0.0,0.0,0.0,0.0,0.0,0.0,0.0,0.0,0.0,0.0,0,0,0,0
1999-01-16,0.0,0.0,0.0,0.0,0.0,0.0,0.0,0.0,0.0,0.0,0.0,0.0,0.0,0.0,0.0,0.0,0,0,0,0
1999-01-18,0.0,0.0,0.0,0.0,0.0,0.0,0.0,0.0,0.0,0.0,0.0,0.0,0.0,0.0,0.0,0.0,0,0,0,0
1999-01-19,0.0,0.0,0.0,0.0,0.0,0.0,0.0,0.0,0.0,0.0,0.0,0.0,0.0,0.0,0.0,0.0,0,0,0,0
1999-01-20,0.0,0.0,0.0,0.0,0.0,0.0,0.0,0.0,0.0,0.0,0.0,0.0,0.0,0.0,0.0,0.0,0,0,0,0
1999-01-21,0.0,0.0,0.0,0.0,0.0,0.0,0.0,0.0,0.0,0.0,0.0,0.0,0.0,0.0,0.0,0.0,0,0,0,0
1999-01-22,0.0,0.0,0.0,0.0,0.0,0.0,0.0,0.0,0.0,0.0,0.0,0.0,0.0,0.0,0.0,0.0,0,0,0,0
1999-01-25,0.0,0.0,0.0,0.0,0.0,0.0,0.0,0.0,0.0,0.0,0.0,0.0,0.0,0.0,0.0,0.0,0,0,0,0
1999-01-26,0.0,0.0,0.0,0.0,0.0,0.0,0.0,0.0,0.0,0.0,0.0,0.0,0.0,0.0,0.0,0.0,0,0,0,0
1999-01-27,0.0,0.0,0.0,0.0,0.0,0.0,0.0,0.0,0.0,0.0,0.0,0.0,0.0,0.0,0.0,0.0,0,0,0,0
1999-01-28,0.0,0.0,0.0,0.0,0.0,0.0,0.0,0.0,0.0,0.0,0.0,0.0,0.0,0.0,0.0,0.0,0,0,0,0
1999-01-29,0.0,0.0,0.0,0.0,0.0,0.0,0.0,0.0,0.0,0.0,0.0,0.0,0.0,0.0,0.0,0.0,0,0,0,0
1999-01-30,0.0,0.0,0.0,0.0,0.0,0.0,0.0,0.0,0.0,0.0,0.0,0.0,0.0,0.0,0.0,0.0,0,0,0,0
1999-02-01,0.0,0.0,0.0,0.0,0.0,0.0,0.0,0.0,0.0,0.0,0.0,0.0,0.0,0.0,0.0,0.0,0,0,0,0
1999-02-02,0.0,0.0,0.0,0.0,0.0,0.0,0.0,0.0,0.0,0.0,0.0,0.0,0.0,0.0,0.0,0.0,0,0,0,0
1999-02-03,0.0,0.0,0.0,0.0,0.0,0.0,0.0,0.0,0.0,0.0,0.0,0.0,0.0,0.0,0.0,0.0,0,0,0,0
1999-02-04,0.0,0.0,0.0,0.0,0.0,0.0,0.0,0.0,0.0,0.0,0.0,0.0,0.0,0.0,0.0,0.0,0,0,0,0
1999-02-05,0.0,0.0,0.0,0.0,0.0,0.0,0.0,0.0,0.0,0.0,0.0,0.0,0.0,0.0,0.0,0.0,0,0,0,0
1999-02-06,0.0,0.0,0.0,0.0,0.0,0.0,0.0,0.0,0.0,0.0,0.0,0.0,0.0,0.0,0.0,0.0,0,0,0,0
1999-02-08,0.0,0.0,0.0,0.0,0.0,0.0,0.0,0.0,0.0,0.0,0.0,0.0,0.0,0.0,0.0,0.0,0,0,0,0
1999-02-09,0.0,0.0,0.0,0.0,0.0,0.0,0.0,0.0,0.0,0.0,0.0,0.0,0.0,0.0,0.0,0.0,0,0,0,0
1999-02-10,0.0,0.0,0.0,0.0,0.0,0.0,0.0,0.0,0.0,0.0,0.0,0.0,0.0,0.0,0.0,0.0,0,0,0,0
1999-02-20,0.0,0.0,0.0,0.0,0.0,0.0,0.0,0.0,0.0,0.0,0.0,0.0,0.0,0.0,0.0,0.0,0,0,0,0
1999-02-22,0.0,0.0,0.0,0.0,0.0,0.0,0.0,0.0,0.0,0.0,0.0,0.0,0.0,0.0,0.0,0.0,0,0,0,0
1999-02-23,0.0,0.0,0.0,0.0,0.0,0.0,0.0,0.0,0.0,0.0,0.0,0.0,0.0,0.0,0.0,0.0,0,0,0,0
1999-02-24,0.0,0.0,0.0,0.0,0.0,0.0,0.0,0.0,0.0,0.0,0.0,0.0,0.0,0.0,0.0,0.0,0,0,0,0
1999-02-25,0.0,0.0,0.0,0.0,0.0,0.0,0.0,0.0,0.0,0.0,0.0,0.0,0.0,0.0,0.0,0.0,0,0,0,0
1999-02-26,0.0,0.0,0.0,0.0,0.0,0.0,0.0,0.0,0.0,0.0,0.0,0.0,0.0,0.0,0.0,0.0,0,0,0,0
1999-03-01,0.0,0.0,0.0,0.0,0.0,0.0,0.0,0.0,0.0,0.0,0.0,0.0,0.0,0.0,0.0,0.0,0,0,0,0
1999-03-02,0.0,0.0,0.0,0.0,0.0,0.0,0.0,0.0,0.0,0.0,0.0,0.0,0.0,0.0,0.0,0.0,0,0,0,0
1999-03-03,0.0,0.0,0.0,0.0,0.0,0.0,0.0,0.0,0.0,0.0,0.0,0.0,0.0,0.0,0.0,0.0,0,0,0,0
1999-03-04,0.0,0.0,0.0,0.0,0.0,0.0,0.0,0.0,0.0,0.0,0.0,0.0,0.0,0.0,0.0,0.0,0,0,0,0
1999-03-05,0.0,0.0,0.0,0.0,0.0,0.0,0.0,0.0,0.0,0.0,0.0,0.0,0.0,0.0,0.0,0.0,0,0,0,0
1999-03-06,0.0,0.0,0.0,0.0,0.0,0.0,0.0,0.0,0.0,0.0,0.0,0.0,0.0,0.0,0.0,0.0,0,0,0,0
1999-03-08,0.0,0.0,0.0,0.0,0.0,0.0,0.0,0.0,0.0,0.0,0.0,0.0,0.0,0.0,0.0,0.0,0,0,0,0
1999-03-09,0.0,0.0,0.0,0.0,0.0,0.0,0.0,0.0,0.0,0.0,0.0,0.0,0.0,0.0,0.0,0.0,0,0,0,0
1999-03-10,0.0,0.0,0.0,0.0,0.0,0.0,0.0,0.0,0.0,0.0,0.0,0.0,0.0,0.0,0.0,0.0,0,0,0,0
1999-03-11,0.0,0.0,0.0,0.0,0.0,0.0,0.0,0.0,0.0,0.0,0.0,0.0,0.0,0.0,0.0,0.0,0,0,0,0
1999-03-12,0.0,0.0,0.0,0.0,0.0,0.0,0.0,0.0,0.0,0.0,0.0,0.0,0.0,0.0,0.0,0.0,0,0,0,0
1999-03-15,0.0,0.0,0.0,0.0,0.0,0.0,0.0,0.0,0.0,0.0,0.0,0.0,0.0,0.0,0.0,0.0,0,0,0,0
1999-03-16,0.0,0.0,0.0,0.0,0.0,0.0,0.0,0.0,0.0,0.0,0.0,0.0,0.0,0.0,0.0,0.0,0,0,0,0
1999-03-17,0.0,0.0,0.0,0.0,0.0,0.0,0.0,0.0,0.0,0.0,0.0,0.0,0.0,0.0,0.0,0.0,0,0,0,0
1999-03-18,0.0,0.0,0.0,0.0,0.0,0.0,0.0,0.0,0.0,0.0,0.0,0.0,0.0,0.0,0.0,0.0,0,0,0,0
1999-03-19,0.0,0.0,0.0,0.0,0.0,0.0,0.0,0.0,0.0,0.0,0.0,0.0,0.0,0.0,0.0,0.0,0,0,0,0
1999-03-20,0.0,0.0,0.0,0.0,0.0,0.0,0.0,0.0,0.0,0.0,0.0,0.0,0.0,0.0,0.0,0.0,0,0,0,0
1999-03-22,0.0,0.0,0.0,0.0,0.0,0.0,0.0,0.0,0.0,0.0,0.0,0.0,0.0,0.0,0.0,0.0,0,0,0,0
1999-03-23,0.0,0.0,0.0,0.0,0.0,0.0,0.0,0.0,0.0,0.0,0.0,0.0,0.0,0.0,0.0,0.0,0,0,0,0
1999-03-24,0.0,0.0,0.0,0.0,0.0,0.0,0.0,0.0,0.0,0.0,0.0,0.0,0.0,0.0,0.0,0.0,0,0,0,0
1999-03-25,0.0,0.0,0.0,0.0,0.0,0.0,0.0,0.0,0.0,0.0,0.0,0.0,0.0,0.0,0.0,0.0,0,0,0,0
1999-03-26,0.0,0.0,0.0,0.0,0.0,0.0,0.0,0.0,0.0,0.0,0.0,0.0,0.0,0.0,0.0,0.0,0,0,0,0
1999-03-29,0.0,0.0,0.0,0.0,0.0,0.0,0.0,0.0,0.0,0.0,0.0,0.0,0.0,0.0,0.0,0.0,0,0,0,0
1999-03-30,0.0,0.0,0.0,0.0,0.0,0.0,0.0,0.0,0.0,0.0,0.0,0.0,0.0,0.0,0.0,0.0,0,0,0,0
1999-03-31,0.0,0.0,0.0,0.0,0.0,0.0,0.0,0.0,0.0,0.0,0.0,0.0,0.0,0.0,0.0,0.0,0,0,0,0
1999-04-01,0.0,0.0,0.0,0.0,0.0,0.0,0.0,0.0,0.0,0.0,0.0,0.0,0.0,0.0,0.0,0.0,0,0,0,0
1999-04-02,0.0,0.0,0.0,0.0,0.0,0.0,0.0,0.0,0.0,0.0,0.0,0.0,0.0,0.0,0.0,0.0,0,0,0,0
1999-04-03,0.0,0.0,0.0,0.0,0.0,0.0,0.0,0.0,0.0,0.0,0.0,0.0,0.0,0.0,0.0,0.0,0,0,0,0
1999-04-06,0.0,0.0,0.0,0.0,0.0,0.0,0.0,0.0,0.0,0.0,0.0,0.0,0.0,0.0,0.0,0.0,0,0,0,0
1999-04-07,0.0,0.0,0.0,0.0,0.0,0.0,0.0,0.0,0.0,0.0,0.0,0.0,0.0,0.0,0.0,0.0,0,0,0,0
1999-04-08,0.0,0.0,0.0,0.0,0.0,0.0,0.0,0.0,0.0,0.0,0.0,0.0,0.0,0.0,0.0,0.0,0,0,0,0
1999-04-09,0.0,0.0,0.0,0.0,0.0,0.0,0.0,0.0,0.0,0.0,0.0,0.0,0.0,0.0,0.0,0.0,0,0,0,0
1999-04-12,0.0,0.0,0.0,0.0,0.0,0.0,0.0,0.0,0.0,0.0,0.0,0.0,0.0,0.0,0.0,0.0,0,0,0,0
1999-04-13,0.0,0.0,0.0,0.0,0.0,0.0,0.0,0.0,0.0,0.0,0.0,0.0,0.0,0.0,0.0,0.0,0,0,0,0
1999-04-14,0.0,0.0,0.0,0.0,0.0,0.0,0.0,0.0,0.0,0.0,0.0,0.0,0.0,0.0,0.0,0.0,0,0,0,0
1999-04-15,0.0,0.0,0.0,0.0,0.0,0.0,0.0,0.0,0.0,0.0,0.0,0.0,0.0,0.0,0.0,0.0,0,0,0,0
1999-04-16,0.0,0.0,0.0,0.0,0.0,0.0,0.0,0.0,0.0,0.0,0.0,0.0,0.0,0.0,0.0,0.0,0,0,0,0
1999-04-17,0.0,0.0,0.0,0.0,0.0,0.0,0.0,0.0,0.0,0.0,0.0,0.0,0.0,0.0,0.0,0.0,0,0,0,0
1999-04-19,0.0,0.0,0.0,0.0,0.0,0.0,0.0,0.0,0.0,0.0,0.0,0.0,0.0,0.0,0.0,0.0,0,0,0,0
1999-04-20,0.0,0.0,0.0,0.0,0.0,0.0,0.0,0.0,0.0,0.0,0.0,0.0,0.0,0.0,0.0,0.0,0,0,0,0
1999-04-21,0.0,0.0,0.0,0.0,0.0,0.0,0.0,0.0,0.0,0.0,0.0,0.0,0.0,0.0,0.0,0.0,0,0,0,0
1999-04-22,0.0,0.0,0.0,0.0,0.0,0.0,0.0,0.0,0.0,0.0,0.0,0.0,0.0,0.0,0.0,0.0,0,0,0,0
1999-04-23,0.0,0.0,0.0,0.0,0.0,0.0,0.0,0.0,0.0,0.0,0.0,0.0,0.0,0.0,0.0,0.0,0,0,0,0
1999-04-26,0.0,0.0,0.0,0.0,0.0,0.0,0.0,0.0,0.0,0.0,0.0,0.0,0.0,0.0,0.0,0.0,0,0,0,0
1999-04-27,0.0,0.0,0.0,0.0,0.0,0.0,0.0,0.0,0.0,0.0,0.0,0.0,0.0,0.0,0.0,0.0,0,0,0,0
1999-04-28,0.0,0.0,0.0,0.0,0.0,0.0,0.0,0.0,0.0,0.0,0.0,0.0,0.0,0.0,0.0,0.0,0,0,0,0
1999-04-29,0.0,0.0,0.0,0.0,0.0,0.0,0.0,0.0,0.0,0.0,0.0,0.0,0.0,0.0,0.0,0.0,0,0,0,0
1999-04-30,0.0,0.0,0.0,0.0,0.0,0.0,0.0,0.0,0.0,0.0,0.0,0.0,0.0,0.0,0.0,0.0,0,0,0,0
1999-05-03,0.0,0.0,0.0,0.0,0.0,0.0,0.0,0.0,0.0,0.0,0.0,0.0,0.0,0.0,0.0,0.0,0,0,0,0
1999-05-04,0.0,0.0,0.0,0.0,0.0,0.0,0.0,0.0,0.0,0.0,0.0,0.0,0.0,0.0,0.0,0.0,0,0,0,0
1999-05-05,0.0,0.0,0.0,0.0,0.0,0.0,0.0,0.0,0.0,0.0,0.0,0.0,0.0,0.0,0.0,0.0,0,0,0,0
1999-05-06,0.0,0.0,0.0,0.0,0.0,0.0,0.0,0.0,0.0,0.0,0.0,0.0,0.0,0.0,0.0,0.0,0,0,0,0
1999-05-07,0.0,0.0,0.0,0.0,0.0,0.0,0.0,0.0,0.0,0.0,0.0,0.0,0.0,0.0,0.0,0.0,0,0,0,0
1999-05-10,0.0,0.0,0.0,0.0,0.0,0.0,0.0,0.0,0.0,0.0,0.0,0.0,0.0,0.0,0.0,0.0,0,0,0,0
1999-05-11,0.0,0.0,0.0,0.0,0.0,0.0,0.0,0.0,0.0,0.0,0.0,0.0,0.0,0.0,0.0,0.0,0,0,0,0
1999-05-12,0.0,0.0,0.0,0.0,0.0,0.0,0.0,0.0,0.0,0.0,0.0,0.0,0.0,0.0,0.0,0.0,0,0,0,0
1999-05-13,0.0,0.0,0.0,0.0,0.0,0.0,0.0,0.0,0.0,0.0,0.0,0.0,0.0,0.0,0.0,0.0,0,0,0,0
1999-05-14,0.0,0.0,0.0,0.0,0.0,0.0,0.0,0.0,0.0,0.0,0.0,0.0,0.0,0.0,0.0,0.0,0,0,0,0
1999-05-15,0.0,0.0,0.0,0.0,0.0,0.0,0.0,0.0,0.0,0.0,0.0,0.0,0.0,0.0,0.0,0.0,0,0,0,0
1999-05-17,0.0,0.0,0.0,0.0,0.0,0.0,0.0,0.0,0.0,0.0,0.0,0.0,0.0,0.0,0.0,0.0,0,0,0,0
1999-05-18,0.0,0.0,0.0,0.0,0.0,0.0,0.0,0.0,0.0,0.0,0.0,0.0,0.0,0.0,0.0,0.0,0,0,0,0
1999-05-19,0.0,0.0,0.0,0.0,0.0,0.0,0.0,0.0,0.0,0.0,0.0,0.0,0.0,0.0,0.0,0.0,0,0,0,0
1999-05-20,0.0,0.0,0.0,0.0,0.0,0.0,0.0,0.0,0.0,0.0,0.0,0.0,0.0,0.0,0.0,0.0,0,0,0,0
1999-05-21,0.0,0.0,0.0,0.0,0.0,0.0,0.0,0.0,0.0,0.0,0.0,0.0,0.0,0.0,0.0,0.0,0,0,0,0
1999-05-24,0.0,0.0,0.0,0.0,0.0,0.0,0.0,0.0,0.0,0.0,0.0,0.0,0.0,0.0,0.0,0.0,0,0,0,0
1999-05-25,0.0,0.0,0.0,0.0,0.0,0.0,0.0,0.0,0.0,0.0,0.0,0.0,0.0,0.0,0.0,0.0,0,0,0,0
1999-05-26,0.0,0.0,0.0,0.0,0.0,0.0,0.0,0.0,0.0,0.0,0.0,0.0,0.0,0.0,0.0,0.0,0,0,0,0
1999-05-27,0.0,0.0,0.0,0.0,0.0,0.0,0.0,0.0,0.0,0.0,0.0,0.0,0.0,0.0,0.0,0.0,0,0,0,0
1999-05-28,0.0,0.0,0.0,0.0,0.0,0.0,0.0,0.0,0.0,0.0,0.0,0.0,0.0,0.0,0.0,0.0,0,0,0,0
1999-05-29,0.0,0.0,0.0,0.0,0.0,0.0,0.0,0.0,0.0,0.0,0.0,0.0,0.0,0.0,0.0,0.0,0,0,0,0
1999-05-31,0.0,0.0,0.0,0.0,0.0,0.0,0.0,0.0,0.0,0.0,0.0,0.0,0.0,0.0,0.0,0.0,0,0,0,0
1999-06-01,0.0,0.0,0.0,0.0,0.0,0.0,0.0,0.0,0.0,0.0,0.0,0.0,0.0,0.0,0.0,0.0,0,0,0,0
1999-06-02,0.0,0.0,0.0,0.0,0.0,0.0,0.0,0.0,0.0,0.0,0.0,0.0,0.0,0.0,0.0,0.0,0,0,0,0
1999-06-03,0.0,0.0,0.0,0.0,0.0,0.0,0.0,0.0,0.0,0.0,0.0,0.0,0.0,0.0,0.0,0.0,0,0,0,0
1999-06-04,0.0,0.0,0.0,0.0,0.0,0.0,0.0,0.0,0.0,0.0,0.0,0.0,0.0,0.0,0.0,0.0,0,0,0,0
1999-06-05,0.0,0.0,0.0,0.0,0.0,0.0,0.0,0.0,0.0,0.0,0.0,0.0,0.0,0.0,0.0,0.0,0,0,0,0
1999-06-07,0.0,0.0,0.0,0.0,0.0,0.0,0.0,0.0,0.0,0.0,0.0,0.0,0.0,0.0,0.0,0.0,0,0,0,0
1999-06-08,0.0,0.0,0.0,0.0,0.0,0.0,0.0,0.0,0.0,0.0,0.0,0.0,0.0,0.0,0.0,0.0,0,0,0,0
1999-06-09,0.0,0.0,0.0,0.0,0.0,0.0,0.0,0.0,0.0,0.0,0.0,0.0,0.0,0.0,0.0,0.0,0,0,0,0
1999-06-10,0.0,0.0,0.0,0.0,0.0,0.0,0.0,0.0,0.0,0.0,0.0,0.0,0.0,0.0,0.0,0.0,0,0,0,0
1999-06-11,0.0,0.0,0.0,0.0,0.0,0.0,0.0,0.0,0.0,0.0,0.0,0.0,0.0,0.0,0.0,0.0,0,0,0,0
1999-06-14,0.0,0.0,0.0,0.0,0.0,0.0,0.0,0.0,0.0,0.0,0.0,0.0,0.0,0.0,0.0,0.0,0,0,0,0
1999-06-15,0.0,0.0,0.0,0.0,0.0,0.0,0.0,0.0,0.0,0.0,0.0,0.0,0.0,0.0,0.0,0.0,0,0,0,0
1999-06-16,0.0,0.0,0.0,0.0,0.0,0.0,0.0,0.0,0.0,0.0,0.0,0.0,0.0,0.0,0.0,0.0,0,0,0,0
1999-06-17,0.0,0.0,0.0,0.0,0.0,0.0,0.0,0.0,0.0,0.0,0.0,0.0,0.0,0.0,0.0,0.0,0,0,0,0
1999-06-21,0.0,0.0,0.0,0.0,0.0,0.0,0.0,0.0,0.0,0.0,0.0,0.0,0.0,0.0,0.0,0.0,0,0,0,0
1999-06-22,0.0,0.0,0.0,0.0,0.0,0.0,0.0,0.0,0.0,0.0,0.0,0.0,0.0,0.0,0.0,0.0,0,0,0,0
1999-06-23,0.0,0.0,0.0,0.0,0.0,0.0,0.0,0.0,0.0,0.0,0.0,0.0,0.0,0.0,0.0,0.0,0,0,0,0
1999-06-24,0.0,0.0,0.0,0.0,0.0,0.0,0.0,0.0,0.0,0.0,0.0,0.0,0.0,0.0,0.0,0.0,0,0,0,0
1999-06-25,0.0,0.0,0.0,0.0,0.0,0.0,0.0,0.0,0.0,0.0,0.0,0.0,0.0,0.0,0.0,0.0,0,0,0,0
1999-06-28,0.0,0.0,0.0,0.0,0.0,0.0,0.0,0.0,0.0,0.0,0.0,0.0,0.0,0.0,0.0,0.0,0,0,0,0
1999-06-29,0.0,0.0,0.0,0.0,0.0,0.0,0.0,0.0,0.0,0.0,0.0,0.0,0.0,0.0,0.0,0.0,0,0,0,0
1999-06-30,0.0,0.0,0.0,0.0,0.0,0.0,0.0,0.0,0.0,0.0,0.0,0.0,0.0,0.0,0.0,0.0,0,0,0,0
1999-07-02,0.0,0.0,0.0,0.0,0.0,0.0,0.0,0.0,0.0,0.0,0.0,0.0,0.0,0.0,0.0,0.0,0,0,0,0
1999-07-03,0.0,0.0,0.0,0.0,0.0,0.0,0.0,0.0,0.0,0.0,0.0,0.0,0.0,0.0,0.0,0.0,0,0,0,0
1999-07-05,0.0,0.0,0.0,0.0,0.0,0.0,0.0,0.0,0.0,0.0,0.0,0.0,0.0,0.0,0.0,0.0,0,0,0,0
1999-07-06,0.0,0.0,0.0,0.0,0.0,0.0,0.0,0.0,0.0,0.0,0.0,0.0,0.0,0.0,0.0,0.0,0,0,0,0
1999-07-07,0.0,0.0,0.0,0.0,0.0,0.0,0.0,0.0,0.0,0.0,0.0,0.0,0.0,0.0,0.0,0.0,0,0,0,0
1999-07-08,0.0,0.0,0.0,0.0,0.0,0.0,0.0,0.0,0.0,0.0,0.0,0.0,0.0,0.0,0.0,0.0,0,0,0,0
1999-07-09,0.0,0.0,0.0,0.0,0.0,0.0,0.0,0.0,0.0,0.0,0.0,0.0,0.0,0.0,0.0,0.0,0,0,0,0
1999-07-12,0.0,0.0,0.0,0.0,0.0,0.0,0.0,0.0,0.0,0.0,0.0,0.0,0.0,0.0,0.0,0.0,0,0,0,0
1999-07-13,0.0,0.0,0.0,0.0,0.0,0.0,0.0,0.0,0.0,0.0,0.0,0.0,0.0,0.0,0.0,0.0,0,0,0,0
1999-07-14,0.0,0.0,0.0,0.0,0.0,0.0,0.0,0.0,0.0,0.0,0.0,0.0,0.0,0.0,0.0,0.0,0,0,0,0
1999-07-15,0.0,0.0,0.0,0.0,0.0,0.0,0.0,0.0,0.0,0.0,0.0,0.0,0.0,0.0,0.0,0.0,0,0,0,0
1999-07-16,0.0,0.0,0.0,0.0,0.0,0.0,0.0,0.0,0.0,0.0,0.0,0.0,0.0,0.0,0.0,0.0,0,0,0,0
1999-07-17,0.0,0.0,0.0,0.0,0.0,0.0,0.0,0.0,0.0,0.0,0.0,0.0,0.0,0.0,0.0,0.0,0,0,0,0
1999-07-19,0.0,0.0,0.0,0.0,0.0,0.0,0.0,0.0,0.0,0.0,0.0,0.0,0.0,0.0,0.0,0.0,0,0,0,0
1999-07-20,0.0,0.0,0.0,0.0,0.0,0.0,0.0,0.0,0.0,0.0,0.0,0.0,0.0,0.0,0.0,0.0,0,0,0,0
1999-07-21,0.0,0.0,0.0,0.0,0.0,0.0,0.0,0.0,0.0,0.0,0.0,0.0,0.0,0.0,0.0,0.0,0,0,0,0
1999-07-22,0.0,0.0,0.0,0.0,0.0,0.0,0.0,0.0,0.0,0.0,0.0,0.0,0.0,0.0,0.0,0.0,0,0,0,0
1999-07-23,0.0,0.0,0.0,0.0,0.0,0.0,0.0,0.0,0.0,0.0,0.0,0.0,0.0,0.0,0.0,0.0,0,0,0,0
1999-07-26,0.0,0.0,0.0,0.0,0.0,0.0,0.0,0.0,0.0,0.0,0.0,0.0,0.0,0.0,0.0,0.0,0,0,0,0
1999-07-27,0.0,0.0,0.0,0.0,0.0,0.0,0.0,0.0,0.0,0.0,0.0,0.0,0.0,0.0,0.0,0.0,0,0,0,0
1999-07-28,0.0,0.0,0.0,0.0,0.0,0.0,0.0,0.0,0.0,0.0,0.0,0.0,0.0,0.0,0.0,0.0,0,0,0,0
1999-07-29,0.0,0.0,0.0,0.0,0.0,0.0,0.0,0.0,0.0,0.0,0.0,0.0,0.0,0.0,0.0,0.0,0,0,0,0
1999-07-30,0.0,0.0,0.0,0.0,0.0,0.0,0.0,0.0,0.0,0.0,0.0,0.0,0.0,0.0,0.0,0.0,0,0,0,0
1999-07-31,0.0,0.0,0.0,0.0,0.0,0.0,0.0,0.0,0.0,0.0,0.0,0.0,0.0,0.0,0.0,0.0,0,0,0,0
1999-08-02,0.0,0.0,0.0,0.0,0.0,0.0,0.0,0.0,0.0,0.0,0.0,0.0,0.0,0.0,0.0,0.0,0,0,0,0
1999-08-03,0.0,0.0,0.0,0.0,0.0,0.0,0.0,0.0,0.0,0.0,0.0,0.0,0.0,0.0,0.0,0.0,0,0,0,0
1999-08-04,0.0,0.0,0.0,0.0,0.0,0.0,0.0,0.0,0.0,0.0,0.0,0.0,0.0,0.0,0.0,0.0,0,0,0,0
1999-08-05,0.0,0.0,0.0,0.0,0.0,0.0,0.0,0.0,0.0,0.0,0.0,0.0,0.0,0.0,0.0,0.0,0,0,0,0
1999-08-06,0.0,0.0,0.0,0.0,0.0,0.0,0.0,0.0,0.0,0.0,0.0,0.0,0.0,0.0,0.0,0.0,0,0,0,0
1999-08-07,0.0,0.0,0.0,0.0,0.0,0.0,0.0,0.0,0.0,0.0,0.0,0.0,0.0,0.0,0.0,0.0,0,0,0,0
1999-08-09,0.0,0.0,0.0,0.0,0.0,0.0,0.0,0.0,0.0,0.0,0.0,0.0,0.0,0.0,0.0,0.0,0,0,0,0
1999-08-10,0.0,0.0,0.0,0.0,0.0,0.0,0.0,0.0,0.0,0.0,0.0,0.0,0.0,0.0,0.0,0.0,0,0,0,0
1999-08-11,0.0,0.0,0.0,0.0,0.0,0.0,0.0,0.0,0.0,0.0,0.0,0.0,0.0,0.0,0.0,0.0,0,0,0,0
1999-08-12,0.0,0.0,0.0,0.0,0.0,0.0,0.0,0.0,0.0,0.0,0.0,0.0,0.0,0.0,0.0,0.0,0,0,0,0
1999-08-13,0.0,0.0,0.0,0.0,0.0,0.0,0.0,0.0,0.0,0.0,0.0,0.0,0.0,0.0,0.0,0.0,0,0,0,0
1999-08-16,0.0,0.0,0.0,0.0,0.0,0.0,0.0,0.0,0.0,0.0,0.0,0.0,0.0,0.0,0.0,0.0,0,0,0,0
1999-08-17,0.0,0.0,0.0,0.0,0.0,0.0,0.0,0.0,0.0,0.0,0.0,0.0,0.0,0.0,0.0,0.0,0,0,0,0
1999-08-18,0.0,0.0,0.0,0.0,0.0,0.0,0.0,0.0,0.0,0.0,0.0,0.0,0.0,0.0,0.0,0.0,0,0,0,0
1999-08-19,0.0,0.0,0.0,0.0,0.0,0.0,0.0,0.0,0.0,0.0,0.0,0.0,0.0,0.0,0.0,0.0,0,0,0,0
1999-08-20,0.0,0.0,0.0,0.0,0.0,0.0,0.0,0.0,0.0,0.0,0.0,0.0,0.0,0.0,0.0,0.0,0,0,0,0
1999-08-21,0.0,0.0,0.0,0.0,0.0,0.0,0.0,0.0,0.0,0.0,0.0,0.0,0.0,0.0,0.0,0.0,0,0,0,0
1999-08-23,0.0,0.0,0.0,0.0,0.0,0.0,0.0,0.0,0.0,0.0,0.0,0.0,0.0,0.0,0.0,0.0,0,0,0,0
1999-08-24,0.0,0.0,0.0,0.0,0.0,0.0,0.0,0.0,0.0,0.0,0.0,0.0,0.0,0.0,0.0,0.0,0,0,0,0
1999-08-25,0.0,0.0,0.0,0.0,0.0,0.0,0.0,0.0,0.0,0.0,0.0,0.0,0.0,0.0,0.0,0.0,0,0,0,0
1999-08-26,0.0,0.0,0.0,0.0,0.0,0.0,0.0,0.0,0.0,0.0,0.0,0.0,0.0,0.0,0.0,0.0,0,0,0,0
1999-08-27,0.0,0.0,0.0,0.0,0.0,0.0,0.0,0.0,0.0,0.0,0.0,0.0,0.0,0.0,0.0,0.0,0,0,0,0
1999-08-30,0.0,0.0,0.0,0.0,0.0,0.0,0.0,0.0,0.0,0.0,0.0,0.0,0.0,0.0,0.0,0.0,0,0,0,0
1999-08-31,0.0,0.0,0.0,0.0,0.0,0.0,0.0,0.0,0.0,0.0,0.0,0.0,0.0,0.0,0.0,0.0,0,0,0,0
1999-09-01,0.0,0.0,0.0,0.0,0.0,0.0,0.0,0.0,0.0,0.0,0.0,0.0,0.0,0.0,0.0,0.0,0,0,0,0
1999-09-02,0.0,0.0,0.0,0.0,0.0,0.0,0.0,0.0,0.0,0.0,0.0,0.0,0.0,0.0,0.0,0.0,0,0,0,0
1999-09-03,0.0,0.0,0.0,0.0,0.0,0.0,0.0,0.0,0.0,0.0,0.0,0.0,0.0,0.0,0.0,0.0,0,0,0,0
1999-09-04,0.0,0.0,0.0,0.0,0.0,0.0,0.0,0.0,0.0,0.0,0.0,0.0,0.0,0.0,0.0,0.0,0,0,0,0
1999-09-06,0.0,0.0,0.0,0.0,0.0,0.0,0.0,0.0,0.0,0.0,0.0,0.0,0.0,0.0,0.0,0.0,0,0,0,0
1999-09-07,0.0,0.0,0.0,0.0,0.0,0.0,0.0,0.0,0.0,0.0,0.0,0.0,0.0,0.0,0.0,0.0,0,0,0,0
1999-09-08,0.0,0.0,0.0,0.0,0.0,0.0,0.0,0.0,0.0,0.0,0.0,0.0,0.0,0.0,0.0,0.0,0,0,0,0
1999-09-09,0.0,0.0,0.0,0.0,0.0,0.0,0.0,0.0,0.0,0.0,0.0,0.0,0.0,0.0,0.0,0.0,0,0,0,0
1999-09-10,0.0,0.0,0.0,0.0,0.0,0.0,0.0,0.0,0.0,0.0,0.0,0.0,0.0,0.0,0.0,0.0,0,0,0,0
1999-09-13,0.0,0.0,0.0,0.0,0.0,0.0,0.0,0.0,0.0,0.0,0.0,0.0,0.0,0.0,0.0,0.0,0,0,0,0
1999-09-14,0.0,0.0,0.0,0.0,0.0,0.0,0.0,0.0,0.0,0.0,0.0,0.0,0.0,0.0,0.0,0.0,0,0,0,0
1999-09-15,0.0,0.0,0.0,0.0,0.0,0.0,0.0,0.0,0.0,0.0,0.0,0.0,0.0,0.0,0.0,0.0,0,0,0,0
1999-09-16,0.0,0.0,0.0,0.0,0.0,0.0,0.0,0.0,0.0,0.0,0.0,0.0,0.0,0.0,0.0,0.0,0,0,0,0
1999-09-17,0.0,0.0,0.0,0.0,0.0,0.0,0.0,0.0,0.0,0.0,0.0,0.0,0.0,0.0,0.0,0.0,0,0,0,0
1999-09-18,0.0,0.0,0.0,0.0,0.0,0.0,0.0,0.0,0.0,0.0,0.0,0.0,0.0,0.0,0.0,0.0,0,0,0,0
1999-09-20,0.0,0.0,0.0,0.0,0.0,0.0,0.0,0.0,0.0,0.0,0.0,0.0,0.0,0.0,0.0,0.0,0,0,0,0
1999-09-27,0.0,0.0,0.0,0.0,0.0,0.0,0.0,0.0,0.0,0.0,0.0,0.0,0.0,0.0,0.0,0.0,0,0,0,0
1999-09-28,0.0,0.0,0.0,0.0,0.0,0.0,0.0,0.0,0.0,0.0,0.0,0.0,0.0,0.0,0.0,0.0,0,0,0,0
1999-09-29,0.0,0.0,0.0,0.0,0.0,0.0,0.0,0.0,0.0,0.0,0.0,0.0,0.0,0.0,0.0,0.0,0,0,0,0
1999-09-30,0.0,0.0,0.0,0.0,0.0,0.0,0.0,0.0,0.0,0.0,0.0,0.0,0.0,0.0,0.0,0.0,0,0,0,0
1999-10-01,0.0,0.0,0.0,0.0,0.0,0.0,0.0,0.0,0.0,0.0,0.0,0.0,0.0,0.0,0.0,0.0,0,0,0,0
1999-10-02,0.0,0.0,0.0,0.0,0.0,0.0,0.0,0.0,0.0,0.0,0.0,0.0,0.0,0.0,0.0,0.0,0,0,0,0
1999-10-04,0.0,0.0,0.0,0.0,0.0,0.0,0.0,0.0,0.0,0.0,0.0,0.0,0.0,0.0,0.0,0.0,0,0,0,0
1999-10-05,0.0,0.0,0.0,0.0,0.0,0.0,0.0,0.0,0.0,0.0,0.0,0.0,0.0,0.0,0.0,0.0,0,0,0,0
1999-10-06,0.0,0.0,0.0,0.0,0.0,0.0,0.0,0.0,0.0,0.0,0.0,0.0,0.0,0.0,0.0,0.0,0,0,0,0
1999-10-07,0.0,0.0,0.0,0.0,0.0,0.0,0.0,0.0,0.0,0.0,0.0,0.0,0.0,0.0,0.0,0.0,0,0,0,0
1999-10-08,0.0,0.0,0.0,0.0,0.0,0.0,0.0,0.0,0.0,0.0,0.0,0.0,0.0,0.0,0.0,0.0,0,0,0,0
1999-10-11,0.0,0.0,0.0,0.0,0.0,0.0,0.0,0.0,0.0,0.0,0.0,0.0,0.0,0.0,0.0,0.0,0,0,0,0
1999-10-12,0.0,0.0,0.0,0.0,0.0,0.0,0.0,0.0,0.0,0.0,0.0,0.0,0.0,0.0,0.0,0.0,0,0,0,0
1999-10-13,0.0,0.0,0.0,0.0,0.0,0.0,0.0,0.0,0.0,0.0,0.0,0.0,0.0,0.0,0.0,0.0,0,0,0,0
1999-10-14,0.0,0.0,0.0,0.0,0.0,0.0,0.0,0.0,0.0,0.0,0.0,0.0,0.0,0.0,0.0,0.0,0,0,0,0
1999-10-15,0.0,0.0,0.0,0.0,0.0,0.0,0.0,0.0,0.0,0.0,0.0,0.0,0.0,0.0,0.0,0.0,0,0,0,0
1999-10-16,0.0,0.0,0.0,0.0,0.0,0.0,0.0,0.0,0.0,0.0,0.0,0.0,0.0,0.0,0.0,0.0,0,0,0,0
1999-10-18,0.0,0.0,0.0,0.0,0.0,0.0,0.0,0.0,0.0,0.0,0.0,0.0,0.0,0.0,0.0,0.0,0,0,0,0
1999-10-19,0.0,0.0,0.0,0.0,0.0,0.0,0.0,0.0,0.0,0.0,0.0,0.0,0.0,0.0,0.0,0.0,0,0,0,0
1999-10-20,0.0,0.0,0.0,0.0,0.0,0.0,0.0,0.0,0.0,0.0,0.0,0.0,0.0,0.0,0.0,0.0,0,0,0,0
1999-10-21,0.0,0.0,0.0,0.0,0.0,0.0,0.0,0.0,0.0,0.0,0.0,0.0,0.0,0.0,0.0,0.0,0,0,0,0
1999-10-22,0.0,0.0,0.0,0.0,0.0,0.0,0.0,0.0,0.0,0.0,0.0,0.0,0.0,0.0,0.0,0.0,0,0,0,0
1999-10-25,0.0,0.0,0.0,0.0,0.0,0.0,0.0,0.0,0.0,0.0,0.0,0.0,0.0,0.0,0.0,0.0,0,0,0,0
1999-10-26,0.0,0.0,0.0,0.0,0.0,0.0,0.0,0.0,0.0,0.0,0.0,0.0,0.0,0.0,0.0,0.0,0,0,0,0
1999-10-27,0.0,0.0,0.0,0.0,0.0,0.0,0.0,0.0,0.0,0.0,0.0,0.0,0.0,0.0,0.0,0.0,0,0,0,0
1999-10-28,0.0,0.0,0.0,0.0,0.0,0.0,0.0,0.0,0.0,0.0,0.0,0.0,0.0,0.0,0.0,0.0,0,0,0,0
1999-10-29,0.0,0.0,0.0,0.0,0.0,0.0,0.0,0.0,0.0,0.0,0.0,0.0,0.0,0.0,0.0,0.0,0,0,0,0
1999-10-30,0.0,0.0,0.0,0.0,0.0,0.0,0.0,0.0,0.0,0.0,0.0,0.0,0.0,0.0,0.0,0.0,0,0,0,0
1999-11-01,0.0,0.0,0.0,0.0,0.0,0.0,0.0,0.0,0.0,0.0,0.0,0.0,0.0,0.0,0.0,0.0,0,0,0,0
1999-11-02,0.0,0.0,0.0,0.0,0.0,0.0,0.0,0.0,0.0,0.0,0.0,0.0,0.0,0.0,0.0,0.0,0,0,0,0
1999-11-03,0.0,0.0,0.0,0.0,0.0,0.0,0.0,0.0,0.0,0.0,0.0,0.0,0.0,0.0,0.0,0.0,0,0,0,0
1999-11-04,0.0,0.0,0.0,0.0,0.0,0.0,0.0,0.0,0.0,0.0,0.0,0.0,0.0,0.0,0.0,0.0,0,0,0,0
1999-11-05,0.0,0.0,0.0,0.0,0.0,0.0,0.0,0.0,0.0,0.0,0.0,0.0,0.0,0.0,0.0,0.0,0,0,0,0
1999-11-06,0.0,0.0,0.0,0.0,0.0,0.0,0.0,0.0,0.0,0.0,0.0,0.0,0.0,0.0,0.0,0.0,0,0,0,0
1999-11-08,0.0,0.0,0.0,0.0,0.0,0.0,0.0,0.0,0.0,0.0,0.0,0.0,0.0,0.0,0.0,0.0,0,0,0,0
1999-11-09,0.0,0.0,0.0,0.0,0.0,0.0,0.0,0.0,0.0,0.0,0.0,0.0,0.0,0.0,0.0,0.0,0,0,0,0
1999-11-10,0.0,0.0,0.0,0.0,0.0,0.0,0.0,0.0,0.0,0.0,0.0,0.0,0.0,0.0,0.0,0.0,0,0,0,0
1999-11-11,0.0,0.0,0.0,0.0,0.0,0.0,0.0,0.0,0.0,0.0,0.0,0.0,0.0,0.0,0.0,0.0,0,0,0,0
1999-11-15,0.0,0.0,0.0,0.0,0.0,0.0,0.0,0.0,0.0,0.0,0.0,0.0,0.0,18.41,0.0,0.0,0,0,0,0
1999-11-16,0.0,0.0,0.0,0.0,0.0,0.0,0.0,0.0,0.0,0.0,0.0,0.0,0.0,18.41,0.0,0.0,0,0,0,0
1999-11-17,0.0,0.0,0.0,0.0,0.0,0.0,0.0,0.0,0.0,0.0,0.0,0.0,0.0,18.41,0.0,0.0,0,0,0,0
1999-11-18,0.0,0.0,0.0,0.0,0.0,0.0,0.0,0.0,0.0,0.0,0.0,0.0,0.0,18.41,0.0,0.0,0,0,0,0
1999-11-19,0.0,0.0,0.0,0.0,0.0,0.0,0.0,0.0,0.0,0.0,0.0,0.0,0.0,18.41,0.0,0.0,0,0,0,0
1999-11-20,0.0,0.0,0.0,0.0,0.0,0.0,0.0,0.0,0.0,0.0,0.0,0.0,0.0,18.41,0.0,0.0,0,0,0,0
1999-11-22,0.0,0.0,0.0,0.0,0.0,0.0,0.0,0.0,0.0,0.0,0.0,0.0,0.0,18.41,0.0,0.0,0,0,0,0
1999-11-23,0.0,0.0,0.0,0.0,0.0,0.0,0.0,0.0,0.0,0.0,0.0,0.0,0.0,18.41,0.0,0.0,0,0,0,0
1999-11-24,0.0,0.0,0.0,0.0,0.0,0.0,0.0,0.0,0.0,0.0,0.0,0.0,0.0,18.41,0.0,0.0,0,0,0,0
1999-11-25,0.0,0.0,0.0,0.0,0.0,0.0,0.0,0.0,0.0,0.0,0.0,0.0,0.0,18.41,0.0,0.0,0,0,0,0
1999-11-26,0.0,0.0,0.0,0.0,0.0,0.0,0.0,0.0,0.0,0.0,0.0,0.0,0.0,18.41,0.0,0.0,0,0,0,0
1999-11-29,0.0,0.0,0.0,0.0,0.0,0.0,0.0,0.0,0.0,0.0,0.0,0.0,0.0,18.41,0.0,0.0,0,0,0,0
1999-11-30,0.0,0.0,0.0,0.0,0.0,0.0,0.0,0.0,0.0,0.0,0.0,0.0,0.0,18.41,0.0,0.0,0,0,0,0
1999-12-01,0.0,0.0,0.0,0.0,0.0,0.0,0.0,0.0,0.0,0.0,0.0,0.0,0.0,18.41,0.0,0.0,0,0,0,0
1999-12-02,0.0,0.0,0.0,0.0,0.0,0.0,0.0,0.0,0.0,0.0,0.0,0.0,0.0,18.41,0.0,0.0,0,0,0,0
1999-12-03,0.0,0.0,0.0,0.0,0.0,0.0,0.0,0.0,0.0,0.0,0.0,0.0,0.0,18.41,0.0,0.0,0,0,0,0
1999-12-04,0.0,0.0,0.0,0.0,0.0,0.0,0.0,0.0,0.0,0.0,0.0,0.0,0.0,18.41,0.0,0.0,0,0,0,0
1999-12-06,0.0,0.0,0.0,0.0,0.0,0.0,0.0,0.0,0.0,0.0,0.0,0.0,0.0,18.41,0.0,0.0,0,0,0,0
1999-12-07,0.0,0.0,0.0,0.0,0.0,0.0,0.0,0.0,0.0,0.0,0.0,0.0,0.0,18.41,0.0,0.0,0,0,0,0
1999-12-08,0.0,0.0,0.0,0.0,0.0,0.0,0.0,0.0,0.0,0.0,0.0,0.0,0.0,18.41,0.0,0.0,0,0,0,0
1999-12-09,0.0,0.0,0.0,0.0,0.0,0.0,0.0,0.0,0.0,0.0,0.0,0.0,0.0,18.41,0.0,0.0,0,0,0,0
1999-12-10,0.0,0.0,0.0,0.0,0.0,0.0,0.0,0.0,0.0,0.0,0.0,0.0,0.0,18.41,0.0,0.0,0,0,0,0
1999-12-13,0.0,0.0,0.0,0.0,0.0,0.0,0.0,0.0,0.0,0.0,0.0,0.0,0.0,18.41,0.0,0.0,0,0,0,0
1999-12-14,0.0,0.0,0.0,0.0,0.0,0.0,0.0,0.0,0.0,0.0,0.0,0.0,0.0,18.41,0.0,0.0,0,0,0,0
1999-12-15,0.0,0.0,0.0,0.0,0.0,0.0,0.0,0.0,0.0,0.0,0.0,0.0,0.0,18.41,0.0,0.0,0,0,0,0
1999-12-16,0.0,0.0,0.0,0.0,0.0,0.0,0.0,0.0,0.0,0.0,0.0,0.0,0.0,18.41,0.0,0.0,0,0,0,0
1999-12-17,0.0,0.0,0.0,0.0,0.0,0.0,0.0,0.0,0.0,0.0,0.0,0.0,0.0,18.41,0.0,0.0,0,0,0,0
1999-12-18,0.0,0.0,0.0,0.0,0.0,0.0,0.0,0.0,0.0,0.0,0.0,0.0,0.0,18.41,0.0,0.0,0,0,0,0
1999-12-20,0.0,0.0,0.0,0.0,0.0,0.0,0.0,0.0,0.0,0.0,0.0,0.0,0.0,18.41,0.0,0.0,0,0,0,0
1999-12-21,0.0,0.0,0.0,0.0,0.0,0.0,0.0,0.0,0.0,0.0,0.0,0.0,0.0,18.41,0.0,0.0,0,0,0,0
1999-12-22,0.0,0.0,0.0,0.0,0.0,0.0,0.0,0.0,0.0,0.0,0.0,0.0,0.0,18.41,0.0,0.0,0,0,0,0
1999-12-23,0.0,0.0,0.0,0.0,0.0,0.0,0.0,0.0,0.0,0.0,0.0,0.0,0.0,18.41,0.0,0.0,0,0,0,0
1999-12-24,0.0,0.0,0.0,0.0,0.0,0.0,0.0,0.0,0.0,0.0,0.0,0.0,0.0,18.41,0.0,0.0,0,0,0,0
1999-12-27,0.0,0.0,0.0,0.0,0.0,0.0,0.0,0.0,0.0,0.0,0.0,0.0,0.0,18.41,0.0,0.0,0,0,0,0
1999-12-28,0.0,0.0,0.0,0.0,0.0,0.0,0.0,0.0,0.0,0.0,0.0,0.0,0.0,18.41,0.0,0.0,0,0,0,0
2000-01-04,0.0,0.0,0.0,0.0,0.0,0.0,0.0,0.0,0.0,0.0,0.0,0.0,0.0,18.41,0.0,0.0,0,0,0,0
2000-01-05,0.0,0.0,0.0,0.0,0.0,0.0,0.0,0.0,0.0,0.0,0.0,0.0,0.0,18.41,0.0,0.0,0,0,0,0
2000-01-06,0.0,0.0,0.0,0.0,0.0,0.0,0.0,0.0,0.0,0.0,0.0,0.0,0.0,18.41,0.0,0.0,0,0,0,0
2000-01-07,0.0,0.0,0.0,0.0,0.0,0.0,144.28,0.0,0.0,0.0,0.0,0.0,0.0,18.41,0.0,0.0,0,0,0,0
2000-01-10,0.0,0.0,0.0,0.0,0.0,0.0,144.28,0.0,0.0,0.0,0.0,0.0,0.0,18.41,0.0,0.0,0,0,0,0
2000-01-11,0.0,0.0,0.0,0.0,0.0,0.0,144.28,0.0,0.0,0.0,0.0,0.0,0.0,18.41,0.0,0.0,0,0,0,0
2000-01-12,0.0,0.0,0.0,0.0,0.0,0.0,144.28,0.0,0.0,0.0,0.0,0.0,0.0,18.41,0.0,0.0,0,0,0,0
2000-01-13,0.0,0.0,0.0,0.0,0.0,0.0,144.28,0.0,0.0,0.0,0.0,0.0,0.0,18.41,0.0,0.0,0,0,0,0
2000-01-14,0.0,0.0,0.0,0.0,0.0,0.0,144.28,0.0,0.0,0.0,0.0,0.0,0.0,18.41,0.0,0.0,0,0,0,0
2000-01-15,0.0,0.0,0.0,0.0,0.0,0.0,144.28,0.0,0.0,0.0,0.0,0.0,0.0,18.41,0.0,0.0,0,0,0,0
2000-01-17,0.0,0.0,0.0,0.0,0.0,0.0,144.28,0.0,0.0,0.0,0.0,0.0,0.0,18.41,0.0,0.0,0,0,0,0
2000-01-18,0.0,0.0,0.0,0.0,0.0,0.0,144.28,0.0,0.0,0.0,0.0,0.0,0.0,18.41,0.0,0.0,0,0,0,0
2000-01-19,0.0,0.0,0.0,0.0,0.0,0.0,144.28,0.0,0.0,0.0,0.0,0.0,0.0,18.41,0.0,0.0,0,0,0,0
2000-01-20,0.0,0.0,0.0,0.0,0.0,0.0,144.28,0.0,0.0,0.0,0.0,0.0,0.0,18.41,0.0,0.0,0,0,0,0
2000-01-21,0.0,0.0,0.0,0.0,0.0,0.0,144.28,0.0,0.0,0.0,0.0,0.0,0.0,18.41,0.0,0.0,0,0,0,0
2000-01-24,0.0,0.0,0.0,0.0,0.0,0.0,144.28,0.0,0.0,0.0,0.0,0.0,0.0,18.41,0.0,0.0,0,0,0,0
2000-01-25,0.0,0.0,0.0,0.0,0.0,0.0,144.28,0.0,0.0,0.0,0.0,0.0,0.0,18.41,0.0,0.0,0,0,0,0
2000-01-26,0.0,0.0,0.0,0.0,0.0,0.0,144.28,0.0,0.0,0.0,0.0,0.0,0.0,18.41,0.0,0.0,0,0,0,0
2000-01-27,0.0,0.0,0.0,0.0,0.0,0.0,144.28,0.0,0.0,0.0,0.0,0.0,0.0,18.41,0.0,0.0,0,0,0,0
2000-01-28,0.0,0.0,0.0,0.0,0.0,0.0,144.28,0.0,0.0,0.0,0.0,0.0,0.0,18.41,0.0,0.0,0,0,0,0
2000-01-29,0.0,0.0,0.0,0.0,0.0,0.0,144.28,0.0,0.0,0.0,0.0,0.0,0.0,18.41,0.0,0.0,0,0,0,0
2000-01-31,0.0,0.0,0.0,0.0,0.0,0.0,144.28,0.0,0.0,0.0,0.0,0.0,0.0,18.41,0.0,0.0,0,0,0,0
2000-02-01,0.0,0.0,0.0,0.0,0.0,0.0,144.28,0.0,0.0,0.0,0.0,0.0,0.0,18.41,0.0,0.0,0,0,0,0
2000-02-09,0.0,0.0,0.0,0.0,0.0,0.0,0.0,0.0,0.0,0.0,0.0,0.0,0.0,18.41,0.0,0.0,0,0,0,0
2000-02-10,0.0,0.0,0.0,0.0,0.0,0.0,0.0,0.0,0.0,0.0,0.0,0.0,0.0,18.41,0.0,0.0,0,0,0,0
2000-02-11,0.0,0.0,0.0,0.0,0.0,0.0,0.0,0.0,0.0,0.0,0.0,0.0,0.0,18.41,0.0,0.0,0,0,0,0
2000-02-14,0.0,0.0,0.0,0.0,0.0,0.0,0.0,-9.96,0.0,0.0,360.07,0.0,0.0,15.42,-16.24117327539381,-4.26,0,0,0,0
2000-02-15,0.0,0.0,0.0,0.0,0.0,0.0,0.0,-9.96,0.0,0.0,360.07,0.0,0.0,15.42,-16.24117327539381,-4.26,0,0,0,0
2000-02-16,0.0,0.0,0.0,0.0,0.0,0.0,0.0,-9.96,0.0,0.0,360.07,0.0,0.0,15.42,-16.24117327539381,-4.26,0,0,0,0
2000-02-17,0.0,0.0,0.0,0.0,0.0,0.0,0.0,-9.96,0.0,0.0,360.07,0.0,0.0,15.42,-16.24117327539381,-4.26,0,0,0,0
2000-02-18,0.0,0.0,0.0,0.0,0.0,0.0,0.0,-9.96,0.0,0.0,360.07,0.0,0.0,15.42,-16.24117327539381,-4.26,0,0,0,0
2000-02-19,0.0,0.0,0.0,0.0,0.0,0.0,0.0,-9.96,0.0,0.0,360.07,0.0,0.0,15.42,-16.24117327539381,-4.26,0,0,0,0
2000-02-21,0.0,0.0,0.0,0.0,0.0,0.0,0.0,-9.96,0.0,0.0,360.07,0.0,0.0,15.42,-16.24117327539381,-4.26,0,0,0,0
2000-02-22,0.0,0.0,0.0,0.0,0.0,0.0,0.0,-9.96,0.0,0.0,360.07,0.0,0.0,15.42,-16.24117327539381,-4.26,0,0,0,0
2000-02-23,0.0,0.0,0.0,0.0,0.0,0.0,0.0,-9.96,0.0,0.0,360.07,0.0,0.0,15.42,-16.24117327539381,-4.26,0,0,0,0
2000-02-24,0.0,0.0,0.0,0.0,0.0,0.0,0.0,-9.96,0.0,0.0,360.07,0.0,0.0,15.42,-16.24117327539381,-4.26,0,0,0,0
2000-02-25,0.0,0.0,0.0,0.0,0.0,0.0,0.0,-9.96,0.0,0.0,360.07,0.0,0.0,15.42,-16.24117327539381,-4.26,0,0,0,0
2000-02-29,0.0,0.0,0.0,0.0,0.0,0.0,0.0,-9.96,0.0,0.0,360.07,0.0,0.0,15.42,-16.24117327539381,-4.26,0,0,0,0
2000-03-01,0.0,0.0,0.0,0.0,0.0,0.0,0.0,-9.96,0.0,0.0,360.07,0.0,0.0,15.42,-16.24117327539381,-4.26,0,0,0,0
2000-03-02,0.0,0.0,0.0,0.0,0.0,0.0,0.0,-9.96,0.0,0.0,360.07,0.0,0.0,15.42,-16.24117327539381,-4.26,0,0,0,0
2000-03-03,0.0,0.0,0.0,0.0,0.0,0.0,0.0,-9.96,0.0,0.0,360.07,0.0,0.0,15.42,-16.24117327539381,-4.26,0,0,0,0
2000-03-04,0.0,0.0,0.0,0.0,0.0,0.0,0.0,-9.96,0.0,0.0,360.07,0.0,0.0,15.42,-16.24117327539381,-4.26,0,0,0,0
2000-03-06,0.0,0.0,0.0,0.0,0.0,0.0,0.0,-9.96,0.0,0.0,360.07,0.0,0.0,15.42,-16.24117327539381,-4.26,0,0,0,0
2000-03-07,0.0,0.0,0.0,0.0,0.0,0.0,0.0,-9.96,0.0,0.0,360.07,0.0,0.0,15.42,-16.24117327539381,-4.26,0,0,0,0
2000-03-08,0.0,0.0,0.0,0.0,0.0,0.0,0.0,-9.96,0.0,0.0,360.07,0.0,0.0,15.42,-16.24117327539381,-4.26,0,0,0,0
2000-03-09,0.0,0.0,0.0,0.0,0.0,0.0,0.0,-9.96,0.0,0.0,360.07,0.0,0.0,15.42,-16.24117327539381,-4.26,0,0,0,0
2000-03-10,0.0,0.0,0.0,0.0,0.0,0.0,0.0,-9.96,0.0,0.0,360.07,0.0,0.0,15.42,-16.24117327539381,-4.26,0,0,0,0
2000-03-13,0.0,0.0,0.0,0.0,0.0,0.0,0.0,-9.96,0.0,0.0,360.07,0.0,0.0,15.42,-16.24117327539381,-4.26,0,0,0,0
2000-03-14,0.0,0.0,0.0,0.0,0.0,0.0,0.0,-9.96,0.0,0.0,360.07,0.0,0.0,15.42,-16.24117327539381,-4.26,0,0,0,0
2000-03-15,0.0,0.0,0.0,0.0,0.0,0.0,0.0,-9.96,0.0,0.0,360.07,0.0,0.0,15.42,-16.24117327539381,-4.26,0,0,0,0
2000-03-16,0.0,0.0,0.0,0.0,0.0,0.0,0.0,-9.96,0.0,0.0,360.07,0.0,0.0,15.42,-16.24117327539381,-4.26,0,0,0,0
2000-03-17,0.0,0.0,0.0,0.0,0.0,0.0,0.0,-9.96,0.0,0.0,360.07,0.0,0.0,15.42,-16.24117327539381,-4.26,0,0,0,0
2000-03-20,0.0,0.0,0.0,0.0,0.0,0.0,0.0,-9.96,0.0,0.0,360.07,0.0,0.0,15.42,-16.24117327539381,-4.26,0,0,0,0
2000-03-21,0.0,0.0,0.0,0.0,0.0,0.0,0.0,-9.96,0.0,0.0,360.07,0.0,0.0,15.42,-16.24117327539381,-4.26,0,0,0,0
2000-03-22,0.0,0.0,0.0,0.0,0.0,0.0,0.0,-9.96,0.0,0.0,360.07,0.0,0.0,15.42,-16.24117327539381,-4.26,0,0,0,0
2000-03-23,0.0,0.0,0.0,0.0,0.0,0.0,0.0,-9.96,0.0,0.0,360.07,0.0,0.0,15.42,-16.24117327539381,-4.26,0,0,0,0
2000-03-24,0.0,0.0,0.0,0.0,0.0,0.0,0.0,-9.96,0.0,0.0,360.07,0.0,0.0,15.42,-16.24117327539381,-4.26,0,0,0,0
2000-03-27,0.0,0.0,0.0,0.0,0.0,0.0,0.0,-9.96,0.0,0.0,360.07,0.0,0.0,15.42,-16.24117327539381,-4.26,0,0,0,0
2000-03-28,0.0,0.0,0.0,0.0,0.0,0.0,0.0,-9.96,0.0,0.0,360.07,0.0,0.0,15.42,-16.24117327539381,-4.26,0,0,0,0
2000-03-29,0.0,0.0,0.0,0.0,0.0,0.0,0.0,-9.96,0.0,0.0,360.07,0.0,0.0,15.42,-16.24117327539381,-4.26,0,0,0,0
2000-03-30,0.0,0.0,0.0,0.0,0.0,0.0,0.0,-9.96,0.0,0.0,360.07,0.0,0.0,15.42,-16.24117327539381,-4.26,0,0,0,0
2000-03-31,0.0,0.0,0.0,0.0,0.0,0.0,0.0,-9.96,0.0,0.0,360.07,0.0,0.0,15.42,-16.24117327539381,-4.26,0,0,0,0
2000-04-01,0.0,0.0,0.0,0.0,0.0,0.0,0.0,-9.96,0.0,0.0,360.07,0.0,0.0,15.42,-16.24117327539381,-4.26,0,0,0,0
2000-04-05,0.0,0.0,0.0,0.0,0.0,0.0,0.0,-9.96,0.0,0.0,360.07,0.0,0.0,15.42,-16.24117327539381,-4.26,0,0,0,0
2000-04-06,0.0,0.0,0.0,0.0,0.0,0.0,0.0,-9.96,0.0,0.0,360.07,0.0,0.0,15.42,-16.24117327539381,-4.26,0,0,0,0
2000-04-07,0.0,0.0,0.0,0.0,0.0,0.0,0.0,-9.96,0.0,0.0,360.07,0.0,0.0,15.42,-16.24117327539381,-4.26,0,0,0,0
2000-04-08,0.0,0.0,0.0,0.0,0.0,0.0,0.0,-9.96,0.0,0.0,360.07,0.0,0.0,15.42,-16.24117327539381,-4.26,0,0,0,0
2000-04-10,0.0,0.0,0.0,0.0,0.0,0.0,0.0,-9.96,0.0,0.0,360.07,0.0,0.0,15.42,-16.24117327539381,-4.26,0,0,0,0
2000-04-11,0.0,0.0,0.0,0.0,0.0,0.0,0.0,-9.96,0.0,0.0,360.07,0.0,0.0,15.42,-16.24117327539381,-4.26,0,0,0,0
2000-04-12,0.0,0.0,0.0,0.0,0.0,0.0,0.0,-9.96,0.0,0.0,360.07,0.0,0.0,15.42,-16.24117327539381,-4.26,0,0,0,0
2000-04-13,0.0,0.0,0.0,0.0,0.0,0.0,0.0,-9.96,0.0,0.0,360.07,0.0,0.0,15.42,-16.24117327539381,-4.26,0,0,0,0
2000-04-14,0.0,0.0,0.0,0.0,0.0,0.0,0.0,-9.96,0.0,0.0,360.07,0.0,0.0,15.42,-16.24117327539381,-4.26,0,0,0,0
2000-04-15,0.0,0.0,0.0,0.0,0.0,0.0,0.0,-9.96,0.0,0.0,360.07,0.0,0.0,15.42,-16.24117327539381,-4.26,0,0,0,0
2000-04-17,0.0,0.0,0.0,0.0,0.0,0.0,0.0,-9.96,0.0,0.0,360.07,0.0,0.0,15.42,-16.24117327539381,-4.26,0,0,0,0
2000-04-18,0.0,0.0,0.0,0.0,0.0,0.0,0.0,-9.96,0.0,0.0,360.07,0.0,0.0,15.42,-16.24117327539381,-4.26,0,0,0,0
2000-04-19,0.0,0.0,0.0,0.0,0.0,0.0,0.0,-9.96,0.0,0.0,360.07,0.0,0.0,15.42,-16.24117327539381,-4.26,0,0,0,0
2000-04-20,0.0,0.0,0.0,0.0,0.0,0.0,0.0,-9.96,0.0,0.0,360.07,0.0,0.0,15.42,-16.24117327539381,-4.26,0,0,0,0
2000-04-21,0.0,0.0,0.0,0.0,0.0,0.0,0.0,-9.96,0.0,0.0,360.07,0.0,0.0,15.42,-16.24117327539381,-4.26,0,0,0,0
2000-04-24,0.0,0.0,0.0,0.0,0.0,0.0,0.0,-9.96,0.0,0.0,360.07,0.0,0.0,15.42,-16.24117327539381,-4.26,0,0,0,0
2000-04-25,0.0,0.0,0.0,0.0,0.0,0.0,0.0,-9.96,0.0,0.0,360.07,0.0,0.0,15.42,-16.24117327539381,-4.26,0,0,0,0
2000-04-26,0.0,0.0,0.0,0.0,0.0,0.0,0.0,-9.96,0.0,0.0,360.07,0.0,0.0,15.42,-16.24117327539381,-4.26,0,0,0,0
2000-04-27,0.0,0.0,0.0,0.0,0.0,0.0,0.0,-9.96,0.0,0.0,360.07,0.0,0.0,15.42,-16.24117327539381,-4.26,0,0,0,0
2000-04-28,0.0,0.0,0.0,0.0,0.0,0.0,0.0,-9.96,0.0,0.0,360.07,0.0,0.0,15.42,-16.24117327539381,-4.26,0,0,0,0
2000-04-29,0.0,0.0,0.0,0.0,0.0,0.0,0.0,-9.96,0.0,0.0,360.07,0.0,0.0,15.42,-16.24117327539381,-4.26,0,0,0,0
2000-05-02,0.0,0.0,0.0,0.0,0.0,0.0,0.0,-9.96,0.0,0.0,360.07,0.0,0.0,15.42,-16.24117327539381,-4.26,0,0,0,0
2000-05-03,0.0,0.0,0.0,0.0,0.0,0.0,0.0,-9.96,0.0,0.0,360.07,0.0,0.0,15.42,-16.24117327539381,-4.26,0,0,0,0
2000-05-04,0.0,0.0,0.0,0.0,0.0,0.0,0.0,-9.96,0.0,0.0,360.07,0.0,0.0,15.42,-16.24117327539381,-4.26,0,0,0,0
2000-05-05,0.0,0.0,0.0,0.0,0.0,0.0,0.0,-9.96,0.0,0.0,360.07,0.0,0.0,15.42,-16.24117327539381,-4.26,0,0,0,0
2000-05-06,0.0,0.0,0.0,0.0,0.0,0.0,0.0,-9.96,0.0,0.0,360.07,0.0,0.0,15.42,-16.24117327539381,-4.26,0,0,0,0
2000-05-08,0.0,0.0,0.0,0.0,0.0,0.0,0.0,-9.96,0.0,0.0,360.07,0.0,0.0,15.42,-16.24117327539381,-4.26,0,0,0,0
2000-05-09,0.0,0.0,0.0,0.0,0.0,0.0,0.0,-9.96,0.0,0.0,360.07,0.0,0.0,15.42,-16.24117327539381,-4.26,0,0,0,0
2000-05-10,0.0,0.0,0.0,0.0,0.0,0.0,0.0,-9.96,0.0,0.0,360.07,0.0,0.0,15.42,-16.24117327539381,-4.26,0,0,0,0
2000-05-11,0.0,0.0,0.0,0.0,0.0,0.0,0.0,-9.96,0.0,0.0,360.07,0.0,0.0,15.42,-16.24117327539381,-4.26,0,0,0,0
2000-05-12,0.0,0.0,0.0,0.0,0.0,0.0,0.0,-9.96,0.0,0.0,360.07,0.0,0.0,15.42,-16.24117327539381,-4.26,0,0,0,0
2000-05-15,0.0,0.0,0.0,0.0,0.0,0.0,0.0,0.11,0.0,0.0,0.0,0.0,0.0,3.84,-75.09727626459144,-48.89,0,0,0,0
2000-05-16,0.0,0.0,0.0,0.0,0.0,0.0,0.0,0.11,0.0,0.0,0.0,0.0,0.0,3.84,-75.09727626459144,-48.89,0,0,0,0
2000-05-17,0.0,0.0,0.0,0.0,0.0,0.0,0.0,0.11,0.0,0.0,0.0,0.0,0.0,3.84,-75.09727626459144,-48.89,0,0,0,0
2000-05-18,0.0,0.0,0.0,0.0,0.0,0.0,0.0,0.11,0.0,0.0,0.0,0.0,0.0,3.84,-75.09727626459144,-48.89,0,0,0,0
2000-05-19,0.0,0.0,0.0,0.0,0.0,0.0,0.0,0.11,0.0,0.0,0.0,0.0,0.0,3.84,-75.09727626459144,-48.89,0,0,0,0
2000-05-20,0.0,0.0,0.0,0.0,0.0,0.0,0.0,0.11,0.0,0.0,0.0,0.0,0.0,3.84,-75.09727626459144,-48.89,0,0,0,0
2000-05-22,0.0,0.0,0.0,0.0,0.0,0.0,0.0,0.11,0.0,0.0,0.0,0.0,0.0,3.84,-75.09727626459144,-48.89,0,0,0,0
2000-05-23,0.0,0.0,0.0,0.0,0.0,0.0,0.0,0.11,0.0,0.0,0.0,0.0,0.0,3.84,-75.09727626459144,-48.89,0,0,0,0
2000-05-24,0.0,0.0,0.0,0.0,0.0,0.0,0.0,0.11,0.0,0.0,0.0,0.0,0.0,3.84,-75.09727626459144,-48.89,0,0,0,0
2000-05-25,0.0,0.0,0.0,0.0,0.0,0.0,0.0,0.11,0.0,0.0,0.0,0.0,0.0,3.84,-75.09727626459144,-48.89,0,0,0,0
2000-05-26,0.0,0.0,0.0,0.0,0.0,0.0,0.0,0.11,0.0,0.0,0.0,0.0,0.0,3.84,-75.09727626459144,-48.89,0,0,0,0
2000-05-29,0.0,0.0,0.0,0.0,0.0,0.0,0.0,0.11,0.0,0.0,0.0,0.0,0.0,3.84,-75.09727626459144,-48.89,0,0,0,0
2000-05-30,0.0,0.0,0.0,0.0,0.0,0.0,0.0,0.11,0.0,0.0,0.0,0.0,0.0,3.84,-75.09727626459144,-48.89,0,0,0,0
2000-05-31,0.0,0.0,0.0,0.0,0.0,0.0,0.0,0.11,0.0,0.0,0.0,0.0,0.0,3.84,-75.09727626459144,-48.89,0,0,0,1
2000-06-01,0.0,0.0,0.0,0.0,0.0,0.0,0.0,0.11,0.0,0.0,0.0,0.0,0.0,3.84,-75.09727626459144,-48.89,0,0,0,1
2000-06-02,0.0,0.0,0.0,0.0,0.0,0.0,0.0,0.11,0.0,0.0,0.0,0.0,0.0,3.84,-75.09727626459144,-48.89,0,0,0,1
2000-06-03,0.0,0.0,0.0,0.0,0.0,0.0,0.0,0.11,0.0,0.0,0.0,0.0,0.0,3.84,-75.09727626459144,-48.89,0,0,0,1
2000-06-05,0.0,0.0,0.0,0.0,0.0,0.0,0.0,0.11,0.0,0.0,0.0,0.0,0.0,3.84,-75.09727626459144,-48.89,0,0,0,1
2000-06-07,0.0,0.0,0.0,0.0,0.0,0.0,0.0,0.11,0.0,0.0,0.0,0.0,0.0,3.84,-75.09727626459144,-48.89,0,0,0,1
2000-06-08,0.0,0.0,0.0,0.0,0.0,0.0,0.0,0.11,0.0,0.0,0.0,0.0,0.0,3.84,-75.09727626459144,-48.89,0,0,0,1
2000-06-09,0.0,0.0,0.0,0.0,0.0,0.0,0.0,0.11,0.0,0.0,0.0,0.0,0.0,3.84,-75.09727626459144,-48.89,0,0,0,1
2000-06-12,0.0,0.0,0.0,0.0,0.0,0.0,0.0,0.11,0.0,0.0,0.0,0.0,0.0,3.84,-75.09727626459144,-48.89,0,0,0,1
2000-06-13,0.0,0.0,0.0,0.0,0.0,0.0,0.0,0.11,0.0,0.0,0.0,0.0,0.0,3.84,-75.09727626459144,-48.89,0,0,0,1
2000-06-14,0.0,0.0,0.0,0.0,0.0,0.0,0.0,0.11,0.0,0.0,0.0,0.0,0.0,3.84,-75.09727626459144,-48.89,0,0,0,1
2000-06-15,0.0,0.0,0.0,0.0,0.0,0.0,0.0,0.11,0.0,0.0,0.0,0.0,0.0,3.84,-75.09727626459144,-48.89,0,0,0,1
2000-06-16,0.0,0.0,0.0,0.0,0.0,0.0,0.0,0.11,0.0,0.0,0.0,0.0,0.0,3.84,-75.09727626459144,-48.89,0,0,0,1
2000-06-17,0.0,0.0,0.0,0.0,0.0,0.0,0.0,0.11,0.0,0.0,0.0,0.0,0.0,3.84,-75.09727626459144,-48.89,0,0,0,1
2000-06-19,0.0,0.0,0.0,0.0,0.0,0.0,0.0,0.11,0.0,0.0,0.0,0.0,0.0,3.84,-75.09727626459144,-48.89,0,0,0,1
2000-06-20,0.0,0.0,0.0,0.0,0.0,0.0,0.0,0.11,0.0,0.0,0.0,0.0,0.0,3.84,-75.09727626459144,-48.89,0,0,0,1
2000-06-21,0.0,0.0,0.0,0.0,0.0,0.0,0.0,0.11,0.0,0.0,0.0,0.0,0.0,3.84,-75.09727626459144,-48.89,0,0,0,1
2000-06-22,0.0,0.0,0.0,0.0,0.0,0.0,0.0,0.11,0.0,0.0,0.0,0.0,0.0,3.84,-75.09727626459144,-48.89,0,0,0,1
2000-06-23,0.0,0.0,0.0,0.0,0.0,0.0,0.0,0.11,0.0,0.0,0.0,0.0,0.0,3.84,-75.09727626459144,-48.89,0,0,0,1
2000-06-26,0.0,0.0,0.0,0.0,0.0,0.0,0.0,0.11,0.0,0.0,0.0,0.0,0.0,3.84,-75.09727626459144,-48.89,0,0,0,1
2000-06-27,0.0,0.0,0.0,0.0,0.0,0.0,0.0,0.11,0.0,0.0,0.0,0.0,0.0,3.84,-75.09727626459144,-48.89,0,0,1,1
2000-06-28,0.0,0.0,0.0,0.0,0.0,0.0,0.0,0.11,0.0,0.0,0.0,0.0,0.0,3.84,-75.09727626459144,-48.89,0,0,1,1
2000-06-29,0.0,0.0,0.0,0.0,0.0,0.0,0.0,0.11,0.0,0.0,0.0,0.0,0.0,3.84,-75.09727626459144,-48.89,0,0,1,1
2000-06-30,0.0,0.0,0.0,0.0,0.0,0.0,0.0,0.11,0.0,0.0,0.0,0.0,0.0,3.84,-75.09727626459144,-48.89,0,0,1,1
2000-07-03,0.0,0.0,0.0,0.0,0.0,0.0,0.0,0.11,0.0,0.0,0.0,0.0,0.0,3.84,-75.09727626459144,-48.89,0,0,1,1
2000-07-04,0.0,0.0,0.0,0.0,0.0,0.0,0.0,0.11,0.0,0.0,0.0,0.0,0.0,3.84,-75.09727626459144,-48.89,0,0,1,1
2000-07-05,0.0,0.0,0.0,0.0,0.0,0.0,0.0,0.11,0.0,0.0,0.0,0.0,0.0,3.84,-75.09727626459144,-48.89,0,0,1,1
2000-07-06,0.0,0.0,0.0,0.0,0.0,0.0,0.0,0.11,0.0,0.0,0.0,0.0,0.0,3.84,-75.09727626459144,-48.89,0,0,1,1
2000-07-07,0.0,0.0,0.0,0.0,0.0,0.0,0.0,0.11,0.0,0.0,0.0,0.0,0.0,3.84,-75.09727626459144,-48.89,0,0,1,1
2000-07-10,0.0,0.0,0.0,0.0,0.0,0.0,0.0,0.11,0.0,0.0,0.0,0.0,0.0,3.84,-75.09727626459144,-48.89,0,0,1,1
2000-07-11,0.0,0.0,0.0,0.0,0.0,0.0,0.0,0.11,0.0,0.0,0.0,0.0,0.0,3.84,-75.09727626459144,-48.89,0,0,1,1
2000-07-12,0.0,0.0,0.0,0.0,0.0,0.0,0.0,0.11,0.0,0.0,0.0,0.0,0.0,3.84,-75.09727626459144,-48.89,0,0,1,1
2000-07-13,0.0,0.0,0.0,0.0,0.0,0.0,0.0,0.11,0.0,0.0,0.0,0.0,0.0,3.84,-75.09727626459144,-48.89,0,0,1,1
2000-07-14,0.0,0.0,0.0,0.0,0.0,0.0,0.0,0.11,0.0,0.0,0.0,0.0,0.0,3.84,-75.09727626459144,-48.89,0,0,1,1
2000-07-15,0.0,0.0,0.0,0.0,0.0,0.0,0.0,0.11,0.0,0.0,0.0,0.0,0.0,3.84,-75.09727626459144,-48.89,0,0,1,1
2000-07-17,0.0,0.0,0.0,0.0,0.0,0.0,0.0,0.11,0.0,0.0,0.0,0.0,0.0,3.84,-75.09727626459144,-48.89,0,0,1,1
2000-07-18,0.0,0.0,0.0,0.0,0.0,0.0,0.0,0.11,0.0,0.0,0.0,0.0,0.0,3.84,-75.09727626459144,-48.89,0,0,1,1
2000-07-19,0.0,0.0,0.0,0.0,0.0,0.0,0.0,0.11,0.0,0.0,0.0,0.0,0.0,3.84,-75.09727626459144,-48.89,0,0,1,1
2000-07-20,0.0,0.0,0.0,0.0,0.0,0.0,0.0,0.11,0.0,0.0,0.0,0.0,0.0,3.84,-75.09727626459144,-48.89,0,0,1,1
2000-07-21,0.0,0.0,0.0,0.0,0.0,0.0,0.0,0.11,0.0,0.0,0.0,0.0,0.0,3.84,-75.09727626459144,-48.89,0,0,1,1
2000-07-24,0.0,0.0,0.0,0.0,0.0,0.0,0.0,0.11,0.0,0.0,0.0,0.0,0.0,3.84,-75.09727626459144,-48.89,0,1,1,1
2000-07-25,0.0,0.0,0.0,0.0,0.0,0.0,0.0,0.11,0.0,0.0,0.0,0.0,0.0,3.84,-75.09727626459144,-48.89,0,1,1,1
2000-07-26,0.0,0.0,0.0,0.0,0.0,0.0,0.0,0.11,0.0,0.0,0.0,0.0,0.0,3.84,-75.09727626459144,-48.89,0,1,1,1
2000-07-27,0.0,0.0,0.0,0.0,0.0,0.0,0.0,0.11,0.0,0.0,0.0,0.0,0.0,3.84,-75.09727626459144,-48.89,0,1,1,1
2000-07-28,0.0,0.0,0.0,0.0,0.0,0.0,0.0,0.11,0.0,0.0,0.0,0.0,0.0,3.84,-75.09727626459144,-48.89,0,1,1,1
2000-07-29,0.0,0.0,0.0,0.0,0.0,0.0,0.0,0.11,0.0,0.0,0.0,0.0,0.0,3.84,-75.09727626459144,-48.89,0,1,1,1
2000-07-31,0.0,0.0,0.0,0.0,0.0,0.0,0.0,0.11,0.0,0.0,0.0,0.0,0.0,3.84,-75.09727626459144,-48.89,0,1,1,1
2000-08-01,0.0,0.0,0.0,0.0,0.0,0.0,0.0,0.11,0.0,0.0,0.0,0.0,0.0,3.84,-75.09727626459144,-48.89,0,1,1,1
2000-08-02,0.0,0.0,0.0,0.0,0.0,0.0,0.0,0.11,0.0,0.0,0.0,0.0,0.0,3.84,-75.09727626459144,-48.89,0,1,1,1
2000-08-03,0.0,0.0,0.0,0.0,0.0,0.0,0.0,0.11,0.0,0.0,0.0,0.0,0.0,3.84,-75.09727626459144,-48.89,0,1,1,1
2000-08-04,0.0,0.0,0.0,0.0,0.0,0.0,0.0,0.11,0.0,0.0,0.0,0.0,0.0,3.84,-75.09727626459144,-48.89,1,1,1,1
2000-08-05,0.0,0.0,0.0,0.0,0.0,0.0,0.0,0.11,0.0,0.0,0.0,0.0,0.0,3.84,-75.09727626459144,-48.89,1,1,1,1
2000-08-07,0.0,0.0,0.0,0.0,0.0,0.0,0.0,0.11,0.0,0.0,0.0,0.0,0.0,3.84,-75.09727626459144,-48.89,1,1,1,1
2000-08-08,0.0,0.0,0.0,0.0,0.0,0.0,0.0,0.11,0.0,0.0,0.0,0.0,0.0,3.84,-75.09727626459144,-48.89,1,1,1,1
2000-08-09,0.0,0.0,0.0,0.0,0.0,0.0,0.0,0.11,0.0,0.0,0.0,0.0,0.0,3.84,-75.09727626459144,-48.89,1,1,1,1
2000-08-10,0.0,0.0,0.0,0.0,0.0,0.0,0.0,0.11,0.0,0.0,0.0,0.0,0.0,3.84,-75.09727626459144,-48.89,1,1,1,1
2000-08-11,0.0,0.0,0.0,0.0,0.0,0.0,0.0,0.11,0.0,0.0,0.0,0.0,0.0,3.84,-75.09727626459144,-48.89,1,1,1,1
2000-08-14,0.0,0.0,0.0,0.0,0.0,0.0,0.0,247.35,0.0,18743.1,0.0,0.0,103.72,30.32,689.5833333333334,43.48,1,1,1,1
2000-08-15,0.0,0.0,0.0,0.0,0.0,0.0,0.0,247.35,0.0,18743.1,0.0,0.0,103.72,30.32,689.5833333333334,43.48,1,1,1,1
2000-08-16,0.0,0.0,0.0,0.0,0.0,0.0,0.0,247.35,0.0,18743.1,0.0,0.0,103.72,30.32,689.5833333333334,43.48,1,1,1,1
2000-08-17,0.0,0.0,0.0,0.0,0.0,0.0,0.0,247.35,0.0,18743.1,0.0,0.0,103.72,30.32,689.5833333333334,43.48,1,1,0,0
2000-08-18,0.0,0.0,0.0,0.0,0.0,0.0,0.0,247.35,0.0,18743.1,0.0,0.0,103.72,30.32,689.5833333333334,43.48,1,0,0,0
2000-08-19,0.0,0.0,0.0,0.0,0.0,0.0,0.0,247.35,0.0,18743.1,0.0,0.0,103.72,30.32,689.5833333333334,43.48,0,0,0,0
2000-08-21,0.0,0.0,0.0,0.0,0.0,0.0,0.0,247.35,0.0,18743.1,0.0,0.0,103.72,30.32,689.5833333333334,43.48,0,0,0,0
2000-08-22,0.0,0.0,0.0,0.0,0.0,0.0,0.0,247.35,0.0,18743.1,0.0,0.0,103.72,30.32,689.5833333333334,43.48,0,0,0,0
2000-08-24,0.0,0.0,0.0,0.0,0.0,0.0,0.0,247.35,0.0,18743.1,0.0,0.0,103.72,30.32,689.5833333333334,43.48,0,0,0,0
2000-08-25,0.0,0.0,0.0,0.0,0.0,0.0,0.0,247.35,0.0,18743.1,0.0,0.0,103.72,30.32,689.5833333333334,43.48,0,0,0,0
2000-08-28,0.0,0.0,0.0,0.0,0.0,0.0,0.0,247.35,0.0,18743.1,0.0,0.0,103.72,30.32,689.5833333333334,43.48,0,0,0,0
2000-08-29,0.0,0.0,0.0,0.0,0.0,0.0,0.0,247.35,0.0,18743.1,0.0,0.0,103.72,30.32,689.5833333333334,43.48,0,0,0,0
2000-08-30,0.0,0.0,0.0,0.0,0.0,0.0,0.0,247.35,0.0,18743.1,0.0,0.0,103.72,30.32,689.5833333333334,43.48,0,0,0,0
2000-08-31,0.0,0.0,0.0,0.0,0.0,0.0,0.0,247.35,0.0,18743.1,0.0,0.0,103.72,30.32,689.5833333333334,43.48,0,0,0,0
2000-09-01,0.0,0.0,0.0,0.0,0.0,0.0,0.0,247.35,0.0,18743.1,0.0,0.0,103.72,30.32,689.5833333333334,43.48,1,0,0,0
2000-09-02,0.0,0.0,0.0,0.0,0.0,0.0,0.0,247.35,0.0,18743.1,0.0,0.0,103.72,30.32,689.5833333333334,43.48,0,0,0,0
2000-09-04,0.0,0.0,0.0,0.0,0.0,0.0,0.0,247.35,0.0,18743.1,0.0,0.0,103.72,30.32,689.5833333333334,43.48,0,0,0,0
2000-09-05,0.0,0.0,0.0,0.0,0.0,0.0,0.0,247.35,0.0,18743.1,0.0,0.0,103.72,30.32,689.5833333333334,43.48,0,0,0,0
2000-09-06,0.0,0.0,0.0,0.0,0.0,0.0,0.0,247.35,0.0,18743.1,0.0,0.0,103.72,30.32,689.5833333333334,43.48,0,0,0,0
2000-09-07,0.0,0.0,0.0,0.0,0.0,0.0,0.0,247.35,0.0,18743.1,0.0,0.0,103.72,30.32,689.5833333333334,43.48,0,0,0,0
2000-09-08,0.0,0.0,0.0,0.0,0.0,0.0,0.0,247.35,0.0,18743.1,0.0,0.0,103.72,30.32,689.5833333333334,43.48,0,0,0,0
2000-09-11,0.0,0.0,0.0,0.0,0.0,0.0,0.0,247.35,0.0,18743.1,0.0,0.0,103.72,30.32,689.5833333333334,43.48,0,0,0,0
2000-09-13,0.0,0.0,0.0,0.0,0.0,0.0,0.0,247.35,0.0,18743.1,0.0,0.0,103.72,30.32,689.5833333333334,43.48,0,0,0,0
2000-09-14,0.0,0.0,0.0,0.0,0.0,0.0,0.0,247.35,0.0,18743.1,0.0,0.0,103.72,30.32,689.5833333333334,43.48,0,0,0,0
2000-09-15,0.0,0.0,0.0,0.0,0.0,0.0,0.0,247.35,0.0,18743.1,0.0,0.0,103.72,30.32,689.5833333333334,43.48,0,0,0,0
2000-09-16,0.0,0.0,0.0,0.0,0.0,0.0,0.0,247.35,0.0,18743.1,0.0,0.0,103.72,30.32,689.5833333333334,43.48,0,0,0,0
2000-09-18,0.0,0.0,0.0,0.0,0.0,0.0,0.0,247.35,0.0,18743.1,0.0,0.0,103.72,30.32,689.5833333333334,43.48,0,0,0,0
2000-09-19,0.0,0.0,0.0,0.0,0.0,0.0,0.0,247.35,0.0,18743.1,0.0,0.0,103.72,30.32,689.5833333333334,43.48,0,0,0,0
2000-09-20,0.0,0.0,0.0,0.0,0.0,0.0,0.0,247.35,0.0,18743.1,0.0,0.0,103.72,30.32,689.5833333333334,43.48,0,0,0,0
2000-09-21,0.0,0.0,0.0,0.0,0.0,0.0,0.0,247.35,0.0,18743.1,0.0,0.0,103.72,30.32,689.5833333333334,43.48,0,0,0,0
2000-09-22,0.0,0.0,0.0,0.0,0.0,0.0,0.0,247.35,0.0,18743.1,0.0,0.0,103.72,30.32,689.5833333333334,43.48,0,0,0,0
2000-09-25,0.0,0.0,0.0,0.0,0.0,0.0,0.0,247.35,0.0,18743.1,0.0,0.0,103.72,30.32,689.5833333333334,43.48,0,0,0,0
2000-09-26,0.0,0.0,0.0,0.0,0.0,0.0,0.0,247.35,0.0,18743.1,0.0,0.0,103.72,30.32,689.5833333333334,43.48,0,0,0,0
2000-09-27,0.0,0.0,0.0,0.0,0.0,0.0,0.0,247.35,0.0,18743.1,0.0,0.0,103.72,30.32,689.5833333333334,43.48,0,0,0,0
2000-09-28,0.0,0.0,0.0,0.0,0.0,0.0,0.0,247.35,0.0,18743.1,0.0,0.0,103.72,30.32,689.5833333333334,43.48,0,0,0,0
2000-09-29,0.0,0.0,0.0,0.0,0.0,0.0,0.0,247.35,0.0,18743.1,0.0,0.0,103.72,30.32,689.5833333333334,43.48,0,0,0,0
2000-09-30,0.0,0.0,0.0,0.0,0.0,0.0,0.0,247.35,0.0,18743.1,0.0,0.0,103.72,30.32,689.5833333333334,43.48,0,0,0,0
2000-10-02,0.0,0.0,0.0,0.0,0.0,0.0,0.0,247.35,0.0,18743.1,0.0,0.0,103.72,30.32,689.5833333333334,43.48,0,0,0,0
2000-10-03,0.0,0.0,0.0,0.0,0.0,0.0,0.0,247.35,0.0,18743.1,0.0,0.0,103.72,30.32,689.5833333333334,43.48,0,0,0,0
2000-10-04,0.0,0.0,0.0,0.0,0.0,0.0,0.0,247.35,0.0,18743.1,0.0,0.0,103.72,30.32,689.5833333333334,43.48,0,0,0,0
2000-10-05,0.0,0.0,0.0,0.0,0.0,0.0,0.0,247.35,0.0,18743.1,0.0,0.0,103.72,30.32,689.5833333333334,43.48,0,0,0,0
2000-10-06,0.0,0.0,0.0,0.0,0.0,0.0,0.0,247.35,0.0,18743.1,0.0,0.0,103.72,30.32,689.5833333333334,43.48,0,0,0,0
2000-10-07,0.0,0.0,0.0,0.0,0.0,0.0,0.0,247.35,0.0,18743.1,0.0,0.0,103.72,30.32,689.5833333333334,43.48,0,0,0,0
2000-10-09,0.0,0.0,0.0,0.0,0.0,0.0,0.0,247.35,0.0,18743.1,0.0,0.0,103.72,30.32,689.5833333333334,43.48,0,0,0,0
2000-10-11,0.0,0.0,0.0,0.0,0.0,0.0,0.0,247.35,0.0,18743.1,0.0,0.0,103.72,30.32,689.5833333333334,43.48,0,0,0,0
2000-10-12,0.0,0.0,0.0,0.0,0.0,0.0,0.0,247.35,0.0,18743.1,0.0,0.0,103.72,30.32,689.5833333333334,43.48,0,0,0,0
2000-10-13,0.0,0.0,0.0,0.0,0.0,0.0,0.0,247.35,0.0,18743.1,0.0,0.0,103.72,30.32,689.5833333333334,43.48,0,0,0,0
2000-10-16,0.0,0.0,0.0,0.0,0.0,0.0,0.0,247.35,0.0,18743.1,0.0,0.0,103.72,30.32,689.5833333333334,43.48,0,0,0,0
2000-10-17,0.0,0.0,0.0,0.0,0.0,0.0,0.0,247.35,0.0,18743.1,0.0,0.0,103.72,30.32,689.5833333333334,43.48,0,0,0,0
2000-10-18,0.0,0.0,0.0,0.0,0.0,0.0,0.0,247.35,0.0,18743.1,0.0,0.0,103.72,30.32,689.5833333333334,43.48,0,0,0,0
2000-10-19,0.0,0.0,0.0,0.0,0.0,0.0,0.0,247.35,0.0,18743.1,0.0,0.0,103.72,30.32,689.5833333333334,43.48,1,0,0,0
2000-10-20,0.0,0.0,0.0,0.0,0.0,0.0,0.0,247.35,0.0,18743.1,0.0,0.0,103.72,30.32,689.5833333333334,43.48,0,0,0,0
2000-10-21,0.0,0.0,0.0,0.0,0.0,0.0,0.0,247.35,0.0,18743.1,0.0,0.0,103.72,30.32,689.5833333333334,43.48,0,0,0,0
2000-10-23,0.0,0.0,0.0,0.0,0.0,0.0,0.0,247.35,0.0,18743.1,0.0,0.0,103.72,30.32,689.5833333333334,43.48,1,0,0,0
2000-10-24,0.0,0.0,0.0,0.0,0.0,0.0,0.0,247.35,0.0,18743.1,0.0,0.0,103.72,30.32,689.5833333333334,43.48,0,0,0,0
2000-10-25,0.0,0.0,0.0,0.0,0.0,0.0,0.0,247.35,0.0,18743.1,0.0,0.0,103.72,30.32,689.5833333333334,43.48,0,0,0,0
2000-10-26,0.0,0.0,0.0,0.0,0.0,0.0,0.0,247.35,0.0,18743.1,0.0,0.0,103.72,30.32,689.5833333333334,43.48,0,0,0,0
2000-10-27,0.0,0.0,0.0,0.0,0.0,0.0,0.0,247.35,0.0,18743.1,0.0,0.0,103.72,30.32,689.5833333333334,43.48,0,0,0,0
2000-10-30,0.0,0.0,0.0,0.0,0.0,0.0,0.0,247.35,0.0,18743.1,0.0,0.0,103.72,30.32,689.5833333333334,43.48,0,0,0,0
2000-10-31,0.0,0.0,0.0,0.0,0.0,0.0,0.0,247.35,0.0,18743.1,0.0,0.0,103.72,30.32,689.5833333333334,43.48,0,0,0,0
2000-11-01,0.0,0.0,0.0,0.0,0.0,0.0,0.0,247.35,0.0,18743.1,0.0,0.0,103.72,30.32,689.5833333333334,43.48,0,0,0,0
2000-11-02,0.0,0.0,0.0,0.0,0.0,0.0,0.0,247.35,0.0,18743.1,0.0,0.0,103.72,30.32,689.5833333333334,43.48,0,1,1,0
2000-11-03,0.0,0.0,0.0,0.0,0.0,0.0,0.0,247.35,0.0,18743.1,0.0,0.0,103.72,30.32,689.5833333333334,43.48,1,1,1,1
2000-11-04,0.0,0.0,0.0,0.0,0.0,0.0,0.0,247.35,0.0,18743.1,0.0,0.0,103.72,30.32,689.5833333333334,43.48,1,1,1,1
2000-11-06,0.0,0.0,0.0,0.0,0.0,0.0,0.0,247.35,0.0,18743.1,0.0,0.0,103.72,30.32,689.5833333333334,43.48,1,1,1,1
2000-11-07,0.0,0.0,0.0,0.0,0.0,0.0,0.0,247.35,0.0,18743.1,0.0,0.0,103.72,30.32,689.5833333333334,43.48,1,1,1,1
2000-11-08,0.0,0.0,0.0,0.0,0.0,0.0,0.0,247.35,0.0,18743.1,0.0,0.0,103.72,30.32,689.5833333333334,43.48,1,1,1,1
2000-11-09,0.0,0.0,0.0,0.0,0.0,0.0,0.0,247.35,0.0,18743.1,0.0,0.0,103.72,30.32,689.5833333333334,43.48,0,1,0,0
2000-11-10,0.0,0.0,0.0,0.0,0.0,0.0,0.0,247.35,0.0,18743.1,0.0,0.0,103.72,30.32,689.5833333333334,43.48,0,0,0,0
2000-11-13,0.0,0.0,0.0,0.0,0.0,0.0,0.0,247.35,0.0,18743.1,0.0,0.0,103.72,30.32,689.5833333333334,43.48,0,1,0,0
2000-11-14,0.0,0.1660034254136023,0.0,0.0,0.0,0.0,0.0,163.24,724.22,1101.74,153.34,4692.77,686.38,38.52,27.0448548812665,151.52,0,1,0,0
2000-11-15,0.0,0.1618171444020532,0.0,0.0,0.0,0.0,0.0,163.24,724.22,1101.74,153.34,4692.77,686.38,38.52,27.0448548812665,151.52,1,1,0,0
2000-11-16,0.0,0.1625124766292274,0.0,0.0,0.0,0.0,0.0,163.24,724.22,1101.74,153.34,4692.77,686.38,38.52,27.0448548812665,151.52,1,1,0,0
2000-11-17,0.0,0.1527492501517806,0.0,0.0,0.0,0.0,0.0,163.24,724.22,1101.74,153.34,4692.77,686.38,38.52,27.0448548812665,151.52,1,1,1,1
2000-11-18,0.0,0.1513538231479309,0.0,0.0,0.0,0.0,0.0,163.24,724.22,1101.74,153.34,4692.77,686.38,38.52,27.0448548812665,151.52,1,1,1,1
2000-11-20,0.0,0.1408905018938087,0.0,0.0,0.0,0.0,0.0,163.24,724.22,1101.74,153.34,4692.77,686.38,38.52,27.0448548812665,151.52,1,1,1,1
2000-11-21,0.0,0.1506584909207567,0.0,0.0,0.0,0.0,0.0,163.24,724.22,1101.74,153.34,4692.77,686.38,38.52,27.0448548812665,151.52,1,1,1,1
2000-11-22,0.0,0.1604217173982034,0.0,0.0,0.0,0.0,0.0,163.24,724.22,1101.74,153.34,4692.77,686.38,38.52,27.0448548812665,151.52,1,1,0,1
2000-11-23,0.0,0.1715803708794999,0.0,0.0,0.0,0.0,0.0,163.24,724.22,1101.74,153.34,4692.77,686.38,38.52,27.0448548812665,151.52,1,0,0,0
2000-11-24,0.0,0.1834391191374719,0.0,0.0,0.0,0.0,0.0,163.24,724.22,1101.74,153.34,4692.77,686.38,38.52,27.0448548812665,151.52,0,0,0,0
2000-11-27,0.0,0.195993199622618,0.0,0.0,0.0,0.0,0.0,163.24,724.22,1101.74,153.34,4692.77,686.38,38.52,27.0448548812665,151.52,0,0,0,0
2000-11-28,0.0,0.189716159380045,0.0,0.0,0.0,0.0,0.0,163.24,724.22,1101.74,153.34,4692.77,686.38,38.52,27.0448548812665,151.52,0,0,0,0
2000-11-29,0.0,0.1834391191374719,0.0,0.0,0.0,0.0,0.0,163.24,724.22,1101.74,153.34,4692.77,686.38,38.52,27.0448548812665,151.52,0,0,0,0
2000-11-30,0.0,0.1771620788948988,0.0,0.0,0.0,0.0,0.0,163.24,724.22,1101.74,153.34,4692.77,686.38,38.52,27.0448548812665,151.52,0,0,0,0
2000-12-01,0.0,0.1764619841182233,0.0,0.0,0.0,0.0,0.0,163.24,724.22,1101.74,153.34,4692.77,686.38,38.52,27.0448548812665,151.52,0,0,0,0
2000-12-02,0.0,0.1764619841182233,0.0,0.0,0.0,0.0,0.0,163.24,724.22,1101.74,153.34,4692.77,686.38,38.52,27.0448548812665,151.52,0,0,0,0
2000-12-04,0.0,0.1708850386523257,0.0,0.0,0.0,0.0,0.0,163.24,724.22,1101.74,153.34,4692.77,686.38,38.52,27.0448548812665,151.52,0,0,0,0
2000-12-05,0.0,0.1715803708794999,0.0,0.0,0.0,0.0,0.0,163.24,724.22,1101.74,153.34,4692.77,686.38,38.52,27.0448548812665,151.52,0,0,0,0
2000-12-06,0.0,0.167398852417452,0.0,0.0,0.0,0.0,0.0,163.24,724.22,1101.74,153.34,4692.77,686.38,38.52,27.0448548812665,151.52,0,0,0,0
2000-12-07,0.0,0.1660034254136023,0.0,0.0,0.0,0.0,0.0,163.24,724.22,1101.74,153.34,4692.77,686.38,38.52,27.0448548812665,151.52,0,0,0,0
2000-12-08,0.0,0.1687942794213017,0.0,0.0,0.0,0.0,0.0,163.24,724.22,1101.74,153.34,4692.77,686.38,38.52,27.0448548812665,151.52,0,0,0,0
2000-12-11,0.0,0.169489611648476,0.0,0.0,0.0,0.0,0.0,163.24,724.22,1101.74,153.34,4692.77,686.38,38.52,27.0448548812665,151.52,0,0,0,0
2000-12-12,0.0,0.1729757978833496,0.0,0.0,0.0,0.0,0.0,163.24,724.22,1101.74,153.34,4692.77,686.38,38.52,27.0448548812665,151.52,0,0,0,0
2000-12-13,0.0,0.1701849438756502,0.0,0.0,0.0,0.0,0.0,163.24,724.22,1101.74,153.34,4692.77,686.38,38.52,27.0448548812665,151.52,0,0,0,0
2000-12-14,0.0,0.1666987576407765,0.0,0.0,0.0,0.0,0.0,163.24,724.22,1101.74,153.34,4692.77,686.38,38.52,27.0448548812665,151.52,0,0,0,1
2000-12-15,0.0,0.1618171444020532,0.0,0.0,0.0,0.0,0.0,163.24,724.22,1101.74,153.34,4692.77,686.38,38.52,27.0448548812665,151.52,0,0,0,1
2000-12-16,0.0,0.1562354363866543,0.0,0.0,0.0,0.0,0.0,163.24,724.22,1101.74,153.34,4692.77,686.38,38.52,27.0448548812665,151.52,0,0,1,1
2000-12-18,0.0,0.1534493449284561,0.0,0.0,0.0,0.0,0.0,163.24,724.22,1101.74,153.34,4692.77,686.38,38.52,27.0448548812665,151.52,0,0,1,1
2000-12-19,0.0,0.1485629691402315,0.0,0.0,0.0,0.0,0.0,163.24,724.22,1101.74,153.34,4692.77,686.38,38.52,27.0448548812665,151.52,0,0,1,1
2000-12-20,0.0,0.1436813559015081,0.0,0.0,0.0,0.0,0.0,163.24,724.22,1101.74,153.34,4692.77,686.38,38.52,27.0448548812665,151.52,0,1,1,1
2000-12-21,0.0,0.1387997426627847,0.0,0.0,0.0,0.0,0.0,163.24,724.22,1101.74,153.34,4692.77,686.38,38.52,27.0448548812665,151.52,0,1,1,1
2000-12-22,0.0,0.1387997426627847,0.0,0.0,0.0,0.0,0.0,163.24,724.22,1101.74,153.34,4692.77,686.38,38.52,27.0448548812665,151.52,0,1,1,1
2000-12-26,0.0,0.1367089834317608,0.0,0.0,0.0,0.0,0.0,163.24,724.22,1101.74,153.34,4692.77,686.38,38.52,27.0448548812665,151.52,1,1,1,1
2000-12-27,0.0,0.1325227024202116,0.0,0.0,0.0,0.0,0.0,163.24,724.22,1101.74,153.34,4692.77,686.38,38.52,27.0448548812665,151.52,1,1,1,1
2000-12-28,0.0,0.1387997426627847,0.0,0.0,0.0,0.0,0.0,163.24,724.22,1101.74,153.34,4692.77,686.38,38.52,27.0448548812665,151.52,1,1,1,1
2000-12-29,0.0,0.1346134616512356,0.0,0.0,0.0,0.0,0.0,163.24,724.22,1101.74,153.34,4692.77,686.38,38.52,27.0448548812665,151.52,1,1,1,1
2000-12-30,0.0,0.1304319431891877,0.0,0.0,0.0,0.0,0.0,163.24,724.22,1101.74,153.34,4692.77,686.38,38.52,27.0448548812665,151.52,1,1,1,1
2001-01-02,0.0,0.1325227024202116,0.0,0.0,0.0,0.0,0.0,163.24,724.22,1101.74,153.34,4692.77,686.38,38.52,27.0448548812665,151.52,1,1,1,1
2001-01-03,0.0,0.1283364214086625,0.0,0.0,0.0,0.0,0.0,163.24,724.22,1101.74,153.34,4692.77,686.38,38.52,27.0448548812665,151.52,1,1,1,1
2001-01-04,0.0,0.1367089834317608,0.0,0.0,0.0,0.0,0.0,163.24,724.22,1101.74,153.34,4692.77,686.38,38.52,27.0448548812665,151.52,1,1,1,1
2001-01-05,0.0,0.1457768776820333,0.0,0.0,0.0,0.0,0.0,163.24,724.22,1101.74,153.34,4692.77,686.38,38.52,27.0448548812665,151.52,1,1,1,1
2001-01-08,0.0,0.1464722099092076,0.0,0.0,0.0,0.0,14.81,163.24,724.22,1101.74,153.34,4692.77,686.38,38.52,27.0448548812665,151.52,1,1,1,1
2001-01-09,0.0,0.1562354363866543,0.0,0.0,0.0,0.0,14.81,163.24,724.22,1101.74,153.34,4692.77,686.38,38.52,27.0448548812665,151.52,1,1,1,1
2001-01-10,0.0,0.1541446771556304,0.0,0.0,0.0,0.0,14.81,163.24,724.22,1101.74,153.34,4692.77,686.38,38.52,27.0448548812665,151.52,1,1,1,1
2001-01-11,0.0,0.1464722099092076,0.0,0.0,0.0,0.0,14.81,163.24,724.22,1101.74,153.34,4692.77,686.38,38.52,27.0448548812665,151.52,1,1,1,1
2001-01-12,0.0,0.1485629691402315,0.0,0.0,0.0,0.0,14.81,163.24,724.22,1101.74,153.34,4692.77,686.38,38.52,27.0448548812665,151.52,1,1,1,1
2001-01-15,0.0,0.1506584909207567,0.0,0.0,0.0,0.0,14.81,163.24,724.22,1101.74,153.34,4692.77,686.38,38.52,27.0448548812665,151.52,1,1,1,1
2001-01-16,0.0,0.1611218121748789,0.0,0.0,0.0,0.0,14.81,163.24,724.22,1101.74,153.34,4692.77,686.38,38.52,27.0448548812665,151.52,1,1,1,1
2001-01-17,0.0,0.1722804656561754,0.0,0.0,0.0,0.0,14.81,163.24,724.22,1101.74,153.34,4692.77,686.38,38.52,27.0448548812665,151.52,1,1,1,1
2001-01-18,0.0,0.1792528381259227,0.0,0.0,0.0,0.0,14.81,163.24,724.22,1101.74,153.34,4692.77,686.38,38.52,27.0448548812665,151.52,0,0,1,1
2001-01-29,0.0,0.167398852417452,0.0,0.0,0.0,0.0,14.81,163.24,724.22,1101.74,153.34,4692.77,686.38,38.52,27.0448548812665,151.52,1,1,1,1
2001-01-30,0.0,0.1680941846446262,0.0,0.0,0.0,0.0,14.81,163.24,724.22,1101.74,153.34,4692.77,686.38,38.52,27.0448548812665,151.52,1,1,1,1
2001-01-31,0.0,0.1792528381259227,0.0,0.0,0.0,0.0,14.81,163.24,724.22,1101.74,153.34,4692.77,686.38,38.52,27.0448548812665,151.52,0,0,1,1
2001-02-01,0.0,0.1883207323761953,0.0,0.0,0.0,0.0,14.81,163.24,724.22,1101.74,153.34,4692.77,686.38,38.52,27.0448548812665,151.52,0,0,1,1
2001-02-02,0.0,0.2008748128613414,0.0,0.0,0.0,0.0,14.81,163.24,724.22,1101.74,153.34,4692.77,686.38,38.52,27.0448548812665,151.52,0,0,1,1
2001-02-05,0.0,0.189716159380045,0.0,0.0,0.0,0.0,14.81,163.24,724.22,1101.74,153.34,4692.77,686.38,38.52,27.0448548812665,151.52,0,0,1,1
2001-02-06,0.0,0.1785575058987485,0.0,0.0,0.0,0.0,14.81,163.24,724.22,1101.74,153.34,4692.77,686.38,38.52,27.0448548812665,151.52,1,0,1,1
2001-02-07,0.0,0.167398852417452,0.0,0.0,0.0,0.0,0.0,163.24,724.22,1101.74,153.34,4692.77,686.38,38.52,27.0448548812665,151.52,1,1,1,1
2001-02-08,0.0,0.1736758926600251,0.0,0.0,0.0,0.0,0.0,163.24,724.22,1101.74,153.34,4692.77,686.38,38.52,27.0448548812665,151.52,1,1,1,1
2001-02-09,0.0,0.1750713196638748,0.0,0.0,0.0,0.0,0.0,163.24,724.22,1101.74,153.34,4692.77,686.38,38.52,27.0448548812665,151.52,1,1,1,1
2001-02-12,0.0,0.1729757978833496,0.0,0.0,0.0,0.0,0.0,163.24,724.22,1101.74,153.34,4692.77,686.38,38.52,27.0448548812665,151.52,1,1,1,1
2001-02-13,0.0,0.1757666518910491,0.0,0.0,0.0,0.0,0.0,163.24,724.22,1101.74,153.34,4692.77,686.38,38.52,27.0448548812665,151.52,1,1,1,1
2001-02-14,0.0,-28.594677047289505,0.0,0.0,0.0,0.0,0.0,0.0,0.0,43.74,0.0,0.0,123.57,-24.71,-164.1484942886812,0.0,0,1,1,1
2001-02-15,0.0,-30.493768742791232,0.0,0.0,0.0,0.0,0.0,0.0,0.0,43.74,0.0,0.0,123.57,-24.71,-164.1484942886812,0.0,0,0,1,1
2001-02-16,0.0,-31.052055940023067,0.0,0.0,0.0,0.0,0.0,0.0,0.0,43.74,0.0,0.0,123.57,-24.71,-164.1484942886812,0.0,0,0,1,1
2001-02-19,0.0,-31.163408304498272,0.0,0.0,0.0,0.0,0.0,0.0,0.0,43.74,0.0,0.0,123.57,-24.71,-164.1484942886812,0.0,0,0,1,1
2001-02-20,0.0,-30.493768742791232,0.0,0.0,0.0,0.0,0.0,0.0,0.0,43.74,0.0,0.0,123.57,-24.71,-164.1484942886812,0.0,0,1,1,1
2001-02-21,0.0,-28.929496828143023,0.0,0.0,0.0,0.0,0.0,0.0,0.0,43.74,0.0,0.0,123.57,-24.71,-164.1484942886812,0.0,0,1,1,1
2001-02-22,0.0,-27.031167820069204,0.0,0.0,0.0,0.0,0.0,0.0,0.0,43.74,0.0,0.0,123.57,-24.71,-164.1484942886812,0.0,1,1,1,1
2001-02-23,0.0,-27.14252018454441,0.0,0.0,0.0,0.0,0.0,0.0,0.0,43.74,0.0,0.0,123.57,-24.71,-164.1484942886812,0.0,1,1,1,1
2001-02-26,0.0,-27.253872549019604,0.0,0.0,0.0,0.0,0.0,0.0,0.0,43.74,0.0,0.0,123.57,-24.71,-164.1484942886812,0.0,1,1,1,1
2001-02-27,0.0,-27.70080738177624,0.0,0.0,0.0,0.0,0.0,0.0,0.0,43.74,0.0,0.0,123.57,-24.71,-164.1484942886812,0.0,1,1,1,1
2001-03-01,0.0,-25.913830738177623,0.0,0.0,0.0,0.0,0.0,0.0,0.0,43.74,0.0,0.0,123.57,-24.71,-164.1484942886812,0.0,1,1,1,1
2001-03-02,0.0,-26.248650519031145,0.0,0.0,0.0,0.0,0.0,0.0,0.0,43.74,0.0,0.0,123.57,-24.71,-164.1484942886812,0.0,1,1,1,1
2001-03-05,0.0,-27.47733996539792,0.0,0.0,0.0,0.0,0.0,0.0,0.0,43.74,0.0,0.0,123.57,-24.71,-164.1484942886812,0.0,1,1,1,1
2001-03-06,0.0,-27.36598760092272,0.0,0.0,0.0,0.0,0.0,0.0,0.0,43.74,0.0,0.0,123.57,-24.71,-164.1484942886812,0.0,1,1,1,1
2001-03-07,0.0,-29.26507929642445,0.0,0.0,0.0,0.0,0.0,0.0,0.0,43.74,0.0,0.0,123.57,-24.71,-164.1484942886812,0.0,1,1,1,1
2001-03-08,0.0,-30.828588523644747,0.0,0.0,0.0,0.0,0.0,0.0,0.0,43.74,0.0,0.0,123.57,-24.71,-164.1484942886812,0.0,1,1,1,1
2001-03-09,0.0,-30.15818627450981,0.0,0.0,0.0,0.0,0.0,0.0,0.0,43.74,0.0,0.0,123.57,-24.71,-164.1484942886812,0.0,1,1,1,1
2001-03-12,0.0,-32.16863033448673,0.0,0.0,0.0,0.0,0.0,0.0,0.0,43.74,0.0,0.0,123.57,-24.71,-164.1484942886812,0.0,1,1,1,1
2001-03-13,0.0,-32.16863033448673,0.0,0.0,0.0,0.0,0.0,0.0,0.0,43.74,0.0,0.0,123.57,-24.71,-164.1484942886812,0.0,1,1,1,1
2001-03-14,0.0,-34.40254181084198,0.0,0.0,0.0,0.0,0.0,0.0,0.0,43.74,0.0,0.0,123.57,-24.71,-164.1484942886812,0.0,1,1,1,0
2001-03-15,0.0,-36.748568339100345,0.0,0.0,0.0,0.0,0.0,0.0,0.0,43.74,0.0,0.0,123.57,-24.71,-164.1484942886812,0.0,1,1,1,0
2001-03-16,0.0,-38.75901239907727,0.0,0.0,0.0,0.0,0.0,0.0,0.0,43.74,0.0,0.0,123.57,-24.71,-164.1484942886812,0.0,1,1,0,0
2001-03-19,0.0,-38.20072520184544,0.0,0.0,0.0,0.0,0.0,0.0,0.0,43.74,0.0,0.0,123.57,-24.71,-164.1484942886812,0.0,1,1,0,0
2001-03-20,0.0,-36.97203575547866,0.0,0.0,0.0,0.0,0.0,0.0,0.0,43.74,0.0,0.0,123.57,-24.71,-164.1484942886812,0.0,1,1,0,0
2001-03-21,0.0,-38.75901239907727,0.0,0.0,0.0,0.0,0.0,0.0,0.0,43.74,0.0,0.0,123.57,-24.71,-164.1484942886812,0.0,1,1,0,0
2001-03-22,0.0,-41.32774365628604,0.0,0.0,0.0,0.0,0.0,0.0,0.0,43.74,0.0,0.0,123.57,-24.71,-164.1484942886812,0.0,0,0,0,0
2001-03-23,0.0,-44.12070501730104,0.0,0.0,0.0,0.0,0.0,0.0,0.0,43.74,0.0,0.0,123.57,-24.71,-164.1484942886812,0.0,0,0,0,0
2001-03-26,0.0,-43.4503027681661,0.0,0.0,0.0,0.0,0.0,0.0,0.0,43.74,0.0,0.0,123.57,-24.71,-164.1484942886812,0.0,0,0,0,0
2001-03-27,0.0,-42.22161332179931,0.0,0.0,0.0,0.0,0.0,0.0,0.0,43.74,0.0,0.0,123.57,-24.71,-164.1484942886812,0.0,0,0,0,0
2001-03-28,0.0,-42.22161332179931,0.0,0.0,0.0,0.0,0.0,0.0,0.0,43.74,0.0,0.0,123.57,-24.71,-164.1484942886812,0.0,0,0,0,0
2001-03-29,0.0,-44.67899221453287,0.0,0.0,0.0,0.0,0.0,0.0,0.0,43.74,0.0,0.0,123.57,-24.71,-164.1484942886812,0.0,0,0,0,0
2001-03-30,0.0,-42.55643310265283,0.0,0.0,0.0,0.0,0.0,0.0,0.0,43.74,0.0,0.0,123.57,-24.71,-164.1484942886812,0.0,0,0,0,0
2001-04-02,0.0,-39.65288206459054,0.0,0.0,0.0,0.0,0.0,0.0,0.0,43.74,0.0,0.0,123.57,-24.71,-164.1484942886812,0.0,0,0,0,0
2001-04-03,0.0,-36.97203575547866,0.0,0.0,0.0,0.0,0.0,0.0,0.0,43.74,0.0,0.0,123.57,-24.71,-164.1484942886812,0.0,1,0,0,0
2001-04-04,0.0,-36.748568339100345,0.0,0.0,0.0,0.0,0.0,0.0,0.0,43.74,0.0,0.0,123.57,-24.71,-164.1484942886812,0.0,1,0,0,0
2001-04-06,0.0,-37.53032295271049,0.0,0.0,0.0,0.0,0.0,0.0,0.0,43.74,0.0,0.0,123.57,-24.71,-164.1484942886812,0.0,1,0,0,0
2001-04-09,0.0,-37.53032295271049,0.0,0.0,0.0,0.0,0.0,0.0,0.0,43.74,0.0,0.0,123.57,-24.71,-164.1484942886812,0.0,1,0,0,0
2001-04-10,0.0,-36.41374855824683,0.0,0.0,0.0,0.0,0.0,0.0,0.0,43.74,0.0,0.0,123.57,-24.71,-164.1484942886812,0.0,1,0,0,0
2001-04-11,0.0,-36.30163350634371,0.0,0.0,0.0,0.0,0.0,0.0,0.0,43.74,0.0,0.0,123.57,-24.71,-164.1484942886812,0.0,1,0,0,0
2001-04-12,0.0,-38.20072520184544,0.0,0.0,0.0,0.0,0.0,0.0,0.0,43.74,0.0,0.0,123.57,-24.71,-164.1484942886812,0.0,0,0,0,0
2001-04-13,0.0,-37.19550317185698,0.0,0.0,0.0,0.0,0.0,0.0,0.0,43.74,0.0,0.0,123.57,-24.71,-164.1484942886812,0.0,1,0,0,0
2001-04-16,0.0,-37.75379036908881,0.0,0.0,0.0,0.0,0.0,0.0,0.0,43.74,0.0,0.0,123.57,-24.71,-164.1484942886812,0.0,0,0,0,0
2001-04-17,0.0,-38.20072520184544,0.0,0.0,0.0,0.0,0.0,0.0,0.0,43.74,0.0,0.0,123.57,-24.71,-164.1484942886812,0.0,0,0,0,0
2001-04-18,0.0,-39.0938321799308,0.0,0.0,0.0,0.0,0.0,0.0,0.0,43.74,0.0,0.0,123.57,-24.71,-164.1484942886812,0.0,0,0,0,0
2001-04-19,0.0,-38.53554498269896,0.0,0.0,0.0,0.0,0.0,0.0,0.0,43.74,0.0,0.0,123.57,-24.71,-164.1484942886812,0.0,0,0,0,0
2001-04-20,0.0,-39.31729959630911,0.0,0.0,0.0,0.0,0.0,0.0,0.0,43.74,0.0,0.0,123.57,-24.71,-164.1484942886812,0.0,0,0,0,0
2001-04-23,0.0,-38.64766003460208,0.0,0.0,0.0,0.0,0.0,0.0,0.0,43.74,0.0,0.0,123.57,-24.71,-164.1484942886812,0.0,0,0,0,0
2001-04-24,0.0,-37.97725778546713,0.0,0.0,0.0,0.0,0.0,0.0,0.0,43.74,0.0,0.0,123.57,-24.71,-164.1484942886812,0.0,0,0,0,0
2001-04-25,0.0,-36.85992070357555,0.0,0.0,0.0,0.0,0.0,0.0,0.0,43.74,0.0,0.0,123.57,-24.71,-164.1484942886812,0.0,0,0,0,0
2001-04-26,0.0,-36.85992070357555,0.0,0.0,0.0,0.0,0.0,0.0,0.0,43.74,0.0,0.0,123.57,-24.71,-164.1484942886812,0.0,0,0,0,0
2001-04-27,0.0,-35.296411476355246,0.0,0.0,0.0,0.0,0.0,0.0,0.0,43.74,0.0,0.0,123.57,-24.71,-164.1484942886812,0.0,0,0,0,0
2001-04-30,0.0,-33.73290224913495,0.0,0.0,0.0,0.0,0.0,0.0,0.0,43.74,0.0,0.0,123.57,-24.71,-164.1484942886812,0.0,0,0,0,0
2001-05-02,0.0,-31.38687572087658,0.0,0.0,0.0,0.0,0.0,0.0,0.0,43.74,0.0,0.0,123.57,-24.71,-164.1484942886812,0.0,1,0,0,0
2001-05-03,0.0,-33.50943483275663,0.0,0.0,0.0,0.0,0.0,0.0,0.0,43.74,0.0,0.0,123.57,-24.71,-164.1484942886812,0.0,0,0,0,0
2001-05-04,0.0,-33.28596741637832,0.0,0.0,0.0,0.0,0.0,0.0,0.0,43.74,0.0,0.0,123.57,-24.71,-164.1484942886812,0.0,0,0,0,0
2001-05-07,0.0,-32.83903258362168,0.0,0.0,0.0,0.0,0.0,0.0,0.0,43.74,0.0,0.0,123.57,-24.71,-164.1484942886812,0.0,0,0,0,0
2001-05-08,0.0,-33.0625,0.0,0.0,0.0,0.0,0.0,0.0,0.0,43.74,0.0,0.0,123.57,-24.71,-164.1484942886812,0.0,0,0,0,0
2001-05-09,0.0,-33.0625,0.0,0.0,0.0,0.0,0.0,0.0,0.0,43.74,0.0,0.0,123.57,-24.71,-164.1484942886812,0.0,0,0,0,0
2001-05-10,0.0,-31.72245818915801,0.0,0.0,0.0,0.0,0.0,0.0,0.0,43.74,0.0,0.0,123.57,-24.71,-164.1484942886812,0.0,0,0,0,0
2001-05-11,0.0,-31.163408304498272,0.0,0.0,0.0,0.0,0.0,0.0,0.0,43.74,0.0,0.0,123.57,-24.71,-164.1484942886812,0.0,0,0,0,0
2001-05-14,0.0,-31.38687572087658,0.0,0.0,0.0,0.0,0.0,0.0,0.0,43.74,0.0,0.0,123.57,-24.71,-164.1484942886812,0.0,0,0,0,0
2001-05-15,0.0,-43.82124455013869,0.0,0.0,0.0,0.0,0.0,0.0,0.0,0.0,0.0,0.0,0.0,-57.0,-130.67583974099554,0.0,0,0,0,0
2001-05-16,0.0,-41.58256952701807,0.0,0.0,0.0,0.0,0.0,0.0,0.0,0.0,0.0,0.0,0.0,-57.0,-130.67583974099554,0.0,0,0,0,0
2001-05-17,0.0,-42.22141093605493,0.0,0.0,0.0,0.0,0.0,0.0,0.0,0.0,0.0,0.0,0.0,-57.0,-130.67583974099554,0.0,0,0,0,0
2001-05-18,0.0,-41.74200687012813,0.0,0.0,0.0,0.0,0.0,0.0,0.0,0.0,0.0,0.0,0.0,-57.0,-130.67583974099554,0.0,0,0,0,0
2001-05-21,0.0,-38.863398401374,0.0,0.0,0.0,0.0,0.0,0.0,0.0,0.0,0.0,0.0,0.0,-57.0,-130.67583974099554,0.0,0,0,0,0
2001-05-22,0.0,-36.46419399854668,0.0,0.0,0.0,0.0,0.0,0.0,0.0,0.0,0.0,0.0,0.0,-57.0,-130.67583974099554,0.0,1,1,0,0
2001-05-23,0.0,-38.863398401374,0.0,0.0,0.0,0.0,0.0,0.0,0.0,0.0,0.0,0.0,0.0,-57.0,-130.67583974099554,0.0,0,0,0,0
2001-05-24,0.0,-41.58256952701807,0.0,0.0,0.0,0.0,0.0,0.0,0.0,0.0,0.0,0.0,0.0,-57.0,-130.67583974099554,0.0,0,0,0,0
2001-05-25,0.0,-39.50333184700751,0.0,0.0,0.0,0.0,0.0,0.0,0.0,0.0,0.0,0.0,0.0,-57.0,-130.67583974099554,0.0,0,0,0,0
2001-05-28,0.0,-37.104127444180186,0.0,0.0,0.0,0.0,0.0,0.0,0.0,0.0,0.0,0.0,0.0,-57.0,-130.67583974099554,0.0,1,0,0,0
2001-05-29,0.0,-36.78416072136343,0.0,0.0,0.0,0.0,0.0,0.0,0.0,0.0,0.0,0.0,0.0,-57.0,-130.67583974099554,0.0,1,0,0,0
2001-05-30,0.0,-37.26356478729024,0.0,0.0,0.0,0.0,0.0,0.0,0.0,0.0,0.0,0.0,0.0,-57.0,-130.67583974099554,0.0,1,0,0,0
2001-05-31,0.0,-37.26356478729024,0.0,0.0,0.0,0.0,0.0,0.0,0.0,0.0,0.0,0.0,0.0,-57.0,-130.67583974099554,0.0,1,0,0,0
2001-06-01,0.0,-35.66482320980312,0.0,0.0,0.0,0.0,0.0,0.0,0.0,0.0,0.0,0.0,0.0,-57.0,-130.67583974099554,0.0,1,1,0,0
2001-06-04,0.0,-34.22551897542606,0.0,0.0,0.0,0.0,0.0,0.0,0.0,0.0,0.0,0.0,0.0,-57.0,-130.67583974099554,0.0,1,1,0,0
2001-06-05,0.0,-36.46419399854668,0.0,0.0,0.0,0.0,0.0,0.0,0.0,0.0,0.0,0.0,0.0,-57.0,-130.67583974099554,0.0,1,0,0,0
2001-06-06,0.0,-38.863398401374,0.0,0.0,0.0,0.0,0.0,0.0,0.0,0.0,0.0,0.0,0.0,-57.0,-130.67583974099554,0.0,0,0,0,0
2001-06-07,0.0,-38.223464955740496,0.0,0.0,0.0,0.0,0.0,0.0,0.0,0.0,0.0,0.0,0.0,-57.0,-130.67583974099554,0.0,0,0,0,0
2001-06-08,0.0,-40.30270263575106,0.0,0.0,0.0,0.0,0.0,0.0,0.0,0.0,0.0,0.0,0.0,-57.0,-130.67583974099554,0.0,0,0,0,0
2001-06-11,0.0,-39.98273591293431,0.0,0.0,0.0,0.0,0.0,0.0,0.0,0.0,0.0,0.0,0.0,-57.0,-130.67583974099554,0.0,0,0,0,0
2001-06-12,0.0,-40.78210670167787,0.0,0.0,0.0,0.0,0.0,0.0,0.0,0.0,0.0,0.0,0.0,-57.0,-130.67583974099554,0.0,0,0,0,0
2001-06-13,0.0,-39.34280246730081,0.0,0.0,0.0,0.0,0.0,0.0,0.0,0.0,0.0,0.0,0.0,-57.0,-130.67583974099554,0.0,0,0,0,0
2001-06-14,0.0,-36.78416072136343,0.0,0.0,0.0,0.0,0.0,0.0,0.0,0.0,0.0,0.0,0.0,-57.0,-130.67583974099554,0.0,0,0,0,0
2001-06-15,0.0,-37.104127444180186,0.0,0.0,0.0,0.0,0.0,0.0,0.0,0.0,0.0,0.0,0.0,-57.0,-130.67583974099554,0.0,0,0,0,0
2001-06-18,0.0,-35.66482320980312,0.0,0.0,0.0,0.0,0.0,0.0,0.0,0.0,0.0,0.0,0.0,-57.0,-130.67583974099554,0.0,0,0,0,0
2001-06-19,0.0,-35.18541914387632,0.0,0.0,0.0,0.0,0.0,0.0,0.0,0.0,0.0,0.0,0.0,-57.0,-130.67583974099554,0.0,0,0,0,0
2001-06-20,0.0,-35.02488976416962,0.0,0.0,0.0,0.0,0.0,0.0,0.0,0.0,0.0,0.0,0.0,-57.0,-130.67583974099554,0.0,0,0,0,0
2001-06-21,0.0,-34.70492304135287,0.0,0.0,0.0,0.0,0.0,0.0,0.0,0.0,0.0,0.0,0.0,-57.0,-130.67583974099554,0.0,0,0,0,0
2001-06-22,0.0,-34.54548569824281,0.0,0.0,0.0,0.0,0.0,0.0,0.0,0.0,0.0,0.0,0.0,-57.0,-130.67583974099554,0.0,0,0,0,0
2001-06-26,0.0,-32.14628129541549,0.0,0.0,0.0,0.0,0.0,0.0,0.0,0.0,0.0,0.0,0.0,-57.0,-130.67583974099554,0.0,0,0,0,0
2001-06-27,0.0,-32.30571863852554,0.0,0.0,0.0,0.0,0.0,0.0,0.0,0.0,0.0,0.0,0.0,-57.0,-130.67583974099554,0.0,0,0,0,0
2001-06-28,0.0,-32.46624801823224,0.0,0.0,0.0,0.0,0.0,0.0,0.0,0.0,0.0,0.0,0.0,-57.0,-130.67583974099554,0.0,0,0,0,0
2001-06-29,0.0,-33.265618806975795,0.0,0.0,0.0,0.0,0.0,0.0,0.0,0.0,0.0,0.0,0.0,-57.0,-130.67583974099554,0.0,0,0,0,0
2001-07-02,0.0,-32.46624801823224,0.0,0.0,0.0,0.0,0.0,0.0,0.0,0.0,0.0,0.0,0.0,-57.0,-130.67583974099554,0.0,0,0,0,0
2001-07-03,0.0,-31.98684395230544,0.0,0.0,0.0,0.0,0.0,0.0,0.0,0.0,0.0,0.0,0.0,-57.0,-130.67583974099554,0.0,0,0,0,0
2001-07-04,0.0,-31.506347849781985,0.0,0.0,0.0,0.0,0.0,0.0,0.0,0.0,0.0,0.0,0.0,-57.0,-130.67583974099554,0.0,0,0,0,0
2001-07-05,0.0,-30.86641440414848,0.0,0.0,0.0,0.0,0.0,0.0,0.0,0.0,0.0,0.0,0.0,-57.0,-130.67583974099554,0.0,0,0,0,0
2001-07-06,0.0,-30.06704361540492,0.0,0.0,0.0,0.0,0.0,0.0,0.0,0.0,0.0,0.0,0.0,-57.0,-130.67583974099554,0.0,0,0,0,0
2001-07-09,0.0,-28.78717672413791,0.0,0.0,0.0,0.0,0.0,0.0,0.0,0.0,0.0,0.0,0.0,-57.0,-130.67583974099554,0.0,0,0,0,0
2001-07-10,0.0,-29.107143446954662,0.0,0.0,0.0,0.0,0.0,0.0,0.0,0.0,0.0,0.0,0.0,-57.0,-130.67583974099554,0.0,0,0,0,0
2001-07-11,0.0,-27.34787248976085,0.0,0.0,0.0,0.0,0.0,0.0,0.0,0.0,0.0,0.0,0.0,-57.0,-130.67583974099554,0.0,0,0,0,0
2001-07-12,0.0,-29.107143446954662,0.0,0.0,0.0,0.0,0.0,0.0,0.0,0.0,0.0,0.0,0.0,-57.0,-130.67583974099554,0.0,0,0,0,0
2001-07-13,0.0,-27.1884351466508,0.0,0.0,0.0,0.0,0.0,0.0,0.0,0.0,0.0,0.0,0.0,-57.0,-130.67583974099554,0.0,0,0,0,0
2001-07-16,0.0,-25.908568255383784,0.0,0.0,0.0,0.0,0.0,0.0,0.0,0.0,0.0,0.0,0.0,-57.0,-130.67583974099554,0.0,0,0,0,0
2001-07-17,0.0,-25.908568255383784,0.0,0.0,0.0,0.0,0.0,0.0,0.0,0.0,0.0,0.0,0.0,-57.0,-130.67583974099554,0.0,0,0,0,0
2001-07-18,0.0,-25.10919746664023,0.0,0.0,0.0,0.0,0.0,0.0,0.0,0.0,0.0,0.0,0.0,-57.0,-130.67583974099554,0.0,0,0,0,0
2001-07-19,0.0,-24.78923074382348,0.0,0.0,0.0,0.0,0.0,0.0,0.0,0.0,0.0,0.0,0.0,-57.0,-130.67583974099554,0.0,0,0,0,0
2001-07-20,0.0,-24.78923074382348,0.0,0.0,0.0,0.0,0.0,0.0,0.0,0.0,0.0,0.0,0.0,-57.0,-130.67583974099554,0.0,0,0,0,0
2001-07-23,0.0,-23.19048916633636,0.0,0.0,0.0,0.0,0.0,0.0,0.0,0.0,0.0,0.0,0.0,-57.0,-130.67583974099554,0.0,0,0,0,0
2001-07-24,0.0,-21.5906555522526,0.0,0.0,0.0,0.0,0.0,0.0,0.0,0.0,0.0,0.0,0.0,-57.0,-130.67583974099554,0.0,1,1,1,0
2001-07-25,0.0,-21.99034094662437,0.0,0.0,0.0,0.0,0.0,0.0,0.0,0.0,0.0,0.0,0.0,-57.0,-130.67583974099554,0.0,1,1,1,0
2001-07-26,0.0,-22.310307669441126,0.0,0.0,0.0,0.0,0.0,0.0,0.0,0.0,0.0,0.0,0.0,-57.0,-130.67583974099554,0.0,1,1,0,0
2001-07-27,0.0,-22.15087032633107,0.0,0.0,0.0,0.0,0.0,0.0,0.0,0.0,0.0,0.0,0.0,-57.0,-130.67583974099554,0.0,1,1,0,0
2001-07-31,0.0,-21.35040750099087,0.0,0.0,0.0,0.0,0.0,0.0,0.0,0.0,0.0,0.0,0.0,-57.0,-130.67583974099554,0.0,1,1,1,0
2001-08-01,0.0,-21.35040750099087,0.0,0.0,0.0,0.0,0.0,0.0,0.0,0.0,0.0,0.0,0.0,-57.0,-130.67583974099554,0.0,1,1,0,0
2001-08-02,0.0,-22.78971173536793,0.0,0.0,0.0,0.0,0.0,0.0,0.0,0.0,0.0,0.0,0.0,-57.0,-130.67583974099554,0.0,1,1,0,0
2001-08-03,0.0,-23.109678458184685,0.0,0.0,0.0,0.0,0.0,0.0,0.0,0.0,0.0,0.0,0.0,-57.0,-130.67583974099554,0.0,1,1,0,0
2001-08-06,0.0,-22.39002634099615,0.0,0.0,0.0,0.0,0.0,0.0,0.0,0.0,0.0,0.0,0.0,-57.0,-130.67583974099554,0.0,1,1,0,0
2001-08-07,0.0,-22.78971173536793,0.0,0.0,0.0,0.0,0.0,0.0,0.0,0.0,0.0,0.0,0.0,-57.0,-130.67583974099554,0.0,1,1,0,0
2001-08-08,0.0,-22.870522443519604,0.0,0.0,0.0,0.0,0.0,0.0,0.0,0.0,0.0,0.0,0.0,-57.0,-130.67583974099554,0.0,1,1,0,0
2001-08-09,0.0,-23.19048916633636,0.0,0.0,0.0,0.0,0.0,0.0,0.0,0.0,0.0,0.0,0.0,-57.0,-130.67583974099554,0.0,1,1,0,0
2001-08-10,0.0,-24.30982667789667,0.0,0.0,0.0,0.0,0.0,0.0,0.0,0.0,0.0,0.0,0.0,-57.0,-130.67583974099554,0.0,1,1,0,0
2001-08-13,0.0,-23.510455889153107,0.0,0.0,0.0,0.0,0.0,0.0,0.0,0.0,0.0,0.0,0.0,-57.0,-130.67583974099554,0.0,1,1,0,0
2001-08-14,0.0,-0.64430513391625,0.0,0.0,0.0,0.0,0.0,0.0,0.0,0.0,0.0,0.0,0.0,-38.37,32.684210526315795,0.0,1,0,0,0
2001-08-15,0.0,-0.6400513331768194,0.0,0.0,0.0,0.0,0.0,0.0,0.0,0.0,0.0,0.0,0.0,-38.37,32.684210526315795,0.0,1,0,0,0
2001-08-16,0.0,-0.6827058830571391,0.0,0.0,0.0,0.0,0.0,0.0,0.0,0.0,0.0,0.0,0.0,-38.37,32.684210526315795,0.0,0,0,0,0
2001-08-17,0.0,-0.6869888194180728,0.0,0.0,0.0,0.0,0.0,0.0,0.0,0.0,0.0,0.0,0.0,-38.37,32.684210526315795,0.0,0,0,0,0
2001-08-20,0.0,-0.6699153452173437,0.0,0.0,0.0,0.0,0.0,0.0,0.0,0.0,0.0,0.0,0.0,-38.37,32.684210526315795,0.0,0,0,0,0
2001-08-21,0.0,-0.665661544477913,0.0,0.0,0.0,0.0,0.0,0.0,0.0,0.0,0.0,0.0,0.0,-38.37,32.684210526315795,0.0,0,0,0,0
2001-08-22,0.0,-0.6485880702771839,0.0,0.0,0.0,0.0,0.0,0.0,0.0,0.0,0.0,0.0,0.0,-38.37,32.684210526315795,0.0,1,0,0,0
2001-08-23,0.0,-0.6613786081169791,0.0,0.0,0.0,0.0,0.0,0.0,0.0,0.0,0.0,0.0,0.0,-38.37,32.684210526315795,0.0,0,0,0,0
2001-08-24,0.0,-0.6400513331768194,0.0,0.0,0.0,0.0,0.0,0.0,0.0,0.0,0.0,0.0,0.0,-38.37,32.684210526315795,0.0,1,0,0,0
2001-08-27,0.0,-0.64430513391625,0.0,0.0,0.0,0.0,0.0,0.0,0.0,0.0,0.0,0.0,0.0,-38.37,32.684210526315795,0.0,0,0,0,0
2001-08-28,0.0,-0.6571248073775484,0.0,0.0,0.0,0.0,0.0,0.0,0.0,0.0,0.0,0.0,0.0,-38.37,32.684210526315795,0.0,0,0,0,0
2001-08-29,0.0,-0.6528418710166146,0.0,0.0,0.0,0.0,0.0,0.0,0.0,0.0,0.0,0.0,0.0,-38.37,32.684210526315795,0.0,0,0,0,0
2001-08-30,0.0,-0.6912426201575036,0.0,0.0,0.0,0.0,0.0,0.0,0.0,0.0,0.0,0.0,0.0,-38.37,32.684210526315795,0.0,0,0,0,0
2001-08-31,0.0,-0.7040622936188019,0.0,0.0,0.0,0.0,0.0,0.0,0.0,0.0,0.0,0.0,0.0,-38.37,32.684210526315795,0.0,0,0,0,0
2001-09-03,0.0,-0.6784520823177083,0.0,0.0,0.0,0.0,0.0,0.0,0.0,0.0,0.0,0.0,0.0,-38.37,32.684210526315795,0.0,0,0,0,0
2001-09-04,0.0,-0.6912426201575036,0.0,0.0,0.0,0.0,0.0,0.0,0.0,0.0,0.0,0.0,0.0,-38.37,32.684210526315795,0.0,0,0,0,0
2001-09-05,0.0,-0.64430513391625,0.0,0.0,0.0,0.0,0.0,0.0,0.0,0.0,0.0,0.0,0.0,-38.37,32.684210526315795,0.0,0,0,0,0
2001-09-06,0.0,-0.599523683666215,0.0,0.0,0.0,0.0,0.0,0.0,0.0,0.0,0.0,0.0,0.0,-38.37,32.684210526315795,0.0,0,0,0,0
2001-09-07,0.0,-0.5589668985341077,0.0,0.0,0.0,0.0,0.0,0.0,0.0,0.0,0.0,0.0,0.0,-38.37,32.684210526315795,0.0,0,0,0,0
2001-09-10,0.0,-0.5355127232242325,0.0,0.0,0.0,0.0,0.0,0.0,0.0,0.0,0.0,0.0,0.0,-38.37,32.684210526315795,0.0,0,0,0,0
2001-09-11,0.0,-0.499238874453059,0.0,0.0,0.0,0.0,0.0,0.0,0.0,0.0,0.0,0.0,0.0,-38.37,32.684210526315795,0.0,0,0,0,1
2001-09-13,0.0,-0.4650919260516008,0.0,0.0,0.0,0.0,0.0,0.0,0.0,0.0,0.0,0.0,0.0,-38.37,32.684210526315795,0.0,0,0,0,1
2001-09-14,0.0,-0.433101013641361,0.0,0.0,0.0,0.0,0.0,0.0,0.0,0.0,0.0,0.0,0.0,-38.37,32.684210526315795,0.0,0,0,0,1
2001-09-19,0.0,-0.4181544398103474,0.0,0.0,0.0,0.0,0.0,0.0,0.0,0.0,0.0,0.0,0.0,-38.37,32.684210526315795,0.0,0,0,0,1
2001-09-20,0.0,-0.405363901970552,0.0,0.0,0.0,0.0,0.0,0.0,0.0,0.0,0.0,0.0,0.0,-38.37,32.684210526315795,0.0,0,0,1,1
2001-09-21,0.0,-0.3925733641307568,0.0,0.0,0.0,0.0,0.0,0.0,0.0,0.0,0.0,0.0,0.0,-38.37,32.684210526315795,0.0,0,0,1,1
2001-09-24,0.0,-0.3925733641307568,0.0,0.0,0.0,0.0,0.0,0.0,0.0,0.0,0.0,0.0,0.0,-38.37,32.684210526315795,0.0,0,0,1,1
2001-09-25,0.0,-0.3669631528296631,0.0,0.0,0.0,0.0,0.0,0.0,0.0,0.0,0.0,0.0,0.0,-38.37,32.684210526315795,0.0,0,1,1,1
2001-09-26,0.0,-0.3904173281395383,0.0,0.0,0.0,0.0,0.0,0.0,0.0,0.0,0.0,0.0,0.0,-38.37,32.684210526315795,0.0,0,0,1,1
2001-09-27,0.0,-0.3690900531993785,0.0,0.0,0.0,0.0,0.0,0.0,0.0,0.0,0.0,0.0,0.0,-38.37,32.684210526315795,0.0,0,1,1,1
2001-09-28,0.0,-0.3947002645004721,0.0,0.0,0.0,0.0,0.0,0.0,0.0,0.0,0.0,0.0,0.0,-38.37,32.684210526315795,0.0,0,0,1,1
2001-10-02,0.0,-0.3690900531993785,0.0,0.0,0.0,0.0,0.0,0.0,0.0,0.0,0.0,0.0,0.0,-38.37,32.684210526315795,0.0,0,1,1,1
2001-10-03,0.0,-0.3477627782592186,0.0,0.0,0.0,0.0,0.0,0.0,0.0,0.0,0.0,0.0,0.0,-38.37,32.684210526315795,0.0,1,1,1,1
2001-10-04,0.0,-0.3456358778895032,0.0,0.0,0.0,0.0,0.0,0.0,0.0,0.0,0.0,0.0,0.0,-38.37,32.684210526315795,0.0,1,1,1,1
2001-10-05,0.0,-0.360553316099014,0.0,0.0,0.0,0.0,0.0,0.0,0.0,0.0,0.0,0.0,0.0,-38.37,32.684210526315795,0.0,0,1,1,1
2001-10-08,0.0,-0.3370991407891387,0.0,0.0,0.0,0.0,0.0,0.0,0.0,0.0,0.0,0.0,0.0,-38.37,32.684210526315795,0.0,1,1,1,1
2001-10-09,0.0,-0.3477627782592186,0.0,0.0,0.0,0.0,0.0,0.0,0.0,0.0,0.0,0.0,0.0,-38.37,32.684210526315795,0.0,1,1,1,1
2001-10-11,0.0,-0.3712169535690939,0.0,0.0,0.0,0.0,0.0,0.0,0.0,0.0,0.0,0.0,0.0,-38.37,32.684210526315795,0.0,1,1,1,1
2001-10-12,0.0,-0.3733729895603123,0.0,0.0,0.0,0.0,0.0,0.0,0.0,0.0,0.0,0.0,0.0,-38.37,32.684210526315795,0.0,1,1,1,1
2001-10-15,0.0,-0.3498896786289341,0.0,0.0,0.0,0.0,0.0,0.0,0.0,0.0,0.0,0.0,0.0,-38.37,32.684210526315795,0.0,1,1,1,1
2001-10-16,0.0,-0.3626802164687294,0.0,0.0,0.0,0.0,0.0,0.0,0.0,0.0,0.0,0.0,0.0,-38.37,32.684210526315795,0.0,1,1,1,1
2001-10-17,0.0,-0.360553316099014,0.0,0.0,0.0,0.0,0.0,0.0,0.0,0.0,0.0,0.0,0.0,-38.37,32.684210526315795,0.0,1,1,1,1
2001-10-18,0.0,-0.3541726149898678,0.0,0.0,0.0,0.0,0.0,0.0,0.0,0.0,0.0,0.0,0.0,-38.37,32.684210526315795,0.0,1,1,1,1
2001-10-19,0.0,-0.3669631528296631,0.0,0.0,0.0,0.0,0.0,0.0,0.0,0.0,0.0,0.0,0.0,-38.37,32.684210526315795,0.0,1,1,1,1
2001-10-22,0.0,-0.3925733641307568,0.0,0.0,0.0,0.0,0.0,0.0,0.0,0.0,0.0,0.0,0.0,-38.37,32.684210526315795,0.0,1,1,1,1
2001-10-23,0.0,-0.3861635274001075,0.0,0.0,0.0,0.0,0.0,0.0,0.0,0.0,0.0,0.0,0.0,-38.37,32.684210526315795,0.0,1,1,1,1
2001-10-24,0.0,-0.3904173281395383,0.0,0.0,0.0,0.0,0.0,0.0,0.0,0.0,0.0,0.0,0.0,-38.37,32.684210526315795,0.0,1,1,1,1
2001-10-25,0.0,-0.4160275394406319,0.0,0.0,0.0,0.0,0.0,0.0,0.0,0.0,0.0,0.0,0.0,-38.37,32.684210526315795,0.0,0,1,1,1
2001-10-26,0.0,-0.4373548143807919,0.0,0.0,0.0,0.0,0.0,0.0,0.0,0.0,0.0,0.0,0.0,-38.37,32.684210526315795,0.0,0,1,1,1
2001-10-29,0.0,-0.4245642765409965,0.0,0.0,0.0,0.0,0.0,0.0,0.0,0.0,0.0,0.0,0.0,-38.37,32.684210526315795,0.0,0,1,1,1
2001-10-30,0.0,-0.3968271648701875,0.0,0.0,0.0,0.0,0.0,0.0,0.0,0.0,0.0,0.0,0.0,-38.37,32.684210526315795,0.0,1,1,1,1
2001-10-31,0.0,-0.3712169535690939,0.0,0.0,0.0,0.0,0.0,0.0,0.0,0.0,0.0,0.0,0.0,-38.37,32.684210526315795,0.0,1,1,1,1
2001-11-01,0.0,-0.3819097266606768,0.0,0.0,0.0,0.0,0.0,0.0,0.0,0.0,0.0,0.0,0.0,-38.37,32.684210526315795,0.0,1,1,1,1
2001-11-02,0.0,-0.3989540652399029,0.0,0.0,0.0,0.0,0.0,0.0,0.0,0.0,0.0,0.0,0.0,-38.37,32.684210526315795,0.0,1,1,1,1
2001-11-05,0.0,-0.405363901970552,0.0,0.0,0.0,0.0,0.0,0.0,0.0,0.0,0.0,0.0,0.0,-38.37,32.684210526315795,0.0,1,1,1,1
2001-11-06,0.0,-0.3947002645004721,0.0,0.0,0.0,0.0,0.0,0.0,0.0,0.0,0.0,0.0,0.0,-38.37,32.684210526315795,0.0,1,1,1,1
2001-11-07,0.0,-0.4203104758015657,0.0,0.0,0.0,0.0,0.0,0.0,0.0,0.0,0.0,0.0,0.0,-38.37,32.684210526315795,0.0,1,1,1,1
2001-11-08,0.0,-0.433101013641361,0.0,0.0,0.0,0.0,0.0,0.0,0.0,0.0,0.0,0.0,0.0,-38.37,32.684210526315795,0.0,1,1,1,1
2001-11-09,0.0,-0.4629650256818854,0.0,0.0,0.0,0.0,0.0,0.0,0.0,0.0,0.0,0.0,0.0,-38.37,32.684210526315795,0.0,1,1,1,1
2001-11-12,0.0,-0.4949559380921252,0.0,0.0,0.0,0.0,0.0,0.0,0.0,0.0,0.0,0.0,0.0,-38.37,32.684210526315795,0.0,1,1,1,1
2001-11-13,0.0,-0.5291028864935834,0.0,0.0,0.0,0.0,0.0,0.0,0.0,0.0,0.0,0.0,0.0,-38.37,32.684210526315795,0.0,1,1,1,1
2001-11-14,0.0,-0.0703098972602739,0.0,0.0,0.0,0.0,0.0,0.0,0.0,0.0,0.0,0.0,0.0,-125.36,-226.71357831639307,0.0,1,1,1,1
2001-11-15,0.0,-0.0742882671232876,0.0,0.0,0.0,0.0,0.0,0.0,0.0,0.0,0.0,0.0,0.0,-125.36,-226.71357831639307,0.0,1,1,1,1
2001-11-16,0.0,-0.0780057602739725,0.0,0.0,0.0,0.0,0.0,0.0,0.0,0.0,0.0,0.0,0.0,-125.36,-226.71357831639307,0.0,1,1,1,1
2001-11-19,0.0,-0.0833102534246575,0.0,0.0,0.0,0.0,0.0,0.0,0.0,0.0,0.0,0.0,0.0,-125.36,-226.71357831639307,0.0,1,1,1,1
2001-11-20,0.0,-0.080658006849315,0.0,0.0,0.0,0.0,0.0,0.0,0.0,0.0,0.0,0.0,0.0,-125.36,-226.71357831639307,0.0,1,1,1,1
2001-11-21,0.0,-0.0859624999999999,0.0,0.0,0.0,0.0,0.0,0.0,0.0,0.0,0.0,0.0,0.0,-125.36,-226.71357831639307,0.0,1,1,1,1
2001-11-22,0.0,-0.0896763698630136,0.0,0.0,0.0,0.0,0.0,0.0,0.0,0.0,0.0,0.0,0.0,-125.36,-226.71357831639307,0.0,1,1,1,1
2001-11-23,0.0,-0.0955134863013698,0.0,0.0,0.0,0.0,0.0,0.0,0.0,0.0,0.0,0.0,0.0,-125.36,-226.71357831639307,0.0,1,1,1,1
2001-11-26,0.0,-0.1018832260273972,0.0,0.0,0.0,0.0,0.0,0.0,0.0,0.0,0.0,0.0,0.0,-125.36,-226.71357831639307,0.0,1,1,1,1
2001-11-27,0.0,-0.1087819657534246,0.0,0.0,0.0,0.0,0.0,0.0,0.0,0.0,0.0,0.0,0.0,-125.36,-226.71357831639307,0.0,1,1,1,1
2001-11-28,0.0,-0.101350602739726,0.0,0.0,0.0,0.0,0.0,0.0,0.0,0.0,0.0,0.0,0.0,-125.36,-226.71357831639307,0.0,1,1,1,1
2001-11-29,0.0,-0.0944554863013698,0.0,0.0,0.0,0.0,0.0,0.0,0.0,0.0,0.0,0.0,0.0,-125.36,-226.71357831639307,0.0,1,1,1,1
2001-11-30,0.0,-0.0917996164383561,0.0,0.0,0.0,0.0,0.0,0.0,0.0,0.0,0.0,0.0,0.0,-125.36,-226.71357831639307,0.0,1,1,1,1
2001-12-03,0.0,-0.0981693561643835,0.0,0.0,0.0,0.0,0.0,0.0,0.0,0.0,0.0,0.0,0.0,-125.36,-226.71357831639307,0.0,1,1,1,1
2001-12-04,0.0,-0.1045354726027396,0.0,0.0,0.0,0.0,0.0,0.0,0.0,0.0,0.0,0.0,0.0,-125.36,-226.71357831639307,0.0,1,1,1,1
2001-12-05,0.0,-0.1114342123287671,0.0,0.0,0.0,0.0,0.0,0.0,0.0,0.0,0.0,0.0,0.0,-125.36,-226.71357831639307,0.0,1,1,1,1
2001-12-06,0.0,-0.1188619520547945,0.0,0.0,0.0,0.0,0.0,0.0,0.0,0.0,0.0,0.0,0.0,-125.36,-226.71357831639307,0.0,1,1,1,1
2001-12-07,0.0,-0.1268223150684931,0.0,0.0,0.0,0.0,0.0,0.0,0.0,0.0,0.0,0.0,0.0,-125.36,-226.71357831639307,0.0,1,1,1,1
2001-12-10,0.0,-0.1353116780821917,0.0,0.0,0.0,0.0,0.0,0.0,0.0,0.0,0.0,0.0,0.0,-125.36,-226.71357831639307,0.0,1,1,1,1
2001-12-11,0.0,-0.1443336643835616,0.0,0.0,0.0,0.0,0.0,0.0,0.0,0.0,0.0,0.0,0.0,-125.36,-226.71357831639307,0.0,1,1,1,1
2001-12-12,0.0,-0.1544172739726027,0.0,0.0,0.0,0.0,0.0,0.0,0.0,0.0,0.0,0.0,0.0,-125.36,-226.71357831639307,0.0,1,1,1,1
2001-12-13,0.0,-0.1650298835616438,0.0,0.0,0.0,0.0,0.0,0.0,0.0,0.0,0.0,0.0,0.0,-125.36,-226.71357831639307,0.0,0,1,1,1
2001-12-14,0.0,-0.1761714931506849,0.0,0.0,0.0,0.0,0.0,0.0,0.0,0.0,0.0,0.0,0.0,-125.36,-226.71357831639307,0.0,0,1,1,1
2001-12-17,0.0,-0.1756424931506849,0.0,0.0,0.0,0.0,0.0,0.0,0.0,0.0,0.0,0.0,0.0,-125.36,-226.71357831639307,0.0,0,1,1,1
2001-12-18,0.0,-0.1634356369863013,0.0,0.0,0.0,0.0,0.0,0.0,0.0,0.0,0.0,0.0,0.0,-125.36,-226.71357831639307,0.0,1,1,1,1
2001-12-19,0.0,-0.1544172739726027,0.0,0.0,0.0,0.0,0.0,0.0,0.0,0.0,0.0,0.0,0.0,-125.36,-226.71357831639307,0.0,1,1,1,1
2001-12-20,0.0,-0.1602543904109588,0.0,0.0,0.0,0.0,0.0,0.0,0.0,0.0,0.0,0.0,0.0,-125.36,-226.71357831639307,0.0,1,1,1,1
2001-12-21,0.0,-0.1602543904109588,0.0,0.0,0.0,0.0,0.0,0.0,0.0,0.0,0.0,0.0,0.0,-125.36,-226.71357831639307,0.0,1,1,1,1
2001-12-24,0.0,-0.1575985205479451,0.0,0.0,0.0,0.0,0.0,0.0,0.0,0.0,0.0,0.0,0.0,-125.36,-226.71357831639307,0.0,1,1,1,1
2001-12-25,0.0,-0.16237401369863,0.0,0.0,0.0,0.0,0.0,0.0,0.0,0.0,0.0,0.0,0.0,-125.36,-226.71357831639307,0.0,1,1,1,1
2001-12-26,0.0,-0.1735192465753424,0.0,0.0,0.0,0.0,0.0,0.0,0.0,0.0,0.0,0.0,0.0,-125.36,-226.71357831639307,0.0,1,1,1,1
2001-12-27,0.0,-0.1698053767123287,0.0,0.0,0.0,0.0,0.0,0.0,0.0,0.0,0.0,0.0,0.0,-125.36,-226.71357831639307,0.0,1,1,1,1
2001-12-28,0.0,-0.181479609589041,0.0,0.0,0.0,0.0,0.0,0.0,0.0,0.0,0.0,0.0,0.0,-125.36,-226.71357831639307,0.0,1,1,1,1
2001-12-31,0.0,-0.1936828424657533,0.0,0.0,0.0,0.0,0.0,0.0,0.0,0.0,0.0,0.0,0.0,-125.36,-226.71357831639307,0.0,1,1,1,1
2002-01-02,0.0,-0.1851934794520547,0.0,0.0,0.0,0.0,0.0,0.0,0.0,0.0,0.0,0.0,0.0,-125.36,-226.71357831639307,0.0,1,1,1,1
2002-01-03,0.0,-0.1809469863013698,0.0,0.0,0.0,0.0,0.0,0.0,0.0,0.0,0.0,0.0,0.0,-125.36,-226.71357831639307,0.0,1,1,1,1
2002-01-04,0.0,-0.1788273630136986,0.0,0.0,0.0,0.0,0.0,0.0,0.0,0.0,0.0,0.0,0.0,-125.36,-226.71357831639307,0.0,1,1,1,1
2002-01-07,0.0,-0.1910305958904109,0.0,0.0,0.0,0.0,-9.62,0.0,0.0,0.0,0.0,0.0,0.0,-125.36,-226.71357831639307,0.0,1,1,1,1
2002-01-08,0.0,-0.2042954520547945,0.0,0.0,0.0,0.0,-9.62,0.0,0.0,0.0,0.0,0.0,0.0,-125.36,-226.71357831639307,0.0,1,1,1,1
2002-01-09,0.0,-0.2180929315068492,0.0,0.0,0.0,0.0,-9.62,0.0,0.0,0.0,0.0,0.0,0.0,-125.36,-226.71357831639307,0.0,1,1,1,1
2002-01-10,0.0,-0.2329520342465752,0.0,0.0,0.0,0.0,-9.62,0.0,0.0,0.0,0.0,0.0,0.0,-125.36,-226.71357831639307,0.0,0,1,1,1
2002-01-11,0.0,-0.2387891506849314,0.0,0.0,0.0,0.0,-9.62,0.0,0.0,0.0,0.0,0.0,0.0,-125.36,-226.71357831639307,0.0,0,1,1,0
2002-01-14,0.0,-0.2387891506849314,0.0,0.0,0.0,0.0,-9.62,0.0,0.0,0.0,0.0,0.0,0.0,-125.36,-226.71357831639307,0.0,0,1,1,0
2002-01-15,0.0,-0.2313577876712328,0.0,0.0,0.0,0.0,-9.62,0.0,0.0,0.0,0.0,0.0,0.0,-125.36,-226.71357831639307,0.0,0,1,1,1
2002-01-16,0.0,-0.2154406849315068,0.0,0.0,0.0,0.0,-9.62,0.0,0.0,0.0,0.0,0.0,0.0,-125.36,-226.71357831639307,0.0,1,1,1,1
2002-01-17,0.0,-0.2053570753424657,0.0,0.0,0.0,0.0,-9.62,0.0,0.0,0.0,0.0,0.0,0.0,-125.36,-226.71357831639307,0.0,1,1,1,1
2002-01-18,0.0,-0.2074803219178081,0.0,0.0,0.0,0.0,-9.62,0.0,0.0,0.0,0.0,0.0,0.0,-125.36,-226.71357831639307,0.0,1,1,1,1
2002-01-21,0.0,-0.2218068013698629,0.0,0.0,0.0,0.0,-9.62,0.0,0.0,0.0,0.0,0.0,0.0,-125.36,-226.71357831639307,0.0,1,1,1,1
2002-01-22,0.0,-0.237194904109589,0.0,0.0,0.0,0.0,-9.62,0.0,0.0,0.0,0.0,0.0,0.0,-125.36,-226.71357831639307,0.0,1,1,1,0
2002-01-23,0.0,-0.2313577876712328,0.0,0.0,0.0,0.0,-9.62,0.0,0.0,0.0,0.0,0.0,0.0,-125.36,-226.71357831639307,0.0,1,1,1,1
2002-01-24,0.0,-0.2414413972602739,0.0,0.0,0.0,0.0,-9.62,0.0,0.0,0.0,0.0,0.0,0.0,-125.36,-226.71357831639307,0.0,1,1,0,0
2002-01-25,0.0,-0.2472785136986301,0.0,0.0,0.0,0.0,-9.62,0.0,0.0,0.0,0.0,0.0,0.0,-125.36,-226.71357831639307,0.0,1,1,0,0
2002-01-28,0.0,-0.2594817465753424,0.0,0.0,0.0,0.0,-9.62,0.0,0.0,0.0,0.0,0.0,0.0,-125.36,-226.71357831639307,0.0,0,0,0,0
2002-01-29,0.0,-0.24780751369863,0.0,0.0,0.0,0.0,-9.62,0.0,0.0,0.0,0.0,0.0,0.0,-125.36,-226.71357831639307,0.0,1,1,0,0
2002-01-30,0.0,-0.2504633835616437,0.0,0.0,0.0,0.0,-9.62,0.0,0.0,0.0,0.0,0.0,0.0,-125.36,-226.71357831639307,0.0,1,1,0,0
2002-01-31,0.0,-0.2472785136986301,0.0,0.0,0.0,0.0,-9.62,0.0,0.0,0.0,0.0,0.0,0.0,-125.36,-226.71357831639307,0.0,1,1,0,0
2002-02-01,0.0,-0.2403797739726026,0.0,0.0,0.0,0.0,-9.62,0.0,0.0,0.0,0.0,0.0,0.0,-125.36,-226.71357831639307,0.0,1,1,0,0
2002-02-04,0.0,-0.2435646438356163,0.0,0.0,0.0,0.0,-9.62,0.0,0.0,0.0,0.0,0.0,0.0,-125.36,-226.71357831639307,0.0,1,1,0,0
2002-02-05,0.0,-0.2600143698630136,0.0,0.0,0.0,0.0,-9.62,0.0,0.0,0.0,0.0,0.0,0.0,-125.36,-226.71357831639307,0.0,0,0,0,0
2002-02-06,0.0,-0.2732792260273972,0.0,0.0,0.0,0.0,-9.62,0.0,0.0,0.0,0.0,0.0,0.0,-125.36,-226.71357831639307,0.0,0,0,0,0
2002-02-18,0.0,-0.0523108711312984,0.0,0.0,0.0,0.0,0.0,0.0,0.0,0.0,0.0,0.0,0.0,-83.74,33.200382897255906,0.0,0,0,0,0
2002-02-19,0.0,-0.0494572793082972,0.0,0.0,0.0,0.0,0.0,0.0,0.0,0.0,0.0,0.0,0.0,-83.74,33.200382897255906,0.0,0,0,0,0
2002-02-20,0.0,-0.0460334886640408,0.0,0.0,0.0,0.0,0.0,0.0,0.0,0.0,0.0,0.0,0.0,-83.74,33.200382897255906,0.0,0,0,0,0
2002-02-21,0.0,-0.0464140541643319,0.0,0.0,0.0,0.0,0.0,0.0,0.0,0.0,0.0,0.0,0.0,-83.74,33.200382897255906,0.0,0,0,0,0
2002-02-22,0.0,-0.0431798968410396,0.0,0.0,0.0,0.0,0.0,0.0,0.0,0.0,0.0,0.0,0.0,-83.74,33.200382897255906,0.0,1,0,0,0
2002-02-25,0.0,-0.0428947974304121,0.0,0.0,0.0,0.0,0.0,0.0,0.0,0.0,0.0,0.0,0.0,-83.74,33.200382897255906,0.0,1,0,0,0
2002-02-26,0.0,-0.04279998076993,0.0,0.0,0.0,0.0,0.0,0.0,0.0,0.0,0.0,0.0,0.0,-83.74,33.200382897255906,0.0,1,0,0,0
2002-02-27,0.0,-0.0447969755026857,0.0,0.0,0.0,0.0,0.0,0.0,0.0,0.0,0.0,0.0,0.0,-83.74,33.200382897255906,0.0,0,0,0,0
2002-03-01,0.0,-0.0417537503587204,0.0,0.0,0.0,0.0,0.0,0.0,0.0,0.0,0.0,0.0,0.0,-83.74,33.200382897255906,0.0,1,1,0,0
2002-03-04,0.0,-0.0438462111811396,0.0,0.0,0.0,0.0,0.0,0.0,0.0,0.0,0.0,0.0,0.0,-83.74,33.200382897255906,0.0,0,0,0,0
2002-03-05,0.0,-0.0447969755026857,0.0,0.0,0.0,0.0,0.0,0.0,0.0,0.0,0.0,0.0,0.0,-83.74,33.200382897255906,0.0,0,0,0,0
2002-03-06,0.0,-0.0462237714141864,0.0,0.0,0.0,0.0,0.0,0.0,0.0,0.0,0.0,0.0,0.0,-83.74,33.200382897255906,0.0,0,0,0,0
2002-03-07,0.0,-0.0450827243424947,0.0,0.0,0.0,0.0,0.0,0.0,0.0,0.0,0.0,0.0,0.0,-83.74,33.200382897255906,0.0,0,0,0,0
2002-03-08,0.0,-0.0445118760920582,0.0,0.0,0.0,0.0,0.0,0.0,0.0,0.0,0.0,0.0,0.0,-83.74,33.200382897255906,0.0,0,0,0,0
2002-03-11,0.0,-0.0454626404136043,0.0,0.0,0.0,0.0,0.0,0.0,0.0,0.0,0.0,0.0,0.0,-83.74,33.200382897255906,0.0,0,0,0,0
2002-03-12,0.0,-0.0432753629307031,0.0,0.0,0.0,0.0,0.0,0.0,0.0,0.0,0.0,0.0,0.0,-83.74,33.200382897255906,0.0,0,0,0,0
2002-03-13,0.0,-0.0403269544472198,0.0,0.0,0.0,0.0,0.0,0.0,0.0,0.0,0.0,0.0,0.0,-83.74,33.200382897255906,0.0,1,0,0,0
2002-03-14,0.0,-0.041658284269057,0.0,0.0,0.0,0.0,0.0,0.0,0.0,0.0,0.0,0.0,0.0,-83.74,33.200382897255906,0.0,0,0,0,0
2002-03-15,0.0,-0.0401366716970743,0.0,0.0,0.0,0.0,0.0,0.0,0.0,0.0,0.0,0.0,0.0,-83.74,33.200382897255906,0.0,1,0,0,0
2002-03-18,0.0,-0.0408023366079929,0.0,0.0,0.0,0.0,0.0,0.0,0.0,0.0,0.0,0.0,0.0,-83.74,33.200382897255906,0.0,0,0,0,0
2002-03-19,0.0,-0.0389001585357192,0.0,0.0,0.0,0.0,0.0,0.0,0.0,0.0,0.0,0.0,0.0,-83.74,33.200382897255906,0.0,1,1,0,0
2002-03-20,0.0,-0.0415634676085749,0.0,0.0,0.0,0.0,0.0,0.0,0.0,0.0,0.0,0.0,0.0,-83.74,33.200382897255906,0.0,0,0,0,0
2002-03-21,0.0,-0.0400418550365922,0.0,0.0,0.0,0.0,0.0,0.0,0.0,0.0,0.0,0.0,0.0,-83.74,33.200382897255906,0.0,1,1,0,0
2002-03-22,0.0,-0.0389956246253826,0.0,0.0,0.0,0.0,0.0,0.0,0.0,0.0,0.0,0.0,0.0,-83.74,33.200382897255906,0.0,1,1,0,0
2002-03-25,0.0,-0.0412777187687659,0.0,0.0,0.0,0.0,0.0,0.0,0.0,0.0,0.0,0.0,0.0,-83.74,33.200382897255906,0.0,0,0,0,0
2002-03-26,0.0,-0.0429902635200755,0.0,0.0,0.0,0.0,0.0,0.0,0.0,0.0,0.0,0.0,0.0,-83.74,33.200382897255906,0.0,0,0,0,0
2002-03-27,0.0,-0.0400418550365922,0.0,0.0,0.0,0.0,0.0,0.0,0.0,0.0,0.0,0.0,0.0,-83.74,33.200382897255906,0.0,0,1,0,0
2002-03-28,0.0,-0.0401366716970743,0.0,0.0,0.0,0.0,0.0,0.0,0.0,0.0,0.0,0.0,0.0,-83.74,33.200382897255906,0.0,0,0,0,0
2002-03-29,0.0,-0.0415634676085749,0.0,0.0,0.0,0.0,0.0,0.0,0.0,0.0,0.0,0.0,0.0,-83.74,33.200382897255906,0.0,0,0,0,0
2002-04-01,0.0,-0.0408023366079929,0.0,0.0,0.0,0.0,0.0,0.0,0.0,0.0,0.0,0.0,0.0,-83.74,33.200382897255906,0.0,0,0,0,0
2002-04-02,0.0,-0.0404217711077019,0.0,0.0,0.0,0.0,0.0,0.0,0.0,0.0,0.0,0.0,0.0,-83.74,33.200382897255906,0.0,0,0,0,0
2002-04-03,0.0,-0.0398515722864467,0.0,0.0,0.0,0.0,0.0,0.0,0.0,0.0,0.0,0.0,0.0,-83.74,33.200382897255906,0.0,0,0,0,0
2002-04-04,0.0,-0.0380442108746551,0.0,0.0,0.0,0.0,0.0,0.0,0.0,0.0,0.0,0.0,0.0,-83.74,33.200382897255906,0.0,1,1,0,0
2002-04-08,0.0,-0.0383293102852827,0.0,0.0,0.0,0.0,0.0,0.0,0.0,0.0,0.0,0.0,0.0,-83.74,33.200382897255906,0.0,1,1,0,0
2002-04-09,0.0,-0.0390904412858647,0.0,0.0,0.0,0.0,0.0,0.0,0.0,0.0,0.0,0.0,0.0,-83.74,33.200382897255906,0.0,1,0,0,0
2002-04-10,0.0,-0.0389956246253826,0.0,0.0,0.0,0.0,0.0,0.0,0.0,0.0,0.0,0.0,0.0,-83.74,33.200382897255906,0.0,1,0,0,0
2002-04-11,0.0,-0.0394710067861557,0.0,0.0,0.0,0.0,0.0,0.0,0.0,0.0,0.0,0.0,0.0,-83.74,33.200382897255906,0.0,1,0,0,0
2002-04-12,0.0,-0.0405172371973653,0.0,0.0,0.0,0.0,0.0,0.0,0.0,0.0,0.0,0.0,0.0,-83.74,33.200382897255906,0.0,1,0,0,0
2002-04-15,0.0,-0.0417537503587204,0.0,0.0,0.0,0.0,0.0,0.0,0.0,0.0,0.0,0.0,0.0,-83.74,33.200382897255906,0.0,0,0,0,0
2002-04-16,0.0,-0.0417537503587204,0.0,0.0,0.0,0.0,0.0,0.0,0.0,0.0,0.0,0.0,0.0,-83.74,33.200382897255906,0.0,0,0,0,0
2002-04-17,0.0,-0.0417537503587204,0.0,0.0,0.0,0.0,0.0,0.0,0.0,0.0,0.0,0.0,0.0,-83.74,33.200382897255906,0.0,0,0,0,0
2002-04-18,0.0,-0.0400418550365922,0.0,0.0,0.0,0.0,0.0,0.0,0.0,0.0,0.0,0.0,0.0,-83.74,33.200382897255906,0.0,0,0,0,0
2002-04-19,0.0,-0.0401366716970743,0.0,0.0,0.0,0.0,0.0,0.0,0.0,0.0,0.0,0.0,0.0,-83.74,33.200382897255906,0.0,0,0,0,0
2002-04-22,0.0,-0.0401366716970743,0.0,0.0,0.0,0.0,0.0,0.0,0.0,0.0,0.0,0.0,0.0,-83.74,33.200382897255906,0.0,0,0,0,0
2002-04-23,0.0,-0.0408978026976563,0.0,0.0,0.0,0.0,0.0,0.0,0.0,0.0,0.0,0.0,0.0,-83.74,33.200382897255906,0.0,0,0,0,0
2002-04-24,0.0,-0.041658284269057,0.0,0.0,0.0,0.0,0.0,0.0,0.0,0.0,0.0,0.0,0.0,-83.74,33.200382897255906,0.0,0,0,0,0
2002-04-25,0.0,-0.0409926193581384,0.0,0.0,0.0,0.0,0.0,0.0,0.0,0.0,0.0,0.0,0.0,-83.74,33.200382897255906,0.0,0,0,0,0
2002-04-26,0.0,-0.0401366716970743,0.0,0.0,0.0,0.0,0.0,0.0,0.0,0.0,0.0,0.0,0.0,-83.74,33.200382897255906,0.0,0,0,0,0
2002-04-29,0.0,-0.0388053418752371,0.0,0.0,0.0,0.0,0.0,0.0,0.0,0.0,0.0,0.0,0.0,-83.74,33.200382897255906,0.0,0,0,0,0
2002-04-30,0.0,-0.0385195930354282,0.0,0.0,0.0,0.0,0.0,0.0,0.0,0.0,0.0,0.0,0.0,-83.74,33.200382897255906,0.0,0,0,0,0
2002-05-02,0.0,-0.0358569333917538,0.0,0.0,0.0,0.0,0.0,0.0,0.0,0.0,0.0,0.0,0.0,-83.74,33.200382897255906,0.0,0,0,0,0
2002-05-03,0.0,-0.0333839070690436,0.0,0.0,0.0,0.0,0.0,0.0,0.0,0.0,0.0,0.0,0.0,-83.74,33.200382897255906,0.0,0,0,0,0
2002-05-06,0.0,-0.0311011634964789,0.0,0.0,0.0,0.0,0.0,0.0,0.0,0.0,0.0,0.0,0.0,-83.74,33.200382897255906,0.0,0,0,0,0
2002-05-07,0.0,-0.0292938020846873,0.0,0.0,0.0,0.0,0.0,0.0,0.0,0.0,0.0,0.0,0.0,-83.74,33.200382897255906,0.0,0,0,1,1
2002-05-08,0.0,-0.0275819067625591,0.0,0.0,0.0,0.0,0.0,0.0,0.0,0.0,0.0,0.0,0.0,-83.74,33.200382897255906,0.0,1,1,1,1
2002-05-09,0.0,-0.0278676556023681,0.0,0.0,0.0,0.0,0.0,0.0,0.0,0.0,0.0,0.0,0.0,-83.74,33.200382897255906,0.0,1,1,1,1
2002-05-10,0.0,-0.0275819067625591,0.0,0.0,0.0,0.0,0.0,0.0,0.0,0.0,0.0,0.0,0.0,-83.74,33.200382897255906,0.0,1,1,1,1
2002-05-13,0.0,-0.0277721895127046,0.0,0.0,0.0,0.0,0.0,0.0,0.0,0.0,0.0,0.0,0.0,-83.74,33.200382897255906,0.0,1,1,1,1
2002-05-14,0.0,-0.0290087026740597,0.0,0.0,0.0,0.0,0.0,0.0,0.0,0.0,0.0,0.0,0.0,-83.74,33.200382897255906,0.0,0,1,1,1
2002-05-15,0.0,-0.0245154055057343,0.0,0.0,0.0,0.0,0.0,0.0,0.0,0.0,0.0,0.0,0.0,32.23,138.48817769285887,0.0,0,0,0,1
2002-05-16,0.0,-0.0243649569925561,0.0,0.0,0.0,0.0,0.0,0.0,0.0,0.0,0.0,0.0,0.0,32.23,138.48817769285887,0.0,0,0,0,1
2002-05-17,0.0,-0.022785504342262,0.0,0.0,0.0,0.0,0.0,0.0,0.0,0.0,0.0,0.0,0.0,32.23,138.48817769285887,0.0,1,1,1,1
2002-05-20,0.0,-0.0212065651681222,0.0,0.0,0.0,0.0,0.0,0.0,0.0,0.0,0.0,0.0,0.0,32.23,138.48817769285887,0.0,1,1,1,1
2002-05-21,0.0,-0.0218078457446808,0.0,0.0,0.0,0.0,0.0,0.0,0.0,0.0,0.0,0.0,0.0,32.23,138.48817769285887,0.0,1,1,1,1
2002-05-22,0.0,-0.0218078457446808,0.0,0.0,0.0,0.0,0.0,0.0,0.0,0.0,0.0,0.0,0.0,32.23,138.48817769285887,0.0,1,1,1,1
2002-05-23,0.0,-0.0221087427710372,0.0,0.0,0.0,0.0,0.0,0.0,0.0,0.0,0.0,0.0,0.0,32.23,138.48817769285887,0.0,1,1,1,1
2002-05-24,0.0,-0.0236127144266651,0.0,0.0,0.0,0.0,0.0,0.0,0.0,0.0,0.0,0.0,0.0,32.23,138.48817769285887,0.0,1,1,1,1
2002-05-27,0.0,-0.0242894759978899,0.0,0.0,0.0,0.0,0.0,0.0,0.0,0.0,0.0,0.0,0.0,32.23,138.48817769285887,0.0,1,1,1,1
2002-05-28,0.0,-0.0235377469081531,0.0,0.0,0.0,0.0,0.0,0.0,0.0,0.0,0.0,0.0,0.0,32.23,138.48817769285887,0.0,1,1,1,1
2002-05-29,0.0,-0.0235377469081531,0.0,0.0,0.0,0.0,0.0,0.0,0.0,0.0,0.0,0.0,0.0,32.23,138.48817769285887,0.0,1,1,1,1
2002-05-30,0.0,-0.0242145084793779,0.0,0.0,0.0,0.0,0.0,0.0,0.0,0.0,0.0,0.0,0.0,32.23,138.48817769285887,0.0,1,1,1,1
2002-05-31,0.0,-0.0240640599661997,0.0,0.0,0.0,0.0,0.0,0.0,0.0,0.0,0.0,0.0,0.0,32.23,138.48817769285887,0.0,1,1,1,1
2002-06-03,0.0,-0.0235377469081531,0.0,0.0,0.0,0.0,0.0,0.0,0.0,0.0,0.0,0.0,0.0,32.23,138.48817769285887,0.0,1,1,1,1
2002-06-04,0.0,-0.0244399245110681,0.0,0.0,0.0,0.0,0.0,0.0,0.0,0.0,0.0,0.0,0.0,32.23,138.48817769285887,0.0,1,1,1,1
2002-06-05,0.0,-0.0258689286481839,0.0,0.0,0.0,0.0,0.0,0.0,0.0,0.0,0.0,0.0,0.0,32.23,138.48817769285887,0.0,0,0,0,0
2002-06-06,0.0,-0.0254925506271613,0.0,0.0,0.0,0.0,0.0,0.0,0.0,0.0,0.0,0.0,0.0,32.23,138.48817769285887,0.0,1,0,0,0
2002-06-07,0.0,-0.0242894759978899,0.0,0.0,0.0,0.0,0.0,0.0,0.0,0.0,0.0,0.0,0.0,32.23,138.48817769285887,0.0,1,1,1,1
2002-06-10,0.0,-0.0255680316218275,0.0,0.0,0.0,0.0,0.0,0.0,0.0,0.0,0.0,0.0,0.0,32.23,138.48817769285887,0.0,1,0,0,0
2002-06-11,0.0,-0.0244399245110681,0.0,0.0,0.0,0.0,0.0,0.0,0.0,0.0,0.0,0.0,0.0,32.23,138.48817769285887,0.0,1,1,1,1
2002-06-12,0.0,-0.0254925506271613,0.0,0.0,0.0,0.0,0.0,0.0,0.0,0.0,0.0,0.0,0.0,32.23,138.48817769285887,0.0,0,0,0,0
2002-06-13,0.0,-0.0257934476535177,0.0,0.0,0.0,0.0,0.0,0.0,0.0,0.0,0.0,0.0,0.0,32.23,138.48817769285887,0.0,0,0,0,0
2002-06-14,0.0,-0.0269965222827892,0.0,0.0,0.0,0.0,0.0,0.0,0.0,0.0,0.0,0.0,0.0,32.23,138.48817769285887,0.0,0,0,0,0
2002-06-17,0.0,-0.0266206577379208,0.0,0.0,0.0,0.0,0.0,0.0,0.0,0.0,0.0,0.0,0.0,32.23,138.48817769285887,0.0,0,0,0,0
2002-06-18,0.0,-0.0268465872457652,0.0,0.0,0.0,0.0,0.0,0.0,0.0,0.0,0.0,0.0,0.0,32.23,138.48817769285887,0.0,0,0,0,0
2002-06-19,0.0,-0.0259438961666959,0.0,0.0,0.0,0.0,0.0,0.0,0.0,0.0,0.0,0.0,0.0,32.23,138.48817769285887,0.0,0,0,0,0
2002-06-20,0.0,-0.0252671345954711,0.0,0.0,0.0,0.0,0.0,0.0,0.0,0.0,0.0,0.0,0.0,32.23,138.48817769285887,0.0,0,0,0,0
2002-06-21,0.0,-0.0252671345954711,0.0,0.0,0.0,0.0,0.0,0.0,0.0,0.0,0.0,0.0,0.0,32.23,138.48817769285887,0.0,0,1,0,0
2002-06-24,0.0,-0.0252671345954711,0.0,0.0,0.0,0.0,0.0,0.0,0.0,0.0,0.0,0.0,0.0,32.23,138.48817769285887,0.0,0,1,0,0
2002-06-25,0.0,-0.0240640599661997,0.0,0.0,0.0,0.0,0.0,0.0,0.0,0.0,0.0,0.0,0.0,32.23,138.48817769285887,0.0,0,1,1,1
2002-06-26,0.0,-0.0224096397973936,0.0,0.0,0.0,0.0,0.0,0.0,0.0,0.0,0.0,0.0,0.0,32.23,138.48817769285887,0.0,1,1,1,1
2002-06-27,0.0,-0.0224846073159056,0.0,0.0,0.0,0.0,0.0,0.0,0.0,0.0,0.0,0.0,0.0,32.23,138.48817769285887,0.0,1,1,1,1
2002-06-28,0.0,-0.02271053682375,0.0,0.0,0.0,0.0,0.0,0.0,0.0,0.0,0.0,0.0,0.0,32.23,138.48817769285887,0.0,1,1,1,1
2002-07-01,0.0,-0.021131084173456,0.0,0.0,0.0,0.0,0.0,0.0,0.0,0.0,0.0,0.0,0.0,32.23,138.48817769285887,0.0,1,1,1,1
2002-07-02,0.0,-0.0216573972315026,0.0,0.0,0.0,0.0,0.0,0.0,0.0,0.0,0.0,0.0,0.0,32.23,138.48817769285887,0.0,1,1,1,1
2002-07-03,0.0,-0.0225600883105718,0.0,0.0,0.0,0.0,0.0,0.0,0.0,0.0,0.0,0.0,0.0,32.23,138.48817769285887,0.0,1,1,1,1
2002-07-04,0.0,-0.0241390274847117,0.0,0.0,0.0,0.0,0.0,0.0,0.0,0.0,0.0,0.0,0.0,32.23,138.48817769285887,0.0,1,1,1,0
2002-07-05,0.0,-0.0257934476535177,0.0,0.0,0.0,0.0,0.0,0.0,0.0,0.0,0.0,0.0,0.0,32.23,138.48817769285887,0.0,1,1,0,0
2002-07-08,0.0,-0.0269965222827892,0.0,0.0,0.0,0.0,0.0,0.0,0.0,0.0,0.0,0.0,0.0,32.23,138.48817769285887,0.0,1,0,0,0
2002-07-09,0.0,-0.02752334881699,0.0,0.0,0.0,0.0,0.0,0.0,0.0,0.0,0.0,0.0,0.0,32.23,138.48817769285887,0.0,0,0,0,0
2002-07-10,0.0,-0.0256429991403395,0.0,0.0,0.0,0.0,0.0,0.0,0.0,0.0,0.0,0.0,0.0,32.23,138.48817769285887,0.0,1,1,0,0
2002-07-11,0.0,-0.0261693121983861,0.0,0.0,0.0,0.0,0.0,0.0,0.0,0.0,0.0,0.0,0.0,32.23,138.48817769285887,0.0,1,0,0,0
2002-07-12,0.0,-0.0279741808803704,0.0,0.0,0.0,0.0,0.0,0.0,0.0,0.0,0.0,0.0,0.0,32.23,138.48817769285887,0.0,0,0,0,0
2002-07-15,0.0,-0.0291022879911298,0.0,0.0,0.0,0.0,0.0,0.0,0.0,0.0,0.0,0.0,0.0,32.23,138.48817769285887,0.0,0,0,0,0
2002-07-16,0.0,-0.0291022879911298,0.0,0.0,0.0,0.0,0.0,0.0,0.0,0.0,0.0,0.0,0.0,32.23,138.48817769285887,0.0,0,0,0,0
2002-07-17,0.0,-0.0285759749330832,0.0,0.0,0.0,0.0,0.0,0.0,0.0,0.0,0.0,0.0,0.0,32.23,138.48817769285887,0.0,0,0,0,0
2002-07-18,0.0,-0.028425526419905,0.0,0.0,0.0,0.0,0.0,0.0,0.0,0.0,0.0,0.0,0.0,32.23,138.48817769285887,0.0,0,0,0,0
2002-07-19,0.0,-0.028425526419905,0.0,0.0,0.0,0.0,0.0,0.0,0.0,0.0,0.0,0.0,0.0,32.23,138.48817769285887,0.0,0,0,0,0
2002-07-22,0.0,-0.0265456902194088,0.0,0.0,0.0,0.0,0.0,0.0,0.0,0.0,0.0,0.0,0.0,32.23,138.48817769285887,0.0,0,0,0,0
2002-07-23,0.0,-0.026771106251099,0.0,0.0,0.0,0.0,0.0,0.0,0.0,0.0,0.0,0.0,0.0,32.23,138.48817769285887,0.0,0,0,0,0
2002-07-24,0.0,-0.0259438961666959,0.0,0.0,0.0,0.0,0.0,0.0,0.0,0.0,0.0,0.0,0.0,32.23,138.48817769285887,0.0,0,0,0,0
2002-07-25,0.0,-0.0268465872457652,0.0,0.0,0.0,0.0,0.0,0.0,0.0,0.0,0.0,0.0,0.0,32.23,138.48817769285887,0.0,0,0,0,0
2002-07-26,0.0,-0.0250417185637809,0.0,0.0,0.0,0.0,0.0,0.0,0.0,0.0,0.0,0.0,0.0,32.23,138.48817769285887,0.0,0,0,0,0
2002-07-29,0.0,-0.0254925506271613,0.0,0.0,0.0,0.0,0.0,0.0,0.0,0.0,0.0,0.0,0.0,32.23,138.48817769285887,0.0,0,0,0,0
2002-07-30,0.0,-0.0257184801350057,0.0,0.0,0.0,0.0,0.0,0.0,0.0,0.0,0.0,0.0,0.0,32.23,138.48817769285887,0.0,0,0,0,0
2002-07-31,0.0,-0.0241390274847117,0.0,0.0,0.0,0.0,0.0,0.0,0.0,0.0,0.0,0.0,0.0,32.23,138.48817769285887,0.0,0,1,0,0
2002-08-01,0.0,-0.0239136114530215,0.0,0.0,0.0,0.0,0.0,0.0,0.0,0.0,0.0,0.0,0.0,32.23,138.48817769285887,0.0,0,1,0,0
2002-08-02,0.0,-0.0242145084793779,0.0,0.0,0.0,0.0,0.0,0.0,0.0,0.0,0.0,0.0,0.0,32.23,138.48817769285887,0.0,0,1,0,0
2002-08-05,0.0,-0.0229359528554402,0.0,0.0,0.0,0.0,0.0,0.0,0.0,0.0,0.0,0.0,0.0,32.23,138.48817769285887,0.0,1,1,0,0
2002-08-06,0.0,-0.0232368498817967,0.0,0.0,0.0,0.0,0.0,0.0,0.0,0.0,0.0,0.0,0.0,32.23,138.48817769285887,0.0,1,1,0,0
2002-08-07,0.0,-0.0232368498817967,0.0,0.0,0.0,0.0,0.0,0.0,0.0,0.0,0.0,0.0,0.0,32.23,138.48817769285887,0.0,1,1,0,0
2002-08-08,0.0,-0.0224846073159056,0.0,0.0,0.0,0.0,0.0,0.0,0.0,0.0,0.0,0.0,0.0,32.23,138.48817769285887,0.0,1,1,0,0
2002-08-09,0.0,-0.0230864013686184,0.0,0.0,0.0,0.0,0.0,0.0,0.0,0.0,0.0,0.0,0.0,32.23,138.48817769285887,0.0,1,1,0,0
2002-08-12,0.0,-0.0236881954213313,0.0,0.0,0.0,0.0,0.0,0.0,0.0,0.0,0.0,0.0,0.0,32.23,138.48817769285887,0.0,1,1,0,0
2002-08-13,0.0,-0.0236127144266651,0.0,0.0,0.0,0.0,0.0,0.0,0.0,0.0,0.0,0.0,0.0,32.23,138.48817769285887,0.0,1,1,0,0
2002-08-14,0.0,-4.3013682691637,0.0,0.0,0.0,0.0,0.0,0.0,0.0,0.0,0.0,0.0,0.0,0.12,-99.62767607818805,0.0,1,0,0,0
2002-08-15,0.0,-4.485024408726836,0.0,0.0,0.0,0.0,0.0,0.0,0.0,0.0,0.0,0.0,0.0,0.12,-99.62767607818805,0.0,0,0,0,0
2002-08-16,0.0,-4.563644638144892,0.0,0.0,0.0,0.0,0.0,0.0,0.0,0.0,0.0,0.0,0.0,0.12,-99.62767607818805,0.0,0,0,0,0
2002-08-19,0.0,-4.498097932069701,0.0,0.0,0.0,0.0,0.0,0.0,0.0,0.0,0.0,0.0,0.0,0.12,-99.62767607818805,0.0,0,0,0,0
2002-08-20,0.0,-4.498097932069701,0.0,0.0,0.0,0.0,0.0,0.0,0.0,0.0,0.0,0.0,0.0,0.12,-99.62767607818805,0.0,0,0,0,0
2002-08-21,0.0,-4.3670045199193215,0.0,0.0,0.0,0.0,0.0,0.0,0.0,0.0,0.0,0.0,0.0,0.12,-99.62767607818805,0.0,0,0,0,0
2002-08-22,0.0,-4.340767928553158,0.0,0.0,0.0,0.0,0.0,0.0,0.0,0.0,0.0,0.0,0.0,0.12,-99.62767607818805,0.0,0,0,0,0
2002-08-23,0.0,-4.393241111285484,0.0,0.0,0.0,0.0,0.0,0.0,0.0,0.0,0.0,0.0,0.0,0.12,-99.62767607818805,0.0,0,0,0,0
2002-08-26,0.0,-4.4587878173606725,0.0,0.0,0.0,0.0,0.0,0.0,0.0,0.0,0.0,0.0,0.0,0.12,-99.62767607818805,0.0,0,0,0,0
2002-08-27,0.0,-4.380078043262187,0.0,0.0,0.0,0.0,0.0,0.0,0.0,0.0,0.0,0.0,0.0,0.12,-99.62767607818805,0.0,0,0,0,0
2002-08-28,0.0,-4.235821563088511,0.0,0.0,0.0,0.0,0.0,0.0,0.0,0.0,0.0,0.0,0.0,0.12,-99.62767607818805,0.0,0,0,0,0
2002-08-29,0.0,-4.3670045199193215,0.0,0.0,0.0,0.0,0.0,0.0,0.0,0.0,0.0,0.0,0.0,0.12,-99.62767607818805,0.0,0,0,0,0
2002-08-30,0.0,-4.288294745820834,0.0,0.0,0.0,0.0,0.0,0.0,0.0,0.0,0.0,0.0,0.0,0.12,-99.62767607818805,0.0,0,0,0,0
2002-09-02,0.0,-4.288294745820834,0.0,0.0,0.0,0.0,0.0,0.0,0.0,0.0,0.0,0.0,0.0,0.12,-99.62767607818805,0.0,0,0,0,0
2002-09-03,0.0,-4.353841451896025,0.0,0.0,0.0,0.0,0.0,0.0,0.0,0.0,0.0,0.0,0.0,0.12,-99.62767607818805,0.0,0,0,0,0
2002-09-04,0.0,-4.353841451896025,0.0,0.0,0.0,0.0,0.0,0.0,0.0,0.0,0.0,0.0,0.0,0.12,-99.62767607818805,0.0,0,0,0,0
2002-09-05,0.0,-4.052254968205806,0.0,0.0,0.0,0.0,0.0,0.0,0.0,0.0,0.0,0.0,0.0,0.12,-99.62767607818805,0.0,0,0,0,0
2002-09-09,0.0,-3.934235079398292,0.0,0.0,0.0,0.0,0.0,0.0,0.0,0.0,0.0,0.0,0.0,0.12,-99.62767607818805,0.0,0,0,0,0
2002-09-10,0.0,-4.209584971722348,0.0,0.0,0.0,0.0,0.0,0.0,0.0,0.0,0.0,0.0,0.0,0.12,-99.62767607818805,0.0,0,0,0,0
2002-09-11,0.0,-4.130964742304292,0.0,0.0,0.0,0.0,0.0,0.0,0.0,0.0,0.0,0.0,0.0,0.12,-99.62767607818805,0.0,0,0,0,0
2002-09-12,0.0,-3.999781785473482,0.0,0.0,0.0,0.0,0.0,0.0,0.0,0.0,0.0,0.0,0.0,0.12,-99.62767607818805,0.0,0,0,0,0
2002-09-13,0.0,-3.7505789398351568,0.0,0.0,0.0,0.0,0.0,0.0,0.0,0.0,0.0,0.0,0.0,0.12,-99.62767607818805,0.0,0,0,0,0
2002-09-16,0.0,-3.5407757535862903,0.0,0.0,0.0,0.0,0.0,0.0,0.0,0.0,0.0,0.0,0.0,0.12,-99.62767607818805,0.0,0,0,0,0
2002-09-17,0.0,-3.685032233759967,0.0,0.0,0.0,0.0,0.0,0.0,0.0,0.0,0.0,0.0,0.0,0.12,-99.62767607818805,0.0,0,0,0,0
2002-09-18,0.0,-3.435918932802072,0.0,0.0,0.0,0.0,0.0,0.0,0.0,0.0,0.0,0.0,0.0,0.12,-99.62767607818805,0.0,0,0,0,0
2002-09-19,0.0,-3.291662452628396,0.0,0.0,0.0,0.0,0.0,0.0,0.0,0.0,0.0,0.0,0.0,0.12,-99.62767607818805,0.0,0,0,0,0
2002-09-20,0.0,-3.134242904431423,0.0,0.0,0.0,0.0,0.0,0.0,0.0,0.0,0.0,0.0,0.0,0.12,-99.62767607818805,0.0,0,0,1,1
2002-09-23,0.0,-2.976912900914881,0.0,0.0,0.0,0.0,0.0,0.0,0.0,0.0,0.0,0.0,0.0,0.12,-99.62767607818805,0.0,0,0,1,1
2002-09-24,0.0,-2.78018323800888,0.0,0.0,0.0,0.0,0.0,0.0,0.0,0.0,0.0,0.0,0.0,0.12,-99.62767607818805,0.0,0,1,1,1
2002-09-25,0.0,-2.675236872544232,0.0,0.0,0.0,0.0,0.0,0.0,0.0,0.0,0.0,0.0,0.0,0.12,-99.62767607818805,0.0,1,1,1,1
2002-09-26,0.0,-2.635926757835204,0.0,0.0,0.0,0.0,0.0,0.0,0.0,0.0,0.0,0.0,0.0,0.12,-99.62767607818805,0.0,1,1,1,1
2002-09-27,0.0,-2.6490002811780697,0.0,0.0,0.0,0.0,0.0,0.0,0.0,0.0,0.0,0.0,0.0,0.12,-99.62767607818805,0.0,1,1,1,1
2002-09-30,0.0,-2.8326564207412046,0.0,0.0,0.0,0.0,0.0,0.0,0.0,0.0,0.0,0.0,0.0,0.12,-99.62767607818805,0.0,0,1,1,1
2002-10-01,0.0,-2.885129603473529,0.0,0.0,0.0,0.0,0.0,0.0,0.0,0.0,0.0,0.0,0.0,0.12,-99.62767607818805,0.0,0,1,1,1
2002-10-02,0.0,-2.753946646642718,0.0,0.0,0.0,0.0,0.0,0.0,0.0,0.0,0.0,0.0,0.0,0.12,-99.62767607818805,0.0,1,1,1,1
2002-10-03,0.0,-2.819493352717908,0.0,0.0,0.0,0.0,0.0,0.0,0.0,0.0,0.0,0.0,0.0,0.12,-99.62767607818805,0.0,1,1,1,1
2002-10-04,0.0,-2.819493352717908,0.0,0.0,0.0,0.0,0.0,0.0,0.0,0.0,0.0,0.0,0.0,0.12,-99.62767607818805,0.0,1,1,1,1
2002-10-07,0.0,-2.6228532344923385,0.0,0.0,0.0,0.0,0.0,0.0,0.0,0.0,0.0,0.0,0.0,0.12,-99.62767607818805,0.0,1,1,1,1
2002-10-08,0.0,-2.6883999405675283,0.0,0.0,0.0,0.0,0.0,0.0,0.0,0.0,0.0,0.0,0.0,0.12,-99.62767607818805,0.0,1,1,1,1
2002-10-09,0.0,-2.7146365319336905,0.0,0.0,0.0,0.0,0.0,0.0,0.0,0.0,0.0,0.0,0.0,0.12,-99.62767607818805,0.0,1,1,1,1
2002-10-11,0.0,-2.740873123299852,0.0,0.0,0.0,0.0,0.0,0.0,0.0,0.0,0.0,0.0,0.0,0.12,-99.62767607818805,0.0,1,1,1,1
2002-10-14,0.0,-2.753946646642718,0.0,0.0,0.0,0.0,0.0,0.0,0.0,0.0,0.0,0.0,0.0,0.12,-99.62767607818805,0.0,1,1,1,1
2002-10-15,0.0,-2.9375132415254224,0.0,0.0,0.0,0.0,0.0,0.0,0.0,0.0,0.0,0.0,0.0,0.12,-99.62767607818805,0.0,1,1,1,1
2002-10-16,0.0,-3.081769721699099,0.0,0.0,0.0,0.0,0.0,0.0,0.0,0.0,0.0,0.0,0.0,0.12,-99.62767607818805,0.0,1,1,1,1
2002-10-17,0.0,-3.108006313065261,0.0,0.0,0.0,0.0,0.0,0.0,0.0,0.0,0.0,0.0,0.0,0.12,-99.62767607818805,0.0,1,1,1,1
2002-10-18,0.0,-3.3178094993141274,0.0,0.0,0.0,0.0,0.0,0.0,0.0,0.0,0.0,0.0,0.0,0.12,-99.62767607818805,0.0,1,1,1,0
2002-10-21,0.0,-3.3572091587035864,0.0,0.0,0.0,0.0,0.0,0.0,0.0,0.0,0.0,0.0,0.0,0.12,-99.62767607818805,0.0,1,1,1,0
2002-10-22,0.0,-3.330972567337424,0.0,0.0,0.0,0.0,0.0,0.0,0.0,0.0,0.0,0.0,0.0,0.12,-99.62767607818805,0.0,1,1,1,0
2002-10-23,0.0,-3.553938821609586,0.0,0.0,0.0,0.0,0.0,0.0,0.0,0.0,0.0,0.0,0.0,0.12,-99.62767607818805,0.0,1,1,0,0
2002-10-24,0.0,-3.632559051027643,0.0,0.0,0.0,0.0,0.0,0.0,0.0,0.0,0.0,0.0,0.0,0.12,-99.62767607818805,0.0,1,1,0,0
2002-10-25,0.0,-3.7505789398351568,0.0,0.0,0.0,0.0,0.0,0.0,0.0,0.0,0.0,0.0,0.0,0.12,-99.62767607818805,0.0,1,0,0,0
2002-10-28,0.0,-3.7505789398351568,0.0,0.0,0.0,0.0,0.0,0.0,0.0,0.0,0.0,0.0,0.0,0.12,-99.62767607818805,0.0,1,0,0,0
2002-10-29,0.0,-3.567012344952453,0.0,0.0,0.0,0.0,0.0,0.0,0.0,0.0,0.0,0.0,0.0,0.12,-99.62767607818805,0.0,1,1,0,0
2002-10-30,0.0,-3.4489924561449383,0.0,0.0,0.0,0.0,0.0,0.0,0.0,0.0,0.0,0.0,0.0,0.12,-99.62767607818805,0.0,1,1,0,0
2002-10-31,0.0,-3.685032233759967,0.0,0.0,0.0,0.0,0.0,0.0,0.0,0.0,0.0,0.0,0.0,0.12,-99.62767607818805,0.0,1,0,0,0
2002-11-01,0.0,-3.6719587104171008,0.0,0.0,0.0,0.0,0.0,0.0,0.0,0.0,0.0,0.0,0.0,0.12,-99.62767607818805,0.0,1,0,0,0
2002-11-04,0.0,-3.9210720113749953,0.0,0.0,0.0,0.0,0.0,0.0,0.0,0.0,0.0,0.0,0.0,0.12,-99.62767607818805,0.0,0,0,0,0
2002-11-05,0.0,-3.9210720113749953,0.0,0.0,0.0,0.0,0.0,0.0,0.0,0.0,0.0,0.0,0.0,0.12,-99.62767607818805,0.0,0,0,0,0
2002-11-06,0.0,-4.183348380356186,0.0,0.0,0.0,0.0,0.0,0.0,0.0,0.0,0.0,0.0,0.0,0.12,-99.62767607818805,0.0,0,0,0,0
2002-11-07,0.0,-4.052254968205806,0.0,0.0,0.0,0.0,0.0,0.0,0.0,0.0,0.0,0.0,0.0,0.12,-99.62767607818805,0.0,0,0,0,0
2002-11-08,0.0,-4.012855308816348,0.0,0.0,0.0,0.0,0.0,0.0,0.0,0.0,0.0,0.0,0.0,0.12,-99.62767607818805,0.0,0,0,0,0
2002-11-11,0.0,-3.737505416492291,0.0,0.0,0.0,0.0,0.0,0.0,0.0,0.0,0.0,0.0,0.0,0.12,-99.62767607818805,0.0,0,0,0,0
2002-11-12,0.0,-3.7637420078584536,0.0,0.0,0.0,0.0,0.0,0.0,0.0,0.0,0.0,0.0,0.0,0.12,-99.62767607818805,0.0,0,0,0,0
2002-11-13,0.0,-3.593248936318614,0.0,0.0,0.0,0.0,0.0,0.0,0.0,0.0,0.0,0.0,0.0,0.12,-99.62767607818805,0.0,0,0,0,0
2002-11-14,0.0,137.30746435560522,0.0,0.0,0.0,0.0,0.0,0.0,0.0,0.0,0.0,0.0,0.0,19.72,16333.333333333332,0.0,0,0,0,0
2002-11-15,0.0,139.400838691641,0.0,0.0,0.0,0.0,0.0,0.0,0.0,0.0,0.0,0.0,0.0,19.72,16333.333333333332,0.0,0,0,0,0
2002-11-18,0.0,145.16566955549342,0.0,0.0,0.0,0.0,0.0,0.0,0.0,0.0,0.0,0.0,0.0,19.72,16333.333333333332,0.0,0,0,0,0
2002-11-19,0.0,140.9753424657534,0.0,0.0,0.0,0.0,0.0,0.0,0.0,0.0,0.0,0.0,0.0,19.72,16333.333333333332,0.0,0,0,0,0
2002-11-20,0.0,135.210511601901,0.0,0.0,0.0,0.0,0.0,0.0,0.0,0.0,0.0,0.0,0.0,19.72,16333.333333333332,0.0,0,0,0,0
2002-11-21,0.0,134.68448420464074,0.0,0.0,0.0,0.0,0.0,0.0,0.0,0.0,0.0,0.0,0.0,19.72,16333.333333333332,0.0,0,0,0,0
2002-11-22,0.0,137.82991333519706,0.0,0.0,0.0,0.0,0.0,0.0,0.0,0.0,0.0,0.0,0.0,19.72,16333.333333333332,0.0,0,0,0,0
2002-11-25,0.0,138.3523623147889,0.0,0.0,0.0,0.0,0.0,0.0,0.0,0.0,0.0,0.0,0.0,19.72,16333.333333333332,0.0,0,0,0,0
2002-11-26,0.0,137.30746435560522,0.0,0.0,0.0,0.0,0.0,0.0,0.0,0.0,0.0,0.0,0.0,19.72,16333.333333333332,0.0,0,0,0,0
2002-11-27,0.0,131.54263349175284,0.0,0.0,0.0,0.0,0.0,0.0,0.0,0.0,0.0,0.0,0.0,19.72,16333.333333333332,0.0,1,0,0,0
2002-11-28,0.0,131.01660609449257,0.0,0.0,0.0,0.0,0.0,0.0,0.0,0.0,0.0,0.0,0.0,19.72,16333.333333333332,0.0,0,0,0,0
2002-11-29,0.0,131.01660609449257,0.0,0.0,0.0,0.0,0.0,0.0,0.0,0.0,0.0,0.0,0.0,19.72,16333.333333333332,0.0,0,0,0,0
2002-12-02,0.0,133.63600782778863,0.0,0.0,0.0,0.0,0.0,0.0,0.0,0.0,0.0,0.0,0.0,19.72,16333.333333333332,0.0,0,0,0,0
2002-12-03,0.0,142.54626782219736,0.0,0.0,0.0,0.0,0.0,0.0,0.0,0.0,0.0,0.0,0.0,19.72,16333.333333333332,0.0,0,0,0,0
2002-12-04,0.0,136.2589879787531,0.0,0.0,0.0,0.0,0.0,0.0,0.0,0.0,0.0,0.0,0.0,19.72,16333.333333333332,0.0,0,0,0,0
2002-12-05,0.0,134.68448420464074,0.0,0.0,0.0,0.0,0.0,0.0,0.0,0.0,0.0,0.0,0.0,19.72,16333.333333333332,0.0,0,0,0,0
2002-12-06,0.0,134.68448420464074,0.0,0.0,0.0,0.0,0.0,0.0,0.0,0.0,0.0,0.0,0.0,19.72,16333.333333333332,0.0,0,0,0,0
2002-12-09,0.0,132.06508247134468,0.0,0.0,0.0,0.0,0.0,0.0,0.0,0.0,0.0,0.0,0.0,19.72,16333.333333333332,0.0,0,0,0,0
2002-12-10,0.0,126.82627900475258,0.0,0.0,0.0,0.0,0.0,0.0,0.0,0.0,0.0,0.0,0.0,19.72,16333.333333333332,0.0,0,0,0,0
2002-12-11,0.0,125.77780262790046,0.0,0.0,0.0,0.0,0.0,0.0,0.0,0.0,0.0,0.0,0.0,19.72,16333.333333333332,0.0,0,0,0,0
2002-12-12,0.0,117.91601901034385,0.0,0.0,0.0,0.0,0.0,0.0,0.0,0.0,0.0,0.0,0.0,19.72,16333.333333333332,0.0,0,0,0,0
2002-12-13,0.0,113.19966452334356,0.0,0.0,0.0,0.0,0.0,0.0,0.0,0.0,0.0,0.0,0.0,19.72,16333.333333333332,0.0,0,1,0,0
2002-12-16,0.0,118.43846798993567,0.0,0.0,0.0,0.0,0.0,0.0,0.0,0.0,0.0,0.0,0.0,19.72,16333.333333333332,0.0,0,0,0,0
2002-12-17,0.0,115.2966172770478,0.0,0.0,0.0,0.0,0.0,0.0,0.0,0.0,0.0,0.0,0.0,19.72,16333.333333333332,0.0,0,0,0,0
2002-12-18,0.0,110.57668437237906,0.0,0.0,0.0,0.0,0.0,0.0,0.0,0.0,0.0,0.0,0.0,19.72,16333.333333333332,0.0,0,1,0,0
2002-12-19,0.0,107.957282639083,0.0,0.0,0.0,0.0,0.0,0.0,0.0,0.0,0.0,0.0,0.0,19.72,16333.333333333332,0.0,1,1,1,0
2002-12-20,0.0,115.2966172770478,0.0,0.0,0.0,0.0,0.0,0.0,0.0,0.0,0.0,0.0,0.0,19.72,16333.333333333332,0.0,0,0,0,0
2002-12-23,0.0,110.05423539278722,0.0,0.0,0.0,0.0,0.0,0.0,0.0,0.0,0.0,0.0,0.0,19.72,16333.333333333332,0.0,1,1,0,0
2002-12-24,0.0,111.62516074923116,0.0,0.0,0.0,0.0,0.0,0.0,0.0,0.0,0.0,0.0,0.0,19.72,16333.333333333332,0.0,1,1,0,0
2002-12-25,0.0,113.19966452334356,0.0,0.0,0.0,0.0,0.0,0.0,0.0,0.0,0.0,0.0,0.0,19.72,16333.333333333332,0.0,1,1,0,0
2002-12-26,0.0,116.34151523623146,0.0,0.0,0.0,0.0,0.0,0.0,0.0,0.0,0.0,0.0,0.0,19.72,16333.333333333332,0.0,0,0,0,0
2002-12-27,0.0,112.67363712608328,0.0,0.0,0.0,0.0,0.0,0.0,0.0,0.0,0.0,0.0,0.0,19.72,16333.333333333332,0.0,1,1,0,0
2002-12-30,0.0,107.4348336594912,0.0,0.0,0.0,0.0,0.0,0.0,0.0,0.0,0.0,0.0,0.0,19.72,16333.333333333332,0.0,1,1,0,0
2002-12-31,0.0,108.4833100363433,0.0,0.0,0.0,0.0,0.0,0.0,0.0,0.0,0.0,0.0,0.0,19.72,16333.333333333332,0.0,1,1,0,0
2003-01-02,0.0,109.00575901593513,0.0,0.0,0.0,0.0,0.0,0.0,0.0,0.0,0.0,0.0,0.0,19.72,16333.333333333332,0.0,1,1,0,0
2003-01-03,0.0,115.81906625663962,0.0,0.0,0.0,0.0,0.0,0.0,0.0,0.0,0.0,0.0,0.0,19.72,16333.333333333332,0.0,1,0,0,0
2003-01-06,0.0,114.24814090019566,0.0,0.0,0.0,0.0,0.0,0.0,0.0,0.0,0.0,0.0,0.0,19.72,16333.333333333332,0.0,1,0,0,0
2003-01-07,0.0,119.4869443667878,0.0,0.0,0.0,0.0,137.77,0.0,0.0,0.0,0.0,0.0,0.0,19.72,16333.333333333332,0.0,0,0,0,0
2003-01-08,0.0,120.53542074363988,0.0,0.0,0.0,0.0,137.77,0.0,0.0,0.0,0.0,0.0,0.0,19.72,16333.333333333332,0.0,0,0,0,0
2003-01-09,0.0,120.53542074363988,0.0,0.0,0.0,0.0,137.77,0.0,0.0,0.0,0.0,0.0,0.0,19.72,16333.333333333332,0.0,0,0,0,0
2003-01-10,0.0,118.96449538719594,0.0,0.0,0.0,0.0,137.77,0.0,0.0,0.0,0.0,0.0,0.0,19.72,16333.333333333332,0.0,0,0,0,0
2003-01-13,0.0,123.15482247693596,0.0,0.0,0.0,0.0,137.77,0.0,0.0,0.0,0.0,0.0,0.0,19.72,16333.333333333332,0.0,0,0,0,0
2003-01-14,0.0,123.15482247693596,0.0,0.0,0.0,0.0,137.77,0.0,0.0,0.0,0.0,0.0,0.0,19.72,16333.333333333332,0.0,0,0,0,0
2003-01-15,0.0,120.53542074363988,0.0,0.0,0.0,0.0,137.77,0.0,0.0,0.0,0.0,0.0,0.0,19.72,16333.333333333332,0.0,0,0,0,0
2003-01-16,0.0,115.81906625663962,0.0,0.0,0.0,0.0,137.77,0.0,0.0,0.0,0.0,0.0,0.0,19.72,16333.333333333332,0.0,0,0,0,0
2003-01-17,0.0,112.67363712608328,0.0,0.0,0.0,0.0,137.77,0.0,0.0,0.0,0.0,0.0,0.0,19.72,16333.333333333332,0.0,0,0,0,0
2003-01-20,0.0,110.05423539278722,0.0,0.0,0.0,0.0,137.77,0.0,0.0,0.0,0.0,0.0,0.0,19.72,16333.333333333332,0.0,0,0,0,0
2003-01-21,0.0,110.57668437237906,0.0,0.0,0.0,0.0,137.77,0.0,0.0,0.0,0.0,0.0,0.0,19.72,16333.333333333332,0.0,0,0,0,0
2003-01-22,0.0,109.00575901593513,0.0,0.0,0.0,0.0,137.77,0.0,0.0,0.0,0.0,0.0,0.0,19.72,16333.333333333332,0.0,0,0,0,0
2003-01-23,0.0,111.10271176963934,0.0,0.0,0.0,0.0,137.77,0.0,0.0,0.0,0.0,0.0,0.0,19.72,16333.333333333332,0.0,0,0,0,0
2003-01-24,0.0,108.4833100363433,0.0,0.0,0.0,0.0,137.77,0.0,0.0,0.0,0.0,0.0,0.0,19.72,16333.333333333332,0.0,0,0,0,0
2003-01-27,0.0,107.4348336594912,0.0,0.0,0.0,0.0,137.77,0.0,0.0,0.0,0.0,0.0,0.0,19.72,16333.333333333332,0.0,0,0,0,0
2003-01-28,0.0,109.00575901593513,0.0,0.0,0.0,0.0,137.77,0.0,0.0,0.0,0.0,0.0,0.0,19.72,16333.333333333332,0.0,0,0,0,0
2003-02-06,0.0,101.6700027956388,0.0,0.0,0.0,0.0,137.77,0.0,0.0,0.0,0.0,0.0,0.0,19.72,16333.333333333332,0.0,0,0,1,1
2003-02-07,0.0,100.62152641878669,0.0,0.0,0.0,0.0,0.0,0.0,0.0,0.0,0.0,0.0,0.0,19.72,16333.333333333332,0.0,0,0,1,1
2003-02-10,0.0,100.62152641878669,0.0,0.0,0.0,0.0,0.0,0.0,0.0,0.0,0.0,0.0,0.0,19.72,16333.333333333332,0.0,0,0,1,1
2003-02-11,0.0,100.62152641878669,0.0,0.0,0.0,0.0,0.0,0.0,0.0,0.0,0.0,0.0,0.0,19.72,16333.333333333332,0.0,0,0,1,1
2003-02-12,0.0,98.52457366508244,0.0,0.0,0.0,0.0,0.0,0.0,0.0,0.0,0.0,0.0,0.0,19.72,16333.333333333332,0.0,1,1,1,1
2003-02-13,0.0,96.9536483086385,0.0,0.0,0.0,0.0,0.0,0.0,0.0,0.0,0.0,0.0,0.0,19.72,16333.333333333332,0.0,1,1,1,1
2003-02-14,0.0,12.116926658076466,0.0,0.0,0.0,0.0,0.0,163.06,0.0,0.0,127.62,0.0,0.0,31.12,57.80933062880326,166.67,1,1,1,1
2003-02-17,0.0,12.902688824542851,0.0,0.0,0.0,0.0,0.0,163.06,0.0,0.0,127.62,0.0,0.0,31.12,57.80933062880326,166.67,0,0,1,1
2003-02-18,0.0,12.509584132269689,0.0,0.0,0.0,0.0,0.0,163.06,0.0,0.0,127.62,0.0,0.0,31.12,57.80933062880326,166.67,1,1,1,1
2003-02-19,0.0,12.444290292597463,0.0,0.0,0.0,0.0,0.0,163.06,0.0,0.0,127.62,0.0,0.0,31.12,57.80933062880326,166.67,1,1,1,1
2003-02-20,0.0,12.771653927118464,0.0,0.0,0.0,0.0,0.0,163.06,0.0,0.0,127.62,0.0,0.0,31.12,57.80933062880326,166.67,0,1,1,1
2003-02-21,0.0,13.295793516816024,0.0,0.0,0.0,0.0,0.0,163.06,0.0,0.0,127.62,0.0,0.0,31.12,57.80933062880326,166.67,0,0,1,0
2003-02-24,0.0,13.099464779719412,0.0,0.0,0.0,0.0,0.0,163.06,0.0,0.0,127.62,0.0,0.0,31.12,57.80933062880326,166.67,0,0,1,1
2003-02-25,0.0,12.771653927118464,0.0,0.0,0.0,0.0,0.0,163.06,0.0,0.0,127.62,0.0,0.0,31.12,57.80933062880326,166.67,0,1,1,1
2003-02-26,0.0,12.902688824542851,0.0,0.0,0.0,0.0,0.0,163.06,0.0,0.0,127.62,0.0,0.0,31.12,57.80933062880326,166.67,0,1,1,1
2003-02-27,0.0,12.706360087446242,0.0,0.0,0.0,0.0,0.0,163.06,0.0,0.0,127.62,0.0,0.0,31.12,57.80933062880326,166.67,0,1,1,1
2003-03-03,0.0,13.099464779719412,0.0,0.0,0.0,0.0,0.0,163.06,0.0,0.0,127.62,0.0,0.0,31.12,57.80933062880326,166.67,0,1,1,1
2003-03-04,0.0,12.640619029694074,0.0,0.0,0.0,0.0,0.0,163.06,0.0,0.0,127.62,0.0,0.0,31.12,57.80933062880326,166.67,1,1,1,1
2003-03-05,0.0,12.378996452925245,0.0,0.0,0.0,0.0,0.0,163.06,0.0,0.0,127.62,0.0,0.0,31.12,57.80933062880326,166.67,1,1,1,1
2003-03-06,0.0,12.444290292597463,0.0,0.0,0.0,0.0,0.0,163.06,0.0,0.0,127.62,0.0,0.0,31.12,57.80933062880326,166.67,1,1,1,1
2003-03-07,0.0,12.575325190021854,0.0,0.0,0.0,0.0,0.0,163.06,0.0,0.0,127.62,0.0,0.0,31.12,57.80933062880326,166.67,1,1,1,1
2003-03-10,0.0,12.313255395173076,0.0,0.0,0.0,0.0,0.0,163.06,0.0,0.0,127.62,0.0,0.0,31.12,57.80933062880326,166.67,1,1,1,1
2003-03-11,0.0,12.444290292597463,0.0,0.0,0.0,0.0,0.0,163.06,0.0,0.0,127.62,0.0,0.0,31.12,57.80933062880326,166.67,1,1,1,1
2003-03-12,0.0,12.640619029694074,0.0,0.0,0.0,0.0,0.0,163.06,0.0,0.0,127.62,0.0,0.0,31.12,57.80933062880326,166.67,1,1,1,1
2003-03-13,0.0,12.837394984870633,0.0,0.0,0.0,0.0,0.0,163.06,0.0,0.0,127.62,0.0,0.0,31.12,57.80933062880326,166.67,1,1,1,1
2003-03-14,0.0,12.96842988229502,0.0,0.0,0.0,0.0,0.0,163.06,0.0,0.0,127.62,0.0,0.0,31.12,57.80933062880326,166.67,1,1,1,1
2003-03-17,0.0,12.96842988229502,0.0,0.0,0.0,0.0,0.0,163.06,0.0,0.0,127.62,0.0,0.0,31.12,57.80933062880326,166.67,1,1,1,1
2003-03-18,0.0,13.819485888433633,0.0,0.0,0.0,0.0,0.0,163.06,0.0,0.0,127.62,0.0,0.0,31.12,57.80933062880326,166.67,0,0,0,1
2003-03-19,0.0,14.016261843610192,0.0,0.0,0.0,0.0,0.0,163.06,0.0,0.0,127.62,0.0,0.0,31.12,57.80933062880326,166.67,0,0,0,0
2003-03-20,0.0,14.147296741034578,0.0,0.0,0.0,0.0,0.0,163.06,0.0,0.0,127.62,0.0,0.0,31.12,57.80933062880326,166.67,0,0,0,0
2003-03-21,0.0,14.212590580706802,0.0,0.0,0.0,0.0,0.0,163.06,0.0,0.0,127.62,0.0,0.0,31.12,57.80933062880326,166.67,0,0,0,0
2003-03-24,0.0,14.212590580706802,0.0,0.0,0.0,0.0,0.0,163.06,0.0,0.0,127.62,0.0,0.0,31.12,57.80933062880326,166.67,0,0,0,0
2003-03-25,0.0,13.8852269461858,0.0,0.0,0.0,0.0,0.0,163.06,0.0,0.0,127.62,0.0,0.0,31.12,57.80933062880326,166.67,0,0,0,1
2003-03-26,0.0,13.8852269461858,0.0,0.0,0.0,0.0,0.0,163.06,0.0,0.0,127.62,0.0,0.0,31.12,57.80933062880326,166.67,0,1,0,1
2003-03-27,0.0,13.819485888433633,0.0,0.0,0.0,0.0,0.0,163.06,0.0,0.0,127.62,0.0,0.0,31.12,57.80933062880326,166.67,0,1,0,1
2003-03-28,0.0,13.623157151337022,0.0,0.0,0.0,0.0,0.0,163.06,0.0,0.0,127.62,0.0,0.0,31.12,57.80933062880326,166.67,0,1,0,1
2003-03-31,0.0,12.706360087446242,0.0,0.0,0.0,0.0,0.0,163.06,0.0,0.0,127.62,0.0,0.0,31.12,57.80933062880326,166.67,1,1,1,1
2003-04-01,0.0,12.706360087446242,0.0,0.0,0.0,0.0,0.0,163.06,0.0,0.0,127.62,0.0,0.0,31.12,57.80933062880326,166.67,1,1,1,1
2003-04-02,0.0,12.575325190021854,0.0,0.0,0.0,0.0,0.0,163.06,0.0,0.0,127.62,0.0,0.0,31.12,57.80933062880326,166.67,1,1,1,1
2003-04-03,0.0,12.902688824542851,0.0,0.0,0.0,0.0,0.0,163.06,0.0,0.0,127.62,0.0,0.0,31.12,57.80933062880326,166.67,1,1,1,1
2003-04-04,0.0,13.754192048761412,0.0,0.0,0.0,0.0,0.0,163.06,0.0,0.0,127.62,0.0,0.0,31.12,57.80933062880326,166.67,1,1,0,1
2003-04-07,0.0,14.670989112652189,0.0,0.0,0.0,0.0,0.0,163.06,0.0,0.0,127.62,0.0,0.0,31.12,57.80933062880326,166.67,0,0,0,1
2003-04-08,0.0,14.670989112652189,0.0,0.0,0.0,0.0,0.0,163.06,0.0,0.0,127.62,0.0,0.0,31.12,57.80933062880326,166.67,0,0,0,1
2003-04-09,0.0,14.278331638458967,0.0,0.0,0.0,0.0,0.0,163.06,0.0,0.0,127.62,0.0,0.0,31.12,57.80933062880326,166.67,1,0,0,1
2003-04-10,0.0,14.081555683282412,0.0,0.0,0.0,0.0,0.0,163.06,0.0,0.0,127.62,0.0,0.0,31.12,57.80933062880326,166.67,1,0,0,1
2003-04-11,0.0,13.8852269461858,0.0,0.0,0.0,0.0,0.0,163.06,0.0,0.0,127.62,0.0,0.0,31.12,57.80933062880326,166.67,1,0,0,1
2003-04-14,0.0,13.754192048761412,0.0,0.0,0.0,0.0,0.0,163.06,0.0,0.0,127.62,0.0,0.0,31.12,57.80933062880326,166.67,1,0,1,1
2003-04-15,0.0,14.212590580706802,0.0,0.0,0.0,0.0,0.0,163.06,0.0,0.0,127.62,0.0,0.0,31.12,57.80933062880326,166.67,0,0,0,1
2003-04-16,0.0,14.736730170404355,0.0,0.0,0.0,0.0,0.0,163.06,0.0,0.0,127.62,0.0,0.0,31.12,57.80933062880326,166.67,0,0,0,1
2003-04-17,0.0,14.5399542152278,0.0,0.0,0.0,0.0,0.0,163.06,0.0,0.0,127.62,0.0,0.0,31.12,57.80933062880326,166.67,0,0,0,1
2003-04-18,0.0,15.064093804925356,0.0,0.0,0.0,0.0,0.0,163.06,0.0,0.0,127.62,0.0,0.0,31.12,57.80933062880326,166.67,0,0,0,1
2003-04-21,0.0,14.736730170404355,0.0,0.0,0.0,0.0,0.0,163.06,0.0,0.0,127.62,0.0,0.0,31.12,57.80933062880326,166.67,0,0,0,1
2003-04-22,0.0,14.5399542152278,0.0,0.0,0.0,0.0,0.0,163.06,0.0,0.0,127.62,0.0,0.0,31.12,57.80933062880326,166.67,0,0,0,1
2003-04-23,0.0,14.605695272979968,0.0,0.0,0.0,0.0,0.0,163.06,0.0,0.0,127.62,0.0,0.0,31.12,57.80933062880326,166.67,0,0,0,1
2003-04-24,0.0,13.623157151337022,0.0,0.0,0.0,0.0,0.0,163.06,0.0,0.0,127.62,0.0,0.0,31.12,57.80933062880326,166.67,0,0,1,1
2003-04-25,0.0,13.099464779719412,0.0,0.0,0.0,0.0,0.0,163.06,0.0,0.0,127.62,0.0,0.0,31.12,57.80933062880326,166.67,0,0,1,1
2003-04-28,0.0,12.771653927118464,0.0,0.0,0.0,0.0,0.0,163.06,0.0,0.0,127.62,0.0,0.0,31.12,57.80933062880326,166.67,0,1,1,1
2003-04-29,0.0,12.96842988229502,0.0,0.0,0.0,0.0,0.0,163.06,0.0,0.0,127.62,0.0,0.0,31.12,57.80933062880326,166.67,0,0,1,1
2003-04-30,0.0,12.444290292597463,0.0,0.0,0.0,0.0,0.0,163.06,0.0,0.0,127.62,0.0,0.0,31.12,57.80933062880326,166.67,1,1,1,1
2003-05-02,0.0,12.313255395173076,0.0,0.0,0.0,0.0,0.0,163.06,0.0,0.0,127.62,0.0,0.0,31.12,57.80933062880326,166.67,1,1,1,1
2003-05-05,0.0,12.575325190021854,0.0,0.0,0.0,0.0,0.0,163.06,0.0,0.0,127.62,0.0,0.0,31.12,57.80933062880326,166.67,1,1,1,1
2003-05-06,0.0,12.640619029694074,0.0,0.0,0.0,0.0,0.0,163.06,0.0,0.0,127.62,0.0,0.0,31.12,57.80933062880326,166.67,1,1,1,1
2003-05-07,0.0,12.96842988229502,0.0,0.0,0.0,0.0,0.0,163.06,0.0,0.0,127.62,0.0,0.0,31.12,57.80933062880326,166.67,0,1,1,1
2003-05-08,0.0,12.575325190021854,0.0,0.0,0.0,0.0,0.0,163.06,0.0,0.0,127.62,0.0,0.0,31.12,57.80933062880326,166.67,1,1,1,1
2003-05-09,0.0,12.706360087446242,0.0,0.0,0.0,0.0,0.0,163.06,0.0,0.0,127.62,0.0,0.0,31.12,57.80933062880326,166.67,1,1,1,1
2003-05-12,0.0,12.706360087446242,0.0,0.0,0.0,0.0,0.0,163.06,0.0,0.0,127.62,0.0,0.0,31.12,57.80933062880326,166.67,1,1,1,1
2003-05-13,0.0,13.099464779719412,0.0,0.0,0.0,0.0,0.0,163.06,0.0,0.0,127.62,0.0,0.0,31.12,57.80933062880326,166.67,0,1,1,1
2003-05-14,0.0,13.164758619391632,0.0,0.0,0.0,0.0,0.0,163.06,0.0,0.0,127.62,0.0,0.0,31.12,57.80933062880326,166.67,0,1,1,1
2003-05-15,0.0,0.0,0.0,0.0,0.0,0.0,0.0,0.0,0.0,0.0,0.0,0.0,0.0,4.2,-86.50385604113112,0.0,1,1,1,1
2003-05-16,0.0,0.0,0.0,0.0,0.0,0.0,0.0,0.0,0.0,0.0,0.0,0.0,0.0,4.2,-86.50385604113112,0.0,1,1,1,1
2003-05-19,0.0,0.0,0.0,0.0,0.0,0.0,0.0,0.0,0.0,0.0,0.0,0.0,0.0,4.2,-86.50385604113112,0.0,1,1,1,1
2003-05-20,0.0,0.0,0.0,0.0,0.0,0.0,0.0,0.0,0.0,0.0,0.0,0.0,0.0,4.2,-86.50385604113112,0.0,1,1,1,1
2003-05-21,0.0,0.0,0.0,0.0,0.0,0.0,0.0,0.0,0.0,0.0,0.0,0.0,0.0,4.2,-86.50385604113112,0.0,1,1,1,1
2003-05-22,0.0,0.0,0.0,0.0,0.0,0.0,0.0,0.0,0.0,0.0,0.0,0.0,0.0,4.2,-86.50385604113112,0.0,1,1,1,1
2003-05-23,0.0,0.0,0.0,0.0,0.0,0.0,0.0,0.0,0.0,0.0,0.0,0.0,0.0,4.2,-86.50385604113112,0.0,1,1,1,1
2003-05-26,0.0,0.0,0.0,0.0,0.0,0.0,0.0,0.0,0.0,0.0,0.0,0.0,0.0,4.2,-86.50385604113112,0.0,1,1,1,1
2003-05-27,0.0,0.0,0.0,0.0,0.0,0.0,0.0,0.0,0.0,0.0,0.0,0.0,0.0,4.2,-86.50385604113112,0.0,1,1,1,1
2003-05-28,0.0,0.0,0.0,0.0,0.0,0.0,0.0,0.0,0.0,0.0,0.0,0.0,0.0,4.2,-86.50385604113112,0.0,1,1,1,1
2003-05-29,0.0,0.0,0.0,0.0,0.0,0.0,0.0,0.0,0.0,0.0,0.0,0.0,0.0,4.2,-86.50385604113112,0.0,1,1,1,1
2003-05-30,0.0,0.0,0.0,0.0,0.0,0.0,0.0,0.0,0.0,0.0,0.0,0.0,0.0,4.2,-86.50385604113112,0.0,1,1,1,1
2003-06-02,0.0,0.0,0.0,0.0,0.0,0.0,0.0,0.0,0.0,0.0,0.0,0.0,0.0,4.2,-86.50385604113112,0.0,1,1,1,1
2003-06-03,0.0,0.0,0.0,0.0,0.0,0.0,0.0,0.0,0.0,0.0,0.0,0.0,0.0,4.2,-86.50385604113112,0.0,1,1,1,1
2003-06-05,0.0,0.0,0.0,0.0,0.0,0.0,0.0,0.0,0.0,0.0,0.0,0.0,0.0,4.2,-86.50385604113112,0.0,1,1,1,1
2003-06-06,0.0,0.0,0.0,0.0,0.0,0.0,0.0,0.0,0.0,0.0,0.0,0.0,0.0,4.2,-86.50385604113112,0.0,1,1,1,1
2003-06-09,0.0,0.0,0.0,0.0,0.0,0.0,0.0,0.0,0.0,0.0,0.0,0.0,0.0,4.2,-86.50385604113112,0.0,0,0,0,1
2003-06-10,0.0,0.0,0.0,0.0,0.0,0.0,0.0,0.0,0.0,0.0,0.0,0.0,0.0,4.2,-86.50385604113112,0.0,0,0,0,1
2003-06-11,0.0,0.0,0.0,0.0,0.0,0.0,0.0,0.0,0.0,0.0,0.0,0.0,0.0,4.2,-86.50385604113112,0.0,0,0,0,1
2003-06-12,0.0,0.0,0.0,0.0,0.0,0.0,0.0,0.0,0.0,0.0,0.0,0.0,0.0,4.2,-86.50385604113112,0.0,0,0,0,1
2003-06-13,0.0,0.0,0.0,0.0,0.0,0.0,0.0,0.0,0.0,0.0,0.0,0.0,0.0,4.2,-86.50385604113112,0.0,0,0,1,1
2003-06-16,0.0,0.0,0.0,0.0,0.0,0.0,0.0,0.0,0.0,0.0,0.0,0.0,0.0,4.2,-86.50385604113112,0.0,0,1,1,1
2003-06-17,0.0,0.0,0.0,0.0,0.0,0.0,0.0,0.0,0.0,0.0,0.0,0.0,0.0,4.2,-86.50385604113112,0.0,0,1,1,1
2003-06-18,0.0,0.0,0.0,0.0,0.0,0.0,0.0,0.0,0.0,0.0,0.0,0.0,0.0,4.2,-86.50385604113112,0.0,0,0,1,1
2003-06-19,0.0,0.0,0.0,0.0,0.0,0.0,0.0,0.0,0.0,0.0,0.0,0.0,0.0,4.2,-86.50385604113112,0.0,0,0,0,1
2003-06-20,0.0,0.0,0.0,0.0,0.0,0.0,0.0,0.0,0.0,0.0,0.0,0.0,0.0,4.2,-86.50385604113112,0.0,0,1,1,1
2003-06-23,0.0,0.0,0.0,0.0,0.0,0.0,0.0,0.0,0.0,0.0,0.0,0.0,0.0,4.2,-86.50385604113112,0.0,1,1,1,1
2003-06-24,0.0,0.0,0.0,0.0,0.0,0.0,0.0,0.0,0.0,0.0,0.0,0.0,0.0,4.2,-86.50385604113112,0.0,1,1,1,1
2003-06-25,0.0,0.0,0.0,0.0,0.0,0.0,0.0,0.0,0.0,0.0,0.0,0.0,0.0,4.2,-86.50385604113112,0.0,1,1,1,1
2003-06-26,0.0,0.0,0.0,0.0,0.0,0.0,0.0,0.0,0.0,0.0,0.0,0.0,0.0,4.2,-86.50385604113112,0.0,1,1,1,1
2003-06-27,0.0,0.0,0.0,0.0,0.0,0.0,0.0,0.0,0.0,0.0,0.0,0.0,0.0,4.2,-86.50385604113112,0.0,1,1,1,1
2003-06-30,0.0,0.0,0.0,0.0,0.0,0.0,0.0,0.0,0.0,0.0,0.0,0.0,0.0,4.2,-86.50385604113112,0.0,1,1,1,1
2003-07-01,0.0,0.0,0.0,0.0,0.0,0.0,0.0,0.0,0.0,0.0,0.0,0.0,0.0,4.2,-86.50385604113112,0.0,1,1,1,1
2003-07-02,0.0,0.0,0.0,0.0,0.0,0.0,0.0,0.0,0.0,0.0,0.0,0.0,0.0,4.2,-86.50385604113112,0.0,1,0,0,0
2003-07-03,0.0,0.0,0.0,0.0,0.0,0.0,0.0,0.0,0.0,0.0,0.0,0.0,0.0,4.2,-86.50385604113112,0.0,1,1,1,1
2003-07-04,0.0,0.0,0.0,0.0,0.0,0.0,0.0,0.0,0.0,0.0,0.0,0.0,0.0,4.2,-86.50385604113112,0.0,1,0,0,0
2003-07-07,0.0,0.0,0.0,0.0,0.0,0.0,0.0,0.0,0.0,0.0,0.0,0.0,0.0,4.2,-86.50385604113112,0.0,0,0,0,0
2003-07-08,0.0,0.0,0.0,0.0,0.0,0.0,0.0,0.0,0.0,0.0,0.0,0.0,0.0,4.2,-86.50385604113112,0.0,0,0,0,0
2003-07-09,0.0,0.0,0.0,0.0,0.0,0.0,0.0,0.0,0.0,0.0,0.0,0.0,0.0,4.2,-86.50385604113112,0.0,0,0,0,0
2003-07-10,0.0,0.0,0.0,0.0,0.0,0.0,0.0,0.0,0.0,0.0,0.0,0.0,0.0,4.2,-86.50385604113112,0.0,0,0,0,0
2003-07-11,0.0,0.0,0.0,0.0,0.0,0.0,0.0,0.0,0.0,0.0,0.0,0.0,0.0,4.2,-86.50385604113112,0.0,1,0,0,0
2003-07-14,0.0,0.0,0.0,0.0,0.0,0.0,0.0,0.0,0.0,0.0,0.0,0.0,0.0,4.2,-86.50385604113112,0.0,0,0,0,0
2003-07-15,0.0,0.0,0.0,0.0,0.0,0.0,0.0,0.0,0.0,0.0,0.0,0.0,0.0,4.2,-86.50385604113112,0.0,0,0,0,0
2003-07-16,0.0,0.0,0.0,0.0,0.0,0.0,0.0,0.0,0.0,0.0,0.0,0.0,0.0,4.2,-86.50385604113112,0.0,0,0,0,0
2003-07-17,0.0,0.0,0.0,0.0,0.0,0.0,0.0,0.0,0.0,0.0,0.0,0.0,0.0,4.2,-86.50385604113112,0.0,0,0,0,0
2003-07-18,0.0,0.0,0.0,0.0,0.0,0.0,0.0,0.0,0.0,0.0,0.0,0.0,0.0,4.2,-86.50385604113112,0.0,0,0,0,0
2003-07-21,0.0,0.0,0.0,0.0,0.0,0.0,0.0,0.0,0.0,0.0,0.0,0.0,0.0,4.2,-86.50385604113112,0.0,1,1,1,1
2003-07-22,0.0,0.0,0.0,0.0,0.0,0.0,0.0,0.0,0.0,0.0,0.0,0.0,0.0,4.2,-86.50385604113112,0.0,0,0,0,0
2003-07-23,0.0,0.0,0.0,0.0,0.0,0.0,0.0,0.0,0.0,0.0,0.0,0.0,0.0,4.2,-86.50385604113112,0.0,0,1,1,0
2003-07-24,0.0,0.0,0.0,0.0,0.0,0.0,0.0,0.0,0.0,0.0,0.0,0.0,0.0,4.2,-86.50385604113112,0.0,0,0,0,0
2003-07-25,0.0,0.0,0.0,0.0,0.0,0.0,0.0,0.0,0.0,0.0,0.0,0.0,0.0,4.2,-86.50385604113112,0.0,0,0,0,0
2003-07-28,0.0,0.0,0.0,0.0,0.0,0.0,0.0,0.0,0.0,0.0,0.0,0.0,0.0,4.2,-86.50385604113112,0.0,1,1,1,1
2003-07-29,0.0,0.0,0.0,0.0,0.0,0.0,0.0,0.0,0.0,0.0,0.0,0.0,0.0,4.2,-86.50385604113112,0.0,1,1,1,1
2003-07-30,0.0,0.0,0.0,0.0,0.0,0.0,0.0,0.0,0.0,0.0,0.0,0.0,0.0,4.2,-86.50385604113112,0.0,1,1,1,1
2003-07-31,0.0,0.0,0.0,0.0,0.0,0.0,0.0,0.0,0.0,0.0,0.0,0.0,0.0,4.2,-86.50385604113112,0.0,1,1,1,1
2003-08-01,0.0,0.0,0.0,0.0,0.0,0.0,0.0,0.0,0.0,0.0,0.0,0.0,0.0,4.2,-86.50385604113112,0.0,0,0,0,0
2003-08-04,0.0,0.0,0.0,0.0,0.0,0.0,0.0,0.0,0.0,0.0,0.0,0.0,0.0,4.2,-86.50385604113112,0.0,1,1,1,0
2003-08-05,0.0,0.0,0.0,0.0,0.0,0.0,0.0,0.0,0.0,0.0,0.0,0.0,0.0,4.2,-86.50385604113112,0.0,1,1,1,0
2003-08-06,0.0,0.0,0.0,0.0,0.0,0.0,0.0,0.0,0.0,0.0,0.0,0.0,0.0,4.2,-86.50385604113112,0.0,1,1,1,0
2003-08-07,0.0,0.0,0.0,0.0,0.0,0.0,0.0,0.0,0.0,0.0,0.0,0.0,0.0,4.2,-86.50385604113112,0.0,1,1,1,0
2003-08-08,0.0,0.0,0.0,0.0,0.0,0.0,0.0,0.0,0.0,0.0,0.0,0.0,0.0,4.2,-86.50385604113112,0.0,1,1,1,0
2003-08-11,0.0,0.0,0.0,0.0,0.0,0.0,0.0,0.0,0.0,0.0,0.0,0.0,0.0,4.2,-86.50385604113112,0.0,1,1,1,0
2003-08-12,0.0,0.0,0.0,0.0,0.0,0.0,0.0,0.0,0.0,0.0,0.0,0.0,0.0,4.2,-86.50385604113112,0.0,1,0,0,0
2003-08-13,0.0,0.0,0.0,0.0,0.0,0.0,0.0,0.0,0.0,0.0,0.0,0.0,0.0,4.2,-86.50385604113112,0.0,0,0,0,0
2003-08-14,0.0,292.64883674651367,0.0,0.0,0.0,0.0,0.0,0.0,0.0,0.0,0.0,0.0,0.0,7.47,77.85714285714285,0.0,0,0,0,0
2003-08-15,0.0,294.7413136908385,0.0,0.0,0.0,0.0,0.0,0.0,0.0,0.0,0.0,0.0,0.0,7.47,77.85714285714285,0.0,0,0,0,0
2003-08-18,0.0,287.4245731173054,0.0,0.0,0.0,0.0,0.0,0.0,0.0,0.0,0.0,0.0,0.0,7.47,77.85714285714285,0.0,0,0,0,0
2003-08-19,0.0,289.51012133002644,0.0,0.0,0.0,0.0,0.0,0.0,0.0,0.0,0.0,0.0,0.0,7.47,77.85714285714285,0.0,0,0,0,0
2003-08-20,0.0,295.7806234313972,0.0,0.0,0.0,0.0,0.0,0.0,0.0,0.0,0.0,0.0,0.0,7.47,77.85714285714285,0.0,0,0,0,0
2003-08-21,0.0,299.9655773200468,0.0,0.0,0.0,0.0,0.0,0.0,0.0,0.0,0.0,0.0,0.0,7.47,77.85714285714285,0.0,0,0,0,0
2003-08-22,0.0,292.64883674651367,0.0,0.0,0.0,0.0,0.0,0.0,0.0,0.0,0.0,0.0,0.0,7.47,77.85714285714285,0.0,0,0,0,0
2003-08-25,0.0,294.7413136908385,0.0,0.0,0.0,0.0,0.0,0.0,0.0,0.0,0.0,0.0,0.0,7.47,77.85714285714285,0.0,0,0,0,0
2003-08-26,0.0,284.28585770081816,0.0,0.0,0.0,0.0,0.0,0.0,0.0,0.0,0.0,0.0,0.0,7.47,77.85714285714285,0.0,0,0,0,0
2003-08-27,0.0,279.0615940716099,0.0,0.0,0.0,0.0,0.0,0.0,0.0,0.0,0.0,0.0,0.0,7.47,77.85714285714285,0.0,1,1,0,0
2003-08-28,0.0,280.10783254377225,0.0,0.0,0.0,0.0,0.0,0.0,0.0,0.0,0.0,0.0,0.0,7.47,77.85714285714285,0.0,1,1,0,0
2003-08-29,0.0,288.47081158946776,0.0,0.0,0.0,0.0,0.0,0.0,0.0,0.0,0.0,0.0,0.0,7.47,77.85714285714285,0.0,0,0,0,0
2003-09-01,0.0,286.37833464514296,0.0,0.0,0.0,0.0,0.0,0.0,0.0,0.0,0.0,0.0,0.0,7.47,77.85714285714285,0.0,0,0,0,0
2003-09-02,0.0,288.47081158946776,0.0,0.0,0.0,0.0,0.0,0.0,0.0,0.0,0.0,0.0,0.0,7.47,77.85714285714285,0.0,0,0,0,0
2003-09-03,0.0,281.1540710159347,0.0,0.0,0.0,0.0,0.0,0.0,0.0,0.0,0.0,0.0,0.0,7.47,77.85714285714285,0.0,0,0,0,0
2003-09-04,0.0,272.7910919702391,0.0,0.0,0.0,0.0,0.0,0.0,0.0,0.0,0.0,0.0,0.0,7.47,77.85714285714285,0.0,1,1,0,0
2003-09-05,0.0,273.83733044240154,0.0,0.0,0.0,0.0,0.0,0.0,0.0,0.0,0.0,0.0,0.0,7.47,77.85714285714285,0.0,1,1,0,0
2003-09-08,0.0,275.92287865512264,0.0,0.0,0.0,0.0,0.0,0.0,0.0,0.0,0.0,0.0,0.0,7.47,77.85714285714285,0.0,1,1,0,0
2003-09-09,0.0,287.4245731173054,0.0,0.0,0.0,0.0,0.0,0.0,0.0,0.0,0.0,0.0,0.0,7.47,77.85714285714285,0.0,0,0,0,0
2003-09-10,0.0,285.3320961729806,0.0,0.0,0.0,0.0,0.0,0.0,0.0,0.0,0.0,0.0,0.0,7.47,77.85714285714285,0.0,0,0,0,0
2003-09-12,0.0,280.10783254377225,0.0,0.0,0.0,0.0,0.0,0.0,0.0,0.0,0.0,0.0,0.0,7.47,77.85714285714285,0.0,1,0,0,0
2003-09-15,0.0,280.10783254377225,0.0,0.0,0.0,0.0,0.0,0.0,0.0,0.0,0.0,0.0,0.0,7.47,77.85714285714285,0.0,1,0,0,0
2003-09-16,0.0,282.1933807564933,0.0,0.0,0.0,0.0,0.0,0.0,0.0,0.0,0.0,0.0,0.0,7.47,77.85714285714285,0.0,1,0,0,0
2003-09-17,0.0,288.47081158946776,0.0,0.0,0.0,0.0,0.0,0.0,0.0,0.0,0.0,0.0,0.0,7.47,77.85714285714285,0.0,0,0,0,0
2003-09-18,0.0,283.2396192286558,0.0,0.0,0.0,0.0,0.0,0.0,0.0,0.0,0.0,0.0,0.0,7.47,77.85714285714285,0.0,0,0,0,0
2003-09-19,0.0,285.3320961729806,0.0,0.0,0.0,0.0,0.0,0.0,0.0,0.0,0.0,0.0,0.0,7.47,77.85714285714285,0.0,0,0,0,0
2003-09-22,0.0,286.37833464514296,0.0,0.0,0.0,0.0,0.0,0.0,0.0,0.0,0.0,0.0,0.0,7.47,77.85714285714285,0.0,0,0,0,0
2003-09-23,0.0,288.47081158946776,0.0,0.0,0.0,0.0,0.0,0.0,0.0,0.0,0.0,0.0,0.0,7.47,77.85714285714285,0.0,0,0,0,0
2003-09-24,0.0,290.55635980218887,0.0,0.0,0.0,0.0,0.0,0.0,0.0,0.0,0.0,0.0,0.0,7.47,77.85714285714285,0.0,0,0,0,0
2003-09-25,0.0,288.47081158946776,0.0,0.0,0.0,0.0,0.0,0.0,0.0,0.0,0.0,0.0,0.0,7.47,77.85714285714285,0.0,0,0,0,0
2003-09-26,0.0,284.28585770081816,0.0,0.0,0.0,0.0,0.0,0.0,0.0,0.0,0.0,0.0,0.0,7.47,77.85714285714285,0.0,0,0,0,0
2003-09-29,0.0,278.01535559944745,0.0,0.0,0.0,0.0,0.0,0.0,0.0,0.0,0.0,0.0,0.0,7.47,77.85714285714285,0.0,0,0,0,0
2003-09-30,0.0,272.7910919702391,0.0,0.0,0.0,0.0,0.0,0.0,0.0,0.0,0.0,0.0,0.0,7.47,77.85714285714285,0.0,0,0,0,0
2003-10-01,0.0,264.4281129245436,0.0,0.0,0.0,0.0,0.0,0.0,0.0,0.0,0.0,0.0,0.0,7.47,77.85714285714285,0.0,0,0,0,0
2003-10-02,0.0,264.4281129245436,0.0,0.0,0.0,0.0,0.0,0.0,0.0,0.0,0.0,0.0,0.0,7.47,77.85714285714285,0.0,0,0,0,0
2003-10-03,0.0,264.4281129245436,0.0,0.0,0.0,0.0,0.0,0.0,0.0,0.0,0.0,0.0,0.0,7.47,77.85714285714285,0.0,0,0,0,0
2003-10-06,0.0,265.474351396706,0.0,0.0,0.0,0.0,0.0,0.0,0.0,0.0,0.0,0.0,0.0,7.47,77.85714285714285,0.0,0,0,0,0
2003-10-07,0.0,258.1576108231729,0.0,0.0,0.0,0.0,0.0,0.0,0.0,0.0,0.0,0.0,0.0,7.47,77.85714285714285,0.0,0,0,0,0
2003-10-08,0.0,257.11137235101046,0.0,0.0,0.0,0.0,0.0,0.0,0.0,0.0,0.0,0.0,0.0,7.47,77.85714285714285,0.0,0,0,0,0
2003-10-09,0.0,260.2500877674977,0.0,0.0,0.0,0.0,0.0,0.0,0.0,0.0,0.0,0.0,0.0,7.47,77.85714285714285,0.0,0,0,0,0
2003-10-13,0.0,257.11137235101046,0.0,0.0,0.0,0.0,0.0,0.0,0.0,0.0,0.0,0.0,0.0,7.47,77.85714285714285,0.0,0,0,0,0
2003-10-14,0.0,239.3461045190608,0.0,0.0,0.0,0.0,0.0,0.0,0.0,0.0,0.0,0.0,0.0,7.47,77.85714285714285,0.0,0,0,0,0
2003-10-15,0.0,239.3461045190608,0.0,0.0,0.0,0.0,0.0,0.0,0.0,0.0,0.0,0.0,0.0,7.47,77.85714285714285,0.0,0,0,0,0
2003-10-16,0.0,243.5241296761067,0.0,0.0,0.0,0.0,0.0,0.0,0.0,0.0,0.0,0.0,0.0,7.47,77.85714285714285,0.0,0,0,0,0
2003-10-17,0.0,247.70908356475627,0.0,0.0,0.0,0.0,0.0,0.0,0.0,0.0,0.0,0.0,0.0,7.47,77.85714285714285,0.0,0,0,0,0
2003-10-20,0.0,249.79463177747732,0.0,0.0,0.0,0.0,0.0,0.0,0.0,0.0,0.0,0.0,0.0,7.47,77.85714285714285,0.0,0,0,0,0
2003-10-21,0.0,240.3923429912232,0.0,0.0,0.0,0.0,0.0,0.0,0.0,0.0,0.0,0.0,0.0,7.47,77.85714285714285,0.0,0,0,0,0
2003-10-22,0.0,240.3923429912232,0.0,0.0,0.0,0.0,0.0,0.0,0.0,0.0,0.0,0.0,0.0,7.47,77.85714285714285,0.0,0,0,0,0
2003-10-23,0.0,234.1218408898524,0.0,0.0,0.0,0.0,0.0,0.0,0.0,0.0,0.0,0.0,0.0,7.47,77.85714285714285,0.0,0,0,0,0
2003-10-24,0.0,229.93688700120285,0.0,0.0,0.0,0.0,0.0,0.0,0.0,0.0,0.0,0.0,0.0,7.47,77.85714285714285,0.0,0,0,0,0
2003-10-27,0.0,228.8906485290404,0.0,0.0,0.0,0.0,0.0,0.0,0.0,0.0,0.0,0.0,0.0,7.47,77.85714285714285,0.0,0,0,0,0
2003-10-28,0.0,236.2073891025736,0.0,0.0,0.0,0.0,0.0,0.0,0.0,0.0,0.0,0.0,0.0,7.47,77.85714285714285,0.0,0,0,0,0
2003-10-29,0.0,235.1611506304111,0.0,0.0,0.0,0.0,0.0,0.0,0.0,0.0,0.0,0.0,0.0,7.47,77.85714285714285,0.0,0,0,0,0
2003-10-30,0.0,232.0293639455276,0.0,0.0,0.0,0.0,0.0,0.0,0.0,0.0,0.0,0.0,0.0,7.47,77.85714285714285,0.0,0,0,0,0
2003-10-31,0.0,225.7588618441569,0.0,0.0,0.0,0.0,0.0,0.0,0.0,0.0,0.0,0.0,0.0,7.47,77.85714285714285,0.0,0,0,0,1
2003-11-03,0.0,223.66638489983208,0.0,0.0,0.0,0.0,0.0,0.0,0.0,0.0,0.0,0.0,0.0,7.47,77.85714285714285,0.0,1,0,0,1
2003-11-04,0.0,227.844410056878,0.0,0.0,0.0,0.0,0.0,0.0,0.0,0.0,0.0,0.0,0.0,7.47,77.85714285714285,0.0,0,0,0,0
2003-11-05,0.0,230.9831254733652,0.0,0.0,0.0,0.0,0.0,0.0,0.0,0.0,0.0,0.0,0.0,7.47,77.85714285714285,0.0,0,0,0,0
2003-11-06,0.0,223.66638489983208,0.0,0.0,0.0,0.0,0.0,0.0,0.0,0.0,0.0,0.0,0.0,7.47,77.85714285714285,0.0,0,0,0,1
2003-11-07,0.0,226.8051003163193,0.0,0.0,0.0,0.0,0.0,0.0,0.0,0.0,0.0,0.0,0.0,7.47,77.85714285714285,0.0,0,0,0,1
2003-11-10,0.0,225.7588618441569,0.0,0.0,0.0,0.0,0.0,0.0,0.0,0.0,0.0,0.0,0.0,7.47,77.85714285714285,0.0,0,0,0,1
2003-11-11,0.0,220.5345982149486,0.0,0.0,0.0,0.0,0.0,0.0,0.0,0.0,0.0,0.0,0.0,7.47,77.85714285714285,0.0,0,0,0,1
2003-11-12,0.0,223.66638489983208,0.0,0.0,0.0,0.0,0.0,0.0,0.0,0.0,0.0,0.0,0.0,7.47,77.85714285714285,0.0,0,0,0,1
2003-11-13,0.0,224.7126233719945,0.0,0.0,0.0,0.0,0.0,0.0,0.0,0.0,0.0,0.0,0.0,7.47,77.85714285714285,0.0,0,0,0,1
2003-11-14,0.0,290.9196428571432,0.0,0.0,0.0,0.0,0.0,0.0,-47.92,0.0,0.0,-10.85,0.0,22.25,197.8580990629184,0.0,0,0,0,1
2003-11-17,0.0,285.5267857142861,0.0,0.0,0.0,0.0,0.0,0.0,-47.92,0.0,0.0,-10.85,0.0,22.25,197.8580990629184,0.0,0,0,0,1
2003-11-18,0.0,278.79464285714323,0.0,0.0,0.0,0.0,0.0,0.0,-47.92,0.0,0.0,-10.85,0.0,22.25,197.8580990629184,0.0,0,0,1,1
2003-11-19,0.0,270.71428571428606,0.0,0.0,0.0,0.0,0.0,0.0,-47.92,0.0,0.0,-10.85,0.0,22.25,197.8580990629184,0.0,1,1,1,1
2003-11-20,0.0,270.71428571428606,0.0,0.0,0.0,0.0,0.0,0.0,-47.92,0.0,0.0,-10.85,0.0,22.25,197.8580990629184,0.0,1,1,1,1
2003-11-21,0.0,273.4107142857147,0.0,0.0,0.0,0.0,0.0,0.0,-47.92,0.0,0.0,-10.85,0.0,22.25,197.8580990629184,0.0,1,1,1,1
2003-11-24,0.0,270.71428571428606,0.0,0.0,0.0,0.0,0.0,0.0,-47.92,0.0,0.0,-10.85,0.0,22.25,197.8580990629184,0.0,1,1,1,1
2003-11-25,0.0,272.06250000000034,0.0,0.0,0.0,0.0,0.0,0.0,-47.92,0.0,0.0,-10.85,0.0,22.25,197.8580990629184,0.0,1,1,1,1
2003-11-26,0.0,273.4107142857147,0.0,0.0,0.0,0.0,0.0,0.0,-47.92,0.0,0.0,-10.85,0.0,22.25,197.8580990629184,0.0,1,1,1,1
2003-11-27,0.0,270.71428571428606,0.0,0.0,0.0,0.0,0.0,0.0,-47.92,0.0,0.0,-10.85,0.0,22.25,197.8580990629184,0.0,1,1,1,1
2003-11-28,0.0,269.3660714285718,0.0,0.0,0.0,0.0,0.0,0.0,-47.92,0.0,0.0,-10.85,0.0,22.25,197.8580990629184,0.0,1,1,1,1
2003-12-01,0.0,285.5267857142861,0.0,0.0,0.0,0.0,0.0,0.0,-47.92,0.0,0.0,-10.85,0.0,22.25,197.8580990629184,0.0,0,0,1,1
2003-12-02,0.0,284.1875000000004,0.0,0.0,0.0,0.0,0.0,0.0,-47.92,0.0,0.0,-10.85,0.0,22.25,197.8580990629184,0.0,0,0,1,1
2003-12-03,0.0,290.9196428571432,0.0,0.0,0.0,0.0,0.0,0.0,-47.92,0.0,0.0,-10.85,0.0,22.25,197.8580990629184,0.0,0,0,1,1
2003-12-04,0.0,290.9196428571432,0.0,0.0,0.0,0.0,0.0,0.0,-47.92,0.0,0.0,-10.85,0.0,22.25,197.8580990629184,0.0,0,0,1,1
2003-12-05,0.0,285.5267857142861,0.0,0.0,0.0,0.0,0.0,0.0,-47.92,0.0,0.0,-10.85,0.0,22.25,197.8580990629184,0.0,0,0,1,1
2003-12-08,0.0,282.83928571428606,0.0,0.0,0.0,0.0,0.0,0.0,-47.92,0.0,0.0,-10.85,0.0,22.25,197.8580990629184,0.0,0,0,1,1
2003-12-09,0.0,284.1875000000004,0.0,0.0,0.0,0.0,0.0,0.0,-47.92,0.0,0.0,-10.85,0.0,22.25,197.8580990629184,0.0,0,0,1,1
2003-12-10,0.0,276.0982142857147,0.0,0.0,0.0,0.0,0.0,0.0,-47.92,0.0,0.0,-10.85,0.0,22.25,197.8580990629184,0.0,0,1,1,1
2003-12-11,0.0,277.4464285714289,0.0,0.0,0.0,0.0,0.0,0.0,-47.92,0.0,0.0,-10.85,0.0,22.25,197.8580990629184,0.0,0,1,1,1
2003-12-12,0.0,276.0982142857147,0.0,0.0,0.0,0.0,0.0,0.0,-47.92,0.0,0.0,-10.85,0.0,22.25,197.8580990629184,0.0,0,1,1,1
2003-12-15,0.0,277.4464285714289,0.0,0.0,0.0,0.0,0.0,0.0,-47.92,0.0,0.0,-10.85,0.0,22.25,197.8580990629184,0.0,0,1,1,1
2003-12-16,0.0,273.4107142857147,0.0,0.0,0.0,0.0,0.0,0.0,-47.92,0.0,0.0,-10.85,0.0,22.25,197.8580990629184,0.0,1,1,1,1
2003-12-17,0.0,269.3660714285718,0.0,0.0,0.0,0.0,0.0,0.0,-47.92,0.0,0.0,-10.85,0.0,22.25,197.8580990629184,0.0,1,1,1,1
2003-12-18,0.0,269.3660714285718,0.0,0.0,0.0,0.0,0.0,0.0,-47.92,0.0,0.0,-10.85,0.0,22.25,197.8580990629184,0.0,1,1,1,1
2003-12-19,0.0,274.7589285714289,0.0,0.0,0.0,0.0,0.0,0.0,-47.92,0.0,0.0,-10.85,0.0,22.25,197.8580990629184,0.0,1,1,1,1
2003-12-22,0.0,276.0982142857147,0.0,0.0,0.0,0.0,0.0,0.0,-47.92,0.0,0.0,-10.85,0.0,22.25,197.8580990629184,0.0,1,1,1,1
2003-12-23,0.0,277.4464285714289,0.0,0.0,0.0,0.0,0.0,0.0,-47.92,0.0,0.0,-10.85,0.0,22.25,197.8580990629184,0.0,1,1,1,1
2003-12-24,0.0,282.83928571428606,0.0,0.0,0.0,0.0,0.0,0.0,-47.92,0.0,0.0,-10.85,0.0,22.25,197.8580990629184,0.0,1,1,1,1
2003-12-25,0.0,286.87500000000034,0.0,0.0,0.0,0.0,0.0,0.0,-47.92,0.0,0.0,-10.85,0.0,22.25,197.8580990629184,0.0,1,1,1,1
2003-12-26,0.0,286.87500000000034,0.0,0.0,0.0,0.0,0.0,0.0,-47.92,0.0,0.0,-10.85,0.0,22.25,197.8580990629184,0.0,1,1,1,1
2003-12-29,0.0,284.1875000000004,0.0,0.0,0.0,0.0,0.0,0.0,-47.92,0.0,0.0,-10.85,0.0,22.25,197.8580990629184,0.0,1,1,1,1
2003-12-30,0.0,286.87500000000034,0.0,0.0,0.0,0.0,0.0,0.0,-47.92,0.0,0.0,-10.85,0.0,22.25,197.8580990629184,0.0,1,1,1,1
2003-12-31,0.0,286.87500000000034,0.0,0.0,0.0,0.0,0.0,0.0,-47.92,0.0,0.0,-10.85,0.0,22.25,197.8580990629184,0.0,1,1,1,1
2004-01-02,0.0,292.2678571428575,0.0,0.0,0.0,0.0,0.0,0.0,-47.92,0.0,0.0,-10.85,0.0,22.25,197.8580990629184,0.0,1,1,1,1
2004-01-05,0.0,308.42857142857184,0.0,0.0,0.0,0.0,0.0,0.0,-47.92,0.0,0.0,-10.85,0.0,22.25,197.8580990629184,0.0,1,1,1,1
2004-01-06,0.0,307.0803571428576,0.0,0.0,0.0,0.0,0.0,0.0,-47.92,0.0,0.0,-10.85,0.0,22.25,197.8580990629184,0.0,1,1,1,1
2004-01-07,0.0,313.81250000000045,0.0,0.0,0.0,0.0,-5.75,0.0,-47.92,0.0,0.0,-10.85,0.0,22.25,197.8580990629184,0.0,1,1,1,1
2004-01-08,0.0,323.24107142857184,0.0,0.0,0.0,0.0,-5.75,0.0,-47.92,0.0,0.0,-10.85,0.0,22.25,197.8580990629184,0.0,1,1,1,1
2004-01-09,0.0,329.97321428571473,0.0,0.0,0.0,0.0,-5.75,0.0,-47.92,0.0,0.0,-10.85,0.0,22.25,197.8580990629184,0.0,0,0,0,1
2004-01-12,0.0,325.93750000000045,0.0,0.0,0.0,0.0,-5.75,0.0,-47.92,0.0,0.0,-10.85,0.0,22.25,197.8580990629184,0.0,1,0,1,1
2004-01-13,0.0,321.8928571428576,0.0,0.0,0.0,0.0,-5.75,0.0,-47.92,0.0,0.0,-10.85,0.0,22.25,197.8580990629184,0.0,1,1,1,1
2004-01-14,0.0,324.5892857142861,0.0,0.0,0.0,0.0,-5.75,0.0,-47.92,0.0,0.0,-10.85,0.0,22.25,197.8580990629184,0.0,1,0,1,1
2004-01-15,0.0,317.8571428571433,0.0,0.0,0.0,0.0,-5.75,0.0,-47.92,0.0,0.0,-10.85,0.0,22.25,197.8580990629184,0.0,1,1,1,1
2004-01-16,0.0,316.5089285714289,0.0,0.0,0.0,0.0,-5.75,0.0,-47.92,0.0,0.0,-10.85,0.0,22.25,197.8580990629184,0.0,1,1,1,1
2004-01-27,0.0,327.28571428571473,0.0,0.0,0.0,0.0,-5.75,0.0,-47.92,0.0,0.0,-10.85,0.0,22.25,197.8580990629184,0.0,1,0,1,1
2004-01-28,0.0,343.446428571429,0.0,0.0,0.0,0.0,-5.75,0.0,-47.92,0.0,0.0,-10.85,0.0,22.25,197.8580990629184,0.0,0,0,0,1
2004-01-29,0.0,340.75000000000045,0.0,0.0,0.0,0.0,-5.75,0.0,-47.92,0.0,0.0,-10.85,0.0,22.25,197.8580990629184,0.0,0,0,0,1
2004-01-30,0.0,336.7142857142862,0.0,0.0,0.0,0.0,-5.75,0.0,-47.92,0.0,0.0,-10.85,0.0,22.25,197.8580990629184,0.0,0,0,0,1
2004-02-02,0.0,325.93750000000045,0.0,0.0,0.0,0.0,-5.75,0.0,-47.92,0.0,0.0,-10.85,0.0,22.25,197.8580990629184,0.0,0,0,1,1
2004-02-03,0.0,332.6696428571433,0.0,0.0,0.0,0.0,-5.75,0.0,-47.92,0.0,0.0,-10.85,0.0,22.25,197.8580990629184,0.0,0,0,1,1
2004-02-04,0.0,323.24107142857184,0.0,0.0,0.0,0.0,-5.75,0.0,-47.92,0.0,0.0,-10.85,0.0,22.25,197.8580990629184,0.0,0,1,1,1
2004-02-05,0.0,323.24107142857184,0.0,0.0,0.0,0.0,-5.75,0.0,-47.92,0.0,0.0,-10.85,0.0,22.25,197.8580990629184,0.0,0,1,1,1
2004-02-06,0.0,325.93750000000045,0.0,0.0,0.0,0.0,-5.75,0.0,-47.92,0.0,0.0,-10.85,0.0,22.25,197.8580990629184,0.0,0,1,1,1
2004-02-09,0.0,325.93750000000045,0.0,0.0,0.0,0.0,0.0,0.0,-47.92,0.0,0.0,-10.85,0.0,22.25,197.8580990629184,0.0,0,1,1,1
2004-02-10,0.0,319.2053571428576,0.0,0.0,0.0,0.0,0.0,0.0,-47.92,0.0,0.0,-10.85,0.0,22.25,197.8580990629184,0.0,0,1,1,1
2004-02-11,0.0,319.2053571428576,0.0,0.0,0.0,0.0,0.0,0.0,-47.92,0.0,0.0,-10.85,0.0,22.25,197.8580990629184,0.0,0,1,1,1
2004-02-12,0.0,321.8928571428576,0.0,0.0,0.0,0.0,0.0,0.0,-47.92,0.0,0.0,-10.85,0.0,22.25,197.8580990629184,0.0,0,1,1,1
2004-02-13,0.0,316.5089285714289,0.0,0.0,0.0,0.0,0.0,0.0,-47.92,0.0,0.0,-10.85,0.0,22.25,197.8580990629184,0.0,1,1,1,1
2004-02-16,0.0,-10.124211192260876,0.0,0.0,0.0,0.0,0.0,173.82,-45.79,0.0,17.98,-53.79,0.0,23.41,5.213483146067417,0.0,1,1,1,1
2004-02-17,0.0,-10.16789492440259,0.0,0.0,0.0,0.0,0.0,173.82,-45.79,0.0,17.98,-53.79,0.0,23.41,5.213483146067417,0.0,1,1,1,1
2004-02-18,0.0,-10.604442949580372,0.0,0.0,0.0,0.0,0.0,173.82,-45.79,0.0,17.98,-53.79,0.0,23.41,5.213483146067417,0.0,1,1,1,1
2004-02-19,0.0,-10.517075485296946,0.0,0.0,0.0,0.0,0.0,173.82,-45.79,0.0,17.98,-53.79,0.0,23.41,5.213483146067417,0.0,1,1,1,1
2004-02-20,0.0,-10.604442949580372,0.0,0.0,0.0,0.0,0.0,173.82,-45.79,0.0,17.98,-53.79,0.0,23.41,5.213483146067417,0.0,1,1,1,1
2004-02-23,0.0,-10.517075485296946,0.0,0.0,0.0,0.0,0.0,173.82,-45.79,0.0,17.98,-53.79,0.0,23.41,5.213483146067417,0.0,1,1,1,1
2004-02-24,0.0,-10.298946120827727,0.0,0.0,0.0,0.0,0.0,173.82,-45.79,0.0,17.98,-53.79,0.0,23.41,5.213483146067417,0.0,1,1,1,1
2004-02-25,0.0,-10.386024288871806,0.0,0.0,0.0,0.0,0.0,173.82,-45.79,0.0,17.98,-53.79,0.0,23.41,5.213483146067417,0.0,1,1,1,1
2004-02-26,0.0,-10.604442949580372,0.0,0.0,0.0,0.0,0.0,173.82,-45.79,0.0,17.98,-53.79,0.0,23.41,5.213483146067417,0.0,1,1,1,1
2004-02-27,0.0,-10.73520484976616,0.0,0.0,0.0,0.0,0.0,173.82,-45.79,0.0,17.98,-53.79,0.0,23.41,5.213483146067417,0.0,1,1,1,1
2004-03-01,0.0,-10.8662560461913,0.0,0.0,0.0,0.0,0.0,173.82,-45.79,0.0,17.98,-53.79,0.0,23.41,5.213483146067417,0.0,1,1,1,1
2004-03-02,0.0,-11.564327871740664,0.0,0.0,0.0,0.0,0.0,173.82,-45.79,0.0,17.98,-53.79,0.0,23.41,5.213483146067417,0.0,0,0,1,0
2004-03-03,0.0,-11.346198507271447,0.0,0.0,0.0,0.0,0.0,173.82,-45.79,0.0,17.98,-53.79,0.0,23.41,5.213483146067417,0.0,0,1,1,1
2004-03-04,0.0,-11.739062800307517,0.0,0.0,0.0,0.0,0.0,173.82,-45.79,0.0,17.98,-53.79,0.0,23.41,5.213483146067417,0.0,0,0,1,0
2004-03-05,0.0,-11.215147310846309,0.0,0.0,0.0,0.0,0.0,173.82,-45.79,0.0,17.98,-53.79,0.0,23.41,5.213483146067417,0.0,1,1,1,1
2004-03-08,0.0,-11.084385410660516,0.0,0.0,0.0,0.0,0.0,173.82,-45.79,0.0,17.98,-53.79,0.0,23.41,5.213483146067417,0.0,1,1,1,1
2004-03-09,0.0,-11.128069142802232,0.0,0.0,0.0,0.0,0.0,173.82,-45.79,0.0,17.98,-53.79,0.0,23.41,5.213483146067417,0.0,1,1,1,1
2004-03-10,0.0,-10.909939778333015,0.0,0.0,0.0,0.0,0.0,173.82,-45.79,0.0,17.98,-53.79,0.0,23.41,5.213483146067417,0.0,1,1,1,1
2004-03-11,0.0,-11.433565971554875,0.0,0.0,0.0,0.0,0.0,173.82,-45.79,0.0,17.98,-53.79,0.0,23.41,5.213483146067417,0.0,1,1,1,1
2004-03-12,0.0,-11.128069142802232,0.0,0.0,0.0,0.0,0.0,173.82,-45.79,0.0,17.98,-53.79,0.0,23.41,5.213483146067417,0.0,1,1,1,1
2004-03-15,0.0,-10.909939778333015,0.0,0.0,0.0,0.0,0.0,173.82,-45.79,0.0,17.98,-53.79,0.0,23.41,5.213483146067417,0.0,1,1,1,1
2004-03-16,0.0,-11.302514775129737,0.0,0.0,0.0,0.0,0.0,173.82,-45.79,0.0,17.98,-53.79,0.0,23.41,5.213483146067417,0.0,1,1,1,1
2004-03-17,0.0,-11.215147310846309,0.0,0.0,0.0,0.0,0.0,173.82,-45.79,0.0,17.98,-53.79,0.0,23.41,5.213483146067417,0.0,1,1,1,1
2004-03-18,0.0,-11.957192164776732,0.0,0.0,0.0,0.0,0.0,173.82,-45.79,0.0,17.98,-53.79,0.0,23.41,5.213483146067417,0.0,1,1,1,0
2004-03-19,0.0,-12.480818357998594,0.0,0.0,0.0,0.0,0.0,173.82,-45.79,0.0,17.98,-53.79,0.0,23.41,5.213483146067417,0.0,0,1,0,0
2004-03-22,0.0,-11.608011603882376,0.0,0.0,0.0,0.0,0.0,173.82,-45.79,0.0,17.98,-53.79,0.0,23.41,5.213483146067417,0.0,1,1,1,0
2004-03-23,0.0,-12.306372725671087,0.0,0.0,0.0,0.0,0.0,173.82,-45.79,0.0,17.98,-53.79,0.0,23.41,5.213483146067417,0.0,0,1,0,0
2004-03-24,0.0,-12.219005261387665,0.0,0.0,0.0,0.0,0.0,173.82,-45.79,0.0,17.98,-53.79,0.0,23.41,5.213483146067417,0.0,1,1,0,0
2004-03-25,0.0,-11.608011603882376,0.0,0.0,0.0,0.0,0.0,173.82,-45.79,0.0,17.98,-53.79,0.0,23.41,5.213483146067417,0.0,1,1,1,0
2004-03-26,0.0,-11.433565971554875,0.0,0.0,0.0,0.0,0.0,173.82,-45.79,0.0,17.98,-53.79,0.0,23.41,5.213483146067417,0.0,1,1,1,0
2004-03-29,0.0,-12.219005261387665,0.0,0.0,0.0,0.0,0.0,173.82,-45.79,0.0,17.98,-53.79,0.0,23.41,5.213483146067417,0.0,1,1,0,0
2004-03-30,0.0,-12.349767161573451,0.0,0.0,0.0,0.0,0.0,173.82,-45.79,0.0,17.98,-53.79,0.0,23.41,5.213483146067417,0.0,1,1,0,0
2004-03-31,0.0,-12.175321529245949,0.0,0.0,0.0,0.0,0.0,173.82,-45.79,0.0,17.98,-53.79,0.0,23.41,5.213483146067417,0.0,1,1,0,0
2004-04-01,0.0,-12.655263990326096,0.0,0.0,0.0,0.0,0.0,173.82,-45.79,0.0,17.98,-53.79,0.0,23.41,5.213483146067417,0.0,1,0,0,0
2004-04-02,0.0,-12.349767161573451,0.0,0.0,0.0,0.0,0.0,173.82,-45.79,0.0,17.98,-53.79,0.0,23.41,5.213483146067417,0.0,1,1,0,0
2004-04-05,0.0,-13.179179479787305,0.0,0.0,0.0,0.0,0.0,173.82,-45.79,0.0,17.98,-53.79,0.0,23.41,5.213483146067417,0.0,0,0,0,0
2004-04-06,0.0,-13.135495747645592,0.0,0.0,0.0,0.0,0.0,173.82,-45.79,0.0,17.98,-53.79,0.0,23.41,5.213483146067417,0.0,0,0,0,0
2004-04-07,0.0,-12.829998918892947,0.0,0.0,0.0,0.0,0.0,173.82,-45.79,0.0,17.98,-53.79,0.0,23.41,5.213483146067417,0.0,1,0,0,0
2004-04-08,0.0,-12.786315186751237,0.0,0.0,0.0,0.0,0.0,173.82,-45.79,0.0,17.98,-53.79,0.0,23.41,5.213483146067417,0.0,1,0,0,0
2004-04-09,0.0,-12.786315186751237,0.0,0.0,0.0,0.0,0.0,173.82,-45.79,0.0,17.98,-53.79,0.0,23.41,5.213483146067417,0.0,1,0,0,0
2004-04-12,0.0,-13.571754476584022,0.0,0.0,0.0,0.0,0.0,173.82,-45.79,0.0,17.98,-53.79,0.0,23.41,5.213483146067417,0.0,0,0,0,0
2004-04-13,0.0,-13.615438208725738,0.0,0.0,0.0,0.0,0.0,173.82,-45.79,0.0,17.98,-53.79,0.0,23.41,5.213483146067417,0.0,0,0,0,0
2004-04-14,0.0,-13.39730884425652,0.0,0.0,0.0,0.0,0.0,173.82,-45.79,0.0,17.98,-53.79,0.0,23.41,5.213483146067417,0.0,0,0,0,0
2004-04-15,0.0,-12.480818357998594,0.0,0.0,0.0,0.0,0.0,173.82,-45.79,0.0,17.98,-53.79,0.0,23.41,5.213483146067417,0.0,0,0,0,0
2004-04-16,0.0,-12.655263990326096,0.0,0.0,0.0,0.0,0.0,173.82,-45.79,0.0,17.98,-53.79,0.0,23.41,5.213483146067417,0.0,0,0,0,0
2004-04-19,0.0,-12.917077086937024,0.0,0.0,0.0,0.0,0.0,173.82,-45.79,0.0,17.98,-53.79,0.0,23.41,5.213483146067417,0.0,0,0,0,0
2004-04-20,0.0,-12.917077086937024,0.0,0.0,0.0,0.0,0.0,173.82,-45.79,0.0,17.98,-53.79,0.0,23.41,5.213483146067417,0.0,0,0,0,0
2004-04-21,0.0,-12.829998918892947,0.0,0.0,0.0,0.0,0.0,173.82,-45.79,0.0,17.98,-53.79,0.0,23.41,5.213483146067417,0.0,0,0,0,0
2004-04-22,0.0,-12.262688993529377,0.0,0.0,0.0,0.0,0.0,173.82,-45.79,0.0,17.98,-53.79,0.0,23.41,5.213483146067417,0.0,0,0,0,0
2004-04-23,0.0,-12.087954064962522,0.0,0.0,0.0,0.0,0.0,173.82,-45.79,0.0,17.98,-53.79,0.0,23.41,5.213483146067417,0.0,0,0,0,0
2004-04-26,0.0,-12.306372725671087,0.0,0.0,0.0,0.0,0.0,173.82,-45.79,0.0,17.98,-53.79,0.0,23.41,5.213483146067417,0.0,0,0,0,0
2004-04-27,0.0,-12.480818357998594,0.0,0.0,0.0,0.0,0.0,173.82,-45.79,0.0,17.98,-53.79,0.0,23.41,5.213483146067417,0.0,0,0,0,0
2004-04-28,0.0,-12.131637797104238,0.0,0.0,0.0,0.0,0.0,173.82,-45.79,0.0,17.98,-53.79,0.0,23.41,5.213483146067417,0.0,0,0,0,0
2004-04-29,0.0,-11.65169533602409,0.0,0.0,0.0,0.0,0.0,173.82,-45.79,0.0,17.98,-53.79,0.0,23.41,5.213483146067417,0.0,0,0,0,0
2004-04-30,0.0,-11.38988223941316,0.0,0.0,0.0,0.0,0.0,173.82,-45.79,0.0,17.98,-53.79,0.0,23.41,5.213483146067417,0.0,0,0,0,0
2004-05-03,0.0,-10.997017946377092,0.0,0.0,0.0,0.0,0.0,173.82,-45.79,0.0,17.98,-53.79,0.0,23.41,5.213483146067417,0.0,0,0,0,0
2004-05-04,0.0,-11.477249703696588,0.0,0.0,0.0,0.0,0.0,173.82,-45.79,0.0,17.98,-53.79,0.0,23.41,5.213483146067417,0.0,0,0,0,0
2004-05-05,0.0,-10.691521117624449,0.0,0.0,0.0,0.0,0.0,173.82,-45.79,0.0,17.98,-53.79,0.0,23.41,5.213483146067417,0.0,0,0,0,0
2004-05-06,0.0,-10.822572314049587,0.0,0.0,0.0,0.0,0.0,173.82,-45.79,0.0,17.98,-53.79,0.0,23.41,5.213483146067417,0.0,0,0,0,0
2004-05-07,0.0,-11.084385410660516,0.0,0.0,0.0,0.0,0.0,173.82,-45.79,0.0,17.98,-53.79,0.0,23.41,5.213483146067417,0.0,0,0,0,0
2004-05-10,0.0,-10.517075485296946,0.0,0.0,0.0,0.0,0.0,173.82,-45.79,0.0,17.98,-53.79,0.0,23.41,5.213483146067417,0.0,0,0,0,0
2004-05-11,0.0,-10.56075921743866,0.0,0.0,0.0,0.0,0.0,173.82,-45.79,0.0,17.98,-53.79,0.0,23.41,5.213483146067417,0.0,0,0,0,0
2004-05-12,0.0,-10.778888581907877,0.0,0.0,0.0,0.0,0.0,173.82,-45.79,0.0,17.98,-53.79,0.0,23.41,5.213483146067417,0.0,0,0,0,0
2004-05-13,0.0,-10.42970802101352,0.0,0.0,0.0,0.0,0.0,173.82,-45.79,0.0,17.98,-53.79,0.0,23.41,5.213483146067417,0.0,0,0,0,0
2004-05-14,0.0,-9.731636195464157,0.0,0.0,0.0,0.0,0.0,173.82,-45.79,0.0,17.98,-53.79,0.0,23.41,5.213483146067417,0.0,0,1,1,1
2004-05-17,0.0,3.5234972556906074e-30,0.0,0.0,0.0,0.0,0.0,29.03,0.0,0.0,52.85,0.0,0.0,30.7,31.140538231524985,47.37,1,1,1,1
2004-05-18,0.0,3.4218665501704644e-30,0.0,0.0,0.0,0.0,0.0,29.03,0.0,0.0,52.85,0.0,0.0,30.7,31.140538231524985,47.37,1,1,1,1
2004-05-19,0.0,3.6590422960915056e-30,0.0,0.0,0.0,0.0,0.0,29.03,0.0,0.0,52.85,0.0,0.0,30.7,31.140538231524985,47.37,1,1,1,1
2004-05-20,0.0,3.642085128651127e-30,0.0,0.0,0.0,0.0,0.0,29.03,0.0,0.0,52.85,0.0,0.0,30.7,31.140538231524985,47.37,1,1,1,1
2004-05-21,0.0,3.862303707131791e-30,0.0,0.0,0.0,0.0,0.0,29.03,0.0,0.0,52.85,0.0,0.0,30.7,31.140538231524985,47.37,1,1,1,1
2004-05-24,0.0,3.862303707131791e-30,0.0,0.0,0.0,0.0,0.0,29.03,0.0,0.0,52.85,0.0,0.0,30.7,31.140538231524985,47.37,1,1,1,1
2004-05-25,0.0,3.8283893722510365e-30,0.0,0.0,0.0,0.0,0.0,29.03,0.0,0.0,52.85,0.0,0.0,30.7,31.140538231524985,47.37,1,1,1,1
2004-05-26,0.0,3.862303707131791e-30,0.0,0.0,0.0,0.0,0.0,29.03,0.0,0.0,52.85,0.0,0.0,30.7,31.140538231524985,47.37,1,1,1,1
2004-05-27,0.0,3.9130629103308016e-30,0.0,0.0,0.0,0.0,0.0,29.03,0.0,0.0,52.85,0.0,0.0,30.7,31.140538231524985,47.37,1,1,1,1
2004-05-28,0.0,4.1841529911325965e-30,0.0,0.0,0.0,0.0,0.0,29.03,0.0,0.0,52.85,0.0,0.0,30.7,31.140538231524985,47.37,0,0,0,0
2004-05-31,0.0,4.2350244934537296e-30,0.0,0.0,0.0,0.0,0.0,29.03,0.0,0.0,52.85,0.0,0.0,30.7,31.140538231524985,47.37,0,0,0,0
2004-06-01,0.0,4.2688265292123616e-30,0.0,0.0,0.0,0.0,0.0,29.03,0.0,0.0,52.85,0.0,0.0,30.7,31.140538231524985,47.37,0,0,0,0
2004-06-02,0.0,4.2518693617719844e-30,0.0,0.0,0.0,0.0,0.0,29.03,0.0,0.0,52.85,0.0,0.0,30.7,31.140538231524985,47.37,0,0,0,0
2004-06-03,0.0,3.963934412651934e-30,0.0,0.0,0.0,0.0,0.0,29.03,0.0,0.0,52.85,0.0,0.0,30.7,31.140538231524985,47.37,1,1,1,1
2004-06-04,0.0,4.0486079507316984e-30,0.0,0.0,0.0,0.0,0.0,29.03,0.0,0.0,52.85,0.0,0.0,30.7,31.140538231524985,47.37,0,1,1,1
2004-06-07,0.0,4.1841529911325965e-30,0.0,0.0,0.0,0.0,0.0,29.03,0.0,0.0,52.85,0.0,0.0,30.7,31.140538231524985,47.37,0,0,0,0
2004-06-08,0.0,4.2518693617719844e-30,0.0,0.0,0.0,0.0,0.0,29.03,0.0,0.0,52.85,0.0,0.0,30.7,31.140538231524985,47.37,0,0,0,0
2004-06-09,0.0,4.099479453052832e-30,0.0,0.0,0.0,0.0,0.0,29.03,0.0,0.0,52.85,0.0,0.0,30.7,31.140538231524985,47.37,0,1,1,0
2004-06-10,0.0,3.980891580092311e-30,0.0,0.0,0.0,0.0,0.0,29.03,0.0,0.0,52.85,0.0,0.0,30.7,31.140538231524985,47.37,0,1,1,1
2004-06-11,0.0,3.896218042012546e-30,0.0,0.0,0.0,0.0,0.0,29.03,0.0,0.0,52.85,0.0,0.0,30.7,31.140538231524985,47.37,1,1,1,1
2004-06-14,0.0,3.777630169052025e-30,0.0,0.0,0.0,0.0,0.0,29.03,0.0,0.0,52.85,0.0,0.0,30.7,31.140538231524985,47.37,1,1,1,1
2004-06-15,0.0,3.946977245211556e-30,0.0,0.0,0.0,0.0,0.0,29.03,0.0,0.0,52.85,0.0,0.0,30.7,31.140538231524985,47.37,1,1,1,1
2004-06-16,0.0,3.8114322048106586e-30,0.0,0.0,0.0,0.0,0.0,29.03,0.0,0.0,52.85,0.0,0.0,30.7,31.140538231524985,47.37,1,1,1,1
2004-06-17,0.0,4.0316507832913226e-30,0.0,0.0,0.0,0.0,0.0,29.03,0.0,0.0,52.85,0.0,0.0,30.7,31.140538231524985,47.37,1,1,1,1
2004-06-18,0.0,3.946977245211556e-30,0.0,0.0,0.0,0.0,0.0,29.03,0.0,0.0,52.85,0.0,0.0,30.7,31.140538231524985,47.37,1,1,1,1
2004-06-21,0.0,3.896218042012546e-30,0.0,0.0,0.0,0.0,0.0,29.03,0.0,0.0,52.85,0.0,0.0,30.7,31.140538231524985,47.37,1,1,1,1
2004-06-23,0.0,4.065565118172076e-30,0.0,0.0,0.0,0.0,0.0,29.03,0.0,0.0,52.85,0.0,0.0,30.7,31.140538231524985,47.37,1,1,0,1
2004-06-24,0.0,4.2011101585729744e-30,0.0,0.0,0.0,0.0,0.0,29.03,0.0,0.0,52.85,0.0,0.0,30.7,31.140538231524985,47.37,1,1,0,0
2004-06-25,0.0,4.2688265292123616e-30,0.0,0.0,0.0,0.0,0.0,29.03,0.0,0.0,52.85,0.0,0.0,30.7,31.140538231524985,47.37,1,0,0,0
2004-06-28,0.0,4.2688265292123616e-30,0.0,0.0,0.0,0.0,0.0,29.03,0.0,0.0,52.85,0.0,0.0,30.7,31.140538231524985,47.37,1,0,0,0
2004-06-29,0.0,4.3366551989738726e-30,0.0,0.0,0.0,0.0,0.0,29.03,0.0,0.0,52.85,0.0,0.0,30.7,31.140538231524985,47.37,0,0,0,0
2004-06-30,0.0,4.404371569613259e-30,0.0,0.0,0.0,0.0,0.0,29.03,0.0,0.0,52.85,0.0,0.0,30.7,31.140538231524985,47.37,0,0,0,0
2004-07-01,0.0,4.556873777454535e-30,0.0,0.0,0.0,0.0,0.0,29.03,0.0,0.0,52.85,0.0,0.0,30.7,31.140538231524985,47.37,0,0,0,0
2004-07-02,0.0,4.539916610014157e-30,0.0,0.0,0.0,0.0,0.0,29.03,0.0,0.0,52.85,0.0,0.0,30.7,31.140538231524985,47.37,0,0,0,0
2004-07-05,0.0,4.2350244934537296e-30,0.0,0.0,0.0,0.0,0.0,29.03,0.0,0.0,52.85,0.0,0.0,30.7,31.140538231524985,47.37,0,0,0,0
2004-07-06,0.0,4.404371569613259e-30,0.0,0.0,0.0,0.0,0.0,29.03,0.0,0.0,52.85,0.0,0.0,30.7,31.140538231524985,47.37,0,0,0,0
2004-07-07,0.0,4.2688265292123616e-30,0.0,0.0,0.0,0.0,0.0,29.03,0.0,0.0,52.85,0.0,0.0,30.7,31.140538231524985,47.37,0,0,0,0
2004-07-08,0.0,4.2350244934537296e-30,0.0,0.0,0.0,0.0,0.0,29.03,0.0,0.0,52.85,0.0,0.0,30.7,31.140538231524985,47.37,0,0,0,1
2004-07-09,0.0,4.3704572347325054e-30,0.0,0.0,0.0,0.0,0.0,29.03,0.0,0.0,52.85,0.0,0.0,30.7,31.140538231524985,47.37,0,0,0,0
2004-07-12,0.0,4.302740864093116e-30,0.0,0.0,0.0,0.0,0.0,29.03,0.0,0.0,52.85,0.0,0.0,30.7,31.140538231524985,47.37,0,0,0,0
2004-07-13,0.0,4.1841529911325965e-30,0.0,0.0,0.0,0.0,0.0,29.03,0.0,0.0,52.85,0.0,0.0,30.7,31.140538231524985,47.37,0,0,0,1
2004-07-14,0.0,4.1671958236922186e-30,0.0,0.0,0.0,0.0,0.0,29.03,0.0,0.0,52.85,0.0,0.0,30.7,31.140538231524985,47.37,0,0,0,1
2004-07-15,0.0,4.1841529911325965e-30,0.0,0.0,0.0,0.0,0.0,29.03,0.0,0.0,52.85,0.0,0.0,30.7,31.140538231524985,47.37,0,0,0,1
2004-07-16,0.0,4.1841529911325965e-30,0.0,0.0,0.0,0.0,0.0,29.03,0.0,0.0,52.85,0.0,0.0,30.7,31.140538231524985,47.37,0,0,0,1
2004-07-19,0.0,4.2350244934537296e-30,0.0,0.0,0.0,0.0,0.0,29.03,0.0,0.0,52.85,0.0,0.0,30.7,31.140538231524985,47.37,0,0,0,1
2004-07-20,0.0,3.946977245211556e-30,0.0,0.0,0.0,0.0,0.0,29.03,0.0,0.0,52.85,0.0,0.0,30.7,31.140538231524985,47.37,1,0,1,1
2004-07-21,0.0,4.0316507832913226e-30,0.0,0.0,0.0,0.0,0.0,29.03,0.0,0.0,52.85,0.0,0.0,30.7,31.140538231524985,47.37,1,0,1,1
2004-07-22,0.0,4.0148059149730656e-30,0.0,0.0,0.0,0.0,0.0,29.03,0.0,0.0,52.85,0.0,0.0,30.7,31.140538231524985,47.37,1,0,1,1
2004-07-23,0.0,4.099479453052832e-30,0.0,0.0,0.0,0.0,0.0,29.03,0.0,0.0,52.85,0.0,0.0,30.7,31.140538231524985,47.37,0,0,1,1
2004-07-26,0.0,4.302740864093116e-30,0.0,0.0,0.0,0.0,0.0,29.03,0.0,0.0,52.85,0.0,0.0,30.7,31.140538231524985,47.37,0,0,0,1
2004-07-27,0.0,4.3366551989738726e-30,0.0,0.0,0.0,0.0,0.0,29.03,0.0,0.0,52.85,0.0,0.0,30.7,31.140538231524985,47.37,0,0,0,1
2004-07-28,0.0,4.2518693617719844e-30,0.0,0.0,0.0,0.0,0.0,29.03,0.0,0.0,52.85,0.0,0.0,30.7,31.140538231524985,47.37,0,0,0,1
2004-07-29,0.0,4.2518693617719844e-30,0.0,0.0,0.0,0.0,0.0,29.03,0.0,0.0,52.85,0.0,0.0,30.7,31.140538231524985,47.37,0,0,0,1
2004-07-30,0.0,4.1841529911325965e-30,0.0,0.0,0.0,0.0,0.0,29.03,0.0,0.0,52.85,0.0,0.0,30.7,31.140538231524985,47.37,0,0,1,1
2004-08-02,0.0,3.896218042012546e-30,0.0,0.0,0.0,0.0,0.0,29.03,0.0,0.0,52.85,0.0,0.0,30.7,31.140538231524985,47.37,0,1,1,1
2004-08-03,0.0,3.777630169052025e-30,0.0,0.0,0.0,0.0,0.0,29.03,0.0,0.0,52.85,0.0,0.0,30.7,31.140538231524985,47.37,0,1,1,1
2004-08-04,0.0,3.777630169052025e-30,0.0,0.0,0.0,0.0,0.0,29.03,0.0,0.0,52.85,0.0,0.0,30.7,31.140538231524985,47.37,0,1,1,1
2004-08-05,0.0,3.8283893722510365e-30,0.0,0.0,0.0,0.0,0.0,29.03,0.0,0.0,52.85,0.0,0.0,30.7,31.140538231524985,47.37,0,1,1,1
2004-08-06,0.0,3.8114322048106586e-30,0.0,0.0,0.0,0.0,0.0,29.03,0.0,0.0,52.85,0.0,0.0,30.7,31.140538231524985,47.37,0,1,1,1
2004-08-09,0.0,3.9130629103308016e-30,0.0,0.0,0.0,0.0,0.0,29.03,0.0,0.0,52.85,0.0,0.0,30.7,31.140538231524985,47.37,0,1,1,1
2004-08-10,0.0,3.8283893722510365e-30,0.0,0.0,0.0,0.0,0.0,29.03,0.0,0.0,52.85,0.0,0.0,30.7,31.140538231524985,47.37,0,1,1,1
2004-08-11,0.0,3.74371583417127e-30,0.0,0.0,0.0,0.0,0.0,29.03,0.0,0.0,52.85,0.0,0.0,30.7,31.140538231524985,47.37,1,1,1,1
2004-08-12,0.0,3.642085128651127e-30,0.0,0.0,0.0,0.0,0.0,29.03,0.0,0.0,52.85,0.0,0.0,30.7,31.140538231524985,47.37,1,1,1,1
2004-08-13,0.0,3.642085128651127e-30,0.0,0.0,0.0,0.0,0.0,29.03,0.0,0.0,52.85,0.0,0.0,30.7,31.140538231524985,47.37,1,1,1,1
2004-08-16,0.0,0.0491199769072943,0.0,0.0,0.0,0.0,0.0,211.21,0.0,0.0,172.46,0.0,0.0,43.06,40.26058631921825,203.57,1,1,1,1
2004-08-17,0.0,0.0486516950389313,0.0,0.0,0.0,0.0,0.0,211.21,0.0,0.0,172.46,0.0,0.0,43.06,40.26058631921825,203.57,1,1,1,1
2004-08-18,0.0,0.0500549900418072,0.0,0.0,0.0,0.0,0.0,211.21,0.0,0.0,172.46,0.0,0.0,43.06,40.26058631921825,203.57,1,1,1,1
2004-08-19,0.0,0.0533298619159219,0.0,0.0,0.0,0.0,0.0,211.21,0.0,0.0,172.46,0.0,0.0,43.06,40.26058631921825,203.57,1,1,1,1
2004-08-20,0.0,0.0556681700533106,0.0,0.0,0.0,0.0,0.0,211.21,0.0,0.0,172.46,0.0,0.0,43.06,40.26058631921825,203.57,1,1,1,1
2004-08-23,0.0,0.057773887858731,0.0,0.0,0.0,0.0,0.0,211.21,0.0,0.0,172.46,0.0,0.0,43.06,40.26058631921825,203.57,1,1,1,1
2004-08-26,0.0,0.0617496319331771,0.0,0.0,0.0,0.0,0.0,211.21,0.0,0.0,172.46,0.0,0.0,43.06,40.26058631921825,203.57,0,1,1,0
2004-08-27,0.0,0.0612829006670272,0.0,0.0,0.0,0.0,0.0,211.21,0.0,0.0,172.46,0.0,0.0,43.06,40.26058631921825,203.57,0,1,1,0
2004-08-30,0.0,0.0603463369303012,0.0,0.0,0.0,0.0,0.0,211.21,0.0,0.0,172.46,0.0,0.0,43.06,40.26058631921825,203.57,0,1,1,0
2004-08-31,0.0,0.0587089009932438,0.0,0.0,0.0,0.0,0.0,211.21,0.0,0.0,172.46,0.0,0.0,43.06,40.26058631921825,203.57,1,1,1,1
2004-09-01,0.0,0.0615170416012087,0.0,0.0,0.0,0.0,0.0,211.21,0.0,0.0,172.46,0.0,0.0,43.06,40.26058631921825,203.57,0,1,1,0
2004-09-02,0.0,0.0619837728673586,0.0,0.0,0.0,0.0,0.0,211.21,0.0,0.0,172.46,0.0,0.0,43.06,40.26058631921825,203.57,0,1,1,0
2004-09-03,0.0,0.0587089009932438,0.0,0.0,0.0,0.0,0.0,211.21,0.0,0.0,172.46,0.0,0.0,43.06,40.26058631921825,203.57,1,1,1,1
2004-09-06,0.0,0.0601121959961197,0.0,0.0,0.0,0.0,0.0,211.21,0.0,0.0,172.46,0.0,0.0,43.06,40.26058631921825,203.57,1,1,1,0
2004-09-07,0.0,0.0601121959961197,0.0,0.0,0.0,0.0,0.0,211.21,0.0,0.0,172.46,0.0,0.0,43.06,40.26058631921825,203.57,1,1,1,0
2004-09-08,0.0,0.0612829006670272,0.0,0.0,0.0,0.0,0.0,211.21,0.0,0.0,172.46,0.0,0.0,43.06,40.26058631921825,203.57,1,1,1,0
2004-09-09,0.0,0.0605804778644827,0.0,0.0,0.0,0.0,0.0,211.21,0.0,0.0,172.46,0.0,0.0,43.06,40.26058631921825,203.57,1,1,1,0
2004-09-10,0.0,0.0596454647299698,0.0,0.0,0.0,0.0,0.0,211.21,0.0,0.0,172.46,0.0,0.0,43.06,40.26058631921825,203.57,1,1,1,0
2004-09-13,0.0,0.0615170416012087,0.0,0.0,0.0,0.0,0.0,211.21,0.0,0.0,172.46,0.0,0.0,43.06,40.26058631921825,203.57,1,1,1,0
2004-09-14,0.0,0.0631529269360529,0.0,0.0,0.0,0.0,0.0,211.21,0.0,0.0,172.46,0.0,0.0,43.06,40.26058631921825,203.57,1,1,0,0
2004-09-15,0.0,0.0633870678702344,0.0,0.0,0.0,0.0,0.0,211.21,0.0,0.0,172.46,0.0,0.0,43.06,40.26058631921825,203.57,1,1,0,0
2004-09-16,0.0,0.0664277988101676,0.0,0.0,0.0,0.0,0.0,211.21,0.0,0.0,172.46,0.0,0.0,43.06,40.26058631921825,203.57,0,0,0,0
2004-09-17,0.0,0.0650245038072918,0.0,0.0,0.0,0.0,0.0,211.21,0.0,0.0,172.46,0.0,0.0,43.06,40.26058631921825,203.57,1,0,0,0
2004-09-20,0.0,0.0645577725411419,0.0,0.0,0.0,0.0,0.0,211.21,0.0,0.0,172.46,0.0,0.0,43.06,40.26058631921825,203.57,1,1,0,0
2004-09-21,0.0,0.0647903628731103,0.0,0.0,0.0,0.0,0.0,211.21,0.0,0.0,172.46,0.0,0.0,43.06,40.26058631921825,203.57,1,1,0,0
2004-09-22,0.0,0.0647903628731103,0.0,0.0,0.0,0.0,0.0,211.21,0.0,0.0,172.46,0.0,0.0,43.06,40.26058631921825,203.57,1,0,0,0
2004-09-23,0.0,0.0664277988101676,0.0,0.0,0.0,0.0,0.0,211.21,0.0,0.0,172.46,0.0,0.0,43.06,40.26058631921825,203.57,0,0,0,0
2004-09-24,0.0,0.0650245038072918,0.0,0.0,0.0,0.0,0.0,211.21,0.0,0.0,172.46,0.0,0.0,43.06,40.26058631921825,203.57,1,0,0,0
2004-09-27,0.0,0.0654927856756548,0.0,0.0,0.0,0.0,0.0,211.21,0.0,0.0,172.46,0.0,0.0,43.06,40.26058631921825,203.57,1,0,0,0
2004-09-29,0.0,0.0666619397443491,0.0,0.0,0.0,0.0,0.0,211.21,0.0,0.0,172.46,0.0,0.0,43.06,40.26058631921825,203.57,0,0,0,0
2004-09-30,0.0,0.0657269266098363,0.0,0.0,0.0,0.0,0.0,211.21,0.0,0.0,172.46,0.0,0.0,43.06,40.26058631921825,203.57,1,0,0,0
2004-10-01,0.0,0.0661936578759861,0.0,0.0,0.0,0.0,0.0,211.21,0.0,0.0,172.46,0.0,0.0,43.06,40.26058631921825,203.57,0,0,0,0
2004-10-04,0.0,0.068533516615588,0.0,0.0,0.0,0.0,0.0,211.21,0.0,0.0,172.46,0.0,0.0,43.06,40.26058631921825,203.57,0,0,0,0
2004-10-05,0.0,0.0678310938130435,0.0,0.0,0.0,0.0,0.0,211.21,0.0,0.0,172.46,0.0,0.0,43.06,40.26058631921825,203.57,0,0,0,0
2004-10-06,0.0,0.0666619397443491,0.0,0.0,0.0,0.0,0.0,211.21,0.0,0.0,172.46,0.0,0.0,43.06,40.26058631921825,203.57,0,0,0,0
2004-10-07,0.0,0.0666619397443491,0.0,0.0,0.0,0.0,0.0,211.21,0.0,0.0,172.46,0.0,0.0,43.06,40.26058631921825,203.57,0,0,0,0
2004-10-08,0.0,0.0657269266098363,0.0,0.0,0.0,0.0,0.0,211.21,0.0,0.0,172.46,0.0,0.0,43.06,40.26058631921825,203.57,0,0,0,0
2004-10-11,0.0,0.0647903628731103,0.0,0.0,0.0,0.0,0.0,211.21,0.0,0.0,172.46,0.0,0.0,43.06,40.26058631921825,203.57,0,0,0,0
2004-10-12,0.0,0.0652586447414733,0.0,0.0,0.0,0.0,0.0,211.21,0.0,0.0,172.46,0.0,0.0,43.06,40.26058631921825,203.57,0,0,0,0
2004-10-13,0.0,0.0650245038072918,0.0,0.0,0.0,0.0,0.0,211.21,0.0,0.0,172.46,0.0,0.0,43.06,40.26058631921825,203.57,0,0,0,0
2004-10-14,0.0,0.0650245038072918,0.0,0.0,0.0,0.0,0.0,211.21,0.0,0.0,172.46,0.0,0.0,43.06,40.26058631921825,203.57,0,0,0,0
2004-10-15,0.0,0.0619837728673586,0.0,0.0,0.0,0.0,0.0,211.21,0.0,0.0,172.46,0.0,0.0,43.06,40.26058631921825,203.57,0,0,0,0
2004-10-18,0.0,0.0610487597328457,0.0,0.0,0.0,0.0,0.0,211.21,0.0,0.0,172.46,0.0,0.0,43.06,40.26058631921825,203.57,0,0,0,0
2004-10-19,0.0,0.0636212088044159,0.0,0.0,0.0,0.0,0.0,211.21,0.0,0.0,172.46,0.0,0.0,43.06,40.26058631921825,203.57,0,0,0,0
2004-10-20,0.0,0.0629203366040845,0.0,0.0,0.0,0.0,0.0,211.21,0.0,0.0,172.46,0.0,0.0,43.06,40.26058631921825,203.57,0,0,0,0
2004-10-21,0.0,0.0619837728673586,0.0,0.0,0.0,0.0,0.0,211.21,0.0,0.0,172.46,0.0,0.0,43.06,40.26058631921825,203.57,0,0,0,0
2004-10-22,0.0,0.0610487597328457,0.0,0.0,0.0,0.0,0.0,211.21,0.0,0.0,172.46,0.0,0.0,43.06,40.26058631921825,203.57,0,0,0,0
2004-10-26,0.0,0.0568388747242181,0.0,0.0,0.0,0.0,0.0,211.21,0.0,0.0,172.46,0.0,0.0,43.06,40.26058631921825,203.57,0,0,0,0
2004-10-27,0.0,0.0566047337900366,0.0,0.0,0.0,0.0,0.0,211.21,0.0,0.0,172.46,0.0,0.0,43.06,40.26058631921825,203.57,0,0,0,0
2004-10-28,0.0,0.057773887858731,0.0,0.0,0.0,0.0,0.0,211.21,0.0,0.0,172.46,0.0,0.0,43.06,40.26058631921825,203.57,0,0,0,0
2004-10-29,0.0,0.0561364519216736,0.0,0.0,0.0,0.0,0.0,211.21,0.0,0.0,172.46,0.0,0.0,43.06,40.26058631921825,203.57,0,0,0,0
2004-11-01,0.0,0.052394848781409,0.0,0.0,0.0,0.0,0.0,211.21,0.0,0.0,172.46,0.0,0.0,43.06,40.26058631921825,203.57,1,1,1,1
2004-11-02,0.0,0.0535640028501034,0.0,0.0,0.0,0.0,0.0,211.21,0.0,0.0,172.46,0.0,0.0,43.06,40.26058631921825,203.57,1,1,1,1
2004-11-03,0.0,0.0549672978529793,0.0,0.0,0.0,0.0,0.0,211.21,0.0,0.0,172.46,0.0,0.0,43.06,40.26058631921825,203.57,0,0,0,1
2004-11-04,0.0,0.0552014387871608,0.0,0.0,0.0,0.0,0.0,211.21,0.0,0.0,172.46,0.0,0.0,43.06,40.26058631921825,203.57,0,0,0,1
2004-11-05,0.0,0.0537981437842849,0.0,0.0,0.0,0.0,0.0,211.21,0.0,0.0,172.46,0.0,0.0,43.06,40.26058631921825,203.57,1,1,1,1
2004-11-08,0.0,0.0537981437842849,0.0,0.0,0.0,0.0,0.0,211.21,0.0,0.0,172.46,0.0,0.0,43.06,40.26058631921825,203.57,1,1,1,1
2004-11-09,0.0,0.0544990159846163,0.0,0.0,0.0,0.0,0.0,211.21,0.0,0.0,172.46,0.0,0.0,43.06,40.26058631921825,203.57,1,0,1,1
2004-11-10,0.0,0.0549672978529793,0.0,0.0,0.0,0.0,0.0,211.21,0.0,0.0,172.46,0.0,0.0,43.06,40.26058631921825,203.57,0,0,1,1
2004-11-11,0.0,0.0537981437842849,0.0,0.0,0.0,0.0,0.0,211.21,0.0,0.0,172.46,0.0,0.0,43.06,40.26058631921825,203.57,1,1,1,1
2004-11-12,0.0,0.0542648750504348,0.0,0.0,0.0,0.0,0.0,211.21,0.0,0.0,172.46,0.0,0.0,43.06,40.26058631921825,203.57,1,1,1,1
2004-11-15,0.0,0.0023018121291846,0.0,0.0,0.0,0.0,0.0,-19.47,785.46,0.0,-19.26,296.72,0.0,38.31,-11.03111936832327,-28.24,1,1,1,1
2004-11-16,0.0,0.0023514711804343,0.0,0.0,0.0,0.0,0.0,-19.47,785.46,0.0,-19.26,296.72,0.0,38.31,-11.03111936832327,-28.24,0,0,1,1
2004-11-17,0.0,0.0024307941152782,0.0,0.0,0.0,0.0,0.0,-19.47,785.46,0.0,-19.26,296.72,0.0,38.31,-11.03111936832327,-28.24,0,0,0,0
2004-11-18,0.0,0.0024307941152782,0.0,0.0,0.0,0.0,0.0,-19.47,785.46,0.0,-19.26,296.72,0.0,38.31,-11.03111936832327,-28.24,0,0,0,0
2004-11-19,0.0,0.0023812008376063,0.0,0.0,0.0,0.0,0.0,-19.47,785.46,0.0,-19.26,296.72,0.0,38.31,-11.03111936832327,-28.24,0,0,0,0
2004-11-22,0.0,0.0022918803189347,0.0,0.0,0.0,0.0,0.0,-19.47,785.46,0.0,-19.26,296.72,0.0,38.31,-11.03111936832327,-28.24,0,1,1,1
2004-11-23,0.0,0.0022918803189347,0.0,0.0,0.0,0.0,0.0,-19.47,785.46,0.0,-19.26,296.72,0.0,38.31,-11.03111936832327,-28.24,0,1,1,1
2004-11-24,0.0,0.0022918803189347,0.0,0.0,0.0,0.0,0.0,-19.47,785.46,0.0,-19.26,296.72,0.0,38.31,-11.03111936832327,-28.24,0,1,1,1
2004-11-25,0.0,0.0022323552310129,0.0,0.0,0.0,0.0,0.0,-19.47,785.46,0.0,-19.26,296.72,0.0,38.31,-11.03111936832327,-28.24,1,1,1,1
2004-11-26,0.0,0.0022422870412628,0.0,0.0,0.0,0.0,0.0,-19.47,785.46,0.0,-19.26,296.72,0.0,38.31,-11.03111936832327,-28.24,1,1,1,1
2004-11-29,0.0,0.0022422870412628,0.0,0.0,0.0,0.0,0.0,-19.47,785.46,0.0,-19.26,296.72,0.0,38.31,-11.03111936832327,-28.24,1,1,1,1
2004-11-30,0.0,0.0023018121291846,0.0,0.0,0.0,0.0,0.0,-19.47,785.46,0.0,-19.26,296.72,0.0,38.31,-11.03111936832327,-28.24,1,1,1,1
2004-12-01,0.0,0.0023514711804343,0.0,0.0,0.0,0.0,0.0,-19.47,785.46,0.0,-19.26,296.72,0.0,38.31,-11.03111936832327,-28.24,0,1,1,1
2004-12-02,0.0,0.0023514711804343,0.0,0.0,0.0,0.0,0.0,-19.47,785.46,0.0,-19.26,296.72,0.0,38.31,-11.03111936832327,-28.24,0,1,1,1
2004-12-03,0.0,0.0023216757496845,0.0,0.0,0.0,0.0,0.0,-19.47,785.46,0.0,-19.26,296.72,0.0,38.31,-11.03111936832327,-28.24,1,1,1,1
2004-12-06,0.0,0.0023018121291846,0.0,0.0,0.0,0.0,0.0,-19.47,785.46,0.0,-19.26,296.72,0.0,38.31,-11.03111936832327,-28.24,1,1,1,1
2004-12-07,0.0,0.0023514711804343,0.0,0.0,0.0,0.0,0.0,-19.47,785.46,0.0,-19.26,296.72,0.0,38.31,-11.03111936832327,-28.24,1,1,1,1
2004-12-08,0.0,0.0023316075599344,0.0,0.0,0.0,0.0,0.0,-19.47,785.46,0.0,-19.26,296.72,0.0,38.31,-11.03111936832327,-28.24,1,1,1,1
2004-12-09,0.0,0.0022918803189347,0.0,0.0,0.0,0.0,0.0,-19.47,785.46,0.0,-19.26,296.72,0.0,38.31,-11.03111936832327,-28.24,1,1,1,1
2004-12-10,0.0,0.0022918803189347,0.0,0.0,0.0,0.0,0.0,-19.47,785.46,0.0,-19.26,296.72,0.0,38.31,-11.03111936832327,-28.24,1,1,1,1
2004-12-13,0.0,0.0022918803189347,0.0,0.0,0.0,0.0,0.0,-19.47,785.46,0.0,-19.26,296.72,0.0,38.31,-11.03111936832327,-28.24,1,1,1,1
2004-12-14,0.0,0.0024010644581062,0.0,0.0,0.0,0.0,0.0,-19.47,785.46,0.0,-19.26,296.72,0.0,38.31,-11.03111936832327,-28.24,0,1,0,0
2004-12-15,0.0,0.0024506577357781,0.0,0.0,0.0,0.0,0.0,-19.47,785.46,0.0,-19.26,296.72,0.0,38.31,-11.03111936832327,-28.24,0,0,0,0
2004-12-16,0.0,0.0024506577357781,0.0,0.0,0.0,0.0,0.0,-19.47,785.46,0.0,-19.26,296.72,0.0,38.31,-11.03111936832327,-28.24,0,0,0,0
2004-12-17,0.0,0.0024307941152782,0.0,0.0,0.0,0.0,0.0,-19.47,785.46,0.0,-19.26,296.72,0.0,38.31,-11.03111936832327,-28.24,0,0,0,0
2004-12-20,0.0,0.0023712690273564,0.0,0.0,0.0,0.0,0.0,-19.47,785.46,0.0,-19.26,296.72,0.0,38.31,-11.03111936832327,-28.24,1,1,0,0
2004-12-21,0.0,0.0024109962683561,0.0,0.0,0.0,0.0,0.0,-19.47,785.46,0.0,-19.26,296.72,0.0,38.31,-11.03111936832327,-28.24,1,1,0,0
2004-12-22,0.0,0.0023911326478563,0.0,0.0,0.0,0.0,0.0,-19.47,785.46,0.0,-19.26,296.72,0.0,38.31,-11.03111936832327,-28.24,1,1,0,0
2004-12-23,0.0,0.0023812008376063,0.0,0.0,0.0,0.0,0.0,-19.47,785.46,0.0,-19.26,296.72,0.0,38.31,-11.03111936832327,-28.24,1,1,0,0
2004-12-24,0.0,0.0023911326478563,0.0,0.0,0.0,0.0,0.0,-19.47,785.46,0.0,-19.26,296.72,0.0,38.31,-11.03111936832327,-28.24,1,1,0,0
2004-12-27,0.0,0.0023911326478563,0.0,0.0,0.0,0.0,0.0,-19.47,785.46,0.0,-19.26,296.72,0.0,38.31,-11.03111936832327,-28.24,1,1,0,0
2004-12-28,0.0,0.0023911326478563,0.0,0.0,0.0,0.0,0.0,-19.47,785.46,0.0,-19.26,296.72,0.0,38.31,-11.03111936832327,-28.24,1,1,0,0
2004-12-29,0.0,0.0024903192032,0.0,0.0,0.0,0.0,0.0,-19.47,785.46,0.0,-19.26,296.72,0.0,38.31,-11.03111936832327,-28.24,0,0,0,0
2004-12-30,0.0,0.0025101828236999,0.0,0.0,0.0,0.0,0.0,-19.47,785.46,0.0,-19.26,296.72,0.0,38.31,-11.03111936832327,-28.24,0,0,0,0
2004-12-31,0.0,0.0025697079116217,0.0,0.0,0.0,0.0,0.0,-19.47,785.46,0.0,-19.26,296.72,0.0,38.31,-11.03111936832327,-28.24,0,0,0,0
2005-01-03,0.0,0.0025399782544497,0.0,0.0,0.0,0.0,0.0,-19.47,785.46,0.0,-19.26,296.72,0.0,38.31,-11.03111936832327,-28.24,0,0,0,0
2005-01-04,0.0,0.0024804531665279,0.0,0.0,0.0,0.0,0.0,-19.47,785.46,0.0,-19.26,296.72,0.0,38.31,-11.03111936832327,-28.24,0,0,0,0
2005-01-05,0.0,0.0024804531665279,0.0,0.0,0.0,0.0,0.0,-19.47,785.46,0.0,-19.26,296.72,0.0,38.31,-11.03111936832327,-28.24,0,0,0,0
2005-01-06,0.0,0.0024903192032,0.0,0.0,0.0,0.0,0.0,-19.47,785.46,0.0,-19.26,296.72,0.0,38.31,-11.03111936832327,-28.24,0,0,0,0
2005-01-07,0.0,0.002460589546028,0.0,0.0,0.0,0.0,41.22,-19.47,785.46,0.0,-19.26,296.72,0.0,38.31,-11.03111936832327,-28.24,0,0,0,0
2005-01-10,0.0,0.002470521356278,0.0,0.0,0.0,0.0,41.22,-19.47,785.46,0.0,-19.26,296.72,0.0,38.31,-11.03111936832327,-28.24,0,0,0,0
2005-01-11,0.0,0.002470521356278,0.0,0.0,0.0,0.0,41.22,-19.47,785.46,0.0,-19.26,296.72,0.0,38.31,-11.03111936832327,-28.24,0,0,0,0
2005-01-12,0.0,0.0023018121291846,0.0,0.0,0.0,0.0,41.22,-19.47,785.46,0.0,-19.26,296.72,0.0,38.31,-11.03111936832327,-28.24,1,1,1,0
2005-01-13,0.0,0.0023216757496845,0.0,0.0,0.0,0.0,41.22,-19.47,785.46,0.0,-19.26,296.72,0.0,38.31,-11.03111936832327,-28.24,0,0,0,0
2005-01-14,0.0,0.0023216757496845,0.0,0.0,0.0,0.0,41.22,-19.47,785.46,0.0,-19.26,296.72,0.0,38.31,-11.03111936832327,-28.24,0,1,0,0
2005-01-17,0.0,0.0024010644581062,0.0,0.0,0.0,0.0,41.22,-19.47,785.46,0.0,-19.26,296.72,0.0,38.31,-11.03111936832327,-28.24,0,0,0,0
2005-01-18,0.0,0.0023812008376063,0.0,0.0,0.0,0.0,41.22,-19.47,785.46,0.0,-19.26,296.72,0.0,38.31,-11.03111936832327,-28.24,0,0,0,0
2005-01-19,0.0,0.0023514711804343,0.0,0.0,0.0,0.0,41.22,-19.47,785.46,0.0,-19.26,296.72,0.0,38.31,-11.03111936832327,-28.24,0,0,0,0
2005-01-20,0.0,0.0023712690273564,0.0,0.0,0.0,0.0,41.22,-19.47,785.46,0.0,-19.26,296.72,0.0,38.31,-11.03111936832327,-28.24,0,0,0,0
2005-01-21,0.0,0.0023712690273564,0.0,0.0,0.0,0.0,41.22,-19.47,785.46,0.0,-19.26,296.72,0.0,38.31,-11.03111936832327,-28.24,0,0,0,0
2005-01-24,0.0,0.0022621506617627,0.0,0.0,0.0,0.0,41.22,-19.47,785.46,0.0,-19.26,296.72,0.0,38.31,-11.03111936832327,-28.24,1,1,1,0
2005-01-25,0.0,0.0022820142822626,0.0,0.0,0.0,0.0,41.22,-19.47,785.46,0.0,-19.26,296.72,0.0,38.31,-11.03111936832327,-28.24,1,1,0,0
2005-01-26,0.0,0.0022621506617627,0.0,0.0,0.0,0.0,41.22,-19.47,785.46,0.0,-19.26,296.72,0.0,38.31,-11.03111936832327,-28.24,1,1,1,0
2005-01-27,0.0,0.0022522188515127,0.0,0.0,0.0,0.0,41.22,-19.47,785.46,0.0,-19.26,296.72,0.0,38.31,-11.03111936832327,-28.24,1,1,1,0
2005-01-28,0.0,0.0022918803189347,0.0,0.0,0.0,0.0,41.22,-19.47,785.46,0.0,-19.26,296.72,0.0,38.31,-11.03111936832327,-28.24,1,1,0,0
2005-01-31,0.0,0.0023415393701844,0.0,0.0,0.0,0.0,41.22,-19.47,785.46,0.0,-19.26,296.72,0.0,38.31,-11.03111936832327,-28.24,0,0,0,0
2005-02-01,0.0,0.0022820142822626,0.0,0.0,0.0,0.0,41.22,-19.47,785.46,0.0,-19.26,296.72,0.0,38.31,-11.03111936832327,-28.24,1,1,0,0
2005-02-02,0.0,0.0022820142822626,0.0,0.0,0.0,0.0,41.22,-19.47,785.46,0.0,-19.26,296.72,0.0,38.31,-11.03111936832327,-28.24,1,1,0,0
2005-02-03,0.0,0.0022621506617627,0.0,0.0,0.0,0.0,41.22,-19.47,785.46,0.0,-19.26,296.72,0.0,38.31,-11.03111936832327,-28.24,1,1,1,0
2005-02-14,0.0,0.0748005305581063,0.0,0.0,0.0,0.0,0.0,-53.29,51.05,0.0,-58.46,39.68,0.0,25.42,-33.646567475854866,-60.66,0,0,0,0
2005-02-15,0.0,0.0735680032649729,0.0,0.0,0.0,0.0,0.0,-53.29,51.05,0.0,-58.46,39.68,0.0,25.42,-33.646567475854866,-60.66,0,0,0,0
2005-02-16,0.0,0.0748005305581063,0.0,0.0,0.0,0.0,0.0,-53.29,51.05,0.0,-58.46,39.68,0.0,25.42,-33.646567475854866,-60.66,0,0,0,0
2005-02-17,0.0,0.0729537802265074,0.0,0.0,0.0,0.0,0.0,-53.29,51.05,0.0,-58.46,39.68,0.0,25.42,-33.646567475854866,-60.66,0,0,0,0
2005-02-18,0.0,0.0751066217732884,0.0,0.0,0.0,0.0,0.0,-53.29,51.05,0.0,-58.46,39.68,0.0,25.42,-33.646567475854866,-60.66,0,0,0,0
2005-02-21,0.0,0.0735680032649729,0.0,0.0,0.0,0.0,0.0,-53.29,51.05,0.0,-58.46,39.68,0.0,25.42,-33.646567475854866,-60.66,0,0,0,0
2005-02-22,0.0,0.0723375165799408,0.0,0.0,0.0,0.0,0.0,-53.29,51.05,0.0,-58.46,39.68,0.0,25.42,-33.646567475854866,-60.66,1,0,0,0
2005-02-23,0.0,0.0726456484032241,0.0,0.0,0.0,0.0,0.0,-53.29,51.05,0.0,-58.46,39.68,0.0,25.42,-33.646567475854866,-60.66,0,0,0,0
2005-02-24,0.0,0.0717212529333741,0.0,0.0,0.0,0.0,0.0,-53.29,51.05,0.0,-58.46,39.68,0.0,25.42,-33.646567475854866,-60.66,1,0,0,0
2005-02-25,0.0,0.0729537802265074,0.0,0.0,0.0,0.0,0.0,-53.29,51.05,0.0,-58.46,39.68,0.0,25.42,-33.646567475854866,-60.66,0,0,0,0
2005-03-01,0.0,0.0720293847566574,0.0,0.0,0.0,0.0,0.0,-53.29,51.05,0.0,-58.46,39.68,0.0,25.42,-33.646567475854866,-60.66,1,0,0,0
2005-03-02,0.0,0.0724905621875318,0.0,0.0,0.0,0.0,0.0,-53.29,51.05,0.0,-58.46,39.68,0.0,25.42,-33.646567475854866,-60.66,0,0,0,0
2005-03-03,0.0,0.0738761350882563,0.0,0.0,0.0,0.0,0.0,-53.29,51.05,0.0,-58.46,39.68,0.0,25.42,-33.646567475854866,-60.66,0,0,0,0
2005-03-04,0.0,0.0732598714416896,0.0,0.0,0.0,0.0,0.0,-53.29,51.05,0.0,-58.46,39.68,0.0,25.42,-33.646567475854866,-60.66,0,0,0,0
2005-03-07,0.0,0.0734149576573818,0.0,0.0,0.0,0.0,0.0,-53.29,51.05,0.0,-58.46,39.68,0.0,25.42,-33.646567475854866,-60.66,0,0,0,0
2005-03-08,0.0,0.0737230894806652,0.0,0.0,0.0,0.0,0.0,-53.29,51.05,0.0,-58.46,39.68,0.0,25.42,-33.646567475854866,-60.66,0,0,0,0
2005-03-09,0.0,0.0738761350882563,0.0,0.0,0.0,0.0,0.0,-53.29,51.05,0.0,-58.46,39.68,0.0,25.42,-33.646567475854866,-60.66,0,0,0,0
2005-03-10,0.0,0.0732598714416896,0.0,0.0,0.0,0.0,0.0,-53.29,51.05,0.0,-58.46,39.68,0.0,25.42,-33.646567475854866,-60.66,0,0,0,0
2005-03-11,0.0,0.0727986940108152,0.0,0.0,0.0,0.0,0.0,-53.29,51.05,0.0,-58.46,39.68,0.0,25.42,-33.646567475854866,-60.66,0,0,0,0
2005-03-14,0.0,0.0711049892868074,0.0,0.0,0.0,0.0,0.0,-53.29,51.05,0.0,-58.46,39.68,0.0,25.42,-33.646567475854866,-60.66,0,0,0,0
2005-03-15,0.0,0.069566370778492,0.0,0.0,0.0,0.0,0.0,-53.29,51.05,0.0,-58.46,39.68,0.0,25.42,-33.646567475854866,-60.66,0,0,0,0
2005-03-16,0.0,0.069566370778492,0.0,0.0,0.0,0.0,0.0,-53.29,51.05,0.0,-58.46,39.68,0.0,25.42,-33.646567475854866,-60.66,0,0,0,0
2005-03-17,0.0,0.0692582389552086,0.0,0.0,0.0,0.0,0.0,-53.29,51.05,0.0,-58.46,39.68,0.0,25.42,-33.646567475854866,-60.66,0,0,0,0
2005-03-18,0.0,0.0689521477400265,0.0,0.0,0.0,0.0,0.0,-53.29,51.05,0.0,-58.46,39.68,0.0,25.42,-33.646567475854866,-60.66,0,0,0,0
2005-03-21,0.0,0.0686440159167431,0.0,0.0,0.0,0.0,0.0,-53.29,51.05,0.0,-58.46,39.68,0.0,25.42,-33.646567475854866,-60.66,0,0,0,0
2005-03-22,0.0,0.0678747066625854,0.0,0.0,0.0,0.0,0.0,-53.29,51.05,0.0,-58.46,39.68,0.0,25.42,-33.646567475854866,-60.66,0,0,0,1
2005-03-23,0.0,0.0684889297010509,0.0,0.0,0.0,0.0,0.0,-53.29,51.05,0.0,-58.46,39.68,0.0,25.42,-33.646567475854866,-60.66,0,0,0,1
2005-03-24,0.0,0.0677196204468931,0.0,0.0,0.0,0.0,0.0,-53.29,51.05,0.0,-58.46,39.68,0.0,25.42,-33.646567475854866,-60.66,0,0,0,1
2005-03-25,0.0,0.069566370778492,0.0,0.0,0.0,0.0,0.0,-53.29,51.05,0.0,-58.46,39.68,0.0,25.42,-33.646567475854866,-60.66,0,0,0,0
2005-03-28,0.0,0.0681807978777675,0.0,0.0,0.0,0.0,0.0,-53.29,51.05,0.0,-58.46,39.68,0.0,25.42,-33.646567475854866,-60.66,0,0,0,1
2005-03-29,0.0,0.0657198245077032,0.0,0.0,0.0,0.0,0.0,-53.29,51.05,0.0,-58.46,39.68,0.0,25.42,-33.646567475854866,-60.66,1,0,1,1
2005-03-30,0.0,0.0661810019385776,0.0,0.0,0.0,0.0,0.0,-53.29,51.05,0.0,-58.46,39.68,0.0,25.42,-33.646567475854866,-60.66,1,0,1,1
2005-03-31,0.0,0.0669503111927354,0.0,0.0,0.0,0.0,0.0,-53.29,51.05,0.0,-58.46,39.68,0.0,25.42,-33.646567475854866,-60.66,1,0,1,1
2005-04-01,0.0,0.0692582389552086,0.0,0.0,0.0,0.0,0.0,-53.29,51.05,0.0,-58.46,39.68,0.0,25.42,-33.646567475854866,-60.66,0,0,0,1
2005-04-04,0.0,0.0687970615243342,0.0,0.0,0.0,0.0,0.0,-53.29,51.05,0.0,-58.46,39.68,0.0,25.42,-33.646567475854866,-60.66,0,0,0,1
2005-04-06,0.0,0.0677196204468931,0.0,0.0,0.0,0.0,0.0,-53.29,51.05,0.0,-58.46,39.68,0.0,25.42,-33.646567475854866,-60.66,0,0,0,1
2005-04-07,0.0,0.0681807978777675,0.0,0.0,0.0,0.0,0.0,-53.29,51.05,0.0,-58.46,39.68,0.0,25.42,-33.646567475854866,-60.66,0,0,0,1
2005-04-08,0.0,0.0681807978777675,0.0,0.0,0.0,0.0,0.0,-53.29,51.05,0.0,-58.46,39.68,0.0,25.42,-33.646567475854866,-60.66,0,0,0,1
2005-04-11,0.0,0.0686440159167431,0.0,0.0,0.0,0.0,0.0,-53.29,51.05,0.0,-58.46,39.68,0.0,25.42,-33.646567475854866,-60.66,0,0,0,1
2005-04-12,0.0,0.0683358840934598,0.0,0.0,0.0,0.0,0.0,-53.29,51.05,0.0,-58.46,39.68,0.0,25.42,-33.646567475854866,-60.66,0,0,0,1
2005-04-13,0.0,0.0684889297010509,0.0,0.0,0.0,0.0,0.0,-53.29,51.05,0.0,-58.46,39.68,0.0,25.42,-33.646567475854866,-60.66,0,0,0,1
2005-04-14,0.0,0.0678747066625854,0.0,0.0,0.0,0.0,0.0,-53.29,51.05,0.0,-58.46,39.68,0.0,25.42,-33.646567475854866,-60.66,0,0,1,1
2005-04-15,0.0,0.0671033568003264,0.0,0.0,0.0,0.0,0.0,-53.29,51.05,0.0,-58.46,39.68,0.0,25.42,-33.646567475854866,-60.66,0,0,1,1
2005-04-18,0.0,0.0632568105295378,0.0,0.0,0.0,0.0,0.0,-53.29,51.05,0.0,-58.46,39.68,0.0,25.42,-33.646567475854866,-60.66,0,1,1,1
2005-04-19,0.0,0.0635649423528211,0.0,0.0,0.0,0.0,0.0,-53.29,51.05,0.0,-58.46,39.68,0.0,25.42,-33.646567475854866,-60.66,0,1,1,1
2005-04-20,0.0,0.0597163554739312,0.0,0.0,0.0,0.0,0.0,-53.29,51.05,0.0,-58.46,39.68,0.0,25.42,-33.646567475854866,-60.66,1,1,1,1
2005-04-21,0.0,0.0597163554739312,0.0,0.0,0.0,0.0,0.0,-53.29,51.05,0.0,-58.46,39.68,0.0,25.42,-33.646567475854866,-60.66,1,1,1,1
2005-04-22,0.0,0.0601775329048056,0.0,0.0,0.0,0.0,0.0,-53.29,51.05,0.0,-58.46,39.68,0.0,25.42,-33.646567475854866,-60.66,1,1,1,1
2005-04-25,0.0,0.0626405468829711,0.0,0.0,0.0,0.0,0.0,-53.29,51.05,0.0,-58.46,39.68,0.0,25.42,-33.646567475854866,-60.66,1,1,1,1
2005-04-26,0.0,0.0640261197836955,0.0,0.0,0.0,0.0,0.0,-53.29,51.05,0.0,-58.46,39.68,0.0,25.42,-33.646567475854866,-60.66,1,1,1,1
2005-04-27,0.0,0.06248750127538,0.0,0.0,0.0,0.0,0.0,-53.29,51.05,0.0,-58.46,39.68,0.0,25.42,-33.646567475854866,-60.66,1,1,1,1
2005-04-28,0.0,0.0627956330986634,0.0,0.0,0.0,0.0,0.0,-53.29,51.05,0.0,-58.46,39.68,0.0,25.42,-33.646567475854866,-60.66,1,1,1,1
2005-04-29,0.0,0.0632568105295378,0.0,0.0,0.0,0.0,0.0,-53.29,51.05,0.0,-58.46,39.68,0.0,25.42,-33.646567475854866,-60.66,1,1,1,1
2005-05-03,0.0,0.0621793694520967,0.0,0.0,0.0,0.0,0.0,-53.29,51.05,0.0,-58.46,39.68,0.0,25.42,-33.646567475854866,-60.66,1,1,1,1
2005-05-04,0.0,0.0631017243138455,0.0,0.0,0.0,0.0,0.0,-53.29,51.05,0.0,-58.46,39.68,0.0,25.42,-33.646567475854866,-60.66,1,1,1,1
2005-05-05,0.0,0.0674114886236098,0.0,0.0,0.0,0.0,0.0,-53.29,51.05,0.0,-58.46,39.68,0.0,25.42,-33.646567475854866,-60.66,1,1,1,1
2005-05-06,0.0,0.0711049892868074,0.0,0.0,0.0,0.0,0.0,-53.29,51.05,0.0,-58.46,39.68,0.0,25.42,-33.646567475854866,-60.66,0,1,1,1
2005-05-09,0.0,0.0720293847566574,0.0,0.0,0.0,0.0,0.0,-53.29,51.05,0.0,-58.46,39.68,0.0,25.42,-33.646567475854866,-60.66,0,0,1,1
2005-05-10,0.0,0.0717212529333741,0.0,0.0,0.0,0.0,0.0,-53.29,51.05,0.0,-58.46,39.68,0.0,25.42,-33.646567475854866,-60.66,0,0,1,1
2005-05-11,0.0,0.0717212529333741,0.0,0.0,0.0,0.0,0.0,-53.29,51.05,0.0,-58.46,39.68,0.0,25.42,-33.646567475854866,-60.66,0,0,1,1
2005-05-12,0.0,0.0707988980716253,0.0,0.0,0.0,0.0,0.0,-53.29,51.05,0.0,-58.46,39.68,0.0,25.42,-33.646567475854866,-60.66,0,1,1,1
2005-05-13,0.0,0.070490766248342,0.0,0.0,0.0,0.0,0.0,-53.29,51.05,0.0,-58.46,39.68,0.0,25.42,-33.646567475854866,-60.66,0,1,1,1
2005-05-16,0.0,0.009221885078275,0.0,0.0,0.0,0.0,0.0,-13.67,1.06,1.06,-70.16,-72.73,-72.73,15.8,-37.84421715184895,16.67,1,1,1,1
2005-05-17,0.0,0.0092835635671604,0.0,0.0,0.0,0.0,0.0,-13.67,1.06,1.06,-70.16,-72.73,-72.73,15.8,-37.84421715184895,16.67,1,1,1,1
2005-05-18,0.0,0.0092015067229164,0.0,0.0,0.0,0.0,0.0,-13.67,1.06,1.06,-70.16,-72.73,-72.73,15.8,-37.84421715184895,16.67,1,1,1,1
2005-05-19,0.0,0.0093859987667629,0.0,0.0,0.0,0.0,0.0,-13.67,1.06,1.06,-70.16,-72.73,-72.73,15.8,-37.84421715184895,16.67,1,1,1,1
2005-05-20,0.0,0.0095704908106093,0.0,0.0,0.0,0.0,0.0,-13.67,1.06,1.06,-70.16,-72.73,-72.73,15.8,-37.84421715184895,16.67,1,1,1,1
2005-05-23,0.0,0.009303941922519,0.0,0.0,0.0,0.0,0.0,-13.67,1.06,1.06,-70.16,-72.73,-72.73,15.8,-37.84421715184895,16.67,1,1,1,1
2005-05-24,0.0,0.0096522759434485,0.0,0.0,0.0,0.0,0.0,-13.67,1.06,1.06,-70.16,-72.73,-72.73,15.8,-37.84421715184895,16.67,1,1,1,1
2005-05-25,0.0,0.009467783899602,0.0,0.0,0.0,0.0,0.0,-13.67,1.06,1.06,-70.16,-72.73,-72.73,15.8,-37.84421715184895,16.67,1,1,1,1
2005-05-26,0.0,0.0095908691659679,0.0,0.0,0.0,0.0,0.0,-13.67,1.06,1.06,-70.16,-72.73,-72.73,15.8,-37.84421715184895,16.67,1,1,1,1
2005-05-27,0.0,0.0097343327876924,0.0,0.0,0.0,0.0,0.0,-13.67,1.06,1.06,-70.16,-72.73,-72.73,15.8,-37.84421715184895,16.67,0,1,1,1
2005-05-30,0.0,0.0099598532536609,0.0,0.0,0.0,0.0,0.0,-13.67,1.06,1.06,-70.16,-72.73,-72.73,15.8,-37.84421715184895,16.67,0,0,1,1
2005-05-31,0.0,0.0098777964094169,0.0,0.0,0.0,0.0,0.0,-13.67,1.06,1.06,-70.16,-72.73,-72.73,15.8,-37.84421715184895,16.67,0,0,1,1
2005-06-01,0.0,0.009836767987295,0.0,0.0,0.0,0.0,0.0,-13.67,1.06,1.06,-70.16,-72.73,-72.73,15.8,-37.84421715184895,16.67,0,0,1,1
2005-06-02,0.0,0.0096933043655705,0.0,0.0,0.0,0.0,0.0,-13.67,1.06,1.06,-70.16,-72.73,-72.73,15.8,-37.84421715184895,16.67,0,1,1,1
2005-06-03,0.0,0.0099188248315389,0.0,0.0,0.0,0.0,0.0,-13.67,1.06,1.06,-70.16,-72.73,-72.73,15.8,-37.84421715184895,16.67,0,0,1,1
2005-06-06,0.0,0.0098571463426535,0.0,0.0,0.0,0.0,0.0,-13.67,1.06,1.06,-70.16,-72.73,-72.73,15.8,-37.84421715184895,16.67,0,0,1,1
2005-06-07,0.0,0.0097343327876924,0.0,0.0,0.0,0.0,0.0,-13.67,1.06,1.06,-70.16,-72.73,-72.73,15.8,-37.84421715184895,16.67,0,1,1,1
2005-06-08,0.0,0.0096522759434485,0.0,0.0,0.0,0.0,0.0,-13.67,1.06,1.06,-70.16,-72.73,-72.73,15.8,-37.84421715184895,16.67,1,1,1,1
2005-06-09,0.0,0.009549840743846,0.0,0.0,0.0,0.0,0.0,-13.67,1.06,1.06,-70.16,-72.73,-72.73,15.8,-37.84421715184895,16.67,1,1,1,1
2005-06-10,0.0,0.0096933043655705,0.0,0.0,0.0,0.0,0.0,-13.67,1.06,1.06,-70.16,-72.73,-72.73,15.8,-37.84421715184895,16.67,1,1,1,1
2005-06-13,0.0,0.009549840743846,0.0,0.0,0.0,0.0,0.0,-13.67,1.06,1.06,-70.16,-72.73,-72.73,15.8,-37.84421715184895,16.67,1,1,1,1
2005-06-14,0.0,0.009508812321724,0.0,0.0,0.0,0.0,0.0,-13.67,1.06,1.06,-70.16,-72.73,-72.73,15.8,-37.84421715184895,16.67,1,1,1,1
2005-06-15,0.0,0.0096729260102119,0.0,0.0,0.0,0.0,0.0,-13.67,1.06,1.06,-70.16,-72.73,-72.73,15.8,-37.84421715184895,16.67,1,1,1,1
2005-06-16,0.0,0.009754711143051,0.0,0.0,0.0,0.0,0.0,-13.67,1.06,1.06,-70.16,-72.73,-72.73,15.8,-37.84421715184895,16.67,1,1,1,1
2005-06-17,0.0,0.009754711143051,0.0,0.0,0.0,0.0,0.0,-13.67,1.06,1.06,-70.16,-72.73,-72.73,15.8,-37.84421715184895,16.67,1,1,1,1
2005-06-20,0.0,0.0098163896319364,0.0,0.0,0.0,0.0,0.0,-13.67,1.06,1.06,-70.16,-72.73,-72.73,15.8,-37.84421715184895,16.67,1,1,1,1
2005-06-21,0.0,0.0097139544323338,0.0,0.0,0.0,0.0,0.0,-13.67,1.06,1.06,-70.16,-72.73,-72.73,15.8,-37.84421715184895,16.67,1,1,1,1
2005-06-22,0.0,0.0103899724074295,0.0,0.0,0.0,0.0,0.0,-13.67,1.06,1.06,-70.16,-72.73,-72.73,15.8,-37.84421715184895,16.67,0,1,1,0
2005-06-23,0.0,0.0102467804971098,0.0,0.0,0.0,0.0,0.0,-13.67,1.06,1.06,-70.16,-72.73,-72.73,15.8,-37.84421715184895,16.67,0,1,1,0
2005-06-24,0.0,0.0103492156967124,0.0,0.0,0.0,0.0,0.0,-13.67,1.06,1.06,-70.16,-72.73,-72.73,15.8,-37.84421715184895,16.67,0,1,1,0
2005-06-27,0.0,0.0101647236528659,0.0,0.0,0.0,0.0,0.0,-13.67,1.06,1.06,-70.16,-72.73,-72.73,15.8,-37.84421715184895,16.67,0,1,1,0
2005-06-28,0.0,0.0102467804971098,0.0,0.0,0.0,0.0,0.0,-13.67,1.06,1.06,-70.16,-72.73,-72.73,15.8,-37.84421715184895,16.67,0,1,1,0
2005-06-29,0.0,0.0100416383865,0.0,0.0,0.0,0.0,0.0,-13.67,1.06,1.06,-70.16,-72.73,-72.73,15.8,-37.84421715184895,16.67,1,1,1,0
2005-06-30,0.0,0.0101033168753853,0.0,0.0,0.0,0.0,0.0,-13.67,1.06,1.06,-70.16,-72.73,-72.73,15.8,-37.84421715184895,16.67,1,1,1,0
2005-07-01,0.0,0.0100416383865,0.0,0.0,0.0,0.0,0.0,-13.67,1.06,1.06,-70.16,-72.73,-72.73,15.8,-37.84421715184895,16.67,1,1,1,0
2005-07-04,0.0,0.010082666808622,0.0,0.0,0.0,0.0,0.0,-13.67,1.06,1.06,-70.16,-72.73,-72.73,15.8,-37.84421715184895,16.67,1,1,1,0
2005-07-05,0.0,0.010000609964378,0.0,0.0,0.0,0.0,0.0,-13.67,1.06,1.06,-70.16,-72.73,-72.73,15.8,-37.84421715184895,16.67,1,1,1,0
2005-07-06,0.0,0.0100622884532634,0.0,0.0,0.0,0.0,0.0,-13.67,1.06,1.06,-70.16,-72.73,-72.73,15.8,-37.84421715184895,16.67,1,1,1,0
2005-07-07,0.0,0.0101022300297662,0.0,0.0,0.0,0.0,0.0,-13.67,1.06,1.06,-70.16,-72.73,-72.73,15.8,-37.84421715184895,16.67,1,1,1,0
2005-07-08,0.0,0.0103437814686167,0.0,0.0,0.0,0.0,0.0,-13.67,1.06,1.06,-70.16,-72.73,-72.73,15.8,-37.84421715184895,16.67,1,1,0,0
2005-07-11,0.0,0.0109806730014239,0.0,0.0,0.0,0.0,0.0,-13.67,1.06,1.06,-70.16,-72.73,-72.73,15.8,-37.84421715184895,16.67,0,0,0,0
2005-07-12,0.0,0.0108706298824875,0.0,0.0,0.0,0.0,0.0,-13.67,1.06,1.06,-70.16,-72.73,-72.73,15.8,-37.84421715184895,16.67,0,0,0,0
2005-07-13,0.0,0.0109806730014239,0.0,0.0,0.0,0.0,0.0,-13.67,1.06,1.06,-70.16,-72.73,-72.73,15.8,-37.84421715184895,16.67,0,0,0,0
2005-07-14,0.0,0.0112222244402745,0.0,0.0,0.0,0.0,0.0,-13.67,1.06,1.06,-70.16,-72.73,-72.73,15.8,-37.84421715184895,16.67,0,0,0,0
2005-07-15,0.0,0.0109806730014239,0.0,0.0,0.0,0.0,0.0,-13.67,1.06,1.06,-70.16,-72.73,-72.73,15.8,-37.84421715184895,16.67,0,0,0,0
2005-07-19,0.0,0.011046427161381,0.0,0.0,0.0,0.0,0.0,-13.67,1.06,1.06,-70.16,-72.73,-72.73,15.8,-37.84421715184895,16.67,0,0,0,0
2005-07-20,0.0,0.0110684357851683,0.0,0.0,0.0,0.0,0.0,-13.67,1.06,1.06,-70.16,-72.73,-72.73,15.8,-37.84421715184895,16.67,0,0,0,0
2005-07-21,0.0,0.0111121813213381,0.0,0.0,0.0,0.0,0.0,-13.67,1.06,1.06,-70.16,-72.73,-72.73,15.8,-37.84421715184895,16.67,0,0,0,0
2005-07-22,0.0,0.0108268843463178,0.0,0.0,0.0,0.0,0.0,-13.67,1.06,1.06,-70.16,-72.73,-72.73,15.8,-37.84421715184895,16.67,0,0,0,0
2005-07-25,0.0,0.0109586643776367,0.0,0.0,0.0,0.0,0.0,-13.67,1.06,1.06,-70.16,-72.73,-72.73,15.8,-37.84421715184895,16.67,0,0,0,0
2005-07-26,0.0,0.0107608584749559,0.0,0.0,0.0,0.0,0.0,-13.67,1.06,1.06,-70.16,-72.73,-72.73,15.8,-37.84421715184895,16.67,0,0,0,0
2005-07-27,0.0,0.0102557469734676,0.0,0.0,0.0,0.0,0.0,-13.67,1.06,1.06,-70.16,-72.73,-72.73,15.8,-37.84421715184895,16.67,1,0,0,0
2005-07-28,0.0,0.0102557469734676,0.0,0.0,0.0,0.0,0.0,-13.67,1.06,1.06,-70.16,-72.73,-72.73,15.8,-37.84421715184895,16.67,1,0,0,0
2005-07-29,0.0,0.0101022300297662,0.0,0.0,0.0,0.0,0.0,-13.67,1.06,1.06,-70.16,-72.73,-72.73,15.8,-37.84421715184895,16.67,1,1,0,0
2005-08-01,0.0,0.0102777555972549,0.0,0.0,0.0,0.0,0.0,-13.67,1.06,1.06,-70.16,-72.73,-72.73,15.8,-37.84421715184895,16.67,1,0,0,0
2005-08-02,0.0,0.0106730956912116,0.0,0.0,0.0,0.0,0.0,-13.67,1.06,1.06,-70.16,-72.73,-72.73,15.8,-37.84421715184895,16.67,0,0,0,0
2005-08-03,0.0,0.0109586643776367,0.0,0.0,0.0,0.0,0.0,-13.67,1.06,1.06,-70.16,-72.73,-72.73,15.8,-37.84421715184895,16.67,0,0,0,0
2005-08-04,0.0,0.0108048757225305,0.0,0.0,0.0,0.0,0.0,-13.67,1.06,1.06,-70.16,-72.73,-72.73,15.8,-37.84421715184895,16.67,0,0,0,0
2005-08-08,0.0,0.0106730956912116,0.0,0.0,0.0,0.0,0.0,-13.67,1.06,1.06,-70.16,-72.73,-72.73,15.8,-37.84421715184895,16.67,0,0,0,0
2005-08-09,0.0,0.0104755614999356,0.0,0.0,0.0,0.0,0.0,-13.67,1.06,1.06,-70.16,-72.73,-72.73,15.8,-37.84421715184895,16.67,0,0,0,0
2005-08-10,0.0,0.0104315442523611,0.0,0.0,0.0,0.0,0.0,-13.67,1.06,1.06,-70.16,-72.73,-72.73,15.8,-37.84421715184895,16.67,0,0,0,0
2005-08-11,0.0,0.0107171129387861,0.0,0.0,0.0,0.0,0.0,-13.67,1.06,1.06,-70.16,-72.73,-72.73,15.8,-37.84421715184895,16.67,0,0,0,0
2005-08-12,0.0,0.0104535528761484,0.0,0.0,0.0,0.0,0.0,-13.67,1.06,1.06,-70.16,-72.73,-72.73,15.8,-37.84421715184895,16.67,0,0,0,0
2005-08-15,0.0,-19.58127906976744,0.0,0.0,0.0,0.0,0.0,0.0,0.0,-98.59,0.0,0.0,0.0,0.75,-95.25316455696202,0.0,0,0,0,0
2005-08-16,0.0,-19.58127906976744,0.0,0.0,0.0,0.0,0.0,0.0,0.0,-98.59,0.0,0.0,0.0,0.75,-95.25316455696202,0.0,0,0,0,0
2005-08-17,0.0,-19.87744186046511,0.0,0.0,0.0,0.0,0.0,0.0,0.0,-98.59,0.0,0.0,0.0,0.75,-95.25316455696202,0.0,0,0,0,0
2005-08-18,0.0,-19.496511627906976,0.0,0.0,0.0,0.0,0.0,0.0,0.0,-98.59,0.0,0.0,0.0,0.75,-95.25316455696202,0.0,0,0,0,0
2005-08-19,0.0,-19.3275,0.0,0.0,0.0,0.0,0.0,0.0,0.0,-98.59,0.0,0.0,0.0,0.75,-95.25316455696202,0.0,0,0,0,0
2005-08-22,0.0,-19.538895348837205,0.0,0.0,0.0,0.0,0.0,0.0,0.0,-98.59,0.0,0.0,0.0,0.75,-95.25316455696202,0.0,0,0,0,0
2005-08-23,0.0,-18.94709302325581,0.0,0.0,0.0,0.0,0.0,0.0,0.0,-98.59,0.0,0.0,0.0,0.75,-95.25316455696202,0.0,0,0,0,0
2005-08-24,0.0,-18.22813953488372,0.0,0.0,0.0,0.0,0.0,0.0,0.0,-98.59,0.0,0.0,0.0,0.75,-95.25316455696202,0.0,0,0,0,0
2005-08-25,0.0,-18.39715116279069,0.0,0.0,0.0,0.0,0.0,0.0,0.0,-98.59,0.0,0.0,0.0,0.75,-95.25316455696202,0.0,0,0,0,0
2005-08-26,0.0,-18.39715116279069,0.0,0.0,0.0,0.0,0.0,0.0,0.0,-98.59,0.0,0.0,0.0,0.75,-95.25316455696202,0.0,0,0,0,0
2005-08-29,0.0,-17.255406976744183,0.0,0.0,0.0,0.0,0.0,0.0,0.0,-98.59,0.0,0.0,0.0,0.75,-95.25316455696202,0.0,1,0,0,0
2005-08-30,0.0,-17.08587209302325,0.0,0.0,0.0,0.0,0.0,0.0,0.0,-98.59,0.0,0.0,0.0,0.75,-95.25316455696202,0.0,1,1,0,0
2005-08-31,0.0,-17.00162790697674,0.0,0.0,0.0,0.0,0.0,0.0,0.0,-98.59,0.0,0.0,0.0,0.75,-95.25316455696202,0.0,1,1,0,0
2005-09-02,0.0,-17.678197674418602,0.0,0.0,0.0,0.0,0.0,0.0,0.0,-98.59,0.0,0.0,0.0,0.75,-95.25316455696202,0.0,0,0,0,0
2005-09-05,0.0,-17.889593023255813,0.0,0.0,0.0,0.0,0.0,0.0,0.0,-98.59,0.0,0.0,0.0,0.75,-95.25316455696202,0.0,0,0,0,0
2005-09-06,0.0,-18.01622093023256,0.0,0.0,0.0,0.0,0.0,0.0,0.0,-98.59,0.0,0.0,0.0,0.75,-95.25316455696202,0.0,0,0,0,0
2005-09-07,0.0,-18.01622093023256,0.0,0.0,0.0,0.0,0.0,0.0,0.0,-98.59,0.0,0.0,0.0,0.75,-95.25316455696202,0.0,0,0,0,0
2005-09-08,0.0,-18.10098837209302,0.0,0.0,0.0,0.0,0.0,0.0,0.0,-98.59,0.0,0.0,0.0,0.75,-95.25316455696202,0.0,0,0,0,0
2005-09-09,0.0,-17.889593023255813,0.0,0.0,0.0,0.0,0.0,0.0,0.0,-98.59,0.0,0.0,0.0,0.75,-95.25316455696202,0.0,0,0,0,0
2005-09-12,0.0,-18.05860465116279,0.0,0.0,0.0,0.0,0.0,0.0,0.0,-98.59,0.0,0.0,0.0,0.75,-95.25316455696202,0.0,0,0,0,0
2005-09-13,0.0,-18.01622093023256,0.0,0.0,0.0,0.0,0.0,0.0,0.0,-98.59,0.0,0.0,0.0,0.75,-95.25316455696202,0.0,0,0,0,0
2005-09-14,0.0,-17.76296511627907,0.0,0.0,0.0,0.0,0.0,0.0,0.0,-98.59,0.0,0.0,0.0,0.75,-95.25316455696202,0.0,0,0,0,0
2005-09-15,0.0,-17.339651162790695,0.0,0.0,0.0,0.0,0.0,0.0,0.0,-98.59,0.0,0.0,0.0,0.75,-95.25316455696202,0.0,0,0,0,0
2005-09-16,0.0,-16.28267441860465,0.0,0.0,0.0,0.0,0.0,0.0,0.0,-98.59,0.0,0.0,0.0,0.75,-95.25316455696202,0.0,1,1,0,0
2005-09-19,0.0,-16.663081395348833,0.0,0.0,0.0,0.0,0.0,0.0,0.0,-98.59,0.0,0.0,0.0,0.75,-95.25316455696202,0.0,0,0,0,0
2005-09-20,0.0,-17.21302325581395,0.0,0.0,0.0,0.0,0.0,0.0,0.0,-98.59,0.0,0.0,0.0,0.75,-95.25316455696202,0.0,0,0,0,0
2005-09-21,0.0,-16.6206976744186,0.0,0.0,0.0,0.0,0.0,0.0,0.0,-98.59,0.0,0.0,0.0,0.75,-95.25316455696202,0.0,1,0,0,0
2005-09-22,0.0,-16.15552325581395,0.0,0.0,0.0,0.0,0.0,0.0,0.0,-98.59,0.0,0.0,0.0,0.75,-95.25316455696202,0.0,1,0,0,0
2005-09-23,0.0,-16.15552325581395,0.0,0.0,0.0,0.0,0.0,0.0,0.0,-98.59,0.0,0.0,0.0,0.75,-95.25316455696202,0.0,1,0,0,0
2005-09-26,0.0,-16.240290697674418,0.0,0.0,0.0,0.0,0.0,0.0,0.0,-98.59,0.0,0.0,0.0,0.75,-95.25316455696202,0.0,1,0,0,0
2005-09-27,0.0,-16.32453488372093,0.0,0.0,0.0,0.0,0.0,0.0,0.0,-98.59,0.0,0.0,0.0,0.75,-95.25316455696202,0.0,1,0,0,0
2005-09-28,0.0,-16.57831395348837,0.0,0.0,0.0,0.0,0.0,0.0,0.0,-98.59,0.0,0.0,0.0,0.75,-95.25316455696202,0.0,1,0,0,0
2005-09-29,0.0,-16.7478488372093,0.0,0.0,0.0,0.0,0.0,0.0,0.0,-98.59,0.0,0.0,0.0,0.75,-95.25316455696202,0.0,0,0,0,0
2005-09-30,0.0,-17.42441860465116,0.0,0.0,0.0,0.0,0.0,0.0,0.0,-98.59,0.0,0.0,0.0,0.75,-95.25316455696202,0.0,0,0,0,0
2005-10-03,0.0,-17.466802325581394,0.0,0.0,0.0,0.0,0.0,0.0,0.0,-98.59,0.0,0.0,0.0,0.75,-95.25316455696202,0.0,0,0,0,0
2005-10-04,0.0,-17.297267441860463,0.0,0.0,0.0,0.0,0.0,0.0,0.0,-98.59,0.0,0.0,0.0,0.75,-95.25316455696202,0.0,0,0,0,0
2005-10-05,0.0,-17.08587209302325,0.0,0.0,0.0,0.0,0.0,0.0,0.0,-98.59,0.0,0.0,0.0,0.75,-95.25316455696202,0.0,0,0,0,0
2005-10-06,0.0,-16.705465116279065,0.0,0.0,0.0,0.0,0.0,0.0,0.0,-98.59,0.0,0.0,0.0,0.75,-95.25316455696202,0.0,0,0,0,0
2005-10-07,0.0,-16.49406976744186,0.0,0.0,0.0,0.0,0.0,0.0,0.0,-98.59,0.0,0.0,0.0,0.75,-95.25316455696202,0.0,0,0,0,0
2005-10-11,0.0,-16.409302325581393,0.0,0.0,0.0,0.0,0.0,0.0,0.0,-98.59,0.0,0.0,0.0,0.75,-95.25316455696202,0.0,0,0,0,0
2005-10-12,0.0,-15.8175,0.0,0.0,0.0,0.0,0.0,0.0,0.0,-98.59,0.0,0.0,0.0,0.75,-95.25316455696202,0.0,0,0,0,0
2005-10-13,0.0,-15.647965116279066,0.0,0.0,0.0,0.0,0.0,0.0,0.0,-98.59,0.0,0.0,0.0,0.75,-95.25316455696202,0.0,0,0,0,0
2005-10-14,0.0,-15.6903488372093,0.0,0.0,0.0,0.0,0.0,0.0,0.0,-98.59,0.0,0.0,0.0,0.75,-95.25316455696202,0.0,0,0,0,0
2005-10-17,0.0,-14.971395348837207,0.0,0.0,0.0,0.0,0.0,0.0,0.0,-98.59,0.0,0.0,0.0,0.75,-95.25316455696202,0.0,0,0,0,0
2005-10-18,0.0,-15.182790697674417,0.0,0.0,0.0,0.0,0.0,0.0,0.0,-98.59,0.0,0.0,0.0,0.75,-95.25316455696202,0.0,0,0,0,0
2005-10-19,0.0,-14.12581395348837,0.0,0.0,0.0,0.0,0.0,0.0,0.0,-98.59,0.0,0.0,0.0,0.75,-95.25316455696202,0.0,0,1,1,1
2005-10-20,0.0,-14.463837209302325,0.0,0.0,0.0,0.0,0.0,0.0,0.0,-98.59,0.0,0.0,0.0,0.75,-95.25316455696202,0.0,0,0,0,1
2005-10-21,0.0,-14.42145348837209,0.0,0.0,0.0,0.0,0.0,0.0,0.0,-98.59,0.0,0.0,0.0,0.75,-95.25316455696202,0.0,0,0,0,1
2005-10-24,0.0,-14.379593023255811,0.0,0.0,0.0,0.0,0.0,0.0,0.0,-98.59,0.0,0.0,0.0,0.75,-95.25316455696202,0.0,0,0,1,1
2005-10-25,0.0,-13.660116279069763,0.0,0.0,0.0,0.0,0.0,0.0,0.0,-98.59,0.0,0.0,0.0,0.75,-95.25316455696202,0.0,1,1,1,1
2005-10-26,0.0,-12.899302325581392,0.0,0.0,0.0,0.0,0.0,0.0,0.0,-98.59,0.0,0.0,0.0,0.75,-95.25316455696202,0.0,1,1,1,1
2005-10-27,0.0,-13.279709302325578,0.0,0.0,0.0,0.0,0.0,0.0,0.0,-98.59,0.0,0.0,0.0,0.75,-95.25316455696202,0.0,1,1,1,1
2005-10-28,0.0,-13.237325581395346,0.0,0.0,0.0,0.0,0.0,0.0,0.0,-98.59,0.0,0.0,0.0,0.75,-95.25316455696202,0.0,1,1,1,1
2005-10-31,0.0,-14.12581395348837,0.0,0.0,0.0,0.0,0.0,0.0,0.0,-98.59,0.0,0.0,0.0,0.75,-95.25316455696202,0.0,1,1,1,1
2005-11-01,0.0,-13.872034883720929,0.0,0.0,0.0,0.0,0.0,0.0,0.0,-98.59,0.0,0.0,0.0,0.75,-95.25316455696202,0.0,1,1,1,1
2005-11-02,0.0,-14.337209302325578,0.0,0.0,0.0,0.0,0.0,0.0,0.0,-98.59,0.0,0.0,0.0,0.75,-95.25316455696202,0.0,1,1,1,1
2005-11-03,0.0,-14.210058139534882,0.0,0.0,0.0,0.0,0.0,0.0,0.0,-98.59,0.0,0.0,0.0,0.75,-95.25316455696202,0.0,1,1,1,1
2005-11-04,0.0,-14.337209302325578,0.0,0.0,0.0,0.0,0.0,0.0,0.0,-98.59,0.0,0.0,0.0,0.75,-95.25316455696202,0.0,1,1,1,1
2005-11-07,0.0,-14.041046511627902,0.0,0.0,0.0,0.0,0.0,0.0,0.0,-98.59,0.0,0.0,0.0,0.75,-95.25316455696202,0.0,1,1,1,1
2005-11-08,0.0,-13.95627906976744,0.0,0.0,0.0,0.0,0.0,0.0,0.0,-98.59,0.0,0.0,0.0,0.75,-95.25316455696202,0.0,1,1,1,1
2005-11-09,0.0,-14.675232558139532,0.0,0.0,0.0,0.0,0.0,0.0,0.0,-98.59,0.0,0.0,0.0,0.75,-95.25316455696202,0.0,0,0,1,1
2005-11-10,0.0,-15.098546511627903,0.0,0.0,0.0,0.0,0.0,0.0,0.0,-98.59,0.0,0.0,0.0,0.75,-95.25316455696202,0.0,0,0,1,1
2005-11-11,0.0,-15.01377906976744,0.0,0.0,0.0,0.0,0.0,0.0,0.0,-98.59,0.0,0.0,0.0,0.75,-95.25316455696202,0.0,0,0,1,1
2005-11-14,0.0,-15.447745819397998,0.0,0.0,0.0,0.0,0.0,0.0,-11.98,-65.79,0.0,-50.45,-97.53,21.18,2724.0,0.0,0,0,1,1
2005-11-15,0.0,-14.84561594202899,0.0,0.0,0.0,0.0,0.0,0.0,-11.98,-65.79,0.0,-50.45,-97.53,21.18,2724.0,0.0,0,0,1,1
2005-11-16,0.0,-14.974453634622533,0.0,0.0,0.0,0.0,0.0,0.0,-11.98,-65.79,0.0,-50.45,-97.53,21.18,2724.0,0.0,0,0,1,1
2005-11-17,0.0,-14.673122502358291,0.0,0.0,0.0,0.0,0.0,0.0,-11.98,-65.79,0.0,-50.45,-97.53,21.18,2724.0,0.0,0,1,1,1
2005-11-18,0.0,-14.673122502358291,0.0,0.0,0.0,0.0,0.0,0.0,-11.98,-65.79,0.0,-50.45,-97.53,21.18,2724.0,0.0,0,1,1,1
2005-11-21,0.0,-14.888206914787183,0.0,0.0,0.0,0.0,0.0,0.0,-11.98,-65.79,0.0,-50.45,-97.53,21.18,2724.0,0.0,0,1,1,1
2005-11-22,0.0,-14.673122502358291,0.0,0.0,0.0,0.0,0.0,0.0,-11.98,-65.79,0.0,-50.45,-97.53,21.18,2724.0,0.0,0,1,1,1
2005-11-23,0.0,-14.673122502358291,0.0,0.0,0.0,0.0,0.0,0.0,-11.98,-65.79,0.0,-50.45,-97.53,21.18,2724.0,0.0,0,1,1,1
2005-11-24,0.0,-14.802492582111316,0.0,0.0,0.0,0.0,0.0,0.0,-11.98,-65.79,0.0,-50.45,-97.53,21.18,2724.0,0.0,0,1,1,1
2005-11-25,0.0,-14.458038089929396,0.0,0.0,0.0,0.0,0.0,0.0,-11.98,-65.79,0.0,-50.45,-97.53,21.18,2724.0,0.0,1,1,1,1
2005-11-28,0.0,-14.673122502358291,0.0,0.0,0.0,0.0,0.0,0.0,-11.98,-65.79,0.0,-50.45,-97.53,21.18,2724.0,0.0,1,1,1,1
2005-11-29,0.0,-14.58740816968242,0.0,0.0,0.0,0.0,0.0,0.0,-11.98,-65.79,0.0,-50.45,-97.53,21.18,2724.0,0.0,1,1,1,1
2005-11-30,0.0,-14.630531529600097,0.0,0.0,0.0,0.0,0.0,0.0,-11.98,-65.79,0.0,-50.45,-97.53,21.18,2724.0,0.0,1,1,1,1
2005-12-01,0.0,-14.286077037418176,0.0,0.0,0.0,0.0,0.0,0.0,-11.98,-65.79,0.0,-50.45,-97.53,21.18,2724.0,0.0,1,1,1,1
2005-12-02,0.0,-14.58740816968242,0.0,0.0,0.0,0.0,0.0,0.0,-11.98,-65.79,0.0,-50.45,-97.53,21.18,2724.0,0.0,1,1,1,1
2005-12-05,0.0,-15.060700354457882,0.0,0.0,0.0,0.0,0.0,0.0,-11.98,-65.79,0.0,-50.45,-97.53,21.18,2724.0,0.0,1,1,1,1
2005-12-06,0.0,-14.716245862275969,0.0,0.0,0.0,0.0,0.0,0.0,-11.98,-65.79,0.0,-50.45,-97.53,21.18,2724.0,0.0,1,1,1,1
2005-12-07,0.0,-15.66283023182689,0.0,0.0,0.0,0.0,0.0,0.0,-11.98,-65.79,0.0,-50.45,-97.53,21.18,2724.0,0.0,0,1,1,1
2005-12-08,0.0,-15.447745819397998,0.0,0.0,0.0,0.0,0.0,0.0,-11.98,-65.79,0.0,-50.45,-97.53,21.18,2724.0,0.0,1,1,1,1
2005-12-09,0.0,-15.362031486722126,0.0,0.0,0.0,0.0,0.0,0.0,-11.98,-65.79,0.0,-50.45,-97.53,21.18,2724.0,0.0,1,1,1,1
2005-12-12,0.0,-15.189538047051428,0.0,0.0,0.0,0.0,0.0,0.0,-11.98,-65.79,0.0,-50.45,-97.53,21.18,2724.0,0.0,1,1,1,1
2005-12-13,0.0,-15.318908126804452,0.0,0.0,0.0,0.0,0.0,0.0,-11.98,-65.79,0.0,-50.45,-97.53,21.18,2724.0,0.0,1,1,1,1
2005-12-14,0.0,-15.66283023182689,0.0,0.0,0.0,0.0,0.0,0.0,-11.98,-65.79,0.0,-50.45,-97.53,21.18,2724.0,0.0,1,1,1,1
2005-12-15,0.0,-15.964161364091131,0.0,0.0,0.0,0.0,0.0,0.0,-11.98,-65.79,0.0,-50.45,-97.53,21.18,2724.0,0.0,1,1,1,1
2005-12-16,0.0,-16.00728472400881,0.0,0.0,0.0,0.0,0.0,0.0,-11.98,-65.79,0.0,-50.45,-97.53,21.18,2724.0,0.0,1,1,1,1
2005-12-19,0.0,-16.093531443844157,0.0,0.0,0.0,0.0,0.0,0.0,-11.98,-65.79,0.0,-50.45,-97.53,21.18,2724.0,0.0,1,1,1,1
2005-12-20,0.0,-16.265492496355375,0.0,0.0,0.0,0.0,0.0,0.0,-11.98,-65.79,0.0,-50.45,-97.53,21.18,2724.0,0.0,1,1,1,1
2005-12-21,0.0,-16.050408083926484,0.0,0.0,0.0,0.0,0.0,0.0,-11.98,-65.79,0.0,-50.45,-97.53,21.18,2724.0,0.0,1,1,1,1
2005-12-22,0.0,-16.30861585627305,0.0,0.0,0.0,0.0,0.0,0.0,-11.98,-65.79,0.0,-50.45,-97.53,21.18,2724.0,0.0,1,1,1,1
2005-12-23,0.0,-16.695661321213166,0.0,0.0,0.0,0.0,0.0,0.0,-11.98,-65.79,0.0,-50.45,-97.53,21.18,2724.0,0.0,1,1,1,1
2005-12-26,0.0,-16.437453548866596,0.0,0.0,0.0,0.0,0.0,0.0,-11.98,-65.79,0.0,-50.45,-97.53,21.18,2724.0,0.0,1,1,1,1
2005-12-27,0.0,-16.609414601377818,0.0,0.0,0.0,0.0,0.0,0.0,-11.98,-65.79,0.0,-50.45,-97.53,21.18,2724.0,0.0,1,1,1,1
2005-12-28,0.0,-16.781908041048514,0.0,0.0,0.0,0.0,0.0,0.0,-11.98,-65.79,0.0,-50.45,-97.53,21.18,2724.0,0.0,1,1,1,0
2005-12-29,0.0,-16.825031400966186,0.0,0.0,0.0,0.0,0.0,0.0,-11.98,-65.79,0.0,-50.45,-97.53,21.18,2724.0,0.0,1,1,1,0
2005-12-30,0.0,-17.2120768659063,0.0,0.0,0.0,0.0,0.0,0.0,-11.98,-65.79,0.0,-50.45,-97.53,21.18,2724.0,0.0,1,0,1,0
2006-01-02,0.0,-17.040115813395083,0.0,0.0,0.0,0.0,0.0,0.0,-11.98,-65.79,0.0,-50.45,-97.53,21.18,2724.0,0.0,1,1,1,0
2006-01-03,0.0,-17.513407998170543,0.0,0.0,0.0,0.0,0.0,0.0,-11.98,-65.79,0.0,-50.45,-97.53,21.18,2724.0,0.0,0,0,0,0
2006-01-04,0.0,-17.2120768659063,0.0,0.0,0.0,0.0,0.0,0.0,-11.98,-65.79,0.0,-50.45,-97.53,21.18,2724.0,0.0,0,1,0,0
2006-01-05,0.0,-17.814739130434788,0.0,0.0,0.0,0.0,0.0,0.0,-11.98,-65.79,0.0,-50.45,-97.53,21.18,2724.0,0.0,0,0,0,0
2006-01-06,0.0,-17.642245690764092,0.0,0.0,0.0,0.0,0.0,0.0,-11.98,-65.79,0.0,-50.45,-97.53,21.18,2724.0,0.0,0,0,0,0
2006-01-09,0.0,-17.599122330846413,0.0,0.0,0.0,0.0,23.41,0.0,-11.98,-65.79,0.0,-50.45,-97.53,21.18,2724.0,0.0,0,0,0,0
2006-01-10,0.0,-17.2120768659063,0.0,0.0,0.0,0.0,23.41,0.0,-11.98,-65.79,0.0,-50.45,-97.53,21.18,2724.0,0.0,0,1,0,0
2006-01-11,0.0,-17.42716127833519,0.0,0.0,0.0,0.0,23.41,0.0,-11.98,-65.79,0.0,-50.45,-97.53,21.18,2724.0,0.0,0,0,0,0
2006-01-12,0.0,-17.168953505988625,0.0,0.0,0.0,0.0,23.41,0.0,-11.98,-65.79,0.0,-50.45,-97.53,21.18,2724.0,0.0,0,1,0,0
2006-01-13,0.0,-17.168953505988625,0.0,0.0,0.0,0.0,23.41,0.0,-11.98,-65.79,0.0,-50.45,-97.53,21.18,2724.0,0.0,0,1,0,0
2006-01-16,0.0,-17.168953505988625,0.0,0.0,0.0,0.0,23.41,0.0,-11.98,-65.79,0.0,-50.45,-97.53,21.18,2724.0,0.0,0,1,0,0
2006-01-17,0.0,-17.2120768659063,0.0,0.0,0.0,0.0,23.41,0.0,-11.98,-65.79,0.0,-50.45,-97.53,21.18,2724.0,0.0,0,1,0,0
2006-01-18,0.0,-16.39433018894892,0.0,0.0,0.0,0.0,23.41,0.0,-11.98,-65.79,0.0,-50.45,-97.53,21.18,2724.0,0.0,1,1,1,1
2006-01-19,0.0,-16.73878468113084,0.0,0.0,0.0,0.0,23.41,0.0,-11.98,-65.79,0.0,-50.45,-97.53,21.18,2724.0,0.0,1,1,0,0
2006-01-20,0.0,-16.95386909355973,0.0,0.0,0.0,0.0,23.41,0.0,-11.98,-65.79,0.0,-50.45,-97.53,21.18,2724.0,0.0,1,1,0,0
2006-01-23,0.0,-16.867622373724384,0.0,0.0,0.0,0.0,23.41,0.0,-11.98,-65.79,0.0,-50.45,-97.53,21.18,2724.0,0.0,1,1,0,0
2006-01-24,0.0,-16.65253796129549,0.0,0.0,0.0,0.0,23.41,0.0,-11.98,-65.79,0.0,-50.45,-97.53,21.18,2724.0,0.0,1,1,0,1
2006-01-25,0.0,-16.73878468113084,0.0,0.0,0.0,0.0,23.41,0.0,-11.98,-65.79,0.0,-50.45,-97.53,21.18,2724.0,0.0,1,1,0,1
2006-02-03,0.0,-16.910745733642056,0.0,0.0,0.0,0.0,23.41,0.0,-11.98,-65.79,0.0,-50.45,-97.53,21.18,2724.0,0.0,1,1,0,0
2006-02-06,0.0,-17.2120768659063,0.0,0.0,0.0,0.0,23.41,0.0,-11.98,-65.79,0.0,-50.45,-97.53,21.18,2724.0,0.0,1,1,0,0
2006-02-07,0.0,-18.4168690078038,0.0,0.0,0.0,0.0,0.0,0.0,-11.98,-65.79,0.0,-50.45,-97.53,21.18,2724.0,0.0,0,0,0,0
2006-02-08,0.0,-18.45999236772147,0.0,0.0,0.0,0.0,0.0,0.0,-11.98,-65.79,0.0,-50.45,-97.53,21.18,2724.0,0.0,0,0,0,0
2006-02-09,0.0,-18.63195342023269,0.0,0.0,0.0,0.0,0.0,0.0,-11.98,-65.79,0.0,-50.45,-97.53,21.18,2724.0,0.0,0,0,0,0
2006-02-10,0.0,-18.288031315210247,0.0,0.0,0.0,0.0,0.0,0.0,-11.98,-65.79,0.0,-50.45,-97.53,21.18,2724.0,0.0,0,0,0,0
2006-02-13,0.0,-17.98670018294601,0.0,0.0,0.0,0.0,0.0,0.0,-11.98,-65.79,0.0,-50.45,-97.53,21.18,2724.0,0.0,0,0,0,0
2006-02-14,0.0,-26.35507447374048,0.0,0.0,0.0,0.0,0.0,-55.36,-15.88,-58.29,-68.7,-62.67,-92.87,18.47,-12.795089707271016,-86.79,0,0,0,0
2006-02-15,0.0,-25.8575042028181,0.0,0.0,0.0,0.0,0.0,-55.36,-15.88,-58.29,-68.7,-62.67,-92.87,18.47,-12.795089707271016,-86.79,0,0,0,0
2006-02-16,0.0,-26.16819723133841,0.0,0.0,0.0,0.0,0.0,-55.36,-15.88,-58.29,-68.7,-62.67,-92.87,18.47,-12.795089707271016,-86.79,0,0,0,0
2006-02-17,0.0,-26.230489645472435,0.0,0.0,0.0,0.0,0.0,-55.36,-15.88,-58.29,-68.7,-62.67,-92.87,18.47,-12.795089707271016,-86.79,0,0,0,0
2006-02-20,0.0,-25.609103588431807,0.0,0.0,0.0,0.0,0.0,-55.36,-15.88,-58.29,-68.7,-62.67,-92.87,18.47,-12.795089707271016,-86.79,0,0,0,0
2006-02-21,0.0,-25.609103588431807,0.0,0.0,0.0,0.0,0.0,-55.36,-15.88,-58.29,-68.7,-62.67,-92.87,18.47,-12.795089707271016,-86.79,0,0,0,0
2006-02-22,0.0,-24.98771753139118,0.0,0.0,0.0,0.0,0.0,-55.36,-15.88,-58.29,-68.7,-62.67,-92.87,18.47,-12.795089707271016,-86.79,0,0,0,0
2006-02-23,0.0,-24.86313270312313,0.0,0.0,0.0,0.0,0.0,-55.36,-15.88,-58.29,-68.7,-62.67,-92.87,18.47,-12.795089707271016,-86.79,0,0,0,0
2006-02-24,0.0,-24.241746646082508,0.0,0.0,0.0,0.0,0.0,-55.36,-15.88,-58.29,-68.7,-62.67,-92.87,18.47,-12.795089707271016,-86.79,0,0,0,1
2006-02-27,0.0,-24.117161817814463,0.0,0.0,0.0,0.0,0.0,-55.36,-15.88,-58.29,-68.7,-62.67,-92.87,18.47,-12.795089707271016,-86.79,0,0,0,1
2006-03-01,0.0,-24.490147260468795,0.0,0.0,0.0,0.0,0.0,-55.36,-15.88,-58.29,-68.7,-62.67,-92.87,18.47,-12.795089707271016,-86.79,0,0,0,0
2006-03-02,0.0,-24.55243967460282,0.0,0.0,0.0,0.0,0.0,-55.36,-15.88,-58.29,-68.7,-62.67,-92.87,18.47,-12.795089707271016,-86.79,0,0,0,0
2006-03-03,0.0,-23.86876120342817,0.0,0.0,0.0,0.0,0.0,-55.36,-15.88,-58.29,-68.7,-62.67,-92.87,18.47,-12.795089707271016,-86.79,0,0,0,1
2006-03-06,0.0,-23.86876120342817,0.0,0.0,0.0,0.0,0.0,-55.36,-15.88,-58.29,-68.7,-62.67,-92.87,18.47,-12.795089707271016,-86.79,0,0,0,1
2006-03-07,0.0,-22.998205489851447,0.0,0.0,0.0,0.0,0.0,-55.36,-15.88,-58.29,-68.7,-62.67,-92.87,18.47,-12.795089707271016,-86.79,0,0,1,1
2006-03-08,0.0,-23.371190932505783,0.0,0.0,0.0,0.0,0.0,-55.36,-15.88,-58.29,-68.7,-62.67,-92.87,18.47,-12.795089707271016,-86.79,0,0,1,1
2006-03-09,0.0,-23.1227903181195,0.0,0.0,0.0,0.0,0.0,-55.36,-15.88,-58.29,-68.7,-62.67,-92.87,18.47,-12.795089707271016,-86.79,0,0,1,1
2006-03-10,0.0,-23.1227903181195,0.0,0.0,0.0,0.0,0.0,-55.36,-15.88,-58.29,-68.7,-62.67,-92.87,18.47,-12.795089707271016,-86.79,0,0,1,1
2006-03-13,0.0,-23.744176375160123,0.0,0.0,0.0,0.0,0.0,-55.36,-15.88,-58.29,-68.7,-62.67,-92.87,18.47,-12.795089707271016,-86.79,0,0,1,1
2006-03-14,0.0,-23.06049790398547,0.0,0.0,0.0,0.0,0.0,-55.36,-15.88,-58.29,-68.7,-62.67,-92.87,18.47,-12.795089707271016,-86.79,0,0,1,1
2006-03-15,0.0,-23.247375146387544,0.0,0.0,0.0,0.0,0.0,-55.36,-15.88,-58.29,-68.7,-62.67,-92.87,18.47,-12.795089707271016,-86.79,0,0,1,1
2006-03-16,0.0,-23.06049790398547,0.0,0.0,0.0,0.0,0.0,-55.36,-15.88,-58.29,-68.7,-62.67,-92.87,18.47,-12.795089707271016,-86.79,0,1,1,1
2006-03-17,0.0,-23.06049790398547,0.0,0.0,0.0,0.0,0.0,-55.36,-15.88,-58.29,-68.7,-62.67,-92.87,18.47,-12.795089707271016,-86.79,0,1,1,1
2006-03-20,0.0,-22.74980487546516,0.0,0.0,0.0,0.0,0.0,-55.36,-15.88,-58.29,-68.7,-62.67,-92.87,18.47,-12.795089707271016,-86.79,0,1,1,1
2006-03-21,0.0,-22.74980487546516,0.0,0.0,0.0,0.0,0.0,-55.36,-15.88,-58.29,-68.7,-62.67,-92.87,18.47,-12.795089707271016,-86.79,0,1,1,1
2006-03-22,0.0,-22.128418818424528,0.0,0.0,0.0,0.0,0.0,-55.36,-15.88,-58.29,-68.7,-62.67,-92.87,18.47,-12.795089707271016,-86.79,1,1,1,1
2006-03-23,0.0,-22.003833990156483,0.0,0.0,0.0,0.0,0.0,-55.36,-15.88,-58.29,-68.7,-62.67,-92.87,18.47,-12.795089707271016,-86.79,1,1,1,1
2006-03-24,0.0,-21.817725789904216,0.0,0.0,0.0,0.0,0.0,-55.36,-15.88,-58.29,-68.7,-62.67,-92.87,18.47,-12.795089707271016,-86.79,1,1,1,1
2006-03-27,0.0,-21.879249161888435,0.0,0.0,0.0,0.0,0.0,-55.36,-15.88,-58.29,-68.7,-62.67,-92.87,18.47,-12.795089707271016,-86.79,1,1,1,1
2006-03-28,0.0,-22.935913075717423,0.0,0.0,0.0,0.0,0.0,-55.36,-15.88,-58.29,-68.7,-62.67,-92.87,18.47,-12.795089707271016,-86.79,1,1,1,1
2006-03-29,0.0,-22.562927633063087,0.0,0.0,0.0,0.0,0.0,-55.36,-15.88,-58.29,-68.7,-62.67,-92.87,18.47,-12.795089707271016,-86.79,1,1,1,1
2006-03-30,0.0,-22.74980487546516,0.0,0.0,0.0,0.0,0.0,-55.36,-15.88,-58.29,-68.7,-62.67,-92.87,18.47,-12.795089707271016,-86.79,1,1,1,1
2006-03-31,0.0,-23.30889851837176,0.0,0.0,0.0,0.0,0.0,-55.36,-15.88,-58.29,-68.7,-62.67,-92.87,18.47,-12.795089707271016,-86.79,1,1,1,1
2006-04-03,0.0,-23.55806817490785,0.0,0.0,0.0,0.0,0.0,-55.36,-15.88,-58.29,-68.7,-62.67,-92.87,18.47,-12.795089707271016,-86.79,1,1,1,1
2006-04-04,0.0,-23.62036058904188,0.0,0.0,0.0,0.0,0.0,-55.36,-15.88,-58.29,-68.7,-62.67,-92.87,18.47,-12.795089707271016,-86.79,1,1,1,1
2006-04-06,0.0,-24.117161817814463,0.0,0.0,0.0,0.0,0.0,-55.36,-15.88,-58.29,-68.7,-62.67,-92.87,18.47,-12.795089707271016,-86.79,1,1,1,1
2006-04-07,0.0,-24.179454231948487,0.0,0.0,0.0,0.0,0.0,-55.36,-15.88,-58.29,-68.7,-62.67,-92.87,18.47,-12.795089707271016,-86.79,1,1,1,1
2006-04-10,0.0,-23.99257698954641,0.0,0.0,0.0,0.0,0.0,-55.36,-15.88,-58.29,-68.7,-62.67,-92.87,18.47,-12.795089707271016,-86.79,1,1,1,1
2006-04-11,0.0,-24.179454231948487,0.0,0.0,0.0,0.0,0.0,-55.36,-15.88,-58.29,-68.7,-62.67,-92.87,18.47,-12.795089707271016,-86.79,1,1,1,1
2006-04-12,0.0,-24.179454231948487,0.0,0.0,0.0,0.0,0.0,-55.36,-15.88,-58.29,-68.7,-62.67,-92.87,18.47,-12.795089707271016,-86.79,1,1,1,1
2006-04-13,0.0,-24.80084028898911,0.0,0.0,0.0,0.0,0.0,-55.36,-15.88,-58.29,-68.7,-62.67,-92.87,18.47,-12.795089707271016,-86.79,1,1,1,1
2006-04-14,0.0,-25.111533317509423,0.0,0.0,0.0,0.0,0.0,-55.36,-15.88,-58.29,-68.7,-62.67,-92.87,18.47,-12.795089707271016,-86.79,1,1,1,0
2006-04-17,0.0,-25.111533317509423,0.0,0.0,0.0,0.0,0.0,-55.36,-15.88,-58.29,-68.7,-62.67,-92.87,18.47,-12.795089707271016,-86.79,1,1,1,0
2006-04-18,0.0,-25.29841055991149,0.0,0.0,0.0,0.0,0.0,-55.36,-15.88,-58.29,-68.7,-62.67,-92.87,18.47,-12.795089707271016,-86.79,1,1,0,0
2006-04-19,0.0,-26.044381445220168,0.0,0.0,0.0,0.0,0.0,-55.36,-15.88,-58.29,-68.7,-62.67,-92.87,18.47,-12.795089707271016,-86.79,0,0,0,0
2006-04-20,0.0,-25.919796616952123,0.0,0.0,0.0,0.0,0.0,-55.36,-15.88,-58.29,-68.7,-62.67,-92.87,18.47,-12.795089707271016,-86.79,0,0,0,0
2006-04-21,0.0,-25.111533317509423,0.0,0.0,0.0,0.0,0.0,-55.36,-15.88,-58.29,-68.7,-62.67,-92.87,18.47,-12.795089707271016,-86.79,1,1,1,1
2006-04-24,0.0,-25.111533317509423,0.0,0.0,0.0,0.0,0.0,-55.36,-15.88,-58.29,-68.7,-62.67,-92.87,18.47,-12.795089707271016,-86.79,1,1,0,1
2006-04-25,0.0,-25.36070297404552,0.0,0.0,0.0,0.0,0.0,-55.36,-15.88,-58.29,-68.7,-62.67,-92.87,18.47,-12.795089707271016,-86.79,1,1,0,0
2006-04-26,0.0,-25.546811174297783,0.0,0.0,0.0,0.0,0.0,-55.36,-15.88,-58.29,-68.7,-62.67,-92.87,18.47,-12.795089707271016,-86.79,1,1,0,0
2006-04-27,0.0,-24.80084028898911,0.0,0.0,0.0,0.0,0.0,-55.36,-15.88,-58.29,-68.7,-62.67,-92.87,18.47,-12.795089707271016,-86.79,1,1,1,1
2006-04-28,0.0,-25.67139600256583,0.0,0.0,0.0,0.0,0.0,-55.36,-15.88,-58.29,-68.7,-62.67,-92.87,18.47,-12.795089707271016,-86.79,1,1,0,0
2006-05-02,0.0,-25.29841055991149,0.0,0.0,0.0,0.0,0.0,-55.36,-15.88,-58.29,-68.7,-62.67,-92.87,18.47,-12.795089707271016,-86.79,1,1,0,1
2006-05-03,0.0,-25.982089031086147,0.0,0.0,0.0,0.0,0.0,-55.36,-15.88,-58.29,-68.7,-62.67,-92.87,18.47,-12.795089707271016,-86.79,1,0,0,0
2006-05-04,0.0,-25.8575042028181,0.0,0.0,0.0,0.0,0.0,-55.36,-15.88,-58.29,-68.7,-62.67,-92.87,18.47,-12.795089707271016,-86.79,1,0,0,0
2006-05-05,0.0,-25.609103588431807,0.0,0.0,0.0,0.0,0.0,-55.36,-15.88,-58.29,-68.7,-62.67,-92.87,18.47,-12.795089707271016,-86.79,1,1,0,0
2006-05-08,0.0,-26.60347508812677,0.0,0.0,0.0,0.0,0.0,-55.36,-15.88,-58.29,-68.7,-62.67,-92.87,18.47,-12.795089707271016,-86.79,0,0,0,0
2006-05-09,0.0,-26.16819723133841,0.0,0.0,0.0,0.0,0.0,-55.36,-15.88,-58.29,-68.7,-62.67,-92.87,18.47,-12.795089707271016,-86.79,1,0,0,0
2006-05-10,0.0,-26.35507447374048,0.0,0.0,0.0,0.0,0.0,-55.36,-15.88,-58.29,-68.7,-62.67,-92.87,18.47,-12.795089707271016,-86.79,0,0,0,0
2006-05-11,0.0,-26.851875702513063,0.0,0.0,0.0,0.0,0.0,-55.36,-15.88,-58.29,-68.7,-62.67,-92.87,18.47,-12.795089707271016,-86.79,0,0,0,0
2006-05-12,0.0,-26.976460530781107,0.0,0.0,0.0,0.0,0.0,-55.36,-15.88,-58.29,-68.7,-62.67,-92.87,18.47,-12.795089707271016,-86.79,0,0,0,0
2006-05-15,0.0,-15.73471022727273,0.0,0.0,0.0,0.0,0.0,155.52,148.99,148.99,282.24,378.21,378.21,24.05,30.211153221440185,685.71,0,0,0,0
2006-05-16,0.0,-15.69743181818182,0.0,0.0,0.0,0.0,0.0,155.52,148.99,148.99,282.24,378.21,378.21,24.05,30.211153221440185,685.71,0,0,0,0
2006-05-17,0.0,-16.032477272727277,0.0,0.0,0.0,0.0,0.0,155.52,148.99,148.99,282.24,378.21,378.21,24.05,30.211153221440185,685.71,0,0,0,0
2006-05-18,0.0,-15.92064204545455,0.0,0.0,0.0,0.0,0.0,155.52,148.99,148.99,282.24,378.21,378.21,24.05,30.211153221440185,685.71,0,0,0,0
2006-05-19,0.0,-15.73471022727273,0.0,0.0,0.0,0.0,0.0,155.52,148.99,148.99,282.24,378.21,378.21,24.05,30.211153221440185,685.71,0,0,0,0
2006-05-22,0.0,-15.623335227272731,0.0,0.0,0.0,0.0,0.0,155.52,148.99,148.99,282.24,378.21,378.21,24.05,30.211153221440185,685.71,0,0,0,0
2006-05-23,0.0,-14.91642613636364,0.0,0.0,0.0,0.0,0.0,155.52,148.99,148.99,282.24,378.21,378.21,24.05,30.211153221440185,685.71,0,0,0,1
2006-05-24,0.0,-14.655937500000002,0.0,0.0,0.0,0.0,0.0,155.52,148.99,148.99,282.24,378.21,378.21,24.05,30.211153221440185,685.71,1,0,1,1
2006-05-25,0.0,-14.693215909090911,0.0,0.0,0.0,0.0,0.0,155.52,148.99,148.99,282.24,378.21,378.21,24.05,30.211153221440185,685.71,1,0,1,1
2006-05-26,0.0,-14.804590909090914,0.0,0.0,0.0,0.0,0.0,155.52,148.99,148.99,282.24,378.21,378.21,24.05,30.211153221440185,685.71,0,0,1,1
2006-05-29,0.0,-15.474221590909094,0.0,0.0,0.0,0.0,0.0,155.52,148.99,148.99,282.24,378.21,378.21,24.05,30.211153221440185,685.71,0,0,0,1
2006-05-30,0.0,-15.325568181818184,0.0,0.0,0.0,0.0,0.0,155.52,148.99,148.99,282.24,378.21,378.21,24.05,30.211153221440185,685.71,0,0,0,1
2006-06-01,0.0,-15.325568181818184,0.0,0.0,0.0,0.0,0.0,155.52,148.99,148.99,282.24,378.21,378.21,24.05,30.211153221440185,685.71,0,0,0,1
2006-06-02,0.0,-15.176914772727276,0.0,0.0,0.0,0.0,0.0,155.52,148.99,148.99,282.24,378.21,378.21,24.05,30.211153221440185,685.71,0,0,0,1
2006-06-05,0.0,-14.395448863636368,0.0,0.0,0.0,0.0,0.0,155.52,148.99,148.99,282.24,378.21,378.21,24.05,30.211153221440185,685.71,1,1,1,1
2006-06-06,0.0,-14.95370454545455,0.0,0.0,0.0,0.0,0.0,155.52,148.99,148.99,282.24,378.21,378.21,24.05,30.211153221440185,685.71,0,0,1,1
2006-06-07,0.0,-14.841869318181825,0.0,0.0,0.0,0.0,0.0,155.52,148.99,148.99,282.24,378.21,378.21,24.05,30.211153221440185,685.71,0,0,1,1
2006-06-08,0.0,-14.060863636363637,0.0,0.0,0.0,0.0,0.0,155.52,148.99,148.99,282.24,378.21,378.21,24.05,30.211153221440185,685.71,1,1,1,1
2006-06-09,0.0,-14.470005681818186,0.0,0.0,0.0,0.0,0.0,155.52,148.99,148.99,282.24,378.21,378.21,24.05,30.211153221440185,685.71,0,1,1,1
2006-06-12,0.0,-14.5445625,0.0,0.0,0.0,0.0,0.0,155.52,148.99,148.99,282.24,378.21,378.21,24.05,30.211153221440185,685.71,0,1,1,1
2006-06-13,0.0,-14.17223863636364,0.0,0.0,0.0,0.0,0.0,155.52,148.99,148.99,282.24,378.21,378.21,24.05,30.211153221440185,685.71,1,1,1,1
2006-06-14,0.0,-14.395448863636368,0.0,0.0,0.0,0.0,0.0,155.52,148.99,148.99,282.24,378.21,378.21,24.05,30.211153221440185,685.71,1,1,1,1
2006-06-15,0.0,-14.470005681818186,0.0,0.0,0.0,0.0,0.0,155.52,148.99,148.99,282.24,378.21,378.21,24.05,30.211153221440185,685.71,1,1,1,1
2006-06-16,0.0,-14.618659090909096,0.0,0.0,0.0,0.0,0.0,155.52,148.99,148.99,282.24,378.21,378.21,24.05,30.211153221440185,685.71,0,1,1,1
2006-06-19,0.0,-14.655937500000002,0.0,0.0,0.0,0.0,0.0,155.52,148.99,148.99,282.24,378.21,378.21,24.05,30.211153221440185,685.71,0,1,1,1
2006-06-20,0.0,-14.321352272727276,0.0,0.0,0.0,0.0,0.0,155.52,148.99,148.99,282.24,378.21,378.21,24.05,30.211153221440185,685.71,1,1,1,1
2006-06-21,0.0,-13.837653409090914,0.0,0.0,0.0,0.0,0.0,155.52,148.99,148.99,282.24,378.21,378.21,24.05,30.211153221440185,685.71,1,1,1,1
2006-06-22,0.0,-14.581380681818183,0.0,0.0,0.0,0.0,0.0,155.52,148.99,148.99,282.24,378.21,378.21,24.05,30.211153221440185,685.71,1,1,1,1
2006-06-23,0.0,-14.284073863636364,0.0,0.0,0.0,0.0,0.0,155.52,148.99,148.99,282.24,378.21,378.21,24.05,30.211153221440185,685.71,1,1,1,1
2006-06-26,0.0,-14.581380681818183,0.0,0.0,0.0,0.0,0.0,155.52,148.99,148.99,282.24,378.21,378.21,24.05,30.211153221440185,685.71,1,1,1,1
2006-06-27,0.0,-14.91642613636364,0.0,0.0,0.0,0.0,0.0,155.52,148.99,148.99,282.24,378.21,378.21,24.05,30.211153221440185,685.71,1,1,1,1
2006-06-28,0.0,-14.87914772727273,0.0,0.0,0.0,0.0,0.0,155.52,148.99,148.99,282.24,378.21,378.21,24.05,30.211153221440185,685.71,1,1,1,1
2006-06-29,0.0,-14.91642613636364,0.0,0.0,0.0,0.0,0.0,155.52,148.99,148.99,282.24,378.21,378.21,24.05,30.211153221440185,685.71,1,1,1,1
2006-06-30,0.0,-15.176914772727276,0.0,0.0,0.0,0.0,0.0,155.52,148.99,148.99,282.24,378.21,378.21,24.05,30.211153221440185,685.71,1,1,1,1
2006-07-03,0.0,-15.251011363636366,0.0,0.0,0.0,0.0,0.0,155.52,148.99,148.99,282.24,378.21,378.21,24.05,30.211153221440185,685.71,0,1,1,1
2006-07-04,0.0,-15.251011363636366,0.0,0.0,0.0,0.0,0.0,155.52,148.99,148.99,282.24,378.21,378.21,24.05,30.211153221440185,685.71,1,1,1,1
2006-07-05,0.0,-15.027801136363635,0.0,0.0,0.0,0.0,0.0,155.52,148.99,148.99,282.24,378.21,378.21,24.05,30.211153221440185,685.71,1,1,1,1
2006-07-06,0.0,-15.210971590909097,0.0,0.0,0.0,0.0,0.0,155.52,148.99,148.99,282.24,378.21,378.21,24.05,30.211153221440185,685.71,1,1,1,1
2006-07-07,0.0,-15.01905681818182,0.0,0.0,0.0,0.0,52.51,155.52,148.99,148.99,282.24,378.21,378.21,24.05,30.211153221440185,685.71,1,1,1,1
2006-07-10,0.0,-15.134113636363637,0.0,0.0,0.0,0.0,52.51,155.52,148.99,148.99,282.24,378.21,378.21,24.05,30.211153221440185,685.71,1,1,1,1
2006-07-11,0.0,-15.325568181818184,0.0,0.0,0.0,0.0,52.51,155.52,148.99,148.99,282.24,378.21,378.21,24.05,30.211153221440185,685.71,1,1,1,1
2006-07-12,0.0,-15.7089375,0.0,0.0,0.0,0.0,52.51,155.52,148.99,148.99,282.24,378.21,378.21,24.05,30.211153221440185,685.71,1,1,1,1
2006-07-13,0.0,-15.7089375,0.0,0.0,0.0,0.0,52.51,155.52,148.99,148.99,282.24,378.21,378.21,24.05,30.211153221440185,685.71,1,1,1,1
2006-07-14,0.0,-15.440625000000004,0.0,0.0,0.0,0.0,52.51,155.52,148.99,148.99,282.24,378.21,378.21,24.05,30.211153221440185,685.71,1,1,1,1
2006-07-17,0.0,-15.325568181818184,0.0,0.0,0.0,0.0,52.51,155.52,148.99,148.99,282.24,378.21,378.21,24.05,30.211153221440185,685.71,1,1,1,1
2006-07-18,0.0,-15.862193181818188,0.0,0.0,0.0,0.0,52.51,155.52,148.99,148.99,282.24,378.21,378.21,24.05,30.211153221440185,685.71,1,1,1,1
2006-07-19,0.0,-15.632079545454548,0.0,0.0,0.0,0.0,52.51,155.52,148.99,148.99,282.24,378.21,378.21,24.05,30.211153221440185,685.71,1,1,1,1
2006-07-20,0.0,-16.70486931818182,0.0,0.0,0.0,0.0,52.51,155.52,148.99,148.99,282.24,378.21,378.21,24.05,30.211153221440185,685.71,0,1,1,1
2006-07-21,0.0,-16.934982954545458,0.0,0.0,0.0,0.0,52.51,155.52,148.99,148.99,282.24,378.21,378.21,24.05,30.211153221440185,685.71,0,0,0,1
2006-07-24,0.0,-16.81992613636364,0.0,0.0,0.0,0.0,52.51,155.52,148.99,148.99,282.24,378.21,378.21,24.05,30.211153221440185,685.71,0,0,1,1
2006-07-25,0.0,-16.896784090909094,0.0,0.0,0.0,0.0,52.51,155.52,148.99,148.99,282.24,378.21,378.21,24.05,30.211153221440185,685.71,0,0,1,1
2006-07-26,0.0,-16.934982954545458,0.0,0.0,0.0,0.0,52.51,155.52,148.99,148.99,282.24,378.21,378.21,24.05,30.211153221440185,685.71,0,0,1,1
2006-07-27,0.0,-16.81992613636364,0.0,0.0,0.0,0.0,52.51,155.52,148.99,148.99,282.24,378.21,378.21,24.05,30.211153221440185,685.71,0,0,1,1
2006-07-28,0.0,-17.050039772727278,0.0,0.0,0.0,0.0,52.51,155.52,148.99,148.99,282.24,378.21,378.21,24.05,30.211153221440185,685.71,0,0,0,1
2006-07-31,0.0,-16.70486931818182,0.0,0.0,0.0,0.0,52.51,155.52,148.99,148.99,282.24,378.21,378.21,24.05,30.211153221440185,685.71,0,0,1,1
2006-08-01,0.0,-16.590272727272733,0.0,0.0,0.0,0.0,52.51,155.52,148.99,148.99,282.24,378.21,378.21,24.05,30.211153221440185,685.71,1,0,1,1
2006-08-02,0.0,-16.666670454545457,0.0,0.0,0.0,0.0,52.51,155.52,148.99,148.99,282.24,378.21,378.21,24.05,30.211153221440185,685.71,1,0,1,1
2006-08-03,0.0,-16.32196022727273,0.0,0.0,0.0,0.0,52.51,155.52,148.99,148.99,282.24,378.21,378.21,24.05,30.211153221440185,685.71,1,1,1,1
2006-08-04,0.0,-16.437017045454546,0.0,0.0,0.0,0.0,52.51,155.52,148.99,148.99,282.24,378.21,378.21,24.05,30.211153221440185,685.71,1,1,1,1
2006-08-07,0.0,-16.858125000000005,0.0,0.0,0.0,0.0,0.0,155.52,148.99,148.99,282.24,378.21,378.21,24.05,30.211153221440185,685.71,0,0,1,1
2006-08-08,0.0,-16.934982954545458,0.0,0.0,0.0,0.0,0.0,155.52,148.99,148.99,282.24,378.21,378.21,24.05,30.211153221440185,685.71,0,0,1,1
2006-08-09,0.0,-17.24149431818182,0.0,0.0,0.0,0.0,0.0,155.52,148.99,148.99,282.24,378.21,378.21,24.05,30.211153221440185,685.71,0,0,0,0
2006-08-10,0.0,-16.858125000000005,0.0,0.0,0.0,0.0,0.0,155.52,148.99,148.99,282.24,378.21,378.21,24.05,30.211153221440185,685.71,0,1,1,1
2006-08-11,0.0,-16.858125000000005,0.0,0.0,0.0,0.0,0.0,155.52,148.99,148.99,282.24,378.21,378.21,24.05,30.211153221440185,685.71,0,1,1,1
2006-08-14,0.0,0.4901318119539093,0.0,0.0,0.0,0.0,0.0,67.31,0.0,11506.78,75.32,0.0,0.0,28.44,18.25363825363825,74.55,0,1,1,1
2006-08-15,0.0,0.4890287495788503,0.0,0.0,0.0,0.0,0.0,67.31,0.0,11506.78,75.32,0.0,0.0,28.44,18.25363825363825,74.55,0,1,1,1
2006-08-16,0.0,0.4901318119539093,0.0,0.0,0.0,0.0,0.0,67.31,0.0,11506.78,75.32,0.0,0.0,28.44,18.25363825363825,74.55,0,1,1,1
2006-08-17,0.0,0.4934542889872194,0.0,0.0,0.0,0.0,0.0,67.31,0.0,11506.78,75.32,0.0,0.0,28.44,18.25363825363825,74.55,0,0,1,1
2006-08-18,0.0,0.4868093349205992,0.0,0.0,0.0,0.0,0.0,67.31,0.0,11506.78,75.32,0.0,0.0,28.44,18.25363825363825,74.55,0,1,1,1
2006-08-21,0.0,0.4602560984703846,0.0,0.0,0.0,0.0,0.0,67.31,0.0,11506.78,75.32,0.0,0.0,28.44,18.25363825363825,74.55,1,1,1,1
2006-08-22,0.0,0.4746490689786841,0.0,0.0,0.0,0.0,0.0,67.31,0.0,11506.78,75.32,0.0,0.0,28.44,18.25363825363825,74.55,1,1,1,1
2006-08-23,0.0,0.470223529570315,0.0,0.0,0.0,0.0,0.0,67.31,0.0,11506.78,75.32,0.0,0.0,28.44,18.25363825363825,74.55,1,1,1,1
2006-08-24,0.0,0.4735327166954919,0.0,0.0,0.0,0.0,0.0,67.31,0.0,11506.78,75.32,0.0,0.0,28.44,18.25363825363825,74.55,1,1,1,1
2006-08-25,0.0,0.4746490689786841,0.0,0.0,0.0,0.0,0.0,67.31,0.0,11506.78,75.32,0.0,0.0,28.44,18.25363825363825,74.55,1,1,1,1
2006-08-28,0.0,0.4746490689786841,0.0,0.0,0.0,0.0,0.0,67.31,0.0,11506.78,75.32,0.0,0.0,28.44,18.25363825363825,74.55,1,1,1,1
2006-08-29,0.0,0.4801776707621121,0.0,0.0,0.0,0.0,0.0,67.31,0.0,11506.78,75.32,0.0,0.0,28.44,18.25363825363825,74.55,1,1,1,1
2006-08-30,0.0,0.5133625713708136,0.0,0.0,0.0,0.0,0.0,67.31,0.0,11506.78,75.32,0.0,0.0,28.44,18.25363825363825,74.55,0,0,0,1
2006-08-31,0.0,0.5078339695873856,0.0,0.0,0.0,0.0,0.0,67.31,0.0,11506.78,75.32,0.0,0.0,28.44,18.25363825363825,74.55,0,0,0,1
2006-09-01,0.0,0.5166850484041238,0.0,0.0,0.0,0.0,0.0,67.31,0.0,11506.78,75.32,0.0,0.0,28.44,18.25363825363825,74.55,0,0,0,1
2006-09-04,0.0,0.5144789236540058,0.0,0.0,0.0,0.0,0.0,67.31,0.0,11506.78,75.32,0.0,0.0,28.44,18.25363825363825,74.55,0,0,0,1
2006-09-05,0.0,0.5067309072123267,0.0,0.0,0.0,0.0,0.0,67.31,0.0,11506.78,75.32,0.0,0.0,28.44,18.25363825363825,74.55,0,0,0,1
2006-09-06,0.0,0.5100533842456367,0.0,0.0,0.0,0.0,0.0,67.31,0.0,11506.78,75.32,0.0,0.0,28.44,18.25363825363825,74.55,0,0,0,1
2006-09-07,0.0,0.5155819860290647,0.0,0.0,0.0,0.0,0.0,67.31,0.0,11506.78,75.32,0.0,0.0,28.44,18.25363825363825,74.55,0,0,0,1
2006-09-08,0.0,0.5100533842456367,0.0,0.0,0.0,0.0,0.0,67.31,0.0,11506.78,75.32,0.0,0.0,28.44,18.25363825363825,74.55,0,0,0,1
2006-09-11,0.0,0.5122595089957547,0.0,0.0,0.0,0.0,0.0,67.31,0.0,11506.78,75.32,0.0,0.0,28.44,18.25363825363825,74.55,0,0,0,1
2006-09-12,0.0,0.5023053678039575,0.0,0.0,0.0,0.0,0.0,67.31,0.0,11506.78,75.32,0.0,0.0,28.44,18.25363825363825,74.55,0,0,1,1
2006-09-13,0.0,0.5067309072123267,0.0,0.0,0.0,0.0,0.0,67.31,0.0,11506.78,75.32,0.0,0.0,28.44,18.25363825363825,74.55,0,0,0,1
2006-09-14,0.0,0.4934542889872194,0.0,0.0,0.0,0.0,0.0,67.31,0.0,11506.78,75.32,0.0,0.0,28.44,18.25363825363825,74.55,1,1,1,1
2006-09-15,0.0,0.5000859531457064,0.0,0.0,0.0,0.0,0.0,67.31,0.0,11506.78,75.32,0.0,0.0,28.44,18.25363825363825,74.55,0,0,1,1
2006-09-18,0.0,0.5189044630623749,0.0,0.0,0.0,0.0,0.0,67.31,0.0,11506.78,75.32,0.0,0.0,28.44,18.25363825363825,74.55,0,0,0,1
2006-09-19,0.0,0.5166850484041238,0.0,0.0,0.0,0.0,0.0,67.31,0.0,11506.78,75.32,0.0,0.0,28.44,18.25363825363825,74.55,0,0,0,1
2006-09-20,0.0,0.5056278448372676,0.0,0.0,0.0,0.0,0.0,67.31,0.0,11506.78,75.32,0.0,0.0,28.44,18.25363825363825,74.55,0,0,1,1
2006-09-21,0.0,0.4978798283955884,0.0,0.0,0.0,0.0,0.0,67.31,0.0,11506.78,75.32,0.0,0.0,28.44,18.25363825363825,74.55,0,0,1,1
2006-09-22,0.0,0.5012023054288985,0.0,0.0,0.0,0.0,0.0,67.31,0.0,11506.78,75.32,0.0,0.0,28.44,18.25363825363825,74.55,0,0,1,1
2006-09-25,0.0,0.4978798283955884,0.0,0.0,0.0,0.0,0.0,67.31,0.0,11506.78,75.32,0.0,0.0,28.44,18.25363825363825,74.55,0,0,1,1
2006-09-26,0.0,0.4890287495788503,0.0,0.0,0.0,0.0,0.0,67.31,0.0,11506.78,75.32,0.0,0.0,28.44,18.25363825363825,74.55,1,1,1,1
2006-09-27,0.0,0.4934542889872194,0.0,0.0,0.0,0.0,0.0,67.31,0.0,11506.78,75.32,0.0,0.0,28.44,18.25363825363825,74.55,0,1,1,1
2006-09-28,0.0,0.4801776707621121,0.0,0.0,0.0,0.0,0.0,67.31,0.0,11506.78,75.32,0.0,0.0,28.44,18.25363825363825,74.55,1,1,1,1
2006-09-29,0.0,0.48238379551223,0.0,0.0,0.0,0.0,0.0,67.31,0.0,11506.78,75.32,0.0,0.0,28.44,18.25363825363825,74.55,1,1,1,1
2006-10-02,0.0,0.4912348743289682,0.0,0.0,0.0,0.0,0.0,67.31,0.0,11506.78,75.32,0.0,0.0,28.44,18.25363825363825,74.55,1,1,1,1
2006-10-03,0.0,0.4901318119539093,0.0,0.0,0.0,0.0,0.0,67.31,0.0,11506.78,75.32,0.0,0.0,28.44,18.25363825363825,74.55,1,1,1,1
2006-10-04,0.0,0.4923512266121604,0.0,0.0,0.0,0.0,0.0,67.31,0.0,11506.78,75.32,0.0,0.0,28.44,18.25363825363825,74.55,1,1,1,1
2006-10-05,0.0,0.4989828907706474,0.0,0.0,0.0,0.0,0.0,67.31,0.0,11506.78,75.32,0.0,0.0,28.44,18.25363825363825,74.55,1,1,1,1
2006-10-11,0.0,0.4912348743289682,0.0,0.0,0.0,0.0,0.0,67.31,0.0,11506.78,75.32,0.0,0.0,28.44,18.25363825363825,74.55,1,1,1,1
2006-10-12,0.0,0.5000859531457064,0.0,0.0,0.0,0.0,0.0,67.31,0.0,11506.78,75.32,0.0,0.0,28.44,18.25363825363825,74.55,1,1,1,1
2006-10-13,0.0,0.5111564466206957,0.0,0.0,0.0,0.0,0.0,67.31,0.0,11506.78,75.32,0.0,0.0,28.44,18.25363825363825,74.55,0,1,1,1
2006-10-14,0.0,0.5122595089957547,0.0,0.0,0.0,0.0,0.0,67.31,0.0,11506.78,75.32,0.0,0.0,28.44,18.25363825363825,74.55,0,1,1,1
2006-10-16,0.0,0.5222136501875518,0.0,0.0,0.0,0.0,0.0,67.31,0.0,11506.78,75.32,0.0,0.0,28.44,18.25363825363825,74.55,0,0,1,1
2006-10-17,0.0,0.5100533842456367,0.0,0.0,0.0,0.0,0.0,67.31,0.0,11506.78,75.32,0.0,0.0,28.44,18.25363825363825,74.55,0,1,1,1
2006-10-18,0.0,0.5023053678039575,0.0,0.0,0.0,0.0,0.0,67.31,0.0,11506.78,75.32,0.0,0.0,28.44,18.25363825363825,74.55,1,1,1,1
2006-10-19,0.0,0.5034084301790166,0.0,0.0,0.0,0.0,0.0,67.31,0.0,11506.78,75.32,0.0,0.0,28.44,18.25363825363825,74.55,1,1,1,1
2006-10-20,0.0,0.5089370319624446,0.0,0.0,0.0,0.0,0.0,67.31,0.0,11506.78,75.32,0.0,0.0,28.44,18.25363825363825,74.55,1,1,1,1
2006-10-23,0.0,0.5089370319624446,0.0,0.0,0.0,0.0,0.0,67.31,0.0,11506.78,75.32,0.0,0.0,28.44,18.25363825363825,74.55,1,1,1,1
2006-10-24,0.0,0.5100533842456367,0.0,0.0,0.0,0.0,0.0,67.31,0.0,11506.78,75.32,0.0,0.0,28.44,18.25363825363825,74.55,1,1,1,1
2006-10-25,0.0,0.5034084301790166,0.0,0.0,0.0,0.0,0.0,67.31,0.0,11506.78,75.32,0.0,0.0,28.44,18.25363825363825,74.55,1,1,1,1
2006-10-26,0.0,0.5056278448372676,0.0,0.0,0.0,0.0,0.0,67.31,0.0,11506.78,75.32,0.0,0.0,28.44,18.25363825363825,74.55,1,1,1,1
2006-10-27,0.0,0.5133625713708136,0.0,0.0,0.0,0.0,0.0,67.31,0.0,11506.78,75.32,0.0,0.0,28.44,18.25363825363825,74.55,1,1,1,1
2006-10-30,0.0,0.5200075254374339,0.0,0.0,0.0,0.0,0.0,67.31,0.0,11506.78,75.32,0.0,0.0,28.44,18.25363825363825,74.55,1,1,1,1
2006-10-31,0.0,0.5200075254374339,0.0,0.0,0.0,0.0,0.0,67.31,0.0,11506.78,75.32,0.0,0.0,28.44,18.25363825363825,74.55,1,1,1,1
2006-11-01,0.0,0.5177881107791827,0.0,0.0,0.0,0.0,0.0,67.31,0.0,11506.78,75.32,0.0,0.0,28.44,18.25363825363825,74.55,1,1,1,1
2006-11-02,0.0,0.5177881107791827,0.0,0.0,0.0,0.0,0.0,67.31,0.0,11506.78,75.32,0.0,0.0,28.44,18.25363825363825,74.55,1,1,1,1
2006-11-03,0.0,0.525536127220862,0.0,0.0,0.0,0.0,0.0,67.31,0.0,11506.78,75.32,0.0,0.0,28.44,18.25363825363825,74.55,1,1,1,1
2006-11-06,0.0,0.524433064845803,0.0,0.0,0.0,0.0,0.0,67.31,0.0,11506.78,75.32,0.0,0.0,28.44,18.25363825363825,74.55,1,1,1,1
2006-11-07,0.0,0.5299616666292309,0.0,0.0,0.0,0.0,0.0,67.31,0.0,11506.78,75.32,0.0,0.0,28.44,18.25363825363825,74.55,1,1,1,1
2006-11-08,0.0,0.5266391895959208,0.0,0.0,0.0,0.0,0.0,67.31,0.0,11506.78,75.32,0.0,0.0,28.44,18.25363825363825,74.55,1,1,1,1
2006-11-09,0.0,0.5155819860290647,0.0,0.0,0.0,0.0,0.0,67.31,0.0,11506.78,75.32,0.0,0.0,28.44,18.25363825363825,74.55,1,1,1,1
2006-11-10,0.0,0.5222136501875518,0.0,0.0,0.0,0.0,0.0,67.31,0.0,11506.78,75.32,0.0,0.0,28.44,18.25363825363825,74.55,1,1,1,1
2006-11-13,0.0,0.5332841436625412,0.0,0.0,0.0,0.0,0.0,67.31,0.0,11506.78,75.32,0.0,0.0,28.44,18.25363825363825,74.55,1,1,1,1
2006-11-14,0.0,0.1429564427054925,0.0,0.0,0.0,0.0,0.0,42.15,171.29,461.45,49.06,212.66,4681.25,32.07,12.763713080168774,39.58,1,1,1,1
2006-11-15,0.0,0.1446236121170881,0.0,0.0,0.0,0.0,0.0,42.15,171.29,461.45,49.06,212.66,4681.25,32.07,12.763713080168774,39.58,1,1,1,1
2006-11-16,0.0,0.1449003622394129,0.0,0.0,0.0,0.0,0.0,42.15,171.29,461.45,49.06,212.66,4681.25,32.07,12.763713080168774,39.58,1,1,1,1
2006-11-17,0.0,0.1471210318956581,0.0,0.0,0.0,0.0,0.0,42.15,171.29,461.45,49.06,212.66,4681.25,32.07,12.763713080168774,39.58,0,0,0,0
2006-11-20,0.0,0.1482313667237808,0.0,0.0,0.0,0.0,0.0,42.15,171.29,461.45,49.06,212.66,4681.25,32.07,12.763713080168774,39.58,0,0,0,0
2006-11-21,0.0,0.1471210318956581,0.0,0.0,0.0,0.0,0.0,42.15,171.29,461.45,49.06,212.66,4681.25,32.07,12.763713080168774,39.58,0,0,0,0
2006-11-22,0.0,0.1476745321403078,0.0,0.0,0.0,0.0,0.0,42.15,171.29,461.45,49.06,212.66,4681.25,32.07,12.763713080168774,39.58,0,0,0,0
2006-11-23,0.0,0.1460106970675355,0.0,0.0,0.0,0.0,0.0,42.15,171.29,461.45,49.06,212.66,4681.25,32.07,12.763713080168774,39.58,0,0,0,0
2006-11-24,0.0,0.1465641973121852,0.0,0.0,0.0,0.0,0.0,42.15,171.29,461.45,49.06,212.66,4681.25,32.07,12.763713080168774,39.58,0,0,0,0
2006-11-27,0.0,0.1449003622394129,0.0,0.0,0.0,0.0,0.0,42.15,171.29,461.45,49.06,212.66,4681.25,32.07,12.763713080168774,39.58,0,0,1,0
2006-11-28,0.0,0.1421228579996948,0.0,0.0,0.0,0.0,0.0,42.15,171.29,461.45,49.06,212.66,4681.25,32.07,12.763713080168774,39.58,1,1,1,1
2006-11-29,0.0,0.1421228579996948,0.0,0.0,0.0,0.0,0.0,42.15,171.29,461.45,49.06,212.66,4681.25,32.07,12.763713080168774,39.58,1,1,1,1
2006-11-30,0.0,0.1465641973121852,0.0,0.0,0.0,0.0,0.0,42.15,171.29,461.45,49.06,212.66,4681.25,32.07,12.763713080168774,39.58,0,0,0,0
2006-12-01,0.0,0.1460106970675355,0.0,0.0,0.0,0.0,0.0,42.15,171.29,461.45,49.06,212.66,4681.25,32.07,12.763713080168774,39.58,0,0,0,0
2006-12-04,0.0,0.1476745321403078,0.0,0.0,0.0,0.0,0.0,42.15,171.29,461.45,49.06,212.66,4681.25,32.07,12.763713080168774,39.58,0,0,0,0
2006-12-05,0.0,0.1487848669684305,0.0,0.0,0.0,0.0,0.0,42.15,171.29,461.45,49.06,212.66,4681.25,32.07,12.763713080168774,39.58,0,0,0,0
2006-12-06,0.0,0.1487848669684305,0.0,0.0,0.0,0.0,0.0,42.15,171.29,461.45,49.06,212.66,4681.25,32.07,12.763713080168774,39.58,0,0,0,0
2006-12-07,0.0,0.1454538624840626,0.0,0.0,0.0,0.0,0.0,42.15,171.29,461.45,49.06,212.66,4681.25,32.07,12.763713080168774,39.58,0,1,0,0
2006-12-08,0.0,0.14434352765594,0.0,0.0,0.0,0.0,0.0,42.15,171.29,461.45,49.06,212.66,4681.25,32.07,12.763713080168774,39.58,1,1,1,1
2006-12-11,0.0,0.1449003622394129,0.0,0.0,0.0,0.0,0.0,42.15,171.29,461.45,49.06,212.66,4681.25,32.07,12.763713080168774,39.58,1,1,1,0
2006-12-12,0.0,0.1435132772889654,0.0,0.0,0.0,0.0,0.0,42.15,171.29,461.45,49.06,212.66,4681.25,32.07,12.763713080168774,39.58,1,1,1,1
2006-12-13,0.0,0.1418461078773699,0.0,0.0,0.0,0.0,0.0,42.15,171.29,461.45,49.06,212.66,4681.25,32.07,12.763713080168774,39.58,1,1,1,1
2006-12-14,0.0,0.1460106970675355,0.0,0.0,0.0,0.0,0.0,42.15,171.29,461.45,49.06,212.66,4681.25,32.07,12.763713080168774,39.58,0,1,0,0
2006-12-15,0.0,0.1471210318956581,0.0,0.0,0.0,0.0,0.0,42.15,171.29,461.45,49.06,212.66,4681.25,32.07,12.763713080168774,39.58,0,0,0,0
2006-12-18,0.0,0.1476745321403078,0.0,0.0,0.0,0.0,0.0,42.15,171.29,461.45,49.06,212.66,4681.25,32.07,12.763713080168774,39.58,0,0,0,0
2006-12-19,0.0,0.1457339469452107,0.0,0.0,0.0,0.0,0.0,42.15,171.29,461.45,49.06,212.66,4681.25,32.07,12.763713080168774,39.58,1,1,0,0
2006-12-20,0.0,0.1471210318956581,0.0,0.0,0.0,0.0,0.0,42.15,171.29,461.45,49.06,212.66,4681.25,32.07,12.763713080168774,39.58,0,0,0,0
2006-12-21,0.0,0.1460106970675355,0.0,0.0,0.0,0.0,0.0,42.15,171.29,461.45,49.06,212.66,4681.25,32.07,12.763713080168774,39.58,1,1,0,0
2006-12-22,0.0,0.1471210318956581,0.0,0.0,0.0,0.0,0.0,42.15,171.29,461.45,49.06,212.66,4681.25,32.07,12.763713080168774,39.58,1,0,0,0
2006-12-25,0.0,0.1460106970675355,0.0,0.0,0.0,0.0,0.0,42.15,171.29,461.45,49.06,212.66,4681.25,32.07,12.763713080168774,39.58,1,1,0,0
2006-12-26,0.0,0.1462874471898604,0.0,0.0,0.0,0.0,0.0,42.15,171.29,461.45,49.06,212.66,4681.25,32.07,12.763713080168774,39.58,1,1,0,0
2006-12-27,0.0,0.1465641973121852,0.0,0.0,0.0,0.0,0.0,42.15,171.29,461.45,49.06,212.66,4681.25,32.07,12.763713080168774,39.58,1,1,0,0
2006-12-28,0.0,0.1479546166014559,0.0,0.0,0.0,0.0,0.0,42.15,171.29,461.45,49.06,212.66,4681.25,32.07,12.763713080168774,39.58,0,0,0,0
2006-12-29,0.0,0.1493417015519034,0.0,0.0,0.0,0.0,0.0,42.15,171.29,461.45,49.06,212.66,4681.25,32.07,12.763713080168774,39.58,0,0,0,0
2007-01-02,0.0,0.1476745321403078,0.0,0.0,0.0,0.0,0.0,42.15,171.29,461.45,49.06,212.66,4681.25,32.07,12.763713080168774,39.58,0,0,0,0
2007-01-03,0.0,0.1490649514295785,0.0,0.0,0.0,0.0,0.0,42.15,171.29,461.45,49.06,212.66,4681.25,32.07,12.763713080168774,39.58,0,0,0,0
2007-01-04,0.0,0.1526727060362712,0.0,0.0,0.0,0.0,0.0,42.15,171.29,461.45,49.06,212.66,4681.25,32.07,12.763713080168774,39.58,0,0,0,0
2007-01-05,0.0,0.1498952017965531,0.0,0.0,0.0,0.0,0.0,42.15,171.29,461.45,49.06,212.66,4681.25,32.07,12.763713080168774,39.58,0,0,0,0
2007-01-08,0.0,0.1479546166014559,0.0,0.0,0.0,0.0,49.3,42.15,171.29,461.45,49.06,212.66,4681.25,32.07,12.763713080168774,39.58,0,0,0,0
2007-01-09,0.0,0.1482313667237808,0.0,0.0,0.0,0.0,49.3,42.15,171.29,461.45,49.06,212.66,4681.25,32.07,12.763713080168774,39.58,0,0,0,0
2007-01-10,0.0,0.1493417015519034,0.0,0.0,0.0,0.0,49.3,42.15,171.29,461.45,49.06,212.66,4681.25,32.07,12.763713080168774,39.58,0,0,0,0
2007-01-11,0.0,0.1454538624840626,0.0,0.0,0.0,0.0,49.3,42.15,171.29,461.45,49.06,212.66,4681.25,32.07,12.763713080168774,39.58,0,0,0,1
2007-01-12,0.0,0.147397782017983,0.0,0.0,0.0,0.0,49.3,42.15,171.29,461.45,49.06,212.66,4681.25,32.07,12.763713080168774,39.58,0,0,0,1
2007-01-15,0.0,0.1476745321403078,0.0,0.0,0.0,0.0,49.3,42.15,171.29,461.45,49.06,212.66,4681.25,32.07,12.763713080168774,39.58,0,0,0,1
2007-01-16,0.0,0.1468442817733333,0.0,0.0,0.0,0.0,49.3,42.15,171.29,461.45,49.06,212.66,4681.25,32.07,12.763713080168774,39.58,0,0,0,1
2007-01-17,0.0,0.1446236121170881,0.0,0.0,0.0,0.0,49.3,42.15,171.29,461.45,49.06,212.66,4681.25,32.07,12.763713080168774,39.58,0,0,1,1
2007-01-18,0.0,0.1454538624840626,0.0,0.0,0.0,0.0,49.3,42.15,171.29,461.45,49.06,212.66,4681.25,32.07,12.763713080168774,39.58,0,0,0,1
2007-01-19,0.0,0.1424029424608428,0.0,0.0,0.0,0.0,49.3,42.15,171.29,461.45,49.06,212.66,4681.25,32.07,12.763713080168774,39.58,1,0,1,1
2007-01-22,0.0,0.1437900274112903,0.0,0.0,0.0,0.0,49.3,42.15,171.29,461.45,49.06,212.66,4681.25,32.07,12.763713080168774,39.58,0,0,1,1
2007-01-23,0.0,0.1468442817733333,0.0,0.0,0.0,0.0,49.3,42.15,171.29,461.45,49.06,212.66,4681.25,32.07,12.763713080168774,39.58,0,0,0,1
2007-01-24,0.0,0.1498952017965531,0.0,0.0,0.0,0.0,49.3,42.15,171.29,461.45,49.06,212.66,4681.25,32.07,12.763713080168774,39.58,0,0,0,0
2007-01-25,0.0,0.1471210318956581,0.0,0.0,0.0,0.0,49.3,42.15,171.29,461.45,49.06,212.66,4681.25,32.07,12.763713080168774,39.58,0,0,0,1
2007-01-26,0.0,0.1468442817733333,0.0,0.0,0.0,0.0,49.3,42.15,171.29,461.45,49.06,212.66,4681.25,32.07,12.763713080168774,39.58,0,0,0,1
2007-01-29,0.0,0.1437900274112903,0.0,0.0,0.0,0.0,49.3,42.15,171.29,461.45,49.06,212.66,4681.25,32.07,12.763713080168774,39.58,0,0,1,1
2007-01-30,0.0,0.1429564427054925,0.0,0.0,0.0,0.0,49.3,42.15,171.29,461.45,49.06,212.66,4681.25,32.07,12.763713080168774,39.58,0,0,1,1
2007-01-31,0.0,0.1435132772889654,0.0,0.0,0.0,0.0,49.3,42.15,171.29,461.45,49.06,212.66,4681.25,32.07,12.763713080168774,39.58,0,0,1,1
2007-02-01,0.0,0.1410125231715722,0.0,0.0,0.0,0.0,49.3,42.15,171.29,461.45,49.06,212.66,4681.25,32.07,12.763713080168774,39.58,0,1,1,1
2007-02-02,0.0,0.1418461078773699,0.0,0.0,0.0,0.0,49.3,42.15,171.29,461.45,49.06,212.66,4681.25,32.07,12.763713080168774,39.58,0,1,1,1
2007-02-05,0.0,0.1424029424608428,0.0,0.0,0.0,0.0,49.3,42.15,171.29,461.45,49.06,212.66,4681.25,32.07,12.763713080168774,39.58,0,1,1,1
2007-02-06,0.0,0.1426796925831677,0.0,0.0,0.0,0.0,49.3,42.15,171.29,461.45,49.06,212.66,4681.25,32.07,12.763713080168774,39.58,0,1,1,1
2007-02-07,0.0,0.1404590229269224,0.0,0.0,0.0,0.0,0.0,42.15,171.29,461.45,49.06,212.66,4681.25,32.07,12.763713080168774,39.58,0,1,1,1
2007-02-08,0.0,0.1385151033930021,0.0,0.0,0.0,0.0,0.0,42.15,171.29,461.45,49.06,212.66,4681.25,32.07,12.763713080168774,39.58,1,1,1,1
2007-02-09,0.0,0.1387918535153269,0.0,0.0,0.0,0.0,0.0,42.15,171.29,461.45,49.06,212.66,4681.25,32.07,12.763713080168774,39.58,1,1,1,1
2007-02-12,0.0,0.139071937976475,0.0,0.0,0.0,0.0,0.0,42.15,171.29,461.45,49.06,212.66,4681.25,32.07,12.763713080168774,39.58,1,1,1,1
2007-02-13,0.0,0.1407357730492473,0.0,0.0,0.0,0.0,0.0,42.15,171.29,461.45,49.06,212.66,4681.25,32.07,12.763713080168774,39.58,1,1,1,1
2007-02-14,0.0,0.0192167778113558,0.0,0.0,0.0,0.0,0.0,24.28,655.28,520.21,42.54,1323.89,2331.87,37.58,17.181166198939813,26.87,1,1,1,1
2007-02-26,0.0,0.0194065506201279,0.0,0.0,0.0,0.0,0.0,24.28,655.28,520.21,42.54,1323.89,2331.87,37.58,17.181166198939813,26.87,1,1,1,1
2007-02-27,0.0,0.0196346429383635,0.0,0.0,0.0,0.0,0.0,24.28,655.28,520.21,42.54,1323.89,2331.87,37.58,17.181166198939813,26.87,1,1,1,1
2007-03-01,0.0,0.0193686872953007,0.0,0.0,0.0,0.0,0.0,24.28,655.28,520.21,42.54,1323.89,2331.87,37.58,17.181166198939813,26.87,1,1,1,1
2007-03-02,0.0,0.0197482329128449,0.0,0.0,0.0,0.0,0.0,24.28,655.28,520.21,42.54,1323.89,2331.87,37.58,17.181166198939813,26.87,1,1,1,1
2007-03-03,0.0,0.0195963234288999,0.0,0.0,0.0,0.0,0.0,24.28,655.28,520.21,42.54,1323.89,2331.87,37.58,17.181166198939813,26.87,1,1,1,1
2007-03-05,0.0,0.01929250446101,0.0,0.0,0.0,0.0,0.0,24.28,655.28,520.21,42.54,1323.89,2331.87,37.58,17.181166198939813,26.87,1,1,1,1
2007-03-06,0.0,0.0197103695880178,0.0,0.0,0.0,0.0,0.0,24.28,655.28,520.21,42.54,1323.89,2331.87,37.58,17.181166198939813,26.87,1,1,1,1
2007-03-07,0.0,0.0204699170077426,0.0,0.0,0.0,0.0,0.0,24.28,655.28,520.21,42.54,1323.89,2331.87,37.58,17.181166198939813,26.87,1,1,1,1
2007-03-08,0.0,0.0203558708486247,0.0,0.0,0.0,0.0,0.0,24.28,655.28,520.21,42.54,1323.89,2331.87,37.58,17.181166198939813,26.87,1,1,1,1
2007-03-09,0.0,0.0203941903580883,0.0,0.0,0.0,0.0,0.0,24.28,655.28,520.21,42.54,1323.89,2331.87,37.58,17.181166198939813,26.87,1,1,1,1
2007-03-12,0.0,0.0205839631668604,0.0,0.0,0.0,0.0,0.0,24.28,655.28,520.21,42.54,1323.89,2331.87,37.58,17.181166198939813,26.87,1,1,1,1
2007-03-13,0.0,0.0204320536829155,0.0,0.0,0.0,0.0,0.0,24.28,655.28,520.21,42.54,1323.89,2331.87,37.58,17.181166198939813,26.87,1,1,1,1
2007-03-14,0.0,0.0203558708486247,0.0,0.0,0.0,0.0,0.0,24.28,655.28,520.21,42.54,1323.89,2331.87,37.58,17.181166198939813,26.87,1,1,1,1
2007-03-15,0.0,0.0206218264916875,0.0,0.0,0.0,0.0,0.0,24.28,655.28,520.21,42.54,1323.89,2331.87,37.58,17.181166198939813,26.87,1,1,1,1
2007-03-16,0.0,0.0208499188099232,0.0,0.0,0.0,0.0,0.0,24.28,655.28,520.21,42.54,1323.89,2331.87,37.58,17.181166198939813,26.87,1,1,1,1
2007-03-19,0.0,0.0214192372362395,0.0,0.0,0.0,0.0,0.0,24.28,655.28,520.21,42.54,1323.89,2331.87,37.58,17.181166198939813,26.87,0,0,0,0
2007-03-20,0.0,0.0211916011026403,0.0,0.0,0.0,0.0,0.0,24.28,655.28,520.21,42.54,1323.89,2331.87,37.58,17.181166198939813,26.87,0,1,1,1
2007-03-21,0.0,0.0206980093259783,0.0,0.0,0.0,0.0,0.0,24.28,655.28,520.21,42.54,1323.89,2331.87,37.58,17.181166198939813,26.87,1,1,1,1
2007-03-22,0.0,0.0207737359756325,0.0,0.0,0.0,0.0,0.0,24.28,655.28,520.21,42.54,1323.89,2331.87,37.58,17.181166198939813,26.87,1,1,1,1
2007-03-23,0.0,0.0208499188099232,0.0,0.0,0.0,0.0,0.0,24.28,655.28,520.21,42.54,1323.89,2331.87,37.58,17.181166198939813,26.87,1,1,1,1
2007-03-26,0.0,0.0212294644274674,0.0,0.0,0.0,0.0,0.0,24.28,655.28,520.21,42.54,1323.89,2331.87,37.58,17.181166198939813,26.87,0,1,1,1
2007-03-27,0.0,0.0210018282938682,0.0,0.0,0.0,0.0,0.0,24.28,655.28,520.21,42.54,1323.89,2331.87,37.58,17.181166198939813,26.87,1,1,1,1
2007-03-28,0.0,0.0209256454595775,0.0,0.0,0.0,0.0,0.0,24.28,655.28,520.21,42.54,1323.89,2331.87,37.58,17.181166198939813,26.87,1,1,1,1
2007-03-29,0.0,0.0209635087844046,0.0,0.0,0.0,0.0,0.0,24.28,655.28,520.21,42.54,1323.89,2331.87,37.58,17.181166198939813,26.87,1,1,1,1
2007-03-30,0.0,0.0209635087844046,0.0,0.0,0.0,0.0,0.0,24.28,655.28,520.21,42.54,1323.89,2331.87,37.58,17.181166198939813,26.87,1,1,1,1
2007-04-02,0.0,0.0212294644274674,0.0,0.0,0.0,0.0,0.0,24.28,655.28,520.21,42.54,1323.89,2331.87,37.58,17.181166198939813,26.87,1,1,1,1
2007-04-03,0.0,0.0212673277522945,0.0,0.0,0.0,0.0,0.0,24.28,655.28,520.21,42.54,1323.89,2331.87,37.58,17.181166198939813,26.87,1,1,1,1
2007-04-04,0.0,0.0213435105865852,0.0,0.0,0.0,0.0,0.0,24.28,655.28,520.21,42.54,1323.89,2331.87,37.58,17.181166198939813,26.87,1,1,1,1
2007-04-09,0.0,0.0213813739114123,0.0,0.0,0.0,0.0,0.0,24.28,655.28,520.21,42.54,1323.89,2331.87,37.58,17.181166198939813,26.87,1,1,1,1
2007-04-10,0.0,0.0216473295544751,0.0,0.0,0.0,0.0,0.0,24.28,655.28,520.21,42.54,1323.89,2331.87,37.58,17.181166198939813,26.87,1,0,0,1
2007-04-11,0.0,0.02210305800631,0.0,0.0,0.0,0.0,0.0,24.28,655.28,520.21,42.54,1323.89,2331.87,37.58,17.181166198939813,26.87,0,0,0,0
2007-04-12,0.0,0.0220651946814829,0.0,0.0,0.0,0.0,0.0,24.28,655.28,520.21,42.54,1323.89,2331.87,37.58,17.181166198939813,26.87,0,0,0,0
2007-04-13,0.0,0.0217992390384201,0.0,0.0,0.0,0.0,0.0,24.28,655.28,520.21,42.54,1323.89,2331.87,37.58,17.181166198939813,26.87,0,0,0,1
2007-04-14,0.0,0.0219890118471922,0.0,0.0,0.0,0.0,0.0,24.28,655.28,520.21,42.54,1323.89,2331.87,37.58,17.181166198939813,26.87,0,0,0,0
2007-04-16,0.0,0.0218749656880744,0.0,0.0,0.0,0.0,0.0,24.28,655.28,520.21,42.54,1323.89,2331.87,37.58,17.181166198939813,26.87,0,0,0,1
2007-04-17,0.0,0.0215711467201844,0.0,0.0,0.0,0.0,0.0,24.28,655.28,520.21,42.54,1323.89,2331.87,37.58,17.181166198939813,26.87,0,0,0,1
2007-04-18,0.0,0.0216473295544751,0.0,0.0,0.0,0.0,0.0,24.28,655.28,520.21,42.54,1323.89,2331.87,37.58,17.181166198939813,26.87,0,0,0,1
2007-04-19,0.0,0.021609466229648,0.0,0.0,0.0,0.0,0.0,24.28,655.28,520.21,42.54,1323.89,2331.87,37.58,17.181166198939813,26.87,0,0,0,1
2007-04-20,0.0,0.021609466229648,0.0,0.0,0.0,0.0,0.0,24.28,655.28,520.21,42.54,1323.89,2331.87,37.58,17.181166198939813,26.87,0,0,0,1
2007-04-23,0.0,0.021761375713593,0.0,0.0,0.0,0.0,0.0,24.28,655.28,520.21,42.54,1323.89,2331.87,37.58,17.181166198939813,26.87,0,0,0,1
2007-04-24,0.0,0.0217230562041294,0.0,0.0,0.0,0.0,0.0,24.28,655.28,520.21,42.54,1323.89,2331.87,37.58,17.181166198939813,26.87,0,0,0,1
2007-04-25,0.0,0.0218749656880744,0.0,0.0,0.0,0.0,0.0,24.28,655.28,520.21,42.54,1323.89,2331.87,37.58,17.181166198939813,26.87,0,0,0,1
2007-04-26,0.0,0.0216473295544751,0.0,0.0,0.0,0.0,0.0,24.28,655.28,520.21,42.54,1323.89,2331.87,37.58,17.181166198939813,26.87,0,0,0,1
2007-04-27,0.0,0.0217230562041294,0.0,0.0,0.0,0.0,0.0,24.28,655.28,520.21,42.54,1323.89,2331.87,37.58,17.181166198939813,26.87,0,0,0,1
2007-04-30,0.0,0.0215332833953573,0.0,0.0,0.0,0.0,0.0,24.28,655.28,520.21,42.54,1323.89,2331.87,37.58,17.181166198939813,26.87,0,0,1,1
2007-05-02,0.0,0.021609466229648,0.0,0.0,0.0,0.0,0.0,24.28,655.28,520.21,42.54,1323.89,2331.87,37.58,17.181166198939813,26.87,0,0,0,1
2007-05-03,0.0,0.0213056472617581,0.0,0.0,0.0,0.0,0.0,24.28,655.28,520.21,42.54,1323.89,2331.87,37.58,17.181166198939813,26.87,1,0,1,1
2007-05-04,0.0,0.0217992390384201,0.0,0.0,0.0,0.0,0.0,24.28,655.28,520.21,42.54,1323.89,2331.87,37.58,17.181166198939813,26.87,0,0,0,1
2007-05-07,0.0,0.0217992390384201,0.0,0.0,0.0,0.0,0.0,24.28,655.28,520.21,42.54,1323.89,2331.87,37.58,17.181166198939813,26.87,0,0,0,1
2007-05-08,0.0,0.0217230562041294,0.0,0.0,0.0,0.0,0.0,24.28,655.28,520.21,42.54,1323.89,2331.87,37.58,17.181166198939813,26.87,0,0,1,1
2007-05-09,0.0,0.021609466229648,0.0,0.0,0.0,0.0,0.0,24.28,655.28,520.21,42.54,1323.89,2331.87,37.58,17.181166198939813,26.87,0,0,1,1
2007-05-10,0.0,0.0215711467201844,0.0,0.0,0.0,0.0,0.0,24.28,655.28,520.21,42.54,1323.89,2331.87,37.58,17.181166198939813,26.87,0,0,1,1
2007-05-11,0.0,0.0213813739114123,0.0,0.0,0.0,0.0,0.0,24.28,655.28,520.21,42.54,1323.89,2331.87,37.58,17.181166198939813,26.87,0,0,1,1
2007-05-14,0.0,0.0211916011026403,0.0,0.0,0.0,0.0,0.0,24.28,655.28,520.21,42.54,1323.89,2331.87,37.58,17.181166198939813,26.87,0,1,1,1
2007-05-15,0.0,0.0387795308456465,0.0,0.0,0.0,0.0,0.0,-49.45,49.4,49.4,-65.1,30.02,30.02,22.59,-39.88823842469398,-50.59,0,1,1,1
2007-05-16,0.0,0.0385015443693129,0.0,0.0,0.0,0.0,0.0,-49.45,49.4,49.4,-65.1,30.02,30.02,22.59,-39.88823842469398,-50.59,0,1,1,1
2007-05-17,0.0,0.0385015443693129,0.0,0.0,0.0,0.0,0.0,-49.45,49.4,49.4,-65.1,30.02,30.02,22.59,-39.88823842469398,-50.59,1,1,1,1
2007-05-18,0.0,0.0385015443693129,0.0,0.0,0.0,0.0,0.0,-49.45,49.4,49.4,-65.1,30.02,30.02,22.59,-39.88823842469398,-50.59,1,1,1,1
2007-05-21,0.0,0.0385015443693129,0.0,0.0,0.0,0.0,0.0,-49.45,49.4,49.4,-65.1,30.02,30.02,22.59,-39.88823842469398,-50.59,1,1,1,1
2007-05-22,0.0,0.0391960931630352,0.0,0.0,0.0,0.0,0.0,-49.45,49.4,49.4,-65.1,30.02,30.02,22.59,-39.88823842469398,-50.59,0,1,1,1
2007-05-23,0.0,0.0386401202103681,0.0,0.0,0.0,0.0,0.0,-49.45,49.4,49.4,-65.1,30.02,30.02,22.59,-39.88823842469398,-50.59,1,1,1,1
2007-05-24,0.0,0.0388488187661741,0.0,0.0,0.0,0.0,0.0,-49.45,49.4,49.4,-65.1,30.02,30.02,22.59,-39.88823842469398,-50.59,1,1,1,1
2007-05-25,0.0,0.0384322564487853,0.0,0.0,0.0,0.0,0.0,-49.45,49.4,49.4,-65.1,30.02,30.02,22.59,-39.88823842469398,-50.59,1,1,1,1
2007-05-28,0.0,0.0387102429251189,0.0,0.0,0.0,0.0,0.0,-49.45,49.4,49.4,-65.1,30.02,30.02,22.59,-39.88823842469398,-50.59,1,1,1,1
2007-05-29,0.0,0.0387102429251189,0.0,0.0,0.0,0.0,0.0,-49.45,49.4,49.4,-65.1,30.02,30.02,22.59,-39.88823842469398,-50.59,1,1,1,1
2007-05-30,0.0,0.0385015443693129,0.0,0.0,0.0,0.0,0.0,-49.45,49.4,49.4,-65.1,30.02,30.02,22.59,-39.88823842469398,-50.59,1,1,1,1
2007-05-31,0.0,0.0411419984973703,0.0,0.0,0.0,0.0,0.0,-49.45,49.4,49.4,-65.1,30.02,30.02,22.59,-39.88823842469398,-50.59,0,0,1,1
2007-06-01,0.0,0.0401694632273144,0.0,0.0,0.0,0.0,0.0,-49.45,49.4,49.4,-65.1,30.02,30.02,22.59,-39.88823842469398,-50.59,0,1,1,1
2007-06-04,0.0,0.040030052592036,0.0,0.0,0.0,0.0,0.0,-49.45,49.4,49.4,-65.1,30.02,30.02,22.59,-39.88823842469398,-50.59,0,1,1,1
2007-06-05,0.0,0.0398221888304532,0.0,0.0,0.0,0.0,0.0,-49.45,49.4,49.4,-65.1,30.02,30.02,22.59,-39.88823842469398,-50.59,0,1,1,1
2007-06-06,0.0,0.0396827781951748,0.0,0.0,0.0,0.0,0.0,-49.45,49.4,49.4,-65.1,30.02,30.02,22.59,-39.88823842469398,-50.59,1,1,1,1
2007-06-07,0.0,0.0396134902746472,0.0,0.0,0.0,0.0,0.0,-49.45,49.4,49.4,-65.1,30.02,30.02,22.59,-39.88823842469398,-50.59,1,1,1,1
2007-06-08,0.0,0.0395442023541196,0.0,0.0,0.0,0.0,0.0,-49.45,49.4,49.4,-65.1,30.02,30.02,22.59,-39.88823842469398,-50.59,1,1,1,1
2007-06-11,0.0,0.040030052592036,0.0,0.0,0.0,0.0,0.0,-49.45,49.4,49.4,-65.1,30.02,30.02,22.59,-39.88823842469398,-50.59,1,1,1,1
2007-06-12,0.0,0.0397520661157024,0.0,0.0,0.0,0.0,0.0,-49.45,49.4,49.4,-65.1,30.02,30.02,22.59,-39.88823842469398,-50.59,1,1,1,1
2007-06-13,0.0,0.0394047917188412,0.0,0.0,0.0,0.0,0.0,-49.45,49.4,49.4,-65.1,30.02,30.02,22.59,-39.88823842469398,-50.59,1,1,1,1
2007-06-14,0.0,0.0396827781951748,0.0,0.0,0.0,0.0,0.0,-49.45,49.4,49.4,-65.1,30.02,30.02,22.59,-39.88823842469398,-50.59,1,1,1,1
2007-06-15,0.0,0.0398221888304532,0.0,0.0,0.0,0.0,0.0,-49.45,49.4,49.4,-65.1,30.02,30.02,22.59,-39.88823842469398,-50.59,1,1,1,1
2007-06-20,0.0,0.040030052592036,0.0,0.0,0.0,0.0,0.0,-49.45,49.4,49.4,-65.1,30.02,30.02,22.59,-39.88823842469398,-50.59,1,1,1,1
2007-06-21,0.0,0.0414199849737039,0.0,0.0,0.0,0.0,0.0,-49.45,49.4,49.4,-65.1,30.02,30.02,22.59,-39.88823842469398,-50.59,1,1,1,0
2007-06-22,0.0,0.0424626429585107,0.0,0.0,0.0,0.0,0.0,-49.45,49.4,49.4,-65.1,30.02,30.02,22.59,-39.88823842469398,-50.59,0,1,1,0
2007-06-23,0.0,0.0421846564821771,0.0,0.0,0.0,0.0,0.0,-49.45,49.4,49.4,-65.1,30.02,30.02,22.59,-39.88823842469398,-50.59,0,1,1,0
2007-06-25,0.0,0.0420460806411219,0.0,0.0,0.0,0.0,0.0,-49.45,49.4,49.4,-65.1,30.02,30.02,22.59,-39.88823842469398,-50.59,1,1,1,0
2007-06-26,0.0,0.0413506970531763,0.0,0.0,0.0,0.0,0.0,-49.45,49.4,49.4,-65.1,30.02,30.02,22.59,-39.88823842469398,-50.59,1,1,1,0
2007-06-27,0.0,0.0414901076884547,0.0,0.0,0.0,0.0,0.0,-49.45,49.4,49.4,-65.1,30.02,30.02,22.59,-39.88823842469398,-50.59,1,1,1,0
2007-06-28,0.0,0.0416979714500375,0.0,0.0,0.0,0.0,0.0,-49.45,49.4,49.4,-65.1,30.02,30.02,22.59,-39.88823842469398,-50.59,1,1,1,0
2007-06-29,0.0,0.0416286835295099,0.0,0.0,0.0,0.0,0.0,-49.45,49.4,49.4,-65.1,30.02,30.02,22.59,-39.88823842469398,-50.59,1,1,1,0
2007-07-02,0.0,0.0418373820853159,0.0,0.0,0.0,0.0,0.0,-49.45,49.4,49.4,-65.1,30.02,30.02,22.59,-39.88823842469398,-50.59,1,1,1,0
2007-07-03,0.0,0.0427406294348442,0.0,0.0,0.0,0.0,0.0,-49.45,49.4,49.4,-65.1,30.02,30.02,22.59,-39.88823842469398,-50.59,1,1,0,0
2007-07-04,0.0,0.0434360130227898,0.0,0.0,0.0,0.0,0.0,-49.45,49.4,49.4,-65.1,30.02,30.02,22.59,-39.88823842469398,-50.59,1,1,0,0
2007-07-05,0.0,0.0439226980549294,0.0,0.0,0.0,0.0,0.0,-49.45,49.4,49.4,-65.1,30.02,30.02,22.59,-39.88823842469398,-50.59,1,1,0,0
2007-07-06,0.0,0.0441305618165122,0.0,0.0,0.0,0.0,0.0,-49.45,49.4,49.4,-65.1,30.02,30.02,22.59,-39.88823842469398,-50.59,1,1,0,0
2007-07-09,0.0,0.0466324401035144,0.0,0.0,0.0,0.0,-7.18,-49.45,49.4,49.4,-65.1,30.02,30.02,22.59,-39.88823842469398,-50.59,0,0,0,0
2007-07-10,0.0,0.0464938642624592,0.0,0.0,0.0,0.0,-7.18,-49.45,49.4,49.4,-65.1,30.02,30.02,22.59,-39.88823842469398,-50.59,0,0,0,0
2007-07-11,0.0,0.0460071792303197,0.0,0.0,0.0,0.0,-7.18,-49.45,49.4,49.4,-65.1,30.02,30.02,22.59,-39.88823842469398,-50.59,0,0,0,0
2007-07-12,0.0,0.0476942983554553,0.0,0.0,0.0,0.0,-7.18,-49.45,49.4,49.4,-65.1,30.02,30.02,22.59,-39.88823842469398,-50.59,0,0,0,0
2007-07-13,0.0,0.0470590199515819,0.0,0.0,0.0,0.0,-7.18,-49.45,49.4,49.4,-65.1,30.02,30.02,22.59,-39.88823842469398,-50.59,0,0,0,0
2007-07-16,0.0,0.0458660990065948,0.0,0.0,0.0,0.0,-7.18,-49.45,49.4,49.4,-65.1,30.02,30.02,22.59,-39.88823842469398,-50.59,0,0,0,0
2007-07-17,0.0,0.0454687369563402,0.0,0.0,0.0,0.0,-7.18,-49.45,49.4,49.4,-65.1,30.02,30.02,22.59,-39.88823842469398,-50.59,0,0,0,0
2007-07-18,0.0,0.0459462392520243,0.0,0.0,0.0,0.0,-7.18,-49.45,49.4,49.4,-65.1,30.02,30.02,22.59,-39.88823842469398,-50.59,0,0,0,0
2007-07-19,0.0,0.0462634610568494,0.0,0.0,0.0,0.0,-7.18,-49.45,49.4,49.4,-65.1,30.02,30.02,22.59,-39.88823842469398,-50.59,0,0,0,0
2007-07-20,0.0,0.0468995742549461,0.0,0.0,0.0,0.0,-7.18,-49.45,49.4,49.4,-65.1,30.02,30.02,22.59,-39.88823842469398,-50.59,0,0,0,0
2007-07-23,0.0,0.0459462392520243,0.0,0.0,0.0,0.0,-7.18,-49.45,49.4,49.4,-65.1,30.02,30.02,22.59,-39.88823842469398,-50.59,0,0,0,0
2007-07-24,0.0,0.0451506803572919,0.0,0.0,0.0,0.0,-7.18,-49.45,49.4,49.4,-65.1,30.02,30.02,22.59,-39.88823842469398,-50.59,0,0,0,0
2007-07-25,0.0,0.044674012855831,0.0,0.0,0.0,0.0,-7.18,-49.45,49.4,49.4,-65.1,30.02,30.02,22.59,-39.88823842469398,-50.59,0,0,0,0
2007-07-26,0.0,0.0435612321562734,0.0,0.0,0.0,0.0,-7.18,-49.45,49.4,49.4,-65.1,30.02,30.02,22.59,-39.88823842469398,-50.59,0,0,0,0
2007-07-27,0.0,0.0421303948576675,0.0,0.0,0.0,0.0,-7.18,-49.45,49.4,49.4,-65.1,30.02,30.02,22.59,-39.88823842469398,-50.59,0,0,0,0
2007-07-30,0.0,0.0413356707571583,0.0,0.0,0.0,0.0,-7.18,-49.45,49.4,49.4,-65.1,30.02,30.02,22.59,-39.88823842469398,-50.59,1,0,0,0
2007-07-31,0.0,0.0426070623591284,0.0,0.0,0.0,0.0,-7.18,-49.45,49.4,49.4,-65.1,30.02,30.02,22.59,-39.88823842469398,-50.59,0,0,0,0
2007-08-01,0.0,0.0408581684614742,0.0,0.0,0.0,0.0,-7.18,-49.45,49.4,49.4,-65.1,30.02,30.02,22.59,-39.88823842469398,-50.59,1,0,0,0
2007-08-02,0.0,0.04101761415811,0.0,0.0,0.0,0.0,-7.18,-49.45,49.4,49.4,-65.1,30.02,30.02,22.59,-39.88823842469398,-50.59,0,0,0,0
2007-08-03,0.0,0.0419709491610317,0.0,0.0,0.0,0.0,-7.18,-49.45,49.4,49.4,-65.1,30.02,30.02,22.59,-39.88823842469398,-50.59,0,0,0,0
2007-08-06,0.0,0.0424484514567159,0.0,0.0,0.0,0.0,-7.18,-49.45,49.4,49.4,-65.1,30.02,30.02,22.59,-39.88823842469398,-50.59,0,0,0,0
2007-08-07,0.0,0.0421303948576675,0.0,0.0,0.0,0.0,0.0,-49.45,49.4,49.4,-65.1,30.02,30.02,22.59,-39.88823842469398,-50.59,0,0,0,0
2007-08-08,0.0,0.0419709491610317,0.0,0.0,0.0,0.0,0.0,-49.45,49.4,49.4,-65.1,30.02,30.02,22.59,-39.88823842469398,-50.59,0,0,0,0
2007-08-09,0.0,0.0419709491610317,0.0,0.0,0.0,0.0,0.0,-49.45,49.4,49.4,-65.1,30.02,30.02,22.59,-39.88823842469398,-50.59,0,0,0,0
2007-08-10,0.0,0.0411762250605225,0.0,0.0,0.0,0.0,0.0,-49.45,49.4,49.4,-65.1,30.02,30.02,22.59,-39.88823842469398,-50.59,0,0,0,0
2007-08-13,0.0,0.0405401118624258,0.0,0.0,0.0,0.0,0.0,-49.45,49.4,49.4,-65.1,30.02,30.02,22.59,-39.88823842469398,-50.59,0,0,0,0
2007-08-14,0.0,2.0787597563811846,0.0,0.0,0.0,0.0,0.0,0.0,0.0,-93.16,0.0,0.0,0.0,-4.95,-121.91235059760956,0.0,0,0,0,0
2007-08-15,0.0,1.996572318158032,0.0,0.0,0.0,0.0,0.0,0.0,0.0,-93.16,0.0,0.0,0.0,-4.95,-121.91235059760956,0.0,0,0,0,0
2007-08-16,0.0,1.9144280229470705,0.0,0.0,0.0,0.0,0.0,0.0,0.0,-93.16,0.0,0.0,0.0,-4.95,-121.91235059760956,0.0,1,1,0,0
2007-08-17,0.0,1.9595987567106607,0.0,0.0,0.0,0.0,0.0,0.0,0.0,-93.16,0.0,0.0,0.0,-4.95,-121.91235059760956,0.0,1,0,0,0
2007-08-20,0.0,2.0417861949338136,0.0,0.0,0.0,0.0,0.0,0.0,0.0,-93.16,0.0,0.0,0.0,-4.95,-121.91235059760956,0.0,0,0,0,0
2007-08-21,0.0,2.033545879605404,0.0,0.0,0.0,0.0,0.0,0.0,0.0,-93.16,0.0,0.0,0.0,-4.95,-121.91235059760956,0.0,0,0,0,0
2007-08-22,0.0,2.054081953408144,0.0,0.0,0.0,0.0,0.0,0.0,0.0,-93.16,0.0,0.0,0.0,-4.95,-121.91235059760956,0.0,0,0,0,0
2007-08-23,0.0,2.086956928697405,0.0,0.0,0.0,0.0,0.0,0.0,0.0,-93.16,0.0,0.0,0.0,-4.95,-121.91235059760956,0.0,0,0,0,0
2007-08-24,0.0,1.996572318158032,0.0,0.0,0.0,0.0,0.0,0.0,0.0,-93.16,0.0,0.0,0.0,-4.95,-121.91235059760956,0.0,0,0,0,0
2007-08-27,0.0,1.996572318158032,0.0,0.0,0.0,0.0,0.0,0.0,0.0,-93.16,0.0,0.0,0.0,-4.95,-121.91235059760956,0.0,0,0,0,0
2007-08-28,0.0,2.004812633486443,0.0,0.0,0.0,0.0,0.0,0.0,0.0,-93.16,0.0,0.0,0.0,-4.95,-121.91235059760956,0.0,0,0,0,0
2007-08-29,0.0,1.963697342868772,0.0,0.0,0.0,0.0,0.0,0.0,0.0,-93.16,0.0,0.0,0.0,-4.95,-121.91235059760956,0.0,0,0,0,0
2007-08-30,0.0,1.9555001705525512,0.0,0.0,0.0,0.0,0.0,0.0,0.0,-93.16,0.0,0.0,0.0,-4.95,-121.91235059760956,0.0,0,0,0,0
2007-08-31,0.0,1.996572318158032,0.0,0.0,0.0,0.0,0.0,0.0,0.0,-93.16,0.0,0.0,0.0,-4.95,-121.91235059760956,0.0,0,0,0,0
2007-09-03,0.0,1.9267237814214004,0.0,0.0,0.0,0.0,0.0,0.0,0.0,-93.16,0.0,0.0,0.0,-4.95,-121.91235059760956,0.0,0,0,0,0
2007-09-04,0.0,1.89389194914433,0.0,0.0,0.0,0.0,0.0,0.0,0.0,-93.16,0.0,0.0,0.0,-4.95,-121.91235059760956,0.0,0,0,0,0
2007-09-05,0.0,1.8897502199740293,0.0,0.0,0.0,0.0,0.0,0.0,0.0,-93.16,0.0,0.0,0.0,-4.95,-121.91235059760956,0.0,0,0,0,0
2007-09-06,0.0,1.8856516338159195,0.0,0.0,0.0,0.0,0.0,0.0,0.0,-93.16,0.0,0.0,0.0,-4.95,-121.91235059760956,0.0,0,0,0,0
2007-09-07,0.0,1.9472598552241407,0.0,0.0,0.0,0.0,0.0,0.0,0.0,-93.16,0.0,0.0,0.0,-4.95,-121.91235059760956,0.0,0,0,0,0
2007-09-10,0.0,1.9144280229470705,0.0,0.0,0.0,0.0,0.0,0.0,0.0,-93.16,0.0,0.0,0.0,-4.95,-121.91235059760956,0.0,0,0,0,0
2007-09-11,0.0,1.8897502199740293,0.0,0.0,0.0,0.0,0.0,0.0,0.0,-93.16,0.0,0.0,0.0,-4.95,-121.91235059760956,0.0,0,0,0,0
2007-09-12,0.0,1.8733127323293988,0.0,0.0,0.0,0.0,0.0,0.0,0.0,-93.16,0.0,0.0,0.0,-4.95,-121.91235059760956,0.0,0,0,0,0
2007-09-13,0.0,1.8445794862104383,0.0,0.0,0.0,0.0,0.0,0.0,0.0,-93.16,0.0,0.0,0.0,-4.95,-121.91235059760956,0.0,0,0,0,0
2007-09-14,0.0,1.8527766585266583,0.0,0.0,0.0,0.0,0.0,0.0,0.0,-93.16,0.0,0.0,0.0,-4.95,-121.91235059760956,0.0,0,0,0,0
2007-09-17,0.0,1.807605924763068,0.0,0.0,0.0,0.0,0.0,0.0,0.0,-93.16,0.0,0.0,0.0,-4.95,-121.91235059760956,0.0,0,0,0,0
2007-09-19,0.0,1.7418559741845456,0.0,0.0,0.0,0.0,0.0,0.0,0.0,-93.16,0.0,0.0,0.0,-4.95,-121.91235059760956,0.0,1,1,0,0
2007-09-20,0.0,1.7254184865399151,0.0,0.0,0.0,0.0,0.0,0.0,0.0,-93.16,0.0,0.0,0.0,-4.95,-121.91235059760956,0.0,1,1,0,0
2007-09-21,0.0,1.6638102651316935,0.0,0.0,0.0,0.0,0.0,0.0,0.0,-93.16,0.0,0.0,0.0,-4.95,-121.91235059760956,0.0,1,1,1,0
2007-09-26,0.0,1.7336588018683254,0.0,0.0,0.0,0.0,0.0,0.0,0.0,-93.16,0.0,0.0,0.0,-4.95,-121.91235059760956,0.0,1,1,0,0
2007-09-27,0.0,1.8486780723685483,0.0,0.0,0.0,0.0,0.0,0.0,0.0,-93.16,0.0,0.0,0.0,-4.95,-121.91235059760956,0.0,0,0,0,0
2007-09-28,0.0,1.807605924763068,0.0,0.0,0.0,0.0,0.0,0.0,0.0,-93.16,0.0,0.0,0.0,-4.95,-121.91235059760956,0.0,0,0,0,0
2007-09-29,0.0,1.807605924763068,0.0,0.0,0.0,0.0,0.0,0.0,0.0,-93.16,0.0,0.0,0.0,-4.95,-121.91235059760956,0.0,0,0,0,0
2007-10-01,0.0,1.791168437118437,0.0,0.0,0.0,0.0,0.0,0.0,0.0,-93.16,0.0,0.0,0.0,-4.95,-121.91235059760956,0.0,1,0,0,0
2007-10-02,0.0,1.828141998565808,0.0,0.0,0.0,0.0,0.0,0.0,0.0,-93.16,0.0,0.0,0.0,-4.95,-121.91235059760956,0.0,0,0,0,0
2007-10-03,0.0,1.8569183876969595,0.0,0.0,0.0,0.0,0.0,0.0,0.0,-93.16,0.0,0.0,0.0,-4.95,-121.91235059760956,0.0,0,0,0,0
2007-10-04,0.0,1.836339170882028,0.0,0.0,0.0,0.0,0.0,0.0,0.0,-93.16,0.0,0.0,0.0,-4.95,-121.91235059760956,0.0,0,0,0,0
2007-10-05,0.0,1.819944826249588,0.0,0.0,0.0,0.0,0.0,0.0,0.0,-93.16,0.0,0.0,0.0,-4.95,-121.91235059760956,0.0,0,0,0,0
2007-10-08,0.0,1.782971264802217,0.0,0.0,0.0,0.0,0.0,0.0,0.0,-93.16,0.0,0.0,0.0,-4.95,-121.91235059760956,0.0,0,0,0,0
2007-10-09,0.0,1.782971264802217,0.0,0.0,0.0,0.0,0.0,0.0,0.0,-93.16,0.0,0.0,0.0,-4.95,-121.91235059760956,0.0,0,0,0,0
2007-10-11,0.0,1.791168437118437,0.0,0.0,0.0,0.0,0.0,0.0,0.0,-93.16,0.0,0.0,0.0,-4.95,-121.91235059760956,0.0,0,0,0,0
2007-10-12,0.0,1.787069850960327,0.0,0.0,0.0,0.0,0.0,0.0,0.0,-93.16,0.0,0.0,0.0,-4.95,-121.91235059760956,0.0,0,0,0,0
2007-10-15,0.0,1.750096289512956,0.0,0.0,0.0,0.0,0.0,0.0,0.0,-93.16,0.0,0.0,0.0,-4.95,-121.91235059760956,0.0,0,0,0,0
2007-10-16,0.0,1.8445794862104383,0.0,0.0,0.0,0.0,0.0,0.0,0.0,-93.16,0.0,0.0,0.0,-4.95,-121.91235059760956,0.0,0,0,0,0
2007-10-17,0.0,1.815803097079288,0.0,0.0,0.0,0.0,0.0,0.0,0.0,-93.16,0.0,0.0,0.0,-4.95,-121.91235059760956,0.0,0,0,0,0
2007-10-18,0.0,1.832240584723918,0.0,0.0,0.0,0.0,0.0,0.0,0.0,-93.16,0.0,0.0,0.0,-4.95,-121.91235059760956,0.0,0,0,0,0
2007-10-19,0.0,1.815803097079288,0.0,0.0,0.0,0.0,0.0,0.0,0.0,-93.16,0.0,0.0,0.0,-4.95,-121.91235059760956,0.0,0,0,0,0
2007-10-22,0.0,1.7459977033548462,0.0,0.0,0.0,0.0,0.0,0.0,0.0,-93.16,0.0,0.0,0.0,-4.95,-121.91235059760956,0.0,0,0,0,0
2007-10-23,0.0,1.7090241419074752,0.0,0.0,0.0,0.0,0.0,0.0,0.0,-93.16,0.0,0.0,0.0,-4.95,-121.91235059760956,0.0,0,0,0,0
2007-10-24,0.0,1.667908851289804,0.0,0.0,0.0,0.0,0.0,0.0,0.0,-93.16,0.0,0.0,0.0,-4.95,-121.91235059760956,0.0,0,0,0,0
2007-10-25,0.0,1.667908851289804,0.0,0.0,0.0,0.0,0.0,0.0,0.0,-93.16,0.0,0.0,0.0,-4.95,-121.91235059760956,0.0,0,0,0,0
2007-10-26,0.0,1.717221314223695,0.0,0.0,0.0,0.0,0.0,0.0,0.0,-93.16,0.0,0.0,0.0,-4.95,-121.91235059760956,0.0,0,0,0,0
2007-10-29,0.0,1.7213199003818052,0.0,0.0,0.0,0.0,0.0,0.0,0.0,-93.16,0.0,0.0,0.0,-4.95,-121.91235059760956,0.0,0,0,0,0
2007-10-30,0.0,1.667908851289804,0.0,0.0,0.0,0.0,0.0,0.0,0.0,-93.16,0.0,0.0,0.0,-4.95,-121.91235059760956,0.0,0,0,0,0
2007-10-31,0.0,1.676149166618214,0.0,0.0,0.0,0.0,0.0,0.0,0.0,-93.16,0.0,0.0,0.0,-4.95,-121.91235059760956,0.0,0,0,0,0
2007-11-01,0.0,1.672050580460104,0.0,0.0,0.0,0.0,0.0,0.0,0.0,-93.16,0.0,0.0,0.0,-4.95,-121.91235059760956,0.0,0,0,0,0
2007-11-02,0.0,1.676149166618214,0.0,0.0,0.0,0.0,0.0,0.0,0.0,-93.16,0.0,0.0,0.0,-4.95,-121.91235059760956,0.0,0,0,0,0
2007-11-05,0.0,1.6597116789735835,0.0,0.0,0.0,0.0,0.0,0.0,0.0,-93.16,0.0,0.0,0.0,-4.95,-121.91235059760956,0.0,0,0,0,0
2007-11-06,0.0,1.6597116789735835,0.0,0.0,0.0,0.0,0.0,0.0,0.0,-93.16,0.0,0.0,0.0,-4.95,-121.91235059760956,0.0,0,0,0,0
2007-11-07,0.0,1.6432741913289532,0.0,0.0,0.0,0.0,0.0,0.0,0.0,-93.16,0.0,0.0,0.0,-4.95,-121.91235059760956,0.0,0,0,0,0
2007-11-08,0.0,1.5282549208287304,0.0,0.0,0.0,0.0,0.0,0.0,0.0,-93.16,0.0,0.0,0.0,-4.95,-121.91235059760956,0.0,0,0,0,0
2007-11-09,0.0,1.470745285578619,0.0,0.0,0.0,0.0,0.0,0.0,0.0,-93.16,0.0,0.0,0.0,-4.95,-121.91235059760956,0.0,0,0,0,0
2007-11-12,0.0,1.5035771178556891,0.0,0.0,0.0,0.0,0.0,0.0,0.0,-93.16,0.0,0.0,0.0,-4.95,-121.91235059760956,0.0,0,0,0,0
2007-11-13,0.0,1.4871827732232492,0.0,0.0,0.0,0.0,0.0,0.0,0.0,-93.16,0.0,0.0,0.0,-4.95,-121.91235059760956,0.0,0,0,0,0
2007-11-14,0.0,-9.871435651397338,0.0,0.0,0.0,0.0,0.0,0.0,0.0,0.0,0.0,0.0,0.0,1.88,137.97979797979798,0.0,0,0,0,0
2007-11-15,0.0,-9.682277631376891,0.0,0.0,0.0,0.0,0.0,0.0,0.0,0.0,0.0,0.0,0.0,1.88,137.97979797979798,0.0,0,0,0,0
2007-11-16,0.0,-9.492835590305363,0.0,0.0,0.0,0.0,0.0,0.0,0.0,0.0,0.0,0.0,0.0,1.88,137.97979797979798,0.0,0,0,0,0
2007-11-19,0.0,-9.492835590305363,0.0,0.0,0.0,0.0,0.0,0.0,0.0,0.0,0.0,0.0,0.0,1.88,137.97979797979798,0.0,0,0,0,0
2007-11-20,0.0,-9.655011610473045,0.0,0.0,0.0,0.0,0.0,0.0,0.0,0.0,0.0,0.0,0.0,1.88,137.97979797979798,0.0,0,0,0,0
2007-11-21,0.0,-9.357641569990452,0.0,0.0,0.0,0.0,0.0,0.0,0.0,0.0,0.0,0.0,0.0,1.88,137.97979797979798,0.0,0,1,1,1
2007-11-22,0.0,-9.357641569990452,0.0,0.0,0.0,0.0,0.0,0.0,0.0,0.0,0.0,0.0,0.0,1.88,137.97979797979798,0.0,1,1,1,1
2007-11-23,0.0,-9.141217529066155,0.0,0.0,0.0,0.0,0.0,0.0,0.0,0.0,0.0,0.0,0.0,1.88,137.97979797979798,0.0,1,1,1,1
2007-11-26,0.0,-9.19546554982277,0.0,0.0,0.0,0.0,0.0,0.0,0.0,0.0,0.0,0.0,0.0,1.88,137.97979797979798,0.0,1,1,1,1
2007-11-27,0.0,-9.006023508751243,0.0,0.0,0.0,0.0,0.0,0.0,0.0,0.0,0.0,0.0,0.0,1.88,137.97979797979798,0.0,1,1,1,1
2007-11-28,0.0,-8.924793488141862,0.0,0.0,0.0,0.0,0.0,0.0,0.0,0.0,0.0,0.0,0.0,1.88,137.97979797979798,0.0,1,1,1,1
2007-11-29,0.0,-9.249429549528305,0.0,0.0,0.0,0.0,0.0,0.0,0.0,0.0,0.0,0.0,0.0,1.88,137.97979797979798,0.0,1,1,1,1
2007-11-30,0.0,-9.357641569990452,0.0,0.0,0.0,0.0,0.0,0.0,0.0,0.0,0.0,0.0,0.0,1.88,137.97979797979798,0.0,1,1,1,1
2007-12-03,0.0,-9.682277631376891,0.0,0.0,0.0,0.0,0.0,0.0,0.0,0.0,0.0,0.0,0.0,1.88,137.97979797979798,0.0,0,0,0,0
2007-12-04,0.0,-9.54708361106198,0.0,0.0,0.0,0.0,0.0,0.0,0.0,0.0,0.0,0.0,0.0,1.88,137.97979797979798,0.0,1,1,1,1
2007-12-05,0.0,-10.19607171278378,0.0,0.0,0.0,0.0,0.0,0.0,0.0,0.0,0.0,0.0,0.0,1.88,137.97979797979798,0.0,0,0,0,0
2007-12-06,0.0,-9.925683672153951,0.0,0.0,0.0,0.0,0.0,0.0,0.0,0.0,0.0,0.0,0.0,1.88,137.97979797979798,0.0,0,0,0,0
2007-12-07,0.0,-10.060877692468868,0.0,0.0,0.0,0.0,0.0,0.0,0.0,0.0,0.0,0.0,0.0,1.88,137.97979797979798,0.0,0,0,0,0
2007-12-10,0.0,-9.736241631082423,0.0,0.0,0.0,0.0,0.0,0.0,0.0,0.0,0.0,0.0,0.0,1.88,137.97979797979798,0.0,0,0,0,0
2007-12-11,0.0,-9.79048965183904,0.0,0.0,0.0,0.0,0.0,0.0,0.0,0.0,0.0,0.0,0.0,1.88,137.97979797979798,0.0,0,0,0,0
2007-12-12,0.0,-9.628029610620278,0.0,0.0,0.0,0.0,0.0,0.0,0.0,0.0,0.0,0.0,0.0,1.88,137.97979797979798,0.0,0,0,0,0
2007-12-13,0.0,-9.19546554982277,0.0,0.0,0.0,0.0,0.0,0.0,0.0,0.0,0.0,0.0,0.0,1.88,137.97979797979798,0.0,1,1,1,1
2007-12-14,0.0,-9.438871590599833,0.0,0.0,0.0,0.0,0.0,0.0,0.0,0.0,0.0,0.0,0.0,1.88,137.97979797979798,0.0,1,1,1,1
2007-12-17,0.0,-9.411605569695984,0.0,0.0,0.0,0.0,0.0,0.0,0.0,0.0,0.0,0.0,0.0,1.88,137.97979797979798,0.0,1,1,1,1
2007-12-18,0.0,-9.601047610767512,0.0,0.0,0.0,0.0,0.0,0.0,0.0,0.0,0.0,0.0,0.0,1.88,137.97979797979798,0.0,0,0,0,0
2007-12-19,0.0,-9.628029610620278,0.0,0.0,0.0,0.0,0.0,0.0,0.0,0.0,0.0,0.0,0.0,1.88,137.97979797979798,0.0,0,0,0,0
2007-12-20,0.0,-9.465853590452598,0.0,0.0,0.0,0.0,0.0,0.0,0.0,0.0,0.0,0.0,0.0,1.88,137.97979797979798,0.0,1,1,1,1
2007-12-21,0.0,-9.330659570137684,0.0,0.0,0.0,0.0,0.0,0.0,0.0,0.0,0.0,0.0,0.0,1.88,137.97979797979798,0.0,1,1,1,1
2007-12-24,0.0,-9.492835590305363,0.0,0.0,0.0,0.0,0.0,0.0,0.0,0.0,0.0,0.0,0.0,1.88,137.97979797979798,0.0,1,1,1,1
2007-12-25,0.0,-9.465853590452598,0.0,0.0,0.0,0.0,0.0,0.0,0.0,0.0,0.0,0.0,0.0,1.88,137.97979797979798,0.0,1,1,1,1
2007-12-26,0.0,-9.574065610914746,0.0,0.0,0.0,0.0,0.0,0.0,0.0,0.0,0.0,0.0,0.0,1.88,137.97979797979798,0.0,0,1,0,0
2007-12-27,0.0,-9.628029610620278,0.0,0.0,0.0,0.0,0.0,0.0,0.0,0.0,0.0,0.0,0.0,1.88,137.97979797979798,0.0,0,0,0,0
2007-12-28,0.0,-10.060877692468868,0.0,0.0,0.0,0.0,0.0,0.0,0.0,0.0,0.0,0.0,0.0,1.88,137.97979797979798,0.0,0,0,0,0
2007-12-31,0.0,-9.898417651250105,0.0,0.0,0.0,0.0,0.0,0.0,0.0,0.0,0.0,0.0,0.0,1.88,137.97979797979798,0.0,0,0,0,0
2008-01-02,0.0,-9.736241631082423,0.0,0.0,0.0,0.0,0.0,0.0,0.0,0.0,0.0,0.0,0.0,1.88,137.97979797979798,0.0,0,0,0,0
2008-01-03,0.0,-9.736241631082423,0.0,0.0,0.0,0.0,0.0,0.0,0.0,0.0,0.0,0.0,0.0,1.88,137.97979797979798,0.0,0,0,0,0
2008-01-04,0.0,-9.682277631376891,0.0,0.0,0.0,0.0,0.0,0.0,0.0,0.0,0.0,0.0,0.0,1.88,137.97979797979798,0.0,0,0,0,0
2008-01-07,0.0,-9.222447549675538,0.0,0.0,0.0,0.0,-27.3,0.0,0.0,0.0,0.0,0.0,0.0,1.88,137.97979797979798,0.0,1,1,1,1
2008-01-08,0.0,-9.27641154938107,0.0,0.0,0.0,0.0,-27.3,0.0,0.0,0.0,0.0,0.0,0.0,1.88,137.97979797979798,0.0,1,1,1,1
2008-01-09,0.0,-9.574065610914746,0.0,0.0,0.0,0.0,-27.3,0.0,0.0,0.0,0.0,0.0,0.0,1.88,137.97979797979798,0.0,1,0,0,1
2008-01-10,0.0,-9.465853590452598,0.0,0.0,0.0,0.0,-27.3,0.0,0.0,0.0,0.0,0.0,0.0,1.88,137.97979797979798,0.0,1,1,1,1
2008-01-11,0.0,-9.384623569843216,0.0,0.0,0.0,0.0,-27.3,0.0,0.0,0.0,0.0,0.0,0.0,1.88,137.97979797979798,0.0,1,1,1,1
2008-01-14,0.0,-9.54708361106198,0.0,0.0,0.0,0.0,-27.3,0.0,0.0,0.0,0.0,0.0,0.0,1.88,137.97979797979798,0.0,1,0,0,1
2008-01-15,0.0,-9.736241631082423,0.0,0.0,0.0,0.0,-27.3,0.0,0.0,0.0,0.0,0.0,0.0,1.88,137.97979797979798,0.0,0,0,0,0
2008-01-16,0.0,-9.411605569695984,0.0,0.0,0.0,0.0,-27.3,0.0,0.0,0.0,0.0,0.0,0.0,1.88,137.97979797979798,0.0,1,1,1,1
2008-01-17,0.0,-10.060877692468868,0.0,0.0,0.0,0.0,-27.3,0.0,0.0,0.0,0.0,0.0,0.0,1.88,137.97979797979798,0.0,0,0,0,0
2008-01-18,0.0,-9.95266567200672,0.0,0.0,0.0,0.0,-27.3,0.0,0.0,0.0,0.0,0.0,0.0,1.88,137.97979797979798,0.0,0,0,0,0
2008-01-21,0.0,-10.060877692468868,0.0,0.0,0.0,0.0,-27.3,0.0,0.0,0.0,0.0,0.0,0.0,1.88,137.97979797979798,0.0,0,0,0,0
2008-01-22,0.0,-9.411605569695984,0.0,0.0,0.0,0.0,-27.3,0.0,0.0,0.0,0.0,0.0,0.0,1.88,137.97979797979798,0.0,0,1,1,1
2008-01-23,0.0,-9.574065610914746,0.0,0.0,0.0,0.0,-27.3,0.0,0.0,0.0,0.0,0.0,0.0,1.88,137.97979797979798,0.0,0,0,0,1
2008-01-24,0.0,-9.655011610473045,0.0,0.0,0.0,0.0,-27.3,0.0,0.0,0.0,0.0,0.0,0.0,1.88,137.97979797979798,0.0,0,0,0,1
2008-01-25,0.0,-9.736241631082423,0.0,0.0,0.0,0.0,-27.3,0.0,0.0,0.0,0.0,0.0,0.0,1.88,137.97979797979798,0.0,0,0,0,1
2008-01-28,0.0,-9.303677570284918,0.0,0.0,0.0,0.0,-27.3,0.0,0.0,0.0,0.0,0.0,0.0,1.88,137.97979797979798,0.0,1,1,1,1
2008-01-29,0.0,-9.330659570137684,0.0,0.0,0.0,0.0,-27.3,0.0,0.0,0.0,0.0,0.0,0.0,1.88,137.97979797979798,0.0,1,1,1,1
2008-01-30,0.0,-9.411605569695984,0.0,0.0,0.0,0.0,-27.3,0.0,0.0,0.0,0.0,0.0,0.0,1.88,137.97979797979798,0.0,0,1,1,1
2008-01-31,0.0,-9.574065610914746,0.0,0.0,0.0,0.0,-27.3,0.0,0.0,0.0,0.0,0.0,0.0,1.88,137.97979797979798,0.0,0,0,0,1
2008-02-01,0.0,-9.574065610914746,0.0,0.0,0.0,0.0,-27.3,0.0,0.0,0.0,0.0,0.0,0.0,1.88,137.97979797979798,0.0,0,0,1,1
2008-02-12,0.0,-9.249429549528305,0.0,0.0,0.0,0.0,0.0,0.0,0.0,0.0,0.0,0.0,0.0,1.88,137.97979797979798,0.0,1,1,1,1
2008-02-13,0.0,-9.222447549675538,0.0,0.0,0.0,0.0,0.0,0.0,0.0,0.0,0.0,0.0,0.0,1.88,137.97979797979798,0.0,1,1,1,1
2008-02-14,0.0,-1.1198874248096506,0.0,0.0,0.0,0.0,0.0,0.0,0.0,0.0,0.0,0.0,0.0,-29.91,-1690.957446808511,0.0,0,1,1,1
2008-02-15,0.0,-1.110359019874339,0.0,0.0,0.0,0.0,0.0,0.0,0.0,0.0,0.0,0.0,0.0,-29.91,-1690.957446808511,0.0,1,1,1,1
2008-02-18,0.0,-1.103995644550407,0.0,0.0,0.0,0.0,0.0,0.0,0.0,0.0,0.0,0.0,0.0,-29.91,-1690.957446808511,0.0,1,1,1,1
2008-02-19,0.0,-1.1166890790970985,0.0,0.0,0.0,0.0,0.0,0.0,0.0,0.0,0.0,0.0,0.0,-29.91,-1690.957446808511,0.0,1,1,1,1
2008-02-20,0.0,-1.103995644550407,0.0,0.0,0.0,0.0,0.0,0.0,0.0,0.0,0.0,0.0,0.0,-29.91,-1690.957446808511,0.0,1,1,1,1
2008-02-21,0.0,-1.1198874248096506,0.0,0.0,0.0,0.0,0.0,0.0,0.0,0.0,0.0,0.0,0.0,-29.91,-1690.957446808511,0.0,1,0,1,1
2008-02-22,0.0,-1.1008306149390277,0.0,0.0,0.0,0.0,0.0,0.0,0.0,0.0,0.0,0.0,0.0,-29.91,-1690.957446808511,0.0,1,1,1,1
2008-02-25,0.0,-1.1135240494857188,0.0,0.0,0.0,0.0,0.0,0.0,0.0,0.0,0.0,0.0,0.0,-29.91,-1690.957446808511,0.0,1,1,1,1
2008-02-26,0.0,-1.1293825136437896,0.0,0.0,0.0,0.0,0.0,0.0,0.0,0.0,0.0,0.0,0.0,-29.91,-1690.957446808511,0.0,1,0,1,1
2008-02-27,0.0,-1.154769382737172,0.0,0.0,0.0,0.0,0.0,0.0,0.0,0.0,0.0,0.0,0.0,-29.91,-1690.957446808511,0.0,0,0,0,1
2008-02-29,0.0,-1.1484393235144126,0.0,0.0,0.0,0.0,0.0,0.0,0.0,0.0,0.0,0.0,0.0,-29.91,-1690.957446808511,0.0,0,0,1,1
2008-03-03,0.0,-1.1230524544210303,0.0,0.0,0.0,0.0,0.0,0.0,0.0,0.0,0.0,0.0,0.0,-29.91,-1690.957446808511,0.0,1,0,1,1
2008-03-04,0.0,-1.1516043531257925,0.0,0.0,0.0,0.0,0.0,0.0,0.0,0.0,0.0,0.0,0.0,-29.91,-1690.957446808511,0.0,0,0,1,1
2008-03-05,0.0,-1.1325475432551693,0.0,0.0,0.0,0.0,0.0,0.0,0.0,0.0,0.0,0.0,0.0,-29.91,-1690.957446808511,0.0,0,0,1,1
2008-03-06,0.0,-1.1737928765066226,0.0,0.0,0.0,0.0,0.0,0.0,0.0,0.0,0.0,0.0,0.0,-29.91,-1690.957446808511,0.0,0,0,0,1
2008-03-07,0.0,-1.1484393235144126,0.0,0.0,0.0,0.0,0.0,0.0,0.0,0.0,0.0,0.0,0.0,-29.91,-1690.957446808511,0.0,0,0,1,1
2008-03-10,0.0,-1.1325475432551693,0.0,0.0,0.0,0.0,0.0,0.0,0.0,0.0,0.0,0.0,0.0,-29.91,-1690.957446808511,0.0,0,0,1,1
2008-03-11,0.0,-1.142075948190481,0.0,0.0,0.0,0.0,0.0,0.0,0.0,0.0,0.0,0.0,0.0,-29.91,-1690.957446808511,0.0,0,0,1,1
2008-03-12,0.0,-1.1516043531257925,0.0,0.0,0.0,0.0,0.0,0.0,0.0,0.0,0.0,0.0,0.0,-29.91,-1690.957446808511,0.0,0,0,1,1
2008-03-13,0.0,-1.1262174840324102,0.0,0.0,0.0,0.0,0.0,0.0,0.0,0.0,0.0,0.0,0.0,-29.91,-1690.957446808511,0.0,0,1,1,1
2008-03-14,0.0,-1.1135240494857188,0.0,0.0,0.0,0.0,0.0,0.0,0.0,0.0,0.0,0.0,0.0,-29.91,-1690.957446808511,0.0,0,1,1,1
2008-03-17,0.0,-1.0722787162342655,0.0,0.0,0.0,0.0,0.0,0.0,0.0,0.0,0.0,0.0,0.0,-29.91,-1690.957446808511,0.0,1,1,1,1
2008-03-18,0.0,-1.0881371803923363,0.0,0.0,0.0,0.0,0.0,0.0,0.0,0.0,0.0,0.0,0.0,-29.91,-1690.957446808511,0.0,1,1,1,1
2008-03-19,0.0,-1.1008306149390277,0.0,0.0,0.0,0.0,0.0,0.0,0.0,0.0,0.0,0.0,0.0,-29.91,-1690.957446808511,0.0,1,1,1,1
2008-03-20,0.0,-1.1008306149390277,0.0,0.0,0.0,0.0,0.0,0.0,0.0,0.0,0.0,0.0,0.0,-29.91,-1690.957446808511,0.0,1,1,1,1
2008-03-21,0.0,-1.110359019874339,0.0,0.0,0.0,0.0,0.0,0.0,0.0,0.0,0.0,0.0,0.0,-29.91,-1690.957446808511,0.0,1,1,1,1
2008-03-24,0.0,-1.1357458889677214,0.0,0.0,0.0,0.0,0.0,0.0,0.0,0.0,0.0,0.0,0.0,-29.91,-1690.957446808511,0.0,1,1,1,1
2008-03-25,0.0,-1.1484393235144126,0.0,0.0,0.0,0.0,0.0,0.0,0.0,0.0,0.0,0.0,0.0,-29.91,-1690.957446808511,0.0,1,1,1,1
2008-03-26,0.0,-1.142075948190481,0.0,0.0,0.0,0.0,0.0,0.0,0.0,0.0,0.0,0.0,0.0,-29.91,-1690.957446808511,0.0,1,1,1,1
2008-03-27,0.0,-1.1198874248096506,0.0,0.0,0.0,0.0,0.0,0.0,0.0,0.0,0.0,0.0,0.0,-29.91,-1690.957446808511,0.0,1,1,1,1
2008-03-28,0.0,-1.1198874248096506,0.0,0.0,0.0,0.0,0.0,0.0,0.0,0.0,0.0,0.0,0.0,-29.91,-1690.957446808511,0.0,1,1,1,1
2008-03-31,0.0,-1.1484393235144126,0.0,0.0,0.0,0.0,0.0,0.0,0.0,0.0,0.0,0.0,0.0,-29.91,-1690.957446808511,0.0,1,1,1,0
2008-04-01,0.0,-1.142075948190481,0.0,0.0,0.0,0.0,0.0,0.0,0.0,0.0,0.0,0.0,0.0,-29.91,-1690.957446808511,0.0,1,1,1,1
2008-04-02,0.0,-1.1864863110533137,0.0,0.0,0.0,0.0,0.0,0.0,0.0,0.0,0.0,0.0,0.0,-29.91,-1690.957446808511,0.0,0,1,1,0
2008-04-03,0.0,-1.2087081505353166,0.0,0.0,0.0,0.0,0.0,0.0,0.0,0.0,0.0,0.0,0.0,-29.91,-1690.957446808511,0.0,0,0,0,0
2008-04-07,0.0,-1.1928496863772458,0.0,0.0,0.0,0.0,0.0,0.0,0.0,0.0,0.0,0.0,0.0,-29.91,-1690.957446808511,0.0,0,1,1,0
2008-04-08,0.0,-1.1642977876724836,0.0,0.0,0.0,0.0,0.0,0.0,0.0,0.0,0.0,0.0,0.0,-29.91,-1690.957446808511,0.0,1,1,1,0
2008-04-09,0.0,-1.1610994419599314,0.0,0.0,0.0,0.0,0.0,0.0,0.0,0.0,0.0,0.0,0.0,-29.91,-1690.957446808511,0.0,1,1,1,0
2008-04-10,0.0,-1.1801562518305544,0.0,0.0,0.0,0.0,0.0,0.0,0.0,0.0,0.0,0.0,0.0,-29.91,-1690.957446808511,0.0,1,1,1,0
2008-04-11,0.0,-1.1769912222191743,0.0,0.0,0.0,0.0,0.0,0.0,0.0,0.0,0.0,0.0,0.0,-29.91,-1690.957446808511,0.0,1,1,1,0
2008-04-14,0.0,-1.1579344123485518,0.0,0.0,0.0,0.0,0.0,0.0,0.0,0.0,0.0,0.0,0.0,-29.91,-1690.957446808511,0.0,1,1,1,0
2008-04-15,0.0,-1.1737928765066226,0.0,0.0,0.0,0.0,0.0,0.0,0.0,0.0,0.0,0.0,0.0,-29.91,-1690.957446808511,0.0,1,1,1,0
2008-04-16,0.0,-1.1896513406646934,0.0,0.0,0.0,0.0,0.0,0.0,0.0,0.0,0.0,0.0,0.0,-29.91,-1690.957446808511,0.0,1,1,0,0
2008-04-17,0.0,-1.2277316443047668,0.0,0.0,0.0,0.0,0.0,0.0,0.0,0.0,0.0,0.0,0.0,-29.91,-1690.957446808511,0.0,1,1,0,0
2008-04-18,0.0,-1.2245666146933871,0.0,0.0,0.0,0.0,0.0,0.0,0.0,0.0,0.0,0.0,0.0,-29.91,-1690.957446808511,0.0,1,1,0,0
2008-04-21,0.0,-1.2182032393694553,0.0,0.0,0.0,0.0,0.0,0.0,0.0,0.0,0.0,0.0,0.0,-29.91,-1690.957446808511,0.0,1,1,0,0
2008-04-22,0.0,-1.2245666146933871,0.0,0.0,0.0,0.0,0.0,0.0,0.0,0.0,0.0,0.0,0.0,-29.91,-1690.957446808511,0.0,1,1,0,0
2008-04-23,0.0,-1.2499534837867696,0.0,0.0,0.0,0.0,0.0,0.0,0.0,0.0,0.0,0.0,0.0,-29.91,-1690.957446808511,0.0,0,0,0,0
2008-04-24,0.0,-1.2245666146933871,0.0,0.0,0.0,0.0,0.0,0.0,0.0,0.0,0.0,0.0,0.0,-29.91,-1690.957446808511,0.0,1,1,0,0
2008-04-25,0.0,-1.2943638466496024,0.0,0.0,0.0,0.0,0.0,0.0,0.0,0.0,0.0,0.0,0.0,-29.91,-1690.957446808511,0.0,0,0,0,0
2008-04-28,0.0,-1.2721420071675995,0.0,0.0,0.0,0.0,0.0,0.0,0.0,0.0,0.0,0.0,0.0,-29.91,-1690.957446808511,0.0,0,0,0,0
2008-04-29,0.0,-1.240425078851458,0.0,0.0,0.0,0.0,0.0,0.0,0.0,0.0,0.0,0.0,0.0,-29.91,-1690.957446808511,0.0,0,0,0,0
2008-04-30,0.0,-1.2372600492400785,0.0,0.0,0.0,0.0,0.0,0.0,0.0,0.0,0.0,0.0,0.0,-29.91,-1690.957446808511,0.0,0,0,0,0
2008-05-02,0.0,-1.240425078851458,0.0,0.0,0.0,0.0,0.0,0.0,0.0,0.0,0.0,0.0,0.0,-29.91,-1690.957446808511,0.0,0,0,0,0
2008-05-05,0.0,-1.211873180146696,0.0,0.0,0.0,0.0,0.0,0.0,0.0,0.0,0.0,0.0,0.0,-29.91,-1690.957446808511,0.0,1,0,0,0
2008-05-06,0.0,-1.2499534837867696,0.0,0.0,0.0,0.0,0.0,0.0,0.0,0.0,0.0,0.0,0.0,-29.91,-1690.957446808511,0.0,0,0,0,0
2008-05-07,0.0,-1.2499534837867696,0.0,0.0,0.0,0.0,0.0,0.0,0.0,0.0,0.0,0.0,0.0,-29.91,-1690.957446808511,0.0,0,0,0,0
2008-05-08,0.0,-1.2372600492400785,0.0,0.0,0.0,0.0,0.0,0.0,0.0,0.0,0.0,0.0,0.0,-29.91,-1690.957446808511,0.0,0,0,0,0
2008-05-09,0.0,-1.215038209758076,0.0,0.0,0.0,0.0,0.0,0.0,0.0,0.0,0.0,0.0,0.0,-29.91,-1690.957446808511,0.0,1,0,0,0
2008-05-12,0.0,-1.2277316443047668,0.0,0.0,0.0,0.0,0.0,0.0,0.0,0.0,0.0,0.0,0.0,-29.91,-1690.957446808511,0.0,0,0,0,0
2008-05-13,0.0,-1.2340950196286988,0.0,0.0,0.0,0.0,0.0,0.0,0.0,0.0,0.0,0.0,0.0,-29.91,-1690.957446808511,0.0,0,0,0,0
2008-05-14,0.0,-1.2214015850820077,0.0,0.0,0.0,0.0,0.0,0.0,0.0,0.0,0.0,0.0,0.0,-29.91,-1690.957446808511,0.0,0,0,0,0
2008-05-15,0.0,-0.2658715069102976,0.0,0.0,0.0,0.0,0.0,0.0,0.0,0.0,0.0,0.0,0.0,-54.71,-82.91541290538281,0.0,0,0,0,0
2008-05-16,0.0,-0.2658715069102976,0.0,0.0,0.0,0.0,0.0,0.0,0.0,0.0,0.0,0.0,0.0,-54.71,-82.91541290538281,0.0,0,0,0,0
2008-05-19,0.0,-0.2638415184443231,0.0,0.0,0.0,0.0,0.0,0.0,0.0,0.0,0.0,0.0,0.0,-54.71,-82.91541290538281,0.0,0,0,0,0
2008-05-20,0.0,-0.2618044072118011,0.0,0.0,0.0,0.0,0.0,0.0,0.0,0.0,0.0,0.0,0.0,-54.71,-82.91541290538281,0.0,0,0,0,0
2008-05-21,0.0,-0.2631577328557842,0.0,0.0,0.0,0.0,0.0,0.0,0.0,0.0,0.0,0.0,0.0,-54.71,-82.91541290538281,0.0,0,0,0,0
2008-05-22,0.0,-0.2570535219247658,0.0,0.0,0.0,0.0,0.0,0.0,0.0,0.0,0.0,0.0,0.0,-54.71,-82.91541290538281,0.0,0,0,0,0
2008-05-23,0.0,-0.2523097594042777,0.0,0.0,0.0,0.0,0.0,0.0,0.0,0.0,0.0,0.0,0.0,-54.71,-82.91541290538281,0.0,0,0,0,0
2008-05-26,0.0,-0.2495959853497643,0.0,0.0,0.0,0.0,0.0,0.0,0.0,0.0,0.0,0.0,0.0,-54.71,-82.91541290538281,0.0,0,0,0,0
2008-05-27,0.0,-0.2516330965822861,0.0,0.0,0.0,0.0,0.0,0.0,0.0,0.0,0.0,0.0,0.0,-54.71,-82.91541290538281,0.0,0,0,0,0
2008-05-28,0.0,-0.2441684372407374,0.0,0.0,0.0,0.0,0.0,0.0,0.0,0.0,0.0,0.0,0.0,-54.71,-82.91541290538281,0.0,0,0,0,0
2008-05-29,0.0,-0.2441684372407374,0.0,0.0,0.0,0.0,0.0,0.0,0.0,0.0,0.0,0.0,0.0,-54.71,-82.91541290538281,0.0,0,0,0,0
2008-05-30,0.0,-0.2387408891317105,0.0,0.0,0.0,0.0,0.0,0.0,0.0,0.0,0.0,0.0,0.0,-54.71,-82.91541290538281,0.0,0,0,0,0
2008-06-02,0.0,-0.2394246747202493,0.0,0.0,0.0,0.0,0.0,0.0,0.0,0.0,0.0,0.0,0.0,-54.71,-82.91541290538281,0.0,0,0,0,0
2008-06-03,0.0,-0.234673789433214,0.0,0.0,0.0,0.0,0.0,0.0,0.0,0.0,0.0,0.0,0.0,-54.71,-82.91541290538281,0.0,0,0,0,0
2008-06-04,0.0,-0.2428151115967542,0.0,0.0,0.0,0.0,0.0,0.0,0.0,0.0,0.0,0.0,0.0,-54.71,-82.91541290538281,0.0,0,0,0,0
2008-06-05,0.0,-0.2414546631862239,0.0,0.0,0.0,0.0,0.0,0.0,0.0,0.0,0.0,0.0,0.0,-54.71,-82.91541290538281,0.0,0,0,0,0
2008-06-06,0.0,-0.2421313260082155,0.0,0.0,0.0,0.0,0.0,0.0,0.0,0.0,0.0,0.0,0.0,-54.71,-82.91541290538281,0.0,0,0,0,0
2008-06-09,0.0,-0.2367109006657358,0.0,0.0,0.0,0.0,0.0,0.0,0.0,0.0,0.0,0.0,0.0,-54.71,-82.91541290538281,0.0,0,0,0,0
2008-06-10,0.0,-0.234673789433214,0.0,0.0,0.0,0.0,0.0,0.0,0.0,0.0,0.0,0.0,0.0,-54.71,-82.91541290538281,0.0,0,0,0,0
2008-06-11,0.0,-0.2265324672696736,0.0,0.0,0.0,0.0,0.0,0.0,0.0,0.0,0.0,0.0,0.0,-54.71,-82.91541290538281,0.0,0,0,0,0
2008-06-12,0.0,-0.2143240454076367,0.0,0.0,0.0,0.0,0.0,0.0,0.0,0.0,0.0,0.0,0.0,-54.71,-82.91541290538281,0.0,0,0,0,0
2008-06-13,0.0,-0.2143240454076367,0.0,0.0,0.0,0.0,0.0,0.0,0.0,0.0,0.0,0.0,0.0,-54.71,-82.91541290538281,0.0,0,0,0,0
2008-06-16,0.0,-0.2136473825856452,0.0,0.0,0.0,0.0,0.0,0.0,0.0,0.0,0.0,0.0,0.0,-54.71,-82.91541290538281,0.0,0,0,0,0
2008-06-17,0.0,-0.2136473825856452,0.0,0.0,0.0,0.0,0.0,0.0,0.0,0.0,0.0,0.0,0.0,-54.71,-82.91541290538281,0.0,0,0,0,0
2008-06-18,0.0,-0.2122940569416621,0.0,0.0,0.0,0.0,0.0,0.0,0.0,0.0,0.0,0.0,0.0,-54.71,-82.91541290538281,0.0,0,0,0,0
2008-06-19,0.0,-0.2021156235455999,0.0,0.0,0.0,0.0,0.0,0.0,0.0,0.0,0.0,0.0,0.0,-54.71,-82.91541290538281,0.0,0,0,0,0
2008-06-20,0.0,-0.2007622979016168,0.0,0.0,0.0,0.0,0.0,0.0,0.0,0.0,0.0,0.0,0.0,-54.71,-82.91541290538281,0.0,0,0,0,0
2008-06-23,0.0,-0.1966951982031202,0.0,0.0,0.0,0.0,0.0,0.0,0.0,0.0,0.0,0.0,0.0,-54.71,-82.91541290538281,0.0,0,0,0,0
2008-06-24,0.0,-0.1858401019850665,0.0,0.0,0.0,0.0,0.0,0.0,0.0,0.0,0.0,0.0,0.0,-54.71,-82.91541290538281,0.0,1,0,0,0
2008-06-25,0.0,-0.1946580869705984,0.0,0.0,0.0,0.0,0.0,0.0,0.0,0.0,0.0,0.0,0.0,-54.71,-82.91541290538281,0.0,0,0,0,0
2008-06-26,0.0,-0.1919443129160849,0.0,0.0,0.0,0.0,0.0,0.0,0.0,0.0,0.0,0.0,0.0,-54.71,-82.91541290538281,0.0,0,0,0,0
2008-06-27,0.0,-0.1858401019850665,0.0,0.0,0.0,0.0,0.0,0.0,0.0,0.0,0.0,0.0,0.0,-54.71,-82.91541290538281,0.0,0,0,0,0
2008-06-30,0.0,-0.1851634391630749,0.0,0.0,0.0,0.0,0.0,0.0,0.0,0.0,0.0,0.0,0.0,-54.71,-82.91541290538281,0.0,0,0,0,0
2008-07-01,0.0,-0.1851634391630749,0.0,0.0,0.0,0.0,0.0,0.0,0.0,0.0,0.0,0.0,0.0,-54.71,-82.91541290538281,0.0,0,0,0,0
2008-07-02,0.0,-0.1960114126145814,0.0,0.0,0.0,0.0,0.0,0.0,0.0,0.0,0.0,0.0,0.0,-54.71,-82.91541290538281,0.0,0,0,0,0
2008-07-03,0.0,-0.1912676500940933,0.0,0.0,0.0,0.0,0.0,0.0,0.0,0.0,0.0,0.0,0.0,-54.71,-82.91541290538281,0.0,0,0,0,0
2008-07-04,0.0,-0.1844867763410834,0.0,0.0,0.0,0.0,0.0,0.0,0.0,0.0,0.0,0.0,0.0,-54.71,-82.91541290538281,0.0,0,0,0,0
2008-07-07,0.0,-0.1885538760395799,0.0,0.0,0.0,0.0,-38.32,0.0,0.0,0.0,0.0,0.0,0.0,-54.71,-82.91541290538281,0.0,0,0,0,0
2008-07-08,0.0,-0.1756687913555515,0.0,0.0,0.0,0.0,-38.32,0.0,0.0,0.0,0.0,0.0,0.0,-54.71,-82.91541290538281,0.0,0,0,0,0
2008-07-09,0.0,-0.1715945688905077,0.0,0.0,0.0,0.0,-38.32,0.0,0.0,0.0,0.0,0.0,0.0,-54.71,-82.91541290538281,0.0,0,0,0,0
2008-07-10,0.0,-0.172955017301038,0.0,0.0,0.0,0.0,-38.32,0.0,0.0,0.0,0.0,0.0,0.0,-54.71,-82.91541290538281,0.0,0,0,0,0
2008-07-11,0.0,-0.1790592282320565,0.0,0.0,0.0,0.0,-38.32,0.0,0.0,0.0,0.0,0.0,0.0,-54.71,-82.91541290538281,0.0,0,0,0,0
2008-07-14,0.0,-0.1770221169995346,0.0,0.0,0.0,0.0,-38.32,0.0,0.0,0.0,0.0,0.0,0.0,-54.71,-82.91541290538281,0.0,0,0,0,0
2008-07-15,0.0,-0.1648136951374977,0.0,0.0,0.0,0.0,-38.32,0.0,0.0,0.0,0.0,0.0,0.0,-54.71,-82.91541290538281,0.0,0,0,0,0
2008-07-16,0.0,-0.1553190473299743,0.0,0.0,0.0,0.0,-38.32,0.0,0.0,0.0,0.0,0.0,0.0,-54.71,-82.91541290538281,0.0,0,0,0,0
2008-07-17,0.0,-0.1553190473299743,0.0,0.0,0.0,0.0,-38.32,0.0,0.0,0.0,0.0,0.0,0.0,-54.71,-82.91541290538281,0.0,0,0,0,0
2008-07-18,0.0,-0.1444639511119205,0.0,0.0,0.0,0.0,-38.32,0.0,0.0,0.0,0.0,0.0,0.0,-54.71,-82.91541290538281,0.0,1,1,0,0
2008-07-21,0.0,-0.1444639511119205,0.0,0.0,0.0,0.0,-38.32,0.0,0.0,0.0,0.0,0.0,0.0,-54.71,-82.91541290538281,0.0,1,1,0,0
2008-07-22,0.0,-0.1519286104534693,0.0,0.0,0.0,0.0,-38.32,0.0,0.0,0.0,0.0,0.0,0.0,-54.71,-82.91541290538281,0.0,0,0,0,0
2008-07-23,0.0,-0.1553190473299743,0.0,0.0,0.0,0.0,-38.32,0.0,0.0,0.0,0.0,0.0,0.0,-54.71,-82.91541290538281,0.0,0,0,0,0
2008-07-24,0.0,-0.1580328213844877,0.0,0.0,0.0,0.0,-38.32,0.0,0.0,0.0,0.0,0.0,0.0,-54.71,-82.91541290538281,0.0,0,0,0,0
2008-07-25,0.0,-0.1512519476314777,0.0,0.0,0.0,0.0,-38.32,0.0,0.0,0.0,0.0,0.0,0.0,-54.71,-82.91541290538281,0.0,0,0,0,0
2008-07-29,0.0,-0.1424339626459459,0.0,0.0,0.0,0.0,-38.32,0.0,0.0,0.0,0.0,0.0,0.0,-54.71,-82.91541290538281,0.0,1,1,0,0
2008-07-30,0.0,-0.140396851413424,0.0,0.0,0.0,0.0,-38.32,0.0,0.0,0.0,0.0,0.0,0.0,-54.71,-82.91541290538281,0.0,1,1,0,0
2008-07-31,0.0,-0.1424339626459459,0.0,0.0,0.0,0.0,-38.32,0.0,0.0,0.0,0.0,0.0,0.0,-54.71,-82.91541290538281,0.0,1,1,0,0
2008-08-01,0.0,-0.137006414536919,0.0,0.0,0.0,0.0,-38.32,0.0,0.0,0.0,0.0,0.0,0.0,-54.71,-82.91541290538281,0.0,1,1,0,0
2008-08-04,0.0,-0.1465010623444424,0.0,0.0,0.0,0.0,-38.32,0.0,0.0,0.0,0.0,0.0,0.0,-54.71,-82.91541290538281,0.0,1,1,0,0
2008-08-05,0.0,-0.1451477367004593,0.0,0.0,0.0,0.0,-38.32,0.0,0.0,0.0,0.0,0.0,0.0,-54.71,-82.91541290538281,0.0,1,1,0,0
2008-08-06,0.0,-0.1492148363989559,0.0,0.0,0.0,0.0,-38.32,0.0,0.0,0.0,0.0,0.0,0.0,-54.71,-82.91541290538281,0.0,1,0,0,0
2008-08-07,0.0,-0.1593861470284708,0.0,0.0,0.0,0.0,0.0,0.0,0.0,0.0,0.0,0.0,0.0,-54.71,-82.91541290538281,0.0,0,0,0,0
2008-08-08,0.0,-0.1600628098504623,0.0,0.0,0.0,0.0,0.0,0.0,0.0,0.0,0.0,0.0,0.0,-54.71,-82.91541290538281,0.0,0,0,0,0
2008-08-11,0.0,-0.1559957101519658,0.0,0.0,0.0,0.0,0.0,0.0,0.0,0.0,0.0,0.0,0.0,-54.71,-82.91541290538281,0.0,0,0,0,0
2008-08-12,0.0,-0.1607465954390012,0.0,0.0,0.0,0.0,0.0,0.0,0.0,0.0,0.0,0.0,0.0,-54.71,-82.91541290538281,0.0,0,0,0,0
2008-08-13,0.0,-0.1573561585624962,0.0,0.0,0.0,0.0,0.0,0.0,0.0,0.0,0.0,0.0,0.0,-54.71,-82.91541290538281,0.0,0,0,0,0
2008-08-14,0.0,-0.0214697989656596,0.0,0.0,0.0,0.0,0.0,0.0,0.0,0.0,0.0,0.0,0.0,-30.25,44.70846280387498,0.0,0,0,0,0
2008-08-15,0.0,-0.0214697989656596,0.0,0.0,0.0,0.0,0.0,0.0,0.0,0.0,0.0,0.0,0.0,-30.25,44.70846280387498,0.0,0,0,0,0
2008-08-18,0.0,-0.020185388139826,0.0,0.0,0.0,0.0,0.0,0.0,0.0,0.0,0.0,0.0,0.0,-30.25,44.70846280387498,0.0,0,0,0,0
2008-08-19,0.0,-0.0199098131239307,0.0,0.0,0.0,0.0,0.0,0.0,0.0,0.0,0.0,0.0,0.0,-30.25,44.70846280387498,0.0,0,0,0,0
2008-08-20,0.0,-0.0200938509841964,0.0,0.0,0.0,0.0,0.0,0.0,0.0,0.0,0.0,0.0,0.0,-30.25,44.70846280387498,0.0,0,0,0,0
2008-08-21,0.0,-0.0193596266411468,0.0,0.0,0.0,0.0,0.0,0.0,0.0,0.0,0.0,0.0,0.0,-30.25,44.70846280387498,0.0,0,0,0,0
2008-08-22,0.0,-0.0190840516252515,0.0,0.0,0.0,0.0,0.0,0.0,0.0,0.0,0.0,0.0,0.0,-30.25,44.70846280387498,0.0,0,0,0,0
2008-08-25,0.0,-0.0196352016570421,0.0,0.0,0.0,0.0,0.0,0.0,0.0,0.0,0.0,0.0,0.0,-30.25,44.70846280387498,0.0,0,0,0,0
2008-08-26,0.0,-0.0190840516252515,0.0,0.0,0.0,0.0,0.0,0.0,0.0,0.0,0.0,0.0,0.0,-30.25,44.70846280387498,0.0,0,0,0,0
2008-08-27,0.0,-0.0197267388126716,0.0,0.0,0.0,0.0,0.0,0.0,0.0,0.0,0.0,0.0,0.0,-30.25,44.70846280387498,0.0,0,0,0,0
2008-08-28,0.0,-0.0199098131239307,0.0,0.0,0.0,0.0,0.0,0.0,0.0,0.0,0.0,0.0,0.0,-30.25,44.70846280387498,0.0,0,0,0,0
2008-08-29,0.0,-0.0196352016570421,0.0,0.0,0.0,0.0,0.0,0.0,0.0,0.0,0.0,0.0,0.0,-30.25,44.70846280387498,0.0,0,0,0,0
2008-09-01,0.0,-0.0183498272822018,0.0,0.0,0.0,0.0,0.0,0.0,0.0,0.0,0.0,0.0,0.0,-30.25,44.70846280387498,0.0,0,0,0,0
2008-09-02,0.0,-0.0171020313186201,0.0,0.0,0.0,0.0,0.0,0.0,0.0,0.0,0.0,0.0,0.0,-30.25,44.70846280387498,0.0,0,0,0,0
2008-09-03,0.0,-0.0166616894225916,0.0,0.0,0.0,0.0,0.0,0.0,0.0,0.0,0.0,0.0,0.0,-30.25,44.70846280387498,0.0,0,0,0,0
2008-09-04,0.0,-0.0166983042848434,0.0,0.0,0.0,0.0,0.0,0.0,0.0,0.0,0.0,0.0,0.0,-30.25,44.70846280387498,0.0,0,0,0,0
2008-09-05,0.0,-0.0157810056305346,0.0,0.0,0.0,0.0,0.0,0.0,0.0,0.0,0.0,0.0,0.0,-30.25,44.70846280387498,0.0,0,0,0,0
2008-09-08,0.0,-0.0168640347139832,0.0,0.0,0.0,0.0,0.0,0.0,0.0,0.0,0.0,0.0,0.0,-30.25,44.70846280387498,0.0,0,0,0,0
2008-09-09,0.0,-0.0160016583530522,0.0,0.0,0.0,0.0,0.0,0.0,0.0,0.0,0.0,0.0,0.0,-30.25,44.70846280387498,0.0,0,0,0,0
2008-09-10,0.0,-0.0163870779557029,0.0,0.0,0.0,0.0,0.0,0.0,0.0,0.0,0.0,0.0,0.0,-30.25,44.70846280387498,0.0,0,0,0,0
2008-09-11,0.0,-0.0159467360596745,0.0,0.0,0.0,0.0,0.0,0.0,0.0,0.0,0.0,0.0,0.0,-30.25,44.70846280387498,0.0,0,0,0,0
2008-09-12,0.0,-0.016570152266962,0.0,0.0,0.0,0.0,0.0,0.0,0.0,0.0,0.0,0.0,0.0,-30.25,44.70846280387498,0.0,0,0,0,0
2008-09-15,0.0,-0.0154138934590098,0.0,0.0,0.0,0.0,0.0,0.0,0.0,0.0,0.0,0.0,0.0,-30.25,44.70846280387498,0.0,0,0,0,0
2008-09-16,0.0,-0.0143501353556937,0.0,0.0,0.0,0.0,0.0,0.0,0.0,0.0,0.0,0.0,0.0,-30.25,44.70846280387498,0.0,0,0,0,0
2008-09-17,0.0,-0.0133586434278747,0.0,0.0,0.0,0.0,0.0,0.0,0.0,0.0,0.0,0.0,0.0,-30.25,44.70846280387498,0.0,1,1,0,0
2008-09-18,0.0,-0.0124413447735659,0.0,0.0,0.0,0.0,0.0,0.0,0.0,0.0,0.0,0.0,0.0,-30.25,44.70846280387498,0.0,1,1,0,0
2008-09-19,0.0,-0.013303721134497,0.0,0.0,0.0,0.0,0.0,0.0,0.0,0.0,0.0,0.0,0.0,-30.25,44.70846280387498,0.0,1,1,0,0
2008-09-22,0.0,-0.0142210197888057,0.0,0.0,0.0,0.0,0.0,0.0,0.0,0.0,0.0,0.0,0.0,-30.25,44.70846280387498,0.0,1,0,0,0
2008-09-23,0.0,-0.0147721698205963,0.0,0.0,0.0,0.0,0.0,0.0,0.0,0.0,0.0,0.0,0.0,-30.25,44.70846280387498,0.0,0,0,0,0
2008-09-24,0.0,-0.0146247468225824,0.0,0.0,0.0,0.0,0.0,0.0,0.0,0.0,0.0,0.0,0.0,-30.25,44.70846280387498,0.0,0,0,0,0
2008-09-25,0.0,-0.015506394163646,0.0,0.0,0.0,0.0,0.0,0.0,0.0,0.0,0.0,0.0,0.0,-30.25,44.70846280387498,0.0,0,0,0,0
2008-09-26,0.0,-0.0144233650801974,0.0,0.0,0.0,0.0,0.0,0.0,0.0,0.0,0.0,0.0,0.0,-30.25,44.70846280387498,0.0,0,0,0,0
2008-09-30,0.0,-0.013432836701385,0.0,0.0,0.0,0.0,0.0,0.0,0.0,0.0,0.0,0.0,0.0,-30.25,44.70846280387498,0.0,1,0,0,0
2008-10-01,0.0,-0.0143684427868197,0.0,0.0,0.0,0.0,0.0,0.0,0.0,0.0,0.0,0.0,0.0,-30.25,44.70846280387498,0.0,0,0,0,0
2008-10-02,0.0,-0.0150284738563591,0.0,0.0,0.0,0.0,0.0,0.0,0.0,0.0,0.0,0.0,0.0,-30.25,44.70846280387498,0.0,0,0,0,0
2008-10-03,0.0,-0.0159650434908004,0.0,0.0,0.0,0.0,0.0,0.0,0.0,0.0,0.0,0.0,0.0,-30.25,44.70846280387498,0.0,0,0,0,0
2008-10-06,0.0,-0.0148637069762259,0.0,0.0,0.0,0.0,0.0,0.0,0.0,0.0,0.0,0.0,0.0,-30.25,44.70846280387498,0.0,0,0,0,0
2008-10-07,0.0,-0.014827092113974,0.0,0.0,0.0,0.0,0.0,0.0,0.0,0.0,0.0,0.0,0.0,-30.25,44.70846280387498,0.0,0,0,0,0
2008-10-08,0.0,-0.0138731785974135,0.0,0.0,0.0,0.0,0.0,0.0,0.0,0.0,0.0,0.0,0.0,-30.25,44.70846280387498,0.0,0,0,0,0
2008-10-09,0.0,-0.0136525258748959,0.0,0.0,0.0,0.0,0.0,0.0,0.0,0.0,0.0,0.0,0.0,-30.25,44.70846280387498,0.0,0,0,0,0
2008-10-13,0.0,-0.0131755691166156,0.0,0.0,0.0,0.0,0.0,0.0,0.0,0.0,0.0,0.0,0.0,-30.25,44.70846280387498,0.0,0,0,0,0
2008-10-14,0.0,-0.0140928677709244,0.0,0.0,0.0,0.0,0.0,0.0,0.0,0.0,0.0,0.0,0.0,-30.25,44.70846280387498,0.0,0,0,0,0
2008-10-15,0.0,-0.0142402907689383,0.0,0.0,0.0,0.0,0.0,0.0,0.0,0.0,0.0,0.0,0.0,-30.25,44.70846280387498,0.0,0,0,0,0
2008-10-16,0.0,-0.0137440630305255,0.0,0.0,0.0,0.0,0.0,0.0,0.0,0.0,0.0,0.0,0.0,-30.25,44.70846280387498,0.0,0,0,0,0
2008-10-17,0.0,-0.0132671062722452,0.0,0.0,0.0,0.0,0.0,0.0,0.0,0.0,0.0,0.0,0.0,-30.25,44.70846280387498,0.0,0,0,0,0
2008-10-20,0.0,-0.0129549163940981,0.0,0.0,0.0,0.0,0.0,0.0,0.0,0.0,0.0,0.0,0.0,-30.25,44.70846280387498,0.0,0,0,0,0
2008-10-21,0.0,-0.0128999941007203,0.0,0.0,0.0,0.0,0.0,0.0,0.0,0.0,0.0,0.0,0.0,-30.25,44.70846280387498,0.0,0,0,0,0
2008-10-22,0.0,-0.0125328819291955,0.0,0.0,0.0,0.0,0.0,0.0,0.0,0.0,0.0,0.0,0.0,-30.25,44.70846280387498,0.0,0,0,0,0
2008-10-23,0.0,-0.0121108474642929,0.0,0.0,0.0,0.0,0.0,0.0,0.0,0.0,0.0,0.0,0.0,-30.25,44.70846280387498,0.0,0,0,0,0
2008-10-24,0.0,-0.0116888129993904,0.0,0.0,0.0,0.0,0.0,0.0,0.0,0.0,0.0,0.0,0.0,-30.25,44.70846280387498,0.0,0,0,0,0
2008-10-27,0.0,-0.0108813589318371,0.0,0.0,0.0,0.0,0.0,0.0,0.0,0.0,0.0,0.0,0.0,-30.25,44.70846280387498,0.0,0,0,0,0
2008-10-28,0.0,-0.0101297907066681,0.0,0.0,0.0,0.0,0.0,0.0,0.0,0.0,0.0,0.0,0.0,-30.25,44.70846280387498,0.0,1,0,0,0
2008-10-29,0.0,-0.0094321812258703,0.0,0.0,0.0,0.0,0.0,0.0,0.0,0.0,0.0,0.0,0.0,-30.25,44.70846280387498,0.0,1,0,0,1
2008-10-30,0.0,-0.0100739048642837,0.0,0.0,0.0,0.0,0.0,0.0,0.0,0.0,0.0,0.0,0.0,-30.25,44.70846280387498,0.0,0,0,0,0
2008-10-31,0.0,-0.0107715143450816,0.0,0.0,0.0,0.0,0.0,0.0,0.0,0.0,0.0,0.0,0.0,-30.25,44.70846280387498,0.0,0,0,0,0
2008-11-03,0.0,-0.0114508163947535,0.0,0.0,0.0,0.0,0.0,0.0,0.0,0.0,0.0,0.0,0.0,-30.25,44.70846280387498,0.0,0,0,0,0
2008-11-04,0.0,-0.0106616697583261,0.0,0.0,0.0,0.0,0.0,0.0,0.0,0.0,0.0,0.0,0.0,-30.25,44.70846280387498,0.0,0,0,0,0
2008-11-05,0.0,-0.0107348994828298,0.0,0.0,0.0,0.0,0.0,0.0,0.0,0.0,0.0,0.0,0.0,-30.25,44.70846280387498,0.0,0,0,0,0
2008-11-06,0.0,-0.0100006751397801,0.0,0.0,0.0,0.0,0.0,0.0,0.0,0.0,0.0,0.0,0.0,-30.25,44.70846280387498,0.0,0,0,0,0
2008-11-07,0.0,-0.009817600828521,0.0,0.0,0.0,0.0,0.0,0.0,0.0,0.0,0.0,0.0,0.0,-30.25,44.70846280387498,0.0,0,0,0,0
2008-11-10,0.0,-0.0103677873113049,0.0,0.0,0.0,0.0,0.0,0.0,0.0,0.0,0.0,0.0,0.0,-30.25,44.70846280387498,0.0,0,0,0,0
2008-11-11,0.0,-0.0096518703993812,0.0,0.0,0.0,0.0,0.0,0.0,0.0,0.0,0.0,0.0,0.0,-30.25,44.70846280387498,0.0,0,0,0,1
2008-11-12,0.0,-0.0091016839165972,0.0,0.0,0.0,0.0,0.0,0.0,0.0,0.0,0.0,0.0,0.0,-30.25,44.70846280387498,0.0,0,0,1,1
2008-11-13,0.0,-0.0084965751404356,0.0,0.0,0.0,0.0,0.0,0.0,0.0,0.0,0.0,0.0,0.0,-30.25,44.70846280387498,0.0,0,0,1,1
2008-11-14,0.0,-0.0008268306702871,0.0,0.0,0.0,0.0,0.0,0.0,0.0,0.0,0.0,0.0,0.0,-35.5,-17.355371900826448,0.0,0,1,1,1
2008-11-17,0.0,-0.000769576205973,0.0,0.0,0.0,0.0,0.0,0.0,0.0,0.0,0.0,0.0,0.0,-35.5,-17.355371900826448,0.0,1,1,1,1
2008-11-18,0.0,-0.0007161320212455,0.0,0.0,0.0,0.0,0.0,0.0,0.0,0.0,0.0,0.0,0.0,-35.5,-17.355371900826448,0.0,1,1,1,1
2008-11-19,0.0,-0.0007600505070065,0.0,0.0,0.0,0.0,0.0,0.0,0.0,0.0,0.0,0.0,0.0,-35.5,-17.355371900826448,0.0,1,1,1,1
2008-11-20,0.0,-0.0007085114620723,0.0,0.0,0.0,0.0,0.0,0.0,0.0,0.0,0.0,0.0,0.0,-35.5,-17.355371900826448,0.0,1,1,1,1
2008-11-21,0.0,-0.00075624022742,0.0,0.0,0.0,0.0,0.0,0.0,0.0,0.0,0.0,0.0,0.0,-35.5,-17.355371900826448,0.0,1,1,1,1
2008-11-24,0.0,-0.0007313731395918,0.0,0.0,0.0,0.0,0.0,0.0,0.0,0.0,0.0,0.0,0.0,-35.5,-17.355371900826448,0.0,1,1,1,1
2008-11-25,0.0,-0.0007485193977314,0.0,0.0,0.0,0.0,0.0,0.0,0.0,0.0,0.0,0.0,0.0,-35.5,-17.355371900826448,0.0,1,1,1,1
2008-11-26,0.0,-0.000800158713181,0.0,0.0,0.0,0.0,0.0,0.0,0.0,0.0,0.0,0.0,0.0,-35.5,-17.355371900826448,0.0,1,1,1,1
2008-11-27,0.0,-0.0008555080377018,0.0,0.0,0.0,0.0,0.0,0.0,0.0,0.0,0.0,0.0,0.0,-35.5,-17.355371900826448,0.0,1,1,1,1
2008-11-28,0.0,-0.0009146676418092,0.0,0.0,0.0,0.0,0.0,0.0,0.0,0.0,0.0,0.0,0.0,-35.5,-17.355371900826448,0.0,0,1,1,1
2008-12-01,0.0,-0.0009490604286038,0.0,0.0,0.0,0.0,0.0,0.0,0.0,0.0,0.0,0.0,0.0,-35.5,-17.355371900826448,0.0,0,1,1,1
2008-12-02,0.0,-0.0008841854051166,0.0,0.0,0.0,0.0,0.0,0.0,0.0,0.0,0.0,0.0,0.0,-35.5,-17.355371900826448,0.0,1,1,1,1
2008-12-03,0.0,-0.0008363563692535,0.0,0.0,0.0,0.0,0.0,0.0,0.0,0.0,0.0,0.0,0.0,-35.5,-17.355371900826448,0.0,1,1,1,1
2008-12-04,0.0,-0.0008230203907005,0.0,0.0,0.0,0.0,0.0,0.0,0.0,0.0,0.0,0.0,0.0,-35.5,-17.355371900826448,0.0,1,1,1,1
2008-12-05,0.0,-0.0008402669193555,0.0,0.0,0.0,0.0,0.0,0.0,0.0,0.0,0.0,0.0,0.0,-35.5,-17.355371900826448,0.0,1,1,1,1
2008-12-08,0.0,-0.0008975213836696,0.0,0.0,0.0,0.0,0.0,0.0,0.0,0.0,0.0,0.0,0.0,-35.5,-17.355371900826448,0.0,1,1,1,1
2008-12-09,0.0,-0.0009013316632562,0.0,0.0,0.0,0.0,0.0,0.0,0.0,0.0,0.0,0.0,0.0,-35.5,-17.355371900826448,0.0,1,1,1,1
2008-12-10,0.0,-0.0009643015469501,0.0,0.0,0.0,0.0,0.0,0.0,0.0,0.0,0.0,0.0,0.0,-35.5,-17.355371900826448,0.0,1,1,1,1
2008-12-11,0.0,-0.0009720223766387,0.0,0.0,0.0,0.0,0.0,0.0,0.0,0.0,0.0,0.0,0.0,-35.5,-17.355371900826448,0.0,1,1,1,1
2008-12-12,0.0,-0.0009165727816025,0.0,0.0,0.0,0.0,0.0,0.0,0.0,0.0,0.0,0.0,0.0,-35.5,-17.355371900826448,0.0,1,1,1,1
2008-12-15,0.0,-0.0009623964071568,0.0,0.0,0.0,0.0,0.0,0.0,0.0,0.0,0.0,0.0,0.0,-35.5,-17.355371900826448,0.0,1,1,1,1
2008-12-16,0.0,-0.0010292768409528,0.0,0.0,0.0,0.0,0.0,0.0,0.0,0.0,0.0,0.0,0.0,-35.5,-17.355371900826448,0.0,1,1,1,1
2008-12-17,0.0,-0.0010693850471273,0.0,0.0,0.0,0.0,0.0,0.0,0.0,0.0,0.0,0.0,0.0,-35.5,-17.355371900826448,0.0,1,1,1,1
2008-12-18,0.0,-0.0011438860400964,0.0,0.0,0.0,0.0,0.0,0.0,0.0,0.0,0.0,0.0,0.0,-35.5,-17.355371900826448,0.0,0,0,1,1
2008-12-19,0.0,-0.0012220970421367,0.0,0.0,0.0,0.0,0.0,0.0,0.0,0.0,0.0,0.0,0.0,-35.5,-17.355371900826448,0.0,0,0,0,0
2008-12-22,0.0,-0.0012220970421367,0.0,0.0,0.0,0.0,0.0,0.0,0.0,0.0,0.0,0.0,0.0,-35.5,-17.355371900826448,0.0,0,0,0,0
2008-12-23,0.0,-0.0011381706207165,0.0,0.0,0.0,0.0,0.0,0.0,0.0,0.0,0.0,0.0,0.0,-35.5,-17.355371900826448,0.0,1,0,1,1
2008-12-24,0.0,-0.0011037778339219,0.0,0.0,0.0,0.0,0.0,0.0,0.0,0.0,0.0,0.0,0.0,-35.5,-17.355371900826448,0.0,1,1,1,1
2008-12-25,0.0,-0.0011266395114414,0.0,0.0,0.0,0.0,0.0,0.0,0.0,0.0,0.0,0.0,0.0,-35.5,-17.355371900826448,0.0,1,0,1,1
2008-12-26,0.0,-0.0011037778339219,0.0,0.0,0.0,0.0,0.0,0.0,0.0,0.0,0.0,0.0,0.0,-35.5,-17.355371900826448,0.0,1,1,1,1
2008-12-29,0.0,-0.0010884364450602,0.0,0.0,0.0,0.0,0.0,0.0,0.0,0.0,0.0,0.0,0.0,-35.5,-17.355371900826448,0.0,1,1,1,1
2008-12-30,0.0,-0.0011629374380293,0.0,0.0,0.0,0.0,0.0,0.0,0.0,0.0,0.0,0.0,0.0,-35.5,-17.355371900826448,0.0,0,0,1,1
2008-12-31,0.0,-0.0011534117390628,0.0,0.0,0.0,0.0,0.0,0.0,0.0,0.0,0.0,0.0,0.0,-35.5,-17.355371900826448,0.0,0,0,1,1
2009-01-05,0.0,-0.0011705579972024,0.0,0.0,0.0,0.0,0.0,0.0,0.0,0.0,0.0,0.0,0.0,-35.5,-17.355371900826448,0.0,0,0,1,1
2009-01-06,0.0,-0.0012241024524454,0.0,0.0,0.0,0.0,0.0,0.0,0.0,0.0,0.0,0.0,0.0,-35.5,-17.355371900826448,0.0,0,0,0,1
2009-01-07,0.0,-0.0012393435707917,0.0,0.0,0.0,0.0,-32.14,0.0,0.0,0.0,0.0,0.0,0.0,-35.5,-17.355371900826448,0.0,0,0,0,0
2009-01-08,0.0,-0.0011534117390628,0.0,0.0,0.0,0.0,-32.14,0.0,0.0,0.0,0.0,0.0,0.0,-35.5,-17.355371900826448,0.0,0,0,1,1
2009-01-09,0.0,-0.0011648425778226,0.0,0.0,0.0,0.0,-32.14,0.0,0.0,0.0,0.0,0.0,0.0,-35.5,-17.355371900826448,0.0,0,0,1,1
2009-01-10,0.0,-0.0010884364450602,0.0,0.0,0.0,0.0,-32.14,0.0,0.0,0.0,0.0,0.0,0.0,-35.5,-17.355371900826448,0.0,0,1,1,1
2009-01-12,0.0,-0.0010598593481608,0.0,0.0,0.0,0.0,-32.14,0.0,0.0,0.0,0.0,0.0,0.0,-35.5,-17.355371900826448,0.0,1,1,1,1
2009-01-13,0.0,-0.001050233378679,0.0,0.0,0.0,0.0,-32.14,0.0,0.0,0.0,0.0,0.0,0.0,-35.5,-17.355371900826448,0.0,1,1,1,1
2009-01-14,0.0,-0.0011228292318548,0.0,0.0,0.0,0.0,-32.14,0.0,0.0,0.0,0.0,0.0,0.0,-35.5,-17.355371900826448,0.0,0,1,1,1
2009-01-15,0.0,-0.0010445179592991,0.0,0.0,0.0,0.0,-32.14,0.0,0.0,0.0,0.0,0.0,0.0,-35.5,-17.355371900826448,0.0,1,1,1,1
2009-01-16,0.0,-0.001054143928781,0.0,0.0,0.0,0.0,-32.14,0.0,0.0,0.0,0.0,0.0,0.0,-35.5,-17.355371900826448,0.0,1,1,1,1
2009-01-17,0.0,-0.0010655747675407,0.0,0.0,0.0,0.0,-32.14,0.0,0.0,0.0,0.0,0.0,0.0,-35.5,-17.355371900826448,0.0,1,1,1,1
2009-01-19,0.0,-0.0011190189522682,0.0,0.0,0.0,0.0,-32.14,0.0,0.0,0.0,0.0,0.0,0.0,-35.5,-17.355371900826448,0.0,1,1,1,1
2009-01-20,0.0,-0.0010731953267139,0.0,0.0,0.0,0.0,-32.14,0.0,0.0,0.0,0.0,0.0,0.0,-35.5,-17.355371900826448,0.0,1,1,1,1
2009-01-21,0.0,-0.0010731953267139,0.0,0.0,0.0,0.0,-32.14,0.0,0.0,0.0,0.0,0.0,0.0,-35.5,-17.355371900826448,0.0,1,1,1,1
2009-02-02,0.0,-0.001147696319683,0.0,0.0,0.0,0.0,-32.14,0.0,0.0,0.0,0.0,0.0,0.0,-35.5,-17.355371900826448,0.0,1,1,1,1
2009-02-03,0.0,-0.0012182867625501,0.0,0.0,0.0,0.0,-32.14,0.0,0.0,0.0,0.0,0.0,0.0,-35.5,-17.355371900826448,0.0,1,1,1,1
2009-02-04,0.0,-0.001174368276789,0.0,0.0,0.0,0.0,-32.14,0.0,0.0,0.0,0.0,0.0,0.0,-35.5,-17.355371900826448,0.0,1,1,1,1
2009-02-05,0.0,-0.0011897096656508,0.0,0.0,0.0,0.0,-32.14,0.0,0.0,0.0,0.0,0.0,0.0,-35.5,-17.355371900826448,0.0,1,1,1,1
2009-02-06,0.0,-0.0012431538503783,0.0,0.0,0.0,0.0,-32.14,0.0,0.0,0.0,0.0,0.0,0.0,-35.5,-17.355371900826448,0.0,1,0,1,1
2009-02-09,0.0,-0.0012049507839971,0.0,0.0,0.0,0.0,0.0,0.0,0.0,0.0,0.0,0.0,0.0,-35.5,-17.355371900826448,0.0,1,1,1,1
2009-02-10,0.0,-0.0012889774759326,0.0,0.0,0.0,0.0,0.0,0.0,0.0,0.0,0.0,0.0,0.0,-35.5,-17.355371900826448,0.0,0,0,0,1
2009-02-11,0.0,-0.0013710990280749,0.0,0.0,0.0,0.0,0.0,0.0,0.0,0.0,0.0,0.0,0.0,-35.5,-17.355371900826448,0.0,0,0,0,0
2009-02-12,0.0,-0.0013080288738655,0.0,0.0,0.0,0.0,0.0,0.0,0.0,0.0,0.0,0.0,0.0,-35.5,-17.355371900826448,0.0,0,0,0,1
2009-02-13,0.0,-0.0013462319402467,0.0,0.0,0.0,0.0,0.0,0.0,0.0,0.0,0.0,0.0,0.0,-35.5,-17.355371900826448,0.0,0,0,0,0
2009-02-16,0.0,-0.004945644846494,0.0,0.0,0.0,0.0,0.0,0.0,0.0,0.0,0.0,0.0,0.0,-93.52,-163.43661971830986,0.0,0,0,0,1
2009-02-17,0.0,-0.0046063307692527,0.0,0.0,0.0,0.0,0.0,0.0,0.0,0.0,0.0,0.0,0.0,-93.52,-163.43661971830986,0.0,0,0,1,1
2009-02-18,0.0,-0.004584720822434,0.0,0.0,0.0,0.0,0.0,0.0,0.0,0.0,0.0,0.0,0.0,-93.52,-163.43661971830986,0.0,1,0,1,1
2009-02-19,0.0,-0.004584720822434,0.0,0.0,0.0,0.0,0.0,0.0,0.0,0.0,0.0,0.0,0.0,-93.52,-163.43661971830986,0.0,1,0,1,1
2009-02-20,0.0,-0.0047075563096141,0.0,0.0,0.0,0.0,0.0,0.0,0.0,0.0,0.0,0.0,0.0,-93.52,-163.43661971830986,0.0,0,0,1,1
2009-02-23,0.0,-0.0049820405463992,0.0,0.0,0.0,0.0,0.0,0.0,0.0,0.0,0.0,0.0,0.0,-93.52,-163.43661971830986,0.0,0,0,1,1
2009-02-24,0.0,-0.0048159851655817,0.0,0.0,0.0,0.0,0.0,0.0,0.0,0.0,0.0,0.0,0.0,-93.52,-163.43661971830986,0.0,0,0,1,1
2009-02-25,0.0,-0.0047291662564328,0.0,0.0,0.0,0.0,0.0,0.0,0.0,0.0,0.0,0.0,0.0,-93.52,-163.43661971830986,0.0,0,0,1,1
2009-02-26,0.0,-0.004613534084859,0.0,0.0,0.0,0.0,0.0,0.0,0.0,0.0,0.0,0.0,0.0,-93.52,-163.43661971830986,0.0,0,0,1,1
2009-02-27,0.0,-0.0046283198379455,0.0,0.0,0.0,0.0,0.0,0.0,0.0,0.0,0.0,0.0,0.0,-93.52,-163.43661971830986,0.0,0,0,1,1
2009-03-02,0.0,-0.0043322256543416,0.0,0.0,0.0,0.0,0.0,0.0,0.0,0.0,0.0,0.0,0.0,-93.52,-163.43661971830986,0.0,0,1,1,1
2009-03-03,0.0,-0.0043178190231292,0.0,0.0,0.0,0.0,0.0,0.0,0.0,0.0,0.0,0.0,0.0,-93.52,-163.43661971830986,0.0,1,1,1,1
2009-03-04,0.0,-0.0045919241380402,0.0,0.0,0.0,0.0,0.0,0.0,0.0,0.0,0.0,0.0,0.0,-93.52,-163.43661971830986,0.0,0,1,1,1
2009-03-05,0.0,-0.0046207374004652,0.0,0.0,0.0,0.0,0.0,0.0,0.0,0.0,0.0,0.0,0.0,-93.52,-163.43661971830986,0.0,0,1,1,1
2009-03-06,0.0,-0.0043538356011603,0.0,0.0,0.0,0.0,0.0,0.0,0.0,0.0,0.0,0.0,0.0,-93.52,-163.43661971830986,0.0,1,1,1,1
2009-03-09,0.0,-0.0042021868515553,0.0,0.0,0.0,0.0,0.0,0.0,0.0,0.0,0.0,0.0,0.0,-93.52,-163.43661971830986,0.0,1,1,1,1
2009-03-10,0.0,-0.0043034123919167,0.0,0.0,0.0,0.0,0.0,0.0,0.0,0.0,0.0,0.0,0.0,-93.52,-163.43661971830986,0.0,1,1,1,1
2009-03-11,0.0,-0.0042021868515553,0.0,0.0,0.0,0.0,0.0,0.0,0.0,0.0,0.0,0.0,0.0,-93.52,-163.43661971830986,0.0,1,1,1,1
2009-03-12,0.0,-0.0042021868515553,0.0,0.0,0.0,0.0,0.0,0.0,0.0,0.0,0.0,0.0,0.0,-93.52,-163.43661971830986,0.0,1,1,1,1
2009-03-13,0.0,-0.0043250223387354,0.0,0.0,0.0,0.0,0.0,0.0,0.0,0.0,0.0,0.0,0.0,-93.52,-163.43661971830986,0.0,1,1,1,1
2009-03-16,0.0,-0.0043826488635853,0.0,0.0,0.0,0.0,0.0,0.0,0.0,0.0,0.0,0.0,0.0,-93.52,-163.43661971830986,0.0,1,1,1,1
2009-03-17,0.0,-0.0045342976131903,0.0,0.0,0.0,0.0,0.0,0.0,0.0,0.0,0.0,0.0,0.0,-93.52,-163.43661971830986,0.0,1,1,1,1
2009-03-18,0.0,-0.0046499297847642,0.0,0.0,0.0,0.0,0.0,0.0,0.0,0.0,0.0,0.0,0.0,-93.52,-163.43661971830986,0.0,1,1,1,1
2009-03-19,0.0,-0.0045415009287966,0.0,0.0,0.0,0.0,0.0,0.0,0.0,0.0,0.0,0.0,0.0,-93.52,-163.43661971830986,0.0,1,1,1,1
2009-03-20,0.0,-0.0044618853352539,0.0,0.0,0.0,0.0,0.0,0.0,0.0,0.0,0.0,0.0,0.0,-93.52,-163.43661971830986,0.0,1,1,1,1
2009-03-23,0.0,-0.0045631108756153,0.0,0.0,0.0,0.0,0.0,0.0,0.0,0.0,0.0,0.0,0.0,-93.52,-163.43661971830986,0.0,1,1,1,1
2009-03-24,0.0,-0.004613534084859,0.0,0.0,0.0,0.0,0.0,0.0,0.0,0.0,0.0,0.0,0.0,-93.52,-163.43661971830986,0.0,1,1,1,1
2009-03-25,0.0,-0.0049312382152815,0.0,0.0,0.0,0.0,0.0,0.0,0.0,0.0,0.0,0.0,0.0,-93.52,-163.43661971830986,0.0,1,1,1,0
2009-03-26,0.0,-0.0052705522925228,0.0,0.0,0.0,0.0,0.0,0.0,0.0,0.0,0.0,0.0,0.0,-93.52,-163.43661971830986,0.0,1,1,1,0
2009-03-27,0.0,-0.005639058754063,0.0,0.0,0.0,0.0,0.0,0.0,0.0,0.0,0.0,0.0,0.0,-93.52,-163.43661971830986,0.0,1,1,0,0
2009-03-30,0.0,-0.0060143894093354,0.0,0.0,0.0,0.0,0.0,0.0,0.0,0.0,0.0,0.0,0.0,-93.52,-163.43661971830986,0.0,0,0,0,0
2009-03-31,0.0,-0.0055954597385515,0.0,0.0,0.0,0.0,0.0,0.0,0.0,0.0,0.0,0.0,0.0,-93.52,-163.43661971830986,0.0,1,1,0,0
2009-04-01,0.0,-0.0059855761469105,0.0,0.0,0.0,0.0,0.0,0.0,0.0,0.0,0.0,0.0,0.0,-93.52,-163.43661971830986,0.0,0,0,0,0
2009-04-02,0.0,-0.0057399051725503,0.0,0.0,0.0,0.0,0.0,0.0,0.0,0.0,0.0,0.0,0.0,-93.52,-163.43661971830986,0.0,1,1,0,0
2009-04-03,0.0,-0.0057254985413378,0.0,0.0,0.0,0.0,0.0,0.0,0.0,0.0,0.0,0.0,0.0,-93.52,-163.43661971830986,0.0,1,1,0,0
2009-04-06,0.0,-0.0053645745172779,0.0,0.0,0.0,0.0,0.0,0.0,0.0,0.0,0.0,0.0,0.0,-93.52,-163.43661971830986,0.0,1,1,0,0
2009-04-07,0.0,-0.0056894819633066,0.0,0.0,0.0,0.0,-34.72,0.0,0.0,0.0,0.0,0.0,0.0,-93.52,-163.43661971830986,0.0,1,0,0,0
2009-04-08,0.0,-0.005639058754063,0.0,0.0,0.0,0.0,-34.72,0.0,0.0,0.0,0.0,0.0,0.0,-93.52,-163.43661971830986,0.0,1,0,0,0
2009-04-09,0.0,-0.0059639662000917,0.0,0.0,0.0,0.0,-34.72,0.0,0.0,0.0,0.0,0.0,0.0,-93.52,-163.43661971830986,0.0,1,0,0,0
2009-04-10,0.0,-0.005790707503668,0.0,0.0,0.0,0.0,-34.72,0.0,0.0,0.0,0.0,0.0,0.0,-93.52,-163.43661971830986,0.0,1,0,0,0
2009-04-13,0.0,-0.0058987572377616,0.0,0.0,0.0,0.0,-34.72,0.0,0.0,0.0,0.0,0.0,0.0,-93.52,-163.43661971830986,0.0,1,0,0,0
2009-04-14,0.0,-0.0062164613681841,0.0,0.0,0.0,0.0,-34.72,0.0,0.0,0.0,0.0,0.0,0.0,-93.52,-163.43661971830986,0.0,0,0,0,0
2009-04-15,0.0,-0.0060359993561541,0.0,0.0,0.0,0.0,-34.72,0.0,0.0,0.0,0.0,0.0,0.0,-93.52,-163.43661971830986,0.0,0,0,0,0
2009-04-16,0.0,-0.006454929026938,0.0,0.0,0.0,0.0,-34.72,0.0,0.0,0.0,0.0,0.0,0.0,-93.52,-163.43661971830986,0.0,0,0,0,0
2009-04-17,0.0,-0.0060359993561541,0.0,0.0,0.0,0.0,-34.72,0.0,0.0,0.0,0.0,0.0,0.0,-93.52,-163.43661971830986,0.0,0,0,0,0
2009-04-20,0.0,-0.0056174488072443,0.0,0.0,0.0,0.0,-34.72,0.0,0.0,0.0,0.0,0.0,0.0,-93.52,-163.43661971830986,0.0,0,0,0,0
2009-04-21,0.0,-0.0056462620696692,0.0,0.0,0.0,0.0,-34.72,0.0,0.0,0.0,0.0,0.0,0.0,-93.52,-163.43661971830986,0.0,0,0,0,0
2009-04-22,0.0,-0.0060359993561541,0.0,0.0,0.0,0.0,-34.72,0.0,0.0,0.0,0.0,0.0,0.0,-93.52,-163.43661971830986,0.0,0,0,0,0
2009-04-23,0.0,-0.006454929026938,0.0,0.0,0.0,0.0,-34.72,0.0,0.0,0.0,0.0,0.0,0.0,-93.52,-163.43661971830986,0.0,0,0,0,0
2009-04-24,0.0,-0.0060576093029729,0.0,0.0,0.0,0.0,-34.72,0.0,0.0,0.0,0.0,0.0,0.0,-93.52,-163.43661971830986,0.0,0,0,0,0
2009-04-27,0.0,-0.005639058754063,0.0,0.0,0.0,0.0,-34.72,0.0,0.0,0.0,0.0,0.0,0.0,-93.52,-163.43661971830986,0.0,0,0,0,0
2009-04-28,0.0,-0.005248942345704,0.0,0.0,0.0,0.0,-34.72,0.0,0.0,0.0,0.0,0.0,0.0,-93.52,-163.43661971830986,0.0,0,0,0,0
2009-04-29,0.0,-0.0050252604400366,0.0,0.0,0.0,0.0,-34.72,0.0,0.0,0.0,0.0,0.0,0.0,-93.52,-163.43661971830986,0.0,0,0,0,0
2009-04-30,0.0,-0.0053717778328841,0.0,0.0,0.0,0.0,-34.72,0.0,0.0,0.0,0.0,0.0,0.0,-93.52,-163.43661971830986,0.0,0,0,0,0
2009-05-04,0.0,-0.005429404357734,0.0,0.0,0.0,0.0,-34.72,0.0,0.0,0.0,0.0,0.0,0.0,-93.52,-163.43661971830986,0.0,0,0,0,0
2009-05-05,0.0,-0.0050540737024616,0.0,0.0,0.0,0.0,-34.72,0.0,0.0,0.0,0.0,0.0,0.0,-93.52,-163.43661971830986,0.0,0,0,0,0
2009-05-06,0.0,-0.0047003529940078,0.0,0.0,0.0,0.0,-34.72,0.0,0.0,0.0,0.0,0.0,0.0,-93.52,-163.43661971830986,0.0,0,0,0,0
2009-05-07,0.0,-0.0043826488635853,0.0,0.0,0.0,0.0,0.0,0.0,0.0,0.0,0.0,0.0,0.0,-93.52,-163.43661971830986,0.0,1,1,0,0
2009-05-08,0.0,-0.0045126876663716,0.0,0.0,0.0,0.0,0.0,0.0,0.0,0.0,0.0,0.0,0.0,-93.52,-163.43661971830986,0.0,0,0,0,0
2009-05-11,0.0,-0.0044546820196477,0.0,0.0,0.0,0.0,0.0,0.0,0.0,0.0,0.0,0.0,0.0,-93.52,-163.43661971830986,0.0,1,0,0,0
2009-05-12,0.0,-0.0046063307692527,0.0,0.0,0.0,0.0,0.0,0.0,0.0,0.0,0.0,0.0,0.0,-93.52,-163.43661971830986,0.0,0,0,0,0
2009-05-13,0.0,-0.0045415009287966,0.0,0.0,0.0,0.0,0.0,0.0,0.0,0.0,0.0,0.0,0.0,-93.52,-163.43661971830986,0.0,0,0,0,0
2009-05-14,0.0,-0.0044910777195529,0.0,0.0,0.0,0.0,0.0,0.0,0.0,0.0,0.0,0.0,0.0,-93.52,-163.43661971830986,0.0,0,0,0,0
2009-05-15,0.0,-0.0079901181062848,0.0,0.0,0.0,0.0,0.0,0.0,0.0,0.0,0.0,0.0,0.0,-113.86,-21.74935842600513,0.0,0,0,0,0
2009-05-18,0.0,-0.0077220383174478,0.0,0.0,0.0,0.0,0.0,0.0,0.0,0.0,0.0,0.0,0.0,-113.86,-21.74935842600513,0.0,0,0,0,0
2009-05-19,0.0,-0.0080410532661638,0.0,0.0,0.0,0.0,0.0,0.0,0.0,0.0,0.0,0.0,0.0,-113.86,-21.74935842600513,0.0,0,0,0,0
2009-05-20,0.0,-0.007977384316315,0.0,0.0,0.0,0.0,0.0,0.0,0.0,0.0,0.0,0.0,0.0,-113.86,-21.74935842600513,0.0,0,0,0,0
2009-05-21,0.0,-0.0078493762171454,0.0,0.0,0.0,0.0,0.0,0.0,0.0,0.0,0.0,0.0,0.0,-113.86,-21.74935842600513,0.0,0,0,0,0
2009-05-22,0.0,-0.0078366424271756,0.0,0.0,0.0,0.0,0.0,0.0,0.0,0.0,0.0,0.0,0.0,-113.86,-21.74935842600513,0.0,0,0,0,0
2009-05-25,0.0,-0.0077984410572663,0.0,0.0,0.0,0.0,0.0,0.0,0.0,0.0,0.0,0.0,0.0,-113.86,-21.74935842600513,0.0,0,0,0,0
2009-05-26,0.0,-0.0077857072672966,0.0,0.0,0.0,0.0,0.0,0.0,0.0,0.0,0.0,0.0,0.0,-113.86,-21.74935842600513,0.0,0,0,0,0
2009-05-27,0.0,-0.0077220383174478,0.0,0.0,0.0,0.0,0.0,0.0,0.0,0.0,0.0,0.0,0.0,-113.86,-21.74935842600513,0.0,0,0,0,0
2009-06-01,0.0,-0.0074030233687319,0.0,0.0,0.0,0.0,0.0,0.0,0.0,0.0,0.0,0.0,0.0,-113.86,-21.74935842600513,0.0,1,0,0,0
2009-06-02,0.0,-0.0075303612684294,0.0,0.0,0.0,0.0,0.0,0.0,0.0,0.0,0.0,0.0,0.0,-113.86,-21.74935842600513,0.0,0,0,0,0
2009-06-03,0.0,-0.0074921598985202,0.0,0.0,0.0,0.0,0.0,0.0,0.0,0.0,0.0,0.0,0.0,-113.86,-21.74935842600513,0.0,0,0,0,0
2009-06-04,0.0,-0.0077857072672966,0.0,0.0,0.0,0.0,0.0,0.0,0.0,0.0,0.0,0.0,0.0,-113.86,-21.74935842600513,0.0,0,0,0,0
2009-06-05,0.0,-0.0078239086372059,0.0,0.0,0.0,0.0,0.0,0.0,0.0,0.0,0.0,0.0,0.0,-113.86,-21.74935842600513,0.0,0,0,0,0
2009-06-06,0.0,-0.0077984410572663,0.0,0.0,0.0,0.0,0.0,0.0,0.0,0.0,0.0,0.0,0.0,-113.86,-21.74935842600513,0.0,0,0,0,0
2009-06-08,0.0,-0.007658369367599,0.0,0.0,0.0,0.0,0.0,0.0,0.0,0.0,0.0,0.0,0.0,-113.86,-21.74935842600513,0.0,0,0,0,0
2009-06-09,0.0,-0.0074794261085504,0.0,0.0,0.0,0.0,0.0,0.0,0.0,0.0,0.0,0.0,0.0,-113.86,-21.74935842600513,0.0,0,0,0,0
2009-06-10,0.0,-0.0072113463197135,0.0,0.0,0.0,0.0,0.0,0.0,0.0,0.0,0.0,0.0,0.0,-113.86,-21.74935842600513,0.0,0,0,0,0
2009-06-11,0.0,-0.0075940302182782,0.0,0.0,0.0,0.0,0.0,0.0,0.0,0.0,0.0,0.0,0.0,-113.86,-21.74935842600513,0.0,0,0,0,0
2009-06-12,0.0,-0.0074030233687319,0.0,0.0,0.0,0.0,0.0,0.0,0.0,0.0,0.0,0.0,0.0,-113.86,-21.74935842600513,0.0,0,0,0,0
2009-06-15,0.0,-0.0068923313709975,0.0,0.0,0.0,0.0,0.0,0.0,0.0,0.0,0.0,0.0,0.0,-113.86,-21.74935842600513,0.0,0,0,1,0
2009-06-16,0.0,-0.0065096474724328,0.0,0.0,0.0,0.0,0.0,0.0,0.0,0.0,0.0,0.0,0.0,-113.86,-21.74935842600513,0.0,0,1,1,0
2009-06-17,0.0,-0.0060626244245472,0.0,0.0,0.0,0.0,0.0,0.0,0.0,0.0,0.0,0.0,0.0,-113.86,-21.74935842600513,0.0,1,1,1,1
2009-06-18,0.0,-0.0056417391560732,0.0,0.0,0.0,0.0,0.0,0.0,0.0,0.0,0.0,0.0,0.0,-113.86,-21.74935842600513,0.0,1,1,1,1
2009-06-19,0.0,-0.0057436094758313,0.0,0.0,0.0,0.0,0.0,0.0,0.0,0.0,0.0,0.0,0.0,-113.86,-21.74935842600513,0.0,1,1,1,1
2009-06-22,0.0,-0.0058709473755288,0.0,0.0,0.0,0.0,0.0,0.0,0.0,0.0,0.0,0.0,0.0,-113.86,-21.74935842600513,0.0,1,1,1,1
2009-06-23,0.0,-0.0062797690535051,0.0,0.0,0.0,0.0,0.0,0.0,0.0,0.0,0.0,0.0,0.0,-113.86,-21.74935842600513,0.0,1,1,1,1
2009-06-24,0.0,-0.0067133881119489,0.0,0.0,0.0,0.0,0.0,0.0,0.0,0.0,0.0,0.0,0.0,-113.86,-21.74935842600513,0.0,1,1,0,0
2009-06-25,0.0,-0.0071731449498042,0.0,0.0,0.0,0.0,0.0,0.0,0.0,0.0,0.0,0.0,0.0,-113.86,-21.74935842600513,0.0,0,0,0,0
2009-06-26,0.0,-0.0071731449498042,0.0,0.0,0.0,0.0,0.0,0.0,0.0,0.0,0.0,0.0,0.0,-113.86,-21.74935842600513,0.0,0,0,0,0
2009-06-29,0.0,-0.0068413962111185,0.0,0.0,0.0,0.0,0.0,0.0,0.0,0.0,0.0,0.0,0.0,-113.86,-21.74935842600513,0.0,1,1,0,0
2009-06-30,0.0,-0.0065478488423421,0.0,0.0,0.0,0.0,0.0,0.0,0.0,0.0,0.0,0.0,0.0,-113.86,-21.74935842600513,0.0,1,1,0,0
2009-07-01,0.0,-0.0069942016907555,0.0,0.0,0.0,0.0,0.0,0.0,0.0,0.0,0.0,0.0,0.0,-113.86,-21.74935842600513,0.0,1,1,0,0
2009-07-02,0.0,-0.0074794261085504,0.0,0.0,0.0,0.0,0.0,0.0,0.0,0.0,0.0,0.0,0.0,-113.86,-21.74935842600513,0.0,0,0,0,0
2009-07-03,0.0,-0.0075812964283084,0.0,0.0,0.0,0.0,0.0,0.0,0.0,0.0,0.0,0.0,0.0,-113.86,-21.74935842600513,0.0,0,0,0,0
2009-07-06,0.0,-0.007658369367599,0.0,0.0,0.0,0.0,0.0,0.0,0.0,0.0,0.0,0.0,0.0,-113.86,-21.74935842600513,0.0,0,0,0,0
2009-07-07,0.0,-0.0073004828495017,0.0,0.0,0.0,0.0,-24.92,0.0,0.0,0.0,0.0,0.0,0.0,-113.86,-21.74935842600513,0.0,0,0,0,0
2009-07-08,0.0,-0.0069942016907555,0.0,0.0,0.0,0.0,-24.92,0.0,0.0,0.0,0.0,0.0,0.0,-113.86,-21.74935842600513,0.0,0,1,0,0
2009-07-09,0.0,-0.0070196692706951,0.0,0.0,0.0,0.0,-24.92,0.0,0.0,0.0,0.0,0.0,0.0,-113.86,-21.74935842600513,0.0,0,1,0,0
2009-07-10,0.0,-0.0068923313709975,0.0,0.0,0.0,0.0,-24.92,0.0,0.0,0.0,0.0,0.0,0.0,-113.86,-21.74935842600513,0.0,1,1,0,0
2009-07-13,0.0,-0.0064587123125538,0.0,0.0,0.0,0.0,-24.92,0.0,0.0,0.0,0.0,0.0,0.0,-113.86,-21.74935842600513,0.0,1,1,0,1
2009-07-14,0.0,-0.0066369853721303,0.0,0.0,0.0,0.0,-24.92,0.0,0.0,0.0,0.0,0.0,0.0,-113.86,-21.74935842600513,0.0,1,1,0,1
2009-07-15,0.0,-0.0067649934713,0.0,0.0,0.0,0.0,-24.92,0.0,0.0,0.0,0.0,0.0,0.0,-113.86,-21.74935842600513,0.0,1,1,0,1
2009-07-16,0.0,-0.0069942016907555,0.0,0.0,0.0,0.0,-24.92,0.0,0.0,0.0,0.0,0.0,0.0,-113.86,-21.74935842600513,0.0,1,0,0,0
2009-07-17,0.0,-0.0070585408400764,0.0,0.0,0.0,0.0,-24.92,0.0,0.0,0.0,0.0,0.0,0.0,-113.86,-21.74935842600513,0.0,1,0,0,0
2009-07-20,0.0,-0.0070967422099857,0.0,0.0,0.0,0.0,-24.92,0.0,0.0,0.0,0.0,0.0,0.0,-113.86,-21.74935842600513,0.0,1,0,0,0
2009-07-21,0.0,-0.0072113463197135,0.0,0.0,0.0,0.0,-24.92,0.0,0.0,0.0,0.0,0.0,0.0,-113.86,-21.74935842600513,0.0,1,0,0,0
2009-07-22,0.0,-0.0075176274784597,0.0,0.0,0.0,0.0,-24.92,0.0,0.0,0.0,0.0,0.0,0.0,-113.86,-21.74935842600513,0.0,1,0,0,0
2009-07-23,0.0,-0.0071476773698647,0.0,0.0,0.0,0.0,-24.92,0.0,0.0,0.0,0.0,0.0,0.0,-113.86,-21.74935842600513,0.0,1,0,0,0
2009-07-24,0.0,-0.0075940302182782,0.0,0.0,0.0,0.0,-24.92,0.0,0.0,0.0,0.0,0.0,0.0,-113.86,-21.74935842600513,0.0,1,0,0,0
2009-07-27,0.0,-0.0081174560059823,0.0,0.0,0.0,0.0,-24.92,0.0,0.0,0.0,0.0,0.0,0.0,-113.86,-21.74935842600513,0.0,0,0,0,0
2009-07-28,0.0,-0.0085390114739284,0.0,0.0,0.0,0.0,-24.92,0.0,0.0,0.0,0.0,0.0,0.0,-113.86,-21.74935842600513,0.0,0,0,0,0
2009-07-29,0.0,-0.0079519167363755,0.0,0.0,0.0,0.0,-24.92,0.0,0.0,0.0,0.0,0.0,0.0,-113.86,-21.74935842600513,0.0,0,0,0,0
2009-07-30,0.0,-0.0076329017876595,0.0,0.0,0.0,0.0,-24.92,0.0,0.0,0.0,0.0,0.0,0.0,-113.86,-21.74935842600513,0.0,0,0,0,0
2009-07-31,0.0,-0.0074794261085504,0.0,0.0,0.0,0.0,-24.92,0.0,0.0,0.0,0.0,0.0,0.0,-113.86,-21.74935842600513,0.0,0,0,0,0
2009-08-03,0.0,-0.0075940302182782,0.0,0.0,0.0,0.0,-24.92,0.0,0.0,0.0,0.0,0.0,0.0,-113.86,-21.74935842600513,0.0,0,0,0,0
2009-08-04,0.0,-0.0079009815764965,0.0,0.0,0.0,0.0,-24.92,0.0,0.0,0.0,0.0,0.0,0.0,-113.86,-21.74935842600513,0.0,0,0,0,0
2009-08-05,0.0,-0.0077347721074176,0.0,0.0,0.0,0.0,-24.92,0.0,0.0,0.0,0.0,0.0,0.0,-113.86,-21.74935842600513,0.0,0,0,0,0
2009-08-06,0.0,-0.0073648219988226,0.0,0.0,0.0,0.0,-24.92,0.0,0.0,0.0,0.0,0.0,0.0,-113.86,-21.74935842600513,0.0,0,0,0,1
2009-08-10,0.0,-0.007658369367599,0.0,0.0,0.0,0.0,0.0,0.0,0.0,0.0,0.0,0.0,0.0,-113.86,-21.74935842600513,0.0,0,0,0,0
2009-08-11,0.0,-0.0074921598985202,0.0,0.0,0.0,0.0,0.0,0.0,0.0,0.0,0.0,0.0,0.0,-113.86,-21.74935842600513,0.0,0,0,0,0
2009-08-12,0.0,-0.0075940302182782,0.0,0.0,0.0,0.0,0.0,0.0,0.0,0.0,0.0,0.0,0.0,-113.86,-21.74935842600513,0.0,0,0,0,0
2009-08-13,0.0,-0.0,0.0,0.0,0.0,0.0,0.0,0.0,0.0,0.0,0.0,0.0,0.0,-113.86,-21.74935842600513,0.0,1,1,1,1
2009-08-14,0.0,-0.0,0.0,0.0,0.0,0.0,0.0,0.0,0.0,0.0,0.0,0.0,0.0,-46.22,59.40628842438082,0.0,1,1,1,1
2009-08-17,0.0,-0.0,0.0,0.0,0.0,0.0,0.0,0.0,0.0,0.0,0.0,0.0,0.0,-46.22,59.40628842438082,0.0,1,1,1,1
2009-08-18,0.0,-0.0,0.0,0.0,0.0,0.0,0.0,0.0,0.0,0.0,0.0,0.0,0.0,-46.22,59.40628842438082,0.0,1,1,1,1
2009-08-19,0.0,-0.0,0.0,0.0,0.0,0.0,0.0,0.0,0.0,0.0,0.0,0.0,0.0,-46.22,59.40628842438082,0.0,1,1,1,1
2009-08-20,0.0,-0.0,0.0,0.0,0.0,0.0,0.0,0.0,0.0,0.0,0.0,0.0,0.0,-46.22,59.40628842438082,0.0,1,1,1,1
2009-08-21,0.0,-0.0,0.0,0.0,0.0,0.0,0.0,0.0,0.0,0.0,0.0,0.0,0.0,-46.22,59.40628842438082,0.0,1,1,1,1
2009-08-24,0.0,-0.0,0.0,0.0,0.0,0.0,0.0,0.0,0.0,0.0,0.0,0.0,0.0,-46.22,59.40628842438082,0.0,1,1,1,1
2009-08-25,0.0,-0.0,0.0,0.0,0.0,0.0,0.0,0.0,0.0,0.0,0.0,0.0,0.0,-46.22,59.40628842438082,0.0,1,1,1,1
2009-08-26,0.0,-0.0509143958173895,0.0,0.0,0.0,0.0,0.0,0.0,0.0,0.0,0.0,0.0,0.0,-46.22,59.40628842438082,0.0,1,1,1,1
2009-08-27,0.0,-0.0489065857254344,0.0,0.0,0.0,0.0,0.0,0.0,0.0,0.0,0.0,0.0,0.0,-46.22,59.40628842438082,0.0,1,1,1,1
2009-08-28,0.0,-0.0493699265158856,0.0,0.0,0.0,0.0,0.0,0.0,0.0,0.0,0.0,0.0,0.0,-46.22,59.40628842438082,0.0,1,1,1,1
2009-08-31,0.0,-0.0524588651188934,0.0,0.0,0.0,0.0,0.0,0.0,0.0,0.0,0.0,0.0,0.0,-46.22,59.40628842438082,0.0,1,1,1,1
2009-09-01,0.0,-0.0546162956744316,0.0,0.0,0.0,0.0,0.0,0.0,0.0,0.0,0.0,0.0,0.0,-46.22,59.40628842438082,0.0,1,1,1,1
2009-09-02,0.0,-0.0553885303251836,0.0,0.0,0.0,0.0,0.0,0.0,0.0,0.0,0.0,0.0,0.0,-46.22,59.40628842438082,0.0,1,1,1,1
2009-09-03,0.0,-0.0561607649759355,0.0,0.0,0.0,0.0,0.0,0.0,0.0,0.0,0.0,0.0,0.0,-46.22,59.40628842438082,0.0,1,1,1,1
2009-09-04,0.0,-0.0578548547410226,0.0,0.0,0.0,0.0,0.0,0.0,0.0,0.0,0.0,0.0,0.0,-46.22,59.40628842438082,0.0,1,1,1,1
2009-09-07,0.0,-0.0577004078108722,0.0,0.0,0.0,0.0,0.0,0.0,0.0,0.0,0.0,0.0,0.0,-46.22,59.40628842438082,0.0,1,1,1,1
2009-09-08,0.0,-0.0578548547410226,0.0,0.0,0.0,0.0,0.0,0.0,0.0,0.0,0.0,0.0,0.0,-46.22,59.40628842438082,0.0,1,1,1,1
2009-09-09,0.0,-0.0586270893917746,0.0,0.0,0.0,0.0,0.0,0.0,0.0,0.0,0.0,0.0,0.0,-46.22,59.40628842438082,0.0,1,1,1,1
2009-09-10,0.0,-0.0597082179028273,0.0,0.0,0.0,0.0,0.0,0.0,0.0,0.0,0.0,0.0,0.0,-46.22,59.40628842438082,0.0,1,1,1,1
2009-09-11,0.0,-0.062020095388516,0.0,0.0,0.0,0.0,0.0,0.0,0.0,0.0,0.0,0.0,0.0,-46.22,59.40628842438082,0.0,1,1,1,1
2009-09-14,0.0,-0.064800140131223,0.0,0.0,0.0,0.0,0.0,0.0,0.0,0.0,0.0,0.0,0.0,-46.22,59.40628842438082,0.0,1,0,1,1
2009-09-15,0.0,-0.0632556708297191,0.0,0.0,0.0,0.0,0.0,0.0,0.0,0.0,0.0,0.0,0.0,-46.22,59.40628842438082,0.0,1,1,1,1
2009-09-16,0.0,-0.0617112015282152,0.0,0.0,0.0,0.0,0.0,0.0,0.0,0.0,0.0,0.0,0.0,-46.22,59.40628842438082,0.0,1,1,1,1
2009-09-17,0.0,-0.062020095388516,0.0,0.0,0.0,0.0,0.0,0.0,0.0,0.0,0.0,0.0,0.0,-46.22,59.40628842438082,0.0,1,1,1,1
2009-09-18,0.0,-0.0663397829661597,0.0,0.0,0.0,0.0,0.0,0.0,0.0,0.0,0.0,0.0,0.0,-46.22,59.40628842438082,0.0,0,0,1,1
2009-09-21,0.0,-0.0709683644041042,0.0,0.0,0.0,0.0,0.0,0.0,0.0,0.0,0.0,0.0,0.0,-46.22,59.40628842438082,0.0,0,0,0,0
2009-09-22,0.0,-0.0694287215691675,0.0,0.0,0.0,0.0,0.0,0.0,0.0,0.0,0.0,0.0,0.0,-46.22,59.40628842438082,0.0,0,0,0,1
2009-09-23,0.0,-0.0661853360360093,0.0,0.0,0.0,0.0,0.0,0.0,0.0,0.0,0.0,0.0,0.0,-46.22,59.40628842438082,0.0,0,0,1,1
2009-09-24,0.0,-0.0668031237566108,0.0,0.0,0.0,0.0,0.0,0.0,0.0,0.0,0.0,0.0,0.0,-46.22,59.40628842438082,0.0,0,0,1,1
2009-09-25,0.0,-0.0655723747819749,0.0,0.0,0.0,0.0,0.0,0.0,0.0,0.0,0.0,0.0,0.0,-46.22,59.40628842438082,0.0,0,0,1,1
2009-09-28,0.0,-0.0638734585503206,0.0,0.0,0.0,0.0,0.0,0.0,0.0,0.0,0.0,0.0,0.0,-46.22,59.40628842438082,0.0,1,1,1,1
2009-09-29,0.0,-0.062020095388516,0.0,0.0,0.0,0.0,0.0,0.0,0.0,0.0,0.0,0.0,0.0,-46.22,59.40628842438082,0.0,1,1,1,1
2009-09-30,0.0,-0.0632556708297191,0.0,0.0,0.0,0.0,0.0,0.0,0.0,0.0,0.0,0.0,0.0,-46.22,59.40628842438082,0.0,1,1,1,1
2009-10-01,0.0,-0.0635645646900198,0.0,0.0,0.0,0.0,0.0,0.0,0.0,0.0,0.0,0.0,0.0,-46.22,59.40628842438082,0.0,1,1,1,1
2009-10-02,0.0,-0.0635645646900198,0.0,0.0,0.0,0.0,0.0,0.0,0.0,0.0,0.0,0.0,0.0,-46.22,59.40628842438082,0.0,1,1,1,1
2009-10-05,0.0,-0.0638734585503206,0.0,0.0,0.0,0.0,0.0,0.0,0.0,0.0,0.0,0.0,0.0,-46.22,59.40628842438082,0.0,1,1,1,1
2009-10-06,0.0,-0.0663397829661597,0.0,0.0,0.0,0.0,0.0,0.0,0.0,0.0,0.0,0.0,0.0,-46.22,59.40628842438082,0.0,0,1,1,1
2009-10-07,0.0,-0.0654179278518245,0.0,0.0,0.0,0.0,-15.62,0.0,0.0,0.0,0.0,0.0,0.0,-46.22,59.40628842438082,0.0,1,1,1,1
2009-10-08,0.0,-0.0666486768264605,0.0,0.0,0.0,0.0,-15.62,0.0,0.0,0.0,0.0,0.0,0.0,-46.22,59.40628842438082,0.0,0,1,1,1
2009-10-09,0.0,-0.0654179278518245,0.0,0.0,0.0,0.0,-15.62,0.0,0.0,0.0,0.0,0.0,0.0,-46.22,59.40628842438082,0.0,1,1,1,1
2009-10-12,0.0,-0.0666486768264605,0.0,0.0,0.0,0.0,-15.62,0.0,0.0,0.0,0.0,0.0,0.0,-46.22,59.40628842438082,0.0,0,1,1,1
2009-10-13,0.0,-0.0651090339915238,0.0,0.0,0.0,0.0,-15.62,0.0,0.0,0.0,0.0,0.0,0.0,-46.22,59.40628842438082,0.0,1,1,1,1
2009-10-14,0.0,-0.0663397829661597,0.0,0.0,0.0,0.0,-15.62,0.0,0.0,0.0,0.0,0.0,0.0,-46.22,59.40628842438082,0.0,1,1,1,1
2009-10-15,0.0,-0.0671120176169116,0.0,0.0,0.0,0.0,-15.62,0.0,0.0,0.0,0.0,0.0,0.0,-46.22,59.40628842438082,0.0,1,1,1,1
2009-10-16,0.0,-0.0671120176169116,0.0,0.0,0.0,0.0,-15.62,0.0,0.0,0.0,0.0,0.0,0.0,-46.22,59.40628842438082,0.0,1,1,1,1
2009-10-19,0.0,-0.067266464547062,0.0,0.0,0.0,0.0,-15.62,0.0,0.0,0.0,0.0,0.0,0.0,-46.22,59.40628842438082,0.0,1,1,1,1
2009-10-20,0.0,-0.0668031237566108,0.0,0.0,0.0,0.0,-15.62,0.0,0.0,0.0,0.0,0.0,0.0,-46.22,59.40628842438082,0.0,1,1,1,1
2009-10-21,0.0,-0.0669575706867612,0.0,0.0,0.0,0.0,-15.62,0.0,0.0,0.0,0.0,0.0,0.0,-46.22,59.40628842438082,0.0,1,1,1,1
2009-10-22,0.0,-0.0669575706867612,0.0,0.0,0.0,0.0,-15.62,0.0,0.0,0.0,0.0,0.0,0.0,-46.22,59.40628842438082,0.0,1,1,1,1
2009-10-23,0.0,-0.0675753584073628,0.0,0.0,0.0,0.0,-15.62,0.0,0.0,0.0,0.0,0.0,0.0,-46.22,59.40628842438082,0.0,1,1,1,1
2009-10-26,0.0,-0.0678842522676636,0.0,0.0,0.0,0.0,-15.62,0.0,0.0,0.0,0.0,0.0,0.0,-46.22,59.40628842438082,0.0,1,1,1,1
2009-10-27,0.0,-0.0691198277088667,0.0,0.0,0.0,0.0,-15.62,0.0,0.0,0.0,0.0,0.0,0.0,-46.22,59.40628842438082,0.0,1,1,1,1
2009-10-28,0.0,-0.0709683644041042,0.0,0.0,0.0,0.0,-15.62,0.0,0.0,0.0,0.0,0.0,0.0,-46.22,59.40628842438082,0.0,1,1,1,1
2009-10-29,0.0,-0.0709683644041042,0.0,0.0,0.0,0.0,-15.62,0.0,0.0,0.0,0.0,0.0,0.0,-46.22,59.40628842438082,0.0,1,1,1,1
2009-10-30,0.0,-0.0725128337056081,0.0,0.0,0.0,0.0,-15.62,0.0,0.0,0.0,0.0,0.0,0.0,-46.22,59.40628842438082,0.0,1,1,1,1
2009-11-02,0.0,-0.0694287215691675,0.0,0.0,0.0,0.0,-15.62,0.0,0.0,0.0,0.0,0.0,0.0,-46.22,59.40628842438082,0.0,1,1,1,1
2009-11-03,0.0,-0.0709683644041042,0.0,0.0,0.0,0.0,-15.62,0.0,0.0,0.0,0.0,0.0,0.0,-46.22,59.40628842438082,0.0,1,1,1,1
2009-11-04,0.0,-0.0759058397023495,0.0,0.0,0.0,0.0,-15.62,0.0,0.0,0.0,0.0,0.0,0.0,-46.22,59.40628842438082,0.0,1,0,1,1
2009-11-05,0.0,-0.0800710803498428,0.0,0.0,0.0,0.0,-15.62,0.0,0.0,0.0,0.0,0.0,0.0,-46.22,59.40628842438082,0.0,0,0,0,1
2009-11-06,0.0,-0.0786858844450565,0.0,0.0,0.0,0.0,-15.62,0.0,0.0,0.0,0.0,0.0,0.0,-46.22,59.40628842438082,0.0,0,0,0,1
2009-11-09,0.0,-0.0786858844450565,0.0,0.0,0.0,0.0,0.0,0.0,0.0,0.0,0.0,0.0,0.0,-46.22,59.40628842438082,0.0,0,0,0,1
2009-11-10,0.0,-0.0802255272799932,0.0,0.0,0.0,0.0,0.0,0.0,0.0,0.0,0.0,0.0,0.0,-46.22,59.40628842438082,0.0,0,0,0,1
2009-11-11,0.0,-0.0808433150005947,0.0,0.0,0.0,0.0,0.0,0.0,0.0,0.0,0.0,0.0,0.0,-46.22,59.40628842438082,0.0,0,0,0,1
2009-11-12,0.0,-0.0791492252355076,0.0,0.0,0.0,0.0,0.0,0.0,0.0,0.0,0.0,0.0,0.0,-46.22,59.40628842438082,0.0,0,0,1,1
2009-11-13,0.0,-0.0780680967244549,0.0,0.0,0.0,0.0,0.0,0.0,0.0,0.0,0.0,0.0,0.0,-46.22,59.40628842438082,0.0,0,0,1,1
2009-11-16,0.0,-0.7551182208848615,0.0,0.0,0.0,0.0,0.0,0.0,0.0,0.0,0.0,0.0,0.0,-10.23,77.86672436174815,0.0,0,0,1,1
2009-11-17,0.0,-0.7402087477755165,0.0,0.0,0.0,0.0,0.0,0.0,0.0,0.0,0.0,0.0,0.0,-10.23,77.86672436174815,0.0,0,0,1,1
2009-11-18,0.0,-0.7491544316411235,0.0,0.0,0.0,0.0,0.0,0.0,0.0,0.0,0.0,0.0,0.0,-10.23,77.86672436174815,0.0,0,0,1,1
2009-11-19,0.0,-0.7863815223110194,0.0,0.0,0.0,0.0,0.0,0.0,0.0,0.0,0.0,0.0,0.0,-10.23,77.86672436174815,0.0,0,0,1,1
2009-11-20,0.0,-0.7461725370192545,0.0,0.0,0.0,0.0,0.0,0.0,0.0,0.0,0.0,0.0,0.0,-10.23,77.86672436174815,0.0,0,0,1,1
2009-11-23,0.0,-0.7119273409712276,0.0,0.0,0.0,0.0,0.0,0.0,0.0,0.0,0.0,0.0,0.0,-10.23,77.86672436174815,0.0,0,0,1,1
2009-11-24,0.0,-0.7059635517274896,0.0,0.0,0.0,0.0,0.0,0.0,0.0,0.0,0.0,0.0,0.0,-10.23,77.86672436174815,0.0,0,0,1,1
2009-11-25,0.0,-0.7134182882821621,0.0,0.0,0.0,0.0,0.0,0.0,0.0,0.0,0.0,0.0,0.0,-10.23,77.86672436174815,0.0,0,0,1,1
2009-11-26,0.0,-0.707454499038424,0.0,0.0,0.0,0.0,0.0,0.0,0.0,0.0,0.0,0.0,0.0,-10.23,77.86672436174815,0.0,0,0,1,1
2009-11-27,0.0,-0.6642636191247899,0.0,0.0,0.0,0.0,0.0,0.0,0.0,0.0,0.0,0.0,0.0,-10.23,77.86672436174815,0.0,1,1,1,1
2009-11-30,0.0,-0.670227408368528,0.0,0.0,0.0,0.0,0.0,0.0,0.0,0.0,0.0,0.0,0.0,-10.23,77.86672436174815,0.0,1,1,1,1
2009-12-01,0.0,-0.6523360406373139,0.0,0.0,0.0,0.0,0.0,0.0,0.0,0.0,0.0,0.0,0.0,-10.23,77.86672436174815,0.0,1,1,1,1
2009-12-02,0.0,-0.6568088825701174,0.0,0.0,0.0,0.0,0.0,0.0,0.0,0.0,0.0,0.0,0.0,-10.23,77.86672436174815,0.0,1,1,1,1
2009-12-03,0.0,-0.6553179352591829,0.0,0.0,0.0,0.0,0.0,0.0,0.0,0.0,0.0,0.0,0.0,-10.23,77.86672436174815,0.0,1,1,1,1
2009-12-04,0.0,-0.6657545664357244,0.0,0.0,0.0,0.0,0.0,0.0,0.0,0.0,0.0,0.0,0.0,-10.23,77.86672436174815,0.0,1,1,1,1
2009-12-07,0.0,-0.7119273409712276,0.0,0.0,0.0,0.0,0.0,0.0,0.0,0.0,0.0,0.0,0.0,-10.23,77.86672436174815,0.0,1,1,1,1
2009-12-08,0.0,-0.7610820101285996,0.0,0.0,0.0,0.0,0.0,0.0,0.0,0.0,0.0,0.0,0.0,-10.23,77.86672436174815,0.0,0,1,1,1
2009-12-09,0.0,-0.7714720492016746,0.0,0.0,0.0,0.0,0.0,0.0,0.0,0.0,0.0,0.0,0.0,-10.23,77.86672436174815,0.0,0,1,1,1
2009-12-10,0.0,-0.7327540112208439,0.0,0.0,0.0,0.0,0.0,0.0,0.0,0.0,0.0,0.0,0.0,-10.23,77.86672436174815,0.0,0,1,1,1
2009-12-11,0.0,-0.738717800464582,0.0,0.0,0.0,0.0,0.0,0.0,0.0,0.0,0.0,0.0,0.0,-10.23,77.86672436174815,0.0,0,1,1,1
2009-12-14,0.0,-0.7312630639099092,0.0,0.0,0.0,0.0,0.0,0.0,0.0,0.0,0.0,0.0,0.0,-10.23,77.86672436174815,0.0,1,1,1,1
2009-12-15,0.0,-0.6880721839962753,0.0,0.0,0.0,0.0,0.0,0.0,0.0,0.0,0.0,0.0,0.0,-10.23,77.86672436174815,0.0,1,1,1,1
2009-12-16,0.0,-0.6910540786181444,0.0,0.0,0.0,0.0,0.0,0.0,0.0,0.0,0.0,0.0,0.0,-10.23,77.86672436174815,0.0,1,1,1,1
2009-12-17,0.0,-0.6835993420634718,0.0,0.0,0.0,0.0,0.0,0.0,0.0,0.0,0.0,0.0,0.0,-10.23,77.86672436174815,0.0,1,1,1,1
2009-12-18,0.0,-0.6835993420634718,0.0,0.0,0.0,0.0,0.0,0.0,0.0,0.0,0.0,0.0,0.0,-10.23,77.86672436174815,0.0,1,1,1,1
2009-12-21,0.0,-0.6835993420634718,0.0,0.0,0.0,0.0,0.0,0.0,0.0,0.0,0.0,0.0,0.0,-10.23,77.86672436174815,0.0,1,1,1,1
2009-12-22,0.0,-0.6940359732400134,0.0,0.0,0.0,0.0,0.0,0.0,0.0,0.0,0.0,0.0,0.0,-10.23,77.86672436174815,0.0,1,1,1,1
2009-12-23,0.0,-0.741699695086451,0.0,0.0,0.0,0.0,0.0,0.0,0.0,0.0,0.0,0.0,0.0,-10.23,77.86672436174815,0.0,1,1,1,1
2009-12-24,0.0,-0.7923453115547575,0.0,0.0,0.0,0.0,0.0,0.0,0.0,0.0,0.0,0.0,0.0,-10.23,77.86672436174815,0.0,1,1,1,1
2009-12-25,0.0,-0.8474637699558676,0.0,0.0,0.0,0.0,0.0,0.0,0.0,0.0,0.0,0.0,0.0,-10.23,77.86672436174815,0.0,1,1,0,1
2009-12-28,0.0,-0.8519366118886711,0.0,0.0,0.0,0.0,0.0,0.0,0.0,0.0,0.0,0.0,0.0,-10.23,77.86672436174815,0.0,1,1,0,1
2009-12-29,0.0,-0.8966184391132397,0.0,0.0,0.0,0.0,0.0,0.0,0.0,0.0,0.0,0.0,0.0,-10.23,77.86672436174815,0.0,1,1,0,0
2009-12-30,0.0,-0.911481320119118,0.0,0.0,0.0,0.0,0.0,0.0,0.0,0.0,0.0,0.0,0.0,-10.23,77.86672436174815,0.0,1,1,0,0
2009-12-31,0.0,-0.9740545150749008,0.0,0.0,0.0,0.0,0.0,0.0,0.0,0.0,0.0,0.0,0.0,-10.23,77.86672436174815,0.0,0,0,0,0
2010-01-04,0.0,-0.9442821609596772,0.0,0.0,0.0,0.0,0.0,0.0,0.0,0.0,0.0,0.0,0.0,-10.23,77.86672436174815,0.0,1,0,0,0
2010-01-05,0.0,-0.9725635677639662,0.0,0.0,0.0,0.0,0.0,0.0,0.0,0.0,0.0,0.0,0.0,-10.23,77.86672436174815,0.0,0,0,0,0
2010-01-06,0.0,-1.0023359218791896,0.0,0.0,0.0,0.0,0.0,0.0,0.0,0.0,0.0,0.0,0.0,-10.23,77.86672436174815,0.0,0,0,0,0
2010-01-07,0.0,-0.9770364096967696,0.0,0.0,0.0,0.0,15.9,0.0,0.0,0.0,0.0,0.0,0.0,-10.23,77.86672436174815,0.0,0,0,0,0
2010-01-08,0.0,-0.9531812527218176,0.0,0.0,0.0,0.0,15.9,0.0,0.0,0.0,0.0,0.0,0.0,-10.23,77.86672436174815,0.0,0,0,0,0
2010-01-11,0.0,-0.9457731082706118,0.0,0.0,0.0,0.0,15.9,0.0,0.0,0.0,0.0,0.0,0.0,-10.23,77.86672436174815,0.0,0,0,0,0
2010-01-12,0.0,-0.9830001989405076,0.0,0.0,0.0,0.0,15.9,0.0,0.0,0.0,0.0,0.0,0.0,-10.23,77.86672436174815,0.0,0,0,0,0
2010-01-13,0.0,-0.9531812527218176,0.0,0.0,0.0,0.0,15.9,0.0,0.0,0.0,0.0,0.0,0.0,-10.23,77.86672436174815,0.0,0,0,0,0
2010-01-14,0.0,-0.9501993580999484,0.0,0.0,0.0,0.0,15.9,0.0,0.0,0.0,0.0,0.0,0.0,-10.23,77.86672436174815,0.0,0,0,0,0
2010-01-15,0.0,-1.009790658433862,0.0,0.0,0.0,0.0,15.9,0.0,0.0,0.0,0.0,0.0,0.0,-10.23,77.86672436174815,0.0,0,0,0,0
2010-01-18,0.0,-1.0127725530557312,0.0,0.0,0.0,0.0,15.9,0.0,0.0,0.0,0.0,0.0,0.0,-10.23,77.86672436174815,0.0,0,0,0,0
2010-01-19,0.0,-0.9516903054108832,0.0,0.0,0.0,0.0,15.9,0.0,0.0,0.0,0.0,0.0,0.0,-10.23,77.86672436174815,0.0,0,0,0,0
2010-01-20,0.0,-0.9516903054108832,0.0,0.0,0.0,0.0,15.9,0.0,0.0,0.0,0.0,0.0,0.0,-10.23,77.86672436174815,0.0,0,0,0,0
2010-01-21,0.0,-0.8861818079366981,0.0,0.0,0.0,0.0,15.9,0.0,0.0,0.0,0.0,0.0,0.0,-10.23,77.86672436174815,0.0,0,0,0,0
2010-01-22,0.0,-0.8608357036508114,0.0,0.0,0.0,0.0,15.9,0.0,0.0,0.0,0.0,0.0,0.0,-10.23,77.86672436174815,0.0,0,0,0,0
2010-01-25,0.0,-0.8429909280230642,0.0,0.0,0.0,0.0,15.9,0.0,0.0,0.0,0.0,0.0,0.0,-10.23,77.86672436174815,0.0,0,0,0,0
2010-01-26,0.0,-0.822117665669981,0.0,0.0,0.0,0.0,15.9,0.0,0.0,0.0,0.0,0.0,0.0,-10.23,77.86672436174815,0.0,0,0,0,1
2010-01-27,0.0,-0.7744539438235434,0.0,0.0,0.0,0.0,15.9,0.0,0.0,0.0,0.0,0.0,0.0,-10.23,77.86672436174815,0.0,0,0,1,1
2010-01-28,0.0,-0.805763837353168,0.0,0.0,0.0,0.0,15.9,0.0,0.0,0.0,0.0,0.0,0.0,-10.23,77.86672436174815,0.0,0,0,1,1
2010-01-29,0.0,-0.7819086803782159,0.0,0.0,0.0,0.0,15.9,0.0,0.0,0.0,0.0,0.0,0.0,-10.23,77.86672436174815,0.0,0,0,1,1
2010-02-01,0.0,-0.7923453115547575,0.0,0.0,0.0,0.0,15.9,0.0,0.0,0.0,0.0,0.0,0.0,-10.23,77.86672436174815,0.0,0,0,1,1
2010-02-02,0.0,-0.775944891134478,0.0,0.0,0.0,0.0,15.9,0.0,0.0,0.0,0.0,0.0,0.0,-10.23,77.86672436174815,0.0,0,0,1,1
2010-02-03,0.0,-0.7893634169328885,0.0,0.0,0.0,0.0,15.9,0.0,0.0,0.0,0.0,0.0,0.0,-10.23,77.86672436174815,0.0,0,0,1,1
2010-02-04,0.0,-0.7983091007984956,0.0,0.0,0.0,0.0,15.9,0.0,0.0,0.0,0.0,0.0,0.0,-10.23,77.86672436174815,0.0,0,0,1,1
2010-02-05,0.0,-0.7431906423973854,0.0,0.0,0.0,0.0,15.9,0.0,0.0,0.0,0.0,0.0,0.0,-10.23,77.86672436174815,0.0,0,1,1,1
2010-02-06,0.0,-0.6970178678618825,0.0,0.0,0.0,0.0,15.9,0.0,0.0,0.0,0.0,0.0,0.0,-10.23,77.86672436174815,0.0,1,1,1,1
2010-02-08,0.0,-0.6835993420634718,0.0,0.0,0.0,0.0,0.0,0.0,0.0,0.0,0.0,0.0,0.0,-10.23,77.86672436174815,0.0,1,1,1,1
2010-02-09,0.0,-0.707454499038424,0.0,0.0,0.0,0.0,0.0,0.0,0.0,0.0,0.0,0.0,0.0,-10.23,77.86672436174815,0.0,1,1,1,1
2010-02-10,0.0,-0.756609168195796,0.0,0.0,0.0,0.0,0.0,0.0,0.0,0.0,0.0,0.0,0.0,-10.23,77.86672436174815,0.0,0,1,1,1
2010-02-22,0.0,0.8051642762456815,0.0,0.0,0.0,0.0,0.0,0.0,0.0,0.0,0.0,0.0,0.0,11.78,215.1515151515152,0.0,0,1,1,1
2010-02-23,0.0,0.7911062397765238,0.0,0.0,0.0,0.0,0.0,0.0,0.0,0.0,0.0,0.0,0.0,11.78,215.1515151515152,0.0,1,1,1,1
2010-02-24,0.0,0.7942302478807811,0.0,0.0,0.0,0.0,0.0,0.0,0.0,0.0,0.0,0.0,0.0,11.78,215.1515151515152,0.0,1,1,1,1
2010-02-25,0.0,0.7458569348914226,0.0,0.0,0.0,0.0,0.0,0.0,0.0,0.0,0.0,0.0,0.0,11.78,215.1515151515152,0.0,1,1,1,1
2010-02-26,0.0,0.7427329267871652,0.0,0.0,0.0,0.0,0.0,0.0,0.0,0.0,0.0,0.0,0.0,11.78,215.1515151515152,0.0,1,1,1,1
2010-03-01,0.0,0.7942302478807811,0.0,0.0,0.0,0.0,0.0,0.0,0.0,0.0,0.0,0.0,0.0,11.78,215.1515151515152,0.0,1,1,1,1
2010-03-02,0.0,0.8207355041403388,0.0,0.0,0.0,0.0,0.0,0.0,0.0,0.0,0.0,0.0,0.0,11.78,215.1515151515152,0.0,1,1,1,1
2010-03-03,0.0,0.8082394717233099,0.0,0.0,0.0,0.0,0.0,0.0,0.0,0.0,0.0,0.0,0.0,11.78,215.1515151515152,0.0,1,1,1,1
2010-03-04,0.0,0.7942302478807811,0.0,0.0,0.0,0.0,0.0,0.0,0.0,0.0,0.0,0.0,0.0,11.78,215.1515151515152,0.0,1,1,1,1
2010-03-05,0.0,0.8082394717233099,0.0,0.0,0.0,0.0,0.0,0.0,0.0,0.0,0.0,0.0,0.0,11.78,215.1515151515152,0.0,1,1,1,1
2010-03-08,0.0,0.8644228049733116,0.0,0.0,0.0,0.0,0.0,0.0,0.0,0.0,0.0,0.0,0.0,11.78,215.1515151515152,0.0,1,1,1,1
2010-03-09,0.0,0.8706708211818261,0.0,0.0,0.0,0.0,0.0,0.0,0.0,0.0,0.0,0.0,0.0,11.78,215.1515151515152,0.0,1,1,1,1
2010-03-10,0.0,0.8769188373903408,0.0,0.0,0.0,0.0,0.0,0.0,0.0,0.0,0.0,0.0,0.0,11.78,215.1515151515152,0.0,1,1,1,0
2010-03-11,0.0,0.9127961179626702,0.0,0.0,0.0,0.0,0.0,0.0,0.0,0.0,0.0,0.0,0.0,11.78,215.1515151515152,0.0,1,1,0,0
2010-03-12,0.0,0.9018620895977696,0.0,0.0,0.0,0.0,0.0,0.0,0.0,0.0,0.0,0.0,0.0,11.78,215.1515151515152,0.0,1,1,1,0
2010-03-15,0.0,0.8925388779116269,0.0,0.0,0.0,0.0,0.0,0.0,0.0,0.0,0.0,0.0,0.0,11.78,215.1515151515152,0.0,1,1,1,0
2010-03-16,0.0,0.9362261787445996,0.0,0.0,0.0,0.0,0.0,0.0,0.0,0.0,0.0,0.0,0.0,11.78,215.1515151515152,0.0,1,1,0,0
2010-03-17,0.0,0.9517974066392572,0.0,0.0,0.0,0.0,0.0,0.0,0.0,0.0,0.0,0.0,0.0,11.78,215.1515151515152,0.0,1,0,0,0
2010-03-18,0.0,1.0017327236807445,0.0,0.0,0.0,0.0,0.0,0.0,0.0,0.0,0.0,0.0,0.0,11.78,215.1515151515152,0.0,0,0,0,0
2010-03-19,0.0,0.9861614957860868,0.0,0.0,0.0,0.0,0.0,0.0,0.0,0.0,0.0,0.0,0.0,11.78,215.1515151515152,0.0,0,0,0,0
2010-03-22,0.0,0.9658554431084148,0.0,0.0,0.0,0.0,0.0,0.0,0.0,0.0,0.0,0.0,0.0,11.78,215.1515151515152,0.0,0,0,0,0
2010-03-23,0.0,0.9767894714733152,0.0,0.0,0.0,0.0,0.0,0.0,0.0,0.0,0.0,0.0,0.0,11.78,215.1515151515152,0.0,0,0,0,0
2010-03-24,0.0,0.9377881827967284,0.0,0.0,0.0,0.0,0.0,0.0,0.0,0.0,0.0,0.0,0.0,11.78,215.1515151515152,0.0,1,0,0,0
2010-03-25,0.0,0.9642934390562862,0.0,0.0,0.0,0.0,0.0,0.0,0.0,0.0,0.0,0.0,0.0,11.78,215.1515151515152,0.0,0,0,0,0
2010-03-26,0.0,0.9564834187956428,0.0,0.0,0.0,0.0,0.0,0.0,0.0,0.0,0.0,0.0,0.0,11.78,215.1515151515152,0.0,0,0,0,0
2010-03-29,0.0,0.9564834187956428,0.0,0.0,0.0,0.0,0.0,0.0,0.0,0.0,0.0,0.0,0.0,11.78,215.1515151515152,0.0,0,0,0,0
2010-03-30,0.0,0.9611694309520288,0.0,0.0,0.0,0.0,0.0,0.0,0.0,0.0,0.0,0.0,0.0,11.78,215.1515151515152,0.0,0,0,0,0
2010-03-31,0.0,0.9455982030573714,0.0,0.0,0.0,0.0,0.0,0.0,0.0,0.0,0.0,0.0,0.0,11.78,215.1515151515152,0.0,0,0,0,0
2010-04-01,0.0,0.9611694309520288,0.0,0.0,0.0,0.0,0.0,0.0,0.0,0.0,0.0,0.0,0.0,11.78,215.1515151515152,0.0,0,0,0,0
2010-04-02,0.0,0.9627314350041574,0.0,0.0,0.0,0.0,0.0,0.0,0.0,0.0,0.0,0.0,0.0,11.78,215.1515151515152,0.0,0,0,0,0
2010-04-06,0.0,0.9861614957860868,0.0,0.0,0.0,0.0,0.0,0.0,0.0,0.0,0.0,0.0,0.0,11.78,215.1515151515152,0.0,0,0,0,0
2010-04-07,0.0,0.9658554431084148,0.0,0.0,0.0,0.0,133.69,0.0,0.0,0.0,0.0,0.0,0.0,11.78,215.1515151515152,0.0,0,0,0,0
2010-04-08,0.0,0.9533594106913856,0.0,0.0,0.0,0.0,133.69,0.0,0.0,0.0,0.0,0.0,0.0,11.78,215.1515151515152,0.0,0,0,0,0
2010-04-09,0.0,0.9299781625360852,0.0,0.0,0.0,0.0,133.69,0.0,0.0,0.0,0.0,0.0,0.0,11.78,215.1515151515152,0.0,0,0,0,0
2010-04-12,0.0,0.9596074268999004,0.0,0.0,0.0,0.0,133.69,0.0,0.0,0.0,0.0,0.0,0.0,11.78,215.1515151515152,0.0,0,0,0,0
2010-04-13,0.0,0.9315401665882138,0.0,0.0,0.0,0.0,133.69,0.0,0.0,0.0,0.0,0.0,0.0,11.78,215.1515151515152,0.0,0,0,0,0
2010-04-14,0.0,0.9003000855456411,0.0,0.0,0.0,0.0,133.69,0.0,0.0,0.0,0.0,0.0,0.0,11.78,215.1515151515152,0.0,0,0,0,0
2010-04-15,0.0,0.9127961179626702,0.0,0.0,0.0,0.0,133.69,0.0,0.0,0.0,0.0,0.0,0.0,11.78,215.1515151515152,0.0,0,0,0,0
2010-04-16,0.0,0.8987868941201416,0.0,0.0,0.0,0.0,133.69,0.0,0.0,0.0,0.0,0.0,0.0,11.78,215.1515151515152,0.0,0,0,0,0
2010-04-19,0.0,0.8363555446616253,0.0,0.0,0.0,0.0,133.69,0.0,0.0,0.0,0.0,0.0,0.0,11.78,215.1515151515152,0.0,1,1,0,0
2010-04-20,0.0,0.8426035608701398,0.0,0.0,0.0,0.0,133.69,0.0,0.0,0.0,0.0,0.0,0.0,11.78,215.1515151515152,0.0,1,1,0,0
2010-04-21,0.0,0.8925388779116269,0.0,0.0,0.0,0.0,133.69,0.0,0.0,0.0,0.0,0.0,0.0,11.78,215.1515151515152,0.0,0,0,0,0
2010-04-22,0.0,0.9237301463275708,0.0,0.0,0.0,0.0,133.69,0.0,0.0,0.0,0.0,0.0,0.0,11.78,215.1515151515152,0.0,0,0,0,0
2010-04-23,0.0,0.9206061382233134,0.0,0.0,0.0,0.0,133.69,0.0,0.0,0.0,0.0,0.0,0.0,11.78,215.1515151515152,0.0,0,0,0,0
2010-04-26,0.0,0.9127961179626702,0.0,0.0,0.0,0.0,133.69,0.0,0.0,0.0,0.0,0.0,0.0,11.78,215.1515151515152,0.0,0,0,0,0
2010-04-27,0.0,0.8894148698073698,0.0,0.0,0.0,0.0,133.69,0.0,0.0,0.0,0.0,0.0,0.0,11.78,215.1515151515152,0.0,0,0,0,0
2010-04-28,0.0,0.8894148698073698,0.0,0.0,0.0,0.0,133.69,0.0,0.0,0.0,0.0,0.0,0.0,11.78,215.1515151515152,0.0,0,0,0,0
2010-04-29,0.0,0.8737948292860833,0.0,0.0,0.0,0.0,133.69,0.0,0.0,0.0,0.0,0.0,0.0,11.78,215.1515151515152,0.0,0,0,0,0
2010-04-30,0.0,0.862860800921183,0.0,0.0,0.0,0.0,133.69,0.0,0.0,0.0,0.0,0.0,0.0,11.78,215.1515151515152,0.0,0,0,0,0
2010-05-03,0.0,0.845727568974397,0.0,0.0,0.0,0.0,133.69,0.0,0.0,0.0,0.0,0.0,0.0,11.78,215.1515151515152,0.0,0,0,0,0
2010-05-04,0.0,0.8535375892350402,0.0,0.0,0.0,0.0,133.69,0.0,0.0,0.0,0.0,0.0,0.0,11.78,215.1515151515152,0.0,0,0,0,0
2010-05-05,0.0,0.8301075284531106,0.0,0.0,0.0,0.0,133.69,0.0,0.0,0.0,0.0,0.0,0.0,11.78,215.1515151515152,0.0,0,0,0,0
2010-05-06,0.0,0.7957922519329097,0.0,0.0,0.0,0.0,133.69,0.0,0.0,0.0,0.0,0.0,0.0,11.78,215.1515151515152,0.0,1,1,1,0
2010-05-07,0.0,0.7895442357243952,0.0,0.0,0.0,0.0,0.0,0.0,0.0,0.0,0.0,0.0,0.0,11.78,215.1515151515152,0.0,1,1,1,0
2010-05-10,0.0,0.8441655649222682,0.0,0.0,0.0,0.0,0.0,0.0,0.0,0.0,0.0,0.0,0.0,11.78,215.1515151515152,0.0,0,0,0,0
2010-05-11,0.0,0.8472895730265257,0.0,0.0,0.0,0.0,0.0,0.0,0.0,0.0,0.0,0.0,0.0,11.78,215.1515151515152,0.0,0,0,0,0
2010-05-12,0.0,0.8316695325052393,0.0,0.0,0.0,0.0,0.0,0.0,0.0,0.0,0.0,0.0,0.0,11.78,215.1515151515152,0.0,0,0,0,0
2010-05-13,0.0,0.8472895730265257,0.0,0.0,0.0,0.0,0.0,0.0,0.0,0.0,0.0,0.0,0.0,11.78,215.1515151515152,0.0,0,0,0,0
2010-05-14,0.0,0.8488515770786543,0.0,0.0,0.0,0.0,0.0,0.0,0.0,0.0,0.0,0.0,0.0,11.78,215.1515151515152,0.0,0,0,0,0
2010-05-17,0.0,5.919961095817576,0.0,0.0,0.0,0.0,0.0,0.0,0.0,0.0,0.0,0.0,0.0,1.95,-83.446519524618,0.0,0,0,0,0
2010-05-18,0.0,5.671973212945466,0.0,0.0,0.0,0.0,0.0,0.0,0.0,0.0,0.0,0.0,0.0,1.95,-83.446519524618,0.0,0,0,1,0
2010-05-19,0.0,5.491714595381245,0.0,0.0,0.0,0.0,0.0,0.0,0.0,0.0,0.0,0.0,0.0,1.95,-83.446519524618,0.0,1,1,1,1
2010-05-20,0.0,5.491714595381245,0.0,0.0,0.0,0.0,0.0,0.0,0.0,0.0,0.0,0.0,0.0,1.95,-83.446519524618,0.0,1,1,1,1
2010-05-21,0.0,5.367544275650117,0.0,0.0,0.0,0.0,0.0,0.0,0.0,0.0,0.0,0.0,0.0,1.95,-83.446519524618,0.0,1,1,1,1
2010-05-24,0.0,5.502650049675747,0.0,0.0,0.0,0.0,0.0,0.0,0.0,0.0,0.0,0.0,0.0,1.95,-83.446519524618,0.0,1,1,1,1
2010-05-25,0.0,5.412697119188708,0.0,0.0,0.0,0.0,0.0,0.0,0.0,0.0,0.0,0.0,0.0,1.95,-83.446519524618,0.0,1,1,1,1
2010-05-26,0.0,5.784855321791947,0.0,0.0,0.0,0.0,0.0,0.0,0.0,0.0,0.0,0.0,0.0,1.95,-83.446519524618,0.0,0,1,0,0
2010-05-27,0.0,5.863520041394337,0.0,0.0,0.0,0.0,0.0,0.0,0.0,0.0,0.0,0.0,0.0,1.95,-83.446519524618,0.0,0,0,0,0
2010-05-28,0.0,5.840943619625041,0.0,0.0,0.0,0.0,0.0,0.0,0.0,0.0,0.0,0.0,0.0,1.95,-83.446519524618,0.0,0,0,0,0
2010-05-31,0.0,5.953825728471521,0.0,0.0,0.0,0.0,0.0,0.0,0.0,0.0,0.0,0.0,0.0,1.95,-83.446519524618,0.0,0,0,0,0
2010-06-01,0.0,5.7735671109072975,0.0,0.0,0.0,0.0,0.0,0.0,0.0,0.0,0.0,0.0,0.0,1.95,-83.446519524618,0.0,0,1,0,0
2010-06-02,0.0,5.671973212945466,0.0,0.0,0.0,0.0,0.0,0.0,0.0,0.0,0.0,0.0,0.0,1.95,-83.446519524618,0.0,1,1,0,0
2010-06-03,0.0,5.796143532676594,0.0,0.0,0.0,0.0,0.0,0.0,0.0,0.0,0.0,0.0,0.0,1.95,-83.446519524618,0.0,0,1,0,0
2010-06-04,0.0,5.897384674048281,0.0,0.0,0.0,0.0,0.0,0.0,0.0,0.0,0.0,0.0,0.0,1.95,-83.446519524618,0.0,0,0,0,0
2010-06-07,0.0,5.717126056484058,0.0,0.0,0.0,0.0,0.0,0.0,0.0,0.0,0.0,0.0,0.0,1.95,-83.446519524618,0.0,1,1,0,0
2010-06-08,0.0,5.64939679117617,0.0,0.0,0.0,0.0,0.0,0.0,0.0,0.0,0.0,0.0,0.0,1.95,-83.446519524618,0.0,1,1,0,0
2010-06-09,0.0,5.502650049675747,0.0,0.0,0.0,0.0,0.0,0.0,0.0,0.0,0.0,0.0,0.0,1.95,-83.446519524618,0.0,1,1,1,0
2010-06-10,0.0,5.638108580291522,0.0,0.0,0.0,0.0,0.0,0.0,0.0,0.0,0.0,0.0,0.0,1.95,-83.446519524618,0.0,1,1,0,0
2010-06-11,0.0,5.638108580291522,0.0,0.0,0.0,0.0,0.0,0.0,0.0,0.0,0.0,0.0,0.0,1.95,-83.446519524618,0.0,1,1,0,0
2010-06-14,0.0,5.638108580291522,0.0,0.0,0.0,0.0,0.0,0.0,0.0,0.0,0.0,0.0,0.0,1.95,-83.446519524618,0.0,1,1,0,0
2010-06-15,0.0,5.728414267368706,0.0,0.0,0.0,0.0,0.0,0.0,0.0,0.0,0.0,0.0,0.0,1.95,-83.446519524618,0.0,1,1,0,0
2010-06-17,0.0,6.044131415548706,0.0,0.0,0.0,0.0,0.0,0.0,0.0,0.0,0.0,0.0,0.0,1.95,-83.446519524618,0.0,0,0,0,0
2010-06-18,0.0,6.021554993779408,0.0,0.0,0.0,0.0,0.0,0.0,0.0,0.0,0.0,0.0,0.0,1.95,-83.446519524618,0.0,0,0,0,0
2010-06-21,0.0,6.089284259087297,0.0,0.0,0.0,0.0,0.0,0.0,0.0,0.0,0.0,0.0,0.0,1.95,-83.446519524618,0.0,0,0,0,0
2010-06-22,0.0,6.032843204664057,0.0,0.0,0.0,0.0,0.0,0.0,0.0,0.0,0.0,0.0,0.0,1.95,-83.446519524618,0.0,0,0,0,0
2010-06-23,0.0,6.066707837318,0.0,0.0,0.0,0.0,0.0,0.0,0.0,0.0,0.0,0.0,0.0,1.95,-83.446519524618,0.0,0,0,0,0
2010-06-24,0.0,6.066707837318,0.0,0.0,0.0,0.0,0.0,0.0,0.0,0.0,0.0,0.0,0.0,1.95,-83.446519524618,0.0,0,0,0,0
2010-06-25,0.0,5.998978572010113,0.0,0.0,0.0,0.0,0.0,0.0,0.0,0.0,0.0,0.0,0.0,1.95,-83.446519524618,0.0,0,0,0,0
2010-06-28,0.0,6.089284259087297,0.0,0.0,0.0,0.0,0.0,0.0,0.0,0.0,0.0,0.0,0.0,1.95,-83.446519524618,0.0,0,0,0,0
2010-06-29,0.0,6.01026678289476,0.0,0.0,0.0,0.0,0.0,0.0,0.0,0.0,0.0,0.0,0.0,1.95,-83.446519524618,0.0,0,0,0,0
2010-06-30,0.0,5.694549634714763,0.0,0.0,0.0,0.0,0.0,0.0,0.0,0.0,0.0,0.0,0.0,1.95,-83.446519524618,0.0,0,0,0,0
2010-07-01,0.0,5.547802893214339,0.0,0.0,0.0,0.0,0.0,0.0,0.0,0.0,0.0,0.0,0.0,1.95,-83.446519524618,0.0,1,0,0,0
2010-07-02,0.0,5.581667525868283,0.0,0.0,0.0,0.0,0.0,0.0,0.0,0.0,0.0,0.0,0.0,1.95,-83.446519524618,0.0,1,0,0,0
2010-07-05,0.0,5.683261423830115,0.0,0.0,0.0,0.0,0.0,0.0,0.0,0.0,0.0,0.0,0.0,1.95,-83.446519524618,0.0,0,0,0,0
2010-07-06,0.0,5.64939679117617,0.0,0.0,0.0,0.0,0.0,0.0,0.0,0.0,0.0,0.0,0.0,1.95,-83.446519524618,0.0,0,0,0,0
2010-07-07,0.0,5.615532158522226,0.0,0.0,0.0,0.0,113.79,0.0,0.0,0.0,0.0,0.0,0.0,1.95,-83.446519524618,0.0,0,0,0,0
2010-07-08,0.0,5.683261423830115,0.0,0.0,0.0,0.0,113.79,0.0,0.0,0.0,0.0,0.0,0.0,1.95,-83.446519524618,0.0,0,0,0,0
2010-07-09,0.0,5.638108580291522,0.0,0.0,0.0,0.0,113.79,0.0,0.0,0.0,0.0,0.0,0.0,1.95,-83.446519524618,0.0,0,0,0,0
2010-07-12,0.0,5.671973212945466,0.0,0.0,0.0,0.0,113.79,0.0,0.0,0.0,0.0,0.0,0.0,1.95,-83.446519524618,0.0,0,0,0,0
2010-07-13,0.0,5.570379314983635,0.0,0.0,0.0,0.0,113.79,0.0,0.0,0.0,0.0,0.0,0.0,1.95,-83.446519524618,0.0,0,0,0,0
2010-07-14,0.0,5.615532158522226,0.0,0.0,0.0,0.0,113.79,0.0,0.0,0.0,0.0,0.0,0.0,1.95,-83.446519524618,0.0,0,0,0,0
2010-07-15,0.0,5.592955736752931,0.0,0.0,0.0,0.0,113.79,0.0,0.0,0.0,0.0,0.0,0.0,1.95,-83.446519524618,0.0,0,0,0,0
2010-07-16,0.0,5.435273540958004,0.0,0.0,0.0,0.0,113.79,0.0,0.0,0.0,0.0,0.0,0.0,1.95,-83.446519524618,0.0,0,0,0,0
2010-07-19,0.0,5.547802893214339,0.0,0.0,0.0,0.0,113.79,0.0,0.0,0.0,0.0,0.0,0.0,1.95,-83.446519524618,0.0,0,0,0,0
2010-07-20,0.0,5.559091104098987,0.0,0.0,0.0,0.0,113.79,0.0,0.0,0.0,0.0,0.0,0.0,1.95,-83.446519524618,0.0,0,0,0,0
2010-07-21,0.0,5.592955736752931,0.0,0.0,0.0,0.0,113.79,0.0,0.0,0.0,0.0,0.0,0.0,1.95,-83.446519524618,0.0,0,0,0,0
2010-07-22,0.0,5.469138173611948,0.0,0.0,0.0,0.0,113.79,0.0,0.0,0.0,0.0,0.0,0.0,1.95,-83.446519524618,0.0,0,0,0,0
2010-07-23,0.0,5.469138173611948,0.0,0.0,0.0,0.0,113.79,0.0,0.0,0.0,0.0,0.0,0.0,1.95,-83.446519524618,0.0,0,0,0,0
2010-07-26,0.0,5.367544275650117,0.0,0.0,0.0,0.0,113.79,0.0,0.0,0.0,0.0,0.0,0.0,1.95,-83.446519524618,0.0,0,0,0,0
2010-07-27,0.0,5.0405389165854695,0.0,0.0,0.0,0.0,113.79,0.0,0.0,0.0,0.0,0.0,0.0,1.95,-83.446519524618,0.0,0,0,0,0
2010-07-28,0.0,5.142132814547302,0.0,0.0,0.0,0.0,113.79,0.0,0.0,0.0,0.0,0.0,0.0,1.95,-83.446519524618,0.0,0,0,0,0
2010-07-29,0.0,5.006674283931527,0.0,0.0,0.0,0.0,113.79,0.0,0.0,0.0,0.0,0.0,0.0,1.95,-83.446519524618,0.0,0,0,0,0
2010-07-30,0.0,4.8825039642003984,0.0,0.0,0.0,0.0,113.79,0.0,0.0,0.0,0.0,0.0,0.0,1.95,-83.446519524618,0.0,1,1,0,0
2010-08-02,0.0,4.961521440392934,0.0,0.0,0.0,0.0,113.79,0.0,0.0,0.0,0.0,0.0,0.0,1.95,-83.446519524618,0.0,1,0,0,0
2010-08-03,0.0,4.961521440392934,0.0,0.0,0.0,0.0,113.79,0.0,0.0,0.0,0.0,0.0,0.0,1.95,-83.446519524618,0.0,1,0,0,0
2010-08-04,0.0,4.916368596854342,0.0,0.0,0.0,0.0,113.79,0.0,0.0,0.0,0.0,0.0,0.0,1.95,-83.446519524618,0.0,1,0,0,0
2010-08-05,0.0,4.961521440392934,0.0,0.0,0.0,0.0,113.79,0.0,0.0,0.0,0.0,0.0,0.0,1.95,-83.446519524618,0.0,1,0,0,0
2010-08-06,0.0,4.961521440392934,0.0,0.0,0.0,0.0,113.79,0.0,0.0,0.0,0.0,0.0,0.0,1.95,-83.446519524618,0.0,1,0,0,0
2010-08-09,0.0,5.017962494816174,0.0,0.0,0.0,0.0,0.0,0.0,0.0,0.0,0.0,0.0,0.0,1.95,-83.446519524618,0.0,1,0,0,0
2010-08-10,0.0,4.995386073046879,0.0,0.0,0.0,0.0,0.0,0.0,0.0,0.0,0.0,0.0,0.0,1.95,-83.446519524618,0.0,1,0,0,0
2010-08-11,0.0,5.198221112380397,0.0,0.0,0.0,0.0,0.0,0.0,0.0,0.0,0.0,0.0,0.0,1.95,-83.446519524618,0.0,0,0,0,0
2010-08-12,0.0,5.209509323265045,0.0,0.0,0.0,0.0,0.0,0.0,0.0,0.0,0.0,0.0,0.0,1.95,-83.446519524618,0.0,0,0,0,0
2010-08-13,0.0,5.423985330073356,0.0,0.0,0.0,0.0,0.0,0.0,0.0,0.0,0.0,0.0,0.0,1.95,-83.446519524618,0.0,0,0,0,0
2010-08-16,0.0,13.438720879120922,0.0,0.0,0.0,0.0,0.0,0.0,0.0,0.0,0.0,0.0,0.0,10.46,436.41025641025647,0.0,0,0,0,0
2010-08-17,0.0,13.09596923076927,0.0,0.0,0.0,0.0,0.0,0.0,0.0,0.0,0.0,0.0,0.0,10.46,436.41025641025647,0.0,0,0,0,0
2010-08-18,0.0,12.782672802197844,0.0,0.0,0.0,0.0,0.0,0.0,0.0,0.0,0.0,0.0,0.0,10.46,436.41025641025647,0.0,0,0,0,0
2010-08-19,0.0,12.754110164835202,0.0,0.0,0.0,0.0,0.0,0.0,0.0,0.0,0.0,0.0,0.0,10.46,436.41025641025647,0.0,0,0,0,0
2010-08-20,0.0,12.58273434065938,0.0,0.0,0.0,0.0,0.0,0.0,0.0,0.0,0.0,0.0,0.0,10.46,436.41025641025647,0.0,0,0,0,0
2010-08-23,0.0,12.497046428571467,0.0,0.0,0.0,0.0,0.0,0.0,0.0,0.0,0.0,0.0,0.0,10.46,436.41025641025647,0.0,0,0,0,0
2010-08-24,0.0,12.554171703296744,0.0,0.0,0.0,0.0,0.0,0.0,0.0,0.0,0.0,0.0,0.0,10.46,436.41025641025647,0.0,0,0,0,0
2010-08-25,0.0,12.098062087912124,0.0,0.0,0.0,0.0,0.0,0.0,0.0,0.0,0.0,0.0,0.0,10.46,436.41025641025647,0.0,0,0,0,0
2010-08-26,0.0,11.669622527472566,0.0,0.0,0.0,0.0,0.0,0.0,0.0,0.0,0.0,0.0,0.0,10.46,436.41025641025647,0.0,0,0,0,0
2010-08-27,0.0,11.356326098901135,0.0,0.0,0.0,0.0,0.0,0.0,0.0,0.0,0.0,0.0,0.0,10.46,436.41025641025647,0.0,0,0,0,0
2010-08-30,0.0,10.927886538461571,0.0,0.0,0.0,0.0,0.0,0.0,0.0,0.0,0.0,0.0,0.0,10.46,436.41025641025647,0.0,1,1,1,0
2010-08-31,0.0,10.443214285714316,0.0,0.0,0.0,0.0,0.0,0.0,0.0,0.0,0.0,0.0,0.0,10.46,436.41025641025647,0.0,1,1,1,1
2010-09-01,0.0,10.72794807692311,0.0,0.0,0.0,0.0,0.0,0.0,0.0,0.0,0.0,0.0,0.0,10.46,436.41025641025647,0.0,1,1,1,0
2010-09-02,0.0,10.642260164835198,0.0,0.0,0.0,0.0,0.0,0.0,0.0,0.0,0.0,0.0,0.0,10.46,436.41025641025647,0.0,1,1,1,0
2010-09-03,0.0,11.384888736263772,0.0,0.0,0.0,0.0,0.0,0.0,0.0,0.0,0.0,0.0,0.0,10.46,436.41025641025647,0.0,1,1,0,0
2010-09-06,0.0,12.1551873626374,0.0,0.0,0.0,0.0,0.0,0.0,0.0,0.0,0.0,0.0,0.0,10.46,436.41025641025647,0.0,0,0,0,0
2010-09-07,0.0,12.012374175824212,0.0,0.0,0.0,0.0,0.0,0.0,0.0,0.0,0.0,0.0,0.0,10.46,436.41025641025647,0.0,0,0,0,0
2010-09-08,0.0,11.412558791208829,0.0,0.0,0.0,0.0,0.0,0.0,0.0,0.0,0.0,0.0,0.0,10.46,436.41025641025647,0.0,0,0,0,0
2010-09-09,0.0,11.356326098901135,0.0,0.0,0.0,0.0,0.0,0.0,0.0,0.0,0.0,0.0,0.0,10.46,436.41025641025647,0.0,0,0,0,0
2010-09-10,0.0,11.61249725274729,0.0,0.0,0.0,0.0,0.0,0.0,0.0,0.0,0.0,0.0,0.0,10.46,436.41025641025647,0.0,0,0,0,0
2010-09-13,0.0,11.755310439560477,0.0,0.0,0.0,0.0,0.0,0.0,0.0,0.0,0.0,0.0,0.0,10.46,436.41025641025647,0.0,0,0,0,0
2010-09-14,0.0,11.783873076923117,0.0,0.0,0.0,0.0,0.0,0.0,0.0,0.0,0.0,0.0,0.0,10.46,436.41025641025647,0.0,0,0,0,0
2010-09-15,0.0,11.698185164835202,0.0,0.0,0.0,0.0,0.0,0.0,0.0,0.0,0.0,0.0,0.0,10.46,436.41025641025647,0.0,0,0,0,0
2010-09-16,0.0,11.412558791208829,0.0,0.0,0.0,0.0,0.0,0.0,0.0,0.0,0.0,0.0,0.0,10.46,436.41025641025647,0.0,0,0,0,0
2010-09-17,0.0,11.127825000000035,0.0,0.0,0.0,0.0,0.0,0.0,0.0,0.0,0.0,0.0,0.0,10.46,436.41025641025647,0.0,1,0,0,0
2010-09-20,0.0,10.84219862637366,0.0,0.0,0.0,0.0,0.0,0.0,0.0,0.0,0.0,0.0,0.0,10.46,436.41025641025647,0.0,1,1,0,0
2010-09-21,0.0,11.29920082417586,0.0,0.0,0.0,0.0,0.0,0.0,0.0,0.0,0.0,0.0,0.0,10.46,436.41025641025647,0.0,1,0,0,0
2010-09-23,0.0,11.18495027472531,0.0,0.0,0.0,0.0,0.0,0.0,0.0,0.0,0.0,0.0,0.0,10.46,436.41025641025647,0.0,1,0,0,0
2010-09-24,0.0,11.27063818681322,0.0,0.0,0.0,0.0,0.0,0.0,0.0,0.0,0.0,0.0,0.0,10.46,436.41025641025647,0.0,1,0,0,0
2010-09-27,0.0,11.356326098901135,0.0,0.0,0.0,0.0,0.0,0.0,0.0,0.0,0.0,0.0,0.0,10.46,436.41025641025647,0.0,0,0,0,0
2010-09-28,0.0,11.18495027472531,0.0,0.0,0.0,0.0,0.0,0.0,0.0,0.0,0.0,0.0,0.0,10.46,436.41025641025647,0.0,1,0,0,0
2010-09-29,0.0,11.49824670329674,0.0,0.0,0.0,0.0,0.0,0.0,0.0,0.0,0.0,0.0,0.0,10.46,436.41025641025647,0.0,0,0,0,0
2010-09-30,0.0,12.069499450549488,0.0,0.0,0.0,0.0,0.0,0.0,0.0,0.0,0.0,0.0,0.0,10.46,436.41025641025647,0.0,0,0,0,0
2010-10-01,0.0,11.869560989011024,0.0,0.0,0.0,0.0,0.0,0.0,0.0,0.0,0.0,0.0,0.0,10.46,436.41025641025647,0.0,0,0,0,0
2010-10-04,0.0,11.356326098901135,0.0,0.0,0.0,0.0,0.0,0.0,0.0,0.0,0.0,0.0,0.0,10.46,436.41025641025647,0.0,0,0,0,0
2010-10-05,0.0,11.013574450549484,0.0,0.0,0.0,0.0,0.0,0.0,0.0,0.0,0.0,0.0,0.0,10.46,436.41025641025647,0.0,0,0,0,0
2010-10-06,0.0,11.013574450549484,0.0,0.0,0.0,0.0,0.0,0.0,0.0,0.0,0.0,0.0,0.0,10.46,436.41025641025647,0.0,0,0,0,0
2010-10-07,0.0,11.18495027472531,0.0,0.0,0.0,0.0,74.35,0.0,0.0,0.0,0.0,0.0,0.0,10.46,436.41025641025647,0.0,0,0,0,0
2010-10-08,0.0,11.156387637362672,0.0,0.0,0.0,0.0,74.35,0.0,0.0,0.0,0.0,0.0,0.0,10.46,436.41025641025647,0.0,0,0,0,0
2010-10-11,0.0,11.127825000000035,0.0,0.0,0.0,0.0,74.35,0.0,0.0,0.0,0.0,0.0,0.0,10.46,436.41025641025647,0.0,0,0,0,0
2010-10-12,0.0,10.927886538461571,0.0,0.0,0.0,0.0,74.35,0.0,0.0,0.0,0.0,0.0,0.0,10.46,436.41025641025647,0.0,0,0,0,0
2010-10-13,0.0,10.870761263736298,0.0,0.0,0.0,0.0,74.35,0.0,0.0,0.0,0.0,0.0,0.0,10.46,436.41025641025647,0.0,0,0,0,0
2010-10-14,0.0,10.75651071428575,0.0,0.0,0.0,0.0,74.35,0.0,0.0,0.0,0.0,0.0,0.0,10.46,436.41025641025647,0.0,0,0,0,0
2010-10-15,0.0,10.41465164835168,0.0,0.0,0.0,0.0,74.35,0.0,0.0,0.0,0.0,0.0,0.0,10.46,436.41025641025647,0.0,0,0,0,0
2010-10-18,0.0,10.071900000000031,0.0,0.0,0.0,0.0,74.35,0.0,0.0,0.0,0.0,0.0,0.0,10.46,436.41025641025647,0.0,1,0,0,0
2010-10-19,0.0,10.21471318681322,0.0,0.0,0.0,0.0,74.35,0.0,0.0,0.0,0.0,0.0,0.0,10.46,436.41025641025647,0.0,1,0,0,0
2010-10-20,0.0,10.699385439560473,0.0,0.0,0.0,0.0,74.35,0.0,0.0,0.0,0.0,0.0,0.0,10.46,436.41025641025647,0.0,0,0,0,0
2010-10-21,0.0,10.443214285714316,0.0,0.0,0.0,0.0,74.35,0.0,0.0,0.0,0.0,0.0,0.0,10.46,436.41025641025647,0.0,0,0,0,0
2010-10-22,0.0,10.471776923076956,0.0,0.0,0.0,0.0,74.35,0.0,0.0,0.0,0.0,0.0,0.0,10.46,436.41025641025647,0.0,0,0,0,0
2010-10-25,0.0,10.642260164835198,0.0,0.0,0.0,0.0,74.35,0.0,0.0,0.0,0.0,0.0,0.0,10.46,436.41025641025647,0.0,0,0,0,0
2010-10-26,0.0,10.642260164835198,0.0,0.0,0.0,0.0,74.35,0.0,0.0,0.0,0.0,0.0,0.0,10.46,436.41025641025647,0.0,0,0,0,0
2010-10-27,0.0,10.500339560439594,0.0,0.0,0.0,0.0,74.35,0.0,0.0,0.0,0.0,0.0,0.0,10.46,436.41025641025647,0.0,0,0,0,0
2010-10-28,0.0,10.585134890109924,0.0,0.0,0.0,0.0,74.35,0.0,0.0,0.0,0.0,0.0,0.0,10.46,436.41025641025647,0.0,0,0,0,0
2010-10-29,0.0,10.471776923076956,0.0,0.0,0.0,0.0,74.35,0.0,0.0,0.0,0.0,0.0,0.0,10.46,436.41025641025647,0.0,0,0,0,0
2010-11-01,0.0,10.129025274725306,0.0,0.0,0.0,0.0,74.35,0.0,0.0,0.0,0.0,0.0,0.0,10.46,436.41025641025647,0.0,0,0,0,0
2010-11-02,0.0,9.701478296703328,0.0,0.0,0.0,0.0,74.35,0.0,0.0,0.0,0.0,0.0,0.0,10.46,436.41025641025647,0.0,0,0,0,0
2010-11-03,0.0,9.55866510989014,0.0,0.0,0.0,0.0,74.35,0.0,0.0,0.0,0.0,0.0,0.0,10.46,436.41025641025647,0.0,0,0,0,0
2010-11-04,0.0,9.644353021978052,0.0,0.0,0.0,0.0,74.35,0.0,0.0,0.0,0.0,0.0,0.0,10.46,436.41025641025647,0.0,0,0,0,0
2010-11-05,0.0,9.67291565934069,0.0,0.0,0.0,0.0,74.35,0.0,0.0,0.0,0.0,0.0,0.0,10.46,436.41025641025647,0.0,0,0,0,0
2010-11-08,0.0,9.387289285714315,0.0,0.0,0.0,0.0,0.0,0.0,0.0,0.0,0.0,0.0,0.0,10.46,436.41025641025647,0.0,0,0,0,0
2010-11-09,0.0,9.530102472527505,0.0,0.0,0.0,0.0,0.0,0.0,0.0,0.0,0.0,0.0,0.0,10.46,436.41025641025647,0.0,0,0,0,0
2010-11-10,0.0,9.530102472527505,0.0,0.0,0.0,0.0,0.0,0.0,0.0,0.0,0.0,0.0,0.0,10.46,436.41025641025647,0.0,0,0,0,0
2010-11-11,0.0,9.44441456043959,0.0,0.0,0.0,0.0,0.0,0.0,0.0,0.0,0.0,0.0,0.0,10.46,436.41025641025647,0.0,0,0,0,0
2010-11-12,0.0,9.387289285714315,0.0,0.0,0.0,0.0,0.0,0.0,0.0,0.0,0.0,0.0,0.0,10.46,436.41025641025647,0.0,0,0,0,0
2010-11-15,0.0,18.95456013986021,0.0,0.0,0.0,0.0,0.0,0.0,0.0,0.0,0.0,0.0,0.0,6.63,-36.61567877629064,0.0,0,0,0,1
2010-11-16,0.0,17.79229510489517,0.0,0.0,0.0,0.0,0.0,0.0,0.0,0.0,0.0,0.0,0.0,6.63,-36.61567877629064,0.0,1,1,1,1
2010-11-17,0.0,18.08149720279728,0.0,0.0,0.0,0.0,0.0,0.0,0.0,0.0,0.0,0.0,0.0,6.63,-36.61567877629064,0.0,1,1,1,1
2010-11-18,0.0,17.908703496503566,0.0,0.0,0.0,0.0,0.0,0.0,0.0,0.0,0.0,0.0,0.0,6.63,-36.61567877629064,0.0,1,1,1,1
2010-11-19,0.0,18.025111888111955,0.0,0.0,0.0,0.0,0.0,0.0,0.0,0.0,0.0,0.0,0.0,6.63,-36.61567877629064,0.0,1,1,1,1
2010-11-22,0.0,18.08149720279728,0.0,0.0,0.0,0.0,0.0,0.0,0.0,0.0,0.0,0.0,0.0,6.63,-36.61567877629064,0.0,1,1,1,1
2010-11-23,0.0,18.72174335664343,0.0,0.0,0.0,0.0,0.0,0.0,0.0,0.0,0.0,0.0,0.0,6.63,-36.61567877629064,0.0,1,1,1,1
2010-11-24,0.0,18.95456013986021,0.0,0.0,0.0,0.0,0.0,0.0,0.0,0.0,0.0,0.0,0.0,6.63,-36.61567877629064,0.0,0,0,1,1
2010-11-25,0.0,19.53660209790217,0.0,0.0,0.0,0.0,0.0,0.0,0.0,0.0,0.0,0.0,0.0,6.63,-36.61567877629064,0.0,0,0,0,0
2010-11-26,0.0,18.89635594405601,0.0,0.0,0.0,0.0,0.0,0.0,0.0,0.0,0.0,0.0,0.0,6.63,-36.61567877629064,0.0,1,1,1,1
2010-11-29,0.0,18.60533496503504,0.0,0.0,0.0,0.0,0.0,0.0,0.0,0.0,0.0,0.0,0.0,6.63,-36.61567877629064,0.0,1,1,1,1
2010-11-30,0.0,18.37251818181825,0.0,0.0,0.0,0.0,0.0,0.0,0.0,0.0,0.0,0.0,0.0,6.63,-36.61567877629064,0.0,1,1,1,1
2010-12-01,0.0,18.72174335664343,0.0,0.0,0.0,0.0,0.0,0.0,0.0,0.0,0.0,0.0,0.0,6.63,-36.61567877629064,0.0,1,1,1,1
2010-12-02,0.0,18.779947552447624,0.0,0.0,0.0,0.0,0.0,0.0,0.0,0.0,0.0,0.0,0.0,6.63,-36.61567877629064,0.0,1,1,1,1
2010-12-03,0.0,19.59480629370637,0.0,0.0,0.0,0.0,0.0,0.0,0.0,0.0,0.0,0.0,0.0,6.63,-36.61567877629064,0.0,0,0,0,0
2010-12-06,0.0,19.303785314685385,0.0,0.0,0.0,0.0,0.0,0.0,0.0,0.0,0.0,0.0,0.0,6.63,-36.61567877629064,0.0,0,0,0,0
2010-12-07,0.0,19.42019370629378,0.0,0.0,0.0,0.0,0.0,0.0,0.0,0.0,0.0,0.0,0.0,6.63,-36.61567877629064,0.0,0,0,0,0
2010-12-08,0.0,19.01276433566441,0.0,0.0,0.0,0.0,0.0,0.0,0.0,0.0,0.0,0.0,0.0,6.63,-36.61567877629064,0.0,0,0,1,1
2010-12-09,0.0,19.187376923077,0.0,0.0,0.0,0.0,0.0,0.0,0.0,0.0,0.0,0.0,0.0,6.63,-36.61567877629064,0.0,0,0,1,1
2010-12-10,0.0,19.42019370629378,0.0,0.0,0.0,0.0,0.0,0.0,0.0,0.0,0.0,0.0,0.0,6.63,-36.61567877629064,0.0,0,0,0,0
2010-12-13,0.0,19.070968531468605,0.0,0.0,0.0,0.0,0.0,0.0,0.0,0.0,0.0,0.0,0.0,6.63,-36.61567877629064,0.0,0,0,1,1
2010-12-14,0.0,19.01276433566441,0.0,0.0,0.0,0.0,0.0,0.0,0.0,0.0,0.0,0.0,0.0,6.63,-36.61567877629064,0.0,0,0,1,1
2010-12-15,0.0,18.83815174825182,0.0,0.0,0.0,0.0,0.0,0.0,0.0,0.0,0.0,0.0,0.0,6.63,-36.61567877629064,0.0,1,1,1,1
2010-12-16,0.0,18.72174335664343,0.0,0.0,0.0,0.0,0.0,0.0,0.0,0.0,0.0,0.0,0.0,6.63,-36.61567877629064,0.0,1,1,1,1
2010-12-17,0.0,19.1291727272728,0.0,0.0,0.0,0.0,0.0,0.0,0.0,0.0,0.0,0.0,0.0,6.63,-36.61567877629064,0.0,0,0,1,0
2010-12-20,0.0,19.1291727272728,0.0,0.0,0.0,0.0,0.0,0.0,0.0,0.0,0.0,0.0,0.0,6.63,-36.61567877629064,0.0,0,0,1,0
2010-12-21,0.0,19.1291727272728,0.0,0.0,0.0,0.0,0.0,0.0,0.0,0.0,0.0,0.0,0.0,6.63,-36.61567877629064,0.0,0,0,1,0
2010-12-22,0.0,19.303785314685385,0.0,0.0,0.0,0.0,0.0,0.0,0.0,0.0,0.0,0.0,0.0,6.63,-36.61567877629064,0.0,0,0,1,0
2010-12-23,0.0,19.303785314685385,0.0,0.0,0.0,0.0,0.0,0.0,0.0,0.0,0.0,0.0,0.0,6.63,-36.61567877629064,0.0,0,0,1,0
2010-12-24,0.0,19.187376923077,0.0,0.0,0.0,0.0,0.0,0.0,0.0,0.0,0.0,0.0,0.0,6.63,-36.61567877629064,0.0,0,0,1,0
2010-12-27,0.0,19.070968531468605,0.0,0.0,0.0,0.0,0.0,0.0,0.0,0.0,0.0,0.0,0.0,6.63,-36.61567877629064,0.0,0,0,1,0
2010-12-28,0.0,19.1291727272728,0.0,0.0,0.0,0.0,0.0,0.0,0.0,0.0,0.0,0.0,0.0,6.63,-36.61567877629064,0.0,0,0,1,0
2010-12-29,0.0,19.070968531468605,0.0,0.0,0.0,0.0,0.0,0.0,0.0,0.0,0.0,0.0,0.0,6.63,-36.61567877629064,0.0,0,1,1,0
2010-12-30,0.0,18.779947552447624,0.0,0.0,0.0,0.0,0.0,0.0,0.0,0.0,0.0,0.0,0.0,6.63,-36.61567877629064,0.0,1,1,1,1
2010-12-31,0.0,18.89635594405601,0.0,0.0,0.0,0.0,0.0,0.0,0.0,0.0,0.0,0.0,0.0,6.63,-36.61567877629064,0.0,1,1,1,0
2011-01-03,0.0,19.01276433566441,0.0,0.0,0.0,0.0,0.0,0.0,0.0,0.0,0.0,0.0,0.0,6.63,-36.61567877629064,0.0,1,1,1,0
2011-01-04,0.0,19.53660209790217,0.0,0.0,0.0,0.0,0.0,0.0,0.0,0.0,0.0,0.0,0.0,6.63,-36.61567877629064,0.0,0,1,0,0
2011-01-05,0.0,19.070968531468605,0.0,0.0,0.0,0.0,0.0,0.0,0.0,0.0,0.0,0.0,0.0,6.63,-36.61567877629064,0.0,1,1,1,0
2011-01-06,0.0,19.53660209790217,0.0,0.0,0.0,0.0,0.0,0.0,0.0,0.0,0.0,0.0,0.0,6.63,-36.61567877629064,0.0,0,1,0,0
2011-01-07,0.0,19.303785314685385,0.0,0.0,0.0,0.0,33.51,0.0,0.0,0.0,0.0,0.0,0.0,6.63,-36.61567877629064,0.0,0,1,0,0
2011-01-10,0.0,19.070968531468605,0.0,0.0,0.0,0.0,33.51,0.0,0.0,0.0,0.0,0.0,0.0,6.63,-36.61567877629064,0.0,0,1,1,0
2011-01-11,0.0,19.303785314685385,0.0,0.0,0.0,0.0,33.51,0.0,0.0,0.0,0.0,0.0,0.0,6.63,-36.61567877629064,0.0,0,1,0,0
2011-01-12,0.0,18.89635594405601,0.0,0.0,0.0,0.0,33.51,0.0,0.0,0.0,0.0,0.0,0.0,6.63,-36.61567877629064,0.0,1,1,1,0
2011-01-13,0.0,19.24558111888119,0.0,0.0,0.0,0.0,33.51,0.0,0.0,0.0,0.0,0.0,0.0,6.63,-36.61567877629064,0.0,1,1,0,0
2011-01-14,0.0,19.070968531468605,0.0,0.0,0.0,0.0,33.51,0.0,0.0,0.0,0.0,0.0,0.0,6.63,-36.61567877629064,0.0,1,1,0,0
2011-01-17,0.0,19.01276433566441,0.0,0.0,0.0,0.0,33.51,0.0,0.0,0.0,0.0,0.0,0.0,6.63,-36.61567877629064,0.0,1,1,0,0
2011-01-18,0.0,19.303785314685385,0.0,0.0,0.0,0.0,33.51,0.0,0.0,0.0,0.0,0.0,0.0,6.63,-36.61567877629064,0.0,1,1,0,0
2011-01-19,0.0,19.303785314685385,0.0,0.0,0.0,0.0,33.51,0.0,0.0,0.0,0.0,0.0,0.0,6.63,-36.61567877629064,0.0,1,1,0,0
2011-01-20,0.0,19.187376923077,0.0,0.0,0.0,0.0,33.51,0.0,0.0,0.0,0.0,0.0,0.0,6.63,-36.61567877629064,0.0,1,1,0,0
2011-01-21,0.0,19.53660209790217,0.0,0.0,0.0,0.0,33.51,0.0,0.0,0.0,0.0,0.0,0.0,6.63,-36.61567877629064,0.0,1,1,0,0
2011-01-24,0.0,18.89635594405601,0.0,0.0,0.0,0.0,33.51,0.0,0.0,0.0,0.0,0.0,0.0,6.63,-36.61567877629064,0.0,1,1,0,0
2011-01-25,0.0,19.24558111888119,0.0,0.0,0.0,0.0,33.51,0.0,0.0,0.0,0.0,0.0,0.0,6.63,-36.61567877629064,0.0,1,1,0,0
2011-01-26,0.0,20.29143776223784,0.0,0.0,0.0,0.0,33.51,0.0,0.0,0.0,0.0,0.0,0.0,6.63,-36.61567877629064,0.0,1,0,0,0
2011-01-27,0.0,20.05862097902105,0.0,0.0,0.0,0.0,33.51,0.0,0.0,0.0,0.0,0.0,0.0,6.63,-36.61567877629064,0.0,1,0,0,0
2011-01-28,0.0,21.45552167832176,0.0,0.0,0.0,0.0,33.51,0.0,0.0,0.0,0.0,0.0,0.0,6.63,-36.61567877629064,0.0,0,0,0,0
2011-02-08,0.0,22.44317412587421,0.0,0.0,0.0,0.0,0.0,0.0,0.0,0.0,0.0,0.0,0.0,6.63,-36.61567877629064,0.0,0,0,0,0
2011-02-09,0.0,20.873479720279803,0.0,0.0,0.0,0.0,0.0,0.0,0.0,0.0,0.0,0.0,0.0,6.63,-36.61567877629064,0.0,0,0,0,0
2011-02-10,0.0,20.98988811188819,0.0,0.0,0.0,0.0,0.0,0.0,0.0,0.0,0.0,0.0,0.0,6.63,-36.61567877629064,0.0,0,0,0,0
2011-02-11,0.0,20.05862097902105,0.0,0.0,0.0,0.0,0.0,0.0,0.0,0.0,0.0,0.0,0.0,6.63,-36.61567877629064,0.0,0,0,0,0
2011-02-14,0.0,1.0429506962320925,0.0,0.0,0.0,0.0,0.0,0.0,0.0,0.0,0.0,0.0,0.0,-53.02,-899.6983408748116,0.0,0,0,0,0
2011-02-15,0.0,1.0665451976668234,0.0,0.0,0.0,0.0,0.0,0.0,0.0,0.0,0.0,0.0,0.0,-53.02,-899.6983408748116,0.0,0,0,0,0
2011-02-16,0.0,1.0812917610635302,0.0,0.0,0.0,0.0,0.0,0.0,0.0,0.0,0.0,0.0,0.0,-53.02,-899.6983408748116,0.0,0,0,0,0
2011-02-17,0.0,1.0370520708734097,0.0,0.0,0.0,0.0,0.0,0.0,0.0,0.0,0.0,0.0,0.0,-53.02,-899.6983408748116,0.0,0,0,0,0
2011-02-18,0.0,1.040001383552751,0.0,0.0,0.0,0.0,0.0,0.0,0.0,0.0,0.0,0.0,0.0,-53.02,-899.6983408748116,0.0,0,0,0,0
2011-02-21,0.0,1.045900008911434,0.0,0.0,0.0,0.0,0.0,0.0,0.0,0.0,0.0,0.0,0.0,-53.02,-899.6983408748116,0.0,0,0,0,0
2011-02-22,0.0,0.9781579833078116,0.0,0.0,0.0,0.0,0.0,0.0,0.0,0.0,0.0,0.0,0.0,-53.02,-899.6983408748116,0.0,0,0,0,0
2011-02-23,0.0,0.9221210424003256,0.0,0.0,0.0,0.0,0.0,0.0,0.0,0.0,0.0,0.0,0.0,-53.02,-899.6983408748116,0.0,1,0,0,0
2011-02-24,0.0,0.93096898043835,0.0,0.0,0.0,0.0,0.0,0.0,0.0,0.0,0.0,0.0,0.0,-53.02,-899.6983408748116,0.0,0,0,0,0
2011-02-25,0.0,0.933918293117691,0.0,0.0,0.0,0.0,0.0,0.0,0.0,0.0,0.0,0.0,0.0,-53.02,-899.6983408748116,0.0,0,0,0,0
2011-03-01,0.0,0.93096898043835,0.0,0.0,0.0,0.0,0.0,0.0,0.0,0.0,0.0,0.0,0.0,-53.02,-899.6983408748116,0.0,0,0,0,0
2011-03-02,0.0,0.9045173323455068,0.0,0.0,0.0,0.0,0.0,0.0,0.0,0.0,0.0,0.0,0.0,-53.02,-899.6983408748116,0.0,1,0,0,0
2011-03-03,0.0,0.9280196677590083,0.0,0.0,0.0,0.0,0.0,0.0,0.0,0.0,0.0,0.0,0.0,-53.02,-899.6983408748116,0.0,0,0,0,0
2011-03-04,0.0,0.9398169184763738,0.0,0.0,0.0,0.0,0.0,0.0,0.0,0.0,0.0,0.0,0.0,-53.02,-899.6983408748116,0.0,0,0,0,0
2011-03-07,0.0,0.9280196677590083,0.0,0.0,0.0,0.0,0.0,0.0,0.0,0.0,0.0,0.0,0.0,-53.02,-899.6983408748116,0.0,0,0,0,0
2011-03-08,0.0,0.9457155438350566,0.0,0.0,0.0,0.0,0.0,0.0,0.0,0.0,0.0,0.0,0.0,-53.02,-899.6983408748116,0.0,0,0,0,0
2011-03-09,0.0,0.9545634818730808,0.0,0.0,0.0,0.0,0.0,0.0,0.0,0.0,0.0,0.0,0.0,-53.02,-899.6983408748116,0.0,0,0,0,0
2011-03-10,0.0,0.9221210424003256,0.0,0.0,0.0,0.0,0.0,0.0,0.0,0.0,0.0,0.0,0.0,-53.02,-899.6983408748116,0.0,0,0,0,0
2011-03-11,0.0,0.9133652703835308,0.0,0.0,0.0,0.0,0.0,0.0,0.0,0.0,0.0,0.0,0.0,-53.02,-899.6983408748116,0.0,0,0,0,0
2011-03-14,0.0,0.9368676057970328,0.0,0.0,0.0,0.0,0.0,0.0,0.0,0.0,0.0,0.0,0.0,-53.02,-899.6983408748116,0.0,0,0,0,0
2011-03-15,0.0,0.8838721435901173,0.0,0.0,0.0,0.0,0.0,0.0,0.0,0.0,0.0,0.0,0.0,-53.02,-899.6983408748116,0.0,0,1,0,0
2011-03-16,0.0,0.8868214562694585,0.0,0.0,0.0,0.0,0.0,0.0,0.0,0.0,0.0,0.0,0.0,-53.02,-899.6983408748116,0.0,0,0,0,0
2011-03-17,0.0,0.8278352026826311,0.0,0.0,0.0,0.0,0.0,0.0,0.0,0.0,0.0,0.0,0.0,-53.02,-899.6983408748116,0.0,1,1,1,0
2011-03-18,0.0,0.8425817660793381,0.0,0.0,0.0,0.0,0.0,0.0,0.0,0.0,0.0,0.0,0.0,-53.02,-899.6983408748116,0.0,1,1,1,0
2011-03-21,0.0,0.8602776421553864,0.0,0.0,0.0,0.0,0.0,0.0,0.0,0.0,0.0,0.0,0.0,-53.02,-899.6983408748116,0.0,1,1,0,0
2011-03-22,0.0,0.8573283294760449,0.0,0.0,0.0,0.0,0.0,0.0,0.0,0.0,0.0,0.0,0.0,-53.02,-899.6983408748116,0.0,1,1,0,0
2011-03-23,0.0,0.8484803914380208,0.0,0.0,0.0,0.0,0.0,0.0,0.0,0.0,0.0,0.0,0.0,-53.02,-899.6983408748116,0.0,1,1,0,0
2011-03-24,0.0,0.9074666450248482,0.0,0.0,0.0,0.0,0.0,0.0,0.0,0.0,0.0,0.0,0.0,-53.02,-899.6983408748116,0.0,0,0,0,0
2011-03-25,0.0,0.9104159577041896,0.0,0.0,0.0,0.0,0.0,0.0,0.0,0.0,0.0,0.0,0.0,-53.02,-899.6983408748116,0.0,0,0,0,0
2011-03-28,0.0,0.9015680196661654,0.0,0.0,0.0,0.0,0.0,0.0,0.0,0.0,0.0,0.0,0.0,-53.02,-899.6983408748116,0.0,1,0,0,0
2011-03-29,0.0,0.8986187069868241,0.0,0.0,0.0,0.0,0.0,0.0,0.0,0.0,0.0,0.0,0.0,-53.02,-899.6983408748116,0.0,1,0,0,0
2011-03-30,0.0,0.9133652703835308,0.0,0.0,0.0,0.0,0.0,0.0,0.0,0.0,0.0,0.0,0.0,-53.02,-899.6983408748116,0.0,0,0,0,0
2011-03-31,0.0,0.9045173323455068,0.0,0.0,0.0,0.0,0.0,0.0,0.0,0.0,0.0,0.0,0.0,-53.02,-899.6983408748116,0.0,0,0,0,0
2011-04-01,0.0,0.9162224170416428,0.0,0.0,0.0,0.0,0.0,0.0,0.0,0.0,0.0,0.0,0.0,-53.02,-899.6983408748116,0.0,0,0,0,0
2011-04-06,0.0,0.9221210424003256,0.0,0.0,0.0,0.0,0.0,0.0,0.0,0.0,0.0,0.0,0.0,-53.02,-899.6983408748116,0.0,0,0,0,0
2011-04-07,0.0,0.9250703550796672,0.0,0.0,0.0,0.0,-23.76,0.0,0.0,0.0,0.0,0.0,0.0,-53.02,-899.6983408748116,0.0,0,0,0,0
2011-04-08,0.0,0.9221210424003256,0.0,0.0,0.0,0.0,-23.76,0.0,0.0,0.0,0.0,0.0,0.0,-53.02,-899.6983408748116,0.0,0,0,0,0
2011-04-11,0.0,0.9104159577041896,0.0,0.0,0.0,0.0,-23.76,0.0,0.0,0.0,0.0,0.0,0.0,-53.02,-899.6983408748116,0.0,0,0,0,0
2011-04-12,0.0,0.8956693943074827,0.0,0.0,0.0,0.0,-23.76,0.0,0.0,0.0,0.0,0.0,0.0,-53.02,-899.6983408748116,0.0,0,0,0,0
2011-04-13,0.0,0.8927200816281413,0.0,0.0,0.0,0.0,-23.76,0.0,0.0,0.0,0.0,0.0,0.0,-53.02,-899.6983408748116,0.0,0,0,0,0
2011-04-14,0.0,0.8927200816281413,0.0,0.0,0.0,0.0,-23.76,0.0,0.0,0.0,0.0,0.0,0.0,-53.02,-899.6983408748116,0.0,0,0,0,0
2011-04-15,0.0,0.8779735182314344,0.0,0.0,0.0,0.0,-23.76,0.0,0.0,0.0,0.0,0.0,0.0,-53.02,-899.6983408748116,0.0,0,0,0,0
2011-04-18,0.0,0.8602776421553864,0.0,0.0,0.0,0.0,-23.76,0.0,0.0,0.0,0.0,0.0,0.0,-53.02,-899.6983408748116,0.0,1,0,0,0
2011-04-19,0.0,0.8632269548347277,0.0,0.0,0.0,0.0,-23.76,0.0,0.0,0.0,0.0,0.0,0.0,-53.02,-899.6983408748116,0.0,0,0,0,0
2011-04-20,0.0,0.8779735182314344,0.0,0.0,0.0,0.0,-23.76,0.0,0.0,0.0,0.0,0.0,0.0,-53.02,-899.6983408748116,0.0,0,0,0,0
2011-04-21,0.0,0.8779735182314344,0.0,0.0,0.0,0.0,-23.76,0.0,0.0,0.0,0.0,0.0,0.0,-53.02,-899.6983408748116,0.0,0,0,0,0
2011-04-22,0.0,0.880922830910776,0.0,0.0,0.0,0.0,-23.76,0.0,0.0,0.0,0.0,0.0,0.0,-53.02,-899.6983408748116,0.0,0,0,0,0
2011-04-25,0.0,0.8661762675140691,0.0,0.0,0.0,0.0,-23.76,0.0,0.0,0.0,0.0,0.0,0.0,-53.02,-899.6983408748116,0.0,0,0,0,0
2011-04-26,0.0,0.880922830910776,0.0,0.0,0.0,0.0,-23.76,0.0,0.0,0.0,0.0,0.0,0.0,-53.02,-899.6983408748116,0.0,0,0,0,0
2011-04-27,0.0,0.9015680196661654,0.0,0.0,0.0,0.0,-23.76,0.0,0.0,0.0,0.0,0.0,0.0,-53.02,-899.6983408748116,0.0,0,0,0,0
2011-04-28,0.0,0.8779735182314344,0.0,0.0,0.0,0.0,-23.76,0.0,0.0,0.0,0.0,0.0,0.0,-53.02,-899.6983408748116,0.0,0,0,0,0
2011-04-29,0.0,0.8543790167967036,0.0,0.0,0.0,0.0,-23.76,0.0,0.0,0.0,0.0,0.0,0.0,-53.02,-899.6983408748116,0.0,0,0,0,0
2011-05-03,0.0,0.7984342419104469,0.0,0.0,0.0,0.0,-23.76,0.0,0.0,0.0,0.0,0.0,0.0,-53.02,-899.6983408748116,0.0,0,0,0,0
2011-05-04,0.0,0.8514297041173622,0.0,0.0,0.0,0.0,-23.76,0.0,0.0,0.0,0.0,0.0,0.0,-53.02,-899.6983408748116,0.0,0,0,0,0
2011-05-05,0.0,0.8337338280413139,0.0,0.0,0.0,0.0,-23.76,0.0,0.0,0.0,0.0,0.0,0.0,-53.02,-899.6983408748116,0.0,0,0,0,0
2011-05-06,0.0,0.8337338280413139,0.0,0.0,0.0,0.0,-23.76,0.0,0.0,0.0,0.0,0.0,0.0,-53.02,-899.6983408748116,0.0,0,0,0,0
2011-05-09,0.0,0.822028743345178,0.0,0.0,0.0,0.0,0.0,0.0,0.0,0.0,0.0,0.0,0.0,-53.02,-899.6983408748116,0.0,0,0,0,0
2011-05-10,0.0,0.7895863038724228,0.0,0.0,0.0,0.0,0.0,0.0,0.0,0.0,0.0,0.0,0.0,-53.02,-899.6983408748116,0.0,0,0,0,0
2011-05-11,0.0,0.7866369911930814,0.0,0.0,0.0,0.0,0.0,0.0,0.0,0.0,0.0,0.0,0.0,-53.02,-899.6983408748116,0.0,0,0,0,0
2011-05-12,0.0,0.7895863038724228,0.0,0.0,0.0,0.0,0.0,0.0,0.0,0.0,0.0,0.0,0.0,-53.02,-899.6983408748116,0.0,0,0,0,0
2011-05-13,0.0,0.7866369911930814,0.0,0.0,0.0,0.0,0.0,0.0,0.0,0.0,0.0,0.0,0.0,-53.02,-899.6983408748116,0.0,0,0,0,0
2011-05-16,0.0,-0.0378018455800362,0.0,0.0,0.0,0.0,0.0,0.0,0.0,0.0,0.0,0.0,0.0,-48.53,8.468502451904945,0.0,0,0,0,0
2011-05-17,0.0,-0.0360530707452549,0.0,0.0,0.0,0.0,0.0,0.0,0.0,0.0,0.0,0.0,0.0,-48.53,8.468502451904945,0.0,0,0,0,0
2011-05-18,0.0,-0.0366375176874273,0.0,0.0,0.0,0.0,0.0,0.0,0.0,0.0,0.0,0.0,0.0,-48.53,8.468502451904945,0.0,0,0,0,0
2011-05-19,0.0,-0.0370712869023208,0.0,0.0,0.0,0.0,0.0,0.0,0.0,0.0,0.0,0.0,0.0,-48.53,8.468502451904945,0.0,0,0,0,0
2011-05-20,0.0,-0.036199182480798,0.0,0.0,0.0,0.0,0.0,0.0,0.0,0.0,0.0,0.0,0.0,-48.53,8.468502451904945,0.0,0,0,0,0
2011-05-23,0.0,-0.0337152829765657,0.0,0.0,0.0,0.0,0.0,0.0,0.0,0.0,0.0,0.0,0.0,-48.53,8.468502451904945,0.0,0,0,0,0
2011-05-24,0.0,-0.0326925008277641,0.0,0.0,0.0,0.0,0.0,0.0,0.0,0.0,0.0,0.0,0.0,-48.53,8.468502451904945,0.0,1,0,0,0
2011-05-25,0.0,-0.0321126198773275,0.0,0.0,0.0,0.0,0.0,0.0,0.0,0.0,0.0,0.0,0.0,-48.53,8.468502451904945,0.0,1,0,0,0
2011-05-26,0.0,-0.0324002773566779,0.0,0.0,0.0,0.0,0.0,0.0,0.0,0.0,0.0,0.0,0.0,-48.53,8.468502451904945,0.0,1,0,0,0
2011-05-27,0.0,-0.0337152829765657,0.0,0.0,0.0,0.0,0.0,0.0,0.0,0.0,0.0,0.0,0.0,-48.53,8.468502451904945,0.0,0,0,0,0
2011-05-30,0.0,-0.0324002773566779,0.0,0.0,0.0,0.0,0.0,0.0,0.0,0.0,0.0,0.0,0.0,-48.53,8.468502451904945,0.0,1,0,0,0
2011-05-31,0.0,-0.0341536181831949,0.0,0.0,0.0,0.0,0.0,0.0,0.0,0.0,0.0,0.0,0.0,-48.53,8.468502451904945,0.0,0,0,0,0
2011-06-01,0.0,-0.0344458416542811,0.0,0.0,0.0,0.0,0.0,0.0,0.0,0.0,0.0,0.0,0.0,-48.53,8.468502451904945,0.0,0,0,0,0
2011-06-02,0.0,-0.0340075064476518,0.0,0.0,0.0,0.0,0.0,0.0,0.0,0.0,0.0,0.0,0.0,-48.53,8.468502451904945,0.0,0,0,0,0
2011-06-03,0.0,-0.0344458416542811,0.0,0.0,0.0,0.0,0.0,0.0,0.0,0.0,0.0,0.0,0.0,-48.53,8.468502451904945,0.0,0,0,0,0
2011-06-07,0.0,-0.0337152829765657,0.0,0.0,0.0,0.0,0.0,0.0,0.0,0.0,0.0,0.0,0.0,-48.53,8.468502451904945,0.0,0,0,0,0
2011-06-08,0.0,-0.0329847242988503,0.0,0.0,0.0,0.0,0.0,0.0,0.0,0.0,0.0,0.0,0.0,-48.53,8.468502451904945,0.0,0,0,0,0
2011-06-09,0.0,-0.0332769477699364,0.0,0.0,0.0,0.0,0.0,0.0,0.0,0.0,0.0,0.0,0.0,-48.53,8.468502451904945,0.0,0,0,0,0
2011-06-10,0.0,-0.0322587316128706,0.0,0.0,0.0,0.0,0.0,0.0,0.0,0.0,0.0,0.0,0.0,-48.53,8.468502451904945,0.0,0,0,0,0
2011-06-13,0.0,-0.031235949464069,0.0,0.0,0.0,0.0,0.0,0.0,0.0,0.0,0.0,0.0,0.0,-48.53,8.468502451904945,0.0,0,0,0,0
2011-06-14,0.0,-0.0303592790508105,0.0,0.0,0.0,0.0,0.0,0.0,0.0,0.0,0.0,0.0,0.0,-48.53,8.468502451904945,0.0,0,0,0,0
2011-06-15,0.0,-0.0303592790508105,0.0,0.0,0.0,0.0,0.0,0.0,0.0,0.0,0.0,0.0,0.0,-48.53,8.468502451904945,0.0,0,0,0,0
2011-06-16,0.0,-0.029336496902009,0.0,0.0,0.0,0.0,0.0,0.0,0.0,0.0,0.0,0.0,0.0,-48.53,8.468502451904945,0.0,0,0,0,0
2011-06-17,0.0,-0.0272954985961416,0.0,0.0,0.0,0.0,0.0,0.0,0.0,0.0,0.0,0.0,0.0,-48.53,8.468502451904945,0.0,0,0,0,0
2011-06-20,0.0,-0.0257476273977321,0.0,0.0,0.0,0.0,0.0,0.0,0.0,0.0,0.0,0.0,0.0,-48.53,8.468502451904945,0.0,0,0,0,0
2011-06-21,0.0,-0.0253960460340815,0.0,0.0,0.0,0.0,0.0,0.0,0.0,0.0,0.0,0.0,0.0,-48.53,8.468502451904945,0.0,0,0,0,0
2011-06-22,0.0,-0.0261266047117969,0.0,0.0,0.0,0.0,0.0,0.0,0.0,0.0,0.0,0.0,0.0,-48.53,8.468502451904945,0.0,0,0,0,0
2011-06-23,0.0,-0.0256882695051677,0.0,0.0,0.0,0.0,0.0,0.0,0.0,0.0,0.0,0.0,0.0,-48.53,8.468502451904945,0.0,0,0,0,0
2011-06-24,0.0,-0.0241130023563439,0.0,0.0,0.0,0.0,0.0,0.0,0.0,0.0,0.0,0.0,0.0,-48.53,8.468502451904945,0.0,0,0,0,0
2011-06-27,0.0,-0.0229715044224136,0.0,0.0,0.0,0.0,0.0,0.0,0.0,0.0,0.0,0.0,0.0,-48.53,8.468502451904945,0.0,1,0,0,0
2011-06-28,0.0,-0.0238207788852577,0.0,0.0,0.0,0.0,0.0,0.0,0.0,0.0,0.0,0.0,0.0,-48.53,8.468502451904945,0.0,0,0,0,0
2011-06-29,0.0,-0.0230034663645636,0.0,0.0,0.0,0.0,0.0,0.0,0.0,0.0,0.0,0.0,0.0,-48.53,8.468502451904945,0.0,1,0,0,0
2011-06-30,0.0,-0.0236472711993003,0.0,0.0,0.0,0.0,0.0,0.0,0.0,0.0,0.0,0.0,0.0,-48.53,8.468502451904945,0.0,0,0,0,0
2011-07-01,0.0,-0.0232637278934997,0.0,0.0,0.0,0.0,0.0,0.0,0.0,0.0,0.0,0.0,0.0,-48.53,8.468502451904945,0.0,0,0,0,0
2011-07-04,0.0,-0.0248709569844736,0.0,0.0,0.0,0.0,0.0,0.0,0.0,0.0,0.0,0.0,0.0,-48.53,8.468502451904945,0.0,0,0,0,0
2011-07-05,0.0,-0.023734025042279,0.0,0.0,0.0,0.0,0.0,0.0,0.0,0.0,0.0,0.0,0.0,-48.53,8.468502451904945,0.0,0,0,0,0
2011-07-06,0.0,-0.0238801367778221,0.0,0.0,0.0,0.0,0.0,0.0,0.0,0.0,0.0,0.0,0.0,-48.53,8.468502451904945,0.0,0,0,0,0
2011-07-07,0.0,-0.023848174835672,0.0,0.0,0.0,0.0,-25.49,0.0,0.0,0.0,0.0,0.0,0.0,-48.53,8.468502451904945,0.0,0,0,0,0
2011-07-08,0.0,-0.0236746671497146,0.0,0.0,0.0,0.0,-25.49,0.0,0.0,0.0,0.0,0.0,0.0,-48.53,8.468502451904945,0.0,0,0,0,0
2011-07-11,0.0,-0.0231176161579566,0.0,0.0,0.0,0.0,-25.49,0.0,0.0,0.0,0.0,0.0,0.0,-48.53,8.468502451904945,0.0,0,0,0,0
2011-07-12,0.0,-0.0221267959513051,0.0,0.0,0.0,0.0,-25.49,0.0,0.0,0.0,0.0,0.0,0.0,-48.53,8.468502451904945,0.0,0,0,0,0
2011-07-13,0.0,-0.0211040138025036,0.0,0.0,0.0,0.0,-25.49,0.0,0.0,0.0,0.0,0.0,0.0,-48.53,8.468502451904945,0.0,0,0,0,0
2011-07-14,0.0,-0.0204647749595026,0.0,0.0,0.0,0.0,-25.49,0.0,0.0,0.0,0.0,0.0,0.0,-48.53,8.468502451904945,0.0,0,0,0,0
2011-07-15,0.0,-0.0218939303727833,0.0,0.0,0.0,0.0,-25.49,0.0,0.0,0.0,0.0,0.0,0.0,-48.53,8.468502451904945,0.0,0,0,0,0
2011-07-18,0.0,-0.0209031101661318,0.0,0.0,0.0,0.0,-25.49,0.0,0.0,0.0,0.0,0.0,0.0,-48.53,8.468502451904945,0.0,0,0,0,0
2011-07-19,0.0,-0.0207569984305888,0.0,0.0,0.0,0.0,-25.49,0.0,0.0,0.0,0.0,0.0,0.0,-48.53,8.468502451904945,0.0,0,0,0,0
2011-07-20,0.0,-0.0193232770255723,0.0,0.0,0.0,0.0,-25.49,0.0,0.0,0.0,0.0,0.0,0.0,-48.53,8.468502451904945,0.0,0,0,0,0
2011-07-21,0.0,-0.0181863450833777,0.0,0.0,0.0,0.0,-25.49,0.0,0.0,0.0,0.0,0.0,0.0,-48.53,8.468502451904945,0.0,1,0,0,0
2011-07-22,0.0,-0.019441992810701,0.0,0.0,0.0,0.0,-25.49,0.0,0.0,0.0,0.0,0.0,0.0,-48.53,8.468502451904945,0.0,0,0,0,0
2011-07-25,0.0,-0.0194145968602867,0.0,0.0,0.0,0.0,-25.49,0.0,0.0,0.0,0.0,0.0,0.0,-48.53,8.468502451904945,0.0,0,0,0,0
2011-07-26,0.0,-0.0202867012818095,0.0,0.0,0.0,0.0,-25.49,0.0,0.0,0.0,0.0,0.0,0.0,-48.53,8.468502451904945,0.0,0,0,0,0
2011-07-27,0.0,-0.0196155004966584,0.0,0.0,0.0,0.0,-25.49,0.0,0.0,0.0,0.0,0.0,0.0,-48.53,8.468502451904945,0.0,0,0,0,0
2011-07-28,0.0,-0.0193826349181367,0.0,0.0,0.0,0.0,-25.49,0.0,0.0,0.0,0.0,0.0,0.0,-48.53,8.468502451904945,0.0,0,0,0,0
2011-07-29,0.0,-0.0195013507032654,0.0,0.0,0.0,0.0,-25.49,0.0,0.0,0.0,0.0,0.0,0.0,-48.53,8.468502451904945,0.0,0,0,0,0
2011-08-01,0.0,-0.0197022543396371,0.0,0.0,0.0,0.0,-25.49,0.0,0.0,0.0,0.0,0.0,0.0,-48.53,8.468502451904945,0.0,0,0,0,0
2011-08-02,0.0,-0.0186840381825713,0.0,0.0,0.0,0.0,-25.49,0.0,0.0,0.0,0.0,0.0,0.0,-48.53,8.468502451904945,0.0,0,0,0,0
2011-08-03,0.0,-0.0183324568189208,0.0,0.0,0.0,0.0,-25.49,0.0,0.0,0.0,0.0,0.0,0.0,-48.53,8.468502451904945,0.0,0,0,0,0
2011-08-04,0.0,-0.0178073677693128,0.0,0.0,0.0,0.0,-25.49,0.0,0.0,0.0,0.0,0.0,0.0,-48.53,8.468502451904945,0.0,0,0,0,0
2011-08-05,0.0,-0.0165791159924038,0.0,0.0,0.0,0.0,-25.49,0.0,0.0,0.0,0.0,0.0,0.0,-48.53,8.468502451904945,0.0,0,0,0,0
2011-08-08,0.0,-0.0154421840502092,0.0,0.0,0.0,0.0,0.0,0.0,0.0,0.0,0.0,0.0,0.0,-48.53,8.468502451904945,0.0,0,0,0,0
2011-08-09,0.0,-0.0143600440088433,0.0,0.0,0.0,0.0,0.0,0.0,0.0,0.0,0.0,0.0,0.0,-48.53,8.468502451904945,0.0,0,0,0,0
2011-08-10,0.0,-0.0145061557443864,0.0,0.0,0.0,0.0,0.0,0.0,0.0,0.0,0.0,0.0,0.0,-48.53,8.468502451904945,0.0,0,0,0,0
2011-08-11,0.0,-0.0138349549592353,0.0,0.0,0.0,0.0,0.0,0.0,0.0,0.0,0.0,0.0,0.0,-48.53,8.468502451904945,0.0,0,0,0,0
2011-08-12,0.0,-0.01313635822367,0.0,0.0,0.0,0.0,0.0,0.0,0.0,0.0,0.0,0.0,0.0,-48.53,8.468502451904945,0.0,0,0,0,0
2011-08-15,0.0,-0.0015406733471531,0.0,0.0,0.0,0.0,0.0,0.0,0.0,0.0,0.0,0.0,0.0,-34.15,29.63115598598805,0.0,0,0,0,0
2011-08-16,0.0,-0.0015047003203683,0.0,0.0,0.0,0.0,0.0,0.0,0.0,0.0,0.0,0.0,0.0,-34.15,29.63115598598805,0.0,0,0,0,0
2011-08-17,0.0,-0.0015077837226642,0.0,0.0,0.0,0.0,0.0,0.0,0.0,0.0,0.0,0.0,0.0,-34.15,29.63115598598805,0.0,0,0,0,0
2011-08-18,0.0,-0.0014029480446057,0.0,0.0,0.0,0.0,0.0,0.0,0.0,0.0,0.0,0.0,0.0,-34.15,29.63115598598805,0.0,1,0,0,0
2011-08-19,0.0,-0.0013078764738174,0.0,0.0,0.0,0.0,0.0,0.0,0.0,0.0,0.0,0.0,0.0,-34.15,29.63115598598805,0.0,1,1,1,0
2011-08-22,0.0,-0.0012287358148909,0.0,0.0,0.0,0.0,0.0,0.0,0.0,0.0,0.0,0.0,0.0,-34.15,29.63115598598805,0.0,1,1,1,0
2011-08-23,0.0,-0.0013140432784091,0.0,0.0,0.0,0.0,0.0,0.0,0.0,0.0,0.0,0.0,0.0,-34.15,29.63115598598805,0.0,1,1,1,0
2011-08-24,0.0,-0.0014060314469016,0.0,0.0,0.0,0.0,0.0,0.0,0.0,0.0,0.0,0.0,0.0,-34.15,29.63115598598805,0.0,1,0,0,0
2011-08-25,0.0,-0.001498019615394,0.0,0.0,0.0,0.0,0.0,0.0,0.0,0.0,0.0,0.0,0.0,-34.15,29.63115598598805,0.0,0,0,0,0
2011-08-26,0.0,-0.0014127121518759,0.0,0.0,0.0,0.0,0.0,0.0,0.0,0.0,0.0,0.0,0.0,-34.15,29.63115598598805,0.0,1,0,0,0
2011-08-29,0.0,-0.0015113810253426,0.0,0.0,0.0,0.0,0.0,0.0,0.0,0.0,0.0,0.0,0.0,-34.15,29.63115598598805,0.0,0,0,0,0
2011-08-30,0.0,-0.0016162167034011,0.0,0.0,0.0,0.0,0.0,0.0,0.0,0.0,0.0,0.0,0.0,-34.15,29.63115598598805,0.0,0,0,0,0
2011-08-31,0.0,-0.0017282469868165,0.0,0.0,0.0,0.0,0.0,0.0,0.0,0.0,0.0,0.0,0.0,-34.15,29.63115598598805,0.0,0,0,0,0
2011-09-01,0.0,-0.0016100498988094,0.0,0.0,0.0,0.0,0.0,0.0,0.0,0.0,0.0,0.0,0.0,-34.15,29.63115598598805,0.0,0,0,0,0
2011-09-02,0.0,-0.001498019615394,0.0,0.0,0.0,0.0,0.0,0.0,0.0,0.0,0.0,0.0,0.0,-34.15,29.63115598598805,0.0,0,0,0,0
2011-09-05,0.0,-0.0013962673396314,0.0,0.0,0.0,0.0,0.0,0.0,0.0,0.0,0.0,0.0,0.0,-34.15,29.63115598598805,0.0,0,0,0,0
2011-09-06,0.0,-0.0013011957688431,0.0,0.0,0.0,0.0,0.0,0.0,0.0,0.0,0.0,0.0,0.0,-34.15,29.63115598598805,0.0,0,0,0,0
2011-09-07,0.0,-0.0012518613321097,0.0,0.0,0.0,0.0,0.0,0.0,0.0,0.0,0.0,0.0,0.0,-34.15,29.63115598598805,0.0,1,1,0,0
2011-09-08,0.0,-0.0012256524125951,0.0,0.0,0.0,0.0,0.0,0.0,0.0,0.0,0.0,0.0,0.0,-34.15,29.63115598598805,0.0,1,1,0,0
2011-09-09,0.0,-0.0013109598761132,0.0,0.0,0.0,0.0,0.0,0.0,0.0,0.0,0.0,0.0,0.0,-34.15,29.63115598598805,0.0,0,0,0,0
2011-09-13,0.0,-0.001346932902898,0.0,0.0,0.0,0.0,0.0,0.0,0.0,0.0,0.0,0.0,0.0,-34.15,29.63115598598805,0.0,0,0,0,0
2011-09-14,0.0,-0.0012914316615729,0.0,0.0,0.0,0.0,0.0,0.0,0.0,0.0,0.0,0.0,0.0,-34.15,29.63115598598805,0.0,0,0,0,0
2011-09-15,0.0,-0.001346932902898,0.0,0.0,0.0,0.0,0.0,0.0,0.0,0.0,0.0,0.0,0.0,-34.15,29.63115598598805,0.0,0,0,0,0
2011-09-16,0.0,-0.0012549447344055,0.0,0.0,0.0,0.0,0.0,0.0,0.0,0.0,0.0,0.0,0.0,-34.15,29.63115598598805,0.0,1,1,0,0
2011-09-19,0.0,-0.0013109598761132,0.0,0.0,0.0,0.0,0.0,0.0,0.0,0.0,0.0,0.0,0.0,-34.15,29.63115598598805,0.0,0,0,0,0
2011-09-20,0.0,-0.0013176405810876,0.0,0.0,0.0,0.0,0.0,0.0,0.0,0.0,0.0,0.0,0.0,-34.15,29.63115598598805,0.0,0,0,0,0
2011-09-21,0.0,-0.0013238073856792,0.0,0.0,0.0,0.0,0.0,0.0,0.0,0.0,0.0,0.0,0.0,-34.15,29.63115598598805,0.0,0,0,0,0
2011-09-22,0.0,-0.0013078764738174,0.0,0.0,0.0,0.0,0.0,0.0,0.0,0.0,0.0,0.0,0.0,-34.15,29.63115598598805,0.0,0,0,0,0
2011-09-23,0.0,-0.0013078764738174,0.0,0.0,0.0,0.0,0.0,0.0,0.0,0.0,0.0,0.0,0.0,-34.15,29.63115598598805,0.0,0,0,0,0
2011-09-26,0.0,-0.0012189717076208,0.0,0.0,0.0,0.0,0.0,0.0,0.0,0.0,0.0,0.0,0.0,-34.15,29.63115598598805,0.0,1,1,0,0
2011-09-27,0.0,-0.001195846190402,0.0,0.0,0.0,0.0,0.0,0.0,0.0,0.0,0.0,0.0,0.0,-34.15,29.63115598598805,0.0,1,1,0,0
2011-09-28,0.0,-0.0012158883053249,0.0,0.0,0.0,0.0,0.0,0.0,0.0,0.0,0.0,0.0,0.0,-34.15,29.63115598598805,0.0,1,0,0,0
2011-09-29,0.0,-0.0012914316615729,0.0,0.0,0.0,0.0,0.0,0.0,0.0,0.0,0.0,0.0,0.0,-34.15,29.63115598598805,0.0,1,0,0,0
2011-09-30,0.0,-0.0012811536539202,0.0,0.0,0.0,0.0,0.0,0.0,0.0,0.0,0.0,0.0,0.0,-34.15,29.63115598598805,0.0,1,0,0,0
2011-10-03,0.0,-0.0012318192171868,0.0,0.0,0.0,0.0,0.0,0.0,0.0,0.0,0.0,0.0,0.0,-34.15,29.63115598598805,0.0,1,0,0,0
2011-10-04,0.0,-0.0012878343588945,0.0,0.0,0.0,0.0,0.0,0.0,0.0,0.0,0.0,0.0,0.0,-34.15,29.63115598598805,0.0,1,0,0,0
2011-10-05,0.0,-0.0012811536539202,0.0,0.0,0.0,0.0,0.0,0.0,0.0,0.0,0.0,0.0,0.0,-34.15,29.63115598598805,0.0,1,0,0,0
2011-10-06,0.0,-0.0012975984661646,0.0,0.0,0.0,0.0,0.0,0.0,0.0,0.0,0.0,0.0,0.0,-34.15,29.63115598598805,0.0,0,0,0,0
2011-10-07,0.0,-0.0013238073856792,0.0,0.0,0.0,0.0,-33.88,0.0,0.0,0.0,0.0,0.0,0.0,-34.15,29.63115598598805,0.0,0,0,0,0
2011-10-11,0.0,-0.0013274046883577,0.0,0.0,0.0,0.0,-33.88,0.0,0.0,0.0,0.0,0.0,0.0,-34.15,29.63115598598805,0.0,0,0,0,0
2011-10-12,0.0,-0.001346932902898,0.0,0.0,0.0,0.0,-33.88,0.0,0.0,0.0,0.0,0.0,0.0,-34.15,29.63115598598805,0.0,0,0,0,0
2011-10-13,0.0,-0.0013505302055765,0.0,0.0,0.0,0.0,-33.88,0.0,0.0,0.0,0.0,0.0,0.0,-34.15,29.63115598598805,0.0,0,0,0,0
2011-10-14,0.0,-0.0013078764738174,0.0,0.0,0.0,0.0,-33.88,0.0,0.0,0.0,0.0,0.0,0.0,-34.15,29.63115598598805,0.0,0,0,0,0
2011-10-17,0.0,-0.0012749868493285,0.0,0.0,0.0,0.0,-33.88,0.0,0.0,0.0,0.0,0.0,0.0,-34.15,29.63115598598805,0.0,0,0,0,0
2011-10-18,0.0,-0.0012420972248396,0.0,0.0,0.0,0.0,-33.88,0.0,0.0,0.0,0.0,0.0,0.0,-34.15,29.63115598598805,0.0,0,0,0,0
2011-10-19,0.0,-0.0012616254393799,0.0,0.0,0.0,0.0,-33.88,0.0,0.0,0.0,0.0,0.0,0.0,-34.15,29.63115598598805,0.0,0,0,0,0
2011-10-20,0.0,-0.0011763179758617,0.0,0.0,0.0,0.0,-33.88,0.0,0.0,0.0,0.0,0.0,0.0,-34.15,29.63115598598805,0.0,0,0,0,0
2011-10-21,0.0,-0.0010940939146394,0.0,0.0,0.0,0.0,-33.88,0.0,0.0,0.0,0.0,0.0,0.0,-34.15,29.63115598598805,0.0,0,0,0,0
2011-10-24,0.0,-0.0010185505583914,0.0,0.0,0.0,0.0,-33.88,0.0,0.0,0.0,0.0,0.0,0.0,-34.15,29.63115598598805,0.0,0,0,0,0
2011-10-25,0.0,-0.0009496879071177,0.0,0.0,0.0,0.0,-33.88,0.0,0.0,0.0,0.0,0.0,0.0,-34.15,29.63115598598805,0.0,1,0,0,0
2011-10-26,0.0,-0.0009132009799503,0.0,0.0,0.0,0.0,-33.88,0.0,0.0,0.0,0.0,0.0,0.0,-34.15,29.63115598598805,0.0,1,0,0,0
2011-10-27,0.0,-0.0009594520143878,0.0,0.0,0.0,0.0,-33.88,0.0,0.0,0.0,0.0,0.0,0.0,-34.15,29.63115598598805,0.0,0,0,0,0
2011-10-28,0.0,-0.0010252312633657,0.0,0.0,0.0,0.0,-33.88,0.0,0.0,0.0,0.0,0.0,0.0,-34.15,29.63115598598805,0.0,0,0,0,0
2011-10-31,0.0,-0.0009825775316066,0.0,0.0,0.0,0.0,-33.88,0.0,0.0,0.0,0.0,0.0,0.0,-34.15,29.63115598598805,0.0,0,0,0,0
2011-11-01,0.0,-0.0009234789876031,0.0,0.0,0.0,0.0,-33.88,0.0,0.0,0.0,0.0,0.0,0.0,-34.15,29.63115598598805,0.0,0,0,0,0
2011-11-02,0.0,-0.0009625354166837,0.0,0.0,0.0,0.0,-33.88,0.0,0.0,0.0,0.0,0.0,0.0,-34.15,29.63115598598805,0.0,0,0,0,0
2011-11-03,0.0,-0.0009460906044392,0.0,0.0,0.0,0.0,-33.88,0.0,0.0,0.0,0.0,0.0,0.0,-34.15,29.63115598598805,0.0,0,0,0,0
2011-11-04,0.0,-0.000969216121658,0.0,0.0,0.0,0.0,-33.88,0.0,0.0,0.0,0.0,0.0,0.0,-34.15,29.63115598598805,0.0,0,0,0,0
2011-11-07,0.0,-0.0009594520143878,0.0,0.0,0.0,0.0,0.0,0.0,0.0,0.0,0.0,0.0,0.0,-34.15,29.63115598598805,0.0,0,0,0,0
2011-11-08,0.0,-0.0009527713094135,0.0,0.0,0.0,0.0,0.0,0.0,0.0,0.0,0.0,0.0,0.0,-34.15,29.63115598598805,0.0,0,0,0,0
2011-11-09,0.0,-0.0009558547117094,0.0,0.0,0.0,0.0,0.0,0.0,0.0,0.0,0.0,0.0,0.0,-34.15,29.63115598598805,0.0,0,0,0,0
2011-11-10,0.0,-0.0009265623898989,0.0,0.0,0.0,0.0,0.0,0.0,0.0,0.0,0.0,0.0,0.0,-34.15,29.63115598598805,0.0,0,0,0,0
2011-11-11,0.0,-0.0008967561677058,0.0,0.0,0.0,0.0,0.0,0.0,0.0,0.0,0.0,0.0,0.0,-34.15,29.63115598598805,0.0,0,0,0,0
2011-11-14,0.0,-0.0001451416760094,0.0,0.0,0.0,0.0,0.0,0.0,0.0,0.0,0.0,0.0,0.0,-97.97,-186.8814055636896,0.0,0,0,0,0
2011-11-15,0.0,-0.0001400582115115,0.0,0.0,0.0,0.0,0.0,0.0,0.0,0.0,0.0,0.0,0.0,-97.97,-186.8814055636896,0.0,1,0,0,0
2011-11-16,0.0,-0.00014961161893,0.0,0.0,0.0,0.0,0.0,0.0,0.0,0.0,0.0,0.0,0.0,-97.97,-186.8814055636896,0.0,0,0,0,0
2011-11-17,0.0,-0.0001400582115115,0.0,0.0,0.0,0.0,0.0,0.0,0.0,0.0,0.0,0.0,0.0,-97.97,-186.8814055636896,0.0,1,0,0,0
2011-11-18,0.0,-0.00014961161893,0.0,0.0,0.0,0.0,0.0,0.0,0.0,0.0,0.0,0.0,0.0,-97.97,-186.8814055636896,0.0,0,0,0,0
2011-11-21,0.0,-0.0001395323358738,0.0,0.0,0.0,0.0,0.0,0.0,0.0,0.0,0.0,0.0,0.0,-97.97,-186.8814055636896,0.0,0,0,0,1
2011-11-22,0.0,-0.0001305924500326,0.0,0.0,0.0,0.0,0.0,0.0,0.0,0.0,0.0,0.0,0.0,-97.97,-186.8814055636896,0.0,1,0,0,1
2011-11-23,0.0,-0.0001395323358738,0.0,0.0,0.0,0.0,0.0,0.0,0.0,0.0,0.0,0.0,0.0,-97.97,-186.8814055636896,0.0,0,0,0,1
2011-11-24,0.0,-0.0001490857432923,0.0,0.0,0.0,0.0,0.0,0.0,0.0,0.0,0.0,0.0,0.0,-97.97,-186.8814055636896,0.0,0,0,0,0
2011-11-25,0.0,-0.0001591650263485,0.0,0.0,0.0,0.0,0.0,0.0,0.0,0.0,0.0,0.0,0.0,-97.97,-186.8814055636896,0.0,0,0,0,0
2011-11-28,0.0,-0.0001518904133601,0.0,0.0,0.0,0.0,0.0,0.0,0.0,0.0,0.0,0.0,0.0,-97.97,-186.8814055636896,0.0,0,0,0,0
2011-11-29,0.0,-0.0001417234843643,0.0,0.0,0.0,0.0,0.0,0.0,0.0,0.0,0.0,0.0,0.0,-97.97,-186.8814055636896,0.0,0,0,0,1
2011-11-30,0.0,-0.0001322577228854,0.0,0.0,0.0,0.0,0.0,0.0,0.0,0.0,0.0,0.0,0.0,-97.97,-186.8814055636896,0.0,0,0,0,1
2011-12-01,0.0,-0.0001233178370442,0.0,0.0,0.0,0.0,0.0,0.0,0.0,0.0,0.0,0.0,0.0,-97.97,-186.8814055636896,0.0,0,0,1,1
2011-12-02,0.0,-0.000118760248184,0.0,0.0,0.0,0.0,0.0,0.0,0.0,0.0,0.0,0.0,0.0,-97.97,-186.8814055636896,0.0,0,0,1,1
2011-12-05,0.0,-0.0001255089855347,0.0,0.0,0.0,0.0,0.0,0.0,0.0,0.0,0.0,0.0,0.0,-97.97,-186.8814055636896,0.0,0,0,1,1
2011-12-06,0.0,-0.0001227043154669,0.0,0.0,0.0,0.0,0.0,0.0,0.0,0.0,0.0,0.0,0.0,-97.97,-186.8814055636896,0.0,0,0,1,1
2011-12-07,0.0,-0.0001243695883197,0.0,0.0,0.0,0.0,0.0,0.0,0.0,0.0,0.0,0.0,0.0,-97.97,-186.8814055636896,0.0,0,0,1,1
2011-12-08,0.0,-0.0001215649182519,0.0,0.0,0.0,0.0,0.0,0.0,0.0,0.0,0.0,0.0,0.0,-97.97,-186.8814055636896,0.0,0,0,1,1
2011-12-09,0.0,-0.0001131509080484,0.0,0.0,0.0,0.0,0.0,0.0,0.0,0.0,0.0,0.0,0.0,-97.97,-186.8814055636896,0.0,0,1,1,1
2011-12-12,0.0,-0.0001137644296257,0.0,0.0,0.0,0.0,0.0,0.0,0.0,0.0,0.0,0.0,0.0,-97.97,-186.8814055636896,0.0,1,1,1,1
2011-12-13,0.0,-0.0001103462379806,0.0,0.0,0.0,0.0,0.0,0.0,0.0,0.0,0.0,0.0,0.0,-97.97,-186.8814055636896,0.0,1,1,1,1
2011-12-14,0.0,-0.0001103462379806,0.0,0.0,0.0,0.0,0.0,0.0,0.0,0.0,0.0,0.0,0.0,-97.97,-186.8814055636896,0.0,1,1,1,1
2011-12-15,0.0,-0.0001048245437846,0.0,0.0,0.0,0.0,0.0,0.0,0.0,0.0,0.0,0.0,0.0,-97.97,-186.8814055636896,0.0,1,1,1,1
2011-12-16,0.0,-0.0001008804765017,0.0,0.0,0.0,0.0,0.0,0.0,0.0,0.0,0.0,0.0,0.0,-97.97,-186.8814055636896,0.0,1,1,1,1
2011-12-19,0.0,-0.0001076292138524,0.0,0.0,0.0,0.0,0.0,0.0,0.0,0.0,0.0,0.0,0.0,-97.97,-186.8814055636896,0.0,1,1,1,1
2011-12-20,0.0,-0.0001149038268408,0.0,0.0,0.0,0.0,0.0,0.0,0.0,0.0,0.0,0.0,0.0,-97.97,-186.8814055636896,0.0,1,1,1,1
2011-12-21,0.0,-0.0001227043154669,0.0,0.0,0.0,0.0,0.0,0.0,0.0,0.0,0.0,0.0,0.0,-97.97,-186.8814055636896,0.0,1,1,1,1
2011-12-22,0.0,-0.0001221784398292,0.0,0.0,0.0,0.0,0.0,0.0,0.0,0.0,0.0,0.0,0.0,-97.97,-186.8814055636896,0.0,1,1,1,1
2011-12-23,0.0,-0.0001294530528176,0.0,0.0,0.0,0.0,0.0,0.0,0.0,0.0,0.0,0.0,0.0,-97.97,-186.8814055636896,0.0,1,0,1,1
2011-12-26,0.0,-0.000124983109897,0.0,0.0,0.0,0.0,0.0,0.0,0.0,0.0,0.0,0.0,0.0,-97.97,-186.8814055636896,0.0,1,1,1,1
2011-12-27,0.0,-0.0001255089855347,0.0,0.0,0.0,0.0,0.0,0.0,0.0,0.0,0.0,0.0,0.0,-97.97,-186.8814055636896,0.0,1,1,1,1
2011-12-28,0.0,-0.0001299789284553,0.0,0.0,0.0,0.0,0.0,0.0,0.0,0.0,0.0,0.0,0.0,-97.97,-186.8814055636896,0.0,0,1,1,1
2011-12-29,0.0,-0.0001271742583875,0.0,0.0,0.0,0.0,0.0,0.0,0.0,0.0,0.0,0.0,0.0,-97.97,-186.8814055636896,0.0,1,1,1,1
2011-12-30,0.0,-0.0001271742583875,0.0,0.0,0.0,0.0,0.0,0.0,0.0,0.0,0.0,0.0,0.0,-97.97,-186.8814055636896,0.0,1,1,1,1
2012-01-02,0.0,-0.0001339229957382,0.0,0.0,0.0,0.0,0.0,0.0,0.0,0.0,0.0,0.0,0.0,-97.97,-186.8814055636896,0.0,0,1,1,1
2012-01-03,0.0,-0.0001344488713759,0.0,0.0,0.0,0.0,0.0,0.0,0.0,0.0,0.0,0.0,0.0,-97.97,-186.8814055636896,0.0,0,1,1,1
2012-01-04,0.0,-0.0001400582115115,0.0,0.0,0.0,0.0,0.0,0.0,0.0,0.0,0.0,0.0,0.0,-97.97,-186.8814055636896,0.0,0,0,1,1
2012-01-05,0.0,-0.0001440022787944,0.0,0.0,0.0,0.0,0.0,0.0,0.0,0.0,0.0,0.0,0.0,-97.97,-186.8814055636896,0.0,0,0,1,1
2012-01-06,0.0,-0.0001344488713759,0.0,0.0,0.0,0.0,0.0,0.0,0.0,0.0,0.0,0.0,0.0,-97.97,-186.8814055636896,0.0,0,1,1,1
2012-01-09,0.0,-0.0001255089855347,0.0,0.0,0.0,0.0,-34.99,0.0,0.0,0.0,0.0,0.0,0.0,-97.97,-186.8814055636896,0.0,0,1,1,1
2012-01-10,0.0,-0.0001193737697614,0.0,0.0,0.0,0.0,-34.99,0.0,0.0,0.0,0.0,0.0,0.0,-97.97,-186.8814055636896,0.0,1,1,1,1
2012-01-11,0.0,-0.0001170949753313,0.0,0.0,0.0,0.0,-34.99,0.0,0.0,0.0,0.0,0.0,0.0,-97.97,-186.8814055636896,0.0,1,1,1,1
2012-01-12,0.0,-0.0001221784398292,0.0,0.0,0.0,0.0,-34.99,0.0,0.0,0.0,0.0,0.0,0.0,-97.97,-186.8814055636896,0.0,1,1,1,1
2012-01-13,0.0,-0.0001233178370442,0.0,0.0,0.0,0.0,-34.99,0.0,0.0,0.0,0.0,0.0,0.0,-97.97,-186.8814055636896,0.0,1,1,1,1
2012-01-16,0.0,-0.0001233178370442,0.0,0.0,0.0,0.0,-34.99,0.0,0.0,0.0,0.0,0.0,0.0,-97.97,-186.8814055636896,0.0,1,1,1,1
2012-01-17,0.0,-0.0001271742583875,0.0,0.0,0.0,0.0,-34.99,0.0,0.0,0.0,0.0,0.0,0.0,-97.97,-186.8814055636896,0.0,1,1,1,1
2012-01-18,0.0,-0.000118760248184,0.0,0.0,0.0,0.0,-34.99,0.0,0.0,0.0,0.0,0.0,0.0,-97.97,-186.8814055636896,0.0,1,1,1,1
2012-01-30,0.0,-0.0001266483827498,0.0,0.0,0.0,0.0,-34.99,0.0,0.0,0.0,0.0,0.0,0.0,-97.97,-186.8814055636896,0.0,1,1,1,1
2012-01-31,0.0,-0.0001350623929532,0.0,0.0,0.0,0.0,-34.99,0.0,0.0,0.0,0.0,0.0,0.0,-97.97,-186.8814055636896,0.0,1,1,1,1
2012-02-01,0.0,-0.0001440022787944,0.0,0.0,0.0,0.0,-34.99,0.0,0.0,0.0,0.0,0.0,0.0,-97.97,-186.8814055636896,0.0,1,1,1,1
2012-02-02,0.0,-0.0001507510161451,0.0,0.0,0.0,0.0,-34.99,0.0,0.0,0.0,0.0,0.0,0.0,-97.97,-186.8814055636896,0.0,1,1,1,1
2012-02-03,0.0,-0.0001518904133601,0.0,0.0,0.0,0.0,-34.99,0.0,0.0,0.0,0.0,0.0,0.0,-97.97,-186.8814055636896,0.0,1,1,1,1
2012-02-04,0.0,-0.0001619696964163,0.0,0.0,0.0,0.0,-34.99,0.0,0.0,0.0,0.0,0.0,0.0,-97.97,-186.8814055636896,0.0,1,1,1,1
2012-02-06,0.0,-0.0001636349692691,0.0,0.0,0.0,0.0,-34.99,0.0,0.0,0.0,0.0,0.0,0.0,-97.97,-186.8814055636896,0.0,1,1,1,1
2012-02-07,0.0,-0.0001580256291335,0.0,0.0,0.0,0.0,0.0,0.0,0.0,0.0,0.0,0.0,0.0,-97.97,-186.8814055636896,0.0,1,1,1,1
2012-02-08,0.0,-0.0001686307878274,0.0,0.0,0.0,0.0,0.0,0.0,0.0,0.0,0.0,0.0,0.0,-97.97,-186.8814055636896,0.0,1,1,1,1
2012-02-09,0.0,-0.000180462989676,0.0,0.0,0.0,0.0,0.0,0.0,0.0,0.0,0.0,0.0,0.0,-97.97,-186.8814055636896,0.0,1,1,1,1
2012-02-10,0.0,-0.0001877376026644,0.0,0.0,0.0,0.0,0.0,0.0,0.0,0.0,0.0,0.0,0.0,-97.97,-186.8814055636896,0.0,1,1,1,0
2012-02-13,0.0,-0.0002006215557884,0.0,0.0,0.0,0.0,0.0,0.0,0.0,0.0,0.0,0.0,0.0,-97.97,-186.8814055636896,0.0,1,1,0,0
2012-02-14,0.0,-0.0190877712031558,0.0,0.0,0.0,0.0,0.0,0.0,0.0,0.0,0.0,0.0,0.0,-82.95,15.331223844033884,0.0,1,1,0,0
2012-02-15,0.0,-0.0203815931793599,0.0,0.0,0.0,0.0,0.0,0.0,0.0,0.0,0.0,0.0,0.0,-82.95,15.331223844033884,0.0,0,0,0,0
2012-02-16,0.0,-0.0189864477953807,0.0,0.0,0.0,0.0,0.0,0.0,0.0,0.0,0.0,0.0,0.0,-82.95,15.331223844033884,0.0,1,1,0,0
2012-02-17,0.0,-0.0194307119679328,0.0,0.0,0.0,0.0,0.0,0.0,0.0,0.0,0.0,0.0,0.0,-82.95,15.331223844033884,0.0,1,0,0,0
2012-02-20,0.0,-0.0206310046446522,0.0,0.0,0.0,0.0,0.0,0.0,0.0,0.0,0.0,0.0,0.0,-82.95,15.331223844033884,0.0,0,0,0,0
2012-02-21,0.0,-0.0199295348985175,0.0,0.0,0.0,0.0,0.0,0.0,0.0,0.0,0.0,0.0,0.0,-82.95,15.331223844033884,0.0,1,0,0,0
2012-02-22,0.0,-0.0203815931793599,0.0,0.0,0.0,0.0,0.0,0.0,0.0,0.0,0.0,0.0,0.0,-82.95,15.331223844033884,0.0,0,0,0,0
2012-02-23,0.0,-0.0199295348985175,0.0,0.0,0.0,0.0,0.0,0.0,0.0,0.0,0.0,0.0,0.0,-82.95,15.331223844033884,0.0,1,0,0,0
2012-02-24,0.0,-0.0194307119679328,0.0,0.0,0.0,0.0,0.0,0.0,0.0,0.0,0.0,0.0,0.0,-82.95,15.331223844033884,0.0,1,0,0,0
2012-02-29,0.0,-0.0207790927021696,0.0,0.0,0.0,0.0,0.0,0.0,0.0,0.0,0.0,0.0,0.0,-82.95,15.331223844033884,0.0,0,0,0,0
2012-03-01,0.0,-0.022221002735891,0.0,0.0,0.0,0.0,0.0,0.0,0.0,0.0,0.0,0.0,0.0,-82.95,15.331223844033884,0.0,0,0,0,0
2012-03-02,0.0,-0.021675415155564,0.0,0.0,0.0,0.0,0.0,0.0,0.0,0.0,0.0,0.0,0.0,-82.95,15.331223844033884,0.0,0,0,0,0
2012-03-03,0.0,-0.0211765922249793,0.0,0.0,0.0,0.0,0.0,0.0,0.0,0.0,0.0,0.0,0.0,-82.95,15.331223844033884,0.0,0,0,0,0
2012-03-05,0.0,-0.0212779156327543,0.0,0.0,0.0,0.0,0.0,0.0,0.0,0.0,0.0,0.0,0.0,-82.95,15.331223844033884,0.0,0,0,0,0
2012-03-06,0.0,-0.0198360055990328,0.0,0.0,0.0,0.0,0.0,0.0,0.0,0.0,0.0,0.0,0.0,-82.95,15.331223844033884,0.0,0,0,0,0
2012-03-07,0.0,-0.018487624864796,0.0,0.0,26.0,0.0,0.0,0.0,0.0,0.0,0.0,0.0,0.0,-82.95,15.331223844033884,0.0,0,0,0,0
2012-03-08,0.0,-0.017942037284469,0.0,0.0,26.0,0.0,0.0,0.0,0.0,0.0,0.0,0.0,0.0,-82.95,15.331223844033884,0.0,0,0,0,0
2012-03-09,0.0,-0.0191813005026404,0.0,0.0,26.0,0.0,0.0,0.0,0.0,0.0,0.0,0.0,0.0,-82.95,15.331223844033884,0.0,0,0,0,0
2012-03-12,0.0,-0.0178874785264363,0.0,0.0,26.0,0.0,0.0,0.0,0.0,0.0,0.0,0.0,0.0,-82.95,15.331223844033884,0.0,0,0,0,0
2012-03-13,0.0,-0.0184408602150537,0.0,0.0,26.0,0.0,0.0,0.0,0.0,0.0,0.0,0.0,0.0,-82.95,15.331223844033884,0.0,0,0,0,0
2012-03-14,0.0,-0.018931889037348,0.0,0.0,26.0,0.0,0.0,0.0,0.0,0.0,0.0,0.0,0.0,-82.95,15.331223844033884,0.0,0,0,0,0
2012-03-15,0.0,-0.0176380670611439,0.0,0.0,26.0,0.0,0.0,0.0,0.0,0.0,0.0,0.0,0.0,-82.95,15.331223844033884,0.0,0,0,0,0
2012-03-16,0.0,-0.0164455684927148,0.0,0.0,26.0,0.0,0.0,0.0,0.0,0.0,0.0,0.0,0.0,-82.95,15.331223844033884,0.0,0,0,0,0
2012-03-19,0.0,-0.0152998345740281,0.0,0.0,26.0,0.0,0.0,0.0,0.0,0.0,0.0,0.0,0.0,-82.95,15.331223844033884,0.0,1,0,0,0
2012-03-20,0.0,-0.015097187758478,0.0,0.0,26.0,0.0,0.0,0.0,0.0,0.0,0.0,0.0,0.0,-82.95,15.331223844033884,0.0,1,1,0,0
2012-03-21,0.0,-0.0149490997009607,0.0,0.0,26.0,0.0,0.0,0.0,0.0,0.0,0.0,0.0,0.0,-82.95,15.331223844033884,0.0,1,1,0,0
2012-03-22,0.0,-0.0143489533626009,0.0,0.0,26.0,0.0,0.0,0.0,0.0,0.0,0.0,0.0,0.0,-82.95,15.331223844033884,0.0,1,1,0,0
2012-03-23,0.0,-0.0153465992237704,0.0,0.0,26.0,0.0,0.0,0.0,0.0,0.0,0.0,0.0,0.0,-82.95,15.331223844033884,0.0,0,0,0,0
2012-03-26,0.0,-0.0163910097346821,0.0,0.0,26.0,0.0,0.0,0.0,0.0,0.0,0.0,0.0,0.0,-82.95,15.331223844033884,0.0,0,0,0,0
2012-03-27,0.0,-0.0164455684927148,0.0,0.0,26.0,0.0,0.0,0.0,0.0,0.0,0.0,0.0,0.0,-82.95,15.331223844033884,0.0,0,0,0,0
2012-03-28,0.0,-0.0157440987465801,0.0,0.0,26.0,0.0,0.0,0.0,0.0,0.0,0.0,0.0,0.0,-82.95,15.331223844033884,0.0,0,0,0,0
2012-03-29,0.0,-0.0147464528854106,0.0,0.0,26.0,0.0,0.0,0.0,0.0,0.0,0.0,0.0,0.0,-82.95,15.331223844033884,0.0,1,0,0,0
2012-03-30,0.0,-0.0154946872812877,0.0,0.0,26.0,0.0,0.0,0.0,0.0,0.0,0.0,0.0,0.0,-82.95,15.331223844033884,0.0,0,0,0,0
2012-04-02,0.0,-0.0154946872812877,0.0,0.0,26.0,0.0,0.0,0.0,0.0,0.0,0.0,0.0,0.0,-82.95,15.331223844033884,0.0,0,0,0,0
2012-04-03,0.0,-0.014450276770376,0.0,0.0,26.0,0.0,0.0,0.0,0.0,0.0,0.0,0.0,0.0,-82.95,15.331223844033884,0.0,1,0,0,0
2012-04-05,0.0,-0.0142008653050836,0.0,0.0,26.0,0.0,0.0,0.0,0.0,0.0,0.0,0.0,0.0,-82.95,15.331223844033884,0.0,1,0,0,0
2012-04-06,0.0,-0.0151517465165107,0.0,0.0,26.0,0.0,0.0,0.0,0.0,0.0,0.0,0.0,0.0,-82.95,15.331223844033884,0.0,0,0,0,0
2012-04-09,0.0,-0.0151517465165107,0.0,0.0,-10.68,0.0,-17.65,0.0,0.0,0.0,0.0,0.0,0.0,-82.95,15.331223844033884,0.0,0,0,0,0
2012-04-10,0.0,-0.015198511166253,0.0,0.0,-10.68,0.0,-17.65,0.0,0.0,0.0,0.0,0.0,0.0,-82.95,15.331223844033884,0.0,0,0,0,0
2012-04-11,0.0,-0.0148477762931857,0.0,0.0,-10.68,0.0,-17.65,0.0,0.0,0.0,0.0,0.0,0.0,-82.95,15.331223844033884,0.0,0,0,0,0
2012-04-12,0.0,-0.0153465992237704,0.0,0.0,-10.68,0.0,-17.65,0.0,0.0,0.0,0.0,0.0,0.0,-82.95,15.331223844033884,0.0,0,0,0,0
2012-04-13,0.0,-0.0159467455621301,0.0,0.0,-10.68,0.0,-17.65,0.0,0.0,0.0,0.0,0.0,0.0,-82.95,15.331223844033884,0.0,0,0,0,0
2012-04-16,0.0,-0.0158454221543551,0.0,0.0,-10.68,0.0,-17.65,0.0,0.0,0.0,0.0,0.0,0.0,-82.95,15.331223844033884,0.0,0,0,0,0
2012-04-17,0.0,-0.0155492460393204,0.0,0.0,-10.68,0.0,-17.65,0.0,0.0,0.0,0.0,0.0,0.0,-82.95,15.331223844033884,0.0,0,0,0,0
2012-04-18,0.0,-0.0149490997009607,0.0,0.0,-10.68,0.0,-17.65,0.0,0.0,0.0,0.0,0.0,0.0,-82.95,15.331223844033884,0.0,0,0,0,0
2012-04-19,0.0,-0.0139046891900489,0.0,0.0,-10.68,0.0,-17.65,0.0,0.0,0.0,0.0,0.0,0.0,-82.95,15.331223844033884,0.0,0,0,0,0
2012-04-20,0.0,-0.0129538079786218,0.0,0.0,-10.68,0.0,-17.65,0.0,0.0,0.0,0.0,0.0,0.0,-82.95,15.331223844033884,0.0,0,0,0,0
2012-04-23,0.0,-0.0120574855252274,0.0,0.0,-10.68,0.0,-17.65,0.0,0.0,0.0,0.0,0.0,0.0,-82.95,15.331223844033884,0.0,1,1,1,1
2012-04-24,0.0,-0.0126576318635871,0.0,0.0,-10.68,0.0,-17.65,0.0,0.0,0.0,0.0,0.0,0.0,-82.95,15.331223844033884,0.0,0,0,0,0
2012-04-25,0.0,-0.0127589552713622,0.0,0.0,-10.68,0.0,-17.65,0.0,0.0,0.0,0.0,0.0,0.0,-82.95,15.331223844033884,0.0,0,0,0,0
2012-04-26,0.0,-0.0119561621174524,0.0,0.0,-10.68,0.0,-17.65,0.0,0.0,0.0,0.0,0.0,0.0,-82.95,15.331223844033884,0.0,1,1,1,1
2012-04-27,0.0,-0.0125095438060698,0.0,0.0,-10.68,0.0,-17.65,0.0,0.0,0.0,0.0,0.0,0.0,-82.95,15.331223844033884,0.0,1,0,0,0
2012-04-30,0.0,-0.0124082203982948,0.0,0.0,-10.68,0.0,-17.65,0.0,0.0,0.0,0.0,0.0,0.0,-82.95,15.331223844033884,0.0,1,0,0,0
2012-05-02,0.0,-0.0115586625946427,0.0,0.0,-10.68,0.0,-17.65,0.0,0.0,0.0,0.0,0.0,0.0,-82.95,15.331223844033884,0.0,1,1,1,1
2012-05-03,0.0,-0.0107636635490233,0.0,0.0,-10.68,0.0,-17.65,0.0,0.0,0.0,0.0,0.0,0.0,-82.95,15.331223844033884,0.0,1,1,1,1
2012-05-04,0.0,-0.0115118979449004,0.0,0.0,-10.68,0.0,-17.65,0.0,0.0,0.0,0.0,0.0,0.0,-82.95,15.331223844033884,0.0,1,1,1,1
2012-05-07,0.0,-0.0123068969905198,0.0,0.0,15.02,0.0,0.0,0.0,0.0,0.0,0.0,0.0,0.0,-82.95,15.331223844033884,0.0,1,1,1,0
2012-05-08,0.0,-0.0131564547941719,0.0,0.0,15.02,0.0,0.0,0.0,0.0,0.0,0.0,0.0,0.0,-82.95,15.331223844033884,0.0,0,0,0,0
2012-05-09,0.0,-0.0136007189667239,0.0,0.0,15.02,0.0,0.0,0.0,0.0,0.0,0.0,0.0,0.0,-82.95,15.331223844033884,0.0,0,0,0,0
2012-05-10,0.0,-0.014551600178151,0.0,0.0,15.02,0.0,0.0,0.0,0.0,0.0,0.0,0.0,0.0,-82.95,15.331223844033884,0.0,0,0,0,0
2012-05-11,0.0,-0.0135539543169816,0.0,0.0,15.02,0.0,0.0,0.0,0.0,0.0,0.0,0.0,0.0,-82.95,15.331223844033884,0.0,0,0,0,0
2012-05-14,0.0,-0.0126576318635871,0.0,0.0,15.02,0.0,0.0,0.0,0.0,0.0,0.0,0.0,0.0,-82.95,15.331223844033884,0.0,0,0,0,0
2012-05-15,0.0,-0.3545026628777898,0.0,0.0,15.02,0.0,0.0,0.0,0.0,0.0,0.0,0.0,0.0,-66.78,19.49367088607595,0.0,0,0,0,0
2012-05-16,0.0,-0.3305356986032773,0.0,0.0,15.02,0.0,0.0,0.0,0.0,0.0,0.0,0.0,0.0,-66.78,19.49367088607595,0.0,0,0,0,0
2012-05-17,0.0,-0.3224077715884426,0.0,0.0,15.02,0.0,0.0,0.0,0.0,0.0,0.0,0.0,0.0,-66.78,19.49367088607595,0.0,1,1,1,0
2012-05-18,0.0,-0.3130293942636333,0.0,0.0,15.02,0.0,0.0,0.0,0.0,0.0,0.0,0.0,0.0,-66.78,19.49367088607595,0.0,1,1,1,0
2012-05-21,0.0,-0.3305356986032773,0.0,0.0,15.02,0.0,0.0,0.0,0.0,0.0,0.0,0.0,0.0,-66.78,19.49367088607595,0.0,0,0,0,0
2012-05-22,0.0,-0.3517933538728449,0.0,0.0,15.02,0.0,0.0,0.0,0.0,0.0,0.0,0.0,0.0,-66.78,19.49367088607595,0.0,0,0,0,0
2012-05-23,0.0,-0.3424149765480357,0.0,0.0,15.02,0.0,0.0,0.0,0.0,0.0,0.0,0.0,0.0,-66.78,19.49367088607595,0.0,0,0,0,0
2012-05-24,0.0,-0.3224077715884426,0.0,0.0,15.02,0.0,0.0,0.0,0.0,0.0,0.0,0.0,0.0,-66.78,19.49367088607595,0.0,1,1,1,0
2012-05-25,0.0,-0.306360325943769,0.0,0.0,15.02,0.0,0.0,0.0,0.0,0.0,0.0,0.0,0.0,-66.78,19.49367088607595,0.0,1,1,1,0
2012-05-28,0.0,-0.306360325943769,0.0,0.0,15.02,0.0,0.0,0.0,0.0,0.0,0.0,0.0,0.0,-66.78,19.49367088607595,0.0,1,1,1,0
2012-05-29,0.0,-0.3278263895983324,0.0,0.0,15.02,0.0,0.0,0.0,0.0,0.0,0.0,0.0,0.0,-66.78,19.49367088607595,0.0,1,1,0,0
2012-05-30,0.0,-0.3196984625834977,0.0,0.0,15.02,0.0,0.0,0.0,0.0,0.0,0.0,0.0,0.0,-66.78,19.49367088607595,0.0,1,1,1,0
2012-05-31,0.0,-0.3305356986032773,0.0,0.0,15.02,0.0,0.0,0.0,0.0,0.0,0.0,0.0,0.0,-66.78,19.49367088607595,0.0,1,0,0,0
2012-06-01,0.0,-0.3330365992232265,0.0,0.0,15.02,0.0,0.0,0.0,0.0,0.0,0.0,0.0,0.0,-66.78,19.49367088607595,0.0,0,0,0,0
2012-06-04,0.0,-0.3117789439536588,0.0,0.0,15.02,0.0,0.0,0.0,0.0,0.0,0.0,0.0,0.0,-66.78,19.49367088607595,0.0,1,1,1,0
2012-06-05,0.0,-0.3330365992232265,0.0,0.0,15.02,0.0,0.0,0.0,0.0,0.0,0.0,0.0,0.0,-66.78,19.49367088607595,0.0,0,0,0,0
2012-06-06,0.0,-0.3478335945579255,0.0,0.0,15.02,0.0,0.0,0.0,0.0,0.0,0.0,0.0,0.0,-66.78,19.49367088607595,0.0,0,0,0,0
2012-06-07,0.0,-0.3384552172331162,0.0,0.0,6.27,0.0,0.0,0.0,0.0,0.0,0.0,0.0,0.0,-66.78,19.49367088607595,0.0,0,0,0,0
2012-06-08,0.0,-0.3330365992232265,0.0,0.0,6.27,0.0,0.0,0.0,0.0,0.0,0.0,0.0,0.0,-66.78,19.49367088607595,0.0,0,0,0,0
2012-06-11,0.0,-0.3451242855529805,0.0,0.0,6.27,0.0,0.0,0.0,0.0,0.0,0.0,0.0,0.0,-66.78,19.49367088607595,0.0,0,0,0,0
2012-06-12,0.0,-0.3424149765480357,0.0,0.0,6.27,0.0,0.0,0.0,0.0,0.0,0.0,0.0,0.0,-66.78,19.49367088607595,0.0,0,0,0,0
2012-06-13,0.0,-0.3305356986032773,0.0,0.0,6.27,0.0,0.0,0.0,0.0,0.0,0.0,0.0,0.0,-66.78,19.49367088607595,0.0,0,1,0,0
2012-06-14,0.0,-0.3196984625834977,0.0,0.0,6.27,0.0,0.0,0.0,0.0,0.0,0.0,0.0,0.0,-66.78,19.49367088607595,0.0,1,1,0,0
2012-06-15,0.0,-0.306360325943769,0.0,0.0,6.27,0.0,0.0,0.0,0.0,0.0,0.0,0.0,0.0,-66.78,19.49367088607595,0.0,1,1,0,0
2012-06-18,0.0,-0.3278263895983324,0.0,0.0,6.27,0.0,0.0,0.0,0.0,0.0,0.0,0.0,0.0,-66.78,19.49367088607595,0.0,1,1,0,0
2012-06-19,0.0,-0.321157321278468,0.0,0.0,6.27,0.0,0.0,0.0,0.0,0.0,0.0,0.0,0.0,-66.78,19.49367088607595,0.0,1,1,0,0
2012-06-20,0.0,-0.3238666302834129,0.0,0.0,6.27,0.0,0.0,0.0,0.0,0.0,0.0,0.0,0.0,-66.78,19.49367088607595,0.0,1,1,0,0
2012-06-21,0.0,-0.3330365992232265,0.0,0.0,6.27,0.0,0.0,0.0,0.0,0.0,0.0,0.0,0.0,-66.78,19.49367088607595,0.0,1,0,0,0
2012-06-22,0.0,-0.3436654268580102,0.0,0.0,6.27,0.0,0.0,0.0,0.0,0.0,0.0,0.0,0.0,-66.78,19.49367088607595,0.0,0,0,0,0
2012-06-25,0.0,-0.3384552172331162,0.0,0.0,6.27,0.0,0.0,0.0,0.0,0.0,0.0,0.0,0.0,-66.78,19.49367088607595,0.0,0,0,0,0
2012-06-26,0.0,-0.3424149765480357,0.0,0.0,6.27,0.0,0.0,0.0,0.0,0.0,0.0,0.0,0.0,-66.78,19.49367088607595,0.0,0,0,0,0
2012-06-27,0.0,-0.3384552172331162,0.0,0.0,6.27,0.0,0.0,0.0,0.0,0.0,0.0,0.0,0.0,-66.78,19.49367088607595,0.0,0,0,0,0
2012-06-28,0.0,-0.3384552172331162,0.0,0.0,6.27,0.0,0.0,0.0,0.0,0.0,0.0,0.0,0.0,-66.78,19.49367088607595,0.0,0,0,0,0
2012-06-29,0.0,-0.3357459082281713,0.0,0.0,6.27,0.0,0.0,0.0,0.0,0.0,0.0,0.0,0.0,-66.78,19.49367088607595,0.0,0,0,0,0
2012-07-02,0.0,-0.3384552172331162,0.0,0.0,6.27,0.0,0.0,0.0,0.0,0.0,0.0,0.0,0.0,-66.78,19.49367088607595,0.0,0,0,0,0
2012-07-03,0.0,-0.3424149765480357,0.0,0.0,6.27,0.0,0.0,0.0,0.0,0.0,0.0,0.0,0.0,-66.78,19.49367088607595,0.0,0,0,0,0
2012-07-04,0.0,-0.3330365992232265,0.0,0.0,6.27,0.0,0.0,0.0,0.0,0.0,0.0,0.0,0.0,-66.78,19.49367088607595,0.0,0,0,0,0
2012-07-05,0.0,-0.3344954579181968,0.0,0.0,6.27,0.0,0.0,0.0,0.0,0.0,0.0,0.0,0.0,-66.78,19.49367088607595,0.0,0,0,0,0
2012-07-06,0.0,-0.3384552172331162,0.0,0.0,6.27,0.0,0.0,0.0,0.0,0.0,0.0,0.0,0.0,-66.78,19.49367088607595,0.0,0,0,0,0
2012-07-09,0.0,-0.3384552172331162,0.0,0.0,-10.05,0.0,-14.14,0.0,0.0,0.0,0.0,0.0,0.0,-66.78,19.49367088607595,0.0,0,0,0,0
2012-07-10,0.0,-0.3369963585381459,0.0,0.0,-10.05,0.0,-14.14,0.0,0.0,0.0,0.0,0.0,0.0,-66.78,19.49367088607595,0.0,0,0,0,0
2012-07-11,0.0,-0.3369963585381459,0.0,0.0,-10.05,0.0,-14.14,0.0,0.0,0.0,0.0,0.0,0.0,-66.78,19.49367088607595,0.0,0,0,0,0
2012-07-12,0.0,-0.3369963585381459,0.0,0.0,-10.05,0.0,-14.14,0.0,0.0,0.0,0.0,0.0,0.0,-66.78,19.49367088607595,0.0,0,0,0,0
2012-07-13,0.0,-0.3357459082281713,0.0,0.0,-10.05,0.0,-14.14,0.0,0.0,0.0,0.0,0.0,0.0,-66.78,19.49367088607595,0.0,0,0,0,0
2012-07-16,0.0,-0.3171975619635486,0.0,0.0,-10.05,0.0,-14.14,0.0,0.0,0.0,0.0,0.0,0.0,-66.78,19.49367088607595,0.0,0,0,0,0
2012-07-17,0.0,-0.3090696349487139,0.0,0.0,-10.05,0.0,-14.14,0.0,0.0,0.0,0.0,0.0,0.0,-66.78,19.49367088607595,0.0,0,0,0,0
2012-07-18,0.0,-0.2878119796791463,0.0,0.0,-10.05,0.0,-14.14,0.0,0.0,0.0,0.0,0.0,0.0,-66.78,19.49367088607595,0.0,0,0,0,0
2012-07-19,0.0,-0.2705140837244981,0.0,0.0,-10.05,0.0,-14.14,0.0,0.0,0.0,0.0,0.0,0.0,-66.78,19.49367088607595,0.0,0,0,0,0
2012-07-20,0.0,-0.2665543244095786,0.0,0.0,-10.05,0.0,-14.14,0.0,0.0,0.0,0.0,0.0,0.0,-66.78,19.49367088607595,0.0,0,0,0,0
2012-07-23,0.0,-0.2705140837244981,0.0,0.0,-10.05,0.0,-14.14,0.0,0.0,0.0,0.0,0.0,0.0,-66.78,19.49367088607595,0.0,0,0,0,0
2012-07-24,0.0,-0.2544666380798244,0.0,0.0,-10.05,0.0,-14.14,0.0,0.0,0.0,0.0,0.0,0.0,-66.78,19.49367088607595,0.0,0,0,0,0
2012-07-25,0.0,-0.2623861567096633,0.0,0.0,-10.05,0.0,-14.14,0.0,0.0,0.0,0.0,0.0,0.0,-66.78,19.49367088607595,0.0,0,0,0,0
2012-07-26,0.0,-0.2544666380798244,0.0,0.0,-10.05,0.0,-14.14,0.0,0.0,0.0,0.0,0.0,0.0,-66.78,19.49367088607595,0.0,0,0,0,0
2012-07-27,0.0,-0.2650954657146083,0.0,0.0,-10.05,0.0,-14.14,0.0,0.0,0.0,0.0,0.0,0.0,-66.78,19.49367088607595,0.0,0,0,0,0
2012-07-30,0.0,-0.2623861567096633,0.0,0.0,-10.05,0.0,-14.14,0.0,0.0,0.0,0.0,0.0,0.0,-66.78,19.49367088607595,0.0,0,0,0,0
2012-07-31,0.0,-0.2544666380798244,0.0,0.0,-10.05,0.0,-14.14,0.0,0.0,0.0,0.0,0.0,0.0,-66.78,19.49367088607595,0.0,0,0,0,0
2012-08-01,0.0,-0.2638450154046337,0.0,0.0,-10.05,0.0,-14.14,0.0,0.0,0.0,0.0,0.0,0.0,-66.78,19.49367088607595,0.0,0,0,0,0
2012-08-03,0.0,-0.2492564284549304,0.0,0.0,-10.05,0.0,-14.14,0.0,0.0,0.0,0.0,0.0,0.0,-66.78,19.49367088607595,0.0,0,1,0,0
2012-08-06,0.0,-0.2517573290748796,0.0,0.0,-10.05,0.0,-14.14,0.0,0.0,0.0,0.0,0.0,0.0,-66.78,19.49367088607595,0.0,0,0,0,0
2012-08-07,0.0,-0.2492564284549304,0.0,0.0,-15.89,0.0,0.0,0.0,0.0,0.0,0.0,0.0,0.0,-66.78,19.49367088607595,0.0,0,1,0,0
2012-08-08,0.0,-0.2450882607550152,0.0,0.0,-15.89,0.0,0.0,0.0,0.0,0.0,0.0,0.0,0.0,-66.78,19.49367088607595,0.0,1,1,0,0
2012-08-09,0.0,-0.2477975697599601,0.0,0.0,-15.89,0.0,0.0,0.0,0.0,0.0,0.0,0.0,0.0,-66.78,19.49367088607595,0.0,0,1,0,0
2012-08-10,0.0,-0.2517573290748796,0.0,0.0,-15.89,0.0,0.0,0.0,0.0,0.0,0.0,0.0,0.0,-66.78,19.49367088607595,0.0,0,1,0,0
2012-08-13,0.0,-0.2571759470847694,0.0,0.0,-15.89,0.0,0.0,0.0,0.0,0.0,0.0,0.0,0.0,-66.78,19.49367088607595,0.0,0,0,0,0
2012-08-14,0.0,0.1061093534771446,0.0,0.0,-15.89,0.0,0.0,0.0,0.0,0.0,0.0,0.0,0.0,-31.48,52.86013776579814,0.0,0,1,0,0
2012-08-15,0.0,0.103838700645535,0.0,0.0,-15.89,0.0,0.0,0.0,0.0,0.0,0.0,0.0,0.0,-31.48,52.86013776579814,0.0,1,1,0,0
2012-08-16,0.0,0.103838700645535,0.0,0.0,-15.89,0.0,0.0,0.0,0.0,0.0,0.0,0.0,0.0,-31.48,52.86013776579814,0.0,1,1,0,0
2012-08-17,0.0,0.1033147038382404,0.0,0.0,-15.89,0.0,0.0,0.0,0.0,0.0,0.0,0.0,0.0,-31.48,52.86013776579814,0.0,1,1,0,0
2012-08-20,0.0,0.103838700645535,0.0,0.0,-15.89,0.0,0.0,0.0,0.0,0.0,0.0,0.0,0.0,-31.48,52.86013776579814,0.0,1,1,0,0
2012-08-21,0.0,0.1021793774224356,0.0,0.0,-15.89,0.0,0.0,0.0,0.0,0.0,0.0,0.0,0.0,-31.48,52.86013776579814,0.0,1,1,0,0
2012-08-22,0.0,0.1033147038382404,0.0,0.0,-15.89,0.0,0.0,0.0,0.0,0.0,0.0,0.0,0.0,-31.48,52.86013776579814,0.0,1,1,0,0
2012-08-23,0.0,0.1044500302540453,0.0,0.0,-15.89,0.0,0.0,0.0,0.0,0.0,0.0,0.0,0.0,-31.48,52.86013776579814,0.0,1,1,0,0
2012-08-24,0.0,0.1033147038382404,0.0,0.0,-15.89,0.0,0.0,0.0,0.0,0.0,0.0,0.0,0.0,-31.48,52.86013776579814,0.0,1,1,0,0
2012-08-27,0.0,0.0999087245908259,0.0,0.0,-15.89,0.0,0.0,0.0,0.0,0.0,0.0,0.0,0.0,-31.48,52.86013776579814,0.0,1,1,0,0
2012-08-28,0.0,0.1066333502844392,0.0,0.0,-15.89,0.0,0.0,0.0,0.0,0.0,0.0,0.0,0.0,-31.48,52.86013776579814,0.0,1,0,0,0
2012-08-29,0.0,0.113881972785347,0.0,0.0,-15.89,0.0,0.0,0.0,0.0,0.0,0.0,0.0,0.0,-31.48,52.86013776579814,0.0,0,0,0,0
2012-08-30,0.0,0.1172879520327615,0.0,0.0,-15.89,0.0,0.0,0.0,0.0,0.0,0.0,0.0,0.0,-31.48,52.86013776579814,0.0,0,0,0,0
2012-08-31,0.0,0.1127466463695422,0.0,0.0,-15.89,0.0,0.0,0.0,0.0,0.0,0.0,0.0,0.0,-31.48,52.86013776579814,0.0,0,0,0,0
2012-09-03,0.0,0.1116986527549531,0.0,0.0,-15.89,0.0,0.0,0.0,0.0,0.0,0.0,0.0,0.0,-31.48,52.86013776579814,0.0,0,0,0,0
2012-09-04,0.0,0.1094279999233434,0.0,0.0,-15.89,0.0,0.0,0.0,0.0,0.0,0.0,0.0,0.0,-31.48,52.86013776579814,0.0,0,0,0,0
2012-09-05,0.0,0.1072446798929495,0.0,0.0,-15.89,0.0,0.0,0.0,0.0,0.0,0.0,0.0,0.0,-31.48,52.86013776579814,0.0,0,0,0,0
2012-09-06,0.0,0.1099519967306379,0.0,0.0,-15.89,0.0,0.0,0.0,0.0,0.0,0.0,0.0,0.0,-31.48,52.86013776579814,0.0,0,0,0,0
2012-09-07,0.0,0.1105633263391483,0.0,0.0,-16.65,0.0,0.0,0.0,0.0,0.0,0.0,0.0,0.0,-31.48,52.86013776579814,0.0,0,0,0,0
2012-09-10,0.0,0.1105633263391483,0.0,0.0,-16.65,0.0,0.0,0.0,0.0,0.0,0.0,0.0,0.0,-31.48,52.86013776579814,0.0,0,0,0,0
2012-09-11,0.0,0.107768676700244,0.0,0.0,-16.65,0.0,0.0,0.0,0.0,0.0,0.0,0.0,0.0,-31.48,52.86013776579814,0.0,0,0,0,0
2012-09-12,0.0,0.103838700645535,0.0,0.0,-16.65,0.0,0.0,0.0,0.0,0.0,0.0,0.0,0.0,-31.48,52.86013776579814,0.0,0,0,0,0
2012-09-13,0.0,0.1010440510066307,0.0,0.0,-16.65,0.0,0.0,0.0,0.0,0.0,0.0,0.0,0.0,-31.48,52.86013776579814,0.0,0,0,0,0
2012-09-14,0.0,0.1005200541993362,0.0,0.0,-16.65,0.0,0.0,0.0,0.0,0.0,0.0,0.0,0.0,-31.48,52.86013776579814,0.0,0,0,0,0
2012-09-17,0.0,0.0999087245908259,0.0,0.0,-16.65,0.0,0.0,0.0,0.0,0.0,0.0,0.0,0.0,-31.48,52.86013776579814,0.0,0,0,0,0
2012-09-18,0.0,0.0993847277835314,0.0,0.0,-16.65,0.0,0.0,0.0,0.0,0.0,0.0,0.0,0.0,-31.48,52.86013776579814,0.0,0,0,0,0
2012-09-19,0.0,0.1021793774224356,0.0,0.0,-16.65,0.0,0.0,0.0,0.0,0.0,0.0,0.0,0.0,-31.48,52.86013776579814,0.0,0,0,0,0
2012-09-20,0.0,0.0993847277835314,0.0,0.0,-16.65,0.0,0.0,0.0,0.0,0.0,0.0,0.0,0.0,-31.48,52.86013776579814,0.0,0,0,0,0
2012-09-21,0.0,0.0960660813373326,0.0,0.0,-16.65,0.0,0.0,0.0,0.0,0.0,0.0,0.0,0.0,-31.48,52.86013776579814,0.0,0,0,0,0
2012-09-24,0.0,0.0993847277835314,0.0,0.0,-16.65,0.0,0.0,0.0,0.0,0.0,0.0,0.0,0.0,-31.48,52.86013776579814,0.0,0,0,0,0
2012-09-25,0.0,0.0926601020899181,0.0,0.0,-16.65,0.0,0.0,0.0,0.0,0.0,0.0,0.0,0.0,-31.48,52.86013776579814,0.0,0,0,0,0
2012-09-26,0.0,0.0943194253130175,0.0,0.0,-16.65,0.0,0.0,0.0,0.0,0.0,0.0,0.0,0.0,-31.48,52.86013776579814,0.0,0,0,0,0
2012-09-27,0.0,0.0943194253130175,0.0,0.0,-16.65,0.0,0.0,0.0,0.0,0.0,0.0,0.0,0.0,-31.48,52.86013776579814,0.0,0,0,0,0
2012-09-28,0.0,0.0954547517288223,0.0,0.0,-16.65,0.0,0.0,0.0,0.0,0.0,0.0,0.0,0.0,-31.48,52.86013776579814,0.0,0,0,0,0
2012-10-01,0.0,0.0915247756741132,0.0,0.0,-16.65,0.0,0.0,0.0,0.0,0.0,0.0,0.0,0.0,-31.48,52.86013776579814,0.0,0,0,0,0
2012-10-02,0.0,0.0888174588364248,0.0,0.0,-16.65,0.0,0.0,0.0,0.0,0.0,0.0,0.0,0.0,-31.48,52.86013776579814,0.0,1,0,0,1
2012-10-03,0.0,0.0888174588364248,0.0,0.0,-16.65,0.0,0.0,0.0,0.0,0.0,0.0,0.0,0.0,-31.48,52.86013776579814,0.0,0,0,0,1
2012-10-04,0.0,0.0898654524510138,0.0,0.0,-16.65,0.0,0.0,0.0,0.0,0.0,0.0,0.0,0.0,-31.48,52.86013776579814,0.0,0,0,0,1
2012-10-05,0.0,0.0932714316984284,0.0,0.0,-16.65,0.0,0.0,0.0,0.0,0.0,0.0,0.0,0.0,-31.48,52.86013776579814,0.0,0,0,0,0
2012-10-08,0.0,0.0954547517288223,0.0,0.0,-12.14,0.0,-11.65,0.0,0.0,0.0,0.0,0.0,0.0,-31.48,52.86013776579814,0.0,0,0,0,0
2012-10-09,0.0,0.0926601020899181,0.0,0.0,-12.14,0.0,-11.65,0.0,0.0,0.0,0.0,0.0,0.0,-31.48,52.86013776579814,0.0,0,0,0,1
2012-10-11,0.0,0.0893414556437193,0.0,0.0,-12.14,0.0,-11.65,0.0,0.0,0.0,0.0,0.0,0.0,-31.48,52.86013776579814,0.0,0,0,0,1
2012-10-12,0.0,0.0893414556437193,0.0,0.0,-12.14,0.0,-11.65,0.0,0.0,0.0,0.0,0.0,0.0,-31.48,52.86013776579814,0.0,0,0,0,1
2012-10-15,0.0,0.0870708028121096,0.0,0.0,-12.14,0.0,-11.65,0.0,0.0,0.0,0.0,0.0,0.0,-31.48,52.86013776579814,0.0,0,0,0,1
2012-10-16,0.0,0.0832281595586163,0.0,0.0,-12.14,0.0,-11.65,0.0,0.0,0.0,0.0,0.0,0.0,-31.48,52.86013776579814,0.0,0,0,0,1
2012-10-17,0.0,0.0854114795890102,0.0,0.0,-12.14,0.0,-11.65,0.0,0.0,0.0,0.0,0.0,0.0,-31.48,52.86013776579814,0.0,0,0,0,1
2012-10-18,0.0,0.0832281595586163,0.0,0.0,-12.14,0.0,-11.65,0.0,0.0,0.0,0.0,0.0,0.0,-31.48,52.86013776579814,0.0,0,0,0,1
2012-10-19,0.0,0.0832281595586163,0.0,0.0,-12.14,0.0,-11.65,0.0,0.0,0.0,0.0,0.0,0.0,-31.48,52.86013776579814,0.0,0,0,0,1
2012-10-22,0.0,0.0870708028121096,0.0,0.0,-12.14,0.0,-11.65,0.0,0.0,0.0,0.0,0.0,0.0,-31.48,52.86013776579814,0.0,0,0,0,1
2012-10-23,0.0,0.0848874827817157,0.0,0.0,-12.14,0.0,-11.65,0.0,0.0,0.0,0.0,0.0,0.0,-31.48,52.86013776579814,0.0,0,0,0,1
2012-10-24,0.0,0.0814815035343012,0.0,0.0,-12.14,0.0,-11.65,0.0,0.0,0.0,0.0,0.0,0.0,-31.48,52.86013776579814,0.0,0,0,1,1
2012-10-25,0.0,0.0798221803112018,0.0,0.0,-12.14,0.0,-11.65,0.0,0.0,0.0,0.0,0.0,0.0,-31.48,52.86013776579814,0.0,0,0,1,1
2012-10-26,0.0,0.0781628570881024,0.0,0.0,-12.14,0.0,-11.65,0.0,0.0,0.0,0.0,0.0,0.0,-31.48,52.86013776579814,0.0,0,0,1,1
2012-10-29,0.0,0.0781628570881024,0.0,0.0,-12.14,0.0,-11.65,0.0,0.0,0.0,0.0,0.0,0.0,-31.48,52.86013776579814,0.0,0,0,1,1
2012-10-30,0.0,0.0781628570881024,0.0,0.0,-12.14,0.0,-11.65,0.0,0.0,0.0,0.0,0.0,0.0,-31.48,52.86013776579814,0.0,0,0,1,1
2012-10-31,0.0,0.0781628570881024,0.0,0.0,-12.14,0.0,-11.65,0.0,0.0,0.0,0.0,0.0,0.0,-31.48,52.86013776579814,0.0,0,0,1,1
2012-11-01,0.0,0.0781628570881024,0.0,0.0,-12.14,0.0,-11.65,0.0,0.0,0.0,0.0,0.0,0.0,-31.48,52.86013776579814,0.0,0,0,1,1
2012-11-02,0.0,0.0742328810333934,0.0,0.0,-12.14,0.0,-11.65,0.0,0.0,0.0,0.0,0.0,0.0,-31.48,52.86013776579814,0.0,1,0,1,1
2012-11-05,0.0,0.0692549113640952,0.0,0.0,-12.14,0.0,-11.65,0.0,0.0,0.0,0.0,0.0,0.0,-31.48,52.86013776579814,0.0,1,1,1,1
2012-11-06,0.0,0.0692549113640952,0.0,0.0,-12.14,0.0,-11.65,0.0,0.0,0.0,0.0,0.0,0.0,-31.48,52.86013776579814,0.0,1,1,1,1
2012-11-07,0.0,0.072573557810294,0.0,0.0,20.33,0.0,0.0,0.0,0.0,0.0,0.0,0.0,0.0,-31.48,52.86013776579814,0.0,1,1,1,1
2012-11-08,0.0,0.0753682074491982,0.0,0.0,20.33,0.0,0.0,0.0,0.0,0.0,0.0,0.0,0.0,-31.48,52.86013776579814,0.0,1,1,1,1
2012-11-09,0.0,0.0781628570881024,0.0,0.0,20.33,0.0,0.0,0.0,0.0,0.0,0.0,0.0,0.0,-31.48,52.86013776579814,0.0,0,0,1,1
2012-11-12,0.0,0.0832281595586163,0.0,0.0,20.33,0.0,0.0,0.0,0.0,0.0,0.0,0.0,0.0,-31.48,52.86013776579814,0.0,0,0,1,1
2012-11-13,0.0,0.082616829950106,0.0,0.0,20.33,0.0,0.0,0.0,0.0,0.0,0.0,0.0,0.0,-31.48,52.86013776579814,0.0,0,0,1,1
2012-11-14,0.0,0.1805037313432838,0.0,0.0,20.33,0.0,0.0,0.0,0.0,0.0,0.0,0.0,0.0,-93.64,-197.45870393900887,0.0,0,0,1,1
2012-11-15,0.0,0.176878392130258,0.0,0.0,20.33,0.0,0.0,0.0,0.0,0.0,0.0,0.0,0.0,-93.64,-197.45870393900887,0.0,0,1,1,1
2012-11-16,0.0,0.1646667232021712,0.0,0.0,20.33,0.0,0.0,0.0,0.0,0.0,0.0,0.0,0.0,-93.64,-197.45870393900887,0.0,0,1,1,1
2012-11-19,0.0,0.1621862279511536,0.0,0.0,20.33,0.0,0.0,0.0,0.0,0.0,0.0,0.0,0.0,-93.64,-197.45870393900887,0.0,0,1,1,1
2012-11-20,0.0,0.1574160447761196,0.0,0.0,20.33,0.0,0.0,0.0,0.0,0.0,0.0,0.0,0.0,-93.64,-197.45870393900887,0.0,0,1,1,1
2012-11-21,0.0,0.1537907055630938,0.0,0.0,20.33,0.0,0.0,0.0,0.0,0.0,0.0,0.0,0.0,-93.64,-197.45870393900887,0.0,1,1,1,1
2012-11-22,0.0,0.1499745590230667,0.0,0.0,20.33,0.0,0.0,0.0,0.0,0.0,0.0,0.0,0.0,-93.64,-197.45870393900887,0.0,1,1,1,1
2012-11-23,0.0,0.1574160447761196,0.0,0.0,20.33,0.0,0.0,0.0,0.0,0.0,0.0,0.0,0.0,-93.64,-197.45870393900887,0.0,1,1,1,1
2012-11-26,0.0,0.1560803934871101,0.0,0.0,20.33,0.0,0.0,0.0,0.0,0.0,0.0,0.0,0.0,-93.64,-197.45870393900887,0.0,1,1,1,1
2012-11-27,0.0,0.1560803934871101,0.0,0.0,20.33,0.0,0.0,0.0,0.0,0.0,0.0,0.0,0.0,-93.64,-197.45870393900887,0.0,1,1,1,1
2012-11-28,0.0,0.1560803934871101,0.0,0.0,20.33,0.0,0.0,0.0,0.0,0.0,0.0,0.0,0.0,-93.64,-197.45870393900887,0.0,1,1,1,1
2012-11-29,0.0,0.1574160447761196,0.0,0.0,20.33,0.0,0.0,0.0,0.0,0.0,0.0,0.0,0.0,-93.64,-197.45870393900887,0.0,1,1,1,1
2012-11-30,0.0,0.1585608887381278,0.0,0.0,20.33,0.0,0.0,0.0,0.0,0.0,0.0,0.0,0.0,-93.64,-197.45870393900887,0.0,1,1,1,1
2012-12-03,0.0,0.1621862279511536,0.0,0.0,20.33,0.0,0.0,0.0,0.0,0.0,0.0,0.0,0.0,-93.64,-197.45870393900887,0.0,1,1,1,1
2012-12-04,0.0,0.1732530529172322,0.0,0.0,20.33,0.0,0.0,0.0,0.0,0.0,0.0,0.0,0.0,-93.64,-197.45870393900887,0.0,1,1,1,1
2012-12-05,0.0,0.1841290705563096,0.0,0.0,20.33,0.0,0.0,0.0,0.0,0.0,0.0,0.0,0.0,-93.64,-197.45870393900887,0.0,1,1,1,1
2012-12-06,0.0,0.1963407394843964,0.0,0.0,20.33,0.0,0.0,0.0,0.0,0.0,0.0,0.0,0.0,-93.64,-197.45870393900887,0.0,1,1,1,1
2012-12-07,0.0,0.2098880597014928,0.0,0.0,18.69,0.0,0.0,0.0,0.0,0.0,0.0,0.0,0.0,-93.64,-197.45870393900887,0.0,1,1,1,1
2012-12-10,0.0,0.224389416553596,0.0,0.0,18.69,0.0,0.0,0.0,0.0,0.0,0.0,0.0,0.0,-93.64,-197.45870393900887,0.0,1,1,1,1
2012-12-11,0.0,0.2343113975576665,0.0,0.0,18.69,0.0,0.0,0.0,0.0,0.0,0.0,0.0,0.0,-93.64,-197.45870393900887,0.0,1,1,1,1
2012-12-12,0.0,0.2304952510176394,0.0,0.0,18.69,0.0,0.0,0.0,0.0,0.0,0.0,0.0,0.0,-93.64,-197.45870393900887,0.0,1,1,1,1
2012-12-13,0.0,0.246332259158752,0.0,0.0,18.69,0.0,0.0,0.0,0.0,0.0,0.0,0.0,0.0,-93.64,-197.45870393900887,0.0,1,1,1,1
2012-12-14,0.0,0.2635049185888742,0.0,0.0,18.69,0.0,0.0,0.0,0.0,0.0,0.0,0.0,0.0,-93.64,-197.45870393900887,0.0,1,1,1,1
2012-12-17,0.0,0.2818224219810045,0.0,0.0,18.69,0.0,0.0,0.0,0.0,0.0,0.0,0.0,0.0,-93.64,-197.45870393900887,0.0,1,1,1,1
2012-12-18,0.0,0.3012847693351429,0.0,0.0,18.69,0.0,0.0,0.0,0.0,0.0,0.0,0.0,0.0,-93.64,-197.45870393900887,0.0,1,1,1,1
2012-12-19,0.0,0.3220827679782908,0.0,0.0,18.69,0.0,0.0,0.0,0.0,0.0,0.0,0.0,0.0,-93.64,-197.45870393900887,0.0,0,1,1,1
2012-12-20,0.0,0.344025610583447,0.0,0.0,18.69,0.0,0.0,0.0,0.0,0.0,0.0,0.0,0.0,-93.64,-197.45870393900887,0.0,0,0,0,1
2012-12-21,0.0,0.3207471166892813,0.0,0.0,18.69,0.0,0.0,0.0,0.0,0.0,0.0,0.0,0.0,-93.64,-197.45870393900887,0.0,0,1,1,1
2012-12-22,0.0,0.2988042740841253,0.0,0.0,18.69,0.0,0.0,0.0,0.0,0.0,0.0,0.0,0.0,-93.64,-197.45870393900887,0.0,1,1,1,1
2012-12-24,0.0,0.3171217774762556,0.0,0.0,18.69,0.0,0.0,0.0,0.0,0.0,0.0,0.0,0.0,-93.64,-197.45870393900887,0.0,0,1,1,1
2012-12-25,0.0,0.3073906037991863,0.0,0.0,18.69,0.0,0.0,0.0,0.0,0.0,0.0,0.0,0.0,-93.64,-197.45870393900887,0.0,1,1,1,1
2012-12-26,0.0,0.3026204206241524,0.0,0.0,18.69,0.0,0.0,0.0,0.0,0.0,0.0,0.0,0.0,-93.64,-197.45870393900887,0.0,1,1,1,1
2012-12-27,0.0,0.3085354477611945,0.0,0.0,18.69,0.0,0.0,0.0,0.0,0.0,0.0,0.0,0.0,-93.64,-197.45870393900887,0.0,1,1,1,1
2012-12-28,0.0,0.3049101085481687,0.0,0.0,18.69,0.0,0.0,0.0,0.0,0.0,0.0,0.0,0.0,-93.64,-197.45870393900887,0.0,1,1,1,1
2013-01-02,0.0,0.3146412822252379,0.0,0.0,18.69,0.0,0.0,0.0,0.0,0.0,0.0,0.0,0.0,-93.64,-197.45870393900887,0.0,1,1,1,1
2013-01-03,0.0,0.3171217774762556,0.0,0.0,18.69,0.0,0.0,0.0,0.0,0.0,0.0,0.0,0.0,-93.64,-197.45870393900887,0.0,1,1,1,1
2013-01-04,0.0,0.3171217774762556,0.0,0.0,18.69,0.0,0.0,0.0,0.0,0.0,0.0,0.0,0.0,-93.64,-197.45870393900887,0.0,1,1,1,1
2013-01-07,0.0,0.3257081071913166,0.0,0.0,-21.36,0.0,-8.74,0.0,0.0,0.0,0.0,0.0,0.0,-93.64,-197.45870393900887,0.0,1,1,1,1
2013-01-08,0.0,0.33181394165536,0.0,0.0,-21.36,0.0,-8.74,0.0,0.0,0.0,0.0,0.0,0.0,-93.64,-197.45870393900887,0.0,1,1,1,1
2013-01-09,0.0,0.3367749321573953,0.0,0.0,-21.36,0.0,-8.74,0.0,0.0,0.0,0.0,0.0,0.0,-93.64,-197.45870393900887,0.0,1,1,1,1
2013-01-10,0.0,0.3487957937584808,0.0,0.0,-21.36,0.0,-8.74,0.0,0.0,0.0,0.0,0.0,0.0,-93.64,-197.45870393900887,0.0,0,0,1,1
2013-01-11,0.0,0.3562372795115338,0.0,0.0,-21.36,0.0,-8.74,0.0,0.0,0.0,0.0,0.0,0.0,-93.64,-197.45870393900887,0.0,0,0,1,1
2013-01-14,0.0,0.365968453188603,0.0,0.0,-21.36,0.0,-8.74,0.0,0.0,0.0,0.0,0.0,0.0,-93.64,-197.45870393900887,0.0,0,0,0,1
2013-01-15,0.0,0.3562372795115338,0.0,0.0,-21.36,0.0,-8.74,0.0,0.0,0.0,0.0,0.0,0.0,-93.64,-197.45870393900887,0.0,0,0,1,1
2013-01-16,0.0,0.365968453188603,0.0,0.0,-21.36,0.0,-8.74,0.0,0.0,0.0,0.0,0.0,0.0,-93.64,-197.45870393900887,0.0,0,0,0,1
2013-01-17,0.0,0.3404002713704211,0.0,0.0,-21.36,0.0,-8.74,0.0,0.0,0.0,0.0,0.0,0.0,-93.64,-197.45870393900887,0.0,0,0,1,1
2013-01-18,0.0,0.3587177747625514,0.0,0.0,-21.36,0.0,-8.74,0.0,0.0,0.0,0.0,0.0,0.0,-93.64,-197.45870393900887,0.0,0,0,1,1
2013-01-21,0.0,0.3342944369063777,0.0,0.0,-21.36,0.0,-8.74,0.0,0.0,0.0,0.0,0.0,0.0,-93.64,-197.45870393900887,0.0,0,1,1,1
2013-01-22,0.0,0.3110159430122121,0.0,0.0,-21.36,0.0,-8.74,0.0,0.0,0.0,0.0,0.0,0.0,-93.64,-197.45870393900887,0.0,1,1,1,1
2013-01-23,0.0,0.3134964382632297,0.0,0.0,-21.36,0.0,-8.74,0.0,0.0,0.0,0.0,0.0,0.0,-93.64,-197.45870393900887,0.0,1,1,1,1
2013-01-24,0.0,0.323227611940299,0.0,0.0,-21.36,0.0,-8.74,0.0,0.0,0.0,0.0,0.0,0.0,-93.64,-197.45870393900887,0.0,1,1,1,1
2013-01-25,0.0,0.3245632632293085,0.0,0.0,-21.36,0.0,-8.74,0.0,0.0,0.0,0.0,0.0,0.0,-93.64,-197.45870393900887,0.0,1,1,1,1
2013-01-28,0.0,0.3390646200814116,0.0,0.0,-21.36,0.0,-8.74,0.0,0.0,0.0,0.0,0.0,0.0,-93.64,-197.45870393900887,0.0,0,1,1,1
2013-01-29,0.0,0.3501314450474904,0.0,0.0,-21.36,0.0,-8.74,0.0,0.0,0.0,0.0,0.0,0.0,-93.64,-197.45870393900887,0.0,0,1,1,1
2013-01-30,0.0,0.3415451153324292,0.0,0.0,-21.36,0.0,-8.74,0.0,0.0,0.0,0.0,0.0,0.0,-93.64,-197.45870393900887,0.0,0,1,1,1
2013-01-31,0.0,0.3342944369063777,0.0,0.0,-21.36,0.0,-8.74,0.0,0.0,0.0,0.0,0.0,0.0,-93.64,-197.45870393900887,0.0,1,1,1,1
2013-02-01,0.0,0.3281886024423343,0.0,0.0,-21.36,0.0,-8.74,0.0,0.0,0.0,0.0,0.0,0.0,-93.64,-197.45870393900887,0.0,1,1,1,1
2013-02-04,0.0,0.3415451153324292,0.0,0.0,-21.36,0.0,-8.74,0.0,0.0,0.0,0.0,0.0,0.0,-93.64,-197.45870393900887,0.0,1,1,1,1
2013-02-05,0.0,0.3268529511533248,0.0,0.0,-21.36,0.0,-8.74,0.0,0.0,0.0,0.0,0.0,0.0,-93.64,-197.45870393900887,0.0,1,1,1,1
2013-02-06,0.0,0.3306690976933519,0.0,0.0,-21.36,0.0,-8.74,0.0,0.0,0.0,0.0,0.0,0.0,-93.64,-197.45870393900887,0.0,1,1,1,1
2013-02-18,0.0,0.4066560648099452,0.0,0.0,12.81,-3.43,-3.43,0.0,0.0,0.0,0.0,0.0,0.0,-86.51,7.614267407090981,0.0,0,1,1,1
2013-02-19,0.0,0.4066560648099452,0.0,0.0,12.81,-3.43,-3.43,0.0,0.0,0.0,0.0,0.0,0.0,-86.51,7.614267407090981,0.0,1,1,1,1
2013-02-20,0.0,0.4137747705396598,0.0,0.0,12.81,-3.43,-3.43,0.0,0.0,0.0,0.0,0.0,0.0,-86.51,7.614267407090981,0.0,1,1,1,1
2013-02-21,0.0,0.4095480390126417,0.0,0.0,12.81,-3.43,-3.43,0.0,0.0,0.0,0.0,0.0,0.0,-86.51,7.614267407090981,0.0,1,1,1,1
2013-02-22,0.0,0.3997598186342841,0.0,0.0,12.81,-3.43,-3.43,0.0,0.0,0.0,0.0,0.0,0.0,-86.51,7.614267407090981,0.0,1,1,1,1
2013-02-23,0.0,0.4082132816883203,0.0,0.0,12.81,-3.43,-3.43,0.0,0.0,0.0,0.0,0.0,0.0,-86.51,7.614267407090981,0.0,1,1,1,1
2013-02-25,0.0,0.4010945759586057,0.0,0.0,12.81,-3.43,-3.43,0.0,0.0,0.0,0.0,0.0,0.0,-86.51,7.614267407090981,0.0,1,1,1,1
2013-02-26,0.0,0.3968678444315875,0.0,0.0,12.81,-3.43,-3.43,0.0,0.0,0.0,0.0,0.0,0.0,-86.51,7.614267407090981,0.0,1,1,1,1
2013-02-27,0.0,0.4053213074856236,0.0,0.0,12.81,-3.43,-3.43,0.0,0.0,0.0,0.0,0.0,0.0,-86.51,7.614267407090981,0.0,1,1,1,1
2013-03-01,0.0,0.4039865501613022,0.0,0.0,12.81,-3.43,-3.43,0.0,0.0,0.0,0.0,0.0,0.0,-86.51,7.614267407090981,0.0,1,1,1,1
2013-03-04,0.0,0.4266774246747674,0.0,0.0,12.81,-3.43,-3.43,0.0,0.0,0.0,0.0,0.0,0.0,-86.51,7.614267407090981,0.0,1,1,1,1
2013-03-05,0.0,0.4564870049179471,0.0,0.0,12.81,-3.43,-3.43,0.0,0.0,0.0,0.0,0.0,0.0,-86.51,7.614267407090981,0.0,1,1,1,1
2013-03-06,0.0,0.4580442217963223,0.0,0.0,12.81,-3.43,-3.43,0.0,0.0,0.0,0.0,0.0,0.0,-86.51,7.614267407090981,0.0,1,1,1,1
2013-03-07,0.0,0.4891885593638235,0.0,0.0,20.05,-7.99,-5.97,0.0,0.0,0.0,0.0,0.0,0.0,-86.51,7.614267407090981,0.0,1,1,1,1
2013-03-08,0.0,0.5234473306880749,0.0,0.0,20.05,-7.99,-5.97,0.0,0.0,0.0,0.0,0.0,0.0,-86.51,7.614267407090981,0.0,0,0,1,1
2013-03-11,0.0,0.5590408593366477,0.0,0.0,20.05,-7.99,-5.97,0.0,0.0,0.0,0.0,0.0,0.0,-86.51,7.614267407090981,0.0,0,0,1,1
2013-03-12,0.0,0.5205553564853783,0.0,0.0,20.05,-7.99,-5.97,0.0,0.0,0.0,0.0,0.0,0.0,-86.51,7.614267407090981,0.0,0,0,1,1
2013-03-13,0.0,0.4907457762421985,0.0,0.0,20.05,-7.99,-5.97,0.0,0.0,0.0,0.0,0.0,0.0,-86.51,7.614267407090981,0.0,0,1,1,1
2013-03-14,0.0,0.4991992392962346,0.0,0.0,20.05,-7.99,-5.97,0.0,0.0,0.0,0.0,0.0,0.0,-86.51,7.614267407090981,0.0,0,1,1,1
2013-03-15,0.0,0.4651629275260368,0.0,0.0,20.05,-7.99,-5.97,0.0,0.0,0.0,0.0,0.0,0.0,-86.51,7.614267407090981,0.0,1,1,1,1
2013-03-18,0.0,0.4651629275260368,0.0,0.0,20.05,-7.99,-5.97,0.0,0.0,0.0,0.0,0.0,0.0,-86.51,7.614267407090981,0.0,1,1,1,1
2013-03-19,0.0,0.4836270705124839,0.0,0.0,20.05,-7.99,-5.97,0.0,0.0,0.0,0.0,0.0,0.0,-86.51,7.614267407090981,0.0,1,1,1,1
2013-03-20,0.0,0.4836270705124839,0.0,0.0,20.05,-7.99,-5.97,0.0,0.0,0.0,0.0,0.0,0.0,-86.51,7.614267407090981,0.0,1,1,1,1
2013-03-21,0.0,0.4836270705124839,0.0,0.0,20.05,-7.99,-5.97,0.0,0.0,0.0,0.0,0.0,0.0,-86.51,7.614267407090981,0.0,1,1,1,1
2013-03-22,0.0,0.479400338985466,0.0,0.0,20.05,-7.99,-5.97,0.0,0.0,0.0,0.0,0.0,0.0,-86.51,7.614267407090981,0.0,1,1,1,1
2013-03-25,0.0,0.4907457762421985,0.0,0.0,20.05,-7.99,-5.97,0.0,0.0,0.0,0.0,0.0,0.0,-86.51,7.614267407090981,0.0,1,1,1,1
2013-03-26,0.0,0.5020912134989312,0.0,0.0,20.05,-7.99,-5.97,0.0,0.0,0.0,0.0,0.0,0.0,-86.51,7.614267407090981,0.0,1,1,1,1
2013-03-27,0.0,0.536127525269129,0.0,0.0,20.05,-7.99,-5.97,0.0,0.0,0.0,0.0,0.0,0.0,-86.51,7.614267407090981,0.0,1,1,1,1
2013-03-28,0.0,0.5176633822826818,0.0,0.0,20.05,-7.99,-5.97,0.0,0.0,0.0,0.0,0.0,0.0,-86.51,7.614267407090981,0.0,1,1,1,1
2013-03-29,0.0,0.5461382052015402,0.0,0.0,20.05,-7.99,-5.97,0.0,0.0,0.0,0.0,0.0,0.0,-86.51,7.614267407090981,0.0,1,1,1,1
2013-04-01,0.0,0.5461382052015402,0.0,0.0,20.05,-7.99,-5.97,0.0,0.0,0.0,0.0,0.0,0.0,-86.51,7.614267407090981,0.0,1,1,1,1
2013-04-02,0.0,0.5545916682555762,0.0,0.0,20.05,-7.99,-5.97,0.0,0.0,0.0,0.0,0.0,0.0,-86.51,7.614267407090981,0.0,1,1,1,1
2013-04-03,0.0,0.5574836424582728,0.0,0.0,20.05,-7.99,-5.97,0.0,0.0,0.0,0.0,0.0,0.0,-86.51,7.614267407090981,0.0,1,1,1,1
2013-04-08,0.0,0.5519221536069332,0.0,0.0,18.59,22.16,3.34,0.0,0.0,0.0,0.0,0.0,0.0,-86.51,7.614267407090981,0.0,1,1,1,1
2013-04-09,0.0,0.5574836424582728,0.0,0.0,18.59,22.16,3.34,0.0,0.0,0.0,0.0,0.0,0.0,-86.51,7.614267407090981,0.0,1,1,1,1
2013-04-10,0.0,0.540354256796147,0.0,0.0,18.59,22.16,3.34,0.0,0.0,0.0,0.0,0.0,0.0,-86.51,7.614267407090981,0.0,1,1,1,1
2013-04-11,0.0,0.5490301794042367,0.0,0.0,18.59,22.16,3.34,0.0,0.0,0.0,0.0,0.0,0.0,-86.51,7.614267407090981,0.0,1,1,1,1
2013-04-12,0.0,0.5490301794042367,0.0,0.0,18.59,22.16,3.34,0.0,0.0,0.0,0.0,0.0,0.0,-86.51,7.614267407090981,0.0,1,1,1,1
2013-04-15,0.0,0.5872932227014525,0.0,0.0,18.59,22.16,3.34,0.0,0.0,0.0,0.0,0.0,0.0,-86.51,7.614267407090981,0.0,1,1,1,1
2013-04-16,0.0,0.6271134828770435,0.0,0.0,18.59,22.16,3.34,0.0,0.0,0.0,0.0,0.0,0.0,-86.51,7.614267407090981,0.0,1,1,1,1
2013-04-17,0.0,0.6698257172553309,0.0,0.0,18.59,22.16,3.34,0.0,0.0,0.0,0.0,0.0,0.0,-86.51,7.614267407090981,0.0,1,1,1,1
2013-04-18,0.0,0.7154299258363148,0.0,0.0,18.59,22.16,3.34,0.0,0.0,0.0,0.0,0.0,0.0,-86.51,7.614267407090981,0.0,1,1,1,1
2013-04-19,0.0,0.7652608659443169,0.0,0.0,18.59,22.16,3.34,0.0,0.0,0.0,0.0,0.0,0.0,-86.51,7.614267407090981,0.0,1,1,1,1
2013-04-22,0.0,0.8177613207009619,0.0,0.0,18.59,22.16,3.34,0.0,0.0,0.0,0.0,0.0,0.0,-86.51,7.614267407090981,0.0,1,1,1,0
2013-04-23,0.0,0.8747109665386785,0.0,0.0,18.59,22.16,3.34,0.0,0.0,0.0,0.0,0.0,0.0,-86.51,7.614267407090981,0.0,0,0,0,0
2013-04-24,0.0,0.813534589173944,0.0,0.0,18.59,22.16,3.34,0.0,0.0,0.0,0.0,0.0,0.0,-86.51,7.614267407090981,0.0,1,1,1,0
2013-04-25,0.0,0.8689270181332855,0.0,0.0,18.59,22.16,3.34,0.0,0.0,0.0,0.0,0.0,0.0,-86.51,7.614267407090981,0.0,0,0,0,0
2013-04-26,0.0,0.8391174378901056,0.0,0.0,18.59,22.16,3.34,0.0,0.0,0.0,0.0,0.0,0.0,-86.51,7.614267407090981,0.0,1,0,0,0
2013-04-29,0.0,0.8960670837278223,0.0,0.0,18.59,22.16,3.34,0.0,0.0,0.0,0.0,0.0,0.0,-86.51,7.614267407090981,0.0,0,0,0,0
2013-04-30,0.0,0.9245419066466806,0.0,0.0,18.59,22.16,3.34,0.0,0.0,0.0,0.0,0.0,0.0,-86.51,7.614267407090981,0.0,0,0,0,0
2013-05-02,0.0,0.8960670837278223,0.0,0.0,18.59,22.16,3.34,0.0,0.0,0.0,0.0,0.0,0.0,-86.51,7.614267407090981,0.0,0,0,0,0
2013-05-03,0.0,0.9103044951872516,0.0,0.0,18.59,22.16,3.34,0.0,0.0,0.0,0.0,0.0,0.0,-86.51,7.614267407090981,0.0,0,0,0,0
2013-05-06,0.0,0.881829672268393,0.0,0.0,18.59,22.16,3.34,0.0,0.0,0.0,0.0,0.0,0.0,-86.51,7.614267407090981,0.0,0,0,0,0
2013-05-07,0.0,0.8504628751468382,0.0,0.0,32.2,40.39,13.62,0.0,0.0,0.0,0.0,0.0,0.0,-86.51,7.614267407090981,0.0,0,0,0,0
2013-05-08,0.0,0.7921784719848002,0.0,0.0,32.2,40.39,13.62,0.0,0.0,0.0,0.0,0.0,0.0,-86.51,7.614267407090981,0.0,1,1,1,0
2013-05-09,0.0,0.7964052035118182,0.0,0.0,32.2,40.39,13.62,0.0,0.0,0.0,0.0,0.0,0.0,-86.51,7.614267407090981,0.0,1,1,1,0
2013-05-10,0.0,0.7679303805929599,0.0,0.0,32.2,40.39,13.62,0.0,0.0,0.0,0.0,0.0,0.0,-86.51,7.614267407090981,0.0,1,1,1,0
2013-05-13,0.0,0.7992971777145148,0.0,0.0,32.2,40.39,13.62,0.0,0.0,0.0,0.0,0.0,0.0,-86.51,7.614267407090981,0.0,0,1,1,0
2013-05-14,0.0,0.8475709009441418,0.0,0.0,32.2,40.39,13.62,0.0,0.0,0.0,0.0,0.0,0.0,-86.51,7.614267407090981,0.0,0,0,0,0
2013-05-15,0.0,1.3553133933518025,0.0,0.0,32.2,40.39,13.62,0.0,0.0,0.0,0.0,0.0,0.0,21.85,125.2571956999191,0.0,0,0,0,0
2013-05-16,0.0,1.4116161218836585,0.0,0.0,32.2,40.39,13.62,0.0,0.0,0.0,0.0,0.0,0.0,21.85,125.2571956999191,0.0,0,0,0,0
2013-05-17,0.0,1.3784968698060962,0.0,0.0,32.2,40.39,13.62,0.0,0.0,0.0,0.0,0.0,0.0,21.85,125.2571956999191,0.0,0,0,0,0
2013-05-20,0.0,1.2938587811634366,0.0,0.0,32.2,40.39,13.62,0.0,0.0,0.0,0.0,0.0,0.0,21.85,125.2571956999191,0.0,1,1,1,0
2013-05-21,0.0,1.2846589889196691,0.0,0.0,32.2,40.39,13.62,0.0,0.0,0.0,0.0,0.0,0.0,21.85,125.2571956999191,0.0,1,1,1,0
2013-05-22,0.0,1.2938587811634366,0.0,0.0,32.2,40.39,13.62,0.0,0.0,0.0,0.0,0.0,0.0,21.85,125.2571956999191,0.0,1,1,1,0
2013-05-23,0.0,1.2703073130193925,0.0,0.0,32.2,40.39,13.62,0.0,0.0,0.0,0.0,0.0,0.0,21.85,125.2571956999191,0.0,1,1,1,0
2013-05-24,0.0,1.2493317867036031,0.0,0.0,32.2,40.39,13.62,0.0,0.0,0.0,0.0,0.0,0.0,21.85,125.2571956999191,0.0,1,1,1,0
2013-05-27,0.0,1.305634515235459,0.0,0.0,32.2,40.39,13.62,0.0,0.0,0.0,0.0,0.0,0.0,21.85,125.2571956999191,0.0,1,1,1,0
2013-05-28,0.0,1.2703073130193925,0.0,0.0,32.2,40.39,13.62,0.0,0.0,0.0,0.0,0.0,0.0,21.85,125.2571956999191,0.0,1,1,1,0
2013-05-29,0.0,1.3575213434903066,0.0,0.0,32.2,40.39,13.62,0.0,0.0,0.0,0.0,0.0,0.0,21.85,125.2571956999191,0.0,1,1,0,0
2013-05-30,0.0,1.376288919667592,0.0,0.0,32.2,40.39,13.62,0.0,0.0,0.0,0.0,0.0,0.0,21.85,125.2571956999191,0.0,0,1,0,0
2013-05-31,0.0,1.4233918559556809,0.0,0.0,32.2,40.39,13.62,0.0,0.0,0.0,0.0,0.0,0.0,21.85,125.2571956999191,0.0,0,0,0,0
2013-06-03,0.0,1.4635029501385064,0.0,0.0,32.2,40.39,13.62,0.0,0.0,0.0,0.0,0.0,0.0,21.85,125.2571956999191,0.0,0,0,0,0
2013-06-04,0.0,1.4116161218836585,0.0,0.0,32.2,40.39,13.62,0.0,0.0,0.0,0.0,0.0,0.0,21.85,125.2571956999191,0.0,0,0,0,0
2013-06-05,0.0,1.3998403878116363,0.0,0.0,32.2,40.39,13.62,0.0,0.0,0.0,0.0,0.0,0.0,21.85,125.2571956999191,0.0,0,0,0,0
2013-06-06,0.0,1.3880646537396142,0.0,0.0,32.2,40.39,13.62,0.0,0.0,0.0,0.0,0.0,0.0,21.85,125.2571956999191,0.0,0,1,0,0
2013-06-07,0.0,1.3221941412742402,0.0,0.0,-4.17,26.61,16.57,0.0,0.0,0.0,0.0,0.0,0.0,21.85,125.2571956999191,0.0,1,1,0,0
2013-06-10,0.0,1.4116161218836585,0.0,0.0,-4.17,26.61,16.57,0.0,0.0,0.0,0.0,0.0,0.0,21.85,125.2571956999191,0.0,0,0,0,0
2013-06-11,0.0,1.3880646537396142,0.0,0.0,-4.17,26.61,16.57,0.0,0.0,0.0,0.0,0.0,0.0,21.85,125.2571956999191,0.0,1,0,0,0
2013-06-13,0.0,1.2938587811634366,0.0,0.0,-4.17,26.61,16.57,0.0,0.0,0.0,0.0,0.0,0.0,21.85,125.2571956999191,0.0,1,1,0,0
2013-06-14,0.0,1.326978033240999,0.0,0.0,-4.17,26.61,16.57,0.0,0.0,0.0,0.0,0.0,0.0,21.85,125.2571956999191,0.0,1,1,0,0
2013-06-17,0.0,1.4020483379501405,0.0,0.0,-4.17,26.61,16.57,0.0,0.0,0.0,0.0,0.0,0.0,21.85,125.2571956999191,0.0,1,0,0,0
2013-06-18,0.0,1.3950564958448772,0.0,0.0,-4.17,26.61,16.57,0.0,0.0,0.0,0.0,0.0,0.0,21.85,125.2571956999191,0.0,1,0,0,0
2013-06-19,0.0,1.491470318559559,0.0,0.0,-4.17,26.61,16.57,0.0,0.0,0.0,0.0,0.0,0.0,21.85,125.2571956999191,0.0,0,0,0,0
2013-06-20,0.0,1.4587190581717473,0.0,0.0,-4.17,26.61,16.57,0.0,0.0,0.0,0.0,0.0,0.0,21.85,125.2571956999191,0.0,0,0,0,0
2013-06-21,0.0,1.4116161218836585,0.0,0.0,-4.17,26.61,16.57,0.0,0.0,0.0,0.0,0.0,0.0,21.85,125.2571956999191,0.0,0,0,0,0
2013-06-24,0.0,1.496254210526318,0.0,0.0,-4.17,26.61,16.57,0.0,0.0,0.0,0.0,0.0,0.0,21.85,125.2571956999191,0.0,0,0,0,0
2013-06-25,0.0,1.4679188504155145,0.0,0.0,-4.17,26.61,16.57,0.0,0.0,0.0,0.0,0.0,0.0,21.85,125.2571956999191,0.0,0,0,0,0
2013-06-26,0.0,1.4587190581717473,0.0,0.0,-4.17,26.61,16.57,0.0,0.0,0.0,0.0,0.0,0.0,21.85,125.2571956999191,0.0,0,0,0,0
2013-06-27,0.0,1.4116161218836585,0.0,0.0,-4.17,26.61,16.57,0.0,0.0,0.0,0.0,0.0,0.0,21.85,125.2571956999191,0.0,0,0,0,0
2013-06-28,0.0,1.3784968698060962,0.0,0.0,-4.17,26.61,16.57,0.0,0.0,0.0,0.0,0.0,0.0,21.85,125.2571956999191,0.0,0,0,0,0
2013-07-01,0.0,1.4539351662049882,0.0,0.0,-4.17,26.61,16.57,0.0,0.0,0.0,0.0,0.0,0.0,21.85,125.2571956999191,0.0,0,0,0,0
2013-07-02,0.0,1.437375540166207,0.0,0.0,-4.17,26.61,16.57,0.0,0.0,0.0,0.0,0.0,0.0,21.85,125.2571956999191,0.0,0,0,0,0
2013-07-03,0.0,1.4068322299168994,0.0,0.0,-4.17,26.61,16.57,0.0,0.0,0.0,0.0,0.0,0.0,21.85,125.2571956999191,0.0,0,0,0,0
2013-07-04,0.0,1.317410249307481,0.0,0.0,-4.17,26.61,16.57,0.0,0.0,0.0,0.0,0.0,0.0,21.85,125.2571956999191,0.0,0,0,0,0
2013-07-05,0.0,1.317410249307481,0.0,0.0,-4.17,26.61,16.57,0.0,0.0,0.0,0.0,0.0,0.0,21.85,125.2571956999191,0.0,0,0,0,0
2013-07-08,0.0,1.2703073130193925,0.0,0.0,-3.67,35.59,19.8,0.0,0.0,0.0,0.0,0.0,0.0,21.85,125.2571956999191,0.0,0,0,0,0
2013-07-09,0.0,1.2232043767313037,0.0,0.0,-3.67,35.59,19.8,0.0,0.0,0.0,0.0,0.0,0.0,21.85,125.2571956999191,0.0,0,0,0,0
2013-07-10,0.0,1.1385662880886442,0.0,0.0,-3.67,35.59,19.8,0.0,0.0,0.0,0.0,0.0,0.0,21.85,125.2571956999191,0.0,0,0,0,0
2013-07-11,0.0,1.1716855401662063,0.0,0.0,-3.67,35.59,19.8,0.0,0.0,0.0,0.0,0.0,0.0,21.85,125.2571956999191,0.0,0,0,0,0
2013-07-12,0.0,1.0914633518005554,0.0,0.0,-3.67,35.59,19.8,0.0,0.0,0.0,0.0,0.0,0.0,21.85,125.2571956999191,0.0,1,0,0,0
2013-07-15,0.0,1.0233848891966772,0.0,0.0,-3.67,35.59,19.8,0.0,0.0,0.0,0.0,0.0,0.0,21.85,125.2571956999191,0.0,1,0,0,0
2013-07-16,0.0,1.0940392936288104,0.0,0.0,-3.67,35.59,19.8,0.0,0.0,0.0,0.0,0.0,0.0,21.85,125.2571956999191,0.0,0,0,0,0
2013-07-17,0.0,1.1691095983379518,0.0,0.0,-3.67,35.59,19.8,0.0,0.0,0.0,0.0,0.0,0.0,21.85,125.2571956999191,0.0,0,0,0,0
2013-07-18,0.0,1.1764694321329656,0.0,0.0,-3.67,35.59,19.8,0.0,0.0,0.0,0.0,0.0,0.0,21.85,125.2571956999191,0.0,0,0,0,0
2013-07-19,0.0,1.1646936980609437,0.0,0.0,-3.67,35.59,19.8,0.0,0.0,0.0,0.0,0.0,0.0,21.85,125.2571956999191,0.0,0,0,0,0
2013-07-22,0.0,1.1764694321329656,0.0,0.0,-3.67,35.59,19.8,0.0,0.0,0.0,0.0,0.0,0.0,21.85,125.2571956999191,0.0,0,0,0,0
2013-07-23,0.0,1.1646936980609437,0.0,0.0,-3.67,35.59,19.8,0.0,0.0,0.0,0.0,0.0,0.0,21.85,125.2571956999191,0.0,0,0,0,0
2013-07-24,0.0,1.0844715096952924,0.0,0.0,-3.67,35.59,19.8,0.0,0.0,0.0,0.0,0.0,0.0,21.85,125.2571956999191,0.0,0,0,0,0
2013-07-25,0.0,1.009401204986151,0.0,0.0,-3.67,35.59,19.8,0.0,0.0,0.0,0.0,0.0,0.0,21.85,125.2571956999191,0.0,0,0,0,0
2013-07-26,0.0,0.9740740027700844,0.0,0.0,-3.67,35.59,19.8,0.0,0.0,0.0,0.0,0.0,0.0,21.85,125.2571956999191,0.0,0,0,0,0
2013-07-29,0.0,0.9082034903047104,0.0,0.0,-3.67,35.59,19.8,0.0,0.0,0.0,0.0,0.0,0.0,21.85,125.2571956999191,0.0,0,0,1,1
2013-07-30,0.0,0.9714980609418294,0.0,0.0,-3.67,35.59,19.8,0.0,0.0,0.0,0.0,0.0,0.0,21.85,125.2571956999191,0.0,0,0,0,0
2013-07-31,0.0,0.9056275484764555,0.0,0.0,-3.67,35.59,19.8,0.0,0.0,0.0,0.0,0.0,0.0,21.85,125.2571956999191,0.0,0,0,1,1
2013-08-01,0.0,0.9056275484764555,0.0,0.0,-3.67,35.59,19.8,0.0,0.0,0.0,0.0,0.0,0.0,21.85,125.2571956999191,0.0,0,0,1,1
2013-08-02,0.0,0.8728762880886438,0.0,0.0,-3.67,35.59,19.8,0.0,0.0,0.0,0.0,0.0,0.0,21.85,125.2571956999191,0.0,1,1,1,1
2013-08-05,0.0,0.9317549584487548,0.0,0.0,-3.67,35.59,19.8,0.0,0.0,0.0,0.0,0.0,0.0,21.85,125.2571956999191,0.0,0,0,1,1
2013-08-06,0.0,0.9199792243767324,0.0,0.0,-3.67,35.59,19.8,0.0,0.0,0.0,0.0,0.0,0.0,21.85,125.2571956999191,0.0,0,0,1,1
2013-08-07,0.0,0.8820760803324112,0.0,0.0,-6.62,50.53,23.64,0.0,0.0,0.0,0.0,0.0,0.0,21.85,125.2571956999191,0.0,1,0,1,1
2013-08-08,0.0,0.8353411357340731,0.0,0.0,-6.62,50.53,23.64,0.0,0.0,0.0,0.0,0.0,0.0,21.85,125.2571956999191,0.0,1,1,1,1
2013-08-09,0.0,0.8423329778393365,0.0,0.0,-6.62,50.53,23.64,0.0,0.0,0.0,0.0,0.0,0.0,21.85,125.2571956999191,0.0,1,1,1,1
2013-08-12,0.0,0.8938518144044334,0.0,0.0,-6.62,50.53,23.64,0.0,0.0,0.0,0.0,0.0,0.0,21.85,125.2571956999191,0.0,0,0,1,1
2013-08-13,0.0,0.9317549584487548,0.0,0.0,-6.62,50.53,23.64,0.0,0.0,0.0,0.0,0.0,0.0,21.85,125.2571956999191,0.0,0,0,1,1
2013-08-14,0.0,10.131460227702156,0.0,0.0,-6.62,50.53,23.64,162.69,0.0,0.0,50.61,0.0,0.0,18.46,-15.514874141876431,3400.0,0,0,1,1
2013-08-15,0.0,9.803491741391984,0.0,0.0,-6.62,50.53,23.64,162.69,0.0,0.0,50.61,0.0,0.0,18.46,-15.514874141876431,3400.0,0,0,1,1
2013-08-16,0.0,9.803491741391984,0.0,0.0,-6.62,50.53,23.64,162.69,0.0,0.0,50.61,0.0,0.0,18.46,-15.514874141876431,3400.0,0,0,1,1
2013-08-19,0.0,9.574308943729456,0.0,0.0,-6.62,50.53,23.64,162.69,0.0,0.0,50.61,0.0,0.0,18.46,-15.514874141876431,3400.0,0,1,1,1
2013-08-20,0.0,9.297709015516055,0.0,0.0,-6.62,50.53,23.64,162.69,0.0,0.0,50.61,0.0,0.0,18.46,-15.514874141876431,3400.0,1,1,1,1
2013-08-22,0.0,9.297709015516055,0.0,0.0,-6.62,50.53,23.64,162.69,0.0,0.0,50.61,0.0,0.0,18.46,-15.514874141876431,3400.0,1,1,1,1
2013-08-23,0.0,9.447863262260473,0.0,0.0,-6.62,50.53,23.64,162.69,0.0,0.0,50.61,0.0,0.0,18.46,-15.514874141876431,3400.0,1,1,1,1
2013-08-26,0.0,9.447863262260473,0.0,0.0,-6.62,50.53,23.64,162.69,0.0,0.0,50.61,0.0,0.0,18.46,-15.514874141876431,3400.0,1,1,1,1
2013-08-27,0.0,9.447863262260473,0.0,0.0,-6.62,50.53,23.64,162.69,0.0,0.0,50.61,0.0,0.0,18.46,-15.514874141876431,3400.0,1,1,1,1
2013-08-28,0.0,9.499231820357243,0.0,0.0,-6.62,50.53,23.64,162.69,0.0,0.0,50.61,0.0,0.0,18.46,-15.514874141876431,3400.0,1,1,1,1
2013-08-29,0.0,9.499231820357243,0.0,0.0,-6.62,50.53,23.64,162.69,0.0,0.0,50.61,0.0,0.0,18.46,-15.514874141876431,3400.0,1,1,1,1
2013-08-30,0.0,8.918371971109112,0.0,0.0,-6.62,50.53,23.64,162.69,0.0,0.0,50.61,0.0,0.0,18.46,-15.514874141876431,3400.0,1,1,1,1
2013-09-02,0.0,9.522940385632682,0.0,0.0,-6.62,50.53,23.64,162.69,0.0,0.0,50.61,0.0,0.0,18.46,-15.514874141876431,3400.0,1,1,1,1
2013-09-03,0.0,9.803491741391984,0.0,0.0,-6.62,50.53,23.64,162.69,0.0,0.0,50.61,0.0,0.0,18.46,-15.514874141876431,3400.0,1,1,1,1
2013-09-04,0.0,9.1198947759503,0.0,0.0,-6.62,50.53,23.64,162.69,0.0,0.0,50.61,0.0,0.0,18.46,-15.514874141876431,3400.0,1,1,1,1
2013-09-05,0.0,9.75212318329521,0.0,0.0,-6.62,50.53,23.64,162.69,0.0,0.0,50.61,0.0,0.0,18.46,-15.514874141876431,3400.0,1,1,1,1
2013-09-06,0.0,10.408060155915551,0.0,0.0,-6.62,50.53,23.64,162.69,0.0,0.0,50.61,0.0,0.0,18.46,-15.514874141876431,3400.0,1,1,1,1
2013-09-09,0.0,10.103800234880817,0.0,0.0,-15.12,53.29,26.43,162.69,0.0,0.0,50.61,0.0,0.0,18.46,-15.514874141876431,3400.0,1,1,1,1
2013-09-10,0.0,9.977354553411834,0.0,0.0,-15.12,53.29,26.43,162.69,0.0,0.0,50.61,0.0,0.0,18.46,-15.514874141876431,3400.0,1,1,1,1
2013-09-11,0.0,10.103800234880817,0.0,0.0,-15.12,53.29,26.43,162.69,0.0,0.0,50.61,0.0,0.0,18.46,-15.514874141876431,3400.0,1,1,1,1
2013-09-12,0.0,10.35669159781878,0.0,0.0,-15.12,53.29,26.43,162.69,0.0,0.0,50.61,0.0,0.0,18.46,-15.514874141876431,3400.0,1,1,1,1
2013-09-13,0.0,10.609582960756743,0.0,0.0,-15.12,53.29,26.43,162.69,0.0,0.0,50.61,0.0,0.0,18.46,-15.514874141876431,3400.0,1,1,1,1
2013-09-14,0.0,10.862474323694704,0.0,0.0,-15.12,53.29,26.43,162.69,0.0,0.0,50.61,0.0,0.0,18.46,-15.514874141876431,3400.0,1,1,1,0
2013-09-16,0.0,11.621148412508594,0.0,0.0,-15.12,53.29,26.43,162.69,0.0,0.0,50.61,0.0,0.0,18.46,-15.514874141876431,3400.0,0,0,0,0
2013-09-17,0.0,11.621148412508594,0.0,0.0,-15.12,53.29,26.43,162.69,0.0,0.0,50.61,0.0,0.0,18.46,-15.514874141876431,3400.0,0,0,0,0
2013-09-18,0.0,11.621148412508594,0.0,0.0,-15.12,53.29,26.43,162.69,0.0,0.0,50.61,0.0,0.0,18.46,-15.514874141876431,3400.0,0,0,0,0
2013-09-23,0.0,11.265519933377083,0.0,0.0,-15.12,53.29,26.43,162.69,0.0,0.0,50.61,0.0,0.0,18.46,-15.514874141876431,3400.0,1,0,0,0
2013-09-24,0.0,11.241811368101647,0.0,0.0,-15.12,53.29,26.43,162.69,0.0,0.0,50.61,0.0,0.0,18.46,-15.514874141876431,3400.0,1,0,0,0
2013-09-25,0.0,10.988920005163688,0.0,0.0,-15.12,53.29,26.43,162.69,0.0,0.0,50.61,0.0,0.0,18.46,-15.514874141876431,3400.0,1,1,0,0
2013-09-26,0.0,10.787397200322497,0.0,0.0,-15.12,53.29,26.43,162.69,0.0,0.0,50.61,0.0,0.0,18.46,-15.514874141876431,3400.0,1,1,0,0
2013-09-27,0.0,11.139074251908104,0.0,0.0,-15.12,53.29,26.43,162.69,0.0,0.0,50.61,0.0,0.0,18.46,-15.514874141876431,3400.0,1,0,0,0
2013-09-30,0.0,11.368257049570632,0.0,0.0,-15.12,53.29,26.43,162.69,0.0,0.0,50.61,0.0,0.0,18.46,-15.514874141876431,3400.0,0,0,0,0
2013-10-01,0.0,11.494702731039611,0.0,0.0,-15.12,53.29,26.43,162.69,0.0,0.0,50.61,0.0,0.0,18.46,-15.514874141876431,3400.0,0,0,0,0
2013-10-02,0.0,11.494702731039611,0.0,0.0,-15.12,53.29,26.43,162.69,0.0,0.0,50.61,0.0,0.0,18.46,-15.514874141876431,3400.0,0,0,0,0
2013-10-03,0.0,11.949116898818763,0.0,0.0,-15.12,53.29,26.43,162.69,0.0,0.0,50.61,0.0,0.0,18.46,-15.514874141876431,3400.0,0,0,0,0
2013-10-04,0.0,11.672516970605368,0.0,0.0,-15.12,53.29,26.43,162.69,0.0,0.0,50.61,0.0,0.0,18.46,-15.514874141876431,3400.0,0,0,0,0
2013-10-07,0.0,11.897748340721993,0.0,0.0,8.3,88.94,31.21,162.69,0.0,0.0,50.61,0.0,0.0,18.46,-15.514874141876431,3400.0,0,0,0,0
2013-10-08,0.0,11.874039775446558,0.0,0.0,8.3,88.94,31.21,162.69,0.0,0.0,50.61,0.0,0.0,18.46,-15.514874141876431,3400.0,0,0,0,0
2013-10-09,0.0,11.063997128535895,0.0,0.0,8.3,88.94,31.21,162.69,0.0,0.0,50.61,0.0,0.0,18.46,-15.514874141876431,3400.0,0,0,0,0
2013-10-11,0.0,11.241811368101647,0.0,0.0,8.3,88.94,31.21,162.69,0.0,0.0,50.61,0.0,0.0,18.46,-15.514874141876431,3400.0,0,0,0,0
2013-10-14,0.0,10.459428714012326,0.0,0.0,8.3,88.94,31.21,162.69,0.0,0.0,50.61,0.0,0.0,18.46,-15.514874141876431,3400.0,1,0,0,0
2013-10-15,0.0,10.862474323694704,0.0,0.0,8.3,88.94,31.21,162.69,0.0,0.0,50.61,0.0,0.0,18.46,-15.514874141876431,3400.0,0,0,0,0
2013-10-16,0.0,10.609582960756743,0.0,0.0,8.3,88.94,31.21,162.69,0.0,0.0,50.61,0.0,0.0,18.46,-15.514874141876431,3400.0,0,0,0,0
2013-10-17,0.0,10.35669159781878,0.0,0.0,8.3,88.94,31.21,162.69,0.0,0.0,50.61,0.0,0.0,18.46,-15.514874141876431,3400.0,1,1,0,1
2013-10-18,0.0,10.431768721190986,0.0,0.0,8.3,88.94,31.21,162.69,0.0,0.0,50.61,0.0,0.0,18.46,-15.514874141876431,3400.0,0,1,0,1
2013-10-21,0.0,10.937551447066912,0.0,0.0,8.3,88.94,31.21,162.69,0.0,0.0,50.61,0.0,0.0,18.46,-15.514874141876431,3400.0,0,0,0,0
2013-10-22,0.0,10.483137279287762,0.0,0.0,8.3,88.94,31.21,162.69,0.0,0.0,50.61,0.0,0.0,18.46,-15.514874141876431,3400.0,0,0,0,1
2013-10-23,0.0,10.28161447444657,0.0,0.0,8.3,88.94,31.21,162.69,0.0,0.0,50.61,0.0,0.0,18.46,-15.514874141876431,3400.0,1,1,0,1
2013-10-24,0.0,10.787397200322497,0.0,0.0,8.3,88.94,31.21,162.69,0.0,0.0,50.61,0.0,0.0,18.46,-15.514874141876431,3400.0,0,0,0,0
2013-10-25,0.0,10.609582960756743,0.0,0.0,8.3,88.94,31.21,162.69,0.0,0.0,50.61,0.0,0.0,18.46,-15.514874141876431,3400.0,0,0,0,1
2013-10-28,0.0,10.38435159064012,0.0,0.0,8.3,88.94,31.21,162.69,0.0,0.0,50.61,0.0,0.0,18.46,-15.514874141876431,3400.0,1,1,0,1
2013-10-29,0.0,10.305323039722005,0.0,0.0,8.3,88.94,31.21,162.69,0.0,0.0,50.61,0.0,0.0,18.46,-15.514874141876431,3400.0,1,1,0,1
2013-10-30,0.0,10.483137279287762,0.0,0.0,8.3,88.94,31.21,162.69,0.0,0.0,50.61,0.0,0.0,18.46,-15.514874141876431,3400.0,1,0,0,1
2013-10-31,0.0,10.28161447444657,0.0,0.0,8.3,88.94,31.21,162.69,0.0,0.0,50.61,0.0,0.0,18.46,-15.514874141876431,3400.0,1,1,0,1
2013-11-01,0.0,10.230245916349798,0.0,0.0,8.3,88.94,31.21,162.69,0.0,0.0,50.61,0.0,0.0,18.46,-15.514874141876431,3400.0,1,1,0,1
2013-11-04,0.0,10.35669159781878,0.0,0.0,8.3,88.94,31.21,162.69,0.0,0.0,50.61,0.0,0.0,18.46,-15.514874141876431,3400.0,1,0,0,1
2013-11-05,0.0,10.230245916349798,0.0,0.0,8.3,88.94,31.21,162.69,0.0,0.0,50.61,0.0,0.0,18.46,-15.514874141876431,3400.0,1,1,0,1
2013-11-06,0.0,10.15516879297759,0.0,0.0,8.3,88.94,31.21,162.69,0.0,0.0,50.61,0.0,0.0,18.46,-15.514874141876431,3400.0,1,1,0,1
2013-11-07,0.0,10.459428714012326,0.0,0.0,15.7,81.66,35.47,162.69,0.0,0.0,50.61,0.0,0.0,18.46,-15.514874141876431,3400.0,1,0,0,1
2013-11-08,0.0,10.988920005163688,0.0,0.0,15.7,81.66,35.47,162.69,0.0,0.0,50.61,0.0,0.0,18.46,-15.514874141876431,3400.0,0,0,0,1
2013-11-11,0.0,11.139074251908104,0.0,0.0,15.7,81.66,35.47,162.69,0.0,0.0,50.61,0.0,0.0,18.46,-15.514874141876431,3400.0,0,0,0,1
2013-11-12,0.0,10.91384288179148,0.0,0.0,15.7,81.66,35.47,162.69,0.0,0.0,50.61,0.0,0.0,18.46,-15.514874141876431,3400.0,0,0,0,1
2013-11-13,0.0,11.063997128535895,0.0,0.0,15.7,81.66,35.47,162.69,0.0,0.0,50.61,0.0,0.0,18.46,-15.514874141876431,3400.0,0,0,0,1
2013-11-14,0.0,0.4095434693252855,0.0,0.0,15.7,81.66,35.47,12.52,0.0,0.0,-58.51,0.0,0.0,14.03,-23.997833152762738,18.57,0,0,1,1
2013-11-15,0.0,0.4246186890550506,0.0,0.0,15.7,81.66,35.47,12.52,0.0,0.0,-58.51,0.0,0.0,14.03,-23.997833152762738,18.57,0,0,0,1
2013-11-18,0.0,0.4236764878219403,0.0,0.0,15.7,81.66,35.47,12.52,0.0,0.0,-58.51,0.0,0.0,14.03,-23.997833152762738,18.57,0,0,1,1
2013-11-19,0.0,0.4115849053303579,0.0,0.0,15.7,81.66,35.47,12.52,0.0,0.0,-58.51,0.0,0.0,14.03,-23.997833152762738,18.57,0,0,1,1
2013-11-20,0.0,0.4115849053303579,0.0,0.0,15.7,81.66,35.47,12.52,0.0,0.0,-58.51,0.0,0.0,14.03,-23.997833152762738,18.57,0,0,1,1
2013-11-21,0.0,0.4065598320871029,0.0,0.0,15.7,81.66,35.47,12.52,0.0,0.0,-58.51,0.0,0.0,14.03,-23.997833152762738,18.57,0,0,1,1
2013-11-22,0.0,0.4056176308539925,0.0,0.0,15.7,81.66,35.47,12.52,0.0,0.0,-58.51,0.0,0.0,14.03,-23.997833152762738,18.57,0,0,1,1
2013-11-25,0.0,0.3996503563776272,0.0,0.0,15.7,81.66,35.47,12.52,0.0,0.0,-58.51,0.0,0.0,14.03,-23.997833152762738,18.57,1,0,1,1
2013-11-26,0.0,0.4015347588438478,0.0,0.0,15.7,81.66,35.47,12.52,0.0,0.0,-58.51,0.0,0.0,14.03,-23.997833152762738,18.57,0,0,1,1
2013-11-27,0.0,0.3875587738860447,0.0,0.0,15.7,81.66,35.47,12.52,0.0,0.0,-58.51,0.0,0.0,14.03,-23.997833152762738,18.57,1,1,1,1
2013-11-28,0.0,0.4065598320871029,0.0,0.0,15.7,81.66,35.47,12.52,0.0,0.0,-58.51,0.0,0.0,14.03,-23.997833152762738,18.57,0,0,1,1
2013-11-29,0.0,0.4076590668590649,0.0,0.0,15.7,81.66,35.47,12.52,0.0,0.0,-58.51,0.0,0.0,14.03,-23.997833152762738,18.57,0,0,1,1
2013-12-02,0.0,0.4056176308539925,0.0,0.0,15.7,81.66,35.47,12.52,0.0,0.0,-58.51,0.0,0.0,14.03,-23.997833152762738,18.57,0,0,1,1
2013-12-03,0.0,0.4076590668590649,0.0,0.0,15.7,81.66,35.47,12.52,0.0,0.0,-58.51,0.0,0.0,14.03,-23.997833152762738,18.57,0,0,1,1
2013-12-04,0.0,0.4015347588438478,0.0,0.0,15.7,81.66,35.47,12.52,0.0,0.0,-58.51,0.0,0.0,14.03,-23.997833152762738,18.57,0,0,1,1
2013-12-05,0.0,0.4015347588438478,0.0,0.0,15.7,81.66,35.47,12.52,0.0,0.0,-58.51,0.0,0.0,14.03,-23.997833152762738,18.57,0,0,1,1
2013-12-06,0.0,0.4015347588438478,0.0,0.0,15.7,81.66,35.47,12.52,0.0,0.0,-58.51,0.0,0.0,14.03,-23.997833152762738,18.57,0,0,1,1
2013-12-09,0.0,0.4005925576107375,0.0,0.0,-12.63,33.72,35.31,12.52,0.0,0.0,-58.51,0.0,0.0,14.03,-23.997833152762738,18.57,0,1,1,1
2013-12-10,0.0,0.4035761948489201,0.0,0.0,-12.63,33.72,35.31,12.52,0.0,0.0,-58.51,0.0,0.0,14.03,-23.997833152762738,18.57,0,1,1,1
2013-12-11,0.0,0.4015347588438478,0.0,0.0,-12.63,33.72,35.31,12.52,0.0,0.0,-58.51,0.0,0.0,14.03,-23.997833152762738,18.57,0,1,1,1
2013-12-12,0.0,0.4015347588438478,0.0,0.0,-12.63,33.72,35.31,12.52,0.0,0.0,-58.51,0.0,0.0,14.03,-23.997833152762738,18.57,0,1,1,1
2013-12-13,0.0,0.3896002098911171,0.0,0.0,-12.63,33.72,35.31,12.52,0.0,0.0,-58.51,0.0,0.0,14.03,-23.997833152762738,18.57,0,1,1,1
2013-12-16,0.0,0.3855173378809724,0.0,0.0,-12.63,33.72,35.31,12.52,0.0,0.0,-58.51,0.0,0.0,14.03,-23.997833152762738,18.57,0,1,1,1
2013-12-17,0.0,0.3965096856005928,0.0,0.0,-12.63,33.72,35.31,12.52,0.0,0.0,-58.51,0.0,0.0,14.03,-23.997833152762738,18.57,0,1,1,1
2013-12-18,0.0,0.39352604836241,0.0,0.0,-12.63,33.72,35.31,12.52,0.0,0.0,-58.51,0.0,0.0,14.03,-23.997833152762738,18.57,0,1,1,1
2013-12-19,0.0,0.3814344658708276,0.0,0.0,-12.63,33.72,35.31,12.52,0.0,0.0,-58.51,0.0,0.0,14.03,-23.997833152762738,18.57,1,1,1,1
2013-12-20,0.0,0.3665162796799143,0.0,0.0,-12.63,33.72,35.31,12.52,0.0,0.0,-58.51,0.0,0.0,14.03,-23.997833152762738,18.57,1,1,1,1
2013-12-23,0.0,0.3724835541562796,0.0,0.0,-12.63,33.72,35.31,12.52,0.0,0.0,-58.51,0.0,0.0,14.03,-23.997833152762738,18.57,1,1,1,1
2013-12-24,0.0,0.3665162796799143,0.0,0.0,-12.63,33.72,35.31,12.52,0.0,0.0,-58.51,0.0,0.0,14.03,-23.997833152762738,18.57,1,1,1,1
2013-12-25,0.0,0.3775086273995346,0.0,0.0,-12.63,33.72,35.31,12.52,0.0,0.0,-58.51,0.0,0.0,14.03,-23.997833152762738,18.57,1,1,1,1
2013-12-26,0.0,0.3775086273995346,0.0,0.0,-12.63,33.72,35.31,12.52,0.0,0.0,-58.51,0.0,0.0,14.03,-23.997833152762738,18.57,1,1,1,1
2013-12-27,0.0,0.384575136647862,0.0,0.0,-12.63,33.72,35.31,12.52,0.0,0.0,-58.51,0.0,0.0,14.03,-23.997833152762738,18.57,1,1,1,1
2013-12-30,0.0,0.4005925576107375,0.0,0.0,-12.63,33.72,35.31,12.52,0.0,0.0,-58.51,0.0,0.0,14.03,-23.997833152762738,18.57,1,1,1,1
2013-12-31,0.0,0.4026339936158098,0.0,0.0,-12.63,33.72,35.31,12.52,0.0,0.0,-58.51,0.0,0.0,14.03,-23.997833152762738,18.57,1,1,1,1
2014-01-02,0.0,0.4257179238270127,0.0,0.0,-12.63,33.72,35.31,12.52,0.0,0.0,-58.51,0.0,0.0,14.03,-23.997833152762738,18.57,1,1,1,1
2014-01-03,0.0,0.4517854912763982,0.0,0.0,-12.63,33.72,35.31,12.52,0.0,0.0,-58.51,0.0,0.0,14.03,-23.997833152762738,18.57,1,1,1,1
2014-01-06,0.0,0.4828781319690387,0.0,0.0,-12.63,33.72,35.31,12.52,0.0,0.0,-58.51,0.0,0.0,14.03,-23.997833152762738,18.57,1,1,1,0
2014-01-07,0.0,0.5160122086667516,0.0,0.0,8.41,84.34,38.64,12.52,0.0,0.0,-58.51,0.0,0.0,14.03,-23.997833152762738,18.57,1,1,0,0
2014-01-08,0.0,0.551187721369537,0.0,0.0,8.41,84.34,38.64,12.52,0.0,0.0,-58.51,0.0,0.0,14.03,-23.997833152762738,18.57,1,0,0,0
2014-01-09,0.0,0.5893468713105049,0.0,0.0,8.41,84.34,38.64,12.52,0.0,0.0,-58.51,0.0,0.0,14.03,-23.997833152762738,18.57,0,0,0,0
2014-01-10,0.0,0.5873054353054324,0.0,0.0,8.41,84.34,38.64,12.52,0.0,0.0,-58.51,0.0,0.0,14.03,-23.997833152762738,18.57,0,0,0,0
2014-01-13,0.0,0.5973555817919426,0.0,0.0,8.41,84.34,38.64,12.52,0.0,0.0,-58.51,0.0,0.0,14.03,-23.997833152762738,18.57,0,0,0,0
2014-01-14,0.0,0.59437194455376,0.0,0.0,8.41,84.34,38.64,12.52,0.0,0.0,-58.51,0.0,0.0,14.03,-23.997833152762738,18.57,0,0,0,0
2014-01-15,0.0,0.59437194455376,0.0,0.0,8.41,84.34,38.64,12.52,0.0,0.0,-58.51,0.0,0.0,14.03,-23.997833152762738,18.57,0,0,0,0
2014-01-16,0.0,0.5532291573746092,0.0,0.0,8.41,84.34,38.64,12.52,0.0,0.0,-58.51,0.0,0.0,14.03,-23.997833152762738,18.57,0,0,0,0
2014-01-17,0.0,0.5150700074336413,0.0,0.0,8.41,84.34,38.64,12.52,0.0,0.0,-58.51,0.0,0.0,14.03,-23.997833152762738,18.57,1,0,0,0
2014-01-20,0.0,0.5281037911583342,0.0,0.0,8.41,84.34,38.64,12.52,0.0,0.0,-58.51,0.0,0.0,14.03,-23.997833152762738,18.57,0,0,0,0
2014-01-21,0.0,0.5020362237089485,0.0,0.0,8.41,84.34,38.64,12.52,0.0,0.0,-58.51,0.0,0.0,14.03,-23.997833152762738,18.57,1,1,0,0
2014-01-22,0.0,0.5020362237089485,0.0,0.0,8.41,84.34,38.64,12.52,0.0,0.0,-58.51,0.0,0.0,14.03,-23.997833152762738,18.57,1,0,0,0
2014-01-23,0.0,0.5070612969522036,0.0,0.0,8.41,84.34,38.64,12.52,0.0,0.0,-58.51,0.0,0.0,14.03,-23.997833152762738,18.57,1,0,0,0
2014-01-24,0.0,0.5070612969522036,0.0,0.0,8.41,84.34,38.64,12.52,0.0,0.0,-58.51,0.0,0.0,14.03,-23.997833152762738,18.57,1,0,0,0
2014-01-27,0.0,0.5020362237089485,0.0,0.0,8.41,84.34,38.64,12.52,0.0,0.0,-58.51,0.0,0.0,14.03,-23.997833152762738,18.57,1,0,0,0
2014-02-05,0.0,0.5100449341903862,0.0,0.0,8.41,84.34,38.64,12.52,0.0,0.0,-58.51,0.0,0.0,14.03,-23.997833152762738,18.57,1,0,0,0
2014-02-06,0.0,0.5452204468931715,0.0,0.0,8.41,84.34,38.64,12.52,0.0,0.0,-58.51,0.0,0.0,14.03,-23.997833152762738,18.57,0,0,0,0
2014-02-07,0.0,0.5571549958459022,0.0,0.0,-0.09,63.26,63.26,12.52,0.0,0.0,-58.51,0.0,0.0,14.03,-23.997833152762738,18.57,0,0,0,0
2014-02-10,0.0,0.5621800690891573,0.0,0.0,-0.09,63.26,63.26,12.52,0.0,0.0,-58.51,0.0,0.0,14.03,-23.997833152762738,18.57,0,0,0,0
2014-02-11,0.0,0.5420797761161372,0.0,0.0,-0.09,63.26,63.26,12.52,0.0,0.0,-58.51,0.0,0.0,14.03,-23.997833152762738,18.57,0,0,0,0
2014-02-12,0.0,0.5390961388779545,0.0,0.0,-0.09,63.26,63.26,12.52,0.0,0.0,-58.51,0.0,0.0,14.03,-23.997833152762738,18.57,0,0,0,0
2014-02-13,0.0,0.518053644671824,0.0,0.0,-0.09,63.26,63.26,12.52,0.0,0.0,-58.51,0.0,0.0,14.03,-23.997833152762738,18.57,0,0,0,0
2014-02-14,0.0,0.0287346234050059,0.0,0.0,-0.09,63.26,63.26,100.28,0.0,0.0,109.05,0.0,0.0,18.1,29.009265858873857,100.0,0,0,0,0
2014-02-17,0.0,0.0267332068494334,0.0,0.0,-0.09,63.26,63.26,100.28,0.0,0.0,109.05,0.0,0.0,18.1,29.009265858873857,100.0,0,0,0,0
2014-02-18,0.0,0.0275909568018216,0.0,0.0,-0.09,63.26,63.26,100.28,0.0,0.0,109.05,0.0,0.0,18.1,29.009265858873857,100.0,0,0,0,0
2014-02-19,0.0,0.0267332068494334,0.0,0.0,-0.09,63.26,63.26,100.28,0.0,0.0,109.05,0.0,0.0,18.1,29.009265858873857,100.0,0,0,0,0
2014-02-20,0.0,0.0274211937904114,0.0,0.0,-0.09,63.26,63.26,100.28,0.0,0.0,109.05,0.0,0.0,18.1,29.009265858873857,100.0,0,0,0,0
2014-02-21,0.0,0.0268493604888193,0.0,0.0,-0.09,63.26,63.26,100.28,0.0,0.0,109.05,0.0,0.0,18.1,29.009265858873857,100.0,0,0,0,0
2014-02-24,0.0,0.0263311365592514,0.0,0.0,-0.09,63.26,63.26,100.28,0.0,0.0,109.05,0.0,0.0,18.1,29.009265858873857,100.0,0,0,0,0
2014-02-25,0.0,0.0273050401510255,0.0,0.0,-0.09,63.26,63.26,100.28,0.0,0.0,109.05,0.0,0.0,18.1,29.009265858873857,100.0,0,0,0,0
2014-02-26,0.0,0.0277607198132318,0.0,0.0,-0.09,63.26,63.26,100.28,0.0,0.0,109.05,0.0,0.0,18.1,29.009265858873857,100.0,0,0,0,0
2014-02-27,0.0,0.0271888865116396,0.0,0.0,-0.09,63.26,63.26,100.28,0.0,0.0,109.05,0.0,0.0,18.1,29.009265858873857,100.0,0,0,0,0
2014-03-03,0.0,0.0264472901986373,0.0,0.0,-0.09,63.26,63.26,100.28,0.0,0.0,109.05,0.0,0.0,18.1,29.009265858873857,100.0,0,0,0,1
2014-03-04,0.0,0.0246156366544749,0.0,0.0,-0.09,63.26,63.26,100.28,0.0,0.0,109.05,0.0,0.0,18.1,29.009265858873857,100.0,0,0,0,1
2014-03-05,0.0,0.0229090716450358,0.0,0.0,-0.09,63.26,63.26,100.28,0.0,0.0,109.05,0.0,0.0,18.1,29.009265858873857,100.0,0,0,1,1
2014-03-06,0.0,0.0240527382482201,0.0,0.0,-0.09,63.26,63.26,100.28,0.0,0.0,109.05,0.0,0.0,18.1,29.009265858873857,100.0,0,0,0,1
2014-03-07,0.0,0.0228465273776742,0.0,0.0,-9.86,22.59,41.07,100.28,0.0,0.0,109.05,0.0,0.0,18.1,29.009265858873857,100.0,0,0,1,1
2014-03-10,0.0,0.0217028607744899,0.0,0.0,-9.86,22.59,41.07,100.28,0.0,0.0,109.05,0.0,0.0,18.1,29.009265858873857,100.0,1,1,1,1
2014-03-11,0.0,0.0231949882958319,0.0,0.0,-9.86,22.59,41.07,100.28,0.0,0.0,109.05,0.0,0.0,18.1,29.009265858873857,100.0,0,0,1,1
2014-03-12,0.0,0.0237042773300624,0.0,0.0,-9.86,22.59,41.07,100.28,0.0,0.0,109.05,0.0,0.0,18.1,29.009265858873857,100.0,0,0,1,1
2014-03-13,0.0,0.0228465273776742,0.0,0.0,-9.86,22.59,41.07,100.28,0.0,0.0,109.05,0.0,0.0,18.1,29.009265858873857,100.0,0,0,1,1
2014-03-14,0.0,0.0228465273776742,0.0,0.0,-9.86,22.59,41.07,100.28,0.0,0.0,109.05,0.0,0.0,18.1,29.009265858873857,100.0,0,0,1,1
2014-03-17,0.0,0.0225606107268781,0.0,0.0,-9.86,22.59,41.07,100.28,0.0,0.0,109.05,0.0,0.0,18.1,29.009265858873857,100.0,0,1,1,1
2014-03-18,0.0,0.0214794883910554,0.0,0.0,-9.86,22.59,41.07,100.28,0.0,0.0,109.05,0.0,0.0,18.1,29.009265858873857,100.0,1,1,1,1
2014-03-19,0.0,0.020854045717439,0.0,0.0,-9.86,22.59,41.07,100.28,0.0,0.0,109.05,0.0,0.0,18.1,29.009265858873857,100.0,1,1,1,1
2014-03-20,0.0,0.0214169441236938,0.0,0.0,-9.86,22.59,41.07,100.28,0.0,0.0,109.05,0.0,0.0,18.1,29.009265858873857,100.0,1,1,1,1
2014-03-21,0.0,0.0210774181008734,0.0,0.0,-9.86,22.59,41.07,100.28,0.0,0.0,109.05,0.0,0.0,18.1,29.009265858873857,100.0,1,1,1,1
2014-03-24,0.0,0.020854045717439,0.0,0.0,-9.86,22.59,41.07,100.28,0.0,0.0,109.05,0.0,0.0,18.1,29.009265858873857,100.0,1,1,1,1
2014-03-25,0.0,0.0217654050418515,0.0,0.0,-9.86,22.59,41.07,100.28,0.0,0.0,109.05,0.0,0.0,18.1,29.009265858873857,100.0,1,1,1,1
2014-03-26,0.0,0.0217028607744899,0.0,0.0,-9.86,22.59,41.07,100.28,0.0,0.0,109.05,0.0,0.0,18.1,29.009265858873857,100.0,1,1,1,1
2014-03-27,0.0,0.0216492514024656,0.0,0.0,-9.86,22.59,41.07,100.28,0.0,0.0,109.05,0.0,0.0,18.1,29.009265858873857,100.0,1,1,1,1
2014-03-28,0.0,0.0216492514024656,0.0,0.0,-9.86,22.59,41.07,100.28,0.0,0.0,109.05,0.0,0.0,18.1,29.009265858873857,100.0,1,1,1,1
2014-03-31,0.0,0.0231324440284703,0.0,0.0,-9.86,22.59,41.07,100.28,0.0,0.0,109.05,0.0,0.0,18.1,29.009265858873857,100.0,1,1,1,1
2014-04-01,0.0,0.0236506679580381,0.0,0.0,-9.86,22.59,41.07,100.28,0.0,0.0,109.05,0.0,0.0,18.1,29.009265858873857,100.0,1,1,1,1
2014-04-02,0.0,0.0234183606792663,0.0,0.0,-9.86,22.59,41.07,100.28,0.0,0.0,109.05,0.0,0.0,18.1,29.009265858873857,100.0,1,1,1,1
2014-04-03,0.0,0.0242761106316546,0.0,0.0,-9.86,22.59,41.07,100.28,0.0,0.0,109.05,0.0,0.0,18.1,29.009265858873857,100.0,0,1,1,1
2014-04-07,0.0,0.0249640975726326,0.0,0.0,0.46,3.86,31.69,100.28,0.0,0.0,109.05,0.0,0.0,18.1,29.009265858873857,100.0,0,1,1,1
2014-04-08,0.0,0.0246156366544749,0.0,0.0,0.46,3.86,31.69,100.28,0.0,0.0,109.05,0.0,0.0,18.1,29.009265858873857,100.0,0,1,1,1
2014-04-09,0.0,0.0237668215974241,0.0,0.0,0.46,3.86,31.69,100.28,0.0,0.0,109.05,0.0,0.0,18.1,29.009265858873857,100.0,1,1,1,1
2014-04-10,0.0,0.0234183606792663,0.0,0.0,0.46,3.86,31.69,100.28,0.0,0.0,109.05,0.0,0.0,18.1,29.009265858873857,100.0,1,1,1,1
2014-04-11,0.0,0.0234183606792663,0.0,0.0,0.46,3.86,31.69,100.28,0.0,0.0,109.05,0.0,0.0,18.1,29.009265858873857,100.0,1,1,1,1
2014-04-14,0.0,0.0235881236906765,0.0,0.0,0.46,3.86,31.69,100.28,0.0,0.0,109.05,0.0,0.0,18.1,29.009265858873857,100.0,1,1,1,1
2014-04-15,0.0,0.0237668215974241,0.0,0.0,0.46,3.86,31.69,100.28,0.0,0.0,109.05,0.0,0.0,18.1,29.009265858873857,100.0,1,1,1,1
2014-04-16,0.0,0.023480904946628,0.0,0.0,0.46,3.86,31.69,100.28,0.0,0.0,109.05,0.0,0.0,18.1,29.009265858873857,100.0,1,1,1,1
2014-04-17,0.0,0.0242761106316546,0.0,0.0,0.46,3.86,31.69,100.28,0.0,0.0,109.05,0.0,0.0,18.1,29.009265858873857,100.0,1,1,1,1
2014-04-18,0.0,0.0242761106316546,0.0,0.0,0.46,3.86,31.69,100.28,0.0,0.0,109.05,0.0,0.0,18.1,29.009265858873857,100.0,1,1,1,1
2014-04-21,0.0,0.0251874699560671,0.0,0.0,0.46,3.86,31.69,100.28,0.0,0.0,109.05,0.0,0.0,18.1,29.009265858873857,100.0,1,1,1,1
2014-04-22,0.0,0.0255359308742248,0.0,0.0,0.46,3.86,31.69,100.28,0.0,0.0,109.05,0.0,0.0,18.1,29.009265858873857,100.0,1,1,1,1
2014-04-23,0.0,0.0273050401510255,0.0,0.0,0.46,3.86,31.69,100.28,0.0,0.0,109.05,0.0,0.0,18.1,29.009265858873857,100.0,1,1,1,1
2014-04-24,0.0,0.0282789437427997,0.0,0.0,0.46,3.86,31.69,100.28,0.0,0.0,109.05,0.0,0.0,18.1,29.009265858873857,100.0,1,1,1,1
2014-04-25,0.0,0.0274211937904114,0.0,0.0,0.46,3.86,31.69,100.28,0.0,0.0,109.05,0.0,0.0,18.1,29.009265858873857,100.0,1,1,1,1
2014-04-28,0.0,0.0284487067542099,0.0,0.0,0.46,3.86,31.69,100.28,0.0,0.0,109.05,0.0,0.0,18.1,29.009265858873857,100.0,1,1,1,1
2014-04-29,0.0,0.0284487067542099,0.0,0.0,0.46,3.86,31.69,100.28,0.0,0.0,109.05,0.0,0.0,18.1,29.009265858873857,100.0,1,1,1,1
2014-04-30,0.0,0.0282789437427997,0.0,0.0,0.46,3.86,31.69,100.28,0.0,0.0,109.05,0.0,0.0,18.1,29.009265858873857,100.0,1,1,1,1
2014-05-02,0.0,0.0292439124392364,0.0,0.0,0.46,3.86,31.69,100.28,0.0,0.0,109.05,0.0,0.0,18.1,29.009265858873857,100.0,1,1,1,1
2014-05-05,0.0,0.0311917196227847,0.0,0.0,0.46,3.86,31.69,100.28,0.0,0.0,109.05,0.0,0.0,18.1,29.009265858873857,100.0,1,1,1,1
2014-05-06,0.0,0.0324426049700176,0.0,0.0,0.46,3.86,31.69,100.28,0.0,0.0,109.05,0.0,0.0,18.1,29.009265858873857,100.0,1,1,1,1
2014-05-07,0.0,0.0326213028767651,0.0,0.0,-2.24,-23.2,9.48,100.28,0.0,0.0,109.05,0.0,0.0,18.1,29.009265858873857,100.0,1,1,1,1
2014-05-08,0.0,0.0331305919109957,0.0,0.0,-2.24,-23.2,9.48,100.28,0.0,0.0,109.05,0.0,0.0,18.1,29.009265858873857,100.0,0,1,1,1
2014-05-09,0.0,0.0325587586094035,0.0,0.0,-2.24,-23.2,9.48,100.28,0.0,0.0,109.05,0.0,0.0,18.1,29.009265858873857,100.0,1,1,1,1
2014-05-12,0.0,0.0325587586094035,0.0,0.0,-2.24,-23.2,9.48,100.28,0.0,0.0,109.05,0.0,0.0,18.1,29.009265858873857,100.0,1,1,1,1
2014-05-13,0.0,0.0342206491421557,0.0,0.0,-2.24,-23.2,9.48,100.28,0.0,0.0,109.05,0.0,0.0,18.1,29.009265858873857,100.0,0,1,1,1
2014-05-14,0.0,0.0337024252125878,0.0,0.0,-2.24,-23.2,9.48,100.28,0.0,0.0,109.05,0.0,0.0,18.1,29.009265858873857,100.0,1,1,1,1
2014-05-15,0.0,0.0033738377411377,0.0,0.0,-2.24,-23.2,9.48,58.89,840.6,840.6,170.9,253.89,253.89,39.86,120.2209944751381,54.22,1,1,1,1
2014-05-16,0.0,0.0035151352191854,0.0,0.0,-2.24,-23.2,9.48,58.89,840.6,840.6,170.9,253.89,253.89,39.86,120.2209944751381,54.22,1,1,1,1
2014-05-19,0.0,0.0035026395238478,0.0,0.0,-2.24,-23.2,9.48,58.89,840.6,840.6,170.9,253.89,253.89,39.86,120.2209944751381,54.22,1,1,1,1
2014-05-20,0.0,0.0035093679751835,0.0,0.0,-2.24,-23.2,9.48,58.89,840.6,840.6,170.9,253.89,253.89,39.86,120.2209944751381,54.22,1,1,1,1
2014-05-21,0.0,0.0035333981585249,0.0,0.0,-2.24,-23.2,9.48,58.89,840.6,840.6,170.9,253.89,253.89,39.86,120.2209944751381,54.22,1,1,1,1
2014-05-22,0.0,0.003625674062556,0.0,0.0,-2.24,-23.2,9.48,58.89,840.6,840.6,170.9,253.89,253.89,39.86,120.2209944751381,54.22,1,1,1,1
2014-05-23,0.0,0.003692958575912,0.0,0.0,-2.24,-23.2,9.48,58.89,840.6,840.6,170.9,253.89,253.89,39.86,120.2209944751381,54.22,1,1,1,1
2014-05-26,0.0,0.0038957733233138,0.0,0.0,-2.24,-23.2,9.48,58.89,840.6,840.6,170.9,253.89,253.89,39.86,120.2209944751381,54.22,1,1,1,1
2014-05-27,0.0,0.0041668337914052,0.0,0.0,-2.24,-23.2,9.48,58.89,840.6,840.6,170.9,253.89,253.89,39.86,120.2209944751381,54.22,1,1,1,1
2014-05-28,0.0,0.0044551959915024,0.0,0.0,-2.24,-23.2,9.48,58.89,840.6,840.6,170.9,253.89,253.89,39.86,120.2209944751381,54.22,1,1,1,1
2014-05-29,0.0,0.0047627823382728,0.0,0.0,-2.24,-23.2,9.48,58.89,840.6,840.6,170.9,253.89,253.89,39.86,120.2209944751381,54.22,1,0,1,1
2014-05-30,0.0,0.0050943988683847,0.0,0.0,-2.24,-23.2,9.48,58.89,840.6,840.6,170.9,253.89,253.89,39.86,120.2209944751381,54.22,0,0,0,0
2014-06-03,0.0,0.0051001661123866,0.0,0.0,-2.24,-23.2,9.48,58.89,840.6,840.6,170.9,253.89,253.89,39.86,120.2209944751381,54.22,0,0,0,0
2014-06-04,0.0,0.0051001661123866,0.0,0.0,-2.24,-23.2,9.48,58.89,840.6,840.6,170.9,253.89,253.89,39.86,120.2209944751381,54.22,0,0,0,0
2014-06-05,0.0,0.0054567740331735,0.0,0.0,-2.24,-23.2,9.48,58.89,840.6,840.6,170.9,253.89,253.89,39.86,120.2209944751381,54.22,0,0,0,0
2014-06-06,0.0,0.0051001661123866,0.0,0.0,-2.24,-23.2,9.48,58.89,840.6,840.6,170.9,253.89,253.89,39.86,120.2209944751381,54.22,0,0,0,0
2014-06-09,0.0,0.0047627823382728,0.0,0.0,12.68,-9.69,4.75,58.89,840.6,840.6,170.9,253.89,253.89,39.86,120.2209944751381,54.22,0,0,1,0
2014-06-10,0.0,0.004431165808161,0.0,0.0,12.68,-9.69,4.75,58.89,840.6,840.6,170.9,253.89,253.89,39.86,120.2209944751381,54.22,1,1,1,0
2014-06-11,0.0,0.0045782305302106,0.0,0.0,12.68,-9.69,4.75,58.89,840.6,840.6,170.9,253.89,253.89,39.86,120.2209944751381,54.22,0,1,1,0
2014-06-12,0.0,0.0044244373568254,0.0,0.0,12.68,-9.69,4.75,58.89,840.6,840.6,170.9,253.89,253.89,39.86,120.2209944751381,54.22,1,1,1,0
2014-06-13,0.0,0.0044244373568254,0.0,0.0,12.68,-9.69,4.75,58.89,840.6,840.6,170.9,253.89,253.89,39.86,120.2209944751381,54.22,1,1,1,0
2014-06-16,0.0,0.0045964934695501,0.0,0.0,12.68,-9.69,4.75,58.89,840.6,840.6,170.9,253.89,253.89,39.86,120.2209944751381,54.22,0,1,1,0
2014-06-17,0.0,0.0045782305302106,0.0,0.0,12.68,-9.69,4.75,58.89,840.6,840.6,170.9,253.89,253.89,39.86,120.2209944751381,54.22,0,1,1,0
2014-06-18,0.0,0.004498450321517,0.0,0.0,12.68,-9.69,4.75,58.89,840.6,840.6,170.9,253.89,253.89,39.86,120.2209944751381,54.22,1,1,1,0
2014-06-19,0.0,0.0044859546261795,0.0,0.0,12.68,-9.69,4.75,58.89,840.6,840.6,170.9,253.89,253.89,39.86,120.2209944751381,54.22,1,1,1,0
2014-06-20,0.0,0.004431165808161,0.0,0.0,12.68,-9.69,4.75,58.89,840.6,840.6,170.9,253.89,253.89,39.86,120.2209944751381,54.22,1,1,1,0
2014-06-23,0.0,0.0044551959915024,0.0,0.0,12.68,-9.69,4.75,58.89,840.6,840.6,170.9,253.89,253.89,39.86,120.2209944751381,54.22,1,1,1,0
2014-06-24,0.0,0.0043629200874713,0.0,0.0,12.68,-9.69,4.75,58.89,840.6,840.6,170.9,253.89,253.89,39.86,120.2209944751381,54.22,1,1,1,0
2014-06-25,0.0,0.0044119416614878,0.0,0.0,12.68,-9.69,4.75,58.89,840.6,840.6,170.9,253.89,253.89,39.86,120.2209944751381,54.22,1,1,1,0
2014-06-26,0.0,0.0044244373568254,0.0,0.0,12.68,-9.69,4.75,58.89,840.6,840.6,170.9,253.89,253.89,39.86,120.2209944751381,54.22,1,1,1,0
2014-06-27,0.0,0.0044244373568254,0.0,0.0,12.68,-9.69,4.75,58.89,840.6,840.6,170.9,253.89,253.89,39.86,120.2209944751381,54.22,1,1,1,0
2014-06-30,0.0,0.0047320237035958,0.0,0.0,12.68,-9.69,4.75,58.89,840.6,840.6,170.9,253.89,253.89,39.86,120.2209944751381,54.22,1,1,1,0
2014-07-01,0.0,0.0048550582423039,0.0,0.0,12.68,-9.69,4.75,58.89,840.6,840.6,170.9,253.89,253.89,39.86,120.2209944751381,54.22,1,1,0,0
2014-07-02,0.0,0.0049780927810121,0.0,0.0,12.68,-9.69,4.75,58.89,840.6,840.6,170.9,253.89,253.89,39.86,120.2209944751381,54.22,1,1,0,0
2014-07-03,0.0,0.0053222050064615,0.0,0.0,12.68,-9.69,4.75,58.89,840.6,840.6,170.9,253.89,253.89,39.86,120.2209944751381,54.22,0,0,0,0
2014-07-04,0.0,0.00537699382448,0.0,0.0,12.68,-9.69,4.75,58.89,840.6,840.6,170.9,253.89,253.89,39.86,120.2209944751381,54.22,0,0,0,0
2014-07-07,0.0,0.0053587308851405,0.0,0.0,-1.95,-8.09,5.7,58.89,840.6,840.6,170.9,253.89,253.89,39.86,120.2209944751381,54.22,0,0,0,0
2014-07-08,0.0,0.0052847179204488,0.0,0.0,-1.95,-8.09,5.7,58.89,840.6,840.6,170.9,253.89,253.89,39.86,120.2209944751381,54.22,0,0,0,0
2014-07-09,0.0,0.0049473341463351,0.0,0.0,-1.95,-8.09,5.7,58.89,840.6,840.6,170.9,253.89,253.89,39.86,120.2209944751381,54.22,1,0,0,0
2014-07-10,0.0,0.0050819031730471,0.0,0.0,-1.95,-8.09,5.7,58.89,840.6,840.6,170.9,253.89,253.89,39.86,120.2209944751381,54.22,0,0,0,0
2014-07-11,0.0,0.0048118039122894,0.0,0.0,-1.95,-8.09,5.7,58.89,840.6,840.6,170.9,253.89,253.89,39.86,120.2209944751381,54.22,1,1,0,0
2014-07-14,0.0,0.0050819031730471,0.0,0.0,-1.95,-8.09,5.7,58.89,840.6,840.6,170.9,253.89,253.89,39.86,120.2209944751381,54.22,0,0,0,0
2014-07-15,0.0,0.0050819031730471,0.0,0.0,-1.95,-8.09,5.7,58.89,840.6,840.6,170.9,253.89,253.89,39.86,120.2209944751381,54.22,0,0,0,0
2014-07-16,0.0,0.0050021229643535,0.0,0.0,-1.95,-8.09,5.7,58.89,840.6,840.6,170.9,253.89,253.89,39.86,120.2209944751381,54.22,0,0,0,0
2014-07-17,0.0,0.0050386488430325,0.0,0.0,-1.95,-8.09,5.7,58.89,840.6,840.6,170.9,253.89,253.89,39.86,120.2209944751381,54.22,0,0,0,0
2014-07-18,0.0,0.004953101390337,0.0,0.0,-1.95,-8.09,5.7,58.89,840.6,840.6,170.9,253.89,253.89,39.86,120.2209944751381,54.22,0,0,0,0
2014-07-21,0.0,0.0049348384509975,0.0,0.0,-1.95,-8.09,5.7,58.89,840.6,840.6,170.9,253.89,253.89,39.86,120.2209944751381,54.22,0,0,0,0
2014-07-22,0.0,0.0051001661123866,0.0,0.0,-1.95,-8.09,5.7,58.89,840.6,840.6,170.9,253.89,253.89,39.86,120.2209944751381,54.22,0,0,0,0
2014-07-24,0.0,0.0050271143550286,0.0,0.0,-1.95,-8.09,5.7,58.89,840.6,840.6,170.9,253.89,253.89,39.86,120.2209944751381,54.22,0,0,0,0
2014-07-25,0.0,0.0050271143550286,0.0,0.0,-1.95,-8.09,5.7,58.89,840.6,840.6,170.9,253.89,253.89,39.86,120.2209944751381,54.22,0,0,0,0
2014-07-28,0.0,0.0051001661123866,0.0,0.0,-1.95,-8.09,5.7,58.89,840.6,840.6,170.9,253.89,253.89,39.86,120.2209944751381,54.22,0,0,0,0
2014-07-29,0.0,0.0047993082169518,0.0,0.0,-1.95,-8.09,5.7,58.89,840.6,840.6,170.9,253.89,253.89,39.86,120.2209944751381,54.22,0,0,0,0
2014-07-30,0.0,0.004916575511658,0.0,0.0,-1.95,-8.09,5.7,58.89,840.6,840.6,170.9,253.89,253.89,39.86,120.2209944751381,54.22,0,0,0,0
2014-07-31,0.0,0.004916575511658,0.0,0.0,-1.95,-8.09,5.7,58.89,840.6,840.6,170.9,253.89,253.89,39.86,120.2209944751381,54.22,0,0,0,0
2014-08-01,0.0,0.0047935409729499,0.0,0.0,-1.95,-8.09,5.7,58.89,840.6,840.6,170.9,253.89,253.89,39.86,120.2209944751381,54.22,0,0,0,0
2014-08-04,0.0,0.0048242996076269,0.0,0.0,-1.95,-8.09,5.7,58.89,840.6,840.6,170.9,253.89,253.89,39.86,120.2209944751381,54.22,0,0,0,0
2014-08-05,0.0,0.0047935409729499,0.0,0.0,-1.95,-8.09,5.7,58.89,840.6,840.6,170.9,253.89,253.89,39.86,120.2209944751381,54.22,0,0,0,0
2014-08-06,0.0,0.0047195280082582,0.0,0.0,-1.95,-8.09,5.7,58.89,840.6,840.6,170.9,253.89,253.89,39.86,120.2209944751381,54.22,0,0,0,0
2014-08-07,0.0,0.0046147564088896,0.0,0.0,7.82,6.12,2.87,58.89,840.6,840.6,170.9,253.89,253.89,39.86,120.2209944751381,54.22,1,0,0,0
2014-08-08,0.0,0.0042956355741153,0.0,0.0,7.82,6.12,2.87,58.89,840.6,840.6,170.9,253.89,253.89,39.86,120.2209944751381,54.22,1,0,0,0
2014-08-11,0.0,0.0045907262255481,0.0,0.0,7.82,6.12,2.87,58.89,840.6,840.6,170.9,253.89,253.89,39.86,120.2209944751381,54.22,1,0,0,0
2014-08-12,0.0,0.0049098470603224,0.0,0.0,7.82,6.12,2.87,58.89,840.6,840.6,170.9,253.89,253.89,39.86,120.2209944751381,54.22,0,0,0,0
2014-08-13,0.0,0.004916575511658,0.0,0.0,7.82,6.12,2.87,58.89,840.6,840.6,170.9,253.89,253.89,39.86,120.2209944751381,54.22,0,0,0,0
2014-08-14,0.0,0.0001469726972282,0.0,0.0,7.82,6.12,2.87,-5.8,237.32,403.65,7.25,151.99,192.65,43.81,9.909683893627705,-0.78,0,0,0,0
2014-08-15,0.0,0.0001460173597691,0.0,0.0,7.82,6.12,2.87,-5.8,237.32,403.65,7.25,151.99,192.65,43.81,9.909683893627705,-0.78,0,0,0,0
2014-08-18,0.0,0.0001441066848508,0.0,0.0,7.82,6.12,2.87,-5.8,237.32,403.65,7.25,151.99,192.65,43.81,9.909683893627705,-0.78,0,0,0,0
2014-08-19,0.0,0.0001488833721465,0.0,0.0,7.82,6.12,2.87,-5.8,237.32,403.65,7.25,151.99,192.65,43.81,9.909683893627705,-0.78,0,0,0,0
2014-08-20,0.0,0.0001471518230018,0.0,0.0,7.82,6.12,2.87,-5.8,237.32,403.65,7.25,151.99,192.65,43.81,9.909683893627705,-0.78,0,0,0,0
2014-08-21,0.0,0.0001481071604609,0.0,0.0,7.82,6.12,2.87,-5.8,237.32,403.65,7.25,151.99,192.65,43.81,9.909683893627705,-0.78,0,0,0,0
2014-08-22,0.0,0.0001523166161402,0.0,0.0,7.82,6.12,2.87,-5.8,237.32,403.65,7.25,151.99,192.65,43.81,9.909683893627705,-0.78,0,0,0,0
2014-08-25,0.0,0.0001546153969013,0.0,0.0,7.82,6.12,2.87,-5.8,237.32,403.65,7.25,151.99,192.65,43.81,9.909683893627705,-0.78,0,0,0,0
2014-08-26,0.0,0.0,0.0,0.0,7.82,6.12,2.87,-5.8,237.32,403.65,7.25,151.99,192.65,43.81,9.909683893627705,-0.78,1,1,1,1
2014-08-27,0.0,0.0,0.0,0.0,7.82,6.12,2.87,-5.8,237.32,403.65,7.25,151.99,192.65,43.81,9.909683893627705,-0.78,1,1,1,1
2014-08-28,0.0,0.0,0.0,0.0,7.82,6.12,2.87,-5.8,237.32,403.65,7.25,151.99,192.65,43.81,9.909683893627705,-0.78,1,1,1,1
2014-08-29,0.0,0.0,0.0,0.0,7.82,6.12,2.87,-5.8,237.32,403.65,7.25,151.99,192.65,43.81,9.909683893627705,-0.78,1,1,1,1
2014-09-01,0.0,0.0,0.0,0.0,7.82,6.12,2.87,-5.8,237.32,403.65,7.25,151.99,192.65,43.81,9.909683893627705,-0.78,1,1,1,1
2014-09-02,0.0,0.0,0.0,0.0,7.82,6.12,2.87,-5.8,237.32,403.65,7.25,151.99,192.65,43.81,9.909683893627705,-0.78,1,1,1,1
2014-09-03,0.0,0.0,0.0,0.0,7.82,6.12,2.87,-5.8,237.32,403.65,7.25,151.99,192.65,43.81,9.909683893627705,-0.78,1,1,1,1
2014-09-04,0.0,0.0,0.0,0.0,7.82,6.12,2.87,-5.8,237.32,403.65,7.25,151.99,192.65,43.81,9.909683893627705,-0.78,1,1,1,1
2014-09-05,0.0,0.0,0.0,0.0,7.82,6.12,2.87,-5.8,237.32,403.65,7.25,151.99,192.65,43.81,9.909683893627705,-0.78,1,1,1,1
2014-09-09,0.0,0.0001442261020332,0.0,0.0,1.47,26.87,5.61,-5.8,237.32,403.65,7.25,151.99,192.65,43.81,9.909683893627705,-0.78,0,0,0,0
2014-09-10,0.0,0.0001451814394923,0.0,0.0,1.47,26.87,5.61,-5.8,237.32,403.65,7.25,151.99,192.65,43.81,9.909683893627705,-0.78,0,0,0,0
2014-09-11,0.0,0.0001350608332847,0.0,0.0,1.47,26.87,5.61,-5.8,237.32,403.65,7.25,151.99,192.65,43.81,9.909683893627705,-0.78,0,0,0,0
2014-09-12,0.0,0.0001256865844669,0.0,0.0,1.47,26.87,5.61,-5.8,237.32,403.65,7.25,151.99,192.65,43.81,9.909683893627705,-0.78,0,0,0,0
2014-09-15,0.0,0.0001169094215612,0.0,0.0,1.47,26.87,5.61,-5.8,237.32,403.65,7.25,151.99,192.65,43.81,9.909683893627705,-0.78,1,0,0,1
2014-09-16,0.0,0.0001132671974982,0.0,0.0,1.47,26.87,5.61,-5.8,237.32,403.65,7.25,151.99,192.65,43.81,9.909683893627705,-0.78,1,1,1,1
2014-09-17,0.0,0.0001203426655549,0.0,0.0,1.47,26.87,5.61,-5.8,237.32,403.65,7.25,151.99,192.65,43.81,9.909683893627705,-0.78,0,0,0,1
2014-09-18,0.0,0.0001197754339386,0.0,0.0,1.47,26.87,5.61,-5.8,237.32,403.65,7.25,151.99,192.65,43.81,9.909683893627705,-0.78,0,0,0,1
2014-09-19,0.0,0.0001270300277688,0.0,0.0,1.47,26.87,5.61,-5.8,237.32,403.65,7.25,151.99,192.65,43.81,9.909683893627705,-0.78,0,0,0,0
2014-09-22,0.0,0.0001232086779323,0.0,0.0,1.47,26.87,5.61,-5.8,237.32,403.65,7.25,151.99,192.65,43.81,9.909683893627705,-0.78,0,0,0,0
2014-09-23,0.0,0.0001199545597122,0.0,0.0,1.47,26.87,5.61,-5.8,237.32,403.65,7.25,151.99,192.65,43.81,9.909683893627705,-0.78,0,0,0,1
2014-09-24,0.0,0.0001193873280958,0.0,0.0,1.47,26.87,5.61,-5.8,237.32,403.65,7.25,151.99,192.65,43.81,9.909683893627705,-0.78,0,0,0,1
2014-09-25,0.0,0.0001163421899448,0.0,0.0,1.47,26.87,5.61,-5.8,237.32,403.65,7.25,151.99,192.65,43.81,9.909683893627705,-0.78,0,0,1,1
2014-09-26,0.0,0.0001165213157184,0.0,0.0,1.47,26.87,5.61,-5.8,237.32,403.65,7.25,151.99,192.65,43.81,9.909683893627705,-0.78,0,0,1,1
2014-09-29,0.0,0.0001174766531775,0.0,0.0,1.47,26.87,5.61,-5.8,237.32,403.65,7.25,151.99,192.65,43.81,9.909683893627705,-0.78,0,0,1,1
2014-09-30,0.0,0.0001153868524857,0.0,0.0,1.47,26.87,5.61,-5.8,237.32,403.65,7.25,151.99,192.65,43.81,9.909683893627705,-0.78,0,0,1,1
2014-10-01,0.0,0.0001157749583285,0.0,0.0,1.47,26.87,5.61,-5.8,237.32,403.65,7.25,151.99,192.65,43.81,9.909683893627705,-0.78,0,0,1,1
2014-10-02,0.0,0.0001184319906367,0.0,0.0,1.47,26.87,5.61,-5.8,237.32,403.65,7.25,151.99,192.65,43.81,9.909683893627705,-0.78,0,0,1,1
2014-10-03,0.0,0.0001222533404732,0.0,0.0,1.47,26.87,5.61,-5.8,237.32,403.65,7.25,151.99,192.65,43.81,9.909683893627705,-0.78,0,0,0,1
2014-10-06,0.0,0.0001180438847939,0.0,0.0,1.47,26.87,5.61,-5.8,237.32,403.65,7.25,151.99,192.65,43.81,9.909683893627705,-0.78,0,0,1,1
2014-10-07,0.0,0.0001121327342655,0.0,0.0,-4.85,16.72,10.29,-5.8,237.32,403.65,7.25,151.99,192.65,43.81,9.909683893627705,-0.78,0,1,1,1
2014-10-08,0.0,0.0001107892909636,0.0,0.0,-4.85,16.72,10.29,-5.8,237.32,403.65,7.25,151.99,192.65,43.81,9.909683893627705,-0.78,0,1,1,1
2014-10-09,0.0,0.0001033555713597,0.0,0.0,-4.85,16.72,10.29,-5.8,237.32,403.65,7.25,151.99,192.65,43.81,9.909683893627705,-0.78,1,1,1,1
2014-10-13,0.0,9.628010330310186e-05,0.0,0.0,-4.85,16.72,10.29,-5.8,237.32,403.65,7.25,151.99,192.65,43.81,9.909683893627705,-0.78,1,1,1,1
2014-10-14,0.0,9.26378792401628e-05,0.0,0.0,-4.85,16.72,10.29,-5.8,237.32,403.65,7.25,151.99,192.65,43.81,9.909683893627705,-0.78,1,1,1,1
2014-10-15,0.0,9.741456653582058e-05,0.0,0.0,-4.85,16.72,10.29,-5.8,237.32,403.65,7.25,151.99,192.65,43.81,9.909683893627705,-0.78,1,1,1,1
2014-10-16,0.0,9.953422152326872e-05,0.0,0.0,-4.85,16.72,10.29,-5.8,237.32,403.65,7.25,151.99,192.65,43.81,9.909683893627705,-0.78,1,1,1,1
2014-10-17,0.0,9.893713561131148e-05,0.0,0.0,-4.85,16.72,10.29,-5.8,237.32,403.65,7.25,151.99,192.65,43.81,9.909683893627705,-0.78,1,1,1,1
2014-10-20,0.0,0.0001058334778944,0.0,0.0,-4.85,16.72,10.29,-5.8,237.32,403.65,7.25,151.99,192.65,43.81,9.909683893627705,-0.78,1,1,1,1
2014-10-21,0.0,0.0001126999658819,0.0,0.0,-4.85,16.72,10.29,-5.8,237.32,403.65,7.25,151.99,192.65,43.81,9.909683893627705,-0.78,1,1,1,1
2014-10-22,0.0,0.0001144315150266,0.0,0.0,-4.85,16.72,10.29,-5.8,237.32,403.65,7.25,151.99,192.65,43.81,9.909683893627705,-0.78,1,1,1,1
2014-10-23,0.0,0.0001146106408001,0.0,0.0,-4.85,16.72,10.29,-5.8,237.32,403.65,7.25,151.99,192.65,43.81,9.909683893627705,-0.78,1,1,1,1
2014-10-24,0.0,0.0001169094215612,0.0,0.0,-4.85,16.72,10.29,-5.8,237.32,403.65,7.25,151.99,192.65,43.81,9.909683893627705,-0.78,1,1,1,1
2014-10-27,0.0,0.0001184319906367,0.0,0.0,-4.85,16.72,10.29,-5.8,237.32,403.65,7.25,151.99,192.65,43.81,9.909683893627705,-0.78,1,1,1,1
2014-10-28,0.0,0.0001232086779323,0.0,0.0,-4.85,16.72,10.29,-5.8,237.32,403.65,7.25,151.99,192.65,43.81,9.909683893627705,-0.78,1,1,1,1
2014-10-29,0.0,0.0001285525968443,0.0,0.0,-4.85,16.72,10.29,-5.8,237.32,403.65,7.25,151.99,192.65,43.81,9.909683893627705,-0.78,0,0,1,1
2014-10-30,0.0,0.0001241640153915,0.0,0.0,-4.85,16.72,10.29,-5.8,237.32,403.65,7.25,151.99,192.65,43.81,9.909683893627705,-0.78,1,1,1,1
2014-10-31,0.0,0.0001239848896179,0.0,0.0,-4.85,16.72,10.29,-5.8,237.32,403.65,7.25,151.99,192.65,43.81,9.909683893627705,-0.78,1,1,1,1
2014-11-03,0.0,0.0001251193528506,0.0,0.0,-4.85,16.72,10.29,-5.8,237.32,403.65,7.25,151.99,192.65,43.81,9.909683893627705,-0.78,0,1,1,1
2014-11-04,0.0,0.0001266419219261,0.0,0.0,-4.85,16.72,10.29,-5.8,237.32,403.65,7.25,151.99,192.65,43.81,9.909683893627705,-0.78,0,1,1,1
2014-11-05,0.0,0.0001258955645361,0.0,0.0,-4.85,16.72,10.29,-5.8,237.32,403.65,7.25,151.99,192.65,43.81,9.909683893627705,-0.78,0,1,1,1
2014-11-06,0.0,0.0001251193528506,0.0,0.0,-4.85,16.72,10.29,-5.8,237.32,403.65,7.25,151.99,192.65,43.81,9.909683893627705,-0.78,1,1,1,1
2014-11-07,0.0,0.0001230295521587,0.0,0.0,-2.03,-1.5,8.96,-5.8,237.32,403.65,7.25,151.99,192.65,43.81,9.909683893627705,-0.78,1,1,1,1
2014-11-10,0.0,0.0001251193528506,0.0,0.0,-2.03,-1.5,8.96,-5.8,237.32,403.65,7.25,151.99,192.65,43.81,9.909683893627705,-0.78,1,1,1,1
2014-11-11,0.0,0.0001258955645361,0.0,0.0,-2.03,-1.5,8.96,-5.8,237.32,403.65,7.25,151.99,192.65,43.81,9.909683893627705,-0.78,1,1,1,1
2014-11-12,0.0,0.0001258955645361,0.0,0.0,-2.03,-1.5,8.96,-5.8,237.32,403.65,7.25,151.99,192.65,43.81,9.909683893627705,-0.78,1,1,1,1
2014-11-13,0.0,0.0001260746903097,0.0,0.0,-2.03,-1.5,8.96,-5.8,237.32,403.65,7.25,151.99,192.65,43.81,9.909683893627705,-0.78,1,1,1,1
2014-11-14,0.0,0.0005980982793915,0.0,0.0,-2.03,-1.5,8.96,29.81,289.15,352.24,28.5,680.43,290.0,47.84,9.198813056379825,22.44,1,1,1,1
2014-11-17,0.0,0.0005772788507696,0.0,0.0,-2.03,-1.5,8.96,29.81,289.15,352.24,28.5,680.43,290.0,47.84,9.198813056379825,22.44,1,1,1,1
2014-11-18,0.0,0.0005709055562934,0.0,0.0,-2.03,-1.5,8.96,29.81,289.15,352.24,28.5,680.43,290.0,47.84,9.198813056379825,22.44,1,1,1,1
2014-11-19,0.0,0.0006098534669808,0.0,0.0,-2.03,-1.5,8.96,29.81,289.15,352.24,28.5,680.43,290.0,47.84,9.198813056379825,22.44,1,1,1,1
2014-11-20,0.0,0.0006524837255877,0.0,0.0,-2.03,-1.5,8.96,29.81,289.15,352.24,28.5,680.43,290.0,47.84,9.198813056379825,22.44,1,0,1,1
2014-11-21,0.0,0.0006978049307511,0.0,0.0,-2.03,-1.5,8.96,29.81,289.15,352.24,28.5,680.43,290.0,47.84,9.198813056379825,22.44,0,0,0,0
2014-11-24,0.0,0.0006524837255877,0.0,0.0,-2.03,-1.5,8.96,29.81,289.15,352.24,28.5,680.43,290.0,47.84,9.198813056379825,22.44,1,0,1,1
2014-11-25,0.0,0.0006652303145399,0.0,0.0,-2.03,-1.5,8.96,29.81,289.15,352.24,28.5,680.43,290.0,47.84,9.198813056379825,22.44,0,0,1,1
2014-11-26,0.0,0.0006543248995474,0.0,0.0,-2.03,-1.5,8.96,29.81,289.15,352.24,28.5,680.43,290.0,47.84,9.198813056379825,22.44,0,0,1,1
2014-11-27,0.0,0.0006687710336933,0.0,0.0,-2.03,-1.5,8.96,29.81,289.15,352.24,28.5,680.43,290.0,47.84,9.198813056379825,22.44,0,0,1,1
2014-11-28,0.0,0.0006633891405801,0.0,0.0,-2.03,-1.5,8.96,29.81,289.15,352.24,28.5,680.43,290.0,47.84,9.198813056379825,22.44,0,0,1,1
2014-12-01,0.0,0.0006706122076531,0.0,0.0,-2.03,-1.5,8.96,29.81,289.15,352.24,28.5,680.43,290.0,47.84,9.198813056379825,22.44,0,0,1,1
2014-12-02,0.0,0.0006561660735072,0.0,0.0,-2.03,-1.5,8.96,29.81,289.15,352.24,28.5,680.43,290.0,47.84,9.198813056379825,22.44,0,0,1,1
2014-12-03,0.0,0.0006425697119582,0.0,0.0,-2.03,-1.5,8.96,29.81,289.15,352.24,28.5,680.43,290.0,47.84,9.198813056379825,22.44,0,1,1,1
2014-12-04,0.0,0.0006615479666204,0.0,0.0,-2.03,-1.5,8.96,29.81,289.15,352.24,28.5,680.43,290.0,47.84,9.198813056379825,22.44,0,0,1,1
2014-12-05,0.0,0.0006479516050713,0.0,0.0,-2.03,-1.5,8.96,29.81,289.15,352.24,28.5,680.43,290.0,47.84,9.198813056379825,22.44,0,1,1,1
2014-12-08,0.0,0.0006471018324745,0.0,0.0,-1.48,10.71,9.12,29.81,289.15,352.24,28.5,680.43,290.0,47.84,9.198813056379825,22.44,0,1,1,1
2014-12-09,0.0,0.0006298231230059,0.0,0.0,-1.48,10.71,9.12,29.81,289.15,352.24,28.5,680.43,290.0,47.84,9.198813056379825,22.44,1,1,1,1
2014-12-10,0.0,0.0006343552435223,0.0,0.0,-1.48,10.71,9.12,29.81,289.15,352.24,28.5,680.43,290.0,47.84,9.198813056379825,22.44,1,1,1,1
2014-12-11,0.0,0.0006479516050713,0.0,0.0,-1.48,10.71,9.12,29.81,289.15,352.24,28.5,680.43,290.0,47.84,9.198813056379825,22.44,0,1,1,1
2014-12-12,0.0,0.0006452606585147,0.0,0.0,-1.48,10.71,9.12,29.81,289.15,352.24,28.5,680.43,290.0,47.84,9.198813056379825,22.44,0,1,1,1
2014-12-15,0.0,0.0006335054709255,0.0,0.0,-1.48,10.71,9.12,29.81,289.15,352.24,28.5,680.43,290.0,47.84,9.198813056379825,22.44,1,1,1,1
2014-12-16,0.0,0.0006388873640386,0.0,0.0,-1.48,10.71,9.12,29.81,289.15,352.24,28.5,680.43,290.0,47.84,9.198813056379825,22.44,1,1,1,1
2014-12-17,0.0,0.0006497927790311,0.0,0.0,-1.48,10.71,9.12,29.81,289.15,352.24,28.5,680.43,290.0,47.84,9.198813056379825,22.44,1,1,1,1
2014-12-18,0.0,0.0006407285379984,0.0,0.0,-1.48,10.71,9.12,29.81,289.15,352.24,28.5,680.43,290.0,47.84,9.198813056379825,22.44,1,1,1,1
2014-12-19,0.0,0.0006524837255877,0.0,0.0,-1.48,10.71,9.12,29.81,289.15,352.24,28.5,680.43,290.0,47.84,9.198813056379825,22.44,1,1,1,1
2014-12-22,0.0,0.0006697624350562,0.0,0.0,-1.48,10.71,9.12,29.81,289.15,352.24,28.5,680.43,290.0,47.84,9.198813056379825,22.44,1,1,1,1
2014-12-23,0.0,0.0006578656187008,0.0,0.0,-1.48,10.71,9.12,29.81,289.15,352.24,28.5,680.43,290.0,47.84,9.198813056379825,22.44,1,1,1,1
2014-12-24,0.0,0.0006471018324745,0.0,0.0,-1.48,10.71,9.12,29.81,289.15,352.24,28.5,680.43,290.0,47.84,9.198813056379825,22.44,1,1,1,1
2014-12-25,0.0,0.0006388873640386,0.0,0.0,-1.48,10.71,9.12,29.81,289.15,352.24,28.5,680.43,290.0,47.84,9.198813056379825,22.44,1,1,1,1
2014-12-26,0.0,0.0006606981940235,0.0,0.0,-1.48,10.71,9.12,29.81,289.15,352.24,28.5,680.43,290.0,47.84,9.198813056379825,22.44,1,1,1,1
2014-12-27,0.0,0.0006606981940235,0.0,0.0,-1.48,10.71,9.12,29.81,289.15,352.24,28.5,680.43,290.0,47.84,9.198813056379825,22.44,1,1,1,1
2014-12-29,0.0,0.0007068691717838,0.0,0.0,-1.48,10.71,9.12,29.81,289.15,352.24,28.5,680.43,290.0,47.84,9.198813056379825,22.44,1,1,1,0
2014-12-30,0.0,0.0007376026140353,0.0,0.0,-1.48,10.71,9.12,29.81,289.15,352.24,28.5,680.43,290.0,47.84,9.198813056379825,22.44,0,0,0,0
2014-12-31,0.0,0.0007340618948819,0.0,0.0,-1.48,10.71,9.12,29.81,289.15,352.24,28.5,680.43,290.0,47.84,9.198813056379825,22.44,0,0,0,0
2015-01-05,0.0,0.0007847649931585,0.0,0.0,-1.48,10.71,9.12,29.81,289.15,352.24,28.5,680.43,290.0,47.84,9.198813056379825,22.44,0,0,0,0
2015-01-06,0.0,0.0007485080290278,0.0,0.0,-1.48,10.71,9.12,29.81,289.15,352.24,28.5,680.43,290.0,47.84,9.198813056379825,22.44,0,0,0,0
2015-01-07,0.0,0.0007303795469624,0.0,0.0,1.62,3.12,8.58,29.81,289.15,352.24,28.5,680.43,290.0,47.84,9.198813056379825,22.44,0,0,0,0
2015-01-08,0.0,0.0007412849619548,0.0,0.0,1.62,3.12,8.58,29.81,289.15,352.24,28.5,680.43,290.0,47.84,9.198813056379825,22.44,0,0,0,0
2015-01-09,0.0,0.0007340618948819,0.0,0.0,1.62,3.12,8.58,29.81,289.15,352.24,28.5,680.43,290.0,47.84,9.198813056379825,22.44,0,0,0,0
2015-01-12,0.0,0.0007140922388568,0.0,0.0,1.62,3.12,8.58,29.81,289.15,352.24,28.5,680.43,290.0,47.84,9.198813056379825,22.44,0,0,0,0
2015-01-13,0.0,0.0006905818636782,0.0,0.0,1.62,3.12,8.58,29.81,289.15,352.24,28.5,680.43,290.0,47.84,9.198813056379825,22.44,1,1,1,1
2015-01-14,0.0,0.0007004958773077,0.0,0.0,1.62,3.12,8.58,29.81,289.15,352.24,28.5,680.43,290.0,47.84,9.198813056379825,22.44,0,0,1,0
2015-01-15,0.0,0.0006895904623153,0.0,0.0,1.62,3.12,8.58,29.81,289.15,352.24,28.5,680.43,290.0,47.84,9.198813056379825,22.44,1,1,1,1
2015-01-16,0.0,0.0006815176226455,0.0,0.0,1.62,3.12,8.58,29.81,289.15,352.24,28.5,680.43,290.0,47.84,9.198813056379825,22.44,1,1,1,1
2015-01-19,0.0,0.0006506425516279,0.0,0.0,1.62,3.12,8.58,29.81,289.15,352.24,28.5,680.43,290.0,47.84,9.198813056379825,22.44,1,1,1,1
2015-01-20,0.0,0.0006959637567914,0.0,0.0,1.62,3.12,8.58,29.81,289.15,352.24,28.5,680.43,290.0,47.84,9.198813056379825,22.44,1,1,1,0
2015-01-21,0.0,0.0006969551581543,0.0,0.0,1.62,3.12,8.58,29.81,289.15,352.24,28.5,680.43,290.0,47.84,9.198813056379825,22.44,1,1,1,0
2015-01-22,0.0,0.0007223067072926,0.0,0.0,1.62,3.12,8.58,29.81,289.15,352.24,28.5,680.43,290.0,47.84,9.198813056379825,22.44,0,0,0,0
2015-01-23,0.0,0.0007159334128165,0.0,0.0,1.62,3.12,8.58,29.81,289.15,352.24,28.5,680.43,290.0,47.84,9.198813056379825,22.44,0,0,0,0
2015-01-26,0.0,0.0007186243593731,0.0,0.0,1.62,3.12,8.58,29.81,289.15,352.24,28.5,680.43,290.0,47.84,9.198813056379825,22.44,0,0,0,0
2015-01-27,0.0,0.0007231564798894,0.0,0.0,1.62,3.12,8.58,29.81,289.15,352.24,28.5,680.43,290.0,47.84,9.198813056379825,22.44,0,0,0,0
2015-01-28,0.0,0.0006986547033479,0.0,0.0,1.62,3.12,8.58,29.81,289.15,352.24,28.5,680.43,290.0,47.84,9.198813056379825,22.44,1,1,1,0
2015-01-29,0.0,0.0007014872786707,0.0,0.0,1.62,3.12,8.58,29.81,289.15,352.24,28.5,680.43,290.0,47.84,9.198813056379825,22.44,0,1,1,0
2015-01-30,0.0,0.000691431636275,0.0,0.0,1.62,3.12,8.58,29.81,289.15,352.24,28.5,680.43,290.0,47.84,9.198813056379825,22.44,1,1,1,0
2015-02-02,0.0,0.0006823673952423,0.0,0.0,1.62,3.12,8.58,29.81,289.15,352.24,28.5,680.43,290.0,47.84,9.198813056379825,22.44,1,1,1,0
2015-02-03,0.0,0.0006868995157587,0.0,0.0,1.62,3.12,8.58,29.81,289.15,352.24,28.5,680.43,290.0,47.84,9.198813056379825,22.44,1,1,1,0
2015-02-04,0.0,0.0007004958773077,0.0,0.0,1.62,3.12,8.58,29.81,289.15,352.24,28.5,680.43,290.0,47.84,9.198813056379825,22.44,1,1,0,0
2015-02-05,0.0,0.0007204655333329,0.0,0.0,1.62,3.12,8.58,29.81,289.15,352.24,28.5,680.43,290.0,47.84,9.198813056379825,22.44,0,0,0,0
2015-02-06,0.0,0.0007159334128165,0.0,0.0,1.62,3.12,8.58,29.81,289.15,352.24,28.5,680.43,290.0,47.84,9.198813056379825,22.44,0,0,0,0
2015-02-09,0.0,0.0007159334128165,0.0,0.0,-4.23,-4.35,-4.35,29.81,289.15,352.24,28.5,680.43,290.0,47.84,9.198813056379825,22.44,0,0,0,0
2015-02-10,0.0,0.0007105515197034,0.0,0.0,-4.23,-4.35,-4.35,29.81,289.15,352.24,28.5,680.43,290.0,47.84,9.198813056379825,22.44,0,0,0,0
2015-02-11,0.0,0.0007041782252272,0.0,0.0,-4.23,-4.35,-4.35,29.81,289.15,352.24,28.5,680.43,290.0,47.84,9.198813056379825,22.44,1,1,0,0
2015-02-12,0.0,0.0007068691717838,0.0,0.0,-4.23,-4.35,-4.35,29.81,289.15,352.24,28.5,680.43,290.0,47.84,9.198813056379825,22.44,1,0,0,0
2015-02-13,0.0,0.0007050279978241,0.0,0.0,-4.23,-4.35,-4.35,29.81,289.15,352.24,28.5,680.43,290.0,47.84,9.198813056379825,22.44,1,1,0,0
2015-02-24,0.0,0.0043203058623619,0.0,0.0,-4.23,-4.35,-4.35,21.91,136.86,250.26,-5.48,252.86,279.07,48.56,1.5050167224080242,14.47,1,1,0,0
2015-02-25,0.0,0.0044037228701629,0.0,0.0,-4.23,-4.35,-4.35,21.91,136.86,250.26,-5.48,252.86,279.07,48.56,1.5050167224080242,14.47,0,0,0,0
2015-02-26,0.0,0.0043594075847686,0.0,0.0,-4.23,-4.35,-4.35,21.91,136.86,250.26,-5.48,252.86,279.07,48.56,1.5050167224080242,14.47,0,0,0,0
2015-03-02,0.0,0.0043533250946165,0.0,0.0,-4.23,-4.35,-4.35,21.91,136.86,250.26,-5.48,252.86,279.07,48.56,1.5050167224080242,14.47,0,0,0,0
2015-03-03,0.0,0.0044202324862902,0.0,0.0,-4.23,-4.35,-4.35,21.91,136.86,250.26,-5.48,252.86,279.07,48.56,1.5050167224080242,14.47,0,0,0,0
2015-03-04,0.0,0.0043698347107438,0.0,0.0,-4.23,-4.35,-4.35,21.91,136.86,250.26,-5.48,252.86,279.07,48.56,1.5050167224080242,14.47,0,0,0,0
2015-03-05,0.0,0.0044202324862902,0.0,0.0,-4.23,-4.35,-4.35,21.91,136.86,250.26,-5.48,252.86,279.07,48.56,1.5050167224080242,14.47,0,0,0,0
2015-03-06,0.0,0.0043872132540356,0.0,0.0,-4.23,-4.35,-4.35,21.91,136.86,250.26,-5.48,252.86,279.07,48.56,1.5050167224080242,14.47,0,0,0,0
2015-03-09,0.0,0.0043142233722097,0.0,0.0,-0.46,5.62,0.37,21.91,136.86,250.26,-5.48,252.86,279.07,48.56,1.5050167224080242,14.47,0,0,0,0
2015-03-10,0.0,0.0042759905769676,0.0,0.0,-0.46,5.62,0.37,21.91,136.86,250.26,-5.48,252.86,279.07,48.56,1.5050167224080242,14.47,1,1,0,0
2015-03-11,0.0,0.0043203058623619,0.0,0.0,-0.46,5.62,0.37,21.91,136.86,250.26,-5.48,252.86,279.07,48.56,1.5050167224080242,14.47,1,0,0,0
2015-03-12,0.0,0.0044202324862902,0.0,0.0,-0.46,5.62,0.37,21.91,136.86,250.26,-5.48,252.86,279.07,48.56,1.5050167224080242,14.47,0,0,0,0
2015-03-13,0.0,0.0043533250946165,0.0,0.0,-0.46,5.62,0.37,21.91,136.86,250.26,-5.48,252.86,279.07,48.56,1.5050167224080242,14.47,0,0,0,0
2015-03-16,0.0,0.0043142233722097,0.0,0.0,-0.46,5.62,0.37,21.91,136.86,250.26,-5.48,252.86,279.07,48.56,1.5050167224080242,14.47,1,0,0,0
2015-03-17,0.0,0.0042759905769676,0.0,0.0,-0.46,5.62,0.37,21.91,136.86,250.26,-5.48,252.86,279.07,48.56,1.5050167224080242,14.47,1,0,0,0
2015-03-18,0.0,0.0043594075847686,0.0,0.0,-0.46,5.62,0.37,21.91,136.86,250.26,-5.48,252.86,279.07,48.56,1.5050167224080242,14.47,0,0,0,0
2015-03-19,0.0,0.0043481115316289,0.0,0.0,-0.46,5.62,0.37,21.91,136.86,250.26,-5.48,252.86,279.07,48.56,1.5050167224080242,14.47,0,0,0,0
2015-03-20,0.0,0.0043533250946165,0.0,0.0,-0.46,5.62,0.37,21.91,136.86,250.26,-5.48,252.86,279.07,48.56,1.5050167224080242,14.47,0,0,0,0
2015-03-23,0.0,0.0043646211477562,0.0,0.0,-0.46,5.62,0.37,21.91,136.86,250.26,-5.48,252.86,279.07,48.56,1.5050167224080242,14.47,0,0,0,0
2015-03-24,0.0,0.0043976403800108,0.0,0.0,-0.46,5.62,0.37,21.91,136.86,250.26,-5.48,252.86,279.07,48.56,1.5050167224080242,14.47,0,0,0,0
2015-03-25,0.0,0.0043646211477562,0.0,0.0,-0.46,5.62,0.37,21.91,136.86,250.26,-5.48,252.86,279.07,48.56,1.5050167224080242,14.47,0,0,0,0
2015-03-26,0.0,0.0043759172008959,0.0,0.0,-0.46,5.62,0.37,21.91,136.86,250.26,-5.48,252.86,279.07,48.56,1.5050167224080242,14.47,0,0,0,0
2015-03-27,0.0,0.0043481115316289,0.0,0.0,-0.46,5.62,0.37,21.91,136.86,250.26,-5.48,252.86,279.07,48.56,1.5050167224080242,14.47,0,0,0,0
2015-03-30,0.0,0.0043420290414767,0.0,0.0,-0.46,5.62,0.37,21.91,136.86,250.26,-5.48,252.86,279.07,48.56,1.5050167224080242,14.47,0,0,0,0
2015-03-31,0.0,0.0043924268170232,0.0,0.0,-0.46,5.62,0.37,21.91,136.86,250.26,-5.48,252.86,279.07,48.56,1.5050167224080242,14.47,0,0,0,0
2015-04-01,0.0,0.0043533250946165,0.0,0.0,-0.46,5.62,0.37,21.91,136.86,250.26,-5.48,252.86,279.07,48.56,1.5050167224080242,14.47,0,0,0,0
2015-04-02,0.0,0.0043316019155016,0.0,0.0,-0.46,5.62,0.37,21.91,136.86,250.26,-5.48,252.86,279.07,48.56,1.5050167224080242,14.47,0,0,0,0
2015-04-07,0.0,0.0042812041399552,0.0,0.0,2.86,8.13,2.88,21.91,136.86,250.26,-5.48,252.86,279.07,48.56,1.5050167224080242,14.47,0,0,0,0
2015-04-08,0.0,0.0039866378311578,0.0,0.0,2.86,8.13,2.88,21.91,136.86,250.26,-5.48,252.86,279.07,48.56,1.5050167224080242,14.47,0,0,0,0
2015-04-09,0.0,0.0038310998686954,0.0,0.0,2.86,8.13,2.88,21.91,136.86,250.26,-5.48,252.86,279.07,48.56,1.5050167224080242,14.47,1,1,0,0
2015-04-10,0.0,0.0038867112072294,0.0,0.0,2.86,8.13,2.88,21.91,136.86,250.26,-5.48,252.86,279.07,48.56,1.5050167224080242,14.47,1,0,0,0
2015-04-13,0.0,0.0040422491696918,0.0,0.0,2.86,8.13,2.88,21.91,136.86,250.26,-5.48,252.86,279.07,48.56,1.5050167224080242,14.47,0,0,0,0
2015-04-14,0.0,0.0040196570634123,0.0,0.0,2.86,8.13,2.88,21.91,136.86,250.26,-5.48,252.86,279.07,48.56,1.5050167224080242,14.47,0,0,0,0
2015-04-15,0.0,0.0039310264926237,0.0,0.0,2.86,8.13,2.88,21.91,136.86,250.26,-5.48,252.86,279.07,48.56,1.5050167224080242,14.47,1,0,0,0
2015-04-16,0.0,0.0039032208233567,0.0,0.0,2.86,8.13,2.88,21.91,136.86,250.26,-5.48,252.86,279.07,48.56,1.5050167224080242,14.47,1,0,0,0
2015-04-17,0.0,0.003891924770217,0.0,0.0,2.86,8.13,2.88,21.91,136.86,250.26,-5.48,252.86,279.07,48.56,1.5050167224080242,14.47,1,0,0,0
2015-04-20,0.0,0.0039145168764964,0.0,0.0,2.86,8.13,2.88,21.91,136.86,250.26,-5.48,252.86,279.07,48.56,1.5050167224080242,14.47,0,0,0,0
2015-04-21,0.0,0.003919730439484,0.0,0.0,2.86,8.13,2.88,21.91,136.86,250.26,-5.48,252.86,279.07,48.56,1.5050167224080242,14.47,0,0,0,0
2015-04-22,0.0,0.0040752684019464,0.0,0.0,2.86,8.13,2.88,21.91,136.86,250.26,-5.48,252.86,279.07,48.56,1.5050167224080242,14.47,0,0,0,0
2015-04-23,0.0,0.0041256661774928,0.0,0.0,2.86,8.13,2.88,21.91,136.86,250.26,-5.48,252.86,279.07,48.56,1.5050167224080242,14.47,0,0,0,0
2015-04-24,0.0,0.0040422491696918,0.0,0.0,2.86,8.13,2.88,21.91,136.86,250.26,-5.48,252.86,279.07,48.56,1.5050167224080242,14.47,0,0,0,0
2015-04-27,0.0,0.0040474627326793,0.0,0.0,2.86,8.13,2.88,21.91,136.86,250.26,-5.48,252.86,279.07,48.56,1.5050167224080242,14.47,0,0,0,0
2015-04-28,0.0,0.0039701282150305,0.0,0.0,2.86,8.13,2.88,21.91,136.86,250.26,-5.48,252.86,279.07,48.56,1.5050167224080242,14.47,0,0,0,0
2015-04-29,0.0,0.0037198771916274,0.0,0.0,2.86,8.13,2.88,21.91,136.86,250.26,-5.48,252.86,279.07,48.56,1.5050167224080242,14.47,0,0,0,0
2015-04-30,0.0,0.0038137213254035,0.0,0.0,2.86,8.13,2.88,21.91,136.86,250.26,-5.48,252.86,279.07,48.56,1.5050167224080242,14.47,0,0,0,0
2015-05-04,0.0,0.0037919981462887,0.0,0.0,2.86,8.13,2.88,21.91,136.86,250.26,-5.48,252.86,279.07,48.56,1.5050167224080242,14.47,0,0,0,0
2015-05-05,0.0,0.0035808488452923,0.0,0.0,2.86,8.13,2.88,21.91,136.86,250.26,-5.48,252.86,279.07,48.56,1.5050167224080242,14.47,0,0,0,0
2015-05-06,0.0,0.0036468873098015,0.0,0.0,2.86,8.13,2.88,21.91,136.86,250.26,-5.48,252.86,279.07,48.56,1.5050167224080242,14.47,0,0,0,0
2015-05-07,0.0,0.0035139414536186,0.0,0.0,-4.05,6.14,3.66,21.91,136.86,250.26,-5.48,252.86,279.07,48.56,1.5050167224080242,14.47,0,1,0,0
2015-05-08,0.0,0.003453116552097,0.0,0.0,-4.05,6.14,3.66,21.91,136.86,250.26,-5.48,252.86,279.07,48.56,1.5050167224080242,14.47,1,1,0,0
2015-05-11,0.0,0.0032802000463427,0.0,0.0,-4.05,6.14,3.66,21.91,136.86,250.26,-5.48,252.86,279.07,48.56,1.5050167224080242,14.47,1,1,1,0
2015-05-12,0.0,0.0034748397312118,0.0,0.0,-4.05,6.14,3.66,21.91,136.86,250.26,-5.48,252.86,279.07,48.56,1.5050167224080242,14.47,1,1,0,0
2015-05-13,0.0,0.0034696261682243,0.0,0.0,-4.05,6.14,3.66,21.91,136.86,250.26,-5.48,252.86,279.07,48.56,1.5050167224080242,14.47,1,1,0,0
2015-05-14,0.0,0.0034583301150845,0.0,0.0,-4.05,6.14,3.66,21.91,136.86,250.26,-5.48,252.86,279.07,48.56,1.5050167224080242,14.47,1,1,0,0
2015-05-15,0.0,0.0153684003392103,0.0,0.0,-4.05,6.14,3.66,-37.96,-7.51,-7.51,-7.49,20.51,20.51,47.17,-2.8624382207578263,-26.69,1,1,0,0
2015-05-18,0.0,0.0146666468990637,0.0,0.0,-4.05,6.14,3.66,-37.96,-7.51,-7.51,-7.49,20.51,20.51,47.17,-2.8624382207578263,-26.69,1,1,0,0
2015-05-19,0.0,0.0153917921205485,0.0,0.0,-4.05,6.14,3.66,-37.96,-7.51,-7.51,-7.49,20.51,20.51,47.17,-2.8624382207578263,-26.69,1,1,0,0
2015-05-20,0.0,0.0160155729562344,0.0,0.0,-4.05,6.14,3.66,-37.96,-7.51,-7.51,-7.49,20.51,20.51,47.17,-2.8624382207578263,-26.69,1,1,0,0
2015-05-21,0.0,0.0162650852905088,0.0,0.0,-4.05,6.14,3.66,-37.96,-7.51,-7.51,-7.49,20.51,20.51,47.17,-2.8624382207578263,-26.69,1,0,0,0
2015-05-22,0.0,0.01703701407467,0.0,0.0,-4.05,6.14,3.66,-37.96,-7.51,-7.51,-7.49,20.51,20.51,47.17,-2.8624382207578263,-26.69,0,0,0,0
2015-05-25,0.0,0.016612063380359,0.0,0.0,-4.05,6.14,3.66,-37.96,-7.51,-7.51,-7.49,20.51,20.51,47.17,-2.8624382207578263,-26.69,0,0,0,0
2015-05-26,0.0,0.0168888661261946,0.0,0.0,-4.05,6.14,3.66,-37.96,-7.51,-7.51,-7.49,20.51,20.51,47.17,-2.8624382207578263,-26.69,0,0,0,0
2015-05-27,0.0,0.0169395483190941,0.0,0.0,-4.05,6.14,3.66,-37.96,-7.51,-7.51,-7.49,20.51,20.51,47.17,-2.8624382207578263,-26.69,0,0,0,0
2015-05-28,0.0,0.016713427766158,0.0,0.0,-4.05,6.14,3.66,-37.96,-7.51,-7.51,-7.49,20.51,20.51,47.17,-2.8624382207578263,-26.69,0,0,0,0
2015-05-29,0.0,0.016713427766158,0.0,0.0,-4.05,6.14,3.66,-37.96,-7.51,-7.51,-7.49,20.51,20.51,47.17,-2.8624382207578263,-26.69,0,0,0,0
2015-06-01,0.0,0.0162650852905088,0.0,0.0,-4.05,6.14,3.66,-37.96,-7.51,-7.51,-7.49,20.51,20.51,47.17,-2.8624382207578263,-26.69,0,0,0,0
2015-06-02,0.0,0.0163625510460847,0.0,0.0,-4.05,6.14,3.66,-37.96,-7.51,-7.51,-7.49,20.51,20.51,47.17,-2.8624382207578263,-26.69,0,0,0,0
2015-06-03,0.0,0.016713427766158,0.0,0.0,-4.05,6.14,3.66,-37.96,-7.51,-7.51,-7.49,20.51,20.51,47.17,-2.8624382207578263,-26.69,0,0,0,0
2015-06-04,0.0,0.016288477071847,0.0,0.0,-4.05,6.14,3.66,-37.96,-7.51,-7.51,-7.49,20.51,20.51,47.17,-2.8624382207578263,-26.69,0,0,0,0
2015-06-05,0.0,0.0159648907633349,0.0,0.0,-4.05,6.14,3.66,-37.96,-7.51,-7.51,-7.49,20.51,20.51,47.17,-2.8624382207578263,-26.69,0,0,0,0
2015-06-08,0.0,0.0160155729562344,0.0,0.0,-2.96,-8.6,1.05,-37.96,-7.51,-7.51,-7.49,20.51,20.51,47.17,-2.8624382207578263,-26.69,0,0,0,0
2015-06-09,0.0,0.0152904277347496,0.0,0.0,-2.96,-8.6,1.05,-37.96,-7.51,-7.51,-7.49,20.51,20.51,47.17,-2.8624382207578263,-26.69,0,0,0,0
2015-06-10,0.0,0.0160389647375726,0.0,0.0,-2.96,-8.6,1.05,-37.96,-7.51,-7.51,-7.49,20.51,20.51,47.17,-2.8624382207578263,-26.69,0,0,0,0
2015-06-11,0.0,0.0160389647375726,0.0,0.0,-2.96,-8.6,1.05,-37.96,-7.51,-7.51,-7.49,20.51,20.51,47.17,-2.8624382207578263,-26.69,0,0,0,0
2015-06-12,0.0,0.0157153784290606,0.0,0.0,-2.96,-8.6,1.05,-37.96,-7.51,-7.51,-7.49,20.51,20.51,47.17,-2.8624382207578263,-26.69,0,0,0,0
2015-06-15,0.0,0.0156919866477224,0.0,0.0,-2.96,-8.6,1.05,-37.96,-7.51,-7.51,-7.49,20.51,20.51,47.17,-2.8624382207578263,-26.69,0,0,0,0
2015-06-16,0.0,0.0150682058120365,0.0,0.0,-2.96,-8.6,1.05,-37.96,-7.51,-7.51,-7.49,20.51,20.51,47.17,-2.8624382207578263,-26.69,0,0,0,0
2015-06-17,0.0,0.0146198633363873,0.0,0.0,-2.96,-8.6,1.05,-37.96,-7.51,-7.51,-7.49,20.51,20.51,47.17,-2.8624382207578263,-26.69,0,0,0,0
2015-06-18,0.0,0.0147680112848627,0.0,0.0,-2.96,-8.6,1.05,-37.96,-7.51,-7.51,-7.49,20.51,20.51,47.17,-2.8624382207578263,-26.69,0,0,0,0
2015-06-22,0.0,0.014592572924826,0.0,0.0,-2.96,-8.6,1.05,-37.96,-7.51,-7.51,-7.49,20.51,20.51,47.17,-2.8624382207578263,-26.69,0,0,0,0
2015-06-23,0.0,0.0145418907319266,0.0,0.0,-2.96,-8.6,1.05,-37.96,-7.51,-7.51,-7.49,20.51,20.51,47.17,-2.8624382207578263,-26.69,0,0,0,0
2015-06-24,0.0,0.0141949126420763,0.0,0.0,-2.96,-8.6,1.05,-37.96,-7.51,-7.51,-7.49,20.51,20.51,47.17,-2.8624382207578263,-26.69,0,0,0,0
2015-06-25,0.0,0.0141676222305151,0.0,0.0,-2.96,-8.6,1.05,-37.96,-7.51,-7.51,-7.49,20.51,20.51,47.17,-2.8624382207578263,-26.69,0,0,0,0
2015-06-26,0.0,0.0143196688092135,0.0,0.0,-2.96,-8.6,1.05,-37.96,-7.51,-7.51,-7.49,20.51,20.51,47.17,-2.8624382207578263,-26.69,0,0,0,0
2015-06-29,0.0,0.0128966687778051,0.0,0.0,-2.96,-8.6,1.05,-37.96,-7.51,-7.51,-7.49,20.51,20.51,47.17,-2.8624382207578263,-26.69,0,0,0,0
2015-06-30,0.0,0.0128966687778051,0.0,0.0,-2.96,-8.6,1.05,-37.96,-7.51,-7.51,-7.49,20.51,20.51,47.17,-2.8624382207578263,-26.69,0,0,0,0
2015-07-01,0.0,0.0128459865849056,0.0,0.0,-2.96,-8.6,1.05,-37.96,-7.51,-7.51,-7.49,20.51,20.51,47.17,-2.8624382207578263,-26.69,0,0,0,0
2015-07-02,0.0,0.0125964742506313,0.0,0.0,-2.96,-8.6,1.05,-37.96,-7.51,-7.51,-7.49,20.51,20.51,47.17,-2.8624382207578263,-26.69,0,0,0,0
2015-07-03,0.0,0.0124093399999255,0.0,0.0,-2.96,-8.6,1.05,-37.96,-7.51,-7.51,-7.49,20.51,20.51,47.17,-2.8624382207578263,-26.69,0,0,0,0
2015-07-06,0.0,0.0112007646307842,0.0,0.0,-2.96,-8.6,1.05,-37.96,-7.51,-7.51,-7.49,20.51,20.51,47.17,-2.8624382207578263,-26.69,0,0,0,0
2015-07-07,0.0,0.0105652879044292,0.0,0.0,-9.3,-15.45,-1.8,-37.96,-7.51,-7.51,-7.49,20.51,20.51,47.17,-2.8624382207578263,-26.69,0,0,0,0
2015-07-08,0.0,0.0104015454350617,0.0,0.0,-9.3,-15.45,-1.8,-37.96,-7.51,-7.51,-7.49,20.51,20.51,47.17,-2.8624382207578263,-26.69,0,0,0,0
2015-07-09,0.0,0.0098518385736135,0.0,0.0,-9.3,-15.45,-1.8,-37.96,-7.51,-7.51,-7.49,20.51,20.51,47.17,-2.8624382207578263,-26.69,0,0,0,1
2015-07-13,0.0,0.0098908248758439,0.0,0.0,-9.3,-15.45,-1.8,-37.96,-7.51,-7.51,-7.49,20.51,20.51,47.17,-2.8624382207578263,-26.69,0,0,0,1
2015-07-14,0.0,0.0106900440715664,0.0,0.0,-9.3,-15.45,-1.8,-37.96,-7.51,-7.51,-7.49,20.51,20.51,47.17,-2.8624382207578263,-26.69,0,0,0,0
2015-07-15,0.0,0.0096413125415695,0.0,0.0,-9.3,-15.45,-1.8,-37.96,-7.51,-7.51,-7.49,20.51,20.51,47.17,-2.8624382207578263,-26.69,0,0,1,1
2015-07-16,0.0,0.0095243536348784,0.0,0.0,-9.3,-15.45,-1.8,-37.96,-7.51,-7.51,-7.49,20.51,20.51,47.17,-2.8624382207578263,-26.69,0,0,1,1
2015-07-17,0.0,0.0094307865095255,0.0,0.0,-9.3,-15.45,-1.8,-37.96,-7.51,-7.51,-7.49,20.51,20.51,47.17,-2.8624382207578263,-26.69,0,0,1,1
2015-07-20,0.0,0.0091851728054742,0.0,0.0,-9.3,-15.45,-1.8,-37.96,-7.51,-7.51,-7.49,20.51,20.51,47.17,-2.8624382207578263,-26.69,0,0,1,1
2015-07-21,0.0,0.0098791289851748,0.0,0.0,-9.3,-15.45,-1.8,-37.96,-7.51,-7.51,-7.49,20.51,20.51,47.17,-2.8624382207578263,-26.69,0,0,1,1
2015-07-22,0.0,0.0095750358277779,0.0,0.0,-9.3,-15.45,-1.8,-37.96,-7.51,-7.51,-7.49,20.51,20.51,47.17,-2.8624382207578263,-26.69,0,0,1,1
2015-07-23,0.0,0.0088966741689695,0.0,0.0,-9.3,-15.45,-1.8,-37.96,-7.51,-7.51,-7.49,20.51,20.51,47.17,-2.8624382207578263,-26.69,0,1,1,1
2015-07-24,0.0,0.0090643152685601,0.0,0.0,-9.3,-15.45,-1.8,-37.96,-7.51,-7.51,-7.49,20.51,20.51,47.17,-2.8624382207578263,-26.69,0,1,1,1
2015-07-27,0.0,0.0081598330568156,0.0,0.0,-9.3,-15.45,-1.8,-37.96,-7.51,-7.51,-7.49,20.51,20.51,47.17,-2.8624382207578263,-26.69,1,1,1,1
2015-07-28,0.0,0.0086861481369256,0.0,0.0,-9.3,-15.45,-1.8,-37.96,-7.51,-7.51,-7.49,20.51,20.51,47.17,-2.8624382207578263,-26.69,1,1,1,1
2015-07-29,0.0,0.0086744522462564,0.0,0.0,-9.3,-15.45,-1.8,-37.96,-7.51,-7.51,-7.49,20.51,20.51,47.17,-2.8624382207578263,-26.69,1,1,1,1
2015-07-30,0.0,0.0088303974551779,0.0,0.0,-9.3,-15.45,-1.8,-37.96,-7.51,-7.51,-7.49,20.51,20.51,47.17,-2.8624382207578263,-26.69,1,1,1,1
2015-07-31,0.0,0.0089746467734303,0.0,0.0,-9.3,-15.45,-1.8,-37.96,-7.51,-7.51,-7.49,20.51,20.51,47.17,-2.8624382207578263,-26.69,1,1,1,1
2015-08-03,0.0,0.009157882393913,0.0,0.0,-9.3,-15.45,-1.8,-37.96,-7.51,-7.51,-7.49,20.51,20.51,47.17,-2.8624382207578263,-26.69,1,1,1,1
2015-08-04,0.0,0.0083703590888596,0.0,0.0,-9.3,-15.45,-1.8,-37.96,-7.51,-7.51,-7.49,20.51,20.51,47.17,-2.8624382207578263,-26.69,1,1,1,1
2015-08-05,0.0,0.0087758166320554,0.0,0.0,-9.3,-15.45,-1.8,-37.96,-7.51,-7.51,-7.49,20.51,20.51,47.17,-2.8624382207578263,-26.69,1,1,1,1
2015-08-06,0.0,0.0086471618346952,0.0,0.0,-9.3,-15.45,-1.8,-37.96,-7.51,-7.51,-7.49,20.51,20.51,47.17,-2.8624382207578263,-26.69,1,1,1,1
2015-08-07,0.0,0.0087524248507172,0.0,0.0,2.43,-19.68,-4.6,-37.96,-7.51,-7.51,-7.49,20.51,20.51,47.17,-2.8624382207578263,-26.69,1,1,1,1
2015-08-10,0.0,0.0092748413006041,0.0,0.0,2.43,-19.68,-4.6,-37.96,-7.51,-7.51,-7.49,20.51,20.51,47.17,-2.8624382207578263,-26.69,1,1,1,1
2015-08-11,0.0,0.0091188960916826,0.0,0.0,2.43,-19.68,-4.6,-37.96,-7.51,-7.51,-7.49,20.51,20.51,47.17,-2.8624382207578263,-26.69,1,1,1,1
2015-08-12,0.0,0.0094970632233172,0.0,0.0,2.43,-19.68,-4.6,-37.96,-7.51,-7.51,-7.49,20.51,20.51,47.17,-2.8624382207578263,-26.69,1,1,1,1
2015-08-13,0.0,0.010440531737292,0.0,0.0,2.43,-19.68,-4.6,-37.96,-7.51,-7.51,-7.49,20.51,20.51,47.17,-2.8624382207578263,-26.69,0,1,1,1
2015-08-14,0.0,0.0381563927391244,0.0,0.0,2.43,-19.68,-4.6,-24.57,-25.95,-16.46,-18.03,-7.9,5.81,42.02,-10.917956328174684,-32.95,0,0,0,0
2015-08-17,0.0,0.0348252790872961,0.0,0.0,2.43,-19.68,-4.6,-24.57,-25.95,-16.46,-18.03,-7.9,5.81,42.02,-10.917956328174684,-32.95,1,1,1,1
2015-08-18,0.0,0.0359815334127241,0.0,0.0,2.43,-19.68,-4.6,-24.57,-25.95,-16.46,-18.03,-7.9,5.81,42.02,-10.917956328174684,-32.95,0,1,1,1
2015-08-19,0.0,0.0343710363165923,0.0,0.0,2.43,-19.68,-4.6,-24.57,-25.95,-16.46,-18.03,-7.9,5.81,42.02,-10.917956328174684,-32.95,1,1,1,1
2015-08-20,0.0,0.0358989438180507,0.0,0.0,2.43,-19.68,-4.6,-24.57,-25.95,-16.46,-18.03,-7.9,5.81,42.02,-10.917956328174684,-32.95,1,1,1,1
2015-08-21,0.0,0.0360778879398431,0.0,0.0,2.43,-19.68,-4.6,-24.57,-25.95,-16.46,-18.03,-7.9,5.81,42.02,-10.917956328174684,-32.95,1,1,1,1
2015-08-24,0.0,0.036917548819023,0.0,0.0,2.43,-19.68,-4.6,-24.57,-25.95,-16.46,-18.03,-7.9,5.81,42.02,-10.917956328174684,-32.95,1,1,1,0
2015-08-25,0.0,0.0368624890892407,0.0,0.0,2.43,-19.68,-4.6,-24.57,-25.95,-16.46,-18.03,-7.9,5.81,42.02,-10.917956328174684,-32.95,1,1,1,0
2015-08-26,0.0,0.0351969322633266,0.0,0.0,2.43,-19.68,-4.6,-24.57,-25.95,-16.46,-18.03,-7.9,5.81,42.02,-10.917956328174684,-32.95,1,1,1,1
2015-08-27,0.0,0.0348803388170784,0.0,0.0,2.43,-19.68,-4.6,-24.57,-25.95,-16.46,-18.03,-7.9,5.81,42.02,-10.917956328174684,-32.95,1,1,1,1
2015-08-28,0.0,0.0370001384136964,0.0,0.0,2.43,-19.68,-4.6,-24.57,-25.95,-16.46,-18.03,-7.9,5.81,42.02,-10.917956328174684,-32.95,1,1,1,0
2015-08-31,0.0,0.0371377877381522,0.0,0.0,2.43,-19.68,-4.6,-24.57,-25.95,-16.46,-18.03,-7.9,5.81,42.02,-10.917956328174684,-32.95,1,1,1,0
2015-09-01,0.0,0.0372754370626079,0.0,0.0,2.43,-19.68,-4.6,-24.57,-25.95,-16.46,-18.03,-7.9,5.81,42.02,-10.917956328174684,-32.95,1,1,1,0
2015-09-02,0.0,0.0387620497667296,0.0,0.0,2.43,-19.68,-4.6,-24.57,-25.95,-16.46,-18.03,-7.9,5.81,42.02,-10.917956328174684,-32.95,1,0,0,0
2015-09-03,0.0,0.0408956142957932,0.0,0.0,2.43,-19.68,-4.6,-24.57,-25.95,-16.46,-18.03,-7.9,5.81,42.02,-10.917956328174684,-32.95,0,0,0,0
2015-09-04,0.0,0.0387207549693929,0.0,0.0,2.43,-19.68,-4.6,-24.57,-25.95,-16.46,-18.03,-7.9,5.81,42.02,-10.917956328174684,-32.95,1,0,0,0
2015-09-07,0.0,0.0389960536183043,0.0,0.0,1.93,-19.31,-6.62,-24.57,-25.95,-16.46,-18.03,-7.9,5.81,42.02,-10.917956328174684,-32.95,1,0,0,0
2015-09-08,0.0,0.0397806547677019,0.0,0.0,1.93,-19.31,-6.62,-24.57,-25.95,-16.46,-18.03,-7.9,5.81,42.02,-10.917956328174684,-32.95,0,0,0,0
2015-09-09,0.0,0.0411158532149223,0.0,0.0,1.93,-19.31,-6.62,-24.57,-25.95,-16.46,-18.03,-7.9,5.81,42.02,-10.917956328174684,-32.95,0,0,0,0
2015-09-10,0.0,0.0407992597686742,0.0,0.0,1.93,-19.31,-6.62,-24.57,-25.95,-16.46,-18.03,-7.9,5.81,42.02,-10.917956328174684,-32.95,0,0,0,0
2015-09-11,0.0,0.0401523079437323,0.0,0.0,1.93,-19.31,-6.62,-24.57,-25.95,-16.46,-18.03,-7.9,5.81,42.02,-10.917956328174684,-32.95,0,0,0,0
2015-09-14,0.0,0.038940993888522,0.0,0.0,1.93,-19.31,-6.62,-24.57,-25.95,-16.46,-18.03,-7.9,5.81,42.02,-10.917956328174684,-32.95,0,0,0,0
2015-09-15,0.0,0.0397393599703652,0.0,0.0,1.93,-19.31,-6.62,-24.57,-25.95,-16.46,-18.03,-7.9,5.81,42.02,-10.917956328174684,-32.95,0,0,0,0
2015-09-16,0.0,0.0393677067943348,0.0,0.0,1.93,-19.31,-6.62,-24.57,-25.95,-16.46,-18.03,-7.9,5.81,42.02,-10.917956328174684,-32.95,0,0,0,0
2015-09-17,0.0,0.0395053561187905,0.0,0.0,1.93,-19.31,-6.62,-24.57,-25.95,-16.46,-18.03,-7.9,5.81,42.02,-10.917956328174684,-32.95,0,0,0,0
2015-09-18,0.0,0.0399183040921576,0.0,0.0,1.93,-19.31,-6.62,-24.57,-25.95,-16.46,-18.03,-7.9,5.81,42.02,-10.917956328174684,-32.95,0,0,0,0
2015-09-21,0.0,0.0390786432129778,0.0,0.0,1.93,-19.31,-6.62,-24.57,-25.95,-16.46,-18.03,-7.9,5.81,42.02,-10.917956328174684,-32.95,0,0,0,0
2015-09-22,0.0,0.0389960536183043,0.0,0.0,1.93,-19.31,-6.62,-24.57,-25.95,-16.46,-18.03,-7.9,5.81,42.02,-10.917956328174684,-32.95,0,0,0,0
2015-09-23,0.0,0.0364908359132103,0.0,0.0,1.93,-19.31,-6.62,-24.57,-25.95,-16.46,-18.03,-7.9,5.81,42.02,-10.917956328174684,-32.95,0,0,0,1
2015-09-24,0.0,0.0342333869921365,0.0,0.0,1.93,-19.31,-6.62,-24.57,-25.95,-16.46,-18.03,-7.9,5.81,42.02,-10.917956328174684,-32.95,1,1,1,1
2015-09-25,0.0,0.0348803388170784,0.0,0.0,1.93,-19.31,-6.62,-24.57,-25.95,-16.46,-18.03,-7.9,5.81,42.02,-10.917956328174684,-32.95,1,1,1,1
2015-09-30,0.0,0.0337653792889871,0.0,0.0,1.93,-19.31,-6.62,-24.57,-25.95,-16.46,-18.03,-7.9,5.81,42.02,-10.917956328174684,-32.95,1,1,1,1
2015-10-01,0.0,0.034412331113929,0.0,0.0,1.93,-19.31,-6.62,-24.57,-25.95,-16.46,-18.03,-7.9,5.81,42.02,-10.917956328174684,-32.95,1,1,1,1
2015-10-02,0.0,0.0342333869921365,0.0,0.0,1.93,-19.31,-6.62,-24.57,-25.95,-16.46,-18.03,-7.9,5.81,42.02,-10.917956328174684,-32.95,1,1,1,1
2015-10-05,0.0,0.035761294493595,0.0,0.0,1.93,-19.31,-6.62,-24.57,-25.95,-16.46,-18.03,-7.9,5.81,42.02,-10.917956328174684,-32.95,1,1,1,1
2015-10-06,0.0,0.034508685641048,0.0,0.0,1.93,-19.31,-6.62,-24.57,-25.95,-16.46,-18.03,-7.9,5.81,42.02,-10.917956328174684,-32.95,1,1,1,1
2015-10-07,0.0,0.0370001384136964,0.0,0.0,-10.67,-24.24,-8.66,-24.57,-25.95,-16.46,-18.03,-7.9,5.81,42.02,-10.917956328174684,-32.95,0,0,0,1
2015-10-08,0.0,0.0351969322633266,0.0,0.0,-10.67,-24.24,-8.66,-24.57,-25.95,-16.46,-18.03,-7.9,5.81,42.02,-10.917956328174684,-32.95,1,1,1,1
2015-10-12,0.0,0.0370001384136964,0.0,0.0,-10.67,-24.24,-8.66,-24.57,-25.95,-16.46,-18.03,-7.9,5.81,42.02,-10.917956328174684,-32.95,1,0,0,1
2015-10-13,0.0,0.0366835449674483,0.0,0.0,-10.67,-24.24,-8.66,-24.57,-25.95,-16.46,-18.03,-7.9,5.81,42.02,-10.917956328174684,-32.95,1,1,0,1
2015-10-14,0.0,0.0374681461168459,0.0,0.0,-10.67,-24.24,-8.66,-24.57,-25.95,-16.46,-18.03,-7.9,5.81,42.02,-10.917956328174684,-32.95,0,0,0,1
2015-10-15,0.0,0.0377021499684206,0.0,0.0,-10.67,-24.24,-8.66,-24.57,-25.95,-16.46,-18.03,-7.9,5.81,42.02,-10.917956328174684,-32.95,0,0,0,1
2015-10-16,0.0,0.0383903965906992,0.0,0.0,-10.67,-24.24,-8.66,-24.57,-25.95,-16.46,-18.03,-7.9,5.81,42.02,-10.917956328174684,-32.95,0,0,0,1
2015-10-19,0.0,0.0383903965906992,0.0,0.0,-10.67,-24.24,-8.66,-24.57,-25.95,-16.46,-18.03,-7.9,5.81,42.02,-10.917956328174684,-32.95,0,0,0,1
2015-10-20,0.0,0.0383903965906992,0.0,0.0,-10.67,-24.24,-8.66,-24.57,-25.95,-16.46,-18.03,-7.9,5.81,42.02,-10.917956328174684,-32.95,0,0,0,1
2015-10-21,0.0,0.0360365931425064,0.0,0.0,-10.67,-24.24,-8.66,-24.57,-25.95,-16.46,-18.03,-7.9,5.81,42.02,-10.917956328174684,-32.95,1,1,1,1
2015-10-22,0.0,0.0364495411158736,0.0,0.0,-10.67,-24.24,-8.66,-24.57,-25.95,-16.46,-18.03,-7.9,5.81,42.02,-10.917956328174684,-32.95,1,0,1,1
2015-10-23,0.0,0.0363531865887546,0.0,0.0,-10.67,-24.24,-8.66,-24.57,-25.95,-16.46,-18.03,-7.9,5.81,42.02,-10.917956328174684,-32.95,1,0,1,1
2015-10-26,0.0,0.0371928474679344,0.0,0.0,-10.67,-24.24,-8.66,-24.57,-25.95,-16.46,-18.03,-7.9,5.81,42.02,-10.917956328174684,-32.95,0,0,0,1
2015-10-27,0.0,0.0378397992928763,0.0,0.0,-10.67,-24.24,-8.66,-24.57,-25.95,-16.46,-18.03,-7.9,5.81,42.02,-10.917956328174684,-32.95,0,0,0,1
2015-10-28,0.0,0.0372341422652712,0.0,0.0,-10.67,-24.24,-8.66,-24.57,-25.95,-16.46,-18.03,-7.9,5.81,42.02,-10.917956328174684,-32.95,0,0,1,1
2015-10-29,0.0,0.0365871904403293,0.0,0.0,-10.67,-24.24,-8.66,-24.57,-25.95,-16.46,-18.03,-7.9,5.81,42.02,-10.917956328174684,-32.95,0,0,1,1
2015-10-30,0.0,0.0370551981434787,0.0,0.0,-10.67,-24.24,-8.66,-24.57,-25.95,-16.46,-18.03,-7.9,5.81,42.02,-10.917956328174684,-32.95,0,0,1,1
2015-11-02,0.0,0.0364908359132103,0.0,0.0,-10.67,-24.24,-8.66,-24.57,-25.95,-16.46,-18.03,-7.9,5.81,42.02,-10.917956328174684,-32.95,0,0,1,1
2015-11-03,0.0,0.0370001384136964,0.0,0.0,-10.67,-24.24,-8.66,-24.57,-25.95,-16.46,-18.03,-7.9,5.81,42.02,-10.917956328174684,-32.95,0,0,1,1
2015-11-04,0.0,0.0382527472662435,0.0,0.0,-10.67,-24.24,-8.66,-24.57,-25.95,-16.46,-18.03,-7.9,5.81,42.02,-10.917956328174684,-32.95,0,0,1,1
2015-11-05,0.0,0.037784739563094,0.0,0.0,-10.67,-24.24,-8.66,-24.57,-25.95,-16.46,-18.03,-7.9,5.81,42.02,-10.917956328174684,-32.95,0,0,1,1
2015-11-06,0.0,0.036724839764785,0.0,0.0,-10.67,-24.24,-8.66,-24.57,-25.95,-16.46,-18.03,-7.9,5.81,42.02,-10.917956328174684,-32.95,0,0,1,1
2015-11-09,0.0,0.0362155372642989,0.0,0.0,6.27,-17.83,-9.59,-24.57,-25.95,-16.46,-18.03,-7.9,5.81,42.02,-10.917956328174684,-32.95,0,0,1,1
2015-11-10,0.0,0.0360778879398431,0.0,0.0,6.27,-17.83,-9.59,-24.57,-25.95,-16.46,-18.03,-7.9,5.81,42.02,-10.917956328174684,-32.95,0,0,1,1
2015-11-11,0.0,0.0351969322633266,0.0,0.0,6.27,-17.83,-9.59,-24.57,-25.95,-16.46,-18.03,-7.9,5.81,42.02,-10.917956328174684,-32.95,0,1,1,1
2015-11-12,0.0,0.035472230912238,0.0,0.0,6.27,-17.83,-9.59,-24.57,-25.95,-16.46,-18.03,-7.9,5.81,42.02,-10.917956328174684,-32.95,0,1,1,1
2015-11-13,0.0,0.0346876297628404,0.0,0.0,6.27,-17.83,-9.59,-24.57,-25.95,-16.46,-18.03,-7.9,5.81,42.02,-10.917956328174684,-32.95,0,1,1,1
2015-11-16,0.0,-25.29122271640812,0.0,0.0,6.27,-17.83,-9.59,-0.44,-43.2,-26.79,-24.46,-45.85,-14.82,37.32,-11.185149928605432,10.86,1,1,1,1
2015-11-17,0.0,-25.39142565902464,0.0,0.0,6.27,-17.83,-9.59,-0.44,-43.2,-26.79,-24.46,-45.85,-14.82,37.32,-11.185149928605432,10.86,1,1,1,1
2015-11-18,0.0,-25.221080656576564,0.0,0.0,6.27,-17.83,-9.59,-0.44,-43.2,-26.79,-24.46,-45.85,-14.82,37.32,-11.185149928605432,10.86,1,1,1,1
2015-11-19,0.0,-25.551750367211064,0.0,0.0,6.27,-17.83,-9.59,-0.44,-43.2,-26.79,-24.46,-45.85,-14.82,37.32,-11.185149928605432,10.86,1,1,1,1
2015-11-20,0.0,-25.12087771396005,0.0,0.0,6.27,-17.83,-9.59,-0.44,-43.2,-26.79,-24.46,-45.85,-14.82,37.32,-11.185149928605432,10.86,1,1,1,1
2015-11-23,0.0,-24.50963976399932,0.0,0.0,6.27,-17.83,-9.59,-0.44,-43.2,-26.79,-24.46,-45.85,-14.82,37.32,-11.185149928605432,10.86,1,1,1,1
2015-11-24,0.0,-24.780187709063902,0.0,0.0,6.27,-17.83,-9.59,-0.44,-43.2,-26.79,-24.46,-45.85,-14.82,37.32,-11.185149928605432,10.86,1,1,1,1
2015-11-25,0.0,-24.57978182383088,0.0,0.0,6.27,-17.83,-9.59,-0.44,-43.2,-26.79,-24.46,-45.85,-14.82,37.32,-11.185149928605432,10.86,1,1,1,1
2015-11-26,0.0,-25.99264331472372,0.0,0.0,6.27,-17.83,-9.59,-0.44,-43.2,-26.79,-24.46,-45.85,-14.82,37.32,-11.185149928605432,10.86,1,1,1,1
2015-11-27,0.0,-26.39345508518978,0.0,0.0,6.27,-17.83,-9.59,-0.44,-43.2,-26.79,-24.46,-45.85,-14.82,37.32,-11.185149928605432,10.86,1,1,1,1
2015-11-30,0.0,-28.788305413724466,0.0,0.0,6.27,-17.83,-9.59,-0.44,-43.2,-26.79,-24.46,-45.85,-14.82,37.32,-11.185149928605432,10.86,0,1,1,0
2015-12-01,0.0,-28.08688481540887,0.0,0.0,6.27,-17.83,-9.59,-0.44,-43.2,-26.79,-24.46,-45.85,-14.82,37.32,-11.185149928605432,10.86,0,1,1,1
2015-12-02,0.0,-27.6059106908496,0.0,0.0,6.27,-17.83,-9.59,-0.44,-43.2,-26.79,-24.46,-45.85,-14.82,37.32,-11.185149928605432,10.86,0,1,1,1
2015-12-03,0.0,-28.61796041127639,0.0,0.0,6.27,-17.83,-9.59,-0.44,-43.2,-26.79,-24.46,-45.85,-14.82,37.32,-11.185149928605432,10.86,0,1,1,0
2015-12-04,0.0,-27.916539812960792,0.0,0.0,6.27,-17.83,-9.59,-0.44,-43.2,-26.79,-24.46,-45.85,-14.82,37.32,-11.185149928605432,10.86,1,1,1,1
2015-12-07,0.0,-27.40550480561657,0.0,0.0,-1.2,-17.59,-10.32,-0.44,-43.2,-26.79,-24.46,-45.85,-14.82,37.32,-11.185149928605432,10.86,1,1,1,1
2015-12-08,0.0,-26.26319125978831,0.0,0.0,-1.2,-17.59,-10.32,-0.44,-43.2,-26.79,-24.46,-45.85,-14.82,37.32,-11.185149928605432,10.86,1,1,1,1
2015-12-09,0.0,-26.03272449177033,0.0,0.0,-1.2,-17.59,-10.32,-0.44,-43.2,-26.79,-24.46,-45.85,-14.82,37.32,-11.185149928605432,10.86,1,1,1,1
2015-12-10,0.0,-25.89244037210721,0.0,0.0,-1.2,-17.59,-10.32,-0.44,-43.2,-26.79,-24.46,-45.85,-14.82,37.32,-11.185149928605432,10.86,1,1,1,1
2015-12-11,0.0,-25.591831544257666,0.0,0.0,-1.2,-17.59,-10.32,-0.44,-43.2,-26.79,-24.46,-45.85,-14.82,37.32,-11.185149928605432,10.86,1,1,1,1
2015-12-14,0.0,-26.03272449177033,0.0,0.0,-1.2,-17.59,-10.32,-0.44,-43.2,-26.79,-24.46,-45.85,-14.82,37.32,-11.185149928605432,10.86,1,1,1,1
2015-12-15,0.0,-28.61796041127639,0.0,0.0,-1.2,-17.59,-10.32,-0.44,-43.2,-26.79,-24.46,-45.85,-14.82,37.32,-11.185149928605432,10.86,1,1,1,0
2015-12-16,0.0,-29.49974630630172,0.0,0.0,-1.2,-17.59,-10.32,-0.44,-43.2,-26.79,-24.46,-45.85,-14.82,37.32,-11.185149928605432,10.86,1,1,0,0
2015-12-17,0.0,-32.42567223070392,0.0,0.0,-1.2,-17.59,-10.32,-0.44,-43.2,-26.79,-24.46,-45.85,-14.82,37.32,-11.185149928605432,10.86,1,0,0,0
2015-12-18,0.0,-35.62214610017071,0.0,0.0,-1.2,-17.59,-10.32,-0.44,-43.2,-26.79,-24.46,-45.85,-14.82,37.32,-11.185149928605432,10.86,0,0,0,0
2015-12-21,0.0,-38.718417027021,0.0,0.0,-1.2,-17.59,-10.32,-0.44,-43.2,-26.79,-24.46,-45.85,-14.82,37.32,-11.185149928605432,10.86,0,0,0,0
2015-12-22,0.0,-34.880644324808515,0.0,0.0,-1.2,-17.59,-10.32,-0.44,-43.2,-26.79,-24.46,-45.85,-14.82,37.32,-11.185149928605432,10.86,0,0,0,0
2015-12-23,0.0,-33.3375190085142,0.0,0.0,-1.2,-17.59,-10.32,-0.44,-43.2,-26.79,-24.46,-45.85,-14.82,37.32,-11.185149928605432,10.86,0,0,0,0
2015-12-24,0.0,-32.12506340285438,0.0,0.0,-1.2,-17.59,-10.32,-0.44,-43.2,-26.79,-24.46,-45.85,-14.82,37.32,-11.185149928605432,10.86,0,0,0,0
2015-12-25,0.0,-34.209284609277866,0.0,0.0,-1.2,-17.59,-10.32,-0.44,-43.2,-26.79,-24.46,-45.85,-14.82,37.32,-11.185149928605432,10.86,0,0,0,0
2015-12-28,0.0,-33.3976407740841,0.0,0.0,-1.2,-17.59,-10.32,-0.44,-43.2,-26.79,-24.46,-45.85,-14.82,37.32,-11.185149928605432,10.86,0,0,0,0
2015-12-29,0.0,-31.38356162749217,0.0,0.0,-1.2,-17.59,-10.32,-0.44,-43.2,-26.79,-24.46,-45.85,-14.82,37.32,-11.185149928605432,10.86,0,0,0,0
2015-12-30,0.0,-31.34348045044557,0.0,0.0,-1.2,-17.59,-10.32,-0.44,-43.2,-26.79,-24.46,-45.85,-14.82,37.32,-11.185149928605432,10.86,0,0,0,0
2015-12-31,0.0,-30.772323677531443,0.0,0.0,-1.2,-17.59,-10.32,-0.44,-43.2,-26.79,-24.46,-45.85,-14.82,37.32,-11.185149928605432,10.86,0,0,0,0
2016-01-04,0.0,-30.20116690461731,0.0,0.0,-1.2,-17.59,-10.32,-0.44,-43.2,-26.79,-24.46,-45.85,-14.82,37.32,-11.185149928605432,10.86,0,0,0,0
2016-01-05,0.0,-30.1009639620008,0.0,0.0,-1.2,-17.59,-10.32,-0.44,-43.2,-26.79,-24.46,-45.85,-14.82,37.32,-11.185149928605432,10.86,0,0,0,0
2016-01-06,0.0,-28.928589533387584,0.0,0.0,-1.2,-17.59,-10.32,-0.44,-43.2,-26.79,-24.46,-45.85,-14.82,37.32,-11.185149928605432,10.86,0,0,0,0
2016-01-07,0.0,-28.41755452604336,0.0,0.0,5.56,-14.42,-10.65,-0.44,-43.2,-26.79,-24.46,-45.85,-14.82,37.32,-11.185149928605432,10.86,0,0,0,0
2016-01-08,0.0,-28.88850835634097,0.0,0.0,5.56,-14.42,-10.65,-0.44,-43.2,-26.79,-24.46,-45.85,-14.82,37.32,-11.185149928605432,10.86,0,0,0,0
2016-01-11,0.0,-30.17110602183235,0.0,0.0,5.56,-14.42,-10.65,-0.44,-43.2,-26.79,-24.46,-45.85,-14.82,37.32,-11.185149928605432,10.86,0,0,0,0
2016-01-12,0.0,-28.31735158342685,0.0,0.0,5.56,-14.42,-10.65,-0.44,-43.2,-26.79,-24.46,-45.85,-14.82,37.32,-11.185149928605432,10.86,0,0,0,0
2016-01-13,0.0,-28.58789952849144,0.0,0.0,5.56,-14.42,-10.65,-0.44,-43.2,-26.79,-24.46,-45.85,-14.82,37.32,-11.185149928605432,10.86,0,0,0,0
2016-01-14,0.0,-28.95865041617253,0.0,0.0,5.56,-14.42,-10.65,-0.44,-43.2,-26.79,-24.46,-45.85,-14.82,37.32,-11.185149928605432,10.86,0,0,0,0
2016-01-15,0.0,-28.658041588322995,0.0,0.0,5.56,-14.42,-10.65,-0.44,-43.2,-26.79,-24.46,-45.85,-14.82,37.32,-11.185149928605432,10.86,0,0,0,0
2016-01-18,0.0,-28.928589533387584,0.0,0.0,5.56,-14.42,-10.65,-0.44,-43.2,-26.79,-24.46,-45.85,-14.82,37.32,-11.185149928605432,10.86,0,0,0,0
2016-01-19,0.0,-27.81633687034428,0.0,0.0,5.56,-14.42,-10.65,-0.44,-43.2,-26.79,-24.46,-45.85,-14.82,37.32,-11.185149928605432,10.86,0,0,0,0
2016-01-20,0.0,-25.92250125489216,0.0,0.0,5.56,-14.42,-10.65,-0.44,-43.2,-26.79,-24.46,-45.85,-14.82,37.32,-11.185149928605432,10.86,1,1,1,1
2016-01-21,0.0,-26.19304919995675,0.0,0.0,5.56,-14.42,-10.65,-0.44,-43.2,-26.79,-24.46,-45.85,-14.82,37.32,-11.185149928605432,10.86,1,1,1,1
2016-01-22,0.0,-27.134956860551977,0.0,0.0,5.56,-14.42,-10.65,-0.44,-43.2,-26.79,-24.46,-45.85,-14.82,37.32,-11.185149928605432,10.86,0,0,0,0
2016-01-25,0.0,-27.2752409802151,0.0,0.0,5.56,-14.42,-10.65,-0.44,-43.2,-26.79,-24.46,-45.85,-14.82,37.32,-11.185149928605432,10.86,0,0,0,0
2016-01-26,0.0,-27.07483509498208,0.0,0.0,5.56,-14.42,-10.65,-0.44,-43.2,-26.79,-24.46,-45.85,-14.82,37.32,-11.185149928605432,10.86,0,0,0,0
2016-01-27,0.0,-26.80428714991749,0.0,0.0,5.56,-14.42,-10.65,-0.44,-43.2,-26.79,-24.46,-45.85,-14.82,37.32,-11.185149928605432,10.86,0,0,1,0
2016-01-28,0.0,-26.09284625734024,0.0,0.0,5.56,-14.42,-10.65,-0.44,-43.2,-26.79,-24.46,-45.85,-14.82,37.32,-11.185149928605432,10.86,1,1,1,1
2016-01-29,0.0,-26.70408420730097,0.0,0.0,5.56,-14.42,-10.65,-0.44,-43.2,-26.79,-24.46,-45.85,-14.82,37.32,-11.185149928605432,10.86,0,1,1,0
2016-01-30,0.0,-27.50570774823308,0.0,0.0,5.56,-14.42,-10.65,-0.44,-43.2,-26.79,-24.46,-45.85,-14.82,37.32,-11.185149928605432,10.86,0,0,0,0
2016-02-01,0.0,-26.60388126468446,0.0,0.0,5.56,-14.42,-10.65,-0.44,-43.2,-26.79,-24.46,-45.85,-14.82,37.32,-11.185149928605432,10.86,0,1,1,0
2016-02-02,0.0,-26.23313037700336,0.0,0.0,5.56,-14.42,-10.65,-0.44,-43.2,-26.79,-24.46,-45.85,-14.82,37.32,-11.185149928605432,10.86,1,1,1,1
2016-02-03,0.0,-25.661973604089223,0.0,0.0,5.56,-14.42,-10.65,-0.44,-43.2,-26.79,-24.46,-45.85,-14.82,37.32,-11.185149928605432,10.86,1,1,1,1
2016-02-15,0.0,-0.1506042171969977,0.0,0.0,5.52,-5.68,-5.68,-60.19,-81.45,-44.29,-37.0,-63.91,-28.28,29.83,-20.069667738478035,-60.31,1,1,1,1
2016-02-16,0.0,-0.153552616124112,0.0,0.0,5.52,-5.68,-5.68,-60.19,-81.45,-44.29,-37.0,-63.91,-28.28,29.83,-20.069667738478035,-60.31,1,1,1,1
2016-02-17,0.0,-0.1549678476091268,0.0,0.0,5.52,-5.68,-5.68,-60.19,-81.45,-44.29,-37.0,-63.91,-28.28,29.83,-20.069667738478035,-60.31,1,1,1,1
2016-02-18,0.0,-0.1549678476091268,0.0,0.0,5.52,-5.68,-5.68,-60.19,-81.45,-44.29,-37.0,-63.91,-28.28,29.83,-20.069667738478035,-60.31,1,1,1,1
2016-02-19,0.0,-0.1579162465362411,0.0,0.0,5.52,-5.68,-5.68,-60.19,-81.45,-44.29,-37.0,-63.91,-28.28,29.83,-20.069667738478035,-60.31,1,1,0,0
2016-02-22,0.0,-0.1605108375921017,0.0,0.0,5.52,-5.68,-5.68,-60.19,-81.45,-44.29,-37.0,-63.91,-28.28,29.83,-20.069667738478035,-60.31,1,1,0,0
2016-02-23,0.0,-0.1595083819568828,0.0,0.0,5.52,-5.68,-5.68,-60.19,-81.45,-44.29,-37.0,-63.91,-28.28,29.83,-20.069667738478035,-60.31,1,1,0,0
2016-02-24,0.0,-0.1595083819568828,0.0,0.0,5.52,-5.68,-5.68,-60.19,-81.45,-44.29,-37.0,-63.91,-28.28,29.83,-20.069667738478035,-60.31,1,1,0,0
2016-02-25,0.0,-0.1600980617423057,0.0,0.0,5.52,-5.68,-5.68,-60.19,-81.45,-44.29,-37.0,-63.91,-28.28,29.83,-20.069667738478035,-60.31,1,1,0,0
2016-02-26,0.0,-0.1632823325835891,0.0,0.0,5.52,-5.68,-5.68,-60.19,-81.45,-44.29,-37.0,-63.91,-28.28,29.83,-20.069667738478035,-60.31,0,0,0,0
2016-03-01,0.0,-0.1618671010985743,0.0,0.0,5.52,-5.68,-5.68,-60.19,-81.45,-44.29,-37.0,-63.91,-28.28,29.83,-20.069667738478035,-60.31,1,0,0,0
2016-03-02,0.0,-0.1600980617423057,0.0,0.0,5.52,-5.68,-5.68,-60.19,-81.45,-44.29,-37.0,-63.91,-28.28,29.83,-20.069667738478035,-60.31,1,1,0,0
2016-03-03,0.0,-0.1596852858925097,0.0,0.0,5.52,-5.68,-5.68,-60.19,-81.45,-44.29,-37.0,-63.91,-28.28,29.83,-20.069667738478035,-60.31,1,1,0,0
2016-03-04,0.0,-0.164284788218808,0.0,0.0,5.52,-5.68,-5.68,-60.19,-81.45,-44.29,-37.0,-63.91,-28.28,29.83,-20.069667738478035,-60.31,0,0,0,0
2016-03-07,0.0,-0.16923809841636,0.0,0.0,-11.12,-15.78,-10.72,-60.19,-81.45,-44.29,-37.0,-63.91,-28.28,29.83,-20.069667738478035,-60.31,0,0,0,0
2016-03-08,0.0,-0.1640489163046389,0.0,0.0,-11.12,-15.78,-10.72,-60.19,-81.45,-44.29,-37.0,-63.91,-28.28,29.83,-20.069667738478035,-60.31,0,0,0,0
2016-03-09,0.0,-0.1618671010985743,0.0,0.0,-11.12,-15.78,-10.72,-60.19,-81.45,-44.29,-37.0,-63.91,-28.28,29.83,-20.069667738478035,-60.31,0,0,0,0
2016-03-10,0.0,-0.1606877415277285,0.0,0.0,-11.12,-15.78,-10.72,-60.19,-81.45,-44.29,-37.0,-63.91,-28.28,29.83,-20.069667738478035,-60.31,0,0,0,0
2016-03-11,0.0,-0.1622798769483703,0.0,0.0,-11.12,-15.78,-10.72,-60.19,-81.45,-44.29,-37.0,-63.91,-28.28,29.83,-20.069667738478035,-60.31,0,0,0,0
2016-03-14,0.0,-0.1664666034248726,0.0,0.0,-11.12,-15.78,-10.72,-60.19,-81.45,-44.29,-37.0,-63.91,-28.28,29.83,-20.069667738478035,-60.31,0,0,0,0
2016-03-15,0.0,-0.1618671010985743,0.0,0.0,-11.12,-15.78,-10.72,-60.19,-81.45,-44.29,-37.0,-63.91,-28.28,29.83,-20.069667738478035,-60.31,0,0,0,0
2016-03-16,0.0,-0.1644616921544348,0.0,0.0,-11.12,-15.78,-10.72,-60.19,-81.45,-44.29,-37.0,-63.91,-28.28,29.83,-20.069667738478035,-60.31,0,0,0,0
2016-03-17,0.0,-0.1615132932273206,0.0,0.0,-11.12,-15.78,-10.72,-60.19,-81.45,-44.29,-37.0,-63.91,-28.28,29.83,-20.069667738478035,-60.31,0,0,0,0
2016-03-18,0.0,-0.1606877415277285,0.0,0.0,-11.12,-15.78,-10.72,-60.19,-81.45,-44.29,-37.0,-63.91,-28.28,29.83,-20.069667738478035,-60.31,0,0,0,0
2016-03-21,0.0,-0.1587417982358331,0.0,0.0,-11.12,-15.78,-10.72,-60.19,-81.45,-44.29,-37.0,-63.91,-28.28,29.83,-20.069667738478035,-60.31,0,0,0,0
2016-03-22,0.0,-0.1579162465362411,0.0,0.0,-11.12,-15.78,-10.72,-60.19,-81.45,-44.29,-37.0,-63.91,-28.28,29.83,-20.069667738478035,-60.31,0,0,0,0
2016-03-23,0.0,-0.1581521184504103,0.0,0.0,-11.12,-15.78,-10.72,-60.19,-81.45,-44.29,-37.0,-63.91,-28.28,29.83,-20.069667738478035,-60.31,0,0,0,0
2016-03-24,0.0,-0.1583290223860371,0.0,0.0,-11.12,-15.78,-10.72,-60.19,-81.45,-44.29,-37.0,-63.91,-28.28,29.83,-20.069667738478035,-60.31,0,0,0,0
2016-03-25,0.0,-0.1587417982358331,0.0,0.0,-11.12,-15.78,-10.72,-60.19,-81.45,-44.29,-37.0,-63.91,-28.28,29.83,-20.069667738478035,-60.31,0,0,0,0
2016-03-28,0.0,-0.1577393426006143,0.0,0.0,-11.12,-15.78,-10.72,-60.19,-81.45,-44.29,-37.0,-63.91,-28.28,29.83,-20.069667738478035,-60.31,0,0,0,0
2016-03-29,0.0,-0.1581521184504103,0.0,0.0,-11.12,-15.78,-10.72,-60.19,-81.45,-44.29,-37.0,-63.91,-28.28,29.83,-20.069667738478035,-60.31,0,0,0,0
2016-03-30,0.0,-0.158505926321664,0.0,0.0,-11.12,-15.78,-10.72,-60.19,-81.45,-44.29,-37.0,-63.91,-28.28,29.83,-20.069667738478035,-60.31,0,0,0,0
2016-03-31,0.0,-0.1583290223860371,0.0,0.0,-11.12,-15.78,-10.72,-60.19,-81.45,-44.29,-37.0,-63.91,-28.28,29.83,-20.069667738478035,-60.31,0,0,0,0
2016-04-01,0.0,-0.1581521184504103,0.0,0.0,-11.12,-15.78,-10.72,-60.19,-81.45,-44.29,-37.0,-63.91,-28.28,29.83,-20.069667738478035,-60.31,0,0,0,0
2016-04-06,0.0,-0.1555575273945497,0.0,0.0,-11.12,-15.78,-10.72,-60.19,-81.45,-44.29,-37.0,-63.91,-28.28,29.83,-20.069667738478035,-60.31,0,0,0,0
2016-04-07,0.0,-0.153965391973908,0.0,0.0,-1.17,-19.08,-13.56,-60.19,-81.45,-44.29,-37.0,-63.91,-28.28,29.83,-20.069667738478035,-60.31,0,0,0,0
2016-04-08,0.0,-0.1529629363386891,0.0,0.0,-1.17,-19.08,-13.56,-60.19,-81.45,-44.29,-37.0,-63.91,-28.28,29.83,-20.069667738478035,-60.31,0,0,0,0
2016-04-11,0.0,-0.1529629363386891,0.0,0.0,-1.17,-19.08,-13.56,-60.19,-81.45,-44.29,-37.0,-63.91,-28.28,29.83,-20.069667738478035,-60.31,0,0,0,0
2016-04-12,0.0,-0.1501914413472017,0.0,0.0,-1.17,-19.08,-13.56,-60.19,-81.45,-44.29,-37.0,-63.91,-28.28,29.83,-20.069667738478035,-60.31,1,0,1,1
2016-04-13,0.0,-0.1491889857119828,0.0,0.0,-1.17,-19.08,-13.56,-60.19,-81.45,-44.29,-37.0,-63.91,-28.28,29.83,-20.069667738478035,-60.31,1,1,1,1
2016-04-14,0.0,-0.1529629363386891,0.0,0.0,-1.17,-19.08,-13.56,-60.19,-81.45,-44.29,-37.0,-63.91,-28.28,29.83,-20.069667738478035,-60.31,0,0,0,0
2016-04-15,0.0,-0.1541422959095348,0.0,0.0,-1.17,-19.08,-13.56,-60.19,-81.45,-44.29,-37.0,-63.91,-28.28,29.83,-20.069667738478035,-60.31,0,0,0,0
2016-04-18,0.0,-0.1549678476091268,0.0,0.0,-1.17,-19.08,-13.56,-60.19,-81.45,-44.29,-37.0,-63.91,-28.28,29.83,-20.069667738478035,-60.31,0,0,0,0
2016-04-19,0.0,-0.1565599830297686,0.0,0.0,-1.17,-19.08,-13.56,-60.19,-81.45,-44.29,-37.0,-63.91,-28.28,29.83,-20.069667738478035,-60.31,0,0,0,0
2016-04-20,0.0,-0.1523732565532663,0.0,0.0,-1.17,-19.08,-13.56,-60.19,-81.45,-44.29,-37.0,-63.91,-28.28,29.83,-20.069667738478035,-60.31,0,0,0,0
2016-04-21,0.0,-0.1501914413472017,0.0,0.0,-1.17,-19.08,-13.56,-60.19,-81.45,-44.29,-37.0,-63.91,-28.28,29.83,-20.069667738478035,-60.31,0,1,1,1
2016-04-22,0.0,-0.1474199463557143,0.0,0.0,-1.17,-19.08,-13.56,-60.19,-81.45,-44.29,-37.0,-63.91,-28.28,29.83,-20.069667738478035,-60.31,1,1,1,1
2016-04-25,0.0,-0.1510169930467937,0.0,0.0,-1.17,-19.08,-13.56,-60.19,-81.45,-44.29,-37.0,-63.91,-28.28,29.83,-20.069667738478035,-60.31,0,1,1,1
2016-04-26,0.0,-0.1491889857119828,0.0,0.0,-1.17,-19.08,-13.56,-60.19,-81.45,-44.29,-37.0,-63.91,-28.28,29.83,-20.069667738478035,-60.31,0,1,1,1
2016-04-27,0.0,-0.149012081776356,0.0,0.0,-1.17,-19.08,-13.56,-60.19,-81.45,-44.29,-37.0,-63.91,-28.28,29.83,-20.069667738478035,-60.31,0,1,1,1
2016-04-28,0.0,-0.1525501604888931,0.0,0.0,-1.17,-19.08,-13.56,-60.19,-81.45,-44.29,-37.0,-63.91,-28.28,29.83,-20.069667738478035,-60.31,0,0,0,1
2016-04-29,0.0,-0.149424857626152,0.0,0.0,-1.17,-19.08,-13.56,-60.19,-81.45,-44.29,-37.0,-63.91,-28.28,29.83,-20.069667738478035,-60.31,1,1,1,1
2016-05-03,0.0,-0.1482454980553063,0.0,0.0,-1.17,-19.08,-13.56,-60.19,-81.45,-44.29,-37.0,-63.91,-28.28,29.83,-20.069667738478035,-60.31,1,1,1,1
2016-05-04,0.0,-0.1475968502913411,0.0,0.0,-1.17,-19.08,-13.56,-60.19,-81.45,-44.29,-37.0,-63.91,-28.28,29.83,-20.069667738478035,-60.31,1,1,1,1
2016-05-05,0.0,-0.14859930592656,0.0,0.0,-1.17,-19.08,-13.56,-60.19,-81.45,-44.29,-37.0,-63.91,-28.28,29.83,-20.069667738478035,-60.31,1,1,1,1
2016-05-06,0.0,-0.1501914413472017,0.0,0.0,-1.17,-19.08,-13.56,-60.19,-81.45,-44.29,-37.0,-63.91,-28.28,29.83,-20.069667738478035,-60.31,1,1,1,1
2016-05-09,0.0,-0.1510169930467937,0.0,0.0,-9.86,-23.98,-16.11,-60.19,-81.45,-44.29,-37.0,-63.91,-28.28,29.83,-20.069667738478035,-60.31,1,1,1,1
2016-05-10,0.0,-0.1506042171969977,0.0,0.0,-9.86,-23.98,-16.11,-60.19,-81.45,-44.29,-37.0,-63.91,-28.28,29.83,-20.069667738478035,-60.31,1,1,1,1
2016-05-11,0.0,-0.1488351778407291,0.0,0.0,-9.86,-23.98,-16.11,-60.19,-81.45,-44.29,-37.0,-63.91,-28.28,29.83,-20.069667738478035,-60.31,1,1,1,1
2016-05-12,0.0,-0.1506042171969977,0.0,0.0,-9.86,-23.98,-16.11,-60.19,-81.45,-44.29,-37.0,-63.91,-28.28,29.83,-20.069667738478035,-60.31,1,1,1,1
2016-05-13,0.0,-0.1581521184504103,0.0,0.0,-9.86,-23.98,-16.11,-60.19,-81.45,-44.29,-37.0,-63.91,-28.28,29.83,-20.069667738478035,-60.31,0,0,0,0
2016-05-16,0.0,-0.2127950479153428,0.0,0.0,-9.86,-23.98,-16.11,-2.1,-70.73,-70.73,41.56,-44.78,-44.78,32.69,9.587663426081123,-11.69,0,0,0,0
2016-05-17,0.0,-0.2096284549404121,0.0,0.0,-9.86,-23.98,-16.11,-2.1,-70.73,-70.73,41.56,-44.78,-44.78,32.69,9.587663426081123,-11.69,0,0,0,0
2016-05-18,0.0,-0.2059077081948685,0.0,0.0,-9.86,-23.98,-16.11,-2.1,-70.73,-70.73,41.56,-44.78,-44.78,32.69,9.587663426081123,-11.69,1,0,0,1
2016-05-19,0.0,-0.2037702579367903,0.0,0.0,-9.86,-23.98,-16.11,-2.1,-70.73,-70.73,41.56,-44.78,-44.78,32.69,9.587663426081123,-11.69,1,1,1,1
2016-05-20,0.0,-0.2080451584529467,0.0,0.0,-9.86,-23.98,-16.11,-2.1,-70.73,-70.73,41.56,-44.78,-44.78,32.69,9.587663426081123,-11.69,1,0,0,0
2016-05-23,0.0,-0.2112117514278774,0.0,0.0,-9.86,-23.98,-16.11,-2.1,-70.73,-70.73,41.56,-44.78,-44.78,32.69,9.587663426081123,-11.69,0,0,0,0
2016-05-24,0.0,-0.2098659494135319,0.0,0.0,-9.86,-23.98,-16.11,-2.1,-70.73,-70.73,41.56,-44.78,-44.78,32.69,9.587663426081123,-11.69,0,0,0,0
2016-05-25,0.0,-0.2064618619654814,0.0,0.0,-9.86,-23.98,-16.11,-2.1,-70.73,-70.73,41.56,-44.78,-44.78,32.69,9.587663426081123,-11.69,1,0,0,1
2016-05-26,0.0,-0.206936850911721,0.0,0.0,-9.86,-23.98,-16.11,-2.1,-70.73,-70.73,41.56,-44.78,-44.78,32.69,9.587663426081123,-11.69,1,0,0,1
2016-05-27,0.0,-0.2117659051984903,0.0,0.0,-9.86,-23.98,-16.11,-2.1,-70.73,-70.73,41.56,-44.78,-44.78,32.69,9.587663426081123,-11.69,0,0,0,0
2016-05-30,0.0,-0.2162783001877665,0.0,0.0,-9.86,-23.98,-16.11,-2.1,-70.73,-70.73,41.56,-44.78,-44.78,32.69,9.587663426081123,-11.69,0,0,0,0
2016-05-31,0.0,-0.2112117514278774,0.0,0.0,-9.86,-23.98,-16.11,-2.1,-70.73,-70.73,41.56,-44.78,-44.78,32.69,9.587663426081123,-11.69,0,0,0,0
2016-06-01,0.0,-0.2104201031841447,0.0,0.0,-9.86,-23.98,-16.11,-2.1,-70.73,-70.73,41.56,-44.78,-44.78,32.69,9.587663426081123,-11.69,0,0,0,0
2016-06-02,0.0,-0.2123200589691032,0.0,0.0,-9.86,-23.98,-16.11,-2.1,-70.73,-70.73,41.56,-44.78,-44.78,32.69,9.587663426081123,-11.69,0,0,0,0
2016-06-03,0.0,-0.2077284991554536,0.0,0.0,-9.86,-23.98,-16.11,-2.1,-70.73,-70.73,41.56,-44.78,-44.78,32.69,9.587663426081123,-11.69,0,0,0,1
2016-06-04,0.0,-0.2082826529260665,0.0,0.0,-9.86,-23.98,-16.11,-2.1,-70.73,-70.73,41.56,-44.78,-44.78,32.69,9.587663426081123,-11.69,0,0,0,1
2016-06-06,0.0,-0.2064618619654814,0.0,0.0,-9.86,-23.98,-16.11,-2.1,-70.73,-70.73,41.56,-44.78,-44.78,32.69,9.587663426081123,-11.69,0,0,1,1
2016-06-07,0.0,-0.2104201031841447,0.0,0.0,-2.63,-23.72,-17.58,-2.1,-70.73,-70.73,41.56,-44.78,-44.78,32.69,9.587663426081123,-11.69,0,0,0,0
2016-06-08,0.0,-0.2098659494135319,0.0,0.0,-2.63,-23.72,-17.58,-2.1,-70.73,-70.73,41.56,-44.78,-44.78,32.69,9.587663426081123,-11.69,0,0,0,0
2016-06-13,0.0,-0.1910247212126942,0.0,0.0,-2.63,-23.72,-17.58,-2.1,-70.73,-70.73,41.56,-44.78,-44.78,32.69,9.587663426081123,-11.69,1,1,1,1
2016-06-14,0.0,-0.1910247212126942,0.0,0.0,-2.63,-23.72,-17.58,-2.1,-70.73,-70.73,41.56,-44.78,-44.78,32.69,9.587663426081123,-11.69,1,1,1,1
2016-06-15,0.0,-0.1928455121732794,0.0,0.0,-2.63,-23.72,-17.58,-2.1,-70.73,-70.73,41.56,-44.78,-44.78,32.69,9.587663426081123,-11.69,1,1,1,1
2016-06-16,0.0,-0.1914997101589338,0.0,0.0,-2.63,-23.72,-17.58,-2.1,-70.73,-70.73,41.56,-44.78,-44.78,32.69,9.587663426081123,-11.69,1,1,1,1
2016-06-17,0.0,-0.196882918216316,0.0,0.0,-2.63,-23.72,-17.58,-2.1,-70.73,-70.73,41.56,-44.78,-44.78,32.69,9.587663426081123,-11.69,1,1,1,1
2016-06-20,0.0,-0.2008411594349794,0.0,0.0,-2.63,-23.72,-17.58,-2.1,-70.73,-70.73,41.56,-44.78,-44.78,32.69,9.587663426081123,-11.69,1,1,1,1
2016-06-21,0.0,-0.2051160599511358,0.0,0.0,-2.63,-23.72,-17.58,-2.1,-70.73,-70.73,41.56,-44.78,-44.78,32.69,9.587663426081123,-11.69,0,1,1,1
2016-06-22,0.0,-0.2032161041661774,0.0,0.0,-2.63,-23.72,-17.58,-2.1,-70.73,-70.73,41.56,-44.78,-44.78,32.69,9.587663426081123,-11.69,1,1,1,1
2016-06-23,0.0,-0.2024244559224447,0.0,0.0,-2.63,-23.72,-17.58,-2.1,-70.73,-70.73,41.56,-44.78,-44.78,32.69,9.587663426081123,-11.69,1,1,1,1
2016-06-24,0.0,-0.2035327634636705,0.0,0.0,-2.63,-23.72,-17.58,-2.1,-70.73,-70.73,41.56,-44.78,-44.78,32.69,9.587663426081123,-11.69,1,1,1,1
2016-06-27,0.0,-0.2043244117074031,0.0,0.0,-2.63,-23.72,-17.58,-2.1,-70.73,-70.73,41.56,-44.78,-44.78,32.69,9.587663426081123,-11.69,1,1,1,1
2016-06-28,0.0,-0.2047994006536428,0.0,0.0,-2.63,-23.72,-17.58,-2.1,-70.73,-70.73,41.56,-44.78,-44.78,32.69,9.587663426081123,-11.69,1,1,1,1
2016-06-29,0.0,-0.2080451584529467,0.0,0.0,-2.63,-23.72,-17.58,-2.1,-70.73,-70.73,41.56,-44.78,-44.78,32.69,9.587663426081123,-11.69,0,1,1,1
2016-06-30,0.0,-0.2096284549404121,0.0,0.0,-2.63,-23.72,-17.58,-2.1,-70.73,-70.73,41.56,-44.78,-44.78,32.69,9.587663426081123,-11.69,0,1,1,1
2016-07-01,0.0,-0.2061452026679883,0.0,0.0,-2.63,-23.72,-17.58,-2.1,-70.73,-70.73,41.56,-44.78,-44.78,32.69,9.587663426081123,-11.69,1,1,1,1
2016-07-04,0.0,-0.207253510209214,0.0,0.0,-2.63,-23.72,-17.58,-2.1,-70.73,-70.73,41.56,-44.78,-44.78,32.69,9.587663426081123,-11.69,1,1,1,1
2016-07-05,0.0,-0.207253510209214,0.0,0.0,-2.63,-23.72,-17.58,-2.1,-70.73,-70.73,41.56,-44.78,-44.78,32.69,9.587663426081123,-11.69,1,1,1,1
2016-07-06,0.0,-0.2037702579367903,0.0,0.0,-2.63,-23.72,-17.58,-2.1,-70.73,-70.73,41.56,-44.78,-44.78,32.69,9.587663426081123,-11.69,1,1,1,1
2016-07-07,0.0,-0.2037702579367903,0.0,0.0,5.68,-11.13,-16.62,-2.1,-70.73,-70.73,41.56,-44.78,-44.78,32.69,9.587663426081123,-11.69,1,1,1,1
2016-07-11,0.0,-0.206936850911721,0.0,0.0,5.68,-11.13,-16.62,-2.1,-70.73,-70.73,41.56,-44.78,-44.78,32.69,9.587663426081123,-11.69,1,1,1,1
2016-07-12,0.0,-0.2077284991554536,0.0,0.0,5.68,-11.13,-16.62,-2.1,-70.73,-70.73,41.56,-44.78,-44.78,32.69,9.587663426081123,-11.69,1,1,1,1
2016-07-13,0.0,-0.2117659051984903,0.0,0.0,5.68,-11.13,-16.62,-2.1,-70.73,-70.73,41.56,-44.78,-44.78,32.69,9.587663426081123,-11.69,1,1,1,1
2016-07-14,0.0,-0.2127950479153428,0.0,0.0,5.68,-11.13,-16.62,-2.1,-70.73,-70.73,41.56,-44.78,-44.78,32.69,9.587663426081123,-11.69,1,1,1,1
2016-07-15,0.0,-0.2141408499296883,0.0,0.0,5.68,-11.13,-16.62,-2.1,-70.73,-70.73,41.56,-44.78,-44.78,32.69,9.587663426081123,-11.69,1,0,0,1
2016-07-18,0.0,-0.2123200589691032,0.0,0.0,5.68,-11.13,-16.62,-2.1,-70.73,-70.73,41.56,-44.78,-44.78,32.69,9.587663426081123,-11.69,1,1,1,1
2016-07-19,0.0,-0.2135866961590754,0.0,0.0,5.68,-11.13,-16.62,-2.1,-70.73,-70.73,41.56,-44.78,-44.78,32.69,9.587663426081123,-11.69,1,1,0,1
2016-07-20,0.0,-0.2123200589691032,0.0,0.0,5.68,-11.13,-16.62,-2.1,-70.73,-70.73,41.56,-44.78,-44.78,32.69,9.587663426081123,-11.69,1,1,1,1
2016-07-21,0.0,-0.2219781675426418,0.0,0.0,5.68,-11.13,-16.62,-2.1,-70.73,-70.73,41.56,-44.78,-44.78,32.69,9.587663426081123,-11.69,0,0,0,0
2016-07-22,0.0,-0.2205532007039229,0.0,0.0,5.68,-11.13,-16.62,-2.1,-70.73,-70.73,41.56,-44.78,-44.78,32.69,9.587663426081123,-11.69,0,0,0,0
2016-07-25,0.0,-0.220869860001416,0.0,0.0,5.68,-11.13,-16.62,-2.1,-70.73,-70.73,41.56,-44.78,-44.78,32.69,9.587663426081123,-11.69,0,0,0,0
2016-07-26,0.0,-0.2265697273562913,0.0,0.0,5.68,-11.13,-16.62,-2.1,-70.73,-70.73,41.56,-44.78,-44.78,32.69,9.587663426081123,-11.69,0,0,0,0
2016-07-27,0.0,-0.2231656399082408,0.0,0.0,5.68,-11.13,-16.62,-2.1,-70.73,-70.73,41.56,-44.78,-44.78,32.69,9.587663426081123,-11.69,0,0,0,0
2016-07-28,0.0,-0.2151699926465408,0.0,0.0,5.68,-11.13,-16.62,-2.1,-70.73,-70.73,41.56,-44.78,-44.78,32.69,9.587663426081123,-11.69,0,0,0,1
2016-07-29,0.0,-0.2157241464171537,0.0,0.0,5.68,-11.13,-16.62,-2.1,-70.73,-70.73,41.56,-44.78,-44.78,32.69,9.587663426081123,-11.69,0,0,0,1
2016-08-01,0.0,-0.2168324539583794,0.0,0.0,5.68,-11.13,-16.62,-2.1,-70.73,-70.73,41.56,-44.78,-44.78,32.69,9.587663426081123,-11.69,0,0,0,1
2016-08-02,0.0,-0.2139825202809418,0.0,0.0,5.68,-11.13,-16.62,-2.1,-70.73,-70.73,41.56,-44.78,-44.78,32.69,9.587663426081123,-11.69,0,0,1,1
2016-08-03,0.0,-0.2111325866035042,0.0,0.0,5.68,-11.13,-16.62,-2.1,-70.73,-70.73,41.56,-44.78,-44.78,32.69,9.587663426081123,-11.69,0,0,1,1
2016-08-04,0.0,-0.211686740374117,0.0,0.0,5.68,-11.13,-16.62,-2.1,-70.73,-70.73,41.56,-44.78,-44.78,32.69,9.587663426081123,-11.69,0,0,1,1
2016-08-05,0.0,-0.2151699926465408,0.0,0.0,5.68,-11.13,-16.62,-2.1,-70.73,-70.73,41.56,-44.78,-44.78,32.69,9.587663426081123,-11.69,0,0,1,1
2016-08-08,0.0,-0.2108159273060111,0.0,0.0,6.23,-7.83,-15.46,-2.1,-70.73,-70.73,41.56,-44.78,-44.78,32.69,9.587663426081123,-11.69,0,0,1,1
2016-08-09,0.0,-0.2082826529260665,0.0,0.0,6.23,-7.83,-15.46,-2.1,-70.73,-70.73,41.56,-44.78,-44.78,32.69,9.587663426081123,-11.69,1,1,1,1
2016-08-10,0.0,-0.212557553442223,0.0,0.0,6.23,-7.83,-15.46,-2.1,-70.73,-70.73,41.56,-44.78,-44.78,32.69,9.587663426081123,-11.69,0,0,1,1
2016-08-11,0.0,-0.2093909604672923,0.0,0.0,6.23,-7.83,-15.46,-2.1,-70.73,-70.73,41.56,-44.78,-44.78,32.69,9.587663426081123,-11.69,0,1,1,1
2016-08-12,0.0,-0.2093909604672923,0.0,0.0,6.23,-7.83,-15.46,-2.1,-70.73,-70.73,41.56,-44.78,-44.78,32.69,9.587663426081123,-11.69,1,1,1,1
2016-08-15,0.0,-0.3495301479026393,0.0,0.0,6.23,-7.83,-15.46,-43.0,-77.88,-73.81,-37.3,-57.76,-50.63,28.4,-13.123279290302843,-79.41,0,1,1,1
2016-08-16,0.0,-0.3509621149890188,0.0,0.0,6.23,-7.83,-15.46,-43.0,-77.88,-73.81,-37.3,-57.76,-50.63,28.4,-13.123279290302843,-79.41,0,0,1,1
2016-08-17,0.0,-0.3457549619476387,0.0,0.0,6.23,-7.83,-15.46,-43.0,-77.88,-73.81,-37.3,-57.76,-50.63,28.4,-13.123279290302843,-79.41,1,1,1,1
2016-08-18,0.0,-0.3453644254695353,0.0,0.0,6.23,-7.83,-15.46,-43.0,-77.88,-73.81,-37.3,-57.76,-50.63,28.4,-13.123279290302843,-79.41,1,1,1,1
2016-08-19,0.0,-0.3453644254695353,0.0,0.0,6.23,-7.83,-15.46,-43.0,-77.88,-73.81,-37.3,-57.76,-50.63,28.4,-13.123279290302843,-79.41,1,1,1,1
2016-08-22,0.0,-0.3457549619476387,0.0,0.0,6.23,-7.83,-15.46,-43.0,-77.88,-73.81,-37.3,-57.76,-50.63,28.4,-13.123279290302843,-79.41,1,1,1,1
2016-08-23,0.0,-0.3466662137298802,0.0,0.0,6.23,-7.83,-15.46,-43.0,-77.88,-73.81,-37.3,-57.76,-50.63,28.4,-13.123279290302843,-79.41,1,1,1,1
2016-08-24,0.0,-0.3439324583831557,0.0,0.0,6.23,-7.83,-15.46,-43.0,-77.88,-73.81,-37.3,-57.76,-50.63,28.4,-13.123279290302843,-79.41,1,1,1,1
2016-08-25,0.0,-0.3453644254695353,0.0,0.0,6.23,-7.83,-15.46,-43.0,-77.88,-73.81,-37.3,-57.76,-50.63,28.4,-13.123279290302843,-79.41,1,1,1,1
2016-08-26,0.0,-0.3538260491617779,0.0,0.0,6.23,-7.83,-15.46,-43.0,-77.88,-73.81,-37.3,-57.76,-50.63,28.4,-13.123279290302843,-79.41,1,1,1,1
2016-08-29,0.0,-0.3542165856398814,0.0,0.0,6.23,-7.83,-15.46,-43.0,-77.88,-73.81,-37.3,-57.76,-50.63,28.4,-13.123279290302843,-79.41,1,1,1,1
2016-08-30,0.0,-0.3565598045085024,0.0,0.0,6.23,-7.83,-15.46,-43.0,-77.88,-73.81,-37.3,-57.76,-50.63,28.4,-13.123279290302843,-79.41,0,1,1,1
2016-08-31,0.0,-0.3527846185535019,0.0,0.0,6.23,-7.83,-15.46,-43.0,-77.88,-73.81,-37.3,-57.76,-50.63,28.4,-13.123279290302843,-79.41,1,1,1,1
2016-09-01,0.0,-0.3480981808162597,0.0,0.0,6.23,-7.83,-15.46,-43.0,-77.88,-73.81,-37.3,-57.76,-50.63,28.4,-13.123279290302843,-79.41,1,1,1,1
2016-09-02,0.0,-0.3504413996848808,0.0,0.0,6.23,-7.83,-15.46,-43.0,-77.88,-73.81,-37.3,-57.76,-50.63,28.4,-13.123279290302843,-79.41,1,1,1,1
2016-09-05,0.0,-0.3552580162481574,0.0,0.0,6.23,-7.83,-15.46,-43.0,-77.88,-73.81,-37.3,-57.76,-50.63,28.4,-13.123279290302843,-79.41,1,1,1,1
2016-09-06,0.0,-0.3570805198126404,0.0,0.0,6.23,-7.83,-15.46,-43.0,-77.88,-73.81,-37.3,-57.76,-50.63,28.4,-13.123279290302843,-79.41,1,1,1,1
2016-09-07,0.0,-0.360334990463503,0.0,0.0,6.27,-3.91,-14.09,-43.0,-77.88,-73.81,-37.3,-57.76,-50.63,28.4,-13.123279290302843,-79.41,1,1,1,1
2016-09-08,0.0,-0.3660628588090212,0.0,0.0,6.27,-3.91,-14.09,-43.0,-77.88,-73.81,-37.3,-57.76,-50.63,28.4,-13.123279290302843,-79.41,0,1,1,1
2016-09-09,0.0,-0.365021428200745,0.0,0.0,6.27,-3.91,-14.09,-43.0,-77.88,-73.81,-37.3,-57.76,-50.63,28.4,-13.123279290302843,-79.41,1,1,1,1
2016-09-10,0.0,-0.3561692680303989,0.0,0.0,6.27,-3.91,-14.09,-43.0,-77.88,-73.81,-37.3,-57.76,-50.63,28.4,-13.123279290302843,-79.41,1,1,1,1
2016-09-12,0.0,-0.365021428200745,0.0,0.0,6.27,-3.91,-14.09,-43.0,-77.88,-73.81,-37.3,-57.76,-50.63,28.4,-13.123279290302843,-79.41,1,1,1,1
2016-09-13,0.0,-0.3612462422457445,0.0,0.0,6.27,-3.91,-14.09,-43.0,-77.88,-73.81,-37.3,-57.76,-50.63,28.4,-13.123279290302843,-79.41,1,1,1,1
2016-09-14,0.0,-0.365542143504883,0.0,0.0,6.27,-3.91,-14.09,-43.0,-77.88,-73.81,-37.3,-57.76,-50.63,28.4,-13.123279290302843,-79.41,1,1,1,1
2016-09-19,0.0,-0.3721812636326427,0.0,0.0,6.27,-3.91,-14.09,-43.0,-77.88,-73.81,-37.3,-57.76,-50.63,28.4,-13.123279290302843,-79.41,0,1,1,1
2016-09-20,0.0,-0.3711398330243667,0.0,0.0,6.27,-3.91,-14.09,-43.0,-77.88,-73.81,-37.3,-57.76,-50.63,28.4,-13.123279290302843,-79.41,1,1,1,1
2016-09-21,0.0,-0.3687966141557456,0.0,0.0,6.27,-3.91,-14.09,-43.0,-77.88,-73.81,-37.3,-57.76,-50.63,28.4,-13.123279290302843,-79.41,1,1,1,1
2016-09-22,0.0,-0.3716605483285047,0.0,0.0,6.27,-3.91,-14.09,-43.0,-77.88,-73.81,-37.3,-57.76,-50.63,28.4,-13.123279290302843,-79.41,1,1,1,1
2016-09-23,0.0,-0.3745244825012638,0.0,0.0,6.27,-3.91,-14.09,-43.0,-77.88,-73.81,-37.3,-57.76,-50.63,28.4,-13.123279290302843,-79.41,0,1,0,1
2016-09-26,0.0,-0.3801221720207474,0.0,0.0,6.27,-3.91,-14.09,-43.0,-77.88,-73.81,-37.3,-57.76,-50.63,28.4,-13.123279290302843,-79.41,0,0,0,1
2016-09-29,0.0,-0.3810334238029889,0.0,0.0,6.27,-3.91,-14.09,-43.0,-77.88,-73.81,-37.3,-57.76,-50.63,28.4,-13.123279290302843,-79.41,0,0,0,1
2016-09-30,0.0,-0.3693173294598837,0.0,0.0,6.27,-3.91,-14.09,-43.0,-77.88,-73.81,-37.3,-57.76,-50.63,28.4,-13.123279290302843,-79.41,1,1,1,1
2016-10-03,0.0,-0.3711398330243667,0.0,0.0,6.27,-3.91,-14.09,-43.0,-77.88,-73.81,-37.3,-57.76,-50.63,28.4,-13.123279290302843,-79.41,1,1,1,1
2016-10-04,0.0,-0.3763469860657468,0.0,0.0,6.27,-3.91,-14.09,-43.0,-77.88,-73.81,-37.3,-57.76,-50.63,28.4,-13.123279290302843,-79.41,0,1,1,1
2016-10-05,0.0,-0.3792109202385059,0.0,0.0,6.27,-3.91,-14.09,-43.0,-77.88,-73.81,-37.3,-57.76,-50.63,28.4,-13.123279290302843,-79.41,0,0,1,1
2016-10-06,0.0,-0.3763469860657468,0.0,0.0,6.27,-3.91,-14.09,-43.0,-77.88,-73.81,-37.3,-57.76,-50.63,28.4,-13.123279290302843,-79.41,0,1,1,1
2016-10-07,0.0,-0.3759564495876433,0.0,0.0,1.18,8.83,-11.89,-43.0,-77.88,-73.81,-37.3,-57.76,-50.63,28.4,-13.123279290302843,-79.41,0,1,1,1
2016-10-11,0.0,-0.3777789531521263,0.0,0.0,1.18,8.83,-11.89,-43.0,-77.88,-73.81,-37.3,-57.76,-50.63,28.4,-13.123279290302843,-79.41,0,0,1,1
2016-10-12,0.0,-0.3786902049343679,0.0,0.0,1.18,8.83,-11.89,-43.0,-77.88,-73.81,-37.3,-57.76,-50.63,28.4,-13.123279290302843,-79.41,0,0,1,1
2016-10-13,0.0,-0.3777789531521263,0.0,0.0,1.18,8.83,-11.89,-43.0,-77.88,-73.81,-37.3,-57.76,-50.63,28.4,-13.123279290302843,-79.41,0,0,1,1
2016-10-14,0.0,-0.3698380447640217,0.0,0.0,1.18,8.83,-11.89,-43.0,-77.88,-73.81,-37.3,-57.76,-50.63,28.4,-13.123279290302843,-79.41,1,1,1,1
2016-10-17,0.0,-0.3707492965462632,0.0,0.0,1.18,8.83,-11.89,-43.0,-77.88,-73.81,-37.3,-57.76,-50.63,28.4,-13.123279290302843,-79.41,1,1,1,1
2016-10-18,0.0,-0.3711398330243667,0.0,0.0,1.18,8.83,-11.89,-43.0,-77.88,-73.81,-37.3,-57.76,-50.63,28.4,-13.123279290302843,-79.41,1,1,1,1
2016-10-19,0.0,-0.3763469860657468,0.0,0.0,1.18,8.83,-11.89,-43.0,-77.88,-73.81,-37.3,-57.76,-50.63,28.4,-13.123279290302843,-79.41,1,0,1,1
2016-10-20,0.0,-0.3806428873248854,0.0,0.0,1.18,8.83,-11.89,-43.0,-77.88,-73.81,-37.3,-57.76,-50.63,28.4,-13.123279290302843,-79.41,0,0,1,1
2016-10-21,0.0,-0.3796014567166094,0.0,0.0,1.18,8.83,-11.89,-43.0,-77.88,-73.81,-37.3,-57.76,-50.63,28.4,-13.123279290302843,-79.41,0,0,1,1
2016-10-24,0.0,-0.3853293250621275,0.0,0.0,1.18,8.83,-11.89,-43.0,-77.88,-73.81,-37.3,-57.76,-50.63,28.4,-13.123279290302843,-79.41,0,0,1,1
2016-10-25,0.0,-0.3815541391071269,0.0,0.0,1.18,8.83,-11.89,-43.0,-77.88,-73.81,-37.3,-57.76,-50.63,28.4,-13.123279290302843,-79.41,0,0,1,1
2016-10-26,0.0,-0.388063080408852,0.0,6.79,1.18,8.83,-11.89,-43.0,-77.88,-73.81,-37.3,-57.76,-50.63,28.4,-13.123279290302843,-79.41,0,0,1,1
2016-10-27,0.0,-0.3848086097579895,0.0,6.85,1.18,8.83,-11.89,-43.0,-77.88,-73.81,-37.3,-57.76,-50.63,28.4,-13.123279290302843,-79.41,0,0,1,1
2016-10-28,0.0,-0.3820748544112649,0.0,6.9,1.18,8.83,-11.89,-43.0,-77.88,-73.81,-37.3,-57.76,-50.63,28.4,-13.123279290302843,-79.41,0,0,1,1
2016-10-31,0.0,-0.3853293250621275,0.0,6.84,1.18,8.83,-11.89,-43.0,-77.88,-73.81,-37.3,-57.76,-50.63,28.4,-13.123279290302843,-79.41,0,0,1,1
2016-11-01,0.0,-0.3829861061935065,0.0,6.88,1.18,8.83,-11.89,-43.0,-77.88,-73.81,-37.3,-57.76,-50.63,28.4,-13.123279290302843,-79.41,0,0,1,1
2016-11-02,0.0,-0.3745244825012638,0.0,7.04,1.18,8.83,-11.89,-43.0,-77.88,-73.81,-37.3,-57.76,-50.63,28.4,-13.123279290302843,-79.41,0,1,1,1
2016-11-03,0.0,-0.3763469860657468,0.0,7.0,1.18,8.83,-11.89,-43.0,-77.88,-73.81,-37.3,-57.76,-50.63,28.4,-13.123279290302843,-79.41,0,1,1,1
2016-11-04,0.0,-0.3759564495876433,0.0,7.01,1.18,8.83,-11.89,-43.0,-77.88,-73.81,-37.3,-57.76,-50.63,28.4,-13.123279290302843,-79.41,0,1,1,1
2016-11-07,0.0,-0.3763469860657468,0.0,7.0,9.3,11.93,-9.69,-43.0,-77.88,-73.81,-37.3,-57.76,-50.63,28.4,-13.123279290302843,-79.41,0,1,1,1
2016-11-08,0.0,-0.3777789531521263,0.0,6.97,9.3,11.93,-9.69,-43.0,-77.88,-73.81,-37.3,-57.76,-50.63,28.4,-13.123279290302843,-79.41,0,1,1,1
2016-11-09,0.0,-0.3612462422457445,0.0,7.29,9.3,11.93,-9.69,-43.0,-77.88,-73.81,-37.3,-57.76,-50.63,28.4,-13.123279290302843,-79.41,1,1,1,1
2016-11-10,0.0,-0.3782996684562644,0.0,6.97,9.3,11.93,-9.69,-43.0,-77.88,-73.81,-37.3,-57.76,-50.63,28.4,-13.123279290302843,-79.41,0,1,1,1
2016-11-11,0.0,-0.3693173294598837,0.0,7.13,9.3,11.93,-9.69,-43.0,-77.88,-73.81,-37.3,-57.76,-50.63,28.4,-13.123279290302843,-79.41,1,1,1,1
2016-11-14,0.0,-0.8048224711877867,0.0,7.14,9.3,11.93,-9.69,33.42,-70.36,-72.77,2.94,-42.44,-48.55,31.08,9.43661971830986,264.29,1,1,1,1
2016-11-15,0.0,-0.7957316420038796,0.0,7.23,9.3,11.93,-9.69,33.42,-70.36,-72.77,2.94,-42.44,-48.55,31.08,9.43661971830986,264.29,1,1,1,1
2016-11-16,0.0,-0.7988566145358477,0.0,7.2,9.3,11.93,-9.69,33.42,-70.36,-72.77,2.94,-42.44,-48.55,31.08,9.43661971830986,264.29,1,1,1,1
2016-11-17,0.0,-0.8008452334198274,0.0,7.18,9.3,11.93,-9.69,33.42,-70.36,-72.77,2.94,-42.44,-48.55,31.08,9.43661971830986,264.29,1,1,1,1
2016-11-18,0.0,-0.8181746265516505,0.0,7.03,9.3,11.93,-9.69,33.42,-70.36,-72.77,2.94,-42.44,-48.55,31.08,9.43661971830986,264.29,1,1,1,1
2016-11-21,0.0,-0.8232882179675984,0.0,6.98,9.3,11.93,-9.69,33.42,-70.36,-72.77,2.94,-42.44,-48.55,31.08,9.43661971830986,264.29,1,1,1,1
2016-11-22,0.0,-0.830674516679523,0.0,6.92,9.3,11.93,-9.69,33.42,-70.36,-72.77,2.94,-42.44,-48.55,31.08,9.43661971830986,264.29,1,1,1,1
2016-11-23,0.0,-0.8531175012272939,0.0,6.74,9.3,11.93,-9.69,33.42,-70.36,-72.77,2.94,-42.44,-48.55,31.08,9.43661971830986,264.29,1,1,1,1
2016-11-24,0.0,-0.9241396042265692,0.0,6.22,9.3,11.93,-9.69,33.42,-70.36,-72.77,2.94,-42.44,-48.55,31.08,9.43661971830986,264.29,0,1,1,1
2016-11-25,0.0,-0.8900489947869169,0.0,6.46,9.3,11.93,-9.69,33.42,-70.36,-72.77,2.94,-42.44,-48.55,31.08,9.43661971830986,264.29,1,1,1,1
2016-11-28,0.0,-0.9136283329826762,0.0,6.29,9.3,11.93,-9.69,33.42,-70.36,-72.77,2.94,-42.44,-48.55,31.08,9.43661971830986,264.29,1,1,1,1
2016-11-29,0.0,-0.9136283329826762,0.0,6.29,9.3,11.93,-9.69,33.42,-70.36,-72.77,2.94,-42.44,-48.55,31.08,9.43661971830986,264.29,1,1,1,1
2016-11-30,0.0,-0.9136283329826762,0.0,6.29,9.3,11.93,-9.69,33.42,-70.36,-72.77,2.94,-42.44,-48.55,31.08,9.43661971830986,264.29,1,1,1,1
2016-12-01,0.0,-0.929253195642517,0.0,6.19,9.3,11.93,-9.69,33.42,-70.36,-72.77,2.94,-42.44,-48.55,31.08,9.43661971830986,264.29,1,1,1,1
2016-12-02,0.0,-0.9187419243986242,0.0,6.26,9.3,11.93,-9.69,33.42,-70.36,-72.77,2.94,-42.44,-48.55,31.08,9.43661971830986,264.29,1,1,1,1
2016-12-05,0.0,-0.9159010402786532,0.0,6.28,9.3,11.93,-9.69,33.42,-70.36,-72.77,2.94,-42.44,-48.55,31.08,9.43661971830986,264.29,1,1,1,1
2016-12-06,0.0,-0.909651095214717,0.0,6.32,9.3,11.93,-9.69,33.42,-70.36,-72.77,2.94,-42.44,-48.55,31.08,9.43661971830986,264.29,1,1,1,1
2016-12-07,0.0,-0.909651095214717,0.0,6.32,4.98,18.93,-7.3,33.42,-70.36,-72.77,2.94,-42.44,-48.55,31.08,9.43661971830986,264.29,1,1,1,1
2016-12-08,0.0,-0.909651095214717,0.0,6.32,4.98,18.93,-7.3,33.42,-70.36,-72.77,2.94,-42.44,-48.55,31.08,9.43661971830986,264.29,1,1,1,1
2016-12-09,0.0,-0.9301054608785082,0.0,6.18,4.98,18.93,-7.3,33.42,-70.36,-72.77,2.94,-42.44,-48.55,31.08,9.43661971830986,264.29,1,1,1,1
2016-12-12,0.0,-0.9650483355541516,0.0,5.96,4.98,18.93,-7.3,33.42,-70.36,-72.77,2.94,-42.44,-48.55,31.08,9.43661971830986,264.29,1,1,1,0
2016-12-13,0.0,-0.9610710977861922,0.0,5.98,4.98,18.93,-7.3,33.42,-70.36,-72.77,2.94,-42.44,-48.55,31.08,9.43661971830986,264.29,1,1,1,0
2016-12-14,0.0,-0.9732868995020676,0.0,5.91,4.98,18.93,-7.3,33.42,-70.36,-72.77,2.94,-42.44,-48.55,31.08,9.43661971830986,264.29,1,1,0,0
2016-12-15,0.0,-0.9752755183860472,0.0,5.89,4.98,18.93,-7.3,33.42,-70.36,-72.77,2.94,-42.44,-48.55,31.08,9.43661971830986,264.29,1,1,0,0
2016-12-16,0.0,-0.9960139724618357,0.0,5.77,4.98,18.93,-7.3,33.42,-70.36,-72.77,2.94,-42.44,-48.55,31.08,9.43661971830986,264.29,0,0,0,0
2016-12-19,0.0,-0.9795368445660037,0.0,5.87,4.98,18.93,-7.3,33.42,-70.36,-72.77,2.94,-42.44,-48.55,31.08,9.43661971830986,264.29,1,0,0,0
2016-12-20,0.0,-0.9795368445660037,0.0,5.87,4.98,18.93,-7.3,33.42,-70.36,-72.77,2.94,-42.44,-48.55,31.08,9.43661971830986,264.29,1,0,0,0
2016-12-21,0.0,-0.974423253150056,0.0,5.9,4.98,18.93,-7.3,33.42,-70.36,-72.77,2.94,-42.44,-48.55,31.08,9.43661971830986,264.29,1,1,0,0
2016-12-22,0.0,-0.9948776188138472,0.0,5.78,4.98,18.93,-7.3,33.42,-70.36,-72.77,2.94,-42.44,-48.55,31.08,9.43661971830986,264.29,0,0,0,0
2016-12-23,0.0,-1.0173206033616182,0.0,5.65,4.98,18.93,-7.3,33.42,-70.36,-72.77,2.94,-42.44,-48.55,31.08,9.43661971830986,264.29,0,0,0,0
2016-12-26,0.0,-1.0011275638777837,0.0,5.74,4.98,18.93,-7.3,33.42,-70.36,-72.77,2.94,-42.44,-48.55,31.08,9.43661971830986,264.29,0,0,0,0
2016-12-27,0.0,-0.9855027012179428,0.0,5.83,4.98,18.93,-7.3,33.42,-70.36,-72.77,2.94,-42.44,-48.55,31.08,9.43661971830986,264.29,0,0,0,0
2016-12-28,0.0,-1.001979829113775,0.0,5.74,4.98,18.93,-7.3,33.42,-70.36,-72.77,2.94,-42.44,-48.55,31.08,9.43661971830986,264.29,0,0,0,0
2016-12-29,0.0,-0.9906162926338904,0.0,5.8,4.98,18.93,-7.3,33.42,-70.36,-72.77,2.94,-42.44,-48.55,31.08,9.43661971830986,264.29,0,0,0,0
2016-12-30,0.0,-0.991752646281879,0.0,5.8,4.98,18.93,-7.3,33.42,-70.36,-72.77,2.94,-42.44,-48.55,31.08,9.43661971830986,264.29,0,0,0,0
2017-01-03,0.0,-0.9701619269700994,0.0,5.93,4.98,18.93,-7.3,33.42,-70.36,-72.77,2.94,-42.44,-48.55,31.08,9.43661971830986,264.29,1,0,0,0
2017-01-04,0.0,-0.9784004909180154,0.0,5.88,4.98,18.93,-7.3,33.42,-70.36,-72.77,2.94,-42.44,-48.55,31.08,9.43661971830986,264.29,0,0,0,0
2017-01-05,0.0,-0.9937412651658588,0.0,5.79,4.98,18.93,-7.3,33.42,-70.36,-72.77,2.94,-42.44,-48.55,31.08,9.43661971830986,264.29,0,0,0,0
2017-01-06,0.0,-1.0011275638777837,0.0,5.74,4.98,18.93,-7.3,33.42,-70.36,-72.77,2.94,-42.44,-48.55,31.08,9.43661971830986,264.29,0,0,0,0
2017-01-09,0.0,-0.9988548565818064,0.0,5.76,6.26,19.5,-5.12,33.42,-70.36,-72.77,2.94,-42.44,-48.55,31.08,9.43661971830986,264.29,0,0,0,0
2017-01-10,0.0,-0.980389109801995,0.0,5.86,6.26,19.5,-5.12,33.42,-70.36,-72.77,2.94,-42.44,-48.55,31.08,9.43661971830986,264.29,0,0,0,0
2017-01-11,0.0,-0.982661817097972,0.0,5.85,6.26,19.5,-5.12,33.42,-70.36,-72.77,2.94,-42.44,-48.55,31.08,9.43661971830986,264.29,0,0,0,0
2017-01-12,0.0,-0.9681733080861196,0.0,5.94,6.26,19.5,-5.12,33.42,-70.36,-72.77,2.94,-42.44,-48.55,31.08,9.43661971830986,264.29,1,0,0,0
2017-01-13,0.0,-0.951696180190288,0.0,6.04,6.26,19.5,-5.12,33.42,-70.36,-72.77,2.94,-42.44,-48.55,31.08,9.43661971830986,264.29,1,1,0,1
2017-01-16,0.0,-0.954821152722256,0.0,6.02,6.26,19.5,-5.12,33.42,-70.36,-72.77,2.94,-42.44,-48.55,31.08,9.43661971830986,264.29,1,1,0,1
2017-01-17,0.0,-0.9795368445660037,0.0,5.87,6.26,19.5,-5.12,33.42,-70.36,-72.77,2.94,-42.44,-48.55,31.08,9.43661971830986,264.29,0,0,0,0
2017-01-18,0.0,-0.9835140823339632,0.0,5.85,6.26,19.5,-5.12,33.42,-70.36,-72.77,2.94,-42.44,-48.55,31.08,9.43661971830986,264.29,0,0,0,0
2017-01-19,0.0,-0.9897640273978996,0.0,5.81,6.26,19.5,-5.12,33.42,-70.36,-72.77,2.94,-42.44,-48.55,31.08,9.43661971830986,264.29,0,0,0,0
2017-01-20,0.0,-0.9815254634499831,0.0,5.86,6.26,19.5,-5.12,33.42,-70.36,-72.77,2.94,-42.44,-48.55,31.08,9.43661971830986,264.29,0,0,0,0
2017-01-23,0.0,-0.9752755183860472,0.0,5.89,6.26,19.5,-5.12,33.42,-70.36,-72.77,2.94,-42.44,-48.55,31.08,9.43661971830986,264.29,0,0,0,0
2017-01-24,0.0,-0.9855027012179428,0.0,5.83,6.26,19.5,-5.12,33.42,-70.36,-72.77,2.94,-42.44,-48.55,31.08,9.43661971830986,264.29,0,0,0,0
2017-02-02,0.0,-0.991752646281879,0.0,5.8,6.26,19.5,-5.12,33.42,-70.36,-72.77,2.94,-42.44,-48.55,31.08,9.43661971830986,264.29,0,0,0,0
2017-02-03,0.0,-0.9587983904902154,0.0,6.0,6.26,19.5,-5.12,33.42,-70.36,-72.77,2.94,-42.44,-48.55,31.08,9.43661971830986,264.29,0,0,0,0
2017-02-06,0.0,-0.9559575063702443,0.0,6.02,6.26,19.5,-5.12,33.42,-70.36,-72.77,2.94,-42.44,-48.55,31.08,9.43661971830986,264.29,0,0,0,1
2017-02-07,0.0,-0.9568097716062356,0.0,6.01,-4.59,8.25,8.25,33.42,-70.36,-72.77,2.94,-42.44,-48.55,31.08,9.43661971830986,264.29,0,0,0,1
2017-02-08,0.0,-0.9414689973583924,0.0,6.11,-4.59,8.25,8.25,33.42,-70.36,-72.77,2.94,-42.44,-48.55,31.08,9.43661971830986,264.29,1,1,1,1
2017-02-09,0.0,-0.9445939698903604,0.0,6.09,-4.59,8.25,8.25,33.42,-70.36,-72.77,2.94,-42.44,-48.55,31.08,9.43661971830986,264.29,1,0,1,1
2017-02-10,0.0,-0.9394803784744128,0.0,6.12,-4.59,8.25,8.25,33.42,-70.36,-72.77,2.94,-42.44,-48.55,31.08,9.43661971830986,264.29,1,1,1,1
2017-02-13,0.0,-0.9670369544381314,0.0,5.94,-4.59,8.25,8.25,33.42,-70.36,-72.77,2.94,-42.44,-48.55,31.08,9.43661971830986,264.29,0,0,0,0
2017-02-14,0.0,0.1401419692851697,0.0,6.0,-4.59,8.25,8.25,1426.92,1036.85,45.53,51.22,38.16,-36.59,30.95,-0.4182754182754151,1339.22,0,0,0,1
2017-02-15,0.0,0.1401419692851697,0.0,6.0,-4.59,8.25,8.25,1426.92,1036.85,45.53,51.22,38.16,-36.59,30.95,-0.4182754182754151,1339.22,0,0,0,1
2017-02-16,0.0,0.1402666507525053,0.0,6.0,-4.59,8.25,8.25,1426.92,1036.85,45.53,51.22,38.16,-36.59,30.95,-0.4182754182754151,1339.22,0,0,0,1
2017-02-17,0.0,0.1393938804811563,0.0,6.03,-4.59,8.25,8.25,1426.92,1036.85,45.53,51.22,38.16,-36.59,30.95,-0.4182754182754151,1339.22,0,0,1,1
2017-02-18,0.0,0.1395185619484919,0.0,6.03,-4.59,8.25,8.25,1426.92,1036.85,45.53,51.22,38.16,-36.59,30.95,-0.4182754182754151,1339.22,0,0,1,1
2017-02-20,0.0,0.1368171301562214,0.0,6.15,-4.59,8.25,8.25,1426.92,1036.85,45.53,51.22,38.16,-36.59,30.95,-0.4182754182754151,1339.22,1,1,1,1
2017-02-21,0.0,0.1392276385247089,0.0,6.04,-4.59,8.25,8.25,1426.92,1036.85,45.53,51.22,38.16,-36.59,30.95,-0.4182754182754151,1339.22,0,0,1,1
2017-02-22,0.0,0.1389367151009259,0.0,6.05,-4.59,8.25,8.25,1426.92,1036.85,45.53,51.22,38.16,-36.59,30.95,-0.4182754182754151,1339.22,0,0,1,1
2017-02-23,0.0,0.1372742955364518,0.0,6.13,-4.59,8.25,8.25,1426.92,1036.85,45.53,51.22,38.16,-36.59,30.95,-0.4182754182754151,1339.22,0,1,1,1
2017-02-24,0.0,0.1366924486888859,0.0,6.15,-4.59,8.25,8.25,1426.92,1036.85,45.53,51.22,38.16,-36.59,30.95,-0.4182754182754151,1339.22,0,1,1,1
2017-03-01,0.0,0.1353209525481947,0.0,6.22,-4.59,8.25,8.25,1426.92,1036.85,45.53,51.22,38.16,-36.59,30.95,-0.4182754182754151,1339.22,1,1,1,1
2017-03-02,0.0,0.1362352833086555,0.0,6.17,-4.59,8.25,8.25,1426.92,1036.85,45.53,51.22,38.16,-36.59,30.95,-0.4182754182754151,1339.22,1,1,1,1
2017-03-03,0.0,0.1384795497206956,0.0,6.07,-4.59,8.25,8.25,1426.92,1036.85,45.53,51.22,38.16,-36.59,30.95,-0.4182754182754151,1339.22,0,1,1,1
2017-03-06,0.0,0.1398510458613867,0.0,6.02,-4.59,8.25,8.25,1426.92,1036.85,45.53,51.22,38.16,-36.59,30.95,-0.4182754182754151,1339.22,0,0,1,1
2017-03-07,0.0,0.1399757273287223,0.0,6.01,-2.4,18.87,13.25,1426.92,1036.85,45.53,51.22,38.16,-36.59,30.95,-0.4182754182754151,1339.22,0,1,1,1
2017-03-08,0.0,0.1399757273287223,0.0,6.01,-2.4,18.87,13.25,1426.92,1036.85,45.53,51.22,38.16,-36.59,30.95,-0.4182754182754151,1339.22,0,1,1,1
2017-03-09,0.0,0.1398510458613867,0.0,6.02,-2.4,18.87,13.25,1426.92,1036.85,45.53,51.22,38.16,-36.59,30.95,-0.4182754182754151,1339.22,0,1,1,1
2017-03-10,0.0,0.1333676095599376,0.0,3.38,-2.4,18.87,13.25,1426.92,1036.85,45.53,51.22,38.16,-36.59,30.95,-0.4182754182754151,1339.22,1,1,1,1
2017-03-13,0.0,0.134115698363951,0.0,3.36,-2.4,18.87,13.25,1426.92,1036.85,45.53,51.22,38.16,-36.59,30.95,-0.4182754182754151,1339.22,1,1,1,1
2017-03-14,0.0,0.1356118759719777,0.0,3.32,-2.4,18.87,13.25,1426.92,1036.85,45.53,51.22,38.16,-36.59,30.95,-0.4182754182754151,1339.22,1,1,1,1
2017-03-15,0.0,0.1336585329837205,0.0,3.37,-2.4,18.87,13.25,1426.92,1036.85,45.53,51.22,38.16,-36.59,30.95,-0.4182754182754151,1339.22,1,1,1,1
2017-03-16,0.0,0.1366924486888859,0.0,3.3,-2.4,18.87,13.25,1426.92,1036.85,45.53,51.22,38.16,-36.59,30.95,-0.4182754182754151,1339.22,1,1,1,1
2017-03-17,0.0,0.1393938804811563,0.0,3.23,-2.4,18.87,13.25,1426.92,1036.85,45.53,51.22,38.16,-36.59,30.95,-0.4182754182754151,1339.22,1,1,1,1
2017-03-20,0.0,0.1418043888496438,0.0,3.18,-2.4,18.87,13.25,1426.92,1036.85,45.53,51.22,38.16,-36.59,30.95,-0.4182754182754151,1339.22,1,1,1,1
2017-03-21,0.0,0.1422199937407623,0.0,3.17,-2.4,18.87,13.25,1426.92,1036.85,45.53,51.22,38.16,-36.59,30.95,-0.4182754182754151,1339.22,1,1,1,1
2017-03-22,0.0,0.1416381468931964,0.0,3.18,-2.4,18.87,13.25,1426.92,1036.85,45.53,51.22,38.16,-36.59,30.95,-0.4182754182754151,1339.22,1,1,1,1
2017-03-23,0.0,0.1426771591209927,0.0,3.16,-2.4,18.87,13.25,1426.92,1036.85,45.53,51.22,38.16,-36.59,30.95,-0.4182754182754151,1339.22,1,0,1,1
2017-03-24,0.0,0.14687476852129,0.0,3.07,-2.4,18.87,13.25,1426.92,1036.85,45.53,51.22,38.16,-36.59,30.95,-0.4182754182754151,1339.22,0,0,0,1
2017-03-27,0.0,0.1426771591209927,0.0,3.16,-2.4,18.87,13.25,1426.92,1036.85,45.53,51.22,38.16,-36.59,30.95,-0.4182754182754151,1339.22,1,0,1,1
2017-03-28,0.0,0.1433005664576706,0.0,3.14,-2.4,18.87,13.25,1426.92,1036.85,45.53,51.22,38.16,-36.59,30.95,-0.4182754182754151,1339.22,0,0,1,1
2017-03-29,0.0,0.1429680825447757,0.0,3.15,-2.4,18.87,13.25,1426.92,1036.85,45.53,51.22,38.16,-36.59,30.95,-0.4182754182754151,1339.22,0,0,1,1
2017-03-30,0.0,0.146292921673724,0.0,3.08,-2.4,18.87,13.25,1426.92,1036.85,45.53,51.22,38.16,-36.59,30.95,-0.4182754182754151,1339.22,0,0,1,1
2017-03-31,0.0,0.1453785909132632,0.0,3.1,-2.4,18.87,13.25,1426.92,1036.85,45.53,51.22,38.16,-36.59,30.95,-0.4182754182754151,1339.22,0,0,1,1
2017-04-05,0.0,0.1438824133052365,0.0,3.13,-2.4,18.87,13.25,1426.92,1036.85,45.53,51.22,38.16,-36.59,30.95,-0.4182754182754151,1339.22,0,0,1,1
2017-04-06,0.0,0.1458357562934936,0.0,3.09,-2.4,18.87,13.25,1426.92,1036.85,45.53,51.22,38.16,-36.59,30.95,-0.4182754182754151,1339.22,0,0,1,1
2017-04-07,0.0,0.1441733367290195,0.0,3.13,5.62,27.05,17.63,1426.92,1036.85,45.53,51.22,38.16,-36.59,30.95,-0.4182754182754151,1339.22,0,0,1,1
2017-04-10,0.0,0.1431343245012231,0.0,3.15,5.62,27.05,17.63,1426.92,1036.85,45.53,51.22,38.16,-36.59,30.95,-0.4182754182754151,1339.22,0,1,1,1
2017-04-11,0.0,0.1422199937407623,0.0,3.17,5.62,27.05,17.63,1426.92,1036.85,45.53,51.22,38.16,-36.59,30.95,-0.4182754182754151,1339.22,0,1,1,1
2017-04-12,0.0,0.1401419692851697,0.0,3.22,5.62,27.05,17.63,1426.92,1036.85,45.53,51.22,38.16,-36.59,30.95,-0.4182754182754151,1339.22,1,1,1,1
2017-04-13,0.0,0.1440486552616839,0.0,3.13,5.62,27.05,17.63,1426.92,1036.85,45.53,51.22,38.16,-36.59,30.95,-0.4182754182754151,1339.22,0,1,1,1
2017-04-14,0.0,0.1428434010774402,0.0,3.15,5.62,27.05,17.63,1426.92,1036.85,45.53,51.22,38.16,-36.59,30.95,-0.4182754182754151,1339.22,0,1,1,1
2017-04-17,0.0,0.141471904936749,0.0,3.18,5.62,27.05,17.63,1426.92,1036.85,45.53,51.22,38.16,-36.59,30.95,-0.4182754182754151,1339.22,0,1,1,1
2017-04-18,0.0,0.1428434010774402,0.0,3.15,5.62,27.05,17.63,1426.92,1036.85,45.53,51.22,38.16,-36.59,30.95,-0.4182754182754151,1339.22,0,1,1,1
2017-04-19,0.0,0.1408900580891831,0.0,3.2,5.62,27.05,17.63,1426.92,1036.85,45.53,51.22,38.16,-36.59,30.95,-0.4182754182754151,1339.22,1,1,1,1
2017-04-20,0.0,0.1390613965682615,0.0,3.24,5.62,27.05,17.63,1426.92,1036.85,45.53,51.22,38.16,-36.59,30.95,-0.4182754182754151,1339.22,1,1,1,1
2017-04-21,0.0,0.1396848039049393,0.0,3.23,5.62,27.05,17.63,1426.92,1036.85,45.53,51.22,38.16,-36.59,30.95,-0.4182754182754151,1339.22,1,1,1,1
2017-04-24,0.0,0.1372742955364518,0.0,3.28,5.62,27.05,17.63,1426.92,1036.85,45.53,51.22,38.16,-36.59,30.95,-0.4182754182754151,1339.22,1,1,1,1
2017-04-25,0.0,0.1418043888496438,0.0,3.18,5.62,27.05,17.63,1426.92,1036.85,45.53,51.22,38.16,-36.59,30.95,-0.4182754182754151,1339.22,1,1,1,1
2017-04-26,0.0,0.1446305021092499,0.0,3.12,5.62,27.05,17.63,1426.92,1036.85,45.53,51.22,38.16,-36.59,30.95,-0.4182754182754151,1339.22,1,1,1,1
2017-04-27,0.0,0.1433005664576706,0.0,3.14,5.62,27.05,17.63,1426.92,1036.85,45.53,51.22,38.16,-36.59,30.95,-0.4182754182754151,1339.22,1,1,1,1
2017-04-28,0.0,0.1446305021092499,0.0,3.12,5.62,27.05,17.63,1426.92,1036.85,45.53,51.22,38.16,-36.59,30.95,-0.4182754182754151,1339.22,1,1,1,1
2017-05-02,0.0,0.1482462646619811,0.0,3.04,5.62,27.05,17.63,1426.92,1036.85,45.53,51.22,38.16,-36.59,30.95,-0.4182754182754151,1339.22,1,1,1,1
2017-05-03,0.0,0.1477890992817507,0.0,3.05,5.62,27.05,17.63,1426.92,1036.85,45.53,51.22,38.16,-36.59,30.95,-0.4182754182754151,1339.22,1,1,1,1
2017-05-04,0.0,0.1495762003135604,0.0,3.01,5.62,27.05,17.63,1426.92,1036.85,45.53,51.22,38.16,-36.59,30.95,-0.4182754182754151,1339.22,1,1,1,1
2017-05-05,0.0,0.1492852768897775,0.0,3.02,5.62,27.05,17.63,1426.92,1036.85,45.53,51.22,38.16,-36.59,30.95,-0.4182754182754151,1339.22,1,1,1,1
2017-05-08,0.0,0.1499086842264552,0.0,3.01,2.96,45.11,23.74,1426.92,1036.85,45.53,51.22,38.16,-36.59,30.95,-0.4182754182754151,1339.22,1,1,1,1
2017-05-09,0.0,0.151404861834482,0.0,2.98,2.96,45.11,23.74,1426.92,1036.85,45.53,51.22,38.16,-36.59,30.95,-0.4182754182754151,1339.22,1,1,1,1
2017-05-10,0.0,0.1526101160187257,0.0,2.95,2.96,45.11,23.74,1426.92,1036.85,45.53,51.22,38.16,-36.59,30.95,-0.4182754182754151,1339.22,0,1,1,1
2017-05-11,0.0,0.1507814544978042,0.0,2.99,2.96,45.11,23.74,1426.92,1036.85,45.53,51.22,38.16,-36.59,30.95,-0.4182754182754151,1339.22,1,1,1,1
2017-05-12,0.0,0.1531919628662917,0.0,2.94,2.96,45.11,23.74,1426.92,1036.85,45.53,51.22,38.16,-36.59,30.95,-0.4182754182754151,1339.22,0,1,1,1
2017-05-15,0.0,0.0300620869682337,0.0,2.8,2.96,45.11,23.74,-84.66,78.13,78.13,49.93,46.33,46.33,40.07,29.466882067851373,-83.79,0,0,0,1
2017-05-16,0.0,0.0291619315504962,0.0,2.88,2.96,45.11,23.74,-84.66,78.13,78.13,49.93,46.33,46.33,40.07,29.466882067851373,-83.79,0,0,1,1
2017-05-17,0.0,0.0287739335256093,0.0,2.92,2.96,45.11,23.74,-84.66,78.13,78.13,49.93,46.33,46.33,40.07,29.466882067851373,-83.79,0,1,1,1
2017-05-18,0.0,0.0283781755402247,0.0,2.96,2.96,45.11,23.74,-84.66,78.13,78.13,49.93,46.33,46.33,40.07,29.466882067851373,-83.79,1,1,1,1
2017-05-19,0.0,0.0283781755402247,0.0,2.96,2.96,45.11,23.74,-84.66,78.13,78.13,49.93,46.33,46.33,40.07,29.466882067851373,-83.79,1,1,1,1
2017-05-22,0.0,0.0282152163697722,0.0,2.98,2.96,45.11,23.74,-84.66,78.13,78.13,49.93,46.33,46.33,40.07,29.466882067851373,-83.79,1,1,1,1
2017-05-23,0.0,0.0283238558167406,0.0,2.97,2.96,45.11,23.74,-84.66,78.13,78.13,49.93,46.33,46.33,40.07,29.466882067851373,-83.79,1,1,1,1
2017-05-24,0.0,0.0285488946711749,0.0,2.95,2.96,45.11,23.74,-84.66,78.13,78.13,49.93,46.33,46.33,40.07,29.466882067851373,-83.79,1,1,1,1
2017-05-25,0.0,0.0285488946711749,0.0,2.95,2.96,45.11,23.74,-84.66,78.13,78.13,49.93,46.33,46.33,40.07,29.466882067851373,-83.79,1,1,1,1
2017-05-26,0.0,0.0284402552242066,0.0,2.96,2.96,45.11,23.74,-84.66,78.13,78.13,49.93,46.33,46.33,40.07,29.466882067851373,-83.79,1,1,1,1
2017-05-31,0.0,0.0285488946711749,0.0,2.95,2.96,45.11,23.74,-84.66,78.13,78.13,49.93,46.33,46.33,40.07,29.466882067851373,-83.79,1,1,1,1
2017-06-01,0.0,0.0288825729725776,0.0,2.91,2.96,45.11,23.74,-84.66,78.13,78.13,49.93,46.33,46.33,40.07,29.466882067851373,-83.79,1,1,1,1
2017-06-02,0.0,0.0300620869682337,0.0,2.8,2.96,45.11,23.74,-84.66,78.13,78.13,49.93,46.33,46.33,40.07,29.466882067851373,-83.79,0,0,1,1
2017-06-03,0.0,0.0299534475212654,0.0,2.81,2.96,45.11,23.74,-84.66,78.13,78.13,49.93,46.33,46.33,40.07,29.466882067851373,-83.79,0,1,1,1
2017-06-05,0.0,0.0305664844005866,0.0,2.75,2.96,45.11,23.74,-84.66,78.13,78.13,49.93,46.33,46.33,40.07,29.466882067851373,-83.79,0,0,1,1
2017-06-06,0.0,0.0302871258226681,0.0,2.78,2.96,45.11,23.74,-84.66,78.13,78.13,49.93,46.33,46.33,40.07,29.466882067851373,-83.79,0,0,1,1
2017-06-07,0.0,0.0294490500889125,0.0,2.86,-4.68,42.06,27.0,-84.66,78.13,78.13,49.93,46.33,46.33,40.07,29.466882067851373,-83.79,0,1,1,1
2017-06-08,0.0,0.0296120092593649,0.0,2.84,-4.68,42.06,27.0,-84.66,78.13,78.13,49.93,46.33,46.33,40.07,29.466882067851373,-83.79,0,1,1,1
2017-06-09,0.0,0.0291619315504962,0.0,2.88,-4.68,42.06,27.0,-84.66,78.13,78.13,49.93,46.33,46.33,40.07,29.466882067851373,-83.79,1,1,1,1
2017-06-12,0.0,0.0293326506814464,0.0,2.87,-4.68,42.06,27.0,-84.66,78.13,78.13,49.93,46.33,46.33,40.07,29.466882067851373,-83.79,1,1,1,1
2017-06-13,0.0,0.0291619315504962,0.0,2.88,-4.68,42.06,27.0,-84.66,78.13,78.13,49.93,46.33,46.33,40.07,29.466882067851373,-83.79,1,1,1,1
2017-06-14,0.0,0.0289989723800437,0.0,2.9,-4.68,42.06,27.0,-84.66,78.13,78.13,49.93,46.33,46.33,40.07,29.466882067851373,-83.79,1,1,1,1
2017-06-15,0.0,0.0290532921035279,0.0,2.9,-4.68,42.06,27.0,-84.66,78.13,78.13,49.93,46.33,46.33,40.07,29.466882067851373,-83.79,1,1,1,1
2017-06-16,0.0,0.0289989723800437,0.0,2.9,-4.68,42.06,27.0,-84.66,78.13,78.13,49.93,46.33,46.33,40.07,29.466882067851373,-83.79,1,1,1,1
2017-06-19,0.0,0.0301164066917179,0.0,2.79,-4.68,42.06,27.0,-84.66,78.13,78.13,49.93,46.33,46.33,40.07,29.466882067851373,-83.79,1,1,1,1
2017-06-20,0.0,0.0300000072842518,0.0,2.88,-4.68,42.06,27.0,-84.66,78.13,78.13,49.93,46.33,46.33,40.07,29.466882067851373,-83.79,1,1,1,1
2017-06-21,0.0,0.0302948857831658,0.0,2.86,-4.68,42.06,27.0,-84.66,78.13,78.13,49.93,46.33,46.33,40.07,29.466882067851373,-83.79,1,1,1,1
2017-06-22,0.0,0.0305199246376002,0.0,2.84,-4.68,42.06,27.0,-84.66,78.13,78.13,49.93,46.33,46.33,40.07,29.466882067851373,-83.79,1,1,1,1
2017-06-23,0.0,0.03034920550665,0.0,2.85,-4.68,42.06,27.0,-84.66,78.13,78.13,49.93,46.33,46.33,40.07,29.466882067851373,-83.79,1,1,1,1
2017-06-26,0.0,0.0309855222674644,0.0,2.79,-4.68,42.06,27.0,-84.66,78.13,78.13,49.93,46.33,46.33,40.07,29.466882067851373,-83.79,1,1,1,1
2017-06-27,0.0,0.0316218390282789,0.0,2.74,-4.68,42.06,27.0,-84.66,78.13,78.13,49.93,46.33,46.33,40.07,29.466882067851373,-83.79,0,1,1,1
2017-06-28,0.0,0.0313890402133468,0.0,2.76,-4.68,42.06,27.0,-84.66,78.13,78.13,49.93,46.33,46.33,40.07,29.466882067851373,-83.79,1,1,1,1
2017-06-29,0.0,0.0313269605293648,0.0,2.76,-4.68,42.06,27.0,-84.66,78.13,78.13,49.93,46.33,46.33,40.07,29.466882067851373,-83.79,1,1,1,1
2017-06-30,0.0,0.0316218390282789,0.0,2.74,-4.68,42.06,27.0,-84.66,78.13,78.13,49.93,46.33,46.33,40.07,29.466882067851373,-83.79,1,1,1,1
2017-07-03,0.0,0.0313269605293648,0.0,2.76,-4.68,42.06,27.0,-84.66,78.13,78.13,49.93,46.33,46.33,40.07,29.466882067851373,-83.79,1,1,1,1
2017-07-04,0.0,0.0310398419909486,0.0,2.79,-4.68,42.06,27.0,-84.66,78.13,78.13,49.93,46.33,46.33,40.07,29.466882067851373,-83.79,1,1,1,1
2017-07-05,0.0,0.0317382384357449,0.0,2.73,-4.68,42.06,27.0,-84.66,78.13,78.13,49.93,46.33,46.33,40.07,29.466882067851373,-83.79,1,1,1,1
2017-07-06,0.0,0.0317382384357449,0.0,2.73,-4.68,42.06,27.0,-84.66,78.13,78.13,49.93,46.33,46.33,40.07,29.466882067851373,-83.79,1,1,1,1
2017-07-07,0.0,0.031676158751763,0.0,2.73,1.9,36.98,28.58,-84.66,78.13,78.13,49.93,46.33,46.33,40.07,29.466882067851373,-83.79,1,1,1,1
2017-07-10,0.0,0.0319089575666951,0.0,2.71,1.9,36.98,28.58,-84.66,78.13,78.13,49.93,46.33,46.33,40.07,29.466882067851373,-83.79,1,1,1,1
2017-07-11,0.0,0.0324288749200435,0.0,2.67,1.9,36.98,28.58,-84.66,78.13,78.13,49.93,46.33,46.33,40.07,29.466882067851373,-83.79,1,1,1,1
2017-07-12,0.0,0.0324831946435277,0.0,2.66,1.9,36.98,28.58,-84.66,78.13,78.13,49.93,46.33,46.33,40.07,29.466882067851373,-83.79,1,1,1,1
2017-07-13,0.0,0.0326616737349756,0.0,2.65,1.9,36.98,28.58,-84.66,78.13,78.13,49.93,46.33,46.33,40.07,29.466882067851373,-83.79,1,1,1,1
2017-07-14,0.0,0.0327159934584598,0.0,2.65,1.9,36.98,28.58,-84.66,78.13,78.13,49.93,46.33,46.33,40.07,29.466882067851373,-83.79,1,1,1,1
2017-07-17,0.0,0.0338101478886407,0.0,2.56,1.9,36.98,28.58,-84.66,78.13,78.13,49.93,46.33,46.33,40.07,29.466882067851373,-83.79,1,1,1,1
2017-07-18,0.0,0.0353698999486859,0.0,2.45,1.9,36.98,28.58,-84.66,78.13,78.13,49.93,46.33,46.33,40.07,29.466882067851373,-83.79,1,1,1,1
2017-07-19,0.0,0.0349663820028036,0.0,2.48,1.9,36.98,28.58,-84.66,78.13,78.13,49.93,46.33,46.33,40.07,29.466882067851373,-83.79,1,1,1,1
2017-07-20,0.0,0.0350827814102696,0.0,2.47,1.9,36.98,28.58,-84.66,78.13,78.13,49.93,46.33,46.33,40.07,29.466882067851373,-83.79,1,1,1,1
2017-07-21,0.0,0.0365261340628488,0.0,2.37,1.9,36.98,28.58,-84.66,78.13,78.13,49.93,46.33,46.33,40.07,29.466882067851373,-83.79,0,0,0,1
2017-07-24,0.0,0.0375038890855636,0.0,2.31,1.9,36.98,28.58,-84.66,78.13,78.13,49.93,46.33,46.33,40.07,29.466882067851373,-83.79,0,0,0,1
2017-07-25,0.0,0.0369296520087311,0.0,2.34,1.9,36.98,28.58,-84.66,78.13,78.13,49.93,46.33,46.33,40.07,29.466882067851373,-83.79,0,0,0,1
2017-07-26,0.0,0.0362390155244325,0.0,2.39,1.9,36.98,28.58,-84.66,78.13,78.13,49.93,46.33,46.33,40.07,29.466882067851373,-83.79,0,0,1,1
2017-07-27,0.0,0.0368675723247492,0.0,2.35,1.9,36.98,28.58,-84.66,78.13,78.13,49.93,46.33,46.33,40.07,29.466882067851373,-83.79,0,0,1,1
2017-07-28,0.0,0.0365804537863329,0.0,2.37,1.9,36.98,28.58,-84.66,78.13,78.13,49.93,46.33,46.33,40.07,29.466882067851373,-83.79,0,0,1,1
2017-07-31,0.0,0.0360062167095004,0.0,2.4,1.9,36.98,28.58,-84.66,78.13,78.13,49.93,46.33,46.33,40.07,29.466882067851373,-83.79,0,0,1,1
2017-08-01,0.0,0.0363476549714008,0.0,2.38,1.9,36.98,28.58,-84.66,78.13,78.13,49.93,46.33,46.33,40.07,29.466882067851373,-83.79,0,0,1,1
2017-08-02,0.0,0.0358898173020343,0.0,2.41,1.9,36.98,28.58,-84.66,78.13,78.13,49.93,46.33,46.33,40.07,29.466882067851373,-83.79,0,0,1,1
2017-08-03,0.0,0.0357734178945682,0.0,2.42,1.9,36.98,28.58,-84.66,78.13,78.13,49.93,46.33,46.33,40.07,29.466882067851373,-83.79,0,1,1,1
2017-08-04,0.0,0.035602698763618,0.0,2.43,1.9,36.98,28.58,-84.66,78.13,78.13,49.93,46.33,46.33,40.07,29.466882067851373,-83.79,0,1,1,1
2017-08-07,0.0,0.0357734178945682,0.0,2.42,2.47,32.14,29.1,-84.66,78.13,78.13,49.93,46.33,46.33,40.07,29.466882067851373,-83.79,0,1,1,1
2017-08-08,0.0,0.0364640543788669,0.0,2.37,2.47,32.14,29.1,-84.66,78.13,78.13,49.93,46.33,46.33,40.07,29.466882067851373,-83.79,0,0,1,1
2017-08-09,0.0,0.0358898173020343,0.0,2.41,2.47,32.14,29.1,-84.66,78.13,78.13,49.93,46.33,46.33,40.07,29.466882067851373,-83.79,0,1,1,1
2017-08-10,0.0,0.0349120622793194,0.0,2.48,2.47,32.14,29.1,-84.66,78.13,78.13,49.93,46.33,46.33,40.07,29.466882067851373,-83.79,1,1,1,1
2017-08-11,0.0,0.0346792634643873,0.0,2.5,2.47,32.14,29.1,-84.66,78.13,78.13,49.93,46.33,46.33,40.07,29.466882067851373,-83.79,1,1,1,1
2017-08-14,0.0,0.0056079734728269,0.0,2.42,2.47,32.14,29.1,143.47,660.8,289.68,8.15,152.43,87.22,43.91,9.583229348639872,98.32,1,1,1,1
2017-08-15,0.0,0.0056250300942954,0.0,2.42,2.47,32.14,29.1,143.47,660.8,289.68,8.15,152.43,87.22,43.91,9.583229348639872,98.32,1,1,1,1
2017-08-16,0.0,0.0056250300942954,0.0,2.42,2.47,32.14,29.1,143.47,660.8,289.68,8.15,152.43,87.22,43.91,9.583229348639872,98.32,1,1,1,1
2017-08-17,0.0,0.0056896015898548,0.0,2.39,2.47,32.14,29.1,143.47,660.8,289.68,8.15,152.43,87.22,43.91,9.583229348639872,98.32,1,1,1,1
2017-08-18,0.0,0.0056165017835612,0.0,2.42,2.47,32.14,29.1,143.47,660.8,289.68,8.15,152.43,87.22,43.91,9.583229348639872,98.32,1,1,1,1
2017-08-21,0.0,0.005698129900589,0.0,2.38,2.47,32.14,29.1,143.47,660.8,289.68,8.15,152.43,87.22,43.91,9.583229348639872,98.32,1,1,1,1
2017-08-22,0.0,0.0056433050458688,0.0,2.41,2.47,32.14,29.1,143.47,660.8,289.68,8.15,152.43,87.22,43.91,9.583229348639872,98.32,1,1,1,1
2017-08-23,0.0,0.0056615799974422,0.0,2.4,2.47,32.14,29.1,143.47,660.8,289.68,8.15,152.43,87.22,43.91,9.583229348639872,98.32,1,1,1,1
2017-08-24,0.0,0.0057980329691904,0.0,2.34,2.47,32.14,29.1,143.47,660.8,289.68,8.15,152.43,87.22,43.91,9.583229348639872,98.32,0,1,1,1
2017-08-25,0.0,0.0057797580176169,0.0,2.35,2.47,32.14,29.1,143.47,660.8,289.68,8.15,152.43,87.22,43.91,9.583229348639872,98.32,0,1,1,1
2017-08-28,0.0,0.0058431111830714,0.0,2.33,2.47,32.14,29.1,143.47,660.8,289.68,8.15,152.43,87.22,43.91,9.583229348639872,98.32,0,1,1,1
2017-08-29,0.0,0.0057700113767778,0.0,2.35,2.47,32.14,29.1,143.47,660.8,289.68,8.15,152.43,87.22,43.91,9.583229348639872,98.32,1,1,1,1
2017-08-30,0.0,0.0058163079207638,0.0,2.34,2.47,32.14,29.1,143.47,660.8,289.68,8.15,152.43,87.22,43.91,9.583229348639872,98.32,0,1,1,1
2017-08-31,0.0,0.0058613861346448,0.0,2.32,2.47,32.14,29.1,143.47,660.8,289.68,8.15,152.43,87.22,43.91,9.583229348639872,98.32,0,1,1,1
2017-09-01,0.0,0.0058333645422323,0.0,2.33,2.47,32.14,29.1,143.47,660.8,289.68,8.15,152.43,87.22,43.91,9.583229348639872,98.32,1,1,1,1
2017-09-04,0.0,0.0057980329691904,0.0,2.34,2.47,32.14,29.1,143.47,660.8,289.68,8.15,152.43,87.22,43.91,9.583229348639872,98.32,1,1,1,1
2017-09-05,0.0,0.0057529547553093,0.0,2.36,2.47,32.14,29.1,143.47,660.8,289.68,8.15,152.43,87.22,43.91,9.583229348639872,98.32,1,1,1,1
2017-09-06,0.0,0.0057066582113233,0.0,2.38,2.47,32.14,29.1,143.47,660.8,289.68,8.15,152.43,87.22,43.91,9.583229348639872,98.32,1,1,1,1
2017-09-07,0.0,0.0056433050458688,0.0,2.41,1.29,25.95,28.68,143.47,660.8,289.68,8.15,152.43,87.22,43.91,9.583229348639872,98.32,1,1,1,1
2017-09-08,0.0,0.0058431111830714,0.0,2.33,1.29,25.95,28.68,143.47,660.8,289.68,8.15,152.43,87.22,43.91,9.583229348639872,98.32,1,1,1,1
2017-09-11,0.0,0.0058163079207638,0.0,2.34,1.29,25.95,28.68,143.47,660.8,289.68,8.15,152.43,87.22,43.91,9.583229348639872,98.32,1,1,1,1
2017-09-12,0.0,0.0061598770103439,0.0,2.21,1.29,25.95,28.68,143.47,660.8,289.68,8.15,152.43,87.22,43.91,9.583229348639872,98.32,1,1,1,1
2017-09-13,0.0,0.0060063674171272,0.0,2.26,1.29,25.95,28.68,143.47,660.8,289.68,8.15,152.43,87.22,43.91,9.583229348639872,98.32,1,1,1,1
2017-09-14,0.0,0.0062232301757983,0.0,2.18,1.29,25.95,28.68,143.47,660.8,289.68,8.15,152.43,87.22,43.91,9.583229348639872,98.32,1,1,1,1
2017-09-15,0.0,0.0068397052088747,0.0,1.99,1.29,25.95,28.68,143.47,660.8,289.68,8.15,152.43,87.22,43.91,9.583229348639872,98.32,1,1,1,1
2017-09-18,0.0,0.0072295708424408,0.0,1.88,1.29,25.95,28.68,143.47,660.8,289.68,8.15,152.43,87.22,43.91,9.583229348639872,98.32,1,1,1,1
2017-09-19,0.0,0.0069664115397837,0.0,1.95,1.29,25.95,28.68,143.47,660.8,289.68,8.15,152.43,87.22,43.91,9.583229348639872,98.32,1,1,1,1
2017-09-20,0.0,0.0072929240078953,0.0,1.86,1.29,25.95,28.68,143.47,660.8,289.68,8.15,152.43,87.22,43.91,9.583229348639872,98.32,1,1,1,1
2017-09-21,0.0,0.0077546711176501,0.0,1.75,1.29,25.95,28.68,143.47,660.8,289.68,8.15,152.43,87.22,43.91,9.583229348639872,98.32,0,1,0,0
2017-09-22,0.0,0.0076096898351677,0.0,1.79,1.29,25.95,28.68,143.47,660.8,289.68,8.15,152.43,87.22,43.91,9.583229348639872,98.32,1,1,1,0
2017-09-25,0.0,0.0076096898351677,0.0,1.79,1.29,25.95,28.68,143.47,660.8,289.68,8.15,152.43,87.22,43.91,9.583229348639872,98.32,1,1,1,0
2017-09-26,0.0,0.0072929240078953,0.0,1.86,1.29,25.95,28.68,143.47,660.8,289.68,8.15,152.43,87.22,43.91,9.583229348639872,98.32,1,1,1,1
2017-09-27,0.0,0.0076096898351677,0.0,1.79,1.29,25.95,28.68,143.47,660.8,289.68,8.15,152.43,87.22,43.91,9.583229348639872,98.32,1,1,1,0
2017-09-28,0.0,0.0077729460692235,0.0,1.75,1.29,25.95,28.68,143.47,660.8,289.68,8.15,152.43,87.22,43.91,9.583229348639872,98.32,1,1,0,0
2017-09-29,0.0,0.0077729460692235,0.0,1.75,1.29,25.95,28.68,143.47,660.8,289.68,8.15,152.43,87.22,43.91,9.583229348639872,98.32,1,1,0,0
2017-09-30,0.0,0.0078180242831046,0.0,1.74,1.29,25.95,28.68,143.47,660.8,289.68,8.15,152.43,87.22,43.91,9.583229348639872,98.32,1,0,0,0
2017-10-02,0.0,0.0082164182274049,0.0,1.65,1.29,25.95,28.68,143.47,660.8,289.68,8.15,152.43,87.22,43.91,9.583229348639872,98.32,0,0,0,0
2017-10-03,0.0,0.0080446336826148,0.0,1.69,1.29,25.95,28.68,143.47,660.8,289.68,8.15,152.43,87.22,43.91,9.583229348639872,98.32,0,0,0,0
2017-10-05,0.0,0.0079081807108667,0.0,1.72,1.29,25.95,28.68,143.47,660.8,289.68,8.15,152.43,87.22,43.91,9.583229348639872,98.32,0,0,0,0
2017-10-06,0.0,0.0076815713113564,0.0,1.77,1.29,25.95,28.68,143.47,660.8,289.68,8.15,152.43,87.22,43.91,9.583229348639872,98.32,1,1,0,0
2017-10-11,0.0,0.0077729460692235,0.0,1.75,6.71,32.83,29.17,143.47,660.8,289.68,8.15,152.43,87.22,43.91,9.583229348639872,98.32,1,0,0,0
2017-10-12,0.0,0.0077814743799577,0.0,1.75,6.71,32.83,29.17,143.47,660.8,289.68,8.15,152.43,87.22,43.91,9.583229348639872,98.32,1,0,0,0
2017-10-13,0.0,0.0078899057592933,0.0,1.72,6.71,32.83,29.17,143.47,660.8,289.68,8.15,152.43,87.22,43.91,9.583229348639872,98.32,0,0,0,0
2017-10-16,0.0,0.0080531619933491,0.0,1.69,6.71,32.83,29.17,143.47,660.8,289.68,8.15,152.43,87.22,43.91,9.583229348639872,98.32,0,0,0,0
2017-10-17,0.0,0.0077912210207969,0.0,1.74,6.71,32.83,29.17,143.47,660.8,289.68,8.15,152.43,87.22,43.91,9.583229348639872,98.32,0,0,0,0
2017-10-18,0.0,0.0078082776422654,0.0,1.74,6.71,32.83,29.17,143.47,660.8,289.68,8.15,152.43,87.22,43.91,9.583229348639872,98.32,0,0,0,0
2017-10-19,0.0,0.007836299234678,0.0,1.73,6.71,32.83,29.17,143.47,660.8,289.68,8.15,152.43,87.22,43.91,9.583229348639872,98.32,0,0,0,0
2017-10-20,0.0,0.0079179273517059,0.0,1.72,6.71,32.83,29.17,143.47,660.8,289.68,8.15,152.43,87.22,43.91,9.583229348639872,98.32,0,0,0,0
2017-10-23,0.0,0.0079264556624401,0.0,1.71,6.71,32.83,29.17,143.47,660.8,289.68,8.15,152.43,87.22,43.91,9.583229348639872,98.32,0,0,0,0
2017-10-24,0.0,0.0078448275454122,0.0,1.73,6.71,32.83,29.17,143.47,660.8,289.68,8.15,152.43,87.22,43.91,9.583229348639872,98.32,0,0,0,0
2017-10-25,0.0,0.0077997493315311,0.0,1.74,6.71,32.83,29.17,143.47,660.8,289.68,8.15,152.43,87.22,43.91,9.583229348639872,98.32,0,0,0,0
2017-10-26,0.0,0.0079179273517059,0.0,1.72,6.71,32.83,29.17,143.47,660.8,289.68,8.15,152.43,87.22,43.91,9.583229348639872,98.32,0,0,0,0
2017-10-27,0.0,0.0075548649804475,0.0,1.8,6.71,32.83,29.17,143.47,660.8,289.68,8.15,152.43,87.22,43.91,9.583229348639872,98.32,1,1,0,0
2017-10-30,0.0,0.007536590028874,0.0,1.8,6.71,32.83,29.17,143.47,660.8,289.68,8.15,152.43,87.22,43.91,9.583229348639872,98.32,1,1,0,0
2017-10-31,0.0,0.0074098836979651,0.0,1.83,6.71,32.83,29.17,143.47,660.8,289.68,8.15,152.43,87.22,43.91,9.583229348639872,98.32,1,1,0,0
2017-11-01,0.0,0.0079081807108667,0.0,1.72,6.71,32.83,29.17,143.47,660.8,289.68,8.15,152.43,87.22,43.91,9.583229348639872,98.32,0,0,0,0
2017-11-02,0.0,0.0077449244768109,0.0,1.75,6.71,32.83,29.17,143.47,660.8,289.68,8.15,152.43,87.22,43.91,9.583229348639872,98.32,0,0,0,0
2017-11-03,0.0,0.0076182181459019,0.0,1.78,6.71,32.83,29.17,143.47,660.8,289.68,8.15,152.43,87.22,43.91,9.583229348639872,98.32,0,0,0,0
2017-11-06,0.0,0.0076998462629298,0.0,1.76,6.71,32.83,29.17,143.47,660.8,289.68,8.15,152.43,87.22,43.91,9.583229348639872,98.32,0,0,0,0
2017-11-07,0.0,0.0079081807108667,0.0,1.72,9.21,32.73,29.58,143.47,660.8,289.68,8.15,152.43,87.22,43.91,9.583229348639872,98.32,0,0,0,0
2017-11-08,0.0,0.0079532589247478,0.0,1.71,9.21,32.73,29.58,143.47,660.8,289.68,8.15,152.43,87.22,43.91,9.583229348639872,98.32,0,0,0,0
2017-11-09,0.0,0.0077181212145033,0.0,1.76,9.21,32.73,29.58,143.47,660.8,289.68,8.15,152.43,87.22,43.91,9.583229348639872,98.32,0,0,0,0
2017-11-10,0.0,0.007491511814993,0.0,1.81,9.21,32.73,29.58,143.47,660.8,289.68,8.15,152.43,87.22,43.91,9.583229348639872,98.32,1,0,0,0
2017-11-13,0.0,0.0074281586495385,0.0,1.83,9.21,32.73,29.58,143.47,660.8,289.68,8.15,152.43,87.22,43.91,9.583229348639872,98.32,1,0,0,0
2017-11-14,0.0,0.0011679178579931,0.0,1.81,9.21,32.73,29.58,6.96,509.95,361.56,1.89,149.85,105.01,44.24,0.7515372352539409,30.93,1,0,0,0
2017-11-15,0.0,0.0011650688145926,0.0,1.82,9.21,32.73,29.58,6.96,509.95,361.56,1.89,149.85,105.01,44.24,0.7515372352539409,30.93,1,0,0,0
2017-11-16,0.0,0.0011496839802297,0.0,1.84,9.21,32.73,29.58,6.96,509.95,361.56,1.89,149.85,105.01,44.24,0.7515372352539409,30.93,1,0,0,0
2017-11-17,0.0,0.0011665883044062,0.0,1.82,9.21,32.73,29.58,6.96,509.95,361.56,1.89,149.85,105.01,44.24,0.7515372352539409,30.93,0,0,0,0
2017-11-20,0.0,0.0011580411742046,0.0,1.83,9.21,32.73,29.58,6.96,509.95,361.56,1.89,149.85,105.01,44.24,0.7515372352539409,30.93,0,0,0,0
2017-11-21,0.0,0.0011863416719833,0.0,1.79,9.21,32.73,29.58,6.96,509.95,361.56,1.89,149.85,105.01,44.24,0.7515372352539409,30.93,0,0,0,0
2017-11-22,0.0,0.0012146421697619,0.0,1.74,9.21,32.73,29.58,6.96,509.95,361.56,1.89,149.85,105.01,44.24,0.7515372352539409,30.93,0,0,0,0
2017-11-23,0.0,0.0012385741343264,0.0,1.71,9.21,32.73,29.58,6.96,509.95,361.56,1.89,149.85,105.01,44.24,0.7515372352539409,30.93,0,0,0,0
2017-11-24,0.0,0.0012258484071374,0.0,1.73,9.21,32.73,29.58,6.96,509.95,361.56,1.89,149.85,105.01,44.24,0.7515372352539409,30.93,0,0,0,0
2017-11-27,0.0,0.0012019164425729,0.0,1.76,9.21,32.73,29.58,6.96,509.95,361.56,1.89,149.85,105.01,44.24,0.7515372352539409,30.93,0,0,0,0
2017-11-28,0.0,0.0011749454983811,0.0,1.8,9.21,32.73,29.58,6.96,509.95,361.56,1.89,149.85,105.01,44.24,0.7515372352539409,30.93,0,0,0,0
2017-11-29,0.0,0.0011637392610057,0.0,1.82,9.21,32.73,29.58,6.96,509.95,361.56,1.89,149.85,105.01,44.24,0.7515372352539409,30.93,0,0,0,0
2017-11-30,0.0,0.0010987810714735,0.0,1.93,9.21,32.73,29.58,6.96,509.95,361.56,1.89,149.85,105.01,44.24,0.7515372352539409,30.93,0,0,1,1
2017-12-01,0.0,0.0010676315302943,0.0,1.98,9.21,32.73,29.58,6.96,509.95,361.56,1.89,149.85,105.01,44.24,0.7515372352539409,30.93,0,1,1,1
2017-12-04,0.0,0.0010338228819412,0.0,2.05,9.21,32.73,29.58,6.96,509.95,361.56,1.89,149.85,105.01,44.24,0.7515372352539409,30.93,1,1,1,1
2017-12-05,0.0,0.0010421800759161,0.0,2.03,9.21,32.73,29.58,6.96,509.95,361.56,1.89,149.85,105.01,44.24,0.7515372352539409,30.93,1,1,1,1
2017-12-06,0.0,0.0010366719253418,0.0,2.04,9.21,32.73,29.58,6.96,509.95,361.56,1.89,149.85,105.01,44.24,0.7515372352539409,30.93,1,1,1,1
2017-12-07,0.0,0.0010421800759161,0.0,2.03,13.26,43.19,31.04,6.96,509.95,361.56,1.89,149.85,105.01,44.24,0.7515372352539409,30.93,1,1,1,1
2017-12-08,0.0,0.0010917534310855,0.0,1.94,13.26,43.19,31.04,6.96,509.95,361.56,1.89,149.85,105.01,44.24,0.7515372352539409,30.93,1,1,1,1
2017-12-11,0.0,0.001101630114874,0.0,1.92,13.26,43.19,31.04,6.96,509.95,361.56,1.89,149.85,105.01,44.24,0.7515372352539409,30.93,0,1,1,1
2017-12-12,0.0,0.0010860553442844,0.0,1.95,13.26,43.19,31.04,6.96,509.95,361.56,1.89,149.85,105.01,44.24,0.7515372352539409,30.93,1,1,1,1
2017-12-13,0.0,0.0010902339412719,0.0,1.94,13.26,43.19,31.04,6.96,509.95,361.56,1.89,149.85,105.01,44.24,0.7515372352539409,30.93,0,1,1,1
2017-12-14,0.0,0.0010987810714735,0.0,1.93,13.26,43.19,31.04,6.96,509.95,361.56,1.89,149.85,105.01,44.24,0.7515372352539409,30.93,0,1,1,1
2017-12-15,0.0,0.0011044791582745,0.0,1.92,13.26,43.19,31.04,6.96,509.95,361.56,1.89,149.85,105.01,44.24,0.7515372352539409,30.93,0,1,1,1
2017-12-18,0.0,0.0011115067986625,0.0,1.91,13.26,43.19,31.04,6.96,509.95,361.56,1.89,149.85,105.01,44.24,0.7515372352539409,30.93,0,1,0,1
2017-12-19,0.0,0.0011242325258516,0.0,1.88,13.26,43.19,31.04,6.96,509.95,361.56,1.89,149.85,105.01,44.24,0.7515372352539409,30.93,0,0,0,1
2017-12-20,0.0,0.001142466403615,0.0,1.85,13.26,43.19,31.04,6.96,509.95,361.56,1.89,149.85,105.01,44.24,0.7515372352539409,30.93,0,0,0,1
2017-12-21,0.0,0.0011143558420631,0.0,1.9,13.26,43.19,31.04,6.96,509.95,361.56,1.89,149.85,105.01,44.24,0.7515372352539409,30.93,0,1,0,1
2017-12-22,0.0,0.0010987810714735,0.0,1.93,13.26,43.19,31.04,6.96,509.95,361.56,1.89,149.85,105.01,44.24,0.7515372352539409,30.93,1,1,1,1
2017-12-25,0.0,0.0010761786604959,0.0,1.97,13.26,43.19,31.04,6.96,509.95,361.56,1.89,149.85,105.01,44.24,0.7515372352539409,30.93,1,1,1,1
2017-12-26,0.0,0.0010465486091303,0.0,2.02,13.26,43.19,31.04,6.96,509.95,361.56,1.89,149.85,105.01,44.24,0.7515372352539409,30.93,1,1,1,1
2017-12-27,0.0,0.0010450291193167,0.0,2.03,13.26,43.19,31.04,6.96,509.95,361.56,1.89,149.85,105.01,44.24,0.7515372352539409,30.93,1,1,1,1
2017-12-28,0.0,0.0010775082140828,0.0,1.97,13.26,43.19,31.04,6.96,509.95,361.56,1.89,149.85,105.01,44.24,0.7515372352539409,30.93,1,1,1,1
2017-12-29,0.0,0.0010761786604959,0.0,1.97,13.26,43.19,31.04,6.96,509.95,361.56,1.89,149.85,105.01,44.24,0.7515372352539409,30.93,1,1,1,1
2018-01-02,0.0,0.001101630114874,0.0,1.92,13.26,43.19,31.04,6.96,509.95,361.56,1.89,149.85,105.01,44.24,0.7515372352539409,30.93,1,1,1,1
2018-01-03,0.0,0.0011341092096401,0.0,1.87,13.26,43.19,31.04,6.96,509.95,361.56,1.89,149.85,105.01,44.24,0.7515372352539409,30.93,1,1,0,1
2018-01-04,0.0,0.0011510135338166,0.0,1.84,13.26,43.19,31.04,6.96,509.95,361.56,1.89,149.85,105.01,44.24,0.7515372352539409,30.93,1,0,0,1
2018-01-05,0.0,0.0011793140315953,0.0,1.8,13.26,43.19,31.04,6.96,509.95,361.56,1.89,149.85,105.01,44.24,0.7515372352539409,30.93,0,0,0,1
2018-01-08,0.0,0.0011793140315953,0.0,1.8,3.86,39.91,31.91,6.96,509.95,361.56,1.89,149.85,105.01,44.24,0.7515372352539409,30.93,0,0,0,1
2018-01-09,0.0,0.0011665883044062,0.0,1.82,3.86,39.91,31.91,6.96,509.95,361.56,1.89,149.85,105.01,44.24,0.7515372352539409,30.93,0,0,0,1
2018-01-10,0.0,0.0011058087118615,0.0,1.92,3.86,39.91,31.91,6.96,509.95,361.56,1.89,149.85,105.01,44.24,0.7515372352539409,30.93,1,1,1,1
2018-01-11,0.0,0.0011341092096401,0.0,1.87,3.86,39.91,31.91,6.96,509.95,361.56,1.89,149.85,105.01,44.24,0.7515372352539409,30.93,1,0,1,1
2018-01-12,0.0,0.0011496839802297,0.0,1.84,3.86,39.91,31.91,6.96,509.95,361.56,1.89,149.85,105.01,44.24,0.7515372352539409,30.93,0,0,0,1
2018-01-15,0.0,0.0011777945417817,0.0,1.8,3.86,39.91,31.91,6.96,509.95,361.56,1.89,149.85,105.01,44.24,0.7515372352539409,30.93,0,0,0,1
2018-01-16,0.0,0.0012003969527593,0.0,1.76,3.86,39.91,31.91,6.96,509.95,361.56,1.89,149.85,105.01,44.24,0.7515372352539409,30.93,0,0,0,0
2018-01-17,0.0,0.0011439858934286,0.0,1.85,3.86,39.91,31.91,6.96,509.95,361.56,1.89,149.85,105.01,44.24,0.7515372352539409,30.93,0,0,1,1
2018-01-18,0.0,0.0011580411742046,0.0,1.83,3.86,39.91,31.91,6.96,509.95,361.56,1.89,149.85,105.01,44.24,0.7515372352539409,30.93,0,0,1,1
2018-01-19,0.0,0.0011382878066276,0.0,1.86,3.86,39.91,31.91,6.96,509.95,361.56,1.89,149.85,105.01,44.24,0.7515372352539409,30.93,0,0,1,1
2018-01-22,0.0,0.0011369582530407,0.0,1.86,3.86,39.91,31.91,6.96,509.95,361.56,1.89,149.85,105.01,44.24,0.7515372352539409,30.93,0,0,1,1
2018-01-23,0.0,0.0011325897198265,0.0,1.87,3.86,39.91,31.91,6.96,509.95,361.56,1.89,149.85,105.01,44.24,0.7515372352539409,30.93,0,0,1,1
2018-01-24,0.0,0.0011369582530407,0.0,1.86,3.86,39.91,31.91,6.96,509.95,361.56,1.89,149.85,105.01,44.24,0.7515372352539409,30.93,0,0,1,1
2018-01-25,0.0,0.001108657755262,0.0,1.91,3.86,39.91,31.91,6.96,509.95,361.56,1.89,149.85,105.01,44.24,0.7515372352539409,30.93,0,0,1,1
2018-01-26,0.0,0.0011213834824511,0.0,1.89,3.86,39.91,31.91,6.96,509.95,361.56,1.89,149.85,105.01,44.24,0.7515372352539409,30.93,0,0,1,1
2018-01-29,0.0,0.0011128363522494,0.0,1.9,3.86,39.91,31.91,6.96,509.95,361.56,1.89,149.85,105.01,44.24,0.7515372352539409,30.93,0,0,1,1
2018-01-30,0.0,0.0011071382654484,0.0,1.91,3.86,39.91,31.91,6.96,509.95,361.56,1.89,149.85,105.01,44.24,0.7515372352539409,30.93,0,0,1,1
2018-01-31,0.0,0.0011213834824511,0.0,1.89,3.86,39.91,31.91,6.96,509.95,361.56,1.89,149.85,105.01,44.24,0.7515372352539409,30.93,0,0,1,1
2018-02-01,0.0,0.0011468349368292,0.0,1.85,3.86,39.91,31.91,6.96,509.95,361.56,1.89,149.85,105.01,44.24,0.7515372352539409,30.93,0,0,1,1
2018-02-02,0.0,0.0011242325258516,0.0,1.88,3.86,39.91,31.91,6.96,509.95,361.56,1.89,149.85,105.01,44.24,0.7515372352539409,30.93,0,0,1,1
2018-02-05,0.0,0.0010930829846724,0.0,1.94,3.86,39.91,31.91,6.96,509.95,361.56,1.89,149.85,105.01,44.24,0.7515372352539409,30.93,0,1,1,1
2018-02-06,0.0,0.0010224267083391,0.0,2.07,3.86,39.91,31.91,6.96,509.95,361.56,1.89,149.85,105.01,44.24,0.7515372352539409,30.93,1,1,1,1
2018-02-07,0.0,0.0010395209687423,0.0,2.04,3.03,51.14,51.14,6.96,509.95,361.56,1.89,149.85,105.01,44.24,0.7515372352539409,30.93,1,1,1,1
2018-02-08,0.0,0.0010267952415532,0.0,2.06,3.03,51.14,51.14,6.96,509.95,361.56,1.89,149.85,105.01,44.24,0.7515372352539409,30.93,1,1,1,1
2018-02-09,0.0,0.0010351524355282,0.0,2.05,3.03,51.14,51.14,6.96,509.95,361.56,1.89,149.85,105.01,44.24,0.7515372352539409,30.93,1,1,1,1
2018-02-12,0.0,0.0010733296170953,0.0,1.97,3.03,51.14,51.14,6.96,509.95,361.56,1.89,149.85,105.01,44.24,0.7515372352539409,30.93,1,1,1,1
2018-02-21,0.0,0.0381808514809431,0.0,1.88,3.03,51.14,51.14,156.86,2.6,62.6,53.72,153.99,119.72,49.61,12.1383363471971,149.51,0,1,1,1
2018-02-22,0.0,0.0378916512929878,0.0,1.89,3.03,51.14,51.14,156.86,2.6,62.6,53.72,153.99,119.72,49.61,12.1383363471971,149.51,1,1,1,1
2018-02-23,0.0,0.0381808514809431,0.0,1.88,3.03,51.14,51.14,156.86,2.6,62.6,53.72,153.99,119.72,49.61,12.1383363471971,149.51,1,1,1,1
2018-02-26,0.0,0.0387078384901061,0.0,1.85,3.03,51.14,51.14,156.86,2.6,62.6,53.72,153.99,119.72,49.61,12.1383363471971,149.51,0,1,1,1
2018-02-27,0.0,0.0386114384274543,0.0,4.48,3.03,51.14,51.14,156.86,2.6,62.6,53.72,153.99,119.72,49.61,12.1383363471971,149.51,1,1,1,1
2018-03-01,0.0,0.0376088777758759,0.0,4.6,3.03,51.14,51.14,156.86,2.6,62.6,53.72,153.99,119.72,49.61,12.1383363471971,149.51,1,1,1,1
2018-03-02,0.0,0.0374610643464766,0.0,4.62,3.03,51.14,51.14,156.86,2.6,62.6,53.72,153.99,119.72,49.61,12.1383363471971,149.51,1,1,1,1
2018-03-05,0.0,0.0374610643464766,0.0,4.62,3.03,51.14,51.14,156.86,2.6,62.6,53.72,153.99,119.72,49.61,12.1383363471971,149.51,1,1,1,1
2018-03-06,0.0,0.0380394647223872,0.0,4.55,3.03,51.14,51.14,156.86,2.6,62.6,53.72,153.99,119.72,49.61,12.1383363471971,149.51,1,1,1,1
2018-03-07,0.0,0.0382258381768472,0.0,4.53,-3.59,49.3,50.23,156.86,2.6,62.6,53.72,153.99,119.72,49.61,12.1383363471971,149.51,1,1,1,1
2018-03-08,0.0,0.0391834121325215,0.0,4.41,-3.59,49.3,50.23,156.86,2.6,62.6,53.72,153.99,119.72,49.61,12.1383363471971,149.51,1,1,1,1
2018-03-09,0.0,0.0398067992043362,0.0,4.35,-3.59,49.3,50.23,156.86,2.6,62.6,53.72,153.99,119.72,49.61,12.1383363471971,149.51,1,1,1,1
2018-03-12,0.0,0.0396589857749368,0.0,4.36,-3.59,49.3,50.23,156.86,2.6,62.6,53.72,153.99,119.72,49.61,12.1383363471971,149.51,1,1,1,1
2018-03-13,0.0,0.0429622945884707,0.0,4.03,-3.59,49.3,50.23,156.86,2.6,62.6,53.72,153.99,119.72,49.61,12.1383363471971,149.51,1,1,1,1
2018-03-14,0.0,0.0427180810964196,0.0,4.05,-3.59,49.3,50.23,156.86,2.6,62.6,53.72,153.99,119.72,49.61,12.1383363471971,149.51,1,1,1,1
2018-03-15,0.0,0.0434828549267903,0.0,3.98,-3.59,49.3,50.23,156.86,2.6,62.6,53.72,153.99,119.72,49.61,12.1383363471971,149.51,1,1,1,1
2018-03-16,0.0,0.0450124025875316,0.0,3.84,-3.59,49.3,50.23,156.86,2.6,62.6,53.72,153.99,119.72,49.61,12.1383363471971,149.51,0,0,0,1
2018-03-19,0.0,0.0463491501229695,0.0,3.73,-3.59,49.3,50.23,156.86,2.6,62.6,53.72,153.99,119.72,49.61,12.1383363471971,149.51,0,0,0,0
2018-03-20,0.0,0.0453980028381387,0.0,3.81,-3.59,49.3,50.23,156.86,2.6,62.6,53.72,153.99,119.72,49.61,12.1383363471971,149.51,0,0,0,0
2018-03-21,0.0,0.0473067240786437,0.0,3.66,-3.59,49.3,50.23,156.86,2.6,62.6,53.72,153.99,119.72,49.61,12.1383363471971,149.51,0,0,0,0
2018-03-22,0.0,0.04601496323911,0.0,3.76,-3.59,49.3,50.23,156.86,2.6,62.6,53.72,153.99,119.72,49.61,12.1383363471971,149.51,0,0,0,0
2018-03-23,0.0,0.045160216016931,0.0,3.83,-3.59,49.3,50.23,156.86,2.6,62.6,53.72,153.99,119.72,49.61,12.1383363471971,149.51,0,0,0,0
2018-03-26,0.0,0.0439648552400491,0.0,3.93,-3.59,49.3,50.23,156.86,2.6,62.6,53.72,153.99,119.72,49.61,12.1383363471971,149.51,0,0,1,1
2018-03-27,0.0,0.0455908029634422,0.0,3.79,-3.59,49.3,50.23,156.86,2.6,62.6,53.72,153.99,119.72,49.61,12.1383363471971,149.51,0,0,0,0
2018-03-28,0.0,0.0433414681682343,0.0,3.99,-3.59,49.3,50.23,156.86,2.6,62.6,53.72,153.99,119.72,49.61,12.1383363471971,149.51,1,1,1,1
2018-03-29,0.0,0.044106241998605,0.0,3.92,-3.59,49.3,50.23,156.86,2.6,62.6,53.72,153.99,119.72,49.61,12.1383363471971,149.51,0,0,1,1
2018-03-30,0.0,0.0438684551773973,0.0,3.94,-3.59,49.3,50.23,156.86,2.6,62.6,53.72,153.99,119.72,49.61,12.1383363471971,149.51,0,0,1,1
2018-03-31,0.0,0.0439648552400491,0.0,3.93,-3.59,49.3,50.23,156.86,2.6,62.6,53.72,153.99,119.72,49.61,12.1383363471971,149.51,0,0,1,1
2018-04-02,0.0,0.0438170418106497,0.0,3.95,-3.59,49.3,50.23,156.86,2.6,62.6,53.72,153.99,119.72,49.61,12.1383363471971,149.51,0,0,1,1
2018-04-03,0.0,0.0432964814723302,0.0,4.0,-3.59,49.3,50.23,156.86,2.6,62.6,53.72,153.99,119.72,49.61,12.1383363471971,149.51,1,1,1,1
2018-04-09,0.0,0.0422874941499084,0.0,4.09,13.42,60.32,53.69,156.86,2.6,62.6,53.72,153.99,119.72,49.61,12.1383363471971,149.51,1,1,1,1
2018-04-10,0.0,0.0439134418733015,0.0,3.94,13.42,60.32,53.69,156.86,2.6,62.6,53.72,153.99,119.72,49.61,12.1383363471971,149.51,1,0,1,1
2018-04-11,0.0,0.043579254989442,0.0,3.97,13.42,60.32,53.69,156.86,2.6,62.6,53.72,153.99,119.72,49.61,12.1383363471971,149.51,1,1,1,1
2018-04-12,0.0,0.0442026420612568,0.0,3.91,13.42,60.32,53.69,156.86,2.6,62.6,53.72,153.99,119.72,49.61,12.1383363471971,149.51,0,0,1,1
2018-04-13,0.0,0.044633229007768,0.0,3.88,13.42,60.32,53.69,156.86,2.6,62.6,53.72,153.99,119.72,49.61,12.1383363471971,149.51,0,0,1,0
2018-04-16,0.0,0.0440612553027009,0.0,3.93,13.42,60.32,53.69,156.86,2.6,62.6,53.72,153.99,119.72,49.61,12.1383363471971,149.51,0,1,1,1
2018-04-17,0.0,0.0427694944631672,0.0,4.04,13.42,60.32,53.69,156.86,2.6,62.6,53.72,153.99,119.72,49.61,12.1383363471971,149.51,1,1,1,1
2018-04-18,0.0,0.0444854155783686,0.0,3.89,13.42,60.32,53.69,156.86,2.6,62.6,53.72,153.99,119.72,49.61,12.1383363471971,149.51,0,1,1,0
2018-04-19,0.0,0.0467797370694807,0.0,3.7,13.42,60.32,53.69,156.86,2.6,62.6,53.72,153.99,119.72,49.61,12.1383363471971,149.51,0,0,0,0
2018-04-20,0.0,0.0442990421239086,0.0,3.91,13.42,60.32,53.69,156.86,2.6,62.6,53.72,153.99,119.72,49.61,12.1383363471971,149.51,0,1,1,1
2018-04-23,0.0,0.0444404288824645,0.0,3.89,13.42,60.32,53.69,156.86,2.6,62.6,53.72,153.99,119.72,49.61,12.1383363471971,149.51,0,1,1,0
2018-04-24,0.0,0.043052267980279,0.0,4.02,13.42,60.32,53.69,156.86,2.6,62.6,53.72,153.99,119.72,49.61,12.1383363471971,149.51,1,1,1,1
2018-04-25,0.0,0.0433864548641385,0.0,3.99,13.42,60.32,53.69,156.86,2.6,62.6,53.72,153.99,119.72,49.61,12.1383363471971,149.51,1,1,1,1
2018-04-26,0.0,0.0438684551773973,0.0,3.94,13.42,60.32,53.69,156.86,2.6,62.6,53.72,153.99,119.72,49.61,12.1383363471971,149.51,1,1,1,1
2018-04-27,0.0,0.0444854155783686,0.0,3.89,13.42,60.32,53.69,156.86,2.6,62.6,53.72,153.99,119.72,49.61,12.1383363471971,149.51,0,1,1,0
2018-04-30,0.0,0.0444404288824645,0.0,3.89,13.42,60.32,53.69,156.86,2.6,62.6,53.72,153.99,119.72,49.61,12.1383363471971,149.51,0,1,1,0
2018-05-02,0.0,0.0438170418106497,0.0,3.95,13.42,60.32,53.69,156.86,2.6,62.6,53.72,153.99,119.72,49.61,12.1383363471971,149.51,1,1,1,1
2018-05-03,0.0,0.0429622945884707,0.0,4.03,13.42,60.32,53.69,156.86,2.6,62.6,53.72,153.99,119.72,49.61,12.1383363471971,149.51,1,1,1,1
2018-05-04,0.0,0.0438170418106497,0.0,3.95,13.42,60.32,53.69,156.86,2.6,62.6,53.72,153.99,119.72,49.61,12.1383363471971,149.51,1,1,1,0
2018-05-07,0.0,0.0442476287571609,0.0,3.91,14.25,77.91,60.01,156.86,2.6,62.6,53.72,153.99,119.72,49.61,12.1383363471971,149.51,1,1,1,0
2018-05-08,0.0,0.0449160025248799,0.0,3.85,14.25,77.91,60.01,156.86,2.6,62.6,53.72,153.99,119.72,49.61,12.1383363471971,149.51,1,1,1,0
2018-05-09,0.0,0.0451088026501834,0.0,3.83,14.25,77.91,60.01,156.86,2.6,62.6,53.72,153.99,119.72,49.61,12.1383363471971,149.51,1,1,0,0
2018-05-10,0.0,0.0447296290704198,0.0,3.87,14.25,77.91,60.01,156.86,2.6,62.6,53.72,153.99,119.72,49.61,12.1383363471971,149.51,1,1,1,0
2018-05-11,0.0,0.0456807763552505,0.0,3.79,14.25,77.91,60.01,156.86,2.6,62.6,53.72,153.99,119.72,49.61,12.1383363471971,149.51,1,1,0,0
2018-05-14,0.0,0.0455393895966946,0.0,3.8,14.25,77.91,60.01,156.86,2.6,62.6,53.72,153.99,119.72,49.61,12.1383363471971,149.51,1,1,0,0
2018-05-15,0.0,0.0388512195519011,0.0,3.79,14.25,77.91,60.01,-67.12,119.91,119.91,27.47,115.93,115.93,51.82,4.454747026809113,-69.0,1,1,0,0
2018-05-16,0.0,0.0416962602739105,0.0,3.53,14.25,77.91,60.01,-67.12,119.91,119.91,27.47,115.93,115.93,51.82,4.454747026809113,-69.0,0,0,0,0
2018-05-17,0.0,0.0412913890942399,0.0,3.57,14.25,77.91,60.01,-67.12,119.91,119.91,27.47,115.93,115.93,51.82,4.454747026809113,-69.0,0,0,0,0
2018-05-18,0.0,0.0402354412878019,0.0,3.66,14.25,77.91,60.01,-67.12,119.91,119.91,27.47,115.93,115.93,51.82,4.454747026809113,-69.0,0,0,0,0
2018-05-21,0.0,0.0402737399129058,0.0,3.66,14.25,77.91,60.01,-67.12,119.91,119.91,27.47,115.93,115.93,51.82,4.454747026809113,-69.0,0,0,0,0
2018-05-22,0.0,0.0395405948037726,0.0,3.72,14.25,77.91,60.01,-67.12,119.91,119.91,27.47,115.93,115.93,51.82,4.454747026809113,-69.0,1,0,0,0
2018-05-23,0.0,0.0403941070203754,0.0,3.65,14.25,77.91,60.01,-67.12,119.91,119.91,27.47,115.93,115.93,51.82,4.454747026809113,-69.0,0,0,0,0
2018-05-24,0.0,0.0414938246840752,0.0,3.55,14.25,77.91,60.01,-67.12,119.91,119.91,27.47,115.93,115.93,51.82,4.454747026809113,-69.0,0,0,0,0
2018-05-25,0.0,0.0408865179145694,0.0,3.6,14.25,77.91,60.01,-67.12,119.91,119.91,27.47,115.93,115.93,51.82,4.454747026809113,-69.0,0,0,0,0
2018-05-28,0.0,0.0403941070203754,0.0,3.65,14.25,77.91,60.01,-67.12,119.91,119.91,27.47,115.93,115.93,51.82,4.454747026809113,-69.0,0,0,0,0
2018-05-29,0.0,0.0402354412878019,0.0,3.66,14.25,77.91,60.01,-67.12,119.91,119.91,27.47,115.93,115.93,51.82,4.454747026809113,-69.0,0,0,0,0
2018-05-30,0.0,0.0392560907315717,0.0,3.75,14.25,77.91,60.01,-67.12,119.91,119.91,27.47,115.93,115.93,51.82,4.454747026809113,-69.0,1,0,0,0
2018-05-31,0.0,0.0405199453600028,0.0,3.63,14.25,77.91,60.01,-67.12,119.91,119.91,27.47,115.93,115.93,51.82,4.454747026809113,-69.0,0,0,0,0
2018-06-01,0.0,0.0396664331434,0.0,3.71,14.25,77.91,60.01,-67.12,119.91,119.91,27.47,115.93,115.93,51.82,4.454747026809113,-69.0,0,0,0,0
2018-06-04,0.0,0.0408865179145694,0.0,3.6,14.25,77.91,60.01,-67.12,119.91,119.91,27.47,115.93,115.93,51.82,4.454747026809113,-69.0,0,0,0,0
2018-06-05,0.0,0.0410889535044047,0.0,3.58,14.25,77.91,60.01,-67.12,119.91,119.91,27.47,115.93,115.93,51.82,4.454747026809113,-69.0,0,0,0,0
2018-06-06,0.0,0.0406840823247341,0.0,3.62,14.25,77.91,60.01,-67.12,119.91,119.91,27.47,115.93,115.93,51.82,4.454747026809113,-69.0,0,0,0,0
2018-06-07,0.0,0.0410889535044047,0.0,3.58,8.4,102.33,68.44,-67.12,119.91,119.91,27.47,115.93,115.93,51.82,4.454747026809113,-69.0,0,0,0,0
2018-06-08,0.0,0.0406020138423684,0.0,3.63,8.4,102.33,68.44,-67.12,119.91,119.91,27.47,115.93,115.93,51.82,4.454747026809113,-69.0,0,0,0,0
2018-06-11,0.0,0.0408865179145694,0.0,3.6,8.4,102.33,68.44,-67.12,119.91,119.91,27.47,115.93,115.93,51.82,4.454747026809113,-69.0,0,0,0,0
2018-06-12,0.0,0.0397047317685039,0.0,3.71,8.4,102.33,68.44,-67.12,119.91,119.91,27.47,115.93,115.93,51.82,4.454747026809113,-69.0,0,0,0,0
2018-06-13,0.0,0.0382384415502376,0.0,3.73,8.4,102.33,68.44,-67.12,119.91,119.91,27.47,115.93,115.93,51.82,4.454747026809113,-69.0,0,0,0,0
2018-06-14,0.0,0.037833570370567,0.0,3.77,8.4,102.33,68.44,-67.12,119.91,119.91,27.47,115.93,115.93,51.82,4.454747026809113,-69.0,0,0,0,0
2018-06-15,0.0,0.0375490662983661,0.0,3.8,8.4,102.33,68.44,-67.12,119.91,119.91,27.47,115.93,115.93,51.82,4.454747026809113,-69.0,0,0,0,0
2018-06-19,0.0,0.0368596910464946,0.0,3.87,8.4,102.33,68.44,-67.12,119.91,119.91,27.47,115.93,115.93,51.82,4.454747026809113,-69.0,0,0,0,0
2018-06-20,0.0,0.0367776225641289,0.0,3.88,8.4,102.33,68.44,-67.12,119.91,119.91,27.47,115.93,115.93,51.82,4.454747026809113,-69.0,0,0,0,0
2018-06-21,0.0,0.0376311347807317,0.0,3.79,8.4,102.33,68.44,-67.12,119.91,119.91,27.47,115.93,115.93,51.82,4.454747026809113,-69.0,0,0,0,0
2018-06-22,0.0,0.0376311347807317,0.0,3.79,8.4,102.33,68.44,-67.12,119.91,119.91,27.47,115.93,115.93,51.82,4.454747026809113,-69.0,0,0,0,0
2018-06-25,0.0,0.0351909652383929,0.0,4.06,8.4,102.33,68.44,-67.12,119.91,119.91,27.47,115.93,115.93,51.82,4.454747026809113,-69.0,0,0,0,0
2018-06-26,0.0,0.0347423242014607,0.0,4.11,8.4,102.33,68.44,-67.12,119.91,119.91,27.47,115.93,115.93,51.82,4.454747026809113,-69.0,0,1,0,0
2018-06-27,0.0,0.0354754693105938,0.0,4.03,8.4,102.33,68.44,-67.12,119.91,119.91,27.47,115.93,115.93,51.82,4.454747026809113,-69.0,0,0,0,0
2018-06-28,0.0,0.0351800227740775,0.0,4.23,8.4,102.33,68.44,-67.12,119.91,119.91,27.47,115.93,115.93,51.82,4.454747026809113,-69.0,0,0,0,0
2018-06-29,0.0,0.0352675624886009,0.0,4.22,8.4,102.33,68.44,-67.12,119.91,119.91,27.47,115.93,115.93,51.82,4.454747026809113,-69.0,0,0,0,0
2018-07-02,0.0,0.0343319817896324,0.0,4.33,8.4,102.33,68.44,-67.12,119.91,119.91,27.47,115.93,115.93,51.82,4.454747026809113,-69.0,1,1,0,0
2018-07-03,0.0,0.0346711981834104,0.0,4.29,8.4,102.33,68.44,-67.12,119.91,119.91,27.47,115.93,115.93,51.82,4.454747026809113,-69.0,1,0,0,0
2018-07-04,0.0,0.0342936831645284,0.0,4.34,8.4,102.33,68.44,-67.12,119.91,119.91,27.47,115.93,115.93,51.82,4.454747026809113,-69.0,1,1,0,0
2018-07-05,0.0,0.0331064257863053,0.0,4.49,8.4,102.33,68.44,-67.12,119.91,119.91,27.47,115.93,115.93,51.82,4.454747026809113,-69.0,1,1,0,0
2018-07-06,0.0,0.0336152503769723,0.0,4.43,8.4,102.33,68.44,-67.12,119.91,119.91,27.47,115.93,115.93,51.82,4.454747026809113,-69.0,1,1,0,0
2018-07-09,0.0,0.0343319817896324,0.0,4.33,3.12,104.74,74.56,-67.12,119.91,119.91,27.47,115.93,115.93,51.82,4.454747026809113,-69.0,1,0,0,0
2018-07-10,0.0,0.0355630090251172,0.0,4.18,3.12,104.74,74.56,-67.12,119.91,119.91,27.47,115.93,115.93,51.82,4.454747026809113,-69.0,0,0,0,0
2018-07-11,0.0,0.0354371706854899,0.0,4.2,3.12,104.74,74.56,-67.12,119.91,119.91,27.47,115.93,115.93,51.82,4.454747026809113,-69.0,0,0,0,0
2018-07-12,0.0,0.036454819866824,0.0,4.08,3.12,104.74,74.56,-67.12,119.91,119.91,27.47,115.93,115.93,51.82,4.454747026809113,-69.0,0,0,0,0
2018-07-13,0.0,0.0376420772450471,0.0,3.95,3.12,104.74,74.56,-67.12,119.91,119.91,27.47,115.93,115.93,51.82,4.454747026809113,-69.0,0,0,0,0
2018-07-16,0.0,0.036454819866824,0.0,4.08,3.12,104.74,74.56,-67.12,119.91,119.91,27.47,115.93,115.93,51.82,4.454747026809113,-69.0,0,0,0,0
2018-07-17,0.0,0.0373411594763731,0.0,3.98,3.12,104.74,74.56,-67.12,119.91,119.91,27.47,115.93,115.93,51.82,4.454747026809113,-69.0,0,0,0,0
2018-07-18,0.0,0.0356067788823789,0.0,4.18,3.12,104.74,74.56,-67.12,119.91,119.91,27.47,115.93,115.93,51.82,4.454747026809113,-69.0,0,0,0,0
2018-07-19,0.0,0.0339927653958543,0.0,4.38,3.12,104.74,74.56,-67.12,119.91,119.91,27.47,115.93,115.93,51.82,4.454747026809113,-69.0,0,0,0,0
2018-07-20,0.0,0.0341240749676394,0.0,4.36,3.12,104.74,74.56,-67.12,119.91,119.91,27.47,115.93,115.93,51.82,4.454747026809113,-69.0,0,0,0,0
2018-07-23,0.0,0.0332760339831943,0.0,4.47,3.12,104.74,74.56,-67.12,119.91,119.91,27.47,115.93,115.93,51.82,4.454747026809113,-69.0,0,0,0,0
2018-07-24,0.0,0.0333581024655599,0.0,4.46,3.12,104.74,74.56,-67.12,119.91,119.91,27.47,115.93,115.93,51.82,4.454747026809113,-69.0,0,0,0,0
2018-07-25,0.0,0.034206143450005,0.0,4.35,3.12,104.74,74.56,-67.12,119.91,119.91,27.47,115.93,115.93,51.82,4.454747026809113,-69.0,0,0,0,0
2018-07-26,0.0,0.0343319817896324,0.0,4.33,3.12,104.74,74.56,-67.12,119.91,119.91,27.47,115.93,115.93,51.82,4.454747026809113,-69.0,0,0,0,0
2018-07-27,0.0,0.0347149680406721,0.0,4.29,3.12,104.74,74.56,-67.12,119.91,119.91,27.47,115.93,115.93,51.82,4.454747026809113,-69.0,0,0,0,0
2018-07-30,0.0,0.0337410887165997,0.0,4.41,3.12,104.74,74.56,-67.12,119.91,119.91,27.47,115.93,115.93,51.82,4.454747026809113,-69.0,0,0,0,0
2018-07-31,0.0,0.0333143326082983,0.0,4.47,3.12,104.74,74.56,-67.12,119.91,119.91,27.47,115.93,115.93,51.82,4.454747026809113,-69.0,0,0,0,0
2018-08-01,0.0,0.0337410887165997,0.0,4.41,3.12,104.74,74.56,-67.12,119.91,119.91,27.47,115.93,115.93,51.82,4.454747026809113,-69.0,0,0,0,0
2018-08-02,0.0,0.0332322641259326,0.0,4.48,3.12,104.74,74.56,-67.12,119.91,119.91,27.47,115.93,115.93,51.82,4.454747026809113,-69.0,0,0,0,0
2018-08-03,0.0,0.0321270752300751,0.0,4.63,3.12,104.74,74.56,-67.12,119.91,119.91,27.47,115.93,115.93,51.82,4.454747026809113,-69.0,0,0,0,0
2018-08-06,0.0,0.0311969657632644,0.0,4.77,3.12,104.74,74.56,-67.12,119.91,119.91,27.47,115.93,115.93,51.82,4.454747026809113,-69.0,0,0,0,0
2018-08-07,0.0,0.0314924122997807,0.0,4.72,-4.93,89.96,76.83,-67.12,119.91,119.91,27.47,115.93,115.93,51.82,4.454747026809113,-69.0,0,0,0,0
2018-08-08,0.0,0.031240735620526,0.0,4.76,-4.93,89.96,76.83,-67.12,119.91,119.91,27.47,115.93,115.93,51.82,4.454747026809113,-69.0,0,0,0,0
2018-08-09,0.0,0.03127903424563,0.0,4.76,-4.93,89.96,76.83,-67.12,119.91,119.91,27.47,115.93,115.93,51.82,4.454747026809113,-69.0,0,0,0,0
2018-08-10,0.0,0.0310273575663753,0.0,4.8,-4.93,89.96,76.83,-67.12,119.91,119.91,27.47,115.93,115.93,51.82,4.454747026809113,-69.0,0,0,0,0
2018-08-13,0.0,0.0292054372578578,0.0,5.09,-4.93,89.96,76.83,-67.12,119.91,119.91,27.47,115.93,115.93,51.82,4.454747026809113,-69.0,0,0,0,0
2018-08-14,0.0,0.0454057935291591,0.0,5.0,-4.93,89.96,76.83,86.79,68.72,83.62,38.36,176.24,147.27,55.05,6.233114627556922,53.97,0,0,0,0
2018-08-15,0.0,0.0437862450929288,0.0,5.18,-4.93,89.96,76.83,86.79,68.72,83.62,38.36,176.24,147.27,55.05,6.233114627556922,53.97,0,0,0,0
2018-08-16,0.0,0.0435274512706445,0.0,5.22,-4.93,89.96,76.83,86.79,68.72,83.62,38.36,176.24,147.27,55.05,6.233114627556922,53.97,1,0,0,0
2018-08-17,0.0,0.0420414738394641,0.0,5.4,-4.93,89.96,76.83,86.79,68.72,83.62,38.36,176.24,147.27,55.05,6.233114627556922,53.97,1,0,0,0
2018-08-20,0.0,0.0424922759815076,0.0,5.34,-4.93,89.96,76.83,86.79,68.72,83.62,38.36,176.24,147.27,55.05,6.233114627556922,53.97,1,0,0,0
2018-08-21,0.0,0.0443038327374972,0.0,5.12,-4.93,89.96,76.83,86.79,68.72,83.62,38.36,176.24,147.27,55.05,6.233114627556922,53.97,0,0,0,0
2018-08-22,0.0,0.0435942367731695,0.0,5.21,-4.93,89.96,76.83,86.79,68.72,83.62,38.36,176.24,147.27,55.05,6.233114627556922,53.97,1,0,0,0
2018-08-23,0.0,0.0435274512706445,0.0,5.22,-4.93,89.96,76.83,86.79,68.72,83.62,38.36,176.24,147.27,55.05,6.233114627556922,53.97,1,0,0,0
2018-08-24,0.0,0.0435942367731695,0.0,5.21,-4.93,89.96,76.83,86.79,68.72,83.62,38.36,176.24,147.27,55.05,6.233114627556922,53.97,0,0,0,0
2018-08-27,0.0,0.0453390080266342,0.0,5.01,-4.93,89.96,76.83,86.79,68.72,83.62,38.36,176.24,147.27,55.05,6.233114627556922,53.97,0,0,0,0
2018-08-28,0.0,0.0457230246661527,0.0,4.96,-4.93,89.96,76.83,86.79,68.72,83.62,38.36,176.24,147.27,55.05,6.233114627556922,53.97,0,0,0,0
2018-08-29,0.0,0.0452054370215842,0.0,5.02,-4.93,89.96,76.83,86.79,68.72,83.62,38.36,176.24,147.27,55.05,6.233114627556922,53.97,0,0,0,0
2018-08-30,0.0,0.0451469997068749,0.0,5.03,-4.93,89.96,76.83,86.79,68.72,83.62,38.36,176.24,147.27,55.05,6.233114627556922,53.97,0,0,0,0
2018-08-31,0.0,0.0450802142043499,0.0,5.04,-4.93,89.96,76.83,86.79,68.72,83.62,38.36,176.24,147.27,55.05,6.233114627556922,53.97,0,0,0,0
2018-09-03,0.0,0.0431350864433104,0.0,5.26,-4.93,89.96,76.83,86.79,68.72,83.62,38.36,176.24,147.27,55.05,6.233114627556922,53.97,0,0,0,0
2018-09-04,0.0,0.0437194595904038,0.0,5.19,-4.93,89.96,76.83,86.79,68.72,83.62,38.36,176.24,147.27,55.05,6.233114627556922,53.97,0,0,0,0
2018-09-05,0.0,0.043076649128601,0.0,5.27,-4.93,89.96,76.83,86.79,68.72,83.62,38.36,176.24,147.27,55.05,6.233114627556922,53.97,0,0,0,0
2018-09-06,0.0,0.0411315213675615,0.0,5.52,-4.93,89.96,76.83,86.79,68.72,83.62,38.36,176.24,147.27,55.05,6.233114627556922,53.97,0,0,0,0
2018-09-07,0.0,0.0371911767185887,0.0,6.1,0.87,89.17,78.43,86.79,68.72,83.62,38.36,176.24,147.27,55.05,6.233114627556922,53.97,1,1,0,0
2018-09-10,0.0,0.0384183603274849,0.0,5.91,0.87,89.17,78.43,86.79,68.72,83.62,38.36,176.24,147.27,55.05,6.233114627556922,53.97,0,0,0,0
2018-09-11,0.0,0.0388691624695284,0.0,5.84,0.87,89.17,78.43,86.79,68.72,83.62,38.36,176.24,147.27,55.05,6.233114627556922,53.97,0,0,0,0
2018-09-12,0.0,0.0371243912160637,0.0,6.11,0.87,89.17,78.43,86.79,68.72,83.62,38.36,176.24,147.27,55.05,6.233114627556922,53.97,1,0,0,0
2018-09-13,0.0,0.0371911767185887,0.0,6.1,0.87,89.17,78.43,86.79,68.72,83.62,38.36,176.24,147.27,55.05,6.233114627556922,53.97,1,0,0,0
2018-09-14,0.0,0.0385435831447192,0.0,5.89,0.87,89.17,78.43,86.79,68.72,83.62,38.36,176.24,147.27,55.05,6.233114627556922,53.97,0,0,0,0
2018-09-17,0.0,0.0395787584338561,0.0,5.74,0.87,89.17,78.43,86.79,68.72,83.62,38.36,176.24,147.27,55.05,6.233114627556922,53.97,0,0,0,0
2018-09-18,0.0,0.0383515748249599,0.0,5.92,0.87,89.17,78.43,86.79,68.72,83.62,38.36,176.24,147.27,55.05,6.233114627556922,53.97,0,0,0,0
2018-09-19,0.0,0.0388023769670034,0.0,5.85,0.87,89.17,78.43,86.79,68.72,83.62,38.36,176.24,147.27,55.05,6.233114627556922,53.97,0,0,0,0
2018-09-20,0.0,0.0384851458300098,0.0,5.9,0.87,89.17,78.43,86.79,68.72,83.62,38.36,176.24,147.27,55.05,6.233114627556922,53.97,0,0,0,0
2018-09-21,0.0,0.0378339871803915,0.0,6.0,0.87,89.17,78.43,86.79,68.72,83.62,38.36,176.24,147.27,55.05,6.233114627556922,53.97,0,0,0,0
2018-09-25,0.0,0.0399043377586653,0.0,5.69,0.87,89.17,78.43,86.79,68.72,83.62,38.36,176.24,147.27,55.05,6.233114627556922,53.97,0,0,0,0
2018-09-26,0.0,0.0389359479720533,0.0,5.83,0.87,89.17,78.43,86.79,68.72,83.62,38.36,176.24,147.27,55.05,6.233114627556922,53.97,0,0,0,0
2018-09-27,0.0,0.0386771541497691,0.0,5.87,0.87,89.17,78.43,86.79,68.72,83.62,38.36,176.24,147.27,55.05,6.233114627556922,53.97,0,0,0,0
2018-09-28,0.0,0.0375751933581072,0.0,6.04,0.87,89.17,78.43,86.79,68.72,83.62,38.36,176.24,147.27,55.05,6.233114627556922,53.97,0,0,0,0
2018-10-01,0.0,0.038284789322435,0.0,5.93,0.87,89.17,78.43,86.79,68.72,83.62,38.36,176.24,147.27,55.05,6.233114627556922,53.97,0,0,0,0
2018-10-02,0.0,0.0377672016778665,0.0,6.01,0.87,89.17,78.43,86.79,68.72,83.62,38.36,176.24,147.27,55.05,6.233114627556922,53.97,0,0,0,0
2018-10-03,0.0,0.037383185038348,0.0,6.07,0.87,89.17,78.43,86.79,68.72,83.62,38.36,176.24,147.27,55.05,6.233114627556922,53.97,0,0,0,0
2018-10-04,0.0,0.0348620323180306,0.0,6.51,0.87,89.17,78.43,86.79,68.72,83.62,38.36,176.24,147.27,55.05,6.233114627556922,53.97,0,0,0,1
2018-10-05,0.0,0.0337600715263687,0.0,6.72,0.87,89.17,78.43,86.79,68.72,83.62,38.36,176.24,147.27,55.05,6.233114627556922,53.97,1,0,1,1
2018-10-08,0.0,0.0340856508511779,0.0,6.66,-3.08,71.81,77.63,86.79,68.72,83.62,38.36,176.24,147.27,55.05,6.233114627556922,53.97,0,0,1,1
2018-10-09,0.0,0.0338268570288937,0.0,6.71,-3.08,71.81,77.63,86.79,68.72,83.62,38.36,176.24,147.27,55.05,6.233114627556922,53.97,0,0,1,1
2018-10-11,0.0,0.0313641416232857,0.0,7.24,-3.08,71.81,77.63,86.79,68.72,83.62,38.36,176.24,147.27,55.05,6.233114627556922,53.97,1,1,1,1
2018-10-12,0.0,0.0344696674906964,0.0,6.59,-3.08,71.81,77.63,86.79,68.72,83.62,38.36,176.24,147.27,55.05,6.233114627556922,53.97,0,0,1,1
2018-10-15,0.0,0.0369908202110138,0.0,6.14,-3.08,71.81,77.63,86.79,68.72,83.62,38.36,176.24,147.27,55.05,6.233114627556922,53.97,0,0,0,0
2018-10-16,0.0,0.0349872551352649,0.0,6.49,-3.08,71.81,77.63,86.79,68.72,83.62,38.36,176.24,147.27,55.05,6.233114627556922,53.97,0,0,1,0
2018-10-17,0.0,0.0351876116428398,0.0,6.45,-3.08,71.81,77.63,86.79,68.72,83.62,38.36,176.24,147.27,55.05,6.233114627556922,53.97,0,0,0,0
2018-10-18,0.0,0.0333092693843252,0.0,6.82,-3.08,71.81,77.63,86.79,68.72,83.62,38.36,176.24,147.27,55.05,6.233114627556922,53.97,0,1,1,1
2018-10-19,0.0,0.0336932860238438,0.0,6.74,-3.08,71.81,77.63,86.79,68.72,83.62,38.36,176.24,147.27,55.05,6.233114627556922,53.97,0,1,1,1
2018-10-22,0.0,0.033952079846128,0.0,6.69,-3.08,71.81,77.63,86.79,68.72,83.62,38.36,176.24,147.27,55.05,6.233114627556922,53.97,0,0,1,1
2018-10-23,0.0,0.0326581107347068,0.0,6.95,-3.08,71.81,77.63,86.79,68.72,83.62,38.36,176.24,147.27,55.05,6.233114627556922,53.97,0,1,1,1
2018-10-24,0.0,0.0318817292678541,0.0,7.12,-3.08,71.81,77.63,86.79,68.72,83.62,38.36,176.24,147.27,55.05,6.233114627556922,53.97,1,1,1,1
2018-10-25,0.0,0.0295859776185585,0.0,7.67,-3.08,71.81,77.63,86.79,68.72,83.62,38.36,176.24,147.27,55.05,6.233114627556922,53.97,1,1,1,1
2018-10-26,0.0,0.0297529413748709,0.0,7.63,-3.08,71.81,77.63,86.79,68.72,83.62,38.36,176.24,147.27,55.05,6.233114627556922,53.97,1,1,1,1
2018-10-29,0.0,0.0301369580143895,0.0,7.53,-3.08,71.81,77.63,86.79,68.72,83.62,38.36,176.24,147.27,55.05,6.233114627556922,53.97,1,1,1,1
2018-10-30,0.0,0.0313641416232857,0.0,7.24,-3.08,71.81,77.63,86.79,68.72,83.62,38.36,176.24,147.27,55.05,6.233114627556922,53.97,1,1,1,1
2018-10-31,0.0,0.0332424838818003,0.0,6.83,-3.08,71.81,77.63,86.79,68.72,83.62,38.36,176.24,147.27,55.05,6.233114627556922,53.97,1,1,1,1
2018-11-01,0.0,0.0351876116428398,0.0,6.45,-3.08,71.81,77.63,86.79,68.72,83.62,38.36,176.24,147.27,55.05,6.233114627556922,53.97,1,1,1,1
2018-11-02,0.0,0.0362812242466861,0.0,6.26,-3.08,71.81,77.63,86.79,68.72,83.62,38.36,176.24,147.27,55.05,6.233114627556922,53.97,0,1,0,0
2018-11-05,0.0,0.0360224304244018,0.0,6.3,-3.08,71.81,77.63,86.79,68.72,83.62,38.36,176.24,147.27,55.05,6.233114627556922,53.97,0,1,0,0
2018-11-06,0.0,0.0337600715263687,0.0,6.72,-3.08,71.81,77.63,86.79,68.72,83.62,38.36,176.24,147.27,55.05,6.233114627556922,53.97,1,1,1,1
2018-11-07,0.0,0.0356968510995926,0.0,6.36,-15.71,32.6,72.34,86.79,68.72,83.62,38.36,176.24,147.27,55.05,6.233114627556922,53.97,1,1,1,1
2018-11-08,0.0,0.0347952468155056,0.0,6.52,-15.71,32.6,72.34,86.79,68.72,83.62,38.36,176.24,147.27,55.05,6.233114627556922,53.97,1,1,1,1
2018-11-09,0.0,0.0350540406377899,0.0,6.48,-15.71,32.6,72.34,86.79,68.72,83.62,38.36,176.24,147.27,55.05,6.233114627556922,53.97,1,1,1,1
2018-11-12,0.0,0.0347952468155056,0.0,6.52,-15.71,32.6,72.34,86.79,68.72,83.62,38.36,176.24,147.27,55.05,6.233114627556922,53.97,1,1,1,1
2018-11-13,0.0,0.036348009749211,0.0,6.25,-15.71,32.6,72.34,86.79,68.72,83.62,38.36,176.24,147.27,55.05,6.233114627556922,53.97,1,1,0,0
2018-11-14,0.0,0.0673648294625693,0.0,6.21,-15.71,32.6,72.34,-4.65,50.4,69.3,8.03,192.88,163.05,58.94,7.066303360581292,12.77,1,1,0,0
2018-11-15,0.0,0.0666568600416695,0.0,6.28,-15.71,32.6,72.34,-4.65,50.4,69.3,8.03,192.88,163.05,58.94,7.066303360581292,12.77,1,1,0,1
2018-11-16,0.0,0.065102405443607,0.0,6.43,-15.71,32.6,72.34,-4.65,50.4,69.3,8.03,192.88,163.05,58.94,7.066303360581292,12.77,1,1,1,1
2018-11-19,0.0,0.0685652993501819,0.0,6.1,-15.71,32.6,72.34,-4.65,50.4,69.3,8.03,192.88,163.05,58.94,7.066303360581292,12.77,1,0,0,0
2018-11-20,0.0,0.0685652993501819,0.0,6.1,-15.71,32.6,72.34,-4.65,50.4,69.3,8.03,192.88,163.05,58.94,7.066303360581292,12.77,1,0,0,0
2018-11-21,0.0,0.0689192840606317,0.0,6.07,-15.71,32.6,72.34,-4.65,50.4,69.3,8.03,192.88,163.05,58.94,7.066303360581292,12.77,1,0,0,0
2018-11-22,0.0,0.0691501436544034,0.0,6.05,-15.71,32.6,72.34,-4.65,50.4,69.3,8.03,192.88,163.05,58.94,7.066303360581292,12.77,1,0,0,0
2018-11-23,0.0,0.0668877196354412,0.0,6.26,-15.71,32.6,72.34,-4.65,50.4,69.3,8.03,192.88,163.05,58.94,7.066303360581292,12.77,1,0,0,1
2018-11-26,0.0,0.0683190491168254,0.0,6.13,-15.71,32.6,72.34,-4.65,50.4,69.3,8.03,192.88,163.05,58.94,7.066303360581292,12.77,1,0,0,0
2018-11-27,0.0,0.0691501436544034,0.0,6.05,-15.71,32.6,72.34,-4.65,50.4,69.3,8.03,192.88,163.05,58.94,7.066303360581292,12.77,0,0,0,0
2018-11-28,0.0,0.0698735037148879,0.0,5.99,-15.71,32.6,72.34,-4.65,50.4,69.3,8.03,192.88,163.05,58.94,7.066303360581292,12.77,0,0,0,0
2018-11-29,0.0,0.0719050681400785,0.0,5.82,-15.71,32.6,72.34,-4.65,50.4,69.3,8.03,192.88,163.05,58.94,7.066303360581292,12.77,0,0,0,0
2018-11-30,0.0,0.0727361626776564,0.0,5.75,-15.71,32.6,72.34,-4.65,50.4,69.3,8.03,192.88,163.05,58.94,7.066303360581292,12.77,0,0,0,0
2018-12-03,0.0,0.0748754615799405,0.0,5.59,-15.71,32.6,72.34,-4.65,50.4,69.3,8.03,192.88,163.05,58.94,7.066303360581292,12.77,0,0,0,0
2018-12-04,0.0,0.0739212419256843,0.0,5.66,-15.71,32.6,72.34,-4.65,50.4,69.3,8.03,192.88,163.05,58.94,7.066303360581292,12.77,0,0,0,0
2018-12-05,0.0,0.0678419392896973,0.0,6.17,-15.71,32.6,72.34,-4.65,50.4,69.3,8.03,192.88,163.05,58.94,7.066303360581292,12.77,0,0,0,0
2018-12-06,0.0,0.0655795152707351,0.0,6.38,-15.71,32.6,72.34,-4.65,50.4,69.3,8.03,192.88,163.05,58.94,7.066303360581292,12.77,0,0,0,1
2018-12-07,0.0,0.0664106098083131,0.0,6.3,-19.67,-5.95,63.16,-4.65,50.4,69.3,8.03,192.88,163.05,58.94,7.066303360581292,12.77,0,0,0,1
2018-12-10,0.0,0.0621166213641603,0.0,6.74,-19.67,-5.95,63.16,-4.65,50.4,69.3,8.03,192.88,163.05,58.94,7.066303360581292,12.77,1,1,1,1
2018-12-11,0.0,0.0630708410184164,0.0,6.64,-19.67,-5.95,63.16,-4.65,50.4,69.3,8.03,192.88,163.05,58.94,7.066303360581292,12.77,1,1,1,1
2018-12-12,0.0,0.0640250606726726,0.0,6.54,-19.67,-5.95,63.16,-4.65,50.4,69.3,8.03,192.88,163.05,58.94,7.066303360581292,12.77,1,0,1,1
2018-12-13,0.0,0.0647484207331571,0.0,6.46,-19.67,-5.95,63.16,-4.65,50.4,69.3,8.03,192.88,163.05,58.94,7.066303360581292,12.77,0,0,1,1
2018-12-14,0.0,0.063794201078901,0.0,6.56,-19.67,-5.95,63.16,-4.65,50.4,69.3,8.03,192.88,163.05,58.94,7.066303360581292,12.77,1,0,1,1
2018-12-17,0.0,0.063794201078901,0.0,6.56,-19.67,-5.95,63.16,-4.65,50.4,69.3,8.03,192.88,163.05,58.94,7.066303360581292,12.77,1,0,1,1
2018-12-18,0.0,0.0649792803269288,0.0,6.44,-19.67,-5.95,63.16,-4.65,50.4,69.3,8.03,192.88,163.05,58.94,7.066303360581292,12.77,0,0,1,1
2018-12-19,0.0,0.0640250606726726,0.0,6.54,-19.67,-5.95,63.16,-4.65,50.4,69.3,8.03,192.88,163.05,58.94,7.066303360581292,12.77,1,0,1,1
2018-12-20,0.0,0.0634402163684511,0.0,6.6,-19.67,-5.95,63.16,-4.65,50.4,69.3,8.03,192.88,163.05,58.94,7.066303360581292,12.77,1,1,1,1
2018-12-21,0.0,0.0642713109060291,0.0,6.51,-19.67,-5.95,63.16,-4.65,50.4,69.3,8.03,192.88,163.05,58.94,7.066303360581292,12.77,0,0,1,1
2018-12-22,0.0,0.063794201078901,0.0,6.56,-19.67,-5.95,63.16,-4.65,50.4,69.3,8.03,192.88,163.05,58.94,7.066303360581292,12.77,1,1,1,1
2018-12-24,0.0,0.0667645945187629,0.0,6.27,-19.67,-5.95,63.16,-4.65,50.4,69.3,8.03,192.88,163.05,58.94,7.066303360581292,12.77,0,0,1,1
2018-12-25,0.0,0.0679650644063755,0.0,6.16,-19.67,-5.95,63.16,-4.65,50.4,69.3,8.03,192.88,163.05,58.94,7.066303360581292,12.77,0,0,1,1
2018-12-26,0.0,0.0645021704998007,0.0,6.49,-19.67,-5.95,63.16,-4.65,50.4,69.3,8.03,192.88,163.05,58.94,7.066303360581292,12.77,0,1,1,1
2018-12-27,0.0,0.0665337349249913,0.0,6.29,-19.67,-5.95,63.16,-4.65,50.4,69.3,8.03,192.88,163.05,58.94,7.066303360581292,12.77,0,0,1,1
2018-12-28,0.0,0.0655795152707351,0.0,6.38,-19.67,-5.95,63.16,-4.65,50.4,69.3,8.03,192.88,163.05,58.94,7.066303360581292,12.77,0,0,1,1
2019-01-02,0.0,0.0655795152707351,0.0,6.38,-19.67,-5.95,63.16,-4.65,50.4,69.3,8.03,192.88,163.05,58.94,7.066303360581292,12.77,0,1,1,1
2019-01-03,0.0,0.0614086519432605,0.0,6.82,-19.67,-5.95,63.16,-4.65,50.4,69.3,8.03,192.88,163.05,58.94,7.066303360581292,12.77,1,1,1,1
2019-01-04,0.0,0.0615317770599387,0.0,6.8,-19.67,-5.95,63.16,-4.65,50.4,69.3,8.03,192.88,163.05,58.94,7.066303360581292,12.77,1,1,1,1
2019-01-07,0.0,0.0617626366537104,0.0,6.78,-10.62,-18.87,54.27,-4.65,50.4,69.3,8.03,192.88,163.05,58.94,7.066303360581292,12.77,1,1,1,1
2019-01-08,0.0,0.0616395115370322,0.0,6.79,-10.62,-18.87,54.27,-4.65,50.4,69.3,8.03,192.88,163.05,58.94,7.066303360581292,12.77,1,1,1,1
2019-01-09,0.0,0.0625937311912884,0.0,6.69,-10.62,-18.87,54.27,-4.65,50.4,69.3,8.03,192.88,163.05,58.94,7.066303360581292,12.77,1,1,1,1
2019-01-10,0.0,0.0641481857893508,0.0,6.52,-10.62,-18.87,54.27,-4.65,50.4,69.3,8.03,192.88,163.05,58.94,7.066303360581292,12.77,1,1,1,1
2019-01-11,0.0,0.063794201078901,0.0,6.56,-10.62,-18.87,54.27,-4.65,50.4,69.3,8.03,192.88,163.05,58.94,7.066303360581292,12.77,1,1,1,1
2019-01-14,0.0,0.0620088868870668,0.0,6.75,-10.62,-18.87,54.27,-4.65,50.4,69.3,8.03,192.88,163.05,58.94,7.066303360581292,12.77,1,1,1,1
2019-01-15,0.0,0.0639173261955792,0.0,6.55,-10.62,-18.87,54.27,-4.65,50.4,69.3,8.03,192.88,163.05,58.94,7.066303360581292,12.77,1,1,1,1
2019-01-16,0.0,0.067241704345891,0.0,6.22,-10.62,-18.87,54.27,-4.65,50.4,69.3,8.03,192.88,163.05,58.94,7.066303360581292,12.77,1,1,1,1
2019-01-17,0.0,0.0657026403874133,0.0,6.37,-10.62,-18.87,54.27,-4.65,50.4,69.3,8.03,192.88,163.05,58.94,7.066303360581292,12.77,1,1,1,1
2019-01-18,0.0,0.067241704345891,0.0,6.22,-10.62,-18.87,54.27,-4.65,50.4,69.3,8.03,192.88,163.05,58.94,7.066303360581292,12.77,1,1,1,1
2019-01-21,0.0,0.0681959240001472,0.0,6.14,-10.62,-18.87,54.27,-4.65,50.4,69.3,8.03,192.88,163.05,58.94,7.066303360581292,12.77,1,1,1,1
2019-01-22,0.0,0.0673648294625693,0.0,6.21,-10.62,-18.87,54.27,-4.65,50.4,69.3,8.03,192.88,163.05,58.94,7.066303360581292,12.77,1,1,1,1
2019-01-23,0.0,0.0679650644063755,0.0,6.16,-10.62,-18.87,54.27,-4.65,50.4,69.3,8.03,192.88,163.05,58.94,7.066303360581292,12.77,1,1,1,1
2019-01-24,0.0,0.0710585829629158,0.0,5.89,-10.62,-18.87,54.27,-4.65,50.4,69.3,8.03,192.88,163.05,58.94,7.066303360581292,12.77,1,1,1,1
2019-01-25,0.0,0.0715356927900438,0.0,5.85,-10.62,-18.87,54.27,-4.65,50.4,69.3,8.03,192.88,163.05,58.94,7.066303360581292,12.77,0,1,1,1
2019-01-28,0.0,0.0724899124443,0.0,5.77,-10.62,-18.87,54.27,-4.65,50.4,69.3,8.03,192.88,163.05,58.94,7.066303360581292,12.77,0,0,0,1
2019-01-29,0.0,0.0701043633086596,0.0,5.97,-10.62,-18.87,54.27,-4.65,50.4,69.3,8.03,192.88,163.05,58.94,7.066303360581292,12.77,1,1,1,1
2019-01-30,0.0,0.0716588179067221,0.0,5.84,-10.62,-18.87,54.27,-4.65,50.4,69.3,8.03,192.88,163.05,58.94,7.066303360581292,12.77,0,1,1,1
2019-02-11,0.0,0.070350613542016,0.0,5.95,-11.82,-30.73,-30.73,-4.65,50.4,69.3,8.03,192.88,163.05,58.94,7.066303360581292,12.77,1,1,1,1
2019-02-12,0.0,0.0715356927900438,0.0,5.85,-11.82,-30.73,-30.73,-4.65,50.4,69.3,8.03,192.88,163.05,58.94,7.066303360581292,12.77,1,1,1,1
2019-02-13,0.0,0.0721359277338501,0.0,5.8,-11.82,-30.73,-30.73,-4.65,50.4,69.3,8.03,192.88,163.05,58.94,7.066303360581292,12.77,1,1,1,1
2019-02-14,0.0,-0.3882160368494846,0.0,5.65,-11.82,-30.73,-30.73,-37.97,-63.68,-0.59,-42.96,8.67,109.43,52.91,-10.230743128605363,-38.07,0,0,0,0
2019-02-15,0.0,-0.3750630096188743,0.0,5.85,-11.82,-30.73,-30.73,-37.97,-63.68,-0.59,-42.96,8.67,109.43,52.91,-10.230743128605363,-38.07,1,1,1,1
2019-02-18,0.0,-0.3763541043163576,0.0,5.83,-11.82,-30.73,-30.73,-37.97,-63.68,-0.59,-42.96,8.67,109.43,52.91,-10.230743128605363,-38.07,1,1,1,1
2019-02-19,0.0,-0.3782100529439896,0.0,5.8,-11.82,-30.73,-30.73,-37.97,-63.68,-0.59,-42.96,8.67,109.43,52.91,-10.230743128605363,-38.07,1,1,1,1
2019-02-20,0.0,-0.3788556002927313,0.0,5.79,-11.82,-30.73,-30.73,-37.97,-63.68,-0.59,-42.96,8.67,109.43,52.91,-10.230743128605363,-38.07,1,1,1,1
2019-02-21,0.0,-0.3800660015716218,0.0,5.77,-11.82,-30.73,-30.73,-37.97,-63.68,-0.59,-42.96,8.67,109.43,52.91,-10.230743128605363,-38.07,1,1,1,1
2019-02-22,0.0,-0.3807115489203634,0.0,5.76,-11.82,-30.73,-30.73,-37.97,-63.68,-0.59,-42.96,8.67,109.43,52.91,-10.230743128605363,-38.07,1,0,1,1
2019-02-25,0.0,-0.3850689935243692,0.0,5.7,-11.82,-30.73,-30.73,-37.97,-63.68,-0.59,-42.96,8.67,109.43,52.91,-10.230743128605363,-38.07,0,0,1,1
2019-02-26,0.0,-0.387570489500743,0.0,5.66,-11.82,-30.73,-30.73,-37.97,-63.68,-0.59,-42.96,8.67,109.43,52.91,-10.230743128605363,-38.07,0,0,0,0
2019-02-27,0.0,-0.3888615841982262,0.0,5.64,-11.82,-30.73,-30.73,-37.97,-63.68,-0.59,-42.96,8.67,109.43,52.91,-10.230743128605363,-38.07,0,0,0,0
2019-03-04,0.0,-0.4050809613353591,0.0,5.42,-11.82,-30.73,-30.73,-37.97,-63.68,-0.59,-42.96,8.67,109.43,52.91,-10.230743128605363,-38.07,0,0,0,0
2019-03-05,0.0,-0.3945101234997152,0.0,5.56,-11.82,-30.73,-30.73,-37.97,-63.68,-0.59,-42.96,8.67,109.43,52.91,-10.230743128605363,-38.07,0,0,0,0
2019-03-06,0.0,-0.3838585922454787,0.0,5.72,-11.82,-30.73,-30.73,-37.97,-63.68,-0.59,-42.96,8.67,109.43,52.91,-10.230743128605363,-38.07,0,0,1,1
2019-03-07,0.0,-0.3750630096188743,0.0,5.85,-20.28,-42.72,-36.62,-37.97,-63.68,-0.59,-42.96,8.67,109.43,52.91,-10.230743128605363,-38.07,1,1,1,1
2019-03-08,0.0,-0.3782100529439896,0.0,5.8,-20.28,-42.72,-36.62,-37.97,-63.68,-0.59,-42.96,8.67,109.43,52.91,-10.230743128605363,-38.07,0,1,1,1
2019-03-11,0.0,-0.377564505595248,0.0,5.81,-20.28,-42.72,-36.62,-37.97,-63.68,-0.59,-42.96,8.67,109.43,52.91,-10.230743128605363,-38.07,1,1,1,1
2019-03-12,0.0,-0.3800660015716218,0.0,11.76,-20.28,-42.72,-36.62,-37.97,-63.68,-0.59,-42.96,8.67,109.43,52.91,-10.230743128605363,-38.07,0,1,1,1
2019-03-13,0.0,-0.3757085569676159,0.0,11.9,-20.28,-42.72,-36.62,-37.97,-63.68,-0.59,-42.96,8.67,109.43,52.91,-10.230743128605363,-38.07,1,1,1,1
2019-03-14,0.0,-0.3769996516650991,0.0,11.86,-20.28,-42.72,-36.62,-37.97,-63.68,-0.59,-42.96,8.67,109.43,52.91,-10.230743128605363,-38.07,1,1,1,1
2019-03-15,0.0,-0.3757085569676159,0.0,11.9,-20.28,-42.72,-36.62,-37.97,-63.68,-0.59,-42.96,8.67,109.43,52.91,-10.230743128605363,-38.07,1,1,1,1
2019-03-18,0.0,-0.3719966597123517,0.0,12.02,-20.28,-42.72,-36.62,-37.97,-63.68,-0.59,-42.96,8.67,109.43,52.91,-10.230743128605363,-38.07,1,1,1,1
2019-03-19,0.0,-0.3732070609912422,0.0,11.98,-20.28,-42.72,-36.62,-37.97,-63.68,-0.59,-42.96,8.67,109.43,52.91,-10.230743128605363,-38.07,1,1,1,1
2019-03-20,0.0,-0.3788556002927313,0.0,11.8,-20.28,-42.72,-36.62,-37.97,-63.68,-0.59,-42.96,8.67,109.43,52.91,-10.230743128605363,-38.07,1,1,1,1
2019-03-21,0.0,-0.3925734814534904,0.0,11.39,-20.28,-42.72,-36.62,-37.97,-63.68,-0.59,-42.96,8.67,109.43,52.91,-10.230743128605363,-38.07,0,0,0,0
2019-03-22,0.0,-0.3945101234997152,0.0,11.33,-20.28,-42.72,-36.62,-37.97,-63.68,-0.59,-42.96,8.67,109.43,52.91,-10.230743128605363,-38.07,0,0,0,0
2019-03-25,0.0,-0.3820026436178467,0.0,11.7,-20.28,-42.72,-36.62,-37.97,-63.68,-0.59,-42.96,8.67,109.43,52.91,-10.230743128605363,-38.07,1,1,1,1
2019-03-26,0.0,-0.381357096269105,0.0,11.72,-20.28,-42.72,-36.62,-37.97,-63.68,-0.59,-42.96,8.67,109.43,52.91,-10.230743128605363,-38.07,1,1,1,1
2019-03-27,0.0,-0.3820026436178467,0.0,11.7,-20.28,-42.72,-36.62,-37.97,-63.68,-0.59,-42.96,8.67,109.43,52.91,-10.230743128605363,-38.07,1,1,1,1
2019-03-28,0.0,-0.3800660015716218,0.0,11.76,-20.28,-42.72,-36.62,-37.97,-63.68,-0.59,-42.96,8.67,109.43,52.91,-10.230743128605363,-38.07,1,1,1,1
2019-03-29,0.0,-0.3838585922454787,0.0,11.64,-20.28,-42.72,-36.62,-37.97,-63.68,-0.59,-42.96,8.67,109.43,52.91,-10.230743128605363,-38.07,1,1,1,1
2019-04-01,0.0,-0.381357096269105,0.0,11.72,-20.28,-42.72,-36.62,-37.97,-63.68,-0.59,-42.96,8.67,109.43,52.91,-10.230743128605363,-38.07,1,1,1,1
2019-04-02,0.0,-0.3857145408731108,0.0,11.59,-20.28,-42.72,-36.62,-37.97,-63.68,-0.59,-42.96,8.67,109.43,52.91,-10.230743128605363,-38.07,1,1,1,1
2019-04-03,0.0,-0.3895071315469678,0.0,11.48,-20.28,-42.72,-36.62,-37.97,-63.68,-0.59,-42.96,8.67,109.43,52.91,-10.230743128605363,-38.07,0,1,1,0
2019-04-08,0.0,-0.3938645761509737,0.0,11.35,9.54,-44.68,-39.5,-37.97,-63.68,-0.59,-42.96,8.67,109.43,52.91,-10.230743128605363,-38.07,0,1,0,0
2019-04-09,0.0,-0.3913630801746,0.0,11.42,9.54,-44.68,-39.5,-37.97,-63.68,-0.59,-42.96,8.67,109.43,52.91,-10.230743128605363,-38.07,0,1,0,0
2019-04-10,0.0,-0.3907175328258583,0.0,11.44,9.54,-44.68,-39.5,-37.97,-63.68,-0.59,-42.96,8.67,109.43,52.91,-10.230743128605363,-38.07,1,1,0,0
2019-04-11,0.0,-0.3850689935243692,0.0,11.61,9.54,-44.68,-39.5,-37.97,-63.68,-0.59,-42.96,8.67,109.43,52.91,-10.230743128605363,-38.07,1,1,1,1
2019-04-12,0.0,-0.3782100529439896,0.0,11.82,9.54,-44.68,-39.5,-37.97,-63.68,-0.59,-42.96,8.67,109.43,52.91,-10.230743128605363,-38.07,1,1,1,1
2019-04-15,0.0,-0.3857145408731108,0.0,11.59,9.54,-44.68,-39.5,-37.97,-63.68,-0.59,-42.96,8.67,109.43,52.91,-10.230743128605363,-38.07,1,1,1,1
2019-04-16,0.0,-0.3920086275233416,0.0,11.4,9.54,-44.68,-39.5,-37.97,-63.68,-0.59,-42.96,8.67,109.43,52.91,-10.230743128605363,-38.07,1,1,0,1
2019-04-17,0.0,-0.3995131154524627,0.0,11.19,9.54,-44.68,-39.5,-37.97,-63.68,-0.59,-42.96,8.67,109.43,52.91,-10.230743128605363,-38.07,1,0,0,0
2019-04-18,0.0,-0.3945101234997152,0.0,11.33,9.54,-44.68,-39.5,-37.97,-63.68,-0.59,-42.96,8.67,109.43,52.91,-10.230743128605363,-38.07,1,1,0,1
2019-04-19,0.0,-0.3982220207549796,0.0,11.22,9.54,-44.68,-39.5,-37.97,-63.68,-0.59,-42.96,8.67,109.43,52.91,-10.230743128605363,-38.07,1,0,0,0
2019-04-22,0.0,-0.3988675681037211,0.0,11.21,9.54,-44.68,-39.5,-37.97,-63.68,-0.59,-42.96,8.67,109.43,52.91,-10.230743128605363,-38.07,1,0,0,1
2019-04-23,0.0,-0.4057265086841007,0.0,11.02,9.54,-44.68,-39.5,-37.97,-63.68,-0.59,-42.96,8.67,109.43,52.91,-10.230743128605363,-38.07,1,0,0,0
2019-04-24,0.0,-0.408873552009216,0.0,10.93,9.54,-44.68,-39.5,-37.97,-63.68,-0.59,-42.96,8.67,109.43,52.91,-10.230743128605363,-38.07,0,0,0,0
2019-04-25,0.0,-0.409438405939365,0.0,10.92,9.54,-44.68,-39.5,-37.97,-63.68,-0.59,-42.96,8.67,109.43,52.91,-10.230743128605363,-38.07,0,0,0,0
2019-04-26,0.0,-0.4125854492644804,0.0,10.83,9.54,-44.68,-39.5,-37.97,-63.68,-0.59,-42.96,8.67,109.43,52.91,-10.230743128605363,-38.07,0,0,0,0
2019-04-29,0.0,-0.4044354139866175,0.0,11.05,9.54,-44.68,-39.5,-37.97,-63.68,-0.59,-42.96,8.67,109.43,52.91,-10.230743128605363,-38.07,0,0,0,1
2019-04-30,0.0,-0.408873552009216,0.0,10.93,9.54,-44.68,-39.5,-37.97,-63.68,-0.59,-42.96,8.67,109.43,52.91,-10.230743128605363,-38.07,0,0,0,0
2019-05-02,0.0,-0.4107295006368482,0.0,10.88,9.54,-44.68,-39.5,-37.97,-63.68,-0.59,-42.96,8.67,109.43,52.91,-10.230743128605363,-38.07,0,0,0,0
2019-05-03,0.0,-0.4169428938684862,0.0,10.72,9.54,-44.68,-39.5,-37.97,-63.68,-0.59,-42.96,8.67,109.43,52.91,-10.230743128605363,-38.07,0,0,0,0
2019-05-06,0.0,-0.4063720560328422,0.0,11.0,9.54,-44.68,-39.5,-37.97,-63.68,-0.59,-42.96,8.67,109.43,52.91,-10.230743128605363,-38.07,0,0,0,1
2019-05-07,0.0,-0.4138765439619635,0.0,10.8,10.54,-46.48,-41.53,-37.97,-63.68,-0.59,-42.96,8.67,109.43,52.91,-10.230743128605363,-38.07,0,0,0,1
2019-05-08,0.0,-0.4119399019157387,0.0,10.85,10.54,-46.48,-41.53,-37.97,-63.68,-0.59,-42.96,8.67,109.43,52.91,-10.230743128605363,-38.07,0,0,0,1
2019-05-09,0.0,-0.4013690640800949,0.0,11.14,10.54,-46.48,-41.53,-37.97,-63.68,-0.59,-42.96,8.67,109.43,52.91,-10.230743128605363,-38.07,0,0,0,1
2019-05-10,0.0,-0.3988675681037211,0.0,11.21,10.54,-46.48,-41.53,-37.97,-63.68,-0.59,-42.96,8.67,109.43,52.91,-10.230743128605363,-38.07,0,0,0,1
2019-05-13,0.0,-0.3820026436178467,0.0,11.7,10.54,-46.48,-41.53,-37.97,-63.68,-0.59,-42.96,8.67,109.43,52.91,-10.230743128605363,-38.07,0,0,1,1
2019-05-14,0.0,-0.3845041395942203,0.0,11.63,10.54,-46.48,-41.53,-37.97,-63.68,-0.59,-42.96,8.67,109.43,52.91,-10.230743128605363,-38.07,0,0,1,1
2019-05-15,0.0,-0.2181552896263349,0.0,11.53,10.54,-46.48,-41.53,-55.08,-50.38,-50.38,-57.42,-63.7,-63.7,40.74,-23.001323001322994,-54.09,0,0,1,1
2019-05-16,0.0,-0.2146579010564352,0.0,11.72,10.54,-46.48,-41.53,-55.08,-50.38,-50.38,-57.42,-63.7,-63.7,40.74,-23.001323001322994,-54.09,0,0,1,1
2019-05-17,0.0,-0.2132498615023199,0.0,11.8,10.54,-46.48,-41.53,-55.08,-50.38,-50.38,-57.42,-63.7,-63.7,40.74,-23.001323001322994,-54.09,0,0,1,1
2019-05-20,0.0,-0.2142945360102119,0.0,11.74,10.54,-46.48,-41.53,-55.08,-50.38,-50.38,-57.42,-63.7,-63.7,40.74,-23.001323001322994,-54.09,0,0,1,1
2019-05-21,0.0,-0.216429305656774,0.0,11.63,10.54,-46.48,-41.53,-55.08,-50.38,-50.38,-57.42,-63.7,-63.7,40.74,-23.001323001322994,-54.09,0,0,1,1
2019-05-22,0.0,-0.2139311709639886,0.0,11.76,10.54,-46.48,-41.53,-55.08,-50.38,-50.38,-57.42,-63.7,-63.7,40.74,-23.001323001322994,-54.09,0,0,1,1
2019-05-23,0.0,-0.2118418219482044,0.0,11.88,10.54,-46.48,-41.53,-55.08,-50.38,-50.38,-57.42,-63.7,-63.7,40.74,-23.001323001322994,-54.09,0,1,1,1
2019-05-24,0.0,-0.210433782394089,0.0,11.96,10.54,-46.48,-41.53,-55.08,-50.38,-50.38,-57.42,-63.7,-63.7,40.74,-23.001323001322994,-54.09,1,1,1,1
2019-05-27,0.0,-0.2128864964560965,0.0,11.82,10.54,-46.48,-41.53,-55.08,-50.38,-50.38,-57.42,-63.7,-63.7,40.74,-23.001323001322994,-54.09,0,1,1,1
2019-05-28,0.0,-0.2142945360102119,0.0,11.74,10.54,-46.48,-41.53,-55.08,-50.38,-50.38,-57.42,-63.7,-63.7,40.74,-23.001323001322994,-54.09,0,0,1,1
2019-05-29,0.0,-0.2040748940851806,0.0,12.33,10.54,-46.48,-41.53,-55.08,-50.38,-50.38,-57.42,-63.7,-63.7,40.74,-23.001323001322994,-54.09,1,1,1,1
2019-05-30,0.0,-0.2111150918557577,0.0,11.92,10.54,-46.48,-41.53,-55.08,-50.38,-50.38,-57.42,-63.7,-63.7,40.74,-23.001323001322994,-54.09,1,1,1,1
2019-05-31,0.0,-0.2167472500722194,0.0,11.61,10.54,-46.48,-41.53,-55.08,-50.38,-50.38,-57.42,-63.7,-63.7,40.74,-23.001323001322994,-54.09,0,0,1,1
2019-06-03,0.0,-0.2178373452108895,0.0,11.55,10.54,-46.48,-41.53,-55.08,-50.38,-50.38,-57.42,-63.7,-63.7,40.74,-23.001323001322994,-54.09,0,0,1,1
2019-06-04,0.0,-0.2142945360102119,0.0,11.74,10.54,-46.48,-41.53,-55.08,-50.38,-50.38,-57.42,-63.7,-63.7,40.74,-23.001323001322994,-54.09,0,1,1,1
2019-06-05,0.0,-0.2128864964560965,0.0,11.82,10.54,-46.48,-41.53,-55.08,-50.38,-50.38,-57.42,-63.7,-63.7,40.74,-23.001323001322994,-54.09,0,1,1,1
2019-06-06,0.0,-0.2082990127475269,0.0,12.08,10.54,-46.48,-41.53,-55.08,-50.38,-50.38,-57.42,-63.7,-63.7,40.74,-23.001323001322994,-54.09,1,1,1,1
2019-06-10,0.0,-0.2086623777937503,0.0,12.06,3.24,-49.02,-43.32,-55.08,-50.38,-50.38,-57.42,-63.7,-63.7,40.74,-23.001323001322994,-54.09,1,1,1,1
2019-06-11,0.0,-0.2090257428399736,0.0,12.04,3.24,-49.02,-43.32,-55.08,-50.38,-50.38,-57.42,-63.7,-63.7,40.74,-23.001323001322994,-54.09,1,1,1,1
2019-06-12,0.0,-0.2136132265485432,0.0,11.78,3.24,-49.02,-43.32,-55.08,-50.38,-50.38,-57.42,-63.7,-63.7,40.74,-23.001323001322994,-54.09,1,1,1,1
2019-06-13,0.0,-0.2142945360102119,0.0,11.74,3.24,-49.02,-43.32,-55.08,-50.38,-50.38,-57.42,-63.7,-63.7,40.74,-23.001323001322994,-54.09,1,1,1,1
2019-06-14,0.0,-0.2139311709639886,0.0,11.76,3.24,-49.02,-43.32,-55.08,-50.38,-50.38,-57.42,-63.7,-63.7,40.74,-23.001323001322994,-54.09,1,1,1,1
2019-06-17,0.0,-0.2142945360102119,0.0,11.74,3.24,-49.02,-43.32,-55.08,-50.38,-50.38,-57.42,-63.7,-63.7,40.74,-23.001323001322994,-54.09,1,1,1,1
2019-06-18,0.0,-0.2142945360102119,0.0,11.74,3.24,-49.02,-43.32,-55.08,-50.38,-50.38,-57.42,-63.7,-63.7,40.74,-23.001323001322994,-54.09,1,1,1,1
2019-06-19,0.0,-0.2185186546725582,0.0,11.51,3.24,-49.02,-43.32,-55.08,-50.38,-50.38,-57.42,-63.7,-63.7,40.74,-23.001323001322994,-54.09,1,1,1,1
2019-06-20,0.0,-0.2192453847650049,0.0,11.48,3.24,-49.02,-43.32,-55.08,-50.38,-50.38,-57.42,-63.7,-63.7,40.74,-23.001323001322994,-54.09,1,1,1,1
2019-06-21,0.0,-0.2216980988270124,0.0,11.35,3.24,-49.02,-43.32,-55.08,-50.38,-50.38,-57.42,-63.7,-63.7,40.74,-23.001323001322994,-54.09,1,1,1,1
2019-06-24,0.0,-0.2220614638732357,0.0,11.27,3.24,-49.02,-43.32,-55.08,-50.38,-50.38,-57.42,-63.7,-63.7,40.74,-23.001323001322994,-54.09,1,1,1,1
2019-06-25,0.0,-0.2227427733349045,0.0,11.23,3.24,-49.02,-43.32,-55.08,-50.38,-50.38,-57.42,-63.7,-63.7,40.74,-23.001323001322994,-54.09,1,1,1,1
2019-06-26,0.0,-0.2241508128890199,0.0,11.16,3.24,-49.02,-43.32,-55.08,-50.38,-50.38,-57.42,-63.7,-63.7,40.74,-23.001323001322994,-54.09,1,1,1,1
2019-06-27,0.0,-0.2255588524431353,0.0,11.09,3.24,-49.02,-43.32,-55.08,-50.38,-50.38,-57.42,-63.7,-63.7,40.74,-23.001323001322994,-54.09,1,1,1,1
2019-06-28,0.0,-0.2269668919972507,0.0,11.02,3.24,-49.02,-43.32,-55.08,-50.38,-50.38,-57.42,-63.7,-63.7,40.74,-23.001323001322994,-54.09,1,1,1,1
2019-07-01,0.0,-0.2322356851674891,0.0,10.77,3.24,-49.02,-43.32,-55.08,-50.38,-50.38,-57.42,-63.7,-63.7,40.74,-23.001323001322994,-54.09,1,1,1,1
2019-07-02,0.0,-0.2332803596753812,0.0,10.72,3.24,-49.02,-43.32,-55.08,-50.38,-50.38,-57.42,-63.7,-63.7,40.74,-23.001323001322994,-54.09,1,1,1,1
2019-07-03,0.0,-0.2294196060592583,0.0,10.9,3.24,-49.02,-43.32,-55.08,-50.38,-50.38,-57.42,-63.7,-63.7,40.74,-23.001323001322994,-54.09,1,1,1,1
2019-07-04,0.0,-0.2338254072447162,0.0,12.01,3.24,-49.02,-43.32,-55.08,-50.38,-50.38,-57.42,-63.7,-63.7,40.74,-23.001323001322994,-54.09,1,1,1,1
2019-07-05,0.0,-0.24486262052375,0.0,11.47,3.24,-49.02,-43.32,-55.08,-50.38,-50.38,-57.42,-63.7,-63.7,40.74,-23.001323001322994,-54.09,1,1,1,1
2019-07-08,0.0,-0.2409110256460712,0.0,11.66,-3.74,-52.41,-45.12,-55.08,-50.38,-50.38,-57.42,-63.7,-63.7,40.74,-23.001323001322994,-54.09,1,1,1,1
2019-07-09,0.0,-0.2480420646782042,0.0,11.32,-3.74,-52.41,-45.12,-55.08,-50.38,-50.38,-57.42,-63.7,-63.7,40.74,-23.001323001322994,-54.09,1,1,1,1
2019-07-10,0.0,-0.2543555323563347,0.0,11.04,-3.74,-52.41,-45.12,-55.08,-50.38,-50.38,-57.42,-63.7,-63.7,40.74,-23.001323001322994,-54.09,1,1,1,1
2019-07-11,0.0,-0.2583071272340134,0.0,10.87,-3.74,-52.41,-45.12,-55.08,-50.38,-50.38,-57.42,-63.7,-63.7,40.74,-23.001323001322994,-54.09,1,1,1,1
2019-07-12,0.0,-0.2634396585119181,0.0,10.66,-3.74,-52.41,-45.12,-55.08,-50.38,-50.38,-57.42,-63.7,-63.7,40.74,-23.001323001322994,-54.09,1,1,1,1
2019-07-15,0.0,-0.276066593868179,0.0,10.17,-3.74,-52.41,-45.12,-55.08,-50.38,-50.38,-57.42,-63.7,-63.7,40.74,-23.001323001322994,-54.09,1,1,1,1
2019-07-16,0.0,-0.2681634041128214,0.0,10.47,-3.74,-52.41,-45.12,-55.08,-50.38,-50.38,-57.42,-63.7,-63.7,40.74,-23.001323001322994,-54.09,1,1,1,1
2019-07-17,0.0,-0.2673912533895968,0.0,10.5,-3.74,-52.41,-45.12,-55.08,-50.38,-50.38,-57.42,-63.7,-63.7,40.74,-23.001323001322994,-54.09,1,1,1,1
2019-07-18,0.0,-0.2634396585119181,0.0,10.66,-3.74,-52.41,-45.12,-55.08,-50.38,-50.38,-57.42,-63.7,-63.7,40.74,-23.001323001322994,-54.09,1,1,1,1
2019-07-19,0.0,-0.2673912533895968,0.0,10.5,-3.74,-52.41,-45.12,-55.08,-50.38,-50.38,-57.42,-63.7,-63.7,40.74,-23.001323001322994,-54.09,1,1,1,1
2019-07-22,0.0,-0.2757032288219556,0.0,10.19,-3.74,-52.41,-45.12,-55.08,-50.38,-50.38,-57.42,-63.7,-63.7,40.74,-23.001323001322994,-54.09,1,1,1,1
2019-07-23,0.0,-0.2855595057007636,0.0,9.83,-3.74,-52.41,-45.12,-55.08,-50.38,-50.38,-57.42,-63.7,-63.7,40.74,-23.001323001322994,-54.09,1,0,1,1
2019-07-24,0.0,-0.2835609979465353,0.0,9.9,-3.74,-52.41,-45.12,-55.08,-50.38,-50.38,-57.42,-63.7,-63.7,40.74,-23.001323001322994,-54.09,1,0,1,1
2019-07-25,0.0,-0.3021380359347032,0.0,9.29,-3.74,-52.41,-45.12,-55.08,-50.38,-50.38,-57.42,-63.7,-63.7,40.74,-23.001323001322994,-54.09,0,0,0,0
2019-07-26,0.0,-0.3041365436889316,0.0,9.23,-3.74,-52.41,-45.12,-55.08,-50.38,-50.38,-57.42,-63.7,-63.7,40.74,-23.001323001322994,-54.09,0,0,0,0
2019-07-29,0.0,-0.2954157825795716,0.0,9.51,-3.74,-52.41,-45.12,-55.08,-50.38,-50.38,-57.42,-63.7,-63.7,40.74,-23.001323001322994,-54.09,0,0,0,0
2019-07-30,0.0,-0.2993673774572503,0.0,9.38,-3.74,-52.41,-45.12,-55.08,-50.38,-50.38,-57.42,-63.7,-63.7,40.74,-23.001323001322994,-54.09,0,0,0,0
2019-07-31,0.0,-0.2922817590558952,0.0,9.61,-3.74,-52.41,-45.12,-55.08,-50.38,-50.38,-57.42,-63.7,-63.7,40.74,-23.001323001322994,-54.09,0,0,1,1
2019-08-01,0.0,-0.2926451241021187,0.0,9.6,-3.74,-52.41,-45.12,-55.08,-50.38,-50.38,-57.42,-63.7,-63.7,40.74,-23.001323001322994,-54.09,0,0,1,0
2019-08-02,0.0,-0.2855595057007636,0.0,9.83,-3.74,-52.41,-45.12,-55.08,-50.38,-50.38,-57.42,-63.7,-63.7,40.74,-23.001323001322994,-54.09,0,0,1,1
2019-08-05,0.0,-0.2800181887458577,0.0,10.03,-3.74,-52.41,-45.12,-55.08,-50.38,-50.38,-57.42,-63.7,-63.7,40.74,-23.001323001322994,-54.09,0,0,1,1
2019-08-06,0.0,-0.273295935390726,0.0,10.27,-3.74,-52.41,-45.12,-55.08,-50.38,-50.38,-57.42,-63.7,-63.7,40.74,-23.001323001322994,-54.09,1,1,1,1
2019-08-07,0.0,-0.2757032288219556,0.0,10.19,12.0,-43.94,-44.93,-55.08,-50.38,-50.38,-57.42,-63.7,-63.7,40.74,-23.001323001322994,-54.09,1,1,1,1
2019-08-08,0.0,-0.2689809754668239,0.0,10.44,12.0,-43.94,-44.93,-55.08,-50.38,-50.38,-57.42,-63.7,-63.7,40.74,-23.001323001322994,-54.09,1,1,1,1
2019-08-12,0.0,-0.2737047210677272,0.0,10.26,12.0,-43.94,-44.93,-55.08,-50.38,-50.38,-57.42,-63.7,-63.7,40.74,-23.001323001322994,-54.09,1,1,1,1
2019-08-13,0.0,-0.2717516339442768,0.0,10.33,12.0,-43.94,-44.93,-55.08,-50.38,-50.38,-57.42,-63.7,-63.7,40.74,-23.001323001322994,-54.09,1,1,1,1
2019-08-14,0.0,-0.2870830097186804,0.0,9.81,12.0,-43.94,-44.93,-5.07,-74.78,-66.27,-7.1,-75.63,-70.63,34.95,-14.2120765832106,-23.73,0,0,1,1
2019-08-15,0.0,-0.2827567270531864,0.0,9.96,12.0,-43.94,-44.93,-5.07,-74.78,-66.27,-7.1,-75.63,-70.63,34.95,-14.2120765832106,-23.73,0,1,1,1
2019-08-16,0.0,-0.2823468686954027,0.0,9.97,12.0,-43.94,-44.93,-5.07,-74.78,-66.27,-7.1,-75.63,-70.63,34.95,-14.2120765832106,-23.73,0,1,1,1
2019-08-19,0.0,-0.2831210455934385,0.0,9.94,12.0,-43.94,-44.93,-5.07,-74.78,-66.27,-7.1,-75.63,-70.63,34.95,-14.2120765832106,-23.73,0,1,1,1
2019-08-20,0.0,-0.2756069757007383,0.0,10.22,12.0,-43.94,-44.93,-5.07,-74.78,-66.27,-7.1,-75.63,-70.63,34.95,-14.2120765832106,-23.73,1,1,1,1
2019-08-21,0.0,-0.2779750462123772,0.0,10.13,12.0,-43.94,-44.93,-5.07,-74.78,-66.27,-7.1,-75.63,-70.63,34.95,-14.2120765832106,-23.73,1,1,1,1
2019-08-22,0.0,-0.2783849045701608,0.0,10.11,12.0,-43.94,-44.93,-5.07,-74.78,-66.27,-7.1,-75.63,-70.63,34.95,-14.2120765832106,-23.73,1,1,1,1
2019-08-23,0.0,-0.2831210455934385,0.0,9.94,12.0,-43.94,-44.93,-5.07,-74.78,-66.27,-7.1,-75.63,-70.63,34.95,-14.2120765832106,-23.73,1,1,1,1
2019-08-26,0.0,-0.2815726917973669,0.0,10.0,12.0,-43.94,-44.93,-5.07,-74.78,-66.27,-7.1,-75.63,-70.63,34.95,-14.2120765832106,-23.73,1,1,1,1
2019-08-27,0.0,-0.2867186911784283,0.0,9.82,12.0,-43.94,-44.93,-5.07,-74.78,-66.27,-7.1,-75.63,-70.63,34.95,-14.2120765832106,-23.73,1,1,1,1
2019-08-28,0.0,-0.2910449738439224,0.0,9.67,12.0,-43.94,-44.93,-5.07,-74.78,-66.27,-7.1,-75.63,-70.63,34.95,-14.2120765832106,-23.73,1,1,1,1
2019-08-29,0.0,-0.2807529750817997,0.0,10.03,12.0,-43.94,-44.93,-5.07,-74.78,-66.27,-7.1,-75.63,-70.63,34.95,-14.2120765832106,-23.73,1,1,1,1
2019-08-30,0.0,-0.2787947629279445,0.0,10.1,12.0,-43.94,-44.93,-5.07,-74.78,-66.27,-7.1,-75.63,-70.63,34.95,-14.2120765832106,-23.73,1,1,1,1
2019-09-02,0.0,-0.284305080849258,0.0,9.9,12.0,-43.94,-44.93,-5.07,-74.78,-66.27,-7.1,-75.63,-70.63,34.95,-14.2120765832106,-23.73,1,1,1,1
2019-09-03,0.0,-0.2819370103376191,0.0,9.99,12.0,-43.94,-44.93,-5.07,-74.78,-66.27,-7.1,-75.63,-70.63,34.95,-14.2120765832106,-23.73,1,1,1,1
2019-09-04,0.0,-0.2890867616900672,0.0,9.74,12.0,-43.94,-44.93,-5.07,-74.78,-66.27,-7.1,-75.63,-70.63,34.95,-14.2120765832106,-23.73,1,1,1,1
2019-09-05,0.0,-0.3045247598332514,0.0,9.25,12.0,-43.94,-44.93,-5.07,-74.78,-66.27,-7.1,-75.63,-70.63,34.95,-14.2120765832106,-23.73,1,1,0,0
2019-09-06,0.0,-0.3052989367312871,0.0,9.22,12.0,-43.94,-44.93,-5.07,-74.78,-66.27,-7.1,-75.63,-70.63,34.95,-14.2120765832106,-23.73,1,1,0,0
2019-09-09,0.0,-0.3029308662196482,0.0,9.29,14.12,-36.57,-43.78,-5.07,-74.78,-66.27,-7.1,-75.63,-70.63,34.95,-14.2120765832106,-23.73,1,1,0,0
2019-09-10,0.0,-0.3029308662196482,0.0,9.29,14.12,-36.57,-43.78,-5.07,-74.78,-66.27,-7.1,-75.63,-70.63,34.95,-14.2120765832106,-23.73,1,1,0,0
2019-09-11,0.0,-0.3045247598332514,0.0,9.25,14.12,-36.57,-43.78,-5.07,-74.78,-66.27,-7.1,-75.63,-70.63,34.95,-14.2120765832106,-23.73,1,1,0,0
2019-09-12,0.0,-0.3080768656007097,0.0,9.14,14.12,-36.57,-43.78,-5.07,-74.78,-66.27,-7.1,-75.63,-70.63,34.95,-14.2120765832106,-23.73,1,1,0,0
2019-09-16,0.0,-0.3092609008565291,0.0,9.1,14.12,-36.57,-43.78,-5.07,-74.78,-66.27,-7.1,-75.63,-70.63,34.95,-14.2120765832106,-23.73,1,1,0,0
2019-09-17,0.0,-0.3246988989997131,0.0,8.67,14.12,-36.57,-43.78,-5.07,-74.78,-66.27,-7.1,-75.63,-70.63,34.95,-14.2120765832106,-23.73,1,0,0,0
2019-09-18,0.0,-0.3251087573574968,0.0,8.66,14.12,-36.57,-43.78,-5.07,-74.78,-66.27,-7.1,-75.63,-70.63,34.95,-14.2120765832106,-23.73,1,0,0,0
2019-09-19,0.0,-0.3223308284880743,0.0,8.73,14.12,-36.57,-43.78,-5.07,-74.78,-66.27,-7.1,-75.63,-70.63,34.95,-14.2120765832106,-23.73,1,0,0,0
2019-09-20,0.0,-0.328296544584703,0.0,8.58,14.12,-36.57,-43.78,-5.07,-74.78,-66.27,-7.1,-75.63,-70.63,34.95,-14.2120765832106,-23.73,0,0,0,0
2019-09-23,0.0,-0.3365847913754389,0.0,8.36,14.12,-36.57,-43.78,-5.07,-74.78,-66.27,-7.1,-75.63,-70.63,34.95,-14.2120765832106,-23.73,0,0,0,0
2019-09-24,0.0,-0.3381786849890421,0.0,8.33,14.12,-36.57,-43.78,-5.07,-74.78,-66.27,-7.1,-75.63,-70.63,34.95,-14.2120765832106,-23.73,0,0,0,0
2019-09-25,0.0,-0.3365847913754389,0.0,8.36,14.12,-36.57,-43.78,-5.07,-74.78,-66.27,-7.1,-75.63,-70.63,34.95,-14.2120765832106,-23.73,0,0,0,0
2019-09-26,0.0,-0.3338068625060165,0.0,8.43,14.12,-36.57,-43.78,-5.07,-74.78,-66.27,-7.1,-75.63,-70.63,34.95,-14.2120765832106,-23.73,0,0,0,0
2019-09-27,0.0,-0.318778722720616,0.0,8.83,14.12,-36.57,-43.78,-5.07,-74.78,-66.27,-7.1,-75.63,-70.63,34.95,-14.2120765832106,-23.73,0,0,0,0
2019-10-01,0.0,-0.3290707214827388,0.0,8.56,14.12,-36.57,-43.78,-5.07,-74.78,-66.27,-7.1,-75.63,-70.63,34.95,-14.2120765832106,-23.73,0,0,0,0
2019-10-02,0.0,-0.3246988989997131,0.0,8.67,14.12,-36.57,-43.78,-5.07,-74.78,-66.27,-7.1,-75.63,-70.63,34.95,-14.2120765832106,-23.73,0,0,0,0
2019-10-03,0.0,-0.3164106522089772,0.0,8.9,14.12,-36.57,-43.78,-5.07,-74.78,-66.27,-7.1,-75.63,-70.63,34.95,-14.2120765832106,-23.73,0,0,0,0
2019-10-04,0.0,-0.3136327233395546,0.0,8.98,14.12,-36.57,-43.78,-5.07,-74.78,-66.27,-7.1,-75.63,-70.63,34.95,-14.2120765832106,-23.73,0,0,0,0
2019-10-07,0.0,-0.3235148637438938,0.0,8.7,-4.23,-37.32,-43.02,-5.07,-74.78,-66.27,-7.1,-75.63,-70.63,34.95,-14.2120765832106,-23.73,0,0,0,0
2019-10-08,0.0,-0.3112646528279157,0.0,9.05,-4.23,-37.32,-43.02,-5.07,-74.78,-66.27,-7.1,-75.63,-70.63,34.95,-14.2120765832106,-23.73,0,0,0,0
2019-10-09,0.0,-0.2827567270531864,0.0,9.96,-4.23,-37.32,-43.02,-5.07,-74.78,-66.27,-7.1,-75.63,-70.63,34.95,-14.2120765832106,-23.73,0,0,0,1
2019-10-14,0.0,-0.2839407623090058,0.0,9.92,-4.23,-37.32,-43.02,-5.07,-74.78,-66.27,-7.1,-75.63,-70.63,34.95,-14.2120765832106,-23.73,0,0,0,1
2019-10-15,0.0,-0.2756069757007383,0.0,10.22,-4.23,-37.32,-43.02,-5.07,-74.78,-66.27,-7.1,-75.63,-70.63,34.95,-14.2120765832106,-23.73,1,1,1,1
2019-10-16,0.0,-0.2772008693143414,0.0,10.16,-4.23,-37.32,-43.02,-5.07,-74.78,-66.27,-7.1,-75.63,-70.63,34.95,-14.2120765832106,-23.73,1,1,1,1
2019-10-17,0.0,-0.2787947629279445,0.0,10.1,-4.23,-37.32,-43.02,-5.07,-74.78,-66.27,-7.1,-75.63,-70.63,34.95,-14.2120765832106,-23.73,1,1,1,1
2019-10-18,0.0,-0.2863088328206447,0.0,9.83,-4.23,-37.32,-43.02,-5.07,-74.78,-66.27,-7.1,-75.63,-70.63,34.95,-14.2120765832106,-23.73,0,0,0,1
2019-10-21,0.0,-0.2835309039512221,0.0,9.93,-4.23,-37.32,-43.02,-5.07,-74.78,-66.27,-7.1,-75.63,-70.63,34.95,-14.2120765832106,-23.73,0,0,1,1
2019-10-22,0.0,-0.2807529750817997,0.0,10.03,-4.23,-37.32,-43.02,-5.07,-74.78,-66.27,-7.1,-75.63,-70.63,34.95,-14.2120765832106,-23.73,0,0,1,1
2019-10-23,0.0,-0.2795689398259802,0.0,10.07,-4.23,-37.32,-43.02,-5.07,-74.78,-66.27,-7.1,-75.63,-70.63,34.95,-14.2120765832106,-23.73,1,1,1,1
2019-10-24,0.0,-0.2823468686954027,0.0,9.97,-4.23,-37.32,-43.02,-5.07,-74.78,-66.27,-7.1,-75.63,-70.63,34.95,-14.2120765832106,-23.73,0,0,1,1
2019-10-25,0.0,-0.2839407623090058,0.0,9.92,-4.23,-37.32,-43.02,-5.07,-74.78,-66.27,-7.1,-75.63,-70.63,34.95,-14.2120765832106,-23.73,0,0,1,1
2019-10-28,0.0,-0.2847149392070416,0.0,9.89,-4.23,-37.32,-43.02,-5.07,-74.78,-66.27,-7.1,-75.63,-70.63,34.95,-14.2120765832106,-23.73,0,0,1,1
2019-10-29,0.0,-0.2863088328206447,0.0,9.83,-4.23,-37.32,-43.02,-5.07,-74.78,-66.27,-7.1,-75.63,-70.63,34.95,-14.2120765832106,-23.73,0,0,1,1
2019-10-30,0.0,-0.2815726917973669,0.0,10.0,-4.23,-37.32,-43.02,-5.07,-74.78,-66.27,-7.1,-75.63,-70.63,34.95,-14.2120765832106,-23.73,0,0,1,1
2019-10-31,0.0,-0.2772008693143414,0.0,10.16,-4.23,-37.32,-43.02,-5.07,-74.78,-66.27,-7.1,-75.63,-70.63,34.95,-14.2120765832106,-23.73,1,1,1,1
2019-11-01,0.0,-0.2795689398259802,0.0,10.07,-4.23,-37.32,-43.02,-5.07,-74.78,-66.27,-7.1,-75.63,-70.63,34.95,-14.2120765832106,-23.73,0,0,1,1
2019-11-04,0.0,-0.2764266924163056,0.0,10.19,-4.23,-37.32,-43.02,-5.07,-74.78,-66.27,-7.1,-75.63,-70.63,34.95,-14.2120765832106,-23.73,1,1,1,1
2019-11-05,0.0,-0.2890867616900672,0.0,9.74,-4.23,-37.32,-43.02,-5.07,-74.78,-66.27,-7.1,-75.63,-70.63,34.95,-14.2120765832106,-23.73,0,0,1,1
2019-11-06,0.0,-0.2870830097186804,0.0,9.81,-4.23,-37.32,-43.02,-5.07,-74.78,-66.27,-7.1,-75.63,-70.63,34.95,-14.2120765832106,-23.73,0,0,1,1
2019-11-07,0.0,-0.2867186911784283,0.0,9.82,-9.58,-32.76,-42.09,-5.07,-74.78,-66.27,-7.1,-75.63,-70.63,34.95,-14.2120765832106,-23.73,0,0,1,1
2019-11-08,0.0,-0.2867186911784283,0.0,9.82,-9.58,-32.76,-42.09,-5.07,-74.78,-66.27,-7.1,-75.63,-70.63,34.95,-14.2120765832106,-23.73,0,0,1,1
2019-11-11,0.0,-0.2819370103376191,0.0,9.99,-9.58,-32.76,-42.09,-5.07,-74.78,-66.27,-7.1,-75.63,-70.63,34.95,-14.2120765832106,-23.73,0,0,1,1
2019-11-12,0.0,-0.2851247975648253,0.0,9.88,-9.58,-32.76,-42.09,-5.07,-74.78,-66.27,-7.1,-75.63,-70.63,34.95,-14.2120765832106,-23.73,0,0,1,1
2019-11-13,0.0,-0.2767910109565578,0.0,10.17,-9.58,-32.76,-42.09,-5.07,-74.78,-66.27,-7.1,-75.63,-70.63,34.95,-14.2120765832106,-23.73,0,1,1,1
2019-11-14,0.0,-0.5186307402043023,0.0,10.58,-9.58,-32.76,-42.09,-21.17,-79.15,-71.21,-19.71,-81.89,-74.97,27.95,-20.028612303290423,-20.0,1,1,1,1
2019-11-15,0.4545036764705882,-0.5325662230405295,0.3333333333333333,10.3,-9.58,-32.76,-42.09,-21.17,-79.15,-71.21,-19.71,-81.89,-74.97,27.95,-20.028612303290423,-20.0,1,1,1,1
2019-11-18,0.4724264705882353,-0.5488094928432656,0.3594771241830065,10.0,-9.58,-32.76,-42.09,-21.17,-79.15,-71.21,-19.71,-81.89,-74.97,27.95,-20.028612303290423,-20.0,0,1,1,1
2019-11-19,0.4733455882352941,-0.549519581140653,0.3594771241830065,9.99,-9.58,-32.76,-42.09,-21.17,-79.15,-71.21,-19.71,-81.89,-74.97,27.95,-20.028612303290423,-20.0,0,1,1,1
2019-11-20,0.4715073529411765,-0.5480106435087049,0.3594771241830065,10.01,-9.58,-32.76,-42.09,-21.17,-79.15,-71.21,-19.71,-81.89,-74.97,27.95,-20.028612303290423,-20.0,0,1,1,1
2019-11-21,0.4568014705882353,-0.5348740100070385,0.3333333333333333,10.26,-9.58,-32.76,-42.09,-21.17,-79.15,-71.21,-19.71,-81.89,-74.97,27.95,-20.028612303290423,-20.0,1,1,1,1
2019-11-22,0.4636948529411765,-0.5410872826091779,0.3464052287581699,10.14,-9.58,-32.76,-42.09,-21.17,-79.15,-71.21,-19.71,-81.89,-74.97,27.95,-20.028612303290423,-20.0,1,1,1,1
2019-11-25,0.4696691176470588,-0.5464129448395832,0.3529411764705882,10.04,-9.58,-32.76,-42.09,-21.17,-79.15,-71.21,-19.71,-81.89,-74.97,27.95,-20.028612303290423,-20.0,1,1,1,1
2019-11-26,0.4696691176470588,-0.5464129448395832,0.3529411764705882,10.04,-9.58,-32.76,-42.09,-21.17,-79.15,-71.21,-19.71,-81.89,-74.97,27.95,-20.028612303290423,-20.0,1,1,1,1
2019-11-27,0.4724264705882353,-0.5488094928432656,0.3594771241830065,10.0,-9.58,-32.76,-42.09,-21.17,-79.15,-71.21,-19.71,-81.89,-74.97,27.95,-20.028612303290423,-20.0,1,1,1,1
2019-11-28,0.4774816176470588,-0.5534250667762836,0.3660130718954248,9.92,-9.58,-32.76,-42.09,-21.17,-79.15,-71.21,-19.71,-81.89,-74.97,27.95,-20.028612303290423,-20.0,1,1,1,1
2019-11-29,0.4733455882352941,-0.549519581140653,0.3594771241830065,9.99,-9.58,-32.76,-42.09,-21.17,-79.15,-71.21,-19.71,-81.89,-74.97,27.95,-20.028612303290423,-20.0,1,1,1,1
2019-12-02,0.4765625,-0.5526262174417227,0.3660130718954248,9.93,-9.58,-32.76,-42.09,-21.17,-79.15,-71.21,-19.71,-81.89,-74.97,27.95,-20.028612303290423,-20.0,1,1,1,1
2019-12-03,0.4908088235294118,-0.5657628509433892,0.3856209150326797,9.7,-9.58,-32.76,-42.09,-21.17,-79.15,-71.21,-19.71,-81.89,-74.97,27.95,-20.028612303290423,-20.0,1,1,1,1
2019-12-04,0.4848345588235294,-0.5603484276758105,0.3790849673202615,9.79,-9.58,-32.76,-42.09,-21.17,-79.15,-71.21,-19.71,-81.89,-74.97,27.95,-20.028612303290423,-20.0,1,1,1,1
2019-12-05,0.5243566176470589,-0.595852842545179,0.4379084967320262,9.21,-9.58,-32.76,-42.09,-21.17,-79.15,-71.21,-19.71,-81.89,-74.97,27.95,-20.028612303290423,-20.0,1,1,1,1
2019-12-06,0.5078125,-0.5812072714115646,0.411764705882353,9.44,-9.58,-32.76,-42.09,-21.17,-79.15,-71.21,-19.71,-81.89,-74.97,27.95,-20.028612303290423,-20.0,1,1,1,1
2019-12-09,0.5137867647058824,-0.5866216946791433,0.4248366013071896,9.36,-5.73,-21.1,-40.67,-21.17,-79.15,-71.21,-19.71,-81.89,-74.97,27.95,-20.028612303290423,-20.0,1,1,1,1
2019-12-10,0.5064338235294118,-0.5796095727424428,0.411764705882353,9.47,-5.73,-21.1,-40.67,-21.17,-79.15,-71.21,-19.71,-81.89,-74.97,27.95,-20.028612303290423,-20.0,1,1,1,1
2019-12-11,0.5105698529411765,-0.5835150583780735,0.4183006535947713,9.4,-5.73,-21.1,-40.67,-21.17,-79.15,-71.21,-19.71,-81.89,-74.97,27.95,-20.028612303290423,-20.0,1,1,1,1
2019-12-12,0.5248161764705883,-0.5966516918797399,0.4379084967320262,9.2,-5.73,-21.1,-40.67,-21.17,-79.15,-71.21,-19.71,-81.89,-74.97,27.95,-20.028612303290423,-20.0,1,1,1,1
2019-12-13,0.5445772058823529,-0.6144038993144242,0.4705882352941177,8.93,-5.73,-21.1,-40.67,-21.17,-79.15,-71.21,-19.71,-81.89,-74.97,27.95,-20.028612303290423,-20.0,1,1,1,0
2019-12-16,0.5716911764705883,-0.6390794676486354,0.5163398692810458,8.59,-5.73,-21.1,-40.67,-21.17,-79.15,-71.21,-19.71,-81.89,-74.97,27.95,-20.028612303290423,-20.0,1,1,1,0
2019-12-17,0.5932904411764707,-0.6583406127152679,0.5490196078431373,8.34,-5.73,-21.1,-40.67,-21.17,-79.15,-71.21,-19.71,-81.89,-74.97,27.95,-20.028612303290423,-20.0,0,0,0,0
2019-12-18,0.5822610294117647,-0.6483106155146713,0.5294117647058824,8.46,-5.73,-21.1,-40.67,-21.17,-79.15,-71.21,-19.71,-81.89,-74.97,27.95,-20.028612303290423,-20.0,0,0,0,0
2019-12-19,0.5946691176470589,-0.6599383113843894,0.5490196078431373,8.32,-5.73,-21.1,-40.67,-21.17,-79.15,-71.21,-19.71,-81.89,-74.97,27.95,-20.028612303290423,-20.0,0,0,0,0
2019-12-20,0.5776654411764707,-0.6444938909162141,0.5228758169934641,8.51,-5.73,-21.1,-40.67,-21.17,-79.15,-71.21,-19.71,-81.89,-74.97,27.95,-20.028612303290423,-20.0,0,0,0,0
2019-12-23,0.5703125000000001,-0.6375705300166872,0.5098039215686274,8.61,-5.73,-21.1,-40.67,-21.17,-79.15,-71.21,-19.71,-81.89,-74.97,27.95,-20.028612303290423,-20.0,1,1,1,0
2019-12-24,0.5776654411764707,-0.6444938909162141,0.5228758169934641,8.51,-5.73,-21.1,-40.67,-21.17,-79.15,-71.21,-19.71,-81.89,-74.97,27.95,-20.028612303290423,-20.0,0,0,0,0
2019-12-25,0.5827205882352942,-0.6491094648492319,0.5294117647058824,8.45,-5.73,-21.1,-40.67,-21.17,-79.15,-71.21,-19.71,-81.89,-74.97,27.95,-20.028612303290423,-20.0,0,0,0,0
2019-12-26,0.5795036764705883,-0.6460028285481623,0.5228758169934641,8.49,-5.73,-21.1,-40.67,-21.17,-79.15,-71.21,-19.71,-81.89,-74.97,27.95,-20.028612303290423,-20.0,0,0,0,0
2019-12-27,0.5785845588235294,-0.645292740250775,0.5228758169934641,8.5,-5.73,-21.1,-40.67,-21.17,-79.15,-71.21,-19.71,-81.89,-74.97,27.95,-20.028612303290423,-20.0,0,0,0,0
2019-12-30,0.5863970588235294,-0.6522161011503018,0.5359477124183006,8.41,-5.73,-21.1,-40.67,-21.17,-79.15,-71.21,-19.71,-81.89,-74.97,27.95,-20.028612303290423,-20.0,0,0,0,0
2019-12-31,0.5767463235294118,-0.6436950415816532,0.5228758169934641,8.53,-5.73,-21.1,-40.67,-21.17,-79.15,-71.21,-19.71,-81.89,-74.97,27.95,-20.028612303290423,-20.0,1,0,0,0
2020-01-02,0.5992647058823529,-0.6637550359828466,0.5555555555555556,8.27,-5.73,-21.1,-40.67,-21.17,-79.15,-71.21,-19.71,-81.89,-74.97,27.95,-20.028612303290423,-20.0,0,0,0,0
2020-01-03,0.5886948529411765,-0.6545238881168106,0.5359477124183006,8.38,-5.73,-21.1,-40.67,-21.17,-79.15,-71.21,-19.71,-81.89,-74.97,27.95,-20.028612303290423,-20.0,0,0,0,0
2020-01-06,0.5795036764705883,-0.6460028285481623,0.5228758169934641,8.49,-5.73,-21.1,-40.67,-21.17,-79.15,-71.21,-19.71,-81.89,-74.97,27.95,-20.028612303290423,-20.0,0,0,0,0
2020-01-07,0.5574448529411765,-0.6259428341469689,0.4901960784313725,8.77,1.59,-10.32,-38.94,-21.17,-79.15,-71.21,-19.71,-81.89,-74.97,27.95,-20.028612303290423,-20.0,1,1,0,0
2020-01-08,0.5703125000000001,-0.6375705300166872,0.5098039215686274,8.61,1.59,-10.32,-38.94,-21.17,-79.15,-71.21,-19.71,-81.89,-74.97,27.95,-20.028612303290423,-20.0,0,1,0,0
2020-01-09,0.5767463235294118,-0.6436950415816532,0.5228758169934641,8.53,1.59,-10.32,-38.94,-21.17,-79.15,-71.21,-19.71,-81.89,-74.97,27.95,-20.028612303290423,-20.0,0,0,0,0
2020-01-10,0.5845588235294118,-0.6506184024811802,0.5294117647058824,8.43,1.59,-10.32,-38.94,-21.17,-79.15,-71.21,-19.71,-81.89,-74.97,27.95,-20.028612303290423,-20.0,0,0,0,0
2020-01-13,0.5946691176470589,-0.6599383113843894,0.5490196078431373,8.32,1.59,-10.32,-38.94,-21.17,-79.15,-71.21,-19.71,-81.89,-74.97,27.95,-20.028612303290423,-20.0,0,0,0,0
2020-01-14,0.5932904411764707,-0.6583406127152679,0.542483660130719,8.34,1.59,-10.32,-38.94,-21.17,-79.15,-71.21,-19.71,-81.89,-74.97,27.95,-20.028612303290423,-20.0,0,0,0,0
2020-01-15,0.5904628330995791,-0.6468016778827231,0.5228758169934641,8.48,1.59,-10.32,-38.94,-21.17,-79.15,-71.21,-19.71,-81.89,-74.97,27.95,-20.028612303290423,-20.0,0,0,0,0
2020-01-16,0.5867227676484338,-0.6436950415816532,0.5228758169934641,8.53,1.59,-10.32,-38.94,-21.17,-79.15,-71.21,-19.71,-81.89,-74.97,27.95,-20.028612303290423,-20.0,0,0,0,0
2020-01-17,0.5885928003740065,-0.645292740250775,0.5228758169934641,8.5,1.59,-10.32,-38.94,-21.17,-79.15,-71.21,-19.71,-81.89,-74.97,27.95,-20.028612303290423,-20.0,0,0,0,0
2020-01-20,0.6034644194756554,-0.6576305244178805,0.542483660130719,8.35,1.59,-10.32,-38.94,-21.17,-79.15,-71.21,-19.71,-81.89,-74.97,27.95,-20.028612303290423,-20.0,0,0,0,0
2020-01-30,0.5393258426966292,-0.600468416478197,0.4444444444444445,9.14,1.59,-10.32,-38.94,-21.17,-79.15,-71.21,-19.71,-81.89,-74.97,27.95,-20.028612303290423,-20.0,1,1,0,0
2020-01-31,0.5416666666666667,-0.602776203444706,0.4509803921568628,9.1,1.59,-10.32,-38.94,-21.17,-79.15,-71.21,-19.71,-81.89,-74.97,27.95,-20.028612303290423,-20.0,1,1,0,0
2020-02-03,0.5529026217228464,-0.6128062006453027,0.4705882352941177,8.95,1.59,-10.32,-38.94,-21.17,-79.15,-71.21,-19.71,-81.89,-74.97,27.95,-20.028612303290423,-20.0,1,1,0,0
2020-02-04,0.5575842696629214,-0.6167116862809332,0.4771241830065361,8.9,1.59,-10.32,-38.94,-21.17,-79.15,-71.21,-19.71,-81.89,-74.97,27.95,-20.028612303290423,-20.0,1,1,0,0
2020-02-05,0.5964419475655431,-0.6514172518157411,0.5359477124183006,8.42,1.59,-10.32,-38.94,-21.17,-79.15,-71.21,-19.71,-81.89,-74.97,27.95,-20.028612303290423,-20.0,1,0,0,0
2020-02-06,0.6039418113561709,-0.6568316750833197,0.542483660130719,8.35,1.59,-10.32,-38.94,-21.17,-79.15,-71.21,-19.71,-81.89,-74.97,27.95,-20.028612303290423,-20.0,0,0,0,0
2020-02-07,0.6017029328287605,-0.6506184024811802,0.5294117647058824,8.43,3.92,5.68,5.68,-21.17,-79.15,-71.21,-19.71,-81.89,-74.97,27.95,-20.028612303290423,-20.0,1,0,0,0
2020-02-10,0.5946073793755913,-0.6444938909162141,0.5228758169934641,8.51,3.92,5.68,5.68,-21.17,-79.15,-71.21,-19.71,-81.89,-74.97,27.95,-20.028612303290423,-20.0,1,0,0,0
2020-02-11,0.6087984862819299,-0.6568316750833197,0.542483660130719,8.35,3.92,5.68,5.68,-21.17,-79.15,-71.21,-19.71,-81.89,-74.97,27.95,-20.028612303290423,-20.0,0,0,0,0
2020-02-12,0.6054872280037842,-0.65372503878225,0.5359477124183006,8.39,3.92,5.68,5.68,-21.17,-79.15,-71.21,-19.71,-81.89,-74.97,27.95,-20.028612303290423,-20.0,0,0,0,0
2020-02-13,0.6210974456007567,-0.6676605216184772,0.562091503267974,8.22,3.92,5.68,5.68,-21.17,-79.15,-71.21,-19.71,-81.89,-74.97,27.95,-20.028612303290423,-20.0,0,0,0,0
2020-02-14,0.6234626300851466,-1.2443693322331324,0.562091503267974,8.19,3.92,5.68,5.68,-42.23,-80.58,-73.01,-36.06,-79.7,-75.82,25.75,-7.871198568872985,-41.67,0,0,0,0
2020-02-17,0.6343424787133396,-1.261514855623732,0.5816993464052288,8.08,3.92,5.68,5.68,-42.23,-80.58,-73.01,-36.06,-79.7,-75.82,25.75,-7.871198568872985,-41.67,0,0,0,0
2020-02-18,0.5974456007568589,-1.201340662954801,0.5228758169934641,8.48,3.92,5.68,5.68,-42.23,-80.58,-73.01,-36.06,-79.7,-75.82,25.75,-7.871198568872985,-41.67,0,0,0,0
2020-02-19,0.6059602649006621,-1.2156835527142444,0.5359477124183006,8.38,3.92,5.68,5.68,-42.23,-80.58,-73.01,-36.06,-79.7,-75.82,25.75,-7.871198568872985,-41.67,0,0,0,0
2020-02-20,0.5955534531693472,-1.198538029323645,0.5228758169934641,8.5,3.92,5.68,5.68,-42.23,-80.58,-73.01,-36.06,-79.7,-75.82,25.75,-7.871198568872985,-41.67,0,0,0,0
2020-02-21,0.6026490066225165,-1.2099134246501009,0.5359477124183006,8.42,3.92,5.68,5.68,-42.23,-80.58,-73.01,-36.06,-79.7,-75.82,25.75,-7.871198568872985,-41.67,0,0,0,0
2020-02-24,0.6035950804162724,-1.2113971718665948,0.5359477124183006,8.41,3.92,5.68,5.68,-42.23,-80.58,-73.01,-36.06,-79.7,-75.82,25.75,-7.871198568872985,-41.67,0,0,0,0
2020-02-25,0.6105160662122687,-1.1940867876741623,0.5163398692810458,8.54,3.92,5.68,5.68,-42.23,-80.58,-73.01,-36.06,-79.7,-75.82,25.75,-7.871198568872985,-41.67,0,0,0,0
2020-02-26,0.5929892891918208,-1.166884755371769,0.4967320261437908,8.73,3.92,5.68,5.68,-42.23,-80.58,-73.01,-36.06,-79.7,-75.82,25.75,-7.871198568872985,-41.67,0,0,0,0
2020-02-27,1.0,-1.1081943099193317,0.4379084967320262,9.2,3.92,5.68,5.68,-42.23,-80.58,-73.01,-36.06,-79.7,-75.82,25.75,-7.871198568872985,-41.67,0,0,0,0
2020-03-02,0.9853219696969696,-1.0938514201598877,0.4248366013071896,9.32,3.92,5.68,5.68,-42.23,-80.58,-73.01,-36.06,-79.7,-75.82,25.75,-7.871198568872985,-41.67,0,0,0,0
2020-03-03,1.0,-1.1152833243981377,0.4444444444444445,9.14,3.92,5.68,5.68,-42.23,-80.58,-73.01,-36.06,-79.7,-75.82,25.75,-7.871198568872985,-41.67,0,0,0,0
2020-03-04,1.0,-1.1268235805264255,0.4575163398692811,9.05,3.92,5.68,5.68,-42.23,-80.58,-73.01,-36.06,-79.7,-75.82,25.75,-7.871198568872985,-41.67,0,0,0,0
2020-03-05,1.0,-1.148255484764675,0.4771241830065361,8.88,3.92,5.68,5.68,-42.23,-80.58,-73.01,-36.06,-79.7,-75.82,25.75,-7.871198568872985,-41.67,0,0,0,0
2020-03-06,0.977262391996362,-1.1253398333099314,0.4575163398692811,9.06,3.92,5.68,5.68,-42.23,-80.58,-73.01,-36.06,-79.7,-75.82,25.75,-7.871198568872985,-41.67,0,0,0,0
2020-03-09,0.9249658935879946,-1.0722546551198058,0.4052287581699347,9.51,1.4,34.41,18.43,-42.23,-80.58,-73.01,-36.06,-79.7,-75.82,25.75,-7.871198568872985,-41.67,0,0,0,0
2020-03-10,0.926330150068213,-1.0737384023362997,0.4052287581699347,9.49,1.4,34.41,18.43,-42.23,-80.58,-73.01,-36.06,-79.7,-75.82,25.75,-7.871198568872985,-41.67,0,0,0,0
2020-03-11,0.894042746703047,-1.040766241969762,0.3790849673202615,9.79,1.4,34.41,18.43,-42.23,-80.58,-73.01,-36.06,-79.7,-75.82,25.75,-7.871198568872985,-41.67,0,0,0,0
2020-03-12,0.800818553888131,-0.9461361417177988,0.2875816993464053,10.77,1.4,34.41,18.43,-42.23,-80.58,-73.01,-36.06,-79.7,-75.82,25.75,-7.871198568872985,-41.67,0,0,0,0
2020-03-13,0.7567075943610733,-0.9017885860248058,0.2483660130718954,11.3,1.4,34.41,18.43,-42.23,-80.58,-73.01,-36.06,-79.7,-75.82,25.75,-7.871198568872985,-41.67,0,0,0,0
2020-03-16,0.7048658481127786,-0.8487034078346801,0.2026143790849673,12.01,1.4,34.41,18.43,-42.23,-80.58,-73.01,-36.06,-79.7,-75.82,25.75,-7.871198568872985,-41.67,0,0,0,0
2020-03-17,0.6325602546612097,-0.7755052118209664,0.130718954248366,13.14,1.4,34.41,18.43,-42.23,-80.58,-73.01,-36.06,-79.7,-75.82,25.75,-7.871198568872985,-41.67,0,1,1,1
2020-03-18,0.5775352432924057,-0.719617399999685,0.0849673202614379,14.16,1.4,34.41,18.43,-42.23,-80.58,-73.01,-36.06,-79.7,-75.82,25.75,-7.871198568872985,-41.67,1,1,1,1
2020-03-19,0.5070486584811278,-0.6479029512024655,0.0130718954248366,15.73,1.4,34.41,18.43,-42.23,-80.58,-73.01,-36.06,-79.7,-75.82,25.75,-7.871198568872985,-41.67,1,1,1,1
2020-03-20,0.5557071396089132,-0.6973611917522721,0.0588235294117646,14.61,1.4,34.41,18.43,-42.23,-80.58,-73.01,-36.06,-79.7,-75.82,25.75,-7.871198568872985,-41.67,1,1,1,1
2020-03-23,0.4929513415188722,-0.6335600614430217,0.0,16.09,1.4,34.41,18.43,-42.23,-80.58,-73.01,-36.06,-79.7,-75.82,25.75,-7.871198568872985,-41.67,1,1,1,1
2020-03-24,0.5507048658481128,-0.6924153676972915,0.0588235294117646,14.72,1.4,34.41,18.43,-42.23,-80.58,-73.01,-36.06,-79.7,-75.82,25.75,-7.871198568872985,-41.67,1,1,1,1
2020-03-25,0.6116416552978626,-0.754073307582717,0.1111111111111111,2.87,1.4,34.41,18.43,-42.23,-80.58,-73.01,-36.06,-79.7,-75.82,25.75,-7.871198568872985,-41.67,1,1,1,1
2020-03-26,0.6311959981809914,-0.7741863254063049,0.130718954248366,2.8,1.4,34.41,18.43,-42.23,-80.58,-73.01,-36.06,-79.7,-75.82,25.75,-7.871198568872985,-41.67,1,1,1,1
2020-03-27,0.6452933151432468,-0.7885292151657488,0.1437908496732027,2.75,1.4,34.41,18.43,-42.23,-80.58,-73.01,-36.06,-79.7,-75.82,25.75,-7.871198568872985,-41.67,1,1,1,1
2020-03-30,0.629831741700773,-0.7727025781898107,0.130718954248366,2.8,1.4,34.41,18.43,-42.23,-80.58,-73.01,-36.06,-79.7,-75.82,25.75,-7.871198568872985,-41.67,1,1,1,1
2020-03-31,0.6271032287403365,-0.7698999445586551,0.1176470588235294,2.81,1.4,34.41,18.43,-42.23,-80.58,-73.01,-36.06,-79.7,-75.82,25.75,-7.871198568872985,-41.67,1,1,1,1
2020-04-01,0.629831741700773,-0.7727025781898107,0.1241830065359477,2.8,1.4,34.41,18.43,-42.23,-80.58,-73.01,-36.06,-79.7,-75.82,25.75,-7.871198568872985,-41.67,1,1,1,1
2020-04-06,0.6653024101864484,-0.8084773721875042,0.1568627450980391,2.68,1.4,34.41,18.43,-42.23,-80.58,-73.01,-36.06,-79.7,-75.82,25.75,-7.871198568872985,-41.67,1,1,1,1
2020-04-07,0.743974533879036,-0.8887645826800233,0.2287581699346405,2.44,17.37,44.01,26.79,-42.23,-80.58,-73.01,-36.06,-79.7,-75.82,25.75,-7.871198568872985,-41.67,0,0,0,0
2020-04-08,0.7639836289222375,-0.9088776005036114,0.2483660130718954,2.38,17.37,44.01,26.79,-42.23,-80.58,-73.01,-36.06,-79.7,-75.82,25.75,-7.871198568872985,-41.67,0,0,0,0
2020-04-09,0.7526148249204184,-0.8973373443753232,0.2352941176470588,2.41,17.37,44.01,26.79,-42.23,-80.58,-73.01,-36.06,-79.7,-75.82,25.75,-7.871198568872985,-41.67,0,0,0,0
2020-04-10,0.743974533879036,-0.8887645826800233,0.2287581699346405,2.44,17.37,44.01,26.79,-42.23,-80.58,-73.01,-36.06,-79.7,-75.82,25.75,-7.871198568872985,-41.67,0,0,0,0
2020-04-13,0.7130513869940882,-0.85727616952998,0.196078431372549,2.53,17.37,44.01,26.79,-42.23,-80.58,-73.01,-36.06,-79.7,-75.82,25.75,-7.871198568872985,-41.67,1,1,1,1
2020-04-14,0.7257844474761256,-0.8701353120729296,0.2091503267973856,2.49,17.37,44.01,26.79,-42.23,-80.58,-73.01,-36.06,-79.7,-75.82,25.75,-7.871198568872985,-41.67,0,1,1,1
2020-04-15,0.7344247385175079,-0.8787080737682293,0.2156862745098039,2.46,17.37,44.01,26.79,-42.23,-80.58,-73.01,-36.06,-79.7,-75.82,25.75,-7.871198568872985,-41.67,0,1,0,0
2020-04-16,0.7385175079581627,-0.8829944546158794,0.2222222222222222,2.45,17.37,44.01,26.79,-42.23,-80.58,-73.01,-36.06,-79.7,-75.82,25.75,-7.871198568872985,-41.67,0,1,0,0
2020-04-17,0.7316962255570715,-0.8759054401370737,0.2156862745098039,2.47,17.37,44.01,26.79,-42.23,-80.58,-73.01,-36.06,-79.7,-75.82,25.75,-7.871198568872985,-41.67,0,1,1,1
2020-04-20,0.7271487039563438,-0.8716190592894238,0.2091503267973856,2.48,17.37,44.01,26.79,-42.23,-80.58,-73.01,-36.06,-79.7,-75.82,25.75,-7.871198568872985,-41.67,1,1,1,1
2020-04-21,0.6875852660300137,-0.8313930236422479,0.176470588235294,2.6,17.37,44.01,26.79,-42.23,-80.58,-73.01,-36.06,-79.7,-75.82,25.75,-7.871198568872985,-41.67,1,1,1,1
2020-04-22,0.7144156434743066,-0.8587599167464742,0.2026143790849673,2.52,17.37,44.01,26.79,-42.23,-80.58,-73.01,-36.06,-79.7,-75.82,25.75,-7.871198568872985,-41.67,1,1,1,1
2020-04-23,0.707594361073215,-0.8515060414658358,0.196078431372549,2.54,17.37,44.01,26.79,-42.23,-80.58,-73.01,-36.06,-79.7,-75.82,25.75,-7.871198568872985,-41.67,1,1,1,1
2020-04-24,0.7030468394724876,-0.8472196606181859,0.1895424836601306,2.55,17.37,44.01,26.79,-42.23,-80.58,-73.01,-36.06,-79.7,-75.82,25.75,-7.871198568872985,-41.67,1,1,1,1
2020-04-27,0.7385175079581627,-0.8829944546158794,0.2222222222222222,2.45,17.37,44.01,26.79,-42.23,-80.58,-73.01,-36.06,-79.7,-75.82,25.75,-7.871198568872985,-41.67,1,0,0,0
2020-04-28,0.7612551159618008,-0.9060749668724556,0.2418300653594771,2.39,17.37,44.01,26.79,-42.23,-80.58,-73.01,-36.06,-79.7,-75.82,25.75,-7.871198568872985,-41.67,1,0,0,0
2020-04-29,0.7753524329240564,-0.9204178566318996,0.2549019607843137,2.35,17.37,44.01,26.79,-42.23,-80.58,-73.01,-36.06,-79.7,-75.82,25.75,-7.871198568872985,-41.67,0,0,0,0
2020-04-30,0.7867212369258755,-0.931793251958355,0.2679738562091504,2.32,17.37,44.01,26.79,-42.23,-80.58,-73.01,-36.06,-79.7,-75.82,25.75,-7.871198568872985,-41.67,0,0,0,0
2020-05-04,0.755343337880855,-0.9003048388083116,0.2352941176470588,2.4,17.37,44.01,26.79,-42.23,-80.58,-73.01,-36.06,-79.7,-75.82,25.75,-7.871198568872985,-41.67,0,0,0,0
2020-05-05,0.7585266030013643,-0.9031074724394672,0.2418300653594771,2.4,17.37,44.01,26.79,-42.23,-80.58,-73.01,-36.06,-79.7,-75.82,25.75,-7.871198568872985,-41.67,0,0,0,0
2020-05-06,0.9467939972714872,-0.9073938532871172,0.2418300653594771,2.39,17.37,44.01,26.79,-42.23,-80.58,-73.01,-36.06,-79.7,-75.82,25.75,-7.871198568872985,-41.67,0,0,0,0
2020-05-07,0.9654388358344704,-0.9232204902630552,0.2614379084967321,2.34,4.93,36.7,29.43,-42.23,-80.58,-73.01,-36.06,-79.7,-75.82,25.75,-7.871198568872985,-41.67,0,0,0,0
2020-05-08,0.9554342883128696,-0.9146477285677554,0.2483660130718954,2.37,4.93,36.7,29.43,-42.23,-80.58,-73.01,-36.06,-79.7,-75.82,25.75,-7.871198568872985,-41.67,0,0,0,0
2020-05-11,0.9704411095952706,-0.9275068711107052,0.2614379084967321,2.33,4.93,36.7,29.43,-42.23,-80.58,-73.01,-36.06,-79.7,-75.82,25.75,-7.871198568872985,-41.67,0,0,0,0
2020-05-12,0.9517962710322876,-0.9116802341347672,0.2483660130718954,2.37,4.93,36.7,29.43,-42.23,-80.58,-73.01,-36.06,-79.7,-75.82,25.75,-7.871198568872985,-41.67,0,0,0,0
2020-05-13,0.9399727148703956,-0.9017885860248058,0.2418300653594771,2.4,4.93,36.7,29.43,-42.23,-80.58,-73.01,-36.06,-79.7,-75.82,25.75,-7.871198568872985,-41.67,0,0,0,0
2020-05-14,0.8904047294224647,-0.8600788031611356,0.2026143790849673,2.52,4.93,36.7,29.43,-42.23,-80.58,-73.01,-36.06,-79.7,-75.82,25.75,-7.871198568872985,-41.67,0,1,1,1
2020-05-15,0.8922237380627559,-1.1032814021628554,0.2026143790849673,2.51,4.93,36.7,29.43,49.88,-35.21,-35.21,27.24,-39.32,-39.32,23.83,-7.456310679611657,50.0,0,1,1,1
2020-05-18,0.8649386084583902,-1.0739365657869202,0.1830065359477123,2.58,4.93,36.7,29.43,49.88,-35.21,-35.21,27.24,-39.32,-39.32,23.83,-7.456310679611657,50.0,1,1,1,1
2020-05-19,0.8767621646202821,-1.0868145155634097,0.1895424836601306,2.55,4.93,36.7,29.43,49.88,-35.21,-35.21,27.24,-39.32,-39.32,23.83,-7.456310679611657,50.0,1,1,1,1
2020-05-20,0.8885857207821738,-1.0996924653398994,0.2026143790849673,2.52,4.93,36.7,29.43,49.88,-35.21,-35.21,27.24,-39.32,-39.32,23.83,-7.456310679611657,50.0,1,1,1,1
2020-05-21,0.9040472942246476,-1.116159351939345,0.2091503267973856,2.48,4.93,36.7,29.43,49.88,-35.21,-35.21,27.24,-39.32,-39.32,23.83,-7.456310679611657,50.0,0,1,1,0
2020-05-22,0.8804001819008641,-1.090403452386366,0.196078431372549,2.54,4.93,36.7,29.43,49.88,-35.21,-35.21,27.24,-39.32,-39.32,23.83,-7.456310679611657,50.0,1,1,1,1
2020-05-25,0.8854024556616644,-1.095892414586181,0.196078431372549,2.53,4.93,36.7,29.43,49.88,-35.21,-35.21,27.24,-39.32,-39.32,23.83,-7.456310679611657,50.0,1,1,1,1
2020-05-26,0.9022282855843566,-1.1142593265624858,0.2091503267973856,2.49,4.93,36.7,29.43,49.88,-35.21,-35.21,27.24,-39.32,-39.32,23.83,-7.456310679611657,50.0,1,1,1,0
2020-05-27,0.9022282855843566,-1.1142593265624858,0.2091503267973856,2.49,4.93,36.7,29.43,49.88,-35.21,-35.21,27.24,-39.32,-39.32,23.83,-7.456310679611657,50.0,1,1,1,0
2020-05-28,0.9058663028649386,-1.118059377316204,0.2156862745098039,2.48,4.93,36.7,29.43,49.88,-35.21,-35.21,27.24,-39.32,-39.32,23.83,-7.456310679611657,50.0,1,0,1,0
2020-05-29,0.8872214643019554,-1.0977924399630403,0.196078431372549,2.53,4.93,36.7,29.43,49.88,-35.21,-35.21,27.24,-39.32,-39.32,23.83,-7.456310679611657,50.0,1,1,1,0
2020-06-01,0.9058663028649386,-1.118059377316204,0.2156862745098039,2.48,4.93,36.7,29.43,49.88,-35.21,-35.21,27.24,-39.32,-39.32,23.83,-7.456310679611657,50.0,1,1,1,0
2020-06-02,0.8922237380627559,-1.1032814021628554,0.2026143790849673,2.51,4.93,36.7,29.43,49.88,-35.21,-35.21,27.24,-39.32,-39.32,23.83,-7.456310679611657,50.0,1,1,1,0
2020-06-03,0.9108685766257392,-1.1235483395160193,0.2156862745098039,2.47,4.93,36.7,29.43,49.88,-35.21,-35.21,27.24,-39.32,-39.32,23.83,-7.456310679611657,50.0,1,0,1,0
2020-06-04,0.928149158708504,-1.141915251492324,0.2287581699346405,2.43,4.93,36.7,29.43,49.88,-35.21,-35.21,27.24,-39.32,-39.32,23.83,-7.456310679611657,50.0,0,0,0,0
2020-06-05,0.961800818553888,-1.1786490754449332,0.2549019607843137,2.35,4.93,36.7,29.43,49.88,-35.21,-35.21,27.24,-39.32,-39.32,23.83,-7.456310679611657,50.0,0,0,0,0
2020-06-08,0.9554342883128696,-1.171260087868259,0.2483660130718954,2.37,-1.24,30.76,29.71,49.88,-35.21,-35.21,27.24,-39.32,-39.32,23.83,-7.456310679611657,50.0,0,0,0,0
2020-06-09,0.948613005911778,-1.163871100291585,0.2483660130718954,2.38,-1.24,30.76,29.71,49.88,-35.21,-35.21,27.24,-39.32,-39.32,23.83,-7.456310679611657,50.0,0,0,0,0
2020-06-10,0.9586175534333788,-1.174849024691215,0.2549019607843137,2.36,-1.24,30.76,29.71,49.88,-35.21,-35.21,27.24,-39.32,-39.32,23.83,-7.456310679611657,50.0,0,0,0,0
2020-06-11,0.9213278763074124,-1.1345262639156497,0.2222222222222222,2.44,-1.24,30.76,29.71,49.88,-35.21,-35.21,27.24,-39.32,-39.32,23.83,-7.456310679611657,50.0,0,0,0,0
2020-06-12,0.9108685766257392,-1.1235483395160193,0.2156862745098039,2.47,-1.24,30.76,29.71,49.88,-35.21,-35.21,27.24,-39.32,-39.32,23.83,-7.456310679611657,50.0,0,0,0,0
2020-06-15,0.8904047294224647,-1.1013813767859963,0.2026143790849673,2.52,-1.24,30.76,29.71,49.88,-35.21,-35.21,27.24,-39.32,-39.32,23.83,-7.456310679611657,50.0,1,1,1,0
2020-06-16,0.9158708503865396,-1.1290373017158344,0.2222222222222222,2.46,-1.24,30.76,29.71,49.88,-35.21,-35.21,27.24,-39.32,-39.32,23.83,-7.456310679611657,50.0,0,0,0,0
2020-06-17,0.9008640291041382,-1.1125704151163889,0.2091503267973856,2.48,-1.24,30.76,29.71,49.88,-35.21,-35.21,27.24,-39.32,-39.32,23.83,-7.456310679611657,50.0,0,1,0,0
2020-06-18,0.8972260118235562,-1.1087703643626707,0.2091503267973856,2.48,-1.24,30.76,29.71,49.88,-35.21,-35.21,27.24,-39.32,-39.32,23.83,-7.456310679611657,50.0,0,1,0,0
2020-06-19,0.8872214643019554,-1.0977924399630403,0.196078431372549,2.51,-1.24,30.76,29.71,49.88,-35.21,-35.21,27.24,-39.32,-39.32,23.83,-7.456310679611657,50.0,1,1,1,0
2020-06-22,0.8885857207821738,-1.0996924653398994,0.2026143790849673,2.5,-1.24,30.76,29.71,49.88,-35.21,-35.21,27.24,-39.32,-39.32,23.83,-7.456310679611657,50.0,1,1,0,0
2020-06-23,0.8904047294224647,-1.1013813767859963,0.2026143790849673,2.5,-1.24,30.76,29.71,49.88,-35.21,-35.21,27.24,-39.32,-39.32,23.83,-7.456310679611657,50.0,1,1,0,0
2020-06-24,0.9040472942246476,-1.116159351939345,0.2091503267973856,2.47,-1.24,30.76,29.71,49.88,-35.21,-35.21,27.24,-39.32,-39.32,23.83,-7.456310679611657,50.0,1,1,0,0
2020-06-29,0.8817644383810824,-1.092303477763225,0.196078431372549,2.52,-1.24,30.76,29.71,49.88,-35.21,-35.21,27.24,-39.32,-39.32,23.83,-7.456310679611657,50.0,1,1,0,0
2020-06-30,0.9076853115052298,-1.1197482887623011,0.2222222222222222,2.46,-1.24,30.76,29.71,49.88,-35.21,-35.21,27.24,-39.32,-39.32,23.83,-7.456310679611657,50.0,1,1,0,0
2020-07-01,0.9076853115052298,-1.1197482887623011,0.2222222222222222,2.46,-1.24,30.76,29.71,49.88,-35.21,-35.21,27.24,-39.32,-39.32,23.83,-7.456310679611657,50.0,1,1,0,0
2020-07-02,0.8990450204638473,-1.13853742860013,0.2156862745098039,2.48,-1.24,30.76,29.71,49.88,-35.21,-35.21,27.24,-39.32,-39.32,23.83,-7.456310679611657,50.0,0,0,0,0
2020-07-03,0.8872214643019554,-1.1254483648928784,0.2091503267973856,2.51,-1.24,30.76,29.71,49.88,-35.21,-35.21,27.24,-39.32,-39.32,23.83,-7.456310679611657,50.0,1,1,0,0
2020-07-06,0.894042746703047,-1.1328373524695523,0.2091503267973856,2.49,-1.24,30.76,29.71,49.88,-35.21,-35.21,27.24,-39.32,-39.32,23.83,-7.456310679611657,50.0,1,0,0,0
2020-07-07,0.9040472942246476,-1.1442375047307074,0.2222222222222222,2.47,-4.15,30.21,29.8,49.88,-35.21,-35.21,27.24,-39.32,-39.32,23.83,-7.456310679611657,50.0,0,0,0,0
2020-07-08,0.894042746703047,-1.1328373524695523,0.2091503267973856,2.49,-4.15,30.21,29.8,49.88,-35.21,-35.21,27.24,-39.32,-39.32,23.83,-7.456310679611657,50.0,1,0,0,0
2020-07-09,0.9076853115052298,-1.1480375554844255,0.2222222222222222,2.46,-4.15,30.21,29.8,49.88,-35.21,-35.21,27.24,-39.32,-39.32,23.83,-7.456310679611657,50.0,0,0,0,0
2020-07-10,0.8835834470213734,-1.1216483141391602,0.2026143790849673,2.52,-4.15,30.21,29.8,49.88,-35.21,-35.21,27.24,-39.32,-39.32,23.83,-7.456310679611657,50.0,1,0,0,0
2020-07-13,0.9363346975898136,-1.1799157590295062,0.2418300653594771,2.39,-4.15,30.21,29.8,49.88,-35.21,-35.21,27.24,-39.32,-39.32,23.83,-7.456310679611657,50.0,0,0,0,0
2020-07-14,0.9158708503865396,-1.157326568437959,0.2287581699346405,2.44,-4.15,30.21,29.8,49.88,-35.21,-35.21,27.24,-39.32,-39.32,23.83,-7.456310679611657,50.0,0,0,0,0
2020-07-15,0.8922237380627559,-1.1311484410234558,0.2091503267973856,2.5,-4.15,30.21,29.8,49.88,-35.21,-35.21,27.24,-39.32,-39.32,23.83,-7.456310679611657,50.0,0,0,0,0
2020-07-16,0.895407003183265,-1.1347373778464118,0.2156862745098039,2.49,-4.15,30.21,29.8,49.88,-35.21,-35.21,27.24,-39.32,-39.32,23.83,-7.456310679611657,50.0,0,0,0,0
2020-07-17,0.894042746703047,-1.1328373524695523,0.2091503267973856,2.49,-4.15,30.21,29.8,49.88,-35.21,-35.21,27.24,-39.32,-39.32,23.83,-7.456310679611657,50.0,0,0,0,0
2020-07-20,0.9040472942246476,-1.1442375047307074,0.2222222222222222,2.47,-4.15,30.21,29.8,49.88,-35.21,-35.21,27.24,-39.32,-39.32,23.83,-7.456310679611657,50.0,0,0,0,0
2020-07-21,0.9108685766257392,-1.151837606238144,0.2222222222222222,2.45,-4.15,30.21,29.8,49.88,-35.21,-35.21,27.24,-39.32,-39.32,23.83,-7.456310679611657,50.0,0,0,0,0
2020-07-22,0.9195088676671216,-1.1611266191916771,0.2287581699346405,2.43,-4.15,30.21,29.8,49.88,-35.21,-35.21,27.24,-39.32,-39.32,23.83,-7.456310679611657,50.0,0,0,0,0
2020-07-23,0.9245111414279218,-1.1668266953222546,0.2352941176470588,2.42,-4.15,30.21,29.8,49.88,-35.21,-35.21,27.24,-39.32,-39.32,23.83,-7.456310679611657,50.0,0,0,0,0
2020-07-24,0.8972260118235562,-1.136637403223271,0.2156862745098039,2.48,-4.15,30.21,29.8,49.88,-35.21,-35.21,27.24,-39.32,-39.32,23.83,-7.456310679611657,50.0,0,0,0,0
2020-07-27,0.8835834470213734,-1.1216483141391602,0.2026143790849673,2.52,-4.15,30.21,29.8,49.88,-35.21,-35.21,27.24,-39.32,-39.32,23.83,-7.456310679611657,50.0,0,0,0,0
2020-07-28,0.8817644383810824,-1.1197482887623011,0.2026143790849673,2.52,-4.15,30.21,29.8,49.88,-35.21,-35.21,27.24,-39.32,-39.32,23.83,-7.456310679611657,50.0,0,0,0,0
2020-07-29,0.8717598908594816,-1.1085592504319086,0.196078431372549,2.55,-4.15,30.21,29.8,49.88,-35.21,-35.21,27.24,-39.32,-39.32,23.83,-7.456310679611657,50.0,0,0,0,0
2020-07-30,0.894042746703047,-1.1328373524695523,0.2091503267973856,2.49,-4.15,30.21,29.8,49.88,-35.21,-35.21,27.24,-39.32,-39.32,23.83,-7.456310679611657,50.0,0,0,0,0
2020-07-31,0.9008640291041382,-1.140437453976989,0.2156862745098039,2.48,-4.15,30.21,29.8,49.88,-35.21,-35.21,27.24,-39.32,-39.32,23.83,-7.456310679611657,50.0,0,0,0,0
2020-08-03,0.8785811732605731,-1.1159482380085828,0.2026143790849673,2.53,-4.15,30.21,29.8,49.88,-35.21,-35.21,27.24,-39.32,-39.32,23.83,-7.456310679611657,50.0,0,0,0,0
2020-08-04,0.8685766257389722,-1.1047591996781905,0.1895424836601306,2.56,-4.15,30.21,29.8,49.88,-35.21,-35.21,27.24,-39.32,-39.32,23.83,-7.456310679611657,50.0,0,0,0,0
2020-08-05,0.8562983174170077,-1.0914590220401763,0.1830065359477123,2.59,-4.15,30.21,29.8,49.88,-35.21,-35.21,27.24,-39.32,-39.32,23.83,-7.456310679611657,50.0,0,0,0,0
2020-08-06,0.7812642110050023,-1.061480843871955,0.1633986928104574,2.66,-4.15,30.21,29.8,49.88,-35.21,-35.21,27.24,-39.32,-39.32,23.83,-7.456310679611657,50.0,0,0,0,0
2020-08-07,0.7585266030013643,-1.03509160252669,0.1437908496732027,2.73,-7.76,7.23,26.16,49.88,-35.21,-35.21,27.24,-39.32,-39.32,23.83,-7.456310679611657,50.0,0,0,0,1
2020-08-10,0.7489768076398363,-1.023691450265535,0.1372549019607843,2.76,-7.76,7.23,26.16,49.88,-35.21,-35.21,27.24,-39.32,-39.32,23.83,-7.456310679611657,50.0,0,0,0,1
2020-08-11,0.7698954070031833,-1.0481806662339412,0.150326797385621,2.69,-7.76,7.23,26.16,49.88,-35.21,-35.21,27.24,-39.32,-39.32,23.83,-7.456310679611657,50.0,0,0,0,1
2020-08-12,0.7603456116416553,-1.0369916279035487,0.1437908496732027,2.72,-7.76,7.23,26.16,49.88,-35.21,-35.21,27.24,-39.32,-39.32,23.83,-7.456310679611657,50.0,0,0,0,1
2020-08-13,0.7653478854024557,-1.042691704034126,0.150326797385621,2.71,-7.76,7.23,26.16,49.88,-35.21,-35.21,27.24,-39.32,-39.32,23.83,-7.456310679611657,50.0,0,0,0,1
2020-08-14,0.7603456116416553,-0.7998790125662399,0.1437908496732027,2.72,-7.76,7.23,26.16,47.87,0.92,-17.61,76.25,15.12,-13.1,30.58,28.32563994964331,66.67,0,0,0,1
2020-08-17,0.7489768076398363,-0.7896199779995313,0.1372549019607843,2.76,-7.76,7.23,26.16,47.87,0.92,-17.61,76.25,15.12,-13.1,30.58,28.32563994964331,66.67,0,0,1,1
2020-08-18,0.7603456116416553,-0.7998790125662399,0.1437908496732027,2.72,-7.76,7.23,26.16,47.87,0.92,-17.61,76.25,15.12,-13.1,30.58,28.32563994964331,66.67,0,0,0,1
2020-08-19,0.7066848567530696,-0.7520035179215994,0.0980392156862745,2.9,-7.76,7.23,26.16,47.87,0.92,-17.61,76.25,15.12,-13.1,30.58,28.32563994964331,66.67,0,1,1,1
2020-08-20,0.6648476580263757,-0.7142242160251483,0.065359477124183,3.05,-7.76,7.23,26.16,47.87,0.92,-17.61,76.25,15.12,-13.1,30.58,28.32563994964331,66.67,1,1,1,1
2020-08-21,0.675306957708049,-0.723669041499261,0.0784313725490196,3.01,-7.76,7.23,26.16,47.87,0.92,-17.61,76.25,15.12,-13.1,30.58,28.32563994964331,66.67,1,1,1,1
2020-08-24,0.6939517962710322,-0.740278906988218,0.0915032679738562,2.94,-7.76,7.23,26.16,47.87,0.92,-17.61,76.25,15.12,-13.1,30.58,28.32563994964331,66.67,1,1,1,1
2020-08-25,0.7262391996361983,-0.7694275925031522,0.1176470588235294,2.83,-7.76,7.23,26.16,47.87,0.92,-17.61,76.25,15.12,-13.1,30.58,28.32563994964331,66.67,0,1,1,1
2020-08-26,0.732605729877217,-0.7751270561513237,0.1241830065359477,2.81,-7.76,7.23,26.16,47.87,0.92,-17.61,76.25,15.12,-13.1,30.58,28.32563994964331,66.67,0,1,1,1
2020-08-27,0.7426102773988176,-0.7839205143513598,0.130718954248366,2.78,-7.76,7.23,26.16,47.87,0.92,-17.61,76.25,15.12,-13.1,30.58,28.32563994964331,66.67,0,0,1,1
2020-08-28,0.7407912687585266,-0.782454937984687,0.130718954248366,2.78,-7.76,7.23,26.16,47.87,0.92,-17.61,76.25,15.12,-13.1,30.58,28.32563994964331,66.67,0,0,1,1
2020-08-31,0.7085038653933606,-0.753469094288272,0.1045751633986928,2.89,-7.76,7.23,26.16,47.87,0.92,-17.61,76.25,15.12,-13.1,30.58,28.32563994964331,66.67,1,1,1,1
2020-09-01,0.7148703956343793,-0.7591685579364434,0.1045751633986928,2.87,-7.76,7.23,26.16,47.87,0.92,-17.61,76.25,15.12,-13.1,30.58,28.32563994964331,66.67,1,1,1,1
2020-09-02,0.6957708049113234,-0.7417444833548905,0.0915032679738562,2.94,-7.76,7.23,26.16,47.87,0.92,-17.61,76.25,15.12,-13.1,30.58,28.32563994964331,66.67,1,1,1,1
2020-09-03,0.7294224647567076,-0.7721959034179784,0.1176470588235294,2.82,-7.76,7.23,26.16,47.87,0.92,-17.61,76.25,15.12,-13.1,30.58,28.32563994964331,66.67,1,1,1,1
2020-09-04,0.723055934515689,-0.7664964397698069,0.1111111111111111,2.84,-7.76,7.23,26.16,47.87,0.92,-17.61,76.25,15.12,-13.1,30.58,28.32563994964331,66.67,1,1,1,1
2020-09-07,0.7471577989995453,-0.7881544016328585,0.1372549019607843,2.76,-0.75,-6.73,21.05,47.87,0.92,-17.61,76.25,15.12,-13.1,30.58,28.32563994964331,66.67,1,1,1,1
2020-09-08,0.755343337880855,-0.795482283466222,0.1437908496732027,2.74,-0.75,-6.73,21.05,47.87,0.92,-17.61,76.25,15.12,-13.1,30.58,28.32563994964331,66.67,0,1,1,1
2020-09-09,0.745793542519327,-0.7868516670847051,0.130718954248366,2.77,-0.75,-6.73,21.05,47.87,0.92,-17.61,76.25,15.12,-13.1,30.58,28.32563994964331,66.67,1,1,1,1
2020-09-10,0.7262391996361983,-0.7694275925031522,0.1176470588235294,2.83,-0.75,-6.73,21.05,47.87,0.92,-17.61,76.25,15.12,-13.1,30.58,28.32563994964331,66.67,1,1,1,1
2020-09-11,0.7312414733969986,-0.773661479784651,0.1176470588235294,2.81,-0.75,-6.73,21.05,47.87,0.92,-17.61,76.25,15.12,-13.1,30.58,28.32563994964331,66.67,1,1,1,1
2020-09-14,0.755343337880855,-0.795482283466222,0.1437908496732027,2.74,-0.75,-6.73,21.05,47.87,0.92,-17.61,76.25,15.12,-13.1,30.58,28.32563994964331,66.67,0,1,1,1
2020-09-15,0.7507958162801273,-0.7910855543662039,0.1372549019607843,2.75,-0.75,-6.73,21.05,47.87,0.92,-17.61,76.25,15.12,-13.1,30.58,28.32563994964331,66.67,1,1,1,1
2020-09-16,0.7617098681218736,-0.8013445889329126,0.150326797385621,2.72,-0.75,-6.73,21.05,47.87,0.92,-17.61,76.25,15.12,-13.1,30.58,28.32563994964331,66.67,0,1,1,1
2020-09-17,0.787630741246021,-0.8244681271626371,0.1699346405228757,2.64,-0.75,-6.73,21.05,47.87,0.92,-17.61,76.25,15.12,-13.1,30.58,28.32563994964331,66.67,0,1,1,1
2020-09-18,0.779899954524784,-0.8173030871477928,0.1633986928104574,2.66,-0.75,-6.73,21.05,47.87,0.92,-17.61,76.25,15.12,-13.1,30.58,28.32563994964331,66.67,0,1,1,1
2020-09-21,0.7844474761255117,-0.8216998162478109,0.1699346405228757,2.65,-0.75,-6.73,21.05,47.87,0.92,-17.61,76.25,15.12,-13.1,30.58,28.32563994964331,66.67,0,1,1,1
2020-09-22,0.757162346521146,-0.7969478598328946,0.1437908496732027,2.73,-0.75,-6.73,21.05,47.87,0.92,-17.61,76.25,15.12,-13.1,30.58,28.32563994964331,66.67,1,1,1,1
2020-09-23,0.7312414733969986,-0.773661479784651,0.1241830065359477,2.81,-0.75,-6.73,21.05,47.87,0.92,-17.61,76.25,15.12,-13.1,30.58,28.32563994964331,66.67,1,1,1,1
2020-09-24,0.7248749431559799,-0.7679620161364795,0.1176470588235294,2.84,-0.75,-6.73,21.05,47.87,0.92,-17.61,76.25,15.12,-13.1,30.58,28.32563994964331,66.67,1,1,1,1
2020-09-25,0.7180536607548886,-0.7620997106697888,0.1111111111111111,2.86,-0.75,-6.73,21.05,47.87,0.92,-17.61,76.25,15.12,-13.1,30.58,28.32563994964331,66.67,1,1,1,1
2020-09-28,0.7603456116416553,-0.7998790125662399,0.150326797385621,2.72,-0.75,-6.73,21.05,47.87,0.92,-17.61,76.25,15.12,-13.1,30.58,28.32563994964331,66.67,1,1,1,1
2020-09-29,0.789449749886312,-0.8259337035293097,0.1699346405228757,2.64,-0.75,-6.73,21.05,47.87,0.92,-17.61,76.25,15.12,-13.1,30.58,28.32563994964331,66.67,1,1,1,1
2020-09-30,0.79899954524784,-0.8347271617293457,0.176470588235294,2.61,-0.75,-6.73,21.05,47.87,0.92,-17.61,76.25,15.12,-13.1,30.58,28.32563994964331,66.67,1,1,1,1
2020-10-05,0.779899954524784,-0.8173030871477928,0.1633986928104574,2.66,-0.75,-6.73,21.05,47.87,0.92,-17.61,76.25,15.12,-13.1,30.58,28.32563994964331,66.67,1,1,1,1
2020-10-06,0.7844474761255117,-0.8216998162478109,0.1633986928104574,2.65,-0.75,-6.73,21.05,47.87,0.92,-17.61,76.25,15.12,-13.1,30.58,28.32563994964331,66.67,1,1,1,1
2020-10-07,0.8331059572532971,-0.8651785817924335,0.2026143790849673,2.52,13.89,10.9,19.74,47.87,0.92,-17.61,76.25,15.12,-13.1,30.58,28.32563994964331,66.67,1,1,1,1
2020-10-08,0.8299226921327877,-0.862247429059088,0.2026143790849673,2.53,13.89,10.9,19.74,47.87,0.92,-17.61,76.25,15.12,-13.1,30.58,28.32563994964331,66.67,1,1,1,1
2020-10-12,0.8476580263756254,-0.8782059272739682,0.2156862745098039,2.48,13.89,10.9,19.74,47.87,0.92,-17.61,76.25,15.12,-13.1,30.58,28.32563994964331,66.67,1,0,1,1
2020-10-13,0.8622100954979537,-0.891233272755503,0.2287581699346405,2.44,13.89,10.9,19.74,47.87,0.92,-17.61,76.25,15.12,-13.1,30.58,28.32563994964331,66.67,0,0,1,1
2020-10-14,0.8767621646202821,-0.9044234600555572,0.2418300653594771,2.41,13.89,10.9,19.74,47.87,0.92,-17.61,76.25,15.12,-13.1,30.58,28.32563994964331,66.67,0,0,1,1
2020-10-15,0.8640291041382447,-0.8926988491221758,0.2287581699346405,2.44,13.89,10.9,19.74,47.87,0.92,-17.61,76.25,15.12,-13.1,30.58,28.32563994964331,66.67,0,0,1,1
2020-10-16,0.8412914961346067,-0.8725064636257966,0.2091503267973856,2.5,13.89,10.9,19.74,47.87,0.92,-17.61,76.25,15.12,-13.1,30.58,28.32563994964331,66.67,0,0,1,1
2020-10-19,0.8685766257389722,-0.8970955782221939,0.2352941176470588,2.43,13.89,10.9,19.74,47.87,0.92,-17.61,76.25,15.12,-13.1,30.58,28.32563994964331,66.67,0,0,1,1
2020-10-20,0.8735788994997727,-0.9014923073222116,0.2352941176470588,2.42,13.89,10.9,19.74,47.87,0.92,-17.61,76.25,15.12,-13.1,30.58,28.32563994964331,66.67,0,0,1,1
2020-10-21,0.8703956343792634,-0.8985611545888664,0.2352941176470588,2.42,13.89,10.9,19.74,47.87,0.92,-17.61,76.25,15.12,-13.1,30.58,28.32563994964331,66.67,0,0,1,1
2020-10-22,0.8685766257389722,-0.8970955782221939,0.2352941176470588,2.43,13.89,10.9,19.74,47.87,0.92,-17.61,76.25,15.12,-13.1,30.58,28.32563994964331,66.67,0,0,1,1
2020-10-23,0.8622100954979537,-0.891233272755503,0.2287581699346405,2.44,13.89,10.9,19.74,47.87,0.92,-17.61,76.25,15.12,-13.1,30.58,28.32563994964331,66.67,0,0,1,1
2020-10-26,0.8476580263756254,-0.8782059272739682,0.2156862745098039,2.48,13.89,10.9,19.74,47.87,0.92,-17.61,76.25,15.12,-13.1,30.58,28.32563994964331,66.67,0,1,1,1
2020-10-27,0.831286948613006,-0.8637130054257607,0.2330827067669172,2.52,13.89,10.9,19.74,47.87,0.92,-17.61,76.25,15.12,-13.1,30.58,28.32563994964331,66.67,0,1,1,1
2020-10-28,0.81218735788995,-0.8462889308442078,0.2180451127819548,2.57,13.89,10.9,19.74,47.87,0.92,-17.61,76.25,15.12,-13.1,30.58,28.32563994964331,66.67,1,1,1,1
2020-10-29,0.8103683492496591,-0.8448233544775352,0.2105263157894736,2.58,13.89,10.9,19.74,47.87,0.92,-17.61,76.25,15.12,-13.1,30.58,28.32563994964331,66.67,1,1,1,1
2020-10-30,0.8040018190086403,-0.8389610490108446,0.2105263157894736,2.6,13.89,10.9,19.74,47.87,0.92,-17.61,76.25,15.12,-13.1,30.58,28.32563994964331,66.67,1,1,1,1
2020-11-02,0.8040018190086403,-0.8389610490108446,0.2105263157894736,2.6,13.89,10.9,19.74,47.87,0.92,-17.61,76.25,15.12,-13.1,30.58,28.32563994964331,66.67,1,1,1,1
2020-11-03,0.8203728967712597,-0.8536168126775712,0.225563909774436,2.55,13.89,10.9,19.74,47.87,0.92,-17.61,76.25,15.12,-13.1,30.58,28.32563994964331,66.67,1,1,1,1
2020-11-04,0.8926784902228285,-0.8563851235923974,0.225563909774436,2.54,13.89,10.9,19.74,47.87,0.92,-17.61,76.25,15.12,-13.1,30.58,28.32563994964331,66.67,1,1,1,1
2020-11-05,0.8994997726239201,-0.862247429059088,0.2330827067669172,2.53,13.89,10.9,19.74,47.87,0.92,-17.61,76.25,15.12,-13.1,30.58,28.32563994964331,66.67,1,1,1,1
2020-11-06,0.9063210550250114,-0.8681097345257788,0.2406015037593984,2.51,13.89,10.9,19.74,47.87,0.92,-17.61,76.25,15.12,-13.1,30.58,28.32563994964331,66.67,1,1,1,1
2020-11-09,0.916780354706685,-0.8767403509072956,0.2481203007518796,2.48,-13.5,6.1,18.31,47.87,0.92,-17.61,76.25,15.12,-13.1,30.58,28.32563994964331,66.67,1,1,1,1
2020-11-10,0.920418371987267,-0.879671503640641,0.2481203007518796,2.48,-13.5,6.1,18.31,47.87,0.92,-17.61,76.25,15.12,-13.1,30.58,28.32563994964331,66.67,1,1,1,1
2020-11-11,0.9099590723055936,-0.8710408872591241,0.2406015037593984,2.5,-13.5,6.1,18.31,47.87,0.92,-17.61,76.25,15.12,-13.1,30.58,28.32563994964331,66.67,1,1,1,1
2020-11-12,0.9445202364711232,-0.9000267309555392,0.2706766917293233,2.42,-13.5,6.1,18.31,47.87,0.92,-17.61,76.25,15.12,-13.1,30.58,28.32563994964331,66.67,1,1,1,1
2020-11-13,0.9481582537517051,-0.9029578836888844,0.2706766917293233,2.41,-13.5,6.1,18.31,47.87,0.92,-17.61,76.25,15.12,-13.1,30.58,28.32563994964331,66.67,1,1,1,1
2020-11-16,0.9827194179172352,-0.8707836328729596,0.3007518796992481,2.34,-13.5,6.1,18.31,-39.04,-21.95,-18.82,-35.91,-8.11,-11.71,25.85,-15.467625899280565,-49.52,1,1,1,1
2020-11-17,1.0,-0.9101918035726096,0.3458646616541354,2.24,-13.5,6.1,18.31,-39.04,-21.95,-18.82,-35.91,-8.11,-11.71,25.85,-15.467625899280565,-49.52,1,1,1,1
2020-11-18,0.9982394366197184,-0.9088224076795716,0.3458646616541354,2.24,-13.5,6.1,18.31,-39.04,-21.95,-18.82,-35.91,-8.11,-11.71,25.85,-15.467625899280565,-49.52,1,1,1,1
2020-11-19,1.0,-0.9196254197246492,0.3609022556390978,2.21,-13.5,6.1,18.31,-39.04,-21.95,-18.82,-35.91,-8.11,-11.71,25.85,-15.467625899280565,-49.52,1,1,1,1
2020-11-20,1.0,-0.9331672235558032,0.3759398496240601,2.18,-13.5,6.1,18.31,-39.04,-21.95,-18.82,-35.91,-8.11,-11.71,25.85,-15.467625899280565,-49.52,1,1,1,1
2020-11-23,1.0,-0.9712059983624152,0.4135338345864661,2.09,-13.5,6.1,18.31,-39.04,-21.95,-18.82,-35.91,-8.11,-11.71,25.85,-15.467625899280565,-49.52,1,1,1,1
2020-11-24,0.9905891980360066,-0.9629896230041868,0.4060150375939849,2.11,-13.5,6.1,18.31,-39.04,-21.95,-18.82,-35.91,-8.11,-11.71,25.85,-15.467625899280565,-49.52,1,1,1,1
2020-11-25,0.9639934533551556,-0.9400142030209934,0.3834586466165413,2.16,-13.5,6.1,18.31,-39.04,-21.95,-18.82,-35.91,-8.11,-11.71,25.85,-15.467625899280565,-49.52,1,1,1,1
2020-11-26,0.9856792144026189,-0.9588814353250728,0.4060150375939849,2.12,-13.5,6.1,18.31,-39.04,-21.95,-18.82,-35.91,-8.11,-11.71,25.85,-15.467625899280565,-49.52,1,1,1,1
2020-11-27,0.9950900163666122,-0.967097810683301,0.4135338345864661,2.1,-13.5,6.1,18.31,-39.04,-21.95,-18.82,-35.91,-8.11,-11.71,25.85,-15.467625899280565,-49.52,1,1,1,1
2020-11-30,1.0,-0.9820090104074928,0.4285714285714285,2.07,-13.5,6.1,18.31,-39.04,-21.95,-18.82,-35.91,-8.11,-11.71,25.85,-15.467625899280565,-49.52,1,1,1,1
2020-12-01,1.0,-1.0430232051972983,0.4962406015037593,1.95,-13.5,6.1,18.31,-39.04,-21.95,-18.82,-35.91,-8.11,-11.71,25.85,-15.467625899280565,-49.52,1,1,1,1
2020-12-02,1.0,-1.105406795880142,0.5639097744360901,1.84,-13.5,6.1,18.31,-39.04,-21.95,-18.82,-35.91,-8.11,-11.71,25.85,-15.467625899280565,-49.52,1,1,1,1
2020-12-03,1.0,-1.1365985912215637,0.6015037593984962,1.79,-13.5,6.1,18.31,-39.04,-21.95,-18.82,-35.91,-8.11,-11.71,25.85,-15.467625899280565,-49.52,1,1,1,1
2020-12-04,1.0,-1.1881791698593294,0.6616541353383458,1.71,-13.5,6.1,18.31,-39.04,-21.95,-18.82,-35.91,-8.11,-11.71,25.85,-15.467625899280565,-49.52,0,0,0,1
2020-12-07,1.0,-1.197612786011369,0.6691729323308271,1.7,2.09,14.9,18.0,-39.04,-21.95,-18.82,-35.91,-8.11,-11.71,25.85,-15.467625899280565,-49.52,0,0,0,0
2020-12-08,0.9964297306069458,-1.1936567534314817,0.6616541353383458,1.7,2.09,14.9,18.0,-39.04,-21.95,-18.82,-35.91,-8.11,-11.71,25.85,-15.467625899280565,-49.52,0,0,0,0
2020-12-09,1.0,-1.2464545728630587,0.7218045112781956,1.63,2.09,14.9,18.0,-39.04,-21.95,-18.82,-35.91,-8.11,-11.71,25.85,-15.467625899280565,-49.52,0,0,0,0
2020-12-10,0.95712954333644,-1.197612786011369,0.6691729323308271,1.7,2.09,14.9,18.0,-39.04,-21.95,-18.82,-35.91,-8.11,-11.71,25.85,-15.467625899280565,-49.52,0,0,0,0
2020-12-11,0.9217148182665426,-1.1569873745179076,0.6240601503759398,1.76,2.09,14.9,18.0,-39.04,-21.95,-18.82,-35.91,-8.11,-11.71,25.85,-15.467625899280565,-49.52,0,1,1,1
2020-12-14,0.9217148182665426,-1.1569873745179076,0.6240601503759398,1.76,2.09,14.9,18.0,-39.04,-21.95,-18.82,-35.91,-8.11,-11.71,25.85,-15.467625899280565,-49.52,0,1,1,1
2020-12-15,0.9074246660453558,-1.1407067789006775,0.6090225563909774,1.78,2.09,14.9,18.0,-39.04,-21.95,-18.82,-35.91,-8.11,-11.71,25.85,-15.467625899280565,-49.52,1,1,1,1
2020-12-16,0.9276172724448588,-1.1638343539830978,0.631578947368421,1.75,2.09,14.9,18.0,-39.04,-21.95,-18.82,-35.91,-8.11,-11.71,25.85,-15.467625899280565,-49.52,0,1,1,1
2020-12-17,0.9263746505125816,-1.16246495809006,0.631578947368421,1.75,2.09,14.9,18.0,-39.04,-21.95,-18.82,-35.91,-8.11,-11.71,25.85,-15.467625899280565,-49.52,0,1,1,1
2020-12-18,0.915812364088226,-1.1501403950527174,0.6165413533834586,1.77,2.09,14.9,18.0,-39.04,-21.95,-18.82,-35.91,-8.11,-11.71,25.85,-15.467625899280565,-49.52,1,1,1,1
2020-12-21,0.9086672879776329,-1.1420761747937158,0.6090225563909774,1.78,2.09,14.9,18.0,-39.04,-21.95,-18.82,-35.91,-8.11,-11.71,25.85,-15.467625899280565,-49.52,1,1,1,1
2020-12-22,0.872941907424666,-1.1012986082010277,0.5639097744360901,1.85,2.09,14.9,18.0,-39.04,-21.95,-18.82,-35.91,-8.11,-11.71,25.85,-15.467625899280565,-49.52,1,1,1,1
2020-12-23,0.8943771357564462,-1.1257955791764858,0.5864661654135337,1.81,2.09,14.9,18.0,-39.04,-21.95,-18.82,-35.91,-8.11,-11.71,25.85,-15.467625899280565,-49.52,1,1,1,1
2020-12-24,0.9217148182665426,-1.1569873745179076,0.6240601503759398,1.76,2.09,14.9,18.0,-39.04,-21.95,-18.82,-35.91,-8.11,-11.71,25.85,-15.467625899280565,-49.52,1,1,1,1
2020-12-25,0.9061820441130788,-1.1393373830076396,0.6015037593984962,1.79,2.09,14.9,18.0,-39.04,-21.95,-18.82,-35.91,-8.11,-11.71,25.85,-15.467625899280565,-49.52,1,1,1,1
2020-12-28,0.9667598633115876,-1.2085679531556734,0.6842105263157895,1.68,2.09,14.9,18.0,-39.04,-21.95,-18.82,-35.91,-8.11,-11.71,25.85,-15.467625899280565,-49.52,1,0,0,1
2020-12-29,0.9419074246660454,-1.179962794501101,0.6466165413533834,1.72,2.09,14.9,18.0,-39.04,-21.95,-18.82,-35.91,-8.11,-11.71,25.85,-15.467625899280565,-49.52,1,1,1,1
2020-12-30,0.9453246349798076,-1.1840709821802151,0.6541353383458646,1.72,2.09,14.9,18.0,-39.04,-21.95,-18.82,-35.91,-8.11,-11.71,25.85,-15.467625899280565,-49.52,1,0,1,1
2020-12-31,0.9394221808014912,-1.1773761578142516,0.6466165413533834,1.73,2.09,14.9,18.0,-39.04,-21.95,-18.82,-35.91,-8.11,-11.71,25.85,-15.467625899280565,-49.52,1,0,1,1
2021-01-04,0.9857098477788132,-1.2301739772458289,0.6992481203007519,1.65,2.09,14.9,18.0,-39.04,-21.95,-18.82,-35.91,-8.11,-11.71,25.85,-15.467625899280565,-49.52,0,0,0,0
2021-01-05,0.9832246039142593,-1.2274351854597527,0.6992481203007519,1.66,2.09,14.9,18.0,-39.04,-21.95,-18.82,-35.91,-8.11,-11.71,25.85,-15.467625899280565,-49.52,0,0,0,1
2021-01-06,0.9950295122708916,-1.241129144390133,0.7142857142857143,1.64,2.09,14.9,18.0,-39.04,-21.95,-18.82,-35.91,-8.11,-11.71,25.85,-15.467625899280565,-49.52,0,0,0,0
2021-01-07,1.0,-1.2587791359004012,0.736842105263158,1.62,3.65,17.24,17.94,-39.04,-21.95,-18.82,-35.91,-8.11,-11.71,25.85,-15.467625899280565,-49.52,0,0,0,0
2021-01-08,1.0,-1.3115769553319785,0.7894736842105261,1.55,3.65,17.24,17.94,-39.04,-21.95,-18.82,-35.91,-8.11,-11.71,25.85,-15.467625899280565,-49.52,0,0,0,0
2021-01-11,0.9382716049382718,-1.2370209567110189,0.706766917293233,1.64,3.65,17.24,17.94,-39.04,-21.95,-18.82,-35.91,-8.11,-11.71,25.85,-15.467625899280565,-49.52,0,0,0,0
2021-01-12,0.8988830099941212,-1.1895485657523674,0.6541353383458646,1.71,3.65,17.24,17.94,-39.04,-21.95,-18.82,-35.91,-8.11,-11.71,25.85,-15.467625899280565,-49.52,0,0,1,1
2021-01-13,0.9100529100529102,-1.2030903695835211,0.6691729323308271,1.69,3.65,17.24,17.94,-39.04,-21.95,-18.82,-35.91,-8.11,-11.71,25.85,-15.467625899280565,-49.52,0,0,1,1
2021-01-14,0.922398589065256,-1.218001569307713,0.6917293233082706,1.67,3.65,17.24,17.94,-39.04,-21.95,-18.82,-35.91,-8.11,-11.71,25.85,-15.467625899280565,-49.52,0,0,0,1
2021-01-15,0.8821281599059377,-1.1691597824560234,0.631578947368421,1.74,3.65,17.24,17.94,-39.04,-21.95,-18.82,-35.91,-8.11,-11.71,25.85,-15.467625899280565,-49.52,0,1,1,1
2021-01-18,0.8797766019988243,-1.1664209906699472,0.631578947368421,1.74,3.65,17.24,17.94,-39.04,-21.95,-18.82,-35.91,-8.11,-11.71,25.85,-15.467625899280565,-49.52,0,1,1,1
2021-01-19,0.8888888888888891,-1.1773761578142516,0.6466165413533834,1.73,3.65,17.24,17.94,-39.04,-21.95,-18.82,-35.91,-8.11,-11.71,25.85,-15.467625899280565,-49.52,0,1,1,1
2021-01-20,0.8609641387419166,-1.143445570686754,0.6090225563909774,1.78,3.65,17.24,17.94,-39.04,-21.95,-18.82,-35.91,-8.11,-11.71,25.85,-15.467625899280565,-49.52,0,1,1,1
2021-01-21,0.8777189888301,-1.1638343539830978,0.631578947368421,1.75,3.65,17.24,17.94,-39.04,-21.95,-18.82,-35.91,-8.11,-11.71,25.85,-15.467625899280565,-49.52,0,1,1,1
2021-01-22,0.8733098177542623,-1.1583567704109456,0.6240601503759398,1.76,3.65,17.24,17.94,-39.04,-21.95,-18.82,-35.91,-8.11,-11.71,25.85,-15.467625899280565,-49.52,0,1,1,1
2021-01-25,0.869782480893592,-1.1542485827318316,0.6165413533834586,1.76,3.65,17.24,17.94,-39.04,-21.95,-18.82,-35.91,-8.11,-11.71,25.85,-15.467625899280565,-49.52,0,1,1,1
2021-01-26,0.8462669018224575,-1.1257955791764858,0.5864661654135337,1.81,3.65,17.24,17.94,-39.04,-21.95,-18.82,-35.91,-8.11,-11.71,25.85,-15.467625899280565,-49.52,1,1,1,1
2021-01-27,0.8406819517930629,-1.1189485997112958,0.5789473684210525,1.82,3.65,17.24,17.94,-39.04,-21.95,-18.82,-35.91,-8.11,-11.71,25.85,-15.467625899280565,-49.52,1,1,1,1
2021-01-28,0.8059964726631393,-1.076953792324796,0.5338345864661654,1.89,3.65,17.24,17.94,-39.04,-21.95,-18.82,-35.91,-8.11,-11.71,25.85,-15.467625899280565,-49.52,1,1,1,1
2021-01-29,0.8115814226925339,-1.0838007717899862,0.5413533834586467,1.88,3.65,17.24,17.94,-39.04,-21.95,-18.82,-35.91,-8.11,-11.71,25.85,-15.467625899280565,-49.52,1,1,1,1
2021-02-01,0.8833039388594944,-1.1705291783490614,0.6390977443609022,1.74,3.65,17.24,17.94,-39.04,-21.95,-18.82,-35.91,-8.11,-11.71,25.85,-15.467625899280565,-49.52,1,1,1,1
2021-02-02,0.8900646678424458,-1.1787455537072895,0.6466165413533834,1.73,3.65,17.24,17.94,-39.04,-21.95,-18.82,-35.91,-8.11,-11.71,25.85,-15.467625899280565,-49.52,1,1,1,1
2021-02-03,0.8833039388594944,-1.1705291783490614,0.6390977443609022,1.74,3.65,17.24,17.94,-39.04,-21.95,-18.82,-35.91,-8.11,-11.71,25.85,-15.467625899280565,-49.52,1,1,1,1
2021-02-04,0.8865373309817755,-1.1746373660281757,0.6390977443609022,1.73,3.65,17.24,17.94,-39.04,-21.95,-18.82,-35.91,-8.11,-11.71,25.85,-15.467625899280565,-49.52,1,1,1,1
2021-02-05,0.8877131099353324,-1.1760067619212136,0.6390977443609022,1.73,3.65,17.24,17.94,-39.04,-21.95,-18.82,-35.91,-8.11,-11.71,25.85,-15.467625899280565,-49.52,1,1,1,1
2021-02-17,0.9235743680188128,-1.8576132057818893,0.6917293233082706,1.67,8.96,22.93,22.93,-45.72,-26.68,-19.9,-37.01,-9.47,-11.37,22.01,-14.854932301740812,-43.4,1,1,1,1
2021-02-18,0.9235743680188128,-1.8576132057818893,0.6917293233082706,1.67,8.96,22.93,22.93,-45.72,-26.68,-19.9,-37.01,-9.47,-11.37,22.01,-14.854932301740812,-43.4,1,1,1,1
2021-02-19,0.9585537918871252,-1.9215889039096408,0.736842105263158,1.61,8.96,22.93,22.93,-45.72,-26.68,-19.9,-37.01,-9.47,-11.37,22.01,-14.854932301740812,-43.4,1,0,1,0
2021-02-22,1.0,-2.0064262427312247,0.7969924812030075,1.54,8.96,22.93,22.93,-45.72,-26.68,-19.9,-37.01,-9.47,-11.37,22.01,-14.854932301740812,-43.4,0,0,0,0
2021-02-23,1.0,-2.0333145796254968,0.819548872180451,1.52,8.96,22.93,22.93,-45.72,-26.68,-19.9,-37.01,-9.47,-11.37,22.01,-14.854932301740812,-43.4,0,0,0,0
2021-02-24,0.98009806749351,-1.9959954223843088,0.7894736842105261,1.55,8.96,22.93,22.93,-45.72,-26.68,-19.9,-37.01,-9.47,-11.37,22.01,-14.854932301740812,-43.4,0,0,0,0
2021-02-25,1.0,-2.0354007436948804,0.819548872180451,1.52,8.96,22.93,22.93,-45.72,-26.68,-19.9,-37.01,-9.47,-11.37,22.01,-14.854932301740812,-43.4,0,0,0,0
2021-02-26,1.0,-1.9939092583149247,0.7894736842105261,1.55,8.96,22.93,22.93,-45.72,-26.68,-19.9,-37.01,-9.47,-11.37,22.01,-14.854932301740812,-43.4,0,0,0,0
2021-03-02,0.9887986558387006,-1.9732794136288023,0.7744360902255637,1.57,8.96,22.93,22.93,-45.72,-26.68,-19.9,-37.01,-9.47,-11.37,22.01,-14.854932301740812,-43.4,0,0,0,0
2021-03-03,0.9495939512741528,-1.9009590592235184,0.7218045112781956,1.63,8.96,22.93,22.93,-45.72,-26.68,-19.9,-37.01,-9.47,-11.37,22.01,-14.854932301740812,-43.4,0,0,1,0
2021-03-04,0.947353682441893,-1.896786731084752,0.7218045112781956,1.63,8.96,22.93,22.93,-45.72,-26.68,-19.9,-37.01,-9.47,-11.37,22.01,-14.854932301740812,-43.4,0,0,1,0
2021-03-05,0.9238308597031644,-1.8534408776431224,0.6842105263157895,1.67,8.96,22.93,22.93,-45.72,-26.68,-19.9,-37.01,-9.47,-11.37,22.01,-14.854932301740812,-43.4,1,1,1,0
2021-03-08,0.911509381125735,-1.8307248688876168,0.6691729323308271,1.69,4.68,26.91,24.93,-45.72,-26.68,-19.9,-37.01,-9.47,-11.37,22.01,-14.854932301740812,-43.4,1,1,1,0
2021-03-09,0.8902268272192663,-1.7915513435847543,0.6390977443609022,1.73,4.68,26.91,24.93,-45.72,-26.68,-19.9,-37.01,-9.47,-11.37,22.01,-14.854932301740812,-43.4,1,1,1,1
2021-03-10,0.9003080369644356,-1.810095024201494,0.6541353383458646,1.71,4.68,26.91,24.93,-45.72,-26.68,-19.9,-37.01,-9.47,-11.37,22.01,-14.854932301740812,-43.4,1,1,1,1
2021-03-11,0.9428731447773732,-1.888673870814928,0.7142857142857143,1.64,4.68,26.91,24.93,-45.72,-26.68,-19.9,-37.01,-9.47,-11.37,22.01,-14.854932301740812,-43.4,1,1,1,0
2021-03-12,0.966395967516102,-1.9320197242565569,0.744360902255639,1.6,4.68,26.91,24.93,-45.72,-26.68,-19.9,-37.01,-9.47,-11.37,22.01,-14.854932301740812,-43.4,0,1,0,0
2021-03-15,0.963035564267712,-1.9257612320484072,0.744360902255639,1.61,4.68,26.91,24.93,-45.72,-26.68,-19.9,-37.01,-9.47,-11.37,22.01,-14.854932301740812,-43.4,0,1,0,0
2021-03-16,0.965275833099972,-1.9299335601871737,0.744360902255639,1.61,4.68,26.91,24.93,-45.72,-26.68,-19.9,-37.01,-9.47,-11.37,22.01,-14.854932301740812,-43.4,0,1,0,0
2021-03-17,0.9484738168580228,-1.898872895154135,0.7218045112781956,1.63,4.68,26.91,24.93,-45.72,-26.68,-19.9,-37.01,-9.47,-11.37,22.01,-14.854932301740812,-43.4,0,1,0,0
2021-03-18,0.9887986558387006,-1.9732794136288023,0.7744360902255637,1.57,4.68,26.91,24.93,-45.72,-26.68,-19.9,-37.01,-9.47,-11.37,22.01,-14.854932301740812,-43.4,0,0,0,0
2021-03-19,0.9551946233548024,-1.911389879570434,0.7293233082706767,1.62,4.68,26.91,24.93,-45.72,-26.68,-19.9,-37.01,-9.47,-11.37,22.01,-14.854932301740812,-43.4,0,1,0,0
2021-03-22,0.9372724726967236,-1.878243050468012,0.706766917293233,1.65,4.68,26.91,24.93,-45.72,-26.68,-19.9,-37.01,-9.47,-11.37,22.01,-14.854932301740812,-43.4,1,1,0,0
2021-03-23,0.9462335480257632,-1.8947005670153685,0.7218045112781956,1.64,4.68,26.91,24.93,-45.72,-26.68,-19.9,-37.01,-9.47,-11.37,22.01,-14.854932301740812,-43.4,1,1,0,0
2021-03-24,0.9271912629515542,-1.8596993698512725,0.6917293233082706,1.67,4.68,26.91,24.93,-45.72,-26.68,-19.9,-37.01,-9.47,-11.37,22.01,-14.854932301740812,-43.4,1,1,0,0
2021-03-25,0.9227107252870344,-1.85135471357374,0.6842105263157895,1.45,4.68,26.91,24.93,-45.72,-26.68,-19.9,-37.01,-9.47,-11.37,22.01,-14.854932301740812,-43.4,1,1,0,0
2021-03-26,0.9484738168580228,-1.898872895154135,0.7218045112781956,1.41,4.68,26.91,24.93,-45.72,-26.68,-19.9,-37.01,-9.47,-11.37,22.01,-14.854932301740812,-43.4,1,1,0,0
2021-03-29,0.9406328759451132,-1.884501542676161,0.7142857142857143,1.43,4.68,26.91,24.93,-45.72,-26.68,-19.9,-37.01,-9.47,-11.37,22.01,-14.854932301740812,-43.4,1,1,0,0
2021-03-30,0.9518342201064128,-1.9051313873622848,0.7293233082706767,1.41,4.68,26.91,24.93,-45.72,-26.68,-19.9,-37.01,-9.47,-11.37,22.01,-14.854932301740812,-43.4,1,1,0,0
2021-03-31,0.9484738168580228,-1.898872895154135,0.6917293233082706,1.41,4.68,26.91,24.93,-45.72,-26.68,-19.9,-37.01,-9.47,-11.37,22.01,-14.854932301740812,-43.4,1,1,0,0
2021-04-01,1.0,-2.0766604330671257,0.819548872180451,1.29,4.68,26.91,24.93,-45.72,-26.68,-19.9,-37.01,-9.47,-11.37,22.01,-14.854932301740812,-43.4,0,0,0,0
2021-04-06,0.9656928437416242,-2.0105985708699907,0.7744360902255637,1.34,4.68,26.91,24.93,-45.72,-26.68,-19.9,-37.01,-9.47,-11.37,22.01,-14.854932301740812,-43.4,1,0,0,0
2021-04-07,0.9635486464754758,-2.0064262427312247,0.7669172932330827,1.34,10.65,19.64,22.97,-45.72,-26.68,-19.9,-37.01,-9.47,-11.37,22.01,-14.854932301740812,-43.4,1,0,0,0
2021-04-08,0.9764138300723666,-2.031228415556114,0.7819548872180451,1.32,10.65,19.64,22.97,-45.72,-26.68,-19.9,-37.01,-9.47,-11.37,22.01,-14.854932301740812,-43.4,1,0,0,0
2021-04-09,1.0,-2.117920122439372,0.8496240601503758,1.27,10.65,19.64,22.97,-45.72,-26.68,-19.9,-37.01,-9.47,-11.37,22.01,-14.854932301740812,-43.4,0,0,0,0
2021-04-12,0.9643138283914984,-2.0476859321034704,0.7969924812030075,1.31,10.65,19.64,22.97,-45.72,-26.68,-19.9,-37.01,-9.47,-11.37,22.01,-14.854932301740812,-43.4,0,0,0,0
2021-04-13,0.9737601679349251,-2.06622961272021,0.8120300751879699,1.3,10.65,19.64,22.97,-45.72,-26.68,-19.9,-37.01,-9.47,-11.37,22.01,-14.854932301740812,-43.4,0,0,0,0
2021-04-14,0.9706113880871164,-2.0602029165197693,0.8045112781954885,1.3,10.65,19.64,22.97,-45.72,-26.68,-19.9,-37.01,-9.47,-11.37,22.01,-14.854932301740812,-43.4,0,0,0,0
2021-04-15,0.9632642351088954,-2.045599768034087,0.7969924812030075,1.31,10.65,19.64,22.97,-45.72,-26.68,-19.9,-37.01,-9.47,-11.37,22.01,-14.854932301740812,-43.4,0,0,0,0
2021-04-16,0.9601154552610862,-2.039341275825937,0.7894736842105261,1.32,10.65,19.64,22.97,-45.72,-26.68,-19.9,-37.01,-9.47,-11.37,22.01,-14.854932301740812,-43.4,0,0,0,0
2021-04-19,0.9674626082393072,-2.05394442431162,0.8425196850393699,1.31,10.65,19.64,22.97,-45.72,-26.68,-19.9,-37.01,-9.47,-11.37,22.01,-14.854932301740812,-43.4,0,0,0,0
2021-04-20,0.9706113880871164,-2.0602029165197693,0.8559999999999999,1.3,10.65,19.64,22.97,-45.72,-26.68,-19.9,-37.01,-9.47,-11.37,22.01,-14.854932301740812,-43.4,0,0,0,0
2021-04-21,0.9559170821306744,-2.031228415556114,0.8320000000000001,1.32,10.65,19.64,22.97,-45.72,-26.68,-19.9,-37.01,-9.47,-11.37,22.01,-14.854932301740812,-43.4,0,0,0,0
2021-04-22,0.9044870112831278,-1.9299335601871737,0.76,1.39,10.65,19.64,22.97,-45.72,-26.68,-19.9,-37.01,-9.47,-11.37,22.01,-14.854932301740812,-43.4,0,0,0,0
2021-04-23,0.9149829441091576,-1.9505634048732965,0.7822580645161292,1.38,10.65,19.64,22.97,-45.72,-26.68,-19.9,-37.01,-9.47,-11.37,22.01,-14.854932301740812,-43.4,0,0,0,0
2021-04-26,0.9307268433482024,-1.9816240699063352,0.8064516129032259,1.36,10.65,19.64,22.97,-45.72,-26.68,-19.9,-37.01,-9.47,-11.37,22.01,-14.854932301740812,-43.4,0,0,0,0
2021-04-27,0.9107845709787458,-1.942218748595764,0.774193548387097,1.38,10.65,19.64,22.97,-45.72,-26.68,-19.9,-37.01,-9.47,-11.37,22.01,-14.854932301740812,-43.4,0,0,0,0
2021-04-28,0.9149829441091576,-1.9505634048732965,0.7822580645161292,1.38,10.65,19.64,22.97,-45.72,-26.68,-19.9,-37.01,-9.47,-11.37,22.01,-14.854932301740812,-43.4,0,0,0,0
2021-04-29,0.8855943321962739,-1.8928461989536944,0.7338709677419356,1.42,10.65,19.64,22.97,-45.72,-26.68,-19.9,-37.01,-9.47,-11.37,22.01,-14.854932301740812,-43.4,0,0,0,0
2021-05-03,0.8446601941747572,-1.8121811882708767,0.6774193548387097,1.48,10.65,19.64,22.97,-45.72,-26.68,-19.9,-37.01,-9.47,-11.37,22.01,-14.854932301740812,-43.4,0,0,0,0
2021-05-04,0.8194699553922854,-1.7625768426210988,0.6370967741935485,1.52,10.65,19.64,22.97,-45.72,-26.68,-19.9,-37.01,-9.47,-11.37,22.01,-14.854932301740812,-43.4,0,0,0,0
2021-05-05,0.7160850170558908,-1.708800168832554,0.5967741935483871,1.57,10.65,19.64,22.97,-45.72,-26.68,-19.9,-37.01,-9.47,-11.37,22.01,-14.854932301740812,-43.4,0,0,0,0
2021-05-06,0.7181842036210969,-1.7129724969713205,0.5967741935483871,1.57,10.65,19.64,22.97,-45.72,-26.68,-19.9,-37.01,-9.47,-11.37,22.01,-14.854932301740812,-43.4,0,0,0,0
2021-05-07,0.7428496457622671,-1.7667491707598657,0.6370967741935485,1.52,15.4,31.58,25.38,-45.72,-26.68,-19.9,-37.01,-9.47,-11.37,22.01,-14.854932301740812,-43.4,0,0,0,0
2021-05-10,0.7103122540015744,-1.696514980423964,0.588709677419355,1.58,15.4,31.58,25.38,-45.72,-26.68,-19.9,-37.01,-9.47,-11.37,22.01,-14.854932301740812,-43.4,0,0,0,0
2021-05-11,0.6567829965888219,-1.5806169765693416,0.5000000000000001,1.7,15.4,31.58,25.38,-45.72,-26.68,-19.9,-37.01,-9.47,-11.37,22.01,-14.854932301740812,-43.4,0,1,1,1
2021-05-12,0.6271319863552873,-1.51664127844159,0.4435483870967742,1.77,15.4,31.58,25.38,-45.72,-26.68,-19.9,-37.01,-9.47,-11.37,22.01,-14.854932301740812,-43.4,1,1,1,1
2021-05-13,0.635791130936762,-1.5351849590583295,0.4596774193548387,1.75,15.4,31.58,25.38,-45.72,-26.68,-19.9,-37.01,-9.47,-11.37,22.01,-14.854932301740812,-43.4,1,1,1,1
2021-05-14,0.6231960115455261,-1.508296622164057,0.4435483870967742,1.78,15.4,31.58,25.38,-45.72,-26.68,-19.9,-37.01,-9.47,-11.37,22.01,-14.854932301740812,-43.4,1,1,1,1
2021-05-17,0.610863290474941,6.646585801302272,0.4193548387096774,1.81,15.4,31.58,25.38,193.27,43.48,43.48,132.2,65.21,65.21,29.11,32.25806451612902,193.33,1,1,1,1
2021-05-18,0.65966937811598,7.118668084436068,0.5000000000000001,1.69,15.4,31.58,25.38,193.27,43.48,43.48,132.2,65.21,65.21,29.11,32.25806451612902,193.33,1,1,1,0
2021-05-19,0.6434006822356337,6.961653932997295,0.4758064516129033,1.73,15.4,31.58,25.38,193.27,43.48,43.48,132.2,65.21,65.21,29.11,32.25806451612902,193.33,1,1,1,1
2021-05-20,0.6444502755182366,6.971012392354574,0.4758064516129033,1.73,15.4,31.58,25.38,193.27,43.48,43.48,132.2,65.21,65.21,29.11,32.25806451612902,193.33,1,1,1,1
2021-05-21,0.6549462083442666,7.072915616467155,0.4919354838709678,1.7,15.4,31.58,25.38,193.27,43.48,43.48,132.2,65.21,65.21,29.11,32.25806451612902,193.33,1,1,1,0
2021-05-24,0.6578325898714248,7.099951165721513,0.5000000000000001,1.7,15.4,31.58,25.38,193.27,43.48,43.48,132.2,65.21,65.21,29.11,32.25806451612902,193.33,1,1,1,0
2021-05-25,0.6788244555234847,7.304797442764152,0.5322580645161291,1.65,15.4,31.58,25.38,193.27,43.48,43.48,132.2,65.21,65.21,29.11,32.25806451612902,193.33,1,0,0,0
2021-05-26,0.669115717659407,7.211212849191372,0.5161290322580646,1.67,15.4,31.58,25.38,193.27,43.48,43.48,132.2,65.21,65.21,29.11,32.25806451612902,193.33,1,1,1,0
2021-05-27,0.6741012857517711,7.258005145977761,0.5241935483870969,1.66,15.4,31.58,25.38,193.27,43.48,43.48,132.2,65.21,65.21,29.11,32.25806451612902,193.33,1,1,0,0
2021-05-28,0.696142744686434,7.471170053560203,0.5645161290322582,1.61,15.4,31.58,25.38,193.27,43.48,43.48,132.2,65.21,65.21,29.11,32.25806451612902,193.33,0,0,0,0
2021-05-31,0.7084754657570191,7.591790196387342,0.5806451612903227,1.59,15.4,31.58,25.38,193.27,43.48,43.48,132.2,65.21,65.21,29.11,32.25806451612902,193.33,0,0,0,0
2021-06-01,0.7027027027027027,7.535639440243674,0.5725806451612905,1.6,15.4,31.58,25.38,193.27,43.48,43.48,132.2,65.21,65.21,29.11,32.25806451612902,193.33,0,0,0,0
2021-06-02,0.705589084229861,7.563714818315507,0.5806451612903227,1.59,15.4,31.58,25.38,193.27,43.48,43.48,132.2,65.21,65.21,29.11,32.25806451612902,193.33,0,0,0,0
2021-06-03,0.7247441616373655,7.748804347826115,0.6129032258064516,1.56,15.4,31.58,25.38,193.27,43.48,43.48,132.2,65.21,65.21,29.11,32.25806451612902,193.33,0,0,0,0
2021-06-04,0.7113618472841774,7.619865574459175,0.588709677419355,1.58,15.4,31.58,25.38,193.27,43.48,43.48,132.2,65.21,65.21,29.11,32.25806451612902,193.33,0,0,0,0
2021-06-07,0.6845972185778011,7.359908370090344,0.5403225806451615,1.64,2.84,37.02,27.91,193.27,43.48,43.48,132.2,65.21,65.21,29.11,32.25806451612902,193.33,0,0,0,0
2021-06-08,0.6911571765940698,7.424377756773815,0.556451612903226,1.62,2.84,37.02,27.91,193.27,43.48,43.48,132.2,65.21,65.21,29.11,32.25806451612902,193.33,0,0,0,0
2021-06-09,0.6636053529257413,7.156101921865179,0.5080645161290324,1.68,2.84,37.02,27.91,193.27,43.48,43.48,132.2,65.21,65.21,29.11,32.25806451612902,193.33,1,1,0,0
2021-06-10,0.6853844135397534,7.369266829447622,0.5447154471544716,1.64,2.84,37.02,27.91,193.27,43.48,43.48,132.2,65.21,65.21,29.11,32.25806451612902,193.33,0,0,0,0
2021-06-11,0.6788244555234847,7.304797442764152,0.5365853658536586,1.65,2.84,37.02,27.91,193.27,43.48,43.48,132.2,65.21,65.21,29.11,32.25806451612902,193.33,0,0,0,0
2021-06-15,0.6777748622408816,7.295438983406873,0.5365853658536586,1.65,2.84,37.02,27.91,193.27,43.48,43.48,132.2,65.21,65.21,29.11,32.25806451612902,193.33,0,0,0,0
2021-06-16,0.681710837050643,7.33183299201851,0.5447154471544716,1.64,2.84,37.02,27.91,193.27,43.48,43.48,132.2,65.21,65.21,29.11,32.25806451612902,193.33,0,0,0,0
2021-06-17,0.6798740488060877,7.313116073303954,0.5365853658536586,1.65,2.84,37.02,27.91,193.27,43.48,43.48,132.2,65.21,65.21,29.11,32.25806451612902,193.33,0,0,0,0
2021-06-18,0.6798740488060877,7.313116073303954,0.5365853658536586,1.65,2.84,37.02,27.91,193.27,43.48,43.48,132.2,65.21,65.21,29.11,32.25806451612902,193.33,0,0,0,0
2021-06-21,0.6394647074258725,6.924220095568184,0.4715447154471544,1.74,2.84,37.02,27.91,193.27,43.48,43.48,132.2,65.21,65.21,29.11,32.25806451612902,193.33,1,1,1,0
2021-06-22,0.6444502755182366,6.971012392354574,0.4796747967479675,1.73,2.84,37.02,27.91,193.27,43.48,43.48,132.2,65.21,65.21,29.11,32.25806451612902,193.33,1,1,0,0
2021-06-23,0.6578325898714248,7.099951165721513,0.5040650406504065,1.7,2.84,37.02,27.91,193.27,43.48,43.48,132.2,65.21,65.21,29.11,32.25806451612902,193.33,1,1,0,0
2021-06-24,0.6672789294148518,7.193535759294293,0.5203252032520326,1.68,2.84,37.02,27.91,193.27,43.48,43.48,132.2,65.21,65.21,29.11,32.25806451612902,193.33,1,0,0,0
2021-06-25,0.6903699816321175,7.415019297416536,0.5528455284552846,1.63,2.84,37.02,27.91,193.27,43.48,43.48,132.2,65.21,65.21,29.11,32.25806451612902,193.33,0,0,0,0
2021-06-28,0.7019155077407505,7.526280980886395,0.5772357723577236,1.6,2.84,37.02,27.91,193.27,43.48,43.48,132.2,65.21,65.21,29.11,32.25806451612902,193.33,0,0,0,0
2021-06-29,0.6835476252951982,7.350549910733066,0.5447154471544716,1.64,2.84,37.02,27.91,193.27,43.48,43.48,132.2,65.21,65.21,29.11,32.25806451612902,193.33,0,0,0,0
2021-06-30,0.6874836001049593,7.387983748162178,0.5447154471544716,1.63,2.84,37.02,27.91,193.27,43.48,43.48,132.2,65.21,65.21,29.11,32.25806451612902,193.33,0,0,0,0
2021-07-01,0.6712149042246129,7.229929767905928,0.5121951219512195,1.67,2.84,37.02,27.91,193.27,43.48,43.48,132.2,65.21,65.21,29.11,32.25806451612902,193.33,1,0,0,0
2021-07-02,0.6853844135397534,7.369266829447622,0.5365853658536586,1.64,2.84,37.02,27.91,193.27,43.48,43.48,132.2,65.21,65.21,29.11,32.25806451612902,193.33,0,0,0,0
2021-07-05,0.694043558121228,7.452453134845648,0.5528455284552846,1.62,2.84,37.02,27.91,193.27,43.48,43.48,132.2,65.21,65.21,29.11,32.25806451612902,193.33,0,0,0,0
2021-07-06,0.681710837050643,7.33183299201851,0.5284552845528455,1.64,2.84,37.02,27.91,193.27,43.48,43.48,132.2,65.21,65.21,29.11,32.25806451612902,193.33,0,0,0,0
2021-07-07,0.6853844135397534,7.369266829447622,0.5641025641025642,1.64,0.46,43.6,30.61,193.27,43.48,43.48,132.2,65.21,65.21,29.11,32.25806451612902,193.33,0,0,0,0
2021-07-08,0.6748884807137234,7.26736360533504,0.5663716814159293,1.66,0.46,43.6,30.61,193.27,43.48,43.48,132.2,65.21,65.21,29.11,32.25806451612902,193.33,0,0,0,0
2021-07-09,0.6769876672789295,7.286080524049596,0.5663716814159293,1.65,0.46,43.6,30.61,193.27,43.48,43.48,132.2,65.21,65.21,29.11,32.25806451612902,193.33,0,0,0,0
2021-07-12,0.6557334033062188,7.082274075824432,0.5309734513274337,1.7,0.46,43.6,30.61,193.27,43.48,43.48,132.2,65.21,65.21,29.11,32.25806451612902,193.33,0,0,0,0
2021-07-13,0.660718971398583,7.1280265437933465,0.5398230088495576,1.69,0.46,43.6,30.61,193.27,43.48,43.48,132.2,65.21,65.21,29.11,32.25806451612902,193.33,0,0,0,0
2021-07-14,0.669115717659407,7.211212849191372,0.5575221238938054,1.67,0.46,43.6,30.61,193.27,43.48,43.48,132.2,65.21,65.21,29.11,32.25806451612902,193.33,0,0,0,0
2021-07-15,0.6769876672789295,7.286080524049596,0.5663716814159293,1.65,0.46,43.6,30.61,193.27,43.48,43.48,132.2,65.21,65.21,29.11,32.25806451612902,193.33,0,0,0,0
2021-07-16,0.6654421411702965,7.174818840579737,0.5486725663716815,1.68,0.46,43.6,30.61,193.27,43.48,43.48,132.2,65.21,65.21,29.11,32.25806451612902,193.33,0,0,0,0
2021-07-19,0.6481238520073471,7.007406400966209,0.5221238938053098,1.72,0.46,43.6,30.61,193.27,43.48,43.48,132.2,65.21,65.21,29.11,32.25806451612902,193.33,0,0,0,0
2021-07-20,0.6376279191813172,6.905503176853627,0.495575221238938,1.74,0.46,43.6,30.61,193.27,43.48,43.48,132.2,65.21,65.21,29.11,32.25806451612902,193.33,0,0,0,0
2021-07-21,0.608764103909735,6.627868882587716,0.4513274336283185,1.82,0.46,43.6,30.61,193.27,43.48,43.48,132.2,65.21,65.21,29.11,32.25806451612902,193.33,1,1,0,0
2021-07-22,0.6300183678824455,6.831675330812879,0.4867256637168141,1.76,0.46,43.6,30.61,193.27,43.48,43.48,132.2,65.21,65.21,29.11,32.25806451612902,193.33,0,0,0,0
2021-07-23,0.6271319863552873,6.803599952741046,0.4778761061946902,1.77,0.46,43.6,30.61,193.27,43.48,43.48,132.2,65.21,65.21,29.11,32.25806451612902,193.33,1,0,0,0
2021-07-26,0.6279191813172396,6.812958412098323,0.4778761061946902,1.77,0.46,43.6,30.61,193.27,43.48,43.48,132.2,65.21,65.21,29.11,32.25806451612902,193.33,1,0,0,0
2021-07-27,0.6260823930726843,6.794241493383768,0.4778761061946902,1.77,0.46,43.6,30.61,193.27,43.48,43.48,132.2,65.21,65.21,29.11,32.25806451612902,193.33,1,0,0,0
2021-07-28,0.6155864602466544,6.692338269271186,0.4601769911504424,1.8,0.46,43.6,30.61,193.27,43.48,43.48,132.2,65.21,65.21,29.11,32.25806451612902,193.33,1,0,0,0
2021-07-29,0.6137496720020992,6.673621350556631,0.4601769911504424,1.81,0.46,43.6,30.61,193.27,43.48,43.48,132.2,65.21,65.21,29.11,32.25806451612902,193.33,1,0,0,0
2021-07-30,0.6166360535292574,6.701696728628464,0.4601769911504424,1.8,0.46,43.6,30.61,193.27,43.48,43.48,132.2,65.21,65.21,29.11,32.25806451612902,193.33,0,0,0,0
2021-08-02,0.6376279191813172,6.905503176853627,0.495575221238938,1.74,0.46,43.6,30.61,193.27,43.48,43.48,132.2,65.21,65.21,29.11,32.25806451612902,193.33,0,0,0,0
2021-08-03,0.6499606402519024,7.026123319680764,0.5221238938053098,1.72,0.46,43.6,30.61,193.27,43.48,43.48,132.2,65.21,65.21,29.11,32.25806451612902,193.33,0,0,0,0
2021-08-04,0.4597218577801102,6.998047941608931,0.5132743362831859,1.72,0.46,43.6,30.61,193.27,43.48,43.48,132.2,65.21,65.21,29.11,32.25806451612902,193.33,0,0,0,0
2021-08-05,0.4573602728942534,7.092672363999185,0.5132743362831859,1.73,0.46,43.6,30.61,193.27,43.48,43.48,132.2,65.21,65.21,29.11,32.25806451612902,193.33,0,0,0,0
2021-08-06,0.4460771451062713,6.9418971854652645,0.4867256637168141,1.77,0.46,43.6,30.61,193.27,43.48,43.48,132.2,65.21,65.21,29.11,32.25806451612902,193.33,0,0,0,0
2021-08-09,0.4468643400682236,6.951255644822541,0.4867256637168141,1.76,4.08,62.03,34.91,193.27,43.48,43.48,132.2,65.21,65.21,29.11,32.25806451612902,193.33,0,0,0,0
2021-08-10,0.4269220676987667,6.687139125183809,0.4336283185840707,1.83,4.08,62.03,34.91,193.27,43.48,43.48,132.2,65.21,65.21,29.11,32.25806451612902,193.33,0,0,0,0
2021-08-11,0.4014694305956442,6.347115101869378,0.3716814159292036,1.93,4.08,62.03,34.91,193.27,43.48,43.48,132.2,65.21,65.21,29.11,32.25806451612902,193.33,0,0,0,0
2021-08-12,0.394384675938074,6.253530508296599,0.3539823008849558,1.96,4.08,62.03,34.91,193.27,43.48,43.48,132.2,65.21,65.21,29.11,32.25806451612902,193.33,0,0,0,0
2021-08-13,0.3802151666229336,6.06428166351609,0.3274336283185841,2.02,4.08,62.03,34.91,193.27,43.48,43.48,132.2,65.21,65.21,29.11,32.25806451612902,193.33,1,1,1,1
2021-08-16,0.394384675938074,0.3904125901863738,0.3539823008849558,1.96,4.08,62.03,34.91,107.55,101.39,78.02,133.34,118.73,99.35,42.33,45.41394709721745,127.27,0,0,0,0
2021-08-17,0.39648386250328,0.3921653570528573,0.3628318584070797,1.95,4.08,62.03,34.91,107.55,101.39,78.02,133.34,118.73,99.35,42.33,45.41394709721745,127.27,0,0,0,0
2021-08-18,0.4135397533455785,0.406252409276077,0.4070796460176992,1.88,4.08,62.03,34.91,107.55,101.39,78.02,133.34,118.73,99.35,42.33,45.41394709721745,127.27,0,0,0,0
2021-08-19,0.3901863028076621,0.3868421391620554,0.3451327433628319,1.98,4.08,62.03,34.91,107.55,101.39,78.02,133.34,118.73,99.35,42.33,45.41394709721745,127.27,1,0,0,0
2021-08-20,0.3823143531881396,0.3803504100269312,0.3274336283185841,2.01,4.08,62.03,34.91,107.55,101.39,78.02,133.34,118.73,99.35,42.33,45.41394709721745,127.27,1,1,0,1
2021-08-23,0.3977958541065337,0.3933338682971797,0.3628318584070797,1.95,4.08,62.03,34.91,107.55,101.39,78.02,133.34,118.73,99.35,42.33,45.41394709721745,127.27,0,0,0,0
2021-08-24,0.392285489372868,0.3885949060285389,0.3539823008849558,1.97,4.08,62.03,34.91,107.55,101.39,78.02,133.34,118.73,99.35,42.33,45.41394709721745,127.27,0,0,0,0
2021-08-25,0.3993702440304382,0.3945023795415021,0.3716814159292036,1.94,4.08,62.03,34.91,107.55,101.39,78.02,133.34,118.73,99.35,42.33,45.41394709721745,127.27,0,0,0,0
2021-08-26,0.3872999212805038,0.3845051166734107,0.336283185840708,1.99,4.08,62.03,34.91,107.55,101.39,78.02,133.34,118.73,99.35,42.33,45.41394709721745,127.27,1,0,0,1
2021-08-27,0.3852007347152978,0.3827523498069272,0.336283185840708,2.0,4.08,62.03,34.91,107.55,101.39,78.02,133.34,118.73,99.35,42.33,45.41394709721745,127.27,1,1,0,1
2021-08-30,0.3951718709000262,0.3909968458085349,0.3628318584070797,1.96,4.08,62.03,34.91,107.55,101.39,78.02,133.34,118.73,99.35,42.33,45.41394709721745,127.27,0,0,0,0
2021-08-31,0.3951718709000262,0.3909968458085349,0.3628318584070797,1.96,4.08,62.03,34.91,107.55,101.39,78.02,133.34,118.73,99.35,42.33,45.41394709721745,127.27,0,0,0,0
2021-09-01,0.4072421936499606,0.4009941086766264,0.3893805309734514,1.91,4.08,62.03,34.91,107.55,101.39,78.02,133.34,118.73,99.35,42.33,45.41394709721745,127.27,0,0,0,0
2021-09-02,0.3935974809761217,0.3897634172728613,0.3539823008849558,1.96,4.08,62.03,34.91,107.55,101.39,78.02,133.34,118.73,99.35,42.33,45.41394709721745,127.27,0,0,0,0
2021-09-03,0.392285489372868,0.3885949060285389,0.3539823008849558,1.97,4.08,62.03,34.91,107.55,101.39,78.02,133.34,118.73,99.35,42.33,45.41394709721745,127.27,0,0,0,1
2021-09-06,0.3951718709000262,0.3909968458085349,0.3628318584070797,1.96,4.08,62.03,34.91,107.55,101.39,78.02,133.34,118.73,99.35,42.33,45.41394709721745,127.27,0,0,0,1
2021-09-07,0.3865127263185516,0.3839208610512495,0.336283185840708,1.99,3.26,68.57,38.94,107.55,101.39,78.02,133.34,118.73,99.35,42.33,45.41394709721745,127.27,0,0,0,1
2021-09-08,0.3802151666229336,0.3785976431604476,0.3274336283185841,2.02,3.26,68.57,38.94,107.55,101.39,78.02,133.34,118.73,99.35,42.33,45.41394709721745,127.27,1,0,0,1
2021-09-09,0.3893991078457098,0.3862578835398942,0.3451327433628319,1.98,3.26,68.57,38.94,107.55,101.39,78.02,133.34,118.73,99.35,42.33,45.41394709721745,127.27,0,0,0,1
2021-09-10,0.3977958541065337,0.3933338682971797,0.3628318584070797,1.95,3.26,68.57,38.94,107.55,101.39,78.02,133.34,118.73,99.35,42.33,45.41394709721745,127.27,0,0,0,1
2021-09-13,0.3907110994489635,0.3874263947842166,0.3451327433628319,1.98,3.26,68.57,38.94,107.55,101.39,78.02,133.34,118.73,99.35,42.33,45.41394709721745,127.27,0,0,0,1
2021-09-14,0.3935974809761217,0.3897634172728613,0.3539823008849558,1.96,3.26,68.57,38.94,107.55,101.39,78.02,133.34,118.73,99.35,42.33,45.41394709721745,127.27,0,0,0,1
2021-09-15,0.3781159800577276,0.376844876293964,0.3185840707964602,2.03,3.26,68.57,38.94,107.55,101.39,78.02,133.34,118.73,99.35,42.33,45.41394709721745,127.27,1,0,1,1
2021-09-16,0.3823143531881396,0.3803504100269312,0.3274336283185841,2.01,3.26,68.57,38.94,107.55,101.39,78.02,133.34,118.73,99.35,42.33,45.41394709721745,127.27,1,0,1,1
2021-09-17,0.3844135397533455,0.3821680941847659,0.336283185840708,2.0,3.26,68.57,38.94,107.55,101.39,78.02,133.34,118.73,99.35,42.33,45.41394709721745,127.27,0,0,0,1
2021-09-22,0.3710312254001575,0.3709374027810009,0.3008849557522124,2.06,3.26,68.57,38.94,107.55,101.39,78.02,133.34,118.73,99.35,42.33,45.41394709721745,127.27,1,1,1,1
2021-09-23,0.3810023615848859,0.3791818987826088,0.3274336283185841,2.02,3.26,68.57,38.94,107.55,101.39,78.02,133.34,118.73,99.35,42.33,45.41394709721745,127.27,0,0,1,1
2021-09-24,0.3844135397533455,0.3821680941847659,0.336283185840708,2.0,3.26,68.57,38.94,107.55,101.39,78.02,133.34,118.73,99.35,42.33,45.41394709721745,127.27,0,0,1,1
2021-09-27,0.3823143531881396,0.3803504100269312,0.3274336283185841,2.01,3.26,68.57,38.94,107.55,101.39,78.02,133.34,118.73,99.35,42.33,45.41394709721745,127.27,0,0,1,1
2021-09-28,0.394384675938074,0.3904125901863738,0.3539823008849558,1.96,3.26,68.57,38.94,107.55,101.39,78.02,133.34,118.73,99.35,42.33,45.41394709721745,127.27,0,0,0,1
2021-09-29,0.4006822356336919,0.3956708907858244,0.3716814159292036,1.93,3.26,68.57,38.94,107.55,101.39,78.02,133.34,118.73,99.35,42.33,45.41394709721745,127.27,0,0,0,1
2021-09-30,0.3914982944109157,0.3880106504063778,0.3539823008849558,1.97,3.26,68.57,38.94,107.55,101.39,78.02,133.34,118.73,99.35,42.33,45.41394709721745,127.27,0,0,1,1
2021-10-01,0.3802151666229336,0.3785976431604476,0.3274336283185841,2.02,3.26,68.57,38.94,107.55,101.39,78.02,133.34,118.73,99.35,42.33,45.41394709721745,127.27,0,0,1,1
2021-10-04,0.3844135397533455,0.3821680941847659,0.336283185840708,2.0,3.26,68.57,38.94,107.55,101.39,78.02,133.34,118.73,99.35,42.33,45.41394709721745,127.27,0,0,1,1
2021-10-05,0.3823143531881396,0.3803504100269312,0.3274336283185841,2.01,3.26,68.57,38.94,107.55,101.39,78.02,133.34,118.73,99.35,42.33,45.41394709721745,127.27,0,0,1,1
2021-10-06,0.3594856992915245,0.3615243955350707,0.2743362831858407,2.12,3.26,68.57,38.94,107.55,101.39,78.02,133.34,118.73,99.35,42.33,45.41394709721745,127.27,1,1,1,1
2021-10-07,0.361060089215429,0.3626929067793931,0.2743362831858407,2.11,-6.49,38.4,38.88,107.55,101.39,78.02,133.34,118.73,99.35,42.33,45.41394709721745,127.27,1,1,1,1
2021-10-08,0.361060089215429,0.3626929067793931,0.2743362831858407,2.11,-6.49,38.4,38.88,107.55,101.39,78.02,133.34,118.73,99.35,42.33,45.41394709721745,127.27,1,1,1,1
2021-10-12,0.356861716085017,0.359187373046426,0.2654867256637168,2.13,-6.49,38.4,38.88,107.55,101.39,78.02,133.34,118.73,99.35,42.33,45.41394709721745,127.27,1,1,1,1
2021-10-13,0.3453161899763841,0.3497743658004958,0.238938053097345,2.19,-6.49,38.4,38.88,107.55,101.39,78.02,133.34,118.73,99.35,42.33,45.41394709721745,127.27,1,1,1,1
2021-10-14,0.3660456573077932,0.3668476134258727,0.2920353982300885,2.09,-6.49,38.4,38.88,107.55,101.39,78.02,133.34,118.73,99.35,42.33,45.41394709721745,127.27,1,1,1,1
2021-10-15,0.3760167934925216,0.3750921094274805,0.3097345132743362,2.04,-6.49,38.4,38.88,107.55,101.39,78.02,133.34,118.73,99.35,42.33,45.41394709721745,127.27,0,1,1,1
2021-10-18,0.3689320388349514,0.3691846359145174,0.2920353982300885,2.07,-6.49,38.4,38.88,107.55,101.39,78.02,133.34,118.73,99.35,42.33,45.41394709721745,127.27,1,1,1,1
2021-10-19,0.3744424035686171,0.3739235981831582,0.3097345132743362,2.05,-6.49,38.4,38.88,107.55,101.39,78.02,133.34,118.73,99.35,42.33,45.41394709721745,127.27,1,1,1,1
2021-10-20,0.3744424035686171,0.3739235981831582,0.3097345132743362,2.05,-6.49,38.4,38.88,107.55,101.39,78.02,133.34,118.73,99.35,42.33,45.41394709721745,127.27,1,1,1,1
2021-10-21,0.367357648911047,0.368016124670195,0.2920353982300885,2.08,-6.49,38.4,38.88,107.55,101.39,78.02,133.34,118.73,99.35,42.33,45.41394709721745,127.27,1,1,1,1
2021-10-22,0.3644712673838887,0.3656791021815503,0.2831858407079646,2.09,-6.49,38.4,38.88,107.55,101.39,78.02,133.34,118.73,99.35,42.33,45.41394709721745,127.27,1,1,1,1
2021-10-25,0.3744424035686171,0.3739235981831582,0.3097345132743362,2.05,-6.49,38.4,38.88,107.55,101.39,78.02,133.34,118.73,99.35,42.33,45.41394709721745,127.27,1,1,1,1
2021-10-26,0.3760167934925216,0.3750921094274805,0.3097345132743362,2.04,-6.49,38.4,38.88,107.55,101.39,78.02,133.34,118.73,99.35,42.33,45.41394709721745,127.27,1,1,1,1
2021-10-27,0.3935974809761217,0.3897634172728613,0.3539823008849558,1.96,-6.49,38.4,38.88,107.55,101.39,78.02,133.34,118.73,99.35,42.33,45.41394709721745,127.27,1,1,1,1
2021-10-28,0.3956966675413277,0.3915811014306962,0.3628318584070797,1.95,-6.49,38.4,38.88,107.55,101.39,78.02,133.34,118.73,99.35,42.33,45.41394709721745,127.27,1,1,1,1
2021-10-29,0.3956966675413277,0.3915811014306962,0.3628318584070797,1.95,-6.49,38.4,38.88,107.55,101.39,78.02,133.34,118.73,99.35,42.33,45.41394709721745,127.27,1,1,1,1
2021-11-01,0.3993702440304382,0.3945023795415021,0.3716814159292036,1.94,-6.49,38.4,38.88,107.55,101.39,78.02,133.34,118.73,99.35,42.33,45.41394709721745,127.27,1,1,1,1
2021-11-02,0.3956966675413277,0.3915811014306962,0.3628318584070797,1.95,-6.49,38.4,38.88,107.55,101.39,78.02,133.34,118.73,99.35,42.33,45.41394709721745,127.27,1,1,1,1
2021-11-03,0.2456048281290999,0.4039153867874323,0.3982300884955753,1.9,-6.49,38.4,38.88,107.55,101.39,78.02,133.34,118.73,99.35,42.33,45.41394709721745,127.27,0,1,1,1
2021-11-04,0.2366832852269745,0.3927496126750185,0.3628318584070797,1.95,-6.49,38.4,38.88,107.55,101.39,78.02,133.34,118.73,99.35,42.33,45.41394709721745,127.27,1,1,1,1
2021-11-05,0.231960115455261,0.3868421391620554,0.3451327433628319,1.98,-6.49,38.4,38.88,107.55,101.39,78.02,133.34,118.73,99.35,42.33,45.41394709721745,127.27,1,1,1,1
2021-11-08,0.2408816583573865,0.3980079132744692,0.3805309734513275,1.92,-6.14,50.18,39.94,107.55,101.39,78.02,133.34,118.73,99.35,42.33,45.41394709721745,127.27,1,1,1,1
2021-11-09,0.2461296247704014,0.4044996424095935,0.3982300884955753,1.89,-6.14,50.18,39.94,107.55,101.39,78.02,133.34,118.73,99.35,42.33,45.41394709721745,127.27,1,1,1,1
2021-11-10,0.2516399895040672,0.4115756271668789,0.3628318584070797,1.86,-6.14,50.18,39.94,107.55,101.39,78.02,133.34,118.73,99.35,42.33,45.41394709721745,127.27,1,1,1,1
2021-11-11,0.2427184466019417,0.4004098530544651,0.3274336283185841,1.91,-6.14,50.18,39.94,107.55,101.39,78.02,133.34,118.73,99.35,42.33,45.41394709721745,127.27,1,1,1,1
2021-11-12,0.2461296247704014,0.4044996424095935,0.3451327433628319,1.89,-6.14,50.18,39.94,107.55,101.39,78.02,133.34,118.73,99.35,42.33,45.41394709721745,127.27,1,1,1,1
2021-11-15,0.2534767777486224,0.0466999037965443,0.3716814159292036,1.85,-6.14,50.18,39.94,35.68,348.26,150.09,28.46,338.42,168.73,49.23,16.300496102055277,22.0,1,1,1,1
2021-11-16,0.2558383626344791,0.0470368228013499,0.3805309734513275,1.84,-6.14,50.18,39.94,35.68,348.26,150.09,28.46,338.42,168.73,49.23,16.300496102055277,22.0,1,1,1,1
2021-11-17,0.2568879559170821,0.0471686606727956,0.3805309734513275,1.83,-6.14,50.18,39.94,35.68,348.26,150.09,28.46,338.42,168.73,49.23,16.300496102055277,22.0,1,1,1,1
2021-11-18,0.2597743374442403,0.0475641742871327,0.3893805309734514,1.82,-6.14,50.18,39.94,35.68,348.26,150.09,28.46,338.42,168.73,49.23,16.300496102055277,22.0,1,1,1,1
2021-11-19,0.2503279979008134,0.0462384712464843,0.3539823008849558,1.87,-6.14,50.18,39.94,35.68,348.26,150.09,28.46,338.42,168.73,49.23,16.300496102055277,22.0,1,1,1,1
2021-11-22,0.2769755841428196,0.0500910668231754,0.4513274336283185,1.72,-6.14,50.18,39.94,35.68,348.26,150.09,28.46,338.42,168.73,49.23,16.300496102055277,22.0,1,1,1,1
2021-11-23,0.2777923784494087,0.0502888236303439,0.4601769911504424,1.72,-6.14,50.18,39.94,35.68,348.26,150.09,28.46,338.42,168.73,49.23,16.300496102055277,22.0,0,1,0,1
2021-11-24,0.2754538279400158,0.0500910668231754,0.4513274336283185,1.72,-6.14,50.18,39.94,35.68,348.26,150.09,28.46,338.42,168.73,49.23,16.300496102055277,22.0,1,1,0,1
2021-11-25,0.2709813207050776,0.0494245531397554,0.4336283185840707,1.75,-6.14,50.18,39.94,35.68,348.26,150.09,28.46,338.42,168.73,49.23,16.300496102055277,22.0,1,1,1,1
2021-11-26,0.2667719021310182,0.0488312827182498,0.424778761061947,1.77,-6.14,50.18,39.94,35.68,348.26,150.09,28.46,338.42,168.73,49.23,16.300496102055277,22.0,1,1,1,1
2021-11-29,0.2657195474875033,0.0486921205206126,0.4159292035398231,1.77,-6.14,50.18,39.94,35.68,348.26,150.09,28.46,338.42,168.73,49.23,16.300496102055277,22.0,1,1,1,1
2021-11-30,0.2699289660615627,0.0492927152683097,0.4336283185840707,1.75,-6.14,50.18,39.94,35.68,348.26,150.09,28.46,338.42,168.73,49.23,16.300496102055277,22.0,1,1,1,1
2021-12-01,0.2783478032096816,0.0504865804375125,0.4601769911504424,1.71,-6.14,50.18,39.94,35.68,348.26,150.09,28.46,338.42,168.73,49.23,16.300496102055277,22.0,1,1,0,1
2021-12-02,0.2962378321494344,0.0530134729735551,0.5221238938053098,1.63,-6.14,50.18,39.94,35.68,348.26,150.09,28.46,338.42,168.73,49.23,16.300496102055277,22.0,0,0,0,0
2021-12-03,0.2915022362536175,0.0523469592901352,0.5132743362831859,1.65,-6.14,50.18,39.94,35.68,348.26,150.09,28.46,338.42,168.73,49.23,16.300496102055277,22.0,0,0,0,0
2021-12-06,0.285451197053407,0.0514826887995467,0.4867256637168141,1.68,-6.14,50.18,39.94,35.68,348.26,150.09,28.46,338.42,168.73,49.23,16.300496102055277,22.0,0,0,0,0
2021-12-07,0.285451197053407,0.0514826887995467,0.4867256637168141,1.68,0.71,48.15,40.66,35.68,348.26,150.09,28.46,338.42,168.73,49.23,16.300496102055277,22.0,0,0,0,0
2021-12-08,0.2825572217837411,0.0510871751852096,0.4778761061946902,1.69,0.71,48.15,40.66,35.68,348.26,150.09,28.46,338.42,168.73,49.23,16.300496102055277,22.0,0,0,0,0
2021-12-09,0.285451197053407,0.0514826887995467,0.4867256637168141,1.68,0.71,48.15,40.66,35.68,348.26,150.09,28.46,338.42,168.73,49.23,16.300496102055277,22.0,0,0,0,0
2021-12-10,0.2867666403578006,0.0516877699329067,0.495575221238938,1.67,0.71,48.15,40.66,35.68,348.26,150.09,28.46,338.42,168.73,49.23,16.300496102055277,22.0,0,0,0,0
2021-12-13,0.2812417784793475,0.050889418378041,0.4690265486725663,1.7,0.71,48.15,40.66,35.68,348.26,150.09,28.46,338.42,168.73,49.23,16.300496102055277,22.0,0,0,0,0
2021-12-14,0.2728229413312286,0.0496882288826468,0.4424778761061946,1.74,0.71,48.15,40.66,35.68,348.26,150.09,28.46,338.42,168.73,49.23,16.300496102055277,22.0,1,1,1,1
2021-12-15,0.2783478032096816,0.0504865804375125,0.4601769911504424,1.71,0.71,48.15,40.66,35.68,348.26,150.09,28.46,338.42,168.73,49.23,16.300496102055277,22.0,0,0,0,0
2021-12-16,0.2783478032096816,0.0504865804375125,0.4601769911504424,1.71,0.71,48.15,40.66,35.68,348.26,150.09,28.46,338.42,168.73,49.23,16.300496102055277,22.0,0,0,0,0
2021-12-17,0.2770323599052881,0.0502888236303439,0.4601769911504424,1.72,0.71,48.15,40.66,35.68,348.26,150.09,28.46,338.42,168.73,49.23,16.300496102055277,22.0,1,0,1,1
2021-12-20,0.2778216258879242,0.0504206615017896,0.4601769911504424,1.71,0.71,48.15,40.66,35.68,348.26,150.09,28.46,338.42,168.73,49.23,16.300496102055277,22.0,1,0,1,0
2021-12-21,0.2820310444619837,0.0510212562494867,0.4778761061946902,1.69,0.71,48.15,40.66,35.68,348.26,150.09,28.46,338.42,168.73,49.23,16.300496102055277,22.0,0,0,0,0
2021-12-22,0.2807156011575901,0.0508234994423182,0.4690265486725663,1.7,0.71,48.15,40.66,35.68,348.26,150.09,28.46,338.42,168.73,49.23,16.300496102055277,22.0,0,0,0,0
2021-12-23,0.2778216258879242,0.0504206615017896,0.4601769911504424,1.71,0.71,48.15,40.66,35.68,348.26,150.09,28.46,338.42,168.73,49.23,16.300496102055277,22.0,0,0,1,0
2021-12-24,0.2770323599052881,0.0502888236303439,0.4601769911504424,1.72,0.71,48.15,40.66,35.68,348.26,150.09,28.46,338.42,168.73,49.23,16.300496102055277,22.0,0,0,1,0
2021-12-27,0.2812417784793475,0.050889418378041,0.4690265486725663,1.7,0.71,48.15,40.66,35.68,348.26,150.09,28.46,338.42,168.73,49.23,16.300496102055277,22.0,0,0,0,0
2021-12-28,0.281767955801105,0.0509553373137639,0.4778761061946902,1.69,0.71,48.15,40.66,35.68,348.26,150.09,28.46,338.42,168.73,49.23,16.300496102055277,22.0,0,0,0,0
2021-12-29,0.2812417784793475,0.050889418378041,0.4690265486725663,1.7,0.71,48.15,40.66,35.68,348.26,150.09,28.46,338.42,168.73,49.23,16.300496102055277,22.0,0,0,0,0
2021-12-30,0.2883451723230729,0.0518855267400752,0.495575221238938,1.66,0.71,48.15,40.66,35.68,348.26,150.09,28.46,338.42,168.73,49.23,16.300496102055277,22.0,0,0,0,0
2022-01-03,0.2794001578531965,0.0506184183089582,0.4690265486725663,1.71,0.71,48.15,40.66,35.68,348.26,150.09,28.46,338.42,168.73,49.23,16.300496102055277,22.0,0,0,1,0
2022-01-04,0.2841357537490134,0.0512849319923781,0.4867256637168141,1.68,0.71,48.15,40.66,35.68,348.26,150.09,28.46,338.42,168.73,49.23,16.300496102055277,22.0,0,0,0,0
2022-01-05,0.2778216258879242,0.0504206615017896,0.4601769911504424,1.71,0.71,48.15,40.66,35.68,348.26,150.09,28.46,338.42,168.73,49.23,16.300496102055277,22.0,0,0,1,0
2022-01-06,0.2680873454354117,0.0490290395254183,0.424778761061947,1.76,0.71,48.15,40.66,35.68,348.26,150.09,28.46,338.42,168.73,49.23,16.300496102055277,22.0,1,1,1,1
2022-01-07,0.2675611681136543,0.0489631205896955,0.424778761061947,1.76,-4.41,36.62,40.32,35.68,348.26,150.09,28.46,338.42,168.73,49.23,16.300496102055277,22.0,1,1,1,1
2022-01-10,0.2733491186529861,0.0497614721445611,0.4424778761061946,1.74,-4.41,36.62,40.32,35.68,348.26,150.09,28.46,338.42,168.73,49.23,16.300496102055277,22.0,0,1,1,0
2022-01-11,0.2667719021310182,0.0488312827182498,0.424778761061947,1.77,-4.41,36.62,40.32,35.68,348.26,150.09,28.46,338.42,168.73,49.23,16.300496102055277,22.0,1,1,1,0
2022-01-12,0.2709813207050776,0.0494245531397554,0.4336283185840707,1.75,-4.41,36.62,40.32,35.68,348.26,150.09,28.46,338.42,168.73,49.23,16.300496102055277,22.0,0,1,1,0
2022-01-13,0.2717705866877137,0.0495563910112011,0.4424778761061946,1.74,-4.41,36.62,40.32,35.68,348.26,150.09,28.46,338.42,168.73,49.23,16.300496102055277,22.0,0,1,1,0
2022-01-14,0.2704551433833201,0.0493586342040326,0.4336283185840707,1.75,-4.41,36.62,40.32,35.68,348.26,150.09,28.46,338.42,168.73,49.23,16.300496102055277,22.0,0,1,1,0
2022-01-17,0.2709813207050776,0.0494245531397554,0.4336283185840707,1.75,-4.41,36.62,40.32,35.68,348.26,150.09,28.46,338.42,168.73,49.23,16.300496102055277,22.0,0,1,1,0
2022-01-18,0.2741383846356222,0.0498933100160068,0.4513274336283185,1.73,-4.41,36.62,40.32,35.68,348.26,150.09,28.46,338.42,168.73,49.23,16.300496102055277,22.0,0,1,1,0
2022-01-19,0.2746645619573796,0.0499592289517297,0.4513274336283185,1.73,-4.41,36.62,40.32,35.68,348.26,150.09,28.46,338.42,168.73,49.23,16.300496102055277,22.0,0,1,1,0
2022-01-20,0.2741383846356222,0.0498933100160068,0.4513274336283185,1.73,-4.41,36.62,40.32,35.68,348.26,150.09,28.46,338.42,168.73,49.23,16.300496102055277,22.0,1,1,1,0
2022-01-21,0.2609839515916864,0.0480329311633841,0.3982300884955753,1.8,-4.41,36.62,40.32,35.68,348.26,150.09,28.46,338.42,168.73,49.23,16.300496102055277,22.0,1,1,1,0
2022-01-24,0.26229939489608,0.0482306879705527,0.4070796460176992,1.79,-4.41,36.62,40.32,35.68,348.26,150.09,28.46,338.42,168.73,49.23,16.300496102055277,22.0,1,1,1,0
2022-01-25,0.2596685082872928,0.0478351743562156,0.3982300884955753,1.81,-4.41,36.62,40.32,35.68,348.26,150.09,28.46,338.42,168.73,49.23,16.300496102055277,22.0,1,1,1,0
2022-01-26,0.2596685082872928,0.0478351743562156,0.3982300884955753,1.81,-4.41,36.62,40.32,35.68,348.26,150.09,28.46,338.42,168.73,49.23,16.300496102055277,22.0,1,1,1,0
2022-02-07,0.2801894238358327,0.0507575805065953,0.4690265486725663,1.7,-2.37,22.42,22.42,35.68,348.26,150.09,28.46,338.42,168.73,49.23,16.300496102055277,22.0,1,1,0,0
2022-02-08,0.2849250197316496,0.0514167698638238,0.4867256637168141,1.68,-2.37,22.42,22.42,35.68,348.26,150.09,28.46,338.42,168.73,49.23,16.300496102055277,22.0,1,1,0,0
2022-02-09,0.29,0.0521492024829666,0.504424778761062,1.66,-2.37,22.42,22.42,35.68,348.26,150.09,28.46,338.42,168.73,49.23,16.300496102055277,22.0,1,1,0,0
2022-02-10,0.29218215319821,0.0524787971615809,0.5132743362831859,1.65,-2.37,22.42,22.42,35.68,348.26,150.09,28.46,338.42,168.73,49.23,16.300496102055277,22.0,1,0,0,0
2022-02-11,0.29218215319821,0.0524787971615809,0.5132743362831859,1.65,-2.37,22.42,22.42,35.68,348.26,150.09,28.46,338.42,168.73,49.23,16.300496102055277,22.0,1,0,0,0
2022-02-14,0.2904160084254871,0.0167144269149687,0.504424778761062,1.65,-2.37,22.42,22.42,-13.47,614.66,208.83,-11.57,515.47,222.32,49.36,0.2640666260410371,-14.34,1,0,0,0
2022-02-15,0.2909426013691417,0.0167355014235474,0.5132743362831859,1.65,-2.37,22.42,22.42,-13.47,614.66,208.83,-11.57,515.47,222.32,49.36,0.2640666260410371,-14.34,1,0,0,0
2022-02-16,0.2991047919957873,0.0170961096814495,0.5398230088495576,1.61,-2.37,22.42,22.42,-13.47,614.66,208.83,-11.57,515.47,222.32,49.36,0.2640666260410371,-14.34,0,0,0,0
2022-02-17,0.3093733543970511,0.0175644320943094,0.5752212389380532,1.57,-2.37,22.42,22.42,-13.47,614.66,208.83,-11.57,515.47,222.32,49.36,0.2640666260410371,-14.34,0,0,0,0
2022-02-18,0.3112460401267159,0.0177353697750032,0.5840707964601771,1.56,-2.37,22.42,22.42,-13.47,614.66,208.83,-11.57,515.47,222.32,49.36,0.2640666260410371,-14.34,0,0,0,0
2022-02-21,0.2952380952380952,0.0170750351728708,0.5398230088495576,1.62,-2.37,22.42,22.42,-13.47,614.66,208.83,-11.57,515.47,222.32,49.36,0.2640666260410371,-14.34,0,0,0,0
2022-02-22,0.2870370370370371,0.0167144269149687,0.504424778761062,1.65,-2.37,22.42,22.42,-13.47,614.66,208.83,-11.57,515.47,222.32,49.36,0.2640666260410371,-14.34,0,0,0,0
2022-02-23,0.2871155885471898,0.0167776504407048,0.5132743362831859,1.65,-2.37,22.42,22.42,-13.47,614.66,208.83,-11.57,515.47,222.32,49.36,0.2640666260410371,-14.34,0,0,0,0
2022-02-24,0.1871686108165429,0.0162062970970158,0.4690265486725663,1.7,-2.37,22.42,22.42,-13.47,614.66,208.83,-11.57,515.47,222.32,49.36,0.2640666260410371,-14.34,1,0,0,0
2022-02-25,0.190084835630965,0.0163748931656453,0.4778761061946902,1.69,-2.37,22.42,22.42,-13.47,614.66,208.83,-11.57,515.47,222.32,49.36,0.2640666260410371,-14.34,1,0,0,0
2022-03-01,0.199522419739984,0.0169696626299774,0.5309734513274337,1.63,-2.37,22.42,22.42,-13.47,614.66,208.83,-11.57,515.47,222.32,49.36,0.2640666260410371,-14.34,0,0,0,0
2022-03-02,0.1963810537519957,0.01692751361282,0.5221238938053098,1.63,-2.37,22.42,22.42,-13.47,614.66,208.83,-11.57,515.47,222.32,49.36,0.2640666260410371,-14.34,0,0,0,0
2022-03-03,0.2067589143161255,0.0175433575857307,0.5752212389380532,1.57,-2.37,22.42,22.42,-13.47,614.66,208.83,-11.57,515.47,222.32,49.36,0.2640666260410371,-14.34,0,0,0,0
2022-03-04,0.2032996274614156,0.0173302708878795,0.5575221238938054,1.59,-2.37,22.42,22.42,-13.47,614.66,208.83,-11.57,515.47,222.32,49.36,0.2640666260410371,-14.34,0,0,0,0
2022-03-07,0.1862692921766897,0.0163327441484879,0.4778761061946902,1.69,-5.0,11.09,16.63,-13.47,614.66,208.83,-11.57,515.47,222.32,49.36,0.2640666260410371,-14.34,0,0,0,0
2022-03-08,0.178067607133351,0.0158644217356281,0.4424778761061946,1.74,-5.0,11.09,16.63,-13.47,614.66,208.83,-11.57,515.47,222.32,49.36,0.2640666260410371,-14.34,0,0,0,0
2022-03-09,0.1788661165823795,0.0159089123648498,0.4424778761061946,1.74,-5.0,11.09,16.63,-13.47,614.66,208.83,-11.57,515.47,222.32,49.36,0.2640666260410371,-14.34,0,0,0,0
2022-03-10,0.1839509464142895,0.0162905951313305,0.4778761061946902,1.69,-5.0,11.09,16.63,-13.47,614.66,208.83,-11.57,515.47,222.32,49.36,0.2640666260410371,-14.34,0,0,0,0
2022-03-11,0.1799520127965876,0.0160564339249006,0.4601769911504424,1.72,-5.0,11.09,16.63,-13.47,614.66,208.83,-11.57,515.47,222.32,49.36,0.2640666260410371,-14.34,0,0,0,0
2022-03-14,0.1804852039456145,0.0160775084334793,0.4601769911504424,1.72,-5.0,11.09,16.63,-13.47,614.66,208.83,-11.57,515.47,222.32,49.36,0.2640666260410371,-14.34,0,0,0,0
2022-03-15,0.1706211676886163,0.015503813477726,0.3716814159292036,1.78,-5.0,11.09,16.63,-13.47,614.66,208.83,-11.57,515.47,222.32,49.36,0.2640666260410371,-14.34,0,0,0,0
2022-03-16,0.1629333333333333,0.0150589071855091,0.336283185840708,1.83,-5.0,11.09,16.63,-13.47,614.66,208.83,-11.57,515.47,222.32,49.36,0.2640666260410371,-14.34,1,0,0,0
2022-03-17,0.1742262540021345,0.0157590491927346,0.3893805309734514,1.75,-5.0,11.09,16.63,-13.47,614.66,208.83,-11.57,515.47,222.32,49.36,0.2640666260410371,-14.34,0,0,0,0
2022-03-18,0.1766275346851654,0.0158854962442068,0.3982300884955753,1.74,-5.0,11.09,16.63,-13.47,614.66,208.83,-11.57,515.47,222.32,49.36,0.2640666260410371,-14.34,0,0,0,0
2022-03-21,0.1766746730717908,0.0159089123648498,0.3982300884955753,1.74,-5.0,11.09,16.63,-13.47,614.66,208.83,-11.57,515.47,222.32,49.36,0.2640666260410371,-14.34,0,0,0,0
2022-03-22,0.1732514682327816,0.0157169001755772,0.4336283185840707,1.76,-5.0,11.09,16.63,-13.47,614.66,208.83,-11.57,515.47,222.32,49.36,0.2640666260410371,-14.34,0,0,0,0
2022-03-23,0.1712987707108498,0.0156536766498411,0.3805309734513275,1.76,-5.0,11.09,16.63,-13.47,614.66,208.83,-11.57,515.47,222.32,49.36,0.2640666260410371,-14.34,0,0,0,0
2022-03-24,0.1620320855614973,0.0151432052198239,0.3451327433628319,1.82,-5.0,11.09,16.63,-13.47,614.66,208.83,-11.57,515.47,222.32,49.36,0.2640666260410371,-14.34,0,0,0,0
2022-03-25,0.1297416162726772,0.0146327337898066,0.3008849557522124,1.89,-5.0,11.09,16.63,-13.47,614.66,208.83,-11.57,515.47,222.32,49.36,0.2640666260410371,-14.34,0,0,0,0
2022-03-28,0.1330401319406267,0.0148247459790792,0.3185840707964602,1.86,-5.0,11.09,16.63,-13.47,614.66,208.83,-11.57,515.47,222.32,49.36,0.2640666260410371,-14.34,0,0,0,0
2022-03-29,0.1300164925783397,0.0146538082983853,0.3097345132743362,5.36,-5.0,11.09,16.63,-13.47,614.66,208.83,-11.57,515.47,222.32,49.36,0.2640666260410371,-14.34,0,0,0,0
2022-03-30,0.1311159978009895,0.0147193734361857,0.3097345132743362,5.34,-5.0,11.09,16.63,-13.47,614.66,208.83,-11.57,515.47,222.32,49.36,0.2640666260410371,-14.34,0,0,0,0
2022-03-31,0.1308411214953271,0.014698298927607,0.3097345132743362,5.35,-5.0,11.09,16.63,-13.47,614.66,208.83,-11.57,515.47,222.32,49.36,0.2640666260410371,-14.34,0,0,0,0
2022-04-01,0.1308411214953271,0.014698298927607,0.3097345132743362,5.35,-5.0,11.09,16.63,-13.47,614.66,208.83,-11.57,515.47,222.32,49.36,0.2640666260410371,-14.34,0,0,0,0
2022-04-06,0.1209455744914788,0.0141456784804323,0.2654867256637168,5.56,-5.0,11.09,16.63,-13.47,614.66,208.83,-11.57,515.47,222.32,49.36,0.2640666260410371,-14.34,0,0,0,0
2022-04-07,0.1195711929631665,0.0140590388340533,0.2654867256637168,5.59,4.78,5.2,12.5,-13.47,614.66,208.83,-11.57,515.47,222.32,49.36,0.2640666260410371,-14.34,0,0,0,0
2022-04-08,0.1217702034084662,0.0141878274975897,0.2743362831858407,5.54,4.78,5.2,12.5,-13.47,614.66,208.83,-11.57,515.47,222.32,49.36,0.2640666260410371,-14.34,0,0,0,0
2022-04-11,0.1217702034084662,0.0141878274975897,0.2743362831858407,5.54,4.78,5.2,12.5,-13.47,614.66,208.83,-11.57,515.47,222.32,49.36,0.2640666260410371,-14.34,0,0,0,0
2022-04-12,0.1170973062122045,0.0139115172740024,0.2477876106194689,5.65,4.78,5.2,12.5,-13.47,614.66,208.83,-11.57,515.47,222.32,49.36,0.2640666260410371,-14.34,0,0,0,0
2022-04-13,0.1214953271028037,0.014166752989011,0.2654867256637168,5.55,4.78,5.2,12.5,-13.47,614.66,208.83,-11.57,515.47,222.32,49.36,0.2640666260410371,-14.34,0,0,0,0
2022-04-14,0.1116304646686829,0.0136141325418364,0.2300884955752211,5.77,4.78,5.2,12.5,-13.47,614.66,208.83,-11.57,515.47,222.32,49.36,0.2640666260410371,-14.34,1,1,1,0
2022-04-15,0.1093362709997245,0.013571983524679,0.2212389380530972,5.79,4.78,5.2,12.5,-13.47,614.66,208.83,-11.57,515.47,222.32,49.36,0.2640666260410371,-14.34,1,1,1,0
2022-04-18,0.1087854585513632,0.0135509090161003,0.2212389380530972,5.8,4.78,5.2,12.5,-13.47,614.66,208.83,-11.57,515.47,222.32,49.36,0.2640666260410371,-14.34,1,1,1,0
2022-04-19,0.1112641145689892,0.0136773560675725,0.2300884955752211,5.75,4.78,5.2,12.5,-13.47,614.66,208.83,-11.57,515.47,222.32,49.36,0.2640666260410371,-14.34,1,1,1,0
2022-04-20,0.1145689892591572,0.013869368256845,0.2477876106194689,5.67,4.78,5.2,12.5,-13.47,614.66,208.83,-11.57,515.47,222.32,49.36,0.2640666260410371,-14.34,0,1,0,0
2022-04-21,0.1206279261911319,0.0142089020061684,0.2743362831858407,5.53,4.78,5.2,12.5,-13.47,614.66,208.83,-11.57,515.47,222.32,49.36,0.2640666260410371,-14.34,0,0,0,0
2022-04-22,0.1187000826218672,0.0141035294632749,0.2654867256637168,5.57,4.78,5.2,12.5,-13.47,614.66,208.83,-11.57,515.47,222.32,49.36,0.2640666260410371,-14.34,0,0,0,0
2022-04-25,0.1107133021206279,0.0136562815589938,0.2300884955752211,5.75,4.78,5.2,12.5,-13.47,614.66,208.83,-11.57,515.47,222.32,49.36,0.2640666260410371,-14.34,1,1,0,0
2022-04-26,0.1104378958964472,0.0136352070504151,0.2300884955752211,5.76,4.78,5.2,12.5,-13.47,614.66,208.83,-11.57,515.47,222.32,49.36,0.2640666260410371,-14.34,1,1,0,0
2022-04-27,0.1065822087579179,0.0134221203525638,0.2123893805309733,5.85,4.78,5.2,12.5,-13.47,614.66,208.83,-11.57,515.47,222.32,49.36,0.2640666260410371,-14.34,1,1,1,0
2022-04-28,0.1104378958964472,0.0136352070504151,0.2300884955752211,5.76,4.78,5.2,12.5,-13.47,614.66,208.83,-11.57,515.47,222.32,49.36,0.2640666260410371,-14.34,1,1,0,0
2022-04-29,0.1156706141558799,0.0139325917825811,0.2477876106194689,5.64,4.78,5.2,12.5,-13.47,614.66,208.83,-11.57,515.47,222.32,49.36,0.2640666260410371,-14.34,0,0,0,0
2022-05-03,0.1167722390526025,0.0139958153083172,0.2566371681415929,5.61,4.78,5.2,12.5,-13.47,614.66,208.83,-11.57,515.47,222.32,49.36,0.2640666260410371,-14.34,0,0,0,0
2022-05-04,0.0820710548058386,0.0140379643254746,0.2566371681415929,5.6,4.78,5.2,12.5,-13.47,614.66,208.83,-11.57,515.47,222.32,49.36,0.2640666260410371,-14.34,0,0,0,0
2022-05-05,0.0848251170476452,0.0142299765147471,0.2743362831858407,5.52,4.78,5.2,12.5,-13.47,614.66,208.83,-11.57,515.47,222.32,49.36,0.2640666260410371,-14.34,0,0,0,0
2022-05-06,0.0842743045992839,0.0141878274975897,0.2743362831858407,5.54,4.78,5.2,12.5,-13.47,614.66,208.83,-11.57,515.47,222.32,49.36,0.2640666260410371,-14.34,0,0,0,0
2022-05-09,0.0787661801156705,0.0138272192396876,0.2477876106194689,5.68,-2.11,-10.76,5.65,-13.47,614.66,208.83,-11.57,515.47,222.32,49.36,0.2640666260410371,-14.34,1,1,0,0
2022-05-10,0.0792598729632698,0.0140168898168959,0.2566371681415929,5.61,-2.11,-10.76,5.65,-13.47,614.66,208.83,-11.57,515.47,222.32,49.36,0.2640666260410371,-14.34,0,0,0,0
2022-05-11,0.0747094631986718,0.0138482937482663,0.2477876106194689,5.67,-2.11,-10.76,5.65,-13.47,614.66,208.83,-11.57,515.47,222.32,49.36,0.2640666260410371,-14.34,1,1,0,0
2022-05-12,0.0717451523545706,0.0137195050847299,0.238938053097345,5.73,-2.11,-10.76,5.65,-13.47,614.66,208.83,-11.57,515.47,222.32,49.36,0.2640666260410371,-14.34,1,1,0,0
2022-05-13,0.074792243767313,0.0139115172740024,0.2477876106194689,5.65,-2.11,-10.76,5.65,-13.47,614.66,208.83,-11.57,515.47,222.32,49.36,0.2640666260410371,-14.34,0,0,0,0
2022-05-16,0.0784585528139728,0.010530740845721,0.2743362831858407,5.53,-2.11,-10.76,5.65,-1.19,140.79,140.79,-21.95,106.87,106.87,43.87,-11.12236628849271,0.96,0,0,0,0
2022-05-17,0.0787357915164956,0.0105463599405811,0.2300884955752211,5.52,-2.11,-10.76,5.65,-1.19,140.79,140.79,-21.95,106.87,106.87,43.87,-11.12236628849271,0.96,0,0,0,0
2022-05-18,0.0795675076240643,0.0105775981303015,0.2300884955752211,5.51,-2.11,-10.76,5.65,-1.19,140.79,140.79,-21.95,106.87,106.87,43.87,-11.12236628849271,0.96,0,0,0,0
2022-05-19,0.0784585528139728,0.010530740845721,0.2212389380530972,5.53,-2.11,-10.76,5.65,-1.19,140.79,140.79,-21.95,106.87,106.87,43.87,-11.12236628849271,0.96,0,0,0,0
2022-05-20,0.0781813141114499,0.0105151217508608,0.2212389380530972,5.54,-2.11,-10.76,5.65,-1.19,140.79,140.79,-21.95,106.87,106.87,43.87,-11.12236628849271,0.96,0,0,0,0
2022-05-23,0.0767951205988356,0.0104526453714201,0.2212389380530972,5.57,-2.11,-10.76,5.65,-1.19,140.79,140.79,-21.95,106.87,106.87,43.87,-11.12236628849271,0.96,0,0,0,0
2022-05-24,0.0701413917382866,0.0101211734693877,0.1858407079646018,5.75,-2.11,-10.76,5.65,-1.19,140.79,140.79,-21.95,106.87,106.87,43.87,-11.12236628849271,0.96,1,0,0,0
2022-05-25,0.071527585250901,0.0101836498488284,0.1946902654867257,5.72,-2.11,-10.76,5.65,-1.19,140.79,140.79,-21.95,106.87,106.87,43.87,-11.12236628849271,0.96,1,0,0,0
2022-05-26,0.0676462434155808,0.0099962207105064,0.1769911504424779,5.83,-2.11,-10.76,5.65,-1.19,140.79,140.79,-21.95,106.87,106.87,43.87,-11.12236628849271,0.96,1,0,0,0
2022-05-27,0.0687551982256723,0.0100586970899471,0.1769911504424779,5.79,-2.11,-10.76,5.65,-1.19,140.79,140.79,-21.95,106.87,106.87,43.87,-11.12236628849271,0.96,1,0,0,0
2022-05-30,0.0748544496811755,0.0103571953472747,0.2123893805309733,5.62,-2.11,-10.76,5.65,-1.19,140.79,140.79,-21.95,106.87,106.87,43.87,-11.12236628849271,0.96,0,0,0,0
2022-05-31,0.0781813141114499,0.0105151217508608,0.2212389380530972,5.54,-2.11,-10.76,5.65,-1.19,140.79,140.79,-21.95,106.87,106.87,43.87,-11.12236628849271,0.96,0,0,0,0
2022-06-01,0.0781813141114499,0.0105151217508608,0.2212389380530972,5.54,-2.11,-10.76,5.65,-1.19,140.79,140.79,-21.95,106.87,106.87,43.87,-11.12236628849271,0.96,0,0,0,0
2022-06-02,0.0781813141114499,0.0105151217508608,0.2212389380530972,5.54,-2.11,-10.76,5.65,-1.19,140.79,140.79,-21.95,106.87,106.87,43.87,-11.12236628849271,0.96,0,0,0,0
2022-06-06,0.0781813141114499,0.0105151217508608,0.2212389380530972,5.54,-2.11,-10.76,5.65,-1.19,140.79,140.79,-21.95,106.87,106.87,43.87,-11.12236628849271,0.96,0,0,0,0
2022-06-07,0.0748544496811755,0.0103571953472747,0.2123893805309733,5.62,-6.07,-18.5,0.04,-1.19,140.79,140.79,-21.95,106.87,106.87,43.87,-11.12236628849271,0.96,0,0,0,0
2022-06-08,0.0759634044912669,0.0104040526318552,0.2123893805309733,5.6,-6.07,-18.5,0.04,-1.19,140.79,140.79,-21.95,106.87,106.87,43.87,-11.12236628849271,0.96,0,0,0,0
2022-06-09,0.0745772109786526,0.0103415762524145,0.2035398230088496,5.63,-6.07,-18.5,0.04,-1.19,140.79,140.79,-21.95,106.87,106.87,43.87,-11.12236628849271,0.96,0,0,0,0
2022-06-10,0.0726365400609925,0.0102478616832535,0.1946902654867257,5.68,-6.07,-18.5,0.04,-1.19,140.79,140.79,-21.95,106.87,106.87,43.87,-11.12236628849271,0.96,0,0,0,0
2022-06-13,0.0634876628777377,0.0097914370223398,0.1504424778761062,5.95,-6.07,-18.5,0.04,-1.19,140.79,140.79,-21.95,106.87,106.87,43.87,-11.12236628849271,0.96,0,0,0,0
2022-06-14,0.0634876628777377,0.0097914370223398,0.1504424778761062,5.95,-6.07,-18.5,0.04,-1.19,140.79,140.79,-21.95,106.87,106.87,43.87,-11.12236628849271,0.96,0,0,0,0
2022-06-15,0.0601607984474632,0.0096335106187536,0.1415929203539823,6.05,-6.07,-18.5,0.04,-1.19,140.79,140.79,-21.95,106.87,106.87,43.87,-11.12236628849271,0.96,0,0,0,0
2022-06-16,0.0576656501247574,0.0095068224048878,0.1238938053097345,6.13,-6.07,-18.5,0.04,-1.19,140.79,140.79,-21.95,106.87,106.87,43.87,-11.12236628849271,0.96,0,0,0,0
2022-06-17,0.0565566953146659,0.0094599651203073,0.1238938053097345,6.16,-6.07,-18.5,0.04,-1.19,140.79,140.79,-21.95,106.87,106.87,43.87,-11.12236628849271,0.96,0,0,0,0
2022-06-20,0.0546160243970058,0.0093662505511463,0.1150442477876106,6.22,-6.07,-18.5,0.04,-1.19,140.79,140.79,-21.95,106.87,106.87,43.87,-11.12236628849271,0.96,0,0,0,0
2022-06-21,0.056279456612143,0.0094443460254472,0.1238938053097345,6.17,-6.07,-18.5,0.04,-1.19,140.79,140.79,-21.95,106.87,106.87,43.87,-11.12236628849271,0.96,0,0,0,0
2022-06-22,0.0501802051566398,0.0091458477681196,0.0884955752212389,6.37,-6.07,-18.5,0.04,-1.19,140.79,140.79,-21.95,106.87,106.87,43.87,-11.12236628849271,0.96,0,0,0,0
2022-06-23,0.0507346825616856,0.0091770859578399,0.0973451327433628,6.35,-6.07,-18.5,0.04,-1.19,140.79,140.79,-21.95,106.87,106.87,43.87,-11.12236628849271,0.96,0,0,0,0
2022-06-24,0.0500417014178482,0.0092708005270009,0.1061946902654867,6.28,-6.07,-18.5,0.04,-1.19,140.79,140.79,-21.95,106.87,106.87,43.87,-11.12236628849271,0.96,0,0,0,0
2022-06-27,0.0530998053933833,0.0094131078357268,0.1150442477876106,6.19,-6.07,-18.5,0.04,-1.19,140.79,140.79,-21.95,106.87,106.87,43.87,-11.12236628849271,0.96,0,0,0,0
2022-06-28,0.0500417014178482,0.0092708005270009,0.1061946902654867,6.28,-6.07,-18.5,0.04,-1.19,140.79,140.79,-21.95,106.87,106.87,43.87,-11.12236628849271,0.96,0,0,0,0
2022-06-29,0.0442035029190992,0.0089879213645334,0.079646017699115,6.48,-6.07,-18.5,0.04,-1.19,140.79,140.79,-21.95,106.87,106.87,43.87,-11.12236628849271,0.96,0,0,0,0
2022-06-30,0.0194606616624965,0.0083145648305618,0.0,7.49,-6.07,-18.5,0.04,-1.19,140.79,140.79,-21.95,106.87,106.87,43.87,-11.12236628849271,0.96,0,1,1,1
2022-07-01,0.0158465387823185,0.0081306066022087,0.0,7.66,-6.07,-18.5,0.04,-1.19,140.79,140.79,-21.95,106.87,106.87,43.87,-11.12236628849271,0.96,1,1,1,1
2022-07-04,0.0186266333055323,0.0082729139109347,0.0169491525423728,7.53,-6.07,-18.5,0.04,-1.19,140.79,140.79,-21.95,106.87,106.87,43.87,-11.12236628849271,0.96,1,1,1,1
2022-07-05,0.0194606616624965,0.0083145648305618,0.0169491525423728,7.49,-6.07,-18.5,0.04,-1.19,140.79,140.79,-21.95,106.87,106.87,43.87,-11.12236628849271,0.96,1,1,1,1
2022-07-06,0.0169585765916041,0.0081809347967582,0.0084745762711864,7.61,-6.07,-18.5,0.04,-1.19,140.79,140.79,-21.95,106.87,106.87,43.87,-11.12236628849271,0.96,1,1,1,1
2022-07-07,0.0230747845426744,0.0085002585138993,0.0338983050847457,7.33,-15.53,-31.47,-5.92,-1.19,140.79,140.79,-21.95,106.87,106.87,43.87,-11.12236628849271,0.96,1,1,1,1
2022-07-08,0.0202946900194606,0.0083579512051734,0.0169491525423728,7.45,-15.53,-31.47,-5.92,-1.19,140.79,140.79,-21.95,106.87,106.87,43.87,-11.12236628849271,0.96,1,1,1,1
2022-07-11,0.0180706144008896,0.0082486175411522,0.0084745762711864,7.55,-15.53,-31.47,-5.92,-1.19,140.79,140.79,-21.95,106.87,106.87,43.87,-11.12236628849271,0.96,1,1,1,1
2022-07-12,0.0127884348067834,0.0079709447436382,0.0,7.81,-15.53,-31.47,-5.92,-1.19,140.79,140.79,-21.95,106.87,106.87,43.87,-11.12236628849271,0.96,1,1,1,1
2022-07-13,0.0180706144008896,0.0082486175411522,0.025,7.55,-15.53,-31.47,-5.92,-1.19,140.79,140.79,-21.95,106.87,106.87,43.87,-11.12236628849271,0.96,1,1,1,1
2022-07-14,0.0208507089241034,0.0083909248498782,0.0416666666666667,7.42,-15.53,-31.47,-5.92,-1.19,140.79,140.79,-21.95,106.87,106.87,43.87,-11.12236628849271,0.96,1,1,1,1
2022-07-15,0.0258548790658882,0.0086512430975476,0.0666666666666667,7.2,-15.53,-31.47,-5.92,-1.19,140.79,140.79,-21.95,106.87,106.87,43.87,-11.12236628849271,0.96,1,1,1,0
2022-07-18,0.0350291909924937,0.0091232868533215,0.0999999999999999,6.83,-15.53,-31.47,-5.92,-1.19,140.79,140.79,-21.95,106.87,106.87,43.87,-11.12236628849271,0.96,0,0,0,0
2022-07-19,0.0311370586599944,0.0089219740751238,0.0833333333333334,6.98,-15.53,-31.47,-5.92,-1.19,140.79,140.79,-21.95,106.87,106.87,43.87,-11.12236628849271,0.96,0,0,0,0
2022-07-20,0.0322490964692799,0.0089879213645334,0.0916666666666667,6.93,-15.53,-31.47,-5.92,-1.19,140.79,140.79,-21.95,106.87,106.87,43.87,-11.12236628849271,0.96,0,0,0,0
2022-07-21,0.0353072004448151,0.0091406414031662,0.1083333333333333,6.81,-15.53,-31.47,-5.92,-1.19,140.79,140.79,-21.95,106.87,106.87,43.87,-11.12236628849271,0.96,0,0,0,0
2022-07-22,0.0333611342785654,0.0090382495590829,0.0999999999999999,6.89,-15.53,-31.47,-5.92,-1.19,140.79,140.79,-21.95,106.87,106.87,43.87,-11.12236628849271,0.96,0,0,0,0
2022-07-25,0.0300250208507089,0.0088699104255899,0.0666666666666667,7.02,-15.53,-31.47,-5.92,-1.19,140.79,140.79,-21.95,106.87,106.87,43.87,-11.12236628849271,0.96,0,0,0,0
2022-07-26,0.0294690019460661,0.0088369367808852,0.075,7.05,-15.53,-31.47,-5.92,-1.19,140.79,140.79,-21.95,106.87,106.87,43.87,-11.12236628849271,0.96,0,1,0,0
2022-07-27,0.0297470113983875,0.0088542913307298,0.0833333333333334,7.03,-15.53,-31.47,-5.92,-1.19,140.79,140.79,-21.95,106.87,106.87,43.87,-11.12236628849271,0.96,0,0,0,0
2022-07-28,0.0294690019460661,0.0088369367808852,0.075,7.05,-15.53,-31.47,-5.92,-1.19,140.79,140.79,-21.95,106.87,106.87,43.87,-11.12236628849271,0.96,0,1,0,0
2022-07-29,0.0248464544946957,0.0088039631361804,0.075,7.07,-15.53,-31.47,-5.92,-1.19,140.79,140.79,-21.95,106.87,106.87,43.87,-11.12236628849271,0.96,0,1,0,0
2022-08-01,0.0245672808486878,0.0087866085863357,0.075,7.09,-15.53,-31.47,-5.92,-1.19,140.79,140.79,-21.95,106.87,106.87,43.87,-11.12236628849271,0.96,0,1,0,0
2022-08-02,0.0143017386427369,0.0084829039640547,0.05,7.34,-15.53,-31.47,-5.92,-1.19,140.79,140.79,-21.95,106.87,106.87,43.87,-11.12236628849271,0.96,1,1,1,1
2022-08-03,0.0106951871657753,0.0086182694528428,0.0583333333333333,7.23,-15.53,-31.47,-5.92,-1.19,140.79,140.79,-21.95,106.87,106.87,43.87,-11.12236628849271,0.96,1,1,0,1
2022-08-04,0.0095747676710785,0.008585295808138,0.0583333333333333,7.25,-15.53,-31.47,-5.92,-1.19,140.79,140.79,-21.95,106.87,106.87,43.87,-11.12236628849271,0.96,1,1,0,1
2022-08-05,0.0166150380174598,0.0089549477198286,0.0916666666666667,6.95,-15.53,-31.47,-5.92,-1.19,140.79,140.79,-21.95,106.87,106.87,43.87,-11.12236628849271,0.96,1,0,0,0
2022-08-08,0.0163334272036046,0.008937593169984,0.0833333333333334,6.97,-16.02,-44.7,-12.3,-1.19,140.79,140.79,-21.95,106.87,106.87,43.87,-11.12236628849271,0.96,1,0,0,0
2022-08-09,0.0157702055758941,0.0089046195252792,0.0833333333333334,6.99,-16.02,-44.7,-12.3,-1.19,140.79,140.79,-21.95,106.87,106.87,43.87,-11.12236628849271,0.96,1,0,0,0
2022-08-10,0.0115460433680653,0.0086859521972369,0.0666666666666667,7.17,-16.02,-44.7,-12.3,-1.19,140.79,140.79,-21.95,106.87,106.87,43.87,-11.12236628849271,0.96,1,1,0,1
2022-08-11,0.0160518163897493,0.0089219740751238,0.0833333333333334,6.98,-16.02,-44.7,-12.3,-1.19,140.79,140.79,-21.95,106.87,106.87,43.87,-11.12236628849271,0.96,1,0,0,0
2022-08-12,0.0194311461560123,0.0091059323034769,0.0999999999999999,6.84,-16.02,-44.7,-12.3,-1.19,140.79,140.79,-21.95,106.87,106.87,43.87,-11.12236628849271,0.96,0,0,0,0
2022-08-15,0.0185863137144466,0.0185332807018739,0.0999999999999999,6.88,-16.02,-44.7,-12.3,-11.5,2.68,47.59,-14.34,-24.05,15.23,44.14,0.6154547526783751,0.47,0,0,0,0
2022-08-16,0.0185863137144466,0.0185332807018739,0.0999999999999999,6.88,-16.02,-44.7,-12.3,-11.5,2.68,47.59,-14.34,-24.05,15.23,44.14,0.6154547526783751,0.47,0,0,0,0
2022-08-17,0.0225288651084201,0.018948841039574,0.1166666666666666,6.73,-16.02,-44.7,-12.3,-11.5,2.68,47.59,-14.34,-24.05,15.23,44.14,0.6154547526783751,0.47,0,0,0,0
2022-08-18,0.0180230920867361,0.0184657965444696,0.0916666666666667,6.9,-16.02,-44.7,-12.3,-11.5,2.68,47.59,-14.34,-24.05,15.23,44.14,0.6154547526783751,0.47,0,0,0,0
2022-08-19,0.0202759785975781,0.0187073187920218,0.1083333333333333,6.81,-16.02,-44.7,-12.3,-11.5,2.68,47.59,-14.34,-24.05,15.23,44.14,0.6154547526783751,0.47,0,0,0,0
2022-08-22,0.0188679245283018,0.0185687986794551,0.0999999999999999,6.86,-16.02,-44.7,-12.3,-11.5,2.68,47.59,-14.34,-24.05,15.23,44.14,0.6154547526783751,0.47,0,0,0,0
2022-08-23,0.0171782596451703,0.0183947605893072,0.0916666666666667,6.93,-16.02,-44.7,-12.3,-11.5,2.68,47.59,-14.34,-24.05,15.23,44.14,0.6154547526783751,0.47,0,0,0,0
2022-08-24,0.014643762320473,0.0181212721619319,0.0833333333333334,7.03,-16.02,-44.7,-12.3,-11.5,2.68,47.59,-14.34,-24.05,15.23,44.14,0.6154547526783751,0.47,0,0,0,0
2022-08-25,0.0180230920867361,0.0184657965444696,0.0916666666666667,6.9,-16.02,-44.7,-12.3,-11.5,2.68,47.59,-14.34,-24.05,15.23,44.14,0.6154547526783751,0.47,0,0,0,0
2022-08-26,0.0174598704590256,0.0184302785668884,0.0916666666666667,6.92,-16.02,-44.7,-12.3,-11.5,2.68,47.59,-14.34,-24.05,15.23,44.14,0.6154547526783751,0.47,0,0,0,0
2022-08-29,0.0143621515066178,0.0180857541843507,0.075,7.05,-16.02,-44.7,-12.3,-11.5,2.68,47.59,-14.34,-24.05,15.23,44.14,0.6154547526783751,0.47,0,0,0,1
2022-08-30,0.0149253731343283,0.0181532383417549,0.0833333333333334,7.02,-16.02,-44.7,-12.3,-11.5,2.68,47.59,-14.34,-24.05,15.23,44.14,0.6154547526783751,0.47,0,0,0,1
2022-08-31,0.0171782596451703,0.0183947605893072,0.0916666666666667,6.93,-16.02,-44.7,-12.3,-11.5,2.68,47.59,-14.34,-24.05,15.23,44.14,0.6154547526783751,0.47,0,0,0,0
2022-09-01,0.014643762320473,0.0181212721619319,0.0833333333333334,7.03,-16.02,-44.7,-12.3,-11.5,2.68,47.59,-14.34,-24.05,15.23,44.14,0.6154547526783751,0.47,0,0,0,1
2022-09-02,0.0129540974373415,0.0179472340717839,0.075,7.1,-16.02,-44.7,-12.3,-11.5,2.68,47.59,-14.34,-24.05,15.23,44.14,0.6154547526783751,0.47,0,0,0,1
2022-09-05,0.0098563784849338,0.0176027096892462,0.0583333333333333,7.24,-16.02,-44.7,-12.3,-11.5,2.68,47.59,-14.34,-24.05,15.23,44.14,0.6154547526783751,0.47,0,0,0,1
2022-09-06,0.010137989298789,0.0176382276668274,0.0583333333333333,7.23,-16.02,-44.7,-12.3,-11.5,2.68,47.59,-14.34,-24.05,15.23,44.14,0.6154547526783751,0.47,0,0,0,1
2022-09-07,0.0081667136018023,0.0174322233968564,0.05,7.31,-22.23,-58.35,-18.99,-11.5,2.68,47.59,-14.34,-24.05,15.23,44.14,0.6154547526783751,0.47,0,0,1,1
2022-09-08,0.0098563784849338,0.0176027096892462,0.0583333333333333,7.24,-22.23,-58.35,-18.99,-11.5,2.68,47.59,-14.34,-24.05,15.23,44.14,0.6154547526783751,0.47,0,0,1,1
2022-09-12,0.0137989298789073,0.0180182700269464,0.075,7.07,-22.23,-58.35,-18.99,-11.5,2.68,47.59,-14.34,-24.05,15.23,44.14,0.6154547526783751,0.47,0,0,0,1
2022-09-13,0.0140805406927626,0.0180502362067694,0.075,7.06,-22.23,-58.35,-18.99,-11.5,2.68,47.59,-14.34,-24.05,15.23,44.14,0.6154547526783751,0.47,0,0,0,1
2022-09-14,0.0084483244156575,0.0174641895766795,0.05,7.3,-22.23,-58.35,-18.99,-11.5,2.68,47.59,-14.34,-24.05,15.23,44.14,0.6154547526783751,0.47,0,0,1,1
2022-09-15,0.0076034919740917,0.017361187441694,0.05,7.34,-22.23,-58.35,-18.99,-11.5,2.68,47.59,-14.34,-24.05,15.23,44.14,0.6154547526783751,0.47,0,0,1,1
2022-09-16,0.003379329766263,0.0169136609241708,0.0333333333333333,7.54,-22.23,-58.35,-18.99,-11.5,2.68,47.59,-14.34,-24.05,15.23,44.14,0.6154547526783751,0.47,0,0,1,1
2022-09-19,0.0016896648831315,0.016743174631781,0.025,7.61,-22.23,-58.35,-18.99,-11.5,2.68,47.59,-14.34,-24.05,15.23,44.14,0.6154547526783751,0.47,0,1,1,1
2022-09-20,0.0,0.0164164092380339,0.0083333333333333,7.76,-22.23,-58.35,-18.99,-11.5,2.68,47.59,-14.34,-24.05,15.23,44.14,0.6154547526783751,0.47,0,1,1,1
2022-09-21,0.0,0.016242371147886,0.0,7.85,-22.23,-58.35,-18.99,-11.5,2.68,47.59,-14.34,-24.05,15.23,44.14,0.6154547526783751,0.47,1,1,1,1
2022-09-22,0.0,0.0161216100241099,0.0,7.91,-22.23,-58.35,-18.99,-11.5,2.68,47.59,-14.34,-24.05,15.23,44.14,0.6154547526783751,0.47,1,1,1,1
2022-09-23,0.0025245441795231,0.0163986502492433,0.0083333333333333,7.77,-22.23,-58.35,-18.99,-11.5,2.68,47.59,-14.34,-24.05,15.23,44.14,0.6154547526783751,0.47,1,1,1,1
2022-09-26,0.0,0.0157273604729585,0.0,8.11,-22.23,-58.35,-18.99,-11.5,2.68,47.59,-14.34,-24.05,15.23,44.14,0.6154547526783751,0.47,1,1,1,1
2022-09-27,0.0011179429849077,0.0158481215967346,0.0,8.04,-22.23,-58.35,-18.99,-11.5,2.68,47.59,-14.34,-24.05,15.23,44.14,0.6154547526783751,0.47,1,1,1,1
2022-09-28,0.0,0.0156740835065867,0.0,8.13,-22.23,-58.35,-18.99,-11.5,2.68,47.59,-14.34,-24.05,15.23,44.14,0.6154547526783751,0.47,1,1,1,1
2022-09-29,0.0053072625698323,0.016242371147886,0.0243902439024389,7.85,-22.23,-58.35,-18.99,-11.5,2.68,47.59,-14.34,-24.05,15.23,44.14,0.6154547526783751,0.47,1,1,1,1
2022-09-30,0.0108938547486033,0.0168639357555571,0.048780487804878,7.56,-22.23,-58.35,-18.99,-11.5,2.68,47.59,-14.34,-24.05,15.23,44.14,0.6154547526783751,0.47,1,1,1,1
2022-10-03,0.0064245810055865,0.0163808912604527,0.0325203252032519,7.78,-22.23,-58.35,-18.99,-11.5,2.68,47.59,-14.34,-24.05,15.23,44.14,0.6154547526783751,0.47,1,1,1,1
2022-10-04,0.0142458100558659,0.0172084601380948,0.065040650406504,7.41,-22.23,-58.35,-18.99,-11.5,2.68,47.59,-14.34,-24.05,15.23,44.14,0.6154547526783751,0.47,1,1,1,1
2022-10-05,0.0187150837988826,0.0177057118242317,0.089430894308943,7.2,-22.23,-58.35,-18.99,-11.5,2.68,47.59,-14.34,-24.05,15.23,44.14,0.6154547526783751,0.47,1,1,1,1
2022-10-06,0.0150837988826815,0.0172937032842897,0.065040650406504,7.37,-22.23,-58.35,-18.99,-11.5,2.68,47.59,-14.34,-24.05,15.23,44.14,0.6154547526783751,0.47,1,1,1,1
2022-10-07,0.0150837988826815,0.0172937032842897,0.065040650406504,7.37,-6.23,-58.23,-23.68,-11.5,2.68,47.59,-14.34,-24.05,15.23,44.14,0.6154547526783751,0.47,1,1,1,1
2022-10-11,0.0136871508379888,0.0171374241829324,0.065040650406504,7.44,-6.23,-58.23,-23.68,-11.5,2.68,47.59,-14.34,-24.05,15.23,44.14,0.6154547526783751,0.47,1,1,1,1
2022-10-12,0.0229050279329608,0.0181532383417549,0.1056910569105691,7.02,-6.23,-58.23,-23.68,-11.5,2.68,47.59,-14.34,-24.05,15.23,44.14,0.6154547526783751,0.47,1,1,1,1
2022-10-13,0.0187150837988826,0.0177057118242317,0.089430894308943,7.2,-6.23,-58.23,-23.68,-11.5,2.68,47.59,-14.34,-24.05,15.23,44.14,0.6154547526783751,0.47,1,1,1,1
2022-10-14,0.0310055865921787,0.0190163251969783,0.138211382113821,6.7,-6.23,-58.23,-23.68,-11.5,2.68,47.59,-14.34,-24.05,15.23,44.14,0.6154547526783751,0.47,0,1,1,1
2022-10-17,0.0340782122905027,0.019360849579516,0.1544715447154471,6.58,-6.23,-58.23,-23.68,-11.5,2.68,47.59,-14.34,-24.05,15.23,44.14,0.6154547526783751,0.47,0,0,1,0
2022-10-18,0.0329608938547485,0.0192223294669493,0.1463414634146341,6.63,-6.23,-58.23,-23.68,-11.5,2.68,47.59,-14.34,-24.05,15.23,44.14,0.6154547526783751,0.47,0,0,1,0
2022-10-19,0.026536312849162,0.0185332807018739,0.121951219512195,6.88,-6.23,-58.23,-23.68,-11.5,2.68,47.59,-14.34,-24.05,15.23,44.14,0.6154547526783751,0.47,1,1,1,1
2022-10-20,0.03268156424581,0.0191868114893681,0.1463414634146341,6.64,-6.23,-58.23,-23.68,-11.5,2.68,47.59,-14.34,-24.05,15.23,44.14,0.6154547526783751,0.47,0,1,1,0
2022-10-21,0.03268156424581,0.0191868114893681,0.1463414634146341,6.64,-6.23,-58.23,-23.68,-11.5,2.68,47.59,-14.34,-24.05,15.23,44.14,0.6154547526783751,0.47,0,1,1,0
2022-10-24,0.0321229050279329,0.019154845309545,0.1463414634146341,6.65,-6.23,-58.23,-23.68,-11.5,2.68,47.59,-14.34,-24.05,15.23,44.14,0.6154547526783751,0.47,0,1,1,0
2022-10-25,0.0273743016759776,0.0186362828368594,0.121951219512195,6.84,-6.23,-58.23,-23.68,-11.5,2.68,47.59,-14.34,-24.05,15.23,44.14,0.6154547526783751,0.47,1,1,1,1
2022-10-26,0.0287709497206704,0.0187748029494261,0.130081300813008,6.79,-6.23,-58.23,-23.68,-11.5,2.68,47.59,-14.34,-24.05,15.23,44.14,0.6154547526783751,0.47,1,1,1,1
2022-10-27,0.0304469273743016,0.018948841039574,0.138211382113821,6.73,-6.23,-58.23,-23.68,-11.5,2.68,47.59,-14.34,-24.05,15.23,44.14,0.6154547526783751,0.47,1,1,1,1
2022-10-28,0.0243016759776536,0.0182917584543217,0.1138211382113821,6.97,-6.23,-58.23,-23.68,-11.5,2.68,47.59,-14.34,-24.05,15.23,44.14,0.6154547526783751,0.47,1,1,1,1
2022-10-31,0.0287709497206704,0.0187748029494261,0.130081300813008,6.79,-6.23,-58.23,-23.68,-11.5,2.68,47.59,-14.34,-24.05,15.23,44.14,0.6154547526783751,0.47,1,1,1,1
2022-11-01,0.0270949720670391,0.0186043166570363,0.121951219512195,6.85,-6.23,-58.23,-23.68,-11.5,2.68,47.59,-14.34,-24.05,15.23,44.14,0.6154547526783751,0.47,1,1,1,1
2022-11-02,0.0681564245810055,0.0188778050844116,0.130081300813008,6.75,-6.23,-58.23,-23.68,-11.5,2.68,47.59,-14.34,-24.05,15.23,44.14,0.6154547526783751,0.47,1,1,1,1
2022-11-03,0.0729050279329608,0.0192933654221117,0.1544715447154471,6.61,-6.23,-58.23,-23.68,-11.5,2.68,47.59,-14.34,-24.05,15.23,44.14,0.6154547526783751,0.47,1,1,0,0
2022-11-04,0.0687150837988826,0.0189133230619928,0.138211382113821,6.74,-6.23,-58.23,-23.68,-11.5,2.68,47.59,-14.34,-24.05,15.23,44.14,0.6154547526783751,0.47,1,1,1,1
2022-11-07,0.076536312849162,0.0196023718270682,0.1626016260162601,6.5,-13.23,-61.39,-27.49,-11.5,2.68,47.59,-14.34,-24.05,15.23,44.14,0.6154547526783751,0.47,1,1,0,0
2022-11-08,0.0770949720670391,0.0196698559844725,0.1626016260162601,6.48,-13.23,-61.39,-27.49,-11.5,2.68,47.59,-14.34,-24.05,15.23,44.14,0.6154547526783751,0.47,1,1,0,0
2022-11-09,0.0810055865921787,0.0200143803670102,0.1788617886178861,6.37,-13.23,-61.39,-27.49,-11.5,2.68,47.59,-14.34,-24.05,15.23,44.14,0.6154547526783751,0.47,1,0,0,0
2022-11-10,0.0807262569832402,0.0199824141871871,0.1788617886178861,6.38,-13.23,-61.39,-27.49,-11.5,2.68,47.59,-14.34,-24.05,15.23,44.14,0.6154547526783751,0.47,1,0,0,0
2022-11-11,0.0877094972067039,0.0206004269971001,0.2032520325203252,6.19,-13.23,-61.39,-27.49,-11.5,2.68,47.59,-14.34,-24.05,15.23,44.14,0.6154547526783751,0.47,0,0,0,0
2022-11-14,0.0879888268156424,0.2302919483189772,0.2032520325203252,6.18,-13.23,-61.39,-27.49,-55.49,-66.32,-6.86,-82.85,-89.86,-34.53,32.63,-26.07612143180788,-59.91,0,0,0,0
2022-11-15,0.0874301675977653,0.2294992049512699,0.2032520325203252,6.2,-13.23,-61.39,-27.49,-55.49,-66.32,-6.86,-82.85,-89.86,-34.53,32.63,-26.07612143180788,-59.91,0,0,0,0
2022-11-16,0.0888268156424581,0.2310450545182992,0.1788617886178861,6.16,-13.23,-61.39,-27.49,-55.49,-66.32,-6.86,-82.85,-89.86,-34.53,32.63,-26.07612143180788,-59.91,0,0,0,0
2022-11-17,0.0840782122905028,0.2264471429855968,0.1626016260162601,6.28,-13.23,-61.39,-27.49,-55.49,-66.32,-6.86,-82.85,-89.86,-34.53,32.63,-26.07612143180788,-59.91,0,0,0,0
2022-11-18,0.091340782122905,0.2333440102846504,0.1869918699186991,6.1,-13.23,-61.39,-27.49,-55.49,-66.32,-6.86,-82.85,-89.86,-34.53,32.63,-26.07612143180788,-59.91,0,0,0,0
2022-11-21,0.0824022346368715,0.2245049217347138,0.1544715447154471,6.34,-13.23,-61.39,-27.49,-55.49,-66.32,-6.86,-82.85,-89.86,-34.53,32.63,-26.07612143180788,-59.91,0,0,0,0
2022-11-22,0.0854748603351955,0.2275966208687724,0.1707317073170731,6.25,-13.23,-61.39,-27.49,-55.49,-66.32,-6.86,-82.85,-89.86,-34.53,32.63,-26.07612143180788,-59.91,0,0,0,0
2022-11-23,0.0877094972067039,0.2298955766351236,0.1788617886178861,6.19,-13.23,-61.39,-27.49,-55.49,-66.32,-6.86,-82.85,-89.86,-34.53,32.63,-26.07612143180788,-59.91,0,0,0,0
2022-11-24,0.0879888268156424,0.2302919483189772,0.1788617886178861,6.18,-13.23,-61.39,-27.49,-55.49,-66.32,-6.86,-82.85,-89.86,-34.53,32.63,-26.07612143180788,-59.91,0,0,0,0
2022-11-25,0.0874301675977653,0.2294992049512699,0.1788617886178861,6.2,-13.23,-61.39,-27.49,-55.49,-66.32,-6.86,-82.85,-89.86,-34.53,32.63,-26.07612143180788,-59.91,0,0,0,0
2022-11-28,0.08268156424581,0.2249012934185675,0.1626016260162601,6.32,-13.23,-61.39,-27.49,-55.49,-66.32,-6.86,-82.85,-89.86,-34.53,32.63,-26.07612143180788,-59.91,0,0,0,0
2022-11-29,0.0776536312849162,0.2199070102020113,0.138211382113821,6.47,-13.23,-61.39,-27.49,-55.49,-66.32,-6.86,-82.85,-89.86,-34.53,32.63,-26.07612143180788,-59.91,0,0,0,0
2022-11-30,0.0759776536312849,0.2183611606349821,0.138211382113821,6.51,-13.23,-61.39,-27.49,-55.49,-66.32,-6.86,-82.85,-89.86,-34.53,32.63,-26.07612143180788,-59.91,0,0,0,0
2022-12-01,0.0787709497206703,0.2210564880851869,0.1463414634146341,6.43,-13.23,-61.39,-27.49,-55.49,-66.32,-6.86,-82.85,-89.86,-34.53,32.63,-26.07612143180788,-59.91,0,0,0,0
2022-12-02,0.0731843575418994,0.2156658331847771,0.130081300813008,6.6,-13.23,-61.39,-27.49,-55.49,-66.32,-6.86,-82.85,-89.86,-34.53,32.63,-26.07612143180788,-59.91,0,0,0,0
2022-12-05,0.0737430167597765,0.2160622048686308,0.130081300813008,6.58,-13.23,-61.39,-27.49,-55.49,-66.32,-6.86,-82.85,-89.86,-34.53,32.63,-26.07612143180788,-59.91,0,0,0,0
2022-12-06,0.0662011173184357,0.2087689658857234,0.1056910569105691,6.81,-13.23,-61.39,-27.49,-55.49,-66.32,-6.86,-82.85,-89.86,-34.53,32.63,-26.07612143180788,-59.91,0,0,1,1
2022-12-07,0.0631284916201117,0.2056772667516649,0.089430894308943,6.92,-0.4,-61.81,-30.65,-55.49,-66.32,-6.86,-82.85,-89.86,-34.53,32.63,-26.07612143180788,-59.91,1,0,1,1
2022-12-08,0.0650837988826815,0.2076194880025478,0.0975609756097561,6.85,-0.4,-61.81,-30.65,-55.49,-66.32,-6.86,-82.85,-89.86,-34.53,32.63,-26.07612143180788,-59.91,0,0,1,1
2022-12-09,0.0639664804469273,0.2064303729509868,0.0975609756097561,6.89,-0.4,-61.81,-30.65,-55.49,-66.32,-6.86,-82.85,-89.86,-34.53,32.63,-26.07612143180788,-59.91,0,0,1,1
2022-12-12,0.0681564245810055,0.210671549968221,0.1056910569105691,6.75,-0.4,-61.81,-30.65,-55.49,-66.32,-6.86,-82.85,-89.86,-34.53,32.63,-26.07612143180788,-59.91,0,0,1,1
2022-12-13,0.0681564245810055,0.210671549968221,0.1056910569105691,6.75,-0.4,-61.81,-30.65,-55.49,-66.32,-6.86,-82.85,-89.86,-34.53,32.63,-26.07612143180788,-59.91,0,0,1,1
2022-12-14,0.070949720670391,0.2133668774184259,0.121951219512195,6.67,-0.4,-61.81,-30.65,-55.49,-66.32,-6.86,-82.85,-89.86,-34.53,32.63,-26.07612143180788,-59.91,0,0,1,1
2022-12-15,0.0726256983240223,0.2149127269854552,0.121951219512195,6.62,-0.4,-61.81,-30.65,-55.49,-66.32,-6.86,-82.85,-89.86,-34.53,32.63,-26.07612143180788,-59.91,0,0,0,1
2022-12-16,0.0670391061452513,0.2095220720850454,0.1056910569105691,6.79,-0.4,-61.81,-30.65,-55.49,-66.32,-6.86,-82.85,-89.86,-34.53,32.63,-26.07612143180788,-59.91,0,0,1,1
2022-12-19,0.0639664804469273,0.2064303729509868,0.0975609756097561,6.89,-0.4,-61.81,-30.65,-55.49,-66.32,-6.86,-82.85,-89.86,-34.53,32.63,-26.07612143180788,-59.91,0,0,1,1
2022-12-20,0.0572625698324022,0.1999298773357868,0.073170731707317,7.12,-0.4,-61.81,-30.65,-55.49,-66.32,-6.86,-82.85,-89.86,-34.53,32.63,-26.07612143180788,-59.91,0,1,1,1
2022-12-21,0.0553072625698323,0.1979876560849038,0.065040650406504,7.18,-0.4,-61.81,-30.65,-55.49,-66.32,-6.86,-82.85,-89.86,-34.53,32.63,-26.07612143180788,-59.91,1,1,1,1
2022-12-22,0.056145251396648,0.1987407622842258,0.065040650406504,7.16,-0.4,-61.81,-30.65,-55.49,-66.32,-6.86,-82.85,-89.86,-34.53,32.63,-26.07612143180788,-59.91,1,1,1,1
2022-12-23,0.0550279329608938,0.1975912844010502,0.065040650406504,7.2,-0.4,-61.81,-30.65,-55.49,-66.32,-6.86,-82.85,-89.86,-34.53,32.63,-26.07612143180788,-59.91,1,1,1,1
2022-12-26,0.0553072625698323,0.1979876560849038,0.065040650406504,7.18,-0.4,-61.81,-30.65,-55.49,-66.32,-6.86,-82.85,-89.86,-34.53,32.63,-26.07612143180788,-59.91,1,1,1,1
2022-12-27,0.0569832402234636,0.1995335056519331,0.073170731707317,7.13,-0.4,-61.81,-30.65,-55.49,-66.32,-6.86,-82.85,-89.86,-34.53,32.63,-26.07612143180788,-59.91,1,1,1,1
2022-12-28,0.0544692737430167,0.1972345498855819,0.065040650406504,7.21,-0.4,-61.81,-30.65,-55.49,-66.32,-6.86,-82.85,-89.86,-34.53,32.63,-26.07612143180788,-59.91,1,1,1,1
2022-12-29,0.0564245810055865,0.1991371339680795,0.065040650406504,7.14,-0.4,-61.81,-30.65,-55.49,-66.32,-6.86,-82.85,-89.86,-34.53,32.63,-26.07612143180788,-59.91,1,1,1,1
2022-12-30,0.0541899441340782,0.1968381782017282,0.056910569105691,7.23,-0.4,-61.81,-30.65,-55.49,-66.32,-6.86,-82.85,-89.86,-34.53,32.63,-26.07612143180788,-59.91,1,1,1,1
2023-01-03,0.0611731843575418,0.2037746826691673,0.08130081300813,6.98,-0.4,-61.81,-30.65,-55.49,-66.32,-6.86,-82.85,-89.86,-34.53,32.63,-26.07612143180788,-59.91,1,1,1,1
2023-01-04,0.0656424581005586,0.2079762225180161,0.0975609756097561,6.84,-0.4,-61.81,-30.65,-55.49,-66.32,-6.86,-82.85,-89.86,-34.53,32.63,-26.07612143180788,-59.91,1,1,1,1
2023-01-05,0.0687150837988826,0.2110679216520747,0.1138211382113821,6.74,-0.4,-61.81,-30.65,-55.49,-66.32,-6.86,-82.85,-89.86,-34.53,32.63,-26.07612143180788,-59.91,1,1,1,1
2023-01-06,0.0689944134078212,0.2114642933359283,0.1138211382113821,6.73,-0.4,-61.81,-30.65,-55.49,-66.32,-6.86,-82.85,-89.86,-34.53,32.63,-26.07612143180788,-59.91,1,1,1,1
2023-01-09,0.0756983240223463,0.2179647889511284,0.138211382113821,6.53,-13.38,-65.4,-33.47,-55.49,-66.32,-6.86,-82.85,-89.86,-34.53,32.63,-26.07612143180788,-59.91,1,1,1,1
2023-01-10,0.0748603351955307,0.2172116827518064,0.130081300813008,6.55,-13.38,-65.4,-33.47,-55.49,-66.32,-6.86,-82.85,-89.86,-34.53,32.63,-26.07612143180788,-59.91,1,1,1,1
2023-01-11,0.0768156424581005,0.2191539040026893,0.138211382113821,6.49,-13.38,-65.4,-33.47,-55.49,-66.32,-6.86,-82.85,-89.86,-34.53,32.63,-26.07612143180788,-59.91,1,1,1,1
2023-01-12,0.0737430167597765,0.2160622048686308,0.130081300813008,6.58,-13.38,-65.4,-33.47,-55.49,-66.32,-6.86,-82.85,-89.86,-34.53,32.63,-26.07612143180788,-59.91,1,1,1,1
2023-01-13,0.0729050279329608,0.2153090986693088,0.121951219512195,6.61,-13.38,-65.4,-33.47,-55.49,-66.32,-6.86,-82.85,-89.86,-34.53,32.63,-26.07612143180788,-59.91,1,1,1,1
2023-01-16,0.0787709497206703,0.2210564880851869,0.1463414634146341,6.43,-13.38,-65.4,-33.47,-55.49,-66.32,-6.86,-82.85,-89.86,-34.53,32.63,-26.07612143180788,-59.91,1,1,1,1
2023-01-17,0.079608938547486,0.2218095942845089,0.1463414634146341,6.41,-13.38,-65.4,-33.47,-55.49,-66.32,-6.86,-82.85,-89.86,-34.53,32.63,-26.07612143180788,-59.91,1,1,1,1
2023-01-30,0.0896648044692737,0.2318377978860065,0.1869918699186991,6.14,-13.38,-65.4,-33.47,-55.49,-66.32,-6.86,-82.85,-89.86,-34.53,32.63,-26.07612143180788,-59.91,0,0,0,1
2023-01-31,0.0798882681564246,0.2222059659683626,0.1463414634146341,6.4,-13.38,-65.4,-33.47,-55.49,-66.32,-6.86,-82.85,-89.86,-34.53,32.63,-26.07612143180788,-59.91,1,1,1,1
2023-02-01,0.0815642458100558,0.2237518155353918,0.1544715447154471,6.36,-13.38,-65.4,-33.47,-55.49,-66.32,-6.86,-82.85,-89.86,-34.53,32.63,-26.07612143180788,-59.91,0,1,1,1
2023-02-02,0.0879888268156424,0.2302919483189772,0.1788617886178861,6.18,-13.38,-65.4,-33.47,-55.49,-66.32,-6.86,-82.85,-89.86,-34.53,32.63,-26.07612143180788,-59.91,0,0,0,1
2023-02-03,0.0879888268156424,0.2302919483189772,0.1788617886178861,6.18,-13.38,-65.4,-33.47,-55.49,-66.32,-6.86,-82.85,-89.86,-34.53,32.63,-26.07612143180788,-59.91,0,0,0,1
2023-02-06,0.0810055865921787,0.2233554438515382,0.1544715447154471,6.37,-13.38,-65.4,-33.47,-55.49,-66.32,-6.86,-82.85,-89.86,-34.53,32.63,-26.07612143180788,-59.91,1,1,1,1
2023-02-07,0.0815642458100558,0.2237518155353918,0.1544715447154471,6.36,-6.2,-66.76,-66.76,-55.49,-66.32,-6.86,-82.85,-89.86,-34.53,32.63,-26.07612143180788,-59.91,1,1,1,1
2023-02-08,0.0824022346368715,0.2245049217347138,0.1626016260162601,6.34,-6.2,-66.76,-66.76,-55.49,-66.32,-6.86,-82.85,-89.86,-34.53,32.63,-26.07612143180788,-59.91,1,0,1,1
2023-02-09,0.0807262569832402,0.2229987093360699,0.1544715447154471,6.38,-6.2,-66.76,-66.76,-55.49,-66.32,-6.86,-82.85,-89.86,-34.53,32.63,-26.07612143180788,-59.91,1,1,1,1
2023-02-10,0.0818435754189944,0.2241481872192455,0.1544715447154471,6.35,-6.2,-66.76,-66.76,-55.49,-66.32,-6.86,-82.85,-89.86,-34.53,32.63,-26.07612143180788,-59.91,1,1,1,1
2023-02-13,0.0790502793296089,0.2214528597690406,0.1463414634146341,6.42,-6.2,-66.76,-66.76,-55.49,-66.32,-6.86,-82.85,-89.86,-34.53,32.63,-26.07612143180788,-59.91,1,1,1,1
2023-02-14,0.0824022346368715,-0.5192231913848205,0.1626016260162601,6.34,-6.2,-66.76,-66.76,0.0,0.0,-39.22,0.0,0.0,-59.53,13.04,-60.03677597303096,0.0,1,0,1,1
2023-02-15,0.08268156424581,-0.5201398989967287,0.1626016260162601,6.32,-6.2,-66.76,-66.76,0.0,0.0,-39.22,0.0,0.0,-59.53,13.04,-60.03677597303096,0.0,1,0,1,1
2023-02-16,0.0874301675977653,-0.5307737072948642,0.1788617886178861,6.2,-6.2,-66.76,-66.76,0.0,0.0,-39.22,0.0,0.0,-59.53,13.04,-60.03677597303096,0.0,0,0,1,1
2023-02-17,0.0874301675977653,-0.5307737072948642,0.1788617886178861,6.2,-6.2,-66.76,-66.76,0.0,0.0,-39.22,0.0,0.0,-59.53,13.04,-60.03677597303096,0.0,0,0,1,1
2023-02-20,0.0885474860335195,-0.533432159369398,0.1788617886178861,6.17,-6.2,-66.76,-66.76,0.0,0.0,-39.22,0.0,0.0,-59.53,13.04,-60.03677597303096,0.0,0,0,1,1
2023-02-21,0.0899441340782122,-0.5370073190558401,0.1869918699186991,6.13,-6.2,-66.76,-66.76,0.0,0.0,-39.22,0.0,0.0,-59.53,13.04,-60.03677597303096,0.0,0,0,1,1
2023-02-22,0.2022346368715084,-0.5218816434593544,0.1626016260162601,6.3,-6.2,-66.76,-66.76,0.0,0.0,-39.22,0.0,0.0,-59.53,13.04,-60.03677597303096,0.0,0,0,1,1
2023-02-23,0.2069832402234636,-0.5290319628322386,0.1707317073170731,6.22,-6.2,-66.76,-66.76,0.0,0.0,-39.22,0.0,0.0,-59.53,13.04,-60.03677597303096,0.0,0,0,1,1
2023-02-24,0.2002793296089385,-0.5192231913848205,0.1626016260162601,6.34,-6.2,-66.76,-66.76,0.0,0.0,-39.22,0.0,0.0,-59.53,13.04,-60.03677597303096,0.0,0,1,1,1
2023-03-01,0.1938547486033519,-0.5095060906985933,0.1463414634146341,6.46,-6.2,-66.76,-66.76,0.0,0.0,-39.22,0.0,0.0,-59.53,13.04,-60.03677597303096,0.0,1,1,1,1
2023-03-02,0.1938547486033519,-0.5095060906985933,0.1463414634146341,6.46,-6.2,-66.76,-66.76,0.0,0.0,-39.22,0.0,0.0,-59.53,13.04,-60.03677597303096,0.0,1,1,1,1
2023-03-03,0.197486033519553,-0.514822994847661,0.1544715447154471,6.39,-6.2,-66.76,-66.76,0.0,0.0,-39.22,0.0,0.0,-59.53,13.04,-60.03677597303096,0.0,1,1,1,1
2023-03-06,0.1960893854748603,-0.5129895796238445,0.1463414634146341,6.41,-6.2,-66.76,-66.76,0.0,0.0,-39.22,0.0,0.0,-59.53,13.04,-60.03677597303096,0.0,1,1,1,1
2023-03-07,0.2008379888268156,-0.5201398989967287,0.1626016260162601,6.32,-9.99,-68.5,-67.61,0.0,0.0,-39.22,0.0,0.0,-59.53,13.04,-60.03677597303096,0.0,0,1,1,1
2023-03-08,0.2156424581005586,-0.5423242232049078,0.1951219512195122,6.07,-9.99,-68.5,-67.61,0.0,0.0,-39.22,0.0,0.0,-59.53,13.04,-60.03677597303096,0.0,0,1,1,1
2023-03-09,0.2044692737430167,-0.5254568031457965,0.1707317073170731,6.26,-9.99,-68.5,-67.61,0.0,0.0,-39.22,0.0,0.0,-59.53,13.04,-60.03677597303096,0.0,0,1,1,1
2023-03-10,0.2022346368715084,-0.5218816434593544,0.1626016260162601,6.3,-9.99,-68.5,-67.61,0.0,0.0,-39.22,0.0,0.0,-59.53,13.04,-60.03677597303096,0.0,1,1,1,1
2023-03-13,0.2008379888268156,-0.5201398989967287,0.1626016260162601,3.64,-9.99,-68.5,-67.61,0.0,0.0,-39.22,0.0,0.0,-59.53,13.04,-60.03677597303096,0.0,1,1,1,1
2023-03-14,0.1980446927374301,-0.5157397024595692,0.1544715447154471,3.67,-9.99,-68.5,-67.61,0.0,0.0,-39.22,0.0,0.0,-59.53,13.04,-60.03677597303096,0.0,1,1,1,1
2023-03-15,0.1980446927374301,-0.5157397024595692,0.1544715447154471,3.67,-9.99,-68.5,-67.61,0.0,0.0,-39.22,0.0,0.0,-59.53,13.04,-60.03677597303096,0.0,1,1,1,1
2023-03-16,0.1960893854748603,-0.5129895796238445,0.1463414634146341,3.69,-9.99,-68.5,-67.61,0.0,0.0,-39.22,0.0,0.0,-59.53,13.04,-60.03677597303096,0.0,1,1,1,1
2023-03-17,0.2055865921787709,-0.527290218369613,0.1707317073170731,3.59,-9.99,-68.5,-67.61,0.0,0.0,-39.22,0.0,0.0,-59.53,13.04,-60.03677597303096,0.0,1,1,1,1
2023-03-20,0.2050279329608938,-0.5263735107577048,0.1707317073170731,3.6,-9.99,-68.5,-67.61,0.0,0.0,-39.22,0.0,0.0,-59.53,13.04,-60.03677597303096,0.0,1,1,1,1
2023-03-21,0.2016759776536313,-0.5210566066086371,0.1626016260162601,3.63,-9.99,-68.5,-67.61,0.0,0.0,-39.22,0.0,0.0,-59.53,13.04,-60.03677597303096,0.0,1,1,1,1
2023-03-22,0.2044692737430167,-0.5254568031457965,0.1707317073170731,3.6,-9.99,-68.5,-67.61,0.0,0.0,-39.22,0.0,0.0,-59.53,13.04,-60.03677597303096,0.0,1,1,1,1
2023-03-23,0.208659217877095,-0.5316904149067725,0.1788617886178861,3.56,-9.99,-68.5,-67.61,0.0,0.0,-39.22,0.0,0.0,-59.53,13.04,-60.03677597303096,0.0,1,1,1,1
2023-03-24,0.2293296089385475,-0.5628584737116522,0.2276422764227642,3.36,-9.99,-68.5,-67.61,0.0,0.0,-39.22,0.0,0.0,-59.53,13.04,-60.03677597303096,0.0,1,1,1,1
2023-03-27,0.2287709497206704,-0.561941766099744,0.2276422764227642,3.37,-9.99,-68.5,-67.61,0.0,0.0,-39.22,0.0,0.0,-59.53,13.04,-60.03677597303096,0.0,1,1,1,1
2023-03-28,0.2245810055865921,-0.5557081543387681,0.2113821138211382,3.41,-9.99,-68.5,-67.61,0.0,0.0,-39.22,0.0,0.0,-59.53,13.04,-60.03677597303096,0.0,1,1,1,1
2023-03-29,0.2156424581005586,-0.5423242232049078,0.1951219512195122,3.49,-9.99,-68.5,-67.61,0.0,0.0,-39.22,0.0,0.0,-59.53,13.04,-60.03677597303096,0.0,1,1,1,1
2023-03-30,0.2329608938547486,-0.5681753778607199,0.2357723577235772,3.33,-9.99,-68.5,-67.61,0.0,0.0,-39.22,0.0,0.0,-59.53,13.04,-60.03677597303096,0.0,1,1,1,1
2023-03-31,0.2483240223463687,-0.5912764096808073,0.2682926829268293,3.2,-9.99,-68.5,-67.61,0.0,0.0,-39.22,0.0,0.0,-59.53,13.04,-60.03677597303096,0.0,1,0,1,1
2023-04-06,0.2477653631284916,-0.5903597020688991,0.2845528455284551,3.21,-9.99,-68.5,-67.61,0.0,0.0,-39.22,0.0,0.0,-59.53,13.04,-60.03677597303096,0.0,1,0,1,1
2023-04-07,0.2606145251396647,-0.6099772449637352,0.3089430894308942,3.1,5.95,-68.15,-67.79,0.0,0.0,-39.22,0.0,0.0,-59.53,13.04,-60.03677597303096,0.0,0,0,0,1
2023-04-10,0.2494413407821229,-0.5930181541434328,0.2845528455284551,3.19,5.95,-68.15,-67.79,0.0,0.0,-39.22,0.0,0.0,-59.53,13.04,-60.03677597303096,0.0,0,0,1,1
2023-04-11,0.2583798882681564,-0.6064020852772931,0.3089430894308942,3.12,5.95,-68.15,-67.79,0.0,0.0,-39.22,0.0,0.0,-59.53,13.04,-60.03677597303096,0.0,0,0,0,1
2023-04-12,0.2636871508379889,-0.6143774415008946,0.3170731707317072,3.08,5.95,-68.15,-67.79,0.0,0.0,-39.22,0.0,0.0,-59.53,13.04,-60.03677597303096,0.0,0,0,0,1
2023-04-13,0.2541899441340782,-0.6001684735163171,0.3008130081300812,3.16,5.95,-68.15,-67.79,0.0,0.0,-39.22,0.0,0.0,-59.53,13.04,-60.03677597303096,0.0,0,0,1,1
2023-04-14,0.2547486033519553,-0.6010851811282253,0.3008130081300812,3.15,5.95,-68.15,-67.79,0.0,0.0,-39.22,0.0,0.0,-59.53,13.04,-60.03677597303096,0.0,0,0,1,1
2023-04-17,0.2572625698324022,-0.6045686700534766,0.3008130081300812,3.13,5.95,-68.15,-67.79,0.0,0.0,-39.22,0.0,0.0,-59.53,13.04,-60.03677597303096,0.0,0,0,0,1
2023-04-18,0.253072625698324,-0.5984267290536915,0.2926829268292682,3.16,5.95,-68.15,-67.79,0.0,0.0,-39.22,0.0,0.0,-59.53,13.04,-60.03677597303096,0.0,0,0,1,1
2023-04-19,0.2511173184357542,-0.5956766062179668,0.2926829268292682,3.18,5.95,-68.15,-67.79,0.0,0.0,-39.22,0.0,0.0,-59.53,13.04,-60.03677597303096,0.0,0,0,1,1
2023-04-20,0.2424581005586592,-0.5823843458452974,0.2682926829268293,3.25,5.95,-68.15,-67.79,0.0,0.0,-39.22,0.0,0.0,-59.53,13.04,-60.03677597303096,0.0,0,0,1,1
2023-04-21,0.2365921787709497,-0.5734922820097876,0.2520325203252033,3.3,5.95,-68.15,-67.79,0.0,0.0,-39.22,0.0,0.0,-59.53,13.04,-60.03677597303096,0.0,1,1,1,1
2023-04-24,0.2346368715083798,-0.5708338299352538,0.2520325203252033,3.32,5.95,-68.15,-67.79,0.0,0.0,-39.22,0.0,0.0,-59.53,13.04,-60.03677597303096,0.0,1,1,1,1
2023-04-25,0.2304469273743017,-0.5646002181742779,0.2439024390243903,3.35,5.95,-68.15,-67.79,0.0,0.0,-39.22,0.0,0.0,-59.53,13.04,-60.03677597303096,0.0,1,1,1,1
2023-04-26,0.2340782122905028,-0.5699171223233456,0.2520325203252033,3.32,5.95,-68.15,-67.79,0.0,0.0,-39.22,0.0,0.0,-59.53,13.04,-60.03677597303096,0.0,1,1,1,1
2023-04-27,0.2430167597765363,-0.5833010534572057,0.2682926829268293,3.25,5.95,-68.15,-67.79,0.0,0.0,-39.22,0.0,0.0,-59.53,13.04,-60.03677597303096,0.0,0,1,1,1
2023-04-28,0.2558659217877095,-0.602826925590851,0.3008130081300812,3.14,5.95,-68.15,-67.79,0.0,0.0,-39.22,0.0,0.0,-59.53,13.04,-60.03677597303096,0.0,0,0,1,1
2023-05-02,0.2494413407821229,-0.5930181541434328,0.2845528455284551,3.19,5.95,-68.15,-67.79,0.0,0.0,-39.22,0.0,0.0,-59.53,13.04,-60.03677597303096,0.0,0,1,1,1
2023-05-03,0.7645251396648045,-0.596593313829875,0.2926829268292682,3.17,5.95,-68.15,-67.79,0.0,0.0,-39.22,0.0,0.0,-59.53,13.04,-60.03677597303096,0.0,0,1,1,1
2023-05-04,0.7768156424581005,-0.6045686700534766,0.3008130081300812,3.13,5.95,-68.15,-67.79,0.0,0.0,-39.22,0.0,0.0,-59.53,13.04,-60.03677597303096,0.0,0,0,1,1
2023-05-05,0.7592178770949722,-0.5930181541434328,0.2845528455284551,3.19,5.95,-68.15,-67.79,0.0,0.0,-39.22,0.0,0.0,-59.53,13.04,-60.03677597303096,0.0,0,1,1,1
2023-05-08,0.7335195530726258,-0.5761507340843215,0.2601626016260163,3.29,5.26,-65.75,-67.28,0.0,0.0,-39.22,0.0,0.0,-59.53,13.04,-60.03677597303096,0.0,1,1,1,1
2023-05-09,0.7321229050279331,-0.5752340264724133,0.2601626016260163,3.29,5.26,-65.75,-67.28,0.0,0.0,-39.22,0.0,0.0,-59.53,13.04,-60.03677597303096,0.0,1,1,1,1
2023-05-10,0.725418994413408,-0.5708338299352538,0.2520325203252033,3.32,5.26,-65.75,-67.28,0.0,0.0,-39.22,0.0,0.0,-59.53,13.04,-60.03677597303096,0.0,1,1,1,1
2023-05-11,0.7131284916201118,-0.5628584737116522,0.2357723577235772,3.36,5.26,-65.75,-67.28,0.0,0.0,-39.22,0.0,0.0,-59.53,13.04,-60.03677597303096,0.0,1,1,1,1
2023-05-12,0.719832402234637,-0.5672586702488117,0.2439024390243903,3.34,5.26,-65.75,-67.28,0.0,0.0,-39.22,0.0,0.0,-59.53,13.04,-60.03677597303096,0.0,1,1,1,1
2023-05-15,0.7212290502793297,-1.656985555362323,0.2439024390243903,3.33,5.26,-65.75,-67.28,0.0,0.0,0.0,0.0,0.0,0.0,-8.63,-166.18098159509205,0.0,1,1,1,1
2023-05-16,0.7307262569832403,-1.675164809599922,0.3008130081300812,3.3,5.26,-65.75,-67.28,0.0,0.0,0.0,0.0,0.0,0.0,-8.63,-166.18098159509205,0.0,1,1,1,1
2023-05-17,0.7768156424581005,-1.763120319073011,0.3495934959349593,3.13,5.26,-65.75,-67.28,0.0,0.0,0.0,0.0,0.0,0.0,-8.63,-166.18098159509205,0.0,1,1,1,1
2023-05-18,0.7944134078212292,-1.7970727497814674,0.3739837398373983,3.07,5.26,-65.75,-67.28,0.0,0.0,0.0,0.0,0.0,0.0,-8.63,-166.18098159509205,0.0,1,1,1,1
2023-05-19,0.802513966480447,-1.812578584278243,0.3821138211382113,3.05,5.26,-65.75,-67.28,0.0,0.0,0.0,0.0,0.0,0.0,-8.63,-166.18098159509205,0.0,1,1,1,1
2023-05-22,0.8053072625698325,-1.8176580817858072,0.3821138211382113,3.04,5.26,-65.75,-67.28,0.0,0.0,0.0,0.0,0.0,0.0,-8.63,-166.18098159509205,0.0,1,1,1,1
2023-05-23,0.802513966480447,-1.812578584278243,0.3821138211382113,3.05,5.26,-65.75,-67.28,0.0,0.0,0.0,0.0,0.0,0.0,-8.63,-166.18098159509205,0.0,1,1,1,1
2023-05-24,0.802513966480447,-1.812578584278243,0.3821138211382113,3.05,5.26,-65.75,-67.28,0.0,0.0,0.0,0.0,0.0,0.0,-8.63,-166.18098159509205,0.0,1,1,1,1
2023-05-25,0.8365921787709497,-1.8772753420061683,0.4146341463414634,2.94,5.26,-65.75,-67.28,0.0,0.0,0.0,0.0,0.0,0.0,-8.63,-166.18098159509205,0.0,0,1,1,0
2023-05-26,0.8296089385474861,-1.8644429272502163,0.4065040650406504,2.96,5.26,-65.75,-67.28,0.0,0.0,0.0,0.0,0.0,0.0,-8.63,-166.18098159509205,0.0,0,1,1,0
2023-05-29,0.8201117318435756,-1.8462636730126176,0.3983739837398374,2.99,5.26,-65.75,-67.28,0.0,0.0,0.0,0.0,0.0,0.0,-8.63,-166.18098159509205,0.0,1,1,1,1
2023-05-30,0.8296089385474861,-1.8644429272502163,0.4065040650406504,2.96,5.26,-65.75,-67.28,0.0,0.0,0.0,0.0,0.0,0.0,-8.63,-166.18098159509205,0.0,1,1,1,0
2023-05-31,0.8513966480446928,-1.9058809332329787,0.4308943089430894,2.9,5.26,-65.75,-67.28,0.0,0.0,0.0,0.0,0.0,0.0,-8.63,-166.18098159509205,0.0,0,0,0,0
2023-06-01,0.8229050279329608,-1.8513431705201813,0.3983739837398374,2.98,5.26,-65.75,-67.28,0.0,0.0,0.0,0.0,0.0,0.0,-8.63,-166.18098159509205,0.0,1,1,1,0
2023-06-02,0.843296089385475,-1.890375098736203,0.4227642276422764,2.92,5.26,-65.75,-67.28,0.0,0.0,0.0,0.0,0.0,0.0,-8.63,-166.18098159509205,0.0,1,1,0,0
2023-06-05,0.8324022346368716,-1.8695224247577809,0.4146341463414634,2.95,5.26,-65.75,-67.28,0.0,0.0,0.0,0.0,0.0,0.0,-8.63,-166.18098159509205,0.0,1,1,1,0
2023-06-06,0.8365921787709497,-1.8772753420061683,0.4146341463414634,2.94,5.26,-65.75,-67.28,0.0,0.0,0.0,0.0,0.0,0.0,-8.63,-166.18098159509205,0.0,1,1,1,0
2023-06-07,0.8296089385474861,-1.8644429272502163,0.4065040650406504,2.96,2.17,-62.74,-66.42,0.0,0.0,0.0,0.0,0.0,0.0,-8.63,-166.18098159509205,0.0,1,1,1,0
2023-06-08,0.8067039106145252,-1.820331501526631,0.3821138211382113,3.03,2.17,-62.74,-66.42,0.0,0.0,0.0,0.0,0.0,0.0,-8.63,-166.18098159509205,0.0,1,1,1,1
2023-06-09,0.8215083798882682,-1.8489370927534408,0.3983739837398374,2.99,2.17,-62.74,-66.42,0.0,0.0,0.0,0.0,0.0,0.0,-8.63,-166.18098159509205,0.0,1,1,1,0
2023-06-12,0.843296089385475,-1.890375098736203,0.4227642276422764,2.92,2.17,-62.74,-66.42,0.0,0.0,0.0,0.0,0.0,0.0,-8.63,-166.18098159509205,0.0,1,1,0,0
2023-06-13,0.8689944134078214,-1.9395660219673527,0.4471544715447155,2.85,2.17,-62.74,-66.42,0.0,0.0,0.0,0.0,0.0,0.0,-8.63,-166.18098159509205,0.0,0,0,0,0
2023-06-14,0.8879888268156426,-1.9759245304425503,0.4715447154471545,2.8,2.17,-62.74,-66.42,0.0,0.0,0.0,0.0,0.0,0.0,-8.63,-166.18098159509205,0.0,0,0,0,0
2023-06-15,0.8756983240223464,-1.9523984367233047,0.4552845528455285,2.83,2.17,-62.74,-66.42,0.0,0.0,0.0,0.0,0.0,0.0,-8.63,-166.18098159509205,0.0,0,0,0,0
2023-06-16,0.9192737430167598,-2.035541790662912,0.5040650406504065,2.71,2.17,-62.74,-66.42,0.0,0.0,0.0,0.0,0.0,0.0,-8.63,-166.18098159509205,0.0,0,0,0,0
2023-06-19,0.912290502793296,-2.0224420339328777,0.4959349593495934,2.73,2.17,-62.74,-66.42,0.0,0.0,0.0,0.0,0.0,0.0,-8.63,-166.18098159509205,0.0,0,0,0,0
2023-06-20,0.9041899441340782,-2.006936199436101,0.4878048780487803,2.75,2.17,-62.74,-66.42,0.0,0.0,0.0,0.0,0.0,0.0,-8.63,-166.18098159509205,0.0,0,0,0,0
2023-06-21,0.8662011173184359,-1.9344865244597884,0.4471544715447155,2.86,2.17,-62.74,-66.42,0.0,0.0,0.0,0.0,0.0,0.0,-8.63,-166.18098159509205,0.0,0,0,0,0
2023-06-26,0.8446927374301676,-1.892781176502944,0.4227642276422764,2.92,2.17,-62.74,-66.42,0.0,0.0,0.0,0.0,0.0,0.0,-8.63,-166.18098159509205,0.0,0,0,0,0
2023-06-27,0.8148044692737431,-1.8358373360234064,0.3902439024390244,3.01,2.17,-62.74,-66.42,0.0,0.0,0.0,0.0,0.0,0.0,-8.63,-166.18098159509205,0.0,1,1,0,0
2023-06-28,0.7972067039106147,-1.85802671987224,0.3739837398373983,3.06,2.17,-62.74,-66.42,0.0,0.0,0.0,0.0,0.0,0.0,-8.63,-166.18098159509205,0.0,1,1,0,0
2023-06-29,0.8337988826815642,-1.9302090528744715,0.4146341463414634,2.95,2.17,-62.74,-66.42,0.0,0.0,0.0,0.0,0.0,0.0,-8.63,-166.18098159509205,0.0,0,0,0,0
2023-06-30,0.8148044692737431,-1.892781176502944,0.3902439024390244,3.01,2.17,-62.74,-66.42,0.0,0.0,0.0,0.0,0.0,0.0,-8.63,-166.18098159509205,0.0,0,0,0,0
2023-07-03,0.8053072625698325,-1.87406723831718,0.3821138211382113,3.04,2.17,-62.74,-66.42,0.0,0.0,0.0,0.0,0.0,0.0,-8.63,-166.18098159509205,0.0,0,0,0,0
2023-07-04,0.8092178770949722,-1.8820874975396509,0.3902439024390244,3.03,2.17,-62.74,-66.42,0.0,0.0,0.0,0.0,0.0,0.0,-8.63,-166.18098159509205,0.0,0,0,0,0
2023-07-05,0.8053072625698325,-1.87406723831718,0.3821138211382113,3.04,2.17,-62.74,-66.42,0.0,0.0,0.0,0.0,0.0,0.0,-8.63,-166.18098159509205,0.0,0,0,0,0
2023-07-06,0.8053072625698325,-1.87406723831718,0.3821138211382113,3.04,2.17,-62.74,-66.42,0.0,0.0,0.0,0.0,0.0,0.0,-8.63,-166.18098159509205,0.0,0,0,0,0
2023-07-07,0.7916201117318437,-1.8473330409089463,0.3658536585365853,3.08,6.45,-53.05,-64.58,0.0,0.0,0.0,0.0,0.0,0.0,-8.63,-166.18098159509205,0.0,1,1,0,0
2023-07-10,0.7997206703910615,-1.8633735593538872,0.3739837398373983,3.06,6.45,-53.05,-64.58,0.0,0.0,0.0,0.0,0.0,0.0,-8.63,-166.18098159509205,0.0,1,1,0,0
2023-07-11,0.802513966480447,-1.8687203988355336,0.3821138211382113,3.05,6.45,-53.05,-64.58,0.0,0.0,0.0,0.0,0.0,0.0,-8.63,-166.18098159509205,0.0,0,0,0,0
2023-07-12,0.8053072625698325,-1.87406723831718,0.3821138211382113,3.04,6.45,-53.05,-64.58,0.0,0.0,0.0,0.0,0.0,0.0,-8.63,-166.18098159509205,0.0,0,0,0,0
2023-07-13,0.8162011173184359,-1.895454596243768,0.3902439024390244,3.0,6.45,-53.05,-64.58,0.0,0.0,0.0,0.0,0.0,0.0,-8.63,-166.18098159509205,0.0,0,0,0,0
2023-07-14,0.8270949720670393,-1.9168419541703543,0.4065040650406504,2.97,6.45,-53.05,-64.58,0.0,0.0,0.0,0.0,0.0,0.0,-8.63,-166.18098159509205,0.0,0,0,0,0
2023-07-17,0.8270949720670393,-1.9168419541703543,0.4065040650406504,2.97,6.45,-53.05,-64.58,0.0,0.0,0.0,0.0,0.0,0.0,-8.63,-166.18098159509205,0.0,0,0,0,0
2023-07-18,0.7972067039106147,-1.85802671987224,0.3739837398373983,3.06,6.45,-53.05,-64.58,0.0,0.0,0.0,0.0,0.0,0.0,-8.63,-166.18098159509205,0.0,1,0,0,0
2023-07-19,0.8092178770949722,-1.8820874975396509,0.3902439024390244,3.03,6.45,-53.05,-64.58,0.0,0.0,0.0,0.0,0.0,0.0,-8.63,-166.18098159509205,0.0,0,0,0,0
2023-07-20,0.808100558659218,-1.8794140777988269,0.3821138211382113,3.03,6.45,-53.05,-64.58,0.0,0.0,0.0,0.0,0.0,0.0,-8.63,-166.18098159509205,0.0,0,0,0,0
2023-07-21,0.8053072625698325,-1.87406723831718,0.3821138211382113,3.04,6.45,-53.05,-64.58,0.0,0.0,0.0,0.0,0.0,0.0,-8.63,-166.18098159509205,0.0,0,0,0,0
2023-07-24,0.7944134078212292,-1.8526798803905933,0.3739837398373983,3.07,6.45,-53.05,-64.58,0.0,0.0,0.0,0.0,0.0,0.0,-8.63,-166.18098159509205,0.0,1,0,0,0
2023-07-25,0.7796089385474861,-1.8232722632415368,0.3577235772357723,3.12,6.45,-53.05,-64.58,0.0,0.0,0.0,0.0,0.0,0.0,-8.63,-166.18098159509205,0.0,1,0,0,0
2023-07-26,0.7645251396648045,-1.7938646460924792,0.3414634146341463,3.17,6.45,-53.05,-64.58,0.0,0.0,0.0,0.0,0.0,0.0,-8.63,-166.18098159509205,0.0,1,0,1,1
2023-07-27,0.8229050279329608,-1.9088216949478845,0.3983739837398374,2.98,6.45,-53.05,-64.58,0.0,0.0,0.0,0.0,0.0,0.0,-8.63,-166.18098159509205,0.0,0,0,0,0
2023-07-28,0.8689944134078214,-1.9997179661358788,0.4471544715447155,2.85,6.45,-53.05,-64.58,0.0,0.0,0.0,0.0,0.0,0.0,-8.63,-166.18098159509205,0.0,0,0,0,0
2023-07-31,0.8351955307262571,-1.9328824726152944,0.4146341463414634,2.95,6.45,-53.05,-64.58,0.0,0.0,0.0,0.0,0.0,0.0,-8.63,-166.18098159509205,0.0,0,0,0,0
2023-08-01,0.8175977653631286,-1.8981280159845904,0.3983739837398374,3.0,6.45,-53.05,-64.58,0.0,0.0,0.0,0.0,0.0,0.0,-8.63,-166.18098159509205,0.0,0,0,0,0
2023-08-02,0.0,-1.8473330409089463,0.3658536585365853,3.08,6.45,-53.05,-64.58,0.0,0.0,0.0,0.0,0.0,0.0,-8.63,-166.18098159509205,0.0,0,0,0,0
2023-08-04,0.0,-1.8687203988355336,0.3821138211382113,3.05,6.45,-53.05,-64.58,0.0,0.0,0.0,0.0,0.0,0.0,-8.63,-166.18098159509205,0.0,0,0,0,0
2023-08-07,0.0,-1.871393818576357,0.3821138211382113,3.04,-0.85,-44.56,-62.5,0.0,0.0,0.0,0.0,0.0,0.0,-8.63,-166.18098159509205,0.0,0,0,0,0
2023-08-08,0.0,-1.8312925224640064,0.3577235772357723,3.11,-0.85,-44.56,-62.5,0.0,0.0,0.0,0.0,0.0,0.0,-8.63,-166.18098159509205,0.0,0,0,0,0
2023-08-09,0.0,-1.8419862014273003,0.3658536585365853,3.09,-0.85,-44.56,-62.5,0.0,0.0,0.0,0.0,0.0,0.0,-8.63,-166.18098159509205,0.0,0,0,0,0
2023-08-10,0.0,-1.7938646460924792,0.3414634146341463,3.17,-0.85,-44.56,-62.5,0.0,0.0,0.0,0.0,0.0,0.0,-8.63,-166.18098159509205,0.0,0,0,1,1
2023-08-11,0.0,-1.8152520040190665,0.3495934959349593,3.14,-0.85,-44.56,-62.5,0.0,0.0,0.0,0.0,0.0,0.0,-8.63,-166.18098159509205,0.0,0,0,0,0
2023-08-14,0.0,-57.13763157864621,0.3089430894308942,3.28,-0.85,-44.56,-62.5,0.0,0.0,0.0,0.0,0.0,0.0,-11.22,-30.01158748551564,0.0,0,1,1,1
2023-08-15,0.0,-56.87351309677265,0.3008130081300812,3.3,-0.85,-44.56,-62.5,0.0,0.0,0.0,0.0,0.0,0.0,-11.22,-30.01158748551564,0.0,0,1,1,1
2023-08-16,0.0,-56.08115765115198,0.2845528455284551,3.34,-0.85,-44.56,-62.5,0.0,0.0,0.0,0.0,0.0,0.0,-11.22,-30.01158748551564,0.0,1,1,1,1
2023-08-17,0.0,-57.75390803635117,0.3170731707317072,3.25,-0.85,-44.56,-62.5,0.0,0.0,0.0,0.0,0.0,0.0,-11.22,-30.01158748551564,0.0,0,1,1,1
2023-08-18,0.0,-56.87351309677265,0.3008130081300812,3.3,-0.85,-44.56,-62.5,0.0,0.0,0.0,0.0,0.0,0.0,-11.22,-30.01158748551564,0.0,1,1,1,1
2023-08-21,0.0,-55.81703916927842,0.2845528455284551,3.36,-0.85,-44.56,-62.5,0.0,0.0,0.0,0.0,0.0,0.0,-11.22,-30.01158748551564,0.0,1,1,1,1
2023-08-22,0.0,-55.905078663236274,0.2845528455284551,3.35,-0.85,-44.56,-62.5,0.0,0.0,0.0,0.0,0.0,0.0,-11.22,-30.01158748551564,0.0,1,1,1,1
2023-08-23,0.0,-55.905078663236274,0.2845528455284551,3.35,-0.85,-44.56,-62.5,0.0,0.0,0.0,0.0,0.0,0.0,-11.22,-30.01158748551564,0.0,1,1,1,1
2023-08-24,0.0,-57.48978955447762,0.3089430894308942,3.26,-0.85,-44.56,-62.5,0.0,0.0,0.0,0.0,0.0,0.0,-11.22,-30.01158748551564,0.0,1,1,1,1
2023-08-25,0.0,-57.22567107260406,0.3089430894308942,3.28,-0.85,-44.56,-62.5,0.0,0.0,0.0,0.0,0.0,0.0,-11.22,-30.01158748551564,0.0,1,1,1,1
2023-08-28,0.0,-57.75390803635117,0.3170731707317072,3.25,-0.85,-44.56,-62.5,0.0,0.0,0.0,0.0,0.0,0.0,-11.22,-30.01158748551564,0.0,1,1,1,1
2023-08-29,0.0,-58.28214500009829,0.3252032520325202,3.22,-0.85,-44.56,-62.5,0.0,0.0,0.0,0.0,0.0,0.0,-11.22,-30.01158748551564,0.0,1,1,1,1
2023-08-30,0.0,-58.72234246988756,0.3333333333333332,3.19,-0.85,-44.56,-62.5,0.0,0.0,0.0,0.0,0.0,0.0,-11.22,-30.01158748551564,0.0,1,1,1,1
2023-08-31,0.0,-58.6343029759297,0.3333333333333332,3.2,-0.85,-44.56,-62.5,0.0,0.0,0.0,0.0,0.0,0.0,-11.22,-30.01158748551564,0.0,1,1,1,1
2023-09-01,0.0,-60.04293487925534,0.3495934959349593,3.12,-0.85,-44.56,-62.5,0.0,0.0,0.0,0.0,0.0,0.0,-11.22,-30.01158748551564,0.0,0,1,1,0
2023-09-04,0.0,-59.51469791550822,0.3414634146341463,3.15,-0.85,-44.56,-62.5,0.0,0.0,0.0,0.0,0.0,0.0,-11.22,-30.01158748551564,0.0,1,1,1,1
2023-09-05,0.0,-59.95489538529748,0.3495934959349593,3.13,-0.85,-44.56,-62.5,0.0,0.0,0.0,0.0,0.0,0.0,-11.22,-30.01158748551564,0.0,1,1,1,1
2023-09-06,0.0,-59.86685589133963,0.3495934959349593,3.13,-0.85,-44.56,-62.5,0.0,0.0,0.0,0.0,0.0,0.0,-11.22,-30.01158748551564,0.0,1,1,1,1
2023-09-07,0.0,-59.16253993967682,0.3414634146341463,3.17,5.65,-24.69,-59.68,0.0,0.0,0.0,0.0,0.0,0.0,-11.22,-30.01158748551564,0.0,1,1,1,1
2023-09-08,0.0,-59.16253993967682,0.3414634146341463,3.17,5.65,-24.69,-59.68,0.0,0.0,0.0,0.0,0.0,0.0,-11.22,-30.01158748551564,0.0,1,1,1,1
2023-09-11,0.0,-57.84194753030904,0.3170731707317072,3.24,5.65,-24.69,-59.68,0.0,0.0,0.0,0.0,0.0,0.0,-11.22,-30.01158748551564,0.0,1,1,1,1
2023-09-12,0.0,-58.8103819638454,0.3333333333333332,3.19,5.65,-24.69,-59.68,0.0,0.0,0.0,0.0,0.0,0.0,-11.22,-30.01158748551564,0.0,1,1,1,1
2023-09-13,0.0,-60.21901386717105,0.3577235772357723,3.11,5.65,-24.69,-59.68,0.0,0.0,0.0,0.0,0.0,0.0,-11.22,-30.01158748551564,0.0,1,1,0,1
2023-09-14,0.0,-61.627645770496684,0.3821138211382113,3.04,5.65,-24.69,-59.68,0.0,0.0,0.0,0.0,0.0,0.0,-11.22,-30.01158748551564,0.0,1,0,0,0
2023-09-15,0.0,-63.74059362548515,0.4146341463414634,2.94,5.65,-24.69,-59.68,0.0,0.0,0.0,0.0,0.0,0.0,-11.22,-30.01158748551564,0.0,0,0,0,0
2023-09-18,0.0,-63.65255413152729,0.4146341463414634,2.95,5.65,-24.69,-59.68,0.0,0.0,0.0,0.0,0.0,0.0,-11.22,-30.01158748551564,0.0,0,0,0,0
2023-09-19,0.0,-63.12431716778018,0.4065040650406504,2.97,5.65,-24.69,-59.68,0.0,0.0,0.0,0.0,0.0,0.0,-11.22,-30.01158748551564,0.0,0,0,0,0
2023-09-20,0.0,-62.24392222820166,0.3902439024390244,3.01,5.65,-24.69,-59.68,0.0,0.0,0.0,0.0,0.0,0.0,-11.22,-30.01158748551564,0.0,0,0,0,0
2023-09-21,0.0,-64.09275160131655,0.4227642276422764,2.93,5.65,-24.69,-59.68,0.0,0.0,0.0,0.0,0.0,0.0,-11.22,-30.01158748551564,0.0,0,0,0,0
2023-09-22,0.0,-63.38843564965374,0.4065040650406504,2.96,5.65,-24.69,-59.68,0.0,0.0,0.0,0.0,0.0,0.0,-11.22,-30.01158748551564,0.0,0,0,0,0
2023-09-25,0.0,-63.03627767382232,0.3983739837398374,2.97,5.65,-24.69,-59.68,0.0,0.0,0.0,0.0,0.0,0.0,-11.22,-30.01158748551564,0.0,0,0,0,0
2023-09-26,0.0,-61.89176425237024,0.3821138211382113,3.03,5.65,-24.69,-59.68,0.0,0.0,0.0,0.0,0.0,0.0,-11.22,-30.01158748551564,0.0,0,0,0,0
2023-09-27,0.0,-61.451566782580976,0.3739837398373983,3.05,5.65,-24.69,-59.68,0.0,0.0,0.0,0.0,0.0,0.0,-11.22,-30.01158748551564,0.0,0,0,0,0
2023-09-28,0.0,-57.75390803635117,0.3170731707317072,3.25,5.65,-24.69,-59.68,0.0,0.0,0.0,0.0,0.0,0.0,-11.22,-30.01158748551564,0.0,1,1,1,1
2023-10-02,0.0,-59.51469791550822,0.3495934959349593,3.15,5.65,-24.69,-59.68,0.0,0.0,0.0,0.0,0.0,0.0,-11.22,-30.01158748551564,0.0,1,1,1,1
2023-10-03,0.0,-59.95489538529748,0.3577235772357723,3.13,5.65,-24.69,-59.68,0.0,0.0,0.0,0.0,0.0,0.0,-11.22,-30.01158748551564,0.0,1,0,0,1
2023-10-04,0.0,-59.60273740946609,0.3414634146341463,3.15,5.65,-24.69,-59.68,0.0,0.0,0.0,0.0,0.0,0.0,-11.22,-30.01158748551564,0.0,1,1,1,1
2023-10-05,0.0,-61.18744830070742,0.3739837398373983,3.06,5.65,-24.69,-59.68,0.0,0.0,0.0,0.0,0.0,0.0,-11.22,-30.01158748551564,0.0,1,0,0,1
2023-10-06,0.0,-60.92332981883386,0.3658536585365853,3.08,5.65,-24.69,-59.68,0.0,0.0,0.0,0.0,0.0,0.0,-11.22,-30.01158748551564,0.0,1,0,0,1
2023-10-11,0.0,-62.24392222820166,0.3902439024390244,3.01,5.8,-15.03,-56.76,0.0,0.0,0.0,0.0,0.0,0.0,-11.22,-30.01158748551564,0.0,0,0,0,0
2023-10-12,0.0,-62.50804071007521,0.3983739837398374,3.0,5.8,-15.03,-56.76,0.0,0.0,0.0,0.0,0.0,0.0,-11.22,-30.01158748551564,0.0,0,0,0,0
2023-10-13,0.0,-62.33196172215951,0.3983739837398374,3.01,5.8,-15.03,-56.76,0.0,0.0,0.0,0.0,0.0,0.0,-11.22,-30.01158748551564,0.0,0,0,0,0
2023-10-16,0.0,-62.1558827342438,0.3902439024390244,3.02,5.8,-15.03,-56.76,0.0,0.0,0.0,0.0,0.0,0.0,-11.22,-30.01158748551564,0.0,0,0,0,0
2023-10-17,0.0,-62.42000121611736,0.3983739837398374,3.0,5.8,-15.03,-56.76,0.0,0.0,0.0,0.0,0.0,0.0,-11.22,-30.01158748551564,0.0,0,0,0,0
2023-10-18,0.0,-61.80372475841239,0.3821138211382113,3.03,5.8,-15.03,-56.76,0.0,0.0,0.0,0.0,0.0,0.0,-11.22,-30.01158748551564,0.0,0,0,0,1
2023-10-19,0.0,-62.067843240285946,0.3902439024390244,3.02,5.8,-15.03,-56.76,0.0,0.0,0.0,0.0,0.0,0.0,-11.22,-30.01158748551564,0.0,0,0,0,0
2023-10-20,0.0,-61.89176425237024,0.3902439024390244,3.03,5.8,-15.03,-56.76,0.0,0.0,0.0,0.0,0.0,0.0,-11.22,-30.01158748551564,0.0,0,0,0,1
2023-10-23,0.0,-61.27548779466528,0.3739837398373983,3.06,5.8,-15.03,-56.76,0.0,0.0,0.0,0.0,0.0,0.0,-11.22,-30.01158748551564,0.0,0,0,0,1
2023-10-24,0.0,-59.69077690342393,0.3495934959349593,3.14,5.8,-15.03,-56.76,0.0,0.0,0.0,0.0,0.0,0.0,-11.22,-30.01158748551564,0.0,0,0,1,1
2023-10-25,0.0,-59.86685589133963,0.3495934959349593,3.13,5.8,-15.03,-56.76,0.0,0.0,0.0,0.0,0.0,0.0,-11.22,-30.01158748551564,0.0,0,0,1,1
2023-10-26,0.0,-58.19410550614044,0.3252032520325202,3.22,5.8,-15.03,-56.76,0.0,0.0,0.0,0.0,0.0,0.0,-11.22,-30.01158748551564,0.0,0,0,1,1
2023-10-27,0.0,-57.04959208468836,0.3089430894308942,3.29,5.8,-15.03,-56.76,0.0,0.0,0.0,0.0,0.0,0.0,-11.22,-30.01158748551564,0.0,0,1,1,1
2023-10-30,0.0,-57.13763157864621,0.3089430894308942,3.28,5.8,-15.03,-56.76,0.0,0.0,0.0,0.0,0.0,0.0,-11.22,-30.01158748551564,0.0,0,1,1,1
2023-10-31,0.0,-56.96155259073051,0.3089430894308942,3.29,5.8,-15.03,-56.76,0.0,0.0,0.0,0.0,0.0,0.0,-11.22,-30.01158748551564,0.0,1,1,1,1
2023-11-01,0.0,-56.7854736028148,0.3008130081300812,3.3,5.8,-15.03,-56.76,0.0,0.0,0.0,0.0,0.0,0.0,-11.22,-30.01158748551564,0.0,1,1,1,1
2023-11-02,0.0,-57.75390803635117,0.3170731707317072,3.25,5.8,-15.03,-56.76,0.0,0.0,0.0,0.0,0.0,0.0,-11.22,-30.01158748551564,0.0,0,1,1,1
2023-11-03,0.0,-58.19410550614044,0.3252032520325202,3.22,5.8,-15.03,-56.76,0.0,0.0,0.0,0.0,0.0,0.0,-11.22,-30.01158748551564,0.0,0,1,1,1
2023-11-06,0.0,-57.57782904843548,0.3170731707317072,3.26,5.8,-15.03,-56.76,0.0,0.0,0.0,0.0,0.0,0.0,-11.22,-30.01158748551564,0.0,1,1,1,1
2023-11-07,0.0,-58.01802651822474,0.3252032520325202,3.23,-2.07,-4.1,-53.93,0.0,0.0,0.0,0.0,0.0,0.0,-11.22,-30.01158748551564,0.0,1,1,1,1
2023-11-08,0.0,-57.57782904843548,0.3170731707317072,3.26,-2.07,-4.1,-53.93,0.0,0.0,0.0,0.0,0.0,0.0,-11.22,-30.01158748551564,0.0,1,1,1,1
2023-11-09,0.0,-56.87351309677265,0.3008130081300812,3.3,-2.07,-4.1,-53.93,0.0,0.0,0.0,0.0,0.0,0.0,-11.22,-30.01158748551564,0.0,1,1,1,1
2023-11-10,0.0,-56.08115765115198,0.2926829268292682,3.34,-2.07,-4.1,-53.93,0.0,0.0,0.0,0.0,0.0,0.0,-11.22,-30.01158748551564,0.0,1,1,1,1
2023-11-13,0.0,-55.99311815719413,0.2845528455284551,3.35,-2.07,-4.1,-53.93,0.0,0.0,0.0,0.0,0.0,0.0,-11.22,-30.01158748551564,0.0,1,1,1,1
2023-11-14,0.0,-0.957990324381097,0.3252032520325202,3.22,-2.07,-4.1,-53.93,0.0,0.0,0.0,0.0,0.0,0.0,-25.24,-124.95543672014256,0.0,1,1,1,1
2023-11-15,0.0,-0.9797298930130433,0.3495934959349593,3.15,-2.07,-4.1,-53.93,0.0,0.0,0.0,0.0,0.0,0.0,-25.24,-124.95543672014256,0.0,1,1,1,1
2023-11-16,0.0,-0.973932674711191,0.3414634146341463,3.17,-2.07,-4.1,-53.93,0.0,0.0,0.0,0.0,0.0,0.0,-25.24,-124.95543672014256,0.0,1,1,1,1
2023-11-17,0.0,-0.9768312838621172,0.3414634146341463,3.16,-2.07,-4.1,-53.93,0.0,0.0,0.0,0.0,0.0,0.0,-25.24,-124.95543672014256,0.0,1,1,1,1
2023-11-20,0.0,-1.0145132028241572,0.3821138211382113,3.04,-2.07,-4.1,-53.93,0.0,0.0,0.0,0.0,0.0,0.0,-25.24,-124.95543672014256,0.0,1,1,1,1
2023-11-21,0.0,-1.0232090302769357,0.3902439024390244,3.02,-2.07,-4.1,-53.93,0.0,0.0,0.0,0.0,0.0,0.0,-25.24,-124.95543672014256,0.0,1,1,1,1
2023-11-22,0.0,-1.024658334852399,0.3902439024390244,3.01,-2.07,-4.1,-53.93,0.0,0.0,0.0,0.0,0.0,0.0,-25.24,-124.95543672014256,0.0,1,1,1,1
2023-11-23,0.0,-1.024658334852399,0.3902439024390244,3.01,-2.07,-4.1,-53.93,0.0,0.0,0.0,0.0,0.0,0.0,-25.24,-124.95543672014256,0.0,1,1,1,1
2023-11-24,0.0,-1.0261076394278617,0.3983739837398374,3.01,-2.07,-4.1,-53.93,0.0,0.0,0.0,0.0,0.0,0.0,-25.24,-124.95543672014256,0.0,1,1,1,1
2023-11-27,0.0,-1.0159625073996204,0.3821138211382113,3.04,-2.07,-4.1,-53.93,0.0,0.0,0.0,0.0,0.0,0.0,-25.24,-124.95543672014256,0.0,1,1,1,1
2023-11-28,0.0,-1.065238862965365,0.4308943089430894,2.9,-2.07,-4.1,-53.93,0.0,0.0,0.0,0.0,0.0,0.0,-25.24,-124.95543672014256,0.0,0,0,0,0
2023-11-29,0.0,-1.0753839949936068,0.4471544715447155,2.87,-2.07,-4.1,-53.93,0.0,0.0,0.0,0.0,0.0,0.0,-25.24,-124.95543672014256,0.0,0,0,0,0
2023-11-30,0.0,-1.0869784315973112,0.4552845528455285,2.84,-2.07,-4.1,-53.93,0.0,0.0,0.0,0.0,0.0,0.0,-25.24,-124.95543672014256,0.0,0,0,0,0
2023-12-01,0.0,-1.0681374721162913,0.4390243902439025,2.89,-2.07,-4.1,-53.93,0.0,0.0,0.0,0.0,0.0,0.0,-25.24,-124.95543672014256,0.0,0,1,0,0
2023-12-04,0.0,-1.0724853858426804,0.4390243902439025,2.88,-2.07,-4.1,-53.93,0.0,0.0,0.0,0.0,0.0,0.0,-25.24,-124.95543672014256,0.0,0,1,0,0
2023-12-05,0.0,-1.060890949238976,0.4308943089430894,2.91,-2.07,-4.1,-53.93,0.0,0.0,0.0,0.0,0.0,0.0,-25.24,-124.95543672014256,0.0,0,1,0,0
2023-12-06,0.0,-1.043499294333419,0.4146341463414634,2.96,-2.07,-4.1,-53.93,0.0,0.0,0.0,0.0,0.0,0.0,-25.24,-124.95543672014256,0.0,1,1,1,0
2023-12-07,0.0,-1.024658334852399,0.3902439024390244,3.01,7.72,3.71,-51.0,0.0,0.0,0.0,0.0,0.0,0.0,-25.24,-124.95543672014256,0.0,1,1,1,0
2023-12-08,0.0,-1.0449485989088818,0.4146341463414634,2.95,7.72,3.71,-51.0,0.0,0.0,0.0,0.0,0.0,0.0,-25.24,-124.95543672014256,0.0,1,1,0,0
2023-12-11,0.0,-1.0463979034843451,0.4146341463414634,2.95,7.72,3.71,-51.0,0.0,0.0,0.0,0.0,0.0,0.0,-25.24,-124.95543672014256,0.0,1,1,0,0
2023-12-12,0.0,-1.0507458172107342,0.4227642276422764,2.94,7.72,3.71,-51.0,0.0,0.0,0.0,0.0,0.0,0.0,-25.24,-124.95543672014256,0.0,1,1,0,0
2023-12-13,0.0,-1.0681374721162913,0.4390243902439025,2.89,7.72,3.71,-51.0,0.0,0.0,0.0,0.0,0.0,0.0,-25.24,-124.95543672014256,0.0,1,1,0,0
2023-12-14,0.0,-1.055093730937123,0.4227642276422764,2.93,7.72,3.71,-51.0,0.0,0.0,0.0,0.0,0.0,0.0,-25.24,-124.95543672014256,0.0,1,1,0,0
2023-12-15,0.0,-1.079731908719996,0.4471544715447155,2.86,7.72,3.71,-51.0,0.0,0.0,0.0,0.0,0.0,0.0,-25.24,-124.95543672014256,0.0,1,0,0,0
2023-12-18,0.0,-1.063789558389902,0.4308943089430894,2.9,7.72,3.71,-51.0,0.0,0.0,0.0,0.0,0.0,0.0,-25.24,-124.95543672014256,0.0,1,1,0,0
2023-12-19,0.0,-1.0594416446635126,0.4308943089430894,2.91,7.72,3.71,-51.0,0.0,0.0,0.0,0.0,0.0,0.0,-25.24,-124.95543672014256,0.0,1,1,0,0
2023-12-20,0.0,-1.0406006851824925,0.4065040650406504,2.97,7.72,3.71,-51.0,0.0,0.0,0.0,0.0,0.0,0.0,-25.24,-124.95543672014256,0.0,1,1,0,0
2023-12-21,0.0,-1.0927756498991636,0.4634146341463415,2.82,7.72,3.71,-51.0,0.0,0.0,0.0,0.0,0.0,0.0,-25.24,-124.95543672014256,0.0,1,0,0,0
2023-12-22,0.0,-1.100022172776479,0.4715447154471545,2.81,7.72,3.71,-51.0,0.0,0.0,0.0,0.0,0.0,0.0,-25.24,-124.95543672014256,0.0,0,0,0,0
2023-12-25,0.0,-1.0927756498991636,0.4634146341463415,2.82,7.72,3.71,-51.0,0.0,0.0,0.0,0.0,0.0,0.0,-25.24,-124.95543672014256,0.0,0,0,0,0
2023-12-26,0.0,-1.1304575688612035,0.4959349593495934,2.73,7.72,3.71,-51.0,0.0,0.0,0.0,0.0,0.0,0.0,-25.24,-124.95543672014256,0.0,0,0,0,0
2023-12-27,0.0,-1.155095746644076,0.5284552845528455,2.67,7.72,3.71,-51.0,0.0,0.0,0.0,0.0,0.0,0.0,-25.24,-124.95543672014256,0.0,0,0,0,0
2023-12-28,0.0,-1.134805482587593,0.5040650406504065,2.72,7.72,3.71,-51.0,0.0,0.0,0.0,0.0,0.0,0.0,-25.24,-124.95543672014256,0.0,0,0,0,0
2023-12-29,0.0,-1.1304575688612035,0.5365853658536585,2.73,7.72,3.71,-51.0,0.0,0.0,0.0,0.0,0.0,0.0,-25.24,-124.95543672014256,0.0,0,0,0,0
2024-01-02,0.0,-1.1087180002292574,0.5121951219512194,2.78,7.72,3.71,-51.0,0.0,0.0,0.0,0.0,0.0,0.0,-25.24,-124.95543672014256,0.0,0,0,0,0
2024-01-03,0.0,-1.0594416446635126,0.4308943089430894,2.91,7.72,3.71,-51.0,0.0,0.0,0.0,0.0,0.0,0.0,-25.24,-124.95543672014256,0.0,0,0,0,0
2024-01-04,0.0,-1.0782826041445328,0.4796747967479673,2.86,7.72,3.71,-51.0,0.0,0.0,0.0,0.0,0.0,0.0,-25.24,-124.95543672014256,0.0,0,0,0,0
2024-01-05,0.0,-1.082630517870922,0.4552845528455285,2.85,7.72,3.71,-51.0,0.0,0.0,0.0,0.0,0.0,0.0,-25.24,-124.95543672014256,0.0,0,0,0,0
2024-01-08,0.0,-1.0594416446635126,0.4634146341463415,2.91,10.02,31.73,-47.51,0.0,0.0,0.0,0.0,0.0,0.0,-25.24,-124.95543672014256,0.0,0,0,0,0
2024-01-09,0.0,-1.0521951217861971,0.4552845528455285,2.93,10.02,31.73,-47.51,0.0,0.0,0.0,0.0,0.0,0.0,-25.24,-124.95543672014256,0.0,0,0,0,0
2024-01-10,0.0,-1.0362527714561034,0.4390243902439025,2.98,10.02,31.73,-47.51,0.0,0.0,0.0,0.0,0.0,0.0,-25.24,-124.95543672014256,0.0,0,0,0,0
2024-01-11,0.0,-1.0058173753713788,0.3739837398373983,3.07,10.02,31.73,-47.51,0.0,0.0,0.0,0.0,0.0,0.0,-25.24,-124.95543672014256,0.0,0,0,0,0
2024-01-12,0.0,-0.9971215479186,0.3658536585365853,3.1,10.02,31.73,-47.51,0.0,0.0,0.0,0.0,0.0,0.0,-25.24,-124.95543672014256,0.0,1,0,0,0
2024-01-15,0.0,-1.0362527714561034,0.4390243902439025,2.98,10.02,31.73,-47.51,0.0,0.0,0.0,0.0,0.0,0.0,-25.24,-124.95543672014256,0.0,0,0,0,0
2024-01-16,0.0,-1.0058173753713788,0.4065040650406504,3.07,10.02,31.73,-47.51,0.0,0.0,0.0,0.0,0.0,0.0,-25.24,-124.95543672014256,0.0,1,0,0,0
2024-01-17,0.0,-0.9826285021639694,0.3821138211382113,3.14,10.02,31.73,-47.51,0.0,0.0,0.0,0.0,0.0,0.0,-25.24,-124.95543672014256,0.0,1,1,0,0
2024-01-18,0.0,-0.9884257204658218,0.3577235772357723,3.12,10.02,31.73,-47.51,0.0,0.0,0.0,0.0,0.0,0.0,-25.24,-124.95543672014256,0.0,1,1,0,0
2024-01-19,0.0,-1.0043680707959155,0.4065040650406504,3.07,10.02,31.73,-47.51,0.0,0.0,0.0,0.0,0.0,0.0,-25.24,-124.95543672014256,0.0,1,0,0,0
2024-01-22,0.0,-1.0043680707959155,0.4065040650406504,3.07,10.02,31.73,-47.51,0.0,0.0,0.0,0.0,0.0,0.0,-25.24,-124.95543672014256,0.0,1,0,0,0
2024-01-23,0.0,-1.024658334852399,0.4227642276422764,3.01,10.02,31.73,-47.51,0.0,0.0,0.0,0.0,0.0,0.0,-25.24,-124.95543672014256,0.0,0,0,0,0
2024-01-24,0.0,-1.0377020760315665,0.4390243902439025,2.97,10.02,31.73,-47.51,0.0,0.0,0.0,0.0,0.0,0.0,-25.24,-124.95543672014256,0.0,0,0,0,0
2024-01-25,0.0,-1.029006248578788,0.4308943089430894,3.0,10.02,31.73,-47.51,0.0,0.0,0.0,0.0,0.0,0.0,-25.24,-124.95543672014256,0.0,0,0,0,0
2024-01-26,0.0,-1.029006248578788,0.4308943089430894,3.0,10.02,31.73,-47.51,0.0,0.0,0.0,0.0,0.0,0.0,-25.24,-124.95543672014256,0.0,0,0,0,0
2024-01-29,0.0,-1.0261076394278617,0.4227642276422764,3.01,10.02,31.73,-47.51,0.0,0.0,0.0,0.0,0.0,0.0,-25.24,-124.95543672014256,0.0,0,0,0,0
2024-01-30,0.0,-1.0043680707959155,0.4065040650406504,3.07,10.02,31.73,-47.51,0.0,0.0,0.0,0.0,0.0,0.0,-25.24,-124.95543672014256,0.0,0,0,0,0
2024-01-31,0.0,-0.9956722433431372,0.3983739837398374,3.1,10.02,31.73,-47.51,0.0,0.0,0.0,0.0,0.0,0.0,-25.24,-124.95543672014256,0.0,0,0,0,0
2024-02-01,0.0,-1.0029187662204526,0.3739837398373983,3.08,10.02,31.73,-47.51,0.0,0.0,0.0,0.0,0.0,0.0,-25.24,-124.95543672014256,0.0,0,0,0,0
2024-02-02,0.0,-0.9797298930130433,0.3739837398373983,3.15,10.02,31.73,-47.51,0.0,0.0,0.0,0.0,0.0,0.0,-25.24,-124.95543672014256,0.0,0,0,0,0
2024-02-05,0.0,-0.9884257204658218,0.3902439024390244,3.12,10.02,31.73,-47.51,0.0,0.0,0.0,0.0,0.0,0.0,-25.24,-124.95543672014256,0.0,0,0,0,0
2024-02-15,0.0,-0.3542643723628699,0.3414634146341463,3.26,-3.2,35.95,35.95,0.0,0.0,0.0,0.0,0.0,0.0,-13.65,45.919175911251976,0.0,1,1,1,1
2024-02-16,0.0,-0.3569728155766534,0.3252032520325202,3.23,-3.2,35.95,35.95,0.0,0.0,0.0,0.0,0.0,0.0,-13.65,45.919175911251976,0.0,1,0,1,0
2024-02-19,0.0,-0.36076463607595,0.3333333333333332,3.2,-3.2,35.95,35.95,0.0,0.0,0.0,0.0,0.0,0.0,-13.65,45.919175911251976,0.0,1,0,0,0
2024-02-20,0.0,-0.3672648997890302,0.3821138211382113,3.14,-3.2,35.95,35.95,0.0,0.0,0.0,0.0,0.0,0.0,-13.65,45.919175911251976,0.0,0,0,0,0
2024-02-21,0.0,-0.3645564565752469,0.3739837398373983,3.16,-3.2,35.95,35.95,0.0,0.0,0.0,0.0,0.0,0.0,-13.65,45.919175911251976,0.0,0,0,0,0
2024-02-22,0.0,-0.3688899657173002,0.3821138211382113,3.13,-3.2,35.95,35.95,0.0,0.0,0.0,0.0,0.0,0.0,-13.65,45.919175911251976,0.0,0,0,0,0
2024-02-23,0.0,-0.3667232111462736,0.3495934959349593,3.15,-3.2,35.95,35.95,0.0,0.0,0.0,0.0,0.0,0.0,-13.65,45.919175911251976,0.0,0,0,0,0
2024-02-26,0.0,-0.367806588431787,0.3821138211382113,3.14,-3.2,35.95,35.95,0.0,0.0,0.0,0.0,0.0,0.0,-13.65,45.919175911251976,0.0,0,0,0,0
2024-02-27,0.0,-0.35913957014768,0.3577235772357723,3.21,-3.2,35.95,35.95,0.0,0.0,0.0,0.0,0.0,0.0,-13.65,45.919175911251976,0.0,0,0,0,0
2024-02-29,0.0,-0.3645564565752469,0.3739837398373983,3.16,-3.2,35.95,35.95,0.0,0.0,0.0,0.0,0.0,0.0,-13.65,45.919175911251976,0.0,0,0,0,0
2024-03-01,0.0,-0.35913957014768,0.3577235772357723,3.21,-3.2,35.95,35.95,0.0,0.0,0.0,0.0,0.0,0.0,-13.65,45.919175911251976,0.0,0,0,0,0
2024-03-04,0.0,-0.3602229474331934,0.3577235772357723,3.2,-3.2,35.95,35.95,0.0,0.0,0.0,0.0,0.0,0.0,-13.65,45.919175911251976,0.0,0,0,0,0
2024-03-05,0.0,-0.3564311269338966,0.3252032520325202,3.24,-3.2,35.95,35.95,0.0,0.0,0.0,0.0,0.0,0.0,-13.65,45.919175911251976,0.0,0,0,1,0
2024-03-06,0.0,-0.3526393064345998,0.3089430894308942,3.27,-3.2,35.95,35.95,0.0,0.0,0.0,0.0,0.0,0.0,-13.65,45.919175911251976,0.0,0,1,1,1
2024-03-07,0.0,-0.35588943829114,0.3495934959349593,3.24,-0.32,50.56,42.87,0.0,0.0,0.0,0.0,0.0,0.0,-13.65,45.919175911251976,0.0,0,1,1,0
2024-03-08,0.0,-0.3520976177918432,0.3414634146341463,3.28,-0.32,50.56,42.87,0.0,0.0,0.0,0.0,0.0,0.0,-13.65,45.919175911251976,0.0,0,1,1,1
2024-03-11,0.0,-0.3564311269338966,0.3495934959349593,3.24,-0.32,50.56,42.87,0.0,0.0,0.0,0.0,0.0,0.0,-13.65,45.919175911251976,0.0,0,1,1,0
2024-03-12,0.0,-0.35588943829114,0.3495934959349593,3.24,-0.32,50.56,42.87,0.0,0.0,0.0,0.0,0.0,0.0,-13.65,45.919175911251976,0.0,0,1,1,0
2024-03-13,0.0,-0.3428889108649796,0.2845528455284551,3.36,-0.32,50.56,42.87,0.0,0.0,0.0,0.0,0.0,0.0,-13.65,45.919175911251976,0.0,1,1,1,1
2024-03-14,0.0,-0.345597354078763,0.2926829268292682,3.34,-0.32,50.56,42.87,0.0,0.0,0.0,0.0,0.0,0.0,-13.65,45.919175911251976,0.0,1,1,1,1
2024-03-15,0.0,-0.3461390427215197,0.3252032520325202,3.33,-0.32,50.56,42.87,0.0,0.0,0.0,0.0,0.0,0.0,-13.65,45.919175911251976,0.0,1,1,1,1
2024-03-18,0.0,-0.3380137130801695,0.3008130081300812,3.41,-0.32,50.56,42.87,0.0,0.0,0.0,0.0,0.0,0.0,-13.65,45.919175911251976,0.0,1,1,1,1
2024-03-19,0.0,-0.3374720244374127,0.3008130081300812,3.42,-0.32,50.56,42.87,0.0,0.0,0.0,0.0,0.0,0.0,-13.65,45.919175911251976,0.0,1,1,1,1
2024-03-20,0.0,-0.3331385152953593,0.2845528455284551,3.46,-0.32,50.56,42.87,0.0,0.0,0.0,0.0,0.0,0.0,-13.65,45.919175911251976,0.0,1,1,1,1
2024-03-21,0.0,-0.3661815225035169,0.3739837398373983,3.15,-0.32,50.56,42.87,0.0,0.0,0.0,0.0,0.0,0.0,-13.65,45.919175911251976,0.0,1,0,0,0
2024-03-22,0.0,-0.3770152953586505,0.4065040650406504,3.06,-0.32,50.56,42.87,0.0,0.0,0.0,0.0,0.0,0.0,-13.65,45.919175911251976,0.0,0,0,0,0
2024-03-25,0.0,-0.371056720288327,0.3902439024390244,3.11,-0.32,50.56,42.87,0.0,0.0,0.0,0.0,0.0,0.0,-13.65,45.919175911251976,0.0,0,0,0,0
2024-03-26,0.0,-0.3688899657173002,0.3821138211382113,3.13,-0.32,50.56,42.87,0.0,0.0,0.0,0.0,0.0,0.0,-13.65,45.919175911251976,0.0,1,0,0,0
2024-03-27,0.0,-0.367806588431787,0.3495934959349593,3.14,-0.32,50.56,42.87,0.0,0.0,0.0,0.0,0.0,0.0,-13.65,45.919175911251976,0.0,1,0,0,0
2024-03-28,0.0,-0.3661815225035169,0.3739837398373983,3.15,-0.32,50.56,42.87,0.0,0.0,0.0,0.0,0.0,0.0,-13.65,45.919175911251976,0.0,1,0,0,0
2024-03-29,0.0,-0.3667232111462736,0.3739837398373983,3.15,-0.32,50.56,42.87,0.0,0.0,0.0,0.0,0.0,0.0,-13.65,45.919175911251976,0.0,1,0,0,0
2024-04-01,0.0,-0.3759319180731372,0.3983739837398374,3.07,-0.32,50.56,42.87,0.0,0.0,0.0,0.0,0.0,0.0,-13.65,45.919175911251976,0.0,0,0,0,0
2024-04-02,0.0,-0.3743068521448671,0.3983739837398374,3.08,-0.32,50.56,42.87,0.0,0.0,0.0,0.0,0.0,0.0,-13.65,45.919175911251976,0.0,0,0,0,0
2024-04-03,0.0,-0.369431654360057,0.3821138211382113,3.12,-0.32,50.56,42.87,0.0,0.0,0.0,0.0,0.0,0.0,-13.65,45.919175911251976,0.0,0,0,0,0
2024-04-08,0.0,-0.3688899657173002,0.3821138211382113,3.13,11.16,57.95,47.91,0.0,0.0,0.0,0.0,0.0,0.0,-13.65,45.919175911251976,0.0,0,0,0,0
2024-04-09,0.0,-0.3705150316455704,0.3821138211382113,3.11,11.16,57.95,47.91,0.0,0.0,0.0,0.0,0.0,0.0,-13.65,45.919175911251976,0.0,0,0,0,0
2024-04-10,0.0,-0.3802654272151906,0.4146341463414634,3.03,11.16,57.95,47.91,0.0,0.0,0.0,0.0,0.0,0.0,-13.65,45.919175911251976,0.0,0,0,0,0
2024-04-11,0.0,-0.3824321817862173,0.4146341463414634,3.02,11.16,57.95,47.91,0.0,0.0,0.0,0.0,0.0,0.0,-13.65,45.919175911251976,0.0,0,0,0,0
2024-04-12,0.0,-0.3889324454992975,0.4390243902439025,2.97,11.16,57.95,47.91,0.0,0.0,0.0,0.0,0.0,0.0,-13.65,45.919175911251976,0.0,0,0,0,0
2024-04-15,0.0,-0.3791820499296773,0.4065040650406504,3.04,11.16,57.95,47.91,0.0,0.0,0.0,0.0,0.0,0.0,-13.65,45.919175911251976,0.0,0,0,0,0
2024-04-16,0.0,-0.3548060610056265,0.3495934959349593,3.25,11.16,57.95,47.91,0.0,0.0,0.0,0.0,0.0,0.0,-13.65,45.919175911251976,0.0,0,0,0,1
2024-04-17,0.0,-0.3493891745780597,0.3333333333333332,3.3,11.16,57.95,47.91,0.0,0.0,0.0,0.0,0.0,0.0,-13.65,45.919175911251976,0.0,0,1,0,1
2024-04-18,0.0,-0.3483057972925464,0.3252032520325202,3.31,11.16,57.95,47.91,0.0,0.0,0.0,0.0,0.0,0.0,-13.65,45.919175911251976,0.0,1,1,1,1
2024-04-19,0.0,-0.3358469585091427,0.2845528455284551,3.44,11.16,57.95,47.91,0.0,0.0,0.0,0.0,0.0,0.0,-13.65,45.919175911251976,0.0,1,1,1,1
2024-04-22,0.0,-0.3315134493670893,0.2764227642276421,3.48,11.16,57.95,47.91,0.0,0.0,0.0,0.0,0.0,0.0,-13.65,45.919175911251976,0.0,1,1,1,1
2024-04-23,0.0,-0.3401804676511962,0.3089430894308942,3.39,11.16,57.95,47.91,0.0,0.0,0.0,0.0,0.0,0.0,-13.65,45.919175911251976,0.0,1,1,1,1
2024-04-24,0.0,-0.3548060610056265,0.3495934959349593,3.25,11.16,57.95,47.91,0.0,0.0,0.0,0.0,0.0,0.0,-13.65,45.919175911251976,0.0,1,0,0,1
2024-04-25,0.0,-0.3553477496483832,0.3414634146341463,3.25,11.16,57.95,47.91,0.0,0.0,0.0,0.0,0.0,0.0,-13.65,45.919175911251976,0.0,1,0,0,1
2024-04-26,0.0,-0.35588943829114,0.3414634146341463,3.24,11.16,57.95,47.91,0.0,0.0,0.0,0.0,0.0,0.0,-13.65,45.919175911251976,0.0,0,0,0,1
2024-04-29,0.0,-0.3656398338607602,0.3739837398373983,3.16,11.16,57.95,47.91,0.0,0.0,0.0,0.0,0.0,0.0,-13.65,45.919175911251976,0.0,0,0,0,0
2024-04-30,0.0,-0.3580561928621666,0.3495934959349593,3.22,11.16,57.95,47.91,0.0,0.0,0.0,0.0,0.0,0.0,-13.65,45.919175911251976,0.0,0,0,0,1
2024-05-02,0.0,-0.36076463607595,0.3658536585365853,3.2,11.16,57.95,47.91,0.0,0.0,0.0,0.0,0.0,0.0,-13.65,45.919175911251976,0.0,0,0,0,0
2024-05-03,0.0,-0.3564311269338966,0.3414634146341463,3.24,11.16,57.95,47.91,0.0,0.0,0.0,0.0,0.0,0.0,-13.65,45.919175911251976,0.0,0,0,0,1
2024-05-06,0.0,-0.3623897020042202,0.3658536585365853,3.18,11.16,57.95,47.91,0.0,0.0,0.0,0.0,0.0,0.0,-13.65,45.919175911251976,0.0,0,0,0,0
2024-05-07,0.0,-0.3618480133614634,0.3658536585365853,3.19,-5.45,41.88,46.34,0.0,0.0,0.0,0.0,0.0,0.0,-13.65,45.919175911251976,0.0,0,0,0,0
2024-05-08,0.0,-0.36076463607595,0.3728813559322033,3.2,-5.45,41.88,46.34,0.0,0.0,0.0,0.0,0.0,0.0,-13.65,45.919175911251976,0.0,0,0,0,0
2024-05-09,0.0,-0.3466807313642763,0.3305084745762711,3.33,-5.45,41.88,46.34,0.0,0.0,0.0,0.0,0.0,0.0,-13.65,45.919175911251976,0.0,0,0,1,1
2024-05-10,0.0,-0.3488474859353031,0.3418803418803418,3.31,-5.45,41.88,46.34,0.0,0.0,0.0,0.0,0.0,0.0,-13.65,45.919175911251976,0.0,0,0,1,1
2024-05-13,0.0,-0.3488474859353031,0.3418803418803418,3.31,-5.45,41.88,46.34,0.0,0.0,0.0,0.0,0.0,0.0,-13.65,45.919175911251976,0.0,0,0,1,1
2024-05-14,0.0,-0.3510142405063298,0.3504273504273504,3.29,-5.45,41.88,46.34,0.0,0.0,0.0,0.0,0.0,0.0,-13.65,45.919175911251976,0.0,0,0,1,0
2024-05-15,0.0,-0.1256390524476529,0.3418803418803418,3.3,-5.45,41.88,46.34,0.0,0.0,0.0,0.0,0.0,0.0,-2.91,78.68131868131869,0.0,0,0,1,0
2024-05-16,0.0,-0.1244721262639286,0.3333333333333332,3.33,-5.45,41.88,46.34,0.0,0.0,0.0,0.0,0.0,0.0,-2.91,78.68131868131869,0.0,1,1,1,0
2024-05-17,0.0,-0.1221382738964799,0.3245614035087719,3.39,-5.45,41.88,46.34,0.0,0.0,0.0,0.0,0.0,0.0,-2.91,78.68131868131869,0.0,1,1,1,1
2024-05-20,0.0,-0.1231107123829169,0.3454545454545454,3.36,-5.45,41.88,46.34,0.0,0.0,0.0,0.0,0.0,0.0,-2.91,78.68131868131869,0.0,1,1,1,1
2024-05-21,0.0,-0.1234996877774917,0.3454545454545454,3.35,-5.45,41.88,46.34,0.0,0.0,0.0,0.0,0.0,0.0,-2.91,78.68131868131869,0.0,1,1,1,1
2024-05-22,0.0,-0.1256390524476529,0.3636363636363636,3.3,-5.45,41.88,46.34,0.0,0.0,0.0,0.0,0.0,0.0,-2.91,78.68131868131869,0.0,0,1,1,0
2024-05-23,0.0,-0.1248611016585034,0.3738317757009344,3.32,-5.45,41.88,46.34,0.0,0.0,0.0,0.0,0.0,0.0,-2.91,78.68131868131869,0.0,0,1,1,0
2024-05-24,0.0,-0.1252500770530782,0.3738317757009344,3.31,-5.45,41.88,46.34,0.0,0.0,0.0,0.0,0.0,0.0,-2.91,78.68131868131869,0.0,0,1,1,0
2024-05-27,0.0,-0.1260280278422277,0.4059405940594058,3.29,-5.45,41.88,46.34,0.0,0.0,0.0,0.0,0.0,0.0,-2.91,78.68131868131869,0.0,0,1,1,0
2024-05-28,0.0,-0.1293343186961133,0.4680851063829787,3.2,-5.45,41.88,46.34,0.0,0.0,0.0,0.0,0.0,0.0,-2.91,78.68131868131869,0.0,0,0,1,0
2024-05-29,0.0,-0.1283618802096764,0.4831460674157303,3.23,-5.45,41.88,46.34,0.0,0.0,0.0,0.0,0.0,0.0,-2.91,78.68131868131869,0.0,0,1,1,0
2024-05-30,0.0,-0.1260280278422277,0.4606741573033707,0.0,-5.45,41.88,46.34,0.0,0.0,0.0,0.0,0.0,0.0,-2.91,78.68131868131869,0.0,0,1,1,0
2024-05-31,0.0,-0.1254445647503655,0.4494382022471909,0.0,-5.45,41.88,46.34,0.0,0.0,0.0,0.0,0.0,0.0,-2.91,78.68131868131869,0.0,0,1,1,0
2024-06-03,0.0,-0.1248611016585034,0.4494382022471909,0.0,-5.45,41.88,46.34,0.0,0.0,0.0,0.0,0.0,0.0,-2.91,78.68131868131869,0.0,1,1,1,0
2024-06-04,0.0,-0.1229162246856295,0.441860465116279,0.0,-5.45,41.88,46.34,0.0,0.0,0.0,0.0,0.0,0.0,-2.91,78.68131868131869,0.0,1,1,1,0
2024-06-05,0.0,-0.1225272492910547,0.4302325581395348,0.0,-5.45,41.88,46.34,0.0,0.0,0.0,0.0,0.0,0.0,-2.91,78.68131868131869,0.0,1,1,1,0
2024-06-06,0.0,-0.1233052000802043,0.441860465116279,0.0,-5.45,41.88,46.34,0.0,0.0,0.0,0.0,0.0,0.0,-2.91,78.68131868131869,0.0,1,1,1,0
2024-06-07,0.0,-0.1260280278422277,0.4767441860465116,0.0,4.52,45.14,46.09,0.0,0.0,0.0,0.0,0.0,0.0,-2.91,78.68131868131869,0.0,1,1,1,0
2024-06-11,0.0,-0.1250555893557908,0.4651162790697674,0.0,4.52,45.14,46.09,0.0,0.0,0.0,0.0,0.0,0.0,-2.91,78.68131868131869,0.0,1,1,1,0
2024-06-12,0.0,-0.1256390524476529,0.4651162790697674,0.0,4.52,45.14,46.09,0.0,0.0,0.0,0.0,0.0,0.0,-2.91,78.68131868131869,0.0,1,1,0,0
2024-06-13,0.0,-0.1283618802096764,0.5,0.0,4.52,45.14,46.09,0.0,0.0,0.0,0.0,0.0,0.0,-2.91,78.68131868131869,0.0,1,1,0,0
2024-06-14,0.0,-0.1287508556042512,0.5,0.0,4.52,45.14,46.09,0.0,0.0,0.0,0.0,0.0,0.0,-2.91,78.68131868131869,0.0,1,1,0,0
2024-06-17,0.0,-0.1320571464581368,0.5348837209302326,0.0,4.52,45.14,46.09,0.0,0.0,0.0,0.0,0.0,0.0,-2.91,78.68131868131869,0.0,1,1,0,0
2024-06-18,0.0,-0.1400311420469197,0.6279069767441862,0.0,4.52,45.14,46.09,0.0,0.0,0.0,0.0,0.0,0.0,-2.91,78.68131868131869,0.0,0,0,0,0
2024-06-19,0.0,-0.1375028019821837,0.6046511627906977,0.0,4.52,45.14,46.09,0.0,0.0,0.0,0.0,0.0,0.0,-2.91,78.68131868131869,0.0,0,0,0,0
2024-06-20,0.0,-0.1413925559279314,0.6395348837209304,0.0,4.52,45.14,46.09,0.0,0.0,0.0,0.0,0.0,0.0,-2.91,78.68131868131869,0.0,0,0,0,0
2024-06-21,0.0,-0.1404201174414945,0.6279069767441862,0.0,4.52,45.14,46.09,0.0,0.0,0.0,0.0,0.0,0.0,-2.91,78.68131868131869,0.0,0,0,0,0
2024-06-24,0.0,-0.1343909988255854,0.5697674418604652,0.0,4.52,45.14,46.09,0.0,0.0,0.0,0.0,0.0,0.0,-2.91,78.68131868131869,0.0,1,0,0,0
2024-06-25,0.0,-0.1332240726418611,0.5465116279069768,0.0,4.52,45.14,46.09,0.0,0.0,0.0,0.0,0.0,0.0,-2.91,78.68131868131869,0.0,1,1,0,0
2024-06-26,0.0,-0.1332240726418611,0.5465116279069768,0.0,4.52,45.14,46.09,0.0,0.0,0.0,0.0,0.0,0.0,-2.91,78.68131868131869,0.0,1,0,0,0
2024-06-27,0.0,-0.1326406095499989,0.5465116279069768,0.0,4.52,45.14,46.09,0.0,0.0,0.0,0.0,0.0,0.0,-2.91,78.68131868131869,0.0,1,0,0,0
2024-06-28,0.0,-0.1355579250093098,0.5813953488372093,0.0,4.52,45.14,46.09,0.0,0.0,0.0,0.0,0.0,0.0,-2.91,78.68131868131869,0.0,1,0,0,0
2024-07-01,0.0,-0.134196511128298,0.558139534883721,0.0,4.52,45.14,46.09,0.0,0.0,0.0,0.0,0.0,0.0,-2.91,78.68131868131869,0.0,1,0,0,0
2024-07-02,0.0,-0.1328350972472863,0.5662650602409638,0.0,4.52,45.14,46.09,0.0,0.0,0.0,0.0,0.0,0.0,-2.91,78.68131868131869,0.0,1,0,0,0
2024-07-03,0.0,-0.1433374329008053,0.7037037037037037,0.0,4.52,45.14,46.09,0.0,0.0,0.0,0.0,0.0,0.0,-2.91,78.68131868131869,0.0,0,0,0,0
2024-07-04,0.0,-0.1441153836899548,0.7160493827160495,0.0,4.52,45.14,46.09,0.0,0.0,0.0,0.0,0.0,0.0,-2.91,78.68131868131869,0.0,0,0,0,0
2024-07-05,0.0,-0.1437264082953801,0.7160493827160495,0.0,4.52,45.14,46.09,0.0,0.0,0.0,0.0,0.0,0.0,-2.91,78.68131868131869,0.0,0,0,0,0
2024-07-08,0.0,-0.1448933344791044,0.7283950617283949,0.0,0.35,36.83,44.4,0.0,0.0,0.0,0.0,0.0,0.0,-2.91,78.68131868131869,0.0,0,0,0,0
2024-07-09,0.0,-0.1419760190197936,0.6913580246913581,0.0,0.35,36.83,44.4,0.0,0.0,0.0,0.0,0.0,0.0,-2.91,78.68131868131869,0.0,0,0,0,0
2024-07-10,0.0,-0.1406146051387818,0.6790123456790124,0.0,0.35,36.83,44.4,0.0,0.0,0.0,0.0,0.0,0.0,-2.91,78.68131868131869,0.0,0,0,0,0
2024-07-11,0.0,-0.1363358757984593,0.6172839506172839,0.0,0.35,36.83,44.4,0.0,0.0,0.0,0.0,0.0,0.0,-2.91,78.68131868131869,0.0,0,0,0,0
2024-07-12,0.0,-0.1332240726418611,0.5925925925925926,0.0,0.35,36.83,44.4,0.0,0.0,0.0,0.0,0.0,0.0,-2.91,78.68131868131869,0.0,0,0,0,0
2024-07-15,0.0,-0.131668171063562,0.5679012345679012,0.0,0.35,36.83,44.4,0.0,0.0,0.0,0.0,0.0,0.0,-2.91,78.68131868131869,0.0,0,0,0,0
2024-07-16,0.0,-0.1312791956689872,0.5679012345679012,0.0,0.35,36.83,44.4,0.0,0.0,0.0,0.0,0.0,0.0,-2.91,78.68131868131869,0.0,0,0,0,0
2024-07-17,0.0,-0.1301122694852629,0.5555555555555555,0.0,0.35,36.83,44.4,0.0,0.0,0.0,0.0,0.0,0.0,-2.91,78.68131868131869,0.0,0,0,0,0
2024-07-18,0.0,-0.1303067571825503,0.5555555555555555,0.0,0.35,36.83,44.4,0.0,0.0,0.0,0.0,0.0,0.0,-2.91,78.68131868131869,0.0,0,0,0,0
2024-07-19,0.0,-0.1248611016585034,0.493827160493827,0.0,0.35,36.83,44.4,0.0,0.0,0.0,0.0,0.0,0.0,-2.91,78.68131868131869,0.0,0,0,0,0
2024-07-22,0.0,-0.1203878846208934,0.4320987654320986,0.0,0.35,36.83,44.4,0.0,0.0,0.0,0.0,0.0,0.0,-2.91,78.68131868131869,0.0,0,0,0,0
2024-07-23,0.0,-0.1178595445561574,0.4074074074074075,0.0,0.35,36.83,44.4,0.0,0.0,0.0,0.0,0.0,0.0,-2.91,78.68131868131869,0.0,0,0,0,0
2024-07-26,0.0,-0.1129973521239727,0.358974358974359,0.0,0.35,36.83,44.4,0.0,0.0,0.0,0.0,0.0,0.0,-2.91,78.68131868131869,0.0,0,0,0,0
2024-07-29,0.0,-0.1118304259402484,0.3461538461538461,0.0,0.35,36.83,44.4,0.0,0.0,0.0,0.0,0.0,0.0,-2.91,78.68131868131869,0.0,0,0,0,0
2024-07-30,0.0,-0.1110524751510988,0.3333333333333333,0.0,0.35,36.83,44.4,0.0,0.0,0.0,0.0,0.0,0.0,-2.91,78.68131868131869,0.0,0,0,0,0
2024-07-31,0.0,-0.1110524751510988,0.3333333333333333,0.0,0.35,36.83,44.4,0.0,0.0,0.0,0.0,0.0,0.0,-2.91,78.68131868131869,0.0,0,0,0,0
2024-08-01,0.0,-0.1133863275185475,0.3717948717948718,0.0,0.35,36.83,44.4,0.0,0.0,0.0,0.0,0.0,0.0,-2.91,78.68131868131869,0.0,0,0,0,0
2024-08-02,0.0,-0.1067737458107763,0.2894736842105262,0.0,0.35,36.83,44.4,0.0,0.0,0.0,0.0,0.0,0.0,-2.91,78.68131868131869,0.0,0,0,0,0
2024-08-05,0.0,-0.0971466047950505,0.1710526315789473,0.0,0.35,36.83,44.4,0.0,0.0,0.0,0.0,0.0,0.0,-2.91,78.68131868131869,0.0,1,1,0,0
2024-08-06,0.0,-0.0970493609464068,0.1710526315789473,0.0,0.35,36.83,44.4,0.0,0.0,0.0,0.0,0.0,0.0,-2.91,78.68131868131869,0.0,1,1,0,0
2024-08-07,0.0,-0.0972438486436942,0.1710526315789473,0.0,-18.37,12.65,39.53,0.0,0.0,0.0,0.0,0.0,0.0,-2.91,78.68131868131869,0.0,1,1,0,0
2024-08-08,0.0,-0.0962714101572573,0.1578947368421052,0.0,-18.37,12.65,39.53,0.0,0.0,0.0,0.0,0.0,0.0,-2.91,78.68131868131869,0.0,1,1,0,0
2024-08-09,0.0,-0.0991887256165681,0.1973684210526314,0.0,-18.37,12.65,39.53,0.0,0.0,0.0,0.0,0.0,0.0,-2.91,78.68131868131869,0.0,1,1,0,0
2024-08-12,0.0,-0.1030784795623159,0.2499999999999999,0.0,-18.37,12.65,39.53,0.0,0.0,0.0,0.0,0.0,0.0,-2.91,78.68131868131869,0.0,1,0,0,0
2024-08-13,0.0,-0.1026895041677411,0.2499999999999999,0.0,-18.37,12.65,39.53,0.0,0.0,0.0,0.0,0.0,0.0,-2.91,78.68131868131869,0.0,1,0,0,0
2024-08-14,0.0,-0.0052392814327969,0.2763157894736842,0.0,-18.37,12.65,39.53,0.0,0.0,0.0,0.0,0.0,0.0,2.89,199.3127147766324,0.0,1,0,0,0
2024-08-15,0.0,-0.0052682277390554,0.2894736842105262,0.0,-18.37,12.65,39.53,0.0,0.0,0.0,0.0,0.0,0.0,2.89,199.3127147766324,0.0,0,0,0,0
2024-08-16,0.0,-0.0053743641953368,0.3157894736842105,0.0,-18.37,12.65,39.53,0.0,0.0,0.0,0.0,0.0,0.0,2.89,199.3127147766324,0.0,0,0,0,0
2024-08-19,0.0,-0.0054612031141124,0.3421052631578947,0.0,-18.37,12.65,39.53,0.0,0.0,0.0,0.0,0.0,0.0,2.89,199.3127147766324,0.0,0,0,0,0
2024-08-20,0.0,-0.0053743641953368,0.3157894736842105,0.0,-18.37,12.65,39.53,0.0,0.0,0.0,0.0,0.0,0.0,2.89,199.3127147766324,0.0,0,0,0,0
2024-08-21,0.0,-0.0052682277390554,0.2894736842105262,0.0,-18.37,12.65,39.53,0.0,0.0,0.0,0.0,0.0,0.0,2.89,199.3127147766324,0.0,0,0,0,0
2024-08-22,0.0,-0.0052875252765611,0.2894736842105262,0.0,-18.37,12.65,39.53,0.0,0.0,0.0,0.0,0.0,0.0,2.89,199.3127147766324,0.0,0,0,0,0
2024-08-23,0.0,-0.0052199838952912,0.2763157894736842,0.0,-18.37,12.65,39.53,0.0,0.0,0.0,0.0,0.0,0.0,2.89,199.3127147766324,0.0,0,0,0,0
2024-08-26,0.0,-0.0051910375890326,0.263157894736842,0.0,-18.37,12.65,39.53,0.0,0.0,0.0,0.0,0.0,0.0,2.89,199.3127147766324,0.0,0,0,0,0
2024-08-27,0.0,-0.0051331449765155,0.2499999999999999,0.0,-18.37,12.65,39.53,0.0,0.0,0.0,0.0,0.0,0.0,2.89,199.3127147766324,0.0,0,0,0,0
2024-08-28,0.0,-0.0051620912827741,0.263157894736842,0.0,-18.37,12.65,39.53,0.0,0.0,0.0,0.0,0.0,0.0,2.89,199.3127147766324,0.0,0,0,0,0
2024-08-29,0.0,-0.0051524425140212,0.263157894736842,0.0,-18.37,12.65,39.53,0.0,0.0,0.0,0.0,0.0,0.0,2.89,199.3127147766324,0.0,0,0,0,0
2024-08-30,0.0,-0.0050849011327513,0.2368421052631578,0.0,-18.37,12.65,39.53,0.0,0.0,0.0,0.0,0.0,0.0,2.89,199.3127147766324,0.0,0,0,0,0
2024-09-02,0.0,-0.00497876467647,0.2105263157894736,0.0,-18.37,12.65,39.53,0.0,0.0,0.0,0.0,0.0,0.0,2.89,199.3127147766324,0.0,0,0,0,0
2024-09-03,0.0,-0.0048243843764244,0.1710526315789473,0.0,-18.37,12.65,39.53,0.0,0.0,0.0,0.0,0.0,0.0,2.89,199.3127147766324,0.0,0,0,0,0
2024-09-04,0.0,-0.0045879895419796,0.1184210526315789,0.0,-18.37,12.65,39.53,0.0,0.0,0.0,0.0,0.0,0.0,2.89,199.3127147766324,0.0,0,0,0,0
2024-09-05,0.0,-0.0044384336263104,0.0789473684210525,0.0,-18.37,12.65,39.53,0.0,0.0,0.0,0.0,0.0,0.0,2.89,199.3127147766324,0.0,0,0,0,0
2024-09-06,0.0,-0.0044818530856982,0.0921052631578946,0.0,-18.37,12.65,39.53,0.0,0.0,0.0,0.0,0.0,0.0,2.89,199.3127147766324,0.0,0,0,0,0
2024-09-09,0.0,-0.0044432580106868,0.0789473684210525,0.0,2.07,8.83,35.24,0.0,0.0,0.0,0.0,0.0,0.0,2.89,199.3127147766324,0.0,0,0,0,0
2024-09-10,0.0,-0.0042937020950177,0.0394736842105262,0.0,2.07,8.83,35.24,0.0,0.0,0.0,0.0,0.0,0.0,2.89,199.3127147766324,0.0,1,1,0,0
2024-09-11,0.0,-0.0043515947075348,0.0526315789473683,0.0,2.07,8.83,35.24,0.0,0.0,0.0,0.0,0.0,0.0,2.89,199.3127147766324,0.0,1,1,0,0
2024-09-12,0.0,-0.0045300969294625,0.1052631578947368,0.0,2.07,8.83,35.24,0.0,0.0,0.0,0.0,0.0,0.0,2.89,199.3127147766324,0.0,0,0,0,0
2024-09-13,0.0,-0.004467379932569,0.0921052631578946,0.0,2.07,8.83,35.24,0.0,0.0,0.0,0.0,0.0,0.0,2.89,199.3127147766324,0.0,1,0,0,0
2024-09-16,0.0,-0.0044963262388275,0.0921052631578946,0.0,2.07,8.83,35.24,0.0,0.0,0.0,0.0,0.0,0.0,2.89,199.3127147766324,0.0,0,0,0,0
2024-09-18,0.0,-0.0043612434762876,0.0526315789473683,0.0,2.07,8.83,35.24,0.0,0.0,0.0,0.0,0.0,0.0,2.89,199.3127147766324,0.0,1,0,0,0
2024-09-19,0.0,-0.0043660678606641,0.0657894736842104,0.0,2.07,8.83,35.24,0.0,0.0,0.0,0.0,0.0,0.0,2.89,199.3127147766324,0.0,1,0,0,0
2024-09-20,0.0,-0.0044191360888047,0.0789473684210525,0.0,2.07,8.83,35.24,0.0,0.0,0.0,0.0,0.0,0.0,2.89,199.3127147766324,0.0,1,0,0,0
2024-09-23,0.0,-0.0045011506232039,0.0921052631578946,0.0,2.07,8.83,35.24,0.0,0.0,0.0,0.0,0.0,0.0,2.89,199.3127147766324,0.0,0,0,0,0
2024-09-24,0.0,-0.0044722043169454,0.0921052631578946,0.0,2.07,8.83,35.24,0.0,0.0,0.0,0.0,0.0,0.0,2.89,199.3127147766324,0.0,0,0,0,0
2024-09-25,0.0,-0.0045638676200975,0.1052631578947368,0.0,2.07,8.83,35.24,0.0,0.0,0.0,0.0,0.0,0.0,2.89,199.3127147766324,0.0,0,0,0,0
2024-09-26,0.0,-0.0045638676200975,0.1052631578947368,0.0,2.07,8.83,35.24,0.0,0.0,0.0,0.0,0.0,0.0,2.89,199.3127147766324,0.0,0,0,0,0
2024-09-27,0.0,-0.0046458821544967,0.131578947368421,0.0,2.07,8.83,35.24,0.0,0.0,0.0,0.0,0.0,0.0,2.89,199.3127147766324,0.0,0,0,0,0
2024-09-30,0.0,-0.0045686920044739,0.131578947368421,0.0,2.07,8.83,35.24,0.0,0.0,0.0,0.0,0.0,0.0,2.89,199.3127147766324,0.0,0,0,0,0
2024-10-01,0.0,-0.0044625555481925,0.1052631578947368,0.0,2.07,8.83,35.24,0.0,0.0,0.0,0.0,0.0,0.0,2.89,199.3127147766324,0.0,0,0,0,0
2024-10-04,0.0,-0.0043901897825462,0.0921052631578946,0.0,2.07,8.83,35.24,0.0,0.0,0.0,0.0,0.0,0.0,2.89,199.3127147766324,0.0,0,0,0,0
2024-10-07,0.0,-0.0043564190919112,0.0789473684210525,0.0,-7.76,-5.12,30.06,0.0,0.0,0.0,0.0,0.0,0.0,2.89,199.3127147766324,0.0,0,0,0,0
2024-10-08,0.0,-0.0042840533262648,0.0657894736842104,0.0,-7.76,-5.12,30.06,0.0,0.0,0.0,0.0,0.0,0.0,2.89,199.3127147766324,0.0,0,0,0,0
2024-10-09,0.0,-0.0041972144074892,0.0394736842105262,0.0,-7.76,-5.12,30.06,0.0,0.0,0.0,0.0,0.0,0.0,2.89,199.3127147766324,0.0,0,0,0,0
2024-10-11,0.0,-0.0041007267199607,0.0131578947368421,0.0,-7.76,-5.12,30.06,0.0,0.0,0.0,0.0,0.0,0.0,2.89,199.3127147766324,0.0,1,0,0,0
2024-10-14,0.0,-0.0042261607137477,0.0394736842105262,0.0,-7.76,-5.12,30.06,0.0,0.0,0.0,0.0,0.0,0.0,2.89,199.3127147766324,0.0,0,0,0,0
2024-10-15,0.0,-0.0042502826356299,0.0526315789473683,0.0,-7.76,-5.12,30.06,0.0,0.0,0.0,0.0,0.0,0.0,2.89,199.3127147766324,0.0,0,0,0,0
2024-10-16,0.0,-0.00411519987309,0.0131578947368421,0.0,-7.76,-5.12,30.06,0.0,0.0,0.0,0.0,0.0,0.0,2.89,199.3127147766324,0.0,1,0,0,0
2024-10-17,0.0,-0.004274404557512,0.0526315789473683,0.0,-7.76,-5.12,30.06,0.0,0.0,0.0,0.0,0.0,0.0,2.89,199.3127147766324,0.0,0,0,0,0
2024-10-18,0.0,-0.0042309850981242,0.0394736842105262,0.0,-7.76,-5.12,30.06,0.0,0.0,0.0,0.0,0.0,0.0,2.89,199.3127147766324,0.0,0,0,0,0
2024-10-21,0.0,-0.0043033508637705,0.0657894736842104,0.0,-7.76,-5.12,30.06,0.0,0.0,0.0,0.0,0.0,0.0,2.89,199.3127147766324,0.0,0,0,0,0
2024-10-22,0.0,-0.0042647557887591,0.0526315789473683,0.0,-7.76,-5.12,30.06,0.0,0.0,0.0,0.0,0.0,0.0,2.89,199.3127147766324,0.0,0,0,0,0
2024-10-23,0.0,-0.0042116875606185,0.0394736842105262,0.0,-7.76,-5.12,30.06,0.0,0.0,0.0,0.0,0.0,0.0,2.89,199.3127147766324,0.0,0,0,0,0
2024-10-24,0.0,-0.0041393217949721,0.0263157894736842,0.0,-7.76,-5.12,30.06,0.0,0.0,0.0,0.0,0.0,0.0,2.89,199.3127147766324,0.0,0,0,0,0
2024-10-25,0.0,-0.0041537949481014,0.0263157894736842,0.0,-7.76,-5.12,30.06,0.0,0.0,0.0,0.0,0.0,0.0,2.89,199.3127147766324,0.0,0,0,0,0
2024-10-28,0.0,-0.0041827412543599,0.0394736842105262,0.0,-7.76,-5.12,30.06,0.0,0.0,0.0,0.0,0.0,0.0,2.89,199.3127147766324,0.0,0,0,0,0
2024-10-29,0.0,-0.004081429182455,0.0131578947368421,0.0,-7.76,-5.12,30.06,0.0,0.0,0.0,0.0,0.0,0.0,2.89,199.3127147766324,0.0,0,0,0,0
2024-10-30,0.0,-0.004081429182455,0.0131578947368421,0.0,-7.76,-5.12,30.06,0.0,0.0,0.0,0.0,0.0,0.0,2.89,199.3127147766324,0.0,0,0,0,0
2024-11-01,0.0,-0.0039994146480558,0.0,0.0,-7.76,-5.12,30.06,0.0,0.0,0.0,0.0,0.0,0.0,2.89,199.3127147766324,0.0,0,0,0,0
2024-11-04,0.0,-0.0038788050386452,0.0,0.0,-7.76,-5.12,30.06,0.0,0.0,0.0,0.0,0.0,0.0,2.89,199.3127147766324,0.0,0,0,0,0
2024-11-05,0.0,-0.0038643318855159,0.0,0.0,-7.76,-5.12,30.06,0.0,0.0,0.0,0.0,0.0,0.0,2.89,199.3127147766324,0.0,0,0,0,0
2024-11-06,0.0,-0.0039318732667859,0.025,0.0,-7.76,-5.12,30.06,0.0,0.0,0.0,0.0,0.0,0.0,2.89,199.3127147766324,0.0,0,0,0,0
2024-11-07,0.0,-0.0040573072605729,0.05,0.0,-15.58,-18.21,24.66,0.0,0.0,0.0,0.0,0.0,0.0,2.89,199.3127147766324,0.0,0,0,0,0
2024-11-08,0.0,-0.0039270488824094,0.025,0.0,-15.58,-18.21,24.66,0.0,0.0,0.0,0.0,0.0,0.0,2.89,199.3127147766324,0.0,0,0,0,0
2024-11-11,0.0,-0.0038981025761509,0.0125,0.0,-15.58,-18.21,24.66,0.0,0.0,0.0,0.0,0.0,0.0,2.89,199.3127147766324,0.0,0,0,0,0
2024-11-12,0.0,-0.003763019813611,0.0,0.0,-15.58,-18.21,24.66,0.0,0.0,0.0,0.0,0.0,0.0,2.89,199.3127147766324,0.0,0,0,0,0
2024-11-13,0.0,-0.0036810052792118,0.0,0.0,-15.58,-18.21,24.66,0.0,0.0,0.0,0.0,0.0,0.0,2.89,199.3127147766324,0.0,0,0,0,0
2024-11-14,0.0,9.59832243818624,0.0,0.0,-15.58,-18.21,24.66,0.0,0.0,0.0,0.0,0.0,0.0,3.24,12.110726643598618,0.0,0,0,0,0
2024-11-15,0.0,9.767627990013134,0.0232558139534883,0.0,-15.58,-18.21,24.66,0.0,0.0,0.0,0.0,0.0,0.0,3.24,12.110726643598618,0.0,0,0,0,0
2024-11-18,0.0,9.702510470079714,0.0116279069767441,0.0,-15.58,-18.21,24.66,0.0,0.0,0.0,0.0,0.0,0.0,3.24,12.110726643598618,0.0,0,0,0,0
2024-11-19,0.0,9.650416454132976,0.0116279069767441,0.0,-15.58,-18.21,24.66,0.0,0.0,0.0,0.0,0.0,0.0,3.24,12.110726643598618,0.0,0,0,0,0
2024-11-20,0.0,9.44204039034603,0.0,0.0,-15.58,-18.21,24.66,0.0,0.0,0.0,0.0,0.0,0.0,3.24,12.110726643598618,0.0,0,0,0,0
2024-11-21,0.0,9.5462284222395,0.0114942528735631,0.0,-15.58,-18.21,24.66,0.0,0.0,0.0,0.0,0.0,0.0,3.24,12.110726643598618,0.0,0,0,0,0
2024-11-22,0.0,9.337852358452556,0.0,0.0,-15.58,-18.21,24.66,0.0,0.0,0.0,0.0,0.0,0.0,3.24,12.110726643598618,0.0,0,0,0,0
2024-11-25,0.0,9.455063894332714,0.0113636363636363,0.0,-15.58,-18.21,24.66,0.0,0.0,0.0,0.0,0.0,0.0,3.24,12.110726643598618,0.0,0,0,0,0
2024-11-26,0.0,9.32482885446587,0.0,0.0,-15.58,-18.21,24.66,0.0,0.0,0.0,0.0,0.0,0.0,3.24,12.110726643598618,0.0,0,0,0,0
2024-11-27,0.0,9.103429286692242,0.0,0.0,-15.58,-18.21,24.66,0.0,0.0,0.0,0.0,0.0,0.0,3.24,12.110726643598618,0.0,0,0,0,0
2024-11-28,0.0,8.790865191011822,0.0,0.0,-15.58,-18.21,24.66,0.0,0.0,0.0,0.0,0.0,0.0,3.24,12.110726643598618,0.0,0,0,0,0
2024-11-29,0.0,8.712724167091716,0.0,0.0,-15.58,-18.21,24.66,0.0,0.0,0.0,0.0,0.0,0.0,3.24,12.110726643598618,0.0,0,0,0,0
2024-12-02,0.0,8.608536135198243,0.0,0.0,-15.58,-18.21,24.66,0.0,0.0,0.0,0.0,0.0,0.0,3.24,12.110726643598618,0.0,0,0,0,0
2024-12-03,0.0,8.803888694998504,0.021505376344086,0.0,-15.58,-18.21,24.66,0.0,0.0,0.0,0.0,0.0,0.0,3.24,12.110726643598618,0.0,0,0,0,0
2024-12-04,0.0,8.660630151144979,0.010752688172043,0.0,-15.58,-18.21,24.66,0.0,0.0,0.0,0.0,0.0,0.0,3.24,12.110726643598618,0.0,0,0,0,0
2024-12-05,0.0,8.595512631211559,0.0,0.0,-15.58,-18.21,24.66,0.0,0.0,0.0,0.0,0.0,0.0,3.24,12.110726643598618,0.0,0,0,0,0
2024-12-06,0.0,8.634583143171609,0.0,0.0,-15.58,-18.21,24.66,0.0,0.0,0.0,0.0,0.0,0.0,3.24,12.110726643598618,0.0,0,0,0,0
2024-12-09,0.0,8.465277591344716,0.0,0.0,0.23,-23.89,19.44,0.0,0.0,0.0,0.0,0.0,0.0,3.24,12.110726643598618,0.0,0,0,0,0
2024-12-10,0.0,8.413183575397978,0.0,0.0,0.23,-23.89,19.44,0.0,0.0,0.0,0.0,0.0,0.0,3.24,12.110726643598618,0.0,0,0,0,1
2024-12-11,0.0,7.944337431877348,0.0,0.0,0.23,-23.89,19.44,0.0,0.0,0.0,0.0,0.0,0.0,3.24,12.110726643598618,0.0,1,0,0,1
2024-12-12,0.0,8.04852546377082,0.010204081632653,0.0,0.23,-23.89,19.44,0.0,0.0,0.0,0.0,0.0,0.0,3.24,12.110726643598618,0.0,0,0,0,1
2024-12-13,0.0,7.657820344170297,0.0,0.0,0.23,-23.89,19.44,0.0,0.0,0.0,0.0,0.0,0.0,3.24,12.110726643598618,0.0,1,0,1,1
2024-12-16,0.0,7.501538296330088,0.0,0.0,0.23,-23.89,19.44,0.0,0.0,0.0,0.0,0.0,0.0,3.24,12.110726643598618,0.0,1,1,1,1
2024-12-17,0.0,8.00945495181077,0.0396039603960395,0.0,0.23,-23.89,19.44,0.0,0.0,0.0,0.0,0.0,0.0,3.24,12.110726643598618,0.0,0,0,0,1
2024-12-18,0.0,8.387136567424612,0.0693069306930692,0.0,0.23,-23.89,19.44,0.0,0.0,0.0,0.0,0.0,0.0,3.24,12.110726643598618,0.0,0,0,0,1
2024-12-19,0.0,8.295972039517821,0.0594059405940593,0.0,0.23,-23.89,19.44,0.0,0.0,0.0,0.0,0.0,0.0,3.24,12.110726643598618,0.0,0,0,0,1
2024-12-20,0.0,7.918290423903981,0.0297029702970296,0.0,0.23,-23.89,19.44,0.0,0.0,0.0,0.0,0.0,0.0,3.24,12.110726643598618,0.0,0,0,1,1
2024-12-23,0.0,8.07457247174419,0.0396039603960395,0.0,0.23,-23.89,19.44,0.0,0.0,0.0,0.0,0.0,0.0,3.24,12.110726643598618,0.0,0,0,0,1
2024-12-24,0.0,8.308995543504505,0.0594059405940593,0.0,0.23,-23.89,19.44,0.0,0.0,0.0,0.0,0.0,0.0,3.24,12.110726643598618,0.0,0,0,0,1
2024-12-25,0.0,8.126666487690926,0.0495049504950494,0.0,0.23,-23.89,19.44,0.0,0.0,0.0,0.0,0.0,0.0,3.24,12.110726643598618,0.0,0,0,1,1
2024-12-26,0.0,7.996431447824085,0.0396039603960395,0.0,0.23,-23.89,19.44,0.0,0.0,0.0,0.0,0.0,0.0,3.24,12.110726643598618,0.0,0,0,1,1
2024-12-27,0.0,8.022478455797454,0.0396039603960395,0.0,0.23,-23.89,19.44,0.0,0.0,0.0,0.0,0.0,0.0,3.24,12.110726643598618,0.0,0,0,1,1
2024-12-30,0.0,7.748984872077086,0.0198019801980198,0.0,0.23,-23.89,19.44,0.0,0.0,0.0,0.0,0.0,0.0,3.24,12.110726643598618,0.0,0,0,1,1
2024-12-31,0.0,7.618749832210244,0.0099009900990099,0.0,0.23,-23.89,19.44,0.0,0.0,0.0,0.0,0.0,0.0,3.24,12.110726643598618,0.0,0,0,1,1
2025-01-02,0.0,7.410373768423297,0.0,0.0,0.23,-23.89,19.44,0.0,0.0,0.0,0.0,0.0,0.0,3.24,12.110726643598618,0.0,0,0,1,1
2025-01-03,0.0,7.201997704636351,0.0,0.0,0.23,-23.89,19.44,0.0,0.0,0.0,0.0,0.0,0.0,3.24,12.110726643598618,0.0,0,1,1,1
2025-01-06,0.0,7.188974200649667,0.0,0.0,0.23,-23.89,19.44,0.0,0.0,0.0,0.0,0.0,0.0,3.24,12.110726643598618,0.0,0,1,1,1
2025-01-07,0.0,7.397350264436612,0.0,0.0,0.83,-30.25,14.18,0.0,0.0,0.0,0.0,0.0,0.0,3.24,12.110726643598618,0.0,0,0,1,1
2025-01-08,0.0,7.149903688689614,0.0,0.0,0.83,-30.25,14.18,0.0,0.0,0.0,0.0,0.0,0.0,3.24,12.110726643598618,0.0,1,1,1,1
2025-01-09,0.0,6.707104553142352,0.0,0.0,0.83,-30.25,14.18,0.0,0.0,0.0,0.0,0.0,0.0,3.24,12.110726643598618,0.0,1,1,1,1
2025-01-10,0.0,6.759198569089089,0.0,0.0,0.83,-30.25,14.18,0.0,0.0,0.0,0.0,0.0,0.0,3.24,12.110726643598618,0.0,1,1,1,1
2025-01-13,0.0,6.615940025235562,0.0,0.0,0.83,-30.25,14.18,0.0,0.0,0.0,0.0,0.0,0.0,3.24,12.110726643598618,0.0,1,1,1,1
2025-01-14,0.0,6.941527624902666,0.0,0.0,0.83,-30.25,14.18,0.0,0.0,0.0,0.0,0.0,0.0,3.24,12.110726643598618,0.0,1,1,1,1
2025-01-15,0.0,7.29316223254314,0.0,0.0,0.83,-30.25,14.18,0.0,0.0,0.0,0.0,0.0,0.0,3.24,12.110726643598618,0.0,1,1,1,1
2025-01-16,0.0,7.514561800316772,0.0,0.0,0.83,-30.25,14.18,0.0,0.0,0.0,0.0,0.0,0.0,3.24,12.110726643598618,0.0,0,1,1,1
2025-01-17,0.0,7.696890856130349,0.0,0.0,0.83,-30.25,14.18,0.0,0.0,0.0,0.0,0.0,0.0,3.24,12.110726643598618,0.0,0,1,1,1
2025-01-20,0.0,8.022478455797454,0.0,0.0,0.83,-30.25,14.18,0.0,0.0,0.0,0.0,0.0,0.0,3.24,12.110726643598618,0.0,0,1,1,1
2025-01-21,0.0,7.814102392010507,0.0,0.0,0.83,-30.25,14.18,0.0,0.0,0.0,0.0,0.0,0.0,3.24,12.110726643598618,0.0,0,1,1,1
2025-01-22,0.0,7.840149399983876,0.0,0.0,0.83,-30.25,14.18,0.0,0.0,0.0,0.0,0.0,0.0,3.24,12.110726643598618,0.0,0,1,1,1
2025-02-03,0.0,7.280138728556455,0.0,0.0,0.83,-30.25,14.18,0.0,0.0,0.0,0.0,0.0,0.0,3.24,12.110726643598618,0.0,1,1,1,1
2025-02-04,0.0,7.097809672742878,0.0,0.0,0.83,-30.25,14.18,0.0,0.0,0.0,0.0,0.0,0.0,3.24,12.110726643598618,0.0,1,1,1,1
2025-02-05,0.0,7.162927192676298,0.0,0.0,0.83,-30.25,14.18,0.0,0.0,0.0,0.0,0.0,0.0,3.24,12.110726643598618,0.0,1,1,1,1
2025-02-06,0.0,7.228044712609719,0.0,0.0,0.83,-30.25,14.18,0.0,0.0,0.0,0.0,0.0,0.0,3.24,12.110726643598618,0.0,1,1,1,1
2025-02-07,0.0,7.501538296330088,0.0,0.0,0.83,-30.25,14.18,0.0,0.0,0.0,0.0,0.0,0.0,3.24,12.110726643598618,0.0,1,1,1,1
2025-02-10,0.0,7.29316223254314,0.0,0.0,-1.96,-29.35,-29.35,0.0,0.0,0.0,0.0,0.0,0.0,3.24,12.110726643598618,0.0,1,1,1,1
2025-02-11,0.0,7.188974200649667,0.0,0.0,-1.96,-29.35,-29.35,0.0,0.0,0.0,0.0,0.0,0.0,3.24,12.110726643598618,0.0,1,1,1,1
2025-02-12,0.0,7.267115224569772,0.0,0.0,-1.96,-29.35,-29.35,0.0,0.0,0.0,0.0,0.0,0.0,3.24,12.110726643598618,0.0,1,1,1,1
2025-02-13,0.0,7.983407943837401,0.0,0.0,-1.96,-29.35,-29.35,0.0,0.0,0.0,0.0,0.0,0.0,3.24,12.110726643598618,0.0,1,1,1,1
2025-02-14,0.0,0.9101725163593104,0.0,0.0,-1.96,-29.35,-29.35,0.0,0.0,0.0,0.0,0.0,0.0,-10.56,-425.925925925926,0.0,1,1,1,1
2025-02-17,0.0,0.967938883496666,0.0,0.0,-1.96,-29.35,-29.35,0.0,0.0,0.0,0.0,0.0,0.0,-10.56,-425.925925925926,0.0,1,1,1,1
2025-02-18,0.0,1.0031622780926146,0.0,0.0,-1.96,-29.35,-29.35,0.0,0.0,0.0,0.0,0.0,0.0,-10.56,-425.925925925926,0.0,1,1,1,1
2025-02-19,0.0,1.1031967187451084,0.0,0.0,-1.96,-29.35,-29.35,0.0,0.0,0.0,0.0,0.0,0.0,-10.56,-425.925925925926,0.0,1,1,0,0
2025-02-20,0.0,1.0933341682582427,0.0,0.0,-1.96,-29.35,-29.35,0.0,0.0,0.0,0.0,0.0,0.0,-10.56,-425.925925925926,0.0,1,1,0,0
2025-02-21,0.0,1.1680077648016538,0.0,0.0,-1.96,-29.35,-29.35,0.0,0.0,0.0,0.0,0.0,0.0,-10.56,-425.925925925926,0.0,0,0,0,0
2025-02-24,0.0,1.1511005353955983,0.0,0.0,-1.96,-29.35,-29.35,0.0,0.0,0.0,0.0,0.0,0.0,-10.56,-425.925925925926,0.0,0,0,0,0
2025-02-25,0.0,1.208866902532954,0.0,0.0,-1.96,-29.35,-29.35,0.0,0.0,0.0,0.0,0.0,0.0,-10.56,-425.925925925926,0.0,0,0,0,0
2025-02-26,0.0,1.1665988290178158,0.0,0.0,-1.96,-29.35,-29.35,0.0,0.0,0.0,0.0,0.0,0.0,-10.56,-425.925925925926,0.0,0,0,0,0
2025-02-27,0.0,1.089107360906729,0.0,0.0,-1.96,-29.35,-29.35,0.0,0.0,0.0,0.0,0.0,0.0,-10.56,-425.925925925926,0.0,1,1,0,1
2025-03-03,0.0,1.063746516797646,0.0,0.0,-1.96,-29.35,-29.35,0.0,0.0,0.0,0.0,0.0,0.0,-10.56,-425.925925925926,0.0,1,1,1,1
2025-03-04,0.0,1.0736090672845116,0.0,0.0,-1.96,-29.35,-29.35,0.0,0.0,0.0,0.0,0.0,0.0,-10.56,-425.925925925926,0.0,1,1,0,1
2025-03-05,0.0,1.0792448104198633,0.0,0.0,-1.96,-29.35,-29.35,0.0,0.0,0.0,0.0,0.0,0.0,-10.56,-425.925925925926,0.0,1,1,0,1
2025-03-06,0.0,1.036976736904725,0.0,0.0,-1.96,-29.35,-29.35,0.0,0.0,0.0,0.0,0.0,0.0,-10.56,-425.925925925926,0.0,1,1,1,1
2025-03-07,0.0,1.1257396912865154,0.0,0.0,-1.96,-29.35,-29.35,0.0,0.0,0.0,0.0,0.0,0.0,-10.56,-425.925925925926,0.0,1,1,0,0
2025-03-10,0.0,1.10883246188046,0.0,0.0,5.1,-25.51,-27.43,0.0,0.0,0.0,0.0,0.0,0.0,-10.56,-425.925925925926,0.0,1,1,0,1
2025-03-11,0.0,1.070791195716836,0.0,0.0,5.1,-25.51,-27.43,0.0,0.0,0.0,0.0,0.0,0.0,-10.56,-425.925925925926,0.0,1,1,0,1
2025-03-12,0.0,1.142646920692571,0.0,0.0,5.1,-25.51,-27.43,0.0,0.0,0.0,0.0,0.0,0.0,-10.56,-425.925925925926,0.0,1,0,0,0
2025-03-13,0.0,1.1722345721531675,0.0,0.0,5.1,-25.51,-27.43,0.0,0.0,0.0,0.0,0.0,0.0,-10.56,-425.925925925926,0.0,1,0,0,0
2025-03-14,0.0,1.2116847741006298,0.0,0.0,5.1,-25.51,-27.43,0.0,0.0,0.0,0.0,0.0,0.0,-10.56,-425.925925925926,0.0,0,0,0,0
2025-03-17,0.0,1.1961864804784128,0.0,0.0,5.1,-25.51,-27.43,0.0,0.0,0.0,0.0,0.0,0.0,-10.56,-425.925925925926,0.0,0,0,0,0
2025-03-18,0.0,1.165189893233978,0.0,0.0,5.1,-25.51,-27.43,0.0,0.0,0.0,0.0,0.0,0.0,-10.56,-425.925925925926,0.0,0,0,0,0
2025-03-19,0.0,1.1905507373430608,0.0,0.0,5.1,-25.51,-27.43,0.0,0.0,0.0,0.0,0.0,0.0,-10.56,-425.925925925926,0.0,0,0,0,0
2025-03-20,0.0,1.2976298569147442,0.0,0.0,5.1,-25.51,-27.43,0.0,0.0,0.0,0.0,0.0,0.0,-10.56,-425.925925925926,0.0,0,0,0,0
2025-03-21,0.0,1.256770719183444,0.0,0.0,5.1,-25.51,-27.43,0.0,0.0,0.0,0.0,0.0,0.0,-10.56,-425.925925925926,0.0,0,0,0,0
2025-03-24,0.0,1.1919596731268989,0.0,0.0,5.1,-25.51,-27.43,0.0,0.0,0.0,0.0,0.0,0.0,-10.56,-425.925925925926,0.0,0,0,0,0
2025-03-25,0.0,1.1454647922602466,0.0,0.0,5.1,-25.51,-27.43,0.0,0.0,0.0,0.0,0.0,0.0,-10.56,-425.925925925926,0.0,0,0,0,1
2025-03-26,0.0,1.1750524437208436,0.0,0.0,5.1,-25.51,-27.43,0.0,0.0,0.0,0.0,0.0,0.0,-10.56,-425.925925925926,0.0,0,0,0,1
2025-03-27,0.0,1.1835060584238712,0.0,0.0,5.1,-25.51,-27.43,0.0,0.0,0.0,0.0,0.0,0.0,-10.56,-425.925925925926,0.0,0,0,0,1
2025-03-28,0.0,1.1356022417733809,0.0,0.0,5.1,-25.51,-27.43,0.0,0.0,0.0,0.0,0.0,0.0,-10.56,-425.925925925926,0.0,0,0,0,1
2025-03-31,0.0,1.0538839663107806,0.0,0.0,5.1,-25.51,-27.43,0.0,0.0,0.0,0.0,0.0,0.0,-10.56,-425.925925925926,0.0,0,0,1,1
2025-04-01,0.0,1.0792448104198633,0.0,0.0,5.1,-25.51,-27.43,0.0,0.0,0.0,0.0,0.0,0.0,-10.56,-425.925925925926,0.0,0,0,0,1
2025-04-02,0.0,1.158145214314788,0.0,0.0,5.1,-25.51,-27.43,0.0,0.0,0.0,0.0,0.0,0.0,-10.56,-425.925925925926,0.0,0,0,0,1
2025-04-07,0.0,1.042612480040077,0.0,0.0,5.1,-25.51,-27.43,0.0,0.0,0.0,0.0,0.0,0.0,-10.56,-425.925925925926,0.0,0,0,1,1
2025-04-08,0.0,0.9453959109552588,0.0,0.0,5.1,-25.51,-27.43,0.0,0.0,0.0,0.0,0.0,0.0,-10.56,-425.925925925926,0.0,1,1,1,1
2025-04-09,0.0,0.8509972134381167,0.0,0.0,5.1,-25.51,-27.43,0.0,0.0,0.0,0.0,0.0,0.0,-10.56,-425.925925925926,0.0,1,1,1,1
2025-04-10,0.0,0.9355333604683936,0.0,0.0,21.12,-18.83,-24.36,0.0,0.0,0.0,0.0,0.0,0.0,-10.56,-425.925925925926,0.0,1,1,1,1
2025-04-11,0.0,0.9298976173330415,0.0,0.0,21.12,-18.83,-24.36,0.0,0.0,0.0,0.0,0.0,0.0,-10.56,-425.925925925926,0.0,1,1,1,1
2025-04-14,0.0,0.9918907918219112,0.0,0.0,21.12,-18.83,-24.36,0.0,0.0,0.0,0.0,0.0,0.0,-10.56,-425.925925925926,0.0,1,1,1,1
2025-04-15,0.0,0.9735746266320178,0.0,0.0,21.12,-18.83,-24.36,0.0,0.0,0.0,0.0,0.0,0.0,-10.56,-425.925925925926,0.0,1,1,1,1
2025-04-16,0.0,0.922852938413852,0.0,0.0,21.12,-18.83,-24.36,0.0,0.0,0.0,0.0,0.0,0.0,-10.56,-425.925925925926,0.0,1,1,1,1
2025-04-17,0.0,0.9045367732239586,0.0,0.0,21.12,-18.83,-24.36,0.0,0.0,0.0,0.0,0.0,0.0,-10.56,-425.925925925926,0.0,1,1,1,1
2025-04-18,0.0,0.9947086633895867,0.0,0.0,21.12,-18.83,-24.36,0.0,0.0,0.0,0.0,0.0,0.0,-10.56,-425.925925925926,0.0,1,1,1,1
2025-04-21,0.0,1.0933341682582427,0.0,0.0,21.12,-18.83,-24.36,0.0,0.0,0.0,0.0,0.0,0.0,-10.56,-425.925925925926,0.0,0,0,1,1
2025-04-22,0.0,1.10883246188046,0.0,0.0,21.12,-18.83,-24.36,0.0,0.0,0.0,0.0,0.0,0.0,-10.56,-425.925925925926,0.0,0,0,1,1
2025-04-23,0.0,1.0876984251228912,0.0,0.0,21.12,-18.83,-24.36,0.0,0.0,0.0,0.0,0.0,0.0,-10.56,-425.925925925926,0.0,0,1,1,1
2025-04-24,0.0,1.0538839663107806,0.0,0.0,21.12,-18.83,-24.36,0.0,0.0,0.0,0.0,0.0,0.0,-10.56,-425.925925925926,0.0,0,1,1,1
2025-04-25,0.0,1.042612480040077,0.0,0.0,21.12,-18.83,-24.36,0.0,0.0,0.0,0.0,0.0,0.0,-10.56,-425.925925925926,0.0,0,1,1,1
2025-04-28,0.0,1.0454303516077528,0.0,0.0,21.12,-18.83,-24.36,0.0,0.0,0.0,0.0,0.0,0.0,-10.56,-425.925925925926,0.0,0,1,1,1
2025-04-29,0.0,1.0482482231754289,0.0,0.0,21.12,-18.83,-24.36,0.0,0.0,0.0,0.0,0.0,0.0,-10.56,-425.925925925926,0.0,0,1,1,1
2025-04-30,0.0,1.014433764363318,0.0,0.0,21.12,-18.83,-24.36,0.0,0.0,0.0,0.0,0.0,0.0,-10.56,-425.925925925926,0.0,1,1,1,1
2025-05-02,0.0,1.0045712138764524,0.0,0.0,21.12,-18.83,-24.36,0.0,0.0,0.0,0.0,0.0,0.0,-10.56,-425.925925925926,0.0,1,1,1,1
2025-05-05,0.0,0.96512101192899,0.0,0.0,21.12,-18.83,-24.36,0.0,0.0,0.0,0.0,0.0,0.0,-10.56,-425.925925925926,0.0,1,1,1,1
2025-05-06,0.0,0.9975265349572628,0.0,0.0,21.12,-18.83,-24.36,0.0,0.0,0.0,0.0,0.0,0.0,-10.56,-425.925925925926,0.0,1,1,1,1
2025-05-07,0.0,0.9763924981996936,0.0,0.0,21.12,-18.83,-24.36,0.0,0.0,0.0,0.0,0.0,0.0,-10.56,-425.925925925926,0.0,1,1,1,1
2025-05-08,0.0,0.9848461129027214,0.0,0.0,21.12,-18.83,-24.36,0.0,0.0,0.0,0.0,0.0,0.0,-10.56,-425.925925925926,0.0,1,1,1,1
2025-05-09,0.0,0.967938883496666,0.0,0.0,21.12,-18.83,-24.36,0.0,0.0,0.0,0.0,0.0,0.0,-10.56,-425.925925925926,0.0,1,1,1,1
2025-05-12,0.0,1.0482482231754289,0.0,0.0,13.29,-2.73,-18.9,0.0,0.0,0.0,0.0,0.0,0.0,-10.56,-425.925925925926,0.0,1,1,1,1
2025-05-13,0.0,1.1525094711794364,0.0,0.0,13.29,-2.73,-18.9,0.0,0.0,0.0,0.0,0.0,0.0,-10.56,-425.925925925926,0.0,1,1,1,1
2025-05-14,0.0,1.2666332696703098,0.0,0.0,13.29,-2.73,-18.9,0.0,0.0,0.0,0.0,0.0,0.0,-10.56,-425.925925925926,0.0,0,1,1,1
2025-05-15,0.0,1.7536616941749357,0.0,0.0,13.29,-2.73,-18.9,0.0,0.0,0.0,0.0,0.0,0.0,-14.95,-41.57196969696969,0.0,0,1,1,1
2025-05-16,0.0,1.7672109567127112,0.0,0.0,13.29,-2.73,-18.9,0.0,0.0,0.0,0.0,0.0,0.0,-14.95,-41.57196969696969,0.0,0,1,1,1
2025-05-19,0.0,1.701400252957802,0.0,0.0,13.29,-2.73,-18.9,0.0,0.0,0.0,0.0,0.0,0.0,-14.95,-41.57196969696969,0.0,0,1,1,1
2025-05-20,0.0,1.7517260852409682,0.0,0.0,13.29,-2.73,-18.9,0.0,0.0,0.0,0.0,0.0,0.0,-14.95,-41.57196969696969,0.0,0,1,1,1
2025-05-21,0.0,1.6897865993539944,0.0,0.0,13.29,-2.73,-18.9,0.0,0.0,0.0,0.0,0.0,0.0,-14.95,-41.57196969696969,0.0,1,1,1,1
2025-05-22,0.0,1.658816856410508,0.0,0.0,13.29,-2.73,-18.9,0.0,0.0,0.0,0.0,0.0,0.0,-14.95,-41.57196969696969,0.0,1,1,1,1
2025-05-23,0.0,1.6472032028067,0.0,0.0,13.29,-2.73,-18.9,0.0,0.0,0.0,0.0,0.0,0.0,-14.95,-41.57196969696969,0.0,1,1,1,1
2025-05-26,0.0,1.6568812474765398,0.0,0.0,13.29,-2.73,-18.9,0.0,0.0,0.0,0.0,0.0,0.0,-14.95,-41.57196969696969,0.0,1,1,1,1
2025-05-27,0.0,1.6239758955990853,0.0,0.0,13.29,-2.73,-18.9,0.0,0.0,0.0,0.0,0.0,0.0,-14.95,-41.57196969696969,0.0,1,1,1,1
2025-05-28,0.0,1.6142978509292458,0.0,0.0,13.29,-2.73,-18.9,0.0,0.0,0.0,0.0,0.0,0.0,-14.95,-41.57196969696969,0.0,1,1,1,1
2025-05-29,0.0,1.7633397388447754,0.0,0.0,13.29,-2.73,-18.9,0.0,0.0,0.0,0.0,0.0,0.0,-14.95,-41.57196969696969,0.0,1,1,1,1
2025-06-02,0.0,1.773017783514615,0.0,0.0,13.29,-2.73,-18.9,0.0,0.0,0.0,0.0,0.0,0.0,-14.95,-41.57196969696969,0.0,1,1,1,1
2025-06-03,0.0,1.774953392448583,0.0,0.0,13.29,-2.73,-18.9,0.0,0.0,0.0,0.0,0.0,0.0,-14.95,-41.57196969696969,0.0,1,1,1,1
2025-06-04,0.0,1.9065747999584013,0.0,0.0,13.29,-2.73,-18.9,0.0,0.0,0.0,0.0,0.0,0.0,-14.95,-41.57196969696969,0.0,1,1,0,0
2025-06-05,0.0,2.0323893806663165,0.0,0.0,13.29,-2.73,-18.9,0.0,0.0,0.0,0.0,0.0,0.0,-14.95,-41.57196969696969,0.0,1,1,0,0
2025-06-06,0.0,2.013033291326637,0.0,0.0,13.29,-2.73,-18.9,0.0,0.0,0.0,0.0,0.0,0.0,-14.95,-41.57196969696969,0.0,1,1,0,0
2025-06-09,0.0,2.00141963772283,0.0,0.0,13.29,-2.73,-18.9,0.0,0.0,0.0,0.0,0.0,0.0,-14.95,-41.57196969696969,0.0,1,1,0,0
2025-06-10,0.0,2.1020713022891617,0.0,0.0,6.87,-0.54,-15.07,0.0,0.0,0.0,0.0,0.0,0.0,-14.95,-41.57196969696969,0.0,1,0,0,0
2025-06-11,0.0,2.040131816402188,0.0,0.0,6.87,-0.54,-15.07,0.0,0.0,0.0,0.0,0.0,0.0,-14.95,-41.57196969696969,0.0,1,1,0,0
2025-06-12,0.0,2.09432886655329,0.0,0.0,6.87,-0.54,-15.07,0.0,0.0,0.0,0.0,0.0,0.0,-14.95,-41.57196969696969,0.0,1,0,0,0
2025-06-13,0.0,2.071101559345675,0.0,0.0,6.87,-0.54,-15.07,0.0,0.0,0.0,0.0,0.0,0.0,-14.95,-41.57196969696969,0.0,1,0,0,0
2025-06-16,0.0,2.0478742521380595,0.0,0.0,6.87,-0.54,-15.07,0.0,0.0,0.0,0.0,0.0,0.0,-14.95,-41.57196969696969,0.0,1,0,0,0
2025-06-17,0.0,2.0827152129494824,0.0,0.0,6.87,-0.54,-15.07,0.0,0.0,0.0,0.0,0.0,0.0,-14.95,-41.57196969696969,0.0,1,0,0,0
2025-06-18,0.0,2.287889759950082,0.0,0.0,6.87,-0.54,-15.07,0.0,0.0,0.0,0.0,0.0,0.0,-14.95,-41.57196969696969,0.0,0,0,0,0
2025-06-19,0.0,2.338215592233248,0.0,0.0,6.87,-0.54,-15.07,0.0,0.0,0.0,0.0,0.0,0.0,-14.95,-41.57196969696969,0.0,0,0,0,0
2025-06-20,0.0,2.2801473242142105,0.0,0.0,6.87,-0.54,-15.07,0.0,0.0,0.0,0.0,0.0,0.0,-14.95,-41.57196969696969,0.0,0,0,0,0
2025-06-23,0.0,2.260791234874531,0.0,0.0,6.87,-0.54,-15.07,0.0,0.0,0.0,0.0,0.0,0.0,-14.95,-41.57196969696969,0.0,0,0,0,0
2025-06-24,0.0,2.1949805311196218,0.0,0.0,6.87,-0.54,-15.07,0.0,0.0,0.0,0.0,0.0,0.0,-14.95,-41.57196969696969,0.0,0,0,0,0
2025-06-25,0.0,2.1291698273647124,0.0,0.0,6.87,-0.54,-15.07,0.0,0.0,0.0,0.0,0.0,0.0,-14.95,-41.57196969696969,0.0,0,0,0,0
2025-06-26,0.0,2.0865864308174182,0.0,0.0,6.87,-0.54,-15.07,0.0,0.0,0.0,0.0,0.0,0.0,-14.95,-41.57196969696969,0.0,0,0,0,0
2025-06-27,0.0,2.055616687873932,0.0,0.0,6.87,-0.54,-15.07,0.0,0.0,0.0,0.0,0.0,0.0,-14.95,-41.57196969696969,0.0,0,0,0,0
2025-06-30,0.0,1.9820635483831508,0.0,0.0,6.87,-0.54,-15.07,0.0,0.0,0.0,0.0,0.0,0.0,-14.95,-41.57196969696969,0.0,0,0,0,0
2025-07-01,0.0,1.9162528446282407,0.0,0.0,6.87,-0.54,-15.07,0.0,0.0,0.0,0.0,0.0,0.0,-14.95,-41.57196969696969,0.0,0,0,0,0
2025-07-02,0.0,1.9143172356942733,0.0,0.0,6.87,-0.54,-15.07,0.0,0.0,0.0,0.0,0.0,0.0,-14.95,-41.57196969696969,0.0,0,0,0,1
2025-07-03,0.0,1.958836241175536,0.0,0.0,6.87,-0.54,-15.07,0.0,0.0,0.0,0.0,0.0,0.0,-14.95,-41.57196969696969,0.0,0,0,0,0
2025-07-04,0.0,1.875605057014915,0.0,0.0,6.87,-0.54,-15.07,0.0,0.0,0.0,0.0,0.0,0.0,-14.95,-41.57196969696969,0.0,0,0,0,1
2025-07-07,0.0,1.8930255374206264,0.0,0.0,6.87,-0.54,-15.07,0.0,0.0,0.0,0.0,0.0,0.0,-14.95,-41.57196969696969,0.0,0,0,0,1
2025-07-08,0.0,1.877540665948883,0.0,0.0,6.87,-0.54,-15.07,0.0,0.0,0.0,0.0,0.0,0.0,-14.95,-41.57196969696969,0.0,0,0,0,1
2025-07-09,0.0,1.8736694480809468,0.0,0.0,6.87,-0.54,-15.07,0.0,0.0,0.0,0.0,0.0,0.0,-14.95,-41.57196969696969,0.0,0,0,0,1
2025-07-10,0.0,1.8252792247317489,0.0,0.0,22.23,21.14,-8.8,0.0,0.0,0.0,0.0,0.0,0.0,-14.95,-41.57196969696969,0.0,0,0,0,1
2025-07-11,0.0,1.6626880742784438,0.0,0.0,22.23,21.14,-8.8,0.0,0.0,0.0,0.0,0.0,0.0,-14.95,-41.57196969696969,0.0,0,0,1,1
2025-07-14,0.0,1.6801085546841548,0.0,0.0,22.23,21.14,-8.8,0.0,0.0,0.0,0.0,0.0,0.0,-14.95,-41.57196969696969,0.0,0,0,1,1
2025-07-15,0.0,1.6162334598632138,0.0,0.0,22.23,21.14,-8.8,0.0,0.0,0.0,0.0,0.0,0.0,-14.95,-41.57196969696969,0.0,1,1,1,1
2025-07-16,0.0,1.602684197325438,0.0,0.0,22.23,21.14,-8.8,0.0,0.0,0.0,0.0,0.0,0.0,-14.95,-41.57196969696969,0.0,1,1,1,1
2025-07-17,0.0,1.6684949010803476,0.0,0.0,22.23,21.14,-8.8,0.0,0.0,0.0,0.0,0.0,0.0,-14.95,-41.57196969696969,0.0,0,1,1,1
2025-07-18,0.0,1.635589549202893,0.0,0.0,22.23,21.14,-8.8,0.0,0.0,0.0,0.0,0.0,0.0,-14.95,-41.57196969696969,0.0,1,1,1,1
2025-07-21,0.0,1.6239758955990853,0.0,0.0,22.23,21.14,-8.8,0.0,0.0,0.0,0.0,0.0,0.0,-14.95,-41.57196969696969,0.0,1,1,1,1
2025-07-22,0.0,1.5697788454479835,0.0,0.0,22.23,21.14,-8.8,0.0,0.0,0.0,0.0,0.0,0.0,-14.95,-41.57196969696969,0.0,1,1,1,1
2025-07-23,0.0,1.6665592921463794,0.0,0.0,22.23,21.14,-8.8,0.0,0.0,0.0,0.0,0.0,0.0,-14.95,-41.57196969696969,0.0,1,1,1,1
2025-07-24,0.0,1.6646236832124115,0.0,0.0,22.23,21.14,-8.8,0.0,0.0,0.0,0.0,0.0,0.0,-14.95,-41.57196969696969,0.0,1,1,1,1
2025-07-25,0.0,1.6743017278822512,0.0,0.0,22.23,21.14,-8.8,0.0,0.0,0.0,0.0,0.0,0.0,-14.95,-41.57196969696969,0.0,1,1,1,1
2025-07-28,0.0,1.6762373368162191,0.0,0.0,22.23,21.14,-8.8,0.0,0.0,0.0,0.0,0.0,0.0,-14.95,-41.57196969696969,0.0,1,1,1,1
2025-07-29,0.0,1.633653940268925,0.0,0.0,22.23,21.14,-8.8,0.0,0.0,0.0,0.0,0.0,0.0,-14.95,-41.57196969696969,0.0,1,1,1,1
2025-07-30,0.0,1.7381768227031924,0.0,0.0,22.23,21.14,-8.8,0.0,0.0,0.0,0.0,0.0,0.0,-14.95,-41.57196969696969,0.0,0,1,1,1
2025-07-31,0.0,1.724627560165417,0.0,0.0,22.23,21.14,-8.8,0.0,0.0,0.0,0.0,0.0,0.0,-14.95,-41.57196969696969,0.0,0,1,1,1
2025-08-01,0.0,1.7207563422974814,0.0,0.0,22.23,21.14,-8.8,0.0,0.0,0.0,0.0,0.0,0.0,-14.95,-41.57196969696969,0.0,1,1,1,1
2025-08-04,0.0,1.6936578172219303,0.0,0.0,22.23,21.14,-8.8,0.0,0.0,0.0,0.0,0.0,0.0,-14.95,-41.57196969696969,0.0,1,1,1,1
2025-08-05,0.0,1.7188207333635133,0.0,0.0,22.23,21.14,-8.8,0.0,0.0,0.0,0.0,0.0,0.0,-14.95,-41.57196969696969,0.0,1,1,1,1
2025-08-06,0.0,1.678172945750187,0.0,0.0,22.23,21.14,-8.8,0.0,0.0,0.0,0.0,0.0,0.0,-14.95,-41.57196969696969,0.0,1,1,1,1
2025-08-07,0.0,1.633653940268925,0.0,0.0,22.23,21.14,-8.8,0.0,0.0,0.0,0.0,0.0,0.0,-14.95,-41.57196969696969,0.0,1,1,1,1
2025-08-08,0.0,1.701400252957802,0.0,0.0,22.23,21.14,-8.8,0.0,0.0,0.0,0.0,0.0,0.0,-14.95,-41.57196969696969,0.0,1,1,1,1
2025-08-11,0.0,1.6955934261558985,0.0,0.0,31.37,94.95,4.05,0.0,0.0,0.0,0.0,0.0,0.0,-14.95,-41.57196969696969,0.0,1,1,1,1
2025-08-12,0.0,1.8368928783355565,0.0,0.0,31.37,94.95,4.05,0.0,0.0,0.0,0.0,0.0,0.0,-14.95,-41.57196969696969,0.0,0,0,1,1
2025-08-13,0.0,1.7826958281844545,0.0,0.0,31.37,94.95,4.05,0.0,0.0,0.0,0.0,0.0,0.0,-14.95,-41.57196969696969,0.0,1,1,1,1
2025-08-14,0.0,-0.4027754979542835,0.0,0.0,31.37,94.95,4.05,0.0,0.0,0.0,0.0,0.0,0.0,-20.56,-37.525083612040135,0.0,1,1,1,1
2025-08-15,0.0,-0.4171137842892257,0.0,0.0,31.37,94.95,4.05,0.0,0.0,0.0,0.0,0.0,0.0,-20.56,-37.525083612040135,0.0,0,1,1,1
2025-08-18,0.0,-0.4114653684603091,0.0,0.0,31.37,94.95,4.05,0.0,0.0,0.0,0.0,0.0,0.0,-20.56,-37.525083612040135,0.0,0,1,1,1
2025-08-19,0.0,-0.3975615756506682,0.0,0.0,31.37,94.95,4.05,0.0,0.0,0.0,0.0,0.0,0.0,-20.56,-37.525083612040135,0.0,1,1,1,1
2025-08-20,0.0,-0.3871337310434375,0.0,0.0,31.37,94.95,4.05,0.0,0.0,0.0,0.0,0.0,0.0,-20.56,-37.525083612040135,0.0,1,1,1,1
2025-08-21,0.0,-0.4036444850048861,0.0,0.0,31.37,94.95,4.05,0.0,0.0,0.0,0.0,0.0,0.0,-20.56,-37.525083612040135,0.0,1,1,1,1
2025-08-22,0.0,-0.394085627448258,0.0,0.0,31.37,94.95,4.05,0.0,0.0,0.0,0.0,0.0,0.0,-20.56,-37.525083612040135,0.0,1,1,1,1
2025-08-25,0.0,-0.4079894202578989,0.0,0.0,31.37,94.95,4.05,0.0,0.0,0.0,0.0,0.0,0.0,-20.56,-37.525083612040135,0.0,1,1,1,1
2025-08-26,0.0,-0.4123343555109117,0.0,0.0,31.37,94.95,4.05,0.0,0.0,0.0,0.0,0.0,0.0,-20.56,-37.525083612040135,0.0,1,1,1,1
2025-08-27,0.0,-0.4153758101880205,0.0,0.0,31.37,94.95,4.05,0.0,0.0,0.0,0.0,0.0,0.0,-20.56,-37.525083612040135,0.0,1,1,1,1
2025-08-28,0.0,-0.4053824591060911,0.0,0.0,31.37,94.95,4.05,0.0,0.0,0.0,0.0,0.0,0.0,-20.56,-37.525083612040135,0.0,1,1,1,1
2025-08-29,0.0,-0.4084239137832001,0.0,0.0,31.37,94.95,4.05,0.0,0.0,0.0,0.0,0.0,0.0,-20.56,-37.525083612040135,0.0,1,1,1,1
2025-09-01,0.0,-0.4062514461566938,0.0,0.0,31.37,94.95,4.05,0.0,0.0,0.0,0.0,0.0,0.0,-20.56,-37.525083612040135,0.0,1,1,1,1
2025-09-02,0.0,-0.3966925886000657,0.0,0.0,31.37,94.95,4.05,0.0,0.0,0.0,0.0,0.0,0.0,-20.56,-37.525083612040135,0.0,1,1,1,1
2025-09-03,0.0,-0.4027754979542835,0.0,0.0,31.37,94.95,4.05,0.0,0.0,0.0,0.0,0.0,0.0,-20.56,-37.525083612040135,0.0,1,1,1,1
2025-09-04,0.0,-0.4188517583904308,0.0,0.0,31.37,94.95,4.05,0.0,0.0,0.0,0.0,0.0,0.0,-20.56,-37.525083612040135,0.0,1,1,1,1
2025-09-05,0.0,-0.4605631368193534,0.0,0.0,31.37,94.95,4.05,0.0,0.0,0.0,0.0,0.0,0.0,-20.56,-37.525083612040135,0.0,1,1,1,1
2025-09-08,0.0,-0.4649080720723661,0.0,0.0,31.37,94.95,4.05,0.0,0.0,0.0,0.0,0.0,0.0,-20.56,-37.525083612040135,0.0,1,1,1,1
2025-09-09,0.0,-0.4683840202747763,0.0,0.0,31.37,94.95,4.05,0.0,0.0,0.0,0.0,0.0,0.0,-20.56,-37.525083612040135,0.0,1,1,1,1
2025-09-10,0.0,-0.4727289555277891,0.0,0.0,26.35,141.32,19.45,0.0,0.0,0.0,0.0,0.0,0.0,-20.56,-37.525083612040135,0.0,1,1,1,1
2025-09-11,0.0,-0.4909776835904427,0.0,0.0,26.35,141.32,19.45,0.0,0.0,0.0,0.0,0.0,0.0,-20.56,-37.525083612040135,0.0,1,1,1,1
2025-09-12,0.0,-0.4987985670458656,0.0,0.0,26.35,141.32,19.45,0.0,0.0,0.0,0.0,0.0,0.0,-20.56,-37.525083612040135,0.0,1,1,1,1
2025-09-15,0.0,-0.5483308289302113,0.0,0.0,26.35,141.32,19.45,0.0,0.0,0.0,0.0,0.0,0.0,-20.56,-37.525083612040135,0.0,1,1,1,1
2025-09-16,0.0,-0.6013390390169671,0.0,0.0,26.35,141.32,19.45,0.0,0.0,0.0,0.0,0.0,0.0,-20.56,-37.525083612040135,0.0,1,1,1,1
2025-09-17,0.0,-0.6369675080916717,0.0,0.0,26.35,141.32,19.45,0.0,0.0,0.0,0.0,0.0,0.0,-20.56,-37.525083612040135,0.0,1,1,1,1
2025-09-18,0.0,-0.6951896404820428,0.0,0.0,26.35,141.32,19.45,0.0,0.0,0.0,0.0,0.0,0.0,-20.56,-37.525083612040135,0.0,0,1,1,1
2025-09-19,0.0,-0.6882377440772224,0.0,0.0,26.35,141.32,19.45,0.0,0.0,0.0,0.0,0.0,0.0,-20.56,-37.525083612040135,0.0,0,1,1,1
2025-09-22,0.0,-0.7021415368868632,0.0,0.0,26.35,141.32,19.45,0.0,0.0,0.0,0.0,0.0,0.0,-20.56,-37.525083612040135,0.0,0,1,1,1
2025-09-23,0.0,-0.7038795109880683,0.0,0.0,26.35,141.32,19.45,0.0,0.0,0.0,0.0,0.0,0.0,-20.56,-37.525083612040135,0.0,1,1,1,1
2025-09-24,0.0,-0.6604301584579406,0.0,0.0,26.35,141.32,19.45,0.0,0.0,0.0,0.0,0.0,0.0,-20.56,-37.525083612040135,0.0,1,1,1,1
2025-09-25,0.0,-0.665644080761556,0.0,0.0,26.35,141.32,19.45,0.0,0.0,0.0,0.0,0.0,0.0,-20.56,-37.525083612040135,0.0,1,1,1,1
2025-09-26,0.0,-0.6169808059278129,0.0,0.0,26.35,141.32,19.45,0.0,0.0,0.0,0.0,0.0,0.0,-20.56,-37.525083612040135,0.0,1,1,1,1
2025-09-30,0.0,-0.6343605469398641,0.0,0.0,26.35,141.32,19.45,0.0,0.0,0.0,0.0,0.0,0.0,-20.56,-37.525083612040135,0.0,1,1,1,1
2025-10-01,0.0,-0.6621681325591458,0.0,0.0,26.35,141.32,19.45,0.0,0.0,0.0,0.0,0.0,0.0,-20.56,-37.525083612040135,0.0,1,1,1,1
2025-10-02,0.0,-0.6925826793302352,0.0,0.0,26.35,141.32,19.45,0.0,0.0,0.0,0.0,0.0,0.0,-20.56,-37.525083612040135,0.0,1,1,1,1
2025-10-03,0.0,-0.7212592520001194,0.0,0.0,26.35,141.32,19.45,0.0,0.0,0.0,0.0,0.0,0.0,-20.56,-37.525083612040135,0.0,1,1,1,1
2025-10-07,0.0,-0.7925161901495289,0.0,0.0,26.35,141.32,19.45,0.0,0.0,0.0,0.0,0.0,0.0,-20.56,-37.525083612040135,0.0,1,1,1,1
2025-10-08,0.0,-0.7890402419471185,0.0,0.0,26.35,141.32,19.45,0.0,0.0,0.0,0.0,0.0,0.0,-20.56,-37.525083612040135,0.0,1,1,1,1
2025-10-09,0.0,-0.8559522448435153,0.0,0.0,26.35,141.32,19.45,0.0,0.0,0.0,0.0,0.0,0.0,-20.56,-37.525083612040135,0.0,1,1,1,1
2025-10-13,0.0,-0.830751620376041,0.0,0.0,-1.45,157.81,32.43,0.0,0.0,0.0,0.0,0.0,0.0,-20.56,-37.525083612040135,0.0,1,1,1,1
2025-10-14,0.0,-0.7742674620868751,0.0,0.0,-1.45,157.81,32.43,0.0,0.0,0.0,0.0,0.0,0.0,-20.56,-37.525083612040135,0.0,1,1,1,1
2025-10-15,0.0,-0.7499358246700036,0.0,0.0,-1.45,157.81,32.43,0.0,0.0,0.0,0.0,0.0,0.0,-20.56,-37.525083612040135,0.0,1,1,1,1
2025-10-16,0.0,-0.8246687110218234,0.0,0.0,-1.45,157.81,32.43,0.0,0.0,0.0,0.0,0.0,0.0,-20.56,-37.525083612040135,0.0,1,1,1,1
2025-10-17,0.0,-0.9037465326266556,0.0,0.0,-1.45,157.81,32.43,0.0,0.0,0.0,0.0,0.0,0.0,-20.56,-37.525083612040135,0.0,1,1,1,1
2025-10-20,0.0,-0.9298161441447322,0.0,0.0,-1.45,157.81,32.43,0.0,0.0,0.0,0.0,0.0,0.0,-20.56,-37.525083612040135,0.0,1,1,1,1
2025-10-21,0.0,-0.916781338385694,0.0,0.0,-1.45,157.81,32.43,0.0,0.0,0.0,0.0,0.0,0.0,-20.56,-37.525083612040135,0.0,1,1,1,1
2025-10-22,0.0,-0.9558857556628088,0.0,0.0,-1.45,157.81,32.43,0.0,0.0,0.0,0.0,0.0,0.0,-20.56,-37.525083612040135,0.0,1,1,1,1
2025-10-23,0.0,-0.9515408204097962,0.0,0.0,-1.45,157.81,32.43,0.0,0.0,0.0,0.0,0.0,0.0,-20.56,-37.525083612040135,0.0,1,1,1,1
2025-10-27,0.0,-1.042784460723064,0.0,0.0,-1.45,157.81,32.43,0.0,0.0,0.0,0.0,0.0,0.0,-20.56,-37.525083612040135,0.0,1,1,1,1
2025-10-28,0.0,-1.1296831657833195,0.0,0.0,-1.45,157.81,32.43,0.0,0.0,0.0,0.0,0.0,0.0,-20.56,-37.525083612040135,0.0,1,1,1,1
2025-10-29,0.0,-1.1557527773013965,0.0,0.0,-1.45,157.81,32.43,0.0,0.0,0.0,0.0,0.0,0.0,-20.56,-37.525083612040135,0.0,1,1,1,1
2025-10-30,0.0,-1.1687875830604344,0.0,0.0,-1.45,157.81,32.43,0.0,0.0,0.0,0.0,0.0,0.0,-20.56,-37.525083612040135,0.0,1,1,1,1
2025-10-31,0.0,-1.151407842048383,0.0,0.0,-1.45,157.81,32.43,0.0,0.0,0.0,0.0,0.0,0.0,-20.56,-37.525083612040135,0.0,1,1,1,1
2025-11-03,0.0,-1.1905122593254982,0.0,0.0,-1.45,157.81,32.43,0.0,0.0,0.0,0.0,0.0,0.0,-20.56,-37.525083612040135,0.0,1,1,1,1
2025-11-04,0.0,-1.142717971542358,0.0,0.0,-1.45,157.81,32.43,0.0,0.0,0.0,0.0,0.0,0.0,-20.56,-37.525083612040135,0.0,1,1,1,1
2025-11-05,0.0,-1.199202129831524,0.0,0.0,-1.45,157.81,32.43,0.0,0.0,0.0,0.0,0.0,0.0,-20.56,-37.525083612040135,0.0,1,1,1,1
2025-11-06,0.0,-1.2861008348917793,0.0,0.0,-1.45,157.81,32.43,0.0,0.0,0.0,0.0,0.0,0.0,-20.56,-37.525083612040135,0.0,1,1,1,1
2025-11-07,0.0,-1.2774109643857536,0.0,0.0,-1.45,157.81,32.43,0.0,0.0,0.0,0.0,0.0,0.0,-20.56,-37.525083612040135,0.0,1,1,1,1
2025-11-10,0.0,-1.403414086723124,0.0,0.0,18.66,262.37,49.3,0.0,0.0,0.0,0.0,0.0,0.0,-20.56,-37.525083612040135,0.0,0,0,1,1
2025-11-11,0.0,-1.4294836982412005,0.0,0.0,18.66,262.37,49.3,0.0,0.0,0.0,0.0,0.0,0.0,-20.56,-37.525083612040135,0.0,0,0,1,1
2025-11-12,0.0,-1.416448892482162,0.0,0.0,18.66,262.37,49.3,0.0,0.0,0.0,0.0,0.0,0.0,-20.56,-37.525083612040135,0.0,0,0,1,1
2025-11-13,0.0,-1.420793827735175,0.0,0.0,18.66,262.37,49.3,0.0,0.0,0.0,0.0,0.0,0.0,-20.56,-37.525083612040135,0.0,0,0,1,1
2025-11-14,0.0,-51.22836404970137,0.0,0.0,18.66,262.37,49.3,0.0,0.0,0.0,0.0,0.0,0.0,18.45,189.7373540856031,0.0,0,0,1,1
2025-11-17,0.0,-53.8140228029986,0.0,0.0,18.66,262.37,49.3,0.0,0.0,0.0,0.0,0.0,0.0,18.45,189.7373540856031,0.0,0,0,1,1
2025-11-18,0.0,-51.87477873802568,0.0,0.0,18.66,262.37,49.3,0.0,0.0,0.0,0.0,0.0,0.0,18.45,189.7373540856031,0.0,0,0,1,1
2025-11-19,0.0,-51.7131750659446,0.0,0.0,18.66,262.37,49.3,0.0,0.0,0.0,0.0,0.0,0.0,18.45,189.7373540856031,0.0,0,0,1,1
2025-11-20,0.0,-50.25874201721491,0.0,0.0,18.66,262.37,49.3,0.0,0.0,0.0,0.0,0.0,0.0,18.45,189.7373540856031,0.0,0,0,1,1
2025-11-21,0.0,-45.24902818270153,0.0,0.0,18.66,262.37,49.3,0.0,0.0,0.0,0.0,0.0,0.0,18.45,189.7373540856031,0.0,1,1,1,1
2025-11-24,0.0,-46.21865021518799,0.0,0.0,18.66,262.37,49.3,0.0,0.0,0.0,0.0,0.0,0.0,18.45,189.7373540856031,0.0,1,1,1,1
2025-11-25,0.0,-46.38025388726906,0.0,0.0,18.66,262.37,49.3,0.0,0.0,0.0,0.0,0.0,0.0,18.45,189.7373540856031,0.0,1,1,1,1
2025-11-26,0.0,-44.11780247813398,0.0,0.0,18.66,262.37,49.3,0.0,0.0,0.0,0.0,0.0,0.0,18.45,189.7373540856031,0.0,1,1,1,1
2025-11-27,0.0,-47.18827224767445,0.0,0.0,18.66,262.37,49.3,0.0,0.0,0.0,0.0,0.0,0.0,18.45,189.7373540856031,0.0,1,1,1,1
2025-11-28,0.0,-47.18827224767445,0.0,0.0,18.66,262.37,49.3,0.0,0.0,0.0,0.0,0.0,0.0,18.45,189.7373540856031,0.0,1,1,1,1
2025-12-01,0.0,-48.31949795224198,0.0,0.0,18.66,262.37,49.3,0.0,0.0,0.0,0.0,0.0,0.0,18.45,189.7373540856031,0.0,1,1,1,1
2025-12-02,0.0,-48.31949795224198,0.0,0.0,18.66,262.37,49.3,0.0,0.0,0.0,0.0,0.0,0.0,18.45,189.7373540856031,0.0,1,1,1,1
2025-12-03,0.0,-48.804308968485216,0.0,0.0,18.66,262.37,49.3,0.0,0.0,0.0,0.0,0.0,0.0,18.45,189.7373540856031,0.0,1,1,1,1
2025-12-04,0.0,-48.804308968485216,0.0,0.0,18.66,262.37,49.3,0.0,0.0,0.0,0.0,0.0,0.0,18.45,189.7373540856031,0.0,1,1,1,1
2025-12-05,0.0,-49.45072365680953,0.0,0.0,18.66,262.37,49.3,0.0,0.0,0.0,0.0,0.0,0.0,18.45,189.7373540856031,0.0,1,1,1,1
2025-12-08,0.0,-52.84440077051214,0.0,0.0,18.66,262.37,49.3,0.0,0.0,0.0,0.0,0.0,0.0,18.45,189.7373540856031,0.0,1,1,1,1
2025-12-09,0.0,-52.35958975426891,0.0,0.0,18.66,262.37,49.3,0.0,0.0,0.0,0.0,0.0,0.0,18.45,189.7373540856031,0.0,1,1,1,1
2025-12-10,0.0,-50.42034568929599,0.0,0.0,28.59,364.89,70.92,0.0,0.0,0.0,0.0,0.0,0.0,18.45,189.7373540856031,0.0,1,1,1,1
2025-12-11,0.0,-50.42034568929599,0.0,0.0,28.59,364.89,70.92,0.0,0.0,0.0,0.0,0.0,0.0,18.45,189.7373540856031,0.0,1,1,1,1
2025-12-12,0.0,-52.35958975426891,0.0,0.0,28.59,364.89,70.92,0.0,0.0,0.0,0.0,0.0,0.0,18.45,189.7373540856031,0.0,1,1,1,1
2025-12-15,0.0,-52.52119342634998,0.0,0.0,28.59,364.89,70.92,0.0,0.0,0.0,0.0,0.0,0.0,18.45,189.7373540856031,0.0,1,1,1,1
2025-12-16,0.0,-51.06676037762029,0.0,0.0,28.59,364.89,70.92,0.0,0.0,0.0,0.0,0.0,0.0,18.45,189.7373540856031,0.0,1,1,1,1
2025-12-17,0.0,-53.16760811467429,0.0,0.0,28.59,364.89,70.92,0.0,0.0,0.0,0.0,0.0,0.0,18.45,189.7373540856031,0.0,1,1,1,1
2025-12-18,0.0,-54.94524850756613,0.0,0.0,28.59,364.89,70.92,0.0,0.0,0.0,0.0,0.0,0.0,18.45,189.7373540856031,0.0,1,1,1,1
2025-12-19,0.0,-56.39968155629583,0.0,0.0,28.59,364.89,70.92,0.0,0.0,0.0,0.0,0.0,0.0,18.45,189.7373540856031,0.0,1,1,1,1
2025-12-22,0.0,-58.17732194918768,0.0,0.0,28.59,364.89,70.92,0.0,0.0,0.0,0.0,0.0,0.0,18.45,189.7373540856031,0.0,1,1,1,1
2025-12-23,0.0,-57.04609624462013,0.0,0.0,28.59,364.89,70.92,0.0,0.0,0.0,0.0,0.0,0.0,18.45,189.7373540856031,0.0,1,1,1,1
2025-12-24,0.0,-61.08618804664706,0.0,0.0,28.59,364.89,70.92,0.0,0.0,0.0,0.0,0.0,0.0,18.45,189.7373540856031,0.0,1,1,1,1
2025-12-26,0.0,-61.08618804664706,0.0,0.0,28.59,364.89,70.92,0.0,0.0,0.0,0.0,0.0,0.0,18.45,189.7373540856031,0.0,1,1,1,1
2025-12-29,0.0,-60.92458437456599,0.0,0.0,28.59,364.89,70.92,0.0,0.0,0.0,0.0,0.0,0.0,18.45,189.7373540856031,0.0,1,1,1,1
2025-12-30,0.0,-62.863828439538906,0.0,0.0,28.59,364.89,70.92,0.0,0.0,0.0,0.0,0.0,0.0,18.45,189.7373540856031,0.0,1,1,1,1
2025-12-31,0.0,-62.37901742329568,0.0,0.0,28.59,364.89,70.92,0.0,0.0,0.0,0.0,0.0,0.0,18.45,189.7373540856031,0.0,1,1,1,1
2026-01-02,0.0,-66.90392024156583,0.0,0.0,28.59,364.89,70.92,0.0,0.0,0.0,0.0,0.0,0.0,18.45,189.7373540856031,0.0,1,1,1,1
2026-01-05,0.0,-67.22712758572798,0.0,0.0,28.59,364.89,70.92,0.0,0.0,0.0,0.0,0.0,0.0,18.45,189.7373540856031,0.0,1,1,1,1
2026-01-06,0.0,-73.85287814105213,0.0,0.0,28.59,364.89,70.92,0.0,0.0,0.0,0.0,0.0,0.0,18.45,189.7373540856031,0.0,1,1,1,1
2026-01-07,0.0,-77.89296994307905,0.0,0.0,28.59,364.89,70.92,0.0,0.0,0.0,0.0,0.0,0.0,18.45,189.7373540856031,0.0,1,1,1,1
2026-01-08,0.0,-78.05457361516012,0.0,0.0,28.59,364.89,70.92,0.0,0.0,0.0,0.0,0.0,0.0,18.45,189.7373540856031,0.0,1,1,1,1
2026-01-09,0.0,-70.29759735526844,0.0,0.0,28.59,364.89,70.92,0.0,0.0,0.0,0.0,0.0,0.0,18.45,189.7373540856031,0.0,1,1,1,1
2026-01-12,0.0,-77.24655525475475,0.0,0.0,18.18,444.87,95.09,0.0,0.0,0.0,0.0,0.0,0.0,18.45,189.7373540856031,0.0,1,1,1,1
2026-01-13,0.0,-74.33768915729537,0.0,0.0,18.18,444.87,95.09,0.0,0.0,0.0,0.0,0.0,0.0,18.45,189.7373540856031,0.0,1,1,1,1
2026-01-14,0.0,-76.43853689434935,0.0,0.0,18.18,444.87,95.09,0.0,0.0,0.0,0.0,0.0,0.0,18.45,189.7373540856031,0.0,1,1,1,1
2026-01-15,0.0,-76.76174423851151,0.0,0.0,18.18,444.87,95.09,0.0,0.0,0.0,0.0,0.0,0.0,18.45,189.7373540856031,0.0,1,1,1,1
2026-01-16,0.0,-80.80183604053843,0.0,0.0,18.18,444.87,95.09,0.0,0.0,0.0,0.0,0.0,0.0,18.45,189.7373540856031,0.0,1,1,1,0
2026-01-19,0.0,-88.88201964459228,0.0,0.0,18.18,444.87,95.09,0.0,0.0,0.0,0.0,0.0,0.0,18.45,189.7373540856031,0.0,1,1,0,0
2026-01-20,0.0,-87.91239761210582,0.0,0.0,18.18,444.87,95.09,0.0,0.0,0.0,0.0,0.0,0.0,18.45,189.7373540856031,0.0,1,1,0,0
2026-01-21,0.0,-81.12504338470059,0.0,0.0,18.18,444.87,95.09,0.0,0.0,0.0,0.0,0.0,0.0,18.45,189.7373540856031,0.0,1,1,1,0
2026-01-22,0.0,-86.13475721921398,0.0,0.0,18.18,444.87,95.09,0.0,0.0,0.0,0.0,0.0,0.0,18.45,189.7373540856031,0.0,1,1,0,0
2026-01-23,0.0,-87.75079394002474,0.0,0.0,18.18,444.87,95.09,0.0,0.0,0.0,0.0,0.0,0.0,18.45,189.7373540856031,0.0,1,1,0,0
2026-01-26,0.0,-92.43730043037596,0.0,0.0,18.18,444.87,95.09,0.0,0.0,0.0,0.0,0.0,0.0,18.45,189.7373540856031,0.0,1,0,0,0
2026-01-27,0.0,-89.52843433291659,0.0,0.0,18.18,444.87,95.09,0.0,0.0,0.0,0.0,0.0,0.0,18.45,189.7373540856031,0.0,1,1,0,0
2026-01-28,0.0,-95.99258121615964,0.0,0.0,18.18,444.87,95.09,0.0,0.0,0.0,0.0,0.0,0.0,18.45,189.7373540856031,0.0,0,0,0,0
2026-01-29,0.0,-95.99258121615964,0.0,0.0,18.18,444.87,95.09,0.0,0.0,0.0,0.0,0.0,0.0,18.45,189.7373540856031,0.0,0,0,0,0
2026-01-30,0.0,-105.5271978689432,0.0,0.0,18.18,444.87,95.09,0.0,0.0,0.0,0.0,0.0,0.0,18.45,189.7373540856031,0.0,0,0,0,0
2026-02-02,0.0,-95.0229591836732,0.0,0.0,18.18,444.87,95.09,0.0,0.0,0.0,0.0,0.0,0.0,18.45,189.7373540856031,0.0,0,0,0,0
2026-02-03,0.0,-95.0229591836732,0.0,0.0,18.18,444.87,95.09,0.0,0.0,0.0,0.0,0.0,0.0,18.45,189.7373540856031,0.0,0,0,0,0
2026-02-04,0.0,-95.34616652783536,0.0,0.0,18.18,444.87,95.09,0.0,0.0,0.0,0.0,0.0,0.0,18.45,189.7373540856031,0.0,0,0,0,0
2026-02-05,0.0,-88.88201964459228,0.0,0.0,18.18,444.87,95.09,0.0,0.0,0.0,0.0,0.0,0.0,18.45,189.7373540856031,0.0,1,0,0,0
2026-02-06,0.0,-85.32673885880858,0.0,0.0,18.18,444.87,95.09,0.0,0.0,0.0,0.0,0.0,0.0,18.45,189.7373540856031,0.0,1,0,0,0
2026-02-09,0.0,-85.32673885880858,0.0,0.0,18.18,444.87,95.09,0.0,0.0,0.0,0.0,0.0,0.0,18.45,189.7373540856031,0.0,1,0,0,0
2026-02-10,0.0,-87.58919026794368,0.0,0.0,27.4,608.02,608.02,0.0,0.0,0.0,0.0,0.0,0.0,18.45,189.7373540856031,0.0,0,0,0,0
2026-02-11,0.0,-89.85164167707875,0.0,0.0,27.4,608.02,608.02,0.0,0.0,0.0,0.0,0.0,0.0,18.45,189.7373540856031,0.0,0,0,0,0
2026-02-23,0.0,0.4544488217541578,0.0,0.0,27.4,608.02,608.02,561.56,0.0,0.0,952.64,0.0,0.0,49.05,165.85365853658536,616.0,0,0,0,0
2026-02-24,0.0,0.4686012072067094,0.0,0.0,27.4,608.02,608.02,561.56,0.0,0.0,952.64,0.0,0.0,49.05,165.85365853658536,616.0,0,0,0,0
2026-02-25,0.0,0.4528763344816521,0.0,0.0,27.4,608.02,608.02,561.56,0.0,0.0,952.64,0.0,0.0,49.05,165.85365853658536,616.0,0,0,0,0
2026-02-26,0.0,0.4489451163003877,0.0,0.0,27.4,608.02,608.02,561.56,0.0,0.0,952.64,0.0,0.0,49.05,165.85365853658536,616.0,0,0,0,0
2026-03-02,0.0,0.4481588726641348,0.0,0.0,27.4,608.02,608.02,561.56,0.0,0.0,952.64,0.0,0.0,49.05,165.85365853658536,616.0,0,0,0,0
2026-03-03,0.0,0.4033429853977214,0.0,0.0,27.4,608.02,608.02,561.56,0.0,0.0,952.64,0.0,0.0,49.05,165.85365853658536,616.0,0,0,0,0
2026-03-04,1.0,0.3687482654025951,0.0,0.0,27.4,608.02,608.02,561.56,0.0,0.0,952.64,0.0,0.0,49.05,165.85365853658536,616.0,1,0,0,1
2026-03-05,1.0,0.4049154726702271,0.0,0.0,27.4,608.02,608.02,561.56,0.0,0.0,952.64,0.0,0.0,49.05,165.85365853658536,616.0,0,0,0,0
2026-03-06,0.9048721978658284,0.3663895344938365,0.0,0.0,27.4,608.02,608.02,561.56,0.0,0.0,952.64,0.0,0.0,49.05,165.85365853658536,616.0,1,0,0,0
2026-03-09,0.81553478368765,0.3302223272262046,0.0,0.71,27.4,608.02,608.02,561.56,0.0,0.0,952.64,0.0,0.0,49.05,165.85365853658536,616.0,1,1,1,0
2026-03-10,0.8970965340392092,0.363244559948825,0.0,0.65,1.94,586.71,597.1,561.56,0.0,0.0,952.64,0.0,0.0,49.05,165.85365853658536,616.0,1,0,0,0
2026-03-11,0.9864339482173876,0.399411767216457,0.0,0.59,1.94,586.71,597.1,561.56,0.0,0.0,952.64,0.0,0.0,49.05,165.85365853658536,616.0,0,0,0,0
2026-03-12,0.9301017453883696,0.3766107017651238,0.0,0.63,1.94,586.71,597.1,561.56,0.0,0.0,952.64,0.0,0.0,49.05,165.85365853658536,616.0,1,0,0,0
2026-03-13,0.9243113574323764,0.3742519708563652,0.0,0.63,1.94,586.71,597.1,561.56,0.0,0.0,952.64,0.0,0.0,49.05,165.85365853658536,616.0,1,0,0,0
2026-03-16,1.0,0.41120542176025,0.0,0.57,1.94,586.71,597.1,561.56,0.0,0.0,952.64,0.0,0.0,49.05,165.85365853658536,616.0,0,0,0,0
2026-03-17,1.0,0.4269302944853074,0.0,0.55,1.94,586.71,597.1,561.56,0.0,0.0,952.64,0.0,0.0,49.05,165.85365853658536,616.0,0,0,0,0
2026-03-18,1.0,0.4340064872115832,0.0,0.54,1.94,586.71,597.1,561.56,0.0,0.0,952.64,0.0,0.0,49.05,165.85365853658536,616.0,0,0,0,0
2026-03-19,0.9420435252353756,0.4088466908514914,0.0,0.58,1.94,586.71,597.1,561.56,0.0,0.0,952.64,0.0,0.0,49.05,165.85365853658536,616.0,0,0,0,0
2026-03-20,0.8478160209908936,0.3679620217663423,1.0,0.64,1.94,586.71,597.1,561.56,0.0,0.0,952.64,0.0,0.0,49.05,165.85365853658536,616.0,0,0,1,0
2026-03-23,0.8079178885630498,0.3506646617687792,0.9465240641711228,0.67,1.94,586.71,597.1,561.56,0.0,0.0,952.64,0.0,0.0,49.05,165.85365853658536,616.0,0,0,1,0
2026-03-24,0.7843803056027164,0.3404434944974919,0.9144385026737968,0.69,1.94,586.71,597.1,561.56,0.0,0.0,952.64,0.0,0.0,49.05,165.85365853658536,616.0,0,0,1,0
2026-03-25,0.8206513350825744,0.3561683672225493,0.9625668449197862,0.66,1.94,586.71,597.1,561.56,0.0,0.0,952.64,0.0,0.0,49.05,165.85365853658536,616.0,0,0,1,0
2026-03-26,0.8170242321345886,0.3545958799500435,0.9572192513368984,0.67,1.94,586.71,597.1,561.56,0.0,0.0,952.64,0.0,0.0,49.05,165.85365853658536,616.0,0,0,1,0
2026-03-27,0.7952616144466738,0.3451609563150091,0.9278074866310162,0.68,1.94,586.71,597.1,561.56,0.0,0.0,952.64,0.0,0.0,49.05,165.85365853658536,616.0,0,0,1,0
2026-03-30,0.7988887173946596,0.3467334435875148,0.9331550802139036,0.68,1.94,586.71,597.1,561.56,0.0,0.0,952.64,0.0,0.0,49.05,165.85365853658536,616.0,0,0,1,0
2026-03-31,0.7191696249421206,0.3121387235923887,0.8262032085561497,0.76,1.94,586.71,597.1,561.56,0.0,0.0,952.64,0.0,0.0,49.05,165.85365853658536,616.0,1,1,1,0
2026-04-01,0.7644698255903688,0.3317948144987104,0.8877005347593583,0.71,1.94,586.71,597.1,561.56,0.0,0.0,952.64,0.0,0.0,49.05,165.85365853658536,616.0,1,1,1,0
2026-04-02,0.7264238308380921,0.3152836981374001,0.8368983957219251,0.75,1.94,586.71,597.1,561.56,0.0,0.0,952.64,0.0,0.0,49.05,165.85365853658536,616.0,1,1,1,0
2026-04-07,0.7463343108504398,0.3239323781361817,0.8636363636363636,0.73,1.94,586.71,597.1,561.56,0.0,0.0,952.64,0.0,0.0,49.05,165.85365853658536,616.0,1,1,0,0
2026-04-08,0.8079178885630498,0.3506646617687792,0.6176470588235294,0.67,1.94,586.71,597.1,561.56,0.0,0.0,952.64,0.0,0.0,49.05,165.85365853658536,616.0,0,1,0,0
2026-04-09,0.7427072079024539,0.3223598908636759,0.5561497326203209,0.73,1.94,586.71,597.1,561.56,0.0,0.0,952.64,0.0,0.0,49.05,165.85365853658536,616.0,1,1,0,0
2026-04-10,0.778978237382312,0.3380847635887333,0.5909090909090909,0.7,16.42,560.04,582.91,561.56,0.0,0.0,952.64,0.0,0.0,49.05,165.85365853658536,616.0,0,1,0,0
2026-04-13,0.8170242321345886,0.3545958799500435,0.6256684491978609,0.67,16.42,560.04,582.91,561.56,0.0,0.0,952.64,0.0,0.0,49.05,165.85365853658536,616.0,0,1,0,0
2026-04-14,0.797113752122241,0.345947199951262,0.6764705882352942,0.68,16.42,560.04,582.91,561.56,0.0,0.0,952.64,0.0,0.0,49.05,165.85365853658536,616.0,0,1,0,0
2026-04-15,0.766321963265936,0.3325810581349632,0.5802139037433155,0.71,16.42,560.04,582.91,561.56,0.0,0.0,952.64,0.0,0.0,49.05,165.85365853658536,616.0,1,1,0,0
2026-04-16,0.773498996758759,0.3357260326799747,0.5855614973262032,0.7,16.42,560.04,582.91,561.56,0.0,0.0,952.64,0.0,0.0,49.05,165.85365853658536,616.0,1,1,0,0
2026-04-17,0.7608427226423831,0.3302223272262046,0.5748663101604278,0.71,16.42,560.04,582.91,561.56,0.0,0.0,952.64,0.0,0.0,49.05,165.85365853658536,616.0,1,1,0,0
2026-04-20,0.7499614137984256,0.3255048654086874,0.5641711229946524,0.72,16.42,560.04,582.91,561.56,0.0,0.0,952.64,0.0,0.0,49.05,165.85365853658536,616.0,1,1,0,0
2026-04-21,0.797113752122241,0.345947199951262,0.6069518716577541,0.68,16.42,560.04,582.91,561.56,0.0,0.0,952.64,0.0,0.0,49.05,165.85365853658536,616.0,1,1,0,0
2026-04-22,0.7934866491742552,0.3443747126787562,0.6042780748663101,0.68,16.42,560.04,582.91,561.56,0.0,0.0,952.64,0.0,0.0,49.05,165.85365853658536,616.0,1,1,0,0
2026-04-23,0.7535885167464115,0.3270773526811931,0.5668449197860963,0.72,16.42,560.04,582.91,561.56,0.0,0.0,952.64,0.0,0.0,49.05,165.85365853658536,616.0,1,1,0,0
2026-04-24,0.7463343108504398,0.3239323781361817,0.5614973262032086,0.73,16.42,560.04,582.91,561.56,0.0,0.0,952.64,0.0,0.0,49.05,165.85365853658536,616.0,1,1,0,0
2026-04-27,0.8206513350825744,0.3561683672225493,0.6310160427807486,0.66,16.42,560.04,582.91,561.56,0.0,0.0,952.64,0.0,0.0,49.05,165.85365853658536,616.0,1,1,0,0
2026-04-28,0.8604722951072695,0.3734657272201124,0.6684491978609626,0.63,16.42,560.04,582.91,561.56,0.0,0.0,952.64,0.0,0.0,49.05,165.85365853658536,616.0,1,1,0,0
2026-04-29,0.8514431239388793,0.369534509038848,0.6604278074866311,0.64,16.42,560.04,582.91,561.56,0.0,0.0,952.64,0.0,0.0,49.05,165.85365853658536,616.0,1,1,0,0
2026-04-30,0.7807532026547306,0.3388710072249861,0.5935828877005348,0.7,16.42,560.04,582.91,561.56,0.0,0.0,952.64,0.0,0.0,49.05,165.85365853658536,616.0,1,1,0,0
2026-05-04,0.8586973298348509,0.3726794835838595,0.7379679144385026,0.63,16.42,560.04,582.91,561.56,0.0,0.0,952.64,0.0,0.0,49.05,165.85365853658536,616.0,1,1,0,0
2026-05-05,0.9293100787158513,0.4033429853977214,0.7326203208556149,0.58,16.42,560.04,582.91,561.56,0.0,0.0,952.64,0.0,0.0,49.05,165.85365853658536,616.0,1,1,0,0
2026-05-06,0.1948603179503009,0.4434414108466176,0.8181818181818182,0.53,16.42,560.04,582.91,561.56,0.0,0.0,952.64,0.0,0.0,49.05,165.85365853658536,616.0,1,0,0,0
2026-05-07,0.1982559036888408,0.4513038472091463,0.8368983957219251,0.52,16.42,560.04,582.91,561.56,0.0,0.0,952.64,0.0,0.0,49.05,165.85365853658536,616.0,1,0,0,0
2026-05-08,0.1893039049235993,0.4308615126665718,0.7914438502673797,0.55,16.42,560.04,582.91,561.56,0.0,0.0,952.64,0.0,0.0,49.05,165.85365853658536,616.0,1,0,0,0
2026-05-11,0.2079796264855687,0.4733186690242266,0.8823529411764706,0.5,40.29,717.33,623.58,561.56,0.0,0.0,952.64,0.0,0.0,49.05,165.85365853658536,616.0,1,0,0,0
2026-05-12,0.2217934866491742,0.5047684144743413,0.9518716577540108,0.47,40.29,717.33,623.58,561.56,0.0,0.0,952.64,0.0,0.0,49.05,165.85365853658536,616.0,0,0,0,0
2026-05-13,0.2217934866491742,0.5047684144743413,1.0,0.47,40.29,717.33,623.58,561.56,0.0,0.0,952.64,0.0,0.0,49.05,165.85365853658536,616.0,0,0,0,0
2026-05-14,0.2356073468127797,0.5362181599244561,0.9694656488549618,0.44,40.29,717.33,623.58,561.56,0.0,0.0,952.64,0.0,0.0,49.05,165.85365853658536,616.0,0,0,0,0
2026-05-15,0.2152338323815403,0.0067617154656832,0.8753180661577608,0.48,40.29,717.33,623.58,137.0,0.0,0.0,155.6,0.0,0.0,67.89,38.409785932721725,134.92,0,0,0,0
2026-05-18,0.2107578329989195,0.0066206202794008,0.8524173027989822,0.49,40.29,717.33,623.58,137.0,0.0,0.0,155.6,0.0,0.0,67.89,38.409785932721725,134.92,1,0,0,0
2026-05-19,0.1896125945361938,0.0059585582514608,0.7557251908396947,0.55,40.29,717.33,623.58,137.0,0.0,0.0,155.6,0.0,0.0,67.89,38.409785932721725,134.92,1,0,0,0
2026-05-20,0.189998456551937,0.0059694117273286,0.7557251908396947,0.55,40.29,717.33,623.58,137.0,0.0,0.0,155.6,0.0,0.0,67.89,38.409785932721725,134.92,0,0,0,0
2026-05-21,0.2024232134588671,0.006360136858572,0.8142493638676845,0.51,40.29,717.33,623.58,137.0,0.0,0.0,155.6,0.0,0.0,67.89,38.409785932721725,134.92,0,0,0,0
2026-05-22,0.2145392807532026,0.0067400085139474,0.8702290076335877,0.48,40.29,717.33,623.58,137.0,0.0,0.0,155.6,0.0,0.0,67.89,38.409785932721725,134.92,0,0,0,0
2026-05-25,0.2045068683438802,0.0064252577137792,0.8244274809160305,0.51,40.29,717.33,623.58,137.0,0.0,0.0,155.6,0.0,0.0,67.89,38.409785932721725,134.92,0,0,0,0
2026-05-26,0.2096774193548387,0.0065880598517972,0.8498727735368956,0.49,40.29,717.33,623.58,137.0,0.0,0.0,155.6,0.0,0.0,67.89,38.409785932721725,134.92,0,0,0,0
2026-05-27,0.2155425219941348,0.006772568941551,0.8753180661577608,0.48,40.29,717.33,623.58,137.0,0.0,0.0,155.6,0.0,0.0,67.89,38.409785932721725,134.92,0,0,0,0
2026-05-28,0.2238771415341873,0.0070330523623799,0.916030534351145,0.46,40.29,717.33,623.58,137.0,0.0,0.0,155.6,0.0,0.0,67.89,38.409785932721725,134.92,0,0,0,0
2026-05-29,0.2397746565828059,0.007532312252302,0.989821882951654,0.43,40.29,717.33,623.58,137.0,0.0,0.0,155.6,0.0,0.0,67.89,38.409785932721725,134.92,0,0,0,0
2026-06-01,0.2635437567525852,0.008281202087185,1.0,0.39,40.29,717.33,623.58,137.0,0.0,0.0,155.6,0.0,0.0,67.89,38.409785932721725,134.92,0,0,0,0
2026-06-02,0.2898595462262694,0.0091060662531431,1.0,0.36,40.29,717.33,623.58,137.0,0.0,0.0,155.6,0.0,0.0,67.89,38.409785932721725,134.92,0,0,0,0
