,Price_rate_3m,Price_rate_10y,Price_oil,Price_gold,Price_copper,Price_S&P500,Price_Nasdaq,Price_VIX,Price_SOX,Price_FX,Price_BDI,Price_CRB,Price_TX03C,Price_TX03P,Price_TX03F,y_10,y_20,y_40,y_60
1994-01-05,0.0,0.0,0.0,0.0,0.0,0.0,0.0,0.0,0.0,0.0,0.0,0.0,0.0,0.0,0.0,0,0,0,0
1994-01-06,0.0,0.0,0.0,0.0,0.0,0.0,0.0,0.0,0.0,0.0,0.0,0.0,0.0,0.0,0.0,0,0,0,0
1994-01-07,0.0,0.0,0.0,0.0,0.0,0.0,0.0,0.0,0.0,0.0,0.0,0.0,0.0,0.0,0.0,0,0,0,0
1994-01-08,0.0,0.0,0.0,0.0,0.0,0.0,0.0,0.0,0.0,0.0,0.0,0.0,0.0,0.0,0.0,0,0,0,0
1994-01-10,0.0,0.0,0.0,0.0,0.0,0.0,0.0,0.0,0.0,0.0,0.0,0.0,0.0,0.0,0.0,0,0,0,0
1994-01-11,0.0,0.0,0.0,0.0,0.0,0.0,0.0,0.0,0.0,0.0,0.0,0.0,0.0,0.0,0.0,0,0,0,0
1994-01-12,0.0,0.0,0.0,0.0,0.0,0.0,0.0,0.0,0.0,0.0,0.0,0.0,0.0,0.0,0.0,0,0,0,0
1994-01-13,0.0,0.0,0.0,0.0,0.0,0.0,0.0,0.0,0.0,0.0,0.0,0.0,0.0,0.0,0.0,0,0,0,0
1994-01-14,0.0,0.0,0.0,0.0,0.0,0.0,0.0,0.0,0.0,0.0,0.0,0.0,0.0,0.0,0.0,0,0,0,0
1994-01-15,0.0,0.0,0.0,0.0,0.0,0.0,0.0,0.0,0.0,0.0,0.0,0.0,0.0,0.0,0.0,0,0,0,0
1994-01-17,0.0,0.0,0.0,0.0,0.0,0.0,0.0,0.0,0.0,0.0,0.0,0.0,0.0,0.0,0.0,0,0,0,0
1994-01-18,0.0,0.0,0.0,0.0,0.0,0.0,0.0,0.0,0.0,0.0,0.0,0.0,0.0,0.0,0.0,0,0,0,0
1994-01-19,0.0,0.0,0.0,0.0,0.0,0.0,0.0,0.0,0.0,0.0,0.0,0.0,0.0,0.0,0.0,0,0,0,0
1994-01-20,0.0,0.0,0.0,0.0,0.0,0.0,0.0,0.0,0.0,0.0,0.0,0.0,0.0,0.0,0.0,0,0,0,0
1994-01-21,0.0,0.0,0.0,0.0,0.0,0.0,0.0,0.0,0.0,0.0,0.0,0.0,0.0,0.0,0.0,0,0,0,0
1994-01-22,0.0,0.0,0.0,0.0,0.0,0.0,0.0,0.0,0.0,0.0,0.0,0.0,0.0,0.0,0.0,0,0,0,0
1994-01-24,0.0,0.0,0.0,0.0,0.0,0.0,0.0,0.0,0.0,0.0,0.0,0.0,0.0,0.0,0.0,0,0,0,0
1994-01-25,0.0,0.0,0.0,0.0,0.0,0.0,0.0,0.0,0.0,0.0,0.0,0.0,0.0,0.0,0.0,0,0,0,0
1994-01-26,0.0,0.0,0.0,0.0,0.0,0.0,0.0,0.0,0.0,0.0,0.0,0.0,0.0,0.0,0.0,0,0,0,0
1994-01-27,0.0,0.0,0.0,0.0,0.0,0.0,0.0,0.0,0.0,0.0,0.0,0.0,0.0,0.0,0.0,0,0,0,0
1994-01-28,0.0,0.0,0.0,0.0,0.0,0.0,0.0,0.0,0.0,0.0,0.0,0.0,0.0,0.0,0.0,0,0,0,0
1994-01-31,0.0,0.0,0.0,0.0,0.0,0.0,0.0,0.0,0.0,0.0,0.0,0.0,0.0,0.0,0.0,0,0,0,0
1994-02-01,0.0,0.0,0.0,0.0,0.0,0.0,0.0,0.0,0.0,0.0,0.0,0.0,0.0,0.0,0.0,0,0,0,0
1994-02-02,0.0,0.0,0.0,0.0,0.0,0.0,0.0,0.0,0.0,0.0,0.0,0.0,0.0,0.0,0.0,0,0,0,0
1994-02-03,0.0,0.0,0.0,0.0,0.0,0.0,0.0,0.0,0.0,0.0,0.0,0.0,0.0,0.0,0.0,0,0,0,0
1994-02-04,0.0,0.0,0.0,0.0,0.0,0.0,0.0,0.0,0.0,0.0,0.0,0.0,0.0,0.0,0.0,0,0,0,0
1994-02-05,0.0,0.0,0.0,0.0,0.0,0.0,0.0,0.0,0.0,0.0,0.0,0.0,0.0,0.0,0.0,0,0,0,0
1994-02-14,0.0,0.0,0.0,0.0,0.0,0.0,0.0,0.0,0.0,0.0,0.0,0.0,0.0,0.0,0.0,0,0,0,0
1994-02-15,0.0,0.0,0.0,0.0,0.0,0.0,0.0,0.0,0.0,0.0,0.0,0.0,0.0,0.0,0.0,0,0,0,0
1994-02-16,0.0,0.0,0.0,0.0,0.0,0.0,0.0,0.0,0.0,0.0,0.0,0.0,0.0,0.0,0.0,0,0,0,0
1994-02-17,0.0,0.0,0.0,0.0,0.0,0.0,0.0,0.0,0.0,0.0,0.0,0.0,0.0,0.0,0.0,0,0,0,0
1994-02-18,0.0,0.0,0.0,0.0,0.0,0.0,0.0,0.0,0.0,0.0,0.0,0.0,0.0,0.0,0.0,0,0,0,0
1994-02-19,0.0,0.0,0.0,0.0,0.0,0.0,0.0,0.0,0.0,0.0,0.0,0.0,0.0,0.0,0.0,0,0,0,0
1994-02-21,0.0,0.0,0.0,0.0,0.0,0.0,0.0,0.0,0.0,0.0,0.0,0.0,0.0,0.0,0.0,0,0,0,0
1994-02-22,0.0,0.0,0.0,0.0,0.0,0.0,0.0,0.0,0.0,0.0,0.0,0.0,0.0,0.0,0.0,0,0,0,0
1994-02-23,0.0,0.0,0.0,0.0,0.0,0.0,0.0,0.0,0.0,0.0,0.0,0.0,0.0,0.0,0.0,0,0,0,0
1994-02-24,0.0,0.0,0.0,0.0,0.0,0.0,0.0,0.0,0.0,0.0,0.0,0.0,0.0,0.0,0.0,0,0,0,0
1994-02-25,0.0,0.0,0.0,0.0,0.0,0.0,0.0,0.0,0.0,0.0,0.0,0.0,0.0,0.0,0.0,0,0,0,0
1994-02-26,0.0,0.0,0.0,0.0,0.0,0.0,0.0,0.0,0.0,0.0,0.0,0.0,0.0,0.0,0.0,0,0,0,0
1994-02-28,0.0,0.0,0.0,0.0,0.0,0.0,0.0,0.0,0.0,0.0,0.0,0.0,0.0,0.0,0.0,0,0,0,0
1994-03-01,0.0,0.0,0.0,0.0,0.0,0.0,0.0,0.0,0.0,0.0,0.0,0.0,0.0,0.0,0.0,0,0,0,0
1994-03-02,0.0,0.0,0.0,0.0,0.0,0.0,0.0,0.0,0.0,0.0,0.0,0.0,0.0,0.0,0.0,0,0,0,0
1994-03-03,0.0,0.0,0.0,0.0,0.0,0.0,0.0,0.0,0.0,0.0,0.0,0.0,0.0,0.0,0.0,0,0,0,0
1994-03-04,0.0,0.0,0.0,0.0,0.0,0.0,0.0,0.0,0.0,0.0,0.0,0.0,0.0,0.0,0.0,0,0,0,0
1994-03-05,0.0,0.0,0.0,0.0,0.0,0.0,0.0,0.0,0.0,0.0,0.0,0.0,0.0,0.0,0.0,0,0,0,0
1994-03-07,0.0,0.0,0.0,0.0,0.0,0.0,0.0,0.0,0.0,0.0,0.0,0.0,0.0,0.0,0.0,0,0,0,0
1994-03-08,0.0,0.0,0.0,0.0,0.0,0.0,0.0,0.0,0.0,0.0,0.0,0.0,0.0,0.0,0.0,0,0,0,0
1994-03-09,0.0,0.0,0.0,0.0,0.0,0.0,0.0,0.0,0.0,0.0,0.0,0.0,0.0,0.0,0.0,0,0,0,0
1994-03-10,0.0,0.0,0.0,0.0,0.0,0.0,0.0,0.0,0.0,0.0,0.0,0.0,0.0,0.0,0.0,0,0,0,0
1994-03-11,0.0,0.0,0.0,0.0,0.0,0.0,0.0,0.0,0.0,0.0,0.0,0.0,0.0,0.0,0.0,0,0,0,0
1994-03-12,0.0,0.0,0.0,0.0,0.0,0.0,0.0,0.0,0.0,0.0,0.0,0.0,0.0,0.0,0.0,0,0,0,0
1994-03-14,0.0,0.0,0.0,0.0,0.0,0.0,0.0,0.0,0.0,0.0,0.0,0.0,0.0,0.0,0.0,0,0,0,0
1994-03-15,0.0,0.0,0.0,0.0,0.0,0.0,0.0,0.0,0.0,0.0,0.0,0.0,0.0,0.0,0.0,0,0,0,0
1994-03-16,0.0,0.0,0.0,0.0,0.0,0.0,0.0,0.0,0.0,0.0,0.0,0.0,0.0,0.0,0.0,0,0,0,0
1994-03-17,0.0,0.0,0.0,0.0,0.0,0.0,0.0,0.0,0.0,0.0,0.0,0.0,0.0,0.0,0.0,0,0,0,0
1994-03-18,0.0,0.0,0.0,0.0,0.0,0.0,0.0,0.0,0.0,0.0,0.0,0.0,0.0,0.0,0.0,0,0,0,0
1994-03-19,0.0,0.0,0.0,0.0,0.0,0.0,0.0,0.0,0.0,0.0,0.0,0.0,0.0,0.0,0.0,0,0,0,0
1994-03-21,0.0,0.0,0.0,0.0,0.0,0.0,0.0,0.0,0.0,0.0,0.0,0.0,0.0,0.0,0.0,0,0,0,0
1994-03-22,0.0,0.0,0.0,0.0,0.0,0.0,0.0,0.0,0.0,0.0,0.0,0.0,0.0,0.0,0.0,0,0,0,0
1994-03-23,0.0,0.0,0.0,0.0,0.0,0.0,0.0,0.0,0.0,0.0,0.0,0.0,0.0,0.0,0.0,0,0,0,0
1994-03-24,0.0,0.0,0.0,0.0,0.0,0.0,0.0,0.0,0.0,0.0,0.0,0.0,0.0,0.0,0.0,0,0,0,0
1994-03-25,0.0,0.0,0.0,0.0,0.0,0.0,0.0,0.0,0.0,0.0,0.0,0.0,0.0,0.0,0.0,0,0,0,0
1994-03-26,0.0,0.0,0.0,0.0,0.0,0.0,0.0,0.0,0.0,0.0,0.0,0.0,0.0,0.0,0.0,0,0,0,0
1994-03-28,0.0,0.0,0.0,0.0,0.0,0.0,0.0,0.0,0.0,0.0,0.0,0.0,0.0,0.0,0.0,0,0,0,0
1994-03-30,0.0,0.0,0.0,0.0,0.0,0.0,0.0,0.0,0.0,0.0,0.0,0.0,0.0,0.0,0.0,0,0,0,0
1994-03-31,0.0,0.0,0.0,0.0,0.0,0.0,0.0,0.0,0.0,0.0,0.0,0.0,0.0,0.0,0.0,0,0,0,0
1994-04-01,0.0,0.0,0.0,0.0,0.0,0.0,0.0,0.0,0.0,0.0,0.0,0.0,0.0,0.0,0.0,0,0,0,0
1994-04-02,0.0,0.0,0.0,0.0,0.0,0.0,0.0,0.0,0.0,0.0,0.0,0.0,0.0,0.0,0.0,0,0,0,0
1994-04-06,0.0,0.0,0.0,0.0,0.0,0.0,0.0,0.0,0.0,0.0,0.0,0.0,0.0,0.0,0.0,0,0,0,0
1994-04-07,0.0,0.0,0.0,0.0,0.0,0.0,0.0,0.0,0.0,0.0,0.0,0.0,0.0,0.0,0.0,0,0,0,0
1994-04-08,0.0,0.0,0.0,0.0,0.0,0.0,0.0,0.0,0.0,0.0,0.0,0.0,0.0,0.0,0.0,0,0,0,0
1994-04-09,0.0,0.0,0.0,0.0,0.0,0.0,0.0,0.0,0.0,0.0,0.0,0.0,0.0,0.0,0.0,0,0,0,0
1994-04-11,0.0,0.0,0.0,0.0,0.0,0.0,0.0,0.0,0.0,0.0,0.0,0.0,0.0,0.0,0.0,0,0,0,0
1994-04-12,0.0,0.0,0.0,0.0,0.0,0.0,0.0,0.0,0.0,0.0,0.0,0.0,0.0,0.0,0.0,0,0,0,0
1994-04-13,0.0,0.0,0.0,0.0,0.0,0.0,0.0,0.0,0.0,0.0,0.0,0.0,0.0,0.0,0.0,0,0,0,0
1994-04-14,0.0,0.0,0.0,0.0,0.0,0.0,0.0,0.0,0.0,0.0,0.0,0.0,0.0,0.0,0.0,0,0,0,0
1994-04-15,0.0,0.0,0.0,0.0,0.0,0.0,0.0,0.0,0.0,0.0,0.0,0.0,0.0,0.0,0.0,0,0,0,0
1994-04-16,0.0,0.0,0.0,0.0,0.0,0.0,0.0,0.0,0.0,0.0,0.0,0.0,0.0,0.0,0.0,0,0,0,0
1994-04-18,0.0,0.0,0.0,0.0,0.0,0.0,0.0,0.0,0.0,0.0,0.0,0.0,0.0,0.0,0.0,0,0,0,0
1994-04-19,0.0,0.0,0.0,0.0,0.0,0.0,0.0,0.0,0.0,0.0,0.0,0.0,0.0,0.0,0.0,0,0,0,0
1994-04-20,0.0,0.0,0.0,0.0,0.0,0.0,0.0,0.0,0.0,0.0,0.0,0.0,0.0,0.0,0.0,0,0,0,0
1994-04-21,0.0,0.0,0.0,0.0,0.0,0.0,0.0,0.0,0.0,0.0,0.0,0.0,0.0,0.0,0.0,0,0,0,0
1994-04-22,0.0,0.0,0.0,0.0,0.0,0.0,0.0,0.0,0.0,0.0,0.0,0.0,0.0,0.0,0.0,0,0,0,0
1994-04-23,0.0,0.0,0.0,0.0,0.0,0.0,0.0,0.0,0.0,0.0,0.0,0.0,0.0,0.0,0.0,0,0,0,0
1994-04-25,0.0,0.0,0.0,0.0,0.0,0.0,0.0,0.0,0.0,0.0,0.0,0.0,0.0,0.0,0.0,0,0,0,0
1994-04-26,0.0,0.0,0.0,0.0,0.0,0.0,0.0,0.0,0.0,0.0,0.0,0.0,0.0,0.0,0.0,0,0,0,0
1994-04-27,0.0,0.0,0.0,0.0,0.0,0.0,0.0,0.0,0.0,0.0,0.0,0.0,0.0,0.0,0.0,0,0,0,0
1994-04-28,0.0,0.0,0.0,0.0,0.0,0.0,0.0,0.0,0.0,0.0,0.0,0.0,0.0,0.0,0.0,0,0,0,0
1994-04-29,0.0,0.0,0.0,0.0,0.0,0.0,0.0,0.0,0.0,0.0,0.0,0.0,0.0,0.0,0.0,0,0,0,0
1994-04-30,0.0,0.0,0.0,0.0,0.0,0.0,0.0,0.0,0.0,0.0,0.0,0.0,0.0,0.0,0.0,0,0,0,0
1994-05-02,0.0,0.0,0.0,0.0,0.0,0.0,0.0,0.0,0.0,0.0,0.0,0.0,0.0,0.0,0.0,0,0,0,0
1994-05-03,0.0,0.0,0.0,0.0,0.0,0.0,0.0,0.0,0.0,0.0,0.0,0.0,0.0,0.0,0.0,0,0,0,0
1994-05-04,0.0,0.0,0.0,0.0,0.0,0.0,0.0,0.0,0.0,0.0,0.0,0.0,0.0,0.0,0.0,0,0,0,0
1994-05-05,0.0,0.0,0.0,0.0,0.0,0.0,0.0,0.0,0.0,0.0,0.0,0.0,0.0,0.0,0.0,0,0,0,0
1994-05-06,0.0,0.0,0.0,0.0,0.0,0.0,0.0,0.0,0.0,0.0,0.0,0.0,0.0,0.0,0.0,0,0,0,0
1994-05-07,0.0,0.0,0.0,0.0,0.0,0.0,0.0,0.0,0.0,0.0,0.0,0.0,0.0,0.0,0.0,0,0,0,0
1994-05-09,0.0,0.0,0.0,0.0,0.0,0.0,0.0,0.0,0.0,0.0,0.0,0.0,0.0,0.0,0.0,0,0,0,0
1994-05-10,0.0,0.0,0.0,0.0,0.0,0.0,0.0,0.0,0.0,0.0,0.0,0.0,0.0,0.0,0.0,0,0,0,0
1994-05-11,0.0,0.0,0.0,0.0,0.0,0.0,0.0,0.0,0.0,0.0,0.0,0.0,0.0,0.0,0.0,0,0,0,0
1994-05-12,0.0,0.0,0.0,0.0,0.0,0.0,0.0,0.0,0.0,0.0,0.0,0.0,0.0,0.0,0.0,0,0,0,0
1994-05-13,0.0,0.0,0.0,0.0,0.0,0.0,0.0,0.0,0.0,0.0,0.0,0.0,0.0,0.0,0.0,0,0,0,0
1994-05-14,0.0,0.0,0.0,0.0,0.0,0.0,0.0,0.0,0.0,0.0,0.0,0.0,0.0,0.0,0.0,0,0,0,0
1994-05-16,0.0,0.0,0.0,0.0,0.0,0.0,0.0,0.0,0.0,0.0,0.0,0.0,0.0,0.0,0.0,0,0,0,0
1994-05-17,0.0,0.0,0.0,0.0,0.0,0.0,0.0,0.0,0.0,0.0,0.0,0.0,0.0,0.0,0.0,0,0,0,0
1994-05-18,0.0,0.0,0.0,0.0,0.0,0.0,0.0,0.0,0.0,0.0,0.0,0.0,0.0,0.0,0.0,0,0,0,0
1994-05-19,0.0,0.0,0.0,0.0,0.0,0.0,0.0,0.0,0.0,0.0,0.0,0.0,0.0,0.0,0.0,0,0,0,0
1994-05-20,0.0,0.0,0.0,0.0,0.0,0.0,0.0,0.0,0.0,0.0,0.0,0.0,0.0,0.0,0.0,0,0,0,0
1994-05-21,0.0,0.0,0.0,0.0,0.0,0.0,0.0,0.0,0.0,0.0,0.0,0.0,0.0,0.0,0.0,0,0,0,0
1994-05-23,0.0,0.0,0.0,0.0,0.0,0.0,0.0,0.0,0.0,0.0,0.0,0.0,0.0,0.0,0.0,0,0,0,0
1994-05-24,0.0,0.0,0.0,0.0,0.0,0.0,0.0,0.0,0.0,0.0,0.0,0.0,0.0,0.0,0.0,0,0,0,0
1994-05-25,0.0,0.0,0.0,0.0,0.0,0.0,0.0,0.0,0.0,0.0,0.0,0.0,0.0,0.0,0.0,0,0,0,0
1994-05-26,0.0,0.0,0.0,0.0,0.0,0.0,0.0,0.0,0.0,0.0,0.0,0.0,0.0,0.0,0.0,0,0,0,0
1994-05-27,0.0,0.0,0.0,0.0,0.0,0.0,0.0,0.0,0.0,0.0,0.0,0.0,0.0,0.0,0.0,0,0,0,0
1994-05-28,0.0,0.0,0.0,0.0,0.0,0.0,0.0,0.0,0.0,0.0,0.0,0.0,0.0,0.0,0.0,0,0,0,0
1994-05-30,0.0,0.0,0.0,0.0,0.0,0.0,0.0,0.0,0.0,0.0,0.0,0.0,0.0,0.0,0.0,0,0,0,0
1994-05-31,0.0,0.0,0.0,0.0,0.0,0.0,0.0,0.0,0.0,0.0,0.0,0.0,0.0,0.0,0.0,0,0,0,0
1994-06-01,0.0,0.0,0.0,0.0,0.0,0.0,0.0,0.0,0.0,0.0,0.0,0.0,0.0,0.0,0.0,0,0,0,0
1994-06-02,0.0,0.0,0.0,0.0,0.0,0.0,0.0,0.0,0.0,0.0,0.0,0.0,0.0,0.0,0.0,0,0,0,0
1994-06-03,0.0,0.0,0.0,0.0,0.0,0.0,0.0,0.0,0.0,0.0,0.0,0.0,0.0,0.0,0.0,0,0,0,0
1994-06-04,0.0,0.0,0.0,0.0,0.0,0.0,0.0,0.0,0.0,0.0,0.0,0.0,0.0,0.0,0.0,0,0,0,0
1994-06-06,0.0,0.0,0.0,0.0,0.0,0.0,0.0,0.0,0.0,0.0,0.0,0.0,0.0,0.0,0.0,0,0,0,0
1994-06-07,0.0,0.0,0.0,0.0,0.0,0.0,0.0,0.0,0.0,0.0,0.0,0.0,0.0,0.0,0.0,0,0,0,0
1994-06-08,0.0,0.0,0.0,0.0,0.0,0.0,0.0,0.0,0.0,0.0,0.0,0.0,0.0,0.0,0.0,0,0,0,0
1994-06-09,0.0,0.0,0.0,0.0,0.0,0.0,0.0,0.0,0.0,0.0,0.0,0.0,0.0,0.0,0.0,0,0,0,0
1994-06-10,0.0,0.0,0.0,0.0,0.0,0.0,0.0,0.0,0.0,0.0,0.0,0.0,0.0,0.0,0.0,0,0,0,0
1994-06-11,0.0,0.0,0.0,0.0,0.0,0.0,0.0,0.0,0.0,0.0,0.0,0.0,0.0,0.0,0.0,0,0,0,0
1994-06-14,0.0,0.0,0.0,0.0,0.0,0.0,0.0,0.0,0.0,0.0,0.0,0.0,0.0,0.0,0.0,0,0,0,0
1994-06-15,0.0,0.0,0.0,0.0,0.0,0.0,0.0,0.0,0.0,0.0,0.0,0.0,0.0,0.0,0.0,0,0,0,0
1994-06-16,0.0,0.0,0.0,0.0,0.0,0.0,0.0,0.0,0.0,0.0,0.0,0.0,0.0,0.0,0.0,0,0,0,0
1994-06-17,0.0,0.0,0.0,0.0,0.0,0.0,0.0,0.0,0.0,0.0,0.0,0.0,0.0,0.0,0.0,0,0,0,0
1994-06-20,0.0,0.0,0.0,0.0,0.0,0.0,0.0,0.0,0.0,0.0,0.0,0.0,0.0,0.0,0.0,0,0,0,0
1994-06-21,0.0,0.0,0.0,0.0,0.0,0.0,0.0,0.0,0.0,0.0,0.0,0.0,0.0,0.0,0.0,0,0,0,0
1994-06-22,0.0,0.0,0.0,0.0,0.0,0.0,0.0,0.0,0.0,0.0,0.0,0.0,0.0,0.0,0.0,0,0,0,0
1994-06-23,0.0,0.0,0.0,0.0,0.0,0.0,0.0,0.0,0.0,0.0,0.0,0.0,0.0,0.0,0.0,0,0,0,0
1994-06-24,0.0,0.0,0.0,0.0,0.0,0.0,0.0,0.0,0.0,0.0,0.0,0.0,0.0,0.0,0.0,0,0,0,0
1994-06-25,0.0,0.0,0.0,0.0,0.0,0.0,0.0,0.0,0.0,0.0,0.0,0.0,0.0,0.0,0.0,0,0,0,0
1994-06-27,0.0,0.0,0.0,0.0,0.0,0.0,0.0,0.0,0.0,0.0,0.0,0.0,0.0,0.0,0.0,0,0,0,0
1994-06-28,0.0,0.0,0.0,0.0,0.0,0.0,0.0,0.0,0.0,0.0,0.0,0.0,0.0,0.0,0.0,0,0,0,0
1994-06-29,0.0,0.0,0.0,0.0,0.0,0.0,0.0,0.0,0.0,0.0,0.0,0.0,0.0,0.0,0.0,0,0,0,0
1994-06-30,0.0,0.0,0.0,0.0,0.0,0.0,0.0,0.0,0.0,0.0,0.0,0.0,0.0,0.0,0.0,0,0,0,0
1994-07-02,0.0,0.0,0.0,0.0,0.0,0.0,0.0,0.0,0.0,0.0,0.0,0.0,0.0,0.0,0.0,0,0,0,0
1994-07-04,0.0,0.0,0.0,0.0,0.0,0.0,0.0,0.0,0.0,0.0,0.0,0.0,0.0,0.0,0.0,0,0,0,0
1994-07-05,0.0,0.0,0.0,0.0,0.0,0.0,0.0,0.0,0.0,0.0,0.0,0.0,0.0,0.0,0.0,0,0,0,0
1994-07-06,0.0,0.0,0.0,0.0,0.0,0.0,0.0,0.0,0.0,0.0,0.0,0.0,0.0,0.0,0.0,0,0,0,0
1994-07-07,0.0,0.0,0.0,0.0,0.0,0.0,0.0,0.0,0.0,0.0,0.0,0.0,0.0,0.0,0.0,0,0,0,0
1994-07-08,0.0,0.0,0.0,0.0,0.0,0.0,0.0,0.0,0.0,0.0,0.0,0.0,0.0,0.0,0.0,0,0,0,0
1994-07-09,0.0,0.0,0.0,0.0,0.0,0.0,0.0,0.0,0.0,0.0,0.0,0.0,0.0,0.0,0.0,0,0,0,0
1994-07-11,0.0,0.0,0.0,0.0,0.0,0.0,0.0,0.0,0.0,0.0,0.0,0.0,0.0,0.0,0.0,0,0,0,0
1994-07-12,0.0,0.0,0.0,0.0,0.0,0.0,0.0,0.0,0.0,0.0,0.0,0.0,0.0,0.0,0.0,0,0,0,0
1994-07-13,0.0,0.0,0.0,0.0,0.0,0.0,0.0,0.0,0.0,0.0,0.0,0.0,0.0,0.0,0.0,0,0,0,0
1994-07-14,0.0,0.0,0.0,0.0,0.0,0.0,0.0,0.0,0.0,0.0,0.0,0.0,0.0,0.0,0.0,0,0,0,0
1994-07-15,0.0,0.0,0.0,0.0,0.0,0.0,0.0,0.0,0.0,0.0,0.0,0.0,0.0,0.0,0.0,0,0,0,0
1994-07-18,0.0,0.0,0.0,0.0,0.0,0.0,0.0,0.0,0.0,0.0,0.0,0.0,0.0,0.0,0.0,0,0,0,0
1994-07-19,0.0,0.0,0.0,0.0,0.0,0.0,0.0,0.0,0.0,0.0,0.0,0.0,0.0,0.0,0.0,0,0,0,0
1994-07-20,0.0,0.0,0.0,0.0,0.0,0.0,0.0,0.0,0.0,0.0,0.0,0.0,0.0,0.0,0.0,0,0,0,0
1994-07-21,0.0,0.0,0.0,0.0,0.0,0.0,0.0,0.0,0.0,0.0,0.0,0.0,0.0,0.0,0.0,0,0,0,0
1994-07-22,0.0,0.0,0.0,0.0,0.0,0.0,0.0,0.0,0.0,0.0,0.0,0.0,0.0,0.0,0.0,0,0,0,0
1994-07-23,0.0,0.0,0.0,0.0,0.0,0.0,0.0,0.0,0.0,0.0,0.0,0.0,0.0,0.0,0.0,0,0,0,0
1994-07-25,0.0,0.0,0.0,0.0,0.0,0.0,0.0,0.0,0.0,0.0,0.0,0.0,0.0,0.0,0.0,0,0,0,0
1994-07-26,0.0,0.0,0.0,0.0,0.0,0.0,0.0,0.0,0.0,0.0,0.0,0.0,0.0,0.0,0.0,0,0,0,0
1994-07-27,0.0,0.0,0.0,0.0,0.0,0.0,0.0,0.0,0.0,0.0,0.0,0.0,0.0,0.0,0.0,0,0,0,0
1994-07-28,0.0,0.0,0.0,0.0,0.0,0.0,0.0,0.0,0.0,0.0,0.0,0.0,0.0,0.0,0.0,0,0,0,0
1994-07-29,0.0,0.0,0.0,0.0,0.0,0.0,0.0,0.0,0.0,0.0,0.0,0.0,0.0,0.0,0.0,0,0,0,0
1994-07-30,0.0,0.0,0.0,0.0,0.0,0.0,0.0,0.0,0.0,0.0,0.0,0.0,0.0,0.0,0.0,0,0,0,0
1994-08-01,0.0,0.0,0.0,0.0,0.0,0.0,0.0,0.0,0.0,0.0,0.0,0.0,0.0,0.0,0.0,0,0,0,0
1994-08-02,0.0,0.0,0.0,0.0,0.0,0.0,0.0,0.0,0.0,0.0,0.0,0.0,0.0,0.0,0.0,0,0,0,0
1994-08-03,0.0,0.0,0.0,0.0,0.0,0.0,0.0,0.0,0.0,0.0,0.0,0.0,0.0,0.0,0.0,0,0,0,0
1994-08-04,0.0,0.0,0.0,0.0,0.0,0.0,0.0,0.0,0.0,0.0,0.0,0.0,0.0,0.0,0.0,0,0,0,0
1994-08-05,0.0,0.0,0.0,0.0,0.0,0.0,0.0,0.0,0.0,0.0,0.0,0.0,0.0,0.0,0.0,0,0,0,0
1994-08-06,0.0,0.0,0.0,0.0,0.0,0.0,0.0,0.0,0.0,0.0,0.0,0.0,0.0,0.0,0.0,0,0,0,0
1994-08-09,0.0,0.0,0.0,0.0,0.0,0.0,0.0,0.0,0.0,0.0,0.0,0.0,0.0,0.0,0.0,0,0,0,0
1994-08-10,0.0,0.0,0.0,0.0,0.0,0.0,0.0,0.0,0.0,0.0,0.0,0.0,0.0,0.0,0.0,0,0,0,0
1994-08-11,0.0,0.0,0.0,0.0,0.0,0.0,0.0,0.0,0.0,0.0,0.0,0.0,0.0,0.0,0.0,0,0,0,0
1994-08-12,0.0,0.0,0.0,0.0,0.0,0.0,0.0,0.0,0.0,0.0,0.0,0.0,0.0,0.0,0.0,0,0,0,0
1994-08-13,0.0,0.0,0.0,0.0,0.0,0.0,0.0,0.0,0.0,0.0,0.0,0.0,0.0,0.0,0.0,0,0,0,0
1994-08-15,0.0,0.0,0.0,0.0,0.0,0.0,0.0,0.0,0.0,0.0,0.0,0.0,0.0,0.0,0.0,0,0,0,0
1994-08-16,0.0,0.0,0.0,0.0,0.0,0.0,0.0,0.0,0.0,0.0,0.0,0.0,0.0,0.0,0.0,0,0,0,0
1994-08-17,0.0,0.0,0.0,0.0,0.0,0.0,0.0,0.0,0.0,0.0,0.0,0.0,0.0,0.0,0.0,0,0,0,0
1994-08-18,0.0,0.0,0.0,0.0,0.0,0.0,0.0,0.0,0.0,0.0,0.0,0.0,0.0,0.0,0.0,0,0,0,0
1994-08-19,0.0,0.0,0.0,0.0,0.0,0.0,0.0,0.0,0.0,0.0,0.0,0.0,0.0,0.0,0.0,0,0,0,0
1994-08-20,0.0,0.0,0.0,0.0,0.0,0.0,0.0,0.0,0.0,0.0,0.0,0.0,0.0,0.0,0.0,0,0,0,0
1994-08-22,0.0,0.0,0.0,0.0,0.0,0.0,0.0,0.0,0.0,0.0,0.0,0.0,0.0,0.0,0.0,0,0,0,0
1994-08-23,0.0,0.0,0.0,0.0,0.0,0.0,0.0,0.0,0.0,0.0,0.0,0.0,0.0,0.0,0.0,0,0,0,0
1994-08-24,0.0,0.0,0.0,0.0,0.0,0.0,0.0,0.0,0.0,0.0,0.0,0.0,0.0,0.0,0.0,0,0,0,0
1994-08-25,0.0,0.0,0.0,0.0,0.0,0.0,0.0,0.0,0.0,0.0,0.0,0.0,0.0,0.0,0.0,0,0,0,0
1994-08-26,0.0,0.0,0.0,0.0,0.0,0.0,0.0,0.0,0.0,0.0,0.0,0.0,0.0,0.0,0.0,0,0,0,0
1994-08-27,0.0,0.0,0.0,0.0,0.0,0.0,0.0,0.0,0.0,0.0,0.0,0.0,0.0,0.0,0.0,0,0,0,0
1994-08-29,0.0,0.0,0.0,0.0,0.0,0.0,0.0,0.0,0.0,0.0,0.0,0.0,0.0,0.0,0.0,0,0,0,0
1994-08-30,0.0,0.0,0.0,0.0,0.0,0.0,0.0,0.0,0.0,0.0,0.0,0.0,0.0,0.0,0.0,0,0,0,0
1994-08-31,0.0,0.0,0.0,0.0,0.0,0.0,0.0,0.0,0.0,0.0,0.0,0.0,0.0,0.0,0.0,0,0,0,0
1994-09-01,0.0,0.0,0.0,0.0,0.0,0.0,0.0,0.0,0.0,0.0,0.0,0.0,0.0,0.0,0.0,0,0,0,0
1994-09-02,0.0,0.0,0.0,0.0,0.0,0.0,0.0,0.0,0.0,0.0,0.0,0.0,0.0,0.0,0.0,0,0,0,0
1994-09-03,0.0,0.0,0.0,0.0,0.0,0.0,0.0,0.0,0.0,0.0,0.0,0.0,0.0,0.0,0.0,0,0,0,0
1994-09-05,0.0,0.0,0.0,0.0,0.0,0.0,0.0,0.0,0.0,0.0,0.0,0.0,0.0,0.0,0.0,0,0,0,0
1994-09-06,0.0,0.0,0.0,0.0,0.0,0.0,0.0,0.0,0.0,0.0,0.0,0.0,0.0,0.0,0.0,0,0,0,0
1994-09-07,0.0,0.0,0.0,0.0,0.0,0.0,0.0,0.0,0.0,0.0,0.0,0.0,0.0,0.0,0.0,0,0,0,0
1994-09-08,0.0,0.0,0.0,0.0,0.0,0.0,0.0,0.0,0.0,0.0,0.0,0.0,0.0,0.0,0.0,0,0,0,0
1994-09-09,0.0,0.0,0.0,0.0,0.0,0.0,0.0,0.0,0.0,0.0,0.0,0.0,0.0,0.0,0.0,0,0,0,0
1994-09-10,0.0,0.0,0.0,0.0,0.0,0.0,0.0,0.0,0.0,0.0,0.0,0.0,0.0,0.0,0.0,0,0,0,0
1994-09-12,0.0,0.0,0.0,0.0,0.0,0.0,0.0,0.0,0.0,0.0,0.0,0.0,0.0,0.0,0.0,0,0,0,0
1994-09-13,0.0,0.0,0.0,0.0,0.0,0.0,0.0,0.0,0.0,0.0,0.0,0.0,0.0,0.0,0.0,0,0,0,0
1994-09-14,0.0,0.0,0.0,0.0,0.0,0.0,0.0,0.0,0.0,0.0,0.0,0.0,0.0,0.0,0.0,0,0,0,0
1994-09-15,0.0,0.0,0.0,0.0,0.0,0.0,0.0,0.0,0.0,0.0,0.0,0.0,0.0,0.0,0.0,0,0,0,0
1994-09-16,0.0,0.0,0.0,0.0,0.0,0.0,0.0,0.0,0.0,0.0,0.0,0.0,0.0,0.0,0.0,0,0,0,0
1994-09-17,0.0,0.0,0.0,0.0,0.0,0.0,0.0,0.0,0.0,0.0,0.0,0.0,0.0,0.0,0.0,0,0,0,0
1994-09-21,0.0,0.0,0.0,0.0,0.0,0.0,0.0,0.0,0.0,0.0,0.0,0.0,0.0,0.0,0.0,0,0,0,0
1994-09-22,0.0,0.0,0.0,0.0,0.0,0.0,0.0,0.0,0.0,0.0,0.0,0.0,0.0,0.0,0.0,0,0,0,0
1994-09-23,0.0,0.0,0.0,0.0,0.0,0.0,0.0,0.0,0.0,0.0,0.0,0.0,0.0,0.0,0.0,0,0,0,0
1994-09-24,0.0,0.0,0.0,0.0,0.0,0.0,0.0,0.0,0.0,0.0,0.0,0.0,0.0,0.0,0.0,0,0,0,0
1994-09-26,0.0,0.0,0.0,0.0,0.0,0.0,0.0,0.0,0.0,0.0,0.0,0.0,0.0,0.0,0.0,0,0,0,0
1994-09-27,0.0,0.0,0.0,0.0,0.0,0.0,0.0,0.0,0.0,0.0,0.0,0.0,0.0,0.0,0.0,0,0,0,0
1994-09-29,0.0,0.0,0.0,0.0,0.0,0.0,0.0,0.0,0.0,0.0,0.0,0.0,0.0,0.0,0.0,0,0,0,0
1994-09-30,0.0,0.0,0.0,0.0,0.0,0.0,0.0,0.0,0.0,0.0,0.0,0.0,0.0,0.0,0.0,0,0,0,0
1994-10-01,0.0,0.0,0.0,0.0,0.0,0.0,0.0,0.0,0.0,0.0,0.0,0.0,0.0,0.0,0.0,0,0,0,0
1994-10-03,0.0,0.0,0.0,0.0,0.0,0.0,0.0,0.0,0.0,0.0,0.0,0.0,0.0,0.0,0.0,0,0,0,0
1994-10-04,0.0,0.0,0.0,0.0,0.0,0.0,0.0,0.0,0.0,0.0,0.0,0.0,0.0,0.0,0.0,0,0,0,0
1994-10-05,0.0,0.0,0.0,0.0,0.0,0.0,0.0,0.0,0.0,0.0,0.0,0.0,0.0,0.0,0.0,0,0,0,0
1994-10-06,0.0,0.0,0.0,0.0,0.0,0.0,0.0,0.0,0.0,0.0,0.0,0.0,0.0,0.0,0.0,0,0,0,0
1994-10-07,0.0,0.0,0.0,0.0,0.0,0.0,0.0,0.0,0.0,0.0,0.0,0.0,0.0,0.0,0.0,0,0,0,0
1994-10-08,0.0,0.0,0.0,0.0,0.0,0.0,0.0,0.0,0.0,0.0,0.0,0.0,0.0,0.0,0.0,0,0,0,0
1994-10-11,0.0,0.0,0.0,0.0,0.0,0.0,0.0,0.0,0.0,0.0,0.0,0.0,0.0,0.0,0.0,0,0,0,0
1994-10-12,0.0,0.0,0.0,0.0,0.0,0.0,0.0,0.0,0.0,0.0,0.0,0.0,0.0,0.0,0.0,0,0,0,0
1994-10-13,0.0,0.0,0.0,0.0,0.0,0.0,0.0,0.0,0.0,0.0,0.0,0.0,0.0,0.0,0.0,0,0,0,0
1994-10-14,0.0,0.0,0.0,0.0,0.0,0.0,0.0,0.0,0.0,0.0,0.0,0.0,0.0,0.0,0.0,0,0,0,0
1994-10-15,0.0,0.0,0.0,0.0,0.0,0.0,0.0,0.0,0.0,0.0,0.0,0.0,0.0,0.0,0.0,0,0,0,0
1994-10-17,0.0,0.0,0.0,0.0,0.0,0.0,0.0,0.0,0.0,0.0,0.0,0.0,0.0,0.0,0.0,0,0,0,0
1994-10-18,0.0,0.0,0.0,0.0,0.0,0.0,0.0,0.0,0.0,0.0,0.0,0.0,0.0,0.0,0.0,0,0,0,0
1994-10-19,0.0,0.0,0.0,0.0,0.0,0.0,0.0,0.0,0.0,0.0,0.0,0.0,0.0,0.0,0.0,0,0,0,0
1994-10-20,0.0,0.0,0.0,0.0,0.0,0.0,0.0,0.0,0.0,0.0,0.0,0.0,0.0,0.0,0.0,0,0,0,0
1994-10-21,0.0,0.0,0.0,0.0,0.0,0.0,0.0,0.0,0.0,0.0,0.0,0.0,0.0,0.0,0.0,0,0,0,0
1994-10-22,0.0,0.0,0.0,0.0,0.0,0.0,0.0,0.0,0.0,0.0,0.0,0.0,0.0,0.0,0.0,0,0,0,0
1994-10-24,0.0,0.0,0.0,0.0,0.0,0.0,0.0,0.0,0.0,0.0,0.0,0.0,0.0,0.0,0.0,0,0,0,0
1994-10-26,0.0,0.0,0.0,0.0,0.0,0.0,0.0,0.0,0.0,0.0,0.0,0.0,0.0,0.0,0.0,0,0,0,0
1994-10-27,0.0,0.0,0.0,0.0,0.0,0.0,0.0,0.0,0.0,0.0,0.0,0.0,0.0,0.0,0.0,0,0,0,0
1994-10-28,0.0,0.0,0.0,0.0,0.0,0.0,0.0,0.0,0.0,0.0,0.0,0.0,0.0,0.0,0.0,0,0,0,0
1994-10-29,0.0,0.0,0.0,0.0,0.0,0.0,0.0,0.0,0.0,0.0,0.0,0.0,0.0,0.0,0.0,0,0,0,0
1994-11-01,0.0,0.0,0.0,0.0,0.0,0.0,0.0,0.0,0.0,0.0,0.0,0.0,0.0,0.0,0.0,0,0,0,0
1994-11-02,0.0,0.0,0.0,0.0,0.0,0.0,0.0,0.0,0.0,0.0,0.0,0.0,0.0,0.0,0.0,0,0,0,0
1994-11-03,0.0,0.0,0.0,0.0,0.0,0.0,0.0,0.0,0.0,0.0,0.0,0.0,0.0,0.0,0.0,0,0,0,0
1994-11-04,0.0,0.0,0.0,0.0,0.0,0.0,0.0,0.0,0.0,0.0,0.0,0.0,0.0,0.0,0.0,0,0,0,0
1994-11-05,0.0,0.0,0.0,0.0,0.0,0.0,0.0,0.0,0.0,0.0,0.0,0.0,0.0,0.0,0.0,0,0,0,0
1994-11-07,0.0,0.0,0.0,0.0,0.0,0.0,0.0,0.0,0.0,0.0,0.0,0.0,0.0,0.0,0.0,0,0,0,0
1994-11-08,0.0,0.0,0.0,0.0,0.0,0.0,0.0,0.0,0.0,0.0,0.0,0.0,0.0,0.0,0.0,0,0,0,0
1994-11-09,0.0,0.0,0.0,0.0,0.0,0.0,0.0,0.0,0.0,0.0,0.0,0.0,0.0,0.0,0.0,0,0,0,0
1994-11-10,0.0,0.0,0.0,0.0,0.0,0.0,0.0,0.0,0.0,0.0,0.0,0.0,0.0,0.0,0.0,0,0,0,0
1994-11-11,0.0,0.0,0.0,0.0,0.0,0.0,0.0,0.0,0.0,0.0,0.0,0.0,0.0,0.0,0.0,0,0,0,0
1994-11-14,0.0,0.0,0.0,0.0,0.0,0.0,0.0,0.0,0.0,0.0,0.0,0.0,0.0,0.0,0.0,0,0,0,0
1994-11-15,0.0,0.0,0.0,0.0,0.0,0.0,0.0,0.0,0.0,0.0,0.0,0.0,0.0,0.0,0.0,0,0,0,0
1994-11-16,0.0,0.0,0.0,0.0,0.0,0.0,0.0,0.0,0.0,0.0,0.0,0.0,0.0,0.0,0.0,0,0,0,0
1994-11-17,0.0,0.0,0.0,0.0,0.0,0.0,0.0,0.0,0.0,0.0,0.0,0.0,0.0,0.0,0.0,0,0,0,0
1994-11-18,0.0,0.0,0.0,0.0,0.0,0.0,0.0,0.0,0.0,0.0,0.0,0.0,0.0,0.0,0.0,0,0,0,0
1994-11-19,0.0,0.0,0.0,0.0,0.0,0.0,0.0,0.0,0.0,0.0,0.0,0.0,0.0,0.0,0.0,0,0,0,0
1994-11-21,0.0,0.0,0.0,0.0,0.0,0.0,0.0,0.0,0.0,0.0,0.0,0.0,0.0,0.0,0.0,0,0,0,0
1994-11-22,0.0,0.0,0.0,0.0,0.0,0.0,0.0,0.0,0.0,0.0,0.0,0.0,0.0,0.0,0.0,0,0,0,0
1994-11-23,0.0,0.0,0.0,0.0,0.0,0.0,0.0,0.0,0.0,0.0,0.0,0.0,0.0,0.0,0.0,0,0,0,0
1994-11-24,0.0,0.0,0.0,0.0,0.0,0.0,0.0,0.0,0.0,0.0,0.0,0.0,0.0,0.0,0.0,0,0,0,0
1994-11-25,0.0,0.0,0.0,0.0,0.0,0.0,0.0,0.0,0.0,0.0,0.0,0.0,0.0,0.0,0.0,0,0,0,0
1994-11-26,0.0,0.0,0.0,0.0,0.0,0.0,0.0,0.0,0.0,0.0,0.0,0.0,0.0,0.0,0.0,0,0,0,0
1994-11-28,0.0,0.0,0.0,0.0,0.0,0.0,0.0,0.0,0.0,0.0,0.0,0.0,0.0,0.0,0.0,0,0,0,0
1994-11-29,0.0,0.0,0.0,0.0,0.0,0.0,0.0,0.0,0.0,0.0,0.0,0.0,0.0,0.0,0.0,0,0,0,0
1994-11-30,0.0,0.0,0.0,0.0,0.0,0.0,0.0,0.0,0.0,0.0,0.0,0.0,0.0,0.0,0.0,0,0,0,0
1994-12-01,0.0,0.0,0.0,0.0,0.0,0.0,0.0,0.0,0.0,0.0,0.0,0.0,0.0,0.0,0.0,0,0,0,0
1994-12-02,0.0,0.0,0.0,0.0,0.0,0.0,0.0,0.0,0.0,0.0,0.0,0.0,0.0,0.0,0.0,0,0,0,0
1994-12-05,0.0,0.0,0.0,0.0,0.0,0.0,0.0,0.0,0.0,0.0,0.0,0.0,0.0,0.0,0.0,0,0,0,0
1994-12-06,0.0,0.0,0.0,0.0,0.0,0.0,0.0,0.0,0.0,0.0,0.0,0.0,0.0,0.0,0.0,0,0,0,0
1994-12-07,0.0,0.0,0.0,0.0,0.0,0.0,0.0,0.0,0.0,0.0,0.0,0.0,0.0,0.0,0.0,0,0,0,0
1994-12-08,0.0,0.0,0.0,0.0,0.0,0.0,0.0,0.0,0.0,0.0,0.0,0.0,0.0,0.0,0.0,0,0,0,0
1994-12-09,0.0,0.0,0.0,0.0,0.0,0.0,0.0,0.0,0.0,0.0,0.0,0.0,0.0,0.0,0.0,0,0,0,0
1994-12-10,0.0,0.0,0.0,0.0,0.0,0.0,0.0,0.0,0.0,0.0,0.0,0.0,0.0,0.0,0.0,0,0,0,0
1994-12-12,0.0,0.0,0.0,0.0,0.0,0.0,0.0,0.0,0.0,0.0,0.0,0.0,0.0,0.0,0.0,0,0,0,0
1994-12-13,0.0,0.0,0.0,0.0,0.0,0.0,0.0,0.0,0.0,0.0,0.0,0.0,0.0,0.0,0.0,0,0,0,0
1994-12-14,0.0,0.0,0.0,0.0,0.0,0.0,0.0,0.0,0.0,0.0,0.0,0.0,0.0,0.0,0.0,0,0,0,0
1994-12-15,0.0,0.0,0.0,0.0,0.0,0.0,0.0,0.0,0.0,0.0,0.0,0.0,0.0,0.0,0.0,0,0,0,0
1994-12-16,0.0,0.0,0.0,0.0,0.0,0.0,0.0,0.0,0.0,0.0,0.0,0.0,0.0,0.0,0.0,0,0,0,0
1994-12-17,0.0,0.0,0.0,0.0,0.0,0.0,0.0,0.0,0.0,0.0,0.0,0.0,0.0,0.0,0.0,0,0,0,0
1994-12-19,0.0,0.0,0.0,0.0,0.0,0.0,0.0,0.0,0.0,0.0,0.0,0.0,0.0,0.0,0.0,0,0,0,0
1994-12-20,0.0,0.0,0.0,0.0,0.0,0.0,0.0,0.0,0.0,0.0,0.0,0.0,0.0,0.0,0.0,0,0,0,0
1994-12-21,0.0,0.0,0.0,0.0,0.0,0.0,0.0,0.0,0.0,0.0,0.0,0.0,0.0,0.0,0.0,0,0,0,0
1994-12-22,0.0,0.0,0.0,0.0,0.0,0.0,0.0,0.0,0.0,0.0,0.0,0.0,0.0,0.0,0.0,0,0,0,0
1994-12-23,0.0,0.0,0.0,0.0,0.0,0.0,0.0,0.0,0.0,0.0,0.0,0.0,0.0,0.0,0.0,0,0,0,0
1994-12-24,0.0,0.0,0.0,0.0,0.0,0.0,0.0,0.0,0.0,0.0,0.0,0.0,0.0,0.0,0.0,0,0,0,0
1994-12-27,0.0,0.0,0.0,0.0,0.0,0.0,0.0,0.0,0.0,0.0,0.0,0.0,0.0,0.0,0.0,0,0,0,0
1994-12-28,0.0,0.0,0.0,0.0,0.0,0.0,0.0,0.0,0.0,0.0,0.0,0.0,0.0,0.0,0.0,0,0,0,0
1994-12-29,0.0,0.0,0.0,0.0,0.0,0.0,0.0,0.0,0.0,0.0,0.0,0.0,0.0,0.0,0.0,0,0,0,0
1994-12-30,0.0,0.0,0.0,0.0,0.0,0.0,0.0,0.0,0.0,0.0,0.0,0.0,0.0,0.0,0.0,0,0,0,0
1994-12-31,0.0,0.0,0.0,0.0,0.0,0.0,0.0,0.0,0.0,0.0,0.0,0.0,0.0,0.0,0.0,0,0,0,0
1995-01-05,0.0,0.0,0.0,0.0,0.0,0.0,0.0,0.0,0.0,0.0,0.0,0.0,0.0,0.0,0.0,0,0,0,0
1995-01-06,0.0,0.0,0.0,0.0,0.0,0.0,0.0,0.0,0.0,0.0,0.0,0.0,0.0,0.0,0.0,0,0,0,0
1995-01-07,0.0,0.0,0.0,0.0,0.0,0.0,0.0,0.0,0.0,0.0,0.0,0.0,0.0,0.0,0.0,0,0,0,0
1995-01-09,0.0,0.0,0.0,0.0,0.0,0.0,0.0,0.0,0.0,0.0,0.0,0.0,0.0,0.0,0.0,0,0,0,0
1995-01-10,0.0,0.0,0.0,0.0,0.0,0.0,0.0,0.0,0.0,0.0,0.0,0.0,0.0,0.0,0.0,0,0,0,0
1995-01-11,0.0,0.0,0.0,0.0,0.0,0.0,0.0,0.0,0.0,0.0,0.0,0.0,0.0,0.0,0.0,0,0,0,0
1995-01-12,0.0,0.0,0.0,0.0,0.0,0.0,0.0,0.0,0.0,0.0,0.0,0.0,0.0,0.0,0.0,0,0,0,0
1995-01-13,0.0,0.0,0.0,0.0,0.0,0.0,0.0,0.0,0.0,0.0,0.0,0.0,0.0,0.0,0.0,0,0,0,0
1995-01-14,0.0,0.0,0.0,0.0,0.0,0.0,0.0,0.0,0.0,0.0,0.0,0.0,0.0,0.0,0.0,0,0,0,0
1995-01-16,0.0,0.0,0.0,0.0,0.0,0.0,0.0,0.0,0.0,0.0,0.0,0.0,0.0,0.0,0.0,0,0,0,0
1995-01-17,0.0,0.0,0.0,0.0,0.0,0.0,0.0,0.0,0.0,0.0,0.0,0.0,0.0,0.0,0.0,0,0,0,0
1995-01-18,0.0,0.0,0.0,0.0,0.0,0.0,0.0,0.0,0.0,0.0,0.0,0.0,0.0,0.0,0.0,0,0,0,0
1995-01-19,0.0,0.0,0.0,0.0,0.0,0.0,0.0,0.0,0.0,0.0,0.0,0.0,0.0,0.0,0.0,0,0,0,0
1995-01-20,0.0,0.0,0.0,0.0,0.0,0.0,0.0,0.0,0.0,0.0,0.0,0.0,0.0,0.0,0.0,0,0,0,0
1995-01-21,0.0,0.0,0.0,0.0,0.0,0.0,0.0,0.0,0.0,0.0,0.0,0.0,0.0,0.0,0.0,0,0,0,0
1995-01-23,0.0,0.0,0.0,0.0,0.0,0.0,0.0,0.0,0.0,0.0,0.0,0.0,0.0,0.0,0.0,0,0,0,0
1995-01-24,0.0,0.0,0.0,0.0,0.0,0.0,0.0,0.0,0.0,0.0,0.0,0.0,0.0,0.0,0.0,0,0,0,0
1995-01-25,0.0,0.0,0.0,0.0,0.0,0.0,0.0,0.0,0.0,0.0,0.0,0.0,0.0,0.0,0.0,0,0,0,0
1995-01-26,0.0,0.0,0.0,0.0,0.0,0.0,0.0,0.0,0.0,0.0,0.0,0.0,0.0,0.0,0.0,0,0,0,0
1995-02-04,0.0,0.0,0.0,0.0,0.0,0.0,0.0,0.0,0.0,0.0,0.0,0.0,0.0,0.0,0.0,0,0,0,0
1995-02-06,0.0,0.0,0.0,0.0,0.0,0.0,0.0,0.0,0.0,0.0,0.0,0.0,0.0,0.0,0.0,0,0,0,0
1995-02-07,0.0,0.0,0.0,0.0,0.0,0.0,0.0,0.0,0.0,0.0,0.0,0.0,0.0,0.0,0.0,0,0,0,0
1995-02-08,0.0,0.0,0.0,0.0,0.0,0.0,0.0,0.0,0.0,0.0,0.0,0.0,0.0,0.0,0.0,0,0,0,0
1995-02-09,0.0,0.0,0.0,0.0,0.0,0.0,0.0,0.0,0.0,0.0,0.0,0.0,0.0,0.0,0.0,0,0,0,0
1995-02-10,0.0,0.0,0.0,0.0,0.0,0.0,0.0,0.0,0.0,0.0,0.0,0.0,0.0,0.0,0.0,0,0,0,0
1995-02-11,0.0,0.0,0.0,0.0,0.0,0.0,0.0,0.0,0.0,0.0,0.0,0.0,0.0,0.0,0.0,0,0,0,0
1995-02-13,0.0,0.0,0.0,0.0,0.0,0.0,0.0,0.0,0.0,0.0,0.0,0.0,0.0,0.0,0.0,0,0,0,0
1995-02-14,0.0,0.0,0.0,0.0,0.0,0.0,0.0,0.0,0.0,0.0,0.0,0.0,0.0,0.0,0.0,0,0,0,0
1995-02-15,0.0,0.0,0.0,0.0,0.0,0.0,0.0,0.0,0.0,0.0,0.0,0.0,0.0,0.0,0.0,0,0,0,0
1995-02-16,0.0,0.0,0.0,0.0,0.0,0.0,0.0,0.0,0.0,0.0,0.0,0.0,0.0,0.0,0.0,0,0,0,0
1995-02-17,0.0,0.0,0.0,0.0,0.0,0.0,0.0,0.0,0.0,0.0,0.0,0.0,0.0,0.0,0.0,0,0,0,0
1995-02-18,0.0,0.0,0.0,0.0,0.0,0.0,0.0,0.0,0.0,0.0,0.0,0.0,0.0,0.0,0.0,0,0,0,0
1995-02-20,0.0,0.0,0.0,0.0,0.0,0.0,0.0,0.0,0.0,0.0,0.0,0.0,0.0,0.0,0.0,0,0,0,0
1995-02-21,0.0,0.0,0.0,0.0,0.0,0.0,0.0,0.0,0.0,0.0,0.0,0.0,0.0,0.0,0.0,0,0,0,0
1995-02-22,0.0,0.0,0.0,0.0,0.0,0.0,0.0,0.0,0.0,0.0,0.0,0.0,0.0,0.0,0.0,0,0,0,0
1995-02-23,0.0,0.0,0.0,0.0,0.0,0.0,0.0,0.0,0.0,0.0,0.0,0.0,0.0,0.0,0.0,0,0,0,0
1995-02-24,0.0,0.0,0.0,0.0,0.0,0.0,0.0,0.0,0.0,0.0,0.0,0.0,0.0,0.0,0.0,0,0,0,0
1995-02-25,0.0,0.0,0.0,0.0,0.0,0.0,0.0,0.0,0.0,0.0,0.0,0.0,0.0,0.0,0.0,0,0,0,0
1995-02-27,0.0,0.0,0.0,0.0,0.0,0.0,0.0,0.0,0.0,0.0,0.0,0.0,0.0,0.0,0.0,0,0,0,0
1995-02-28,0.0,0.0,0.0,0.0,0.0,0.0,0.0,0.0,0.0,0.0,0.0,0.0,0.0,0.0,0.0,0,0,0,0
1995-03-01,0.0,0.0,0.0,0.0,0.0,0.0,0.0,0.0,0.0,0.0,0.0,0.0,0.0,0.0,0.0,0,0,0,0
1995-03-02,0.0,0.0,0.0,0.0,0.0,0.0,0.0,0.0,0.0,0.0,0.0,0.0,0.0,0.0,0.0,0,0,0,0
1995-03-03,0.0,0.0,0.0,0.0,0.0,0.0,0.0,0.0,0.0,0.0,0.0,0.0,0.0,0.0,0.0,0,0,0,0
1995-03-04,0.0,0.0,0.0,0.0,0.0,0.0,0.0,0.0,0.0,0.0,0.0,0.0,0.0,0.0,0.0,0,0,0,0
1995-03-06,0.0,0.0,0.0,0.0,0.0,0.0,0.0,0.0,0.0,0.0,0.0,0.0,0.0,0.0,0.0,0,0,0,0
1995-03-07,0.0,0.0,0.0,0.0,0.0,0.0,0.0,0.0,0.0,0.0,0.0,0.0,0.0,0.0,0.0,0,0,0,0
1995-03-08,0.0,0.0,0.0,0.0,0.0,0.0,0.0,0.0,0.0,0.0,0.0,0.0,0.0,0.0,0.0,0,0,0,0
1995-03-09,0.0,0.0,0.0,0.0,0.0,0.0,0.0,0.0,0.0,0.0,0.0,0.0,0.0,0.0,0.0,0,0,0,0
1995-03-10,0.0,0.0,0.0,0.0,0.0,0.0,0.0,0.0,0.0,0.0,0.0,0.0,0.0,0.0,0.0,0,0,0,0
1995-03-11,0.0,0.0,0.0,0.0,0.0,0.0,0.0,0.0,0.0,0.0,0.0,0.0,0.0,0.0,0.0,0,0,0,0
1995-03-13,0.0,0.0,0.0,0.0,0.0,0.0,0.0,0.0,0.0,0.0,0.0,0.0,0.0,0.0,0.0,0,0,0,0
1995-03-14,0.0,0.0,0.0,0.0,0.0,0.0,0.0,0.0,0.0,0.0,0.0,0.0,0.0,0.0,0.0,0,0,0,0
1995-03-15,0.0,0.0,0.0,0.0,0.0,0.0,0.0,0.0,0.0,0.0,0.0,0.0,0.0,0.0,0.0,0,0,0,0
1995-03-16,0.0,0.0,0.0,0.0,0.0,0.0,0.0,0.0,0.0,0.0,0.0,0.0,0.0,0.0,0.0,0,0,0,0
1995-03-17,0.0,0.0,0.0,0.0,0.0,0.0,0.0,0.0,0.0,0.0,0.0,0.0,0.0,0.0,0.0,0,0,0,0
1995-03-18,0.0,0.0,0.0,0.0,0.0,0.0,0.0,0.0,0.0,0.0,0.0,0.0,0.0,0.0,0.0,0,0,0,0
1995-03-20,0.0,0.0,0.0,0.0,0.0,0.0,0.0,0.0,0.0,0.0,0.0,0.0,0.0,0.0,0.0,0,0,0,0
1995-03-21,0.0,0.0,0.0,0.0,0.0,0.0,0.0,0.0,0.0,0.0,0.0,0.0,0.0,0.0,0.0,0,0,0,0
1995-03-22,0.0,0.0,0.0,0.0,0.0,0.0,0.0,0.0,0.0,0.0,0.0,0.0,0.0,0.0,0.0,0,0,0,0
1995-03-23,0.0,0.0,0.0,0.0,0.0,0.0,0.0,0.0,0.0,0.0,0.0,0.0,0.0,0.0,0.0,0,0,0,0
1995-03-24,0.0,0.0,0.0,0.0,0.0,0.0,0.0,0.0,0.0,0.0,0.0,0.0,0.0,0.0,0.0,0,0,0,0
1995-03-25,0.0,0.0,0.0,0.0,0.0,0.0,0.0,0.0,0.0,0.0,0.0,0.0,0.0,0.0,0.0,0,0,0,0
1995-03-27,0.0,0.0,0.0,0.0,0.0,0.0,0.0,0.0,0.0,0.0,0.0,0.0,0.0,0.0,0.0,0,0,0,0
1995-03-28,0.0,0.0,0.0,0.0,0.0,0.0,0.0,0.0,0.0,0.0,0.0,0.0,0.0,0.0,0.0,0,0,0,0
1995-03-30,0.0,0.0,0.0,0.0,0.0,0.0,0.0,0.0,0.0,0.0,0.0,0.0,0.0,0.0,0.0,0,0,0,0
1995-03-31,0.0,0.0,0.0,0.0,0.0,0.0,0.0,0.0,0.0,0.0,0.0,0.0,0.0,0.0,0.0,0,0,0,0
1995-04-01,0.0,0.0,0.0,0.0,0.0,0.0,0.0,0.0,0.0,0.0,0.0,0.0,0.0,0.0,0.0,0,0,0,0
1995-04-06,0.0,0.0,0.0,0.0,0.0,0.0,0.0,0.0,0.0,0.0,0.0,0.0,0.0,0.0,0.0,0,0,0,0
1995-04-07,0.0,0.0,0.0,0.0,0.0,0.0,0.0,0.0,0.0,0.0,0.0,0.0,0.0,0.0,0.0,0,0,0,0
1995-04-08,0.0,0.0,0.0,0.0,0.0,0.0,0.0,0.0,0.0,0.0,0.0,0.0,0.0,0.0,0.0,0,0,0,0
1995-04-10,0.0,0.0,0.0,0.0,0.0,0.0,0.0,0.0,0.0,0.0,0.0,0.0,0.0,0.0,0.0,0,0,0,0
1995-04-11,0.0,0.0,0.0,0.0,0.0,0.0,0.0,0.0,0.0,0.0,0.0,0.0,0.0,0.0,0.0,0,0,0,0
1995-04-12,0.0,0.0,0.0,0.0,0.0,0.0,0.0,0.0,0.0,0.0,0.0,0.0,0.0,0.0,0.0,0,0,0,0
1995-04-13,0.0,0.0,0.0,0.0,0.0,0.0,0.0,0.0,0.0,0.0,0.0,0.0,0.0,0.0,0.0,0,0,0,0
1995-04-14,0.0,0.0,0.0,0.0,0.0,0.0,0.0,0.0,0.0,0.0,0.0,0.0,0.0,0.0,0.0,0,0,0,0
1995-04-15,0.0,0.0,0.0,0.0,0.0,0.0,0.0,0.0,0.0,0.0,0.0,0.0,0.0,0.0,0.0,0,0,0,0
1995-04-17,0.0,0.0,0.0,0.0,0.0,0.0,0.0,0.0,0.0,0.0,0.0,0.0,0.0,0.0,0.0,0,0,0,0
1995-04-18,0.0,0.0,0.0,0.0,0.0,0.0,0.0,0.0,0.0,0.0,0.0,0.0,0.0,0.0,0.0,0,0,0,0
1995-04-19,0.0,0.0,0.0,0.0,0.0,0.0,0.0,0.0,0.0,0.0,0.0,0.0,0.0,0.0,0.0,0,0,0,0
1995-04-20,0.0,0.0,0.0,0.0,0.0,0.0,0.0,0.0,0.0,0.0,0.0,0.0,0.0,0.0,0.0,0,0,0,0
1995-04-21,0.0,0.0,0.0,0.0,0.0,0.0,0.0,0.0,0.0,0.0,0.0,0.0,0.0,0.0,0.0,0,0,0,0
1995-04-22,0.0,0.0,0.0,0.0,0.0,0.0,0.0,0.0,0.0,0.0,0.0,0.0,0.0,0.0,0.0,0,0,0,0
1995-04-24,0.0,0.0,0.0,0.0,0.0,0.0,0.0,0.0,0.0,0.0,0.0,0.0,0.0,0.0,0.0,0,0,0,0
1995-04-25,0.0,0.0,0.0,0.0,0.0,0.0,0.0,0.0,0.0,0.0,0.0,0.0,0.0,0.0,0.0,0,0,0,0
1995-04-26,0.0,0.0,0.0,0.0,0.0,0.0,0.0,0.0,0.0,0.0,0.0,0.0,0.0,0.0,0.0,0,0,0,0
1995-04-27,0.0,0.0,0.0,0.0,0.0,0.0,0.0,0.0,0.0,0.0,0.0,0.0,0.0,0.0,0.0,0,0,0,0
1995-04-28,0.0,0.0,0.0,0.0,0.0,0.0,0.0,0.0,0.0,0.0,0.0,0.0,0.0,0.0,0.0,0,0,0,0
1995-04-29,0.0,0.0,0.0,0.0,0.0,0.0,0.0,0.0,0.0,0.0,0.0,0.0,0.0,0.0,0.0,0,0,0,0
1995-05-01,0.0,0.0,0.0,0.0,0.0,0.0,0.0,0.0,0.0,0.0,0.0,0.0,0.0,0.0,0.0,0,0,0,0
1995-05-02,0.0,0.0,0.0,0.0,0.0,0.0,0.0,0.0,0.0,0.0,0.0,0.0,0.0,0.0,0.0,0,0,0,0
1995-05-03,0.0,0.0,0.0,0.0,0.0,0.0,0.0,0.0,0.0,0.0,0.0,0.0,0.0,0.0,0.0,0,0,0,0
1995-05-04,0.0,0.0,0.0,0.0,0.0,0.0,0.0,0.0,0.0,0.0,0.0,0.0,0.0,0.0,0.0,0,0,0,0
1995-05-05,0.0,0.0,0.0,0.0,0.0,0.0,0.0,0.0,0.0,0.0,0.0,0.0,0.0,0.0,0.0,0,0,0,0
1995-05-06,0.0,0.0,0.0,0.0,0.0,0.0,0.0,0.0,0.0,0.0,0.0,0.0,0.0,0.0,0.0,0,0,0,0
1995-05-08,0.0,0.0,0.0,0.0,0.0,0.0,0.0,0.0,0.0,0.0,0.0,0.0,0.0,0.0,0.0,0,0,0,0
1995-05-09,0.0,0.0,0.0,0.0,0.0,0.0,0.0,0.0,0.0,0.0,0.0,0.0,0.0,0.0,0.0,0,0,0,0
1995-05-10,0.0,0.0,0.0,0.0,0.0,0.0,0.0,0.0,0.0,0.0,0.0,0.0,0.0,0.0,0.0,0,0,0,0
1995-05-11,0.0,0.0,0.0,0.0,0.0,0.0,0.0,0.0,0.0,0.0,0.0,0.0,0.0,0.0,0.0,0,0,0,0
1995-05-12,0.0,0.0,0.0,0.0,0.0,0.0,0.0,0.0,0.0,0.0,0.0,0.0,0.0,0.0,0.0,0,0,0,0
1995-05-13,0.0,0.0,0.0,0.0,0.0,0.0,0.0,0.0,0.0,0.0,0.0,0.0,0.0,0.0,0.0,0,0,0,0
1995-05-15,0.0,0.0,0.0,0.0,0.0,0.0,0.0,0.0,0.0,0.0,0.0,0.0,0.0,0.0,0.0,0,0,0,0
1995-05-16,0.0,0.0,0.0,0.0,0.0,0.0,0.0,0.0,0.0,0.0,0.0,0.0,0.0,0.0,0.0,0,0,0,0
1995-05-17,0.0,0.0,0.0,0.0,0.0,0.0,0.0,0.0,0.0,0.0,0.0,0.0,0.0,0.0,0.0,0,0,0,0
1995-05-18,0.0,0.0,0.0,0.0,0.0,0.0,0.0,0.0,0.0,0.0,0.0,0.0,0.0,0.0,0.0,0,0,0,0
1995-05-19,0.0,0.0,0.0,0.0,0.0,0.0,0.0,0.0,0.0,0.0,0.0,0.0,0.0,0.0,0.0,0,0,0,0
1995-05-20,0.0,0.0,0.0,0.0,0.0,0.0,0.0,0.0,0.0,0.0,0.0,0.0,0.0,0.0,0.0,0,0,0,0
1995-05-22,0.0,0.0,0.0,0.0,0.0,0.0,0.0,0.0,0.0,0.0,0.0,0.0,0.0,0.0,0.0,0,0,0,0
1995-05-23,0.0,0.0,0.0,0.0,0.0,0.0,0.0,0.0,0.0,0.0,0.0,0.0,0.0,0.0,0.0,0,0,0,0
1995-05-24,0.0,0.0,0.0,0.0,0.0,0.0,0.0,0.0,0.0,0.0,0.0,0.0,0.0,0.0,0.0,0,0,0,0
1995-05-25,0.0,0.0,0.0,0.0,0.0,0.0,0.0,0.0,0.0,0.0,0.0,0.0,0.0,0.0,0.0,0,0,0,0
1995-05-26,0.0,0.0,0.0,0.0,0.0,0.0,0.0,0.0,0.0,0.0,0.0,0.0,0.0,0.0,0.0,0,0,0,0
1995-05-27,0.0,0.0,0.0,0.0,0.0,0.0,0.0,0.0,0.0,0.0,0.0,0.0,0.0,0.0,0.0,0,0,0,0
1995-05-29,0.0,0.0,0.0,0.0,0.0,0.0,0.0,0.0,0.0,0.0,0.0,0.0,0.0,0.0,0.0,0,0,0,0
1995-05-30,0.0,0.0,0.0,0.0,0.0,0.0,0.0,0.0,0.0,0.0,0.0,0.0,0.0,0.0,0.0,0,0,0,0
1995-05-31,0.0,0.0,0.0,0.0,0.0,0.0,0.0,0.0,0.0,0.0,0.0,0.0,0.0,0.0,0.0,0,0,0,0
1995-06-01,0.0,0.0,0.0,0.0,0.0,0.0,0.0,0.0,0.0,0.0,0.0,0.0,0.0,0.0,0.0,0,0,0,0
1995-06-05,0.0,0.0,0.0,0.0,0.0,0.0,0.0,0.0,0.0,0.0,0.0,0.0,0.0,0.0,0.0,0,0,0,0
1995-06-06,0.0,0.0,0.0,0.0,0.0,0.0,0.0,0.0,0.0,0.0,0.0,0.0,0.0,0.0,0.0,0,0,0,0
1995-06-07,0.0,0.0,0.0,0.0,0.0,0.0,0.0,0.0,0.0,0.0,0.0,0.0,0.0,0.0,0.0,0,0,0,0
1995-06-08,0.0,0.0,0.0,0.0,0.0,0.0,0.0,0.0,0.0,0.0,0.0,0.0,0.0,0.0,0.0,0,0,0,0
1995-06-09,0.0,0.0,0.0,0.0,0.0,0.0,0.0,0.0,0.0,0.0,0.0,0.0,0.0,0.0,0.0,0,0,0,0
1995-06-10,0.0,0.0,0.0,0.0,0.0,0.0,0.0,0.0,0.0,0.0,0.0,0.0,0.0,0.0,0.0,0,0,0,0
1995-06-12,0.0,0.0,0.0,0.0,0.0,0.0,0.0,0.0,0.0,0.0,0.0,0.0,0.0,0.0,0.0,0,0,0,0
1995-06-13,0.0,0.0,0.0,0.0,0.0,0.0,0.0,0.0,0.0,0.0,0.0,0.0,0.0,0.0,0.0,0,0,0,0
1995-06-14,0.0,0.0,0.0,0.0,0.0,0.0,0.0,0.0,0.0,0.0,0.0,0.0,0.0,0.0,0.0,0,0,0,0
1995-06-15,0.0,0.0,0.0,0.0,0.0,0.0,0.0,0.0,0.0,0.0,0.0,0.0,0.0,0.0,0.0,0,0,0,0
1995-06-16,0.0,0.0,0.0,0.0,0.0,0.0,0.0,0.0,0.0,0.0,0.0,0.0,0.0,0.0,0.0,0,0,0,0
1995-06-17,0.0,0.0,0.0,0.0,0.0,0.0,0.0,0.0,0.0,0.0,0.0,0.0,0.0,0.0,0.0,0,0,0,0
1995-06-19,0.0,0.0,0.0,0.0,0.0,0.0,0.0,0.0,0.0,0.0,0.0,0.0,0.0,0.0,0.0,0,0,0,0
1995-06-20,0.0,0.0,0.0,0.0,0.0,0.0,0.0,0.0,0.0,0.0,0.0,0.0,0.0,0.0,0.0,0,0,0,0
1995-06-21,0.0,0.0,0.0,0.0,0.0,0.0,0.0,0.0,0.0,0.0,0.0,0.0,0.0,0.0,0.0,0,0,0,0
1995-06-22,0.0,0.0,0.0,0.0,0.0,0.0,0.0,0.0,0.0,0.0,0.0,0.0,0.0,0.0,0.0,0,0,0,0
1995-06-23,0.0,0.0,0.0,0.0,0.0,0.0,0.0,0.0,0.0,0.0,0.0,0.0,0.0,0.0,0.0,0,0,0,0
1995-06-24,0.0,0.0,0.0,0.0,0.0,0.0,0.0,0.0,0.0,0.0,0.0,0.0,0.0,0.0,0.0,0,0,0,0
1995-06-26,0.0,0.0,0.0,0.0,0.0,0.0,0.0,0.0,0.0,0.0,0.0,0.0,0.0,0.0,0.0,0,0,0,0
1995-06-27,0.0,0.0,0.0,0.0,0.0,0.0,0.0,0.0,0.0,0.0,0.0,0.0,0.0,0.0,0.0,0,0,0,0
1995-06-28,0.0,0.0,0.0,0.0,0.0,0.0,0.0,0.0,0.0,0.0,0.0,0.0,0.0,0.0,0.0,0,0,0,0
1995-06-29,0.0,0.0,0.0,0.0,0.0,0.0,0.0,0.0,0.0,0.0,0.0,0.0,0.0,0.0,0.0,0,0,0,0
1995-06-30,0.0,0.0,0.0,0.0,0.0,0.0,0.0,0.0,0.0,0.0,0.0,0.0,0.0,0.0,0.0,0,0,0,0
1995-07-03,0.0,0.0,0.0,0.0,0.0,0.0,0.0,0.0,0.0,0.0,0.0,0.0,0.0,0.0,0.0,0,0,0,0
1995-07-04,0.0,0.0,0.0,0.0,0.0,0.0,0.0,0.0,0.0,0.0,0.0,0.0,0.0,0.0,0.0,0,0,0,0
1995-07-05,0.0,0.0,0.0,0.0,0.0,0.0,0.0,0.0,0.0,0.0,0.0,0.0,0.0,0.0,0.0,0,0,0,0
1995-07-06,0.0,0.0,0.0,0.0,0.0,0.0,0.0,0.0,0.0,0.0,0.0,0.0,0.0,0.0,0.0,0,0,0,0
1995-07-07,0.0,0.0,0.0,0.0,0.0,0.0,0.0,0.0,0.0,0.0,0.0,0.0,0.0,0.0,0.0,0,0,0,0
1995-07-08,0.0,0.0,0.0,0.0,0.0,0.0,0.0,0.0,0.0,0.0,0.0,0.0,0.0,0.0,0.0,0,0,0,0
1995-07-10,0.0,0.0,0.0,0.0,0.0,0.0,0.0,0.0,0.0,0.0,0.0,0.0,0.0,0.0,0.0,0,0,0,0
1995-07-11,0.0,0.0,0.0,0.0,0.0,0.0,0.0,0.0,0.0,0.0,0.0,0.0,0.0,0.0,0.0,0,0,0,0
1995-07-12,0.0,0.0,0.0,0.0,0.0,0.0,0.0,0.0,0.0,0.0,0.0,0.0,0.0,0.0,0.0,0,0,0,0
1995-07-13,0.0,0.0,0.0,0.0,0.0,0.0,0.0,0.0,0.0,0.0,0.0,0.0,0.0,0.0,0.0,0,0,0,0
1995-07-14,0.0,0.0,0.0,0.0,0.0,0.0,0.0,0.0,0.0,0.0,0.0,0.0,0.0,0.0,0.0,0,0,0,0
1995-07-15,0.0,0.0,0.0,0.0,0.0,0.0,0.0,0.0,0.0,0.0,0.0,0.0,0.0,0.0,0.0,0,0,0,0
1995-07-17,0.0,0.0,0.0,0.0,0.0,0.0,0.0,0.0,0.0,0.0,0.0,0.0,0.0,0.0,0.0,0,0,0,0
1995-07-18,0.0,0.0,0.0,0.0,0.0,0.0,0.0,0.0,0.0,0.0,0.0,0.0,0.0,0.0,0.0,0,0,0,0
1995-07-19,0.0,0.0,0.0,0.0,0.0,0.0,0.0,0.0,0.0,0.0,0.0,0.0,0.0,0.0,0.0,0,0,0,0
1995-07-20,0.0,0.0,0.0,0.0,0.0,0.0,0.0,0.0,0.0,0.0,0.0,0.0,0.0,0.0,0.0,0,0,0,0
1995-07-21,0.0,0.0,0.0,0.0,0.0,0.0,0.0,0.0,0.0,0.0,0.0,0.0,0.0,0.0,0.0,0,0,0,0
1995-07-22,0.0,0.0,0.0,0.0,0.0,0.0,0.0,0.0,0.0,0.0,0.0,0.0,0.0,0.0,0.0,0,0,0,0
1995-07-24,0.0,0.0,0.0,0.0,0.0,0.0,0.0,0.0,0.0,0.0,0.0,0.0,0.0,0.0,0.0,0,0,0,0
1995-07-25,0.0,0.0,0.0,0.0,0.0,0.0,0.0,0.0,0.0,0.0,0.0,0.0,0.0,0.0,0.0,0,0,0,0
1995-07-26,0.0,0.0,0.0,0.0,0.0,0.0,0.0,0.0,0.0,0.0,0.0,0.0,0.0,0.0,0.0,0,0,0,0
1995-07-27,0.0,0.0,0.0,0.0,0.0,0.0,0.0,0.0,0.0,0.0,0.0,0.0,0.0,0.0,0.0,0,0,0,0
1995-07-28,0.0,0.0,0.0,0.0,0.0,0.0,0.0,0.0,0.0,0.0,0.0,0.0,0.0,0.0,0.0,0,0,0,0
1995-07-29,0.0,0.0,0.0,0.0,0.0,0.0,0.0,0.0,0.0,0.0,0.0,0.0,0.0,0.0,0.0,0,0,0,0
1995-07-31,0.0,0.0,0.0,0.0,0.0,0.0,0.0,0.0,0.0,0.0,0.0,0.0,0.0,0.0,0.0,0,0,0,0
1995-08-01,0.0,0.0,0.0,0.0,0.0,0.0,0.0,0.0,0.0,0.0,0.0,0.0,0.0,0.0,0.0,0,0,0,0
1995-08-02,0.0,0.0,0.0,0.0,0.0,0.0,0.0,0.0,0.0,0.0,0.0,0.0,0.0,0.0,0.0,0,0,0,0
1995-08-03,0.0,0.0,0.0,0.0,0.0,0.0,0.0,0.0,0.0,0.0,0.0,0.0,0.0,0.0,0.0,0,0,0,0
1995-08-04,0.0,0.0,0.0,0.0,0.0,0.0,0.0,0.0,0.0,0.0,0.0,0.0,0.0,0.0,0.0,0,0,0,0
1995-08-05,0.0,0.0,0.0,0.0,0.0,0.0,0.0,0.0,0.0,0.0,0.0,0.0,0.0,0.0,0.0,0,0,0,0
1995-08-07,0.0,0.0,0.0,0.0,0.0,0.0,0.0,0.0,0.0,0.0,0.0,0.0,0.0,0.0,0.0,0,0,0,0
1995-08-08,0.0,0.0,0.0,0.0,0.0,0.0,0.0,0.0,0.0,0.0,0.0,0.0,0.0,0.0,0.0,0,0,0,0
1995-08-09,0.0,0.0,0.0,0.0,0.0,0.0,0.0,0.0,0.0,0.0,0.0,0.0,0.0,0.0,0.0,0,0,0,0
1995-08-10,0.0,0.0,0.0,0.0,0.0,0.0,0.0,0.0,0.0,0.0,0.0,0.0,0.0,0.0,0.0,0,0,0,0
1995-08-11,0.0,0.0,0.0,0.0,0.0,0.0,0.0,0.0,0.0,0.0,0.0,0.0,0.0,0.0,0.0,0,0,0,0
1995-08-12,0.0,0.0,0.0,0.0,0.0,0.0,0.0,0.0,0.0,0.0,0.0,0.0,0.0,0.0,0.0,0,0,0,0
1995-08-14,0.0,0.0,0.0,0.0,0.0,0.0,0.0,0.0,0.0,0.0,0.0,0.0,0.0,0.0,0.0,0,0,0,0
1995-08-15,0.0,0.0,0.0,0.0,0.0,0.0,0.0,0.0,0.0,0.0,0.0,0.0,0.0,0.0,0.0,0,0,0,0
1995-08-16,0.0,0.0,0.0,0.0,0.0,0.0,0.0,0.0,0.0,0.0,0.0,0.0,0.0,0.0,0.0,0,0,0,0
1995-08-17,0.0,0.0,0.0,0.0,0.0,0.0,0.0,0.0,0.0,0.0,0.0,0.0,0.0,0.0,0.0,0,0,0,0
1995-08-18,0.0,0.0,0.0,0.0,0.0,0.0,0.0,0.0,0.0,0.0,0.0,0.0,0.0,0.0,0.0,0,0,0,0
1995-08-19,0.0,0.0,0.0,0.0,0.0,0.0,0.0,0.0,0.0,0.0,0.0,0.0,0.0,0.0,0.0,0,0,0,0
1995-08-21,0.0,0.0,0.0,0.0,0.0,0.0,0.0,0.0,0.0,0.0,0.0,0.0,0.0,0.0,0.0,0,0,0,0
1995-08-22,0.0,0.0,0.0,0.0,0.0,0.0,0.0,0.0,0.0,0.0,0.0,0.0,0.0,0.0,0.0,0,0,0,0
1995-08-23,0.0,0.0,0.0,0.0,0.0,0.0,0.0,0.0,0.0,0.0,0.0,0.0,0.0,0.0,0.0,0,0,0,0
1995-08-24,0.0,0.0,0.0,0.0,0.0,0.0,0.0,0.0,0.0,0.0,0.0,0.0,0.0,0.0,0.0,0,0,0,0
1995-08-25,0.0,0.0,0.0,0.0,0.0,0.0,0.0,0.0,0.0,0.0,0.0,0.0,0.0,0.0,0.0,0,0,0,0
1995-08-26,0.0,0.0,0.0,0.0,0.0,0.0,0.0,0.0,0.0,0.0,0.0,0.0,0.0,0.0,0.0,0,0,0,0
1995-08-28,0.0,0.0,0.0,0.0,0.0,0.0,0.0,0.0,0.0,0.0,0.0,0.0,0.0,0.0,0.0,0,0,0,0
1995-08-29,0.0,0.0,0.0,0.0,0.0,0.0,0.0,0.0,0.0,0.0,0.0,0.0,0.0,0.0,0.0,0,0,0,0
1995-08-30,0.0,0.0,0.0,0.0,0.0,0.0,0.0,0.0,0.0,0.0,0.0,0.0,0.0,0.0,0.0,0,0,0,0
1995-08-31,0.0,0.0,0.0,0.0,0.0,0.0,0.0,0.0,0.0,0.0,0.0,0.0,0.0,0.0,0.0,0,0,0,0
1995-09-01,0.0,0.0,0.0,0.0,0.0,0.0,0.0,0.0,0.0,0.0,0.0,0.0,0.0,0.0,0.0,0,0,0,0
1995-09-02,0.0,0.0,0.0,0.0,0.0,0.0,0.0,0.0,0.0,0.0,0.0,0.0,0.0,0.0,0.0,0,0,0,0
1995-09-04,0.0,0.0,0.0,0.0,0.0,0.0,0.0,0.0,0.0,0.0,0.0,0.0,0.0,0.0,0.0,0,0,0,0
1995-09-05,0.0,0.0,0.0,0.0,0.0,0.0,0.0,0.0,0.0,0.0,0.0,0.0,0.0,0.0,0.0,0,0,0,0
1995-09-06,0.0,0.0,0.0,0.0,0.0,0.0,0.0,0.0,0.0,0.0,0.0,0.0,0.0,0.0,0.0,0,0,0,0
1995-09-07,0.0,0.0,0.0,0.0,0.0,0.0,0.0,0.0,0.0,0.0,0.0,0.0,0.0,0.0,0.0,0,0,0,0
1995-09-08,0.0,0.0,0.0,0.0,0.0,0.0,0.0,0.0,0.0,0.0,0.0,0.0,0.0,0.0,0.0,0,0,0,0
1995-09-11,0.0,0.0,0.0,0.0,0.0,0.0,0.0,0.0,0.0,0.0,0.0,0.0,0.0,0.0,0.0,0,0,0,0
1995-09-12,0.0,0.0,0.0,0.0,0.0,0.0,0.0,0.0,0.0,0.0,0.0,0.0,0.0,0.0,0.0,0,0,0,0
1995-09-13,0.0,0.0,0.0,0.0,0.0,0.0,0.0,0.0,0.0,0.0,0.0,0.0,0.0,0.0,0.0,0,0,0,0
1995-09-14,0.0,0.0,0.0,0.0,0.0,0.0,0.0,0.0,0.0,0.0,0.0,0.0,0.0,0.0,0.0,0,0,0,0
1995-09-15,0.0,0.0,0.0,0.0,0.0,0.0,0.0,0.0,0.0,0.0,0.0,0.0,0.0,0.0,0.0,0,0,0,0
1995-09-16,0.0,0.0,0.0,0.0,0.0,0.0,0.0,0.0,0.0,0.0,0.0,0.0,0.0,0.0,0.0,0,0,0,0
1995-09-18,0.0,0.0,0.0,0.0,0.0,0.0,0.0,0.0,0.0,0.0,0.0,0.0,0.0,0.0,0.0,0,0,0,0
1995-09-19,0.0,0.0,0.0,0.0,0.0,0.0,0.0,0.0,0.0,0.0,0.0,0.0,0.0,0.0,0.0,0,0,0,0
1995-09-20,0.0,0.0,0.0,0.0,0.0,0.0,0.0,0.0,0.0,0.0,0.0,0.0,0.0,0.0,0.0,0,0,0,0
1995-09-21,0.0,0.0,0.0,0.0,0.0,0.0,0.0,0.0,0.0,0.0,0.0,0.0,0.0,0.0,0.0,0,0,0,0
1995-09-23,0.0,0.0,0.0,0.0,0.0,0.0,0.0,0.0,0.0,0.0,0.0,0.0,0.0,0.0,0.0,0,0,0,0
1995-09-25,0.0,0.0,0.0,0.0,0.0,0.0,0.0,0.0,0.0,0.0,0.0,0.0,0.0,0.0,0.0,0,0,0,0
1995-09-26,0.0,0.0,0.0,0.0,0.0,0.0,0.0,0.0,0.0,0.0,0.0,0.0,0.0,0.0,0.0,0,0,0,0
1995-09-27,0.0,0.0,0.0,0.0,0.0,0.0,0.0,0.0,0.0,0.0,0.0,0.0,0.0,0.0,0.0,0,0,0,0
1995-09-29,0.0,0.0,0.0,0.0,0.0,0.0,0.0,0.0,0.0,0.0,0.0,0.0,0.0,0.0,0.0,0,0,0,0
1995-09-30,0.0,0.0,0.0,0.0,0.0,0.0,0.0,0.0,0.0,0.0,0.0,0.0,0.0,0.0,0.0,0,0,0,0
1995-10-02,0.0,0.0,0.0,0.0,0.0,0.0,0.0,0.0,0.0,0.0,0.0,0.0,0.0,0.0,0.0,0,0,0,0
1995-10-03,0.0,0.0,0.0,0.0,0.0,0.0,0.0,0.0,0.0,0.0,0.0,0.0,0.0,0.0,0.0,0,0,0,0
1995-10-04,0.0,0.0,0.0,0.0,0.0,0.0,0.0,0.0,0.0,0.0,0.0,0.0,0.0,0.0,0.0,0,0,0,0
1995-10-05,0.0,0.0,0.0,0.0,0.0,0.0,0.0,0.0,0.0,0.0,0.0,0.0,0.0,0.0,0.0,0,0,0,0
1995-10-06,0.0,0.0,0.0,0.0,0.0,0.0,0.0,0.0,0.0,0.0,0.0,0.0,0.0,0.0,0.0,0,0,0,0
1995-10-07,0.0,0.0,0.0,0.0,0.0,0.0,0.0,0.0,0.0,0.0,0.0,0.0,0.0,0.0,0.0,0,0,0,0
1995-10-09,0.0,0.0,0.0,0.0,0.0,0.0,0.0,0.0,0.0,0.0,0.0,0.0,0.0,0.0,0.0,0,0,0,0
1995-10-11,0.0,0.0,0.0,0.0,0.0,0.0,0.0,0.0,0.0,0.0,0.0,0.0,0.0,0.0,0.0,0,0,0,0
1995-10-12,0.0,0.0,0.0,0.0,0.0,0.0,0.0,0.0,0.0,0.0,0.0,0.0,0.0,0.0,0.0,0,0,0,0
1995-10-13,0.0,0.0,0.0,0.0,0.0,0.0,0.0,0.0,0.0,0.0,0.0,0.0,0.0,0.0,0.0,0,0,0,0
1995-10-14,0.0,0.0,0.0,0.0,0.0,0.0,0.0,0.0,0.0,0.0,0.0,0.0,0.0,0.0,0.0,0,0,0,0
1995-10-16,0.0,0.0,0.0,0.0,0.0,0.0,0.0,0.0,0.0,0.0,0.0,0.0,0.0,0.0,0.0,0,0,0,0
1995-10-17,0.0,0.0,0.0,0.0,0.0,0.0,0.0,0.0,0.0,0.0,0.0,0.0,0.0,0.0,0.0,0,0,0,0
1995-10-18,0.0,0.0,0.0,0.0,0.0,0.0,0.0,0.0,0.0,0.0,0.0,0.0,0.0,0.0,0.0,0,0,0,0
1995-10-19,0.0,0.0,0.0,0.0,0.0,0.0,0.0,0.0,0.0,0.0,0.0,0.0,0.0,0.0,0.0,0,0,0,0
1995-10-20,0.0,0.0,0.0,0.0,0.0,0.0,0.0,0.0,0.0,0.0,0.0,0.0,0.0,0.0,0.0,0,0,0,0
1995-10-21,0.0,0.0,0.0,0.0,0.0,0.0,0.0,0.0,0.0,0.0,0.0,0.0,0.0,0.0,0.0,0,0,0,0
1995-10-23,0.0,0.0,0.0,0.0,0.0,0.0,0.0,0.0,0.0,0.0,0.0,0.0,0.0,0.0,0.0,0,0,0,0
1995-10-24,0.0,0.0,0.0,0.0,0.0,0.0,0.0,0.0,0.0,0.0,0.0,0.0,0.0,0.0,0.0,0,0,0,0
1995-10-26,0.0,0.0,0.0,0.0,0.0,0.0,0.0,0.0,0.0,0.0,0.0,0.0,0.0,0.0,0.0,0,0,0,0
1995-10-27,0.0,0.0,0.0,0.0,0.0,0.0,0.0,0.0,0.0,0.0,0.0,0.0,0.0,0.0,0.0,0,0,0,0
1995-10-28,0.0,0.0,0.0,0.0,0.0,0.0,0.0,0.0,0.0,0.0,0.0,0.0,0.0,0.0,0.0,0,0,0,0
1995-10-30,0.0,0.0,0.0,0.0,0.0,0.0,0.0,0.0,0.0,0.0,0.0,0.0,0.0,0.0,0.0,0,0,0,0
1995-11-01,0.0,0.0,0.0,0.0,0.0,0.0,0.0,0.0,0.0,0.0,0.0,0.0,0.0,0.0,0.0,0,0,0,0
1995-11-02,0.0,0.0,0.0,0.0,0.0,0.0,0.0,0.0,0.0,0.0,0.0,0.0,0.0,0.0,0.0,0,0,0,0
1995-11-03,0.0,0.0,0.0,0.0,0.0,0.0,0.0,0.0,0.0,0.0,0.0,0.0,0.0,0.0,0.0,0,0,0,0
1995-11-04,0.0,0.0,0.0,0.0,0.0,0.0,0.0,0.0,0.0,0.0,0.0,0.0,0.0,0.0,0.0,0,0,0,0
1995-11-06,0.0,0.0,0.0,0.0,0.0,0.0,0.0,0.0,0.0,0.0,0.0,0.0,0.0,0.0,0.0,0,0,0,0
1995-11-07,0.0,0.0,0.0,0.0,0.0,0.0,0.0,0.0,0.0,0.0,0.0,0.0,0.0,0.0,0.0,0,0,0,0
1995-11-08,0.0,0.0,0.0,0.0,0.0,0.0,0.0,0.0,0.0,0.0,0.0,0.0,0.0,0.0,0.0,0,0,0,0
1995-11-09,0.0,0.0,0.0,0.0,0.0,0.0,0.0,0.0,0.0,0.0,0.0,0.0,0.0,0.0,0.0,0,0,0,0
1995-11-10,0.0,0.0,0.0,0.0,0.0,0.0,0.0,0.0,0.0,0.0,0.0,0.0,0.0,0.0,0.0,0,0,0,0
1995-11-11,0.0,0.0,0.0,0.0,0.0,0.0,0.0,0.0,0.0,0.0,0.0,0.0,0.0,0.0,0.0,0,0,0,0
1995-11-14,0.0,0.0,0.0,0.0,0.0,0.0,0.0,0.0,0.0,0.0,0.0,0.0,0.0,0.0,0.0,0,0,0,0
1995-11-15,0.0,0.0,0.0,0.0,0.0,0.0,0.0,0.0,0.0,0.0,0.0,0.0,0.0,0.0,0.0,0,0,0,0
1995-11-16,0.0,0.0,0.0,0.0,0.0,0.0,0.0,0.0,0.0,0.0,0.0,0.0,0.0,0.0,0.0,0,0,0,0
1995-11-17,0.0,0.0,0.0,0.0,0.0,0.0,0.0,0.0,0.0,0.0,0.0,0.0,0.0,0.0,0.0,0,0,0,0
1995-11-18,0.0,0.0,0.0,0.0,0.0,0.0,0.0,0.0,0.0,0.0,0.0,0.0,0.0,0.0,0.0,0,0,0,0
1995-11-20,0.0,0.0,0.0,0.0,0.0,0.0,0.0,0.0,0.0,0.0,0.0,0.0,0.0,0.0,0.0,0,0,0,0
1995-11-21,0.0,0.0,0.0,0.0,0.0,0.0,0.0,0.0,0.0,0.0,0.0,0.0,0.0,0.0,0.0,0,0,0,0
1995-11-22,0.0,0.0,0.0,0.0,0.0,0.0,0.0,0.0,0.0,0.0,0.0,0.0,0.0,0.0,0.0,0,0,0,0
1995-11-23,0.0,0.0,0.0,0.0,0.0,0.0,0.0,0.0,0.0,0.0,0.0,0.0,0.0,0.0,0.0,0,0,0,0
1995-11-24,0.0,0.0,0.0,0.0,0.0,0.0,0.0,0.0,0.0,0.0,0.0,0.0,0.0,0.0,0.0,0,0,0,0
1995-11-25,0.0,0.0,0.0,0.0,0.0,0.0,0.0,0.0,0.0,0.0,0.0,0.0,0.0,0.0,0.0,0,0,0,0
1995-11-27,0.0,0.0,0.0,0.0,0.0,0.0,0.0,0.0,0.0,0.0,0.0,0.0,0.0,0.0,0.0,0,0,0,0
1995-11-28,0.0,0.0,0.0,0.0,0.0,0.0,0.0,0.0,0.0,0.0,0.0,0.0,0.0,0.0,0.0,0,0,0,0
1995-11-29,0.0,0.0,0.0,0.0,0.0,0.0,0.0,0.0,0.0,0.0,0.0,0.0,0.0,0.0,0.0,0,0,0,0
1995-11-30,0.0,0.0,0.0,0.0,0.0,0.0,0.0,0.0,0.0,0.0,0.0,0.0,0.0,0.0,0.0,0,0,0,0
1995-12-01,0.0,0.0,0.0,0.0,0.0,0.0,0.0,0.0,0.0,0.0,0.0,0.0,0.0,0.0,0.0,0,0,0,0
1995-12-04,0.0,0.0,0.0,0.0,0.0,0.0,0.0,0.0,0.0,0.0,0.0,0.0,0.0,0.0,0.0,0,0,0,0
1995-12-05,0.0,0.0,0.0,0.0,0.0,0.0,0.0,0.0,0.0,0.0,0.0,0.0,0.0,0.0,0.0,0,0,0,0
1995-12-06,0.0,0.0,0.0,0.0,0.0,0.0,0.0,0.0,0.0,0.0,0.0,0.0,0.0,0.0,0.0,0,0,0,0
1995-12-07,0.0,0.0,0.0,0.0,0.0,0.0,0.0,0.0,0.0,0.0,0.0,0.0,0.0,0.0,0.0,0,0,0,0
1995-12-08,0.0,0.0,0.0,0.0,0.0,0.0,0.0,0.0,0.0,0.0,0.0,0.0,0.0,0.0,0.0,0,0,0,0
1995-12-09,0.0,0.0,0.0,0.0,0.0,0.0,0.0,0.0,0.0,0.0,0.0,0.0,0.0,0.0,0.0,0,0,0,0
1995-12-11,0.0,0.0,0.0,0.0,0.0,0.0,0.0,0.0,0.0,0.0,0.0,0.0,0.0,0.0,0.0,0,0,0,0
1995-12-12,0.0,0.0,0.0,0.0,0.0,0.0,0.0,0.0,0.0,0.0,0.0,0.0,0.0,0.0,0.0,0,0,0,0
1995-12-13,0.0,0.0,0.0,0.0,0.0,0.0,0.0,0.0,0.0,0.0,0.0,0.0,0.0,0.0,0.0,0,0,0,0
1995-12-14,0.0,0.0,0.0,0.0,0.0,0.0,0.0,0.0,0.0,0.0,0.0,0.0,0.0,0.0,0.0,0,0,0,0
1995-12-15,0.0,0.0,0.0,0.0,0.0,0.0,0.0,0.0,0.0,0.0,0.0,0.0,0.0,0.0,0.0,0,0,0,0
1995-12-16,0.0,0.0,0.0,0.0,0.0,0.0,0.0,0.0,0.0,0.0,0.0,0.0,0.0,0.0,0.0,0,0,0,0
1995-12-18,0.0,0.0,0.0,0.0,0.0,0.0,0.0,0.0,0.0,0.0,0.0,0.0,0.0,0.0,0.0,0,0,0,0
1995-12-19,0.0,0.0,0.0,0.0,0.0,0.0,0.0,0.0,0.0,0.0,0.0,0.0,0.0,0.0,0.0,0,0,0,0
1995-12-20,0.0,0.0,0.0,0.0,0.0,0.0,0.0,0.0,0.0,0.0,0.0,0.0,0.0,0.0,0.0,0,0,0,0
1995-12-21,0.0,0.0,0.0,0.0,0.0,0.0,0.0,0.0,0.0,0.0,0.0,0.0,0.0,0.0,0.0,0,0,0,0
1995-12-22,0.0,0.0,0.0,0.0,0.0,0.0,0.0,0.0,0.0,0.0,0.0,0.0,0.0,0.0,0.0,0,0,0,0
1995-12-23,0.0,0.0,0.0,0.0,0.0,0.0,0.0,0.0,0.0,0.0,0.0,0.0,0.0,0.0,0.0,0,0,0,0
1995-12-26,0.0,0.0,0.0,0.0,0.0,0.0,0.0,0.0,0.0,0.0,0.0,0.0,0.0,0.0,0.0,0,0,0,0
1995-12-27,0.0,0.0,0.0,0.0,0.0,0.0,0.0,0.0,0.0,0.0,0.0,0.0,0.0,0.0,0.0,0,0,0,0
1995-12-28,0.0,0.0,0.0,0.0,0.0,0.0,0.0,0.0,0.0,0.0,0.0,0.0,0.0,0.0,0.0,0,0,0,0
1995-12-29,0.0,0.0,0.0,0.0,0.0,0.0,0.0,0.0,0.0,0.0,0.0,0.0,0.0,0.0,0.0,0,0,0,0
1995-12-30,0.0,0.0,0.0,0.0,0.0,0.0,0.0,0.0,0.0,0.0,0.0,0.0,0.0,0.0,0.0,0,0,0,0
1996-01-04,0.0,0.0,0.0,0.0,0.0,0.0,0.0,0.0,0.0,0.0,0.0,0.0,0.0,0.0,0.0,0,0,0,0
1996-01-05,0.0,0.0,0.0,0.0,0.0,0.0,0.0,0.0,0.0,0.0,0.0,0.0,0.0,0.0,0.0,0,0,0,0
1996-01-06,0.0,0.0,0.0,0.0,0.0,0.0,0.0,0.0,0.0,0.0,0.0,0.0,0.0,0.0,0.0,0,0,0,0
1996-01-08,0.0,0.0,0.0,0.0,0.0,0.0,0.0,0.0,0.0,0.0,0.0,0.0,0.0,0.0,0.0,0,0,0,0
1996-01-09,0.0,0.0,0.0,0.0,0.0,0.0,0.0,0.0,0.0,0.0,0.0,0.0,0.0,0.0,0.0,0,0,0,0
1996-01-10,0.0,0.0,0.0,0.0,0.0,0.0,0.0,0.0,0.0,0.0,0.0,0.0,0.0,0.0,0.0,0,0,0,0
1996-01-11,0.0,0.0,0.0,0.0,0.0,0.0,0.0,0.0,0.0,0.0,0.0,0.0,0.0,0.0,0.0,0,0,0,0
1996-01-12,0.0,0.0,0.0,0.0,0.0,0.0,0.0,0.0,0.0,0.0,0.0,0.0,0.0,0.0,0.0,0,0,0,0
1996-01-13,0.0,0.0,0.0,0.0,0.0,0.0,0.0,0.0,0.0,0.0,0.0,0.0,0.0,0.0,0.0,0,0,0,0
1996-01-15,0.0,0.0,0.0,0.0,0.0,0.0,0.0,0.0,0.0,0.0,0.0,0.0,0.0,0.0,0.0,0,0,0,0
1996-01-16,0.0,0.0,0.0,0.0,0.0,0.0,0.0,0.0,0.0,0.0,0.0,0.0,0.0,0.0,0.0,0,0,0,0
1996-01-17,0.0,0.0,0.0,0.0,0.0,0.0,0.0,0.0,0.0,0.0,0.0,0.0,0.0,0.0,0.0,0,0,0,0
1996-01-18,0.0,0.0,0.0,0.0,0.0,0.0,0.0,0.0,0.0,0.0,0.0,0.0,0.0,0.0,0.0,0,0,0,0
1996-01-19,0.0,0.0,0.0,0.0,0.0,0.0,0.0,0.0,0.0,0.0,0.0,0.0,0.0,0.0,0.0,0,0,0,0
1996-01-20,0.0,0.0,0.0,0.0,0.0,0.0,0.0,0.0,0.0,0.0,0.0,0.0,0.0,0.0,0.0,0,0,0,0
1996-01-22,0.0,0.0,0.0,0.0,0.0,0.0,0.0,0.0,0.0,0.0,0.0,0.0,0.0,0.0,0.0,0,0,0,0
1996-01-23,0.0,0.0,0.0,0.0,0.0,0.0,0.0,0.0,0.0,0.0,0.0,0.0,0.0,0.0,0.0,0,0,0,0
1996-01-24,0.0,0.0,0.0,0.0,0.0,0.0,0.0,0.0,0.0,0.0,0.0,0.0,0.0,0.0,0.0,0,0,0,0
1996-01-25,0.0,0.0,0.0,0.0,0.0,0.0,0.0,0.0,0.0,0.0,0.0,0.0,0.0,0.0,0.0,0,0,0,0
1996-01-26,0.0,0.0,0.0,0.0,0.0,0.0,0.0,0.0,0.0,0.0,0.0,0.0,0.0,0.0,0.0,0,0,0,0
1996-01-27,0.0,0.0,0.0,0.0,0.0,0.0,0.0,0.0,0.0,0.0,0.0,0.0,0.0,0.0,0.0,0,0,0,0
1996-01-29,0.0,0.0,0.0,0.0,0.0,0.0,0.0,0.0,0.0,0.0,0.0,0.0,0.0,0.0,0.0,0,0,0,0
1996-01-30,0.0,0.0,0.0,0.0,0.0,0.0,0.0,0.0,0.0,0.0,0.0,0.0,0.0,0.0,0.0,0,0,0,0
1996-01-31,0.0,0.0,0.0,0.0,0.0,0.0,0.0,0.0,0.0,0.0,0.0,0.0,0.0,0.0,0.0,0,0,0,0
1996-02-01,0.0,0.0,0.0,0.0,0.0,0.0,0.0,0.0,0.0,0.0,0.0,0.0,0.0,0.0,0.0,0,0,0,0
1996-02-02,0.0,0.0,0.0,0.0,0.0,0.0,0.0,0.0,0.0,0.0,0.0,0.0,0.0,0.0,0.0,0,0,0,0
1996-02-03,0.0,0.0,0.0,0.0,0.0,0.0,0.0,0.0,0.0,0.0,0.0,0.0,0.0,0.0,0.0,0,0,0,0
1996-02-05,0.0,0.0,0.0,0.0,0.0,0.0,0.0,0.0,0.0,0.0,0.0,0.0,0.0,0.0,0.0,0,0,0,0
1996-02-06,0.0,0.0,0.0,0.0,0.0,0.0,0.0,0.0,0.0,0.0,0.0,0.0,0.0,0.0,0.0,0,0,0,0
1996-02-07,0.0,0.0,0.0,0.0,0.0,0.0,0.0,0.0,0.0,0.0,0.0,0.0,0.0,0.0,0.0,0,0,0,0
1996-02-08,0.0,0.0,0.0,0.0,0.0,0.0,0.0,0.0,0.0,0.0,0.0,0.0,0.0,0.0,0.0,0,0,0,0
1996-02-09,0.0,0.0,0.0,0.0,0.0,0.0,0.0,0.0,0.0,0.0,0.0,0.0,0.0,0.0,0.0,0,0,0,0
1996-02-10,0.0,0.0,0.0,0.0,0.0,0.0,0.0,0.0,0.0,0.0,0.0,0.0,0.0,0.0,0.0,0,0,0,0
1996-02-12,0.0,0.0,0.0,0.0,0.0,0.0,0.0,0.0,0.0,0.0,0.0,0.0,0.0,0.0,0.0,0,0,0,0
1996-02-13,0.0,0.0,0.0,0.0,0.0,0.0,0.0,0.0,0.0,0.0,0.0,0.0,0.0,0.0,0.0,0,0,0,0
1996-02-14,0.0,0.0,0.0,0.0,0.0,0.0,0.0,0.0,0.0,0.0,0.0,0.0,0.0,0.0,0.0,0,0,0,0
1996-02-15,0.0,0.0,0.0,0.0,0.0,0.0,0.0,0.0,0.0,0.0,0.0,0.0,0.0,0.0,0.0,0,0,0,0
1996-02-23,0.0,0.0,0.0,0.0,0.0,0.0,0.0,0.0,0.0,0.0,0.0,0.0,0.0,0.0,0.0,0,0,0,0
1996-02-24,0.0,0.0,0.0,0.0,0.0,0.0,0.0,0.0,0.0,0.0,0.0,0.0,0.0,0.0,0.0,0,0,0,0
1996-02-26,0.0,0.0,0.0,0.0,0.0,0.0,0.0,0.0,0.0,0.0,0.0,0.0,0.0,0.0,0.0,0,0,0,0
1996-02-27,0.0,0.0,0.0,0.0,0.0,0.0,0.0,0.0,0.0,0.0,0.0,0.0,0.0,0.0,0.0,0,0,0,0
1996-02-28,0.0,0.0,0.0,0.0,0.0,0.0,0.0,0.0,0.0,0.0,0.0,0.0,0.0,0.0,0.0,0,0,0,0
1996-02-29,0.0,0.0,0.0,0.0,0.0,0.0,0.0,0.0,0.0,0.0,0.0,0.0,0.0,0.0,0.0,0,0,0,0
1996-03-01,0.0,0.0,0.0,0.0,0.0,0.0,0.0,0.0,0.0,0.0,0.0,0.0,0.0,0.0,0.0,0,0,0,0
1996-03-02,0.0,0.0,0.0,0.0,0.0,0.0,0.0,0.0,0.0,0.0,0.0,0.0,0.0,0.0,0.0,0,0,0,0
1996-03-04,0.0,0.0,0.0,0.0,0.0,0.0,0.0,0.0,0.0,0.0,0.0,0.0,0.0,0.0,0.0,0,0,0,0
1996-03-05,0.0,0.0,0.0,0.0,0.0,0.0,0.0,0.0,0.0,0.0,0.0,0.0,0.0,0.0,0.0,0,0,0,0
1996-03-06,0.0,0.0,0.0,0.0,0.0,0.0,0.0,0.0,0.0,0.0,0.0,0.0,0.0,0.0,0.0,0,0,0,0
1996-03-07,0.0,0.0,0.0,0.0,0.0,0.0,0.0,0.0,0.0,0.0,0.0,0.0,0.0,0.0,0.0,0,0,0,0
1996-03-08,0.0,0.0,0.0,0.0,0.0,0.0,0.0,0.0,0.0,0.0,0.0,0.0,0.0,0.0,0.0,0,0,0,0
1996-03-09,0.0,0.0,0.0,0.0,0.0,0.0,0.0,0.0,0.0,0.0,0.0,0.0,0.0,0.0,0.0,0,0,0,0
1996-03-11,0.0,0.0,0.0,0.0,0.0,0.0,0.0,0.0,0.0,0.0,0.0,0.0,0.0,0.0,0.0,0,0,0,0
1996-03-12,0.0,0.0,0.0,0.0,0.0,0.0,0.0,0.0,0.0,0.0,0.0,0.0,0.0,0.0,0.0,0,0,0,0
1996-03-13,0.0,0.0,0.0,0.0,0.0,0.0,0.0,0.0,0.0,0.0,0.0,0.0,0.0,0.0,0.0,0,0,0,0
1996-03-14,0.0,0.0,0.0,0.0,0.0,0.0,0.0,0.0,0.0,0.0,0.0,0.0,0.0,0.0,0.0,0,0,0,0
1996-03-15,0.0,0.0,0.0,0.0,0.0,0.0,0.0,0.0,0.0,0.0,0.0,0.0,0.0,0.0,0.0,0,0,0,0
1996-03-16,0.0,0.0,0.0,0.0,0.0,0.0,0.0,0.0,0.0,0.0,0.0,0.0,0.0,0.0,0.0,0,0,0,0
1996-03-18,0.0,0.0,0.0,0.0,0.0,0.0,0.0,0.0,0.0,0.0,0.0,0.0,0.0,0.0,0.0,0,0,0,0
1996-03-19,0.0,0.0,0.0,0.0,0.0,0.0,0.0,0.0,0.0,0.0,0.0,0.0,0.0,0.0,0.0,0,0,0,0
1996-03-20,0.0,0.0,0.0,0.0,0.0,0.0,0.0,0.0,0.0,0.0,0.0,0.0,0.0,0.0,0.0,0,0,0,0
1996-03-21,0.0,0.0,0.0,0.0,0.0,0.0,0.0,0.0,0.0,0.0,0.0,0.0,0.0,0.0,0.0,0,0,0,0
1996-03-22,0.0,0.0,0.0,0.0,0.0,0.0,0.0,0.0,0.0,0.0,0.0,0.0,0.0,0.0,0.0,0,0,0,0
1996-03-25,0.0,0.0,0.0,0.0,0.0,0.0,0.0,0.0,0.0,0.0,0.0,0.0,0.0,0.0,0.0,0,0,0,0
1996-03-26,0.0,0.0,0.0,0.0,0.0,0.0,0.0,0.0,0.0,0.0,0.0,0.0,0.0,0.0,0.0,0,0,0,0
1996-03-27,0.0,0.0,0.0,0.0,0.0,0.0,0.0,0.0,0.0,0.0,0.0,0.0,0.0,0.0,0.0,0,0,0,0
1996-03-28,0.0,0.0,0.0,0.0,0.0,0.0,0.0,0.0,0.0,0.0,0.0,0.0,0.0,0.0,0.0,0,0,0,0
1996-04-01,0.0,0.0,0.0,0.0,0.0,0.0,0.0,0.0,0.0,0.0,0.0,0.0,0.0,0.0,0.0,0,0,0,0
1996-04-02,0.0,0.0,0.0,0.0,0.0,0.0,0.0,0.0,0.0,0.0,0.0,0.0,0.0,0.0,0.0,0,0,0,0
1996-04-05,0.0,0.0,0.0,0.0,0.0,0.0,0.0,0.0,0.0,0.0,0.0,0.0,0.0,0.0,0.0,0,0,0,0
1996-04-06,0.0,0.0,0.0,0.0,0.0,0.0,0.0,0.0,0.0,0.0,0.0,0.0,0.0,0.0,0.0,0,0,0,0
1996-04-08,0.0,0.0,0.0,0.0,0.0,0.0,0.0,0.0,0.0,0.0,0.0,0.0,0.0,0.0,0.0,0,0,0,0
1996-04-09,0.0,0.0,0.0,0.0,0.0,0.0,0.0,0.0,0.0,0.0,0.0,0.0,0.0,0.0,0.0,0,0,0,0
1996-04-10,0.0,0.0,0.0,0.0,0.0,0.0,0.0,0.0,0.0,0.0,0.0,0.0,0.0,0.0,0.0,0,0,0,0
1996-04-11,0.0,0.0,0.0,0.0,0.0,0.0,0.0,0.0,0.0,0.0,0.0,0.0,0.0,0.0,0.0,0,0,0,0
1996-04-12,0.0,0.0,0.0,0.0,0.0,0.0,0.0,0.0,0.0,0.0,0.0,0.0,0.0,0.0,0.0,0,0,0,0
1996-04-13,0.0,0.0,0.0,0.0,0.0,0.0,0.0,0.0,0.0,0.0,0.0,0.0,0.0,0.0,0.0,0,0,0,0
1996-04-15,0.0,0.0,0.0,0.0,0.0,0.0,0.0,0.0,0.0,0.0,0.0,0.0,0.0,0.0,0.0,0,0,0,0
1996-04-16,0.0,0.0,0.0,0.0,0.0,0.0,0.0,0.0,0.0,0.0,0.0,0.0,0.0,0.0,0.0,0,0,0,0
1996-04-17,0.0,0.0,0.0,0.0,0.0,0.0,0.0,0.0,0.0,0.0,0.0,0.0,0.0,0.0,0.0,0,0,0,0
1996-04-18,0.0,0.0,0.0,0.0,0.0,0.0,0.0,0.0,0.0,0.0,0.0,0.0,0.0,0.0,0.0,0,0,0,0
1996-04-19,0.0,0.0,0.0,0.0,0.0,0.0,0.0,0.0,0.0,0.0,0.0,0.0,0.0,0.0,0.0,0,0,0,0
1996-04-20,0.0,0.0,0.0,0.0,0.0,0.0,0.0,0.0,0.0,0.0,0.0,0.0,0.0,0.0,0.0,0,0,0,0
1996-04-22,0.0,0.0,0.0,0.0,0.0,0.0,0.0,0.0,0.0,0.0,0.0,0.0,0.0,0.0,0.0,0,0,0,0
1996-04-23,0.0,0.0,0.0,0.0,0.0,0.0,0.0,0.0,0.0,0.0,0.0,0.0,0.0,0.0,0.0,0,0,0,0
1996-04-24,0.0,0.0,0.0,0.0,0.0,0.0,0.0,0.0,0.0,0.0,0.0,0.0,0.0,0.0,0.0,0,0,0,0
1996-04-25,0.0,0.0,0.0,0.0,0.0,0.0,0.0,0.0,0.0,0.0,0.0,0.0,0.0,0.0,0.0,0,0,0,0
1996-04-26,0.0,0.0,0.0,0.0,0.0,0.0,0.0,0.0,0.0,0.0,0.0,0.0,0.0,0.0,0.0,0,0,0,0
1996-04-27,0.0,0.0,0.0,0.0,0.0,0.0,0.0,0.0,0.0,0.0,0.0,0.0,0.0,0.0,0.0,0,0,0,0
1996-04-29,0.0,0.0,0.0,0.0,0.0,0.0,0.0,0.0,0.0,0.0,0.0,0.0,0.0,0.0,0.0,0,0,0,0
1996-04-30,0.0,0.0,0.0,0.0,0.0,0.0,0.0,0.0,0.0,0.0,0.0,0.0,0.0,0.0,0.0,0,0,0,0
1996-05-01,0.0,0.0,0.0,0.0,0.0,0.0,0.0,0.0,0.0,0.0,0.0,0.0,0.0,0.0,0.0,0,0,0,0
1996-05-02,0.0,0.0,0.0,0.0,0.0,0.0,0.0,0.0,0.0,0.0,0.0,0.0,0.0,0.0,0.0,0,0,0,0
1996-05-03,0.0,0.0,0.0,0.0,0.0,0.0,0.0,0.0,0.0,0.0,0.0,0.0,0.0,0.0,0.0,0,0,0,0
1996-05-04,0.0,0.0,0.0,0.0,0.0,0.0,0.0,0.0,0.0,0.0,0.0,0.0,0.0,0.0,0.0,0,0,0,0
1996-05-06,0.0,0.0,0.0,0.0,0.0,0.0,0.0,0.0,0.0,0.0,0.0,0.0,0.0,0.0,0.0,0,0,0,0
1996-05-07,0.0,0.0,0.0,0.0,0.0,0.0,0.0,0.0,0.0,0.0,0.0,0.0,0.0,0.0,0.0,0,0,0,0
1996-05-08,0.0,0.0,0.0,0.0,0.0,0.0,0.0,0.0,0.0,0.0,0.0,0.0,0.0,0.0,0.0,0,0,0,0
1996-05-09,0.0,0.0,0.0,0.0,0.0,0.0,0.0,0.0,0.0,0.0,0.0,0.0,0.0,0.0,0.0,0,0,0,0
1996-05-10,0.0,0.0,0.0,0.0,0.0,0.0,0.0,0.0,0.0,0.0,0.0,0.0,0.0,0.0,0.0,0,0,0,0
1996-05-11,0.0,0.0,0.0,0.0,0.0,0.0,0.0,0.0,0.0,0.0,0.0,0.0,0.0,0.0,0.0,0,0,0,0
1996-05-13,0.0,0.0,0.0,0.0,0.0,0.0,0.0,0.0,0.0,0.0,0.0,0.0,0.0,0.0,0.0,0,0,0,0
1996-05-14,0.0,0.0,0.0,0.0,0.0,0.0,0.0,0.0,0.0,0.0,0.0,0.0,0.0,0.0,0.0,0,0,0,0
1996-05-15,0.0,0.0,0.0,0.0,0.0,0.0,0.0,0.0,0.0,0.0,0.0,0.0,0.0,0.0,0.0,0,0,0,0
1996-05-16,0.0,0.0,0.0,0.0,0.0,0.0,0.0,0.0,0.0,0.0,0.0,0.0,0.0,0.0,0.0,0,0,0,0
1996-05-17,0.0,0.0,0.0,0.0,0.0,0.0,0.0,0.0,0.0,0.0,0.0,0.0,0.0,0.0,0.0,0,0,0,0
1996-05-18,0.0,0.0,0.0,0.0,0.0,0.0,0.0,0.0,0.0,0.0,0.0,0.0,0.0,0.0,0.0,0,0,0,0
1996-05-20,0.0,0.0,0.0,0.0,0.0,0.0,0.0,0.0,0.0,0.0,0.0,0.0,0.0,0.0,0.0,0,0,0,0
1996-05-21,0.0,0.0,0.0,0.0,0.0,0.0,0.0,0.0,0.0,0.0,0.0,0.0,0.0,0.0,0.0,0,0,0,0
1996-05-22,0.0,0.0,0.0,0.0,0.0,0.0,0.0,0.0,0.0,0.0,0.0,0.0,0.0,0.0,0.0,0,0,0,0
1996-05-23,0.0,0.0,0.0,0.0,0.0,0.0,0.0,0.0,0.0,0.0,0.0,0.0,0.0,0.0,0.0,0,0,0,0
1996-05-24,0.0,0.0,0.0,0.0,0.0,0.0,0.0,0.0,0.0,0.0,0.0,0.0,0.0,0.0,0.0,0,0,0,0
1996-05-25,0.0,0.0,0.0,0.0,0.0,0.0,0.0,0.0,0.0,0.0,0.0,0.0,0.0,0.0,0.0,0,0,0,0
1996-05-27,0.0,0.0,0.0,0.0,0.0,0.0,0.0,0.0,0.0,0.0,0.0,0.0,0.0,0.0,0.0,0,0,0,0
1996-05-28,0.0,0.0,0.0,0.0,0.0,0.0,0.0,0.0,0.0,0.0,0.0,0.0,0.0,0.0,0.0,0,0,0,0
1996-05-29,0.0,0.0,0.0,0.0,0.0,0.0,0.0,0.0,0.0,0.0,0.0,0.0,0.0,0.0,0.0,0,0,0,0
1996-05-30,0.0,0.0,0.0,0.0,0.0,0.0,0.0,0.0,0.0,0.0,0.0,0.0,0.0,0.0,0.0,0,0,0,0
1996-05-31,0.0,0.0,0.0,0.0,0.0,0.0,0.0,0.0,0.0,0.0,0.0,0.0,0.0,0.0,0.0,0,0,0,0
1996-06-01,0.0,0.0,0.0,0.0,0.0,0.0,0.0,0.0,0.0,0.0,0.0,0.0,0.0,0.0,0.0,0,0,0,0
1996-06-03,0.0,0.0,0.0,0.0,0.0,0.0,0.0,0.0,0.0,0.0,0.0,0.0,0.0,0.0,0.0,0,0,0,0
1996-06-04,0.0,0.0,0.0,0.0,0.0,0.0,0.0,0.0,0.0,0.0,0.0,0.0,0.0,0.0,0.0,0,0,0,0
1996-06-05,0.0,0.0,0.0,0.0,0.0,0.0,0.0,0.0,0.0,0.0,0.0,0.0,0.0,0.0,0.0,0,0,0,0
1996-06-06,0.0,0.0,0.0,0.0,0.0,0.0,0.0,0.0,0.0,0.0,0.0,0.0,0.0,0.0,0.0,0,0,0,0
1996-06-07,0.0,0.0,0.0,0.0,0.0,0.0,0.0,0.0,0.0,0.0,0.0,0.0,0.0,0.0,0.0,0,0,0,0
1996-06-08,0.0,0.0,0.0,0.0,0.0,0.0,0.0,0.0,0.0,0.0,0.0,0.0,0.0,0.0,0.0,0,0,0,0
1996-06-10,0.0,0.0,0.0,0.0,0.0,0.0,0.0,0.0,0.0,0.0,0.0,0.0,0.0,0.0,0.0,0,0,0,0
1996-06-11,0.0,0.0,0.0,0.0,0.0,0.0,0.0,0.0,0.0,0.0,0.0,0.0,0.0,0.0,0.0,0,0,0,0
1996-06-12,0.0,0.0,0.0,0.0,0.0,0.0,0.0,0.0,0.0,0.0,0.0,0.0,0.0,0.0,0.0,0,0,0,0
1996-06-13,0.0,0.0,0.0,0.0,0.0,0.0,0.0,0.0,0.0,0.0,0.0,0.0,0.0,0.0,0.0,0,0,0,0
1996-06-14,0.0,0.0,0.0,0.0,0.0,0.0,0.0,0.0,0.0,0.0,0.0,0.0,0.0,0.0,0.0,0,0,0,0
1996-06-15,0.0,0.0,0.0,0.0,0.0,0.0,0.0,0.0,0.0,0.0,0.0,0.0,0.0,0.0,0.0,0,0,0,0
1996-06-17,0.0,0.0,0.0,0.0,0.0,0.0,0.0,0.0,0.0,0.0,0.0,0.0,0.0,0.0,0.0,0,0,0,0
1996-06-18,0.0,0.0,0.0,0.0,0.0,0.0,0.0,0.0,0.0,0.0,0.0,0.0,0.0,0.0,0.0,0,0,0,0
1996-06-19,0.0,0.0,0.0,0.0,0.0,0.0,0.0,0.0,0.0,0.0,0.0,0.0,0.0,0.0,0.0,0,0,0,0
1996-06-21,0.0,0.0,0.0,0.0,0.0,0.0,0.0,0.0,0.0,0.0,0.0,0.0,0.0,0.0,0.0,0,0,0,0
1996-06-22,0.0,0.0,0.0,0.0,0.0,0.0,0.0,0.0,0.0,0.0,0.0,0.0,0.0,0.0,0.0,0,0,0,0
1996-06-24,0.0,0.0,0.0,0.0,0.0,0.0,0.0,0.0,0.0,0.0,0.0,0.0,0.0,0.0,0.0,0,0,0,0
1996-06-25,0.0,0.0,0.0,0.0,0.0,0.0,0.0,0.0,0.0,0.0,0.0,0.0,0.0,0.0,0.0,0,0,0,0
1996-06-26,0.0,0.0,0.0,0.0,0.0,0.0,0.0,0.0,0.0,0.0,0.0,0.0,0.0,0.0,0.0,0,0,0,0
1996-06-27,0.0,0.0,0.0,0.0,0.0,0.0,0.0,0.0,0.0,0.0,0.0,0.0,0.0,0.0,0.0,0,0,0,0
1996-06-28,0.0,0.0,0.0,0.0,0.0,0.0,0.0,0.0,0.0,0.0,0.0,0.0,0.0,0.0,0.0,0,0,0,0
1996-06-29,0.0,0.0,0.0,0.0,0.0,0.0,0.0,0.0,0.0,0.0,0.0,0.0,0.0,0.0,0.0,0,0,0,0
1996-07-02,0.0,0.0,0.0,0.0,0.0,0.0,0.0,0.0,0.0,0.0,0.0,0.0,0.0,0.0,0.0,0,0,0,0
1996-07-03,0.0,0.0,0.0,0.0,0.0,0.0,0.0,0.0,0.0,0.0,0.0,0.0,0.0,0.0,0.0,0,0,0,0
1996-07-04,0.0,0.0,0.0,0.0,0.0,0.0,0.0,0.0,0.0,0.0,0.0,0.0,0.0,0.0,0.0,0,0,0,0
1996-07-05,0.0,0.0,0.0,0.0,0.0,0.0,0.0,0.0,0.0,0.0,0.0,0.0,0.0,0.0,0.0,0,0,0,0
1996-07-06,0.0,0.0,0.0,0.0,0.0,0.0,0.0,0.0,0.0,0.0,0.0,0.0,0.0,0.0,0.0,0,0,0,0
1996-07-08,0.0,0.0,0.0,0.0,0.0,0.0,0.0,0.0,0.0,0.0,0.0,0.0,0.0,0.0,0.0,0,0,0,0
1996-07-09,0.0,0.0,0.0,0.0,0.0,0.0,0.0,0.0,0.0,0.0,0.0,0.0,0.0,0.0,0.0,0,0,0,0
1996-07-10,0.0,0.0,0.0,0.0,0.0,0.0,0.0,0.0,0.0,0.0,0.0,0.0,0.0,0.0,0.0,0,0,0,0
1996-07-11,0.0,0.0,0.0,0.0,0.0,0.0,0.0,0.0,0.0,0.0,0.0,0.0,0.0,0.0,0.0,0,0,0,0
1996-07-12,0.0,0.0,0.0,0.0,0.0,0.0,0.0,0.0,0.0,0.0,0.0,0.0,0.0,0.0,0.0,0,0,0,0
1996-07-13,0.0,0.0,0.0,0.0,0.0,0.0,0.0,0.0,0.0,0.0,0.0,0.0,0.0,0.0,0.0,0,0,0,0
1996-07-15,0.0,0.0,0.0,0.0,0.0,0.0,0.0,0.0,0.0,0.0,0.0,0.0,0.0,0.0,0.0,0,0,0,0
1996-07-16,0.0,0.0,0.0,0.0,0.0,0.0,0.0,0.0,0.0,0.0,0.0,0.0,0.0,0.0,0.0,0,0,0,0
1996-07-17,0.0,0.0,0.0,0.0,0.0,0.0,0.0,0.0,0.0,0.0,0.0,0.0,0.0,0.0,0.0,0,0,0,0
1996-07-18,0.0,0.0,0.0,0.0,0.0,0.0,0.0,0.0,0.0,0.0,0.0,0.0,0.0,0.0,0.0,0,0,0,0
1996-07-19,0.0,0.0,0.0,0.0,0.0,0.0,0.0,0.0,0.0,0.0,0.0,0.0,0.0,0.0,0.0,0,0,0,0
1996-07-20,0.0,0.0,0.0,0.0,0.0,0.0,0.0,0.0,0.0,0.0,0.0,0.0,0.0,0.0,0.0,0,0,0,0
1996-07-22,0.0,0.0,0.0,0.0,0.0,0.0,0.0,0.0,0.0,0.0,0.0,0.0,0.0,0.0,0.0,0,0,0,0
1996-07-23,0.0,0.0,0.0,0.0,0.0,0.0,0.0,0.0,0.0,0.0,0.0,0.0,0.0,0.0,0.0,0,0,0,0
1996-07-24,0.0,0.0,0.0,0.0,0.0,0.0,0.0,0.0,0.0,0.0,0.0,0.0,0.0,0.0,0.0,0,0,0,0
1996-07-25,0.0,0.0,0.0,0.0,0.0,0.0,0.0,0.0,0.0,0.0,0.0,0.0,0.0,0.0,0.0,0,0,0,0
1996-07-26,0.0,0.0,0.0,0.0,0.0,0.0,0.0,0.0,0.0,0.0,0.0,0.0,0.0,0.0,0.0,0,0,0,0
1996-07-27,0.0,0.0,0.0,0.0,0.0,0.0,0.0,0.0,0.0,0.0,0.0,0.0,0.0,0.0,0.0,0,0,0,0
1996-07-29,0.0,0.0,0.0,0.0,0.0,0.0,0.0,0.0,0.0,0.0,0.0,0.0,0.0,0.0,0.0,0,0,0,0
1996-07-30,0.0,0.0,0.0,0.0,0.0,0.0,0.0,0.0,0.0,0.0,0.0,0.0,0.0,0.0,0.0,0,0,0,0
1996-08-02,0.0,0.0,0.0,0.0,0.0,0.0,0.0,0.0,0.0,0.0,0.0,0.0,0.0,0.0,0.0,0,0,0,0
1996-08-03,0.0,0.0,0.0,0.0,0.0,0.0,0.0,0.0,0.0,0.0,0.0,0.0,0.0,0.0,0.0,0,0,0,0
1996-08-05,0.0,0.0,0.0,0.0,0.0,0.0,0.0,0.0,0.0,0.0,0.0,0.0,0.0,0.0,0.0,0,0,0,0
1996-08-06,0.0,0.0,0.0,0.0,0.0,0.0,0.0,0.0,0.0,0.0,0.0,0.0,0.0,0.0,0.0,0,0,0,0
1996-08-07,0.0,0.0,0.0,0.0,0.0,0.0,0.0,0.0,0.0,0.0,0.0,0.0,0.0,0.0,0.0,0,0,0,0
1996-08-08,0.0,0.0,0.0,0.0,0.0,0.0,0.0,0.0,0.0,0.0,0.0,0.0,0.0,0.0,0.0,0,0,0,0
1996-08-09,0.0,0.0,0.0,0.0,0.0,0.0,0.0,0.0,0.0,0.0,0.0,0.0,0.0,0.0,0.0,0,0,0,0
1996-08-10,0.0,0.0,0.0,0.0,0.0,0.0,0.0,0.0,0.0,0.0,0.0,0.0,0.0,0.0,0.0,0,0,0,0
1996-08-12,0.0,0.0,0.0,0.0,0.0,0.0,0.0,0.0,0.0,0.0,0.0,0.0,0.0,0.0,0.0,0,0,0,0
1996-08-13,0.0,0.0,0.0,0.0,0.0,0.0,0.0,0.0,0.0,0.0,0.0,0.0,0.0,0.0,0.0,0,0,0,0
1996-08-14,0.0,0.0,0.0,0.0,0.0,0.0,0.0,0.0,0.0,0.0,0.0,0.0,0.0,0.0,0.0,0,0,0,0
1996-08-15,0.0,0.0,0.0,0.0,0.0,0.0,0.0,0.0,0.0,0.0,0.0,0.0,0.0,0.0,0.0,0,0,0,0
1996-08-16,0.0,0.0,0.0,0.0,0.0,0.0,0.0,0.0,0.0,0.0,0.0,0.0,0.0,0.0,0.0,0,0,0,0
1996-08-17,0.0,0.0,0.0,0.0,0.0,0.0,0.0,0.0,0.0,0.0,0.0,0.0,0.0,0.0,0.0,0,0,0,0
1996-08-19,0.0,0.0,0.0,0.0,0.0,0.0,0.0,0.0,0.0,0.0,0.0,0.0,0.0,0.0,0.0,0,0,0,0
1996-08-20,0.0,0.0,0.0,0.0,0.0,0.0,0.0,0.0,0.0,0.0,0.0,0.0,0.0,0.0,0.0,0,0,0,0
1996-08-21,0.0,0.0,0.0,0.0,0.0,0.0,0.0,0.0,0.0,0.0,0.0,0.0,0.0,0.0,0.0,0,0,0,0
1996-08-22,0.0,0.0,0.0,0.0,0.0,0.0,0.0,0.0,0.0,0.0,0.0,0.0,0.0,0.0,0.0,0,0,0,0
1996-08-23,0.0,0.0,0.0,0.0,0.0,0.0,0.0,0.0,0.0,0.0,0.0,0.0,0.0,0.0,0.0,0,0,0,0
1996-08-24,0.0,0.0,0.0,0.0,0.0,0.0,0.0,0.0,0.0,0.0,0.0,0.0,0.0,0.0,0.0,0,0,0,0
1996-08-26,0.0,0.0,0.0,0.0,0.0,0.0,0.0,0.0,0.0,0.0,0.0,0.0,0.0,0.0,0.0,0,0,0,0
1996-08-27,0.0,0.0,0.0,0.0,0.0,0.0,0.0,0.0,0.0,0.0,0.0,0.0,0.0,0.0,0.0,0,0,0,0
1996-08-28,0.0,0.0,0.0,0.0,0.0,0.0,0.0,0.0,0.0,0.0,0.0,0.0,0.0,0.0,0.0,0,0,0,0
1996-08-29,0.0,0.0,0.0,0.0,0.0,0.0,0.0,0.0,0.0,0.0,0.0,0.0,0.0,0.0,0.0,0,0,0,0
1996-08-30,0.0,0.0,0.0,0.0,0.0,0.0,0.0,0.0,0.0,0.0,0.0,0.0,0.0,0.0,0.0,0,0,0,0
1996-08-31,0.0,0.0,0.0,0.0,0.0,0.0,0.0,0.0,0.0,0.0,0.0,0.0,0.0,0.0,0.0,0,0,0,0
1996-09-02,0.0,0.0,0.0,0.0,0.0,0.0,0.0,0.0,0.0,0.0,0.0,0.0,0.0,0.0,0.0,0,0,0,0
1996-09-03,0.0,0.0,0.0,0.0,0.0,0.0,0.0,0.0,0.0,0.0,0.0,0.0,0.0,0.0,0.0,0,0,0,0
1996-09-04,0.0,0.0,0.0,0.0,0.0,0.0,0.0,0.0,0.0,0.0,0.0,0.0,0.0,0.0,0.0,0,0,0,0
1996-09-05,0.0,0.0,0.0,0.0,0.0,0.0,0.0,0.0,0.0,0.0,0.0,0.0,0.0,0.0,0.0,0,0,0,0
1996-09-06,0.0,0.0,0.0,0.0,0.0,0.0,0.0,0.0,0.0,0.0,0.0,0.0,0.0,0.0,0.0,0,0,0,0
1996-09-07,0.0,0.0,0.0,0.0,0.0,0.0,0.0,0.0,0.0,0.0,0.0,0.0,0.0,0.0,0.0,0,0,0,0
1996-09-09,0.0,0.0,0.0,0.0,0.0,0.0,0.0,0.0,0.0,0.0,0.0,0.0,0.0,0.0,0.0,0,0,0,0
1996-09-10,0.0,0.0,0.0,0.0,0.0,0.0,0.0,0.0,0.0,0.0,0.0,0.0,0.0,0.0,0.0,0,0,0,0
1996-09-11,0.0,0.0,0.0,0.0,0.0,0.0,0.0,0.0,0.0,0.0,0.0,0.0,0.0,0.0,0.0,0,0,0,0
1996-09-12,0.0,0.0,0.0,0.0,0.0,0.0,0.0,0.0,0.0,0.0,0.0,0.0,0.0,0.0,0.0,0,0,0,0
1996-09-13,0.0,0.0,0.0,0.0,0.0,0.0,0.0,0.0,0.0,0.0,0.0,0.0,0.0,0.0,0.0,0,0,0,0
1996-09-14,0.0,0.0,0.0,0.0,0.0,0.0,0.0,0.0,0.0,0.0,0.0,0.0,0.0,0.0,0.0,0,0,0,0
1996-09-16,0.0,0.0,0.0,0.0,0.0,0.0,0.0,0.0,0.0,0.0,0.0,0.0,0.0,0.0,0.0,0,0,0,0
1996-09-17,0.0,0.0,0.0,0.0,0.0,0.0,0.0,0.0,0.0,0.0,0.0,0.0,0.0,0.0,0.0,0,0,0,0
1996-09-18,0.0,0.0,0.0,0.0,0.0,0.0,0.0,0.0,0.0,0.0,0.0,0.0,0.0,0.0,0.0,0,0,0,0
1996-09-19,0.0,0.0,0.0,0.0,0.0,0.0,0.0,0.0,0.0,0.0,0.0,0.0,0.0,0.0,0.0,0,0,0,0
1996-09-20,0.0,0.0,0.0,0.0,0.0,0.0,0.0,0.0,0.0,0.0,0.0,0.0,0.0,0.0,0.0,0,0,0,0
1996-09-21,0.0,0.0,0.0,0.0,0.0,0.0,0.0,0.0,0.0,0.0,0.0,0.0,0.0,0.0,0.0,0,0,0,0
1996-09-23,0.0,0.0,0.0,0.0,0.0,0.0,0.0,0.0,0.0,0.0,0.0,0.0,0.0,0.0,0.0,0,0,0,0
1996-09-24,0.0,0.0,0.0,0.0,0.0,0.0,0.0,0.0,0.0,0.0,0.0,0.0,0.0,0.0,0.0,0,0,0,0
1996-09-25,0.0,0.0,0.0,0.0,0.0,0.0,0.0,0.0,0.0,0.0,0.0,0.0,0.0,0.0,0.0,0,0,0,0
1996-09-26,0.0,0.0,0.0,0.0,0.0,0.0,0.0,0.0,0.0,0.0,0.0,0.0,0.0,0.0,0.0,0,0,0,0
1996-09-30,0.0,0.0,0.0,0.0,0.0,0.0,0.0,0.0,0.0,0.0,0.0,0.0,0.0,0.0,0.0,0,0,0,0
1996-10-01,0.0,0.0,0.0,0.0,0.0,0.0,0.0,0.0,0.0,0.0,0.0,0.0,0.0,0.0,0.0,0,0,0,0
1996-10-02,0.0,0.0,0.0,0.0,0.0,0.0,0.0,0.0,0.0,0.0,0.0,0.0,0.0,0.0,0.0,0,0,0,0
1996-10-03,0.0,0.0,0.0,0.0,0.0,0.0,0.0,0.0,0.0,0.0,0.0,0.0,0.0,0.0,0.0,0,0,0,0
1996-10-04,0.0,0.0,0.0,0.0,0.0,0.0,0.0,0.0,0.0,0.0,0.0,0.0,0.0,0.0,0.0,0,0,0,0
1996-10-05,0.0,0.0,0.0,0.0,0.0,0.0,0.0,0.0,0.0,0.0,0.0,0.0,0.0,0.0,0.0,0,0,0,0
1996-10-07,0.0,0.0,0.0,0.0,0.0,0.0,0.0,0.0,0.0,0.0,0.0,0.0,0.0,0.0,0.0,0,0,0,0
1996-10-08,0.0,0.0,0.0,0.0,0.0,0.0,0.0,0.0,0.0,0.0,0.0,0.0,0.0,0.0,0.0,0,0,0,0
1996-10-09,0.0,0.0,0.0,0.0,0.0,0.0,0.0,0.0,0.0,0.0,0.0,0.0,0.0,0.0,0.0,0,0,0,0
1996-10-11,0.0,0.0,0.0,0.0,0.0,0.0,0.0,0.0,0.0,0.0,0.0,0.0,0.0,0.0,0.0,0,0,0,0
1996-10-12,0.0,0.0,0.0,0.0,0.0,0.0,0.0,0.0,0.0,0.0,0.0,0.0,0.0,0.0,0.0,0,0,0,0
1996-10-14,0.0,0.0,0.0,0.0,0.0,0.0,0.0,0.0,0.0,0.0,0.0,0.0,0.0,0.0,0.0,0,0,0,0
1996-10-15,0.0,0.0,0.0,0.0,0.0,0.0,0.0,0.0,0.0,0.0,0.0,0.0,0.0,0.0,0.0,0,0,0,0
1996-10-16,0.0,0.0,0.0,0.0,0.0,0.0,0.0,0.0,0.0,0.0,0.0,0.0,0.0,0.0,0.0,0,0,0,0
1996-10-17,0.0,0.0,0.0,0.0,0.0,0.0,0.0,0.0,0.0,0.0,0.0,0.0,0.0,0.0,0.0,0,0,0,0
1996-10-18,0.0,0.0,0.0,0.0,0.0,0.0,0.0,0.0,0.0,0.0,0.0,0.0,0.0,0.0,0.0,0,0,0,0
1996-10-19,0.0,0.0,0.0,0.0,0.0,0.0,0.0,0.0,0.0,0.0,0.0,0.0,0.0,0.0,0.0,0,0,0,0
1996-10-21,0.0,0.0,0.0,0.0,0.0,0.0,0.0,0.0,0.0,0.0,0.0,0.0,0.0,0.0,0.0,0,0,0,0
1996-10-22,0.0,0.0,0.0,0.0,0.0,0.0,0.0,0.0,0.0,0.0,0.0,0.0,0.0,0.0,0.0,0,0,0,0
1996-10-23,0.0,0.0,0.0,0.0,0.0,0.0,0.0,0.0,0.0,0.0,0.0,0.0,0.0,0.0,0.0,0,0,0,0
1996-10-24,0.0,0.0,0.0,0.0,0.0,0.0,0.0,0.0,0.0,0.0,0.0,0.0,0.0,0.0,0.0,0,0,0,0
1996-10-28,0.0,0.0,0.0,0.0,0.0,0.0,0.0,0.0,0.0,0.0,0.0,0.0,0.0,0.0,0.0,0,0,0,0
1996-10-29,0.0,0.0,0.0,0.0,0.0,0.0,0.0,0.0,0.0,0.0,0.0,0.0,0.0,0.0,0.0,0,0,0,0
1996-10-30,0.0,0.0,0.0,0.0,0.0,0.0,0.0,0.0,0.0,0.0,0.0,0.0,0.0,0.0,0.0,0,0,0,0
1996-11-01,0.0,0.0,0.0,0.0,0.0,0.0,0.0,0.0,0.0,0.0,0.0,0.0,0.0,0.0,0.0,0,0,0,0
1996-11-02,0.0,0.0,0.0,0.0,0.0,0.0,0.0,0.0,0.0,0.0,0.0,0.0,0.0,0.0,0.0,0,0,0,0
1996-11-04,0.0,0.0,0.0,0.0,0.0,0.0,0.0,0.0,0.0,0.0,0.0,0.0,0.0,0.0,0.0,0,0,0,0
1996-11-05,0.0,0.0,0.0,0.0,0.0,0.0,0.0,0.0,0.0,0.0,0.0,0.0,0.0,0.0,0.0,0,0,0,0
1996-11-06,0.0,0.0,0.0,0.0,0.0,0.0,0.0,0.0,0.0,0.0,0.0,0.0,0.0,0.0,0.0,0,0,0,0
1996-11-07,0.0,0.0,0.0,0.0,0.0,0.0,0.0,0.0,0.0,0.0,0.0,0.0,0.0,0.0,0.0,0,0,0,0
1996-11-08,0.0,0.0,0.0,0.0,0.0,0.0,0.0,0.0,0.0,0.0,0.0,0.0,0.0,0.0,0.0,0,0,0,0
1996-11-09,0.0,0.0,0.0,0.0,0.0,0.0,0.0,0.0,0.0,0.0,0.0,0.0,0.0,0.0,0.0,0,0,0,0
1996-11-11,0.0,0.0,0.0,0.0,0.0,0.0,0.0,0.0,0.0,0.0,0.0,0.0,0.0,0.0,0.0,0,0,0,0
1996-11-13,0.0,0.0,0.0,0.0,0.0,0.0,0.0,0.0,0.0,0.0,0.0,0.0,0.0,0.0,0.0,0,0,0,0
1996-11-14,0.0,0.0,0.0,0.0,0.0,0.0,0.0,0.0,0.0,0.0,0.0,0.0,0.0,0.0,0.0,0,0,0,0
1996-11-15,0.0,0.0,0.0,0.0,0.0,0.0,0.0,0.0,0.0,0.0,0.0,0.0,0.0,0.0,0.0,0,0,0,0
1996-11-16,0.0,0.0,0.0,0.0,0.0,0.0,0.0,0.0,0.0,0.0,0.0,0.0,0.0,0.0,0.0,0,0,0,0
1996-11-18,0.0,0.0,0.0,0.0,0.0,0.0,0.0,0.0,0.0,0.0,0.0,0.0,0.0,0.0,0.0,0,0,0,0
1996-11-19,0.0,0.0,0.0,0.0,0.0,0.0,0.0,0.0,0.0,0.0,0.0,0.0,0.0,0.0,0.0,0,0,0,0
1996-11-20,0.0,0.0,0.0,0.0,0.0,0.0,0.0,0.0,0.0,0.0,0.0,0.0,0.0,0.0,0.0,0,0,0,0
1996-11-21,0.0,0.0,0.0,0.0,0.0,0.0,0.0,0.0,0.0,0.0,0.0,0.0,0.0,0.0,0.0,0,0,0,0
1996-11-22,0.0,0.0,0.0,0.0,0.0,0.0,0.0,0.0,0.0,0.0,0.0,0.0,0.0,0.0,0.0,0,0,0,0
1996-11-23,0.0,0.0,0.0,0.0,0.0,0.0,0.0,0.0,0.0,0.0,0.0,0.0,0.0,0.0,0.0,0,0,0,0
1996-11-25,0.0,0.0,0.0,0.0,0.0,0.0,0.0,0.0,0.0,0.0,0.0,0.0,0.0,0.0,0.0,0,0,0,0
1996-11-26,0.0,0.0,0.0,0.0,0.0,0.0,0.0,0.0,0.0,0.0,0.0,0.0,0.0,0.0,0.0,0,0,0,0
1996-11-27,0.0,0.0,0.0,0.0,0.0,0.0,0.0,0.0,0.0,0.0,0.0,0.0,0.0,0.0,0.0,0,0,0,0
1996-11-28,0.0,0.0,0.0,0.0,0.0,0.0,0.0,0.0,0.0,0.0,0.0,0.0,0.0,0.0,0.0,0,0,0,0
1996-11-29,0.0,0.0,0.0,0.0,0.0,0.0,0.0,0.0,0.0,0.0,0.0,0.0,0.0,0.0,0.0,0,0,0,0
1996-11-30,0.0,0.0,0.0,0.0,0.0,0.0,0.0,0.0,0.0,0.0,0.0,0.0,0.0,0.0,0.0,0,0,0,0
1996-12-02,0.0,0.0,0.0,0.0,0.0,0.0,0.0,0.0,0.0,0.0,0.0,0.0,0.0,0.0,0.0,0,0,0,0
1996-12-03,0.0,0.0,0.0,0.0,0.0,0.0,0.0,0.0,0.0,0.0,0.0,0.0,0.0,0.0,0.0,0,0,0,0
1996-12-04,0.0,0.0,0.0,0.0,0.0,0.0,0.0,0.0,0.0,0.0,0.0,0.0,0.0,0.0,0.0,0,0,0,0
1996-12-05,0.0,0.0,0.0,0.0,0.0,0.0,0.0,0.0,0.0,0.0,0.0,0.0,0.0,0.0,0.0,0,0,0,0
1996-12-06,0.0,0.0,0.0,0.0,0.0,0.0,0.0,0.0,0.0,0.0,0.0,0.0,0.0,0.0,0.0,0,0,0,0
1996-12-07,0.0,0.0,0.0,0.0,0.0,0.0,0.0,0.0,0.0,0.0,0.0,0.0,0.0,0.0,0.0,0,0,0,0
1996-12-09,0.0,0.0,0.0,0.0,0.0,0.0,0.0,0.0,0.0,0.0,0.0,0.0,0.0,0.0,0.0,0,0,0,0
1996-12-10,0.0,0.0,0.0,0.0,0.0,0.0,0.0,0.0,0.0,0.0,0.0,0.0,0.0,0.0,0.0,0,0,0,0
1996-12-11,0.0,0.0,0.0,0.0,0.0,0.0,0.0,0.0,0.0,0.0,0.0,0.0,0.0,0.0,0.0,0,0,0,0
1996-12-12,0.0,0.0,0.0,0.0,0.0,0.0,0.0,0.0,0.0,0.0,0.0,0.0,0.0,0.0,0.0,0,0,0,0
1996-12-13,0.0,0.0,0.0,0.0,0.0,0.0,0.0,0.0,0.0,0.0,0.0,0.0,0.0,0.0,0.0,0,0,0,0
1996-12-14,0.0,0.0,0.0,0.0,0.0,0.0,0.0,0.0,0.0,0.0,0.0,0.0,0.0,0.0,0.0,0,0,0,0
1996-12-16,0.0,0.0,0.0,0.0,0.0,0.0,0.0,0.0,0.0,0.0,0.0,0.0,0.0,0.0,0.0,0,0,0,0
1996-12-17,0.0,0.0,0.0,0.0,0.0,0.0,0.0,0.0,0.0,0.0,0.0,0.0,0.0,0.0,0.0,0,0,0,0
1996-12-18,0.0,0.0,0.0,0.0,0.0,0.0,0.0,0.0,0.0,0.0,0.0,0.0,0.0,0.0,0.0,0,0,0,0
1996-12-19,0.0,0.0,0.0,0.0,0.0,0.0,0.0,0.0,0.0,0.0,0.0,0.0,0.0,0.0,0.0,0,0,0,0
1996-12-20,0.0,0.0,0.0,0.0,0.0,0.0,0.0,0.0,0.0,0.0,0.0,0.0,0.0,0.0,0.0,0,0,0,0
1996-12-21,0.0,0.0,0.0,0.0,0.0,0.0,0.0,0.0,0.0,0.0,0.0,0.0,0.0,0.0,0.0,0,0,0,0
1996-12-23,0.0,0.0,0.0,0.0,0.0,0.0,0.0,0.0,0.0,0.0,0.0,0.0,0.0,0.0,0.0,0,0,0,0
1996-12-24,0.0,0.0,0.0,0.0,0.0,0.0,0.0,0.0,0.0,0.0,0.0,0.0,0.0,0.0,0.0,0,0,0,0
1996-12-26,0.0,0.0,0.0,0.0,0.0,0.0,0.0,0.0,0.0,0.0,0.0,0.0,0.0,0.0,0.0,0,0,0,0
1996-12-27,0.0,0.0,0.0,0.0,0.0,0.0,0.0,0.0,0.0,0.0,0.0,0.0,0.0,0.0,0.0,0,0,0,0
1996-12-28,0.0,0.0,0.0,0.0,0.0,0.0,0.0,0.0,0.0,0.0,0.0,0.0,0.0,0.0,0.0,0,0,0,0
1996-12-30,0.0,0.0,0.0,0.0,0.0,0.0,0.0,0.0,0.0,0.0,0.0,0.0,0.0,0.0,0.0,0,0,0,0
1996-12-31,0.0,0.0,0.0,0.0,0.0,0.0,0.0,0.0,0.0,0.0,0.0,0.0,0.0,0.0,0.0,0,0,0,0
1997-01-04,0.0,0.0,0.0,0.0,0.0,0.0,0.0,0.0,0.0,0.0,0.0,0.0,0.0,0.0,0.0,0,0,0,0
1997-01-06,0.0,0.0,0.0,0.0,0.0,0.0,0.0,0.0,0.0,0.0,0.0,0.0,0.0,0.0,0.0,0,0,0,0
1997-01-07,0.0,0.0,0.0,0.0,0.0,0.0,0.0,0.0,0.0,0.0,0.0,0.0,0.0,0.0,0.0,0,0,0,0
1997-01-08,0.0,0.0,0.0,0.0,0.0,0.0,0.0,0.0,0.0,0.0,0.0,0.0,0.0,0.0,0.0,0,0,0,0
1997-01-09,0.0,0.0,0.0,0.0,0.0,0.0,0.0,0.0,0.0,0.0,0.0,0.0,0.0,0.0,0.0,0,0,0,0
1997-01-10,0.0,0.0,0.0,0.0,0.0,0.0,0.0,0.0,0.0,0.0,0.0,0.0,0.0,0.0,0.0,0,0,0,0
1997-01-11,0.0,0.0,0.0,0.0,0.0,0.0,0.0,0.0,0.0,0.0,0.0,0.0,0.0,0.0,0.0,0,0,0,0
1997-01-13,0.0,0.0,0.0,0.0,0.0,0.0,0.0,0.0,0.0,0.0,0.0,0.0,0.0,0.0,0.0,0,0,0,0
1997-01-14,0.0,0.0,0.0,0.0,0.0,0.0,0.0,0.0,0.0,0.0,0.0,0.0,0.0,0.0,0.0,0,0,0,0
1997-01-15,0.0,0.0,0.0,0.0,0.0,0.0,0.0,0.0,0.0,0.0,0.0,0.0,0.0,0.0,0.0,0,0,0,0
1997-01-16,0.0,0.0,0.0,0.0,0.0,0.0,0.0,0.0,0.0,0.0,0.0,0.0,0.0,0.0,0.0,0,0,0,0
1997-01-17,0.0,0.0,0.0,0.0,0.0,0.0,0.0,0.0,0.0,0.0,0.0,0.0,0.0,0.0,0.0,0,0,0,0
1997-01-18,0.0,0.0,0.0,0.0,0.0,0.0,0.0,0.0,0.0,0.0,0.0,0.0,0.0,0.0,0.0,0,0,0,0
1997-01-20,0.0,0.0,0.0,0.0,0.0,0.0,0.0,0.0,0.0,0.0,0.0,0.0,0.0,0.0,0.0,0,0,0,0
1997-01-21,0.0,0.0,0.0,0.0,0.0,0.0,0.0,0.0,0.0,0.0,0.0,0.0,0.0,0.0,0.0,0,0,0,0
1997-01-22,0.0,0.0,0.0,0.0,0.0,0.0,0.0,0.0,0.0,0.0,0.0,0.0,0.0,0.0,0.0,0,0,0,0
1997-01-23,0.0,0.0,0.0,0.0,0.0,0.0,0.0,0.0,0.0,0.0,0.0,0.0,0.0,0.0,0.0,0,0,0,0
1997-01-24,0.0,0.0,0.0,0.0,0.0,0.0,0.0,0.0,0.0,0.0,0.0,0.0,0.0,0.0,0.0,0,0,0,0
1997-01-25,0.0,0.0,0.0,0.0,0.0,0.0,0.0,0.0,0.0,0.0,0.0,0.0,0.0,0.0,0.0,0,0,0,0
1997-01-27,0.0,0.0,0.0,0.0,0.0,0.0,0.0,0.0,0.0,0.0,0.0,0.0,0.0,0.0,0.0,0,0,0,0
1997-01-28,0.0,0.0,0.0,0.0,0.0,0.0,0.0,0.0,0.0,0.0,0.0,0.0,0.0,0.0,0.0,0,0,0,0
1997-01-29,0.0,0.0,0.0,0.0,0.0,0.0,0.0,0.0,0.0,0.0,0.0,0.0,0.0,0.0,0.0,0,0,0,0
1997-01-30,0.0,0.0,0.0,0.0,0.0,0.0,0.0,0.0,0.0,0.0,0.0,0.0,0.0,0.0,0.0,0,0,0,0
1997-01-31,0.0,0.0,0.0,0.0,0.0,0.0,0.0,0.0,0.0,0.0,0.0,0.0,0.0,0.0,0.0,0,0,0,0
1997-02-01,0.0,0.0,0.0,0.0,0.0,0.0,0.0,0.0,0.0,0.0,0.0,0.0,0.0,0.0,0.0,0,0,0,0
1997-02-03,0.0,0.0,0.0,0.0,0.0,0.0,0.0,0.0,0.0,0.0,0.0,0.0,0.0,0.0,0.0,0,0,0,0
1997-02-11,0.0,0.0,0.0,0.0,0.0,0.0,0.0,0.0,0.0,0.0,0.0,0.0,0.0,0.0,0.0,0,0,0,0
1997-02-12,0.0,0.0,0.0,0.0,0.0,0.0,0.0,0.0,0.0,0.0,0.0,0.0,0.0,0.0,0.0,0,0,0,0
1997-02-13,0.0,0.0,0.0,0.0,0.0,0.0,0.0,0.0,0.0,0.0,0.0,0.0,0.0,0.0,0.0,0,0,0,0
1997-02-14,0.0,0.0,0.0,0.0,0.0,0.0,0.0,0.0,0.0,0.0,0.0,0.0,0.0,0.0,0.0,0,0,0,0
1997-02-15,0.0,0.0,0.0,0.0,0.0,0.0,0.0,0.0,0.0,0.0,0.0,0.0,0.0,0.0,0.0,0,0,0,0
1997-02-17,0.0,0.0,0.0,0.0,0.0,0.0,0.0,0.0,0.0,0.0,0.0,0.0,0.0,0.0,0.0,0,0,0,0
1997-02-18,0.0,0.0,0.0,0.0,0.0,0.0,0.0,0.0,0.0,0.0,0.0,0.0,0.0,0.0,0.0,0,0,0,0
1997-02-19,0.0,0.0,0.0,0.0,0.0,0.0,0.0,0.0,0.0,0.0,0.0,0.0,0.0,0.0,0.0,0,0,0,0
1997-02-20,0.0,0.0,0.0,0.0,0.0,0.0,0.0,0.0,0.0,0.0,0.0,0.0,0.0,0.0,0.0,0,0,0,0
1997-02-21,0.0,0.0,0.0,0.0,0.0,0.0,0.0,0.0,0.0,0.0,0.0,0.0,0.0,0.0,0.0,0,0,0,0
1997-02-22,0.0,0.0,0.0,0.0,0.0,0.0,0.0,0.0,0.0,0.0,0.0,0.0,0.0,0.0,0.0,0,0,0,0
1997-02-24,0.0,0.0,0.0,0.0,0.0,0.0,0.0,0.0,0.0,0.0,0.0,0.0,0.0,0.0,0.0,0,0,0,0
1997-02-25,0.0,0.0,0.0,0.0,0.0,0.0,0.0,0.0,0.0,0.0,0.0,0.0,0.0,0.0,0.0,0,0,0,0
1997-02-26,0.0,0.0,0.0,0.0,0.0,0.0,0.0,0.0,0.0,0.0,0.0,0.0,0.0,0.0,0.0,0,0,0,0
1997-02-27,0.0,0.0,0.0,0.0,0.0,0.0,0.0,0.0,0.0,0.0,0.0,0.0,0.0,0.0,0.0,0,0,0,0
1997-02-28,0.0,0.0,0.0,0.0,0.0,0.0,0.0,0.0,0.0,0.0,0.0,0.0,0.0,0.0,0.0,0,0,0,0
1997-03-01,0.0,0.0,0.0,0.0,0.0,0.0,0.0,0.0,0.0,0.0,0.0,0.0,0.0,0.0,0.0,0,0,0,0
1997-03-03,0.0,0.0,0.0,0.0,0.0,0.0,0.0,0.0,0.0,0.0,0.0,0.0,0.0,0.0,0.0,0,0,0,0
1997-03-04,0.0,0.0,0.0,0.0,0.0,0.0,0.0,0.0,0.0,0.0,0.0,0.0,0.0,0.0,0.0,0,0,0,0
1997-03-05,0.0,0.0,0.0,0.0,0.0,0.0,0.0,0.0,0.0,0.0,0.0,0.0,0.0,0.0,0.0,0,0,0,0
1997-03-06,0.0,0.0,0.0,0.0,0.0,0.0,0.0,0.0,0.0,0.0,0.0,0.0,0.0,0.0,0.0,0,0,0,0
1997-03-07,0.0,0.0,0.0,0.0,0.0,0.0,0.0,0.0,0.0,0.0,0.0,0.0,0.0,0.0,0.0,0,0,0,0
1997-03-08,0.0,0.0,0.0,0.0,0.0,0.0,0.0,0.0,0.0,0.0,0.0,0.0,0.0,0.0,0.0,0,0,0,0
1997-03-10,0.0,0.0,0.0,0.0,0.0,0.0,0.0,0.0,0.0,0.0,0.0,0.0,0.0,0.0,0.0,0,0,0,0
1997-03-11,0.0,0.0,0.0,0.0,0.0,0.0,0.0,0.0,0.0,0.0,0.0,0.0,0.0,0.0,0.0,0,0,0,0
1997-03-12,0.0,0.0,0.0,0.0,0.0,0.0,0.0,0.0,0.0,0.0,0.0,0.0,0.0,0.0,0.0,0,0,0,0
1997-03-13,0.0,0.0,0.0,0.0,0.0,0.0,0.0,0.0,0.0,0.0,0.0,0.0,0.0,0.0,0.0,0,0,0,0
1997-03-14,0.0,0.0,0.0,0.0,0.0,0.0,0.0,0.0,0.0,0.0,0.0,0.0,0.0,0.0,0.0,0,0,0,0
1997-03-15,0.0,0.0,0.0,0.0,0.0,0.0,0.0,0.0,0.0,0.0,0.0,0.0,0.0,0.0,0.0,0,0,0,0
1997-03-17,0.0,0.0,0.0,0.0,0.0,0.0,0.0,0.0,0.0,0.0,0.0,0.0,0.0,0.0,0.0,0,0,0,0
1997-03-18,0.0,0.0,0.0,0.0,0.0,0.0,0.0,0.0,0.0,0.0,0.0,0.0,0.0,0.0,0.0,0,0,0,0
1997-03-19,0.0,0.0,0.0,0.0,0.0,0.0,0.0,0.0,0.0,0.0,0.0,0.0,0.0,0.0,0.0,0,0,0,0
1997-03-20,0.0,0.0,0.0,0.0,0.0,0.0,0.0,0.0,0.0,0.0,0.0,0.0,0.0,0.0,0.0,0,0,0,0
1997-03-21,0.0,0.0,0.0,0.0,0.0,0.0,0.0,0.0,0.0,0.0,0.0,0.0,0.0,0.0,0.0,0,0,0,0
1997-03-22,0.0,0.0,0.0,0.0,0.0,0.0,0.0,0.0,0.0,0.0,0.0,0.0,0.0,0.0,0.0,0,0,0,0
1997-03-24,0.0,0.0,0.0,0.0,0.0,0.0,0.0,0.0,0.0,0.0,0.0,0.0,0.0,0.0,0.0,0,0,0,0
1997-03-25,0.0,0.0,0.0,0.0,0.0,0.0,0.0,0.0,0.0,0.0,0.0,0.0,0.0,0.0,0.0,0,0,0,0
1997-03-26,0.0,0.0,0.0,0.0,0.0,0.0,0.0,0.0,0.0,0.0,0.0,0.0,0.0,0.0,0.0,0,0,0,0
1997-03-27,0.0,0.0,0.0,0.0,0.0,0.0,0.0,0.0,0.0,0.0,0.0,0.0,0.0,0.0,0.0,0,0,0,0
1997-03-28,0.0,0.0,0.0,0.0,0.0,0.0,0.0,0.0,0.0,0.0,0.0,0.0,0.0,0.0,0.0,0,0,0,0
1997-03-31,0.0,0.0,0.0,0.0,0.0,0.0,0.0,0.0,0.0,0.0,0.0,0.0,0.0,0.0,0.0,0,0,0,0
1997-04-01,0.0,0.0,0.0,0.0,0.0,0.0,0.0,0.0,0.0,0.0,0.0,0.0,0.0,0.0,0.0,0,0,0,0
1997-04-02,0.0,0.0,0.0,0.0,0.0,0.0,0.0,0.0,0.0,0.0,0.0,0.0,0.0,0.0,0.0,0,0,0,0
1997-04-03,0.0,0.0,0.0,0.0,0.0,0.0,0.0,0.0,0.0,0.0,0.0,0.0,0.0,0.0,0.0,0,0,0,0
1997-04-07,0.0,0.0,0.0,0.0,0.0,0.0,0.0,0.0,0.0,0.0,0.0,0.0,0.0,0.0,0.0,0,0,0,0
1997-04-08,0.0,0.0,0.0,0.0,0.0,0.0,0.0,0.0,0.0,0.0,0.0,0.0,0.0,0.0,0.0,0,0,0,0
1997-04-09,0.0,0.0,0.0,0.0,0.0,0.0,0.0,0.0,0.0,0.0,0.0,0.0,0.0,0.0,0.0,0,0,0,0
1997-04-10,0.0,0.0,0.0,0.0,0.0,0.0,0.0,0.0,0.0,0.0,0.0,0.0,0.0,0.0,0.0,0,0,0,0
1997-04-11,0.0,0.0,0.0,0.0,0.0,0.0,0.0,0.0,0.0,0.0,0.0,0.0,0.0,0.0,0.0,0,0,0,0
1997-04-12,0.0,0.0,0.0,0.0,0.0,0.0,0.0,0.0,0.0,0.0,0.0,0.0,0.0,0.0,0.0,0,0,0,0
1997-04-14,0.0,0.0,0.0,0.0,0.0,0.0,0.0,0.0,0.0,0.0,0.0,0.0,0.0,0.0,0.0,0,0,0,0
1997-04-15,0.0,0.0,0.0,0.0,0.0,0.0,0.0,0.0,0.0,0.0,0.0,0.0,0.0,0.0,0.0,0,0,0,0
1997-04-16,0.0,0.0,0.0,0.0,0.0,0.0,0.0,0.0,0.0,0.0,0.0,0.0,0.0,0.0,0.0,0,0,0,0
1997-04-17,0.0,0.0,0.0,0.0,0.0,0.0,0.0,0.0,0.0,0.0,0.0,0.0,0.0,0.0,0.0,0,0,0,0
1997-04-18,0.0,0.0,0.0,0.0,0.0,0.0,0.0,0.0,0.0,0.0,0.0,0.0,0.0,0.0,0.0,0,0,0,0
1997-04-19,0.0,0.0,0.0,0.0,0.0,0.0,0.0,0.0,0.0,0.0,0.0,0.0,0.0,0.0,0.0,0,0,0,0
1997-04-21,0.0,0.0,0.0,0.0,0.0,0.0,0.0,0.0,0.0,0.0,0.0,0.0,0.0,0.0,0.0,0,0,0,0
1997-04-22,5.36,6.84,0.0,0.0,0.0,774.61,1212.7399,19.52,265.12,0.03617,0.0,0.0,0.0,0.0,0.0,0,0,0,0
1997-04-23,5.37,6.89,0.0,0.0,0.0,773.64,1227.14,20.48,269.98,0.03619,0.0,0.0,0.0,0.0,0.0,0,0,0,0
1997-04-24,5.32,6.93,0.0,0.0,0.0,771.18,1228.0999,20.83,271.99,0.03618,0.0,0.0,0.0,0.0,0.0,0,0,0,0
1997-04-25,5.31,6.94,0.0,0.0,0.0,765.37,1209.29,21.15,263.06,0.03618,0.0,0.0,0.0,0.0,0.0,0,0,0,0
1997-04-26,5.31,6.94,0.0,0.0,0.0,765.37,1209.29,21.15,263.06,0.03618,0.0,0.0,0.0,0.0,0.0,0,0,0,0
1997-04-28,5.35,6.92,0.0,0.0,0.0,772.96,1217.03,21.34,268.68,0.03614,0.0,0.0,0.0,0.0,0.0,0,0,0,0
1997-04-29,5.34,6.77,0.0,0.0,0.0,794.05,1242.63,19.8099,280.21,0.03614,0.0,0.0,0.0,0.0,0.0,0,0,0,0
1997-04-30,5.28,6.72,0.0,0.0,0.0,801.34,1260.76,20.0599,283.26,0.03615,0.0,0.0,0.0,0.0,0.0,0,0,0,0
1997-05-02,5.24,6.68,0.0,0.0,0.0,812.97,1305.3299,17.51,302.9,0.03615,0.0,0.0,0.0,0.0,0.0,0,0,0,0
1997-05-03,5.24,6.68,0.0,0.0,0.0,812.97,1305.3299,17.51,302.9,0.03615,0.0,0.0,0.0,0.0,0.0,0,0,0,0
1997-05-05,5.22,6.67,0.0,0.0,0.0,830.29,1339.2399,20.1299,314.46,0.03608,0.0,0.0,0.0,0.0,0.0,0,0,0,0
1997-05-06,5.21,6.67,0.0,0.0,0.0,827.76,1328.3,20.85,305.31,0.03605,0.0,0.0,0.0,0.0,0.0,0,0,0,0
1997-05-07,5.22,6.76,0.0,0.0,0.0,815.62,1322.91,21.34,305.92,0.03606,0.0,0.0,0.0,0.0,0.0,0,0,0,0
1997-05-08,5.21,6.72,0.0,0.0,0.0,820.26,1330.8299,21.26,312.96,0.03613,0.0,0.0,0.0,0.0,0.0,0,0,0,0
1997-05-09,5.19,6.67,0.0,0.0,0.0,824.78,1335.05,20.11,315.09,0.03612,0.0,0.0,0.0,0.0,0.0,0,0,0,0
1997-05-10,5.19,6.67,0.0,0.0,0.0,824.78,1335.05,20.11,315.09,0.03612,0.0,0.0,0.0,0.0,0.0,0,0,0,0
1997-05-12,5.24,6.65,0.0,0.0,0.0,837.66,1344.1899,20.25,308.91,0.03602,0.0,0.0,0.0,0.0,0.0,0,0,0,0
1997-05-13,5.24,6.71,0.0,0.0,0.0,833.13,1333.5899,20.8099,301.95,0.036,0.0,0.0,0.0,0.0,0.0,0,0,0,0
1997-05-14,5.19,6.68,0.0,0.0,0.0,836.04,1335.55,21.09,304.85,0.03601,0.0,0.0,0.0,0.0,0.0,0,0,0,0
1997-05-15,5.13,6.67,0.0,0.0,0.0,841.88,1353.5799,19.91,315.95,0.03599,0.0,0.0,0.0,0.0,0.0,0,0,0,0
1997-05-16,5.2,6.7,0.0,0.0,0.0,829.75,1340.7299,21.57,306.59,0.03606,0.0,0.0,0.0,0.0,0.0,0,0,0,0
1997-05-17,5.2,6.7,0.0,0.0,0.0,829.75,1340.7299,21.57,306.59,0.03606,0.0,0.0,0.0,0.0,0.0,0,0,0,0
1997-05-19,5.38,6.71,0.0,0.0,0.0,833.27,1341.2399,21.48,304.95,0.03603,0.0,0.0,0.0,0.0,0.0,0,0,0,0
1997-05-20,5.39,6.7,0.0,0.0,0.0,841.66,1363.88,19.26,317.66,0.036,0.0,0.0,0.0,0.0,0.0,0,0,0,0
1997-05-21,5.12,6.74,0.0,0.0,0.0,839.35,1373.75,19.28,317.53,0.03597,0.0,0.0,0.0,0.0,0.0,0,0,0,0
1997-05-22,5.18,6.76,0.0,0.0,0.0,835.66,1372.5999,18.77,313.65,0.03596,0.0,0.0,0.0,0.0,0.0,0,0,0,0
1997-05-23,5.18,6.74,0.0,0.0,0.0,847.03,1389.7199,18.08,319.92,0.03594,0.0,0.0,0.0,0.0,0.0,0,0,0,0
1997-05-24,5.18,6.74,0.0,0.0,0.0,847.03,1389.7199,18.08,319.92,0.03594,0.0,0.0,0.0,0.0,0.0,0,0,0,0
1997-05-26,5.18,6.74,0.0,0.0,0.0,847.03,1389.7199,18.08,319.92,0.03595,0.0,0.0,0.0,0.0,0.0,0,0,0,0
1997-05-27,5.18,6.79,0.0,0.0,0.0,849.71,1409.2099,19.36,330.54,0.03592,0.0,0.0,0.0,0.0,0.0,0,0,0,0
1997-05-28,5.18,6.8,0.0,0.0,0.0,847.21,1410.18,19.28,327.94,0.03587,0.0,0.0,0.0,0.0,0.0,0,0,0,0
1997-05-29,5.03,6.75,0.0,0.0,0.0,844.08,1403.04,19.02,319.04,0.03588,0.0,0.0,0.0,0.0,0.0,0,0,0,0
1997-05-30,4.96,6.67,0.0,0.0,0.0,848.28,1400.3199,19.19,311.25,0.03588,0.0,0.0,0.0,0.0,0.0,0,0,0,0
1997-05-31,4.96,6.67,0.0,0.0,0.0,848.28,1400.3199,19.19,311.25,0.03592,0.0,0.0,0.0,0.0,0.0,0,0,0,0
1997-06-02,5.07,6.66,0.0,0.0,0.0,846.36,1404.79,20.85,313.72,0.03589,0.0,0.0,0.0,0.0,0.0,0,0,0,0
1997-06-03,5.05,6.63,0.0,0.0,0.0,845.48,1384.91,20.01,298.61,0.03587,0.0,0.0,0.0,0.0,0.0,0,0,0,0
1997-06-04,5.09,6.62,0.0,0.0,0.0,840.11,1379.67,20.1,295.21,0.03585,0.0,0.0,0.0,0.0,0.0,0,0,0,0
1997-06-05,5.11,6.62,0.0,0.0,0.0,843.43,1390.05,20.36,297.27,0.03586,0.0,0.0,0.0,0.0,0.0,0,0,0,0
1997-06-06,5.07,6.51,0.0,0.0,0.0,858.01,1404.8399,18.94,300.19,0.03585,0.0,0.0,0.0,0.0,0.0,0,0,0,0
1997-06-07,5.07,6.51,0.0,0.0,0.0,858.01,1404.8399,18.94,300.19,0.03585,0.0,0.0,0.0,0.0,0.0,0,0,0,0
1997-06-10,5.05,6.57,0.0,0.0,0.0,865.27,1401.6899,19.04,293.13,0.03589,0.0,0.0,0.0,0.0,0.0,0,0,0,0
1997-06-11,4.98,6.56,0.0,0.0,0.0,869.57,1407.8499,18.85,292.09,0.03588,0.0,0.0,0.0,0.0,0.0,0,0,0,0
1997-06-12,4.97,6.48,0.0,0.0,0.0,883.46,1411.3199,18.51,287.96,0.03587,0.0,0.0,0.0,0.0,0.0,0,0,0,0
1997-06-13,5.0,6.43,0.0,0.0,0.0,893.27,1423.03,19.27,294.86,0.03586,0.0,0.0,0.0,0.0,0.0,0,0,0,0
1997-06-14,5.0,6.43,0.0,0.0,0.0,893.27,1423.03,19.27,294.86,0.03586,0.0,0.0,0.0,0.0,0.0,0,0,0,0
1997-06-16,5.03,6.4,0.0,0.0,0.0,893.9,1431.9499,19.77,302.64,0.03583,0.0,0.0,0.0,0.0,0.0,0,0,0,0
1997-06-17,5.05,6.43,0.0,0.0,0.0,894.42,1443.1099,20.17,310.12,0.03582,0.0,0.0,0.0,0.0,0.0,0,0,0,0
1997-06-18,5.03,6.4,0.0,0.0,0.0,889.06,1432.43,20.45,306.24,0.03583,0.0,0.0,0.0,0.0,0.0,0,0,0,0
1997-06-19,5.08,6.4,0.0,0.0,0.0,897.99,1447.14,20.1,308.11,0.03582,0.0,0.0,0.0,0.0,0.0,0,0,0,0
1997-06-20,5.08,6.37,0.0,0.0,0.0,898.7,1447.0999,20.2,307.33,0.03583,0.0,0.0,0.0,0.0,0.0,0,0,0,0
1997-06-21,5.08,6.37,0.0,0.0,0.0,898.7,1447.0999,20.2,307.33,0.03583,0.0,0.0,0.0,0.0,0.0,0,0,0,0
1997-06-23,5.06,6.4,0.0,0.0,0.0,878.62,1434.3199,21.19,305.59,0.03585,0.0,0.0,0.0,0.0,0.0,0,0,0,0
1997-06-24,5.07,6.42,0.0,0.0,0.0,896.34,1452.43,20.74,312.35,0.03586,0.0,0.0,0.0,0.0,0.0,0,0,0,0
1997-06-25,5.07,6.45,0.0,0.0,0.0,888.99,1446.2399,21.5,313.22,0.0359,0.0,0.0,0.0,0.0,0.0,0,0,0,0
1997-06-26,5.17,6.5,0.0,0.0,0.0,883.68,1436.38,21.82,308.58,0.03592,0.0,0.0,0.0,0.0,0.0,0,0,0,0
1997-06-27,5.15,6.46,0.0,0.0,0.0,887.3,1438.15,21.2199,307.09,0.03595,0.0,0.0,0.0,0.0,0.0,0,0,0,0
1997-06-28,5.15,6.46,0.0,0.0,0.0,887.3,1438.15,21.2199,307.09,0.03595,0.0,0.0,0.0,0.0,0.0,0,0,0,0
1997-06-30,5.25,6.51,0.0,0.0,0.0,885.14,1442.0699,21.53,305.74,0.03596,0.0,0.0,0.0,0.0,0.0,0,0,0,0
1997-07-02,5.2,6.42,0.0,0.0,0.0,904.03,1455.6099,19.7,313.03,0.03591,0.0,0.0,0.0,0.0,0.0,0,0,0,0
1997-07-03,5.14,6.31,0.0,0.0,0.0,916.92,1467.6099,17.82,316.71,0.03589,0.0,0.0,0.0,0.0,0.0,0,0,0,0
1997-07-04,5.14,6.31,0.0,0.0,0.0,916.92,1467.6099,17.82,316.71,0.03591,0.0,0.0,0.0,0.0,0.0,0,0,0,0
1997-07-05,5.14,6.31,0.0,0.0,0.0,916.92,1467.6099,17.82,316.71,0.03591,0.0,0.0,0.0,0.0,0.0,0,0,0,0
1997-07-07,5.12,6.27,0.0,0.0,0.0,912.2,1470.7399,19.1299,318.34,0.03583,0.0,0.0,0.0,0.0,0.0,0,0,0,0
1997-07-08,5.12,6.27,0.0,0.0,0.0,918.75,1485.0999,18.76,326.86,0.03582,0.0,0.0,0.0,0.0,0.0,0,0,0,0
1997-07-09,5.11,6.25,0.0,0.0,0.0,907.54,1486.63,20.4,333.86,0.03581,0.0,0.0,0.0,0.0,0.0,0,0,0,0
1997-07-10,5.15,6.26,0.0,0.0,0.0,913.78,1490.93,19.92,333.19,0.0359,0.0,0.0,0.0,0.0,0.0,0,0,0,0
1997-07-11,5.14,6.23,0.0,0.0,0.0,916.68,1502.6199,19.0599,339.86,0.03585,0.0,0.0,0.0,0.0,0.0,0,0,0,0
1997-07-12,5.14,6.23,0.0,0.0,0.0,916.68,1502.6199,19.0599,339.86,0.03585,0.0,0.0,0.0,0.0,0.0,0,0,0,0
1997-07-14,5.22,6.26,0.0,0.0,0.0,918.38,1523.88,19.58,348.34,0.03581,0.0,0.0,0.0,0.0,0.0,0,0,0,0
1997-07-15,5.22,6.26,0.0,0.0,0.0,925.76,1542.1099,19.0,360.49,0.03581,0.0,0.0,0.0,0.0,0.0,0,0,0,0
1997-07-16,5.17,6.2,0.0,0.0,0.0,936.59,1580.63,19.36,368.41,0.03579,0.0,0.0,0.0,0.0,0.0,0,0,0,0
1997-07-17,5.18,6.19,0.0,0.0,0.0,931.61,1568.8499,20.54,363.3,0.03579,0.0,0.0,0.0,0.0,0.0,0,0,0,0
1997-07-18,5.24,6.24,0.0,0.0,0.0,915.3,1547.9899,22.28,350.86,0.03581,0.0,0.0,0.0,0.0,0.0,0,0,0,0
1997-07-19,5.24,6.24,0.0,0.0,0.0,915.3,1547.9899,22.28,350.86,0.03581,0.0,0.0,0.0,0.0,0.0,0,0,0,0
1997-07-21,5.27,6.27,0.0,0.0,0.0,912.94,1536.2299,23.51,345.19,0.03582,0.0,0.0,0.0,0.0,0.0,0,0,0,0
1997-07-22,5.18,6.15,0.0,0.0,0.0,933.98,1563.8599,21.77,357.19,0.0358,0.0,0.0,0.0,0.0,0.0,0,0,0,0
1997-07-23,5.2,6.14,0.0,0.0,0.0,936.56,1567.65,21.2999,364.38,0.03578,0.0,0.0,0.0,0.0,0.0,0,0,0,0
1997-07-24,5.23,6.16,0.0,0.0,0.0,940.3,1569.13,20.9599,366.67,0.03579,0.0,0.0,0.0,0.0,0.0,0,0,0,0
1997-07-25,5.24,6.18,0.0,0.0,0.0,938.79,1569.5799,20.82,359.87,0.03577,0.0,0.0,0.0,0.0,0.0,0,0,0,0
1997-07-26,5.24,6.18,0.0,0.0,0.0,938.79,1569.5799,20.82,359.87,0.03577,0.0,0.0,0.0,0.0,0.0,0,0,0,0
1997-07-28,5.24,6.16,0.0,0.0,0.0,936.45,1563.53,21.84,359.26,0.03575,0.0,0.0,0.0,0.0,0.0,0,0,0,0
1997-07-29,5.24,6.11,0.0,0.0,0.0,942.29,1572.3199,22.02,353.42,0.0355,0.0,0.0,0.0,0.0,0.0,0,0,0,0
1997-07-30,5.24,6.05,0.0,0.0,0.0,952.29,1588.05,21.3899,361.98,0.03511,0.0,0.0,0.0,0.0,0.0,0,0,0,0
1997-07-31,5.25,6.02,0.0,0.0,0.0,954.31,1593.81,21.48,366.24,0.03484,0.0,0.0,0.0,0.0,0.0,0,0,0,0
1997-08-01,5.28,6.2,0.0,0.0,0.0,947.14,1594.3299,22.29,377.19,0.03478,0.0,0.0,0.0,0.0,0.0,0,0,0,0
1997-08-02,5.28,6.2,0.0,0.0,0.0,947.14,1594.3299,22.29,377.19,0.03478,0.0,0.0,0.0,0.0,0.0,0,0,0,0
1997-08-04,5.29,6.23,0.0,0.0,0.0,950.3,1605.4499,21.94,386.61,0.0349,0.0,0.0,0.0,0.0,0.0,0,0,0,0
1997-08-05,5.29,6.23,0.0,0.0,0.0,952.37,1621.53,20.6399,397.36,0.03493,0.0,0.0,0.0,0.0,0.0,0,0,0,0
1997-08-06,5.29,6.21,0.0,0.0,0.0,960.32,1630.4399,20.0499,393.77,0.0349,0.0,0.0,0.0,0.0,0.0,0,0,0,0
1997-08-07,5.3,6.24,0.0,0.0,0.0,951.19,1624.18,19.77,390.63,0.03492,0.0,0.0,0.0,0.0,0.0,0,0,0,0
1997-08-08,5.29,6.38,0.0,0.0,0.0,933.54,1598.52,22.4599,383.46,0.0348,0.0,0.0,0.0,0.0,0.0,0,0,0,0
1997-08-09,5.29,6.38,0.0,0.0,0.0,933.54,1598.52,22.4599,383.46,0.0348,0.0,0.0,0.0,0.0,0.0,0,0,0,0
1997-08-11,5.31,6.36,0.0,0.0,0.0,937.0,1586.7399,22.77,375.91,0.03481,0.0,0.0,0.0,0.0,0.0,0,0,0,0
1997-08-12,5.31,6.39,0.0,0.0,0.0,926.53,1576.2399,23.75,374.26,0.03482,0.0,0.0,0.0,0.0,0.0,0,0,0,0
1997-08-13,5.32,6.36,0.0,0.0,0.0,922.02,1583.4,24.52,380.26,0.03481,0.0,0.0,0.0,0.0,0.0,0,0,0,0
1997-08-14,5.34,6.27,0.0,0.0,0.0,924.77,1586.6899,23.11,382.99,0.03481,0.0,0.0,0.0,0.0,0.0,0,0,0,0
1997-08-15,5.29,6.27,0.0,0.0,0.0,900.81,1562.03,24.45,373.98,0.03481,0.0,0.0,0.0,0.0,0.0,0,0,0,0
1997-08-16,5.29,6.27,0.0,0.0,0.0,900.81,1562.03,24.45,373.98,0.03481,0.0,0.0,0.0,0.0,0.0,0,0,0,0
1997-08-19,5.25,6.21,0.0,0.0,0.0,926.01,1600.7099,22.6399,394.57,0.03481,0.0,0.0,0.0,0.0,0.0,0,0,0,0
1997-08-20,5.24,6.24,0.0,0.0,0.0,939.35,1628.6999,21.09,403.64,0.03481,0.0,0.0,0.0,0.0,0.0,0,0,0,0
1997-08-21,5.27,6.3,0.0,0.0,0.0,925.05,1607.3599,23.83,397.08,0.03481,0.0,0.0,0.0,0.0,0.0,0,0,0,0
1997-08-22,5.25,6.38,0.0,0.0,0.0,923.54,1598.6899,24.74,391.62,0.03481,0.0,0.0,0.0,0.0,0.0,0,0,0,0
1997-08-23,5.25,6.38,0.0,0.0,0.0,923.54,1598.6899,24.74,391.62,0.03481,0.0,0.0,0.0,0.0,0.0,0,0,0,0
1997-08-25,5.28,6.39,0.0,0.0,0.0,920.16,1601.5699,24.1,394.28,0.03481,0.0,0.0,0.0,0.0,0.0,0,0,0,0
1997-08-26,5.28,6.38,0.0,0.0,0.0,913.02,1591.3,24.73,386.84,0.03481,0.0,0.0,0.0,0.0,0.0,0,0,0,0
1997-08-27,5.28,6.38,0.0,0.0,0.0,913.7,1595.54,24.26,386.59,0.03481,0.0,0.0,0.0,0.0,0.0,0,0,0,0
1997-08-28,5.24,6.3,0.0,0.0,0.0,903.67,1581.3199,24.51,378.05,0.03486,0.0,0.0,0.0,0.0,0.0,0,0,0,0
1997-08-30,5.24,6.34,0.0,0.0,0.0,899.47,1587.3199,24.76,373.2,0.03493,0.0,0.0,0.0,0.0,0.0,0,0,0,0
1997-09-01,5.24,6.34,0.0,0.0,0.0,899.47,1587.3199,24.76,373.2,0.03494,0.0,0.0,0.0,0.0,0.0,0,0,0,0
1997-09-02,5.21,6.31,0.0,0.0,0.0,927.58,1618.0899,24.53,387.58,0.03495,0.0,0.0,0.0,0.0,0.0,0,0,0,0
1997-09-03,5.14,6.33,0.0,0.0,0.0,927.86,1618.2399,24.95,385.31,0.03494,0.0,0.0,0.0,0.0,0.0,0,0,0,0
1997-09-04,5.14,6.33,0.0,0.0,0.0,930.87,1624.63,25.27,386.09,0.03494,0.0,0.0,0.0,0.0,0.0,0,0,0,0
1997-09-05,5.17,6.37,0.0,0.0,0.0,929.05,1635.77,24.3099,389.27,0.03494,0.0,0.0,0.0,0.0,0.0,0,0,0,0
1997-09-06,5.17,6.37,0.0,0.0,0.0,929.05,1635.77,24.3099,389.27,0.03494,0.0,0.0,0.0,0.0,0.0,0,0,0,0
1997-09-08,5.16,6.33,0.0,0.0,0.0,931.2,1645.3499,24.4,380.9,0.03495,0.0,0.0,0.0,0.0,0.0,0,0,0,0
1997-09-09,5.16,6.34,0.0,0.0,0.0,933.62,1656.2199,23.8899,383.65,0.03495,0.0,0.0,0.0,0.0,0.0,0,0,0,0
1997-09-10,5.11,6.37,0.0,0.0,0.0,919.03,1639.25,24.6399,374.47,0.03495,0.0,0.0,0.0,0.0,0.0,0,0,0,0
1997-09-11,5.13,6.39,0.0,0.0,0.0,912.59,1639.8599,25.99,378.43,0.03495,0.0,0.0,0.0,0.0,0.0,0,0,0,0
1997-09-12,5.1,6.29,0.0,0.0,0.0,923.91,1649.3299,25.17,375.39,0.03495,0.0,0.0,0.0,0.0,0.0,0,0,0,0
1997-09-13,5.1,6.29,0.0,0.0,0.0,923.91,1649.3299,25.17,375.39,0.03495,0.0,0.0,0.0,0.0,0.0,0,0,0,0
1997-09-15,5.08,6.28,0.0,0.0,0.0,919.77,1634.92,25.74,370.35,0.03495,0.0,0.0,0.0,0.0,0.0,0,0,0,0
1997-09-17,5.1,6.1,0.0,0.0,0.0,943.0,1666.4699,24.1,380.79,0.03495,0.0,0.0,0.0,0.0,0.0,0,0,0,0
1997-09-18,5.1,6.11,0.0,0.0,0.0,947.29,1670.02,23.48,378.0,0.03495,0.0,0.0,0.0,0.0,0.0,0,0,0,0
1997-09-19,5.06,6.09,0.0,0.0,0.0,950.51,1680.3599,22.74,382.71,0.03496,0.0,0.0,0.0,0.0,0.0,0,0,0,0
1997-09-20,5.06,6.09,0.0,0.0,0.0,950.51,1680.3599,22.74,382.71,0.03496,0.0,0.0,0.0,0.0,0.0,0,0,0,0
1997-09-22,5.02,6.06,0.0,0.0,0.0,955.43,1689.4499,22.08,393.15,0.03497,0.0,0.0,0.0,0.0,0.0,0,0,0,0
1997-09-23,5.02,6.1,0.0,0.0,0.0,951.93,1697.3599,22.0,397.15,0.03496,0.0,0.0,0.0,0.0,0.0,0,0,0,0
1997-09-24,4.94,6.04,0.0,0.0,0.0,944.48,1687.41,22.6399,385.6,0.03496,0.0,0.0,0.0,0.0,0.0,0,0,0,0
1997-09-25,4.93,6.13,0.0,0.0,0.0,937.91,1678.89,22.9599,383.27,0.03496,0.0,0.0,0.0,0.0,0.0,0,0,0,0
1997-09-26,4.99,6.08,0.0,0.0,0.0,945.22,1682.2399,22.26,378.59,0.03496,0.0,0.0,0.0,0.0,0.0,0,0,0,0
1997-09-27,4.99,6.08,0.0,0.0,0.0,945.22,1682.2399,22.26,378.59,0.03496,0.0,0.0,0.0,0.0,0.0,0,0,0,0
1997-09-30,5.06,6.12,0.0,0.0,0.0,947.28,1685.6899,22.91,381.6,0.03497,0.0,0.0,0.0,0.0,0.0,0,0,0,0
1997-10-01,5.1,6.04,0.0,0.0,0.0,955.41,1690.3,22.32,373.7,0.03496,0.0,0.0,0.0,0.0,0.0,0,0,0,0
1997-10-02,5.07,6.01,0.0,0.0,0.0,960.46,1702.41,22.27,377.86,0.03496,0.0,0.0,0.0,0.0,0.0,0,0,0,0
1997-10-03,5.03,6.01,0.0,0.0,0.0,965.03,1715.8699,21.54,378.61,0.03496,0.0,0.0,0.0,0.0,0.0,0,0,0,0
1997-10-04,5.03,6.01,0.0,0.0,0.0,965.03,1715.8699,21.54,378.61,0.03496,0.0,0.0,0.0,0.0,0.0,0,0,0,0
1997-10-06,5.08,5.96,0.0,0.0,0.0,972.69,1721.91,21.61,372.95,0.03498,0.0,0.0,0.0,0.0,0.0,0,0,0,0
1997-10-07,5.06,5.94,0.0,0.0,0.0,983.12,1737.27,20.29,379.66,0.03509,0.0,0.0,0.0,0.0,0.0,0,0,0,0
1997-10-08,5.09,6.08,0.0,0.0,0.0,973.84,1741.77,20.77,386.94,0.03511,0.0,0.0,0.0,0.0,0.0,0,0,0,0
1997-10-09,5.14,6.09,0.0,0.0,0.0,970.62,1745.8499,22.3099,386.68,0.03511,0.0,0.0,0.0,0.0,0.0,0,0,0,0
1997-10-13,5.14,6.15,0.0,0.0,0.0,968.1,1742.1199,20.26,389.88,0.03512,0.0,0.0,0.0,0.0,0.0,0,0,0,0
1997-10-14,5.08,6.07,0.0,0.0,0.0,970.28,1732.79,19.99,378.75,0.03511,0.0,0.0,0.0,0.0,0.0,0,0,0,0
1997-10-15,5.06,6.1,20.57,326.95,2102.5,965.72,1723.3699,20.0499,374.24,0.03511,0.0,244.75,0.0,0.0,0.0,0,0,0,0
1997-10-16,5.07,6.09,20.97,325.65,2084.0,955.25,1699.66,20.53,358.81,0.03507,0.0,243.92,0.0,0.0,0.0,0,0,0,0
1997-10-17,5.06,6.17,20.59,325.25,2091.5,944.16,1666.8499,21.69,347.01,0.0339,0.0,242.32,0.0,0.0,0.0,0,0,0,0
1997-10-18,5.06,6.17,20.59,325.25,2091.5,944.16,1666.8499,21.69,347.01,0.0339,0.0,242.32,0.0,0.0,0.0,0,0,0,0
1997-10-20,5.09,6.15,20.7,323.65,2126.0,955.61,1685.4499,20.7199,348.15,0.03284,0.0,243.29,0.0,0.0,0.0,0,0,0,0
1997-10-21,5.07,6.14,20.67,322.85,2068.5,972.28,1712.54,19.53,353.4,0.03266,0.0,243.77,0.0,0.0,0.0,0,0,0,0
1997-10-22,5.16,6.12,21.42,322.45,2078.5,968.49,1708.0799,19.86,348.95,0.0331,0.0,245.42,0.0,0.0,0.0,0,0,0,0
1997-10-23,5.13,6.04,21.09,323.65,2058.5,950.69,1671.25,22.99,332.86,0.03308,0.0,243.69,0.0,0.0,0.0,0,0,0,0
1997-10-24,5.15,6.01,20.97,308.35,2006.0,941.64,1650.92,23.17,315.42,0.03293,0.0,242.46,0.0,0.0,0.0,0,0,0,0
1997-10-27,5.08,5.91,21.07,311.85,1975.0,876.99,1532.75,31.12,284.66,0.03278,0.0,242.51,0.0,0.0,0.0,0,0,0,0
1997-10-28,5.25,5.98,20.46,316.05,1981.0,921.85,1603.02,31.2199,313.59,0.03247,0.0,239.0,0.0,0.0,0.0,0,0,0,0
1997-10-29,5.19,5.91,20.71,313.8,2008.5,919.16,1602.75,33.75,312.26,0.03243,0.0,239.25,0.0,0.0,0.0,0,0,0,0
1997-10-30,5.17,5.84,21.22,316.4,1999.0,903.68,1570.41,38.2,292.62,0.03232,0.0,240.56,0.0,0.0,0.0,0,0,0,0
1997-11-03,5.26,5.91,20.96,313.75,1989.8,938.99,1629.9799,32.09,319.07,0.03201,0.0,241.64,0.0,0.0,0.0,0,0,0,0
1997-11-04,5.25,5.95,20.7,314.05,1970.0,940.76,1631.15,32.24,323.55,0.03254,0.0,241.61,0.0,0.0,0.0,0,0,0,0
1997-11-05,5.27,5.95,20.31,313.65,1969.0,942.76,1637.3299,32.18,325.99,0.03284,0.0,242.13,0.0,0.0,0.0,0,0,0,0
1997-11-06,5.31,5.9,20.39,312.45,1939.0,938.03,1623.4399,32.57,312.87,0.03257,0.0,240.93,0.0,0.0,0.0,0,0,0,0
1997-11-07,5.31,5.9,20.77,310.55,1958.0,927.51,1602.4,36.27,307.81,0.03231,0.0,241.35,0.0,0.0,0.0,0,0,0,0
1997-11-08,5.31,5.9,20.77,310.55,1958.0,927.51,1602.4,36.27,307.81,0.03231,0.0,241.35,0.0,0.0,0.0,0,0,0,0
1997-11-10,5.32,5.91,20.4,310.25,1991.0,921.13,1590.7199,36.63,297.2,0.03227,0.0,241.1,0.0,0.0,0.0,0,0,0,0
1997-11-11,5.32,5.91,20.51,309.55,1967.0,923.78,1584.8599,36.38,294.23,0.03227,0.0,242.65,0.0,0.0,0.0,0,0,0,0
1997-11-13,5.27,5.87,20.7,307.85,1934.0,916.66,1559.25,36.6399,286.77,0.03215,0.0,243.14,0.0,0.0,0.0,0,0,0,0
1997-11-14,5.27,5.86,21.0,303.35,1938.5,928.35,1583.51,33.66,293.65,0.03201,0.0,241.72,0.0,0.0,0.0,0,0,0,0
1997-11-15,5.27,5.86,21.0,303.35,1938.5,928.35,1583.51,33.66,293.65,0.03201,0.0,241.72,0.0,0.0,0.0,0,0,0,0
1997-11-17,5.31,5.85,20.26,303.85,1941.5,946.2,1614.1099,31.58,306.48,0.03188,0.0,241.62,0.0,0.0,0.0,0,0,0,0
1997-11-18,5.31,5.85,20.04,306.75,1871.5,938.23,1600.4399,31.5499,298.14,0.03148,0.0,241.03,0.0,0.0,0.0,0,0,0,0
1997-11-19,5.28,5.82,19.8,304.4,1880.5,944.59,1601.2199,29.93,296.41,0.03053,0.0,239.4,0.0,0.0,0.0,0,0,0,0
1997-11-20,5.28,5.84,19.16,302.85,1879.0,958.98,1626.56,27.32,311.56,0.03056,0.0,236.81,0.0,0.0,0.0,0,0,0,0
1997-11-21,5.25,5.82,19.76,304.95,1845.5,963.09,1620.75,26.65,307.95,0.03084,0.0,238.39,0.0,0.0,0.0,0,0,0,0
1997-11-22,5.25,5.82,19.76,304.95,1845.5,963.09,1620.75,26.65,307.95,0.03084,0.0,238.39,0.0,0.0,0.0,0,0,0,0
1997-11-24,5.29,5.86,19.83,302.95,1834.5,946.67,1586.9899,29.7999,292.76,0.03085,0.0,237.83,0.0,0.0,0.0,0,0,0,0
1997-11-25,5.3,5.85,19.73,300.35,1846.0,950.82,1589.04,28.95,294.66,0.03077,0.0,235.69,0.0,0.0,0.0,0,0,0,0
1997-11-26,5.26,5.86,19.15,296.55,1856.5,951.64,1594.5,28.95,289.76,0.03088,0.0,235.55,0.0,0.0,0.0,0,0,0,0
1997-11-27,5.26,5.86,19.15,296.55,1861.3,951.64,1594.5,28.95,289.76,0.0312,0.0,235.55,0.0,0.0,0.0,0,0,0,0
1997-11-28,5.22,5.86,19.15,296.55,1849.8,955.4,1600.55,27.43,290.65,0.03099,0.0,235.55,0.0,0.0,0.0,0,0,0,0
1997-12-01,5.27,5.86,18.66,293.85,1803.0,974.77,1630.7199,26.01,305.17,0.03114,0.0,236.96,0.0,0.0,0.0,0,0,0,0
1997-12-02,5.26,5.86,18.76,293.15,1794.5,971.68,1606.3699,25.66,285.94,0.03106,0.0,236.89,0.0,0.0,0.0,0,0,0,0
1997-12-03,5.26,5.83,18.8,292.35,1776.5,976.77,1615.13,23.92,288.33,0.03104,0.0,236.0,0.0,0.0,0.0,0,0,0,0
1997-12-04,5.27,5.84,18.6,287.85,1794.5,973.1,1613.42,23.84,283.91,0.03135,0.0,234.88,0.0,0.0,0.0,0,0,0,0
1997-12-05,5.3,5.92,18.71,288.05,1775.5,983.79,1633.9,22.65,291.08,0.0315,0.0,234.88,0.0,0.0,0.0,0,0,0,0
1997-12-06,5.3,5.92,18.71,288.05,1775.5,983.79,1633.9,22.65,291.08,0.0315,0.0,234.88,0.0,0.0,0.0,0,0,0,0
1997-12-08,5.29,5.96,18.84,287.85,1774.0,982.37,1651.54,23.2199,295.53,0.03135,0.0,236.26,0.0,0.0,0.0,0,0,0,0
1997-12-09,5.27,5.95,18.67,282.85,1784.8,975.78,1620.55,23.36,284.59,0.03129,0.0,237.11,0.0,0.0,0.0,0,0,0,0
1997-12-10,5.21,5.9,18.14,286.35,1791.0,969.79,1596.6099,24.5499,277.03,0.03103,0.0,237.46,0.0,0.0,0.0,0,0,0,0
1997-12-11,5.2,5.82,18.15,283.95,1783.5,954.94,1558.54,27.6299,259.49,0.03135,0.0,235.64,0.0,0.0,0.0,0,0,0,0
1997-12-12,5.18,5.74,18.21,282.85,1784.5,953.39,1536.5799,27.92,248.18,0.03094,0.0,235.86,0.0,0.0,0.0,0,0,0,0
1997-12-13,5.18,5.74,18.21,282.85,1784.5,953.39,1536.5799,27.92,248.18,0.03094,0.0,235.86,0.0,0.0,0.0,0,0,0,0
1997-12-15,5.23,5.78,18.17,284.45,1732.0,963.39,1536.56,27.37,253.32,0.03054,0.0,235.41,0.0,0.0,0.0,0,0,0,0
1997-12-16,5.23,5.77,18.17,284.4,1725.0,968.04,1553.0,26.11,256.12,0.03047,0.0,233.0,0.0,0.0,0.0,0,0,0,0
1997-12-17,5.25,5.81,18.19,288.25,1744.5,965.54,1547.3699,26.33,254.47,0.03075,0.0,234.01,0.0,0.0,0.0,0,0,0,0
1997-12-18,5.24,5.76,18.52,287.35,1756.5,955.3,1523.1899,27.19,253.3,0.03106,0.0,234.2,0.0,0.0,0.0,0,0,0,0
1997-12-19,5.33,5.72,18.39,288.9,1748.0,946.78,1524.7399,29.18,266.92,0.03095,0.0,233.38,0.0,0.0,0.0,0,0,0,0
1997-12-20,5.33,5.72,18.39,288.9,1748.0,946.78,1524.7399,29.18,266.92,0.03095,0.0,233.38,0.0,0.0,0.0,0,0,0,0
1997-12-22,5.46,5.72,18.32,290.8,1752.8,953.7,1532.06,28.5599,269.77,0.03067,0.0,231.36,0.0,0.0,0.0,0,0,0,0
1997-12-23,5.46,5.73,18.33,292.9,1735.5,939.13,1509.91,29.86,258.81,0.03075,0.0,231.95,0.0,0.0,0.0,0,0,0,0
1997-12-24,5.38,5.76,18.35,295.75,1725.5,932.7,1499.53,30.27,257.21,0.03064,0.0,233.01,0.0,0.0,0.0,0,0,0,0
1997-12-26,5.35,5.75,18.2,294.65,1725.5,936.46,1511.38,29.27,258.84,0.03062,0.0,233.36,0.0,0.0,0.0,0,0,0,0
1997-12-27,5.35,5.75,18.2,294.65,1725.5,936.46,1511.38,29.27,258.84,0.03062,0.0,233.36,0.0,0.0,0.0,0,0,0,0
1997-12-29,5.45,5.76,17.62,291.15,1695.3,953.35,1537.4499,26.79,259.16,0.03059,0.0,231.69,0.0,0.0,0.0,0,0,0,0
1997-12-30,5.45,5.8,17.6,290.35,1708.5,970.84,1565.03,24.3799,261.58,0.03067,0.0,230.5,0.0,0.0,0.0,0,0,0,0
1997-12-31,5.36,5.75,17.64,287.35,1719.5,970.43,1570.3499,24.01,263.63,0.03064,0.0,229.14,0.0,0.0,0.0,0,0,0,0
1998-01-03,5.36,5.75,17.64,287.35,1719.5,970.43,1570.3499,24.01,263.63,0.03064,0.0,229.14,0.0,0.0,0.0,0,0,0,0
1998-01-05,5.23,5.52,16.89,281.85,1672.0,977.07,1594.1199,24.36,279.08,0.0301,0.0,227.78,0.0,0.0,0.0,0,0,0,0
1998-01-06,5.22,5.49,16.91,281.45,1663.0,966.58,1580.14,25.66,271.17,0.02963,0.0,226.42,0.0,0.0,0.0,0,0,0,0
1998-01-07,5.23,5.55,16.82,283.85,1655.5,964.0,1561.6999,25.07,262.03,0.02907,0.0,226.6,0.0,0.0,0.0,0,0,0,0
1998-01-08,5.13,5.49,16.97,280.95,1663.0,956.05,1555.54,26.01,263.59,0.02913,0.0,224.9,0.0,0.0,0.0,0,0,0,0
1998-01-09,5.05,5.4,16.63,278.25,1639.5,927.69,1503.2199,28.69,248.9,0.02933,0.0,223.33,0.0,0.0,0.0,0,0,0,0
1998-01-12,5.12,5.39,16.47,278.15,1631.0,939.21,1507.5799,28.02,250.53,0.029,0.0,222.6,0.0,0.0,0.0,0,0,0,0
1998-01-13,5.17,5.41,16.43,282.8,1681.0,952.12,1541.63,25.17,267.0,0.0291,0.0,225.9,0.0,0.0,0.0,0,0,0,0
1998-01-14,5.18,5.45,16.45,281.45,1702.0,957.94,1548.76,23.75,264.95,0.02933,0.0,226.91,0.0,0.0,0.0,0,0,0,0
1998-01-15,5.13,5.48,16.34,281.45,1700.6,950.73,1547.06,23.45,264.48,0.02943,0.0,228.52,0.0,0.0,0.0,0,0,0,0
1998-01-16,5.15,5.54,16.51,290.15,1692.3,961.51,1562.88,21.65,260.81,0.02959,0.0,228.69,0.0,0.0,0.0,0,0,0,0
1998-01-17,5.15,5.54,16.51,290.15,1692.3,961.51,1562.88,21.65,260.81,0.02959,0.0,228.69,0.0,0.0,0.0,0,0,0,0
1998-01-19,5.15,5.54,16.51,290.15,1675.0,961.51,1562.88,21.65,260.81,0.02977,0.0,228.69,0.0,0.0,0.0,0,0,0,0
1998-01-20,5.14,5.57,16.42,290.45,1670.5,978.6,1590.14,21.65,272.91,0.02981,0.0,229.19,0.0,0.0,0.0,0,0,0,0
1998-01-21,5.13,5.54,16.36,290.55,1696.0,970.81,1587.92,22.53,274.83,0.02987,0.0,229.41,0.0,0.0,0.0,0,0,0,0
1998-01-22,5.13,5.56,16.04,290.35,1697.0,963.04,1576.51,23.16,271.04,0.02967,0.0,230.47,0.0,0.0,0.0,0,0,0,0
1998-02-02,5.26,5.57,17.05,302.95,1738.0,1001.27,1652.89,21.36,297.04,0.02997,0.0,235.11,0.0,0.0,0.0,0,0,0,0
1998-02-03,5.26,5.56,16.5,295.35,1674.5,1006.0,1666.3399,20.67,308.89,0.03022,0.0,234.09,0.0,0.0,0.0,0,0,0,0
1998-02-04,5.11,5.57,16.37,299.25,1694.0,1006.9,1680.4399,20.5499,309.41,0.03039,0.0,234.9,0.0,0.0,0.0,0,0,0,0
1998-02-05,5.14,5.62,16.58,298.65,1682.5,1003.54,1676.9,21.29,298.7,0.03047,0.0,235.68,0.0,0.0,0.0,0,0,0,0
1998-02-06,5.17,5.62,16.7,298.15,1685.3,1012.46,1694.3499,20.51,301.81,0.03044,0.0,235.68,0.0,0.0,0.0,0,0,0,0
1998-02-07,5.17,5.62,16.7,298.15,1685.3,1012.46,1694.3499,20.51,301.81,0.03044,0.0,235.68,0.0,0.0,0.0,0,0,0,0
1998-02-09,5.22,5.65,16.63,301.25,1660.8,1010.74,1690.43,21.5499,298.06,0.03033,0.0,232.87,0.0,0.0,0.0,0,0,0,0
1998-02-10,5.21,5.64,16.43,300.45,1670.8,1019.01,1709.04,20.66,306.87,0.03045,0.0,232.87,0.0,0.0,0.0,0,0,0,0
1998-02-11,5.22,5.53,16.15,299.95,1689.5,1020.01,1708.55,20.3799,305.01,0.03057,0.0,231.63,0.0,0.0,0.0,0,0,0,0
1998-02-12,5.22,5.52,15.96,298.75,1690.6,1024.14,1714.3399,19.73,308.21,0.03044,0.0,231.66,0.0,0.0,0.0,0,0,0,0
1998-02-13,5.22,5.49,16.02,299.85,1671.6,1020.09,1710.42,19.84,306.81,0.03047,0.0,231.62,0.0,0.0,0.0,0,0,0,0
1998-02-16,5.22,5.49,16.02,299.85,1665.5,1020.09,1710.42,19.84,306.81,0.03043,0.0,231.62,0.0,0.0,0.0,0,0,0,0
1998-02-17,5.2,5.44,15.66,297.85,1645.5,1022.76,1703.43,20.76,302.56,0.03037,0.0,228.83,0.0,0.0,0.0,0,0,0,0
1998-02-18,5.2,5.49,16.25,297.55,1639.8,1032.08,1715.7299,19.66,310.28,0.03041,0.0,229.61,0.0,0.0,0.0,0,0,0,0
1998-02-19,5.21,5.51,16.16,298.95,1654.3,1028.28,1727.01,19.8799,317.05,0.03054,0.0,230.22,0.0,0.0,0.0,0,0,0,0
1998-02-20,5.21,5.54,16.15,297.25,1643.0,1034.21,1728.13,19.0,314.14,0.03048,0.0,228.44,0.0,0.0,0.0,0,0,0,0
1998-02-21,5.21,5.54,16.15,297.25,1643.0,1034.21,1728.13,19.0,314.14,0.03048,0.0,228.44,0.0,0.0,0.0,0,0,0,0
1998-02-23,5.28,5.58,15.37,293.45,1602.5,1038.14,1751.76,18.99,320.26,0.03044,0.0,226.1,0.0,0.0,0.0,0,0,0,0
1998-02-24,5.27,5.69,15.31,291.45,1603.5,1030.56,1738.7099,19.35,310.49,0.03053,0.0,224.14,0.0,0.0,0.0,0,0,0,0
1998-02-25,5.31,5.63,15.45,292.05,1641.5,1042.9,1766.4799,18.62,325.79,0.03072,0.0,225.19,0.0,0.0,0.0,0,0,0,0
1998-02-26,5.34,5.65,15.35,292.95,1682.0,1048.67,1777.1099,18.6299,329.8,0.03106,0.0,225.62,0.0,0.0,0.0,0,0,0,0
1998-02-27,5.32,5.62,15.44,299.35,1684.8,1049.34,1770.51,18.5499,316.43,0.03115,0.0,227.65,0.0,0.0,0.0,0,0,0,0
1998-03-02,5.26,5.72,15.34,299.65,1726.0,1047.7,1758.54,19.19,304.63,0.0312,0.0,229.63,0.0,0.0,0.0,0,0,0,0
1998-03-03,5.23,5.77,15.27,297.85,1715.0,1052.02,1757.14,19.04,301.16,0.03121,0.0,227.46,0.0,0.0,0.0,0,0,0,0
1998-03-04,5.19,5.76,15.32,296.05,1707.5,1047.33,1759.6999,19.58,308.24,0.03126,0.0,227.41,0.0,0.0,0.0,0,0,0,0
1998-03-05,5.18,5.78,15.33,293.45,1759.8,1035.05,1711.92,20.93,287.93,0.03114,0.0,227.41,0.0,0.0,0.0,0,0,0,0
1998-03-06,5.15,5.73,14.91,293.45,1756.3,1055.69,1753.4899,19.1399,293.03,0.03107,0.0,225.84,0.0,0.0,0.0,0,0,0,0
1998-03-07,5.15,5.73,14.91,293.45,1756.3,1055.69,1753.4899,19.1399,293.03,0.03107,0.0,225.84,0.0,0.0,0.0,0,0,0,0
1998-03-09,5.11,5.67,14.33,294.45,1754.0,1052.31,1725.16,20.23,282.24,0.03092,0.0,225.13,0.0,0.0,0.0,0,0,0,0
1998-03-10,5.09,5.67,14.26,296.05,1756.0,1064.25,1748.51,19.43,288.56,0.03093,0.0,225.51,0.0,0.0,0.0,0,0,0,0
1998-03-11,5.09,5.63,14.18,294.65,1761.0,1068.47,1756.8499,18.8899,292.35,0.03094,0.0,225.63,0.0,0.0,0.0,0,0,0,0
1998-03-12,5.08,5.56,14.2,294.55,1806.1,1069.92,1764.06,18.25,295.16,0.03089,0.0,226.13,0.0,0.0,0.0,0,0,0,0
1998-03-13,5.09,5.58,14.06,295.35,1797.8,1068.61,1771.66,18.7099,294.99,0.03086,0.0,225.98,0.0,0.0,0.0,0,0,0,0
1998-03-16,5.12,5.54,13.28,294.55,1802.8,1079.27,1788.18,18.51,298.76,0.03083,0.0,224.6,0.0,0.0,0.0,0,0,0,0
1998-03-17,5.14,5.56,13.21,291.85,1794.0,1080.45,1779.3,18.66,293.22,0.03074,0.0,223.72,0.0,0.0,0.0,0,0,0,0
1998-03-18,5.17,5.58,14.34,290.4,1753.8,1085.52,1788.28,18.29,292.05,0.03048,0.0,226.25,0.0,0.0,0.0,0,0,0,0
1998-03-19,5.18,5.58,14.31,291.75,1735.8,1089.74,1799.9799,17.76,293.77,0.03051,0.0,225.36,0.0,0.0,0.0,0,0,0,0
1998-03-20,5.19,5.57,14.32,291.95,1734.8,1099.16,1789.16,18.69,285.25,0.03051,0.0,226.67,0.0,0.0,0.0,0,0,0,0
1998-03-21,5.19,5.57,14.32,291.95,1734.8,1099.16,1789.16,18.69,285.25,0.03051,0.0,226.67,0.0,0.0,0.0,0,0,0,0
1998-03-23,5.17,5.57,16.51,299.45,1768.5,1095.55,1792.51,19.98,286.92,0.03052,0.0,231.54,0.0,0.0,0.0,0,0,0,0
1998-03-24,5.17,5.58,15.92,299.55,1740.0,1105.65,1812.4399,20.51,287.36,0.03063,0.0,229.73,0.0,0.0,0.0,0,0,0,0
1998-03-25,5.18,5.64,16.48,299.15,1733.5,1101.93,1824.51,22.54,294.39,0.03061,0.0,228.85,0.0,0.0,0.0,0,0,0,0
1998-03-26,5.22,5.68,16.83,301.85,1732.8,1100.8,1828.54,22.8099,297.43,0.03068,0.0,229.56,0.0,0.0,0.0,0,0,0,0
1998-03-27,5.21,5.68,16.76,302.85,1726.5,1095.44,1823.6199,23.4699,297.47,0.03067,0.0,229.93,0.0,0.0,0.0,0,0,0,0
1998-03-30,5.18,5.72,16.21,301.55,1742.0,1093.6,1818.6999,24.66,293.62,0.03048,0.0,229.72,0.0,0.0,0.0,0,0,0,0
1998-03-31,5.16,5.67,15.61,300.6,1745.5,1101.75,1835.68,24.2199,298.7,0.03043,0.0,228.89,0.0,0.0,0.0,0,0,0,0
1998-04-01,5.12,5.62,15.54,299.85,1703.0,1108.15,1847.66,23.37,310.29,0.03046,0.0,226.63,0.0,0.0,0.0,0,0,0,0
1998-04-02,5.1,5.56,15.74,302.25,1682.3,1120.01,1852.9599,21.98,309.32,0.03041,0.0,227.86,0.0,0.0,0.0,0,0,0,0
1998-04-03,5.08,5.47,15.99,308.15,1674.0,1122.7,1855.4,21.82,305.53,0.03034,0.0,227.88,0.0,0.0,0.0,0,0,0,0
1998-04-04,5.08,5.47,15.99,308.15,1674.0,1122.7,1855.4,21.82,305.53,0.03034,0.0,227.88,0.0,0.0,0.0,0,0,0,0
1998-04-07,5.07,5.53,15.22,309.85,1706.8,1109.55,1798.7099,23.66,289.56,0.03027,0.0,225.36,0.0,0.0,0.0,0,0,0,0
1998-04-08,5.06,5.58,15.55,309.15,1735.0,1101.65,1807.01,23.17,289.95,0.03028,0.0,225.61,0.0,0.0,0.0,0,0,0,0
1998-04-09,5.07,5.59,15.56,308.45,1764.0,1110.67,1820.2399,21.51,288.31,0.03035,0.0,226.12,0.0,0.0,0.0,0,0,0,0
1998-04-10,5.07,5.59,15.56,308.45,1764.0,1110.67,1820.2399,21.51,288.31,0.03045,0.0,226.12,0.0,0.0,0.0,0,0,0,0
1998-04-13,5.19,5.66,15.32,309.15,1764.0,1109.69,1824.9499,22.77,288.28,0.03031,0.0,225.4,0.0,0.0,0.0,0,0,0,0
1998-04-14,5.16,5.63,15.12,308.25,1793.0,1115.75,1843.03,21.61,296.32,0.03035,0.0,225.24,0.0,0.0,0.0,0,0,0,0
1998-04-15,5.08,5.6,15.46,307.25,1867.0,1119.32,1863.26,20.8899,307.98,0.03037,0.0,226.14,0.0,0.0,0.0,0,0,0,0
1998-04-16,5.04,5.59,15.9,308.25,1835.0,1108.17,1858.2399,22.0599,302.47,0.03031,0.0,225.78,0.0,0.0,0.0,0,0,0,0
1998-04-17,5.05,5.59,15.46,308.15,1848.0,1122.72,1866.5999,20.76,301.18,0.03029,0.0,225.1,0.0,0.0,0.0,0,0,0,0
1998-04-18,5.05,5.59,15.46,308.15,1848.0,1122.72,1866.5999,20.76,301.18,0.03029,0.0,225.1,0.0,0.0,0.0,0,0,0,0
1998-04-20,5.08,5.65,15.41,308.15,1823.5,1123.65,1887.14,20.3899,310.82,0.03026,0.0,225.96,0.0,0.0,0.0,0,0,0,0
1998-04-21,5.07,5.68,15.45,310.85,1860.0,1126.67,1903.8699,19.91,314.15,0.03033,0.0,227.23,0.0,0.0,0.0,0,0,0,0
1998-04-22,5.09,5.68,15.54,313.25,1876.0,1130.54,1917.6099,19.44,324.6,0.0303,0.0,225.31,0.0,0.0,0.0,0,0,0,0
1998-04-23,5.09,5.69,15.19,314.45,1858.0,1119.58,1881.39,20.6,317.2,0.03031,0.0,224.24,0.0,0.0,0.0,0,0,0,0
1998-04-24,5.08,5.67,15.09,312.85,1860.0,1107.9,1868.9599,21.9699,321.2,0.03032,0.0,224.88,0.0,0.0,0.0,0,0,0,0
1998-04-27,5.08,5.8,15.32,309.65,1886.0,1086.54,1820.31,26.09,311.25,0.03027,0.0,224.63,0.0,0.0,0.0,0,0,0,0
1998-04-28,5.06,5.8,15.74,307.95,1873.0,1085.11,1831.77,24.17,312.65,0.03029,0.0,224.8,0.0,0.0,0.0,0,0,0,0
1998-04-29,5.07,5.81,15.32,310.15,1866.0,1094.62,1851.64,22.78,313.21,0.03031,0.0,224.18,0.0,0.0,0.0,0,0,0,0
1998-04-30,5.0,5.68,15.39,306.65,1833.8,1111.75,1868.41,21.18,315.89,0.03033,0.0,224.18,0.0,0.0,0.0,0,0,0,0
1998-05-02,5.0,5.68,15.39,306.65,1833.8,1111.75,1868.41,21.18,315.89,0.03033,0.0,224.18,0.0,0.0,0.0,0,0,0,0
1998-05-04,5.1,5.67,15.95,304.35,1838.0,1122.07,1878.8599,20.32,317.01,0.0303,0.0,225.76,0.0,0.0,0.0,0,0,0,0
1998-05-05,5.11,5.7,15.47,303.55,1861.5,1115.5,1864.91,21.4599,318.2,0.0303,0.0,226.46,0.0,0.0,0.0,0,0,0,0
1998-05-06,5.11,5.67,15.37,300.75,1807.0,1104.92,1856.68,22.79,312.88,0.03027,0.0,225.86,0.0,0.0,0.0,0,0,0,0
1998-05-07,5.12,5.67,15.24,298.95,1764.0,1095.14,1835.14,23.3899,309.15,0.03018,0.0,225.35,0.0,0.0,0.0,0,0,0,0
1998-05-08,5.14,5.71,15.13,299.85,1762.3,1108.14,1864.3699,20.57,316.12,0.0301,0.0,225.14,0.0,0.0,0.0,0,0,0,0
1998-05-11,5.14,5.79,15.17,300.45,1762.3,1106.64,1848.0699,21.0499,309.75,0.03012,0.0,223.51,0.0,0.0,0.0,0,0,0,0
1998-05-12,5.12,5.7,15.24,298.15,1739.8,1115.79,1860.16,20.98,313.18,0.03001,0.0,223.38,0.0,0.0,0.0,0,0,0,0
1998-05-13,5.12,5.64,14.95,298.35,1731.0,1118.86,1866.18,20.44,312.39,0.02991,0.0,223.1,0.0,0.0,0.0,0,0,0,0
1998-05-14,5.18,5.67,15.08,299.05,1736.8,1117.37,1865.3599,19.6399,307.17,0.02993,0.0,223.79,0.0,0.0,0.0,0,0,0,0
1998-05-15,5.18,5.68,14.47,301.25,1727.1,1108.73,1846.77,20.44,292.82,0.02991,0.0,221.96,0.0,0.0,0.0,0,0,0,0
1998-05-16,5.18,5.68,14.47,301.25,1727.1,1108.73,1846.77,20.44,292.82,0.02991,0.0,221.96,0.0,0.0,0.0,0,0,0,0
1998-05-18,5.2,5.64,14.07,299.75,1642.0,1105.82,1831.6199,21.69,293.33,0.02962,0.0,219.25,0.0,0.0,0.0,0,0,0,0
1998-05-19,5.23,5.65,12.96,298.65,1656.5,1109.52,1845.8699,20.3899,294.03,0.02962,0.0,218.46,0.0,0.0,0.0,0,0,0,0
1998-05-20,5.21,5.61,14.18,299.35,1672.5,1119.06,1831.75,19.8899,283.58,0.0297,0.0,218.64,0.0,0.0,0.0,0,0,0,0
1998-05-21,5.24,5.65,14.63,301.15,1679.0,1114.64,1820.9899,19.3799,275.11,0.0298,0.0,218.57,0.0,0.0,0.0,0,0,0,0
1998-05-22,5.22,5.64,14.78,299.85,1680.5,1110.47,1805.0,18.99,271.57,0.02976,0.0,219.13,0.0,0.0,0.0,0,0,0,0
1998-05-25,5.22,5.64,14.78,299.85,1680.5,1110.47,1805.0,18.99,271.57,0.0297,0.0,219.13,0.0,0.0,0.0,0,0,0,0
1998-05-26,5.17,5.59,14.82,295.85,1645.0,1094.02,1778.0899,22.07,267.97,0.02954,0.0,215.92,0.0,0.0,0.0,0,0,0,0
1998-05-27,5.09,5.56,14.99,293.85,1657.5,1092.23,1781.0999,22.59,266.66,0.02954,0.0,214.61,0.0,0.0,0.0,0,0,0,0
1998-05-28,5.07,5.58,14.85,292.7,1707.5,1097.6,1794.6199,20.74,267.75,0.02954,0.0,214.46,0.0,0.0,0.0,0,0,0,0
1998-05-29,5.03,5.56,15.2,292.85,1694.0,1090.82,1778.8699,21.32,259.31,0.02942,0.0,215.9,0.0,0.0,0.0,0,0,0,0
1998-06-01,5.08,5.53,14.96,288.45,1671.3,1090.98,1746.8199,22.83,250.58,0.02921,0.0,214.91,0.0,0.0,0.0,0,0,0,0
1998-06-02,5.08,5.56,14.84,291.35,1643.0,1093.22,1761.79,22.0,252.04,0.02912,0.0,215.13,0.0,0.0,0.0,0,0,0,0
1998-06-03,5.13,5.57,14.81,293.15,1688.0,1082.73,1742.31,22.85,244.16,0.02925,0.0,214.44,0.0,0.0,0.0,0,0,0,0
1998-06-04,5.12,5.59,15.12,293.55,1665.3,1094.83,1769.9499,21.2199,251.8,0.02921,0.0,214.58,0.0,0.0,0.0,0,0,0,0
1998-06-05,5.12,5.58,15.07,291.65,1683.0,1113.86,1782.92,19.78,254.41,0.02916,0.0,214.05,0.0,0.0,0.0,0,0,0,0
1998-06-06,5.12,5.58,15.07,291.65,1683.0,1113.86,1782.92,19.78,254.41,0.02916,0.0,214.05,0.0,0.0,0.0,0,0,0,0
1998-06-08,5.16,5.58,14.55,296.95,1683.0,1115.72,1787.77,20.58,255.04,0.02882,0.0,213.33,0.0,0.0,0.0,0,0,0,0
1998-06-09,5.17,5.59,13.85,297.6,1689.0,1118.41,1800.76,20.52,260.78,0.02881,0.0,211.51,0.0,0.0,0.0,0,0,0,0
1998-06-10,5.14,5.51,13.48,293.0,1709.0,1112.28,1773.25,21.48,242.84,0.02866,0.0,211.29,0.0,0.0,0.0,0,0,0,0
1998-06-11,5.11,5.44,12.75,286.85,1690.0,1094.58,1749.75,23.57,238.19,0.02868,0.0,210.51,0.0,0.0,0.0,0,0,0,0
1998-06-12,5.13,5.43,12.59,285.75,1690.0,1098.84,1745.05,22.78,235.62,0.02866,0.0,210.51,0.0,0.0,0.0,0,0,0,0
1998-06-15,5.16,5.38,11.56,284.75,1620.0,1077.01,1715.75,25.94,232.62,0.02868,0.0,208.54,0.0,0.0,0.0,0,0,0,0
1998-06-16,5.2,5.45,11.98,288.65,1626.0,1087.59,1753.1199,24.7999,243.66,0.02872,0.0,209.02,0.0,0.0,0.0,0,0,0,0
1998-06-17,5.23,5.54,12.6,293.55,1644.0,1107.11,1776.4,22.8899,234.65,0.02883,0.0,212.8,0.0,0.0,0.0,0,0,0,0
1998-06-18,5.19,5.5,11.77,293.55,1662.0,1106.37,1772.6999,22.4,239.07,0.02932,0.0,211.32,0.0,0.0,0.0,0,0,0,0
1998-06-19,5.17,5.47,11.84,299.25,1679.5,1100.65,1781.29,21.92,236.1,0.02935,0.0,213.75,0.0,0.0,0.0,0,0,0,0
1998-06-20,5.17,5.47,11.84,299.25,1679.5,1100.65,1781.29,21.92,236.1,0.02935,0.0,213.75,0.0,0.0,0.0,0,0,0,0
1998-06-22,5.11,5.46,13.43,295.75,1679.5,1103.21,1805.8199,21.94,246.28,0.02953,0.0,214.44,0.0,0.0,0.0,0,0,0,0
1998-06-23,5.1,5.45,14.52,295.05,1665.5,1119.49,1844.5699,20.17,253.15,0.02924,0.0,216.47,0.0,0.0,0.0,0,0,0,0
1998-06-24,5.04,5.46,14.6,293.85,1650.5,1132.88,1877.76,20.02,259.01,0.02911,0.0,215.96,0.0,0.0,0.0,0,0,0,0
1998-06-25,5.02,5.46,14.03,293.85,1631.3,1129.28,1863.25,20.25,253.15,0.02902,0.0,215.2,0.0,0.0,0.0,0,0,0,0
1998-06-26,5.01,5.46,14.13,293.85,1625.5,1133.2,1869.53,19.36,251.04,0.02894,0.0,214.74,0.0,0.0,0.0,0,0,0,0
1998-06-29,5.16,5.47,14.07,293.65,1622.8,1138.49,1891.0799,19.57,250.13,0.02894,0.0,231.23,0.0,0.0,0.0,0,0,0,0
1998-06-30,5.1,5.44,14.18,296.95,1619.0,1133.84,1894.7399,19.7099,245.93,0.02911,0.0,214.63,0.0,0.0,0.0,0,0,0,0
1998-07-02,5.07,5.42,14.5,294.05,1593.5,1146.42,1894.0,17.67,245.61,0.02912,0.0,214.5,0.0,0.0,0.0,0,0,0,0
1998-07-03,5.07,5.42,14.5,294.05,1599.0,1146.42,1894.0,17.67,245.61,0.02908,0.0,214.5,0.0,0.0,0.0,0,0,0,0
1998-07-04,5.07,5.42,14.5,294.05,1599.0,1146.42,1894.0,17.67,245.61,0.02908,0.0,214.5,0.0,0.0,0.0,0,0,0,0
1998-07-06,5.09,5.39,13.92,293.35,1587.8,1157.33,1909.4699,18.6299,244.8,0.02905,0.0,213.39,0.0,0.0,0.0,0,0,0,0
1998-07-07,5.08,5.42,13.62,294.95,1591.8,1154.66,1908.1099,18.62,254.87,0.02912,0.0,213.78,0.0,0.0,0.0,0,0,0,0
1998-07-08,5.09,5.43,13.85,293.55,1587.5,1166.38,1935.39,17.82,259.01,0.02911,0.0,231.39,0.0,0.0,0.0,0,0,0,0
1998-07-09,5.07,5.41,13.88,291.85,1567.3,1158.56,1939.8199,18.16,255.15,0.02908,0.0,212.36,0.0,0.0,0.0,0,0,0,0
1998-07-10,5.06,5.42,13.87,290.85,1584.8,1164.33,1943.04,17.92,255.84,0.02907,0.0,210.54,0.0,0.0,0.0,0,0,0,0
1998-07-13,5.13,5.46,13.91,291.85,1630.5,1165.19,1965.53,18.26,257.84,0.029,0.0,209.36,0.0,0.0,0.0,0,0,0,0
1998-07-14,5.16,5.49,14.55,293.25,1637.0,1177.58,1968.41,17.8799,255.15,0.02906,0.0,210.1,0.0,0.0,0.0,0,0,0,0
1998-07-15,5.14,5.48,14.87,293.95,1654.0,1174.81,1994.54,17.8899,273.23,0.02908,0.0,210.14,0.0,0.0,0.0,0,0,0,0
1998-07-16,5.17,5.5,14.52,293.45,1681.0,1183.99,2000.56,16.9699,275.14,0.02911,0.0,209.94,0.0,0.0,0.0,0,0,0,0
1998-07-17,5.14,5.51,13.98,294.65,1681.3,1186.75,2008.76,16.23,266.47,0.02918,0.0,211.4,0.0,0.0,0.0,0,0,0,0
1998-07-18,5.14,5.51,13.98,294.65,1681.3,1186.75,2008.76,16.23,266.47,0.02918,0.0,211.4,0.0,0.0,0.0,0,0,0,0
1998-07-20,5.09,5.48,13.34,296.05,1699.0,1184.1,2014.25,17.34,258.44,0.02915,0.0,209.45,0.0,0.0,0.0,0,0,0,0
1998-07-21,5.09,5.45,13.79,294.95,1690.5,1165.07,1979.14,20.1,261.03,0.02915,0.0,207.68,0.0,0.0,0.0,0,0,0,0
1998-07-22,5.07,5.46,14.16,294.15,1688.0,1164.08,1969.75,20.32,253.27,0.02911,0.0,208.1,0.0,0.0,0.0,0,0,0,0
1998-07-23,5.09,5.45,13.88,293.15,1690.5,1139.75,1935.2199,23.01,250.38,0.02908,0.0,207.51,0.0,0.0,0.0,0,0,0,0
1998-07-24,5.08,5.45,13.87,291.15,1759.5,1140.8,1930.9899,23.01,249.01,0.0291,0.0,207.43,0.0,0.0,0.0,0,0,0,0
1998-07-27,5.06,5.47,14.22,290.25,1723.5,1147.27,1933.26,23.1299,251.81,0.02906,0.0,206.5,0.0,0.0,0.0,0,0,0,0
1998-07-28,5.07,5.5,14.27,291.75,1731.3,1130.24,1896.53,25.25,254.07,0.02909,0.0,206.63,0.0,0.0,0.0,0,0,0,0
1998-07-29,5.07,5.52,14.09,290.05,1696.3,1125.21,1881.4899,24.79,249.5,0.02913,0.0,206.14,0.0,0.0,0.0,0,0,0,0
1998-07-30,5.07,5.5,14.21,288.85,1724.0,1142.95,1919.5799,22.66,257.98,0.02913,0.0,207.25,0.0,0.0,0.0,0,0,0,0
1998-07-31,5.1,5.5,14.21,288.85,1679.8,1120.67,1872.39,24.7999,255.15,0.0291,0.0,206.0,0.0,0.0,0.0,0,0,0,0
1998-08-01,5.1,5.5,14.21,288.85,1679.8,1120.67,1872.39,24.7999,255.15,0.02883,0.0,206.0,0.0,0.0,0.0,0,0,0,0
1998-08-03,5.13,5.46,13.7,283.85,1635.5,1112.44,1851.0999,25.98,255.67,0.02905,0.0,204.69,0.0,0.0,0.0,0,0,0,0
1998-08-04,5.1,5.43,13.75,288.45,1626.5,1072.12,1785.64,31.0599,247.81,0.02905,0.0,205.57,0.0,0.0,0.0,0,0,0,0
1998-08-05,5.08,5.43,13.68,287.75,1629.0,1081.43,1788.1999,29.83,251.55,0.02905,0.0,205.84,0.0,0.0,0.0,0,0,0,0
1998-08-06,5.03,5.44,13.76,287.95,1616.3,1089.63,1829.51,28.2,263.08,0.02899,0.0,206.63,0.0,0.0,0.0,0,0,0,0
1998-08-07,4.99,5.4,13.8,286.85,1633.0,1089.45,1846.77,27.02,269.74,0.0289,0.0,206.99,0.0,0.0,0.0,0,0,0,0
1998-08-10,5.07,5.41,13.05,286.15,1612.8,1083.14,1839.2099,28.75,262.75,0.02875,0.0,206.06,0.0,0.0,0.0,0,0,0,0
1998-08-11,5.03,5.37,12.76,283.85,1592.5,1068.98,1792.6999,31.91,253.87,0.02873,0.0,202.9,0.0,0.0,0.0,0,0,0,0
1998-08-12,5.02,5.4,12.71,282.95,1598.3,1084.22,1825.53,28.5499,258.95,0.02874,0.0,202.02,0.0,0.0,0.0,0,0,0,0
1998-08-13,5.04,5.44,13.21,283.5,1607.6,1074.91,1802.54,29.92,253.67,0.02876,0.0,202.81,0.0,0.0,0.0,0,0,0,0
1998-08-14,5.03,5.4,13.35,284.05,1607.6,1062.75,1790.1899,34.34,252.67,0.02882,0.0,202.63,0.0,0.0,0.0,0,0,0,0
1998-08-15,5.03,5.4,13.35,284.05,1607.6,1062.75,1790.1899,34.34,252.67,0.02882,0.0,202.63,0.0,0.0,0.0,0,0,0,0
1998-08-17,5.07,5.4,13.2,285.75,1612.5,1083.67,1818.04,31.86,263.06,0.02877,0.0,202.55,0.0,0.0,0.0,0,0,0,0
1998-08-18,5.06,5.41,12.92,285.15,1601.0,1101.2,1855.1199,28.4,268.79,0.02879,0.0,202.62,0.0,0.0,0.0,0,0,0,0
1998-08-19,5.07,5.42,13.16,285.45,1617.0,1098.06,1842.6899,28.69,256.81,0.02882,0.0,202.53,0.0,0.0,0.0,0,0,0,0
1998-08-20,5.04,5.38,13.54,285.15,1642.0,1091.6,1832.4499,30.0,245.47,0.02894,0.0,203.08,0.0,0.0,0.0,0,0,0,0
1998-08-21,5.01,5.32,13.68,285.15,1614.5,1081.24,1797.6099,33.1399,241.22,0.02883,0.0,200.54,0.0,0.0,0.0,0,0,0,0
1998-08-24,5.08,5.3,13.64,284.65,1627.3,1088.14,1790.8199,31.7999,241.42,0.02873,0.0,200.68,0.0,0.0,0.0,0,0,0,0
1998-08-25,5.09,5.25,13.77,283.05,1626.8,1092.85,1798.17,30.33,240.72,0.02873,0.0,199.77,0.0,0.0,0.0,0,0,0,0
1998-08-26,5.06,5.26,13.58,282.25,1626.8,1084.19,1768.13,31.1399,233.53,0.02873,0.0,198.12,0.0,0.0,0.0,0,0,0,0
1998-08-27,4.99,5.12,13.23,276.55,1636.0,1042.59,1686.41,38.5499,217.53,0.02874,0.0,196.24,0.0,0.0,0.0,0,0,0,0
1998-08-28,4.91,5.09,13.5,274.55,1652.5,1027.14,1639.68,39.5999,210.97,0.02871,0.0,193.35,0.0,0.0,0.0,0,0,0,0
1998-08-29,4.91,5.09,13.5,274.55,1652.5,1027.14,1639.68,39.5999,210.97,0.02871,0.0,193.35,0.0,0.0,0.0,0,0,0,0
1998-08-31,4.96,5.05,13.34,274.55,1652.5,957.28,1499.25,44.2799,193.47,0.0287,0.0,195.68,0.0,0.0,0.0,0,0,0,0
1998-09-01,4.92,5.05,13.73,278.75,1652.5,994.26,1575.0899,36.48,203.89,0.02873,0.0,198.67,0.0,0.0,0.0,0,0,0,0
1998-09-02,4.91,5.1,13.67,280.15,1632.5,990.48,1592.8499,36.7599,204.01,0.02876,0.0,199.36,0.0,0.0,0.0,0,0,0,0
1998-09-03,4.83,5.03,14.67,285.45,1666.0,982.26,1571.8599,41.43,199.1,0.02878,0.0,199.36,0.0,0.0,0.0,0,0,0,0
1998-09-04,4.86,5.02,14.59,286.25,1653.8,973.89,1566.52,43.31,198.84,0.02883,0.0,201.89,0.0,0.0,0.0,0,0,0,0
1998-09-05,4.86,5.02,14.59,286.25,1653.8,973.89,1566.52,43.31,198.84,0.02883,0.0,201.89,0.0,0.0,0.0,0,0,0,0
1998-09-07,4.86,5.02,14.59,286.85,1661.3,973.89,1566.52,43.31,198.84,0.02899,0.0,201.89,0.0,0.0,0.0,0,0,0,0
1998-09-08,4.94,5.04,14.29,286.05,1669.3,1023.46,1660.8599,37.9,213.57,0.02894,0.0,202.52,0.0,0.0,0.0,0,0,0,0
1998-09-09,4.88,4.95,14.12,284.25,1687.5,1006.2,1624.55,39.66,209.83,0.02898,0.0,201.53,0.0,0.0,0.0,0,0,0,0
1998-09-10,4.78,4.76,14.67,290.45,1681.0,980.19,1585.3299,45.29,202.82,0.02895,0.0,202.59,0.0,0.0,0.0,0,0,0,0
1998-09-11,4.87,4.85,14.34,293.9,1669.8,1009.06,1641.64,43.74,211.52,0.02899,0.0,201.5,0.0,0.0,0.0,0,0,0,0
1998-09-14,4.83,4.87,14.42,290.35,1646.0,1029.72,1665.6899,38.57,214.06,0.02895,0.0,201.58,0.0,0.0,0.0,0,0,0,0
1998-09-15,4.79,4.9,14.57,290.05,1659.8,1037.68,1678.1099,36.58,210.95,0.02897,0.0,203.74,0.0,0.0,0.0,0,0,0,0
1998-09-16,4.74,4.88,14.53,287.65,1646.5,1045.48,1689.91,35.9399,214.09,0.02894,0.0,202.84,0.0,0.0,0.0,0,0,0,0
1998-09-17,4.7,4.8,14.86,291.05,1631.5,1018.87,1646.25,39.23,212.25,0.02895,0.0,201.83,0.0,0.0,0.0,0,0,0,0
1998-09-18,4.63,4.7,15.49,291.45,1640.3,1020.09,1663.77,38.63,212.2,0.02897,0.0,202.18,0.0,0.0,0.0,0,0,0,0
1998-09-19,4.63,4.7,15.49,291.45,1640.3,1020.09,1663.77,38.63,212.2,0.02897,0.0,202.79,0.0,0.0,0.0,0,0,0,0
1998-09-21,4.82,4.69,15.49,288.85,1617.5,1023.89,1680.43,38.58,218.8,0.02896,0.0,201.72,0.0,0.0,0.0,0,0,0,0
1998-09-22,4.81,4.73,15.67,287.75,1606.5,1029.63,1697.8,36.6199,215.52,0.02893,0.0,202.78,0.0,0.0,0.0,0,0,0,0
1998-09-23,4.67,4.69,15.81,289.55,1626.5,1066.09,1760.27,32.47,225.2,0.02887,0.0,202.89,0.0,0.0,0.0,0,0,0,0
1998-09-24,4.55,4.64,15.98,289.55,1631.5,1042.72,1720.3399,34.66,220.76,0.02892,0.0,203.9,0.0,0.0,0.0,0,0,0,0
1998-09-25,4.52,4.6,15.75,293.85,1347.0,1044.75,1743.5899,34.5499,227.25,0.02895,0.0,202.79,0.0,0.0,0.0,0,0,0,0
1998-09-28,4.56,4.61,15.64,296.15,1643.0,1048.69,1739.2199,34.8699,223.65,0.02894,0.0,203.3,0.0,0.0,0.0,0,0,0,0
1998-09-29,4.54,4.59,15.98,294.75,1642.8,1049.02,1734.05,36.08,221.26,0.029,0.0,203.71,0.0,0.0,0.0,0,0,0,0
1998-09-30,4.37,4.44,16.14,296.95,1604.5,1017.01,1693.8399,40.95,212.77,0.02909,0.0,203.3,0.0,0.0,0.0,0,0,0,0
1998-10-01,4.23,4.33,15.43,299.95,1607.3,986.39,1612.3299,43.48,204.46,0.02916,0.0,202.13,0.0,0.0,0.0,0,0,0,0
1998-10-02,4.22,4.31,15.64,300.85,1597.8,1002.6,1614.9799,40.47,203.66,0.02941,0.0,202.22,0.0,0.0,0.0,0,0,0,0
1998-10-03,4.22,4.31,15.64,300.85,1597.8,1002.6,1614.9799,40.47,203.66,0.02941,0.0,202.22,0.0,0.0,0.0,0,0,0,0
1998-10-06,4.18,4.24,15.5,296.35,1583.0,984.59,1510.89,41.2,198.3,0.02989,0.0,202.93,0.0,0.0,0.0,0,0,0,0
1998-10-07,4.15,4.34,15.06,301.25,1596.0,970.68,1462.6099,43.5099,191.59,0.02999,0.0,205.36,0.0,0.0,0.0,0,0,0,0
1998-10-08,3.89,4.56,14.42,300.0,1592.8,959.44,1419.1199,45.74,189.9,0.03033,0.0,203.76,0.0,0.0,0.0,0,0,0,0
1998-10-09,3.88,4.77,14.58,296.55,1586.1,984.39,1492.4899,42.2,200.8,0.03047,0.0,205.28,0.0,0.0,0.0,0,0,0,0
1998-10-12,3.88,4.77,14.44,296.25,1595.0,997.71,1546.0799,40.07,214.46,0.03041,0.0,204.06,0.0,0.0,0.0,0,0,0,0
1998-10-13,3.99,4.73,14.23,296.55,1593.0,994.8,1509.4499,40.23,208.29,0.03019,0.0,205.14,0.0,0.0,0.0,0,0,0,0
1998-10-14,4.02,4.58,14.05,296.05,1584.0,1005.53,1540.9699,38.9599,218.81,0.03005,0.0,204.77,0.0,0.0,0.0,0,0,0,0
1998-10-15,4.15,4.58,14.05,297.35,1581.8,1047.49,1611.01,33.34,227.99,0.03031,0.0,204.77,0.0,0.0,0.0,0,0,0,0
1998-10-17,4.15,4.58,14.05,297.35,1581.8,1047.49,1611.01,33.34,227.99,0.03031,0.0,204.77,0.0,0.0,0.0,0,0,0,0
1998-10-19,3.94,4.47,13.35,296.25,1613.0,1062.39,1648.7299,33.13,235.75,0.03039,0.0,203.23,0.0,0.0,0.0,0,0,0,0
1998-10-20,3.95,4.57,13.43,296.25,1606.0,1063.93,1639.1899,33.11,234.59,0.0304,0.0,202.95,0.0,0.0,0.0,0,0,0,0
1998-10-21,4.0,4.59,14.08,296.35,1596.0,1069.92,1674.75,33.2099,242.08,0.03045,0.0,203.7,0.0,0.0,0.0,0,0,0,0
1998-10-22,3.98,4.62,13.97,292.25,1580.0,1078.48,1702.64,31.53,247.3,0.03042,0.0,203.49,0.0,0.0,0.0,0,0,0,0
1998-10-23,3.97,4.7,14.05,292.75,1588.0,1070.67,1693.8599,32.27,249.9,0.0304,0.0,203.81,0.0,0.0,0.0,0,0,0,0
1998-10-26,4.06,4.73,14.23,292.55,1565.5,1072.32,1724.9799,32.38,252.29,0.03051,0.0,204.76,0.0,0.0,0.0,0,0,0,0
1998-10-27,4.06,4.63,14.13,293.5,1568.0,1065.34,1717.63,32.95,248.34,0.03062,0.0,202.94,0.0,0.0,0.0,0,0,0,0
1998-10-28,4.28,4.6,14.29,293.05,1552.8,1068.09,1737.3499,32.4199,254.65,0.03076,0.0,203.03,0.0,0.0,0.0,0,0,0,0
1998-10-29,4.32,4.54,14.24,293.75,1558.0,1085.93,1757.1899,29.5,262.3,0.03075,0.0,202.74,0.0,0.0,0.0,0,0,0,0
1998-10-30,4.33,4.64,14.42,293.75,1563.0,1098.67,1771.39,28.0499,262.62,0.0308,0.0,203.28,0.0,0.0,0.0,0,0,0,0
1998-10-31,4.33,4.64,14.42,293.75,1563.0,1098.67,1771.39,28.0499,262.62,0.03082,0.0,203.28,0.0,0.0,0.0,0,0,0,0
1998-11-02,4.54,4.77,14.36,289.95,1598.8,1111.6,1800.91,27.26,264.0,0.03083,0.0,204.12,0.0,0.0,0.0,0,0,0,0
1998-11-03,4.5,4.78,14.2,288.95,1578.5,1110.84,1788.43,27.76,256.45,0.03081,0.0,204.95,0.0,0.0,0.0,0,0,0,0
1998-11-04,4.56,4.83,14.14,290.95,1600.0,1118.67,1823.5699,27.37,269.89,0.0308,0.0,205.3,0.0,0.0,0.0,0,0,0,0
1998-11-05,4.58,4.82,13.97,294.05,1600.8,1133.85,1837.0999,26.01,269.17,0.03071,0.0,205.84,0.0,0.0,0.0,0,0,0,0
1998-11-06,4.64,4.93,13.87,293.25,1607.5,1141.01,1856.56,25.7,275.93,0.03076,0.0,205.64,0.0,0.0,0.0,0,0,0,0
1998-11-07,4.64,4.93,13.87,293.25,1607.5,1141.01,1856.56,25.7,275.93,0.03076,0.0,205.64,0.0,0.0,0.0,0,0,0,0
1998-11-09,4.58,4.88,13.38,292.65,1586.5,1130.2,1861.05,28.09,275.78,0.03063,0.0,204.46,0.0,0.0,0.0,0,0,0,0
1998-11-10,4.54,4.81,13.52,293.55,1572.0,1128.26,1865.6199,28.17,275.98,0.03052,0.0,204.63,0.0,0.0,0.0,0,0,0,0
1998-11-11,4.54,4.81,13.55,293.05,1577.0,1120.97,1862.1099,28.4699,289.26,0.0306,0.0,204.63,0.0,0.0,0.0,0,0,0,0
1998-11-13,4.47,4.82,13.57,295.85,1561.3,1125.72,1847.9899,29.03,291.63,0.03061,0.0,204.32,0.0,0.0,0.0,0,0,0,0
1998-11-16,4.52,4.85,12.82,295.85,1556.5,1135.87,1861.68,28.9,293.51,0.03069,0.0,201.46,0.0,0.0,0.0,0,0,0,0
1998-11-17,4.42,4.87,12.45,294.25,1562.0,1139.32,1878.52,27.95,296.16,0.03074,0.0,200.9,0.0,0.0,0.0,0,0,0,0
1998-11-18,4.44,4.85,12.14,297.65,1575.5,1144.48,1897.4399,27.1299,302.47,0.03074,0.0,201.05,0.0,0.0,0.0,0,0,0,0
1998-11-19,4.46,4.85,12.15,295.65,1567.0,1152.61,1919.68,25.5,308.08,0.03083,0.0,200.31,0.0,0.0,0.0,0,0,0,0
1998-11-20,4.46,4.82,12.14,295.85,1590.3,1163.55,1928.2099,22.4699,309.62,0.03085,0.0,199.18,0.0,0.0,0.0,0,0,0,0
1998-11-21,4.46,4.82,12.14,295.85,1590.3,1163.55,1928.2099,22.4699,309.62,0.03085,0.0,199.18,0.0,0.0,0.0,0,0,0,0
1998-11-23,4.59,4.84,12.45,296.85,1572.0,1188.21,1977.42,21.84,318.07,0.03084,0.0,196.54,0.0,0.0,0.0,0,0,0,0
1998-11-24,4.62,4.85,12.12,296.25,1565.5,1182.99,1965.88,23.28,314.19,0.03078,0.0,196.41,0.0,0.0,0.0,0,0,0,0
1998-11-25,4.57,4.83,11.86,296.45,1556.0,1186.87,1985.2099,22.15,316.46,0.03078,0.0,196.99,0.0,0.0,0.0,0,0,0,0
1998-11-26,4.57,4.83,11.86,296.45,1566.0,1186.87,1985.2099,22.15,316.46,0.03079,0.0,196.99,0.0,0.0,0.0,0,0,0,0
1998-11-27,4.55,4.81,11.86,296.25,1562.8,1192.33,2016.4399,22.09,320.54,0.03084,0.0,196.99,0.0,0.0,0.0,0,0,0,0
1998-11-30,4.57,4.74,11.22,292.95,1551.0,1163.63,1949.54,26.01,306.15,0.03084,0.0,195.42,0.0,0.0,0.0,0,0,0,0
1998-12-01,4.49,4.67,11.13,293.75,1548.3,1175.28,2003.75,24.9699,314.02,0.03084,0.0,196.83,0.0,0.0,0.0,0,0,0,0
1998-12-02,4.48,4.59,11.24,293.05,1533.3,1171.25,1995.2099,25.43,326.78,0.03085,0.0,195.96,0.0,0.0,0.0,0,0,0,0
1998-12-03,4.45,4.58,11.19,293.05,1513.5,1150.14,1954.3299,28.7,332.71,0.03086,0.0,195.4,0.0,0.0,0.0,0,0,0,0
1998-12-04,4.48,4.62,11.17,292.45,1500.0,1176.74,2003.16,25.3099,344.66,0.0309,0.0,195.1,0.0,0.0,0.0,0,0,0,0
1998-12-07,4.46,4.69,11.47,295.15,1492.3,1187.7,2040.64,24.9,348.86,0.03091,0.0,194.87,0.0,0.0,0.0,0,0,0,0
1998-12-08,4.43,4.6,11.3,293.75,1480.0,1181.38,2034.75,25.58,352.81,0.03092,0.0,192.38,0.0,0.0,0.0,0,0,0,0
1998-12-09,4.43,4.56,11.16,294.05,1497.0,1183.49,2050.4199,25.66,346.65,0.03094,0.0,191.39,0.0,0.0,0.0,0,0,0,0
1998-12-10,4.48,4.53,10.72,294.25,1485.3,1165.02,2015.9599,26.8099,331.65,0.03096,0.0,190.48,0.0,0.0,0.0,0,0,0,0
1998-12-11,4.5,4.61,10.79,290.85,1448.8,1166.46,2029.31,27.7199,331.68,0.03098,0.0,188.9,0.0,0.0,0.0,0,0,0,0
1998-12-14,4.49,4.58,11.29,291.35,1446.0,1141.2,1966.92,31.3099,319.03,0.031,0.0,190.67,0.0,0.0,0.0,0,0,0,0
1998-12-15,4.49,4.62,11.55,292.85,1454.5,1162.83,2012.5999,29.42,329.87,0.03101,0.0,191.67,0.0,0.0,0.0,0,0,0,0
1998-12-16,4.46,4.58,12.38,295.25,1486.0,1161.94,2009.3599,29.9599,324.69,0.03101,0.0,195.0,0.0,0.0,0.0,0,0,0,0
1998-12-17,4.46,4.58,11.03,291.65,1449.0,1179.98,2043.88,27.9599,339.98,0.03098,0.0,190.93,0.0,0.0,0.0,0,0,0,0
1998-12-18,4.49,4.58,10.95,289.05,1442.5,1188.03,2086.1398,25.04,349.25,0.03098,0.0,190.57,0.0,0.0,0.0,0,0,0,0
1998-12-19,4.49,4.58,10.95,289.05,1442.5,1188.03,2086.1398,25.04,349.25,0.03098,0.0,190.57,0.0,0.0,0.0,0,0,0,0
1998-12-21,4.51,4.64,10.81,288.8,1442.5,1202.84,2138.03,23.86,354.35,0.03101,0.0,188.28,0.0,0.0,0.0,0,0,0,0
1998-12-22,4.5,4.7,11.12,287.65,1446.8,1203.57,2120.9799,22.78,344.26,0.031,0.0,189.11,0.0,0.0,0.0,0,0,0,0
1998-12-23,4.58,4.81,11.33,287.9,1438.3,1228.54,2172.54,20.2099,349.49,0.03101,0.0,189.27,0.0,0.0,0.0,0,0,0,0
1998-12-24,4.57,4.86,11.23,286.75,1437.5,1226.27,2163.04,21.48,349.32,0.03101,0.0,189.26,0.0,0.0,0.0,0,0,0,0
1998-12-28,4.56,4.78,11.46,286.15,1437.5,1225.49,2180.3,23.5,344.53,0.031,0.0,189.67,0.0,0.0,0.0,0,0,0,0
1998-12-29,4.59,4.71,11.72,286.05,1486.3,1241.81,2181.77,22.18,339.4,0.03101,0.0,189.67,0.0,0.0,0.0,0,0,0,0
1998-12-30,4.55,4.65,11.75,287.05,1462.8,1231.93,2166.9499,23.34,346.0,0.03102,0.0,190.71,0.0,0.0,0.0,0,0,0,0
1998-12-31,4.48,4.65,12.05,288.25,1465.5,1229.23,2192.6899,24.42,350.56,0.03104,0.0,191.22,0.0,0.0,0.0,0,0,0,0
1999-01-05,4.48,4.74,11.99,286.95,1415.0,1244.78,2251.27,24.4599,376.51,0.03106,0.0,194.49,0.0,0.0,0.0,0,0,0,0
1999-01-06,4.47,4.73,12.8,287.65,1421.5,1272.34,2320.8601,23.34,389.44,0.03107,0.0,196.69,0.0,0.0,0.0,0,0,0,0
1999-01-07,4.44,4.77,13.09,291.65,1421.5,1269.73,2326.09,24.37,392.4,0.03108,0.0,196.47,0.0,0.0,0.0,0,0,0,0
1999-01-08,4.48,4.86,13.07,291.35,1441.0,1275.09,2344.4099,23.28,391.43,0.0311,0.0,197.72,0.0,0.0,0.0,0,0,0,0
1999-01-11,4.51,4.9,13.44,292.9,1454.8,1263.88,2384.59,25.4599,402.77,0.03111,0.0,198.63,0.0,0.0,0.0,0,0,0,0
1999-01-12,4.48,4.82,12.89,288.55,1457.0,1239.51,2320.75,28.1,388.44,0.03107,0.0,196.62,0.0,0.0,0.0,0,0,0,0
1999-01-13,4.45,4.74,12.31,286.35,1445.0,1234.4,2316.81,30.11,403.38,0.03104,0.0,194.15,0.0,0.0,0.0,0,0,0,0
1999-01-14,4.44,4.63,12.15,286.95,1435.0,1212.19,2276.82,32.98,391.94,0.031,0.0,193.62,0.0,0.0,0.0,0,0,0,0
1999-01-15,4.44,4.66,12.11,286.95,1451.3,1243.26,2348.1999,29.24,403.27,0.03104,0.0,192.74,0.0,0.0,0.0,0,0,0,0
1999-01-16,4.44,4.66,12.11,286.95,1451.3,1243.26,2348.1999,29.24,403.27,0.03104,0.0,192.74,0.0,0.0,0.0,0,0,0,0
1999-01-18,4.44,4.66,12.11,286.95,1428.8,1243.26,2348.1999,29.24,403.27,0.031,0.0,192.74,0.0,0.0,0.0,0,0,0,0
1999-01-19,4.41,4.71,12.08,286.45,1457.0,1252.0,2408.1699,29.24,401.59,0.03097,0.0,189.86,0.0,0.0,0.0,0,0,0,0
1999-01-20,4.37,4.76,11.81,287.25,1439.0,1256.62,2415.4899,28.6,416.79,0.031,0.0,189.47,0.0,0.0,0.0,0,0,0,0
1999-01-21,4.32,4.7,12.46,287.9,1448.0,1235.16,2344.7199,30.92,397.86,0.031,0.0,190.52,0.0,0.0,0.0,0,0,0,0
1999-01-22,4.36,4.64,12.69,286.55,1436.5,1225.19,2338.8798,31.95,392.76,0.03096,0.0,189.75,0.0,0.0,0.0,0,0,0,0
1999-01-25,4.44,4.67,12.44,287.85,1428.3,1233.98,2369.31,31.1299,390.13,0.03091,0.0,188.54,0.0,0.0,0.0,0,0,0,0
1999-01-26,4.46,4.69,12.06,285.95,1425.3,1252.31,2433.4099,29.23,407.23,0.03096,0.0,187.6,0.0,0.0,0.0,0,0,0,0
1999-01-27,4.47,4.68,12.32,283.15,1412.0,1243.17,2407.1398,29.73,393.79,0.03097,0.0,187.49,0.0,0.0,0.0,0,0,0,0
1999-01-28,4.49,4.67,12.45,284.25,1412.0,1265.37,2477.34,28.11,406.48,0.03095,0.0,189.32,0.0,0.0,0.0,0,0,0,0
1999-01-29,4.48,4.66,12.75,286.15,1403.3,1279.64,2505.8898,26.25,420.45,0.03096,0.0,189.74,0.0,0.0,0.0,0,0,0,0
1999-01-30,4.48,4.66,12.75,286.15,1403.3,1279.64,2505.8898,26.25,420.45,0.03096,0.0,189.74,0.0,0.0,0.0,0,0,0,0
1999-02-01,4.53,4.75,12.37,288.75,1407.3,1273.0,2510.09,27.67,411.53,0.03098,0.0,189.52,0.0,0.0,0.0,0,0,0,0
1999-02-02,4.53,4.79,12.3,289.05,1416.8,1261.99,2463.4199,28.16,402.46,0.03099,0.0,190.68,0.0,0.0,0.0,0,0,0,0
1999-02-03,4.48,4.83,12.38,287.55,1425.0,1272.07,2493.4099,27.8799,418.57,0.03101,0.0,190.32,0.0,0.0,0.0,0,0,0,0
1999-02-04,4.49,4.89,12.02,289.35,1441.0,1248.49,2410.07,29.48,397.31,0.031,0.0,190.9,0.0,0.0,0.0,0,0,0,0
1999-02-05,4.5,4.94,11.8,288.55,1437.0,1239.4,2373.6201,29.67,386.06,0.03102,0.0,190.5,0.0,0.0,0.0,0,0,0,0
1999-02-06,4.5,4.94,11.8,288.55,1437.0,1239.4,2373.6201,29.67,386.06,0.03102,0.0,190.5,0.0,0.0,0.0,0,0,0,0
1999-02-08,4.54,4.94,11.67,289.55,1475.5,1243.77,2404.9199,30.27,400.22,0.03099,0.0,190.25,0.0,0.0,0.0,0,0,0,0
1999-02-09,4.53,4.91,11.68,287.75,1459.8,1216.14,2310.79,31.36,374.04,0.03097,0.0,188.95,0.0,0.0,0.0,0,0,0,0
1999-02-10,4.48,4.9,11.75,287.15,1441.8,1223.55,2309.5,30.45,377.23,0.03098,0.0,188.37,0.0,0.0,0.0,0,0,0,0
1999-02-20,4.48,4.9,11.75,287.15,1441.8,1223.55,2309.5,30.45,377.23,0.03098,0.0,188.37,0.0,0.0,0.0,0,0,0,0
1999-02-22,4.65,5.03,11.96,287.25,1353.8,1272.14,2342.01,25.87,410.8,0.03021,0.0,184.89,0.0,0.0,0.0,0,0,0,0
1999-02-23,4.66,5.1,12.48,287.35,1365.0,1271.18,2376.35,26.49,408.85,0.03028,0.0,186.21,0.0,0.0,0.0,0,0,0,0
1999-02-24,4.67,5.18,12.61,287.85,1381.0,1253.41,2339.3798,27.2099,408.62,0.03023,0.0,184.66,0.0,0.0,0.0,0,0,0,0
1999-02-25,4.62,5.32,12.68,287.95,1381.5,1245.02,2326.82,28.01,388.61,0.03025,0.0,184.74,0.0,0.0,0.0,0,0,0,0
1999-02-26,4.66,5.29,12.27,286.95,1375.3,1238.33,2288.03,27.8799,356.26,0.03025,0.0,182.95,0.0,0.0,0.0,0,0,0,0
1999-03-01,4.71,5.4,12.24,286.65,1363.5,1236.16,2295.1799,28.37,359.95,0.03031,0.0,184.17,0.0,0.0,0.0,0,0,0,0
1999-03-02,4.66,5.35,12.51,286.75,1372.5,1225.5,2259.03,29.2199,347.17,0.03024,0.0,184.46,0.0,0.0,0.0,0,0,0,0
1999-03-03,4.62,5.39,12.93,287.15,1383.0,1227.7,2265.1999,29.04,353.4,0.03026,0.0,184.05,0.0,0.0,0.0,0,0,0,0
1999-03-04,4.62,5.41,13.35,287.95,1392.5,1246.64,2292.8898,26.67,355.47,0.03015,0.0,185.25,0.0,0.0,0.0,0,0,0,0
1999-03-05,4.63,5.34,13.3,288.45,1381.0,1275.47,2337.1101,24.08,377.58,0.03016,0.0,186.53,0.0,0.0,0.0,0,0,0,0
1999-03-06,4.63,5.34,13.3,288.45,1381.0,1275.47,2337.1101,24.08,377.58,0.03016,0.0,186.53,0.0,0.0,0.0,0,0,0,0
1999-03-08,4.64,5.29,13.63,291.55,1366.1,1282.73,2397.6201,24.54,387.72,0.03017,0.0,187.64,0.0,0.0,0.0,0,0,0,0
1999-03-09,4.6,5.18,13.85,291.95,1375.5,1279.84,2392.9399,25.02,372.17,0.03018,0.0,188.15,0.0,0.0,0.0,0,0,0,0
1999-03-10,4.6,5.2,14.69,292.05,1380.8,1286.84,2406.0,24.79,381.3,0.03019,0.0,190.56,0.0,0.0,0.0,0,0,0,0
1999-03-11,4.62,5.21,14.31,294.15,1380.3,1297.68,2412.25,24.37,373.71,0.0302,0.0,189.51,0.0,0.0,0.0,0,0,0,0
1999-03-12,4.6,5.16,14.49,292.45,1370.9,1294.59,2381.53,24.84,365.65,0.0302,0.0,188.27,0.0,0.0,0.0,0,0,0,0
1999-03-15,4.61,5.15,14.45,286.9,1352.8,1307.26,2431.4399,25.24,365.2,0.03021,0.0,186.02,0.0,0.0,0.0,0,0,0,0
1999-03-16,4.55,5.11,14.46,283.75,1351.8,1306.38,2439.27,25.15,381.45,0.03022,0.0,186.84,0.0,0.0,0.0,0,0,0,0
1999-03-17,4.53,5.14,15.05,283.95,1367.3,1297.82,2428.9699,25.57,383.12,0.0302,0.0,188.43,0.0,0.0,0.0,0,0,0,0
1999-03-18,4.51,5.11,15.0,283.25,1364.3,1316.55,2462.9599,24.1299,386.71,0.03021,0.0,187.56,0.0,0.0,0.0,0,0,0,0
1999-03-19,4.51,5.17,15.24,284.25,1362.8,1299.29,2421.27,24.32,374.98,0.03022,0.0,188.12,0.0,0.0,0.0,0,0,0,0
1999-03-20,4.51,5.17,15.24,284.25,1362.8,1299.29,2421.27,24.32,374.98,0.03022,0.0,188.12,0.0,0.0,0.0,0,0,0,0
1999-03-22,4.52,5.21,15.5,284.45,1366.5,1297.01,2395.9399,25.0,369.83,0.03021,0.0,190.45,0.0,0.0,0.0,0,0,0,0
1999-03-23,4.5,5.2,15.51,284.55,1427.3,1262.14,2322.84,27.27,353.87,0.03019,0.0,189.87,0.0,0.0,0.0,0,0,0,0
1999-03-24,4.5,5.17,15.34,284.05,1418.3,1268.59,2365.28,26.6,359.81,0.0302,0.0,188.71,0.0,0.0,0.0,0,0,0,0
1999-03-25,4.51,5.21,15.67,283.15,1428.5,1289.99,2434.8,24.33,369.54,0.0302,0.0,191.17,0.0,0.0,0.0,0,0,0,0
1999-03-26,4.51,5.21,16.17,279.75,1423.0,1282.8,2419.1699,24.04,363.64,0.03019,0.0,192.74,0.0,0.0,0.0,0,0,0,0
1999-03-29,4.51,5.28,16.44,280.35,1383.5,1310.17,2492.84,23.54,376.54,0.03017,0.0,192.41,0.0,0.0,0.0,0,0,0,0
1999-03-30,4.48,5.21,16.8,279.75,1358.0,1300.75,2480.29,22.73,370.12,0.03017,0.0,192.82,0.0,0.0,0.0,0,0,0,0
1999-03-31,4.49,5.25,16.76,280.05,1368.3,1286.37,2461.3999,23.26,370.73,0.03017,0.0,191.83,0.0,0.0,0.0,0,0,0,0
1999-04-01,4.44,5.27,16.64,280.45,1371.3,1293.72,2493.3701,22.0599,387.37,0.03019,0.0,191.27,0.0,0.0,0.0,0,0,0,0
1999-04-02,4.43,5.2,16.64,280.45,1371.3,1293.72,2493.3701,22.0599,387.37,0.03019,0.0,191.27,0.0,0.0,0.0,0,0,0,0
1999-04-03,4.43,5.2,16.64,280.45,1371.3,1293.72,2493.3701,22.0599,387.37,0.03019,0.0,191.27,0.0,0.0,0.0,0,0,0,0
1999-04-06,4.42,5.13,16.81,280.0,1378.3,1317.89,2563.1699,22.65,412.81,0.03018,0.0,190.79,0.0,0.0,0.0,0,0,0,0
1999-04-07,4.42,5.14,16.03,280.55,1407.3,1326.89,2544.4299,22.8099,406.89,0.03018,0.0,188.93,0.0,0.0,0.0,0,0,0,0
1999-04-08,4.4,5.03,15.83,280.85,1410.0,1343.98,2573.3898,22.59,410.27,0.0302,0.0,187.52,0.0,0.0,0.0,0,0,0,0
1999-04-09,4.42,5.05,16.57,281.55,1403.5,1348.35,2593.05,21.77,410.07,0.03022,0.0,189.78,0.0,0.0,0.0,0,0,0,0
1999-04-12,4.32,5.06,16.4,282.7,1395.7,1358.63,2598.81,21.93,387.67,0.03029,0.0,188.51,0.0,0.0,0.0,0,0,0,0
1999-04-13,4.32,5.12,16.72,283.95,1435.0,1349.82,2583.5,22.73,379.76,0.0303,0.0,189.09,0.0,0.0,0.0,0,0,0,0
1999-04-14,4.3,5.13,16.47,281.45,1416.9,1328.44,2507.28,24.94,384.72,0.03035,0.0,187.89,0.0,0.0,0.0,0,0,0,0
1999-04-15,4.32,5.18,16.87,283.55,1457.5,1322.85,2521.77,23.93,401.63,0.0304,0.0,188.99,0.0,0.0,0.0,0,0,0,0
1999-04-16,4.34,5.23,17.33,284.25,1503.0,1319.0,2484.04,23.9,395.34,0.03044,0.0,189.22,0.0,0.0,0.0,0,0,0,0
1999-04-17,4.34,5.23,17.33,284.25,1503.0,1319.0,2484.04,23.9,395.34,0.03044,0.0,189.22,0.0,0.0,0.0,0,0,0,0
1999-04-19,4.36,5.18,17.8,284.6,1519.0,1289.48,2345.6101,26.42,375.8,0.03053,0.0,191.16,0.0,0.0,0.0,0,0,0,0
1999-04-20,4.38,5.16,17.78,284.35,1503.8,1306.17,2409.6398,25.02,381.15,0.03055,0.0,190.99,0.0,0.0,0.0,0,0,0,0
1999-04-21,4.36,5.17,17.92,283.85,1502.0,1336.12,2489.08,23.3099,406.7,0.03051,0.0,191.09,0.0,0.0,0.0,0,0,0,0
1999-04-22,4.4,5.25,18.18,283.65,1515.8,1358.83,2561.6101,22.62,403.13,0.03049,0.0,189.46,0.0,0.0,0.0,0,0,0,0
1999-04-23,4.43,5.26,17.94,283.55,1521.8,1356.85,2590.6899,22.76,395.37,0.03056,0.0,189.71,0.0,0.0,0.0,0,0,0,0
1999-04-26,4.47,5.23,17.66,281.25,1512.5,1360.04,2652.05,23.53,393.33,0.03059,0.0,189.02,0.0,0.0,0.0,0,0,0,0
1999-04-27,4.5,5.22,17.81,282.25,1522.3,1362.8,2602.4099,23.36,385.81,0.0306,0.0,188.59,0.0,0.0,0.0,0,0,0,0
1999-04-28,4.51,5.27,18.45,282.95,1524.5,1350.91,2550.3701,24.4,378.42,0.0306,0.0,189.57,0.0,0.0,0.0,0,0,0,0
1999-04-29,4.51,5.22,18.53,283.0,1553.0,1342.83,2528.4399,25.0599,372.23,0.03059,0.0,191.24,0.0,0.0,0.0,0,0,0,0
1999-04-30,4.55,5.36,18.66,286.55,1559.8,1335.18,2542.8601,25.07,370.27,0.03059,0.0,192.38,0.0,0.0,0.0,0,0,0,0
1999-05-03,4.62,5.38,18.85,286.35,1559.8,1354.63,2535.58,24.15,380.67,0.03059,0.0,192.38,0.0,0.0,0.0,0,0,0,0
1999-05-04,4.63,5.42,18.92,285.55,1566.0,1332.0,2485.1201,25.62,376.08,0.03056,0.0,192.66,0.0,0.0,0.0,0,0,0,0
1999-05-05,4.61,5.4,18.98,287.25,1551.5,1347.31,2534.4499,25.19,395.6,0.03054,0.0,193.2,0.0,0.0,0.0,0,0,0,0
1999-05-06,4.62,5.52,18.32,289.55,1582.8,1332.05,2472.28,27.44,380.22,0.03054,0.0,192.54,0.0,0.0,0.0,0,0,0,0
1999-05-07,4.62,5.54,18.22,282.75,1560.0,1345.0,2503.6201,25.36,386.96,0.03052,0.0,191.53,0.0,0.0,0.0,0,0,0,0
1999-05-10,4.6,5.54,18.5,280.65,1550.5,1340.3,2526.3898,26.62,388.09,0.03052,0.0,192.04,0.0,0.0,0.0,0,0,0,0
1999-05-11,4.62,5.59,18.06,278.25,1552.5,1355.61,2566.6799,25.62,395.32,0.03055,0.0,191.76,0.0,0.0,0.0,0,0,0,0
1999-05-12,4.6,5.51,17.57,277.05,1546.0,1364.0,2606.54,26.1299,412.82,0.03056,0.0,190.97,0.0,0.0,0.0,0,0,0,0
1999-05-13,4.59,5.41,18.03,277.75,1545.7,1367.56,2582.0,25.02,406.32,0.03055,0.0,191.65,0.0,0.0,0.0,0,0,0,0
1999-05-14,4.64,5.62,18.04,275.95,1546.8,1337.8,2527.8601,26.86,397.14,0.03054,0.0,191.14,0.0,0.0,0.0,0,0,0,0
1999-05-15,4.64,5.62,18.04,275.95,1546.8,1337.8,2527.8601,26.86,397.14,0.03054,0.0,191.14,0.0,0.0,0.0,0,0,0,0
1999-05-17,4.71,5.66,17.94,274.45,1536.5,1339.49,2561.84,27.28,405.66,0.03051,0.0,191.08,0.0,0.0,0.0,0,0,0,0
1999-05-18,4.66,5.68,17.11,273.85,1526.8,1333.32,2558.3601,27.26,413.02,0.03051,0.0,190.47,0.0,0.0,0.0,0,0,0,0
1999-05-19,4.63,5.6,16.88,273.1,1507.8,1344.23,2577.3999,25.08,429.31,0.03049,0.0,189.4,0.0,0.0,0.0,0,0,0,0
1999-05-20,4.61,5.6,17.03,274.35,1484.5,1338.83,2542.2299,24.4599,415.7,0.03046,0.0,189.02,0.0,0.0,0.0,0,0,0,0
1999-05-21,4.61,5.52,17.41,272.95,1464.3,1330.29,2520.1398,24.4,408.4,0.0305,0.0,188.63,0.0,0.0,0.0,0,0,0,0
1999-05-24,4.64,5.5,17.06,272.2,1462.8,1306.65,2453.6599,27.62,395.03,0.0305,0.0,186.24,0.0,0.0,0.0,0,0,0,0
1999-05-25,4.64,5.49,17.14,270.45,1468.8,1284.4,2380.8999,28.9,373.28,0.03053,0.0,186.24,0.0,0.0,0.0,0,0,0,0
1999-05-26,4.66,5.55,17.35,269.4,1454.5,1304.76,2427.1799,27.57,379.7,0.03051,0.0,187.05,0.0,0.0,0.0,0,0,0,0
1999-05-27,4.65,5.62,17.17,270.45,1384.5,1281.41,2419.1499,28.12,387.84,0.03051,0.0,186.16,0.0,0.0,0.0,0,0,0,0
1999-05-28,4.66,5.64,16.84,270.25,1369.0,1301.84,2470.52,25.3899,388.13,0.03054,0.0,186.72,0.0,0.0,0.0,0,0,0,0
1999-05-29,4.66,5.64,16.84,270.25,1369.0,1301.84,2470.52,25.3899,388.13,0.03054,0.0,186.72,0.0,0.0,0.0,0,0,0,0
1999-05-31,4.66,5.64,16.84,270.25,1369.0,1301.84,2470.52,25.3899,388.13,0.03055,0.0,186.72,0.0,0.0,0.0,0,0,0,0
1999-06-01,4.77,5.78,16.34,267.65,1387.8,1294.26,2412.03,26.62,375.55,0.03055,0.0,188.01,0.0,0.0,0.0,0,0,0,0
1999-06-02,4.74,5.8,16.65,265.4,1378.7,1294.81,2432.4099,26.2099,395.91,0.03055,0.0,189.72,0.0,0.0,0.0,0,0,0,0
1999-06-03,4.65,5.8,16.74,265.95,1362.8,1299.54,2403.32,26.2,387.05,0.03055,0.0,191.26,0.0,0.0,0.0,0,0,0,0
1999-06-04,4.57,5.82,17.32,265.25,1364.8,1327.75,2478.34,23.43,408.96,0.03055,0.0,192.21,0.0,0.0,0.0,0,0,0,0
1999-06-05,4.57,5.82,17.32,265.25,1364.8,1327.75,2478.34,23.43,408.96,0.03055,0.0,192.21,0.0,0.0,0.0,0,0,0,0
1999-06-07,4.64,5.81,17.86,265.65,1374.3,1334.52,2524.2099,23.78,413.17,0.03065,0.0,193.13,0.0,0.0,0.0,0,0,0,0
1999-06-08,4.62,5.83,17.66,262.15,1388.5,1317.33,2474.56,24.02,412.36,0.03069,0.0,192.45,0.0,0.0,0.0,0,0,0,0
1999-06-09,4.6,5.87,17.99,259.55,1393.7,1318.64,2519.35,23.9,430.7,0.03074,0.0,192.4,0.0,0.0,0.0,0,0,0,0
1999-06-10,4.67,5.92,17.85,258.55,1403.0,1302.82,2484.6201,25.32,437.0,0.03078,0.0,191.8,0.0,0.0,0.0,0,0,0,0
1999-06-11,4.74,6.02,18.43,260.65,1407.6,1293.64,2447.8798,25.9,436.91,0.03081,0.0,192.87,0.0,0.0,0.0,0,0,0,0
1999-06-14,4.76,5.98,18.33,260.55,1417.3,1294.0,2398.31,26.51,439.07,0.03084,0.0,192.23,0.0,0.0,0.0,0,0,0,0
1999-06-15,4.74,5.98,18.55,259.45,1383.5,1301.16,2414.6699,25.91,451.11,0.03088,0.0,191.41,0.0,0.0,0.0,0,0,0,0
1999-06-16,4.67,5.94,17.94,259.45,1378.3,1330.41,2517.83,22.4,463.48,0.03089,0.0,190.33,0.0,0.0,0.0,0,0,0,0
1999-06-17,4.64,5.79,18.19,258.45,1385.0,1339.9,2544.1499,21.95,463.71,0.03091,0.0,190.3,0.0,0.0,0.0,0,0,0,0
1999-06-21,4.74,5.9,17.7,259.45,1434.5,1349.0,2630.28,21.8099,477.05,0.03091,0.0,191.33,0.0,0.0,0.0,0,0,0,0
1999-06-22,4.73,5.94,17.61,258.85,1450.8,1335.88,2580.26,21.7,466.92,0.03091,0.0,191.55,0.0,0.0,0.0,0,0,0,0
1999-06-23,4.73,6.0,18.45,260.45,1437.8,1333.06,2598.1201,21.32,475.19,0.03091,0.0,191.45,0.0,0.0,0.0,0,0,0,0
1999-06-24,4.74,6.05,18.29,260.95,1442.8,1315.78,2553.9899,23.0599,454.63,0.03091,0.0,190.66,0.0,0.0,0.0,0,0,0,0
1999-06-25,4.8,6.02,18.39,260.95,1474.5,1315.31,2552.6499,21.76,452.53,0.03091,0.0,190.33,0.0,0.0,0.0,0,0,0,0
1999-06-28,4.88,5.96,18.23,261.15,1538.0,1331.35,2602.4399,22.6299,459.6,0.03091,0.0,188.88,0.0,0.0,0.0,0,0,0,0
1999-06-29,4.84,5.93,18.44,260.75,1532.3,1351.45,2642.1101,22.51,474.04,0.03094,0.0,189.37,0.0,0.0,0.0,0,0,0,0
1999-06-30,4.78,5.81,19.29,261.85,1610.5,1372.66,2686.1201,21.09,484.45,0.03096,0.0,191.54,0.0,0.0,0.0,0,0,0,0
1999-07-02,4.69,5.82,19.69,263.25,1639.0,1391.22,2741.02,18.66,492.88,0.03097,0.0,188.69,0.0,0.0,0.0,0,0,0,0
1999-07-03,4.69,5.82,19.69,263.25,1639.0,1391.22,2741.02,18.66,492.88,0.03097,0.0,188.69,0.0,0.0,0.0,0,0,0,0
1999-07-05,4.69,5.82,19.69,263.25,1623.8,1391.22,2741.02,18.66,492.88,0.03096,0.0,188.69,0.0,0.0,0.0,0,0,0,0
1999-07-06,4.72,5.88,19.78,257.8,1635.8,1388.12,2736.78,20.73,495.9,0.03098,0.0,184.92,0.0,0.0,0.0,0,0,0,0
1999-07-07,4.67,5.92,19.77,257.15,1677.3,1395.86,2743.04,20.35,491.4,0.03097,0.0,185.09,0.0,0.0,0.0,0,0,0,0
1999-07-08,4.68,5.85,19.71,256.85,1685.5,1394.42,2771.8601,20.24,509.92,0.03097,0.0,185.69,0.0,0.0,0.0,0,0,0,0
1999-07-09,4.69,5.84,19.94,257.05,1665.5,1403.28,2793.07,17.9599,509.21,0.03098,0.0,185.1,0.0,0.0,0.0,0,0,0,0
1999-07-12,4.74,5.74,19.91,255.65,1660.0,1399.1,2790.4399,19.73,509.59,0.031,0.0,183.97,0.0,0.0,0.0,0,0,0,0
1999-07-13,4.71,5.71,19.91,255.85,1642.0,1393.56,2778.2299,19.95,504.09,0.03098,0.0,183.23,0.0,0.0,0.0,0,0,0,0
1999-07-14,4.72,5.74,19.92,253.95,1662.8,1398.17,2818.1298,19.7099,525.06,0.03099,0.0,183.68,0.0,0.0,0.0,0,0,0,0
1999-07-15,4.7,5.72,20.16,253.8,1692.8,1409.62,2839.3701,18.68,528.75,0.03099,0.0,185.25,0.0,0.0,0.0,0,0,0,0
1999-07-16,4.68,5.68,20.62,255.05,1698.3,1418.78,2864.4799,17.42,530.08,0.0309,0.0,184.32,0.0,0.0,0.0,0,0,0,0
1999-07-17,4.68,5.68,20.62,255.05,1698.3,1418.78,2864.4799,17.42,530.08,0.0309,0.0,184.32,0.0,0.0,0.0,0,0,0,0
1999-07-19,4.67,5.66,20.44,253.25,1664.5,1407.65,2830.29,19.07,510.12,0.03093,0.0,185.72,0.0,0.0,0.0,0,0,0,0
1999-07-20,4.64,5.65,19.37,253.35,1658.5,1377.1,2732.1799,21.79,487.16,0.031,0.0,185.7,0.0,0.0,0.0,0,0,0,0
1999-07-21,4.59,5.66,19.65,255.35,1634.0,1379.29,2761.77,21.4599,496.03,0.03098,0.0,187.1,0.0,0.0,0.0,0,0,0,0
1999-07-22,4.61,5.78,19.94,256.5,1609.5,1360.97,2684.4399,23.0499,475.59,0.03097,0.0,189.79,0.0,0.0,0.0,0,0,0,0
1999-07-23,4.65,5.84,20.63,255.25,1625.5,1356.94,2692.3999,23.32,483.27,0.03099,0.0,191.99,0.0,0.0,0.0,0,0,0,0
1999-07-26,4.68,5.86,20.52,254.0,1606.3,1347.76,2619.1899,24.98,469.89,0.03099,0.0,190.63,0.0,0.0,0.0,0,0,0,0
1999-07-27,4.7,5.82,20.38,254.25,1632.5,1362.84,2679.33,23.23,495.9,0.03099,0.0,189.16,0.0,0.0,0.0,0,0,0,0
1999-07-28,4.71,5.81,20.54,254.75,1605.0,1365.4,2705.84,22.85,509.71,0.03102,0.0,188.71,0.0,0.0,0.0,0,0,0,0
1999-07-29,4.72,5.88,20.97,254.9,1603.8,1341.03,2640.01,24.52,492.64,0.03105,0.0,190.51,0.0,0.0,0.0,0,0,0,0
1999-07-30,4.75,5.92,20.53,256.05,1608.0,1328.72,2638.4899,24.6399,493.97,0.03106,0.0,190.36,0.0,0.0,0.0,0,0,0,0
1999-07-31,4.75,5.92,20.53,256.05,1608.0,1328.72,2638.4899,24.6399,493.97,0.03111,0.0,190.36,0.0,0.0,0.0,0,0,0,0
1999-08-02,4.85,5.92,20.45,255.25,1613.5,1328.05,2623.6298,25.59,490.19,0.03111,0.0,193.52,0.0,0.0,0.0,0,0,0,0
1999-08-03,4.84,5.95,20.3,255.85,1629.0,1322.18,2587.9899,26.27,491.93,0.03109,0.0,194.11,0.0,0.0,0.0,0,0,0,0
1999-08-04,4.78,5.96,20.44,256.05,1631.8,1305.33,2540.0,27.4,486.05,0.03115,0.0,196.13,0.0,0.0,0.0,0,0,0,0
1999-08-05,4.74,5.88,20.56,255.45,1669.0,1313.71,2565.83,27.01,487.88,0.03117,0.0,196.1,0.0,0.0,0.0,0,0,0,0
1999-08-06,4.8,6.02,20.88,256.15,1679.0,1300.29,2547.9699,26.6,496.38,0.03114,0.0,196.78,0.0,0.0,0.0,0,0,0,0
1999-08-07,4.8,6.02,20.88,256.15,1679.0,1300.29,2547.9699,26.6,496.38,0.03114,0.0,196.78,0.0,0.0,0.0,0,0,0,0
1999-08-09,4.96,6.13,21.27,257.15,1675.0,1297.8,2518.9799,27.66,505.27,0.03114,0.0,197.85,0.0,0.0,0.0,0,0,0,0
1999-08-10,4.95,6.16,21.3,257.25,1662.0,1281.43,2490.1101,28.45,499.05,0.03114,0.0,198.49,0.0,0.0,0.0,0,0,0,0
1999-08-11,4.91,6.05,21.52,258.95,1671.5,1301.93,2564.9799,25.3899,521.69,0.03114,0.0,198.1,0.0,0.0,0.0,0,0,0,0
1999-08-12,4.79,6.08,21.48,260.45,1680.8,1298.16,2549.4899,25.03,506.58,0.03112,0.0,196.92,0.0,0.0,0.0,0,0,0,0
1999-08-13,4.74,5.98,21.67,260.65,1683.0,1327.68,2637.81,22.3099,519.65,0.03117,0.0,198.25,0.0,0.0,0.0,0,0,0,0
1999-08-16,4.84,5.98,21.36,260.15,1676.0,1330.77,2645.28,23.07,516.22,0.03125,0.0,196.9,0.0,0.0,0.0,0,0,0,0
1999-08-17,4.83,5.89,21.74,262.1,1668.3,1344.16,2671.2299,21.67,512.07,0.03128,0.0,197.23,0.0,0.0,0.0,0,0,0,0
1999-08-18,4.76,5.88,21.52,259.65,1642.0,1332.84,2657.7299,23.2999,495.06,0.0313,0.0,197.1,0.0,0.0,0.0,0,0,0,0
1999-08-19,4.76,5.9,21.77,258.5,1618.8,1323.16,2621.4299,24.3899,492.44,0.03132,0.0,197.91,0.0,0.0,0.0,0,0,0,0
1999-08-20,4.84,5.88,21.65,258.2,1609.0,1336.61,2648.33,22.95,500.5,0.03133,0.0,197.26,0.0,0.0,0.0,0,0,0,0
1999-08-21,4.84,5.88,21.65,258.2,1609.0,1336.61,2648.33,22.95,500.5,0.03133,0.0,197.26,0.0,0.0,0.0,0,0,0,0
1999-08-23,5.01,5.89,21.84,254.35,1611.3,1360.22,2719.57,22.5499,516.31,0.03136,0.0,197.28,0.0,0.0,0.0,0,0,0,0
1999-08-24,4.99,5.85,21.47,253.25,1638.0,1363.5,2752.3701,22.4,530.13,0.03137,0.0,196.76,0.0,0.0,0.0,0,0,0,0
1999-08-25,4.93,5.73,20.58,252.45,1638.0,1381.79,2805.6,20.9599,527.23,0.03138,0.0,195.87,0.0,0.0,0.0,0,0,0,0
1999-08-26,4.93,5.75,20.95,252.75,1632.3,1362.01,2774.6201,21.2099,520.46,0.03138,0.0,195.02,0.0,0.0,0.0,0,0,0,0
1999-08-27,4.98,5.85,21.27,253.75,1633.5,1348.27,2758.8999,21.83,524.01,0.03139,0.0,195.05,0.0,0.0,0.0,0,0,0,0
1999-08-30,5.01,5.95,22.01,253.95,1633.5,1324.02,2712.6899,24.6299,520.11,0.0314,0.0,195.88,0.0,0.0,0.0,0,0,0,0
1999-08-31,4.98,5.98,22.11,255.55,1680.5,1320.41,2739.35,24.45,521.96,0.0314,0.0,199.35,0.0,0.0,0.0,0,0,0,0
1999-09-01,4.97,5.99,21.99,253.95,1712.5,1331.07,2750.8,22.93,530.09,0.03142,0.0,200.12,0.0,0.0,0.0,0,0,0,0
1999-09-02,4.92,6.03,21.49,253.85,1728.7,1319.11,2734.2399,24.53,533.15,0.03142,0.0,199.66,0.0,0.0,0.0,0,0,0,0
1999-09-03,4.92,5.89,22.0,254.25,1727.2,1357.24,2843.1101,20.98,560.9,0.03142,0.0,199.5,0.0,0.0,0.0,0,0,0,0
1999-09-04,4.92,5.89,22.0,254.25,1727.2,1357.24,2843.1101,20.98,560.9,0.03142,0.0,199.5,0.0,0.0,0.0,0,0,0,0
1999-09-06,4.92,5.89,22.0,254.25,1722.3,1357.24,2843.1101,20.98,560.9,0.03143,0.0,199.5,0.0,0.0,0.0,0,0,0,0
1999-09-07,4.85,5.95,22.61,255.95,1754.5,1350.45,2837.26,23.44,563.73,0.03141,0.0,202.48,0.0,0.0,0.0,0,0,0,0
1999-09-08,4.83,5.93,22.66,256.15,1751.3,1344.15,2808.7399,23.82,553.93,0.0314,0.0,201.64,0.0,0.0,0.0,0,0,0,0
1999-09-09,4.81,5.97,23.2,256.95,1768.5,1347.66,2852.02,23.01,558.86,0.03143,0.0,202.53,0.0,0.0,0.0,0,0,0,0
1999-09-10,4.76,5.89,23.55,256.55,1763.1,1351.66,2887.06,22.03,564.77,0.03145,0.0,202.94,0.0,0.0,0.0,0,0,0,0
1999-09-13,4.8,5.92,24.21,256.65,1750.8,1344.13,2844.77,22.8899,546.11,0.03147,0.0,203.35,0.0,0.0,0.0,0,0,0,0
1999-09-14,4.83,5.96,23.86,257.15,1735.0,1336.29,2868.29,23.77,574.06,0.03148,0.0,202.28,0.0,0.0,0.0,0,0,0,0
1999-09-15,4.75,5.94,24.13,256.55,1756.3,1317.97,2814.1699,24.5599,547.98,0.03149,0.0,200.16,0.0,0.0,0.0,0,0,0,0
1999-09-16,4.7,5.9,24.51,256.2,1757.3,1318.48,2806.7199,25.25,551.93,0.0315,0.0,199.85,0.0,0.0,0.0,0,0,0,0
1999-09-17,4.67,5.87,24.72,256.2,1802.0,1335.42,2869.6201,23.2999,565.22,0.03147,0.0,200.56,0.0,0.0,0.0,0,0,0,0
1999-09-18,4.67,5.87,24.72,256.2,1802.0,1335.42,2869.6201,23.2999,565.22,0.03147,0.0,200.56,0.0,0.0,0.0,0,0,0,0
1999-09-20,4.81,5.91,24.29,255.05,1776.5,1335.53,2886.1499,24.03,560.27,0.03145,0.0,199.91,0.0,0.0,0.0,0,0,0,0
1999-09-27,4.87,5.83,24.61,282.75,1724.5,1283.31,2761.75,26.4,522.85,0.03145,0.0,204.43,0.0,0.0,0.0,0,0,0,0
1999-09-28,4.85,5.89,24.33,306.15,1779.0,1282.2,2756.25,26.0599,525.21,0.03145,0.0,207.97,0.0,0.0,0.0,0,0,0,0
1999-09-29,4.83,5.97,24.69,302.5,1753.3,1268.37,2730.27,26.49,517.56,0.03145,0.0,208.03,0.0,0.0,0.0,0,0,0,0
1999-09-30,4.88,5.9,24.51,300.5,1756.0,1282.71,2746.1599,25.41,499.07,0.03146,0.0,205.19,0.0,0.0,0.0,0,0,0,0
1999-10-01,4.88,6.0,24.54,305.5,1742.5,1282.81,2736.85,24.93,508.44,0.03146,0.0,205.05,0.0,0.0,0.0,0,0,0,0
1999-10-02,4.88,6.0,24.54,305.5,1742.5,1282.81,2736.85,24.93,508.44,0.03146,0.0,205.05,0.0,0.0,0.0,0,0,0,0
1999-10-04,4.87,5.95,23.76,318.0,1733.0,1304.6,2795.9699,24.4599,531.67,0.03146,0.0,204.71,0.0,0.0,0.0,0,0,0,0
1999-10-05,4.86,6.02,23.45,324.5,1743.3,1301.35,2799.6699,24.79,548.7,0.03146,0.0,203.17,0.0,0.0,0.0,0,0,0,0
1999-10-06,4.81,6.04,23.45,325.5,1737.5,1325.4,2857.2099,22.0599,552.81,0.03146,0.0,202.88,0.0,0.0,0.0,0,0,0,0
1999-10-07,4.84,6.05,22.45,323.8,1734.0,1317.64,2860.6999,23.58,529.79,0.03146,0.0,202.53,0.0,0.0,0.0,0,0,0,0
1999-10-08,4.82,6.04,20.9,320.5,1659.0,1336.02,2886.57,20.49,516.92,0.03147,0.0,199.94,0.0,0.0,0.0,0,0,0,0
1999-10-11,4.82,6.04,21.27,319.0,1634.0,1335.21,2915.9499,20.6299,528.55,0.03147,0.0,201.35,0.0,0.0,0.0,0,0,0,0
1999-10-12,4.93,6.07,22.3,317.5,1702.5,1313.04,2872.4299,22.84,522.96,0.03148,0.0,205.2,0.0,0.0,0.0,0,0,0,0
1999-10-13,4.98,6.12,23.06,321.0,1710.0,1285.55,2801.27,25.9599,509.64,0.03147,0.0,209.37,0.0,0.0,0.0,0,0,0,0
1999-10-14,5.02,6.17,22.45,322.75,1706.8,1283.42,2806.84,26.0499,517.66,0.03148,0.0,205.74,0.0,0.0,0.0,0,0,0,0
1999-10-15,5.04,6.09,22.82,315.7,1699.0,1247.41,2731.83,28.75,512.51,0.03148,0.0,206.18,0.0,0.0,0.0,0,0,0,0
1999-10-16,5.04,6.09,22.82,315.7,1699.0,1247.41,2731.83,28.75,512.51,0.03148,0.0,206.18,0.0,0.0,0.0,0,0,0,0
1999-10-18,5.15,6.12,22.53,310.75,1713.8,1254.13,2689.1499,28.19,499.18,0.03148,0.0,204.08,0.0,0.0,0.0,0,0,0,0
1999-10-19,5.15,6.18,22.22,305.5,1723.5,1261.32,2688.1799,26.5599,483.08,0.03148,0.0,205.09,0.0,0.0,0.0,0,0,0,0
1999-10-20,5.15,6.19,22.2,306.3,1748.8,1289.43,2788.1298,23.9,495.04,0.03148,0.0,204.61,0.0,0.0,0.0,0,0,0,0
1999-10-21,5.14,6.2,22.61,304.75,1743.0,1283.61,2801.9499,24.02,505.61,0.03148,0.0,203.58,0.0,0.0,0.0,0,0,0,0
1999-10-22,5.07,6.21,23.45,302.1,1762.5,1301.65,2816.52,21.6399,513.76,0.03149,0.0,204.42,0.0,0.0,0.0,0,0,0,0
1999-10-25,5.14,6.22,23.35,299.0,1740.5,1293.63,2815.9499,23.6,506.27,0.03149,0.0,205.12,0.0,0.0,0.0,0,0,0,0
1999-10-26,5.15,6.24,23.19,289.4,1727.3,1281.91,2811.4699,24.26,503.55,0.03149,0.0,202.68,0.0,0.0,0.0,0,0,0,0
1999-10-27,5.14,6.19,22.92,292.25,1705.5,1296.71,2802.52,24.2,493.58,0.0315,0.0,202.87,0.0,0.0,0.0,0,0,0,0
1999-10-28,5.11,6.12,21.68,299.0,1741.0,1342.44,2875.2199,21.34,522.67,0.0315,0.0,201.42,0.0,0.0,0.0,0,0,0,0
1999-10-29,5.12,6.02,21.75,299.2,1743.0,1362.93,2966.4299,22.2,555.83,0.03151,0.0,201.52,0.0,0.0,0.0,0,0,0,0
1999-10-30,5.12,6.02,21.75,299.2,1743.0,1362.93,2966.4299,22.2,555.83,0.03151,0.0,201.52,0.0,0.0,0.0,0,0,0,0
1999-11-01,5.16,6.06,22.51,290.5,1743.3,1354.12,2967.6499,22.09,555.52,0.03151,0.0,203.52,0.0,0.0,0.0,0,0,0,0
1999-11-02,5.14,6.04,22.39,291.1,1756.4,1347.74,2981.6298,23.1,571.57,0.03152,1320.0,202.7,0.0,0.0,0.0,0,0,0,0
1999-11-03,5.12,6.01,22.56,292.4,1757.0,1354.93,3028.51,23.16,597.72,0.03152,1313.0,203.53,0.0,0.0,0.0,0,0,0,0
1999-11-04,5.1,5.95,23.14,292.6,1752.5,1362.64,3055.9499,23.0,603.83,0.03151,1301.0,203.97,0.0,0.0,0.0,0,0,0,0
1999-11-05,5.14,5.92,23.0,290.2,1735.0,1370.23,3102.29,21.66,621.21,0.0315,1296.0,203.02,0.0,0.0,0.0,0,0,0,0
1999-11-06,5.14,5.92,23.0,290.2,1735.0,1370.23,3102.29,21.66,621.21,0.0315,1296.0,203.02,0.0,0.0,0.0,0,0,0,0
1999-11-08,5.2,5.95,23.27,289.2,1729.8,1377.01,3143.9699,21.87,620.32,0.03148,1297.0,203.14,0.0,0.0,0.0,0,0,0,0
1999-11-09,5.19,5.97,24.03,290.8,1747.0,1365.28,3125.04,22.7,619.16,0.03149,1301.0,204.41,0.0,0.0,0.0,0,0,0,0
1999-11-10,5.2,6.0,24.47,298.3,1723.5,1373.27,3155.9599,22.26,640.81,0.03149,1311.0,204.84,0.0,0.0,0.0,0,0,0,0
1999-11-11,5.2,6.0,24.33,293.65,1700.0,1381.46,3197.29,22.07,660.28,0.0315,1325.0,204.17,0.0,0.0,0.0,0,0,0,0
1999-11-15,5.29,5.94,25.13,291.05,1691.8,1394.39,3219.54,22.74,639.4,0.03151,1342.0,206.66,0.0,0.0,0.0,0,0,0,0
1999-11-16,5.29,5.97,25.7,294.5,1706.5,1420.03,3295.52,20.73,643.62,0.0315,1346.0,206.32,0.0,0.0,0.0,0,0,0,0
1999-11-17,5.24,6.04,26.6,295.1,1703.0,1410.71,3269.3898,20.9599,631.14,0.03149,1349.0,205.65,0.0,0.0,0.0,0,0,0,0
1999-11-18,5.23,6.06,25.8,294.25,1709.5,1424.94,3347.1101,19.76,649.59,0.0315,1350.0,202.74,0.0,0.0,0.0,0,0,0,0
1999-11-19,5.23,6.07,26.56,294.5,1711.5,1422.0,3369.25,19.11,654.14,0.0315,1354.0,202.75,0.0,0.0,0.0,0,0,0,0
1999-11-20,5.23,6.07,26.56,294.5,1711.5,1422.0,3369.25,19.11,654.14,0.0315,1354.0,202.75,0.0,0.0,0.0,0,0,0,0
1999-11-22,5.27,6.09,27.07,294.8,1721.0,1420.94,3392.56,19.98,639.28,0.03151,1356.0,203.14,0.0,0.0,0.0,0,0,0,0
1999-11-23,5.27,6.08,26.44,298.2,1722.0,1404.64,3342.8701,21.0,624.18,0.03152,1355.0,203.05,0.0,0.0,0.0,0,0,0,0
1999-11-24,5.29,6.09,26.87,298.5,1728.8,1417.08,3420.5,20.26,635.56,0.03152,1354.0,202.76,0.0,0.0,0.0,0,0,0,0
1999-11-25,5.29,6.09,26.87,298.9,1734.3,1417.08,3420.5,20.26,635.56,0.03152,1356.0,202.76,0.0,0.0,0.0,0,0,0,0
1999-11-26,5.3,6.12,26.87,298.9,1743.8,1416.62,3447.81,22.33,637.79,0.03152,1355.0,202.79,0.0,0.0,0.0,0,0,0,0
1999-11-29,5.36,6.21,25.96,291.1,1743.0,1407.83,3421.3701,23.57,627.51,0.03155,1355.0,203.14,0.0,0.0,0.0,0,0,0,0
1999-11-30,5.3,6.18,24.59,290.6,1750.5,1389.07,3336.1599,24.18,609.39,0.03157,1351.0,204.07,0.0,0.0,0.0,0,0,0,0
1999-12-01,5.27,6.21,25.0,289.5,1721.5,1397.72,3353.7099,22.23,620.89,0.03158,1344.0,203.98,0.0,0.0,0.0,0,0,0,0
1999-12-02,5.25,6.24,25.82,285.0,1708.0,1409.04,3452.78,21.77,649.25,0.03158,1342.0,204.27,0.0,0.0,0.0,0,0,0,0
1999-12-03,5.25,6.17,25.81,279.8,1732.5,1433.3,3520.6298,19.32,657.53,0.0316,1341.0,204.39,0.0,0.0,0.0,0,0,0,0
1999-12-04,5.25,6.17,25.81,279.8,1732.5,1433.3,3520.6298,19.32,657.53,0.0316,1341.0,204.39,0.0,0.0,0.0,0,0,0,0
1999-12-06,5.22,6.16,26.66,276.1,1743.3,1423.34,3546.01,20.58,681.82,0.03163,1341.0,204.78,0.0,0.0,0.0,0,0,0,0
1999-12-07,5.22,6.11,26.22,283.5,1713.3,1409.17,3586.9199,21.09,667.54,0.03165,1344.0,204.75,0.0,0.0,0.0,0,0,0,0
1999-12-08,5.22,6.15,26.54,281.95,1719.3,1403.88,3586.08,21.25,660.24,0.03164,1349.0,203.91,0.0,0.0,0.0,0,0,0,0
1999-12-09,5.25,6.14,26.15,278.25,1720.0,1408.11,3594.1699,21.19,641.72,0.03163,1356.0,202.47,0.0,0.0,0.0,0,0,0,0
1999-12-10,5.3,6.08,25.23,278.95,1741.1,1417.04,3620.2399,21.48,632.63,0.03163,1360.0,202.35,0.0,0.0,0.0,0,0,0,0
1999-12-13,5.39,6.11,25.38,280.05,1717.0,1415.22,3658.1699,21.7199,631.04,0.03163,1360.0,201.64,0.0,0.0,0.0,0,0,0,0
1999-12-14,5.39,6.22,25.73,279.5,1729.0,1403.17,3571.6599,23.0599,587.99,0.03161,1358.0,202.57,0.0,0.0,0.0,0,0,0,0
1999-12-15,5.35,6.25,26.36,282.5,1758.0,1413.19,3621.9499,22.03,605.53,0.03161,1353.0,203.69,0.0,0.0,0.0,0,0,0,0
1999-12-16,5.39,6.31,26.83,281.95,1789.0,1418.78,3715.06,21.91,630.53,0.0316,1349.0,205.21,0.0,0.0,0.0,0,0,0,0
1999-12-17,5.44,6.3,26.74,284.95,1796.0,1421.05,3753.06,21.35,639.34,0.03159,1343.0,205.51,0.0,0.0,0.0,0,0,0,0
1999-12-18,5.44,6.3,26.74,284.95,1796.0,1421.05,3753.06,21.35,639.34,0.03159,1343.0,205.51,0.0,0.0,0.0,0,0,0,0
1999-12-20,5.63,6.36,26.54,284.15,1801.3,1418.09,3783.8701,23.78,667.3,0.03158,1334.0,206.13,0.0,0.0,0.0,0,0,0,0
1999-12-21,5.59,6.38,26.26,286.2,1787.3,1433.43,3911.1499,22.66,698.88,0.03158,1329.0,203.88,0.0,0.0,0.0,0,0,0,0
1999-12-22,5.56,6.39,25.5,286.85,1818.8,1435.99,3937.3,22.43,700.2,0.03158,1324.0,203.51,0.0,0.0,0.0,0,0,0,0
1999-12-23,5.47,6.41,25.87,285.7,1828.0,1458.34,3969.4399,21.12,695.96,0.03162,1320.0,204.66,0.0,0.0,0.0,0,0,0,0
1999-12-24,5.47,6.41,25.87,285.7,1835.3,1458.34,3969.4399,21.12,695.96,0.03164,1319.0,204.66,0.0,0.0,0.0,0,0,0,0
1999-12-27,5.47,6.4,26.33,288.0,1835.3,1457.09,3975.3798,23.07,704.07,0.0317,1319.0,204.04,0.0,0.0,0.0,0,0,0,0
1999-12-28,5.41,6.43,26.82,290.4,1835.3,1457.66,3972.1101,22.9699,699.02,0.03174,1319.0,204.1,0.0,0.0,0.0,0,0,0,0
2000-01-04,5.43,6.49,24.84,282.45,1829.8,1399.42,3901.6899,27.01,687.32,0.03268,1320.0,202.46,0.0,0.0,0.0,0,0,0,0
2000-01-05,5.44,6.62,24.27,280.85,1840.0,1402.11,3877.54,26.41,678.54,0.03247,1329.0,202.2,0.0,0.0,0.0,0,0,0,0
2000-01-06,5.41,6.57,24.2,280.4,1833.8,1403.45,3727.1298,25.73,669.33,0.03241,1351.0,201.94,0.0,0.0,0.0,0,0,0,0
2000-01-07,5.38,6.52,23.76,281.75,1841.4,1441.47,3882.6201,21.7199,690.75,0.0324,1368.0,202.7,0.0,0.0,0.0,0,0,0,0
2000-01-10,5.42,6.57,24.13,281.75,1822.5,1457.6,4049.6699,21.7099,741.69,0.03243,1376.0,203.3,0.0,0.0,0.0,0,0,0,0
2000-01-11,5.43,6.67,25.11,282.3,1821.5,1438.56,3921.1899,22.5,717.09,0.03245,1388.0,204.04,0.0,0.0,0.0,0,0,0,0
2000-01-12,5.45,6.72,25.66,282.3,1843.5,1432.25,3850.02,22.84,741.59,0.03244,1396.0,205.25,0.0,0.0,0.0,0,0,0,0
2000-01-13,5.41,6.63,25.92,283.62,1844.8,1449.68,3957.2099,21.7099,748.98,0.03243,1403.0,207.02,0.0,0.0,0.0,0,0,0,0
2000-01-14,5.41,6.69,27.14,283.6,1850.0,1465.15,4064.27,19.66,809.87,0.03241,1404.0,208.01,0.0,0.0,0.0,0,0,0,0
2000-01-15,5.41,6.69,27.14,283.6,1850.0,1465.15,4064.27,19.66,809.87,0.03241,1404.0,208.01,0.0,0.0,0.0,0,0,0,0
2000-01-17,5.41,6.69,27.14,283.6,1858.5,1465.15,4064.27,19.66,809.87,0.03243,1406.0,208.01,0.0,0.0,0.0,0,0,0,0
2000-01-18,5.56,6.75,27.8,288.5,1865.3,1455.14,4130.81,21.5,803.37,0.03243,1405.0,209.3,0.0,0.0,0.0,0,0,0,0
2000-01-19,5.51,6.73,27.88,289.65,1895.8,1455.9,4151.29,21.7199,805.43,0.03243,1400.0,211.68,0.0,0.0,0.0,0,0,0,0
2000-01-20,5.48,6.79,27.97,288.65,1886.0,1445.57,4189.5097,21.75,812.57,0.03243,1393.0,212.34,0.0,0.0,0.0,0,0,0,0
2000-01-21,5.47,6.79,28.2,288.65,1882.0,1441.36,4235.3999,20.82,804.15,0.03245,1384.0,211.51,0.0,0.0,0.0,0,0,0,0
2000-01-24,5.55,6.69,27.83,287.75,1853.5,1401.91,4096.08,24.07,789.07,0.03245,1378.0,211.05,0.0,0.0,0.0,0,0,0,0
2000-01-25,5.57,6.7,28.28,285.75,1844.3,1410.03,4167.4101,23.02,815.54,0.03245,1368.0,212.02,0.0,0.0,0.0,0,0,0,0
2000-01-26,5.58,6.69,27.84,286.25,1816.0,1404.09,4069.9099,23.03,783.16,0.03247,1368.0,211.08,0.0,0.0,0.0,0,0,0,0
2000-01-27,5.59,6.68,27.32,286.8,1826.5,1398.56,4039.56,23.54,778.65,0.03249,1340.0,211.58,0.0,0.0,0.0,0,0,0,0
2000-01-28,5.65,6.66,27.22,283.15,1820.5,1360.16,3887.07,26.1399,749.01,0.03256,1329.0,210.72,0.0,0.0,0.0,0,0,0,0
2000-01-29,5.65,6.66,27.22,283.15,1820.5,1360.16,3887.07,26.1399,749.01,0.03256,1329.0,210.72,0.0,0.0,0.0,0,0,0,0
2000-01-31,5.76,6.68,27.64,283.25,1831.0,1394.46,3940.35,24.95,778.06,0.03257,1319.0,210.46,0.0,0.0,0.0,0,0,0,0
2000-02-01,5.71,6.62,27.26,282.4,1818.5,1409.28,4051.9799,23.45,802.43,0.03259,1311.0,209.65,0.0,0.0,0.0,0,0,0,0
2000-02-09,5.66,6.56,27.75,306.0,1777.8,1411.71,4363.2402,22.9,903.52,0.03264,1293.0,212.69,0.0,0.0,0.0,0,0,0,0
2000-02-10,5.67,6.67,28.27,315.95,1842.8,1416.83,4485.6298,23.07,943.09,0.03266,1317.0,215.06,0.0,0.0,0.0,0,0,0,0
2000-02-11,5.66,6.63,28.4,313.0,1835.8,1387.12,4395.4501,24.42,912.19,0.03265,1345.0,214.53,0.0,0.0,0.0,0,0,0,0
2000-02-14,5.68,6.56,29.26,306.5,1825.5,1389.94,4418.5498,24.3799,925.71,0.03255,1276.0,212.77,0.0,0.0,0.0,0,0,0,0
2000-02-15,5.75,6.56,29.19,301.25,1808.0,1402.05,4420.77,22.92,954.23,0.03256,1392.0,212.61,0.0,0.0,0.0,0,0,0,0
2000-02-16,5.73,6.56,29.33,302.5,1795.8,1387.67,4427.6499,23.51,953.92,0.03257,1419.0,212.97,0.0,0.0,0.0,0,0,0,0
2000-02-17,5.74,6.58,28.55,301.55,1810.8,1388.25,4548.9199,23.17,978.8,0.03256,1438.0,212.77,0.0,0.0,0.0,0,0,0,0
2000-02-18,5.75,6.49,28.45,301.0,1809.5,1346.09,4411.7402,26.0,935.94,0.03256,1454.0,212.31,0.0,0.0,0.0,0,0,0,0
2000-02-19,5.75,6.49,28.45,301.0,1809.5,1346.09,4411.7402,26.0,935.94,0.03256,1454.0,212.31,0.0,0.0,0.0,0,0,0,0
2000-02-21,5.75,6.49,28.45,305.5,1785.5,1346.09,4411.7402,26.0,935.94,0.03257,1466.0,212.31,0.0,0.0,0.0,0,0,0,0
2000-02-22,5.82,6.36,28.92,304.75,1798.0,1352.17,4382.1201,25.86,989.93,0.03248,1481.0,212.02,0.0,0.0,0.0,0,0,0,0
2000-02-23,5.82,6.44,29.39,300.2,1821.8,1360.69,4550.33,23.8899,1007.49,0.03248,1491.0,210.21,0.0,0.0,0.0,0,0,0,0
2000-02-24,5.81,6.36,29.97,298.6,1835.3,1353.43,4617.6499,24.3799,1063.7,0.03248,1501.0,209.82,0.0,0.0,0.0,0,0,0,0
2000-02-25,5.79,6.36,30.35,296.3,1793.0,1333.36,4590.5,25.2,1032.02,0.03251,1511.0,207.19,0.0,0.0,0.0,0,0,0,0
2000-02-29,5.78,6.42,30.43,291.8,1697.0,1366.42,4696.6899,23.37,1170.46,0.03252,1531.0,208.78,0.0,0.0,0.0,0,0,0,0
2000-03-01,5.76,6.39,30.01,291.1,1738.5,1379.19,4784.08,21.6399,1172.18,0.03254,1547.0,212.13,0.0,0.0,0.0,0,0,0,0
2000-03-02,5.76,6.4,30.08,289.9,1723.0,1381.76,4754.5097,21.0599,1135.96,0.03256,1547.0,212.12,0.0,0.0,0.0,0,0,0,0
2000-03-03,5.79,6.39,30.02,289.9,1732.0,1409.17,4914.79,19.2099,1211.34,0.03253,1578.0,213.56,0.0,0.0,0.0,0,0,0,0
2000-03-04,5.79,6.39,30.02,289.9,1732.0,1409.17,4914.79,19.2099,1211.34,0.03253,1578.0,213.56,0.0,0.0,0.0,0,0,0,0
2000-03-06,5.85,6.42,30.56,287.7,1737.5,1391.28,4904.85,21.5,1243.79,0.03251,1588.0,214.49,0.0,0.0,0.0,0,0,0,0
2000-03-07,5.83,6.39,32.39,292.7,1718.5,1355.62,4847.8398,24.3099,1263.74,0.03251,1602.0,215.66,0.0,0.0,0.0,0,0,0,0
2000-03-08,5.83,6.38,29.47,288.5,1695.3,1366.7,4897.2597,23.82,1242.17,0.0325,1618.0,213.61,0.0,0.0,0.0,0,0,0,0
2000-03-09,5.82,6.35,29.96,288.5,1723.0,1401.69,5046.8598,22.2099,1290.21,0.03251,1634.0,214.84,0.0,0.0,0.0,0,0,0,0
2000-03-10,5.87,6.39,29.84,289.1,1726.5,1395.07,5048.6201,21.24,1332.73,0.03254,1645.0,214.06,0.0,0.0,0.0,0,0,0,0
2000-03-13,5.89,6.36,30.0,290.7,1708.8,1383.62,4907.2402,22.85,1316.1,0.03253,1649.0,215.93,0.0,0.0,0.0,0,0,0,0
2000-03-14,5.87,6.31,29.72,289.25,1741.0,1359.15,4706.6298,24.41,1229.84,0.03253,1645.0,216.26,0.0,0.0,0.0,0,0,0,0
2000-03-15,5.85,6.29,29.03,288.95,1745.8,1392.14,4582.6201,22.34,1201.34,0.03253,1640.0,216.31,0.0,0.0,0.0,0,0,0,0
2000-03-16,5.87,6.26,29.28,286.1,1763.0,1458.47,4717.3901,20.77,1227.12,0.03251,1633.0,217.13,0.0,0.0,0.0,0,0,0,0
2000-03-17,5.89,6.2,29.08,285.5,1773.5,1464.47,4798.1298,22.37,1254.83,0.0325,1630.0,216.88,0.0,0.0,0.0,0,0,0,0
2000-03-20,5.95,6.18,27.55,285.6,1753.5,1456.63,4610.0,22.9599,1203.45,0.03248,1628.0,212.92,0.0,0.0,0.0,0,0,0,0
2000-03-21,5.91,6.13,27.81,289.7,1775.5,1493.87,4711.6801,21.7,1194.49,0.03253,1624.0,213.79,0.0,0.0,0.0,0,0,0,0
2000-03-22,5.91,6.13,27.46,287.8,1764.5,1500.64,4864.75,21.49,1304.59,0.03256,1620.0,213.87,0.0,0.0,0.0,0,0,0,0
2000-03-23,5.9,6.08,27.31,285.2,1597.0,1527.35,4940.6098,22.26,1285.12,0.0326,1617.0,212.74,0.0,0.0,0.0,0,0,0,0
2000-03-24,5.91,6.2,28.02,284.6,1750.0,1527.46,4963.0297,23.3099,1287.5,0.03261,1618.0,212.59,0.0,0.0,0.0,0,0,0,0
2000-03-27,5.88,6.21,27.79,281.2,1731.5,1523.86,4958.56,24.53,1305.46,0.03265,1623.0,212.22,0.0,0.0,0.0,0,0,0,0
2000-03-28,5.88,6.17,27.09,279.25,1736.0,1507.73,4833.8901,24.86,1261.17,0.03267,1627.0,211.9,0.0,0.0,0.0,0,0,0,0
2000-03-29,5.89,6.18,26.45,275.2,1742.0,1508.52,4644.6699,24.1,1193.8,0.03275,1638.0,210.27,0.0,0.0,0.0,0,0,0,0
2000-03-30,5.88,6.06,26.7,276.6,1748.8,1487.92,4457.8901,25.4699,1151.31,0.03281,1651.0,211.39,0.0,0.0,0.0,0,0,0,0
2000-03-31,5.88,6.03,26.9,276.05,1734.0,1498.58,4572.83,24.11,1181.89,0.0328,1651.0,214.37,0.0,0.0,0.0,0,0,0,0
2000-04-01,5.88,6.03,26.9,276.05,1734.0,1498.58,4572.83,24.11,1181.89,0.0328,1651.0,214.37,0.0,0.0,0.0,0,0,0,0
2000-04-05,5.86,5.9,25.31,281.4,1714.8,1487.37,4169.2202,28.41,1134.76,0.03282,1679.0,212.22,0.0,0.0,0.0,0,0,0,0
2000-04-06,5.88,5.93,25.12,282.7,1660.5,1501.34,4267.56,27.15,1156.57,0.03282,1682.0,210.72,0.0,0.0,0.0,0,0,0,0
2000-04-07,5.9,5.86,24.47,282.7,1654.6,1516.35,4446.4501,24.3899,1223.27,0.03285,1684.0,209.91,0.0,0.0,0.0,0,0,0,0
2000-04-08,5.9,5.86,24.47,282.7,1654.6,1516.35,4446.4501,24.3899,1223.27,0.03285,1684.0,209.91,0.0,0.0,0.0,0,0,0,0
2000-04-10,5.85,5.8,23.23,281.8,1679.3,1504.46,4188.2001,25.99,1167.76,0.033,1686.0,208.6,0.0,0.0,0.0,0,0,0,0
2000-04-11,5.83,5.89,23.39,281.6,1693.5,1500.59,4055.8999,27.25,1131.91,0.03298,1684.0,208.29,0.0,0.0,0.0,0,0,0,0
2000-04-12,5.83,5.97,24.74,280.7,1688.3,1467.17,3769.6298,28.98,1037.7,0.03299,1681.0,210.75,0.0,0.0,0.0,0,0,0,0
2000-04-13,5.81,5.94,24.62,281.0,1670.1,1440.51,3676.78,29.4,1009.7,0.03291,1679.0,212.07,0.0,0.0,0.0,0,0,0,0
2000-04-14,5.81,5.85,24.33,282.3,1638.0,1357.31,3321.29,33.49,892.16,0.03283,1676.0,211.11,0.0,0.0,0.0,0,0,0,0
2000-04-15,5.81,5.85,24.33,282.3,1638.0,1357.31,3321.29,33.49,892.16,0.03283,1676.0,211.11,0.0,0.0,0.0,0,0,0,0
2000-04-17,5.82,6.01,24.57,282.0,1620.5,1401.44,3539.1599,28.95,1009.88,0.03275,1674.0,212.0,0.0,0.0,0.0,0,0,0,0
2000-04-18,5.81,6.05,24.83,281.45,1652.0,1441.61,3793.57,26.12,1052.59,0.03275,1670.0,212.75,0.0,0.0,0.0,0,0,0,0
2000-04-19,5.81,5.99,25.8,280.1,1678.0,1427.47,3706.4099,27.02,1012.87,0.03273,1661.0,213.79,0.0,0.0,0.0,0,0,0,0
2000-04-20,5.79,5.99,25.88,279.8,1668.0,1434.54,3643.8798,25.85,1024.28,0.03273,1656.0,212.78,0.0,0.0,0.0,0,0,0,0
2000-04-21,5.79,5.99,25.88,279.8,1668.0,1434.54,3643.8798,25.85,1024.28,0.03275,1656.0,212.78,0.0,0.0,0.0,0,0,0,0
2000-04-24,5.8,6.0,26.04,280.8,1668.0,1429.86,3482.4799,27.37,993.64,0.03272,1656.0,212.78,0.0,0.0,0.0,0,0,0,0
2000-04-25,5.79,6.14,25.33,278.3,1700.5,1477.14,3711.2299,25.24,1082.45,0.03271,1647.0,211.95,0.0,0.0,0.0,0,0,0,0
2000-04-26,5.75,6.14,24.65,275.7,1710.5,1460.99,3630.09,26.9699,1060.84,0.03265,1641.0,210.51,0.0,0.0,0.0,0,0,0,0
2000-04-27,5.75,6.23,25.42,276.8,1702.5,1464.92,3774.03,26.19,1135.12,0.03267,1635.0,210.33,0.0,0.0,0.0,0,0,0,0
2000-04-28,5.82,6.23,25.74,273.3,1727.0,1452.43,3860.6599,26.2,1171.64,0.03266,1628.0,211.03,0.0,0.0,0.0,0,0,0,0
2000-04-29,5.82,6.23,25.74,273.3,1727.0,1452.43,3860.6599,26.2,1171.64,0.03266,1628.0,211.03,0.0,0.0,0.0,0,0,0,0
2000-05-02,5.92,6.32,26.46,275.45,1764.0,1446.29,3785.4499,28.5,1108.75,0.03261,1622.0,216.85,0.0,0.0,0.0,0,0,0,0
2000-05-03,5.91,6.4,26.41,277.6,1742.0,1415.1,3707.31,31.6299,1070.33,0.03258,1615.0,215.19,0.0,0.0,0.0,0,0,0,0
2000-05-04,5.9,6.46,26.56,278.0,1749.0,1409.38,3720.2399,30.77,1087.66,0.03258,1609.0,216.54,0.0,0.0,0.0,0,0,0,0
2000-05-05,5.97,6.51,26.92,278.95,1749.0,1432.63,3816.82,27.53,1105.13,0.03263,1609.0,216.54,0.0,0.0,0.0,0,0,0,0
2000-05-06,5.97,6.51,26.92,278.95,1786.5,1432.63,3816.82,27.53,1105.13,0.03263,1609.0,216.08,0.0,0.0,0.0,0,0,0,0
2000-05-08,6.19,6.57,27.75,277.0,1771.5,1424.17,3669.3798,28.2,1047.02,0.03259,1607.0,215.72,0.0,0.0,0.0,0,0,0,0
2000-05-09,6.14,6.53,28.4,277.0,1780.0,1412.14,3585.01,28.93,994.04,0.03258,1609.0,217.13,0.0,0.0,0.0,0,0,0,0
2000-05-10,6.14,6.47,28.05,277.7,1775.5,1383.05,3384.7299,29.87,908.94,0.03258,1611.0,218.93,0.0,0.0,0.0,0,0,0,0
2000-05-11,6.14,6.43,28.94,275.5,1778.5,1407.81,3499.58,27.76,965.78,0.03252,1614.0,220.57,0.0,0.0,0.0,0,0,0,0
2000-05-12,6.14,6.51,29.39,277.1,1811.0,1420.96,3529.06,26.0499,982.15,0.03254,1616.0,220.74,0.0,0.0,0.0,0,0,0,0
2000-05-15,6.25,6.47,29.73,275.6,1810.0,1452.36,3607.6499,24.86,1009.18,0.0325,1615.0,219.98,0.0,0.0,0.0,0,0,0,0
2000-05-16,6.2,6.43,29.65,275.6,1830.5,1466.04,3717.57,24.34,1046.68,0.03249,1612.0,221.15,0.0,0.0,0.0,0,0,0,0
2000-05-17,6.05,6.48,29.44,272.9,1818.0,1447.8,3644.9599,23.98,1027.73,0.03259,1610.0,220.66,0.0,0.0,0.0,0,0,0,0
2000-05-18,5.92,6.56,30.22,273.25,1822.5,1437.21,3538.7099,23.9599,1002.41,0.03253,1609.0,222.01,0.0,0.0,0.0,0,0,0,0
2000-05-19,5.89,6.51,29.85,273.5,1814.0,1406.95,3390.3999,25.44,950.24,0.03256,1607.0,223.35,0.0,0.0,0.0,0,0,0,0
2000-05-20,5.89,6.51,29.85,273.5,1814.0,1406.95,3390.3999,25.44,950.24,0.03256,1607.0,223.35,0.0,0.0,0.0,0,0,0,0
2000-05-22,6.01,6.44,28.73,275.9,1803.0,1400.72,3364.2099,26.0,942.66,0.03256,1606.0,223.83,0.0,0.0,0.0,0,0,0,0
2000-05-23,6.01,6.45,28.78,275.9,1799.8,1373.86,3164.55,25.87,869.74,0.03252,1598.0,223.66,0.0,0.0,0.0,0,0,0,0
2000-05-24,5.92,6.47,29.93,273.6,1808.0,1399.05,3270.6101,24.32,915.2,0.03244,1589.0,225.47,0.0,0.0,0.0,0,0,0,0
2000-05-25,5.85,6.39,30.51,270.7,1788.5,1381.52,3205.35,24.58,901.71,0.03245,1582.0,224.53,0.0,0.0,0.0,0,0,0,0
2000-05-26,5.83,6.33,30.0,272.2,1798.0,1378.02,3205.1101,24.4699,909.66,0.03246,1576.0,225.0,0.0,0.0,0.0,0,0,0,0
2000-05-29,5.83,6.33,30.0,272.2,1798.0,1378.02,3205.1101,24.4699,909.66,0.03242,1576.0,225.0,0.0,0.0,0.0,0,0,0,0
2000-05-30,5.87,6.38,30.35,272.7,1738.5,1422.45,3459.4799,23.62,1010.3,0.03238,1569.0,223.39,0.0,0.0,0.0,0,0,0,0
2000-05-31,5.63,6.29,29.01,271.9,1743.5,1420.6,3400.9099,23.65,998.43,0.03245,1566.0,222.27,0.0,0.0,0.0,0,0,0,0
2000-06-01,5.74,6.2,29.31,272.8,1753.5,1448.81,3582.5,22.36,1067.28,0.03243,1562.0,223.5,0.0,0.0,0.0,0,0,0,0
2000-06-02,5.87,6.15,29.44,281.5,1724.3,1477.26,3813.3798,21.48,1157.75,0.03243,1562.0,225.42,0.0,0.0,0.0,0,0,0,0
2000-06-03,5.87,6.15,29.44,281.5,1724.3,1477.26,3813.3798,21.48,1157.75,0.03243,1562.0,225.42,0.0,0.0,0.0,0,0,0,0
2000-06-05,5.98,6.12,28.92,285.4,1732.0,1467.63,3821.76,22.7099,1152.96,0.03248,1561.0,225.35,0.0,0.0,0.0,0,0,0,0
2000-06-07,5.92,6.13,29.28,285.0,1688.5,1471.36,3839.26,22.48,1129.6,0.03248,1559.0,223.19,0.0,0.0,0.0,0,0,0,0
2000-06-08,5.91,6.13,29.08,284.5,1716.5,1461.67,3825.56,22.77,1142.64,0.03247,1562.0,224.21,0.0,0.0,0.0,0,0,0,0
2000-06-09,5.92,6.13,29.26,283.9,1728.3,1456.95,3874.84,22.1399,1168.83,0.03248,1564.0,224.99,0.0,0.0,0.0,0,0,0,0
2000-06-12,5.93,6.09,30.43,286.8,1712.3,1446.0,3767.9099,22.32,1114.24,0.03247,1566.0,224.58,0.0,0.0,0.0,0,0,0,0
2000-06-13,5.88,6.11,31.2,285.8,1737.5,1469.44,3851.06,21.67,1170.53,0.03247,1569.0,224.88,0.0,0.0,0.0,0,0,0,0
2000-06-14,5.82,6.06,31.17,291.5,1747.5,1470.54,3797.4099,21.48,1120.13,0.03245,1570.0,224.71,0.0,0.0,0.0,0,0,0,0
2000-06-15,5.84,6.05,30.95,289.8,1748.5,1478.6,3845.7399,20.68,1132.5,0.03244,1577.0,224.27,0.0,0.0,0.0,0,0,0,0
2000-06-16,5.83,5.99,30.02,289.1,1780.8,1464.46,3860.56,20.5,1158.3,0.03242,1586.0,223.51,0.0,0.0,0.0,0,0,0,0
2000-06-17,5.83,5.99,30.02,289.1,1780.8,1464.46,3860.56,20.5,1158.3,0.03242,1586.0,223.51,0.0,0.0,0.0,0,0,0,0
2000-06-19,5.84,6.0,29.64,285.8,1783.8,1486.0,3989.83,20.6299,1234.87,0.03242,1592.0,223.21,0.0,0.0,0.0,0,0,0,0
2000-06-20,5.79,6.03,30.65,286.2,1765.0,1475.95,4013.3601,20.8799,1264.74,0.03243,1599.0,224.32,0.0,0.0,0.0,0,0,0,0
2000-06-21,5.81,6.11,31.37,285.8,1777.5,1479.13,4064.01,20.61,1269.3,0.03245,1612.0,225.04,0.0,0.0,0.0,0,0,0,0
2000-06-22,5.84,6.12,32.19,285.5,1781.0,1452.18,3936.84,22.0,1210.31,0.03249,1620.0,227.08,0.0,0.0,0.0,0,0,0,0
2000-06-23,5.86,6.19,32.25,285.5,1756.0,1441.48,3845.34,22.34,1217.28,0.0325,1624.0,224.49,0.0,0.0,0.0,0,0,0,0
2000-06-26,5.82,6.11,31.63,283.6,1782.0,1455.25,3912.1201,22.45,1216.57,0.03247,1626.0,225.03,0.0,0.0,0.0,0,0,0,0
2000-06-27,5.83,6.1,32.06,286.0,1772.8,1450.55,3858.9599,21.7999,1172.95,0.03248,1625.0,226.02,0.0,0.0,0.0,0,0,0,0
2000-06-28,5.81,6.11,31.9,292.75,1786.8,1454.82,3940.34,20.29,1170.05,0.03246,1621.0,224.95,0.0,0.0,0.0,0,0,0,0
2000-06-29,5.85,6.04,32.72,289.15,1760.3,1442.39,3877.2299,19.7,1128.19,0.03246,1618.0,226.33,0.0,0.0,0.0,0,0,0,0
2000-06-30,5.88,6.03,32.5,290.15,1773.0,1454.6,3966.1101,19.54,1140.53,0.03247,1616.0,223.93,0.0,0.0,0.0,0,0,0,0
2000-07-03,6.0,6.0,32.5,290.1,1777.5,1469.32,3991.9299,19.83,1180.91,0.03245,1613.0,223.93,0.0,0.0,0.0,0,0,0,0
2000-07-04,6.0,6.0,32.5,290.1,1767.5,1469.32,3991.9299,19.83,1180.91,0.03244,1610.0,223.93,0.0,0.0,0.0,0,0,0,0
2000-07-05,5.99,5.99,29.6,286.5,1766.0,1446.23,3863.1,21.16,1070.81,0.03245,1607.0,219.39,0.0,0.0,0.0,0,0,0,0
2000-07-06,6.02,6.05,29.04,283.5,1745.0,1456.67,3960.57,20.94,1119.1,0.03243,1603.0,217.88,0.0,0.0,0.0,0,0,0,0
2000-07-07,6.04,6.01,29.18,283.38,1745.3,1478.9,4023.1999,19.2199,1160.42,0.03243,1601.0,219.33,0.0,0.0,0.0,0,0,0,0
2000-07-10,6.1,6.04,28.83,284.45,1763.3,1475.62,3980.29,20.33,1152.81,0.03242,1600.0,219.3,0.0,0.0,0.0,0,0,0,0
2000-07-11,6.1,6.06,29.06,282.45,1770.3,1480.88,3956.4199,20.11,1122.05,0.03242,1601.0,220.11,0.0,0.0,0.0,0,0,0,0
2000-07-12,6.17,6.09,29.64,280.5,1784.8,1492.92,4099.5898,20.03,1158.77,0.0324,1604.0,219.82,0.0,0.0,0.0,0,0,0,0
2000-07-13,6.18,6.01,30.41,280.25,1782.5,1495.84,4174.8598,20.03,1189.0,0.03238,1609.0,222.6,0.0,0.0,0.0,0,0,0,0
2000-07-14,6.17,6.1,30.43,281.3,1775.8,1509.98,4246.1801,19.32,1239.12,0.03239,1616.0,220.6,0.0,0.0,0.0,0,0,0,0
2000-07-15,6.17,6.1,30.43,281.3,1775.8,1509.98,4246.1801,19.32,1239.12,0.03239,1616.0,220.6,0.0,0.0,0.0,0,0,0,0
2000-07-17,6.15,6.17,29.76,283.45,1809.0,1510.49,4274.6699,19.45,1266.39,0.03235,1621.0,222.1,0.0,0.0,0.0,0,0,0,0
2000-07-18,6.16,6.16,30.64,282.5,1810.8,1493.74,4177.1699,19.75,1207.73,0.0323,1626.0,225.34,0.0,0.0,0.0,0,0,0,0
2000-07-19,6.18,6.16,30.35,279.6,1807.5,1481.96,4055.6298,19.65,1160.42,0.03224,1628.0,223.52,0.0,0.0,0.0,0,0,0,0
2000-07-20,6.18,6.01,29.77,280.4,1811.0,1495.47,4184.56,18.94,1146.14,0.03217,1629.0,223.37,0.0,0.0,0.0,0,0,0,0
2000-07-21,6.13,6.01,28.56,280.5,1842.0,1480.19,4094.4499,18.94,1082.51,0.03224,1628.0,222.16,0.0,0.0,0.0,0,0,0,0
2000-07-24,6.21,6.04,28.02,279.3,1854.5,1464.29,3981.57,19.92,1075.29,0.03221,1629.0,218.76,0.0,0.0,0.0,0,0,0,0
2000-07-25,6.2,6.04,27.95,279.3,1846.0,1474.47,4029.57,19.3899,1104.28,0.03219,1629.0,218.2,0.0,0.0,0.0,0,0,0,0
2000-07-26,6.18,6.04,27.81,279.7,1841.0,1452.42,3987.7199,19.67,1034.2,0.03219,1628.0,218.41,0.0,0.0,0.0,0,0,0,0
2000-07-27,6.22,6.02,28.02,278.6,1854.0,1449.62,3842.2299,19.6,949.9,0.0322,1628.0,219.05,0.0,0.0,0.0,0,0,0,0
2000-07-28,6.2,6.04,28.18,277.7,1854.0,1419.89,3663.0,20.84,957.28,0.03221,1634.0,219.59,0.0,0.0,0.0,0,0,0,0
2000-07-29,6.2,6.04,28.18,277.7,1854.0,1419.89,3663.0,20.84,957.28,0.03221,1634.0,219.59,0.0,0.0,0.0,0,0,0,0
2000-07-31,6.27,6.04,27.43,277.45,1858.5,1430.83,3766.9899,20.74,993.85,0.03219,1642.0,218.61,0.0,0.0,0.0,0,0,0,0
2000-08-01,6.25,6.0,27.58,276.9,1862.3,1438.1,3685.52,20.5499,955.83,0.03216,1645.0,218.67,0.0,0.0,0.0,0,0,0,0
2000-08-02,6.25,5.98,27.97,276.5,1864.5,1438.7,3658.4599,20.0,954.25,0.03217,1646.0,220.53,0.0,0.0,0.0,0,0,0,0
2000-08-03,6.23,5.95,28.32,273.4,1849.3,1452.56,3759.8798,19.99,950.59,0.03218,1648.0,219.34,0.0,0.0,0.0,0,0,0,0
2000-08-04,6.23,5.91,29.36,272.6,1846.5,1462.93,3787.3601,18.62,921.02,0.03218,1650.0,219.35,0.0,0.0,0.0,0,0,0,0
2000-08-05,6.23,5.91,29.36,272.6,1846.5,1462.93,3787.3601,18.62,921.02,0.03218,1650.0,219.35,0.0,0.0,0.0,0,0,0,0
2000-08-07,6.28,5.97,28.65,273.1,1853.5,1479.32,3862.9899,19.03,954.0,0.03216,1651.0,218.28,0.0,0.0,0.0,0,0,0,0
2000-08-08,6.26,5.93,28.87,272.8,1845.0,1482.81,3848.55,18.79,950.78,0.03217,1647.0,218.9,0.0,0.0,0.0,0,0,0,0
2000-08-09,6.25,5.81,29.95,271.6,1858.8,1472.87,3853.5,19.18,963.77,0.03217,1642.0,218.69,0.0,0.0,0.0,0,0,0,0
2000-08-10,6.25,5.76,30.87,275.1,1852.0,1460.25,3759.9899,19.19,942.65,0.03219,1641.0,219.52,0.0,0.0,0.0,0,0,0,0
2000-08-11,6.29,5.79,30.58,275.1,1843.1,1471.84,3789.4699,18.5499,953.69,0.03217,1640.0,220.02,0.0,0.0,0.0,0,0,0,0
2000-08-14,6.27,5.78,31.08,274.65,1857.5,1491.56,3849.6899,17.8799,1027.19,0.03217,1637.0,220.01,0.0,0.0,0.0,0,0,0,0
2000-08-15,6.28,5.81,30.96,274.65,1858.3,1484.43,3851.6599,17.98,1060.52,0.03216,1634.0,218.69,0.0,0.0,0.0,0,0,0,0
2000-08-16,6.27,5.83,30.98,277.15,1853.8,1479.85,3861.1999,18.02,1073.37,0.03216,1632.0,219.68,0.0,0.0,0.0,0,0,0,0
2000-08-17,6.27,5.81,31.33,277.35,1860.3,1496.07,3940.8701,17.48,1111.06,0.03217,1631.0,219.63,0.0,0.0,0.0,0,0,0,0
2000-08-18,6.27,5.78,31.56,276.8,1861.5,1491.72,3930.34,17.0499,1134.82,0.03217,1629.0,220.56,0.0,0.0,0.0,0,0,0,0
2000-08-19,6.27,5.78,31.56,276.8,1861.5,1491.72,3930.34,17.0499,1134.82,0.03217,1629.0,220.56,0.0,0.0,0.0,0,0,0,0
2000-08-21,6.3,5.79,31.98,275.1,1836.5,1499.48,3953.1499,17.35,1111.53,0.03219,1628.0,221.94,0.0,0.0,0.0,0,0,0,0
2000-08-22,6.28,5.78,31.22,273.5,1836.5,1498.13,3958.2099,17.4699,1124.19,0.03218,1628.0,221.94,0.0,0.0,0.0,0,0,0,0
2000-08-24,6.29,5.73,31.63,272.9,1850.0,1508.31,4053.28,17.04,1163.44,0.03219,1633.0,221.15,0.0,0.0,0.0,0,0,0,0
2000-08-25,6.31,5.73,32.03,274.1,1848.3,1506.46,4042.6799,16.53,1143.71,0.03218,1638.0,222.56,0.0,0.0,0.0,0,0,0,0
2000-08-28,6.32,5.78,32.87,274.0,1848.3,1514.09,4070.59,16.54,1134.44,0.03218,1638.0,223.79,0.0,0.0,0.0,0,0,0,0
2000-08-29,6.31,5.81,32.74,273.4,1884.0,1509.84,4082.1699,16.8899,1132.17,0.03219,1641.0,224.63,0.0,0.0,0.0,0,0,0,0
2000-08-30,6.32,5.81,33.32,273.9,1890.5,1502.59,4103.81,17.69,1118.31,0.03219,1645.0,225.34,0.0,0.0,0.0,0,0,0,0
2000-08-31,6.31,5.73,33.12,278.3,1895.0,1517.68,4206.35,16.84,1152.98,0.03219,1652.0,227.41,0.0,0.0,0.0,0,0,0,0
2000-09-01,6.27,5.68,32.42,277.0,1901.3,1520.77,4234.33,17.53,1142.57,0.03217,1661.0,228.45,0.0,0.0,0.0,0,0,0,0
2000-09-02,6.27,5.68,32.42,277.0,1901.3,1520.77,4234.33,17.53,1142.57,0.03217,1661.0,228.45,0.0,0.0,0.0,0,0,0,0
2000-09-04,6.27,5.68,33.38,277.0,1916.0,1520.77,4234.33,17.53,1142.57,0.03219,1666.0,228.45,0.0,0.0,0.0,0,0,0,0
2000-09-05,6.27,5.69,32.98,275.8,1929.5,1507.08,4143.1801,19.82,1121.75,0.03218,1671.0,229.75,0.0,0.0,0.0,0,0,0,0
2000-09-06,6.21,5.72,33.98,274.2,1927.5,1492.25,4013.34,20.79,1057.68,0.03218,1676.0,229.65,0.0,0.0,0.0,0,0,0,0
2000-09-07,6.2,5.76,34.54,274.0,1937.0,1502.51,4098.35,19.42,1094.5,0.03217,1689.0,230.21,0.0,0.0,0.0,0,0,0,0
2000-09-08,6.14,5.73,32.77,273.3,1960.0,1494.5,3978.4099,18.4599,1039.96,0.03217,1696.0,229.78,0.0,0.0,0.0,0,0,0,0
2000-09-11,6.11,5.77,34.22,273.1,1957.5,1487.85,3896.35,18.4,1030.27,0.03216,1701.0,229.78,0.0,0.0,0.0,0,0,0,0
2000-09-13,6.09,5.74,32.68,272.8,1998.5,1484.91,3893.8898,18.32,1006.98,0.03214,1708.0,229.78,0.0,0.0,0.0,0,0,0,0
2000-09-14,6.14,5.79,33.05,272.4,1996.0,1480.87,3913.8601,18.26,1004.87,0.03213,1711.0,228.84,0.0,0.0,0.0,0,0,0,0
2000-09-15,6.14,5.84,34.72,272.3,1987.0,1465.81,3835.2299,18.52,974.59,0.0321,1714.0,228.34,0.0,0.0,0.0,0,0,0,0
2000-09-16,6.14,5.84,34.72,272.3,1987.0,1465.81,3835.2299,18.52,974.59,0.0321,1714.0,228.34,0.0,0.0,0.0,0,0,0,0
2000-09-18,6.15,5.88,35.55,271.4,1970.3,1444.51,3726.52,20.25,951.25,0.03199,1719.0,229.0,0.0,0.0,0.0,0,0,0,0
2000-09-19,6.17,5.86,35.01,271.9,1970.0,1459.9,3865.6398,19.54,1028.47,0.03197,1725.0,228.26,0.0,0.0,0.0,0,0,0,0
2000-09-20,6.16,5.91,35.24,269.4,1948.5,1451.34,3897.4399,19.93,1030.83,0.03198,1732.0,226.98,0.0,0.0,0.0,0,0,0,0
2000-09-21,6.16,5.88,34.0,269.4,1966.0,1449.05,3828.8701,20.18,984.51,0.03199,1737.0,226.73,0.0,0.0,0.0,0,0,0,0
2000-09-22,6.16,5.85,32.68,271.8,1986.0,1448.72,3803.76,20.74,926.53,0.03195,1738.0,226.3,0.0,0.0,0.0,0,0,0,0
2000-09-25,6.18,5.84,31.51,274.1,1994.0,1439.03,3741.2199,21.41,880.36,0.03198,1740.0,226.08,0.0,0.0,0.0,0,0,0,0
2000-09-26,6.18,5.81,31.5,273.9,1969.8,1427.21,3689.1,21.8799,870.67,0.03196,1739.0,226.33,0.0,0.0,0.0,0,0,0,0
2000-09-27,6.2,5.83,31.46,278.4,1965.0,1426.57,3656.3,21.67,864.72,0.03196,1738.0,226.57,0.0,0.0,0.0,0,0,0,0
2000-09-28,6.25,5.82,30.34,275.6,1960.0,1458.28,3778.32,19.4699,901.54,0.03193,1737.0,225.39,0.0,0.0,0.0,0,0,0,0
2000-09-29,6.23,5.8,30.84,273.6,1977.0,1436.51,3672.82,20.57,851.57,0.03193,1739.0,226.57,0.0,0.0,0.0,0,0,0,0
2000-09-30,6.23,5.8,30.84,273.6,1977.0,1436.51,3672.82,20.57,851.57,0.03193,1739.0,226.57,0.0,0.0,0.0,0,0,0,0
2000-10-02,6.27,5.83,31.86,273.1,1946.0,1436.23,3568.8999,21.23,833.37,0.03193,1735.0,226.18,0.0,0.0,0.0,0,0,0,0
2000-10-03,6.24,5.87,31.85,271.6,1934.8,1426.46,3455.83,21.85,812.95,0.03194,1729.0,226.94,0.0,0.0,0.0,0,0,0,0
2000-10-04,6.24,5.9,31.24,270.65,1928.5,1434.32,3523.1,21.54,863.06,0.03193,1726.0,226.99,0.0,0.0,0.0,0,0,0,0
2000-10-05,6.25,5.87,30.54,270.6,1961.5,1436.28,3472.1,21.03,832.4,0.03193,1721.0,226.42,0.0,0.0,0.0,0,0,0,0
2000-10-06,6.24,5.82,30.91,269.7,1947.9,1408.99,3361.01,22.7099,799.39,0.03195,1721.0,226.02,0.0,0.0,0.0,0,0,0,0
2000-10-07,6.24,5.82,30.91,269.7,1947.9,1408.99,3361.01,22.7099,799.39,0.03195,1721.0,226.02,0.0,0.0,0.0,0,0,0,0
2000-10-09,6.24,5.82,31.85,270.0,1927.3,1402.03,3355.56,24.02,785.96,0.03195,1721.0,226.02,0.0,0.0,0.0,0,0,0,0
2000-10-11,6.23,5.77,33.24,270.5,1935.0,1364.59,3168.4899,26.57,706.51,0.03195,1718.0,231.66,0.0,0.0,0.0,0,0,0,0
2000-10-12,6.19,5.73,35.72,276.4,1914.3,1329.78,3074.6799,30.51,689.11,0.03195,1718.0,233.45,0.0,0.0,0.0,0,0,0,0
2000-10-13,6.19,5.73,34.13,272.4,1927.0,1374.17,3316.77,27.6,758.32,0.03133,1721.0,230.85,0.0,0.0,0.0,0,0,0,0
2000-10-16,6.28,5.74,32.39,271.5,1920.0,1374.62,3290.28,26.79,714.5,0.03126,1724.0,229.59,0.0,0.0,0.0,0,0,0,0
2000-10-17,6.3,5.68,32.42,271.1,1896.8,1349.97,3213.9599,27.84,648.09,0.031,1727.0,229.92,0.0,0.0,0.0,0,0,0,0
2000-10-18,6.3,5.66,32.47,270.3,1873.3,1342.13,3171.56,28.7199,647.3,0.03088,1732.0,228.77,0.0,0.0,0.0,0,0,0,0
2000-10-19,6.32,5.66,31.9,270.1,1883.3,1388.76,3418.6,25.09,758.74,0.03094,1736.0,226.98,0.0,0.0,0.0,0,0,0,0
2000-10-20,6.31,5.64,32.95,271.2,1864.5,1396.93,3483.1398,24.24,752.87,0.03111,1740.0,226.84,0.0,0.0,0.0,0,0,0,0
2000-10-21,6.31,5.64,32.95,271.2,1864.5,1396.93,3483.1398,24.24,752.87,0.03111,1740.0,226.84,0.0,0.0,0.0,0,0,0,0
2000-10-23,6.34,5.59,33.76,270.1,1864.3,1395.78,3468.6899,24.69,777.26,0.03118,1744.0,225.99,0.0,0.0,0.0,0,0,0,0
2000-10-24,6.35,5.63,33.37,270.2,1873.0,1398.13,3419.79,24.28,716.37,0.0312,1748.0,225.35,0.0,0.0,0.0,0,0,0,0
2000-10-25,6.39,5.67,32.96,270.2,1842.3,1364.9,3229.57,26.65,665.09,0.03118,1751.0,225.57,0.0,0.0,0.0,0,0,0,0
2000-10-26,6.36,5.69,33.71,266.4,1803.5,1364.44,3272.1799,28.62,705.97,0.03116,1754.0,220.6,0.0,0.0,0.0,0,0,0,0
2000-10-27,6.35,5.72,32.74,265.8,1825.0,1379.58,3278.3601,26.4699,685.6,0.03099,1754.0,219.26,0.0,0.0,0.0,0,0,0,0
2000-10-30,6.39,5.74,32.81,264.3,1817.5,1398.66,3191.3999,25.4599,703.03,0.0309,1758.0,218.38,0.0,0.0,0.0,0,0,0,0
2000-10-31,6.38,5.77,32.7,264.9,1840.0,1429.4,3369.6298,23.6299,741.83,0.03091,1759.0,219.28,0.0,0.0,0.0,0,0,0,0
2000-11-01,6.37,5.74,31.98,263.9,1810.0,1421.22,3333.3898,24.28,714.0,0.0309,1759.0,221.7,0.0,0.0,0.0,0,0,0,0
2000-11-02,6.37,5.74,31.28,264.4,1813.5,1428.32,3429.02,23.92,732.72,0.03099,1759.0,222.49,0.0,0.0,0.0,0,0,0,0
2000-11-03,6.38,5.83,31.55,264.65,1818.5,1426.69,3451.58,23.67,740.61,0.03106,1762.0,223.59,0.0,0.0,0.0,0,0,0,0
2000-11-04,6.38,5.83,31.55,264.65,1818.5,1426.69,3451.58,23.67,740.61,0.03106,1762.0,223.59,0.0,0.0,0.0,0,0,0,0
2000-11-06,6.42,5.87,31.69,264.5,1802.3,1432.19,3416.2099,24.52,745.77,0.0311,1761.0,223.98,0.0,0.0,0.0,0,0,0,0
2000-11-07,6.42,5.87,32.29,264.3,1790.0,1431.87,3415.79,24.91,715.58,0.03111,1759.0,225.51,0.0,0.0,0.0,0,0,0,0
2000-11-08,6.41,5.87,32.28,265.0,1800.5,1409.28,3231.6999,25.66,664.8,0.03113,1759.0,225.95,0.0,0.0,0.0,0,0,0,0
2000-11-09,6.4,5.82,32.98,265.8,1819.0,1400.14,3200.35,27.2,668.65,0.03119,1752.0,225.72,0.0,0.0,0.0,0,0,0,0
2000-11-10,6.37,5.82,33.06,264.5,1796.5,1365.98,3028.9899,28.53,624.2,0.03119,1747.0,225.44,0.0,0.0,0.0,0,0,0,0
2000-11-13,6.39,5.77,33.56,264.3,1768.5,1351.26,2966.7199,29.0599,651.22,0.03109,1742.0,224.26,0.0,0.0,0.0,0,0,0,0
2000-11-14,6.37,5.76,33.96,264.9,1785.5,1382.95,3138.27,26.8099,688.4,0.03109,1732.0,225.17,0.0,0.0,0.0,0,0,0,0
2000-11-15,6.38,5.72,34.99,265.1,1785.5,1390.04,3165.4899,26.15,715.0,0.03108,1723.0,226.83,0.0,0.0,0.0,0,0,0,0
2000-11-16,6.35,5.68,34.46,265.8,1773.0,1372.32,3031.8798,25.0499,675.05,0.03106,1716.0,225.99,0.0,0.0,0.0,0,0,0,0
2000-11-17,6.35,5.71,35.03,265.85,1779.8,1367.72,3027.1899,24.8099,671.54,0.03102,1711.0,227.53,0.0,0.0,0.0,0,0,0,0
2000-11-18,6.35,5.71,35.03,265.85,1779.8,1367.72,3027.1899,24.8099,671.54,0.03102,1711.0,227.53,0.0,0.0,0.0,0,0,0,0
2000-11-20,6.36,5.68,35.25,266.3,1770.8,1342.62,2875.6398,27.43,662.0,0.03082,1708.0,228.53,0.0,0.0,0.0,0,0,0,0
2000-11-21,6.36,5.67,35.16,265.7,1780.0,1347.35,2871.4499,26.62,630.66,0.03078,1701.0,228.15,0.0,0.0,0.0,0,0,0,0
2000-11-22,6.36,5.62,35.4,266.3,1767.5,1322.36,2755.34,27.7099,620.19,0.03042,1696.0,229.42,0.0,0.0,0.0,0,0,0,0
2000-11-23,6.36,5.62,35.4,266.3,1766.0,1322.36,2755.34,27.7099,620.19,0.03037,1693.0,229.42,0.0,0.0,0.0,0,0,0,0
2000-11-24,6.36,5.63,35.4,266.35,1787.3,1341.77,2904.3798,26.0,674.68,0.03042,1691.0,229.87,0.0,0.0,0.0,0,0,0,0
2000-11-27,6.33,5.64,35.38,269.95,1813.3,1348.97,2880.4899,26.93,628.08,0.03042,1688.0,230.65,0.0,0.0,0.0,0,0,0,0
2000-11-28,6.28,5.59,34.22,269.8,1828.5,1336.09,2734.9799,27.6399,577.12,0.03037,1683.0,229.04,0.0,0.0,0.0,0,0,0,0
2000-11-29,6.24,5.55,34.63,266.4,1828.8,1341.93,2706.9299,27.49,576.38,0.03034,1678.0,228.07,0.0,0.0,0.0,0,0,0,0
2000-11-30,6.21,5.48,33.82,266.4,1818.8,1314.95,2597.9299,29.65,536.99,0.03026,1672.0,229.79,0.0,0.0,0.0,0,0,0,0
2000-12-01,6.23,5.52,31.15,268.7,1829.0,1315.23,2645.29,27.48,538.35,0.03027,1664.0,228.66,0.0,0.0,0.0,0,0,0,0
2000-12-02,6.23,5.52,31.15,268.7,1829.0,1315.23,2645.29,27.48,538.35,0.03027,1664.0,228.66,0.0,0.0,0.0,0,0,0,0
2000-12-04,6.15,5.53,30.47,271.0,1835.8,1324.97,2615.75,27.78,551.48,0.03024,1657.0,231.84,0.0,0.0,0.0,0,0,0,0
2000-12-05,6.08,5.43,29.03,271.0,1853.0,1376.54,2889.8,24.99,607.41,0.03024,1647.0,229.57,0.0,0.0,0.0,0,0,0,0
2000-12-06,6.09,5.32,29.31,270.4,1856.3,1351.46,2796.5,25.07,580.09,0.03024,1639.0,232.05,0.0,0.0,0.0,0,0,0,0
2000-12-07,6.11,5.32,29.01,274.3,1872.5,1343.55,2752.6599,25.34,569.48,0.03027,1633.0,230.98,0.0,0.0,0.0,0,0,0,0
2000-12-08,6.09,5.35,28.09,272.2,1900.3,1369.89,2917.4299,22.41,638.34,0.03028,1621.0,230.6,0.0,0.0,0.0,0,0,0,0
2000-12-11,6.08,5.37,29.04,270.2,1911.0,1380.2,3015.1,23.51,682.77,0.03027,1614.0,232.36,0.0,0.0,0.0,0,0,0,0
2000-12-12,6.06,5.36,29.09,270.3,1881.5,1371.18,2931.77,24.8799,640.21,0.03022,1598.0,229.91,0.0,0.0,0.0,0,0,0,0
2000-12-13,6.06,5.29,28.12,268.6,1879.5,1359.99,2822.77,23.6299,598.72,0.03023,1587.0,227.32,0.0,0.0,0.0,0,0,0,0
2000-12-14,6.06,5.23,27.17,269.0,1888.5,1340.93,2728.51,24.86,592.58,0.03023,1587.0,226.02,0.0,0.0,0.0,0,0,0,0
2000-12-15,6.02,5.2,27.86,270.15,1886.0,1312.15,2653.27,26.5499,578.78,0.03023,1582.0,227.41,0.0,0.0,0.0,0,0,0,0
2000-12-16,6.02,5.2,27.86,270.15,1886.0,1312.15,2653.27,26.5499,578.78,0.03023,1582.0,227.41,0.0,0.0,0.0,0,0,0,0
2000-12-18,5.95,5.17,28.59,269.7,1854.8,1322.74,2624.52,27.7,582.15,0.03023,1584.0,228.5,0.0,0.0,0.0,0,0,0,0
2000-12-19,5.93,5.19,27.96,269.7,1856.0,1322.74,2511.7099,27.17,576.92,0.03023,1584.0,228.27,0.0,0.0,0.0,0,0,0,0
2000-12-20,5.82,5.08,25.77,272.5,1856.0,1264.74,2332.78,31.74,539.57,0.03019,1584.0,228.27,0.0,0.0,0.0,0,0,0,0
2000-12-21,5.38,5.03,25.98,273.7,1823.3,1274.86,2340.1201,29.66,535.4,0.03015,1596.0,228.56,0.0,0.0,0.0,0,0,0,0
2000-12-22,5.27,5.02,26.18,273.7,1826.8,1305.95,2517.02,27.5499,587.14,0.03014,1596.0,228.2,0.0,0.0,0.0,0,0,0,0
2000-12-26,5.85,5.04,26.64,274.1,1826.8,1315.19,2493.52,28.73,578.88,0.03014,1596.0,228.85,0.0,0.0,0.0,0,0,0,0
2000-12-27,5.75,5.11,26.47,275.2,1815.3,1328.92,2539.35,28.1399,603.65,0.03015,1600.0,228.9,0.0,0.0,0.0,0,0,0,0
2000-12-28,5.87,5.13,25.85,271.7,1818.0,1334.22,2557.76,26.57,603.23,0.03016,1599.0,226.46,0.0,0.0,0.0,0,0,0,0
2000-12-29,5.89,5.12,26.8,272.0,1803.0,1320.28,2470.52,26.85,576.61,0.03023,1599.0,227.83,0.0,0.0,0.0,0,0,0,0
2000-12-30,5.89,5.12,26.8,272.0,1803.0,1320.28,2470.52,26.85,576.61,0.03031,1599.0,227.83,0.0,0.0,0.0,0,0,0,0
2001-01-02,5.87,4.92,26.52,268.4,1746.3,1283.27,2291.8601,29.99,570.34,0.03036,1599.0,224.99,0.0,0.0,0.0,0,0,0,0
2001-01-03,5.69,5.14,27.27,268.4,1716.8,1347.56,2616.6899,26.6,670.23,0.03027,1596.0,225.9,0.0,0.0,0.0,0,0,0,0
2001-01-04,5.37,5.03,27.54,267.3,1750.5,1333.34,2566.83,26.9699,653.8,0.03035,1594.0,227.23,0.0,0.0,0.0,0,0,0,0
2001-01-05,5.12,4.93,27.16,268.15,1740.3,1298.35,2407.6499,28.67,617.49,0.03043,1591.0,228.56,0.0,0.0,0.0,0,0,0,0
2001-01-08,5.19,4.94,26.51,268.35,1775.0,1295.86,2395.9199,29.84,634.21,0.0305,1591.0,228.56,0.0,0.0,0.0,0,0,0,0
2001-01-09,5.24,4.98,26.7,267.75,1783.3,1300.8,2441.3,27.99,630.98,0.03059,1593.0,228.99,0.0,0.0,0.0,0,0,0,0
2001-01-10,5.29,5.1,28.21,266.3,1779.8,1313.27,2524.1799,26.7999,650.88,0.03061,1592.0,229.81,0.0,0.0,0.0,0,0,0,0
2001-01-11,5.31,5.14,28.22,264.8,1779.8,1326.82,2640.57,25.79,688.85,0.03064,1587.0,229.17,0.0,0.0,0.0,0,0,0,0
2001-01-12,5.33,5.25,28.76,263.9,1807.5,1318.55,2626.5,24.5599,670.73,0.03058,1582.0,229.54,0.0,0.0,0.0,0,0,0,0
2001-01-15,5.33,5.25,30.05,263.9,1800.8,1318.55,2626.5,24.5599,670.73,0.03058,1582.0,229.54,0.0,0.0,0.0,0,0,0,0
2001-01-16,5.38,5.24,28.5,263.3,1754.0,1326.65,2618.55,25.28,637.4,0.03059,1579.0,229.86,0.0,0.0,0.0,0,0,0,0
2001-01-17,5.36,5.19,27.8,263.55,1776.0,1329.47,2682.78,24.93,677.4,0.03065,1573.0,228.96,0.0,0.0,0.0,0,0,0,0
2001-01-18,5.28,5.12,28.67,263.55,1835.0,1347.97,2768.4899,23.37,726.09,0.03066,1567.0,229.79,0.0,0.0,0.0,0,0,0,0
2001-01-29,5.11,5.32,29.06,263.55,1781.5,1364.17,2838.34,22.61,715.45,0.03075,1523.0,225.46,0.0,0.0,0.0,0,0,0,0
2001-01-30,5.02,5.24,29.06,263.55,1791.0,1373.73,2838.35,22.57,728.57,0.03083,1514.0,225.5,0.0,0.0,0.0,0,0,0,0
2001-01-31,4.99,5.19,28.66,263.55,1799.8,1366.01,2772.7299,22.02,732.19,0.03087,1504.0,224.12,0.0,0.0,0.0,0,0,0,0
2001-02-01,5.0,5.1,29.06,263.55,1804.8,1373.47,2782.79,21.66,727.41,0.0309,1493.0,226.92,0.0,0.0,0.0,0,0,0,0
2001-02-02,5.06,5.17,30.39,267.1,1795.0,1349.47,2660.5,21.95,687.8,0.03093,1488.0,228.09,0.0,0.0,0.0,0,0,0,0
2001-02-05,5.06,5.18,29.87,265.2,1786.0,1354.31,2643.2099,22.19,659.06,0.03095,1480.0,225.45,0.0,0.0,0.0,0,0,0,0
2001-02-06,5.07,5.22,29.75,263.3,1774.0,1352.26,2664.4899,21.98,663.09,0.03097,1472.0,225.93,0.0,0.0,0.0,0,0,0,0
2001-02-07,5.07,5.1,30.98,262.8,1778.0,1340.89,2607.82,21.67,636.46,0.03097,1461.0,226.18,0.0,0.0,0.0,0,0,0,0
2001-02-08,5.08,5.1,31.31,262.8,1779.5,1332.53,2562.06,21.4599,628.45,0.03097,1455.0,224.8,0.0,0.0,0.0,0,0,0,0
2001-02-09,5.06,5.03,30.74,259.9,1763.5,1314.76,2470.9699,22.03,623.98,0.03098,1449.0,224.31,0.0,0.0,0.0,0,0,0,0
2001-02-12,5.04,5.05,30.21,260.7,1761.0,1330.31,2489.6599,21.92,641.3,0.03094,1445.0,223.26,0.0,0.0,0.0,0,0,0,0
2001-02-13,5.05,5.07,30.23,260.3,1778.3,1318.8,2427.7199,21.37,628.89,0.03093,1445.0,224.34,0.0,0.0,0.0,0,0,0,0
2001-02-14,5.07,5.13,29.59,259.4,1765.3,1315.92,2491.3999,21.52,678.07,0.03088,1446.0,223.44,0.0,0.0,0.0,0,0,0,0
2001-02-15,5.08,5.19,28.71,255.1,1784.5,1326.61,2552.9099,20.27,711.57,0.03092,1453.0,222.44,0.0,0.0,0.0,0,0,0,0
2001-02-16,5.02,5.11,29.0,258.2,1777.0,1301.53,2425.3798,22.12,661.39,0.03096,1461.0,222.93,0.0,0.0,0.0,0,0,0,0
2001-02-19,5.02,5.11,29.16,259.8,1762.8,1301.53,2425.3798,22.12,661.39,0.03097,1469.0,222.93,0.0,0.0,0.0,0,0,0,0
2001-02-20,5.04,5.11,28.81,256.25,1761.5,1278.94,2318.35,24.69,612.11,0.03099,1477.0,222.25,0.0,0.0,0.0,0,0,0,0
2001-02-21,5.02,5.14,28.53,258.2,1742.5,1255.27,2268.9399,25.75,613.18,0.03097,1488.0,221.36,0.0,0.0,0.0,0,0,0,0
2001-02-22,5.01,5.15,28.82,258.5,1735.0,1252.82,2244.9599,26.76,605.7,0.03091,1501.0,220.61,0.0,0.0,0.0,0,0,0,0
2001-02-23,4.89,5.1,29.04,260.9,1728.0,1245.86,2262.51,27.2099,608.34,0.03091,1510.0,220.97,0.0,0.0,0.0,0,0,0,0
2001-02-26,4.81,5.05,28.42,267.4,1749.8,1267.65,2308.5,25.43,599.85,0.03092,1522.0,219.7,0.0,0.0,0.0,0,0,0,0
2001-02-27,4.82,4.96,28.13,267.4,1747.3,1257.94,2207.82,26.49,569.22,0.03092,1522.0,220.23,0.0,0.0,0.0,0,0,0,0
2001-03-01,4.84,4.87,27.68,265.2,1786.5,1241.23,2183.3701,28.08,570.76,0.03092,1538.0,222.51,0.0,0.0,0.0,0,0,0,0
2001-03-02,4.84,4.95,27.91,262.1,1793.0,1234.18,2117.6298,27.43,582.2,0.0309,1537.0,223.56,0.0,0.0,0.0,0,0,0,0
2001-03-05,4.82,4.98,28.59,262.5,1820.3,1241.41,2142.9199,27.12,612.34,0.03089,1537.0,224.53,0.0,0.0,0.0,0,0,0,0
2001-03-06,4.79,4.99,28.37,261.2,1824.5,1253.8,2204.4299,25.8899,646.26,0.0309,1527.0,223.97,0.0,0.0,0.0,0,0,0,0
2001-03-07,4.69,4.92,29.16,261.4,1804.0,1261.89,2223.9199,24.12,642.6,0.03089,1520.0,224.59,0.0,0.0,0.0,0,0,0,0
2001-03-08,4.68,4.89,28.62,265.4,1779.5,1264.74,2168.7299,24.29,639.1,0.03088,1511.0,223.43,0.0,0.0,0.0,0,0,0,0
2001-03-09,4.72,4.95,28.28,270.8,1790.3,1233.42,2052.78,25.62,593.44,0.03086,1500.0,222.29,0.0,0.0,0.0,0,0,0,0
2001-03-12,4.66,4.92,28.26,272.3,1777.3,1180.16,1923.38,30.32,576.38,0.03079,1496.0,221.79,0.0,0.0,0.0,0,0,0,0
2001-03-13,4.66,4.95,27.83,266.8,1763.5,1197.66,2014.78,27.5499,612.51,0.03076,1493.0,220.62,0.0,0.0,0.0,0,0,0,0
2001-03-14,4.54,4.84,26.62,262.5,1748.3,1166.71,1972.0899,29.61,609.16,0.03075,1497.0,218.09,0.0,0.0,0.0,0,0,0,0
2001-03-15,4.52,4.81,26.82,260.0,1747.3,1173.56,1940.7099,28.5599,571.41,0.03072,1502.0,215.76,0.0,0.0,0.0,0,0,0,0
2001-03-16,4.54,4.78,26.92,260.0,1729.0,1150.53,1890.91,29.91,541.26,0.0306,1506.0,215.11,0.0,0.0,0.0,0,0,0,0
2001-03-19,4.53,4.82,26.46,259.8,1711.5,1170.81,1951.18,29.78,577.76,0.03051,1508.0,214.26,0.0,0.0,0.0,0,0,0,0
2001-03-20,4.49,4.78,26.12,260.5,1724.8,1142.62,1857.4399,30.9599,542.05,0.03051,1508.0,212.83,0.0,0.0,0.0,0,0,0,0
2001-03-21,4.31,4.77,26.8,261.9,1710.0,1122.14,1830.2299,31.93,558.02,0.03051,1508.0,213.82,0.0,0.0,0.0,0,0,0,0
2001-03-22,4.26,4.73,26.54,261.1,1694.0,1117.58,1897.6999,32.84,626.39,0.03043,1505.0,213.08,0.0,0.0,0.0,0,0,0,0
2001-03-23,4.29,4.8,27.3,262.3,1701.0,1139.83,1928.68,30.45,642.09,0.03051,1502.0,214.47,0.0,0.0,0.0,0,0,0,0
2001-03-26,4.29,4.85,27.48,261.9,1694.5,1152.69,1918.4899,29.04,618.47,0.03058,1496.0,216.48,0.0,0.0,0.0,0,0,0,0
2001-03-27,4.35,5.0,27.75,261.0,1709.5,1182.17,1972.2299,27.04,622.29,0.0306,1486.0,217.57,0.0,0.0,0.0,0,0,0,0
2001-03-28,4.34,4.97,26.31,261.0,1685.5,1153.29,1854.13,28.58,579.01,0.03061,1468.0,214.71,0.0,0.0,0.0,0,0,0,0
2001-03-29,4.32,4.98,26.32,258.8,1677.0,1147.95,1820.5699,29.17,570.0,0.03053,1452.0,213.55,0.0,0.0,0.0,0,0,0,0
2001-03-30,4.3,4.93,26.29,257.9,1660.3,1160.33,1840.26,28.6399,545.04,0.03045,1438.0,210.27,0.0,0.0,0.0,0,0,0,0
2001-04-02,4.22,4.98,25.87,255.6,1656.5,1145.87,1782.9699,31.2099,503.17,0.03036,1430.0,209.42,0.0,0.0,0.0,0,0,0,0
2001-04-03,4.15,4.94,26.39,256.8,1649.3,1106.46,1673.0,34.72,490.66,0.0304,1424.0,210.63,0.0,0.0,0.0,0,0,0,0
2001-04-04,4.1,4.94,27.27,258.4,1667.0,1103.25,1638.8,34.07,463.49,0.03032,1423.0,212.45,0.0,0.0,0.0,0,0,0,0
2001-04-06,3.94,4.89,27.38,260.0,1637.0,1128.43,1720.3599,31.69,487.53,0.03036,1427.0,212.56,0.0,0.0,0.0,0,0,0,0
2001-04-09,3.93,4.93,27.59,258.3,1652.3,1137.59,1745.7099,31.91,475.22,0.03036,1427.0,212.4,0.0,0.0,0.0,0,0,0,0
2001-04-10,3.94,5.09,28.68,257.3,1673.0,1168.38,1852.03,29.44,520.12,0.03037,1428.0,213.57,0.0,0.0,0.0,0,0,0,0
2001-04-11,4.08,5.12,28.49,257.7,1670.0,1165.89,1898.9499,28.4599,564.29,0.03038,1428.0,327.73,0.0,0.0,0.0,0,0,0,0
2001-04-12,4.01,5.17,28.59,260.1,1672.3,1183.5,1961.43,26.12,597.92,0.03039,1429.0,214.35,0.0,0.0,0.0,0,0,0,0
2001-04-13,4.01,5.17,28.25,260.1,1672.3,1183.5,1961.43,26.12,597.92,0.03039,1429.0,214.35,0.0,0.0,0.0,0,0,0,0
2001-04-16,4.15,5.28,29.19,263.3,1672.3,1179.68,1909.5699,26.33,576.73,0.03037,1429.0,216.31,0.0,0.0,0.0,0,0,0,0
2001-04-17,4.12,5.21,28.82,261.1,1662.0,1191.53,1923.2199,25.61,573.82,0.03037,1429.0,214.93,0.0,0.0,0.0,0,0,0,0
2001-04-18,3.91,5.14,28.55,261.3,1701.8,1238.16,2079.4399,24.1299,640.94,0.03038,1432.0,214.98,0.0,0.0,0.0,0,0,0,0
2001-04-19,3.87,5.27,28.2,265.3,1676.3,1253.69,2182.1398,24.16,685.16,0.0304,1441.0,214.44,0.0,0.0,0.0,0,0,0,0
2001-04-20,3.77,5.29,27.58,264.8,1687.0,1242.98,2163.4099,25.3799,669.5,0.0304,1453.0,213.84,0.0,0.0,0.0,0,0,0,0
2001-04-23,3.75,5.2,27.61,263.1,1657.0,1224.36,2059.32,28.16,630.82,0.0304,1462.0,213.44,0.0,0.0,0.0,0,0,0,0
2001-04-24,3.8,5.22,26.82,264.1,1655.0,1209.47,2016.6099,28.49,615.27,0.03041,1460.0,213.16,0.0,0.0,0.0,0,0,0,0
2001-04-25,3.84,5.28,27.29,262.4,1670.3,1228.75,2059.8,27.4,634.82,0.03039,1462.0,212.84,0.0,0.0,0.0,0,0,0,0
2001-04-26,3.83,5.2,28.44,264.4,1667.5,1234.52,2034.88,25.9599,611.66,0.03038,1463.0,214.34,0.0,0.0,0.0,0,0,0,0
2001-04-27,3.85,5.34,28.27,263.9,1659.5,1253.05,2075.6799,24.02,642.6,0.03037,1461.0,213.7,0.0,0.0,0.0,0,0,0,0
2001-04-30,3.95,5.35,28.46,264.0,1659.5,1249.46,2116.2399,25.48,662.66,0.03038,1459.0,214.5,0.0,0.0,0.0,0,0,0,0
2001-05-02,3.89,5.31,28.39,265.4,1707.3,1267.43,2220.6,24.23,670.65,0.0304,1453.0,215.43,0.0,0.0,0.0,0,0,0,0
2001-05-03,3.84,5.22,28.99,266.3,1710.8,1248.58,2146.1999,25.78,647.07,0.0304,1454.0,216.7,0.0,0.0,0.0,0,0,0,0
2001-05-04,3.74,5.21,28.96,266.1,1690.5,1266.61,2191.53,23.91,639.53,0.03041,1456.0,215.93,0.0,0.0,0.0,0,0,0,0
2001-05-07,3.74,5.21,28.54,266.1,1690.5,1263.51,2173.57,24.86,631.05,0.03041,1456.0,214.62,0.0,0.0,0.0,0,0,0,0
2001-05-08,3.7,5.24,28.37,266.1,1670.0,1261.2,2198.77,24.44,640.73,0.03042,1456.0,214.6,0.0,0.0,0.0,0,0,0,0
2001-05-09,3.72,5.2,28.94,265.1,1652.0,1255.54,2156.6298,24.35,618.84,0.03041,1465.0,214.56,0.0,0.0,0.0,0,0,0,0
2001-05-10,3.74,5.31,29.1,269.1,1654.0,1255.18,2128.8601,24.0,619.04,0.03041,1472.0,214.88,0.0,0.0,0.0,0,0,0,0
2001-05-11,3.78,5.51,29.08,267.9,1661.3,1245.67,2107.4299,23.54,616.78,0.03041,1478.0,213.9,0.0,0.0,0.0,0,0,0,0
2001-05-14,3.71,5.46,29.13,268.3,1639.0,1248.92,2081.9199,24.26,602.24,0.03041,1481.0,214.82,0.0,0.0,0.0,0,0,0,0
2001-05-15,3.63,5.5,29.35,268.5,1648.0,1249.44,2085.58,23.7099,603.55,0.03037,1479.0,216.0,0.0,0.0,0.0,0,0,0,0
2001-05-16,3.57,5.48,29.16,268.5,1653.5,1284.99,2166.4399,21.8899,642.59,0.03034,1473.0,215.66,0.0,0.0,0.0,0,0,0,0
2001-05-17,3.57,5.46,29.21,274.0,1668.0,1288.49,2193.6799,21.4699,655.17,0.03035,1466.0,216.16,0.0,0.0,0.0,0,0,0,0
2001-05-18,3.61,5.41,30.34,274.0,1697.0,1291.96,2198.8798,21.23,657.43,0.03035,1461.0,218.48,0.0,0.0,0.0,0,0,0,0
2001-05-21,3.65,5.41,30.26,285.8,1734.3,1312.83,2305.59,20.76,706.15,0.02989,1452.0,217.28,0.0,0.0,0.0,0,0,0,0
2001-05-22,3.64,5.42,30.0,285.5,1715.0,1309.38,2313.85,21.35,694.74,0.02989,1442.0,216.19,0.0,0.0,0.0,0,0,0,0
2001-05-23,3.64,5.41,29.58,284.0,1711.3,1289.05,2243.4799,22.08,660.14,0.02991,1433.0,215.48,0.0,0.0,0.0,0,0,0,0
2001-05-24,3.7,5.52,28.41,279.4,1732.5,1293.17,2282.02,20.57,658.77,0.02989,1423.0,214.76,0.0,0.0,0.0,0,0,0,0
2001-05-25,3.66,5.52,28.38,287.2,1722.5,1277.89,2251.03,20.6,654.64,0.02986,1416.0,212.4,0.0,0.0,0.0,0,0,0,0
2001-05-28,3.66,5.52,28.38,287.2,1722.5,1277.89,2251.03,20.6,654.64,0.02899,1416.0,212.4,0.0,0.0,0.0,0,0,0,0
2001-05-29,3.71,5.54,28.66,273.9,1694.8,1267.93,2175.54,22.1399,623.25,0.02935,1408.0,210.52,0.0,0.0,0.0,0,0,0,0
2001-05-30,3.68,5.54,28.55,265.7,1685.8,1248.08,2084.5,22.76,585.61,0.0294,1400.0,209.77,0.0,0.0,0.0,0,0,0,0
2001-05-31,3.63,5.43,28.37,265.7,1656.0,1255.82,2110.4899,22.6399,598.71,0.02944,1389.0,209.0,0.0,0.0,0.0,0,0,0,0
2001-06-01,3.67,5.39,28.17,266.4,1654.5,1260.67,2149.4399,21.59,617.6,0.02938,1382.0,210.71,0.0,0.0,0.0,0,0,0,0
2001-06-04,3.68,5.35,28.41,264.9,1649.8,1267.11,2155.9299,21.3799,606.98,0.02936,1372.0,210.34,0.0,0.0,0.0,0,0,0,0
2001-06-05,3.63,5.29,28.58,265.7,1672.0,1283.57,2233.6599,19.58,647.9,0.02937,1366.0,210.21,0.0,0.0,0.0,0,0,0,0
2001-06-06,3.62,5.27,28.09,265.7,1668.1,1270.03,2217.7299,20.3899,647.33,0.02936,1360.0,209.76,0.0,0.0,0.0,0,0,0,0
2001-06-07,3.63,5.33,28.14,266.0,1655.5,1276.96,2264.0,19.67,697.03,0.02936,1356.0,209.13,0.0,0.0,0.0,0,0,0,0
2001-06-08,3.64,5.38,28.63,266.0,1629.0,1264.96,2215.1,19.92,675.7,0.02937,1356.0,211.17,0.0,0.0,0.0,0,0,0,0
2001-06-11,3.6,5.32,29.19,267.9,1620.0,1254.39,2170.78,20.7,653.0,0.02937,1355.0,211.11,0.0,0.0,0.0,0,0,0,0
2001-06-12,3.56,5.27,29.39,271.5,1601.8,1255.85,2169.9499,20.7,653.99,0.02936,1358.0,211.98,0.0,0.0,0.0,0,0,0,0
2001-06-13,3.55,5.28,29.16,272.0,1601.0,1241.6,2121.6599,21.45,638.52,0.02909,1366.0,211.54,0.0,0.0,0.0,0,0,0,0
2001-06-14,3.56,5.26,29.2,275.3,1613.8,1219.87,2044.0699,23.12,603.57,0.02907,1373.0,211.62,0.0,0.0,0.0,0,0,0,0
2001-06-15,3.52,5.27,28.62,271.2,1592.8,1214.36,2028.43,22.8099,608.92,0.0291,1380.0,209.06,0.0,0.0,0.0,0,0,0,0
2001-06-18,3.52,5.27,27.67,272.4,1592.8,1208.43,1988.63,23.17,600.19,0.02909,1386.0,208.99,0.0,0.0,0.0,0,0,0,0
2001-06-19,3.51,5.26,27.64,273.4,1610.0,1212.58,1992.66,22.34,587.83,0.02907,1387.0,208.47,0.0,0.0,0.0,0,0,0,0
2001-06-20,3.49,5.24,26.48,272.4,1590.5,1223.14,2031.2399,21.7099,584.97,0.02907,1390.0,205.1,0.0,0.0,0.0,0,0,0,0
2001-06-21,3.51,5.22,26.56,272.6,1593.5,1237.04,2058.76,19.3799,583.85,0.02902,1391.0,206.54,0.0,0.0,0.0,0,0,0,0
2001-06-22,3.45,5.14,26.83,274.41,1598.0,1225.35,2034.8399,20.02,586.31,0.02904,1393.0,205.38,0.0,0.0,0.0,0,0,0,0
2001-06-26,3.46,5.24,26.98,276.2,1582.3,1216.76,2064.6201,21.2,606.52,0.02906,1394.0,205.77,0.0,0.0,0.0,0,0,0,0
2001-06-27,3.52,5.26,25.61,272.1,1593.5,1211.07,2074.7399,20.8799,595.96,0.02902,1393.0,203.92,0.0,0.0,0.0,0,0,0,0
2001-06-28,3.64,5.35,25.56,269.3,1566.8,1226.2,2125.4599,20.01,617.75,0.02901,1391.0,204.07,0.0,0.0,0.0,0,0,0,0
2001-06-29,3.65,5.42,26.25,269.3,1550.5,1224.38,2160.54,19.0599,624.09,0.02904,1386.0,205.56,0.0,0.0,0.0,0,0,0,0
2001-07-02,3.67,5.37,25.83,269.4,1570.8,1236.72,2148.7199,18.76,635.88,0.02905,1380.0,204.77,0.0,0.0,0.0,0,0,0,0
2001-07-03,3.66,5.41,26.07,267.6,1569.0,1234.45,2140.8,18.92,639.49,0.02907,1375.0,204.64,0.0,0.0,0.0,0,0,0,0
2001-07-04,3.66,5.41,26.24,267.6,1556.3,1234.45,2140.8,18.92,639.49,0.02905,1360.0,204.64,0.0,0.0,0.0,0,0,0,0
2001-07-05,3.65,5.44,26.65,265.1,1546.5,1219.24,2080.1101,20.09,619.7,0.02901,1347.0,205.58,0.0,0.0,0.0,0,0,0,0
2001-07-06,3.63,5.41,27.69,265.9,1552.5,1190.59,2004.16,21.6299,566.51,0.02901,1331.0,207.07,0.0,0.0,0.0,0,0,0,0
2001-07-09,3.65,5.37,27.19,266.65,1548.8,1198.78,2026.7099,22.48,563.8,0.02895,1320.0,206.47,0.0,0.0,0.0,0,0,0,0
2001-07-10,3.63,5.32,27.08,266.45,1555.3,1181.52,1962.79,23.25,542.41,0.02886,1303.0,206.55,0.0,0.0,0.0,0,0,0,0
2001-07-11,3.58,5.31,26.69,268.3,1556.6,1180.18,1972.04,24.01,557.97,0.02853,1286.0,207.69,0.0,0.0,0.0,0,0,0,0
2001-07-12,3.6,5.27,26.45,266.6,1543.0,1208.14,2075.7399,22.09,605.93,0.02859,1274.0,208.92,0.0,0.0,0.0,0,0,0,0
2001-07-13,3.62,5.27,26.14,267.1,1542.3,1215.68,2084.79,21.1399,593.93,0.02859,1256.0,207.31,0.0,0.0,0.0,0,0,0,0
2001-07-16,3.64,5.21,25.91,266.9,1544.3,1202.45,2029.1199,22.91,558.07,0.02857,1233.0,205.45,0.0,0.0,0.0,0,0,0,0
2001-07-17,3.61,5.22,25.59,268.1,1565.0,1214.44,2067.32,22.61,582.27,0.02853,1213.0,206.13,0.0,0.0,0.0,0,0,0,0
2001-07-18,3.54,5.12,24.93,270.4,1545.0,1207.71,2016.17,23.6,562.77,0.02855,1190.0,204.73,0.0,0.0,0.0,0,0,0,0
2001-07-19,3.55,5.13,24.78,269.4,1514.8,1215.02,2046.5899,22.51,590.19,0.02856,1168.0,203.83,0.0,0.0,0.0,0,0,0,0
2001-07-20,3.53,5.15,25.94,269.9,1518.8,1210.85,2029.3699,22.34,574.3,0.0286,1148.0,202.84,0.0,0.0,0.0,0,0,0,0
2001-07-23,3.56,5.13,26.12,268.8,1484.5,1191.03,1988.56,23.74,557.75,0.02866,1138.0,202.42,0.0,0.0,0.0,0,0,0,0
2001-07-24,3.56,5.13,26.31,269.7,1491.0,1171.65,1959.2399,25.24,548.34,0.02867,1132.0,202.76,0.0,0.0,0.0,0,0,0,0
2001-07-25,3.56,5.2,26.84,267.7,1469.5,1190.49,1984.3199,24.0,553.34,0.02869,1117.0,204.57,0.0,0.0,0.0,0,0,0,0
2001-07-26,3.56,5.19,26.73,266.2,1485.3,1202.93,2022.9599,23.01,588.12,0.02875,1102.0,203.72,0.0,0.0,0.0,0,0,0,0
2001-07-27,3.55,5.13,27.02,267.4,1478.0,1205.82,2029.0699,22.0,601.67,0.02876,1084.0,203.7,0.0,0.0,0.0,0,0,0,0
2001-07-31,3.54,5.07,26.35,264.6,1478.5,1211.23,2027.13,21.62,605.88,0.02877,1049.0,202.7,0.0,0.0,0.0,0,0,0,0
2001-08-01,3.53,5.11,26.13,267.4,1479.5,1215.93,2068.3798,20.5599,636.54,0.02879,1037.0,201.28,0.0,0.0,0.0,0,0,0,0
2001-08-02,3.53,5.17,27.04,267.4,1488.5,1220.75,2087.3798,20.09,656.62,0.02882,1023.0,201.07,0.0,0.0,0.0,0,0,0,0
2001-08-03,3.52,5.2,27.0,267.4,1468.5,1214.35,2066.33,19.8899,641.06,0.02884,1021.0,200.23,0.0,0.0,0.0,0,0,0,0
2001-08-06,3.52,5.19,27.13,267.1,1461.0,1200.48,2034.26,21.8899,631.55,0.02886,1014.0,200.59,0.0,0.0,0.0,0,0,0,0
2001-08-07,3.52,5.2,27.35,267.2,1455.3,1204.4,2027.79,21.01,614.91,0.02885,1007.0,200.16,0.0,0.0,0.0,0,0,0,0
2001-08-08,3.49,4.99,26.96,267.9,1442.4,1183.53,1966.3599,22.32,584.74,0.02886,1001.0,200.2,0.0,0.0,0.0,0,0,0,0
2001-08-09,3.45,5.04,27.04,273.6,1437.8,1183.43,1963.3199,21.75,585.89,0.02885,992.0,200.74,0.0,0.0,0.0,0,0,0,0
2001-08-10,3.43,4.99,27.32,274.25,1438.4,1190.16,1956.4699,20.5499,593.05,0.02888,982.0,200.79,0.0,0.0,0.0,0,0,0,0
2001-08-13,3.45,4.97,27.21,275.7,1433.8,1191.29,1982.25,20.42,603.47,0.0289,975.0,201.75,0.0,0.0,0.0,0,0,0,0
2001-08-14,3.43,4.97,27.27,276.3,1445.3,1186.73,1964.53,20.48,594.0,0.02892,971.0,201.75,0.0,0.0,0.0,0,0,0,0
2001-08-15,3.43,5.0,26.74,275.7,1435.5,1178.02,1918.89,20.91,572.92,0.02893,963.0,201.62,0.0,0.0,0.0,0,0,0,0
2001-08-16,3.39,4.95,26.49,275.2,1459.3,1181.66,1930.3199,21.54,583.03,0.02897,967.0,200.83,0.0,0.0,0.0,0,0,0,0
2001-08-17,3.36,4.84,25.61,279.3,1487.8,1161.97,1867.01,23.84,555.54,0.02895,978.0,201.42,0.0,0.0,0.0,0,0,0,0
2001-08-20,3.42,4.91,26.19,276.1,1482.8,1171.41,1881.3499,22.87,561.11,0.0289,979.0,199.03,0.0,0.0,0.0,0,0,0,0
2001-08-21,3.39,4.87,26.72,275.0,1466.0,1157.26,1831.3,24.4,537.03,0.02891,976.0,199.78,0.0,0.0,0.0,0,0,0,0
2001-08-22,3.38,4.91,26.37,274.9,1477.3,1165.31,1860.01,22.44,564.75,0.0289,973.0,199.03,0.0,0.0,0.0,0,0,0,0
2001-08-23,3.4,4.89,26.63,275.3,1494.0,1162.09,1842.9699,22.23,560.37,0.02888,968.0,200.34,0.0,0.0,0.0,0,0,0,0
2001-08-24,3.42,4.93,26.9,272.5,1493.3,1184.93,1916.8,19.7099,594.91,0.02888,961.0,199.55,0.0,0.0,0.0,0,0,0,0
2001-08-27,3.45,4.94,26.67,272.6,1493.3,1179.21,1912.41,20.5599,606.42,0.02889,961.0,199.22,0.0,0.0,0.0,0,0,0,0
2001-08-28,3.41,4.85,27.17,271.9,1496.5,1161.51,1864.9799,22.0,589.19,0.0289,955.0,198.79,0.0,0.0,0.0,0,0,0,0
2001-08-29,3.42,4.78,27.05,273.7,1502.3,1148.56,1843.17,23.03,569.82,0.02891,949.0,198.93,0.0,0.0,0.0,0,0,0,0
2001-08-30,3.36,4.79,26.55,275.4,1479.8,1129.03,1791.68,25.41,559.35,0.02892,939.0,197.09,0.0,0.0,0.0,0,0,0,0
2001-08-31,3.37,4.85,27.2,274.4,1477.0,1133.58,1805.43,24.92,562.72,0.02894,927.0,199.63,0.0,0.0,0.0,0,0,0,0
2001-09-03,3.37,4.85,27.2,274.4,1447.5,1133.58,1805.43,24.92,562.72,0.02895,918.0,199.63,0.0,0.0,0.0,0,0,0,0
2001-09-04,3.44,4.99,27.07,271.6,1460.0,1132.94,1770.78,25.85,543.66,0.02895,910.0,198.71,0.0,0.0,0.0,0,0,0,0
2001-09-05,3.41,4.97,27.13,272.15,1458.8,1131.74,1759.01,26.35,534.56,0.02892,903.0,198.75,0.0,0.0,0.0,0,0,0,0
2001-09-06,3.34,4.86,27.67,273.0,1434.0,1106.4,1705.64,28.61,511.55,0.02889,898.0,197.94,0.0,0.0,0.0,0,0,0,0
2001-09-07,3.27,4.8,28.19,273.1,1423.0,1085.78,1687.6999,30.99,513.91,0.02886,899.0,198.5,0.0,0.0,0.0,0,0,0,0
2001-09-10,3.26,4.84,27.85,271.85,1422.0,1092.54,1695.38,31.84,509.15,0.02886,902.0,197.62,0.0,0.0,0.0,0,0,0,1
2001-09-11,3.26,4.84,27.63,281.75,1447.5,1092.54,1695.37,31.84,509.15,0.02883,908.0,197.62,0.0,0.0,0.0,0,0,0,1
2001-09-13,2.74,4.64,27.63,281.75,1417.5,1092.54,1695.37,31.84,509.15,0.02892,924.0,197.62,0.0,0.0,0.0,0,0,0,1
2001-09-14,2.64,4.57,27.63,281.75,1417.5,1092.54,1695.37,31.84,509.15,0.02892,924.0,197.62,0.0,0.0,0.0,0,0,0,1
2001-09-19,2.19,4.69,27.11,291.5,1410.0,1016.1,1527.8,40.56,418.79,0.02893,924.0,195.63,0.0,0.0,0.0,0,0,0,1
2001-09-20,2.22,4.75,26.73,289.0,1407.5,984.54,1470.93,43.74,392.98,0.02892,924.0,195.33,0.0,0.0,0.0,0,0,0,1
2001-09-21,2.25,4.7,25.97,291.9,1427.5,965.8,1423.1899,42.66,381.01,0.02892,995.0,194.79,0.0,0.0,0.0,0,0,0,1
2001-09-24,2.38,4.73,22.01,289.7,1421.0,1003.45,1499.4,37.75,401.98,0.02892,995.0,190.65,0.0,0.0,0.0,0,0,0,1
2001-09-25,2.4,4.72,21.81,290.5,1416.8,1012.27,1501.64,35.81,402.4,0.02892,991.0,189.1,0.0,0.0,0.0,0,0,0,1
2001-09-26,2.38,4.65,22.38,293.3,1422.5,1007.04,1464.04,35.2599,370.63,0.02893,983.0,190.57,0.0,0.0,0.0,0,0,0,1
2001-09-27,2.38,4.58,22.74,291.2,1425.0,1018.61,1460.7099,34.0,362.0,0.02895,969.0,191.18,0.0,0.0,0.0,0,0,0,1
2001-09-28,2.4,4.6,23.43,292.4,1412.5,1040.94,1498.8,31.93,373.7,0.02894,952.0,190.49,0.0,0.0,0.0,0,0,0,1
2001-10-02,2.26,4.53,23.11,289.9,1404.5,1051.33,1492.3299,31.18,354.63,0.02892,926.0,188.63,0.0,0.0,0.0,0,0,0,1
2001-10-03,2.23,4.5,22.44,290.5,1387.0,1072.28,1580.81,31.34,388.81,0.02893,917.0,188.66,0.0,0.0,0.0,0,0,0,1
2001-10-04,2.21,4.53,22.97,290.5,1391.8,1069.62,1597.31,31.9699,405.54,0.02893,910.0,190.38,0.0,0.0,0.0,0,0,0,1
2001-10-05,2.19,4.52,22.81,291.4,1384.4,1071.38,1605.3,33.3899,406.1,0.02894,900.0,189.45,0.0,0.0,0.0,0,0,0,1
2001-10-08,2.19,4.52,22.86,292.4,1392.0,1062.44,1605.9499,35.1199,426.55,0.02894,893.0,188.32,0.0,0.0,0.0,0,0,0,1
2001-10-09,2.22,4.62,22.89,288.9,1385.6,1056.75,1570.1899,34.83,401.52,0.02894,889.0,186.71,0.0,0.0,0.0,0,0,0,1
2001-10-11,2.27,4.69,23.69,281.8,1384.25,1097.43,1701.4699,31.5,474.6,0.02894,889.0,187.86,0.0,0.0,0.0,0,0,0,1
2001-10-12,2.25,4.68,22.82,281.8,1390.8,1091.65,1703.4,35.27,473.78,0.02894,893.0,185.63,0.0,0.0,0.0,0,0,0,1
2001-10-15,2.25,4.62,22.58,282.1,1383.5,1089.98,1696.31,35.31,451.73,0.02894,897.0,184.22,0.0,0.0,0.0,0,0,1,1
2001-10-16,2.22,4.59,22.26,282.3,1394.5,1097.54,1722.0699,32.88,462.73,0.02894,902.0,185.24,0.0,0.0,0.0,0,0,1,1
2001-10-17,2.22,4.59,22.1,283.4,1394.5,1077.09,1646.3399,35.08,428.62,0.02895,905.0,185.33,0.0,0.0,0.0,0,0,1,1
2001-10-18,2.19,4.58,21.55,279.2,1371.5,1068.61,1652.7199,34.95,417.75,0.02895,907.0,184.18,0.0,0.0,0.0,0,0,1,1
2001-10-19,2.19,4.63,22.26,280.1,1351.5,1073.48,1671.31,34.11,423.82,0.02895,908.0,185.0,0.0,0.0,0.0,0,0,1,1
2001-10-22,2.22,4.63,22.26,275.5,1346.0,1089.9,1708.0799,32.25,446.91,0.02895,907.0,183.52,0.0,0.0,0.0,0,0,1,1
2001-10-23,2.2,4.66,21.85,276.1,1370.8,1084.78,1704.4399,32.0,443.09,0.02894,903.0,183.6,0.0,0.0,0.0,0,0,1,1
2001-10-24,2.17,4.61,22.33,275.9,1351.5,1085.2,1731.54,30.95,460.85,0.02895,897.0,184.26,0.0,0.0,0.0,0,0,1,1
2001-10-25,2.14,4.56,22.01,277.8,1357.3,1100.09,1775.4699,29.4599,485.1,0.02895,891.0,184.12,0.0,0.0,0.0,0,0,1,1
2001-10-26,2.14,4.53,22.03,277.9,1375.1,1104.61,1768.9599,28.42,480.74,0.02895,884.0,184.49,0.0,0.0,0.0,0,0,1,1
2001-10-29,2.09,4.5,22.15,279.1,1355.0,1078.3,1699.52,31.6399,447.21,0.02896,879.0,185.67,0.0,0.0,0.0,0,0,1,1
2001-10-30,2.05,4.44,21.87,280.6,1369.8,1059.79,1667.41,33.4599,429.68,0.02896,870.0,185.68,0.0,0.0,0.0,0,0,1,1
2001-10-31,2.05,4.3,21.18,279.5,1350.8,1059.78,1690.1999,33.56,448.02,0.02896,861.0,185.66,0.0,0.0,0.0,0,0,1,1
2001-11-01,2.06,4.24,20.58,279.7,1341.3,1084.1,1746.3,32.31,478.09,0.02896,853.0,186.66,0.0,0.0,0.0,0,0,1,1
2001-11-02,2.01,4.37,20.4,279.8,1332.8,1087.2,1745.7299,30.7099,489.44,0.02896,850.0,185.65,0.0,0.0,0.0,0,0,1,1
2001-11-05,2.01,4.31,20.24,278.5,1337.6,1102.84,1793.65,30.5,503.07,0.02896,847.0,185.12,0.0,0.0,0.0,0,0,1,1
2001-11-06,1.85,4.3,20.11,279.7,1340.5,1118.86,1835.0799,28.7999,520.03,0.02896,845.0,184.94,0.0,0.0,0.0,0,0,1,1
2001-11-07,1.8,4.22,20.28,281.0,1318.3,1115.8,1837.53,29.1299,519.36,0.02897,843.0,186.02,0.0,0.0,0.0,0,0,1,1
2001-11-08,1.84,4.32,21.37,276.8,1340.5,1118.54,1827.77,28.62,507.45,0.02898,844.0,187.61,0.0,0.0,0.0,0,0,1,1
2001-11-09,1.83,4.34,22.46,277.4,1391.0,1120.31,1828.4799,27.44,506.81,0.02899,846.0,189.03,0.0,0.0,0.0,0,0,1,1
2001-11-12,1.83,4.34,21.53,278.3,1409.3,1118.33,1840.13,29.35,519.32,0.02898,849.0,188.19,0.0,0.0,0.0,0,1,1,1
2001-11-13,1.84,4.41,21.9,277.8,1464.3,1139.09,1892.1099,26.4699,541.29,0.02898,851.0,189.94,0.0,0.0,0.0,0,1,1,1
2001-11-14,1.87,4.54,20.01,277.8,1459.3,1141.21,1903.1899,26.5599,538.51,0.02899,854.0,189.27,0.0,0.0,0.0,0,1,1,1
2001-11-15,1.92,4.79,17.84,275.1,1445.3,1142.24,1900.5699,25.5599,532.34,0.02898,854.0,186.37,0.0,0.0,0.0,0,1,1,1
2001-11-16,1.95,4.91,18.37,274.7,1479.0,1138.65,1898.5799,25.07,529.92,0.02899,855.0,188.39,0.0,0.0,0.0,0,1,1,1
2001-11-19,1.94,4.8,18.43,272.7,1477.1,1151.06,1934.42,24.4599,524.76,0.02899,857.0,188.97,0.0,0.0,0.0,0,1,1,1
2001-11-20,1.95,4.88,19.15,273.0,1461.8,1142.66,1880.51,24.12,494.12,0.02899,857.0,189.52,0.0,0.0,0.0,0,1,1,1
2001-11-21,1.96,4.98,18.96,272.9,1465.5,1137.03,1875.05,24.19,503.47,0.029,859.0,190.12,0.0,0.0,0.0,0,1,1,1
2001-11-22,1.96,4.98,18.96,272.9,1451.5,1137.03,1875.05,24.19,503.47,0.029,857.0,190.12,0.0,0.0,0.0,0,1,1,1
2001-11-23,1.95,5.04,18.96,272.9,1461.8,1150.34,1903.1999,23.25,511.3,0.029,861.0,190.12,0.0,0.0,0.0,0,1,1,1
2001-11-26,1.98,5.05,18.69,272.3,1494.0,1157.42,1941.2299,23.79,532.46,0.029,864.0,189.53,0.0,0.0,0.0,1,1,1,1
2001-11-27,1.92,4.98,19.48,273.2,1517.8,1149.5,1935.9699,24.0,536.67,0.02901,866.0,190.23,0.0,0.0,0.0,1,1,1,1
2001-11-28,1.87,4.98,19.22,274.1,1517.5,1128.52,1887.9699,25.9,511.44,0.02901,868.0,188.96,0.0,0.0,0.0,1,1,1,1
2001-11-29,1.8,4.79,18.62,273.5,1548.8,1140.2,1933.26,25.18,533.17,0.02901,867.0,189.3,0.0,0.0,0.0,1,1,1,1
2001-11-30,1.78,4.78,19.44,273.9,1551.5,1139.45,1930.5799,23.84,518.95,0.02901,868.0,192.66,0.0,0.0,0.0,1,1,1,1
2001-12-03,1.78,4.75,20.39,276.9,1521.0,1129.9,1904.9,25.77,511.0,0.02901,868.0,192.51,0.0,0.0,0.0,1,1,1,1
2001-12-04,1.74,4.7,20.01,275.4,1513.5,1144.8,1963.0999,24.08,544.11,0.02902,868.0,190.48,0.0,0.0,0.0,1,1,1,1
2001-12-05,1.77,4.92,19.84,273.7,1499.3,1170.35,2046.8399,23.02,585.8,0.02902,869.0,189.86,0.0,0.0,0.0,1,1,1,1
2001-12-06,1.75,5.04,18.93,274.2,1494.8,1167.1,2054.27,23.7099,584.32,0.02902,871.0,189.12,0.0,0.0,0.0,1,1,1,1
2001-12-07,1.69,5.2,19.45,273.9,1467.5,1158.31,2021.26,23.49,571.74,0.02902,872.0,189.57,0.0,0.0,0.0,1,1,1,1
2001-12-10,1.71,5.17,18.79,272.2,1464.2,1139.93,1992.1199,25.62,559.37,0.02902,874.0,188.58,0.0,0.0,0.0,1,1,1,1
2001-12-11,1.66,5.13,18.46,272.2,1481.0,1136.76,2001.93,25.2999,565.77,0.02902,873.0,188.91,0.0,0.0,0.0,1,1,1,1
2001-12-12,1.67,5.02,18.74,273.8,1453.0,1137.07,2011.38,24.87,575.62,0.02902,873.0,188.15,0.0,0.0,0.0,1,1,1,1
2001-12-13,1.69,5.13,18.53,273.9,1450.0,1119.38,1946.51,25.91,536.59,0.02902,872.0,187.98,0.0,0.0,0.0,1,1,1,1
2001-12-14,1.73,5.24,19.49,278.0,1451.5,1123.07,1953.17,24.6299,549.02,0.02899,870.0,191.07,0.0,0.0,0.0,1,1,1,1
2001-12-17,1.74,5.26,19.52,277.7,1466.0,1134.36,1987.4499,24.26,563.87,0.02892,868.0,190.94,0.0,0.0,0.0,1,1,0,0
2001-12-18,1.71,5.16,19.6,280.4,1471.0,1142.92,2004.76,23.29,567.09,0.02881,866.0,190.33,0.0,0.0,0.0,0,0,0,0
2001-12-19,1.69,5.08,19.8,275.5,1458.8,1149.56,1982.89,22.58,537.61,0.0288,865.0,189.67,0.0,0.0,0.0,0,0,0,0
2001-12-20,1.69,5.08,19.28,276.0,1454.8,1139.93,1918.54,23.67,507.6,0.02877,867.0,190.15,0.0,0.0,0.0,0,0,0,0
2001-12-21,1.71,5.12,19.62,278.0,1462.0,1144.89,1945.8299,22.5,520.58,0.02864,869.0,191.4,0.0,0.0,0.0,1,0,0,0
2001-12-24,1.72,5.18,19.62,278.0,1462.0,1144.65,1944.4799,22.62,515.12,0.0286,869.0,191.4,0.0,0.0,0.0,0,0,0,0
2001-12-25,1.72,5.18,19.62,278.0,1462.0,1144.65,1944.4799,22.62,515.12,0.02855,869.0,191.4,0.0,0.0,0.0,0,0,0,0
2001-12-26,1.75,5.22,21.27,279.8,1462.0,1149.37,1960.6999,22.29,520.68,0.02849,869.0,193.49,0.0,0.0,0.0,0,0,0,0
2001-12-27,1.74,5.13,20.9,277.4,1469.8,1157.13,1976.42,21.59,530.61,0.02847,871.0,192.07,0.0,0.0,0.0,1,1,0,0
2001-12-28,1.72,5.15,20.41,276.5,1460.4,1161.02,1987.26,21.4,538.79,0.0285,876.0,191.91,0.0,0.0,0.0,0,0,0,0
2001-12-31,1.74,5.07,19.84,278.7,1460.4,1148.08,1950.4,23.7999,522.16,0.02857,876.0,190.61,0.0,0.0,0.0,0,0,0,0
2002-01-02,1.74,5.2,21.23,278.9,1421.0,1154.67,1979.25,22.7099,545.44,0.02854,882.0,192.3,0.0,0.0,0.0,0,0,0,0
2002-01-03,1.73,5.16,20.64,278.2,1427.9,1165.27,2044.27,21.34,590.62,0.02855,889.0,191.17,0.0,0.0,0.0,0,0,0,0
2002-01-04,1.72,5.18,21.91,278.9,1446.3,1172.51,2059.3798,20.45,589.89,0.02858,896.0,193.82,0.0,0.0,0.0,1,0,0,0
2002-01-07,1.68,5.09,21.78,278.6,1516.0,1164.89,2037.0999,21.94,580.24,0.02862,906.0,194.89,0.0,0.0,0.0,0,0,0,0
2002-01-08,1.68,5.1,21.57,278.9,1525.7,1160.71,2055.7399,21.83,583.82,0.02854,917.0,195.03,0.0,0.0,0.0,0,0,0,0
2002-01-09,1.68,5.1,20.65,283.4,1541.5,1155.14,2044.89,22.1299,584.27,0.02853,929.0,195.13,0.0,0.0,0.0,0,0,0,0
2002-01-10,1.68,5.0,20.9,287.15,1521.5,1156.55,2047.2399,22.36,574.57,0.02855,941.0,195.03,0.0,0.0,0.0,0,0,0,0
2002-01-11,1.58,4.92,20.32,287.4,1510.5,1145.6,2022.4599,22.6,568.89,0.02853,950.0,194.39,0.0,0.0,0.0,0,0,0,0
2002-01-14,1.58,4.91,19.41,285.4,1525.3,1138.41,1990.7399,23.58,564.41,0.02855,956.0,192.5,0.0,0.0,0.0,0,0,0,0
2002-01-15,1.6,4.88,19.44,284.4,1513.0,1146.19,2000.91,22.7,560.54,0.02857,964.0,193.0,0.0,0.0,0.0,0,0,0,0
2002-01-16,1.61,4.88,19.48,287.3,1525.8,1127.57,1944.4399,23.45,531.79,0.02857,969.0,194.32,0.0,0.0,0.0,0,0,0,0
2002-01-17,1.64,4.98,18.63,284.4,1502.3,1138.88,1985.8199,22.25,539.55,0.02857,969.0,191.91,0.0,0.0,0.0,0,0,0,0
2002-01-18,1.62,4.94,18.66,283.2,1501.5,1127.58,1930.3399,22.52,523.04,0.02855,964.0,192.0,0.0,0.0,0.0,0,0,0,0
2002-01-21,1.62,4.94,18.0,283.2,1508.5,1127.58,1930.3399,22.52,523.04,0.02856,958.0,192.0,0.0,0.0,0.0,0,0,0,0
2002-01-22,1.7,4.96,18.98,281.8,1508.3,1119.31,1882.53,23.61,499.13,0.02852,950.0,189.09,0.0,0.0,0.0,0,0,0,0
2002-01-23,1.71,5.05,19.5,278.6,1526.0,1128.18,1922.38,21.8799,520.54,0.0285,941.0,189.33,0.0,0.0,0.0,0,0,0,0
2002-01-24,1.72,5.07,19.7,278.0,1537.0,1132.15,1942.5799,21.15,523.71,0.02851,931.0,189.04,0.0,0.0,0.0,0,0,0,0
2002-01-25,1.72,5.1,19.99,278.8,1528.8,1133.28,1937.6999,21.01,535.94,0.02852,924.0,189.85,0.0,0.0,0.0,0,0,0,0
2002-01-28,1.76,5.12,20.05,278.8,1513.0,1133.06,1943.91,21.1399,545.82,0.02856,920.0,190.02,0.0,0.0,0.0,0,0,0,0
2002-01-29,1.72,5.02,19.58,281.4,1507.3,1100.64,1892.9899,24.35,532.72,0.02857,915.0,187.31,0.0,0.0,0.0,1,1,0,1
2002-01-30,1.75,5.02,19.08,282.45,1505.8,1113.57,1913.4399,23.2199,554.88,0.02858,910.0,186.93,0.0,0.0,0.0,1,1,1,1
2002-01-31,1.76,5.07,19.48,282.3,1550.0,1130.2,1934.03,21.09,558.88,0.02859,908.0,187.29,0.0,0.0,0.0,0,0,0,0
2002-02-01,1.76,5.02,20.63,286.0,1579.5,1122.2,1911.2399,21.12,552.87,0.02857,908.0,189.51,0.0,0.0,0.0,0,0,0,0
2002-02-04,1.77,4.94,20.36,289.3,1573.0,1094.44,1855.53,24.87,545.21,0.02857,909.0,189.3,0.0,0.0,0.0,0,0,0,0
2002-02-05,1.76,4.92,20.37,298.2,1572.0,1090.02,1838.52,25.45,540.92,0.02858,909.0,189.76,0.0,0.0,0.0,0,0,0,0
2002-02-06,1.74,4.92,20.14,297.25,1564.3,1083.51,1812.7099,26.09,542.88,0.02856,911.0,189.22,0.0,0.0,0.0,0,0,0,0
2002-02-18,1.74,4.86,21.5,297.25,1570.8,1104.18,1805.1999,22.37,554.61,0.0285,963.0,191.58,0.0,0.0,0.0,0,0,0,0
2002-02-19,1.76,4.88,21.12,293.2,1541.8,1083.34,1750.6099,24.43,534.89,0.02849,970.0,190.15,0.0,0.0,0.0,0,0,0,0
2002-02-20,1.76,4.88,20.43,292.3,1530.8,1097.98,1775.5699,22.66,543.57,0.02849,970.0,190.13,0.0,0.0,0.0,0,0,0,0
2002-02-21,1.76,4.88,20.95,293.2,1544.5,1080.95,1716.2399,23.7999,507.26,0.02849,992.0,191.41,0.0,0.0,0.0,0,0,0,0
2002-02-22,1.76,4.84,21.07,293.2,1522.0,1089.84,1724.54,22.86,508.95,0.02849,1009.0,191.71,0.0,0.0,0.0,0,0,0,0
2002-02-25,1.77,4.86,20.48,292.7,1527.0,1109.43,1769.88,21.84,538.74,0.0285,1018.0,189.91,0.0,0.0,0.0,0,0,1,1
2002-02-26,1.77,4.93,21.41,298.0,1525.0,1109.38,1766.8599,21.68,534.66,0.0285,1025.0,191.25,0.0,0.0,0.0,1,0,1,1
2002-02-27,1.77,4.84,21.29,296.3,1555.3,1109.89,1751.88,21.49,527.18,0.02848,1029.0,191.44,0.0,0.0,0.0,0,0,1,1
2002-03-01,1.77,4.98,22.64,296.7,1570.3,1131.78,1802.7399,19.9599,567.27,0.02849,1033.0,195.05,0.0,0.0,0.0,0,0,1,1
2002-03-04,1.81,5.02,22.69,296.95,1586.3,1153.84,1859.3199,20.5,600.91,0.0285,1035.0,195.91,0.0,0.0,0.0,0,0,1,0
2002-03-05,1.8,5.02,23.45,294.0,1584.3,1146.14,1866.29,20.2999,613.9,0.02852,1038.0,196.8,0.0,0.0,0.0,0,0,1,1
2002-03-06,1.78,5.06,23.45,293.5,1603.8,1162.77,1890.4,19.94,607.97,0.02855,1044.0,197.73,0.0,0.0,0.0,0,0,0,0
2002-03-07,1.78,5.22,24.0,290.1,1604.8,1157.54,1881.63,20.04,611.01,0.02858,1047.0,199.8,0.0,0.0,0.0,0,0,1,1
2002-03-08,1.81,5.33,24.14,290.1,1606.5,1164.31,1929.67,19.27,637.94,0.02861,1051.0,200.87,0.0,0.0,0.0,0,0,1,1
2002-03-11,1.86,5.33,24.64,291.1,1599.8,1168.26,1929.4899,19.84,622.51,0.02861,1056.0,203.34,0.0,0.0,0.0,0,0,1,1
2002-03-12,1.84,5.32,24.55,293.6,1590.3,1165.58,1897.1199,19.59,605.5,0.02861,1059.0,203.29,0.0,0.0,0.0,0,1,1,1
2002-03-13,1.82,5.28,24.54,293.0,1588.0,1164.31,1862.03,19.4599,581.5,0.02859,1064.0,202.75,0.0,0.0,0.0,0,1,1,1
2002-03-14,1.86,5.4,24.9,291.0,1599.8,1153.04,1854.14,19.2,578.84,0.02859,1067.0,203.21,0.0,0.0,0.0,0,1,1,1
2002-03-15,1.86,5.35,24.85,289.9,1606.8,1166.16,1868.3,18.42,594.19,0.02858,1073.0,203.49,0.0,0.0,0.0,0,1,1,1
2002-03-18,1.88,5.32,25.44,292.1,1639.5,1165.55,1877.06,18.93,600.12,0.02855,1074.0,203.73,0.0,0.0,0.0,1,1,1,1
2002-03-19,1.85,5.33,25.28,292.8,1648.0,1170.29,1880.8699,18.16,604.28,0.02853,1076.0,203.53,0.0,0.0,0.0,1,1,1,1
2002-03-20,1.84,5.4,24.95,292.1,1643.0,1151.85,1832.8699,18.4599,581.56,0.02853,1078.0,202.95,0.0,0.0,0.0,1,1,1,1
2002-03-21,1.84,5.39,25.61,292.8,1628.8,1153.59,1868.8299,18.15,597.3,0.02854,1081.0,204.03,0.0,0.0,0.0,1,1,1,1
2002-03-22,1.84,5.4,25.35,297.3,1609.5,1148.7,1851.39,17.77,590.42,0.02854,1085.0,203.56,0.0,0.0,0.0,1,1,1,1
2002-03-25,1.85,5.41,24.99,297.4,1587.5,1131.87,1812.4899,18.48,573.75,0.02853,1086.0,203.37,0.0,0.0,0.0,1,1,1,1
2002-03-26,1.81,5.35,25.36,296.6,1601.0,1138.49,1824.17,18.1299,585.92,0.02854,1084.0,203.52,0.0,0.0,0.0,1,1,1,1
2002-03-27,1.81,5.35,25.87,301.8,1617.5,1144.58,1826.75,17.7,581.55,0.02855,1082.0,205.28,0.0,0.0,0.0,1,1,1,1
2002-03-28,1.79,5.42,26.31,302.6,1632.8,1147.39,1845.3499,17.4,595.24,0.02856,1082.0,204.92,0.0,0.0,0.0,1,1,1,1
2002-03-29,1.79,5.42,26.31,302.6,1632.8,1147.39,1845.3499,17.4,595.24,0.02857,1082.0,204.92,0.0,0.0,0.0,0,0,0,0
2002-04-01,1.79,5.44,27.01,303.2,1632.8,1146.54,1862.6199,18.73,609.97,0.02857,1082.0,206.42,0.0,0.0,0.0,0,1,0,0
2002-04-02,1.8,5.36,27.84,305.9,1657.5,1136.76,1804.4,19.16,587.29,0.02857,1080.0,208.23,0.0,0.0,0.0,0,0,0,0
2002-04-03,1.79,5.3,27.66,302.6,1607.3,1125.4,1784.3499,20.2,574.21,0.02857,1082.0,205.66,0.0,0.0,0.0,0,1,0,0
2002-04-04,1.78,5.28,26.81,301.1,1595.8,1126.34,1789.75,19.78,580.9,0.02857,1083.0,202.73,0.0,0.0,0.0,1,1,0,0
2002-04-08,1.75,5.25,26.75,300.5,1564.3,1125.29,1785.8699,19.61,575.87,0.02859,1086.0,200.02,0.0,0.0,0.0,1,0,0,0
2002-04-09,1.73,5.22,26.03,298.8,1575.5,1117.8,1742.5699,19.4699,557.65,0.02859,1091.0,199.2,0.0,0.0,0.0,1,1,0,0
2002-04-10,1.71,5.24,26.3,301.7,1561.8,1130.47,1767.0699,18.19,563.63,0.02859,1096.0,199.02,0.0,0.0,0.0,1,0,0,0
2002-04-11,1.72,5.22,25.19,302.2,1570.0,1103.69,1725.2399,20.2999,553.07,0.02858,1100.0,196.75,0.0,0.0,0.0,1,1,0,0
2002-04-12,1.71,5.18,23.69,301.2,1550.8,1111.01,1756.1899,19.42,560.67,0.02857,1103.0,195.27,0.0,0.0,0.0,1,0,0,0
2002-04-15,1.72,5.15,24.8,300.0,1545.8,1102.55,1753.78,19.82,571.62,0.02858,1104.0,197.3,0.0,0.0,0.0,1,0,0,0
2002-04-16,1.74,5.2,25.01,298.8,1577.3,1128.37,1816.79,18.11,603.54,0.02858,1103.0,198.05,0.0,0.0,0.0,1,1,0,0
2002-04-17,1.73,5.24,26.05,302.1,1597.3,1126.07,1810.67,18.43,611.17,0.0286,1098.0,200.87,0.0,0.0,0.0,1,1,0,0
2002-04-18,1.72,5.23,26.28,304.5,1584.0,1124.47,1802.43,19.29,592.56,0.02862,1090.0,201.08,0.0,0.0,0.0,1,1,0,0
2002-04-19,1.73,5.21,26.44,302.3,1594.5,1125.17,1796.8299,18.2999,582.74,0.02865,1080.0,200.88,0.0,0.0,0.0,0,0,0,0
2002-04-22,1.72,5.19,26.4,303.0,1616.8,1107.83,1758.68,19.77,573.0,0.0287,1071.0,201.27,0.0,0.0,0.0,0,0,0,0
2002-04-23,1.73,5.18,26.62,304.0,1594.5,1100.96,1730.29,20.28,555.2,0.02873,1064.0,201.0,0.0,0.0,0.0,0,0,0,0
2002-04-24,1.72,5.11,26.38,304.3,1596.0,1093.14,1713.3399,20.77,534.3,0.02873,1059.0,201.01,0.0,0.0,0.0,0,0,0,0
2002-04-25,1.74,5.1,26.73,308.1,1593.8,1091.48,1713.6999,20.95,538.6,0.02875,1049.0,199.78,0.0,0.0,0.0,0,0,0,0
2002-04-26,1.75,5.08,27.11,308.1,1602.3,1076.32,1663.89,22.1399,514.73,0.02876,1042.0,199.64,0.0,0.0,0.0,0,0,0,0
2002-04-29,1.78,5.13,27.57,311.2,1607.8,1065.45,1656.93,24.0499,516.67,0.02879,1042.0,199.37,0.0,0.0,0.0,0,0,0,0
2002-04-30,1.77,5.11,27.29,308.9,1594.3,1076.92,1688.2299,21.91,525.74,0.0288,1027.0,201.16,0.0,0.0,0.0,0,0,0,0
2002-05-02,1.77,5.13,25.91,308.3,1583.8,1084.56,1644.8199,20.07,504.05,0.02886,1016.0,198.48,0.0,0.0,0.0,0,0,0,0
2002-05-03,1.76,5.08,26.27,312.2,1572.8,1073.43,1613.03,20.19,480.21,0.02891,1016.0,198.69,0.0,0.0,0.0,0,0,0,0
2002-05-06,1.78,5.1,25.75,311.2,1572.8,1052.67,1578.4799,22.5599,473.14,0.02893,1016.0,197.92,0.0,0.0,0.0,1,0,0,0
2002-05-07,1.76,5.09,26.16,311.6,1568.8,1049.49,1573.8199,21.94,470.14,0.02893,1018.0,198.67,0.0,0.0,0.0,1,0,0,0
2002-05-08,1.76,5.24,27.01,308.2,1590.5,1088.85,1696.29,20.3899,522.35,0.02891,1025.0,199.83,0.0,0.0,0.0,0,0,0,0
2002-05-09,1.77,5.2,26.92,309.5,1595.5,1073.01,1650.4899,21.5599,503.48,0.0289,1034.0,200.07,0.0,0.0,0.0,0,0,0,0
2002-05-10,1.77,5.15,27.23,311.0,1601.8,1054.99,1600.8499,22.41,480.96,0.02892,1038.0,201.51,0.0,0.0,0.0,0,0,0,0
2002-05-13,1.79,5.23,27.62,310.6,1596.5,1074.56,1652.54,20.7199,509.16,0.02894,1040.0,203.7,0.0,0.0,0.0,0,0,0,0
2002-05-14,1.78,5.32,28.4,307.3,1607.8,1097.28,1719.05,19.35,541.1,0.02892,1041.0,204.81,0.0,0.0,0.0,0,0,0,0
2002-05-15,1.76,5.28,27.21,308.7,1612.0,1091.07,1725.56,19.19,537.83,0.02893,1038.0,204.01,0.0,0.0,0.0,0,0,0,0
2002-05-16,1.75,5.2,27.08,308.7,1595.5,1098.23,1730.4399,18.5,542.74,0.02895,1038.0,204.28,0.0,0.0,0.0,0,0,0,0
2002-05-17,1.76,5.27,27.15,310.6,1572.8,1106.59,1741.39,17.7,541.97,0.02902,1033.0,203.74,0.0,0.0,0.0,0,0,0,0
2002-05-20,1.77,5.21,27.23,315.7,1574.5,1091.88,1701.5899,19.24,534.62,0.02906,1031.0,203.62,0.0,0.0,0.0,0,0,0,0
2002-05-21,1.75,5.18,26.43,315.8,1579.5,1079.88,1664.18,20.0499,519.71,0.02906,1031.0,202.03,0.0,0.0,0.0,1,1,1,0
2002-05-22,1.74,5.13,26.37,318.0,1578.3,1086.02,1673.4499,19.58,519.48,0.02908,1031.0,201.78,0.0,0.0,0.0,1,1,1,0
2002-05-23,1.74,5.16,26.15,322.5,1596.0,1097.08,1697.63,18.23,516.63,0.02908,1032.0,202.35,0.0,0.0,0.0,1,1,1,0
2002-05-24,1.74,5.16,25.88,322.5,1602.5,1083.82,1661.4899,18.9,499.63,0.02906,1035.0,201.41,0.0,0.0,0.0,1,1,0,0
2002-05-27,1.74,5.16,25.88,322.5,1606.0,1083.82,1661.4899,18.9,499.63,0.02909,1038.0,201.41,0.0,0.0,0.0,1,1,1,0
2002-05-28,1.77,5.16,25.27,323.9,1634.5,1074.55,1652.17,20.3099,496.65,0.02915,1040.0,201.49,0.0,0.0,0.0,1,1,1,0
2002-05-29,1.75,5.11,25.76,325.4,1627.5,1067.66,1624.39,20.3899,480.1,0.02921,1044.0,203.28,0.0,0.0,0.0,0,0,0,0
2002-05-30,1.75,5.06,24.67,325.5,1626.5,1064.66,1631.92,20.61,480.52,0.02925,1046.0,202.1,0.0,0.0,0.0,0,0,0,0
2002-05-31,1.74,5.08,25.31,326.5,1641.8,1067.14,1615.7299,19.98,476.26,0.02929,1042.0,204.2,0.0,0.0,0.0,0,0,0,0
2002-06-03,1.77,5.06,25.26,326.7,1641.8,1040.68,1562.56,23.37,451.37,0.02929,1042.0,204.63,0.0,0.0,0.0,0,0,0,0
2002-06-04,1.76,5.04,25.45,327.8,1641.8,1040.69,1578.1199,23.8899,466.89,0.02933,1042.0,204.98,0.0,0.0,0.0,1,1,0,0
2002-06-05,1.75,5.08,25.08,321.2,1679.0,1049.9,1595.26,22.61,468.22,0.02933,1027.0,203.47,0.0,0.0,0.0,0,0,0,0
2002-06-06,1.74,5.04,24.98,324.9,1679.0,1029.15,1554.88,24.16,453.56,0.02927,1015.0,203.62,0.0,0.0,0.0,0,0,0,0
2002-06-07,1.74,5.1,25.02,324.9,1676.8,1027.53,1535.4799,23.51,441.01,0.02927,1005.0,202.83,0.0,0.0,0.0,0,0,0,0
2002-06-10,1.76,5.07,24.56,318.7,1676.5,1030.74,1530.6899,23.7199,437.43,0.02927,998.0,200.48,0.0,0.0,0.0,0,0,0,0
2002-06-11,1.75,5.02,24.43,319.7,1656.0,1013.6,1497.18,24.45,419.44,0.02931,991.0,200.13,0.0,0.0,0.0,0,0,0,0
2002-06-12,1.74,4.98,24.87,319.7,1651.5,1020.26,1519.1199,24.15,434.33,0.02931,984.0,200.69,0.0,0.0,0.0,0,0,0,0
2002-06-13,1.72,4.94,25.87,317.7,1652.1,1009.56,1496.88,25.02,426.81,0.02931,978.0,202.53,0.0,0.0,0.0,0,0,0,0
2002-06-14,1.71,4.83,26.14,319.1,1648.0,1007.27,1504.7399,25.9599,426.0,0.02932,978.0,202.61,0.0,0.0,0.0,0,0,0,0
2002-06-17,1.74,4.89,26.34,317.4,1649.8,1036.17,1553.29,24.6399,448.96,0.02932,978.0,202.61,0.0,0.0,0.0,0,0,0,0
2002-06-18,1.73,4.88,25.65,319.2,1646.5,1037.14,1542.9599,24.24,441.97,0.02931,981.0,202.04,0.0,0.0,0.0,0,0,0,0
2002-06-19,1.71,4.76,25.58,319.8,1644.5,1019.99,1496.8299,26.0599,412.19,0.02933,984.0,202.1,0.0,0.0,0.0,1,0,0,0
2002-06-20,1.73,4.85,25.95,323.2,1626.0,1006.29,1464.75,27.48,392.22,0.02939,988.0,204.21,0.0,0.0,0.0,0,0,0,0
2002-06-21,1.72,4.79,25.82,327.6,1618.5,989.14,1440.9599,27.23,380.01,0.02954,993.0,203.59,0.0,0.0,0.0,0,0,0,0
2002-06-24,1.74,4.87,26.47,324.3,1613.0,992.72,1460.3399,26.98,395.27,0.02961,997.0,207.01,0.0,0.0,0.0,1,0,0,0
2002-06-25,1.73,4.88,26.32,320.2,1634.5,976.14,1423.9899,27.84,376.47,0.02964,1000.0,207.18,0.0,0.0,0.0,0,0,0,0
2002-06-26,1.7,4.75,26.76,320.5,1637.0,973.53,1429.3299,28.42,382.72,0.02974,1003.0,206.48,0.0,0.0,0.0,0,0,0,0
2002-06-27,1.7,4.84,26.86,319.2,1641.8,990.64,1459.1999,26.29,394.53,0.02976,1006.0,207.83,0.0,0.0,0.0,0,0,0,0
2002-06-28,1.7,4.86,26.86,313.5,1669.8,989.82,1463.2099,25.4,387.58,0.0298,1005.0,209.29,0.0,0.0,0.0,0,0,0,0
2002-07-01,1.72,4.85,26.74,314.0,1665.3,968.65,1403.8,27.11,367.43,0.02979,1005.0,210.34,0.0,0.0,0.0,0,0,0,0
2002-07-02,1.72,4.77,26.69,312.8,1646.5,948.09,1357.8199,28.9599,348.51,0.02978,1004.0,211.18,0.0,0.0,0.0,0,0,0,0
2002-07-03,1.72,4.78,26.68,310.9,1636.0,953.99,1380.17,29.42,363.21,0.02977,1002.0,210.8,0.0,0.0,0.0,0,0,0,0
2002-07-04,1.72,4.78,26.8,310.9,1627.5,953.99,1380.17,29.42,363.21,0.02978,1003.0,210.8,0.0,0.0,0.0,0,0,0,0
2002-07-05,1.72,4.9,26.8,310.9,1646.8,989.03,1448.3599,27.11,393.27,0.02978,1004.0,211.48,0.0,0.0,0.0,0,0,0,0
2002-07-08,1.73,4.84,26.08,312.1,1634.0,976.98,1405.6099,28.25,375.86,0.02984,1005.0,209.31,0.0,0.0,0.0,0,0,0,0
2002-07-09,1.72,4.78,26.1,316.1,1644.5,952.83,1381.1199,30.2199,362.49,0.02996,1006.0,211.09,0.0,0.0,0.0,0,0,0,0
2002-07-10,1.72,4.66,26.76,314.7,1641.8,920.47,1346.01,34.0999,348.56,0.03005,1007.0,212.28,0.0,0.0,0.0,0,0,0,0
2002-07-11,1.72,4.66,26.84,317.2,1623.0,927.37,1374.43,33.8499,372.47,0.03004,1005.0,213.08,0.0,0.0,0.0,0,0,0,0
2002-07-12,1.71,4.63,27.43,317.2,1618.1,921.39,1373.5,32.9399,377.17,0.03004,1005.0,211.67,0.0,0.0,0.0,0,0,0,0
2002-07-15,1.72,4.66,27.04,319.6,1608.3,917.93,1382.6199,35.0299,395.15,0.03012,1002.0,212.09,0.0,0.0,0.0,0,0,0,0
2002-07-16,1.72,4.75,27.76,317.2,1611.5,900.94,1375.26,36.65,386.41,0.03021,998.0,213.07,0.0,0.0,0.0,0,0,0,0
2002-07-17,1.72,4.71,28.01,317.4,1612.0,906.04,1397.25,35.45,381.47,0.0303,993.0,212.33,0.0,0.0,0.0,0,0,0,0
2002-07-18,1.72,4.66,27.66,317.0,1600.5,881.56,1356.9499,35.1199,368.7,0.03027,985.0,213.28,0.0,0.0,0.0,0,0,0,0
2002-07-19,1.71,4.61,27.84,323.9,1571.8,847.75,1319.15,38.1699,364.08,0.03028,981.0,213.95,0.0,0.0,0.0,0,0,0,0
2002-07-22,1.7,4.51,26.7,323.6,1552.8,819.85,1282.65,41.8699,357.01,0.03028,976.0,214.09,0.0,0.0,0.0,0,0,0,0
2002-07-23,1.7,4.47,26.31,312.7,1526.3,797.7,1229.05,44.9199,339.41,0.03004,972.0,210.99,0.0,0.0,0.0,0,0,0,0
2002-07-24,1.69,4.49,26.87,311.5,1506.3,843.43,1290.2299,39.86,353.7,0.02991,964.0,211.21,0.0,0.0,0.0,0,0,0,0
2002-07-25,1.7,4.43,26.77,309.8,1517.8,838.68,1240.0799,39.27,318.05,0.02993,964.0,211.14,0.0,0.0,0.0,0,0,0,0
2002-07-26,1.69,4.43,26.54,309.8,1513.0,852.84,1262.1199,35.5099,315.01,0.02968,962.0,209.65,0.0,0.0,0.0,1,1,0,0
2002-07-29,1.72,4.62,26.55,302.5,1523.3,898.96,1335.25,31.33,336.83,0.0295,964.0,207.28,0.0,0.0,0.0,0,0,0,0
2002-07-30,1.72,4.65,27.36,303.7,1506.0,902.78,1344.1899,31.92,346.46,0.02958,965.0,209.85,0.0,0.0,0.0,0,0,0,0
2002-07-31,1.71,4.51,27.02,303.2,1498.0,911.62,1328.26,32.0299,330.94,0.02962,965.0,210.97,0.0,0.0,0.0,0,0,0,0
2002-08-01,1.68,4.47,26.06,304.0,1489.5,884.66,1280.0,36.95,311.88,0.0297,965.0,210.11,0.0,0.0,0.0,0,0,0,0
2002-08-02,1.63,4.33,26.34,307.0,1482.8,864.24,1247.92,41.29,301.41,0.02965,971.0,210.39,0.0,0.0,0.0,0,0,0,0
2002-08-05,1.64,4.29,26.03,307.8,1457.5,834.6,1206.01,45.08,283.91,0.02956,971.0,208.6,0.0,0.0,0.0,1,1,1,0
2002-08-06,1.65,4.42,26.61,305.5,1479.0,859.57,1259.55,42.0299,301.54,0.02939,971.0,209.69,0.0,0.0,0.0,1,1,0,0
2002-08-07,1.59,4.35,26.06,307.8,1471.0,876.77,1280.9,38.73,307.65,0.0295,972.0,210.2,0.0,0.0,0.0,0,0,0,0
2002-08-08,1.62,4.4,26.22,310.4,1479.8,905.46,1316.52,36.33,321.07,0.02941,978.0,210.61,0.0,0.0,0.0,0,0,0,0
2002-08-09,1.62,4.27,26.37,314.2,1482.5,908.64,1306.1199,35.33,315.89,0.02948,986.0,211.82,0.0,0.0,0.0,0,0,0,0
2002-08-12,1.68,4.22,27.15,314.1,1482.5,903.8,1306.8399,37.0499,312.09,0.02952,992.0,214.55,0.0,0.0,0.0,0,0,0,0
2002-08-13,1.63,4.12,27.19,314.2,1479.5,884.21,1269.28,35.82,298.88,0.02955,999.0,215.45,0.0,0.0,0.0,0,0,0,0
2002-08-14,1.64,4.06,27.51,311.8,1459.3,919.62,1334.3,32.36,322.18,0.02964,1006.0,215.89,0.0,0.0,0.0,0,0,0,0
2002-08-15,1.62,4.17,28.38,314.3,1502.3,930.25,1345.01,29.43,327.46,0.02956,1010.0,216.67,0.0,0.0,0.0,0,0,0,0
2002-08-16,1.62,4.32,28.51,313.7,1478.3,928.77,1361.01,28.8099,348.48,0.02951,1013.0,216.03,0.0,0.0,0.0,0,0,0,0
2002-08-19,1.67,4.29,28.8,306.0,1473.8,950.7,1394.54,28.61,363.06,0.02942,1014.0,215.31,0.0,0.0,0.0,0,0,0,0
2002-08-20,1.62,4.17,28.77,308.7,1484.8,937.43,1376.5899,29.59,345.68,0.02941,1014.0,213.44,0.0,0.0,0.0,0,0,0,0
2002-08-21,1.63,4.2,29.24,307.6,1477.0,949.36,1409.25,28.23,361.8,0.02942,1014.0,213.61,0.0,0.0,0.0,0,0,0,0
2002-08-22,1.65,4.3,28.84,306.6,1491.3,962.7,1422.9499,27.75,357.26,0.02936,1018.0,215.44,0.0,0.0,0.0,0,0,0,0
2002-08-23,1.65,4.25,28.63,306.7,1489.5,940.86,1380.6199,29.32,336.27,0.02929,1021.0,215.1,0.0,0.0,0.0,0,0,0,0
2002-08-26,1.68,4.22,29.28,309.4,1489.5,947.95,1391.7399,29.8899,336.79,0.0292,1021.0,215.62,0.0,0.0,0.0,0,0,0,0
2002-08-27,1.68,4.29,28.83,312.3,1504.8,934.82,1347.78,30.11,316.87,0.02921,1025.0,216.88,0.0,0.0,0.0,0,0,0,0
2002-08-28,1.67,4.22,28.34,309.4,1501.5,917.87,1314.38,33.32,303.8,0.02921,1026.0,216.2,0.0,0.0,0.0,0,0,0,0
2002-08-29,1.68,4.16,28.92,312.9,1493.5,917.8,1335.77,33.6699,304.33,0.02925,1030.0,217.41,0.0,0.0,0.0,0,0,0,0
2002-08-30,1.69,4.14,28.98,312.9,1493.5,916.07,1314.8499,32.6399,300.19,0.0292,1036.0,219.2,0.0,0.0,0.0,0,0,0,0
2002-09-02,1.69,4.14,28.92,312.9,1498.0,916.07,1314.8499,32.6399,300.19,0.02913,1039.0,219.2,0.0,0.0,0.0,1,0,0,0
2002-09-03,1.64,3.98,27.79,313.4,1470.0,878.02,1263.8399,39.97,284.94,0.02913,1044.0,217.95,0.0,0.0,0.0,0,0,0,0
2002-09-04,1.63,3.96,28.27,314.9,1476.3,893.4,1292.31,37.4399,290.27,0.02921,1050.0,219.86,0.0,0.0,0.0,1,0,0,0
2002-09-05,1.61,3.91,29.01,314.9,1476.0,879.15,1251.0,38.86,275.36,0.02931,1050.0,222.24,0.0,0.0,0.0,1,0,0,0
2002-09-09,1.69,4.05,29.81,321.3,1473.3,902.96,1304.5999,36.45,287.98,0.02919,1102.0,227.79,0.0,0.0,0.0,1,0,0,0
2002-09-10,1.68,4.0,29.89,317.9,1526.5,909.58,1320.0899,35.08,298.34,0.02915,1126.0,227.81,0.0,0.0,0.0,0,0,0,0
2002-09-11,1.69,4.07,29.9,316.6,1526.5,909.45,1315.4499,34.81,301.76,0.02907,1146.0,227.56,0.0,0.0,0.0,0,0,0,0
2002-09-12,1.69,3.98,29.03,318.9,1518.5,886.91,1279.68,37.5,283.5,0.02906,1163.0,226.65,0.0,0.0,0.0,0,0,0,0
2002-09-13,1.69,3.92,29.99,316.6,1508.8,889.81,1291.4,35.82,280.52,0.02906,1178.0,227.08,0.0,0.0,0.0,0,0,0,0
2002-09-16,1.71,3.9,29.9,317.1,1486.0,891.1,1275.88,36.74,269.22,0.02876,1186.0,227.65,0.0,0.0,0.0,0,0,0,0
2002-09-17,1.7,3.87,29.32,317.0,1487.5,873.52,1259.9399,38.0099,263.56,0.02875,1194.0,227.53,0.0,0.0,0.0,0,0,0,0
2002-09-18,1.68,3.86,29.67,320.6,1469.0,869.46,1252.13,37.52,262.79,0.02883,1202.0,228.55,0.0,0.0,0.0,0,0,0,0
2002-09-19,1.65,3.79,29.74,322.6,1462.5,843.32,1216.4499,40.65,252.46,0.02889,1215.0,228.45,0.0,0.0,0.0,0,0,0,0
2002-09-20,1.65,3.79,29.84,322.0,1462.5,845.39,1221.0899,38.98,248.87,0.02876,1226.0,226.87,0.0,0.0,0.0,0,0,0,0
2002-09-23,1.65,3.7,30.71,323.0,1461.0,833.7,1184.93,39.68,236.19,0.02872,1238.0,226.2,0.0,0.0,0.0,0,0,0,0
2002-09-24,1.65,3.69,30.77,325.9,1453.0,819.29,1182.17,40.52,239.58,0.02871,1255.0,227.28,0.0,0.0,0.0,0,0,0,0
2002-09-25,1.66,3.77,30.64,322.2,1460.5,839.66,1222.29,37.33,256.45,0.02865,1285.0,226.34,0.0,0.0,0.0,0,0,0,0
2002-09-26,1.65,3.79,30.41,320.3,1468.0,854.95,1221.6099,34.5999,248.35,0.02858,1320.0,226.4,0.0,0.0,0.0,0,0,0,0
2002-09-27,1.63,3.69,30.54,319.7,1451.5,827.37,1199.16,36.97,246.58,0.02864,1346.0,227.07,0.0,0.0,0.0,0,0,0,0
2002-09-30,1.57,3.63,30.45,323.9,1438.5,815.28,1172.06,39.6899,238.24,0.02864,1367.0,226.53,0.0,0.0,0.0,0,0,0,0
2002-10-01,1.59,3.72,30.48,320.9,1443.3,847.91,1213.7199,34.1199,249.9,0.02864,1371.0,226.87,0.0,0.0,0.0,0,0,0,0
2002-10-02,1.58,3.71,30.28,321.5,1464.0,827.91,1187.3,36.83,249.95,0.02859,1365.0,227.36,0.0,0.0,0.0,0,0,0,0
2002-10-03,1.57,3.7,29.64,321.1,1464.0,818.95,1165.56,37.31,233.74,0.02858,1358.0,224.64,0.0,0.0,0.0,0,0,0,0
2002-10-04,1.61,3.69,29.52,322.1,1464.0,800.58,1139.9,39.4599,226.95,0.02858,1354.0,223.97,0.0,0.0,0.0,0,0,0,0
2002-10-07,1.63,3.64,29.64,321.9,1436.0,785.28,1119.4,42.6399,219.96,0.02852,1351.0,224.89,0.0,0.0,0.0,0,0,0,0
2002-10-08,1.61,3.65,29.51,318.2,1439.5,796.32,1129.2199,41.02,215.92,0.02848,1348.0,225.86,0.0,0.0,0.0,0,0,1,0
2002-10-09,1.57,3.61,29.45,319.6,1439.5,776.76,1114.1099,42.13,214.06,0.02848,1348.0,225.97,0.0,0.0,0.0,0,0,0,0
2002-10-11,1.58,3.83,29.43,316.3,1475.5,835.32,1210.4699,35.7,246.22,0.02844,1343.0,225.87,0.0,0.0,0.0,0,1,1,0
2002-10-14,1.58,3.83,29.97,317.8,1457.3,841.44,1220.53,36.04,245.88,0.02843,1340.0,228.0,0.0,0.0,0.0,1,1,1,1
2002-10-15,1.68,4.07,29.76,312.6,1466.5,881.12,1282.4399,34.02,269.1,0.02843,1335.0,231.38,0.0,0.0,0.0,1,1,1,1
2002-10-16,1.66,4.06,29.49,314.0,1471.3,860.02,1232.42,36.0,245.37,0.0286,1334.0,230.76,0.0,0.0,0.0,1,1,1,1
2002-10-17,1.67,4.16,29.64,312.0,1509.3,879.2,1272.29,34.0999,266.61,0.02869,1343.0,230.81,0.0,0.0,0.0,1,1,1,1
2002-10-18,1.67,4.14,29.6,312.7,1497.3,884.39,1287.8599,33.5299,268.28,0.02863,1356.0,228.66,0.0,0.0,0.0,1,1,1,0
2002-10-21,1.71,4.24,28.34,310.9,1519.8,899.72,1309.67,33.11,282.29,0.02866,1364.0,227.71,0.0,0.0,0.0,1,1,1,0
2002-10-22,1.69,4.27,28.07,313.0,1510.3,890.16,1292.8,34.09,265.07,0.02863,1369.0,227.77,0.0,0.0,0.0,1,1,0,0
2002-10-23,1.68,4.26,28.18,312.0,1501.3,896.14,1320.2299,33.2,285.86,0.02874,1376.0,228.06,0.0,0.0,0.0,1,1,0,0
2002-10-24,1.65,4.16,28.2,310.7,1524.5,882.5,1298.7099,34.0299,278.5,0.02873,1385.0,228.76,0.0,0.0,0.0,0,0,0,0
2002-10-25,1.64,4.12,27.05,313.4,1534.0,897.65,1331.13,30.0,292.48,0.02873,1393.0,228.65,0.0,0.0,0.0,0,0,0,0
2002-10-28,1.59,4.1,27.29,315.45,1541.6,890.23,1315.8299,31.07,291.8,0.02865,1397.0,228.16,0.0,0.0,0.0,0,0,0,0
2002-10-29,1.51,3.97,26.86,317.5,1521.3,882.15,1300.54,32.27,282.72,0.02872,1403.0,227.36,0.0,0.0,0.0,0,0,0,0
2002-10-30,1.51,3.99,26.81,316.5,1524.0,890.71,1326.7299,31.23,301.29,0.02873,1409.0,227.68,0.0,0.0,0.0,0,1,0,0
2002-10-31,1.44,3.93,27.22,318.0,1554.5,885.76,1329.75,31.1399,295.15,0.02877,1417.0,228.91,0.0,0.0,0.0,0,0,0,0
2002-11-01,1.43,4.01,26.71,318.8,1570.0,900.96,1360.6999,29.2999,313.04,0.02874,1428.0,228.97,0.0,0.0,0.0,0,0,0,0
2002-11-04,1.43,4.07,26.44,318.3,1579.5,908.35,1396.54,30.82,326.02,0.02882,1430.0,228.32,0.0,0.0,0.0,0,0,0,0
2002-11-05,1.42,4.1,25.65,318.2,1570.0,915.39,1401.17,31.23,317.55,0.02888,1435.0,228.05,0.0,0.0,0.0,1,1,0,1
2002-11-06,1.23,4.09,25.28,317.5,1579.5,923.76,1418.9899,30.73,329.84,0.02883,1442.0,228.48,0.0,0.0,0.0,1,0,0,0
2002-11-07,1.22,3.88,24.93,320.5,1554.8,902.65,1376.7099,31.42,302.61,0.02891,1445.0,228.48,0.0,0.0,0.0,1,0,0,0
2002-11-08,1.22,3.85,25.12,320.5,1553.8,894.74,1359.28,29.41,299.91,0.02898,1446.0,227.66,0.0,0.0,0.0,1,0,0,0
2002-11-11,1.22,3.85,25.34,321.2,1567.3,876.19,1319.1899,31.2999,283.12,0.02906,1445.0,227.09,0.0,0.0,0.0,1,0,0,0
2002-11-12,1.22,3.84,25.3,324.5,1565.0,882.95,1349.56,30.58,294.43,0.02893,1445.0,225.41,0.0,0.0,0.0,1,0,0,1
2002-11-13,1.21,3.84,24.48,318.7,1564.0,882.53,1361.3299,31.24,295.65,0.02889,1433.0,224.13,0.0,0.0,0.0,0,0,0,0
2002-11-14,1.22,4.03,24.49,317.9,1552.3,904.27,1411.52,28.67,319.13,0.02879,1444.0,224.89,0.0,0.0,0.0,0,0,0,0
2002-11-15,1.22,4.05,24.71,320.7,1562.5,909.83,1411.14,26.65,319.68,0.02881,1446.0,227.13,0.0,0.0,0.0,0,0,0,0
2002-11-18,1.23,4.02,25.8,319.2,1581.3,900.36,1393.6899,27.66,319.71,0.02877,1445.0,228.21,0.0,0.0,0.0,0,0,0,0
2002-11-19,1.21,3.99,25.5,318.6,1580.0,896.74,1374.51,27.41,312.31,0.02875,1446.0,229.51,0.0,0.0,0.0,0,0,0,0
2002-11-20,1.22,4.08,26.09,317.4,1606.3,914.15,1419.3499,25.32,338.08,0.02868,1447.0,230.59,0.0,0.0,0.0,0,0,0,0
2002-11-21,1.22,4.14,26.35,317.4,1607.8,933.76,1467.55,23.8099,365.3,0.02874,1451.0,230.3,0.0,0.0,0.0,0,0,0,0
2002-11-22,1.23,4.18,26.76,320.7,1601.5,930.55,1468.7399,23.16,362.64,0.02877,1459.0,231.64,0.0,0.0,0.0,0,0,0,0
2002-11-25,1.24,4.19,26.11,317.8,1602.0,932.87,1481.9,24.07,374.31,0.02873,1469.0,230.46,0.0,0.0,0.0,0,0,0,1
2002-11-26,1.22,4.08,26.4,317.7,1586.5,913.31,1444.43,25.9699,357.74,0.02876,1489.0,230.04,0.0,0.0,0.0,0,0,0,1
2002-11-27,1.23,4.26,26.89,316.8,1586.5,938.87,1487.9399,27.25,381.69,0.02872,1514.0,230.81,0.0,0.0,0.0,0,0,1,1
2002-11-28,1.23,4.26,26.89,316.8,1619.3,938.87,1487.9399,27.25,381.69,0.02873,1540.0,230.81,0.0,0.0,0.0,1,0,1,1
2002-11-29,1.22,4.22,26.89,316.8,1645.0,936.31,1478.78,27.5,373.53,0.02873,1560.0,230.64,0.0,0.0,0.0,0,0,1,1
2002-12-02,1.24,4.22,27.04,317.6,1642.8,934.53,1484.78,27.4599,375.24,0.0287,1573.0,232.23,0.0,0.0,0.0,0,0,1,1
2002-12-03,1.23,4.24,27.17,320.2,1643.8,920.75,1448.9599,28.33,355.62,0.02866,1582.0,231.25,0.0,0.0,0.0,0,0,1,1
2002-12-04,1.22,4.18,26.59,322.2,1639.8,917.58,1430.3499,28.92,335.38,0.02867,1592.0,230.98,0.0,0.0,0.0,0,0,1,1
2002-12-05,1.22,4.13,27.17,324.8,1619.0,906.55,1410.75,30.1,331.64,0.02862,1602.0,231.83,0.0,0.0,0.0,0,0,1,1
2002-12-06,1.21,4.09,26.89,326.3,1619.0,912.23,1422.4399,28.8799,331.35,0.02865,1612.0,231.26,0.0,0.0,0.0,0,0,1,1
2002-12-09,1.23,4.06,27.18,325.8,1590.0,892.0,1367.14,30.78,307.62,0.02873,1625.0,230.76,0.0,0.0,0.0,0,0,1,1
2002-12-10,1.21,4.06,27.77,323.5,1602.8,904.45,1390.76,28.76,323.01,0.02869,1637.0,232.69,0.0,0.0,0.0,0,0,1,1
2002-12-11,1.21,4.01,27.42,324.8,1606.3,904.96,1396.5899,27.76,323.61,0.02869,1651.0,232.39,0.0,0.0,0.0,0,0,1,1
2002-12-12,1.21,4.01,27.99,331.4,1602.8,901.58,1399.55,27.29,321.23,0.0287,1663.0,233.64,0.0,0.0,0.0,0,0,1,1
2002-12-13,1.21,4.07,28.45,333.2,1584.5,890.99,1362.42,28.18,309.27,0.02871,1689.0,234.78,0.0,0.0,0.0,0,1,1,1
2002-12-16,1.23,4.15,30.04,337.0,1582.0,910.4,1400.3299,26.24,325.65,0.02874,1704.0,237.16,0.0,0.0,0.0,0,1,1,1
2002-12-17,1.22,4.13,29.94,337.4,1591.0,902.99,1392.05,26.66,320.63,0.02875,1714.0,237.13,0.0,0.0,0.0,0,1,1,1
2002-12-18,1.21,4.06,30.43,342.1,1577.25,891.12,1361.51,28.29,297.8,0.0287,1714.0,236.99,0.0,0.0,0.0,0,1,1,1
2002-12-19,1.21,3.96,30.19,345.9,1569.0,884.25,1354.0999,30.2099,297.01,0.02867,1735.0,237.26,0.0,0.0,0.0,0,1,1,1
2002-12-20,1.21,3.97,30.3,340.5,1567.75,892.1,1363.05,26.7099,297.97,0.02869,1737.0,236.68,0.0,0.0,0.0,0,1,1,1
2002-12-23,1.19,3.98,31.75,345.1,1577.5,897.38,1381.6899,26.2,306.02,0.02872,1739.0,238.26,0.0,0.0,0.0,0,1,1,1
2002-12-24,1.19,3.95,31.97,346.8,1577.5,892.47,1372.4699,26.49,301.57,0.0287,1738.0,238.25,0.0,0.0,0.0,0,1,1,1
2002-12-25,1.19,3.95,31.75,346.8,1577.5,892.47,1372.4699,26.49,301.57,0.02869,1738.0,238.25,0.0,0.0,0.0,1,1,1,1
2002-12-26,1.18,3.93,32.49,348.7,1577.5,889.66,1367.89,27.37,300.29,0.02868,1738.0,237.6,0.0,0.0,0.0,1,1,1,1
2002-12-27,1.16,3.83,32.72,349.2,1576.75,874.73,1348.31,29.5499,296.49,0.02867,1738.0,237.29,0.0,0.0,0.0,1,1,1,1
2002-12-30,1.22,3.82,31.37,349.2,1542.25,879.39,1339.54,29.62,289.91,0.02871,1738.0,234.17,0.0,0.0,0.0,1,1,1,1
2002-12-31,1.22,3.83,31.2,349.2,1536.0,879.82,1335.51,28.62,289.24,0.02877,1738.0,234.52,0.0,0.0,0.0,1,1,1,1
2003-01-02,1.22,4.07,31.1,346.1,1573.4,909.03,1384.8499,25.3899,308.56,0.02874,1738.0,238.13,0.0,0.0,0.0,1,1,1,1
2003-01-03,1.22,4.05,32.22,351.2,1594.75,908.59,1387.0799,24.68,314.14,0.02873,1739.0,240.19,0.0,0.0,0.0,1,1,1,1
2003-01-06,1.21,4.09,31.44,351.7,1611.2,929.01,1421.3199,24.91,331.69,0.02886,1742.0,239.41,0.0,0.0,0.0,1,1,1,1
2003-01-07,1.19,4.04,30.55,347.3,1604.0,922.93,1431.5699,25.1299,333.42,0.0289,1746.0,238.98,0.0,0.0,0.0,1,1,1,1
2003-01-08,1.19,4.0,30.06,353.9,1619.75,909.93,1401.0699,25.53,322.44,0.02887,1749.0,239.98,0.0,0.0,0.0,1,1,1,0
2003-01-09,1.2,4.19,31.28,353.3,1619.75,927.57,1438.4599,24.25,331.0,0.02894,1758.0,241.36,0.0,0.0,0.0,1,1,0,0
2003-01-10,1.2,4.16,30.96,354.5,1619.5,927.57,1447.7199,24.32,339.07,0.02891,1761.0,240.16,0.0,0.0,0.0,1,1,0,0
2003-01-13,1.21,4.15,31.59,354.7,1630.0,926.26,1446.04,24.9,332.92,0.02894,1760.0,239.16,0.0,0.0,0.0,1,0,0,0
2003-01-14,1.19,4.1,31.78,352.0,1648.0,931.66,1460.9899,24.57,336.73,0.02896,1753.0,238.89,0.0,0.0,0.0,1,1,0,0
2003-01-15,1.2,4.1,32.45,350.7,1658.0,918.22,1438.8,25.51,324.94,0.02899,1748.0,239.74,0.0,0.0,0.0,1,1,0,0
2003-01-16,1.18,4.1,32.81,357.7,1666.25,914.6,1423.75,25.01,315.65,0.02903,1733.0,241.58,0.0,0.0,0.0,1,1,0,0
2003-01-17,1.18,4.05,32.96,356.6,1650.75,901.78,1376.1899,25.7,297.53,0.02901,1722.0,241.77,0.0,0.0,0.0,1,0,0,0
2003-01-20,1.18,4.05,33.91,356.6,1673.75,901.78,1376.1899,25.7,297.53,0.029,1718.0,241.77,0.0,0.0,0.0,1,0,0,0
2003-01-21,1.19,4.01,33.19,357.3,1672.0,887.62,1364.25,27.59,294.25,0.02884,1715.0,242.11,0.0,0.0,0.0,1,0,0,0
2003-01-22,1.17,3.95,32.85,359.7,1680.25,878.36,1359.4799,29.01,292.5,0.02887,1704.0,243.49,0.0,0.0,0.0,0,0,0,0
2003-01-23,1.17,3.98,32.25,359.7,1684.0,887.34,1388.27,27.53,298.5,0.02885,1680.0,243.47,0.0,0.0,0.0,0,0,0,0
2003-01-24,1.16,3.94,33.28,368.2,1676.5,861.4,1342.14,31.51,283.67,0.02892,1653.0,244.38,0.0,0.0,0.0,0,0,0,0
2003-01-27,1.17,3.98,32.29,369.4,1658.5,847.48,1325.27,34.6899,279.65,0.02894,1626.0,243.24,0.0,0.0,0.0,0,0,0,0
2003-01-28,1.18,4.0,32.67,370.0,1653.25,858.54,1342.18,31.93,282.15,0.02885,1593.0,244.67,0.0,0.0,0.0,0,0,0,0
2003-02-06,1.17,3.97,33.33,370.1,1696.75,838.15,1301.7299,33.3499,265.86,0.02879,1577.0,247.44,0.0,0.0,0.0,0,0,0,0
2003-02-07,1.17,3.96,34.25,370.1,1663.75,829.69,1282.4699,34.0099,260.92,0.02877,1596.0,249.12,0.0,0.0,0.0,0,0,0,0
2003-02-10,1.17,3.99,33.7,363.7,1698.7,835.97,1296.68,33.99,265.47,0.02875,1610.0,248.49,0.0,0.0,0.0,0,0,0,0
2003-02-11,1.18,3.98,34.47,362.5,1690.65,829.2,1295.4599,33.68,266.57,0.02869,1627.0,249.34,0.0,0.0,0.0,0,0,0,0
2003-02-12,1.18,3.93,34.54,352.6,1676.3,818.68,1278.9699,34.33,264.43,0.02872,1639.0,246.71,0.0,0.0,0.0,0,0,0,0
2003-02-13,1.17,3.89,35.18,357.4,1641.0,817.37,1277.4399,33.7,264.79,0.02872,1659.0,246.22,0.0,0.0,0.0,0,0,0,0
2003-02-14,1.18,3.95,35.36,351.9,1646.5,834.89,1310.17,32.6199,280.16,0.02872,1673.0,247.62,0.0,0.0,0.0,0,0,0,0
2003-02-17,1.18,3.95,36.8,351.9,1653.25,834.89,1310.17,32.6199,280.16,0.02871,1693.0,247.62,0.0,0.0,0.0,0,0,0,0
2003-02-18,1.19,3.94,35.51,344.2,1639.5,851.17,1346.54,31.11,291.63,0.02875,1709.0,246.99,0.0,0.0,0.0,0,0,0,0
2003-02-19,1.18,3.88,35.66,349.9,1637.0,845.13,1334.3199,31.3099,288.99,0.02873,1728.0,247.92,0.0,0.0,0.0,0,0,0,0
2003-02-20,1.19,3.85,34.74,349.9,1647.25,837.1,1331.2299,31.16,292.44,0.02874,1745.0,246.54,0.0,0.0,0.0,0,0,0,0
2003-02-21,1.19,3.9,35.58,351.8,1691.75,848.17,1349.02,30.25,293.07,0.02878,1758.0,248.09,0.0,0.0,0.0,1,1,0,0
2003-02-24,1.21,3.86,36.48,356.3,1714.75,832.58,1322.38,31.98,292.2,0.02875,1767.0,251.2,0.0,0.0,0.0,0,0,0,0
2003-02-25,1.2,3.81,36.06,352.3,1702.75,838.57,1328.9799,31.74,289.99,0.02879,1768.0,247.35,0.0,0.0,0.0,0,0,0,0
2003-02-26,1.21,3.78,37.7,354.0,1730.0,827.55,1303.68,31.94,281.44,0.02875,1767.0,250.18,0.0,0.0,0.0,0,0,0,0
2003-02-27,1.21,3.76,37.2,354.0,1723.25,837.28,1323.9399,30.53,289.58,0.02878,1763.0,246.09,0.0,0.0,0.0,0,0,0,0
2003-03-03,1.2,3.68,34.24,349.2,1708.5,834.81,1320.29,30.43,285.9,0.02877,1762.0,244.77,0.0,0.0,0.0,0,0,0,0
2003-03-04,1.19,3.65,34.91,353.2,1702.0,821.99,1307.77,31.83,283.9,0.02885,1754.0,245.2,0.0,0.0,0.0,0,0,0,0
2003-03-05,1.18,3.63,34.96,353.1,1662.0,829.85,1314.4,30.3799,288.38,0.02889,1749.0,245.04,0.0,0.0,0.0,0,0,0,0
2003-03-06,1.18,3.67,35.54,356.8,1659.25,822.1,1302.89,31.37,287.36,0.02885,1748.0,245.38,0.0,0.0,0.0,0,0,0,0
2003-03-07,1.12,3.63,36.35,350.8,1662.25,828.89,1305.29,31.08,285.89,0.02887,1753.0,247.23,0.0,0.0,0.0,0,0,0,0
2003-03-10,1.08,3.59,36.28,354.7,1651.5,807.48,1278.3699,33.31,279.08,0.0289,1756.0,245.92,0.0,0.0,0.0,0,0,0,0
2003-03-11,1.1,3.6,35.74,350.5,1651.5,800.73,1271.4699,33.61,279.05,0.02889,1765.0,243.91,0.0,0.0,0.0,1,1,0,0
2003-03-12,1.1,3.6,36.35,346.5,1654.25,804.19,1279.2399,33.5099,287.45,0.0288,1779.0,243.3,0.0,0.0,0.0,0,0,0,0
2003-03-13,1.12,3.74,34.67,335.9,1635.5,831.9,1340.77,31.76,310.39,0.02879,1802.0,240.28,0.0,0.0,0.0,0,0,0,0
2003-03-14,1.13,3.72,33.36,336.5,1635.5,833.27,1340.3299,30.98,305.15,0.02881,1833.0,240.0,0.0,0.0,0.0,0,0,0,0
2003-03-17,1.15,3.82,32.54,337.1,1672.0,862.79,1392.27,31.75,322.29,0.02882,1863.0,237.21,0.0,0.0,0.0,0,0,0,0
2003-03-18,1.14,3.91,30.05,337.6,1666.25,866.45,1400.55,30.43,328.04,0.02879,1887.0,235.55,0.0,0.0,0.0,0,0,0,0
2003-03-19,1.16,3.98,29.36,336.1,1687.5,874.02,1397.0699,31.54,326.34,0.02875,1909.0,235.02,0.0,0.0,0.0,0,0,0,0
2003-03-20,1.17,4.01,28.12,332.9,1667.25,875.84,1402.77,30.44,329.03,0.02876,1924.0,234.17,0.0,0.0,0.0,0,0,0,0
2003-03-21,1.18,4.11,26.91,326.0,1667.25,895.89,1421.8399,28.67,336.1,0.02874,1935.0,231.35,0.0,0.0,0.0,0,0,0,0
2003-03-24,1.17,3.98,28.66,329.5,1666.75,864.23,1369.78,30.3899,319.77,0.02875,1940.0,231.06,0.0,0.0,0.0,0,0,0,0
2003-03-25,1.18,3.97,27.97,328.4,1666.75,874.74,1391.01,28.75,322.7,0.02877,1940.0,228.91,0.0,0.0,0.0,0,0,0,0
2003-03-26,1.18,3.96,28.63,330.3,1666.75,869.95,1387.4499,28.23,321.21,0.02874,1936.0,228.42,0.0,0.0,0.0,0,0,0,0
2003-03-27,1.16,3.95,30.37,328.7,1602.5,868.52,1384.25,27.9599,316.75,0.02874,1933.0,229.34,0.0,0.0,0.0,0,0,0,0
2003-03-28,1.14,3.92,30.16,331.5,1602.5,863.5,1369.5999,27.75,310.02,0.02874,1938.0,229.76,0.0,0.0,0.0,0,0,0,0
2003-03-31,1.14,3.83,31.04,335.9,1602.5,848.18,1341.17,29.15,296.27,0.02878,1939.0,232.15,0.0,0.0,0.0,1,0,0,0
2003-04-01,1.12,3.84,28.23,334.3,1602.5,858.48,1348.3,28.36,299.17,0.02876,1943.0,230.05,0.0,0.0,0.0,1,1,0,0
2003-04-02,1.13,3.94,27.21,329.6,1602.5,880.9,1396.7199,28.02,318.1,0.02874,1959.0,230.25,0.0,0.0,0.0,0,0,0,0
2003-04-03,1.11,3.93,27.26,324.9,1558.0,876.45,1396.5799,28.2099,319.26,0.02873,1977.0,229.5,0.0,0.0,0.0,0,0,0,0
2003-04-04,1.11,3.96,26.86,325.3,1558.0,878.85,1383.51,29.1299,311.44,0.02872,1997.0,229.97,0.0,0.0,0.0,0,0,0,0
2003-04-07,1.17,4.03,26.51,321.5,1558.0,879.93,1389.51,28.45,315.35,0.0287,2011.0,230.42,0.0,0.0,0.0,0,0,0,0
2003-04-08,1.15,3.95,26.73,322.2,1582.75,878.29,1382.9399,27.1299,303.55,0.02872,2022.0,230.36,0.0,0.0,0.0,0,0,0,0
2003-04-09,1.13,3.93,27.73,325.6,1579.5,865.99,1356.7399,27.11,298.55,0.02873,2034.0,231.13,0.0,0.0,0.0,0,0,0,0
2003-04-10,1.14,3.95,26.74,326.7,1566.05,871.58,1365.6099,25.6,302.82,0.02876,2051.0,230.1,0.0,0.0,0.0,0,0,0,0
2003-04-11,1.17,4.0,27.11,327.9,1587.8,868.3,1358.8499,24.44,298.19,0.02874,2069.0,230.46,0.0,0.0,0.0,0,0,0,0
2003-04-14,1.2,4.04,27.06,342.2,1585.5,885.23,1384.9499,23.41,305.81,0.02873,2081.0,229.73,0.0,0.0,0.0,0,0,0,0
2003-04-15,1.18,3.98,27.53,324.9,1611.5,890.81,1391.01,22.5599,307.87,0.02872,2088.0,231.73,0.0,0.0,0.0,0,0,0,0
2003-04-16,1.17,3.96,27.53,325.8,1620.0,879.91,1394.7199,22.52,318.38,0.02874,2091.0,231.46,0.0,0.0,0.0,0,0,0,0
2003-04-17,1.18,3.98,28.54,327.7,1615.5,893.58,1425.5,21.5,332.96,0.02875,2093.0,234.07,0.0,0.0,0.0,0,0,0,0
2003-04-18,1.18,3.98,30.55,327.7,1615.5,893.58,1425.5,21.5,332.96,0.02875,2093.0,234.07,0.0,0.0,0.0,0,0,0,0
2003-04-21,1.18,4.0,28.83,333.5,1615.5,892.01,1424.3699,21.95,334.41,0.02874,2093.0,235.49,0.0,0.0,0.0,0,0,0,0
2003-04-22,1.18,4.01,27.99,334.4,1601.5,911.37,1451.3599,20.7,345.21,0.02872,2097.0,235.97,0.0,0.0,0.0,0,0,0,0
2003-04-23,1.17,4.02,26.65,331.5,1595.0,919.02,1466.16,20.7999,347.32,0.02873,2105.0,233.92,0.0,0.0,0.0,0,0,0,0
2003-04-24,1.15,3.93,26.64,334.8,1577.0,911.43,1457.2299,20.33,342.01,0.02869,2115.0,233.76,0.0,0.0,0.0,0,0,1,1
2003-04-25,1.14,3.91,26.26,333.4,1580.0,898.81,1434.54,20.7999,324.95,0.02862,2124.0,234.03,0.0,0.0,0.0,0,0,1,1
2003-04-28,1.14,3.92,25.49,334.5,1579.5,914.84,1462.2399,20.84,332.92,0.02862,2133.0,230.99,0.0,0.0,0.0,1,1,1,1
2003-04-29,1.15,3.96,25.24,333.7,1583.0,917.84,1471.3,20.76,339.89,0.02865,2139.0,230.48,0.0,0.0,0.0,0,1,1,1
2003-04-30,1.13,3.89,25.8,339.1,1604.0,916.92,1464.31,21.2099,332.5,0.0287,2142.0,232.53,0.0,0.0,0.0,1,1,1,1
2003-05-02,1.12,3.94,25.47,341.0,1589.0,930.08,1502.88,20.6299,343.03,0.02874,2152.0,231.75,0.0,0.0,0.0,1,1,1,1
2003-05-05,1.13,3.92,26.3,342.3,1589.0,926.55,1504.04,21.1299,347.16,0.02873,2152.0,233.02,0.0,0.0,0.0,1,1,1,1
2003-05-06,1.1,3.84,25.62,342.5,1583.0,934.39,1523.7099,20.7999,353.0,0.02878,2160.0,233.17,0.0,0.0,0.0,0,1,1,1
2003-05-07,1.11,3.72,26.12,341.9,1605.0,929.62,1506.76,21.0,344.47,0.02881,2173.0,233.33,0.0,0.0,0.0,0,1,1,1
2003-05-08,1.09,3.7,26.75,348.4,1624.5,920.27,1489.6899,21.24,337.77,0.0288,2193.0,234.76,0.0,0.0,0.0,1,1,1,1
2003-05-09,1.11,3.69,27.33,348.6,1611.0,933.41,1520.15,19.69,350.7,0.02876,2212.0,238.05,0.0,0.0,0.0,0,0,1,1
2003-05-12,1.1,3.64,27.09,351.6,1613.0,945.11,1541.4,19.52,358.54,0.02881,2227.0,240.22,0.0,0.0,0.0,1,1,1,1
2003-05-13,1.09,3.63,28.08,350.0,1655.5,942.3,1539.68,19.91,355.73,0.0288,2248.0,240.51,0.0,0.0,0.0,1,1,1,1
2003-05-14,1.06,3.53,28.78,352.3,1663.0,939.28,1534.9,20.0,352.53,0.02883,2266.0,241.59,0.0,0.0,0.0,1,1,1,1
2003-05-15,1.06,3.53,28.41,352.6,1661.5,946.67,1551.38,19.24,359.28,0.02886,2291.0,240.63,0.0,0.0,0.0,1,1,1,1
2003-05-16,1.05,3.46,28.75,354.7,1664.0,944.3,1538.53,18.4,354.37,0.02881,2317.0,241.33,0.0,0.0,0.0,1,1,1,1
2003-05-19,1.05,3.46,28.29,364.2,1667.0,920.77,1492.77,20.51,336.76,0.02888,2335.0,239.79,0.0,0.0,0.0,1,1,1,1
2003-05-20,1.04,3.38,28.41,366.3,1651.5,919.73,1491.0899,21.29,337.63,0.02882,2337.0,240.66,0.0,0.0,0.0,1,1,1,1
2003-05-21,1.06,3.39,29.03,372.0,1670.0,923.42,1489.8699,21.2099,337.57,0.02885,2325.0,240.48,0.0,0.0,0.0,1,1,1,1
2003-05-22,1.08,3.34,28.85,368.1,1692.0,931.87,1507.55,19.78,342.78,0.02883,2303.0,239.56,0.0,0.0,0.0,0,1,1,1
2003-05-23,1.08,3.34,29.16,368.1,1670.0,933.22,1510.0899,19.17,344.35,0.02881,2272.0,239.7,0.0,0.0,0.0,0,0,1,1
2003-05-26,1.08,3.34,29.16,368.1,1670.0,933.22,1510.0899,19.17,344.35,0.02881,2272.0,239.7,0.0,0.0,0.0,0,0,1,1
2003-05-27,1.09,3.41,29.35,367.8,1681.0,951.48,1556.6899,19.99,365.34,0.02881,2218.0,237.46,0.0,0.0,0.0,0,1,1,1
2003-05-28,1.12,3.44,28.58,365.2,1691.5,953.22,1563.2399,20.03,363.99,0.02879,2178.0,235.77,0.0,0.0,0.0,0,1,1,1
2003-05-29,1.1,3.34,29.09,369.6,1682.0,949.64,1574.9499,20.43,375.34,0.02876,2145.0,234.7,0.0,0.0,0.0,0,1,1,1
2003-05-30,1.11,3.37,29.55,364.5,1683.0,963.59,1595.91,19.4699,382.31,0.02881,2127.0,235.55,0.0,0.0,0.0,1,1,1,1
2003-06-02,1.14,3.43,29.58,366.0,1705.0,967.0,1590.75,20.85,372.06,0.02882,2116.0,236.78,0.0,0.0,0.0,1,1,1,1
2003-06-03,1.08,3.34,29.53,365.2,1705.0,971.56,1603.56,20.84,381.54,0.02883,2123.0,235.65,0.0,0.0,0.0,1,1,1,1
2003-06-05,1.04,3.34,29.75,368.6,1706.0,990.14,1646.01,20.83,395.02,0.02885,2135.0,236.16,0.0,0.0,0.0,1,1,1,1
2003-06-06,1.05,3.37,30.22,368.6,1709.0,987.76,1627.42,21.25,388.19,0.02885,2139.0,237.43,0.0,0.0,0.0,1,1,1,1
2003-06-09,1.03,3.29,30.45,361.8,1692.0,975.93,1603.9699,22.15,378.84,0.02885,2134.0,236.68,0.0,0.0,0.0,1,1,1,1
2003-06-10,0.97,3.2,30.62,352.2,1683.0,984.84,1627.67,20.6399,383.09,0.02884,2130.0,237.62,0.0,0.0,0.0,0,1,1,1
2003-06-11,0.94,3.21,30.97,355.5,1682.0,997.48,1646.02,20.2099,380.81,0.02883,2132.0,237.98,0.0,0.0,0.0,1,1,1,1
2003-06-12,0.92,3.18,30.29,353.3,1671.0,998.51,1653.6199,20.41,375.42,0.02885,2135.0,235.91,0.0,0.0,0.0,1,1,1,1
2003-06-13,0.86,3.13,29.27,356.6,1682.0,988.61,1626.4899,20.66,361.07,0.02886,2141.0,234.11,0.0,0.0,0.0,1,1,1,1
2003-06-16,0.87,3.18,29.53,359.0,1682.0,1010.74,1666.5799,20.2199,371.92,0.0289,2146.0,234.45,0.0,0.0,0.0,1,1,1,1
2003-06-17,0.9,3.27,29.47,363.2,1684.5,1011.66,1668.4399,20.01,371.99,0.02897,2149.0,235.5,0.0,0.0,0.0,1,1,1,1
2003-06-18,0.89,3.37,28.76,357.2,1708.0,1010.09,1677.14,19.76,379.49,0.02895,2154.0,234.74,0.0,0.0,0.0,1,1,1,1
2003-06-19,0.81,3.35,28.45,361.3,1709.0,994.7,1648.64,19.7999,374.12,0.02889,2153.0,234.73,0.0,0.0,0.0,1,1,1,1
2003-06-20,0.83,3.4,29.45,356.3,1701.0,995.69,1644.7199,19.1399,371.03,0.02891,2150.0,235.13,0.0,0.0,0.0,0,0,0,0
2003-06-23,0.85,3.32,29.17,352.0,1689.0,981.64,1610.75,20.58,363.09,0.02891,2143.0,233.6,0.0,0.0,0.0,0,0,1,1
2003-06-24,0.83,3.29,28.78,346.3,1683.5,983.45,1605.6099,20.75,355.72,0.02892,2134.0,232.99,0.0,0.0,0.0,0,1,1,1
2003-06-25,0.92,3.38,29.95,349.3,1668.0,975.32,1602.66,20.8099,354.22,0.02894,2131.0,234.54,0.0,0.0,0.0,0,0,1,1
2003-06-26,0.91,3.55,29.01,343.9,1657.5,985.82,1634.01,19.4,363.97,0.02892,2129.0,231.42,0.0,0.0,0.0,0,1,1,1
2003-06-27,0.87,3.58,29.27,345.2,1666.0,976.22,1625.26,19.16,359.46,0.02889,2127.0,232.88,0.0,0.0,0.0,1,1,1,1
2003-06-30,0.9,3.54,30.19,346.0,1644.0,974.5,1622.8,19.52,359.69,0.02889,2125.0,233.78,0.0,0.0,0.0,1,1,1,1
2003-07-01,0.89,3.56,30.05,351.4,1638.0,982.32,1640.13,19.4599,366.1,0.02892,2123.0,234.5,0.0,0.0,0.0,1,1,1,1
2003-07-02,0.87,3.56,29.81,351.3,1658.5,993.75,1678.7299,19.03,375.29,0.02896,2127.0,235.39,0.0,0.0,0.0,1,1,1,1
2003-07-03,0.87,3.67,30.02,351.0,1647.0,985.7,1663.4599,19.3899,368.97,0.02901,2131.0,234.88,0.0,0.0,0.0,1,1,1,1
2003-07-04,0.87,3.67,30.42,351.0,1655.0,985.7,1663.4599,19.3899,368.97,0.02908,2137.0,234.88,0.0,0.0,0.0,1,1,1,1
2003-07-07,0.92,3.74,29.72,348.1,1670.0,1004.42,1720.7099,20.0599,395.57,0.02907,2143.0,235.48,0.0,0.0,0.0,1,1,1,1
2003-07-08,0.92,3.75,29.92,344.1,1680.5,1007.84,1746.4599,19.48,398.91,0.02909,2155.0,235.91,0.0,0.0,0.0,1,1,1,1
2003-07-09,0.9,3.73,30.63,343.6,1687.0,1002.21,1747.4599,18.93,401.87,0.02911,2168.0,237.19,0.0,0.0,0.0,1,0,1,1
2003-07-10,0.89,3.7,30.77,344.3,1711.0,988.7,1715.8599,19.19,390.3,0.02912,2194.0,234.73,0.0,0.0,0.0,0,0,0,0
2003-07-11,0.89,3.66,31.05,344.8,1700.0,998.14,1733.93,18.4699,390.73,0.02907,2217.0,234.78,0.0,0.0,0.0,1,1,1,1
2003-07-14,0.91,3.74,31.05,347.7,1719.5,1003.86,1754.8199,19.59,402.08,0.02909,2231.0,234.79,0.0,0.0,0.0,0,0,0,0
2003-07-15,0.92,3.94,31.11,342.1,1732.0,1000.42,1753.2099,19.5499,401.87,0.0291,2238.0,233.12,0.0,0.0,0.0,0,0,0,0
2003-07-16,0.91,3.97,30.41,343.1,1737.0,994.09,1747.9699,19.76,399.58,0.02906,2240.0,232.47,0.0,0.0,0.0,0,0,0,0
2003-07-17,0.9,3.98,30.72,344.2,1726.5,981.73,1698.02,20.2199,382.9,0.02905,2236.0,233.66,0.0,0.0,0.0,0,0,0,0
2003-07-18,0.91,4.0,31.03,347.2,1713.5,993.32,1708.5,19.11,383.71,0.02901,2234.0,233.67,0.0,0.0,0.0,0,0,0,0
2003-07-21,0.93,4.19,30.83,350.9,1713.5,978.8,1681.41,19.78,375.97,0.02905,2229.0,233.29,0.0,0.0,0.0,0,0,0,1
2003-07-22,0.93,4.17,29.49,350.6,1700.5,988.11,1706.0999,19.17,388.19,0.02904,2219.0,230.61,0.0,0.0,0.0,0,1,1,1
2003-07-23,0.93,4.12,29.67,358.6,1696.0,988.61,1719.18,18.6399,393.78,0.02906,2211.0,231.67,0.0,0.0,0.0,0,1,1,1
2003-07-24,0.93,4.2,30.22,362.2,1716.0,981.6,1701.42,18.6,384.77,0.02907,2208.0,232.63,0.0,0.0,0.0,0,1,1,1
2003-07-25,0.93,4.22,30.17,362.7,1739.0,998.68,1730.6999,17.75,390.46,0.02907,2206.0,233.23,0.0,0.0,0.0,0,1,1,1
2003-07-28,0.97,4.31,30.11,364.8,1775.0,996.52,1735.3599,18.36,394.42,0.02908,2203.0,234.42,0.0,0.0,0.0,0,0,0,1
2003-07-29,0.99,4.42,30.24,361.7,1764.5,989.28,1731.3699,18.67,387.12,0.02909,2197.0,234.71,0.0,0.0,0.0,0,1,1,1
2003-07-30,0.98,4.34,30.68,356.2,1781.0,987.49,1720.91,18.85,381.17,0.02907,2186.0,233.76,0.0,0.0,0.0,1,1,1,1
2003-07-31,0.96,4.49,30.54,354.0,1769.0,990.31,1735.02,19.49,389.63,0.02906,2181.0,234.21,0.0,0.0,0.0,1,1,1,1
2003-08-01,0.95,4.44,31.95,346.1,1824.5,980.15,1715.6199,20.75,393.72,0.02898,2176.0,236.38,0.0,0.0,0.0,0,1,0,1
2003-08-04,0.97,4.35,31.53,349.2,1773.0,982.82,1714.06,21.27,395.25,0.02904,2181.0,235.53,0.0,0.0,0.0,0,1,0,1
2003-08-05,0.96,4.47,31.91,349.6,1780.5,965.46,1673.5,22.68,383.34,0.02901,2198.0,234.81,0.0,0.0,0.0,1,1,1,1
2003-08-06,0.95,4.32,31.46,350.8,1784.0,967.08,1652.68,21.5,382.26,0.02903,2230.0,235.84,0.0,0.0,0.0,1,1,1,1
2003-08-07,0.95,4.3,32.23,352.5,1783.0,974.12,1652.18,20.26,380.53,0.02903,2262.0,237.13,0.0,0.0,0.0,1,0,0,1
2003-08-08,0.96,4.27,32.07,356.3,1807.0,977.59,1644.03,19.59,368.69,0.02906,2287.0,236.96,0.0,0.0,0.0,1,1,1,1
2003-08-11,0.96,4.38,31.9,361.7,1765.5,982.7,1661.51,19.75,377.02,0.02908,2298.0,237.17,0.0,0.0,0.0,1,1,1,1
2003-08-12,0.95,4.37,31.82,358.5,1769.0,990.35,1687.01,17.94,384.41,0.02908,2314.0,237.12,0.0,0.0,0.0,1,1,1,1
2003-08-13,0.96,4.58,30.8,362.1,1725.0,984.03,1686.6099,18.77,391.57,0.02908,2326.0,237.2,0.0,0.0,0.0,1,0,0,1
2003-08-14,0.96,4.55,31.03,366.0,1734.5,990.51,1700.3399,18.4699,395.23,0.02908,2336.0,236.52,0.0,0.0,0.0,1,1,1,1
2003-08-15,0.95,4.55,30.99,363.2,1737.5,990.67,1702.01,18.27,394.5,0.02911,2343.0,235.67,0.0,0.0,0.0,0,0,0,1
2003-08-18,0.96,4.49,30.88,358.4,1732.0,999.74,1739.4899,18.18,414.85,0.02911,2343.0,236.57,0.0,0.0,0.0,0,0,0,1
2003-08-19,0.96,4.38,30.7,361.6,1756.0,1002.35,1761.1099,17.86,425.06,0.02911,2340.0,236.09,0.0,0.0,0.0,0,0,0,0
2003-08-20,0.96,4.45,31.04,365.6,1755.0,1000.3,1760.54,17.82,422.24,0.02916,2331.0,238.47,0.0,0.0,0.0,0,0,0,1
2003-08-21,0.97,4.53,31.88,360.6,1746.0,1003.27,1777.55,17.84,435.64,0.02921,2322.0,240.35,0.0,0.0,0.0,0,0,0,1
2003-08-22,0.98,4.48,31.84,363.1,1770.0,993.06,1765.3199,18.5499,439.66,0.02923,2314.0,241.11,0.0,0.0,0.0,0,0,1,1
2003-08-25,1.02,4.53,31.56,361.3,1770.0,993.71,1764.31,19.53,436.92,0.02926,2314.0,240.32,0.0,0.0,0.0,0,0,1,1
2003-08-26,1.01,4.5,31.95,365.8,1761.5,996.73,1770.65,19.49,436.98,0.02924,2297.0,241.08,0.0,0.0,0.0,0,0,1,1
2003-08-27,1.0,4.54,31.21,365.8,1724.0,996.79,1782.13,19.1299,449.91,0.02923,2284.0,240.9,0.0,0.0,0.0,0,0,1,1
2003-08-28,0.99,4.42,31.5,370.5,1731.5,1002.84,1800.18,18.48,453.79,0.02923,2272.0,241.78,0.0,0.0,0.0,0,0,1,1
2003-08-29,0.98,4.45,31.57,375.7,1746.0,1008.01,1810.4499,18.6299,456.06,0.02927,2265.0,243.7,0.0,0.0,0.0,0,0,1,1
2003-09-01,0.98,4.45,31.57,375.7,1759.0,1008.01,1810.4499,18.6299,456.06,0.02932,2262.0,243.7,0.0,0.0,0.0,0,0,1,1
2003-09-02,0.98,4.61,29.35,373.2,1775.0,1021.99,1841.4799,19.02,456.6,0.02931,2265.0,241.29,0.0,0.0,0.0,0,0,1,1
2003-09-03,0.97,4.6,29.46,373.9,1787.0,1026.27,1852.9,19.44,444.36,0.02933,2273.0,241.7,0.0,0.0,0.0,0,0,1,1
2003-09-04,0.97,4.52,28.97,372.9,1790.0,1027.97,1868.9699,18.7099,455.55,0.02931,2284.0,241.8,0.0,0.0,0.0,1,1,1,1
2003-09-05,0.96,4.35,28.86,377.6,1782.5,1021.39,1858.2399,18.17,459.82,0.02931,2304.0,242.96,0.0,0.0,0.0,1,1,1,1
2003-09-08,0.97,4.41,28.92,377.6,1794.5,1031.64,1888.6199,18.26,472.9,0.0293,2320.0,243.34,0.0,0.0,0.0,1,1,1,1
2003-09-09,0.96,4.37,29.23,377.6,1794.5,1023.17,1873.43,18.85,466.73,0.02933,2327.0,244.38,0.0,0.0,0.0,0,0,1,1
2003-09-10,0.96,4.28,29.43,380.0,1774.0,1010.92,1823.81,20.01,441.89,0.02933,2341.0,245.38,0.0,0.0,0.0,1,1,1,1
2003-09-12,0.96,4.27,28.4,375.8,1804.0,1018.63,1855.03,18.68,452.01,0.02933,2364.0,242.19,0.0,0.0,0.0,1,1,1,1
2003-09-15,0.96,4.28,28.25,374.5,1783.0,1014.81,1845.6999,19.28,443.5,0.02929,2379.0,240.42,0.0,0.0,0.0,1,1,1,1
2003-09-16,0.93,4.29,27.68,373.5,1761.5,1029.32,1887.25,18.03,460.24,0.02932,2393.0,237.67,0.0,0.0,0.0,1,1,1,1
2003-09-17,0.95,4.2,27.16,376.2,1788.0,1025.97,1883.0999,18.15,458.53,0.02933,2408.0,238.46,0.0,0.0,0.0,1,1,1,1
2003-09-18,0.96,4.19,27.24,376.6,1776.0,1039.58,1909.55,17.57,461.99,0.02933,2431.0,237.57,0.0,0.0,0.0,0,1,1,1
2003-09-19,0.95,4.17,27.07,381.8,1802.0,1036.3,1905.6999,17.54,460.79,0.02936,2467.0,238.49,0.0,0.0,0.0,0,1,1,1
2003-09-22,0.95,4.26,27.19,387.2,1813.0,1022.82,1874.6199,19.65,449.14,0.02958,2501.0,238.49,0.0,0.0,0.0,0,1,1,1
2003-09-23,0.93,4.24,27.13,385.9,1809.0,1029.03,1901.7199,19.4699,455.88,0.02964,2539.0,240.27,0.0,0.0,0.0,0,1,1,1
2003-09-24,0.95,4.16,28.24,387.5,1815.0,1009.38,1843.6999,21.2199,434.34,0.02962,2605.0,242.47,0.0,0.0,0.0,0,1,1,1
2003-09-25,0.94,4.12,28.29,385.0,1807.0,1003.27,1817.2399,22.26,431.91,0.02959,2709.0,242.51,0.0,0.0,0.0,1,1,1,1
2003-09-26,0.94,4.04,28.16,380.8,1794.0,996.85,1792.0699,22.23,424.7,0.02959,2796.0,239.97,0.0,0.0,0.0,1,1,1,1
2003-09-29,0.96,4.09,28.4,382.4,1784.5,1006.58,1824.56,21.67,432.92,0.02959,2870.0,242.43,0.0,0.0,0.0,1,1,1,1
2003-09-30,0.95,3.96,29.2,385.4,1794.0,995.97,1786.9399,22.7199,419.78,0.0296,2993.0,243.66,0.0,0.0,0.0,1,1,1,1
2003-10-01,0.95,3.96,29.17,384.3,1790.5,1018.22,1832.25,21.07,427.15,0.02958,3138.0,244.28,0.0,0.0,0.0,1,1,1,1
2003-10-02,0.94,4.03,29.57,383.1,1815.0,1020.24,1836.2199,20.7999,429.79,0.02961,3245.0,244.56,0.0,0.0,0.0,1,1,1,1
2003-10-03,0.94,4.21,30.1,369.4,1821.0,1029.85,1880.5699,19.5,449.12,0.02961,3372.0,243.9,0.0,0.0,0.0,1,1,1,1
2003-10-06,0.94,4.17,30.31,372.7,1819.5,1034.35,1893.4599,19.51,448.97,0.02958,3529.0,242.61,0.0,0.0,0.0,1,1,1,1
2003-10-07,0.92,4.27,30.38,377.2,1828.5,1039.25,1907.8499,19.41,459.46,0.02959,3668.0,244.13,0.0,0.0,0.0,1,1,1,1
2003-10-08,0.91,4.27,29.9,375.4,1841.0,1033.78,1893.78,19.18,456.87,0.02961,3829.0,243.38,0.0,0.0,0.0,1,1,1,1
2003-10-09,0.91,4.32,31.09,369.2,1865.0,1038.73,1911.9,18.82,461.81,0.02964,4049.0,244.87,0.0,0.0,0.0,1,1,1,1
2003-10-13,0.92,4.29,32.06,375.2,1899.0,1045.35,1933.53,17.5499,467.68,0.02966,4270.0,247.75,0.0,0.0,0.0,0,0,0,0
2003-10-14,0.93,4.37,31.93,375.7,1912.0,1049.48,1943.1899,17.37,473.94,0.02937,4299.0,247.75,0.0,0.0,0.0,0,0,0,0
2003-10-15,0.93,4.43,31.86,372.5,1926.5,1046.76,1939.0999,17.69,475.41,0.0295,4286.0,247.64,0.0,0.0,0.0,0,0,0,0
2003-10-16,0.93,4.47,31.66,372.7,1940.5,1050.07,1950.14,17.19,480.45,0.02946,4304.0,245.99,0.0,0.0,0.0,0,0,0,0
2003-10-17,0.93,4.41,30.7,371.8,1950.0,1039.32,1912.3599,17.62,465.19,0.02948,4363.0,245.99,0.0,0.0,0.0,0,0,0,0
2003-10-20,0.95,4.41,30.43,374.0,1977.0,1044.68,1925.14,17.04,473.47,0.02949,4421.0,243.46,0.0,0.0,0.0,0,0,0,0
2003-10-21,0.93,4.38,30.32,381.7,1973.0,1046.03,1940.9,16.5499,482.46,0.02941,4477.0,244.79,0.0,0.0,0.0,0,0,0,1
2003-10-22,0.96,4.29,29.92,386.5,1996.0,1030.36,1898.0699,17.67,468.8,0.02941,4514.0,245.33,0.0,0.0,0.0,0,1,1,1
2003-10-23,0.96,4.34,30.3,384.7,1970.0,1033.77,1885.51,17.68,456.8,0.02943,4515.0,248.69,0.0,0.0,0.0,1,1,1,1
2003-10-24,0.95,4.24,30.16,388.9,1961.5,1028.91,1865.5899,17.7099,457.96,0.02939,4517.0,249.34,0.0,0.0,0.0,1,1,1,1
2003-10-27,0.98,4.3,29.92,387.9,1960.5,1031.13,1882.91,18.0499,462.09,0.02942,4539.0,249.34,0.0,0.0,0.0,1,1,1,1
2003-10-28,0.96,4.23,29.56,383.2,1981.0,1046.79,1932.26,16.82,491.11,0.02942,4547.0,249.07,0.0,0.0,0.0,1,1,1,1
2003-10-29,0.96,4.31,28.91,383.2,1988.5,1048.11,1936.56,16.43,496.23,0.02946,4550.0,249.76,0.0,0.0,0.0,1,1,1,1
2003-10-30,0.96,4.36,28.47,384.3,2041.0,1046.94,1932.6899,16.33,498.36,0.02949,4560.0,247.73,0.0,0.0,0.0,1,1,1,1
2003-10-31,0.96,4.33,29.11,384.5,2057.0,1050.71,1932.2099,16.1,496.52,0.02943,4555.0,247.58,0.0,0.0,0.0,1,1,1,1
2003-11-03,0.96,4.4,28.74,377.0,2061.5,1059.02,1967.6999,16.5499,515.77,0.02939,4558.0,245.85,0.0,0.0,0.0,1,1,1,1
2003-11-04,0.95,4.33,28.63,379.9,2053.0,1053.25,1957.9699,16.5499,514.39,0.02939,4524.0,246.57,0.0,0.0,0.0,1,0,0,1
2003-11-05,0.96,4.38,30.13,382.6,2101.0,1051.81,1959.3699,16.86,519.37,0.0294,4432.0,250.13,0.0,0.0,0.0,0,0,0,1
2003-11-06,0.96,4.45,29.97,380.6,2113.5,1058.05,1976.3699,16.74,525.73,0.02939,4349.0,248.64,0.0,0.0,0.0,0,0,0,1
2003-11-07,0.96,4.48,30.56,383.3,2070.5,1053.21,1970.7399,16.93,526.42,0.0294,4308.0,251.03,0.0,0.0,0.0,0,0,0,1
2003-11-10,0.97,4.49,30.62,386.6,2068.0,1047.11,1941.64,17.62,510.63,0.02943,4274.0,250.71,0.0,0.0,0.0,0,0,0,1
2003-11-11,0.97,4.49,30.9,388.1,2058.0,1046.57,1930.75,17.54,513.72,0.02939,4243.0,251.6,0.0,0.0,0.0,0,0,0,1
2003-11-12,0.95,4.44,30.89,394.9,2088.0,1058.53,1973.1099,16.75,531.02,0.0294,4205.0,253.13,0.0,0.0,0.0,0,0,0,1
2003-11-13,0.94,4.3,31.43,394.1,2118.0,1058.41,1967.3499,16.4699,525.7,0.02942,4142.0,255.0,0.0,0.0,0.0,0,0,0,1
2003-11-14,0.95,4.22,31.78,397.8,2103.0,1050.35,1930.26,16.94,509.96,0.02943,4078.0,257.29,0.0,0.0,0.0,0,0,0,1
2003-11-17,0.96,4.18,31.27,391.5,2091.0,1043.63,1909.6099,18.6,506.86,0.02939,4046.0,253.57,0.0,0.0,0.0,0,0,0,1
2003-11-18,0.96,4.17,32.7,397.6,2050.0,1034.15,1881.75,19.11,497.42,0.02939,4026.0,255.37,0.0,0.0,0.0,0,0,0,1
2003-11-19,0.95,4.24,32.07,394.9,2046.0,1042.44,1899.65,18.7999,506.2,0.02941,4029.0,251.92,0.0,0.0,0.0,0,0,0,1
2003-11-20,0.95,4.16,31.86,393.7,1996.0,1033.65,1881.92,19.48,495.55,0.02939,4076.0,250.98,0.0,0.0,0.0,0,0,0,1
2003-11-21,0.94,4.15,31.61,396.0,1980.0,1035.28,1893.88,18.98,502.66,0.02937,4144.0,249.81,0.0,0.0,0.0,0,0,1,1
2003-11-24,0.96,4.23,29.74,391.5,1987.0,1052.08,1947.14,17.44,520.84,0.02935,4193.0,246.15,0.0,0.0,0.0,0,1,1,1
2003-11-25,0.95,4.19,29.77,391.1,2019.0,1053.89,1943.04,16.7099,520.71,0.02932,4257.0,245.67,0.0,0.0,0.0,0,0,1,1
2003-11-26,0.94,4.25,30.41,396.8,2002.5,1058.45,1953.31,16.23,523.14,0.02926,4329.0,248.44,0.0,0.0,0.0,0,0,1,1
2003-11-27,0.94,4.25,30.41,396.8,2029.0,1058.45,1953.31,16.23,523.14,0.02922,4329.0,248.44,0.0,0.0,0.0,1,1,1,1
2003-11-28,0.93,4.34,30.41,396.8,2073.5,1058.2,1960.26,16.32,529.28,0.02923,4417.0,249.88,0.0,0.0,0.0,1,1,1,1
2003-12-01,0.95,4.4,29.95,402.7,2099.0,1070.12,1989.8199,16.77,532.53,0.02927,4442.0,254.37,0.0,0.0,0.0,0,1,1,1
2003-12-02,0.94,4.38,30.62,403.7,2122.0,1066.62,1980.0699,16.27,527.01,0.02928,4464.0,256.74,0.0,0.0,0.0,1,1,1,1
2003-12-03,0.94,4.41,30.93,403.9,2159.0,1064.73,1960.25,16.6299,519.42,0.02931,4484.0,257.76,0.0,0.0,0.0,0,0,1,1
2003-12-04,0.93,4.38,31.13,403.3,2170.0,1069.72,1968.8,16.2999,515.3,0.02933,4493.0,258.39,0.0,0.0,0.0,1,1,1,1
2003-12-05,0.92,4.23,30.64,406.4,2161.0,1061.5,1937.8199,17.09,498.86,0.02932,4515.0,257.54,0.0,0.0,0.0,1,1,1,1
2003-12-08,0.93,4.29,32.0,406.6,2189.5,1069.3,1948.8499,16.54,499.3,0.02936,4526.0,260.61,0.0,0.0,0.0,1,1,1,1
2003-12-09,0.93,4.32,31.6,408.2,2185.5,1060.18,1908.3199,17.6299,478.74,0.0294,4539.0,261.05,0.0,0.0,0.0,1,1,1,1
2003-12-10,0.93,4.3,31.76,406.0,2163.5,1059.05,1904.65,17.87,484.56,0.02938,4570.0,260.44,0.0,0.0,0.0,1,1,1,1
2003-12-11,0.9,4.27,31.75,404.6,2155.0,1071.21,1942.3199,16.73,496.89,0.02937,4608.0,259.09,0.0,0.0,0.0,1,1,1,1
2003-12-12,0.91,4.26,32.95,409.4,2172.0,1074.14,1949.0,16.41,496.15,0.02939,4638.0,262.44,0.0,0.0,0.0,0,1,1,1
2003-12-15,0.9,4.28,33.24,409.2,2179.0,1068.04,1918.26,17.23,482.29,0.0294,4658.0,260.84,0.0,0.0,0.0,0,0,1,1
2003-12-16,0.91,4.24,32.95,407.7,2208.0,1075.13,1924.29,15.93,479.96,0.0294,4668.0,259.31,0.0,0.0,0.0,0,1,1,1
2003-12-17,0.9,4.19,33.39,412.0,2204.0,1076.48,1921.3299,15.58,474.79,0.02938,4675.0,261.35,0.0,0.0,0.0,0,1,1,1
2003-12-18,0.89,4.16,33.75,410.4,2207.5,1089.18,1956.18,16.16,493.72,0.02937,4694.0,261.14,0.0,0.0,0.0,0,1,1,1
2003-12-19,0.88,4.15,33.02,409.2,2246.5,1088.66,1951.02,16.42,489.84,0.02937,4721.0,260.87,0.0,0.0,0.0,0,1,1,1
2003-12-22,0.9,4.18,31.87,410.6,2229.5,1092.94,1955.8,16.94,491.08,0.02936,4741.0,256.79,0.0,0.0,0.0,1,1,1,1
2003-12-23,0.9,4.28,31.95,411.0,2232.5,1096.02,1974.78,16.49,499.93,0.02937,4761.0,255.76,0.0,0.0,0.0,1,1,1,1
2003-12-24,0.9,4.2,32.86,412.3,2251.0,1094.04,1969.2299,16.66,498.02,0.02936,4765.0,256.06,0.0,0.0,0.0,1,1,1,1
2003-12-25,0.9,4.2,32.86,412.3,2251.0,1094.04,1969.2299,16.66,498.02,0.02937,4765.0,256.06,0.0,0.0,0.0,1,1,1,1
2003-12-26,0.87,4.17,32.86,412.3,2251.0,1095.89,1973.14,17.45,498.69,0.02937,4765.0,256.37,0.0,0.0,0.0,1,1,1,1
2003-12-29,0.9,4.24,32.4,414.8,2293.0,1109.48,2006.4799,17.09,510.48,0.02936,4765.0,255.59,0.0,0.0,0.0,1,1,1,1
2003-12-30,0.94,4.29,32.79,416.9,2278.5,1109.64,2009.88,17.68,509.81,0.02938,4765.0,255.77,0.0,0.0,0.0,1,1,1,1
2003-12-31,0.95,4.27,32.52,414.8,2321.0,1111.92,2003.3699,18.3099,508.12,0.02943,4765.0,255.29,0.0,0.0,0.0,1,1,1,1
2004-01-02,0.93,4.38,32.52,414.8,2348.0,1108.48,2006.68,18.2199,504.85,0.02943,4761.0,257.76,0.0,0.0,0.0,1,1,1,1
2004-01-05,0.91,4.41,33.51,424.4,2370.0,1122.22,2047.3599,17.49,523.05,0.0295,4757.0,263.49,0.0,0.0,0.0,1,1,1,1
2004-01-06,0.91,4.29,33.48,422.8,2403.0,1123.67,2057.3701,16.73,525.13,0.02956,4764.0,265.41,0.0,0.0,0.0,1,1,1,1
2004-01-07,0.91,4.27,33.4,421.9,2343.0,1126.33,2077.6799,15.5,527.12,0.02958,4804.0,265.16,0.0,0.0,0.0,1,1,1,1
2004-01-08,0.88,4.27,33.73,424.0,2337.0,1131.92,2100.25,15.61,545.01,0.02959,4901.0,266.21,0.0,0.0,0.0,1,1,1,1
2004-01-09,0.87,4.11,34.03,426.4,2426.0,1121.86,2086.9199,16.75,543.31,0.0296,5046.0,267.77,0.0,0.0,0.0,1,1,1,1
2004-01-12,0.89,4.11,34.4,426.3,2419.0,1127.23,2111.78,16.82,560.65,0.02966,5256.0,269.73,0.0,0.0,0.0,1,1,1,1
2004-01-13,0.89,4.05,34.01,423.7,2416.0,1121.22,2096.4399,18.04,545.1,0.02966,5391.0,268.41,0.0,0.0,0.0,1,1,1,1
2004-01-14,0.88,4.01,33.79,421.7,2399.0,1130.52,2111.1298,16.75,541.92,0.02968,5459.0,268.02,0.0,0.0,0.0,1,1,1,1
2004-01-15,0.88,3.99,32.53,408.4,2403.0,1132.05,2109.08,15.56,550.65,0.02967,5485.0,264.41,0.0,0.0,0.0,1,1,1,1
2004-01-16,0.89,4.04,34.0,406.7,2390.0,1139.83,2140.4599,15.0,557.15,0.02969,5493.0,267.88,0.0,0.0,0.0,1,1,1,1
2004-01-27,0.91,4.11,34.12,410.0,2461.0,1144.05,2116.04,15.35,517.42,0.02983,5276.0,266.99,0.0,0.0,0.0,0,1,1,1
2004-01-28,0.94,4.22,33.62,414.5,2483.0,1128.48,2077.3701,16.78,515.27,0.02997,5340.0,266.99,0.0,0.0,0.0,0,1,1,1
2004-01-29,0.94,4.22,32.81,398.5,2497.0,1134.11,2068.2299,17.1399,511.29,0.02995,5457.0,260.67,0.0,0.0,0.0,1,1,1,1
2004-01-30,0.92,4.16,33.05,402.2,2489.0,1131.13,2066.1499,16.6299,514.42,0.02995,5551.0,262.57,0.0,0.0,0.0,1,1,1,1
2004-02-02,0.94,4.18,33.48,398.7,2540.0,1135.26,2063.1499,17.11,506.01,0.03,5618.0,260.96,0.0,0.0,0.0,1,1,1,1
2004-02-03,0.94,4.13,32.82,399.2,2547.5,1136.03,2066.2099,17.34,508.53,0.03005,5664.0,261.77,0.0,0.0,0.0,1,1,1,1
2004-02-04,0.94,4.15,31.99,401.0,2577.5,1126.52,2014.14,17.87,493.35,0.03004,5681.0,259.95,0.0,0.0,0.0,1,1,1,1
2004-02-05,0.94,4.2,32.17,398.1,2589.0,1128.59,2019.56,17.7099,495.73,0.03004,5653.0,260.67,0.0,0.0,0.0,1,1,1,1
2004-02-06,0.93,4.12,31.74,403.6,2573.0,1142.76,2064.01,16.0,519.41,0.03003,5608.0,261.07,0.0,0.0,0.0,1,1,1,1
2004-02-09,0.94,4.09,32.03,406.8,2619.5,1139.81,2060.57,16.3899,514.16,0.0301,5545.0,262.01,0.0,0.0,0.0,1,1,1,1
2004-02-10,0.95,4.13,33.01,406.4,2613.0,1145.54,2075.33,15.94,516.94,0.03013,5458.0,261.58,0.0,0.0,0.0,1,1,1,1
2004-02-11,0.93,4.05,33.21,410.2,2607.0,1157.76,2089.6599,15.39,526.81,0.03017,5365.0,263.06,0.0,0.0,0.0,1,1,1,1
2004-02-12,0.93,4.1,33.38,413.7,2708.0,1152.11,2073.6101,15.31,518.78,0.03019,5276.0,264.72,0.0,0.0,0.0,1,1,1,1
2004-02-13,0.92,4.05,34.1,410.3,2729.5,1145.81,2053.56,15.58,510.57,0.03018,5242.0,264.85,0.0,0.0,0.0,1,1,1,1
2004-02-16,0.92,4.05,34.56,410.3,2769.0,1145.81,2053.56,15.58,510.57,0.03021,5250.0,264.85,0.0,0.0,0.0,1,1,1,1
2004-02-17,0.95,4.05,34.86,416.0,2839.5,1156.99,2080.35,15.4,518.98,0.03021,5290.0,267.07,0.0,0.0,0.0,1,1,1,1
2004-02-18,0.94,4.05,34.48,412.3,2983.0,1151.82,2076.4699,15.59,522.46,0.03021,5376.0,265.04,0.0,0.0,0.0,1,1,1,1
2004-02-19,0.94,4.05,34.64,412.3,2884.0,1147.06,2045.9599,15.8,514.73,0.03014,5461.0,265.77,0.0,0.0,0.0,1,1,1,1
2004-02-20,0.94,4.1,34.26,397.5,2890.0,1144.11,2037.93,16.04,509.8,0.0301,5516.0,264.13,0.0,0.0,0.0,1,1,1,0
2004-02-23,0.97,4.05,34.35,399.0,2878.0,1140.99,2007.52,16.29,495.81,0.03003,5536.0,265.24,0.0,0.0,0.0,1,1,0,0
2004-02-24,0.97,4.04,34.58,404.5,2906.0,1139.09,2005.4399,15.9,497.22,0.03003,5488.0,268.51,0.0,0.0,0.0,1,1,1,0
2004-02-25,0.96,4.02,35.68,395.0,3001.0,1143.67,2022.9799,14.93,506.29,0.03007,5394.0,269.21,0.0,0.0,0.0,1,1,1,0
2004-02-26,0.96,4.05,35.51,395.1,2949.0,1144.91,2032.5699,14.83,509.84,0.03002,5317.0,273.38,0.0,0.0,0.0,1,0,0,0
2004-02-27,0.96,3.99,36.16,396.4,2987.0,1144.94,2029.8199,14.55,502.26,0.02997,5263.0,274.73,0.0,0.0,0.0,0,0,0,0
2004-03-01,0.97,4.0,36.18,399.3,3060.0,1155.97,2057.8,14.44,513.11,0.03001,5205.0,278.61,0.0,0.0,0.0,0,0,0,0
2004-03-02,0.97,4.05,35.99,393.5,3055.0,1149.1,2039.65,14.86,510.24,0.03001,5150.0,274.84,0.0,0.0,0.0,0,0,0,0
2004-03-03,0.97,4.07,35.05,392.4,3036.0,1151.03,2033.3599,14.55,500.55,0.02996,5109.0,271.44,0.0,0.0,0.0,0,0,0,0
2004-03-04,0.96,4.04,35.81,392.9,2923.0,1154.87,2055.1101,14.4,508.7,0.02999,5135.0,272.65,0.0,0.0,0.0,0,0,0,0
2004-03-05,0.94,3.85,36.44,401.3,2897.0,1156.86,2047.63,14.48,504.25,0.02994,5235.0,274.57,0.0,0.0,0.0,0,0,0,0
2004-03-08,0.96,3.78,35.82,400.6,2924.0,1147.2,2008.78,15.79,485.27,0.02994,5300.0,271.76,0.0,0.0,0.0,0,0,0,0
2004-03-09,0.96,3.73,35.45,404.2,2833.0,1140.58,1995.16,16.6,486.37,0.03001,5344.0,272.06,0.0,0.0,0.0,0,0,0,0
2004-03-10,0.96,3.74,35.36,400.0,2867.0,1123.89,1964.15,18.67,476.29,0.02995,5382.0,272.11,0.0,0.0,0.0,0,0,0,0
2004-03-11,0.97,3.74,36.14,400.7,2891.0,1106.78,1943.89,20.67,473.84,0.02995,5384.0,275.42,0.0,0.0,0.0,0,0,0,0
2004-03-12,0.96,3.78,35.57,395.3,2934.5,1120.57,1984.7299,18.2999,485.1,0.02988,5352.0,274.1,0.0,0.0,0.0,0,0,0,0
2004-03-15,0.96,3.78,36.7,399.4,3039.0,1104.49,1939.1999,21.1299,471.74,0.02992,5280.0,278.36,0.0,0.0,0.0,0,0,0,0
2004-03-16,0.96,3.7,36.68,402.4,3040.0,1110.7,1943.0899,20.34,477.04,0.02998,5204.0,278.36,0.0,0.0,0.0,0,0,0,0
2004-03-17,0.93,3.71,37.62,406.9,3060.0,1123.75,1976.76,18.11,487.09,0.03004,5122.0,281.23,0.0,0.0,0.0,0,0,0,0
2004-03-18,0.93,3.76,37.39,411.1,3052.0,1122.32,1962.4399,18.53,480.66,0.0301,5058.0,282.98,0.0,0.0,0.0,0,0,0,0
2004-03-19,0.94,3.8,37.62,412.5,3076.0,1109.78,1940.4699,19.15,463.35,0.03007,5045.0,282.83,0.0,0.0,0.0,0,0,0,0
2004-03-22,0.95,3.74,37.05,417.0,3095.0,1095.4,1909.9,21.58,458.9,0.03004,5042.0,285.08,0.0,0.0,0.0,0,1,0,0
2004-03-23,0.95,3.73,37.45,419.8,3008.0,1093.95,1901.8,20.67,457.46,0.03004,5044.0,284.59,0.0,0.0,0.0,0,1,0,0
2004-03-24,0.93,3.73,37.01,417.2,3055.0,1091.33,1909.4799,19.8099,468.14,0.03007,5033.0,283.41,0.0,0.0,0.0,1,1,0,0
2004-03-25,0.94,3.75,35.51,416.7,3020.0,1109.19,1967.17,17.8799,485.3,0.03005,4999.0,283.41,0.0,0.0,0.0,1,1,1,1
2004-03-26,0.95,3.85,35.73,422.1,3062.0,1108.06,1960.02,17.33,479.25,0.03005,4959.0,278.86,0.0,0.0,0.0,1,1,1,1
2004-03-29,0.96,3.91,35.45,417.1,3100.0,1122.47,1992.5699,16.5,487.57,0.03013,4927.0,278.43,0.0,0.0,0.0,0,1,0,0
2004-03-30,0.96,3.91,36.25,421.7,3105.5,1127.0,2000.63,16.28,487.03,0.03016,4886.0,282.57,0.0,0.0,0.0,1,1,0,0
2004-03-31,0.95,3.86,35.76,427.3,3067.5,1126.21,1994.2199,16.74,487.12,0.03028,4822.0,283.77,0.0,0.0,0.0,1,1,0,0
2004-04-01,0.93,3.91,33.75,427.8,3110.0,1132.17,2015.01,16.65,495.32,0.03035,4763.0,281.74,0.0,0.0,0.0,1,1,0,0
2004-04-02,0.95,4.15,33.87,421.6,3106.0,1141.81,2057.1699,15.64,513.86,0.03037,4716.0,281.49,0.0,0.0,0.0,1,1,0,0
2004-04-05,0.94,4.24,33.86,415.4,3040.0,1150.57,2079.1201,14.97,518.7,0.03035,4675.0,279.59,0.0,0.0,0.0,1,0,0,0
2004-04-06,0.94,4.19,34.38,418.9,2986.0,1148.16,2059.8999,15.32,508.07,0.03031,4631.0,281.46,0.0,0.0,0.0,1,0,0,0
2004-04-07,0.95,4.19,35.6,422.8,3025.0,1140.53,2050.2399,15.76,507.22,0.03037,4604.0,282.79,0.0,0.0,0.0,0,0,0,0
2004-04-08,0.93,4.21,36.59,419.9,2985.0,1139.32,2052.8798,16.26,511.78,0.03039,4566.0,284.07,0.0,0.0,0.0,0,0,0,0
2004-04-09,0.93,4.21,37.14,419.9,2985.0,1139.32,2052.8798,16.26,511.78,0.03036,4566.0,284.07,0.0,0.0,0.0,0,0,0,0
2004-04-12,0.94,4.25,37.24,420.1,2985.0,1145.2,2065.4799,15.28,515.24,0.03041,4566.0,283.13,0.0,0.0,0.0,0,0,0,0
2004-04-13,0.94,4.35,36.68,407.0,2929.5,1129.44,2030.0799,17.26,506.25,0.03049,4552.0,277.42,0.0,0.0,0.0,0,0,0,0
2004-04-14,0.95,4.4,36.42,399.8,2932.0,1128.17,2024.8499,15.62,503.12,0.03038,4571.0,278.89,0.0,0.0,0.0,0,0,0,0
2004-04-15,0.95,4.42,37.1,397.7,2939.0,1128.84,2002.17,15.74,488.76,0.03029,4590.0,276.87,0.0,0.0,0.0,0,0,0,0
2004-04-16,0.94,4.37,36.99,401.0,2975.0,1134.61,1995.7399,14.94,480.14,0.03033,4610.0,277.52,0.0,0.0,0.0,0,0,0,0
2004-04-19,0.96,4.39,36.75,400.6,3170.0,1135.82,2020.43,15.42,487.03,0.03037,4635.0,277.85,0.0,0.0,0.0,0,0,0,0
2004-04-20,0.97,4.43,36.5,397.7,3103.0,1118.15,1978.63,16.67,469.7,0.03035,4640.0,275.38,0.0,0.0,0.0,0,0,0,0
2004-04-21,0.99,4.45,35.73,390.8,2940.0,1124.09,1995.63,15.6,478.76,0.03028,4616.0,269.29,0.0,0.0,0.0,0,0,0,0
2004-04-22,0.97,4.4,36.71,393.3,2890.0,1139.93,2032.91,14.61,480.48,0.0302,4545.0,269.55,0.0,0.0,0.0,0,0,0,0
2004-04-23,0.98,4.48,36.46,395.1,2870.0,1140.6,2049.77,14.01,487.98,0.03022,4461.0,270.12,0.0,0.0,0.0,0,0,0,0
2004-04-26,0.99,4.46,36.97,396.0,2860.0,1135.53,2036.77,14.77,474.75,0.03025,4368.0,271.39,0.0,0.0,0.0,0,0,0,1
2004-04-27,0.98,4.43,37.53,398.6,2880.0,1138.11,2032.53,15.07,468.33,0.03026,4229.0,274.24,0.0,0.0,0.0,0,0,0,1
2004-04-28,0.97,4.5,37.46,398.6,2761.0,1122.41,1989.54,16.29,462.31,0.03023,4064.0,269.93,0.0,0.0,0.0,0,0,0,1
2004-04-29,0.97,4.55,37.31,386.6,2721.0,1113.89,1958.78,16.6,450.48,0.03003,3982.0,270.81,0.0,0.0,0.0,0,0,1,1
2004-04-30,0.98,4.53,37.38,387.0,2752.0,1107.3,1920.15,17.19,443.48,0.02997,3958.0,272.54,0.0,0.0,0.0,0,1,1,1
2004-05-03,1.0,4.53,37.99,387.0,2752.0,1117.49,1938.7199,16.62,440.87,0.03,3958.0,275.2,0.0,0.0,0.0,1,1,1,1
2004-05-04,1.0,4.56,38.75,391.4,2815.0,1119.55,1950.4799,16.5499,448.31,0.03005,3933.0,277.64,0.0,0.0,0.0,0,0,1,1
2004-05-05,0.99,4.61,39.36,393.4,2815.0,1121.53,1957.26,15.77,452.25,0.03007,3909.0,277.59,0.0,0.0,0.0,1,1,1,1
2004-05-06,1.0,4.63,39.17,388.0,2815.0,1113.99,1937.7399,17.0499,452.48,0.03013,3909.0,274.72,0.0,0.0,0.0,0,1,1,1
2004-05-07,1.07,4.79,39.71,378.7,2766.0,1098.7,1917.9599,18.1299,457.01,0.03002,3924.0,273.53,0.0,0.0,0.0,0,1,1,1
2004-05-10,1.08,4.81,38.75,378.3,2645.5,1087.12,1896.0699,19.77,458.9,0.02976,3928.0,270.34,0.0,0.0,0.0,1,1,1,1
2004-05-11,1.05,4.79,39.97,376.9,2693.0,1095.45,1931.3499,18.57,470.15,0.02972,3900.0,271.3,0.0,0.0,0.0,1,1,1,1
2004-05-12,1.04,4.83,40.66,377.4,2741.0,1097.28,1925.5899,18.1399,461.9,0.02985,3827.0,270.23,0.0,0.0,0.0,0,1,1,1
2004-05-13,1.0,4.85,41.0,374.8,2742.0,1096.44,1926.03,18.86,459.57,0.02974,3747.0,270.69,0.0,0.0,0.0,1,1,1,1
2004-05-14,0.99,4.79,41.3,377.0,2701.0,1095.7,1904.25,18.4699,450.99,0.02971,3638.0,269.19,0.0,0.0,0.0,1,1,1,1
2004-05-17,1.06,4.7,41.48,379.5,2646.0,1084.1,1876.64,19.9599,444.94,0.02969,3535.0,268.36,0.0,0.0,0.0,1,1,1,1
2004-05-18,1.05,4.74,40.42,375.8,2574.5,1091.49,1897.8199,19.33,453.36,0.02969,3452.0,267.05,0.0,0.0,0.0,1,1,1,1
2004-05-19,1.04,4.79,41.52,382.9,2650.0,1088.68,1898.17,18.93,457.74,0.02984,3391.0,271.84,0.0,0.0,0.0,1,1,1,1
2004-05-20,1.03,4.72,40.8,378.4,2650.0,1089.19,1896.5899,18.67,453.88,0.02975,3348.0,269.43,0.0,0.0,0.0,1,1,1,1
2004-05-21,1.03,4.76,39.93,384.8,2750.0,1093.56,1912.0899,18.49,458.18,0.02981,3336.0,269.78,0.0,0.0,0.0,0,1,1,1
2004-05-24,1.07,4.75,41.72,385.6,2758.0,1095.41,1922.9799,18.08,460.54,0.02977,3331.0,274.5,0.0,0.0,0.0,1,1,1,1
2004-05-25,1.07,4.73,41.14,388.3,2761.0,1113.05,1964.65,15.96,475.15,0.02975,3327.0,275.65,0.0,0.0,0.0,0,1,1,1
2004-05-26,1.08,4.67,40.7,388.3,2772.0,1114.94,1976.15,15.97,478.19,0.0298,3308.0,275.7,0.0,0.0,0.0,0,1,1,1
2004-05-27,1.06,4.6,39.44,394.3,2793.0,1121.28,1984.5,15.28,482.46,0.02982,3288.0,275.7,0.0,0.0,0.0,0,1,1,1
2004-05-28,1.08,4.66,39.88,394.0,2830.5,1120.68,1986.7399,15.5,488.86,0.0299,3286.0,277.25,0.0,0.0,0.0,1,1,1,1
2004-05-31,1.08,4.66,39.88,394.0,2830.5,1120.68,1986.7399,15.5,488.86,0.02995,3286.0,277.25,0.0,0.0,0.0,1,1,1,1
2004-06-01,1.17,4.71,42.33,394.6,2865.0,1121.2,1990.77,16.2999,486.05,0.0299,3282.0,281.75,0.0,0.0,0.0,1,1,1,1
2004-06-02,1.17,4.74,39.93,391.6,2878.0,1124.99,1988.9799,16.08,475.08,0.0298,3266.0,276.62,0.0,0.0,0.0,1,1,1,1
2004-06-03,1.17,4.71,39.23,388.1,2800.0,1116.64,1960.26,17.03,463.44,0.02977,3239.0,273.66,0.0,0.0,0.0,1,1,1,1
2004-06-04,1.21,4.78,38.53,390.9,2718.0,1122.5,1978.6199,16.78,470.91,0.02978,3185.0,274.75,0.0,0.0,0.0,1,1,1,1
2004-06-07,1.24,4.78,38.75,393.7,2812.0,1140.42,2020.6199,15.39,488.22,0.02986,3134.0,274.41,0.0,0.0,0.0,1,1,1,1
2004-06-08,1.27,4.78,37.43,391.0,2764.0,1142.18,2023.53,15.01,489.41,0.02988,3067.0,271.44,0.0,0.0,0.0,1,1,1,1
2004-06-09,1.27,4.82,37.74,384.5,2730.0,1131.33,1990.6099,15.39,473.53,0.02992,3006.0,270.25,0.0,0.0,0.0,1,1,1,1
2004-06-10,1.3,4.81,38.65,385.9,2618.0,1136.47,1999.8699,15.04,476.28,0.02982,2939.0,269.93,0.0,0.0,0.0,0,0,1,1
2004-06-11,1.3,4.81,38.45,385.9,2586.0,1136.47,1999.8699,15.04,476.28,0.02976,2887.0,269.93,0.0,0.0,0.0,0,0,1,1
2004-06-14,1.41,4.89,37.88,383.6,2615.0,1125.29,1969.9899,16.07,465.47,0.02967,2849.0,267.75,0.0,0.0,0.0,1,1,1,1
2004-06-15,1.34,4.69,37.42,388.1,2554.0,1132.01,1995.5999,15.05,471.3,0.02968,2810.0,266.62,0.0,0.0,0.0,1,1,1,1
2004-06-16,1.3,4.74,37.65,384.6,2631.0,1133.56,1998.2299,14.79,469.29,0.02968,2762.0,267.43,0.0,0.0,0.0,1,1,1,1
2004-06-17,1.28,4.71,38.81,388.9,2656.0,1132.05,1983.67,15.15,453.44,0.02966,2718.0,270.46,0.0,0.0,0.0,0,1,1,1
2004-06-18,1.29,4.72,39.0,395.1,2630.0,1135.21,1986.7299,14.99,453.08,0.0296,2667.0,269.83,0.0,0.0,0.0,0,1,1,1
2004-06-21,1.33,4.7,38.75,394.0,2657.0,1130.3,1974.38,15.26,450.77,0.02961,2634.0,268.63,0.0,0.0,0.0,0,0,1,1
2004-06-23,1.29,4.71,37.57,395.0,2608.5,1144.06,2020.9799,13.98,476.34,0.0296,2632.0,269.24,0.0,0.0,0.0,0,0,1,1
2004-06-24,1.29,4.66,37.93,403.1,2662.0,1140.65,2015.5699,14.81,470.73,0.02967,2682.0,272.98,0.0,0.0,0.0,0,0,1,1
2004-06-25,1.31,4.66,37.55,402.9,2701.0,1134.43,2025.4699,15.19,478.91,0.02969,2742.0,272.25,0.0,0.0,0.0,0,1,1,1
2004-06-28,1.38,4.76,36.24,401.0,2689.0,1133.35,2019.8199,16.07,470.47,0.02963,2812.0,267.64,0.0,0.0,0.0,1,1,1,1
2004-06-29,1.38,4.7,35.66,392.5,2675.5,1136.2,2034.93,15.47,480.45,0.02961,2895.0,267.29,0.0,0.0,0.0,1,1,1,1
2004-06-30,1.33,4.62,37.05,392.6,2664.5,1140.84,2047.79,14.34,485.09,0.02961,3005.0,265.94,0.0,0.0,0.0,1,1,1,1
2004-07-01,1.22,4.57,38.83,396.0,2711.0,1128.94,2015.55,15.2,467.03,0.02967,3115.0,269.18,0.0,0.0,0.0,1,1,1,1
2004-07-02,1.3,4.48,38.46,398.3,2700.0,1125.38,2006.66,15.08,457.31,0.02965,3207.0,268.23,0.0,0.0,0.0,1,1,1,1
2004-07-05,1.3,4.48,38.46,398.3,2767.0,1125.38,2006.66,15.08,457.31,0.02966,3287.0,268.23,0.0,0.0,0.0,1,1,1,1
2004-07-06,1.34,4.49,39.72,398.3,2753.5,1116.21,1963.43,16.25,439.14,0.02964,3400.0,270.24,0.0,0.0,0.0,1,1,1,1
2004-07-07,1.3,4.5,39.2,402.3,2758.5,1118.33,1966.0799,15.81,444.06,0.02966,3545.0,272.55,0.0,0.0,0.0,1,1,1,1
2004-07-08,1.27,4.49,40.53,407.8,2740.5,1109.11,1935.3199,16.2,442.95,0.02963,3716.0,272.45,0.0,0.0,0.0,1,1,1,1
2004-07-09,1.28,4.49,40.14,407.5,2800.0,1112.81,1946.3299,15.78,451.14,0.02966,3902.0,272.69,0.0,0.0,0.0,1,1,1,1
2004-07-12,1.34,4.46,39.64,408.1,2852.0,1114.35,1936.92,14.96,441.18,0.02967,4025.0,271.85,0.0,0.0,0.0,1,1,1,1
2004-07-13,1.34,4.5,39.54,402.0,2865.0,1115.14,1931.66,14.46,440.42,0.02965,4086.0,270.15,0.0,0.0,0.0,1,1,1,1
2004-07-14,1.34,4.5,41.15,405.4,2811.0,1111.47,1914.88,13.76,420.68,0.0296,4068.0,274.66,0.0,0.0,0.0,1,1,1,1
2004-07-15,1.35,4.5,40.93,404.2,2839.0,1106.69,1912.7099,14.71,418.53,0.02949,4021.0,273.38,0.0,0.0,0.0,1,1,1,1
2004-07-16,1.35,4.38,41.3,406.6,2910.0,1101.39,1883.15,14.34,410.46,0.02952,3971.0,272.3,0.0,0.0,0.0,1,1,1,1
2004-07-19,1.35,4.38,41.44,405.6,2890.0,1100.9,1883.8299,15.17,413.26,0.02952,3930.0,273.12,0.0,0.0,0.0,1,1,1,1
2004-07-20,1.36,4.47,40.44,401.9,2865.0,1108.67,1917.0699,14.17,423.47,0.02947,3888.0,272.3,0.0,0.0,0.0,1,1,1,1
2004-07-21,1.35,4.5,40.58,397.1,2819.0,1093.88,1874.3699,16.41,407.81,0.02946,3841.0,269.69,0.0,0.0,0.0,0,0,1,1
2004-07-22,1.37,4.48,41.36,395.2,2810.0,1096.84,1889.06,15.75,420.44,0.02942,3800.0,270.22,0.0,0.0,0.0,0,1,1,1
2004-07-23,1.38,4.45,41.71,390.5,2760.0,1086.2,1849.0899,16.5,405.58,0.02936,3799.0,270.21,0.0,0.0,0.0,0,1,1,1
2004-07-26,1.45,4.49,41.44,390.3,2802.0,1084.07,1839.02,17.2999,400.35,0.02933,3814.0,267.29,0.0,0.0,0.0,1,1,1,1
2004-07-27,1.46,4.62,41.84,387.0,2772.0,1094.83,1869.0999,16.5499,402.91,0.0293,3832.0,265.68,0.0,0.0,0.0,0,1,1,1
2004-07-28,1.46,4.61,42.9,389.0,2805.0,1095.42,1858.26,16.15,399.49,0.02924,3877.0,267.02,0.0,0.0,0.0,1,1,1,1
2004-07-29,1.45,4.6,42.75,387.0,2855.0,1100.43,1881.06,15.68,411.19,0.02925,3953.0,267.67,0.0,0.0,0.0,1,1,1,1
2004-07-30,1.45,4.5,43.8,391.0,2900.0,1101.72,1887.3599,15.32,416.43,0.02929,4048.0,267.78,0.0,0.0,0.0,1,1,1,1
2004-08-02,1.5,4.48,43.16,391.7,2909.0,1106.62,1892.0899,15.37,418.74,0.02932,4100.0,268.43,0.0,0.0,0.0,0,1,1,1
2004-08-03,1.48,4.45,43.66,394.0,2875.0,1099.69,1859.42,16.03,402.96,0.02933,4177.0,269.29,0.0,0.0,0.0,0,1,1,1
2004-08-04,1.49,4.45,42.3,392.2,2871.0,1098.63,1855.06,16.2099,406.74,0.02926,4205.0,267.83,0.0,0.0,0.0,0,1,1,1
2004-08-05,1.48,4.43,43.8,392.3,2897.0,1080.7,1821.63,18.32,402.39,0.02928,4180.0,269.31,0.0,0.0,0.0,0,1,1,1
2004-08-06,1.44,4.24,43.52,399.8,2842.0,1063.97,1776.89,19.34,386.88,0.02928,4129.0,268.5,0.0,0.0,0.0,1,1,1,1
2004-08-09,1.51,4.28,44.44,400.7,2825.0,1065.22,1774.64,18.8899,387.62,0.02932,4100.0,269.86,0.0,0.0,0.0,1,1,1,1
2004-08-10,1.5,4.32,44.06,400.0,2830.0,1079.04,1808.6999,17.4699,392.96,0.02933,4088.0,269.86,0.0,0.0,0.0,1,1,1,1
2004-08-11,1.44,4.3,44.35,395.5,2870.0,1075.79,1782.42,18.04,372.67,0.02929,4098.0,266.36,0.0,0.0,0.0,1,1,1,1
2004-08-12,1.43,4.27,44.93,394.3,2837.0,1063.23,1752.4899,19.08,365.27,0.02929,4120.0,266.27,0.0,0.0,0.0,1,1,1,1
2004-08-13,1.44,4.22,46.03,398.9,2847.0,1064.8,1757.2199,17.98,366.65,0.02925,4148.0,269.19,0.0,0.0,0.0,1,1,1,1
2004-08-16,1.49,4.26,45.69,402.9,2948.0,1079.34,1782.8399,17.57,370.3,0.02924,4161.0,269.65,0.0,0.0,0.0,1,1,1,1
2004-08-17,1.48,4.21,46.26,404.0,2892.0,1081.71,1795.25,17.02,375.64,0.02925,4180.0,271.69,0.0,0.0,0.0,1,1,1,1
2004-08-18,1.49,4.23,46.35,404.3,2827.0,1095.17,1831.3699,16.23,388.41,0.02926,4188.0,271.79,0.0,0.0,0.0,1,1,1,1
2004-08-19,1.48,4.22,47.64,407.1,2835.0,1091.23,1819.89,16.9599,385.13,0.02935,4193.0,275.78,0.0,0.0,0.0,1,1,1,1
2004-08-20,1.49,4.24,46.72,413.2,2832.0,1098.35,1838.02,16.0,386.0,0.02937,4195.0,276.49,0.0,0.0,0.0,1,1,1,1
2004-08-23,1.54,4.28,46.05,410.5,2810.0,1095.68,1838.6999,15.88,390.09,0.02935,4206.0,277.64,0.0,0.0,0.0,1,1,1,1
2004-08-26,1.55,4.22,43.1,407.4,2798.0,1105.09,1852.92,14.91,380.4,0.02935,4233.0,271.46,0.0,0.0,0.0,1,1,1,1
2004-08-27,1.56,4.23,43.18,403.3,2822.0,1107.77,1862.0899,14.71,382.34,0.02936,4225.0,270.33,0.0,0.0,0.0,1,1,1,1
2004-08-30,1.61,4.19,42.28,407.8,2822.0,1099.15,1836.4899,15.44,373.64,0.02934,4225.0,273.47,0.0,0.0,0.0,1,1,1,1
2004-08-31,1.59,4.13,42.12,410.4,2847.0,1104.24,1838.0999,15.29,371.02,0.02937,4186.0,276.5,0.0,0.0,0.0,1,0,1,1
2004-09-01,1.58,4.13,43.96,408.8,2820.0,1105.91,1850.41,14.91,374.16,0.02944,4134.0,279.85,0.0,0.0,0.0,1,0,1,1
2004-09-02,1.6,4.2,44.01,406.0,2814.0,1118.31,1873.43,14.28,377.6,0.02948,4077.0,278.17,0.0,0.0,0.0,1,0,1,1
2004-09-03,1.65,4.3,43.96,400.5,2773.0,1113.63,1844.4799,13.91,357.84,0.02949,4040.0,273.5,0.0,0.0,0.0,0,0,1,1
2004-09-06,1.65,4.3,43.99,400.5,2775.0,1113.63,1844.4799,13.91,357.84,0.02947,4014.0,273.5,0.0,0.0,0.0,0,0,1,1
2004-09-07,1.66,4.26,43.31,397.4,2767.5,1121.3,1858.56,14.07,353.76,0.02947,4018.0,270.65,0.0,0.0,0.0,0,0,0,1
2004-09-08,1.65,4.18,42.84,399.4,2795.0,1116.27,1850.64,14.06,352.06,0.02949,4056.0,270.54,0.0,0.0,0.0,0,0,1,1
2004-09-09,1.64,4.22,44.63,399.4,2774.0,1118.38,1869.65,14.01,370.98,0.0295,4109.0,272.89,0.0,0.0,0.0,0,0,1,1
2004-09-10,1.66,4.19,42.84,401.9,2842.0,1123.92,1894.31,13.76,383.61,0.02948,4163.0,271.61,0.0,0.0,0.0,0,0,1,1
2004-09-13,1.66,4.16,43.83,404.7,2833.5,1125.82,1910.38,13.17,393.1,0.02949,4192.0,273.47,0.0,0.0,0.0,0,0,1,1
2004-09-14,1.66,4.15,44.34,405.7,2833.5,1128.33,1915.4,13.56,393.5,0.02952,4205.0,273.39,0.0,0.0,0.0,0,0,1,1
2004-09-15,1.67,4.18,43.51,405.0,2821.0,1120.37,1896.52,14.64,380.78,0.02958,4208.0,273.09,0.0,0.0,0.0,0,0,1,1
2004-09-16,1.67,4.08,43.92,405.0,2872.0,1123.5,1904.0799,14.39,381.45,0.02956,4214.0,272.63,0.0,0.0,0.0,0,1,1,1
2004-09-17,1.71,4.14,45.59,405.8,2872.0,1128.55,1910.0899,14.03,388.5,0.02953,4220.0,274.41,0.0,0.0,0.0,0,1,1,1
2004-09-20,1.73,4.07,46.19,405.3,2890.0,1122.2,1908.0699,14.43,399.9,0.0295,4233.0,273.97,0.0,0.0,0.0,0,1,1,1
2004-09-21,1.72,4.05,46.76,408.3,2951.0,1129.3,1921.18,13.66,403.75,0.02948,4229.0,277.93,0.0,0.0,0.0,0,1,1,1
2004-09-22,1.71,4.0,48.35,407.2,2965.0,1113.56,1885.7099,14.74,391.74,0.0295,4222.0,279.49,0.0,0.0,0.0,1,1,1,1
2004-09-23,1.72,4.02,48.46,410.9,2981.0,1108.36,1886.43,14.8,393.79,0.02945,4180.0,280.06,0.0,0.0,0.0,1,1,1,1
2004-09-24,1.73,4.04,48.88,408.1,3012.0,1110.11,1879.4799,14.28,382.55,0.02943,4149.0,277.77,0.0,0.0,0.0,1,1,1,1
2004-09-27,1.74,4.01,49.64,409.1,3066.0,1103.52,1859.88,14.62,376.96,0.02941,4123.0,281.27,0.0,0.0,0.0,1,1,1,1
2004-09-29,1.72,4.1,49.51,413.0,3042.0,1114.8,1893.9399,13.21,380.62,0.0294,4100.0,284.4,0.0,0.0,0.0,1,1,1,1
2004-09-30,1.71,4.14,49.64,418.7,3140.0,1114.58,1896.8399,13.34,384.2,0.02943,4105.0,284.98,0.0,0.0,0.0,1,1,1,1
2004-10-01,1.71,4.21,49.69,419.5,3110.0,1131.5,1942.1999,12.75,401.91,0.02946,4112.0,285.29,0.0,0.0,0.0,1,1,1,1
2004-10-04,1.71,4.19,49.51,414.0,3086.0,1135.17,1952.4,13.41,405.01,0.02952,4130.0,281.79,0.0,0.0,0.0,1,1,1,1
2004-10-05,1.71,4.18,50.64,418.2,3122.0,1134.48,1955.5,13.95,404.58,0.02948,4157.0,284.47,0.0,0.0,0.0,1,1,1,1
2004-10-06,1.71,4.23,51.53,418.4,3182.0,1142.05,1971.03,13.28,406.2,0.02948,4190.0,285.76,0.0,0.0,0.0,1,1,1,1
2004-10-07,1.7,4.26,52.24,418.0,3164.0,1130.65,1948.52,14.5,403.36,0.02949,4254.0,285.54,0.0,0.0,0.0,1,1,1,1
2004-10-08,1.71,4.15,52.94,423.0,3232.0,1122.14,1919.9699,15.05,389.52,0.02952,4313.0,287.6,0.0,0.0,0.0,1,1,1,1
2004-10-11,1.71,4.15,53.34,422.0,3287.0,1124.39,1928.76,14.71,391.53,0.02956,4354.0,288.24,0.0,0.0,0.0,1,1,1,1
2004-10-12,1.72,4.12,52.18,415.1,3204.0,1121.84,1925.17,15.05,386.36,0.02952,4408.0,284.42,0.0,0.0,0.0,1,1,1,1
2004-10-13,1.72,4.09,53.14,413.2,3043.0,1113.65,1920.53,15.42,393.25,0.02951,4473.0,282.56,0.0,0.0,0.0,0,0,1,1
2004-10-14,1.74,4.03,54.06,418.1,2860.0,1103.29,1903.02,16.43,380.6,0.02952,4522.0,284.65,0.0,0.0,0.0,0,0,1,1
2004-10-15,1.76,4.07,53.97,418.7,2980.0,1108.2,1911.5,15.04,381.37,0.02953,4572.0,285.59,0.0,0.0,0.0,0,0,1,1
2004-10-18,1.81,4.07,52.84,416.2,2905.0,1114.02,1936.52,14.71,384.35,0.02953,4602.0,283.18,0.0,0.0,0.0,0,1,1,1
2004-10-19,1.82,4.07,52.64,420.3,2905.0,1103.23,1922.9,15.13,388.29,0.02954,4625.0,285.41,0.0,0.0,0.0,1,1,1,1
2004-10-20,1.82,4.01,54.41,423.5,2895.0,1103.66,1932.9699,14.85,393.36,0.02957,4663.0,287.62,0.0,0.0,0.0,1,1,1,1
2004-10-21,1.85,4.01,54.47,424.8,2920.0,1106.49,1953.6199,14.54,408.98,0.02959,4727.0,286.74,0.0,0.0,0.0,1,1,1,1
2004-10-22,1.85,4.0,55.17,424.6,2923.0,1095.74,1915.14,15.28,395.16,0.02959,4786.0,286.55,0.0,0.0,0.0,1,1,1,1
2004-10-26,1.91,4.01,55.17,426.8,2864.0,1111.09,1928.79,16.3899,396.77,0.02968,4877.0,288.19,0.0,0.0,0.0,1,1,1,1
2004-10-27,1.92,4.11,52.46,424.8,2890.0,1125.4,1969.9899,15.72,410.9,0.02975,4901.0,285.4,0.0,0.0,0.0,1,1,1,1
2004-10-28,1.91,4.09,50.92,425.1,2835.0,1127.44,1975.7399,15.39,412.36,0.02983,4912.0,283.27,0.0,0.0,0.0,1,1,1,1
2004-10-29,1.91,4.05,51.76,428.5,2951.0,1130.2,1974.9899,16.27,412.25,0.02991,4922.0,283.7,0.0,0.0,0.0,1,1,1,1
2004-11-01,1.99,4.11,50.01,427.3,2955.5,1130.51,1979.8699,16.27,413.71,0.02989,4928.0,281.77,0.0,0.0,0.0,1,1,1,1
2004-11-02,1.97,4.1,49.59,420.0,2950.5,1130.56,1984.79,16.18,414.23,0.02987,4937.0,281.06,0.0,0.0,0.0,1,1,1,1
2004-11-03,1.96,4.09,50.82,424.6,2974.0,1130.545,2004.3299,14.04,410.08,0.02992,4950.0,282.54,0.0,0.0,0.0,1,1,1,1
2004-11-04,1.98,4.1,48.84,430.1,3025.0,1161.67,2023.63,13.97,412.72,0.03004,4994.0,282.67,0.0,0.0,0.0,1,1,1,1
2004-11-05,2.03,4.21,49.62,433.6,3030.5,1166.17,2038.9399,13.84,417.83,0.03023,5027.0,283.66,0.0,0.0,0.0,1,1,1,1
2004-11-08,2.07,4.22,49.17,432.7,3101.0,1164.89,2039.25,13.8,418.61,0.0304,5040.0,284.41,0.0,0.0,0.0,1,1,1,1
2004-11-09,2.08,4.22,47.57,435.7,3059.0,1164.08,2043.3299,13.61,415.8,0.03033,5060.0,283.36,0.0,0.0,0.0,0,0,0,0
2004-11-10,2.08,4.25,48.92,434.0,3084.5,1162.91,2034.56,13.08,405.76,0.0302,5082.0,283.36,0.0,0.0,0.0,0,0,0,0
2004-11-11,2.08,4.25,47.6,434.9,3076.0,1173.48,2061.27,13.04,414.26,0.03022,5107.0,284.07,0.0,0.0,0.0,1,1,1,1
2004-11-12,2.08,4.2,47.41,434.9,3125.0,1184.17,2085.34,13.33,423.81,0.03031,5125.0,283.29,0.0,0.0,0.0,1,1,1,1
2004-11-15,2.12,4.2,46.95,437.0,3115.0,1183.81,2094.09,13.38,429.57,0.03049,5152.0,287.38,0.0,0.0,0.0,0,0,0,0
2004-11-16,2.14,4.21,46.2,440.2,3115.0,1175.43,2078.6201,13.21,427.61,0.03047,5191.0,285.64,0.0,0.0,0.0,0,1,1,0
2004-11-17,2.13,4.14,47.12,440.2,3121.0,1181.94,2099.6799,13.21,439.85,0.03062,5264.0,288.86,0.0,0.0,0.0,0,0,0,0
2004-11-18,2.13,4.12,46.38,442.6,3184.0,1183.55,2104.28,12.98,445.64,0.03085,5335.0,288.02,0.0,0.0,0.0,0,0,0,0
2004-11-19,2.15,4.2,48.89,446.8,3165.0,1170.34,2070.6298,13.5,431.88,0.03072,5393.0,288.98,0.0,0.0,0.0,0,0,0,0
2004-11-22,2.2,4.18,48.64,448.8,3146.0,1177.24,2085.1899,12.97,432.88,0.03079,5442.0,287.47,0.0,0.0,0.0,0,1,1,1
2004-11-23,2.19,4.19,48.94,447.8,3210.0,1176.94,2084.28,12.67,429.71,0.03078,5514.0,288.72,0.0,0.0,0.0,0,0,0,0
2004-11-24,2.18,4.2,49.44,449.3,3253.0,1181.76,2102.54,12.72,433.65,0.03088,5626.0,291.76,0.0,0.0,0.0,1,1,1,1
2004-11-25,2.18,4.2,49.44,449.3,3270.0,1181.76,2102.54,12.72,433.65,0.03102,5734.0,291.76,0.0,0.0,0.0,1,1,1,1
2004-11-26,2.21,4.24,49.44,449.3,3204.5,1182.65,2101.9699,12.78,430.98,0.03116,5870.0,291.17,0.0,0.0,0.0,1,1,1,1
2004-11-29,2.23,4.34,49.76,453.7,3275.0,1178.57,2106.8701,13.3,429.89,0.0311,5974.0,291.1,0.0,0.0,0.0,0,0,0,0
2004-11-30,2.23,4.36,49.13,451.3,3262.0,1173.82,2096.81,13.24,423.87,0.03105,6051.0,290.94,0.0,0.0,0.0,1,1,1,1
2004-12-01,2.22,4.38,45.7,454.0,3246.5,1191.37,2138.2299,12.97,440.09,0.03106,6092.0,288.32,0.0,0.0,0.0,1,1,1,1
2004-12-02,2.22,4.4,43.48,450.4,3217.0,1190.33,2143.57,12.98,438.71,0.03126,6134.0,283.85,0.0,0.0,0.0,1,1,1,0
2004-12-03,2.21,4.27,42.75,456.0,3134.5,1191.17,2147.9599,12.96,445.28,0.03106,6172.0,284.4,0.0,0.0,0.0,1,1,1,0
2004-12-06,2.25,4.24,43.24,454.2,3092.0,1190.25,2151.25,13.19,446.88,0.03118,6208.0,284.84,0.0,0.0,0.0,1,1,1,0
2004-12-07,2.25,4.23,41.81,452.0,3137.0,1177.07,2114.6599,13.67,437.51,0.03115,6200.0,281.21,0.0,0.0,0.0,0,0,0,0
2004-12-08,2.24,4.14,42.31,437.2,2991.5,1182.81,2126.1101,13.19,431.91,0.031,6136.0,278.81,0.0,0.0,0.0,0,0,0,0
2004-12-09,2.24,4.19,42.97,435.8,2975.0,1189.24,2129.01,12.88,425.46,0.03093,6013.0,278.23,0.0,0.0,0.0,0,0,0,0
2004-12-10,2.25,4.16,41.36,433.9,3020.0,1188.0,2128.07,12.76,422.75,0.03079,5877.0,276.62,0.0,0.0,0.0,0,0,0,0
2004-12-13,2.24,4.16,41.83,438.9,3072.0,1198.68,2148.5,12.54,425.1,0.03082,5747.0,279.25,0.0,0.0,0.0,0,0,0,0
2004-12-14,2.21,4.14,42.45,435.9,3110.0,1203.38,2159.84,12.73,433.02,0.03082,5551.0,279.37,0.0,0.0,0.0,0,0,0,0
2004-12-15,2.21,4.09,44.69,440.8,3124.0,1205.72,2162.55,12.35,434.04,0.03082,5363.0,284.52,0.0,0.0,0.0,0,0,0,0
2004-12-16,2.2,4.19,44.51,436.9,3156.0,1203.21,2146.1499,12.27,427.09,0.03092,5176.0,282.99,0.0,0.0,0.0,0,0,0,0
2004-12-17,2.2,4.21,46.57,441.6,3130.0,1194.2,2135.1999,11.95,423.75,0.0309,5003.0,287.19,0.0,0.0,0.0,1,1,1,1
2004-12-20,2.22,4.21,45.78,442.4,3158.0,1194.65,2127.85,11.83,419.4,0.03086,4899.0,287.23,0.0,0.0,0.0,1,1,1,1
2004-12-21,2.2,4.18,45.76,441.8,3196.0,1205.45,2150.9099,11.55,424.4,0.03092,4812.0,286.73,0.0,0.0,0.0,1,1,1,1
2004-12-22,2.18,4.21,44.24,440.3,3240.5,1209.57,2157.03,11.45,424.05,0.03096,4719.0,284.26,0.0,0.0,0.0,1,1,0,1
2004-12-23,2.19,4.23,44.18,441.9,3152.0,1210.13,2160.6201,11.23,426.43,0.03103,4639.0,285.21,0.0,0.0,0.0,1,1,0,1
2004-12-24,2.19,4.23,44.18,441.9,3179.0,1210.13,2160.6201,11.23,426.43,0.03107,4598.0,285.21,0.0,0.0,0.0,1,1,0,0
2004-12-27,2.26,4.3,41.32,445.1,3179.0,1204.92,2154.2199,12.14,423.09,0.03108,4598.0,283.38,0.0,0.0,0.0,1,1,0,1
2004-12-28,2.25,4.31,41.77,444.3,3179.0,1213.54,2177.1899,12.0,426.75,0.03122,4598.0,284.27,0.0,0.0,0.0,0,0,0,0
2004-12-29,2.22,4.33,43.64,436.0,3230.0,1213.45,2177.0,11.62,430.53,0.03127,4598.0,284.3,0.0,0.0,0.0,0,0,0,0
2004-12-30,2.22,4.27,43.45,437.5,3214.0,1213.55,2178.34,12.56,431.26,0.03127,4598.0,283.9,0.0,0.0,0.0,0,0,0,0
2004-12-31,2.22,4.24,43.45,437.5,3279.5,1211.92,2175.4399,13.29,433.31,0.03133,4598.0,283.9,0.0,0.0,0.0,0,0,0,0
2005-01-03,2.32,4.23,42.34,428.7,3279.5,1202.08,2152.1499,14.08,424.26,0.0314,4598.0,280.31,0.0,0.0,0.0,0,0,0,0
2005-01-04,2.33,4.29,44.08,425.8,3133.5,1188.05,2107.8601,13.98,410.36,0.0314,4456.0,279.13,0.0,0.0,0.0,1,0,0,0
2005-01-05,2.33,4.29,43.61,426.6,3072.0,1183.74,2091.2399,14.09,404.25,0.03119,4395.0,279.15,0.0,0.0,0.0,0,0,0,0
2005-01-06,2.31,4.29,45.78,421.0,3095.0,1187.89,2090.0,13.58,402.14,0.03108,4405.0,280.71,0.0,0.0,0.0,0,0,0,0
2005-01-07,2.32,4.29,45.65,418.9,3128.5,1186.19,2088.6101,13.49,407.56,0.03112,4485.0,278.86,0.0,0.0,0.0,0,0,0,0
2005-01-10,2.36,4.29,45.57,419.1,3129.0,1190.25,2097.04,13.23,406.25,0.031,4627.0,279.53,0.0,0.0,0.0,0,0,0,0
2005-01-11,2.34,4.26,45.91,421.9,3157.0,1182.99,2079.6201,13.19,396.19,0.03113,4726.0,281.33,0.0,0.0,0.0,0,0,0,0
2005-01-12,2.34,4.25,46.56,426.1,3146.5,1187.7,2092.53,12.56,401.83,0.03122,4776.0,282.5,0.0,0.0,0.0,0,0,0,0
2005-01-13,2.35,4.2,48.19,424.5,3165.0,1177.45,2070.56,12.84,396.17,0.03138,4774.0,285.13,0.0,0.0,0.0,0,0,0,0
2005-01-14,2.37,4.23,48.53,422.7,3116.0,1184.52,2087.9099,12.43,403.14,0.03123,4721.0,283.22,0.0,0.0,0.0,0,0,0,0
2005-01-17,2.37,4.23,48.38,422.7,3184.0,1184.52,2087.9099,12.43,403.14,0.03144,4668.0,283.22,0.0,0.0,0.0,0,0,0,1
2005-01-18,2.39,4.21,48.48,423.2,3112.0,1195.98,2106.04,12.47,406.55,0.03135,4591.0,283.79,0.0,0.0,0.0,0,0,0,0
2005-01-19,2.37,4.2,47.86,423.0,3161.0,1184.63,2073.59,13.18,397.89,0.03144,4471.0,284.23,0.0,0.0,0.0,0,0,0,1
2005-01-20,2.35,4.17,47.31,422.4,3152.0,1175.41,2045.88,13.83,394.81,0.03137,4358.0,282.52,0.0,0.0,0.0,0,0,1,1
2005-01-21,2.36,4.16,48.53,426.7,3209.0,1167.87,2034.27,14.36,389.66,0.03134,4301.0,284.17,0.0,0.0,0.0,0,0,1,1
2005-01-24,2.37,4.14,48.81,426.9,3226.0,1163.75,2008.6999,14.65,383.04,0.03142,4292.0,285.88,0.0,0.0,0.0,0,0,1,1
2005-01-25,2.39,4.2,49.64,422.0,3200.0,1168.41,2019.9499,14.06,389.87,0.03137,4307.0,286.52,0.0,0.0,0.0,0,0,1,1
2005-01-26,2.41,4.21,48.78,426.9,3245.0,1174.07,2046.0899,13.44,400.06,0.03135,4340.0,287.77,0.0,0.0,0.0,0,0,0,1
2005-01-27,2.44,4.22,48.84,426.3,3228.0,1174.55,2047.15,13.24,403.67,0.03138,4396.0,285.5,0.0,0.0,0.0,0,0,1,1
2005-01-28,2.46,4.16,47.18,426.0,3265.0,1171.36,2035.8299,13.24,399.46,0.03144,4461.0,284.18,0.0,0.0,0.0,0,0,1,1
2005-01-31,2.51,4.14,48.2,421.8,3275.5,1181.27,2062.4099,12.82,403.96,0.03146,4488.0,284.75,0.0,0.0,0.0,0,1,1,1
2005-02-01,2.51,4.15,47.57,420.8,3243.0,1189.41,2068.6999,12.03,408.46,0.03145,4470.0,283.91,0.0,0.0,0.0,0,1,1,1
2005-02-02,2.51,4.15,47.15,421.1,3226.0,1193.19,2075.06,11.66,405.83,0.03155,4408.0,282.96,0.0,0.0,0.0,0,1,1,1
2005-02-03,2.48,4.18,46.88,416.6,3170.0,1189.89,2057.6398,11.79,400.7,0.03161,4313.0,281.61,0.0,0.0,0.0,0,1,1,1
2005-02-14,2.59,4.08,48.02,425.8,3224.0,1206.14,2082.9099,11.52,436.22,0.03159,4446.0,287.87,0.0,0.0,0.0,1,1,1,1
2005-02-15,2.59,4.1,47.77,425.9,3252.0,1210.12,2089.2099,11.27,439.24,0.03166,4511.0,289.33,0.0,0.0,0.0,1,1,1,1
2005-02-16,2.57,4.16,48.86,425.5,3260.0,1210.34,2087.4299,11.1,435.53,0.03168,4593.0,288.57,0.0,0.0,0.0,1,1,1,1
2005-02-17,2.58,4.19,48.22,427.3,3241.5,1200.75,2061.34,11.77,429.78,0.03168,4685.0,289.99,0.0,0.0,0.0,1,1,1,1
2005-02-18,2.61,4.27,49.01,427.1,3339.0,1201.59,2058.6201,11.18,427.73,0.0317,4763.0,290.66,0.0,0.0,0.0,1,1,1,1
2005-02-21,2.61,4.27,49.01,427.1,3321.0,1201.59,2058.6201,11.18,427.73,0.03173,4833.0,290.66,0.0,0.0,0.0,1,1,1,1
2005-02-22,2.67,4.29,51.42,434.5,3367.0,1184.16,2030.3199,13.14,425.79,0.03192,4878.0,297.66,0.0,0.0,0.0,1,1,1,1
2005-02-23,2.67,4.27,51.17,434.9,3323.0,1190.8,2031.25,12.39,424.02,0.03205,4880.0,299.16,0.0,0.0,0.0,1,1,1,1
2005-02-24,2.69,4.29,51.39,434.5,3343.0,1200.2,2051.6999,11.57,434.15,0.03208,4834.0,298.04,0.0,0.0,0.0,1,1,1,1
2005-02-25,2.74,4.27,51.49,434.9,3338.0,1211.37,2065.3999,11.49,443.7,0.03208,4771.0,300.23,0.0,0.0,0.0,1,1,1,1
2005-03-01,2.75,4.38,52.31,432.9,3356.0,1210.41,2071.25,12.04,447.05,0.03221,4663.0,305.26,0.0,0.0,0.0,1,1,1,1
2005-03-02,2.74,4.38,53.62,432.8,3287.0,1210.08,2067.5,12.5,440.01,0.03239,4619.0,306.65,0.0,0.0,0.0,1,1,1,1
2005-03-03,2.76,4.39,54.16,429.9,3329.0,1210.47,2058.3999,12.93,434.42,0.0324,4619.0,307.52,0.0,0.0,0.0,0,1,1,1
2005-03-04,2.76,4.32,54.28,434.2,3362.0,1222.12,2070.6101,11.94,433.38,0.03231,4652.0,309.16,0.0,0.0,0.0,1,1,1,1
2005-03-07,2.76,4.31,54.54,435.0,3366.5,1225.31,2090.2099,12.26,441.54,0.03238,4700.0,309.37,0.0,0.0,0.0,1,1,1,1
2005-03-08,2.75,4.38,55.23,440.3,3408.0,1219.43,2073.55,12.4,435.44,0.03239,4745.0,312.65,0.0,0.0,0.0,1,1,1,1
2005-03-09,2.76,4.52,55.38,442.1,3380.0,1207.01,2061.29,12.7,434.33,0.03245,4781.0,313.7,0.0,0.0,0.0,1,1,1,1
2005-03-10,2.75,4.48,54.26,442.1,3374.5,1209.25,2059.7199,12.49,440.46,0.03248,4791.0,315.15,0.0,0.0,0.0,1,1,1,1
2005-03-11,2.76,4.56,55.12,446.2,3365.0,1200.08,2041.5999,12.8,427.88,0.03245,4768.0,318.61,0.0,0.0,0.0,0,1,0,1
2005-03-14,2.8,4.52,55.65,441.1,3365.0,1206.83,2051.04,12.39,430.25,0.03243,4741.0,317.24,0.0,0.0,0.0,1,1,1,1
2005-03-15,2.81,4.54,55.65,440.9,3355.0,1197.75,2034.9799,13.15,421.12,0.03226,4685.0,320.5,0.0,0.0,0.0,1,1,1,1
2005-03-16,2.8,4.52,57.04,443.7,3413.0,1188.07,2015.75,13.49,416.92,0.03223,4596.0,322.42,0.0,0.0,0.0,1,1,1,1
2005-03-17,2.79,4.47,56.91,438.7,3424.5,1190.21,2016.42,13.29,417.8,0.03216,4575.0,321.15,0.0,0.0,0.0,1,1,1,1
2005-03-18,2.81,4.51,57.24,439.3,3388.0,1189.65,2007.79,13.14,414.13,0.0321,4625.0,319.2,0.0,0.0,0.0,1,0,0,1
2005-03-21,2.85,4.53,57.46,431.1,3413.0,1183.78,2007.51,13.61,413.41,0.03196,4665.0,313.49,0.0,0.0,0.0,0,0,0,0
2005-03-22,2.89,4.63,56.03,431.3,3411.0,1171.71,1989.3399,14.27,410.09,0.03186,4679.0,313.02,0.0,0.0,0.0,0,0,0,0
2005-03-23,2.83,4.61,53.81,425.2,3407.0,1172.53,1990.2199,14.06,414.86,0.03188,4685.0,306.51,0.0,0.0,0.0,0,0,0,0
2005-03-24,2.84,4.6,54.84,424.7,3385.0,1171.42,1991.06,13.42,415.88,0.03178,4685.0,306.88,0.0,0.0,0.0,0,0,0,0
2005-03-25,2.84,4.6,54.84,424.7,3385.0,1171.42,1991.06,13.42,415.88,0.03175,4685.0,306.88,0.0,0.0,0.0,0,0,0,0
2005-03-28,2.84,4.64,54.05,425.9,3385.0,1174.28,1992.52,13.75,415.5,0.03157,4685.0,307.36,0.0,0.0,0.0,0,0,0,1
2005-03-29,2.84,4.6,54.23,426.0,3380.0,1165.36,1973.88,14.49,410.16,0.03147,4672.0,308.93,0.0,0.0,0.0,0,0,0,0
2005-03-30,2.83,4.56,53.99,426.9,3394.0,1181.41,2005.67,13.64,419.66,0.03146,4653.0,311.02,0.0,0.0,0.0,1,1,1,1
2005-03-31,2.79,4.5,55.4,428.7,3408.0,1180.59,1999.2299,14.02,416.99,0.03172,4637.0,313.57,0.0,0.0,0.0,0,0,0,0
2005-04-01,2.8,4.46,58.29,428.7,3409.0,1172.92,1984.81,14.09,411.22,0.03185,4627.0,311.88,0.0,0.0,0.0,0,0,0,0
2005-04-04,2.8,4.47,58.1,423.9,3385.0,1176.12,1991.0699,14.11,409.42,0.03166,4631.0,310.1,0.0,0.0,0.0,0,0,0,1
2005-04-06,2.76,4.44,56.89,427.1,3395.0,1184.07,1999.14,13.15,410.87,0.03167,4660.0,308.07,0.0,0.0,0.0,0,0,0,1
2005-04-07,2.77,4.49,55.33,426.5,3435.0,1191.14,2018.79,12.33,418.97,0.03169,4676.0,306.28,0.0,0.0,0.0,0,0,0,1
2005-04-08,2.79,4.5,54.65,426.9,3435.0,1181.2,1999.3499,12.62,416.95,0.03164,4699.0,304.32,0.0,0.0,0.0,0,0,1,1
2005-04-11,2.76,4.45,55.1,428.6,3473.5,1181.21,1992.1199,11.98,413.61,0.03169,4721.0,304.18,0.0,0.0,0.0,1,0,1,1
2005-04-12,2.76,4.38,53.53,427.6,3497.0,1187.76,2005.4,11.3,413.14,0.03168,4753.0,302.63,0.0,0.0,0.0,1,0,1,1
2005-04-13,2.77,4.38,52.15,429.3,3406.0,1173.79,1974.3699,13.31,401.93,0.03171,4804.0,300.83,0.0,0.0,0.0,0,0,1,1
2005-04-14,2.78,4.37,52.75,424.0,3305.0,1162.05,1946.7099,14.53,395.71,0.03163,4824.0,299.38,0.0,0.0,0.0,0,0,1,1
2005-04-15,2.79,4.27,52.06,424.9,3330.0,1142.62,1908.15,17.74,382.64,0.03155,4835.0,298.83,0.0,0.0,0.0,0,0,1,1
2005-04-18,2.9,4.27,51.47,427.5,3355.0,1145.98,1912.92,16.5599,385.85,0.03155,4810.0,297.69,0.0,0.0,0.0,0,0,1,1
2005-04-19,2.91,4.21,53.57,432.9,3395.0,1152.78,1932.3599,14.96,392.56,0.03167,4735.0,304.03,0.0,0.0,0.0,0,0,1,1
2005-04-20,2.87,4.22,54.03,435.3,3466.0,1137.5,1913.76,16.92,383.97,0.03173,4620.0,306.99,0.0,0.0,0.0,0,1,1,1
2005-04-21,2.88,4.32,54.2,433.0,3385.0,1159.95,1962.41,14.41,394.72,0.0317,4504.0,306.71,0.0,0.0,0.0,0,0,1,1
2005-04-22,2.93,4.26,55.39,434.3,3410.0,1152.12,1932.1899,15.38,389.35,0.03174,4381.0,307.29,0.0,0.0,0.0,0,0,1,1
2005-04-25,2.93,4.26,54.57,434.6,3365.5,1162.1,1950.78,14.62,391.44,0.03187,4284.0,308.68,0.0,0.0,0.0,0,0,0,1
2005-04-26,2.91,4.28,54.2,437.9,3413.0,1151.74,1927.4399,14.91,388.62,0.03183,4172.0,309.78,0.0,0.0,0.0,0,0,0,1
2005-04-27,2.89,4.25,51.61,433.0,3375.5,1156.38,1930.43,14.87,387.73,0.03181,4026.0,305.88,0.0,0.0,0.0,0,1,1,1
2005-04-28,2.88,4.19,51.77,431.3,3337.0,1143.22,1904.18,16.86,384.34,0.03182,3921.0,304.4,0.0,0.0,0.0,1,1,1,1
2005-04-29,2.9,4.21,49.72,435.0,3348.5,1156.85,1921.65,15.31,385.65,0.03197,3850.0,303.74,0.0,0.0,0.0,1,1,1,1
2005-05-03,2.91,4.21,51.23,426.7,3315.0,1161.17,1933.0699,14.53,385.08,0.03197,3815.0,299.69,0.0,0.0,0.0,1,1,1,1
2005-05-04,2.87,4.2,51.9,429.0,3295.0,1175.65,1962.2299,13.85,394.38,0.03206,3835.0,300.97,0.0,0.0,0.0,1,1,1,1
2005-05-05,2.81,4.19,52.49,429.8,3294.0,1172.63,1961.8,13.98,394.32,0.03211,3898.0,300.2,0.0,0.0,0.0,1,1,1,1
2005-05-06,2.87,4.28,52.67,426.1,3370.0,1171.35,1967.3499,14.05,396.82,0.03209,3969.0,300.46,0.0,0.0,0.0,1,1,1,1
2005-05-09,2.91,4.29,53.38,426.2,3355.5,1178.84,1979.67,13.75,398.54,0.03202,4024.0,300.82,0.0,0.0,0.0,1,1,1,1
2005-05-10,2.9,4.23,53.49,427.2,3341.0,1166.22,1962.77,14.91,394.43,0.03203,4016.0,301.44,0.0,0.0,0.0,0,1,1,1
2005-05-11,2.87,4.21,51.95,427.2,3332.0,1171.11,1971.55,14.45,395.87,0.03204,3931.0,300.95,0.0,0.0,0.0,0,1,1,1
2005-05-12,2.88,4.18,50.19,421.6,3285.0,1159.36,1963.88,16.12,397.02,0.03199,3832.0,296.02,0.0,0.0,0.0,0,1,1,1
2005-05-13,2.83,4.12,50.28,420.2,3192.0,1154.05,1976.78,16.32,408.23,0.03193,3770.0,293.85,0.0,0.0,0.0,0,1,1,1
2005-05-16,2.89,4.13,50.17,418.9,3165.0,1165.69,1994.43,15.68,411.11,0.03184,3737.0,293.09,0.0,0.0,0.0,0,1,1,1
2005-05-17,2.88,4.12,50.67,419.4,3113.0,1173.8,2004.15,14.57,414.56,0.03188,3695.0,294.09,0.0,0.0,0.0,0,1,1,1
2005-05-18,2.86,4.07,49.13,421.5,3169.0,1185.56,2030.65,13.63,418.89,0.03186,3637.0,294.85,0.0,0.0,0.0,1,1,1,1
2005-05-19,2.87,4.11,48.74,420.5,3186.5,1191.08,2042.5799,13.32,420.09,0.03195,3559.0,293.54,0.0,0.0,0.0,0,1,1,1
2005-05-20,2.9,4.13,48.65,417.4,3195.0,1189.28,2046.42,13.14,425.23,0.03193,3523.0,293.28,0.0,0.0,0.0,1,1,1,1
2005-05-23,2.97,4.07,49.16,416.6,3165.0,1193.86,2056.6499,12.95,423.86,0.03184,3496.0,296.47,0.0,0.0,0.0,1,1,1,1
2005-05-24,2.94,4.04,49.67,417.5,3249.0,1194.07,2061.6201,12.69,430.43,0.03189,3430.0,296.72,0.0,0.0,0.0,1,1,1,1
2005-05-25,2.95,4.08,50.98,418.8,3248.0,1190.01,2050.1201,12.58,425.69,0.03188,3366.0,299.24,0.0,0.0,0.0,0,1,1,1
2005-05-26,2.94,4.08,51.01,418.0,3234.0,1197.62,2071.2399,12.24,433.6,0.03184,3317.0,300.09,0.0,0.0,0.0,0,1,1,1
2005-05-27,2.97,4.08,51.85,419.9,3264.0,1198.78,2075.7299,12.15,430.43,0.03189,3279.0,300.89,0.0,0.0,0.0,1,1,1,1
2005-05-30,2.97,4.08,51.85,419.9,3264.0,1198.78,2075.7299,12.15,430.43,0.03192,3279.0,300.89,0.0,0.0,0.0,1,1,1,1
2005-05-31,2.99,4.0,51.97,416.3,3214.0,1191.5,2068.2199,13.29,428.95,0.03188,3219.0,300.83,0.0,0.0,0.0,1,1,1,1
2005-06-01,2.97,3.91,55.42,415.3,3202.0,1202.27,2087.8601,12.36,432.11,0.03186,3180.0,304.33,0.0,0.0,0.0,1,1,1,1
2005-06-02,2.97,3.89,54.62,422.7,3307.0,1204.29,2097.8,11.84,440.07,0.03185,3125.0,304.16,0.0,0.0,0.0,0,0,1,1
2005-06-03,3.01,3.98,55.98,423.7,3480.0,1196.02,2071.4299,12.15,434.26,0.03195,3093.0,306.7,0.0,0.0,0.0,0,0,0,1
2005-06-06,3.02,3.96,55.69,426.5,3500.0,1197.51,2075.76,12.28,432.28,0.03203,3041.0,307.28,0.0,0.0,0.0,0,0,1,1
2005-06-07,3.02,3.92,54.94,424.8,3530.0,1197.26,2067.1599,12.39,427.52,0.03202,2995.0,306.21,0.0,0.0,0.0,1,1,1,1
2005-06-08,3.02,3.95,53.85,424.7,3442.0,1194.67,2060.1799,12.7,430.27,0.03198,2931.0,303.73,0.0,0.0,0.0,1,1,1,1
2005-06-09,2.99,3.98,55.57,424.2,3439.0,1200.93,2076.9099,12.08,438.49,0.03194,2889.0,304.18,0.0,0.0,0.0,1,1,1,1
2005-06-10,3.01,4.05,54.68,427.4,3508.0,1198.11,2063.0,11.96,430.75,0.03194,2821.0,302.48,0.0,0.0,0.0,0,0,0,0
2005-06-13,3.03,4.09,56.82,429.3,3504.5,1200.82,2068.9599,11.65,430.32,0.03187,2762.0,304.28,0.0,0.0,0.0,1,0,1,1
2005-06-14,3.01,4.13,55.97,427.5,3516.0,1203.91,2069.04,11.79,425.65,0.03182,2705.0,304.96,0.0,0.0,0.0,0,0,1,1
2005-06-15,3.0,4.12,56.41,429.1,3513.0,1206.58,2074.9199,11.46,427.23,0.03186,2636.0,306.98,0.0,0.0,0.0,0,0,0,1
2005-06-16,2.98,4.09,57.43,436.2,3564.0,1210.96,2089.1499,11.15,429.33,0.03183,2586.0,308.59,0.0,0.0,0.0,0,0,1,1
2005-06-17,2.99,4.09,59.18,438.3,3670.0,1216.96,2090.1101,11.48,430.51,0.03193,2543.0,310.98,0.0,0.0,0.0,0,0,1,1
2005-06-20,3.02,4.11,59.88,438.4,3637.0,1216.1,2088.1298,11.47,428.3,0.03193,2518.0,313.76,0.0,0.0,0.0,0,0,1,1
2005-06-21,3.02,4.06,59.04,438.9,3615.0,1213.61,2091.07,11.08,431.36,0.03186,2510.0,311.03,0.0,0.0,0.0,0,1,1,1
2005-06-22,3.03,3.95,58.09,438.1,3562.0,1213.88,2092.03,11.05,433.68,0.03189,2548.0,311.03,0.0,0.0,0.0,0,0,1,1
2005-06-23,3.07,3.96,59.42,441.7,3505.0,1200.73,2070.6599,12.13,435.25,0.03189,2593.0,311.45,0.0,0.0,0.0,0,1,1,1
2005-06-24,3.09,3.92,59.84,440.5,3670.0,1191.57,2053.27,12.18,427.0,0.03189,2617.0,312.24,0.0,0.0,0.0,0,1,1,1
2005-06-27,3.15,3.9,60.54,440.3,3625.0,1190.69,2045.1999,12.52,421.37,0.03188,2621.0,311.37,0.0,0.0,0.0,0,1,1,1
2005-06-28,3.14,3.97,58.2,436.4,3578.5,1201.57,2069.8898,11.58,425.19,0.03181,2606.0,304.48,0.0,0.0,0.0,0,1,1,1
2005-06-29,3.13,3.99,57.26,437.3,3564.5,1199.85,2068.8898,11.77,421.37,0.03164,2573.0,303.1,0.0,0.0,0.0,1,1,1,1
2005-06-30,3.13,3.94,56.5,435.9,3597.0,1191.33,2056.9599,12.04,419.07,0.03163,2521.0,300.0,0.0,0.0,0.0,1,1,1,1
2005-07-01,3.17,4.06,59.81,427.9,3510.5,1194.44,2057.3701,11.4,419.36,0.03156,2486.0,303.86,0.0,0.0,0.0,1,1,1,1
2005-07-04,3.17,4.06,59.81,427.9,3444.0,1194.44,2057.3701,11.4,419.36,0.03145,2461.0,303.86,0.0,0.0,0.0,1,1,1,1
2005-07-05,3.22,4.11,60.74,422.9,3453.0,1204.99,2078.75,11.68,425.87,0.03121,2434.0,309.76,0.0,0.0,0.0,1,1,1,1
2005-07-06,3.19,4.08,62.13,423.5,3527.0,1194.94,2068.6499,12.27,430.33,0.03131,2402.0,313.32,0.0,0.0,0.0,1,1,1,1
2005-07-07,3.15,4.05,61.68,423.3,3510.0,1197.87,2075.6599,12.49,431.89,0.03118,2384.0,312.01,0.0,0.0,0.0,1,1,1,1
2005-07-08,3.17,4.11,60.64,422.9,3582.0,1211.86,2112.8798,11.45,442.75,0.03114,2365.0,309.9,0.0,0.0,0.0,1,1,1,1
2005-07-11,3.19,4.11,60.08,425.5,3623.5,1219.44,2135.4299,11.28,451.6,0.03127,2354.0,308.9,0.0,0.0,0.0,1,1,1,1
2005-07-12,3.21,4.15,61.48,426.3,3610.0,1222.21,2143.1499,10.95,456.1,0.03135,2345.0,311.68,0.0,0.0,0.0,1,1,1,1
2005-07-13,3.22,4.17,60.85,423.9,3602.0,1223.29,2144.1101,10.84,458.15,0.03127,2338.0,311.54,0.0,0.0,0.0,0,0,0,0
2005-07-14,3.23,4.19,58.7,419.6,3595.5,1226.5,2152.82,10.81,463.93,0.03133,2320.0,309.11,0.0,0.0,0.0,0,0,1,0
2005-07-15,3.26,4.18,59.13,420.7,3565.0,1227.92,2156.78,10.33,463.64,0.03131,2307.0,309.57,0.0,0.0,0.0,0,0,1,0
2005-07-19,3.31,4.2,58.69,419.7,3608.0,1229.35,2173.1799,10.45,468.75,0.03131,2247.0,304.79,0.0,0.0,0.0,0,1,1,0
2005-07-20,3.3,4.17,58.02,421.7,3652.5,1235.2,2188.57,10.23,476.73,0.03125,2201.0,303.37,0.0,0.0,0.0,0,0,1,0
2005-07-21,3.35,4.28,57.13,425.4,3692.0,1227.04,2178.6,10.97,468.94,0.0313,2133.0,300.76,0.0,0.0,0.0,0,0,0,0
2005-07-22,3.38,4.23,58.65,424.7,3656.0,1233.68,2179.7399,10.52,475.19,0.0316,2054.0,304.25,0.0,0.0,0.0,0,0,1,0
2005-07-25,3.44,4.25,59.0,425.7,3715.0,1229.03,2166.7399,11.1,472.17,0.03149,2004.0,305.29,0.0,0.0,0.0,0,1,1,0
2005-07-26,3.43,4.24,59.2,423.4,3700.0,1231.16,2175.9899,10.99,477.04,0.03138,1951.0,306.13,0.0,0.0,0.0,0,1,1,1
2005-07-27,3.4,4.27,59.11,424.7,3707.0,1236.79,2186.2199,10.36,473.89,0.03128,1896.0,307.1,0.0,0.0,0.0,0,1,1,0
2005-07-28,3.41,4.2,59.94,426.8,3720.5,1243.72,2198.4399,10.52,474.28,0.0313,1851.0,310.53,0.0,0.0,0.0,0,1,1,0
2005-07-29,3.42,4.28,60.57,429.9,3775.0,1234.18,2184.83,11.57,474.44,0.03125,1804.0,312.0,0.0,0.0,0.0,0,1,1,0
2005-08-01,3.48,4.32,62.7,431.9,3757.5,1235.35,2195.3798,12.08,474.37,0.03133,1769.0,314.72,0.0,0.0,0.0,1,1,1,1
2005-08-02,3.49,4.34,62.87,431.9,3801.0,1244.12,2218.1499,11.75,486.2,0.0314,1749.0,317.57,0.0,0.0,0.0,0,1,0,0
2005-08-03,3.46,4.3,61.87,436.9,3780.5,1245.04,2216.81,11.83,484.29,0.03135,1747.0,315.32,0.0,0.0,0.0,0,0,0,0
2005-08-04,3.47,4.32,62.31,437.9,3780.0,1235.86,2191.32,12.52,472.54,0.03143,1769.0,315.73,0.0,0.0,0.0,1,1,0,0
2005-08-08,3.54,4.42,64.9,434.7,3761.0,1223.13,2164.3898,13.21,465.86,0.0313,1868.0,318.25,0.0,0.0,0.0,1,1,1,1
2005-08-09,3.52,4.41,64.16,434.2,3698.0,1231.38,2174.1899,12.4,471.51,0.03129,1907.0,314.67,0.0,0.0,0.0,1,1,1,1
2005-08-10,3.51,4.4,66.06,434.2,3724.0,1229.13,2157.81,12.38,465.75,0.03132,1959.0,319.94,0.0,0.0,0.0,1,1,1,0
2005-08-11,3.51,4.32,66.75,445.5,3692.0,1237.81,2174.55,12.42,469.05,0.03134,2044.0,322.59,0.0,0.0,0.0,0,0,0,0
2005-08-12,3.52,4.24,67.37,445.9,3770.0,1230.39,2156.8999,12.74,462.83,0.03136,2125.0,322.96,0.0,0.0,0.0,0,0,0,0
2005-08-15,3.54,4.27,67.07,442.2,3795.0,1233.87,2167.04,12.26,467.76,0.03128,2169.0,318.91,0.0,0.0,0.0,0,0,0,0
2005-08-16,3.54,4.23,66.7,446.1,3810.0,1219.34,2137.06,13.52,458.2,0.03126,2215.0,319.59,0.0,0.0,0.0,0,0,0,0
2005-08-17,3.52,4.28,63.85,439.9,3811.0,1220.24,2145.1499,13.3,464.15,0.03119,2286.0,313.68,0.0,0.0,0.0,1,0,0,0
2005-08-18,3.5,4.21,63.77,439.5,3783.0,1219.02,2136.08,13.42,461.28,0.03114,2372.0,311.75,0.0,0.0,0.0,1,0,0,0
2005-08-19,3.52,4.21,65.79,437.2,3789.0,1219.71,2135.56,13.42,462.27,0.03107,2478.0,315.18,0.0,0.0,0.0,0,0,0,0
2005-08-22,3.53,4.22,65.65,438.1,3815.0,1221.73,2141.4099,13.42,467.72,0.03114,2567.0,317.12,0.0,0.0,0.0,0,0,0,0
2005-08-23,3.53,4.2,65.71,439.4,3840.0,1217.59,2137.25,13.34,467.52,0.03112,2612.0,317.56,0.0,0.0,0.0,0,0,0,0
2005-08-24,3.53,4.19,67.32,437.3,3836.0,1209.59,2128.9099,14.17,463.97,0.03098,2634.0,320.02,0.0,0.0,0.0,0,0,0,0
2005-08-25,3.54,4.18,67.49,438.4,3802.5,1212.37,2134.3701,13.73,467.05,0.03097,2631.0,318.33,0.0,0.0,0.0,1,0,0,0
2005-08-26,3.55,4.2,66.13,437.4,3854.0,1205.1,2120.77,13.72,464.02,0.03095,2625.0,317.1,0.0,0.0,0.0,1,0,0,0
2005-08-29,3.54,4.2,67.2,437.0,3854.0,1212.28,2137.6499,13.52,470.25,0.03078,2625.0,323.23,0.0,0.0,0.0,0,0,0,0
2005-08-30,3.54,4.16,69.81,431.2,3910.0,1208.41,2129.76,13.65,468.63,0.03062,2608.0,331.19,0.0,0.0,0.0,0,0,0,0
2005-08-31,3.52,4.02,68.94,433.8,3915.0,1220.33,2152.09,12.6,473.75,0.03053,2592.0,331.19,0.0,0.0,0.0,0,0,0,0
2005-09-02,3.46,4.03,68.16,444.2,3952.0,1218.02,2141.07,13.57,467.42,0.03074,2479.0,331.35,0.0,0.0,0.0,0,0,0,0
2005-09-05,3.46,4.03,67.57,444.2,3893.5,1218.02,2141.07,13.57,467.42,0.03084,2424.0,331.35,0.0,0.0,0.0,0,0,0,0
2005-09-06,3.52,4.09,66.71,444.4,3903.0,1233.39,2166.8601,12.93,474.71,0.03069,2418.0,329.36,0.0,0.0,0.0,0,0,0,0
2005-09-07,3.49,4.15,65.03,444.9,3852.0,1236.36,2172.03,12.52,473.4,0.03063,2480.0,324.19,0.0,0.0,0.0,0,0,0,0
2005-09-08,3.48,4.15,65.27,446.7,3825.0,1231.67,2166.03,12.93,478.81,0.03054,2561.0,324.71,0.0,0.0,0.0,0,0,0,0
2005-09-09,3.49,4.14,64.9,449.0,3728.0,1241.48,2175.51,11.98,482.16,0.03053,2626.0,323.32,0.0,0.0,0.0,0,0,0,0
2005-09-12,3.51,4.18,64.01,449.7,3775.0,1240.56,2182.83,11.65,481.09,0.0306,2701.0,319.98,0.0,0.0,0.0,0,0,0,0
2005-09-13,3.47,4.14,63.78,446.1,3782.0,1231.2,2171.75,12.39,482.2,0.03054,2766.0,318.0,0.0,0.0,0.0,0,0,0,0
2005-09-14,3.42,4.17,65.73,449.8,3765.0,1227.16,2149.33,12.91,478.11,0.03051,2819.0,321.66,0.0,0.0,0.0,0,0,0,0
2005-09-15,3.45,4.22,65.25,455.5,3718.0,1227.73,2146.1499,12.49,473.26,0.03046,2885.0,319.71,0.0,0.0,0.0,0,0,0,0
2005-09-16,3.5,4.26,63.34,459.5,3725.0,1237.91,2160.35,11.22,474.77,0.03037,2949.0,315.39,0.0,0.0,0.0,0,0,0,0
2005-09-19,3.58,4.25,67.51,466.7,3675.0,1231.02,2145.26,12.14,468.14,0.03022,2977.0,327.41,0.0,0.0,0.0,0,0,0,0
2005-09-20,3.61,4.26,66.2,466.2,3850.0,1221.34,2131.33,12.64,466.26,0.03026,3011.0,325.16,0.0,0.0,0.0,0,0,0,0
2005-09-21,3.41,4.19,66.8,468.9,3865.0,1210.2,2106.6398,13.79,458.16,0.03022,3056.0,327.04,0.0,0.0,0.0,0,0,0,0
2005-09-22,3.47,4.19,66.5,466.6,3957.0,1214.62,2110.78,13.33,457.11,0.03018,3073.0,328.29,0.0,0.0,0.0,1,1,1,1
2005-09-23,3.48,4.25,64.19,463.5,3978.0,1215.29,2116.84,12.96,460.72,0.03014,3069.0,323.11,0.0,0.0,0.0,1,1,1,1
2005-09-26,3.52,4.3,65.82,465.9,3960.0,1215.63,2121.4599,13.04,462.83,0.03005,3058.0,326.93,0.0,0.0,0.0,1,1,1,1
2005-09-27,3.49,4.3,65.07,462.6,3954.0,1215.66,2116.4199,12.76,457.13,0.03005,3011.0,327.03,0.0,0.0,0.0,0,0,1,1
2005-09-28,3.46,4.26,66.35,469.7,3976.0,1216.89,2115.3999,12.63,459.26,0.03005,2953.0,333.33,0.0,0.0,0.0,1,0,1,1
2005-09-29,3.54,4.29,66.79,472.3,3955.0,1227.68,2141.2199,12.24,466.36,0.03011,2907.0,334.85,0.0,0.0,0.0,1,1,1,1
2005-09-30,3.55,4.34,66.24,469.0,3949.0,1228.81,2151.6899,11.92,475.32,0.03013,2907.0,332.97,0.0,0.0,0.0,1,1,1,1
2005-10-03,3.61,4.39,65.29,466.1,3905.0,1226.7,2155.4299,12.46,478.11,0.03008,2944.0,333.22,0.0,0.0,0.0,0,0,1,0
2005-10-04,3.63,4.38,63.76,466.1,3961.0,1214.47,2139.3601,13.2,472.92,0.03003,2981.0,329.72,0.0,0.0,0.0,0,0,1,0
2005-10-05,3.58,4.36,62.69,466.1,3992.0,1196.39,2103.02,14.55,466.42,0.03009,3019.0,328.2,0.0,0.0,0.0,0,0,0,0
2005-10-06,3.61,4.37,61.06,471.9,4039.0,1191.49,2084.08,14.96,458.35,0.03007,3062.0,323.93,0.0,0.0,0.0,0,0,0,0
2005-10-07,3.63,4.35,61.62,474.7,4090.0,1195.9,2090.35,14.59,461.11,0.03009,3098.0,323.93,0.0,0.0,0.0,0,1,1,0
2005-10-11,3.73,4.39,63.05,477.1,4091.0,1184.87,2061.09,15.63,438.71,0.03006,3202.0,330.46,0.0,0.0,0.0,0,0,0,0
2005-10-12,3.7,4.45,63.61,473.9,4111.0,1177.68,2037.4699,16.2199,436.97,0.02997,3273.0,332.1,0.0,0.0,0.0,0,1,1,0
2005-10-13,3.75,4.48,62.61,471.1,4064.0,1176.84,2047.2199,16.4699,446.33,0.02988,3337.0,328.92,0.0,0.0,0.0,0,0,0,0
2005-10-14,3.78,4.48,61.99,469.2,3960.0,1186.57,2064.83,14.87,442.69,0.0299,3370.0,327.64,0.0,0.0,0.0,0,1,1,0
2005-10-17,3.86,4.5,63.61,474.1,4049.0,1190.1,2070.3,14.67,444.72,0.0299,3361.0,332.45,0.0,0.0,0.0,0,1,1,0
2005-10-18,3.85,4.49,62.44,472.1,4130.0,1178.14,2056.0,15.33,439.3,0.02978,3305.0,329.18,0.0,0.0,0.0,1,1,1,0
2005-10-19,3.86,4.47,61.51,463.5,4132.0,1195.76,2091.2399,13.5,439.4,0.02969,3227.0,326.75,0.0,0.0,0.0,1,1,1,0
2005-10-20,3.85,4.46,60.02,461.0,4180.0,1177.8,2068.1101,16.11,439.81,0.02969,3162.0,322.36,0.0,0.0,0.0,0,1,0,0
2005-10-21,3.87,4.39,60.63,467.0,4032.0,1179.59,2082.2099,16.1299,441.85,0.02973,3130.0,322.51,0.0,0.0,0.0,0,1,0,0
2005-10-24,3.92,4.45,60.32,465.0,4016.0,1199.38,2115.83,14.74,446.79,0.02961,3116.0,321.36,0.0,0.0,0.0,1,1,1,1
2005-10-25,3.93,4.54,62.44,472.8,4079.5,1196.54,2109.4499,14.53,442.14,0.02964,3125.0,329.19,0.0,0.0,0.0,1,1,1,1
2005-10-26,3.9,4.6,60.66,471.2,4142.5,1191.38,2100.05,14.59,439.58,0.02971,3139.0,324.23,0.0,0.0,0.0,1,1,1,1
2005-10-27,3.88,4.57,61.09,473.8,4088.0,1178.9,2063.81,16.02,427.64,0.0297,3149.0,323.41,0.0,0.0,0.0,0,0,0,0
2005-10-28,3.93,4.58,61.22,473.0,3986.0,1198.41,2089.8798,14.25,424.87,0.02976,3140.0,322.13,0.0,0.0,0.0,0,0,0,0
2005-10-31,3.98,4.57,59.76,465.1,4091.0,1207.01,2120.3,15.32,432.64,0.02981,3113.0,316.29,0.0,0.0,0.0,0,0,0,0
2005-11-01,3.96,4.58,60.54,458.8,4063.0,1202.76,2114.05,14.85,428.54,0.02978,3081.0,315.83,0.0,0.0,0.0,0,0,0,0
2005-11-02,3.94,4.61,60.49,464.8,4092.0,1214.76,2144.31,13.48,441.22,0.02977,3030.0,316.45,0.0,0.0,0.0,0,0,0,0
2005-11-03,3.94,4.65,62.55,460.1,4150.0,1219.94,2160.2199,13.0,449.53,0.02974,2988.0,321.29,0.0,0.0,0.0,0,0,0,0
2005-11-04,3.98,4.66,61.5,456.3,4166.0,1220.14,2169.4299,13.17,451.83,0.02971,2967.0,318.77,0.0,0.0,0.0,0,0,0,0
2005-11-07,3.96,4.65,60.53,459.0,4150.0,1222.81,2178.2399,13.1,453.28,0.02968,2945.0,317.45,0.0,0.0,0.0,0,0,0,0
2005-11-08,3.96,4.57,60.73,460.9,4110.0,1218.59,2172.07,13.08,452.3,0.02966,2935.0,318.24,0.0,0.0,0.0,0,0,0,0
2005-11-09,3.99,4.64,59.76,466.3,4154.0,1220.65,2175.81,12.8,458.66,0.02972,2946.0,316.54,0.0,0.0,0.0,0,0,0,0
2005-11-10,3.97,4.55,58.74,466.6,4178.5,1230.96,2196.6799,11.9,464.53,0.02976,3004.0,314.53,0.0,0.0,0.0,1,0,0,0
2005-11-11,3.97,4.55,58.48,468.7,4272.0,1234.72,2202.4699,11.63,461.15,0.02987,3033.0,315.59,0.0,0.0,0.0,1,0,0,0
2005-11-14,4.02,4.61,58.51,468.2,4292.0,1233.76,2200.9499,12.18,463.73,0.02994,3048.0,315.08,0.0,0.0,0.0,0,0,0,0
2005-11-15,4.01,4.56,57.61,468.1,4320.0,1229.01,2186.7399,12.23,462.27,0.02984,3029.0,312.73,0.0,0.0,0.0,0,0,0,0
2005-11-16,4.0,4.49,58.45,478.3,4309.5,1231.21,2187.9299,12.26,461.88,0.02974,2991.0,315.31,0.0,0.0,0.0,0,0,0,0
2005-11-17,4.01,4.46,57.15,486.2,4374.0,1242.8,2220.4599,11.25,466.79,0.02974,2935.0,313.21,0.0,0.0,0.0,0,0,0,0
2005-11-18,4.01,4.5,57.21,485.6,4420.5,1248.27,2227.07,11.12,478.46,0.02973,2898.0,312.74,0.0,0.0,0.0,0,0,0,0
2005-11-21,4.0,4.46,57.7,489.0,4381.0,1254.85,2241.6699,10.82,478.58,0.02975,2869.0,313.63,0.0,0.0,0.0,0,0,0,0
2005-11-22,3.93,4.43,58.84,492.6,4358.0,1261.23,2253.56,10.6,482.87,0.02974,2837.0,315.5,0.0,0.0,0.0,0,0,0,0
2005-11-23,3.95,4.47,58.71,492.1,4245.0,1265.61,2259.9799,10.96,480.48,0.02986,2810.0,314.38,0.0,0.0,0.0,0,0,0,0
2005-11-24,3.95,4.47,58.71,492.1,4354.5,1265.61,2259.9799,10.96,480.48,0.02986,2786.0,314.38,0.0,0.0,0.0,0,0,0,0
2005-11-25,3.95,4.43,58.71,492.1,4371.0,1268.25,2263.01,10.88,484.61,0.02981,2757.0,314.67,0.0,0.0,0.0,0,0,0,0
2005-11-28,3.98,4.41,57.36,498.3,4380.0,1257.46,2239.3701,11.84,478.76,0.02976,2739.0,312.72,0.0,0.0,0.0,0,0,0,0
2005-11-29,3.98,4.48,56.5,499.1,4380.0,1257.48,2232.7099,11.89,475.78,0.02983,2743.0,311.23,0.0,0.0,0.0,0,0,0,0
2005-11-30,3.95,4.49,57.32,494.6,4404.5,1249.48,2232.82,12.06,481.64,0.02984,2770.0,314.27,0.0,0.0,0.0,0,0,0,0
2005-12-01,3.97,4.52,59.35,502.5,4465.0,1264.67,2267.1699,11.24,501.91,0.02979,2772.0,320.71,0.0,0.0,0.0,0,0,0,0
2005-12-02,3.99,4.52,60.21,503.3,4555.0,1265.08,2273.3701,11.01,505.59,0.02982,2767.0,323.38,0.0,0.0,0.0,1,1,0,1
2005-12-05,4.04,4.57,60.85,508.9,4565.0,1262.09,2257.6398,11.6,497.67,0.02986,2764.0,325.59,0.0,0.0,0.0,1,1,1,1
2005-12-06,4.04,4.49,60.85,510.2,4521.5,1263.7,2260.76,11.52,502.86,0.02989,2746.0,324.29,0.0,0.0,0.0,1,1,1,1
2005-12-07,4.03,4.52,60.18,514.3,4587.0,1257.37,2252.01,12.18,496.9,0.02986,2693.0,324.66,0.0,0.0,0.0,1,1,1,1
2005-12-08,3.94,4.47,61.61,519.3,4597.0,1255.84,2246.4599,12.21,488.41,0.02985,2650.0,330.44,0.0,0.0,0.0,1,1,1,1
2005-12-09,3.94,4.54,60.38,527.0,4612.0,1259.36,2256.7299,11.69,497.21,0.02984,2639.0,327.81,0.0,0.0,0.0,0,0,0,0
2005-12-12,3.9,4.56,62.26,528.4,4610.0,1260.43,2260.9499,11.47,500.2,0.0298,2624.0,333.7,0.0,0.0,0.0,1,0,0,1
2005-12-13,3.91,4.54,62.31,521.0,4585.0,1267.43,2265.0,11.11,502.84,0.02985,2613.0,335.62,0.0,0.0,0.0,0,0,0,1
2005-12-14,3.89,4.45,61.87,506.5,4581.5,1272.74,2262.59,10.48,500.77,0.02997,2582.0,331.39,0.0,0.0,0.0,0,0,0,0
2005-12-15,3.93,4.47,61.1,503.9,4481.0,1270.94,2260.6298,10.73,498.38,0.0301,2566.0,328.61,0.0,0.0,0.0,0,0,0,0
2005-12-16,3.93,4.45,59.05,503.4,4615.0,1267.32,2252.4799,10.68,495.29,0.03014,2536.0,326.36,0.0,0.0,0.0,0,0,0,0
2005-12-19,3.96,4.45,58.05,503.6,4625.5,1259.92,2222.7399,11.38,483.9,0.03013,2510.0,326.09,0.0,0.0,0.0,0,0,0,0
2005-12-20,3.95,4.47,58.09,494.6,4585.5,1259.62,2222.4199,11.19,486.38,0.03008,2475.0,325.81,0.0,0.0,0.0,0,0,0,0
2005-12-21,3.98,4.49,58.56,493.0,4576.0,1262.79,2231.6599,10.81,484.76,0.03007,2439.0,326.53,0.0,0.0,0.0,0,0,0,0
2005-12-22,3.98,4.44,58.28,502.7,4556.0,1268.12,2246.4899,10.29,490.67,0.03007,2417.0,326.76,0.0,0.0,0.0,0,0,0,1
2005-12-23,3.99,4.38,58.43,503.0,4595.0,1268.66,2249.4199,10.27,491.82,0.03014,2407.0,326.31,0.0,0.0,0.0,0,0,0,0
2005-12-26,3.99,4.38,58.43,503.0,4595.0,1268.66,2249.4199,10.27,491.82,0.03021,2407.0,326.31,0.0,0.0,0.0,0,0,1,1
2005-12-27,3.98,4.34,58.16,508.0,4595.0,1256.54,2226.8898,11.57,485.59,0.03018,2407.0,324.59,0.0,0.0,0.0,0,0,1,1
2005-12-28,3.95,4.38,59.82,508.0,4650.0,1258.17,2228.9399,11.35,486.68,0.03021,2407.0,329.32,0.0,0.0,0.0,1,1,1,1
2005-12-29,4.01,4.37,60.32,515.7,4588.0,1254.42,2218.1599,11.61,482.0,0.03039,2407.0,329.32,0.0,0.0,0.0,0,0,1,1
2005-12-30,4.08,4.39,61.04,517.0,4584.5,1248.29,2205.32,12.07,479.49,0.03044,2407.0,331.83,0.0,0.0,0.0,1,1,1,1
2006-01-02,4.08,4.39,61.04,517.0,4584.5,1248.29,2205.32,12.07,479.49,0.03047,2407.0,331.83,0.0,0.0,0.0,1,1,1,1
2006-01-03,4.16,4.37,63.99,530.7,4537.0,1268.8,2243.7399,11.14,493.13,0.03063,2438.0,336.37,0.0,0.0,0.0,0,0,1,1
2006-01-04,4.19,4.36,64.2,530.7,4692.0,1273.46,2263.4599,11.37,496.69,0.03092,2468.0,338.49,0.0,0.0,0.0,1,1,1,1
2006-01-05,4.2,4.36,63.59,526.3,4652.0,1273.48,2276.8701,11.31,508.54,0.03123,2495.0,335.8,0.0,0.0,0.0,1,1,1,1
2006-01-06,4.22,4.38,64.97,539.7,4550.0,1285.45,2305.6201,11.0,519.57,0.03106,2497.0,339.47,0.0,0.0,0.0,1,1,1,1
2006-01-09,4.23,4.38,64.35,549.1,4689.0,1290.15,2318.6899,11.13,524.33,0.0313,2493.0,337.33,0.0,0.0,0.0,0,1,1,1
2006-01-10,4.29,4.43,64.1,544.3,4710.5,1289.69,2320.32,10.86,527.75,0.03123,2470.0,336.45,0.0,0.0,0.0,1,1,1,1
2006-01-11,4.3,4.46,64.45,548.8,4695.0,1294.18,2331.3601,10.94,536.44,0.03118,2428.0,335.71,0.0,0.0,0.0,0,1,1,1
2006-01-12,4.32,4.42,64.49,548.3,4651.0,1286.06,2316.6899,11.2,529.28,0.03137,2382.0,334.71,0.0,0.0,0.0,0,1,1,1
2006-01-13,4.33,4.36,64.58,556.1,4685.5,1287.61,2317.04,11.23,526.64,0.03125,2341.0,336.84,0.0,0.0,0.0,0,0,0,0
2006-01-16,4.33,4.36,63.92,556.1,4754.0,1287.61,2317.04,11.23,526.64,0.03132,2307.0,336.77,0.0,0.0,0.0,0,0,0,0
2006-01-17,4.38,4.34,66.94,553.4,4692.5,1282.93,2302.6899,11.91,518.44,0.03125,2263.0,342.45,0.0,0.0,0.0,0,1,1,1
2006-01-18,4.35,4.34,66.25,543.7,4700.0,1277.93,2279.6398,12.25,518.89,0.03113,2214.0,338.8,0.0,0.0,0.0,1,1,1,1
2006-01-19,4.35,4.38,67.19,558.4,4762.0,1285.04,2301.81,11.98,534.74,0.03111,2169.0,341.34,0.0,0.0,0.0,1,1,1,1
2006-01-20,4.35,4.37,68.48,553.5,4706.5,1261.49,2247.6999,14.56,512.57,0.03113,2121.0,345.15,0.0,0.0,0.0,1,1,1,1
2006-01-23,4.38,4.36,68.1,558.3,4715.0,1263.82,2248.4699,13.93,515.54,0.03127,2084.0,344.78,0.0,0.0,0.0,1,1,1,1
2006-01-24,4.4,4.4,67.06,557.7,4710.0,1266.86,2265.25,13.31,520.71,0.03127,2050.0,343.72,0.0,0.0,0.0,1,1,1,1
2006-01-25,4.42,4.49,65.85,562.2,4848.0,1264.68,2260.6499,12.87,521.53,0.03128,2033.0,342.52,0.0,0.0,0.0,1,1,1,1
2006-02-03,4.48,4.54,66.22,567.4,5100.0,1264.03,2262.58,12.96,528.77,0.03116,2145.0,345.9,0.0,0.0,0.0,1,1,1,1
2006-02-06,4.48,4.55,66.08,570.2,5081.0,1265.02,2258.8,13.04,540.14,0.03116,2167.0,343.25,0.0,0.0,0.0,1,1,0,0
2006-02-07,4.49,4.57,64.14,551.0,5145.5,1254.78,2244.9599,13.59,540.73,0.03103,2167.0,336.43,0.0,0.0,0.0,1,1,0,0
2006-02-08,4.5,4.56,63.53,550.1,5025.0,1265.65,2266.9799,12.83,548.48,0.03091,2223.0,336.07,0.0,0.0,0.0,1,1,0,1
2006-02-09,4.52,4.54,63.59,564.5,5092.0,1263.78,2255.8701,13.12,546.83,0.03085,2256.0,336.96,0.0,0.0,0.0,1,1,1,1
2006-02-10,4.53,4.59,62.86,550.2,5011.0,1266.99,2261.8798,12.87,540.39,0.03099,2297.0,331.6,0.0,0.0,0.0,1,1,0,0
2006-02-13,4.55,4.58,62.31,539.0,4958.0,1262.86,2239.81,13.35,532.8,0.03089,2328.0,327.57,0.0,0.0,0.0,0,0,0,0
2006-02-14,4.55,4.62,61.03,545.9,5009.0,1275.53,2262.1699,12.25,536.46,0.03096,2389.0,325.05,0.0,0.0,0.0,1,1,0,0
2006-02-15,4.55,4.61,59.25,539.7,4954.0,1280.0,2276.4299,12.31,538.23,0.03091,2484.0,320.75,0.0,0.0,0.0,0,0,0,0
2006-02-16,4.55,4.59,60.13,546.0,4804.0,1289.38,2294.6298,11.48,545.95,0.03086,2621.0,322.6,0.0,0.0,0.0,0,0,0,0
2006-02-17,4.54,4.54,61.29,551.8,4960.0,1287.24,2282.3601,12.01,535.41,0.03087,2740.0,326.15,0.0,0.0,0.0,0,0,0,0
2006-02-20,4.54,4.54,59.88,551.8,4930.5,1287.24,2282.3601,12.01,535.41,0.03086,2798.0,326.69,0.0,0.0,0.0,0,0,0,0
2006-02-21,4.56,4.57,62.74,553.9,4983.0,1283.03,2262.9599,12.41,523.77,0.03079,2792.0,330.26,0.0,0.0,0.0,0,0,0,0
2006-02-22,4.57,4.53,61.01,553.9,5019.0,1292.67,2283.1699,11.88,530.78,0.03063,2668.0,326.03,0.0,0.0,0.0,0,0,0,0
2006-02-23,4.59,4.56,60.54,548.4,4967.0,1287.79,2279.32,11.87,524.48,0.0307,2626.0,324.11,0.0,0.0,0.0,0,0,0,0
2006-02-24,4.6,4.58,62.91,548.4,4978.0,1289.43,2287.04,11.46,524.55,0.03078,2622.0,328.9,0.0,0.0,0.0,0,0,0,0
2006-02-27,4.62,4.59,61.0,554.7,4740.0,1294.12,2307.1799,11.59,527.39,0.03081,2644.0,320.99,0.0,0.0,0.0,0,0,0,0
2006-03-01,4.6,4.59,63.62,563.5,4848.0,1291.24,2314.6398,11.54,545.87,0.03098,2708.0,324.84,0.0,0.0,0.0,0,0,0,0
2006-03-02,4.62,4.64,65.07,568.2,5032.0,1289.14,2311.1101,11.72,546.29,0.03095,2698.0,329.21,0.0,0.0,0.0,0,0,0,0
2006-03-03,4.62,4.68,65.36,566.0,5051.0,1287.23,2302.6,11.96,537.78,0.03086,2682.0,331.34,0.0,0.0,0.0,0,0,0,0
2006-03-06,4.6,4.74,64.05,554.8,5018.0,1278.26,2286.03,12.74,528.57,0.03079,2674.0,325.25,0.0,0.0,0.0,0,0,0,0
2006-03-07,4.6,4.74,63.32,552.7,4888.0,1275.88,2268.3798,12.66,513.44,0.03074,2667.0,321.44,0.0,0.0,0.0,0,0,0,0
2006-03-08,4.58,4.73,61.79,542.5,4801.0,1278.47,2267.4599,12.32,510.62,0.03074,2682.0,317.87,0.0,0.0,0.0,0,0,0,0
2006-03-09,4.6,4.74,62.42,545.5,4910.0,1272.23,2249.7199,12.68,503.53,0.03075,2702.0,319.93,0.0,0.0,0.0,0,0,0,0
2006-03-10,4.62,4.76,61.84,539.9,4905.0,1281.58,2262.04,11.85,502.34,0.03076,2704.0,319.42,0.0,0.0,0.0,0,0,0,0
2006-03-13,4.61,4.77,63.67,546.1,4962.0,1284.13,2267.03,11.37,499.93,0.03077,2697.0,322.99,0.0,0.0,0.0,0,0,0,0
2006-03-14,4.59,4.71,65.09,551.7,4992.5,1297.48,2295.8999,10.74,511.08,0.03083,2666.0,326.97,0.0,0.0,0.0,0,0,0,0
2006-03-15,4.63,4.73,63.84,553.1,5025.5,1303.02,2311.84,11.35,512.63,0.03086,2605.0,325.63,0.0,0.0,0.0,0,0,1,1
2006-03-16,4.62,4.65,65.1,554.4,5000.0,1305.33,2299.56,11.98,496.06,0.03082,2537.0,327.55,0.0,0.0,0.0,0,0,1,1
2006-03-17,4.64,4.68,64.2,554.1,5215.0,1307.25,2306.4799,12.12,496.37,0.03084,2502.0,325.83,0.0,0.0,0.0,0,0,0,0
2006-03-20,4.66,4.66,61.96,555.2,5190.0,1305.08,2314.1101,11.79,498.21,0.03084,2493.0,320.64,0.0,0.0,0.0,0,0,0,0
2006-03-21,4.69,4.71,62.34,552.4,5189.0,1297.23,2294.2299,11.62,497.22,0.03077,2511.0,322.77,0.0,0.0,0.0,0,0,1,1
2006-03-22,4.69,4.7,61.77,550.9,5185.0,1305.04,2303.35,11.21,497.59,0.03072,2526.0,320.27,0.0,0.0,0.0,1,1,1,1
2006-03-23,4.67,4.73,63.91,550.1,5308.0,1301.67,2300.1499,11.17,499.92,0.0307,2550.0,325.94,0.0,0.0,0.0,0,1,1,1
2006-03-24,4.65,4.67,64.26,560.0,5318.0,1302.95,2312.82,11.19,504.84,0.03061,2565.0,326.98,0.0,0.0,0.0,1,1,1,1
2006-03-27,4.63,4.7,64.16,567.0,5366.5,1301.61,2315.58,11.46,503.82,0.0307,2569.0,327.71,0.0,0.0,0.0,0,1,1,1
2006-03-28,4.65,4.79,66.07,566.6,5368.5,1293.23,2304.4599,11.58,493.51,0.0307,2533.0,331.66,0.0,0.0,0.0,1,1,1,1
2006-03-29,4.63,4.81,66.45,573.0,5388.0,1302.89,2337.78,10.95,505.63,0.03068,2510.0,332.92,0.0,0.0,0.0,0,1,1,1
2006-03-30,4.61,4.86,67.15,586.7,5463.5,1300.25,2340.82,11.57,505.51,0.03073,2496.0,337.31,0.0,0.0,0.0,1,1,1,1
2006-03-31,4.63,4.86,66.63,581.8,5438.0,1294.83,2339.79,11.39,499.65,0.03081,2496.0,333.18,0.0,0.0,0.0,0,1,1,1
2006-04-03,4.67,4.88,68.04,589.4,5658.0,1297.81,2336.7399,11.57,505.18,0.03069,2508.0,335.61,0.0,0.0,0.0,0,1,1,1
2006-04-04,4.68,4.87,67.66,586.0,5581.0,1305.93,2345.3601,11.14,504.04,0.0308,2513.0,332.43,0.0,0.0,0.0,0,1,1,1
2006-04-06,4.68,4.9,69.06,595.2,5797.5,1309.04,2361.1699,11.45,524.61,0.03093,2504.0,339.35,0.0,0.0,0.0,0,1,1,1
2006-04-07,4.69,4.97,68.64,588.4,5746.5,1295.5,2339.02,12.26,514.94,0.03093,2514.0,337.18,0.0,0.0,0.0,1,1,1,1
2006-04-10,4.69,4.97,70.11,597.6,5933.0,1296.6,2333.27,12.19,510.86,0.03086,2516.0,339.99,0.0,0.0,0.0,1,1,1,1
2006-04-11,4.7,4.93,70.38,595.2,6006.5,1286.57,2310.35,13.0,503.34,0.03082,2515.0,340.48,0.0,0.0,0.0,1,1,1,1
2006-04-12,4.7,4.98,70.09,597.5,6168.0,1288.12,2314.6799,12.76,506.44,0.03074,2504.0,340.63,0.0,0.0,0.0,1,1,1,1
2006-04-13,4.7,5.05,70.82,596.5,6259.0,1289.12,2326.1101,12.38,507.96,0.03077,2503.0,342.32,0.0,0.0,0.0,1,1,1,1
2006-04-14,4.7,5.05,69.32,596.5,6259.0,1289.12,2326.1101,12.38,507.96,0.03079,2503.0,342.32,0.0,0.0,0.0,1,1,1,1
2006-04-17,4.72,5.01,71.98,615.4,6259.0,1285.33,2311.1599,12.58,500.44,0.03081,2503.0,348.46,0.0,0.0,0.0,1,1,1,1
2006-04-18,4.72,4.99,73.09,620.0,6589.0,1307.65,2356.1398,11.4,517.46,0.03078,2495.0,354.87,0.0,0.0,0.0,0,1,0,0
2006-04-19,4.73,5.04,74.12,632.6,6496.0,1309.93,2370.8798,11.32,526.5,0.03086,2479.0,357.29,0.0,0.0,0.0,0,0,0,0
2006-04-20,4.73,5.04,73.69,619.8,6373.0,1311.46,2362.55,11.64,529.3,0.03095,2451.0,353.94,0.0,0.0,0.0,1,0,0,0
2006-04-21,4.75,5.01,75.17,632.2,6872.0,1311.28,2342.8601,11.59,518.42,0.03095,2434.0,358.59,0.0,0.0,0.0,1,0,0,0
2006-04-24,4.75,4.99,73.33,620.6,6909.0,1308.11,2333.3798,11.75,514.8,0.03126,2421.0,352.56,0.0,0.0,0.0,1,1,1,1
2006-04-25,4.79,5.07,72.88,631.0,7360.0,1301.74,2330.3,11.75,516.22,0.03126,2397.0,352.93,0.0,0.0,0.0,1,1,0,0
2006-04-26,4.79,5.12,71.93,631.0,7461.0,1305.41,2333.6298,11.76,513.48,0.0312,2378.0,352.57,0.0,0.0,0.0,1,0,0,0
2006-04-27,4.78,5.09,70.97,630.3,7205.0,1309.72,2344.9499,11.84,520.15,0.03133,2370.0,345.69,0.0,0.0,0.0,1,1,1,1
2006-04-28,4.77,5.07,71.88,651.8,7130.0,1310.61,2322.57,11.59,516.91,0.03134,2368.0,349.89,0.0,0.0,0.0,1,0,0,0
2006-05-02,4.81,5.12,76.06,664.7,7270.0,1313.21,2309.84,11.99,513.71,0.03146,2364.0,357.02,0.0,0.0,0.0,0,0,0,0
2006-05-03,4.82,5.15,73.91,665.9,7224.0,1307.85,2303.9699,11.99,520.06,0.03162,2365.0,352.2,0.0,0.0,0.0,0,0,0,0
2006-05-04,4.8,5.16,71.6,674.2,7776.0,1312.25,2323.8999,11.86,526.84,0.03156,2372.0,349.89,0.0,0.0,0.0,0,0,0,0
2006-05-05,4.83,5.12,71.9,682.2,7771.0,1325.76,2342.57,11.62,528.94,0.0316,2383.0,351.92,0.0,0.0,0.0,0,0,0,0
2006-05-08,4.87,5.12,71.31,677.8,7748.0,1324.66,2344.9899,12.0,525.37,0.03187,2399.0,350.35,0.0,0.0,0.0,0,0,0,0
2006-05-09,4.88,5.13,72.22,699.4,7941.0,1325.14,2338.25,11.99,520.0,0.03175,2414.0,354.93,0.0,0.0,0.0,0,0,0,0
2006-05-10,4.88,5.13,73.57,703.7,8241.0,1322.85,2320.7399,11.78,507.05,0.03191,2440.0,360.21,0.0,0.0,0.0,0,0,0,0
2006-05-11,4.82,5.14,74.68,719.8,8800.0,1305.92,2272.6999,12.49,495.5,0.03179,2472.0,365.35,0.0,0.0,0.0,0,0,0,0
2006-05-12,4.85,5.19,73.28,710.3,8634.0,1291.24,2243.78,14.19,491.62,0.03185,2491.0,361.75,0.0,0.0,0.0,0,0,0,0
2006-05-15,4.86,5.15,70.47,683.6,8345.0,1294.5,2238.52,13.57,486.97,0.0316,2501.0,352.06,0.0,0.0,0.0,0,0,0,0
2006-05-16,4.83,5.1,70.32,691.5,8473.0,1292.08,2229.1298,13.35,484.26,0.03143,2502.0,353.2,0.0,0.0,0.0,1,0,0,0
2006-05-17,4.83,5.16,69.42,690.5,8252.0,1270.32,2195.8,16.26,478.68,0.03167,2492.0,349.38,0.0,0.0,0.0,0,0,0,0
2006-05-18,4.83,5.08,70.14,679.6,8206.0,1261.81,2180.32,16.99,474.41,0.03139,2482.0,348.65,0.0,0.0,0.0,0,0,0,0
2006-05-19,4.82,5.05,69.29,656.7,7644.0,1267.03,2193.8798,17.18,489.67,0.0313,2479.0,342.29,0.0,0.0,0.0,0,0,0,0
2006-05-22,4.83,5.04,69.96,657.0,7667.0,1262.07,2172.8601,17.7199,469.16,0.03111,2476.0,344.26,0.0,0.0,0.0,0,0,0,0
2006-05-23,4.84,5.07,71.76,673.0,8606.0,1256.58,2158.76,18.26,461.58,0.03126,2468.0,352.31,0.0,0.0,0.0,1,0,0,0
2006-05-24,4.82,5.03,69.86,637.0,7963.0,1258.57,2169.1699,17.36,465.04,0.03124,2453.0,342.51,0.0,0.0,0.0,1,0,1,1
2006-05-25,4.82,5.07,71.32,648.3,8241.0,1272.88,2198.2399,15.5,462.99,0.03114,2442.0,346.35,0.0,0.0,0.0,1,1,1,1
2006-05-26,4.84,5.06,71.37,650.9,8364.0,1280.16,2210.3701,14.26,466.77,0.03121,2432.0,347.82,0.0,0.0,0.0,0,0,0,0
2006-05-29,4.84,5.06,71.37,650.9,8364.0,1280.16,2210.3701,14.26,466.77,0.03121,2432.0,347.82,0.0,0.0,0.0,0,0,0,0
2006-05-30,4.84,5.09,72.03,653.9,8068.0,1259.84,2164.7399,18.66,456.67,0.03123,2416.0,347.88,0.0,0.0,0.0,0,0,0,0
2006-06-01,4.83,5.11,71.23,627.6,7812.0,1285.71,2219.8601,14.52,475.36,0.03114,2478.0,343.12,0.0,0.0,0.0,0,0,0,0
2006-06-02,4.81,5.0,73.03,635.5,7975.0,1288.22,2219.4099,14.32,474.65,0.03117,2514.0,350.05,0.0,0.0,0.0,0,0,0,0
2006-06-05,4.85,5.02,73.34,643.2,7863.0,1265.29,2169.6201,16.65,460.42,0.0312,2551.0,348.78,0.0,0.0,0.0,0,0,1,1
2006-06-06,4.86,5.01,73.11,629.4,7609.0,1263.85,2162.78,17.34,458.36,0.03119,2580.0,344.78,0.0,0.0,0.0,0,0,0,0
2006-06-07,4.86,5.02,71.5,627.4,7894.0,1256.15,2151.8,17.7999,447.55,0.03104,2599.0,343.22,0.0,0.0,0.0,0,0,1,0
2006-06-08,4.87,5.0,71.13,609.1,7409.0,1257.93,2145.32,18.35,446.76,0.03076,2631.0,339.23,0.0,0.0,0.0,1,1,1,1
2006-06-09,4.88,4.98,72.31,608.2,7312.0,1252.3,2135.06,18.12,444.16,0.03082,2653.0,340.09,0.0,0.0,0.0,1,1,1,1
2006-06-12,4.93,4.99,71.09,606.8,7143.0,1236.4,2091.32,20.9599,435.69,0.03073,2672.0,338.39,0.0,0.0,0.0,0,0,0,0
2006-06-13,4.89,4.97,69.29,562.5,6683.5,1223.69,2072.4699,23.8099,433.39,0.03062,2699.0,330.23,0.0,0.0,0.0,0,0,1,1
2006-06-14,4.9,5.05,69.62,562.3,6776.0,1230.04,2086.0,21.4599,439.33,0.03066,2715.0,332.03,0.0,0.0,0.0,0,1,1,1
2006-06-15,4.85,5.1,69.93,566.5,7142.0,1256.16,2144.1499,15.9,457.58,0.03073,2723.0,337.56,0.0,0.0,0.0,1,1,1,1
2006-06-16,4.88,5.13,70.2,578.0,7109.0,1251.54,2129.9499,17.25,453.53,0.03079,2725.0,339.22,0.0,0.0,0.0,0,0,0,0
2006-06-19,4.93,5.14,69.55,568.8,6893.0,1240.14,2110.4199,17.83,449.18,0.03068,2728.0,333.57,0.0,0.0,0.0,0,1,1,1
2006-06-20,4.92,5.15,69.34,576.9,6840.5,1240.12,2107.06,16.69,446.05,0.03068,2729.0,333.1,0.0,0.0,0.0,1,1,1,1
2006-06-21,4.92,5.16,70.33,587.5,6902.0,1252.2,2141.1999,15.52,455.37,0.03065,2739.0,336.75,0.0,0.0,0.0,0,1,1,0
2006-06-22,4.92,5.2,70.84,582.2,6827.0,1245.6,2122.9799,15.88,449.19,0.03064,2774.0,336.16,0.0,0.0,0.0,0,1,1,0
2006-06-23,4.98,5.23,70.87,584.8,6899.0,1244.5,2121.4699,15.89,445.41,0.03057,2808.0,335.04,0.0,0.0,0.0,1,1,1,1
2006-06-26,5.03,5.25,71.8,584.8,7115.0,1250.56,2133.6699,15.62,448.31,0.03055,2829.0,337.37,0.0,0.0,0.0,1,1,1,1
2006-06-27,5.05,5.21,71.92,581.6,6856.0,1239.2,2100.25,16.4,431.52,0.03061,2862.0,337.07,0.0,0.0,0.0,1,1,1,1
2006-06-28,5.01,5.25,72.19,578.3,7007.0,1246.0,2111.84,15.79,429.06,0.03062,2898.0,338.19,0.0,0.0,0.0,1,1,1,1
2006-06-29,5.01,5.22,73.52,586.5,7411.0,1272.87,2174.3798,13.03,446.17,0.03066,2935.0,342.3,0.0,0.0,0.0,1,1,1,1
2006-06-30,5.01,5.15,73.93,613.5,7423.0,1270.2,2172.09,13.08,441.72,0.03087,2964.0,346.39,0.0,0.0,0.0,0,1,0,0
2006-07-03,5.08,5.15,73.93,613.5,7378.0,1280.19,2190.4299,13.05,446.01,0.03095,2983.0,348.13,0.0,0.0,0.0,1,1,0,0
2006-07-04,5.08,5.15,73.93,613.5,7515.0,1280.19,2190.4299,13.05,446.01,0.03101,2983.0,348.15,0.0,0.0,0.0,0,0,0,0
2006-07-05,5.01,5.23,76.16,627.3,7474.0,1270.91,2153.34,14.15,431.9,0.03087,2926.0,349.86,0.0,0.0,0.0,1,1,0,0
2006-07-06,5.0,5.19,76.2,634.1,7951.0,1274.08,2155.09,13.65,430.78,0.03081,2894.0,352.86,0.0,0.0,0.0,1,1,0,0
2006-07-07,5.02,5.14,75.23,632.8,7839.0,1265.48,2130.06,13.97,424.24,0.03087,2870.0,348.05,0.0,0.0,0.0,0,0,0,0
2006-07-10,5.06,5.13,74.71,624.1,7850.0,1267.34,2116.9299,14.02,414.89,0.03091,2864.0,346.67,0.0,0.0,0.0,1,1,0,0
2006-07-11,5.05,5.1,75.23,641.2,8027.0,1272.52,2128.8601,13.14,428.54,0.03081,2849.0,350.28,0.0,0.0,0.0,1,0,0,0
2006-07-12,5.06,5.1,76.06,649.4,8163.0,1258.6,2090.2399,14.49,416.99,0.03078,2865.0,352.62,0.0,0.0,0.0,1,0,0,0
2006-07-13,5.05,5.08,78.24,652.9,8037.0,1242.29,2054.1101,17.79,411.03,0.0307,2905.0,355.91,0.0,0.0,0.0,1,0,0,0
2006-07-14,5.06,5.07,78.71,666.6,8197.0,1236.2,2037.3499,18.0499,409.01,0.03059,2968.0,357.21,0.0,0.0,0.0,0,0,0,0
2006-07-17,5.11,5.07,76.91,650.6,7838.0,1234.49,2037.7199,18.6399,406.77,0.03043,3004.0,347.31,0.0,0.0,0.0,0,0,0,0
2006-07-18,5.13,5.13,75.26,628.3,7912.5,1236.86,2043.2199,17.74,405.24,0.03043,3053.0,341.85,0.0,0.0,0.0,0,0,0,0
2006-07-19,5.11,5.06,74.77,641.6,7885.0,1259.81,2080.7099,15.55,414.51,0.0304,3116.0,342.91,0.0,0.0,0.0,0,0,0,0
2006-07-20,5.08,5.03,74.27,631.7,7444.0,1249.13,2039.42,16.2099,404.13,0.03054,3162.0,340.52,0.0,0.0,0.0,0,0,0,0
2006-07-21,5.1,5.05,74.43,619.6,7112.0,1240.29,2020.39,17.4,384.88,0.03053,3191.0,339.61,0.0,0.0,0.0,0,0,0,0
2006-07-24,5.1,5.05,75.05,612.7,7230.0,1260.91,2061.84,14.98,391.93,0.03044,3202.0,342.71,0.0,0.0,0.0,0,0,0,0
2006-07-25,5.13,5.07,73.75,617.6,7519.0,1268.88,2073.8999,14.85,396.17,0.03049,3221.0,340.74,0.0,0.0,0.0,0,0,0,0
2006-07-26,5.11,5.04,73.94,621.6,7536.0,1268.4,2070.4599,14.62,395.81,0.03044,3227.0,341.95,0.0,0.0,0.0,0,0,0,0
2006-07-27,5.1,5.07,74.54,632.4,7596.0,1263.2,2054.4699,14.94,400.04,0.03053,3236.0,344.38,0.0,0.0,0.0,0,0,0,0
2006-07-28,5.07,5.0,73.24,634.8,7736.0,1278.55,2094.1398,14.33,412.21,0.03049,3260.0,343.83,0.0,0.0,0.0,0,0,0,0
2006-07-31,5.1,4.99,74.4,634.2,8022.0,1276.66,2091.4699,14.95,412.76,0.03053,3285.0,349.83,0.0,0.0,0.0,0,0,0,0
2006-08-01,5.12,4.99,76.18,643.6,7837.0,1270.92,2061.9899,15.05,404.53,0.03047,3337.0,349.56,0.0,0.0,0.0,0,0,0,0
2006-08-02,5.1,4.96,76.9,651.6,7872.0,1278.55,2078.81,14.34,408.76,0.03043,3450.0,353.69,0.0,0.0,0.0,0,0,0,0
2006-08-03,5.11,4.96,76.74,644.9,7542.0,1280.27,2092.34,14.46,415.03,0.03043,3560.0,349.93,0.0,0.0,0.0,0,1,0,1
2006-08-04,5.09,4.91,76.16,644.0,7905.0,1279.36,2085.05,14.34,411.03,0.03042,3617.0,350.05,0.0,0.0,0.0,0,1,0,1
2006-08-07,5.12,4.93,78.42,647.8,7954.0,1275.77,2072.5,15.23,408.53,0.03049,3654.0,351.95,0.0,0.0,0.0,1,1,1,1
2006-08-08,5.1,4.93,77.72,645.7,7950.0,1271.48,2060.85,15.23,405.72,0.03047,3679.0,350.73,0.0,0.0,0.0,1,1,0,1
2006-08-09,5.07,4.92,77.53,650.5,8098.0,1265.95,2060.28,15.2,408.6,0.03051,3678.0,353.39,0.0,0.0,0.0,1,1,1,1
2006-08-10,5.05,4.93,75.5,634.9,7940.0,1271.81,2071.7399,14.46,414.72,0.03069,3681.0,348.03,0.0,0.0,0.0,1,1,1,1
2006-08-11,5.07,4.97,75.99,663.5,7616.5,1266.74,2057.7099,14.3,405.39,0.03063,3714.0,344.53,0.0,0.0,0.0,1,1,1,1
2006-08-14,5.12,5.0,74.95,628.5,7686.0,1268.21,2069.04,14.26,409.91,0.03054,3755.0,338.82,0.0,0.0,0.0,1,0,0,1
2006-08-15,5.1,4.93,74.33,622.5,7669.0,1285.58,2115.01,13.42,425.17,0.03053,3824.0,338.76,0.0,0.0,0.0,1,1,1,1
2006-08-16,5.07,4.87,73.19,628.7,7727.0,1295.43,2149.54,12.41,443.6,0.03054,3841.0,337.54,0.0,0.0,0.0,1,0,1,1
2006-08-17,5.09,4.87,71.48,615.4,7322.0,1297.48,2157.6101,12.24,446.11,0.03065,3812.0,331.69,0.0,0.0,0.0,0,0,0,1
2006-08-18,5.1,4.84,72.1,612.1,7519.0,1302.3,2163.9499,11.64,445.87,0.03061,3755.0,332.32,0.0,0.0,0.0,0,0,0,1
2006-08-21,5.11,4.82,73.3,625.7,7686.0,1297.52,2147.75,12.22,436.75,0.03059,3720.0,335.5,0.0,0.0,0.0,0,0,0,1
2006-08-22,5.1,4.82,73.1,624.6,7641.0,1298.82,2150.02,12.19,435.84,0.03053,3672.0,336.67,0.0,0.0,0.0,0,0,0,1
2006-08-23,5.09,4.82,71.76,623.7,7617.0,1292.99,2134.6599,12.4,431.64,0.03051,3633.0,334.71,0.0,0.0,0.0,0,0,0,1
2006-08-24,5.09,4.81,72.36,619.5,7441.0,1296.06,2137.1101,12.4,434.61,0.03045,3644.0,336.12,0.0,0.0,0.0,0,0,0,1
2006-08-25,5.11,4.79,72.51,622.0,7569.0,1295.09,2140.29,12.31,433.69,0.03041,3690.0,336.26,0.0,0.0,0.0,0,0,0,0
2006-08-28,5.1,4.8,70.61,615.3,7569.0,1301.78,2160.6999,12.18,438.44,0.03038,3690.0,329.69,0.0,0.0,0.0,0,0,0,1
2006-08-29,5.07,4.79,69.71,610.7,7410.0,1304.28,2172.3,12.28,445.71,0.03041,3750.0,328.45,0.0,0.0,0.0,0,0,1,1
2006-08-30,5.05,4.76,70.03,617.7,7465.0,1304.27,2185.7299,12.22,453.77,0.03039,3795.0,327.09,0.0,0.0,0.0,0,0,1,1
2006-08-31,5.05,4.74,70.26,625.9,7719.0,1303.82,2183.75,12.31,449.22,0.03039,3847.0,329.02,0.0,0.0,0.0,0,0,1,1
2006-09-01,5.02,4.73,70.37,624.4,7607.0,1311.01,2193.1599,11.96,444.52,0.03041,3875.0,325.42,0.0,0.0,0.0,0,0,1,1
2006-09-04,5.02,4.73,68.02,624.4,7669.0,1311.01,2193.1599,11.96,444.52,0.03054,3882.0,325.28,0.0,0.0,0.0,0,1,1,1
2006-09-05,5.0,4.78,69.77,638.5,7946.0,1313.25,2205.6999,12.63,451.96,0.03052,3882.0,327.03,0.0,0.0,0.0,0,1,1,1
2006-09-06,4.97,4.8,68.7,633.5,8066.0,1300.26,2167.84,13.74,437.12,0.03048,3877.0,325.43,0.0,0.0,0.0,0,1,1,1
2006-09-07,4.97,4.8,68.5,617.0,8037.0,1294.02,2155.29,13.88,435.56,0.03043,3888.0,323.61,0.0,0.0,0.0,1,1,1,1
2006-09-08,4.93,4.78,67.38,609.6,7833.0,1298.92,2165.79,13.16,438.69,0.03041,3914.0,320.39,0.0,0.0,0.0,1,1,1,1
2006-09-11,4.93,4.8,66.59,590.0,7476.0,1299.54,2173.25,12.99,449.03,0.03038,3948.0,313.73,0.0,0.0,0.0,1,1,1,1
2006-09-12,4.9,4.78,64.9,586.9,7587.0,1313.11,2215.82,11.92,465.95,0.03038,4010.0,310.71,0.0,0.0,0.0,1,1,1,1
2006-09-13,4.91,4.77,64.98,589.1,7484.5,1318.07,2227.6699,11.18,462.32,0.0304,4129.0,311.27,0.0,0.0,0.0,1,1,1,1
2006-09-14,4.95,4.79,64.11,579.3,7439.0,1316.28,2228.7299,11.55,463.83,0.03038,4207.0,307.05,0.0,0.0,0.0,1,1,1,1
2006-09-15,4.96,4.8,64.02,576.4,7281.0,1319.87,2235.59,11.76,463.65,0.03036,4258.0,306.32,0.0,0.0,0.0,1,1,1,1
2006-09-18,4.94,4.81,64.45,586.2,7459.0,1321.18,2235.75,11.78,468.74,0.03037,4279.0,308.15,0.0,0.0,0.0,1,1,1,1
2006-09-19,4.94,4.74,62.17,576.8,7516.0,1318.31,2222.3701,11.98,458.41,0.03039,4275.0,303.04,0.0,0.0,0.0,1,1,1,1
2006-09-20,4.93,4.73,60.74,580.0,7474.0,1325.18,2252.8898,11.39,460.2,0.03039,4244.0,300.67,0.0,0.0,0.0,1,1,1,1
2006-09-21,4.92,4.65,61.59,582.2,7602.0,1318.03,2237.75,12.25,452.08,0.0304,4200.0,304.35,0.0,0.0,0.0,1,1,1,1
2006-09-22,4.93,4.6,60.55,589.4,7601.0,1314.78,2218.9299,12.59,449.3,0.03036,4136.0,300.86,0.0,0.0,0.0,1,1,1,1
2006-09-25,4.88,4.56,61.45,589.9,7560.0,1326.37,2249.07,12.12,460.57,0.03036,4069.0,300.71,0.0,0.0,0.0,1,1,1,1
2006-09-26,4.88,4.59,61.01,591.2,7708.0,1336.34,2261.34,11.53,458.99,0.03036,3979.0,301.71,0.0,0.0,0.0,1,1,1,1
2006-09-27,4.88,4.6,62.96,597.3,7662.0,1336.59,2263.3898,11.58,455.77,0.03034,3915.0,304.32,0.0,0.0,0.0,1,1,1,1
2006-09-28,4.87,4.63,62.76,605.0,7500.0,1339.15,2270.02,11.72,460.12,0.03031,3911.0,305.14,0.0,0.0,0.0,1,1,1,1
2006-09-29,4.89,4.64,62.91,598.6,7568.0,1335.85,2258.4299,11.98,454.7,0.03021,3944.0,305.58,0.0,0.0,0.0,1,1,1,1
2006-10-02,4.88,4.62,62.32,597.7,7523.0,1331.32,2237.6,12.57,453.25,0.03019,3956.0,301.36,0.0,0.0,0.0,1,1,1,1
2006-10-03,4.9,4.62,60.05,576.3,7347.0,1334.11,2243.6499,12.24,448.28,0.03025,3960.0,295.13,0.0,0.0,0.0,1,1,1,1
2006-10-04,4.93,4.57,60.74,562.0,7059.0,1350.22,2290.9499,11.86,456.8,0.03019,3941.0,296.92,0.0,0.0,0.0,1,1,1,1
2006-10-05,4.94,4.61,61.34,571.0,7331.0,1353.22,2306.34,11.98,455.41,0.03022,3931.0,300.59,0.0,0.0,0.0,0,1,0,0
2006-10-11,5.02,4.78,59.45,572.3,7570.0,1349.95,2308.27,11.62,460.57,0.03004,4070.0,297.91,0.0,0.0,0.0,1,1,0,0
2006-10-12,5.06,4.79,59.68,576.3,7527.0,1362.83,2346.1799,11.09,466.85,0.03009,4126.0,299.73,0.0,0.0,0.0,1,1,0,0
2006-10-13,5.05,4.81,60.3,588.8,7508.0,1365.62,2357.29,10.75,471.27,0.03018,4169.0,303.39,0.0,0.0,0.0,1,1,0,0
2006-10-14,5.05,4.81,60.3,588.8,7508.0,1365.62,2357.29,10.75,471.27,0.03014,4169.0,303.39,0.0,0.0,0.0,1,1,0,0
2006-10-16,5.09,4.79,61.57,594.7,7814.0,1369.05,2363.84,11.09,475.46,0.03009,4182.0,308.56,0.0,0.0,0.0,1,1,0,0
2006-10-17,5.09,4.78,60.66,589.7,7668.0,1364.05,2344.9499,11.73,463.74,0.03016,4159.0,308.16,0.0,0.0,0.0,1,0,0,0
2006-10-18,5.09,4.77,59.3,588.9,7673.5,1365.96,2337.1499,11.34,450.79,0.03014,4109.0,304.52,0.0,0.0,0.0,1,1,0,0
2006-10-19,5.1,4.79,60.5,599.0,7680.0,1366.96,2340.9399,10.9,449.09,0.03012,4053.0,307.97,0.0,0.0,0.0,1,1,0,0
2006-10-20,5.09,4.79,59.33,593.0,7584.0,1368.6,2342.3,10.63,447.23,0.03012,4017.0,305.74,0.0,0.0,0.0,1,0,0,0
2006-10-23,5.12,4.83,58.81,579.7,7561.0,1377.02,2355.56,11.08,449.55,0.03005,3996.0,306.1,0.0,0.0,0.0,0,0,0,0
2006-10-24,5.13,4.83,59.35,584.4,7503.0,1377.38,2344.84,10.78,444.45,0.03002,3978.0,307.54,0.0,0.0,0.0,0,0,0,0
2006-10-25,5.12,4.78,61.4,587.6,7467.0,1382.22,2356.59,10.66,455.99,0.03002,3960.0,312.77,0.0,0.0,0.0,0,0,0,0
2006-10-26,5.12,4.73,60.36,596.8,7452.0,1389.08,2379.1,10.56,461.27,0.03006,3955.0,311.78,0.0,0.0,0.0,0,0,0,0
2006-10-27,5.11,4.68,60.75,598.3,7478.0,1377.34,2350.6201,10.8,452.31,0.03005,3982.0,312.37,0.0,0.0,0.0,0,0,0,0
2006-10-30,5.1,4.68,58.36,604.7,7369.0,1377.93,2363.77,11.2,457.4,0.0301,4006.0,306.22,0.0,0.0,0.0,0,0,0,0
2006-10-31,5.08,4.61,58.73,604.1,7372.5,1377.94,2366.7099,11.1,458.14,0.03007,4037.0,305.87,0.0,0.0,0.0,0,0,0,0
2006-11-01,5.07,4.57,60.55,616.6,7138.0,1367.81,2334.35,11.51,449.29,0.03015,4100.0,306.35,0.0,0.0,0.0,0,0,0,0
2006-11-02,5.07,4.6,59.62,625.4,7236.5,1367.34,2334.02,11.42,447.35,0.03026,4146.0,307.64,0.0,0.0,0.0,0,0,0,0
2006-11-03,5.09,4.72,60.88,626.9,7325.5,1364.3,2330.79,11.16,449.17,0.03038,4188.0,309.91,0.0,0.0,0.0,0,0,0,0
2006-11-06,5.09,4.71,61.75,625.8,7352.5,1379.78,2365.9499,11.16,457.09,0.03035,4214.0,311.72,0.0,0.0,0.0,0,0,0,0
2006-11-07,5.08,4.66,60.62,625.7,7403.5,1382.84,2375.8798,11.09,465.83,0.03045,4242.0,311.25,0.0,0.0,0.0,0,0,0,0
2006-11-08,5.1,4.64,61.55,616.4,7100.0,1385.72,2384.9399,10.75,465.67,0.03042,4256.0,313.23,0.0,0.0,0.0,0,0,0,0
2006-11-09,5.09,4.62,63.06,635.0,7306.0,1378.33,2376.01,11.01,456.72,0.03042,4245.0,317.93,0.0,0.0,0.0,0,0,0,0
2006-11-10,5.1,4.59,61.54,628.4,6899.5,1380.9,2389.7199,10.79,461.32,0.03047,4210.0,310.74,0.0,0.0,0.0,0,0,0,0
2006-11-13,5.09,4.61,60.59,624.2,6914.0,1384.42,2406.3798,10.86,468.53,0.03055,4180.0,308.03,0.0,0.0,0.0,0,0,0,0
2006-11-14,5.09,4.57,60.18,623.8,6814.0,1393.22,2430.6599,10.5,481.77,0.03052,4153.0,308.43,0.0,0.0,0.0,0,0,0,0
2006-11-15,5.09,4.61,60.72,622.5,6880.0,1396.57,2442.75,10.31,483.81,0.03048,4134.0,310.85,0.0,0.0,0.0,0,1,0,0
2006-11-16,5.09,4.66,58.57,620.6,6780.0,1399.76,2449.06,10.16,485.93,0.03045,4121.0,304.85,0.0,0.0,0.0,1,1,1,1
2006-11-17,5.09,4.61,58.97,621.5,6765.0,1401.2,2445.8601,10.05,483.25,0.03036,4129.0,305.79,0.0,0.0,0.0,0,0,0,0
2006-11-20,5.08,4.6,58.8,621.2,6812.0,1400.5,2452.7199,9.97,491.72,0.03036,4137.0,306.3,0.0,0.0,0.0,1,1,1,1
2006-11-21,5.07,4.58,60.17,628.2,6962.0,1402.81,2454.84,9.9,486.32,0.03042,4138.0,310.32,0.0,0.0,0.0,0,0,0,0
2006-11-22,5.05,4.57,59.24,628.7,6875.0,1406.09,2465.9799,10.14,492.33,0.03048,4144.0,307.72,0.0,0.0,0.0,1,1,1,1
2006-11-23,5.05,4.57,59.18,628.7,6953.0,1406.09,2465.9799,10.14,492.33,0.0305,4163.0,307.91,0.0,0.0,0.0,1,1,1,1
2006-11-24,5.04,4.55,59.24,628.7,7122.0,1400.95,2460.26,10.73,489.33,0.03046,4185.0,308.97,0.0,0.0,0.0,1,1,0,1
2006-11-27,5.05,4.54,60.32,640.4,7055.0,1381.9,2405.9199,12.3,477.82,0.03058,4208.0,312.91,0.0,0.0,0.0,1,0,0,0
2006-11-28,5.04,4.51,60.99,637.2,6937.0,1386.72,2412.6101,11.62,478.46,0.0306,4255.0,314.97,0.0,0.0,0.0,1,0,0,0
2006-11-29,5.04,4.52,62.46,635.5,6970.0,1399.48,2432.2299,10.83,476.39,0.03077,4298.0,318.17,0.0,0.0,0.0,0,0,0,0
2006-11-30,5.03,4.46,63.13,646.9,7044.0,1400.63,2431.77,10.91,479.02,0.03083,4336.0,321.53,0.0,0.0,0.0,1,0,0,0
2006-12-01,5.03,4.43,65.01,644.7,6968.0,1396.71,2413.2099,11.66,474.09,0.03089,4369.0,321.23,0.0,0.0,0.0,1,1,0,1
2006-12-04,5.01,4.43,64.03,645.2,6966.0,1409.12,2448.3898,11.23,483.42,0.03087,4400.0,315.38,0.0,0.0,0.0,0,0,0,0
2006-12-05,4.99,4.45,63.92,645.2,7140.0,1414.76,2452.3798,11.27,487.12,0.03096,4407.0,316.43,0.0,0.0,0.0,0,0,0,0
2006-12-06,4.99,4.48,63.52,630.5,6949.0,1412.9,2445.8601,11.33,488.83,0.03096,4367.0,313.06,0.0,0.0,0.0,0,0,0,0
2006-12-07,4.98,4.49,63.38,631.9,6855.0,1407.29,2427.6899,12.67,480.56,0.03096,4323.0,313.08,0.0,0.0,0.0,0,0,0,0
2006-12-08,4.97,4.56,63.09,626.1,6851.5,1409.84,2437.3601,12.07,477.38,0.03087,4294.0,312.38,0.0,0.0,0.0,0,0,0,0
2006-12-11,4.93,4.52,62.36,630.0,6897.0,1413.04,2442.8601,10.71,476.18,0.03078,4275.0,312.08,0.0,0.0,0.0,0,0,0,0
2006-12-12,4.93,4.49,61.99,627.0,6822.0,1411.56,2431.6,10.65,472.83,0.03078,4270.0,310.83,0.0,0.0,0.0,0,0,0,0
2006-12-13,4.94,4.58,62.17,627.9,6687.0,1413.21,2432.4099,10.18,467.01,0.03075,4294.0,311.55,0.0,0.0,0.0,0,0,0,0
2006-12-14,4.96,4.6,63.33,626.6,6753.5,1425.49,2453.85,9.97,475.71,0.03072,4307.0,314.4,0.0,0.0,0.0,0,0,0,0
2006-12-15,4.91,4.6,64.09,615.0,6625.5,1427.09,2457.1999,10.05,475.84,0.03069,4318.0,313.34,0.0,0.0,0.0,1,0,0,1
2006-12-18,4.96,4.6,62.79,614.0,6656.0,1422.48,2435.57,10.6,476.43,0.03067,4324.0,310.39,0.0,0.0,0.0,0,0,0,0
2006-12-19,4.96,4.6,63.46,621.6,6615.0,1425.55,2429.55,10.3,469.7,0.03054,4330.0,312.46,0.0,0.0,0.0,1,0,0,1
2006-12-20,4.96,4.6,63.72,620.6,6498.0,1423.53,2427.6101,10.26,472.88,0.03066,4336.0,311.01,0.0,0.0,0.0,1,0,0,1
2006-12-21,4.97,4.55,62.66,618.2,6305.0,1418.3,2415.85,10.53,466.5,0.03072,4362.0,309.11,0.0,0.0,0.0,0,0,0,0
2006-12-22,4.99,4.63,62.41,619.1,6310.0,1410.76,2401.1799,11.36,463.67,0.03071,4397.0,308.86,0.0,0.0,0.0,0,0,0,0
2006-12-25,4.99,4.63,62.41,619.1,6310.0,1410.76,2401.1799,11.36,463.67,0.03067,4397.0,308.86,0.0,0.0,0.0,0,0,0,1
2006-12-26,4.99,4.61,61.1,619.1,6310.0,1416.9,2413.51,11.26,467.49,0.03063,4397.0,306.45,0.0,0.0,0.0,0,0,0,0
2006-12-27,4.97,4.66,60.34,627.2,6366.0,1426.84,2431.2199,10.64,469.97,0.03058,4397.0,306.04,0.0,0.0,0.0,0,0,0,1
2006-12-28,5.0,4.7,60.53,634.1,6366.0,1424.73,2425.57,10.99,469.0,0.03062,4397.0,306.71,0.0,0.0,0.0,0,0,0,1
2006-12-29,5.02,4.71,61.05,635.2,6308.0,1418.3,2415.29,11.56,467.92,0.03068,4397.0,307.26,0.0,0.0,0.0,0,0,0,0
2007-01-02,5.07,4.68,61.05,635.2,6080.0,1418.3,2415.29,11.56,467.92,0.03086,4421.0,307.26,0.0,0.0,0.0,0,0,0,0
2007-01-03,5.05,4.67,59.41,627.1,5823.0,1416.6,2423.1599,12.04,465.06,0.03086,4452.0,298.49,0.0,0.0,0.0,0,0,0,1
2007-01-04,5.04,4.62,56.64,623.9,5697.0,1418.34,2453.4299,11.51,474.42,0.03072,4494.0,292.61,0.0,0.0,0.0,0,0,0,1
2007-01-05,5.05,4.65,57.39,604.9,5593.0,1409.71,2434.25,12.14,469.09,0.03067,4539.0,291.11,0.0,0.0,0.0,0,0,1,1
2007-01-08,5.08,4.66,57.36,607.5,5592.0,1412.84,2438.1999,12.0,471.94,0.0306,4579.0,290.73,0.0,0.0,0.0,0,1,1,1
2007-01-09,5.08,4.66,56.74,613.1,5606.0,1412.11,2443.83,11.91,475.38,0.03059,4617.0,289.51,0.0,0.0,0.0,0,0,1,1
2007-01-10,5.09,4.69,54.96,611.6,5863.5,1414.85,2459.33,11.47,483.77,0.03053,4640.0,289.33,0.0,0.0,0.0,1,1,1,1
2007-01-11,5.11,4.74,52.84,612.4,5891.0,1423.82,2484.85,10.87,482.36,0.03051,4647.0,286.06,0.0,0.0,0.0,1,1,1,1
2007-01-12,5.09,4.77,53.87,625.5,5739.5,1430.73,2502.82,10.15,482.51,0.03053,4642.0,290.62,0.0,0.0,0.0,0,1,1,1
2007-01-15,5.09,4.77,52.8,625.5,5613.0,1430.73,2502.82,10.15,482.51,0.03053,4629.0,290.62,0.0,0.0,0.0,1,1,1,1
2007-01-16,5.11,4.75,51.96,624.6,5684.0,1431.9,2497.78,10.74,476.51,0.03051,4555.0,287.21,0.0,0.0,0.0,0,1,1,1
2007-01-17,5.12,4.79,53.13,632.1,5611.0,1430.62,2479.4199,10.59,472.63,0.0305,4481.0,289.09,0.0,0.0,0.0,0,1,1,1
2007-01-18,5.12,4.75,51.81,627.1,5502.0,1426.37,2443.2099,10.85,454.37,0.0305,4411.0,285.88,0.0,0.0,0.0,1,1,1,1
2007-01-19,5.14,4.78,53.4,635.5,5565.0,1430.5,2451.31,10.4,456.83,0.03048,4362.0,290.48,0.0,0.0,0.0,1,1,1,1
2007-01-22,5.13,4.76,52.58,633.3,5573.0,1422.95,2431.07,10.77,452.23,0.03038,4340.0,289.98,0.0,0.0,0.0,1,1,1,1
2007-01-23,5.14,4.81,55.04,645.2,5617.0,1427.99,2431.4099,10.34,452.78,0.03035,4360.0,296.65,0.0,0.0,0.0,1,1,1,1
2007-01-24,5.13,4.81,55.37,647.6,5679.5,1440.13,2466.28,9.89,458.72,0.03048,4381.0,296.09,0.0,0.0,0.0,1,1,1,1
2007-01-25,5.14,4.87,54.23,647.8,5828.0,1423.9,2434.2399,11.22,456.13,0.03044,4385.0,293.49,0.0,0.0,0.0,1,1,1,1
2007-01-26,5.13,4.88,55.42,644.5,5774.0,1422.18,2435.4899,11.13,462.78,0.03036,4367.0,295.86,0.0,0.0,0.0,1,1,1,1
2007-01-29,5.14,4.9,54.01,643.1,5540.5,1420.62,2441.09,11.45,460.23,0.03033,4343.0,290.92,0.0,0.0,0.0,1,1,1,1
2007-01-30,5.13,4.88,56.97,644.2,5597.5,1428.82,2448.6398,10.96,460.53,0.03033,4287.0,298.3,0.0,0.0,0.0,1,1,1,1
2007-01-31,5.12,4.83,58.14,652.0,5696.0,1438.24,2463.9299,10.42,458.93,0.03035,4225.0,301.22,0.0,0.0,0.0,1,0,1,1
2007-02-01,5.13,4.84,58.02,657.4,5561.0,1445.94,2468.3798,10.31,462.55,0.03043,4219.0,299.22,0.0,0.0,0.0,1,1,1,1
2007-02-02,5.14,4.83,59.73,646.2,5306.0,1448.39,2475.8798,10.08,466.49,0.03038,4243.0,301.33,0.0,0.0,0.0,1,1,1,1
2007-02-05,5.15,4.81,59.39,650.9,5301.5,1446.99,2470.6,10.55,467.12,0.03038,4265.0,301.19,0.0,0.0,0.0,1,1,1,1
2007-02-06,5.14,4.77,59.44,653.6,5433.5,1448.0,2471.4899,10.65,464.61,0.03033,4291.0,301.07,0.0,0.0,0.0,1,1,1,1
2007-02-07,5.15,4.74,58.35,652.3,5391.0,1450.02,2490.5,10.32,472.01,0.03031,4313.0,298.87,0.0,0.0,0.0,1,1,1,1
2007-02-08,5.16,4.73,60.43,658.0,5374.0,1448.31,2488.6699,10.44,469.68,0.03029,4323.0,303.45,0.0,0.0,0.0,0,0,0,0
2007-02-09,5.15,4.79,60.63,667.5,5540.0,1438.06,2459.82,11.1,463.19,0.03033,4328.0,305.19,0.0,0.0,0.0,0,0,0,0
2007-02-12,5.18,4.8,58.63,662.6,5431.5,1433.37,2450.3798,11.61,458.65,0.03028,4348.0,299.69,0.0,0.0,0.0,0,0,0,0
2007-02-13,5.17,4.82,59.85,663.9,5718.0,1444.26,2459.8798,10.34,460.65,0.03023,4360.0,304.49,0.0,0.0,0.0,0,0,0,0
2007-02-14,5.16,4.74,58.57,667.4,5698.0,1455.3,2488.3798,10.23,470.49,0.03031,4366.0,301.92,0.0,0.0,0.0,0,0,0,0
2007-02-26,5.19,4.63,61.39,686.5,6252.5,1449.37,2504.52,11.15,487.99,0.03033,4609.0,315.1,0.0,0.0,0.0,0,0,0,1
2007-02-27,5.14,4.5,61.46,683.9,6194.0,1399.04,2407.8601,18.3099,473.01,0.03035,4704.0,313.26,0.0,0.0,0.0,0,0,0,0
2007-03-01,5.15,4.56,63.18,662.3,6088.0,1403.17,2404.2099,15.82,469.63,0.03039,4818.0,312.24,0.0,0.0,0.0,0,0,0,1
2007-03-02,5.12,4.52,62.77,641.5,6003.0,1387.17,2368.0,18.61,461.34,0.03038,4872.0,310.07,0.0,0.0,0.0,0,0,1,1
2007-03-03,5.12,4.52,62.77,641.5,6003.0,1387.17,2368.0,18.61,461.34,0.03043,4872.0,310.07,0.0,0.0,0.0,0,0,0,1
2007-03-05,5.1,4.51,61.3,636.7,5870.5,1374.12,2340.6799,19.6299,457.9,0.0304,4908.0,304.8,0.0,0.0,0.0,1,1,1,1
2007-03-06,5.14,4.53,62.06,643.8,5961.0,1395.41,2385.1398,15.96,465.52,0.03033,4921.0,306.9,0.0,0.0,0.0,1,1,1,1
2007-03-07,5.12,4.5,63.28,650.6,6127.0,1391.97,2374.6398,15.24,463.42,0.03033,4937.0,310.67,0.0,0.0,0.0,1,1,1,1
2007-03-08,5.1,4.51,63.22,653.4,6270.5,1401.89,2387.7299,14.29,471.75,0.03038,4963.0,311.53,0.0,0.0,0.0,1,1,1,1
2007-03-09,5.1,4.59,61.77,650.0,6120.0,1402.85,2387.55,14.09,475.05,0.03033,5000.0,308.06,0.0,0.0,0.0,1,1,1,1
2007-03-12,5.09,4.56,60.77,648.4,6271.0,1406.6,2402.29,13.99,479.3,0.03028,5041.0,306.35,0.0,0.0,0.0,1,1,1,1
2007-03-13,5.09,4.5,60.16,647.6,6240.0,1377.95,2350.57,18.1299,471.33,0.03032,5069.0,304.52,0.0,0.0,0.0,0,0,1,1
2007-03-14,5.06,4.53,60.47,640.9,6275.0,1387.17,2371.7399,17.27,473.68,0.03031,5077.0,304.06,0.0,0.0,0.0,0,1,1,1
2007-03-15,5.05,4.54,59.96,645.7,6606.0,1392.28,2378.6999,16.43,474.3,0.03028,5071.0,304.11,0.0,0.0,0.0,0,0,0,1
2007-03-16,5.04,4.55,59.58,652.6,6670.0,1386.95,2372.6599,16.79,471.99,0.03021,5086.0,304.44,0.0,0.0,0.0,0,0,1,1
2007-03-19,5.06,4.58,59.7,653.1,6701.0,1402.06,2394.4099,14.59,469.18,0.0302,5123.0,304.58,0.0,0.0,0.0,0,0,0,1
2007-03-20,5.06,4.56,59.25,657.9,6726.0,1410.94,2408.2099,13.27,473.66,0.03019,5172.0,304.96,0.0,0.0,0.0,0,0,0,1
2007-03-21,5.05,4.53,59.61,659.0,6680.0,1435.04,2455.9199,12.19,482.45,0.03021,5226.0,306.33,0.0,0.0,0.0,0,0,1,1
2007-03-22,5.06,4.6,61.69,663.4,6796.0,1434.54,2451.7399,12.93,476.26,0.03031,5275.0,310.91,0.0,0.0,0.0,0,0,1,1
2007-03-23,5.08,4.62,62.28,656.7,6787.0,1436.11,2448.9299,12.95,479.27,0.03027,5330.0,310.94,0.0,0.0,0.0,1,1,1,1
2007-03-26,5.06,4.6,62.91,663.4,6913.5,1437.5,2455.6298,13.11,478.77,0.03025,5357.0,312.27,0.0,0.0,0.0,1,1,1,1
2007-03-27,5.08,4.62,62.93,662.1,6730.0,1428.61,2437.4299,13.48,475.54,0.03023,5364.0,311.85,0.0,0.0,0.0,0,0,1,1
2007-03-28,5.06,4.62,64.08,666.5,6690.0,1417.23,2417.1,14.98,469.11,0.03023,5356.0,314.37,0.0,0.0,0.0,1,1,1,1
2007-03-29,5.05,4.64,66.03,661.5,6795.0,1422.53,2417.8798,15.14,464.71,0.03024,5355.0,317.73,0.0,0.0,0.0,1,1,1,1
2007-03-30,5.04,4.65,65.87,663.0,6916.0,1420.86,2421.6398,14.64,465.57,0.03022,5388.0,316.88,0.0,0.0,0.0,0,0,1,1
2007-04-02,5.04,4.65,67.55,665.7,7040.0,1424.55,2422.26,14.53,465.45,0.03021,5417.0,315.07,0.0,0.0,0.0,0,0,1,1
2007-04-03,5.05,4.67,66.29,664.0,7314.0,1437.77,2450.33,13.46,468.6,0.0302,5439.0,313.78,0.0,0.0,0.0,0,1,1,1
2007-04-04,5.07,4.66,66.29,664.0,7484.0,1439.37,2458.6899,13.24,473.02,0.03023,5490.0,316.72,0.0,0.0,0.0,0,1,1,1
2007-04-09,5.02,4.75,64.31,671.9,7392.0,1444.61,2469.1799,13.14,472.77,0.03024,5532.0,314.54,0.0,0.0,0.0,0,1,1,1
2007-04-10,5.03,4.73,64.88,676.5,7763.0,1448.39,2477.6101,12.68,476.58,0.03022,5552.0,316.44,0.0,0.0,0.0,0,0,1,1
2007-04-11,5.04,4.74,64.84,676.8,7881.0,1438.87,2459.31,13.49,471.28,0.03022,5556.0,316.58,0.0,0.0,0.0,0,1,1,1
2007-04-12,5.03,4.74,66.34,675.1,7731.0,1447.8,2480.32,12.71,475.88,0.03021,5546.0,317.37,0.0,0.0,0.0,1,1,1,1
2007-04-13,5.02,4.76,66.33,685.4,7753.0,1452.85,2491.9399,12.2,472.44,0.03021,5553.0,317.93,0.0,0.0,0.0,0,1,1,1
2007-04-14,5.02,4.76,66.33,685.4,7753.0,1452.85,2491.9399,12.2,472.44,0.03021,5553.0,317.93,0.0,0.0,0.0,0,1,1,1
2007-04-16,5.01,4.74,65.67,690.1,7794.5,1468.47,2518.33,11.98,474.0,0.03016,5562.0,314.76,0.0,0.0,0.0,1,1,1,1
2007-04-17,5.01,4.69,64.46,688.2,8114.0,1471.48,2516.9499,12.14,471.51,0.03016,5601.0,313.2,0.0,0.0,0.0,1,1,1,1
2007-04-18,5.0,4.66,64.38,689.1,8042.0,1472.5,2510.5,12.42,483.45,0.03016,5700.0,312.77,0.0,0.0,0.0,1,1,1,1
2007-04-19,4.99,4.68,63.32,684.3,7866.0,1470.73,2505.35,12.54,486.44,0.03018,5782.0,310.38,0.0,0.0,0.0,0,1,1,1
2007-04-20,4.99,4.68,64.11,692.0,8005.0,1484.35,2526.3898,12.07,487.31,0.03018,5850.0,312.05,0.0,0.0,0.0,1,1,1,1
2007-04-23,4.98,4.66,65.89,690.6,8061.0,1480.93,2523.6699,13.04,484.06,0.03015,5922.0,314.47,0.0,0.0,0.0,1,1,1,1
2007-04-24,4.98,4.63,64.58,684.2,7866.0,1480.41,2524.54,13.12,499.02,0.03014,6029.0,310.84,0.0,0.0,0.0,1,1,1,1
2007-04-25,4.97,4.66,65.84,684.1,7891.0,1495.42,2547.8898,13.21,502.84,0.03013,6122.0,314.69,0.0,0.0,0.0,1,1,1,1
2007-04-26,4.96,4.69,65.06,674.9,7694.0,1494.25,2554.4599,12.79,506.48,0.03011,6192.0,310.99,0.0,0.0,0.0,1,1,1,1
2007-04-27,4.95,4.71,66.46,678.7,7801.0,1494.07,2557.2099,12.45,498.67,0.03006,6230.0,314.2,0.0,0.0,0.0,1,1,1,1
2007-04-30,4.91,4.63,65.71,680.5,7821.0,1482.37,2525.09,14.22,492.94,0.03005,6248.0,312.71,0.0,0.0,0.0,1,1,1,1
2007-05-02,4.91,4.65,65.35,672.3,8017.0,1495.92,2557.84,13.08,498.41,0.03004,6262.0,310.52,0.0,0.0,0.0,1,1,1,1
2007-05-03,4.9,4.68,64.95,681.8,8239.0,1502.39,2565.4599,13.09,500.38,0.03005,6276.0,311.77,0.0,0.0,0.0,0,0,1,1
2007-05-04,4.9,4.65,63.86,687.2,8375.0,1505.62,2572.1499,12.91,505.61,0.03005,6321.0,311.24,0.0,0.0,0.0,0,0,0,1
2007-05-07,4.89,4.64,63.37,688.0,8375.0,1509.48,2570.9499,13.15,503.85,0.0301,6321.0,308.92,0.0,0.0,0.0,0,0,1,1
2007-05-08,4.9,4.63,63.99,685.1,8213.0,1507.72,2571.75,13.21,501.12,0.03007,6395.0,308.84,0.0,0.0,0.0,0,0,1,1
2007-05-09,4.88,4.67,63.16,680.3,8106.0,1512.58,2576.34,12.88,509.61,0.03005,6478.0,308.69,0.0,0.0,0.0,0,0,1,1
2007-05-10,4.87,4.65,63.43,665.1,7947.0,1491.47,2533.7399,13.6,498.9,0.03004,6585.0,307.83,0.0,0.0,0.0,0,0,1,1
2007-05-11,4.87,4.67,64.12,670.6,7955.0,1505.85,2562.2199,12.95,504.86,0.03003,6648.0,311.13,0.0,0.0,0.0,0,1,1,1
2007-05-14,4.85,4.69,63.89,668.5,7705.0,1503.15,2546.4399,13.96,504.13,0.03002,6685.0,309.07,0.0,0.0,0.0,0,0,1,1
2007-05-15,4.83,4.71,64.6,673.0,7819.0,1501.19,2525.29,14.01,498.08,0.03,6688.0,310.48,0.0,0.0,0.0,0,0,1,1
2007-05-16,4.75,4.71,63.95,660.2,7665.0,1514.14,2547.4199,13.5,497.53,0.03,6650.0,310.12,0.0,0.0,0.0,0,0,1,1
2007-05-17,4.81,4.76,65.92,656.2,7308.0,1512.75,2539.3798,13.51,492.3,0.02999,6603.0,313.15,0.0,0.0,0.0,1,1,1,1
2007-05-18,4.84,4.81,65.98,661.0,7336.0,1522.75,2558.4499,12.76,491.71,0.02997,6554.0,313.17,0.0,0.0,0.0,1,1,1,1
2007-05-21,4.88,4.79,66.87,662.9,7477.0,1525.1,2578.79,13.3,490.86,0.02997,6521.0,316.49,0.0,0.0,0.0,1,1,1,1
2007-05-22,4.93,4.83,65.51,659.1,7329.0,1524.12,2588.02,13.06,493.02,0.02995,6471.0,311.42,0.0,0.0,0.0,1,1,1,1
2007-05-23,4.91,4.86,65.77,661.9,7262.0,1522.28,2577.05,13.24,486.61,0.02994,6422.0,311.62,0.0,0.0,0.0,1,1,1,1
2007-05-24,4.91,4.86,64.18,653.0,7057.0,1507.51,2537.9199,14.08,478.84,0.03003,6304.0,309.44,0.0,0.0,0.0,0,1,1,1
2007-05-25,4.88,4.86,65.2,655.1,7270.0,1515.73,2557.1899,13.34,480.63,0.03009,6212.0,313.1,0.0,0.0,0.0,0,1,1,1
2007-05-28,4.88,4.86,64.55,655.1,7270.0,1515.73,2557.1899,13.34,480.63,0.03017,6212.0,313.1,0.0,0.0,0.0,0,1,1,1
2007-05-29,4.9,4.88,63.15,657.1,7345.0,1518.11,2572.06,13.53,483.17,0.03029,6123.0,307.47,0.0,0.0,0.0,0,1,1,1
2007-05-30,4.85,4.88,63.49,653.1,7285.0,1530.23,2592.59,12.83,481.42,0.03032,6023.0,309.25,0.0,0.0,0.0,0,1,1,1
2007-05-31,4.73,4.9,64.01,661.0,7465.0,1530.62,2604.52,13.05,488.26,0.03029,5971.0,311.46,0.0,0.0,0.0,0,1,1,1
2007-06-01,4.79,4.95,66.12,671.2,7540.0,1536.34,2613.9199,12.78,489.98,0.03029,5983.0,314.12,0.0,0.0,0.0,0,1,1,1
2007-06-04,4.81,4.93,67.29,670.7,7725.0,1539.18,2618.29,13.29,490.44,0.0303,6011.0,315.52,0.0,0.0,0.0,1,1,1,1
2007-06-05,4.83,4.98,66.74,669.6,7631.5,1530.95,2611.2299,13.63,487.24,0.03029,6023.0,314.64,0.0,0.0,0.0,0,1,1,1
2007-06-06,4.8,4.97,66.99,669.3,7500.0,1517.38,2587.1799,14.87,481.75,0.03028,5988.0,313.66,0.0,0.0,0.0,1,1,1,1
2007-06-07,4.8,5.11,67.74,660.1,7506.0,1490.72,2541.3798,17.0599,473.66,0.03027,5877.0,313.92,0.0,0.0,0.0,0,1,1,1
2007-06-08,4.77,5.12,65.45,645.5,7220.0,1507.67,2573.54,14.84,488.36,0.03031,5736.0,307.51,0.0,0.0,0.0,1,1,1,1
2007-06-11,4.73,5.14,66.64,654.3,7445.5,1509.12,2572.1499,14.71,486.37,0.03029,5661.0,312.06,0.0,0.0,0.0,1,1,1,1
2007-06-12,4.72,5.26,66.06,648.5,7257.0,1493.0,2549.77,16.67,481.8,0.03028,5538.0,309.71,0.0,0.0,0.0,1,1,1,1
2007-06-13,4.66,5.2,66.93,648.2,7379.0,1515.67,2582.31,14.73,488.74,0.03027,5407.0,311.68,0.0,0.0,0.0,1,1,1,1
2007-06-14,4.65,5.23,68.14,651.6,7540.0,1522.97,2599.4099,13.64,494.03,0.03023,5302.0,316.54,0.0,0.0,0.0,1,1,1,1
2007-06-15,4.56,5.16,68.54,651.6,7582.0,1532.91,2626.7099,13.94,502.49,0.03017,5258.0,319.3,0.0,0.0,0.0,1,1,1,1
2007-06-20,4.74,5.14,68.86,656.1,7586.0,1512.84,2599.9599,14.67,497.59,0.03032,5438.0,317.64,0.0,0.0,0.0,1,1,1,1
2007-06-21,4.7,5.16,68.65,650.6,7500.0,1522.19,2616.9599,14.21,512.5,0.03037,5672.0,316.15,0.0,0.0,0.0,1,1,1,1
2007-06-22,4.73,5.14,69.14,653.5,7498.0,1502.56,2588.9599,15.75,504.73,0.03053,5922.0,314.75,0.0,0.0,0.0,0,1,1,1
2007-06-23,4.73,5.14,69.14,653.5,7498.0,1502.56,2588.9599,15.75,504.73,0.03055,5922.0,314.75,0.0,0.0,0.0,1,1,1,1
2007-06-25,4.82,5.09,69.18,651.3,7545.0,1497.74,2577.08,16.65,497.18,0.03052,6038.0,313.24,0.0,0.0,0.0,1,1,1,1
2007-06-26,4.82,5.1,67.77,642.1,7442.0,1492.89,2574.1599,18.8899,495.89,0.03052,6105.0,310.73,0.0,0.0,0.0,1,1,1,1
2007-06-27,4.77,5.09,68.97,641.7,7469.0,1506.34,2605.35,15.53,506.77,0.0305,6180.0,312.3,0.0,0.0,0.0,1,1,1,1
2007-06-28,4.78,5.12,69.57,647.5,7648.0,1505.71,2608.3701,15.54,502.24,0.03045,6234.0,312.76,0.0,0.0,0.0,1,1,1,1
2007-06-29,4.82,5.03,70.68,648.1,7678.0,1503.35,2603.2299,16.23,501.16,0.03055,6278.0,315.74,0.0,0.0,0.0,1,1,1,1
2007-07-02,4.95,5.0,71.56,657.0,7840.0,1519.43,2632.3,15.4,505.41,0.03052,6304.0,316.7,222859.0,211574.0,-6558.0,0,1,0,0
2007-07-03,4.95,5.05,71.87,652.9,7829.0,1524.87,2644.9499,15.29,505.51,0.0305,6302.0,316.7,224114.0,215315.0,-7244.0,0,0,0,0
2007-07-04,4.95,5.05,71.45,652.9,7954.0,1524.87,2644.9499,15.29,505.51,0.03052,6293.0,316.7,231894.0,215603.0,-10093.0,0,0,0,0
2007-07-05,4.95,5.16,72.15,648.4,7976.0,1525.4,2656.6499,15.48,509.36,0.0305,6251.0,318.52,240356.0,221104.0,-11282.0,0,0,0,0
2007-07-06,4.95,5.19,73.15,652.7,7966.0,1525.88,2666.51,14.72,514.65,0.03048,6201.0,320.86,241762.0,229241.0,-11925.0,1,1,0,1
2007-07-09,4.97,5.16,72.61,660.5,8098.0,1531.85,2670.02,15.16,520.53,0.03061,6220.0,321.23,242919.0,249453.0,-11416.0,1,1,0,1
2007-07-10,4.95,5.03,73.19,662.5,8012.5,1510.12,2639.1599,17.57,516.55,0.03053,6301.0,323.04,238430.0,271724.0,-17011.0,1,0,0,0
2007-07-11,4.95,5.09,72.94,660.3,8053.0,1518.76,2651.79,16.6399,516.0,0.03055,6484.0,322.87,237641.0,296512.0,-18722.0,1,0,0,1
2007-07-12,4.97,5.13,72.87,666.7,7937.0,1547.7,2701.7299,15.54,530.96,0.03049,6656.0,322.96,248942.0,313477.0,-15571.0,1,1,0,1
2007-07-13,4.97,5.11,74.13,665.8,7983.5,1552.5,2707.0,15.15,529.89,0.03052,6706.0,325.09,254200.0,319898.0,-16151.0,1,0,0,1
2007-07-16,4.98,5.05,74.23,665.0,7911.0,1549.52,2697.33,15.59,530.91,0.03048,6692.0,320.64,244593.0,340572.0,-18104.0,1,0,0,1
2007-07-17,4.96,5.08,74.11,664.7,7882.0,1549.37,2712.29,15.63,546.59,0.03046,6637.0,318.59,243819.0,356369.0,-20001.0,0,0,0,0
2007-07-18,4.96,5.02,75.3,672.6,7936.0,1546.17,2699.4899,16.0,539.27,0.03047,6582.0,323.6,246876.0,368931.0,-22226.0,0,0,0,0
2007-07-19,4.98,5.04,76.07,677.2,8068.0,1553.08,2720.04,15.23,543.54,0.03046,6567.0,325.99,117330.0,190056.0,-4600.0,0,0,0,0
2007-07-20,4.97,4.96,75.79,683.9,8206.0,1534.1,2687.6,16.95,536.87,0.0305,6601.0,324.44,123310.0,210550.0,-706.0,0,0,0,0
2007-07-23,5.02,4.97,74.89,680.8,8125.0,1541.57,2690.58,16.8099,533.94,0.0305,6659.0,319.09,126900.0,223108.0,-5944.0,0,0,0,0
2007-07-24,5.02,4.94,73.56,684.2,8063.5,1511.04,2639.8601,18.5499,523.74,0.03053,6720.0,317.89,127430.0,233210.0,-6732.0,0,0,0,0
2007-07-25,4.99,4.92,75.88,673.3,7879.0,1518.09,2648.1699,18.1,524.26,0.0305,6780.0,319.13,126719.0,253042.0,-12411.0,0,0,0,0
2007-07-26,4.92,4.79,74.95,662.5,7873.0,1482.66,2599.34,20.74,512.6,0.03045,6838.0,316.67,135257.0,271188.0,-17413.0,0,0,0,0
2007-07-27,4.85,4.8,77.02,660.1,7866.0,1458.95,2562.2399,24.17,502.28,0.03043,6890.0,319.61,136667.0,293197.0,-25110.0,1,0,1,1
2007-07-30,4.96,4.82,76.83,664.1,7960.0,1473.91,2583.28,20.87,510.88,0.03046,6936.0,320.99,153034.0,281966.0,-23687.0,1,1,1,1
2007-07-31,4.96,4.78,78.21,666.9,8162.0,1455.27,2546.27,23.52,499.08,0.03048,6967.0,324.1,164114.0,292281.0,-15121.0,1,0,1,1
2007-08-01,4.89,4.76,76.21,663.6,7990.0,1465.81,2553.8701,23.67,500.92,0.03043,6993.0,319.87,164824.0,290137.0,-16939.0,1,1,1,1
2007-08-02,4.89,4.77,76.55,664.6,8001.0,1472.2,2575.9799,21.2199,500.13,0.03043,7000.0,320.18,162163.0,288244.0,-13274.0,0,0,1,1
2007-08-03,4.85,4.71,75.37,672.5,7804.0,1433.06,2511.25,25.16,487.63,0.03042,7007.0,318.17,163600.0,293276.0,-10507.0,0,0,0,1
2007-08-06,4.88,4.72,71.97,671.5,7821.0,1467.67,2547.33,22.94,495.19,0.03041,6990.0,312.29,166924.0,306320.0,-12650.0,0,0,1,1
2007-08-07,4.94,4.77,72.38,670.6,7872.5,1476.71,2561.6,21.5599,493.54,0.0304,6966.0,312.76,166654.0,313817.0,-12049.0,0,0,1,1
2007-08-08,4.95,4.84,71.94,674.5,7705.0,1497.49,2612.9799,21.45,505.49,0.0304,6917.0,313.05,168622.0,307657.0,-9276.0,0,0,0,1
2007-08-09,4.81,4.79,71.4,661.4,7603.5,1453.09,2556.4899,26.48,502.16,0.03041,6936.0,311.04,180903.0,308958.0,-5761.0,0,0,1,1
2007-08-10,4.57,4.81,71.25,670.3,7592.0,1453.64,2544.8898,28.2999,504.28,0.03034,7011.0,310.91,181768.0,307017.0,-7784.0,0,1,1,1
2007-08-13,4.74,4.78,71.32,669.7,7711.0,1452.92,2542.2399,26.57,501.71,0.03034,7066.0,311.57,186428.0,310031.0,-6371.0,0,1,1,1
2007-08-14,4.64,4.73,72.02,668.6,7564.0,1426.54,2499.1201,27.68,490.5,0.03033,7143.0,311.27,203639.0,318654.0,-8745.0,0,1,1,1
2007-08-15,4.21,4.69,73.21,668.9,7443.0,1406.7,2458.83,30.67,478.24,0.03029,7231.0,311.88,228452.0,341689.0,-8594.0,0,1,1,1
2007-08-16,3.79,4.6,70.87,648.3,6850.0,1411.27,2451.07,30.83,477.71,0.03019,7319.0,301.27,100072.0,174059.0,-13133.0,1,1,1,1
2007-08-17,3.76,4.68,71.82,656.9,7108.0,1445.94,2505.03,29.99,487.81,0.03037,7313.0,306.15,115600.0,178390.0,-16719.0,1,1,1,1
2007-08-20,3.12,4.64,70.96,656.7,7107.0,1445.55,2508.59,26.33,492.14,0.0304,7289.0,301.99,143633.0,181570.0,-10686.0,0,1,1,1
2007-08-21,3.59,4.6,69.57,656.7,7052.0,1447.12,2521.3,25.25,492.03,0.03038,7243.0,299.77,155546.0,193807.0,-9290.0,1,1,1,1
2007-08-22,3.67,4.63,69.26,659.1,7233.5,1464.07,2552.8,22.8899,496.48,0.03036,7211.0,300.63,166656.0,193958.0,-9070.0,1,1,1,1
2007-08-23,3.89,4.62,69.83,658.9,7343.0,1462.5,2541.6999,22.62,492.8,0.03035,7237.0,303.1,177394.0,197021.0,-5911.0,1,1,1,1
2007-08-24,4.24,4.63,71.09,668.0,7403.0,1479.37,2576.6899,20.7199,495.72,0.03032,7277.0,305.64,183602.0,209410.0,-3630.0,1,1,1,1
2007-08-27,4.63,4.6,71.97,666.8,7403.0,1466.79,2561.25,22.7199,487.55,0.03031,7277.0,305.59,189828.0,212451.0,-123.0,1,1,1,1
2007-08-28,4.4,4.53,71.73,664.4,7354.0,1432.36,2500.6398,26.2999,476.08,0.0303,7381.0,304.44,194485.0,217871.0,688.0,1,1,1,1
2007-08-29,3.98,4.57,73.51,666.3,7440.0,1463.76,2563.1599,23.8099,489.34,0.03025,7474.0,306.83,201926.0,220831.0,-2529.0,1,1,1,1
2007-08-30,3.84,4.51,73.36,665.0,7471.0,1457.64,2565.3,25.0599,490.09,0.03026,7586.0,307.21,214292.0,222808.0,-865.0,1,1,1,1
2007-08-31,4.01,4.54,74.04,673.0,7536.0,1473.99,2596.3601,23.3799,497.44,0.03031,7702.0,308.76,216022.0,223995.0,820.0,0,1,1,1
2007-09-03,4.01,4.54,74.23,673.0,7457.0,1473.99,2596.3601,23.3799,497.44,0.0303,7783.0,308.76,221522.0,226995.0,-1112.0,1,1,1,1
2007-09-04,4.47,4.56,74.26,682.5,7369.0,1489.42,2630.2399,22.78,508.39,0.03028,7907.0,311.2,224754.0,228494.0,-433.0,0,1,1,1
2007-09-05,4.36,4.48,74.67,681.7,7223.0,1472.29,2605.9499,24.58,502.14,0.03026,8090.0,310.92,230051.0,231542.0,-1305.0,0,0,0,0
2007-09-06,4.29,4.51,75.31,695.6,7367.0,1478.55,2614.32,23.99,505.61,0.03027,8270.0,311.76,232604.0,238606.0,-1853.0,0,0,0,0
2007-09-07,4.07,4.38,75.62,700.8,7239.0,1453.55,2565.6999,26.23,492.95,0.03026,8410.0,312.32,238577.0,239947.0,-1661.0,0,1,1,0
2007-09-10,3.96,4.34,76.26,703.3,7222.0,1451.7,2559.1101,27.3799,495.86,0.03025,8477.0,314.78,237574.0,240562.0,-1708.0,1,1,1,1
2007-09-11,4.11,4.37,77.0,712.2,7540.0,1471.49,2597.4699,25.27,499.93,0.03024,8468.0,316.97,244277.0,266025.0,-99.0,1,1,1,1
2007-09-12,4.03,4.41,78.54,711.9,7484.5,1471.56,2592.07,24.9599,490.21,0.03024,8421.0,321.19,249251.0,272362.0,181.0,0,1,0,0
2007-09-13,4.08,4.49,78.78,709.5,7606.0,1483.95,2601.06,24.76,488.18,0.03024,8340.0,320.32,252703.0,272726.0,1012.0,1,1,1,1
2007-09-14,4.01,4.47,78.09,709.6,7613.5,1484.25,2602.1799,24.92,487.0,0.03024,8302.0,320.92,263975.0,273099.0,-638.0,1,1,1,1
2007-09-17,4.15,4.48,79.38,715.8,7561.0,1476.65,2581.6599,26.48,484.3,0.0302,8296.0,324.87,268632.0,285881.0,-3643.0,1,1,1,1
2007-09-19,3.93,4.53,80.85,722.0,7933.0,1529.03,2666.4799,20.03,498.74,0.03022,8429.0,329.57,298915.0,294854.0,-2308.0,0,1,0,0
2007-09-20,3.79,4.69,81.78,732.4,7932.0,1518.75,2654.29,20.45,499.15,0.03024,8619.0,333.32,53043.0,89704.0,1072.0,1,1,0,0
2007-09-21,3.74,4.64,81.62,732.4,7929.0,1525.75,2671.2199,19.0,501.13,0.03035,8956.0,333.15,59427.0,103924.0,405.0,1,1,0,0
2007-09-26,3.73,4.63,80.3,728.3,8003.0,1525.42,2699.03,17.6299,495.66,0.03037,9259.0,331.92,69102.0,108953.0,129.0,1,1,0,0
2007-09-27,3.71,4.58,82.88,732.7,8084.0,1531.38,2709.59,17.0,498.89,0.03046,9370.0,336.71,91289.0,125405.0,1326.0,0,0,0,0
2007-09-28,3.82,4.59,81.66,742.8,8087.0,1526.75,2701.5,18.0,500.09,0.03061,9474.0,333.67,100853.0,131344.0,1724.0,0,0,0,0
2007-09-29,3.82,4.59,81.66,742.8,8087.0,1526.75,2701.5,18.0,500.09,0.03069,9474.0,333.67,101212.0,137182.0,1929.0,0,0,0,0
2007-10-01,3.92,4.56,79.28,747.2,8187.0,1547.04,2740.9899,17.84,506.02,0.0307,9537.0,332.32,104786.0,141636.0,1470.0,1,1,0,0
2007-10-02,3.96,4.54,79.04,729.8,8239.0,1546.63,2747.1101,18.49,505.97,0.0307,9566.0,328.62,109668.0,158472.0,1134.0,1,0,0,0
2007-10-03,3.96,4.55,79.02,729.3,8375.0,1539.59,2729.4299,18.7999,495.19,0.0307,9561.0,328.23,107747.0,164230.0,72.0,1,1,0,0
2007-10-04,3.96,4.54,80.64,737.8,8259.0,1542.84,2733.57,18.44,493.99,0.03068,9513.0,330.24,111756.0,177362.0,-7014.0,1,0,0,0
2007-10-05,4.0,4.65,80.62,741.3,8269.0,1557.59,2780.32,16.91,498.85,0.03068,9535.0,329.21,112383.0,176601.0,-8280.0,1,0,0,0
2007-10-08,4.0,4.65,78.4,732.8,8010.0,1552.58,2787.3701,17.4599,501.15,0.03069,9665.0,323.39,115323.0,182258.0,-7961.0,0,0,0,0
2007-10-09,4.06,4.67,79.54,737.4,8112.0,1565.15,2803.9099,16.12,496.68,0.03068,9860.0,325.88,117038.0,195512.0,-7863.0,0,0,0,0
2007-10-11,4.12,4.66,82.26,751.3,8133.5,1554.41,2772.1999,18.8799,482.65,0.03069,10513.0,332.6,128370.0,210691.0,-8220.0,0,0,0,0
2007-10-12,4.2,4.7,82.74,748.7,8112.5,1561.8,2805.6799,17.73,487.43,0.03069,10695.0,333.5,130748.0,219096.0,-7013.0,0,0,0,0
2007-10-15,4.3,4.69,85.13,757.1,8204.5,1548.71,2780.05,19.25,487.37,0.03068,10756.0,338.15,132133.0,219784.0,-4467.0,0,0,0,0
2007-10-16,4.25,4.66,86.58,757.0,8099.0,1538.53,2763.9099,20.02,486.88,0.03068,10748.0,339.33,141955.0,231026.0,-4755.0,0,0,0,0
2007-10-17,4.01,4.57,86.19,757.5,8010.5,1541.24,2792.6699,18.54,495.89,0.03067,10724.0,338.82,171033.0,249809.0,-4330.0,0,0,0,0
2007-10-18,3.76,4.52,88.04,764.1,7901.5,1540.08,2799.31,18.5,496.33,0.03068,10732.0,342.18,96559.0,122695.0,-3226.0,0,0,0,0
2007-10-19,3.86,4.41,86.95,764.0,7912.5,1500.63,2725.1599,22.9599,475.01,0.0307,10798.0,340.11,101082.0,128479.0,-3035.0,0,0,0,0
2007-10-22,4.0,4.42,86.02,755.8,7798.0,1506.33,2753.9299,21.6399,479.82,0.0307,10853.0,336.35,104157.0,134870.0,-652.0,1,0,0,1
2007-10-23,3.98,4.41,85.27,759.0,7833.0,1519.59,2799.26,20.41,478.62,0.03069,10944.0,335.34,126326.0,136483.0,267.0,0,0,0,0
2007-10-24,3.85,4.36,87.1,761.6,7724.0,1515.88,2774.76,20.7999,461.83,0.03071,10984.0,336.13,139724.0,137774.0,1002.0,0,0,0,0
2007-10-25,3.94,4.37,90.46,767.3,7797.5,1514.4,2750.8601,21.17,452.51,0.03077,10994.0,342.32,143596.0,140130.0,1495.0,0,0,0,0
2007-10-26,3.96,4.41,91.86,783.9,7905.5,1535.28,2804.1899,19.5599,451.93,0.0308,11025.0,345.87,150747.0,144175.0,1158.0,0,0,0,0
2007-10-29,4.01,4.39,93.53,789.1,7862.0,1540.98,2817.4399,19.87,458.56,0.03085,11033.0,349.43,156912.0,150396.0,-3639.0,0,0,0,0
2007-10-30,3.96,4.4,90.38,784.3,7762.0,1531.02,2816.7099,21.07,459.33,0.03085,10886.0,344.19,162848.0,157475.0,-3811.0,0,0,0,0
2007-10-31,3.94,4.48,94.53,792.0,7730.0,1549.38,2859.1201,18.53,463.39,0.03085,10656.0,351.01,163456.0,169014.0,-7947.0,0,0,0,1
2007-11-01,3.81,4.36,92.45,790.7,7506.0,1508.44,2794.83,23.2099,455.18,0.03087,10581.0,351.01,167901.0,182592.0,-5800.0,0,0,0,1
2007-11-02,3.61,4.31,94.81,807.0,7438.0,1509.65,2810.3798,23.01,457.93,0.03087,10548.0,351.01,170255.0,196832.0,-7387.0,0,0,1,1
2007-11-05,3.71,4.35,93.12,806.5,7406.5,1502.17,2795.1799,24.3099,452.22,0.03086,10539.0,349.76,178227.0,220582.0,-5313.0,1,1,1,1
2007-11-06,3.76,4.38,95.8,825.0,7480.0,1520.27,2825.1799,21.3899,455.35,0.03086,10605.0,355.63,182825.0,231009.0,-3962.0,0,0,1,1
2007-11-07,3.49,4.34,95.6,831.1,7305.0,1475.62,2748.76,26.49,444.16,0.03089,10674.0,354.4,190924.0,243385.0,39.0,0,1,1,1
2007-11-08,3.38,4.28,94.66,833.6,7185.5,1474.77,2696.0,26.16,437.42,0.03095,10744.0,353.85,205629.0,242302.0,2276.0,0,1,1,1
2007-11-09,3.27,4.23,95.3,832.0,7000.5,1453.7,2627.9399,28.5,436.3,0.03097,10867.0,354.54,210526.0,246081.0,1086.0,0,1,1,1
2007-11-12,3.27,4.23,93.52,793.5,6912.5,1439.18,2584.1298,31.09,430.32,0.03097,10995.0,349.51,220299.0,253767.0,2010.0,1,1,1,1
2007-11-13,3.5,4.26,90.2,802.0,6887.0,1481.05,2673.6499,24.1,440.12,0.03096,11039.0,345.53,222707.0,267400.0,1692.0,0,1,1,1
2007-11-14,3.41,4.28,92.83,812.0,7102.5,1470.58,2644.32,25.94,431.7,0.03097,10995.0,351.46,237562.0,276623.0,2180.0,0,1,1,1
2007-11-15,3.3,4.17,92.07,788.3,6897.0,1451.15,2618.51,28.0599,428.34,0.03096,10938.0,346.49,243467.0,286985.0,2515.0,0,1,1,1
2007-11-16,3.4,4.15,93.84,786.3,7002.0,1458.74,2637.2399,25.49,426.29,0.03093,10870.0,349.43,257212.0,303494.0,4282.0,1,1,1,1
2007-11-19,3.4,4.07,94.64,782.0,6756.0,1433.27,2593.3798,26.01,417.55,0.03091,10780.0,346.9,263599.0,306350.0,5735.0,1,1,1,1
2007-11-20,3.25,4.06,98.03,802.8,6755.5,1439.7,2596.81,24.8799,413.02,0.03091,10647.0,352.57,277432.0,318364.0,7833.0,1,1,1,1
2007-11-21,3.09,4.0,97.29,800.22,6473.0,1416.77,2562.1499,26.84,407.82,0.03091,10517.0,350.82,295144.0,327763.0,8489.0,1,1,1,1
2007-11-22,3.09,4.0,96.63,804.6,6527.0,1416.77,2562.1499,26.84,407.82,0.03092,10328.0,350.82,91276.0,124725.0,-7471.0,1,1,1,1
2007-11-23,3.23,4.01,98.18,823.8,6677.5,1440.7,2596.6,25.9599,413.48,0.03094,10148.0,354.29,96457.0,140337.0,-8238.0,1,1,1,1
2007-11-26,3.13,3.83,97.7,824.6,6721.0,1407.22,2540.9899,28.91,402.35,0.03094,10003.0,353.37,117138.0,144267.0,-7004.0,1,1,1,1
2007-11-27,3.16,3.95,94.42,812.6,6565.5,1428.23,2580.8,26.28,410.57,0.03094,9897.0,347.77,128425.0,171914.0,-9035.0,1,1,1,1
2007-11-28,3.05,4.03,90.62,804.5,6669.5,1469.02,2662.9099,24.11,420.23,0.03093,9922.0,343.78,131740.0,171307.0,-8885.0,1,1,1,1
2007-11-29,2.99,3.94,91.01,793.4,6835.5,1469.72,2668.1298,23.9699,420.11,0.03096,10092.0,343.59,151381.0,172633.0,-5657.0,0,0,0,0
2007-11-30,3.15,3.97,88.71,783.55,6960.5,1481.14,2660.9599,22.87,414.58,0.03099,10210.0,339.84,159954.0,189762.0,-1816.0,0,0,0,0
2007-12-03,3.06,3.89,89.04,794.3,6753.0,1472.42,2637.1298,23.61,414.98,0.03096,10270.0,339.92,164013.0,192156.0,-1874.0,0,0,0,0
2007-12-04,3.07,3.89,88.11,801.7,6644.0,1462.79,2619.83,23.79,411.64,0.03095,10285.0,340.08,165525.0,195664.0,-3719.0,0,0,0,0
2007-12-05,3.07,3.92,87.29,795.4,6637.5,1485.01,2666.3601,22.53,421.72,0.03096,10216.0,339.51,175143.0,201545.0,-3971.0,0,0,0,0
2007-12-06,3.09,4.02,89.94,802.2,6671.0,1507.34,2709.03,20.9599,428.91,0.03095,10142.0,343.12,182217.0,209568.0,-3340.0,0,0,0,0
2007-12-07,3.12,4.12,88.15,794.8,6858.0,1504.66,2706.1599,20.85,429.07,0.03095,10068.0,342.92,187521.0,211248.0,-2808.0,0,0,0,0
2007-12-10,3.05,4.15,87.77,808.2,6765.5,1515.96,2718.9499,20.74,432.25,0.03094,9992.0,343.45,188688.0,215261.0,-3947.0,0,0,0,0
2007-12-11,2.94,3.98,89.92,797.1,6760.0,1477.65,2652.35,23.59,423.27,0.03092,9929.0,346.83,189159.0,217635.0,-2712.0,0,0,0,0
2007-12-12,2.88,4.05,94.28,813.6,6667.0,1486.59,2671.1398,22.4699,425.67,0.0309,9936.0,354.08,189901.0,218277.0,-3508.0,0,0,0,0
2007-12-13,2.87,4.18,92.46,797.3,6456.5,1488.41,2668.4899,22.5599,420.9,0.0309,9949.0,349.55,200064.0,223308.0,-4224.0,0,0,0,0
2007-12-14,2.88,4.24,91.55,794.87,6491.0,1467.95,2635.7399,23.27,414.13,0.03089,9918.0,348.6,208766.0,238622.0,-918.0,0,1,1,0
2007-12-17,3.07,4.2,91.05,793.3,6326.5,1445.9,2574.4599,24.52,407.6,0.03079,9848.0,347.99,221798.0,248098.0,2877.0,1,1,1,0
2007-12-18,3.04,4.14,90.08,802.75,6323.75,1454.98,2596.03,22.6399,408.51,0.03075,9751.0,347.05,255619.0,273055.0,4573.0,1,1,1,0
2007-12-19,2.91,4.06,91.24,802.3,6462.0,1453.0,2601.01,21.68,409.04,0.03076,9591.0,350.19,276087.0,282647.0,7851.0,1,1,1,0
2007-12-20,2.92,4.04,91.06,796.4,6491.5,1460.12,2640.8601,20.58,414.57,0.03077,9392.0,349.63,65074.0,77953.0,2842.0,1,1,1,0
2007-12-21,3.0,4.18,93.31,811.8,6766.0,1484.46,2691.9899,18.4699,416.21,0.03078,9236.0,354.23,67350.0,79567.0,3556.0,1,1,1,0
2007-12-24,3.33,4.23,94.13,811.8,6766.0,1496.45,2713.5,18.6,418.41,0.03077,9143.0,354.75,79873.0,79607.0,4781.0,1,1,1,0
2007-12-25,3.33,4.23,94.13,807.0,6766.0,1496.45,2713.5,18.6,418.41,0.03077,9143.0,354.75,82014.0,78241.0,4834.0,1,1,1,0
2007-12-26,3.32,4.3,95.97,824.5,6766.0,1497.66,2724.4099,18.66,418.49,0.03074,9143.0,358.34,89406.0,91927.0,4777.0,1,0,0,0
2007-12-27,3.17,4.21,96.62,825.6,6838.5,1476.27,2676.79,20.26,410.89,0.03074,9143.0,359.78,99108.0,99641.0,5463.0,0,0,0,0
2007-12-28,3.18,4.11,96.0,840.5,6800.0,1478.49,2674.4599,20.74,409.99,0.03077,9143.0,358.51,100922.0,89592.0,5708.0,0,0,0,0
2007-12-31,3.36,4.04,95.98,833.7,6641.5,1468.36,2652.28,22.5,408.04,0.03082,9143.0,358.71,115997.0,99393.0,4659.0,0,0,1,0
2008-01-02,3.26,3.91,99.33,857.5,6717.5,1447.16,2609.6298,23.17,396.73,0.03082,8891.0,366.86,123225.0,110531.0,3911.0,1,0,1,0
2008-01-03,3.24,3.91,98.94,864.9,6932.0,1447.16,2602.6799,22.49,391.29,0.03083,8756.0,368.61,150373.0,122441.0,2277.0,1,0,1,0
2008-01-04,3.2,3.88,97.69,859.6,6873.5,1411.63,2504.6499,23.94,372.85,0.03083,8702.0,366.22,171127.0,126079.0,2893.0,1,0,0,0
2008-01-07,3.27,3.86,94.9,858.1,6869.5,1416.18,2499.4599,23.79,371.61,0.0308,8732.0,362.32,175881.0,134108.0,4598.0,0,0,0,0
2008-01-08,3.25,3.86,96.08,878.0,7197.5,1390.19,2440.51,25.43,361.71,0.03081,8730.0,368.17,184900.0,131727.0,7879.0,0,0,0,0
2008-01-09,3.22,3.82,95.23,878.8,7203.5,1409.13,2474.55,24.12,362.94,0.0308,8621.0,366.58,205733.0,141882.0,8134.0,0,0,0,0
2008-01-10,3.24,3.91,93.21,893.3,7172.5,1420.33,2488.52,23.45,362.55,0.03078,8333.0,363.89,212699.0,153367.0,8722.0,0,0,0,0
2008-01-11,3.09,3.82,92.16,895.4,7281.0,1401.02,2439.9399,23.68,353.89,0.0308,7949.0,365.15,256810.0,190631.0,5885.0,0,0,0,0
2008-01-14,3.19,3.81,93.87,904.0,7382.0,1416.25,2478.3,22.9,364.65,0.03089,7654.0,370.22,290836.0,185369.0,17477.0,0,0,0,0
2008-01-15,3.17,3.72,91.73,887.9,7145.5,1380.95,2417.59,23.34,353.18,0.031,7336.0,365.57,289266.0,202663.0,11896.0,0,1,0,0
2008-01-16,3.14,3.74,90.36,877.0,6989.0,1373.2,2394.59,24.3799,355.52,0.03099,6915.0,361.26,287012.0,202605.0,3362.0,1,1,0,0
2008-01-17,3.07,3.66,89.57,877.8,7000.0,1333.25,2346.8999,28.4599,349.85,0.03098,6472.0,361.41,109649.0,72761.0,-4935.0,1,1,0,0
2008-01-18,2.86,3.66,89.92,883.1,7171.0,1325.19,2340.02,27.18,358.35,0.03095,6462.0,360.87,114425.0,85168.0,-3821.0,0,1,0,0
2008-01-21,2.86,3.66,87.38,865.0,6901.0,1325.19,2340.02,27.18,358.35,0.03091,6513.0,360.87,118179.0,95625.0,-2887.0,0,0,0,0
2008-01-22,2.35,3.52,89.21,892.3,7060.0,1310.5,2292.27,31.01,347.98,0.03083,6437.0,356.81,122291.0,94633.0,-8.0,1,1,0,0
2008-01-23,2.21,3.51,86.99,891.07,6914.0,1338.6,2316.4099,29.02,352.26,0.03086,6246.0,349.24,133607.0,92708.0,2083.0,1,1,0,0
2008-01-24,2.37,3.68,89.41,912.9,7051.0,1352.07,2360.9199,27.78,361.06,0.03091,5948.0,357.36,138823.0,93980.0,4416.0,1,1,0,0
2008-01-25,2.3,3.61,90.71,913.9,7036.0,1330.61,2326.1999,29.08,354.5,0.03096,5780.0,361.64,157106.0,91305.0,7773.0,1,1,0,0
2008-01-28,2.34,3.61,90.99,928.38,7049.5,1353.96,2349.9099,27.78,359.74,0.03092,5692.0,364.16,169450.0,90383.0,6074.0,1,1,0,0
2008-01-29,2.28,3.69,91.64,923.44,7295.0,1362.3,2358.06,27.32,357.9,0.03095,5615.0,367.19,175267.0,95084.0,4519.0,1,1,0,0
2008-01-30,2.21,3.78,92.33,929.4,7150.0,1355.81,2349.0,27.62,358.81,0.03101,5900.0,368.52,184648.0,99764.0,5477.0,1,1,0,0
2008-01-31,1.96,3.67,91.75,926.1,7345.0,1378.55,2389.8601,26.2,359.0,0.03106,6052.0,369.46,190624.0,107363.0,7358.0,1,1,0,0
2008-02-01,2.1,3.62,89.0,905.3,7240.5,1395.42,2413.3601,24.02,379.73,0.03108,6134.0,364.34,207443.0,110600.0,9818.0,1,0,0,0
2008-02-12,2.31,3.66,92.86,906.4,7921.0,1348.86,2320.04,26.33,352.82,0.03136,6712.0,375.37,211087.0,115296.0,11311.0,1,0,0,0
2008-02-13,2.28,3.7,93.41,906.6,7809.0,1367.21,2373.9299,24.8799,363.49,0.03156,6965.0,376.94,213930.0,117076.0,13139.0,1,0,0,0
2008-02-14,2.31,3.85,95.55,908.2,7699.5,1348.86,2332.54,25.54,353.26,0.03155,7212.0,384.39,225861.0,136952.0,15071.0,0,0,0,0
2008-02-15,2.21,3.76,95.45,902.5,7751.5,1349.99,2321.8,25.02,347.56,0.03151,7355.0,384.23,233884.0,150964.0,12675.0,0,0,0,0
2008-02-18,2.21,3.76,95.89,905.2,8014.0,1349.99,2321.8,25.02,347.56,0.0315,7381.0,384.23,237181.0,155695.0,9367.0,0,0,0,0
2008-02-19,2.28,3.89,99.7,927.8,8073.0,1348.78,2306.1999,25.59,343.01,0.03155,7319.0,395.25,240856.0,160560.0,8149.0,1,0,0,0
2008-02-20,2.25,3.93,99.7,944.0,8221.0,1360.03,2327.1,24.4,352.42,0.0316,7081.0,395.45,274006.0,165912.0,5950.0,1,0,0,0
2008-02-21,2.2,3.77,98.23,946.1,8487.0,1342.53,2299.78,25.12,351.43,0.03172,6998.0,396.72,119091.0,64643.0,9610.0,1,0,0,0
2008-02-22,2.2,3.79,98.81,945.2,8374.5,1353.11,2303.35,24.0599,351.88,0.03175,7187.0,398.67,135067.0,77382.0,10322.0,1,0,0,0
2008-02-25,2.2,3.91,99.23,939.6,8238.0,1371.8,2327.4799,23.03,356.57,0.03186,7296.0,401.26,154108.0,84434.0,10973.0,0,0,0,0
2008-02-26,2.14,3.88,100.88,948.1,8335.0,1381.29,2344.9899,21.9,362.86,0.03204,7312.0,405.33,167412.0,88059.0,12105.0,0,0,0,0
2008-02-27,1.98,3.85,99.64,957.9,8504.0,1380.02,2353.78,22.69,367.26,0.03233,7299.0,405.44,171129.0,92498.0,14890.0,0,0,0,0
2008-02-29,1.85,3.53,101.84,973.9,8502.0,1330.63,2271.4799,26.54,348.05,0.03231,7613.0,412.69,186282.0,102921.0,12967.0,0,0,0,0
2008-03-03,1.7,3.54,102.01,983.7,8670.0,1331.34,2258.6,26.28,345.5,0.03215,7878.0,416.74,196261.0,116511.0,16053.0,0,0,0,0
2008-03-04,1.66,3.63,98.97,964.0,8497.0,1326.75,2260.28,25.52,348.29,0.03231,7993.0,408.84,205888.0,129980.0,15943.0,0,0,0,0
2008-03-05,1.53,3.7,103.69,989.8,8775.0,1333.7,2272.81,24.6,351.83,0.03238,8162.0,419.75,209902.0,138120.0,13034.0,0,0,0,0
2008-03-06,1.39,3.62,104.67,979.0,8648.0,1304.34,2220.5,27.5499,342.56,0.03252,8403.0,415.28,223548.0,143723.0,12931.0,0,0,0,0
2008-03-07,1.45,3.56,104.28,973.2,8640.0,1293.37,2212.4899,27.49,344.62,0.03252,8536.0,411.65,232965.0,167954.0,8203.0,0,0,0,0
2008-03-10,1.35,3.46,106.74,972.9,8403.0,1273.37,2169.34,29.3799,339.73,0.03262,8624.0,412.16,232761.0,177748.0,4388.0,0,0,0,0
2008-03-11,1.48,3.6,107.52,973.3,8362.0,1320.65,2255.76,26.36,350.54,0.03265,8560.0,415.45,235311.0,178008.0,4029.0,0,1,1,1
2008-03-12,1.48,3.49,108.57,982.9,8504.0,1308.77,2243.8701,27.2199,345.13,0.03258,8346.0,417.5,240085.0,185749.0,4813.0,0,1,1,1
2008-03-13,1.35,3.56,109.17,994.8,8484.0,1315.48,2263.6101,27.29,349.12,0.03259,8092.0,420.64,250723.0,202618.0,5276.0,0,1,1,1
2008-03-14,1.18,3.44,108.74,1002.9,8484.0,1288.14,2212.4899,31.16,338.58,0.03253,7972.0,416.4,261665.0,212691.0,5671.0,1,1,1,1
2008-03-17,1.11,3.34,104.23,1002.7,8180.0,1276.6,2177.01,32.24,337.07,0.03241,7913.0,397.15,269285.0,233012.0,6239.0,1,1,1,1
2008-03-18,0.92,3.48,108.5,981.4,8345.0,1330.74,2268.26,25.79,349.96,0.03252,7893.0,404.77,284010.0,235948.0,3060.0,1,1,1,1
2008-03-19,0.61,3.38,102.54,944.1,8103.0,1298.42,2209.9599,29.84,334.93,0.03255,7801.0,388.3,311768.0,246616.0,386.0,1,1,1,1
2008-03-20,0.63,3.34,101.84,910.4,7972.0,1329.51,2258.1101,26.62,339.89,0.03258,7684.0,381.74,129395.0,96432.0,-226.0,1,1,1,1
2008-03-21,0.63,3.34,101.84,919.5,7972.0,1329.51,2258.1101,26.62,339.89,0.03273,7684.0,381.74,130680.0,112015.0,-1771.0,1,1,1,1
2008-03-24,1.24,3.56,100.86,915.3,7972.0,1349.88,2326.75,25.73,352.5,0.03308,7684.0,388.3,147437.0,121865.0,-4330.0,1,1,1,1
2008-03-25,1.29,3.51,101.22,939.0,8213.0,1352.99,2341.05,25.7199,352.72,0.03322,7619.0,389.77,154376.0,130034.0,-10183.0,1,1,1,1
2008-03-26,1.29,3.51,105.9,954.0,8305.0,1341.13,2324.3601,26.08,347.74,0.03332,7679.0,397.69,152355.0,134712.0,-12191.0,1,1,1,1
2008-03-27,1.3,3.56,107.58,947.3,8636.0,1325.76,2280.83,25.8799,342.74,0.03313,7884.0,400.31,157020.0,139467.0,-19368.0,1,1,1,1
2008-03-28,1.33,3.47,105.62,931.4,8521.0,1315.22,2261.1799,25.7099,339.28,0.03289,8069.0,394.54,153371.0,142199.0,-18337.0,0,0,0,0
2008-03-31,1.38,3.45,101.58,916.9,8510.0,1322.7,2279.1,25.61,343.94,0.03289,8081.0,386.89,155550.0,132717.0,-17685.0,0,0,0,0
2008-04-01,1.4,3.57,100.5,882.7,8474.0,1370.18,2362.75,22.68,358.46,0.03298,7890.0,384.93,160536.0,140264.0,-17444.0,0,0,0,0
2008-04-02,1.41,3.6,104.28,904.5,8683.0,1367.53,2361.3999,23.43,361.22,0.03292,7655.0,391.38,173435.0,151131.0,-11862.0,0,0,0,0
2008-04-03,1.4,3.61,103.26,902.9,8686.5,1369.31,2363.3,23.2099,370.49,0.03286,7690.0,390.91,177838.0,151974.0,-10399.0,0,0,0,0
2008-04-07,1.45,3.57,108.55,920.0,8874.0,1372.54,2364.83,22.42,369.55,0.03288,7741.0,401.77,181777.0,158986.0,-10247.0,0,0,0,0
2008-04-08,1.41,3.58,107.86,914.9,8677.0,1365.54,2348.76,22.36,359.3,0.03276,7754.0,399.06,188832.0,168605.0,-9530.0,0,0,0,0
2008-04-09,1.31,3.49,110.19,934.0,8877.0,1354.49,2322.1201,22.8099,364.84,0.03282,7760.0,408.5,196675.0,176058.0,-6236.0,1,0,0,0
2008-04-10,1.27,3.55,109.57,928.8,8771.0,1360.55,2351.6999,21.98,371.36,0.03299,7823.0,408.53,201887.0,181244.0,-6200.0,0,0,0,0
2008-04-11,1.19,3.49,109.71,925.3,8793.0,1332.83,2290.2399,23.4599,358.68,0.03298,7889.0,407.45,209818.0,184844.0,-3556.0,0,0,0,0
2008-04-14,1.08,3.53,111.17,924.5,8702.0,1328.32,2275.82,23.82,352.56,0.03298,7961.0,409.92,218348.0,198958.0,-4267.0,0,0,0,0
2008-04-15,1.1,3.6,113.22,927.9,8550.0,1334.43,2286.04,22.78,351.84,0.03304,7957.0,415.36,226468.0,217389.0,-5366.0,0,0,0,0
2008-04-16,1.12,3.72,114.45,944.4,8836.0,1364.71,2350.1101,20.53,371.02,0.03305,7967.0,418.76,244804.0,210881.0,-5316.0,0,0,0,0
2008-04-17,1.23,3.75,114.45,938.8,8706.0,1365.56,2341.83,20.37,368.28,0.03303,8038.0,419.46,117061.0,86479.0,-2155.0,0,0,0,0
2008-04-18,1.35,3.77,116.16,916.9,8664.0,1390.33,2402.9699,20.1299,377.33,0.03302,8203.0,419.36,133127.0,91200.0,-3762.0,0,0,0,0
2008-04-21,1.34,3.75,116.63,914.2,8610.5,1388.17,2408.04,20.5,383.08,0.03302,8350.0,415.6,137848.0,96144.0,-6039.0,0,0,0,0
2008-04-22,1.27,3.74,118.07,915.9,8802.0,1375.94,2376.9399,20.87,370.58,0.03302,8550.0,422.11,140791.0,106671.0,-7182.0,0,0,0,0
2008-04-23,1.26,3.77,118.3,904.25,8670.0,1379.93,2405.2099,20.26,385.83,0.03301,8862.0,421.89,142619.0,109599.0,-10675.0,0,0,0,0
2008-04-24,1.26,3.87,116.06,886.25,8640.0,1388.82,2428.9199,20.0599,391.43,0.03301,9182.0,414.89,139548.0,115277.0,-8661.0,1,0,0,0
2008-04-25,1.34,3.91,118.52,886.3,8698.5,1397.84,2422.9299,19.59,391.17,0.03296,9329.0,417.8,143836.0,116226.0,-8228.0,1,1,1,0
2008-04-28,1.43,3.86,118.75,893.25,8793.0,1396.37,2424.3999,19.6399,390.3,0.03288,9344.0,419.36,147016.0,117690.0,-6408.0,0,0,0,0
2008-04-29,1.46,3.85,115.63,870.5,8698.0,1390.94,2426.1,20.24,391.04,0.03289,9273.0,411.62,148001.0,124939.0,-9064.0,1,1,0,0
2008-04-30,1.43,3.77,113.46,877.55,8697.5,1385.59,2412.8,20.79,385.16,0.03284,9356.0,409.27,151607.0,133359.0,-8794.0,0,0,0,0
2008-05-02,1.5,3.89,115.79,856.45,8560.5,1413.9,2476.9899,18.18,399.85,0.03284,9581.0,408.13,156336.0,135717.0,-7575.0,0,0,0,0
2008-05-05,1.53,3.88,119.47,874.2,8560.5,1407.49,2464.1201,18.9,396.86,0.03279,9581.0,413.86,159083.0,138530.0,-9372.0,0,1,0,0
2008-05-06,1.63,3.93,121.34,876.4,8675.0,1418.26,2483.31,18.2099,403.01,0.0328,9855.0,418.54,167012.0,142855.0,-11091.0,0,0,0,0
2008-05-07,1.67,3.87,123.2,868.75,8586.0,1392.57,2438.4899,19.73,397.51,0.03276,10104.0,420.18,167482.0,147024.0,-9695.0,0,1,0,0
2008-05-08,1.66,3.79,123.61,881.85,8435.5,1397.68,2451.2399,19.4,399.76,0.03244,10221.0,422.14,166207.0,152846.0,-11374.0,0,1,0,0
2008-05-09,1.69,3.77,126.0,884.85,8217.0,1388.28,2445.52,19.41,398.5,0.03262,10237.0,427.48,167606.0,159083.0,-10866.0,1,1,0,0
2008-05-12,1.77,3.78,124.1,882.7,8376.5,1403.58,2488.4899,17.79,403.12,0.03241,10220.0,424.81,172987.0,160224.0,-9644.0,1,1,0,0
2008-05-13,1.83,3.9,125.59,866.95,8330.0,1403.04,2495.1201,17.98,406.31,0.03239,10354.0,424.75,176395.0,174183.0,-7879.0,1,1,0,0
2008-05-14,1.82,3.92,124.11,864.0,8228.0,1408.66,2496.6999,17.66,411.29,0.03226,10649.0,422.0,178537.0,190800.0,-8112.0,1,1,0,0
2008-05-15,1.83,3.83,123.85,881.65,8418.0,1423.57,2533.7299,16.2999,419.72,0.03238,11067.0,421.61,187179.0,201043.0,-7550.0,1,1,0,0
2008-05-16,1.84,3.85,126.04,902.4,8566.0,1425.35,2528.85,16.4699,421.67,0.03262,11459.0,426.43,189830.0,215069.0,-8660.0,1,1,0,0
2008-05-19,1.82,3.83,126.72,905.2,8433.0,1426.63,2516.09,17.01,418.35,0.03274,11709.0,423.22,197826.0,229499.0,-12537.0,1,0,0,0
2008-05-20,1.86,3.78,128.98,919.25,8434.0,1413.4,2492.26,17.58,406.64,0.0327,11793.0,427.23,210079.0,233124.0,-17013.0,1,1,0,0
2008-05-21,1.86,3.81,133.17,932.55,8350.0,1390.71,2448.27,18.59,401.57,0.03279,11771.0,434.4,229471.0,244467.0,-17228.0,1,0,0,0
2008-05-22,1.86,3.92,130.81,921.85,8232.0,1394.35,2464.58,18.0499,404.48,0.03292,11648.0,428.77,110534.0,118881.0,-13745.0,1,1,0,0
2008-05-23,1.86,3.85,132.19,925.1,8301.0,1375.93,2444.6699,19.5499,400.39,0.03279,11465.0,431.09,126170.0,133734.0,-14937.0,1,1,0,0
2008-05-26,1.86,3.85,132.94,929.1,8301.0,1375.93,2444.6699,19.5499,400.39,0.03278,11465.0,431.09,137695.0,144600.0,-15627.0,0,0,0,0
2008-05-27,1.89,3.93,128.85,906.45,8327.0,1385.35,2481.2399,19.6399,407.19,0.03274,11269.0,425.24,141137.0,147083.0,-15911.0,0,0,0,0
2008-05-28,1.89,4.03,131.03,900.9,8222.0,1390.84,2486.6999,19.07,408.5,0.03277,11245.0,428.0,143853.0,150516.0,-13219.0,0,0,0,0
2008-05-29,1.9,4.08,126.62,877.9,8001.0,1398.26,2508.32,18.1399,406.84,0.03283,11347.0,417.88,154430.0,163166.0,-12681.0,0,0,0,0
2008-05-30,1.89,4.06,127.35,886.5,8062.0,1400.38,2522.6599,17.83,415.2,0.03288,11440.0,422.17,160533.0,174459.0,-10769.0,0,0,0,0
2008-06-02,1.85,3.98,128.05,891.4,8060.0,1385.67,2491.53,19.83,409.31,0.03309,11458.0,425.77,164934.0,180523.0,-10571.0,0,0,0,0
2008-06-03,1.85,3.92,124.7,880.55,8034.0,1377.65,2480.4799,20.24,407.8,0.03301,11503.0,419.73,162885.0,179901.0,-10512.0,0,0,0,0
2008-06-04,1.84,3.98,122.68,879.45,8023.0,1377.2,2503.1398,20.7999,413.18,0.03295,11623.0,416.75,165963.0,182594.0,-9555.0,0,0,0,0
2008-06-05,1.85,4.06,128.18,877.2,7950.0,1404.05,2549.9399,18.6299,417.53,0.0329,11689.0,426.16,168615.0,187254.0,-8732.0,0,0,0,0
2008-06-06,1.85,3.94,138.7,902.25,8129.0,1360.68,2474.56,23.5599,405.48,0.03297,11612.0,441.51,172806.0,189967.0,-7896.0,0,0,0,0
2008-06-09,1.89,4.02,134.75,892.93,8101.0,1361.76,2459.4599,23.12,402.09,0.033,11534.0,435.29,180370.0,192576.0,-7414.0,0,0,0,0
2008-06-10,2.02,4.11,131.86,867.0,7997.0,1358.44,2448.9399,23.18,395.26,0.03294,11409.0,432.52,179618.0,187628.0,-4699.0,0,0,0,0
2008-06-11,1.96,4.1,136.98,880.35,8064.0,1335.49,2394.01,24.12,381.68,0.03292,11105.0,444.22,184126.0,186371.0,-2993.0,0,0,0,0
2008-06-12,2.0,4.23,137.38,868.2,7989.0,1339.87,2404.35,23.33,383.59,0.03284,10142.0,445.23,192596.0,200087.0,-2557.0,0,0,0,0
2008-06-13,1.99,4.27,135.47,871.55,8156.0,1357.5,2454.5,21.2199,393.81,0.03284,9646.0,445.87,205668.0,210521.0,825.0,0,0,0,0
2008-06-16,2.07,4.25,135.34,882.4,8289.0,1360.14,2474.78,20.95,399.74,0.03291,9419.0,449.77,216634.0,211110.0,2303.0,0,0,0,0
2008-06-17,1.99,4.23,134.53,882.75,8248.0,1350.93,2457.7299,21.1299,393.61,0.03298,9413.0,451.18,228080.0,217884.0,1901.0,0,0,0,0
2008-06-18,1.93,4.16,137.17,894.35,8412.0,1337.81,2429.7099,22.24,384.47,0.03295,9437.0,456.82,236172.0,218591.0,5224.0,0,0,0,0
2008-06-19,1.91,4.22,132.6,898.5,8496.0,1342.83,2462.06,21.58,394.27,0.03292,9474.0,449.13,53554.0,91698.0,-3289.0,0,0,1,1
2008-06-20,1.87,4.16,135.36,902.3,8600.0,1317.93,2406.09,22.87,383.11,0.03291,9428.0,455.38,58475.0,96946.0,-2292.0,1,1,1,1
2008-06-23,1.87,4.19,136.74,883.8,8565.0,1318.0,2385.7399,22.6399,378.71,0.03289,9211.0,455.38,63212.0,112544.0,-2945.0,1,1,1,1
2008-06-24,1.83,4.1,137.0,889.6,8509.0,1314.29,2368.28,22.42,380.32,0.03285,9139.0,454.61,69399.0,115595.0,-2313.0,0,1,1,1
2008-06-25,1.81,4.12,134.55,886.4,8489.0,1321.97,2401.26,21.1399,387.44,0.03292,9244.0,452.14,87399.0,134444.0,-5454.0,0,1,1,1
2008-06-26,1.74,4.07,139.64,917.3,8622.0,1283.15,2321.3701,23.93,370.0,0.03291,9473.0,463.27,86927.0,140168.0,-3745.0,0,1,1,1
2008-06-27,1.68,3.99,140.21,927.8,8706.0,1278.38,2315.6298,23.44,369.09,0.03291,9599.0,464.4,104159.0,143951.0,1193.0,1,1,1,1
2008-06-30,1.9,3.99,140.0,925.4,8693.0,1280.0,2292.9799,23.95,368.16,0.03294,9589.0,462.74,113782.0,161280.0,-683.0,0,0,1,0
2008-07-01,1.87,4.01,141.58,939.65,8793.5,1284.91,2304.9699,23.65,366.04,0.03294,9379.0,467.57,117849.0,173678.0,-3017.0,0,0,1,0
2008-07-02,1.82,3.99,144.14,945.15,8900.0,1261.52,2251.4599,25.92,358.01,0.03293,9139.0,473.52,130332.0,185035.0,-5064.0,0,1,1,1
2008-07-03,1.84,3.99,145.86,934.17,8826.0,1262.9,2245.3798,24.79,354.62,0.03291,8925.0,472.36,138189.0,203596.0,-4463.0,1,1,1,1
2008-07-04,1.84,3.99,144.18,933.3,8650.5,1262.9,2245.3798,24.79,354.62,0.03289,8854.0,472.36,142229.0,214774.0,-2498.0,1,1,1,1
2008-07-07,1.87,3.95,142.03,925.82,8587.0,1252.31,2243.32,25.78,356.84,0.0329,8964.0,459.04,157111.0,229293.0,-1130.0,0,1,1,0
2008-07-08,1.86,3.91,136.73,919.6,8365.0,1273.69,2294.4399,23.15,360.01,0.0329,9147.0,448.05,163050.0,249564.0,5420.0,1,1,1,1
2008-07-09,1.82,3.85,136.72,928.6,8376.0,1244.68,2234.8898,25.23,344.5,0.0329,9272.0,449.62,169981.0,254860.0,5393.0,1,1,1,1
2008-07-10,1.67,3.83,142.33,947.15,8413.0,1253.39,2257.85,25.59,349.18,0.03288,9313.0,458.92,191254.0,276394.0,6161.0,1,1,1,1
2008-07-11,1.62,3.96,145.66,964.2,8450.5,1239.49,2239.08,27.49,345.69,0.0329,9230.0,461.43,197343.0,274025.0,4309.0,1,1,1,0
2008-07-14,1.52,3.9,145.78,972.6,8475.0,1228.3,2212.8701,28.48,343.0,0.03289,9181.0,458.73,229404.0,285357.0,-2921.0,1,1,1,0
2008-07-15,1.39,3.87,139.37,977.5,8356.0,1214.91,2215.7099,28.54,347.4,0.03291,9150.0,450.3,265946.0,298450.0,-780.0,1,1,1,1
2008-07-16,1.37,3.97,135.32,959.95,8315.0,1245.36,2284.85,25.1,360.08,0.03291,9092.0,444.57,274326.0,302131.0,1874.0,1,1,1,1
2008-07-17,1.43,4.07,130.18,957.45,8401.0,1260.31,2312.3,25.01,368.36,0.03294,9059.0,432.6,128021.0,145290.0,-2738.0,0,0,0,0
2008-07-18,1.48,4.11,129.47,955.0,8314.0,1260.68,2282.78,24.0499,365.87,0.03294,9012.0,427.17,140932.0,158372.0,1568.0,1,1,0,0
2008-07-21,1.48,4.09,131.82,965.55,8356.0,1260.0,2279.53,23.0499,361.89,0.03293,8961.0,428.47,174662.0,163495.0,-135.0,0,0,0,0
2008-07-22,1.55,4.14,128.42,946.35,8351.0,1277.0,2303.9599,21.18,345.45,0.03292,8904.0,421.16,170614.0,170097.0,-1315.0,1,1,0,0
2008-07-23,1.59,4.16,124.44,920.85,8297.0,1282.18,2325.8798,21.3099,350.38,0.0329,8856.0,414.15,192738.0,169811.0,-4359.0,1,0,0,0
2008-07-24,1.65,4.03,125.49,928.05,8127.0,1252.54,2280.1101,23.44,335.59,0.03288,8771.0,412.9,196133.0,167425.0,-2251.0,1,1,0,0
2008-07-25,1.75,4.13,123.26,929.85,8184.0,1257.76,2310.53,22.91,337.63,0.03289,8637.0,412.22,195784.0,174198.0,-3903.0,1,1,0,0
2008-07-29,1.72,4.09,122.19,918.9,8130.0,1263.19,2319.6201,22.03,339.12,0.03282,8434.0,411.52,194904.0,186319.0,-1574.0,1,0,0,0
2008-07-30,1.7,4.07,126.77,906.1,8230.0,1284.26,2329.7199,21.2099,341.91,0.03278,8388.0,418.0,191200.0,191964.0,-841.0,0,0,0,0
2008-07-31,1.68,3.99,124.08,914.1,8245.0,1267.38,2325.55,22.94,340.86,0.03269,8341.0,416.4,191534.0,199598.0,1985.0,0,0,0,0
2008-08-01,1.66,3.97,125.5,910.95,8073.0,1260.31,2310.9599,22.57,338.18,0.03263,8280.0,416.02,191515.0,201664.0,-117.0,0,0,0,0
2008-08-04,1.75,3.98,121.69,894.8,7734.0,1249.01,2285.56,23.49,339.7,0.03261,8209.0,401.98,192554.0,197515.0,7.0,0,0,0,0
2008-08-05,1.75,4.04,119.22,874.4,7768.0,1284.88,2349.83,21.1399,350.33,0.03255,8100.0,398.41,189112.0,196465.0,-2594.0,0,0,0,0
2008-08-06,1.64,4.06,118.44,879.8,7767.0,1289.18,2378.3701,20.23,354.2,0.03253,7869.0,397.24,188092.0,195136.0,-1815.0,0,0,0,0
2008-08-07,1.66,3.92,119.78,873.07,7810.0,1266.06,2355.7299,21.15,359.65,0.03239,7521.0,399.54,191479.0,196615.0,-1739.0,0,0,0,0
2008-08-08,1.7,3.94,115.4,856.6,7523.0,1296.31,2414.1,20.66,367.19,0.03216,7201.0,387.42,197218.0,201464.0,-3155.0,0,0,0,0
2008-08-11,1.87,3.99,114.66,823.82,7432.0,1305.31,2439.9499,20.12,374.14,0.03209,7055.0,385.13,199931.0,202861.0,-1489.0,0,0,0,0
2008-08-12,1.86,3.91,113.13,812.93,7188.0,1289.59,2430.6101,21.17,375.28,0.03206,6992.0,384.0,200898.0,205793.0,-2151.0,0,0,0,0
2008-08-13,1.85,3.94,115.99,826.8,7479.0,1285.82,2428.6201,21.5499,373.09,0.0321,7097.0,393.16,204203.0,210709.0,-5319.0,0,0,0,0
2008-08-14,1.89,3.89,115.03,806.05,7442.0,1292.93,2453.6699,20.34,377.09,0.03201,7420.0,389.45,205521.0,216079.0,-5854.0,0,0,0,0
2008-08-15,1.85,3.84,113.94,787.7,7439.0,1298.19,2452.52,19.58,376.43,0.03192,7557.0,382.3,208342.0,222932.0,-5608.0,0,0,0,0
2008-08-18,1.82,3.82,112.89,800.07,7435.0,1278.6,2416.9799,20.98,369.94,0.03194,7622.0,384.35,214992.0,223858.0,-5081.0,1,0,0,0
2008-08-19,1.8,3.83,114.54,814.2,7681.0,1266.68,2384.3601,21.28,361.57,0.03186,7543.0,388.51,219213.0,223305.0,-686.0,1,0,0,0
2008-08-20,1.71,3.79,115.56,813.55,7626.0,1274.54,2389.08,20.42,362.67,0.03186,7344.0,391.33,231170.0,221858.0,583.0,0,0,0,0
2008-08-21,1.72,3.84,121.18,836.88,7973.0,1277.72,2380.3798,19.82,361.45,0.03186,7190.0,405.92,90744.0,134920.0,2093.0,1,0,0,0
2008-08-22,1.7,3.87,114.59,823.03,7765.0,1292.19,2414.7099,18.8099,366.2,0.03188,7147.0,394.8,97046.0,137818.0,1982.0,1,0,0,0
2008-08-25,1.74,3.79,115.11,821.95,7765.0,1266.84,2365.59,20.9699,360.5,0.03182,7147.0,395.13,103664.0,133423.0,2001.0,0,0,0,0
2008-08-26,1.71,3.79,116.27,824.93,7665.0,1271.51,2361.9699,20.49,356.98,0.03176,7115.0,398.13,106528.0,134993.0,2468.0,0,0,0,0
2008-08-27,1.67,3.77,118.15,826.9,7731.0,1281.66,2382.4599,19.76,358.81,0.03177,7050.0,401.02,109049.0,133532.0,770.0,0,0,0,0
2008-08-28,1.74,3.79,115.59,834.03,7593.0,1300.68,2411.6398,19.43,362.83,0.03177,6929.0,393.35,109467.0,132531.0,-849.0,0,0,0,0
2008-08-29,1.72,3.83,115.46,831.15,7552.0,1282.82,2367.52,20.65,352.82,0.03173,6809.0,391.71,112732.0,133456.0,-660.0,0,0,0,0
2008-09-01,1.72,3.83,115.85,817.68,7330.0,1282.82,2367.52,20.65,352.82,0.03165,6691.0,391.71,116894.0,151715.0,-1087.0,0,0,0,0
2008-09-02,1.72,3.74,109.71,805.35,7294.0,1277.57,2349.2399,21.99,350.37,0.0315,6466.0,378.55,123252.0,165601.0,2727.0,0,0,0,0
2008-09-03,1.7,3.71,109.35,801.3,7399.0,1274.98,2333.7299,21.43,335.54,0.03141,6146.0,376.66,131728.0,169978.0,2857.0,0,0,0,0
2008-09-04,1.69,3.64,107.89,796.45,7266.0,1236.82,2259.04,24.03,324.08,0.03149,5874.0,374.55,144076.0,179109.0,1144.0,0,0,0,0
2008-09-05,1.68,3.66,106.23,803.5,6929.0,1242.31,2255.8798,23.0599,331.29,0.03137,5663.0,367.7,148650.0,181312.0,2969.0,1,0,0,0
2008-09-08,1.71,3.66,106.61,802.3,6985.0,1267.79,2269.76,22.6399,330.84,0.03145,5492.0,367.15,157760.0,184444.0,4316.0,0,0,0,0
2008-09-09,1.66,3.62,103.36,777.25,6851.0,1224.51,2209.81,25.4699,319.3,0.03138,5255.0,360.89,170020.0,187379.0,7357.0,0,0,0,0
2008-09-10,1.65,3.65,102.58,752.45,6866.0,1232.04,2228.6999,24.52,321.94,0.03138,5026.0,358.27,173870.0,187717.0,2615.0,0,0,0,0
2008-09-11,1.61,3.64,100.87,746.85,6965.0,1249.05,2258.2199,24.3899,323.89,0.03121,4893.0,354.98,182395.0,189788.0,7213.0,0,0,0,0
2008-09-12,1.49,3.74,101.18,765.5,7169.5,1251.69,2261.27,25.66,322.13,0.03121,4800.0,360.01,205000.0,191930.0,8138.0,0,0,0,0
2008-09-15,1.02,3.47,95.71,786.65,6983.0,1192.69,2179.9099,31.7,311.76,0.03121,4747.0,348.26,211777.0,210327.0,11509.0,0,0,0,0
2008-09-16,0.84,3.48,91.15,779.73,6930.0,1213.6,2207.8999,30.2999,316.36,0.03118,4760.0,341.17,214345.0,207393.0,15294.0,0,0,0,0
2008-09-17,0.03,3.41,97.16,863.85,6813.0,1156.39,2098.85,36.22,312.07,0.03117,4856.0,352.22,224800.0,207802.0,16732.0,0,0,0,0
2008-09-18,0.23,3.54,97.88,852.8,6771.0,1206.51,2199.1,33.0999,327.71,0.03104,4958.0,351.02,82187.0,69725.0,3393.0,0,0,0,0
2008-09-19,0.99,3.78,102.75,873.55,7085.0,1255.07,2273.8999,32.07,333.91,0.0311,4975.0,359.58,92052.0,71110.0,5063.0,0,0,0,0
2008-09-22,1.28,3.83,109.37,897.0,7276.0,1207.09,2178.9799,33.8499,318.52,0.03122,4949.0,373.44,97061.0,74724.0,9125.0,0,0,0,0
2008-09-23,0.8,3.85,106.61,892.15,6992.0,1188.22,2153.33,35.72,312.67,0.03131,4782.0,367.42,105505.0,78834.0,5079.0,0,0,0,0
2008-09-24,0.49,3.8,105.73,883.0,6926.5,1185.87,2155.6799,35.1899,315.94,0.03129,4489.0,366.44,113872.0,84885.0,6392.0,0,0,0,0
2008-09-25,0.76,3.88,108.02,877.83,6961.5,1209.18,2186.57,32.82,319.89,0.03125,4163.0,369.02,127828.0,84700.0,5437.0,0,0,0,0
2008-09-26,0.87,3.85,106.89,878.75,6811.5,1213.27,2183.34,34.74,321.62,0.03121,3746.0,364.57,138143.0,88223.0,7109.0,0,0,0,0
2008-09-30,0.92,3.85,100.64,870.95,6388.0,1164.74,2091.8798,39.3899,306.89,0.03112,3217.0,345.5,143166.0,88780.0,11920.0,0,0,0,0
2008-10-01,0.85,3.77,98.53,870.87,6180.0,1161.06,2069.3999,39.81,303.23,0.03122,3025.0,345.5,152850.0,90835.0,15587.0,0,0,0,0
2008-10-02,0.63,3.66,93.97,836.45,5874.0,1114.28,1976.7199,45.2599,288.55,0.03109,2990.0,328.42,157056.0,88697.0,17290.0,0,0,0,0
2008-10-03,0.51,3.63,93.88,835.58,6085.0,1099.23,1947.39,45.1399,284.74,0.03107,3002.0,326.51,170772.0,92450.0,14544.0,0,0,0,0
2008-10-06,0.54,3.48,87.81,859.75,5657.0,1056.89,1862.9599,52.0499,274.77,0.03092,2992.0,309.7,166618.0,98990.0,16655.0,0,0,0,0
2008-10-07,0.82,3.5,90.06,887.1,5734.0,996.23,1754.88,53.68,257.96,0.03091,2922.0,312.81,168298.0,107737.0,16521.0,0,0,0,0
2008-10-08,0.68,3.72,88.95,907.62,5296.0,984.94,1740.3299,57.5299,256.17,0.03082,2764.0,311.66,169998.0,125879.0,17996.0,0,0,0,0
2008-10-09,0.6,3.84,86.59,913.25,5375.0,909.92,1645.1199,63.9199,248.43,0.03083,2503.0,310.53,175114.0,124561.0,18004.0,0,0,0,0
2008-10-13,0.25,3.89,81.19,833.07,5194.0,1003.35,1844.25,54.99,269.91,0.03088,1976.0,298.7,193417.0,124469.0,19244.0,0,0,0,0
2008-10-14,0.34,4.08,78.63,836.85,5378.0,998.01,1779.01,55.13,256.4,0.03088,1809.0,296.42,200022.0,138842.0,15555.0,0,0,0,0
2008-10-15,0.22,4.04,74.54,847.28,4994.0,907.84,1628.3299,69.25,233.59,0.03086,1615.0,283.04,216106.0,145021.0,14498.0,0,0,0,0
2008-10-16,0.46,3.99,69.85,804.6,4709.5,946.43,1717.7099,67.61,243.89,0.03073,1506.0,275.66,75405.0,57689.0,12661.0,0,0,0,0
2008-10-17,0.83,3.98,71.85,783.35,4868.5,940.55,1711.29,70.33,239.13,0.03072,1438.0,282.14,85781.0,64114.0,15613.0,0,0,0,0
2008-10-20,1.24,3.91,74.39,796.93,4751.0,985.4,1770.03,52.97,243.92,0.03069,1355.0,283.28,88329.0,68891.0,20950.0,0,0,0,0
2008-10-21,1.1,3.76,72.18,771.65,4499.0,955.05,1696.68,53.11,234.09,0.03058,1292.0,278.7,89977.0,70123.0,24552.0,0,0,0,0
2008-10-22,1.05,3.65,66.75,730.5,4161.5,896.78,1615.75,69.65,219.7,0.03031,1221.0,266.14,91320.0,71961.0,24758.0,0,0,0,0
2008-10-23,0.98,3.63,67.84,721.37,4064.0,908.11,1603.91,67.8,216.72,0.03003,1149.0,264.51,95490.0,75599.0,27143.0,0,0,1,1
2008-10-24,0.89,3.76,64.15,734.7,3784.0,876.77,1552.03,79.1299,212.33,0.02993,1102.0,256.0,105468.0,89446.0,28325.0,0,0,1,1
2008-10-27,0.84,3.79,63.22,730.8,4028.0,848.92,1505.9,80.0599,212.57,0.02985,1048.0,258.19,107554.0,115583.0,32977.0,0,0,1,1
2008-10-28,0.77,3.89,62.73,746.95,4135.5,940.51,1649.4699,66.9599,232.41,0.02991,982.0,259.02,113245.0,139407.0,32520.0,0,0,1,1
2008-10-29,0.62,3.93,67.5,754.95,4650.0,930.09,1657.2099,69.9599,225.94,0.03003,925.0,274.34,118323.0,137638.0,32660.0,0,0,1,1
2008-10-30,0.41,4.0,65.96,738.75,4194.0,954.09,1698.52,62.9,235.06,0.03049,885.0,266.54,118530.0,128464.0,30284.0,0,0,1,1
2008-10-31,0.46,4.01,67.81,723.85,4101.0,968.75,1720.9499,59.8899,239.47,0.0303,851.0,268.39,136659.0,142758.0,28893.0,0,0,1,1
2008-11-03,0.49,3.96,63.91,723.55,4091.0,966.3,1726.3299,53.68,237.1,0.0304,827.0,264.11,142368.0,144759.0,28276.0,0,1,1,1
2008-11-04,0.48,3.81,70.53,763.27,4303.0,1005.75,1780.1199,47.73,247.71,0.03042,815.0,278.22,148447.0,152380.0,26582.0,0,1,1,1
2008-11-05,0.4,3.73,65.3,740.45,4066.5,952.77,1681.64,54.56,236.25,0.03046,826.0,267.97,154349.0,156071.0,27792.0,0,1,1,1
2008-11-06,0.32,3.75,60.77,732.8,3786.0,904.88,1608.6999,63.68,219.44,0.03047,839.0,257.1,155381.0,158574.0,31954.0,1,1,1,1
2008-11-07,0.31,3.83,61.04,736.65,3731.5,930.99,1647.4,56.0999,223.19,0.03047,829.0,256.84,146414.0,173938.0,37400.0,1,1,1,1
2008-11-10,0.29,3.82,62.41,746.2,3844.0,919.21,1616.7399,59.98,214.48,0.03047,820.0,261.26,145000.0,182156.0,38987.0,1,1,1,1
2008-11-11,0.29,3.82,59.33,731.65,3602.0,898.95,1580.9,61.4399,211.43,0.03042,818.0,252.08,147500.0,187228.0,41604.0,1,1,1,1
2008-11-12,0.18,3.75,56.16,712.25,3583.0,852.3,1499.2099,66.4599,200.79,0.03031,824.0,245.44,148417.0,193558.0,41612.0,1,1,1,1
2008-11-13,0.22,3.84,58.24,736.5,3634.5,911.29,1596.6999,59.83,215.15,0.03014,838.0,247.63,161456.0,199876.0,43744.0,1,1,1,1
2008-11-14,0.15,3.72,57.04,742.1,3780.25,873.29,1516.8499,66.3099,201.39,0.03023,841.0,247.58,174616.0,206661.0,44543.0,1,1,1,1
2008-11-17,0.12,3.68,54.95,738.05,3609.0,850.75,1482.05,69.15,195.72,0.03015,856.0,243.84,181150.0,214068.0,45241.0,1,1,1,0
2008-11-18,0.12,3.53,54.39,738.2,3698.0,859.12,1483.27,67.6399,191.89,0.03009,865.0,242.35,192117.0,218865.0,47001.0,1,1,1,0
2008-11-19,0.07,3.38,54.1,734.62,3541.0,806.58,1386.42,74.26,177.1,0.03006,859.0,240.56,208677.0,227527.0,49523.0,1,1,0,0
2008-11-20,0.03,3.1,49.42,746.6,3438.0,752.44,1316.1199,80.86,171.32,0.02994,847.0,230.35,83859.0,81637.0,41412.0,1,1,1,0
2008-11-21,0.02,3.2,49.93,800.45,3506.0,800.03,1384.3499,72.6699,180.22,0.02995,836.0,231.38,85319.0,100909.0,41861.0,1,1,1,0
2008-11-24,0.13,3.35,54.5,821.62,3721.0,851.81,1472.02,64.6999,191.2,0.02992,824.0,243.8,86499.0,102549.0,43332.0,1,1,0,0
2008-11-25,0.1,3.11,50.77,821.03,3664.5,857.39,1464.7299,60.9,187.02,0.02998,804.0,238.02,91466.0,114434.0,43030.0,1,0,0,0
2008-11-26,0.05,2.99,54.44,812.9,3723.5,887.68,1532.0999,54.9199,201.3,0.03002,763.0,245.78,100083.0,121891.0,45176.0,1,0,0,0
2008-11-27,0.05,2.99,54.44,816.2,3666.0,887.68,1532.0999,54.9199,201.3,0.03003,733.0,245.78,104015.0,126790.0,40866.0,0,0,0,0
2008-11-28,0.01,2.93,54.43,818.05,3595.0,896.24,1535.5699,55.2799,198.24,0.03003,715.0,242.2,107382.0,137171.0,41204.0,0,0,0,0
2008-12-01,0.07,2.72,49.28,768.95,3571.0,816.21,1398.0699,68.51,183.24,0.02999,700.0,233.35,112617.0,136676.0,34469.0,0,0,0,0
2008-12-02,0.06,2.68,46.96,782.37,3535.5,848.81,1449.8,62.98,185.69,0.02986,684.0,228.87,109690.0,147047.0,36398.0,0,0,0,0
2008-12-03,0.02,2.67,46.79,773.95,3423.5,870.74,1492.38,60.72,198.07,0.02983,672.0,226.44,116185.0,152954.0,39199.0,0,0,0,0
2008-12-04,0.02,2.55,43.67,767.0,3248.0,845.22,1445.56,63.6399,186.64,0.02981,666.0,217.99,122006.0,156550.0,40488.0,0,0,0,0
2008-12-05,0.02,2.67,40.81,756.45,3024.0,876.07,1509.31,59.93,192.56,0.02981,663.0,208.6,121862.0,155585.0,41240.0,0,0,0,0
2008-12-08,0.03,2.77,43.71,772.7,3290.0,909.7,1571.7399,58.49,196.15,0.02984,671.0,219.36,129135.0,152518.0,39695.0,0,0,0,0
2008-12-09,0.03,2.67,42.07,776.93,3171.75,888.67,1547.3399,58.91,205.65,0.02981,679.0,215.65,128901.0,155192.0,33743.0,0,0,0,0
2008-12-10,0.015,2.69,43.52,810.6,3272.5,899.24,1565.4799,55.73,208.57,0.0299,691.0,221.37,135601.0,151202.0,31304.0,0,0,0,0
2008-12-11,0.01,2.64,47.98,821.35,3286.0,873.59,1507.88,55.7799,203.37,0.03002,711.0,230.83,137566.0,156363.0,26403.0,0,0,0,0
2008-12-12,0.02,2.6,46.28,822.4,3143.0,879.73,1540.7199,54.2799,212.94,0.03002,764.0,226.96,129713.0,174113.0,25827.0,0,0,0,0
2008-12-15,0.03,2.53,44.51,838.45,3126.0,868.57,1508.3399,56.7599,209.22,0.03012,803.0,225.7,131543.0,171123.0,22154.0,1,1,0,0
2008-12-16,0.04,2.37,43.6,858.1,3030.0,913.18,1589.89,52.3699,221.51,0.03028,828.0,226.31,133179.0,169123.0,19654.0,1,1,0,0
2008-12-17,0.05,2.2,40.06,867.9,2984.5,904.42,1579.31,49.84,221.16,0.03056,836.0,225.12,131777.0,174865.0,18284.0,1,0,0,0
2008-12-18,0.025,2.08,41.67,853.05,2845.5,885.28,1552.3699,47.34,208.95,0.0308,829.0,220.08,41882.0,61819.0,12027.0,1,0,0,0
2008-12-19,0.02,2.13,42.36,838.25,2896.5,887.88,1564.3199,44.93,211.84,0.03074,818.0,218.87,43744.0,62833.0,13139.0,1,0,0,0
2008-12-22,0.01,2.16,39.91,848.05,2924.0,871.63,1532.3499,44.56,206.66,0.03037,801.0,215.35,44000.0,66371.0,12298.0,1,0,0,0
2008-12-23,0.02,2.18,38.98,840.2,2835.0,863.16,1521.54,45.02,200.87,0.03023,784.0,215.21,44204.0,81087.0,12125.0,1,0,0,0
2008-12-24,0.01,2.2,35.35,848.0,2809.5,865.02,1524.9,44.2099,202.89,0.03026,774.0,210.65,45479.0,79099.0,13839.0,0,0,0,0
2008-12-25,0.01,2.2,35.35,842.0,2809.5,865.02,1524.9,44.2099,202.89,0.03028,774.0,210.65,45844.0,77005.0,13668.0,0,0,0,0
2008-12-26,0.03,2.16,37.71,869.3,2809.5,872.8,1530.2399,43.38,202.0,0.03028,774.0,215.28,47121.0,77476.0,13442.0,0,0,0,0
2008-12-29,0.06,2.13,40.02,880.28,2866.5,869.42,1510.3199,43.9,201.95,0.0303,774.0,217.67,48751.0,78161.0,14508.0,0,0,0,0
2008-12-30,0.1,2.11,39.03,873.73,2882.5,890.64,1550.6999,41.63,211.26,0.03043,774.0,217.2,51864.0,79759.0,12135.0,0,0,0,0
2008-12-31,0.11,2.25,39.03,882.05,3041.75,903.25,1577.03,40.0,212.17,0.03043,774.0,229.54,56953.0,85167.0,13060.0,0,0,0,0
2009-01-05,0.14,2.49,48.81,859.48,3150.0,927.45,1628.03,39.08,223.29,0.0303,772.0,237.33,57599.0,84621.0,11435.0,0,0,0,0
2009-01-06,0.14,2.51,48.58,863.9,3353.0,934.7,1652.38,38.56,234.56,0.03025,775.0,242.78,61650.0,84519.0,12294.0,0,0,0,0
2009-01-07,0.11,2.52,42.63,842.98,3306.75,906.65,1599.06,43.3899,223.12,0.03032,789.0,231.49,67712.0,84696.0,14821.0,0,0,0,0
2009-01-08,0.09,2.47,41.7,857.4,3161.5,909.73,1617.01,42.56,222.54,0.0302,821.0,228.75,68925.0,90185.0,15009.0,0,0,0,0
2009-01-09,0.07,2.43,40.83,854.2,3367.5,890.35,1571.5899,42.82,215.28,0.03016,872.0,229.91,73502.0,104880.0,18302.0,0,0,0,0
2009-01-10,0.07,2.43,40.83,854.2,3367.5,890.35,1571.5899,42.82,215.28,0.03016,872.0,229.91,73336.0,110095.0,20010.0,0,0,0,0
2009-01-12,0.12,2.34,37.59,821.0,3209.0,870.26,1538.79,45.84,209.09,0.03009,889.0,220.55,75828.0,115051.0,21086.0,0,0,0,0
2009-01-13,0.11,2.33,37.78,822.0,3334.25,871.79,1546.4599,43.27,210.79,0.03006,911.0,222.19,80723.0,119128.0,20833.0,0,0,0,0
2009-01-14,0.12,2.24,37.28,811.7,3252.0,842.62,1489.64,49.1399,202.01,0.03007,920.0,219.21,86243.0,118947.0,21242.0,0,0,0,0
2009-01-15,0.11,2.23,35.4,817.8,3248.0,843.74,1511.8399,51.0,207.07,0.02996,908.0,218.91,90214.0,120883.0,26370.0,0,0,0,1
2009-01-16,0.12,2.36,36.51,843.15,3323.0,850.12,1529.3299,46.11,214.42,0.02998,881.0,221.09,96073.0,123506.0,31320.0,0,0,0,1
2009-01-17,0.12,2.36,36.51,843.15,3323.0,850.12,1529.3299,46.11,214.42,0.02985,881.0,221.09,99778.0,123447.0,32073.0,0,0,0,1
2009-01-19,0.12,2.36,42.57,835.9,3397.5,850.12,1529.3299,46.11,214.42,0.02982,868.0,221.09,104205.0,123521.0,31141.0,0,0,1,1
2009-01-20,0.13,2.4,40.84,857.33,3310.0,805.22,1440.8599,56.65,199.07,0.02973,872.0,215.88,107778.0,133240.0,32335.0,0,0,1,1
2009-01-21,0.11,2.56,43.55,854.2,3186.5,840.24,1507.0699,46.4199,205.18,0.02973,900.0,219.95,70827.0,54315.0,34206.0,0,0,1,1
2009-02-02,0.27,2.76,40.08,905.0,3141.75,825.44,1494.43,45.52,210.52,0.02963,1099.0,216.29,73003.0,59839.0,35686.0,0,1,1,1
2009-02-03,0.32,2.89,40.78,900.35,3339.5,838.51,1516.3,43.06,210.83,0.02966,1148.0,216.87,87465.0,57941.0,34903.0,0,0,1,1
2009-02-04,0.3,2.95,40.32,905.85,3381.5,832.23,1515.05,43.8499,212.75,0.0297,1316.0,217.46,94517.0,62633.0,35622.0,0,0,1,1
2009-02-05,0.29,2.95,41.17,914.55,3297.25,845.85,1546.2399,43.73,221.31,0.02967,1498.0,221.34,101260.0,64815.0,37178.0,1,1,1,1
2009-02-06,0.28,3.05,40.17,911.5,3507.0,868.6,1591.7099,43.3699,229.18,0.02963,1642.0,224.36,115653.0,68875.0,36589.0,0,1,1,1
2009-02-09,0.32,3.07,39.56,894.5,3544.25,869.89,1591.56,43.6399,227.81,0.02945,1815.0,223.91,126706.0,86350.0,37369.0,0,1,1,1
2009-02-10,0.31,2.9,37.55,915.4,3447.0,827.16,1524.7299,46.6699,217.33,0.02944,1974.0,218.25,130046.0,92738.0,39261.0,0,1,1,1
2009-02-11,0.3,2.78,35.94,938.85,3420.25,833.74,1530.5,44.5299,215.11,0.02941,2055.0,216.11,131515.0,98382.0,39853.0,0,1,1,1
2009-02-12,0.29,2.75,33.98,946.75,3377.5,835.19,1541.7099,41.25,217.9,0.02939,1989.0,214.54,136406.0,107701.0,41779.0,1,1,1,1
2009-02-13,0.29,2.89,37.51,941.7,3392.0,826.84,1534.3599,42.93,220.55,0.02937,1908.0,213.14,147199.0,106594.0,43102.0,1,1,1,1
2009-02-16,0.29,2.89,37.51,941.75,3290.75,826.84,1534.3599,42.93,220.55,0.02917,1846.0,213.14,145891.0,120629.0,42221.0,1,1,1,1
2009-02-17,0.32,2.64,34.93,970.25,3145.75,789.17,1470.66,48.66,205.87,0.02889,1895.0,203.25,144912.0,141719.0,43328.0,1,1,1,1
2009-02-18,0.31,2.74,34.62,984.55,3196.5,788.42,1467.9699,48.4599,206.86,0.02886,1986.0,200.55,80000.0,108859.0,41106.0,1,1,1,1
2009-02-19,0.3,2.85,40.18,974.7,3254.75,778.94,1442.8199,47.08,196.09,0.02884,2057.0,205.14,94140.0,114257.0,41593.0,1,1,1,1
2009-02-20,0.27,2.78,40.03,992.9,3115.25,770.05,1441.2299,49.2999,197.28,0.02873,2099.0,202.47,106089.0,132920.0,41920.0,1,1,1,1
2009-02-23,0.29,2.78,38.44,991.65,3196.25,743.33,1387.7199,52.6199,189.11,0.02888,2084.0,200.4,109096.0,135853.0,43616.0,1,1,1,1
2009-02-24,0.32,2.8,39.96,962.45,3250.75,773.14,1441.8299,45.49,199.1,0.02874,2010.0,203.83,113295.0,143421.0,41716.0,1,1,1,1
2009-02-25,0.3,2.95,42.5,953.48,3377.75,764.9,1425.43,44.6699,205.07,0.02878,1960.0,208.29,130103.0,144290.0,41423.0,1,1,1,1
2009-02-26,0.27,2.98,45.22,945.82,3471.0,752.83,1391.4699,44.66,201.47,0.02869,1950.0,213.34,134808.0,151869.0,41028.0,1,1,1,1
2009-02-27,0.26,3.02,44.76,942.32,3421.5,735.09,1377.8399,46.3499,199.0,0.02861,1986.0,211.57,142744.0,153720.0,42402.0,0,1,1,1
2009-03-02,0.28,2.91,40.15,926.0,3358.25,700.82,1322.8499,52.65,188.97,0.02843,2014.0,200.34,142328.0,163739.0,39690.0,1,1,1,1
2009-03-03,0.27,2.93,41.65,916.07,3516.5,696.33,1321.01,50.93,191.49,0.02849,2034.0,203.67,150279.0,166037.0,42205.0,1,1,1,1
2009-03-04,0.26,3.01,45.38,906.5,3725.0,712.87,1353.7399,47.56,200.27,0.02852,2084.0,211.45,162375.0,169662.0,41894.0,1,1,1,1
2009-03-05,0.2,2.83,43.61,932.4,3662.75,682.55,1299.5899,50.1699,197.25,0.02862,2167.0,206.53,178575.0,180847.0,40243.0,1,1,1,1
2009-03-06,0.21,2.83,45.52,939.37,3696.0,683.38,1293.8499,49.33,195.01,0.02875,2225.0,209.59,182199.0,189189.0,42648.0,1,1,1,1
2009-03-09,0.23,2.89,47.07,922.35,3582.75,676.53,1268.64,49.68,190.47,0.02872,2262.0,208.41,182461.0,202147.0,40495.0,1,1,1,1
2009-03-10,0.24,2.99,45.71,898.15,3690.5,719.6,1358.28,44.3699,205.84,0.0289,2298.0,207.64,184959.0,202371.0,40018.0,1,1,1,1
2009-03-11,0.23,2.95,42.33,909.25,3558.5,721.36,1371.64,43.61,210.02,0.02897,2271.0,203.5,200374.0,205672.0,38830.0,1,1,1,1
2009-03-12,0.22,2.89,47.03,927.15,3548.5,750.74,1426.0999,41.18,217.37,0.02899,2201.0,211.81,214109.0,218083.0,37735.0,1,1,1,1
2009-03-13,0.2,2.89,46.25,929.73,3640.5,756.55,1431.5,42.36,220.11,0.02899,2122.0,211.08,208902.0,223269.0,33249.0,1,1,1,1
2009-03-16,0.24,2.97,47.35,923.07,3800.75,753.89,1404.02,43.74,212.16,0.02906,2058.0,213.89,209582.0,253665.0,28227.0,1,1,1,1
2009-03-17,0.24,3.02,49.16,915.2,3769.0,778.12,1462.1099,40.7999,220.91,0.02917,1974.0,216.46,208483.0,267225.0,25370.0,0,0,0,1
2009-03-18,0.21,2.51,48.14,942.0,3720.75,794.35,1491.2199,40.06,228.52,0.02928,1861.0,213.94,69392.0,82661.0,29530.0,0,0,0,1
2009-03-19,0.2,2.61,52.04,959.85,3963.0,784.04,1483.4799,43.68,226.61,0.02948,1795.0,225.3,81233.0,87758.0,29685.0,0,0,0,1
2009-03-20,0.22,2.65,52.07,952.23,3919.0,768.54,1457.27,45.8899,218.71,0.02959,1782.0,226.08,93518.0,105738.0,29559.0,0,0,1,1
2009-03-23,0.22,2.68,53.8,939.5,4019.75,822.92,1555.77,43.23,234.45,0.0296,1773.0,229.54,108295.0,113186.0,28035.0,0,0,1,1
2009-03-24,0.21,2.68,53.98,925.75,3935.5,806.25,1516.52,42.93,228.4,0.0296,1758.0,228.8,108991.0,126360.0,26653.0,0,0,1,1
2009-03-25,0.19,2.81,52.77,934.2,3924.25,813.88,1528.9499,42.25,231.49,0.02951,1740.0,226.33,115389.0,137650.0,22030.0,0,0,1,1
2009-03-26,0.15,2.76,54.34,934.45,4046.25,832.86,1587.0,40.36,245.17,0.02957,1714.0,227.68,118208.0,141483.0,19304.0,0,0,1,1
2009-03-27,0.14,2.78,52.38,923.15,4009.75,815.94,1545.1999,41.04,240.07,0.0296,1678.0,222.26,126961.0,145685.0,19394.0,0,0,1,1
2009-03-30,0.18,2.73,48.41,917.3,3868.75,787.53,1501.8,45.54,229.45,0.0294,1646.0,215.17,134103.0,167749.0,18909.0,0,1,1,1
2009-03-31,0.21,2.71,49.66,919.35,4003.25,797.87,1528.5899,44.1399,230.91,0.02948,1615.0,220.4,138384.0,168470.0,19132.0,0,0,1,1
2009-04-01,0.22,2.68,48.39,927.4,4025.25,811.08,1551.5999,42.2799,233.87,0.02956,1574.0,217.81,145315.0,172122.0,18599.0,0,1,1,1
2009-04-02,0.22,2.77,52.64,904.05,4120.0,834.38,1602.63,42.04,243.88,0.02978,1538.0,226.29,152262.0,175069.0,18491.0,0,0,1,1
2009-04-03,0.21,2.91,52.51,893.15,4274.75,842.5,1621.8699,39.7,251.04,0.02996,1506.0,228.93,157480.0,178698.0,17115.0,1,1,1,1
2009-04-06,0.2,2.95,51.05,868.9,4240.5,835.48,1606.7099,40.93,245.38,0.03008,1486.0,224.53,157528.0,182168.0,16902.0,1,1,1,1
2009-04-07,0.2,2.93,49.15,881.05,4347.75,815.55,1561.6099,40.3899,235.9,0.02979,1466.0,222.9,159486.0,183817.0,17757.0,1,1,1,1
2009-04-08,0.18,2.86,49.38,880.5,4369.25,825.16,1590.66,38.8499,242.71,0.0295,1463.0,223.71,159693.0,190445.0,18044.0,1,1,1,1
2009-04-09,0.18,2.96,52.24,879.35,4529.25,856.56,1652.54,36.5299,254.41,0.02961,1478.0,227.88,175376.0,191375.0,18205.0,1,1,1,1
2009-04-10,0.18,2.96,52.24,881.65,4529.25,856.56,1652.54,36.5299,254.41,0.02959,1478.0,227.88,180271.0,197652.0,16169.0,1,1,1,1
2009-04-13,0.18,2.88,50.05,893.85,4529.25,858.73,1653.31,37.81,250.6,0.02968,1478.0,226.78,180948.0,205238.0,14861.0,1,1,1,1
2009-04-14,0.17,2.8,49.41,890.45,4673.5,841.5,1625.7199,37.6699,250.0,0.02974,1492.0,225.92,180158.0,211714.0,10372.0,1,1,1,1
2009-04-15,0.15,2.82,49.25,891.03,4811.5,852.06,1626.8,36.1699,246.23,0.02959,1534.0,225.58,75559.0,86811.0,15971.0,1,1,1,1
2009-04-16,0.13,2.86,49.98,875.65,4725.0,865.3,1670.4399,35.79,254.5,0.02959,1604.0,225.08,84351.0,97113.0,12486.0,0,1,1,1
2009-04-17,0.14,2.98,50.33,868.85,4816.5,869.6,1673.0699,33.9399,254.81,0.02957,1682.0,225.85,93246.0,111926.0,13567.0,0,1,1,1
2009-04-20,0.14,2.88,48.51,884.5,4585.0,832.39,1608.2099,39.18,240.19,0.02956,1737.0,217.11,95185.0,121711.0,13848.0,0,1,1,1
2009-04-21,0.15,2.94,48.55,883.8,4510.5,850.08,1643.8499,37.1399,240.66,0.02953,1797.0,218.31,100208.0,138789.0,10769.0,1,1,1,1
2009-04-22,0.14,2.98,48.85,889.75,4549.0,843.55,1646.1199,38.0999,251.08,0.02953,1869.0,218.66,102971.0,149233.0,12214.0,1,1,1,1
2009-04-23,0.1,2.96,49.62,904.28,4341.5,851.92,1652.2099,37.15,249.36,0.02957,1897.0,219.54,109459.0,149322.0,14453.0,1,1,1,1
2009-04-24,0.1,3.03,51.55,912.83,4484.0,866.23,1694.29,36.82,253.65,0.02966,1873.0,222.86,110263.0,146665.0,12427.0,1,1,1,1
2009-04-27,0.13,2.95,50.14,906.48,4347.5,857.51,1679.41,38.32,250.8,0.02965,1839.0,218.19,108784.0,157561.0,9919.0,1,1,1,1
2009-04-28,0.13,3.05,49.92,893.38,4183.0,855.16,1673.81,37.95,246.67,0.02959,1790.0,217.22,110914.0,167404.0,11282.0,1,1,1,1
2009-04-29,0.11,3.12,50.97,898.0,4371.5,873.64,1711.9399,36.08,251.55,0.02971,1772.0,221.17,120692.0,164948.0,10587.0,1,1,1,1
2009-04-30,0.14,3.16,51.12,888.2,4433.25,872.81,1717.3,36.5,258.54,0.03009,1786.0,222.39,130086.0,163290.0,11436.0,0,0,0,1
2009-05-04,0.19,3.19,54.47,902.15,4604.5,907.24,1763.56,34.5299,272.31,0.03013,1806.0,232.38,130309.0,167561.0,11314.0,0,0,0,0
2009-05-05,0.19,3.2,53.84,897.15,4529.5,903.8,1754.1199,33.36,268.7,0.03018,1897.0,231.84,140757.0,168158.0,2264.0,0,0,1,1
2009-05-06,0.19,3.18,56.34,911.35,4743.0,919.53,1759.0999,32.45,270.61,0.03014,2065.0,237.48,143711.0,169313.0,-1871.0,0,0,0,0
2009-05-07,0.18,3.29,56.71,910.82,4700.5,907.39,1716.2399,33.4399,254.55,0.03018,2194.0,239.53,152346.0,172259.0,-225.0,0,0,1,1
2009-05-08,0.19,3.29,58.63,916.65,4667.0,929.23,1739.0,32.0499,249.65,0.03027,2214.0,243.23,154541.0,178203.0,-2605.0,0,1,1,1
2009-05-11,0.19,3.17,58.5,913.6,4541.5,909.24,1731.2399,32.8699,248.86,0.03041,2215.0,242.6,155219.0,180681.0,-657.0,0,0,1,1
2009-05-12,0.19,3.17,58.85,923.3,4574.5,908.35,1715.92,31.7999,242.53,0.0304,2253.0,243.58,158264.0,184727.0,-4145.0,1,1,1,1
2009-05-13,0.17,3.11,58.02,926.33,4428.0,883.92,1664.1899,33.65,236.8,0.0304,2332.0,240.82,161330.0,193536.0,-3754.0,0,1,1,1
2009-05-14,0.16,3.1,58.62,926.5,4441.0,893.07,1689.2099,31.37,244.38,0.03034,2432.0,241.79,165680.0,196347.0,-3071.0,1,1,1,1
2009-05-15,0.17,3.14,56.34,931.78,4447.0,882.88,1680.14,33.1199,242.28,0.03035,2544.0,236.24,168402.0,198272.0,-410.0,1,1,1,1
2009-05-18,0.19,3.22,59.59,918.25,4508.5,909.71,1732.3599,30.24,251.28,0.03031,2605.0,241.16,174068.0,209602.0,3090.0,1,1,1,1
2009-05-19,0.18,3.25,60.1,924.98,4511.5,908.13,1734.54,28.7999,256.33,0.03041,2644.0,241.45,175842.0,210014.0,432.0,0,1,1,1
2009-05-20,0.18,3.19,62.04,938.65,4620.5,903.47,1727.8399,29.03,256.99,0.03044,2665.0,244.84,71964.0,84372.0,4550.0,1,1,1,1
2009-05-21,0.19,3.35,61.05,953.78,4452.0,888.33,1695.25,31.35,250.4,0.03055,2707.0,242.36,81232.0,88684.0,5302.0,1,1,1,1
2009-05-22,0.18,3.45,61.67,957.35,4601.5,887.0,1692.01,32.63,250.46,0.0306,2786.0,244.1,83246.0,89649.0,6170.0,1,1,1,1
2009-05-25,0.18,3.45,61.67,958.8,4601.5,887.0,1692.01,32.63,250.46,0.03065,2786.0,244.1,85523.0,90466.0,6074.0,1,1,1,1
2009-05-26,0.18,3.5,62.45,952.0,4658.0,910.33,1750.43,30.62,259.82,0.03062,2942.0,245.44,87421.0,94723.0,6600.0,1,1,1,1
2009-05-27,0.17,3.71,63.45,949.8,4656.5,893.06,1731.0799,32.36,263.94,0.03063,3164.0,246.46,94512.0,96599.0,8104.0,1,1,1,1
2009-06-01,0.13,3.71,68.58,975.05,5060.25,942.87,1828.68,30.04,285.71,0.03089,3681.0,260.81,96251.0,100577.0,6418.0,0,1,1,1
2009-06-02,0.14,3.65,68.55,981.85,5034.0,944.74,1836.8,29.6299,276.29,0.03074,4106.0,260.21,102058.0,101603.0,3072.0,0,1,1,1
2009-06-03,0.14,3.56,66.12,963.05,4902.0,931.76,1825.92,31.02,270.18,0.03076,4291.0,253.05,107255.0,105287.0,1612.0,0,0,1,1
2009-06-04,0.14,3.72,68.81,980.28,5005.75,942.46,1850.02,30.18,275.99,0.03068,4093.0,259.79,113439.0,115392.0,-2865.0,0,0,1,1
2009-06-05,0.2,3.84,68.44,955.33,4960.0,940.09,1849.42,29.62,270.74,0.03067,3809.0,257.92,119814.0,122740.0,-2489.0,0,0,1,1
2009-06-06,0.2,3.84,68.44,955.33,4960.0,940.09,1849.42,29.62,270.74,0.03056,3809.0,257.92,125709.0,130038.0,-2502.0,0,0,1,1
2009-06-08,0.19,3.91,68.09,951.85,4960.0,939.14,1842.4,29.77,270.59,0.03042,3646.0,255.93,124623.0,128203.0,-3031.0,1,1,1,1
2009-06-09,0.19,3.86,70.01,954.55,5149.5,942.43,1860.13,28.27,282.64,0.03044,3518.0,260.38,138405.0,140482.0,-7100.0,1,1,1,1
2009-06-10,0.18,3.98,71.33,954.5,5147.25,939.15,1853.0799,28.4599,283.2,0.03057,3452.0,260.87,148251.0,131184.0,-6566.0,1,1,1,1
2009-06-11,0.19,3.88,72.68,954.93,5354.0,944.89,1862.3699,28.11,279.74,0.03049,3483.0,266.17,153245.0,134293.0,-5625.0,0,1,1,1
2009-06-12,0.19,3.81,72.04,939.3,5212.0,946.21,1858.8,28.15,274.79,0.03049,3583.0,262.25,154541.0,138443.0,-2485.0,0,0,1,1
2009-06-15,0.17,3.76,70.62,928.3,4981.5,923.72,1816.38,30.8099,270.5,0.03036,3763.0,256.37,161387.0,139630.0,27.0,0,0,1,1
2009-06-16,0.17,3.67,70.47,934.8,4955.75,911.97,1796.18,32.68,263.71,0.03041,3951.0,255.85,180795.0,143417.0,-137.0,0,1,1,1
2009-06-17,0.17,3.68,71.03,938.6,4936.5,910.71,1808.06,31.54,266.16,0.03041,4026.0,256.82,63071.0,50745.0,2595.0,0,1,1,1
2009-06-18,0.18,3.86,71.37,933.2,4947.5,918.37,1807.7199,30.03,261.27,0.03039,4073.0,256.85,60639.0,56922.0,2216.0,1,1,1,1
2009-06-19,0.19,3.79,70.02,934.03,5008.75,921.23,1827.4699,27.99,264.47,0.03042,4070.0,252.79,61487.0,59539.0,2366.0,0,1,1,1
2009-06-22,0.2,3.72,67.5,922.73,4738.5,893.04,1766.1899,31.17,254.6,0.0304,4029.0,246.07,65544.0,59666.0,2858.0,0,1,1,1
2009-06-23,0.2,3.65,69.24,925.9,4782.0,895.1,1764.92,30.58,253.66,0.03037,3874.0,249.8,64553.0,66881.0,4924.0,0,1,1,1
2009-06-24,0.19,3.72,68.67,931.43,5034.5,900.94,1792.3399,29.0499,258.08,0.03043,3751.0,249.84,75458.0,70707.0,2009.0,0,1,1,1
2009-06-25,0.18,3.55,70.23,939.25,5118.0,920.26,1829.54,26.36,263.26,0.03033,3703.0,253.38,86482.0,71508.0,3691.0,1,1,1,1
2009-06-26,0.2,3.52,69.16,939.6,5020.5,918.9,1838.2199,25.93,263.05,0.03037,3703.0,251.31,95648.0,73912.0,4017.0,1,1,1,1
2009-06-29,0.2,3.51,71.49,937.95,5082.5,927.23,1844.06,25.35,262.92,0.03036,3734.0,254.31,107364.0,82013.0,4960.0,1,1,1,1
2009-06-30,0.19,3.53,69.89,926.5,4948.75,919.32,1835.04,26.35,263.15,0.03047,3757.0,249.96,120940.0,85539.0,5422.0,1,1,1,1
2009-07-01,0.17,3.55,69.31,940.8,5073.0,923.33,1845.7199,26.2199,267.02,0.0305,3742.0,251.17,122430.0,89612.0,5869.0,1,1,1,1
2009-07-02,0.17,3.51,66.73,929.8,5019.25,896.42,1796.52,27.95,263.81,0.03035,3672.0,245.86,126833.0,95529.0,4951.0,1,1,1,1
2009-07-03,0.17,3.51,66.73,932.5,4966.25,896.42,1796.52,27.95,263.81,0.0304,3520.0,245.86,129194.0,102300.0,4180.0,1,1,1,1
2009-07-06,0.19,3.52,64.05,925.1,4955.25,898.72,1787.4,29.0,260.24,0.03031,3375.0,240.13,131705.0,102208.0,4882.0,1,1,1,1
2009-07-07,0.19,3.47,62.93,924.68,4866.75,881.03,1746.17,30.85,252.73,0.03031,3216.0,236.55,135562.0,106719.0,4188.0,1,1,1,1
2009-07-08,0.18,3.33,60.14,909.5,4710.5,879.56,1747.17,31.2999,250.94,0.03027,3107.0,231.21,135336.0,111344.0,2537.0,1,1,1,1
2009-07-09,0.19,3.44,60.41,912.28,4883.5,882.68,1752.55,29.78,257.95,0.03033,3018.0,234.53,134118.0,116463.0,-907.0,0,0,0,0
2009-07-10,0.18,3.32,59.89,913.05,4857.0,879.13,1756.03,29.02,259.04,0.03026,2985.0,233.51,141503.0,121846.0,833.0,1,1,0,0
2009-07-13,0.18,3.38,59.69,920.3,4898.5,901.05,1793.2099,26.3099,265.29,0.03013,2975.0,233.61,144927.0,125393.0,-466.0,1,1,1,1
2009-07-14,0.18,3.5,59.52,925.68,5066.0,905.84,1799.7299,25.02,269.61,0.03022,3097.0,236.2,150404.0,133202.0,524.0,1,1,1,1
2009-07-15,0.18,3.63,61.54,939.1,5271.5,932.68,1862.9,25.8899,281.56,0.03033,3324.0,239.71,56776.0,57265.0,3401.0,1,1,0,0
2009-07-16,0.19,3.59,62.02,937.4,5270.5,940.74,1885.03,25.42,287.0,0.03034,3501.0,240.95,60349.0,60427.0,3370.0,1,1,1,1
2009-07-17,0.17,3.67,63.56,937.5,5312.5,940.38,1886.6099,24.34,290.49,0.03034,3542.0,245.05,61328.0,63001.0,4088.0,0,0,0,0
2009-07-20,0.19,3.61,65.29,948.75,5338.75,951.13,1909.29,24.4,294.13,0.03049,3511.0,248.08,62475.0,66483.0,4464.0,0,0,0,0
2009-07-21,0.19,3.5,65.61,948.53,5386.75,954.58,1916.1999,23.87,293.97,0.03049,3455.0,246.83,64044.0,68743.0,6317.0,0,0,0,0
2009-07-22,0.19,3.58,65.4,951.25,5489.5,954.07,1926.38,23.4699,301.77,0.03042,3407.0,246.87,65736.0,71775.0,6616.0,0,0,0,0
2009-07-23,0.19,3.72,67.16,949.2,5525.5,976.29,1973.5999,23.43,304.72,0.03049,3355.0,251.27,71451.0,72021.0,6851.0,0,0,0,0
2009-07-24,0.18,3.7,68.05,951.35,5518.0,979.26,1965.9599,23.09,300.88,0.03034,3345.0,251.91,77016.0,78164.0,5914.0,0,0,0,0
2009-07-27,0.19,3.75,68.38,953.82,5595.5,982.18,1967.89,24.28,302.64,0.03047,3407.0,252.49,87835.0,85148.0,6546.0,0,0,0,0
2009-07-28,0.19,3.72,67.23,937.58,5518.5,979.62,1975.51,25.01,303.25,0.03054,3475.0,250.21,97152.0,87740.0,8404.0,1,0,0,0
2009-07-29,0.19,3.69,63.35,930.0,5406.5,975.15,1967.76,25.61,300.65,0.03042,3499.0,243.55,101673.0,94860.0,6185.0,1,0,0,0
2009-07-30,0.18,3.67,66.94,934.4,5604.5,986.75,1984.3,25.4,301.05,0.03043,3445.0,253.14,97760.0,96413.0,5105.0,1,0,0,0
2009-07-31,0.18,3.52,69.45,954.0,5719.5,987.48,1978.5,25.92,301.74,0.03047,3350.0,257.45,95903.0,96717.0,5078.0,0,0,0,0
2009-08-03,0.19,3.66,71.58,956.8,6000.5,1002.63,2008.6099,25.5599,307.02,0.03052,3251.0,266.28,103706.0,104443.0,2058.0,0,0,0,0
2009-08-04,0.18,3.7,71.42,966.83,6045.0,1005.65,2011.31,24.8899,307.22,0.03061,3159.0,267.03,112561.0,110054.0,4510.0,0,0,0,0
2009-08-05,0.18,3.8,71.97,963.58,6194.25,1002.72,1993.05,24.9,303.86,0.03056,3051.0,268.43,115061.0,110032.0,6237.0,0,0,0,0
2009-08-06,0.17,3.79,71.94,963.15,6017.5,997.08,1973.16,25.67,299.84,0.0305,2907.0,264.77,117618.0,109732.0,6368.0,0,0,0,0
2009-08-10,0.19,3.8,70.6,946.42,6125.25,1007.1,1992.2399,24.99,294.95,0.03047,2689.0,264.58,128947.0,109054.0,6450.0,0,0,0,0
2009-08-11,0.18,3.71,69.45,946.1,6030.5,994.35,1969.7299,25.99,290.74,0.03044,2623.0,262.48,137655.0,111146.0,6989.0,0,0,0,0
2009-08-12,0.17,3.72,70.16,947.1,6189.5,1005.81,1998.7199,25.45,295.88,0.03035,2612.0,264.82,132679.0,107390.0,6462.0,0,0,0,0
2009-08-13,0.17,3.59,70.52,954.87,6383.0,1012.73,2009.3499,24.7099,302.36,0.0304,2685.0,265.15,141356.0,111388.0,9590.0,0,0,0,0
2009-08-14,0.18,3.55,67.51,948.67,6251.0,1004.09,1985.52,24.27,294.65,0.0304,2752.0,257.75,145547.0,112944.0,9397.0,0,0,0,0
2009-08-17,0.18,3.48,66.75,934.68,6054.5,979.73,1930.8399,27.8899,285.92,0.03032,2774.0,253.33,147993.0,118255.0,6998.0,0,0,0,0
2009-08-18,0.18,3.51,69.19,938.65,6085.0,989.67,1955.92,26.18,291.67,0.03034,2704.0,255.92,159561.0,118377.0,4858.0,0,0,0,0
2009-08-19,0.17,3.45,73.83,941.97,5983.0,996.46,1969.2399,26.26,293.42,0.03029,2614.0,259.94,82090.0,64491.0,8697.0,1,1,1,1
2009-08-20,0.17,3.42,72.91,940.65,6050.5,1007.37,1989.2199,25.09,296.41,0.03033,2534.0,256.93,91281.0,65881.0,7576.0,1,1,1,1
2009-08-21,0.17,3.56,73.89,953.78,6270.5,1026.13,2020.9,25.01,301.3,0.03039,2468.0,259.24,95542.0,69132.0,9709.0,1,1,1,1
2009-08-24,0.17,3.48,74.37,941.55,6420.5,1025.56,2017.9799,25.1399,298.95,0.03043,2437.0,261.22,110326.0,75737.0,13652.0,0,0,0,0
2009-08-25,0.17,3.45,72.05,944.75,6298.5,1028.0,2024.2299,24.92,300.53,0.03038,2388.0,257.36,110904.0,75769.0,14957.0,1,1,1,1
2009-08-26,0.15,3.44,71.43,945.55,6276.0,1028.12,2024.43,24.95,302.99,0.03037,2427.0,256.18,111385.0,78948.0,16038.0,1,1,1,1
2009-08-27,0.15,3.47,72.49,948.08,6257.5,1030.98,2027.7299,24.68,303.76,0.03038,2425.0,256.52,112071.0,88053.0,16183.0,1,1,1,1
2009-08-28,0.15,3.46,72.74,955.1,6464.0,1028.93,2028.77,24.76,311.18,0.03037,2421.0,257.81,114770.0,89107.0,15973.0,0,0,0,0
2009-08-31,0.15,3.4,69.96,951.19,6464.0,1020.62,2009.06,26.01,306.18,0.03037,2421.0,253.68,120168.0,93906.0,17467.0,0,1,0,0
2009-09-01,0.14,3.38,68.05,956.47,6186.5,998.04,1968.89,29.15,298.64,0.03043,2423.0,248.98,126598.0,99815.0,18759.0,0,0,0,0
2009-09-02,0.14,3.29,68.05,978.55,6158.0,994.75,1967.0699,28.9,297.4,0.03038,2413.0,249.63,129416.0,115152.0,15503.0,0,0,0,0
2009-09-03,0.15,3.33,67.96,991.85,6243.0,1003.24,1983.1999,27.1,301.65,0.03039,2414.0,248.74,138069.0,134431.0,15987.0,0,0,0,0
2009-09-04,0.14,3.45,68.02,994.4,6263.75,1016.4,2018.78,25.26,309.74,0.03039,2415.0,247.58,142026.0,150044.0,16697.0,0,0,0,0
2009-09-07,0.14,3.45,68.02,995.25,6314.25,1016.4,2018.78,25.26,309.74,0.03043,2429.0,247.58,140685.0,155940.0,15660.0,1,1,1,0
2009-09-08,0.14,3.47,71.1,995.5,6464.75,1025.39,2037.77,25.62,316.72,0.03053,2462.0,252.57,150445.0,167368.0,14095.0,1,0,0,0
2009-09-09,0.14,3.48,71.31,992.3,6399.5,1033.37,2060.3898,24.32,320.13,0.03054,2491.0,253.22,151571.0,174056.0,14420.0,1,1,1,0
2009-09-10,0.14,3.36,71.94,996.6,6278.0,1044.14,2084.02,23.5499,325.82,0.03063,2492.0,255.18,151750.0,170018.0,3869.0,0,0,0,0
2009-09-11,0.14,3.34,69.29,1005.3,6235.25,1042.73,2080.8999,24.15,321.24,0.03065,2468.0,251.12,162646.0,191386.0,3145.0,1,0,0,0
2009-09-14,0.14,3.42,68.86,1000.2,6123.75,1049.34,2091.78,23.86,322.7,0.03061,2450.0,252.67,167910.0,193885.0,4204.0,0,0,0,0
2009-09-15,0.13,3.47,70.93,1007.55,6183.5,1052.63,2102.6398,23.42,325.48,0.03064,2431.0,258.17,167232.0,197259.0,3488.0,0,0,0,0
2009-09-16,0.1,3.48,72.51,1017.08,6399.5,1068.76,2133.1499,23.69,326.84,0.03078,2415.0,262.91,73811.0,65572.0,2795.0,0,0,0,0
2009-09-17,0.1,3.42,72.47,1013.63,6360.75,1065.49,2126.75,23.65,321.33,0.03085,2390.0,261.93,90357.0,72531.0,-785.0,0,0,0,0
2009-09-18,0.08,3.49,72.04,1007.47,6149.25,1068.3,2132.8601,23.92,326.48,0.03081,2356.0,259.99,94937.0,79354.0,789.0,0,0,0,0
2009-09-21,0.11,3.49,69.93,1003.7,6165.25,1064.66,2138.04,24.0599,326.4,0.03085,2318.0,254.31,99645.0,81046.0,1204.0,0,0,0,0
2009-09-22,0.11,3.46,71.76,1014.4,6249.0,1071.66,2146.3,23.08,329.33,0.03088,2246.0,259.15,107107.0,83123.0,1152.0,0,0,0,0
2009-09-23,0.11,3.44,68.97,1008.28,6108.25,1060.87,2131.4199,23.49,331.05,0.03089,2175.0,256.52,112686.0,87887.0,362.0,0,0,0,0
2009-09-24,0.1,3.4,65.89,993.93,5944.25,1050.78,2107.6101,24.95,323.04,0.03087,2163.0,251.25,114808.0,95539.0,1129.0,0,0,0,0
2009-09-25,0.1,3.34,66.02,990.9,5975.0,1044.38,2090.9199,25.61,321.05,0.03084,2183.0,250.5,113527.0,98757.0,2888.0,0,0,0,0
2009-09-28,0.11,3.31,66.84,990.98,5995.5,1062.98,2130.7399,24.8799,327.67,0.03079,2192.0,251.94,115030.0,101508.0,2553.0,0,0,0,0
2009-09-29,0.13,3.31,66.71,992.3,5962.0,1060.61,2124.04,25.19,323.0,0.03089,2185.0,252.13,124425.0,103179.0,1524.0,0,0,0,0
2009-09-30,0.14,3.31,70.61,1007.7,6147.5,1057.07,2122.4199,25.61,325.75,0.03106,2220.0,259.39,130533.0,108799.0,942.0,0,0,0,0
2009-10-01,0.1,3.21,70.82,999.15,5967.5,1029.85,2057.4799,28.27,309.97,0.03094,2284.0,255.55,131548.0,111101.0,56.0,0,0,0,0
2009-10-02,0.1,3.24,69.95,1002.75,5857.75,1025.21,2048.1101,28.68,306.59,0.03091,2357.0,252.87,134720.0,117872.0,-4439.0,1,1,1,1
2009-10-05,0.08,3.24,70.41,1017.3,5898.5,1040.46,2068.1499,26.84,313.09,0.031,2362.0,256.23,135728.0,120327.0,-1810.0,1,1,0,1
2009-10-06,0.08,3.27,70.88,1042.1,6094.25,1054.72,2103.57,25.7,319.58,0.03108,2441.0,259.47,138897.0,120198.0,-890.0,1,0,0,1
2009-10-07,0.09,3.21,69.57,1044.05,6073.75,1057.57,2110.33,24.68,317.64,0.03108,2546.0,258.37,141052.0,114529.0,-389.0,0,0,0,0
2009-10-08,0.06,3.27,71.69,1055.11,6311.75,1065.48,2123.9299,24.18,316.06,0.03111,2647.0,263.91,144247.0,118766.0,-1694.0,0,0,0,0
2009-10-09,0.07,3.4,71.77,1049.25,6216.0,1071.49,2139.28,23.12,326.44,0.03102,2695.0,262.55,153717.0,130861.0,-359.0,0,0,0,0
2009-10-12,0.07,3.4,73.27,1057.03,6261.0,1076.18,2139.1398,23.01,331.01,0.03097,2696.0,267.14,153804.0,133292.0,-991.0,0,0,0,0
2009-10-13,0.07,3.34,74.15,1064.2,6122.0,1073.18,2139.8898,22.99,330.0,0.03096,2646.0,268.05,154316.0,138634.0,982.0,0,0,0,0
2009-10-14,0.07,3.45,75.18,1062.25,6202.5,1092.02,2172.2299,22.86,334.51,0.03102,2597.0,269.93,161112.0,151222.0,2824.0,0,0,0,0
2009-10-15,0.07,3.49,77.58,1050.4,6269.5,1096.56,2173.29,21.7199,329.78,0.03104,2688.0,273.72,178982.0,167627.0,-3001.0,0,0,0,0
2009-10-16,0.07,3.43,78.53,1053.55,6210.5,1087.68,2156.8,21.43,322.83,0.03096,2728.0,276.1,192640.0,173793.0,-4731.0,0,0,0,0
2009-10-19,0.08,3.41,79.96,1064.2,6453.0,1097.91,2176.32,21.49,327.61,0.03094,2766.0,279.65,200793.0,179312.0,-2792.0,0,0,0,0
2009-10-20,0.08,3.35,79.12,1055.03,6396.0,1091.06,2163.4699,20.9,326.87,0.03098,2832.0,278.13,206222.0,198383.0,-4510.0,0,0,0,0
2009-10-21,0.07,3.42,81.37,1058.9,6565.75,1081.4,2150.7299,22.2199,322.67,0.0309,2917.0,284.09,109098.0,107997.0,-1355.0,0,0,0,0
2009-10-22,0.06,3.44,81.19,1060.0,6567.0,1092.91,2165.29,20.69,326.84,0.03086,3001.0,282.54,122854.0,124249.0,-1762.0,0,0,0,1
2009-10-23,0.07,3.51,80.5,1055.45,6625.75,1079.6,2154.4699,22.27,316.41,0.03087,3043.0,280.34,127362.0,130132.0,-162.0,0,0,1,1
2009-10-26,0.08,3.59,78.68,1038.65,6586.0,1066.94,2141.85,24.3099,317.44,0.03087,3044.0,275.88,133647.0,131563.0,1943.0,0,0,1,1
2009-10-27,0.08,3.49,79.55,1040.0,6554.5,1063.41,2116.09,24.83,309.44,0.03079,3013.0,275.97,136249.0,144323.0,363.0,0,0,1,1
2009-10-28,0.07,3.44,77.46,1028.1,6404.0,1042.63,2059.6101,27.91,300.78,0.03077,2986.0,270.39,141162.0,154332.0,-5959.0,0,0,1,1
2009-10-29,0.06,3.53,79.87,1046.95,6639.5,1066.11,2097.55,24.76,307.26,0.03069,3013.0,276.16,143485.0,166673.0,-9658.0,0,0,1,1
2009-10-30,0.05,3.41,77.0,1045.45,6455.25,1036.18,2045.1099,30.69,296.61,0.03074,3103.0,270.38,149790.0,165860.0,-6746.0,0,0,1,1
2009-11-02,0.06,3.45,78.13,1059.5,6530.5,1042.88,2049.1999,29.78,297.37,0.03072,3185.0,273.5,157693.0,169334.0,-3703.0,1,1,1,1
2009-11-03,0.06,3.5,79.6,1084.23,6435.75,1045.41,2057.32,28.8099,293.48,0.0307,3247.0,276.49,168048.0,174041.0,-3809.0,1,1,1,1
2009-11-04,0.05,3.57,80.4,1092.05,6551.5,1046.5,2055.52,27.7199,295.31,0.03071,3295.0,276.94,174227.0,173772.0,-2326.0,0,1,1,1
2009-11-05,0.04,3.57,79.62,1090.35,6510.25,1066.63,2105.32,25.43,302.96,0.03074,3335.0,274.3,183437.0,184231.0,-2145.0,0,0,1,1
2009-11-06,0.06,3.54,77.43,1095.2,6469.25,1069.3,2112.4399,24.19,301.76,0.03076,3393.0,269.44,190533.0,188080.0,-3677.0,0,0,1,1
2009-11-09,0.07,3.52,79.43,1104.1,6516.75,1093.07,2154.06,23.15,311.26,0.0309,3480.0,274.09,205684.0,194772.0,-4318.0,0,0,1,1
2009-11-10,0.07,3.5,79.05,1105.85,6506.25,1093.01,2151.08,22.84,311.52,0.03091,3615.0,272.31,215613.0,198072.0,-5288.0,0,0,1,1
2009-11-11,0.07,3.5,79.28,1117.3,6515.75,1098.51,2166.8999,23.0,315.76,0.03095,3748.0,273.44,226517.0,203199.0,-5615.0,1,1,1,1
2009-11-12,0.07,3.45,76.94,1103.6,6480.5,1087.24,2149.02,24.24,314.0,0.03093,3954.0,269.2,232510.0,210524.0,-4881.0,0,1,1,1
2009-11-13,0.06,3.43,76.35,1118.65,6500.75,1093.48,2167.8798,23.36,317.5,0.03092,4111.0,269.12,246868.0,218580.0,-6800.0,0,1,1,1
2009-11-16,0.07,3.33,78.9,1139.3,6830.75,1109.3,2197.85,22.8899,323.83,0.03106,4220.0,276.74,251154.0,219318.0,-6239.0,0,0,1,1
2009-11-17,0.06,3.33,79.14,1141.38,6805.0,1110.31,2203.78,22.41,324.3,0.03113,4381.0,277.25,261373.0,224895.0,-8187.0,0,0,1,1
2009-11-18,0.04,3.36,79.58,1145.6,6855.5,1109.8,2193.1398,21.6299,321.53,0.03113,4643.0,277.53,152052.0,143896.0,-5460.0,0,1,1,1
2009-11-19,0.02,3.35,78.05,1144.6,6766.75,1094.9,2156.82,22.6299,310.5,0.03097,4661.0,274.27,158368.0,150156.0,-5625.0,0,0,1,1
2009-11-20,0.02,3.36,77.47,1150.6,6819.75,1091.38,2146.04,22.19,307.97,0.03091,4507.0,274.58,160587.0,162546.0,-4730.0,0,1,1,1
2009-11-23,0.05,3.37,77.56,1166.0,6920.0,1106.24,2176.01,21.16,311.52,0.03099,4423.0,274.95,166187.0,166063.0,-5664.0,0,0,1,1
2009-11-24,0.05,3.32,76.02,1169.41,6840.75,1105.65,2169.1799,20.4699,312.5,0.03097,4340.0,272.26,168690.0,172299.0,-6138.0,0,1,1,1
2009-11-25,0.05,3.28,77.96,1191.66,6954.75,1110.63,2176.05,20.48,315.09,0.03102,4234.0,278.41,172791.0,176006.0,-6019.0,0,0,1,1
2009-11-26,0.05,3.28,77.96,1193.06,6793.0,1110.63,2176.05,20.48,315.09,0.03101,4119.0,278.41,177415.0,183396.0,-7838.0,0,1,1,1
2009-11-27,0.03,3.21,76.05,1177.63,6825.0,1091.49,2138.4399,24.74,309.82,0.03092,3974.0,273.09,174870.0,188560.0,-10086.0,1,1,1,1
2009-11-30,0.06,3.21,77.28,1179.63,6902.75,1095.63,2144.6,24.51,310.05,0.03107,3887.0,277.4,178359.0,187980.0,-8750.0,1,1,1,1
2009-12-01,0.06,3.28,78.37,1196.51,7048.0,1108.86,2175.81,21.92,319.54,0.03106,3836.0,279.34,182439.0,189462.0,-4991.0,0,1,1,1
2009-12-02,0.05,3.32,76.6,1215.85,7094.25,1109.24,2185.03,21.12,324.69,0.03108,3918.0,276.8,186781.0,190878.0,-5951.0,1,1,1,1
2009-12-03,0.06,3.39,76.46,1207.45,7046.25,1099.92,2173.1398,22.4599,328.44,0.0311,4062.0,276.55,196266.0,192812.0,-6882.0,0,1,1,1
2009-12-04,0.06,3.48,75.47,1161.43,7005.0,1105.98,2194.35,21.25,335.21,0.03108,4107.0,273.87,199601.0,195537.0,-7015.0,1,1,1,1
2009-12-07,0.04,3.44,73.93,1158.1,6960.5,1103.25,2189.6101,22.1,336.72,0.03098,4036.0,274.18,216483.0,203256.0,-5152.0,1,1,1,1
2009-12-08,0.03,3.4,72.62,1128.4,6937.0,1091.93,2172.9899,23.69,336.96,0.03091,3902.0,271.9,214288.0,203283.0,-6098.0,1,1,1,1
2009-12-09,0.03,3.45,70.67,1128.6,6905.5,1095.94,2183.7299,22.66,339.09,0.03091,3791.0,267.75,216687.0,211506.0,-6281.0,0,0,1,1
2009-12-10,0.02,3.49,70.54,1131.03,6770.75,1102.35,2190.8601,22.32,338.61,0.03095,3671.0,269.52,220725.0,219534.0,-4702.0,0,0,1,1
2009-12-11,0.03,3.55,69.87,1115.38,6796.0,1106.41,2190.31,21.59,335.24,0.03098,3579.0,270.86,226799.0,223558.0,-1792.0,0,0,1,0
2009-12-14,0.04,3.56,69.51,1126.78,6872.0,1114.11,2212.1,21.15,340.28,0.03095,3530.0,273.52,230295.0,227146.0,-962.0,0,0,0,0
2009-12-15,0.05,3.6,70.69,1125.1,6854.25,1107.93,2201.05,21.5,338.97,0.03098,3518.0,274.27,239299.0,231782.0,-3392.0,0,0,0,0
2009-12-16,0.04,3.61,72.66,1137.9,6997.0,1109.18,2206.9099,20.54,344.86,0.03093,3474.0,278.75,85421.0,122452.0,853.0,0,0,0,0
2009-12-17,0.04,3.5,72.65,1098.9,6826.0,1096.07,2180.05,22.57,339.82,0.03091,3376.0,276.13,98769.0,127802.0,2027.0,1,1,1,1
2009-12-18,0.05,3.55,74.42,1113.2,6797.5,1102.47,2211.6899,21.68,344.83,0.03088,3258.0,276.14,100009.0,127755.0,2658.0,0,0,0,0
2009-12-21,0.08,3.69,73.72,1093.45,6893.25,1114.05,2237.6599,20.49,352.65,0.03088,3154.0,274.78,105689.0,129108.0,3249.0,0,0,0,0
2009-12-22,0.08,3.76,74.4,1083.9,6841.0,1118.02,2252.6699,19.54,354.72,0.03091,3063.0,274.89,119160.0,130149.0,5413.0,1,0,0,0
2009-12-23,0.07,3.77,76.67,1087.65,6965.25,1120.59,2269.6398,19.7099,355.37,0.0309,3023.0,279.36,128511.0,132752.0,5840.0,1,1,1,1
2009-12-24,0.05,3.82,78.05,1105.5,7035.5,1126.48,2285.6899,19.4699,361.06,0.03096,3005.0,280.92,129966.0,132153.0,6916.0,0,0,0,0
2009-12-25,0.05,3.82,78.05,1105.45,7035.5,1126.48,2285.6899,19.4699,361.06,0.03098,3005.0,280.92,130776.0,133949.0,7338.0,0,0,0,0
2009-12-28,0.11,3.85,78.77,1107.1,7035.5,1127.78,2291.08,19.93,357.64,0.03097,3005.0,284.45,132903.0,133671.0,6113.0,0,0,0,0
2009-12-29,0.1,3.82,78.87,1096.83,7233.75,1126.19,2288.3999,20.01,356.18,0.03097,3005.0,283.73,134148.0,132188.0,5193.0,0,0,0,0
2009-12-30,0.05,3.8,79.36,1092.9,7295.75,1126.42,2291.28,19.9599,361.39,0.03102,3005.0,283.63,135369.0,133188.0,4970.0,0,0,0,0
2009-12-31,0.06,3.85,79.36,1096.98,7342.0,1115.1,2269.1499,21.68,359.91,0.03122,3005.0,283.38,134613.0,135270.0,2798.0,0,0,0,0
2010-01-04,0.08,3.85,81.51,1121.28,7466.25,1132.99,2308.4199,20.04,366.08,0.03135,3140.0,327.73,144381.0,139466.0,2645.0,0,0,0,0
2010-01-05,0.07,3.77,81.77,1118.05,7450.25,1136.52,2308.7099,19.35,366.42,0.03139,3270.0,289.39,160203.0,143235.0,2356.0,0,0,0,0
2010-01-06,0.06,3.85,83.18,1138.25,7630.5,1137.14,2301.09,19.16,366.34,0.03137,3259.0,293.75,170024.0,140004.0,3990.0,0,0,0,0
2010-01-07,0.05,3.85,82.66,1131.75,7506.5,1141.68,2300.05,19.0599,362.3,0.03137,3149.0,290.53,176832.0,150920.0,-3326.0,1,1,1,1
2010-01-08,0.05,3.83,82.75,1138.23,7434.0,1144.98,2317.1699,18.1299,367.68,0.03137,3140.0,290.77,185317.0,162491.0,-4730.0,1,1,1,1
2010-01-11,0.04,3.85,82.52,1151.85,7539.0,1146.98,2312.4099,17.5499,366.62,0.03147,3148.0,289.39,190134.0,160615.0,-2283.0,0,0,0,0
2010-01-12,0.05,3.74,80.79,1128.48,7428.0,1136.22,2282.31,18.25,353.45,0.03146,3160.0,284.52,201925.0,165252.0,-3338.0,0,0,0,0
2010-01-13,0.06,3.8,79.65,1138.18,7460.0,1145.68,2307.8999,17.85,359.09,0.03144,3175.0,285.14,211976.0,171906.0,-6097.0,1,1,1,1
2010-01-14,0.05,3.76,79.39,1142.75,7465.75,1148.46,2316.7399,17.6299,356.96,0.03149,3235.0,284.43,220242.0,177588.0,-6131.0,1,1,1,1
2010-01-15,0.06,3.7,78.0,1130.93,7402.75,1136.03,2287.9899,17.91,344.67,0.03142,3299.0,281.41,228471.0,186506.0,-6685.0,0,0,0,0
2010-01-18,0.06,3.7,78.0,1134.1,7474.25,1136.03,2287.9899,17.91,344.67,0.03146,3295.0,281.41,229232.0,194393.0,-9775.0,0,0,0,0
2010-01-19,0.06,3.73,79.32,1138.35,7519.0,1150.23,2320.3999,17.58,350.84,0.03145,3208.0,283.25,231836.0,201809.0,-11849.0,1,0,0,0
2010-01-20,0.05,3.68,77.74,1111.3,7349.5,1138.04,2291.25,18.68,349.8,0.03126,3158.0,279.48,132265.0,156402.0,-5921.0,1,0,0,0
2010-01-21,0.06,3.62,76.08,1094.05,7250.75,1116.48,2265.6999,22.27,347.91,0.03133,3170.0,277.51,140301.0,164787.0,-13234.0,1,0,1,1
2010-01-22,0.06,3.62,74.54,1093.23,7367.5,1091.76,2205.29,27.3099,329.49,0.03127,3204.0,275.56,147714.0,183985.0,-18412.0,0,0,0,0
2010-01-25,0.06,3.66,75.26,1098.4,7441.25,1096.78,2210.8,25.41,334.18,0.03128,3223.0,276.74,157212.0,197858.0,-20940.0,1,0,0,0
2010-01-26,0.07,3.65,74.71,1097.65,7357.0,1092.17,2203.7299,24.5499,333.52,0.0312,3205.0,273.88,173535.0,204048.0,-15414.0,1,0,0,0
2010-01-27,0.08,3.66,73.67,1087.95,7206.0,1097.5,2221.4099,23.1399,337.45,0.03117,3118.0,268.76,181540.0,211773.0,-15959.0,0,0,0,0
2010-01-28,0.08,3.68,73.64,1086.95,6876.0,1084.53,2179.0,23.73,327.25,0.03125,2963.0,267.58,192044.0,215704.0,-13863.0,0,0,0,0
2010-01-29,0.08,3.63,72.89,1081.2,6723.25,1073.87,2147.35,24.62,316.07,0.03126,2848.0,265.59,199844.0,219244.0,-12754.0,0,0,0,0
2010-02-01,0.1,3.68,74.43,1105.55,6768.0,1089.18,2171.1999,22.59,325.72,0.03115,2745.0,267.98,205894.0,222543.0,-12249.0,0,0,0,0
2010-02-02,0.1,3.67,77.23,1114.45,6793.75,1103.31,2190.06,21.48,328.7,0.03119,2691.0,273.19,210011.0,219607.0,-6131.0,0,0,0,0
2010-02-03,0.1,3.73,76.98,1109.8,6567.0,1097.28,2190.9099,21.6,327.75,0.03125,2673.0,270.58,221876.0,223435.0,-6728.0,0,0,0,0
2010-02-04,0.09,3.62,73.14,1063.53,6367.5,1063.11,2125.4299,26.08,312.53,0.03123,2685.0,263.67,219314.0,229484.0,-4566.0,0,0,0,0
2010-02-05,0.1,3.59,71.19,1066.25,6259.0,1066.18,2141.1201,26.11,320.01,0.03107,2715.0,258.55,247124.0,255396.0,-2709.0,1,1,1,1
2010-02-06,0.1,3.59,71.19,1066.25,6259.0,1066.18,2141.1201,26.11,320.01,0.03107,2715.0,258.55,253394.0,258737.0,-3831.0,0,0,0,0
2010-02-08,0.12,3.62,71.89,1062.85,6427.0,1056.74,2126.05,26.51,318.86,0.03106,2722.0,261.52,274615.0,262514.0,-749.0,1,1,1,1
2010-02-09,0.12,3.67,73.75,1078.1,6567.0,1070.52,2150.8701,26.0,323.41,0.03115,2706.0,265.12,301013.0,276174.0,-1217.0,1,1,1,1
2010-02-10,0.11,3.72,74.52,1072.1,6512.5,1068.13,2147.8701,25.4,323.4,0.03119,2630.0,266.23,340976.0,292899.0,934.0,1,1,1,1
2010-02-22,0.11,3.8,80.31,1114.28,7301.5,1108.01,2242.03,19.94,342.55,0.03115,2721.0,276.78,143696.0,165073.0,-3023.0,1,1,1,1
2010-02-23,0.12,3.69,78.86,1103.33,7102.0,1094.6,2213.4399,21.37,332.87,0.0312,2724.0,272.4,154534.0,171955.0,-3201.0,1,1,1,1
2010-02-24,0.12,3.7,80.0,1097.63,7122.5,1105.24,2235.8999,20.27,339.27,0.03116,2707.0,274.74,167339.0,179737.0,-2163.0,1,1,1,1
2010-02-25,0.13,3.64,78.17,1106.2,6969.25,1102.93,2234.2199,20.1,338.39,0.03113,2711.0,270.87,177993.0,184822.0,277.0,1,1,1,1
2010-02-26,0.13,3.61,79.66,1117.59,7166.5,1104.49,2238.26,19.5,338.86,0.03117,2738.0,274.77,180169.0,187802.0,-793.0,0,0,0,0
2010-03-01,0.13,3.61,78.7,1118.85,7369.0,1115.71,2273.57,19.26,349.48,0.0312,2760.0,272.71,186489.0,188697.0,894.0,0,0,0,0
2010-03-02,0.14,3.62,79.68,1134.65,7460.0,1118.31,2280.79,19.0599,349.39,0.03121,2792.0,275.13,188878.0,189852.0,92.0,0,0,0,0
2010-03-03,0.14,3.63,80.87,1139.95,7548.75,1118.79,2280.6799,18.83,346.37,0.03125,2911.0,277.71,189759.0,188807.0,61.0,1,1,1,1
2010-03-04,0.14,3.61,80.21,1132.1,7366.0,1122.97,2292.31,18.7199,346.55,0.03126,3121.0,274.8,189364.0,191250.0,3376.0,0,0,1,0
2010-03-05,0.15,3.69,81.5,1134.9,7514.0,1138.69,2326.35,17.42,351.53,0.03123,3242.0,276.93,192632.0,196360.0,2554.0,0,0,0,0
2010-03-08,0.16,3.72,81.5,1123.63,7436.75,1138.5,2332.2099,17.79,351.21,0.03136,3259.0,276.71,200966.0,195516.0,4177.0,0,0,0,0
2010-03-09,0.16,3.71,81.5,1121.85,7475.25,1140.44,2340.6799,17.92,350.47,0.0314,3210.0,274.79,205381.0,200960.0,3975.0,0,0,0,0
2010-03-10,0.15,3.73,82.09,1108.5,7406.25,1145.61,2358.9499,18.57,358.04,0.0314,3230.0,274.62,205028.0,201198.0,3064.0,0,0,0,0
2010-03-11,0.16,3.73,82.11,1109.55,7431.25,1150.24,2368.4599,18.0599,357.16,0.0314,3316.0,273.39,205607.0,214503.0,2673.0,1,1,1,0
2010-03-12,0.15,3.71,81.24,1101.85,7412.0,1149.99,2367.6599,17.58,355.37,0.03141,3506.0,273.31,211868.0,223445.0,1335.0,0,0,0,0
2010-03-15,0.17,3.71,79.8,1108.45,7271.5,1150.51,2362.2099,18.0,350.43,0.03143,3574.0,270.79,220152.0,231597.0,1870.0,0,0,0,0
2010-03-16,0.16,3.66,81.7,1127.78,7370.75,1159.46,2378.01,17.69,359.87,0.03143,3498.0,273.54,230344.0,245300.0,3441.0,0,0,0,0
2010-03-17,0.15,3.65,82.93,1120.43,7498.5,1166.21,2389.09,16.91,364.06,0.0315,3427.0,276.3,90344.0,87090.0,-124.0,0,0,0,0
2010-03-18,0.16,3.68,82.2,1127.4,7450.5,1165.82,2391.28,16.62,361.64,0.03142,3396.0,275.68,97633.0,98388.0,-4059.0,0,0,0,0
2010-03-19,0.16,3.7,80.97,1107.05,7397.5,1159.9,2374.4099,16.9699,355.67,0.03145,3379.0,272.63,106448.0,102540.0,-3214.0,0,0,0,0
2010-03-22,0.15,3.67,81.6,1102.2,7411.25,1165.81,2395.3999,16.87,364.25,0.03136,3337.0,272.28,99821.0,102151.0,-4018.0,0,0,0,0
2010-03-23,0.14,3.69,81.91,1105.18,7402.25,1174.17,2415.2399,16.35,372.47,0.0314,3280.0,271.71,102290.0,105965.0,-3210.0,0,0,0,1
2010-03-24,0.14,3.84,80.61,1086.7,7333.75,1167.72,2398.76,17.5499,365.37,0.0314,3243.0,269.48,107937.0,113934.0,-3999.0,0,0,0,0
2010-03-25,0.14,3.91,80.53,1090.5,7399.25,1165.73,2397.4099,18.4,364.83,0.03137,3177.0,267.86,109736.0,116135.0,-5949.0,0,0,0,1
2010-03-26,0.14,3.86,80.0,1107.25,7479.25,1166.59,2395.1298,17.77,362.89,0.03137,3098.0,267.32,114533.0,122429.0,1585.0,0,0,0,1
2010-03-29,0.15,3.88,82.17,1109.78,7732.0,1173.22,2404.3601,17.59,366.37,0.03143,3021.0,272.83,118085.0,131241.0,124.0,0,0,0,1
2010-03-30,0.16,3.88,82.37,1103.55,7814.5,1173.27,2410.6899,17.1299,368.9,0.03144,2982.0,273.72,126216.0,130172.0,-1095.0,0,0,0,1
2010-03-31,0.16,3.84,83.76,1113.25,7759.25,1169.43,2397.9599,17.59,366.57,0.03143,2998.0,273.34,130525.0,132887.0,-951.0,0,0,0,1
2010-04-01,0.16,3.89,84.87,1126.78,7855.0,1178.1,2402.58,17.4699,366.93,0.03146,2991.0,276.43,142886.0,135606.0,-940.0,0,0,0,0
2010-04-02,0.16,3.96,84.87,1123.8,7855.0,1178.1,2402.58,17.4699,366.93,0.03149,2991.0,276.43,147647.0,141799.0,-546.0,0,0,0,1
2010-04-06,0.17,3.98,86.84,1134.28,7960.25,1189.43,2436.81,16.23,375.52,0.03155,2981.0,278.52,161478.0,146312.0,1365.0,0,0,0,1
2010-04-07,0.17,3.89,85.88,1149.4,7914.5,1182.44,2431.1599,16.62,376.89,0.03162,2947.0,277.59,166582.0,149663.0,-902.0,0,0,0,0
2010-04-08,0.17,3.91,85.39,1150.61,7861.25,1186.43,2436.81,16.48,371.47,0.03154,2922.0,275.25,172551.0,154449.0,-2275.0,0,0,0,0
2010-04-09,0.16,3.9,84.92,1161.75,7893.5,1194.37,2454.05,16.1399,375.76,0.03163,2913.0,276.13,171089.0,154880.0,-3957.0,0,0,0,1
2010-04-12,0.16,3.87,84.34,1156.3,7872.5,1196.48,2457.8701,15.58,378.97,0.03169,2911.0,276.2,173599.0,161183.0,-6156.0,0,0,0,1
2010-04-13,0.16,3.84,84.05,1150.68,7867.25,1197.3,2465.9899,16.2,381.33,0.03167,2928.0,277.35,178645.0,165936.0,-6573.0,0,0,0,1
2010-04-14,0.16,3.88,85.84,1155.4,7917.0,1210.65,2504.8601,15.59,397.73,0.03179,2966.0,279.96,182958.0,168612.0,-4761.0,0,0,0,1
2010-04-15,0.16,3.86,85.51,1159.26,7913.5,1211.67,2515.6899,15.89,398.86,0.03187,3001.0,279.75,189026.0,178054.0,-3554.0,0,0,0,1
2010-04-16,0.16,3.79,83.24,1137.41,7728.0,1192.13,2481.26,18.36,393.75,0.03186,3009.0,276.29,196433.0,183307.0,-4985.0,0,0,0,1
2010-04-19,0.16,3.83,81.45,1135.75,7663.0,1197.52,2480.1101,17.34,389.66,0.03175,3002.0,273.23,205781.0,187849.0,-7464.0,0,0,0,1
2010-04-20,0.16,3.82,83.85,1140.76,7756.0,1207.17,2500.31,15.73,395.71,0.0318,2998.0,275.78,211651.0,192717.0,-3868.0,0,0,1,1
2010-04-21,0.15,3.77,83.68,1146.78,7723.25,1205.93,2504.6101,16.32,391.42,0.03186,3009.0,276.75,132330.0,113678.0,1345.0,1,0,1,1
2010-04-22,0.16,3.8,83.7,1141.58,7655.25,1208.67,2519.07,16.4699,398.94,0.03185,3006.0,277.12,149834.0,119561.0,3053.0,1,1,1,1
2010-04-23,0.16,3.84,85.12,1157.73,7714.0,1217.28,2530.1499,16.62,400.42,0.03179,3013.0,279.05,156243.0,126783.0,3997.0,1,1,1,1
2010-04-26,0.16,3.83,84.2,1153.53,7772.5,1212.05,2522.9499,17.4699,400.81,0.03189,3020.0,278.38,167002.0,125595.0,1537.0,0,0,0,1
2010-04-27,0.16,3.71,82.44,1167.95,7452.25,1183.71,2471.4699,22.8099,386.78,0.03183,3203.0,273.18,161197.0,120233.0,-201.0,0,0,1,1
2010-04-28,0.16,3.8,83.22,1165.78,7362.0,1191.36,2471.7299,21.08,388.63,0.03171,3329.0,274.51,160675.0,126379.0,-3094.0,0,0,1,1
2010-04-29,0.17,3.76,85.17,1167.03,7319.25,1206.78,2511.9199,18.44,393.97,0.0318,3359.0,275.29,153097.0,119584.0,268.0,0,0,1,1
2010-04-30,0.16,3.69,86.15,1179.03,7396.5,1186.68,2461.1899,22.0499,376.07,0.03183,3354.0,277.71,158765.0,123962.0,-1956.0,0,0,1,1
2010-05-03,0.17,3.72,86.19,1182.23,7396.5,1202.26,2498.7399,20.19,385.97,0.03173,3354.0,278.1,164736.0,132084.0,-3824.0,0,0,1,1
2010-05-04,0.16,3.63,82.74,1171.01,6989.0,1173.6,2424.25,23.84,368.48,0.03179,3352.0,271.6,177210.0,140429.0,-3630.0,0,0,1,1
2010-05-05,0.15,3.58,79.97,1175.08,6921.75,1165.87,2402.29,24.91,364.54,0.03165,3379.0,267.95,200128.0,166987.0,-5406.0,0,0,1,1
2010-05-06,0.11,3.41,77.11,1208.7,6911.75,1128.15,2319.6398,32.7999,352.54,0.0315,3468.0,262.76,216618.0,195006.0,-2265.0,0,0,1,1
2010-05-07,0.13,3.45,75.11,1208.4,6911.25,1110.88,2265.6398,40.95,346.75,0.0314,3608.0,261.32,239770.0,229902.0,2.0,0,0,1,1
2010-05-10,0.16,3.57,76.8,1203.14,7084.25,1159.73,2374.6699,28.84,367.48,0.03165,3707.0,265.21,223869.0,209232.0,3803.0,0,0,1,1
2010-05-11,0.16,3.56,76.37,1232.7,7013.5,1155.79,2375.31,28.32,364.73,0.03142,3822.0,264.95,237684.0,211156.0,7401.0,1,1,1,1
2010-05-12,0.16,3.56,75.65,1239.0,6989.25,1171.67,2425.02,25.52,375.08,0.03135,3888.0,266.82,247330.0,213547.0,8110.0,0,1,1,1
2010-05-13,0.16,3.55,74.4,1232.65,7127.25,1157.43,2394.3601,26.68,364.96,0.03147,3914.0,265.78,282098.0,234485.0,8580.0,0,1,1,1
2010-05-14,0.16,3.44,71.61,1232.98,6894.0,1135.68,2346.85,31.24,353.86,0.0314,3929.0,258.55,258566.0,223655.0,7212.0,0,1,1,1
2010-05-17,0.16,3.47,70.08,1222.3,6435.5,1136.94,2354.2299,30.84,359.39,0.03115,3922.0,253.2,279740.0,243879.0,7815.0,0,1,1,1
2010-05-18,0.17,3.38,69.41,1225.18,6661.75,1120.8,2317.26,33.5499,348.85,0.03127,3882.0,254.93,288557.0,253184.0,6763.0,0,1,1,1
2010-05-19,0.17,3.36,69.87,1193.73,6473.5,1115.05,2298.3701,35.32,350.84,0.03115,3832.0,252.64,191247.0,168512.0,484.0,0,1,1,1
2010-05-20,0.17,3.25,70.8,1182.45,6582.75,1071.59,2204.01,45.79,340.6,0.03108,3803.0,250.07,206077.0,187813.0,2708.0,0,1,1,1
2010-05-21,0.17,3.2,70.04,1177.08,6823.0,1087.69,2229.04,40.0999,349.11,0.03101,3844.0,251.42,237615.0,199126.0,8021.0,0,1,1,1
2010-05-24,0.17,3.23,70.21,1191.73,6885.0,1073.65,2213.55,38.32,342.54,0.03108,3943.0,251.97,241878.0,198846.0,7720.0,0,1,1,1
2010-05-25,0.17,3.18,68.75,1204.35,6702.0,1074.03,2210.9499,34.61,344.51,0.03088,4187.0,248.79,270275.0,212952.0,8853.0,1,1,1,1
2010-05-26,0.17,3.21,71.51,1211.7,6748.25,1067.95,2195.8798,35.02,343.78,0.03092,4209.0,252.83,286811.0,215128.0,6172.0,1,1,1,1
2010-05-27,0.17,3.34,74.55,1212.63,6955.0,1103.06,2277.6799,29.68,361.55,0.03107,4156.0,257.72,295565.0,224445.0,6551.0,1,1,1,1
2010-05-28,0.16,3.31,73.97,1214.73,6911.25,1089.41,2257.04,32.07,355.66,0.03108,4078.0,254.8,312573.0,234095.0,9329.0,1,1,1,1
2010-05-31,0.16,3.31,73.97,1216.3,6911.25,1089.41,2257.04,32.07,355.66,0.03103,4078.0,254.8,317126.0,235257.0,10981.0,1,1,1,1
2010-06-01,0.16,3.29,72.58,1225.78,6719.0,1070.71,2222.33,35.54,347.61,0.03085,4074.0,252.39,326461.0,248893.0,13597.0,1,1,1,1
2010-06-02,0.16,3.35,72.86,1223.55,6638.0,1098.38,2281.07,30.17,360.2,0.03095,4041.0,252.94,334673.0,243493.0,16423.0,1,1,1,1
2010-06-03,0.14,3.39,74.61,1206.55,6495.0,1102.83,2303.03,29.4599,364.45,0.03098,3933.0,254.89,314805.0,238238.0,18538.0,1,1,1,1
2010-06-04,0.14,3.2,71.51,1220.03,6249.0,1064.88,2219.1699,35.48,348.48,0.03091,3844.0,248.94,311417.0,245181.0,17096.0,1,1,1,1
2010-06-07,0.12,3.17,71.44,1240.35,6067.75,1050.47,2173.8999,36.57,335.84,0.03074,3733.0,248.98,320831.0,251220.0,19682.0,1,1,1,1
2010-06-08,0.12,3.18,71.99,1236.58,6134.25,1062.0,2170.57,33.7,334.58,0.03076,3579.0,250.08,321887.0,252861.0,19505.0,1,1,1,1
2010-06-09,0.1,3.2,74.38,1233.4,6311.25,1055.69,2158.85,33.73,332.06,0.03075,3514.0,253.06,334536.0,262501.0,20192.0,1,1,1,1
2010-06-10,0.1,3.33,75.48,1216.53,6382.25,1086.84,2218.7099,30.57,344.69,0.03078,3423.0,255.08,354571.0,259542.0,18679.0,1,1,1,1
2010-06-11,0.08,3.24,73.78,1226.58,6456.0,1091.6,2243.6,28.79,349.53,0.03083,3288.0,255.92,357652.0,257422.0,15752.0,0,1,1,1
2010-06-14,0.07,3.28,75.12,1221.15,6635.25,1089.63,2243.9599,28.58,351.97,0.03091,3115.0,259.98,354159.0,257078.0,16082.0,0,1,1,1
2010-06-15,0.09,3.32,76.94,1234.25,6653.5,1115.23,2305.8798,25.87,371.47,0.03092,3020.0,263.5,366245.0,269358.0,13417.0,0,1,1,1
2010-06-17,0.09,3.21,76.79,1245.16,6419.5,1116.04,2307.1599,25.0499,372.39,0.03095,2784.0,263.3,124171.0,104507.0,10957.0,0,1,1,1
2010-06-18,0.11,3.24,77.18,1256.8,6408.0,1117.51,2309.8,23.95,371.21,0.03107,2694.0,262.93,133656.0,114370.0,11282.0,0,1,1,1
2010-06-21,0.12,3.26,78.61,1233.65,6576.0,1113.2,2289.09,24.8799,368.04,0.03125,2601.0,263.69,150335.0,121540.0,10010.0,0,1,1,1
2010-06-22,0.13,3.18,77.85,1239.9,6582.25,1095.31,2261.8,27.0499,361.39,0.03116,2547.0,262.68,151632.0,132995.0,8549.0,1,1,1,1
2010-06-23,0.13,3.13,76.35,1237.33,6487.5,1092.04,2254.2299,26.91,362.88,0.03107,2515.0,259.72,153308.0,140110.0,3493.0,1,1,1,1
2010-06-24,0.13,3.14,76.51,1243.35,6666.5,1073.69,2217.4199,29.74,352.22,0.03104,2502.0,261.62,154505.0,137180.0,3928.0,1,1,1,1
2010-06-25,0.13,3.12,78.86,1255.68,6742.75,1076.76,2223.4799,28.53,352.09,0.03108,2501.0,265.61,161817.0,145754.0,4796.0,1,1,1,1
2010-06-28,0.17,3.05,78.25,1238.94,6840.0,1074.57,2220.6499,29.0,354.11,0.03108,2482.0,263.53,161306.0,150428.0,6463.0,1,1,1,1
2010-06-29,0.15,2.97,75.94,1240.58,6462.5,1041.24,2135.1799,34.13,337.67,0.03098,2447.0,256.27,165156.0,153784.0,3440.0,1,1,1,1
2010-06-30,0.18,2.97,75.63,1242.38,6483.5,1030.71,2109.2399,34.54,332.3,0.03098,2406.0,258.52,173102.0,164515.0,7569.0,1,1,1,1
2010-07-01,0.17,2.96,72.95,1198.69,6299.5,1027.37,2101.3601,32.86,333.11,0.03096,2351.0,256.21,175116.0,173268.0,7698.0,1,1,1,1
2010-07-02,0.17,3.0,72.14,1211.65,6380.0,1022.58,2091.79,30.12,331.6,0.03098,2280.0,254.48,181897.0,178232.0,9112.0,1,1,1,1
2010-07-05,0.17,3.0,72.14,1208.93,6439.75,1022.58,2091.79,30.12,331.6,0.03104,2216.0,254.48,188259.0,182555.0,9817.0,1,1,1,1
2010-07-06,0.17,2.95,71.98,1192.6,6578.0,1028.06,2093.8798,29.65,331.15,0.03106,2127.0,253.5,194899.0,190939.0,7678.0,1,1,1,1
2010-07-07,0.16,3.0,74.07,1202.78,6618.75,1060.27,2159.4699,26.84,347.87,0.03104,2018.0,258.24,191679.0,187813.0,8215.0,1,1,1,1
2010-07-08,0.15,3.04,75.44,1198.25,6592.75,1070.25,2175.3999,25.7099,347.62,0.03107,1940.0,259.51,201872.0,195256.0,6696.0,1,1,1,1
2010-07-09,0.16,3.07,76.09,1211.71,6741.25,1077.96,2196.4499,24.98,351.36,0.03113,1902.0,260.62,204033.0,194657.0,7211.0,0,1,1,1
2010-07-12,0.16,3.08,74.95,1196.85,6609.0,1078.75,2198.3601,24.43,355.33,0.03101,1840.0,258.4,208466.0,198896.0,8409.0,0,0,0,1
2010-07-13,0.15,3.15,77.15,1212.3,6664.75,1095.34,2242.03,24.5599,362.83,0.03096,1790.0,261.91,206921.0,201330.0,9459.0,1,1,1,1
2010-07-14,0.15,3.07,77.04,1208.47,6705.0,1095.17,2249.84,24.8899,361.86,0.03106,1709.0,262.2,208299.0,208338.0,10475.0,1,1,1,1
2010-07-15,0.15,3.0,76.62,1208.3,6661.5,1096.48,2249.08,25.1399,361.09,0.03107,1700.0,264.21,211388.0,212051.0,9822.0,1,1,1,1
2010-07-16,0.15,2.96,76.01,1193.0,6468.75,1064.88,2179.05,26.25,349.16,0.03111,1720.0,262.22,218925.0,217291.0,9617.0,1,1,1,1
2010-07-19,0.17,2.99,76.9,1182.93,6494.75,1071.25,2198.2299,25.9699,357.94,0.0311,1732.0,261.2,222897.0,226933.0,7376.0,1,1,1,1
2010-07-20,0.16,2.98,77.58,1192.2,6625.75,1083.48,2222.4899,23.93,358.13,0.0311,1761.0,261.52,230362.0,234334.0,6777.0,1,1,1,1
2010-07-21,0.16,2.9,76.56,1185.0,6844.0,1069.59,2187.33,25.6399,351.13,0.0311,1781.0,261.53,120307.0,115196.0,6620.0,1,1,1,1
2010-07-22,0.16,2.96,79.3,1194.98,6992.75,1093.67,2245.8898,24.6299,362.66,0.03107,1801.0,266.86,126793.0,126005.0,7436.0,1,1,1,1
2010-07-23,0.16,3.02,78.98,1189.14,7008.0,1102.66,2269.4699,23.4699,364.53,0.0311,1826.0,266.62,132904.0,127820.0,8065.0,1,0,0,1
2010-07-26,0.16,3.03,78.98,1183.5,7126.0,1115.01,2296.4299,22.78,369.5,0.03113,1841.0,266.66,143011.0,140931.0,7082.0,1,0,1,1
2010-07-27,0.15,3.08,77.5,1161.6,7034.25,1113.84,2288.25,23.19,366.08,0.03116,1869.0,264.46,150801.0,148286.0,2139.0,1,1,1,1
2010-07-28,0.15,3.03,76.99,1163.1,7146.25,1106.13,2264.56,24.25,359.47,0.03118,1901.0,266.16,162102.0,157285.0,8085.0,1,1,1,1
2010-07-29,0.15,3.03,78.36,1168.1,7208.25,1101.53,2251.6899,24.1299,352.52,0.03118,1942.0,270.2,168087.0,175671.0,6234.0,0,0,0,1
2010-07-30,0.15,2.94,78.95,1181.0,7273.5,1101.6,2254.6999,23.5,348.81,0.0312,1967.0,274.35,168312.0,177816.0,8197.0,0,0,0,1
2010-08-02,0.16,2.99,81.34,1182.75,7485.0,1125.86,2295.3601,22.01,354.94,0.03138,1977.0,276.85,177721.0,181137.0,8127.0,0,0,0,1
2010-08-03,0.16,2.94,82.55,1186.25,7398.25,1120.46,2283.52,22.6299,351.25,0.0314,1964.0,276.63,180312.0,183755.0,7024.0,0,0,0,1
2010-08-04,0.16,2.98,82.47,1194.83,7477.5,1127.24,2303.57,22.2099,354.71,0.03138,1957.0,278.98,188918.0,192073.0,7524.0,0,0,0,1
2010-08-05,0.15,2.94,82.01,1194.96,7371.0,1125.81,2293.06,22.1,352.44,0.0314,1978.0,277.67,194873.0,197706.0,5669.0,0,0,0,1
2010-08-06,0.15,2.86,80.7,1205.4,7344.75,1121.64,2288.4699,21.74,351.75,0.03143,2030.0,274.71,201855.0,200053.0,5060.0,0,0,0,0
2010-08-09,0.15,2.86,81.48,1201.23,7399.0,1127.79,2305.6899,22.1399,354.05,0.03146,2114.0,274.59,196276.0,199565.0,7123.0,0,0,0,1
2010-08-10,0.15,2.79,80.25,1204.3,7273.5,1121.06,2277.1699,22.37,344.74,0.03139,2212.0,272.28,204708.0,217414.0,4967.0,0,0,1,1
2010-08-11,0.15,2.72,78.02,1198.15,7172.75,1089.47,2208.6298,25.3899,330.06,0.03137,2378.0,268.83,217542.0,234893.0,4142.0,0,1,1,1
2010-08-12,0.16,2.74,75.74,1213.95,7230.25,1083.61,2190.27,25.73,325.75,0.03126,2437.0,268.91,217224.0,250768.0,1932.0,1,1,1,1
2010-08-13,0.15,2.68,75.39,1215.43,7132.25,1079.25,2173.4799,26.24,322.74,0.03129,2468.0,268.79,220501.0,256375.0,2949.0,0,0,1,1
2010-08-16,0.16,2.58,75.24,1225.35,7224.5,1079.38,2181.8701,26.1,324.26,0.03124,2488.0,268.11,219863.0,266905.0,4017.0,0,1,1,1
2010-08-17,0.17,2.64,75.77,1224.83,7359.25,1092.54,2209.4399,24.33,328.6,0.03128,2515.0,270.19,234059.0,278579.0,5527.0,0,0,1,1
2010-08-18,0.16,2.64,75.42,1229.3,7368.75,1094.16,2215.6999,24.59,332.1,0.03128,2558.0,269.9,134939.0,150999.0,2842.0,0,0,1,1
2010-08-19,0.16,2.58,74.77,1231.96,7286.25,1075.63,2178.9499,26.44,326.42,0.03132,2644.0,268.22,143366.0,162097.0,4209.0,0,1,1,1
2010-08-20,0.15,2.62,73.82,1227.89,7236.5,1071.69,2179.76,25.49,327.88,0.03131,2756.0,267.01,148190.0,170921.0,3511.0,0,1,1,1
2010-08-23,0.16,2.6,73.1,1226.15,7235.0,1067.36,2159.6298,25.66,323.78,0.03128,2841.0,266.03,157802.0,183045.0,2849.0,0,1,1,1
2010-08-24,0.16,2.5,71.63,1230.5,7115.75,1051.87,2123.76,27.4599,318.41,0.03117,2861.0,262.46,158545.0,207739.0,-462.0,0,1,1,1
2010-08-25,0.16,2.54,72.52,1240.15,7080.75,1055.33,2141.54,26.7,321.5,0.0312,2773.0,261.8,169801.0,231758.0,-2557.0,1,1,1,1
2010-08-26,0.16,2.5,73.36,1237.6,7291.5,1047.22,2118.6899,27.37,315.23,0.03121,2703.0,264.04,177320.0,240077.0,-1742.0,1,1,1,1
2010-08-27,0.15,2.66,75.17,1237.83,7447.25,1064.59,2153.6298,24.45,321.76,0.03122,2712.0,267.27,192554.0,247103.0,-1640.0,0,1,1,1
2010-08-30,0.14,2.54,74.7,1237.0,7447.25,1048.92,2119.9699,27.2099,313.58,0.03119,2712.0,267.76,175607.0,250623.0,1011.0,0,1,1,1
2010-08-31,0.14,2.47,71.92,1247.4,7426.25,1049.33,2114.03,26.0499,307.49,0.03115,2713.0,264.19,182684.0,273115.0,355.0,1,1,1,1
2010-09-01,0.13,2.58,73.91,1244.3,7593.25,1080.29,2176.84,23.8899,316.75,0.03118,2741.0,268.51,193305.0,279178.0,1789.0,1,1,1,1
2010-09-02,0.14,2.63,75.02,1251.06,7623.25,1090.1,2200.01,23.19,323.32,0.03121,2835.0,271.15,212710.0,294912.0,3425.0,1,1,1,1
2010-09-03,0.14,2.72,74.6,1246.55,7633.25,1104.51,2233.75,21.3099,328.71,0.03123,2876.0,272.77,210959.0,302440.0,5344.0,1,1,1,1
2010-09-06,0.14,2.72,74.6,1249.95,7693.5,1104.51,2233.75,21.3099,328.71,0.0313,2881.0,272.77,217182.0,312145.0,5191.0,1,1,1,1
2010-09-07,0.14,2.61,74.09,1255.7,7614.0,1091.84,2208.8898,23.7999,322.31,0.03123,2918.0,273.81,226897.0,313206.0,6438.0,1,1,1,1
2010-09-08,0.14,2.66,74.67,1254.95,7659.75,1098.87,2228.8701,23.25,320.9,0.03127,2975.0,274.27,241307.0,326587.0,5519.0,1,1,1,1
2010-09-09,0.14,2.77,74.25,1243.6,7540.75,1104.18,2236.1999,22.8099,321.08,0.03131,2988.0,273.21,245467.0,336025.0,3883.0,1,1,1,1
2010-09-10,0.14,2.81,76.45,1245.98,7471.75,1109.55,2242.4799,21.99,316.57,0.03134,2995.0,275.14,252181.0,351904.0,5268.0,1,1,1,1
2010-09-13,0.15,2.74,77.19,1245.55,7617.75,1121.9,2285.7099,21.2099,327.17,0.0314,2976.0,277.56,285047.0,382560.0,796.0,0,1,1,1
2010-09-14,0.15,2.68,76.8,1268.33,7641.5,1121.1,2289.77,21.5599,332.76,0.03143,2940.0,280.13,302170.0,405284.0,1101.0,0,1,1,1
2010-09-15,0.15,2.74,76.02,1268.15,7604.0,1125.07,2301.32,22.1,331.64,0.03145,2840.0,279.05,79761.0,128376.0,660.0,0,1,1,1
2010-09-16,0.16,2.77,74.57,1275.25,7689.25,1124.66,2303.25,21.7199,334.24,0.03145,2737.0,278.69,91600.0,141544.0,-3487.0,0,1,1,1
2010-09-17,0.16,2.75,73.66,1274.18,7711.0,1125.59,2315.6101,22.01,334.35,0.03151,2676.0,279.65,107962.0,150918.0,-4221.0,1,1,1,1
2010-09-20,0.17,2.72,76.19,1278.25,7703.5,1142.71,2355.83,21.5,336.12,0.03149,2628.0,279.64,117698.0,157153.0,-3392.0,1,1,1,1
2010-09-21,0.17,2.61,74.97,1287.38,7668.5,1139.78,2349.35,22.35,335.29,0.03148,2562.0,278.36,134781.0,168327.0,-6226.0,1,1,1,1
2010-09-23,0.16,2.56,75.18,1292.4,7883.0,1124.83,2327.08,23.87,332.83,0.03165,2461.0,280.14,141905.0,178088.0,-5712.0,1,1,1,1
2010-09-24,0.15,2.62,76.49,1296.63,7946.0,1148.67,2381.2199,21.7099,346.14,0.03163,2444.0,283.63,142011.0,189283.0,-8547.0,1,1,1,1
2010-09-27,0.16,2.54,76.52,1294.5,7907.5,1142.16,2369.77,22.54,343.8,0.03178,2451.0,284.14,149637.0,194866.0,-9717.0,0,1,1,0
2010-09-28,0.16,2.48,76.18,1308.95,7947.0,1147.7,2379.59,22.6,349.46,0.03175,2504.0,284.35,148541.0,205320.0,-6539.0,1,1,1,1
2010-09-29,0.16,2.52,77.86,1309.8,8059.0,1144.73,2376.56,23.25,351.79,0.03187,2468.0,285.93,155341.0,214537.0,-8521.0,1,1,1,0
2010-09-30,0.16,2.53,79.97,1308.54,8006.0,1141.2,2368.6201,23.7,349.24,0.03192,2446.0,286.86,157956.0,221110.0,-7406.0,0,1,0,0
2010-10-01,0.16,2.54,81.58,1319.03,8088.0,1146.24,2370.75,22.5,348.06,0.03194,2452.0,285.69,162433.0,232539.0,-9036.0,0,0,0,0
2010-10-04,0.13,2.5,81.47,1315.35,8048.5,1137.03,2344.52,23.53,343.12,0.032,2478.0,283.99,170753.0,246577.0,-9935.0,0,0,0,0
2010-10-05,0.12,2.5,82.82,1340.54,8159.25,1160.75,2399.83,21.76,350.91,0.032,2569.0,288.42,166980.0,258105.0,-8460.0,1,1,1,0
2010-10-06,0.13,2.41,83.23,1349.01,8241.0,1159.97,2380.6599,21.49,345.34,0.03212,2639.0,289.15,174300.0,269843.0,-8668.0,0,0,0,0
2010-10-07,0.13,2.41,81.67,1333.55,8086.75,1158.06,2383.6699,21.5599,346.83,0.03221,2662.0,287.3,176865.0,285503.0,-8984.0,0,0,0,0
2010-10-08,0.12,2.41,82.66,1346.85,8304.0,1165.15,2401.9099,20.7099,350.15,0.03216,2696.0,295.11,188472.0,293657.0,-10897.0,1,1,1,0
2010-10-11,0.124,2.389,82.21,1354.15,8283.0,1165.32,2402.33,18.9599,352.67,0.03226,2695.0,296.37,188918.0,300669.0,-10456.0,1,1,0,0
2010-10-12,0.13,2.44,81.67,1350.55,8340.25,1169.77,2417.9199,18.93,355.32,0.03219,2719.0,297.83,203023.0,319440.0,-9575.0,1,1,0,0
2010-10-13,0.13,2.46,83.01,1372.28,8353.0,1178.1,2441.2299,19.07,355.66,0.0323,2748.0,299.74,203315.0,323086.0,-8443.0,1,1,0,0
2010-10-14,0.14,2.52,82.69,1381.25,8387.25,1173.81,2435.3798,19.8799,354.83,0.0325,2769.0,299.93,210480.0,335843.0,-7672.0,0,0,0,0
2010-10-15,0.14,2.59,81.25,1368.4,8381.0,1176.19,2468.77,19.03,357.12,0.03247,2762.0,296.06,220064.0,351363.0,-8688.0,0,0,0,0
2010-10-18,0.15,2.52,83.08,1368.6,8426.0,1184.71,2480.6599,19.09,354.57,0.03238,2756.0,298.74,225789.0,368178.0,-11059.0,1,1,0,0
2010-10-19,0.14,2.5,80.16,1332.0,8240.75,1165.9,2436.9499,20.6299,349.62,0.03236,2744.0,292.98,233459.0,382998.0,-10522.0,1,0,0,0
2010-10-20,0.14,2.51,82.54,1346.04,8320.0,1178.17,2457.3898,19.79,351.78,0.03233,2729.0,299.0,100987.0,159893.0,-3773.0,0,0,0,0
2010-10-21,0.13,2.57,80.56,1325.72,8290.0,1180.26,2459.6699,19.27,349.86,0.03239,2720.0,295.55,108869.0,181352.0,-5511.0,0,0,0,0
2010-10-22,0.13,2.59,81.69,1328.55,8318.0,1183.08,2479.3898,18.78,356.94,0.03235,2727.0,297.23,113790.0,190543.0,-2271.0,0,0,0,0
2010-10-25,0.14,2.59,82.52,1339.91,8507.5,1185.62,2490.85,19.85,360.78,0.03254,2748.0,300.31,135798.0,201494.0,-1708.0,0,0,0,0
2010-10-26,0.14,2.67,82.55,1340.54,8503.25,1185.64,2497.29,20.2199,359.36,0.03251,2778.0,301.29,148173.0,214643.0,-1985.0,0,0,0,0
2010-10-27,0.14,2.75,81.94,1325.3,8291.25,1182.45,2503.26,20.7099,370.45,0.03236,2784.0,299.14,149654.0,236811.0,-433.0,0,0,0,0
2010-10-28,0.13,2.69,82.18,1343.91,8329.5,1183.78,2507.3701,20.8799,370.34,0.03244,2707.0,299.89,157078.0,251650.0,-661.0,0,0,0,0
2010-10-29,0.12,2.63,81.43,1359.4,8186.75,1183.26,2507.4099,21.2,372.64,0.03249,2678.0,300.67,167596.0,271784.0,-1053.0,0,0,0,0
2010-11-01,0.13,2.66,82.95,1353.83,8287.0,1184.38,2504.84,21.83,371.45,0.03258,2648.0,301.53,212215.0,287807.0,-1355.0,0,0,0,0
2010-11-02,0.13,2.63,83.9,1357.5,8423.5,1193.57,2533.52,21.57,374.19,0.03256,2600.0,304.98,233675.0,310209.0,-4830.0,0,0,0,0
2010-11-03,0.13,2.67,84.69,1348.54,8309.0,1197.96,2540.27,19.5599,377.81,0.03263,2542.0,305.07,244953.0,325931.0,-5759.0,0,0,0,0
2010-11-04,0.13,2.53,86.49,1392.53,8594.5,1221.06,2577.34,18.52,389.75,0.03269,2510.0,312.3,260783.0,324688.0,-6443.0,0,0,0,0
2010-11-05,0.13,2.58,86.85,1393.63,8652.5,1225.85,2578.9799,18.26,392.02,0.03272,2495.0,313.56,277757.0,330247.0,-8440.0,0,0,0,0
2010-11-08,0.13,2.6,87.06,1409.43,8665.0,1223.25,2580.05,18.29,391.88,0.03264,2482.0,315.25,284635.0,332839.0,-9904.0,0,0,0,0
2010-11-09,0.13,2.72,86.72,1393.14,8864.0,1213.4,2562.9799,19.08,387.32,0.03265,2476.0,319.11,285101.0,334515.0,-8827.0,0,0,0,0
2010-11-10,0.13,2.65,87.81,1403.98,8767.0,1218.71,2578.78,18.4699,387.34,0.03268,2454.0,317.11,288764.0,347794.0,-10347.0,0,0,0,0
2010-11-11,0.13,2.65,87.81,1408.8,8835.25,1213.54,2555.52,18.6399,382.49,0.03275,2366.0,314.85,295116.0,352719.0,-11676.0,0,0,0,0
2010-11-12,0.13,2.76,84.88,1368.75,8628.0,1199.21,2518.2099,20.61,382.61,0.03251,2313.0,303.6,310014.0,378981.0,-13963.0,0,0,0,0
2010-11-15,0.14,2.92,84.86,1360.58,8670.0,1197.75,2513.82,20.2,379.57,0.03254,2261.0,306.02,323714.0,387037.0,-13193.0,0,0,0,0
2010-11-16,0.15,2.85,82.34,1339.63,8167.5,1178.34,2469.84,22.58,374.07,0.03254,2219.0,296.22,339361.0,416867.0,-10456.0,0,0,0,0
2010-11-17,0.14,2.89,80.44,1336.05,8224.0,1178.59,2476.01,21.76,373.85,0.03247,2188.0,295.43,150935.0,195807.0,-9441.0,0,0,0,0
2010-11-18,0.15,2.9,82.42,1353.43,8446.0,1196.69,2514.3999,18.75,380.96,0.03254,2164.0,302.51,173326.0,203972.0,-13624.0,0,0,0,0
2010-11-19,0.14,2.88,81.98,1353.63,8427.0,1199.73,2518.1201,18.04,387.09,0.0326,2155.0,298.89,186210.0,210656.0,-13107.0,0,0,0,0
2010-11-22,0.15,2.8,81.74,1366.8,8313.0,1197.84,2532.02,18.37,391.33,0.03265,2179.0,298.02,197804.0,217819.0,-10251.0,0,0,0,0
2010-11-23,0.15,2.77,81.25,1376.45,8168.0,1180.73,2494.9499,20.6299,388.27,0.03247,2199.0,297.69,211327.0,234782.0,-10671.0,0,0,0,0
2010-11-24,0.16,2.93,83.86,1373.31,8285.0,1198.35,2543.1201,19.5599,398.71,0.03247,2213.0,302.34,223185.0,253804.0,-11502.0,0,0,0,0
2010-11-25,0.16,2.93,83.86,1375.35,8388.0,1198.35,2543.1201,19.5599,398.71,0.03247,2200.0,302.34,226090.0,256123.0,-11005.0,0,0,0,0
2010-11-26,0.16,2.87,83.76,1363.8,8287.0,1189.4,2534.56,22.2199,396.03,0.03244,2170.0,301.13,238218.0,276495.0,-10082.0,1,0,0,0
2010-11-29,0.18,2.84,85.73,1366.31,8266.5,1187.76,2525.2199,21.53,395.15,0.03247,2145.0,302.89,255298.0,297790.0,-4992.0,0,0,0,0
2010-11-30,0.17,2.81,84.11,1386.23,8417.5,1180.55,2498.2299,23.54,390.12,0.03241,2099.0,301.41,268993.0,317780.0,-2390.0,0,0,0,0
2010-12-01,0.16,2.97,86.75,1387.9,8648.5,1206.07,2549.4299,21.36,403.07,0.03241,2096.0,308.91,289581.0,330332.0,-148.0,0,0,0,0
2010-12-02,0.16,3.01,88.0,1385.15,8774.5,1221.53,2579.35,19.3899,410.56,0.03248,2133.0,312.1,301485.0,339639.0,-4269.0,0,0,0,0
2010-12-03,0.14,3.03,89.19,1414.08,8767.0,1224.71,2591.4599,18.01,412.43,0.03253,2168.0,316.16,310073.0,360985.0,-2146.0,0,0,0,0
2010-12-06,0.15,2.95,89.38,1423.75,8815.5,1223.12,2594.9199,18.02,411.77,0.03265,2179.0,317.29,325069.0,368291.0,-3318.0,0,0,0,0
2010-12-07,0.14,3.15,88.69,1402.08,8910.25,1223.75,2598.4899,17.99,411.51,0.03265,2173.0,315.62,335044.0,391757.0,-4695.0,0,0,0,0
2010-12-08,0.15,3.26,88.28,1382.03,9047.25,1228.28,2609.1599,17.74,415.43,0.03257,2144.0,316.87,347147.0,413188.0,-3985.0,0,0,0,0
2010-12-09,0.14,3.23,88.37,1387.11,8987.5,1233.0,2616.6699,17.25,416.4,0.03273,2111.0,316.09,357122.0,424675.0,-8003.0,0,0,0,0
2010-12-10,0.13,3.32,87.79,1386.13,9033.0,1240.4,2637.54,17.61,416.69,0.0327,2095.0,314.91,370923.0,434138.0,-11586.0,0,0,0,0
2010-12-13,0.15,3.29,88.61,1394.13,9295.0,1240.46,2624.9099,17.5499,413.2,0.03268,2076.0,319.87,383406.0,447804.0,-10425.0,0,0,1,1
2010-12-14,0.15,3.49,88.28,1396.2,9221.5,1241.59,2627.7199,17.61,410.67,0.03284,2069.0,319.51,411475.0,484710.0,-14755.0,1,1,1,1
2010-12-15,0.14,3.53,88.62,1380.84,9140.0,1235.23,2617.2199,17.94,406.03,0.03279,2047.0,318.84,205900.0,221020.0,-3312.0,1,1,1,1
2010-12-16,0.13,3.47,87.7,1370.18,9030.5,1242.87,2637.31,17.3899,408.71,0.03274,2028.0,317.34,228976.0,244236.0,-6120.0,1,1,1,1
2010-12-17,0.11,3.33,88.02,1375.38,9111.0,1243.91,2642.9699,16.11,411.44,0.03278,1999.0,320.62,248166.0,263402.0,-4692.0,1,0,1,1
2010-12-20,0.14,3.36,89.37,1385.3,9236.0,1247.08,2649.56,16.41,410.24,0.03268,1955.0,324.27,261894.0,278779.0,-5734.0,1,0,1,1
2010-12-21,0.14,3.35,89.82,1385.6,9405.0,1254.6,2667.6101,16.49,412.96,0.03268,1886.0,326.8,271103.0,282841.0,-4285.0,1,0,1,1
2010-12-22,0.14,3.36,90.48,1385.3,9403.0,1258.84,2671.4799,15.45,413.09,0.03267,1830.0,328.11,279028.0,293028.0,-5421.0,0,0,0,0
2010-12-23,0.14,3.41,91.51,1380.0,9349.0,1256.77,2665.6,16.4699,411.78,0.0328,1795.0,329.38,288082.0,300683.0,-4617.0,0,0,0,0
2010-12-24,0.14,3.41,91.51,1384.65,9397.0,1256.77,2665.6,16.4699,411.78,0.0328,1773.0,329.38,291861.0,307422.0,-7111.0,0,0,0,1
2010-12-27,0.17,3.36,91.0,1383.78,9397.0,1257.54,2667.27,17.67,412.27,0.03287,1773.0,329.11,299319.0,309988.0,-8706.0,0,0,0,0
2010-12-28,0.15,3.5,91.49,1405.95,9397.0,1258.51,2662.8798,17.52,410.66,0.0329,1773.0,331.43,305183.0,314827.0,-9843.0,0,0,0,0
2010-12-29,0.13,3.35,91.12,1411.78,9447.0,1259.78,2666.9299,17.28,411.2,0.03293,1773.0,330.71,309557.0,316438.0,-10176.0,0,0,0,1
2010-12-30,0.12,3.38,89.84,1404.65,9541.5,1257.88,2662.9799,17.52,412.3,0.03309,1773.0,327.11,314951.0,318441.0,-10751.0,0,1,1,1
2010-12-31,0.12,3.3,91.38,1421.4,9650.0,1257.64,2652.8701,17.75,411.82,0.03293,1773.0,332.8,314655.0,324747.0,-11426.0,0,0,0,1
2011-01-03,0.15,3.36,91.55,1414.8,9650.0,1271.89,2691.52,17.61,415.05,0.03311,1773.0,333.02,322151.0,338605.0,-12611.0,0,1,1,1
2011-01-04,0.14,3.36,89.38,1380.5,9624.75,1270.2,2681.25,17.3799,415.58,0.03311,1693.0,327.73,349984.0,354362.0,-14207.0,0,1,1,1
2011-01-05,0.14,3.5,90.3,1378.25,9587.0,1276.56,2702.1999,17.02,417.09,0.0331,1621.0,329.2,363107.0,353216.0,-15303.0,1,1,1,1
2011-01-06,0.15,3.44,88.38,1371.56,9490.5,1273.85,2709.8898,17.4,424.77,0.03322,1544.0,325.07,366476.0,358740.0,-15135.0,1,1,1,1
2011-01-07,0.14,3.34,88.03,1369.54,9433.0,1271.5,2703.1699,17.1399,425.76,0.03356,1519.0,323.94,372991.0,369660.0,-11883.0,1,1,1,1
2011-01-10,0.15,3.32,89.25,1375.71,9329.5,1269.75,2707.8,17.54,430.17,0.03356,1495.0,326.85,386924.0,376459.0,-9186.0,1,1,1,1
2011-01-11,0.15,3.37,91.11,1381.58,9521.5,1274.48,2716.83,16.8899,431.52,0.03367,1480.0,331.46,409906.0,384077.0,-7542.0,1,1,1,1
2011-01-12,0.15,3.4,91.86,1387.9,9695.25,1285.96,2737.33,16.24,440.01,0.03378,1453.0,334.88,416765.0,394369.0,-11930.0,1,1,1,1
2011-01-13,0.15,3.34,91.4,1373.6,9622.0,1283.76,2735.29,16.3899,439.82,0.03378,1438.0,333.0,429108.0,405563.0,-12340.0,1,1,1,1
2011-01-14,0.15,3.35,91.02,1361.85,9661.75,1293.24,2755.3,15.46,451.59,0.03378,1439.0,333.06,439306.0,416010.0,-12655.0,1,1,1,1
2011-01-17,0.15,3.35,91.54,1361.61,9648.0,1293.24,2755.3,15.46,451.59,0.0339,1439.0,333.06,457404.0,431104.0,-14739.0,1,0,0,1
2011-01-18,0.16,3.39,91.38,1368.34,9723.5,1295.02,2765.85,15.87,449.93,0.03396,1432.0,333.78,490379.0,438578.0,-15003.0,1,0,0,1
2011-01-19,0.16,3.37,90.86,1369.86,9592.0,1281.92,2725.3601,17.3099,439.33,0.03396,1411.0,333.43,301625.0,275196.0,-6522.0,1,0,0,0
2011-01-20,0.16,3.47,89.59,1346.25,9368.0,1280.26,2704.29,17.99,434.77,0.03394,1393.0,331.9,311928.0,298427.0,-9557.0,0,0,0,0
2011-01-21,0.16,3.44,89.11,1342.68,9459.5,1283.35,2689.54,18.4699,431.65,0.03399,1370.0,333.99,314717.0,311120.0,-11890.0,0,0,0,0
2011-01-24,0.16,3.43,87.87,1334.4,9544.75,1290.84,2717.55,17.65,442.42,0.03411,1345.0,332.7,323827.0,330198.0,-11236.0,0,0,0,0
2011-01-25,0.16,3.35,86.19,1332.43,9261.0,1291.18,2719.25,17.59,439.12,0.03414,1292.0,327.57,334457.0,337265.0,-12344.0,0,0,0,0
2011-01-26,0.16,3.45,87.33,1346.0,9338.5,1296.63,2739.5,16.6399,442.94,0.03413,1234.0,332.83,350090.0,352458.0,-9456.0,0,0,0,0
2011-01-27,0.15,3.42,85.64,1313.53,9451.5,1299.54,2755.28,16.15,451.28,0.03412,1186.0,331.39,364184.0,368130.0,-10440.0,0,0,0,0
2011-01-28,0.15,3.36,89.34,1336.78,9544.5,1276.34,2686.8898,20.04,438.61,0.03415,1137.0,335.44,400368.0,389361.0,-12201.0,0,0,0,0
2011-02-08,0.15,3.75,86.94,1363.98,10070.0,1324.57,2797.05,15.81,460.9,0.03429,1064.0,337.25,405359.0,408923.0,-16836.0,0,0,0,0
2011-02-09,0.14,3.65,86.71,1363.73,9933.0,1320.88,2789.07,15.87,457.6,0.03436,1092.0,339.43,416433.0,434264.0,-21273.0,0,0,0,0
2011-02-10,0.12,3.7,86.73,1363.8,9949.5,1321.87,2790.4499,16.09,459.25,0.03434,1136.0,339.95,431468.0,447807.0,-26440.0,1,1,1,1
2011-02-11,0.12,3.64,85.58,1356.95,9975.25,1329.15,2809.4399,15.69,462.82,0.03421,1178.0,337.78,463238.0,462939.0,-19987.0,0,1,1,1
2011-02-14,0.13,3.62,84.81,1361.78,10179.5,1332.32,2817.1799,15.95,466.4,0.0341,1206.0,338.67,492310.0,457224.0,-16296.0,0,0,1,1
2011-02-15,0.13,3.61,84.32,1373.85,10027.25,1328.01,2804.35,16.37,461.38,0.03393,1236.0,336.29,526458.0,498918.0,-12142.0,1,1,1,1
2011-02-16,0.12,3.62,84.99,1374.39,9848.0,1336.32,2825.56,16.7199,466.56,0.03393,1271.0,338.21,291762.0,311437.0,-12433.0,0,0,1,1
2011-02-17,0.09,3.58,86.36,1384.08,9814.25,1340.43,2831.58,16.59,473.22,0.03398,1292.0,341.27,346478.0,329290.0,-8085.0,0,1,1,1
2011-02-18,0.1,3.59,86.2,1389.99,9867.0,1343.01,2833.9499,16.43,471.46,0.034,1301.0,341.78,375943.0,332641.0,-8682.0,1,1,1,1
2011-02-21,0.1,3.59,86.2,1406.45,9814.0,1343.01,2833.9499,16.43,471.46,0.03405,1295.0,341.78,382950.0,345979.0,-8023.0,0,0,1,1
2011-02-22,0.12,3.46,95.42,1399.14,9576.0,1315.44,2756.4199,20.7999,452.81,0.03383,1279.0,344.36,394291.0,362351.0,-5299.0,1,1,1,1
2011-02-23,0.12,3.49,98.1,1411.64,9421.0,1307.4,2722.9899,22.1299,444.27,0.03382,1253.0,347.81,417591.0,374919.0,-5160.0,1,1,1,1
2011-02-24,0.13,3.46,97.28,1402.66,9504.0,1306.1,2737.8999,21.32,451.9,0.0336,1242.0,345.85,439113.0,382476.0,-3835.0,0,0,1,1
2011-02-25,0.13,3.42,97.88,1410.65,9766.0,1319.88,2781.05,19.2199,463.69,0.03361,1245.0,351.29,472756.0,399474.0,-5146.0,0,0,1,1
2011-03-01,0.14,3.41,99.63,1433.38,9848.5,1306.33,2737.4099,21.01,449.78,0.03372,1262.0,355.18,482630.0,411496.0,-3553.0,0,0,1,1
2011-03-02,0.13,3.46,102.23,1434.4,9876.5,1308.44,2748.07,20.7,456.09,0.03371,1281.0,359.12,489343.0,430276.0,-532.0,0,1,1,1
2011-03-03,0.13,3.58,101.91,1415.88,9903.5,1330.97,2798.7399,18.6,464.77,0.03385,1317.0,360.56,497948.0,437616.0,219.0,0,1,1,1
2011-03-04,0.12,3.49,104.42,1430.95,9886.5,1321.15,2784.6699,19.0599,459.82,0.03394,1346.0,362.88,516225.0,444965.0,1449.0,0,1,1,1
2011-03-07,0.11,3.51,105.44,1432.05,9489.0,1310.13,2745.6298,20.66,447.35,0.03398,1382.0,362.89,523508.0,452053.0,726.0,0,1,1,1
2011-03-08,0.11,3.56,105.02,1428.88,9518.0,1321.82,2765.77,19.82,447.94,0.03397,1424.0,361.09,526405.0,462873.0,-418.0,0,1,1,1
2011-03-09,0.1,3.48,104.38,1430.75,9257.0,1320.02,2751.7199,20.2199,434.35,0.03402,1472.0,360.23,533730.0,471623.0,2209.0,0,1,1,1
2011-03-10,0.08,3.37,102.7,1411.85,9173.0,1295.11,2701.02,21.79,423.73,0.03389,1538.0,354.45,535667.0,480465.0,-2529.0,0,1,1,1
2011-03-11,0.08,3.4,101.16,1417.65,9172.0,1304.28,2715.6101,20.08,427.91,0.03378,1562.0,351.88,553364.0,492226.0,-800.0,0,1,1,1
2011-03-14,0.09,3.36,102.19,1426.43,9172.75,1296.39,2700.9699,21.1299,427.17,0.03389,1559.0,350.61,569704.0,506474.0,1589.0,0,1,1,1
2011-03-15,0.1,3.33,97.98,1395.7,9110.5,1281.87,2667.33,24.32,421.79,0.03383,1548.0,338.14,598396.0,553278.0,13704.0,1,1,1,1
2011-03-16,0.1,3.22,98.95,1399.03,9258.0,1256.88,2616.82,29.4,412.44,0.03383,1538.0,338.17,239470.0,297251.0,5695.0,1,1,1,1
2011-03-17,0.08,3.25,102.39,1403.81,9564.5,1273.72,2636.05,26.37,417.97,0.03381,1533.0,348.67,260511.0,315756.0,7287.0,1,1,1,1
2011-03-18,0.07,3.28,101.07,1418.56,9512.5,1279.2,2643.6699,24.44,419.2,0.03378,1531.0,351.15,270658.0,311779.0,6601.0,0,0,1,1
2011-03-21,0.1,3.34,103.09,1427.79,9390.5,1298.38,2692.09,20.61,426.79,0.03382,1531.0,353.24,296388.0,316606.0,9183.0,0,0,1,1
2011-03-22,0.1,3.34,104.97,1427.85,9482.5,1293.77,2683.8701,20.2099,422.91,0.03385,1543.0,356.45,305057.0,318161.0,11294.0,1,1,1,1
2011-03-23,0.09,3.36,105.75,1437.43,9718.5,1297.54,2698.3,19.17,426.94,0.0338,1565.0,357.03,310936.0,321601.0,13994.0,1,1,1,1
2011-03-24,0.09,3.42,105.6,1430.43,9704.75,1309.66,2736.4199,18.0,437.41,0.0338,1583.0,358.48,316758.0,324958.0,15183.0,1,1,1,1
2011-03-25,0.09,3.46,105.4,1429.88,9672.5,1313.8,2743.06,17.91,436.27,0.03391,1585.0,359.57,330923.0,333248.0,18932.0,1,1,1,1
2011-03-28,0.11,3.47,103.98,1420.3,9520.5,1310.19,2730.6799,19.44,436.75,0.0339,1585.0,354.86,334708.0,341128.0,18312.0,1,1,1,1
2011-03-29,0.1,3.5,104.79,1418.45,9569.0,1319.44,2756.8898,18.16,441.04,0.03392,1572.0,354.01,341353.0,347969.0,18233.0,0,0,0,0
2011-03-30,0.1,3.47,104.27,1422.98,9363.5,1328.26,2776.79,17.7099,441.38,0.03389,1545.0,353.76,370821.0,354555.0,19113.0,0,0,0,0
2011-03-31,0.09,3.47,106.72,1432.2,9413.25,1325.83,2781.07,17.74,437.36,0.03399,1530.0,359.43,384870.0,369365.0,20066.0,0,0,0,0
2011-04-01,0.07,3.46,107.94,1428.73,9343.25,1332.41,2789.6,17.4,432.85,0.03411,1520.0,360.89,404160.0,379443.0,20860.0,0,0,1,1
2011-04-06,0.06,3.56,108.83,1459.75,9586.0,1335.54,2799.82,16.9,445.5,0.03431,1430.0,363.46,409373.0,394439.0,20657.0,0,0,0,1
2011-04-07,0.04,3.58,110.3,1458.2,9650.5,1333.51,2796.1398,17.11,443.25,0.03442,1401.0,364.48,409743.0,408350.0,20448.0,0,0,0,1
2011-04-08,0.04,3.59,112.79,1474.91,9855.5,1328.17,2780.4199,17.87,439.58,0.03449,1376.0,368.7,407146.0,409558.0,16653.0,0,0,0,1
2011-04-11,0.05,3.59,109.92,1463.15,9836.5,1324.46,2771.51,16.59,435.88,0.03449,1359.0,366.0,415526.0,419120.0,17957.0,0,0,0,1
2011-04-12,0.05,3.52,106.25,1452.98,9603.75,1314.16,2744.79,17.09,426.78,0.03435,1342.0,359.05,447942.0,438710.0,16238.0,0,0,1,1
2011-04-13,0.06,3.49,107.11,1457.36,9488.25,1314.41,2761.52,16.92,427.89,0.03438,1324.0,359.55,452866.0,450961.0,16210.0,0,0,1,1
2011-04-14,0.07,3.51,108.11,1474.15,9389.25,1314.52,2760.2199,16.27,428.41,0.03443,1309.0,360.66,452736.0,467524.0,12141.0,0,0,1,1
2011-04-15,0.07,3.43,109.66,1486.88,9384.25,1319.68,2764.6499,15.32,431.23,0.03442,1296.0,362.78,448352.0,483525.0,13094.0,0,1,1,1
2011-04-18,0.07,3.4,107.12,1495.3,9203.5,1305.14,2735.3798,16.9599,423.44,0.03438,1284.0,359.42,450054.0,491307.0,16023.0,1,1,1,1
2011-04-19,0.06,3.39,108.15,1496.4,9317.75,1312.62,2744.9699,15.83,425.26,0.03433,1271.0,360.83,469127.0,514114.0,10419.0,1,1,1,1
2011-04-20,0.06,3.43,111.45,1502.4,9555.25,1330.36,2802.51,15.07,443.42,0.03445,1262.0,365.54,198050.0,242405.0,10708.0,0,1,1,1
2011-04-21,0.06,3.42,112.29,1504.88,9681.5,1337.38,2820.1599,14.69,443.2,0.03457,1254.0,367.44,208527.0,254264.0,9674.0,1,1,1,1
2011-04-22,0.06,3.42,111.45,1507.04,9681.5,1337.38,2820.1599,14.69,443.2,0.03457,1254.0,367.44,224453.0,263683.0,5940.0,0,0,1,1
2011-04-25,0.07,3.39,112.28,1507.23,9681.5,1335.25,2825.8798,15.77,443.41,0.03457,1254.0,366.56,223810.0,271276.0,4853.0,0,0,1,1
2011-04-26,0.07,3.34,112.21,1506.25,9520.5,1347.24,2847.54,15.62,450.48,0.03456,1250.0,366.19,229301.0,273172.0,5197.0,0,1,1,1
2011-04-27,0.06,3.39,112.76,1527.05,9297.0,1355.66,2869.8798,15.35,450.64,0.0346,1259.0,365.82,237330.0,285158.0,4062.0,0,1,1,1
2011-04-28,0.04,3.34,112.86,1536.2,9296.0,1360.48,2872.53,14.62,447.54,0.03477,1269.0,366.31,256363.0,287545.0,3983.0,1,1,1,1
2011-04-29,0.04,3.32,113.93,1563.7,9296.0,1363.61,2873.54,14.75,449.56,0.03477,1269.0,370.56,264953.0,295861.0,3047.0,0,1,1,1
2011-05-03,0.03,3.28,111.05,1535.9,9322.5,1356.62,2841.6201,16.7,439.43,0.03484,1292.0,365.05,268334.0,301047.0,718.0,0,1,1,1
2011-05-04,0.03,3.25,109.24,1516.22,9095.75,1347.32,2828.2299,17.08,439.7,0.03488,1302.0,358.63,269683.0,303694.0,413.0,1,1,1,1
2011-05-05,0.02,3.18,99.8,1474.3,8793.75,1335.1,2814.7199,18.2,440.35,0.03493,1314.0,341.07,289155.0,316680.0,1743.0,0,1,1,1
2011-05-06,0.02,3.19,97.18,1495.58,8808.0,1340.2,2827.56,18.4,443.66,0.03475,1340.0,337.35,292009.0,322588.0,1351.0,1,1,1,1
2011-05-09,0.03,3.17,102.55,1513.73,8866.75,1346.29,2843.25,17.16,442.36,0.03478,1348.0,344.1,300499.0,328187.0,953.0,1,1,1,1
2011-05-10,0.03,3.23,104.47,1516.26,8888.25,1357.16,2871.8898,15.91,444.59,0.03481,1344.0,348.57,314016.0,333946.0,-961.0,1,1,1,1
2011-05-11,0.03,3.19,98.77,1501.41,8679.75,1342.08,2845.06,16.95,440.89,0.0349,1334.0,338.1,334590.0,346074.0,-2624.0,1,1,1,1
2011-05-12,0.02,3.22,99.48,1505.88,8712.0,1348.65,2863.04,16.03,447.13,0.03473,1320.0,338.56,341088.0,361059.0,-950.0,1,1,1,1
2011-05-13,0.03,3.18,99.65,1495.15,8769.75,1337.77,2828.4699,17.07,440.95,0.03474,1306.0,338.53,349144.0,377973.0,-1714.0,1,1,1,1
2011-05-16,0.04,3.15,97.85,1489.33,8816.0,1329.47,2782.31,18.24,434.69,0.03462,1291.0,336.78,348525.0,386480.0,-4241.0,1,1,1,1
2011-05-17,0.04,3.12,97.43,1486.7,8776.5,1328.98,2783.2099,17.5499,429.48,0.03464,1274.0,336.48,350175.0,397083.0,-5852.0,1,1,1,1
2011-05-18,0.05,3.18,100.56,1496.98,9043.0,1340.68,2815.0,16.23,437.59,0.03466,1271.0,344.21,206972.0,222165.0,-7746.0,1,1,1,1
2011-05-19,0.05,3.17,98.93,1493.28,8927.25,1343.6,2823.31,15.52,433.87,0.03466,1329.0,339.3,218279.0,231174.0,-6583.0,0,1,1,1
2011-05-20,0.05,3.15,100.1,1512.23,9049.75,1333.27,2803.32,17.43,432.56,0.03475,1349.0,341.56,234750.0,243855.0,-3902.0,1,1,1,1
2011-05-23,0.06,3.13,97.7,1517.1,8776.0,1317.37,2758.8999,18.27,423.34,0.03447,1369.0,336.88,241759.0,266410.0,-4191.0,1,1,1,1
2011-05-24,0.06,3.12,99.59,1526.64,8849.0,1316.28,2746.1599,17.82,420.21,0.03457,1398.0,339.1,253082.0,275700.0,-6275.0,1,1,1,1
2011-05-25,0.06,3.13,101.32,1525.35,9059.0,1320.47,2761.3798,17.07,424.21,0.03447,1446.0,344.44,260747.0,284949.0,-4436.0,1,1,1,1
2011-05-26,0.05,3.07,100.23,1519.2,9010.0,1325.69,2782.9199,16.09,428.24,0.03455,1467.0,343.33,279637.0,293986.0,-4439.0,1,1,1,1
2011-05-27,0.05,3.07,100.59,1536.4,9188.25,1331.1,2796.8601,15.98,433.09,0.03462,1474.0,346.27,289370.0,303053.0,-2058.0,1,1,1,1
2011-05-30,0.05,3.07,100.59,1538.46,9188.25,1331.1,2796.8601,15.98,433.09,0.03469,1474.0,346.27,299922.0,314133.0,798.0,1,1,1,1
2011-05-31,0.06,3.05,102.7,1535.73,9202.25,1345.2,2835.3,15.45,439.6,0.03476,1480.0,350.06,307561.0,333303.0,4675.0,1,1,1,1
2011-06-01,0.05,2.96,100.29,1539.83,9090.0,1314.55,2769.1899,18.2999,426.28,0.03484,1485.0,345.92,310783.0,338134.0,5987.0,0,0,1,1
2011-06-02,0.04,3.04,100.4,1533.65,8907.0,1312.94,2773.31,18.09,426.42,0.03474,1489.0,347.9,320474.0,355670.0,6046.0,0,0,1,1
2011-06-03,0.04,2.99,100.22,1542.28,9087.75,1300.16,2732.78,17.95,418.52,0.03478,1489.0,348.61,332493.0,380183.0,3331.0,0,0,1,1
2011-06-07,0.05,3.01,99.09,1544.13,9126.5,1284.94,2701.56,18.07,417.64,0.0348,1456.0,346.34,336792.0,385790.0,2068.0,0,0,1,1
2011-06-08,0.04,2.98,100.74,1537.6,9015.0,1279.56,2675.3798,18.79,408.94,0.03482,1434.0,348.34,339266.0,397653.0,1300.0,0,0,1,1
2011-06-09,0.05,3.01,101.93,1543.98,9040.0,1289.0,2684.8701,17.77,409.62,0.03475,1428.0,350.84,349868.0,423822.0,1183.0,0,0,1,1
2011-06-10,0.05,2.99,99.29,1531.27,8923.5,1270.98,2643.7299,18.86,402.8,0.03468,1418.0,348.04,370292.0,446258.0,-2864.0,1,1,1,1
2011-06-13,0.05,3.0,97.3,1515.65,8896.25,1271.83,2639.6899,19.61,399.08,0.03461,1412.0,344.56,395787.0,457579.0,-979.0,0,1,1,1
2011-06-14,0.05,3.11,99.37,1523.98,9157.25,1287.87,2678.7199,18.26,406.75,0.03466,1400.0,347.01,406735.0,464304.0,-1212.0,0,1,1,1
2011-06-15,0.05,2.98,94.81,1530.98,9142.75,1265.42,2631.4599,21.32,398.44,0.03465,1405.0,338.96,153572.0,215547.0,-8300.0,0,1,1,1
2011-06-16,0.05,2.93,94.95,1529.58,9056.75,1267.64,2623.6999,22.73,393.87,0.03448,1424.0,336.89,169837.0,256172.0,-7810.0,0,1,1,1
2011-06-17,0.04,2.94,93.01,1539.4,9087.0,1271.5,2616.4799,21.85,388.21,0.03448,1423.0,335.48,188308.0,271470.0,-8509.0,0,1,1,1
2011-06-20,0.03,2.97,93.63,1540.6,8998.0,1278.36,2629.6599,19.99,388.73,0.03448,1418.0,335.99,191705.0,285300.0,-6409.0,1,1,1,1
2011-06-21,0.03,2.99,94.17,1546.28,9074.0,1295.52,2687.26,18.86,398.61,0.03454,1409.0,338.14,198873.0,298704.0,-9889.0,1,1,1,1
2011-06-22,0.02,3.01,95.41,1548.95,9010.0,1287.14,2669.1899,18.52,396.73,0.03463,1406.0,337.91,207159.0,301169.0,-9922.0,1,1,1,1
2011-06-23,0.01,2.93,91.02,1521.4,8955.75,1283.5,2686.75,19.29,402.56,0.03456,1414.0,330.21,216534.0,325426.0,-11857.0,1,1,1,1
2011-06-24,0.02,2.88,91.16,1502.55,9036.0,1268.45,2652.8898,21.1,392.5,0.03453,1424.0,329.89,226905.0,326007.0,-17430.0,1,1,1,1
2011-06-27,0.02,2.95,90.61,1497.93,8958.5,1280.1,2688.28,20.5599,395.27,0.03447,1442.0,328.75,243980.0,335535.0,-17714.0,1,1,1,1
2011-06-28,0.03,3.05,92.89,1501.25,9060.0,1296.67,2729.31,19.17,400.52,0.03453,1438.0,334.46,237483.0,329294.0,-16430.0,1,1,1,1
2011-06-29,0.02,3.14,94.77,1512.33,9312.0,1307.41,2740.4899,17.27,400.17,0.03458,1420.0,338.8,255890.0,348424.0,-14218.0,1,1,1,1
2011-06-30,0.03,3.18,95.42,1500.18,9414.0,1320.64,2773.52,16.52,410.35,0.03472,1413.0,338.05,267160.0,350871.0,-12779.0,1,1,1,1
2011-07-01,0.02,3.22,94.94,1487.43,9429.25,1339.67,2816.03,15.87,419.11,0.03475,1422.0,336.71,271656.0,351982.0,-10430.0,1,1,1,1
2011-07-04,0.02,3.22,94.94,1496.2,9438.5,1339.67,2816.03,15.87,419.11,0.03478,1419.0,336.71,285227.0,363852.0,-7761.0,1,1,1,1
2011-07-05,0.02,3.16,96.89,1515.7,9522.25,1337.88,2825.77,16.0599,414.94,0.03472,1428.0,341.63,289556.0,363318.0,-5672.0,1,1,1,1
2011-07-06,0.01,3.12,96.65,1528.98,9503.0,1339.22,2834.02,16.34,411.79,0.03466,1443.0,340.2,292148.0,366601.0,-2141.0,1,1,1,1
2011-07-07,0.03,3.17,98.67,1532.36,9724.0,1353.22,2872.6599,15.95,420.4,0.03465,1453.0,346.3,295425.0,374230.0,-3755.0,1,1,1,1
2011-07-08,0.03,3.03,96.2,1544.15,9644.0,1343.8,2859.81,15.95,413.8,0.03473,1449.0,343.55,306131.0,382984.0,-3459.0,1,1,1,1
2011-07-11,0.03,2.94,95.15,1553.48,9549.0,1319.49,2802.6201,18.3899,406.73,0.03464,1437.0,340.62,308156.0,386358.0,-3386.0,1,1,1,1
2011-07-12,0.03,2.92,97.43,1567.76,9629.0,1313.64,2781.9099,19.87,394.96,0.03449,1411.0,344.26,319916.0,407585.0,-8332.0,1,1,1,1
2011-07-13,0.01,2.92,98.05,1582.38,9628.25,1317.72,2796.9199,19.91,393.87,0.0346,1383.0,349.17,338684.0,424197.0,-8877.0,1,1,0,0
2011-07-14,0.01,2.98,95.69,1587.23,9609.5,1308.87,2762.6699,20.7999,387.76,0.03468,1367.0,344.73,340988.0,444307.0,-9824.0,1,1,0,0
2011-07-15,0.02,2.94,97.24,1593.6,9651.25,1316.14,2789.8,19.53,390.07,0.03461,1353.0,346.3,347804.0,453814.0,-10418.0,1,0,0,0
2011-07-18,0.02,2.94,95.93,1604.79,9672.75,1305.44,2765.1101,20.95,384.63,0.03453,1340.0,343.81,351857.0,458363.0,-10518.0,1,0,0,0
2011-07-19,0.03,2.91,97.86,1588.5,9818.5,1326.73,2826.52,19.2099,397.41,0.03458,1330.0,346.54,353436.0,462604.0,-9097.0,1,0,0,0
2011-07-20,0.02,2.96,98.4,1600.4,9734.0,1325.84,2814.2299,19.09,395.11,0.03464,1328.0,346.28,184784.0,245982.0,-8246.0,0,0,0,0
2011-07-21,0.05,3.03,99.13,1590.55,9659.75,1343.8,2834.4299,17.5599,398.88,0.03461,1325.0,345.27,195613.0,255305.0,-8893.0,0,0,0,0
2011-07-22,0.05,2.99,99.87,1601.33,9654.5,1345.02,2858.83,17.52,408.56,0.03469,1323.0,347.93,220395.0,276428.0,-7729.0,0,0,0,0
2011-07-25,0.05,3.03,99.2,1614.02,9633.0,1337.43,2842.8,19.35,403.08,0.03465,1317.0,345.89,219302.0,279217.0,-10452.0,1,0,0,0
2011-07-26,0.07,2.99,99.59,1619.32,9798.0,1331.94,2839.9599,20.23,406.47,0.03469,1310.0,348.75,234829.0,287539.0,-7493.0,1,0,0,0
2011-07-27,0.08,3.01,97.4,1613.47,9756.0,1304.89,2764.79,22.98,391.13,0.03472,1296.0,346.73,248036.0,297353.0,-6208.0,0,0,0,0
2011-07-28,0.07,2.98,97.44,1615.95,9794.0,1300.67,2766.25,23.74,390.53,0.03467,1278.0,344.65,262120.0,325448.0,-7956.0,0,0,0,0
2011-07-29,0.1,2.82,95.7,1627.05,9811.25,1292.28,2756.3798,25.25,386.94,0.03461,1264.0,342.08,286608.0,352519.0,-11296.0,0,0,0,0
2011-08-01,0.1,2.77,94.89,1619.38,9629.5,1286.94,2744.6101,23.66,386.93,0.03468,1256.0,341.41,295913.0,354824.0,-15444.0,0,0,0,0
2011-08-02,0.06,2.66,93.79,1659.4,9657.0,1254.05,2669.2399,24.79,375.17,0.03463,1253.0,341.82,297272.0,367606.0,-16348.0,0,0,0,0
2011-08-03,0.02,2.64,91.93,1661.72,9509.25,1260.34,2693.07,23.3799,379.39,0.03456,1260.0,337.32,316788.0,388754.0,-18569.0,0,0,0,0
2011-08-04,0.02,2.47,86.63,1646.52,9329.5,1200.07,2556.3898,31.66,357.32,0.03454,1268.0,327.97,315203.0,386800.0,-25045.0,0,0,0,0
2011-08-05,0.01,2.58,86.88,1663.95,9016.5,1199.38,2532.4099,32.0,350.22,0.03445,1268.0,326.8,381553.0,442679.0,-15757.0,0,0,0,1
2011-08-08,0.05,2.4,81.31,1719.45,8759.75,1119.46,2357.6899,48.0,331.33,0.03445,1264.0,317.74,449340.0,502644.0,-834.0,1,1,1,1
2011-08-09,0.03,2.2,79.3,1740.95,8709.75,1172.53,2482.52,35.06,346.69,0.03442,1257.0,316.12,477157.0,557164.0,-2202.0,1,1,1,1
2011-08-10,0.02,2.17,82.89,1793.27,8573.0,1120.76,2381.05,42.99,339.54,0.03447,1265.0,320.43,483939.0,568634.0,197.0,1,1,1,1
2011-08-11,0.03,2.34,85.72,1763.92,8859.5,1172.64,2492.6799,39.0,357.12,0.03441,1277.0,326.34,525204.0,616957.0,1296.0,1,1,1,1
2011-08-12,0.02,2.24,85.38,1746.68,8845.25,1178.81,2507.9799,36.36,355.62,0.03447,1287.0,326.53,495167.0,565154.0,5950.0,1,1,1,1
2011-08-15,0.02,2.29,87.88,1766.02,8888.25,1204.49,2555.1999,31.87,362.65,0.03454,1306.0,330.52,497848.0,573628.0,7239.0,0,0,1,1
2011-08-16,0.03,2.23,86.65,1785.55,8808.75,1192.76,2523.4499,32.8499,355.41,0.03454,1344.0,330.19,488515.0,571947.0,8483.0,0,0,1,1
2011-08-17,0.01,2.17,87.58,1791.25,8943.5,1193.88,2511.4799,31.58,353.1,0.03453,1371.0,334.19,244424.0,283391.0,-3880.0,1,1,1,1
2011-08-18,0.01,2.08,82.38,1823.9,8750.5,1140.65,2380.4299,42.6699,332.23,0.03449,1414.0,326.42,256159.0,287647.0,1141.0,1,1,1,1
2011-08-19,0.02,2.07,82.26,1852.07,8804.5,1123.53,2341.84,43.0499,326.32,0.03439,1462.0,329.47,282581.0,326849.0,6626.0,1,1,1,1
2011-08-22,0.01,2.1,84.42,1897.46,8699.75,1123.82,2345.3798,42.4399,328.94,0.03446,1515.0,331.77,294565.0,340391.0,7277.0,1,1,1,1
2011-08-23,0.01,2.15,85.44,1828.63,8830.75,1162.35,2446.06,36.27,346.09,0.03449,1565.0,334.43,304146.0,339779.0,1242.0,1,1,1,1
2011-08-24,0.02,2.29,85.16,1759.13,8859.5,1177.6,2467.6899,35.9,345.69,0.03445,1602.0,331.59,307022.0,341446.0,-110.0,1,1,1,1
2011-08-25,0.01,2.23,85.3,1774.45,9016.5,1159.27,2419.6298,39.7599,336.33,0.03443,1582.0,332.07,325218.0,364734.0,174.0,0,0,0,1
2011-08-26,0.01,2.19,85.37,1827.15,9061.75,1176.8,2479.85,35.59,345.78,0.03441,1541.0,335.25,334432.0,381703.0,2707.0,0,0,0,1
2011-08-29,0.02,2.28,87.27,1788.4,9061.75,1210.08,2562.1101,32.2799,358.44,0.03444,1541.0,337.12,344392.0,383701.0,-1785.0,0,0,1,1
2011-08-30,0.01,2.19,88.9,1835.52,9145.5,1212.92,2576.1101,32.8899,358.23,0.03444,1537.0,340.95,358435.0,387266.0,2473.0,1,1,1,1
2011-08-31,0.02,2.23,88.81,1825.55,9257.5,1218.89,2579.4599,31.62,355.79,0.03446,1619.0,342.57,346686.0,375369.0,4156.0,0,0,1,1
2011-09-01,0.02,2.15,88.93,1826.1,9126.75,1204.42,2546.04,31.82,349.85,0.03453,1682.0,340.65,370585.0,395451.0,6901.0,0,0,1,1
2011-09-02,0.02,2.02,86.45,1882.96,9056.75,1173.97,2480.33,33.9199,341.46,0.03445,1740.0,338.06,384338.0,420813.0,5787.0,1,1,1,1
2011-09-05,0.02,2.02,86.45,1900.2,8940.0,1173.97,2480.33,33.9199,341.46,0.0344,1750.0,338.06,405652.0,440118.0,7987.0,1,1,1,1
2011-09-06,0.02,1.98,86.02,1875.25,8913.0,1165.24,2473.83,37.0,339.09,0.03435,1767.0,335.22,427525.0,466153.0,8826.0,1,1,1,1
2011-09-07,0.02,2.05,89.34,1817.71,9073.5,1198.62,2548.9399,33.38,354.26,0.03435,1744.0,339.81,453909.0,488075.0,5552.0,0,0,0,1
2011-09-08,0.02,2.0,89.05,1870.2,9096.25,1185.9,2529.1398,34.32,352.15,0.03431,1782.0,339.9,470659.0,495059.0,5926.0,0,0,1,1
2011-09-09,0.01,1.93,87.24,1855.57,8799.75,1154.23,2467.9899,38.52,348.4,0.03422,1838.0,334.24,446876.0,463619.0,7432.0,0,0,1,1
2011-09-13,0.01,2.0,90.21,1833.67,8745.0,1172.87,2532.1499,36.91,366.17,0.03391,1901.0,335.75,445337.0,466233.0,6685.0,1,1,1,1
2011-09-14,0.01,2.03,88.91,1819.8,8603.25,1188.68,2572.55,34.5999,375.73,0.03376,1927.0,334.11,441353.0,451723.0,10196.0,0,0,1,1
2011-09-15,0.01,2.09,89.4,1788.72,8686.25,1209.11,2607.07,31.9699,381.09,0.03374,1907.0,332.6,444310.0,453424.0,9629.0,0,0,1,1
2011-09-16,0.01,2.08,87.96,1811.38,8671.25,1216.01,2622.31,30.98,381.91,0.0338,1814.0,329.55,441481.0,461117.0,10030.0,0,0,1,1
2011-09-19,0.01,1.97,85.81,1778.85,8339.0,1204.09,2612.83,32.73,377.49,0.03358,1764.0,323.58,445500.0,469847.0,9025.0,0,1,1,1
2011-09-20,0.01,1.95,86.92,1803.69,8279.75,1202.09,2590.2399,32.86,372.76,0.03346,1795.0,324.85,447012.0,487404.0,8212.0,1,1,1,1
2011-09-21,0.01,1.88,85.92,1782.3,8275.75,1166.76,2538.1899,37.32,365.37,0.03339,1811.0,321.43,162381.0,180044.0,4406.0,1,1,1,1
2011-09-22,0.0,1.72,80.51,1740.39,7653.25,1129.56,2455.6699,41.3499,352.78,0.03293,1884.0,307.24,172051.0,188929.0,4113.0,1,1,1,1
2011-09-23,0.01,1.84,79.85,1656.74,7343.0,1136.43,2483.2299,41.25,359.95,0.03291,1920.0,301.87,177737.0,204658.0,1384.0,1,1,1,1
2011-09-26,0.02,1.91,80.24,1626.88,7250.75,1162.95,2516.6899,39.02,359.5,0.03271,1928.0,303.15,180780.0,213302.0,3214.0,0,0,1,1
2011-09-27,0.01,2.0,84.45,1650.72,7578.5,1175.38,2546.83,37.7099,366.01,0.03283,1927.0,311.44,191877.0,215652.0,5878.0,0,0,1,1
2011-09-28,0.02,2.03,81.21,1609.16,7230.75,1151.06,2491.58,41.08,355.36,0.03288,1920.0,303.58,203865.0,219063.0,5182.0,0,0,1,1
2011-09-29,0.02,1.99,82.14,1614.69,7210.25,1160.4,2480.76,38.84,350.82,0.03285,1913.0,305.96,262122.0,253992.0,7293.0,0,1,1,1
2011-09-30,0.02,1.92,79.2,1623.79,6998.0,1131.42,2415.3999,42.9599,338.82,0.03278,1899.0,298.15,277686.0,265521.0,8297.0,1,1,1,1
2011-10-03,0.02,1.8,77.61,1658.3,6968.5,1099.23,2335.83,45.45,326.37,0.03269,1886.0,296.38,285453.0,279584.0,10768.0,0,1,1,1
2011-10-04,0.01,1.81,75.67,1623.82,6779.25,1123.95,2404.82,40.82,340.23,0.03259,1885.0,293.28,291944.0,287817.0,11604.0,0,0,1,1
2011-10-05,0.0,1.92,79.68,1640.85,6800.75,1144.04,2460.51,37.81,350.78,0.03265,1908.0,298.77,291413.0,291201.0,5369.0,0,1,1,1
2011-10-06,0.01,2.01,82.59,1651.36,7208.25,1164.97,2506.82,36.27,355.17,0.03267,1967.0,304.75,299620.0,290715.0,8019.0,1,1,1,1
2011-10-07,0.01,2.1,82.98,1637.85,7349.5,1155.46,2479.35,36.2,356.73,0.03279,2000.0,303.52,308778.0,294772.0,6077.0,0,1,1,1
2011-10-11,0.02,2.18,85.81,1662.3,7271.25,1195.54,2583.03,32.86,365.7,0.03295,2106.0,310.51,319877.0,300473.0,6169.0,1,1,1,1
2011-10-12,0.02,2.24,85.57,1676.3,7507.75,1207.25,2604.7299,31.26,369.18,0.03289,2127.0,311.14,322817.0,303854.0,3502.0,1,1,1,1
2011-10-13,0.02,2.19,84.23,1668.05,7293.25,1203.66,2620.2399,30.7,376.6,0.03297,2155.0,310.97,333806.0,316257.0,446.0,1,1,1,1
2011-10-14,0.02,2.26,86.8,1680.95,7532.5,1224.58,2667.85,28.24,380.86,0.033,2173.0,317.18,336446.0,330743.0,1303.0,1,1,1,1
2011-10-17,0.04,2.18,86.38,1670.8,7481.0,1200.86,2614.9199,33.3899,370.31,0.03322,2160.0,314.56,344747.0,337333.0,-22.0,1,1,1,1
2011-10-18,0.04,2.19,88.53,1657.97,7436.0,1225.38,2657.4299,31.5599,378.66,0.03311,2136.0,314.91,347505.0,346049.0,-129.0,1,1,1,1
2011-10-19,0.03,2.18,86.11,1640.75,7196.75,1209.88,2604.04,34.4399,370.16,0.03322,2140.0,310.79,186063.0,201415.0,1860.0,1,1,1,1
2011-10-20,0.03,2.2,86.07,1620.66,6721.5,1215.39,2598.6201,34.7799,363.88,0.03304,2161.0,307.68,201298.0,218381.0,-1200.0,1,1,1,1
2011-10-21,0.02,2.23,87.4,1641.85,7136.5,1238.25,2637.4599,31.32,372.1,0.033,2153.0,311.08,210971.0,231483.0,-726.0,1,1,1,1
2011-10-24,0.02,2.25,91.27,1653.48,7629.5,1254.19,2699.4399,29.26,384.65,0.03319,2153.0,318.57,219540.0,245332.0,3070.0,1,1,1,1
2011-10-25,0.01,2.14,93.17,1705.27,7521.5,1229.05,2638.4199,32.22,377.46,0.0332,2161.0,319.98,239370.0,252426.0,4038.0,1,1,1,1
2011-10-26,0.02,2.23,90.2,1724.64,7675.0,1242.0,2650.6699,29.86,379.48,0.0332,2145.0,316.14,240726.0,255241.0,5109.0,1,1,1,1
2011-10-27,0.02,2.42,93.96,1744.95,8142.5,1284.59,2738.6298,25.4599,395.74,0.03326,2091.0,324.27,260578.0,267476.0,4240.0,1,1,1,1
2011-10-28,0.01,2.34,93.32,1743.42,8169.5,1285.08,2737.1499,24.53,396.33,0.03348,2018.0,323.07,283184.0,279604.0,4799.0,1,1,1,1
2011-10-31,0.01,2.17,93.19,1714.7,7981.5,1253.3,2684.4099,29.9599,386.49,0.03341,1965.0,319.84,284263.0,279586.0,5162.0,1,1,1,1
2011-11-01,0.01,2.01,92.19,1719.55,7714.5,1218.28,2606.9599,34.77,374.05,0.03324,1912.0,315.23,289631.0,285514.0,8158.0,1,1,1,1
2011-11-02,0.01,2.03,92.51,1737.8,7870.0,1237.9,2639.9799,32.74,375.88,0.0332,1859.0,316.06,294815.0,291661.0,4649.0,1,1,1,1
2011-11-03,0.01,2.09,94.07,1763.67,7901.75,1261.15,2697.9699,30.5,387.15,0.03309,1817.0,320.01,290958.0,291277.0,38.0,1,1,1,1
2011-11-04,0.01,2.06,94.26,1754.65,7852.25,1253.23,2686.1499,30.16,391.48,0.03331,1784.0,320.44,303948.0,293521.0,621.0,1,1,1,1
2011-11-07,0.01,2.04,95.52,1794.9,7806.5,1261.12,2695.25,29.85,390.87,0.03321,1766.0,321.23,309414.0,304728.0,1238.0,1,1,1,1
2011-11-08,0.01,2.1,96.8,1786.32,7782.5,1275.92,2727.4899,27.48,393.22,0.03322,1759.0,322.61,310538.0,315636.0,1400.0,0,0,0,0
2011-11-09,0.01,2.0,95.74,1769.7,7608.0,1229.1,2621.6499,36.16,375.04,0.03326,1802.0,318.46,321088.0,316863.0,3052.0,1,1,1,1
2011-11-10,0.01,2.04,97.78,1758.5,7457.25,1239.7,2625.1499,32.81,378.23,0.03304,1840.0,318.92,313083.0,321468.0,-2680.0,1,1,1,1
2011-11-11,0.01,2.04,98.99,1788.63,7620.5,1263.85,2678.75,30.04,391.6,0.03313,1835.0,320.2,340297.0,336069.0,-3143.0,1,1,1,1
2011-11-14,0.01,2.04,98.14,1780.3,7739.0,1251.78,2657.2199,31.1299,386.56,0.03315,1818.0,317.92,344978.0,337864.0,-176.0,1,1,1,1
2011-11-15,0.01,2.06,99.37,1780.9,7662.75,1257.81,2686.1999,31.2199,392.23,0.0331,1846.0,320.87,344903.0,344109.0,1049.0,1,1,1,1
2011-11-16,0.01,2.01,102.59,1763.35,7709.25,1236.91,2639.6101,33.5099,389.92,0.03308,1884.0,322.51,182702.0,215555.0,-4788.0,1,1,1,1
2011-11-17,0.02,1.96,98.82,1721.52,7517.75,1216.13,2587.9899,34.5099,374.35,0.0331,1898.0,314.52,190240.0,227097.0,-3994.0,0,0,0,0
2011-11-18,0.01,2.01,97.67,1723.92,7500.75,1215.65,2572.5,32.0,371.25,0.03305,1895.0,312.21,193526.0,246321.0,-10052.0,1,1,0,0
2011-11-21,0.02,1.97,96.92,1677.57,7283.0,1192.98,2523.1398,32.91,364.2,0.03305,1874.0,308.81,196477.0,270779.0,-13161.0,1,1,1,1
2011-11-22,0.02,1.94,98.01,1699.9,7303.0,1188.04,2521.28,31.9699,359.66,0.03299,1854.0,310.93,198054.0,278881.0,-15458.0,1,1,1,1
2011-11-23,0.02,1.89,96.17,1692.41,7213.0,1161.79,2460.08,33.98,348.17,0.0329,1830.0,306.73,203036.0,299811.0,-17079.0,1,1,1,1
2011-11-24,0.02,1.89,96.17,1697.42,7239.75,1161.79,2460.08,33.98,348.17,0.03285,1814.0,306.73,216610.0,306190.0,-21755.0,1,0,0,0
2011-11-25,0.02,1.97,96.77,1683.52,7206.0,1158.67,2441.51,34.47,344.14,0.03283,1807.0,305.45,229966.0,303350.0,-19429.0,1,1,0,0
2011-11-28,0.03,1.97,98.21,1712.35,7471.0,1192.55,2527.34,32.13,355.17,0.03284,1809.0,307.96,231614.0,304327.0,-16641.0,0,0,0,0
2011-11-29,0.02,2.0,99.79,1715.67,7464.5,1195.19,2515.51,30.6399,352.62,0.03288,1828.0,310.45,241562.0,305224.0,-16939.0,1,0,0,0
2011-11-30,0.01,2.08,100.36,1746.35,7859.5,1246.96,2620.34,27.7999,373.32,0.03295,1846.0,313.82,250188.0,305099.0,-11365.0,1,1,0,1
2011-12-01,0.01,2.11,100.2,1744.8,7763.0,1244.58,2626.1999,27.41,375.31,0.03317,1862.0,313.31,273118.0,313273.0,-13639.0,1,0,0,0
2011-12-02,0.02,2.05,100.96,1746.59,7862.75,1244.28,2626.9299,27.52,374.57,0.03316,1866.0,313.55,278084.0,312012.0,-16799.0,0,0,0,0
2011-12-05,0.01,2.04,100.99,1722.67,7914.5,1257.08,2655.76,27.84,378.12,0.03313,1856.0,313.0,280768.0,312600.0,-18200.0,0,0,0,0
2011-12-06,0.01,2.08,101.28,1728.55,7809.25,1258.47,2649.56,28.1299,377.41,0.03309,1848.0,313.52,285469.0,311063.0,-14462.0,0,0,0,0
2011-12-07,0.02,2.02,100.49,1741.89,7793.0,1261.01,2649.2099,28.67,381.85,0.03315,1849.0,310.07,289523.0,314395.0,-13078.0,0,0,0,0
2011-12-08,0.01,1.99,98.34,1708.27,7685.5,1234.35,2596.3798,30.59,371.13,0.03314,1882.0,307.95,299833.0,325500.0,-14137.0,0,0,0,0
2011-12-09,0.01,2.07,99.41,1711.47,7792.5,1255.19,2646.85,26.3799,375.67,0.03307,1922.0,306.43,305486.0,340394.0,-11128.0,0,0,0,0
2011-12-12,0.01,2.03,97.77,1666.49,7581.75,1236.47,2612.26,25.67,365.15,0.03308,1930.0,302.86,313529.0,343241.0,-11055.0,0,0,0,0
2011-12-13,0.01,1.96,100.14,1631.5,7576.75,1225.73,2579.27,25.41,356.53,0.03305,1922.0,305.77,327394.0,350329.0,-8968.0,0,0,0,0
2011-12-14,0.01,1.92,94.95,1573.9,7186.5,1211.82,2539.31,26.04,350.73,0.03301,1912.0,295.29,328746.0,354042.0,-10786.0,0,0,0,0
2011-12-15,0.0,1.92,93.87,1570.52,7192.0,1215.75,2541.01,25.11,350.04,0.03293,1889.0,294.45,336165.0,351196.0,-14326.0,0,0,0,0
2011-12-16,0.0,1.86,93.53,1598.95,7328.75,1219.66,2555.33,24.29,352.86,0.03293,1888.0,295.0,343870.0,351611.0,-12274.0,0,0,0,0
2011-12-19,0.01,1.82,93.88,1594.35,7243.25,1205.35,2523.1398,24.92,343.36,0.0329,1885.0,295.82,353140.0,357350.0,-10673.0,1,1,1,1
2011-12-20,0.01,1.94,97.24,1615.69,7394.0,1241.3,2603.7299,23.2199,358.73,0.03295,1878.0,301.67,369159.0,359318.0,-8546.0,1,1,1,1
2011-12-21,0.01,1.98,98.67,1615.17,7440.5,1243.72,2577.9699,21.43,354.45,0.03302,1856.0,303.9,150321.0,129055.0,-7011.0,1,0,1,1
2011-12-22,0.01,1.97,99.53,1606.07,7531.5,1254.0,2599.4499,21.16,366.81,0.03298,1787.0,305.67,152694.0,132744.0,-6862.0,0,0,0,0
2011-12-23,0.01,2.03,99.68,1606.88,7631.5,1265.33,2618.6398,20.73,368.6,0.03301,1738.0,306.08,158793.0,134539.0,-6166.0,0,0,0,1
2011-12-26,0.01,2.03,99.68,1607.25,7631.5,1265.33,2618.6398,20.73,368.6,0.03299,1738.0,306.08,160643.0,143520.0,-7541.0,0,0,1,1
2011-12-27,0.02,2.02,101.34,1592.95,7631.5,1265.43,2625.1999,21.91,368.01,0.03299,1738.0,308.27,166131.0,147048.0,-7847.0,0,0,1,1
2011-12-28,0.01,1.93,99.36,1556.8,7446.75,1249.64,2589.9799,23.52,362.59,0.03299,1738.0,305.49,170009.0,150428.0,-7715.0,0,0,0,1
2011-12-29,0.02,1.91,99.65,1545.65,7413.75,1263.02,2613.7399,22.65,365.93,0.03301,1738.0,304.55,172872.0,152980.0,-7760.0,0,0,0,1
2011-12-30,0.02,1.89,98.83,1564.91,7590.0,1257.6,2605.1499,23.4,364.44,0.03301,1738.0,305.3,186199.0,156932.0,-11902.0,0,0,1,1
2012-01-02,0.02,1.89,98.83,1566.37,7590.0,1257.6,2605.1499,23.4,364.44,0.03299,1738.0,305.3,191207.0,168359.0,-12311.0,0,0,1,1
2012-01-03,0.02,1.97,102.96,1603.95,7777.75,1277.06,2648.7199,22.9699,368.6,0.03301,1624.0,313.37,203626.0,167187.0,-8443.0,0,0,1,1
2012-01-04,0.02,2.0,103.22,1611.95,7527.75,1277.3,2648.3601,22.2199,368.66,0.03301,1552.0,313.8,226668.0,173113.0,-5341.0,0,0,1,1
2012-01-05,0.02,2.02,101.81,1622.71,7528.0,1281.06,2669.8601,21.48,374.17,0.03304,1426.0,308.54,238758.0,175999.0,-3486.0,0,0,1,1
2012-01-06,0.02,1.98,101.56,1617.08,7569.25,1277.81,2674.2199,20.6299,375.22,0.03306,1347.0,309.48,256275.0,184751.0,-2804.0,0,0,1,1
2012-01-09,0.01,1.98,101.31,1611.15,7488.0,1280.7,2676.56,21.07,382.59,0.03311,1308.0,311.52,267741.0,193933.0,-2577.0,0,0,1,1
2012-01-10,0.02,2.0,102.24,1632.33,7733.0,1292.08,2702.5,20.69,386.28,0.03328,1258.0,315.44,286546.0,205196.0,2256.0,0,0,1,1
2012-01-11,0.02,1.93,100.87,1641.99,7767.0,1292.48,2710.76,21.0499,387.89,0.03333,1193.0,313.61,305580.0,218766.0,930.0,1,1,1,1
2012-01-12,0.03,1.94,99.1,1649.99,7995.5,1295.5,2724.6999,20.4699,391.75,0.03333,1105.0,309.86,332803.0,252052.0,2306.0,1,1,1,1
2012-01-13,0.03,1.89,98.7,1638.92,7991.0,1289.09,2710.6699,20.91,383.47,0.03333,1053.0,307.7,397515.0,326349.0,-581.0,1,1,1,1
2012-01-16,0.03,1.89,99.69,1643.88,8077.0,1289.09,2710.6699,20.91,383.47,0.03326,1013.0,307.7,395144.0,307163.0,-1824.0,1,1,1,1
2012-01-17,0.03,1.87,100.71,1652.38,8188.0,1293.67,2728.08,22.2,385.22,0.03334,974.0,310.83,408242.0,316572.0,1684.0,1,1,1,1
2012-01-18,0.03,1.92,100.59,1659.84,8226.75,1308.04,2769.7099,20.8899,404.6,0.03336,926.0,310.51,235303.0,168034.0,4034.0,1,1,1,1
2012-01-30,0.05,1.87,98.78,1729.85,8413.25,1313.01,2811.9399,19.4,408.74,0.03357,702.0,313.91,268828.0,182761.0,5301.0,1,1,1,1
2012-01-31,0.06,1.83,98.48,1737.76,8299.5,1312.41,2813.84,19.44,408.94,0.03376,680.0,312.31,277027.0,187270.0,6136.0,0,1,1,1
2012-02-01,0.06,1.87,97.61,1743.53,8418.25,1324.09,2848.27,18.5499,418.74,0.03368,662.0,311.53,287071.0,188662.0,11475.0,0,1,1,1
2012-02-02,0.08,1.86,96.36,1759.55,8322.25,1325.54,2859.6799,17.98,420.56,0.03384,651.0,310.9,316944.0,204898.0,10306.0,1,1,1,1
2012-02-03,0.08,1.97,97.84,1726.33,8539.0,1344.9,2905.6599,17.1,427.99,0.03385,647.0,314.22,323695.0,209207.0,10316.0,1,1,1,1
2012-02-04,0.08,1.97,97.84,1726.33,8539.0,1344.9,2905.6599,17.1,427.99,0.03387,647.0,314.22,330778.0,212745.0,11590.0,1,1,1,1
2012-02-06,0.08,1.93,96.91,1720.25,8474.25,1344.33,2901.9899,17.76,421.87,0.03378,648.0,314.2,347887.0,231930.0,11982.0,0,0,1,1
2012-02-07,0.08,2.0,98.41,1745.45,8455.5,1347.05,2904.08,17.67,422.3,0.03382,660.0,315.0,361586.0,242294.0,15117.0,0,1,1,1
2012-02-08,0.09,2.01,98.71,1733.13,8554.25,1349.96,2915.8601,18.16,427.59,0.03386,676.0,314.77,373581.0,262108.0,13501.0,0,1,1,1
2012-02-09,0.09,2.04,99.84,1729.54,8737.5,1351.95,2927.2299,18.6299,428.98,0.0339,695.0,315.5,383289.0,268663.0,11282.0,0,1,1,1
2012-02-10,0.09,1.96,98.67,1721.85,8460.75,1342.64,2903.8798,20.77,420.15,0.03383,715.0,312.14,387398.0,281805.0,8512.0,1,1,1,1
2012-02-13,0.11,1.99,100.91,1722.25,8404.25,1351.77,2931.3898,19.04,421.73,0.03386,729.0,314.06,396088.0,288477.0,9867.0,1,1,1,1
2012-02-14,0.12,1.92,100.74,1720.23,8393.0,1350.5,2931.83,19.54,423.46,0.03379,734.0,313.95,404044.0,297384.0,7155.0,1,1,1,1
2012-02-15,0.11,1.93,101.8,1728.18,8351.0,1343.23,2915.83,21.1399,425.48,0.03386,731.0,314.95,200791.0,160512.0,11738.0,1,1,1,1
2012-02-16,0.1,1.99,102.31,1728.25,8286.0,1358.04,2959.85,19.2199,435.88,0.03374,723.0,316.41,201674.0,178158.0,10632.0,0,0,0,1
2012-02-17,0.09,2.01,103.24,1723.49,8169.0,1361.23,2951.78,17.78,432.04,0.0338,717.0,317.39,213893.0,188015.0,8422.0,1,1,1,1
2012-02-20,0.09,2.01,103.24,1734.93,8230.5,1361.23,2951.78,17.78,432.04,0.03384,715.0,317.39,216112.0,189430.0,6777.0,1,1,1,1
2012-02-21,0.08,2.05,106.25,1759.25,8443.75,1362.21,2948.57,18.19,426.0,0.03382,706.0,322.45,215879.0,195919.0,7757.0,1,1,1,1
2012-02-22,0.09,2.01,106.28,1776.3,8432.75,1357.66,2933.1699,18.19,424.06,0.0338,704.0,322.86,221367.0,206066.0,8415.0,1,1,1,1
2012-02-23,0.09,1.99,107.83,1780.78,8394.75,1363.46,2956.9799,16.83,424.67,0.03379,706.0,323.4,221109.0,227796.0,6643.0,1,1,1,1
2012-02-24,0.1,1.98,109.77,1772.35,8553.0,1365.74,2963.75,17.3099,423.79,0.0338,718.0,325.91,223765.0,230040.0,6477.0,0,0,0,0
2012-02-29,0.08,1.98,107.07,1696.76,8493.0,1365.68,2966.8898,18.43,424.17,0.03399,750.0,322.43,254314.0,243179.0,15409.0,0,0,0,1
2012-03-01,0.08,2.03,108.84,1718.25,8625.0,1374.09,2988.9699,17.26,424.78,0.03391,763.0,324.32,253424.0,250963.0,13521.0,0,0,1,1
2012-03-02,0.07,1.99,106.7,1712.45,8577.25,1369.63,2976.1899,17.29,420.35,0.03394,771.0,321.17,244462.0,255683.0,9598.0,0,0,0,1
2012-03-03,0.07,1.99,106.7,1712.45,8577.25,1369.63,2976.1899,17.29,420.35,0.03394,771.0,321.17,245024.0,255335.0,9561.0,0,0,1,1
2012-03-05,0.08,2.0,106.72,1706.32,8501.0,1364.33,2950.4799,18.0499,409.65,0.03388,782.0,319.45,251276.0,265910.0,5022.0,0,0,1,1
2012-03-06,0.08,1.96,104.7,1674.38,8286.5,1343.36,2910.32,20.84,405.95,0.03385,787.0,314.45,258803.0,274403.0,2595.0,0,1,1,1
2012-03-07,0.08,1.98,106.16,1684.91,8293.25,1352.63,2935.6899,19.07,412.24,0.03382,798.0,314.24,269161.0,290325.0,6381.0,0,1,1,1
2012-03-08,0.08,2.03,106.58,1699.85,8331.0,1365.91,2970.4199,18.02,418.35,0.03387,812.0,316.04,276385.0,301536.0,5641.0,0,0,1,1
2012-03-09,0.09,2.04,107.4,1713.85,8502.0,1370.87,2988.34,17.11,422.85,0.03389,824.0,317.61,288844.0,300808.0,5664.0,0,0,1,1
2012-03-12,0.09,2.04,106.34,1701.34,8449.0,1371.09,2983.6599,15.64,418.57,0.03383,837.0,315.98,287044.0,304539.0,6200.0,0,1,1,1
2012-03-13,0.08,2.14,106.71,1674.03,8562.0,1395.95,3039.8798,14.73,428.2,0.03387,844.0,318.07,296445.0,312252.0,12356.0,1,1,1,1
2012-03-14,0.09,2.29,105.43,1644.79,8473.5,1394.28,3040.7299,15.31,426.65,0.03383,855.0,315.17,306508.0,303466.0,10789.0,0,0,1,1
2012-03-15,0.08,2.29,105.11,1658.66,8582.75,1402.6,3056.3701,15.43,434.99,0.03382,866.0,315.9,316442.0,312249.0,8548.0,0,1,1,1
2012-03-16,0.09,2.31,107.06,1659.98,8531.0,1404.17,3055.26,14.43,435.41,0.03383,874.0,317.93,314583.0,319280.0,5176.0,1,1,1,1
2012-03-19,0.1,2.39,108.56,1664.5,8601.5,1409.75,3078.32,15.04,438.69,0.03386,879.0,319.42,310584.0,322373.0,7272.0,1,1,1,1
2012-03-20,0.1,2.38,106.07,1650.86,8459.0,1405.52,3074.1499,15.58,435.54,0.03383,884.0,315.53,313202.0,335627.0,5935.0,1,1,1,1
2012-03-21,0.09,2.31,107.27,1650.55,8488.0,1402.89,3075.32,15.13,437.19,0.03381,896.0,315.98,113967.0,114317.0,8925.0,1,1,1,1
2012-03-22,0.08,2.29,105.35,1645.91,8324.5,1392.78,3063.32,15.68,434.54,0.03381,902.0,312.27,130776.0,120680.0,15147.0,0,1,1,1
2012-03-23,0.08,2.25,106.87,1661.7,8407.5,1397.11,3067.9199,14.82,435.68,0.0338,908.0,314.47,134654.0,130284.0,9603.0,1,1,1,1
2012-03-26,0.09,2.26,107.03,1690.18,8573.5,1416.51,3122.57,14.26,441.88,0.03376,912.0,315.01,139736.0,152268.0,2137.0,0,1,1,1
2012-03-27,0.09,2.2,107.33,1680.75,8563.5,1412.52,3120.35,15.57,441.6,0.0338,917.0,315.43,153043.0,150473.0,8701.0,1,1,1,1
2012-03-28,0.09,2.21,105.41,1663.55,8369.0,1405.54,3104.9599,15.47,436.1,0.03382,922.0,311.47,161758.0,153713.0,12406.0,1,1,1,1
2012-03-29,0.07,2.18,102.78,1661.57,8382.0,1403.28,3095.3601,15.48,436.85,0.0338,930.0,305.94,172828.0,169579.0,917.0,1,1,1,1
2012-03-30,0.07,2.23,103.02,1668.15,8474.5,1408.47,3091.57,15.5,438.64,0.03386,934.0,308.46,176853.0,180122.0,-489.0,0,1,1,1
2012-04-02,0.08,2.22,105.23,1677.75,8674.5,1419.04,3119.6999,15.64,438.44,0.03389,934.0,312.24,183195.0,181421.0,2280.0,1,1,1,1
2012-04-03,0.08,2.3,104.01,1645.85,8639.0,1413.38,3113.57,15.66,431.5,0.03392,931.0,310.75,187795.0,195959.0,-4418.0,1,1,1,1
2012-04-05,0.08,2.19,103.31,1631.15,8382.0,1398.08,3080.5,16.7,423.2,0.03388,928.0,306.49,207065.0,205574.0,-7258.0,1,1,1,1
2012-04-06,0.08,2.19,105.84,1640.3,8382.0,1398.08,3080.5,16.7,423.2,0.03383,928.0,306.49,213922.0,212752.0,-2725.0,1,1,1,1
2012-04-09,0.09,2.06,102.46,1640.26,8382.0,1382.2,3047.08,18.8099,417.08,0.03382,928.0,304.82,235910.0,218972.0,2392.0,1,1,1,1
2012-04-10,0.09,2.01,101.02,1659.93,8058.0,1358.59,2991.2199,20.3899,409.65,0.03382,928.0,300.45,249329.0,224694.0,4591.0,1,1,1,1
2012-04-11,0.09,2.05,102.7,1658.98,8077.5,1368.71,3016.4599,20.02,416.42,0.03383,944.0,302.1,258708.0,229155.0,6481.0,1,1,1,1
2012-04-12,0.09,2.08,103.64,1675.78,8265.75,1387.57,3055.55,17.2,424.16,0.03384,960.0,305.61,261068.0,228398.0,2404.0,1,1,1,1
2012-04-13,0.09,2.02,102.83,1658.38,8045.75,1370.26,3011.33,19.5499,416.43,0.03387,972.0,302.85,274755.0,231998.0,5991.0,1,1,1,1
2012-04-16,0.08,2.0,102.93,1652.01,8049.5,1369.57,2988.3999,19.5499,416.7,0.03382,975.0,300.76,282445.0,237391.0,7534.0,1,1,1,1
2012-04-17,0.08,2.03,104.2,1649.59,8164.0,1390.78,3042.82,18.4599,423.2,0.03385,989.0,302.04,277028.0,234339.0,82.0,0,0,1,1
2012-04-18,0.07,2.0,102.67,1642.24,8138.0,1385.14,3031.4499,18.6399,419.51,0.03385,1006.0,299.15,148906.0,146404.0,6070.0,0,0,1,1
2012-04-19,0.07,1.98,102.72,1642.82,8094.0,1376.92,3007.56,18.36,415.03,0.03386,1028.0,299.3,158833.0,153613.0,9203.0,0,1,1,1
2012-04-20,0.08,1.99,103.88,1643.05,8240.0,1378.53,3000.4499,17.44,405.17,0.03387,1067.0,301.2,163856.0,165822.0,5417.0,1,1,1,1
2012-04-23,0.08,1.96,103.11,1638.84,8124.0,1366.94,2970.4499,18.9699,400.15,0.03387,1090.0,300.4,173333.0,168773.0,6164.0,1,1,1,1
2012-04-24,0.09,2.0,103.55,1642.25,8258.0,1371.97,2961.6,18.1,397.1,0.03387,1116.0,301.29,184686.0,178314.0,9784.0,0,0,0,1
2012-04-25,0.09,2.01,104.12,1643.72,8304.0,1390.69,3029.6298,16.82,406.4,0.03388,1137.0,302.08,194286.0,179894.0,8552.0,0,1,1,1
2012-04-26,0.09,1.98,104.55,1657.35,8454.0,1399.98,3050.6101,16.24,415.2,0.034,1148.0,303.28,209821.0,185464.0,5653.0,1,1,1,1
2012-04-27,0.09,1.96,104.93,1662.85,8564.0,1403.36,3069.1999,16.32,415.91,0.03409,1156.0,305.51,227263.0,198233.0,4630.0,1,1,1,1
2012-04-30,0.1,1.95,104.87,1664.75,8534.5,1397.91,3046.3601,17.15,413.39,0.03421,1155.0,305.95,225581.0,201494.0,3334.0,1,1,1,1
2012-05-02,0.08,1.96,105.22,1653.45,8399.0,1402.31,3059.85,16.8799,416.81,0.0342,1149.0,304.08,231790.0,210419.0,7049.0,1,1,1,1
2012-05-03,0.09,1.96,102.54,1636.05,8284.5,1391.57,3024.3,17.5599,406.49,0.03417,1157.0,301.46,227097.0,209797.0,5413.0,1,1,1,1
2012-05-04,0.07,1.91,98.49,1642.35,8253.5,1369.1,2956.34,19.16,397.94,0.03415,1157.0,297.15,241766.0,217428.0,6409.0,1,1,1,1
2012-05-07,0.1,1.92,97.94,1638.45,8253.5,1369.58,2957.76,18.94,396.92,0.03403,1157.0,297.46,246977.0,230453.0,540.0,1,1,1,1
2012-05-08,0.09,1.88,97.01,1605.4,8192.5,1363.72,2946.27,19.0499,394.36,0.03405,1165.0,295.13,253281.0,230843.0,1621.0,1,1,1,1
2012-05-09,0.09,1.87,96.81,1589.55,8165.0,1354.58,2934.7099,20.08,393.15,0.03401,1156.0,294.83,266865.0,245366.0,-114.0,1,1,1,1
2012-05-10,0.1,1.89,97.08,1594.01,8207.0,1357.99,2933.6398,18.83,391.74,0.03402,1146.0,294.59,269269.0,243778.0,1415.0,1,1,1,1
2012-05-11,0.1,1.84,96.13,1579.35,8103.0,1353.39,2933.82,19.8899,394.6,0.034,1138.0,291.8,273096.0,255308.0,-3289.0,1,1,1,1
2012-05-14,0.1,1.78,94.78,1556.73,7900.0,1338.35,2902.58,21.87,390.31,0.0339,1132.0,288.45,273816.0,256265.0,1769.0,1,1,0,1
2012-05-15,0.09,1.76,93.98,1544.1,7798.0,1330.66,2893.76,21.9699,386.29,0.03388,1130.0,289.14,299428.0,265612.0,3363.0,0,0,0,0
2012-05-16,0.1,1.76,92.81,1539.75,7695.0,1324.8,2874.04,22.27,379.82,0.03374,1137.0,289.35,170185.0,168994.0,1754.0,0,0,0,0
2012-05-17,0.1,1.7,92.56,1574.14,7694.5,1304.86,2813.6899,24.49,371.45,0.03383,1137.0,289.55,188807.0,184498.0,1482.0,0,0,0,0
2012-05-18,0.08,1.71,91.48,1593.03,7702.0,1295.22,2778.79,25.1,364.48,0.03375,1141.0,290.43,203127.0,211376.0,2943.0,0,0,0,1
2012-05-21,0.09,1.75,92.86,1593.33,7790.0,1315.99,2847.2099,22.01,373.85,0.03381,1141.0,289.8,212555.0,219200.0,6818.0,0,0,0,1
2012-05-22,0.09,1.79,91.85,1568.5,7792.0,1316.63,2839.08,22.48,370.98,0.03385,1127.0,286.5,218306.0,231535.0,4103.0,0,0,0,1
2012-05-23,0.09,1.73,89.9,1561.53,7583.0,1318.86,2850.1201,22.33,372.33,0.0338,1100.0,281.44,229125.0,250261.0,4513.0,0,0,0,1
2012-05-24,0.1,1.77,90.66,1559.3,7655.5,1320.68,2839.3798,21.54,367.07,0.03373,1058.0,281.92,221035.0,261865.0,3075.0,0,0,0,0
2012-05-25,0.09,1.75,90.86,1573.0,7671.0,1317.82,2837.53,21.76,372.11,0.03373,1034.0,281.95,221636.0,271479.0,1783.0,0,0,0,1
2012-05-28,0.09,1.75,90.86,1573.33,7712.5,1317.82,2837.53,21.76,372.11,0.03373,1012.0,281.95,228659.0,278966.0,2629.0,0,0,0,0
2012-05-29,0.09,1.74,90.76,1555.34,7680.0,1332.42,2870.9899,21.03,379.66,0.03373,986.0,279.74,242443.0,286669.0,7472.0,0,0,0,1
2012-05-30,0.07,1.63,87.82,1562.93,7483.0,1313.32,2837.3601,24.1399,372.2,0.0336,950.0,275.05,239349.0,298379.0,1358.0,1,1,1,1
2012-05-31,0.07,1.59,86.53,1560.51,7434.0,1310.33,2827.34,24.0599,368.37,0.03349,923.0,272.97,243664.0,313733.0,3984.0,0,0,1,1
2012-06-01,0.07,1.47,83.23,1624.0,7373.0,1278.04,2747.4799,26.66,353.17,0.03341,904.0,268.31,256275.0,336196.0,4945.0,0,0,0,1
2012-06-04,0.08,1.53,83.98,1619.0,7373.0,1278.18,2760.01,26.12,352.69,0.03328,904.0,270.0,280987.0,342144.0,9322.0,0,0,0,1
2012-06-05,0.08,1.57,84.29,1617.05,7373.0,1285.5,2778.1101,24.68,360.5,0.03333,904.0,270.38,297141.0,343930.0,11827.0,0,0,1,1
2012-06-06,0.09,1.66,85.02,1619.55,7406.5,1315.13,2844.7199,22.16,372.57,0.03341,878.0,273.77,301957.0,351374.0,11819.0,0,0,1,1
2012-06-07,0.09,1.66,84.82,1589.32,7488.0,1314.99,2831.02,21.7199,367.47,0.03344,872.0,274.01,308805.0,351754.0,10889.0,0,0,1,1
2012-06-08,0.09,1.65,84.1,1593.4,7283.0,1325.66,2858.4199,21.23,372.73,0.03336,877.0,272.88,319634.0,357805.0,11056.0,0,0,1,1
2012-06-11,0.09,1.6,82.7,1596.8,7408.0,1308.93,2809.7299,23.5599,365.69,0.03342,884.0,270.75,331459.0,358908.0,9324.0,0,0,1,1
2012-06-12,0.1,1.67,83.32,1609.71,7381.5,1324.18,2843.07,22.09,373.74,0.03334,893.0,270.86,334601.0,361723.0,11221.0,0,0,1,1
2012-06-13,0.1,1.61,82.62,1617.16,7376.0,1314.88,2818.6101,24.27,369.79,0.03336,902.0,269.29,337082.0,364033.0,10400.0,0,0,1,1
2012-06-14,0.11,1.64,83.91,1623.6,7405.5,1329.1,2836.33,21.68,369.15,0.03338,912.0,272.05,350332.0,374605.0,11008.0,1,1,1,1
2012-06-15,0.09,1.6,84.03,1627.1,7498.75,1342.84,2872.8,21.11,375.15,0.03341,924.0,272.23,352345.0,385489.0,12952.0,1,1,1,1
2012-06-18,0.1,1.59,83.27,1628.09,7498.25,1344.78,2895.33,18.32,380.55,0.03346,938.0,273.62,352950.0,382683.0,9847.0,0,1,1,1
2012-06-19,0.09,1.64,84.35,1618.39,7599.5,1357.98,2929.76,18.3799,384.94,0.03346,954.0,277.21,362190.0,385954.0,8478.0,0,1,1,1
2012-06-20,0.09,1.65,81.45,1607.5,7536.5,1355.69,2930.4499,17.24,388.59,0.03347,972.0,272.91,122980.0,125468.0,8488.0,0,1,1,1
2012-06-21,0.09,1.63,78.2,1566.37,7342.5,1325.51,2859.09,20.08,372.71,0.03344,978.0,267.16,129411.0,140634.0,6839.0,1,1,1,1
2012-06-22,0.09,1.69,79.76,1572.43,7317.0,1335.02,2892.4199,18.11,378.65,0.03337,978.0,267.97,130990.0,154796.0,-1158.0,1,1,1,1
2012-06-25,0.1,1.63,79.21,1584.38,7345.75,1313.72,2836.1599,20.3799,365.55,0.03334,978.0,270.9,132445.0,165340.0,-7352.0,1,1,1,1
2012-06-26,0.1,1.66,79.36,1572.86,7374.5,1319.99,2854.06,19.7199,366.87,0.03334,981.0,272.76,135469.0,170041.0,-4035.0,1,1,1,1
2012-06-27,0.09,1.65,80.21,1574.19,7419.75,1331.85,2875.32,19.45,371.71,0.03338,988.0,275.2,138910.0,165716.0,-2050.0,1,1,1,1
2012-06-28,0.09,1.6,77.69,1552.68,7391.75,1329.04,2849.4899,19.7099,369.38,0.03338,994.0,271.81,143489.0,167685.0,-318.0,1,1,1,1
2012-06-29,0.09,1.67,84.96,1597.45,7691.75,1362.16,2935.05,17.08,385.46,0.03344,1004.0,284.19,148394.0,168017.0,3454.0,1,1,1,1
2012-07-02,0.1,1.61,83.75,1597.01,7634.75,1365.51,2951.2299,16.7999,384.79,0.03344,1013.0,284.21,143528.0,168952.0,2561.0,1,1,1,1
2012-07-03,0.09,1.65,87.66,1617.45,7821.0,1374.02,2976.08,16.66,390.3,0.03346,1063.0,292.64,151627.0,175503.0,9747.0,1,1,1,1
2012-07-04,0.09,1.65,87.66,1615.65,7724.5,1374.02,2976.08,16.66,390.3,0.03348,1103.0,292.64,154746.0,180451.0,11199.0,1,1,1,1
2012-07-05,0.08,1.62,87.22,1604.58,7699.5,1367.58,2976.1201,17.5,385.68,0.03346,1138.0,293.26,153071.0,178860.0,11603.0,1,1,1,1
2012-07-06,0.08,1.57,84.45,1583.85,7534.5,1354.68,2937.33,17.1,376.04,0.03342,1157.0,286.92,156920.0,189052.0,8992.0,1,1,1,1
2012-07-09,0.09,1.53,85.99,1587.65,7559.25,1352.46,2931.77,18.0499,371.47,0.03336,1162.0,292.7,155598.0,198866.0,8695.0,1,1,1,1
2012-07-10,0.09,1.53,83.91,1567.15,7491.0,1341.47,2902.33,18.7199,363.01,0.03335,1160.0,288.64,156575.0,207058.0,3367.0,1,1,1,1
2012-07-11,0.1,1.54,85.81,1576.38,7548.0,1341.45,2887.9799,17.95,359.67,0.03336,1146.0,290.79,158567.0,212226.0,3107.0,0,1,1,1
2012-07-12,0.1,1.5,86.08,1571.73,7573.5,1334.76,2866.1899,18.36,353.69,0.03332,1121.0,290.27,177956.0,221202.0,-4081.0,0,1,1,1
2012-07-13,0.1,1.52,87.1,1589.6,7709.0,1356.78,2908.4699,16.74,357.01,0.03332,1110.0,293.96,183987.0,224782.0,-4604.0,0,1,1,1
2012-07-16,0.1,1.5,88.43,1589.4,7695.0,1353.64,2896.9399,17.11,353.15,0.03332,1102.0,295.98,185826.0,225362.0,-8154.0,0,1,1,1
2012-07-17,0.1,1.53,89.22,1583.41,7591.0,1363.67,2910.04,16.48,351.45,0.03335,1093.0,295.64,193928.0,243773.0,-4991.0,1,1,1,1
2012-07-18,0.09,1.52,89.87,1573.45,7637.25,1372.78,2942.6,16.16,363.91,0.03333,1074.0,299.08,89772.0,129566.0,-8770.0,1,1,1,1
2012-07-19,0.09,1.54,92.97,1581.54,7734.0,1376.51,2965.8999,15.45,371.34,0.03335,1053.0,304.97,98141.0,126655.0,721.0,1,1,1,1
2012-07-20,0.09,1.49,91.83,1584.53,7543.0,1362.66,2925.3,16.27,365.01,0.03334,1037.0,304.57,102420.0,134822.0,-950.0,1,1,1,1
2012-07-23,0.1,1.47,88.14,1576.75,7398.0,1350.52,2890.1499,18.62,361.66,0.03323,1022.0,298.88,105693.0,154406.0,-4840.0,1,1,1,1
2012-07-24,0.1,1.44,88.5,1581.18,7413.25,1338.31,2862.9899,20.4699,360.23,0.0332,1003.0,296.37,109544.0,156185.0,-5026.0,1,1,1,1
2012-07-25,0.1,1.43,88.97,1603.85,7440.25,1337.89,2854.2399,19.34,367.13,0.03311,982.0,297.24,116205.0,166146.0,-1211.0,1,1,1,1
2012-07-26,0.11,1.45,89.39,1615.85,7464.5,1360.02,2893.25,17.53,375.54,0.03317,958.0,297.47,122848.0,171666.0,-998.0,1,1,1,1
2012-07-27,0.11,1.58,90.13,1623.2,7557.0,1385.97,2958.09,16.7,384.23,0.03322,933.0,299.6,128370.0,166357.0,2765.0,1,1,1,1
2012-07-30,0.11,1.53,89.78,1621.96,7534.0,1385.3,2945.84,18.03,380.61,0.03324,915.0,302.5,137087.0,168316.0,7794.0,1,1,1,1
2012-07-31,0.11,1.51,88.06,1614.58,7551.5,1379.32,2939.52,18.93,383.72,0.03332,897.0,299.51,146084.0,178031.0,8562.0,0,0,0,0
2012-08-01,0.1,1.56,88.91,1599.58,7418.25,1375.14,2920.2099,18.9599,383.83,0.03335,878.0,299.23,159132.0,180402.0,12660.0,0,0,0,0
2012-08-03,0.09,1.6,91.4,1603.55,7440.75,1390.99,2967.8999,15.64,390.1,0.03333,852.0,300.69,166763.0,184097.0,10066.0,0,0,0,0
2012-08-06,0.1,1.59,92.2,1610.68,7492.75,1394.23,2989.9099,15.95,392.08,0.03338,843.0,301.75,183933.0,195798.0,4372.0,0,0,0,0
2012-08-07,0.11,1.66,93.46,1612.35,7580.5,1401.35,3015.8601,15.99,400.06,0.03338,836.0,303.87,191527.0,197455.0,5179.0,1,1,1,0
2012-08-08,0.11,1.68,93.35,1612.55,7550.75,1402.22,3011.25,15.32,401.15,0.03335,812.0,304.32,214949.0,202287.0,15090.0,1,1,0,0
2012-08-09,0.11,1.69,93.36,1617.18,7530.0,1402.8,3018.6398,15.28,403.98,0.0334,790.0,304.81,228317.0,217480.0,20507.0,1,1,1,0
2012-08-10,0.1,1.65,92.87,1620.15,7430.5,1405.87,3020.8601,14.74,405.96,0.03334,774.0,301.81,231292.0,220142.0,19939.0,1,1,1,0
2012-08-13,0.11,1.65,92.73,1609.75,7426.5,1404.11,3022.52,13.7,402.41,0.03333,764.0,299.0,238282.0,227042.0,19377.0,1,1,1,1
2012-08-14,0.11,1.73,93.43,1599.05,7407.0,1403.93,3016.9799,14.85,399.12,0.03337,750.0,300.32,253561.0,233485.0,14280.0,1,1,1,0
2012-08-15,0.09,1.8,94.33,1603.1,7386.0,1405.53,3030.9299,14.63,401.48,0.03333,728.0,301.71,143745.0,121328.0,11903.0,1,1,0,0
2012-08-16,0.09,1.83,95.6,1615.13,7386.0,1415.51,3062.3898,14.29,408.26,0.03331,720.0,302.39,156101.0,130857.0,12078.0,1,1,0,0
2012-08-17,0.09,1.81,96.01,1616.4,7496.0,1418.16,3076.59,13.45,405.14,0.03331,714.0,303.48,163988.0,150817.0,7236.0,1,0,0,0
2012-08-20,0.11,1.82,96.26,1620.5,7433.0,1418.13,3076.2099,14.02,402.29,0.0333,711.0,304.76,179685.0,163716.0,10539.0,1,0,0,0
2012-08-21,0.11,1.8,96.84,1637.8,7510.0,1413.17,3067.26,15.02,402.3,0.03336,709.0,307.63,188371.0,170980.0,12583.0,0,0,0,0
2012-08-22,0.11,1.71,97.26,1654.5,7571.5,1413.49,3073.6699,15.11,399.17,0.03332,712.0,308.02,189142.0,180207.0,10380.0,0,0,0,0
2012-08-23,0.11,1.68,96.27,1670.53,7667.5,1402.08,3053.3999,15.96,396.66,0.03338,715.0,307.24,201092.0,192816.0,9348.0,0,0,0,0
2012-08-24,0.1,1.68,96.15,1670.5,7600.5,1411.13,3069.79,15.18,398.95,0.03333,717.0,306.04,205154.0,204064.0,10358.0,0,0,0,0
2012-08-27,0.11,1.65,95.47,1663.97,7600.5,1410.44,3073.1899,16.35,397.48,0.03336,717.0,305.89,204579.0,206141.0,3763.0,0,0,0,0
2012-08-28,0.1,1.64,96.33,1666.75,7606.0,1409.3,3077.1398,16.49,397.04,0.03333,724.0,306.91,206037.0,209335.0,5184.0,0,0,0,0
2012-08-29,0.12,1.66,95.49,1656.5,7524.5,1410.49,3081.1899,17.0599,397.42,0.03335,718.0,307.12,209801.0,210411.0,6187.0,0,0,0,0
2012-08-30,0.1,1.63,94.62,1655.6,7611.0,1399.48,3048.7099,17.83,390.7,0.03335,707.0,306.51,212074.0,212240.0,9670.0,0,0,0,0
2012-08-31,0.09,1.57,96.47,1691.85,7576.5,1406.58,3066.9599,17.4699,396.18,0.03337,703.0,309.59,217409.0,224662.0,8580.0,0,0,0,0
2012-09-03,0.09,1.57,96.47,1692.33,7649.5,1406.58,3066.9599,17.4699,396.18,0.03342,698.0,309.59,220422.0,228299.0,9625.0,0,0,0,0
2012-09-04,0.1,1.59,95.3,1695.88,7640.5,1404.94,3075.06,17.98,392.82,0.03344,693.0,308.81,223618.0,232484.0,7166.0,0,0,0,0
2012-09-05,0.11,1.6,95.36,1692.93,7606.5,1403.44,3069.27,17.74,390.27,0.03344,684.0,308.28,228489.0,243957.0,100.0,0,0,0,0
2012-09-06,0.11,1.68,95.53,1700.33,7670.5,1432.12,3135.81,15.63,404.54,0.03344,675.0,308.89,233480.0,260517.0,2187.0,0,0,0,0
2012-09-07,0.11,1.67,96.42,1735.85,7844.0,1437.92,3136.4199,14.38,401.23,0.03351,669.0,311.67,238962.0,262782.0,-439.0,1,1,0,0
2012-09-10,0.1,1.68,96.54,1726.06,8032.0,1429.08,3104.02,16.28,394.26,0.03362,666.0,313.24,243891.0,264185.0,5583.0,1,1,0,0
2012-09-11,0.1,1.7,97.17,1731.88,8080.0,1433.56,3104.53,16.41,396.74,0.03365,662.0,314.9,251626.0,266129.0,7838.0,0,0,0,0
2012-09-12,0.1,1.77,97.01,1730.75,8100.5,1436.56,3114.31,15.8,397.95,0.03371,661.0,315.7,269758.0,275526.0,9680.0,0,0,0,0
2012-09-13,0.1,1.75,98.31,1767.12,8055.5,1459.99,3155.83,14.05,401.79,0.03367,663.0,317.45,275998.0,277007.0,8180.0,0,0,0,0
2012-09-14,0.11,1.88,99.0,1770.5,8400.5,1465.77,3183.9499,14.51,406.58,0.03393,662.0,320.92,309638.0,297665.0,8055.0,0,0,0,0
2012-09-17,0.11,1.85,96.62,1761.25,8293.0,1461.19,3178.6699,14.59,402.48,0.03401,663.0,314.46,309068.0,310143.0,4424.0,1,1,0,0
2012-09-18,0.1,1.82,95.29,1771.31,8224.0,1459.32,3177.8,14.18,400.78,0.03394,697.0,311.56,320847.0,331138.0,9249.0,1,1,0,0
2012-09-19,0.11,1.79,92.3,1770.3,8323.0,1461.05,3182.6201,13.88,398.53,0.03401,722.0,308.41,137645.0,144305.0,7478.0,0,0,0,0
2012-09-20,0.11,1.8,92.42,1768.53,8202.0,1460.26,3175.9599,14.07,394.63,0.03389,755.0,306.93,152945.0,158407.0,7190.0,0,1,0,0
2012-09-21,0.11,1.77,92.89,1773.1,8282.0,1460.15,3179.9599,13.98,395.16,0.03396,774.0,308.98,164304.0,165426.0,6173.0,0,0,0,0
2012-09-24,0.11,1.74,91.93,1764.4,8155.5,1456.89,3160.78,14.15,389.0,0.03392,772.0,305.93,171830.0,166451.0,8760.0,0,0,0,0
2012-09-25,0.11,1.7,91.37,1760.64,8235.5,1441.59,3117.7299,15.43,379.38,0.03395,763.0,306.71,183093.0,175212.0,5768.0,0,0,0,0
2012-09-26,0.11,1.64,89.98,1752.75,8130.5,1433.32,3093.6999,16.8099,376.97,0.0339,752.0,303.74,191845.0,191824.0,5259.0,1,0,0,0
2012-09-27,0.09,1.66,91.85,1777.38,8175.0,1447.15,3136.6,14.84,385.46,0.03399,744.0,307.33,202073.0,197561.0,5745.0,1,0,0,0
2012-09-28,0.1,1.65,92.19,1772.25,8267.5,1440.67,3116.2299,15.73,382.27,0.03408,766.0,309.3,211841.0,200235.0,4346.0,0,0,0,0
2012-10-01,0.09,1.64,92.48,1775.43,8191.5,1444.49,3113.53,16.32,381.12,0.03401,777.0,311.26,221015.0,210015.0,5376.0,1,0,0,0
2012-10-02,0.09,1.64,91.89,1774.57,8340.0,1445.75,3120.04,15.71,382.96,0.03403,778.0,311.49,222960.0,216689.0,6888.0,1,0,0,0
2012-10-03,0.09,1.64,88.14,1777.88,8276.0,1450.99,3135.2299,15.43,381.17,0.03401,798.0,306.58,225008.0,223373.0,4051.0,1,0,0,0
2012-10-04,0.1,1.7,91.71,1790.15,8325.0,1461.4,3149.4599,14.55,383.65,0.03403,845.0,310.45,226232.0,232994.0,2330.0,0,0,0,0
2012-10-05,0.11,1.75,89.88,1780.7,8299.0,1460.93,3136.1899,14.33,383.28,0.03405,875.0,307.62,227616.0,238620.0,1423.0,0,0,0,0
2012-10-08,0.11,1.75,89.33,1774.55,8133.0,1455.88,3112.35,15.11,379.13,0.03401,883.0,306.17,229829.0,239448.0,281.0,0,0,0,0
2012-10-09,0.1,1.74,92.39,1764.2,8183.0,1441.48,3065.02,16.37,373.11,0.03401,875.0,309.12,225006.0,233779.0,-840.0,0,0,0,0
2012-10-11,0.1,1.7,92.07,1767.18,8212.0,1432.84,3049.4099,15.59,368.66,0.03398,903.0,308.87,237479.0,253398.0,-6978.0,0,0,0,0
2012-10-12,0.11,1.69,91.86,1754.03,8179.0,1428.59,3044.1101,16.1399,366.71,0.03406,926.0,306.55,249166.0,255976.0,-7439.0,0,0,0,0
2012-10-15,0.11,1.7,91.85,1737.4,8130.0,1440.13,3064.1799,15.27,372.14,0.03408,941.0,304.55,265963.0,266103.0,-5644.0,0,0,0,0
2012-10-16,0.09,1.75,92.09,1747.47,8141.5,1454.92,3101.1699,15.22,380.26,0.03414,981.0,306.2,283370.0,277578.0,-8516.0,0,0,0,0
2012-10-17,0.11,1.83,92.12,1750.15,8112.5,1460.91,3104.1201,15.07,379.41,0.03419,999.0,307.81,184203.0,176700.0,-4463.0,0,0,0,0
2012-10-18,0.1,1.86,92.1,1741.4,8210.0,1457.34,3072.8701,15.03,376.28,0.03417,989.0,308.75,199119.0,185060.0,-2836.0,0,0,0,0
2012-10-19,0.1,1.79,90.44,1721.75,8121.0,1433.19,3005.6201,16.9699,364.92,0.03415,1010.0,306.05,208191.0,192669.0,-6037.0,0,0,1,1
2012-10-22,0.1,1.83,88.65,1728.6,7983.5,1433.82,3016.9599,16.62,365.51,0.03411,1037.0,303.51,220730.0,195036.0,-3329.0,0,0,1,1
2012-10-23,0.11,1.79,86.67,1707.63,7861.0,1413.11,2990.4599,18.83,366.05,0.0341,1109.0,299.88,239366.0,210049.0,-6312.0,0,0,1,1
2012-10-24,0.11,1.8,85.73,1702.04,7860.5,1408.75,2981.6999,18.33,360.52,0.03408,1088.0,297.69,256580.0,230078.0,-4020.0,0,0,1,1
2012-10-25,0.11,1.86,86.05,1712.1,7852.0,1412.97,2986.1201,18.12,365.48,0.03415,1051.0,297.74,264942.0,234080.0,-7082.0,0,0,1,1
2012-10-26,0.12,1.78,86.28,1711.2,7765.0,1411.94,2987.9499,17.8099,367.28,0.03413,1049.0,296.84,278967.0,244099.0,-8060.0,0,0,1,1
2012-10-29,0.14,1.74,85.54,1709.25,7720.0,1411.94,2987.9499,17.8099,367.28,0.03414,1048.0,295.76,284282.0,245679.0,-2025.0,0,0,1,1
2012-10-30,0.14,1.74,85.68,1709.6,7760.0,1411.94,2987.9499,17.8099,367.28,0.03416,1043.0,295.23,292866.0,259647.0,-3020.0,0,0,1,1
2012-10-31,0.11,1.72,86.24,1720.65,7819.0,1412.16,2977.2299,18.6,367.03,0.03418,1026.0,295.84,300601.0,260228.0,-6903.0,0,1,1,1
2012-11-01,0.09,1.75,87.09,1714.2,7811.0,1427.59,3020.06,16.69,379.5,0.03414,1000.0,296.89,302717.0,293893.0,-7555.0,1,1,1,1
2012-11-02,0.09,1.75,84.86,1678.0,7765.5,1414.2,2982.1298,17.59,372.31,0.03413,986.0,292.29,307621.0,301117.0,-7004.0,1,1,1,1
2012-11-05,0.11,1.72,85.65,1684.97,7604.0,1417.26,2999.6599,18.42,378.38,0.03412,971.0,292.31,311602.0,309988.0,-6145.0,1,1,1,1
2012-11-06,0.1,1.78,88.71,1716.0,7661.0,1428.39,3011.9299,17.58,383.62,0.03416,947.0,297.17,317507.0,321125.0,-6178.0,1,1,1,1
2012-11-07,0.1,1.68,84.44,1717.55,7654.5,1394.53,2937.29,19.08,373.27,0.03425,916.0,291.49,331580.0,325371.0,-8086.0,1,1,1,1
2012-11-08,0.1,1.62,85.09,1731.4,7605.5,1377.51,2895.58,18.49,368.8,0.03424,916.0,291.87,335003.0,326040.0,-4616.0,1,1,1,1
2012-11-09,0.09,1.61,86.07,1731.07,7540.5,1379.85,2904.8701,18.61,369.7,0.03431,940.0,292.22,350131.0,322503.0,-2038.0,1,1,1,1
2012-11-12,0.09,1.61,85.57,1728.2,7626.5,1380.03,2904.25,16.68,370.02,0.03438,965.0,292.15,351735.0,327130.0,-5139.0,1,1,1,1
2012-11-13,0.11,1.59,85.38,1724.95,7606.5,1374.53,2883.8898,16.65,366.46,0.03433,985.0,292.16,360789.0,330468.0,-9282.0,1,1,1,1
2012-11-14,0.1,1.59,86.32,1726.5,7635.0,1355.49,2846.81,17.92,360.94,0.03433,1011.0,293.92,373181.0,325077.0,-2528.0,0,1,1,1
2012-11-15,0.08,1.58,85.87,1715.75,7605.5,1353.33,2836.9399,17.99,356.14,0.03431,1024.0,292.84,373218.0,328232.0,-1768.0,0,1,1,1
2012-11-16,0.06,1.58,86.92,1713.72,7573.0,1359.88,2853.1298,16.41,356.0,0.03416,1036.0,293.56,380059.0,328546.0,-4488.0,1,1,1,1
2012-11-19,0.09,1.61,89.28,1731.72,7670.5,1386.89,2916.07,15.24,363.14,0.03424,1054.0,298.35,382605.0,328816.0,-5651.0,1,1,1,1
2012-11-20,0.08,1.66,86.75,1727.05,7731.0,1387.81,2916.6799,15.08,361.81,0.03431,1066.0,296.51,390129.0,344862.0,-5036.0,0,1,1,1
2012-11-21,0.1,1.69,87.38,1728.69,7705.0,1391.03,2926.55,15.31,362.51,0.03427,1073.0,297.59,263986.0,207567.0,-1240.0,1,1,1,1
2012-11-22,0.1,1.69,87.38,1729.55,7716.0,1391.03,2926.55,15.31,362.51,0.03426,1084.0,297.59,275562.0,206630.0,2385.0,1,1,1,1
2012-11-23,0.1,1.7,88.28,1753.0,7676.0,1409.15,2966.85,15.14,369.16,0.03428,1090.0,299.07,324259.0,208960.0,8048.0,1,1,1,1
2012-11-26,0.1,1.66,87.74,1748.7,7770.5,1406.29,2976.78,15.5,370.63,0.03431,1094.0,297.74,326343.0,216170.0,3915.0,1,1,1,1
2012-11-27,0.1,1.64,87.18,1742.09,7796.0,1398.94,2967.79,15.92,369.81,0.03433,1097.0,297.77,336794.0,221253.0,6604.0,1,1,1,1
2012-11-28,0.1,1.63,86.49,1719.69,7720.0,1409.93,2991.78,15.51,373.83,0.03428,1104.0,296.7,337599.0,217812.0,8582.0,1,1,1,1
2012-11-29,0.09,1.62,88.07,1725.74,7850.0,1415.95,3012.03,15.06,374.83,0.03431,1097.0,299.35,345761.0,218461.0,15090.0,1,1,1,0
2012-11-30,0.08,1.62,88.91,1714.98,7949.0,1416.18,3010.2399,15.87,374.35,0.03435,1086.0,298.98,355715.0,231498.0,16379.0,0,0,0,0
2012-12-03,0.1,1.63,89.09,1715.96,7975.5,1409.46,3002.1999,16.6399,372.54,0.03434,1077.0,300.26,358781.0,239816.0,13603.0,1,1,1,1
2012-12-04,0.1,1.62,88.5,1697.59,7991.0,1407.05,2996.6899,17.12,375.03,0.03435,1054.0,297.23,354573.0,242975.0,11124.0,1,1,1,1
2012-12-05,0.1,1.6,87.88,1693.9,8022.0,1409.28,2973.6999,16.4599,374.46,0.03436,1022.0,297.94,360228.0,253772.0,12734.0,1,1,1,0
2012-12-06,0.1,1.59,86.26,1699.88,8020.5,1413.94,2989.27,16.58,378.63,0.03432,990.0,295.91,367501.0,261350.0,12910.0,1,1,1,1
2012-12-07,0.09,1.64,85.93,1704.07,7965.5,1418.07,2978.04,15.87,379.46,0.03433,966.0,294.7,373868.0,273091.0,12828.0,1,1,1,0
2012-12-10,0.09,1.63,85.56,1713.11,8111.5,1418.55,2986.9599,16.0499,381.83,0.03431,937.0,293.22,371993.0,277768.0,12526.0,0,0,0,0
2012-12-11,0.08,1.66,85.79,1709.95,8070.0,1427.84,3022.3,15.57,389.0,0.03434,900.0,293.84,379103.0,279626.0,14234.0,0,0,0,0
2012-12-12,0.07,1.72,86.77,1711.71,8102.0,1428.48,3013.81,15.95,387.74,0.03435,826.0,295.19,373146.0,287135.0,14015.0,0,0,0,0
2012-12-13,0.06,1.74,85.89,1697.1,8000.5,1419.45,2992.1599,16.5599,383.67,0.03436,799.0,292.7,380107.0,298126.0,10932.0,0,0,0,0
2012-12-14,0.04,1.72,86.73,1696.15,8047.5,1413.58,2971.33,16.99,381.03,0.03436,784.0,294.89,390057.0,311369.0,6679.0,0,0,0,0
2012-12-17,0.05,1.78,87.2,1698.32,8001.0,1430.36,3010.6,16.34,382.62,0.03436,766.0,295.54,399962.0,318054.0,5465.0,0,0,0,0
2012-12-18,0.06,1.84,88.4,1671.23,8005.5,1446.79,3054.53,15.57,388.73,0.03436,743.0,295.59,416100.0,333010.0,6194.0,0,0,0,0
2012-12-19,0.05,1.82,89.98,1667.18,7946.0,1435.81,3044.3601,17.36,389.47,0.03436,720.0,295.62,174748.0,154140.0,6338.0,0,0,0,0
2012-12-20,0.06,1.81,90.13,1647.92,7825.5,1443.69,3050.3898,17.67,389.49,0.03434,708.0,294.49,178827.0,160809.0,3248.0,0,0,0,0
2012-12-21,0.06,1.77,88.66,1657.22,7768.5,1430.15,3021.01,17.84,385.59,0.03434,700.0,294.13,186829.0,178368.0,2859.0,1,1,1,0
2012-12-22,0.06,1.77,88.66,1657.22,7768.5,1430.15,3021.01,17.84,385.59,0.03434,700.0,294.13,192861.0,185056.0,2665.0,1,1,1,0
2012-12-24,0.06,1.79,88.61,1657.84,7780.0,1426.66,3012.6,17.84,384.14,0.03433,699.0,293.06,201022.0,191509.0,4494.0,1,1,1,0
2012-12-25,0.06,1.79,88.61,1657.98,7780.0,1426.66,3012.6,17.84,384.14,0.03433,699.0,293.06,203420.0,203694.0,2202.0,1,1,0,0
2012-12-26,0.09,1.77,90.98,1659.45,7780.0,1419.83,2990.1599,19.48,381.01,0.03433,699.0,295.73,201169.0,205333.0,-570.0,0,0,0,0
2012-12-27,0.08,1.74,90.87,1664.1,7871.5,1418.1,2985.9099,19.4699,379.55,0.03433,699.0,295.55,208807.0,216114.0,-156.0,1,1,0,0
2012-12-28,0.01,1.73,90.8,1655.7,7870.0,1402.43,2960.31,21.79,376.87,0.03432,699.0,294.78,219182.0,220356.0,111.0,0,0,0,0
2013-01-02,0.08,1.86,93.12,1686.89,8085.0,1462.42,3112.26,14.68,399.73,0.03438,698.0,297.54,229313.0,218146.0,2735.0,0,0,0,0
2013-01-03,0.08,1.92,92.92,1663.99,8140.5,1459.37,3100.57,14.56,397.54,0.03437,700.0,295.65,232824.0,231860.0,-1121.0,0,1,0,0
2013-01-04,0.07,1.93,93.09,1656.1,8026.0,1466.47,3101.6599,13.83,397.68,0.03433,706.0,294.13,232395.0,234314.0,-1545.0,0,0,0,0
2013-01-07,0.07,1.92,93.19,1646.92,7995.5,1461.89,3098.81,13.79,395.78,0.03433,712.0,295.23,228637.0,234522.0,-3215.0,0,0,0,0
2013-01-08,0.07,1.89,93.15,1659.13,8050.5,1457.15,3091.81,13.62,391.36,0.03433,734.0,294.61,228760.0,242186.0,-5085.0,0,0,0,0
2013-01-09,0.06,1.88,93.1,1657.63,8059.0,1461.02,3105.81,13.81,395.47,0.03435,743.0,293.97,225793.0,241212.0,1160.0,1,1,0,0
2013-01-10,0.06,1.91,93.82,1675.36,8117.0,1472.12,3121.76,13.49,400.73,0.03438,751.0,296.53,234249.0,250258.0,2262.0,0,1,0,0
2013-01-11,0.07,1.89,93.56,1662.98,8071.0,1472.05,3125.6298,13.36,402.86,0.03444,760.0,296.66,238857.0,263995.0,-4156.0,0,0,0,0
2013-01-14,0.08,1.89,94.14,1667.8,8030.0,1470.68,3117.5,13.52,401.89,0.03441,762.0,298.12,250372.0,274642.0,-3760.0,0,0,0,0
2013-01-15,0.09,1.86,93.28,1679.62,7945.0,1472.34,3110.78,13.55,399.87,0.03442,765.0,297.63,256438.0,280294.0,-5635.0,1,1,0,0
2013-01-16,0.08,1.84,94.24,1679.93,7910.5,1472.63,3117.54,13.42,404.46,0.03437,781.0,298.2,161828.0,157501.0,-204.0,1,0,0,0
2013-01-17,0.07,1.89,95.94,1687.64,7930.0,1480.94,3136.0,13.57,412.53,0.03438,820.0,300.33,190315.0,172484.0,2582.0,1,0,0,0
2013-01-18,0.08,1.87,96.04,1684.25,8053.0,1485.98,3134.7099,12.46,410.64,0.03441,837.0,301.2,206175.0,182359.0,1381.0,1,0,0,0
2013-01-21,0.08,1.87,96.04,1690.05,8020.5,1485.98,3134.7099,12.46,410.64,0.0344,838.0,301.2,207105.0,182529.0,1165.0,1,0,0,0
2013-01-22,0.08,1.86,96.68,1692.75,8068.0,1492.56,3143.1799,12.43,409.6,0.03437,825.0,301.5,215415.0,186824.0,4337.0,1,0,0,0
2013-01-23,0.08,1.86,95.23,1685.84,8115.5,1494.81,3153.6699,12.46,413.88,0.03437,817.0,300.6,217051.0,196040.0,130.0,0,0,0,0
2013-01-24,0.08,1.88,95.95,1667.97,8036.0,1494.82,3130.3798,12.69,410.24,0.03432,808.0,300.42,222790.0,209437.0,-567.0,0,0,0,0
2013-01-25,0.08,1.98,95.88,1658.65,8060.0,1502.96,3149.7099,12.89,415.44,0.03419,798.0,299.31,223390.0,215122.0,-4252.0,0,0,0,0
2013-01-28,0.07,2.0,96.44,1655.61,8015.0,1500.18,3154.3,13.57,416.16,0.03383,792.0,300.19,225866.0,218342.0,1400.0,0,0,0,0
2013-01-29,0.07,2.03,97.57,1663.8,8010.5,1507.84,3153.6599,13.31,413.28,0.03383,779.0,301.83,244747.0,227136.0,6555.0,0,0,0,0
2013-01-30,0.07,2.03,97.94,1677.0,8175.5,1501.96,3142.31,14.32,414.1,0.03382,767.0,304.75,243741.0,227856.0,4482.0,0,0,0,0
2013-01-31,0.07,2.02,97.49,1663.7,8170.0,1498.11,3142.1298,14.38,412.73,0.0338,760.0,303.99,249725.0,231761.0,7091.0,0,0,0,0
2013-02-01,0.06,2.04,97.77,1667.4,8160.0,1513.17,3179.1,12.9,420.55,0.03371,750.0,305.07,254773.0,238964.0,5044.0,0,0,0,0
2013-02-04,0.07,2.0,96.17,1674.3,8226.0,1495.71,3131.1699,14.67,414.18,0.03381,745.0,302.91,260488.0,248246.0,2617.0,0,0,0,0
2013-02-05,0.07,2.04,96.64,1672.95,8242.5,1511.29,3171.58,13.72,420.69,0.0338,739.0,304.14,265719.0,261746.0,-1434.0,0,0,0,0
2013-02-06,0.07,2.0,96.62,1677.57,8200.0,1512.12,3168.4799,13.41,421.56,0.03376,740.0,302.91,280093.0,274461.0,-1203.0,0,0,0,0
2013-02-18,0.1,2.01,96.41,1609.78,8075.5,1519.79,3192.03,12.46,428.5,0.03366,747.0,298.45,274450.0,270009.0,1895.0,0,0,0,0
2013-02-19,0.12,2.03,97.1,1605.05,8070.0,1530.94,3213.59,12.31,433.64,0.03369,738.0,298.38,282609.0,276243.0,4065.0,0,0,0,1
2013-02-20,0.12,2.02,95.22,1564.55,8009.5,1511.95,3164.4099,14.68,423.95,0.03378,735.0,296.59,176766.0,158028.0,7675.0,0,0,0,1
2013-02-21,0.13,1.99,92.84,1576.27,7847.5,1502.42,3131.4899,15.22,416.27,0.03369,737.0,293.13,179338.0,173331.0,6780.0,1,1,1,1
2013-02-22,0.13,1.97,93.13,1581.16,7825.0,1515.6,3161.82,14.17,424.98,0.03372,740.0,293.52,184277.0,184756.0,5946.0,1,1,1,1
2013-02-23,0.13,1.97,93.13,1581.16,7825.0,1515.6,3161.82,14.17,424.98,0.03372,740.0,293.52,186872.0,186019.0,5675.0,0,0,0,1
2013-02-25,0.12,1.88,93.11,1593.46,7865.5,1487.85,3116.25,18.99,416.66,0.03367,743.0,293.81,190195.0,205968.0,4254.0,1,1,1,1
2013-02-26,0.14,1.88,92.63,1613.76,7785.0,1496.94,3129.6499,16.87,419.89,0.03362,741.0,293.23,204616.0,232129.0,6487.0,1,1,1,1
2013-02-27,0.11,1.91,92.76,1597.1,7831.0,1515.99,3162.26,14.73,426.46,0.03366,745.0,292.9,195677.0,205193.0,5984.0,1,0,1,1
2013-03-01,0.11,1.86,90.68,1576.18,7620.5,1518.2,3169.7399,15.36,425.09,0.03371,776.0,290.36,200626.0,213498.0,4919.0,1,0,1,1
2013-03-04,0.11,1.88,90.12,1573.83,7751.0,1525.2,3182.03,14.01,424.01,0.03359,789.0,290.72,205891.0,238603.0,-677.0,1,0,1,1
2013-03-05,0.08,1.9,90.82,1575.5,7720.0,1539.79,3224.1298,13.48,432.39,0.03365,806.0,291.58,213966.0,242960.0,5416.0,1,0,1,1
2013-03-06,0.1,1.95,90.43,1583.97,7699.5,1541.46,3222.3701,13.53,432.96,0.0337,820.0,289.84,217207.0,223892.0,3835.0,0,0,1,1
2013-03-07,0.1,2.0,91.56,1579.0,7671.0,1544.26,3232.09,13.06,434.68,0.03368,834.0,292.73,218464.0,229785.0,6324.0,0,0,1,1
2013-03-08,0.1,2.06,91.95,1578.97,7730.0,1551.18,3244.3701,12.59,435.26,0.03365,843.0,294.38,229561.0,228261.0,10470.0,0,0,0,1
2013-03-11,0.1,2.07,92.06,1581.6,7677.0,1556.22,3252.8701,11.56,435.85,0.03362,847.0,294.73,231196.0,232305.0,8080.0,0,0,0,1
2013-03-12,0.1,2.03,92.54,1592.8,7815.0,1552.48,3242.32,12.27,437.67,0.03364,865.0,295.7,237000.0,230560.0,7633.0,0,0,1,1
2013-03-13,0.09,2.04,92.52,1587.7,7777.5,1554.52,3245.1201,11.83,439.14,0.03363,875.0,294.8,232033.0,233737.0,6176.0,0,0,0,1
2013-03-14,0.1,2.04,93.03,1590.19,7762.0,1563.23,3258.9299,11.3,441.53,0.03356,880.0,296.26,231374.0,239090.0,2420.0,0,0,0,1
2013-03-15,0.09,2.01,93.82,1592.1,7782.0,1560.7,3249.07,11.3,434.18,0.0336,892.0,296.44,233319.0,244357.0,-367.0,0,0,1,1
2013-03-18,0.07,1.96,94.11,1605.49,7555.5,1552.1,3237.59,13.36,428.39,0.03354,899.0,294.45,234390.0,266127.0,-993.0,0,0,1,1
2013-03-19,0.07,1.92,92.52,1612.87,7539.0,1548.34,3229.1,14.39,426.73,0.03356,912.0,293.13,238878.0,278441.0,-590.0,0,0,1,1
2013-03-20,0.07,1.96,93.5,1606.92,7574.5,1558.71,3254.1899,12.67,432.01,0.03351,923.0,294.94,130177.0,120746.0,1923.0,1,1,1,1
2013-03-21,0.07,1.95,92.45,1614.85,7580.0,1545.8,3222.6,13.99,425.25,0.0335,930.0,294.05,137498.0,133096.0,2112.0,0,1,1,1
2013-03-22,0.07,1.93,93.71,1608.55,7618.0,1556.89,3245.0,13.57,430.08,0.03343,933.0,294.7,145779.0,146080.0,4025.0,0,1,1,1
2013-03-25,0.08,1.93,94.81,1605.3,7602.0,1551.69,3235.3,13.74,429.17,0.03346,935.0,294.7,151215.0,153932.0,5119.0,0,1,1,1
2013-03-26,0.07,1.92,96.34,1600.05,7631.0,1563.77,3252.4799,12.77,433.07,0.03345,931.0,296.72,163325.0,180521.0,3459.0,1,1,1,1
2013-03-27,0.09,1.87,96.58,1605.27,7570.0,1562.85,3256.52,13.15,433.53,0.0334,922.0,298.17,166552.0,170070.0,5952.0,1,1,1,1
2013-03-28,0.07,1.87,97.23,1596.97,7582.5,1569.19,3267.52,12.7,436.66,0.0334,910.0,296.39,169389.0,184246.0,5823.0,1,1,1,1
2013-03-29,0.07,1.87,97.23,1597.5,7582.5,1569.19,3267.52,12.7,436.66,0.03347,910.0,296.39,185063.0,193461.0,10147.0,0,1,1,1
2013-04-01,0.08,1.86,97.07,1599.52,7582.5,1562.17,3239.1699,13.58,427.8,0.03341,910.0,294.59,188842.0,194308.0,9015.0,1,1,1,1
2013-04-02,0.07,1.88,97.19,1575.89,7434.5,1570.25,3254.8601,12.76,424.21,0.03342,896.0,293.52,189281.0,195586.0,9479.0,0,1,1,1
2013-04-03,0.06,1.83,94.45,1557.9,7405.5,1553.69,3218.6,14.21,415.81,0.03342,877.0,289.77,185843.0,194399.0,8301.0,1,1,1,1
2013-04-08,0.07,1.76,93.36,1573.47,7457.5,1563.07,3222.25,13.19,424.17,0.03327,858.0,289.18,183306.0,214642.0,-9150.0,0,1,1,1
2013-04-09,0.06,1.78,94.2,1585.35,7485.5,1568.61,3237.8601,12.84,428.14,0.03328,856.0,290.99,192269.0,219900.0,-8854.0,1,1,1,1
2013-04-10,0.07,1.84,94.64,1558.42,7547.0,1587.73,3297.25,12.36,437.34,0.03334,859.0,290.79,193210.0,215758.0,-7983.0,1,1,1,1
2013-04-11,0.07,1.82,93.51,1561.5,7510.0,1593.37,3300.1599,12.24,435.63,0.03336,865.0,289.94,206792.0,217476.0,132.0,1,1,1,1
2013-04-12,0.06,1.75,91.29,1482.75,7510.0,1588.85,3294.9499,12.06,433.63,0.03334,875.0,287.21,215391.0,226398.0,336.0,1,1,1,1
2013-04-15,0.06,1.72,88.71,1348.21,7120.5,1552.36,3216.4899,17.27,422.67,0.03341,876.0,280.93,233628.0,238081.0,3773.0,1,1,1,1
2013-04-16,0.06,1.75,88.72,1367.36,7219.0,1574.57,3264.6298,13.96,431.85,0.03341,880.0,283.23,249144.0,250163.0,1402.0,1,1,1,1
2013-04-17,0.06,1.73,86.97,1376.25,7067.0,1552.01,3204.6699,16.51,417.65,0.03344,885.0,280.88,170717.0,149032.0,2820.0,1,1,1,1
2013-04-18,0.05,1.72,88.0,1390.5,6962.5,1541.61,3166.3601,17.5599,413.88,0.03343,885.0,282.9,186283.0,176192.0,7566.0,1,1,1,1
2013-04-19,0.05,1.73,88.27,1403.79,6975.0,1555.25,3206.06,14.97,416.97,0.03351,888.0,283.19,202489.0,183786.0,17959.0,1,1,1,1
2013-04-22,0.05,1.72,89.19,1426.45,6875.5,1562.5,3233.55,14.39,421.37,0.03348,889.0,282.8,207580.0,189126.0,15559.0,1,1,1,1
2013-04-23,0.05,1.74,89.18,1413.0,6811.0,1578.78,3269.33,13.48,430.21,0.03348,885.0,280.99,217422.0,194263.0,14054.0,1,1,1,1
2013-04-24,0.06,1.73,91.43,1431.99,6935.5,1578.79,3269.6499,13.61,435.65,0.03352,879.0,282.9,210266.0,187360.0,12051.0,1,1,1,1
2013-04-25,0.05,1.74,93.64,1467.9,7035.0,1585.16,3289.9899,13.62,439.98,0.03361,872.0,287.13,222249.0,194116.0,14419.0,1,1,1,1
2013-04-26,0.05,1.7,93.0,1461.92,7054.5,1582.24,3279.26,13.61,435.29,0.03366,871.0,285.4,224428.0,197290.0,16643.0,0,1,0,1
2013-04-29,0.05,1.7,94.5,1475.84,7079.0,1593.61,3307.02,13.71,440.8,0.03378,868.0,289.44,226087.0,200304.0,21402.0,1,1,1,1
2013-04-30,0.05,1.7,93.46,1476.71,7073.5,1597.57,3328.79,13.52,444.36,0.03377,863.0,288.13,223994.0,204531.0,20109.0,1,1,1,1
2013-05-02,0.05,1.66,93.99,1467.07,6870.5,1597.59,3340.6201,13.59,446.89,0.03374,873.0,286.69,234071.0,204031.0,23394.0,1,0,0,1
2013-05-03,0.05,1.78,95.61,1470.75,7122.0,1614.42,3378.6298,12.85,450.92,0.03377,878.0,290.17,246590.0,217596.0,20503.0,1,1,1,1
2013-05-06,0.04,1.8,96.16,1469.46,7122.0,1617.5,3392.9699,12.66,453.47,0.03375,878.0,290.05,247775.0,225520.0,19405.0,1,1,1,1
2013-05-07,0.04,1.82,95.62,1452.7,7240.5,1625.96,3396.6298,12.83,453.62,0.0338,889.0,288.99,249022.0,233375.0,22157.0,1,0,1,1
2013-05-08,0.04,1.81,96.62,1473.94,7326.0,1632.69,3413.27,12.66,459.47,0.0339,892.0,290.79,276857.0,237663.0,22155.0,1,0,1,1
2013-05-09,0.04,1.81,96.39,1458.15,7311.0,1626.67,3409.1699,13.13,461.85,0.03389,889.0,291.45,258487.0,254861.0,19058.0,0,0,0,1
2013-05-10,0.04,1.9,96.04,1448.55,7390.5,1633.7,3436.58,12.59,465.94,0.03356,884.0,288.68,260155.0,257281.0,15799.0,1,0,1,1
2013-05-13,0.05,1.92,95.17,1430.59,7350.5,1633.77,3438.79,12.55,461.28,0.03342,879.0,288.77,269345.0,263502.0,15457.0,1,0,1,1
2013-05-14,0.05,1.96,94.21,1425.46,7195.5,1650.34,3462.6101,12.77,463.33,0.03344,872.0,287.67,275949.0,267493.0,16450.0,1,0,1,1
2013-05-15,0.04,1.94,94.3,1393.03,7095.5,1658.78,3471.6201,12.81,467.82,0.0333,861.0,286.53,182872.0,159115.0,15819.0,0,0,0,1
2013-05-16,0.03,1.87,95.45,1385.97,7095.5,1650.47,3465.2399,13.07,464.28,0.03328,850.0,286.25,213742.0,181358.0,12206.0,0,0,0,0
2013-05-17,0.04,1.95,96.29,1359.5,7329.5,1667.47,3498.9699,12.45,470.63,0.03327,841.0,287.6,213364.0,188575.0,9484.0,0,0,0,1
2013-05-20,0.05,1.97,96.93,1393.85,7276.0,1666.29,3496.4299,13.02,469.12,0.0333,836.0,288.78,211642.0,197470.0,8332.0,0,0,1,1
2013-05-21,0.04,1.94,96.18,1376.29,7384.0,1669.16,3502.1201,13.37,469.03,0.0334,830.0,287.92,209983.0,203790.0,11020.0,0,0,1,1
2013-05-22,0.04,2.03,94.28,1370.27,7480.0,1655.35,3463.3,13.82,461.62,0.03338,829.0,286.33,207944.0,200614.0,6643.0,0,0,1,1
2013-05-23,0.05,2.02,94.25,1391.05,7285.5,1650.51,3459.4199,14.07,461.75,0.03331,828.0,286.03,211627.0,219828.0,1976.0,0,0,1,1
2013-05-24,0.04,2.01,94.15,1386.64,7240.0,1649.6,3459.1398,13.99,461.5,0.0333,826.0,284.89,221785.0,246654.0,2242.0,0,0,1,1
2013-05-27,0.04,2.01,94.15,1394.78,7240.0,1649.6,3459.1398,13.99,461.5,0.03337,826.0,284.89,224711.0,256778.0,5494.0,0,0,1,1
2013-05-28,0.05,2.15,95.01,1381.12,7257.0,1660.06,3488.8898,14.48,465.94,0.03327,822.0,285.91,223429.0,257979.0,3602.0,0,0,1,1
2013-05-29,0.05,2.13,93.13,1392.95,7201.5,1648.36,3467.52,14.83,467.29,0.0332,818.0,284.27,219828.0,258521.0,7667.0,0,0,1,1
2013-05-30,0.04,2.13,93.61,1414.0,7245.5,1654.41,3491.3,14.53,474.43,0.0332,811.0,283.76,217768.0,268062.0,3378.0,0,1,1,1
2013-05-31,0.04,2.16,91.97,1387.8,7241.0,1630.74,3455.9099,16.2999,468.63,0.03327,809.0,281.85,219233.0,281119.0,-1461.0,1,1,1,1
2013-06-03,0.05,2.13,93.45,1411.35,7330.5,1640.42,3465.3701,16.28,470.72,0.03326,806.0,284.9,225192.0,289619.0,5938.0,1,1,1,1
2013-06-04,0.04,2.14,93.31,1399.56,7337.5,1631.38,3445.26,16.27,472.45,0.03331,805.0,285.94,230439.0,294465.0,314.0,1,1,1,1
2013-06-05,0.05,2.1,93.74,1403.43,7421.5,1608.9,3401.4799,17.5,465.29,0.03343,801.0,285.97,229740.0,289177.0,2894.0,1,1,1,1
2013-06-06,0.05,2.08,94.76,1413.97,7311.0,1622.56,3424.05,16.6299,464.66,0.03343,806.0,287.02,232257.0,302089.0,-4792.0,1,1,1,1
2013-06-07,0.04,2.17,96.03,1382.97,7282.0,1643.38,3469.2199,15.14,471.47,0.03348,812.0,287.67,236244.0,311698.0,-5593.0,1,1,1,1
2013-06-10,0.05,2.22,95.77,1386.5,7120.0,1642.81,3473.77,15.44,473.97,0.03326,815.0,286.5,237353.0,315342.0,-4157.0,0,1,1,1
2013-06-11,0.05,2.2,95.38,1378.33,7036.0,1626.13,3436.9499,17.07,463.43,0.03316,825.0,285.01,235761.0,318360.0,-4261.0,1,1,1,1
2013-06-13,0.05,2.19,96.69,1386.15,7057.5,1636.36,3445.3601,16.41,467.38,0.03315,873.0,285.3,233904.0,324201.0,-11700.0,1,1,1,1
2013-06-14,0.05,2.14,97.85,1390.67,7045.0,1626.73,3423.56,17.15,465.53,0.03337,900.0,286.18,250950.0,325702.0,-11171.0,1,1,1,1
2013-06-17,0.05,2.19,98.03,1385.27,7020.5,1639.04,3452.1298,16.7999,472.34,0.03336,925.0,286.26,251118.0,327077.0,-8789.0,1,1,1,1
2013-06-18,0.05,2.2,98.67,1367.67,6970.5,1651.81,3482.1799,16.61,480.06,0.03333,962.0,286.43,256863.0,336705.0,-7920.0,1,1,1,1
2013-06-19,0.05,2.33,98.48,1351.31,6972.5,1628.93,3443.1999,16.6399,474.51,0.03338,995.0,287.96,115223.0,143616.0,-8061.0,1,1,1,1
2013-06-20,0.05,2.41,95.14,1284.97,6808.0,1588.19,3364.6398,20.49,459.72,0.03316,1012.0,279.57,123701.0,163774.0,-12608.0,1,1,1,1
2013-06-21,0.05,2.52,93.69,1296.42,6777.0,1592.43,3357.25,18.9,460.85,0.03303,1027.0,278.08,134772.0,211663.0,-14309.0,1,1,1,1
2013-06-24,0.06,2.57,95.18,1282.39,6637.5,1573.09,3320.76,20.11,451.55,0.03295,1062.0,277.48,139070.0,226019.0,-16069.0,1,1,1,1
2013-06-25,0.06,2.6,95.32,1277.65,6726.5,1588.03,3347.8898,18.4699,462.51,0.03305,1090.0,278.02,146255.0,239526.0,-16172.0,1,1,1,1
2013-06-26,0.06,2.55,95.5,1226.59,6685.5,1603.26,3376.2199,17.2099,464.93,0.03306,1125.0,276.79,138931.0,211895.0,-14583.0,1,1,1,1
2013-06-27,0.06,2.49,97.05,1200.67,6705.5,1613.2,3401.8601,16.86,466.74,0.03312,1151.0,277.35,143921.0,219576.0,-15187.0,1,1,1,1
2013-06-28,0.04,2.52,96.56,1234.53,6750.5,1606.28,3403.25,16.86,468.43,0.0332,1171.0,275.62,149265.0,218346.0,-4125.0,0,0,0,0
2013-07-01,0.04,2.5,97.99,1252.52,6917.0,1614.96,3434.4899,16.37,467.73,0.03321,1179.0,277.9,146215.0,227985.0,-1876.0,1,1,0,0
2013-07-02,0.03,2.48,99.6,1243.43,6980.0,1614.08,3433.3999,16.44,468.18,0.0332,1170.0,279.69,147725.0,231187.0,-2510.0,1,1,0,0
2013-07-03,0.03,2.48,101.24,1252.88,6922.0,1615.41,3443.6699,16.2,469.8,0.033,1133.0,281.79,138747.0,228716.0,-2532.0,1,1,0,0
2013-07-04,0.03,2.48,101.24,1249.89,6920.5,1615.41,3443.6699,16.2,469.8,0.03311,1103.0,281.79,142306.0,232409.0,-2453.0,1,1,0,0
2013-07-05,0.04,2.73,103.22,1223.14,6821.0,1631.89,3479.3798,14.89,476.12,0.03309,1099.0,280.72,148781.0,245824.0,965.0,1,1,0,0
2013-07-08,0.05,2.65,103.14,1236.98,6765.0,1640.46,3484.83,14.78,466.5,0.03296,1115.0,282.64,151285.0,252893.0,-5474.0,1,1,0,0
2013-07-09,0.04,2.65,103.53,1251.39,6719.0,1652.32,3504.26,14.35,471.41,0.0332,1120.0,283.6,154456.0,253690.0,664.0,0,0,0,0
2013-07-10,0.04,2.7,106.52,1259.72,6780.0,1652.62,3520.76,14.21,476.7,0.03324,1130.0,286.17,155866.0,250947.0,4492.0,0,0,0,0
2013-07-11,0.04,2.6,104.91,1286.01,6995.5,1675.02,3578.3,14.01,486.56,0.03339,1139.0,286.68,166004.0,262064.0,3993.0,1,1,0,0
2013-07-12,0.04,2.61,105.95,1285.59,6923.0,1680.19,3600.08,13.84,489.61,0.03341,1149.0,286.66,167133.0,271710.0,1587.0,1,0,0,0
2013-07-15,0.04,2.57,106.32,1284.7,6891.5,1682.5,3607.4899,13.79,489.33,0.03339,1151.0,286.8,167710.0,277386.0,-15.0,1,0,0,0
2013-07-16,0.03,2.55,106.0,1292.13,6936.5,1676.26,3598.5,14.42,491.06,0.03347,1152.0,288.48,170161.0,281002.0,-2729.0,1,0,0,0
2013-07-17,0.03,2.52,106.35,1276.02,6924.0,1680.91,3610.0,13.78,491.58,0.03342,1151.0,287.96,111224.0,140397.0,2381.0,0,0,0,0
2013-07-18,0.03,2.56,107.81,1284.23,6855.5,1689.37,3611.28,13.77,487.22,0.03331,1146.0,290.51,114569.0,148335.0,-682.0,0,0,0,0
2013-07-19,0.03,2.5,108.05,1296.03,6920.0,1692.09,3587.6101,12.54,486.17,0.03336,1138.0,290.92,125366.0,175053.0,-4914.0,1,0,0,0
2013-07-22,0.04,2.5,106.94,1335.82,6980.0,1695.53,3600.3898,12.29,485.15,0.03341,1135.0,291.04,128709.0,174923.0,-576.0,0,0,0,0
2013-07-23,0.02,2.53,107.23,1345.18,6961.0,1692.39,3579.27,12.66,483.52,0.03342,1127.0,290.65,133972.0,180645.0,1126.0,0,0,0,0
2013-07-24,0.03,2.61,105.39,1322.14,7076.5,1685.94,3579.6,13.18,474.69,0.0334,1117.0,287.74,126558.0,166510.0,994.0,0,0,0,0
2013-07-25,0.02,2.61,105.49,1333.83,6927.5,1690.25,3605.1899,12.97,477.4,0.03336,1092.0,286.9,128434.0,168875.0,2834.0,0,0,0,0
2013-07-26,0.03,2.58,104.7,1333.16,6905.5,1691.65,3613.1599,12.72,473.12,0.03339,1082.0,284.46,130546.0,178349.0,1201.0,0,0,0,0
2013-07-29,0.03,2.61,104.55,1328.1,6860.5,1685.33,3599.1398,13.39,469.97,0.03338,1075.0,283.63,134010.0,182406.0,891.0,0,0,0,0
2013-07-30,0.04,2.63,103.08,1326.37,6752.0,1685.96,3616.4699,13.39,475.59,0.03333,1067.0,281.68,139884.0,185987.0,6306.0,0,0,0,0
2013-07-31,0.04,2.6,105.03,1325.07,6805.0,1685.73,3626.3701,13.45,477.78,0.0332,1062.0,283.94,139816.0,187556.0,-2026.0,0,0,0,0
2013-08-01,0.04,2.74,107.89,1310.2,6999.0,1706.87,3675.7399,12.99,486.6,0.0332,1066.0,285.08,144471.0,195975.0,-5497.0,0,0,0,0
2013-08-02,0.04,2.63,106.94,1312.03,7019.0,1709.67,3689.59,11.98,483.38,0.03319,1065.0,283.77,148936.0,205602.0,-6137.0,0,0,0,0
2013-08-05,0.05,2.67,106.56,1303.01,6950.5,1707.14,3692.9499,11.84,482.14,0.03339,1058.0,283.18,151190.0,207842.0,-2512.0,0,0,0,0
2013-08-06,0.04,2.67,105.3,1283.19,7026.5,1697.37,3665.77,12.72,478.68,0.03334,1046.0,281.37,151096.0,218408.0,-12602.0,0,0,0,0
2013-08-07,0.05,2.61,104.37,1287.61,6892.0,1690.91,3654.01,12.98,474.12,0.03331,1024.0,281.54,155699.0,212951.0,-13801.0,1,1,1,0
2013-08-08,0.05,2.58,103.4,1313.27,7121.5,1697.48,3669.1201,12.73,474.31,0.03338,1012.0,283.49,158572.0,220580.0,-15842.0,1,1,1,0
2013-08-09,0.05,2.57,105.97,1314.46,7186.0,1691.42,3660.1101,13.41,471.76,0.03338,1001.0,285.38,172322.0,219705.0,-16289.0,1,1,1,0
2013-08-12,0.06,2.61,106.11,1338.39,7246.0,1689.47,3669.9499,12.81,473.62,0.03336,996.0,288.24,175138.0,227540.0,-14188.0,0,0,0,0
2013-08-13,0.06,2.71,106.83,1321.67,7281.0,1694.16,3684.4399,12.31,479.07,0.03333,1007.0,288.08,175877.0,231011.0,-11658.0,0,0,0,0
2013-08-14,0.05,2.71,106.85,1336.16,7272.5,1685.39,3669.27,13.04,471.34,0.0333,1060.0,290.04,181295.0,230163.0,-16946.0,0,0,0,0
2013-08-15,0.05,2.77,107.33,1366.18,7228.0,1661.32,3606.1201,14.73,460.84,0.03329,1091.0,292.45,180267.0,235598.0,-16426.0,0,0,0,0
2013-08-16,0.05,2.84,107.46,1376.57,7335.5,1655.83,3602.78,14.37,462.46,0.03333,1102.0,292.49,187594.0,249073.0,-12818.0,0,0,0,0
2013-08-19,0.06,2.88,106.86,1366.0,7285.5,1646.06,3589.09,15.1,459.29,0.0333,1115.0,293.07,193047.0,264250.0,-15954.0,0,0,0,0
2013-08-20,0.04,2.82,105.11,1371.23,7265.5,1652.35,3613.59,14.91,461.83,0.03323,1145.0,290.34,201261.0,271554.0,-18369.0,1,1,0,0
2013-08-22,0.03,2.9,105.03,1376.14,7340.5,1656.96,3638.7099,14.76,463.83,0.03319,1158.0,288.34,123374.0,183696.0,-11940.0,0,0,0,0
2013-08-23,0.03,2.82,106.42,1397.73,7300.5,1663.5,3657.79,14.06,463.82,0.03327,1165.0,290.79,129000.0,190421.0,-8482.0,1,1,0,0
2013-08-26,0.04,2.79,105.92,1404.65,7300.5,1656.78,3657.57,14.99,462.92,0.03332,1165.0,292.87,132158.0,197823.0,-8915.0,1,1,0,0
2013-08-27,0.05,2.72,109.01,1415.15,7287.0,1630.48,3578.52,16.82,451.21,0.03327,1169.0,294.71,141401.0,209344.0,-7870.0,1,1,0,0
2013-08-28,0.03,2.78,110.1,1417.51,7264.5,1634.96,3593.35,16.49,456.39,0.03328,1146.0,295.69,142042.0,208303.0,-3754.0,1,1,0,0
2013-08-29,0.02,2.75,108.8,1407.79,7129.75,1638.17,3620.3,16.8099,461.82,0.03332,1136.0,293.79,158171.0,211547.0,986.0,0,0,0,0
2013-08-30,0.03,2.78,107.65,1395.27,7077.5,1632.97,3589.8701,17.01,457.7,0.03335,1132.0,291.16,162349.0,221440.0,-7.0,0,0,0,0
2013-09-02,0.03,2.78,107.65,1389.77,7214.5,1632.97,3589.8701,17.01,457.7,0.03344,1139.0,291.16,165627.0,223280.0,2725.0,0,0,0,0
2013-09-03,0.02,2.86,108.54,1412.41,7219.25,1639.77,3612.6101,16.61,461.64,0.03342,1168.0,292.79,167491.0,226702.0,-462.0,0,0,0,0
2013-09-04,0.02,2.9,107.23,1391.57,7095.0,1653.08,3649.04,15.88,473.56,0.03346,1215.0,290.58,167476.0,225463.0,-784.0,0,0,0,0
2013-09-05,0.02,2.98,108.37,1367.48,7079.25,1655.08,3658.78,15.77,477.04,0.03335,1279.0,290.71,178098.0,237276.0,709.0,0,0,0,0
2013-09-06,0.02,2.94,110.53,1391.8,7131.25,1655.17,3660.01,15.85,475.1,0.03344,1352.0,293.34,184141.0,246162.0,3186.0,1,0,0,0
2013-09-09,0.02,2.9,109.52,1386.97,7164.0,1671.71,3706.1799,15.63,481.42,0.03353,1478.0,292.27,184346.0,253886.0,3547.0,1,0,0,0
2013-09-10,0.02,2.96,107.39,1363.88,7136.25,1683.99,3729.02,14.53,490.65,0.0336,1541.0,290.09,200591.0,261426.0,5862.0,1,0,0,0
2013-09-11,0.02,2.93,107.56,1365.31,7136.75,1689.13,3725.01,13.82,489.04,0.03353,1628.0,290.68,197079.0,245952.0,3589.0,1,0,0,0
2013-09-12,0.01,2.92,108.6,1321.73,7028.4,1683.42,3715.9699,14.29,486.06,0.03358,1621.0,292.05,204865.0,254150.0,4412.0,0,0,0,0
2013-09-13,0.01,2.9,108.21,1326.17,7010.5,1687.99,3722.1799,14.16,488.23,0.03351,1636.0,291.02,210293.0,262048.0,2095.0,0,0,0,0
2013-09-14,0.01,2.9,108.21,1326.17,7010.5,1687.99,3722.1799,14.16,488.23,0.03351,1636.0,291.02,211415.0,260728.0,3598.0,0,0,0,0
2013-09-16,0.02,2.88,106.59,1312.79,7050.0,1697.6,3717.85,14.42,490.35,0.03365,1651.0,289.46,221424.0,274503.0,6506.0,0,0,0,0
2013-09-17,0.01,2.86,104.82,1310.6,7056.5,1704.76,3745.6999,14.53,493.4,0.0336,1740.0,286.72,239102.0,289380.0,4908.0,0,0,0,0
2013-09-18,0.01,2.69,107.28,1363.77,7090.5,1725.52,3783.6398,13.59,497.67,0.03361,1822.0,289.54,148598.0,141733.0,1526.0,0,0,0,0
2013-09-23,0.02,2.72,103.59,1322.72,7181.0,1701.84,3765.29,14.31,491.29,0.03375,1947.0,286.17,168727.0,149381.0,4778.0,0,0,0,0
2013-09-24,0.02,2.67,103.13,1323.26,7140.5,1697.42,3768.25,14.08,494.73,0.03375,2021.0,285.17,176046.0,162054.0,4448.0,0,0,0,0
2013-09-25,0.02,2.63,102.66,1334.36,7155.0,1692.77,3761.1,14.01,494.95,0.03368,2127.0,285.88,163129.0,157488.0,1026.0,0,0,0,0
2013-09-26,0.0,2.66,103.03,1324.08,7220.5,1698.67,3787.4299,14.06,494.71,0.0337,2113.0,286.77,169874.0,160844.0,1093.0,0,0,0,0
2013-09-27,0.02,2.64,102.87,1336.88,7252.5,1691.75,3781.59,15.46,490.81,0.03372,2046.0,286.98,175618.0,163458.0,2309.0,0,0,0,0
2013-09-30,0.02,2.64,102.33,1329.03,7290.5,1681.55,3771.4799,16.6,490.83,0.0337,2003.0,285.54,177061.0,177267.0,3958.0,0,0,0,0
2013-10-01,0.02,2.66,102.04,1287.54,7219.0,1695.0,3817.9799,15.54,495.77,0.03377,1994.0,284.02,183910.0,183050.0,2548.0,0,0,0,0
2013-10-02,0.02,2.63,104.1,1316.03,7156.0,1693.87,3815.02,16.6,495.1,0.03377,2008.0,286.44,182824.0,177932.0,6086.0,0,0,0,0
2013-10-03,0.03,2.62,103.31,1316.86,7215.5,1678.66,3774.34,17.67,493.8,0.03386,2047.0,285.55,201944.0,188435.0,10572.0,0,0,0,0
2013-10-04,0.03,2.66,103.84,1311.09,7148.0,1690.5,3807.75,16.74,497.72,0.0339,2084.0,286.45,203602.0,205625.0,5646.0,0,0,0,0
2013-10-07,0.03,2.65,103.03,1323.1,7171.0,1676.12,3770.3798,19.41,495.09,0.03386,2115.0,287.34,211774.0,215269.0,2111.0,0,0,0,0
2013-10-08,0.05,2.66,103.49,1319.29,7231.5,1655.45,3694.83,20.34,486.82,0.03385,2146.0,288.0,217609.0,232682.0,4462.0,0,0,0,0
2013-10-09,0.05,2.68,101.61,1305.59,7141.0,1656.4,3677.78,19.6,485.11,0.03384,2125.0,285.5,210631.0,234142.0,4721.0,0,0,0,0
2013-10-11,0.08,2.7,102.02,1272.2,7125.0,1703.2,3791.8701,15.72,497.38,0.03391,1985.0,286.61,223217.0,243921.0,1132.0,0,0,0,0
2013-10-14,0.08,2.7,102.41,1272.48,7205.5,1710.14,3815.28,16.07,500.98,0.0339,1961.0,287.47,232269.0,253614.0,70.0,0,0,0,0
2013-10-15,0.14,2.75,101.21,1282.35,7186.0,1698.06,3794.01,18.66,496.5,0.03396,1963.0,286.31,247639.0,263166.0,-738.0,0,0,0,0
2013-10-16,0.1,2.69,102.29,1282.51,7158.5,1721.54,3839.4299,14.71,501.58,0.03394,1965.0,287.6,137651.0,154388.0,791.0,0,0,0,0
2013-10-17,0.05,2.61,100.67,1320.32,7172.0,1733.15,3863.1499,13.48,505.09,0.03395,1960.0,286.42,152206.0,168097.0,-1460.0,0,0,0,0
2013-10-18,0.04,2.6,100.81,1316.25,7241.5,1744.5,3914.28,13.04,506.44,0.03396,1901.0,286.92,171427.0,174369.0,1431.0,0,0,0,0
2013-10-21,0.04,2.63,99.68,1316.02,7225.5,1744.66,3920.05,13.16,508.04,0.03392,1878.0,285.34,171633.0,181704.0,-2303.0,1,1,1,1
2013-10-22,0.04,2.54,98.3,1340.11,7260.0,1754.67,3929.57,13.33,507.12,0.03394,1847.0,284.72,181914.0,194962.0,2419.0,1,1,1,1
2013-10-23,0.04,2.51,96.86,1333.47,7200.5,1746.38,3907.07,13.42,490.11,0.03398,1786.0,281.74,169923.0,199421.0,-3488.0,1,1,1,1
2013-10-24,0.03,2.53,97.11,1346.75,7160.0,1752.07,3928.9599,13.2,494.15,0.03395,1708.0,281.66,175209.0,205438.0,1107.0,1,1,1,1
2013-10-25,0.04,2.53,97.85,1350.62,7126.0,1759.77,3943.3601,13.09,496.3,0.03395,1671.0,282.56,174961.0,217986.0,-3783.0,1,1,1,1
2013-10-28,0.04,2.54,98.68,1352.63,7161.0,1762.11,3940.1298,13.31,499.49,0.03394,1619.0,281.87,179987.0,219678.0,933.0,1,1,1,1
2013-10-29,0.04,2.53,98.2,1345.05,7215.5,1771.95,3952.34,13.41,507.04,0.03393,1551.0,280.64,195692.0,224560.0,5732.0,1,1,1,1
2013-10-30,0.04,2.55,96.77,1344.55,7275.5,1763.31,3930.6201,13.65,504.33,0.03393,1484.0,280.02,190585.0,223032.0,7011.0,1,0,0,0
2013-10-31,0.04,2.57,96.38,1323.06,7234.0,1756.54,3919.7099,13.75,507.09,0.03395,1504.0,277.86,195953.0,228052.0,11173.0,0,0,0,0
2013-11-01,0.04,2.65,94.61,1316.18,7255.5,1761.64,3922.04,13.28,505.4,0.03393,1525.0,274.96,200078.0,240218.0,4820.0,0,0,0,0
2013-11-04,0.05,2.63,94.62,1314.64,7180.0,1767.93,3936.59,12.93,504.68,0.03389,1552.0,273.73,198219.0,256751.0,-969.0,0,0,0,0
2013-11-05,0.05,2.69,93.37,1311.68,7138.5,1762.97,3939.8601,13.27,503.13,0.03394,1600.0,273.03,199440.0,268372.0,-2979.0,0,0,0,0
2013-11-06,0.05,2.67,94.8,1317.89,7200.0,1770.49,3931.9499,12.68,504.91,0.03392,1602.0,273.93,195672.0,251743.0,-5618.0,0,0,0,0
2013-11-07,0.05,2.63,94.2,1307.63,7119.0,1747.15,3857.33,13.91,495.2,0.03392,1593.0,273.16,197482.0,258993.0,-6768.0,0,0,0,0
2013-11-08,0.06,2.77,94.6,1288.5,7125.5,1770.61,3919.2299,12.9,500.98,0.03389,1581.0,274.39,208253.0,266159.0,-6072.0,0,0,0,0
2013-11-11,0.06,2.77,95.14,1282.81,7135.0,1771.89,3919.79,12.53,500.4,0.03376,1564.0,274.78,204975.0,274365.0,-10683.0,0,0,0,0
2013-11-12,0.08,2.8,93.04,1268.04,7124.0,1767.69,3919.9199,12.82,503.61,0.03374,1543.0,273.43,206148.0,272584.0,-11973.0,0,0,0,0
2013-11-13,0.08,2.75,93.88,1281.75,7021.5,1782.0,3965.58,12.52,508.0,0.03373,1531.0,273.49,206544.0,280822.0,-16282.0,0,0,0,0
2013-11-14,0.08,2.69,93.76,1287.18,6939.0,1790.62,3972.7399,12.37,505.39,0.03378,1517.0,273.84,221123.0,282921.0,-16639.0,0,0,0,0
2013-11-15,0.08,2.71,94.49,1290.18,6967.5,1798.18,3985.9699,12.19,508.94,0.03376,1507.0,274.34,239707.0,281423.0,-15523.0,0,0,0,0
2013-11-18,0.09,2.67,93.68,1275.44,6999.5,1791.53,3949.07,13.1,504.22,0.03381,1500.0,272.92,242624.0,283368.0,-11587.0,0,0,0,0
2013-11-19,0.08,2.71,93.89,1275.72,6947.0,1787.87,3931.55,13.42,497.88,0.03386,1495.0,272.47,253532.0,284720.0,-4409.0,0,0,0,0
2013-11-20,0.08,2.8,93.85,1244.33,6980.0,1781.37,3921.27,13.4,495.63,0.03382,1527.0,273.3,159163.0,183521.0,-9931.0,0,0,0,0
2013-11-21,0.07,2.79,95.44,1242.91,6992.0,1795.85,3969.1599,12.66,504.23,0.03374,1499.0,275.55,168799.0,214061.0,-17133.0,1,1,1,1
2013-11-22,0.07,2.75,94.84,1243.8,7065.5,1804.76,3991.6499,12.26,504.61,0.03373,1483.0,275.21,172871.0,214854.0,-15518.0,1,1,1,1
2013-11-25,0.08,2.74,94.09,1251.38,7067.5,1802.48,3994.57,12.79,504.01,0.0337,1492.0,275.08,185796.0,222040.0,-9393.0,1,1,1,1
2013-11-26,0.07,2.71,93.68,1242.85,7061.25,1802.75,4017.75,12.81,508.32,0.03372,1512.0,274.77,198879.0,223722.0,-2070.0,0,0,0,0
2013-11-27,0.07,2.74,92.3,1237.9,7051.5,1807.23,4044.75,12.98,510.01,0.0337,1573.0,273.5,199860.0,218553.0,1474.0,1,1,1,0
2013-11-28,0.07,2.74,92.3,1244.65,6988.0,1807.23,4044.75,12.98,510.01,0.03369,1719.0,273.5,212536.0,225397.0,1271.0,0,0,0,0
2013-11-29,0.07,2.74,92.72,1253.35,7027.0,1805.81,4059.8898,13.7,510.25,0.03369,1821.0,274.88,215767.0,226481.0,4639.0,0,1,0,0
2013-12-02,0.05,2.81,93.82,1219.83,7008.5,1800.9,4045.26,14.23,509.4,0.03374,1865.0,274.75,215221.0,229599.0,2438.0,0,0,0,0
2013-12-03,0.06,2.79,96.04,1223.42,6945.0,1795.15,4037.1999,14.55,511.2,0.03367,1922.0,276.34,215622.0,234675.0,2506.0,1,1,0,0
2013-12-04,0.06,2.84,97.2,1243.79,6975.0,1792.81,4038.0,14.7,508.77,0.03368,1994.0,278.02,215783.0,244278.0,2903.0,1,1,1,0
2013-12-05,0.06,2.88,97.38,1225.23,7081.0,1785.03,4033.1699,15.08,509.95,0.03368,2145.0,277.62,216039.0,253757.0,-2287.0,1,1,1,0
2013-12-06,0.06,2.88,97.65,1229.1,7113.0,1805.09,4062.52,13.79,515.63,0.03371,2176.0,278.66,221594.0,259961.0,-2227.0,1,1,0,0
2013-12-09,0.07,2.86,97.34,1240.35,7141.0,1808.37,4068.75,13.49,516.81,0.03375,2183.0,278.87,231077.0,265844.0,-5107.0,0,0,0,0
2013-12-10,0.07,2.81,98.51,1262.19,7165.5,1802.62,4060.4899,13.91,515.34,0.03374,2237.0,280.77,236646.0,270193.0,-3559.0,0,0,0,0
2013-12-11,0.07,2.86,97.44,1252.32,7169.5,1782.22,4003.81,15.35,510.17,0.03374,2299.0,281.02,234780.0,264338.0,-2892.0,0,0,0,0
2013-12-12,0.07,2.89,97.5,1225.49,7230.0,1775.5,3998.3999,15.54,505.84,0.03372,2337.0,280.16,248473.0,284909.0,-1912.0,1,1,0,0
2013-12-13,0.07,2.88,96.6,1238.69,7218.5,1775.32,4000.9799,15.76,505.52,0.03368,2330.0,279.67,256021.0,312645.0,-5507.0,1,0,0,0
2013-12-16,0.07,2.89,97.77,1241.32,7325.5,1786.54,4029.52,16.03,512.15,0.03366,2292.0,280.5,258365.0,322606.0,-7137.0,1,0,0,0
2013-12-17,0.07,2.85,97.47,1230.89,7286.0,1781.0,4023.6799,16.2099,517.18,0.03365,2225.0,279.6,263763.0,336880.0,-6257.0,1,0,0,0
2013-12-18,0.07,2.89,98.06,1218.53,7230.0,1810.65,4070.06,13.8,521.07,0.03362,2156.0,280.19,133829.0,161460.0,-8087.0,1,0,0,0
2013-12-19,0.06,2.94,99.04,1188.68,7218.5,1809.6,4058.1398,14.15,517.78,0.03339,2134.0,281.37,140465.0,173769.0,-7074.0,1,0,0,0
2013-12-20,0.07,2.89,99.32,1203.24,7264.5,1818.32,4104.7402,13.79,522.09,0.03336,2208.0,283.12,145313.0,185795.0,-3462.0,1,0,0,0
2013-12-23,0.07,2.94,98.91,1198.86,7251.0,1827.99,4148.8999,13.04,526.65,0.03332,2247.0,282.09,155216.0,194864.0,-4545.0,0,0,0,0
2013-12-24,0.07,2.94,99.22,1204.35,7280.0,1833.32,4155.4199,12.48,528.35,0.03329,2277.0,282.84,157790.0,199499.0,-2475.0,0,0,0,0
2013-12-25,0.07,2.94,99.22,1204.62,7280.0,1833.32,4155.4199,12.48,528.35,0.03328,2277.0,282.84,157363.0,194009.0,-1872.0,0,0,0,0
2013-12-26,0.07,3.0,99.55,1210.64,7280.0,1842.02,4167.1801,12.33,529.83,0.03327,2277.0,282.91,159262.0,201355.0,-2401.0,0,0,0,0
2013-12-27,0.07,3.02,100.32,1213.27,7375.0,1841.4,4156.5898,12.46,529.96,0.03331,2277.0,284.16,168025.0,205039.0,-881.0,0,0,0,0
2013-12-30,0.07,2.99,99.29,1196.57,7387.0,1841.07,4154.2001,13.56,531.57,0.0333,2277.0,282.57,176395.0,215481.0,-1036.0,0,0,0,0
2013-12-31,0.07,3.04,98.42,1201.64,7394.5,1848.36,4176.5898,13.72,535.03,0.03339,2277.0,280.17,181981.0,223265.0,-2194.0,0,0,0,0
2014-01-02,0.07,3.0,95.44,1224.6,7439.5,1831.98,4143.0698,14.23,527.75,0.03336,2113.0,277.41,188114.0,220913.0,405.0,0,0,0,0
2014-01-03,0.07,3.01,93.96,1236.97,7335.5,1831.37,4131.9101,13.76,526.68,0.03329,2036.0,276.53,195743.0,251319.0,-5448.0,0,0,0,0
2014-01-06,0.05,2.98,93.43,1238.06,7313.5,1826.77,4113.6801,13.55,523.77,0.03307,1951.0,277.1,197903.0,259015.0,-5800.0,0,0,0,0
2014-01-07,0.04,2.96,93.67,1232.08,7354.0,1837.88,4153.1801,12.92,527.43,0.03299,1876.0,276.83,199130.0,261964.0,-4884.0,0,0,0,0
2014-01-08,0.05,3.01,92.33,1225.99,7368.0,1837.49,4165.6098,12.87,535.76,0.03307,1826.0,274.86,201125.0,261215.0,-7048.0,0,0,0,0
2014-01-09,0.04,2.97,91.66,1227.98,7282.0,1838.13,4156.1899,12.89,531.49,0.03306,1706.0,272.29,210362.0,271039.0,-11959.0,0,0,0,0
2014-01-10,0.05,2.88,92.72,1248.5,7283.5,1842.37,4174.6699,12.14,533.7,0.0331,1512.0,275.42,223708.0,283527.0,-8647.0,0,0,0,0
2014-01-13,0.03,2.84,91.8,1253.31,7365.0,1819.2,4113.2998,13.28,527.66,0.03321,1395.0,276.1,226969.0,289884.0,-10558.0,0,0,0,0
2014-01-14,0.04,2.88,92.59,1245.19,7343.0,1838.88,4183.02,12.28,539.61,0.03316,1370.0,276.77,227870.0,298941.0,-11901.0,0,0,0,0
2014-01-15,0.04,2.9,94.17,1241.88,7309.0,1848.38,4214.8798,12.28,544.21,0.03307,1374.0,277.84,162853.0,177365.0,-8050.0,0,0,0,0
2014-01-16,0.04,2.86,93.96,1242.39,7345.5,1845.89,4218.6899,12.53,541.05,0.03305,1398.0,278.42,171878.0,185739.0,-10308.0,0,0,0,0
2014-01-17,0.05,2.84,94.37,1254.05,7379.5,1838.7,4197.58,12.44,538.14,0.03309,1421.0,278.41,182916.0,201602.0,-12209.0,0,0,0,0
2014-01-20,0.05,2.84,94.37,1254.35,7340.0,1838.7,4197.58,12.44,538.14,0.03305,1428.0,278.41,185400.0,206044.0,-10295.0,0,0,0,0
2014-01-21,0.04,2.85,94.97,1241.41,7403.5,1843.8,4225.7597,12.87,541.5,0.03301,1369.0,278.4,190709.0,211418.0,-13433.0,0,0,0,0
2014-01-22,0.04,2.87,96.73,1237.15,7327.0,1844.86,4243.0,12.84,547.47,0.03298,1322.0,280.53,201028.0,218919.0,-10873.0,0,0,0,1
2014-01-23,0.04,2.79,97.32,1264.13,7285.0,1828.46,4218.8798,13.77,541.49,0.03288,1271.0,281.29,220453.0,246184.0,-14807.0,0,0,0,1
2014-01-24,0.04,2.75,96.64,1270.06,7240.0,1790.29,4128.1699,17.8799,528.89,0.03287,1246.0,282.54,242048.0,262535.0,-8657.0,0,0,1,1
2014-01-27,0.05,2.78,95.72,1257.11,7235.0,1781.56,4083.6101,17.42,525.27,0.03278,1217.0,279.71,281396.0,299887.0,-14158.0,0,0,1,1
2014-02-05,0.07,2.7,97.38,1257.92,7096.0,1751.64,4011.55,19.95,518.46,0.03287,1086.0,287.11,278664.0,315329.0,-16711.0,1,1,1,1
2014-02-06,0.07,2.73,97.84,1258.2,7109.0,1773.43,4057.1201,17.23,526.67,0.03286,1092.0,287.22,254886.0,299470.0,-16059.0,1,1,1,1
2014-02-07,0.08,2.71,99.88,1267.27,7200.0,1797.02,4125.8598,15.31,535.31,0.03289,1091.0,289.77,282780.0,316335.0,-13881.0,1,1,1,1
2014-02-10,0.07,2.7,100.06,1274.78,7190.5,1799.84,4148.1699,15.26,538.04,0.03292,1096.0,288.89,289360.0,315753.0,-13536.0,1,1,1,1
2014-02-11,0.05,2.75,99.94,1291.36,7120.0,1819.75,4191.0498,14.51,544.86,0.03289,1091.0,290.21,293488.0,318121.0,-7437.0,1,1,1,1
2014-02-12,0.05,2.8,100.37,1291.15,7174.5,1819.26,4201.29,14.3,549.48,0.03295,1085.0,291.74,294547.0,310602.0,-4973.0,1,1,1,1
2014-02-13,0.03,2.73,100.35,1302.92,7157.0,1829.83,4240.6699,14.14,556.02,0.03289,1097.0,292.57,304589.0,315417.0,-2377.0,1,1,1,1
2014-02-14,0.02,2.75,100.3,1318.66,7175.5,1838.63,4244.02,13.57,559.12,0.03295,1106.0,293.24,322575.0,317737.0,1485.0,0,1,1,1
2014-02-17,0.02,2.75,100.3,1331.5,7210.0,1838.63,4244.02,13.57,559.12,0.03302,1130.0,293.24,332465.0,322997.0,549.0,1,1,1,1
2014-02-18,0.05,2.71,102.43,1322.02,7205.0,1840.76,4272.7797,13.87,560.45,0.03296,1146.0,298.49,348430.0,353371.0,2629.0,1,1,1,1
2014-02-19,0.06,2.73,102.84,1311.6,7220.0,1828.75,4237.9501,15.5,560.02,0.03297,1160.0,301.7,204793.0,184862.0,7318.0,0,0,1,1
2014-02-20,0.05,2.76,102.75,1322.97,7198.0,1839.78,4267.5498,14.79,564.06,0.0329,1164.0,301.25,218117.0,198087.0,5403.0,0,0,1,1
2014-02-21,0.05,2.73,102.2,1324.25,7211.5,1836.25,4263.4101,14.68,561.21,0.0329,1175.0,301.58,241423.0,207621.0,8257.0,0,0,1,1
2014-02-24,0.05,2.75,102.82,1336.97,7130.0,1847.61,4292.9702,14.23,563.37,0.03287,1174.0,302.2,242991.0,215422.0,9001.0,0,1,1,1
2014-02-25,0.05,2.7,101.83,1340.5,7115.0,1845.12,4287.5898,13.67,560.54,0.03289,1197.0,301.58,247727.0,216414.0,11409.0,0,1,1,1
2014-02-26,0.05,2.67,102.59,1330.64,7149.0,1845.16,4292.06,14.35,564.29,0.03295,1222.0,301.61,252880.0,213634.0,16342.0,1,1,1,1
2014-02-27,0.04,2.65,102.4,1331.29,7095.0,1854.29,4318.9301,14.04,564.22,0.03294,1250.0,301.59,259745.0,216721.0,18254.0,0,1,1,1
2014-03-03,0.05,2.6,104.92,1350.61,7032.5,1845.73,4277.2998,16.0,560.23,0.03293,1276.0,305.85,264261.0,226068.0,12549.0,0,1,1,1
2014-03-04,0.05,2.7,103.33,1334.47,7035.0,1873.91,4351.9702,14.1,570.13,0.03292,1325.0,306.25,267091.0,231604.0,9876.0,0,1,1,1
2014-03-05,0.06,2.7,101.45,1336.86,7102.5,1873.81,4357.9702,13.89,571.3,0.03295,1391.0,306.05,271974.0,226712.0,12381.0,1,1,1,1
2014-03-06,0.05,2.74,101.56,1350.82,7054.5,1877.03,4352.1298,14.21,575.02,0.03298,1480.0,307.59,287050.0,233680.0,18919.0,1,1,1,1
2014-03-07,0.06,2.8,102.58,1339.98,6930.5,1878.04,4336.2202,14.11,574.39,0.033,1543.0,307.19,309773.0,242929.0,21706.0,1,1,1,1
2014-03-10,0.05,2.79,101.12,1339.72,6716.0,1877.17,4334.4501,14.2,573.22,0.03298,1562.0,306.0,310682.0,245097.0,19473.0,1,1,1,1
2014-03-11,0.05,2.77,100.03,1349.01,6720.5,1867.63,4307.1899,14.8,570.08,0.033,1580.0,304.93,313517.0,249011.0,18289.0,1,1,1,1
2014-03-12,0.05,2.73,97.99,1366.84,6498.0,1868.2,4323.33,14.47,574.92,0.03292,1453.0,302.99,308101.0,248602.0,13634.0,1,1,1,1
2014-03-13,0.05,2.66,98.2,1370.28,6495.0,1846.34,4260.4199,16.2199,565.14,0.03295,1468.0,302.65,327900.0,257945.0,17432.0,1,1,1,1
2014-03-14,0.05,2.65,98.89,1382.92,6490.0,1841.13,4245.3999,17.82,562.48,0.03292,1477.0,302.88,330754.0,275133.0,14385.0,1,1,1,1
2014-03-17,0.06,2.7,98.08,1367.07,6550.0,1858.83,4279.9501,15.64,569.5,0.03295,1481.0,301.02,329284.0,292619.0,11448.0,1,1,1,1
2014-03-18,0.05,2.68,99.7,1355.78,6471.5,1872.25,4333.31,14.52,577.19,0.03291,1518.0,302.78,334754.0,296223.0,8716.0,1,1,1,1
2014-03-19,0.06,2.78,99.17,1329.59,6446.0,1860.77,4307.6,15.12,576.69,0.03285,1570.0,302.91,185317.0,148171.0,10118.0,1,1,1,1
2014-03-20,0.06,2.79,98.9,1327.77,6434.5,1872.01,4319.29,14.52,587.63,0.03269,1621.0,299.5,192430.0,178381.0,1724.0,0,1,1,1
2014-03-21,0.06,2.75,99.46,1334.69,6539.5,1866.52,4276.79,15.0,582.54,0.03262,1599.0,299.4,197157.0,184963.0,3710.0,1,1,1,1
2014-03-24,0.06,2.74,99.6,1308.76,6510.0,1857.44,4226.3901,15.09,579.85,0.03266,1602.0,299.53,208710.0,196084.0,6405.0,1,1,1,1
2014-03-25,0.05,2.75,99.19,1311.17,6559.5,1865.62,4234.27,14.02,584.33,0.03266,1578.0,300.83,216684.0,200893.0,9584.0,1,1,1,1
2014-03-26,0.05,2.71,100.26,1304.48,6555.0,1852.56,4173.58,14.93,577.84,0.03267,1496.0,301.19,222602.0,202234.0,12067.0,1,1,1,1
2014-03-27,0.04,2.69,101.28,1291.31,6572.0,1849.04,4151.2299,14.62,573.32,0.0327,1412.0,303.96,239030.0,204523.0,16846.0,1,1,1,1
2014-03-28,0.04,2.73,101.67,1295.23,6667.0,1857.62,4155.7597,14.41,577.48,0.03273,1373.0,305.21,251851.0,210185.0,14806.0,0,0,1,1
2014-03-31,0.05,2.73,101.58,1284.01,6636.0,1872.34,4198.9902,13.88,586.74,0.03278,1362.0,304.67,257084.0,210156.0,12443.0,0,1,1,1
2014-04-01,0.04,2.77,99.74,1278.95,6632.0,1885.52,4268.04,13.1,595.91,0.03286,1316.0,301.86,259732.0,214635.0,17574.0,0,0,1,1
2014-04-02,0.02,2.82,99.62,1289.9,6713.0,1890.9,4276.4599,13.09,594.94,0.03292,1273.0,301.3,260895.0,215903.0,15108.0,0,1,1,1
2014-04-03,0.02,2.8,100.29,1286.7,6606.0,1888.77,4237.7402,13.37,595.93,0.03292,1235.0,303.1,266507.0,223274.0,17368.0,1,1,1,1
2014-04-07,0.03,2.71,100.44,1297.28,6610.5,1845.04,4079.75,15.57,573.91,0.03298,1186.0,304.35,267976.0,242857.0,20984.0,1,1,1,1
2014-04-08,0.03,2.69,102.56,1308.66,6652.0,1851.96,4112.9902,14.89,581.18,0.03304,1098.0,307.98,268778.0,245681.0,20908.0,1,1,1,1
2014-04-09,0.04,2.71,103.6,1311.8,6630.5,1872.18,4183.8999,13.82,587.72,0.03315,1061.0,309.52,271170.0,250764.0,20709.0,1,1,1,1
2014-04-10,0.04,2.65,103.4,1318.95,6637.5,1833.08,4054.1101,15.89,569.15,0.03319,1029.0,310.19,280094.0,264154.0,18582.0,0,0,1,1
2014-04-11,0.04,2.63,103.74,1318.42,6686.0,1815.69,3999.7299,17.03,560.34,0.03319,1002.0,309.39,286933.0,282284.0,21281.0,0,0,1,1
2014-04-14,0.04,2.65,104.05,1327.99,6645.0,1830.61,4022.6899,16.18,565.02,0.03308,989.0,311.09,288357.0,289133.0,21476.0,1,1,1,1
2014-04-15,0.04,2.64,103.75,1302.64,6630.0,1842.98,4034.1599,15.61,569.0,0.03307,970.0,309.24,297560.0,304547.0,24566.0,0,0,1,1
2014-04-16,0.04,2.65,103.76,1302.53,6600.0,1862.31,4086.2299,14.18,567.9,0.03311,936.0,309.72,201550.0,178327.0,20819.0,0,0,1,1
2014-04-17,0.03,2.73,104.3,1295.12,6631.0,1864.85,4095.52,13.36,578.41,0.03309,930.0,311.46,216126.0,189181.0,21387.0,0,0,1,1
2014-04-18,0.03,2.73,104.3,1294.3,6631.0,1864.85,4095.52,13.36,578.41,0.03308,930.0,311.46,221577.0,190375.0,19318.0,0,0,1,1
2014-04-21,0.04,2.73,103.65,1289.77,6631.0,1871.89,4121.5498,13.25,583.48,0.03304,930.0,310.57,225161.0,194033.0,20179.0,0,0,1,1
2014-04-22,0.03,2.73,101.75,1283.81,6628.5,1879.55,4161.4599,13.19,589.11,0.033,939.0,311.21,226953.0,200380.0,22954.0,0,0,1,1
2014-04-23,0.02,2.7,101.44,1283.91,6645.0,1875.39,4126.9702,13.27,588.43,0.03298,956.0,311.37,233186.0,204010.0,20363.0,0,0,1,1
2014-04-24,0.01,2.7,101.94,1293.36,6731.0,1878.61,4148.3398,13.32,591.64,0.033,962.0,312.19,237418.0,210147.0,21926.0,0,0,1,1
2014-04-25,0.03,2.68,100.6,1303.25,6785.5,1863.4,4075.56,14.06,572.19,0.03298,967.0,310.69,246778.0,223406.0,14446.0,1,1,1,1
2014-04-28,0.03,2.7,100.84,1296.74,6782.0,1869.43,4074.3999,13.97,568.55,0.03302,961.0,309.84,249290.0,227037.0,21683.0,1,1,1,1
2014-04-29,0.02,2.71,101.28,1295.92,6770.0,1878.33,4103.54,13.71,572.99,0.03306,949.0,311.85,253100.0,227207.0,20154.0,1,1,1,1
2014-04-30,0.03,2.67,99.74,1291.6,6724.0,1883.95,4114.56,13.41,575.97,0.03305,943.0,309.53,255647.0,223911.0,17578.0,0,1,1,1
2014-05-02,0.02,2.6,99.76,1299.7,6699.0,1881.14,4123.8999,12.91,575.49,0.0331,1017.0,307.14,265131.0,225214.0,22408.0,0,1,1,1
2014-05-05,0.03,2.63,99.48,1310.28,6699.0,1884.66,4138.06,13.29,575.94,0.03314,1017.0,307.24,265956.0,229728.0,17071.0,0,1,1,1
2014-05-06,0.03,2.61,99.5,1308.05,6740.0,1867.72,4080.76,13.8,573.48,0.03314,1022.0,307.28,267064.0,229662.0,17945.0,0,1,1,1
2014-05-07,0.03,2.62,100.77,1289.88,6688.0,1878.21,4067.6699,13.4,573.99,0.03315,1022.0,307.0,267123.0,234954.0,16977.0,0,1,1,1
2014-05-08,0.03,2.61,100.26,1289.43,6690.5,1875.63,4051.5,13.43,577.83,0.03315,1008.0,306.14,271243.0,234440.0,18174.0,0,1,1,1
2014-05-09,0.03,2.62,99.99,1288.91,6770.0,1878.48,4071.8701,12.92,575.97,0.03314,997.0,304.57,272685.0,238996.0,11971.0,1,1,1,1
2014-05-12,0.03,2.66,100.59,1295.8,6930.0,1896.65,4143.8598,12.23,586.48,0.03312,987.0,305.51,271758.0,244169.0,12356.0,1,1,1,1
2014-05-13,0.03,2.61,101.7,1293.63,6884.5,1897.45,4130.1699,12.13,581.88,0.0331,982.0,306.76,274422.0,245045.0,16110.0,1,1,1,1
2014-05-14,0.03,2.54,102.37,1305.97,6976.5,1888.53,4100.6298,12.17,576.8,0.03309,1002.0,307.96,281868.0,246666.0,21261.0,1,1,1,1
2014-05-15,0.03,2.5,101.5,1296.22,6949.0,1870.85,4069.29,13.17,570.0,0.03311,1021.0,307.08,284192.0,253481.0,17653.0,1,1,1,1
2014-05-16,0.03,2.52,102.02,1293.52,6923.5,1877.86,4090.59,12.44,576.01,0.0331,1027.0,305.92,288216.0,261711.0,17331.0,1,1,1,1
2014-05-19,0.03,2.54,102.11,1292.97,7009.0,1885.08,4125.81,12.42,582.05,0.03313,1022.0,306.83,293651.0,264783.0,17778.0,1,1,1,1
2014-05-20,0.03,2.52,102.33,1294.37,6922.5,1872.83,4096.8901,12.96,578.58,0.03311,1010.0,306.92,312450.0,274253.0,21558.0,1,1,1,1
2014-05-21,0.04,2.54,104.07,1292.04,6841.0,1888.03,4131.54,11.91,581.81,0.0331,988.0,307.85,219240.0,195209.0,23174.0,1,1,1,1
2014-05-22,0.03,2.56,103.74,1294.1,6945.5,1892.49,4154.3398,12.03,584.3,0.03314,966.0,307.63,240149.0,202907.0,28349.0,0,0,0,0
2014-05-23,0.04,2.54,104.35,1292.61,6991.0,1900.53,4185.81,11.36,589.91,0.03313,964.0,308.26,252885.0,213630.0,28689.0,0,0,0,0
2014-05-26,0.04,2.54,104.35,1292.91,6991.0,1900.53,4185.81,11.36,589.91,0.03316,964.0,308.26,256346.0,217792.0,27351.0,0,0,0,0
2014-05-27,0.04,2.52,104.11,1264.95,7020.0,1911.91,4237.0698,11.51,597.08,0.03314,973.0,306.62,256240.0,223325.0,27517.0,0,1,0,0
2014-05-28,0.04,2.44,102.72,1258.14,7035.0,1909.78,4225.08,11.68,597.66,0.03317,954.0,306.01,263275.0,227796.0,30718.0,0,0,0,0
2014-05-29,0.04,2.45,103.58,1255.56,6970.0,1920.03,4247.9501,11.57,598.96,0.03319,940.0,307.34,269507.0,238217.0,25001.0,0,0,0,0
2014-05-30,0.04,2.48,102.71,1249.68,6995.5,1923.57,4242.6201,11.4,599.59,0.03328,934.0,305.48,275880.0,245650.0,25121.0,0,0,0,0
2014-06-03,0.04,2.6,102.66,1244.95,6930.0,1924.24,4234.08,11.87,608.43,0.03326,948.0,305.02,279386.0,249446.0,22207.0,0,0,0,0
2014-06-04,0.04,2.61,102.64,1243.94,6835.0,1927.88,4251.6401,12.08,611.14,0.03322,959.0,304.18,290156.0,258212.0,23312.0,1,1,0,0
2014-06-05,0.04,2.59,102.48,1253.63,6800.0,1940.46,4296.2299,11.68,614.3,0.03324,977.0,304.26,293317.0,261120.0,21568.0,1,1,1,1
2014-06-06,0.04,2.6,102.66,1253.23,6660.5,1949.44,4321.3999,10.73,617.25,0.03324,989.0,305.25,291384.0,266145.0,20012.0,1,1,1,1
2014-06-09,0.04,2.62,104.41,1252.34,6667.5,1951.27,4336.2402,11.15,618.44,0.03328,999.0,306.23,296156.0,268690.0,21338.0,1,0,0,0
2014-06-10,0.04,2.64,104.35,1259.9,6695.5,1950.79,4338.0,10.99,620.26,0.03328,1004.0,305.49,302534.0,281146.0,22138.0,0,0,0,0
2014-06-11,0.04,2.65,104.4,1261.07,6689.5,1943.89,4331.9301,11.6,623.48,0.03329,973.0,305.23,300772.0,285883.0,20136.0,0,0,0,0
2014-06-12,0.04,2.58,106.53,1273.46,6725.0,1930.11,4297.6298,12.56,621.35,0.03328,939.0,308.62,304238.0,296757.0,19205.0,0,0,0,0
2014-06-13,0.04,2.6,106.91,1276.96,6671.5,1936.16,4310.6499,12.18,627.49,0.03327,906.0,309.98,305126.0,304107.0,18010.0,0,0,0,0
2014-06-16,0.04,2.61,106.9,1272.0,6735.0,1937.78,4321.1,12.65,630.93,0.03327,880.0,309.83,305485.0,312811.0,17867.0,0,0,0,0
2014-06-17,0.04,2.66,106.36,1270.58,6711.0,1941.99,4337.2299,12.06,635.5,0.03326,858.0,309.03,308989.0,318572.0,17776.0,0,0,0,0
2014-06-18,0.03,2.61,105.97,1277.71,6739.0,1956.98,4362.8398,10.61,633.2,0.03325,867.0,309.4,164932.0,177932.0,12174.0,0,0,0,0
2014-06-19,0.02,2.64,106.05,1320.39,6730.5,1959.48,4359.33,10.62,633.98,0.03329,902.0,311.74,170842.0,187440.0,12089.0,0,0,0,0
2014-06-20,0.02,2.63,106.83,1314.82,6777.5,1962.87,4368.04,10.85,635.42,0.03326,904.0,312.93,171908.0,191697.0,7157.0,0,0,0,0
2014-06-23,0.03,2.63,106.17,1317.52,6901.0,1962.61,4368.6801,10.98,633.13,0.03329,886.0,312.02,178828.0,194809.0,9744.0,0,0,0,0
2014-06-24,0.03,2.59,106.03,1318.29,6898.5,1949.98,4350.35,12.13,628.5,0.0333,867.0,311.99,183214.0,202141.0,7752.0,0,0,0,0
2014-06-25,0.03,2.57,106.5,1319.18,6890.5,1959.53,4379.7597,11.59,630.87,0.03328,846.0,312.8,185705.0,209451.0,9158.0,0,0,0,0
2014-06-26,0.04,2.53,105.84,1316.58,6936.5,1957.22,4379.0498,11.63,628.28,0.03334,824.0,312.01,191552.0,217022.0,11992.0,0,0,0,0
2014-06-27,0.03,2.54,105.74,1316.17,6976.0,1960.96,4397.9301,11.26,629.27,0.03338,831.0,310.82,193778.0,220049.0,10230.0,0,0,0,0
2014-06-30,0.04,2.53,105.37,1327.33,6955.0,1960.23,4408.1801,11.57,635.93,0.03343,850.0,308.22,198835.0,224433.0,14034.0,0,0,0,0
2014-07-01,0.02,2.58,105.34,1326.46,7015.0,1973.32,4458.6499,11.15,644.71,0.03341,894.0,307.43,209465.0,235002.0,10719.0,0,0,0,0
2014-07-02,0.02,2.64,104.48,1326.86,7050.0,1974.62,4457.7299,10.82,645.78,0.03344,890.0,307.14,216843.0,251636.0,5053.0,0,0,0,0
2014-07-03,0.01,2.65,104.06,1319.53,7121.0,1985.44,4485.9301,10.32,650.55,0.03341,890.0,306.74,223407.0,261115.0,7274.0,1,0,0,0
2014-07-04,0.01,2.65,104.06,1320.55,7159.0,1985.44,4485.9301,10.32,650.55,0.0334,893.0,306.74,231754.0,267121.0,2585.0,1,1,1,0
2014-07-07,0.04,2.63,103.53,1319.94,7120.5,1977.65,4451.5297,11.33,646.1,0.03338,888.0,303.75,236644.0,269371.0,5363.0,1,1,1,0
2014-07-08,0.03,2.58,103.4,1319.24,7155.0,1963.71,4391.4599,11.98,642.64,0.03337,881.0,303.44,242078.0,273875.0,8308.0,0,0,0,0
2014-07-09,0.03,2.57,102.29,1327.83,7173.0,1972.83,4419.0297,11.65,646.56,0.03338,863.0,301.19,238153.0,273978.0,8430.0,0,0,0,0
2014-07-10,0.02,2.55,102.93,1335.75,7110.0,1964.68,4396.2001,12.59,643.47,0.03339,836.0,299.7,251549.0,293322.0,7599.0,0,0,0,0
2014-07-11,0.02,2.53,100.83,1338.7,7151.0,1967.57,4415.4902,12.08,643.88,0.03334,814.0,297.07,256451.0,300727.0,2645.0,0,0,0,0
2014-07-14,0.03,2.55,100.91,1307.15,7154.5,1977.1,4440.4199,11.82,646.12,0.03333,798.0,297.47,257512.0,302742.0,3310.0,0,0,0,0
2014-07-15,0.02,2.56,99.96,1294.05,7102.5,1973.28,4416.3901,11.96,644.44,0.03329,782.0,296.02,260038.0,305114.0,-1144.0,0,0,0,0
2014-07-16,0.02,2.55,101.2,1299.21,7112.0,1981.57,4425.9702,11.0,651.76,0.03325,755.0,296.79,187825.0,230681.0,242.0,0,0,0,0
2014-07-17,0.02,2.47,103.19,1319.2,7030.5,1958.12,4363.4501,14.54,635.32,0.03328,738.0,297.92,193591.0,244258.0,-2570.0,0,0,0,0
2014-07-18,0.02,2.5,103.13,1310.88,7026.5,1978.22,4432.1499,12.06,643.44,0.03328,732.0,297.42,206704.0,253833.0,2020.0,0,0,0,0
2014-07-21,0.03,2.49,102.86,1312.49,6989.5,1973.63,4424.7001,12.81,645.02,0.03329,724.0,298.44,208223.0,253664.0,1059.0,0,0,0,0
2014-07-22,0.03,2.48,102.39,1306.42,7060.5,1983.53,4456.02,12.24,649.35,0.03329,723.0,297.35,214072.0,256301.0,5132.0,0,0,0,0
2014-07-24,0.03,2.52,102.07,1293.66,7151.0,1987.98,4472.1098,11.84,629.13,0.03328,732.0,298.19,211043.0,260983.0,2002.0,0,0,0,0
2014-07-25,0.03,2.48,102.09,1307.22,7183.5,1978.34,4449.56,12.69,616.65,0.03329,739.0,298.34,215650.0,272027.0,-3587.0,0,0,0,0
2014-07-28,0.04,2.5,101.67,1304.05,7132.0,1978.91,4444.9101,12.56,616.0,0.03329,743.0,298.31,218379.0,276790.0,986.0,1,1,0,0
2014-07-29,0.02,2.47,100.97,1299.11,7116.0,1969.95,4442.7001,13.28,614.43,0.03333,747.0,296.64,225020.0,280348.0,-2029.0,0,1,0,0
2014-07-30,0.04,2.57,100.27,1296.3,7090.0,1970.07,4462.8999,13.33,620.6,0.03332,754.0,296.11,234288.0,278149.0,3009.0,0,1,0,0
2014-07-31,0.03,2.58,98.17,1282.59,7135.5,1930.67,4369.77,16.95,607.55,0.03329,755.0,294.43,228333.0,285624.0,-7020.0,1,1,0,0
2014-08-01,0.03,2.52,97.88,1293.75,7078.0,1925.15,4352.6401,17.03,609.76,0.03326,751.0,292.48,232693.0,298402.0,-6129.0,0,1,0,0
2014-08-04,0.04,2.51,98.29,1288.25,7104.0,1938.99,4383.8901,15.12,612.29,0.03329,753.0,294.16,237403.0,304015.0,-8561.0,0,0,0,0
2014-08-05,0.03,2.49,97.38,1288.78,7100.5,1920.21,4352.8398,16.87,605.31,0.03328,755.0,292.4,235524.0,314871.0,-17406.0,1,1,0,0
2014-08-06,0.03,2.49,96.92,1305.9,6995.0,1920.24,4355.0498,16.37,607.71,0.03327,759.0,294.03,228477.0,303758.0,-9451.0,0,1,0,0
2014-08-07,0.03,2.43,97.34,1312.63,6980.5,1909.57,4334.9702,16.66,599.38,0.03327,765.0,293.08,230192.0,304371.0,-11934.0,0,0,0,0
2014-08-08,0.03,2.44,97.65,1309.58,7020.0,1931.59,4370.8999,15.77,606.23,0.03326,777.0,292.43,233627.0,326634.0,-7101.0,0,0,0,0
2014-08-11,0.04,2.44,98.08,1308.48,7010.5,1936.92,4401.33,14.23,612.02,0.03328,792.0,293.81,233636.0,324296.0,-13362.0,0,0,0,0
2014-08-12,0.03,2.46,97.37,1309.51,7025.5,1933.75,4389.25,14.13,611.32,0.03327,836.0,291.78,239463.0,322702.0,-12494.0,1,0,0,0
2014-08-13,0.04,2.43,97.59,1312.92,6925.5,1946.72,4434.1298,12.9,616.95,0.03326,871.0,291.29,247532.0,321479.0,-5519.0,1,0,0,0
2014-08-14,0.04,2.4,95.58,1313.52,6886.5,1955.18,4453.0,12.42,618.26,0.03328,942.0,288.8,250221.0,323891.0,-7727.0,1,1,0,0
2014-08-15,0.03,2.34,97.35,1304.7,6852.5,1955.06,4464.9301,13.15,624.6,0.03329,1015.0,289.93,251405.0,331904.0,-8952.0,1,0,0,0
2014-08-18,0.03,2.39,96.41,1298.4,6910.0,1971.74,4508.31,12.32,627.47,0.03329,1042.0,288.2,253231.0,334131.0,-15096.0,1,0,0,0
2014-08-19,0.03,2.4,92.86,1295.73,6934.5,1981.6,4527.5097,12.21,631.47,0.03329,1040.0,287.04,259615.0,336443.0,-5085.0,0,0,0,0
2014-08-20,0.04,2.43,93.45,1291.94,6922.0,1986.51,4526.4799,11.78,636.62,0.03328,1061.0,288.28,192133.0,206237.0,-3235.0,0,0,0,0
2014-08-21,0.02,2.41,93.96,1276.78,7003.0,1992.37,4532.1,11.76,639.11,0.03328,1096.0,289.05,199662.0,225110.0,-7085.0,0,0,0,0
2014-08-22,0.03,2.4,93.65,1281.1,7088.0,1988.4,4538.5498,11.47,639.72,0.03331,1088.0,288.67,215853.0,239854.0,-516.0,0,0,0,0
2014-08-25,0.04,2.39,93.35,1276.84,7088.0,1997.92,4557.35,11.7,637.25,0.0333,1088.0,288.54,216471.0,244725.0,-4537.0,0,0,0,0
2014-08-26,0.03,2.39,93.86,1281.2,7096.0,2000.02,4570.6401,11.63,637.55,0.0333,1070.0,290.29,223660.0,248915.0,-5631.0,0,0,0,0
2014-08-27,0.04,2.37,93.88,1282.63,7051.0,2000.12,4569.6201,11.78,638.57,0.03335,1063.0,290.43,238280.0,254277.0,-2241.0,0,0,0,0
2014-08-28,0.03,2.34,94.55,1289.65,7033.0,1996.74,4557.7001,12.05,640.49,0.03337,1119.0,291.34,242655.0,265682.0,-2989.0,0,0,0,0
2014-08-29,0.03,2.35,95.96,1287.32,6995.0,2003.37,4580.27,12.09,645.25,0.03337,1147.0,292.75,234645.0,267042.0,-2338.0,0,0,0,0
2014-09-01,0.03,2.35,95.96,1286.0,6966.5,2003.37,4580.27,12.09,645.25,0.03337,1151.0,292.75,235336.0,272517.0,-6268.0,0,0,0,1
2014-09-02,0.03,2.42,92.88,1265.4,6965.5,2002.28,4598.1899,12.25,642.53,0.03336,1149.0,289.28,238027.0,280617.0,-13907.0,0,0,0,1
2014-09-03,0.03,2.41,95.54,1269.4,6927.0,2000.72,4572.56,12.36,644.08,0.03335,1142.0,290.3,237978.0,275327.0,-10193.0,0,0,0,1
2014-09-04,0.03,2.45,94.45,1261.67,6967.0,1997.65,4562.29,12.64,645.72,0.03336,1147.0,288.63,240032.0,279018.0,-11401.0,0,0,0,1
2014-09-05,0.03,2.46,93.29,1268.81,6973.0,2007.71,4582.8999,12.09,651.24,0.03333,1155.0,288.02,245171.0,287398.0,-13187.0,0,0,0,1
2014-09-09,0.02,2.5,92.75,1255.47,6937.0,1988.44,4552.29,13.5,646.49,0.03333,1197.0,285.79,248563.0,291194.0,-10648.0,0,0,1,1
2014-09-10,0.02,2.54,91.67,1249.77,6897.5,1995.69,4586.52,12.88,646.54,0.03331,1197.0,283.64,252435.0,316077.0,-16138.0,0,0,1,1
2014-09-11,0.02,2.54,92.83,1240.92,6829.0,1997.45,4591.81,12.8,648.14,0.03327,1186.0,282.77,258935.0,322021.0,-16889.0,0,0,1,1
2014-09-12,0.02,2.62,92.27,1229.65,6856.0,1985.54,4567.6,13.31,639.89,0.03326,1181.0,281.9,258066.0,331548.0,-16967.0,0,1,1,1
2014-09-15,0.02,2.6,92.92,1233.22,6850.0,1984.13,4518.8999,14.12,632.24,0.03322,1173.0,281.84,261981.0,340777.0,-13472.0,1,1,1,1
2014-09-16,0.02,2.6,94.88,1235.55,6895.5,1998.98,4552.7597,12.73,643.12,0.03316,1150.0,284.39,261546.0,345877.0,-17801.0,1,1,1,1
2014-09-17,0.02,2.62,94.42,1223.51,6958.5,2001.57,4562.1899,12.65,647.83,0.03319,1124.0,284.1,155914.0,179401.0,-11882.0,1,1,1,1
2014-09-18,0.02,2.63,93.07,1225.15,6920.0,2011.36,4593.4301,12.03,657.36,0.03305,1089.0,280.94,161216.0,190007.0,-14617.0,0,1,1,1
2014-09-19,0.02,2.59,91.65,1215.7,6868.5,2010.4,4579.79,12.11,649.54,0.03305,1075.0,279.4,164819.0,196083.0,-17714.0,1,1,1,1
2014-09-22,0.01,2.57,90.87,1215.08,6782.0,1994.29,4527.6899,13.69,641.35,0.03308,1077.0,277.67,170113.0,210083.0,-21472.0,1,1,1,1
2014-09-23,0.01,2.54,91.56,1223.42,6797.0,1982.77,4508.6899,14.93,639.85,0.03307,1073.0,277.8,174053.0,208471.0,-16993.0,1,1,1,1
2014-09-24,0.02,2.57,92.8,1217.09,6750.0,1998.3,4555.2202,13.27,647.53,0.03306,1056.0,280.38,168177.0,206724.0,-19383.0,0,1,1,1
2014-09-25,0.01,2.52,92.53,1221.58,6766.0,1965.99,4466.75,15.64,635.42,0.03299,1038.0,279.17,168148.0,219816.0,-27364.0,0,1,1,1
2014-09-26,0.01,2.54,93.54,1218.38,6771.0,1982.85,4512.1899,14.85,643.34,0.03299,1049.0,280.28,174028.0,228632.0,-20338.0,0,1,1,1
2014-09-29,0.02,2.5,94.57,1215.81,6735.5,1977.8,4505.85,15.98,644.23,0.03278,1062.0,283.14,177348.0,239596.0,-23402.0,1,1,1,1
2014-09-30,0.02,2.52,91.16,1208.15,6736.0,1972.29,4493.3901,16.3099,638.48,0.03286,1063.0,278.55,187980.0,263350.0,-26886.0,1,1,1,1
2014-10-01,0.02,2.42,90.73,1213.82,6755.0,1946.16,4422.0898,16.7099,623.36,0.0328,1055.0,277.91,187648.0,263376.0,-24770.0,1,1,1,1
2014-10-02,0.01,2.44,91.01,1214.57,6693.5,1946.17,4430.2001,16.16,619.66,0.03283,1041.0,277.32,199467.0,299010.0,-25242.0,1,1,1,1
2014-10-03,0.01,2.45,89.74,1191.42,6665.0,1967.9,4475.6201,14.55,623.12,0.03285,1037.0,276.34,206488.0,305001.0,-24710.0,1,1,1,1
2014-10-06,0.02,2.43,90.34,1207.3,6712.5,1964.82,4454.7998,15.46,617.97,0.03278,1029.0,280.24,206286.0,311410.0,-33866.0,1,1,1,1
2014-10-07,0.02,2.36,88.85,1209.01,6715.0,1935.1,4385.2001,17.2,606.2,0.03284,1015.0,279.98,215862.0,306265.0,-30239.0,1,1,1,1
2014-10-08,0.01,2.35,87.31,1221.14,6755.0,1968.89,4468.5898,15.11,619.97,0.03278,991.0,277.4,211845.0,305521.0,-25670.0,1,1,1,1
2014-10-09,0.01,2.34,85.77,1224.33,6767.0,1928.21,4378.3398,18.76,602.97,0.03286,974.0,276.41,228651.0,311338.0,-23134.0,1,1,1,1
2014-10-13,0.01,2.31,85.74,1235.87,6802.0,1874.74,4213.6601,24.6399,549.47,0.03284,954.0,276.72,238448.0,326871.0,-21409.0,1,1,1,1
2014-10-14,0.02,2.21,81.84,1232.83,6780.5,1877.7,4227.1699,22.79,559.67,0.03286,948.0,273.9,244504.0,338016.0,-19015.0,1,1,1,1
2014-10-15,0.02,2.15,81.78,1242.02,6781.0,1862.49,4215.3198,25.27,562.34,0.03287,935.0,271.31,165746.0,207705.0,-20392.0,0,1,1,1
2014-10-16,0.03,2.17,82.7,1238.81,6630.0,1862.76,4217.3901,25.2,570.73,0.03288,930.0,272.69,189887.0,268778.0,-19535.0,0,1,1,1
2014-10-17,0.02,2.22,82.75,1238.32,6629.0,1886.76,4258.4399,21.99,575.33,0.03287,944.0,272.64,195548.0,280767.0,-19427.0,0,1,1,1
2014-10-20,0.02,2.2,81.91,1246.91,6615.0,1904.01,4316.0698,18.57,584.15,0.03288,973.0,271.13,207339.0,282173.0,-13010.0,1,1,1,1
2014-10-21,0.02,2.23,82.49,1248.7,6660.0,1941.28,4419.4799,16.08,605.25,0.03289,1090.0,273.0,208559.0,287604.0,-11701.0,1,1,1,1
2014-10-22,0.02,2.25,80.52,1241.27,6730.5,1927.11,4382.85,17.87,596.93,0.0329,1136.0,270.35,210840.0,276292.0,-10846.0,1,1,1,1
2014-10-23,0.01,2.29,82.09,1231.84,6718.5,1950.82,4452.79,16.53,605.64,0.03289,1155.0,272.43,214718.0,279319.0,-10538.0,1,1,1,1
2014-10-24,0.01,2.29,81.01,1231.01,6759.5,1964.58,4483.7202,16.11,612.05,0.03288,1192.0,270.22,218679.0,302746.0,-13883.0,1,1,1,1
2014-10-27,0.02,2.27,81.0,1226.62,6800.5,1961.63,4485.9301,16.04,614.23,0.03289,1285.0,270.41,220956.0,303865.0,-7463.0,1,1,1,1
2014-10-28,0.02,2.3,81.42,1228.52,6859.5,1985.05,4564.29,14.39,623.46,0.0329,1395.0,272.09,237923.0,306894.0,-3384.0,1,1,1,1
2014-10-29,0.03,2.34,82.2,1212.15,6855.0,1982.3,4549.2299,15.15,624.19,0.03292,1428.0,274.9,227424.0,306887.0,-4084.0,1,1,1,1
2014-10-30,0.01,2.32,81.12,1198.85,6785.0,1994.65,4566.1401,14.52,616.96,0.03289,1424.0,272.71,229833.0,310546.0,-6747.0,0,0,1,1
2014-10-31,0.01,2.35,80.54,1172.94,6835.5,2018.05,4630.7402,14.03,640.86,0.03281,1428.0,271.96,240940.0,309068.0,-6620.0,0,0,1,1
2014-11-03,0.02,2.36,78.78,1165.63,6801.0,2017.81,4638.9101,14.73,644.77,0.0328,1456.0,270.47,252638.0,317767.0,-7877.0,1,1,1,1
2014-11-04,0.03,2.35,77.19,1168.39,6705.5,2012.1,4623.6401,14.89,642.99,0.03275,1484.0,267.48,256303.0,321312.0,-4836.0,1,1,1,1
2014-11-05,0.03,2.36,78.68,1140.54,6646.0,2023.57,4620.7202,14.17,649.04,0.03268,1464.0,268.27,251468.0,321248.0,-6044.0,0,0,1,1
2014-11-06,0.03,2.39,77.91,1141.92,6681.0,2031.21,4638.4702,13.67,643.3,0.03267,1436.0,269.14,257397.0,332966.0,-6687.0,0,0,1,1
2014-11-07,0.03,2.32,78.65,1177.97,6720.5,2031.92,4632.5297,13.12,637.48,0.03256,1437.0,270.66,257349.0,337648.0,-5075.0,1,1,1,1
2014-11-10,0.02,2.38,77.4,1151.47,6735.5,2038.26,4651.6201,12.67,642.25,0.03267,1418.0,267.83,272911.0,340692.0,2715.0,0,1,1,1
2014-11-11,0.02,2.38,77.94,1164.33,6688.0,2039.68,4660.56,12.92,640.43,0.03256,1370.0,270.15,271350.0,345004.0,-5270.0,0,0,1,1
2014-11-12,0.02,2.37,77.18,1162.6,6752.5,2038.25,4675.1401,13.02,639.76,0.03252,1327.0,268.94,261996.0,335894.0,-8763.0,0,1,1,1
2014-11-13,0.02,2.35,74.21,1162.55,6755.5,2039.33,4680.1401,13.79,639.8,0.03252,1264.0,264.56,268660.0,341529.0,-2057.0,0,1,1,1
2014-11-14,0.02,2.32,75.82,1188.75,6695.0,2039.82,4688.54,13.31,645.56,0.0325,1256.0,266.79,269755.0,349182.0,-1184.0,0,1,1,1
2014-11-17,0.03,2.34,75.64,1186.57,6752.0,2041.32,4671.0,13.99,642.55,0.03253,1264.0,267.42,273284.0,342976.0,1550.0,0,1,1,1
2014-11-18,0.02,2.32,74.61,1197.08,6684.0,2051.8,4702.4399,13.86,654.77,0.03249,1296.0,265.83,281549.0,358505.0,-506.0,0,1,1,1
2014-11-19,0.01,2.36,74.58,1182.68,6715.0,2048.72,4675.7099,13.96,650.18,0.03239,1306.0,266.41,205273.0,209987.0,7427.0,0,1,1,1
2014-11-20,0.02,2.34,75.58,1193.79,6688.0,2052.75,4701.8701,13.58,656.27,0.03224,1332.0,268.15,213278.0,216597.0,13035.0,0,0,1,1
2014-11-21,0.01,2.31,76.51,1201.55,6790.0,2063.5,4712.9702,12.9,662.95,0.03225,1324.0,269.11,216574.0,223217.0,7813.0,0,0,1,1
2014-11-24,0.02,2.3,75.78,1197.14,6731.0,2069.41,4754.8901,12.62,669.47,0.03225,1317.0,267.19,219615.0,230049.0,6033.0,0,1,1,1
2014-11-25,0.02,2.27,74.09,1200.98,6696.0,2067.03,4758.25,12.25,669.36,0.03229,1313.0,266.85,219297.0,238081.0,7752.0,1,1,1,1
2014-11-26,0.02,2.24,73.69,1197.87,6649.0,2072.83,4787.3198,12.07,683.48,0.03231,1239.0,266.65,216307.0,241406.0,6649.0,1,1,1,1
2014-11-27,0.02,2.24,73.69,1192.67,6621.5,2072.83,4787.3198,12.07,683.48,0.03231,1187.0,266.65,227447.0,250737.0,10709.0,1,1,1,1
2014-11-28,0.02,2.18,66.15,1167.38,6515.5,2067.56,4791.6298,13.33,685.74,0.03222,1153.0,254.37,239308.0,262204.0,9165.0,1,1,1,1
2014-12-01,0.03,2.22,69.0,1212.1,6385.0,2053.44,4727.35,14.16,676.69,0.03211,1137.0,258.78,250501.0,268127.0,8970.0,1,1,1,1
2014-12-02,0.03,2.28,66.88,1198.28,6455.0,2066.55,4755.81,12.85,681.35,0.03215,1119.0,253.33,256370.0,276716.0,-721.0,0,0,1,1
2014-12-03,0.01,2.29,67.38,1209.43,6451.0,2074.33,4774.4702,12.5,695.28,0.03209,1079.0,253.04,253391.0,262755.0,7397.0,0,0,1,1
2014-12-04,0.02,2.25,66.81,1205.27,6491.0,2071.92,4769.4399,12.38,696.16,0.03205,1019.0,253.08,258073.0,267347.0,2304.0,0,1,1,1
2014-12-05,0.02,2.31,65.84,1192.35,6536.0,2075.37,4780.7597,11.89,703.12,0.03206,982.0,252.33,260610.0,270985.0,3112.0,1,1,1,1
2014-12-08,0.03,2.26,63.05,1203.51,6465.5,2060.31,4740.6899,14.21,693.0,0.03196,952.0,248.13,262587.0,271941.0,-2517.0,1,1,1,1
2014-12-09,0.04,2.22,63.82,1231.06,6401.0,2059.82,4766.4702,15.35,692.84,0.03196,933.0,251.0604,263746.0,279541.0,-914.0,1,1,1,1
2014-12-10,0.03,2.18,60.94,1226.31,6476.0,2026.14,4684.02,18.53,679.97,0.03199,911.0,246.9274,265435.0,290735.0,-6706.0,0,1,1,1
2014-12-11,0.03,2.19,59.95,1227.72,6471.5,2035.33,4708.1601,20.08,683.15,0.03199,887.0,245.4214,266657.0,296925.0,-2632.0,1,1,1,1
2014-12-12,0.02,2.1,57.81,1222.59,6526.5,2002.33,4653.6,21.08,671.33,0.03192,863.0,243.7476,271845.0,307009.0,-3260.0,1,1,1,1
2014-12-15,0.04,2.12,55.91,1193.23,6560.0,1989.63,4605.1601,20.42,665.71,0.03191,845.0,241.0536,277361.0,307624.0,-291.0,1,1,1,1
2014-12-16,0.03,2.07,55.93,1197.01,6390.0,1972.74,4547.83,23.57,661.3,0.03192,838.0,238.7532,281391.0,321860.0,-5732.0,1,1,1,1
2014-12-17,0.03,2.14,56.47,1189.71,6306.0,2012.89,4644.31,19.44,675.58,0.03189,827.0,239.8927,112876.0,131087.0,-8893.0,1,1,1,1
2014-12-18,0.04,2.22,54.11,1198.57,6350.5,2061.23,4748.3999,16.8099,688.12,0.0318,814.0,237.8654,123020.0,136681.0,-7209.0,1,1,1,1
2014-12-19,0.04,2.17,56.52,1195.74,6445.5,2070.65,4765.3798,16.49,686.09,0.03177,803.0,240.2935,131427.0,147744.0,5332.0,1,1,1,1
2014-12-22,0.05,2.17,55.26,1176.44,6426.5,2078.54,4781.4199,15.25,696.68,0.03166,794.0,236.6069,134687.0,148622.0,10107.0,1,1,1,1
2014-12-23,0.03,2.26,57.12,1176.57,6363.0,2082.17,4765.4199,14.8,695.32,0.03148,788.0,238.6123,134433.0,153356.0,9180.0,1,1,1,1
2014-12-24,0.01,2.27,55.84,1173.8,6361.0,2081.88,4773.4702,14.37,696.35,0.03143,782.0,235.341,133815.0,153643.0,10169.0,1,1,1,1
2014-12-25,0.01,2.27,55.84,1173.8,6361.0,2081.88,4773.4702,14.37,696.35,0.03149,782.0,235.341,135790.0,157362.0,10485.0,1,1,1,1
2014-12-26,0.01,2.25,54.73,1196.0,6361.0,2088.77,4806.8598,14.5,697.0,0.0315,782.0,234.6477,139748.0,160631.0,10212.0,1,1,1,1
2014-12-27,0.01,2.25,54.73,1196.0,6361.0,2088.77,4806.8598,14.5,697.0,0.0315,782.0,234.6477,139932.0,160869.0,9768.0,1,1,1,1
2014-12-29,0.03,2.22,53.61,1183.29,6332.0,2090.57,4806.9101,15.06,695.08,0.03149,782.0,233.2431,146740.0,167254.0,14488.0,1,1,1,1
2014-12-30,0.03,2.2,54.12,1200.55,6330.0,2080.35,4777.4399,15.92,690.99,0.03148,782.0,233.4786,151617.0,176018.0,10873.0,1,1,1,1
2014-12-31,0.04,2.17,53.27,1184.37,6359.0,2058.9,4736.0498,19.2,686.87,0.03153,782.0,229.9579,150491.0,172582.0,11833.0,1,1,1,1
2015-01-05,0.03,2.04,50.04,1204.86,6216.0,2020.58,4652.5698,19.92,673.59,0.03125,761.0,226.727,153659.0,182909.0,11506.0,1,1,1,1
2015-01-06,0.03,1.97,47.93,1218.58,6191.0,2002.61,4592.7402,21.12,658.83,0.03125,758.0,225.3838,157813.0,196918.0,3689.0,1,1,1,1
2015-01-07,0.03,1.96,48.65,1211.41,6170.0,2025.9,4650.4702,19.3099,665.27,0.03125,744.0,225.055,158086.0,213525.0,5661.0,1,1,1,1
2015-01-08,0.03,2.03,48.79,1208.79,6230.5,2062.14,4736.1899,17.01,684.65,0.03124,724.0,225.8797,174172.0,221413.0,13181.0,1,1,1,1
2015-01-09,0.02,1.98,48.36,1223.25,6151.0,2044.81,4704.0698,17.5499,685.52,0.03131,709.0,225.5706,174089.0,225765.0,5038.0,1,1,1,1
2015-01-12,0.03,1.92,46.07,1233.31,6131.0,2028.26,4664.7099,19.6,671.82,0.03139,723.0,220.8258,174775.0,228070.0,10089.0,0,0,0,0
2015-01-13,0.03,1.91,45.89,1230.64,5915.0,2023.03,4661.5,20.5599,665.58,0.03139,762.0,219.699,175974.0,229818.0,13879.0,0,0,0,0
2015-01-14,0.04,1.86,48.48,1228.72,5627.0,2011.27,4639.3198,21.48,661.65,0.03141,757.0,223.2762,168859.0,231904.0,8399.0,0,1,0,0
2015-01-15,0.03,1.77,46.25,1262.75,5719.0,1992.67,4570.8198,22.3899,656.51,0.03146,749.0,220.425,174360.0,236718.0,9353.0,1,1,1,1
2015-01-16,0.03,1.83,48.69,1280.45,5660.0,2019.42,4634.3798,20.95,663.86,0.0316,741.0,224.236,180806.0,250226.0,8723.0,1,1,1,0
2015-01-19,0.03,1.83,48.69,1275.65,5671.0,2019.42,4634.3798,20.95,663.86,0.03169,739.0,224.236,183151.0,252201.0,10176.0,1,1,1,0
2015-01-20,0.03,1.82,46.47,1295.32,5760.5,2022.55,4654.85,19.8899,670.57,0.03155,753.0,218.9664,189735.0,258537.0,15020.0,1,1,1,1
2015-01-21,0.03,1.87,47.78,1293.09,5630.5,2032.12,4667.4199,18.85,678.16,0.03169,770.0,221.2319,125184.0,131032.0,15297.0,0,0,0,0
2015-01-22,0.03,1.9,46.31,1302.25,5742.0,2063.15,4750.3999,16.4,682.48,0.03174,751.0,218.3392,144301.0,146671.0,16788.0,0,0,0,0
2015-01-23,0.02,1.81,45.59,1294.08,5581.0,2051.82,4757.8798,16.66,680.54,0.03181,720.0,216.6087,169302.0,162006.0,19341.0,0,0,0,0
2015-01-26,0.03,1.83,45.15,1281.4,5490.0,2057.09,4771.7597,15.52,682.39,0.03191,703.0,216.0473,174908.0,165215.0,20940.0,0,0,0,0
2015-01-27,0.02,1.83,46.23,1292.34,5557.0,2029.55,4681.5,17.2199,669.79,0.03192,688.0,217.9127,181161.0,171257.0,18132.0,0,0,0,0
2015-01-28,0.02,1.73,44.45,1284.49,5485.5,2002.16,4637.9902,20.44,666.07,0.03192,666.0,214.9868,182298.0,174814.0,21545.0,0,0,0,0
2015-01-29,0.03,1.77,44.53,1257.27,5390.5,2021.25,4683.4101,18.76,666.63,0.03173,632.0,212.643,189905.0,187553.0,14990.0,0,0,0,0
2015-01-30,0.02,1.68,48.24,1283.79,5505.0,1994.99,4635.2402,20.9699,653.14,0.03169,608.0,218.8402,194984.0,193747.0,14089.0,0,0,0,0
2015-02-02,0.02,1.68,49.57,1274.41,5535.5,2020.85,4676.6899,19.43,655.19,0.03156,590.0,220.4401,201008.0,195750.0,17002.0,1,0,0,0
2015-02-03,0.02,1.79,53.05,1260.52,5695.0,2050.03,4727.7402,17.33,666.93,0.03162,577.0,227.4179,201818.0,199390.0,16231.0,1,0,0,0
2015-02-04,0.01,1.81,48.45,1269.35,5708.0,2041.51,4716.7001,18.33,669.15,0.03177,569.0,220.4826,195027.0,198613.0,16123.0,0,0,0,0
2015-02-05,0.02,1.83,50.48,1264.82,5595.0,2062.52,4765.1,16.85,675.69,0.03171,564.0,223.17,196545.0,203717.0,17515.0,0,0,0,0
2015-02-06,0.02,1.95,51.69,1234.04,5692.0,2055.47,4744.3999,17.29,671.85,0.03176,559.0,224.853,203786.0,210739.0,11077.0,0,0,0,0
2015-02-09,0.01,1.96,52.86,1239.03,5666.0,2046.74,4726.0097,18.5499,664.54,0.03169,554.0,227.9064,206139.0,211848.0,14694.0,1,0,0,0
2015-02-10,0.01,2.01,50.02,1233.55,5591.0,2068.59,4787.6401,17.23,687.03,0.03174,556.0,223.6545,210401.0,213160.0,9047.0,1,1,0,0
2015-02-11,0.01,2.0,48.84,1218.83,5645.5,2068.53,4801.1801,16.9599,689.25,0.03168,553.0,221.9925,216167.0,213126.0,12482.0,0,0,0,0
2015-02-12,0.02,1.99,51.21,1221.98,5695.0,2088.48,4857.6098,15.34,700.19,0.03162,540.0,226.0969,233331.0,227853.0,9678.0,1,0,0,0
2015-02-13,0.01,2.02,52.78,1229.76,5731.0,2096.99,4893.8398,14.69,705.08,0.03177,530.0,229.1896,271905.0,263475.0,14130.0,0,0,0,0
2015-02-24,0.02,1.99,49.28,1200.53,5715.0,2115.48,4968.1201,13.69,716.12,0.03156,516.0,222.2545,182758.0,150212.0,17761.0,0,0,0,0
2015-02-25,0.02,1.96,50.99,1205.0,5805.0,2113.86,4967.1401,13.84,711.99,0.03171,524.0,223.9478,193591.0,153937.0,20883.0,0,0,0,0
2015-02-26,0.03,2.03,48.17,1209.49,5935.5,2110.74,4987.8901,13.91,716.67,0.03174,533.0,220.9518,207948.0,168610.0,16863.0,0,0,0,0
2015-03-02,0.02,2.08,49.59,1206.83,5896.0,2117.39,5008.1,13.04,734.51,0.03168,548.0,221.9789,214881.0,172662.0,11612.0,0,0,0,0
2015-03-03,0.02,2.12,50.52,1203.74,5855.0,2107.78,4979.8999,13.86,720.26,0.03174,553.0,222.0249,219184.0,180614.0,7825.0,0,0,0,0
2015-03-04,0.01,2.12,51.53,1200.34,5882.0,2098.53,4967.1401,14.23,719.54,0.03177,559.0,223.2001,222251.0,178378.0,11208.0,0,0,0,0
2015-03-05,0.02,2.11,50.76,1198.4,5856.0,2101.04,4982.81,14.04,720.25,0.03174,561.0,222.1158,227895.0,186057.0,8002.0,1,1,0,0
2015-03-06,0.01,2.24,49.61,1167.29,5826.5,2071.26,4927.3701,15.2,712.42,0.0318,565.0,220.1365,238650.0,187497.0,10015.0,0,0,0,0
2015-03-09,0.02,2.2,50.0,1167.21,5800.0,2079.43,4942.4399,15.06,715.03,0.03173,568.0,219.3117,243036.0,195949.0,6213.0,0,0,0,0
2015-03-10,0.02,2.14,48.29,1161.84,5783.5,2044.16,4859.79,16.69,701.3,0.03168,568.0,216.0477,247792.0,210254.0,4344.0,1,1,0,0
2015-03-11,0.03,2.11,48.17,1155.31,5786.0,2040.24,4849.9399,16.87,703.16,0.03158,565.0,215.8934,249142.0,217209.0,10874.0,0,0,0,0
2015-03-12,0.03,2.1,47.05,1153.73,5865.5,2065.95,4893.29,15.42,702.77,0.03158,560.0,214.6599,259476.0,230636.0,13611.0,0,0,0,0
2015-03-13,0.03,2.13,44.84,1158.48,5860.0,2053.4,4871.7597,16.0,707.79,0.03154,562.0,210.6998,265917.0,235979.0,9298.0,0,0,0,0
2015-03-16,0.05,2.1,43.88,1154.81,5853.0,2081.19,4929.5097,15.61,718.53,0.03153,564.0,210.1177,274103.0,242269.0,7400.0,1,1,0,0
2015-03-17,0.05,2.06,43.46,1149.57,5765.0,2074.28,4937.4301,15.66,713.19,0.03158,568.0,209.0015,281564.0,247809.0,6567.0,1,1,0,0
2015-03-18,0.03,1.93,44.66,1167.61,5692.5,2099.5,4982.83,13.97,718.48,0.0316,571.0,212.0402,187781.0,154481.0,18964.0,0,0,0,0
2015-03-19,0.03,1.98,45.53,1171.18,5835.0,2089.27,4992.3798,14.07,720.2,0.03174,584.0,210.991,215619.0,168897.0,17626.0,0,0,0,0
2015-03-20,0.01,1.93,46.57,1182.54,5920.0,2108.1,5026.4199,13.02,730.91,0.0317,591.0,214.1089,222155.0,182035.0,13030.0,0,0,0,0
2015-03-23,0.03,1.92,47.45,1189.54,6093.5,2104.42,5010.9702,13.41,723.96,0.03174,594.0,215.7554,228291.0,188032.0,11305.0,1,0,0,0
2015-03-24,0.02,1.88,47.51,1193.28,6128.0,2091.5,4994.7299,13.62,717.78,0.03186,597.0,215.5309,233414.0,195033.0,9319.0,0,0,0,0
2015-03-25,0.04,1.93,49.21,1195.47,6134.5,2061.05,4876.52,15.44,684.73,0.03185,598.0,217.1572,229898.0,193759.0,5887.0,0,0,0,0
2015-03-26,0.03,2.01,51.43,1204.81,6230.0,2056.15,4863.3598,15.8,675.24,0.03184,598.0,219.4887,238398.0,209739.0,5204.0,0,0,0,0
2015-03-27,0.04,1.95,48.87,1198.55,6146.0,2061.02,4891.2202,15.07,694.32,0.03187,596.0,215.1625,252885.0,237286.0,-3745.0,0,0,0,0
2015-03-30,0.04,1.96,48.68,1186.07,6110.0,2086.24,4947.4399,14.51,703.74,0.03187,599.0,214.254,259955.0,241331.0,-2444.0,0,0,0,0
2015-03-31,0.03,1.94,47.6,1183.57,6050.5,2067.89,4900.8798,15.29,695.48,0.03185,602.0,211.8596,261074.0,246319.0,-2139.0,0,0,0,0
2015-04-01,0.03,1.87,50.09,1203.98,6019.5,2059.69,4880.2299,15.11,691.19,0.03189,596.0,216.1213,260085.0,239260.0,-1981.0,0,0,0,0
2015-04-02,0.02,1.92,49.14,1202.61,6001.5,2066.96,4886.9399,14.67,689.17,0.03195,588.0,216.0883,274045.0,246211.0,4123.0,0,0,0,0
2015-04-07,0.02,1.89,53.98,1209.22,6041.0,2076.33,4910.2299,14.78,692.94,0.0321,583.0,221.8479,275961.0,249043.0,1043.0,0,0,0,0
2015-04-08,0.03,1.92,50.42,1202.57,6055.0,2081.9,4950.8198,13.98,697.45,0.03202,580.0,216.3965,269483.0,248900.0,-3112.0,0,0,0,0
2015-04-09,0.03,1.97,50.79,1194.81,6050.0,2091.18,4974.56,13.09,706.18,0.03202,580.0,216.1343,294867.0,256435.0,1379.0,0,0,0,0
2015-04-10,0.02,1.96,51.64,1207.59,6055.0,2102.06,4995.9799,12.58,709.05,0.03201,580.0,217.124,302982.0,265281.0,2410.0,0,0,0,0
2015-04-13,0.03,1.94,51.91,1198.88,6011.5,2092.43,4988.25,13.94,704.52,0.03191,578.0,216.825,316344.0,272792.0,-162.0,0,0,0,0
2015-04-14,0.02,1.9,53.29,1192.78,5916.5,2095.84,4977.29,13.67,697.85,0.03194,581.0,219.0366,324086.0,280445.0,-1414.0,0,0,0,0
2015-04-15,0.02,1.91,56.39,1202.58,5920.5,2106.63,5011.02,12.84,709.32,0.03192,586.0,223.5798,206172.0,189127.0,-4088.0,1,1,0,0
2015-04-16,0.02,1.9,56.71,1198.55,6054.0,2104.99,5007.79,12.6,706.08,0.032,593.0,225.7219,224896.0,200601.0,7643.0,1,1,1,1
2015-04-17,0.01,1.87,55.74,1204.22,6081.0,2081.18,4931.81,13.89,696.09,0.03209,597.0,223.9442,243651.0,220194.0,-632.0,1,1,1,1
2015-04-20,0.03,1.9,57.88,1195.89,6002.0,2100.4,4994.6,13.3,702.29,0.03215,598.0,222.7199,251800.0,230844.0,570.0,1,0,0,0
2015-04-21,0.03,1.92,56.61,1202.41,5975.0,2097.29,5014.1,13.25,707.12,0.03208,601.0,221.04,261946.0,245005.0,-5113.0,0,0,0,0
2015-04-22,0.03,1.99,56.16,1187.13,5927.0,2107.96,5035.1699,12.71,716.82,0.03214,600.0,220.7806,290514.0,245355.0,5491.0,1,0,0,0
2015-04-23,0.03,1.96,57.74,1193.97,5935.0,2112.93,5056.06,12.48,705.46,0.03212,599.0,223.6888,318649.0,263773.0,11460.0,0,0,0,0
2015-04-24,0.03,1.93,57.15,1179.0,6025.5,2117.69,5092.08,12.29,693.73,0.03221,600.0,224.0529,329953.0,276555.0,5216.0,0,0,0,0
2015-04-27,0.02,1.94,56.99,1202.15,6061.0,2108.92,5060.25,13.12,696.11,0.0324,600.0,223.9667,345631.0,289542.0,9180.0,0,0,0,0
2015-04-28,0.02,2.0,57.06,1212.17,6090.5,2114.76,5055.4199,12.41,696.24,0.03243,601.0,224.6921,352289.0,307665.0,5701.0,0,0,0,0
2015-04-29,0.01,2.06,58.58,1204.71,6103.0,2106.85,5023.6401,13.39,692.19,0.03258,595.0,227.2915,345861.0,311393.0,6835.0,0,0,0,0
2015-04-30,0.01,2.05,59.63,1184.37,6245.0,2085.51,4941.4199,14.55,686.29,0.03252,591.0,229.4856,346719.0,322840.0,3813.0,0,0,0,0
2015-05-04,0.02,2.16,58.93,1188.33,6362.0,2114.49,5016.9301,12.85,704.03,0.03249,587.0,227.8355,351413.0,334815.0,2044.0,0,0,0,0
2015-05-05,0.01,2.19,60.4,1193.34,6410.0,2089.46,4939.33,14.31,688.4,0.03249,580.0,230.8423,352979.0,337295.0,-673.0,0,0,0,0
2015-05-06,0.02,2.25,60.93,1192.24,6400.5,2080.15,4919.6401,15.15,687.45,0.03252,575.0,230.2631,347381.0,336050.0,-1828.0,0,0,0,0
2015-05-07,0.01,2.18,58.94,1184.51,6437.0,2088.0,4945.54,15.13,695.2,0.03246,573.0,226.828,357807.0,355036.0,-8366.0,0,0,0,1
2015-05-08,0.01,2.16,59.39,1188.39,6396.5,2116.1,5003.5498,12.86,702.13,0.0325,574.0,229.1586,367666.0,362312.0,-11874.0,0,0,0,1
2015-05-11,0.02,2.28,59.25,1183.97,6363.0,2105.33,4993.5698,13.85,702.31,0.03249,578.0,228.2704,371406.0,374939.0,-15987.0,0,0,0,0
2015-05-12,0.03,2.28,60.75,1193.94,6448.0,2099.12,4976.1899,13.86,696.18,0.03246,589.0,231.0914,371061.0,386604.0,-16232.0,0,0,0,1
2015-05-13,0.02,2.27,60.5,1215.75,6416.0,2098.48,4981.6899,13.76,700.13,0.03249,634.0,231.1414,367200.0,383810.0,-14452.0,0,0,0,1
2015-05-14,0.01,2.23,59.88,1221.14,6399.0,2121.1,5050.7998,12.74,708.32,0.03259,637.0,231.769,376874.0,398673.0,-22830.0,0,0,0,1
2015-05-15,0.02,2.14,59.69,1224.8,6356.0,2122.73,5048.29,12.38,709.52,0.03267,634.0,231.4574,380679.0,401915.0,-17995.0,1,1,1,1
2015-05-18,0.02,2.23,60.24,1225.51,6383.0,2129.2,5078.4399,12.73,716.54,0.03267,630.0,230.678,399908.0,423188.0,-17690.0,0,0,0,1
2015-05-19,0.02,2.27,57.99,1207.86,6270.0,2127.83,5070.0297,12.85,713.39,0.03264,620.0,226.2172,413693.0,439280.0,-12850.0,0,0,0,1
2015-05-20,0.02,2.26,58.98,1209.8,6208.0,2125.85,5071.7402,12.88,714.48,0.03259,606.0,226.4294,276366.0,272263.0,-15935.0,0,0,0,1
2015-05-21,0.02,2.19,60.72,1204.86,6240.0,2130.82,5090.79,12.11,718.44,0.03263,592.0,228.2387,287170.0,283564.0,-18044.0,0,0,1,1
2015-05-22,0.02,2.21,59.72,1206.21,6197.5,2126.06,5089.3598,12.13,720.2,0.03274,586.0,225.5637,295591.0,286293.0,-12788.0,0,0,1,1
2015-05-25,0.02,2.21,59.72,1206.6,6197.5,2126.06,5089.3598,12.13,720.2,0.03271,586.0,225.5637,301164.0,298065.0,-9782.0,1,0,1,1
2015-05-26,0.02,2.14,58.03,1187.3,6134.5,2104.2,5032.75,14.06,714.75,0.03256,584.0,221.7231,307118.0,303770.0,-9926.0,0,0,1,1
2015-05-27,0.01,2.14,57.51,1188.09,6085.0,2123.48,5106.5898,13.27,742.35,0.03255,587.0,220.185,297604.0,302249.0,-4587.0,0,0,0,1
2015-05-28,0.01,2.13,57.68,1188.4,6117.0,2120.79,5097.9799,13.31,743.27,0.03247,588.0,220.913,302366.0,309161.0,-1116.0,0,0,1,1
2015-05-29,0.01,2.12,60.3,1190.58,6088.5,2107.39,5070.0297,13.84,745.41,0.03239,589.0,223.1754,310104.0,323524.0,-5845.0,0,0,1,1
2015-06-01,0.02,2.19,60.2,1189.2,5970.5,2111.73,5082.9301,13.97,746.08,0.03233,589.0,223.4775,316527.0,337142.0,-10907.0,0,0,0,1
2015-06-02,0.01,2.27,61.26,1193.01,5998.5,2109.6,5076.52,14.24,737.28,0.03226,591.0,225.8194,320992.0,337389.0,-6795.0,0,0,1,1
2015-06-03,0.02,2.38,59.64,1185.17,5992.0,2114.07,5099.2299,13.66,732.7,0.03234,598.0,223.5816,315079.0,328148.0,-17841.0,0,0,1,1
2015-06-04,0.02,2.31,58.0,1176.89,5954.0,2095.84,5059.1201,14.71,725.81,0.03219,603.0,221.6601,321468.0,345467.0,-25170.0,1,1,1,1
2015-06-05,0.03,2.41,59.13,1171.94,5924.5,2092.83,5068.4599,14.21,726.29,0.03222,610.0,222.5289,331028.0,355873.0,-20749.0,1,1,1,1
2015-06-08,0.02,2.39,58.14,1174.07,5915.0,2079.28,5021.6298,15.29,712.37,0.03197,610.0,223.0334,338676.0,362467.0,-21339.0,0,1,1,1
2015-06-09,0.02,2.42,60.14,1176.8,5989.0,2080.15,5013.8701,14.47,711.6,0.03195,612.0,226.4271,340220.0,365072.0,-18146.0,0,1,1,1
2015-06-10,0.02,2.5,61.43,1186.06,6045.5,2105.2,5076.6899,13.22,720.94,0.0321,618.0,228.1836,342684.0,370857.0,-18481.0,0,1,1,1
2015-06-11,0.01,2.39,60.77,1182.01,5906.0,2108.86,5082.5097,12.85,720.53,0.03209,629.0,225.305,347167.0,383002.0,-19138.0,0,1,1,1
2015-06-12,0.02,2.39,59.96,1181.63,5888.5,2094.11,5051.1,13.78,714.13,0.03202,642.0,223.529,351809.0,385930.0,-16578.0,0,1,1,1
2015-06-15,0.02,2.36,59.52,1186.43,5760.5,2084.43,5029.9702,15.39,712.63,0.03199,656.0,222.5452,355142.0,391311.0,-14803.0,1,1,1,1
2015-06-16,0.01,2.32,59.97,1182.07,5752.0,2096.29,5055.5498,14.81,715.07,0.03198,681.0,223.7738,354422.0,400412.0,-14302.0,1,1,1,1
2015-06-17,0.01,2.32,59.92,1185.55,5749.0,2100.44,5064.8798,14.5,715.19,0.03199,725.0,223.5154,154106.0,153092.0,-10374.0,1,1,1,1
2015-06-18,0.01,2.35,60.45,1201.94,5761.0,2121.24,5132.9501,13.19,725.6,0.03219,773.0,224.1198,164903.0,167332.0,-8474.0,1,1,1,1
2015-06-22,0.01,2.37,60.38,1185.98,5646.0,2122.85,5153.9702,12.74,728.22,0.03229,779.0,223.2318,175070.0,174801.0,-4643.0,1,1,1,1
2015-06-23,0.01,2.42,61.01,1178.63,5725.0,2124.2,5160.0898,12.11,723.88,0.03226,790.0,224.3574,185294.0,183639.0,-5381.0,1,1,1,1
2015-06-24,0.01,2.38,60.27,1175.4,5765.0,2108.58,5122.4101,13.26,716.49,0.0322,829.0,224.0417,179092.0,183829.0,829.0,1,1,1,1
2015-06-25,0.01,2.4,59.7,1173.17,5715.5,2102.31,5112.1899,14.01,715.83,0.0322,829.0,224.3456,191187.0,190597.0,2890.0,1,1,1,1
2015-06-26,0.01,2.49,59.63,1175.52,5731.0,2101.49,5080.5097,14.02,698.36,0.03212,823.0,224.8798,193796.0,196689.0,-701.0,0,1,1,1
2015-06-29,0.02,2.33,58.33,1179.83,5767.0,2057.64,4958.4702,18.85,678.07,0.03207,813.0,223.584,198566.0,204394.0,-1885.0,1,1,1,1
2015-06-30,0.01,2.35,59.47,1172.35,5721.0,2063.11,4986.8701,18.23,680.54,0.03219,800.0,227.1702,201909.0,207436.0,2961.0,0,0,1,1
2015-07-01,0.01,2.43,56.96,1168.79,5755.5,2077.42,5013.1201,16.09,682.13,0.03215,794.0,224.0623,197015.0,207967.0,6133.0,0,1,1,1
2015-07-02,0.01,2.4,56.93,1166.26,5761.0,2076.78,5009.2099,16.79,685.51,0.0321,794.0,224.5519,201786.0,218763.0,3067.0,1,1,1,1
2015-07-03,0.01,2.4,56.93,1168.7,5761.5,2076.78,5009.2099,16.79,685.51,0.03213,805.0,224.5519,207048.0,227684.0,3660.0,1,1,1,1
2015-07-06,0.02,2.3,52.53,1170.33,5570.0,2068.76,4991.9399,17.01,675.11,0.0321,815.0,217.8697,207836.0,231437.0,1933.0,0,1,1,1
2015-07-07,0.02,2.27,52.33,1155.26,5440.5,2081.34,4997.4599,16.09,672.91,0.03209,830.0,215.5343,212132.0,237220.0,4844.0,0,0,0,0
2015-07-08,0.02,2.22,51.65,1158.33,5375.0,2046.68,4909.7597,19.66,655.25,0.03203,840.0,215.2616,219856.0,254733.0,-6820.0,0,0,0,0
2015-07-09,0.03,2.32,52.78,1159.43,5576.0,2051.31,4922.3999,19.9699,646.64,0.03202,853.0,217.5896,239018.0,265888.0,-7146.0,0,1,1,0
2015-07-13,0.02,2.44,52.2,1157.98,5605.5,2099.6,5071.5097,13.9,663.97,0.03205,900.0,218.5139,246423.0,275508.0,-3407.0,1,1,1,1
2015-07-14,0.01,2.41,53.04,1156.06,5502.5,2108.95,5104.8901,13.37,671.16,0.03195,915.0,219.3837,255335.0,281938.0,-254.0,1,1,1,1
2015-07-15,0.02,2.36,51.41,1149.45,5597.0,2107.4,5098.9399,13.23,667.02,0.03198,951.0,216.6231,175171.0,170935.0,356.0,1,1,1,1
2015-07-16,0.02,2.36,50.91,1145.39,5530.0,2124.29,5163.1801,12.11,668.61,0.03194,1009.0,215.5543,181412.0,177034.0,-3112.0,1,1,1,1
2015-07-17,0.03,2.34,50.89,1134.14,5465.0,2126.64,5210.1401,11.95,667.06,0.03194,1048.0,214.5416,185281.0,185367.0,-466.0,1,1,1,1
2015-07-20,0.04,2.38,50.44,1096.5,5425.0,2128.28,5218.8598,12.25,662.5,0.03191,1067.0,211.8441,188724.0,187603.0,-3103.0,1,1,1,1
2015-07-21,0.03,2.35,50.86,1101.25,5475.5,2119.21,5208.1201,12.22,662.86,0.03184,1113.0,212.0051,190200.0,187915.0,1163.0,1,1,1,1
2015-07-22,0.04,2.33,49.19,1094.24,5350.5,2114.15,5171.77,12.12,646.13,0.0319,1118.0,209.2951,185779.0,191952.0,-7197.0,1,1,1,0
2015-07-23,0.03,2.28,48.45,1090.7,5340.0,2102.15,5146.4101,12.64,655.51,0.03179,1102.0,206.974,193844.0,210914.0,-10730.0,1,1,0,0
2015-07-24,0.04,2.27,48.14,1099.11,5224.5,2079.65,5088.6298,13.74,642.48,0.03172,1086.0,205.0399,198475.0,220666.0,-10157.0,1,1,0,0
2015-07-27,0.05,2.23,47.39,1093.98,5190.0,2067.64,5039.7797,15.6,637.88,0.03169,1090.0,202.686,205027.0,235505.0,-6666.0,0,0,0,0
2015-07-28,0.05,2.26,47.98,1095.48,5239.5,2093.25,5089.2099,13.44,650.9,0.03167,1094.0,204.3911,211101.0,249393.0,-9847.0,1,1,0,0
2015-07-29,0.06,2.29,48.79,1096.85,5302.0,2108.57,5111.7299,12.5,651.75,0.03172,1104.0,205.4862,211433.0,248791.0,-11407.0,1,1,0,0
2015-07-30,0.07,2.28,48.52,1088.76,5241.0,2108.63,5128.7797,12.13,654.15,0.03164,1100.0,204.7166,222341.0,252542.0,-5995.0,1,1,0,0
2015-07-31,0.08,2.2,47.12,1095.8,5220.0,2103.84,5128.2797,12.12,646.29,0.03156,1131.0,202.572,222311.0,253999.0,-10212.0,0,0,0,0
2015-08-03,0.08,2.16,45.17,1086.79,5176.5,2098.04,5115.3798,12.56,644.35,0.03154,1151.0,199.3026,227716.0,258930.0,-6316.0,0,0,0,0
2015-08-04,0.08,2.23,45.74,1087.7,5215.5,2093.32,5105.5498,13.0,637.18,0.03152,1200.0,200.8702,232202.0,260384.0,-4092.0,0,0,0,0
2015-08-05,0.08,2.28,45.15,1085.03,5171.5,2099.84,5139.9399,12.51,644.62,0.0315,1222.0,199.7777,229615.0,263682.0,-4514.0,0,0,0,0
2015-08-06,0.04,2.23,44.66,1089.55,5165.0,2083.56,5056.4399,13.77,633.13,0.03149,1201.0,198.5403,237082.0,273985.0,-8910.0,0,0,0,0
2015-08-07,0.06,2.18,43.87,1094.15,5135.5,2077.57,5043.54,13.39,636.82,0.03148,1200.0,198.323,240306.0,273892.0,-3623.0,0,0,0,0
2015-08-10,0.12,2.24,44.96,1104.51,5150.0,2104.18,5101.7998,12.23,652.65,0.03149,1197.0,202.4516,242740.0,277152.0,-4818.0,0,0,0,0
2015-08-11,0.1,2.15,43.08,1108.95,5140.0,2084.07,5036.79,13.71,637.85,0.03117,1162.0,199.3117,254334.0,289706.0,-1964.0,0,0,0,0
2015-08-12,0.1,2.14,43.3,1124.47,5103.0,2086.05,5044.3901,13.61,641.52,0.0308,1093.0,198.8967,256480.0,290910.0,683.0,0,0,0,0
2015-08-13,0.1,2.19,42.23,1115.1,5148.0,2083.39,5033.56,13.49,634.87,0.0309,1046.0,197.8296,266427.0,293335.0,-3864.0,0,0,0,0
2015-08-14,0.09,2.2,42.5,1115.07,5156.0,2091.54,5048.2402,12.83,631.04,0.03089,1055.0,197.9689,273349.0,299707.0,-973.0,0,0,0,0
2015-08-17,0.1,2.16,41.87,1117.7,5101.0,2102.44,5091.7001,13.02,637.25,0.03066,1063.0,196.5294,276128.0,300282.0,-3355.0,0,0,0,0
2015-08-18,0.07,2.2,42.62,1117.71,5000.5,2096.92,5059.35,13.79,624.01,0.03063,1046.0,196.771,287285.0,306165.0,-884.0,0,0,0,0
2015-08-19,0.05,2.12,41.27,1133.88,5006.5,2079.61,5019.0498,15.25,618.32,0.03061,1031.0,193.7534,188396.0,187825.0,-616.0,0,0,0,0
2015-08-20,0.02,2.09,41.32,1152.2,5060.5,2035.73,4877.4902,19.1399,594.78,0.0306,1014.0,194.6576,204541.0,205648.0,3906.0,0,0,0,0
2015-08-21,0.03,2.05,40.45,1160.77,5046.0,1970.89,4706.04,28.03,578.59,0.03042,994.0,191.3411,213921.0,231497.0,7990.0,0,0,0,0
2015-08-24,0.06,2.01,38.24,1155.11,4888.0,1893.21,4526.25,40.74,566.58,0.03034,968.0,186.221,223970.0,241048.0,24613.0,0,0,0,0
2015-08-25,0.07,2.12,39.31,1140.49,5032.0,1867.61,4506.4902,36.02,559.59,0.03041,942.0,187.6591,246559.0,254013.0,25845.0,0,0,1,0
2015-08-26,0.06,2.18,38.6,1125.26,4959.0,1940.51,4697.54,30.32,587.82,0.03052,918.0,185.2763,240453.0,245298.0,24374.0,1,1,1,1
2015-08-27,0.06,2.18,42.56,1125.0,5029.0,1987.66,4812.7099,26.1,609.76,0.03052,905.0,192.6349,244268.0,256195.0,23375.0,0,0,1,0
2015-08-28,0.06,2.19,45.22,1133.6,5095.0,1988.87,4828.3198,26.0499,613.91,0.03051,903.0,197.1006,253206.0,266149.0,27639.0,0,0,1,0
2015-08-31,0.08,2.21,49.2,1134.93,5095.0,1972.18,4776.5097,28.43,611.04,0.03048,903.0,202.0906,254559.0,272483.0,21603.0,0,0,0,0
2015-09-01,0.03,2.17,45.41,1140.27,5095.0,1913.85,4636.1,31.4,590.12,0.0306,911.0,195.9985,253691.0,280013.0,20389.0,0,1,1,0
2015-09-02,0.03,2.2,46.25,1134.05,5090.5,1948.86,4749.9799,26.09,603.78,0.03052,906.0,196.7755,248398.0,272150.0,24386.0,1,1,1,0
2015-09-03,0.02,2.18,46.75,1125.46,5250.0,1951.13,4733.5,25.61,608.58,0.03049,891.0,198.4987,252713.0,281481.0,20761.0,1,1,1,0
2015-09-04,0.02,2.13,46.05,1121.85,5155.5,1921.22,4683.9199,27.7999,597.62,0.03046,875.0,196.6991,259529.0,296018.0,23711.0,1,1,1,0
2015-09-07,0.02,2.13,46.05,1119.35,5176.0,1921.22,4683.9199,27.7999,597.62,0.03036,876.0,196.6991,263666.0,299816.0,24062.0,0,0,0,0
2015-09-08,0.06,2.2,45.94,1121.55,5280.0,1969.41,4811.9301,24.9,624.06,0.0303,873.0,198.3872,266311.0,307659.0,24511.0,1,0,1,0
2015-09-09,0.03,2.21,44.15,1107.85,5366.0,1942.04,4756.5297,26.23,612.83,0.03051,855.0,195.7951,256578.0,310594.0,24915.0,1,0,1,0
2015-09-10,0.02,2.23,45.92,1110.75,5400.0,1952.29,4796.25,24.37,615.34,0.03044,830.0,198.0067,260988.0,334000.0,14370.0,0,0,0,0
2015-09-11,0.04,2.2,44.63,1107.95,5352.0,1961.05,4822.3398,23.2,615.81,0.03057,818.0,196.7208,261907.0,341191.0,13601.0,0,0,0,0
2015-09-14,0.07,2.18,44.0,1109.1,5324.0,1953.03,4805.7597,24.25,617.67,0.03056,805.0,195.7993,269585.0,348793.0,11725.0,0,0,0,0
2015-09-15,0.07,2.28,44.59,1105.35,5290.0,1978.09,4860.52,22.54,625.14,0.0305,802.0,196.0151,274606.0,349469.0,10385.0,0,0,0,0
2015-09-16,0.06,2.3,47.15,1119.52,5350.0,1995.31,4889.2402,21.35,626.57,0.03052,814.0,198.9758,135674.0,116420.0,17304.0,0,0,0,0
2015-09-17,0.01,2.21,46.9,1131.51,5369.0,1990.2,4893.9501,21.1399,621.05,0.03062,883.0,198.2152,151248.0,128670.0,20431.0,0,0,0,0
2015-09-18,0.0,2.13,44.68,1139.23,5358.0,1958.03,4827.2299,22.28,610.75,0.03062,960.0,194.184,151306.0,138643.0,17456.0,0,0,0,0
2015-09-21,0.01,2.2,46.96,1133.44,5267.0,1966.97,4828.9501,20.1399,608.73,0.03036,978.0,196.8464,157548.0,149700.0,15683.0,0,0,0,0
2015-09-22,0.0,2.14,46.36,1124.76,5131.0,1942.74,4756.7202,22.44,595.06,0.03033,923.0,194.8191,163807.0,156461.0,19462.0,0,0,0,0
2015-09-23,0.01,2.16,44.48,1130.3,5112.0,1938.76,4752.7402,22.1299,590.74,0.03008,917.0,192.3764,162130.0,146606.0,17852.0,0,0,0,0
2015-09-24,0.01,2.13,44.91,1153.95,5046.0,1932.24,4734.4799,23.4699,589.71,0.03007,922.0,193.5806,171580.0,164746.0,19559.0,1,1,0,0
2015-09-25,0.0,2.17,45.7,1146.2,5098.0,1931.34,4686.5,23.62,592.88,0.03004,943.0,195.7119,174800.0,178501.0,21283.0,1,1,1,0
2015-09-30,0.0,2.06,45.09,1115.09,5093.0,1920.03,4620.1601,24.5,602.73,0.03019,900.0,193.7648,173777.0,175492.0,23248.0,0,0,0,0
2015-10-01,0.0,2.05,44.74,1113.61,5178.0,1923.82,4627.08,22.5499,595.62,0.03023,888.0,192.5104,182366.0,189033.0,23766.0,0,1,0,0
2015-10-02,0.0,1.99,45.54,1138.6,5081.0,1951.36,4707.7797,20.94,608.46,0.03016,889.0,194.1059,184134.0,198009.0,20606.0,0,0,0,0
2015-10-05,0.01,2.07,46.26,1135.75,5144.5,1987.05,4781.2597,19.54,619.85,0.0303,881.0,196.3824,187679.0,207397.0,19056.0,1,1,0,0
2015-10-06,0.0,2.05,48.53,1147.24,5175.0,1979.92,4748.3598,19.4,621.95,0.03036,869.0,200.1336,192712.0,220492.0,20037.0,1,1,0,0
2015-10-07,0.0,2.08,47.81,1145.54,5241.0,1995.83,4791.1499,18.4,631.32,0.03042,841.0,199.5947,187792.0,211158.0,24960.0,1,1,0,0
2015-10-08,0.0,2.12,49.43,1139.01,5160.0,2013.43,4810.79,17.42,634.81,0.03044,817.0,201.303,191667.0,227601.0,23267.0,1,1,1,0
2015-10-12,0.01,2.12,47.1,1163.85,5335.0,2017.46,4838.6401,16.17,630.54,0.03071,809.0,199.7291,200473.0,237087.0,25369.0,1,1,0,0
2015-10-13,0.01,2.06,46.66,1168.84,5260.5,2003.69,4796.6098,17.67,622.28,0.03054,804.0,199.4603,197301.0,239871.0,23611.0,0,0,0,0
2015-10-14,0.0,1.99,46.64,1184.13,5278.0,1994.24,4782.85,18.03,645.7,0.03054,787.0,199.8289,188947.0,226199.0,23263.0,0,0,0,0
2015-10-15,0.01,2.04,46.38,1183.1,5344.0,2023.86,4870.1,16.0499,651.89,0.03081,766.0,198.9909,201988.0,237002.0,24141.0,0,0,0,0
2015-10-16,0.01,2.04,47.26,1177.3,5270.0,2033.11,4886.6899,15.05,652.63,0.03076,754.0,199.4474,206295.0,240429.0,20945.0,0,0,0,0
2015-10-19,0.02,2.04,46.28,1170.79,5240.0,2033.66,4905.4702,14.98,652.88,0.03085,747.0,196.7286,208041.0,242146.0,20965.0,0,0,0,0
2015-10-20,0.02,2.08,46.29,1176.04,5189.0,2030.77,4880.9702,15.75,651.87,0.03076,762.0,197.4247,214360.0,244189.0,20965.0,0,0,0,0
2015-10-21,0.01,2.04,45.2,1167.18,5185.5,2018.94,4840.1201,16.7,653.24,0.03071,780.0,195.5871,148233.0,123929.0,19113.0,0,0,0,0
2015-10-22,0.0,2.04,45.38,1166.05,5274.0,2052.51,4920.0498,14.45,675.95,0.03062,786.0,195.6112,153211.0,128239.0,24538.0,0,0,0,0
2015-10-23,0.01,2.09,44.6,1164.45,5295.0,2075.15,5031.8598,14.46,683.71,0.03076,774.0,193.7146,155281.0,135261.0,22318.0,0,0,0,0
2015-10-26,0.02,2.07,43.98,1163.04,5233.0,2071.18,5034.7001,15.29,670.19,0.03057,759.0,192.2803,162180.0,142792.0,23367.0,0,0,0,0
2015-10-27,0.03,2.05,43.2,1166.88,5219.5,2065.89,5030.1499,15.43,665.71,0.0306,739.0,191.3357,167788.0,152004.0,20759.0,0,0,0,0
2015-10-28,0.04,2.1,45.94,1156.1,5179.0,2090.35,5095.6899,14.33,677.21,0.03059,736.0,195.0743,169604.0,145277.0,17910.0,0,0,0,0
2015-10-29,0.07,2.19,46.06,1145.97,5161.0,2089.41,5074.27,14.61,656.94,0.03044,728.0,194.1585,180945.0,161543.0,18509.0,0,0,0,0
2015-10-30,0.08,2.16,46.59,1142.11,5135.5,2079.36,5053.75,15.07,662.52,0.03049,721.0,195.6069,186752.0,174442.0,21405.0,0,0,0,0
2015-11-02,0.08,2.2,46.14,1133.84,5137.5,2104.05,5127.1499,14.15,668.53,0.03056,706.0,194.9138,187898.0,175976.0,22073.0,0,0,0,0
2015-11-03,0.06,2.23,47.9,1117.79,5149.0,2109.79,5145.1298,14.54,671.69,0.03065,680.0,197.5565,190974.0,183791.0,26205.0,0,0,0,0
2015-11-04,0.05,2.25,46.32,1107.9,5165.5,2102.31,5142.4799,15.51,673.48,0.03068,657.0,194.1339,183312.0,183585.0,23586.0,0,0,0,0
2015-11-05,0.05,2.26,45.2,1103.92,5053.0,2099.93,5127.7402,15.05,659.36,0.03056,640.0,192.4353,185592.0,192795.0,20995.0,0,0,0,0
2015-11-06,0.08,2.34,44.29,1089.8,5000.0,2099.2,5147.1201,14.33,676.47,0.03055,631.0,191.0338,198506.0,199909.0,15420.0,0,0,0,0
2015-11-09,0.14,2.36,43.87,1092.31,4990.0,2078.58,5095.2998,16.52,669.94,0.03046,628.0,189.2229,202204.0,201714.0,15826.0,0,0,0,0
2015-11-10,0.13,2.32,44.21,1089.67,4933.5,2081.72,5083.2402,15.29,657.96,0.03044,622.0,189.4155,210379.0,204948.0,14026.0,0,0,0,0
2015-11-11,0.13,2.32,42.93,1086.26,4931.0,2075.0,5067.02,16.0599,658.28,0.03044,599.0,188.3477,210550.0,208982.0,12628.0,0,0,0,0
2015-11-12,0.14,2.32,41.75,1085.2,4872.5,2045.97,5005.08,18.37,649.77,0.0304,579.0,186.4276,214880.0,214709.0,15880.0,0,0,0,0
2015-11-13,0.14,2.28,40.74,1083.91,4825.0,2023.04,4927.8798,20.08,643.71,0.03039,560.0,184.7668,218885.0,226380.0,13767.0,1,1,0,0
2015-11-16,0.15,2.27,41.74,1085.29,4765.0,2053.19,4984.6201,18.16,652.03,0.03028,550.0,185.4164,222001.0,225117.0,17657.0,1,1,0,1
2015-11-17,0.14,2.25,40.67,1070.3,4700.0,2050.44,4986.02,18.84,655.82,0.03033,537.0,183.713,221948.0,227585.0,18651.0,1,1,0,0
2015-11-18,0.12,2.27,40.75,1070.73,4669.0,2083.58,5075.2001,16.85,662.14,0.0303,519.0,183.6041,166872.0,151571.0,16202.0,1,0,0,0
2015-11-19,0.11,2.24,40.54,1082.21,4610.0,2081.24,5073.6401,16.99,663.63,0.03043,504.0,184.1165,170988.0,159601.0,19684.0,0,0,0,0
2015-11-20,0.12,2.26,40.39,1078.01,4690.0,2089.17,5104.9199,15.47,665.76,0.03055,498.0,183.7335,176081.0,163887.0,17206.0,0,0,0,0
2015-11-23,0.14,2.25,41.75,1069.18,4515.5,2086.59,5102.4799,15.62,657.18,0.03051,516.0,183.4305,179797.0,167259.0,17703.0,0,0,0,0
2015-11-24,0.16,2.24,42.87,1075.65,4527.0,2089.14,5102.81,15.93,665.61,0.03054,528.0,185.2654,187934.0,172205.0,18457.0,0,0,0,0
2015-11-25,0.19,2.23,43.04,1071.12,4541.0,2088.87,5116.1401,15.19,666.09,0.03063,546.0,185.7001,185879.0,173029.0,19733.0,0,0,0,0
2015-11-26,0.19,2.23,43.04,1072.33,4667.0,2088.87,5116.1401,15.19,666.09,0.03058,562.0,185.7001,193288.0,184632.0,24133.0,0,0,0,0
2015-11-27,0.18,2.22,41.71,1057.45,4636.0,2090.11,5127.52,15.12,670.51,0.03047,581.0,183.2406,194818.0,195521.0,19254.0,0,0,0,0
2015-11-30,0.22,2.21,41.65,1064.77,4595.5,2080.41,5108.6699,16.1299,677.14,0.03046,584.0,182.5396,207270.0,196686.0,14481.0,0,0,0,0
2015-12-01,0.21,2.15,41.85,1069.29,4619.0,2102.63,5156.31,14.67,686.52,0.03046,598.0,184.3933,205994.0,199768.0,22673.0,0,0,0,0
2015-12-02,0.21,2.18,39.94,1053.7,4589.0,2079.51,5123.2202,15.91,682.69,0.03039,590.0,180.8467,206088.0,191899.0,21733.0,0,0,0,0
2015-12-03,0.21,2.33,41.08,1062.11,4525.0,2049.62,5037.5297,18.11,678.72,0.03036,574.0,183.3043,210386.0,198888.0,22605.0,0,0,0,0
2015-12-04,0.23,2.28,39.97,1086.44,4637.0,2091.69,5142.27,14.81,691.49,0.03047,563.0,183.242,213200.0,212109.0,20132.0,0,0,0,0
2015-12-07,0.29,2.23,37.65,1071.34,4592.5,2077.07,5101.81,15.84,684.86,0.03036,551.0,178.5675,218989.0,217479.0,20201.0,0,0,0,0
2015-12-08,0.27,2.24,37.51,1074.96,4567.5,2063.59,5098.2402,17.6,679.03,0.03027,551.0,177.3932,222710.0,232489.0,12177.0,0,0,0,0
2015-12-09,0.26,2.22,37.16,1072.78,4620.0,2047.62,5022.8701,19.61,670.29,0.03026,546.0,177.5599,217679.0,230602.0,10132.0,0,0,0,1
2015-12-10,0.24,2.24,36.76,1071.58,4572.0,2052.23,5045.1699,19.34,674.23,0.03029,534.0,177.0283,223228.0,236991.0,10451.0,0,0,1,1
2015-12-11,0.23,2.13,35.62,1074.77,4701.0,2012.37,4933.4702,24.3899,660.78,0.03034,522.0,174.8561,232338.0,249851.0,14299.0,0,0,1,1
2015-12-14,0.26,2.23,36.31,1059.86,4663.5,2021.94,4952.2299,22.73,656.49,0.03024,508.0,174.2633,238175.0,252541.0,19938.0,1,1,1,1
2015-12-15,0.25,2.28,37.35,1061.22,4553.0,2043.41,4995.3598,20.95,666.47,0.03028,484.0,174.2269,239861.0,252413.0,17200.0,1,1,1,1
2015-12-16,0.27,2.3,35.52,1072.32,4605.0,2073.07,5071.1298,17.86,671.7,0.03035,471.0,171.8119,106557.0,93024.0,18679.0,1,1,1,1
2015-12-17,0.23,2.24,34.95,1051.1,4543.0,2041.89,5002.5498,18.94,661.71,0.03027,471.0,170.7013,113149.0,98628.0,19031.0,0,0,0,1
2015-12-18,0.19,2.19,34.73,1066.25,4685.0,2005.55,4923.08,20.7,653.72,0.0302,477.0,172.1576,126773.0,106759.0,17005.0,1,0,1,1
2015-12-21,0.24,2.2,34.74,1078.4,4733.0,2021.15,4968.9199,18.7,666.13,0.03023,478.0,172.4232,128920.0,110442.0,18515.0,0,0,1,1
2015-12-22,0.21,2.24,36.14,1072.43,4654.0,2038.97,5001.1098,16.6,667.11,0.03022,474.0,171.9529,131588.0,112863.0,17355.0,0,0,1,1
2015-12-23,0.2,2.27,37.5,1070.5,4715.5,2064.29,5045.9301,15.57,671.78,0.03021,475.0,175.2168,133864.0,107325.0,20913.0,0,0,1,1
2015-12-24,0.2,2.25,38.1,1076.1,4690.5,2060.99,5048.4902,15.74,674.39,0.0303,478.0,176.0938,141108.0,114366.0,22824.0,0,0,1,1
2015-12-25,0.2,2.25,38.1,1076.1,4690.5,2060.99,5048.4902,15.74,674.39,0.0303,478.0,176.0938,142533.0,116480.0,24931.0,0,0,1,1
2015-12-28,0.23,2.24,36.81,1069.08,4690.5,2056.5,5040.9902,16.91,671.75,0.03028,478.0,174.4632,143513.0,119522.0,24133.0,0,1,1,1
2015-12-29,0.23,2.32,37.87,1069.11,4727.25,2078.36,5107.9399,16.08,679.78,0.03027,478.0,177.3438,144937.0,122276.0,19235.0,0,1,1,1
2015-12-30,0.21,2.31,36.6,1061.44,4734.75,2063.36,5065.85,17.29,673.08,0.03026,478.0,174.8947,147011.0,120644.0,15592.0,0,1,1,1
2015-12-31,0.16,2.27,37.04,1061.1,4705.75,2043.94,5007.4101,18.2099,663.48,0.03024,478.0,176.1439,153997.0,131527.0,20204.0,0,0,1,1
2016-01-04,0.22,2.24,36.76,1074.61,4645.0,2012.66,4903.0898,20.7,656.28,0.03009,473.0,174.49,155807.0,139078.0,17820.0,0,1,1,1
2016-01-05,0.2,2.25,35.97,1077.68,4647.0,2016.71,4891.4301,19.34,649.47,0.03006,468.0,173.0666,156537.0,144801.0,22832.0,1,1,1,1
2016-01-06,0.21,2.18,33.97,1093.67,4600.0,1990.26,4835.7597,20.59,631.2,0.02989,467.0,169.4543,160638.0,138420.0,20180.0,1,1,1,1
2016-01-07,0.2,2.16,33.27,1108.97,4514.0,1943.09,4689.4301,24.99,610.25,0.02982,445.0,168.54,168881.0,159336.0,17881.0,1,1,1,1
2016-01-08,0.2,2.13,33.16,1104.15,4486.5,1922.03,4643.6298,27.01,600.48,0.02985,429.0,168.578,192585.0,183426.0,16618.0,1,1,1,1
2016-01-11,0.21,2.17,31.41,1094.2,4402.5,1923.67,4637.9902,24.2999,603.55,0.02972,415.0,164.2365,180625.0,169562.0,19279.0,1,1,1,1
2016-01-12,0.21,2.12,30.44,1086.56,4355.0,1938.68,4685.9199,22.4699,608.56,0.0297,402.0,162.0748,194405.0,172258.0,20834.0,1,1,1,1
2016-01-13,0.22,2.08,30.48,1093.59,4380.0,1890.28,4526.06,25.2199,589.48,0.02974,394.0,162.3914,203547.0,167489.0,23366.0,1,1,1,1
2016-01-14,0.25,2.1,31.2,1078.38,4365.5,1921.84,4615.0,23.95,601.57,0.02964,383.0,163.1224,219326.0,175556.0,23648.0,1,1,1,1
2016-01-15,0.24,2.03,29.42,1088.88,4310.5,1880.29,4488.4199,27.02,574.29,0.02958,373.0,159.9347,237927.0,182551.0,23211.0,1,1,1,1
2016-01-18,0.24,2.03,29.42,1089.68,4360.0,1880.29,4488.4199,27.02,574.29,0.02957,369.0,159.9347,235035.0,190790.0,25108.0,1,1,1,1
2016-01-19,0.26,2.06,28.46,1087.41,4440.5,1881.33,4476.9501,26.0499,575.18,0.02957,363.0,159.4819,233930.0,202511.0,16938.0,0,1,1,1
2016-01-20,0.26,2.01,26.55,1100.92,4347.0,1859.33,4471.6899,27.59,578.94,0.02956,358.0,156.3184,127398.0,106127.0,16472.0,1,1,1,1
2016-01-21,0.28,2.02,29.53,1095.1,4376.0,1868.99,4472.06,26.69,587.56,0.02955,355.0,159.1402,138755.0,122800.0,22829.0,1,1,1,1
2016-01-22,0.31,2.07,32.19,1097.95,4468.0,1906.9,4591.1801,22.34,598.42,0.02967,354.0,163.8033,147829.0,134515.0,24108.0,1,1,1,1
2016-01-25,0.31,2.03,30.34,1107.9,4454.0,1877.08,4518.4902,24.15,589.81,0.02974,354.0,160.4594,163772.0,144347.0,24070.0,0,0,1,1
2016-01-26,0.31,2.01,31.45,1119.91,4501.0,1903.63,4567.6699,22.5,595.86,0.02965,345.0,162.6789,166920.0,150268.0,23506.0,0,0,1,1
2016-01-27,0.32,2.02,32.3,1124.97,4507.5,1882.95,4468.1699,23.11,588.68,0.02966,337.0,164.1798,155471.0,137829.0,26285.0,0,0,0,1
2016-01-28,0.35,2.0,33.22,1115.33,4553.5,1893.36,4506.6801,22.42,586.85,0.02964,325.0,165.2183,159389.0,150413.0,30220.0,1,1,1,1
2016-01-29,0.33,1.94,33.62,1118.21,4541.5,1940.24,4613.9501,20.2,613.68,0.02976,317.0,166.7525,173840.0,168398.0,31010.0,1,1,1,1
2016-01-30,0.33,1.94,33.62,1118.21,4541.5,1940.24,4613.9501,20.2,613.68,0.02972,317.0,166.7525,175031.0,167554.0,30156.0,1,1,1,1
2016-02-01,0.35,1.97,31.62,1128.41,4534.0,1939.38,4620.3701,19.98,616.6,0.0297,314.0,163.4867,171986.0,173164.0,23470.0,0,0,1,1
2016-02-02,0.34,1.87,29.88,1129.01,4605.5,1903.03,4516.9501,21.98,595.7,0.02969,310.0,160.1808,174410.0,180603.0,23712.0,0,0,1,1
2016-02-03,0.33,1.88,32.28,1142.63,4578.5,1912.53,4504.2402,21.65,597.11,0.02958,303.0,164.1872,176175.0,182936.0,23991.0,0,0,1,1
2016-02-15,0.3,1.74,29.44,1209.3,4562.0,1864.78,4337.5097,25.4,571.9,0.02992,295.0,160.3628,175794.0,183167.0,27574.0,0,0,0,1
2016-02-16,0.3,1.78,29.04,1200.44,4583.5,1895.58,4435.9599,24.11,591.93,0.02989,301.0,158.865,184509.0,190754.0,30278.0,0,0,1,1
2016-02-17,0.3,1.81,30.66,1208.5,4562.0,1926.82,4534.06,22.3099,606.05,0.02985,307.0,162.5379,118607.0,79732.0,30819.0,0,1,1,1
2016-02-18,0.3,1.75,30.77,1230.87,4577.0,1917.83,4487.54,21.6399,602.52,0.02983,313.0,161.8898,124237.0,90829.0,30108.0,0,0,1,1
2016-02-19,0.31,1.76,29.64,1226.8,4590.0,1917.78,4504.4301,20.53,605.46,0.0298,315.0,159.6332,137493.0,110308.0,33069.0,0,1,1,1
2016-02-22,0.33,1.77,31.48,1208.63,4696.0,1945.5,4570.6098,19.3799,615.0,0.02979,316.0,162.6369,141912.0,116331.0,28111.0,0,1,1,1
2016-02-23,0.32,1.74,31.87,1226.85,4663.5,1921.27,4503.58,20.98,604.87,0.02986,318.0,160.4359,144573.0,123492.0,30696.0,1,1,1,1
2016-02-24,0.33,1.75,32.15,1228.75,4585.5,1929.8,4542.6098,20.7199,613.34,0.02986,322.0,161.4948,146058.0,134506.0,31954.0,1,1,1,1
2016-02-25,0.32,1.71,33.07,1232.91,4655.0,1951.7,4582.2001,19.11,621.07,0.02985,325.0,162.6365,152070.0,146069.0,37831.0,1,1,1,1
2016-02-26,0.33,1.76,32.78,1223.46,4681.0,1948.05,4590.4702,19.8099,624.65,0.02986,327.0,161.6704,159596.0,160545.0,33721.0,1,1,1,1
2016-03-01,0.33,1.83,34.4,1232.15,4726.0,1978.35,4689.6,17.7,639.9,0.02991,332.0,163.8698,170968.0,167659.0,36114.0,0,1,1,1
2016-03-02,0.36,1.84,34.66,1239.98,4780.0,1986.45,4703.4199,17.09,643.31,0.02997,335.0,164.6151,163042.0,158834.0,31698.0,1,1,1,1
2016-03-03,0.28,1.83,34.57,1264.25,4830.0,1993.4,4707.4199,16.7,643.89,0.03014,342.0,165.0369,167052.0,162565.0,34357.0,0,1,1,1
2016-03-04,0.29,1.88,35.92,1258.95,4918.0,1999.99,4717.02,16.86,650.62,0.03021,349.0,168.5489,172738.0,176977.0,34445.0,1,1,1,1
2016-03-07,0.32,1.91,37.9,1267.33,5000.0,2001.76,4708.25,17.35,652.68,0.03029,354.0,171.7029,173303.0,182706.0,34249.0,0,1,1,1
2016-03-08,0.29,1.83,36.5,1261.44,4980.5,1979.26,4648.8198,18.67,638.01,0.03025,366.0,169.4693,179010.0,194698.0,36799.0,1,1,1,1
2016-03-09,0.3,1.9,38.29,1253.23,4935.5,1989.26,4674.3798,18.34,643.27,0.0301,376.0,172.2193,175346.0,192850.0,38343.0,1,1,1,1
2016-03-10,0.32,1.93,37.84,1272.25,4920.5,1989.57,4662.1601,18.0499,646.58,0.03023,384.0,171.8868,178552.0,212036.0,38384.0,1,1,1,1
2016-03-11,0.33,1.98,38.5,1249.45,4941.0,2022.19,4748.4702,16.5,659.14,0.03035,388.0,173.5255,183285.0,224864.0,39301.0,1,1,1,1
2016-03-14,0.34,1.97,37.18,1235.27,4994.0,2019.64,4750.2797,16.92,656.35,0.03042,393.0,172.3838,190184.0,226719.0,33955.0,1,1,1,1
2016-03-15,0.34,1.97,36.34,1232.38,4920.0,2015.93,4728.6699,16.84,655.41,0.03038,396.0,171.0724,202090.0,232599.0,34511.0,1,1,1,1
2016-03-16,0.31,1.94,38.46,1262.57,4945.0,2027.22,4763.9702,14.99,661.19,0.03035,393.0,173.758,76420.0,72780.0,41727.0,1,1,1,1
2016-03-17,0.29,1.91,40.2,1257.97,5029.0,2040.59,4774.9902,14.44,665.95,0.03058,392.0,177.6558,85989.0,85070.0,41111.0,0,0,1,1
2016-03-18,0.3,1.88,39.44,1255.4,5103.0,2049.56,4795.6499,14.02,675.03,0.03075,395.0,176.3459,91368.0,92394.0,40943.0,0,0,1,1
2016-03-21,0.31,1.92,39.91,1243.75,5079.5,2051.6,4808.8701,13.79,675.96,0.03073,398.0,176.365,91282.0,96523.0,39461.0,0,0,1,1
2016-03-22,0.3,1.94,41.45,1248.32,5070.0,2049.8,4821.6601,14.17,675.3,0.03075,398.0,177.1159,93406.0,100833.0,44819.0,1,1,1,1
2016-03-23,0.3,1.88,39.79,1220.11,5060.5,2036.71,4768.8598,14.94,666.46,0.03065,401.0,173.2396,93063.0,96384.0,45322.0,0,0,1,1
2016-03-24,0.3,1.91,39.46,1216.82,4931.0,2035.94,4773.5,14.74,666.14,0.03056,406.0,172.1801,96631.0,108535.0,46546.0,0,0,1,1
2016-03-25,0.3,1.91,39.46,1217.05,4977.0,2035.94,4773.5,14.74,666.14,0.03052,406.0,172.1801,98314.0,111057.0,45559.0,0,0,1,1
2016-03-28,0.29,1.89,39.39,1221.71,4977.0,2037.05,4766.79,15.24,665.21,0.03056,406.0,172.5658,100404.0,116764.0,44840.0,0,0,1,1
2016-03-29,0.23,1.81,38.28,1242.2,4939.5,2055.01,4846.6201,13.82,674.14,0.03059,409.0,171.4681,105124.0,128391.0,43103.0,0,1,1,1
2016-03-30,0.2,1.83,38.32,1225.02,4940.0,2063.95,4869.29,13.56,680.79,0.03084,414.0,170.9733,106460.0,122741.0,53673.0,0,1,1,1
2016-03-31,0.21,1.78,38.34,1232.75,4855.5,2059.74,4869.85,13.95,676.89,0.03098,429.0,170.5209,112151.0,138732.0,48615.0,0,0,1,1
2016-04-01,0.23,1.79,36.79,1222.6,4880.0,2072.78,4914.54,13.1,681.59,0.03089,450.0,168.0267,111582.0,148692.0,46407.0,0,1,1,1
2016-04-06,0.23,1.76,37.75,1222.47,4775.0,2066.66,4920.7202,14.09,678.21,0.03082,500.0,167.5247,117444.0,152756.0,38704.0,1,1,1,1
2016-04-07,0.23,1.7,37.26,1240.45,4715.0,2041.91,4848.3701,16.16,667.46,0.03086,517.0,166.8382,124296.0,165184.0,42484.0,1,1,1,1
2016-04-08,0.23,1.72,39.72,1240.69,4654.0,2047.6,4850.6899,15.36,671.31,0.03082,539.0,171.0406,127843.0,174371.0,45739.0,1,1,1,1
2016-04-11,0.23,1.73,40.36,1257.88,4645.0,2041.99,4833.3999,16.26,670.6,0.03088,555.0,171.8246,131145.0,175583.0,48269.0,0,1,1,1
2016-04-12,0.22,1.79,42.17,1255.63,4715.5,2061.72,4872.0898,14.85,669.74,0.03088,560.0,175.4862,140111.0,177684.0,48886.0,1,1,1,1
2016-04-13,0.23,1.77,41.76,1242.47,4838.0,2082.42,4947.4199,13.84,685.15,0.03091,567.0,175.6528,142549.0,176704.0,51666.0,0,1,1,1
2016-04-14,0.22,1.8,41.5,1227.89,4830.5,2082.78,4945.8901,13.72,679.28,0.03083,597.0,174.774,144020.0,189680.0,47211.0,1,1,1,1
2016-04-15,0.22,1.76,40.36,1233.99,4813.5,2080.73,4938.2202,13.62,673.49,0.03091,635.0,173.6355,147572.0,200257.0,49727.0,1,1,1,1
2016-04-18,0.22,1.78,39.78,1232.49,4798.0,2094.34,4960.02,13.35,673.96,0.03086,659.0,174.1116,156385.0,208097.0,43138.0,0,1,1,1
2016-04-19,0.21,1.79,41.08,1250.19,4812.0,2100.8,4940.33,13.24,665.61,0.03099,671.0,177.9231,159798.0,211326.0,41302.0,1,1,1,1
2016-04-20,0.23,1.85,42.63,1244.25,4938.5,2102.4,4948.1298,13.28,672.15,0.03101,669.0,181.4364,103939.0,75724.0,40572.0,1,1,1,1
2016-04-21,0.23,1.88,43.18,1248.05,5025.5,2091.48,4945.8901,13.95,667.68,0.03096,670.0,179.8769,108629.0,84387.0,50168.0,1,1,1,1
2016-04-22,0.23,1.89,43.73,1233.03,5015.5,2091.58,4906.2299,13.22,669.03,0.03093,688.0,179.6537,112167.0,89436.0,51736.0,1,1,1,1
2016-04-25,0.25,1.91,42.64,1237.97,5000.5,2087.79,4895.79,14.08,665.32,0.0309,690.0,178.8692,116710.0,95670.0,54979.0,0,1,1,1
2016-04-26,0.24,1.94,44.04,1243.4,4935.5,2091.7,4888.2797,13.96,674.42,0.0309,704.0,181.4831,120078.0,102319.0,56541.0,1,1,1,1
2016-04-27,0.24,1.87,45.33,1245.83,4932.0,2095.15,4863.1401,13.77,681.26,0.03092,715.0,182.4894,120621.0,98597.0,55657.0,0,1,1,1
2016-04-28,0.22,1.84,46.03,1266.26,4912.5,2075.81,4805.29,15.22,662.69,0.03098,710.0,183.162,120652.0,114947.0,39475.0,1,1,1,1
2016-04-29,0.22,1.83,45.92,1293.53,5045.0,2065.3,4775.3598,15.7,645.34,0.03098,703.0,184.6109,126439.0,127079.0,36895.0,1,1,1,1
2016-05-03,0.21,1.81,43.65,1286.5,4960.0,2063.37,4763.2202,15.6,642.62,0.03105,682.0,179.8438,132163.0,140378.0,33903.0,1,1,1,1
2016-05-04,0.19,1.79,43.78,1279.68,4892.0,2051.12,4725.6401,16.0499,634.9,0.03091,652.0,179.8715,138844.0,136407.0,31300.0,0,0,0,1
2016-05-05,0.2,1.76,44.32,1277.74,4826.0,2050.63,4717.0898,15.91,636.81,0.03089,642.0,178.925,140316.0,142684.0,24506.0,1,1,1,1
2016-05-06,0.19,1.79,44.66,1288.99,4810.0,2057.14,4736.1601,14.72,637.5,0.03085,631.0,179.9101,144629.0,148515.0,26677.0,1,1,1,1
2016-05-09,0.24,1.77,43.44,1263.88,4739.5,2058.69,4750.2099,14.57,636.54,0.03085,616.0,177.035,147727.0,152814.0,28281.0,1,1,1,1
2016-05-10,0.24,1.77,44.66,1265.84,4710.0,2084.39,4809.8798,13.63,644.3,0.03074,594.0,180.2806,154348.0,157743.0,27379.0,1,1,1,1
2016-05-11,0.26,1.73,46.23,1277.21,4748.0,2064.46,4760.6899,14.69,642.29,0.03074,579.0,183.3354,159220.0,161645.0,22800.0,0,0,1,1
2016-05-12,0.27,1.75,46.7,1263.68,4744.0,2064.11,4737.33,14.41,630.77,0.03073,579.0,183.6463,173218.0,174408.0,24526.0,0,0,1,1
2016-05-13,0.29,1.71,46.21,1273.45,4660.0,2046.61,4717.6801,15.04,633.26,0.03065,600.0,182.5476,178993.0,182364.0,28756.0,0,0,1,1
2016-05-16,0.28,1.75,47.72,1274.16,4640.5,2066.66,4775.4599,14.68,643.33,0.03058,613.0,184.5841,185780.0,182715.0,31965.0,0,0,1,1
2016-05-17,0.28,1.76,48.31,1278.95,4634.0,2047.21,4715.7299,15.57,638.89,0.03065,643.0,185.8556,189390.0,188334.0,29198.0,0,0,1,1
2016-05-18,0.3,1.87,48.19,1258.5,4600.5,2047.63,4739.1201,15.95,649.35,0.03058,642.0,185.3985,136292.0,96935.0,31760.0,0,0,1,1
2016-05-19,0.31,1.85,48.16,1254.75,4596.0,2040.04,4712.5297,16.33,644.74,0.03049,634.0,183.8822,145914.0,119299.0,28765.0,0,0,1,1
2016-05-20,0.33,1.85,47.75,1251.98,4630.5,2052.32,4769.56,15.2,665.08,0.03053,625.0,184.2068,158628.0,122701.0,37302.0,0,0,1,1
2016-05-23,0.35,1.84,48.08,1249.13,4572.0,2048.04,4765.7797,15.82,669.46,0.03062,624.0,183.1949,177286.0,131385.0,38007.0,0,0,1,1
2016-05-24,0.35,1.86,48.62,1227.21,4637.0,2076.06,4861.06,14.42,685.64,0.03056,618.0,183.3452,172360.0,135415.0,30754.0,0,0,1,1
2016-05-25,0.33,1.87,49.56,1224.41,4636.0,2090.54,4894.8901,13.9,689.47,0.03063,605.0,185.2999,160624.0,129220.0,35330.0,0,1,1,1
2016-05-26,0.31,1.83,49.48,1219.8,4705.5,2090.1,4901.77,13.43,691.58,0.0307,601.0,185.5864,158690.0,138639.0,36213.0,1,1,1,1
2016-05-27,0.32,1.85,49.33,1212.38,4725.5,2099.06,4933.5,13.12,695.71,0.03074,606.0,186.1367,165666.0,147844.0,40096.0,1,1,1,1
2016-05-30,0.32,1.85,49.33,1204.95,4725.5,2099.06,4933.5,13.12,695.71,0.0306,606.0,186.1367,170768.0,155281.0,38810.0,1,0,1,1
2016-05-31,0.34,1.84,49.1,1215.32,4700.0,2096.96,4948.0498,14.19,699.36,0.03065,612.0,186.1531,174317.0,158612.0,39258.0,1,0,1,1
2016-06-01,0.3,1.85,49.01,1212.98,4601.0,2099.33,4952.25,14.2,703.29,0.03065,612.0,186.8246,175395.0,152912.0,46843.0,0,0,1,1
2016-06-02,0.29,1.81,49.17,1211.0,4600.0,2105.26,4971.3598,13.63,703.43,0.03066,606.0,188.0254,182650.0,166070.0,47441.0,1,1,1,1
2016-06-03,0.3,1.71,48.62,1244.2,4688.0,2099.13,4942.52,13.47,705.6,0.03067,610.0,188.6692,189444.0,175147.0,47002.0,0,1,1,1
2016-06-04,0.3,1.71,48.62,1244.2,4688.0,2099.13,4942.52,13.47,705.6,0.03076,610.0,188.6692,189651.0,176238.0,47902.0,0,1,1,1
2016-06-06,0.28,1.73,49.69,1245.34,4706.0,2109.41,4968.7099,13.65,703.7,0.03086,607.0,191.2702,193604.0,184268.0,49007.0,0,1,1,1
2016-06-07,0.28,1.72,50.36,1243.81,4589.0,2112.13,4961.75,14.05,710.55,0.03092,606.0,192.4274,203391.0,193055.0,54146.0,0,0,1,1
2016-06-08,0.24,1.71,51.23,1262.8,4590.5,2119.12,4974.6401,14.08,710.19,0.03103,610.0,195.8217,202003.0,191051.0,54509.0,0,0,1,1
2016-06-13,0.27,1.62,48.88,1283.86,4515.0,2079.06,4848.4399,20.9699,695.42,0.03083,609.0,192.8987,200609.0,204130.0,48480.0,0,1,1,1
2016-06-14,0.27,1.62,48.49,1285.72,4510.5,2075.32,4843.5498,20.5,695.47,0.03084,608.0,192.2077,206156.0,221370.0,52243.0,0,1,1,1
2016-06-15,0.26,1.6,48.01,1291.75,4632.0,2071.5,4834.9301,20.1399,694.86,0.03083,604.0,191.7398,92523.0,89135.0,48675.0,0,1,1,1
2016-06-16,0.27,1.57,46.21,1278.43,4524.5,2077.99,4844.9199,19.37,694.78,0.03087,598.0,188.8941,102407.0,107141.0,51740.0,1,1,1,1
2016-06-17,0.27,1.62,47.98,1298.65,4541.5,2071.22,4800.3398,19.41,689.09,0.03088,587.0,192.3752,105603.0,113215.0,58573.0,1,1,1,1
2016-06-20,0.28,1.67,49.37,1289.9,4633.25,2083.25,4837.2099,18.37,697.08,0.031,582.0,194.4062,110591.0,121026.0,55490.0,1,1,1,1
2016-06-21,0.27,1.71,48.85,1268.12,4658.75,2088.9,4843.7597,18.48,699.4,0.031,580.0,193.0765,122285.0,126518.0,54234.0,1,1,1,1
2016-06-22,0.27,1.69,49.13,1266.22,4692.5,2085.45,4833.3198,21.17,698.25,0.03104,585.0,191.8087,125426.0,114380.0,54664.0,1,1,1,1
2016-06-23,0.31,1.74,50.11,1256.84,4776.5,2113.32,4910.04,17.25,716.67,0.03107,596.0,193.5242,147385.0,143440.0,54190.0,1,1,1,1
2016-06-24,0.27,1.57,47.64,1315.75,4690.0,2037.41,4707.9799,25.76,675.4,0.03077,609.0,188.6886,164947.0,175028.0,56217.0,1,1,1,1
2016-06-27,0.27,1.46,46.33,1324.6,4698.5,2000.54,4594.4399,23.85,648.32,0.03074,616.0,187.568,173573.0,200697.0,61305.0,1,1,1,1
2016-06-28,0.26,1.46,47.85,1311.79,4809.25,2036.09,4691.8701,18.75,665.75,0.03083,627.0,191.5449,175635.0,195782.0,58659.0,1,1,1,1
2016-06-29,0.26,1.5,49.88,1319.15,4830.25,2070.77,4779.25,16.6399,679.37,0.03092,640.0,194.6364,144936.0,161022.0,61242.0,1,1,1,1
2016-06-30,0.26,1.49,48.33,1321.9,4840.0,2098.86,4842.6699,15.63,691.67,0.03097,660.0,192.574,148979.0,178337.0,65879.0,1,1,1,0
2016-07-01,0.28,1.46,48.99,1341.35,4899.5,2102.95,4862.5698,14.77,685.01,0.03104,677.0,194.2599,155517.0,185829.0,68784.0,0,0,0,0
2016-07-04,0.28,1.46,48.99,1350.79,4879.75,2102.95,4862.5698,14.77,685.01,0.03105,688.0,194.2599,161517.0,197120.0,63896.0,0,0,0,0
2016-07-05,0.28,1.37,46.6,1356.45,4797.75,2088.55,4822.8999,15.58,672.51,0.03098,692.0,189.6598,159943.0,202225.0,64732.0,0,0,0,0
2016-07-06,0.27,1.38,47.43,1363.78,4731.5,2099.73,4859.1601,14.96,673.55,0.03086,694.0,189.956,161426.0,201725.0,58842.0,0,0,0,0
2016-07-07,0.29,1.4,45.14,1360.45,4673.0,2097.9,4876.81,14.76,681.82,0.03095,699.0,185.702,164714.0,212308.0,63570.0,0,0,0,0
2016-07-11,0.31,1.43,44.76,1355.4,4729.0,2137.16,4988.6401,13.54,708.9,0.03104,704.0,186.7068,165053.0,217845.0,62780.0,0,0,0,0
2016-07-12,0.29,1.53,46.8,1333.1,4850.0,2152.14,5022.8198,13.55,718.36,0.03104,711.0,190.2277,176841.0,222799.0,65213.0,0,0,0,0
2016-07-13,0.31,1.48,44.75,1342.64,4918.25,2152.43,5005.7299,13.04,718.9,0.03107,726.0,188.5894,180248.0,232285.0,68142.0,0,0,0,0
2016-07-14,0.32,1.53,45.68,1335.23,4922.0,2163.75,5034.06,12.82,724.23,0.03118,738.0,190.0958,181264.0,236133.0,68992.0,0,0,0,0
2016-07-15,0.32,1.6,45.95,1337.45,4900.5,2161.74,5029.5898,12.67,723.64,0.03126,745.0,188.8575,181596.0,243333.0,71483.0,0,0,0,0
2016-07-18,0.32,1.59,45.24,1328.85,4922.0,2166.89,5055.7797,12.44,734.54,0.03123,748.0,188.1935,184068.0,254328.0,68199.0,0,0,0,0
2016-07-19,0.31,1.56,44.65,1332.01,4967.75,2163.78,5036.3701,11.97,731.78,0.03126,746.0,186.1037,190987.0,266210.0,66178.0,0,0,0,0
2016-07-20,0.32,1.59,44.94,1316.06,4953.75,2173.02,5089.9301,11.77,743.74,0.0312,736.0,185.0864,113547.0,106509.0,62570.0,0,0,0,0
2016-07-21,0.32,1.57,44.75,1331.43,4966.5,2165.17,5073.8999,12.74,738.3,0.03119,726.0,183.6663,127720.0,128095.0,63183.0,0,0,0,0
2016-07-22,0.33,1.57,44.19,1322.73,4911.0,2175.03,5100.1601,12.02,742.37,0.03118,718.0,182.9009,136208.0,138702.0,62440.0,0,0,0,0
2016-07-25,0.32,1.58,43.13,1315.6,4886.75,2168.48,5097.6298,12.87,746.44,0.03111,709.0,181.3104,137296.0,149756.0,62723.0,0,0,0,0
2016-07-26,0.31,1.57,42.92,1320.26,4917.25,2169.18,5110.0498,13.05,774.92,0.03115,696.0,181.2193,139287.0,151614.0,68545.0,0,0,0,0
2016-07-27,0.31,1.52,41.92,1340.08,4839.0,2166.58,5139.81,12.83,774.93,0.03118,679.0,179.6188,136228.0,155930.0,65261.0,0,0,0,0
2016-07-28,0.25,1.52,41.14,1335.75,4884.75,2170.06,5154.9799,12.72,770.52,0.03129,665.0,179.2149,145293.0,170824.0,69100.0,1,1,1,1
2016-07-29,0.28,1.46,41.6,1351.28,4915.25,2173.6,5162.1298,11.87,766.78,0.03132,656.0,181.0139,152079.0,183808.0,68040.0,1,1,1,1
2016-08-01,0.29,1.51,40.06,1353.15,4868.5,2170.84,5184.2001,12.44,768.02,0.03161,650.0,178.213,154801.0,189487.0,73551.0,0,1,0,0
2016-08-02,0.29,1.55,39.51,1363.57,4880.75,2157.03,5137.7299,13.37,755.73,0.03157,645.0,177.3173,157043.0,195607.0,67456.0,0,0,0,0
2016-08-03,0.28,1.55,40.83,1358.18,4859.5,2163.79,5159.7402,12.86,756.53,0.0315,641.0,179.7893,149614.0,186627.0,69489.0,1,1,0,1
2016-08-04,0.26,1.51,41.93,1361.15,4815.0,2164.25,5166.25,12.42,763.57,0.03154,636.0,181.3463,152598.0,193809.0,67624.0,1,1,1,1
2016-08-05,0.28,1.59,41.8,1336.0,4779.25,2182.87,5221.1201,11.39,773.78,0.03168,636.0,181.7988,153781.0,198348.0,71065.0,1,1,0,1
2016-08-08,0.31,1.59,43.02,1335.31,4799.5,2180.89,5213.1401,11.5,772.44,0.03173,636.0,182.795,150946.0,204536.0,67193.0,0,0,0,0
2016-08-09,0.29,1.55,42.77,1340.73,4769.25,2181.74,5225.4799,11.66,778.78,0.03179,631.0,181.4302,151142.0,208230.0,69632.0,0,0,0,0
2016-08-10,0.28,1.5,41.71,1346.61,4816.25,2175.49,5204.58,12.05,772.82,0.03203,638.0,179.5491,147399.0,207820.0,70272.0,0,0,0,0
2016-08-11,0.28,1.57,43.49,1338.78,4840.0,2185.79,5228.3999,11.68,776.26,0.03192,653.0,181.99,151386.0,235196.0,67733.0,0,0,0,0
2016-08-12,0.29,1.51,44.49,1335.97,4749.0,2184.05,5232.8901,11.55,779.84,0.03184,671.0,182.6805,156806.0,238163.0,71521.0,0,0,0,0
2016-08-15,0.31,1.55,45.74,1339.4,4759.75,2190.15,5262.02,11.81,790.44,0.03188,681.0,185.1441,159245.0,245242.0,69607.0,1,1,0,1
2016-08-16,0.27,1.57,46.58,1346.24,4800.0,2178.15,5227.1098,12.64,784.61,0.03197,687.0,186.6373,163960.0,245910.0,69004.0,1,0,0,0
2016-08-17,0.3,1.56,46.79,1348.73,4759.0,2182.22,5228.6601,12.19,784.61,0.03179,685.0,186.8984,110158.0,123930.0,66866.0,0,0,0,0
2016-08-18,0.3,1.53,48.22,1352.36,4793.0,2187.02,5240.1499,11.43,790.16,0.03184,682.0,189.3389,119340.0,138636.0,70480.0,0,0,0,0
2016-08-19,0.3,1.58,48.52,1341.47,4785.75,2183.87,5238.3798,11.34,797.06,0.03163,683.0,188.7796,122349.0,148267.0,66380.0,0,0,0,0
2016-08-22,0.29,1.55,47.05,1339.09,4733.5,2182.64,5244.6,12.27,797.29,0.03143,687.0,187.0811,128092.0,160427.0,72439.0,0,0,0,0
2016-08-23,0.3,1.55,48.1,1337.56,4692.5,2186.9,5260.08,12.38,801.31,0.03154,692.0,188.3752,133062.0,159220.0,79904.0,0,0,0,0
2016-08-24,0.31,1.56,46.77,1324.13,4615.0,2175.44,5217.6899,13.45,794.34,0.03147,706.0,185.7456,132726.0,150088.0,76346.0,0,0,0,0
2016-08-25,0.33,1.58,47.33,1321.97,4617.0,2172.47,5212.2001,13.63,797.47,0.03158,718.0,186.2427,151367.0,166915.0,86678.0,0,0,0,0
2016-08-26,0.34,1.62,47.64,1321.18,4603.5,2169.04,5218.9199,13.65,801.4,0.03157,720.0,186.1106,151410.0,172708.0,80883.0,0,0,0,0
2016-08-29,0.33,1.57,46.98,1323.38,4603.5,2180.38,5232.33,12.94,803.62,0.03145,720.0,184.4342,153934.0,185072.0,76061.0,0,0,0,0
2016-08-30,0.33,1.57,46.35,1311.11,4595.0,2176.12,5222.9902,13.12,802.07,0.03153,715.0,182.8225,156739.0,189046.0,75247.0,0,0,0,0
2016-08-31,0.33,1.58,44.7,1308.97,4605.75,2170.95,5213.2202,13.42,801.48,0.03152,711.0,180.2067,154640.0,178034.0,77446.0,0,0,0,0
2016-09-01,0.33,1.57,43.16,1313.89,4620.0,2170.86,5227.2099,13.48,808.36,0.03151,712.0,178.2092,158697.0,195866.0,75795.0,1,1,1,1
2016-09-02,0.33,1.6,44.44,1325.21,4616.5,2179.98,5249.8999,11.98,806.95,0.03154,720.0,179.994,161148.0,199881.0,77888.0,0,0,0,0
2016-09-05,0.33,1.6,44.44,1327.08,4611.25,2179.98,5249.8999,11.98,806.95,0.03174,724.0,179.994,165557.0,201098.0,87576.0,0,0,0,0
2016-09-06,0.32,1.55,44.83,1350.0,4603.0,2186.48,5275.9101,12.02,805.1,0.03183,745.0,180.8951,167604.0,209243.0,89627.0,0,0,0,0
2016-09-07,0.34,1.54,45.5,1345.18,4631.75,2186.16,5283.9301,11.94,799.2,0.03201,773.0,182.4688,166210.0,215563.0,93210.0,0,0,0,0
2016-09-08,0.35,1.61,47.62,1338.3,4646.5,2181.3,5259.4799,12.51,797.57,0.03196,792.0,185.6311,169368.0,227835.0,85709.0,0,0,0,0
2016-09-09,0.35,1.67,45.88,1327.83,4614.5,2127.81,5125.9101,17.5,768.37,0.03174,804.0,182.5353,172841.0,232228.0,74990.0,0,0,0,0
2016-09-10,0.35,1.67,45.88,1327.83,4614.5,2127.81,5125.9101,17.5,768.37,0.03169,804.0,182.5353,174788.0,240197.0,76107.0,0,0,1,0
2016-09-12,0.37,1.68,46.29,1327.82,4573.0,2159.04,5211.8901,15.16,783.95,0.03153,804.0,182.9358,181479.0,251582.0,73958.0,0,0,1,0
2016-09-13,0.36,1.73,44.9,1319.05,4633.25,2127.02,5155.25,17.85,776.73,0.03154,796.0,180.5599,191254.0,271538.0,71549.0,0,1,1,1
2016-09-14,0.33,1.7,43.58,1322.94,4754.5,2125.77,5173.77,18.1399,783.72,0.03156,756.0,179.4949,187733.0,258903.0,72170.0,1,1,1,1
2016-09-19,0.3,1.7,43.3,1313.19,4753.25,2139.12,5235.0297,15.53,803.06,0.0318,836.0,180.7838,208044.0,277050.0,81668.0,0,0,0,0
2016-09-20,0.3,1.69,43.44,1314.84,4769.25,2139.76,5241.35,15.92,799.11,0.03188,865.0,182.9697,202794.0,271381.0,77321.0,1,1,1,1
2016-09-21,0.22,1.66,45.34,1335.17,4739.75,2163.12,5295.1801,13.3,810.65,0.03182,903.0,184.8602,111045.0,90680.0,74697.0,1,1,1,1
2016-09-22,0.18,1.63,46.32,1337.07,4835.0,2177.18,5339.52,12.02,813.51,0.03185,937.0,186.3232,118499.0,103263.0,74580.0,1,1,1,1
2016-09-23,0.18,1.62,44.48,1337.56,4833.0,2164.69,5305.75,12.29,804.59,0.03192,941.0,183.0965,119908.0,108541.0,79931.0,1,1,1,1
2016-09-26,0.25,1.59,45.93,1337.95,4819.25,2146.1,5257.4902,14.5,796.64,0.03181,934.0,184.9805,121948.0,115605.0,78059.0,0,1,0,0
2016-09-29,0.26,1.56,47.83,1320.37,4825.25,2151.13,5269.1499,14.02,822.64,0.03189,888.0,185.8277,119425.0,112623.0,85479.0,0,0,0,0
2016-09-30,0.29,1.6,48.24,1315.87,4848.0,2168.27,5312.0,13.29,835.6,0.03188,875.0,186.3155,125564.0,129549.0,80506.0,1,1,0,0
2016-10-03,0.32,1.63,48.81,1311.6,4800.5,2161.2,5300.8701,13.57,829.49,0.03192,864.0,187.0301,127152.0,131479.0,82179.0,1,1,1,0
2016-10-04,0.33,1.69,48.69,1268.44,4785.5,2150.49,5289.6601,13.63,827.34,0.0319,860.0,187.3043,127244.0,134436.0,86497.0,1,1,0,0
2016-10-05,0.32,1.72,49.83,1269.84,4778.25,2159.73,5316.02,12.99,833.71,0.03188,869.0,188.7822,125191.0,126522.0,87122.0,0,0,0,0
2016-10-06,0.33,1.75,50.44,1254.38,4737.5,2160.77,5306.85,12.84,838.6,0.03184,915.0,188.7822,129335.0,138816.0,87317.0,1,0,0,0
2016-10-07,0.33,1.73,49.81,1257.08,4758.25,2153.74,5292.3999,13.48,837.02,0.03177,921.0,188.3162,137725.0,145754.0,88151.0,1,1,0,0
2016-10-11,0.35,1.77,50.79,1252.8,4791.5,2136.73,5246.79,15.36,815.31,0.03163,922.0,189.1598,143513.0,155479.0,82682.0,0,0,0,0
2016-10-12,0.37,1.79,50.18,1255.25,4791.25,2139.18,5239.02,15.91,812.62,0.03162,906.0,188.0657,144475.0,154631.0,91702.0,0,0,0,0
2016-10-13,0.3,1.75,50.44,1258.09,4691.5,2132.55,5213.33,16.69,803.05,0.03149,885.0,189.1438,142791.0,183809.0,80697.0,0,0,0,0
2016-10-14,0.32,1.8,50.35,1251.03,4655.25,2132.98,5214.1601,16.12,809.39,0.03157,892.0,189.4671,147621.0,194011.0,79415.0,0,0,0,0
2016-10-17,0.34,1.77,49.94,1255.85,4653.5,2126.5,5199.8198,16.2099,805.0,0.03148,894.0,189.3939,147619.0,206141.0,76859.0,0,0,0,0
2016-10-18,0.34,1.75,50.29,1262.5,4659.75,2139.6,5243.8398,15.28,814.74,0.03158,890.0,189.7801,147642.0,203831.0,81789.0,0,0,0,0
2016-10-19,0.35,1.76,51.6,1269.23,4650.0,2144.29,5246.4101,14.41,810.93,0.03173,872.0,190.7677,108320.0,92013.0,83969.0,0,0,0,0
2016-10-20,0.35,1.76,50.43,1265.76,4632.5,2141.34,5241.83,13.75,816.72,0.03172,849.0,188.7752,116727.0,99730.0,85303.0,0,0,0,0
2016-10-21,0.34,1.74,50.85,1266.46,4614.25,2141.16,5257.3999,13.34,814.53,0.03162,842.0,189.3951,127870.0,111491.0,86725.0,0,0,0,0
2016-10-24,0.33,1.77,50.52,1264.44,4618.75,2151.33,5309.83,13.02,829.79,0.03156,831.0,189.4383,128566.0,113322.0,90319.0,0,0,0,0
2016-10-25,0.34,1.77,49.96,1273.87,4722.25,2143.16,5283.3999,13.46,828.67,0.03163,813.0,189.3465,133767.0,117144.0,93108.0,0,0,0,0
2016-10-26,0.33,1.79,49.18,1267.1,4732.75,2139.43,5250.27,14.24,827.22,0.03169,802.0,188.7198,126025.0,111439.0,86928.0,0,0,0,0
2016-10-27,0.3,1.85,49.72,1268.4,4781.5,2133.04,5215.9702,15.36,823.74,0.03161,798.0,190.047,128546.0,128896.0,82740.0,0,0,0,0
2016-10-28,0.3,1.86,48.7,1275.47,4831.5,2126.41,5190.1,16.19,818.88,0.03161,834.0,189.2067,132461.0,142654.0,82558.0,0,0,0,0
2016-10-31,0.34,1.84,46.86,1277.21,4841.0,2126.15,5189.1401,17.0599,823.52,0.03167,857.0,186.2759,136548.0,164064.0,82657.0,0,0,0,0
2016-11-01,0.35,1.83,46.67,1288.2,4907.75,2111.72,5153.58,18.5599,816.08,0.03168,838.0,185.8108,139994.0,171726.0,79355.0,0,0,0,0
2016-11-02,0.37,1.81,45.34,1296.81,4906.25,2097.94,5105.5698,19.32,810.57,0.03168,834.0,184.2921,139507.0,173320.0,70983.0,0,0,0,0
2016-11-03,0.38,1.82,44.66,1302.7,4947.0,2088.66,5058.4101,22.08,808.0,0.03178,849.0,183.3803,143742.0,180985.0,65244.0,0,0,0,0
2016-11-04,0.38,1.79,44.07,1305.06,4977.5,2085.18,5046.3701,22.51,802.88,0.03177,855.0,182.5041,155475.0,209869.0,64751.0,0,0,0,0
2016-11-07,0.41,1.83,44.89,1281.64,5079.75,2131.52,5166.1699,18.7099,825.87,0.03173,870.0,183.4954,162044.0,229434.0,68521.0,0,0,0,0
2016-11-08,0.43,1.88,44.98,1275.68,5218.75,2139.56,5193.4902,18.74,827.68,0.03174,911.0,183.5516,177758.0,260587.0,68706.0,0,0,0,0
2016-11-09,0.45,2.07,45.27,1277.98,5399.0,2163.26,5251.0698,14.38,823.59,0.03179,954.0,183.9892,153187.0,218205.0,65464.0,0,0,0,0
2016-11-10,0.48,2.15,44.66,1259.2,5587.5,2167.48,5208.7998,14.74,806.09,0.03166,974.0,183.3344,153505.0,240856.0,66840.0,0,0,0,0
2016-11-11,0.48,2.15,43.41,1227.64,5540.75,2164.45,5237.1098,14.17,837.24,0.03145,1045.0,180.7402,158847.0,272455.0,59851.0,1,1,1,1
2016-11-14,0.55,2.23,43.32,1221.35,5552.5,2164.2,5218.3999,14.48,832.08,0.0313,1065.0,180.255,163225.0,281465.0,62188.0,1,1,0,0
2016-11-15,0.51,2.23,45.81,1228.73,5530.0,2180.39,5275.6201,13.37,847.9,0.03138,1084.0,183.0775,173149.0,290486.0,66536.0,1,1,1,1
2016-11-16,0.47,2.22,45.57,1224.99,5424.5,2176.94,5294.58,13.72,857.55,0.0314,1145.0,182.3387,118968.0,131633.0,62492.0,1,1,0,0
2016-11-17,0.44,2.29,45.42,1216.42,5485.25,2187.12,5333.9702,13.35,866.84,0.03138,1231.0,182.4398,126368.0,144226.0,63031.0,0,0,0,0
2016-11-18,0.44,2.34,45.69,1207.89,5412.0,2181.9,5321.5097,12.85,872.63,0.03124,1257.0,183.1352,130969.0,149318.0,65880.0,1,0,0,0
2016-11-21,0.46,2.33,47.49,1214.23,5543.5,2198.18,5368.8598,12.42,879.01,0.03125,1240.0,187.3076,135332.0,154189.0,66202.0,0,0,0,0
2016-11-22,0.49,2.31,48.03,1212.32,5597.0,2202.94,5386.35,12.41,888.27,0.0313,1232.0,187.5628,148427.0,161205.0,75023.0,0,0,0,0
2016-11-23,0.51,2.36,47.96,1188.32,5724.5,2204.72,5380.6801,12.43,889.31,0.03137,1224.0,187.6851,148917.0,162259.0,76712.0,0,0,0,0
2016-11-24,0.51,2.36,47.96,1181.67,5853.5,2204.72,5380.6801,12.43,889.31,0.03132,1201.0,187.6851,151041.0,171820.0,73690.0,0,0,0,0
2016-11-25,0.49,2.36,46.06,1183.56,5864.5,2213.35,5398.9199,12.34,890.97,0.03131,1181.0,185.7263,153401.0,176581.0,76090.0,0,0,0,0
2016-11-28,0.48,2.32,47.08,1194.0,5865.75,2201.72,5368.81,13.15,887.25,0.03144,1184.0,187.7599,162089.0,180796.0,81199.0,0,0,0,0
2016-11-29,0.48,2.3,45.23,1188.31,5690.0,2204.66,5379.9199,12.9,885.25,0.03143,1202.0,183.9787,163764.0,187262.0,78237.0,0,0,0,0
2016-11-30,0.48,2.37,49.44,1173.2,5813.25,2198.81,5323.6801,13.33,879.47,0.03136,1204.0,189.3122,165303.0,180715.0,80059.0,0,0,0,0
2016-12-01,0.48,2.45,51.06,1171.69,5788.0,2191.08,5251.1098,14.07,836.79,0.03136,1196.0,191.4055,174161.0,188668.0,80187.0,0,0,0,0
2016-12-02,0.49,2.4,51.68,1177.43,5758.0,2191.95,5255.6499,14.12,847.7,0.03133,1198.0,191.694,182724.0,202649.0,70867.0,0,0,0,0
2016-12-05,0.49,2.39,51.79,1170.38,5945.0,2204.71,5308.8901,12.14,858.13,0.03125,1196.0,193.4753,182856.0,208862.0,72431.0,0,0,0,0
2016-12-06,0.49,2.39,50.93,1169.85,5875.75,2212.23,5333.0,11.79,870.0,0.0313,1186.0,192.5257,193727.0,219301.0,80146.0,0,0,0,0
2016-12-07,0.52,2.34,49.77,1173.98,5779.25,2241.35,5393.7597,12.22,888.45,0.03135,1162.0,190.8515,194608.0,216569.0,75084.0,0,0,0,0
2016-12-08,0.51,2.4,50.84,1170.78,5781.25,2246.19,5417.3598,12.64,895.7,0.03149,1122.0,191.4124,196688.0,227573.0,79303.0,0,0,0,0
2016-12-09,0.54,2.47,51.5,1159.86,5822.0,2259.53,5444.5,11.75,892.51,0.03139,1090.0,191.9793,201850.0,237672.0,82745.0,0,0,0,0
2016-12-12,0.51,2.49,52.83,1162.22,5751.0,2256.96,5412.54,12.64,885.46,0.03138,1069.0,193.3459,209608.0,255091.0,77411.0,0,0,0,1
2016-12-13,0.54,2.48,52.98,1158.54,5677.5,2271.72,5463.83,12.72,895.55,0.03142,1052.0,193.4571,212301.0,262785.0,77646.0,0,0,0,1
2016-12-14,0.55,2.54,51.04,1142.95,5715.75,2253.28,5436.6699,13.19,894.28,0.03144,1003.0,191.7858,219999.0,261607.0,74907.0,0,0,1,1
2016-12-15,0.51,2.6,50.9,1128.5,5723.5,2262.03,5456.85,12.79,909.97,0.03133,966.0,190.4757,221935.0,286152.0,72743.0,0,0,1,1
2016-12-16,0.51,2.6,51.9,1134.88,5629.75,2258.07,5437.1601,12.2,900.85,0.03128,946.0,191.4292,221694.0,286620.0,64298.0,0,1,1,1
2016-12-19,0.52,2.54,52.12,1138.21,5486.5,2262.53,5457.4399,11.71,909.68,0.03128,927.0,191.2224,223259.0,288126.0,65807.0,0,1,1,1
2016-12-20,0.52,2.57,52.23,1132.35,5488.5,2270.76,5483.9399,11.45,917.99,0.03125,914.0,190.5668,227795.0,289932.0,60420.0,0,1,1,1
2016-12-21,0.52,2.55,52.49,1131.61,5500.75,2265.18,5471.4301,11.27,918.33,0.03123,926.0,190.9402,83902.0,90528.0,58091.0,0,1,1,1
2016-12-22,0.51,2.55,52.95,1128.38,5504.0,2260.96,5447.4199,11.43,923.06,0.03122,928.0,190.3091,89698.0,108938.0,53984.0,1,1,1,1
2016-12-23,0.52,2.55,53.02,1133.3,5455.75,2263.79,5462.6899,11.44,927.92,0.03108,961.0,190.5289,93307.0,115242.0,53014.0,1,1,1,1
2016-12-26,0.52,2.55,53.02,1133.3,5455.75,2263.79,5462.6899,11.44,927.92,0.03101,961.0,190.5289,96028.0,116361.0,52885.0,1,1,1,1
2016-12-27,0.51,2.57,53.9,1138.78,5455.75,2268.88,5487.4399,11.99,939.21,0.03098,961.0,192.7531,96840.0,120118.0,52148.0,1,1,1,1
2016-12-28,0.53,2.51,54.06,1141.67,5531.75,2249.92,5438.56,12.95,921.09,0.03095,961.0,193.0325,96870.0,115949.0,56693.0,1,1,1,1
2016-12-29,0.47,2.49,53.77,1158.19,5470.0,2249.26,5432.0898,13.37,921.2,0.03095,961.0,192.8974,101695.0,128346.0,60045.0,1,1,1,1
2016-12-30,0.51,2.45,53.72,1147.5,5523.0,2238.83,5383.1201,14.04,906.47,0.03098,961.0,192.5115,106576.0,136874.0,62603.0,1,1,1,1
2017-01-03,0.53,2.45,52.33,1158.84,5486.5,2257.83,5429.08,12.85,907.34,0.03101,953.0,190.1462,109938.0,138608.0,59418.0,1,1,1,1
2017-01-04,0.53,2.46,53.26,1163.65,5629.0,2270.75,5477.0,11.85,909.77,0.031,969.0,192.9773,109698.0,131830.0,57267.0,1,1,1,1
2017-01-05,0.52,2.37,53.76,1180.12,5560.5,2269.0,5487.9399,11.67,901.69,0.03129,983.0,193.7058,114865.0,139700.0,64545.0,0,0,0,1
2017-01-06,0.53,2.42,53.99,1172.63,5569.25,2276.98,5521.06,11.32,908.65,0.03126,963.0,193.5407,120457.0,142928.0,66163.0,0,0,0,1
2017-01-09,0.5,2.38,51.96,1181.1,5570.0,2268.9,5531.8198,11.56,918.58,0.03115,949.0,190.6049,125338.0,149317.0,62300.0,1,0,0,1
2017-01-10,0.52,2.38,50.82,1187.88,5736.0,2268.9,5551.8198,11.49,923.06,0.0313,926.0,191.139,128931.0,153092.0,65297.0,1,0,1,1
2017-01-11,0.52,2.38,52.25,1191.62,5689.75,2275.32,5563.6499,11.26,926.54,0.03131,894.0,192.2921,130541.0,156231.0,63241.0,1,0,0,1
2017-01-12,0.52,2.36,53.01,1195.43,5813.75,2270.44,5547.4902,11.54,918.16,0.03147,892.0,194.97,138924.0,164911.0,71582.0,1,0,1,1
2017-01-13,0.53,2.4,52.37,1197.34,5883.75,2274.64,5574.1201,11.23,924.67,0.03164,910.0,194.5396,142349.0,180734.0,64937.0,0,0,0,1
2017-01-16,0.53,2.4,52.37,1202.73,5843.5,2274.64,5574.1201,11.23,924.67,0.03154,925.0,194.5396,150050.0,193039.0,57847.0,0,0,0,0
2017-01-17,0.55,2.33,52.48,1217.07,5731.25,2267.89,5538.7299,11.87,909.48,0.03164,922.0,195.1362,162042.0,199514.0,63841.0,0,0,0,0
2017-01-18,0.53,2.42,51.08,1204.3,5740.5,2271.89,5555.6499,12.48,922.36,0.03166,952.0,193.356,120354.0,109580.0,54625.0,0,0,0,0
2017-01-19,0.52,2.47,51.37,1204.85,5713.5,2263.69,5540.08,12.78,918.03,0.03162,942.0,192.9649,126170.0,130725.0,54628.0,0,0,0,0
2017-01-20,0.5,2.48,52.42,1210.32,5730.0,2271.31,5555.33,11.54,930.01,0.03171,925.0,194.0154,129726.0,148231.0,59046.0,0,0,0,1
2017-01-23,0.51,2.41,52.75,1218.23,5773.5,2265.2,5552.9399,11.77,923.77,0.03182,914.0,194.4423,137930.0,162629.0,64540.0,0,0,0,0
2017-01-24,0.51,2.47,53.18,1208.94,5926.0,2280.07,5600.9599,11.07,942.41,0.03187,886.0,194.9473,146192.0,177728.0,66464.0,0,0,0,0
2017-02-02,0.52,2.48,53.54,1215.96,5870.5,2280.85,5636.2001,11.93,959.08,0.03215,770.0,193.5196,150176.0,185975.0,62046.0,1,1,1,1
2017-02-03,0.51,2.49,53.83,1220.3,5763.75,2297.42,5666.77,10.97,964.02,0.03221,752.0,193.2017,146385.0,166714.0,65443.0,0,1,1,1
2017-02-06,0.53,2.42,53.01,1235.53,5835.75,2292.56,5663.5498,11.37,967.39,0.03232,735.0,192.1642,159911.0,184006.0,69034.0,0,1,1,1
2017-02-07,0.53,2.4,52.17,1233.85,5779.5,2293.08,5674.2202,11.29,970.59,0.03221,714.0,191.3744,165846.0,195807.0,70525.0,1,1,1,1
2017-02-08,0.54,2.34,52.34,1241.53,5878.0,2294.67,5682.4501,11.45,972.14,0.03213,702.0,192.2646,172890.0,200479.0,70049.0,0,1,1,1
2017-02-09,0.54,2.4,53.0,1228.36,5808.75,2307.87,5715.1801,10.88,963.81,0.03221,707.0,192.7555,179166.0,213408.0,76236.0,0,1,1,1
2017-02-10,0.55,2.41,53.86,1233.62,6082.5,2316.1,5734.1298,10.85,963.05,0.03221,702.0,194.0375,189668.0,224377.0,78513.0,1,1,1,1
2017-02-13,0.52,2.43,52.93,1225.26,6103.5,2328.25,5763.9599,11.07,965.7,0.03223,688.0,192.0596,196758.0,226219.0,77485.0,1,1,1,1
2017-02-14,0.54,2.47,53.2,1228.13,6004.25,2337.58,5782.5698,10.74,962.63,0.0324,685.0,192.2792,203614.0,229992.0,75270.0,1,1,1,1
2017-02-15,0.54,2.51,53.11,1233.7,6048.0,2349.25,5819.4399,11.97,970.54,0.0325,688.0,193.2573,148183.0,134202.0,72898.0,1,1,1,1
2017-02-16,0.53,2.45,53.36,1239.04,5983.0,2347.22,5814.8999,11.76,971.24,0.03248,710.0,192.7632,153272.0,154066.0,65850.0,1,1,1,1
2017-02-17,0.53,2.42,53.4,1234.6,5945.0,2351.16,5838.58,11.49,976.8,0.03249,741.0,192.1229,156274.0,161085.0,65639.0,1,1,1,1
2017-02-18,0.53,2.42,53.4,1234.6,5945.0,2351.16,5838.58,11.49,976.8,0.03247,741.0,192.1229,156518.0,162312.0,65824.0,1,1,1,1
2017-02-20,0.53,2.42,53.4,1238.47,6058.25,2351.16,5838.58,11.49,976.8,0.03246,757.0,192.1229,158508.0,164879.0,63705.0,0,1,1,1
2017-02-21,0.53,2.43,54.06,1235.74,6045.5,2365.38,5865.9501,11.57,990.44,0.03247,778.0,192.0502,165558.0,173528.0,60810.0,1,1,1,1
2017-02-22,0.52,2.42,53.59,1237.44,6025.75,2362.82,5860.6298,11.74,990.07,0.03249,806.0,191.2274,166967.0,173809.0,58196.0,1,1,1,1
2017-02-23,0.51,2.38,54.45,1249.56,5844.75,2363.81,5835.5097,11.71,973.87,0.03253,856.0,191.6342,172699.0,183787.0,61620.0,0,1,1,1
2017-02-24,0.52,2.31,53.99,1257.19,5915.0,2367.34,5845.31,11.47,973.44,0.03263,875.0,190.9312,186428.0,200870.0,61417.0,1,1,1,1
2017-03-01,0.63,2.46,53.83,1249.69,6003.0,2395.96,5904.0297,12.54,985.26,0.03251,871.0,191.2693,187582.0,201860.0,52483.0,0,1,1,1
2017-03-02,0.67,2.49,52.61,1234.25,5918.0,2381.92,5861.2202,11.81,974.33,0.03247,904.0,188.8121,193997.0,213161.0,50915.0,1,1,1,1
2017-03-03,0.71,2.49,53.33,1234.81,5910.0,2383.12,5870.75,10.96,973.97,0.03224,939.0,189.7152,201682.0,221432.0,50379.0,1,1,1,1
2017-03-06,0.74,2.49,53.2,1225.29,5856.0,2375.31,5849.1801,11.24,974.18,0.03228,979.0,189.4211,217349.0,226640.0,54164.0,0,0,0,1
2017-03-07,0.76,2.52,53.14,1215.86,5807.0,2368.39,5833.9301,11.45,976.85,0.03241,1033.0,188.0191,220883.0,235244.0,54790.0,0,0,0,0
2017-03-08,0.73,2.57,50.28,1208.31,5782.0,2362.98,5837.5498,11.86,979.0,0.0324,1045.0,185.0531,232209.0,241409.0,54262.0,0,0,0,1
2017-03-09,0.73,2.6,49.28,1201.24,5655.0,2364.87,5838.81,12.3,980.48,0.03224,1064.0,183.2212,233244.0,263913.0,45418.0,1,1,1,1
2017-03-10,0.75,2.58,48.49,1204.64,5714.5,2372.6,5861.7299,11.66,991.93,0.03222,1086.0,182.6485,225224.0,283703.0,42792.0,0,1,1,1
2017-03-13,0.79,2.62,48.4,1204.3,5794.0,2373.47,5875.7797,11.35,999.39,0.03235,1099.0,183.1563,226974.0,283008.0,49128.0,1,1,1,1
2017-03-14,0.78,2.6,47.72,1199.12,5747.0,2365.45,5856.8198,12.3,996.33,0.03229,1112.0,182.1176,234021.0,283877.0,50500.0,0,0,0,1
2017-03-15,0.73,2.51,48.86,1219.88,5850.0,2385.26,5900.0498,11.63,1004.65,0.03243,1147.0,183.795,113827.0,147441.0,53023.0,1,1,1,1
2017-03-16,0.73,2.53,48.75,1226.61,5911.0,2381.38,5900.7597,11.21,1002.81,0.03262,1172.0,184.0411,128298.0,160452.0,58377.0,0,1,1,1
2017-03-17,0.73,2.5,48.78,1229.26,5889.0,2378.25,5901.0,11.28,1004.6,0.03265,1196.0,184.4798,133370.0,165411.0,57361.0,0,0,0,1
2017-03-20,0.76,2.47,48.22,1234.24,5891.0,2373.47,5901.5297,11.34,1012.29,0.03276,1205.0,184.7813,136164.0,167618.0,56840.0,1,1,1,1
2017-03-21,0.77,2.43,47.34,1244.81,5765.5,2344.02,5793.83,12.47,988.42,0.03283,1200.0,184.2878,149089.0,173138.0,55762.0,0,0,0,0
2017-03-22,0.77,2.4,48.04,1248.84,5712.0,2348.45,5821.6401,12.81,999.34,0.03278,1190.0,183.8537,154898.0,176334.0,53560.0,0,0,1,1
2017-03-23,0.76,2.41,47.7,1245.2,5790.5,2345.96,5817.6899,13.12,996.85,0.0328,1196.0,183.6431,161506.0,179411.0,49791.0,0,0,0,1
2017-03-24,0.78,2.4,47.97,1243.57,5782.5,2343.98,5828.7402,12.96,1004.35,0.0328,1240.0,183.4654,165423.0,187009.0,53075.0,0,0,0,1
2017-03-27,0.78,2.38,47.73,1254.86,5673.5,2341.59,5840.3701,12.5,1005.95,0.03306,1282.0,183.0977,170259.0,197173.0,57654.0,0,0,0,1
2017-03-28,0.78,2.42,48.37,1251.82,5774.5,2358.57,5875.1401,11.53,1008.97,0.03315,1333.0,184.0784,177961.0,201401.0,53629.0,0,0,0,0
2017-03-29,0.78,2.39,49.51,1253.45,5847.0,2361.13,5897.5498,11.42,1006.49,0.03302,1338.0,185.2089,178707.0,199574.0,51751.0,1,0,1,1
2017-03-30,0.78,2.42,50.35,1242.64,5860.0,2368.06,5914.3398,11.54,1011.81,0.03299,1324.0,185.5202,185727.0,212268.0,53651.0,1,0,1,1
2017-03-31,0.76,2.4,50.6,1249.2,5849.0,2362.72,5911.7402,12.37,1011.4,0.03296,1297.0,185.883,183363.0,226186.0,52033.0,1,1,1,1
2017-04-05,0.8,2.34,51.15,1255.76,5808.5,2352.95,5864.4799,12.89,993.53,0.03292,1223.0,186.1468,181621.0,219267.0,57204.0,1,0,1,1
2017-04-06,0.79,2.34,51.7,1251.7,5870.5,2357.49,5878.9501,12.39,994.69,0.03272,1215.0,186.781,183305.0,240513.0,50820.0,0,0,0,1
2017-04-07,0.82,2.38,52.24,1254.53,5770.0,2355.54,5877.81,12.87,999.35,0.03268,1223.0,187.1051,187143.0,266850.0,44722.0,0,0,0,1
2017-04-10,0.82,2.37,53.08,1254.68,5731.0,2357.16,5880.9301,14.05,991.62,0.03262,1231.0,187.6267,189705.0,271530.0,46656.0,0,0,0,1
2017-04-11,0.82,2.32,53.4,1274.86,5746.0,2353.78,5866.77,15.07,983.34,0.03263,1262.0,187.996,192563.0,289896.0,46600.0,0,0,0,0
2017-04-12,0.81,2.28,53.11,1286.78,5685.0,2344.93,5836.1601,15.77,966.55,0.03273,1282.0,187.3824,192761.0,269021.0,49919.0,0,0,0,1
2017-04-13,0.81,2.24,53.18,1287.92,5655.0,2328.95,5805.1499,15.96,960.01,0.03298,1296.0,187.7694,200787.0,295033.0,52061.0,0,0,0,1
2017-04-14,0.81,2.24,53.18,1285.69,5655.0,2328.95,5805.1499,15.96,960.01,0.03289,1109.0,187.7694,209255.0,325893.0,45351.0,0,0,0,1
2017-04-17,0.83,2.26,52.65,1284.71,5655.0,2349.01,5856.79,14.66,972.56,0.03295,1296.0,187.3918,220364.0,343649.0,46200.0,0,0,0,0
2017-04-18,0.82,2.18,52.41,1289.76,5620.5,2342.19,5849.4702,14.42,976.67,0.03289,1294.0,186.5446,220143.0,347333.0,40482.0,0,0,0,1
2017-04-19,0.81,2.21,50.44,1280.21,5600.5,2338.17,5863.0297,14.93,982.05,0.03288,1278.0,183.9177,127426.0,161779.0,37007.0,0,1,1,1
2017-04-20,0.79,2.24,50.27,1281.9,5611.5,2355.84,5916.7797,14.15,997.55,0.03289,1243.0,183.0372,130593.0,181829.0,39163.0,0,1,1,1
2017-04-21,0.79,2.24,49.62,1284.44,5601.0,2348.69,5910.52,14.63,992.94,0.03293,1195.0,181.8708,149395.0,218840.0,43968.0,0,1,1,1
2017-04-24,0.81,2.28,49.23,1276.31,5612.0,2374.15,5983.8198,10.84,1007.8,0.03303,1170.0,180.9318,150526.0,216616.0,41955.0,1,1,1,1
2017-04-25,0.82,2.35,49.56,1264.13,5652.5,2388.61,6025.4902,10.76,1017.81,0.03317,1154.0,181.909,154966.0,226903.0,49942.0,1,1,1,1
2017-04-26,0.83,2.32,49.62,1269.22,5677.5,2387.45,6025.2299,10.85,1009.16,0.03317,1147.0,181.7076,152007.0,200905.0,50660.0,1,1,1,1
2017-04-27,0.81,2.3,48.97,1264.3,5686.5,2388.77,6048.9399,10.36,1023.29,0.03316,1134.0,180.4906,157709.0,226523.0,51578.0,1,1,1,1
2017-04-28,0.8,2.29,49.33,1268.28,5688.5,2384.2,6047.6098,10.82,1005.53,0.03309,1109.0,181.7253,158844.0,238646.0,52950.0,1,1,1,1
2017-05-02,0.82,2.29,47.66,1256.76,5746.5,2391.17,6095.3701,10.59,1004.62,0.03326,1073.0,180.3388,164548.0,242638.0,57544.0,1,1,1,1
2017-05-03,0.85,2.33,47.82,1238.17,5636.5,2388.13,6072.5498,10.68,1008.05,0.03325,1034.0,180.3993,167098.0,237220.0,57694.0,1,1,1,1
2017-05-04,0.86,2.36,45.52,1228.16,5543.0,2389.52,6075.3398,10.46,1006.83,0.03318,1004.0,177.0083,177542.0,248235.0,58463.0,0,0,0,1
2017-05-05,0.9,2.36,46.22,1228.01,5530.5,2399.29,6100.7597,10.57,1011.03,0.03313,994.0,177.9244,181271.0,272518.0,55164.0,0,0,0,0
2017-05-08,0.91,2.39,46.43,1226.23,5466.0,2399.38,6102.6601,9.77,1007.16,0.03315,1001.0,178.1318,187440.0,277563.0,53867.0,0,0,1,1
2017-05-09,0.91,2.42,45.88,1221.23,5496.0,2396.92,6120.5898,9.96,1017.5,0.03305,1007.0,177.2934,211661.0,281911.0,56108.0,0,0,1,1
2017-05-10,0.9,2.41,47.33,1219.1,5512.0,2399.63,6129.1401,10.21,1038.92,0.03304,1005.0,179.5088,217221.0,271264.0,58276.0,0,0,0,0
2017-05-11,0.89,2.39,47.83,1225.04,5580.5,2394.44,6115.9599,10.6,1042.43,0.0331,1012.0,180.4408,213454.0,274666.0,59676.0,0,0,1,1
2017-05-12,0.88,2.33,47.84,1228.43,5520.0,2390.9,6121.2299,10.4,1045.24,0.03311,1014.0,181.6909,213819.0,277242.0,60020.0,0,0,1,1
2017-05-15,0.9,2.34,48.85,1230.82,5586.0,2402.32,6149.6699,10.42,1061.05,0.03316,994.0,182.7409,226359.0,282215.0,60006.0,0,0,1,1
2017-05-16,0.9,2.33,48.66,1237.24,5584.0,2400.67,6169.8701,10.65,1076.85,0.03321,980.0,182.1377,227774.0,287748.0,58123.0,0,0,1,1
2017-05-17,0.9,2.22,49.07,1261.36,5575.0,2357.03,6011.2402,15.59,1029.83,0.03318,960.0,183.2436,144927.0,139094.0,59788.0,0,0,1,1
2017-05-18,0.93,2.23,49.35,1247.07,5490.0,2365.72,6055.1298,14.66,1049.29,0.03309,957.0,182.5066,151666.0,168669.0,63351.0,0,0,1,1
2017-05-19,0.92,2.23,50.33,1255.93,5596.0,2381.73,6083.7001,12.04,1060.77,0.0331,956.0,185.0767,156715.0,182025.0,59541.0,0,0,1,1
2017-05-22,0.93,2.25,50.73,1260.63,5677.0,2394.02,6133.6201,10.93,1072.3,0.03328,954.0,186.0732,159087.0,186218.0,59370.0,0,1,1,1
2017-05-23,0.92,2.29,51.47,1251.22,5660.5,2398.42,6138.7099,10.72,1067.94,0.03315,949.0,185.0557,172151.0,187802.0,61695.0,1,1,1,1
2017-05-24,0.93,2.26,51.36,1258.73,5662.5,2404.39,6163.02,10.02,1074.85,0.03313,934.0,183.9182,170826.0,179716.0,62798.0,0,1,1,1
2017-05-25,0.94,2.25,48.9,1255.67,5665.0,2415.07,6205.2597,9.99,1080.75,0.03324,918.0,181.1525,182598.0,189229.0,68817.0,0,1,1,1
2017-05-26,0.94,2.25,49.8,1266.76,5671.0,2415.82,6210.1899,9.81,1084.85,0.0332,912.0,182.0048,189565.0,197972.0,63704.0,1,1,1,1
2017-05-31,0.98,2.21,48.32,1268.92,5615.5,2411.8,6198.52,10.41,1091.42,0.03322,878.0,179.7724,188251.0,196678.0,57199.0,0,1,1,1
2017-06-01,0.98,2.21,48.36,1265.96,5636.5,2430.06,6246.83,9.89,1092.55,0.0332,850.0,179.09,192995.0,200926.0,55317.0,0,0,0,0
2017-06-02,0.98,2.15,47.66,1279.17,5559.5,2439.07,6305.7998,9.75,1103.4,0.0332,830.0,177.9633,198318.0,205888.0,55971.0,0,1,1,1
2017-06-03,0.98,2.15,47.66,1279.17,5559.5,2439.07,6305.7998,9.75,1103.4,0.03319,830.0,177.9633,200368.0,208461.0,56477.0,0,1,1,1
2017-06-05,0.96,2.18,47.4,1279.8,5586.5,2436.1,6295.6801,10.07,1106.22,0.03323,821.0,177.2955,202163.0,215376.0,57366.0,0,1,1,0
2017-06-06,0.97,2.14,48.19,1294.39,5540.5,2429.33,6275.06,10.45,1110.08,0.03323,818.0,178.0767,202335.0,218724.0,56391.0,0,1,0,0
2017-06-07,1.0,2.18,45.72,1287.15,5575.5,2433.14,6297.3798,10.39,1118.3,0.03323,821.0,175.6109,202543.0,212889.0,57528.0,0,1,1,1
2017-06-08,1.01,2.19,45.64,1278.01,5647.5,2433.79,6321.7597,10.16,1138.25,0.03322,824.0,176.0976,206242.0,221974.0,57140.0,1,1,1,1
2017-06-09,1.01,2.21,45.83,1266.76,5739.0,2431.77,6207.9199,10.7,1090.05,0.03321,849.0,176.7649,212271.0,224757.0,58828.0,1,1,1,1
2017-06-12,0.98,2.21,46.08,1266.18,5752.0,2429.39,6175.4599,11.46,1084.44,0.03314,870.0,175.934,213701.0,248530.0,58626.0,1,1,1,1
2017-06-13,1.0,2.21,46.46,1266.55,5659.0,2440.35,6220.3701,10.42,1091.35,0.03308,870.0,175.8346,215575.0,252638.0,57040.0,1,1,1,1
2017-06-14,1.01,2.15,44.73,1260.86,5684.5,2437.92,6194.8901,10.64,1079.82,0.03308,865.0,173.0239,209797.0,253462.0,51932.0,1,1,1,1
2017-06-15,1.02,2.16,44.46,1253.98,5637.0,2432.46,6165.5,10.9,1070.76,0.03306,855.0,172.7827,212409.0,253709.0,51858.0,1,1,1,1
2017-06-16,1.03,2.16,44.74,1253.73,5655.5,2433.15,6151.7597,10.38,1067.23,0.03292,851.0,173.0519,216676.0,255600.0,55454.0,1,1,1,1
2017-06-19,1.02,2.19,44.2,1243.84,5687.0,2453.46,6239.0097,10.37,1087.92,0.03294,848.0,171.283,222473.0,263229.0,55117.0,1,1,1,0
2017-06-20,1.01,2.16,43.23,1243.01,5673.5,2437.03,6188.0297,10.86,1074.88,0.03289,847.0,169.6584,236168.0,264231.0,55848.0,0,0,0,0
2017-06-21,0.99,2.16,42.53,1246.48,5650.0,2435.61,6233.9501,10.75,1087.42,0.03282,844.0,167.4244,115271.0,100880.0,58800.0,0,0,0,0
2017-06-22,0.96,2.15,42.74,1250.51,5736.0,2434.5,6236.6899,10.48,1084.96,0.03285,855.0,166.5002,127834.0,118418.0,57575.0,0,0,0,0
2017-06-23,0.97,2.15,43.01,1256.71,5774.0,2438.3,6265.25,10.02,1088.48,0.03289,870.0,167.744,133882.0,124897.0,56916.0,0,0,0,0
2017-06-26,0.99,2.14,43.38,1244.72,5771.0,2439.07,6247.1499,9.9,1077.92,0.03297,884.0,168.5694,152250.0,138723.0,53627.0,0,0,0,0
2017-06-27,1.0,2.21,44.24,1247.17,5789.0,2419.38,6146.6201,11.06,1048.66,0.03296,903.0,170.0126,157917.0,145744.0,48698.0,0,0,0,0
2017-06-28,1.02,2.22,44.74,1249.27,5822.0,2440.69,6234.4101,10.03,1067.18,0.03285,929.0,170.9751,147441.0,154965.0,49271.0,0,0,0,0
2017-06-29,1.04,2.27,44.93,1245.51,5905.5,2419.7,6144.35,11.44,1040.42,0.03293,920.0,171.886,153149.0,173777.0,49276.0,0,0,0,0
2017-06-30,1.03,2.31,46.04,1245.51,5907.5,2423.41,6140.4199,11.18,1034.91,0.03286,901.0,171.886,161714.0,191910.0,47950.0,0,0,0,0
2017-07-03,1.06,2.35,47.07,1220.2,5894.0,2429.01,6110.06,11.22,1020.51,0.03286,882.0,176.1555,162762.0,196279.0,46646.0,0,0,0,0
2017-07-04,1.06,2.35,47.07,1223.42,5847.0,2429.01,6110.06,11.22,1020.51,0.03276,871.0,176.1555,166444.0,214057.0,45437.0,0,0,0,0
2017-07-05,1.05,2.33,45.13,1227.04,5818.0,2432.54,6150.8598,11.07,1041.78,0.03278,847.0,173.6534,162563.0,206470.0,49699.0,0,0,0,0
2017-07-06,1.04,2.37,45.52,1225.22,5828.5,2409.75,6089.4599,12.54,1037.05,0.03268,829.0,174.4275,164699.0,218170.0,44434.0,0,0,0,0
2017-07-07,1.05,2.39,44.23,1212.46,5809.0,2425.18,6153.08,11.19,1054.9,0.03267,822.0,172.5598,167496.0,227380.0,41246.0,0,0,0,0
2017-07-10,1.04,2.38,44.4,1214.36,5780.0,2427.43,6176.3901,11.11,1067.1,0.0327,820.0,172.7422,169108.0,234114.0,42072.0,0,0,0,0
2017-07-11,1.05,2.37,45.04,1217.72,5795.0,2425.53,6193.2998,10.89,1075.42,0.03269,830.0,173.9232,176782.0,242848.0,44901.0,0,0,0,0
2017-07-12,1.05,2.33,45.49,1220.51,5882.5,2443.25,6261.1699,10.3,1092.86,0.0328,859.0,173.8759,169068.0,258708.0,40244.0,0,0,0,0
2017-07-13,1.05,2.35,46.08,1217.58,5902.0,2447.83,6274.4399,9.9,1090.13,0.03291,888.0,174.3486,176997.0,271905.0,43187.0,0,0,0,0
2017-07-14,1.04,2.33,46.54,1228.7,5858.0,2459.27,6312.4702,9.51,1104.32,0.03288,900.0,176.2843,177331.0,278273.0,41754.0,0,0,0,0
2017-07-17,1.07,2.31,46.02,1234.11,5965.5,2459.14,6314.4301,9.82,1099.55,0.03287,912.0,175.8788,180534.0,284064.0,39875.0,1,0,0,0
2017-07-18,1.07,2.27,46.4,1242.47,5940.5,2460.61,6344.31,9.95,1103.35,0.03293,932.0,176.8775,181666.0,289759.0,38917.0,0,0,0,0
2017-07-19,1.11,2.27,47.12,1241.25,5956.0,2473.83,6385.04,9.79,1113.18,0.0329,948.0,178.6557,113986.0,148301.0,43283.0,0,0,0,0
2017-07-20,1.15,2.27,46.79,1244.49,5930.0,2473.45,6390.0,9.58,1116.62,0.03283,964.0,178.3977,122050.0,171628.0,40670.0,0,0,0,0
2017-07-21,1.16,2.24,45.77,1254.98,6001.5,2472.54,6387.75,9.36,1107.54,0.03284,977.0,176.6614,121827.0,177445.0,38165.0,0,0,0,0
2017-07-24,1.17,2.26,46.34,1255.3,6000.0,2469.91,6410.81,9.43,1103.01,0.03294,977.0,176.2334,125320.0,181088.0,43236.0,0,0,0,0
2017-07-25,1.18,2.33,47.89,1250.06,6150.0,2477.13,6412.1699,9.43,1102.59,0.03294,980.0,177.6663,126650.0,183457.0,39387.0,0,0,0,0
2017-07-26,1.13,2.29,48.75,1260.53,6238.0,2477.83,6422.75,9.6,1115.35,0.03289,968.0,179.4549,125071.0,178948.0,37852.0,1,0,0,0
2017-07-27,1.11,2.32,49.04,1259.15,6325.0,2475.42,6382.1899,10.11,1097.27,0.03306,942.0,181.1419,134146.0,188863.0,45441.0,0,0,0,0
2017-07-28,1.08,2.3,49.71,1269.64,6283.0,2472.1,6374.6801,10.29,1092.99,0.033,933.0,182.12,134434.0,213225.0,36167.0,0,0,0,0
2017-07-31,1.07,2.3,50.17,1269.44,6347.0,2470.3,6348.1201,10.26,1085.15,0.03308,946.0,182.6423,140580.0,225652.0,37372.0,0,0,0,0
2017-08-01,1.08,2.26,49.16,1268.76,6300.5,2476.35,6362.9399,10.09,1091.13,0.03305,965.0,180.7563,144414.0,229392.0,35650.0,0,0,0,0
2017-08-02,1.08,2.27,49.59,1266.65,6300.0,2477.57,6362.6499,10.28,1083.96,0.03306,993.0,181.9816,145459.0,219380.0,40674.0,0,0,0,0
2017-08-03,1.08,2.24,49.03,1268.6,6290.0,2472.16,6340.3398,10.44,1078.8,0.03308,1023.0,180.6475,153634.0,260077.0,38259.0,0,0,0,0
2017-08-04,1.08,2.27,49.58,1258.88,6330.0,2476.83,6351.56,10.03,1079.45,0.03309,1032.0,180.6829,159728.0,276075.0,39477.0,0,0,0,0
2017-08-07,1.02,2.26,49.39,1257.85,6333.0,2480.91,6383.77,9.93,1098.25,0.03308,1036.0,180.9708,167345.0,288956.0,40724.0,0,0,0,0
2017-08-08,1.06,2.29,49.17,1260.96,6364.0,2474.92,6370.4599,10.96,1093.77,0.03311,1038.0,181.0886,168606.0,305973.0,38808.0,0,0,0,0
2017-08-09,1.06,2.24,49.56,1277.3,6465.0,2474.02,6352.33,11.11,1090.49,0.03309,1050.0,181.5563,163273.0,307218.0,37671.0,0,0,0,0
2017-08-10,1.05,2.2,48.59,1286.53,6416.5,2438.21,6216.8701,16.04,1060.02,0.03299,1092.0,178.9143,166611.0,388267.0,31882.0,0,0,0,0
2017-08-11,1.03,2.19,48.82,1289.31,6353.5,2441.32,6256.56,15.51,1066.22,0.03294,1138.0,179.6059,173056.0,429223.0,34118.0,0,0,0,0
2017-08-14,1.02,2.22,47.59,1282.15,6351.0,2465.84,6340.2299,12.33,1093.74,0.033,1155.0,177.5062,175503.0,429030.0,36235.0,0,0,0,0
2017-08-15,1.04,2.27,47.55,1271.53,6344.0,2464.61,6333.0097,12.04,1096.43,0.03298,1169.0,176.3051,181754.0,434306.0,33730.0,0,0,0,0
2017-08-16,1.02,2.23,46.78,1283.11,6496.5,2468.11,6345.1098,11.74,1098.07,0.03293,1207.0,175.3569,139376.0,225699.0,34688.0,0,0,0,0
2017-08-17,1.0,2.19,47.09,1288.15,6456.25,2430.01,6221.9101,15.55,1069.7,0.03299,1247.0,175.8858,149971.0,244460.0,39360.0,0,0,0,0
2017-08-18,1.02,2.19,48.51,1284.13,6453.0,2425.55,6216.5297,14.26,1071.89,0.03297,1260.0,177.4971,152018.0,260243.0,39750.0,1,0,0,0
2017-08-21,1.0,2.18,47.37,1291.88,6514.5,2428.37,6213.1298,13.19,1064.52,0.03297,1266.0,176.5475,154117.0,263797.0,40778.0,1,0,0,0
2017-08-22,1.0,2.22,47.64,1285.08,6584.0,2452.51,6297.4799,11.35,1081.64,0.033,1249.0,176.7275,169974.0,269618.0,44407.0,1,1,1,0
2017-08-23,1.0,2.17,48.41,1290.96,6555.0,2444.04,6278.4101,12.25,1086.41,0.03301,1222.0,177.5843,165103.0,260098.0,41738.0,0,0,0,0
2017-08-24,1.02,2.19,47.43,1286.4,6577.0,2438.97,6271.33,12.23,1085.93,0.03304,1200.0,177.7958,179314.0,276318.0,51642.0,0,0,0,0
2017-08-25,1.03,2.17,47.87,1291.35,6714.0,2443.05,6265.6401,11.28,1080.5,0.03306,1209.0,177.8278,188448.0,293095.0,50656.0,0,0,0,0
2017-08-28,0.98,2.16,46.57,1310.13,6714.0,2444.24,6283.02,11.32,1082.62,0.03315,1209.0,178.012,198390.0,307311.0,52389.0,0,0,0,0
2017-08-29,1.03,2.13,46.44,1309.23,6797.0,2446.3,6301.8901,11.7,1084.86,0.03311,1203.0,177.5312,196740.0,314465.0,51434.0,0,0,0,0
2017-08-30,1.03,2.15,45.96,1308.6,6755.0,2457.59,6368.31,11.22,1103.69,0.03316,1181.0,176.8745,204317.0,312460.0,54895.0,0,0,0,0
2017-08-31,1.01,2.12,47.23,1321.43,6792.0,2471.65,6428.6601,10.59,1114.31,0.03311,1184.0,180.857,211545.0,321892.0,54319.0,0,0,0,0
2017-09-01,1.02,2.16,47.29,1325.23,6776.0,2476.55,6435.33,10.13,1119.34,0.03316,1183.0,180.9461,216806.0,328746.0,57710.0,0,0,0,0
2017-09-04,1.02,2.16,47.29,1333.87,6873.0,2476.55,6435.33,10.13,1119.34,0.03322,1187.0,180.9461,216366.0,334341.0,59565.0,0,0,0,0
2017-09-05,1.03,2.07,48.66,1339.71,6904.0,2457.85,6375.5698,12.23,1103.63,0.03326,1215.0,182.3418,217212.0,341710.0,58036.0,0,0,0,0
2017-09-06,1.07,2.1,49.16,1334.22,6864.0,2465.54,6393.31,11.63,1105.76,0.03322,1250.0,182.9997,216458.0,347945.0,57044.0,0,0,0,0
2017-09-07,1.05,2.05,49.09,1349.22,6842.5,2465.1,6397.8701,11.55,1107.34,0.03326,1296.0,182.8681,221606.0,360320.0,57574.0,0,0,0,0
2017-09-08,1.04,2.06,47.48,1346.59,6780.0,2461.43,6360.1899,12.12,1093.49,0.03333,1332.0,181.1747,230092.0,372298.0,65711.0,0,0,0,0
2017-09-11,1.05,2.14,48.07,1327.54,6737.0,2488.11,6432.2597,10.73,1115.46,0.0333,1355.0,181.6602,225896.0,384573.0,59721.0,0,0,0,0
2017-09-12,1.03,2.17,48.23,1331.81,6601.5,2496.48,6454.2797,10.58,1120.2,0.0333,1344.0,181.4107,238439.0,393489.0,61383.0,0,0,0,0
2017-09-13,1.04,2.2,49.3,1322.37,6527.0,2498.37,6460.1899,10.5,1122.04,0.03327,1337.0,182.8828,229204.0,395727.0,57355.0,0,0,0,0
2017-09-14,1.05,2.2,49.89,1329.74,6418.5,2495.62,6429.08,10.44,1127.42,0.03322,1361.0,183.3103,233668.0,406414.0,59139.0,0,0,0,0
2017-09-15,1.05,2.2,49.89,1320.18,6457.0,2500.23,6448.4702,10.17,1146.68,0.03325,1385.0,184.0516,240297.0,419041.0,62577.0,0,1,0,0
2017-09-18,1.05,2.23,49.91,1307.44,6487.0,2503.87,6454.6401,10.15,1160.9,0.03321,1398.0,183.734,243810.0,423945.0,65191.0,0,0,0,0
2017-09-19,1.04,2.24,49.48,1311.15,6492.0,2506.65,6461.3198,10.18,1164.98,0.03318,1415.0,182.5779,256909.0,434436.0,53433.0,0,0,0,0
2017-09-20,1.04,2.28,50.41,1301.1,6520.0,2508.24,6456.04,9.78,1148.6,0.03319,1449.0,184.6338,138923.0,232488.0,54285.0,0,0,0,0
2017-09-21,1.04,2.27,50.55,1291.2,6407.5,2500.6,6422.6899,9.67,1143.87,0.0331,1470.0,183.3955,148675.0,248720.0,58142.0,0,0,0,0
2017-09-22,1.03,2.26,50.66,1297.3,6405.0,2502.22,6426.9199,9.59,1149.59,0.03312,1502.0,183.5685,155883.0,270235.0,50665.0,0,0,0,0
2017-09-25,1.05,2.22,52.22,1310.78,6416.0,2496.66,6370.5898,10.21,1126.94,0.03314,1503.0,184.6093,161231.0,283803.0,48574.0,0,0,0,0
2017-09-26,1.06,2.24,51.88,1293.98,6423.0,2496.84,6380.1601,10.17,1126.4,0.0331,1476.0,183.3961,169774.0,290988.0,48571.0,1,1,0,0
2017-09-27,1.07,2.31,52.14,1282.78,6426.0,2507.04,6453.2597,9.87,1153.0,0.033,1429.0,183.8605,157408.0,283377.0,48419.0,0,0,0,0
2017-09-28,1.06,2.31,51.56,1287.3,6405.0,2510.06,6453.4501,9.55,1161.69,0.03289,1391.0,182.9904,161476.0,295512.0,44172.0,1,1,0,0
2017-09-29,1.06,2.33,51.67,1279.75,6485.0,2519.36,6495.9599,9.51,1171.74,0.03296,1356.0,183.0882,167312.0,302087.0,45631.0,0,0,0,0
2017-09-30,1.06,2.33,51.67,1279.75,6485.0,2519.36,6495.9599,9.51,1171.74,0.033,1356.0,183.0882,171049.0,303087.0,45962.0,0,0,0,0
2017-10-02,1.01,2.34,50.58,1271.13,6455.0,2529.12,6516.7202,9.45,1178.75,0.03288,1328.0,180.9092,187297.0,307213.0,50054.0,0,0,0,0
2017-10-03,1.07,2.33,50.42,1271.66,6447.0,2534.58,6531.7099,9.51,1182.43,0.03284,1308.0,180.8984,191184.0,308738.0,48381.0,0,0,0,0
2017-10-05,1.07,2.35,50.79,1268.22,6511.0,2552.07,6585.3598,9.19,1186.07,0.03295,1382.0,182.9434,186235.0,303355.0,53151.0,0,0,0,0
2017-10-06,1.07,2.37,49.29,1276.68,6639.0,2549.33,6590.1801,9.65,1191.45,0.03292,1405.0,180.9549,191224.0,310559.0,52943.0,0,0,0,0
2017-10-11,1.1,2.35,51.3,1291.72,6685.0,2555.2399,6603.5498,9.85,1215.19,0.03308,1433.0,183.4961,205565.0,328406.0,58567.0,0,0,0,0
2017-10-12,1.09,2.33,50.6,1293.72,6813.0,2550.9299,6591.5097,9.91,1211.1,0.0331,1458.0,183.2752,215497.0,342646.0,59370.0,0,0,0,0
2017-10-13,1.09,2.28,51.45,1303.82,6858.0,2553.1699,6605.7998,9.61,1219.21,0.03313,1485.0,184.829,214653.0,350449.0,57836.0,0,0,0,0
2017-10-16,1.1,2.3,51.87,1295.79,7063.0,2557.6398,6624.0,9.91,1224.99,0.03316,1523.0,184.6214,219732.0,357633.0,55780.0,0,0,0,0
2017-10-17,1.09,2.3,51.88,1285.12,7046.0,2559.3601,6623.6601,10.31,1224.12,0.03311,1485.0,184.2388,221559.0,365993.0,56001.0,0,0,0,0
2017-10-18,1.09,2.34,52.04,1281.08,6971.5,2561.26,6624.2202,10.07,1228.16,0.03311,1566.0,183.9923,133358.0,235373.0,57714.0,0,0,0,0
2017-10-19,1.1,2.33,51.29,1290.13,6920.0,2562.1,6605.0698,10.05,1225.05,0.03308,1582.0,184.0709,148678.0,243031.0,56876.0,0,0,0,0
2017-10-20,1.11,2.39,51.47,1280.47,6921.5,2575.2099,6629.0498,9.97,1231.34,0.03307,1578.0,184.1165,155867.0,251138.0,58004.0,0,0,0,0
2017-10-23,1.09,2.38,51.9,1282.27,6959.0,2564.9799,6586.83,11.07,1237.14,0.03304,1586.0,184.7112,158230.0,255946.0,55453.0,0,0,0,0
2017-10-24,1.12,2.42,52.47,1276.58,7073.5,2569.1298,6598.4301,11.16,1245.38,0.03304,1588.0,185.824,160747.0,273240.0,56330.0,0,0,0,0
2017-10-25,1.12,2.44,52.18,1277.53,6970.5,2557.1499,6563.8901,11.23,1229.27,0.03304,1573.0,185.4023,156607.0,278359.0,53075.0,0,0,0,1
2017-10-26,1.11,2.46,52.64,1266.99,6965.0,2560.3999,6556.77,11.3,1237.03,0.03308,1555.0,185.935,165900.0,291878.0,53659.0,0,0,0,1
2017-10-27,1.1,2.42,53.9,1273.35,6831.5,2581.07,6701.2597,9.8,1263.55,0.03303,1546.0,186.8914,172603.0,321659.0,53047.0,0,0,0,1
2017-10-30,1.12,2.37,54.15,1276.29,6823.0,2572.83,6698.9599,10.5,1265.91,0.03311,1546.0,187.5295,180619.0,329473.0,55424.0,0,0,1,1
2017-10-31,1.15,2.38,54.38,1271.45,6802.0,2575.26,6727.6699,10.18,1275.61,0.03315,1522.0,187.5576,185398.0,342760.0,54249.0,0,1,1,1
2017-11-01,1.18,2.37,54.3,1274.66,6918.0,2579.3601,6716.5297,10.2,1271.51,0.03314,1496.0,187.9417,183815.0,343857.0,50792.0,0,1,1,1
2017-11-02,1.17,2.35,54.54,1276.13,6855.0,2579.85,6714.9399,9.93,1277.34,0.03313,1482.0,188.1263,191711.0,356404.0,50946.0,0,1,1,1
2017-11-03,1.18,2.34,55.64,1269.91,6914.5,2587.84,6764.4399,9.14,1299.97,0.03314,1476.0,189.3802,196209.0,368129.0,48649.0,0,1,1,1
2017-11-06,1.19,2.32,57.35,1281.95,6902.5,2591.1298,6786.4399,9.4,1317.34,0.03311,1473.0,192.568,199489.0,384764.0,46919.0,1,1,1,1
2017-11-07,1.22,2.32,57.2,1275.3,6863.0,2590.6398,6767.7797,9.89,1316.55,0.03315,1477.0,191.847,208776.0,404858.0,49665.0,0,1,1,1
2017-11-08,1.23,2.32,56.81,1281.36,6812.0,2594.3798,6789.1201,9.78,1321.13,0.03313,1486.0,191.8912,205007.0,399130.0,46642.0,1,1,1,1
2017-11-09,1.24,2.33,57.17,1285.07,6777.0,2584.6201,6750.0498,10.5,1294.66,0.03313,1481.0,191.8689,215888.0,411906.0,44498.0,1,1,1,1
2017-11-10,1.23,2.4,56.74,1275.07,6797.0,2582.3,6750.9399,11.29,1303.06,0.03314,1464.0,191.648,222408.0,423815.0,46346.0,1,1,1,1
2017-11-13,1.24,2.4,56.76,1278.31,6768.0,2584.84,6757.6,11.5,1306.58,0.03312,1445.0,191.4481,229522.0,432796.0,46968.0,1,1,1,1
2017-11-14,1.26,2.38,55.7,1280.25,6822.5,2578.8701,6737.8701,11.59,1305.0,0.03313,1405.0,189.0565,236536.0,437650.0,44412.0,1,1,1,1
2017-11-15,1.25,2.33,55.33,1278.14,6715.5,2564.6201,6706.2099,13.13,1293.2,0.03317,1374.0,188.6384,136604.0,308495.0,38395.0,1,1,1,1
2017-11-16,1.27,2.37,55.14,1278.58,6764.0,2585.6398,6793.29,11.76,1313.11,0.03316,1361.0,188.2464,154708.0,314395.0,39596.0,1,1,1,1
2017-11-17,1.29,2.35,56.55,1292.42,6728.5,2578.85,6782.79,11.43,1306.93,0.03322,1371.0,190.3859,175528.0,323316.0,47274.0,1,1,1,1
2017-11-20,1.3,2.37,56.09,1276.92,6752.0,2582.1398,6790.7099,10.65,1322.81,0.03322,1385.0,189.2103,181030.0,329003.0,43336.0,1,0,1,1
2017-11-21,1.3,2.36,56.83,1280.61,6828.0,2599.03,6862.4799,9.73,1337.92,0.03327,1396.0,189.8287,205073.0,345614.0,45079.0,0,0,1,1
2017-11-22,1.29,2.32,58.02,1292.12,6872.5,2597.08,6867.3598,9.88,1329.1,0.03331,1413.0,191.6041,209652.0,355573.0,47559.0,0,0,0,1
2017-11-23,1.29,2.32,58.02,1291.47,6895.5,2597.08,6867.3598,9.88,1329.1,0.03333,1445.0,191.6041,215663.0,363551.0,47189.0,0,0,0,1
2017-11-24,1.29,2.34,58.95,1288.37,6967.5,2602.4199,6889.1601,9.67,1341.69,0.03332,1458.0,192.2154,220027.0,371578.0,46909.0,0,0,0,1
2017-11-27,1.27,2.32,58.11,1294.52,6892.0,2601.4199,6878.52,9.87,1324.15,0.03333,1477.0,191.6288,225915.0,389222.0,42452.0,0,0,0,0
2017-11-28,1.3,2.34,57.99,1293.98,6800.0,2627.04,6912.3598,10.03,1323.08,0.03333,1506.0,191.2129,228355.0,396247.0,42299.0,0,0,0,0
2017-11-29,1.29,2.37,57.3,1283.64,6756.5,2626.07,6824.3901,10.7,1265.01,0.03334,1536.0,190.9047,228725.0,402745.0,42114.0,0,0,1,1
2017-11-30,1.27,2.42,57.4,1275.01,6761.0,2647.58,6873.9702,11.28,1272.55,0.03332,1578.0,189.1714,230654.0,417798.0,37178.0,0,0,1,1
2017-12-01,1.27,2.37,58.36,1280.62,6734.0,2642.2199,6847.5898,11.43,1258.65,0.0333,1626.0,190.6855,237593.0,442057.0,39801.0,0,0,1,1
2017-12-04,1.29,2.37,57.47,1276.18,6807.0,2639.4399,6775.3701,11.68,1227.85,0.03329,1662.0,188.6871,240740.0,453006.0,40521.0,0,1,1,1
2017-12-05,1.3,2.36,57.62,1265.77,6645.0,2629.57,6762.2099,11.33,1228.51,0.03334,1666.0,187.468,238981.0,458065.0,40346.0,1,1,1,1
2017-12-06,1.3,2.33,55.96,1263.37,6539.0,2629.27,6776.3798,11.02,1232.26,0.03332,1670.0,184.7238,240551.0,467440.0,40150.0,1,1,1,1
2017-12-07,1.29,2.37,56.69,1247.22,6530.5,2636.9799,6812.8398,10.16,1244.52,0.03331,1679.0,184.471,258032.0,496606.0,39222.0,1,1,1,1
2017-12-08,1.28,2.38,57.36,1248.49,6538.5,2651.5,6840.08,9.58,1238.24,0.03332,1702.0,185.0158,269083.0,507891.0,36618.0,1,1,1,1
2017-12-11,1.33,2.39,57.99,1242.02,6547.5,2659.9899,6875.08,9.34,1245.58,0.03331,1727.0,185.4916,271375.0,518328.0,38905.0,1,1,1,1
2017-12-12,1.34,2.4,57.14,1244.49,6614.0,2664.1101,6862.3198,9.92,1233.18,0.03331,1743.0,183.4141,269404.0,525861.0,39279.0,1,1,1,1
2017-12-13,1.3,2.36,56.6,1255.5,6685.0,2662.85,6875.7998,10.18,1233.04,0.0333,1730.0,183.3645,267451.0,519051.0,41694.0,0,1,1,1
2017-12-14,1.32,2.35,57.04,1252.96,6723.0,2652.01,6856.5297,10.49,1232.43,0.03333,1668.0,184.2184,277726.0,530656.0,44956.0,0,1,1,1
2017-12-15,1.31,2.35,57.3,1256.44,6735.5,2675.81,6936.58,9.42,1250.89,0.03334,1619.0,184.5239,279485.0,538508.0,39747.0,1,1,1,1
2017-12-18,1.38,2.39,57.16,1262.26,6844.0,2690.1599,6994.7597,9.53,1277.91,0.03333,1588.0,185.4179,281421.0,541885.0,38194.0,0,1,1,1
2017-12-19,1.37,2.46,57.46,1261.7,6845.0,2681.4699,6963.85,10.03,1276.52,0.03334,1547.0,186.0157,285135.0,539504.0,42655.0,1,1,1,1
2017-12-20,1.38,2.49,58.09,1265.57,6925.0,2679.25,6960.9599,9.72,1285.44,0.03334,1476.0,187.0899,98489.0,202961.0,45582.0,1,1,1,1
2017-12-21,1.35,2.48,58.36,1266.6,6977.0,2684.57,6965.3598,9.62,1271.81,0.03335,1430.0,187.736,109044.0,228482.0,43574.0,1,1,1,1
2017-12-22,1.33,2.48,58.47,1274.16,7019.0,2683.34,6959.9599,9.9,1271.17,0.03337,1619.0,187.8781,118182.0,248307.0,45169.0,1,1,1,1
2017-12-25,1.33,2.48,58.47,1274.16,7019.0,2683.34,6959.9599,9.9,1271.17,0.03337,1366.0,187.8781,121736.0,251591.0,45550.0,1,1,1,1
2017-12-26,1.47,2.47,59.97,1283.1,7019.0,2680.5,6936.25,10.25,1258.88,0.03339,1366.0,187.8781,127380.0,261857.0,43423.0,1,1,1,1
2017-12-27,1.44,2.42,59.64,1287.18,7140.0,2682.6201,6939.3398,10.47,1263.36,0.0334,1366.0,191.4704,130988.0,258331.0,48815.0,1,1,1,1
2017-12-28,1.39,2.43,59.84,1295.04,7216.0,2687.54,6950.1601,10.18,1266.3,0.03351,1366.0,193.0415,146577.0,271630.0,51327.0,1,1,1,1
2017-12-29,1.39,2.4,60.42,1302.8,7157.0,2673.6101,6903.3901,11.04,1253.05,0.0335,1366.0,193.8647,156138.0,298411.0,48739.0,1,1,1,1
2018-01-02,1.44,2.46,60.37,1317.56,7181.0,2695.81,7006.8999,9.77,1287.7,0.03375,1230.0,194.7155,165377.0,325496.0,52142.0,1,1,1,1
2018-01-03,1.41,2.44,61.63,1313.21,7115.5,2713.06,7065.5297,9.15,1309.86,0.03378,1262.0,195.3508,171735.0,325830.0,50931.0,1,1,0,1
2018-01-04,1.41,2.46,62.01,1323.01,7202.5,2723.9899,7077.91,9.22,1317.24,0.0338,1341.0,195.3673,172061.0,337475.0,51919.0,1,1,0,0
2018-01-05,1.39,2.47,61.44,1319.59,7097.0,2743.1499,7136.56,9.22,1325.71,0.03387,1371.0,193.4456,173701.0,346312.0,51706.0,0,0,0,0
2018-01-08,1.45,2.49,61.73,1320.4,7084.5,2747.7099,7157.39,9.52,1335.54,0.03387,1385.0,192.9178,180000.0,353247.0,49674.0,0,0,0,0
2018-01-09,1.44,2.55,62.96,1312.85,7092.0,2751.29,7163.58,10.08,1322.57,0.03386,1395.0,194.155,184907.0,354260.0,53313.0,0,0,0,0
2018-01-10,1.42,2.55,63.57,1316.89,7140.5,2748.2299,7153.57,9.82,1306.22,0.03378,1366.0,194.8295,187074.0,362548.0,53725.0,0,0,0,0
2018-01-11,1.43,2.54,63.8,1322.44,7123.0,2767.56,7211.78,9.88,1314.34,0.03378,1303.0,195.16,194845.0,377330.0,52468.0,0,0,0,0
2018-01-12,1.43,2.55,64.3,1337.64,7070.5,2786.2399,7261.06,10.16,1322.1,0.03378,1279.0,196.056,195752.0,377711.0,55077.0,0,0,0,0
2018-01-15,1.43,2.55,64.3,1339.99,7180.0,2786.2399,7261.06,10.16,1322.1,0.03385,1264.0,196.056,194602.0,383643.0,50994.0,0,0,0,0
2018-01-16,1.45,2.54,63.73,1338.41,7023.0,2776.4199,7223.69,11.66,1325.97,0.03384,1221.0,195.1056,197175.0,386520.0,48364.0,0,0,0,1
2018-01-17,1.44,2.57,63.97,1326.84,7047.0,2802.56,7298.28,11.91,1364.29,0.03383,1164.0,196.4045,128546.0,195195.0,52417.0,0,0,0,1
2018-01-18,1.45,2.62,63.95,1327.03,7047.0,2798.03,7296.05,12.22,1370.56,0.03383,1139.0,196.3443,138809.0,220142.0,48666.0,1,0,0,1
2018-01-19,1.44,2.64,63.37,1331.84,7079.0,2810.3,7336.38,11.27,1372.03,0.03398,1125.0,195.503,147235.0,231410.0,49412.0,1,0,0,1
2018-01-22,1.44,2.66,63.49,1333.92,7049.0,2832.9699,7408.03,11.03,1382.41,0.03398,1129.0,196.2168,149963.0,252504.0,42269.0,1,0,0,1
2018-01-23,1.44,2.63,64.47,1341.21,6905.0,2839.1298,7460.29,11.1,1392.86,0.03401,1157.0,196.9392,153980.0,268588.0,38665.0,0,0,0,1
2018-01-24,1.43,2.65,65.61,1358.46,7111.0,2837.54,7415.06,11.47,1360.68,0.03413,1200.0,199.509,153638.0,273367.0,41562.0,1,0,0,1
2018-01-25,1.42,2.63,65.51,1348.26,7100.75,2839.25,7411.16,11.58,1337.62,0.0344,1217.0,199.3449,161528.0,314684.0,46835.0,0,0,0,0
2018-01-26,1.41,2.66,66.14,1349.12,7042.5,2872.8701,7505.77,11.08,1381.27,0.03436,1219.0,200.52,162865.0,321589.0,46788.0,0,0,0,0
2018-01-29,1.44,2.7,65.56,1340.33,7041.0,2853.53,7466.51,13.84,1378.42,0.03431,1214.0,199.5363,168126.0,329962.0,44176.0,0,0,0,0
2018-01-30,1.44,2.73,64.5,1338.59,7009.5,2822.4299,7402.48,14.79,1350.44,0.0342,1191.0,198.136,174909.0,342369.0,48316.0,0,0,0,0
2018-01-31,1.46,2.72,64.73,1345.14,7078.75,2823.81,7411.48,13.54,1361.5,0.03431,1152.0,197.3757,174556.0,343774.0,49683.0,0,0,0,0
2018-02-01,1.48,2.78,65.8,1348.79,7077.5,2821.9799,7385.86,13.47,1355.07,0.03424,1114.0,198.347,183260.0,379537.0,47947.0,0,0,0,0
2018-02-02,1.48,2.84,65.45,1333.39,7003.75,2762.1298,7240.95,17.31,1317.98,0.03421,1095.0,197.4414,183445.0,392205.0,44044.0,0,0,0,0
2018-02-05,1.51,2.77,64.15,1339.67,7050.0,2648.9399,6967.53,37.32,1255.81,0.03412,1082.0,195.6678,202015.0,409101.0,40149.0,0,0,0,1
2018-02-06,1.52,2.79,63.39,1324.16,7060.0,2695.1398,7115.88,29.98,1301.66,0.03403,1095.0,194.7458,295970.0,405815.0,43071.0,0,0,1,1
2018-02-07,1.55,2.84,61.79,1318.39,7006.0,2681.6599,7051.98,27.73,1272.5,0.03416,1097.0,192.3395,273252.0,368047.0,48188.0,0,0,0,0
2018-02-08,1.55,2.85,61.15,1318.76,6838.0,2581.0,6777.16,33.46,1218.66,0.03403,1106.0,191.7731,288245.0,386364.0,45939.0,0,0,1,1
2018-02-09,1.55,2.83,59.2,1316.65,6755.0,2619.55,6874.49,29.06,1255.81,0.03401,1125.0,188.5123,297217.0,401898.0,42564.0,0,1,1,1
2018-02-12,1.62,2.86,59.29,1322.7,6786.5,2656.0,6981.96,25.61,1279.14,0.03401,1123.0,189.0831,313175.0,431634.0,42641.0,0,1,1,1
2018-02-21,1.64,2.94,61.68,1324.63,7003.0,2701.33,7218.23,20.02,1325.35,0.03419,1146.0,194.1737,207962.0,234201.0,47776.0,0,0,1,1
2018-02-22,1.63,2.92,62.77,1332.05,7032.0,2703.9599,7210.09,18.72,1322.09,0.03413,1167.0,195.2706,214082.0,241636.0,42893.0,1,1,1,1
2018-02-23,1.64,2.88,63.55,1328.71,7073.5,2747.3,7337.39,16.49,1351.09,0.03412,1185.0,195.9944,223035.0,247277.0,47984.0,0,1,1,1
2018-02-26,1.66,2.86,63.91,1333.68,7111.0,2779.6,7421.46,15.8,1380.27,0.03421,1191.0,196.7496,222448.0,249555.0,44048.0,0,1,1,1
2018-02-27,1.66,2.9,63.01,1318.36,7028.0,2744.28,7330.35,18.59,1374.72,0.03421,1188.0,195.3936,226538.0,258319.0,45222.0,0,1,1,1
2018-03-01,1.63,2.81,60.99,1317.03,6852.0,2677.6699,7180.56,22.47,1340.14,0.03411,1196.0,193.9478,229907.0,261607.0,45256.0,1,1,1,1
2018-03-02,1.65,2.86,61.25,1322.75,6883.0,2691.25,7257.87,19.59,1363.78,0.03414,1207.0,194.1184,232266.0,266720.0,45748.0,1,1,1,1
2018-03-05,1.7,2.88,62.57,1320.11,6850.0,2720.9399,7330.7,18.73,1375.86,0.03414,1210.0,196.6693,235375.0,270958.0,45149.0,1,1,1,1
2018-03-06,1.68,2.88,62.6,1334.56,6968.5,2728.1201,7372.01,18.36,1396.47,0.03414,1212.0,196.7608,237427.0,276052.0,47774.0,0,1,1,1
2018-03-07,1.68,2.89,61.15,1325.57,6873.0,2726.8,7396.65,17.76,1400.47,0.03418,1191.0,194.4371,237468.0,275586.0,46274.0,0,1,1,1
2018-03-08,1.67,2.86,60.12,1321.99,6830.0,2738.9699,7427.95,16.54,1402.05,0.03418,1197.0,193.6619,240198.0,286071.0,49664.0,0,0,1,1
2018-03-09,1.67,2.9,62.04,1323.93,6808.0,2786.57,7560.81,14.64,1431.16,0.03413,1201.0,195.1492,243414.0,295557.0,48919.0,1,1,1,1
2018-03-12,1.71,2.87,61.36,1323.1,6857.0,2783.02,7588.32,15.78,1445.9,0.03415,1192.0,194.5284,253856.0,306485.0,51104.0,1,1,1,1
2018-03-13,1.73,2.84,60.71,1326.51,6883.0,2765.31,7511.01,16.35,1423.46,0.03419,1179.0,194.2788,258321.0,308347.0,50013.0,1,1,1,1
2018-03-14,1.76,2.81,60.96,1324.85,7015.0,2749.4799,7496.81,17.23,1423.5,0.03418,1169.0,194.4851,254754.0,308842.0,47943.0,1,1,1,1
2018-03-15,1.77,2.82,61.19,1316.1,6885.5,2747.33,7481.74,16.59,1422.07,0.03425,1150.0,193.887,257960.0,318237.0,48460.0,1,1,1,1
2018-03-16,1.78,2.85,62.34,1314.24,6923.0,2752.01,7481.99,15.8,1422.54,0.03421,1143.0,194.4552,256229.0,328207.0,41721.0,1,1,1,1
2018-03-19,1.8,2.85,62.06,1316.85,6791.5,2712.9199,7344.24,19.02,1394.82,0.03425,1136.0,192.8982,259696.0,332824.0,43891.0,1,1,1,1
2018-03-20,1.81,2.89,63.4,1311.31,6784.0,2716.9399,7364.3,18.2,1405.5,0.03428,1122.0,194.1543,268011.0,341813.0,44253.0,1,1,1,1
2018-03-21,1.74,2.89,65.17,1332.24,6675.0,2711.9299,7345.29,17.86,1407.98,0.03426,1117.0,196.0194,128274.0,142882.0,44430.0,1,1,1,1
2018-03-22,1.72,2.83,64.3,1329.03,6746.5,2643.6899,7166.68,23.34,1368.98,0.0343,1117.0,195.233,150952.0,173263.0,45537.0,1,1,1,1
2018-03-23,1.74,2.82,65.88,1347.33,6658.0,2588.26,6992.67,24.87,1323.92,0.03428,1122.0,196.2626,167912.0,186846.0,45385.0,1,1,1,1
2018-03-26,1.79,2.85,65.55,1353.5,6500.0,2658.55,7220.54,21.03,1380.1,0.0343,1126.0,195.7737,167347.0,193727.0,48813.0,1,1,1,1
2018-03-27,1.77,2.78,65.25,1345.05,6641.5,2612.6201,7008.81,22.5,1327.94,0.03432,1117.0,195.5675,171825.0,209473.0,46920.0,1,1,1,1
2018-03-28,1.73,2.77,64.38,1325.01,6601.5,2605.0,6949.23,22.87,1299.82,0.03429,1080.0,194.305,165316.0,204962.0,43066.0,1,1,1,1
2018-03-29,1.73,2.74,64.94,1325.5,6685.0,2640.8701,7063.44,19.97,1328.9,0.03429,1055.0,195.364,168972.0,223514.0,43526.0,1,1,0,0
2018-03-30,1.73,2.74,64.94,1325.48,6685.0,2640.8701,7063.44,19.97,1328.9,0.03434,1055.0,195.364,179283.0,236260.0,48767.0,0,0,0,0
2018-03-31,1.73,2.74,64.94,1325.48,6685.0,2640.8701,7063.44,19.97,1328.9,0.03434,1055.0,195.364,180186.0,237377.0,48786.0,0,0,0,0
2018-04-02,1.77,2.73,63.01,1341.29,6685.0,2581.8798,6870.12,23.62,1277.01,0.03431,1055.0,193.3795,186926.0,244248.0,49141.0,1,1,0,0
2018-04-03,1.75,2.79,63.51,1332.74,6756.0,2614.4499,6941.28,21.1,1302.09,0.03431,1016.0,193.2085,189895.0,254072.0,47464.0,1,1,0,0
2018-04-09,1.76,2.78,63.42,1336.35,6767.0,2613.1599,6950.34,21.77,1273.8,0.03424,952.0,194.9686,178824.0,235921.0,50160.0,0,0,0,0
2018-04-10,1.74,2.8,65.51,1339.64,6888.0,2656.8701,7094.3,20.47,1314.54,0.03426,974.0,197.1148,186693.0,250951.0,49951.0,0,0,0,0
2018-04-11,1.73,2.79,66.82,1353.38,6930.5,2642.1899,7069.03,20.24,1315.06,0.03425,979.0,198.8301,195080.0,274051.0,48604.0,0,0,0,0
2018-04-12,1.75,2.83,67.07,1334.94,6756.0,2663.9899,7140.25,18.49,1339.66,0.03418,993.0,199.3039,192867.0,291430.0,41572.0,0,0,0,0
2018-04-13,1.76,2.82,67.39,1346.2,6830.0,2656.3,7106.65,17.41,1329.4,0.03413,1014.0,199.6978,198783.0,299387.0,43418.0,0,0,0,0
2018-04-16,1.79,2.83,66.22,1345.93,6811.5,2677.84,7156.28,16.56,1332.52,0.03398,1025.0,199.5478,199877.0,305276.0,41335.0,0,0,0,0
2018-04-17,1.8,2.82,66.52,1347.52,6784.0,2706.3898,7281.1,15.25,1357.72,0.03406,1052.0,199.3838,202609.0,305647.0,36713.0,0,0,0,0
2018-04-18,1.81,2.87,68.47,1349.41,6936.0,2708.6398,7295.24,15.6,1343.78,0.03405,1124.0,202.9719,112298.0,99694.0,39898.0,0,0,0,0
2018-04-19,1.82,2.92,68.29,1345.53,6942.0,2693.1298,7238.06,15.96,1285.88,0.03408,1201.0,201.858,126345.0,107803.0,50162.0,0,0,0,0
2018-04-20,1.81,2.96,68.38,1336.36,6939.0,2670.1398,7146.13,16.88,1270.83,0.03401,1281.0,201.917,131536.0,119085.0,31033.0,0,0,0,0
2018-04-23,1.87,2.98,68.64,1324.83,6923.0,2670.29,7128.6,16.34,1253.98,0.03387,1306.0,200.7253,132047.0,126484.0,29992.0,0,0,0,0
2018-04-24,1.87,3.0,67.7,1330.35,6987.0,2634.56,7007.35,18.02,1243.67,0.03377,1330.0,200.0837,136750.0,139199.0,28798.0,0,0,0,0
2018-04-25,1.85,3.03,68.05,1323.13,6960.5,2639.3999,7003.74,17.84,1242.19,0.03372,1376.0,200.689,128519.0,136133.0,28994.0,0,0,0,0
2018-04-26,1.82,3.0,68.19,1316.8,6885.5,2666.9399,7118.68,16.24,1268.21,0.03366,1375.0,201.2184,165315.0,169345.0,28344.0,0,0,0,0
2018-04-27,1.82,2.96,68.1,1324.0,6797.0,2669.9099,7119.8,15.41,1258.11,0.03374,1361.0,201.3893,150852.0,151445.0,32426.0,0,0,0,0
2018-04-30,1.87,2.95,68.57,1315.39,6783.0,2648.05,7066.27,15.93,1244.4,0.03378,1341.0,201.982,166221.0,166505.0,30875.0,0,0,0,0
2018-05-02,1.84,2.97,67.93,1304.96,6785.0,2635.6699,7100.9,15.97,1259.42,0.0336,1346.0,201.6018,163367.0,156021.0,30740.0,0,0,0,0
2018-05-03,1.84,2.94,68.43,1312.06,6837.0,2629.7299,7088.15,15.9,1267.44,0.03362,1376.0,202.1028,173804.0,167191.0,27924.0,0,0,0,0
2018-05-04,1.84,2.95,69.72,1314.5,6783.0,2663.4199,7209.62,14.77,1296.73,0.03365,1384.0,203.2544,179662.0,174032.0,25264.0,0,0,0,0
2018-05-07,1.86,2.95,70.73,1314.21,6783.0,2672.6298,7265.21,14.75,1308.48,0.0336,1384.0,203.6389,185486.0,180214.0,23100.0,0,0,0,0
2018-05-08,1.87,2.97,69.06,1314.63,6722.0,2671.9199,7266.9,14.71,1318.02,0.03358,1432.0,202.089,195461.0,187511.0,29370.0,0,0,0,0
2018-05-09,1.88,3.0,71.14,1312.72,6786.0,2697.79,7339.91,13.42,1336.68,0.03341,1465.0,203.7021,191667.0,182897.0,33858.0,1,1,1,1
2018-05-10,1.9,2.97,71.36,1321.6,6862.0,2723.07,7404.97,13.23,1360.72,0.03348,1453.0,204.5231,192016.0,189822.0,32740.0,1,1,1,1
2018-05-11,1.92,2.97,70.7,1319.3,6869.0,2727.7199,7402.88,12.65,1350.46,0.03359,1472.0,203.559,195264.0,185352.0,40788.0,1,1,1,1
2018-05-14,1.93,3.0,70.96,1313.5,6828.0,2730.1298,7411.32,12.93,1367.5,0.03362,1476.0,203.829,205371.0,188630.0,40106.0,1,1,1,1
2018-05-15,1.92,3.08,71.31,1290.53,6822.5,2711.4499,7351.63,14.63,1351.1,0.0335,1468.0,203.4525,212315.0,193428.0,38436.0,1,1,1,1
2018-05-16,1.92,3.09,71.49,1290.73,6773.5,2722.4599,7398.3,13.42,1370.1,0.03345,1403.0,203.7599,137970.0,111375.0,42464.0,1,1,1,1
2018-05-17,1.92,3.11,71.49,1290.79,6838.0,2720.1298,7382.47,13.43,1364.87,0.03344,1305.0,203.5624,144615.0,120578.0,36955.0,1,1,1,1
2018-05-18,1.91,3.06,71.28,1293.04,6783.5,2712.9699,7354.34,13.42,1345.2,0.03343,1273.0,203.6888,145188.0,125174.0,38194.0,1,1,1,1
2018-05-21,1.93,3.06,72.24,1292.6,6861.0,2733.01,7394.04,13.08,1359.34,0.03334,1239.0,205.691,146620.0,126406.0,41852.0,1,0,1,0
2018-05-22,1.93,3.06,72.13,1291.14,6931.5,2724.4399,7378.46,13.22,1366.97,0.03342,1199.0,206.2007,148589.0,133212.0,37998.0,0,0,1,0
2018-05-23,1.92,3.01,71.84,1293.41,6800.0,2733.29,7425.96,12.58,1373.95,0.03338,1162.0,206.3756,142956.0,118498.0,39400.0,0,0,0,0
2018-05-24,1.91,2.98,70.71,1304.63,6835.0,2727.76,7424.43,12.53,1378.72,0.03341,1109.0,205.6622,149987.0,127750.0,41686.0,0,0,0,0
2018-05-25,1.9,2.93,67.88,1302.25,6886.0,2721.33,7433.85,13.22,1390.84,0.03339,1077.0,203.343,154972.0,129446.0,44997.0,0,0,0,0
2018-05-28,1.9,2.93,67.88,1299.04,6886.0,2721.33,7433.85,13.22,1390.84,0.03341,1077.0,203.343,155873.0,134399.0,43488.0,0,0,0,0
2018-05-29,1.93,2.77,66.73,1298.77,6841.5,2689.8601,7396.59,17.02,1380.92,0.03335,1057.0,201.8164,155426.0,140279.0,42075.0,0,0,0,0
2018-05-30,1.94,2.84,68.21,1301.38,6810.0,2724.01,7462.45,14.94,1389.91,0.03328,1042.0,203.2928,153190.0,138961.0,35407.0,1,1,1,1
2018-05-31,1.93,2.83,67.04,1298.51,6825.0,2705.27,7442.12,15.43,1379.0,0.03336,1090.0,202.841,158621.0,147320.0,39572.0,1,1,1,0
2018-06-01,1.92,2.89,65.81,1293.4,6814.0,2734.6201,7554.33,13.46,1411.31,0.03349,1156.0,201.7099,159222.0,153364.0,44594.0,0,0,0,0
2018-06-04,1.94,2.94,64.75,1292.02,6935.0,2746.8701,7606.46,12.74,1422.67,0.03353,1193.0,198.8622,167288.0,157403.0,48393.0,0,1,1,0
2018-06-05,1.94,2.92,65.52,1296.4,6971.0,2748.8,7637.86,12.4,1428.51,0.03354,1249.0,199.1859,169380.0,159802.0,47717.0,0,1,1,0
2018-06-06,1.95,2.97,64.73,1296.4,7147.0,2772.35,7689.24,11.64,1437.94,0.03363,1340.0,199.0134,164999.0,152741.0,55812.0,0,1,1,0
2018-06-07,1.94,2.93,65.95,1297.18,7245.5,2770.3701,7635.07,12.13,1424.34,0.03362,1395.0,199.4862,168481.0,164921.0,52517.0,0,0,0,0
2018-06-08,1.93,2.93,65.74,1298.17,7262.5,2779.03,7645.51,12.18,1412.29,0.03354,1391.0,200.0384,172768.0,177559.0,50991.0,0,0,0,0
2018-06-11,1.94,2.96,66.1,1300.49,7223.5,2782.0,7659.93,12.35,1408.99,0.03353,1387.0,199.3925,176648.0,193124.0,50405.0,0,1,0,0
2018-06-12,1.92,2.96,66.36,1295.97,7200.5,2786.85,7703.79,12.34,1416.37,0.03349,1390.0,200.1441,179290.0,206827.0,50212.0,0,1,0,0
2018-06-13,1.94,2.98,66.64,1299.31,7201.5,2775.6298,7695.7,12.94,1414.48,0.03346,1404.0,200.091,175215.0,205763.0,49569.0,0,0,0,0
2018-06-14,1.94,2.94,66.89,1302.25,7197.0,2782.4899,7761.04,12.12,1423.12,0.0334,1433.0,199.0083,177377.0,216203.0,43611.0,1,1,0,0
2018-06-15,1.94,2.93,65.06,1278.94,7136.0,2779.6599,7746.38,11.98,1422.04,0.03333,1445.0,196.2369,178314.0,223672.0,44957.0,1,1,1,0
2018-06-19,1.94,2.89,65.07,1274.66,6820.0,2762.59,7725.59,13.35,1391.58,0.03313,1419.0,193.8249,183000.0,232228.0,39189.0,1,1,1,1
2018-06-20,1.94,2.93,66.22,1267.86,6819.0,2767.32,7781.51,12.79,1398.6,0.03315,1373.0,194.9825,80968.0,94753.0,35168.0,1,1,0,0
2018-06-21,1.94,2.9,65.54,1267.19,6801.0,2749.76,7712.95,14.64,1381.01,0.033,1347.0,194.4004,86216.0,101969.0,31277.0,1,0,0,0
2018-06-22,1.93,2.9,68.58,1270.56,6811.0,2754.8798,7692.82,13.77,1371.0,0.033,1341.0,197.5323,88626.0,110717.0,29826.0,1,0,0,0
2018-06-25,1.93,2.87,68.08,1265.64,6783.0,2717.07,7532.01,17.33,1328.04,0.03289,1333.0,195.3448,85392.0,113555.0,29018.0,1,0,0,0
2018-06-26,1.93,2.88,70.53,1259.04,6712.0,2723.06,7561.63,15.92,1333.4,0.03288,1323.0,197.2439,90891.0,122441.0,27416.0,1,0,0,0
2018-06-27,1.93,2.83,72.76,1252.35,6688.0,2699.6298,7445.08,17.91,1300.51,0.03284,1309.0,198.9467,86292.0,117537.0,28462.0,0,0,0,0
2018-06-28,1.93,2.84,73.45,1248.25,6650.0,2716.31,7503.68,16.85,1311.64,0.03269,1329.0,198.8908,91532.0,132441.0,26553.0,0,0,0,0
2018-06-29,1.93,2.85,74.15,1252.6,6646.0,2718.3701,7510.3,16.09,1313.7,0.03279,1385.0,200.3852,99077.0,142612.0,31845.0,0,0,0,0
2018-07-02,1.98,2.87,73.94,1242.04,6595.0,2726.7099,7567.69,15.6,1321.81,0.03276,1422.0,197.4998,103803.0,151722.0,32191.0,1,0,0,0
2018-07-03,1.98,2.83,74.14,1252.73,6584.5,2713.2199,7502.67,16.14,1297.71,0.03269,1476.0,197.4795,107803.0,159170.0,28917.0,0,0,0,0
2018-07-04,1.98,2.83,74.14,1254.99,6459.0,2713.2199,7502.67,16.14,1297.71,0.03279,1567.0,197.4795,100826.0,138420.0,27654.0,0,0,0,0
2018-07-05,1.96,2.84,72.94,1257.91,6399.5,2736.6101,7586.43,14.97,1332.96,0.03274,1612.0,196.2059,103740.0,154590.0,21671.0,0,0,0,0
2018-07-06,1.97,2.82,73.8,1255.48,6326.0,2759.82,7688.39,13.37,1349.19,0.03279,1622.0,198.0523,107664.0,169335.0,24853.0,0,0,0,0
2018-07-09,1.98,2.86,73.85,1257.68,6383.0,2784.1699,7756.2,12.69,1358.03,0.03291,1609.0,198.234,111429.0,168369.0,30409.0,0,0,0,0
2018-07-10,1.99,2.87,74.11,1255.54,6308.0,2793.84,7759.2,12.64,1372.25,0.03289,1555.0,198.2928,113264.0,173297.0,32616.0,0,0,0,0
2018-07-11,1.97,2.85,70.38,1241.96,6182.0,2774.02,7716.61,13.63,1336.71,0.03281,1586.0,192.8327,105331.0,160562.0,29735.0,0,0,0,0
2018-07-12,1.98,2.85,70.33,1247.39,6173.0,2798.29,7823.92,12.58,1346.2,0.03274,1632.0,194.0032,117670.0,183540.0,34952.0,0,0,0,0
2018-07-13,1.98,2.83,71.01,1244.32,6166.0,2801.31,7825.98,12.18,1340.83,0.03273,1666.0,193.7279,120783.0,187733.0,34736.0,0,0,0,0
2018-07-16,2.01,2.85,68.06,1240.93,6143.0,2798.4299,7805.72,12.83,1339.24,0.03271,1695.0,191.1726,125666.0,192951.0,35064.0,0,0,0,0
2018-07-17,2.02,2.86,68.08,1227.54,6141.5,2809.55,7855.12,12.06,1358.99,0.03277,1721.0,191.0937,124137.0,197370.0,33205.0,0,0,0,0
2018-07-18,2.0,2.88,68.76,1227.51,6068.0,2815.6201,7854.44,12.1,1369.46,0.0327,1688.0,191.4713,83339.0,92322.0,37039.0,0,0,0,0
2018-07-19,2.0,2.84,69.46,1222.97,5982.0,2804.4899,7825.3,12.87,1365.82,0.03265,1657.0,191.4151,94433.0,106202.0,38934.0,0,0,0,0
2018-07-20,1.99,2.89,70.46,1229.53,6073.0,2801.83,7820.2,12.86,1359.19,0.03256,1689.0,192.6214,99851.0,106522.0,44452.0,0,0,0,0
2018-07-23,1.99,2.96,67.89,1224.5,6153.0,2806.9799,7841.87,12.62,1361.38,0.03263,1718.0,192.4859,102099.0,107913.0,44600.0,0,0,0,0
2018-07-24,2.02,2.95,68.52,1224.52,6167.0,2820.3999,7840.77,12.41,1346.58,0.03255,1774.0,193.189,105806.0,115137.0,42056.0,0,0,0,0
2018-07-25,2.01,2.94,69.3,1231.63,6252.0,2846.07,7932.24,12.29,1353.15,0.03265,1772.0,194.6554,103112.0,107248.0,44775.0,0,0,0,0
2018-07-26,1.99,2.98,69.61,1222.69,6255.0,2837.4399,7852.18,12.14,1378.42,0.03271,1708.0,194.9922,106598.0,110552.0,46895.0,0,0,0,0
2018-07-27,2.0,2.96,68.69,1224.22,6251.5,2818.82,7737.42,13.03,1372.24,0.03269,1676.0,194.1568,114033.0,115868.0,52586.0,0,0,0,0
2018-07-30,2.04,2.98,70.13,1221.45,6185.0,2802.6,7630.0,14.26,1358.56,0.03267,1703.0,195.7539,116390.0,120620.0,51996.0,0,0,0,0
2018-07-31,2.03,2.96,68.76,1224.15,6213.0,2816.29,7671.79,12.83,1367.47,0.03266,1747.0,194.5304,116592.0,125003.0,53812.0,0,0,0,0
2018-08-01,2.03,3.0,67.66,1215.96,6137.0,2813.3601,7707.29,13.15,1365.11,0.03266,1760.0,191.6413,114654.0,126832.0,54707.0,0,0,1,0
2018-08-02,2.02,2.98,68.96,1207.83,6063.0,2827.2199,7802.69,12.19,1378.83,0.03259,1756.0,192.6507,120745.0,146095.0,53918.0,0,0,1,1
2018-08-03,2.01,2.95,68.49,1214.9,6167.0,2840.35,7812.01,11.64,1381.64,0.03257,1773.0,193.2345,131653.0,157251.0,57828.0,0,0,1,1
2018-08-06,2.05,2.94,69.01,1207.64,6040.0,2850.3999,7859.68,11.27,1389.22,0.03265,1773.0,193.9301,134156.0,164601.0,56455.0,0,0,1,1
2018-08-07,2.06,2.98,69.17,1210.97,6132.0,2858.4499,7883.66,10.93,1400.0,0.03266,1732.0,194.4948,138349.0,163898.0,56712.0,0,0,1,1
2018-08-08,2.06,2.96,66.94,1213.88,6113.0,2857.6999,7888.33,10.85,1403.77,0.03266,1704.0,193.0387,134016.0,159755.0,59923.0,0,0,1,1
2018-08-09,2.06,2.93,66.81,1212.47,6247.0,2853.58,7891.78,11.27,1389.06,0.03265,1694.0,192.4284,132999.0,170147.0,58302.0,0,0,1,1
2018-08-10,2.05,2.87,67.63,1210.57,6120.0,2833.28,7839.11,13.16,1354.8,0.03256,1691.0,191.6946,140134.0,175266.0,55837.0,0,0,1,1
2018-08-13,2.06,2.88,67.2,1193.5,6081.0,2821.9299,7819.71,14.78,1356.75,0.03245,1709.0,190.2989,148647.0,190104.0,45108.0,0,1,1,1
2018-08-14,2.08,2.89,67.04,1194.09,6059.0,2839.9599,7870.89,13.31,1354.19,0.03246,1725.0,190.4362,145078.0,190434.0,44533.0,1,1,1,1
2018-08-15,2.07,2.86,65.01,1174.85,5843.0,2818.3701,7774.12,14.64,1334.86,0.03241,1727.0,186.9479,95369.0,104568.0,34381.0,1,1,1,1
2018-08-16,2.07,2.87,65.46,1174.16,5860.0,2840.6899,7806.52,13.45,1333.09,0.03242,1720.0,188.3775,101301.0,122930.0,35395.0,1,1,1,1
2018-08-17,2.05,2.87,65.91,1184.25,5844.0,2850.1298,7816.33,12.64,1323.41,0.03247,1723.0,188.7395,106501.0,131121.0,32186.0,1,1,1,1
2018-08-20,2.06,2.82,66.43,1190.48,5963.0,2857.05,7821.01,12.49,1322.1,0.03251,1727.0,189.1136,108005.0,132033.0,34940.0,1,1,1,1
2018-08-21,2.08,2.85,67.35,1195.99,6025.5,2862.9599,7859.17,12.86,1348.28,0.03254,1736.0,190.0079,109252.0,136574.0,35310.0,1,1,1,1
2018-08-22,2.09,2.82,67.86,1195.8,6000.0,2861.82,7889.1,12.25,1354.53,0.03254,1735.0,191.12,114798.0,118230.0,36682.0,1,1,1,1
2018-08-23,2.08,2.82,67.83,1185.56,5910.5,2856.9799,7878.46,12.41,1356.13,0.03248,1709.0,190.4977,120791.0,124430.0,39149.0,1,1,1,1
2018-08-24,2.09,2.82,68.72,1205.35,6001.0,2874.6899,7945.98,11.99,1375.88,0.03249,1697.0,192.0795,120682.0,130540.0,31988.0,0,1,0,0
2018-08-27,2.12,2.85,68.87,1211.38,6001.0,2896.7399,8017.9,12.16,1397.46,0.0325,1697.0,192.8674,122606.0,136428.0,37034.0,0,1,0,0
2018-08-28,2.13,2.88,68.53,1201.0,6118.0,2897.52,8030.04,12.5,1402.95,0.03255,1684.0,191.7121,125574.0,137883.0,41313.0,0,0,0,0
2018-08-29,2.13,2.89,69.51,1206.6,6065.0,2914.04,8109.69,12.25,1406.38,0.03257,1661.0,192.957,133450.0,129184.0,48299.0,1,1,1,1
2018-08-30,2.11,2.86,70.25,1199.98,6066.5,2901.1298,8088.36,13.53,1393.17,0.03256,1614.0,192.8049,141896.0,144961.0,53587.0,0,1,0,0
2018-08-31,2.11,2.86,69.8,1201.15,6019.0,2901.52,8109.54,12.86,1401.2,0.03254,1579.0,192.955,145771.0,156190.0,46483.0,0,0,0,0
2018-09-03,2.11,2.86,69.8,1201.27,5951.0,2901.52,8109.54,12.86,1401.2,0.03256,1557.0,192.955,153110.0,170954.0,46922.0,0,1,0,0
2018-09-04,2.13,2.9,69.87,1191.52,5823.0,2896.7199,8091.25,13.16,1410.93,0.0325,1513.0,192.124,155748.0,174101.0,46513.0,1,1,0,0
2018-09-05,2.14,2.9,68.72,1196.73,5850.0,2888.6,7995.17,13.91,1403.82,0.03246,1477.0,191.0132,157121.0,160796.0,47029.0,1,1,1,1
2018-09-06,2.13,2.88,67.77,1199.98,5940.0,2878.05,7922.73,14.65,1366.35,0.03247,1484.0,189.7832,161292.0,172763.0,47569.0,1,1,1,1
2018-09-07,2.14,2.94,67.75,1196.93,5883.0,2871.6799,7902.54,14.88,1360.77,0.03249,1490.0,190.3574,164070.0,186646.0,46326.0,1,1,0,0
2018-09-10,2.14,2.94,67.54,1195.88,5840.5,2877.1298,7924.16,14.16,1375.74,0.03244,1482.0,191.0193,168223.0,198088.0,33834.0,1,0,0,0
2018-09-11,2.15,2.98,69.25,1198.59,5849.0,2887.8898,7972.47,13.22,1361.89,0.03245,1439.0,191.6674,169071.0,205471.0,28729.0,1,0,0,0
2018-09-12,2.16,2.97,70.37,1206.24,5891.0,2888.9199,7954.23,13.14,1346.02,0.03244,1411.0,193.3591,160787.0,199398.0,25207.0,0,0,0,0
2018-09-13,2.15,2.97,68.59,1201.47,5991.0,2904.1799,8013.71,12.37,1362.2,0.03246,1382.0,191.4064,164350.0,208939.0,20618.0,0,0,0,0
2018-09-14,2.16,2.99,68.99,1194.85,5946.5,2904.9799,8010.04,12.07,1377.31,0.03251,1366.0,190.4837,168078.0,207496.0,32438.0,0,0,0,0
2018-09-17,2.16,2.99,68.91,1201.46,5860.0,2888.8,7895.79,13.68,1357.48,0.03246,1357.0,189.6427,170396.0,217272.0,22706.0,0,0,0,0
2018-09-18,2.17,3.05,69.85,1198.36,6003.0,2904.31,7956.11,12.79,1368.87,0.03245,1356.0,190.5617,178041.0,224243.0,24628.0,0,0,0,0
2018-09-19,2.16,3.08,71.12,1204.04,6057.0,2907.9499,7950.04,11.75,1371.68,0.03247,1373.0,191.767,64827.0,57195.0,28886.0,0,0,0,0
2018-09-20,2.17,3.07,70.8,1207.18,6057.0,2930.75,8028.23,11.8,1387.67,0.03247,1396.0,192.7065,70716.0,70244.0,22549.0,0,0,0,0
2018-09-21,2.18,3.07,70.78,1200.04,6203.0,2929.6699,7986.96,11.68,1383.09,0.03256,1413.0,193.9761,79093.0,73005.0,28762.0,0,0,0,0
2018-09-25,2.21,3.1,72.28,1201.22,6276.0,2915.56,8007.47,12.42,1364.82,0.0326,1450.0,195.1227,89972.0,76500.0,32340.0,0,0,0,0
2018-09-26,2.2,3.06,71.57,1194.44,6257.5,2905.9699,7990.37,12.89,1351.85,0.03258,1503.0,193.9743,88402.0,69100.0,31287.0,0,0,0,0
2018-09-27,2.18,3.06,72.12,1182.83,6222.0,2914.0,8041.97,12.41,1357.87,0.03268,1524.0,194.1739,102294.0,79694.0,37339.0,0,0,0,0
2018-09-28,2.19,3.05,73.25,1190.88,6180.0,2913.9799,8046.35,12.12,1366.74,0.03273,1540.0,195.1592,106106.0,88930.0,31973.0,0,0,0,0
2018-10-01,2.23,3.09,75.3,1188.99,6172.0,2924.59,8037.3,12.0,1370.44,0.03273,1555.0,197.7873,110594.0,95343.0,36360.0,0,0,0,0
2018-10-02,2.23,3.05,75.23,1203.32,6274.0,2923.4299,7999.55,12.05,1370.87,0.03261,1570.0,199.9694,112954.0,104157.0,21747.0,0,0,0,0
2018-10-03,2.23,3.15,76.41,1197.35,6275.0,2925.51,8025.09,11.61,1372.4,0.03261,1574.0,201.2288,114881.0,98270.0,26888.0,0,0,0,0
2018-10-04,2.22,3.19,74.33,1199.92,6310.0,2901.6101,7879.51,14.22,1347.16,0.03248,1554.0,198.7873,116996.0,114324.0,9220.0,0,0,0,0
2018-10-05,2.23,3.23,74.34,1203.63,6182.5,2885.57,7788.45,14.82,1315.84,0.03243,1536.0,199.0382,131131.0,142367.0,7709.0,0,0,0,0
2018-10-08,2.23,3.23,74.29,1188.08,6169.0,2884.4299,7735.95,15.69,1301.0,0.03234,1530.0,199.7597,139540.0,158857.0,6769.0,0,0,0,0
2018-10-09,2.25,3.21,74.96,1189.77,6219.0,2880.34,7738.02,15.95,1300.15,0.03229,1503.0,200.3717,148062.0,168182.0,6248.0,0,0,0,0
2018-10-11,2.27,3.14,70.97,1224.09,6155.0,2728.3701,7329.06,24.98,1229.36,0.03215,1515.0,196.6298,168576.0,197320.0,16702.0,0,1,1,1
2018-10-12,2.28,3.15,71.34,1217.05,6325.0,2767.1298,7496.89,21.31,1253.58,0.03235,1579.0,197.9412,194674.0,214019.0,26347.0,0,0,1,1
2018-10-15,2.31,3.16,71.78,1227.06,6296.0,2750.79,7430.74,21.3,1241.82,0.03232,1584.0,199.7395,199581.0,226730.0,26506.0,1,1,1,1
2018-10-16,2.3,3.16,71.92,1224.95,6202.0,2809.9199,7645.49,17.62,1282.95,0.03234,1578.0,199.7208,209123.0,240793.0,27361.0,1,1,1,1
2018-10-17,2.31,3.19,69.75,1222.29,6249.0,2809.2099,7642.7,17.4,1277.31,0.03241,1554.0,198.8967,102514.0,101086.0,31951.0,1,1,1,1
2018-10-18,2.32,3.17,68.65,1225.81,6147.0,2768.78,7485.14,20.06,1245.3,0.03228,1565.0,196.6346,108507.0,115424.0,30426.0,1,1,1,1
2018-10-19,2.31,3.2,69.12,1226.49,6191.5,2767.78,7449.03,19.89,1225.94,0.03228,1576.0,197.1761,113123.0,127890.0,34216.0,1,1,1,1
2018-10-22,2.34,3.2,69.17,1222.1,6284.0,2755.8798,7468.63,19.64,1234.2,0.03234,1579.0,197.2502,120365.0,140907.0,27930.0,0,1,1,1
2018-10-23,2.33,3.17,66.43,1230.3,6167.5,2740.6899,7437.54,20.71,1227.61,0.03227,1577.0,194.9694,133236.0,150510.0,28555.0,0,1,1,1
2018-10-24,2.34,3.1,66.82,1233.79,6215.0,2656.1,7108.4,25.23,1146.41,0.03231,1546.0,194.4667,129933.0,140667.0,31053.0,0,0,0,0
2018-10-25,2.34,3.14,67.33,1232.17,6210.0,2705.57,7318.34,24.22,1173.21,0.03226,1516.0,194.7904,144092.0,145228.0,37646.0,0,0,0,0
2018-10-26,2.33,3.08,67.59,1233.53,6159.0,2658.6899,7167.21,24.16,1153.0,0.03225,1519.0,195.506,155175.0,157854.0,38403.0,1,1,1,1
2018-10-29,2.34,3.08,67.04,1229.42,6260.0,2641.25,7050.29,24.7,1140.15,0.03226,1522.0,193.4213,155862.0,158695.0,40296.0,0,1,1,0
2018-10-30,2.33,3.12,66.18,1222.93,6136.0,2682.6298,7161.65,23.35,1187.57,0.03227,1513.0,191.7583,159135.0,163333.0,39332.0,0,0,0,0
2018-10-31,2.34,3.15,65.31,1214.76,6073.0,2711.7399,7305.9,21.23,1202.3,0.03229,1490.0,190.9659,152282.0,149784.0,36210.0,0,0,0,0
2018-11-01,2.32,3.14,63.69,1233.43,6070.0,2740.3701,7434.06,19.34,1258.08,0.03234,1470.0,191.6409,169593.0,151992.0,33689.0,0,1,0,0
2018-11-02,2.33,3.22,63.14,1232.89,6255.0,2723.06,7356.99,19.51,1239.16,0.03253,1457.0,192.3017,180374.0,156569.0,37977.0,1,1,1,1
2018-11-05,2.36,3.2,63.1,1231.49,6239.0,2738.31,7328.85,19.96,1228.6,0.0325,1428.0,192.5784,185269.0,166174.0,32727.0,1,1,1,1
2018-11-06,2.35,3.22,62.21,1227.19,6205.0,2755.4499,7375.96,19.91,1242.63,0.03249,1395.0,191.2101,195383.0,177842.0,31926.0,1,1,1,1
2018-11-07,2.37,3.22,61.67,1226.49,6210.0,2813.8898,7570.75,16.36,1257.47,0.03251,1304.0,191.3402,179499.0,153376.0,35658.0,1,1,0,0
2018-11-08,2.35,3.24,60.67,1224.0,6137.0,2806.83,7530.88,16.72,1252.23,0.03257,1231.0,189.7113,189612.0,161961.0,36329.0,1,1,0,0
2018-11-09,2.36,3.19,60.19,1209.65,6088.0,2781.01,7406.9,17.36,1229.05,0.03245,1147.0,188.451,198653.0,169780.0,32711.0,1,0,0,0
2018-11-12,2.36,3.19,59.93,1200.37,6083.5,2726.2199,7200.87,20.45,1174.49,0.03238,1125.0,187.9903,204317.0,171515.0,37805.0,1,0,0,0
2018-11-13,2.38,3.14,55.69,1202.23,6130.0,2722.1799,7200.87,20.02,1190.37,0.03236,1064.0,184.5372,216229.0,178000.0,40143.0,1,0,0,0
2018-11-14,2.38,3.12,56.25,1210.88,6106.0,2701.58,7136.39,21.25,1194.71,0.03233,1009.0,188.0564,209070.0,167410.0,40997.0,0,0,0,0
2018-11-15,2.37,3.11,56.46,1213.36,6188.0,2730.1999,7259.03,19.98,1234.62,0.03242,1020.0,185.5385,218062.0,174158.0,41665.0,1,0,0,0
2018-11-16,2.36,3.08,56.46,1223.36,6181.0,2736.27,7247.87,18.14,1220.14,0.03238,1031.0,187.2971,219295.0,179609.0,37120.0,0,0,0,0
2018-11-19,2.38,3.06,56.76,1224.17,6260.0,2690.7299,7028.48,20.1,1173.01,0.03236,1023.0,188.7589,225629.0,184801.0,38994.0,0,0,0,0
2018-11-20,2.39,3.06,53.43,1221.66,6262.0,2641.8898,6908.82,22.48,1174.82,0.03235,1003.0,183.7848,226420.0,186159.0,39327.0,0,0,0,0
2018-11-21,2.41,3.06,54.63,1226.04,6242.0,2649.9299,6972.25,20.8,1179.73,0.03235,1008.0,185.0005,121000.0,82691.0,41634.0,0,0,0,0
2018-11-22,2.41,3.06,54.63,1228.64,6246.0,2649.9299,6972.25,20.8,1179.73,0.03237,1018.0,185.0005,127103.0,87345.0,40534.0,0,0,0,0
2018-11-23,2.41,3.05,50.42,1223.05,6210.0,2632.56,6938.98,21.52,1179.24,0.03236,1093.0,179.6018,135785.0,95357.0,40255.0,0,0,0,0
2018-11-26,2.41,3.07,51.63,1222.4,6246.0,2673.4499,7081.85,18.9,1201.72,0.03238,1217.0,180.2984,142077.0,98013.0,43648.0,0,0,0,0
2018-11-27,2.41,3.06,51.56,1215.05,6169.5,2682.1699,7082.7,19.02,1204.08,0.03236,1339.0,179.9214,143834.0,104249.0,36348.0,0,0,0,0
2018-11-28,2.4,3.06,50.29,1221.23,6198.0,2743.79,7291.59,18.49,1231.45,0.03235,1330.0,181.2213,132716.0,87634.0,42363.0,0,0,0,0
2018-11-29,2.37,3.03,51.45,1224.21,6282.0,2737.8,7273.08,18.79,1221.43,0.03243,1281.0,182.313,142769.0,101015.0,41089.0,0,0,0,0
2018-11-30,2.37,3.01,50.93,1220.52,6238.0,2760.1699,7330.54,18.07,1239.6,0.03241,1231.0,181.7376,147293.0,107792.0,36739.0,0,0,0,0
2018-12-03,2.38,2.98,52.95,1230.67,6307.0,2790.3701,7441.51,16.44,1272.74,0.03252,1203.0,183.5069,158484.0,116519.0,40176.0,0,0,0,0
2018-12-04,2.42,2.91,53.25,1238.54,6278.0,2700.06,7158.43,20.74,1209.35,0.03257,1237.0,184.1379,152357.0,118232.0,35826.0,0,0,0,0
2018-12-05,2.42,2.91,52.89,1237.29,6162.0,2700.06,7158.43,20.74,1209.35,0.03246,1296.0,183.7524,145028.0,111797.0,35888.0,0,0,0,0
2018-12-06,2.41,2.87,51.49,1237.78,6112.0,2695.9499,7188.26,21.19,1202.83,0.03241,1339.0,181.3031,153555.0,127868.0,31173.0,1,1,1,1
2018-12-07,2.4,2.85,52.61,1249.31,6173.0,2633.08,6969.25,23.23,1157.86,0.03242,1372.0,184.1516,165337.0,136002.0,36649.0,0,0,0,0
2018-12-10,2.41,2.85,51.0,1244.46,6112.0,2637.7199,7020.52,22.64,1174.19,0.03239,1385.0,181.6468,184715.0,146029.0,36576.0,0,0,0,0
2018-12-11,2.41,2.89,51.65,1243.25,6163.0,2636.78,7031.83,21.76,1181.48,0.03237,1364.0,181.8015,190304.0,149055.0,35134.0,0,0,0,0
2018-12-12,2.43,2.91,51.15,1245.66,6151.0,2651.07,7098.31,21.46,1198.9,0.03238,1353.0,181.2,173691.0,137070.0,38862.0,0,0,0,0
2018-12-13,2.43,2.91,52.58,1241.99,6196.0,2650.54,7070.33,20.65,1194.59,0.03241,1365.0,183.0278,175509.0,145153.0,41084.0,0,0,0,0
2018-12-14,2.42,2.89,51.2,1239.02,6104.0,2599.9499,6910.66,21.63,1177.57,0.0324,1401.0,180.3124,177837.0,148766.0,36484.0,0,0,0,0
2018-12-17,2.4,2.86,49.88,1245.85,6095.5,2545.9399,6753.73,24.52,1162.46,0.03239,1406.0,177.9163,182149.0,151970.0,40702.0,0,0,0,0
2018-12-18,2.39,2.82,46.24,1249.42,6043.0,2546.1599,6783.91,25.58,1177.36,0.03239,1395.0,174.4198,180670.0,152425.0,39202.0,1,1,0,0
2018-12-19,2.4,2.77,47.2,1243.08,5987.0,2506.9599,6636.83,25.58,1127.44,0.03245,1378.0,176.2122,92933.0,64342.0,42433.0,0,0,0,0
2018-12-20,2.39,2.79,45.88,1259.86,6015.0,2467.4199,6528.41,28.38,1117.74,0.03242,1318.0,172.6669,106679.0,76529.0,40623.0,0,0,0,0
2018-12-21,2.39,2.79,45.59,1256.94,5987.0,2416.6201,6332.99,30.11,1101.29,0.03247,1279.0,172.1321,110019.0,83223.0,39413.0,1,1,0,0
2018-12-22,2.39,2.79,45.59,1256.94,5987.0,2416.6201,6332.99,30.11,1101.29,0.03244,1279.0,172.1321,109796.0,83635.0,36362.0,1,1,0,0
2018-12-24,2.45,2.74,42.53,1269.22,5931.5,2351.1,6192.92,36.07,1069.39,0.03243,1271.0,168.3561,115758.0,88886.0,35689.0,0,0,0,0
2018-12-25,2.45,2.74,42.53,1268.54,5931.5,2351.1,6192.92,36.07,1069.39,0.03246,1279.0,168.3561,122583.0,96659.0,35110.0,1,1,0,0
2018-12-26,2.44,2.81,46.22,1267.14,5931.5,2467.6999,6554.36,30.41,1131.1,0.03245,1271.0,172.9398,114164.0,89432.0,39145.0,1,1,0,0
2018-12-27,2.41,2.77,44.61,1275.71,5990.0,2488.83,6579.49,29.96,1139.49,0.03247,1271.0,170.486,121429.0,105660.0,46082.0,1,1,0,0
2018-12-28,2.4,2.72,45.33,1280.71,6018.0,2485.7399,6584.52,28.34,1147.37,0.03254,1271.0,170.9661,128850.0,120032.0,47024.0,0,0,0,0
2019-01-02,2.42,2.66,46.54,1284.59,5839.0,2510.03,6665.94,23.22,1165.3,0.03247,1282.0,170.3895,122192.0,103484.0,35769.0,1,0,0,0
2019-01-03,2.41,2.56,47.09,1294.28,5811.0,2447.8898,6463.5,25.45,1096.03,0.03238,1267.0,171.5521,134820.0,114026.0,33251.0,1,0,0,0
2019-01-04,2.42,2.67,47.96,1286.05,5840.0,2531.9399,6738.86,21.38,1143.96,0.0324,1260.0,173.3547,140888.0,117073.0,29651.0,1,0,0,0
2019-01-07,2.45,2.7,48.52,1289.21,5889.5,2549.6899,6823.47,21.4,1166.24,0.03245,1247.0,174.635,146176.0,124471.0,37763.0,0,0,0,0
2019-01-08,2.46,2.73,49.78,1285.39,5904.5,2574.4099,6897.0,20.47,1160.55,0.03243,1262.0,175.9646,155005.0,132165.0,35575.0,0,0,0,0
2019-01-09,2.45,2.74,52.36,1293.56,5964.0,2584.9599,6957.08,19.98,1189.84,0.03247,1238.0,179.0435,155979.0,128177.0,44806.0,0,0,0,0
2019-01-10,2.43,2.74,52.59,1286.65,5908.5,2596.6398,6986.07,19.5,1201.4,0.03249,1189.0,178.6012,171645.0,145366.0,47243.0,0,0,0,0
2019-01-11,2.43,2.71,51.59,1290.25,5926.5,2596.26,6971.48,18.19,1213.04,0.03247,1169.0,178.0801,182076.0,153034.0,49362.0,0,0,0,0
2019-01-14,2.45,2.71,50.51,1291.72,5861.0,2582.6101,6905.92,19.07,1194.28,0.03241,1147.0,177.7918,189302.0,164990.0,44138.0,0,0,0,0
2019-01-15,2.45,2.72,52.11,1289.51,5882.0,2610.3,7023.83,18.6,1197.03,0.03245,1096.0,178.9775,194254.0,173561.0,52955.0,0,0,0,0
2019-01-16,2.43,2.73,52.31,1293.67,5911.0,2616.1,7034.69,19.04,1187.19,0.03243,1055.0,179.6402,124497.0,94647.0,48317.0,0,0,0,0
2019-01-17,2.42,2.75,52.07,1292.05,5933.0,2635.9599,7084.46,18.06,1200.76,0.03241,1077.0,179.7566,147710.0,106608.0,52387.0,0,0,0,0
2019-01-18,2.41,2.79,53.8,1282.11,6022.0,2670.7099,7157.23,17.8,1228.33,0.03242,1112.0,182.2137,152601.0,109414.0,52332.0,0,0,0,0
2019-01-21,2.41,2.79,53.8,1280.47,5951.5,2670.7099,7157.23,17.8,1228.33,0.03241,1092.0,182.2137,163379.0,117948.0,53296.0,0,0,0,0
2019-01-22,2.43,2.74,52.57,1285.22,5926.5,2632.8999,7020.36,20.8,1193.36,0.03237,1036.0,178.99,166614.0,122627.0,54016.0,0,0,0,1
2019-01-23,2.41,2.76,52.62,1282.72,5920.5,2638.6999,7025.77,19.52,1185.95,0.03237,982.0,178.6572,158047.0,113314.0,48254.0,0,0,0,1
2019-01-24,2.37,2.72,53.13,1281.21,5885.0,2642.33,7073.46,18.89,1253.91,0.03238,939.0,179.2358,165283.0,120594.0,51696.0,0,0,0,1
2019-01-25,2.39,2.76,53.69,1305.25,5901.0,2664.76,7164.86,17.42,1281.16,0.03244,905.0,180.6782,186200.0,131004.0,61112.0,0,0,0,1
2019-01-28,2.42,2.75,51.99,1303.36,5996.0,2643.85,7085.68,18.87,1254.4,0.03248,852.0,177.4733,191228.0,132387.0,58986.0,0,0,0,1
2019-01-29,2.42,2.72,53.31,1311.79,6007.0,2640.0,7028.29,19.13,1236.25,0.03246,797.0,179.1769,194495.0,145149.0,52207.0,0,0,1,1
2019-01-30,2.42,2.7,54.23,1319.91,6077.0,2681.05,7183.08,17.66,1271.76,0.03249,721.0,180.1123,180123.0,137827.0,50420.0,0,0,1,1
2019-02-11,2.45,2.65,52.41,1308.12,6148.0,2709.8,7307.9,15.97,1308.88,0.03246,595.0,177.1146,189422.0,141929.0,52906.0,0,0,0,1
2019-02-12,2.43,2.68,53.1,1310.8,6102.0,2744.7299,7414.62,15.43,1336.72,0.03243,598.0,178.2077,201330.0,155168.0,57992.0,0,0,1,1
2019-02-13,2.44,2.71,53.9,1306.27,6120.0,2753.03,7420.38,15.65,1340.71,0.03243,606.0,178.7155,199229.0,156438.0,52781.0,1,1,1,1
2019-02-14,2.43,2.66,54.41,1312.57,6178.5,2745.7299,7426.95,16.22,1344.11,0.03243,628.0,178.721,204901.0,163769.0,56449.0,1,1,1,1
2019-02-15,2.43,2.66,55.59,1322.49,6190.0,2775.6,7472.41,14.91,1351.18,0.03241,639.0,181.3293,217801.0,182744.0,57066.0,1,1,1,1
2019-02-18,2.43,2.66,55.59,1326.89,6269.5,2775.6,7472.41,14.91,1351.18,0.03242,643.0,181.3293,236017.0,190251.0,58788.0,0,0,1,1
2019-02-19,2.45,2.65,56.09,1340.94,6246.5,2779.76,7486.77,14.88,1348.49,0.03242,635.0,182.2387,242812.0,202091.0,59821.0,0,1,1,1
2019-02-20,2.45,2.65,56.92,1338.44,6351.5,2784.6999,7489.07,14.02,1360.28,0.03244,622.0,183.2686,161846.0,103652.0,65347.0,0,0,1,1
2019-02-21,2.45,2.69,56.96,1323.63,6391.0,2774.8798,7459.71,14.46,1350.25,0.03244,630.0,183.4093,175830.0,122183.0,65794.0,0,1,1,1
2019-02-22,2.46,2.65,57.26,1329.4,6489.0,2792.6699,7527.54,13.51,1364.78,0.03244,634.0,184.0604,188502.0,136976.0,60075.0,0,1,1,1
2019-02-25,2.47,2.67,55.48,1327.58,6546.0,2796.1101,7554.4599,14.85,1375.95,0.03247,637.0,181.7499,202077.0,139403.0,59388.0,0,0,1,1
2019-02-26,2.45,2.64,55.5,1328.96,6471.0,2793.8999,7549.3,15.17,1366.58,0.03249,649.0,181.4024,211018.0,139055.0,60384.0,0,1,1,1
2019-02-27,2.45,2.69,56.94,1319.86,6533.0,2792.3798,7554.51,14.7,1349.87,0.03249,651.0,183.2262,195106.0,116565.0,59961.0,0,0,1,1
2019-03-04,2.46,2.72,56.59,1286.74,6420.0,2792.81,7577.57,14.63,1363.25,0.03244,669.0,181.0949,202129.0,145907.0,51587.0,0,1,1,1
2019-03-05,2.46,2.72,56.56,1288.01,6553.5,2789.6499,7576.36,14.74,1356.9,0.03242,663.0,181.8959,208392.0,147430.0,53212.0,0,1,1,1
2019-03-06,2.47,2.69,56.22,1286.36,6505.0,2771.4499,7505.92,15.74,1333.82,0.03241,664.0,181.2298,204369.0,135666.0,58217.0,0,1,1,1
2019-03-07,2.45,2.64,56.66,1285.61,6458.0,2748.9299,7421.46,16.59,1319.09,0.03239,657.0,180.8708,217420.0,159013.0,58793.0,0,1,1,1
2019-03-08,2.46,2.62,56.07,1298.3,6398.5,2743.07,7408.14,16.05,1318.21,0.03236,649.0,180.6718,234101.0,176344.0,56200.0,1,1,1,1
2019-03-11,2.46,2.64,56.79,1293.35,6435.0,2783.3,7558.06,14.33,1349.88,0.03235,645.0,180.4978,239098.0,179591.0,55108.0,1,1,1,1
2019-03-12,2.46,2.61,56.87,1301.58,6510.0,2791.52,7591.03,13.77,1355.12,0.03236,647.0,181.307,249306.0,181620.0,56571.0,1,1,1,1
2019-03-13,2.45,2.61,58.26,1309.12,6501.5,2810.9199,7643.41,13.41,1360.77,0.03235,654.0,183.4105,226526.0,164253.0,57376.0,1,1,1,1
2019-03-14,2.45,2.63,58.61,1296.17,6409.0,2808.4799,7630.91,13.5,1353.06,0.03236,677.0,183.3873,235082.0,177319.0,51366.0,1,1,1,1
2019-03-15,2.45,2.59,58.52,1302.4,6410.0,2822.4799,7688.53,12.88,1392.36,0.03238,730.0,183.8662,254120.0,191860.0,55853.0,1,1,1,1
2019-03-18,2.44,2.6,59.09,1303.71,6492.0,2832.9399,7714.48,13.1,1388.77,0.03243,721.0,184.8573,262789.0,197054.0,56074.0,1,1,1,1
2019-03-19,2.46,2.61,59.03,1306.56,6500.0,2832.57,7723.95,13.56,1407.35,0.03243,712.0,185.2356,273303.0,204838.0,57383.0,1,1,1,1
2019-03-20,2.48,2.54,59.83,1312.53,6487.0,2824.2299,7728.97,13.91,1393.01,0.03243,709.0,185.6023,133659.0,76494.0,56702.0,0,1,1,1
2019-03-21,2.49,2.54,59.98,1309.36,6520.0,2854.8798,7838.96,13.63,1441.83,0.03245,695.0,185.3737,153259.0,84513.0,63502.0,0,0,1,1
2019-03-22,2.46,2.44,59.04,1313.68,6375.0,2800.7099,7642.67,16.48,1400.37,0.03246,690.0,184.1548,166718.0,86020.0,59221.0,0,1,1,1
2019-03-25,2.46,2.43,58.82,1321.9,6328.0,2798.3601,7637.54,16.33,1382.75,0.03244,689.0,184.3071,174039.0,115053.0,57418.0,0,1,1,1
2019-03-26,2.46,2.41,59.94,1315.71,6361.0,2818.4599,7691.52,14.68,1396.75,0.03243,683.0,185.229,185325.0,118632.0,58799.0,1,1,1,1
2019-03-27,2.44,2.39,59.41,1309.55,6338.5,2805.3701,7643.38,15.15,1376.48,0.03241,690.0,183.9441,173800.0,102355.0,56391.0,1,1,1,1
2019-03-28,2.43,2.39,59.3,1290.42,6385.0,2815.4399,7669.17,14.43,1373.8,0.03241,692.0,183.3269,185123.0,116588.0,60901.0,0,1,1,1
2019-03-29,2.4,2.41,60.14,1292.38,6485.0,2834.3999,7729.32,13.71,1395.51,0.03244,689.0,183.7511,221845.0,145720.0,57846.0,0,0,1,1
2019-04-01,2.43,2.49,61.59,1287.72,6498.0,2867.1899,7828.91,13.4,1430.24,0.03247,685.0,185.4586,247515.0,150700.0,58766.0,1,1,1,1
2019-04-02,2.42,2.48,62.58,1292.46,6431.0,2867.2399,7848.69,13.36,1431.63,0.03242,674.0,186.373,257708.0,153692.0,60207.0,1,1,1,1
2019-04-03,2.44,2.52,62.46,1289.93,6483.0,2873.3999,7895.55,13.74,1464.19,0.03245,672.0,186.8511,240500.0,140847.0,59733.0,1,1,1,1
2019-04-08,2.43,2.52,64.4,1297.48,6432.5,2895.77,7953.88,13.18,1481.38,0.03242,714.0,188.7049,264192.0,155979.0,62779.0,1,1,1,1
2019-04-09,2.42,2.51,63.98,1304.1,6498.0,2878.1999,7909.28,14.28,1464.52,0.03242,725.0,188.5636,264316.0,155661.0,67126.0,1,1,1,1
2019-04-10,2.43,2.48,64.61,1307.99,6447.0,2888.2099,7964.24,13.3,1477.16,0.03242,734.0,189.6645,251616.0,151857.0,64114.0,1,1,1,1
2019-04-11,2.43,2.51,63.58,1292.52,6432.5,2888.32,7947.36,13.02,1476.07,0.0324,728.0,187.3252,259552.0,167443.0,62890.0,1,1,1,1
2019-04-12,2.44,2.56,63.89,1290.43,6490.0,2907.4099,7984.16,12.01,1497.12,0.03238,726.0,188.3636,269173.0,172583.0,63106.0,0,1,1,1
2019-04-15,2.43,2.55,63.4,1287.95,6456.0,2905.58,7976.0097,12.32,1485.82,0.0324,738.0,187.4146,275201.0,175273.0,61456.0,1,1,1,1
2019-04-16,2.43,2.6,64.05,1276.79,6460.0,2907.06,8000.23,12.18,1533.22,0.03239,749.0,187.2796,275700.0,178606.0,60562.0,0,1,1,1
2019-04-17,2.44,2.59,63.76,1273.98,6509.0,2900.4499,7996.08,12.6,1557.08,0.03242,767.0,186.6011,136834.0,72691.0,62747.0,0,1,1,1
2019-04-18,2.42,2.57,64.0,1275.82,6448.0,2905.03,7998.06,12.09,1558.13,0.03242,790.0,187.1304,149674.0,87321.0,63011.0,1,1,1,1
2019-04-19,2.42,2.57,64.0,1275.52,6448.0,2905.03,7998.06,12.09,1558.13,0.03242,1011.0,187.1304,164213.0,94503.0,63893.0,1,1,1,1
2019-04-22,2.44,2.59,65.7,1274.99,6448.0,2907.9699,8015.27,12.42,1558.29,0.03241,790.0,187.9237,169772.0,98140.0,60734.0,1,1,1,1
2019-04-23,2.45,2.57,66.3,1272.42,6430.0,2933.6799,8120.82,12.28,1574.05,0.03241,821.0,187.5845,174253.0,99443.0,62257.0,1,1,1,1
2019-04-24,2.44,2.53,65.89,1275.76,6437.5,2927.25,8102.01,13.14,1589.02,0.03239,850.0,186.4946,149707.0,83758.0,56118.0,1,1,1,1
2019-04-25,2.43,2.54,65.21,1277.17,6375.5,2926.1699,8106.29,13.25,1560.32,0.03236,869.0,185.9573,164063.0,94135.0,60853.0,1,1,1,1
2019-04-26,2.42,2.51,63.3,1286.16,6393.0,2939.8798,8133.96,12.73,1547.4,0.03236,889.0,184.6573,175467.0,126420.0,54221.0,0,0,1,1
2019-04-29,2.44,2.54,63.5,1279.9,6376.0,2943.03,8149.39,13.11,1544.44,0.03237,913.0,184.1796,188923.0,131588.0,56448.0,0,1,1,1
2019-04-30,2.43,2.51,63.91,1283.53,6442.0,2945.83,8095.39,13.12,1556.18,0.03236,1011.0,184.25,193920.0,137364.0,57754.0,0,0,1,1
2019-05-02,2.47,2.55,61.81,1270.69,6214.0,2917.52,8036.77,14.42,1560.61,0.03236,1032.0,181.9021,180332.0,121602.0,56707.0,0,0,1,1
2019-05-03,2.43,2.54,61.94,1279.11,6180.0,2945.6398,8164.0,12.87,1570.7,0.03236,985.0,181.772,194406.0,131813.0,60751.0,0,1,1,1
2019-05-06,2.44,2.51,62.25,1281.1,6180.0,2932.4699,8123.29,15.44,1543.73,0.03234,980.0,180.6814,209650.0,157774.0,50008.0,1,1,1,1
2019-05-07,2.43,2.45,61.4,1284.43,6174.0,2884.05,7963.76,19.32,1506.32,0.03235,936.0,179.4882,226760.0,170545.0,56949.0,0,1,1,1
2019-05-08,2.43,2.49,62.12,1280.88,6103.0,2879.4199,7943.32,19.4,1494.48,0.03234,940.0,179.7464,204995.0,148810.0,55017.0,1,1,1,1
2019-05-09,2.43,2.45,61.7,1284.08,6112.0,2870.7199,7910.59,19.1,1476.8,0.0323,974.0,179.0064,206335.0,177641.0,48737.0,1,1,1,1
2019-05-10,2.43,2.47,61.66,1286.05,6135.5,2881.3999,7916.94,16.04,1478.87,0.0323,1013.0,178.9538,218945.0,212025.0,57008.0,0,1,1,1
2019-05-13,2.41,2.4,61.04,1299.91,6042.5,2811.8701,7647.02,20.55,1408.95,0.03217,1026.0,177.6406,234399.0,244750.0,49309.0,1,1,1,1
2019-05-14,2.41,2.42,61.78,1296.92,6007.0,2834.4099,7734.49,18.06,1442.83,0.03213,1043.0,179.9911,250966.0,244625.0,50970.0,1,1,1,1
2019-05-15,2.42,2.37,62.02,1296.49,6002.0,2850.9599,7822.15,16.44,1454.5,0.03214,1032.0,180.6554,142253.0,90600.0,47150.0,0,1,1,1
2019-05-16,2.4,2.4,62.87,1286.72,6089.0,2876.32,7898.05,15.29,1430.11,0.03209,1032.0,182.3249,165220.0,101536.0,49172.0,1,1,1,1
2019-05-17,2.39,2.39,62.76,1277.53,6025.0,2859.53,7816.28,15.96,1402.01,0.03195,1040.0,180.9893,176094.0,139287.0,47957.0,1,1,1,1
2019-05-20,2.39,2.41,63.1,1277.82,5985.0,2840.2299,7702.38,16.31,1345.58,0.03186,1041.0,181.704,187630.0,132502.0,52743.0,1,1,1,1
2019-05-21,2.39,2.43,62.99,1274.68,6004.0,2864.3601,7785.72,14.95,1374.21,0.03179,1049.0,181.9678,186266.0,135451.0,51082.0,1,1,1,0
2019-05-22,2.38,2.39,61.42,1273.34,5920.0,2856.27,7750.84,14.75,1345.04,0.03172,1059.0,179.5437,165756.0,114749.0,47497.0,1,1,1,0
2019-05-23,2.37,2.31,57.91,1283.45,5860.0,2822.2399,7628.28,16.92,1322.84,0.0317,1068.0,176.9182,176745.0,130052.0,40980.0,1,1,1,0
2019-05-24,2.35,2.32,58.63,1284.93,5919.0,2826.06,7637.01,15.85,1311.97,0.03173,1066.0,178.6288,192522.0,139271.0,45367.0,1,1,1,0
2019-05-27,2.35,2.32,58.63,1285.36,5919.0,2826.06,7637.01,15.85,1311.97,0.0318,1066.0,178.6288,195207.0,145933.0,44168.0,1,1,1,0
2019-05-28,2.37,2.26,59.14,1279.33,5956.5,2802.39,7607.35,17.5,1300.3,0.03176,1082.0,180.2599,194464.0,146139.0,42744.0,1,1,1,0
2019-05-29,2.37,2.25,58.81,1279.78,5864.5,2783.02,7547.31,17.9,1305.57,0.03166,1107.0,180.3392,179503.0,130402.0,45224.0,1,1,0,0
2019-05-30,2.38,2.22,56.59,1288.65,5823.0,2788.86,7567.72,17.3,1315.29,0.03164,1097.0,178.7623,196708.0,144513.0,44348.0,0,0,0,0
2019-05-31,2.35,2.14,53.5,1305.58,5780.5,2752.06,7453.15,18.71,1296.18,0.03163,1096.0,175.3632,206633.0,160736.0,44170.0,0,0,0,0
2019-06-03,2.35,2.07,53.25,1325.31,5796.0,2744.45,7333.02,18.86,1300.52,0.03174,1103.0,174.7172,220490.0,173930.0,44409.0,0,0,0,0
2019-06-04,2.35,2.12,53.48,1325.52,5804.0,2803.27,7527.12,16.97,1355.26,0.03177,1122.0,175.4902,226620.0,182328.0,41820.0,0,0,0,0
2019-06-05,2.35,2.12,51.68,1330.32,5832.5,2826.15,7575.48,16.09,1345.1,0.03186,1141.0,172.3394,201490.0,147859.0,41759.0,0,0,0,0
2019-06-06,2.33,2.12,52.59,1335.33,5805.0,2843.49,7615.55,15.93,1363.13,0.03185,1138.0,173.8682,210729.0,166064.0,40187.0,0,0,0,0
2019-06-10,2.29,2.15,53.26,1327.98,5788.0,2886.73,7823.17,15.94,1413.89,0.03181,1125.0,174.0709,220412.0,167150.0,47261.0,0,0,0,0
2019-06-11,2.27,2.15,53.27,1326.84,5905.0,2885.72,7822.57,15.99,1418.02,0.03181,1105.0,174.8681,229150.0,171551.0,47135.0,0,0,0,0
2019-06-12,2.24,2.13,51.14,1333.58,5828.5,2879.84,7792.72,15.91,1384.95,0.03182,1080.0,173.2433,205676.0,158986.0,47698.0,0,0,0,0
2019-06-13,2.19,2.1,52.28,1342.31,5797.5,2891.64,7837.13,15.82,1392.94,0.03173,1062.0,174.4239,208657.0,179226.0,41459.0,0,0,0,0
2019-06-14,2.2,2.09,52.51,1341.7,5805.5,2886.98,7796.66,15.28,1356.55,0.03172,1085.0,174.8087,208361.0,185203.0,41161.0,0,0,0,0
2019-06-17,2.23,2.09,51.93,1339.66,5756.0,2889.67,7845.02,15.35,1347.86,0.03173,1093.0,174.4185,205413.0,179885.0,44014.0,1,0,0,0
2019-06-18,2.22,2.06,53.9,1346.61,5848.5,2917.75,7953.88,15.15,1406.16,0.03172,1135.0,176.0977,204749.0,185743.0,42623.0,0,0,0,0
2019-06-19,2.18,2.03,53.76,1360.38,5895.0,2926.46,7987.32,14.33,1407.3,0.0319,1179.0,175.4338,74578.0,52555.0,51115.0,0,0,0,0
2019-06-20,2.14,2.01,56.65,1388.44,5962.0,2954.18,8051.34,14.75,1421.03,0.03208,1194.0,178.628,79348.0,68605.0,53598.0,0,0,0,0
2019-06-21,2.11,2.07,57.43,1399.63,5941.0,2950.46,8031.71,15.4,1410.5,0.0321,1239.0,178.5197,92591.0,82458.0,53695.0,0,0,0,0
2019-06-24,2.13,2.02,57.9,1419.72,5917.0,2945.35,8005.7,15.26,1412.08,0.03214,1258.0,179.9925,100687.0,87730.0,49386.0,0,0,0,0
2019-06-25,2.12,2.0,57.83,1423.44,5985.5,2917.38,7884.72,16.28,1391.12,0.03214,1280.0,180.8778,101583.0,98173.0,49383.0,0,0,0,0
2019-06-26,2.15,2.05,59.38,1409.0,6006.0,2913.78,7909.97,16.21,1435.83,0.03211,1317.0,182.3645,97261.0,86569.0,44283.0,0,0,0,0
2019-06-27,2.14,2.01,59.43,1409.78,5953.5,2924.92,7967.76,15.82,1456.9,0.03215,1340.0,182.4769,118760.0,92826.0,45612.0,0,0,0,0
2019-06-28,2.12,2.0,58.47,1409.55,5972.0,2941.76,8006.24,15.08,1458.96,0.03218,1354.0,181.0378,137564.0,114518.0,47125.0,0,0,0,0
2019-07-01,2.21,2.03,59.09,1384.19,5999.0,2964.33,8091.16,14.06,1497.55,0.03226,1381.0,181.1354,154094.0,123278.0,46800.0,0,0,0,0
2019-07-02,2.2,1.98,56.25,1418.65,5910.0,2973.01,8109.09,12.93,1476.83,0.0322,1446.0,177.8427,147828.0,121350.0,44663.0,0,0,0,0
2019-07-03,2.21,1.96,57.34,1418.78,5874.0,2995.82,8170.23,12.57,1470.49,0.03212,1549.0,180.4771,129113.0,103170.0,42442.0,0,0,0,0
2019-07-04,2.21,1.96,57.34,1416.08,5900.0,2995.82,8170.23,12.57,1470.49,0.03215,1700.0,180.4771,139785.0,108811.0,42847.0,0,0,0,0
2019-07-05,2.23,2.04,57.51,1399.45,5857.0,2990.41,8161.79,13.28,1461.7,0.03215,1740.0,180.7789,141435.0,114052.0,42083.0,0,0,0,0
2019-07-08,2.26,2.05,57.66,1395.53,5912.0,2975.95,8098.38,13.96,1450.41,0.03206,1725.0,180.6846,142804.0,122926.0,41035.0,0,0,0,0
2019-07-09,2.26,2.07,57.83,1397.61,5805.0,2979.63,8141.73,14.09,1461.21,0.03207,1759.0,180.7076,144104.0,122291.0,39225.0,0,0,0,0
2019-07-10,2.2,2.07,60.43,1419.02,5862.5,2993.07,8202.53,13.03,1471.51,0.03209,1777.0,184.1717,144728.0,121531.0,42752.0,0,0,0,0
2019-07-11,2.17,2.13,60.2,1403.81,5925.0,2999.91,8196.04,12.93,1476.28,0.03223,1816.0,183.6827,157985.0,134399.0,44241.0,0,0,0,1
2019-07-12,2.14,2.12,60.21,1415.75,5950.0,3013.77,8244.14,12.39,1504.28,0.03217,1865.0,184.3616,162330.0,134800.0,42407.0,0,0,0,0
2019-07-15,2.16,2.09,59.58,1414.13,5997.5,3014.3,8258.19,12.68,1515.92,0.0322,1928.0,183.0817,161948.0,141870.0,41203.0,0,0,0,0
2019-07-16,2.15,2.13,57.62,1406.23,5959.0,3004.04,8222.8,12.86,1499.64,0.03221,2011.0,180.0842,163641.0,148089.0,35861.0,0,0,1,1
2019-07-17,2.14,2.06,56.78,1426.57,5922.0,2984.42,8185.21,13.97,1503.87,0.03218,2064.0,179.4208,69189.0,36643.0,32681.0,0,0,0,0
2019-07-18,2.05,2.04,55.3,1446.1,5948.0,2995.11,8207.24,13.53,1526.97,0.03218,2130.0,177.4494,91808.0,46478.0,38694.0,0,0,1,1
2019-07-19,2.06,2.05,55.63,1425.37,6066.0,2976.61,8146.49,14.45,1523.91,0.03221,2170.0,178.5854,103089.0,53450.0,41117.0,0,0,0,0
2019-07-22,2.09,2.05,56.22,1424.88,6007.5,2985.03,8204.14,13.53,1554.09,0.03217,2191.0,178.55,106080.0,59591.0,45404.0,0,0,0,0
2019-07-23,2.06,2.08,56.77,1417.83,5968.5,3005.47,8251.4,12.61,1573.27,0.03216,2165.0,179.0356,109154.0,60561.0,44434.0,0,0,0,0
2019-07-24,2.1,2.05,55.88,1425.86,5980.0,3019.56,8321.5,12.07,1622.02,0.03217,2014.0,178.2219,92427.0,53112.0,44154.0,0,0,1,1
2019-07-25,2.1,2.08,56.02,1414.58,6010.0,3003.67,8238.54,12.74,1594.12,0.03217,1947.0,177.8836,97089.0,64783.0,43124.0,0,0,1,1
2019-07-26,2.12,2.08,56.2,1418.9,5945.0,3025.86,8330.21,12.16,1593.86,0.03216,1937.0,177.1583,98676.0,70968.0,40552.0,0,0,1,1
2019-07-29,2.12,2.06,56.87,1426.8,5949.5,3020.97,8293.33,12.83,1598.02,0.03215,1922.0,177.7993,101628.0,76707.0,40511.0,0,0,1,1
2019-07-30,2.08,2.06,58.05,1430.88,5943.0,3013.18,8273.61,13.94,1593.82,0.03218,1899.0,178.3438,106992.0,83656.0,36479.0,0,0,1,1
2019-07-31,2.08,2.02,58.58,1413.78,5926.0,2980.38,8175.42,16.12,1542.44,0.03216,1868.0,178.5257,108057.0,74741.0,37407.0,0,0,1,1
2019-08-01,2.07,1.9,53.95,1445.18,5876.0,2953.56,8111.12,17.87,1511.98,0.03207,1812.0,172.8039,115676.0,92095.0,32563.0,0,0,1,1
2019-08-02,2.06,1.86,55.66,1440.83,5769.0,2932.05,8004.07,17.61,1488.43,0.03187,1788.0,173.3545,127034.0,118929.0,29179.0,1,1,1,1
2019-08-05,2.05,1.75,54.69,1463.7,5647.0,2844.74,7726.04,24.59,1423.52,0.03162,1774.0,171.4859,147524.0,139269.0,29154.0,0,1,1,1
2019-08-06,2.05,1.73,53.63,1474.42,5667.0,2881.77,7833.27,20.17,1441.77,0.03174,1734.0,170.5396,151452.0,140283.0,28984.0,0,1,1,1
2019-08-07,2.02,1.71,51.09,1501.16,5673.5,2883.98,7862.83,19.49,1452.12,0.03176,1712.0,167.8921,128794.0,113346.0,33056.0,0,0,1,1
2019-08-08,2.02,1.72,52.54,1500.95,5723.0,2938.09,8039.16,16.91,1491.26,0.03188,1720.0,170.3215,162721.0,135946.0,34363.0,0,1,1,1
2019-08-12,2.0,1.65,54.93,1511.16,5724.5,2883.75,7863.41,21.09,1446.98,0.03185,1774.0,170.623,166150.0,152649.0,33931.0,0,1,1,1
2019-08-13,2.0,1.68,57.1,1501.51,5697.0,2926.32,8016.36,17.52,1489.66,0.03174,1864.0,173.0865,170193.0,149991.0,36062.0,0,1,1,1
2019-08-14,1.96,1.59,55.23,1516.36,5732.0,2840.6,7773.94,22.1,1442.54,0.03185,1950.0,170.6446,149708.0,145361.0,37442.0,0,1,1,1
2019-08-15,1.91,1.52,54.47,1523.29,5696.5,2847.6,7766.62,21.18,1439.29,0.03184,2047.0,170.0347,159219.0,167264.0,39292.0,0,1,1,1
2019-08-16,1.87,1.55,54.87,1513.52,5710.0,2888.68,7895.99,18.47,1479.25,0.03188,2088.0,170.4052,169534.0,179917.0,38642.0,1,1,1,1
2019-08-19,1.94,1.6,56.21,1495.92,5755.5,2923.65,8002.81,16.88,1506.99,0.0319,2067.0,170.7772,185011.0,181932.0,38642.0,1,1,1,1
2019-08-20,1.94,1.55,56.34,1507.2,5698.0,2900.51,7948.56,17.5,1498.9,0.03184,2059.0,170.895,183433.0,182159.0,41783.0,1,1,1,1
2019-08-21,1.97,1.59,55.68,1502.65,5696.5,2924.43,8020.21,15.8,1512.72,0.03188,2061.0,170.9087,95033.0,80609.0,42222.0,1,1,1,1
2019-08-22,2.0,1.62,55.35,1498.06,5668.0,2922.95,7991.39,16.68,1512.25,0.03186,2118.0,170.3215,114189.0,90328.0,37933.0,0,1,1,1
2019-08-23,1.97,1.52,54.17,1526.96,5675.0,2847.11,7751.77,19.87,1446.38,0.03185,2168.0,168.6101,122381.0,101249.0,40154.0,1,1,1,1
2019-08-26,2.01,1.54,53.64,1527.31,5613.0,2878.38,7853.74,19.32,1458.88,0.0318,2168.0,168.9107,124006.0,107576.0,37624.0,1,1,1,1
2019-08-27,1.98,1.49,54.93,1542.81,5662.0,2869.16,7826.95,20.31,1454.12,0.03183,2213.0,169.7004,132011.0,106876.0,41387.0,1,1,1,1
2019-08-28,1.99,1.47,55.78,1539.01,5653.0,2887.94,7856.88,19.35,1462.85,0.03183,2267.0,171.202,127708.0,93616.0,40873.0,1,1,1,1
2019-08-29,1.99,1.5,56.71,1527.63,5722.0,2924.58,7973.39,17.88,1495.82,0.0318,2277.0,172.0771,141464.0,109391.0,45008.0,1,1,1,1
2019-08-30,1.99,1.5,55.1,1520.38,5678.0,2926.46,7962.88,18.98,1504.92,0.03184,2378.0,170.3556,157837.0,112491.0,47684.0,0,0,0,0
2019-09-02,1.99,1.5,55.1,1529.29,5610.5,2926.46,7962.88,18.98,1504.92,0.03185,2442.0,170.3556,158389.0,117126.0,49735.0,0,0,0,0
2019-09-03,1.98,1.47,53.94,1547.1,5537.0,2906.27,7874.16,19.66,1478.32,0.03181,2501.0,169.1899,167509.0,129166.0,46684.0,1,1,1,1
2019-09-04,1.97,1.47,56.26,1552.55,5663.0,2937.78,7976.88,17.33,1519.55,0.03188,2518.0,172.6951,156222.0,115433.0,51087.0,0,0,0,0
2019-09-05,1.97,1.57,56.3,1519.05,5777.0,2976.0,8116.83,16.27,1566.21,0.03197,2499.0,172.3489,179913.0,138208.0,49994.0,0,0,0,0
2019-09-06,1.96,1.55,56.52,1506.82,5787.5,2978.71,8103.07,15.0,1568.34,0.03199,2462.0,172.6247,196779.0,136269.0,52750.0,1,0,0,1
2019-09-09,1.96,1.63,57.85,1499.13,5771.0,2978.43,8087.44,15.27,1576.39,0.032,2422.0,174.3113,195035.0,145453.0,54185.0,0,0,0,0
2019-09-10,1.95,1.72,57.4,1485.78,5738.0,2979.39,8084.16,15.2,1583.15,0.03202,2393.0,174.9395,192936.0,155567.0,51907.0,0,0,0,0
2019-09-11,1.96,1.75,55.75,1497.2,5765.0,3000.93,8169.68,14.61,1606.19,0.03203,2366.0,173.7265,181894.0,147026.0,51053.0,0,0,0,0
2019-09-12,1.95,1.79,55.09,1499.26,5842.5,3009.57,8194.47,14.22,1610.79,0.0322,2331.0,174.457,196146.0,154725.0,50883.0,1,0,1,1
2019-09-16,1.99,1.84,62.9,1498.43,5877.0,2997.96,8153.54,14.67,1594.49,0.03226,2311.0,183.1654,202657.0,170189.0,59609.0,0,0,0,0
2019-09-17,1.99,1.81,59.34,1501.38,5762.0,3005.7,8186.02,14.44,1599.74,0.03222,2283.0,178.794,215018.0,176724.0,54569.0,0,0,0,0
2019-09-18,1.95,1.8,58.11,1494.0,5745.0,3006.73,8177.39,13.95,1600.95,0.03226,2266.0,177.6327,99896.0,72300.0,51961.0,0,0,0,0
2019-09-19,1.93,1.79,58.13,1499.03,5758.5,3006.79,8182.88,14.05,1592.07,0.03225,2192.0,177.765,114611.0,98706.0,47683.0,0,0,0,0
2019-09-20,1.91,1.74,58.09,1516.9,5777.5,2992.07,8117.67,15.32,1563.0,0.03228,2131.0,177.337,125814.0,109737.0,50804.0,0,0,0,0
2019-09-23,1.94,1.72,58.64,1522.24,5695.0,2991.78,8112.46,14.91,1578.09,0.0322,2108.0,178.6542,133897.0,122162.0,49839.0,0,0,0,0
2019-09-24,1.92,1.64,57.29,1531.87,5761.0,2966.6,7993.63,17.05,1551.99,0.03224,2116.0,177.1875,140177.0,123943.0,50337.0,0,0,0,0
2019-09-25,1.89,1.73,56.49,1504.05,5718.5,2984.87,8077.38,15.96,1579.56,0.03222,2053.0,176.6363,138330.0,114098.0,48321.0,0,0,0,0
2019-09-26,1.83,1.7,56.41,1504.78,5757.0,2977.62,8030.66,16.07,1580.1,0.03222,1963.0,176.228,146889.0,118007.0,49848.0,0,0,1,1
2019-09-27,1.8,1.69,55.91,1497.01,5714.0,2961.79,7939.63,17.22,1542.87,0.03221,1857.0,175.7153,153096.0,121832.0,52571.0,0,0,1,1
2019-10-01,1.82,1.65,53.62,1479.14,5610.0,2940.25,7908.68,18.56,1544.2,0.03221,1809.0,174.0876,155079.0,124859.0,57182.0,0,0,0,0
2019-10-02,1.79,1.6,52.64,1499.45,5629.0,2887.61,7785.25,20.56,1519.77,0.03219,1803.0,172.9439,138663.0,121691.0,54169.0,0,0,1,1
2019-10-03,1.7,1.54,52.45,1505.19,5626.0,2910.63,7872.26,19.12,1545.76,0.03219,1757.0,173.4053,162716.0,132119.0,54447.0,0,1,1,1
2019-10-04,1.71,1.52,52.81,1504.66,5599.0,2952.01,7982.47,17.04,1574.39,0.03229,1767.0,173.4947,170307.0,141711.0,55126.0,0,1,1,1
2019-10-07,1.75,1.56,52.75,1493.5,5626.0,2938.79,7956.29,17.86,1563.17,0.03236,1770.0,173.1003,175074.0,145984.0,53865.0,0,1,1,1
2019-10-08,1.72,1.54,52.63,1505.51,5650.5,2893.06,7823.78,20.28,1514.45,0.03242,1801.0,173.3202,182243.0,154810.0,59765.0,1,1,1,1
2019-10-09,1.69,1.59,52.59,1505.57,5660.0,2919.4,7903.74,18.64,1540.85,0.03241,1873.0,173.0682,175460.0,149914.0,52575.0,1,1,1,1
2019-10-14,1.68,1.76,53.59,1493.21,5718.5,2966.15,8048.65,14.57,1590.4,0.03266,1916.0,174.9875,189647.0,181222.0,57981.0,1,1,1,1
2019-10-15,1.67,1.77,52.81,1481.01,5745.0,2995.68,8148.71,13.54,1625.69,0.03259,1898.0,174.7493,199223.0,188519.0,57537.0,1,1,1,1
2019-10-16,1.66,1.75,53.36,1490.13,5684.0,2989.69,8124.18,13.68,1601.79,0.03255,1897.0,174.9753,89080.0,90669.0,55079.0,1,1,1,1
2019-10-17,1.66,1.76,53.93,1491.87,5726.5,2997.95,8156.85,13.79,1607.16,0.03259,1861.0,175.532,103705.0,102212.0,57752.0,1,1,1,0
2019-10-18,1.66,1.76,53.78,1490.05,5751.0,2986.2,8089.54,14.25,1590.09,0.03267,1855.0,175.7529,113019.0,109605.0,54203.0,0,0,0,0
2019-10-21,1.67,1.8,53.31,1484.5,5820.0,3006.72,8162.99,14.0,1620.04,0.03269,1846.0,174.7361,116710.0,112051.0,51796.0,0,0,0,0
2019-10-22,1.65,1.78,54.16,1487.68,5794.0,2995.99,8104.3,14.46,1607.6,0.03269,1806.0,175.506,128077.0,119228.0,53460.0,0,0,0,0
2019-10-23,1.65,1.77,55.97,1492.12,5773.0,3004.52,8119.79,14.01,1576.58,0.03267,1779.0,177.2959,120007.0,109539.0,53471.0,0,1,0,0
2019-10-24,1.67,1.77,56.23,1503.98,5869.0,3010.29,8185.8,13.71,1615.51,0.03269,1785.0,177.7097,126392.0,119170.0,57600.0,0,1,0,0
2019-10-25,1.66,1.8,56.66,1504.63,5867.5,3022.55,8243.12,12.65,1648.67,0.03269,1801.0,178.3687,131321.0,124871.0,55301.0,1,1,0,0
2019-10-28,1.65,1.85,55.81,1492.51,5888.5,3039.42,8325.99,13.11,1677.57,0.03271,1803.0,178.2816,131851.0,128033.0,57905.0,1,1,0,0
2019-10-29,1.63,1.84,55.54,1487.72,5879.5,3036.89,8276.85,13.2,1662.46,0.03276,1802.0,178.375,130562.0,130050.0,57775.0,1,1,0,0
2019-10-30,1.62,1.78,55.06,1495.66,5883.0,3046.77,8303.98,12.33,1661.46,0.03275,1782.0,178.3123,123486.0,125651.0,58493.0,1,1,0,0
2019-10-31,1.54,1.69,54.18,1512.99,5825.0,3037.56,8292.36,13.22,1651.22,0.03283,1731.0,176.8933,132015.0,136393.0,58950.0,1,1,1,0
2019-11-01,1.52,1.73,56.2,1514.34,5797.0,3066.91,8386.4,12.3,1689.93,0.03281,1697.0,180.2738,138216.0,143613.0,59182.0,1,1,0,0
2019-11-04,1.53,1.79,56.54,1509.82,5846.5,3078.27,8433.2,12.83,1726.92,0.03289,1675.0,181.0883,155773.0,151891.0,61916.0,1,0,0,0
2019-11-05,1.56,1.86,57.23,1483.61,5880.0,3074.62,8434.68,13.1,1730.15,0.03293,1656.0,182.0895,163237.0,160198.0,57204.0,0,0,0,0
2019-11-06,1.56,1.81,56.35,1490.57,5913.5,3076.78,8410.63,12.62,1715.67,0.03289,1533.0,180.5132,155321.0,147869.0,55694.0,1,0,0,0
2019-11-07,1.56,1.92,57.15,1468.48,5941.0,3085.18,8434.52,12.73,1727.68,0.03289,1428.0,180.9813,165807.0,165769.0,53227.0,0,0,0,0
2019-11-08,1.55,1.94,57.24,1459.0,5951.5,3093.08,8475.31,12.07,1736.78,0.03288,1378.0,181.275,165628.0,171853.0,52106.0,0,0,0,0
2019-11-11,1.55,1.94,56.86,1455.86,5857.0,3087.01,8464.28,12.69,1727.59,0.03286,1345.0,179.4132,172674.0,176933.0,52263.0,0,0,0,0
2019-11-12,1.59,1.92,56.8,1456.32,5838.0,3091.84,8486.09,12.68,1732.42,0.03287,1354.0,179.8041,179882.0,181761.0,50161.0,0,0,0,0
2019-11-13,1.57,1.88,57.12,1463.58,5823.0,3094.04,8482.1,13.0,1732.86,0.03278,1365.0,180.312,160095.0,166283.0,49928.0,0,0,0,0
2019-11-14,1.57,1.82,56.77,1471.4,5835.0,3096.63,8479.02,13.05,1727.59,0.0327,1364.0,180.0875,169242.0,170177.0,48476.0,1,0,0,0
2019-11-15,1.57,1.84,57.72,1468.21,5812.0,3120.46,8540.83,12.05,1742.93,0.03275,1357.0,181.001,176758.0,183109.0,45324.0,1,0,0,0
2019-11-18,1.57,1.81,57.05,1471.51,5828.0,3122.03,8549.94,12.46,1738.78,0.03279,1338.0,179.1782,179041.0,186237.0,45798.0,0,0,0,0
2019-11-19,1.57,1.79,55.21,1472.46,5821.5,3120.18,8570.66,12.86,1730.5,0.03278,1304.0,177.1554,181889.0,192022.0,44634.0,0,0,0,0
2019-11-20,1.57,1.73,57.11,1471.61,5873.0,3108.46,8526.73,12.78,1710.14,0.03279,1260.0,178.964,67544.0,79267.0,40968.0,0,0,0,0
2019-11-21,1.58,1.77,58.58,1464.41,5813.0,3103.54,8506.21,13.13,1690.83,0.03276,1255.0,180.7277,85405.0,105825.0,42761.0,0,0,0,0
2019-11-22,1.58,1.77,57.77,1461.93,5834.0,3110.29,8519.88,12.34,1690.79,0.03277,1284.0,180.3712,92225.0,111819.0,41154.0,0,0,0,0
2019-11-25,1.61,1.76,58.01,1455.26,5872.5,3133.64,8632.49,11.87,1731.95,0.03278,1351.0,180.5694,98253.0,110908.0,41432.0,0,0,0,0
2019-11-26,1.6,1.74,58.41,1461.39,5856.0,3140.52,8647.93,11.54,1723.26,0.03277,1426.0,181.0997,100990.0,111699.0,45694.0,0,0,0,0
2019-11-27,1.62,1.77,58.11,1454.44,5925.5,3153.63,8705.18,11.75,1735.91,0.03277,1440.0,180.3472,85604.0,97635.0,47197.0,0,0,0,0
2019-11-28,1.62,1.77,58.11,1456.27,5881.5,3153.63,8705.18,11.75,1735.91,0.03278,1467.0,180.3472,97859.0,114583.0,41713.0,0,0,0,0
2019-11-29,1.59,1.78,55.17,1463.98,5854.0,3140.98,8665.47,12.62,1716.84,0.03277,1528.0,176.6551,112910.0,135049.0,35843.0,0,0,0,0
2019-12-02,1.6,1.83,55.96,1462.44,5855.5,3113.87,8567.99,14.91,1691.75,0.03278,1568.0,177.1238,118913.0,133951.0,41888.0,0,0,0,0
2019-12-03,1.57,1.72,56.1,1477.61,5812.0,3093.2,8520.64,15.96,1665.71,0.03278,1606.0,177.589,118393.0,130381.0,46644.0,0,0,0,0
2019-12-04,1.55,1.77,58.43,1474.59,5823.0,3112.76,8566.67,14.8,1691.45,0.03278,1599.0,179.4031,94952.0,118947.0,44952.0,0,0,0,0
2019-12-05,1.54,1.8,58.43,1476.0,5855.0,3117.43,8570.7,14.52,1697.66,0.03279,1575.0,180.0682,108092.0,127646.0,48740.0,0,0,0,0
2019-12-06,1.53,1.84,59.2,1460.17,5867.5,3145.91,8656.53,13.62,1724.21,0.03279,1558.0,181.1905,113743.0,138761.0,50054.0,0,0,0,0
2019-12-09,1.54,1.83,59.02,1461.68,5985.0,3135.96,8621.83,15.86,1714.98,0.03278,1551.0,181.1745,117845.0,144057.0,51767.0,0,0,0,0
2019-12-10,1.56,1.85,59.24,1464.39,6055.0,3132.52,8616.18,15.68,1720.9,0.03278,1528.0,182.1667,115834.0,148383.0,43270.0,0,0,0,0
2019-12-11,1.57,1.79,58.76,1474.88,6083.0,3141.63,8654.05,14.99,1759.2,0.03278,1460.0,181.4941,111527.0,149842.0,49361.0,1,0,0,0
2019-12-12,1.56,1.9,59.18,1469.8,6097.0,3168.57,8717.32,13.94,1806.87,0.03289,1388.0,182.9164,135422.0,162347.0,51462.0,0,0,0,0
2019-12-13,1.57,1.82,60.07,1476.33,6154.0,3168.8,8734.88,12.63,1796.04,0.03298,1355.0,183.8092,143941.0,166369.0,48903.0,0,0,0,0
2019-12-16,1.57,1.89,60.21,1476.18,6155.5,3191.45,8814.23,12.14,1813.31,0.03304,1315.0,185.2105,148950.0,168344.0,49668.0,1,0,0,0
2019-12-17,1.56,1.89,60.94,1476.22,6175.0,3192.52,8823.36,12.29,1821.92,0.0331,1281.0,185.281,148996.0,166326.0,45044.0,0,0,0,0
2019-12-18,1.56,1.92,60.93,1475.4,6126.5,3191.14,8827.73,12.58,1820.29,0.03308,1221.0,184.964,43256.0,40385.0,43908.0,0,0,0,0
2019-12-19,1.57,1.92,61.22,1478.8,6161.0,3205.37,8887.22,12.5,1834.97,0.0331,1151.0,185.1253,52281.0,55552.0,42487.0,0,0,0,0
2019-12-20,1.58,1.92,60.44,1478.22,6155.5,3221.22,8924.96,12.51,1853.87,0.0331,1123.0,185.0433,65442.0,66942.0,41003.0,0,0,0,0
2019-12-23,1.59,1.93,60.52,1485.79,6153.0,3224.01,8945.65,12.61,1857.12,0.0331,1103.0,184.4692,69831.0,72774.0,40668.0,0,0,0,0
2019-12-24,1.58,1.9,61.11,1499.41,6184.5,3223.38,8952.88,12.67,1862.2,0.03311,1090.0,185.5338,70438.0,73524.0,37093.0,0,0,0,0
2019-12-25,1.58,1.9,61.11,1499.84,6188.25,3223.38,8952.88,12.67,1862.2,0.03311,1090.0,185.5338,52912.0,58966.0,37184.0,0,0,0,0
2019-12-26,1.58,1.9,61.68,1511.53,6188.25,3239.91,9022.39,12.65,1864.49,0.03311,1090.0,186.6837,59818.0,69388.0,34859.0,0,0,0,0
2019-12-27,1.57,1.88,61.72,1510.56,6211.0,3240.02,9006.62,13.43,1858.59,0.03311,1090.0,187.1793,67274.0,73219.0,38443.0,0,0,0,0
2019-12-30,1.57,1.9,61.68,1515.16,6183.5,3221.29,8945.99,14.82,1844.39,0.03318,1090.0,186.8457,69691.0,80138.0,38158.0,0,0,0,0
2019-12-31,1.55,1.92,61.06,1517.27,6156.0,3230.78,8972.6,13.78,1849.62,0.03322,1090.0,185.787,72831.0,86364.0,36910.0,0,0,0,0
2020-01-02,1.54,1.88,61.18,1529.13,6165.5,3257.85,9092.19,12.47,1887.91,0.03321,976.0,185.5335,60548.0,65196.0,35457.0,0,0,0,0
2020-01-03,1.52,1.8,63.05,1552.2,6077.0,3234.85,9020.77,14.02,1853.98,0.03322,907.0,186.8967,77032.0,86782.0,34623.0,0,0,0,0
2020-01-06,1.56,1.81,63.27,1565.74,6097.5,3246.28,9071.46,13.85,1834.68,0.03321,844.0,187.3883,88793.0,103072.0,32176.0,0,0,0,0
2020-01-07,1.54,1.83,62.7,1574.37,6134.5,3237.18,9068.58,13.79,1867.28,0.03324,791.0,186.9254,91758.0,109207.0,29263.0,0,0,0,0
2020-01-08,1.54,1.87,59.61,1556.42,6154.0,3253.05,9129.24,13.45,1867.59,0.03324,773.0,183.3751,83281.0,104522.0,35546.0,0,0,0,0
2020-01-09,1.54,1.85,59.56,1552.32,6156.0,3274.7,9203.43,12.54,1878.73,0.03332,772.0,183.5614,100049.0,118880.0,37426.0,0,0,0,0
2020-01-10,1.54,1.83,59.04,1562.34,6157.0,3265.35,9178.86,12.56,1866.35,0.03331,774.0,184.131,117879.0,138595.0,39362.0,0,0,0,0
2020-01-13,1.57,1.85,58.08,1547.88,6177.0,3288.13,9273.93,12.32,1890.79,0.03339,765.0,183.0091,121591.0,142477.0,42393.0,0,0,0,0
2020-01-14,1.57,1.82,58.23,1546.39,6247.0,3283.15,9251.33,12.39,1894.64,0.0334,763.0,183.6407,128798.0,156001.0,39879.0,0,0,0,0
2020-01-15,1.57,1.79,57.81,1556.25,6232.0,3289.29,9258.7,12.42,1872.16,0.03339,768.0,182.694,66045.0,79157.0,36749.0,0,0,0,0
2020-01-16,1.55,1.81,58.52,1552.51,6300.5,3316.81,9357.13,12.32,1903.93,0.03338,768.0,182.2477,74183.0,92714.0,31449.0,0,0,0,0
2020-01-17,1.56,1.84,58.54,1557.24,6276.5,3329.62,9388.94,12.1,1916.62,0.03338,754.0,182.8867,77982.0,101361.0,32382.0,0,0,0,0
2020-01-20,1.56,1.84,58.54,1560.77,6245.0,3329.62,9388.94,12.1,1916.62,0.03338,729.0,182.8867,83029.0,109155.0,31789.0,0,0,0,0
2020-01-30,1.57,1.57,52.14,1574.28,5621.0,3283.66,9298.93,15.49,1855.8,0.03303,498.0,171.1404,85739.0,121350.0,18239.0,0,0,0,0
2020-01-31,1.55,1.51,51.56,1589.16,5570.0,3225.52,9150.94,18.84,1789.93,0.03306,487.0,170.3058,119948.0,132305.0,29779.0,0,0,0,0
2020-02-03,1.57,1.54,50.11,1576.73,5595.0,3248.92,9273.4,17.97,1812.18,0.03297,466.0,168.0515,139801.0,151627.0,32348.0,0,0,0,0
2020-02-04,1.57,1.61,49.61,1552.92,5652.0,3297.59,9467.97,16.05,1868.65,0.0331,453.0,167.9337,145328.0,153134.0,33910.0,0,0,0,0
2020-02-05,1.57,1.66,50.75,1556.02,5714.0,3334.69,9508.68,15.15,1909.52,0.03317,430.0,169.5431,132599.0,141704.0,34680.0,0,0,0,0
2020-02-06,1.57,1.65,50.95,1566.66,5726.0,3345.78,9572.15,14.96,1909.64,0.03324,431.0,170.4761,144030.0,149667.0,37012.0,0,0,0,0
2020-02-07,1.56,1.59,50.32,1570.44,5653.0,3327.71,9520.51,15.47,1864.36,0.03319,415.0,170.1217,165238.0,164140.0,36062.0,1,0,0,0
2020-02-10,1.58,1.56,49.57,1572.15,5659.5,3352.09,9628.39,15.04,1892.8,0.03322,411.0,168.8747,175852.0,172897.0,35908.0,0,0,0,0
2020-02-11,1.57,1.59,49.94,1567.89,5696.0,3357.75,9638.94,15.18,1931.08,0.03326,418.0,169.6148,183047.0,182347.0,34889.0,0,0,0,0
2020-02-12,1.58,1.62,51.17,1566.06,5747.0,3379.45,9725.96,13.74,1958.82,0.0333,421.0,171.7626,162194.0,173865.0,39174.0,1,0,0,0
2020-02-13,1.59,1.61,51.42,1576.0,5716.0,3373.94,9711.97,14.15,1960.34,0.03329,421.0,172.2763,171667.0,185628.0,41598.0,0,0,0,0
2020-02-14,1.58,1.59,52.05,1584.06,5737.0,3380.16,9731.18,13.68,1956.56,0.03328,425.0,172.9549,175637.0,192556.0,38351.0,0,0,0,0
2020-02-17,1.58,1.59,52.05,1581.13,5802.0,3380.16,9731.18,13.68,1956.56,0.03327,434.0,172.9549,173512.0,197249.0,36853.0,0,0,0,0
2020-02-18,1.58,1.55,52.05,1601.61,5728.0,3370.29,9732.74,14.83,1929.12,0.0332,450.0,173.8126,178744.0,203572.0,31665.0,0,0,0,0
2020-02-19,1.58,1.56,53.29,1611.7,5745.5,3386.15,9817.18,14.38,1979.5,0.03317,465.0,175.4986,64885.0,94031.0,31328.0,0,0,0,0
2020-02-20,1.58,1.52,53.78,1619.56,5730.0,3373.23,9750.96,15.56,1949.25,0.03305,480.0,174.7268,75660.0,106655.0,25807.0,0,0,0,0
2020-02-21,1.56,1.46,53.38,1643.41,5702.0,3337.75,9576.59,17.08,1891.05,0.03289,497.0,174.6458,87880.0,122689.0,26662.0,0,0,0,0
2020-02-24,1.53,1.38,51.43,1659.38,5657.5,3225.89,9221.28,25.03,1801.23,0.03282,506.0,170.5657,94287.0,137904.0,26756.0,0,0,0,0
2020-02-25,1.53,1.33,49.9,1635.14,5663.5,3128.21,8965.61,27.85,1746.11,0.03289,508.0,168.4884,101308.0,143956.0,27454.0,0,0,0,0
2020-02-26,1.53,1.33,48.73,1640.96,5614.0,3116.39,8980.77,27.56,1749.95,0.03291,517.0,166.2814,80392.0,139219.0,21461.0,0,0,0,0
2020-02-27,1.45,1.3,47.09,1645.01,5618.0,2978.76,8566.48,39.16,1668.65,0.03297,529.0,163.1181,97348.0,161704.0,20581.0,0,0,0,0
2020-03-02,1.13,1.1,46.75,1589.44,5640.0,3090.23,8952.16,33.42,1765.38,0.0332,539.0,163.4973,109835.0,192555.0,19009.0,0,0,0,0
2020-03-03,0.95,1.02,47.18,1640.9,5668.0,3003.37,8684.09,36.82,1705.26,0.03324,549.0,164.931,121607.0,206775.0,23349.0,0,0,0,0
2020-03-04,0.72,1.02,46.78,1636.93,5694.5,3130.12,9018.09,31.99,1789.57,0.03329,562.0,164.6699,97531.0,191649.0,26997.0,0,0,0,0
2020-03-05,0.62,0.92,45.9,1672.23,5667.5,3023.94,8738.6,39.62,1734.03,0.03338,599.0,162.3655,113442.0,210262.0,29764.0,0,0,0,0
2020-03-06,0.45,0.74,41.28,1673.83,5624.0,2972.37,8575.62,41.94,1699.89,0.03329,617.0,155.8452,132535.0,242798.0,22285.0,0,0,0,0
2020-03-09,0.33,0.54,31.13,1680.47,5483.0,2746.56,7950.68,54.46,1558.16,0.03319,616.0,144.8105,139748.0,240045.0,31376.0,0,0,0,0
2020-03-10,0.44,0.76,34.36,1649.4,5598.0,2882.23,8344.25,47.3,1656.5,0.03329,627.0,150.6593,152969.0,247958.0,21519.0,0,0,0,0
2020-03-11,0.42,0.82,32.98,1635.04,5552.0,2741.38,7952.05,53.9,1562.54,0.03323,631.0,147.7997,133694.0,226335.0,25763.0,0,0,0,0
2020-03-12,0.33,0.88,31.5,1576.15,5386.5,2480.64,7201.8,75.47,1392.11,0.03317,633.0,141.9421,145511.0,247902.0,31854.0,0,0,0,1
2020-03-13,0.28,0.94,31.73,1529.83,5530.5,2711.02,7874.88,57.83,1544.26,0.0331,631.0,140.8376,163678.0,266364.0,35948.0,0,1,1,1
2020-03-16,0.24,0.73,28.7,1514.1,5211.0,2386.13,6904.59,82.69,1298.78,0.03309,623.0,132.7148,184505.0,275413.0,37976.0,1,1,1,1
2020-03-17,0.19,1.02,26.95,1528.3,5205.0,2529.19,7334.78,75.91,1426.52,0.03306,612.0,130.2894,206506.0,288626.0,41953.0,0,1,1,1
2020-03-18,0.02,1.18,20.37,1486.05,4860.5,2398.1,6989.84,76.45,1286.84,0.03303,629.0,120.3426,94586.0,137380.0,43800.0,0,1,1,1
2020-03-19,0.04,1.12,25.22,1471.24,4685.0,2409.39,7150.58,72.0,1341.22,0.03278,630.0,127.6348,109297.0,148111.0,52635.0,0,1,1,1
2020-03-20,0.05,0.92,22.43,1498.65,4855.0,2304.92,6879.52,66.04,1298.54,0.033,625.0,123.8847,133100.0,163285.0,50969.0,1,1,1,1
2020-03-23,0.02,0.76,23.36,1553.23,4617.5,2237.4,6860.67,61.59,1342.12,0.03289,617.0,124.7133,143094.0,171841.0,55376.0,1,1,1,1
2020-03-24,0.01,0.84,24.01,1632.32,4789.5,2447.33,7417.86,61.67,1491.83,0.03299,603.0,128.1549,151334.0,175038.0,51075.0,1,1,1,1
2020-03-25,0.0,0.88,24.49,1616.9,4754.0,2475.56,7384.3,63.95,1472.57,0.03298,582.0,129.5971,150340.0,154171.0,46822.0,0,1,1,1
2020-03-26,0.0,0.83,22.6,1631.34,4775.5,2630.07,7797.54,61.0,1572.61,0.033,569.0,126.3466,165486.0,157942.0,45846.0,0,0,1,1
2020-03-27,0.03,0.72,21.51,1628.16,4774.0,2541.47,7502.38,65.54,1488.75,0.03307,556.0,123.8843,168742.0,166162.0,46724.0,0,0,1,1
2020-03-30,0.12,0.7,20.09,1622.51,4763.0,2626.65,7774.15,57.08,1545.31,0.03306,548.0,121.6872,181230.0,177284.0,47134.0,1,1,1,1
2020-03-31,0.11,0.7,20.48,1577.18,4797.0,2584.59,7700.1,53.54,1510.59,0.03305,626.0,121.7868,186857.0,181547.0,48075.0,1,1,1,1
2020-04-01,0.09,0.62,20.31,1591.51,4772.0,2470.5,7360.58,57.06,1427.73,0.03299,624.0,118.4992,188535.0,170552.0,51117.0,1,1,1,1
2020-04-06,0.15,0.67,26.08,1660.97,4867.0,2663.68,7913.24,45.24,1592.88,0.03308,604.0,128.0636,187365.0,176512.0,46152.0,1,1,1,1
2020-04-07,0.14,0.75,23.63,1647.72,5067.5,2659.41,7887.26,46.7,1585.38,0.03317,596.0,127.9545,190086.0,180058.0,45860.0,1,1,1,1
2020-04-08,0.22,0.77,25.09,1646.14,4976.0,2749.98,8090.9,43.35,1639.89,0.03316,607.0,129.1945,166066.0,173915.0,41765.0,1,1,1,1
2020-04-09,0.25,0.73,22.76,1683.73,4963.5,2789.82,8153.58,41.67,1601.73,0.03317,635.0,127.8157,170458.0,182789.0,43529.0,1,1,1,1
2020-04-10,0.25,0.73,22.76,1696.65,4993.0,2789.82,8153.58,41.67,1601.73,0.03322,635.0,127.8157,175902.0,184757.0,45637.0,1,1,1,1
2020-04-13,0.26,0.76,22.41,1715.34,4993.0,2761.63,8192.42,41.17,1623.68,0.0332,635.0,127.9353,173131.0,186453.0,46577.0,1,1,1,1
2020-04-14,0.2,0.76,20.11,1726.97,5119.0,2846.06,8515.74,37.76,1695.76,0.03325,679.0,126.0124,177518.0,193324.0,42521.0,0,1,1,1
2020-04-15,0.14,0.63,19.87,1717.03,5054.5,2783.36,8393.18,40.84,1647.91,0.0333,706.0,123.6277,97680.0,76990.0,35256.0,0,0,0,1
2020-04-16,0.14,0.61,19.87,1717.7,5098.5,2799.55,8532.36,40.14,1690.87,0.0332,726.0,123.6288,106462.0,88671.0,35385.0,0,1,1,1
2020-04-17,0.12,0.65,18.27,1682.82,5175.5,2874.56,8650.14,38.15,1705.64,0.03322,751.0,123.7962,109995.0,96995.0,32864.0,0,0,0,1
2020-04-20,0.12,0.63,-37.63,1695.65,5169.5,2823.16,8560.73,43.83,1667.57,0.03325,757.0,118.7621,113386.0,104722.0,30153.0,0,0,1,1
2020-04-21,0.11,0.58,10.01,1686.2,4994.5,2736.56,8263.23,45.41,1588.7,0.03322,728.0,106.2929,113847.0,109788.0,38790.0,1,1,1,1
2020-04-22,0.12,0.63,13.78,1714.08,5034.0,2799.31,8495.38,41.98,1682.12,0.03322,694.0,111.1093,112730.0,106462.0,34960.0,1,1,1,1
2020-04-23,0.11,0.61,16.5,1730.51,5120.5,2797.8,8494.75,41.38,1664.67,0.03325,672.0,113.4902,117900.0,110090.0,36637.0,1,1,1,1
2020-04-24,0.12,0.6,16.94,1729.6,5118.0,2836.74,8634.52,35.93,1702.56,0.03324,665.0,112.7549,125381.0,115354.0,37274.0,1,1,1,1
2020-04-27,0.12,0.67,12.78,1713.99,5165.5,2878.48,8730.16,33.29,1725.04,0.03331,661.0,107.9998,137427.0,122253.0,35289.0,1,0,0,1
2020-04-28,0.11,0.62,12.34,1707.79,5169.5,2863.39,8607.73,33.57,1713.21,0.03329,655.0,108.206,139912.0,127324.0,36558.0,1,1,1,1
2020-04-29,0.1,0.63,15.06,1713.41,5184.0,2939.51,8914.71,31.23,1797.76,0.03339,643.0,111.8666,133577.0,122721.0,38439.0,0,0,0,1
2020-04-30,0.09,0.64,18.84,1686.5,5231.0,2912.43,8889.55,34.15,1731.24,0.03355,635.0,117.1958,135850.0,134935.0,36589.0,0,0,0,1
2020-05-04,0.13,0.64,20.39,1702.07,5058.0,2842.74,8710.71,36.0,1661.3,0.03344,598.0,118.5243,145461.0,151160.0,36610.0,0,0,0,1
2020-05-05,0.13,0.66,24.56,1705.92,5111.5,2868.44,8809.12,33.61,1689.5,0.03347,575.0,123.6425,145648.0,149181.0,36085.0,0,0,0,0
2020-05-06,0.12,0.72,23.99,1685.71,5199.5,2848.42,8854.39,34.12,1707.75,0.03343,534.0,121.5431,142542.0,140195.0,39969.0,0,0,1,1
2020-05-07,0.11,0.63,23.55,1716.06,5227.5,2881.19,8979.66,31.44,1724.93,0.03339,514.0,122.5837,147963.0,152474.0,37864.0,0,0,1,1
2020-05-08,0.12,0.69,24.74,1702.7,5243.25,2929.8,9121.32,27.98,1775.61,0.03344,504.0,124.7397,153040.0,159582.0,37088.0,0,0,0,0
2020-05-11,0.12,0.73,24.14,1697.93,5231.0,2930.32,9192.34,27.57,1774.31,0.03349,474.0,122.674,167013.0,169883.0,36882.0,0,0,0,0
2020-05-12,0.13,0.69,25.78,1702.7,5234.0,2870.12,9002.55,33.04,1725.24,0.03342,433.0,122.6289,170499.0,175531.0,38547.0,0,0,0,0
2020-05-13,0.13,0.64,25.29,1716.28,5212.5,2820.0,8863.17,35.28,1691.57,0.03344,398.0,120.629,157977.0,168420.0,41695.0,0,0,1,0
2020-05-14,0.12,0.63,27.56,1730.3,5155.5,2852.5,8943.72,32.61,1739.05,0.03339,393.0,123.1248,164268.0,178209.0,38753.0,0,0,1,1
2020-05-15,0.12,0.64,29.43,1743.67,5165.0,2863.7,9014.56,31.89,1700.89,0.03339,407.0,124.7466,165129.0,176401.0,41266.0,0,1,1,1
2020-05-18,0.13,0.73,31.82,1732.55,5249.5,2953.91,9234.83,29.33,1782.54,0.03336,427.0,129.0861,163886.0,183347.0,35957.0,0,0,1,1
2020-05-19,0.13,0.7,32.5,1745.05,5314.0,2922.94,9185.1,30.53,1775.61,0.03339,453.0,129.574,165430.0,183434.0,37430.0,0,1,1,1
2020-05-20,0.12,0.68,33.49,1748.18,5333.0,2971.61,9375.78,27.99,1840.79,0.03338,477.0,130.9107,90228.0,93490.0,36013.0,0,1,1,1
2020-05-21,0.12,0.68,33.92,1727.0,5387.0,2948.51,9284.88,29.53,1790.96,0.03339,494.0,130.5163,110347.0,102292.0,34127.0,0,0,1,1
2020-05-22,0.12,0.66,33.25,1734.68,5242.5,2955.45,9324.59,28.16,1802.31,0.03332,498.0,129.5329,112286.0,121744.0,33253.0,1,1,1,1
2020-05-25,0.12,0.66,33.25,1731.95,5242.5,2955.45,9324.59,28.16,1802.31,0.03325,498.0,129.5329,120090.0,133894.0,32721.0,1,1,1,1
2020-05-26,0.14,0.69,34.35,1710.58,5341.5,2991.77,9340.22,28.01,1820.51,0.03335,506.0,131.6208,127196.0,132652.0,34198.0,0,1,1,1
2020-05-27,0.15,0.68,32.81,1709.47,5308.5,3036.13,9412.36,27.7,1847.31,0.0333,502.0,129.1643,123085.0,127187.0,34183.0,1,1,1,1
2020-05-28,0.15,0.7,33.71,1718.33,5278.5,3029.73,9368.99,28.59,1804.66,0.03328,489.0,129.7593,128630.0,133588.0,35015.0,1,1,1,1
2020-05-29,0.14,0.65,35.49,1730.27,5332.5,3044.31,9489.87,27.51,1852.49,0.0333,504.0,132.2442,135846.0,133940.0,36612.0,1,1,1,1
2020-06-01,0.14,0.66,35.44,1739.55,5376.5,3055.73,9552.05,28.23,1843.24,0.03339,520.0,132.3468,145480.0,144270.0,38695.0,1,1,1,1
2020-06-02,0.15,0.68,36.81,1727.7,5463.0,3080.82,9608.37,26.84,1883.41,0.03335,546.0,134.1152,147743.0,148126.0,39394.0,1,1,1,1
2020-06-03,0.16,0.77,37.29,1699.67,5499.0,3122.87,9682.91,25.66,1937.47,0.03344,592.0,135.0094,143755.0,134634.0,40894.0,1,1,1,0
2020-06-04,0.15,0.82,37.41,1714.01,5452.5,3112.35,9615.81,25.81,1953.47,0.03342,632.0,135.7464,153280.0,140333.0,39426.0,1,1,1,0
2020-06-05,0.15,0.91,39.55,1685.06,5588.0,3193.93,9814.08,24.52,2003.76,0.03351,679.0,138.9763,160526.0,145528.0,40035.0,1,1,1,0
2020-06-08,0.17,0.88,38.19,1698.53,5659.0,3232.39,9924.74,25.81,1998.62,0.03354,698.0,137.5026,174884.0,149858.0,37129.0,0,1,0,0
2020-06-09,0.19,0.84,38.94,1715.33,5680.5,3207.18,9953.75,27.57,1998.09,0.03355,714.0,138.4529,178494.0,151031.0,39043.0,0,0,0,0
2020-06-10,0.17,0.75,39.6,1738.7,5801.0,3190.14,10020.35,27.57,2004.66,0.03365,764.0,139.222,170744.0,148665.0,37201.0,0,0,0,0
2020-06-11,0.17,0.66,36.34,1727.7,5801.5,3002.1,9492.73,40.79,1876.66,0.03363,839.0,134.8994,176071.0,164588.0,40776.0,0,0,0,0
2020-06-12,0.16,0.71,36.26,1730.75,5785.5,3041.31,9588.81,36.09,1903.85,0.0336,923.0,134.3208,184430.0,176694.0,35137.0,0,0,0,0
2020-06-15,0.18,0.71,37.12,1725.16,5646.0,3066.59,9726.02,34.4,1931.01,0.03359,973.0,134.7793,194220.0,186211.0,36970.0,0,1,0,0
2020-06-16,0.17,0.75,38.38,1726.53,5759.5,3124.74,9895.87,33.67,1965.69,0.03367,1054.0,136.2721,198981.0,195907.0,35579.0,0,1,0,0
2020-06-17,0.17,0.74,37.96,1726.95,5734.0,3113.49,9910.53,33.47,1984.08,0.03369,1246.0,136.3841,55699.0,50237.0,31514.0,0,1,0,0
2020-06-18,0.16,0.71,38.84,1722.93,5799.0,3115.34,9943.05,32.94,1980.14,0.03372,1527.0,137.0559,62330.0,63718.0,32915.0,1,1,1,0
2020-06-19,0.15,0.7,39.75,1743.87,5835.5,3097.74,9946.12,35.12,1966.79,0.03372,1555.0,137.9738,65869.0,69446.0,31955.0,1,1,1,0
2020-06-22,0.16,0.71,40.46,1754.43,5825.0,3117.86,10056.47,31.77,1983.36,0.03372,1558.0,139.0501,70656.0,82607.0,32521.0,1,1,1,0
2020-06-23,0.16,0.72,40.37,1768.41,5895.0,3131.29,10131.37,31.37,1987.73,0.03374,1617.0,138.5909,74391.0,85240.0,33109.0,1,1,1,0
2020-06-24,0.15,0.69,38.01,1761.17,5871.0,3050.33,9909.17,33.84,1944.3,0.03374,1705.0,135.2437,66933.0,77761.0,33634.0,1,1,0,0
2020-06-29,0.14,0.64,39.7,1772.82,5957.0,3053.24,9874.15,31.78,1943.9,0.03376,1794.0,137.0377,72124.0,88129.0,31682.0,1,1,0,0
2020-06-30,0.16,0.66,39.27,1780.96,6038.0,3100.29,10058.77,30.43,1996.44,0.03372,1799.0,137.9715,77942.0,87645.0,30838.0,1,0,0,0
2020-07-01,0.14,0.69,39.82,1770.09,6016.5,3115.86,10154.63,28.62,1966.98,0.03377,1803.0,139.1401,74461.0,80694.0,33495.0,0,0,0,0
2020-07-02,0.14,0.68,40.65,1775.38,6080.0,3130.01,10207.63,27.68,1993.61,0.0338,1823.0,140.5978,85166.0,95200.0,36460.0,0,0,0,0
2020-07-03,0.14,0.68,40.65,1775.95,6022.5,3130.01,10207.63,27.68,1993.61,0.03377,1894.0,140.5978,90382.0,100876.0,41646.0,0,0,0,0
2020-07-06,0.15,0.69,40.63,1784.68,6112.0,3179.72,10433.65,27.94,2046.81,0.03384,1956.0,140.8977,96073.0,105851.0,36204.0,0,0,0,0
2020-07-07,0.15,0.65,40.62,1794.86,6086.0,3145.32,10343.89,29.43,2019.77,0.03381,1949.0,141.5618,99596.0,114119.0,36257.0,0,0,0,0
2020-07-08,0.15,0.67,40.9,1808.89,6194.0,3169.94,10492.5,28.08,2049.76,0.03378,1849.0,141.9592,86784.0,101436.0,34330.0,0,0,0,0
2020-07-09,0.13,0.62,39.62,1803.55,6339.5,3152.05,10547.75,29.26,2076.72,0.03381,1810.0,140.4571,96738.0,107707.0,34478.0,0,0,0,0
2020-07-10,0.13,0.65,40.55,1798.7,6322.5,3185.04,10617.44,27.29,2069.79,0.03377,1810.0,141.5191,101423.0,113007.0,39271.0,0,0,0,0
2020-07-13,0.14,0.64,40.1,1802.76,6545.0,3155.22,10390.84,32.19,2034.14,0.0338,1792.0,140.6755,103793.0,121327.0,33999.0,0,0,0,0
2020-07-14,0.15,0.63,40.29,1809.36,6489.5,3197.52,10488.58,29.52,2069.79,0.03379,1742.0,139.9903,108674.0,132267.0,31606.0,0,0,0,0
2020-07-15,0.16,0.64,41.2,1810.29,6507.0,3226.56,10550.49,27.76,2064.17,0.0338,1696.0,141.2194,33298.0,45791.0,27506.0,0,0,0,0
2020-07-16,0.11,0.62,40.75,1797.16,6385.0,3215.57,10473.83,28.0,2055.92,0.03379,1699.0,140.8156,42280.0,53421.0,26258.0,0,0,0,0
2020-07-17,0.11,0.64,40.59,1810.42,6454.5,3224.73,10503.19,25.68,2068.99,0.03379,1710.0,140.8271,48746.0,57972.0,28921.0,0,0,0,0
2020-07-20,0.13,0.62,40.81,1817.77,6416.5,3251.84,10767.09,24.46,2110.47,0.03382,1678.0,140.6907,52753.0,64405.0,29158.0,0,0,0,0
2020-07-21,0.13,0.61,41.96,1841.91,6513.0,3257.3,10680.36,24.84,2096.59,0.03384,1594.0,142.5041,63912.0,70744.0,28776.0,0,0,0,0
2020-07-22,0.13,0.6,41.9,1871.41,6527.0,3276.02,10706.13,24.32,2105.43,0.03387,1473.0,143.3159,49171.0,66741.0,27738.0,0,0,0,0
2020-07-23,0.12,0.59,41.07,1887.44,6533.5,3235.66,10461.42,26.08,2070.97,0.03386,1388.0,142.9395,53812.0,76580.0,24073.0,0,0,0,0
2020-07-24,0.11,0.59,41.29,1902.02,6412.5,3215.63,10363.18,25.84,2038.71,0.03383,1317.0,143.0454,58397.0,86033.0,28455.0,0,0,0,0
2020-07-27,0.11,0.62,41.6,1942.24,6425.5,3239.41,10536.27,24.74,2104.62,0.03389,1293.0,143.8235,60584.0,90271.0,32456.0,0,0,0,0
2020-07-28,0.11,0.59,41.04,1958.43,6399.5,3218.44,10402.09,25.44,2060.4,0.0339,1264.0,143.4783,70514.0,96094.0,29267.0,1,1,1,0
2020-07-29,0.11,0.58,41.27,1970.79,6475.0,3258.44,10542.94,24.1,2106.3,0.0339,1317.0,144.339,59339.0,84536.0,29130.0,1,1,0,0
2020-07-30,0.09,0.55,39.92,1956.64,6433.5,3246.22,10587.81,24.76,2147.55,0.03387,1348.0,142.7755,69382.0,91363.0,31873.0,0,0,0,0
2020-07-31,0.09,0.55,40.27,1975.86,6446.5,3271.12,10745.27,24.46,2136.41,0.0339,1350.0,143.6936,71134.0,97686.0,29242.0,0,0,0,0
2020-08-03,0.1,0.56,41.01,1976.98,6441.0,3294.61,10902.8,24.28,2177.27,0.03386,1385.0,146.7718,79159.0,108949.0,24623.0,0,0,0,0
2020-08-04,0.09,0.52,41.7,2019.21,6440.0,3306.51,10941.17,23.76,2209.81,0.03385,1463.0,147.9156,82865.0,107060.0,30826.0,0,0,0,0
2020-08-05,0.1,0.55,42.19,2038.12,6525.5,3327.77,10998.4,22.99,2207.56,0.03389,1488.0,148.7075,75769.0,96091.0,31663.0,0,0,0,0
2020-08-06,0.1,0.55,41.95,2063.54,6453.5,3349.16,11108.07,22.65,2204.94,0.03389,1500.0,148.6037,85854.0,110119.0,31478.0,0,0,0,0
2020-08-07,0.1,0.57,41.22,2035.55,6437.0,3351.28,11010.98,22.21,2178.86,0.03388,1501.0,146.8549,89204.0,119672.0,31855.0,1,0,0,0
2020-08-10,0.11,0.59,41.94,2027.34,6363.0,3360.47,10968.36,22.13,2179.6,0.03388,1506.0,147.5839,87795.0,122355.0,29149.0,1,0,0,0
2020-08-11,0.11,0.64,41.61,1911.89,6356.5,3333.69,10782.82,24.03,2154.79,0.03386,1510.0,146.8604,87123.0,128216.0,27953.0,1,0,0,0
2020-08-12,0.11,0.69,42.67,1915.83,6379.0,3380.35,11012.24,22.28,2227.22,0.03385,1540.0,148.3629,84005.0,115401.0,28532.0,0,0,0,0
2020-08-13,0.1,0.71,42.24,1953.71,6380.0,3373.43,11042.5,22.13,2202.41,0.03386,1577.0,148.9382,92722.0,122910.0,28571.0,0,0,0,0
2020-08-14,0.1,0.71,42.01,1945.12,6342.5,3372.85,11019.3,22.05,2200.81,0.03385,1595.0,149.2091,96560.0,125571.0,28744.0,0,0,0,0
2020-08-17,0.1,0.69,42.89,1985.3,6439.5,3381.99,11129.73,21.35,2227.61,0.03387,1598.0,150.874,93890.0,128174.0,30268.0,0,0,0,0
2020-08-18,0.09,0.67,42.89,2002.44,6492.5,3389.78,11210.84,21.51,2214.66,0.03388,1586.0,151.6949,93633.0,131943.0,26921.0,0,0,0,0
2020-08-19,0.11,0.68,42.93,1928.98,6667.0,3374.85,11146.46,22.54,2200.77,0.03389,1568.0,152.0002,41872.0,52095.0,23249.0,0,0,0,0
2020-08-20,0.11,0.65,42.58,1947.26,6594.5,3385.51,11264.95,22.72,2181.04,0.03387,1518.0,150.8217,56558.0,64138.0,20704.0,0,0,0,0
2020-08-21,0.1,0.64,42.34,1940.48,6564.5,3397.16,11311.8,22.54,2198.33,0.03388,1481.0,149.9568,75326.0,69333.0,28172.0,0,0,0,0
2020-08-24,0.12,0.65,42.62,1928.88,6579.5,3431.28,11379.72,22.37,2219.37,0.03388,1491.0,151.2593,80032.0,75577.0,29714.0,0,0,0,0
2020-08-25,0.11,0.69,43.35,1928.18,6544.5,3443.62,11466.47,22.03,2243.06,0.03389,1518.0,152.643,81855.0,78193.0,29970.0,0,0,0,0
2020-08-26,0.11,0.69,43.39,1954.46,6603.5,3478.73,11665.06,23.27,2250.23,0.03388,1509.0,152.4566,64612.0,63965.0,31478.0,0,0,0,0
2020-08-27,0.11,0.74,43.04,1929.54,6602.5,3484.55,11625.34,24.47,2220.15,0.03389,1504.0,152.7025,73304.0,69521.0,31678.0,0,0,0,0
2020-08-28,0.1,0.74,42.97,1964.83,6728.0,3508.01,11695.63,22.96,2264.14,0.03387,1488.0,153.439,75802.0,75720.0,27859.0,1,1,0,0
2020-08-31,0.11,0.72,42.61,1967.8,6728.0,3500.31,11775.46,26.41,2260.43,0.03387,1488.0,153.2139,75270.0,77858.0,25308.0,1,1,0,0
2020-09-01,0.12,0.68,42.76,1970.18,6788.5,3526.65,11939.67,26.12,2304.68,0.03387,1471.0,153.3436,76618.0,90122.0,26073.0,1,1,0,0
2020-09-02,0.12,0.66,41.51,1942.92,6719.0,3580.84,12056.44,26.57,2370.18,0.03387,1445.0,151.4379,68340.0,78484.0,27143.0,1,1,0,0
2020-09-03,0.11,0.63,41.37,1930.91,6613.0,3455.06,11458.1,33.6,2234.23,0.03386,1395.0,150.4196,83102.0,88479.0,28561.0,1,1,0,0
2020-09-04,0.11,0.72,39.77,1933.94,6678.0,3426.96,11313.13,30.75,2212.73,0.03386,1362.0,149.6932,87029.0,99821.0,29177.0,1,1,0,0
2020-09-07,0.11,0.72,39.77,1933.64,6790.5,3426.96,11313.13,30.75,2212.73,0.03387,1349.0,149.6932,88487.0,102296.0,30158.0,1,0,0,0
2020-09-08,0.13,0.69,36.76,1932.03,6767.5,3331.84,10847.69,31.46,2108.61,0.03389,1328.0,145.9974,91392.0,103976.0,32226.0,0,0,0,0
2020-09-09,0.12,0.71,38.05,1946.84,6709.0,3398.96,11141.56,28.81,2169.61,0.03386,1296.0,147.0768,85923.0,84892.0,28923.0,0,0,0,0
2020-09-10,0.12,0.68,37.3,1946.09,6710.5,3339.19,10919.59,29.71,2137.78,0.03388,1269.0,146.1739,91377.0,86319.0,32231.0,0,0,0,0
2020-09-11,0.11,0.67,37.33,1940.55,6757.5,3340.97,10853.55,26.87,2136.37,0.03389,1267.0,146.4127,96716.0,98791.0,29341.0,0,0,0,0
2020-09-14,0.11,0.68,37.26,1956.86,6788.0,3383.54,11056.65,25.85,2181.75,0.03391,1282.0,146.5006,104910.0,99627.0,29605.0,0,0,0,0
2020-09-15,0.11,0.68,38.28,1954.15,6813.5,3401.2,11190.32,25.59,2219.19,0.03404,1289.0,147.7605,104087.0,98073.0,29227.0,0,0,0,0
2020-09-16,0.12,0.69,40.16,1959.26,6776.0,3385.49,11050.47,26.04,2195.54,0.03412,1281.0,149.7358,28110.0,23753.0,32528.0,0,0,0,0
2020-09-17,0.09,0.69,40.97,1944.44,6761.0,3357.01,10910.28,26.46,2194.15,0.03412,1294.0,150.7809,33529.0,29331.0,24222.0,0,0,0,0
2020-09-18,0.1,0.7,41.11,1950.86,6833.5,3319.47,10793.28,25.83,2160.97,0.0343,1296.0,151.5413,37573.0,32262.0,22863.0,0,0,0,0
2020-09-21,0.1,0.68,39.31,1912.51,6837.0,3281.06,10778.8,27.78,2154.28,0.0343,1314.0,147.8241,40312.0,37137.0,13158.0,0,0,0,0
2020-09-22,0.1,0.68,39.6,1900.21,6810.0,3315.57,10963.64,26.86,2180.26,0.03424,1364.0,147.5151,39976.0,44841.0,12021.0,0,0,0,0
2020-09-23,0.11,0.68,39.93,1863.34,6725.5,3236.92,10632.99,28.58,2126.69,0.03423,1426.0,147.7356,34339.0,35133.0,13450.0,0,0,0,0
2020-09-24,0.1,0.67,40.31,1868.07,6538.5,3246.59,10672.27,28.51,2147.42,0.03411,1605.0,148.3589,39864.0,45029.0,15444.0,1,1,1,1
2020-09-25,0.1,0.66,40.25,1861.58,6529.0,3298.46,10913.56,26.38,2177.84,0.03416,1667.0,148.3621,48939.0,44633.0,23990.0,1,0,0,0
2020-09-28,0.11,0.67,40.6,1881.48,6571.5,3351.6,11117.53,26.19,2237.64,0.03422,1654.0,148.7283,57628.0,47846.0,21649.0,0,0,0,0
2020-09-29,0.09,0.66,39.29,1898.07,6546.0,3335.47,11085.25,26.27,2242.52,0.0343,1658.0,146.7599,58193.0,52039.0,23537.0,0,0,0,0
2020-09-30,0.1,0.69,40.22,1885.82,6610.0,3363.0,11167.51,26.37,2244.12,0.03433,1725.0,148.5066,44546.0,42719.0,28959.0,0,0,0,0
2020-10-05,0.1,0.78,39.22,1913.53,6507.5,3408.63,11332.49,27.96,2295.56,0.03446,2071.0,147.3743,46641.0,46814.0,24809.0,0,0,0,0
2020-10-06,0.1,0.76,40.67,1878.18,6509.0,3360.95,11154.6,29.48,2281.09,0.03453,2097.0,149.5058,53388.0,50150.0,25011.0,0,0,0,0
2020-10-07,0.1,0.81,39.95,1887.42,6525.0,3419.45,11364.6,28.06,2328.84,0.03452,2044.0,149.5615,47272.0,40665.0,30080.0,0,0,0,0
2020-10-08,0.09,0.78,41.19,1893.82,6611.5,3446.83,11420.98,26.36,2356.16,0.03452,1970.0,151.2168,61328.0,47230.0,29468.0,0,0,0,0
2020-10-12,0.1,0.79,39.43,1922.77,6769.0,3534.22,11876.26,25.07,2433.48,0.03459,1807.0,149.8048,63025.0,54399.0,29128.0,0,0,0,0
2020-10-13,0.11,0.74,40.2,1891.36,6699.5,3511.93,11863.9,26.07,2430.13,0.03458,1732.0,150.3841,65135.0,56723.0,31069.0,0,0,0,0
2020-10-14,0.12,0.73,41.04,1901.52,6702.0,3488.67,11768.73,26.4,2417.2,0.03454,1637.0,151.513,51846.0,51716.0,30354.0,0,0,1,1
2020-10-15,0.11,0.74,40.96,1908.71,6683.5,3483.34,11713.87,26.97,2411.13,0.03453,1561.0,151.7424,59905.0,61578.0,29965.0,0,1,1,1
2020-10-16,0.11,0.76,40.88,1899.29,6728.0,3483.81,11671.56,27.41,2399.76,0.03451,1477.0,151.4796,66906.0,67193.0,28745.0,0,1,1,1
2020-10-19,0.11,0.78,40.83,1904.08,6755.0,3426.92,11478.88,29.18,2385.85,0.03454,1409.0,151.6144,74455.0,72872.0,28769.0,0,1,1,1
2020-10-20,0.1,0.81,41.46,1906.95,6814.0,3443.12,11516.49,29.35,2385.82,0.03456,1350.0,152.3265,79503.0,77624.0,26384.0,0,0,1,1
2020-10-21,0.1,0.83,40.03,1924.33,6953.0,3435.56,11484.69,28.65,2367.26,0.03461,1346.0,151.0406,40919.0,42729.0,27466.0,0,1,1,1
2020-10-22,0.09,0.87,40.64,1904.11,6886.0,3453.49,11506.01,28.11,2370.45,0.0346,1401.0,151.7671,49840.0,49924.0,31361.0,0,1,1,1
2020-10-23,0.1,0.85,39.85,1902.05,6879.5,3465.39,11548.28,27.55,2360.23,0.03458,1415.0,150.6847,51802.0,52708.0,28897.0,0,0,1,1
2020-10-26,0.11,0.81,38.56,1902.08,6806.0,3400.97,11358.94,32.46,2308.45,0.0346,1402.0,149.3874,60832.0,56388.0,32083.0,0,1,1,1
2020-10-27,0.1,0.79,39.57,1907.99,6787.5,3390.68,11431.35,33.35,2300.91,0.03464,1413.0,150.7068,63351.0,58945.0,29088.0,0,0,0,1
2020-10-28,0.1,0.79,37.39,1877.19,6694.5,3271.03,11004.87,40.28,2222.98,0.03459,1384.0,146.6627,54602.0,51303.0,30481.0,0,1,1,1
2020-10-29,0.09,0.85,36.17,1867.59,6692.0,3310.11,11185.59,37.59,2283.65,0.03459,1297.0,144.8095,65342.0,59152.0,25396.0,1,1,1,1
2020-10-30,0.09,0.88,35.79,1878.81,6694.5,3269.96,10911.59,38.02,2246.15,0.03457,1283.0,144.7289,71133.0,63358.0,29056.0,1,1,1,1
2020-11-02,0.09,0.87,36.81,1895.48,6712.5,3310.24,10957.61,37.13,2260.07,0.03459,1284.0,145.9063,74180.0,66765.0,27584.0,0,1,1,1
2020-11-03,0.1,0.9,37.66,1909.17,6791.5,3369.16,11160.57,35.55,2302.73,0.03458,1263.0,147.023,79351.0,70241.0,31466.0,0,1,1,1
2020-11-04,0.1,0.78,39.15,1902.92,6748.0,3443.44,11590.78,29.57,2384.22,0.03448,1224.0,148.9042,63650.0,59036.0,31787.0,1,1,1,1
2020-11-05,0.1,0.79,38.79,1949.66,6798.0,3510.45,11890.93,27.58,2489.16,0.03463,1194.0,149.1553,72297.0,60733.0,35469.0,1,1,1,1
2020-11-06,0.1,0.83,37.14,1951.35,6938.5,3509.44,11895.23,24.86,2529.27,0.03463,1196.0,147.6994,88402.0,63624.0,40879.0,1,1,1,1
2020-11-09,0.11,0.96,40.29,1863.04,7034.0,3550.5,11713.78,25.75,2497.59,0.03469,1207.0,151.2539,96957.0,70502.0,37322.0,0,0,0,0
2020-11-10,0.1,0.98,41.36,1877.32,6865.5,3545.53,11553.86,24.8,2422.33,0.03465,1200.0,153.5529,99266.0,79337.0,36904.0,0,0,0,0
2020-11-11,0.1,0.98,41.45,1865.73,6912.5,3572.66,11786.43,23.45,2511.24,0.03469,1141.0,153.6478,90490.0,75102.0,34710.0,0,0,0,0
2020-11-12,0.1,0.88,41.12,1876.83,6904.0,3537.01,11709.59,25.35,2478.43,0.03465,1124.0,153.0137,97559.0,82777.0,37503.0,0,0,0,0
2020-11-13,0.09,0.89,40.13,1889.2,6926.0,3585.15,11829.29,23.1,2508.82,0.03467,1115.0,151.8571,102136.0,84230.0,35230.0,0,0,0,0
2020-11-16,0.09,0.91,41.34,1888.95,7113.0,3626.91,11924.13,22.45,2570.98,0.03471,1111.0,153.815,120982.0,95770.0,29986.0,0,0,0,0
2020-11-17,0.09,0.87,41.43,1880.38,7050.0,3609.53,11899.34,22.71,2548.96,0.0347,1112.0,154.5224,138945.0,104969.0,26705.0,0,0,0,0
2020-11-18,0.09,0.88,41.82,1872.24,7083.0,3567.79,11801.6,23.84,2530.59,0.03477,1115.0,155.7223,46593.0,40125.0,26264.0,0,0,0,0
2020-11-19,0.07,0.86,41.74,1866.54,7028.0,3581.87,11904.71,23.11,2570.22,0.0347,1134.0,155.0347,53226.0,48901.0,23372.0,0,0,0,0
2020-11-20,0.07,0.83,42.15,1870.99,7178.5,3557.54,11854.97,23.7,2555.5,0.0347,1148.0,156.1625,59840.0,57202.0,21838.0,0,0,1,0
2020-11-23,0.08,0.86,43.06,1837.86,7215.5,3577.59,11880.63,22.66,2595.25,0.03472,1169.0,157.3263,70109.0,62907.0,17282.0,0,0,0,0
2020-11-24,0.09,0.88,44.91,1807.59,7302.0,3635.41,12036.79,21.64,2609.01,0.03468,1178.0,159.7913,70150.0,67054.0,17826.0,1,0,1,0
2020-11-25,0.09,0.88,45.71,1807.56,7238.5,3629.65,12094.4,21.25,2600.24,0.0347,1197.0,160.3857,54164.0,49110.0,18946.0,0,0,0,0
2020-11-26,0.09,0.88,45.71,1815.8,7356.5,3629.65,12094.4,21.25,2600.24,0.03471,1219.0,160.3857,69533.0,61786.0,14996.0,0,0,0,0
2020-11-27,0.09,0.84,45.53,1787.79,7462.0,3638.35,12205.85,20.84,2631.56,0.03471,1230.0,160.9708,75614.0,67868.0,16813.0,0,0,0,0
2020-11-30,0.08,0.84,45.34,1776.95,7674.5,3621.63,12198.74,20.57,2663.49,0.03469,1227.0,160.0558,82990.0,74445.0,11640.0,0,0,0,0
2020-12-01,0.09,0.92,44.55,1815.24,7644.0,3662.45,12355.11,20.77,2709.73,0.03468,1211.0,158.9394,85460.0,75740.0,8171.0,0,0,0,0
2020-12-02,0.09,0.95,45.28,1831.28,7616.5,3669.01,12349.37,21.17,2716.35,0.03476,1201.0,159.4206,80297.0,69365.0,9736.0,0,0,1,1
2020-12-03,0.08,0.92,45.64,1841.08,7679.0,3666.72,12377.18,21.28,2716.15,0.03488,1189.0,159.3106,87069.0,76851.0,10258.0,1,1,1,1
2020-12-04,0.09,0.97,46.26,1838.86,7741.5,3699.12,12464.23,20.79,2793.03,0.03506,1197.0,159.8943,97928.0,80380.0,9762.0,0,0,0,0
2020-12-07,0.08,0.94,45.76,1862.73,7656.5,3691.96,12519.95,21.3,2806.61,0.03505,1162.0,158.9506,105117.0,91105.0,5955.0,0,0,0,0
2020-12-08,0.09,0.92,45.6,1870.56,7635.0,3702.25,12582.77,20.68,2816.27,0.03507,1121.0,158.2821,111941.0,96699.0,5109.0,0,0,0,1
2020-12-09,0.08,0.95,45.52,1839.55,7704.5,3672.82,12338.95,22.27,2734.77,0.03508,1122.0,158.9208,102058.0,85534.0,-692.0,0,0,0,0
2020-12-10,0.08,0.92,46.78,1836.57,7712.0,3668.1,12405.81,22.52,2733.67,0.03508,1161.0,161.3917,113150.0,90975.0,-992.0,0,0,0,0
2020-12-11,0.08,0.9,46.57,1839.85,7741.0,3663.46,12377.87,23.31,2704.08,0.03516,1211.0,161.2492,116198.0,94677.0,-1439.0,0,0,0,1
2020-12-14,0.09,0.9,46.99,1827.35,7763.0,3647.49,12440.04,24.72,2736.25,0.03515,1235.0,162.2353,113735.0,98458.0,-4622.0,1,1,0,1
2020-12-15,0.08,0.92,47.62,1853.64,7753.0,3694.62,12595.06,22.89,2774.79,0.03514,1273.0,163.0198,115997.0,102024.0,-341.0,0,1,0,1
2020-12-16,0.09,0.92,47.82,1864.8,7823.0,3701.17,12658.19,22.5,2773.42,0.03512,1296.0,163.8578,20989.0,29913.0,-3645.0,0,0,0,0
2020-12-17,0.08,0.94,48.36,1885.42,7893.0,3722.48,12764.75,21.93,2778.14,0.03511,1301.0,165.4892,27239.0,34521.0,-6886.0,0,0,0,0
2020-12-18,0.08,0.95,49.1,1881.35,7964.0,3709.41,12755.64,21.57,2764.74,0.0351,1325.0,166.4534,32998.0,36749.0,-5967.0,1,1,0,1
2020-12-21,0.09,0.95,47.74,1876.89,7838.5,3694.92,12742.52,25.16,2747.29,0.03507,1323.0,164.8259,38926.0,46573.0,-4573.0,0,0,0,0
2020-12-22,0.09,0.93,47.02,1860.84,7753.0,3687.26,12807.92,24.23,2743.97,0.03503,1330.0,163.6122,39926.0,55950.0,-5722.0,0,0,0,1
2020-12-23,0.09,0.96,48.12,1872.89,7764.5,3690.01,12771.11,23.31,2723.53,0.03502,1362.0,165.2841,40098.0,43873.0,-6799.0,0,0,0,1
2020-12-24,0.09,0.94,48.23,1883.46,7793.0,3703.06,12804.73,21.53,2750.24,0.03505,1366.0,165.5497,51083.0,49148.0,-4499.0,1,1,0,1
2020-12-25,0.09,0.94,48.23,1883.46,7770.75,3703.06,12804.73,21.53,2750.24,0.03504,1366.0,165.5497,55288.0,52223.0,-5748.0,1,1,0,1
2020-12-28,0.11,0.94,47.62,1873.69,7770.75,3735.36,12899.42,21.7,2744.3,0.03506,1366.0,164.1339,57438.0,53714.0,-9366.0,0,0,0,1
2020-12-29,0.1,0.94,48.0,1878.18,7840.0,3727.04,12850.22,23.08,2738.05,0.03507,1366.0,165.3742,61425.0,57901.0,-9590.0,0,0,0,1
2020-12-30,0.08,0.93,48.4,1894.39,7803.5,3732.04,12870.0,22.77,2783.77,0.03508,1366.0,166.6791,48702.0,45898.0,-6537.0,0,0,0,0
2020-12-31,0.09,0.93,48.52,1898.36,7741.5,3756.07,12888.28,22.75,2795.5,0.03508,1366.0,167.7969,61051.0,62106.0,-9322.0,1,0,0,1
2021-01-04,0.09,0.93,47.62,1942.9,7918.5,3700.65,12698.45,26.97,2783.21,0.03518,1374.0,167.3462,74107.0,69606.0,-10220.0,1,0,0,1
2021-01-05,0.09,0.96,49.93,1950.01,7914.0,3726.86,12818.96,25.34,2837.17,0.03521,1418.0,171.7048,77315.0,74349.0,-10925.0,0,0,0,1
2021-01-06,0.09,1.04,50.63,1918.61,8129.5,3748.14,12740.79,25.07,2827.96,0.0352,1425.0,172.1066,74228.0,72851.0,-11130.0,0,0,0,1
2021-01-07,0.09,1.08,50.83,1913.95,8036.5,3803.79,13067.48,22.37,2937.0,0.03518,1448.0,172.312,98672.0,86553.0,-12796.0,0,0,0,1
2021-01-08,0.08,1.13,52.24,1849.01,8146.0,3824.68,13201.98,21.56,2936.47,0.03514,1606.0,173.3468,105573.0,104108.0,-15326.0,0,0,0,0
2021-01-11,0.08,1.15,52.25,1843.89,7951.5,3799.61,13036.43,24.08,2969.92,0.03511,1761.0,172.7273,115890.0,114022.0,-18844.0,0,0,0,0
2021-01-12,0.09,1.15,53.21,1854.77,7983.0,3801.19,13072.43,23.33,2988.02,0.03511,1849.0,174.9485,123137.0,120111.0,-19201.0,0,0,0,1
2021-01-13,0.09,1.1,52.91,1845.51,7960.5,3809.84,13128.95,22.21,2991.95,0.03516,1856.0,175.1888,107461.0,93734.0,-21535.0,0,0,0,0
2021-01-14,0.09,1.15,53.57,1846.53,8002.5,3795.54,13112.64,23.25,3055.64,0.03513,1792.0,176.7677,111154.0,105104.0,-28118.0,0,0,0,1
2021-01-15,0.09,1.11,52.36,1828.45,7979.5,3768.25,12998.5,24.34,2992.77,0.03511,1754.0,175.2473,117035.0,118150.0,-24852.0,0,0,0,1
2021-01-18,0.09,1.11,52.36,1841.26,7972.5,3768.25,12998.5,24.34,2992.77,0.0351,1740.0,175.2473,121364.0,121340.0,-27983.0,0,0,0,1
2021-01-19,0.09,1.1,52.98,1840.28,7986.5,3798.91,13197.18,23.24,3093.32,0.03512,1766.0,174.8468,122548.0,119244.0,-29982.0,0,0,1,1
2021-01-20,0.08,1.1,53.24,1871.84,8014.5,3851.85,13457.25,21.58,3085.04,0.03519,1828.0,175.1443,41339.0,48788.0,-16717.0,0,0,1,1
2021-01-21,0.09,1.12,53.13,1870.02,8051.0,3853.07,13530.91,21.32,3132.17,0.03524,1837.0,175.1629,66608.0,67788.0,-20581.0,0,0,1,1
2021-01-22,0.08,1.1,52.27,1855.61,7872.0,3841.47,13543.06,21.91,3074.4,0.03523,1810.0,172.8483,72492.0,77824.0,-27551.0,0,0,1,1
2021-01-25,0.09,1.05,52.77,1855.93,7984.5,3855.36,13635.99,23.19,3079.21,0.03522,1765.0,174.4353,84114.0,89549.0,-29123.0,0,0,1,1
2021-01-26,0.07,1.05,52.61,1850.92,7957.0,3849.62,13626.06,23.02,3031.77,0.0352,1659.0,175.4223,96836.0,96784.0,-27504.0,0,0,1,1
2021-01-27,0.08,1.04,52.85,1843.98,7895.0,3750.77,13270.6,37.21,2875.13,0.03524,1540.0,175.332,81876.0,79922.0,-28106.0,0,1,1,1
2021-01-28,0.07,1.07,52.34,1843.17,7778.5,3787.38,13337.16,30.21,2935.12,0.03518,1470.0,174.2937,91657.0,87396.0,-27807.0,0,1,1,1
2021-01-29,0.06,1.11,52.2,1847.65,7877.0,3714.24,13070.69,33.09,2887.08,0.0352,1452.0,174.2021,106973.0,92278.0,-17366.0,0,1,1,1
2021-02-01,0.07,1.09,53.55,1860.78,7827.0,3773.86,13403.39,30.24,2999.99,0.03523,1444.0,177.2309,115865.0,98885.0,-19624.0,0,1,1,1
2021-02-02,0.07,1.12,54.76,1838.03,7755.5,3826.31,13612.78,25.56,3047.33,0.03523,1380.0,178.0224,121980.0,105451.0,-18855.0,0,1,1,1
2021-02-03,0.04,1.15,55.69,1834.04,7832.5,3830.17,13610.54,22.91,2982.87,0.03524,1327.0,179.0481,101238.0,85308.0,-21742.0,1,1,1,1
2021-02-04,0.04,1.15,56.23,1794.03,7833.5,3871.74,13777.74,21.77,3008.42,0.03523,1327.0,180.2439,98950.0,89566.0,-20889.0,1,1,1,1
2021-02-05,0.03,1.19,56.85,1814.11,7936.5,3886.83,13856.3,20.87,2985.01,0.03522,1333.0,181.3905,97854.0,93219.0,-22661.0,1,1,1,1
2021-02-17,0.04,1.29,61.14,1776.13,8413.5,3931.33,13965.49,21.5,3178.24,0.03524,1756.0,188.6789,26616.0,37449.0,-16991.0,1,1,1,1
2021-02-18,0.03,1.29,60.52,1775.67,8650.0,3913.97,13865.36,22.49,3146.79,0.0353,1770.0,188.6701,37100.0,47057.0,-23149.0,1,1,1,1
2021-02-19,0.04,1.34,59.24,1784.25,8806.5,3906.71,13874.46,22.05,3223.46,0.03529,1698.0,188.6249,39313.0,59095.0,-21938.0,1,1,1,1
2021-02-22,0.03,1.37,61.49,1809.67,9067.5,3876.5,13533.05,23.45,3102.01,0.03529,1709.0,192.6227,52671.0,68205.0,-26187.0,1,1,1,1
2021-02-23,0.04,1.37,61.67,1805.73,9158.0,3881.37,13465.2,23.11,3083.88,0.03533,1727.0,192.4987,53728.0,72022.0,-27792.0,1,1,1,1
2021-02-24,0.03,1.38,63.22,1805.06,9286.0,3925.43,13597.97,21.34,3183.74,0.03533,1709.0,195.1273,48923.0,70038.0,-29148.0,1,1,1,1
2021-02-25,0.04,1.54,63.53,1770.56,9614.5,3829.34,13119.43,28.89,2999.16,0.03539,1700.0,194.5878,61549.0,79535.0,-28482.0,1,1,1,1
2021-02-26,0.04,1.44,61.5,1734.04,9172.5,3811.15,13192.35,27.95,3067.62,0.03533,1675.0,190.4336,62985.0,90154.0,-29435.0,1,1,1,1
2021-03-02,0.04,1.42,59.75,1738.36,9213.5,3870.29,13358.79,24.1,3070.94,0.03531,1673.0,189.9809,72819.0,90959.0,-24753.0,1,1,1,1
2021-03-03,0.05,1.47,61.28,1711.23,9266.0,3819.72,12997.75,26.67,2975.58,0.03539,1763.0,189.9634,60862.0,75739.0,-24961.0,0,1,1,1
2021-03-04,0.04,1.54,63.83,1697.52,8786.5,3768.47,12723.47,28.57,2831.63,0.03538,1779.0,190.7463,66782.0,87969.0,-23750.0,1,1,1,1
2021-03-05,0.04,1.56,66.09,1700.64,9021.5,3841.94,12920.15,24.66,2920.75,0.03537,1829.0,193.4473,69953.0,92152.0,-25695.0,1,1,1,1
2021-03-08,0.05,1.59,65.05,1683.54,8992.5,3821.35,12609.16,25.47,2762.75,0.03533,1853.0,192.2821,72947.0,94190.0,-20194.0,1,1,1,1
2021-03-09,0.05,1.55,64.01,1716.1,8895.0,3875.44,13073.8203,24.03,2932.21,0.03522,1901.0,191.3392,78698.0,94286.0,-23925.0,0,1,1,1
2021-03-10,0.04,1.53,64.44,1726.71,8939.0,3898.81,13068.83,22.56,2879.32,0.0353,1980.0,191.7562,72622.0,77389.0,-21680.0,0,0,1,1
2021-03-11,0.04,1.54,66.02,1722.6,9062.5,3939.34,13398.67,21.91,2997.13,0.03541,1970.0,194.5448,84214.0,91410.0,-27138.0,0,1,1,1
2021-03-12,0.04,1.64,65.61,1727.11,9052.5,3943.34,13319.86,20.69,2965.09,0.03548,1960.0,193.7909,85003.0,97745.0,-28859.0,0,1,1,1
2021-03-15,0.04,1.62,65.39,1731.67,9147.5,3968.94,13459.71,20.03,3032.05,0.03541,1983.0,193.4174,88208.0,106924.0,-30305.0,1,1,1,1
2021-03-16,0.02,1.62,64.8,1731.4,8965.5,3962.71,13471.57,19.79,3070.32,0.03538,2017.0,193.4298,85126.0,108779.0,-26901.0,0,1,1,1
2021-03-17,0.02,1.63,64.6,1745.33,9027.0,3974.12,13525.2,19.23,3107.92,0.03533,2105.0,192.6756,29904.0,42897.0,-27350.0,0,1,1,1
2021-03-18,0.01,1.71,60.0,1736.42,9090.0,3915.46,13116.17,21.58,2976.22,0.03533,2215.0,187.1393,50738.0,52605.0,-26714.0,0,1,1,1
2021-03-19,0.01,1.74,61.42,1745.23,9036.0,3913.1,13215.24,20.95,3011.37,0.03513,2281.0,188.788,54274.0,59462.0,-27393.0,0,1,1,1
2021-03-22,0.03,1.69,61.55,1739.03,9097.5,3940.59,13377.54,18.88,3077.55,0.0351,2319.0,189.0646,64356.0,62141.0,-24953.0,1,1,1,1
2021-03-23,0.01,1.63,57.76,1727.07,9016.5,3910.52,13227.7,20.3,2994.21,0.03511,2271.0,184.5022,66883.0,63739.0,-25977.0,1,1,1,1
2021-03-24,0.02,1.62,61.18,1734.69,9016.0,3889.14,12961.89,21.2,2953.97,0.03504,2194.0,187.9113,41380.0,64902.0,-28218.0,1,1,1,1
2021-03-25,0.02,1.63,58.56,1726.93,8781.0,3909.52,12977.68,19.81,2959.88,0.03495,2172.0,184.3474,51195.0,67437.0,-25105.0,1,1,1,1
2021-03-26,0.02,1.67,60.97,1732.52,8929.0,3974.54,13138.72,18.86,3106.28,0.03496,2178.0,187.7312,60451.0,67910.0,-22835.0,1,1,1,1
2021-03-29,0.03,1.73,61.56,1712.2,8942.5,3971.09,13059.65,20.74,3054.63,0.03502,2162.0,187.5315,64138.0,75855.0,-20341.0,1,1,1,1
2021-03-30,0.02,1.73,60.55,1685.2,8788.5,3958.55,13045.39,19.61,3044.55,0.03506,2103.0,184.8741,66344.0,76804.0,-19365.0,1,1,1,1
2021-03-31,0.03,1.74,59.16,1707.71,8850.5,3972.89,13246.87,19.4,3124.94,0.03505,2046.0,184.9619,48906.0,62625.0,-21379.0,1,1,1,1
2021-04-01,0.02,1.69,61.45,1729.31,8768.0,4019.87,13480.11,17.33,3240.17,0.03505,2072.0,186.7019,56725.0,70889.0,-19816.0,1,1,1,1
2021-04-06,0.02,1.67,59.33,1743.27,8984.5,4073.94,13698.38,18.12,3266.1,0.0351,2092.0,185.8393,62946.0,77595.0,-19121.0,0,0,0,0
2021-04-07,0.02,1.68,59.77,1737.72,8981.5,4079.95,13688.84,17.16,3266.46,0.03518,2127.0,186.3077,53599.0,70672.0,-22867.0,0,0,0,0
2021-04-08,0.01,1.64,59.6,1755.84,9001.5,4097.17,13829.31,16.95,3301.26,0.03517,2088.0,187.3687,64419.0,81491.0,-23362.0,1,1,0,0
2021-04-09,0.02,1.67,59.32,1743.88,8993.0,4128.8,13900.19,16.69,3294.53,0.03517,2085.0,186.7427,69424.0,96631.0,-25452.0,1,0,0,0
2021-04-12,0.02,1.69,59.7,1732.76,8901.0,4127.99,13850.0,16.91,3258.33,0.03514,2145.0,186.4106,80790.0,106345.0,-25972.0,1,0,0,0
2021-04-13,0.03,1.64,60.18,1745.51,8904.0,4141.59,13996.1,16.65,3252.7,0.03513,2140.0,188.1368,82877.0,110907.0,-25406.0,1,0,0,0
2021-04-14,0.02,1.64,63.15,1736.43,9011.0,4124.66,13857.84,16.99,3213.88,0.03517,2178.0,192.4493,76533.0,101894.0,-25170.0,1,0,0,0
2021-04-15,0.02,1.56,63.46,1763.95,9187.5,4170.42,14038.76,16.57,3271.33,0.03523,2323.0,193.8606,81911.0,108241.0,-24594.0,1,0,0,0
2021-04-16,0.02,1.59,63.13,1776.51,9336.0,4185.47,14052.34,16.25,3253.08,0.03528,2385.0,193.2101,83067.0,110726.0,-28850.0,0,0,0,0
2021-04-19,0.02,1.61,63.38,1771.43,9415.0,4163.26,13914.77,17.29,3171.0,0.03545,2432.0,193.9773,86181.0,114311.0,-24535.0,0,0,0,0
2021-04-20,0.03,1.58,62.44,1778.75,9396.5,4134.94,13786.27,18.68,3121.43,0.03554,2472.0,193.7791,93332.0,123476.0,-28832.0,0,0,0,0
2021-04-21,0.03,1.57,61.35,1793.79,9382.5,4173.42,13950.22,17.5,3207.25,0.03552,2710.0,193.6606,50172.0,60835.0,-26668.0,0,0,0,0
2021-04-22,0.03,1.57,61.43,1783.94,9475.5,4134.98,13818.41,18.71,3133.17,0.03554,2750.0,194.6802,66411.0,79135.0,-28734.0,0,0,0,0
2021-04-23,0.03,1.58,62.14,1777.2,9545.5,4180.17,14016.81,17.33,3196.98,0.03557,2788.0,196.0583,71806.0,84566.0,-29457.0,0,0,0,0
2021-04-26,0.03,1.58,61.91,1781.38,9758.0,4187.62,14138.78,17.64,3250.26,0.03577,2808.0,198.1118,82725.0,92044.0,-30486.0,0,0,0,0
2021-04-27,0.01,1.63,62.94,1776.6,9898.5,4186.72,14090.22,17.56,3225.61,0.03584,2889.0,200.093,84664.0,94416.0,-31451.0,0,0,0,0
2021-04-28,0.01,1.63,63.86,1781.68,9832.5,4183.18,14051.03,17.28,3178.49,0.03579,2957.0,200.3594,75835.0,83604.0,-33341.0,0,0,0,0
2021-04-29,0.01,1.65,65.01,1772.18,9990.0,4211.47,14082.55,17.61,3202.5,0.03578,3007.0,200.6702,85569.0,90874.0,-32008.0,0,0,0,0
2021-05-03,0.04,1.63,64.49,1792.88,9949.0,4192.66,13895.12,18.31,3073.38,0.03574,3053.0,200.849,89601.0,104778.0,-36251.0,0,0,1,1
2021-05-04,0.02,1.61,65.69,1779.06,9961.0,4164.66,13633.5,19.48,3024.31,0.03578,3157.0,202.4488,105776.0,125361.0,-39364.0,1,1,1,1
2021-05-05,0.02,1.59,65.63,1786.87,9991.5,4167.59,13582.42,19.15,3042.88,0.03577,3266.0,204.1384,86533.0,101179.0,-38754.0,1,0,1,1
2021-05-06,0.02,1.58,64.71,1815.22,10025.5,4201.62,13632.84,18.39,3066.22,0.03573,3212.0,205.2537,95074.0,109025.0,-34174.0,0,0,0,0
2021-05-07,0.02,1.6,64.9,1831.24,10361.0,4232.6,13752.24,16.69,3112.03,0.03583,3183.0,206.9628,97964.0,109341.0,-36030.0,0,0,0,0
2021-05-10,0.02,1.63,64.92,1836.07,10724.5,4188.43,13401.86,19.66,2967.11,0.03595,3240.0,206.1565,100602.0,112693.0,-37519.0,0,0,0,0
2021-05-11,0.01,1.64,65.28,1837.47,10528.0,4152.1,13389.43,21.84,2976.01,0.03578,3254.0,207.5525,106006.0,123156.0,-32518.0,0,0,0,0
2021-05-12,0.02,1.69,66.08,1815.69,10537.0,4063.04,13031.68,27.59,2851.15,0.03577,3139.0,207.9603,99597.0,112868.0,-24863.0,0,1,1,1
2021-05-13,0.02,1.66,63.82,1826.72,10253.5,4112.5,13124.99,23.13,2893.94,0.03572,3077.0,202.9479,115103.0,129010.0,-21792.0,1,1,1,1
2021-05-14,0.01,1.63,65.37,1843.43,10212.0,4173.85,13429.98,18.81,2981.42,0.0357,2939.0,203.2924,123184.0,131025.0,-15524.0,0,0,0,0
2021-05-17,0.02,1.64,66.27,1866.9,10257.0,4163.29,13379.05,19.72,2954.63,0.03566,2856.0,205.9422,133390.0,147840.0,-15406.0,0,1,1,1
2021-05-18,0.02,1.64,65.49,1869.44,10465.0,4127.83,13303.64,21.34,2929.15,0.03578,2795.0,205.7771,139397.0,151920.0,-20104.0,0,1,1,1
2021-05-19,0.01,1.68,63.36,1869.62,9980.0,4115.68,13299.74,22.18,2987.28,0.03574,2801.0,201.8589,54749.0,61218.0,-20081.0,1,1,1,1
2021-05-20,0.01,1.63,62.05,1877.21,10086.0,4159.12,13535.74,20.67,3066.11,0.0357,2824.0,199.9995,62915.0,65760.0,-18983.0,0,1,1,1
2021-05-21,0.01,1.63,63.58,1881.25,10011.0,4155.86,13470.99,20.15,3052.1,0.03579,2869.0,200.8728,67231.0,66895.0,-21320.0,0,1,1,0
2021-05-24,0.02,1.61,66.05,1881.02,9868.0,4197.05,13661.17,18.4,3122.98,0.03578,2881.0,202.9639,77084.0,75077.0,-24270.0,1,1,1,1
2021-05-25,0.02,1.56,66.07,1899.25,9943.0,4188.13,13657.17,18.84,3134.67,0.03587,2809.0,202.4403,89000.0,82347.0,-22944.0,1,1,1,0
2021-05-26,0.02,1.58,66.21,1896.67,9965.0,4195.99,13738.0,17.36,3140.98,0.03594,2754.0,203.44,84201.0,79359.0,-22594.0,1,1,1,1
2021-05-27,0.02,1.61,66.85,1896.54,10032.5,4200.88,13736.28,16.74,3159.27,0.03594,2688.0,205.7768,89460.0,86045.0,-23354.0,1,1,1,1
2021-05-28,0.01,1.58,66.32,1903.77,10159.5,4204.11,13748.74,16.76,3186.56,0.03601,2596.0,205.6988,93970.0,90973.0,-24066.0,1,1,1,0
2021-05-31,0.01,1.58,66.32,1906.87,10159.5,4204.11,13748.74,16.76,3186.56,0.03616,2596.0,205.6988,102729.0,98791.0,-24752.0,1,1,1,1
2021-06-01,0.02,1.62,67.72,1900.44,10212.5,4202.04,13736.48,17.9,3174.32,0.03618,2568.0,208.4422,108480.0,99841.0,-25277.0,1,1,1,0
2021-06-02,0.02,1.59,68.83,1908.38,10117.5,4208.12,13756.33,17.48,3196.98,0.03608,2530.0,209.2774,103999.0,96898.0,-24529.0,1,0,0,0
2021-06-03,0.02,1.63,68.81,1870.76,9967.0,4192.85,13614.51,18.04,3139.19,0.0361,2472.0,207.4666,110978.0,101827.0,-24980.0,0,0,0,0
2021-06-04,0.02,1.56,69.62,1891.59,9852.0,4229.89,13814.49,16.42,3214.14,0.03607,2438.0,210.294,111821.0,105716.0,-27839.0,0,0,0,0
2021-06-07,0.02,1.57,69.23,1899.21,9848.0,4226.52,13881.72,16.42,3191.66,0.03609,2428.0,209.5325,113028.0,108683.0,-27364.0,0,0,0,0
2021-06-08,0.02,1.53,70.05,1892.89,9878.5,4227.26,13924.91,17.07,3171.22,0.0361,2420.0,211.2059,112400.0,111716.0,-28205.0,0,0,0,0
2021-06-09,0.03,1.5,69.96,1888.57,9877.0,4219.55,13911.75,17.89,3158.48,0.03601,2481.0,211.1655,98839.0,107166.0,-28668.0,0,0,0,0
2021-06-10,0.03,1.45,70.29,1898.51,9808.5,4239.18,14020.33,16.1,3196.21,0.0361,2669.0,212.1859,107035.0,111812.0,-29672.0,0,0,0,0
2021-06-11,0.03,1.47,70.91,1877.53,10029.0,4247.44,14069.42,15.65,3210.06,0.03619,2857.0,212.2459,111475.0,114250.0,-29119.0,0,0,0,0
2021-06-15,0.03,1.51,72.12,1859.02,9552.5,4246.59,14072.86,17.02,3225.98,0.03616,3025.0,210.1792,116235.0,121127.0,-31269.0,0,0,0,0
2021-06-16,0.04,1.57,72.15,1811.47,9508.0,4223.7,14039.68,18.15,3201.01,0.03611,3176.0,210.1691,28977.0,25238.0,-29018.0,0,0,0,0
2021-06-17,0.04,1.52,71.04,1773.5,9427.5,4221.86,14161.35,17.75,3231.71,0.03602,3267.0,204.2381,35809.0,30953.0,-33088.0,0,0,0,0
2021-06-18,0.05,1.45,71.64,1764.16,9206.0,4166.45,14030.38,20.7,3152.81,0.03596,3218.0,205.8601,38112.0,34521.0,-31612.0,0,0,0,0
2021-06-21,0.05,1.5,73.66,1783.27,9042.5,4224.79,14141.48,17.89,3171.99,0.03578,3190.0,207.8656,43343.0,48917.0,-31474.0,1,1,0,0
2021-06-22,0.04,1.48,73.06,1778.74,9190.5,4246.44,14253.27,16.66,3185.43,0.03576,3119.0,207.8803,47591.0,52017.0,-31072.0,0,0,0,0
2021-06-23,0.05,1.5,73.08,1778.68,9289.5,4241.84,14271.73,16.32,3197.22,0.03571,3147.0,209.2446,44139.0,42842.0,-32464.0,0,0,0,0
2021-06-24,0.05,1.49,73.3,1775.45,9390.5,4266.49,14369.71,15.97,3253.8,0.03571,3175.0,209.5123,48268.0,50151.0,-31494.0,0,0,0,0
2021-06-25,0.06,1.54,74.05,1781.44,9432.5,4280.7,14360.39,15.62,3241.48,0.03583,3255.0,210.417,49929.0,50067.0,-29494.0,0,0,0,0
2021-06-28,0.05,1.49,72.91,1778.48,9333.5,4290.61,14500.51,15.76,3323.14,0.03583,3324.0,210.9386,53199.0,54231.0,-30034.0,0,0,0,0
2021-06-29,0.04,1.49,72.98,1761.24,9225.5,4291.8,14528.33,16.02,3348.87,0.03583,3418.0,211.3204,57052.0,58234.0,-29302.0,0,0,0,0
2021-06-30,0.05,1.45,73.47,1770.11,9385.0,4297.5,14503.95,15.83,3345.31,0.03588,3383.0,213.3853,55831.0,56098.0,-29071.0,1,0,0,0
2021-07-01,0.05,1.48,75.23,1776.84,9342.0,4319.94,14522.38,15.48,3295.06,0.03584,3338.0,214.5701,58948.0,63278.0,-29913.0,1,0,0,0
2021-07-02,0.05,1.44,75.16,1787.3,9296.5,4352.34,14639.33,15.07,3315.83,0.03573,3285.0,214.9547,59753.0,67017.0,-28865.0,1,0,0,0
2021-07-05,0.05,1.44,75.16,1791.77,9432.0,4352.34,14639.33,15.07,3315.83,0.03582,3224.0,214.9547,62240.0,79355.0,-28080.0,0,0,0,0
2021-07-06,0.05,1.37,73.37,1797.08,9528.0,4343.54,14663.64,16.44,3307.92,0.03582,3179.0,210.2404,63764.0,81265.0,-29013.0,0,0,0,0
2021-07-07,0.05,1.33,72.2,1803.63,9451.5,4358.13,14665.06,16.2,3261.73,0.03572,3241.0,209.2049,57688.0,73431.0,-27435.0,0,0,0,0
2021-07-08,0.06,1.3,72.94,1802.83,9264.5,4320.82,14559.78,19.0,3222.81,0.03567,3281.0,209.552,60892.0,81266.0,-27497.0,0,0,0,0
2021-07-09,0.06,1.37,74.56,1808.32,9437.5,4369.55,14701.92,16.18,3278.39,0.0356,3300.0,211.7968,64053.0,90875.0,-28740.0,0,0,0,0
2021-07-12,0.05,1.38,74.1,1806.28,9347.0,4384.63,14733.24,16.17,3319.0,0.0357,3300.0,212.707,69811.0,93402.0,-29256.0,0,0,0,0
2021-07-13,0.05,1.42,75.25,1807.76,9310.0,4369.21,14677.65,17.12,3300.81,0.03572,3228.0,214.1184,71944.0,97193.0,-28212.0,0,0,0,0
2021-07-14,0.06,1.37,73.13,1827.53,9309.0,4374.3,14644.95,16.33,3289.18,0.03571,3139.0,213.3793,64641.0,90826.0,-27147.0,0,0,0,0
2021-07-15,0.05,1.31,71.65,1829.47,9347.0,4360.03,14543.13,17.01,3217.74,0.03585,3073.0,212.2451,68714.0,99229.0,-28043.0,0,0,0,0
2021-07-16,0.05,1.31,71.81,1812.05,9396.5,4327.16,14427.24,18.45,3145.45,0.03571,3039.0,212.5816,75130.0,103687.0,-29577.0,0,0,0,0
2021-07-19,0.05,1.19,66.42,1812.64,9264.5,4258.49,14274.98,22.5,3147.51,0.03565,3059.0,205.5876,80704.0,108225.0,-33866.0,0,0,0,0
2021-07-20,0.05,1.23,67.42,1810.36,9211.0,4323.06,14498.88,19.73,3190.95,0.03564,3053.0,208.989,86092.0,112665.0,-36438.0,0,0,0,0
2021-07-21,0.05,1.3,70.3,1803.66,9271.5,4358.69,14631.95,17.91,3288.75,0.03562,3058.0,212.9847,25461.0,42182.0,-35205.0,0,0,0,0
2021-07-22,0.05,1.27,71.91,1806.92,9382.5,4367.48,14684.6,17.69,3259.42,0.03569,3103.0,216.3355,37057.0,53837.0,-35187.0,0,0,0,0
2021-07-23,0.05,1.3,72.07,1802.15,9433.5,4411.79,14836.99,17.2,3280.06,0.03568,3199.0,216.5967,38477.0,56202.0,-35363.0,0,0,0,0
2021-07-26,0.05,1.29,71.91,1797.63,9580.0,4422.3,14840.71,17.58,3276.92,0.03562,3210.0,219.5111,41682.0,61159.0,-34437.0,0,0,0,0
2021-07-27,0.05,1.25,71.65,1799.09,9709.0,4401.46,14660.58,19.36,3215.97,0.03564,3166.0,218.109,47392.0,65579.0,-34740.0,0,0,0,1
2021-07-28,0.05,1.26,72.39,1807.11,9697.0,4400.64,14762.58,18.31,3272.45,0.03571,3154.0,219.0793,32826.0,61977.0,-31456.0,1,1,1,1
2021-07-29,0.06,1.28,73.62,1828.17,9781.0,4419.15,14778.26,17.7,3333.24,0.03578,3214.0,221.212,40029.0,64752.0,-28366.0,1,1,1,1
2021-07-30,0.06,1.24,73.95,1814.19,9747.5,4395.26,14672.68,18.24,3356.53,0.03576,3292.0,218.0778,45225.0,67789.0,-28141.0,1,1,1,1
2021-08-02,0.05,1.2,71.26,1813.47,9737.0,4387.16,14681.07,19.46,3377.49,0.0358,3282.0,215.7385,47466.0,69600.0,-29811.0,0,0,0,0
2021-08-03,0.05,1.19,70.56,1810.44,9583.5,4423.15,14761.29,18.04,3396.66,0.0358,3281.0,215.2873,47083.0,72353.0,-28545.0,0,0,0,0
2021-08-04,0.05,1.19,68.15,1811.74,9503.0,4402.66,14780.53,17.97,3436.9,0.03593,3318.0,213.516,38449.0,63779.0,-27318.0,0,0,0,0
2021-08-05,0.05,1.23,69.09,1804.41,9429.0,4429.1,14895.12,17.28,3424.46,0.036,3376.0,215.1492,41243.0,69496.0,-30283.0,0,0,0,0
2021-08-06,0.06,1.31,68.28,1763.03,9529.5,4436.52,14835.76,16.15,3412.05,0.03595,3371.0,214.4885,45762.0,76056.0,-28413.0,0,0,0,0
2021-08-09,0.06,1.33,66.48,1729.94,9311.5,4432.35,14860.18,16.72,3399.76,0.03594,3371.0,211.6837,48472.0,78041.0,-26348.0,0,0,0,0
2021-08-10,0.05,1.36,68.29,1728.93,9409.5,4436.75,14788.09,16.79,3358.87,0.03593,3375.0,215.2335,50045.0,79147.0,-27922.0,0,0,0,0
2021-08-11,0.05,1.35,69.25,1751.7,9421.0,4447.7,14765.14,16.06,3350.93,0.03591,3410.0,216.6971,43948.0,73973.0,-31707.0,0,0,0,0
2021-08-12,0.06,1.36,69.09,1752.9,9508.5,4460.83,14816.26,15.59,3312.96,0.03595,3503.0,216.9605,48798.0,80624.0,-30489.0,0,0,0,0
2021-08-13,0.06,1.29,68.44,1779.74,9429.5,4468.0,14822.9,15.45,3335.04,0.03589,3566.0,216.9637,52200.0,83967.0,-32082.0,0,0,0,0
2021-08-16,0.06,1.26,67.29,1787.45,9377.0,4479.71,14793.76,16.12,3322.64,0.03591,3606.0,215.9536,56336.0,86024.0,-28069.0,0,0,0,0
2021-08-17,0.07,1.26,66.59,1786.19,9226.75,4448.08,14656.18,17.91,3256.82,0.03588,3657.0,214.1382,59729.0,92573.0,-27121.0,0,0,0,0
2021-08-18,0.07,1.27,65.46,1787.82,9148.5,4400.27,14525.91,21.57,3208.83,0.03592,3833.0,212.887,26234.0,41910.0,-27393.0,0,0,0,0
2021-08-19,0.06,1.24,63.69,1780.38,8775.5,4405.8,14541.79,21.67,3235.87,0.03575,3976.0,209.0603,36934.0,61014.0,-23836.0,0,0,1,1
2021-08-20,0.05,1.26,62.32,1781.11,8922.0,4441.67,14714.66,18.56,3256.5,0.0357,4092.0,206.9585,41988.0,66612.0,-20640.0,1,1,1,1
2021-08-23,0.05,1.25,65.64,1805.43,9237.0,4479.53,14942.65,17.15,3342.01,0.03573,4147.0,211.9149,48273.0,69313.0,-22213.0,1,1,1,1
2021-08-24,0.05,1.29,67.54,1802.9,9316.5,4486.23,15019.8,17.22,3345.39,0.03579,4201.0,215.089,50990.0,71573.0,-21172.0,0,0,0,1
2021-08-25,0.06,1.35,68.36,1791.0,9378.5,4496.19,15041.86,16.79,3372.55,0.03581,4193.0,216.709,39664.0,62585.0,-21017.0,0,0,1,1
2021-08-26,0.05,1.34,67.42,1792.43,9315.0,4470.0,14945.81,18.84,3370.39,0.03579,4195.0,216.3705,45439.0,66049.0,-19929.0,0,0,0,1
2021-08-27,0.05,1.31,68.74,1817.57,9352.0,4509.37,15129.5,16.39,3436.45,0.03581,4235.0,219.1764,45570.0,66296.0,-17571.0,0,0,0,1
2021-08-30,0.05,1.29,69.21,1810.34,9352.0,4528.79,15265.89,16.19,3446.44,0.03595,4235.0,219.5206,49793.0,78224.0,-19298.0,0,0,0,1
2021-08-31,0.04,1.3,68.5,1813.62,9462.5,4522.68,15259.24,16.48,3417.72,0.03601,4132.0,218.1659,50591.0,80873.0,-19164.0,0,0,0,0
2021-09-01,0.05,1.31,68.59,1813.9,9312.0,4524.09,15309.38,16.11,3399.95,0.03605,4013.0,217.9795,43606.0,73728.0,-20199.0,0,0,1,1
2021-09-02,0.05,1.29,69.99,1809.66,9347.0,4536.95,15331.18,16.41,3411.32,0.03606,4001.0,220.0142,46445.0,77711.0,-15805.0,0,1,1,1
2021-09-03,0.05,1.33,69.29,1827.73,9361.0,4535.43,15363.52,16.41,3430.89,0.0361,3944.0,220.1137,49154.0,82967.0,-19816.0,0,1,1,1
2021-09-06,0.05,1.33,69.29,1823.29,9401.5,4535.43,15363.52,16.41,3430.89,0.03615,3822.0,220.1137,50469.0,88933.0,-16296.0,0,1,1,1
2021-09-07,0.05,1.38,68.35,1794.36,9325.0,4520.03,15374.33,18.14,3419.73,0.03614,3707.0,217.9138,53501.0,92706.0,-15580.0,0,1,1,1
2021-09-08,0.05,1.35,69.3,1789.26,9256.0,4514.07,15286.64,17.96,3377.68,0.03604,3618.0,219.2976,52320.0,87384.0,-14197.0,0,0,1,1
2021-09-09,0.04,1.3,68.14,1794.58,9369.25,4493.28,15248.25,18.8,3390.84,0.03603,3643.0,218.4741,62224.0,92034.0,-11655.0,1,1,1,1
2021-09-10,0.05,1.35,69.72,1787.58,9684.5,4458.58,15115.49,20.95,3416.66,0.03611,3864.0,220.4277,65009.0,99448.0,-14302.0,1,1,1,1
2021-09-13,0.06,1.33,70.45,1793.75,9550.5,4468.73,15105.58,19.37,3449.68,0.03608,4163.0,221.1991,68400.0,101013.0,-15403.0,0,1,1,1
2021-09-14,0.04,1.28,70.46,1804.51,9426.25,4443.05,15037.76,19.46,3449.39,0.03608,4221.0,221.5239,70394.0,108925.0,-15368.0,0,1,1,1
2021-09-15,0.04,1.31,72.61,1794.06,9608.0,4480.7,15161.53,18.18,3465.76,0.03609,4233.0,225.4558,22335.0,40418.0,-15086.0,0,0,1,1
2021-09-16,0.04,1.34,72.61,1753.77,9348.5,4473.75,15181.92,18.69,3473.6,0.03608,4215.0,223.9367,27559.0,52047.0,-17997.0,0,1,1,1
2021-09-17,0.04,1.37,71.97,1754.34,9307.25,4432.99,15043.97,20.81,3421.16,0.03605,4275.0,222.1117,33564.0,59862.0,-16613.0,1,1,1,1
2021-09-22,0.03,1.32,72.23,1768.16,9301.75,4395.64,14896.85,20.87,3412.02,0.03599,4560.0,221.7923,28893.0,52994.0,-17828.0,1,1,1,1
2021-09-23,0.03,1.41,73.3,1742.76,9284.45,4448.98,15052.24,18.63,3457.45,0.03601,4651.0,223.9948,34601.0,60947.0,-16468.0,0,0,1,1
2021-09-24,0.03,1.47,73.98,1750.42,9343.75,4455.48,15047.7,17.75,3453.92,0.03606,4644.0,225.3112,44872.0,66725.0,-17463.0,0,0,1,1
2021-09-27,0.04,1.48,75.45,1750.16,9372.5,4443.11,14969.97,18.76,3445.44,0.03607,4717.0,228.2421,49653.0,71039.0,-19326.0,0,0,1,1
2021-09-28,0.04,1.54,75.29,1734.01,9281.1,4352.63,14546.68,23.25,3314.39,0.03599,4962.0,228.5918,56637.0,78807.0,-18446.0,0,0,1,1
2021-09-29,0.04,1.55,74.83,1726.37,9174.0,4359.46,14512.44,22.56,3263.84,0.03595,5197.0,227.1528,49715.0,73902.0,-18170.0,0,0,1,1
2021-09-30,0.04,1.52,75.03,1756.95,8944.5,4307.54,14448.58,23.14,3258.09,0.03589,5167.0,228.9221,61760.0,87879.0,-16731.0,0,0,1,1
2021-10-01,0.04,1.48,75.88,1760.98,9135.0,4357.04,14566.7,21.15,3261.18,0.03587,5202.0,230.3822,69614.0,103238.0,-13037.0,0,0,1,1
2021-10-04,0.04,1.49,77.62,1769.57,9257.5,4300.46,14255.48,22.96,3180.06,0.03589,5267.0,233.0842,72698.0,104272.0,-11157.0,0,0,1,1
2021-10-05,0.04,1.54,78.93,1760.18,9177.0,4345.72,14433.83,21.3,3227.25,0.03583,5409.0,235.7927,81214.0,118409.0,-17129.0,0,0,1,1
2021-10-06,0.04,1.53,77.43,1762.74,9052.6,4363.55,14501.91,21.0,3238.79,0.03575,5647.0,232.2267,72185.0,109191.0,-13742.0,0,0,1,1
2021-10-07,0.05,1.58,78.3,1755.78,9289.5,4399.76,14654.02,19.54,3274.48,0.03578,5650.0,234.3365,80725.0,115481.0,-18280.0,0,0,1,1
2021-10-08,0.05,1.61,79.35,1758.54,9387.75,4391.34,14579.54,18.77,3246.27,0.03566,5526.0,235.4177,93286.0,124116.0,-21144.0,0,0,1,1
2021-10-12,0.06,1.59,80.64,1760.18,9520.0,4350.65,14465.92,19.85,3178.15,0.03552,5378.0,235.866,107845.0,132632.0,-15634.0,0,0,1,1
2021-10-13,0.05,1.56,80.44,1792.97,9759.5,4363.8,14571.64,18.64,3192.75,0.03553,5206.0,235.6993,99270.0,130451.0,-18436.0,0,0,1,1
2021-10-14,0.05,1.52,81.31,1795.87,10131.0,4438.26,14823.43,16.86,3291.24,0.03558,5062.0,238.131,103652.0,133411.0,-16127.0,0,1,1,1
2021-10-15,0.05,1.59,82.28,1767.62,10538.0,4471.37,14897.34,16.3,3314.41,0.03568,4854.0,239.27,114568.0,139884.0,-17650.0,0,1,1,1
2021-10-18,0.06,1.59,82.44,1764.86,11299.5,4486.46,15021.81,16.31,3338.78,0.0357,4732.0,237.8912,121387.0,142264.0,-19002.0,0,1,1,1
2021-10-19,0.05,1.65,82.96,1769.29,10487.5,4519.63,15129.09,15.7,3381.45,0.0358,4714.0,238.2527,122143.0,140709.0,-18206.0,0,1,1,1
2021-10-20,0.05,1.65,83.87,1782.08,10481.25,4536.19,15121.68,15.49,3374.22,0.03583,4751.0,240.3511,46042.0,55359.0,-17463.0,0,1,1,1
2021-10-21,0.06,1.68,82.5,1782.9,10078.5,4549.78,15215.7,15.01,3412.05,0.03583,4653.0,236.5972,53488.0,63634.0,-18163.0,1,1,1,1
2021-10-22,0.06,1.66,83.76,1792.65,9857.0,4544.9,15090.2,15.43,3370.28,0.03584,4410.0,237.6778,56889.0,64868.0,-20002.0,0,1,1,1
2021-10-25,0.06,1.64,83.76,1807.73,10070.75,4566.48,15226.71,15.24,3392.39,0.03587,4257.0,240.5838,59049.0,67461.0,-20028.0,0,1,1,1
2021-10-26,0.06,1.63,84.65,1792.91,9955.5,4574.79,15235.71,15.98,3392.96,0.03592,4056.0,241.1844,62330.0,71994.0,-22065.0,0,1,1,1
2021-10-27,0.06,1.54,82.66,1796.81,9667.0,4551.68,15235.84,16.98,3360.29,0.03594,3808.0,238.9493,52271.0,54361.0,-22666.0,1,1,1,1
2021-10-28,0.06,1.57,82.81,1798.91,9855.5,4596.42,15448.12,16.53,3438.83,0.03593,3630.0,238.4727,55055.0,62118.0,-22414.0,1,1,1,1
2021-10-29,0.05,1.55,83.57,1783.38,9808.5,4605.38,15498.39,16.26,3451.27,0.03595,3519.0,237.696,58353.0,70275.0,-23842.0,1,1,1,1
2021-11-01,0.05,1.58,84.05,1793.28,9993.0,4613.67,15595.92,16.41,3506.28,0.03591,3428.0,239.2295,61537.0,76372.0,-22084.0,1,1,1,1
2021-11-02,0.05,1.56,83.91,1787.76,9770.5,4630.65,15649.6,16.03,3548.85,0.03591,3187.0,239.202,63308.0,81290.0,-22443.0,1,1,1,1
2021-11-03,0.05,1.6,80.86,1769.84,9648.5,4660.57,15811.58,15.1,3590.17,0.0359,2892.0,235.7869,59782.0,76147.0,-21534.0,1,1,1,1
2021-11-04,0.04,1.53,78.81,1792.04,9699.0,4680.06,15940.31,15.44,3715.76,0.03589,2769.0,233.4513,66135.0,84257.0,-23097.0,1,1,1,1
2021-11-05,0.05,1.45,81.27,1818.36,9753.0,4697.53,15971.59,16.48,3756.55,0.03587,2715.0,235.0043,74007.0,91035.0,-21396.0,1,1,1,1
2021-11-08,0.06,1.51,81.93,1824.18,9907.5,4701.7,15982.36,17.22,3803.33,0.03592,2718.0,235.552,76378.0,94896.0,-17455.0,1,1,1,1
2021-11-09,0.04,1.46,84.15,1831.92,9765.5,4685.25,15886.54,17.78,3800.57,0.03601,2805.0,236.5854,84080.0,99860.0,-13582.0,1,1,1,1
2021-11-10,0.05,1.56,81.34,1849.6,9705.5,4646.71,15622.71,18.73,3693.02,0.03599,2861.0,234.6602,81518.0,105092.0,-16513.0,1,0,0,1
2021-11-11,0.05,1.56,81.59,1862.11,9810.5,4649.27,15704.28,17.66,3764.49,0.03592,2844.0,237.4579,84981.0,112153.0,-17990.0,0,0,0,0
2021-11-12,0.05,1.58,80.79,1864.9,9841.0,4682.85,15860.96,16.29,3794.5,0.03592,2807.0,237.0863,90089.0,118464.0,-16971.0,0,0,0,0
2021-11-15,0.05,1.63,80.88,1862.84,9705.5,4682.8,15853.85,16.49,3793.75,0.03599,2759.0,237.46,93484.0,126457.0,-15579.0,0,0,0,1
2021-11-16,0.05,1.63,80.76,1850.63,9576.5,4700.9,15973.86,16.37,3859.4,0.03598,2591.0,237.4921,101037.0,130324.0,-15063.0,0,0,0,0
2021-11-17,0.05,1.6,78.36,1867.48,9421.4,4688.67,15921.57,17.11,3831.44,0.03595,2430.0,236.1353,50203.0,62778.0,-15550.0,0,0,0,0
2021-11-18,0.05,1.59,79.01,1858.94,9508.5,4704.54,15993.71,17.59,3899.96,0.03597,2454.0,236.3625,57172.0,73288.0,-17940.0,0,0,0,0
2021-11-19,0.05,1.54,76.1,1845.73,9753.0,4697.96,16057.44,17.91,3912.02,0.03598,2552.0,235.0231,61972.0,85027.0,-19767.0,0,0,0,1
2021-11-22,0.05,1.63,76.75,1804.65,9835.5,4682.94,15854.76,19.17,3847.12,0.03599,2645.0,235.2583,66840.0,89670.0,-18656.0,0,0,0,1
2021-11-23,0.06,1.67,78.5,1789.16,9805.0,4690.7,15775.14,19.38,3834.43,0.03596,2715.0,238.1367,68233.0,89308.0,-18707.0,0,0,0,1
2021-11-24,0.06,1.64,78.39,1788.61,9895.0,4701.46,15845.23,18.58,3870.01,0.03598,2654.0,238.3747,62254.0,78718.0,-18965.0,0,0,0,1
2021-11-25,0.06,1.64,78.39,1788.85,9891.5,4701.46,15845.23,18.58,3870.01,0.03597,2678.0,238.3747,64194.0,82221.0,-20322.0,0,0,0,1
2021-11-26,0.06,1.48,68.15,1802.59,9572.0,4594.62,15491.66,28.62,3757.13,0.03592,2767.0,226.7289,67619.0,85751.0,-20043.0,0,0,1,1
2021-11-29,0.06,1.52,69.95,1784.6,9662.5,4655.27,15782.83,22.96,3910.54,0.03596,2881.0,225.7178,71847.0,93006.0,-18480.0,0,1,1,1
2021-11-30,0.05,1.43,66.18,1774.52,9515.5,4567.0,15537.69,27.19,3833.22,0.03596,3018.0,219.1868,73974.0,98132.0,-21794.0,1,1,1,1
2021-12-01,0.06,1.43,65.57,1781.73,9492.0,4513.04,15254.05,31.12,3810.75,0.03602,3047.0,218.3927,68974.0,90120.0,-21574.0,0,1,1,1
2021-12-02,0.05,1.44,66.5,1768.74,9590.0,4577.1,15381.32,27.95,3810.81,0.03602,3115.0,219.5454,73557.0,98501.0,-21858.0,0,0,1,1
2021-12-03,0.06,1.35,66.26,1783.29,9486.0,4538.43,15085.47,30.67,3804.54,0.03607,3171.0,220.642,77416.0,101045.0,-22167.0,0,1,1,1
2021-12-06,0.05,1.43,69.49,1778.67,9558.25,4591.67,15225.15,27.18,3800.07,0.03605,3235.0,223.2475,79678.0,109763.0,-24030.0,1,1,1,1
2021-12-07,0.06,1.48,72.05,1784.13,9612.5,4686.75,15686.92,21.89,3988.75,0.03601,3352.0,225.7433,81283.0,108590.0,-26218.0,0,0,1,1
2021-12-08,0.07,1.52,72.36,1782.99,9654.75,4701.21,15786.99,19.9,3964.44,0.03605,3423.0,227.1253,75086.0,104556.0,-25414.0,0,1,1,1
2021-12-09,0.06,1.49,70.94,1775.33,9541.75,4667.45,15517.37,21.58,3879.52,0.03609,3343.0,225.3596,76485.0,110136.0,-24600.0,0,1,1,1
2021-12-10,0.06,1.48,71.67,1782.84,9506.9,4712.02,15630.6,18.69,3914.67,0.03605,3272.0,225.9087,76934.0,112006.0,-26416.0,1,1,1,1
2021-12-13,0.05,1.42,71.29,1786.67,9435.0,4668.97,15413.28,20.31,3814.43,0.03598,3216.0,225.3524,77215.0,116426.0,-25750.0,1,1,1,1
2021-12-14,0.05,1.44,70.73,1770.85,9406.5,4634.09,15237.64,21.89,3794.41,0.03595,2932.0,224.3261,90649.0,129590.0,-26528.0,1,1,1,1
2021-12-15,0.05,1.47,70.87,1776.92,9290.0,4709.85,15565.58,19.29,3934.46,0.03597,2665.0,223.8192,33705.0,50162.0,-25788.0,1,1,1,1
2021-12-16,0.05,1.44,72.38,1799.35,9506.0,4668.67,15180.43,20.57,3766.32,0.03595,2498.0,227.2386,41392.0,59047.0,-26530.0,1,1,1,1
2021-12-17,0.05,1.41,70.86,1798.11,9520.0,4620.64,15169.68,21.57,3761.04,0.036,2379.0,225.1411,43950.0,64345.0,-25414.0,1,1,1,1
2021-12-20,0.07,1.43,68.23,1790.93,9406.0,4568.02,14980.94,22.87,3732.39,0.03592,2371.0,221.8364,48525.0,71081.0,-26642.0,1,1,1,1
2021-12-21,0.07,1.48,71.12,1789.27,9521.0,4649.23,15341.09,21.01,3857.3,0.03594,2294.0,226.3544,50960.0,72286.0,-25413.0,0,1,1,1
2021-12-22,0.08,1.46,72.76,1803.67,9625.0,4696.56,15521.89,18.63,3891.92,0.03595,2229.0,230.1654,42537.0,65299.0,-24194.0,0,1,1,1
2021-12-23,0.07,1.5,73.79,1808.81,9606.0,4725.79,15653.37,17.96,3932.39,0.03599,2219.0,230.8983,45406.0,70555.0,-23866.0,0,1,1,1
2021-12-24,0.07,1.5,73.79,1810.26,9582.0,4725.79,15653.37,17.96,3932.39,0.03605,2217.0,230.8983,48493.0,70693.0,-24656.0,0,1,1,1
2021-12-27,0.06,1.48,75.57,1812.13,9582.0,4791.19,15871.26,17.68,4039.51,0.03608,2217.0,234.353,50161.0,74940.0,-23460.0,0,1,1,1
2021-12-28,0.06,1.49,75.98,1806.18,9582.0,4786.35,15781.72,17.54,3992.19,0.03612,2217.0,233.8401,53226.0,76880.0,-22593.0,0,0,1,1
2021-12-29,0.05,1.55,76.56,1804.71,9655.0,4793.06,15766.22,16.95,3999.35,0.03612,2217.0,234.8573,48902.0,69476.0,-23091.0,0,0,1,1
2021-12-30,0.05,1.52,76.99,1814.67,9715.0,4778.73,15741.56,17.33,3952.04,0.03611,2217.0,233.9603,52519.0,74341.0,-25156.0,0,0,1,1
2022-01-03,0.08,1.63,76.08,1801.45,9692.0,4796.56,15832.8,16.6,4027.22,0.03619,1418.0,233.0039,63540.0,84355.0,-25176.0,0,1,1,1
2022-01-04,0.08,1.66,76.99,1814.6,9788.5,4793.54,15622.72,16.91,4009.0,0.03618,2285.0,235.505,78852.0,90453.0,-24704.0,0,1,1,1
2022-01-05,0.09,1.71,77.85,1810.44,9708.25,4700.58,15100.17,19.73,3879.87,0.0362,2289.0,236.7102,73968.0,83520.0,-24087.0,1,1,1,1
2022-01-06,0.1,1.73,79.46,1791.16,9542.75,4696.05,15080.86,19.61,3909.03,0.03617,2296.0,236.7524,77355.0,92772.0,-23137.0,1,1,1,1
2022-01-07,0.1,1.76,78.9,1796.55,9692.0,4677.03,14935.9,18.76,3796.32,0.03611,2289.0,237.898,78035.0,96780.0,-26609.0,1,1,1,1
2022-01-10,0.13,1.78,78.23,1801.68,9574.0,4670.29,14942.83,19.4,3805.39,0.03614,2277.0,236.6372,76552.0,97084.0,-25431.0,0,1,1,1
2022-01-11,0.11,1.75,81.22,1821.6,9734.5,4713.07,15153.45,18.41,3875.44,0.03612,2151.0,241.5862,78275.0,105255.0,-28317.0,0,1,1,1
2022-01-12,0.12,1.74,82.64,1826.15,10081.0,4726.35,15188.39,17.62,3901.21,0.03614,2027.0,245.1941,73929.0,103781.0,-28429.0,1,1,1,1
2022-01-13,0.12,1.7,82.12,1822.54,9972.25,4659.03,14806.81,20.31,3811.84,0.03617,1873.0,242.8988,76756.0,109969.0,-25697.0,0,1,1,1
2022-01-14,0.13,1.78,83.82,1817.94,9730.25,4662.85,14893.75,19.19,3900.61,0.0362,1764.0,245.4324,79036.0,113270.0,-25474.0,1,1,1,1
2022-01-17,0.13,1.78,83.82,1819.23,9749.0,4662.85,14893.75,19.19,3900.61,0.03622,1731.0,245.4324,80602.0,111877.0,-25634.0,1,1,1,1
2022-01-18,0.16,1.87,85.43,1813.74,9685.5,4577.11,14506.9,22.79,3727.24,0.0362,1644.0,247.0668,81398.0,114344.0,-24203.0,1,1,1,1
2022-01-19,0.17,1.83,86.96,1840.54,9864.0,4532.76,14340.26,23.85,3612.19,0.03617,1570.0,249.9318,33829.0,46491.0,-24491.0,1,1,1,1
2022-01-20,0.17,1.83,86.9,1839.29,10018.25,4482.73,14154.02,25.59,3494.75,0.03618,1474.0,250.0056,44188.0,61238.0,-24875.0,1,1,1,1
2022-01-21,0.17,1.75,85.14,1835.38,9984.0,4397.94,13768.92,28.85,3434.79,0.0361,1415.0,248.4785,47100.0,68225.0,-26015.0,1,1,1,1
2022-01-24,0.19,1.75,83.31,1843.06,9763.0,4410.13,13855.13,29.9,3479.95,0.03611,1391.0,245.5931,48726.0,73130.0,-27141.0,1,1,1,1
2022-01-25,0.19,1.78,85.6,1848.02,9835.75,4356.45,13539.29,31.16,3350.85,0.03608,1343.0,248.7821,53964.0,82117.0,-32728.0,1,1,1,1
2022-01-26,0.19,1.85,87.35,1819.59,9952.5,4349.93,13542.12,31.96,3407.0,0.03604,1296.0,251.9274,41367.0,66836.0,-31781.0,1,1,1,1
2022-02-07,0.27,1.92,91.32,1820.47,9806.75,4483.87,14015.67,22.86,3452.33,0.03592,1422.0,260.4782,47012.0,60894.0,-30260.0,1,1,1,1
2022-02-08,0.25,1.96,89.36,1825.92,9809.25,4521.54,14194.45,21.44,3535.13,0.03592,1503.0,259.4941,54995.0,66080.0,-29534.0,1,1,1,1
2022-02-09,0.26,1.94,89.66,1833.36,10103.0,4587.18,14490.37,19.96,3653.72,0.03594,1711.0,262.1327,55102.0,67369.0,-25452.0,1,1,1,1
2022-02-10,0.4,2.03,89.88,1826.85,10305.0,4504.08,14185.64,23.91,3536.1,0.03594,1940.0,261.5811,66388.0,73416.0,-20559.0,1,1,1,1
2022-02-11,0.36,1.92,93.1,1858.76,9894.25,4418.64,13791.15,27.36,3365.25,0.03591,1977.0,263.0812,70022.0,88802.0,-19022.0,1,1,1,1
2022-02-14,0.43,1.98,95.46,1871.18,9984.5,4401.67,13790.92,28.33,3370.2,0.03588,1984.0,265.4252,74133.0,93392.0,-21145.0,1,1,1,1
2022-02-15,0.4,2.05,92.07,1853.61,10009.5,4471.07,14139.76,25.7,3554.45,0.03585,1968.0,262.0696,77885.0,102761.0,-16391.0,1,1,1,1
2022-02-16,0.38,2.03,93.66,1869.8,10034.75,4475.01,14124.09,24.29,3555.69,0.03585,1896.0,265.2612,31145.0,58014.0,-15424.0,1,1,1,1
2022-02-17,0.36,1.97,91.76,1898.43,9982.0,4380.26,13716.72,28.11,3422.6,0.03588,1886.0,263.676,38035.0,68696.0,-16447.0,1,1,1,1
2022-02-18,0.35,1.92,91.07,1898.43,10010.0,4348.87,13548.07,27.75,3384.3,0.03588,1964.0,263.6211,40373.0,72734.0,-17209.0,1,1,1,1
2022-02-21,0.35,1.92,91.07,1906.29,9946.0,4348.87,13548.07,27.75,3384.3,0.03593,2045.0,263.6211,42791.0,76275.0,-19484.0,1,1,1,1
2022-02-22,0.37,1.94,92.35,1898.64,9962.25,4304.76,13381.52,28.81,3356.07,0.03587,2148.0,267.1255,48768.0,81473.0,-19803.0,1,1,1,1
2022-02-23,0.34,1.99,92.1,1909.01,9906.5,4225.5,13037.49,31.02,3277.8,0.03586,2244.0,268.3229,41850.0,61553.0,-17119.0,1,1,1,1
2022-02-24,0.32,1.96,92.81,1903.89,9918.5,4288.7,13473.59,30.32,3399.16,0.03568,2187.0,269.0164,47785.0,75849.0,-19969.0,1,1,1,1
2022-02-25,0.33,1.97,91.59,1889.34,9918.0,4384.65,13694.62,27.59,3452.67,0.03569,2076.0,264.4428,53427.0,82253.0,-20366.0,1,1,1,1
2022-03-01,0.32,1.72,103.41,1945.28,10092.0,4306.26,13532.46,33.32,3304.85,0.03569,2069.0,280.8551,58484.0,85662.0,-18087.0,1,1,1,1
2022-03-02,0.34,1.86,110.6,1928.72,10194.25,4386.54,13752.02,30.74,3416.16,0.03563,2137.0,289.0923,48955.0,72148.0,-20235.0,1,1,1,1
2022-03-03,0.38,1.86,107.67,1935.95,10383.5,4363.49,13537.94,30.48,3339.76,0.03564,2104.0,289.2025,53966.0,75156.0,-19465.0,1,1,1,1
2022-03-04,0.34,1.74,115.68,1970.7,10702.0,4328.87,13313.44,31.98,3258.92,0.03557,2148.0,299.9545,58119.0,82881.0,-17517.0,0,0,1,1
2022-03-07,0.38,1.78,119.4,1998.11,10255.5,4201.09,12830.96,36.45,3098.93,0.0354,2235.0,304.2324,57843.0,82273.0,-19469.0,1,1,1,1
2022-03-08,0.36,1.86,123.7,2050.76,10160.75,4170.7,12795.55,35.13,3156.87,0.03526,2352.0,309.1216,61496.0,86008.0,-15856.0,0,0,1,1
2022-03-09,0.38,1.94,108.7,1991.83,9964.0,4277.88,13255.55,32.45,3282.18,0.03517,2558.0,292.0867,52693.0,76089.0,-12720.0,0,0,1,1
2022-03-10,0.39,1.98,106.02,1996.98,10095.0,4259.52,13129.96,30.23,3211.07,0.03528,2704.0,291.3205,70663.0,82710.0,-7061.0,0,0,1,1
2022-03-11,0.4,2.0,109.33,1988.46,10150.75,4204.31,12843.81,30.75,3144.15,0.03521,2718.0,295.1062,80190.0,81893.0,-10553.0,0,0,1,1
2022-03-14,0.45,2.14,103.01,1950.88,9894.5,4173.11,12581.22,31.77,3047.5,0.03505,2727.0,288.4533,80892.0,83927.0,-10667.0,0,1,1,1
2022-03-15,0.46,2.15,96.44,1917.94,9857.25,4262.45,12948.62,29.83,3180.24,0.03495,2689.0,281.3498,80797.0,89568.0,-13835.0,0,0,1,1
2022-03-16,0.44,2.19,95.04,1927.29,10056.0,4357.86,13436.55,26.67,3340.06,0.03493,2591.0,280.5749,18989.0,42353.0,-12323.0,0,0,1,1
2022-03-17,0.4,2.2,102.98,1942.89,10231.5,4411.67,13614.78,25.67,3364.55,0.03514,2588.0,290.7341,30427.0,53759.0,-12615.0,0,0,1,1
2022-03-18,0.42,2.14,104.7,1921.62,10327.0,4463.12,13893.84,23.87,3432.3,0.03526,2605.0,292.2492,32783.0,56709.0,-16972.0,0,1,1,1
2022-03-21,0.54,2.32,112.12,1935.91,10284.55,4461.18,13838.46,23.53,3423.24,0.0351,2589.0,299.5615,37089.0,57917.0,-14391.0,0,1,1,1
2022-03-22,0.51,2.38,111.76,1921.69,10259.5,4511.61,14108.82,22.94,3445.85,0.03503,2546.0,299.0962,38851.0,58102.0,-12992.0,1,1,1,1
2022-03-23,0.5,2.32,114.93,1943.86,10443.0,4456.24,13922.6,23.57,3360.32,0.03503,2575.0,306.3173,30706.0,51808.0,-12056.0,1,1,1,1
2022-03-24,0.52,2.34,112.34,1957.69,10327.0,4520.16,14191.84,21.67,3532.72,0.03496,2567.0,304.8501,34617.0,60502.0,-10944.0,0,1,1,1
2022-03-25,0.55,2.48,113.9,1958.29,10249.0,4543.06,14169.3,20.81,3525.34,0.03495,2544.0,307.3348,34779.0,63540.0,-12078.0,0,1,1,1
2022-03-28,0.59,2.46,105.96,1922.8,10341.0,4575.52,14354.9,19.63,3547.17,0.03478,2484.0,299.2448,39101.0,65830.0,-8476.0,1,1,1,1
2022-03-29,0.55,2.41,104.24,1919.43,10314.5,4631.6,14619.64,18.9,3625.58,0.03476,2417.0,294.6933,40693.0,67091.0,-5357.0,1,1,1,1
2022-03-30,0.55,2.35,107.82,1932.87,10360.5,4602.45,14442.27,19.33,3508.62,0.03499,2369.0,301.3155,36186.0,59118.0,-4957.0,1,1,1,1
2022-03-31,0.52,2.32,100.28,1937.44,10367.51,4530.41,14220.52,20.56,3429.0,0.03494,2358.0,295.1832,42851.0,65328.0,-9216.0,1,1,1,1
2022-04-01,0.53,2.39,99.27,1925.68,10343.0,4545.86,14261.5,19.63,3366.64,0.03484,2357.0,293.1821,49806.0,69588.0,-6232.0,1,1,1,1
2022-04-06,0.67,2.61,96.23,1925.35,10286.75,4481.15,13888.82,22.1,3193.96,0.03476,2128.0,293.1411,49591.0,65500.0,-5565.0,1,1,1,1
2022-04-07,0.68,2.66,96.03,1931.86,10314.5,4500.21,13897.3,21.55,3197.44,0.03469,2061.0,294.5792,56458.0,72459.0,-6559.0,1,1,1,1
2022-04-08,0.7,2.72,98.26,1947.54,10304.75,4488.28,13711.0,21.16,3120.16,0.03459,2055.0,298.2069,67074.0,75287.0,-2681.0,1,1,1,1
2022-04-11,0.77,2.79,94.29,1953.52,10181.75,4412.53,13411.96,24.37,3055.09,0.03442,2031.0,295.1683,71544.0,80011.0,-423.0,1,1,1,1
2022-04-12,0.74,2.72,100.6,1966.76,10326.25,4397.45,13371.57,24.26,3047.47,0.03431,2035.0,302.8681,75954.0,85573.0,-1863.0,1,1,1,1
2022-04-13,0.75,2.7,104.25,1977.8,10284.0,4446.59,13643.59,21.82,3119.32,0.03438,2068.0,308.1967,59513.0,81109.0,-3258.0,1,1,1,1
2022-04-14,0.79,2.83,106.95,1973.71,10297.5,4392.59,13351.08,22.7,3028.22,0.03448,2137.0,311.9236,61111.0,85302.0,-5174.0,1,1,1,1
2022-04-15,0.79,2.83,106.95,1978.24,10297.5,4392.59,13351.08,22.7,3028.22,0.03434,2404.0,311.9236,65453.0,91069.0,-8421.0,1,1,1,1
2022-04-18,0.81,2.85,108.21,1978.91,10297.5,4391.69,13332.36,22.17,3085.19,0.03426,2137.0,315.947,66593.0,93293.0,-7052.0,1,1,1,1
2022-04-19,0.81,2.93,102.56,1950.09,10281.5,4462.21,13619.66,21.37,3153.23,0.03421,2115.0,306.9004,65879.0,94729.0,-7354.0,1,1,1,1
2022-04-20,0.82,2.85,102.75,1957.77,10196.0,4459.45,13453.07,20.32,3142.2,0.03419,2142.0,307.2431,24796.0,36009.0,-9973.0,1,1,1,1
2022-04-21,0.83,2.9,103.79,1951.62,10272.0,4393.66,13174.65,22.68,3058.74,0.03424,2239.0,309.2055,31528.0,41018.0,-9999.0,1,1,1,1
2022-04-22,0.83,2.9,102.07,1931.6,10113.25,4271.78,12839.29,28.21,2989.83,0.03418,2307.0,304.2295,37140.0,48594.0,-7997.0,1,1,1,1
2022-04-25,0.91,2.81,98.54,1897.83,9783.8,4296.12,13004.85,27.02,3042.39,0.03405,2356.0,298.5361,44564.0,52604.0,-8696.0,1,1,1,1
2022-04-26,0.83,2.77,101.7,1905.51,9863.5,4175.2,12490.74,33.52,2909.12,0.03412,2404.0,302.6677,49003.0,54080.0,-9711.0,0,1,1,1
2022-04-27,0.82,2.82,102.02,1886.1,9866.5,4183.96,12488.93,31.6,2894.91,0.03402,2425.0,305.7126,27780.0,50229.0,-12944.0,0,0,0,1
2022-04-28,0.82,2.85,105.36,1894.45,9696.0,4287.5,12871.53,29.99,3056.36,0.03387,2403.0,308.0221,35841.0,54833.0,-11732.0,0,0,0,0
2022-04-29,0.85,2.89,104.69,1896.93,9770.5,4131.93,12334.64,33.4,2919.74,0.03392,2404.0,308.2706,34495.0,54070.0,-5674.0,0,0,0,0
2022-05-03,0.91,2.97,102.41,1868.12,9405.75,4175.48,12563.76,29.25,3044.89,0.03386,2412.0,306.7831,35751.0,56548.0,-9876.0,0,0,1,1
2022-05-04,0.89,2.93,107.81,1881.22,9468.0,4300.17,12964.86,25.42,3163.78,0.03387,2485.0,314.2669,29962.0,52232.0,-8866.0,1,1,1,1
2022-05-05,0.85,3.05,108.26,1877.18,9512.5,4146.87,12317.69,31.2,3005.53,0.03389,2644.0,313.8651,35654.0,55000.0,-9974.0,1,1,1,1
2022-05-06,0.85,3.12,109.77,1883.81,9411.0,4123.34,12144.66,30.19,2982.06,0.03372,2718.0,311.3202,38338.0,61633.0,-9775.0,1,1,1,1
2022-05-09,0.92,3.05,103.09,1854.17,9240.4,3991.24,11623.25,34.75,2829.1,0.03363,2831.0,299.4533,41519.0,66676.0,-8165.0,1,1,1,1
2022-05-10,0.89,2.99,99.76,1838.27,9235.75,4001.05,11737.67,32.99,2900.13,0.03366,2939.0,297.092,44716.0,68765.0,-12886.0,0,0,1,0
2022-05-11,0.91,2.91,105.71,1852.4,9358.75,3935.18,11364.24,32.56,2811.94,0.03366,3052.0,304.8936,33808.0,61538.0,-9158.0,0,0,1,0
2022-05-12,0.96,2.84,106.13,1821.82,9103.5,3930.08,11370.96,31.77,2827.21,0.03353,3117.0,304.0556,40731.0,65932.0,-6639.0,1,0,1,0
2022-05-13,1.03,2.93,110.49,1811.79,9184.6,4023.89,11805.0,28.87,2970.37,0.03355,3104.0,308.5804,45151.0,69898.0,-5519.0,0,0,1,0
2022-05-16,1.07,2.88,114.2,1824.14,9255.5,4008.01,11662.79,27.47,2920.06,0.03354,3085.0,315.5856,48431.0,71836.0,-2540.0,0,0,1,0
2022-05-17,1.06,2.98,112.4,1815.16,9386.25,4088.85,11984.52,26.1,3066.5,0.03363,3095.0,315.4015,52345.0,74524.0,91.0,0,0,1,0
2022-05-18,1.03,2.89,109.59,1816.6,9250.1,3923.68,11418.15,30.96,2907.96,0.03366,3189.0,309.3686,23615.0,34469.0,1701.0,0,0,0,0
2022-05-19,1.05,2.84,112.21,1841.85,9460.5,3900.79,11388.5,29.35,2890.33,0.03359,3289.0,313.7472,32386.0,40945.0,400.0,0,0,0,0
2022-05-20,1.03,2.78,113.23,1846.5,9451.0,3901.36,11354.62,29.43,2882.65,0.03372,3344.0,312.7289,34421.0,43551.0,5593.0,0,0,0,0
2022-05-23,1.07,2.86,110.29,1853.59,9588.5,3973.75,11535.27,28.48,2898.43,0.03376,3369.0,315.2,35835.0,48861.0,4048.0,0,0,1,0
2022-05-24,1.06,2.76,109.77,1866.45,9459.0,3941.48,11264.45,29.45,2827.05,0.03376,3253.0,313.7518,42558.0,49008.0,5024.0,1,1,1,1
2022-05-25,1.06,2.75,110.33,1853.46,9367.0,3978.73,11434.74,28.37,2882.93,0.03383,3127.0,314.5739,32875.0,39650.0,5399.0,0,0,0,0
2022-05-26,1.07,2.75,114.09,1850.63,9345.5,4057.84,11740.65,27.5,2994.61,0.03389,2933.0,318.66,36340.0,44160.0,4528.0,0,0,0,0
2022-05-27,1.08,2.74,115.07,1853.72,9453.5,4158.24,12131.13,25.72,3115.35,0.03407,2681.0,320.5242,48980.0,50894.0,9212.0,0,1,1,0
2022-05-30,1.08,2.74,115.07,1855.23,9537.5,4158.24,12131.13,25.72,3115.35,0.03431,2571.0,320.5242,59813.0,58463.0,6992.0,0,1,1,0
2022-05-31,1.16,2.85,114.67,1837.35,9445.5,4132.15,12081.39,26.19,3098.69,0.03441,2566.0,316.5351,59233.0,61237.0,7991.0,1,1,1,1
2022-06-01,1.15,2.94,115.26,1846.6,9498.5,4101.23,11994.46,25.69,3049.03,0.03416,2633.0,320.023,54786.0,53445.0,7434.0,0,1,1,0
2022-06-02,1.17,2.92,116.87,1868.58,9498.5,4176.82,12316.9,24.72,3157.98,0.03403,2240.0,323.0987,59845.0,57338.0,10257.0,0,1,1,0
2022-06-06,1.26,3.04,118.5,1841.43,9743.0,4121.43,12061.37,25.07,3062.73,0.034,2560.0,326.8172,63341.0,58618.0,8528.0,0,1,0,0
2022-06-07,1.26,2.98,119.41,1852.37,9699.25,4160.68,12175.23,24.02,3092.97,0.03388,2514.0,327.1082,64276.0,59438.0,6617.0,1,1,1,0
2022-06-08,1.28,3.03,122.11,1853.36,9736.3,4115.77,12086.27,23.96,3019.1,0.03388,2410.0,329.1314,65801.0,57167.0,9587.0,1,1,1,0
2022-06-09,1.3,3.04,121.51,1847.95,9620.1,4017.82,11754.23,26.09,2937.79,0.03387,2342.0,329.5902,72093.0,61288.0,7904.0,1,1,1,0
2022-06-10,1.39,3.15,120.67,1871.6,9447.25,3900.86,11340.02,27.75,2831.98,0.0338,2320.0,325.8094,77656.0,66440.0,6910.0,1,1,1,0
2022-06-13,1.73,3.43,120.93,1819.26,9285.5,3749.63,10809.23,34.02,2673.0,0.03362,2260.0,321.4418,82623.0,71855.0,4790.0,1,1,0,0
2022-06-14,1.83,3.49,118.93,1808.49,9218.75,3735.48,10828.35,32.69,2689.89,0.03366,2284.0,315.6716,88608.0,75232.0,2073.0,1,1,1,0
2022-06-15,1.74,3.33,115.31,1833.82,9224.5,3789.99,11099.15,29.62,2737.54,0.03362,2387.0,314.7919,31445.0,30834.0,-6298.0,1,1,0,0
2022-06-16,1.59,3.28,117.59,1857.33,9079.75,3666.77,10646.1,32.95,2566.86,0.03363,2462.0,317.1665,35328.0,30899.0,-6478.0,1,1,0,0
2022-06-17,1.63,3.25,109.56,1839.39,8967.0,3674.84,10798.35,31.13,2578.54,0.03365,2578.0,309.0772,38533.0,40538.0,-12964.0,1,1,0,0
2022-06-20,1.63,3.25,109.56,1838.74,8989.5,3674.84,10798.35,31.13,2578.54,0.03362,2596.0,309.0772,39010.0,45014.0,-14683.0,1,1,0,0
2022-06-21,1.7,3.31,110.65,1832.98,8995.49,3764.79,11069.3,30.19,2649.37,0.03365,2484.0,309.0024,44528.0,46971.0,-18894.0,1,1,0,0
2022-06-22,1.61,3.16,106.19,1837.72,8773.5,3759.89,11053.08,28.95,2619.71,0.03357,2349.0,304.6531,39586.0,39842.0,-16592.0,1,1,0,0
2022-06-23,1.65,3.09,104.27,1822.77,8397.0,3795.73,11232.19,29.05,2602.74,0.03358,2354.0,296.6911,45182.0,52717.0,-18068.0,1,0,0,0
2022-06-24,1.73,3.13,107.62,1826.88,8381.0,3911.74,11607.62,27.23,2718.47,0.03363,2331.0,298.5493,45208.0,56319.0,-18476.0,1,0,0,0
2022-06-27,1.79,3.2,109.57,1822.85,8419.25,3900.11,11524.55,26.95,2713.47,0.03377,2295.0,298.7759,49002.0,56216.0,-18706.0,1,0,0,0
2022-06-28,1.79,3.2,111.76,1820.01,8360.0,3821.55,11181.54,28.36,2642.07,0.03374,2204.0,301.001,49537.0,57858.0,-19582.0,0,0,0,0
2022-06-29,1.78,3.1,109.78,1817.73,8399.25,3818.83,11177.89,28.16,2583.98,0.03369,2186.0,299.3428,42127.0,43925.0,-20020.0,0,0,0,0
2022-06-30,1.72,2.98,105.76,1807.27,8254.25,3785.38,11028.74,28.71,2556.25,0.03364,2240.0,291.1476,46232.0,54956.0,-18096.0,1,0,0,0
2022-07-01,1.73,2.88,108.43,1811.43,8040.25,3825.33,11127.85,26.7,2458.46,0.03361,2214.0,291.8272,52577.0,60293.0,-15293.0,0,0,0,0
2022-07-04,1.73,2.88,108.43,1808.15,7998.5,3825.33,11127.85,26.7,2458.46,0.03362,2159.0,291.8272,57441.0,62702.0,-13340.0,0,0,0,0
2022-07-05,1.9,2.82,99.5,1764.76,7657.75,3831.39,11322.24,27.54,2477.64,0.0336,2098.0,278.1647,59989.0,66597.0,-14361.0,0,0,0,0
2022-07-06,1.9,2.93,98.53,1738.86,7506.25,3845.08,11361.85,26.73,2494.11,0.03355,2043.0,276.131,57397.0,59907.0,-8594.0,0,0,0,0
2022-07-07,1.95,3.01,102.73,1740.16,7818.5,3902.62,11621.35,26.08,2605.88,0.03357,2073.0,285.081,74930.0,67759.0,-6548.0,0,0,0,0
2022-07-08,1.98,3.09,104.79,1742.48,7795.0,3899.38,11635.31,24.64,2618.02,0.03358,2067.0,287.7529,80554.0,75796.0,-157.0,0,0,0,0
2022-07-11,2.18,2.99,104.09,1733.96,7572.25,3854.43,11372.6,26.17,2553.69,0.03354,2081.0,287.7773,84370.0,81151.0,2734.0,0,0,0,0
2022-07-12,2.22,2.96,95.84,1726.0,7335.0,3818.8,11264.73,27.29,2558.17,0.03345,2013.0,276.0142,89080.0,85720.0,7534.0,0,0,0,0
2022-07-13,2.39,2.91,96.3,1735.51,7310.5,3801.78,11247.58,26.82,2577.36,0.0335,2002.0,277.935,75215.0,76546.0,3473.0,0,0,0,0
2022-07-14,2.4,2.96,95.78,1709.94,7160.0,3790.38,11251.19,26.4,2626.92,0.03346,2010.0,273.2605,82701.0,81218.0,-457.0,0,0,0,0
2022-07-15,2.37,2.93,97.59,1708.17,7178.25,3863.16,11452.42,24.23,2693.77,0.03339,2150.0,277.6428,86664.0,85679.0,-568.0,0,0,0,0
2022-07-18,2.5,2.96,102.6,1709.22,7411.0,3830.85,11360.05,25.3,2679.57,0.03343,2162.0,286.5444,87591.0,86259.0,774.0,0,0,0,0
2022-07-19,2.52,3.01,104.22,1711.67,7254.5,3936.69,11713.15,24.5,2803.14,0.03344,2145.0,285.472,87602.0,89186.0,3552.0,0,1,0,0
2022-07-20,2.51,3.04,102.26,1696.58,7358.0,3959.9,11897.65,23.88,2872.96,0.03345,2113.0,287.0407,25954.0,24939.0,5227.0,1,1,1,0
2022-07-21,2.48,2.91,96.35,1718.81,7304.0,3998.95,12059.61,23.11,2916.81,0.03346,2118.0,281.8367,32252.0,29676.0,6759.0,1,1,1,0
2022-07-22,2.49,2.77,94.7,1727.64,7433.0,3961.63,11834.11,23.03,2842.41,0.03343,2146.0,281.1583,39969.0,34169.0,8675.0,1,1,1,0
2022-07-25,2.62,2.81,96.7,1719.78,7463.75,3966.84,11782.67,23.36,2825.03,0.03344,2114.0,284.7559,39635.0,36178.0,10519.0,1,1,1,0
2022-07-26,2.55,2.81,94.98,1717.32,7520.25,3921.05,11562.57,24.69,2778.96,0.03343,2061.0,286.4986,42030.0,40064.0,9354.0,1,1,0,0
2022-07-27,2.44,2.78,97.26,1734.19,7627.25,4023.61,12032.42,23.24,2911.0,0.03341,2007.0,289.0827,37247.0,36122.0,8748.0,0,0,0,0
2022-07-28,2.42,2.68,96.42,1755.84,7765.75,4072.43,12162.59,22.33,2944.5,0.03341,1945.0,289.0228,44225.0,39815.0,10107.0,1,0,0,0
2022-07-29,2.41,2.67,98.62,1765.94,7931.25,4130.29,12390.69,21.33,2967.14,0.0334,1895.0,292.0616,46804.0,44196.0,8968.0,1,0,0,0
2022-08-01,2.56,2.6,93.89,1772.17,7821.25,4118.63,12368.98,22.84,2978.32,0.03336,1872.0,286.1052,52088.0,50518.0,9497.0,1,1,0,0
2022-08-02,2.56,2.75,94.42,1760.39,7808.75,4091.19,12348.76,23.93,2974.75,0.03334,1817.0,283.7008,63422.0,65769.0,11717.0,1,1,0,0
2022-08-03,2.52,2.73,90.66,1765.29,7671.75,4155.17,12668.16,21.95,3053.46,0.03334,1731.0,281.7223,49415.0,56780.0,11770.0,1,0,0,0
2022-08-04,2.5,2.68,88.54,1791.28,7720.2,4151.94,12720.58,21.44,3081.41,0.03334,1603.0,281.2113,56121.0,65135.0,12201.0,1,0,0,0
2022-08-05,2.58,2.83,89.01,1775.5,7862.5,4145.19,12657.55,21.15,3053.39,0.03339,1560.0,281.0384,60885.0,66560.0,11862.0,1,0,0,0
2022-08-08,2.65,2.77,90.76,1788.96,7986.75,4140.06,12644.46,21.29,3004.34,0.03334,1566.0,281.7978,62965.0,68057.0,6678.0,0,0,0,0
2022-08-09,2.67,2.8,90.5,1794.29,7980.5,4122.47,12493.93,21.77,2866.9,0.03334,1564.0,284.545,66356.0,69232.0,9859.0,0,0,0,0
2022-08-10,2.65,2.78,91.93,1792.38,8080.98,4210.24,12854.8,19.74,2988.71,0.03334,1592.0,289.2726,55820.0,63520.0,5694.0,0,0,0,0
2022-08-11,2.62,2.87,94.34,1789.72,8165.5,4207.27,12779.91,20.2,2978.7,0.0334,1556.0,295.0575,80593.0,67425.0,11566.0,0,0,0,0
2022-08-12,2.63,2.84,92.09,1802.4,8085.0,4280.15,13047.19,19.53,3067.84,0.03337,1477.0,293.4765,80213.0,70083.0,9431.0,0,0,0,0
2022-08-15,2.72,2.79,89.41,1779.71,7865.5,4297.14,13128.05,19.95,3077.33,0.03334,1404.0,289.5414,82157.0,74616.0,9609.0,0,0,0,0
2022-08-16,2.7,2.82,86.53,1775.69,7992.0,4305.2,13102.55,19.69,3045.64,0.03334,1387.0,287.6734,78363.0,71759.0,9872.0,0,0,0,0
2022-08-17,2.68,2.89,88.11,1761.77,7955.0,4274.04,12938.12,19.9,2970.12,0.03335,1394.0,288.872,18538.0,18490.0,10222.0,0,0,0,0
2022-08-18,2.71,2.88,90.5,1758.61,8020.0,4283.74,12965.34,19.56,3037.84,0.03334,1320.0,290.3318,22231.0,22465.0,8647.0,0,0,0,0
2022-08-19,2.74,2.98,90.77,1747.06,8051.0,4228.48,12705.22,20.6,2953.34,0.03331,1279.0,292.0279,24791.0,31203.0,10088.0,0,0,0,0
2022-08-22,2.82,3.03,90.23,1736.3,8041.0,4137.99,12381.57,23.8,2843.37,0.03323,1270.0,292.8336,25797.0,33055.0,7442.0,0,0,0,0
2022-08-23,2.8,3.05,93.74,1748.15,8100.5,4128.73,12381.3,24.11,2864.31,0.03311,1271.0,296.3106,28449.0,36202.0,4382.0,0,0,0,0
2022-08-24,2.82,3.11,94.89,1751.19,8031.5,4140.77,12431.53,22.82,2866.18,0.03303,1213.0,298.8643,23122.0,27202.0,6969.0,0,0,0,0
2022-08-25,2.88,3.03,92.52,1758.71,8155.0,4199.12,12639.27,21.78,2971.07,0.03312,1123.0,296.7474,28231.0,32229.0,5155.0,0,0,0,0
2022-08-26,2.89,3.04,93.06,1738.14,8315.0,4057.66,12141.71,25.56,2798.44,0.03309,1082.0,299.0943,29646.0,33457.0,6504.0,0,0,0,0
2022-08-29,2.97,3.12,97.01,1737.09,8315.0,4030.61,12017.67,26.21,2744.5,0.0329,1082.0,301.753,37299.0,41489.0,8155.0,0,0,0,0
2022-08-30,2.97,3.11,91.64,1724.02,7910.5,3986.16,11883.14,26.21,2708.63,0.03282,1017.0,293.5756,39827.0,41831.0,11560.0,0,0,0,0
2022-08-31,2.96,3.15,89.55,1711.04,7721.0,3955.0,11816.2,25.87,2677.39,0.03286,965.0,290.4056,25291.0,29237.0,13241.0,0,0,0,0
2022-09-01,2.97,3.26,86.61,1697.52,7652.0,3966.85,11785.13,25.56,2625.95,0.03275,1002.0,284.6161,30960.0,36382.0,6059.0,0,0,0,0
2022-09-02,2.94,3.2,86.87,1712.19,7691.0,3924.26,11630.86,25.47,2599.26,0.03269,1086.0,284.4719,32613.0,39380.0,3658.0,0,0,0,0
2022-09-05,2.94,3.2,86.87,1710.4,7731.0,3924.26,11630.86,25.47,2599.26,0.03256,1133.0,284.4719,34335.0,37926.0,7388.0,1,0,0,0
2022-09-06,3.04,3.33,86.88,1702.14,7751.0,3908.19,11544.91,26.91,2571.47,0.03252,1114.0,282.6226,37202.0,38834.0,6363.0,0,0,0,0
2022-09-07,3.07,3.27,81.94,1718.37,7698.5,3979.87,11791.9,24.64,2611.5,0.03233,1133.0,276.516,29230.0,36456.0,1477.0,0,0,0,0
2022-09-08,3.06,3.29,83.54,1708.46,7919.0,4006.18,11862.13,23.61,2658.18,0.03237,1178.0,278.3067,34375.0,37809.0,5165.0,0,0,0,0
2022-09-12,3.17,3.37,87.78,1724.54,8026.0,4110.41,12266.41,23.87,2731.09,0.03239,1256.0,287.6247,40065.0,44878.0,8288.0,0,0,0,0
2022-09-13,3.28,3.42,87.31,1702.17,8230.0,3932.69,11633.57,27.27,2562.27,0.03237,1408.0,285.7737,45659.0,51476.0,10977.0,0,0,0,0
2022-09-14,3.24,3.41,88.48,1697.32,7865.0,3946.01,11719.68,26.16,2591.51,0.03217,1595.0,286.3348,40430.0,47245.0,8985.0,0,0,0,0
2022-09-15,3.22,3.45,85.1,1665.11,7806.0,3901.35,11552.36,26.27,2549.54,0.03212,1612.0,281.0015,46886.0,50428.0,12229.0,0,0,0,0
2022-09-16,3.2,3.45,85.11,1675.06,7792.0,3873.33,11448.4,26.3,2563.14,0.03196,1553.0,278.8752,52458.0,54222.0,11356.0,0,0,0,0
2022-09-19,3.37,3.49,85.73,1675.84,7772.0,3899.89,11535.02,25.76,2577.94,0.0319,1553.0,279.7797,53954.0,57425.0,8705.0,0,0,0,0
2022-09-20,3.35,3.57,84.45,1664.89,7796.0,3855.93,11425.05,27.16,2539.5,0.0319,1729.0,279.5395,55670.0,57376.0,13123.0,0,0,0,0
2022-09-21,3.31,3.51,82.94,1673.89,7761.5,3789.93,11220.19,27.99,2514.96,0.03181,1746.0,278.2278,16873.0,23628.0,7583.0,0,0,0,0
2022-09-22,3.29,3.7,83.49,1671.22,7815.0,3757.99,11066.81,27.35,2444.25,0.03163,1720.0,277.8457,23256.0,32631.0,6183.0,0,0,0,0
2022-09-23,3.24,3.69,78.74,1643.94,7446.0,3693.23,10867.93,29.92,2408.89,0.03158,1816.0,268.4736,26841.0,35081.0,4661.0,0,0,0,0
2022-09-26,3.39,3.88,76.71,1622.36,7449.0,3655.04,10802.92,32.26,2373.47,0.03143,1813.0,264.3006,34547.0,41181.0,137.0,0,0,0,0
2022-09-27,3.35,3.97,78.5,1628.9,7475.0,3647.29,10829.5,32.6,2398.04,0.03147,1807.0,265.9711,42111.0,48192.0,-601.0,0,0,0,0
2022-09-28,3.4,3.72,82.15,1659.97,7353.0,3719.04,11051.64,30.18,2427.26,0.03138,1799.0,271.82,29269.0,40989.0,1376.0,0,0,0,0
2022-09-29,3.36,3.76,81.23,1660.54,7660.5,3640.47,10737.51,31.84,2347.36,0.0314,1757.0,271.1557,39076.0,49096.0,-361.0,0,0,0,0
2022-09-30,3.33,3.83,79.49,1660.61,7647.0,3585.62,10575.62,31.62,2306.7,0.0315,1760.0,268.2911,41531.0,55710.0,-1828.0,0,0,0,0
2022-10-03,3.46,3.67,83.63,1699.89,7602.5,3678.43,10815.43,30.1,2393.32,0.03138,1788.0,272.8179,46451.0,62755.0,-1575.0,0,0,0,0
2022-10-04,3.45,3.62,86.52,1726.13,7800.0,3790.93,11176.41,29.07,2500.11,0.0315,1865.0,280.4325,50758.0,65094.0,-2702.0,0,0,0,0
2022-10-05,3.46,3.76,87.76,1716.26,7725.25,3783.28,11148.64,28.55,2523.61,0.03168,1996.0,281.8931,46655.0,56091.0,8149.0,0,0,0,0
2022-10-06,3.46,3.83,88.45,1712.53,7649.75,3744.52,11073.31,30.52,2508.84,0.03172,1992.0,282.2584,50319.0,62099.0,2721.0,0,1,0,0
2022-10-07,3.45,3.89,92.64,1694.82,7507.75,3639.66,10652.4,31.36,2356.75,0.03158,1961.0,285.6154,56737.0,64439.0,1784.0,1,1,0,0
2022-10-11,3.67,3.93,89.35,1666.34,7587.0,3588.84,10426.19,33.63,2218.49,0.03138,1904.0,281.9595,68075.0,69186.0,3987.0,0,1,0,0
2022-10-12,3.7,3.91,87.27,1673.19,7625.5,3577.03,10417.1,33.57,2198.6,0.03141,1873.0,279.2537,59251.0,57921.0,2287.0,0,0,0,0
2022-10-13,3.79,3.97,89.11,1666.37,7663.0,3669.91,10649.15,31.94,2263.24,0.03136,1818.0,282.4899,70495.0,61358.0,9286.0,0,0,0,0
2022-10-14,3.81,4.0,85.61,1644.47,7688.0,3583.07,10321.39,32.02,2162.32,0.03136,1838.0,276.6949,73755.0,65730.0,6394.0,1,1,0,0
2022-10-17,3.97,4.02,85.46,1650.09,7715.0,3677.95,10675.8,31.37,2211.66,0.03125,1843.0,275.327,79789.0,68201.0,2245.0,1,1,0,0
2022-10-18,4.04,4.01,82.82,1652.22,7536.0,3719.98,10772.4,30.5,2220.96,0.03126,1875.0,271.5495,84057.0,74646.0,5626.0,1,1,0,0
2022-10-19,4.07,4.14,85.55,1629.44,7420.0,3695.16,10680.51,30.76,2237.74,0.03123,1871.0,271.3464,44414.0,35476.0,4760.0,1,1,0,0
2022-10-20,4.09,4.24,85.98,1628.02,7585.5,3665.78,10614.84,29.98,2253.22,0.03115,1837.0,271.7228,54025.0,42685.0,7665.0,1,0,0,0
2022-10-21,4.09,4.21,85.05,1657.69,7545.0,3752.75,10859.72,29.69,2336.69,0.03107,1819.0,272.3617,56218.0,48441.0,11765.0,1,0,0,0
2022-10-24,4.16,4.25,84.58,1649.78,7661.0,3797.34,10952.61,29.85,2351.55,0.03103,1797.0,271.8243,58933.0,52981.0,8447.0,1,0,0,0
2022-10-25,4.14,4.1,85.32,1653.17,7536.0,3859.11,11199.12,28.46,2404.69,0.03094,1755.0,273.9922,59607.0,58191.0,8926.0,0,0,0,0
2022-10-26,4.11,4.04,87.91,1664.57,7762.5,3830.6,10970.99,27.28,2376.33,0.03104,1706.0,277.3452,54479.0,52933.0,15176.0,0,0,0,0
2022-10-27,4.13,3.96,89.08,1663.31,7777.0,3807.3,10792.67,27.39,2340.6,0.03114,1612.0,276.8074,58733.0,54659.0,10291.0,0,0,0,0
2022-10-28,4.18,4.02,87.9,1644.86,7663.5,3901.06,11102.45,25.75,2433.66,0.03111,1534.0,272.6244,61543.0,57626.0,6653.0,0,0,0,0
2022-10-31,4.22,4.1,86.53,1633.56,7525.0,3871.98,10988.15,25.88,2384.45,0.03105,1463.0,274.1318,64022.0,58754.0,8869.0,0,0,0,0
2022-11-01,4.23,4.07,88.37,1647.98,7717.0,3856.1,10890.85,25.81,2402.75,0.03108,1377.0,276.3418,66048.0,62192.0,6177.0,0,0,0,0
2022-11-02,4.22,4.1,90.0,1635.24,7663.25,3759.69,10524.8,25.86,2328.47,0.03108,1321.0,280.6631,61448.0,52638.0,7334.0,0,0,0,0
2022-11-03,4.25,4.14,88.17,1629.49,7596.0,3719.89,10342.94,25.3,2292.85,0.03101,1290.0,278.3234,66112.0,56774.0,6034.0,0,0,0,0
2022-11-04,4.21,4.17,92.61,1681.87,8136.0,3770.55,10475.25,24.55,2398.24,0.03107,1323.0,287.5549,67781.0,58722.0,5588.0,0,0,0,0
2022-11-07,4.29,4.22,91.79,1675.63,7924.75,3806.8,10564.52,24.35,2450.62,0.03117,1337.0,286.916,75495.0,61438.0,4475.0,0,0,0,0
2022-11-08,4.28,4.14,88.91,1712.42,8127.5,3828.11,10616.2,25.54,2503.39,0.03119,1356.0,284.0467,76152.0,63434.0,4582.0,0,0,0,0
2022-11-09,4.29,4.12,85.83,1706.74,8114.25,3748.57,10353.17,26.09,2424.82,0.03135,1393.0,279.7784,80194.0,58141.0,9006.0,0,0,0,0
2022-11-10,4.28,3.82,86.47,1755.45,8065.0,3956.37,11114.15,23.53,2672.5,0.03134,1390.0,282.1174,83403.0,62512.0,-278.0,0,0,0,0
2022-11-11,4.28,3.82,88.96,1771.24,8441.0,3992.93,11323.33,22.52,2754.9,0.03184,1355.0,285.7881,92086.0,69255.0,8911.0,0,0,0,0
2022-11-14,4.34,3.88,85.87,1771.4,8346.0,3957.25,11196.22,23.73,2728.05,0.03214,1325.0,282.1593,97314.0,70997.0,4805.0,0,0,0,0
2022-11-15,4.31,3.8,86.92,1778.94,8343.0,3991.73,11358.41,24.54,2810.61,0.03215,1300.0,284.3635,107347.0,80329.0,2006.0,0,0,0,0
2022-11-16,4.32,3.67,85.59,1773.87,8315.0,3958.79,11183.66,24.11,2690.81,0.03214,1288.0,282.7825,44094.0,21250.0,9139.0,0,1,0,1
2022-11-17,4.32,3.77,81.64,1760.44,8155.0,3946.56,11144.96,23.93,2719.1,0.03209,1228.0,277.6006,50153.0,29203.0,7878.0,1,1,1,1
2022-11-18,4.34,3.82,80.08,1750.68,8047.0,3965.34,11146.06,23.12,2724.03,0.03208,1189.0,276.3964,53975.0,34531.0,12591.0,0,1,0,1
2022-11-21,4.41,3.83,79.73,1738.05,7900.5,3949.94,11024.51,22.36,2675.83,0.03204,1177.0,276.5194,52031.0,31665.0,11425.0,1,1,1,1
2022-11-22,4.4,3.76,80.95,1740.25,7996.0,4003.58,11174.41,21.29,2756.82,0.03204,1149.0,279.2436,54309.0,34122.0,10740.0,1,1,1,1
2022-11-23,4.4,3.71,77.94,1749.68,7962.0,4027.26,11285.32,20.35,2786.42,0.03203,1184.0,276.8745,50272.0,29080.0,11530.0,1,1,1,1
2022-11-24,4.4,3.71,77.94,1755.24,7990.5,4027.26,11285.32,20.35,2786.42,0.03223,1242.0,276.8745,56698.0,34720.0,7391.0,1,0,0,1
2022-11-25,4.41,3.68,76.28,1754.93,8070.0,4026.12,11226.36,20.5,2751.27,0.03236,1324.0,273.2535,58637.0,35588.0,4750.0,1,0,0,1
2022-11-28,4.41,3.69,77.24,1741.36,7966.0,3963.94,11049.5,22.21,2678.78,0.03225,1347.0,272.9187,62214.0,37896.0,9212.0,1,0,0,1
2022-11-29,4.38,3.75,78.2,1749.85,8035.5,3957.63,10983.78,21.89,2670.65,0.03231,1327.0,275.5185,64114.0,39243.0,11190.0,1,0,0,1
2022-11-30,4.37,3.68,80.55,1768.52,8198.0,4080.11,11468.0,20.58,2826.85,0.03236,1355.0,279.7564,57744.0,32428.0,12809.0,0,0,0,0
2022-12-01,4.33,3.53,81.22,1803.1,8311.5,4076.57,11482.45,19.84,2804.69,0.03264,1338.0,279.4643,66456.0,38420.0,2898.0,0,0,0,1
2022-12-02,4.34,3.51,79.98,1797.63,8432.5,4071.7,11461.5,19.06,2771.24,0.03267,1324.0,276.6876,68262.0,39729.0,1055.0,0,0,0,0
2022-12-05,4.36,3.6,76.93,1768.68,8348.5,3998.84,11239.94,20.75,2738.05,0.03284,1323.0,270.3537,69600.0,42028.0,3606.0,0,0,0,0
2022-12-06,4.37,3.51,74.25,1771.04,8384.75,3941.26,11014.89,22.17,2673.53,0.03264,1340.0,267.454,71850.0,46538.0,2122.0,0,0,0,1
2022-12-07,4.29,3.42,72.01,1786.27,8430.0,3933.92,10958.55,22.68,2673.25,0.03261,1373.0,265.8855,63541.0,37714.0,7134.0,0,0,0,1
2022-12-08,4.28,3.48,71.46,1789.14,8524.75,3963.51,11082.0,22.29,2744.73,0.03259,1385.0,266.4004,66246.0,40403.0,6330.0,0,0,0,0
2022-12-09,4.31,3.57,71.02,1797.32,8507.0,3934.38,11004.62,22.83,2721.02,0.03266,1386.0,266.2759,69626.0,42304.0,9004.0,0,0,0,1
2022-12-12,4.38,3.61,73.17,1781.44,8371.5,3990.56,11143.74,25.0,2779.21,0.03256,1361.0,269.3685,72873.0,43278.0,9458.0,0,0,0,1
2022-12-13,4.35,3.51,75.39,1810.8,8381.0,4019.65,11256.81,22.55,2821.53,0.03255,1357.0,275.0328,74332.0,44248.0,5406.0,0,0,0,1
2022-12-14,4.33,3.49,77.28,1807.32,8415.0,3995.32,11170.89,21.14,2777.27,0.0327,1401.0,276.6303,70762.0,39591.0,4800.0,0,0,0,1
2022-12-15,4.34,3.44,76.11,1776.85,8383.0,3895.75,10810.53,22.83,2661.4,0.03265,1528.0,274.7178,74777.0,43807.0,5572.0,0,0,0,1
2022-12-16,4.31,3.48,74.29,1793.08,8231.5,3852.36,10705.41,22.62,2636.1,0.03256,1560.0,271.3779,76526.0,46888.0,6757.0,0,0,1,1
2022-12-19,4.37,3.57,75.19,1787.62,8331.0,3817.66,10546.03,22.42,2599.86,0.03253,1548.0,270.559,78821.0,47190.0,10038.0,0,1,1,1
2022-12-20,4.35,3.69,76.09,1817.94,8302.0,3821.62,10547.11,21.48,2583.64,0.03255,1596.0,272.2691,80369.0,47259.0,10730.0,1,1,1,1
2022-12-21,4.33,3.68,78.29,1814.39,8327.0,3878.44,10709.37,20.07,2644.5,0.03256,1723.0,276.2122,24155.0,14737.0,13631.0,0,0,1,1
2022-12-22,4.35,3.67,77.49,1792.52,8345.5,3822.39,10476.12,21.97,2533.33,0.03259,1650.0,273.6428,31316.0,22198.0,15294.0,0,1,1,1
2022-12-23,4.34,3.75,79.56,1798.2,8308.5,3844.82,10497.86,20.87,2535.49,0.03256,1515.0,278.1068,32295.0,24747.0,13427.0,1,1,1,1
2022-12-26,4.34,3.75,79.56,1798.2,8308.5,3844.82,10497.86,20.87,2535.49,0.03256,1515.0,278.1068,32221.0,25155.0,14572.0,0,0,1,1
2022-12-27,4.46,3.84,79.53,1813.69,8308.5,3829.25,10353.23,21.65,2490.17,0.03258,1515.0,278.468,34809.0,26296.0,14699.0,0,1,1,1
2022-12-28,4.46,3.88,78.96,1804.35,8451.0,3783.22,10213.29,22.14,2453.49,0.03256,1515.0,277.3546,29833.0,20808.0,14158.0,1,1,1,1
2022-12-29,4.45,3.83,78.4,1814.91,8395.0,3849.28,10478.09,21.44,2534.95,0.03254,1515.0,276.01,36408.0,24270.0,14182.0,1,1,1,1
2022-12-30,4.42,3.88,80.26,1824.02,8387.0,3839.5,10466.48,21.67,2532.11,0.03256,1515.0,277.7467,38226.0,25307.0,19221.0,1,1,1,1
2023-01-03,4.53,3.79,76.93,1839.48,8307.0,3824.14,10386.98,22.9,2500.99,0.03258,1250.0,270.1766,39012.0,27006.0,15944.0,1,1,1,1
2023-01-04,4.55,3.69,72.84,1854.56,8236.0,3852.97,10458.76,22.01,2569.46,0.03256,1176.0,264.1701,37084.0,23312.0,14088.0,0,1,1,1
2023-01-05,4.66,3.71,73.67,1832.89,8361.5,3808.1,10305.24,22.46,2518.52,0.03256,1146.0,263.6875,40403.0,26416.0,16494.0,1,1,1,1
2023-01-06,4.67,3.55,73.77,1865.69,8569.9,3895.08,10569.29,21.13,2636.1,0.03256,1130.0,264.8221,48397.0,29993.0,14354.0,0,1,1,1
2023-01-09,4.7,3.53,74.63,1871.81,8833.0,3892.09,10635.65,21.97,2686.75,0.03277,1139.0,268.6366,57246.0,35591.0,12515.0,0,0,1,1
2023-01-10,4.73,3.61,75.12,1877.03,8766.5,3919.25,10742.63,20.58,2721.29,0.03283,1096.0,268.0909,60667.0,40829.0,9237.0,0,0,1,1
2023-01-11,4.72,3.54,77.41,1875.69,8987.0,3969.61,10931.67,21.09,2755.36,0.03286,1043.0,271.272,46933.0,30927.0,5000.0,1,1,1,1
2023-01-12,4.66,3.43,78.39,1897.09,9071.5,3983.17,11001.1,18.83,2789.65,0.03283,976.0,273.7682,47773.0,37771.0,5705.0,1,1,1,1
2023-01-13,4.67,3.49,79.86,1920.23,9107.0,3999.09,11079.16,18.35,2800.66,0.03291,946.0,275.9121,49966.0,42134.0,11689.0,1,1,1,1
2023-01-16,4.67,3.49,79.86,1916.02,9145.5,3999.09,11079.16,18.35,2800.66,0.03304,946.0,275.9121,53533.0,47920.0,9416.0,1,1,1,1
2023-01-17,4.71,3.53,80.18,1908.69,9114.0,3990.97,11095.11,19.36,2807.48,0.03299,921.0,277.22,54842.0,49775.0,9347.0,1,1,1,1
2023-01-30,4.72,3.55,77.9,1923.17,9227.0,4017.77,11393.81,19.94,2866.69,0.03318,680.0,274.4276,21118.0,15103.0,8099.0,0,1,1,1
2023-01-31,4.7,3.52,78.87,1928.36,9075.0,4076.6,11584.55,19.4,2921.92,0.03328,681.0,278.0917,24510.0,21722.0,2589.0,1,1,1,1
2023-02-01,4.66,3.39,76.41,1950.52,9060.5,4119.21,11816.32,17.87,3073.47,0.03337,668.0,271.802,26022.0,19708.0,4234.0,1,1,1,1
2023-02-02,4.66,3.4,75.88,1912.72,9028.25,4179.76,12200.82,18.73,3141.84,0.03367,640.0,271.6295,33899.0,25765.0,8409.0,1,1,1,1
2023-02-03,4.7,3.53,73.39,1864.97,8951.25,4136.48,12006.95,18.33,3082.11,0.03365,621.0,266.194,37554.0,31209.0,9327.0,1,1,1,1
2023-02-06,4.71,3.63,74.11,1867.48,8838.0,4111.08,11887.45,19.43,3029.74,0.03335,608.0,266.2147,42170.0,37210.0,7915.0,1,1,1,1
2023-02-07,4.71,3.67,77.14,1873.1,8893.0,4164.0,12113.79,18.66,3124.15,0.03329,601.0,270.7944,45740.0,42367.0,7081.0,1,1,1,1
2023-02-08,4.72,3.63,78.47,1875.49,8863.75,4117.86,11910.52,19.63,3055.63,0.03327,603.0,270.9371,41431.0,35833.0,11766.0,1,1,1,1
2023-02-09,4.77,3.67,78.06,1861.78,8952.24,4081.5,11789.58,20.71,3059.62,0.03326,592.0,270.4825,51398.0,45725.0,10750.0,1,1,1,1
2023-02-10,4.79,3.74,79.72,1865.57,8905.0,4090.46,11718.12,20.53,3011.15,0.03318,602.0,272.6711,51333.0,49943.0,11682.0,1,1,1,1
2023-02-13,4.81,3.72,80.14,1853.49,8912.0,4137.29,11891.79,20.34,3057.32,0.03307,616.0,272.7914,50426.0,48615.0,12264.0,0,1,1,1
2023-02-14,4.8,3.77,79.06,1854.31,8931.5,4136.13,11960.15,18.91,3121.63,0.0331,563.0,273.557,53199.0,54018.0,12379.0,0,1,1,1
2023-02-15,4.79,3.81,78.59,1836.01,8826.0,4147.6,12070.59,18.23,3133.07,0.03299,541.0,270.3832,37954.0,30004.0,8311.0,1,1,1,1
2023-02-16,4.84,3.86,78.49,1836.36,8892.0,4090.41,11855.83,20.17,3055.24,0.03303,530.0,270.2487,43646.0,34233.0,15936.0,1,1,1,1
2023-02-17,4.84,3.82,76.34,1842.36,8871.0,4079.09,11787.27,20.02,3005.87,0.03289,538.0,267.5701,50900.0,41440.0,17490.0,1,1,1,1
2023-02-20,4.84,3.82,76.34,1841.38,9015.0,4079.09,11787.27,20.02,3005.87,0.03293,552.0,267.5701,58181.0,50046.0,17823.0,1,1,1,1
2023-02-21,4.86,3.95,76.16,1835.09,9103.5,3997.34,11492.3,22.87,2906.26,0.03288,594.0,268.4807,60850.0,51883.0,16938.0,1,1,1,1
2023-02-22,4.84,3.93,73.95,1825.39,9121.0,3991.05,11507.07,22.29,2892.39,0.03278,674.0,266.1034,49137.0,45900.0,19336.0,0,1,1,1
2023-02-23,4.84,3.88,75.39,1822.28,9060.0,4012.32,11590.4,21.14,2988.81,0.03289,816.0,266.9393,57325.0,51962.0,18753.0,1,1,1,1
2023-02-24,4.86,3.95,76.32,1811.04,8807.0,3970.04,11394.94,21.67,2935.11,0.03281,883.0,267.15,61363.0,58269.0,15606.0,1,1,1,1
2023-03-01,4.9,4.01,77.69,1836.72,9084.0,3951.39,11379.48,20.58,2955.83,0.03269,1099.0,272.8119,58352.0,52623.0,14832.0,1,1,1,1
2023-03-02,4.91,4.08,78.16,1835.87,8928.1,3981.35,11462.98,19.59,2984.11,0.03265,1145.0,271.3024,62863.0,56953.0,16086.0,1,1,1,1
2023-03-03,4.91,3.97,79.68,1856.48,8954.5,4045.64,11689.01,18.49,3028.34,0.03265,1211.0,275.0535,69378.0,65455.0,14433.0,1,1,1,1
2023-03-06,4.93,3.98,80.46,1846.86,8893.25,4048.42,11675.74,18.61,2994.59,0.03271,1258.0,273.5867,70752.0,70493.0,12451.0,1,1,1,1
2023-03-07,5.04,3.97,77.58,1813.45,8737.5,3986.37,11530.33,19.59,2962.42,0.03269,1298.0,269.5776,74294.0,72617.0,15350.0,0,1,1,1
2023-03-08,5.06,3.98,76.66,1813.8,8886.0,3992.01,11576.0,19.11,3041.39,0.03248,1327.0,267.0166,68717.0,55733.0,10559.0,0,1,1,1
2023-03-09,5.05,3.93,75.72,1831.03,8832.3,3918.32,11338.35,22.61,2980.21,0.03246,1379.0,264.6538,71029.0,59154.0,10219.0,0,1,1,1
2023-03-10,5.01,3.7,76.68,1868.26,8755.0,3861.59,11138.89,24.8,2923.93,0.03242,1424.0,264.993,79247.0,67125.0,6201.0,1,1,1,1
2023-03-13,4.87,3.55,74.8,1913.7,8651.0,3855.76,11188.84,26.52,2921.71,0.03263,1465.0,264.6683,81358.0,78063.0,10770.0,1,1,1,1
2023-03-14,4.88,3.64,71.33,1904.01,8905.0,3919.29,11428.15,23.73,3010.15,0.03266,1587.0,261.0755,82933.0,82281.0,7596.0,1,1,1,1
2023-03-15,4.75,3.51,67.61,1918.58,8525.0,3891.93,11434.05,26.14,2977.39,0.03269,1603.0,254.0317,36992.0,27785.0,6936.0,1,1,1,1
2023-03-16,4.74,3.56,68.35,1919.52,8535.0,3960.28,11717.28,22.99,3098.07,0.03265,1560.0,256.6455,44526.0,33048.0,5383.0,1,1,1,1
2023-03-17,4.52,3.39,66.74,1989.25,8621.0,3916.64,11630.51,25.51,3083.52,0.03273,1535.0,254.6562,48939.0,35504.0,10672.0,1,1,1,1
2023-03-20,4.81,3.47,67.64,1978.84,8677.0,3951.57,11675.54,24.15,3114.71,0.03269,1542.0,255.1724,49290.0,38022.0,8623.0,1,1,1,1
2023-03-21,4.78,3.59,69.33,1940.07,8824.0,4002.87,11860.11,21.38,3116.89,0.03272,1512.0,257.6782,50361.0,39812.0,9959.0,1,1,1,1
2023-03-22,4.79,3.48,70.9,1970.11,8880.5,3936.97,11669.96,22.26,3091.71,0.03276,1456.0,258.649,46808.0,35659.0,17738.0,1,1,1,1
2023-03-23,4.73,3.38,69.96,1993.4,8917.0,3948.72,11787.4,22.61,3174.36,0.03293,1484.0,257.7784,54001.0,35089.0,17484.0,1,1,1,1
2023-03-24,4.74,3.38,69.26,1978.21,8927.0,3970.99,11823.96,21.74,3121.26,0.03295,1489.0,258.4906,58245.0,42855.0,12728.0,1,1,1,1
2023-03-27,4.91,3.53,72.81,1956.67,8876.0,3977.53,11768.84,20.6,3083.57,0.03293,1456.0,262.3263,58487.0,45911.0,4357.0,1,1,1,1
2023-03-28,4.8,3.55,73.2,1973.54,8934.0,3971.27,11716.08,19.97,3057.27,0.03291,1402.0,263.4856,61902.0,47923.0,4737.0,1,1,1,1
2023-03-29,4.8,3.57,72.97,1964.7,9052.0,4027.81,11926.24,19.12,3157.11,0.03284,1407.0,262.7066,59397.0,42573.0,7639.0,1,1,1,1
2023-03-30,4.97,3.55,74.37,1980.37,9038.5,4050.83,12013.47,19.02,3208.26,0.03283,1403.0,264.3804,61587.0,45528.0,9630.0,1,1,1,1
2023-03-31,4.85,3.48,75.67,1969.28,8935.0,4109.31,12221.91,18.7,3230.86,0.03284,1389.0,267.7272,66004.0,48754.0,6369.0,1,1,1,1
2023-04-06,4.91,3.3,80.7,2007.91,8806.75,4105.02,12087.96,18.4,3071.76,0.03276,1560.0,271.9884,63168.0,42013.0,10212.0,1,1,1,1
2023-04-07,4.95,3.39,80.7,2007.91,8806.75,4105.02,12087.96,18.4,3071.76,0.03285,1560.0,271.9884,64747.0,43102.0,9911.0,1,1,1,1
2023-04-10,5.08,3.41,79.74,1991.48,8806.75,4109.11,12084.36,18.97,3126.97,0.03284,1560.0,271.6855,68754.0,48140.0,10944.0,1,1,1,1
2023-04-11,5.04,3.43,81.53,2003.62,8837.5,4108.94,12031.88,19.1,3109.42,0.03281,1507.0,274.7278,71118.0,55398.0,11716.0,1,1,1,1
2023-04-12,5.02,3.41,83.26,2014.93,8803.0,4091.95,11929.34,19.09,3052.52,0.03278,1463.0,275.7309,70254.0,51508.0,10426.0,1,1,1,1
2023-04-13,5.1,3.45,82.16,2040.22,9001.5,4146.22,12166.27,17.8,3074.94,0.03279,1463.0,275.5899,72656.0,55766.0,10502.0,1,1,1,0
2023-04-14,5.14,3.52,82.52,2004.17,9082.0,4137.64,12123.47,17.07,3070.45,0.03282,1435.0,276.2171,78060.0,59105.0,14183.0,0,0,0,0
2023-04-17,5.21,3.6,80.83,1995.19,8985.0,4151.32,12157.72,16.95,3066.68,0.03279,1412.0,276.8093,78125.0,60062.0,11237.0,0,0,0,0
2023-04-18,5.2,3.58,80.86,2005.45,8966.0,4154.87,12153.41,16.83,3077.72,0.03276,1368.0,278.9284,80348.0,65177.0,9490.0,0,0,0,0
2023-04-19,5.16,3.6,79.16,1994.93,8875.0,4154.52,12157.23,16.46,3046.38,0.03272,1372.0,275.0226,26410.0,21866.0,8708.0,1,1,1,0
2023-04-20,5.12,3.54,77.29,2004.8,8875.0,4129.79,12059.56,17.17,3046.28,0.03267,1432.0,271.9082,35322.0,29016.0,12700.0,1,1,1,0
2023-04-21,5.14,3.57,77.87,1983.06,8816.0,4133.52,12072.46,16.77,3021.44,0.03266,1504.0,270.7984,41346.0,34864.0,13834.0,0,0,0,0
2023-04-24,5.2,3.52,78.76,1989.14,8762.5,4137.04,12037.2,16.89,3007.51,0.03263,1517.0,272.6052,44493.0,36107.0,15677.0,0,0,0,0
2023-04-25,5.12,3.4,77.07,1997.39,8521.0,4071.63,11799.16,18.76,2906.29,0.03259,1510.0,268.7823,46445.0,43577.0,6571.0,0,0,0,0
2023-04-26,5.16,3.43,74.3,1995.67,8579.0,4055.99,11854.35,18.84,2922.99,0.03255,1536.0,264.9432,41392.0,34604.0,5565.0,0,0,0,0
2023-04-27,5.18,3.53,74.76,1987.78,8465.5,4135.35,12142.24,17.03,2941.59,0.03256,1581.0,265.2179,44438.0,36404.0,9253.0,0,0,0,0
2023-04-28,5.1,3.44,76.78,1990.0,8571.0,4169.48,12226.58,15.78,2994.97,0.03253,1576.0,268.1556,46331.0,37422.0,12753.0,0,0,0,0
2023-05-02,5.24,3.44,71.66,2016.68,8490.0,4119.58,12080.51,17.78,2996.86,0.03249,1552.0,260.6375,48569.0,39902.0,14101.0,1,1,1,0
2023-05-03,5.26,3.38,68.6,2038.97,8442.75,4090.75,12025.33,18.34,2957.37,0.03252,1558.0,256.5628,45357.0,34863.0,13690.0,1,0,1,0
2023-05-04,5.26,3.37,68.56,2050.28,8474.4,4061.22,11966.4,20.09,2941.63,0.03261,1545.0,256.8085,47898.0,38475.0,18413.0,0,0,0,0
2023-05-05,5.26,3.44,71.34,2016.79,8560.25,4136.25,12235.41,17.19,3007.69,0.03264,1558.0,261.6041,50659.0,41996.0,17756.0,0,0,0,0
2023-05-08,5.31,3.52,73.16,2021.16,8560.25,4138.12,12256.92,16.98,3024.41,0.0326,1558.0,264.0001,54610.0,47294.0,15808.0,0,0,0,0
2023-05-09,5.29,3.53,73.71,2034.56,8562.25,4119.17,12179.55,17.71,2967.84,0.03257,1598.0,264.122,59573.0,50628.0,16934.0,0,0,0,0
2023-05-10,5.24,3.43,72.56,2030.09,8469.0,4137.64,12306.44,16.94,2997.51,0.03254,1640.0,262.2194,61315.0,44936.0,6310.0,0,0,0,0
2023-05-11,5.2,3.39,70.87,2015.05,8267.0,4130.62,12328.51,16.93,2978.72,0.03253,1608.0,257.986,66349.0,49354.0,6187.0,0,0,0,0
2023-05-12,5.25,3.46,70.04,2010.77,8240.0,4124.08,12284.74,17.03,2972.85,0.03251,1558.0,257.9239,72946.0,49517.0,6685.0,0,0,0,0
2023-05-15,5.21,3.5,71.11,2016.49,8287.0,4136.28,12365.21,17.12,3052.64,0.03245,1522.0,261.6505,74429.0,50588.0,11884.0,1,1,0,0
2023-05-16,5.23,3.54,70.86,1989.17,8076.0,4109.9,12343.05,17.99,3048.71,0.03246,1476.0,259.8938,74881.0,48849.0,25228.0,0,0,0,0
2023-05-17,5.26,3.57,72.83,1981.84,8176.0,4158.77,12500.57,16.87,3124.68,0.03245,1425.0,262.2848,24658.0,19816.0,32289.0,0,0,0,0
2023-05-18,5.31,3.65,71.86,1957.55,8171.5,4198.05,12688.84,16.05,3223.49,0.0325,1402.0,261.6635,37906.0,28846.0,32218.0,0,0,0,0
2023-05-19,5.29,3.7,71.55,1977.81,8222.0,4191.98,12657.9,16.81,3203.49,0.03259,1384.0,262.1346,41692.0,33160.0,31329.0,0,0,0,0
2023-05-22,5.4,3.72,71.99,1971.86,8094.0,4192.63,12720.78,17.21,3215.04,0.0326,1365.0,261.5848,45724.0,34667.0,30815.0,0,0,0,0
2023-05-23,5.34,3.7,72.91,1975.23,7961.0,4145.58,12560.25,18.53,3177.44,0.03252,1348.0,261.2104,49217.0,37204.0,30272.0,0,1,0,0
2023-05-24,5.37,3.73,74.34,1957.16,7910.0,4115.24,12484.16,20.03,3124.09,0.03247,1295.0,262.6974,40770.0,29368.0,28877.0,0,1,0,0
2023-05-25,5.38,3.83,71.83,1941.41,7922.0,4151.28,12698.09,19.14,3336.72,0.03248,1215.0,258.4918,53611.0,40514.0,30168.0,0,1,0,0
2023-05-26,5.34,3.8,72.67,1946.46,8082.0,4205.45,12975.69,17.95,3545.67,0.03252,1172.0,260.7035,64318.0,51029.0,33609.0,0,0,0,0
2023-05-29,5.34,3.8,72.67,1943.19,8082.0,4205.45,12975.69,17.95,3545.67,0.03262,1172.0,260.7035,67832.0,53550.0,28189.0,1,1,0,0
2023-05-30,5.55,3.69,69.46,1959.33,8122.0,4205.52,13017.43,17.46,3549.39,0.03262,1123.0,255.4951,68675.0,54516.0,29078.0,1,1,0,0
2023-05-31,5.52,3.64,68.09,1962.73,8017.0,4179.83,12935.29,17.94,3453.18,0.0325,977.0,253.8476,67568.0,51196.0,25669.0,1,1,0,0
2023-06-01,5.5,3.61,70.1,1977.61,8240.0,4221.02,13100.98,15.65,3506.74,0.03253,937.0,257.3663,73312.0,57574.0,24521.0,1,0,0,0
2023-06-02,5.5,3.69,71.74,1947.97,8233.5,4282.37,13240.77,14.6,3501.4,0.03262,919.0,259.6874,75894.0,63028.0,24360.0,1,0,0,0
2023-06-05,5.46,3.69,72.15,1961.86,8331.01,4273.79,13229.43,14.73,3444.12,0.03258,939.0,260.4435,80374.0,67699.0,22186.0,1,1,0,0
2023-06-06,5.44,3.7,71.74,1963.52,8334.0,4283.85,13276.42,13.96,3488.34,0.03254,1016.0,260.6792,81851.0,68534.0,23152.0,1,0,0,0
2023-06-07,5.42,3.79,72.53,1940.02,8292.1,4267.52,13104.89,13.94,3477.17,0.03256,1020.0,261.4349,76601.0,58135.0,24000.0,1,0,0,0
2023-06-08,5.38,3.73,71.29,1965.46,8336.0,4293.93,13238.52,13.65,3514.32,0.03251,1040.0,262.3184,87804.0,66499.0,22460.0,0,0,0,0
2023-06-09,5.37,3.75,70.17,1961.19,8349.0,4298.86,13259.14,13.83,3524.97,0.03255,1055.0,260.5344,86168.0,70809.0,20777.0,0,0,0,0
2023-06-12,5.4,3.73,67.12,1957.84,8287.0,4338.93,13461.92,15.01,3641.66,0.03252,1056.0,256.9446,95240.0,73994.0,20648.0,1,0,0,0
2023-06-13,5.36,3.84,69.42,1943.74,8421.5,4369.01,13573.32,14.61,3683.66,0.03256,1074.0,260.8113,111378.0,87679.0,19535.0,0,0,0,0
2023-06-14,5.36,3.83,68.27,1942.52,8457.0,4372.59,13626.48,13.88,3739.75,0.03255,1079.0,260.2673,99954.0,71102.0,15253.0,0,0,0,0
2023-06-15,5.33,3.72,70.62,1958.01,8479.0,4425.84,13782.82,14.5,3708.06,0.03255,1094.0,266.9148,104648.0,76237.0,18280.0,0,0,0,0
2023-06-16,5.34,3.77,71.78,1957.98,8561.0,4409.59,13689.57,13.54,3673.14,0.03256,1076.0,270.908,108683.0,84268.0,15764.0,0,0,0,0
2023-06-19,5.34,3.77,71.78,1950.48,8542.0,4409.59,13689.57,13.54,3673.14,0.03247,1065.0,270.908,109461.0,85576.0,16981.0,0,0,0,0
2023-06-20,5.39,3.74,70.5,1936.42,8565.0,4388.71,13667.29,13.88,3647.56,0.03237,1078.0,267.4136,114232.0,86601.0,15072.0,0,0,0,0
2023-06-21,5.4,3.72,72.53,1932.55,8490.0,4365.69,13502.2,13.2,3549.73,0.03234,1138.0,270.647,25662.0,19061.0,14406.0,0,0,0,0
2023-06-26,5.5,3.72,69.37,1923.26,8437.0,4328.82,13335.78,14.25,3515.77,0.03224,1233.0,263.4417,32625.0,30019.0,12695.0,0,0,0,0
2023-06-27,5.44,3.77,67.7,1913.69,8367.0,4378.41,13555.67,13.74,3642.41,0.03223,1183.0,259.7129,37523.0,39208.0,10179.0,0,0,0,0
2023-06-28,5.44,3.71,69.56,1907.32,8268.0,4376.86,13591.75,13.43,3609.48,0.03218,1138.0,259.219,31702.0,34801.0,7902.0,0,0,0,0
2023-06-29,5.46,3.85,69.86,1908.2,8165.5,4396.44,13591.33,13.54,3614.18,0.03218,1112.0,259.0753,37202.0,41316.0,2192.0,0,0,0,0
2023-06-30,5.43,3.81,70.64,1919.35,8210.0,4450.38,13787.92,13.59,3673.06,0.03212,1091.0,261.9932,40273.0,46291.0,2633.0,0,0,0,0
2023-07-03,5.44,3.86,69.79,1921.64,8397.0,4455.59,13816.77,13.57,3703.62,0.03212,1068.0,260.8978,42157.0,47837.0,3467.0,0,0,0,0
2023-07-04,5.44,3.86,69.79,1925.48,8346.0,4455.59,13816.77,13.57,3703.62,0.03214,1044.0,260.8978,45247.0,51713.0,5112.0,0,0,0,0
2023-07-05,5.44,3.95,71.79,1915.3,8304.0,4446.82,13791.65,14.18,3622.32,0.0321,994.0,262.8048,37161.0,35694.0,389.0,0,1,1,1
2023-07-06,5.46,4.05,71.8,1910.9,8246.0,4411.59,13679.04,15.44,3577.49,0.03203,993.0,261.9192,43856.0,43085.0,-1738.0,1,1,1,1
2023-07-07,5.46,4.06,73.86,1925.05,8360.5,4398.95,13660.72,14.83,3577.73,0.03192,1009.0,264.4608,47633.0,46808.0,-244.0,1,1,1,1
2023-07-10,5.48,4.01,72.99,1925.35,8286.0,4409.53,13685.48,15.07,3651.6,0.03186,1024.0,264.3828,49556.0,49045.0,2219.0,1,1,1,1
2023-07-11,5.49,3.99,74.83,1932.23,8371.0,4439.26,13760.7,14.84,3653.53,0.03193,1032.0,267.596,56356.0,55911.0,4204.0,1,0,0,1
2023-07-12,5.47,3.86,75.75,1957.35,8367.0,4472.16,13918.96,13.54,3721.47,0.03201,1088.0,268.2988,46460.0,44814.0,153.0,1,1,1,1
2023-07-13,5.47,3.76,76.89,1960.51,8585.0,4510.04,14138.57,13.61,3797.13,0.03217,1103.0,270.7393,54793.0,49995.0,448.0,1,1,1,1
2023-07-14,5.49,3.83,75.42,1955.21,8651.0,4505.42,14113.7,13.34,3750.41,0.03237,1090.0,270.7903,61819.0,56261.0,1085.0,0,0,0,0
2023-07-17,5.49,3.81,74.15,1955.04,8460.5,4522.79,14244.95,13.48,3837.31,0.0322,1073.0,267.9017,61402.0,55598.0,2429.0,1,1,0,1
2023-07-18,5.49,3.8,75.75,1978.72,8410.0,4554.98,14353.64,13.3,3842.35,0.03226,1037.0,271.857,63473.0,55745.0,2835.0,0,0,0,1
2023-07-19,5.49,3.75,75.35,1976.64,8354.0,4565.72,14358.02,13.76,3801.66,0.03219,1004.0,273.0922,24624.0,21768.0,3130.0,1,1,1,1
2023-07-20,5.49,3.85,75.63,1969.53,8543.0,4534.87,14063.31,13.99,3663.85,0.03218,977.0,274.7046,32806.0,28998.0,5472.0,0,0,0,1
2023-07-21,5.5,3.84,77.07,1961.94,8422.0,4536.34,14032.81,13.6,3698.85,0.03201,978.0,276.4806,39006.0,33219.0,535.0,0,0,0,0
2023-07-24,5.51,3.86,78.74,1954.73,8430.0,4554.64,14058.87,13.91,3692.32,0.0319,967.0,280.1339,42338.0,34311.0,4280.0,0,0,0,1
2023-07-25,5.51,3.91,79.63,1964.96,8597.0,4567.46,14144.56,13.86,3755.27,0.03194,962.0,281.892,47998.0,39347.0,4933.0,0,0,0,0
2023-07-26,5.51,3.86,78.78,1972.07,8534.0,4566.75,14127.28,13.19,3699.37,0.032,1067.0,280.8709,37752.0,29711.0,1619.0,0,0,0,0
2023-07-27,5.51,4.01,80.09,1946.0,8578.5,4537.41,14050.11,14.41,3768.27,0.03201,1097.0,280.1727,41248.0,34421.0,2194.0,0,0,0,0
2023-07-28,5.52,3.96,80.58,1959.49,8592.0,4582.23,14316.66,13.33,3851.76,0.03186,1110.0,280.4834,44036.0,36413.0,1035.0,0,0,0,1
2023-07-31,5.55,3.97,81.8,1965.09,8635.5,4588.96,14346.02,13.63,3861.63,0.03182,1127.0,282.1775,46078.0,42745.0,-3786.0,0,0,1,1
2023-08-01,5.54,4.05,81.37,1944.29,8594.25,4576.73,14283.91,13.93,3858.21,0.03173,1150.0,280.8488,47567.0,46176.0,326.0,0,0,1,1
2023-08-02,5.53,4.08,79.49,1934.45,8469.24,4513.39,13973.45,16.09,3711.6,0.03162,1123.0,276.5017,39219.0,35351.0,-5327.0,1,1,1,1
2023-08-04,5.54,4.05,82.82,1942.91,8523.25,4478.03,13909.24,17.1,3699.2,0.03155,1136.0,279.4587,44863.0,38559.0,-1384.0,0,0,1,1
2023-08-07,5.56,4.09,81.94,1936.56,8436.11,4518.44,13994.4,15.77,3739.41,0.03158,1145.0,279.1866,48752.0,38714.0,1990.0,1,1,1,1
2023-08-08,5.57,4.02,82.92,1925.24,8303.0,4499.38,13884.32,15.99,3679.42,0.03144,1142.0,279.2263,54813.0,44558.0,-367.0,1,0,1,1
2023-08-09,5.55,4.0,84.4,1914.46,8363.26,4467.71,13722.02,15.96,3610.47,0.0315,1144.0,282.0434,45515.0,37335.0,1897.0,0,0,0,1
2023-08-10,5.54,4.09,82.82,1912.48,8348.74,4468.83,13737.99,15.85,3597.02,0.03148,1137.0,279.9617,50682.0,47427.0,-3874.0,0,0,0,1
2023-08-11,5.54,4.16,83.19,1913.76,8255.6,4464.05,13644.85,14.84,3514.55,0.03145,1129.0,279.7356,52241.0,52663.0,-1115.0,0,0,0,1
2023-08-14,5.56,4.19,82.51,1907.1,8242.75,4489.72,13788.33,14.82,3615.45,0.03132,1135.0,278.097,55631.0,57166.0,-11208.0,0,0,1,1
2023-08-15,5.56,4.21,80.99,1902.0,8143.5,4437.86,13631.05,16.46,3553.96,0.03131,1166.0,274.304,59193.0,55511.0,-3582.0,0,0,1,1
2023-08-16,5.56,4.28,79.38,1891.81,8115.25,4404.33,13474.63,16.78,3480.08,0.03135,1233.0,273.4599,25450.0,19170.0,-2370.0,0,0,1,1
2023-08-17,5.56,4.3,80.39,1889.43,8200.85,4370.36,13316.93,17.89,3446.35,0.03128,1247.0,274.3914,31445.0,23464.0,946.0,0,0,1,1
2023-08-18,5.55,4.26,81.25,1889.31,8213.75,4369.71,13290.78,17.3,3462.74,0.03131,1237.0,275.4762,32962.0,28348.0,-774.0,0,0,1,1
2023-08-21,5.57,4.34,80.72,1894.93,8239.0,4399.77,13497.59,17.13,3560.74,0.03128,1223.0,274.7435,33847.0,28887.0,-6087.0,0,0,1,1
2023-08-22,5.57,4.34,80.35,1897.48,8330.7,4387.55,13505.87,16.97,3527.69,0.03131,1194.0,273.9935,35200.0,29283.0,-5076.0,0,1,1,1
2023-08-23,5.57,4.19,78.89,1915.48,8424.25,4436.01,13721.03,15.98,3602.01,0.03132,1151.0,274.98,30153.0,26884.0,-3006.0,0,1,1,1
2023-08-24,5.58,4.23,79.05,1916.91,8326.5,4376.31,13463.97,17.2,3481.3,0.03145,1110.0,275.8327,42502.0,32119.0,-1638.0,0,1,1,1
2023-08-25,5.61,4.25,79.83,1914.96,8319.25,4405.71,13590.65,15.68,3495.65,0.0314,1080.0,278.201,43340.0,40881.0,-11836.0,1,1,1,1
2023-08-28,5.58,4.2,80.1,1920.17,8319.25,4433.31,13705.13,15.08,3537.87,0.03137,1080.0,278.6406,46062.0,39954.0,-8290.0,0,1,1,1
2023-08-29,5.56,4.12,81.16,1937.54,8411.0,4497.63,13943.76,14.45,3629.57,0.03136,1107.0,279.7866,47199.0,41484.0,-4856.0,0,1,1,1
2023-08-30,5.56,4.12,81.63,1942.32,8445.55,4514.87,14019.31,13.88,3643.92,0.03139,1094.0,281.148,40255.0,29861.0,-6694.0,0,1,1,1
2023-08-31,5.56,4.09,83.63,1940.19,8404.5,4507.66,14034.97,13.57,3670.93,0.03139,1086.0,281.91,44895.0,37168.0,-8451.0,1,1,1,1
2023-09-01,5.53,4.18,85.55,1940.06,8479.25,4515.77,14031.81,13.09,3682.84,0.03139,1065.0,284.36,49574.0,40850.0,-6106.0,1,1,1,1
2023-09-04,5.53,4.18,85.55,1942.69,8437.25,4515.77,14031.81,13.09,3682.84,0.03137,1083.0,284.36,52843.0,43062.0,-3490.0,1,1,1,1
2023-09-05,5.55,4.27,86.69,1926.12,8482.5,4496.83,14020.95,14.01,3683.79,0.03135,1063.0,284.92,54618.0,46763.0,-6230.0,1,1,1,1
2023-09-06,5.55,4.3,87.54,1916.56,8358.75,4465.48,13872.47,14.45,3654.46,0.03128,1081.0,284.74,46023.0,43731.0,-5132.0,1,1,1,1
2023-09-07,5.53,4.27,86.87,1919.68,8309.25,4451.14,13748.83,14.4,3582.11,0.03125,1141.0,283.77,50972.0,48059.0,-3110.0,1,1,1,1
2023-09-08,5.55,4.26,87.51,1919.08,8229.0,4457.49,13761.53,13.84,3565.99,0.03124,1186.0,284.47,52418.0,55674.0,-3887.0,1,1,1,1
2023-09-11,5.55,4.29,87.29,1922.3,8375.5,4487.46,13917.89,13.8,3569.23,0.03127,1209.0,286.34,55455.0,57167.0,-6601.0,1,1,1,1
2023-09-12,5.56,4.27,88.84,1913.67,8367.5,4461.9,13773.61,14.23,3541.09,0.03122,1235.0,287.35,60570.0,59279.0,-1123.0,1,1,1,1
2023-09-13,5.55,4.25,88.52,1908.12,8397.5,4467.44,13813.59,13.48,3560.46,0.03128,1290.0,287.62,52857.0,52965.0,-667.0,0,1,1,1
2023-09-14,5.55,4.29,90.16,1910.79,8372.25,4505.1,13926.05,12.82,3584.23,0.03134,1340.0,290.29,60690.0,55969.0,1936.0,0,0,1,1
2023-09-15,5.56,4.33,90.77,1923.91,8350.35,4450.32,13708.33,13.79,3476.39,0.03132,1381.0,289.61,64273.0,58738.0,-1469.0,0,0,1,1
2023-09-18,5.55,4.32,91.48,1933.84,8299.8,4453.53,13710.24,14.0,3492.47,0.03127,1439.0,289.38,70808.0,66667.0,-6811.0,0,0,1,1
2023-09-19,5.54,4.37,91.2,1931.36,8233.5,4443.95,13678.19,14.11,3459.02,0.03125,1526.0,290.0,74187.0,70168.0,-8399.0,0,0,1,1
2023-09-20,5.56,4.35,90.28,1930.3,8281.5,4402.2,13469.13,15.14,3398.8,0.03123,1584.0,288.48,34764.0,34346.0,-6165.0,0,0,1,1
2023-09-21,5.57,4.49,89.63,1920.02,8129.75,4330.0,13223.98,17.54,3338.85,0.03114,1569.0,285.93,41817.0,48726.0,-13203.0,1,1,1,1
2023-09-22,5.56,4.44,90.03,1925.23,8161.74,4320.06,13211.81,17.2,3365.29,0.03113,1593.0,285.99,45268.0,51528.0,-10613.0,1,1,1,1
2023-09-25,5.58,4.55,89.68,1915.92,8075.4,4337.44,13271.32,16.9,3389.46,0.03111,1614.0,284.94,49727.0,53684.0,-5037.0,0,1,1,1
2023-09-26,5.58,4.56,90.39,1900.65,8034.15,4273.53,13063.61,18.94,3329.62,0.03103,1694.0,284.72,52820.0,55255.0,-6116.0,1,1,1,1
2023-09-27,5.58,4.61,93.68,1875.12,8056.5,4274.51,13092.85,18.22,3361.41,0.03101,1752.0,287.46,39957.0,40580.0,-8249.0,1,1,1,1
2023-09-28,5.56,4.59,91.71,1864.87,8167.05,4299.7,13201.28,17.34,3420.99,0.03099,1716.0,287.06,48564.0,46568.0,-10084.0,1,1,1,1
2023-10-02,5.62,4.69,88.82,1828.03,7978.0,4288.39,13307.77,17.61,3448.85,0.03102,1737.0,282.48,50201.0,50991.0,-7012.0,1,1,1,1
2023-10-03,5.62,4.81,89.23,1823.02,7929.0,4229.45,13059.47,19.78,3376.58,0.03093,1780.0,281.49,57163.0,59534.0,-9837.0,1,1,1,1
2023-10-04,5.61,4.73,84.22,1821.36,7875.0,4263.75,13236.01,18.58,3424.92,0.03094,1778.0,275.43,47866.0,53998.0,-8471.0,1,1,1,1
2023-10-05,5.61,4.72,82.31,1820.3,7823.75,4258.19,13219.83,18.49,3406.98,0.031,1827.0,274.63,56835.0,59381.0,-2594.0,1,1,1,1
2023-10-06,5.63,4.78,82.79,1833.01,7971.25,4308.5,13431.34,17.45,3475.21,0.03105,1929.0,276.9,60369.0,61472.0,-4058.0,1,1,1,1
2023-10-11,5.61,4.58,83.49,1874.36,7946.5,4376.95,13659.68,16.09,3537.82,0.03113,1948.0,277.38,51675.0,58098.0,-4032.0,1,1,1,1
2023-10-12,5.63,4.7,82.91,1868.9,7915.75,4349.61,13574.22,16.69,3548.62,0.03113,1935.0,278.08,59283.0,65487.0,-877.0,0,1,1,1
2023-10-13,5.62,4.63,87.69,1932.82,7875.81,4327.78,13407.23,19.32,3452.97,0.03104,1945.0,283.97,67207.0,73443.0,-468.0,1,1,1,1
2023-10-16,5.61,4.71,86.66,1920.2,7915.5,4373.63,13567.98,17.21,3502.51,0.03098,1972.0,282.37,74824.0,86433.0,-1420.0,0,1,1,1
2023-10-17,5.62,4.83,86.66,1923.18,7902.75,4373.2,13533.75,17.88,3474.66,0.03096,2058.0,283.08,80512.0,91295.0,-1226.0,1,1,1,1
2023-10-18,5.61,4.91,88.32,1947.55,7901.5,4314.6,13314.3,19.22,3413.45,0.03097,2105.0,285.83,34440.0,41181.0,-8166.0,0,1,1,1
2023-10-19,5.6,4.98,89.37,1974.46,7928.0,4278.0,13186.18,21.4,3367.77,0.03094,2071.0,287.34,44028.0,51701.0,-5306.0,0,1,1,1
2023-10-20,5.58,4.93,88.75,1981.4,7879.76,4224.16,12983.81,21.71,3316.14,0.03094,2046.0,286.01,45340.0,56738.0,-4579.0,1,1,1,1
2023-10-23,5.58,4.86,85.49,1972.85,7900.76,4217.04,13018.33,20.37,3298.54,0.03091,2017.0,283.4,50421.0,61652.0,-10479.0,1,1,1,1
2023-10-24,5.58,4.83,83.74,1970.97,7985.0,4247.68,13139.87,18.97,3343.94,0.03094,1949.0,281.85,53804.0,67147.0,-11897.0,1,1,1,1
2023-10-25,5.59,4.95,85.39,1979.72,7958.5,4186.77,12821.22,20.19,3205.84,0.03092,1832.0,283.1,43729.0,58271.0,-8177.0,1,1,1,1
2023-10-26,5.59,4.86,83.21,1984.71,7911.0,4137.23,12595.61,20.68,3188.42,0.03084,1662.0,281.52,50111.0,67464.0,-12384.0,1,1,1,1
2023-10-27,5.59,4.84,85.54,2006.37,8030.0,4117.37,12643.01,21.27,3227.09,0.03084,1563.0,285.1,53444.0,73604.0,-9142.0,1,1,1,1
2023-10-30,5.6,4.88,82.31,1996.1,8068.75,4166.82,12789.48,19.75,3185.18,0.03084,1502.0,280.76,57503.0,79609.0,-12483.0,1,1,1,1
2023-10-31,5.59,4.88,81.02,1983.88,8029.0,4193.8,12851.24,18.14,3215.89,0.03085,1459.0,281.15,60779.0,82661.0,-15297.0,1,1,1,1
2023-11-01,5.57,4.77,80.44,1982.53,8030.0,4237.86,13061.47,16.87,3290.95,0.03078,1401.0,279.08,52381.0,70516.0,-13396.0,1,1,1,1
2023-11-02,5.54,4.67,82.46,1985.78,8064.0,4317.78,13294.19,15.66,3368.54,0.0309,1385.0,282.25,78580.0,80512.0,-3904.0,1,1,1,1
2023-11-03,5.53,4.57,80.51,1992.65,8095.7,4358.34,13478.28,14.91,3454.57,0.03096,1462.0,281.77,83384.0,81464.0,662.0,1,1,1,1
2023-11-06,5.56,4.67,80.82,1978.14,8157.74,4365.98,13518.78,14.89,3444.89,0.03111,1523.0,281.89,92143.0,82500.0,5672.0,1,1,1,1
2023-11-07,5.55,4.58,77.37,1969.45,8101.0,4378.38,13639.86,14.81,3471.46,0.03106,1559.0,275.72,95779.0,84022.0,7942.0,1,1,1,1
2023-11-08,5.54,4.49,75.33,1950.2,8058.5,4382.78,13650.41,14.45,3472.67,0.03101,1530.0,273.38,83382.0,72825.0,5468.0,1,1,1,1
2023-11-09,5.54,4.62,75.74,1958.55,8068.11,4347.35,13521.45,15.29,3452.34,0.031,1598.0,273.38,89859.0,74399.0,5085.0,0,1,1,1
2023-11-10,5.53,4.61,77.17,1940.2,7954.69,4415.24,13798.11,14.17,3591.74,0.03091,1643.0,273.36,93936.0,79739.0,8721.0,1,1,1,1
2023-11-13,5.55,4.63,78.26,1946.92,8081.25,4411.55,13767.74,14.76,3556.74,0.03093,1655.0,277.63,95694.0,84899.0,3132.0,1,1,1,1
2023-11-14,5.52,4.44,78.26,1964.29,8144.0,4495.7,14094.38,14.16,3685.57,0.03093,1662.0,277.45,95641.0,87841.0,5238.0,0,1,1,1
2023-11-15,5.53,4.53,76.66,1959.85,8172.25,4502.88,14103.84,14.18,3712.09,0.03114,1688.0,276.82,42780.0,34891.0,5590.0,1,1,1,1
2023-11-16,5.51,4.45,72.9,1980.9,8122.0,4508.24,14113.67,14.32,3724.1,0.03124,1758.0,271.31,56750.0,42139.0,5469.0,1,1,1,1
2023-11-17,5.5,4.44,75.89,1980.82,8168.2,4514.02,14125.48,13.8,3748.65,0.03139,1820.0,273.63,61191.0,51018.0,3897.0,1,1,1,1
2023-11-20,5.54,4.42,77.6,1978.07,8340.25,4547.38,14284.53,13.41,3805.8,0.03159,1817.0,276.62,64092.0,53507.0,1877.0,1,1,1,1
2023-11-21,5.53,4.41,77.77,1998.29,8353.0,4538.19,14199.98,13.35,3732.79,0.0318,1796.0,277.06,68090.0,60349.0,2450.0,1,1,1,1
2023-11-22,5.54,4.42,77.1,1990.17,8252.99,4556.62,14265.86,12.85,3744.96,0.03165,1755.0,275.11,61756.0,56176.0,-6348.0,1,1,1,1
2023-11-23,5.54,4.42,77.1,1992.25,8306.5,4556.62,14265.86,12.85,3744.96,0.0317,1855.0,275.11,68741.0,62878.0,-2439.0,1,1,1,0
2023-11-24,5.54,4.47,75.54,2000.82,8329.75,4559.34,14250.85,12.46,3747.92,0.03162,2102.0,272.0,71676.0,68005.0,-4240.0,1,1,0,0
2023-11-27,5.49,4.39,74.86,2014.13,8259.25,4550.43,14241.02,12.69,3739.31,0.03168,2259.0,270.48,75200.0,72673.0,-1356.0,1,0,0,0
2023-11-28,5.47,4.34,76.41,2040.97,8387.75,4554.89,14281.76,12.69,3718.35,0.03178,2391.0,273.67,76389.0,76265.0,-149.0,1,0,0,0
2023-11-29,5.45,4.27,77.86,2044.24,8336.5,4550.58,14258.49,12.98,3753.36,0.032,2696.0,275.44,70244.0,64613.0,-4478.0,1,0,0,0
2023-11-30,5.45,4.37,75.96,2036.41,8387.5,4567.8,14226.22,12.92,3724.58,0.03199,2937.0,273.64,75687.0,72612.0,-3608.0,0,0,0,0
2023-12-01,5.43,4.22,74.07,2072.22,8538.52,4594.63,14305.03,12.63,3738.27,0.03177,3192.0,270.77,79230.0,76091.0,-832.0,0,0,0,0
2023-12-04,5.46,4.28,73.04,2029.42,8362.75,4569.78,14185.49,13.08,3693.44,0.03183,3346.0,267.61,84046.0,81893.0,-4353.0,0,0,0,0
2023-12-05,5.45,4.18,72.32,2019.36,8252.75,4567.18,14229.91,12.85,3672.4,0.03175,3143.0,266.32,88471.0,84791.0,-5906.0,0,0,0,0
2023-12-06,5.45,4.12,69.38,2025.55,8201.25,4549.34,14146.71,12.97,3645.82,0.03174,2848.0,259.66,83982.0,79340.0,-6349.0,0,0,0,0
2023-12-07,5.44,4.14,69.34,2028.47,8258.0,4585.59,14339.99,13.06,3747.54,0.03172,2495.0,260.74,88334.0,86997.0,-7320.0,0,0,0,0
2023-12-08,5.44,4.23,71.23,2004.67,8366.25,4604.37,14403.97,12.35,3774.17,0.03187,2483.0,262.82,102911.0,99299.0,-5568.0,0,0,0,0
2023-12-11,5.47,4.23,71.32,1981.95,8249.1,4622.44,14432.49,12.63,3902.38,0.03173,2509.0,261.77,102996.0,102635.0,-7881.0,0,0,0,0
2023-12-12,5.46,4.2,68.61,1979.54,8259.75,4643.7,14533.4,12.07,3930.18,0.03174,2551.0,258.09,106784.0,105943.0,-9496.0,0,0,0,0
2023-12-13,5.44,4.04,69.47,2027.74,8237.4,4707.09,14733.96,12.19,3990.95,0.03172,2438.0,259.11,99264.0,100801.0,-10159.0,0,0,0,0
2023-12-14,5.43,3.92,71.58,2036.36,8460.51,4719.55,14761.56,12.48,4097.47,0.03192,2411.0,264.31,107424.0,102843.0,-9355.0,0,0,0,0
2023-12-15,5.44,3.91,71.43,2019.62,8454.65,4719.19,14813.92,12.28,4117.0,0.03198,2348.0,265.07,109245.0,107137.0,-8253.0,0,0,0,0
2023-12-18,5.46,3.95,72.47,2027.19,8393.81,4740.56,14904.8095,12.56,4103.79,0.03193,2288.0,265.9,110732.0,111220.0,-12100.0,0,0,0,0
2023-12-19,5.43,3.93,73.44,2040.35,8500.5,4768.37,15003.2197,12.53,4125.56,0.03189,2219.0,267.7,111543.0,115465.0,-17223.0,0,0,0,0
2023-12-20,5.44,3.86,74.22,2031.39,8488.5,4698.35,14777.9404,13.67,4007.66,0.03194,2150.0,266.39,43607.0,50768.0,-11465.0,1,1,1,1
2023-12-21,5.42,3.89,73.89,2045.95,8508.5,4746.75,14963.8701,13.65,4118.59,0.03197,2087.0,266.08,56561.0,67481.0,-17563.0,0,1,1,0
2023-12-22,5.44,3.9,73.56,2053.08,8483.5,4754.63,14992.9697,13.03,4132.86,0.03205,2094.0,266.59,62560.0,72409.0,-15750.0,1,1,1,1
2023-12-25,5.44,3.9,73.56,2053.08,8483.5,4754.63,14992.9697,13.03,4132.86,0.03211,2094.0,266.59,66953.0,77639.0,-14288.0,1,1,1,1
2023-12-26,5.45,3.89,75.57,2067.81,8483.5,4774.75,15074.5703,12.99,4207.45,0.03219,2094.0,268.63,69732.0,81231.0,-11895.0,1,1,1,1
2023-12-27,5.44,3.79,74.11,2077.49,8589.0,4781.58,15099.1796,12.43,4214.59,0.03238,2094.0,268.28,66263.0,75161.0,-12235.0,0,0,0,0
2023-12-28,5.45,3.84,71.77,2065.61,8530.25,4783.35,15095.1396,12.47,4208.68,0.03255,2094.0,266.38,70071.0,79530.0,-13618.0,0,0,0,0
2023-12-29,5.4,3.88,71.65,2062.98,8463.92,4769.83,15011.3496,12.45,4175.47,0.03254,2094.0,263.83,69951.0,79453.0,-16712.0,0,0,0,0
2024-01-02,5.46,3.95,70.38,2058.96,8440.5,4742.83,14765.9404,13.2,4023.04,0.0324,2093.0,262.63,75840.0,83275.0,-17429.0,0,0,0,0
2024-01-03,5.48,3.91,72.7,2041.49,8418.5,4704.81,14592.2099,14.04,3941.21,0.03225,2091.0,265.25,71753.0,80808.0,-24035.0,1,1,0,0
2024-01-04,5.48,3.99,72.19,2043.65,8367.8,4688.68,14510.2998,14.13,3908.85,0.03224,2086.0,265.0,76949.0,85742.0,-20470.0,1,1,0,0
2024-01-05,5.47,4.05,73.81,2045.45,8361.0,4697.24,14524.0703,13.35,3933.49,0.03223,2110.0,265.91,86674.0,87678.0,-19682.0,1,1,0,1
2024-01-08,5.49,4.01,70.77,2028.07,8339.69,4763.54,14843.7695,13.08,4062.48,0.03226,2022.0,261.65,93956.0,91334.0,-18791.0,0,0,0,0
2024-01-09,5.47,4.02,72.24,2030.2,8263.4,4756.5,14857.7099,12.76,4064.65,0.03223,1875.0,264.69,100918.0,96214.0,-24260.0,0,0,0,0
2024-01-10,5.46,4.04,71.37,2024.41,8269.0,4783.45,14969.6503,12.69,4048.84,0.03211,1664.0,262.31,95524.0,91169.0,-24555.0,0,0,0,0
2024-01-11,5.46,3.98,72.02,2028.91,8262.2,4780.24,14970.1904,12.44,4067.9,0.03215,1554.0,264.1,99409.0,101799.0,-25309.0,0,0,0,0
2024-01-12,5.45,3.96,72.68,2049.06,8241.2,4783.83,14972.7597,12.7,4052.42,0.03212,1460.0,264.38,104267.0,110166.0,-26404.0,0,0,0,0
2024-01-15,5.45,3.96,72.68,2056.55,8284.0,4783.83,14972.7597,12.7,4052.42,0.03204,1360.0,264.38,118890.0,106092.0,-21768.0,0,0,0,0
2024-01-16,5.45,4.07,72.4,2028.44,8268.0,4765.98,14944.3496,13.84,4105.94,0.03186,1324.0,264.3,122930.0,107707.0,-17248.0,0,0,0,0
2024-01-17,5.47,4.1,72.56,2006.25,8174.25,4739.21,14855.6201,14.79,4069.94,0.03166,1308.0,263.05,34042.0,54034.0,-14532.0,1,1,0,1
2024-01-18,5.45,4.14,74.08,2023.34,8223.8,4780.94,15055.6503,14.13,4206.52,0.03167,1357.0,265.46,43423.0,62942.0,-13650.0,0,1,0,0
2024-01-19,5.45,4.15,73.41,2029.49,8271.76,4839.81,15310.9697,13.3,4375.65,0.03181,1503.0,265.38,60670.0,62664.0,-2613.0,0,0,0,0
2024-01-22,5.46,4.11,75.19,2021.7,8254.5,4850.43,15360.29,13.19,4386.6,0.0319,1518.0,266.95,66322.0,67407.0,-6854.0,0,1,0,1
2024-01-23,5.45,4.14,74.37,2029.28,8312.0,4864.6,15425.9404,12.55,4415.26,0.03192,1473.0,268.2,70981.0,68800.0,-1447.0,0,0,0,1
2024-01-24,5.44,4.18,75.09,2013.89,8472.49,4868.55,15481.9199,13.14,4483.33,0.0319,1507.0,270.99,64456.0,63135.0,-483.0,1,0,0,1
2024-01-25,5.44,4.14,77.36,2020.84,8477.5,4894.16,15510.5,13.45,4472.26,0.03193,1499.0,272.4,72622.0,68646.0,3388.0,0,0,0,0
2024-01-26,5.44,4.15,78.01,2018.52,8448.05,4890.97,15455.3603,13.26,4342.1,0.03194,1518.0,273.57,73984.0,70419.0,4431.0,0,0,0,0
2024-01-29,5.42,4.08,76.78,2033.23,8455.0,4927.93,15628.04,13.6,4388.28,0.032,1460.0,270.88,74342.0,70930.0,3375.0,1,0,0,0
2024-01-30,5.42,4.06,77.82,2037.01,8511.75,4924.97,15509.9003,13.31,4319.99,0.03209,1397.0,274.0,79482.0,74750.0,874.0,0,0,0,0
2024-01-31,5.42,3.99,75.85,2039.52,8500.5,4845.65,15164.0097,14.35,4260.92,0.03195,1398.0,272.41,66561.0,67502.0,-1526.0,0,0,0,0
2024-02-01,5.42,3.87,73.82,2054.99,8425.5,4906.19,15361.6396,13.88,4280.48,0.03191,1388.0,269.71,68618.0,73965.0,-3521.0,0,0,0,0
2024-02-02,5.43,4.03,72.28,2039.76,8374.34,4958.61,15628.9501,13.85,4336.73,0.03201,1407.0,267.74,72133.0,73230.0,-6136.0,0,0,0,1
2024-02-05,5.42,4.17,72.78,2025.11,8247.24,4942.81,15597.6796,13.67,4388.1,0.03187,1436.0,268.19,75792.0,78015.0,-5494.0,1,0,0,1
2024-02-15,5.43,4.24,78.03,2004.4,8223.0,5029.73,15906.1699,14.01,4558.1,0.03182,1581.0,271.28,86003.0,70160.0,-2653.0,0,0,0,0
2024-02-16,5.44,4.3,79.19,2013.59,8409.16,5005.57,15775.6503,14.24,4527.68,0.03188,1610.0,272.59,92213.0,73080.0,-6703.0,0,0,0,1
2024-02-19,5.44,4.3,79.19,2017.21,8353.5,5005.57,15775.6503,14.24,4527.68,0.03185,1629.0,272.59,92430.0,78438.0,-3471.0,0,0,0,0
2024-02-20,5.44,4.27,78.18,2024.41,8423.99,4975.51,15630.7802,15.42,4456.87,0.03175,1632.0,270.76,102314.0,85999.0,2742.0,0,0,0,0
2024-02-21,5.44,4.32,77.91,2025.99,8456.5,4981.8,15580.8701,15.34,4446.36,0.03172,1676.0,274.01,39534.0,45984.0,2421.0,0,0,0,0
2024-02-22,5.45,4.33,78.61,2024.39,8499.5,5087.03,16041.6201,14.54,4667.37,0.03173,1752.0,274.11,48210.0,54126.0,3085.0,0,0,0,0
2024-02-23,5.46,4.26,76.49,2035.4,8475.0,5088.8,15996.8203,13.75,4615.03,0.03169,1866.0,270.82,61552.0,61661.0,4146.0,0,0,0,1
2024-02-26,5.47,4.28,77.58,2031.24,8361.5,5069.53,15976.25,13.74,4663.47,0.0317,1871.0,273.64,67048.0,67714.0,6151.0,0,0,0,1
2024-02-27,5.45,4.31,78.87,2030.48,8375.25,5078.18,16035.2998,13.43,4654.89,0.03168,1899.0,276.49,74340.0,72424.0,3799.0,0,0,1,1
2024-02-29,5.45,4.25,78.26,2044.3,8401.5,5096.27,16091.9199,13.4,4726.92,0.03167,2111.0,275.08,45210.0,55386.0,3622.0,0,0,1,1
2024-03-01,5.42,4.19,79.97,2082.92,8416.0,5137.08,16274.9404,13.11,4929.58,0.03164,2203.0,277.11,50231.0,61245.0,-1493.0,0,1,1,1
2024-03-04,5.48,4.22,78.74,2114.48,8455.91,5130.95,16207.5097,13.49,4981.97,0.03172,2297.0,277.29,67610.0,71022.0,3987.0,1,1,1,1
2024-03-05,5.47,4.13,78.15,2128.04,8400.75,5078.65,15939.5898,14.46,4879.83,0.03168,2291.0,275.83,74453.0,81449.0,3331.0,1,1,1,1
2024-03-06,5.47,4.11,79.13,2148.18,8484.25,5104.76,16031.54,14.5,4997.93,0.03167,2176.0,278.12,57926.0,59092.0,3333.0,0,1,1,1
2024-03-07,5.47,4.09,78.93,2159.98,8546.49,5157.36,16273.3798,14.44,5165.83,0.03171,2251.0,279.09,71583.0,71627.0,3055.0,1,1,1,1
2024-03-08,5.46,4.09,78.01,2178.95,8487.27,5123.69,16085.1103,14.74,4957.78,0.03181,2345.0,276.6,84572.0,79664.0,-1566.0,1,1,1,1
2024-03-11,5.48,4.1,77.93,2182.75,8559.65,5117.94,16019.2695,15.22,4890.2,0.03183,2377.0,277.98,88440.0,84447.0,-6557.0,0,1,1,1
2024-03-12,5.48,4.16,77.56,2158.34,8560.7,5175.27,16265.6396,13.84,4992.51,0.03183,2315.0,278.32,91204.0,82586.0,-8109.0,0,1,1,1
2024-03-13,5.48,4.19,79.72,2174.41,8833.46,5165.31,16177.7695,13.75,4868.95,0.03179,2370.0,281.09,82215.0,74107.0,-9132.0,1,1,1,1
2024-03-14,5.48,4.29,81.26,2162.19,8783.25,5150.48,16128.5302,14.4,4783.65,0.03175,2350.0,282.95,87431.0,79686.0,-8598.0,0,1,1,1
2024-03-15,5.48,4.31,81.04,2155.9,8968.5,5117.09,15973.1699,14.41,4757.71,0.03165,2374.0,284.62,89091.0,86545.0,-11698.0,1,1,1,1
2024-03-18,5.48,4.34,82.72,2160.36,8986.11,5149.42,16103.4501,14.33,4757.6,0.03159,2419.0,287.24,90152.0,87589.0,-10404.0,1,1,1,1
2024-03-19,5.48,4.3,83.47,2157.59,8870.81,5178.51,16166.79,13.82,4712.81,0.03147,2392.0,286.86,91168.0,93212.0,-10976.0,1,1,1,1
2024-03-20,5.47,4.27,81.68,2186.39,8818.84,5224.62,16369.4101,13.04,4788.18,0.03138,2284.0,285.52,17937.0,29194.0,-4788.0,1,1,1,1
2024-03-21,5.48,4.27,81.07,2181.33,8837.66,5241.53,16401.8398,12.92,4897.87,0.03141,2240.0,286.56,27636.0,37482.0,4132.0,1,1,1,1
2024-03-22,5.46,4.22,80.63,2165.44,8756.04,5234.18,16428.8203,13.06,4908.26,0.03129,2196.0,285.76,31215.0,43694.0,-5442.0,1,1,1,1
2024-03-25,5.46,4.25,81.95,2171.83,8757.63,5218.19,16384.4707,13.19,4891.49,0.03138,2123.0,288.94,34072.0,48888.0,-5186.0,1,1,1,1
2024-03-26,5.46,4.24,81.62,2178.8,8748.47,5203.58,16315.7001,13.24,4851.88,0.03135,1989.0,287.82,42530.0,55836.0,-6476.0,1,1,1,1
2024-03-27,5.45,4.2,81.35,2194.79,8744.39,5248.49,16399.5195,12.78,4899.95,0.03125,1845.0,286.76,36960.0,47255.0,-3340.0,0,0,1,1
2024-03-28,5.46,4.2,83.17,2229.87,8766.51,5254.35,16379.4599,13.01,4905.21,0.03126,1821.0,290.29,41472.0,53613.0,-5729.0,1,0,1,1
2024-03-29,5.46,4.2,83.17,2229.87,8766.51,5254.35,16379.4599,13.01,4905.21,0.03126,1821.0,290.29,43084.0,52718.0,-754.0,0,0,1,1
2024-04-01,5.44,4.33,83.71,2251.44,8766.51,5243.77,16396.83,13.65,4962.1,0.03127,1821.0,292.33,47120.0,55956.0,-4323.0,0,0,0,1
2024-04-02,5.42,4.36,85.15,2280.67,8888.06,5205.81,16240.4501,14.61,4886.94,0.03118,1714.0,294.23,53781.0,58725.0,3312.0,0,0,1,1
2024-04-03,5.42,4.36,85.43,2300.0,9150.56,5211.49,16277.4599,14.33,4903.5,0.03119,1711.0,295.2,41750.0,46690.0,-7466.0,1,1,1,1
2024-04-08,5.43,4.42,86.43,2339.03,9281.51,5202.39,16253.9599,15.19,4825.39,0.03116,1594.0,297.48,46100.0,53032.0,-5854.0,0,0,1,1
2024-04-09,5.43,4.36,85.23,2352.78,9283.0,5209.91,16306.6396,14.98,4870.81,0.03115,1570.0,296.73,55068.0,63409.0,5164.0,0,0,1,1
2024-04-10,5.45,4.55,86.21,2334.04,9240.45,5160.64,16170.3603,15.8,4790.35,0.03123,1587.0,297.86,47654.0,58047.0,-1710.0,0,0,1,1
2024-04-11,5.45,4.56,85.02,2372.52,9209.9,5199.06,16442.1992,14.91,4906.37,0.03105,1690.0,295.55,63901.0,76021.0,-12964.0,0,0,1,1
2024-04-12,5.45,4.5,85.66,2344.37,9333.2,5123.41,16175.0898,17.31,4745.05,0.03097,1729.0,297.87,74792.0,85336.0,-12009.0,0,0,1,1
2024-04-15,5.45,4.63,85.41,2383.34,9499.47,5061.82,15885.0195,19.23,4679.1,0.03089,1730.0,298.18,78728.0,88556.0,-17803.0,0,0,0,1
2024-04-16,5.45,4.67,85.36,2382.89,9355.1,5051.41,15865.25,18.4,4720.53,0.03078,1779.0,296.84,91986.0,90028.0,-18386.0,0,1,1,1
2024-04-17,5.45,4.59,82.69,2361.02,9489.7,5022.21,15683.3701,18.21,4567.31,0.03079,1844.0,294.44,42169.0,52030.0,-17952.0,0,1,1,1
2024-04-18,5.46,4.64,82.73,2379.04,9652.0,5011.12,15601.5,18.0,4491.71,0.03089,1901.0,295.6,53968.0,65148.0,-14700.0,0,1,1,1
2024-04-19,5.45,4.62,83.14,2391.93,9797.24,4967.23,15282.0097,18.71,4306.87,0.03076,1919.0,298.15,57807.0,72632.0,-19777.0,1,1,1,1
2024-04-22,5.42,4.62,82.85,2327.3,9742.0,5010.6,15451.3095,16.94,4381.92,0.03064,1882.0,298.11,63570.0,75393.0,-16400.0,0,1,1,1
2024-04-23,5.45,4.61,83.36,2322.02,9602.05,5070.55,15696.6396,15.69,4478.8,0.03068,1804.0,297.54,66639.0,75879.0,-12505.0,1,1,1,1
2024-04-24,5.46,4.65,82.81,2316.17,9654.83,5071.63,15712.75,15.97,4526.2,0.03074,1774.0,297.09,54525.0,57229.0,-13333.0,1,1,1,1
2024-04-25,5.47,4.7,83.57,2332.46,9742.15,5048.42,15611.7597,15.37,4615.04,0.0307,1743.0,297.66,62799.0,66137.0,-17160.0,1,1,1,1
2024-04-26,5.46,4.67,83.85,2337.96,9852.84,5099.96,15927.9003,15.03,4735.29,0.03071,1721.0,296.84,72595.0,70583.0,-13888.0,1,1,1,1
2024-04-29,5.45,4.63,82.63,2335.66,10063.9,5116.17,15983.08,14.67,4765.79,0.03071,1684.0,295.3,74494.0,71058.0,-15041.0,1,1,1,1
2024-04-30,5.46,4.69,81.93,2286.25,9892.4,5035.69,15657.8203,15.65,4673.3,0.03073,1685.0,291.46,75268.0,73197.0,-13735.0,1,1,1,1
2024-05-02,5.46,4.58,78.95,2303.83,9642.46,5064.2,15840.9599,14.68,4605.35,0.03077,1774.0,284.74,62681.0,64964.0,-17541.0,1,1,1,1
2024-05-03,5.45,4.5,78.11,2301.74,9790.13,5127.79,16156.33,13.49,4716.19,0.03089,1876.0,286.51,72816.0,71848.0,-19457.0,1,1,1,1
2024-05-06,5.45,4.49,78.48,2323.97,9790.13,5180.74,16349.25,13.49,4820.45,0.03091,1876.0,287.61,76554.0,72751.0,-18758.0,0,0,1,1
2024-05-07,5.45,4.47,78.38,2314.1,9894.29,5187.7,16332.5595,13.23,4784.88,0.03089,2083.0,289.57,78486.0,78421.0,-19225.0,1,1,1,1
2024-05-08,5.45,4.48,78.99,2308.85,9767.35,5187.67,16302.7597,13.0,4790.38,0.03086,2203.0,289.01,66412.0,73690.0,-15603.0,1,1,1,1
2024-05-09,5.46,4.45,79.26,2346.33,9780.61,5214.08,16346.2597,12.69,4759.8,0.03081,2166.0,289.99,73222.0,74077.0,-17216.0,0,0,1,1
2024-05-10,5.47,4.5,78.26,2360.5,9897.52,5222.68,16340.8701,12.55,4808.03,0.03085,2129.0,289.47,75494.0,78382.0,-14869.0,0,0,0,1
2024-05-13,5.45,4.48,79.12,2336.32,10082.4,5221.42,16388.2402,13.6,4823.09,0.03085,2066.0,287.69,76927.0,78608.0,-14517.0,0,0,1,1
2024-05-14,5.44,4.45,78.02,2358.12,10008.46,5246.68,16511.1796,13.42,4903.93,0.03085,1993.0,287.38,80253.0,88212.0,-10044.0,0,0,1,1
2024-05-15,5.45,4.36,78.63,2385.99,10124.79,5308.15,16742.3906,12.45,5045.08,0.03095,1889.0,289.97,41375.0,57234.0,-3481.0,1,1,1,1
2024-05-16,5.45,4.38,79.23,2376.86,10343.18,5297.1,16698.3203,12.42,5017.54,0.03113,1817.0,289.99,49356.0,71623.0,-8488.0,0,0,1,1
2024-05-17,5.46,4.42,80.06,2415.22,10597.85,5303.27,16685.9707,11.99,4983.02,0.03105,1844.0,293.75,53953.0,75432.0,-9648.0,0,1,1,1
2024-05-20,5.45,4.44,79.8,2425.31,10800.81,5308.13,16794.8691,12.15,5090.35,0.03102,1847.0,295.61,60084.0,80284.0,-9254.0,0,0,1,1
2024-05-21,5.45,4.41,79.26,2421.05,10742.0,5321.41,16832.6191,11.86,5074.4,0.03097,1829.0,295.96,65159.0,82487.0,-8235.0,0,1,1,1
2024-05-22,5.45,4.43,77.57,2378.85,10295.21,5307.01,16801.539,12.29,5126.81,0.03098,1804.0,295.25,54717.0,65744.0,-5663.0,0,0,1,1
2024-05-23,5.46,4.47,76.87,2329.27,10318.41,5267.84,16736.0292,12.77,5125.98,0.03101,1796.0,293.78,63376.0,74634.0,-8725.0,0,0,1,1
2024-05-24,5.46,4.46,77.72,2333.83,10204.59,5304.72,16920.789,11.93,5220.91,0.031,1797.0,294.28,64550.0,78301.0,-8402.0,0,0,1,1
2024-05-27,5.46,4.46,77.72,2350.97,10204.59,5304.72,16920.789,11.93,5220.91,0.03107,1797.0,294.28,67378.0,81900.0,-9297.0,0,1,1,1
2024-05-28,5.46,4.54,79.83,2361.31,10380.76,5306.04,17019.8808,12.92,5317.87,0.03109,1784.0,300.23,67801.0,86513.0,-10160.0,1,1,1,1
2024-05-29,5.46,4.61,79.23,2338.12,10326.27,5266.95,16920.58,14.28,5219.32,0.03096,1790.0,297.63,56621.0,75115.0,-15465.0,1,1,1,1
2024-05-30,5.46,4.55,77.91,2343.07,10007.14,5235.48,16737.08,14.47,5173.26,0.03083,1801.0,293.0,66117.0,82118.0,-14412.0,1,1,1,1
2024-05-31,5.46,4.51,76.99,2327.33,9913.38,5277.51,16735.0195,12.92,5123.36,0.03085,1815.0,290.16,74864.0,93208.0,-14059.0,1,1,1,1
2024-06-03,5.52,4.41,74.22,2350.75,10016.96,5283.4,16828.6699,13.11,5152.51,0.03087,1808.0,289.09,79633.0,93207.0,-16699.0,0,0,1,1
2024-06-04,5.52,4.33,73.25,2327.01,9820.12,5291.34,16857.0507,13.16,5116.26,0.03087,1813.0,286.27,79417.0,101102.0,-19089.0,0,1,1,1
2024-06-05,5.51,4.29,74.07,2355.32,9806.25,5354.03,17187.9003,12.63,5347.44,0.03091,1852.0,287.71,69280.0,84522.0,-16446.0,0,1,1,1
2024-06-06,5.51,4.28,75.55,2376.06,10036.51,5352.96,17173.1191,12.58,5301.68,0.03098,1869.0,292.42,77841.0,94271.0,-10528.0,1,1,1,1
2024-06-07,5.52,4.43,75.53,2293.78,9638.42,5346.99,17133.1308,12.22,5287.24,0.03101,1881.0,289.86,78792.0,95644.0,-10606.0,0,1,1,1
2024-06-11,5.52,4.39,77.9,2317.01,9630.4,5375.32,17343.5507,12.85,5365.38,0.03087,1831.0,292.75,80958.0,97463.0,-15850.0,1,1,1,1
2024-06-12,5.51,4.31,78.5,2324.98,9820.99,5421.03,17608.4394,12.0399,5520.87,0.03088,1836.0,295.14,73847.0,87778.0,-11139.0,0,0,1,1
2024-06-13,5.51,4.24,78.62,2304.21,9663.72,5433.74,17667.5605,11.9399,5602.42,0.03093,1942.0,295.63,84950.0,93003.0,-13318.0,0,1,1,1
2024-06-14,5.51,4.2,78.45,2333.04,9615.52,5431.6,17688.8808,12.6599,5598.31,0.03091,1948.0,294.03,89170.0,96146.0,-12855.0,0,0,1,1
2024-06-17,5.52,4.28,80.33,2319.14,9536.8,5473.23,17857.0195,12.75,5688.1,0.03088,1948.0,293.07,90110.0,99517.0,-13192.0,0,1,1,1
2024-06-18,5.5,4.22,81.57,2329.46,9532.27,5487.03,17862.2304,12.3,5765.12,0.03087,1961.0,295.68,91928.0,101656.0,-12938.0,1,1,1,1
2024-06-19,5.5,4.22,81.57,2328.16,9647.21,5487.03,17862.2304,12.3,5765.12,0.0309,1943.0,295.68,22837.0,30288.0,-11596.0,1,1,1,1
2024-06-20,5.5,4.25,82.17,2360.09,9721.5,5473.17,17721.5898,13.2799,5610.01,0.03093,1984.0,295.38,32078.0,43332.0,-16528.0,1,1,1,1
2024-06-21,5.49,4.25,80.73,2321.98,9547.61,5464.62,17689.3593,13.1999,5538.54,0.03089,1997.0,293.22,36735.0,49618.0,-20148.0,1,1,1,1
2024-06-24,5.5,4.25,81.63,2334.65,9513.25,5447.87,17496.8203,13.3299,5371.52,0.03087,1973.0,294.78,41313.0,49733.0,-21147.0,1,1,1,1
2024-06-25,5.49,4.23,80.83,2319.62,9422.59,5469.3,17717.6503,12.84,5467.66,0.03082,1926.0,292.06,49058.0,57484.0,-23113.0,1,1,1,1
2024-06-26,5.5,4.32,80.9,2298.23,9399.31,5477.9,17805.1601,12.55,5452.32,0.03072,1964.0,291.29,38565.0,44885.0,-25652.0,1,1,1,1
2024-06-27,5.49,4.29,81.74,2327.73,9372.07,5482.87,17858.6796,12.2399,5421.09,0.03074,2031.0,291.3,46608.0,53660.0,-24402.0,1,1,1,1
2024-06-28,5.48,4.36,81.54,2326.75,9455.98,5460.48,17732.5996,12.4399,5472.26,0.03082,2050.0,290.47,48945.0,56717.0,-26509.0,1,1,1,1
2024-07-01,5.47,4.48,83.38,2331.9,9482.77,5475.09,17879.3007,12.22,5477.15,0.03073,2158.0,291.57,50800.0,60174.0,-25944.0,1,1,1,1
2024-07-02,5.47,4.43,82.81,2329.46,9527.16,5509.01,18028.7597,12.0299,5544.99,0.03065,2179.0,292.35,51611.0,62476.0,-24975.0,0,0,0,1
2024-07-03,5.47,4.36,83.88,2356.2,9720.19,5537.02,18188.3007,12.09,5651.72,0.03064,2064.0,294.02,43187.0,53252.0,-25460.0,0,0,0,1
2024-07-04,5.47,4.36,83.88,2356.69,9734.08,5537.02,18188.3007,12.09,5651.72,0.03079,2021.0,294.02,58354.0,66574.0,-25626.0,0,0,0,1
2024-07-05,5.46,4.28,83.16,2392.16,9795.24,5567.19,18352.7597,12.4799,5656.31,0.03079,1966.0,293.43,62271.0,71201.0,-28498.0,0,0,0,1
2024-07-08,5.46,4.28,82.33,2359.13,9760.01,5572.85,18403.7402,12.3699,5765.21,0.03078,1940.0,290.91,72784.0,76693.0,-29432.0,0,0,0,1
2024-07-09,5.46,4.3,81.41,2364.09,9711.02,5576.98,18429.289,12.51,5765.2,0.03073,1894.0,289.98,74685.0,82191.0,-34785.0,0,1,1,1
2024-07-10,5.46,4.28,82.1,2371.26,9743.59,5633.91,18647.4492,12.85,5904.54,0.03069,1939.0,289.71,60804.0,74007.0,-33628.0,1,1,1,1
2024-07-11,5.44,4.2,82.62,2415.48,9627.95,5584.54,18283.4101,12.92,5699.66,0.03076,1947.0,290.41,71931.0,81763.0,-35249.0,1,1,1,1
2024-07-12,5.43,4.18,82.21,2411.43,9726.88,5615.35,18398.4492,12.46,5775.19,0.03071,1997.0,290.44,78117.0,88506.0,-40329.0,1,1,1,1
2024-07-15,5.43,4.23,81.91,2422.27,9652.55,5631.22,18472.5703,13.1199,5777.707,0.0307,1993.0,288.39,79303.0,88798.0,-36218.0,1,1,1,1
2024-07-16,5.43,4.17,80.76,2469.08,9505.34,5667.2,18509.3398,13.1899,5804.03,0.03065,1942.0,285.79,82800.0,91754.0,-37134.0,1,1,1,1
2024-07-17,5.43,4.16,82.85,2458.79,9489.6,5588.27,17996.9199,14.4799,5408.71,0.03066,1890.0,286.06,26104.0,35622.0,-34842.0,1,1,1,1
2024-07-18,5.43,4.2,82.82,2445.08,9254.9,5544.5898,17871.2207,15.93,5436.4199,0.03067,1912.0,285.59,35723.0,49195.0,-43033.0,1,1,1,1
2024-07-19,5.43,4.25,80.13,2400.83,9179.32,5505.0,17726.9394,16.52,5267.16,0.03055,1902.0,280.36,38604.0,55391.0,-37237.0,1,1,1,1
2024-07-22,5.43,4.26,79.78,2396.59,9090.68,5564.41,18007.5703,14.9099,5477.83,0.03044,1896.0,283.09,45862.0,70603.0,-40239.0,1,1,1,1
2024-07-23,5.41,4.25,76.96,2409.64,9046.71,5555.74,17997.3496,14.72,5397.9,0.03045,1869.0,280.44,53563.0,68145.0,-32825.0,1,1,1,1
2024-07-26,5.38,4.2,77.16,2387.19,8995.45,5459.1,17357.8808,16.3899,5103.13,0.03046,1808.0,277.4,41684.0,58976.0,-37411.0,1,1,1,1
2024-07-29,5.41,4.17,75.81,2384.19,8893.67,5463.54,17370.1992,16.6,5087.62,0.03042,1797.0,274.94,52383.0,64730.0,-36297.0,1,1,1,1
2024-07-30,5.4,4.15,74.73,2410.78,8842.86,5436.44,17147.4199,17.69,4890.15,0.03045,1762.0,274.74,55244.0,68354.0,-39033.0,1,1,1,1
2024-07-31,5.41,4.09,77.91,2447.6,9102.28,5522.3,17599.4003,16.36,5233.18,0.03045,1708.0,278.12,47383.0,57537.0,-37129.0,1,1,1,1
2024-08-01,5.37,3.99,76.31,2446.26,8923.85,5446.68,17194.1503,18.59,4859.59,0.03052,1668.0,273.59,56210.0,62647.0,-41342.0,1,1,1,1
2024-08-02,5.29,3.8,73.52,2443.24,8933.85,5346.56,16776.1601,23.3899,4607.76,0.03047,1675.0,270.13,58187.0,70270.0,-45100.0,1,1,1,1
2024-08-05,5.35,3.78,72.94,2410.79,8765.32,5186.33,16200.08,38.5699,4519.45,0.03064,1677.0,268.79,60241.0,74687.0,-39446.0,1,1,1,1
2024-08-06,5.34,3.9,73.2,2390.82,8804.02,5240.03,16366.8496,27.7099,4567.57,0.03059,1685.0,270.15,64062.0,78970.0,-35525.0,0,1,1,1
2024-08-07,5.34,3.96,75.23,2382.92,8640.93,5199.5,16195.8095,27.85,4426.27,0.0306,1698.0,273.7,49196.0,64797.0,-31932.0,0,1,1,1
2024-08-08,5.34,3.99,76.19,2427.53,8670.92,5319.31,16660.0195,23.79,4730.01,0.03068,1683.0,273.99,52652.0,69626.0,-31809.0,1,1,1,1
2024-08-09,5.33,3.94,76.84,2431.32,8747.28,5344.1601,16745.3007,20.37,4709.4501,0.03083,1670.0,275.96,53375.0,73213.0,-32006.0,1,1,1,1
2024-08-12,5.33,3.9,80.06,2472.9,8908.18,5344.39,16780.6093,20.7099,4743.82,0.03081,1655.0,279.52,55430.0,75090.0,-34712.0,1,1,1,1
2024-08-13,5.32,3.85,78.35,2465.16,8847.41,5434.43,17187.6093,18.12,4942.31,0.0308,1655.0,276.33,55816.0,75298.0,-35894.0,1,1,1,1
2024-08-14,5.32,3.83,76.98,2447.85,8863.8,5455.21,17192.5996,16.19,4933.35,0.03096,1728.0,275.48,51691.0,71354.0,-33209.0,1,1,1,1
2024-08-15,5.34,3.92,78.16,2456.79,9050.88,5543.22,17594.5,15.2299,5173.38,0.03096,1692.0,277.34,54892.0,74095.0,-33152.0,1,1,1,1
2024-08-16,5.33,3.89,76.65,2508.01,9006.25,5554.25,17631.7207,14.8,5170.25,0.03097,1691.0,275.44,59548.0,72888.0,-34952.0,1,1,1,1
2024-08-19,5.31,3.86,74.37,2504.28,9142.64,5608.25,17876.7695,14.6499,5266.57,0.03122,1708.0,275.44,62427.0,77547.0,-34655.0,1,1,1,0
2024-08-20,5.29,3.82,74.04,2513.99,9085.84,5597.12,17816.9394,15.88,5196.3,0.03126,1735.0,276.42,63735.0,80432.0,-35638.0,1,1,1,1
2024-08-21,5.26,3.79,71.93,2512.56,9136.11,5620.85,17918.9902,16.27,5267.93,0.03131,1759.0,275.44,19697.0,34416.0,-37001.0,1,1,1,0
2024-08-22,5.28,3.86,73.01,2484.75,9010.28,5570.64,17619.3496,17.5499,5086.9,0.03128,1768.0,274.68,27545.0,41330.0,-33090.0,1,1,0,0
2024-08-23,5.25,3.81,74.83,2512.59,9173.38,5634.61,17877.789,15.8599,5228.65,0.03127,1762.0,278.72,31340.0,44326.0,-34860.0,0,1,0,0
2024-08-26,5.24,3.82,77.42,2518.03,9173.38,5616.84,17725.7695,16.1499,5097.35,0.03143,1762.0,281.97,36421.0,48043.0,-36989.0,1,1,0,0
2024-08-27,5.23,3.83,75.53,2524.64,9326.52,5625.8,17754.8203,15.43,5153.63,0.03132,1721.0,280.54,38343.0,52073.0,-37502.0,0,1,0,0
2024-08-28,5.21,3.84,74.52,2504.61,9129.97,5592.18,17556.0292,17.11,5059.56,0.0313,1755.0,277.61,31697.0,46831.0,-37243.0,0,0,0,0
2024-08-29,5.22,3.87,75.91,2521.4,9125.64,5591.96,17516.4296,15.6499,5029.25,0.03135,1827.0,279.8801,40593.0,52646.0,-36971.0,1,1,0,0
2024-08-30,5.21,3.91,73.55,2503.39,9118.14,5648.4,17713.6191,15.0,5158.82,0.03131,1814.0,277.03,43317.0,54199.0,-39554.0,1,1,0,0
2024-09-02,5.21,3.91,74.04,2499.51,9057.34,5648.4,17713.6191,15.0,5158.82,0.03123,1919.0,277.03,46110.0,56674.0,-40452.0,1,1,0,0
2024-09-03,5.19,3.84,70.34,2492.91,8829.85,5528.9301,17136.3007,20.7199,4759.0,0.03119,1947.0,272.8,45838.0,55996.0,-37243.0,1,0,0,0
2024-09-04,5.18,3.77,69.2,2495.72,8836.82,5520.07,17084.3007,21.3199,4770.85,0.03107,1902.0,270.26,35855.0,53321.0,-30917.0,1,1,0,0
2024-09-05,5.15,3.73,69.15,2516.76,8978.71,5503.41,17127.6601,19.8999,4742.42,0.03118,1919.0,271.27,41963.0,58051.0,-25669.0,1,0,0,0
2024-09-06,5.13,3.72,67.67,2497.41,8875.52,5408.42,16690.83,22.3799,4528.21,0.03132,1941.0,266.86,43173.0,58975.0,-27531.0,0,0,0,0
2024-09-09,5.11,3.7,68.71,2506.38,8972.42,5471.05,16884.5996,19.45,4625.78,0.03116,1958.0,269.6,45210.0,61972.0,-28097.0,0,0,0,0
2024-09-10,5.06,3.65,65.75,2516.73,8898.81,5495.52,17025.8808,19.0799,4680.67,0.03108,1958.0,265.48,47558.0,62748.0,-26965.0,1,0,0,0
2024-09-11,5.1,3.65,67.31,2511.76,8964.78,5554.13,17395.5292,17.69,4910.17,0.03115,1963.0,269.36,40013.0,56838.0,-27727.0,0,0,0,0
2024-09-12,5.06,3.68,68.97,2557.9,9095.69,5595.76,17569.6796,17.0699,4898.44,0.03113,1927.0,272.99,46857.0,61413.0,-30370.0,1,0,0,0
2024-09-13,4.97,3.66,68.65,2577.7,9189.17,5626.02,17683.9804,16.5599,4980.49,0.03126,1890.0,273.84,51583.0,64983.0,-31780.0,0,0,0,0
2024-09-16,4.96,3.63,70.09,2582.45,9264.82,5633.09,17592.1308,17.1399,4910.44,0.03134,1896.0,276.86,55790.0,66217.0,-32276.0,0,0,0,0
2024-09-18,4.84,3.7,70.91,2558.91,9266.06,5618.26,17573.3007,18.2299,4859.29,0.03131,1890.0,279.82,16133.0,22270.0,-30477.0,0,0,0,0
2024-09-19,4.8,3.73,71.95,2586.74,9388.22,5713.64,18013.9804,16.3299,5066.65,0.03132,1976.0,282.19,24211.0,31818.0,-30264.0,0,0,0,0
2024-09-20,4.75,3.73,71.92,2621.88,9346.45,5702.55,17948.3203,16.1499,5000.06,0.03129,1977.0,282.39,30837.0,37557.0,-31945.0,0,0,0,0
2024-09-23,4.72,3.75,70.37,2628.72,9413.08,5718.57,17974.2695,15.89,5025.81,0.03122,1999.0,284.13,35396.0,40205.0,-35862.0,0,0,0,0
2024-09-24,4.69,3.74,71.56,2657.1,9665.31,5732.93,18074.5195,15.39,5091.78,0.03128,2014.0,287.59,38688.0,42099.0,-31749.0,0,0,0,0
2024-09-25,4.69,3.79,69.69,2656.89,9677.64,5722.26,18082.2109,15.4099,5132.52,0.03141,2016.0,286.16,29643.0,36926.0,-34290.0,0,0,0,0
2024-09-26,4.68,3.79,67.67,2672.38,9944.84,5745.37,18190.289,15.3699,5310.5,0.0314,2091.0,284.63,41051.0,42003.0,-37081.0,0,0,0,0
2024-09-27,4.68,3.75,68.18,2658.24,9846.53,5738.17,18119.5898,16.9599,5217.23,0.03156,2110.0,285.94,43287.0,44887.0,-36237.0,0,0,0,0
2024-09-30,4.73,3.81,68.17,2634.58,9692.01,5762.48,18189.1699,16.7299,5173.06,0.03159,2084.0,284.94,49565.0,47802.0,-37202.0,0,0,0,0
2024-10-01,4.71,3.74,69.83,2663.23,9840.22,5708.75,17910.3593,19.26,5024.94,0.03141,2030.0,286.37,51237.0,49579.0,-39479.0,0,0,0,0
2024-10-04,4.73,3.98,74.38,2653.6,9796.41,5751.07,18137.8496,19.2099,5206.84,0.03129,1928.0,291.65,37223.0,41858.0,-37000.0,0,1,1,1
2024-10-07,4.77,4.03,77.14,2642.59,9777.73,5695.94,17923.9003,22.6399,5196.8,0.03112,1907.0,293.57,46191.0,48575.0,-42146.0,0,0,0,0
2024-10-08,4.75,4.04,73.57,2621.83,9594.57,5751.13,18182.9199,21.42,5266.1,0.03104,1860.0,287.28,48338.0,50230.0,-41090.0,0,0,1,1
2024-10-09,4.75,4.06,73.24,2607.77,9529.83,5792.04,18291.6191,20.86,5321.9,0.03109,1799.0,286.14,42255.0,45249.0,-40450.0,0,0,1,1
2024-10-11,4.73,4.08,75.56,2656.59,9650.49,5815.03,18342.9394,20.4599,5335.94,0.03107,1809.0,290.99,47807.0,46168.0,-41849.0,1,1,1,1
2024-10-14,4.73,4.08,73.83,2648.54,9526.48,5859.85,18502.6894,19.7,5432.21,0.03109,1814.0,287.13,50892.0,47787.0,-39071.0,1,1,1,1
2024-10-15,4.73,4.03,70.58,2662.58,9386.71,5815.26,18315.5898,20.6399,5145.21,0.03108,1766.0,282.86,55637.0,50923.0,-39049.0,1,1,1,1
2024-10-16,4.72,4.02,70.39,2673.83,9418.77,5842.47,18367.08,19.5799,5155.86,0.03108,1676.0,281.77,22323.0,24303.0,-32317.0,1,1,1,1
2024-10-17,4.74,4.09,70.67,2692.71,9384.92,5841.47,18373.6093,19.11,5204.81,0.03109,1594.0,281.71,29531.0,30260.0,-34416.0,1,1,1,1
2024-10-18,4.73,4.08,69.22,2721.46,9503.03,5864.67,18489.5507,18.03,5208.62,0.03117,1576.0,279.55,35556.0,32851.0,-28759.0,0,0,0,0
2024-10-21,4.73,4.19,70.56,2719.85,9420.76,5853.98,18540.0097,18.37,5215.21,0.03126,1546.0,281.07,35367.0,32607.0,-33579.0,1,1,1,1
2024-10-22,4.72,4.2,72.09,2749.01,9437.8,5851.2,18573.13,18.2,5190.71,0.03119,1480.0,284.24,37485.0,35025.0,-34905.0,0,0,1,1
2024-10-23,4.73,4.24,70.77,2715.55,9376.54,5797.42,18276.65,19.2399,5131.37,0.03116,1445.0,283.44,26359.0,25976.0,-36095.0,1,1,1,1
2024-10-24,4.7,4.21,70.19,2736.17,9367.42,5809.86,18415.49,19.0799,5157.61,0.03117,1417.0,282.38,30950.0,31581.0,-35511.0,0,0,1,0
2024-10-25,4.73,4.25,71.78,2747.56,9469.4,5808.12,18518.61,20.3299,5212.83,0.03118,1410.0,284.68,33773.0,32288.0,-37492.0,1,0,1,1
2024-10-28,4.7,4.28,67.38,2742.46,9396.98,5823.52,18567.19,19.7999,5211.67,0.03116,1382.0,277.71,36136.0,35353.0,-40342.0,0,0,0,0
2024-10-29,4.7,4.28,67.21,2774.74,9388.04,5832.92,18712.75,19.34,5332.17,0.03115,1402.0,278.33,38829.0,36567.0,-40874.0,0,0,0,0
2024-10-30,4.67,4.29,68.61,2787.61,9398.03,5813.67,18607.93,20.35,5153.49,0.03122,1395.0,280.26,27300.0,27372.0,-38775.0,0,0,1,0
2024-11-01,4.61,4.37,0.0,0.0,0.0,5728.8,18239.92,21.8799,5001.42,0.03128,0.0,0.0,30374.0,32494.0,-39276.0,0,0,1,0
2024-11-04,4.65,4.31,71.47,2736.78,9568.39,5712.69,18179.98,21.9799,4973.99,0.03129,1374.0,282.75,32741.0,35515.0,-39117.0,0,1,1,1
2024-11-05,4.64,4.26,0.0,0.0,0.0,5782.76,18439.17,20.4899,5057.83,0.0,0.0,0.0,38049.0,43398.0,-41306.0,0,0,0,0
2024-11-06,4.64,4.42,0.0,0.0,0.0,5929.04,18983.47,16.27,5215.57,0.03108,0.0,0.0,29307.0,33702.0,-44625.0,0,0,1,0
2024-11-07,4.63,4.31,0.0,0.0,0.0,5973.1,19269.46,15.1999,5333.99,0.03102,0.0,0.0,34890.0,39001.0,-45946.0,0,0,0,0
2024-11-08,4.63,4.3,0.0,0.0,0.0,5995.54,19286.78,14.9399,5290.52,0.0,0.0,0.0,0.0,0.0,0.0,0,1,1,1
2024-11-11,0.0,0.0,0.0,0.0,0.0,6001.35,19298.76,14.97,5156.39,0.0,0.0,0.0,0.0,0.0,0.0,0,1,1,1
2024-11-12,4.63,4.43,0.0,0.0,0.0,5983.99,19281.4,14.71,5108.64,0.0,0.0,0.0,43874.0,45850.0,-49505.0,0,1,1,1
2024-11-13,4.6,4.44,0.0,0.0,0.0,5985.38,19230.73,14.02,5006.29,0.03082,0.0,0.0,36389.0,34852.0,-44794.0,0,0,0,0
2024-11-14,4.61,4.43,68.7,2564.85,8861.99,5949.17,19107.65,14.31,5004.59,0.03073,1692.0,280.52,39164.0,38844.0,-47248.0,0,1,1,1
2024-11-15,4.6,4.43,67.02,2563.25,8881.89,5870.62,18680.12,16.1399,4833.59,0.0308,1785.0,279.72,42003.0,41494.0,-45184.0,1,1,1,1
2024-11-18,4.63,4.42,69.16,2611.83,8954.64,5893.62,18791.81,15.5799,4888.77,0.03074,1756.0,284.01,48946.0,49806.0,-46583.0,1,1,1,1
2024-11-19,4.62,4.39,69.39,2632.08,8966.59,5916.98,18987.47,16.35,4919.16,0.03085,1627.0,285.1,51972.0,53215.0,-41369.0,1,1,1,1
2024-11-20,4.62,4.41,68.87,2650.6,8968.02,5917.11,18966.14,17.1599,4884.25,0.03077,1616.0,286.24,25141.0,30727.0,-41885.0,1,1,1,1
2024-11-21,4.63,4.43,70.1,2669.72,8885.11,5948.71,18972.42,16.87,4963.05,0.03073,1576.0,288.32,31381.0,35860.0,-43707.0,1,1,1,1
2024-11-22,4.63,4.41,0.0,0.0,0.0,5969.34,19003.6503,15.2399,4955.8,0.03068,0.0,0.0,36607.0,39770.0,-38202.0,1,1,0,0
2024-11-25,4.62,4.27,0.0,0.0,0.0,5987.37,19054.8398,14.6,4987.92,0.03078,0.0,0.0,38164.0,42855.0,-46343.0,0,0,0,0
2024-11-26,4.61,4.3,0.0,0.0,0.0,6021.63,19174.3007,14.1,4927.56,0.03076,0.0,0.0,39811.0,45749.0,-48462.0,0,0,0,0
2024-11-27,4.6,4.25,0.0,0.0,0.0,5998.74,19060.4804,14.1,4853.01,0.03074,0.0,0.0,30802.0,38648.0,-45338.0,0,0,0,0
2024-11-28,0.0,0.0,0.0,0.0,0.0,5998.74,19060.4804,14.1,4853.01,0.03075,0.0,0.0,38203.0,44049.0,-47260.0,0,0,0,0
2024-11-29,4.58,4.18,0.0,0.0,0.0,6032.38,19218.1699,13.51,4926.56,0.03081,0.0,0.0,40576.0,45153.0,-44859.0,0,0,0,0
2024-12-02,4.51,4.19,0.0,0.0,0.0,6047.15,19403.9492,13.34,5055.32,0.03068,0.0,0.0,50970.0,50369.0,-37509.0,0,0,0,0
2024-12-03,4.49,4.23,0.0,0.0,0.0,6049.88,19480.9101,13.3,5035.86,0.03074,0.0,0.0,55143.0,54562.0,-38835.0,1,1,1,1
2024-12-04,4.47,4.19,0.0,0.0,0.0,6086.49,19735.1191,13.4499,5121.78,0.03082,0.0,0.0,45259.0,47693.0,-38787.0,1,1,1,1
2024-12-05,4.46,4.17,0.0,0.0,0.0,6075.11,19700.2597,13.5399,5026.37,0.03083,0.0,0.0,50990.0,54281.0,-38208.0,1,1,0,0
2024-12-06,4.42,4.15,0.0,0.0,0.0,6090.27,19859.7695,12.77,5061.3,0.03086,0.0,0.0,53140.0,58576.0,-36183.0,1,1,0,0
2024-12-09,4.42,4.2,0.0,0.0,0.0,6052.85,19736.6894,14.1899,5018.84,0.0308,0.0,0.0,56176.0,61896.0,-37578.0,0,0,0,0
2024-12-10,4.41,4.22,0.0,0.0,0.0,6034.91,19687.2402,14.18,4894.7,0.03083,0.0,0.0,59344.0,66290.0,-37390.0,1,0,0,0
2024-12-11,4.38,4.26,0.0,0.0,0.0,6084.19,20034.8906,13.5799,5027.8,0.03076,0.0,0.0,54933.0,61213.0,-39968.0,1,0,0,0
2024-12-12,4.35,4.32,0.0,0.0,0.0,6051.25,19902.8398,13.92,4982.19,0.03078,0.0,0.0,61208.0,65500.0,-39415.0,1,0,0,0
2024-12-13,4.34,4.4,0.0,0.0,0.0,6051.09,19926.7207,13.81,5149.78,0.03076,0.0,0.0,60922.0,67061.0,-42161.0,1,0,0,0
2024-12-16,4.37,4.39,0.0,0.0,0.0,6074.08,20173.8906,14.6899,5256.06,0.03078,0.0,0.0,63542.0,68391.0,-41070.0,0,0,0,0
2024-12-17,4.38,4.4,0.0,0.0,0.0,6050.61,20109.0605,15.8699,5169.79,0.03076,0.0,0.0,63739.0,68110.0,-39762.0,0,0,0,0
2024-12-18,4.36,4.5,0.0,0.0,0.0,5872.16,19392.6894,27.62,4970.98,0.03079,0.0,0.0,18002.0,22809.0,-34718.0,0,0,0,0
2024-12-19,4.35,4.57,69.91,2594.01,8770.41,5867.08,19372.7695,24.09,4893.47,0.03061,976.0,290.21,25080.0,28075.0,-38603.0,0,0,0,0
2024-12-20,4.34,4.52,69.46,2622.91,8832.85,5930.85,19572.5996,18.36,4964.91,0.03059,990.0,292.2,26874.0,30289.0,-36563.0,1,0,0,1
2024-12-23,4.36,4.59,0.0,0.0,0.0,5974.07,19764.8808,16.78,5118.75,0.03059,0.0,0.0,32081.0,32242.0,-32946.0,0,0,0,0
2024-12-24,4.4,4.59,0.0,0.0,0.0,6040.04,20031.1308,14.27,5173.56,0.03061,0.0,0.0,34116.0,33522.0,-36050.0,0,0,0,0
2024-12-25,4.4,4.59,70.1,2616.87,8845.82,6040.04,20031.1308,14.27,5173.56,0.03061,997.0,293.77,29688.0,29438.0,-36873.0,0,0,0,0
2024-12-26,4.35,4.58,69.62,2633.58,8845.82,6037.59,20020.3593,14.7299,5175.31,0.03058,997.0,291.4,32636.0,38543.0,-38683.0,0,0,0,0
2024-12-27,4.31,4.62,70.6,2621.4,8871.92,5970.84,19722.0292,15.9499,5122.97,0.03056,997.0,291.52,35202.0,41023.0,-36465.0,0,0,0,0
2024-12-30,4.37,4.55,70.99,2606.5,8794.85,5906.94,19486.789,17.3999,5026.51,0.03057,997.0,296.73,38589.0,43980.0,-39253.0,0,0,0,1
2024-12-31,4.37,4.58,71.72,2624.5,8652.67,5881.63,19310.789,17.35,4979.93,0.03051,997.0,296.72,40718.0,45569.0,-41764.0,0,0,0,1
2025-01-02,4.36,4.57,73.13,2657.9,8691.69,5868.55,19280.789,17.93,5021.5,0.03042,1029.0,298.98,35444.0,40244.0,-43256.0,0,0,1,1
2025-01-03,4.34,4.6,73.96,2640.22,8767.96,5942.47,19621.6796,16.1299,5163.65,0.03038,1072.0,296.77,42780.0,45872.0,-39974.0,0,0,1,1
2025-01-06,4.35,4.62,73.56,2636.47,8887.1,5975.38,19864.9804,16.04,5310.14,0.03043,1043.0,298.93,51868.0,49688.0,-32862.0,0,0,0,0
2025-01-07,4.35,4.67,74.25,2648.59,8886.89,5909.03,19489.6796,17.8199,5212.24,0.03054,1015.0,299.28,55562.0,51372.0,-30346.0,0,0,1,1
2025-01-08,4.35,4.67,73.32,2661.94,8917.34,5918.25,19478.8808,17.7,5162.35,0.03041,966.0,297.39,47289.0,47597.0,-37452.0,1,1,1,1
2025-01-09,4.35,4.68,73.92,2667.25,8971.57,5918.25,19478.8808,18.0699,5162.35,0.03036,969.0,300.49,50748.0,55907.0,-41000.0,1,1,1,1
2025-01-10,4.36,4.77,76.57,2689.76,8991.86,5827.04,19161.6308,19.54,5037.47,0.03034,1048.0,305.97,55069.0,60949.0,-41948.0,1,1,1,1
2025-01-13,4.37,4.79,78.82,2663.16,8978.84,5836.22,19088.0996,19.19,5020.04,0.03019,1093.0,309.02,63622.0,68259.0,-43359.0,1,1,1,1
2025-01-14,4.36,4.78,77.5,2677.46,9033.7,5842.91,19044.3906,18.7099,5045.95,0.03033,1080.0,307.32,65751.0,69539.0,-42434.0,0,0,1,1
2025-01-15,4.35,4.66,80.04,2696.32,9053.38,5949.91,19511.2304,16.12,5153.67,0.03024,1063.0,312.17,18296.0,24575.0,-39417.0,1,1,1,1
2025-01-16,4.34,4.61,78.68,2714.31,9123.09,5937.34,19338.289,16.6,5162.96,0.03037,1023.0,311.35,26543.0,33013.0,-36211.0,0,0,1,1
2025-01-17,4.34,4.61,77.88,2703.25,9081.89,5996.66,19630.1992,15.97,5309.74,0.03037,987.0,311.08,29393.0,34639.0,-31863.0,0,0,1,1
2025-01-20,4.34,4.61,76.89,2708.21,9163.02,5996.66,19630.1992,15.97,5309.74,0.03048,957.0,311.08,30788.0,36249.0,-34721.0,1,1,1,1
2025-01-21,4.36,4.57,75.89,2744.81,9168.88,6049.24,19756.7792,15.06,5378.49,0.03052,928.0,308.87,31597.0,39218.0,-33695.0,1,1,1,1
2025-01-22,4.36,4.6,75.44,2756.48,9105.45,6086.37,20009.3398,15.1,5469.29,0.03051,893.0,309.38,27181.0,30881.0,-32126.0,1,1,1,1
2025-02-03,4.34,4.54,73.16,2815.21,8978.57,5994.57,19391.9609,18.62,4924.81,0.03033,738.0,308.91,27084.0,32393.0,-36490.0,0,0,1,0
2025-02-04,4.33,4.52,72.7,2842.71,9024.7,6037.88,19654.0195,17.2099,4976.59,0.03032,753.0,309.3,33767.0,38801.0,-34065.0,0,0,1,0
2025-02-05,4.33,4.43,71.03,2867.24,9114.51,6061.48,19692.33,15.77,5091.5,0.03045,771.0,307.98,32417.0,39048.0,-31808.0,0,0,1,0
2025-02-06,4.34,4.45,70.61,2856.28,9155.36,6083.57,19791.9902,15.5,5092.59,0.03046,793.0,307.46,40575.0,47984.0,-30996.0,0,0,1,0
2025-02-07,4.35,4.49,71.0,2861.07,9287.61,6025.99,19523.4003,16.54,5009.34,0.03053,815.0,307.51,45367.0,52071.0,-29862.0,0,0,1,0
2025-02-10,4.35,4.51,72.32,2908.26,9330.01,6066.44,19714.2695,15.81,5082.67,0.03045,809.0,312.01,51168.0,56288.0,-30961.0,0,0,1,0
2025-02-11,4.35,4.54,73.32,2897.91,9239.16,6068.5,19643.8593,16.02,5079.97,0.03046,801.0,313.43,52800.0,58926.0,-31339.0,0,1,1,0
2025-02-12,4.35,4.62,71.37,2904.04,9239.16,6051.97,19649.9492,15.89,5090.79,0.03043,776.0,311.58,47430.0,55426.0,-31214.0,0,1,1,0
2025-02-13,4.34,4.52,71.29,2928.21,9434.88,6115.07,19945.6406,15.1,5156.39,0.03049,780.0,313.19,53558.0,60476.0,-31464.0,0,1,1,0
2025-02-14,4.34,4.47,70.74,2882.53,9490.43,6114.63,20026.7695,14.77,5160.94,0.03052,792.0,312.08,55854.0,63985.0,-35307.0,1,1,1,0
2025-02-17,4.34,4.47,71.39,2896.56,9321.0,6114.63,20026.7695,14.77,5160.94,0.03059,806.0,312.08,59104.0,63993.0,-29484.0,1,1,1,0
2025-02-18,4.34,4.55,71.85,2936.02,9401.15,6129.58,20041.2597,15.35,5247.85,0.03052,841.0,315.53,59782.0,63866.0,-28912.0,1,1,1,0
2025-02-19,4.34,4.53,72.25,2933.39,9425.91,6144.15,20056.25,15.27,5309.69,0.03054,904.0,316.63,27001.0,31497.0,-24751.0,1,1,1,1
2025-02-20,4.33,4.5,72.57,2938.98,9532.1,6117.52,19962.3593,15.6599,5310.63,0.0305,941.0,316.58,34804.0,36989.0,-24533.0,1,1,1,1
2025-02-21,4.32,4.42,70.4,2936.05,9518.84,6013.13,19524.0097,18.2099,5136.59,0.03054,981.0,311.22,38153.0,38292.0,-25255.0,1,1,1,0
2025-02-24,4.31,4.4,70.7,2951.73,9489.49,5983.25,19286.9296,18.9799,5003.54,0.03057,1002.0,308.45,41755.0,42673.0,-31679.0,1,1,0,0
2025-02-25,4.3,4.3,68.93,2914.98,9363.85,5955.25,19026.3906,19.43,4888.88,0.03049,1039.0,306.5,45204.0,45800.0,-35332.0,1,1,1,0
2025-02-26,4.31,4.25,68.62,2916.39,9448.27,5956.06,19075.2597,19.1,4990.82,0.0305,1112.0,305.18,38284.0,43476.0,-35013.0,1,1,0,0
2025-02-27,4.32,4.29,70.35,2877.52,9381.31,5861.57,18544.4199,21.1299,4686.75,0.03047,1159.0,306.03,41161.0,46691.0,-36719.0,1,1,0,0
2025-03-03,4.35,4.16,68.37,2892.73,9394.28,5849.72,18350.1894,22.78,4575.37,0.03038,1276.0,300.28,47804.0,50410.0,-46555.0,1,1,0,0
2025-03-04,4.34,4.22,68.26,2917.89,9328.39,5778.15,18285.1601,23.51,4604.51,0.03038,1262.0,301.24,50453.0,53718.0,-44023.0,1,1,0,0
2025-03-05,4.35,4.28,66.31,2919.39,9586.92,5842.63,18552.7304,21.93,4700.79,0.03047,1228.0,301.47,41591.0,45818.0,-40914.0,1,1,0,0
2025-03-06,4.34,4.29,66.36,2911.8,9747.77,5738.52,18069.2597,24.87,4487.85,0.03044,1286.0,301.07,46046.0,51163.0,-40485.0,1,1,0,0
2025-03-07,4.34,4.32,67.04,2909.1,9608.63,5770.2,18196.2207,23.37,4629.59,0.03046,1400.0,303.04,49734.0,56114.0,-40458.0,0,0,0,0
2025-03-10,4.33,4.22,66.03,2888.71,9510.04,5614.56,17468.3203,27.86,4405.09,0.03038,1424.0,302.32,51617.0,57281.0,-42626.0,0,0,0,0
2025-03-11,4.34,4.28,66.25,2915.9,9639.18,5572.07,17436.0996,26.92,4374.07,0.03041,1436.0,302.95,55589.0,60990.0,-45697.0,0,0,0,0
2025-03-12,4.35,4.32,67.68,2934.77,9751.6,5599.3,17648.4492,24.2299,4481.02,0.03034,1559.0,303.77,48234.0,52268.0,-43409.0,0,0,0,0
2025-03-13,4.34,4.27,66.55,2989.18,9751.09,5521.52,17303.0097,24.6599,4453.24,0.03034,1650.0,303.01,51690.0,57617.0,-41732.0,0,0,0,0
2025-03-14,4.33,4.31,67.18,2984.16,9731.86,5638.94,17754.0898,21.77,4598.79,0.03035,1669.0,302.67,53405.0,59687.0,-41877.0,0,0,0,0
2025-03-17,4.34,4.31,67.58,3000.6,9799.28,5675.12,17808.6601,20.51,4663.97,0.0303,1658.0,304.65,54452.0,60280.0,-39562.0,1,0,0,0
2025-03-18,4.34,4.29,66.9,3034.73,9852.83,5614.66,17504.1191,21.7,4589.03,0.03031,1650.0,304.08,56775.0,64059.0,-39200.0,0,0,0,0
2025-03-19,4.33,4.25,67.16,3047.79,9951.83,5675.29,17750.789,19.8999,4634.53,0.03026,1637.0,306.31,16216.0,20090.0,-36396.0,1,0,0,0
2025-03-20,4.33,4.24,68.26,3044.9,9885.36,5662.89,17691.6308,19.7999,4601.37,0.0303,1635.0,307.41,24982.0,26946.0,-33162.0,0,0,0,0
2025-03-21,4.33,4.25,68.28,3022.15,9813.48,5667.56,17784.0507,19.28,4557.95,0.03031,1643.0,305.77,25983.0,30386.0,-35588.0,0,0,0,0
2025-03-24,4.33,4.34,69.11,3011.04,9891.0,5767.57,18188.5898,17.4799,4694.22,0.03027,1652.0,306.38,27252.0,32522.0,-36061.0,0,0,0,0
2025-03-25,4.33,4.31,69.0,3020.09,10100.0,5776.65,18271.8593,17.1499,4661.34,0.03023,1642.0,306.51,31618.0,34609.0,-31880.0,0,0,0,0
2025-03-26,4.33,4.35,69.65,3019.38,9875.0,5712.2,17899.0195,18.3299,4508.74,0.03021,1634.0,307.09,27219.0,29020.0,-33016.0,0,0,0,0
2025-03-27,4.33,4.38,69.92,3057.29,9800.17,5693.31,17804.0292,18.69,4415.25,0.03021,1621.0,307.05,34397.0,37471.0,-36414.0,0,0,0,0
2025-03-28,4.33,4.27,69.36,3085.12,9749.69,5580.94,17322.9902,21.6499,4284.91,0.03021,1602.0,306.87,36790.0,41138.0,-36697.0,0,0,0,0
2025-03-31,4.32,4.23,71.48,3123.57,9658.68,5611.85,17299.289,22.28,4270.43,0.03014,1598.0,309.3,40387.0,46124.0,-29313.0,0,0,0,0
2025-04-01,4.32,4.17,71.2,3113.38,9650.69,5633.07,17449.8906,21.77,4282.46,0.03012,1587.0,310.78,45059.0,52752.0,-29385.0,0,0,0,0
2025-04-02,4.32,4.2,71.71,3134.17,9653.73,5670.97,17601.0507,21.51,4320.75,0.03022,1583.0,313.56,38777.0,47605.0,-24285.0,0,0,0,0
2025-04-07,4.29,4.15,60.7,2983.28,8693.73,5062.25,15603.2597,46.9799,3694.95,0.03025,1401.0,282.99,49115.0,49106.0,-25151.0,0,0,0,0
2025-04-08,4.31,4.26,59.58,2983.27,8621.34,4982.77,15267.9101,52.33,3562.94,0.0303,1342.0,279.79,48640.0,59572.0,-30077.0,0,0,0,0
2025-04-09,4.35,4.34,62.35,3082.7,8571.37,5456.9,17124.9707,33.6199,4230.45,0.0303,1259.0,288.05,45688.0,51346.0,-27871.0,1,0,0,0
2025-04-10,4.34,4.4,60.07,3176.23,9003.54,5268.05,16387.3105,40.72,3893.3,0.03042,1269.0,285.13,48137.0,53023.0,-22650.0,0,0,0,0
2025-04-11,4.34,4.48,61.5,3237.61,9191.89,5363.36,16724.4609,37.56,3990.9,0.03058,1274.0,290.42,51803.0,56594.0,-23548.0,0,0,0,0
2025-04-14,4.33,4.38,61.53,3210.93,9156.99,5405.97,16831.4804,30.8899,4003.22,0.03076,1282.0,289.78,57700.0,61601.0,-23883.0,0,0,0,0
2025-04-15,4.33,4.35,61.33,3230.72,9119.26,5396.63,16823.1699,30.12,4021.89,0.03075,1263.0,289.3,59383.0,63901.0,-22398.0,0,0,0,0
2025-04-16,4.33,4.29,62.47,3343.12,9171.28,5275.7,16307.1601,32.6399,3857.17,0.03075,1241.0,292.7,8070.0,9825.0,-28725.0,0,0,0,0
2025-04-17,4.34,4.34,64.68,3326.85,9160.97,5282.7,16286.4501,29.6499,3832.47,0.03074,1261.0,296.38,12409.0,13221.0,-29870.0,0,0,0,0
2025-04-18,4.34,4.34,64.68,3326.85,9160.97,5282.7,16286.4501,29.6499,3832.47,0.03067,1386.0,296.38,13402.0,14694.0,-29062.0,0,0,0,0
2025-04-21,4.34,4.42,63.08,3423.98,9160.97,5158.2,15870.9003,33.8199,3751.91,0.03081,1261.0,293.41,14361.0,15330.0,-26570.0,0,0,0,0
2025-04-22,4.33,4.41,64.31,3380.63,9352.47,5287.76,16300.4199,30.5699,3832.05,0.03077,1261.0,297.3,16500.0,17636.0,-27131.0,0,0,0,0
2025-04-23,4.33,4.4,62.27,3288.34,9363.38,5375.86,16708.0507,28.45,3983.92,0.03078,1300.0,295.62,15229.0,12864.0,-27745.0,0,0,0,0
2025-04-24,4.32,4.32,62.79,3349.43,9398.93,5484.77,17166.039,26.4699,4208.19,0.03074,1353.0,297.83,18199.0,16449.0,-27358.0,0,0,0,0
2025-04-25,4.32,4.29,63.02,3319.72,9376.41,5525.21,17382.9394,24.84,4251.61,0.03074,1373.0,298.46,23607.0,17613.0,-23698.0,0,0,0,0
2025-04-28,4.32,4.23,62.05,3343.98,9406.6,5528.75,17366.1308,25.1499,4235.62,0.0308,1403.0,297.88,27013.0,19601.0,-24770.0,0,0,0,0
2025-04-29,4.31,4.19,60.42,3317.41,9430.24,5560.83,17461.3203,24.17,4196.75,0.03103,1398.0,294.23,30071.0,21465.0,-25366.0,0,0,0,0
2025-04-30,4.31,4.17,58.21,3288.71,9118.2,5569.06,17446.3398,24.7,4230.08,0.03123,1386.0,288.77,20980.0,15390.0,-22730.0,1,1,1,1
2025-05-02,4.33,4.33,58.29,3240.49,9385.73,5686.67,17977.7304,22.68,4397.05,0.03219,1421.0,290.3,29034.0,19996.0,-22913.0,1,1,1,1
2025-05-05,4.33,4.36,57.13,3334.12,9385.73,5650.38,17844.2402,23.6399,4356.18,0.03317,1421.0,288.35,33824.0,23771.0,-26159.0,0,0,1,0
2025-05-06,4.33,4.3,59.09,3431.77,9559.75,5606.91,17689.6601,24.76,4311.19,0.03303,1406.0,292.23,34043.0,24839.0,-31157.0,0,0,0,0
2025-05-07,4.34,4.26,58.07,3364.5,9441.15,5631.28,17738.1601,23.5499,4386.36,0.03301,1374.0,289.76,26856.0,19014.0,-30643.0,1,0,1,0
2025-05-08,4.34,4.37,59.91,3305.72,9477.32,5663.94,17928.1406,22.4799,4430.44,0.033,1316.0,292.01,32784.0,24740.0,-30020.0,1,1,1,1
2025-05-09,4.34,4.37,61.02,3324.98,9494.69,5659.91,17928.9199,21.8999,4466.5,0.03299,1299.0,295.13,36938.0,26985.0,-33271.0,1,0,1,0
2025-05-12,4.42,4.45,0.0,0.0,0.0,5844.19,18708.3398,18.3899,4780.93,0.03299,0.0,0.0,41858.0,30623.0,-36747.0,1,1,1,1
2025-05-13,4.41,4.49,63.67,3250.31,9618.67,5886.55,19010.0898,18.2199,4931.36,0.03284,1280.0,300.53,43632.0,34035.0,-36513.0,1,1,1,1
2025-05-14,4.41,4.53,0.0,0.0,0.0,5892.58,19146.8105,18.62,4960.74,0.03302,0.0,0.0,39235.0,28125.0,-36283.0,1,1,1,1
2025-05-15,4.38,4.45,61.62,3240.1,9616.74,5916.93,19112.3203,17.8299,4932.45,0.03312,1305.0,295.86,47656.0,34765.0,-37208.0,0,0,0,0
2025-05-16,4.37,4.43,62.49,3203.65,9478.95,5958.38,19211.0996,17.2399,4922.19,0.03314,1388.0,296.08,50333.0,37001.0,-37207.0,0,0,0,0
2025-05-19,4.39,4.46,62.69,3229.56,9539.02,5963.6,19215.4609,18.1399,4897.71,0.03311,1347.0,296.21,52154.0,40372.0,-37713.0,0,0,0,0
2025-05-20,4.38,4.48,62.56,3290.13,9522.66,5940.46,19142.7109,18.09,4890.78,0.03314,1340.0,298.18,55067.0,41522.0,-37844.0,0,0,0,0
2025-05-21,4.36,4.58,61.57,3314.96,9547.51,5844.61,18872.6406,20.87,4802.71,0.03316,1337.0,298.57,19357.0,16906.0,-38846.0,0,0,0,0
2025-05-22,4.37,4.54,61.2,3294.52,9516.38,5842.01,18925.7402,20.28,4775.47,0.03326,1341.0,296.27,25708.0,22759.0,-40656.0,0,0,0,0
2025-05-23,4.36,4.51,61.53,3357.51,9641.14,5802.82,18737.2109,22.29,4702.38,0.03331,1340.0,296.66,29531.0,25262.0,-40117.0,0,0,0,0
2025-05-26,0.0,0.0,61.53,3343.84,9641.14,5802.82,18737.2109,22.29,4702.38,0.03341,1340.0,296.66,33203.0,27006.0,-41757.0,0,0,0,0
2025-05-27,4.35,4.43,60.89,3300.87,9636.58,5921.54,19199.1601,18.9599,4861.09,0.03339,1296.0,294.75,36580.0,30823.0,-43507.0,0,0,0,0
2025-05-28,4.35,4.47,61.84,3287.48,9609.97,5888.55,19100.9394,19.3099,4834.42,0.03343,1303.0,293.26,27531.0,24727.0,-43204.0,0,0,0,0
2025-05-29,4.36,4.43,60.94,3317.94,9619.57,5912.17,19175.8691,19.18,4860.48,0.03341,1353.0,290.76,31642.0,29410.0,-47014.0,0,1,1,1
2025-06-02,4.44,4.46,62.52,3381.59,9667.99,5935.94,19242.61,18.36,4832.78,0.03335,1422.0,294.93,41615.0,35298.0,-45393.0,1,1,1,1
2025-06-03,4.43,4.46,63.41,3353.43,9686.31,5970.37,19398.96,17.69,4964.4,0.03333,1430.0,296.81,45646.0,36931.0,-39470.0,1,1,1,1
2025-06-04,4.44,4.37,62.85,3372.72,9669.98,5970.81,19460.4902,17.61,5033.35,0.03339,1489.0,296.55,36248.0,31738.0,-37165.0,1,1,1,1
2025-06-05,4.44,4.4,63.37,3352.65,9832.65,5939.3,19298.45,18.4799,5010.92,0.03342,1626.0,298.62,43284.0,39936.0,-37098.0,1,1,1,1
2025-06-06,4.43,4.51,64.58,3310.42,9762.84,6000.36,19529.95,16.77,5038.06,0.03341,1633.0,300.89,46097.0,42554.0,-38541.0,1,1,1,1
2025-06-09,4.44,4.49,65.29,3326.19,9888.78,6005.88,19591.24,17.1599,5136.66,0.03339,1691.0,301.51,46923.0,42878.0,-38587.0,1,1,1,1
2025-06-10,4.45,4.47,64.98,3323.69,9840.6,6038.81,19714.99,16.95,5242.5,0.03338,1680.0,299.34,52966.0,47530.0,-37131.0,1,1,0,0
2025-06-11,4.45,4.41,68.15,3355.12,9703.49,6022.24,19615.88,17.26,5232.53,0.03342,1738.0,303.09,43981.0,43631.0,-35730.0,1,1,0,0
2025-06-12,4.46,4.36,68.04,3385.92,9787.51,6045.26,19662.48,18.02,5249.15,0.03372,1904.0,302.76,46909.0,45928.0,-38976.0,1,1,0,0
2025-06-13,4.45,4.41,72.98,3432.34,9718.41,5976.97,19406.83,20.8199,5112.24,0.03371,1968.0,309.9,52025.0,52998.0,-42000.0,1,1,0,0
2025-06-16,4.43,4.46,71.77,3385.23,9798.59,6033.11,19701.21,19.11,5267.3,0.03388,1975.0,310.17,53737.0,54689.0,-41036.0,0,0,0,0
2025-06-17,4.42,4.39,74.84,3388.11,9791.77,5982.72,19521.09,21.6,5223.65,0.03386,1952.0,314.01,55458.0,53714.0,-41401.0,0,0,0,0
2025-06-18,4.42,4.38,75.14,3369.38,9761.46,5980.87,19546.27,20.1399,5251.02,0.03385,1874.0,314.4,19904.0,18451.0,-45050.0,0,0,0,0
2025-06-19,0.0,0.0,75.8,3370.9,9748.36,5980.87,19546.27,20.1399,5251.02,0.03376,1751.0,314.4,24918.0,21844.0,-45386.0,0,0,0,0
2025-06-20,4.39,4.38,74.93,3368.39,9908.49,5967.84,19447.41,20.62,5211.48,0.03387,1689.0,312.53,29854.0,26776.0,-44461.0,0,0,0,0
2025-06-23,4.38,4.34,68.51,3368.48,9947.47,6025.17,19630.97,19.8299,5244.3,0.0,1674.0,305.05,0.0,0.0,0.0,0,0,0,0
2025-06-24,4.38,4.3,64.37,3323.67,9819.85,6092.18,19912.53,17.4799,5441.87,0.03386,1681.0,296.97,40582.0,34818.0,-43493.0,1,1,1,1
2025-06-25,4.38,4.29,64.92,3332.33,9813.19,6092.16,19973.55,16.76,5493.3,0.03402,1665.0,296.62,29995.0,26357.0,-45816.0,0,0,0,0
2025-06-26,4.39,4.26,65.24,3327.92,10219.33,6141.02,20167.91,16.59,5541.46,0.03429,1553.0,298.22,32011.0,29680.0,-48788.0,0,0,0,0
2025-06-27,4.39,4.29,65.52,3274.33,10118.67,6173.07,20273.46,16.3199,5544.99,0.03427,1521.0,299.74,36775.0,32451.0,-52681.0,0,0,0,0
2025-06-30,4.41,4.24,65.11,3303.14,10050.69,6204.9501,20369.73,16.7299,5546.54,0.03344,1489.0,297.28,38488.0,34531.0,-52001.0,0,0,0,0
2025-07-01,4.4,4.26,65.45,3338.84,10050.3,6198.0097,20202.89,16.8299,5507.5,0.03426,1458.0,296.05,46573.0,38794.0,-52517.0,0,0,0,0
2025-07-02,4.41,4.3,0.0,0.0,0.0,6227.4199,20393.13,16.6399,5611.05,0.0,0.0,0.0,0.0,0.0,0.0,0,0,0,0
2025-07-03,4.42,4.35,67.0,3326.12,10042.11,6279.35,20601.1,16.3799,5647.12,0.03469,1434.0,299.93,42852.0,33885.0,-51157.0,0,0,0,0
2025-07-04,0.0,0.0,66.5,3337.15,9959.85,6279.35,20601.1,16.3799,5647.12,0.03456,1436.0,299.93,42906.0,36610.0,-55211.0,0,0,0,0
2025-07-07,4.42,4.4,67.93,3336.5,9909.3,6229.9799,20412.52,17.79,5541.2,0.03443,1436.0,299.28,45779.0,40569.0,-56788.0,0,0,0,0
2025-07-08,4.42,4.42,68.33,3301.92,9841.81,6225.52,20418.46,16.8099,5641.22,0.0344,1431.0,302.29,49639.0,43813.0,-57530.0,0,0,0,0
2025-07-09,4.42,4.34,68.38,3313.66,9652.87,6263.2597,20611.34,15.9399,5665.99,0.0,1423.0,301.65,0.0,0.0,0.0,1,1,1,1
2025-07-10,4.42,4.35,66.57,3324.05,9699.55,6280.4599,20630.66,15.7799,5708.28,0.0,1465.0,300.37,47243.0,39815.0,-56368.0,0,0,1,1
2025-07-11,4.41,4.43,68.45,3355.59,9638.93,6259.75,20585.53,16.3999,5696.29,0.03424,1663.0,303.52,47353.0,42195.0,-57492.0,0,0,1,1
2025-07-14,4.42,4.43,66.98,3343.51,9556.93,6268.56,20640.33,17.2,5646.72,0.03413,1783.0,303.39,51004.0,45020.0,-59873.0,0,0,0,1
2025-07-15,4.42,4.5,66.52,3324.55,9597.23,6243.7597,20677.8,17.3799,5718.61,0.03413,1866.0,302.7,51697.0,46531.0,-55352.0,0,0,1,1
2025-07-16,4.41,4.46,66.38,3347.13,9570.51,6263.7001,20730.49,17.1599,5696.21,0.034,1906.0,303.15,17149.0,14702.0,-53396.0,0,0,1,1
2025-07-17,4.41,4.47,67.54,3338.97,9607.79,6297.3598,20885.65,16.52,5737.64,0.034,2030.0,304.23,24270.0,20852.0,-52217.0,0,1,1,1
2025-07-18,4.4,4.44,0.0,0.0,0.0,6296.79,20895.66,16.4099,5732.62,0.0,0.0,0.0,0.0,0.0,0.0,0,0,1,1
2025-07-21,4.41,4.38,67.2,3397.05,9793.04,6305.6,20974.17,16.6499,5739.42,0.034,2016.0,304.79,29039.0,24248.0,-46556.0,0,1,1,1
2025-07-22,4.41,4.35,66.21,3431.48,9851.26,6309.6201,20892.68,16.5,5638.71,0.03395,2035.0,303.79,32783.0,29594.0,-44594.0,0,1,1,1
2025-07-23,4.41,4.4,65.25,3387.29,9878.14,6358.91,21020.02,15.3699,5637.79,0.03406,2120.0,303.85,24242.0,18064.0,-47841.0,0,1,1,1
2025-07-24,4.42,4.43,66.03,3368.68,9827.08,6363.35,21057.96,15.39,5644.37,0.03401,2258.0,304.37,29148.0,20493.0,-47930.0,1,1,1,1
2025-07-25,4.42,4.4,65.16,3337.3,9715.82,6388.6401,21108.32,14.93,5645.86,0.03394,2257.0,302.25,30885.0,21148.0,-47417.0,1,1,1,1
2025-07-28,4.4,4.42,66.71,3314.61,9738.66,6389.77,21178.58,15.0299,5737.1,0.03387,2226.0,303.48,36064.0,26244.0,-44979.0,1,1,1,1
2025-07-29,4.4,4.34,69.21,3326.62,9746.29,6370.8598,21098.29,15.9799,5739.79,0.03366,2109.0,305.95,36706.0,30552.0,-40876.0,1,1,1,1
2025-07-30,4.41,4.38,70.0,3275.18,9651.7,6362.8999,21129.67,15.4799,5787.32,0.03365,1995.0,305.24,29894.0,20744.0,-37831.0,1,1,1,1
2025-07-31,4.41,4.37,69.26,3289.93,9560.24,6339.3901,21122.45,16.7199,5607.92,0.03343,2003.0,299.78,35263.0,24314.0,-33644.0,1,1,1,1
2025-08-01,4.35,4.23,67.33,3363.48,9581.25,6238.0097,20650.13,20.3799,5527.61,0.03331,2018.0,295.28,35478.0,26284.0,-39537.0,1,1,1,1
2025-08-04,4.35,4.22,66.29,3373.59,9634.27,6329.9399,21053.58,17.52,5624.4101,0.03342,1970.0,293.65,41460.0,31727.0,-39080.0,1,1,1,1
2025-08-05,4.34,4.22,65.16,3380.6,9571.18,6299.1899,20916.55,17.85,5561.69,0.03341,1921.0,293.33,49044.0,33105.0,-35329.0,1,1,1,1
2025-08-06,4.32,4.22,64.35,3364.39,9613.38,6345.06,21169.42,16.77,5550.3,0.03334,1994.0,293.13,36477.0,24609.0,-36380.0,1,1,1,1
2025-08-07,4.32,4.23,63.88,3396.38,9618.87,6340.0,21242.7,16.5699,5633.7,0.03353,2008.0,293.87,46009.0,31785.0,-34789.0,1,1,1,1
2025-08-08,4.32,4.27,63.88,3397.75,9692.45,6389.4501,21450.02,15.1499,5678.02,0.0335,2051.0,294.07,44875.0,29782.0,-37590.0,0,0,1,1
2025-08-11,4.34,4.27,63.96,3342.37,9648.25,6373.4501,21385.4,16.25,5670.37,0.03343,2038.0,295.69,51142.0,32263.0,-35575.0,1,0,1,1
2025-08-12,4.33,4.29,63.17,3348.26,9753.36,6445.7597,21681.9,14.7299,5840.08,0.0333,2017.0,295.36,53043.0,34094.0,-35302.0,0,0,1,1
2025-08-13,4.29,4.24,62.65,3355.86,9723.8,6466.58,21713.14,14.4899,5892.61,0.03338,2025.0,294.82,47072.0,27866.0,-33570.0,0,0,1,1
2025-08-14,4.3,4.29,63.96,3335.39,9677.25,6468.54,21710.67,14.8299,5885.49,0.03335,2039.0,295.09,50112.0,32763.0,-34379.0,0,0,1,1
2025-08-15,4.3,4.33,62.8,3336.19,9679.75,6449.8,21622.98,15.09,5752.74,0.03332,2044.0,295.54,51177.0,33039.0,-34207.0,0,0,1,1
2025-08-18,4.33,4.34,63.42,3332.72,9636.25,6449.1499,21629.77,14.9899,5776.31,0.03327,2022.0,296.02,54828.0,37429.0,-29626.0,0,0,1,1
2025-08-19,4.3,4.3,62.35,3315.78,9595.15,6411.3701,21314.95,15.5699,5671.51,0.0332,1964.0,294.05,55181.0,39992.0,-32633.0,0,0,1,1
2025-08-20,4.3,4.29,63.21,3348.43,9629.75,6395.7797,21172.86,15.6899,5630.82,0.03299,1927.0,296.01,14628.0,13101.0,-35143.0,0,0,1,1
2025-08-21,4.32,4.33,63.52,3338.71,9643.49,6370.1699,21100.31,16.6,5603.26,0.03278,1893.0,298.42,24644.0,19644.0,-30387.0,0,0,1,1
2025-08-22,4.27,4.26,63.66,3371.86,9718.12,6466.9101,21496.53,14.22,5754.46,0.0327,1944.0,300.0,23417.0,18001.0,-26735.0,0,0,1,1
2025-08-25,4.29,4.28,64.8,3365.89,9718.12,6439.3198,21449.29,14.7899,5756.3,0.03284,1944.0,301.71,29568.0,21547.0,-25609.0,0,1,1,1
2025-08-26,4.28,4.26,63.25,3393.57,9752.18,6465.9399,21544.27,14.6199,5807.92,0.03273,2041.0,298.46,31525.0,27823.0,-27132.0,0,0,1,1
2025-08-27,4.26,4.24,64.15,3397.37,9665.57,6481.3999,21590.14,14.85,5824.61,0.0327,2046.0,300.74,21904.0,17186.0,-24771.0,0,1,1,1
2025-08-28,4.26,4.22,64.6,3417.08,9735.21,6501.8598,21705.16,14.43,5853.05,0.03269,2017.0,301.75,26243.0,24576.0,-26087.0,1,1,1,1
2025-08-29,4.23,4.23,64.01,3447.95,9821.74,6460.2597,21455.55,15.3599,5668.94,0.03267,2025.0,302.35,26318.0,22821.0,-26309.0,0,1,1,1
2025-09-01,0.0,0.0,64.61,3476.07,9797.73,6460.2597,21455.55,15.3599,5668.94,0.03265,2024.0,302.35,33069.0,28840.0,-26664.0,0,1,1,1
2025-09-02,4.2,4.28,65.59,3533.16,9910.92,6415.54,21279.63,17.17,5605.46,0.0326,1986.0,304.38,36054.0,31353.0,-24295.0,0,1,1,1
2025-09-03,4.18,4.22,63.97,3559.42,9908.61,6448.2597,21497.73,16.35,5592.82,0.03254,1940.0,302.68,25310.0,19488.0,-24788.0,0,1,1,1
2025-09-04,4.16,4.17,63.48,3545.85,9830.84,6502.08,21707.69,15.3,5667.86,0.03257,1963.0,300.35,33855.0,26769.0,-23503.0,0,1,1,1
2025-09-05,4.07,4.1,61.87,3586.69,9829.46,6481.5,21700.39,15.18,5761.4,0.03266,1979.0,297.77,32548.0,24944.0,-21304.0,0,1,1,1
2025-09-08,4.1,4.05,62.26,3635.98,9833.93,6495.1499,21798.7,15.1099,5809.61,0.03276,2019.0,299.4,35902.0,28161.0,-21999.0,0,1,1,1
2025-09-09,4.1,4.08,62.63,3626.63,9835.98,6512.6098,21879.49,15.0399,5819.82,0.03292,2079.0,300.14,40789.0,30772.0,-18792.0,1,1,1,1
2025-09-10,4.09,4.04,63.67,3640.75,9956.39,6532.04,21886.06,15.35,5958.09,0.03299,2112.0,301.85,33732.0,24463.0,-17813.0,1,1,1,1
2025-09-11,4.08,4.01,62.37,3634.07,9989.96,6587.4702,22043.07,14.71,5995.39,0.03296,2111.0,300.32,39296.0,30363.0,-16317.0,1,1,1,1
2025-09-12,4.08,4.06,62.69,3643.14,9994.08,6584.29,22141.1,14.76,6001.74,0.03306,2126.0,301.72,37010.0,28288.0,-18558.0,1,1,1,1
2025-09-15,4.06,4.05,63.3,3678.99,10124.57,6615.2797,22348.75,15.6899,6059.83,0.03308,2153.0,305.47,38951.0,30777.0,-18896.0,0,1,1,1
2025-09-16,4.04,4.04,64.52,3689.98,10067.24,6606.7597,22333.96,16.36,6079.22,0.03322,2154.0,307.28,41227.0,31602.0,-18244.0,1,1,1,1
2025-09-17,4.02,4.06,64.05,3659.9,9924.87,6600.35,22261.33,15.72,6060.22,0.03326,2180.0,303.6,12447.0,12254.0,-18862.0,1,1,1,1
2025-09-18,4.03,4.11,63.57,3644.28,9868.91,6631.9599,22470.73,15.6999,6278.16,0.03321,2205.0,301.23,22019.0,18295.0,-18552.0,1,1,1,1
2025-09-19,4.03,4.14,62.68,3685.3,9924.1,6664.3598,22631.48,15.4499,6232.24,0.03309,2203.0,298.99,20853.0,15491.0,-17603.0,1,1,1,1
2025-09-22,4.0,4.15,62.64,3746.7,9900.06,6693.75,22788.98,16.1,6330.12,0.03306,2172.0,297.75,23929.0,15937.0,-17239.0,1,1,1,1
2025-09-23,4.0,4.12,63.41,3764.01,9901.39,6656.9199,22573.47,16.6399,6308.2,0.03301,2200.0,299.88,28458.0,19769.0,-16200.0,1,1,1,1
2025-09-24,4.02,4.16,64.99,3736.16,10305.13,6637.9702,22497.85,16.18,6297.0,0.03298,2240.0,302.88,17107.0,13846.0,-19917.0,1,1,1,1
2025-09-25,4.04,4.18,64.98,3749.44,10227.95,6604.7202,22384.7,16.7399,6284.67,0.03285,2266.0,303.35,19451.0,16434.0,-21779.0,1,1,1,1
2025-09-26,4.02,4.2,65.72,3759.98,10142.59,6643.7001,22484.07,15.2899,6305.05,0.03274,2259.0,305.03,19686.0,16314.0,-25119.0,1,1,1,1
2025-09-30,4.02,4.16,62.37,3858.96,10225.52,6688.4599,22660.01,16.28,6369.82,0.03282,2134.0,300.6,26093.0,20667.0,-21930.0,1,1,1,1
2025-10-01,4.01,4.12,61.78,3865.74,10338.15,6711.2001,22755.16,16.29,6500.28,0.03284,1980.0,300.51,18359.0,16942.0,-22349.0,1,1,1,1
2025-10-02,4.02,4.1,60.48,3856.58,10456.42,6715.35,22844.05,16.6299,6626.38,0.03288,1909.0,298.33,27108.0,24089.0,-23187.0,1,1,1,1
2025-10-03,4.03,4.13,60.88,3886.54,10690.34,6715.79,22780.51,16.6499,6583.74,0.03288,1901.0,299.36,25562.0,20181.0,-20852.0,1,1,1,1
2025-10-07,4.01,4.14,61.73,3984.85,10724.27,6714.5898,22788.36,17.2399,6634.76,0.03277,1947.0,301.07,31564.0,25233.0,-23701.0,1,1,1,0
2025-10-08,4.01,4.13,62.55,4042.03,10639.48,6753.7202,23043.38,16.2999,6860.2,0.03275,1963.0,302.12,24358.0,20113.0,-30405.0,1,1,0,0
2025-10-09,4.03,4.14,61.51,3976.86,10842.6,6735.1098,23024.63,16.43,6840.2,0.03274,1923.0,299.33,32083.0,27141.0,-28752.0,1,1,0,0
2025-10-13,3.953,4.059,59.49,4110.27,11047.28,6654.7202,22694.61,19.03,6723.46,0.03258,2144.0,295.54,32360.0,27640.0,-33061.0,1,1,0,0
2025-10-14,4.02,4.03,58.7,4142.94,10632.87,6644.31,22521.7,20.8099,6570.33,0.03251,2022.0,294.51,40124.0,35969.0,-27444.0,1,1,0,0
2025-10-15,4.03,4.05,58.27,4207.48,10668.94,6671.06,22670.08,20.6399,6767.06,0.03262,1997.0,293.61,14077.0,11935.0,-21671.0,1,1,0,0
2025-10-16,4.02,3.99,57.46,4326.58,10635.84,6629.0698,22562.54,25.3099,6800.02,0.03261,2046.0,293.85,21680.0,18865.0,-22035.0,0,1,0,0
2025-10-17,4.0,4.02,0.0,0.0,0.0,6664.0097,22679.9707,20.78,6777.9799,0.03259,0.0,0.0,20342.0,16606.0,-25586.0,1,1,0,0
2025-10-20,3.97,4.0,0.0,0.0,0.0,6735.1298,22990.54,18.2299,6885.03,0.03263,0.0,0.0,27172.0,23347.0,-25251.0,0,0,0,0
2025-10-21,3.96,3.98,0.0,0.0,0.0,6735.35,22953.67,17.87,6839.27,0.03258,0.0,0.0,31999.0,27387.0,-23282.0,0,0,0,0
2025-10-22,3.96,3.97,0.0,0.0,0.0,6699.3999,22740.4,18.6,6677.57,0.03254,0.0,0.0,16121.0,12649.0,-26095.0,0,0,0,0
2025-10-23,3.95,4.01,61.79,4126.28,10842.95,6738.4399,22941.8,17.2999,6847.39,0.03245,2057.0,305.02,22262.0,16349.0,-24307.0,0,0,0,0
2025-10-27,3.89,4.01,0.0,0.0,0.0,6875.1601,23637.46,15.7899,7167.98,0.03255,0.0,0.0,22401.0,16946.0,-24211.0,1,0,0,0
2025-10-28,3.89,3.99,0.0,0.0,0.0,6890.8901,23827.49,16.42,7194.71,0.03265,0.0,0.0,26182.0,20553.0,-27454.0,1,0,0,0
2025-10-29,3.93,4.08,0.0,0.0,0.0,6890.5898,23958.47,16.92,7327.93,0.03265,0.0,0.0,20529.0,14026.0,-24421.0,1,0,0,0
2025-10-30,3.92,4.11,0.0,0.0,0.0,6822.3398,23581.14,16.9099,7216.0,0.03256,0.0,0.0,27450.0,21844.0,-24746.0,1,0,0,0
2025-10-31,3.89,4.11,0.0,0.0,0.0,6840.2001,23724.96,17.44,7228.66,0.03252,0.0,0.0,25743.0,18981.0,-22936.0,1,0,0,0
2025-11-03,3.98,4.13,0.0,0.0,0.0,6851.9702,23834.72,17.17,7270.97,0.03243,0.0,0.0,32222.0,25453.0,-27880.0,0,0,0,0
2025-11-04,3.96,4.1,0.0,0.0,0.0,6771.5498,23348.64,19.0,6979.57,0.03236,0.0,0.0,37882.0,31298.0,-27842.0,0,0,0,0
2025-11-05,3.96,4.17,0.0,0.0,0.0,6796.29,23499.8,18.01,7190.27,0.03231,0.0,0.0,22577.0,16910.0,-32088.0,0,0,0,0
2025-11-06,3.93,4.11,0.0,0.0,0.0,6720.3198,23053.99,19.5,7018.39,0.03231,0.0,0.0,30601.0,22711.0,-29917.0,0,0,0,0
2025-11-07,3.92,4.11,0.0,0.0,0.0,6728.7998,23004.54,19.0799,6947.36,0.03221,0.0,0.0,28008.0,20366.0,-30820.0,0,0,0,0
2025-11-10,3.95,4.13,0.0,0.0,0.0,6832.43,23527.17,17.6,7156.95,0.03225,0.0,0.0,34700.0,25888.0,-30589.0,0,0,0,0
2025-11-11,3.95,4.13,0.0,0.0,0.0,6846.6098,23468.3,17.28,6979.7,0.0322,0.0,0.0,38545.0,29264.0,-31530.0,0,0,0,0
2025-11-12,3.95,4.08,0.0,0.0,0.0,6850.9199,23406.46,17.51,7082.13,0.03219,0.0,0.0,27778.0,17899.0,-29964.0,0,0,0,0
2025-11-13,3.96,4.11,0.0,0.0,0.0,6737.4902,22870.35,20.0,6818.74,0.03217,0.0,0.0,34210.0,24402.0,-31514.0,0,0,0,0
2025-11-14,3.95,4.14,0.0,0.0,0.0,6734.1098,22900.59,19.8299,6811.2,0.0321,0.0,0.0,30632.0,22606.0,-34595.0,0,0,0,0
2025-11-17,3.97,4.13,0.0,0.0,0.0,6672.41,22708.07,22.3799,6705.74,0.03207,0.0,0.0,40037.0,29259.0,-31526.0,0,0,0,0
2025-11-18,3.94,4.12,0.0,0.0,0.0,6617.3198,22432.85,24.69,6551.03,0.03203,0.0,0.0,42906.0,35981.0,-35047.0,0,0,0,0
2025-11-19,3.95,4.13,0.0,0.0,0.0,6642.1601,22564.23,23.6599,6670.03,0.032,0.0,0.0,9564.0,11008.0,-31047.0,0,0,0,0
2025-11-20,3.94,4.1,0.0,0.0,0.0,6538.7597,22078.05,26.42,6352.07,0.03195,0.0,0.0,18386.0,18612.0,-24167.0,0,0,0,0
2025-11-21,3.9,4.06,0.0,0.0,0.0,6602.9902,22273.08,23.43,6406.43,0.03182,0.0,0.0,16510.0,17114.0,-33208.0,0,0,0,0
2025-11-24,3.91,4.04,0.0,0.0,0.0,6705.1201,22872.01,20.52,6703.2,0.0318,0.0,0.0,22824.0,22391.0,-31186.0,0,0,0,0
2025-11-25,3.9,4.01,0.0,0.0,0.0,6765.88,23025.59,18.5599,6714.18,0.03181,0.0,0.0,29531.0,27196.0,-29704.0,0,0,0,0
2025-11-26,3.92,4.0,0.0,0.0,0.0,6812.6098,23214.69,17.19,6899.46,0.0319,0.0,0.0,15579.0,13538.0,-28657.0,0,0,0,0
2025-11-27,3.92,4.0,0.0,0.0,0.0,6812.6098,23214.69,17.19,6899.46,0.03191,0.0,0.0,24442.0,20635.0,-27961.0,0,0,0,1
2025-11-28,3.88,4.02,0.0,0.0,0.0,6849.0898,23365.69,16.35,7025.15,0.03184,0.0,0.0,20614.0,16504.0,-26321.0,0,0,0,1
2025-12-01,3.81,4.09,0.0,0.0,0.0,6812.6298,23275.92,17.2399,7020.53,0.03182,0.0,0.0,24666.0,21692.0,-29032.0,0,0,0,1
2025-12-02,3.77,4.09,0.0,0.0,0.0,6829.3701,23413.67,16.59,7149.47,0.03181,0.0,0.0,28965.0,25419.0,-28363.0,0,0,0,1
2025-12-03,3.72,4.06,0.0,0.0,0.0,6849.7202,23454.09,16.0799,7280.51,0.0319,0.0,0.0,17115.0,14862.0,-29224.0,0,1,1,1
2025-12-04,3.71,4.11,59.67,4207.62,11500.44,6857.1201,23505.14,15.7799,7215.97,0.03191,2814.0,303.92,22427.0,19415.0,-29439.0,0,1,1,1
2025-12-05,3.71,4.14,60.08,4197.78,11643.55,6870.3999,23578.13,15.4099,7294.84,0.03199,2727.0,305.97,20722.0,17474.0,-26823.0,1,1,1,1
2025-12-08,3.73,4.17,58.88,4190.66,11643.69,6846.5097,23545.9,16.6599,7375.22,0.03205,2694.0,301.48,28102.0,23828.0,-27463.0,1,1,1,1
2025-12-09,3.73,4.18,58.25,4208.24,11487.0,6840.5097,23576.49,16.93,7372.51,0.03204,2557.0,299.63,30740.0,27703.0,-31427.0,1,1,1,1
2025-12-10,3.69,4.13,58.46,4228.84,11568.19,6886.6801,23654.16,15.77,7467.49,0.03204,2430.0,301.38,21172.0,18923.0,-28629.0,1,1,1,1
2025-12-11,3.66,4.14,57.6,4280.18,11896.76,6901.0,23593.86,14.85,7411.48,0.03198,2294.0,300.78,27892.0,25678.0,-31008.0,1,1,1,1
2025-12-12,3.63,4.19,0.0,0.0,0.0,6827.4101,23195.17,15.7399,7033.57,0.03205,0.0,0.0,26993.0,24680.0,-29032.0,1,1,1,1
2025-12-15,3.65,4.18,0.0,0.0,0.0,6816.5097,23057.41,16.5,6990.41,0.03187,0.0,0.0,36275.0,33090.0,-33686.0,1,1,1,1
2025-12-16,3.64,4.15,0.0,0.0,0.0,6800.2597,23111.46,16.4799,6958.44,0.03177,0.0,0.0,43362.0,41010.0,-34213.0,0,0,1,1
2025-12-17,3.64,4.16,0.0,0.0,0.0,6721.4301,22693.32,17.62,6695.31,0.03172,0.0,0.0,13417.0,9500.0,-29032.0,1,1,1,1
2025-12-18,3.62,4.12,0.0,0.0,0.0,6774.7597,23006.36,16.87,6863.63,0.03173,0.0,0.0,20495.0,18075.0,-28731.0,1,1,1,1
2025-12-19,3.62,4.16,56.66,4338.88,11886.23,6834.5,23307.62,14.9099,7067.86,0.03172,2023.0,295.1,18072.0,13247.0,-24428.0,1,1,1,1
2025-12-22,3.64,4.17,0.0,0.0,0.0,6878.4902,23428.83,14.0799,7145.57,0.03172,0.0,0.0,24812.0,17423.0,-25852.0,1,1,1,1
2025-12-23,3.65,4.18,0.0,0.0,0.0,6909.79,23561.84,14.0,7184.54,0.03174,0.0,0.0,26799.0,18974.0,-25441.0,1,1,1,1
2025-12-24,3.69,4.15,0.0,0.0,0.0,6932.0498,23613.31,13.47,7204.37,0.03177,0.0,0.0,16160.0,11256.0,-24484.0,1,1,1,1
2025-12-26,3.64,4.14,0.0,0.0,0.0,6929.9399,23593.1,13.6,7207.64,0.03179,0.0,0.0,18176.0,12455.0,-23476.0,0,1,1,1
2025-12-29,3.68,4.12,0.0,0.0,0.0,6905.7402,23474.35,14.1999,7178.27,0.0318,0.0,0.0,23395.0,16184.0,-22173.0,0,0,1,1
2025-12-30,3.65,4.14,0.0,0.0,0.0,6896.2402,23419.08,14.3299,7169.1,0.03182,0.0,0.0,29836.0,22975.0,-26259.0,0,0,1,1
2025-12-31,3.67,4.18,0.0,0.0,0.0,6845.5,23241.99,14.9499,7083.13,0.03181,0.0,0.0,20069.0,15314.0,-25059.0,1,1,1,1
2026-01-02,3.65,4.19,57.32,4332.29,12508.1,6858.4702,23235.63,14.51,7367.47,0.03183,1882.0,297.82,23120.0,17308.0,-23154.0,1,1,1,1
2026-01-05,3.64,4.17,58.32,4449.15,13033.48,6902.0498,23395.82,14.8999,7446.45,0.03171,1851.0,302.72,33739.0,27089.0,-25101.0,0,0,1,1
2026-01-06,3.63,4.18,57.13,4494.83,13240.98,6944.8198,23547.17,14.75,7650.93,0.03173,1830.0,302.07,38905.0,31702.0,-29520.0,1,0,1,1
2026-01-07,3.62,4.15,55.99,4456.47,12914.48,6920.9301,23584.27,15.38,7574.87,0.03172,1776.0,300.16,28566.0,22613.0,-29422.0,1,0,1,1
2026-01-08,3.62,4.19,57.76,4477.65,12737.25,6921.46,23480.02,15.4499,7436.1,0.03168,1718.0,302.38,35706.0,30212.0,-26047.0,1,1,1,1
2026-01-09,3.62,4.18,59.12,4509.5,13039.94,6966.28,23671.35,14.4899,7638.78,0.03165,1688.0,301.47,33177.0,26366.0,-26583.0,0,0,1,1
2026-01-12,3.67,4.19,59.5,4597.51,13273.81,6977.27,23733.9,15.1199,7674.84,0.03162,1659.0,304.04,38607.0,29731.0,-26892.0,1,1,1,1
2026-01-13,3.67,4.18,61.15,4586.52,13254.23,6963.74,23709.87,15.9799,7747.99,0.03159,1608.0,306.64,42543.0,33463.0,-30117.0,1,1,1,1
2026-01-14,3.67,4.15,62.02,4626.58,13232.79,6926.6,23471.75,16.75,7701.47,0.03162,1566.0,306.82,35025.0,27650.0,-33957.0,1,1,1,1
2026-01-15,3.68,4.17,59.19,4616.15,13143.6,6944.47,23530.02,15.84,7837.3,0.03165,1532.0,301.75,40388.0,32819.0,-35130.0,0,0,1,1
2026-01-16,3.67,4.24,0.0,0.0,0.0,6940.01,23515.39,15.8599,7927.41,0.03167,0.0,0.0,46450.0,36567.0,-33249.0,0,0,1,1
2026-01-19,0.0,0.0,59.44,4670.89,13033.05,6940.01,23515.39,15.8599,7927.41,0.03166,1650.0,302.05,53503.0,40954.0,-33726.0,0,0,1,1
2026-01-20,3.7,4.3,60.34,4763.43,12855.34,6796.8598,22954.32,20.09,7794.19,0.03164,1729.0,306.35,54488.0,44289.0,-32675.0,0,1,1,1
2026-01-21,3.7,4.26,60.62,4831.73,12780.89,6875.6201,23224.82,16.8999,8042.07,0.03162,1803.0,309.22,21282.0,26504.0,-24473.0,0,1,1,1
2026-01-22,3.71,4.26,0.0,0.0,0.0,6913.35,23436.02,15.64,8055.17,0.03164,0.0,0.0,29840.0,38149.0,-24293.0,0,1,1,1
2026-01-23,3.7,4.24,61.07,4987.49,13048.94,6915.61,23501.24,16.09,7957.93,0.03167,1762.0,312.24,28607.0,37199.0,-22666.0,1,1,1,1
2026-01-26,3.67,4.22,60.63,5008.7,13127.93,6950.2299,23601.36,16.1499,7927.04,0.03174,1780.0,315.11,35323.0,46722.0,-26527.0,0,1,1,1
2026-01-27,3.67,4.24,62.39,5180.16,12912.7,6978.6,23817.1,16.35,8117.18,0.03178,1999.0,317.58,44032.0,54673.0,-25318.0,1,1,1,1
2026-01-28,3.68,4.26,0.0,0.0,0.0,6978.03,23857.45,16.35,8306.74,0.03193,0.0,0.0,33909.0,46996.0,-27932.0,1,1,1,1
2026-01-29,3.67,4.24,65.42,5375.24,13524.24,6969.01,23685.12,16.8799,8320.39,0.03192,2002.0,323.71,37072.0,52696.0,-32702.0,1,1,1,1
2026-01-30,3.67,4.26,65.21,4894.23,13067.62,6939.03,23461.82,17.44,7998.47,0.03178,2148.0,320.09,35072.0,48305.0,-32670.0,1,1,1,1
2026-02-02,3.69,4.29,62.14,4661.38,12832.33,6976.4399,23592.11,16.34,8134.49,0.03166,2124.0,305.14,43630.0,53957.0,-27673.0,1,1,1,1
2026-02-03,3.69,4.28,63.21,4946.76,13408.6,6917.81,23255.19,18.0,7966.33,0.03168,2028.0,310.11,46281.0,55461.0,-26496.0,1,1,1,1
2026-02-04,3.69,4.29,65.14,4964.93,12962.66,6882.7202,22904.58,18.6399,7619.16,0.03167,1955.0,312.93,36098.0,45902.0,-25699.0,1,1,1,1
2026-02-05,3.67,4.21,63.29,4779.05,12825.42,6798.3999,22540.59,21.77,7614.64,0.0316,1936.0,309.36,40042.0,51205.0,-26743.0,1,1,1,1
2026-02-06,3.68,4.22,63.55,4964.36,12923.05,6932.2998,23031.21,20.37,8048.62,0.03157,1923.0,309.51,37361.0,46514.0,-25102.0,1,1,1,1
2026-02-09,3.69,4.22,64.36,5057.8,13099.13,6964.8198,23238.67,17.36,8162.58,0.03169,1895.0,311.08,44385.0,52096.0,-23585.0,1,1,1,1
2026-02-10,3.69,4.16,63.96,5025.45,13031.9,6941.81,23102.47,17.79,8107.13,0.0317,1882.0,308.33,48397.0,53026.0,-24884.0,1,1,1,1
2026-02-11,3.7,4.18,64.63,5084.39,13090.49,6941.47,23066.47,17.6499,8291.86,0.03177,1958.0,310.59,39175.0,48071.0,-27665.0,1,1,1,1
2026-02-23,3.69,4.03,66.31,5231.55,12784.9,6837.75,22627.27,21.01,8213.46,0.03178,2112.0,310.14,23651.0,24284.0,-30852.0,0,0,0,0
2026-02-24,3.69,4.04,65.63,5148.18,13078.3,6890.0698,22863.68,19.5499,8332.34,0.03179,2129.0,309.8,34467.0,35545.0,-29372.0,0,0,0,0
2026-02-25,3.69,4.05,65.42,5171.16,13245.98,6946.1298,23152.08,17.93,8467.43,0.03191,2121.0,311.44,30147.0,32568.0,-35753.0,0,0,0,0
2026-02-26,3.68,4.02,65.21,5187.26,13234.97,6908.8598,22878.38,18.6299,8197.26,0.032,2117.0,310.03,33708.0,37749.0,-36168.0,0,1,1,1
2026-03-02,3.72,4.05,71.23,5327.42,13033.99,6881.62,22748.86,21.44,8137.36,0.03182,2187.0,320.55,33650.0,38059.0,-41274.0,0,0,0,1
2026-03-03,3.71,4.06,74.56,5087.47,12911.05,6816.63,22516.69,23.5699,7764.88,0.03164,2242.0,326.3,39683.0,47229.0,-40421.0,0,0,0,1
2026-03-04,3.71,4.09,74.66,5135.92,13038.47,6869.5,22807.48,21.1499,7914.48,0.03155,2233.0,327.68,33134.0,41114.0,-41633.0,0,0,1,1
2026-03-05,3.7,4.13,81.01,5077.39,12857.44,6830.71,22748.99,23.75,7821.76,0.03156,2138.0,336.85,38326.0,46154.0,-41134.0,1,1,1,1
2026-03-06,3.69,4.15,90.9,5171.12,12817.14,6740.02,22387.68,29.4899,7514.74,0.03157,2010.0,352.12,35146.0,42361.0,-38930.0,0,0,1,0
2026-03-09,3.71,4.12,94.77,5139.56,12886.78,6795.99,22695.95,25.5,7810.4,0.03133,2066.0,356.89,39979.0,49635.0,-40462.0,1,1,1,0
2026-03-10,3.71,4.15,83.45,5192.94,13047.61,6781.48,22697.1,24.93,7865.12,0.03142,1919.0,348.03,44258.0,60402.0,-36856.0,1,1,1,0
2026-03-11,3.71,4.21,87.25,5177.07,12940.1,6775.8,22716.13,24.2299,7914.56,0.03149,1926.0,354.97,36327.0,45315.0,-40958.0,1,1,1,0
2026-03-12,3.72,4.27,95.73,5080.07,12897.39,6672.6201,22311.98,27.29,7643.17,0.0314,1972.0,365.03,40039.0,50386.0,-43064.0,1,1,1,0
2026-03-13,3.72,4.28,98.71,5019.25,12677.8,6632.1899,22105.36,27.19,7646.64,0.03133,2028.0,365.79,40007.0,50166.0,-40347.0,1,1,1,0
2026-03-16,3.72,4.23,93.5,5006.41,12753.5,6699.3798,22374.18,23.51,7796.24,0.0313,2038.0,359.94,42861.0,53169.0,-38512.0,0,0,1,0
2026-03-17,3.72,4.2,96.21,5005.61,12661.53,6716.0898,22479.53,22.37,7836.83,0.03136,2024.0,364.4,46953.0,55879.0,-36158.0,0,0,1,0
2026-03-18,3.73,4.26,96.32,4818.5,12288.28,6624.7001,22152.42,25.09,7795.13,0.03141,2064.0,364.51,17552.0,22865.0,-34549.0,0,0,1,0
2026-03-19,3.73,4.25,96.14,4650.02,12046.38,6606.4902,22090.69,24.0599,7863.3,0.0313,2057.0,364.2,22151.0,27994.0,-40825.0,0,1,1,0
2026-03-20,3.74,4.39,98.32,4492.42,11834.73,6506.4799,21647.61,26.78,7670.61,0.03128,2056.0,367.12,18855.0,26002.0,-36366.0,0,0,1,0
2026-03-23,3.74,4.34,88.13,4407.18,12081.74,6581.0,21946.76,26.1499,7773.13,0.03116,2037.0,350.74,22785.0,30051.0,-37717.0,0,1,1,0
2026-03-24,3.74,4.39,0.0,0.0,0.0,6556.3701,21761.89,26.95,7872.71,0.03122,0.0,0.0,26416.0,32288.0,-34108.0,0,1,1,0
2026-03-25,3.73,4.33,90.32,4506.0,12250.27,6591.8999,21929.83,25.3299,7967.74,0.0313,2001.0,356.4099,20016.0,25074.0,-35947.0,0,0,1,0
2026-03-26,3.73,4.42,94.48,4380.03,12076.79,6477.1601,21408.08,27.44,7585.87,0.03134,2014.0,361.91,25057.0,29224.0,-37065.0,1,1,1,0
2026-03-27,3.73,4.44,99.64,4494.09,12124.14,6368.85,20948.36,31.0499,7457.67,0.03137,2031.0,368.91,23408.0,28443.0,-39919.0,1,1,1,0
2026-03-30,3.71,4.35,102.88,4511.25,12140.95,6343.7202,20794.64,30.61,7142.33,0.03125,2017.0,371.29,26623.0,32778.0,-37282.0,1,1,1,0
2026-03-31,3.7,4.3,101.38,4668.06,12256.76,6528.52,21590.63,25.25,7588.2,0.03127,1995.0,372.42,29448.0,36039.0,-37214.0,1,1,1,0
2026-04-01,3.7,4.33,100.12,4758.57,12349.09,6575.32,21840.95,24.54,7802.31,0.0313,2030.0,371.12,23374.0,29202.0,-31373.0,1,1,1,0
2026-04-02,3.7,4.31,111.54,4676.76,12287.94,6582.69,21879.18,23.87,7833.39,0.03128,2066.0,381.02,26728.0,32680.0,-34855.0,1,1,1,0
2026-04-07,3.71,4.33,112.95,4706.51,12228.36,6616.85,22017.85,25.78,8003.87,0.03128,2095.0,381.38,23819.0,28595.0,-31350.0,1,1,0,0
2026-04-08,3.69,4.29,94.41,4719.37,12611.86,6782.81,22634.99,21.04,8510.92,0.03146,2139.0,366.27,24593.0,27799.0,-32478.0,1,1,0,0
2026-04-09,3.68,4.29,97.87,4766.0,12585.91,6824.6601,22822.42,19.4899,8689.53,0.0315,2161.0,368.55,27702.0,30821.0,-33399.0,0,0,0,0
2026-04-10,3.69,4.31,96.57,4749.75,12819.36,6816.8901,22902.89,19.2299,8889.83,0.03152,2201.0,369.3,26498.0,30350.0,-34403.0,1,1,0,0
2026-04-13,3.71,4.3,99.08,4740.31,12996.39,6886.24,23183.74,19.12,9039.52,0.03146,2250.0,374.6,29260.0,34656.0,-35996.0,1,1,0,0
2026-04-14,3.71,4.26,91.28,4841.75,13252.99,6967.38,23639.08,18.36,9224.12,0.03156,2354.0,371.38,31730.0,40906.0,-36664.0,1,1,0,0
2026-04-15,3.71,4.29,91.29,4791.04,13188.66,7022.95,24016.02,18.17,9239.29,0.0316,2484.0,372.0,15622.0,13192.0,-36783.0,1,1,0,0
2026-04-16,3.7,4.32,91.17,4788.58,13206.2,7041.28,24102.7,17.94,9329.35,0.03169,2523.0,374.61,20894.0,19189.0,-39683.0,0,0,0,0
2026-04-17,3.7,4.26,82.59,4830.34,13281.92,7126.06,24468.48,17.4799,9555.88,0.03165,2567.0,362.78,18468.0,17581.0,-41151.0,0,0,0,0
2026-04-20,3.71,4.26,87.42,4820.83,13199.54,7109.1401,24404.39,18.87,9599.21,0.03171,2633.0,369.25,20942.0,20646.0,-42618.0,0,0,0,0
2026-04-21,3.69,4.3,89.67,4720.04,13163.82,7064.0097,24259.96,19.5,9647.21,0.03176,2640.0,371.79,23272.0,21888.0,-41295.0,0,0,0,0
2026-04-22,3.69,4.3,92.96,4738.78,13374.19,7137.8999,24657.57,18.92,9909.27,0.03171,2675.0,378.19,18872.0,19221.0,-42555.0,0,1,0,0
2026-04-23,3.69,4.34,95.85,4694.14,13300.69,7108.4,24438.5,19.3099,10078.57,0.03167,2673.0,381.84,23299.0,22881.0,-44027.0,0,0,0,0
2026-04-24,3.69,4.31,94.4,4709.5,13246.81,7165.08,24836.6,18.7099,10513.66,0.03173,2665.0,379.06,22381.0,20655.0,-40633.0,0,0,0,0
2026-04-27,3.68,4.35,96.37,4682.1,13139.25,7173.91,24887.1,18.02,10408.04,0.03178,2666.0,381.2,26036.0,24865.0,-44223.0,0,0,0,0
2026-04-28,3.68,4.36,99.93,4595.51,12951.12,7138.7998,24663.8,17.8299,10035.58,0.03173,2677.0,385.62,28839.0,28863.0,-45869.0,1,1,0,0
2026-04-29,3.68,4.42,106.88,4544.12,12924.39,7135.9501,24673.24,18.8099,10271.3,0.03169,2670.0,394.49,25067.0,25402.0,-47074.0,0,0,0,0
2026-04-30,3.68,4.4,105.07,4622.59,12910.76,7209.0097,24892.31,16.8899,10503.7,0.0316,2686.0,395.11,28347.0,28796.0,-44044.0,1,1,0,0
2026-05-04,3.7,4.45,106.42,4521.91,12916.4,7200.75,25067.8,18.29,10534.66,0.03164,2730.0,401.06,27071.0,25704.0,-43504.0,1,1,0,0
2026-05-05,3.69,4.43,102.27,4556.92,13059.15,7259.2202,25326.13,17.3799,10980.58,0.03164,2832.0,398.45,29903.0,29673.0,-48687.0,1,0,0,0
2026-05-06,3.69,4.36,95.08,4691.36,13319.94,7365.12,25838.94,17.3899,11472.75,0.03176,2991.0,388.0,26841.0,27307.0,-50967.0,1,0,0,0
2026-05-07,3.69,4.41,94.81,4685.8,13331.26,7337.11,25806.2,17.0799,11160.99,0.03184,3034.0,387.72,30607.0,31516.0,-51132.0,1,0,0,0
2026-05-08,3.69,4.38,95.42,4715.25,13515.39,7398.9301,26247.08,17.19,11775.5,0.03182,2978.0,389.44,27805.0,29586.0,-54530.0,1,0,0,0
2026-05-11,3.7,4.42,98.07,4735.27,13893.11,7412.8398,26274.13,18.3799,12081.04,0.03183,3001.0,399.29,30427.0,31240.0,-54225.0,0,0,0,0
2026-05-12,3.7,4.46,102.18,4715.27,13958.9,7400.9599,26088.2,17.9899,11717.26,0.03177,3063.0,404.85,31508.0,35339.0,-53072.0,1,0,0,0
2026-05-13,3.69,4.46,101.02,4688.63,14109.48,7444.25,26402.34,17.87,12017.98,0.03174,3189.0,404.39,29673.0,33304.0,-52760.0,0,0,0,0
2026-05-14,3.69,4.47,96.92,4651.97,13894.74,7501.2402,26635.22,17.26,12073.78,0.03174,3195.0,400.28,33580.0,39820.0,-51068.0,0,0,0,0
2026-05-15,3.69,4.59,101.02,4540.08,13503.11,7408.5,26225.14,18.43,11588.46,0.03169,3151.0,399.29,32040.0,37289.0,-50963.0,0,0,0,0
2026-05-18,3.68,4.61,104.38,4567.61,13532.18,7403.05,26090.73,17.8199,11302.52,0.0317,3092.0,405.77,36877.0,40808.0,-44996.0,0,0,0,0
2026-05-19,3.67,4.67,104.15,4482.46,13333.9,7353.61,25870.71,18.0599,11305.5,0.0316,3054.0,406.18,39340.0,44011.0,-45376.0,0,0,0,0
2026-05-20,3.65,4.57,98.26,4545.16,13595.63,7432.9702,26270.36,17.44,11813.29,0.0316,3005.0,396.95,18220.0,20580.0,-42744.0,0,0,0,0
2026-05-21,3.68,4.57,96.35,4545.18,13455.86,7445.7202,26293.1,16.76,11964.09,0.03165,2964.0,392.37,23666.0,25127.0,-44454.0,0,0,0,0
2026-05-22,3.68,4.56,96.6,4509.4,13614.84,7473.4702,26343.97,16.7,12202.54,0.03168,2991.0,392.67,20260.0,22252.0,-46483.0,0,0,0,0
2026-05-25,3.68,4.56,90.3,4571.16,13614.84,7473.4702,26343.97,16.7,12202.54,0.03178,2991.0,392.67,25412.0,27621.0,-51458.0,0,0,0,0
2026-05-26,3.68,4.5,93.89,4507.51,13565.69,7519.1201,26656.18,17.01,12876.91,0.0318,3085.0,388.33,27772.0,31494.0,-54391.0,0,0,0,0
2026-05-27,3.68,4.48,88.68,4453.57,13465.16,7520.36,26674.7343,16.29,12702.19,0.03183,3124.0,381.17,20497.0,23420.0,-56302.0,0,0,0,0
2026-05-28,3.69,4.45,88.9,4387.02,13656.19,7563.63,26917.4707,15.7399,12829.1435,0.03182,3226.0,384.61,27893.0,32682.0,-58196.0,0,0,0,0
2026-05-29,3.69,4.45,87.36,4540.26,13599.71,7580.06,26972.62,15.3199,12829.38,0.03186,3224.0,380.45,25253.0,27924.0,-60650.0,0,0,0,0
2026-06-01,3.78,4.47,92.16,4469.97,13808.12,7599.96,27086.8085,16.0499,12965.6494,0.03187,3222.0,385.91,29214.0,32435.0,-64673.0,0,0,0,0
2026-06-02,3.78,4.47,92.16,4469.97,13808.12,7599.96,27086.8085,16.0499,12965.6494,0.03187,3222.0,385.91,29214.0,32435.0,-64673.0,0,0,0,0
