,foreign_cap_ratio,invst_cap_ratio,foreign_cost,invst_cost,major_cost,margin_b,short_b,smr,borrow_b,ins_nbd,ins_nbv,Force_nbv,Force_nbd,y_10,y_20,y_40,y_60
1999-01-05,0.0,0.0,0.0,0.0,0.0,0.0,0.0,0.0,0.0,0.0,0.0,0.0,0.0,0.0,0.0,0.0,0.0
1999-01-08,0.0,0.0,0.0,0.0,0.0,0.0,0.0,0.0,0.0,0.0,0.0,0.0,0.0,0.0,0.0,0.0,0.0
1999-01-12,0.0,0.0,0.0,0.0,0.0,0.0,0.0,0.0,0.0,0.0,0.0,0.0,0.0,0.0,0.0,0.0,0.0
1999-01-16,0.0,0.0,0.0,0.0,0.0,0.0,0.0,0.0,0.0,0.0,0.0,0.0,0.0,0.0,0.0,0.0,0.0
1999-01-18,0.0,0.0,0.0,0.0,0.0,0.0,0.0,0.0,0.0,0.0,0.0,0.0,0.0,0.0,0.0,0.0,0.0
1999-01-21,0.0,0.0,0.0,0.0,0.0,0.0,0.0,0.0,0.0,0.0,0.0,0.0,0.0,0.0,0.0,0.0,0.0
1999-01-25,0.0,0.0,0.0,0.0,0.0,0.0,0.0,0.0,0.0,0.0,0.0,0.0,0.0,0.0,0.0,0.0,0.0
1999-01-26,0.0,0.0,0.0,0.0,0.0,0.0,0.0,0.0,0.0,0.0,0.0,0.0,0.0,0.0,0.0,0.0,0.0
1999-01-29,0.0,0.0,0.0,0.0,0.0,0.0,0.0,0.0,0.0,0.0,0.0,0.0,0.0,0.0,0.0,0.0,0.0
1999-01-30,0.0,0.0,0.0,0.0,0.0,0.0,0.0,0.0,0.0,0.0,0.0,0.0,0.0,0.0,0.0,0.0,0.0
1999-02-06,0.0,0.0,0.0,0.0,0.0,0.0,0.0,0.0,0.0,0.0,0.0,0.0,0.0,0.0,0.0,0.0,0.0
1999-02-10,0.0,0.0,0.0,0.0,0.0,0.0,0.0,0.0,0.0,0.0,0.0,0.0,0.0,0.0,0.0,0.0,0.0
1999-02-22,0.0,0.0,0.0,0.0,0.0,0.0,0.0,0.0,0.0,0.0,0.0,0.0,0.0,0.0,0.0,0.0,0.0
1999-02-23,0.0,0.0,0.0,0.0,0.0,0.0,0.0,0.0,0.0,0.0,0.0,0.0,0.0,0.0,0.0,0.0,0.0
1999-02-24,0.0,0.0,0.0,0.0,0.0,0.0,0.0,0.0,0.0,0.0,0.0,0.0,0.0,0.0,0.0,0.0,0.0
1999-03-01,0.0,0.0,0.0,0.0,0.0,0.0,0.0,0.0,0.0,0.0,0.0,0.0,0.0,0.0,0.0,0.0,0.0
1999-03-02,0.0,0.0,0.0,0.0,0.0,0.0,0.0,0.0,0.0,0.0,0.0,0.0,0.0,0.0,0.0,0.0,0.0
1999-03-05,0.0,0.0,0.0,0.0,0.0,0.0,0.0,0.0,0.0,0.0,0.0,0.0,0.0,0.0,0.0,0.0,0.0
1999-03-06,0.0,0.0,0.0,0.0,0.0,0.0,0.0,0.0,0.0,0.0,0.0,0.0,0.0,0.0,0.0,0.0,0.0
1999-03-08,0.0,0.0,0.0,0.0,0.0,0.0,0.0,0.0,0.0,0.0,0.0,0.0,0.0,0.0,0.0,0.0,0.0
1999-03-12,0.0,0.0,0.0,0.0,0.0,0.0,0.0,0.0,0.0,0.0,0.0,0.0,0.0,0.0,0.0,0.0,0.0
1999-03-22,0.0,0.0,0.0,0.0,0.0,0.0,0.0,0.0,0.0,0.0,0.0,0.0,0.0,0.0,0.0,0.0,0.0
1999-03-24,0.0,0.0,0.0,0.0,0.0,0.0,0.0,0.0,0.0,0.0,0.0,0.0,0.0,0.0,0.0,0.0,0.0
1999-03-26,0.0,0.0,0.0,0.0,0.0,0.0,0.0,0.0,0.0,0.0,0.0,0.0,0.0,0.0,0.0,0.0,0.0
1999-03-29,0.0,0.0,0.0,0.0,0.0,0.0,0.0,0.0,0.0,0.0,0.0,0.0,0.0,0.0,0.0,0.0,0.0
1999-03-30,0.0,0.0,0.0,0.0,0.0,0.0,0.0,0.0,0.0,0.0,0.0,0.0,0.0,0.0,0.0,0.0,0.0
1999-04-02,0.0,0.0,0.0,0.0,0.0,0.0,0.0,0.0,0.0,0.0,0.0,0.0,0.0,0.0,0.0,0.0,0.0
1999-04-09,0.0,0.0,0.0,0.0,0.0,0.0,0.0,0.0,0.0,0.0,0.0,0.0,0.0,0.0,0.0,0.0,0.0
1999-04-14,0.0,0.0,0.0,0.0,0.0,0.0,0.0,0.0,0.0,0.0,0.0,0.0,0.0,0.0,0.0,0.0,0.0
1999-04-16,0.0,0.0,0.0,0.0,0.0,0.0,0.0,0.0,0.0,0.0,0.0,0.0,0.0,0.0,0.0,0.0,0.0
1999-04-19,0.0,0.0,0.0,0.0,0.0,0.0,0.0,0.0,0.0,0.0,0.0,0.0,0.0,0.0,0.0,0.0,0.0
1999-04-20,0.0,0.0,0.0,0.0,0.0,0.0,0.0,0.0,0.0,0.0,0.0,0.0,0.0,0.0,0.0,0.0,0.0
1999-04-21,0.0,0.0,0.0,0.0,0.0,0.0,0.0,0.0,0.0,0.0,0.0,0.0,0.0,0.0,0.0,0.0,0.0
1999-04-23,0.0,0.0,0.0,0.0,0.0,0.0,0.0,0.0,0.0,0.0,0.0,0.0,0.0,0.0,0.0,0.0,0.0
1999-04-26,0.0,0.0,0.0,0.0,0.0,0.0,0.0,0.0,0.0,0.0,0.0,0.0,0.0,0.0,0.0,0.0,0.0
1999-04-28,0.0,0.0,0.0,0.0,0.0,0.0,0.0,0.0,0.0,0.0,0.0,0.0,0.0,0.0,0.0,0.0,0.0
1999-04-30,0.0,0.0,0.0,0.0,0.0,0.0,0.0,0.0,0.0,0.0,0.0,0.0,0.0,0.0,0.0,0.0,0.0
1999-05-06,0.0,0.0,0.0,0.0,0.0,0.0,0.0,0.0,0.0,0.0,0.0,0.0,0.0,0.0,0.0,0.0,0.0
1999-05-13,0.0,0.0,0.0,0.0,0.0,0.0,0.0,0.0,0.0,0.0,0.0,0.0,0.0,0.0,0.0,0.0,0.0
1999-05-14,0.0,0.0,0.0,0.0,0.0,0.0,0.0,0.0,0.0,0.0,0.0,0.0,0.0,0.0,0.0,0.0,0.0
1999-05-17,0.0,0.0,0.0,0.0,0.0,0.0,0.0,0.0,0.0,0.0,0.0,0.0,0.0,0.0,0.0,0.0,0.0
1999-05-19,0.0,0.0,0.0,0.0,0.0,0.0,0.0,0.0,0.0,0.0,0.0,0.0,0.0,0.0,0.0,0.0,0.0
1999-05-26,0.0,0.0,0.0,0.0,0.0,0.0,0.0,0.0,0.0,0.0,0.0,0.0,0.0,0.0,0.0,0.0,0.0
1999-05-28,0.0,0.0,0.0,0.0,0.0,0.0,0.0,0.0,0.0,0.0,0.0,0.0,0.0,0.0,0.0,0.0,0.0
1999-05-29,0.0,0.0,0.0,0.0,0.0,0.0,0.0,0.0,0.0,0.0,0.0,0.0,0.0,0.0,0.0,0.0,0.0
1999-06-02,0.0,0.0,0.0,0.0,0.0,0.0,0.0,0.0,0.0,0.0,0.0,0.0,0.0,0.0,0.0,0.0,0.0
1999-06-03,0.0,0.0,0.0,0.0,0.0,0.0,0.0,0.0,0.0,0.0,0.0,0.0,0.0,0.0,0.0,0.0,0.0
1999-06-14,0.0,0.0,0.0,0.0,0.0,0.0,0.0,0.0,0.0,0.0,0.0,0.0,0.0,0.0,0.0,0.0,0.0
1999-06-15,0.0,0.0,0.0,0.0,0.0,0.0,0.0,0.0,0.0,0.0,0.0,0.0,0.0,0.0,0.0,0.0,0.0
1999-06-16,0.0,0.0,0.0,0.0,0.0,0.0,0.0,0.0,0.0,0.0,0.0,0.0,0.0,0.0,0.0,0.0,0.0
1999-06-17,0.0,0.0,0.0,0.0,0.0,0.0,0.0,0.0,0.0,0.0,0.0,0.0,0.0,0.0,0.0,0.0,0.0
1999-06-25,0.0,0.0,0.0,0.0,0.0,0.0,0.0,0.0,0.0,0.0,0.0,0.0,0.0,0.0,0.0,0.0,0.0
1999-06-30,0.0,0.0,0.0,0.0,0.0,0.0,0.0,0.0,0.0,0.0,0.0,0.0,0.0,0.0,0.0,0.0,0.0
1999-07-02,0.0,0.0,0.0,0.0,0.0,0.0,0.0,0.0,0.0,0.0,0.0,0.0,0.0,0.0,0.0,0.0,0.0
1999-07-09,0.0,0.0,0.0,0.0,0.0,0.0,0.0,0.0,0.0,0.0,0.0,0.0,0.0,0.0,0.0,0.0,0.0
1999-07-12,0.0,0.0,0.0,0.0,0.0,0.0,0.0,0.0,0.0,0.0,0.0,0.0,0.0,0.0,0.0,0.0,0.0
1999-07-17,0.0,0.0,0.0,0.0,0.0,0.0,0.0,0.0,0.0,0.0,0.0,0.0,0.0,0.0,0.0,0.0,0.0
1999-07-26,0.0,0.0,0.0,0.0,0.0,0.0,0.0,0.0,0.0,0.0,0.0,0.0,0.0,0.0,0.0,0.0,0.0
1999-07-29,0.0,0.0,0.0,0.0,0.0,0.0,0.0,0.0,0.0,0.0,0.0,0.0,0.0,0.0,0.0,0.0,0.0
1999-08-12,0.0,0.0,0.0,0.0,0.0,0.0,0.0,0.0,0.0,0.0,0.0,0.0,0.0,0.0,0.0,0.0,0.0
1999-08-13,0.0,0.0,0.0,0.0,0.0,0.0,0.0,0.0,0.0,0.0,0.0,0.0,0.0,0.0,0.0,0.0,0.0
1999-08-26,0.0,0.0,0.0,0.0,0.0,0.0,0.0,0.0,0.0,0.0,0.0,0.0,0.0,0.0,0.0,0.0,0.0
1999-08-31,0.0,0.0,0.0,0.0,0.0,0.0,0.0,0.0,0.0,0.0,0.0,0.0,0.0,0.0,0.0,0.0,0.0
1999-09-02,0.0,0.0,0.0,0.0,0.0,0.0,0.0,0.0,0.0,0.0,0.0,0.0,0.0,0.0,0.0,0.0,0.0
1999-09-10,0.0,0.0,0.0,0.0,0.0,0.0,0.0,0.0,0.0,0.0,0.0,0.0,0.0,0.0,0.0,0.0,0.0
1999-09-13,0.0,0.0,0.0,0.0,0.0,0.0,0.0,0.0,0.0,0.0,0.0,0.0,0.0,0.0,0.0,0.0,0.0
1999-09-15,0.0,0.0,0.0,0.0,0.0,0.0,0.0,0.0,0.0,0.0,0.0,0.0,0.0,0.0,0.0,0.0,0.0
1999-09-16,0.0,0.0,0.0,0.0,0.0,0.0,0.0,0.0,0.0,0.0,0.0,0.0,0.0,0.0,0.0,0.0,0.0
1999-09-17,0.0,0.0,0.0,0.0,0.0,0.0,0.0,0.0,0.0,0.0,0.0,0.0,0.0,0.0,0.0,0.0,0.0
1999-09-20,0.0,0.0,0.0,0.0,0.0,0.0,0.0,0.0,0.0,0.0,0.0,0.0,0.0,0.0,0.0,0.0,0.0
1999-09-28,0.0,0.0,0.0,0.0,0.0,0.0,0.0,0.0,0.0,0.0,0.0,0.0,0.0,0.0,0.0,0.0,0.0
1999-09-30,0.0,0.0,0.0,0.0,0.0,0.0,0.0,0.0,0.0,0.0,0.0,0.0,0.0,0.0,0.0,0.0,0.0
1999-10-11,0.0,0.0,0.0,0.0,0.0,0.0,0.0,0.0,0.0,0.0,0.0,0.0,0.0,0.0,0.0,0.0,0.0
1999-10-14,0.0,0.0,0.0,0.0,0.0,0.0,0.0,0.0,0.0,0.0,0.0,0.0,0.0,0.0,0.0,0.0,0.0
1999-10-27,0.0,0.0,0.0,0.0,0.0,0.0,0.0,0.0,0.0,0.0,0.0,0.0,0.0,0.0,0.0,0.0,0.0
1999-11-01,0.0,0.0,0.0,0.0,0.0,0.0,0.0,0.0,0.0,0.0,0.0,0.0,0.0,0.0,0.0,0.0,0.0
1999-11-03,0.0,0.0,0.0,0.0,0.0,0.0,0.0,0.0,0.0,0.0,0.0,0.0,0.0,0.0,0.0,0.0,0.0
1999-11-06,0.0,0.0,0.0,0.0,0.0,0.0,0.0,0.0,0.0,0.0,0.0,0.0,0.0,0.0,0.0,0.0,0.0
1999-11-09,0.0,0.0,0.0,0.0,0.0,0.0,0.0,0.0,0.0,0.0,0.0,0.0,0.0,0.0,0.0,0.0,0.0
1999-11-10,0.0,0.0,0.0,0.0,0.0,0.0,0.0,0.0,0.0,0.0,0.0,0.0,0.0,0.0,0.0,0.0,0.0
1999-11-11,0.0,0.0,0.0,0.0,0.0,0.0,0.0,0.0,0.0,0.0,0.0,0.0,0.0,0.0,0.0,0.0,0.0
1999-11-18,0.0,0.0,0.0,0.0,0.0,0.0,0.0,0.0,0.0,0.0,0.0,0.0,0.0,0.0,0.0,0.0,0.0
1999-11-22,0.0,0.0,0.0,0.0,0.0,0.0,0.0,0.0,0.0,0.0,0.0,0.0,0.0,0.0,0.0,0.0,0.0
1999-11-23,0.0,0.0,0.0,0.0,0.0,0.0,0.0,0.0,0.0,0.0,0.0,0.0,0.0,0.0,0.0,0.0,0.0
1999-11-24,0.0,0.0,0.0,0.0,0.0,0.0,0.0,0.0,0.0,0.0,0.0,0.0,0.0,0.0,0.0,0.0,0.0
1999-11-26,0.0,0.0,0.0,0.0,0.0,0.0,0.0,0.0,0.0,0.0,0.0,0.0,0.0,0.0,0.0,0.0,0.0
1999-11-29,0.0,0.0,0.0,0.0,0.0,0.0,0.0,0.0,0.0,0.0,0.0,0.0,0.0,0.0,0.0,0.0,0.0
1999-12-01,0.0,0.0,0.0,0.0,0.0,0.0,0.0,0.0,0.0,0.0,0.0,0.0,0.0,0.0,0.0,0.0,0.0
1999-12-03,0.0,0.0,0.0,0.0,0.0,0.0,0.0,0.0,0.0,0.0,0.0,0.0,0.0,0.0,0.0,0.0,0.0
1999-12-04,0.0,0.0,0.0,0.0,0.0,0.0,0.0,0.0,0.0,0.0,0.0,0.0,0.0,0.0,0.0,0.0,0.0
1999-12-09,0.0,0.0,0.0,0.0,0.0,0.0,0.0,0.0,0.0,0.0,0.0,0.0,0.0,0.0,0.0,0.0,0.0
1999-12-10,0.0,0.0,0.0,0.0,0.0,0.0,0.0,0.0,0.0,0.0,0.0,0.0,0.0,0.0,0.0,0.0,0.0
1999-12-13,0.0,0.0,0.0,0.0,0.0,0.0,0.0,0.0,0.0,0.0,0.0,0.0,0.0,0.0,0.0,0.0,0.0
1999-12-14,0.0,0.0,0.0,0.0,0.0,0.0,0.0,0.0,0.0,0.0,0.0,0.0,0.0,0.0,0.0,0.0,0.0
1999-12-18,0.0,0.0,0.0,0.0,0.0,0.0,0.0,0.0,0.0,0.0,0.0,0.0,0.0,0.0,0.0,0.0,0.0
1999-12-21,0.0,0.0,0.0,0.0,0.0,0.0,0.0,0.0,0.0,0.0,0.0,0.0,0.0,0.0,0.0,0.0,0.0
1999-12-22,0.0,0.0,0.0,0.0,0.0,0.0,0.0,0.0,0.0,0.0,0.0,0.0,0.0,0.0,0.0,0.0,0.0
1999-12-23,0.0,0.0,0.0,0.0,0.0,0.0,0.0,0.0,0.0,0.0,0.0,0.0,0.0,0.0,0.0,0.0,0.0
2000-01-04,0.0,0.0,0.0,0.0,0.0,0.0,0.0,0.0,0.0,0.0,0.0,0.0,0.0,0.0,0.0,0.0,0.0
2000-01-05,0.0,0.0,0.0,0.0,0.0,0.0,0.0,0.0,0.0,0.0,0.0,0.0,0.0,0.0,0.0,0.0,0.0
2000-01-06,0.0,0.0,0.0,0.0,0.0,0.0,0.0,0.0,0.0,0.0,0.0,0.0,0.0,0.0,0.0,0.0,0.0
2000-01-07,0.0,0.0,0.0,0.0,0.0,0.0,0.0,0.0,0.0,0.0,0.0,0.0,0.0,0.0,0.0,0.0,0.0
2000-01-10,0.0,0.0,0.0,0.0,0.0,0.0,0.0,0.0,0.0,0.0,0.0,0.0,0.0,0.0,0.0,0.0,0.0
2000-01-11,0.0,0.0,0.0,0.0,0.0,0.0,0.0,0.0,0.0,0.0,0.0,0.0,0.0,0.0,0.0,0.0,0.0
2000-01-12,0.0,0.0,0.0,0.0,0.0,0.0,0.0,0.0,0.0,0.0,0.0,0.0,0.0,0.0,0.0,0.0,0.0
2000-01-13,0.0,0.0,0.0,0.0,0.0,0.0,0.0,0.0,0.0,0.0,0.0,0.0,0.0,0.0,0.0,0.0,0.0
2000-01-14,0.0,0.0,0.0,0.0,0.0,0.0,0.0,0.0,0.0,0.0,0.0,0.0,0.0,0.0,0.0,0.0,0.0
2000-01-15,0.0,0.0,0.0,0.0,0.0,0.0,0.0,0.0,0.0,0.0,0.0,0.0,0.0,0.0,0.0,0.0,0.0
2000-01-17,0.0,0.0,0.0,0.0,0.0,0.0,0.0,0.0,0.0,0.0,0.0,0.0,0.0,0.0,0.0,0.0,0.0
2000-01-18,0.0,0.0,0.0,0.0,0.0,0.0,0.0,0.0,0.0,0.0,0.0,0.0,0.0,0.0,0.0,0.0,0.0
2000-01-19,0.0,0.0,0.0,0.0,0.0,0.0,0.0,0.0,0.0,0.0,0.0,0.0,0.0,0.0,0.0,0.0,0.0
2000-01-20,0.0,0.0,0.0,0.0,0.0,0.0,0.0,0.0,0.0,0.0,0.0,0.0,0.0,0.0,0.0,0.0,0.0
2000-01-21,0.0,0.0,0.0,0.0,0.0,0.0,0.0,0.0,0.0,0.0,0.0,0.0,0.0,0.0,0.0,0.0,0.0
2000-01-24,0.0,0.0,0.0,0.0,0.0,0.0,0.0,0.0,0.0,0.0,0.0,0.0,0.0,0.0,0.0,0.0,0.0
2000-01-25,0.0,0.0,0.0,0.0,0.0,0.0,0.0,0.0,0.0,0.0,0.0,0.0,0.0,0.0,0.0,0.0,0.0
2000-01-26,0.0,0.0,0.0,0.0,0.0,0.0,0.0,0.0,0.0,0.0,0.0,0.0,0.0,0.0,0.0,0.0,0.0
2000-01-27,0.0,0.0,0.0,0.0,0.0,0.0,0.0,0.0,0.0,0.0,0.0,0.0,0.0,0.0,0.0,0.0,0.0
2000-01-28,0.0,0.0,0.0,0.0,0.0,0.0,0.0,0.0,0.0,0.0,0.0,0.0,0.0,0.0,0.0,0.0,0.0
2000-01-29,0.0,0.0,0.0,0.0,0.0,0.0,0.0,0.0,0.0,0.0,0.0,0.0,0.0,0.0,0.0,0.0,0.0
2000-01-31,0.0,0.0,0.0,0.0,0.0,0.0,0.0,0.0,0.0,0.0,0.0,0.0,0.0,0.0,0.0,0.0,0.0
2000-02-01,0.0,0.0,0.0,0.0,0.0,0.0,0.0,0.0,0.0,0.0,0.0,0.0,0.0,0.0,0.0,0.0,0.0
2000-02-09,0.0,0.0,0.0,0.0,0.0,0.0,0.0,0.0,0.0,0.0,0.0,0.0,0.0,0.0,0.0,0.0,0.0
2000-02-10,0.0,0.0,0.0,0.0,0.0,0.0,0.0,0.0,0.0,0.0,0.0,0.0,0.0,0.0,0.0,0.0,0.0
2000-02-11,0.0,0.0,0.0,0.0,0.0,0.0,0.0,0.0,0.0,0.0,0.0,0.0,0.0,0.0,0.0,0.0,0.0
2000-02-14,0.0,0.0,0.0,0.0,0.0,0.0,0.0,0.0,0.0,0.0,0.0,0.0,0.0,0.0,0.0,0.0,0.0
2000-02-15,0.0,0.0,0.0,0.0,0.0,0.0,0.0,0.0,0.0,0.0,0.0,0.0,0.0,0.0,0.0,0.0,0.0
2000-02-16,0.0,0.0,0.0,0.0,0.0,0.0,0.0,0.0,0.0,0.0,0.0,0.0,0.0,0.0,0.0,0.0,0.0
2000-02-17,0.0,0.0,0.0,0.0,0.0,0.0,0.0,0.0,0.0,0.0,0.0,0.0,0.0,0.0,0.0,0.0,0.0
2000-02-18,0.0,0.0,0.0,0.0,0.0,0.0,0.0,0.0,0.0,0.0,0.0,0.0,0.0,0.0,0.0,0.0,0.0
2000-02-19,0.0,0.0,0.0,0.0,0.0,0.0,0.0,0.0,0.0,0.0,0.0,0.0,0.0,0.0,0.0,0.0,0.0
2000-02-21,0.0,0.0,0.0,0.0,0.0,0.0,0.0,0.0,0.0,0.0,0.0,0.0,0.0,0.0,0.0,0.0,0.0
2000-02-22,0.0,0.0,0.0,0.0,0.0,0.0,0.0,0.0,0.0,0.0,0.0,0.0,0.0,0.0,0.0,0.0,0.0
2000-02-23,0.0,0.0,0.0,0.0,0.0,0.0,0.0,0.0,0.0,0.0,0.0,0.0,0.0,0.0,0.0,0.0,0.0
2000-02-24,0.0,0.0,0.0,0.0,0.0,0.0,0.0,0.0,0.0,0.0,0.0,0.0,0.0,0.0,0.0,0.0,0.0
2000-02-25,0.0,0.0,0.0,0.0,0.0,0.0,0.0,0.0,0.0,0.0,0.0,0.0,0.0,0.0,0.0,0.0,0.0
2000-02-29,0.0,0.0,0.0,0.0,0.0,0.0,0.0,0.0,0.0,0.0,0.0,0.0,0.0,0.0,0.0,0.0,0.0
2000-03-01,0.0,0.0,0.0,0.0,0.0,0.0,0.0,0.0,0.0,0.0,0.0,0.0,0.0,0.0,0.0,0.0,0.0
2000-03-02,0.0,0.0,0.0,0.0,0.0,0.0,0.0,0.0,0.0,0.0,0.0,0.0,0.0,0.0,0.0,0.0,0.0
2000-03-03,0.0,0.0,0.0,0.0,0.0,0.0,0.0,0.0,0.0,0.0,0.0,0.0,0.0,0.0,0.0,0.0,0.0
2000-03-04,0.0,0.0,0.0,0.0,0.0,0.0,0.0,0.0,0.0,0.0,0.0,0.0,0.0,0.0,0.0,0.0,0.0
2000-03-06,0.0,0.0,0.0,0.0,0.0,0.0,0.0,0.0,0.0,0.0,0.0,0.0,0.0,0.0,0.0,0.0,0.0
2000-03-07,0.0,0.0,0.0,0.0,0.0,0.0,0.0,0.0,0.0,0.0,0.0,0.0,0.0,0.0,0.0,0.0,0.0
2000-03-08,0.0,0.0,0.0,0.0,0.0,0.0,0.0,0.0,0.0,0.0,0.0,0.0,0.0,0.0,0.0,0.0,0.0
2000-03-09,0.0,0.0,0.0,0.0,0.0,0.0,0.0,0.0,0.0,0.0,0.0,0.0,0.0,0.0,0.0,0.0,0.0
2000-03-10,0.0,0.0,0.0,0.0,0.0,0.0,0.0,0.0,0.0,0.0,0.0,0.0,0.0,0.0,0.0,0.0,0.0
2000-03-13,0.0,0.0,0.0,0.0,0.0,0.0,0.0,0.0,0.0,0.0,0.0,0.0,0.0,0.0,0.0,0.0,0.0
2000-03-14,0.0,0.0,0.0,0.0,0.0,0.0,0.0,0.0,0.0,0.0,0.0,0.0,0.0,0.0,0.0,0.0,0.0
2000-03-15,0.0,0.0,0.0,0.0,0.0,0.0,0.0,0.0,0.0,0.0,0.0,0.0,0.0,0.0,0.0,0.0,0.0
2000-03-16,0.0,0.0,0.0,0.0,0.0,0.0,0.0,0.0,0.0,0.0,0.0,0.0,0.0,0.0,0.0,0.0,0.0
2000-03-17,0.0,0.0,0.0,0.0,0.0,0.0,0.0,0.0,0.0,0.0,0.0,0.0,0.0,0.0,0.0,0.0,0.0
2000-03-20,0.0,0.0,0.0,0.0,0.0,0.0,0.0,0.0,0.0,0.0,0.0,0.0,0.0,0.0,0.0,0.0,0.0
2000-03-21,0.0,0.0,0.0,0.0,0.0,0.0,0.0,0.0,0.0,0.0,0.0,0.0,0.0,0.0,0.0,0.0,0.0
2000-03-22,0.0,0.0,0.0,0.0,0.0,0.0,0.0,0.0,0.0,0.0,0.0,0.0,0.0,0.0,0.0,0.0,0.0
2000-03-23,0.0,0.0,0.0,0.0,0.0,0.0,0.0,0.0,0.0,0.0,0.0,0.0,0.0,0.0,0.0,0.0,0.0
2000-03-24,0.0,0.0,0.0,0.0,0.0,0.0,0.0,0.0,0.0,0.0,0.0,0.0,0.0,0.0,0.0,0.0,0.0
2000-03-27,0.0,0.0,0.0,0.0,0.0,0.0,0.0,0.0,0.0,0.0,0.0,0.0,0.0,0.0,0.0,0.0,0.0
2000-03-28,0.0,0.0,0.0,0.0,0.0,0.0,0.0,0.0,0.0,0.0,0.0,0.0,0.0,0.0,0.0,0.0,0.0
2000-03-29,0.0,0.0,0.0,0.0,0.0,0.0,0.0,0.0,0.0,0.0,0.0,0.0,0.0,0.0,0.0,0.0,0.0
2000-03-30,0.0,0.0,0.0,0.0,0.0,0.0,0.0,0.0,0.0,0.0,0.0,0.0,0.0,0.0,0.0,0.0,0.0
2000-03-31,0.0,0.0,0.0,0.0,0.0,0.0,0.0,0.0,0.0,0.0,0.0,0.0,0.0,0.0,0.0,0.0,0.0
2000-04-01,0.0,0.0,0.0,0.0,0.0,0.0,0.0,0.0,0.0,0.0,0.0,0.0,0.0,0.0,0.0,0.0,0.0
2000-04-05,0.0,0.0,0.0,0.0,0.0,0.0,0.0,0.0,0.0,0.0,0.0,0.0,0.0,0.0,0.0,0.0,0.0
2000-04-06,0.0,0.0,0.0,0.0,0.0,0.0,0.0,0.0,0.0,0.0,0.0,0.0,0.0,0.0,0.0,0.0,0.0
2000-04-07,0.0,0.0,0.0,0.0,0.0,0.0,0.0,0.0,0.0,0.0,0.0,0.0,0.0,0.0,0.0,0.0,0.0
2000-04-08,0.0,0.0,0.0,0.0,0.0,0.0,0.0,0.0,0.0,0.0,0.0,0.0,0.0,0.0,0.0,0.0,0.0
2000-04-10,0.0,0.0,0.0,0.0,0.0,0.0,0.0,0.0,0.0,0.0,0.0,0.0,0.0,0.0,0.0,0.0,0.0
2000-04-11,0.0,0.0,0.0,0.0,0.0,0.0,0.0,0.0,0.0,0.0,0.0,0.0,0.0,0.0,0.0,0.0,0.0
2000-04-12,0.0,0.0,0.0,0.0,0.0,0.0,0.0,0.0,0.0,0.0,0.0,0.0,0.0,0.0,0.0,0.0,0.0
2000-04-13,0.0,0.0,0.0,0.0,0.0,0.0,0.0,0.0,0.0,0.0,0.0,0.0,0.0,0.0,0.0,0.0,0.0
2000-04-14,0.0,0.0,0.0,0.0,0.0,0.0,0.0,0.0,0.0,0.0,0.0,0.0,0.0,0.0,0.0,0.0,0.0
2000-04-15,0.0,0.0,0.0,0.0,0.0,0.0,0.0,0.0,0.0,0.0,0.0,0.0,0.0,0.0,0.0,0.0,0.0
2000-04-17,0.0,0.0,0.0,0.0,0.0,0.0,0.0,0.0,0.0,0.0,0.0,0.0,0.0,0.0,0.0,0.0,0.0
2000-04-18,0.0,0.0,0.0,0.0,0.0,0.0,0.0,0.0,0.0,0.0,0.0,0.0,0.0,0.0,0.0,0.0,0.0
2000-04-19,0.0,0.0,0.0,0.0,0.0,0.0,0.0,0.0,0.0,0.0,0.0,0.0,0.0,0.0,0.0,0.0,0.0
2000-04-20,0.0,0.0,0.0,0.0,0.0,0.0,0.0,0.0,0.0,0.0,0.0,0.0,0.0,0.0,0.0,0.0,0.0
2000-04-21,0.0,0.0,0.0,0.0,0.0,0.0,0.0,0.0,0.0,0.0,0.0,0.0,0.0,0.0,0.0,0.0,0.0
2000-04-24,0.0,0.0,0.0,0.0,0.0,0.0,0.0,0.0,0.0,0.0,0.0,0.0,0.0,0.0,0.0,0.0,0.0
2000-04-25,0.0,0.0,0.0,0.0,0.0,0.0,0.0,0.0,0.0,0.0,0.0,0.0,0.0,0.0,0.0,0.0,0.0
2000-04-26,0.0,0.0,0.0,0.0,0.0,0.0,0.0,0.0,0.0,0.0,0.0,0.0,0.0,0.0,0.0,0.0,0.0
2000-04-27,0.0,0.0,0.0,0.0,0.0,0.0,0.0,0.0,0.0,0.0,0.0,0.0,0.0,0.0,0.0,0.0,0.0
2000-04-28,0.0,0.0,0.0,0.0,0.0,0.0,0.0,0.0,0.0,0.0,0.0,0.0,0.0,0.0,0.0,0.0,0.0
2000-04-29,0.0,0.0,0.0,0.0,0.0,0.0,0.0,0.0,0.0,0.0,0.0,0.0,0.0,0.0,0.0,0.0,0.0
2000-05-02,0.0,0.0,0.0,0.0,0.0,0.0,0.0,0.0,0.0,0.0,0.0,0.0,0.0,0.0,0.0,0.0,0.0
2000-05-03,0.0,0.0,0.0,0.0,0.0,0.0,0.0,0.0,0.0,0.0,0.0,0.0,0.0,0.0,0.0,0.0,0.0
2000-05-04,0.0,0.0,0.0,0.0,0.0,0.0,0.0,0.0,0.0,0.0,0.0,0.0,0.0,0.0,0.0,0.0,0.0
2000-05-05,0.0,0.0,0.0,0.0,0.0,0.0,0.0,0.0,0.0,0.0,0.0,0.0,0.0,0.0,0.0,0.0,0.0
2000-05-06,0.0,0.0,0.0,0.0,0.0,0.0,0.0,0.0,0.0,0.0,0.0,0.0,0.0,0.0,0.0,0.0,0.0
2000-05-08,0.0,0.0,0.0,0.0,0.0,0.0,0.0,0.0,0.0,0.0,0.0,0.0,0.0,0.0,0.0,0.0,0.0
2000-05-09,0.0,0.0,0.0,0.0,0.0,0.0,0.0,0.0,0.0,0.0,0.0,0.0,0.0,0.0,0.0,0.0,0.0
2000-05-10,0.0,0.0,0.0,0.0,0.0,0.0,0.0,0.0,0.0,0.0,0.0,0.0,0.0,0.0,0.0,0.0,0.0
2000-05-11,0.0,0.0,0.0,0.0,0.0,0.0,0.0,0.0,0.0,0.0,0.0,0.0,0.0,0.0,0.0,0.0,0.0
2000-05-12,0.0,0.0,0.0,0.0,0.0,0.0,0.0,0.0,0.0,0.0,0.0,0.0,0.0,0.0,0.0,0.0,0.0
2000-05-15,0.0,0.0,0.0,0.0,0.0,0.0,0.0,0.0,0.0,0.0,0.0,0.0,0.0,0.0,0.0,0.0,0.0
2000-05-16,0.0,0.0,0.0,0.0,0.0,0.0,0.0,0.0,0.0,0.0,0.0,0.0,0.0,0.0,0.0,0.0,0.0
2000-05-17,0.0,0.0,0.0,0.0,0.0,0.0,0.0,0.0,0.0,0.0,0.0,0.0,0.0,0.0,0.0,0.0,0.0
2000-05-18,0.0,0.0,0.0,0.0,0.0,0.0,0.0,0.0,0.0,0.0,0.0,0.0,0.0,0.0,0.0,0.0,0.0
2000-05-19,0.0,0.0,0.0,0.0,0.0,0.0,0.0,0.0,0.0,0.0,0.0,0.0,0.0,0.0,0.0,0.0,0.0
2000-05-20,0.0,0.0,0.0,0.0,0.0,0.0,0.0,0.0,0.0,0.0,0.0,0.0,0.0,0.0,0.0,0.0,0.0
2000-05-22,0.0,0.0,0.0,0.0,0.0,0.0,0.0,0.0,0.0,0.0,0.0,0.0,0.0,0.0,0.0,0.0,0.0
2000-05-23,0.0,0.0,0.0,0.0,0.0,0.0,0.0,0.0,0.0,0.0,0.0,0.0,0.0,0.0,0.0,0.0,0.0
2000-05-24,0.0,0.0,0.0,0.0,0.0,0.0,0.0,0.0,0.0,0.0,0.0,0.0,0.0,0.0,0.0,0.0,0.0
2000-05-25,0.0,0.0,0.0,0.0,0.0,0.0,0.0,0.0,0.0,0.0,0.0,0.0,0.0,0.0,0.0,0.0,0.0
2000-05-26,0.0,0.0,0.0,0.0,0.0,0.0,0.0,0.0,0.0,0.0,0.0,0.0,0.0,0.0,0.0,0.0,0.0
2000-05-29,0.0,0.0,0.0,0.0,0.0,0.0,0.0,0.0,0.0,0.0,0.0,0.0,0.0,0.0,0.0,0.0,0.0
2000-05-30,0.0,0.0,0.0,0.0,0.0,0.0,0.0,0.0,0.0,0.0,0.0,0.0,0.0,0.0,0.0,0.0,0.0
2000-05-31,0.0,0.0,0.0,0.0,0.0,0.0,0.0,0.0,0.0,0.0,0.0,0.0,0.0,0.0,0.0,0.0,0.0
2000-06-01,0.0,0.0,0.0,0.0,0.0,0.0,0.0,0.0,0.0,0.0,0.0,0.0,0.0,0.0,0.0,0.0,0.0
2000-06-02,0.0,0.0,0.0,0.0,0.0,0.0,0.0,0.0,0.0,0.0,0.0,0.0,0.0,0.0,0.0,0.0,0.0
2000-06-03,0.0,0.0,0.0,0.0,0.0,0.0,0.0,0.0,0.0,0.0,0.0,0.0,0.0,0.0,0.0,0.0,0.0
2000-06-05,0.0,0.0,0.0,0.0,0.0,0.0,0.0,0.0,0.0,0.0,0.0,0.0,0.0,0.0,0.0,0.0,0.0
2000-06-07,0.0,0.0,0.0,0.0,0.0,0.0,0.0,0.0,0.0,0.0,0.0,0.0,0.0,0.0,0.0,0.0,0.0
2000-06-08,0.0,0.0,0.0,0.0,0.0,0.0,0.0,0.0,0.0,0.0,0.0,0.0,0.0,0.0,0.0,0.0,0.0
2000-06-09,0.0,0.0,0.0,0.0,0.0,0.0,0.0,0.0,0.0,0.0,0.0,0.0,0.0,0.0,0.0,0.0,0.0
2000-06-12,0.0,0.0,0.0,0.0,0.0,0.0,0.0,0.0,0.0,0.0,0.0,0.0,0.0,0.0,0.0,0.0,0.0
2000-06-13,0.0,0.0,0.0,0.0,0.0,0.0,0.0,0.0,0.0,0.0,0.0,0.0,0.0,0.0,0.0,0.0,0.0
2000-06-14,0.0,0.0,0.0,0.0,0.0,0.0,0.0,0.0,0.0,0.0,0.0,0.0,0.0,0.0,0.0,0.0,0.0
2000-06-15,0.0,0.0,0.0,0.0,0.0,0.0,0.0,0.0,0.0,0.0,0.0,0.0,0.0,0.0,0.0,0.0,0.0
2000-06-16,0.0,0.0,0.0,0.0,0.0,0.0,0.0,0.0,0.0,0.0,0.0,0.0,0.0,0.0,0.0,0.0,0.0
2000-06-17,0.0,0.0,0.0,0.0,0.0,0.0,0.0,0.0,0.0,0.0,0.0,0.0,0.0,0.0,0.0,0.0,0.0
2000-06-19,0.0,0.0,0.0,0.0,0.0,0.0,0.0,0.0,0.0,0.0,0.0,0.0,0.0,0.0,0.0,0.0,0.0
2000-06-20,0.0,0.0,0.0,0.0,0.0,0.0,0.0,0.0,0.0,0.0,0.0,0.0,0.0,0.0,0.0,0.0,0.0
2000-06-21,0.0,0.0,0.0,0.0,0.0,0.0,0.0,0.0,0.0,0.0,0.0,0.0,0.0,0.0,0.0,0.0,0.0
2000-06-22,0.0,0.0,0.0,0.0,0.0,0.0,0.0,0.0,0.0,0.0,0.0,0.0,0.0,0.0,0.0,0.0,0.0
2000-06-23,0.0,0.0,0.0,0.0,0.0,0.0,0.0,0.0,0.0,0.0,0.0,0.0,0.0,0.0,0.0,0.0,0.0
2000-06-26,0.0,0.0,0.0,0.0,0.0,0.0,0.0,0.0,0.0,0.0,0.0,0.0,0.0,0.0,0.0,0.0,0.0
2000-06-27,0.0,0.0,0.0,0.0,0.0,0.0,0.0,0.0,0.0,0.0,0.0,0.0,0.0,0.0,0.0,0.0,0.0
2000-06-28,0.0,0.0,0.0,0.0,0.0,0.0,0.0,0.0,0.0,0.0,0.0,0.0,0.0,0.0,0.0,0.0,0.0
2000-06-29,0.0,0.0,0.0,0.0,0.0,0.0,0.0,0.0,0.0,0.0,0.0,0.0,0.0,0.0,0.0,0.0,0.0
2000-06-30,0.0,0.0,0.0,0.0,0.0,0.0,0.0,0.0,0.0,0.0,0.0,0.0,0.0,0.0,0.0,0.0,0.0
2000-07-03,0.0,0.0,0.0,0.0,0.0,0.0,0.0,0.0,0.0,0.0,0.0,0.0,0.0,0.0,0.0,0.0,0.0
2000-07-04,0.0,0.0,0.0,0.0,0.0,0.0,0.0,0.0,0.0,0.0,0.0,0.0,0.0,0.0,0.0,0.0,0.0
2000-07-05,0.0,0.0,0.0,0.0,0.0,0.0,0.0,0.0,0.0,0.0,0.0,0.0,0.0,0.0,0.0,0.0,0.0
2000-07-06,0.0,0.0,0.0,0.0,0.0,0.0,0.0,0.0,0.0,0.0,0.0,0.0,0.0,0.0,0.0,0.0,0.0
2000-07-07,0.0,0.0,0.0,0.0,0.0,0.0,0.0,0.0,0.0,0.0,0.0,0.0,0.0,0.0,0.0,0.0,0.0
2000-07-10,0.0,0.0,0.0,0.0,0.0,0.0,0.0,0.0,0.0,0.0,0.0,0.0,0.0,0.0,0.0,0.0,0.0
2000-07-11,0.0,0.0,0.0,0.0,0.0,0.0,0.0,0.0,0.0,0.0,0.0,0.0,0.0,0.0,0.0,0.0,0.0
2000-07-12,0.0,0.0,0.0,0.0,0.0,0.0,0.0,0.0,0.0,0.0,0.0,0.0,0.0,0.0,0.0,0.0,0.0
2000-07-13,0.0,0.0,0.0,0.0,0.0,0.0,0.0,0.0,0.0,0.0,0.0,0.0,0.0,0.0,0.0,0.0,0.0
2000-07-14,0.0,0.0,0.0,0.0,0.0,0.0,0.0,0.0,0.0,0.0,0.0,0.0,0.0,0.0,0.0,0.0,0.0
2000-07-15,0.0,0.0,0.0,0.0,0.0,0.0,0.0,0.0,0.0,0.0,0.0,0.0,0.0,0.0,0.0,0.0,0.0
2000-07-17,0.0,0.0,0.0,0.0,0.0,0.0,0.0,0.0,0.0,0.0,0.0,0.0,0.0,0.0,0.0,0.0,0.0
2000-07-18,0.0,0.0,0.0,0.0,0.0,0.0,0.0,0.0,0.0,0.0,0.0,0.0,0.0,0.0,0.0,0.0,0.0
2000-07-19,0.0,0.0,0.0,0.0,0.0,0.0,0.0,0.0,0.0,0.0,0.0,0.0,0.0,0.0,0.0,0.0,0.0
2000-07-20,0.0,0.0,0.0,0.0,0.0,0.0,0.0,0.0,0.0,0.0,0.0,0.0,0.0,0.0,0.0,0.0,0.0
2000-07-21,0.0,0.0,0.0,0.0,0.0,0.0,0.0,0.0,0.0,0.0,0.0,0.0,0.0,0.0,0.0,0.0,0.0
2000-07-24,0.0,0.0,0.0,0.0,0.0,0.0,0.0,0.0,0.0,0.0,0.0,0.0,0.0,0.0,0.0,0.0,0.0
2000-07-25,0.0,0.0,0.0,0.0,0.0,0.0,0.0,0.0,0.0,0.0,0.0,0.0,0.0,0.0,0.0,0.0,0.0
2000-07-26,0.0,0.0,0.0,0.0,0.0,0.0,0.0,0.0,0.0,0.0,0.0,0.0,0.0,0.0,0.0,0.0,0.0
2000-07-27,0.0,0.0,0.0,0.0,0.0,0.0,0.0,0.0,0.0,0.0,0.0,0.0,0.0,0.0,0.0,0.0,0.0
2000-07-28,0.0,0.0,0.0,0.0,0.0,0.0,0.0,0.0,0.0,0.0,0.0,0.0,0.0,0.0,0.0,0.0,0.0
2000-07-29,0.0,0.0,0.0,0.0,0.0,0.0,0.0,0.0,0.0,0.0,0.0,0.0,0.0,0.0,0.0,0.0,0.0
2000-07-31,0.0,0.0,0.0,0.0,0.0,0.0,0.0,0.0,0.0,0.0,0.0,0.0,0.0,0.0,0.0,0.0,0.0
2000-08-01,0.0,0.0,0.0,0.0,0.0,0.0,0.0,0.0,0.0,0.0,0.0,0.0,0.0,0.0,0.0,0.0,0.0
2000-08-02,0.0,0.0,0.0,0.0,0.0,0.0,0.0,0.0,0.0,0.0,0.0,0.0,0.0,0.0,0.0,0.0,0.0
2000-08-03,0.0,0.0,0.0,0.0,0.0,0.0,0.0,0.0,0.0,0.0,0.0,0.0,0.0,0.0,0.0,0.0,0.0
2000-08-04,0.0,0.0,0.0,0.0,0.0,0.0,0.0,0.0,0.0,0.0,0.0,0.0,0.0,0.0,0.0,0.0,0.0
2000-08-05,0.0,0.0,0.0,0.0,0.0,0.0,0.0,0.0,0.0,0.0,0.0,0.0,0.0,0.0,0.0,0.0,0.0
2000-08-07,0.0,0.0,0.0,0.0,0.0,0.0,0.0,0.0,0.0,0.0,0.0,0.0,0.0,0.0,0.0,0.0,0.0
2000-08-08,0.0,0.0,0.0,0.0,0.0,0.0,0.0,0.0,0.0,0.0,0.0,0.0,0.0,0.0,0.0,0.0,0.0
2000-08-09,0.0,0.0,0.0,0.0,0.0,0.0,0.0,0.0,0.0,0.0,0.0,0.0,0.0,0.0,0.0,0.0,0.0
2000-08-10,0.0,0.0,0.0,0.0,0.0,0.0,0.0,0.0,0.0,0.0,0.0,0.0,0.0,0.0,0.0,0.0,0.0
2000-08-11,0.0,0.0,0.0,0.0,0.0,0.0,0.0,0.0,0.0,0.0,0.0,0.0,0.0,0.0,0.0,0.0,0.0
2000-08-14,0.0,0.0,0.0,0.0,0.0,0.0,0.0,0.0,0.0,0.0,0.0,0.0,0.0,0.0,0.0,0.0,0.0
2000-08-15,0.0,0.0,0.0,0.0,0.0,0.0,0.0,0.0,0.0,0.0,0.0,0.0,0.0,0.0,0.0,0.0,0.0
2000-08-16,0.0,0.0,0.0,0.0,0.0,0.0,0.0,0.0,0.0,0.0,0.0,0.0,0.0,0.0,0.0,0.0,0.0
2000-08-17,0.0,0.0,0.0,0.0,0.0,0.0,0.0,0.0,0.0,0.0,0.0,0.0,0.0,0.0,0.0,0.0,0.0
2000-08-18,0.0,0.0,0.0,0.0,0.0,0.0,0.0,0.0,0.0,0.0,0.0,0.0,0.0,0.0,0.0,0.0,0.0
2000-08-19,0.0,0.0,0.0,0.0,0.0,0.0,0.0,0.0,0.0,0.0,0.0,0.0,0.0,0.0,0.0,0.0,0.0
2000-08-21,0.0,0.0,0.0,0.0,0.0,0.0,0.0,0.0,0.0,0.0,0.0,0.0,0.0,0.0,0.0,0.0,0.0
2000-08-22,0.0,0.0,0.0,0.0,0.0,0.0,0.0,0.0,0.0,0.0,0.0,0.0,0.0,0.0,0.0,0.0,0.0
2000-08-24,0.0,0.0,0.0,0.0,0.0,0.0,0.0,0.0,0.0,0.0,0.0,0.0,0.0,0.0,0.0,0.0,0.0
2000-08-25,0.0,0.0,0.0,0.0,0.0,0.0,0.0,0.0,0.0,0.0,0.0,0.0,0.0,0.0,0.0,0.0,0.0
2000-08-28,0.0,0.0,0.0,0.0,0.0,0.0,0.0,0.0,0.0,0.0,0.0,0.0,0.0,0.0,0.0,0.0,0.0
2000-08-29,0.0,0.0,0.0,0.0,0.0,0.0,0.0,0.0,0.0,0.0,0.0,0.0,0.0,0.0,0.0,0.0,0.0
2000-08-30,0.0,0.0,0.0,0.0,0.0,0.0,0.0,0.0,0.0,0.0,0.0,0.0,0.0,0.0,0.0,0.0,0.0
2000-08-31,0.0,0.0,0.0,0.0,0.0,0.0,0.0,0.0,0.0,0.0,0.0,0.0,0.0,0.0,0.0,0.0,0.0
2000-09-01,0.0,0.0,0.0,0.0,0.0,0.0,0.0,0.0,0.0,0.0,0.0,0.0,0.0,0.0,0.0,0.0,0.0
2000-09-02,0.0,0.0,0.0,0.0,0.0,0.0,0.0,0.0,0.0,0.0,0.0,0.0,0.0,0.0,0.0,0.0,0.0
2000-09-04,0.0,0.0,0.0,0.0,0.0,0.0,0.0,0.0,0.0,0.0,0.0,0.0,0.0,0.0,0.0,0.0,0.0
2000-09-05,0.0,0.0,0.0,0.0,0.0,0.0,0.0,0.0,0.0,0.0,0.0,0.0,0.0,0.0,0.0,0.0,0.0
2000-09-06,0.0,0.0,0.0,0.0,0.0,0.0,0.0,0.0,0.0,0.0,0.0,0.0,0.0,0.0,0.0,0.0,0.0
2000-09-07,0.0,0.0,0.0,0.0,0.0,0.0,0.0,0.0,0.0,0.0,0.0,0.0,0.0,0.0,0.0,0.0,0.0
2000-09-08,0.0,0.0,0.0,0.0,0.0,0.0,0.0,0.0,0.0,0.0,0.0,0.0,0.0,0.0,0.0,0.0,0.0
2000-09-11,0.0,0.0,0.0,0.0,0.0,0.0,0.0,0.0,0.0,0.0,0.0,0.0,0.0,0.0,0.0,0.0,0.0
2000-09-13,0.0,0.0,0.0,0.0,0.0,0.0,0.0,0.0,0.0,0.0,0.0,0.0,0.0,0.0,0.0,0.0,0.0
2000-09-14,0.0,0.0,0.0,0.0,0.0,0.0,0.0,0.0,0.0,0.0,0.0,0.0,0.0,0.0,0.0,0.0,0.0
2000-09-15,0.0,0.0,0.0,0.0,0.0,0.0,0.0,0.0,0.0,0.0,0.0,0.0,0.0,0.0,0.0,0.0,0.0
2000-09-16,0.0,0.0,0.0,0.0,0.0,0.0,0.0,0.0,0.0,0.0,0.0,0.0,0.0,0.0,0.0,0.0,0.0
2000-09-18,0.0,0.0,0.0,0.0,0.0,0.0,0.0,0.0,0.0,0.0,0.0,0.0,0.0,0.0,0.0,0.0,0.0
2000-09-19,0.0,0.0,0.0,0.0,0.0,0.0,0.0,0.0,0.0,0.0,0.0,0.0,0.0,0.0,0.0,0.0,0.0
2000-09-20,0.0,0.0,0.0,0.0,0.0,0.0,0.0,0.0,0.0,0.0,0.0,0.0,0.0,0.0,0.0,0.0,0.0
2000-09-21,0.0,0.0,0.0,0.0,0.0,0.0,0.0,0.0,0.0,0.0,0.0,0.0,0.0,0.0,0.0,0.0,0.0
2000-09-22,0.0,0.0,0.0,0.0,0.0,0.0,0.0,0.0,0.0,0.0,0.0,0.0,0.0,0.0,0.0,0.0,0.0
2000-09-25,0.0,0.0,0.0,0.0,0.0,0.0,0.0,0.0,0.0,0.0,0.0,0.0,0.0,0.0,0.0,0.0,0.0
2000-09-26,0.0,0.0,0.0,0.0,0.0,0.0,0.0,0.0,0.0,0.0,0.0,0.0,0.0,0.0,0.0,0.0,0.0
2000-09-27,0.0,0.0,0.0,0.0,0.0,0.0,0.0,0.0,0.0,0.0,0.0,0.0,0.0,0.0,0.0,0.0,0.0
2000-09-28,0.0,0.0,0.0,0.0,0.0,0.0,0.0,0.0,0.0,0.0,0.0,0.0,0.0,0.0,0.0,0.0,0.0
2000-09-29,0.0,0.0,0.0,0.0,0.0,0.0,0.0,0.0,0.0,0.0,0.0,0.0,0.0,0.0,0.0,0.0,0.0
2000-09-30,0.0,0.0,0.0,0.0,0.0,0.0,0.0,0.0,0.0,0.0,0.0,0.0,0.0,0.0,0.0,0.0,0.0
2000-10-02,0.0,0.0,0.0,0.0,0.0,0.0,0.0,0.0,0.0,0.0,0.0,0.0,0.0,0.0,0.0,0.0,0.0
2000-10-03,0.0,0.0,0.0,0.0,0.0,0.0,0.0,0.0,0.0,0.0,0.0,0.0,0.0,0.0,0.0,0.0,0.0
2000-10-04,0.0,0.0,0.0,0.0,0.0,0.0,0.0,0.0,0.0,0.0,0.0,0.0,0.0,0.0,0.0,0.0,0.0
2000-10-05,0.0,0.0,0.0,0.0,0.0,0.0,0.0,0.0,0.0,0.0,0.0,0.0,0.0,0.0,0.0,0.0,0.0
2000-10-06,0.0,0.0,0.0,0.0,0.0,0.0,0.0,0.0,0.0,0.0,0.0,0.0,0.0,0.0,0.0,0.0,0.0
2000-10-07,0.0,0.0,0.0,0.0,0.0,0.0,0.0,0.0,0.0,0.0,0.0,0.0,0.0,0.0,0.0,0.0,0.0
2000-10-09,0.0,0.0,0.0,0.0,0.0,0.0,0.0,0.0,0.0,0.0,0.0,0.0,0.0,0.0,0.0,0.0,0.0
2000-10-11,0.0,0.0,0.0,0.0,0.0,0.0,0.0,0.0,0.0,0.0,0.0,0.0,0.0,0.0,0.0,0.0,0.0
2000-10-12,0.0,0.0,0.0,0.0,0.0,0.0,0.0,0.0,0.0,0.0,0.0,0.0,0.0,0.0,0.0,0.0,0.0
2000-10-13,0.0,0.0,0.0,0.0,0.0,0.0,0.0,0.0,0.0,0.0,0.0,0.0,0.0,0.0,0.0,0.0,0.0
2000-10-16,0.0,0.0,0.0,0.0,0.0,0.0,0.0,0.0,0.0,0.0,0.0,0.0,0.0,0.0,0.0,0.0,0.0
2000-10-17,0.0,0.0,0.0,0.0,0.0,0.0,0.0,0.0,0.0,0.0,0.0,0.0,0.0,0.0,0.0,0.0,0.0
2000-10-18,0.0,0.0,0.0,0.0,0.0,0.0,0.0,0.0,0.0,0.0,0.0,0.0,0.0,0.0,0.0,0.0,0.0
2000-10-19,0.0,0.0,0.0,0.0,0.0,0.0,0.0,0.0,0.0,0.0,0.0,0.0,0.0,0.0,0.0,0.0,0.0
2000-10-20,0.0,0.0,0.0,0.0,0.0,0.0,0.0,0.0,0.0,0.0,0.0,0.0,0.0,0.0,0.0,0.0,0.0
2000-10-21,0.0,0.0,0.0,0.0,0.0,0.0,0.0,0.0,0.0,0.0,0.0,0.0,0.0,0.0,0.0,0.0,0.0
2000-10-23,0.0,0.0,0.0,0.0,0.0,0.0,0.0,0.0,0.0,0.0,0.0,0.0,0.0,0.0,0.0,0.0,0.0
2000-10-24,0.0,0.0,0.0,0.0,0.0,0.0,0.0,0.0,0.0,0.0,0.0,0.0,0.0,0.0,0.0,0.0,0.0
2000-10-25,0.0,0.0,0.0,0.0,0.0,0.0,0.0,0.0,0.0,0.0,0.0,0.0,0.0,0.0,0.0,0.0,0.0
2000-10-26,0.0,0.0,0.0,0.0,0.0,0.0,0.0,0.0,0.0,0.0,0.0,0.0,0.0,0.0,0.0,0.0,0.0
2000-10-27,0.0,0.0,0.0,0.0,0.0,0.0,0.0,0.0,0.0,0.0,0.0,0.0,0.0,0.0,0.0,0.0,0.0
2000-10-30,0.0,0.0,0.0,0.0,0.0,0.0,0.0,0.0,0.0,0.0,0.0,0.0,0.0,0.0,0.0,0.0,0.0
2000-10-31,0.0,0.0,0.0,0.0,0.0,0.0,0.0,0.0,0.0,0.0,0.0,0.0,0.0,0.0,0.0,0.0,0.0
2000-11-01,0.0,0.0,0.0,0.0,0.0,0.0,0.0,0.0,0.0,0.0,0.0,0.0,0.0,0.0,0.0,0.0,0.0
2000-11-02,0.0,0.0,0.0,0.0,0.0,0.0,0.0,0.0,0.0,0.0,0.0,0.0,0.0,0.0,0.0,0.0,0.0
2000-11-03,0.0,0.0,0.0,0.0,0.0,0.0,0.0,0.0,0.0,0.0,0.0,0.0,0.0,0.0,0.0,0.0,0.0
2000-11-04,0.0,0.0,0.0,0.0,0.0,0.0,0.0,0.0,0.0,0.0,0.0,0.0,0.0,0.0,0.0,0.0,0.0
2000-11-06,0.0,0.0,0.0,0.0,0.0,0.0,0.0,0.0,0.0,0.0,0.0,0.0,0.0,0.0,0.0,0.0,0.0
2000-11-07,0.0,0.0,0.0,0.0,0.0,0.0,0.0,0.0,0.0,0.0,0.0,0.0,0.0,0.0,0.0,0.0,0.0
2000-11-08,0.0,0.0,0.0,0.0,0.0,0.0,0.0,0.0,0.0,0.0,0.0,0.0,0.0,0.0,0.0,0.0,0.0
2000-11-09,0.0,0.0,0.0,0.0,0.0,0.0,0.0,0.0,0.0,0.0,0.0,0.0,0.0,0.0,0.0,0.0,0.0
2000-11-10,0.0,0.0,0.0,0.0,0.0,0.0,0.0,0.0,0.0,0.0,0.0,0.0,0.0,0.0,0.0,0.0,0.0
2000-11-13,0.0,0.0,0.0,0.0,0.0,0.0,0.0,0.0,0.0,0.0,0.0,0.0,0.0,0.0,0.0,0.0,0.0
2000-11-14,0.0,0.0,0.0,0.0,0.0,0.0,0.0,0.0,0.0,0.0,0.0,0.0,0.0,0.0,0.0,0.0,0.0
2000-11-15,0.0,0.0,0.0,0.0,0.0,0.0,0.0,0.0,0.0,0.0,0.0,0.0,0.0,0.0,0.0,0.0,0.0
2000-11-16,0.0,0.0,0.0,0.0,0.0,0.0,0.0,0.0,0.0,0.0,0.0,0.0,0.0,0.0,0.0,0.0,0.0
2000-11-17,0.0,0.0,0.0,0.0,0.0,0.0,0.0,0.0,0.0,0.0,0.0,0.0,0.0,0.0,0.0,0.0,0.0
2000-11-18,0.0,0.0,0.0,0.0,0.0,0.0,0.0,0.0,0.0,0.0,0.0,0.0,0.0,0.0,0.0,0.0,0.0
2000-11-20,0.0,0.0,0.0,0.0,0.0,0.0,0.0,0.0,0.0,0.0,0.0,0.0,0.0,0.0,0.0,0.0,0.0
2000-11-21,0.0,0.0,0.0,0.0,0.0,0.0,0.0,0.0,0.0,0.0,0.0,0.0,0.0,0.0,0.0,0.0,0.0
2000-11-22,0.0,0.0,0.0,0.0,0.0,0.0,0.0,0.0,0.0,0.0,0.0,0.0,0.0,0.0,0.0,0.0,0.0
2000-11-23,0.0,0.0,0.0,0.0,0.0,0.0,0.0,0.0,0.0,0.0,0.0,0.0,0.0,0.0,0.0,0.0,0.0
2000-11-24,0.0,0.0,0.0,0.0,0.0,0.0,0.0,0.0,0.0,0.0,0.0,0.0,0.0,0.0,0.0,0.0,0.0
2000-11-27,0.0,0.0,0.0,0.0,0.0,0.0,0.0,0.0,0.0,0.0,0.0,0.0,0.0,0.0,0.0,0.0,0.0
2000-11-28,0.0,0.0,0.0,0.0,0.0,0.0,0.0,0.0,0.0,0.0,0.0,0.0,0.0,0.0,0.0,0.0,0.0
2000-11-29,0.0,0.0,0.0,0.0,0.0,0.0,0.0,0.0,0.0,0.0,0.0,0.0,0.0,0.0,0.0,0.0,0.0
2000-11-30,0.0,0.0,0.0,0.0,0.0,0.0,0.0,0.0,0.0,0.0,0.0,0.0,0.0,0.0,0.0,0.0,0.0
2000-12-01,0.0,0.0,0.0,0.0,0.0,0.0,0.0,0.0,0.0,0.0,0.0,0.0,0.0,0.0,0.0,0.0,0.0
2000-12-02,0.0,0.0,0.0,0.0,0.0,0.0,0.0,0.0,0.0,0.0,0.0,0.0,0.0,0.0,0.0,0.0,0.0
2000-12-04,0.0,0.0,0.0,0.0,0.0,0.0,0.0,0.0,0.0,0.0,0.0,0.0,0.0,0.0,0.0,0.0,0.0
2000-12-05,0.0,0.0,0.0,0.0,0.0,0.0,0.0,0.0,0.0,0.0,0.0,0.0,0.0,0.0,0.0,0.0,0.0
2000-12-06,0.0,0.0,0.0,0.0,0.0,0.0,0.0,0.0,0.0,0.0,0.0,0.0,0.0,0.0,0.0,0.0,0.0
2000-12-07,0.0,0.0,0.0,0.0,0.0,0.0,0.0,0.0,0.0,0.0,0.0,0.0,0.0,0.0,0.0,0.0,0.0
2000-12-08,0.0,0.0,0.0,0.0,0.0,0.0,0.0,0.0,0.0,0.0,0.0,0.0,0.0,0.0,0.0,0.0,0.0
2000-12-11,0.0,0.0,0.0,0.0,0.0,0.0,0.0,0.0,0.0,0.0,0.0,0.0,0.0,0.0,0.0,0.0,0.0
2000-12-12,0.0,0.0,0.0,0.0,0.0,0.0,0.0,0.0,0.0,0.0,0.0,0.0,0.0,0.0,0.0,0.0,0.0
2000-12-13,0.0,0.0,0.0,0.0,0.0,0.0,0.0,0.0,0.0,0.0,0.0,0.0,0.0,0.0,0.0,0.0,0.0
2000-12-14,0.0,0.0,0.0,0.0,0.0,0.0,0.0,0.0,0.0,0.0,0.0,0.0,0.0,0.0,0.0,0.0,0.0
2000-12-15,0.0,0.0,0.0,0.0,0.0,0.0,0.0,0.0,0.0,0.0,0.0,0.0,0.0,0.0,0.0,0.0,0.0
2000-12-16,0.0,0.0,0.0,0.0,0.0,0.0,0.0,0.0,0.0,0.0,0.0,0.0,0.0,0.0,0.0,0.0,0.0
2000-12-18,0.0,0.0,0.0,0.0,0.0,0.0,0.0,0.0,0.0,0.0,0.0,0.0,0.0,0.0,0.0,0.0,0.0
2000-12-19,0.0,0.0,0.0,0.0,0.0,0.0,0.0,0.0,0.0,0.0,0.0,0.0,0.0,0.0,0.0,0.0,0.0
2000-12-20,0.0,0.0,0.0,0.0,0.0,0.0,0.0,0.0,0.0,0.0,0.0,0.0,0.0,0.0,0.0,0.0,0.0
2000-12-21,0.0,0.0,0.0,0.0,0.0,0.0,0.0,0.0,0.0,0.0,0.0,0.0,0.0,0.0,0.0,0.0,0.0
2000-12-22,0.0,0.0,0.0,0.0,0.0,0.0,0.0,0.0,0.0,0.0,0.0,0.0,0.0,0.0,0.0,0.0,0.0
2000-12-26,0.0,0.0,0.0,0.0,0.0,0.0,0.0,0.0,0.0,0.0,0.0,0.0,0.0,0.0,0.0,0.0,0.0
2000-12-27,0.0,0.0,0.0,0.0,0.0,0.0,0.0,0.0,0.0,0.0,0.0,0.0,0.0,0.0,0.0,0.0,0.0
2000-12-28,0.0,0.0,0.0,0.0,0.0,0.0,0.0,0.0,0.0,0.0,0.0,0.0,0.0,0.0,0.0,0.0,0.0
2000-12-29,0.0,0.0,0.0,0.0,0.0,0.0,0.0,0.0,0.0,0.0,0.0,0.0,0.0,0.0,0.0,0.0,0.0
2000-12-30,0.0,0.0,0.0,0.0,0.0,0.0,0.0,0.0,0.0,0.0,0.0,0.0,0.0,0.0,0.0,0.0,0.0
2001-01-02,0.0,0.0,0.0,0.0,0.0,0.0,0.0,0.0,0.0,0.0,0.0,0.0,0.0,0.0,0.0,0.0,0.0
2001-01-03,0.0,0.0,0.0,0.0,0.0,0.0,0.0,0.0,0.0,0.0,0.0,0.0,0.0,0.0,0.0,0.0,0.0
2001-01-04,0.0,0.0,0.0,0.0,0.0,0.0,0.0,0.0,0.0,0.0,0.0,0.0,0.0,0.0,0.0,0.0,0.0
2001-01-05,0.0,0.0,0.0,0.0,0.0,0.0,0.0,0.0,0.0,0.0,0.0,0.0,0.0,0.0,0.0,0.0,0.0
2001-01-08,0.0,0.0,0.0,0.0,0.0,0.0,0.0,0.0,0.0,0.0,0.0,0.0,0.0,0.0,0.0,0.0,0.0
2001-01-09,0.0,0.0,0.0,0.0,0.0,0.0,0.0,0.0,0.0,0.0,0.0,0.0,0.0,0.0,0.0,0.0,0.0
2001-01-10,0.0,0.0,0.0,0.0,0.0,0.0,0.0,0.0,0.0,0.0,0.0,0.0,0.0,0.0,0.0,0.0,0.0
2001-01-11,0.0,0.0,0.0,0.0,0.0,0.0,0.0,0.0,0.0,0.0,0.0,0.0,0.0,0.0,0.0,0.0,0.0
2001-01-12,0.0,0.0,0.0,0.0,0.0,0.0,0.0,0.0,0.0,0.0,0.0,0.0,0.0,0.0,0.0,0.0,0.0
2001-01-15,0.0,0.0,0.0,0.0,0.0,0.0,0.0,0.0,0.0,0.0,0.0,0.0,0.0,0.0,0.0,0.0,0.0
2001-01-16,0.0,0.0,0.0,0.0,0.0,0.0,0.0,0.0,0.0,0.0,0.0,0.0,0.0,0.0,0.0,0.0,0.0
2001-01-17,0.0,0.0,0.0,0.0,0.0,0.0,0.0,0.0,0.0,0.0,0.0,0.0,0.0,0.0,0.0,0.0,0.0
2001-01-18,0.0,0.0,0.0,0.0,0.0,0.0,0.0,0.0,0.0,0.0,0.0,0.0,0.0,0.0,0.0,0.0,0.0
2001-01-29,0.0,0.0,0.0,0.0,0.0,0.0,0.0,0.0,0.0,0.0,0.0,0.0,0.0,0.0,0.0,0.0,0.0
2001-01-30,0.0,0.0,0.0,0.0,0.0,0.0,0.0,0.0,0.0,0.0,0.0,0.0,0.0,0.0,0.0,0.0,0.0
2001-01-31,0.0,0.0,0.0,0.0,0.0,0.0,0.0,0.0,0.0,0.0,0.0,0.0,0.0,0.0,0.0,0.0,0.0
2001-02-01,0.0,0.0,0.0,0.0,0.0,0.0,0.0,0.0,0.0,0.0,0.0,0.0,0.0,0.0,0.0,0.0,0.0
2001-02-02,0.0,0.0,0.0,0.0,0.0,0.0,0.0,0.0,0.0,0.0,0.0,0.0,0.0,0.0,0.0,0.0,0.0
2001-02-05,0.0,0.0,0.0,0.0,0.0,0.0,0.0,0.0,0.0,0.0,0.0,0.0,0.0,0.0,0.0,0.0,0.0
2001-02-06,0.0,0.0,0.0,0.0,0.0,0.0,0.0,0.0,0.0,0.0,0.0,0.0,0.0,0.0,0.0,0.0,0.0
2001-02-07,0.0,0.0,0.0,0.0,0.0,0.0,0.0,0.0,0.0,0.0,0.0,0.0,0.0,0.0,0.0,0.0,0.0
2001-02-08,0.0,0.0,0.0,0.0,0.0,0.0,0.0,0.0,0.0,0.0,0.0,0.0,0.0,0.0,0.0,0.0,0.0
2001-02-09,0.0,0.0,0.0,0.0,0.0,0.0,0.0,0.0,0.0,0.0,0.0,0.0,0.0,0.0,0.0,0.0,0.0
2001-02-12,0.0,0.0,0.0,0.0,0.0,0.0,0.0,0.0,0.0,0.0,0.0,0.0,0.0,0.0,0.0,0.0,0.0
2001-02-13,0.0,0.0,0.0,0.0,0.0,0.0,0.0,0.0,0.0,0.0,0.0,0.0,0.0,0.0,0.0,0.0,0.0
2001-02-14,0.0,0.0,0.0,0.0,0.0,0.0,0.0,0.0,0.0,0.0,0.0,0.0,0.0,0.0,0.0,0.0,0.0
2001-02-15,0.0,0.0,0.0,0.0,0.0,0.0,0.0,0.0,0.0,0.0,0.0,0.0,0.0,0.0,0.0,0.0,0.0
2001-02-16,0.0,0.0,0.0,0.0,0.0,0.0,0.0,0.0,0.0,0.0,0.0,0.0,0.0,0.0,0.0,0.0,0.0
2001-02-19,0.0,0.0,0.0,0.0,0.0,0.0,0.0,0.0,0.0,0.0,0.0,0.0,0.0,0.0,0.0,0.0,0.0
2001-02-20,0.0,0.0,0.0,0.0,0.0,0.0,0.0,0.0,0.0,0.0,0.0,0.0,0.0,0.0,0.0,0.0,0.0
2001-02-21,0.0,0.0,0.0,0.0,0.0,0.0,0.0,0.0,0.0,0.0,0.0,0.0,0.0,0.0,0.0,0.0,0.0
2001-02-22,0.0,0.0,0.0,0.0,0.0,0.0,0.0,0.0,0.0,0.0,0.0,0.0,0.0,0.0,0.0,0.0,0.0
2001-02-23,0.0,0.0,0.0,0.0,0.0,0.0,0.0,0.0,0.0,0.0,0.0,0.0,0.0,0.0,0.0,0.0,0.0
2001-02-26,0.0,0.0,0.0,0.0,0.0,0.0,0.0,0.0,0.0,0.0,0.0,0.0,0.0,0.0,0.0,0.0,0.0
2001-02-27,0.0,0.0,0.0,0.0,0.0,0.0,0.0,0.0,0.0,0.0,0.0,0.0,0.0,0.0,0.0,0.0,0.0
2001-03-01,0.0,0.0,0.0,0.0,0.0,0.0,0.0,0.0,0.0,0.0,0.0,0.0,0.0,0.0,0.0,0.0,0.0
2001-03-02,0.0,0.0,0.0,0.0,0.0,0.0,0.0,0.0,0.0,0.0,0.0,0.0,0.0,0.0,0.0,0.0,0.0
2001-03-05,0.0,0.0,0.0,0.0,0.0,0.0,0.0,0.0,0.0,0.0,0.0,0.0,0.0,0.0,0.0,0.0,0.0
2001-03-06,0.0,0.0,0.0,0.0,0.0,0.0,0.0,0.0,0.0,0.0,0.0,0.0,0.0,0.0,0.0,0.0,0.0
2001-03-07,0.0,0.0,0.0,0.0,0.0,0.0,0.0,0.0,0.0,0.0,0.0,0.0,0.0,0.0,0.0,0.0,0.0
2001-03-08,0.0,0.0,0.0,0.0,0.0,0.0,0.0,0.0,0.0,0.0,0.0,0.0,0.0,0.0,0.0,0.0,0.0
2001-03-09,0.0,0.0,0.0,0.0,0.0,0.0,0.0,0.0,0.0,0.0,0.0,0.0,0.0,0.0,0.0,0.0,0.0
2001-03-12,0.0,0.0,0.0,0.0,0.0,0.0,0.0,0.0,0.0,0.0,0.0,0.0,0.0,0.0,0.0,0.0,0.0
2001-03-13,0.0,0.0,0.0,0.0,0.0,0.0,0.0,0.0,0.0,0.0,0.0,0.0,0.0,0.0,0.0,0.0,0.0
2001-03-14,0.0,0.0,0.0,0.0,0.0,0.0,0.0,0.0,0.0,0.0,0.0,0.0,0.0,0.0,0.0,0.0,0.0
2001-03-15,0.0,0.0,0.0,0.0,0.0,0.0,0.0,0.0,0.0,0.0,0.0,0.0,0.0,0.0,0.0,0.0,0.0
2001-03-16,0.0,0.0,0.0,0.0,0.0,0.0,0.0,0.0,0.0,0.0,0.0,0.0,0.0,0.0,0.0,0.0,0.0
2001-03-19,0.0,0.0,0.0,0.0,0.0,0.0,0.0,0.0,0.0,0.0,0.0,0.0,0.0,0.0,0.0,0.0,0.0
2001-03-20,0.0,0.0,0.0,0.0,0.0,0.0,0.0,0.0,0.0,0.0,0.0,0.0,0.0,0.0,0.0,0.0,0.0
2001-03-21,0.0,0.0,0.0,0.0,0.0,0.0,0.0,0.0,0.0,0.0,0.0,0.0,0.0,0.0,0.0,0.0,0.0
2001-03-22,0.0,0.0,0.0,0.0,0.0,0.0,0.0,0.0,0.0,0.0,0.0,0.0,0.0,0.0,0.0,0.0,0.0
2001-03-23,0.0,0.0,0.0,0.0,0.0,0.0,0.0,0.0,0.0,0.0,0.0,0.0,0.0,0.0,0.0,0.0,0.0
2001-03-26,0.0,0.0,0.0,0.0,0.0,0.0,0.0,0.0,0.0,0.0,0.0,0.0,0.0,0.0,0.0,0.0,0.0
2001-03-27,0.0,0.0,0.0,0.0,0.0,0.0,0.0,0.0,0.0,0.0,0.0,0.0,0.0,0.0,0.0,0.0,0.0
2001-03-28,0.0,0.0,0.0,0.0,0.0,0.0,0.0,0.0,0.0,0.0,0.0,0.0,0.0,0.0,0.0,0.0,0.0
2001-03-29,0.0,0.0,0.0,0.0,0.0,0.0,0.0,0.0,0.0,0.0,0.0,0.0,0.0,0.0,0.0,0.0,0.0
2001-03-30,0.0,0.0,0.0,0.0,0.0,0.0,0.0,0.0,0.0,0.0,0.0,0.0,0.0,0.0,0.0,0.0,0.0
2001-04-02,0.0,0.0,0.0,0.0,0.0,0.0,0.0,0.0,0.0,0.0,0.0,0.0,0.0,0.0,0.0,0.0,0.0
2001-04-03,0.0,0.0,0.0,0.0,0.0,0.0,0.0,0.0,0.0,0.0,0.0,0.0,0.0,0.0,0.0,0.0,0.0
2001-04-04,0.0,0.0,0.0,0.0,0.0,0.0,0.0,0.0,0.0,0.0,0.0,0.0,0.0,0.0,0.0,0.0,0.0
2001-04-06,0.0,0.0,0.0,0.0,0.0,0.0,0.0,0.0,0.0,0.0,0.0,0.0,0.0,0.0,0.0,0.0,0.0
2001-04-09,0.0,0.0,0.0,0.0,0.0,0.0,0.0,0.0,0.0,0.0,0.0,0.0,0.0,0.0,0.0,0.0,0.0
2001-04-10,0.0,0.0,0.0,0.0,0.0,0.0,0.0,0.0,0.0,0.0,0.0,0.0,0.0,0.0,0.0,0.0,0.0
2001-04-11,0.0,0.0,0.0,0.0,0.0,0.0,0.0,0.0,0.0,0.0,0.0,0.0,0.0,0.0,0.0,0.0,0.0
2001-04-12,0.0,0.0,0.0,0.0,0.0,0.0,0.0,0.0,0.0,0.0,0.0,0.0,0.0,0.0,0.0,0.0,0.0
2001-04-13,0.0,0.0,0.0,0.0,0.0,0.0,0.0,0.0,0.0,0.0,0.0,0.0,0.0,0.0,0.0,0.0,0.0
2001-04-16,0.0,0.0,0.0,0.0,0.0,0.0,0.0,0.0,0.0,0.0,0.0,0.0,0.0,0.0,0.0,0.0,0.0
2001-04-17,0.0,0.0,0.0,0.0,0.0,0.0,0.0,0.0,0.0,0.0,0.0,0.0,0.0,0.0,0.0,0.0,0.0
2001-04-18,0.0,0.0,0.0,0.0,0.0,0.0,0.0,0.0,0.0,0.0,0.0,0.0,0.0,0.0,0.0,0.0,0.0
2001-04-19,0.0,0.0,0.0,0.0,0.0,0.0,0.0,0.0,0.0,0.0,0.0,0.0,0.0,0.0,0.0,0.0,0.0
2001-04-20,0.0,0.0,0.0,0.0,0.0,0.0,0.0,0.0,0.0,0.0,0.0,0.0,0.0,0.0,0.0,0.0,0.0
2001-04-23,0.0,0.0,0.0,0.0,0.0,0.0,0.0,0.0,0.0,0.0,0.0,0.0,0.0,0.0,0.0,0.0,0.0
2001-04-24,0.0,0.0,0.0,0.0,0.0,0.0,0.0,0.0,0.0,0.0,0.0,0.0,0.0,0.0,0.0,0.0,0.0
2001-04-25,0.0,0.0,0.0,0.0,0.0,0.0,0.0,0.0,0.0,0.0,0.0,0.0,0.0,0.0,0.0,0.0,0.0
2001-04-26,0.0,0.0,0.0,0.0,0.0,0.0,0.0,0.0,0.0,0.0,0.0,0.0,0.0,0.0,0.0,0.0,0.0
2001-04-27,0.0,0.0,0.0,0.0,0.0,0.0,0.0,0.0,0.0,0.0,0.0,0.0,0.0,0.0,0.0,0.0,0.0
2001-04-30,0.0,0.0,0.0,0.0,0.0,0.0,0.0,0.0,0.0,0.0,0.0,0.0,0.0,0.0,0.0,0.0,0.0
2001-05-02,0.0,0.0,0.0,0.0,0.0,0.0,0.0,0.0,0.0,0.0,0.0,0.0,0.0,0.0,0.0,0.0,0.0
2001-05-03,0.0,0.0,0.0,0.0,0.0,0.0,0.0,0.0,0.0,0.0,0.0,0.0,0.0,0.0,0.0,0.0,0.0
2001-05-04,0.0,0.0,0.0,0.0,0.0,0.0,0.0,0.0,0.0,0.0,0.0,0.0,0.0,0.0,0.0,0.0,0.0
2001-05-07,0.0,0.0,0.0,0.0,0.0,0.0,0.0,0.0,0.0,0.0,0.0,0.0,0.0,0.0,0.0,0.0,0.0
2001-05-08,0.0,0.0,0.0,0.0,0.0,0.0,0.0,0.0,0.0,0.0,0.0,0.0,0.0,0.0,0.0,0.0,0.0
2001-05-09,0.0,0.0,0.0,0.0,0.0,0.0,0.0,0.0,0.0,0.0,0.0,0.0,0.0,0.0,0.0,0.0,0.0
2001-05-10,0.0,0.0,0.0,0.0,0.0,0.0,0.0,0.0,0.0,0.0,0.0,0.0,0.0,0.0,0.0,0.0,0.0
2001-05-11,0.0,0.0,0.0,0.0,0.0,0.0,0.0,0.0,0.0,0.0,0.0,0.0,0.0,0.0,0.0,0.0,0.0
2001-05-14,0.0,0.0,0.0,0.0,0.0,0.0,0.0,0.0,0.0,0.0,0.0,0.0,0.0,0.0,0.0,0.0,0.0
2001-05-15,0.0,0.0,0.0,0.0,0.0,0.0,0.0,0.0,0.0,0.0,0.0,0.0,0.0,0.0,0.0,0.0,0.0
2001-05-16,0.0,0.0,0.0,0.0,0.0,0.0,0.0,0.0,0.0,0.0,0.0,0.0,0.0,0.0,0.0,0.0,0.0
2001-05-17,0.0,0.0,0.0,0.0,0.0,0.0,0.0,0.0,0.0,0.0,0.0,0.0,0.0,0.0,0.0,0.0,0.0
2001-05-18,0.0,0.0,0.0,0.0,0.0,0.0,0.0,0.0,0.0,0.0,0.0,0.0,0.0,0.0,0.0,0.0,0.0
2001-05-21,0.0,0.0,0.0,0.0,0.0,0.0,0.0,0.0,0.0,0.0,0.0,0.0,0.0,0.0,0.0,0.0,0.0
2001-05-22,0.0,0.0,0.0,0.0,0.0,0.0,0.0,0.0,0.0,0.0,0.0,0.0,0.0,0.0,0.0,0.0,0.0
2001-05-23,0.0,0.0,0.0,0.0,0.0,0.0,0.0,0.0,0.0,0.0,0.0,0.0,0.0,0.0,0.0,0.0,0.0
2001-05-24,0.0,0.0,0.0,0.0,0.0,0.0,0.0,0.0,0.0,0.0,0.0,0.0,0.0,0.0,0.0,0.0,0.0
2001-05-25,0.0,0.0,0.0,0.0,0.0,0.0,0.0,0.0,0.0,0.0,0.0,0.0,0.0,0.0,0.0,0.0,0.0
2001-05-28,0.0,0.0,0.0,0.0,0.0,0.0,0.0,0.0,0.0,0.0,0.0,0.0,0.0,0.0,0.0,0.0,0.0
2001-05-29,0.0,0.0,0.0,0.0,0.0,0.0,0.0,0.0,0.0,0.0,0.0,0.0,0.0,0.0,0.0,0.0,0.0
2001-05-30,0.0,0.0,0.0,0.0,0.0,0.0,0.0,0.0,0.0,0.0,0.0,0.0,0.0,0.0,0.0,0.0,0.0
2001-05-31,0.0,0.0,0.0,0.0,0.0,0.0,0.0,0.0,0.0,0.0,0.0,0.0,0.0,0.0,0.0,0.0,0.0
2001-06-01,0.0,0.0,0.0,0.0,0.0,0.0,0.0,0.0,0.0,0.0,0.0,0.0,0.0,0.0,0.0,0.0,0.0
2001-06-04,0.0,0.0,0.0,0.0,0.0,0.0,0.0,0.0,0.0,0.0,0.0,0.0,0.0,0.0,0.0,0.0,0.0
2001-06-05,0.0,0.0,0.0,0.0,0.0,0.0,0.0,0.0,0.0,0.0,0.0,0.0,0.0,0.0,0.0,0.0,0.0
2001-06-06,0.0,0.0,0.0,0.0,0.0,0.0,0.0,0.0,0.0,0.0,0.0,0.0,0.0,0.0,0.0,0.0,0.0
2001-06-07,0.0,0.0,0.0,0.0,0.0,0.0,0.0,0.0,0.0,0.0,0.0,0.0,0.0,0.0,0.0,0.0,0.0
2001-06-08,0.0,0.0,0.0,0.0,0.0,0.0,0.0,0.0,0.0,0.0,0.0,0.0,0.0,0.0,0.0,0.0,0.0
2001-06-11,0.0,0.0,0.0,0.0,0.0,0.0,0.0,0.0,0.0,0.0,0.0,0.0,0.0,0.0,0.0,0.0,0.0
2001-06-12,0.0,0.0,0.0,0.0,0.0,0.0,0.0,0.0,0.0,0.0,0.0,0.0,0.0,0.0,0.0,0.0,0.0
2001-06-13,0.0,0.0,0.0,0.0,0.0,0.0,0.0,0.0,0.0,0.0,0.0,0.0,0.0,0.0,0.0,0.0,0.0
2001-06-14,0.0,0.0,0.0,0.0,0.0,0.0,0.0,0.0,0.0,0.0,0.0,0.0,0.0,0.0,0.0,0.0,0.0
2001-06-15,0.0,0.0,0.0,0.0,0.0,0.0,0.0,0.0,0.0,0.0,0.0,0.0,0.0,0.0,0.0,0.0,0.0
2001-06-18,0.0,0.0,0.0,0.0,0.0,0.0,0.0,0.0,0.0,0.0,0.0,0.0,0.0,0.0,0.0,0.0,0.0
2001-06-19,0.0,0.0,0.0,0.0,0.0,0.0,0.0,0.0,0.0,0.0,0.0,0.0,0.0,0.0,0.0,0.0,0.0
2001-06-20,0.0,0.0,0.0,0.0,0.0,0.0,0.0,0.0,0.0,0.0,0.0,0.0,0.0,0.0,0.0,0.0,0.0
2001-06-21,0.0,0.0,0.0,0.0,0.0,0.0,0.0,0.0,0.0,0.0,0.0,0.0,0.0,0.0,0.0,0.0,0.0
2001-06-22,0.0,0.0,0.0,0.0,0.0,0.0,0.0,0.0,0.0,0.0,0.0,0.0,0.0,0.0,0.0,0.0,0.0
2001-06-26,0.0,0.0,0.0,0.0,0.0,0.0,0.0,0.0,0.0,0.0,0.0,0.0,0.0,0.0,0.0,0.0,0.0
2001-06-27,0.0,0.0,0.0,0.0,0.0,0.0,0.0,0.0,0.0,0.0,0.0,0.0,0.0,0.0,0.0,0.0,0.0
2001-06-28,0.0,0.0,0.0,0.0,0.0,0.0,0.0,0.0,0.0,0.0,0.0,0.0,0.0,0.0,0.0,0.0,0.0
2001-06-29,0.0,0.0,0.0,0.0,0.0,0.0,0.0,0.0,0.0,0.0,0.0,0.0,0.0,0.0,0.0,0.0,0.0
2001-07-02,0.0,0.0,0.0,0.0,0.0,0.0,0.0,0.0,0.0,0.0,0.0,0.0,0.0,0.0,0.0,0.0,0.0
2001-07-03,0.0,0.0,0.0,0.0,0.0,0.0,0.0,0.0,0.0,0.0,0.0,0.0,0.0,0.0,0.0,0.0,0.0
2001-07-04,0.0,0.0,0.0,0.0,0.0,0.0,0.0,0.0,0.0,0.0,0.0,0.0,0.0,0.0,0.0,0.0,0.0
2001-07-05,0.0,0.0,0.0,0.0,0.0,0.0,0.0,0.0,0.0,0.0,0.0,0.0,0.0,0.0,0.0,0.0,0.0
2001-07-06,0.0,0.0,0.0,0.0,0.0,0.0,0.0,0.0,0.0,0.0,0.0,0.0,0.0,0.0,0.0,0.0,0.0
2001-07-09,0.0,0.0,0.0,0.0,0.0,0.0,0.0,0.0,0.0,0.0,0.0,0.0,0.0,0.0,0.0,0.0,0.0
2001-07-10,0.0,0.0,0.0,0.0,0.0,0.0,0.0,0.0,0.0,0.0,0.0,0.0,0.0,0.0,0.0,0.0,0.0
2001-07-11,0.0,0.0,0.0,0.0,0.0,0.0,0.0,0.0,0.0,0.0,0.0,0.0,0.0,0.0,0.0,0.0,0.0
2001-07-12,0.0,0.0,0.0,0.0,0.0,0.0,0.0,0.0,0.0,0.0,0.0,0.0,0.0,0.0,0.0,0.0,0.0
2001-07-13,0.0,0.0,0.0,0.0,0.0,0.0,0.0,0.0,0.0,0.0,0.0,0.0,0.0,0.0,0.0,0.0,0.0
2001-07-16,0.0,0.0,0.0,0.0,0.0,0.0,0.0,0.0,0.0,0.0,0.0,0.0,0.0,0.0,0.0,0.0,0.0
2001-07-17,0.0,0.0,0.0,0.0,0.0,0.0,0.0,0.0,0.0,0.0,0.0,0.0,0.0,0.0,0.0,0.0,0.0
2001-07-18,0.0,0.0,0.0,0.0,0.0,0.0,0.0,0.0,0.0,0.0,0.0,0.0,0.0,0.0,0.0,0.0,0.0
2001-07-19,0.0,0.0,0.0,0.0,0.0,0.0,0.0,0.0,0.0,0.0,0.0,0.0,0.0,0.0,0.0,0.0,0.0
2001-07-20,0.0,0.0,0.0,0.0,0.0,0.0,0.0,0.0,0.0,0.0,0.0,0.0,0.0,0.0,0.0,0.0,0.0
2001-07-23,0.0,0.0,0.0,0.0,0.0,0.0,0.0,0.0,0.0,0.0,0.0,0.0,0.0,0.0,0.0,0.0,0.0
2001-07-24,0.0,0.0,0.0,0.0,0.0,0.0,0.0,0.0,0.0,0.0,0.0,0.0,0.0,0.0,0.0,0.0,0.0
2001-07-25,0.0,0.0,0.0,0.0,0.0,0.0,0.0,0.0,0.0,0.0,0.0,0.0,0.0,0.0,0.0,0.0,0.0
2001-07-26,0.0,0.0,0.0,0.0,0.0,0.0,0.0,0.0,0.0,0.0,0.0,0.0,0.0,0.0,0.0,0.0,0.0
2001-07-27,0.0,0.0,0.0,0.0,0.0,0.0,0.0,0.0,0.0,0.0,0.0,0.0,0.0,0.0,0.0,0.0,0.0
2001-07-31,0.0,0.0,0.0,0.0,0.0,0.0,0.0,0.0,0.0,0.0,0.0,0.0,0.0,0.0,0.0,0.0,0.0
2001-08-01,0.0,0.0,0.0,0.0,0.0,0.0,0.0,0.0,0.0,0.0,0.0,0.0,0.0,0.0,0.0,0.0,0.0
2001-08-02,0.0,0.0,0.0,0.0,0.0,0.0,0.0,0.0,0.0,0.0,0.0,0.0,0.0,0.0,0.0,0.0,0.0
2001-08-03,0.0,0.0,0.0,0.0,0.0,0.0,0.0,0.0,0.0,0.0,0.0,0.0,0.0,0.0,0.0,0.0,0.0
2001-08-06,0.0,0.0,0.0,0.0,0.0,0.0,0.0,0.0,0.0,0.0,0.0,0.0,0.0,0.0,0.0,0.0,0.0
2001-08-07,0.0,0.0,0.0,0.0,0.0,0.0,0.0,0.0,0.0,0.0,0.0,0.0,0.0,0.0,0.0,0.0,0.0
2001-08-08,0.0,0.0,0.0,0.0,0.0,0.0,0.0,0.0,0.0,0.0,0.0,0.0,0.0,0.0,0.0,0.0,0.0
2001-08-09,0.0,0.0,0.0,0.0,0.0,0.0,0.0,0.0,0.0,0.0,0.0,0.0,0.0,0.0,0.0,0.0,0.0
2001-08-10,0.0,0.0,0.0,0.0,0.0,0.0,0.0,0.0,0.0,0.0,0.0,0.0,0.0,0.0,0.0,0.0,0.0
2001-08-13,0.0,0.0,0.0,0.0,0.0,0.0,0.0,0.0,0.0,0.0,0.0,0.0,0.0,0.0,0.0,0.0,0.0
2001-08-14,0.0,0.0,0.0,0.0,0.0,0.0,0.0,0.0,0.0,0.0,0.0,0.0,0.0,0.0,0.0,0.0,0.0
2001-08-15,0.0,0.0,0.0,0.0,0.0,0.0,0.0,0.0,0.0,0.0,0.0,0.0,0.0,0.0,0.0,0.0,0.0
2001-08-16,0.0,0.0,0.0,0.0,0.0,0.0,0.0,0.0,0.0,0.0,0.0,0.0,0.0,0.0,0.0,0.0,0.0
2001-08-17,0.0,0.0,0.0,0.0,0.0,0.0,0.0,0.0,0.0,0.0,0.0,0.0,0.0,0.0,0.0,0.0,0.0
2001-08-20,0.0,0.0,0.0,0.0,0.0,0.0,0.0,0.0,0.0,0.0,0.0,0.0,0.0,0.0,0.0,0.0,0.0
2001-08-21,0.0,0.0,0.0,0.0,0.0,0.0,0.0,0.0,0.0,0.0,0.0,0.0,0.0,0.0,0.0,0.0,0.0
2001-08-22,0.0,0.0,0.0,0.0,0.0,0.0,0.0,0.0,0.0,0.0,0.0,0.0,0.0,0.0,0.0,0.0,0.0
2001-08-23,0.0,0.0,0.0,0.0,0.0,0.0,0.0,0.0,0.0,0.0,0.0,0.0,0.0,0.0,0.0,0.0,0.0
2001-08-24,0.0,0.0,0.0,0.0,0.0,0.0,0.0,0.0,0.0,0.0,0.0,0.0,0.0,0.0,0.0,0.0,0.0
2001-08-27,0.0,0.0,0.0,0.0,0.0,0.0,0.0,0.0,0.0,0.0,0.0,0.0,0.0,0.0,0.0,0.0,0.0
2001-08-28,0.0,0.0,0.0,0.0,0.0,0.0,0.0,0.0,0.0,0.0,0.0,0.0,0.0,0.0,0.0,0.0,0.0
2001-08-29,0.0,0.0,0.0,0.0,0.0,0.0,0.0,0.0,0.0,0.0,0.0,0.0,0.0,0.0,0.0,0.0,0.0
2001-08-30,0.0,0.0,0.0,0.0,0.0,0.0,0.0,0.0,0.0,0.0,0.0,0.0,0.0,0.0,0.0,0.0,0.0
2001-08-31,0.0,0.0,0.0,0.0,0.0,0.0,0.0,0.0,0.0,0.0,0.0,0.0,0.0,0.0,0.0,0.0,0.0
2001-09-03,0.0,0.0,0.0,0.0,0.0,0.0,0.0,0.0,0.0,0.0,0.0,0.0,0.0,0.0,0.0,0.0,0.0
2001-09-04,0.0,0.0,0.0,0.0,0.0,0.0,0.0,0.0,0.0,0.0,0.0,0.0,0.0,0.0,0.0,0.0,0.0
2001-09-05,0.0,0.0,0.0,0.0,0.0,0.0,0.0,0.0,0.0,0.0,0.0,0.0,0.0,0.0,0.0,0.0,0.0
2001-09-06,0.0,0.0,0.0,0.0,0.0,0.0,0.0,0.0,0.0,0.0,0.0,0.0,0.0,0.0,0.0,0.0,0.0
2001-09-07,0.0,0.0,0.0,0.0,0.0,0.0,0.0,0.0,0.0,0.0,0.0,0.0,0.0,0.0,0.0,0.0,0.0
2001-09-10,0.0,0.0,0.0,0.0,0.0,0.0,0.0,0.0,0.0,0.0,0.0,0.0,0.0,0.0,0.0,0.0,0.0
2001-09-11,0.0,0.0,0.0,0.0,0.0,0.0,0.0,0.0,0.0,0.0,0.0,0.0,0.0,0.0,0.0,0.0,0.0
2001-09-13,0.0,0.0,0.0,0.0,0.0,0.0,0.0,0.0,0.0,0.0,0.0,0.0,0.0,0.0,0.0,0.0,0.0
2001-09-14,0.0,0.0,0.0,0.0,0.0,0.0,0.0,0.0,0.0,0.0,0.0,0.0,0.0,0.0,0.0,0.0,0.0
2001-09-19,0.0,0.0,0.0,0.0,0.0,0.0,0.0,0.0,0.0,0.0,0.0,0.0,0.0,0.0,0.0,0.0,0.0
2001-09-20,0.0,0.0,0.0,0.0,0.0,0.0,0.0,0.0,0.0,0.0,0.0,0.0,0.0,0.0,0.0,0.0,0.0
2001-09-21,0.0,0.0,0.0,0.0,0.0,0.0,0.0,0.0,0.0,0.0,0.0,0.0,0.0,0.0,0.0,0.0,0.0
2001-09-24,0.0,0.0,0.0,0.0,0.0,0.0,0.0,0.0,0.0,0.0,0.0,0.0,0.0,0.0,0.0,0.0,0.0
2001-09-25,0.0,0.0,0.0,0.0,0.0,0.0,0.0,0.0,0.0,0.0,0.0,0.0,0.0,0.0,0.0,0.0,0.0
2001-09-26,0.0,0.0,0.0,0.0,0.0,0.0,0.0,0.0,0.0,0.0,0.0,0.0,0.0,0.0,0.0,0.0,0.0
2001-09-27,0.0,0.0,0.0,0.0,0.0,0.0,0.0,0.0,0.0,0.0,0.0,0.0,0.0,0.0,0.0,0.0,0.0
2001-09-28,0.0,0.0,0.0,0.0,0.0,0.0,0.0,0.0,0.0,0.0,0.0,0.0,0.0,0.0,0.0,0.0,0.0
2001-10-02,0.0,0.0,0.0,0.0,0.0,0.0,0.0,0.0,0.0,0.0,0.0,0.0,0.0,0.0,0.0,0.0,0.0
2001-10-03,0.0,0.0,0.0,0.0,0.0,0.0,0.0,0.0,0.0,0.0,0.0,0.0,0.0,0.0,0.0,0.0,0.0
2001-10-04,0.0,0.0,0.0,0.0,0.0,0.0,0.0,0.0,0.0,0.0,0.0,0.0,0.0,0.0,0.0,0.0,0.0
2001-10-05,0.0,0.0,0.0,0.0,0.0,0.0,0.0,0.0,0.0,0.0,0.0,0.0,0.0,0.0,0.0,0.0,0.0
2001-10-08,0.0,0.0,0.0,0.0,0.0,0.0,0.0,0.0,0.0,0.0,0.0,0.0,0.0,0.0,0.0,0.0,0.0
2001-10-09,0.0,0.0,0.0,0.0,0.0,0.0,0.0,0.0,0.0,0.0,0.0,0.0,0.0,0.0,0.0,0.0,0.0
2001-10-11,0.0,0.0,0.0,0.0,0.0,0.0,0.0,0.0,0.0,0.0,0.0,0.0,0.0,0.0,0.0,0.0,0.0
2001-10-12,0.0,0.0,0.0,0.0,0.0,0.0,0.0,0.0,0.0,0.0,0.0,0.0,0.0,0.0,0.0,0.0,0.0
2001-10-15,0.0,0.0,0.0,0.0,0.0,0.0,0.0,0.0,0.0,0.0,0.0,0.0,0.0,0.0,0.0,0.0,0.0
2001-10-16,0.0,0.0,0.0,0.0,0.0,0.0,0.0,0.0,0.0,0.0,0.0,0.0,0.0,0.0,0.0,0.0,0.0
2001-10-17,0.0,0.0,0.0,0.0,0.0,0.0,0.0,0.0,0.0,0.0,0.0,0.0,0.0,0.0,0.0,0.0,0.0
2001-10-18,0.0,0.0,0.0,0.0,0.0,0.0,0.0,0.0,0.0,0.0,0.0,0.0,0.0,0.0,0.0,0.0,0.0
2001-10-19,0.0,0.0,0.0,0.0,0.0,0.0,0.0,0.0,0.0,0.0,0.0,0.0,0.0,0.0,0.0,0.0,0.0
2001-10-22,0.0,0.0,0.0,0.0,0.0,0.0,0.0,0.0,0.0,0.0,0.0,0.0,0.0,0.0,0.0,0.0,0.0
2001-10-23,0.0,0.0,0.0,0.0,0.0,0.0,0.0,0.0,0.0,0.0,0.0,0.0,0.0,0.0,0.0,0.0,0.0
2001-10-24,0.0,0.0,0.0,0.0,0.0,0.0,0.0,0.0,0.0,0.0,0.0,0.0,0.0,0.0,0.0,0.0,0.0
2001-10-25,0.0,0.0,0.0,0.0,0.0,0.0,0.0,0.0,0.0,0.0,0.0,0.0,0.0,0.0,0.0,0.0,0.0
2001-10-26,0.0,0.0,0.0,0.0,0.0,0.0,0.0,0.0,0.0,0.0,0.0,0.0,0.0,0.0,0.0,0.0,0.0
2001-10-29,0.0,0.0,0.0,0.0,0.0,0.0,0.0,0.0,0.0,0.0,0.0,0.0,0.0,0.0,0.0,0.0,0.0
2001-10-30,0.0,0.0,0.0,0.0,0.0,0.0,0.0,0.0,0.0,0.0,0.0,0.0,0.0,0.0,0.0,0.0,0.0
2001-10-31,0.0,0.0,0.0,0.0,0.0,0.0,0.0,0.0,0.0,0.0,0.0,0.0,0.0,0.0,0.0,0.0,0.0
2001-11-01,0.0,0.0,0.0,0.0,0.0,0.0,0.0,0.0,0.0,0.0,0.0,0.0,0.0,0.0,0.0,0.0,0.0
2001-11-02,0.0,0.0,0.0,0.0,0.0,0.0,0.0,0.0,0.0,0.0,0.0,0.0,0.0,0.0,0.0,0.0,0.0
2001-11-05,0.0,0.0,0.0,0.0,0.0,0.0,0.0,0.0,0.0,0.0,0.0,0.0,0.0,0.0,0.0,0.0,0.0
2001-11-06,0.0,0.0,0.0,0.0,0.0,0.0,0.0,0.0,0.0,0.0,0.0,0.0,0.0,0.0,0.0,0.0,0.0
2001-11-07,0.0,0.0,0.0,0.0,0.0,0.0,0.0,0.0,0.0,0.0,0.0,0.0,0.0,0.0,0.0,0.0,0.0
2001-11-08,0.0,0.0,0.0,0.0,0.0,0.0,0.0,0.0,0.0,0.0,0.0,0.0,0.0,0.0,0.0,0.0,0.0
2001-11-09,0.0,0.0,0.0,0.0,0.0,0.0,0.0,0.0,0.0,0.0,0.0,0.0,0.0,0.0,0.0,0.0,0.0
2001-11-12,0.0,0.0,0.0,0.0,0.0,0.0,0.0,0.0,0.0,0.0,0.0,0.0,0.0,0.0,0.0,0.0,0.0
2001-11-13,0.0,0.0,0.0,0.0,0.0,0.0,0.0,0.0,0.0,0.0,0.0,0.0,0.0,0.0,0.0,0.0,0.0
2001-11-14,0.0,0.0,0.0,0.0,0.0,0.0,0.0,0.0,0.0,0.0,0.0,0.0,0.0,0.0,0.0,0.0,0.0
2001-11-15,0.0,0.0,0.0,0.0,0.0,0.0,0.0,0.0,0.0,0.0,0.0,0.0,0.0,0.0,0.0,0.0,0.0
2001-11-16,0.0,0.0,0.0,0.0,0.0,0.0,0.0,0.0,0.0,0.0,0.0,0.0,0.0,0.0,0.0,0.0,0.0
2001-11-19,0.0,0.0,0.0,0.0,0.0,0.0,0.0,0.0,0.0,0.0,0.0,0.0,0.0,0.0,0.0,0.0,0.0
2001-11-20,0.0,0.0,0.0,0.0,0.0,0.0,0.0,0.0,0.0,0.0,0.0,0.0,0.0,0.0,0.0,0.0,0.0
2001-11-21,0.0,0.0,0.0,0.0,0.0,0.0,0.0,0.0,0.0,0.0,0.0,0.0,0.0,0.0,0.0,0.0,0.0
2001-11-22,0.0,0.0,0.0,0.0,0.0,0.0,0.0,0.0,0.0,0.0,0.0,0.0,0.0,0.0,0.0,0.0,0.0
2001-11-23,0.0,0.0,0.0,0.0,0.0,0.0,0.0,0.0,0.0,0.0,0.0,0.0,0.0,0.0,0.0,0.0,0.0
2001-11-26,0.0,0.0,0.0,0.0,0.0,0.0,0.0,0.0,0.0,0.0,0.0,0.0,0.0,0.0,0.0,0.0,0.0
2001-11-27,0.0,0.0,0.0,0.0,0.0,0.0,0.0,0.0,0.0,0.0,0.0,0.0,0.0,0.0,0.0,0.0,0.0
2001-11-28,0.0,0.0,0.0,0.0,0.0,0.0,0.0,0.0,0.0,0.0,0.0,0.0,0.0,0.0,0.0,0.0,0.0
2001-11-29,0.0,0.0,0.0,0.0,0.0,0.0,0.0,0.0,0.0,0.0,0.0,0.0,0.0,0.0,0.0,0.0,0.0
2001-11-30,0.0,0.0,0.0,0.0,0.0,0.0,0.0,0.0,0.0,0.0,0.0,0.0,0.0,0.0,0.0,0.0,0.0
2001-12-03,0.0,0.0,0.0,0.0,0.0,0.0,0.0,0.0,0.0,0.0,0.0,0.0,0.0,0.0,0.0,0.0,0.0
2001-12-04,0.0,0.0,0.0,0.0,0.0,0.0,0.0,0.0,0.0,0.0,0.0,0.0,0.0,0.0,0.0,0.0,0.0
2001-12-05,0.0,0.0,0.0,0.0,0.0,0.0,0.0,0.0,0.0,0.0,0.0,0.0,0.0,0.0,0.0,0.0,0.0
2001-12-06,0.0,0.0,0.0,0.0,0.0,0.0,0.0,0.0,0.0,0.0,0.0,0.0,0.0,0.0,0.0,0.0,0.0
2001-12-07,0.0,0.0,0.0,0.0,0.0,0.0,0.0,0.0,0.0,0.0,0.0,0.0,0.0,0.0,0.0,0.0,0.0
2001-12-10,0.0,0.0,0.0,0.0,0.0,0.0,0.0,0.0,0.0,0.0,0.0,0.0,0.0,0.0,0.0,0.0,0.0
2001-12-11,0.0,0.0,0.0,0.0,0.0,0.0,0.0,0.0,0.0,0.0,0.0,0.0,0.0,0.0,0.0,0.0,0.0
2001-12-12,0.0,0.0,0.0,0.0,0.0,0.0,0.0,0.0,0.0,0.0,0.0,0.0,0.0,0.0,0.0,0.0,0.0
2001-12-13,0.0,0.0,0.0,0.0,0.0,0.0,0.0,0.0,0.0,0.0,0.0,0.0,0.0,0.0,0.0,0.0,0.0
2001-12-14,0.0,0.0,0.0,0.0,0.0,0.0,0.0,0.0,0.0,0.0,0.0,0.0,0.0,0.0,0.0,0.0,0.0
2001-12-17,0.0,0.0,0.0,0.0,0.0,0.0,0.0,0.0,0.0,0.0,0.0,0.0,0.0,0.0,0.0,0.0,0.0
2001-12-18,0.0,0.0,0.0,0.0,0.0,0.0,0.0,0.0,0.0,0.0,0.0,0.0,0.0,0.0,0.0,0.0,0.0
2001-12-19,0.0,0.0,0.0,0.0,0.0,0.0,0.0,0.0,0.0,0.0,0.0,0.0,0.0,0.0,0.0,0.0,0.0
2001-12-20,0.0,0.0,0.0,0.0,0.0,0.0,0.0,0.0,0.0,0.0,0.0,0.0,0.0,0.0,0.0,0.0,0.0
2001-12-21,0.0,0.0,0.0,0.0,0.0,0.0,0.0,0.0,0.0,0.0,0.0,0.0,0.0,0.0,0.0,0.0,0.0
2001-12-24,0.0,0.0,0.0,0.0,0.0,0.0,0.0,0.0,0.0,0.0,0.0,0.0,0.0,0.0,0.0,0.0,0.0
2001-12-25,0.0,0.0,0.0,0.0,0.0,0.0,0.0,0.0,0.0,0.0,0.0,0.0,0.0,0.0,0.0,0.0,0.0
2001-12-26,0.0,0.0,0.0,0.0,0.0,0.0,0.0,0.0,0.0,0.0,0.0,0.0,0.0,0.0,0.0,0.0,0.0
2001-12-27,0.0,0.0,0.0,0.0,0.0,0.0,0.0,0.0,0.0,0.0,0.0,0.0,0.0,0.0,0.0,0.0,0.0
2001-12-28,0.0,0.0,0.0,0.0,0.0,0.0,0.0,0.0,0.0,0.0,0.0,0.0,0.0,0.0,0.0,0.0,0.0
2001-12-31,0.0,0.0,0.0,0.0,0.0,0.0,0.0,0.0,0.0,0.0,0.0,0.0,0.0,0.0,0.0,0.0,0.0
2002-01-02,0.0,0.0,0.0,0.0,0.0,0.0,0.0,0.0,0.0,0.0,0.0,0.0,0.0,0.0,0.0,0.0,0.0
2002-01-03,0.0,0.0,0.0,0.0,0.0,0.0,0.0,0.0,0.0,0.0,0.0,0.0,0.0,0.0,0.0,0.0,0.0
2002-01-04,0.0,0.0,0.0,0.0,0.0,0.0,0.0,0.0,0.0,0.0,0.0,0.0,0.0,0.0,0.0,0.0,0.0
2002-01-07,0.0,0.0,0.0,0.0,0.0,0.0,0.0,0.0,0.0,0.0,0.0,0.0,0.0,0.0,0.0,0.0,0.0
2002-01-08,0.0,0.0,0.0,0.0,0.0,0.0,0.0,0.0,0.0,0.0,0.0,0.0,0.0,0.0,0.0,0.0,0.0
2002-01-09,0.0,0.0,0.0,0.0,0.0,0.0,0.0,0.0,0.0,0.0,0.0,0.0,0.0,0.0,0.0,0.0,0.0
2002-01-10,0.0,0.0,0.0,0.0,0.0,0.0,0.0,0.0,0.0,0.0,0.0,0.0,0.0,0.0,0.0,0.0,0.0
2002-01-11,0.0,0.0,0.0,0.0,0.0,0.0,0.0,0.0,0.0,0.0,0.0,0.0,0.0,0.0,0.0,0.0,0.0
2002-01-14,0.0,0.0,0.0,0.0,0.0,0.0,0.0,0.0,0.0,0.0,0.0,0.0,0.0,0.0,0.0,0.0,0.0
2002-01-15,0.0,0.0,0.0,0.0,0.0,0.0,0.0,0.0,0.0,0.0,0.0,0.0,0.0,0.0,0.0,0.0,0.0
2002-01-16,0.0,0.0,0.0,0.0,0.0,0.0,0.0,0.0,0.0,0.0,0.0,0.0,0.0,0.0,0.0,0.0,0.0
2002-01-17,0.0,0.0,0.0,0.0,0.0,0.0,0.0,0.0,0.0,0.0,0.0,0.0,0.0,0.0,0.0,0.0,0.0
2002-01-18,0.0,0.0,0.0,0.0,0.0,0.0,0.0,0.0,0.0,0.0,0.0,0.0,0.0,0.0,0.0,0.0,0.0
2002-01-21,0.0,0.0,0.0,0.0,0.0,0.0,0.0,0.0,0.0,0.0,0.0,0.0,0.0,0.0,0.0,0.0,0.0
2002-01-22,0.0,0.0,0.0,0.0,0.0,0.0,0.0,0.0,0.0,0.0,0.0,0.0,0.0,0.0,0.0,0.0,0.0
2002-01-23,0.0,0.0,0.0,0.0,0.0,0.0,0.0,0.0,0.0,0.0,0.0,0.0,0.0,0.0,0.0,0.0,0.0
2002-01-24,0.0,0.0,0.0,0.0,0.0,0.0,0.0,0.0,0.0,0.0,0.0,0.0,0.0,0.0,0.0,0.0,0.0
2002-01-25,0.0,0.0,0.0,0.0,0.0,0.0,0.0,0.0,0.0,0.0,0.0,0.0,0.0,0.0,0.0,0.0,0.0
2002-01-28,0.0,0.0,0.0,0.0,0.0,0.0,0.0,0.0,0.0,0.0,0.0,0.0,0.0,0.0,0.0,0.0,0.0
2002-01-29,0.0,0.0,0.0,0.0,0.0,0.0,0.0,0.0,0.0,0.0,0.0,0.0,0.0,0.0,0.0,0.0,0.0
2002-01-30,0.0,0.0,0.0,0.0,0.0,0.0,0.0,0.0,0.0,0.0,0.0,0.0,0.0,0.0,0.0,0.0,0.0
2002-01-31,0.0,0.0,0.0,0.0,0.0,0.0,0.0,0.0,0.0,0.0,0.0,0.0,0.0,0.0,0.0,0.0,0.0
2002-02-01,0.0,0.0,0.0,0.0,0.0,0.0,0.0,0.0,0.0,0.0,0.0,0.0,0.0,0.0,0.0,0.0,0.0
2002-02-04,0.0,0.0,0.0,0.0,0.0,0.0,0.0,0.0,0.0,0.0,0.0,0.0,0.0,0.0,0.0,0.0,0.0
2002-02-05,0.0,0.0,0.0,0.0,0.0,0.0,0.0,0.0,0.0,0.0,0.0,0.0,0.0,0.0,0.0,0.0,0.0
2002-02-06,0.0,0.0,0.0,0.0,0.0,0.0,0.0,0.0,0.0,0.0,0.0,0.0,0.0,0.0,0.0,0.0,0.0
2002-02-18,0.0,0.0,0.0,0.0,0.0,0.0,0.0,0.0,0.0,0.0,0.0,0.0,0.0,0.0,0.0,0.0,0.0
2002-02-19,0.0,0.0,0.0,0.0,0.0,0.0,0.0,0.0,0.0,0.0,0.0,0.0,0.0,0.0,0.0,0.0,0.0
2002-02-20,0.0,0.0,0.0,0.0,0.0,0.0,0.0,0.0,0.0,0.0,0.0,0.0,0.0,0.0,0.0,0.0,0.0
2002-02-21,0.0,0.0,0.0,0.0,0.0,0.0,0.0,0.0,0.0,0.0,0.0,0.0,0.0,0.0,0.0,0.0,0.0
2002-02-22,0.0,0.0,0.0,0.0,0.0,0.0,0.0,0.0,0.0,0.0,0.0,0.0,0.0,0.0,0.0,0.0,0.0
2002-02-25,0.0,0.0,0.0,0.0,0.0,0.0,0.0,0.0,0.0,0.0,0.0,0.0,0.0,0.0,0.0,0.0,0.0
2002-02-26,0.0,0.0,0.0,0.0,0.0,0.0,0.0,0.0,0.0,0.0,0.0,0.0,0.0,0.0,0.0,0.0,0.0
2002-02-27,0.0,0.0,0.0,0.0,0.0,0.0,0.0,0.0,0.0,0.0,0.0,0.0,0.0,0.0,0.0,0.0,0.0
2002-03-01,0.0,0.0,0.0,0.0,0.0,0.0,0.0,0.0,0.0,0.0,0.0,0.0,0.0,0.0,0.0,0.0,0.0
2002-03-04,0.0,0.0,0.0,0.0,0.0,0.0,0.0,0.0,0.0,0.0,0.0,0.0,0.0,0.0,0.0,0.0,0.0
2002-03-05,0.0,0.0,0.0,0.0,0.0,0.0,0.0,0.0,0.0,0.0,0.0,0.0,0.0,0.0,0.0,0.0,0.0
2002-03-06,0.0,0.0,0.0,0.0,0.0,0.0,0.0,0.0,0.0,0.0,0.0,0.0,0.0,0.0,0.0,0.0,0.0
2002-03-07,0.0,0.0,0.0,0.0,0.0,0.0,0.0,0.0,0.0,0.0,0.0,0.0,0.0,0.0,0.0,0.0,0.0
2002-03-08,0.0,0.0,0.0,0.0,0.0,0.0,0.0,0.0,0.0,0.0,0.0,0.0,0.0,0.0,0.0,0.0,0.0
2002-03-11,0.0,0.0,0.0,0.0,0.0,0.0,0.0,0.0,0.0,0.0,0.0,0.0,0.0,0.0,0.0,0.0,0.0
2002-03-12,0.0,0.0,0.0,0.0,0.0,0.0,0.0,0.0,0.0,0.0,0.0,0.0,0.0,0.0,0.0,0.0,0.0
2002-03-13,0.0,0.0,0.0,0.0,0.0,0.0,0.0,0.0,0.0,0.0,0.0,0.0,0.0,0.0,0.0,0.0,0.0
2002-03-14,0.0,0.0,0.0,0.0,0.0,0.0,0.0,0.0,0.0,0.0,0.0,0.0,0.0,0.0,0.0,0.0,0.0
2002-03-15,0.0,0.0,0.0,0.0,0.0,0.0,0.0,0.0,0.0,0.0,0.0,0.0,0.0,0.0,0.0,0.0,0.0
2002-03-18,0.0,0.0,0.0,0.0,0.0,0.0,0.0,0.0,0.0,0.0,0.0,0.0,0.0,0.0,0.0,0.0,0.0
2002-03-19,0.0,0.0,0.0,0.0,0.0,0.0,0.0,0.0,0.0,0.0,0.0,0.0,0.0,0.0,0.0,0.0,0.0
2002-03-20,0.0,0.0,0.0,0.0,0.0,0.0,0.0,0.0,0.0,0.0,0.0,0.0,0.0,0.0,0.0,0.0,0.0
2002-03-21,0.0,0.0,0.0,0.0,0.0,0.0,0.0,0.0,0.0,0.0,0.0,0.0,0.0,0.0,0.0,0.0,0.0
2002-03-22,0.0,0.0,0.0,0.0,0.0,0.0,0.0,0.0,0.0,0.0,0.0,0.0,0.0,0.0,0.0,0.0,0.0
2002-03-25,0.0,0.0,0.0,0.0,0.0,0.0,0.0,0.0,0.0,0.0,0.0,0.0,0.0,0.0,0.0,0.0,0.0
2002-03-26,0.0,0.0,0.0,0.0,0.0,0.0,0.0,0.0,0.0,0.0,0.0,0.0,0.0,0.0,0.0,0.0,0.0
2002-03-27,0.0,0.0,0.0,0.0,0.0,0.0,0.0,0.0,0.0,0.0,0.0,0.0,0.0,0.0,0.0,0.0,0.0
2002-03-28,0.0,0.0,0.0,0.0,0.0,0.0,0.0,0.0,0.0,0.0,0.0,0.0,0.0,0.0,0.0,0.0,0.0
2002-03-29,0.0,0.0,0.0,0.0,0.0,0.0,0.0,0.0,0.0,0.0,0.0,0.0,0.0,0.0,0.0,0.0,0.0
2002-04-01,0.0,0.0,0.0,0.0,0.0,0.0,0.0,0.0,0.0,0.0,0.0,0.0,0.0,0.0,0.0,0.0,0.0
2002-04-02,0.0,0.0,0.0,0.0,0.0,0.0,0.0,0.0,0.0,0.0,0.0,0.0,0.0,0.0,0.0,0.0,0.0
2002-04-03,0.0,0.0,0.0,0.0,0.0,0.0,0.0,0.0,0.0,0.0,0.0,0.0,0.0,0.0,0.0,0.0,0.0
2002-04-04,0.0,0.0,0.0,0.0,0.0,0.0,0.0,0.0,0.0,0.0,0.0,0.0,0.0,0.0,0.0,0.0,0.0
2002-04-08,0.0,0.0,0.0,0.0,0.0,0.0,0.0,0.0,0.0,0.0,0.0,0.0,0.0,0.0,0.0,0.0,0.0
2002-04-09,0.0,0.0,0.0,0.0,0.0,0.0,0.0,0.0,0.0,0.0,0.0,0.0,0.0,0.0,0.0,0.0,0.0
2002-04-10,0.0,0.0,0.0,0.0,0.0,0.0,0.0,0.0,0.0,0.0,0.0,0.0,0.0,0.0,0.0,0.0,0.0
2002-04-11,0.0,0.0,0.0,0.0,0.0,0.0,0.0,0.0,0.0,0.0,0.0,0.0,0.0,0.0,0.0,0.0,0.0
2002-04-12,0.0,0.0,0.0,0.0,0.0,0.0,0.0,0.0,0.0,0.0,0.0,0.0,0.0,0.0,0.0,0.0,0.0
2002-04-15,0.0,0.0,0.0,0.0,0.0,0.0,0.0,0.0,0.0,0.0,0.0,0.0,0.0,0.0,0.0,0.0,0.0
2002-04-16,0.0,0.0,0.0,0.0,0.0,0.0,0.0,0.0,0.0,0.0,0.0,0.0,0.0,0.0,0.0,0.0,0.0
2002-04-17,0.0,0.0,0.0,0.0,0.0,0.0,0.0,0.0,0.0,0.0,0.0,0.0,0.0,0.0,0.0,0.0,0.0
2002-04-18,0.0,0.0,0.0,0.0,0.0,0.0,0.0,0.0,0.0,0.0,0.0,0.0,0.0,0.0,0.0,0.0,0.0
2002-04-19,0.0,0.0,0.0,0.0,0.0,0.0,0.0,0.0,0.0,0.0,0.0,0.0,0.0,0.0,0.0,0.0,0.0
2002-04-22,0.0,0.0,0.0,0.0,0.0,0.0,0.0,0.0,0.0,0.0,0.0,0.0,0.0,0.0,0.0,0.0,0.0
2002-04-23,0.0,0.0,0.0,0.0,0.0,0.0,0.0,0.0,0.0,0.0,0.0,0.0,0.0,0.0,0.0,0.0,0.0
2002-04-24,0.0,0.0,0.0,0.0,0.0,0.0,0.0,0.0,0.0,0.0,0.0,0.0,0.0,0.0,0.0,0.0,0.0
2002-04-25,0.0,0.0,0.0,0.0,0.0,0.0,0.0,0.0,0.0,0.0,0.0,0.0,0.0,0.0,0.0,0.0,0.0
2002-04-26,0.0,0.0,0.0,0.0,0.0,0.0,0.0,0.0,0.0,0.0,0.0,0.0,0.0,0.0,0.0,0.0,0.0
2002-04-29,0.0,0.0,0.0,0.0,0.0,0.0,0.0,0.0,0.0,0.0,0.0,0.0,0.0,0.0,0.0,0.0,0.0
2002-04-30,0.0,0.0,0.0,0.0,0.0,0.0,0.0,0.0,0.0,0.0,0.0,0.0,0.0,0.0,0.0,0.0,0.0
2002-05-02,0.0,0.0,0.0,0.0,0.0,0.0,0.0,0.0,0.0,0.0,0.0,0.0,0.0,0.0,0.0,0.0,0.0
2002-05-03,0.0,0.0,0.0,0.0,0.0,0.0,0.0,0.0,0.0,0.0,0.0,0.0,0.0,0.0,0.0,0.0,0.0
2002-05-06,0.0,0.0,0.0,0.0,0.0,0.0,0.0,0.0,0.0,0.0,0.0,0.0,0.0,0.0,0.0,0.0,0.0
2002-05-07,0.0,0.0,0.0,0.0,0.0,0.0,0.0,0.0,0.0,0.0,0.0,0.0,0.0,0.0,0.0,0.0,0.0
2002-05-08,0.0,0.0,0.0,0.0,0.0,0.0,0.0,0.0,0.0,0.0,0.0,0.0,0.0,0.0,0.0,0.0,0.0
2002-05-09,0.0,0.0,0.0,0.0,0.0,0.0,0.0,0.0,0.0,0.0,0.0,0.0,0.0,0.0,0.0,0.0,0.0
2002-05-10,0.0,0.0,0.0,0.0,0.0,0.0,0.0,0.0,0.0,0.0,0.0,0.0,0.0,0.0,0.0,0.0,0.0
2002-05-13,0.0,0.0,0.0,0.0,0.0,0.0,0.0,0.0,0.0,0.0,0.0,0.0,0.0,0.0,0.0,0.0,0.0
2002-05-14,0.0,0.0,0.0,0.0,0.0,0.0,0.0,0.0,0.0,0.0,0.0,0.0,0.0,0.0,0.0,0.0,0.0
2002-05-15,0.0,0.0,0.0,0.0,0.0,0.0,0.0,0.0,0.0,0.0,0.0,0.0,0.0,0.0,0.0,0.0,0.0
2002-05-16,0.0,0.0,0.0,0.0,0.0,0.0,0.0,0.0,0.0,0.0,0.0,0.0,0.0,0.0,0.0,0.0,0.0
2002-05-17,0.0,0.0,0.0,0.0,0.0,0.0,0.0,0.0,0.0,0.0,0.0,0.0,0.0,0.0,0.0,0.0,0.0
2002-05-20,0.0,0.0,0.0,0.0,0.0,0.0,0.0,0.0,0.0,0.0,0.0,0.0,0.0,0.0,0.0,0.0,0.0
2002-05-21,0.0,0.0,0.0,0.0,0.0,0.0,0.0,0.0,0.0,0.0,0.0,0.0,0.0,0.0,0.0,0.0,0.0
2002-05-22,0.0,0.0,0.0,0.0,0.0,0.0,0.0,0.0,0.0,0.0,0.0,0.0,0.0,0.0,0.0,0.0,0.0
2002-05-23,0.0,0.0,0.0,0.0,0.0,0.0,0.0,0.0,0.0,0.0,0.0,0.0,0.0,0.0,0.0,0.0,0.0
2002-05-24,0.0,0.0,0.0,0.0,0.0,0.0,0.0,0.0,0.0,0.0,0.0,0.0,0.0,0.0,0.0,0.0,0.0
2002-05-27,0.0,0.0,0.0,0.0,0.0,0.0,0.0,0.0,0.0,0.0,0.0,0.0,0.0,0.0,0.0,0.0,0.0
2002-05-28,0.0,0.0,0.0,0.0,0.0,0.0,0.0,0.0,0.0,0.0,0.0,0.0,0.0,0.0,0.0,0.0,0.0
2002-05-29,0.0,0.0,0.0,0.0,0.0,0.0,0.0,0.0,0.0,0.0,0.0,0.0,0.0,0.0,0.0,0.0,0.0
2002-05-30,0.0,0.0,0.0,0.0,0.0,0.0,0.0,0.0,0.0,0.0,0.0,0.0,0.0,0.0,0.0,0.0,0.0
2002-05-31,0.0,0.0,0.0,0.0,0.0,0.0,0.0,0.0,0.0,0.0,0.0,0.0,0.0,0.0,0.0,0.0,0.0
2002-06-03,0.0,0.0,0.0,0.0,0.0,0.0,0.0,0.0,0.0,0.0,0.0,0.0,0.0,0.0,0.0,0.0,0.0
2002-06-04,0.0,0.0,0.0,0.0,0.0,0.0,0.0,0.0,0.0,0.0,0.0,0.0,0.0,0.0,0.0,0.0,0.0
2002-06-05,0.0,0.0,0.0,0.0,0.0,0.0,0.0,0.0,0.0,0.0,0.0,0.0,0.0,0.0,0.0,0.0,0.0
2002-06-06,0.0,0.0,0.0,0.0,0.0,0.0,0.0,0.0,0.0,0.0,0.0,0.0,0.0,0.0,0.0,0.0,0.0
2002-06-07,0.0,0.0,0.0,0.0,0.0,0.0,0.0,0.0,0.0,0.0,0.0,0.0,0.0,0.0,0.0,0.0,0.0
2002-06-10,0.0,0.0,0.0,0.0,0.0,0.0,0.0,0.0,0.0,0.0,0.0,0.0,0.0,0.0,0.0,0.0,0.0
2002-06-11,0.0,0.0,0.0,0.0,0.0,0.0,0.0,0.0,0.0,0.0,0.0,0.0,0.0,0.0,0.0,0.0,0.0
2002-06-12,0.0,0.0,0.0,0.0,0.0,0.0,0.0,0.0,0.0,0.0,0.0,0.0,0.0,0.0,0.0,0.0,0.0
2002-06-13,0.0,0.0,0.0,0.0,0.0,0.0,0.0,0.0,0.0,0.0,0.0,0.0,0.0,0.0,0.0,0.0,0.0
2002-06-14,0.0,0.0,0.0,0.0,0.0,0.0,0.0,0.0,0.0,0.0,0.0,0.0,0.0,0.0,0.0,0.0,0.0
2002-06-17,0.0,0.0,0.0,0.0,0.0,0.0,0.0,0.0,0.0,0.0,0.0,0.0,0.0,0.0,0.0,0.0,0.0
2002-06-18,0.0,0.0,0.0,0.0,0.0,0.0,0.0,0.0,0.0,0.0,0.0,0.0,0.0,0.0,0.0,0.0,0.0
2002-06-19,0.0,0.0,0.0,0.0,0.0,0.0,0.0,0.0,0.0,0.0,0.0,0.0,0.0,0.0,0.0,0.0,0.0
2002-06-20,0.0,0.0,0.0,0.0,0.0,0.0,0.0,0.0,0.0,0.0,0.0,0.0,0.0,0.0,0.0,0.0,0.0
2002-06-21,0.0,0.0,0.0,0.0,0.0,0.0,0.0,0.0,0.0,0.0,0.0,0.0,0.0,0.0,0.0,0.0,0.0
2002-06-24,0.0,0.0,0.0,0.0,0.0,0.0,0.0,0.0,0.0,0.0,0.0,0.0,0.0,0.0,0.0,0.0,0.0
2002-06-25,0.0,0.0,0.0,0.0,0.0,0.0,0.0,0.0,0.0,0.0,0.0,0.0,0.0,0.0,0.0,0.0,0.0
2002-06-26,0.0,0.0,0.0,0.0,0.0,0.0,0.0,0.0,0.0,0.0,0.0,0.0,0.0,0.0,0.0,0.0,0.0
2002-06-27,0.0,0.0,0.0,0.0,0.0,0.0,0.0,0.0,0.0,0.0,0.0,0.0,0.0,0.0,0.0,0.0,0.0
2002-06-28,0.0,0.0,0.0,0.0,0.0,0.0,0.0,0.0,0.0,0.0,0.0,0.0,0.0,0.0,0.0,0.0,0.0
2002-07-01,0.0,0.0,0.0,0.0,0.0,0.0,0.0,0.0,0.0,0.0,0.0,0.0,0.0,0.0,0.0,0.0,0.0
2002-07-02,0.0,0.0,0.0,0.0,0.0,0.0,0.0,0.0,0.0,0.0,0.0,0.0,0.0,0.0,0.0,0.0,0.0
2002-07-03,0.0,0.0,0.0,0.0,0.0,0.0,0.0,0.0,0.0,0.0,0.0,0.0,0.0,0.0,0.0,0.0,0.0
2002-07-04,0.0,0.0,0.0,0.0,0.0,0.0,0.0,0.0,0.0,0.0,0.0,0.0,0.0,0.0,0.0,0.0,0.0
2002-07-05,0.0,0.0,0.0,0.0,0.0,0.0,0.0,0.0,0.0,0.0,0.0,0.0,0.0,0.0,0.0,0.0,0.0
2002-07-08,0.0,0.0,0.0,0.0,0.0,0.0,0.0,0.0,0.0,0.0,0.0,0.0,0.0,0.0,0.0,0.0,0.0
2002-07-09,0.0,0.0,0.0,0.0,0.0,0.0,0.0,0.0,0.0,0.0,0.0,0.0,0.0,0.0,0.0,0.0,0.0
2002-07-10,0.0,0.0,0.0,0.0,0.0,0.0,0.0,0.0,0.0,0.0,0.0,0.0,0.0,0.0,0.0,0.0,0.0
2002-07-11,0.0,0.0,0.0,0.0,0.0,0.0,0.0,0.0,0.0,0.0,0.0,0.0,0.0,0.0,0.0,0.0,0.0
2002-07-12,0.0,0.0,0.0,0.0,0.0,0.0,0.0,0.0,0.0,0.0,0.0,0.0,0.0,0.0,0.0,0.0,0.0
2002-07-15,0.0,0.0,0.0,0.0,0.0,0.0,0.0,0.0,0.0,0.0,0.0,0.0,0.0,0.0,0.0,0.0,0.0
2002-07-16,0.0,0.0,0.0,0.0,0.0,0.0,0.0,0.0,0.0,0.0,0.0,0.0,0.0,0.0,0.0,0.0,0.0
2002-07-17,0.0,0.0,0.0,0.0,0.0,0.0,0.0,0.0,0.0,0.0,0.0,0.0,0.0,0.0,0.0,0.0,0.0
2002-07-18,0.0,0.0,0.0,0.0,0.0,0.0,0.0,0.0,0.0,0.0,0.0,0.0,0.0,0.0,0.0,0.0,0.0
2002-07-19,0.0,0.0,0.0,0.0,0.0,0.0,0.0,0.0,0.0,0.0,0.0,0.0,0.0,0.0,0.0,0.0,0.0
2002-07-22,0.0,0.0,0.0,0.0,0.0,0.0,0.0,0.0,0.0,0.0,0.0,0.0,0.0,0.0,0.0,0.0,0.0
2002-07-23,0.0,0.0,0.0,0.0,0.0,0.0,0.0,0.0,0.0,0.0,0.0,0.0,0.0,0.0,0.0,0.0,0.0
2002-07-24,0.0,0.0,0.0,0.0,0.0,0.0,0.0,0.0,0.0,0.0,0.0,0.0,0.0,0.0,0.0,0.0,0.0
2002-07-25,0.0,0.0,0.0,0.0,0.0,0.0,0.0,0.0,0.0,0.0,0.0,0.0,0.0,0.0,0.0,0.0,0.0
2002-07-26,0.0,0.0,0.0,0.0,0.0,0.0,0.0,0.0,0.0,0.0,0.0,0.0,0.0,0.0,0.0,0.0,0.0
2002-07-29,0.0,0.0,0.0,0.0,0.0,0.0,0.0,0.0,0.0,0.0,0.0,0.0,0.0,0.0,0.0,0.0,0.0
2002-07-30,0.0,0.0,0.0,0.0,0.0,0.0,0.0,0.0,0.0,0.0,0.0,0.0,0.0,0.0,0.0,0.0,0.0
2002-07-31,0.0,0.0,0.0,0.0,0.0,0.0,0.0,0.0,0.0,0.0,0.0,0.0,0.0,0.0,0.0,0.0,0.0
2002-08-01,0.0,0.0,0.0,0.0,0.0,0.0,0.0,0.0,0.0,0.0,0.0,0.0,0.0,0.0,0.0,0.0,0.0
2002-08-02,0.0,0.0,0.0,0.0,0.0,0.0,0.0,0.0,0.0,0.0,0.0,0.0,0.0,0.0,0.0,0.0,0.0
2002-08-05,0.0,0.0,0.0,0.0,0.0,0.0,0.0,0.0,0.0,0.0,0.0,0.0,0.0,0.0,0.0,0.0,0.0
2002-08-06,0.0,0.0,0.0,0.0,0.0,0.0,0.0,0.0,0.0,0.0,0.0,0.0,0.0,0.0,0.0,0.0,0.0
2002-08-07,0.0,0.0,0.0,0.0,0.0,0.0,0.0,0.0,0.0,0.0,0.0,0.0,0.0,0.0,0.0,0.0,0.0
2002-08-08,0.0,0.0,0.0,0.0,0.0,0.0,0.0,0.0,0.0,0.0,0.0,0.0,0.0,0.0,0.0,0.0,0.0
2002-08-09,0.0,0.0,0.0,0.0,0.0,0.0,0.0,0.0,0.0,0.0,0.0,0.0,0.0,0.0,0.0,0.0,0.0
2002-08-12,0.0,0.0,0.0,0.0,0.0,0.0,0.0,0.0,0.0,0.0,0.0,0.0,0.0,0.0,0.0,0.0,0.0
2002-08-13,0.0,0.0,0.0,0.0,0.0,0.0,0.0,0.0,0.0,0.0,0.0,0.0,0.0,0.0,0.0,0.0,0.0
2002-08-14,0.0,0.0,0.0,0.0,0.0,0.0,0.0,0.0,0.0,0.0,0.0,0.0,0.0,0.0,0.0,0.0,0.0
2002-08-15,0.0,0.0,0.0,0.0,0.0,0.0,0.0,0.0,0.0,0.0,0.0,0.0,0.0,0.0,0.0,0.0,0.0
2002-08-16,0.0,0.0,0.0,0.0,0.0,0.0,0.0,0.0,0.0,0.0,0.0,0.0,0.0,0.0,0.0,0.0,0.0
2002-08-19,0.0,0.0,0.0,0.0,0.0,0.0,0.0,0.0,0.0,0.0,0.0,0.0,0.0,0.0,0.0,0.0,0.0
2002-08-20,0.0,0.0,0.0,0.0,0.0,0.0,0.0,0.0,0.0,0.0,0.0,0.0,0.0,0.0,0.0,0.0,0.0
2002-08-21,0.0,0.0,0.0,0.0,0.0,0.0,0.0,0.0,0.0,0.0,0.0,0.0,0.0,0.0,0.0,0.0,0.0
2002-08-22,0.0,0.0,0.0,0.0,0.0,0.0,0.0,0.0,0.0,0.0,0.0,0.0,0.0,0.0,0.0,0.0,0.0
2002-08-23,0.0,0.0,0.0,0.0,0.0,0.0,0.0,0.0,0.0,0.0,0.0,0.0,0.0,0.0,0.0,0.0,0.0
2002-08-26,0.0,0.0,0.0,0.0,0.0,0.0,0.0,0.0,0.0,0.0,0.0,0.0,0.0,0.0,0.0,0.0,0.0
2002-08-27,0.0,0.0,0.0,0.0,0.0,0.0,0.0,0.0,0.0,0.0,0.0,0.0,0.0,0.0,0.0,0.0,0.0
2002-08-28,0.0,0.0,0.0,0.0,0.0,0.0,0.0,0.0,0.0,0.0,0.0,0.0,0.0,0.0,0.0,0.0,0.0
2002-08-29,0.0,0.0,0.0,0.0,0.0,0.0,0.0,0.0,0.0,0.0,0.0,0.0,0.0,0.0,0.0,0.0,0.0
2002-08-30,0.0,0.0,0.0,0.0,0.0,0.0,0.0,0.0,0.0,0.0,0.0,0.0,0.0,0.0,0.0,0.0,0.0
2002-09-02,0.0,0.0,0.0,0.0,0.0,0.0,0.0,0.0,0.0,0.0,0.0,0.0,0.0,0.0,0.0,0.0,0.0
2002-09-03,0.0,0.0,0.0,0.0,0.0,0.0,0.0,0.0,0.0,0.0,0.0,0.0,0.0,0.0,0.0,0.0,0.0
2002-09-04,0.0,0.0,0.0,0.0,0.0,0.0,0.0,0.0,0.0,0.0,0.0,0.0,0.0,0.0,0.0,0.0,0.0
2002-09-05,0.0,0.0,0.0,0.0,0.0,0.0,0.0,0.0,0.0,0.0,0.0,0.0,0.0,0.0,0.0,0.0,0.0
2002-09-09,0.0,0.0,0.0,0.0,0.0,0.0,0.0,0.0,0.0,0.0,0.0,0.0,0.0,0.0,0.0,0.0,0.0
2002-09-10,0.0,0.0,0.0,0.0,0.0,0.0,0.0,0.0,0.0,0.0,0.0,0.0,0.0,0.0,0.0,0.0,0.0
2002-09-11,0.0,0.0,0.0,0.0,0.0,0.0,0.0,0.0,0.0,0.0,0.0,0.0,0.0,0.0,0.0,0.0,0.0
2002-09-12,0.0,0.0,0.0,0.0,0.0,0.0,0.0,0.0,0.0,0.0,0.0,0.0,0.0,0.0,0.0,0.0,0.0
2002-09-13,0.0,0.0,0.0,0.0,0.0,0.0,0.0,0.0,0.0,0.0,0.0,0.0,0.0,0.0,0.0,0.0,0.0
2002-09-16,0.0,0.0,0.0,0.0,0.0,0.0,0.0,0.0,0.0,0.0,0.0,0.0,0.0,0.0,0.0,0.0,0.0
2002-09-17,0.0,0.0,0.0,0.0,0.0,0.0,0.0,0.0,0.0,0.0,0.0,0.0,0.0,0.0,0.0,0.0,0.0
2002-09-18,0.0,0.0,0.0,0.0,0.0,0.0,0.0,0.0,0.0,0.0,0.0,0.0,0.0,0.0,0.0,0.0,0.0
2002-09-19,0.0,0.0,0.0,0.0,0.0,0.0,0.0,0.0,0.0,0.0,0.0,0.0,0.0,0.0,0.0,0.0,0.0
2002-09-20,0.0,0.0,0.0,0.0,0.0,0.0,0.0,0.0,0.0,0.0,0.0,0.0,0.0,0.0,0.0,0.0,0.0
2002-09-23,0.0,0.0,0.0,0.0,0.0,0.0,0.0,0.0,0.0,0.0,0.0,0.0,0.0,0.0,0.0,0.0,0.0
2002-09-24,0.0,0.0,0.0,0.0,0.0,0.0,0.0,0.0,0.0,0.0,0.0,0.0,0.0,0.0,0.0,0.0,0.0
2002-09-25,0.0,0.0,0.0,0.0,0.0,0.0,0.0,0.0,0.0,0.0,0.0,0.0,0.0,0.0,0.0,0.0,0.0
2002-09-26,0.0,0.0,0.0,0.0,0.0,0.0,0.0,0.0,0.0,0.0,0.0,0.0,0.0,0.0,0.0,0.0,0.0
2002-09-27,0.0,0.0,0.0,0.0,0.0,0.0,0.0,0.0,0.0,0.0,0.0,0.0,0.0,0.0,0.0,0.0,0.0
2002-09-30,0.0,0.0,0.0,0.0,0.0,0.0,0.0,0.0,0.0,0.0,0.0,0.0,0.0,0.0,0.0,0.0,0.0
2002-10-01,0.0,0.0,0.0,0.0,0.0,0.0,0.0,0.0,0.0,0.0,0.0,0.0,0.0,0.0,0.0,0.0,0.0
2002-10-02,0.0,0.0,0.0,0.0,0.0,0.0,0.0,0.0,0.0,0.0,0.0,0.0,0.0,0.0,0.0,0.0,0.0
2002-10-03,0.0,0.0,0.0,0.0,0.0,0.0,0.0,0.0,0.0,0.0,0.0,0.0,0.0,0.0,0.0,0.0,0.0
2002-10-04,0.0,0.0,0.0,0.0,0.0,0.0,0.0,0.0,0.0,0.0,0.0,0.0,0.0,0.0,0.0,0.0,0.0
2002-10-07,0.0,0.0,0.0,0.0,0.0,0.0,0.0,0.0,0.0,0.0,0.0,0.0,0.0,0.0,0.0,0.0,0.0
2002-10-08,0.0,0.0,0.0,0.0,0.0,0.0,0.0,0.0,0.0,0.0,0.0,0.0,0.0,0.0,0.0,0.0,0.0
2002-10-09,0.0,0.0,0.0,0.0,0.0,0.0,0.0,0.0,0.0,0.0,0.0,0.0,0.0,0.0,0.0,0.0,0.0
2002-10-11,0.0,0.0,0.0,0.0,0.0,0.0,0.0,0.0,0.0,0.0,0.0,0.0,0.0,0.0,0.0,0.0,0.0
2002-10-14,0.0,0.0,0.0,0.0,0.0,0.0,0.0,0.0,0.0,0.0,0.0,0.0,0.0,0.0,0.0,0.0,0.0
2002-10-15,0.0,0.0,0.0,0.0,0.0,0.0,0.0,0.0,0.0,0.0,0.0,0.0,0.0,0.0,0.0,0.0,0.0
2002-10-16,0.0,0.0,0.0,0.0,0.0,0.0,0.0,0.0,0.0,0.0,0.0,0.0,0.0,0.0,0.0,0.0,0.0
2002-10-17,0.0,0.0,0.0,0.0,0.0,0.0,0.0,0.0,0.0,0.0,0.0,0.0,0.0,0.0,0.0,0.0,0.0
2002-10-18,0.0,0.0,0.0,0.0,0.0,0.0,0.0,0.0,0.0,0.0,0.0,0.0,0.0,0.0,0.0,0.0,0.0
2002-10-21,0.0,0.0,0.0,0.0,0.0,0.0,0.0,0.0,0.0,0.0,0.0,0.0,0.0,0.0,0.0,0.0,0.0
2002-10-22,0.0,0.0,0.0,0.0,0.0,0.0,0.0,0.0,0.0,0.0,0.0,0.0,0.0,0.0,0.0,0.0,0.0
2002-10-23,0.0,0.0,0.0,0.0,0.0,0.0,0.0,0.0,0.0,0.0,0.0,0.0,0.0,0.0,0.0,0.0,0.0
2002-10-24,0.0,0.0,0.0,0.0,0.0,0.0,0.0,0.0,0.0,0.0,0.0,0.0,0.0,0.0,0.0,0.0,0.0
2002-10-25,0.0,0.0,0.0,0.0,0.0,0.0,0.0,0.0,0.0,0.0,0.0,0.0,0.0,0.0,0.0,0.0,0.0
2002-10-28,0.0,0.0,0.0,0.0,0.0,0.0,0.0,0.0,0.0,0.0,0.0,0.0,0.0,0.0,0.0,0.0,0.0
2002-10-29,0.0,0.0,0.0,0.0,0.0,0.0,0.0,0.0,0.0,0.0,0.0,0.0,0.0,0.0,0.0,0.0,0.0
2002-10-30,0.0,0.0,0.0,0.0,0.0,0.0,0.0,0.0,0.0,0.0,0.0,0.0,0.0,0.0,0.0,0.0,0.0
2002-10-31,0.0,0.0,0.0,0.0,0.0,0.0,0.0,0.0,0.0,0.0,0.0,0.0,0.0,0.0,0.0,0.0,0.0
2002-11-01,0.0,0.0,0.0,0.0,0.0,0.0,0.0,0.0,0.0,0.0,0.0,0.0,0.0,0.0,0.0,0.0,0.0
2002-11-04,0.0,0.0,0.0,0.0,0.0,0.0,0.0,0.0,0.0,0.0,0.0,0.0,0.0,0.0,0.0,0.0,0.0
2002-11-05,0.0,0.0,0.0,0.0,0.0,0.0,0.0,0.0,0.0,0.0,0.0,0.0,0.0,0.0,0.0,0.0,0.0
2002-11-06,0.0,0.0,0.0,0.0,0.0,0.0,0.0,0.0,0.0,0.0,0.0,0.0,0.0,0.0,0.0,0.0,0.0
2002-11-07,0.0,0.0,0.0,0.0,0.0,0.0,0.0,0.0,0.0,0.0,0.0,0.0,0.0,0.0,0.0,0.0,0.0
2002-11-08,0.0,0.0,0.0,0.0,0.0,0.0,0.0,0.0,0.0,0.0,0.0,0.0,0.0,0.0,0.0,0.0,0.0
2002-11-11,0.0,0.0,0.0,0.0,0.0,0.0,0.0,0.0,0.0,0.0,0.0,0.0,0.0,0.0,0.0,0.0,0.0
2002-11-12,0.0,0.0,0.0,0.0,0.0,0.0,0.0,0.0,0.0,0.0,0.0,0.0,0.0,0.0,0.0,0.0,0.0
2002-11-13,0.0,0.0,0.0,0.0,0.0,0.0,0.0,0.0,0.0,0.0,0.0,0.0,0.0,0.0,0.0,0.0,0.0
2002-11-14,0.0,0.0,0.0,0.0,0.0,0.0,0.0,0.0,0.0,0.0,0.0,0.0,0.0,0.0,0.0,0.0,0.0
2002-11-15,0.0,0.0,0.0,0.0,0.0,0.0,0.0,0.0,0.0,0.0,0.0,0.0,0.0,0.0,0.0,0.0,0.0
2002-11-18,0.0,0.0,0.0,0.0,0.0,0.0,0.0,0.0,0.0,0.0,0.0,0.0,0.0,0.0,0.0,0.0,0.0
2002-11-19,0.0,0.0,0.0,0.0,0.0,0.0,0.0,0.0,0.0,0.0,0.0,0.0,0.0,0.0,0.0,0.0,0.0
2002-11-20,0.0,0.0,0.0,0.0,0.0,0.0,0.0,0.0,0.0,0.0,0.0,0.0,0.0,0.0,0.0,0.0,0.0
2002-11-21,0.0,0.0,0.0,0.0,0.0,0.0,0.0,0.0,0.0,0.0,0.0,0.0,0.0,0.0,0.0,0.0,0.0
2002-11-22,0.0,0.0,0.0,0.0,0.0,0.0,0.0,0.0,0.0,0.0,0.0,0.0,0.0,0.0,0.0,0.0,0.0
2002-11-25,0.0,0.0,0.0,0.0,0.0,0.0,0.0,0.0,0.0,0.0,0.0,0.0,0.0,0.0,0.0,0.0,0.0
2002-11-26,0.0,0.0,0.0,0.0,0.0,0.0,0.0,0.0,0.0,0.0,0.0,0.0,0.0,0.0,0.0,0.0,0.0
2002-11-27,0.0,0.0,0.0,0.0,0.0,0.0,0.0,0.0,0.0,0.0,0.0,0.0,0.0,0.0,0.0,0.0,0.0
2002-11-28,0.0,0.0,0.0,0.0,0.0,0.0,0.0,0.0,0.0,0.0,0.0,0.0,0.0,0.0,0.0,0.0,0.0
2002-11-29,0.0,0.0,0.0,0.0,0.0,0.0,0.0,0.0,0.0,0.0,0.0,0.0,0.0,0.0,0.0,0.0,0.0
2002-12-02,0.0,0.0,0.0,0.0,0.0,0.0,0.0,0.0,0.0,0.0,0.0,0.0,0.0,0.0,0.0,0.0,0.0
2002-12-03,0.0,0.0,0.0,0.0,0.0,0.0,0.0,0.0,0.0,0.0,0.0,0.0,0.0,0.0,0.0,0.0,0.0
2002-12-04,0.0,0.0,0.0,0.0,0.0,0.0,0.0,0.0,0.0,0.0,0.0,0.0,0.0,0.0,0.0,0.0,0.0
2002-12-05,0.0,0.0,0.0,0.0,0.0,0.0,0.0,0.0,0.0,0.0,0.0,0.0,0.0,0.0,0.0,0.0,0.0
2002-12-06,0.0,0.0,0.0,0.0,0.0,0.0,0.0,0.0,0.0,0.0,0.0,0.0,0.0,0.0,0.0,0.0,0.0
2002-12-09,0.0,0.0,0.0,0.0,0.0,0.0,0.0,0.0,0.0,0.0,0.0,0.0,0.0,0.0,0.0,0.0,0.0
2002-12-10,0.0,0.0,0.0,0.0,0.0,0.0,0.0,0.0,0.0,0.0,0.0,0.0,0.0,0.0,0.0,0.0,0.0
2002-12-11,0.0,0.0,0.0,0.0,0.0,0.0,0.0,0.0,0.0,0.0,0.0,0.0,0.0,0.0,0.0,0.0,0.0
2002-12-12,0.0,0.0,0.0,0.0,0.0,0.0,0.0,0.0,0.0,0.0,0.0,0.0,0.0,0.0,0.0,0.0,0.0
2002-12-13,0.0,0.0,0.0,0.0,0.0,0.0,0.0,0.0,0.0,0.0,0.0,0.0,0.0,0.0,0.0,0.0,0.0
2002-12-16,0.0,0.0,0.0,0.0,0.0,0.0,0.0,0.0,0.0,0.0,0.0,0.0,0.0,0.0,0.0,0.0,0.0
2002-12-17,0.0,0.0,0.0,0.0,0.0,0.0,0.0,0.0,0.0,0.0,0.0,0.0,0.0,0.0,0.0,0.0,0.0
2002-12-18,0.0,0.0,0.0,0.0,0.0,0.0,0.0,0.0,0.0,0.0,0.0,0.0,0.0,0.0,0.0,0.0,0.0
2002-12-19,0.0,0.0,0.0,0.0,0.0,0.0,0.0,0.0,0.0,0.0,0.0,0.0,0.0,0.0,0.0,0.0,0.0
2002-12-20,0.0,0.0,0.0,0.0,0.0,0.0,0.0,0.0,0.0,0.0,0.0,0.0,0.0,0.0,0.0,0.0,0.0
2002-12-23,0.0,0.0,0.0,0.0,0.0,0.0,0.0,0.0,0.0,0.0,0.0,0.0,0.0,0.0,0.0,0.0,0.0
2002-12-24,0.0,0.0,0.0,0.0,0.0,0.0,0.0,0.0,0.0,0.0,0.0,0.0,0.0,0.0,0.0,0.0,0.0
2002-12-25,0.0,0.0,0.0,0.0,0.0,0.0,0.0,0.0,0.0,0.0,0.0,0.0,0.0,0.0,0.0,0.0,0.0
2002-12-26,0.0,0.0,0.0,0.0,0.0,0.0,0.0,0.0,0.0,0.0,0.0,0.0,0.0,0.0,0.0,0.0,0.0
2002-12-27,0.0,0.0,0.0,0.0,0.0,0.0,0.0,0.0,0.0,0.0,0.0,0.0,0.0,0.0,0.0,0.0,0.0
2002-12-30,0.0,0.0,0.0,0.0,0.0,0.0,0.0,0.0,0.0,0.0,0.0,0.0,0.0,0.0,0.0,0.0,0.0
2002-12-31,0.0,0.0,0.0,0.0,0.0,0.0,0.0,0.0,0.0,0.0,0.0,0.0,0.0,0.0,0.0,0.0,0.0
2003-01-02,0.0,0.0,0.0,0.0,0.0,0.0,0.0,0.0,0.0,0.0,0.0,0.0,0.0,0.0,0.0,0.0,0.0
2003-01-03,0.0,0.0,0.0,0.0,0.0,0.0,0.0,0.0,0.0,0.0,0.0,0.0,0.0,0.0,0.0,0.0,0.0
2003-01-06,0.0,0.0,0.0,0.0,0.0,0.0,0.0,0.0,0.0,0.0,0.0,0.0,0.0,0.0,0.0,0.0,0.0
2003-01-07,0.0,0.0,0.0,0.0,0.0,0.0,0.0,0.0,0.0,0.0,0.0,0.0,0.0,0.0,0.0,0.0,0.0
2003-01-08,0.0,0.0,0.0,0.0,0.0,0.0,0.0,0.0,0.0,0.0,0.0,0.0,0.0,0.0,0.0,0.0,0.0
2003-01-09,0.0,0.0,0.0,0.0,0.0,0.0,0.0,0.0,0.0,0.0,0.0,0.0,0.0,0.0,0.0,0.0,0.0
2003-01-10,0.0,0.0,0.0,0.0,0.0,0.0,0.0,0.0,0.0,0.0,0.0,0.0,0.0,0.0,0.0,0.0,0.0
2003-01-13,0.0,0.0,0.0,0.0,0.0,0.0,0.0,0.0,0.0,0.0,0.0,0.0,0.0,0.0,0.0,0.0,0.0
2003-01-14,0.0,0.0,0.0,0.0,0.0,0.0,0.0,0.0,0.0,0.0,0.0,0.0,0.0,0.0,0.0,0.0,0.0
2003-01-15,0.0,0.0,0.0,0.0,0.0,0.0,0.0,0.0,0.0,0.0,0.0,0.0,0.0,0.0,0.0,0.0,0.0
2003-01-16,0.0,0.0,0.0,0.0,0.0,0.0,0.0,0.0,0.0,0.0,0.0,0.0,0.0,0.0,0.0,0.0,0.0
2003-01-17,0.0,0.0,0.0,0.0,0.0,0.0,0.0,0.0,0.0,0.0,0.0,0.0,0.0,0.0,0.0,0.0,0.0
2003-01-20,0.0,0.0,0.0,0.0,0.0,0.0,0.0,0.0,0.0,0.0,0.0,0.0,0.0,0.0,0.0,0.0,0.0
2003-01-21,0.0,0.0,0.0,0.0,0.0,0.0,0.0,0.0,0.0,0.0,0.0,0.0,0.0,0.0,0.0,0.0,0.0
2003-01-22,0.0,0.0,0.0,0.0,0.0,0.0,0.0,0.0,0.0,0.0,0.0,0.0,0.0,0.0,0.0,0.0,0.0
2003-01-23,0.0,0.0,0.0,0.0,0.0,0.0,0.0,0.0,0.0,0.0,0.0,0.0,0.0,0.0,0.0,0.0,0.0
2003-01-24,0.0,0.0,0.0,0.0,0.0,0.0,0.0,0.0,0.0,0.0,0.0,0.0,0.0,0.0,0.0,0.0,0.0
2003-01-27,0.0,0.0,0.0,0.0,0.0,0.0,0.0,0.0,0.0,0.0,0.0,0.0,0.0,0.0,0.0,0.0,0.0
2003-01-28,0.0,0.0,0.0,0.0,0.0,0.0,0.0,0.0,0.0,0.0,0.0,0.0,0.0,0.0,0.0,0.0,0.0
2003-02-06,0.0,0.0,0.0,0.0,0.0,0.0,0.0,0.0,0.0,0.0,0.0,0.0,0.0,0.0,0.0,0.0,0.0
2003-02-07,0.0,0.0,0.0,0.0,0.0,0.0,0.0,0.0,0.0,0.0,0.0,0.0,0.0,0.0,0.0,0.0,0.0
2003-02-10,0.0,0.0,0.0,0.0,0.0,0.0,0.0,0.0,0.0,0.0,0.0,0.0,0.0,0.0,0.0,0.0,0.0
2003-02-11,0.0,0.0,0.0,0.0,0.0,0.0,0.0,0.0,0.0,0.0,0.0,0.0,0.0,0.0,0.0,0.0,0.0
2003-02-12,0.0,0.0,0.0,0.0,0.0,0.0,0.0,0.0,0.0,0.0,0.0,0.0,0.0,0.0,0.0,0.0,0.0
2003-02-13,0.0,0.0,0.0,0.0,0.0,0.0,0.0,0.0,0.0,0.0,0.0,0.0,0.0,0.0,0.0,0.0,0.0
2003-02-14,0.0,0.0,0.0,0.0,0.0,0.0,0.0,0.0,0.0,0.0,0.0,0.0,0.0,0.0,0.0,0.0,0.0
2003-02-17,0.0,0.0,0.0,0.0,0.0,0.0,0.0,0.0,0.0,0.0,0.0,0.0,0.0,0.0,0.0,0.0,0.0
2003-02-18,0.0,0.0,0.0,0.0,0.0,0.0,0.0,0.0,0.0,0.0,0.0,0.0,0.0,0.0,0.0,0.0,0.0
2003-02-19,0.0,0.0,0.0,0.0,0.0,0.0,0.0,0.0,0.0,0.0,0.0,0.0,0.0,0.0,0.0,0.0,0.0
2003-02-20,0.0,0.0,0.0,0.0,0.0,0.0,0.0,0.0,0.0,0.0,0.0,0.0,0.0,0.0,0.0,0.0,0.0
2003-02-21,0.0,0.0,0.0,0.0,0.0,0.0,0.0,0.0,0.0,0.0,0.0,0.0,0.0,0.0,0.0,0.0,0.0
2003-02-24,0.0,0.0,0.0,0.0,0.0,0.0,0.0,0.0,0.0,0.0,0.0,0.0,0.0,0.0,0.0,0.0,0.0
2003-02-25,0.0,0.0,0.0,0.0,0.0,0.0,0.0,0.0,0.0,0.0,0.0,0.0,0.0,0.0,0.0,0.0,0.0
2003-02-26,0.0,0.0,0.0,0.0,0.0,0.0,0.0,0.0,0.0,0.0,0.0,0.0,0.0,0.0,0.0,0.0,0.0
2003-02-27,0.0,0.0,0.0,0.0,0.0,0.0,0.0,0.0,0.0,0.0,0.0,0.0,0.0,0.0,0.0,0.0,0.0
2003-03-03,0.0,0.0,0.0,0.0,0.0,0.0,0.0,0.0,0.0,0.0,0.0,0.0,0.0,0.0,0.0,0.0,0.0
2003-03-04,0.0,0.0,0.0,0.0,0.0,0.0,0.0,0.0,0.0,0.0,0.0,0.0,0.0,0.0,0.0,0.0,0.0
2003-03-05,0.0,0.0,0.0,0.0,0.0,0.0,0.0,0.0,0.0,0.0,0.0,0.0,0.0,0.0,0.0,0.0,0.0
2003-03-06,0.0,0.0,0.0,0.0,0.0,0.0,0.0,0.0,0.0,0.0,0.0,0.0,0.0,0.0,0.0,0.0,0.0
2003-03-07,0.0,0.0,0.0,0.0,0.0,0.0,0.0,0.0,0.0,0.0,0.0,0.0,0.0,0.0,0.0,0.0,0.0
2003-03-10,0.0,0.0,0.0,0.0,0.0,0.0,0.0,0.0,0.0,0.0,0.0,0.0,0.0,0.0,0.0,0.0,0.0
2003-03-11,0.0,0.0,0.0,0.0,0.0,0.0,0.0,0.0,0.0,0.0,0.0,0.0,0.0,0.0,0.0,0.0,0.0
2003-03-12,0.0,0.0,0.0,0.0,0.0,0.0,0.0,0.0,0.0,0.0,0.0,0.0,0.0,0.0,0.0,0.0,0.0
2003-03-13,0.0,0.0,0.0,0.0,0.0,0.0,0.0,0.0,0.0,0.0,0.0,0.0,0.0,0.0,0.0,0.0,0.0
2003-03-14,0.0,0.0,0.0,0.0,0.0,0.0,0.0,0.0,0.0,0.0,0.0,0.0,0.0,0.0,0.0,0.0,0.0
2003-03-17,0.0,0.0,0.0,0.0,0.0,0.0,0.0,0.0,0.0,0.0,0.0,0.0,0.0,0.0,0.0,0.0,0.0
2003-03-18,0.0,0.0,0.0,0.0,0.0,0.0,0.0,0.0,0.0,0.0,0.0,0.0,0.0,0.0,0.0,0.0,0.0
2003-03-19,0.0,0.0,0.0,0.0,0.0,0.0,0.0,0.0,0.0,0.0,0.0,0.0,0.0,0.0,0.0,0.0,0.0
2003-03-20,0.0,0.0,0.0,0.0,0.0,0.0,0.0,0.0,0.0,0.0,0.0,0.0,0.0,0.0,0.0,0.0,0.0
2003-03-21,0.0,0.0,0.0,0.0,0.0,0.0,0.0,0.0,0.0,0.0,0.0,0.0,0.0,0.0,0.0,0.0,0.0
2003-03-24,0.0,0.0,0.0,0.0,0.0,0.0,0.0,0.0,0.0,0.0,0.0,0.0,0.0,0.0,0.0,0.0,0.0
2003-03-25,0.0,0.0,0.0,0.0,0.0,0.0,0.0,0.0,0.0,0.0,0.0,0.0,0.0,0.0,0.0,0.0,0.0
2003-03-26,0.0,0.0,0.0,0.0,0.0,0.0,0.0,0.0,0.0,0.0,0.0,0.0,0.0,0.0,0.0,0.0,0.0
2003-03-27,0.0,0.0,0.0,0.0,0.0,0.0,0.0,0.0,0.0,0.0,0.0,0.0,0.0,0.0,0.0,0.0,0.0
2003-03-28,0.0,0.0,0.0,0.0,0.0,0.0,0.0,0.0,0.0,0.0,0.0,0.0,0.0,0.0,0.0,0.0,0.0
2003-03-31,0.0,0.0,0.0,0.0,0.0,0.0,0.0,0.0,0.0,0.0,0.0,0.0,0.0,0.0,0.0,0.0,0.0
2003-04-01,0.0,0.0,0.0,0.0,0.0,0.0,0.0,0.0,0.0,0.0,0.0,0.0,0.0,0.0,0.0,0.0,0.0
2003-04-02,0.0,0.0,0.0,0.0,0.0,0.0,0.0,0.0,0.0,0.0,0.0,0.0,0.0,0.0,0.0,0.0,0.0
2003-04-03,0.0,0.0,0.0,0.0,0.0,0.0,0.0,0.0,0.0,0.0,0.0,0.0,0.0,0.0,0.0,0.0,0.0
2003-04-04,0.0,0.0,0.0,0.0,0.0,0.0,0.0,0.0,0.0,0.0,0.0,0.0,0.0,0.0,0.0,0.0,0.0
2003-04-07,0.0,0.0,0.0,0.0,0.0,0.0,0.0,0.0,0.0,0.0,0.0,0.0,0.0,0.0,0.0,0.0,0.0
2003-04-08,0.0,0.0,0.0,0.0,0.0,0.0,0.0,0.0,0.0,0.0,0.0,0.0,0.0,0.0,0.0,0.0,0.0
2003-04-09,0.0,0.0,0.0,0.0,0.0,0.0,0.0,0.0,0.0,0.0,0.0,0.0,0.0,0.0,0.0,0.0,0.0
2003-04-10,0.0,0.0,0.0,0.0,0.0,0.0,0.0,0.0,0.0,0.0,0.0,0.0,0.0,0.0,0.0,0.0,0.0
2003-04-11,0.0,0.0,0.0,0.0,0.0,0.0,0.0,0.0,0.0,0.0,0.0,0.0,0.0,0.0,0.0,0.0,0.0
2003-04-14,0.0,0.0,0.0,0.0,0.0,0.0,0.0,0.0,0.0,0.0,0.0,0.0,0.0,0.0,0.0,0.0,0.0
2003-04-15,0.0,0.0,0.0,0.0,0.0,0.0,0.0,0.0,0.0,0.0,0.0,0.0,0.0,0.0,0.0,0.0,0.0
2003-04-16,0.0,0.0,0.0,0.0,0.0,0.0,0.0,0.0,0.0,0.0,0.0,0.0,0.0,0.0,0.0,0.0,0.0
2003-04-17,0.0,0.0,0.0,0.0,0.0,0.0,0.0,0.0,0.0,0.0,0.0,0.0,0.0,0.0,0.0,0.0,0.0
2003-04-18,0.0,0.0,0.0,0.0,0.0,0.0,0.0,0.0,0.0,0.0,0.0,0.0,0.0,0.0,0.0,0.0,0.0
2003-04-21,0.0,0.0,0.0,0.0,0.0,0.0,0.0,0.0,0.0,0.0,0.0,0.0,0.0,0.0,0.0,0.0,0.0
2003-04-22,0.0,0.0,0.0,0.0,0.0,0.0,0.0,0.0,0.0,0.0,0.0,0.0,0.0,0.0,0.0,0.0,0.0
2003-04-23,0.0,0.0,0.0,0.0,0.0,0.0,0.0,0.0,0.0,0.0,0.0,0.0,0.0,0.0,0.0,0.0,0.0
2003-04-24,0.0,0.0,0.0,0.0,0.0,0.0,0.0,0.0,0.0,0.0,0.0,0.0,0.0,0.0,0.0,0.0,0.0
2003-04-25,0.0,0.0,0.0,0.0,0.0,0.0,0.0,0.0,0.0,0.0,0.0,0.0,0.0,0.0,0.0,0.0,0.0
2003-04-28,0.0,0.0,0.0,0.0,0.0,0.0,0.0,0.0,0.0,0.0,0.0,0.0,0.0,0.0,0.0,0.0,0.0
2003-04-29,0.0,0.0,0.0,0.0,0.0,0.0,0.0,0.0,0.0,0.0,0.0,0.0,0.0,0.0,0.0,0.0,0.0
2003-04-30,0.0,0.0,0.0,0.0,0.0,0.0,0.0,0.0,0.0,0.0,0.0,0.0,0.0,0.0,0.0,0.0,0.0
2003-05-02,0.0,0.0,0.0,0.0,0.0,0.0,0.0,0.0,0.0,0.0,0.0,0.0,0.0,0.0,0.0,0.0,0.0
2003-05-05,0.0,0.0,0.0,0.0,0.0,0.0,0.0,0.0,0.0,0.0,0.0,0.0,0.0,0.0,0.0,0.0,0.0
2003-05-06,0.0,0.0,0.0,0.0,0.0,0.0,0.0,0.0,0.0,0.0,0.0,0.0,0.0,0.0,0.0,0.0,0.0
2003-05-07,0.0,0.0,0.0,0.0,0.0,0.0,0.0,0.0,0.0,0.0,0.0,0.0,0.0,0.0,0.0,0.0,0.0
2003-05-08,0.0,0.0,0.0,0.0,0.0,0.0,0.0,0.0,0.0,0.0,0.0,0.0,0.0,0.0,0.0,0.0,0.0
2003-05-09,0.0,0.0,0.0,0.0,0.0,0.0,0.0,0.0,0.0,0.0,0.0,0.0,0.0,0.0,0.0,0.0,0.0
2003-05-12,0.0,0.0,0.0,0.0,0.0,0.0,0.0,0.0,0.0,0.0,0.0,0.0,0.0,0.0,0.0,0.0,0.0
2003-05-13,0.0,0.0,0.0,0.0,0.0,0.0,0.0,0.0,0.0,0.0,0.0,0.0,0.0,0.0,0.0,0.0,0.0
2003-05-14,0.0,0.0,0.0,0.0,0.0,0.0,0.0,0.0,0.0,0.0,0.0,0.0,0.0,0.0,0.0,0.0,0.0
2003-05-15,0.0,0.0,0.0,0.0,0.0,0.0,0.0,0.0,0.0,0.0,0.0,0.0,0.0,0.0,0.0,0.0,0.0
2003-05-16,0.0,0.0,0.0,0.0,0.0,0.0,0.0,0.0,0.0,0.0,0.0,0.0,0.0,0.0,0.0,0.0,0.0
2003-05-19,0.0,0.0,0.0,0.0,0.0,0.0,0.0,0.0,0.0,0.0,0.0,0.0,0.0,0.0,0.0,0.0,0.0
2003-05-20,0.0,0.0,0.0,0.0,0.0,0.0,0.0,0.0,0.0,0.0,0.0,0.0,0.0,0.0,0.0,0.0,0.0
2003-05-21,0.0,0.0,0.0,0.0,0.0,0.0,0.0,0.0,0.0,0.0,0.0,0.0,0.0,0.0,0.0,0.0,0.0
2003-05-22,0.0,0.0,0.0,0.0,0.0,0.0,0.0,0.0,0.0,0.0,0.0,0.0,0.0,0.0,0.0,0.0,0.0
2003-05-23,0.0,0.0,0.0,0.0,0.0,0.0,0.0,0.0,0.0,0.0,0.0,0.0,0.0,0.0,0.0,0.0,0.0
2003-05-26,0.0,0.0,0.0,0.0,0.0,0.0,0.0,0.0,0.0,0.0,0.0,0.0,0.0,0.0,0.0,0.0,0.0
2003-05-27,0.0,0.0,0.0,0.0,0.0,0.0,0.0,0.0,0.0,0.0,0.0,0.0,0.0,0.0,0.0,0.0,0.0
2003-05-28,0.0,0.0,0.0,0.0,0.0,0.0,0.0,0.0,0.0,0.0,0.0,0.0,0.0,0.0,0.0,0.0,0.0
2003-05-29,0.0,0.0,0.0,0.0,0.0,0.0,0.0,0.0,0.0,0.0,0.0,0.0,0.0,0.0,0.0,0.0,0.0
2003-05-30,0.0,0.0,0.0,0.0,0.0,0.0,0.0,0.0,0.0,0.0,0.0,0.0,0.0,0.0,0.0,0.0,0.0
2003-06-02,0.0,0.0,0.0,0.0,0.0,0.0,0.0,0.0,0.0,0.0,0.0,0.0,0.0,0.0,0.0,0.0,0.0
2003-06-03,0.0,0.0,0.0,0.0,0.0,0.0,0.0,0.0,0.0,0.0,0.0,0.0,0.0,0.0,0.0,0.0,0.0
2003-06-05,0.0,0.0,0.0,0.0,0.0,0.0,0.0,0.0,0.0,0.0,0.0,0.0,0.0,0.0,0.0,0.0,0.0
2003-06-06,0.0,0.0,0.0,0.0,0.0,0.0,0.0,0.0,0.0,0.0,0.0,0.0,0.0,0.0,0.0,0.0,0.0
2003-06-09,0.0,0.0,0.0,0.0,0.0,0.0,0.0,0.0,0.0,0.0,0.0,0.0,0.0,0.0,0.0,0.0,0.0
2003-06-10,0.0,0.0,0.0,0.0,0.0,0.0,0.0,0.0,0.0,0.0,0.0,0.0,0.0,0.0,0.0,0.0,0.0
2003-06-11,0.0,0.0,0.0,0.0,0.0,0.0,0.0,0.0,0.0,0.0,0.0,0.0,0.0,0.0,0.0,0.0,0.0
2003-06-12,0.0,0.0,0.0,0.0,0.0,0.0,0.0,0.0,0.0,0.0,0.0,0.0,0.0,0.0,0.0,0.0,0.0
2003-06-13,0.0,0.0,0.0,0.0,0.0,0.0,0.0,0.0,0.0,0.0,0.0,0.0,0.0,0.0,0.0,0.0,0.0
2003-06-16,0.0,0.0,0.0,0.0,0.0,0.0,0.0,0.0,0.0,0.0,0.0,0.0,0.0,0.0,0.0,0.0,0.0
2003-06-17,0.0,0.0,0.0,0.0,0.0,0.0,0.0,0.0,0.0,0.0,0.0,0.0,0.0,0.0,0.0,0.0,0.0
2003-06-18,0.0,0.0,0.0,0.0,0.0,0.0,0.0,0.0,0.0,0.0,0.0,0.0,0.0,0.0,0.0,0.0,0.0
2003-06-19,0.0,0.0,0.0,0.0,0.0,0.0,0.0,0.0,0.0,0.0,0.0,0.0,0.0,0.0,0.0,0.0,0.0
2003-06-20,0.0,0.0,0.0,0.0,0.0,0.0,0.0,0.0,0.0,0.0,0.0,0.0,0.0,0.0,0.0,0.0,0.0
2003-06-23,0.0,0.0,0.0,0.0,0.0,0.0,0.0,0.0,0.0,0.0,0.0,0.0,0.0,0.0,0.0,0.0,0.0
2003-06-24,0.0,0.0,0.0,0.0,0.0,0.0,0.0,0.0,0.0,0.0,0.0,0.0,0.0,0.0,0.0,0.0,0.0
2003-06-25,0.0,0.0,0.0,0.0,0.0,0.0,0.0,0.0,0.0,0.0,0.0,0.0,0.0,0.0,0.0,0.0,0.0
2003-06-26,0.0,0.0,0.0,0.0,0.0,0.0,0.0,0.0,0.0,0.0,0.0,0.0,0.0,0.0,0.0,0.0,0.0
2003-06-27,0.0,0.0,0.0,0.0,0.0,0.0,0.0,0.0,0.0,0.0,0.0,0.0,0.0,0.0,0.0,0.0,0.0
2003-06-30,0.0,0.0,0.0,0.0,0.0,0.0,0.0,0.0,0.0,0.0,0.0,0.0,0.0,0.0,0.0,0.0,0.0
2003-07-01,0.0,0.0,0.0,0.0,0.0,0.0,0.0,0.0,0.0,0.0,0.0,0.0,0.0,0.0,0.0,0.0,0.0
2003-07-02,0.0,0.0,0.0,0.0,0.0,0.0,0.0,0.0,0.0,0.0,0.0,0.0,0.0,0.0,0.0,0.0,0.0
2003-07-03,0.0,0.0,0.0,0.0,0.0,0.0,0.0,0.0,0.0,0.0,0.0,0.0,0.0,0.0,0.0,0.0,0.0
2003-07-04,0.0,0.0,0.0,0.0,0.0,0.0,0.0,0.0,0.0,0.0,0.0,0.0,0.0,0.0,0.0,0.0,0.0
2003-07-07,0.0,0.0,0.0,0.0,0.0,0.0,0.0,0.0,0.0,0.0,0.0,0.0,0.0,0.0,0.0,0.0,0.0
2003-07-08,0.0,0.0,0.0,0.0,0.0,0.0,0.0,0.0,0.0,0.0,0.0,0.0,0.0,0.0,0.0,0.0,0.0
2003-07-09,0.0,0.0,0.0,0.0,0.0,0.0,0.0,0.0,0.0,0.0,0.0,0.0,0.0,0.0,0.0,0.0,0.0
2003-07-10,0.0,0.0,0.0,0.0,0.0,0.0,0.0,0.0,0.0,0.0,0.0,0.0,0.0,0.0,0.0,0.0,0.0
2003-07-11,0.0,0.0,0.0,0.0,0.0,0.0,0.0,0.0,0.0,0.0,0.0,0.0,0.0,0.0,0.0,0.0,0.0
2003-07-14,0.0,0.0,0.0,0.0,0.0,0.0,0.0,0.0,0.0,0.0,0.0,0.0,0.0,0.0,0.0,0.0,0.0
2003-07-15,0.0,0.0,0.0,0.0,0.0,0.0,0.0,0.0,0.0,0.0,0.0,0.0,0.0,0.0,0.0,0.0,0.0
2003-07-16,0.0,0.0,0.0,0.0,0.0,0.0,0.0,0.0,0.0,0.0,0.0,0.0,0.0,0.0,0.0,0.0,0.0
2003-07-17,0.0,0.0,0.0,0.0,0.0,0.0,0.0,0.0,0.0,0.0,0.0,0.0,0.0,0.0,0.0,0.0,0.0
2003-07-18,0.0,0.0,0.0,0.0,0.0,0.0,0.0,0.0,0.0,0.0,0.0,0.0,0.0,0.0,0.0,0.0,0.0
2003-07-21,0.0,0.0,0.0,0.0,0.0,0.0,0.0,0.0,0.0,0.0,0.0,0.0,0.0,0.0,0.0,0.0,0.0
2003-07-22,0.0,0.0,0.0,0.0,0.0,0.0,0.0,0.0,0.0,0.0,0.0,0.0,0.0,0.0,0.0,0.0,0.0
2003-07-23,0.0,0.0,0.0,0.0,0.0,0.0,0.0,0.0,0.0,0.0,0.0,0.0,0.0,0.0,0.0,0.0,0.0
2003-07-24,0.0,0.0,0.0,0.0,0.0,0.0,0.0,0.0,0.0,0.0,0.0,0.0,0.0,0.0,0.0,0.0,0.0
2003-07-25,0.0,0.0,0.0,0.0,0.0,0.0,0.0,0.0,0.0,0.0,0.0,0.0,0.0,0.0,0.0,0.0,0.0
2003-07-28,0.0,0.0,0.0,0.0,0.0,0.0,0.0,0.0,0.0,0.0,0.0,0.0,0.0,0.0,0.0,0.0,0.0
2003-07-29,0.0,0.0,0.0,0.0,0.0,0.0,0.0,0.0,0.0,0.0,0.0,0.0,0.0,0.0,0.0,0.0,0.0
2003-07-30,0.0,0.0,0.0,0.0,0.0,0.0,0.0,0.0,0.0,0.0,0.0,0.0,0.0,0.0,0.0,0.0,0.0
2003-07-31,0.0,0.0,0.0,0.0,0.0,0.0,0.0,0.0,0.0,0.0,0.0,0.0,0.0,0.0,0.0,0.0,0.0
2003-08-01,0.0,0.0,0.0,0.0,0.0,0.0,0.0,0.0,0.0,0.0,0.0,0.0,0.0,0.0,0.0,0.0,0.0
2003-08-04,0.0,0.0,0.0,0.0,0.0,0.0,0.0,0.0,0.0,0.0,0.0,0.0,0.0,0.0,0.0,0.0,0.0
2003-08-05,0.0,0.0,0.0,0.0,0.0,0.0,0.0,0.0,0.0,0.0,0.0,0.0,0.0,0.0,0.0,0.0,0.0
2003-08-06,0.0,0.0,0.0,0.0,0.0,0.0,0.0,0.0,0.0,0.0,0.0,0.0,0.0,0.0,0.0,0.0,0.0
2003-08-07,0.0,0.0,0.0,0.0,0.0,0.0,0.0,0.0,0.0,0.0,0.0,0.0,0.0,0.0,0.0,0.0,0.0
2003-08-08,0.0,0.0,0.0,0.0,0.0,0.0,0.0,0.0,0.0,0.0,0.0,0.0,0.0,0.0,0.0,0.0,0.0
2003-08-11,0.0,0.0,0.0,0.0,0.0,0.0,0.0,0.0,0.0,0.0,0.0,0.0,0.0,0.0,0.0,0.0,0.0
2003-08-12,0.0,0.0,0.0,0.0,0.0,0.0,0.0,0.0,0.0,0.0,0.0,0.0,0.0,0.0,0.0,0.0,0.0
2003-08-13,0.0,0.0,0.0,0.0,0.0,0.0,0.0,0.0,0.0,0.0,0.0,0.0,0.0,0.0,0.0,0.0,0.0
2003-08-14,0.0,0.0,0.0,0.0,0.0,0.0,0.0,0.0,0.0,0.0,0.0,0.0,0.0,0.0,0.0,0.0,0.0
2003-08-15,0.0,0.0,0.0,0.0,0.0,0.0,0.0,0.0,0.0,0.0,0.0,0.0,0.0,0.0,0.0,0.0,0.0
2003-08-18,0.0,0.0,0.0,0.0,0.0,0.0,0.0,0.0,0.0,0.0,0.0,0.0,0.0,0.0,0.0,0.0,0.0
2003-08-19,0.0,0.0,0.0,0.0,0.0,0.0,0.0,0.0,0.0,0.0,0.0,0.0,0.0,0.0,0.0,0.0,0.0
2003-08-20,0.0,0.0,0.0,0.0,0.0,0.0,0.0,0.0,0.0,0.0,0.0,0.0,0.0,0.0,0.0,0.0,0.0
2003-08-21,0.0,0.0,0.0,0.0,0.0,0.0,0.0,0.0,0.0,0.0,0.0,0.0,0.0,0.0,0.0,0.0,0.0
2003-08-22,0.0,0.0,0.0,0.0,0.0,0.0,0.0,0.0,0.0,0.0,0.0,0.0,0.0,0.0,0.0,0.0,0.0
2003-08-25,0.0,0.0,0.0,0.0,0.0,0.0,0.0,0.0,0.0,0.0,0.0,0.0,0.0,0.0,0.0,0.0,0.0
2003-08-26,0.0,0.0,0.0,0.0,0.0,0.0,0.0,0.0,0.0,0.0,0.0,0.0,0.0,0.0,0.0,0.0,0.0
2003-08-27,0.0,0.0,0.0,0.0,0.0,0.0,0.0,0.0,0.0,0.0,0.0,0.0,0.0,0.0,0.0,0.0,0.0
2003-08-28,0.0,0.0,0.0,0.0,0.0,0.0,0.0,0.0,0.0,0.0,0.0,0.0,0.0,0.0,0.0,0.0,0.0
2003-08-29,0.0,0.0,0.0,0.0,0.0,0.0,0.0,0.0,0.0,0.0,0.0,0.0,0.0,0.0,0.0,0.0,0.0
2003-09-01,0.0,0.0,0.0,0.0,0.0,0.0,0.0,0.0,0.0,0.0,0.0,0.0,0.0,0.0,0.0,0.0,0.0
2003-09-02,0.0,0.0,0.0,0.0,0.0,0.0,0.0,0.0,0.0,0.0,0.0,0.0,0.0,0.0,0.0,0.0,0.0
2003-09-03,0.0,0.0,0.0,0.0,0.0,0.0,0.0,0.0,0.0,0.0,0.0,0.0,0.0,0.0,0.0,0.0,0.0
2003-09-04,0.0,0.0,0.0,0.0,0.0,0.0,0.0,0.0,0.0,0.0,0.0,0.0,0.0,0.0,0.0,0.0,0.0
2003-09-05,0.0,0.0,0.0,0.0,0.0,0.0,0.0,0.0,0.0,0.0,0.0,0.0,0.0,0.0,0.0,0.0,0.0
2003-09-08,0.0,0.0,0.0,0.0,0.0,0.0,0.0,0.0,0.0,0.0,0.0,0.0,0.0,0.0,0.0,0.0,0.0
2003-09-09,0.0,0.0,0.0,0.0,0.0,0.0,0.0,0.0,0.0,0.0,0.0,0.0,0.0,0.0,0.0,0.0,0.0
2003-09-10,0.0,0.0,0.0,0.0,0.0,0.0,0.0,0.0,0.0,0.0,0.0,0.0,0.0,0.0,0.0,0.0,0.0
2003-09-12,0.0,0.0,0.0,0.0,0.0,0.0,0.0,0.0,0.0,0.0,0.0,0.0,0.0,0.0,0.0,0.0,0.0
2003-09-15,0.0,0.0,0.0,0.0,0.0,0.0,0.0,0.0,0.0,0.0,0.0,0.0,0.0,0.0,0.0,0.0,0.0
2003-09-16,0.0,0.0,0.0,0.0,0.0,0.0,0.0,0.0,0.0,0.0,0.0,0.0,0.0,0.0,0.0,0.0,0.0
2003-09-17,0.0,0.0,0.0,0.0,0.0,0.0,0.0,0.0,0.0,0.0,0.0,0.0,0.0,0.0,0.0,0.0,0.0
2003-09-18,0.0,0.0,0.0,0.0,0.0,0.0,0.0,0.0,0.0,0.0,0.0,0.0,0.0,0.0,0.0,0.0,0.0
2003-09-19,0.0,0.0,0.0,0.0,0.0,0.0,0.0,0.0,0.0,0.0,0.0,0.0,0.0,0.0,0.0,0.0,0.0
2003-09-22,0.0,0.0,0.0,0.0,0.0,0.0,0.0,0.0,0.0,0.0,0.0,0.0,0.0,0.0,0.0,0.0,0.0
2003-09-23,0.0,0.0,0.0,0.0,0.0,0.0,0.0,0.0,0.0,0.0,0.0,0.0,0.0,0.0,0.0,0.0,0.0
2003-09-24,0.0,0.0,0.0,0.0,0.0,0.0,0.0,0.0,0.0,0.0,0.0,0.0,0.0,0.0,0.0,0.0,0.0
2003-09-25,0.0,0.0,0.0,0.0,0.0,0.0,0.0,0.0,0.0,0.0,0.0,0.0,0.0,0.0,0.0,0.0,0.0
2003-09-26,0.0,0.0,0.0,0.0,0.0,0.0,0.0,0.0,0.0,0.0,0.0,0.0,0.0,0.0,0.0,0.0,0.0
2003-09-29,0.0,0.0,0.0,0.0,0.0,0.0,0.0,0.0,0.0,0.0,0.0,0.0,0.0,0.0,0.0,0.0,0.0
2003-09-30,0.0,0.0,0.0,0.0,0.0,0.0,0.0,0.0,0.0,0.0,0.0,0.0,0.0,0.0,0.0,0.0,0.0
2003-10-01,0.0,0.0,0.0,0.0,0.0,0.0,0.0,0.0,0.0,0.0,0.0,0.0,0.0,0.0,0.0,0.0,0.0
2003-10-02,0.0,0.0,0.0,0.0,0.0,0.0,0.0,0.0,0.0,0.0,0.0,0.0,0.0,0.0,0.0,0.0,0.0
2003-10-03,0.0,0.0,0.0,0.0,0.0,0.0,0.0,0.0,0.0,0.0,0.0,0.0,0.0,0.0,0.0,0.0,0.0
2003-10-06,0.0,0.0,0.0,0.0,0.0,0.0,0.0,0.0,0.0,0.0,0.0,0.0,0.0,0.0,0.0,0.0,0.0
2003-10-07,0.0,0.0,0.0,0.0,0.0,0.0,0.0,0.0,0.0,0.0,0.0,0.0,0.0,0.0,0.0,0.0,0.0
2003-10-08,0.0,0.0,0.0,0.0,0.0,0.0,0.0,0.0,0.0,0.0,0.0,0.0,0.0,0.0,0.0,0.0,0.0
2003-10-09,0.0,0.0,0.0,0.0,0.0,0.0,0.0,0.0,0.0,0.0,0.0,0.0,0.0,0.0,0.0,0.0,0.0
2003-10-13,0.0,0.0,0.0,0.0,0.0,0.0,0.0,0.0,0.0,0.0,0.0,0.0,0.0,0.0,0.0,0.0,0.0
2003-10-14,0.0,0.0,0.0,0.0,0.0,0.0,0.0,0.0,0.0,0.0,0.0,0.0,0.0,0.0,0.0,0.0,0.0
2003-10-15,0.0,0.0,0.0,0.0,0.0,0.0,0.0,0.0,0.0,0.0,0.0,0.0,0.0,0.0,0.0,0.0,0.0
2003-10-16,0.0,0.0,0.0,0.0,0.0,0.0,0.0,0.0,0.0,0.0,0.0,0.0,0.0,0.0,0.0,0.0,0.0
2003-10-17,0.0,0.0,0.0,0.0,0.0,0.0,0.0,0.0,0.0,0.0,0.0,0.0,0.0,0.0,0.0,0.0,0.0
2003-10-20,0.0,0.0,0.0,0.0,0.0,0.0,0.0,0.0,0.0,0.0,0.0,0.0,0.0,0.0,0.0,0.0,0.0
2003-10-21,0.0,0.0,0.0,0.0,0.0,0.0,0.0,0.0,0.0,0.0,0.0,0.0,0.0,0.0,0.0,0.0,0.0
2003-10-22,0.0,0.0,0.0,0.0,0.0,0.0,0.0,0.0,0.0,0.0,0.0,0.0,0.0,0.0,0.0,0.0,0.0
2003-10-23,0.0,0.0,0.0,0.0,0.0,0.0,0.0,0.0,0.0,0.0,0.0,0.0,0.0,0.0,0.0,0.0,0.0
2003-10-24,0.0,0.0,0.0,0.0,0.0,0.0,0.0,0.0,0.0,0.0,0.0,0.0,0.0,0.0,0.0,0.0,0.0
2003-10-27,0.0,0.0,0.0,0.0,0.0,0.0,0.0,0.0,0.0,0.0,0.0,0.0,0.0,0.0,0.0,0.0,0.0
2003-10-28,0.0,0.0,0.0,0.0,0.0,0.0,0.0,0.0,0.0,0.0,0.0,0.0,0.0,0.0,0.0,0.0,0.0
2003-10-29,0.0,0.0,0.0,0.0,0.0,0.0,0.0,0.0,0.0,0.0,0.0,0.0,0.0,0.0,0.0,0.0,0.0
2003-10-30,0.0,0.0,0.0,0.0,0.0,0.0,0.0,0.0,0.0,0.0,0.0,0.0,0.0,0.0,0.0,0.0,0.0
2003-10-31,0.0,0.0,0.0,0.0,0.0,0.0,0.0,0.0,0.0,0.0,0.0,0.0,0.0,0.0,0.0,0.0,0.0
2003-11-03,0.0,0.0,0.0,0.0,0.0,0.0,0.0,0.0,0.0,0.0,0.0,0.0,0.0,0.0,0.0,0.0,0.0
2003-11-04,0.0,0.0,0.0,0.0,0.0,0.0,0.0,0.0,0.0,0.0,0.0,0.0,0.0,0.0,0.0,0.0,0.0
2003-11-05,0.0,0.0,0.0,0.0,0.0,0.0,0.0,0.0,0.0,0.0,0.0,0.0,0.0,0.0,0.0,0.0,0.0
2003-11-06,0.0,0.0,0.0,0.0,0.0,0.0,0.0,0.0,0.0,0.0,0.0,0.0,0.0,0.0,0.0,0.0,0.0
2003-11-07,0.0,0.0,0.0,0.0,0.0,0.0,0.0,0.0,0.0,0.0,0.0,0.0,0.0,0.0,0.0,0.0,0.0
2003-11-10,0.0,0.0,0.0,0.0,0.0,0.0,0.0,0.0,0.0,0.0,0.0,0.0,0.0,0.0,0.0,0.0,0.0
2003-11-11,0.0,0.0,0.0,0.0,0.0,0.0,0.0,0.0,0.0,0.0,0.0,0.0,0.0,0.0,0.0,0.0,0.0
2003-11-12,0.0,0.0,0.0,0.0,0.0,0.0,0.0,0.0,0.0,0.0,0.0,0.0,0.0,0.0,0.0,0.0,0.0
2003-11-13,0.0,0.0,0.0,0.0,0.0,0.0,0.0,0.0,0.0,0.0,0.0,0.0,0.0,0.0,0.0,0.0,0.0
2003-11-14,0.0,0.0,0.0,0.0,0.0,0.0,0.0,0.0,0.0,0.0,0.0,0.0,0.0,0.0,0.0,0.0,0.0
2003-11-17,0.0,0.0,0.0,0.0,0.0,0.0,0.0,0.0,0.0,0.0,0.0,0.0,0.0,0.0,0.0,0.0,0.0
2003-11-18,0.0,0.0,0.0,0.0,0.0,0.0,0.0,0.0,0.0,0.0,0.0,0.0,0.0,0.0,0.0,0.0,0.0
2003-11-19,0.0,0.0,0.0,0.0,0.0,0.0,0.0,0.0,0.0,0.0,0.0,0.0,0.0,0.0,0.0,0.0,0.0
2003-11-20,0.0,0.0,0.0,0.0,0.0,0.0,0.0,0.0,0.0,0.0,0.0,0.0,0.0,0.0,0.0,0.0,0.0
2003-11-21,0.0,0.0,0.0,0.0,0.0,0.0,0.0,0.0,0.0,0.0,0.0,0.0,0.0,0.0,0.0,0.0,0.0
2003-11-24,0.0,0.0,0.0,0.0,0.0,0.0,0.0,0.0,0.0,0.0,0.0,0.0,0.0,0.0,0.0,0.0,0.0
2003-11-25,0.0,0.0,0.0,0.0,0.0,0.0,0.0,0.0,0.0,0.0,0.0,0.0,0.0,0.0,0.0,0.0,0.0
2003-11-26,0.0,0.0,0.0,0.0,0.0,0.0,0.0,0.0,0.0,0.0,0.0,0.0,0.0,0.0,0.0,0.0,0.0
2003-11-27,0.0,0.0,0.0,0.0,0.0,0.0,0.0,0.0,0.0,0.0,0.0,0.0,0.0,0.0,0.0,0.0,0.0
2003-11-28,0.0,0.0,0.0,0.0,0.0,0.0,0.0,0.0,0.0,0.0,0.0,0.0,0.0,0.0,0.0,0.0,0.0
2003-12-01,0.0,0.0,0.0,0.0,0.0,0.0,0.0,0.0,0.0,0.0,0.0,0.0,0.0,0.0,0.0,0.0,0.0
2003-12-02,0.0,0.0,0.0,0.0,0.0,0.0,0.0,0.0,0.0,0.0,0.0,0.0,0.0,0.0,0.0,0.0,0.0
2003-12-03,0.0,0.0,0.0,0.0,0.0,0.0,0.0,0.0,0.0,0.0,0.0,0.0,0.0,0.0,0.0,0.0,0.0
2003-12-04,0.0,0.0,0.0,0.0,0.0,0.0,0.0,0.0,0.0,0.0,0.0,0.0,0.0,0.0,0.0,0.0,0.0
2003-12-05,0.0,0.0,0.0,0.0,0.0,0.0,0.0,0.0,0.0,0.0,0.0,0.0,0.0,0.0,0.0,0.0,0.0
2003-12-08,0.0,0.0,0.0,0.0,0.0,0.0,0.0,0.0,0.0,0.0,0.0,0.0,0.0,0.0,0.0,0.0,0.0
2003-12-09,0.0,0.0,0.0,0.0,0.0,0.0,0.0,0.0,0.0,0.0,0.0,0.0,0.0,0.0,0.0,0.0,0.0
2003-12-10,0.0,0.0,0.0,0.0,0.0,0.0,0.0,0.0,0.0,0.0,0.0,0.0,0.0,0.0,0.0,0.0,0.0
2003-12-11,0.0,0.0,0.0,0.0,0.0,0.0,0.0,0.0,0.0,0.0,0.0,0.0,0.0,0.0,0.0,0.0,0.0
2003-12-12,0.0,0.0,0.0,0.0,0.0,0.0,0.0,0.0,0.0,0.0,0.0,0.0,0.0,0.0,0.0,0.0,0.0
2003-12-15,0.0,0.0,0.0,0.0,0.0,0.0,0.0,0.0,0.0,0.0,0.0,0.0,0.0,0.0,0.0,0.0,0.0
2003-12-16,0.0,0.0,0.0,0.0,0.0,0.0,0.0,0.0,0.0,0.0,0.0,0.0,0.0,0.0,0.0,0.0,0.0
2003-12-17,0.0,0.0,0.0,0.0,0.0,0.0,0.0,0.0,0.0,0.0,0.0,0.0,0.0,0.0,0.0,0.0,0.0
2003-12-18,0.0,0.0,0.0,0.0,0.0,0.0,0.0,0.0,0.0,0.0,0.0,0.0,0.0,0.0,0.0,0.0,0.0
2003-12-19,0.0,0.0,0.0,0.0,0.0,0.0,0.0,0.0,0.0,0.0,0.0,0.0,0.0,0.0,0.0,0.0,0.0
2003-12-22,0.0,0.0,0.0,0.0,0.0,0.0,0.0,0.0,0.0,0.0,0.0,0.0,0.0,0.0,0.0,0.0,0.0
2003-12-23,0.0,0.0,0.0,0.0,0.0,0.0,0.0,0.0,0.0,0.0,0.0,0.0,0.0,0.0,0.0,0.0,0.0
2003-12-24,0.0,0.0,0.0,0.0,0.0,0.0,0.0,0.0,0.0,0.0,0.0,0.0,0.0,0.0,0.0,0.0,0.0
2003-12-25,0.0,0.0,0.0,0.0,0.0,0.0,0.0,0.0,0.0,0.0,0.0,0.0,0.0,0.0,0.0,0.0,0.0
2003-12-26,0.0,0.0,0.0,0.0,0.0,0.0,0.0,0.0,0.0,0.0,0.0,0.0,0.0,0.0,0.0,0.0,0.0
2003-12-29,0.0,0.0,0.0,0.0,0.0,0.0,0.0,0.0,0.0,0.0,0.0,0.0,0.0,0.0,0.0,0.0,0.0
2003-12-30,0.0,0.0,0.0,0.0,0.0,0.0,0.0,0.0,0.0,0.0,0.0,0.0,0.0,0.0,0.0,0.0,0.0
2003-12-31,0.0,0.0,0.0,0.0,0.0,0.0,0.0,0.0,0.0,0.0,0.0,0.0,0.0,0.0,0.0,0.0,0.0
2004-01-02,0.0,0.0,0.0,0.0,0.0,0.0,0.0,0.0,0.0,0.0,0.0,0.0,0.0,0.0,0.0,0.0,0.0
2004-01-05,0.0,0.0,0.0,0.0,0.0,0.0,0.0,0.0,0.0,0.0,0.0,0.0,0.0,0.0,0.0,0.0,0.0
2004-01-06,0.0,0.0,0.0,0.0,0.0,0.0,0.0,0.0,0.0,0.0,0.0,0.0,0.0,0.0,0.0,0.0,0.0
2004-01-07,0.0,0.0,0.0,0.0,0.0,0.0,0.0,0.0,0.0,0.0,0.0,0.0,0.0,0.0,0.0,0.0,0.0
2004-01-08,0.0,0.0,0.0,0.0,0.0,0.0,0.0,0.0,0.0,0.0,0.0,0.0,0.0,0.0,0.0,0.0,0.0
2004-01-09,0.0,0.0,0.0,0.0,0.0,0.0,0.0,0.0,0.0,0.0,0.0,0.0,0.0,0.0,0.0,0.0,0.0
2004-01-12,0.0,0.0,0.0,0.0,0.0,0.0,0.0,0.0,0.0,0.0,0.0,0.0,0.0,0.0,0.0,0.0,0.0
2004-01-13,0.0,0.0,0.0,0.0,0.0,0.0,0.0,0.0,0.0,0.0,0.0,0.0,0.0,0.0,0.0,0.0,0.0
2004-01-14,0.0,0.0,0.0,0.0,0.0,0.0,0.0,0.0,0.0,0.0,0.0,0.0,0.0,0.0,0.0,0.0,0.0
2004-01-15,0.0,0.0,0.0,0.0,0.0,0.0,0.0,0.0,0.0,0.0,0.0,0.0,0.0,0.0,0.0,0.0,0.0
2004-01-16,0.0,0.0,0.0,0.0,0.0,0.0,0.0,0.0,0.0,0.0,0.0,0.0,0.0,0.0,0.0,0.0,0.0
2004-01-27,0.0,0.0,0.0,0.0,0.0,0.0,0.0,0.0,0.0,0.0,0.0,0.0,0.0,0.0,0.0,0.0,0.0
2004-01-28,0.0,0.0,0.0,0.0,0.0,0.0,0.0,0.0,0.0,0.0,0.0,0.0,0.0,0.0,0.0,0.0,0.0
2004-01-29,0.0,0.0,0.0,0.0,0.0,0.0,0.0,0.0,0.0,0.0,0.0,0.0,0.0,0.0,0.0,0.0,0.0
2004-01-30,0.0,0.0,0.0,0.0,0.0,0.0,0.0,0.0,0.0,0.0,0.0,0.0,0.0,0.0,0.0,0.0,0.0
2004-02-02,0.0,0.0,0.0,0.0,0.0,0.0,0.0,0.0,0.0,0.0,0.0,0.0,0.0,0.0,0.0,0.0,0.0
2004-02-03,0.0,0.0,0.0,0.0,0.0,0.0,0.0,0.0,0.0,0.0,0.0,0.0,0.0,0.0,0.0,0.0,0.0
2004-02-04,0.0,0.0,0.0,0.0,0.0,0.0,0.0,0.0,0.0,0.0,0.0,0.0,0.0,0.0,0.0,0.0,0.0
2004-02-05,0.0,0.0,0.0,0.0,0.0,0.0,0.0,0.0,0.0,0.0,0.0,0.0,0.0,0.0,0.0,0.0,0.0
2004-02-06,0.0,0.0,0.0,0.0,0.0,0.0,0.0,0.0,0.0,0.0,0.0,0.0,0.0,0.0,0.0,0.0,0.0
2004-02-09,0.0,0.0,0.0,0.0,0.0,0.0,0.0,0.0,0.0,0.0,0.0,0.0,0.0,0.0,0.0,0.0,0.0
2004-02-10,0.0,0.0,0.0,0.0,0.0,0.0,0.0,0.0,0.0,0.0,0.0,0.0,0.0,0.0,0.0,0.0,0.0
2004-02-11,0.0,0.0,0.0,0.0,0.0,0.0,0.0,0.0,0.0,0.0,0.0,0.0,0.0,0.0,0.0,0.0,0.0
2004-02-12,0.0,0.0,0.0,0.0,0.0,0.0,0.0,0.0,0.0,0.0,0.0,0.0,0.0,0.0,0.0,0.0,0.0
2004-02-13,0.0,0.0,0.0,0.0,0.0,0.0,0.0,0.0,0.0,0.0,0.0,0.0,0.0,0.0,0.0,0.0,0.0
2004-02-16,0.0,0.0,0.0,0.0,0.0,0.0,0.0,0.0,0.0,0.0,0.0,0.0,0.0,0.0,0.0,0.0,0.0
2004-02-17,0.0,0.0,0.0,0.0,0.0,0.0,0.0,0.0,0.0,0.0,0.0,0.0,0.0,0.0,0.0,0.0,0.0
2004-02-18,0.0,0.0,0.0,0.0,0.0,0.0,0.0,0.0,0.0,0.0,0.0,0.0,0.0,0.0,0.0,0.0,0.0
2004-02-19,0.0,0.0,0.0,0.0,0.0,0.0,0.0,0.0,0.0,0.0,0.0,0.0,0.0,0.0,0.0,0.0,0.0
2004-02-20,0.0,0.0,0.0,0.0,0.0,0.0,0.0,0.0,0.0,0.0,0.0,0.0,0.0,0.0,0.0,0.0,0.0
2004-02-23,0.0,0.0,0.0,0.0,0.0,0.0,0.0,0.0,0.0,0.0,0.0,0.0,0.0,0.0,0.0,0.0,0.0
2004-02-24,0.0,0.0,0.0,0.0,0.0,0.0,0.0,0.0,0.0,0.0,0.0,0.0,0.0,0.0,0.0,0.0,0.0
2004-02-25,0.0,0.0,0.0,0.0,0.0,0.0,0.0,0.0,0.0,0.0,0.0,0.0,0.0,0.0,0.0,0.0,0.0
2004-02-26,0.0,0.0,0.0,0.0,0.0,0.0,0.0,0.0,0.0,0.0,0.0,0.0,0.0,0.0,0.0,0.0,0.0
2004-02-27,0.0,0.0,0.0,0.0,0.0,0.0,0.0,0.0,0.0,0.0,0.0,0.0,0.0,0.0,0.0,0.0,0.0
2004-03-01,0.0,0.0,0.0,0.0,0.0,0.0,0.0,0.0,0.0,0.0,0.0,0.0,0.0,0.0,0.0,0.0,0.0
2004-03-02,0.0,0.0,0.0,0.0,0.0,0.0,0.0,0.0,0.0,0.0,0.0,0.0,0.0,0.0,0.0,0.0,0.0
2004-03-03,0.0,0.0,0.0,0.0,0.0,0.0,0.0,0.0,0.0,0.0,0.0,0.0,0.0,0.0,0.0,0.0,0.0
2004-03-04,0.0,0.0,0.0,0.0,0.0,0.0,0.0,0.0,0.0,0.0,0.0,0.0,0.0,0.0,0.0,0.0,0.0
2004-03-05,0.0,0.0,0.0,0.0,0.0,0.0,0.0,0.0,0.0,0.0,0.0,0.0,0.0,0.0,0.0,0.0,0.0
2004-03-08,0.0,0.0,0.0,0.0,0.0,0.0,0.0,0.0,0.0,0.0,0.0,0.0,0.0,0.0,0.0,0.0,0.0
2004-03-09,0.0,0.0,0.0,0.0,0.0,0.0,0.0,0.0,0.0,0.0,0.0,0.0,0.0,0.0,0.0,0.0,0.0
2004-03-10,0.0,0.0,0.0,0.0,0.0,0.0,0.0,0.0,0.0,0.0,0.0,0.0,0.0,0.0,0.0,0.0,0.0
2004-03-11,0.0,0.0,0.0,0.0,0.0,0.0,0.0,0.0,0.0,0.0,0.0,0.0,0.0,0.0,0.0,0.0,0.0
2004-03-12,0.0,0.0,0.0,0.0,0.0,0.0,0.0,0.0,0.0,0.0,0.0,0.0,0.0,0.0,0.0,0.0,0.0
2004-03-15,0.0,0.0,0.0,0.0,0.0,0.0,0.0,0.0,0.0,0.0,0.0,0.0,0.0,0.0,0.0,0.0,0.0
2004-03-16,0.0,0.0,0.0,0.0,0.0,0.0,0.0,0.0,0.0,0.0,0.0,0.0,0.0,0.0,0.0,0.0,0.0
2004-03-17,0.0,0.0,0.0,0.0,0.0,0.0,0.0,0.0,0.0,0.0,0.0,0.0,0.0,0.0,0.0,0.0,0.0
2004-03-18,0.0,0.0,0.0,0.0,0.0,0.0,0.0,0.0,0.0,0.0,0.0,0.0,0.0,0.0,0.0,0.0,0.0
2004-03-19,0.0,0.0,0.0,0.0,0.0,0.0,0.0,0.0,0.0,0.0,0.0,0.0,0.0,0.0,0.0,0.0,0.0
2004-03-22,0.0,0.0,0.0,0.0,0.0,0.0,0.0,0.0,0.0,0.0,0.0,0.0,0.0,0.0,0.0,0.0,0.0
2004-03-23,0.0,0.0,0.0,0.0,0.0,0.0,0.0,0.0,0.0,0.0,0.0,0.0,0.0,0.0,0.0,0.0,0.0
2004-03-24,0.0,0.0,0.0,0.0,0.0,0.0,0.0,0.0,0.0,0.0,0.0,0.0,0.0,0.0,0.0,0.0,0.0
2004-03-25,0.0,0.0,0.0,0.0,0.0,0.0,0.0,0.0,0.0,0.0,0.0,0.0,0.0,0.0,0.0,0.0,0.0
2004-03-26,0.0,0.0,0.0,0.0,0.0,0.0,0.0,0.0,0.0,0.0,0.0,0.0,0.0,0.0,0.0,0.0,0.0
2004-03-29,0.0,0.0,0.0,0.0,0.0,0.0,0.0,0.0,0.0,0.0,0.0,0.0,0.0,0.0,0.0,0.0,0.0
2004-03-30,0.0,0.0,0.0,0.0,0.0,0.0,0.0,0.0,0.0,0.0,0.0,0.0,0.0,0.0,0.0,0.0,0.0
2004-03-31,0.0,0.0,0.0,0.0,0.0,0.0,0.0,0.0,0.0,0.0,0.0,0.0,0.0,0.0,0.0,0.0,0.0
2004-04-01,0.0,0.0,0.0,0.0,0.0,0.0,0.0,0.0,0.0,0.0,0.0,0.0,0.0,0.0,0.0,0.0,0.0
2004-04-02,0.0,0.0,0.0,0.0,0.0,0.0,0.0,0.0,0.0,0.0,0.0,0.0,0.0,0.0,0.0,0.0,0.0
2004-04-05,0.0,0.0,0.0,0.0,0.0,0.0,0.0,0.0,0.0,0.0,0.0,0.0,0.0,0.0,0.0,0.0,0.0
2004-04-06,0.0,0.0,0.0,0.0,0.0,0.0,0.0,0.0,0.0,0.0,0.0,0.0,0.0,0.0,0.0,0.0,0.0
2004-04-07,0.0,0.0,0.0,0.0,0.0,0.0,0.0,0.0,0.0,0.0,0.0,0.0,0.0,0.0,0.0,0.0,0.0
2004-04-08,0.0,0.0,0.0,0.0,0.0,0.0,0.0,0.0,0.0,0.0,0.0,0.0,0.0,0.0,0.0,0.0,0.0
2004-04-09,0.0,0.0,0.0,0.0,0.0,0.0,0.0,0.0,0.0,0.0,0.0,0.0,0.0,0.0,0.0,0.0,0.0
2004-04-12,0.0,0.0,0.0,0.0,0.0,0.0,0.0,0.0,0.0,0.0,0.0,0.0,0.0,0.0,0.0,0.0,0.0
2004-04-13,0.0,0.0,0.0,0.0,0.0,0.0,0.0,0.0,0.0,0.0,0.0,0.0,0.0,0.0,0.0,0.0,0.0
2004-04-14,0.0,0.0,0.0,0.0,0.0,0.0,0.0,0.0,0.0,0.0,0.0,0.0,0.0,0.0,0.0,0.0,0.0
2004-04-15,0.0,0.0,0.0,0.0,0.0,0.0,0.0,0.0,0.0,0.0,0.0,0.0,0.0,0.0,0.0,0.0,0.0
2004-04-16,0.0,0.0,0.0,0.0,0.0,0.0,0.0,0.0,0.0,0.0,0.0,0.0,0.0,0.0,0.0,0.0,0.0
2004-04-19,0.0,0.0,0.0,0.0,0.0,0.0,0.0,0.0,0.0,0.0,0.0,0.0,0.0,0.0,0.0,0.0,0.0
2004-04-20,0.0,0.0,0.0,0.0,0.0,0.0,0.0,0.0,0.0,0.0,0.0,0.0,0.0,0.0,0.0,0.0,0.0
2004-04-21,0.0,0.0,0.0,0.0,0.0,0.0,0.0,0.0,0.0,0.0,0.0,0.0,0.0,0.0,0.0,0.0,0.0
2004-04-22,0.0,0.0,0.0,0.0,0.0,0.0,0.0,0.0,0.0,0.0,0.0,0.0,0.0,0.0,0.0,0.0,0.0
2004-04-23,0.0,0.0,0.0,0.0,0.0,0.0,0.0,0.0,0.0,0.0,0.0,0.0,0.0,0.0,0.0,0.0,0.0
2004-04-26,0.0,0.0,0.0,0.0,0.0,0.0,0.0,0.0,0.0,0.0,0.0,0.0,0.0,0.0,0.0,0.0,0.0
2004-04-27,0.0,0.0,0.0,0.0,0.0,0.0,0.0,0.0,0.0,0.0,0.0,0.0,0.0,0.0,0.0,0.0,0.0
2004-04-28,0.0,0.0,0.0,0.0,0.0,0.0,0.0,0.0,0.0,0.0,0.0,0.0,0.0,0.0,0.0,0.0,0.0
2004-04-29,0.0,0.0,0.0,0.0,0.0,0.0,0.0,0.0,0.0,0.0,0.0,0.0,0.0,0.0,0.0,0.0,0.0
2004-04-30,0.0,0.0,0.0,0.0,0.0,0.0,0.0,0.0,0.0,0.0,0.0,0.0,0.0,0.0,0.0,0.0,0.0
2004-05-03,0.0,0.0,0.0,0.0,0.0,0.0,0.0,0.0,0.0,0.0,0.0,0.0,0.0,0.0,0.0,0.0,0.0
2004-05-04,0.0,0.0,0.0,0.0,0.0,0.0,0.0,0.0,0.0,0.0,0.0,0.0,0.0,0.0,0.0,0.0,0.0
2004-05-05,0.0,0.0,0.0,0.0,0.0,0.0,0.0,0.0,0.0,0.0,0.0,0.0,0.0,0.0,0.0,0.0,0.0
2004-05-06,0.0,0.0,0.0,0.0,0.0,0.0,0.0,0.0,0.0,0.0,0.0,0.0,0.0,0.0,0.0,0.0,0.0
2004-05-07,0.0,0.0,0.0,0.0,0.0,0.0,0.0,0.0,0.0,0.0,0.0,0.0,0.0,0.0,0.0,0.0,0.0
2004-05-10,0.0,0.0,0.0,0.0,0.0,0.0,0.0,0.0,0.0,0.0,0.0,0.0,0.0,0.0,0.0,0.0,0.0
2004-05-11,0.0,0.0,0.0,0.0,0.0,0.0,0.0,0.0,0.0,0.0,0.0,0.0,0.0,0.0,0.0,0.0,0.0
2004-05-12,0.0,0.0,0.0,0.0,0.0,0.0,0.0,0.0,0.0,0.0,0.0,0.0,0.0,0.0,0.0,0.0,0.0
2004-05-13,0.0,0.0,0.0,0.0,0.0,0.0,0.0,0.0,0.0,0.0,0.0,0.0,0.0,0.0,0.0,0.0,0.0
2004-05-14,0.0,0.0,0.0,0.0,0.0,0.0,0.0,0.0,0.0,0.0,0.0,0.0,0.0,0.0,0.0,0.0,0.0
2004-05-17,0.0,0.0,0.0,0.0,0.0,0.0,0.0,0.0,0.0,0.0,0.0,0.0,0.0,0.0,0.0,0.0,0.0
2004-05-18,0.0,0.0,0.0,0.0,0.0,0.0,0.0,0.0,0.0,0.0,0.0,0.0,0.0,0.0,0.0,0.0,0.0
2004-05-19,0.0,0.0,0.0,0.0,0.0,0.0,0.0,0.0,0.0,0.0,0.0,0.0,0.0,0.0,0.0,0.0,0.0
2004-05-20,0.0,0.0,0.0,0.0,0.0,0.0,0.0,0.0,0.0,0.0,0.0,0.0,0.0,0.0,0.0,0.0,0.0
2004-05-21,0.0,0.0,0.0,0.0,0.0,0.0,0.0,0.0,0.0,0.0,0.0,0.0,0.0,0.0,0.0,0.0,0.0
2004-05-24,0.0,0.0,0.0,0.0,0.0,0.0,0.0,0.0,0.0,0.0,0.0,0.0,0.0,0.0,0.0,0.0,0.0
2004-05-25,0.0,0.0,0.0,0.0,0.0,0.0,0.0,0.0,0.0,0.0,0.0,0.0,0.0,0.0,0.0,0.0,0.0
2004-05-26,0.0,0.0,0.0,0.0,0.0,0.0,0.0,0.0,0.0,0.0,0.0,0.0,0.0,0.0,0.0,0.0,0.0
2004-05-27,0.0,0.0,0.0,0.0,0.0,0.0,0.0,0.0,0.0,0.0,0.0,0.0,0.0,0.0,0.0,0.0,0.0
2004-05-28,0.0,0.0,0.0,0.0,0.0,0.0,0.0,0.0,0.0,0.0,0.0,0.0,0.0,0.0,0.0,0.0,0.0
2004-05-31,0.0,0.0,0.0,0.0,0.0,0.0,0.0,0.0,0.0,0.0,0.0,0.0,0.0,0.0,0.0,0.0,0.0
2004-06-01,0.0,0.0,0.0,0.0,0.0,0.0,0.0,0.0,0.0,0.0,0.0,0.0,0.0,0.0,0.0,0.0,0.0
2004-06-02,0.0,0.0,0.0,0.0,0.0,0.0,0.0,0.0,0.0,0.0,0.0,0.0,0.0,0.0,0.0,0.0,0.0
2004-06-03,0.0,0.0,0.0,0.0,0.0,0.0,0.0,0.0,0.0,0.0,0.0,0.0,0.0,0.0,0.0,0.0,0.0
2004-06-04,0.0,0.0,0.0,0.0,0.0,0.0,0.0,0.0,0.0,0.0,0.0,0.0,0.0,0.0,0.0,0.0,0.0
2004-06-07,0.0,0.0,0.0,0.0,0.0,0.0,0.0,0.0,0.0,0.0,0.0,0.0,0.0,0.0,0.0,0.0,0.0
2004-06-08,0.0,0.0,0.0,0.0,0.0,0.0,0.0,0.0,0.0,0.0,0.0,0.0,0.0,0.0,0.0,0.0,0.0
2004-06-09,0.0,0.0,0.0,0.0,0.0,0.0,0.0,0.0,0.0,0.0,0.0,0.0,0.0,0.0,0.0,0.0,0.0
2004-06-10,0.0,0.0,0.0,0.0,0.0,0.0,0.0,0.0,0.0,0.0,0.0,0.0,0.0,0.0,0.0,0.0,0.0
2004-06-11,0.0,0.0,0.0,0.0,0.0,0.0,0.0,0.0,0.0,0.0,0.0,0.0,0.0,0.0,0.0,0.0,0.0
2004-06-14,0.0,0.0,0.0,0.0,0.0,0.0,0.0,0.0,0.0,0.0,0.0,0.0,0.0,0.0,0.0,0.0,0.0
2004-06-15,0.0,0.0,0.0,0.0,0.0,0.0,0.0,0.0,0.0,0.0,0.0,0.0,0.0,0.0,0.0,0.0,0.0
2004-06-16,0.0,0.0,0.0,0.0,0.0,0.0,0.0,0.0,0.0,0.0,0.0,0.0,0.0,0.0,0.0,0.0,0.0
2004-06-17,0.0,0.0,0.0,0.0,0.0,0.0,0.0,0.0,0.0,0.0,0.0,0.0,0.0,0.0,0.0,0.0,0.0
2004-06-18,0.0,0.0,0.0,0.0,0.0,0.0,0.0,0.0,0.0,0.0,0.0,0.0,0.0,0.0,0.0,0.0,0.0
2004-06-21,0.0,0.0,0.0,0.0,0.0,0.0,0.0,0.0,0.0,0.0,0.0,0.0,0.0,0.0,0.0,0.0,0.0
2004-06-23,0.0,0.0,0.0,0.0,0.0,0.0,0.0,0.0,0.0,0.0,0.0,0.0,0.0,0.0,0.0,0.0,0.0
2004-06-24,0.0,0.0,0.0,0.0,0.0,0.0,0.0,0.0,0.0,0.0,0.0,0.0,0.0,0.0,0.0,0.0,0.0
2004-06-25,0.0,0.0,0.0,0.0,0.0,0.0,0.0,0.0,0.0,0.0,0.0,0.0,0.0,0.0,0.0,0.0,0.0
2004-06-28,0.0,0.0,0.0,0.0,0.0,0.0,0.0,0.0,0.0,0.0,0.0,0.0,0.0,0.0,0.0,0.0,0.0
2004-06-29,0.0,0.0,0.0,0.0,0.0,0.0,0.0,0.0,0.0,0.0,0.0,0.0,0.0,0.0,0.0,0.0,0.0
2004-06-30,0.0,0.0,0.0,0.0,0.0,0.0,0.0,0.0,0.0,0.0,0.0,0.0,0.0,0.0,0.0,0.0,0.0
2004-07-01,0.0,0.0,0.0,0.0,0.0,0.0,0.0,0.0,0.0,0.0,0.0,0.0,0.0,0.0,0.0,0.0,0.0
2004-07-02,0.0,0.0,0.0,0.0,0.0,0.0,0.0,0.0,0.0,0.0,0.0,0.0,0.0,0.0,0.0,0.0,0.0
2004-07-05,0.0,0.0,0.0,0.0,0.0,0.0,0.0,0.0,0.0,0.0,0.0,0.0,0.0,0.0,0.0,0.0,0.0
2004-07-06,0.0,0.0,0.0,0.0,0.0,0.0,0.0,0.0,0.0,0.0,0.0,0.0,0.0,0.0,0.0,0.0,0.0
2004-07-07,0.0,0.0,0.0,0.0,0.0,0.0,0.0,0.0,0.0,0.0,0.0,0.0,0.0,0.0,0.0,0.0,0.0
2004-07-08,0.0,0.0,0.0,0.0,0.0,0.0,0.0,0.0,0.0,0.0,0.0,0.0,0.0,0.0,0.0,0.0,0.0
2004-07-09,0.0,0.0,0.0,0.0,0.0,0.0,0.0,0.0,0.0,0.0,0.0,0.0,0.0,0.0,0.0,0.0,0.0
2004-07-12,0.0,0.0,0.0,0.0,0.0,0.0,0.0,0.0,0.0,0.0,0.0,0.0,0.0,0.0,0.0,0.0,0.0
2004-07-13,0.0,0.0,0.0,0.0,0.0,0.0,0.0,0.0,0.0,0.0,0.0,0.0,0.0,0.0,0.0,0.0,0.0
2004-07-14,0.0,0.0,0.0,0.0,0.0,0.0,0.0,0.0,0.0,0.0,0.0,0.0,0.0,0.0,0.0,0.0,0.0
2004-07-15,0.0,0.0,0.0,0.0,0.0,0.0,0.0,0.0,0.0,0.0,0.0,0.0,0.0,0.0,0.0,0.0,0.0
2004-07-16,0.0,0.0,0.0,0.0,0.0,0.0,0.0,0.0,0.0,0.0,0.0,0.0,0.0,0.0,0.0,0.0,0.0
2004-07-19,0.0,0.0,0.0,0.0,0.0,0.0,0.0,0.0,0.0,0.0,0.0,0.0,0.0,0.0,0.0,0.0,0.0
2004-07-20,0.0,0.0,0.0,0.0,0.0,0.0,0.0,0.0,0.0,0.0,0.0,0.0,0.0,0.0,0.0,0.0,0.0
2004-07-21,0.0,0.0,0.0,0.0,0.0,0.0,0.0,0.0,0.0,0.0,0.0,0.0,0.0,0.0,0.0,0.0,0.0
2004-07-22,0.0,0.0,0.0,0.0,0.0,0.0,0.0,0.0,0.0,0.0,0.0,0.0,0.0,0.0,0.0,0.0,0.0
2004-07-23,0.0,0.0,0.0,0.0,0.0,0.0,0.0,0.0,0.0,0.0,0.0,0.0,0.0,0.0,0.0,0.0,0.0
2004-07-26,0.0,0.0,0.0,0.0,0.0,0.0,0.0,0.0,0.0,0.0,0.0,0.0,0.0,0.0,0.0,0.0,0.0
2004-07-27,0.0,0.0,0.0,0.0,0.0,0.0,0.0,0.0,0.0,0.0,0.0,0.0,0.0,0.0,0.0,0.0,0.0
2004-07-28,0.0,0.0,0.0,0.0,0.0,0.0,0.0,0.0,0.0,0.0,0.0,0.0,0.0,0.0,0.0,0.0,0.0
2004-07-29,0.0,0.0,0.0,0.0,0.0,0.0,0.0,0.0,0.0,0.0,0.0,0.0,0.0,0.0,0.0,0.0,0.0
2004-07-30,0.0,0.0,0.0,0.0,0.0,0.0,0.0,0.0,0.0,0.0,0.0,0.0,0.0,0.0,0.0,0.0,0.0
2004-08-02,0.0,0.0,0.0,0.0,0.0,0.0,0.0,0.0,0.0,0.0,0.0,0.0,0.0,0.0,0.0,0.0,0.0
2004-08-03,0.0,0.0,0.0,0.0,0.0,0.0,0.0,0.0,0.0,0.0,0.0,0.0,0.0,0.0,0.0,0.0,0.0
2004-08-04,0.0,0.0,0.0,0.0,0.0,0.0,0.0,0.0,0.0,0.0,0.0,0.0,0.0,0.0,0.0,0.0,0.0
2004-08-05,0.0,0.0,0.0,0.0,0.0,0.0,0.0,0.0,0.0,0.0,0.0,0.0,0.0,0.0,0.0,0.0,0.0
2004-08-06,0.0,0.0,0.0,0.0,0.0,0.0,0.0,0.0,0.0,0.0,0.0,0.0,0.0,0.0,0.0,0.0,0.0
2004-08-09,0.0,0.0,0.0,0.0,0.0,0.0,0.0,0.0,0.0,0.0,0.0,0.0,0.0,0.0,0.0,0.0,0.0
2004-08-10,0.0,0.0,0.0,0.0,0.0,0.0,0.0,0.0,0.0,0.0,0.0,0.0,0.0,0.0,0.0,0.0,0.0
2004-08-11,0.0,0.0,0.0,0.0,0.0,0.0,0.0,0.0,0.0,0.0,0.0,0.0,0.0,0.0,0.0,0.0,0.0
2004-08-12,0.0,0.0,0.0,0.0,0.0,0.0,0.0,0.0,0.0,0.0,0.0,0.0,0.0,0.0,0.0,0.0,0.0
2004-08-13,0.0,0.0,0.0,0.0,0.0,0.0,0.0,0.0,0.0,0.0,0.0,0.0,0.0,0.0,0.0,0.0,0.0
2004-08-16,0.0,0.0,0.0,0.0,0.0,0.0,0.0,0.0,0.0,0.0,0.0,0.0,0.0,0.0,0.0,0.0,0.0
2004-08-17,0.0,0.0,0.0,0.0,0.0,0.0,0.0,0.0,0.0,0.0,0.0,0.0,0.0,0.0,0.0,0.0,0.0
2004-08-18,0.0,0.0,0.0,0.0,0.0,0.0,0.0,0.0,0.0,0.0,0.0,0.0,0.0,0.0,0.0,0.0,0.0
2004-08-19,0.0,0.0,0.0,0.0,0.0,0.0,0.0,0.0,0.0,0.0,0.0,0.0,0.0,0.0,0.0,0.0,0.0
2004-08-20,0.0,0.0,0.0,0.0,0.0,0.0,0.0,0.0,0.0,0.0,0.0,0.0,0.0,0.0,0.0,0.0,0.0
2004-08-23,0.0,0.0,0.0,0.0,0.0,0.0,0.0,0.0,0.0,0.0,0.0,0.0,0.0,0.0,0.0,0.0,0.0
2004-08-26,0.0,0.0,0.0,0.0,0.0,0.0,0.0,0.0,0.0,0.0,0.0,0.0,0.0,0.0,0.0,0.0,0.0
2004-08-27,0.0,0.0,0.0,0.0,0.0,0.0,0.0,0.0,0.0,0.0,0.0,0.0,0.0,0.0,0.0,0.0,0.0
2004-08-30,0.0,0.0,0.0,0.0,0.0,0.0,0.0,0.0,0.0,0.0,0.0,0.0,0.0,0.0,0.0,0.0,0.0
2004-08-31,0.0,0.0,0.0,0.0,0.0,0.0,0.0,0.0,0.0,0.0,0.0,0.0,0.0,0.0,0.0,0.0,0.0
2004-09-01,0.0,0.0,0.0,0.0,0.0,0.0,0.0,0.0,0.0,0.0,0.0,0.0,0.0,0.0,0.0,0.0,0.0
2004-09-02,0.0,0.0,0.0,0.0,0.0,0.0,0.0,0.0,0.0,0.0,0.0,0.0,0.0,0.0,0.0,0.0,0.0
2004-09-03,0.0,0.0,0.0,0.0,0.0,0.0,0.0,0.0,0.0,0.0,0.0,0.0,0.0,0.0,0.0,0.0,0.0
2004-09-06,0.0,0.0,0.0,0.0,0.0,0.0,0.0,0.0,0.0,0.0,0.0,0.0,0.0,0.0,0.0,0.0,0.0
2004-09-07,0.0,0.0,0.0,0.0,0.0,0.0,0.0,0.0,0.0,0.0,0.0,0.0,0.0,0.0,0.0,0.0,0.0
2004-09-08,0.0,0.0,0.0,0.0,0.0,0.0,0.0,0.0,0.0,0.0,0.0,0.0,0.0,0.0,0.0,0.0,0.0
2004-09-09,0.0,0.0,0.0,0.0,0.0,0.0,0.0,0.0,0.0,0.0,0.0,0.0,0.0,0.0,0.0,0.0,0.0
2004-09-10,0.0,0.0,0.0,0.0,0.0,0.0,0.0,0.0,0.0,0.0,0.0,0.0,0.0,0.0,0.0,0.0,0.0
2004-09-13,0.0,0.0,0.0,0.0,0.0,0.0,0.0,0.0,0.0,0.0,0.0,0.0,0.0,0.0,0.0,0.0,0.0
2004-09-14,0.0,0.0,0.0,0.0,0.0,0.0,0.0,0.0,0.0,0.0,0.0,0.0,0.0,0.0,0.0,0.0,0.0
2004-09-15,0.0,0.0,0.0,0.0,0.0,0.0,0.0,0.0,0.0,0.0,0.0,0.0,0.0,0.0,0.0,0.0,0.0
2004-09-16,0.0,0.0,0.0,0.0,0.0,0.0,0.0,0.0,0.0,0.0,0.0,0.0,0.0,0.0,0.0,0.0,0.0
2004-09-17,0.0,0.0,0.0,0.0,0.0,0.0,0.0,0.0,0.0,0.0,0.0,0.0,0.0,0.0,0.0,0.0,0.0
2004-09-20,0.0,0.0,0.0,0.0,0.0,0.0,0.0,0.0,0.0,0.0,0.0,0.0,0.0,0.0,0.0,0.0,0.0
2004-09-21,0.0,0.0,0.0,0.0,0.0,0.0,0.0,0.0,0.0,0.0,0.0,0.0,0.0,0.0,0.0,0.0,0.0
2004-09-22,0.0,0.0,0.0,0.0,0.0,0.0,0.0,0.0,0.0,0.0,0.0,0.0,0.0,0.0,0.0,0.0,0.0
2004-09-23,0.0,0.0,0.0,0.0,0.0,0.0,0.0,0.0,0.0,0.0,0.0,0.0,0.0,0.0,0.0,0.0,0.0
2004-09-24,0.0,0.0,0.0,0.0,0.0,0.0,0.0,0.0,0.0,0.0,0.0,0.0,0.0,0.0,0.0,0.0,0.0
2004-09-27,0.0,0.0,0.0,0.0,0.0,0.0,0.0,0.0,0.0,0.0,0.0,0.0,0.0,0.0,0.0,0.0,0.0
2004-09-29,0.0,0.0,0.0,0.0,0.0,0.0,0.0,0.0,0.0,0.0,0.0,0.0,0.0,0.0,0.0,0.0,0.0
2004-09-30,0.0,0.0,0.0,0.0,0.0,0.0,0.0,0.0,0.0,0.0,0.0,0.0,0.0,0.0,0.0,0.0,0.0
2004-10-01,0.0,0.0,0.0,0.0,0.0,0.0,0.0,0.0,0.0,0.0,0.0,0.0,0.0,0.0,0.0,0.0,0.0
2004-10-04,0.0,0.0,0.0,0.0,0.0,0.0,0.0,0.0,0.0,0.0,0.0,0.0,0.0,0.0,0.0,0.0,0.0
2004-10-05,0.0,0.0,0.0,0.0,0.0,0.0,0.0,0.0,0.0,0.0,0.0,0.0,0.0,0.0,0.0,0.0,0.0
2004-10-06,0.0,0.0,0.0,0.0,0.0,0.0,0.0,0.0,0.0,0.0,0.0,0.0,0.0,0.0,0.0,0.0,0.0
2004-10-07,0.0,0.0,0.0,0.0,0.0,0.0,0.0,0.0,0.0,0.0,0.0,0.0,0.0,0.0,0.0,0.0,0.0
2004-10-08,0.0,0.0,0.0,0.0,0.0,0.0,0.0,0.0,0.0,0.0,0.0,0.0,0.0,0.0,0.0,0.0,0.0
2004-10-11,0.0,0.0,0.0,0.0,0.0,0.0,0.0,0.0,0.0,0.0,0.0,0.0,0.0,0.0,0.0,0.0,0.0
2004-10-12,0.0,0.0,0.0,0.0,0.0,0.0,0.0,0.0,0.0,0.0,0.0,0.0,0.0,0.0,0.0,0.0,0.0
2004-10-13,0.0,0.0,0.0,0.0,0.0,0.0,0.0,0.0,0.0,0.0,0.0,0.0,0.0,0.0,0.0,0.0,0.0
2004-10-14,0.0,0.0,0.0,0.0,0.0,0.0,0.0,0.0,0.0,0.0,0.0,0.0,0.0,0.0,0.0,0.0,0.0
2004-10-15,0.0,0.0,0.0,0.0,0.0,0.0,0.0,0.0,0.0,0.0,0.0,0.0,0.0,0.0,0.0,0.0,0.0
2004-10-18,0.0,0.0,0.0,0.0,0.0,0.0,0.0,0.0,0.0,0.0,0.0,0.0,0.0,0.0,0.0,0.0,0.0
2004-10-19,0.0,0.0,0.0,0.0,0.0,0.0,0.0,0.0,0.0,0.0,0.0,0.0,0.0,0.0,0.0,0.0,0.0
2004-10-20,0.0,0.0,0.0,0.0,0.0,0.0,0.0,0.0,0.0,0.0,0.0,0.0,0.0,0.0,0.0,0.0,0.0
2004-10-21,0.0,0.0,0.0,0.0,0.0,0.0,0.0,0.0,0.0,0.0,0.0,0.0,0.0,0.0,0.0,0.0,0.0
2004-10-22,0.0,0.0,0.0,0.0,0.0,0.0,0.0,0.0,0.0,0.0,0.0,0.0,0.0,0.0,0.0,0.0,0.0
2004-10-26,0.0,0.0,0.0,0.0,0.0,0.0,0.0,0.0,0.0,0.0,0.0,0.0,0.0,0.0,0.0,0.0,0.0
2004-10-27,0.0,0.0,0.0,0.0,0.0,0.0,0.0,0.0,0.0,0.0,0.0,0.0,0.0,0.0,0.0,0.0,0.0
2004-10-28,0.0,0.0,0.0,0.0,0.0,0.0,0.0,0.0,0.0,0.0,0.0,0.0,0.0,0.0,0.0,0.0,0.0
2004-10-29,0.0,0.0,0.0,0.0,0.0,0.0,0.0,0.0,0.0,0.0,0.0,0.0,0.0,0.0,0.0,0.0,0.0
2004-11-01,0.0,0.0,0.0,0.0,0.0,0.0,0.0,0.0,0.0,0.0,0.0,0.0,0.0,0.0,0.0,0.0,0.0
2004-11-02,0.0,0.0,0.0,0.0,0.0,0.0,0.0,0.0,0.0,0.0,0.0,0.0,0.0,0.0,0.0,0.0,0.0
2004-11-03,0.0,0.0,0.0,0.0,0.0,0.0,0.0,0.0,0.0,0.0,0.0,0.0,0.0,0.0,0.0,0.0,0.0
2004-11-04,0.0,0.0,0.0,0.0,0.0,0.0,0.0,0.0,0.0,0.0,0.0,0.0,0.0,0.0,0.0,0.0,0.0
2004-11-05,0.0,0.0,0.0,0.0,0.0,0.0,0.0,0.0,0.0,0.0,0.0,0.0,0.0,0.0,0.0,0.0,0.0
2004-11-08,0.0,0.0,0.0,0.0,0.0,0.0,0.0,0.0,0.0,0.0,0.0,0.0,0.0,0.0,0.0,0.0,0.0
2004-11-09,0.0,0.0,0.0,0.0,0.0,0.0,0.0,0.0,0.0,0.0,0.0,0.0,0.0,0.0,0.0,0.0,0.0
2004-11-10,0.0,0.0,0.0,0.0,0.0,0.0,0.0,0.0,0.0,0.0,0.0,0.0,0.0,0.0,0.0,0.0,0.0
2004-11-11,0.0,0.0,0.0,0.0,0.0,0.0,0.0,0.0,0.0,0.0,0.0,0.0,0.0,0.0,0.0,0.0,0.0
2004-11-12,0.0,0.0,0.0,0.0,0.0,0.0,0.0,0.0,0.0,0.0,0.0,0.0,0.0,0.0,0.0,0.0,0.0
2004-11-15,0.0,0.0,0.0,0.0,0.0,0.0,0.0,0.0,0.0,0.0,0.0,0.0,0.0,0.0,0.0,0.0,0.0
2004-11-16,0.0,0.0,0.0,0.0,0.0,0.0,0.0,0.0,0.0,0.0,0.0,0.0,0.0,0.0,0.0,0.0,0.0
2004-11-17,0.0,0.0,0.0,0.0,0.0,0.0,0.0,0.0,0.0,0.0,0.0,0.0,0.0,0.0,0.0,0.0,0.0
2004-11-18,0.0,0.0,0.0,0.0,0.0,0.0,0.0,0.0,0.0,0.0,0.0,0.0,0.0,0.0,0.0,0.0,0.0
2004-11-19,0.0,0.0,0.0,0.0,0.0,0.0,0.0,0.0,0.0,0.0,0.0,0.0,0.0,0.0,0.0,0.0,0.0
2004-11-22,0.0,0.0,0.0,0.0,0.0,0.0,0.0,0.0,0.0,0.0,0.0,0.0,0.0,0.0,0.0,0.0,0.0
2004-11-23,0.0,0.0,0.0,0.0,0.0,0.0,0.0,0.0,0.0,0.0,0.0,0.0,0.0,0.0,0.0,0.0,0.0
2004-11-24,0.0,0.0,0.0,0.0,0.0,0.0,0.0,0.0,0.0,0.0,0.0,0.0,0.0,0.0,0.0,0.0,0.0
2004-11-25,0.0,0.0,0.0,0.0,0.0,0.0,0.0,0.0,0.0,0.0,0.0,0.0,0.0,0.0,0.0,0.0,0.0
2004-11-26,0.0,0.0,0.0,0.0,0.0,0.0,0.0,0.0,0.0,0.0,0.0,0.0,0.0,0.0,0.0,0.0,0.0
2004-11-29,0.0,0.0,0.0,0.0,0.0,0.0,0.0,0.0,0.0,0.0,0.0,0.0,0.0,0.0,0.0,0.0,0.0
2004-11-30,0.0,0.0,0.0,0.0,0.0,0.0,0.0,0.0,0.0,0.0,0.0,0.0,0.0,0.0,0.0,0.0,0.0
2004-12-01,0.0,0.0,0.0,0.0,0.0,0.0,0.0,0.0,0.0,0.0,0.0,0.0,0.0,0.0,0.0,0.0,0.0
2004-12-02,0.0,0.0,0.0,0.0,0.0,0.0,0.0,0.0,0.0,0.0,0.0,0.0,0.0,0.0,0.0,0.0,0.0
2004-12-03,0.0,0.0,0.0,0.0,0.0,0.0,0.0,0.0,0.0,0.0,0.0,0.0,0.0,0.0,0.0,0.0,0.0
2004-12-06,0.0,0.0,0.0,0.0,0.0,0.0,0.0,0.0,0.0,0.0,0.0,0.0,0.0,0.0,0.0,0.0,0.0
2004-12-07,0.0,0.0,0.0,0.0,0.0,0.0,0.0,0.0,0.0,0.0,0.0,0.0,0.0,0.0,0.0,0.0,0.0
2004-12-08,0.0,0.0,0.0,0.0,0.0,0.0,0.0,0.0,0.0,0.0,0.0,0.0,0.0,0.0,0.0,0.0,0.0
2004-12-09,0.0,0.0,0.0,0.0,0.0,0.0,0.0,0.0,0.0,0.0,0.0,0.0,0.0,0.0,0.0,0.0,0.0
2004-12-10,0.0,0.0,0.0,0.0,0.0,0.0,0.0,0.0,0.0,0.0,0.0,0.0,0.0,0.0,0.0,0.0,0.0
2004-12-13,0.0,0.0,0.0,0.0,0.0,0.0,0.0,0.0,0.0,0.0,0.0,0.0,0.0,0.0,0.0,0.0,0.0
2004-12-14,0.0,0.0,0.0,0.0,0.0,0.0,0.0,0.0,0.0,0.0,0.0,0.0,0.0,0.0,0.0,0.0,0.0
2004-12-15,0.0,0.0,0.0,0.0,0.0,0.0,0.0,0.0,0.0,0.0,0.0,0.0,0.0,0.0,0.0,0.0,0.0
2004-12-16,0.0,0.0,0.0,0.0,0.0,0.0,0.0,0.0,0.0,0.0,0.0,0.0,0.0,0.0,0.0,0.0,0.0
2004-12-17,0.0,0.0,0.0,0.0,0.0,0.0,0.0,0.0,0.0,0.0,0.0,0.0,0.0,0.0,0.0,0.0,0.0
2004-12-20,0.0,0.0,0.0,0.0,0.0,0.0,0.0,0.0,0.0,0.0,0.0,0.0,0.0,0.0,0.0,0.0,0.0
2004-12-21,0.0,0.0,0.0,0.0,0.0,0.0,0.0,0.0,0.0,0.0,0.0,0.0,0.0,0.0,0.0,0.0,0.0
2004-12-22,0.0,0.0,0.0,0.0,0.0,0.0,0.0,0.0,0.0,0.0,0.0,0.0,0.0,0.0,0.0,0.0,0.0
2004-12-23,0.0,0.0,0.0,0.0,0.0,0.0,0.0,0.0,0.0,0.0,0.0,0.0,0.0,0.0,0.0,0.0,0.0
2004-12-24,0.0,0.0,0.0,0.0,0.0,0.0,0.0,0.0,0.0,0.0,0.0,0.0,0.0,0.0,0.0,0.0,0.0
2004-12-27,0.0,0.0,0.0,0.0,0.0,0.0,0.0,0.0,0.0,0.0,0.0,0.0,0.0,0.0,0.0,0.0,0.0
2004-12-28,0.0,0.0,0.0,0.0,0.0,0.0,0.0,0.0,0.0,0.0,0.0,0.0,0.0,0.0,0.0,0.0,0.0
2004-12-29,0.0,0.0,0.0,0.0,0.0,0.0,0.0,0.0,0.0,0.0,0.0,0.0,0.0,0.0,0.0,0.0,0.0
2004-12-30,0.0,0.0,0.0,0.0,0.0,0.0,0.0,0.0,0.0,0.0,0.0,0.0,0.0,0.0,0.0,0.0,0.0
2004-12-31,0.0,0.0,0.0,0.0,0.0,0.0,0.0,0.0,0.0,0.0,0.0,0.0,0.0,0.0,0.0,0.0,0.0
2005-01-03,0.0,0.0,0.0,0.0,0.0,0.0,0.0,0.0,0.0,0.0,0.0,0.0,0.0,0.0,0.0,0.0,0.0
2005-01-04,0.0,0.0,0.0,0.0,0.0,0.0,0.0,0.0,0.0,0.0,0.0,0.0,0.0,0.0,0.0,0.0,0.0
2005-01-05,0.0,0.0,0.0,0.0,0.0,0.0,0.0,0.0,0.0,0.0,0.0,0.0,0.0,0.0,0.0,0.0,0.0
2005-01-06,0.0,0.0,0.0,0.0,0.0,0.0,0.0,0.0,0.0,0.0,0.0,0.0,0.0,0.0,0.0,0.0,0.0
2005-01-07,0.0,0.0,0.0,0.0,0.0,0.0,0.0,0.0,0.0,0.0,0.0,0.0,0.0,0.0,0.0,0.0,0.0
2005-01-10,0.0,0.0,0.0,0.0,0.0,0.0,0.0,0.0,0.0,0.0,0.0,0.0,0.0,0.0,0.0,0.0,0.0
2005-01-11,0.0,0.0,0.0,0.0,0.0,0.0,0.0,0.0,0.0,0.0,0.0,0.0,0.0,0.0,0.0,0.0,0.0
2005-01-12,0.0,0.0,0.0,0.0,0.0,0.0,0.0,0.0,0.0,0.0,0.0,0.0,0.0,0.0,0.0,0.0,0.0
2005-01-13,0.0,0.0,0.0,0.0,0.0,0.0,0.0,0.0,0.0,0.0,0.0,0.0,0.0,0.0,0.0,0.0,0.0
2005-01-14,0.0,0.0,0.0,0.0,0.0,0.0,0.0,0.0,0.0,0.0,0.0,0.0,0.0,0.0,0.0,0.0,0.0
2005-01-17,0.0,0.0,0.0,0.0,0.0,0.0,0.0,0.0,0.0,0.0,0.0,0.0,0.0,0.0,0.0,0.0,0.0
2005-01-18,0.0,0.0,0.0,0.0,0.0,0.0,0.0,0.0,0.0,0.0,0.0,0.0,0.0,0.0,0.0,0.0,0.0
2005-01-19,0.0,0.0,0.0,0.0,0.0,0.0,0.0,0.0,0.0,0.0,0.0,0.0,0.0,0.0,0.0,0.0,0.0
2005-01-20,0.0,0.0,0.0,0.0,0.0,0.0,0.0,0.0,0.0,0.0,0.0,0.0,0.0,0.0,0.0,0.0,0.0
2005-01-21,0.0,0.0,0.0,0.0,0.0,0.0,0.0,0.0,0.0,0.0,0.0,0.0,0.0,0.0,0.0,0.0,0.0
2005-01-24,0.0,0.0,0.0,0.0,0.0,0.0,0.0,0.0,0.0,0.0,0.0,0.0,0.0,0.0,0.0,0.0,0.0
2005-01-25,0.0,0.0,0.0,0.0,0.0,0.0,0.0,0.0,0.0,0.0,0.0,0.0,0.0,0.0,0.0,0.0,0.0
2005-01-26,0.0,0.0,0.0,0.0,0.0,0.0,0.0,0.0,0.0,0.0,0.0,0.0,0.0,0.0,0.0,0.0,0.0
2005-01-27,0.0,0.0,0.0,0.0,0.0,0.0,0.0,0.0,0.0,0.0,0.0,0.0,0.0,0.0,0.0,0.0,0.0
2005-01-28,0.0,0.0,0.0,0.0,0.0,0.0,0.0,0.0,0.0,0.0,0.0,0.0,0.0,0.0,0.0,0.0,0.0
2005-01-31,0.0,0.0,0.0,0.0,0.0,0.0,0.0,0.0,0.0,0.0,0.0,0.0,0.0,0.0,0.0,0.0,0.0
2005-02-01,0.0,0.0,0.0,0.0,0.0,0.0,0.0,0.0,0.0,0.0,0.0,0.0,0.0,0.0,0.0,0.0,0.0
2005-02-02,0.0,0.0,0.0,0.0,0.0,0.0,0.0,0.0,0.0,0.0,0.0,0.0,0.0,0.0,0.0,0.0,0.0
2005-02-03,0.0,0.0,0.0,0.0,0.0,0.0,0.0,0.0,0.0,0.0,0.0,0.0,0.0,0.0,0.0,0.0,0.0
2005-02-14,0.0,0.0,0.0,0.0,0.0,0.0,0.0,0.0,0.0,0.0,0.0,0.0,0.0,0.0,0.0,0.0,0.0
2005-02-15,0.0,0.0,0.0,0.0,0.0,0.0,0.0,0.0,0.0,0.0,0.0,0.0,0.0,0.0,0.0,0.0,0.0
2005-02-16,0.0,0.0,0.0,0.0,0.0,0.0,0.0,0.0,0.0,0.0,0.0,0.0,0.0,0.0,0.0,0.0,0.0
2005-02-17,0.0,0.0,0.0,0.0,0.0,0.0,0.0,0.0,0.0,0.0,0.0,0.0,0.0,0.0,0.0,0.0,0.0
2005-02-18,0.0,0.0,0.0,0.0,0.0,0.0,0.0,0.0,0.0,0.0,0.0,0.0,0.0,0.0,0.0,0.0,0.0
2005-02-21,0.0,0.0,0.0,0.0,0.0,0.0,0.0,0.0,0.0,0.0,0.0,0.0,0.0,0.0,0.0,0.0,0.0
2005-02-22,0.0,0.0,0.0,0.0,0.0,0.0,0.0,0.0,0.0,0.0,0.0,0.0,0.0,0.0,0.0,0.0,0.0
2005-02-23,0.0,0.0,0.0,0.0,0.0,0.0,0.0,0.0,0.0,0.0,0.0,0.0,0.0,0.0,0.0,0.0,0.0
2005-02-24,0.0,0.0,0.0,0.0,0.0,0.0,0.0,0.0,0.0,0.0,0.0,0.0,0.0,0.0,0.0,0.0,0.0
2005-02-25,0.0,0.0,0.0,0.0,0.0,0.0,0.0,0.0,0.0,0.0,0.0,0.0,0.0,0.0,0.0,0.0,0.0
2005-03-01,0.0,0.0,0.0,0.0,0.0,0.0,0.0,0.0,0.0,0.0,0.0,0.0,0.0,0.0,0.0,0.0,0.0
2005-03-02,0.0,0.0,0.0,0.0,0.0,0.0,0.0,0.0,0.0,0.0,0.0,0.0,0.0,0.0,0.0,0.0,0.0
2005-03-03,0.0,0.0,0.0,0.0,0.0,0.0,0.0,0.0,0.0,0.0,0.0,0.0,0.0,0.0,0.0,0.0,0.0
2005-03-04,0.0,0.0,0.0,0.0,0.0,0.0,0.0,0.0,0.0,0.0,0.0,0.0,0.0,0.0,0.0,0.0,0.0
2005-03-07,0.0,0.0,0.0,0.0,0.0,0.0,0.0,0.0,0.0,0.0,0.0,0.0,0.0,0.0,0.0,0.0,0.0
2005-03-08,0.0,0.0,0.0,0.0,0.0,0.0,0.0,0.0,0.0,0.0,0.0,0.0,0.0,0.0,0.0,0.0,0.0
2005-03-09,0.0,0.0,0.0,0.0,0.0,0.0,0.0,0.0,0.0,0.0,0.0,0.0,0.0,0.0,0.0,0.0,0.0
2005-03-10,0.0,0.0,0.0,0.0,0.0,0.0,0.0,0.0,0.0,0.0,0.0,0.0,0.0,0.0,0.0,0.0,0.0
2005-03-11,0.0,0.0,0.0,0.0,0.0,0.0,0.0,0.0,0.0,0.0,0.0,0.0,0.0,0.0,0.0,0.0,0.0
2005-03-14,0.0,0.0,0.0,0.0,0.0,0.0,0.0,0.0,0.0,0.0,0.0,0.0,0.0,0.0,0.0,0.0,0.0
2005-03-15,0.0,0.0,0.0,0.0,0.0,0.0,0.0,0.0,0.0,0.0,0.0,0.0,0.0,0.0,0.0,0.0,0.0
2005-03-16,0.0,0.0,0.0,0.0,0.0,0.0,0.0,0.0,0.0,0.0,0.0,0.0,0.0,0.0,0.0,0.0,0.0
2005-03-17,0.0,0.0,0.0,0.0,0.0,0.0,0.0,0.0,0.0,0.0,0.0,0.0,0.0,0.0,0.0,0.0,0.0
2005-03-18,0.0,0.0,0.0,0.0,0.0,0.0,0.0,0.0,0.0,0.0,0.0,0.0,0.0,0.0,0.0,0.0,0.0
2005-03-21,0.0,0.0,0.0,0.0,0.0,0.0,0.0,0.0,0.0,0.0,0.0,0.0,0.0,0.0,0.0,0.0,0.0
2005-03-22,0.0,0.0,0.0,0.0,0.0,0.0,0.0,0.0,0.0,0.0,0.0,0.0,0.0,0.0,0.0,0.0,0.0
2005-03-23,0.0,0.0,0.0,0.0,0.0,0.0,0.0,0.0,0.0,0.0,0.0,0.0,0.0,0.0,0.0,0.0,0.0
2005-03-24,0.0,0.0,0.0,0.0,0.0,0.0,0.0,0.0,0.0,0.0,0.0,0.0,0.0,0.0,0.0,0.0,0.0
2005-03-25,0.0,0.0,0.0,0.0,0.0,0.0,0.0,0.0,0.0,0.0,0.0,0.0,0.0,0.0,0.0,0.0,0.0
2005-03-28,0.0,0.0,0.0,0.0,0.0,0.0,0.0,0.0,0.0,0.0,0.0,0.0,0.0,0.0,0.0,0.0,0.0
2005-03-29,0.0,0.0,0.0,0.0,0.0,0.0,0.0,0.0,0.0,0.0,0.0,0.0,0.0,0.0,0.0,0.0,0.0
2005-03-30,0.0,0.0,0.0,0.0,0.0,0.0,0.0,0.0,0.0,0.0,0.0,0.0,0.0,0.0,0.0,0.0,0.0
2005-03-31,0.0,0.0,0.0,0.0,0.0,0.0,0.0,0.0,0.0,0.0,0.0,0.0,0.0,0.0,0.0,0.0,0.0
2005-04-01,0.0,0.0,0.0,0.0,0.0,0.0,0.0,0.0,0.0,0.0,0.0,0.0,0.0,0.0,0.0,0.0,0.0
2005-04-04,0.0,0.0,0.0,0.0,0.0,0.0,0.0,0.0,0.0,0.0,0.0,0.0,0.0,0.0,0.0,0.0,0.0
2005-04-06,0.0,0.0,0.0,0.0,0.0,0.0,0.0,0.0,0.0,0.0,0.0,0.0,0.0,0.0,0.0,0.0,0.0
2005-04-07,0.0,0.0,0.0,0.0,0.0,0.0,0.0,0.0,0.0,0.0,0.0,0.0,0.0,0.0,0.0,0.0,0.0
2005-04-08,0.0,0.0,0.0,0.0,0.0,0.0,0.0,0.0,0.0,0.0,0.0,0.0,0.0,0.0,0.0,0.0,0.0
2005-04-11,0.0,0.0,0.0,0.0,0.0,0.0,0.0,0.0,0.0,0.0,0.0,0.0,0.0,0.0,0.0,0.0,0.0
2005-04-12,0.0,0.0,0.0,0.0,0.0,0.0,0.0,0.0,0.0,0.0,0.0,0.0,0.0,0.0,0.0,0.0,0.0
2005-04-13,0.0,0.0,0.0,0.0,0.0,0.0,0.0,0.0,0.0,0.0,0.0,0.0,0.0,0.0,0.0,0.0,0.0
2005-04-14,0.0,0.0,0.0,0.0,0.0,0.0,0.0,0.0,0.0,0.0,0.0,0.0,0.0,0.0,0.0,0.0,0.0
2005-04-15,0.0,0.0,0.0,0.0,0.0,0.0,0.0,0.0,0.0,0.0,0.0,0.0,0.0,0.0,0.0,0.0,0.0
2005-04-18,0.0,0.0,0.0,0.0,0.0,0.0,0.0,0.0,0.0,0.0,0.0,0.0,0.0,0.0,0.0,0.0,0.0
2005-04-19,0.0,0.0,0.0,0.0,0.0,0.0,0.0,0.0,0.0,0.0,0.0,0.0,0.0,0.0,0.0,0.0,0.0
2005-04-20,0.0,0.0,0.0,0.0,0.0,0.0,0.0,0.0,0.0,0.0,0.0,0.0,0.0,0.0,0.0,0.0,0.0
2005-04-21,0.0,0.0,0.0,0.0,0.0,0.0,0.0,0.0,0.0,0.0,0.0,0.0,0.0,0.0,0.0,0.0,0.0
2005-04-22,0.0,0.0,0.0,0.0,0.0,0.0,0.0,0.0,0.0,0.0,0.0,0.0,0.0,0.0,0.0,0.0,0.0
2005-04-25,0.0,0.0,0.0,0.0,0.0,0.0,0.0,0.0,0.0,0.0,0.0,0.0,0.0,0.0,0.0,0.0,0.0
2005-04-26,0.0,0.0,0.0,0.0,0.0,0.0,0.0,0.0,0.0,0.0,0.0,0.0,0.0,0.0,0.0,0.0,0.0
2005-04-27,0.0,0.0,0.0,0.0,0.0,0.0,0.0,0.0,0.0,0.0,0.0,0.0,0.0,0.0,0.0,0.0,0.0
2005-04-28,0.0,0.0,0.0,0.0,0.0,0.0,0.0,0.0,0.0,0.0,0.0,0.0,0.0,0.0,0.0,0.0,0.0
2005-04-29,0.0,0.0,0.0,0.0,0.0,0.0,0.0,0.0,0.0,0.0,0.0,0.0,0.0,0.0,0.0,0.0,0.0
2005-05-03,0.0,0.0,0.0,0.0,0.0,0.0,0.0,0.0,0.0,0.0,0.0,0.0,0.0,0.0,0.0,0.0,0.0
2005-05-04,0.0,0.0,0.0,0.0,0.0,0.0,0.0,0.0,0.0,0.0,0.0,0.0,0.0,0.0,0.0,0.0,0.0
2005-05-05,0.0,0.0,0.0,0.0,0.0,0.0,0.0,0.0,0.0,0.0,0.0,0.0,0.0,0.0,0.0,0.0,0.0
2005-05-06,0.0,0.0,0.0,0.0,0.0,0.0,0.0,0.0,0.0,0.0,0.0,0.0,0.0,0.0,0.0,0.0,0.0
2005-05-09,0.0,0.0,0.0,0.0,0.0,0.0,0.0,0.0,0.0,0.0,0.0,0.0,0.0,0.0,0.0,0.0,0.0
2005-05-10,0.0,0.0,0.0,0.0,0.0,0.0,0.0,0.0,0.0,0.0,0.0,0.0,0.0,0.0,0.0,0.0,0.0
2005-05-11,0.0,0.0,0.0,0.0,0.0,0.0,0.0,0.0,0.0,0.0,0.0,0.0,0.0,0.0,0.0,0.0,0.0
2005-05-12,0.0,0.0,0.0,0.0,0.0,0.0,0.0,0.0,0.0,0.0,0.0,0.0,0.0,0.0,0.0,0.0,0.0
2005-05-13,0.0,0.0,0.0,0.0,0.0,0.0,0.0,0.0,0.0,0.0,0.0,0.0,0.0,0.0,0.0,0.0,0.0
2005-05-16,0.0,0.0,0.0,0.0,0.0,0.0,0.0,0.0,0.0,0.0,0.0,0.0,0.0,0.0,0.0,0.0,0.0
2005-05-17,0.0,0.0,0.0,0.0,0.0,0.0,0.0,0.0,0.0,0.0,0.0,0.0,0.0,0.0,0.0,0.0,0.0
2005-05-18,0.0,0.0,0.0,0.0,0.0,0.0,0.0,0.0,0.0,0.0,0.0,0.0,0.0,0.0,0.0,0.0,0.0
2005-05-19,0.0,0.0,0.0,0.0,0.0,0.0,0.0,0.0,0.0,0.0,0.0,0.0,0.0,0.0,0.0,0.0,0.0
2005-05-20,0.0,0.0,0.0,0.0,0.0,0.0,0.0,0.0,0.0,0.0,0.0,0.0,0.0,0.0,0.0,0.0,0.0
2005-05-23,0.0,0.0,0.0,0.0,0.0,0.0,0.0,0.0,0.0,0.0,0.0,0.0,0.0,0.0,0.0,0.0,0.0
2005-05-24,0.0,0.0,0.0,0.0,0.0,0.0,0.0,0.0,0.0,0.0,0.0,0.0,0.0,0.0,0.0,0.0,0.0
2005-05-25,0.0,0.0,0.0,0.0,0.0,0.0,0.0,0.0,0.0,0.0,0.0,0.0,0.0,0.0,0.0,0.0,0.0
2005-05-26,0.0,0.0,0.0,0.0,0.0,0.0,0.0,0.0,0.0,0.0,0.0,0.0,0.0,0.0,0.0,0.0,0.0
2005-05-27,0.0,0.0,0.0,0.0,0.0,0.0,0.0,0.0,0.0,0.0,0.0,0.0,0.0,0.0,0.0,0.0,0.0
2005-05-30,0.0,0.0,0.0,0.0,0.0,0.0,0.0,0.0,0.0,0.0,0.0,0.0,0.0,0.0,0.0,0.0,0.0
2005-05-31,0.0,0.0,0.0,0.0,0.0,0.0,0.0,0.0,0.0,0.0,0.0,0.0,0.0,0.0,0.0,0.0,0.0
2005-06-01,0.0,0.0,0.0,0.0,0.0,0.0,0.0,0.0,0.0,0.0,0.0,0.0,0.0,0.0,0.0,0.0,0.0
2005-06-02,0.0,0.0,0.0,0.0,0.0,0.0,0.0,0.0,0.0,0.0,0.0,0.0,0.0,0.0,0.0,0.0,0.0
2005-06-03,0.0,0.0,0.0,0.0,0.0,0.0,0.0,0.0,0.0,0.0,0.0,0.0,0.0,0.0,0.0,0.0,0.0
2005-06-06,0.0,0.0,0.0,0.0,0.0,0.0,0.0,0.0,0.0,0.0,0.0,0.0,0.0,0.0,0.0,0.0,0.0
2005-06-07,0.0,0.0,0.0,0.0,0.0,0.0,0.0,0.0,0.0,0.0,0.0,0.0,0.0,0.0,0.0,0.0,0.0
2005-06-08,0.0,0.0,0.0,0.0,0.0,0.0,0.0,0.0,0.0,0.0,0.0,0.0,0.0,0.0,0.0,0.0,0.0
2005-06-09,0.0,0.0,0.0,0.0,0.0,0.0,0.0,0.0,0.0,0.0,0.0,0.0,0.0,0.0,0.0,0.0,0.0
2005-06-10,0.0,0.0,0.0,0.0,0.0,0.0,0.0,0.0,0.0,0.0,0.0,0.0,0.0,0.0,0.0,0.0,0.0
2005-06-13,0.0,0.0,0.0,0.0,0.0,0.0,0.0,0.0,0.0,0.0,0.0,0.0,0.0,0.0,0.0,0.0,0.0
2005-06-14,0.0,0.0,0.0,0.0,0.0,0.0,0.0,0.0,0.0,0.0,0.0,0.0,0.0,0.0,0.0,0.0,0.0
2005-06-15,0.0,0.0,0.0,0.0,0.0,0.0,0.0,0.0,0.0,0.0,0.0,0.0,0.0,0.0,0.0,0.0,0.0
2005-06-16,0.0,0.0,0.0,0.0,0.0,0.0,0.0,0.0,0.0,0.0,0.0,0.0,0.0,0.0,0.0,0.0,0.0
2005-06-17,0.0,0.0,0.0,0.0,0.0,0.0,0.0,0.0,0.0,0.0,0.0,0.0,0.0,0.0,0.0,0.0,0.0
2005-06-20,0.0,0.0,0.0,0.0,0.0,0.0,0.0,0.0,0.0,0.0,0.0,0.0,0.0,0.0,0.0,0.0,0.0
2005-06-21,0.0,0.0,0.0,0.0,0.0,0.0,0.0,0.0,0.0,0.0,0.0,0.0,0.0,0.0,0.0,0.0,0.0
2005-06-22,0.0,0.0,0.0,0.0,0.0,0.0,0.0,0.0,0.0,0.0,0.0,0.0,0.0,0.0,0.0,0.0,0.0
2005-06-23,0.0,0.0,0.0,0.0,0.0,0.0,0.0,0.0,0.0,0.0,0.0,0.0,0.0,0.0,0.0,0.0,0.0
2005-06-24,0.0,0.0,0.0,0.0,0.0,0.0,0.0,0.0,0.0,0.0,0.0,0.0,0.0,0.0,0.0,0.0,0.0
2005-06-27,0.0,0.0,0.0,0.0,0.0,0.0,0.0,0.0,0.0,0.0,0.0,0.0,0.0,0.0,0.0,0.0,0.0
2005-06-28,0.0,0.0,0.0,0.0,0.0,0.0,0.0,0.0,0.0,0.0,0.0,0.0,0.0,0.0,0.0,0.0,0.0
2005-06-29,0.0,0.0,0.0,0.0,0.0,0.0,0.0,0.0,0.0,0.0,0.0,0.0,0.0,0.0,0.0,0.0,0.0
2005-06-30,0.0,0.0,0.0,0.0,0.0,0.0,0.0,0.0,0.0,0.0,0.0,0.0,0.0,0.0,0.0,0.0,0.0
2005-07-01,0.0,0.0,0.0,0.0,0.0,0.0,0.0,0.0,0.0,0.0,0.0,0.0,0.0,0.0,0.0,0.0,0.0
2005-07-04,0.0,0.0,0.0,0.0,0.0,0.0,0.0,0.0,0.0,0.0,0.0,0.0,0.0,0.0,0.0,0.0,0.0
2005-07-05,0.0,0.0,0.0,0.0,0.0,0.0,0.0,0.0,0.0,0.0,0.0,0.0,0.0,0.0,0.0,0.0,0.0
2005-07-06,0.0,0.0,0.0,0.0,0.0,0.0,0.0,0.0,0.0,0.0,0.0,0.0,0.0,0.0,0.0,0.0,0.0
2005-07-07,0.0,0.0,0.0,0.0,0.0,0.0,0.0,0.0,0.0,0.0,0.0,0.0,0.0,0.0,0.0,0.0,0.0
2005-07-08,0.0,0.0,0.0,0.0,0.0,0.0,0.0,0.0,0.0,0.0,0.0,0.0,0.0,0.0,0.0,0.0,0.0
2005-07-11,0.0,0.0,0.0,0.0,0.0,0.0,0.0,0.0,0.0,0.0,0.0,0.0,0.0,0.0,0.0,0.0,0.0
2005-07-12,0.0,0.0,0.0,0.0,0.0,0.0,0.0,0.0,0.0,0.0,0.0,0.0,0.0,0.0,0.0,0.0,0.0
2005-07-13,0.0,0.0,0.0,0.0,0.0,0.0,0.0,0.0,0.0,0.0,0.0,0.0,0.0,0.0,0.0,0.0,0.0
2005-07-14,0.0,0.0,0.0,0.0,0.0,0.0,0.0,0.0,0.0,0.0,0.0,0.0,0.0,0.0,0.0,0.0,0.0
2005-07-15,0.0,0.0,0.0,0.0,0.0,0.0,0.0,0.0,0.0,0.0,0.0,0.0,0.0,0.0,0.0,0.0,0.0
2005-07-19,0.0,0.0,0.0,0.0,0.0,0.0,0.0,0.0,0.0,0.0,0.0,0.0,0.0,0.0,0.0,0.0,0.0
2005-07-20,0.0,0.0,0.0,0.0,0.0,0.0,0.0,0.0,0.0,0.0,0.0,0.0,0.0,0.0,0.0,0.0,0.0
2005-07-21,0.0,0.0,0.0,0.0,0.0,0.0,0.0,0.0,0.0,0.0,0.0,0.0,0.0,0.0,0.0,0.0,0.0
2005-07-22,0.0,0.0,0.0,0.0,0.0,0.0,0.0,0.0,0.0,0.0,0.0,0.0,0.0,0.0,0.0,0.0,0.0
2005-07-25,0.0,0.0,0.0,0.0,0.0,0.0,0.0,0.0,0.0,0.0,0.0,0.0,0.0,0.0,0.0,0.0,0.0
2005-07-26,0.0,0.0,0.0,0.0,0.0,0.0,0.0,0.0,0.0,0.0,0.0,0.0,0.0,0.0,0.0,0.0,0.0
2005-07-27,0.0,0.0,0.0,0.0,0.0,0.0,0.0,0.0,0.0,0.0,0.0,0.0,0.0,0.0,0.0,0.0,0.0
2005-07-28,0.0,0.0,0.0,0.0,0.0,0.0,0.0,0.0,0.0,0.0,0.0,0.0,0.0,0.0,0.0,0.0,0.0
2005-07-29,0.0,0.0,0.0,0.0,0.0,0.0,0.0,0.0,0.0,0.0,0.0,0.0,0.0,0.0,0.0,0.0,0.0
2005-08-01,0.0,0.0,0.0,0.0,0.0,0.0,0.0,0.0,0.0,0.0,0.0,0.0,0.0,0.0,0.0,0.0,0.0
2005-08-02,0.0,0.0,0.0,0.0,0.0,0.0,0.0,0.0,0.0,0.0,0.0,0.0,0.0,0.0,0.0,0.0,0.0
2005-08-03,0.0,0.0,0.0,0.0,0.0,0.0,0.0,0.0,0.0,0.0,0.0,0.0,0.0,0.0,0.0,0.0,0.0
2005-08-04,0.0,0.0,0.0,0.0,0.0,0.0,0.0,0.0,0.0,0.0,0.0,0.0,0.0,0.0,0.0,0.0,0.0
2005-08-08,0.0,0.0,0.0,0.0,0.0,0.0,0.0,0.0,0.0,0.0,0.0,0.0,0.0,0.0,0.0,0.0,0.0
2005-08-09,0.0,0.0,0.0,0.0,0.0,0.0,0.0,0.0,0.0,0.0,0.0,0.0,0.0,0.0,0.0,0.0,0.0
2005-08-10,0.0,0.0,0.0,0.0,0.0,0.0,0.0,0.0,0.0,0.0,0.0,0.0,0.0,0.0,0.0,0.0,0.0
2005-08-11,0.0,0.0,0.0,0.0,0.0,0.0,0.0,0.0,0.0,0.0,0.0,0.0,0.0,0.0,0.0,0.0,0.0
2005-08-12,0.0,0.0,0.0,0.0,0.0,0.0,0.0,0.0,0.0,0.0,0.0,0.0,0.0,0.0,0.0,0.0,0.0
2005-08-15,0.0,0.0,0.0,0.0,0.0,0.0,0.0,0.0,0.0,0.0,0.0,0.0,0.0,0.0,0.0,0.0,0.0
2005-08-16,0.0,0.0,0.0,0.0,0.0,0.0,0.0,0.0,0.0,0.0,0.0,0.0,0.0,0.0,0.0,0.0,0.0
2005-08-17,0.0,0.0,0.0,0.0,0.0,0.0,0.0,0.0,0.0,0.0,0.0,0.0,0.0,0.0,0.0,0.0,0.0
2005-08-18,0.0,0.0,0.0,0.0,0.0,0.0,0.0,0.0,0.0,0.0,0.0,0.0,0.0,0.0,0.0,0.0,0.0
2005-08-19,0.0,0.0,0.0,0.0,0.0,0.0,0.0,0.0,0.0,0.0,0.0,0.0,0.0,0.0,0.0,0.0,0.0
2005-08-22,0.0,0.0,0.0,0.0,0.0,0.0,0.0,0.0,0.0,0.0,0.0,0.0,0.0,0.0,0.0,0.0,0.0
2005-08-23,0.0,0.0,0.0,0.0,0.0,0.0,0.0,0.0,0.0,0.0,0.0,0.0,0.0,0.0,0.0,0.0,0.0
2005-08-24,0.0,0.0,0.0,0.0,0.0,0.0,0.0,0.0,0.0,0.0,0.0,0.0,0.0,0.0,0.0,0.0,0.0
2005-08-25,0.0,0.0,0.0,0.0,0.0,0.0,0.0,0.0,0.0,0.0,0.0,0.0,0.0,0.0,0.0,0.0,0.0
2005-08-26,0.0,0.0,0.0,0.0,0.0,0.0,0.0,0.0,0.0,0.0,0.0,0.0,0.0,0.0,0.0,0.0,0.0
2005-08-29,0.0,0.0,0.0,0.0,0.0,0.0,0.0,0.0,0.0,0.0,0.0,0.0,0.0,0.0,0.0,0.0,0.0
2005-08-30,0.0,0.0,0.0,0.0,0.0,0.0,0.0,0.0,0.0,0.0,0.0,0.0,0.0,0.0,0.0,0.0,0.0
2005-08-31,0.0,0.0,0.0,0.0,0.0,0.0,0.0,0.0,0.0,0.0,0.0,0.0,0.0,0.0,0.0,0.0,0.0
2005-09-02,0.0,0.0,0.0,0.0,0.0,0.0,0.0,0.0,0.0,0.0,0.0,0.0,0.0,0.0,0.0,0.0,0.0
2005-09-05,0.0,0.0,0.0,0.0,0.0,0.0,0.0,0.0,0.0,0.0,0.0,0.0,0.0,0.0,0.0,0.0,0.0
2005-09-06,0.0,0.0,0.0,0.0,0.0,0.0,0.0,0.0,0.0,0.0,0.0,0.0,0.0,0.0,0.0,0.0,0.0
2005-09-07,0.0,0.0,0.0,0.0,0.0,0.0,0.0,0.0,0.0,0.0,0.0,0.0,0.0,0.0,0.0,0.0,0.0
2005-09-08,0.0,0.0,0.0,0.0,0.0,0.0,0.0,0.0,0.0,0.0,0.0,0.0,0.0,0.0,0.0,0.0,0.0
2005-09-09,0.0,0.0,0.0,0.0,0.0,0.0,0.0,0.0,0.0,0.0,0.0,0.0,0.0,0.0,0.0,0.0,0.0
2005-09-12,0.0,0.0,0.0,0.0,0.0,0.0,0.0,0.0,0.0,0.0,0.0,0.0,0.0,0.0,0.0,0.0,0.0
2005-09-13,0.0,0.0,0.0,0.0,0.0,0.0,0.0,0.0,0.0,0.0,0.0,0.0,0.0,0.0,0.0,0.0,0.0
2005-09-14,0.0,0.0,0.0,0.0,0.0,0.0,0.0,0.0,0.0,0.0,0.0,0.0,0.0,0.0,0.0,0.0,0.0
2005-09-15,0.0,0.0,0.0,0.0,0.0,0.0,0.0,0.0,0.0,0.0,0.0,0.0,0.0,0.0,0.0,0.0,0.0
2005-09-16,0.0,0.0,0.0,0.0,0.0,0.0,0.0,0.0,0.0,0.0,0.0,0.0,0.0,0.0,0.0,0.0,0.0
2005-09-19,0.0,0.0,0.0,0.0,0.0,0.0,0.0,0.0,0.0,0.0,0.0,0.0,0.0,0.0,0.0,0.0,0.0
2005-09-20,0.0,0.0,0.0,0.0,0.0,0.0,0.0,0.0,0.0,0.0,0.0,0.0,0.0,0.0,0.0,0.0,0.0
2005-09-21,0.0,0.0,0.0,0.0,0.0,0.0,0.0,0.0,0.0,0.0,0.0,0.0,0.0,0.0,0.0,0.0,0.0
2005-09-22,0.0,0.0,0.0,0.0,0.0,0.0,0.0,0.0,0.0,0.0,0.0,0.0,0.0,0.0,0.0,0.0,0.0
2005-09-23,0.0,0.0,0.0,0.0,0.0,0.0,0.0,0.0,0.0,0.0,0.0,0.0,0.0,0.0,0.0,0.0,0.0
2005-09-26,0.0,0.0,0.0,0.0,0.0,0.0,0.0,0.0,0.0,0.0,0.0,0.0,0.0,0.0,0.0,0.0,0.0
2005-09-27,0.0,0.0,0.0,0.0,0.0,0.0,0.0,0.0,0.0,0.0,0.0,0.0,0.0,0.0,0.0,0.0,0.0
2005-09-28,0.0,0.0,0.0,0.0,0.0,0.0,0.0,0.0,0.0,0.0,0.0,0.0,0.0,0.0,0.0,0.0,0.0
2005-09-29,0.0,0.0,0.0,0.0,0.0,0.0,0.0,0.0,0.0,0.0,0.0,0.0,0.0,0.0,0.0,0.0,0.0
2005-09-30,0.0,0.0,0.0,0.0,0.0,0.0,0.0,0.0,0.0,0.0,0.0,0.0,0.0,0.0,0.0,0.0,0.0
2005-10-03,0.0,0.0,0.0,0.0,0.0,0.0,0.0,0.0,0.0,0.0,0.0,0.0,0.0,0.0,0.0,0.0,0.0
2005-10-04,0.0,0.0,0.0,0.0,0.0,0.0,0.0,0.0,0.0,0.0,0.0,0.0,0.0,0.0,0.0,0.0,0.0
2005-10-05,0.0,0.0,0.0,0.0,0.0,0.0,0.0,0.0,0.0,0.0,0.0,0.0,0.0,0.0,0.0,0.0,0.0
2005-10-06,0.0,0.0,0.0,0.0,0.0,0.0,0.0,0.0,0.0,0.0,0.0,0.0,0.0,0.0,0.0,0.0,0.0
2005-10-07,0.0,0.0,0.0,0.0,0.0,0.0,0.0,0.0,0.0,0.0,0.0,0.0,0.0,0.0,0.0,0.0,0.0
2005-10-11,0.0,0.0,0.0,0.0,0.0,0.0,0.0,0.0,0.0,0.0,0.0,0.0,0.0,0.0,0.0,0.0,0.0
2005-10-12,0.0,0.0,0.0,0.0,0.0,0.0,0.0,0.0,0.0,0.0,0.0,0.0,0.0,0.0,0.0,0.0,0.0
2005-10-13,0.0,0.0,0.0,0.0,0.0,0.0,0.0,0.0,0.0,0.0,0.0,0.0,0.0,0.0,0.0,0.0,0.0
2005-10-14,0.0,0.0,0.0,0.0,0.0,0.0,0.0,0.0,0.0,0.0,0.0,0.0,0.0,0.0,0.0,0.0,0.0
2005-10-17,0.0,0.0,0.0,0.0,0.0,0.0,0.0,0.0,0.0,0.0,0.0,0.0,0.0,0.0,0.0,0.0,0.0
2005-10-18,0.0,0.0,0.0,0.0,0.0,0.0,0.0,0.0,0.0,0.0,0.0,0.0,0.0,0.0,0.0,0.0,0.0
2005-10-19,0.0,0.0,0.0,0.0,0.0,0.0,0.0,0.0,0.0,0.0,0.0,0.0,0.0,0.0,0.0,0.0,0.0
2005-10-20,0.0,0.0,0.0,0.0,0.0,0.0,0.0,0.0,0.0,0.0,0.0,0.0,0.0,0.0,0.0,0.0,0.0
2005-10-21,0.0,0.0,0.0,0.0,0.0,0.0,0.0,0.0,0.0,0.0,0.0,0.0,0.0,0.0,0.0,0.0,0.0
2005-10-24,0.0,0.0,0.0,0.0,0.0,0.0,0.0,0.0,0.0,0.0,0.0,0.0,0.0,0.0,0.0,0.0,0.0
2005-10-25,0.0,0.0,0.0,0.0,0.0,0.0,0.0,0.0,0.0,0.0,0.0,0.0,0.0,0.0,0.0,0.0,0.0
2005-10-26,0.0,0.0,0.0,0.0,0.0,0.0,0.0,0.0,0.0,0.0,0.0,0.0,0.0,0.0,0.0,0.0,0.0
2005-10-27,0.0,0.0,0.0,0.0,0.0,0.0,0.0,0.0,0.0,0.0,0.0,0.0,0.0,0.0,0.0,0.0,0.0
2005-10-28,0.0,0.0,0.0,0.0,0.0,0.0,0.0,0.0,0.0,0.0,0.0,0.0,0.0,0.0,0.0,0.0,0.0
2005-10-31,0.0,0.0,0.0,0.0,0.0,0.0,0.0,0.0,0.0,0.0,0.0,0.0,0.0,0.0,0.0,0.0,0.0
2005-11-01,0.0,0.0,0.0,0.0,0.0,0.0,0.0,0.0,0.0,0.0,0.0,0.0,0.0,0.0,0.0,0.0,0.0
2005-11-02,0.0,0.0,0.0,0.0,0.0,0.0,0.0,0.0,0.0,0.0,0.0,0.0,0.0,0.0,0.0,0.0,0.0
2005-11-03,0.0,0.0,0.0,0.0,0.0,0.0,0.0,0.0,0.0,0.0,0.0,0.0,0.0,0.0,0.0,0.0,0.0
2005-11-04,0.0,0.0,0.0,0.0,0.0,0.0,0.0,0.0,0.0,0.0,0.0,0.0,0.0,0.0,0.0,0.0,0.0
2005-11-07,0.0,0.0,0.0,0.0,0.0,0.0,0.0,0.0,0.0,0.0,0.0,0.0,0.0,0.0,0.0,0.0,0.0
2005-11-08,0.0,0.0,0.0,0.0,0.0,0.0,0.0,0.0,0.0,0.0,0.0,0.0,0.0,0.0,0.0,0.0,0.0
2005-11-09,0.0,0.0,0.0,0.0,0.0,0.0,0.0,0.0,0.0,0.0,0.0,0.0,0.0,0.0,0.0,0.0,0.0
2005-11-10,0.0,0.0,0.0,0.0,0.0,0.0,0.0,0.0,0.0,0.0,0.0,0.0,0.0,0.0,0.0,0.0,0.0
2005-11-11,0.0,0.0,0.0,0.0,0.0,0.0,0.0,0.0,0.0,0.0,0.0,0.0,0.0,0.0,0.0,0.0,0.0
2005-11-14,0.0,0.0,0.0,0.0,0.0,0.0,0.0,0.0,0.0,0.0,0.0,0.0,0.0,0.0,0.0,0.0,0.0
2005-11-15,0.0,0.0,0.0,0.0,0.0,0.0,0.0,0.0,0.0,0.0,0.0,0.0,0.0,0.0,0.0,0.0,0.0
2005-11-16,0.0,0.0,0.0,0.0,0.0,0.0,0.0,0.0,0.0,0.0,0.0,0.0,0.0,0.0,0.0,0.0,0.0
2005-11-17,0.0,0.0,0.0,0.0,0.0,0.0,0.0,0.0,0.0,0.0,0.0,0.0,0.0,0.0,0.0,0.0,0.0
2005-11-18,0.0,0.0,0.0,0.0,0.0,0.0,0.0,0.0,0.0,0.0,0.0,0.0,0.0,0.0,0.0,0.0,0.0
2005-11-21,0.0,0.0,0.0,0.0,0.0,0.0,0.0,0.0,0.0,0.0,0.0,0.0,0.0,0.0,0.0,0.0,0.0
2005-11-22,0.0,0.0,0.0,0.0,0.0,0.0,0.0,0.0,0.0,0.0,0.0,0.0,0.0,0.0,0.0,0.0,0.0
2005-11-23,0.0,0.0,0.0,0.0,0.0,0.0,0.0,0.0,0.0,0.0,0.0,0.0,0.0,0.0,0.0,0.0,0.0
2005-11-24,0.0,0.0,0.0,0.0,0.0,0.0,0.0,0.0,0.0,0.0,0.0,0.0,0.0,0.0,0.0,0.0,0.0
2005-11-25,0.0,0.0,0.0,0.0,0.0,0.0,0.0,0.0,0.0,0.0,0.0,0.0,0.0,0.0,0.0,0.0,0.0
2005-11-28,0.0,0.0,0.0,0.0,0.0,0.0,0.0,0.0,0.0,0.0,0.0,0.0,0.0,0.0,0.0,0.0,0.0
2005-11-29,0.0,0.0,0.0,0.0,0.0,0.0,0.0,0.0,0.0,0.0,0.0,0.0,0.0,0.0,0.0,0.0,0.0
2005-11-30,0.0,0.0,0.0,0.0,0.0,0.0,0.0,0.0,0.0,0.0,0.0,0.0,0.0,0.0,0.0,0.0,0.0
2005-12-01,0.0,0.0,0.0,0.0,0.0,0.0,0.0,0.0,0.0,0.0,0.0,0.0,0.0,0.0,0.0,0.0,0.0
2005-12-02,0.0,0.0,0.0,0.0,0.0,0.0,0.0,0.0,0.0,0.0,0.0,0.0,0.0,0.0,0.0,0.0,0.0
2005-12-05,0.0,0.0,0.0,0.0,0.0,0.0,0.0,0.0,0.0,0.0,0.0,0.0,0.0,0.0,0.0,0.0,0.0
2005-12-06,0.0,0.0,0.0,0.0,0.0,0.0,0.0,0.0,0.0,0.0,0.0,0.0,0.0,0.0,0.0,0.0,0.0
2005-12-07,0.0,0.0,0.0,0.0,0.0,0.0,0.0,0.0,0.0,0.0,0.0,0.0,0.0,0.0,0.0,0.0,0.0
2005-12-08,0.0,0.0,0.0,0.0,0.0,0.0,0.0,0.0,0.0,0.0,0.0,0.0,0.0,0.0,0.0,0.0,0.0
2005-12-09,0.0,0.0,0.0,0.0,0.0,0.0,0.0,0.0,0.0,0.0,0.0,0.0,0.0,0.0,0.0,0.0,0.0
2005-12-12,0.0,0.0,0.0,0.0,0.0,0.0,0.0,0.0,0.0,0.0,0.0,0.0,0.0,0.0,0.0,0.0,0.0
2005-12-13,0.0,0.0,0.0,0.0,0.0,0.0,0.0,0.0,0.0,0.0,0.0,0.0,0.0,0.0,0.0,0.0,0.0
2005-12-14,0.0,0.0,0.0,0.0,0.0,0.0,0.0,0.0,0.0,0.0,0.0,0.0,0.0,0.0,0.0,0.0,0.0
2005-12-15,0.0,0.0,0.0,0.0,0.0,0.0,0.0,0.0,0.0,0.0,0.0,0.0,0.0,0.0,0.0,0.0,0.0
2005-12-16,0.0,0.0,0.0,0.0,0.0,0.0,0.0,0.0,0.0,0.0,0.0,0.0,0.0,0.0,0.0,0.0,0.0
2005-12-19,0.0,0.0,0.0,0.0,0.0,0.0,0.0,0.0,0.0,0.0,0.0,0.0,0.0,0.0,0.0,0.0,0.0
2005-12-20,0.0,0.0,0.0,0.0,0.0,0.0,0.0,0.0,0.0,0.0,0.0,0.0,0.0,0.0,0.0,0.0,0.0
2005-12-21,0.0,0.0,0.0,0.0,0.0,0.0,0.0,0.0,0.0,0.0,0.0,0.0,0.0,0.0,0.0,0.0,0.0
2005-12-22,0.0,0.0,0.0,0.0,0.0,0.0,0.0,0.0,0.0,0.0,0.0,0.0,0.0,0.0,0.0,0.0,0.0
2005-12-23,0.0,0.0,0.0,0.0,0.0,0.0,0.0,0.0,0.0,0.0,0.0,0.0,0.0,0.0,0.0,0.0,0.0
2005-12-26,0.0,0.0,0.0,0.0,0.0,0.0,0.0,0.0,0.0,0.0,0.0,0.0,0.0,0.0,0.0,0.0,0.0
2005-12-27,0.0,0.0,0.0,0.0,0.0,0.0,0.0,0.0,0.0,0.0,0.0,0.0,0.0,0.0,0.0,0.0,0.0
2005-12-28,0.0,0.0,0.0,0.0,0.0,0.0,0.0,0.0,0.0,0.0,0.0,0.0,0.0,0.0,0.0,0.0,0.0
2005-12-29,0.0,0.0,0.0,0.0,0.0,0.0,0.0,0.0,0.0,0.0,0.0,0.0,0.0,0.0,0.0,0.0,0.0
2005-12-30,0.0,0.0,0.0,0.0,0.0,0.0,0.0,0.0,0.0,0.0,0.0,0.0,0.0,0.0,0.0,0.0,0.0
2006-01-02,0.0,0.0,0.0,0.0,0.0,0.0,0.0,0.0,0.0,0.0,0.0,0.0,0.0,0.0,0.0,0.0,0.0
2006-01-03,0.0,0.0,0.0,0.0,0.0,0.0,0.0,0.0,0.0,0.0,0.0,0.0,0.0,0.0,0.0,0.0,0.0
2006-01-04,0.0,0.0,0.0,0.0,0.0,0.0,0.0,0.0,0.0,0.0,0.0,0.0,0.0,0.0,0.0,0.0,0.0
2006-01-05,0.0,0.0,0.0,0.0,0.0,0.0,0.0,0.0,0.0,0.0,0.0,0.0,0.0,0.0,0.0,0.0,0.0
2006-01-06,0.0,0.0,0.0,0.0,0.0,0.0,0.0,0.0,0.0,0.0,0.0,0.0,0.0,0.0,0.0,0.0,0.0
2006-01-09,0.0,0.0,0.0,0.0,0.0,0.0,0.0,0.0,0.0,0.0,0.0,0.0,0.0,0.0,0.0,0.0,0.0
2006-01-10,0.0,0.0,0.0,0.0,0.0,0.0,0.0,0.0,0.0,0.0,0.0,0.0,0.0,0.0,0.0,0.0,0.0
2006-01-11,0.0,0.0,0.0,0.0,0.0,0.0,0.0,0.0,0.0,0.0,0.0,0.0,0.0,0.0,0.0,0.0,0.0
2006-01-12,0.0,0.0,0.0,0.0,0.0,0.0,0.0,0.0,0.0,0.0,0.0,0.0,0.0,0.0,0.0,0.0,0.0
2006-01-13,0.0,0.0,0.0,0.0,0.0,0.0,0.0,0.0,0.0,0.0,0.0,0.0,0.0,0.0,0.0,0.0,0.0
2006-01-16,0.0,0.0,0.0,0.0,0.0,0.0,0.0,0.0,0.0,0.0,0.0,0.0,0.0,0.0,0.0,0.0,0.0
2006-01-17,0.0,0.0,0.0,0.0,0.0,0.0,0.0,0.0,0.0,0.0,0.0,0.0,0.0,0.0,0.0,0.0,0.0
2006-01-18,0.0,0.0,0.0,0.0,0.0,0.0,0.0,0.0,0.0,0.0,0.0,0.0,0.0,0.0,0.0,0.0,0.0
2006-01-19,0.0,0.0,0.0,0.0,0.0,0.0,0.0,0.0,0.0,0.0,0.0,0.0,0.0,0.0,0.0,0.0,0.0
2006-01-20,0.0,0.0,0.0,0.0,0.0,0.0,0.0,0.0,0.0,0.0,0.0,0.0,0.0,0.0,0.0,0.0,0.0
2006-01-23,0.0,0.0,0.0,0.0,0.0,0.0,0.0,0.0,0.0,0.0,0.0,0.0,0.0,0.0,0.0,0.0,0.0
2006-01-24,0.0,0.0,0.0,0.0,0.0,0.0,0.0,0.0,0.0,0.0,0.0,0.0,0.0,0.0,0.0,0.0,0.0
2006-01-25,0.0,0.0,0.0,0.0,0.0,0.0,0.0,0.0,0.0,0.0,0.0,0.0,0.0,0.0,0.0,0.0,0.0
2006-02-03,0.0,0.0,0.0,0.0,0.0,0.0,0.0,0.0,0.0,0.0,0.0,0.0,0.0,0.0,0.0,0.0,0.0
2006-02-06,0.0,0.0,0.0,0.0,0.0,0.0,0.0,0.0,0.0,0.0,0.0,0.0,0.0,0.0,0.0,0.0,0.0
2006-02-07,0.0,0.0,0.0,0.0,0.0,0.0,0.0,0.0,0.0,0.0,0.0,0.0,0.0,0.0,0.0,0.0,0.0
2006-02-08,0.0,0.0,0.0,0.0,0.0,0.0,0.0,0.0,0.0,0.0,0.0,0.0,0.0,0.0,0.0,0.0,0.0
2006-02-09,0.0,0.0,0.0,0.0,0.0,0.0,0.0,0.0,0.0,0.0,0.0,0.0,0.0,0.0,0.0,0.0,0.0
2006-02-10,0.0,0.0,0.0,0.0,0.0,0.0,0.0,0.0,0.0,0.0,0.0,0.0,0.0,0.0,0.0,0.0,0.0
2006-02-13,0.0,0.0,0.0,0.0,0.0,0.0,0.0,0.0,0.0,0.0,0.0,0.0,0.0,0.0,0.0,0.0,0.0
2006-02-14,0.0,0.0,0.0,0.0,0.0,0.0,0.0,0.0,0.0,0.0,0.0,0.0,0.0,0.0,0.0,0.0,0.0
2006-02-15,0.0,0.0,0.0,0.0,0.0,0.0,0.0,0.0,0.0,0.0,0.0,0.0,0.0,0.0,0.0,0.0,0.0
2006-02-16,0.0,0.0,0.0,0.0,0.0,0.0,0.0,0.0,0.0,0.0,0.0,0.0,0.0,0.0,0.0,0.0,0.0
2006-02-17,0.0,0.0,0.0,0.0,0.0,0.0,0.0,0.0,0.0,0.0,0.0,0.0,0.0,0.0,0.0,0.0,0.0
2006-02-20,0.0,0.0,0.0,0.0,0.0,0.0,0.0,0.0,0.0,0.0,0.0,0.0,0.0,0.0,0.0,0.0,0.0
2006-02-21,0.0,0.0,0.0,0.0,0.0,0.0,0.0,0.0,0.0,0.0,0.0,0.0,0.0,0.0,0.0,0.0,0.0
2006-02-22,0.0,0.0,0.0,0.0,0.0,0.0,0.0,0.0,0.0,0.0,0.0,0.0,0.0,0.0,0.0,0.0,0.0
2006-02-23,0.0,0.0,0.0,0.0,0.0,0.0,0.0,0.0,0.0,0.0,0.0,0.0,0.0,0.0,0.0,0.0,0.0
2006-02-24,0.0,0.0,0.0,0.0,0.0,0.0,0.0,0.0,0.0,0.0,0.0,0.0,0.0,0.0,0.0,0.0,0.0
2006-02-27,0.0,0.0,0.0,0.0,0.0,0.0,0.0,0.0,0.0,0.0,0.0,0.0,0.0,0.0,0.0,0.0,0.0
2006-03-01,0.0,0.0,0.0,0.0,0.0,0.0,0.0,0.0,0.0,0.0,0.0,0.0,0.0,0.0,0.0,0.0,0.0
2006-03-02,0.0,0.0,0.0,0.0,0.0,0.0,0.0,0.0,0.0,0.0,0.0,0.0,0.0,0.0,0.0,0.0,0.0
2006-03-03,0.0,0.0,0.0,0.0,0.0,0.0,0.0,0.0,0.0,0.0,0.0,0.0,0.0,0.0,0.0,0.0,0.0
2006-03-06,0.0,0.0,0.0,0.0,0.0,0.0,0.0,0.0,0.0,0.0,0.0,0.0,0.0,0.0,0.0,0.0,0.0
2006-03-07,0.0,0.0,0.0,0.0,0.0,0.0,0.0,0.0,0.0,0.0,0.0,0.0,0.0,0.0,0.0,0.0,0.0
2006-03-08,0.0,0.0,0.0,0.0,0.0,0.0,0.0,0.0,0.0,0.0,0.0,0.0,0.0,0.0,0.0,0.0,0.0
2006-03-09,0.0,0.0,0.0,0.0,0.0,0.0,0.0,0.0,0.0,0.0,0.0,0.0,0.0,0.0,0.0,0.0,0.0
2006-03-10,0.0,0.0,0.0,0.0,0.0,0.0,0.0,0.0,0.0,0.0,0.0,0.0,0.0,0.0,0.0,0.0,0.0
2006-03-13,0.0,0.0,0.0,0.0,0.0,0.0,0.0,0.0,0.0,0.0,0.0,0.0,0.0,0.0,0.0,0.0,0.0
2006-03-14,0.0,0.0,0.0,0.0,0.0,0.0,0.0,0.0,0.0,0.0,0.0,0.0,0.0,0.0,0.0,0.0,0.0
2006-03-15,0.0,0.0,0.0,0.0,0.0,0.0,0.0,0.0,0.0,0.0,0.0,0.0,0.0,0.0,0.0,0.0,0.0
2006-03-16,0.0,0.0,0.0,0.0,0.0,0.0,0.0,0.0,0.0,0.0,0.0,0.0,0.0,0.0,0.0,0.0,0.0
2006-03-17,0.0,0.0,0.0,0.0,0.0,0.0,0.0,0.0,0.0,0.0,0.0,0.0,0.0,0.0,0.0,0.0,0.0
2006-03-20,0.0,0.0,0.0,0.0,0.0,0.0,0.0,0.0,0.0,0.0,0.0,0.0,0.0,0.0,0.0,0.0,0.0
2006-03-21,0.0,0.0,0.0,0.0,0.0,0.0,0.0,0.0,0.0,0.0,0.0,0.0,0.0,0.0,0.0,0.0,0.0
2006-03-22,0.0,0.0,0.0,0.0,0.0,0.0,0.0,0.0,0.0,0.0,0.0,0.0,0.0,0.0,0.0,0.0,0.0
2006-03-23,0.0,0.0,0.0,0.0,0.0,0.0,0.0,0.0,0.0,0.0,0.0,0.0,0.0,0.0,0.0,0.0,0.0
2006-03-24,0.0,0.0,0.0,0.0,0.0,0.0,0.0,0.0,0.0,0.0,0.0,0.0,0.0,0.0,0.0,0.0,0.0
2006-03-27,0.0,0.0,0.0,0.0,0.0,0.0,0.0,0.0,0.0,0.0,0.0,0.0,0.0,0.0,0.0,0.0,0.0
2006-03-28,0.0,0.0,0.0,0.0,0.0,0.0,0.0,0.0,0.0,0.0,0.0,0.0,0.0,0.0,0.0,0.0,0.0
2006-03-29,0.0,0.0,0.0,0.0,0.0,0.0,0.0,0.0,0.0,0.0,0.0,0.0,0.0,0.0,0.0,0.0,0.0
2006-03-30,0.0,0.0,0.0,0.0,0.0,0.0,0.0,0.0,0.0,0.0,0.0,0.0,0.0,0.0,0.0,0.0,0.0
2006-03-31,0.0,0.0,0.0,0.0,0.0,0.0,0.0,0.0,0.0,0.0,0.0,0.0,0.0,0.0,0.0,0.0,0.0
2006-04-03,0.0,0.0,0.0,0.0,0.0,0.0,0.0,0.0,0.0,0.0,0.0,0.0,0.0,0.0,0.0,0.0,0.0
2006-04-04,0.0,0.0,0.0,0.0,0.0,0.0,0.0,0.0,0.0,0.0,0.0,0.0,0.0,0.0,0.0,0.0,0.0
2006-04-06,0.0,0.0,0.0,0.0,0.0,0.0,0.0,0.0,0.0,0.0,0.0,0.0,0.0,0.0,0.0,0.0,0.0
2006-04-07,0.0,0.0,0.0,0.0,0.0,0.0,0.0,0.0,0.0,0.0,0.0,0.0,0.0,0.0,0.0,0.0,0.0
2006-04-10,0.0,0.0,0.0,0.0,0.0,0.0,0.0,0.0,0.0,0.0,0.0,0.0,0.0,0.0,0.0,0.0,0.0
2006-04-11,0.0,0.0,0.0,0.0,0.0,0.0,0.0,0.0,0.0,0.0,0.0,0.0,0.0,0.0,0.0,0.0,0.0
2006-04-12,0.0,0.0,0.0,0.0,0.0,0.0,0.0,0.0,0.0,0.0,0.0,0.0,0.0,0.0,0.0,0.0,0.0
2006-04-13,0.0,0.0,0.0,0.0,0.0,0.0,0.0,0.0,0.0,0.0,0.0,0.0,0.0,0.0,0.0,0.0,0.0
2006-04-14,0.0,0.0,0.0,0.0,0.0,0.0,0.0,0.0,0.0,0.0,0.0,0.0,0.0,0.0,0.0,0.0,0.0
2006-04-17,0.0,0.0,0.0,0.0,0.0,0.0,0.0,0.0,0.0,0.0,0.0,0.0,0.0,0.0,0.0,0.0,0.0
2006-04-18,0.0,0.0,0.0,0.0,0.0,0.0,0.0,0.0,0.0,0.0,0.0,0.0,0.0,0.0,0.0,0.0,0.0
2006-04-19,0.0,0.0,0.0,0.0,0.0,0.0,0.0,0.0,0.0,0.0,0.0,0.0,0.0,0.0,0.0,0.0,0.0
2006-04-20,0.0,0.0,0.0,0.0,0.0,0.0,0.0,0.0,0.0,0.0,0.0,0.0,0.0,0.0,0.0,0.0,0.0
2006-04-21,0.0,0.0,0.0,0.0,0.0,0.0,0.0,0.0,0.0,0.0,0.0,0.0,0.0,0.0,0.0,0.0,0.0
2006-04-24,0.0,0.0,0.0,0.0,0.0,0.0,0.0,0.0,0.0,0.0,0.0,0.0,0.0,0.0,0.0,0.0,0.0
2006-04-25,0.0,0.0,0.0,0.0,0.0,0.0,0.0,0.0,0.0,0.0,0.0,0.0,0.0,0.0,0.0,0.0,0.0
2006-04-26,0.0,0.0,0.0,0.0,0.0,0.0,0.0,0.0,0.0,0.0,0.0,0.0,0.0,0.0,0.0,0.0,0.0
2006-04-27,0.0,0.0,0.0,0.0,0.0,0.0,0.0,0.0,0.0,0.0,0.0,0.0,0.0,0.0,0.0,0.0,0.0
2006-04-28,0.0,0.0,0.0,0.0,0.0,0.0,0.0,0.0,0.0,0.0,0.0,0.0,0.0,0.0,0.0,0.0,0.0
2006-05-02,0.0,0.0,0.0,0.0,0.0,0.0,0.0,0.0,0.0,0.0,0.0,0.0,0.0,0.0,0.0,0.0,0.0
2006-05-03,0.0,0.0,0.0,0.0,0.0,0.0,0.0,0.0,0.0,0.0,0.0,0.0,0.0,0.0,0.0,0.0,0.0
2006-05-04,0.0,0.0,0.0,0.0,0.0,0.0,0.0,0.0,0.0,0.0,0.0,0.0,0.0,0.0,0.0,0.0,0.0
2006-05-05,0.0,0.0,0.0,0.0,0.0,0.0,0.0,0.0,0.0,0.0,0.0,0.0,0.0,0.0,0.0,0.0,0.0
2006-05-08,0.0,0.0,0.0,0.0,0.0,0.0,0.0,0.0,0.0,0.0,0.0,0.0,0.0,0.0,0.0,0.0,0.0
2006-05-09,0.0,0.0,0.0,0.0,0.0,0.0,0.0,0.0,0.0,0.0,0.0,0.0,0.0,0.0,0.0,0.0,0.0
2006-05-10,0.0,0.0,0.0,0.0,0.0,0.0,0.0,0.0,0.0,0.0,0.0,0.0,0.0,0.0,0.0,0.0,0.0
2006-05-11,0.0,0.0,0.0,0.0,0.0,0.0,0.0,0.0,0.0,0.0,0.0,0.0,0.0,0.0,0.0,0.0,0.0
2006-05-12,0.0,0.0,0.0,0.0,0.0,0.0,0.0,0.0,0.0,0.0,0.0,0.0,0.0,0.0,0.0,0.0,0.0
2006-05-15,0.0,0.0,0.0,0.0,0.0,0.0,0.0,0.0,0.0,0.0,0.0,0.0,0.0,0.0,0.0,0.0,0.0
2006-05-16,0.0,0.0,0.0,0.0,0.0,0.0,0.0,0.0,0.0,0.0,0.0,0.0,0.0,0.0,0.0,0.0,0.0
2006-05-17,0.0,0.0,0.0,0.0,0.0,0.0,0.0,0.0,0.0,0.0,0.0,0.0,0.0,0.0,0.0,0.0,0.0
2006-05-18,0.0,0.0,0.0,0.0,0.0,0.0,0.0,0.0,0.0,0.0,0.0,0.0,0.0,0.0,0.0,0.0,0.0
2006-05-19,0.0,0.0,0.0,0.0,0.0,0.0,0.0,0.0,0.0,0.0,0.0,0.0,0.0,0.0,0.0,0.0,0.0
2006-05-22,0.0,0.0,0.0,0.0,0.0,0.0,0.0,0.0,0.0,0.0,0.0,0.0,0.0,0.0,0.0,0.0,0.0
2006-05-23,0.0,0.0,0.0,0.0,0.0,0.0,0.0,0.0,0.0,0.0,0.0,0.0,0.0,0.0,0.0,0.0,0.0
2006-05-24,0.0,0.0,0.0,0.0,0.0,0.0,0.0,0.0,0.0,0.0,0.0,0.0,0.0,0.0,0.0,0.0,0.0
2006-05-25,0.0,0.0,0.0,0.0,0.0,0.0,0.0,0.0,0.0,0.0,0.0,0.0,0.0,0.0,0.0,0.0,0.0
2006-05-26,0.0,0.0,0.0,0.0,0.0,0.0,0.0,0.0,0.0,0.0,0.0,0.0,0.0,0.0,0.0,0.0,0.0
2006-05-29,0.0,0.0,0.0,0.0,0.0,0.0,0.0,0.0,0.0,0.0,0.0,0.0,0.0,0.0,0.0,0.0,0.0
2006-05-30,0.0,0.0,0.0,0.0,0.0,0.0,0.0,0.0,0.0,0.0,0.0,0.0,0.0,0.0,0.0,0.0,0.0
2006-06-01,0.0,0.0,0.0,0.0,0.0,0.0,0.0,0.0,0.0,0.0,0.0,0.0,0.0,0.0,0.0,0.0,0.0
2006-06-02,0.0,0.0,0.0,0.0,0.0,0.0,0.0,0.0,0.0,0.0,0.0,0.0,0.0,0.0,0.0,0.0,0.0
2006-06-05,0.0,0.0,0.0,0.0,0.0,0.0,0.0,0.0,0.0,0.0,0.0,0.0,0.0,0.0,0.0,0.0,0.0
2006-06-06,0.0,0.0,0.0,0.0,0.0,0.0,0.0,0.0,0.0,0.0,0.0,0.0,0.0,0.0,0.0,0.0,0.0
2006-06-07,0.0,0.0,0.0,0.0,0.0,0.0,0.0,0.0,0.0,0.0,0.0,0.0,0.0,0.0,0.0,0.0,0.0
2006-06-08,0.0,0.0,0.0,0.0,0.0,0.0,0.0,0.0,0.0,0.0,0.0,0.0,0.0,0.0,0.0,0.0,0.0
2006-06-09,0.0,0.0,0.0,0.0,0.0,0.0,0.0,0.0,0.0,0.0,0.0,0.0,0.0,0.0,0.0,0.0,0.0
2006-06-12,0.0,0.0,0.0,0.0,0.0,0.0,0.0,0.0,0.0,0.0,0.0,0.0,0.0,0.0,0.0,0.0,0.0
2006-06-13,0.0,0.0,0.0,0.0,0.0,0.0,0.0,0.0,0.0,0.0,0.0,0.0,0.0,0.0,0.0,0.0,0.0
2006-06-14,0.0,0.0,0.0,0.0,0.0,0.0,0.0,0.0,0.0,0.0,0.0,0.0,0.0,0.0,0.0,0.0,0.0
2006-06-15,0.0,0.0,0.0,0.0,0.0,0.0,0.0,0.0,0.0,0.0,0.0,0.0,0.0,0.0,0.0,0.0,0.0
2006-06-16,0.0,0.0,0.0,0.0,0.0,0.0,0.0,0.0,0.0,0.0,0.0,0.0,0.0,0.0,0.0,0.0,0.0
2006-06-19,0.0,0.0,0.0,0.0,0.0,0.0,0.0,0.0,0.0,0.0,0.0,0.0,0.0,0.0,0.0,0.0,0.0
2006-06-20,0.0,0.0,0.0,0.0,0.0,0.0,0.0,0.0,0.0,0.0,0.0,0.0,0.0,0.0,0.0,0.0,0.0
2006-06-21,0.0,0.0,0.0,0.0,0.0,0.0,0.0,0.0,0.0,0.0,0.0,0.0,0.0,0.0,0.0,0.0,0.0
2006-06-22,0.0,0.0,0.0,0.0,0.0,0.0,0.0,0.0,0.0,0.0,0.0,0.0,0.0,0.0,0.0,0.0,0.0
2006-06-23,0.0,0.0,0.0,0.0,0.0,0.0,0.0,0.0,0.0,0.0,0.0,0.0,0.0,0.0,0.0,0.0,0.0
2006-06-26,0.0,0.0,0.0,0.0,0.0,0.0,0.0,0.0,0.0,0.0,0.0,0.0,0.0,0.0,0.0,0.0,0.0
2006-06-27,0.0,0.0,0.0,0.0,0.0,0.0,0.0,0.0,0.0,0.0,0.0,0.0,0.0,0.0,0.0,0.0,0.0
2006-06-28,0.0,0.0,0.0,0.0,0.0,0.0,0.0,0.0,0.0,0.0,0.0,0.0,0.0,0.0,0.0,0.0,0.0
2006-06-29,0.0,0.0,0.0,0.0,0.0,0.0,0.0,0.0,0.0,0.0,0.0,0.0,0.0,0.0,0.0,0.0,0.0
2006-06-30,0.0,0.0,0.0,0.0,0.0,0.0,0.0,0.0,0.0,0.0,0.0,0.0,0.0,0.0,0.0,0.0,0.0
2006-07-03,0.0,0.0,0.0,0.0,0.0,0.0,0.0,0.0,0.0,0.0,0.0,0.0,0.0,0.0,0.0,0.0,0.0
2006-07-04,0.0,0.0,0.0,0.0,0.0,0.0,0.0,0.0,0.0,0.0,0.0,0.0,0.0,0.0,0.0,0.0,0.0
2006-07-05,0.0,0.0,0.0,0.0,0.0,0.0,0.0,0.0,0.0,0.0,0.0,0.0,0.0,0.0,0.0,0.0,0.0
2006-07-06,0.0,0.0,0.0,0.0,0.0,0.0,0.0,0.0,0.0,0.0,0.0,0.0,0.0,0.0,0.0,0.0,0.0
2006-07-07,0.0,0.0,0.0,0.0,0.0,0.0,0.0,0.0,0.0,0.0,0.0,0.0,0.0,0.0,0.0,0.0,0.0
2006-07-10,0.0,0.0,0.0,0.0,0.0,0.0,0.0,0.0,0.0,0.0,0.0,0.0,0.0,0.0,0.0,0.0,0.0
2006-07-11,0.0,0.0,0.0,0.0,0.0,0.0,0.0,0.0,0.0,0.0,0.0,0.0,0.0,0.0,0.0,0.0,0.0
2006-07-12,0.0,0.0,0.0,0.0,0.0,0.0,0.0,0.0,0.0,0.0,0.0,0.0,0.0,0.0,0.0,0.0,0.0
2006-07-13,0.0,0.0,0.0,0.0,0.0,0.0,0.0,0.0,0.0,0.0,0.0,0.0,0.0,0.0,0.0,0.0,0.0
2006-07-14,0.0,0.0,0.0,0.0,0.0,0.0,0.0,0.0,0.0,0.0,0.0,0.0,0.0,0.0,0.0,0.0,0.0
2006-07-17,0.0,0.0,0.0,0.0,0.0,0.0,0.0,0.0,0.0,0.0,0.0,0.0,0.0,0.0,0.0,0.0,0.0
2006-07-18,0.0,0.0,0.0,0.0,0.0,0.0,0.0,0.0,0.0,0.0,0.0,0.0,0.0,0.0,0.0,0.0,0.0
2006-07-19,0.0,0.0,0.0,0.0,0.0,0.0,0.0,0.0,0.0,0.0,0.0,0.0,0.0,0.0,0.0,0.0,0.0
2006-07-20,0.0,0.0,0.0,0.0,0.0,0.0,0.0,0.0,0.0,0.0,0.0,0.0,0.0,0.0,0.0,0.0,0.0
2006-07-21,0.0,0.0,0.0,0.0,0.0,0.0,0.0,0.0,0.0,0.0,0.0,0.0,0.0,0.0,0.0,0.0,0.0
2006-07-24,0.0,0.0,0.0,0.0,0.0,0.0,0.0,0.0,0.0,0.0,0.0,0.0,0.0,0.0,0.0,0.0,0.0
2006-07-25,0.0,0.0,0.0,0.0,0.0,0.0,0.0,0.0,0.0,0.0,0.0,0.0,0.0,0.0,0.0,0.0,0.0
2006-07-26,0.0,0.0,0.0,0.0,0.0,0.0,0.0,0.0,0.0,0.0,0.0,0.0,0.0,0.0,0.0,0.0,0.0
2006-07-27,0.0,0.0,0.0,0.0,0.0,0.0,0.0,0.0,0.0,0.0,0.0,0.0,0.0,0.0,0.0,0.0,0.0
2006-07-28,0.0,0.0,0.0,0.0,0.0,0.0,0.0,0.0,0.0,0.0,0.0,0.0,0.0,0.0,0.0,0.0,0.0
2006-07-31,0.0,0.0,0.0,0.0,0.0,0.0,0.0,0.0,0.0,0.0,0.0,0.0,0.0,0.0,0.0,0.0,0.0
2006-08-01,0.0,0.0,0.0,0.0,0.0,0.0,0.0,0.0,0.0,0.0,0.0,0.0,0.0,0.0,0.0,0.0,0.0
2006-08-02,0.0,0.0,0.0,0.0,0.0,0.0,0.0,0.0,0.0,0.0,0.0,0.0,0.0,0.0,0.0,0.0,0.0
2006-08-03,0.0,0.0,0.0,0.0,0.0,0.0,0.0,0.0,0.0,0.0,0.0,0.0,0.0,0.0,0.0,0.0,0.0
2006-08-04,0.0,0.0,0.0,0.0,0.0,0.0,0.0,0.0,0.0,0.0,0.0,0.0,0.0,0.0,0.0,0.0,0.0
2006-08-07,0.0,0.0,0.0,0.0,0.0,0.0,0.0,0.0,0.0,0.0,0.0,0.0,0.0,0.0,0.0,0.0,0.0
2006-08-08,0.0,0.0,0.0,0.0,0.0,0.0,0.0,0.0,0.0,0.0,0.0,0.0,0.0,0.0,0.0,0.0,0.0
2006-08-09,0.0,0.0,0.0,0.0,0.0,0.0,0.0,0.0,0.0,0.0,0.0,0.0,0.0,0.0,0.0,0.0,0.0
2006-08-10,0.0,0.0,0.0,0.0,0.0,0.0,0.0,0.0,0.0,0.0,0.0,0.0,0.0,0.0,0.0,0.0,0.0
2006-08-11,0.0,0.0,0.0,0.0,0.0,0.0,0.0,0.0,0.0,0.0,0.0,0.0,0.0,0.0,0.0,0.0,0.0
2006-08-14,0.0,0.0,0.0,0.0,0.0,0.0,0.0,0.0,0.0,0.0,0.0,0.0,0.0,0.0,0.0,0.0,0.0
2006-08-15,0.0,0.0,0.0,0.0,0.0,0.0,0.0,0.0,0.0,0.0,0.0,0.0,0.0,0.0,0.0,0.0,0.0
2006-08-16,0.0,0.0,0.0,0.0,0.0,0.0,0.0,0.0,0.0,0.0,0.0,0.0,0.0,0.0,0.0,0.0,0.0
2006-08-17,0.0,0.0,0.0,0.0,0.0,0.0,0.0,0.0,0.0,0.0,0.0,0.0,0.0,0.0,0.0,0.0,0.0
2006-08-18,0.0,0.0,0.0,0.0,0.0,0.0,0.0,0.0,0.0,0.0,0.0,0.0,0.0,0.0,0.0,0.0,0.0
2006-08-21,0.0,0.0,0.0,0.0,0.0,0.0,0.0,0.0,0.0,0.0,0.0,0.0,0.0,0.0,0.0,0.0,0.0
2006-08-22,0.0,0.0,0.0,0.0,0.0,0.0,0.0,0.0,0.0,0.0,0.0,0.0,0.0,0.0,0.0,0.0,0.0
2006-08-23,0.0,0.0,0.0,0.0,0.0,0.0,0.0,0.0,0.0,0.0,0.0,0.0,0.0,0.0,0.0,0.0,0.0
2006-08-24,0.0,0.0,0.0,0.0,0.0,0.0,0.0,0.0,0.0,0.0,0.0,0.0,0.0,0.0,0.0,0.0,0.0
2006-08-25,0.0,0.0,0.0,0.0,0.0,0.0,0.0,0.0,0.0,0.0,0.0,0.0,0.0,0.0,0.0,0.0,0.0
2006-08-28,0.0,0.0,0.0,0.0,0.0,0.0,0.0,0.0,0.0,0.0,0.0,0.0,0.0,0.0,0.0,0.0,0.0
2006-08-29,0.0,0.0,0.0,0.0,0.0,0.0,0.0,0.0,0.0,0.0,0.0,0.0,0.0,0.0,0.0,0.0,0.0
2006-08-30,0.0,0.0,0.0,0.0,0.0,0.0,0.0,0.0,0.0,0.0,0.0,0.0,0.0,0.0,0.0,0.0,0.0
2006-08-31,0.0,0.0,0.0,0.0,0.0,0.0,0.0,0.0,0.0,0.0,0.0,0.0,0.0,0.0,0.0,0.0,0.0
2006-09-01,0.0,0.0,0.0,0.0,0.0,0.0,0.0,0.0,0.0,0.0,0.0,0.0,0.0,0.0,0.0,0.0,0.0
2006-09-04,0.0,0.0,0.0,0.0,0.0,0.0,0.0,0.0,0.0,0.0,0.0,0.0,0.0,0.0,0.0,0.0,0.0
2006-09-05,0.0,0.0,0.0,0.0,0.0,0.0,0.0,0.0,0.0,0.0,0.0,0.0,0.0,0.0,0.0,0.0,0.0
2006-09-06,0.0,0.0,0.0,0.0,0.0,0.0,0.0,0.0,0.0,0.0,0.0,0.0,0.0,0.0,0.0,0.0,0.0
2006-09-07,0.0,0.0,0.0,0.0,0.0,0.0,0.0,0.0,0.0,0.0,0.0,0.0,0.0,0.0,0.0,0.0,0.0
2006-09-08,0.0,0.0,0.0,0.0,0.0,0.0,0.0,0.0,0.0,0.0,0.0,0.0,0.0,0.0,0.0,0.0,0.0
2006-09-11,0.0,0.0,0.0,0.0,0.0,0.0,0.0,0.0,0.0,0.0,0.0,0.0,0.0,0.0,0.0,0.0,0.0
2006-09-12,0.0,0.0,0.0,0.0,0.0,0.0,0.0,0.0,0.0,0.0,0.0,0.0,0.0,0.0,0.0,0.0,0.0
2006-09-13,0.0,0.0,0.0,0.0,0.0,0.0,0.0,0.0,0.0,0.0,0.0,0.0,0.0,0.0,0.0,0.0,0.0
2006-09-14,0.0,0.0,0.0,0.0,0.0,0.0,0.0,0.0,0.0,0.0,0.0,0.0,0.0,0.0,0.0,0.0,0.0
2006-09-15,0.0,0.0,0.0,0.0,0.0,0.0,0.0,0.0,0.0,0.0,0.0,0.0,0.0,0.0,0.0,0.0,0.0
2006-09-18,0.0,0.0,0.0,0.0,0.0,0.0,0.0,0.0,0.0,0.0,0.0,0.0,0.0,0.0,0.0,0.0,0.0
2006-09-19,0.0,0.0,0.0,0.0,0.0,0.0,0.0,0.0,0.0,0.0,0.0,0.0,0.0,0.0,0.0,0.0,0.0
2006-09-20,0.0,0.0,0.0,0.0,0.0,0.0,0.0,0.0,0.0,0.0,0.0,0.0,0.0,0.0,0.0,0.0,0.0
2006-09-21,0.0,0.0,0.0,0.0,0.0,0.0,0.0,0.0,0.0,0.0,0.0,0.0,0.0,0.0,0.0,0.0,0.0
2006-09-22,0.0,0.0,0.0,0.0,0.0,0.0,0.0,0.0,0.0,0.0,0.0,0.0,0.0,0.0,0.0,0.0,0.0
2006-09-25,0.0,0.0,0.0,0.0,0.0,0.0,0.0,0.0,0.0,0.0,0.0,0.0,0.0,0.0,0.0,0.0,0.0
2006-09-26,0.0,0.0,0.0,0.0,0.0,0.0,0.0,0.0,0.0,0.0,0.0,0.0,0.0,0.0,0.0,0.0,0.0
2006-09-27,0.0,0.0,0.0,0.0,0.0,0.0,0.0,0.0,0.0,0.0,0.0,0.0,0.0,0.0,0.0,0.0,0.0
2006-09-28,0.0,0.0,0.0,0.0,0.0,0.0,0.0,0.0,0.0,0.0,0.0,0.0,0.0,0.0,0.0,0.0,0.0
2006-09-29,0.0,0.0,0.0,0.0,0.0,0.0,0.0,0.0,0.0,0.0,0.0,0.0,0.0,0.0,0.0,0.0,0.0
2006-10-02,0.0,0.0,0.0,0.0,0.0,0.0,0.0,0.0,0.0,0.0,0.0,0.0,0.0,0.0,0.0,0.0,0.0
2006-10-03,0.0,0.0,0.0,0.0,0.0,0.0,0.0,0.0,0.0,0.0,0.0,0.0,0.0,0.0,0.0,0.0,0.0
2006-10-04,0.0,0.0,0.0,0.0,0.0,0.0,0.0,0.0,0.0,0.0,0.0,0.0,0.0,0.0,0.0,0.0,0.0
2006-10-05,0.0,0.0,0.0,0.0,0.0,0.0,0.0,0.0,0.0,0.0,0.0,0.0,0.0,0.0,0.0,0.0,0.0
2006-10-11,0.0,0.0,0.0,0.0,0.0,0.0,0.0,0.0,0.0,0.0,0.0,0.0,0.0,0.0,0.0,0.0,0.0
2006-10-12,0.0,0.0,0.0,0.0,0.0,0.0,0.0,0.0,0.0,0.0,0.0,0.0,0.0,0.0,0.0,0.0,0.0
2006-10-13,0.0,0.0,0.0,0.0,0.0,0.0,0.0,0.0,0.0,0.0,0.0,0.0,0.0,0.0,0.0,0.0,0.0
2006-10-14,0.0,0.0,0.0,0.0,0.0,0.0,0.0,0.0,0.0,0.0,0.0,0.0,0.0,0.0,0.0,0.0,0.0
2006-10-16,0.0,0.0,0.0,0.0,0.0,0.0,0.0,0.0,0.0,0.0,0.0,0.0,0.0,0.0,0.0,0.0,0.0
2006-10-17,0.0,0.0,0.0,0.0,0.0,0.0,0.0,0.0,0.0,0.0,0.0,0.0,0.0,0.0,0.0,0.0,0.0
2006-10-18,0.0,0.0,0.0,0.0,0.0,0.0,0.0,0.0,0.0,0.0,0.0,0.0,0.0,0.0,0.0,0.0,0.0
2006-10-19,0.0,0.0,0.0,0.0,0.0,0.0,0.0,0.0,0.0,0.0,0.0,0.0,0.0,0.0,0.0,0.0,0.0
2006-10-20,0.0,0.0,0.0,0.0,0.0,0.0,0.0,0.0,0.0,0.0,0.0,0.0,0.0,0.0,0.0,0.0,0.0
2006-10-23,0.0,0.0,0.0,0.0,0.0,0.0,0.0,0.0,0.0,0.0,0.0,0.0,0.0,0.0,0.0,0.0,0.0
2006-10-24,0.0,0.0,0.0,0.0,0.0,0.0,0.0,0.0,0.0,0.0,0.0,0.0,0.0,0.0,0.0,0.0,0.0
2006-10-25,0.0,0.0,0.0,0.0,0.0,0.0,0.0,0.0,0.0,0.0,0.0,0.0,0.0,0.0,0.0,0.0,0.0
2006-10-26,0.0,0.0,0.0,0.0,0.0,0.0,0.0,0.0,0.0,0.0,0.0,0.0,0.0,0.0,0.0,0.0,0.0
2006-10-27,0.0,0.0,0.0,0.0,0.0,0.0,0.0,0.0,0.0,0.0,0.0,0.0,0.0,0.0,0.0,0.0,0.0
2006-10-30,0.0,0.0,0.0,0.0,0.0,0.0,0.0,0.0,0.0,0.0,0.0,0.0,0.0,0.0,0.0,0.0,0.0
2006-10-31,0.0,0.0,0.0,0.0,0.0,0.0,0.0,0.0,0.0,0.0,0.0,0.0,0.0,0.0,0.0,0.0,0.0
2006-11-01,0.0,0.0,0.0,0.0,0.0,0.0,0.0,0.0,0.0,0.0,0.0,0.0,0.0,0.0,0.0,0.0,0.0
2006-11-02,0.0,0.0,0.0,0.0,0.0,0.0,0.0,0.0,0.0,0.0,0.0,0.0,0.0,0.0,0.0,0.0,0.0
2006-11-03,0.0,0.0,0.0,0.0,0.0,0.0,0.0,0.0,0.0,0.0,0.0,0.0,0.0,0.0,0.0,0.0,0.0
2006-11-06,0.0,0.0,0.0,0.0,0.0,0.0,0.0,0.0,0.0,0.0,0.0,0.0,0.0,0.0,0.0,0.0,0.0
2006-11-07,0.0,0.0,0.0,0.0,0.0,0.0,0.0,0.0,0.0,0.0,0.0,0.0,0.0,0.0,0.0,0.0,0.0
2006-11-08,0.0,0.0,0.0,0.0,0.0,0.0,0.0,0.0,0.0,0.0,0.0,0.0,0.0,0.0,0.0,0.0,0.0
2006-11-09,0.0,0.0,0.0,0.0,0.0,0.0,0.0,0.0,0.0,0.0,0.0,0.0,0.0,0.0,0.0,0.0,0.0
2006-11-10,0.0,0.0,0.0,0.0,0.0,0.0,0.0,0.0,0.0,0.0,0.0,0.0,0.0,0.0,0.0,0.0,0.0
2006-11-13,0.0,0.0,0.0,0.0,0.0,0.0,0.0,0.0,0.0,0.0,0.0,0.0,0.0,0.0,0.0,0.0,0.0
2006-11-14,0.0,0.0,0.0,0.0,0.0,0.0,0.0,0.0,0.0,0.0,0.0,0.0,0.0,0.0,0.0,0.0,0.0
2006-11-15,0.0,0.0,0.0,0.0,0.0,0.0,0.0,0.0,0.0,0.0,0.0,0.0,0.0,0.0,0.0,0.0,0.0
2006-11-16,0.0,0.0,0.0,0.0,0.0,0.0,0.0,0.0,0.0,0.0,0.0,0.0,0.0,0.0,0.0,0.0,0.0
2006-11-17,0.0,0.0,0.0,0.0,0.0,0.0,0.0,0.0,0.0,0.0,0.0,0.0,0.0,0.0,0.0,0.0,0.0
2006-11-20,0.0,0.0,0.0,0.0,0.0,0.0,0.0,0.0,0.0,0.0,0.0,0.0,0.0,0.0,0.0,0.0,0.0
2006-11-21,0.0,0.0,0.0,0.0,0.0,0.0,0.0,0.0,0.0,0.0,0.0,0.0,0.0,0.0,0.0,0.0,0.0
2006-11-22,0.0,0.0,0.0,0.0,0.0,0.0,0.0,0.0,0.0,0.0,0.0,0.0,0.0,0.0,0.0,0.0,0.0
2006-11-23,0.0,0.0,0.0,0.0,0.0,0.0,0.0,0.0,0.0,0.0,0.0,0.0,0.0,0.0,0.0,0.0,0.0
2006-11-24,0.0,0.0,0.0,0.0,0.0,0.0,0.0,0.0,0.0,0.0,0.0,0.0,0.0,0.0,0.0,0.0,0.0
2006-11-27,0.0,0.0,0.0,0.0,0.0,0.0,0.0,0.0,0.0,0.0,0.0,0.0,0.0,0.0,0.0,0.0,0.0
2006-11-28,0.0,0.0,0.0,0.0,0.0,0.0,0.0,0.0,0.0,0.0,0.0,0.0,0.0,0.0,0.0,0.0,0.0
2006-11-29,0.0,0.0,0.0,0.0,0.0,0.0,0.0,0.0,0.0,0.0,0.0,0.0,0.0,0.0,0.0,0.0,0.0
2006-11-30,0.0,0.0,0.0,0.0,0.0,0.0,0.0,0.0,0.0,0.0,0.0,0.0,0.0,0.0,0.0,0.0,0.0
2006-12-01,0.0,0.0,0.0,0.0,0.0,0.0,0.0,0.0,0.0,0.0,0.0,0.0,0.0,0.0,0.0,0.0,0.0
2006-12-04,0.0,0.0,0.0,0.0,0.0,0.0,0.0,0.0,0.0,0.0,0.0,0.0,0.0,0.0,0.0,0.0,0.0
2006-12-05,0.0,0.0,0.0,0.0,0.0,0.0,0.0,0.0,0.0,0.0,0.0,0.0,0.0,0.0,0.0,0.0,0.0
2006-12-06,0.0,0.0,0.0,0.0,0.0,0.0,0.0,0.0,0.0,0.0,0.0,0.0,0.0,0.0,0.0,0.0,0.0
2006-12-07,0.0,0.0,0.0,0.0,0.0,0.0,0.0,0.0,0.0,0.0,0.0,0.0,0.0,0.0,0.0,0.0,0.0
2006-12-08,0.0,0.0,0.0,0.0,0.0,0.0,0.0,0.0,0.0,0.0,0.0,0.0,0.0,0.0,0.0,0.0,0.0
2006-12-11,0.0,0.0,0.0,0.0,0.0,0.0,0.0,0.0,0.0,0.0,0.0,0.0,0.0,0.0,0.0,0.0,0.0
2006-12-12,0.0,0.0,0.0,0.0,0.0,0.0,0.0,0.0,0.0,0.0,0.0,0.0,0.0,0.0,0.0,0.0,0.0
2006-12-13,0.0,0.0,0.0,0.0,0.0,0.0,0.0,0.0,0.0,0.0,0.0,0.0,0.0,0.0,0.0,0.0,0.0
2006-12-14,0.0,0.0,0.0,0.0,0.0,0.0,0.0,0.0,0.0,0.0,0.0,0.0,0.0,0.0,0.0,0.0,0.0
2006-12-15,0.0,0.0,0.0,0.0,0.0,0.0,0.0,0.0,0.0,0.0,0.0,0.0,0.0,0.0,0.0,0.0,0.0
2006-12-18,0.0,0.0,0.0,0.0,0.0,0.0,0.0,0.0,0.0,0.0,0.0,0.0,0.0,0.0,0.0,0.0,0.0
2006-12-19,0.0,0.0,0.0,0.0,0.0,0.0,0.0,0.0,0.0,0.0,0.0,0.0,0.0,0.0,0.0,0.0,0.0
2006-12-20,0.0,0.0,0.0,0.0,0.0,0.0,0.0,0.0,0.0,0.0,0.0,0.0,0.0,0.0,0.0,0.0,0.0
2006-12-21,0.0,0.0,0.0,0.0,0.0,0.0,0.0,0.0,0.0,0.0,0.0,0.0,0.0,0.0,0.0,0.0,0.0
2006-12-22,0.0,0.0,0.0,0.0,0.0,0.0,0.0,0.0,0.0,0.0,0.0,0.0,0.0,0.0,0.0,0.0,0.0
2006-12-25,0.0,0.0,0.0,0.0,0.0,0.0,0.0,0.0,0.0,0.0,0.0,0.0,0.0,0.0,0.0,0.0,0.0
2006-12-26,0.0,0.0,0.0,0.0,0.0,0.0,0.0,0.0,0.0,0.0,0.0,0.0,0.0,0.0,0.0,0.0,0.0
2006-12-27,0.0,0.0,0.0,0.0,0.0,0.0,0.0,0.0,0.0,0.0,0.0,0.0,0.0,0.0,0.0,0.0,0.0
2006-12-28,0.0,0.0,0.0,0.0,0.0,0.0,0.0,0.0,0.0,0.0,0.0,0.0,0.0,0.0,0.0,0.0,0.0
2006-12-29,0.0,0.0,0.0,0.0,0.0,0.0,0.0,0.0,0.0,0.0,0.0,0.0,0.0,0.0,0.0,0.0,0.0
2007-01-02,0.0,0.0,0.0,0.0,0.0,0.0,0.0,0.0,0.0,0.0,0.0,0.0,0.0,0.0,0.0,0.0,0.0
2007-01-03,0.0,0.0,0.0,0.0,0.0,0.0,0.0,0.0,0.0,0.0,0.0,0.0,0.0,0.0,0.0,0.0,0.0
2007-01-04,0.0,0.0,0.0,0.0,0.0,0.0,0.0,0.0,0.0,0.0,0.0,0.0,0.0,0.0,0.0,0.0,0.0
2007-01-05,0.0,0.0,0.0,0.0,0.0,0.0,0.0,0.0,0.0,0.0,0.0,0.0,0.0,0.0,0.0,0.0,0.0
2007-01-08,0.0,0.0,0.0,0.0,0.0,0.0,0.0,0.0,0.0,0.0,0.0,0.0,0.0,0.0,0.0,0.0,0.0
2007-01-09,0.0,0.0,0.0,0.0,0.0,0.0,0.0,0.0,0.0,0.0,0.0,0.0,0.0,0.0,0.0,0.0,0.0
2007-01-10,0.0,0.0,0.0,0.0,0.0,0.0,0.0,0.0,0.0,0.0,0.0,0.0,0.0,0.0,0.0,0.0,0.0
2007-01-11,0.0,0.0,0.0,0.0,0.0,0.0,0.0,0.0,0.0,0.0,0.0,0.0,0.0,0.0,0.0,0.0,0.0
2007-01-12,0.0,0.0,0.0,0.0,0.0,0.0,0.0,0.0,0.0,0.0,0.0,0.0,0.0,0.0,0.0,0.0,0.0
2007-01-15,0.0,0.0,0.0,0.0,0.0,0.0,0.0,0.0,0.0,0.0,0.0,0.0,0.0,0.0,0.0,0.0,0.0
2007-01-16,0.0,0.0,0.0,0.0,0.0,0.0,0.0,0.0,0.0,0.0,0.0,0.0,0.0,0.0,0.0,0.0,0.0
2007-01-17,0.0,0.0,0.0,0.0,0.0,0.0,0.0,0.0,0.0,0.0,0.0,0.0,0.0,0.0,0.0,0.0,0.0
2007-01-18,0.0,0.0,0.0,0.0,0.0,0.0,0.0,0.0,0.0,0.0,0.0,0.0,0.0,0.0,0.0,0.0,0.0
2007-01-19,0.0,0.0,0.0,0.0,0.0,0.0,0.0,0.0,0.0,0.0,0.0,0.0,0.0,0.0,0.0,0.0,0.0
2007-01-22,0.0,0.0,0.0,0.0,0.0,0.0,0.0,0.0,0.0,0.0,0.0,0.0,0.0,0.0,0.0,0.0,0.0
2007-01-23,0.0,0.0,0.0,0.0,0.0,0.0,0.0,0.0,0.0,0.0,0.0,0.0,0.0,0.0,0.0,0.0,0.0
2007-01-24,0.0,0.0,0.0,0.0,0.0,0.0,0.0,0.0,0.0,0.0,0.0,0.0,0.0,0.0,0.0,0.0,0.0
2007-01-25,0.0,0.0,0.0,0.0,0.0,0.0,0.0,0.0,0.0,0.0,0.0,0.0,0.0,0.0,0.0,0.0,0.0
2007-01-26,0.0,0.0,0.0,0.0,0.0,0.0,0.0,0.0,0.0,0.0,0.0,0.0,0.0,0.0,0.0,0.0,0.0
2007-01-29,0.0,0.0,0.0,0.0,0.0,0.0,0.0,0.0,0.0,0.0,0.0,0.0,0.0,0.0,0.0,0.0,0.0
2007-01-30,0.0,0.0,0.0,0.0,0.0,0.0,0.0,0.0,0.0,0.0,0.0,0.0,0.0,0.0,0.0,0.0,0.0
2007-01-31,0.0,0.0,0.0,0.0,0.0,0.0,0.0,0.0,0.0,0.0,0.0,0.0,0.0,0.0,0.0,0.0,0.0
2007-02-01,0.0,0.0,0.0,0.0,0.0,0.0,0.0,0.0,0.0,0.0,0.0,0.0,0.0,0.0,0.0,0.0,0.0
2007-02-02,0.0,0.0,0.0,0.0,0.0,0.0,0.0,0.0,0.0,0.0,0.0,0.0,0.0,0.0,0.0,0.0,0.0
2007-02-05,0.0,0.0,0.0,0.0,0.0,0.0,0.0,0.0,0.0,0.0,0.0,0.0,0.0,0.0,0.0,0.0,0.0
2007-02-06,0.0,0.0,0.0,0.0,0.0,0.0,0.0,0.0,0.0,0.0,0.0,0.0,0.0,0.0,0.0,0.0,0.0
2007-02-07,0.0,0.0,0.0,0.0,0.0,0.0,0.0,0.0,0.0,0.0,0.0,0.0,0.0,0.0,0.0,0.0,0.0
2007-02-08,0.0,0.0,0.0,0.0,0.0,0.0,0.0,0.0,0.0,0.0,0.0,0.0,0.0,0.0,0.0,0.0,0.0
2007-02-09,0.0,0.0,0.0,0.0,0.0,0.0,0.0,0.0,0.0,0.0,0.0,0.0,0.0,0.0,0.0,0.0,0.0
2007-02-12,0.0,0.0,0.0,0.0,0.0,0.0,0.0,0.0,0.0,0.0,0.0,0.0,0.0,0.0,0.0,0.0,0.0
2007-02-13,0.0,0.0,0.0,0.0,0.0,0.0,0.0,0.0,0.0,0.0,0.0,0.0,0.0,0.0,0.0,0.0,0.0
2007-02-14,0.0,0.0,0.0,0.0,0.0,0.0,0.0,0.0,0.0,0.0,0.0,0.0,0.0,0.0,0.0,0.0,0.0
2007-02-26,0.0,0.0,0.0,0.0,0.0,0.0,0.0,0.0,0.0,0.0,0.0,0.0,0.0,0.0,0.0,0.0,0.0
2007-02-27,0.0,0.0,0.0,0.0,0.0,0.0,0.0,0.0,0.0,0.0,0.0,0.0,0.0,0.0,0.0,0.0,0.0
2007-03-01,0.0,0.0,0.0,0.0,0.0,0.0,0.0,0.0,0.0,0.0,0.0,0.0,0.0,0.0,0.0,0.0,0.0
2007-03-02,0.0,0.0,0.0,0.0,0.0,0.0,0.0,0.0,0.0,0.0,0.0,0.0,0.0,0.0,0.0,0.0,0.0
2007-03-03,0.0,0.0,0.0,0.0,0.0,0.0,0.0,0.0,0.0,0.0,0.0,0.0,0.0,0.0,0.0,0.0,0.0
2007-03-05,0.0,0.0,0.0,0.0,0.0,0.0,0.0,0.0,0.0,0.0,0.0,0.0,0.0,0.0,0.0,0.0,0.0
2007-03-06,0.0,0.0,0.0,0.0,0.0,0.0,0.0,0.0,0.0,0.0,0.0,0.0,0.0,0.0,0.0,0.0,0.0
2007-03-07,0.0,0.0,0.0,0.0,0.0,0.0,0.0,0.0,0.0,0.0,0.0,0.0,0.0,0.0,0.0,0.0,0.0
2007-03-08,0.0,0.0,0.0,0.0,0.0,0.0,0.0,0.0,0.0,0.0,0.0,0.0,0.0,0.0,0.0,0.0,0.0
2007-03-09,0.0,0.0,0.0,0.0,0.0,0.0,0.0,0.0,0.0,0.0,0.0,0.0,0.0,0.0,0.0,0.0,0.0
2007-03-12,0.0,0.0,0.0,0.0,0.0,0.0,0.0,0.0,0.0,0.0,0.0,0.0,0.0,0.0,0.0,0.0,0.0
2007-03-13,0.0,0.0,0.0,0.0,0.0,0.0,0.0,0.0,0.0,0.0,0.0,0.0,0.0,0.0,0.0,0.0,0.0
2007-03-14,0.0,0.0,0.0,0.0,0.0,0.0,0.0,0.0,0.0,0.0,0.0,0.0,0.0,0.0,0.0,0.0,0.0
2007-03-15,0.0,0.0,0.0,0.0,0.0,0.0,0.0,0.0,0.0,0.0,0.0,0.0,0.0,0.0,0.0,0.0,0.0
2007-03-16,0.0,0.0,0.0,0.0,0.0,0.0,0.0,0.0,0.0,0.0,0.0,0.0,0.0,0.0,0.0,0.0,0.0
2007-03-19,0.0,0.0,0.0,0.0,0.0,0.0,0.0,0.0,0.0,0.0,0.0,0.0,0.0,0.0,0.0,0.0,0.0
2007-03-20,0.0,0.0,0.0,0.0,0.0,0.0,0.0,0.0,0.0,0.0,0.0,0.0,0.0,0.0,0.0,0.0,0.0
2007-03-21,0.0,0.0,0.0,0.0,0.0,0.0,0.0,0.0,0.0,0.0,0.0,0.0,0.0,0.0,0.0,0.0,0.0
2007-03-22,0.0,0.0,0.0,0.0,0.0,0.0,0.0,0.0,0.0,0.0,0.0,0.0,0.0,0.0,0.0,0.0,0.0
2007-03-23,0.0,0.0,0.0,0.0,0.0,0.0,0.0,0.0,0.0,0.0,0.0,0.0,0.0,0.0,0.0,0.0,0.0
2007-03-26,0.0,0.0,0.0,0.0,0.0,0.0,0.0,0.0,0.0,0.0,0.0,0.0,0.0,0.0,0.0,0.0,0.0
2007-03-27,0.0,0.0,0.0,0.0,0.0,0.0,0.0,0.0,0.0,0.0,0.0,0.0,0.0,0.0,0.0,0.0,0.0
2007-03-28,0.0,0.0,0.0,0.0,0.0,0.0,0.0,0.0,0.0,0.0,0.0,0.0,0.0,0.0,0.0,0.0,0.0
2007-03-29,0.0,0.0,0.0,0.0,0.0,0.0,0.0,0.0,0.0,0.0,0.0,0.0,0.0,0.0,0.0,0.0,0.0
2007-03-30,0.0,0.0,0.0,0.0,0.0,0.0,0.0,0.0,0.0,0.0,0.0,0.0,0.0,0.0,0.0,0.0,0.0
2007-04-02,0.0,0.0,0.0,0.0,0.0,0.0,0.0,0.0,0.0,0.0,0.0,0.0,0.0,0.0,0.0,0.0,0.0
2007-04-03,0.0,0.0,0.0,0.0,0.0,0.0,0.0,0.0,0.0,0.0,0.0,0.0,0.0,0.0,0.0,0.0,0.0
2007-04-04,0.0,0.0,0.0,0.0,0.0,0.0,0.0,0.0,0.0,0.0,0.0,0.0,0.0,0.0,0.0,0.0,0.0
2007-04-09,0.0,0.0,0.0,0.0,0.0,0.0,0.0,0.0,0.0,0.0,0.0,0.0,0.0,0.0,0.0,0.0,0.0
2007-04-10,0.0,0.0,0.0,0.0,0.0,0.0,0.0,0.0,0.0,0.0,0.0,0.0,0.0,0.0,0.0,0.0,0.0
2007-04-11,0.0,0.0,0.0,0.0,0.0,0.0,0.0,0.0,0.0,0.0,0.0,0.0,0.0,0.0,0.0,0.0,0.0
2007-04-12,0.0,0.0,0.0,0.0,0.0,0.0,0.0,0.0,0.0,0.0,0.0,0.0,0.0,0.0,0.0,0.0,0.0
2007-04-13,0.0,0.0,0.0,0.0,0.0,0.0,0.0,0.0,0.0,0.0,0.0,0.0,0.0,0.0,0.0,0.0,0.0
2007-04-14,0.0,0.0,0.0,0.0,0.0,0.0,0.0,0.0,0.0,0.0,0.0,0.0,0.0,0.0,0.0,0.0,0.0
2007-04-16,0.0,0.0,0.0,0.0,0.0,0.0,0.0,0.0,0.0,0.0,0.0,0.0,0.0,0.0,0.0,0.0,0.0
2007-04-17,0.0,0.0,0.0,0.0,0.0,0.0,0.0,0.0,0.0,0.0,0.0,0.0,0.0,0.0,0.0,0.0,0.0
2007-04-18,0.0,0.0,0.0,0.0,0.0,0.0,0.0,0.0,0.0,0.0,0.0,0.0,0.0,0.0,0.0,0.0,0.0
2007-04-19,0.0,0.0,0.0,0.0,0.0,0.0,0.0,0.0,0.0,0.0,0.0,0.0,0.0,0.0,0.0,0.0,0.0
2007-04-20,0.0,0.0,0.0,0.0,0.0,0.0,0.0,0.0,0.0,0.0,0.0,0.0,0.0,0.0,0.0,0.0,0.0
2007-04-23,0.0,0.0,0.0,0.0,0.0,0.0,0.0,0.0,0.0,0.0,0.0,0.0,0.0,0.0,0.0,0.0,0.0
2007-04-24,0.0,0.0,0.0,0.0,0.0,0.0,0.0,0.0,0.0,0.0,0.0,0.0,0.0,0.0,0.0,0.0,0.0
2007-04-25,0.0,0.0,0.0,0.0,0.0,0.0,0.0,0.0,0.0,0.0,0.0,0.0,0.0,0.0,0.0,0.0,0.0
2007-04-26,0.0,0.0,0.0,0.0,0.0,0.0,0.0,0.0,0.0,0.0,0.0,0.0,0.0,0.0,0.0,0.0,0.0
2007-04-27,0.0,0.0,0.0,0.0,0.0,0.0,0.0,0.0,0.0,0.0,0.0,0.0,0.0,0.0,0.0,0.0,0.0
2007-04-30,0.0,0.0,0.0,0.0,0.0,0.0,0.0,0.0,0.0,0.0,0.0,0.0,0.0,0.0,0.0,0.0,0.0
2007-05-02,0.0,0.0,0.0,0.0,0.0,0.0,0.0,0.0,0.0,0.0,0.0,0.0,0.0,0.0,0.0,0.0,0.0
2007-05-03,0.0,0.0,0.0,0.0,0.0,0.0,0.0,0.0,0.0,0.0,0.0,0.0,0.0,0.0,0.0,0.0,0.0
2007-05-04,0.0,0.0,0.0,0.0,0.0,0.0,0.0,0.0,0.0,0.0,0.0,0.0,0.0,0.0,0.0,0.0,0.0
2007-05-07,0.0,0.0,0.0,0.0,0.0,0.0,0.0,0.0,0.0,0.0,0.0,0.0,0.0,0.0,0.0,0.0,0.0
2007-05-08,0.0,0.0,0.0,0.0,0.0,0.0,0.0,0.0,0.0,0.0,0.0,0.0,0.0,0.0,0.0,0.0,0.0
2007-05-09,0.0,0.0,0.0,0.0,0.0,0.0,0.0,0.0,0.0,0.0,0.0,0.0,0.0,0.0,0.0,0.0,0.0
2007-05-10,0.0,0.0,0.0,0.0,0.0,0.0,0.0,0.0,0.0,0.0,0.0,0.0,0.0,0.0,0.0,0.0,0.0
2007-05-11,0.0,0.0,0.0,0.0,0.0,0.0,0.0,0.0,0.0,0.0,0.0,0.0,0.0,0.0,0.0,0.0,0.0
2007-05-14,0.0,0.0,0.0,0.0,0.0,0.0,0.0,0.0,0.0,0.0,0.0,0.0,0.0,0.0,0.0,0.0,0.0
2007-05-15,0.0,0.0,0.0,0.0,0.0,0.0,0.0,0.0,0.0,0.0,0.0,0.0,0.0,0.0,0.0,0.0,0.0
2007-05-16,0.0,0.0,0.0,0.0,0.0,0.0,0.0,0.0,0.0,0.0,0.0,0.0,0.0,0.0,0.0,0.0,0.0
2007-05-17,0.0,0.0,0.0,0.0,0.0,0.0,0.0,0.0,0.0,0.0,0.0,0.0,0.0,0.0,0.0,0.0,0.0
2007-05-18,0.0,0.0,0.0,0.0,0.0,0.0,0.0,0.0,0.0,0.0,0.0,0.0,0.0,0.0,0.0,0.0,0.0
2007-05-21,0.0,0.0,0.0,0.0,0.0,0.0,0.0,0.0,0.0,0.0,0.0,0.0,0.0,0.0,0.0,0.0,0.0
2007-05-22,0.0,0.0,0.0,0.0,0.0,0.0,0.0,0.0,0.0,0.0,0.0,0.0,0.0,0.0,0.0,0.0,0.0
2007-05-23,0.0,0.0,0.0,0.0,0.0,0.0,0.0,0.0,0.0,0.0,0.0,0.0,0.0,0.0,0.0,0.0,0.0
2007-05-24,0.0,0.0,0.0,0.0,0.0,0.0,0.0,0.0,0.0,0.0,0.0,0.0,0.0,0.0,0.0,0.0,0.0
2007-05-25,0.0,0.0,0.0,0.0,0.0,0.0,0.0,0.0,0.0,0.0,0.0,0.0,0.0,0.0,0.0,0.0,0.0
2007-05-28,0.0,0.0,0.0,0.0,0.0,0.0,0.0,0.0,0.0,0.0,0.0,0.0,0.0,0.0,0.0,0.0,0.0
2007-05-29,0.0,0.0,0.0,0.0,0.0,0.0,0.0,0.0,0.0,0.0,0.0,0.0,0.0,0.0,0.0,0.0,0.0
2007-05-30,0.0,0.0,0.0,0.0,0.0,0.0,0.0,0.0,0.0,0.0,0.0,0.0,0.0,0.0,0.0,0.0,0.0
2007-05-31,0.0,0.0,0.0,0.0,0.0,0.0,0.0,0.0,0.0,0.0,0.0,0.0,0.0,0.0,0.0,0.0,0.0
2007-06-01,0.0,0.0,0.0,0.0,0.0,0.0,0.0,0.0,0.0,0.0,0.0,0.0,0.0,0.0,0.0,0.0,0.0
2007-06-04,0.0,0.0,0.0,0.0,0.0,0.0,0.0,0.0,0.0,0.0,0.0,0.0,0.0,0.0,0.0,0.0,0.0
2007-06-05,0.0,0.0,0.0,0.0,0.0,0.0,0.0,0.0,0.0,0.0,0.0,0.0,0.0,0.0,0.0,0.0,0.0
2007-06-06,0.0,0.0,0.0,0.0,0.0,0.0,0.0,0.0,0.0,0.0,0.0,0.0,0.0,0.0,0.0,0.0,0.0
2007-06-07,0.0,0.0,0.0,0.0,0.0,0.0,0.0,0.0,0.0,0.0,0.0,0.0,0.0,0.0,0.0,0.0,0.0
2007-06-08,0.0,0.0,0.0,0.0,0.0,0.0,0.0,0.0,0.0,0.0,0.0,0.0,0.0,0.0,0.0,0.0,0.0
2007-06-11,0.0,0.0,0.0,0.0,0.0,0.0,0.0,0.0,0.0,0.0,0.0,0.0,0.0,0.0,0.0,0.0,0.0
2007-06-12,0.0,0.0,0.0,0.0,0.0,0.0,0.0,0.0,0.0,0.0,0.0,0.0,0.0,0.0,0.0,0.0,0.0
2007-06-13,0.0,0.0,0.0,0.0,0.0,0.0,0.0,0.0,0.0,0.0,0.0,0.0,0.0,0.0,0.0,0.0,0.0
2007-06-14,0.0,0.0,0.0,0.0,0.0,0.0,0.0,0.0,0.0,0.0,0.0,0.0,0.0,0.0,0.0,0.0,0.0
2007-06-15,0.0,0.0,0.0,0.0,0.0,0.0,0.0,0.0,0.0,0.0,0.0,0.0,0.0,0.0,0.0,0.0,0.0
2007-06-20,0.0,0.0,0.0,0.0,0.0,0.0,0.0,0.0,0.0,0.0,0.0,0.0,0.0,0.0,0.0,0.0,0.0
2007-06-21,0.0,0.0,0.0,0.0,0.0,0.0,0.0,0.0,0.0,0.0,0.0,0.0,0.0,0.0,0.0,0.0,0.0
2007-06-22,0.0,0.0,0.0,0.0,0.0,0.0,0.0,0.0,0.0,0.0,0.0,0.0,0.0,0.0,0.0,0.0,0.0
2007-06-23,0.0,0.0,0.0,0.0,0.0,0.0,0.0,0.0,0.0,0.0,0.0,0.0,0.0,0.0,0.0,0.0,0.0
2007-06-25,0.0,0.0,0.0,0.0,0.0,0.0,0.0,0.0,0.0,0.0,0.0,0.0,0.0,0.0,0.0,0.0,0.0
2007-06-26,0.0,0.0,0.0,0.0,0.0,0.0,0.0,0.0,0.0,0.0,0.0,0.0,0.0,0.0,0.0,0.0,0.0
2007-06-27,0.0,0.0,0.0,0.0,0.0,0.0,0.0,0.0,0.0,0.0,0.0,0.0,0.0,0.0,0.0,0.0,0.0
2007-06-28,0.0,0.0,0.0,0.0,0.0,0.0,0.0,0.0,0.0,0.0,0.0,0.0,0.0,0.0,0.0,0.0,0.0
2007-06-29,0.0,0.0,0.0,0.0,0.0,0.0,0.0,0.0,0.0,0.0,0.0,0.0,0.0,0.0,0.0,0.0,0.0
2007-07-02,0.0,0.0,0.0,0.0,0.0,0.0,0.0,0.0,0.0,0.0,0.0,0.0,0.0,0.0,0.0,0.0,0.0
2007-07-03,0.0,0.0,0.0,0.0,0.0,0.0,0.0,0.0,0.0,0.0,0.0,0.0,0.0,0.0,0.0,0.0,0.0
2007-07-04,0.0,0.0,0.0,0.0,0.0,0.0,0.0,0.0,0.0,0.0,0.0,0.0,0.0,0.0,0.0,0.0,0.0
2007-07-05,0.0,0.0,0.0,0.0,0.0,0.0,0.0,0.0,0.0,0.0,0.0,0.0,0.0,0.0,0.0,0.0,0.0
2007-07-06,0.0,0.0,0.0,0.0,0.0,0.0,0.0,0.0,0.0,0.0,0.0,0.0,0.0,0.0,0.0,0.0,0.0
2007-07-09,0.0,0.0,0.0,0.0,0.0,0.0,0.0,0.0,0.0,0.0,0.0,0.0,0.0,0.0,0.0,0.0,0.0
2007-07-10,0.0,0.0,0.0,0.0,0.0,0.0,0.0,0.0,0.0,0.0,0.0,0.0,0.0,0.0,0.0,0.0,0.0
2007-07-11,0.0,0.0,0.0,0.0,0.0,0.0,0.0,0.0,0.0,0.0,0.0,0.0,0.0,0.0,0.0,0.0,0.0
2007-07-12,0.0,0.0,0.0,0.0,0.0,0.0,0.0,0.0,0.0,0.0,0.0,0.0,0.0,0.0,0.0,0.0,0.0
2007-07-13,0.0,0.0,0.0,0.0,0.0,0.0,0.0,0.0,0.0,0.0,0.0,0.0,0.0,0.0,0.0,0.0,0.0
2007-07-16,0.0,0.0,0.0,0.0,0.0,0.0,0.0,0.0,0.0,0.0,0.0,0.0,0.0,0.0,0.0,0.0,0.0
2007-07-17,0.0,0.0,0.0,0.0,0.0,0.0,0.0,0.0,0.0,0.0,0.0,0.0,0.0,0.0,0.0,0.0,0.0
2007-07-18,0.0,0.0,0.0,0.0,0.0,0.0,0.0,0.0,0.0,0.0,0.0,0.0,0.0,0.0,0.0,0.0,0.0
2007-07-19,0.0,0.0,0.0,0.0,0.0,0.0,0.0,0.0,0.0,0.0,0.0,0.0,0.0,0.0,0.0,0.0,0.0
2007-07-20,0.0,0.0,0.0,0.0,0.0,0.0,0.0,0.0,0.0,0.0,0.0,0.0,0.0,0.0,0.0,0.0,0.0
2007-07-23,0.0,0.0,0.0,0.0,0.0,0.0,0.0,0.0,0.0,0.0,0.0,0.0,0.0,0.0,0.0,0.0,0.0
2007-07-24,0.0,0.0,0.0,0.0,0.0,0.0,0.0,0.0,0.0,0.0,0.0,0.0,0.0,0.0,0.0,0.0,0.0
2007-07-25,0.0,0.0,0.0,0.0,0.0,0.0,0.0,0.0,0.0,0.0,0.0,0.0,0.0,0.0,0.0,0.0,0.0
2007-07-26,0.0,0.0,0.0,0.0,0.0,0.0,0.0,0.0,0.0,0.0,0.0,0.0,0.0,0.0,0.0,0.0,0.0
2007-07-27,0.0,0.0,0.0,0.0,0.0,0.0,0.0,0.0,0.0,0.0,0.0,0.0,0.0,0.0,0.0,0.0,0.0
2007-07-30,0.0,0.0,0.0,0.0,0.0,0.0,0.0,0.0,0.0,0.0,0.0,0.0,0.0,0.0,0.0,0.0,0.0
2007-07-31,0.0,0.0,0.0,0.0,0.0,0.0,0.0,0.0,0.0,0.0,0.0,0.0,0.0,0.0,0.0,0.0,0.0
2007-08-01,0.0,0.0,0.0,0.0,0.0,0.0,0.0,0.0,0.0,0.0,0.0,0.0,0.0,0.0,0.0,0.0,0.0
2007-08-02,0.0,0.0,0.0,0.0,0.0,0.0,0.0,0.0,0.0,0.0,0.0,0.0,0.0,0.0,0.0,0.0,0.0
2007-08-03,0.0,0.0,0.0,0.0,0.0,0.0,0.0,0.0,0.0,0.0,0.0,0.0,0.0,0.0,0.0,0.0,0.0
2007-08-06,0.0,0.0,0.0,0.0,0.0,0.0,0.0,0.0,0.0,0.0,0.0,0.0,0.0,0.0,0.0,0.0,0.0
2007-08-07,0.0,0.0,0.0,0.0,0.0,0.0,0.0,0.0,0.0,0.0,0.0,0.0,0.0,0.0,0.0,0.0,0.0
2007-08-08,0.0,0.0,0.0,0.0,0.0,0.0,0.0,0.0,0.0,0.0,0.0,0.0,0.0,0.0,0.0,0.0,0.0
2007-08-09,0.0,0.0,0.0,0.0,0.0,0.0,0.0,0.0,0.0,0.0,0.0,0.0,0.0,0.0,0.0,0.0,0.0
2007-08-10,0.0,0.0,0.0,0.0,0.0,0.0,0.0,0.0,0.0,0.0,0.0,0.0,0.0,0.0,0.0,0.0,0.0
2007-08-13,0.0,0.0,0.0,0.0,0.0,0.0,0.0,0.0,0.0,0.0,0.0,0.0,0.0,0.0,0.0,0.0,0.0
2007-08-14,0.0,0.0,0.0,0.0,0.0,0.0,0.0,0.0,0.0,0.0,0.0,0.0,0.0,0.0,0.0,0.0,0.0
2007-08-15,0.0,0.0,0.0,0.0,0.0,0.0,0.0,0.0,0.0,0.0,0.0,0.0,0.0,0.0,0.0,0.0,0.0
2007-08-16,0.0,0.0,0.0,0.0,0.0,0.0,0.0,0.0,0.0,0.0,0.0,0.0,0.0,0.0,0.0,0.0,0.0
2007-08-17,0.0,0.0,0.0,0.0,0.0,0.0,0.0,0.0,0.0,0.0,0.0,0.0,0.0,0.0,0.0,0.0,0.0
2007-08-20,0.0,0.0,0.0,0.0,0.0,0.0,0.0,0.0,0.0,0.0,0.0,0.0,0.0,0.0,0.0,0.0,0.0
2007-08-21,0.0,0.0,0.0,0.0,0.0,0.0,0.0,0.0,0.0,0.0,0.0,0.0,0.0,0.0,0.0,0.0,0.0
2007-08-22,0.0,0.0,0.0,0.0,0.0,0.0,0.0,0.0,0.0,0.0,0.0,0.0,0.0,0.0,0.0,0.0,0.0
2007-08-23,0.0,0.0,0.0,0.0,0.0,0.0,0.0,0.0,0.0,0.0,0.0,0.0,0.0,0.0,0.0,0.0,0.0
2007-08-24,0.0,0.0,0.0,0.0,0.0,0.0,0.0,0.0,0.0,0.0,0.0,0.0,0.0,0.0,0.0,0.0,0.0
2007-08-27,0.0,0.0,0.0,0.0,0.0,0.0,0.0,0.0,0.0,0.0,0.0,0.0,0.0,0.0,0.0,0.0,0.0
2007-08-28,0.0,0.0,0.0,0.0,0.0,0.0,0.0,0.0,0.0,0.0,0.0,0.0,0.0,0.0,0.0,0.0,0.0
2007-08-29,0.0,0.0,0.0,0.0,0.0,0.0,0.0,0.0,0.0,0.0,0.0,0.0,0.0,0.0,0.0,0.0,0.0
2007-08-30,0.0,0.0,0.0,0.0,0.0,0.0,0.0,0.0,0.0,0.0,0.0,0.0,0.0,0.0,0.0,0.0,0.0
2007-08-31,0.0,0.0,0.0,0.0,0.0,0.0,0.0,0.0,0.0,0.0,0.0,0.0,0.0,0.0,0.0,0.0,0.0
2007-09-03,0.0,0.0,0.0,0.0,0.0,0.0,0.0,0.0,0.0,0.0,0.0,0.0,0.0,0.0,0.0,0.0,0.0
2007-09-04,0.0,0.0,0.0,0.0,0.0,0.0,0.0,0.0,0.0,0.0,0.0,0.0,0.0,0.0,0.0,0.0,0.0
2007-09-05,0.0,0.0,0.0,0.0,0.0,0.0,0.0,0.0,0.0,0.0,0.0,0.0,0.0,0.0,0.0,0.0,0.0
2007-09-06,0.0,0.0,0.0,0.0,0.0,0.0,0.0,0.0,0.0,0.0,0.0,0.0,0.0,0.0,0.0,0.0,0.0
2007-09-07,0.0,0.0,0.0,0.0,0.0,0.0,0.0,0.0,0.0,0.0,0.0,0.0,0.0,0.0,0.0,0.0,0.0
2007-09-10,0.0,0.0,0.0,0.0,0.0,0.0,0.0,0.0,0.0,0.0,0.0,0.0,0.0,0.0,0.0,0.0,0.0
2007-09-11,0.0,0.0,0.0,0.0,0.0,0.0,0.0,0.0,0.0,0.0,0.0,0.0,0.0,0.0,0.0,0.0,0.0
2007-09-12,0.0,0.0,0.0,0.0,0.0,0.0,0.0,0.0,0.0,0.0,0.0,0.0,0.0,0.0,0.0,0.0,0.0
2007-09-13,0.0,0.0,0.0,0.0,0.0,0.0,0.0,0.0,0.0,0.0,0.0,0.0,0.0,0.0,0.0,0.0,0.0
2007-09-14,0.0,0.0,0.0,0.0,0.0,0.0,0.0,0.0,0.0,0.0,0.0,0.0,0.0,0.0,0.0,0.0,0.0
2007-09-17,0.0,0.0,0.0,0.0,0.0,0.0,0.0,0.0,0.0,0.0,0.0,0.0,0.0,0.0,0.0,0.0,0.0
2007-09-19,0.0,0.0,0.0,0.0,0.0,0.0,0.0,0.0,0.0,0.0,0.0,0.0,0.0,0.0,0.0,0.0,0.0
2007-09-20,0.0,0.0,0.0,0.0,0.0,0.0,0.0,0.0,0.0,0.0,0.0,0.0,0.0,0.0,0.0,0.0,0.0
2007-09-21,0.0,0.0,0.0,0.0,0.0,0.0,0.0,0.0,0.0,0.0,0.0,0.0,0.0,0.0,0.0,0.0,0.0
2007-09-26,0.0,0.0,0.0,0.0,0.0,0.0,0.0,0.0,0.0,0.0,0.0,0.0,0.0,0.0,0.0,0.0,0.0
2007-09-27,0.0,0.0,0.0,0.0,0.0,0.0,0.0,0.0,0.0,0.0,0.0,0.0,0.0,0.0,0.0,0.0,0.0
2007-09-28,0.0,0.0,0.0,0.0,0.0,0.0,0.0,0.0,0.0,0.0,0.0,0.0,0.0,0.0,0.0,0.0,0.0
2007-09-29,0.0,0.0,0.0,0.0,0.0,0.0,0.0,0.0,0.0,0.0,0.0,0.0,0.0,0.0,0.0,0.0,0.0
2007-10-01,0.0,0.0,0.0,0.0,0.0,0.0,0.0,0.0,0.0,0.0,0.0,0.0,0.0,0.0,0.0,0.0,0.0
2007-10-02,0.0,0.0,0.0,0.0,0.0,0.0,0.0,0.0,0.0,0.0,0.0,0.0,0.0,0.0,0.0,0.0,0.0
2007-10-03,0.0,0.0,0.0,0.0,0.0,0.0,0.0,0.0,0.0,0.0,0.0,0.0,0.0,0.0,0.0,0.0,0.0
2007-10-04,0.0,0.0,0.0,0.0,0.0,0.0,0.0,0.0,0.0,0.0,0.0,0.0,0.0,0.0,0.0,0.0,0.0
2007-10-05,0.0,0.0,0.0,0.0,0.0,0.0,0.0,0.0,0.0,0.0,0.0,0.0,0.0,0.0,0.0,0.0,0.0
2007-10-08,0.0,0.0,0.0,0.0,0.0,0.0,0.0,0.0,0.0,0.0,0.0,0.0,0.0,0.0,0.0,0.0,0.0
2007-10-09,0.0,0.0,0.0,0.0,0.0,0.0,0.0,0.0,0.0,0.0,0.0,0.0,0.0,0.0,0.0,0.0,0.0
2007-10-11,0.0,0.0,0.0,0.0,0.0,0.0,0.0,0.0,0.0,0.0,0.0,0.0,0.0,0.0,0.0,0.0,0.0
2007-10-12,0.0,0.0,0.0,0.0,0.0,0.0,0.0,0.0,0.0,0.0,0.0,0.0,0.0,0.0,0.0,0.0,0.0
2007-10-15,0.0,0.0,0.0,0.0,0.0,0.0,0.0,0.0,0.0,0.0,0.0,0.0,0.0,0.0,0.0,0.0,0.0
2007-10-16,0.0,0.0,0.0,0.0,0.0,0.0,0.0,0.0,0.0,0.0,0.0,0.0,0.0,0.0,0.0,0.0,0.0
2007-10-17,0.0,0.0,0.0,0.0,0.0,0.0,0.0,0.0,0.0,0.0,0.0,0.0,0.0,0.0,0.0,0.0,0.0
2007-10-18,0.0,0.0,0.0,0.0,0.0,0.0,0.0,0.0,0.0,0.0,0.0,0.0,0.0,0.0,0.0,0.0,0.0
2007-10-19,0.0,0.0,0.0,0.0,0.0,0.0,0.0,0.0,0.0,0.0,0.0,0.0,0.0,0.0,0.0,0.0,0.0
2007-10-22,0.0,0.0,0.0,0.0,0.0,0.0,0.0,0.0,0.0,0.0,0.0,0.0,0.0,0.0,0.0,0.0,0.0
2007-10-23,0.0,0.0,0.0,0.0,0.0,0.0,0.0,0.0,0.0,0.0,0.0,0.0,0.0,0.0,0.0,0.0,0.0
2007-10-24,0.0,0.0,0.0,0.0,0.0,0.0,0.0,0.0,0.0,0.0,0.0,0.0,0.0,0.0,0.0,0.0,0.0
2007-10-25,0.0,0.0,0.0,0.0,0.0,0.0,0.0,0.0,0.0,0.0,0.0,0.0,0.0,0.0,0.0,0.0,0.0
2007-10-26,0.0,0.0,0.0,0.0,0.0,0.0,0.0,0.0,0.0,0.0,0.0,0.0,0.0,0.0,0.0,0.0,0.0
2007-10-29,0.0,0.0,0.0,0.0,0.0,0.0,0.0,0.0,0.0,0.0,0.0,0.0,0.0,0.0,0.0,0.0,0.0
2007-10-30,0.0,0.0,0.0,0.0,0.0,0.0,0.0,0.0,0.0,0.0,0.0,0.0,0.0,0.0,0.0,0.0,0.0
2007-10-31,0.0,0.0,0.0,0.0,0.0,0.0,0.0,0.0,0.0,0.0,0.0,0.0,0.0,0.0,0.0,0.0,0.0
2007-11-01,0.0,0.0,0.0,0.0,0.0,0.0,0.0,0.0,0.0,0.0,0.0,0.0,0.0,0.0,0.0,0.0,0.0
2007-11-02,0.0,0.0,0.0,0.0,0.0,0.0,0.0,0.0,0.0,0.0,0.0,0.0,0.0,0.0,0.0,0.0,0.0
2007-11-05,0.0,0.0,0.0,0.0,0.0,0.0,0.0,0.0,0.0,0.0,0.0,0.0,0.0,0.0,0.0,0.0,0.0
2007-11-06,0.0,0.0,0.0,0.0,0.0,0.0,0.0,0.0,0.0,0.0,0.0,0.0,0.0,0.0,0.0,0.0,0.0
2007-11-07,0.0,0.0,0.0,0.0,0.0,0.0,0.0,0.0,0.0,0.0,0.0,0.0,0.0,0.0,0.0,0.0,0.0
2007-11-08,0.0,0.0,0.0,0.0,0.0,0.0,0.0,0.0,0.0,0.0,0.0,0.0,0.0,0.0,0.0,0.0,0.0
2007-11-09,0.0,0.0,0.0,0.0,0.0,0.0,0.0,0.0,0.0,0.0,0.0,0.0,0.0,0.0,0.0,0.0,0.0
2007-11-12,0.0,0.0,0.0,0.0,0.0,0.0,0.0,0.0,0.0,0.0,0.0,0.0,0.0,0.0,0.0,0.0,0.0
2007-11-13,0.0,0.0,0.0,0.0,0.0,0.0,0.0,0.0,0.0,0.0,0.0,0.0,0.0,0.0,0.0,0.0,0.0
2007-11-14,0.0,0.0,0.0,0.0,0.0,0.0,0.0,0.0,0.0,0.0,0.0,0.0,0.0,0.0,0.0,0.0,0.0
2007-11-15,0.0,0.0,0.0,0.0,0.0,0.0,0.0,0.0,0.0,0.0,0.0,0.0,0.0,0.0,0.0,0.0,0.0
2007-11-16,0.0,0.0,0.0,0.0,0.0,0.0,0.0,0.0,0.0,0.0,0.0,0.0,0.0,0.0,0.0,0.0,0.0
2007-11-19,0.0,0.0,0.0,0.0,0.0,0.0,0.0,0.0,0.0,0.0,0.0,0.0,0.0,0.0,0.0,0.0,0.0
2007-11-20,0.0,0.0,0.0,0.0,0.0,0.0,0.0,0.0,0.0,0.0,0.0,0.0,0.0,0.0,0.0,0.0,0.0
2007-11-21,0.0,0.0,0.0,0.0,0.0,0.0,0.0,0.0,0.0,0.0,0.0,0.0,0.0,0.0,0.0,0.0,0.0
2007-11-22,0.0,0.0,0.0,0.0,0.0,0.0,0.0,0.0,0.0,0.0,0.0,0.0,0.0,0.0,0.0,0.0,0.0
2007-11-23,0.0,0.0,0.0,0.0,0.0,0.0,0.0,0.0,0.0,0.0,0.0,0.0,0.0,0.0,0.0,0.0,0.0
2007-11-26,0.0,0.0,0.0,0.0,0.0,0.0,0.0,0.0,0.0,0.0,0.0,0.0,0.0,0.0,0.0,0.0,0.0
2007-11-27,0.0,0.0,0.0,0.0,0.0,0.0,0.0,0.0,0.0,0.0,0.0,0.0,0.0,0.0,0.0,0.0,0.0
2007-11-28,0.0,0.0,0.0,0.0,0.0,0.0,0.0,0.0,0.0,0.0,0.0,0.0,0.0,0.0,0.0,0.0,0.0
2007-11-29,0.0,0.0,0.0,0.0,0.0,0.0,0.0,0.0,0.0,0.0,0.0,0.0,0.0,0.0,0.0,0.0,0.0
2007-11-30,0.0,0.0,0.0,0.0,0.0,0.0,0.0,0.0,0.0,0.0,0.0,0.0,0.0,0.0,0.0,0.0,0.0
2007-12-03,0.0,0.0,0.0,0.0,0.0,0.0,0.0,0.0,0.0,0.0,0.0,0.0,0.0,0.0,0.0,0.0,0.0
2007-12-04,0.0,0.0,0.0,0.0,0.0,0.0,0.0,0.0,0.0,0.0,0.0,0.0,0.0,0.0,0.0,0.0,0.0
2007-12-05,0.0,0.0,0.0,0.0,0.0,0.0,0.0,0.0,0.0,0.0,0.0,0.0,0.0,0.0,0.0,0.0,0.0
2007-12-06,0.0,0.0,0.0,0.0,0.0,0.0,0.0,0.0,0.0,0.0,0.0,0.0,0.0,0.0,0.0,0.0,0.0
2007-12-07,0.0,0.0,0.0,0.0,0.0,0.0,0.0,0.0,0.0,0.0,0.0,0.0,0.0,0.0,0.0,0.0,0.0
2007-12-10,0.0,0.0,0.0,0.0,0.0,0.0,0.0,0.0,0.0,0.0,0.0,0.0,0.0,0.0,0.0,0.0,0.0
2007-12-11,0.0,0.0,0.0,0.0,0.0,0.0,0.0,0.0,0.0,0.0,0.0,0.0,0.0,0.0,0.0,0.0,0.0
2007-12-12,0.0,0.0,0.0,0.0,0.0,0.0,0.0,0.0,0.0,0.0,0.0,0.0,0.0,0.0,0.0,0.0,0.0
2007-12-13,0.0,0.0,0.0,0.0,0.0,0.0,0.0,0.0,0.0,0.0,0.0,0.0,0.0,0.0,0.0,0.0,0.0
2007-12-14,0.0,0.0,0.0,0.0,0.0,0.0,0.0,0.0,0.0,0.0,0.0,0.0,0.0,0.0,0.0,0.0,0.0
2007-12-17,0.0,0.0,0.0,0.0,0.0,0.0,0.0,0.0,0.0,0.0,0.0,0.0,0.0,0.0,0.0,0.0,0.0
2007-12-18,0.0,0.0,0.0,0.0,0.0,0.0,0.0,0.0,0.0,0.0,0.0,0.0,0.0,0.0,0.0,0.0,0.0
2007-12-19,0.0,0.0,0.0,0.0,0.0,0.0,0.0,0.0,0.0,0.0,0.0,0.0,0.0,0.0,0.0,0.0,0.0
2007-12-20,0.0,0.0,0.0,0.0,0.0,0.0,0.0,0.0,0.0,0.0,0.0,0.0,0.0,0.0,0.0,0.0,0.0
2007-12-21,0.0,0.0,0.0,0.0,0.0,0.0,0.0,0.0,0.0,0.0,0.0,0.0,0.0,0.0,0.0,0.0,0.0
2007-12-24,0.0,0.0,0.0,0.0,0.0,0.0,0.0,0.0,0.0,0.0,0.0,0.0,0.0,0.0,0.0,0.0,0.0
2007-12-25,0.0,0.0,0.0,0.0,0.0,0.0,0.0,0.0,0.0,0.0,0.0,0.0,0.0,0.0,0.0,0.0,0.0
2007-12-26,0.0,0.0,0.0,0.0,0.0,0.0,0.0,0.0,0.0,0.0,0.0,0.0,0.0,0.0,0.0,0.0,0.0
2007-12-27,0.0,0.0,0.0,0.0,0.0,0.0,0.0,0.0,0.0,0.0,0.0,0.0,0.0,0.0,0.0,0.0,0.0
2007-12-28,0.0,0.0,0.0,0.0,0.0,0.0,0.0,0.0,0.0,0.0,0.0,0.0,0.0,0.0,0.0,0.0,0.0
2007-12-31,0.0,0.0,0.0,0.0,0.0,0.0,0.0,0.0,0.0,0.0,0.0,0.0,0.0,0.0,0.0,0.0,0.0
2008-01-02,0.0,0.0,0.0,0.0,0.0,0.0,0.0,0.0,0.0,0.0,0.0,0.0,0.0,0.0,0.0,0.0,0.0
2008-01-03,0.0,0.0,0.0,0.0,0.0,0.0,0.0,0.0,0.0,0.0,0.0,0.0,0.0,0.0,0.0,0.0,0.0
2008-01-04,0.0,0.0,0.0,0.0,0.0,0.0,0.0,0.0,0.0,0.0,0.0,0.0,0.0,0.0,0.0,0.0,0.0
2008-01-07,0.0,0.0,0.0,0.0,0.0,0.0,0.0,0.0,0.0,0.0,0.0,0.0,0.0,0.0,0.0,0.0,0.0
2008-01-08,0.0,0.0,0.0,0.0,0.0,0.0,0.0,0.0,0.0,0.0,0.0,0.0,0.0,0.0,0.0,0.0,0.0
2008-01-09,0.0,0.0,0.0,0.0,0.0,0.0,0.0,0.0,0.0,0.0,0.0,0.0,0.0,0.0,0.0,0.0,0.0
2008-01-10,0.0,0.0,0.0,0.0,0.0,0.0,0.0,0.0,0.0,0.0,0.0,0.0,0.0,0.0,0.0,0.0,0.0
2008-01-11,0.0,0.0,0.0,0.0,0.0,0.0,0.0,0.0,0.0,0.0,0.0,0.0,0.0,0.0,0.0,0.0,0.0
2008-01-14,0.0,0.0,0.0,0.0,0.0,0.0,0.0,0.0,0.0,0.0,0.0,0.0,0.0,0.0,0.0,0.0,0.0
2008-01-15,0.0,0.0,0.0,0.0,0.0,0.0,0.0,0.0,0.0,0.0,0.0,0.0,0.0,0.0,0.0,0.0,0.0
2008-01-16,0.0,0.0,0.0,0.0,0.0,0.0,0.0,0.0,0.0,0.0,0.0,0.0,0.0,0.0,0.0,0.0,0.0
2008-01-17,0.0,0.0,0.0,0.0,0.0,0.0,0.0,0.0,0.0,0.0,0.0,0.0,0.0,0.0,0.0,0.0,0.0
2008-01-18,0.0,0.0,0.0,0.0,0.0,0.0,0.0,0.0,0.0,0.0,0.0,0.0,0.0,0.0,0.0,0.0,0.0
2008-01-21,0.0,0.0,0.0,0.0,0.0,0.0,0.0,0.0,0.0,0.0,0.0,0.0,0.0,0.0,0.0,0.0,0.0
2008-01-22,0.0,0.0,0.0,0.0,0.0,0.0,0.0,0.0,0.0,0.0,0.0,0.0,0.0,0.0,0.0,0.0,0.0
2008-01-23,0.0,0.0,0.0,0.0,0.0,0.0,0.0,0.0,0.0,0.0,0.0,0.0,0.0,0.0,0.0,0.0,0.0
2008-01-24,0.0,0.0,0.0,0.0,0.0,0.0,0.0,0.0,0.0,0.0,0.0,0.0,0.0,0.0,0.0,0.0,0.0
2008-01-25,0.0,0.0,0.0,0.0,0.0,0.0,0.0,0.0,0.0,0.0,0.0,0.0,0.0,0.0,0.0,0.0,0.0
2008-01-28,0.0,0.0,0.0,0.0,0.0,0.0,0.0,0.0,0.0,0.0,0.0,0.0,0.0,0.0,0.0,0.0,0.0
2008-01-29,0.0,0.0,0.0,0.0,0.0,0.0,0.0,0.0,0.0,0.0,0.0,0.0,0.0,0.0,0.0,0.0,0.0
2008-01-30,0.0,0.0,0.0,0.0,0.0,0.0,0.0,0.0,0.0,0.0,0.0,0.0,0.0,0.0,0.0,0.0,0.0
2008-01-31,0.0,0.0,0.0,0.0,0.0,0.0,0.0,0.0,0.0,0.0,0.0,0.0,0.0,0.0,0.0,0.0,0.0
2008-02-01,0.0,0.0,0.0,0.0,0.0,0.0,0.0,0.0,0.0,0.0,0.0,0.0,0.0,0.0,0.0,0.0,0.0
2008-02-12,0.0,0.0,0.0,0.0,0.0,0.0,0.0,0.0,0.0,0.0,0.0,0.0,0.0,0.0,0.0,0.0,0.0
2008-02-13,0.0,0.0,0.0,0.0,0.0,0.0,0.0,0.0,0.0,0.0,0.0,0.0,0.0,0.0,0.0,0.0,0.0
2008-02-14,0.0,0.0,0.0,0.0,0.0,0.0,0.0,0.0,0.0,0.0,0.0,0.0,0.0,0.0,0.0,0.0,0.0
2008-02-15,0.0,0.0,0.0,0.0,0.0,0.0,0.0,0.0,0.0,0.0,0.0,0.0,0.0,0.0,0.0,0.0,0.0
2008-02-18,0.0,0.0,0.0,0.0,0.0,0.0,0.0,0.0,0.0,0.0,0.0,0.0,0.0,0.0,0.0,0.0,0.0
2008-02-19,0.0,0.0,0.0,0.0,0.0,0.0,0.0,0.0,0.0,0.0,0.0,0.0,0.0,0.0,0.0,0.0,0.0
2008-02-20,0.0,0.0,0.0,0.0,0.0,0.0,0.0,0.0,0.0,0.0,0.0,0.0,0.0,0.0,0.0,0.0,0.0
2008-02-21,0.0,0.0,0.0,0.0,0.0,0.0,0.0,0.0,0.0,0.0,0.0,0.0,0.0,0.0,0.0,0.0,0.0
2008-02-22,0.0,0.0,0.0,0.0,0.0,0.0,0.0,0.0,0.0,0.0,0.0,0.0,0.0,0.0,0.0,0.0,0.0
2008-02-25,0.0,0.0,0.0,0.0,0.0,0.0,0.0,0.0,0.0,0.0,0.0,0.0,0.0,0.0,0.0,0.0,0.0
2008-02-26,0.0,0.0,0.0,0.0,0.0,0.0,0.0,0.0,0.0,0.0,0.0,0.0,0.0,0.0,0.0,0.0,0.0
2008-02-27,0.0,0.0,0.0,0.0,0.0,0.0,0.0,0.0,0.0,0.0,0.0,0.0,0.0,0.0,0.0,0.0,0.0
2008-02-29,0.0,0.0,0.0,0.0,0.0,0.0,0.0,0.0,0.0,0.0,0.0,0.0,0.0,0.0,0.0,0.0,0.0
2008-03-03,0.0,0.0,0.0,0.0,0.0,0.0,0.0,0.0,0.0,0.0,0.0,0.0,0.0,0.0,0.0,0.0,0.0
2008-03-04,0.0,0.0,0.0,0.0,0.0,0.0,0.0,0.0,0.0,0.0,0.0,0.0,0.0,0.0,0.0,0.0,0.0
2008-03-05,0.0,0.0,0.0,0.0,0.0,0.0,0.0,0.0,0.0,0.0,0.0,0.0,0.0,0.0,0.0,0.0,0.0
2008-03-06,0.0,0.0,0.0,0.0,0.0,0.0,0.0,0.0,0.0,0.0,0.0,0.0,0.0,0.0,0.0,0.0,0.0
2008-03-07,0.0,0.0,0.0,0.0,0.0,0.0,0.0,0.0,0.0,0.0,0.0,0.0,0.0,0.0,0.0,0.0,0.0
2008-03-10,0.0,0.0,0.0,0.0,0.0,0.0,0.0,0.0,0.0,0.0,0.0,0.0,0.0,0.0,0.0,0.0,0.0
2008-03-11,0.0,0.0,0.0,0.0,0.0,0.0,0.0,0.0,0.0,0.0,0.0,0.0,0.0,0.0,0.0,0.0,0.0
2008-03-12,0.0,0.0,0.0,0.0,0.0,0.0,0.0,0.0,0.0,0.0,0.0,0.0,0.0,0.0,0.0,0.0,0.0
2008-03-13,0.0,0.0,0.0,0.0,0.0,0.0,0.0,0.0,0.0,0.0,0.0,0.0,0.0,0.0,0.0,0.0,0.0
2008-03-14,0.0,0.0,0.0,0.0,0.0,0.0,0.0,0.0,0.0,0.0,0.0,0.0,0.0,0.0,0.0,0.0,0.0
2008-03-17,0.0,0.0,0.0,0.0,0.0,0.0,0.0,0.0,0.0,0.0,0.0,0.0,0.0,0.0,0.0,0.0,0.0
2008-03-18,0.0,0.0,0.0,0.0,0.0,0.0,0.0,0.0,0.0,0.0,0.0,0.0,0.0,0.0,0.0,0.0,0.0
2008-03-19,0.0,0.0,0.0,0.0,0.0,0.0,0.0,0.0,0.0,0.0,0.0,0.0,0.0,0.0,0.0,0.0,0.0
2008-03-20,0.0,0.0,0.0,0.0,0.0,0.0,0.0,0.0,0.0,0.0,0.0,0.0,0.0,0.0,0.0,0.0,0.0
2008-03-21,0.0,0.0,0.0,0.0,0.0,0.0,0.0,0.0,0.0,0.0,0.0,0.0,0.0,0.0,0.0,0.0,0.0
2008-03-24,0.0,0.0,0.0,0.0,0.0,0.0,0.0,0.0,0.0,0.0,0.0,0.0,0.0,0.0,0.0,0.0,0.0
2008-03-25,0.0,0.0,0.0,0.0,0.0,0.0,0.0,0.0,0.0,0.0,0.0,0.0,0.0,0.0,0.0,0.0,0.0
2008-03-26,0.0,0.0,0.0,0.0,0.0,0.0,0.0,0.0,0.0,0.0,0.0,0.0,0.0,0.0,0.0,0.0,0.0
2008-03-27,0.0,0.0,0.0,0.0,0.0,0.0,0.0,0.0,0.0,0.0,0.0,0.0,0.0,0.0,0.0,0.0,0.0
2008-03-28,0.0,0.0,0.0,0.0,0.0,0.0,0.0,0.0,0.0,0.0,0.0,0.0,0.0,0.0,0.0,0.0,0.0
2008-03-31,0.0,0.0,0.0,0.0,0.0,0.0,0.0,0.0,0.0,0.0,0.0,0.0,0.0,0.0,0.0,0.0,0.0
2008-04-01,0.0,0.0,0.0,0.0,0.0,0.0,0.0,0.0,0.0,0.0,0.0,0.0,0.0,0.0,0.0,0.0,0.0
2008-04-02,0.0,0.0,0.0,0.0,0.0,0.0,0.0,0.0,0.0,0.0,0.0,0.0,0.0,0.0,0.0,0.0,0.0
2008-04-03,0.0,0.0,0.0,0.0,0.0,0.0,0.0,0.0,0.0,0.0,0.0,0.0,0.0,0.0,0.0,0.0,0.0
2008-04-07,0.0,0.0,0.0,0.0,0.0,0.0,0.0,0.0,0.0,0.0,0.0,0.0,0.0,0.0,0.0,0.0,0.0
2008-04-08,0.0,0.0,0.0,0.0,0.0,0.0,0.0,0.0,0.0,0.0,0.0,0.0,0.0,0.0,0.0,0.0,0.0
2008-04-09,0.0,0.0,0.0,0.0,0.0,0.0,0.0,0.0,0.0,0.0,0.0,0.0,0.0,0.0,0.0,0.0,0.0
2008-04-10,0.0,0.0,0.0,0.0,0.0,0.0,0.0,0.0,0.0,0.0,0.0,0.0,0.0,0.0,0.0,0.0,0.0
2008-04-11,0.0,0.0,0.0,0.0,0.0,0.0,0.0,0.0,0.0,0.0,0.0,0.0,0.0,0.0,0.0,0.0,0.0
2008-04-14,0.0,0.0,0.0,0.0,0.0,0.0,0.0,0.0,0.0,0.0,0.0,0.0,0.0,0.0,0.0,0.0,0.0
2008-04-15,0.0,0.0,0.0,0.0,0.0,0.0,0.0,0.0,0.0,0.0,0.0,0.0,0.0,0.0,0.0,0.0,0.0
2008-04-16,0.0,0.0,0.0,0.0,0.0,0.0,0.0,0.0,0.0,0.0,0.0,0.0,0.0,0.0,0.0,0.0,0.0
2008-04-17,0.0,0.0,0.0,0.0,0.0,0.0,0.0,0.0,0.0,0.0,0.0,0.0,0.0,0.0,0.0,0.0,0.0
2008-04-18,0.0,0.0,0.0,0.0,0.0,0.0,0.0,0.0,0.0,0.0,0.0,0.0,0.0,0.0,0.0,0.0,0.0
2008-04-21,0.0,0.0,0.0,0.0,0.0,0.0,0.0,0.0,0.0,0.0,0.0,0.0,0.0,0.0,0.0,0.0,0.0
2008-04-22,0.0,0.0,0.0,0.0,0.0,0.0,0.0,0.0,0.0,0.0,0.0,0.0,0.0,0.0,0.0,0.0,0.0
2008-04-23,0.0,0.0,0.0,0.0,0.0,0.0,0.0,0.0,0.0,0.0,0.0,0.0,0.0,0.0,0.0,0.0,0.0
2008-04-24,0.0,0.0,0.0,0.0,0.0,0.0,0.0,0.0,0.0,0.0,0.0,0.0,0.0,0.0,0.0,0.0,0.0
2008-04-25,0.0,0.0,0.0,0.0,0.0,0.0,0.0,0.0,0.0,0.0,0.0,0.0,0.0,0.0,0.0,0.0,0.0
2008-04-28,0.0,0.0,0.0,0.0,0.0,0.0,0.0,0.0,0.0,0.0,0.0,0.0,0.0,0.0,0.0,0.0,0.0
2008-04-29,0.0,0.0,0.0,0.0,0.0,0.0,0.0,0.0,0.0,0.0,0.0,0.0,0.0,0.0,0.0,0.0,0.0
2008-04-30,0.0,0.0,0.0,0.0,0.0,0.0,0.0,0.0,0.0,0.0,0.0,0.0,0.0,0.0,0.0,0.0,0.0
2008-05-02,0.0,0.0,0.0,0.0,0.0,0.0,0.0,0.0,0.0,0.0,0.0,0.0,0.0,0.0,0.0,0.0,0.0
2008-05-05,0.0,0.0,0.0,0.0,0.0,0.0,0.0,0.0,0.0,0.0,0.0,0.0,0.0,0.0,0.0,0.0,0.0
2008-05-06,0.0,0.0,0.0,0.0,0.0,0.0,0.0,0.0,0.0,0.0,0.0,0.0,0.0,0.0,0.0,0.0,0.0
2008-05-07,0.0,0.0,0.0,0.0,0.0,0.0,0.0,0.0,0.0,0.0,0.0,0.0,0.0,0.0,0.0,0.0,0.0
2008-05-08,0.0,0.0,0.0,0.0,0.0,0.0,0.0,0.0,0.0,0.0,0.0,0.0,0.0,0.0,0.0,0.0,0.0
2008-05-09,0.0,0.0,0.0,0.0,0.0,0.0,0.0,0.0,0.0,0.0,0.0,0.0,0.0,0.0,0.0,0.0,0.0
2008-05-12,0.0,0.0,0.0,0.0,0.0,0.0,0.0,0.0,0.0,0.0,0.0,0.0,0.0,0.0,0.0,0.0,0.0
2008-05-13,0.0,0.0,0.0,0.0,0.0,0.0,0.0,0.0,0.0,0.0,0.0,0.0,0.0,0.0,0.0,0.0,0.0
2008-05-14,0.0,0.0,0.0,0.0,0.0,0.0,0.0,0.0,0.0,0.0,0.0,0.0,0.0,0.0,0.0,0.0,0.0
2008-05-15,0.0,0.0,0.0,0.0,0.0,0.0,0.0,0.0,0.0,0.0,0.0,0.0,0.0,0.0,0.0,0.0,0.0
2008-05-16,0.0,0.0,0.0,0.0,0.0,0.0,0.0,0.0,0.0,0.0,0.0,0.0,0.0,0.0,0.0,0.0,0.0
2008-05-19,0.0,0.0,0.0,0.0,0.0,0.0,0.0,0.0,0.0,0.0,0.0,0.0,0.0,0.0,0.0,0.0,0.0
2008-05-20,0.0,0.0,0.0,0.0,0.0,0.0,0.0,0.0,0.0,0.0,0.0,0.0,0.0,0.0,0.0,0.0,0.0
2008-05-21,0.0,0.0,0.0,0.0,0.0,0.0,0.0,0.0,0.0,0.0,0.0,0.0,0.0,0.0,0.0,0.0,0.0
2008-05-22,0.0,0.0,0.0,0.0,0.0,0.0,0.0,0.0,0.0,0.0,0.0,0.0,0.0,0.0,0.0,0.0,0.0
2008-05-23,0.0,0.0,0.0,0.0,0.0,0.0,0.0,0.0,0.0,0.0,0.0,0.0,0.0,0.0,0.0,0.0,0.0
2008-05-26,0.0,0.0,0.0,0.0,0.0,0.0,0.0,0.0,0.0,0.0,0.0,0.0,0.0,0.0,0.0,0.0,0.0
2008-05-27,0.0,0.0,0.0,0.0,0.0,0.0,0.0,0.0,0.0,0.0,0.0,0.0,0.0,0.0,0.0,0.0,0.0
2008-05-28,0.0,0.0,0.0,0.0,0.0,0.0,0.0,0.0,0.0,0.0,0.0,0.0,0.0,0.0,0.0,0.0,0.0
2008-05-29,0.0,0.0,0.0,0.0,0.0,0.0,0.0,0.0,0.0,0.0,0.0,0.0,0.0,0.0,0.0,0.0,0.0
2008-05-30,0.0,0.0,0.0,0.0,0.0,0.0,0.0,0.0,0.0,0.0,0.0,0.0,0.0,0.0,0.0,0.0,0.0
2008-06-02,0.0,0.0,0.0,0.0,0.0,0.0,0.0,0.0,0.0,0.0,0.0,0.0,0.0,0.0,0.0,0.0,0.0
2008-06-03,0.0,0.0,0.0,0.0,0.0,0.0,0.0,0.0,0.0,0.0,0.0,0.0,0.0,0.0,0.0,0.0,0.0
2008-06-04,0.0,0.0,0.0,0.0,0.0,0.0,0.0,0.0,0.0,0.0,0.0,0.0,0.0,0.0,0.0,0.0,0.0
2008-06-05,0.0,0.0,0.0,0.0,0.0,0.0,0.0,0.0,0.0,0.0,0.0,0.0,0.0,0.0,0.0,0.0,0.0
2008-06-06,0.0,0.0,0.0,0.0,0.0,0.0,0.0,0.0,0.0,0.0,0.0,0.0,0.0,0.0,0.0,0.0,0.0
2008-06-09,0.0,0.0,0.0,0.0,0.0,0.0,0.0,0.0,0.0,0.0,0.0,0.0,0.0,0.0,0.0,0.0,0.0
2008-06-10,0.0,0.0,0.0,0.0,0.0,0.0,0.0,0.0,0.0,0.0,0.0,0.0,0.0,0.0,0.0,0.0,0.0
2008-06-11,0.0,0.0,0.0,0.0,0.0,0.0,0.0,0.0,0.0,0.0,0.0,0.0,0.0,0.0,0.0,0.0,0.0
2008-06-12,0.0,0.0,0.0,0.0,0.0,0.0,0.0,0.0,0.0,0.0,0.0,0.0,0.0,0.0,0.0,0.0,0.0
2008-06-13,0.0,0.0,0.0,0.0,0.0,0.0,0.0,0.0,0.0,0.0,0.0,0.0,0.0,0.0,0.0,0.0,0.0
2008-06-16,0.0,0.0,0.0,0.0,0.0,0.0,0.0,0.0,0.0,0.0,0.0,0.0,0.0,0.0,0.0,0.0,0.0
2008-06-17,0.0,0.0,0.0,0.0,0.0,0.0,0.0,0.0,0.0,0.0,0.0,0.0,0.0,0.0,0.0,0.0,0.0
2008-06-18,0.0,0.0,0.0,0.0,0.0,0.0,0.0,0.0,0.0,0.0,0.0,0.0,0.0,0.0,0.0,0.0,0.0
2008-06-19,0.0,0.0,0.0,0.0,0.0,0.0,0.0,0.0,0.0,0.0,0.0,0.0,0.0,0.0,0.0,0.0,0.0
2008-06-20,0.0,0.0,0.0,0.0,0.0,0.0,0.0,0.0,0.0,0.0,0.0,0.0,0.0,0.0,0.0,0.0,0.0
2008-06-23,0.0,0.0,0.0,0.0,0.0,0.0,0.0,0.0,0.0,0.0,0.0,0.0,0.0,0.0,0.0,0.0,0.0
2008-06-24,0.0,0.0,0.0,0.0,0.0,0.0,0.0,0.0,0.0,0.0,0.0,0.0,0.0,0.0,0.0,0.0,0.0
2008-06-25,0.0,0.0,0.0,0.0,0.0,0.0,0.0,0.0,0.0,0.0,0.0,0.0,0.0,0.0,0.0,0.0,0.0
2008-06-26,0.0,0.0,0.0,0.0,0.0,0.0,0.0,0.0,0.0,0.0,0.0,0.0,0.0,0.0,0.0,0.0,0.0
2008-06-27,0.0,0.0,0.0,0.0,0.0,0.0,0.0,0.0,0.0,0.0,0.0,0.0,0.0,0.0,0.0,0.0,0.0
2008-06-30,0.0,0.0,0.0,0.0,0.0,0.0,0.0,0.0,0.0,0.0,0.0,0.0,0.0,0.0,0.0,0.0,0.0
2008-07-01,0.0,0.0,0.0,0.0,0.0,0.0,0.0,0.0,0.0,0.0,0.0,0.0,0.0,0.0,0.0,0.0,0.0
2008-07-02,0.0,0.0,0.0,0.0,0.0,0.0,0.0,0.0,0.0,0.0,0.0,0.0,0.0,0.0,0.0,0.0,0.0
2008-07-03,0.0,0.0,0.0,0.0,0.0,0.0,0.0,0.0,0.0,0.0,0.0,0.0,0.0,0.0,0.0,0.0,0.0
2008-07-04,0.0,0.0,0.0,0.0,0.0,0.0,0.0,0.0,0.0,0.0,0.0,0.0,0.0,0.0,0.0,0.0,0.0
2008-07-07,0.0,0.0,0.0,0.0,0.0,0.0,0.0,0.0,0.0,0.0,0.0,0.0,0.0,0.0,0.0,0.0,0.0
2008-07-08,0.0,0.0,0.0,0.0,0.0,0.0,0.0,0.0,0.0,0.0,0.0,0.0,0.0,0.0,0.0,0.0,0.0
2008-07-09,0.0,0.0,0.0,0.0,0.0,0.0,0.0,0.0,0.0,0.0,0.0,0.0,0.0,0.0,0.0,0.0,0.0
2008-07-10,0.0,0.0,0.0,0.0,0.0,0.0,0.0,0.0,0.0,0.0,0.0,0.0,0.0,0.0,0.0,0.0,0.0
2008-07-11,0.0,0.0,0.0,0.0,0.0,0.0,0.0,0.0,0.0,0.0,0.0,0.0,0.0,0.0,0.0,0.0,0.0
2008-07-14,0.0,0.0,0.0,0.0,0.0,0.0,0.0,0.0,0.0,0.0,0.0,0.0,0.0,0.0,0.0,0.0,0.0
2008-07-15,0.0,0.0,0.0,0.0,0.0,0.0,0.0,0.0,0.0,0.0,0.0,0.0,0.0,0.0,0.0,0.0,0.0
2008-07-16,0.0,0.0,0.0,0.0,0.0,0.0,0.0,0.0,0.0,0.0,0.0,0.0,0.0,0.0,0.0,0.0,0.0
2008-07-17,0.0,0.0,0.0,0.0,0.0,0.0,0.0,0.0,0.0,0.0,0.0,0.0,0.0,0.0,0.0,0.0,0.0
2008-07-18,0.0,0.0,0.0,0.0,0.0,0.0,0.0,0.0,0.0,0.0,0.0,0.0,0.0,0.0,0.0,0.0,0.0
2008-07-21,0.0,0.0,0.0,0.0,0.0,0.0,0.0,0.0,0.0,0.0,0.0,0.0,0.0,0.0,0.0,0.0,0.0
2008-07-22,0.0,0.0,0.0,0.0,0.0,0.0,0.0,0.0,0.0,0.0,0.0,0.0,0.0,0.0,0.0,0.0,0.0
2008-07-23,0.0,0.0,0.0,0.0,0.0,0.0,0.0,0.0,0.0,0.0,0.0,0.0,0.0,0.0,0.0,0.0,0.0
2008-07-24,0.0,0.0,0.0,0.0,0.0,0.0,0.0,0.0,0.0,0.0,0.0,0.0,0.0,0.0,0.0,0.0,0.0
2008-07-25,0.0,0.0,0.0,0.0,0.0,0.0,0.0,0.0,0.0,0.0,0.0,0.0,0.0,0.0,0.0,0.0,0.0
2008-07-29,0.0,0.0,0.0,0.0,0.0,0.0,0.0,0.0,0.0,0.0,0.0,0.0,0.0,0.0,0.0,0.0,0.0
2008-07-30,0.0,0.0,0.0,0.0,0.0,0.0,0.0,0.0,0.0,0.0,0.0,0.0,0.0,0.0,0.0,0.0,0.0
2008-07-31,0.0,0.0,0.0,0.0,0.0,0.0,0.0,0.0,0.0,0.0,0.0,0.0,0.0,0.0,0.0,0.0,0.0
2008-08-01,0.0,0.0,0.0,0.0,0.0,0.0,0.0,0.0,0.0,0.0,0.0,0.0,0.0,0.0,0.0,0.0,0.0
2008-08-04,0.0,0.0,0.0,0.0,0.0,0.0,0.0,0.0,0.0,0.0,0.0,0.0,0.0,0.0,0.0,0.0,0.0
2008-08-05,0.0,0.0,0.0,0.0,0.0,0.0,0.0,0.0,0.0,0.0,0.0,0.0,0.0,0.0,0.0,0.0,0.0
2008-08-06,0.0,0.0,0.0,0.0,0.0,0.0,0.0,0.0,0.0,0.0,0.0,0.0,0.0,0.0,0.0,0.0,0.0
2008-08-07,0.0,0.0,0.0,0.0,0.0,0.0,0.0,0.0,0.0,0.0,0.0,0.0,0.0,0.0,0.0,0.0,0.0
2008-08-08,0.0,0.0,0.0,0.0,0.0,0.0,0.0,0.0,0.0,0.0,0.0,0.0,0.0,0.0,0.0,0.0,0.0
2008-08-11,0.0,0.0,0.0,0.0,0.0,0.0,0.0,0.0,0.0,0.0,0.0,0.0,0.0,0.0,0.0,0.0,0.0
2008-08-12,0.0,0.0,0.0,0.0,0.0,0.0,0.0,0.0,0.0,0.0,0.0,0.0,0.0,0.0,0.0,0.0,0.0
2008-08-13,0.0,0.0,0.0,0.0,0.0,0.0,0.0,0.0,0.0,0.0,0.0,0.0,0.0,0.0,0.0,0.0,0.0
2008-08-14,0.0,0.0,0.0,0.0,0.0,0.0,0.0,0.0,0.0,0.0,0.0,0.0,0.0,0.0,0.0,0.0,0.0
2008-08-15,0.0,0.0,0.0,0.0,0.0,0.0,0.0,0.0,0.0,0.0,0.0,0.0,0.0,0.0,0.0,0.0,0.0
2008-08-18,0.0,0.0,0.0,0.0,0.0,0.0,0.0,0.0,0.0,0.0,0.0,0.0,0.0,0.0,0.0,0.0,0.0
2008-08-19,0.0,0.0,0.0,0.0,0.0,0.0,0.0,0.0,0.0,0.0,0.0,0.0,0.0,0.0,0.0,0.0,0.0
2008-08-20,0.0,0.0,0.0,0.0,0.0,0.0,0.0,0.0,0.0,0.0,0.0,0.0,0.0,0.0,0.0,0.0,0.0
2008-08-21,0.0,0.0,0.0,0.0,0.0,0.0,0.0,0.0,0.0,0.0,0.0,0.0,0.0,0.0,0.0,0.0,0.0
2008-08-22,0.0,0.0,0.0,0.0,0.0,0.0,0.0,0.0,0.0,0.0,0.0,0.0,0.0,0.0,0.0,0.0,0.0
2008-08-25,0.0,0.0,0.0,0.0,0.0,0.0,0.0,0.0,0.0,0.0,0.0,0.0,0.0,0.0,0.0,0.0,0.0
2008-08-26,0.0,0.0,0.0,0.0,0.0,0.0,0.0,0.0,0.0,0.0,0.0,0.0,0.0,0.0,0.0,0.0,0.0
2008-08-27,0.0,0.0,0.0,0.0,0.0,0.0,0.0,0.0,0.0,0.0,0.0,0.0,0.0,0.0,0.0,0.0,0.0
2008-08-28,0.0,0.0,0.0,0.0,0.0,0.0,0.0,0.0,0.0,0.0,0.0,0.0,0.0,0.0,0.0,0.0,0.0
2008-08-29,0.0,0.0,0.0,0.0,0.0,0.0,0.0,0.0,0.0,0.0,0.0,0.0,0.0,0.0,0.0,0.0,0.0
2008-09-01,0.0,0.0,0.0,0.0,0.0,0.0,0.0,0.0,0.0,0.0,0.0,0.0,0.0,0.0,0.0,0.0,0.0
2008-09-02,0.0,0.0,0.0,0.0,0.0,0.0,0.0,0.0,0.0,0.0,0.0,0.0,0.0,0.0,0.0,0.0,0.0
2008-09-03,0.0,0.0,0.0,0.0,0.0,0.0,0.0,0.0,0.0,0.0,0.0,0.0,0.0,0.0,0.0,0.0,0.0
2008-09-04,0.0,0.0,0.0,0.0,0.0,0.0,0.0,0.0,0.0,0.0,0.0,0.0,0.0,0.0,0.0,0.0,0.0
2008-09-05,0.0,0.0,0.0,0.0,0.0,0.0,0.0,0.0,0.0,0.0,0.0,0.0,0.0,0.0,0.0,0.0,0.0
2008-09-08,0.0,0.0,0.0,0.0,0.0,0.0,0.0,0.0,0.0,0.0,0.0,0.0,0.0,0.0,0.0,0.0,0.0
2008-09-09,0.0,0.0,0.0,0.0,0.0,0.0,0.0,0.0,0.0,0.0,0.0,0.0,0.0,0.0,0.0,0.0,0.0
2008-09-10,0.0,0.0,0.0,0.0,0.0,0.0,0.0,0.0,0.0,0.0,0.0,0.0,0.0,0.0,0.0,0.0,0.0
2008-09-11,0.0,0.0,0.0,0.0,0.0,0.0,0.0,0.0,0.0,0.0,0.0,0.0,0.0,0.0,0.0,0.0,0.0
2008-09-12,0.0,0.0,0.0,0.0,0.0,0.0,0.0,0.0,0.0,0.0,0.0,0.0,0.0,0.0,0.0,0.0,0.0
2008-09-15,0.0,0.0,0.0,0.0,0.0,0.0,0.0,0.0,0.0,0.0,0.0,0.0,0.0,0.0,0.0,0.0,0.0
2008-09-16,0.0,0.0,0.0,0.0,0.0,0.0,0.0,0.0,0.0,0.0,0.0,0.0,0.0,0.0,0.0,0.0,0.0
2008-09-17,0.0,0.0,0.0,0.0,0.0,0.0,0.0,0.0,0.0,0.0,0.0,0.0,0.0,0.0,0.0,0.0,0.0
2008-09-18,0.0,0.0,0.0,0.0,0.0,0.0,0.0,0.0,0.0,0.0,0.0,0.0,0.0,0.0,0.0,0.0,0.0
2008-09-19,0.0,0.0,0.0,0.0,0.0,0.0,0.0,0.0,0.0,0.0,0.0,0.0,0.0,0.0,0.0,0.0,0.0
2008-09-22,0.0,0.0,0.0,0.0,0.0,0.0,0.0,0.0,0.0,0.0,0.0,0.0,0.0,0.0,0.0,0.0,0.0
2008-09-23,0.0,0.0,0.0,0.0,0.0,0.0,0.0,0.0,0.0,0.0,0.0,0.0,0.0,0.0,0.0,0.0,0.0
2008-09-24,0.0,0.0,0.0,0.0,0.0,0.0,0.0,0.0,0.0,0.0,0.0,0.0,0.0,0.0,0.0,0.0,0.0
2008-09-25,0.0,0.0,0.0,0.0,0.0,0.0,0.0,0.0,0.0,0.0,0.0,0.0,0.0,0.0,0.0,0.0,0.0
2008-09-26,0.0,0.0,0.0,0.0,0.0,0.0,0.0,0.0,0.0,0.0,0.0,0.0,0.0,0.0,0.0,0.0,0.0
2008-09-30,0.0,0.0,0.0,0.0,0.0,0.0,0.0,0.0,0.0,0.0,0.0,0.0,0.0,0.0,0.0,0.0,0.0
2008-10-01,0.0,0.0,0.0,0.0,0.0,0.0,0.0,0.0,0.0,0.0,0.0,0.0,0.0,0.0,0.0,0.0,0.0
2008-10-02,0.0,0.0,0.0,0.0,0.0,0.0,0.0,0.0,0.0,0.0,0.0,0.0,0.0,0.0,0.0,0.0,0.0
2008-10-03,0.0,0.0,0.0,0.0,0.0,0.0,0.0,0.0,0.0,0.0,0.0,0.0,0.0,0.0,0.0,0.0,0.0
2008-10-06,0.0,0.0,0.0,0.0,0.0,0.0,0.0,0.0,0.0,0.0,0.0,0.0,0.0,0.0,0.0,0.0,0.0
2008-10-07,0.0,0.0,0.0,0.0,0.0,0.0,0.0,0.0,0.0,0.0,0.0,0.0,0.0,0.0,0.0,0.0,0.0
2008-10-08,0.0,0.0,0.0,0.0,0.0,0.0,0.0,0.0,0.0,0.0,0.0,0.0,0.0,0.0,0.0,0.0,0.0
2008-10-09,0.0,0.0,0.0,0.0,0.0,0.0,0.0,0.0,0.0,0.0,0.0,0.0,0.0,0.0,0.0,0.0,0.0
2008-10-13,0.0,0.0,0.0,0.0,0.0,0.0,0.0,0.0,0.0,0.0,0.0,0.0,0.0,0.0,0.0,0.0,0.0
2008-10-14,0.0,0.0,0.0,0.0,0.0,0.0,0.0,0.0,0.0,0.0,0.0,0.0,0.0,0.0,0.0,0.0,0.0
2008-10-15,0.0,0.0,0.0,0.0,0.0,0.0,0.0,0.0,0.0,0.0,0.0,0.0,0.0,0.0,0.0,0.0,0.0
2008-10-16,0.0,0.0,0.0,0.0,0.0,0.0,0.0,0.0,0.0,0.0,0.0,0.0,0.0,0.0,0.0,0.0,0.0
2008-10-17,0.0,0.0,0.0,0.0,0.0,0.0,0.0,0.0,0.0,0.0,0.0,0.0,0.0,0.0,0.0,0.0,0.0
2008-10-20,0.0,0.0,0.0,0.0,0.0,0.0,0.0,0.0,0.0,0.0,0.0,0.0,0.0,0.0,0.0,0.0,0.0
2008-10-21,0.0,0.0,0.0,0.0,0.0,0.0,0.0,0.0,0.0,0.0,0.0,0.0,0.0,0.0,0.0,0.0,0.0
2008-10-22,0.0,0.0,0.0,0.0,0.0,0.0,0.0,0.0,0.0,0.0,0.0,0.0,0.0,0.0,0.0,0.0,0.0
2008-10-23,0.0,0.0,0.0,0.0,0.0,0.0,0.0,0.0,0.0,0.0,0.0,0.0,0.0,0.0,0.0,0.0,0.0
2008-10-24,0.0,0.0,0.0,0.0,0.0,0.0,0.0,0.0,0.0,0.0,0.0,0.0,0.0,0.0,0.0,0.0,0.0
2008-10-27,0.0,0.0,0.0,0.0,0.0,0.0,0.0,0.0,0.0,0.0,0.0,0.0,0.0,0.0,0.0,0.0,0.0
2008-10-28,0.0,0.0,0.0,0.0,0.0,0.0,0.0,0.0,0.0,0.0,0.0,0.0,0.0,0.0,0.0,0.0,0.0
2008-10-29,0.0,0.0,0.0,0.0,0.0,0.0,0.0,0.0,0.0,0.0,0.0,0.0,0.0,0.0,0.0,0.0,0.0
2008-10-30,0.0,0.0,0.0,0.0,0.0,0.0,0.0,0.0,0.0,0.0,0.0,0.0,0.0,0.0,0.0,0.0,0.0
2008-10-31,0.0,0.0,0.0,0.0,0.0,0.0,0.0,0.0,0.0,0.0,0.0,0.0,0.0,0.0,0.0,0.0,0.0
2008-11-03,0.0,0.0,0.0,0.0,0.0,0.0,0.0,0.0,0.0,0.0,0.0,0.0,0.0,0.0,0.0,0.0,0.0
2008-11-04,0.0,0.0,0.0,0.0,0.0,0.0,0.0,0.0,0.0,0.0,0.0,0.0,0.0,0.0,0.0,0.0,0.0
2008-11-05,0.0,0.0,0.0,0.0,0.0,0.0,0.0,0.0,0.0,0.0,0.0,0.0,0.0,0.0,0.0,0.0,0.0
2008-11-06,0.0,0.0,0.0,0.0,0.0,0.0,0.0,0.0,0.0,0.0,0.0,0.0,0.0,0.0,0.0,0.0,0.0
2008-11-07,0.0,0.0,0.0,0.0,0.0,0.0,0.0,0.0,0.0,0.0,0.0,0.0,0.0,0.0,0.0,0.0,0.0
2008-11-10,0.0,0.0,0.0,0.0,0.0,0.0,0.0,0.0,0.0,0.0,0.0,0.0,0.0,0.0,0.0,0.0,0.0
2008-11-11,0.0,0.0,0.0,0.0,0.0,0.0,0.0,0.0,0.0,0.0,0.0,0.0,0.0,0.0,0.0,0.0,0.0
2008-11-12,0.0,0.0,0.0,0.0,0.0,0.0,0.0,0.0,0.0,0.0,0.0,0.0,0.0,0.0,0.0,0.0,0.0
2008-11-13,0.0,0.0,0.0,0.0,0.0,0.0,0.0,0.0,0.0,0.0,0.0,0.0,0.0,0.0,0.0,0.0,0.0
2008-11-14,0.0,0.0,0.0,0.0,0.0,0.0,0.0,0.0,0.0,0.0,0.0,0.0,0.0,0.0,0.0,0.0,0.0
2008-11-17,0.0,0.0,0.0,0.0,0.0,0.0,0.0,0.0,0.0,0.0,0.0,0.0,0.0,0.0,0.0,0.0,0.0
2008-11-18,0.0,0.0,0.0,0.0,0.0,0.0,0.0,0.0,0.0,0.0,0.0,0.0,0.0,0.0,0.0,0.0,0.0
2008-11-19,0.0,0.0,0.0,0.0,0.0,0.0,0.0,0.0,0.0,0.0,0.0,0.0,0.0,0.0,0.0,0.0,0.0
2008-11-20,0.0,0.0,0.0,0.0,0.0,0.0,0.0,0.0,0.0,0.0,0.0,0.0,0.0,0.0,0.0,0.0,0.0
2008-11-21,0.0,0.0,0.0,0.0,0.0,0.0,0.0,0.0,0.0,0.0,0.0,0.0,0.0,0.0,0.0,0.0,0.0
2008-11-24,0.0,0.0,0.0,0.0,0.0,0.0,0.0,0.0,0.0,0.0,0.0,0.0,0.0,0.0,0.0,0.0,0.0
2008-11-25,0.0,0.0,0.0,0.0,0.0,0.0,0.0,0.0,0.0,0.0,0.0,0.0,0.0,0.0,0.0,0.0,0.0
2008-11-26,0.0,0.0,0.0,0.0,0.0,0.0,0.0,0.0,0.0,0.0,0.0,0.0,0.0,0.0,0.0,0.0,0.0
2008-11-27,0.0,0.0,0.0,0.0,0.0,0.0,0.0,0.0,0.0,0.0,0.0,0.0,0.0,0.0,0.0,0.0,0.0
2008-11-28,0.0,0.0,0.0,0.0,0.0,0.0,0.0,0.0,0.0,0.0,0.0,0.0,0.0,0.0,0.0,0.0,0.0
2008-12-01,0.0,0.0,0.0,0.0,0.0,0.0,0.0,0.0,0.0,0.0,0.0,0.0,0.0,0.0,0.0,0.0,0.0
2008-12-02,0.0,0.0,0.0,0.0,0.0,0.0,0.0,0.0,0.0,0.0,0.0,0.0,0.0,0.0,0.0,0.0,0.0
2008-12-03,0.0,0.0,0.0,0.0,0.0,0.0,0.0,0.0,0.0,0.0,0.0,0.0,0.0,0.0,0.0,0.0,0.0
2008-12-04,0.0,0.0,0.0,0.0,0.0,0.0,0.0,0.0,0.0,0.0,0.0,0.0,0.0,0.0,0.0,0.0,0.0
2008-12-05,0.0,0.0,0.0,0.0,0.0,0.0,0.0,0.0,0.0,0.0,0.0,0.0,0.0,0.0,0.0,0.0,0.0
2008-12-08,0.0,0.0,0.0,0.0,0.0,0.0,0.0,0.0,0.0,0.0,0.0,0.0,0.0,0.0,0.0,0.0,0.0
2008-12-09,0.0,0.0,0.0,0.0,0.0,0.0,0.0,0.0,0.0,0.0,0.0,0.0,0.0,0.0,0.0,0.0,0.0
2008-12-10,0.0,0.0,0.0,0.0,0.0,0.0,0.0,0.0,0.0,0.0,0.0,0.0,0.0,0.0,0.0,0.0,0.0
2008-12-11,0.0,0.0,0.0,0.0,0.0,0.0,0.0,0.0,0.0,0.0,0.0,0.0,0.0,0.0,0.0,0.0,0.0
2008-12-12,0.0,0.0,0.0,0.0,0.0,0.0,0.0,0.0,0.0,0.0,0.0,0.0,0.0,0.0,0.0,0.0,0.0
2008-12-15,0.0,0.0,0.0,0.0,0.0,0.0,0.0,0.0,0.0,0.0,0.0,0.0,0.0,0.0,0.0,0.0,0.0
2008-12-16,0.0,0.0,0.0,0.0,0.0,0.0,0.0,0.0,0.0,0.0,0.0,0.0,0.0,0.0,0.0,0.0,0.0
2008-12-17,0.0,0.0,0.0,0.0,0.0,0.0,0.0,0.0,0.0,0.0,0.0,0.0,0.0,0.0,0.0,0.0,0.0
2008-12-18,0.0,0.0,0.0,0.0,0.0,0.0,0.0,0.0,0.0,0.0,0.0,0.0,0.0,0.0,0.0,0.0,0.0
2008-12-19,0.0,0.0,0.0,0.0,0.0,0.0,0.0,0.0,0.0,0.0,0.0,0.0,0.0,0.0,0.0,0.0,0.0
2008-12-22,0.0,0.0,0.0,0.0,0.0,0.0,0.0,0.0,0.0,0.0,0.0,0.0,0.0,0.0,0.0,0.0,0.0
2008-12-23,0.0,0.0,0.0,0.0,0.0,0.0,0.0,0.0,0.0,0.0,0.0,0.0,0.0,0.0,0.0,0.0,0.0
2008-12-24,0.0,0.0,0.0,0.0,0.0,0.0,0.0,0.0,0.0,0.0,0.0,0.0,0.0,0.0,0.0,0.0,0.0
2008-12-25,0.0,0.0,0.0,0.0,0.0,0.0,0.0,0.0,0.0,0.0,0.0,0.0,0.0,0.0,0.0,0.0,0.0
2008-12-26,0.0,0.0,0.0,0.0,0.0,0.0,0.0,0.0,0.0,0.0,0.0,0.0,0.0,0.0,0.0,0.0,0.0
2008-12-29,0.0,0.0,0.0,0.0,0.0,0.0,0.0,0.0,0.0,0.0,0.0,0.0,0.0,0.0,0.0,0.0,0.0
2008-12-30,0.0,0.0,0.0,0.0,0.0,0.0,0.0,0.0,0.0,0.0,0.0,0.0,0.0,0.0,0.0,0.0,0.0
2008-12-31,0.0,0.0,0.0,0.0,0.0,0.0,0.0,0.0,0.0,0.0,0.0,0.0,0.0,0.0,0.0,0.0,0.0
2009-01-05,0.0,0.0,0.0,0.0,0.0,0.0,0.0,0.0,0.0,0.0,0.0,0.0,0.0,0.0,0.0,0.0,0.0
2009-01-06,0.0,0.0,0.0,0.0,0.0,0.0,0.0,0.0,0.0,0.0,0.0,0.0,0.0,0.0,0.0,0.0,0.0
2009-01-07,0.0,0.0,0.0,0.0,0.0,0.0,0.0,0.0,0.0,0.0,0.0,0.0,0.0,0.0,0.0,0.0,0.0
2009-01-08,0.0,0.0,0.0,0.0,0.0,0.0,0.0,0.0,0.0,0.0,0.0,0.0,0.0,0.0,0.0,0.0,0.0
2009-01-09,0.0,0.0,0.0,0.0,0.0,0.0,0.0,0.0,0.0,0.0,0.0,0.0,0.0,0.0,0.0,0.0,0.0
2009-01-10,0.0,0.0,0.0,0.0,0.0,0.0,0.0,0.0,0.0,0.0,0.0,0.0,0.0,0.0,0.0,0.0,0.0
2009-01-12,0.0,0.0,0.0,0.0,0.0,0.0,0.0,0.0,0.0,0.0,0.0,0.0,0.0,0.0,0.0,0.0,0.0
2009-01-13,0.0,0.0,0.0,0.0,0.0,0.0,0.0,0.0,0.0,0.0,0.0,0.0,0.0,0.0,0.0,0.0,0.0
2009-01-14,0.0,0.0,0.0,0.0,0.0,0.0,0.0,0.0,0.0,0.0,0.0,0.0,0.0,0.0,0.0,0.0,0.0
2009-01-15,0.0,0.0,0.0,0.0,0.0,0.0,0.0,0.0,0.0,0.0,0.0,0.0,0.0,0.0,0.0,0.0,0.0
2009-01-16,0.0,0.0,0.0,0.0,0.0,0.0,0.0,0.0,0.0,0.0,0.0,0.0,0.0,0.0,0.0,0.0,0.0
2009-01-17,0.0,0.0,0.0,0.0,0.0,0.0,0.0,0.0,0.0,0.0,0.0,0.0,0.0,0.0,0.0,0.0,0.0
2009-01-19,0.0,0.0,0.0,0.0,0.0,0.0,0.0,0.0,0.0,0.0,0.0,0.0,0.0,0.0,0.0,0.0,0.0
2009-01-20,0.0,0.0,0.0,0.0,0.0,0.0,0.0,0.0,0.0,0.0,0.0,0.0,0.0,0.0,0.0,0.0,0.0
2009-01-21,0.0,0.0,0.0,0.0,0.0,0.0,0.0,0.0,0.0,0.0,0.0,0.0,0.0,0.0,0.0,0.0,0.0
2009-02-02,0.0,0.0,0.0,0.0,0.0,0.0,0.0,0.0,0.0,0.0,0.0,0.0,0.0,0.0,0.0,0.0,0.0
2009-02-03,0.0,0.0,0.0,0.0,0.0,0.0,0.0,0.0,0.0,0.0,0.0,0.0,0.0,0.0,0.0,0.0,0.0
2009-02-04,0.0,0.0,0.0,0.0,0.0,0.0,0.0,0.0,0.0,0.0,0.0,0.0,0.0,0.0,0.0,0.0,0.0
2009-02-05,0.0,0.0,0.0,0.0,0.0,0.0,0.0,0.0,0.0,0.0,0.0,0.0,0.0,0.0,0.0,0.0,0.0
2009-02-06,0.0,0.0,0.0,0.0,0.0,0.0,0.0,0.0,0.0,0.0,0.0,0.0,0.0,0.0,0.0,0.0,0.0
2009-02-09,0.0,0.0,0.0,0.0,0.0,0.0,0.0,0.0,0.0,0.0,0.0,0.0,0.0,0.0,0.0,0.0,0.0
2009-02-10,0.0,0.0,0.0,0.0,0.0,0.0,0.0,0.0,0.0,0.0,0.0,0.0,0.0,0.0,0.0,0.0,0.0
2009-02-11,0.0,0.0,0.0,0.0,0.0,0.0,0.0,0.0,0.0,0.0,0.0,0.0,0.0,0.0,0.0,0.0,0.0
2009-02-12,0.0,0.0,0.0,0.0,0.0,0.0,0.0,0.0,0.0,0.0,0.0,0.0,0.0,0.0,0.0,0.0,0.0
2009-02-13,0.0,0.0,0.0,0.0,0.0,0.0,0.0,0.0,0.0,0.0,0.0,0.0,0.0,0.0,0.0,0.0,0.0
2009-02-16,0.0,0.0,0.0,0.0,0.0,0.0,0.0,0.0,0.0,0.0,0.0,0.0,0.0,0.0,0.0,0.0,0.0
2009-02-17,0.0,0.0,0.0,0.0,0.0,0.0,0.0,0.0,0.0,0.0,0.0,0.0,0.0,0.0,0.0,0.0,0.0
2009-02-18,0.0,0.0,0.0,0.0,0.0,0.0,0.0,0.0,0.0,0.0,0.0,0.0,0.0,0.0,0.0,0.0,0.0
2009-02-19,0.0,0.0,0.0,0.0,0.0,0.0,0.0,0.0,0.0,0.0,0.0,0.0,0.0,0.0,0.0,0.0,0.0
2009-02-20,0.0,0.0,0.0,0.0,0.0,0.0,0.0,0.0,0.0,0.0,0.0,0.0,0.0,0.0,0.0,0.0,0.0
2009-02-23,0.0,0.0,0.0,0.0,0.0,0.0,0.0,0.0,0.0,0.0,0.0,0.0,0.0,0.0,0.0,0.0,0.0
2009-02-24,0.0,0.0,0.0,0.0,0.0,0.0,0.0,0.0,0.0,0.0,0.0,0.0,0.0,0.0,0.0,0.0,0.0
2009-02-25,0.0,0.0,0.0,0.0,0.0,0.0,0.0,0.0,0.0,0.0,0.0,0.0,0.0,0.0,0.0,0.0,0.0
2009-02-26,0.0,0.0,0.0,0.0,0.0,0.0,0.0,0.0,0.0,0.0,0.0,0.0,0.0,0.0,0.0,0.0,0.0
2009-02-27,0.0,0.0,0.0,0.0,0.0,0.0,0.0,0.0,0.0,0.0,0.0,0.0,0.0,0.0,0.0,0.0,0.0
2009-03-02,0.0,0.0,0.0,0.0,0.0,0.0,0.0,0.0,0.0,0.0,0.0,0.0,0.0,0.0,0.0,0.0,0.0
2009-03-03,0.0,0.0,0.0,0.0,0.0,0.0,0.0,0.0,0.0,0.0,0.0,0.0,0.0,0.0,0.0,0.0,0.0
2009-03-04,0.0,0.0,0.0,0.0,0.0,0.0,0.0,0.0,0.0,0.0,0.0,0.0,0.0,0.0,0.0,0.0,0.0
2009-03-05,0.0,0.0,0.0,0.0,0.0,0.0,0.0,0.0,0.0,0.0,0.0,0.0,0.0,0.0,0.0,0.0,0.0
2009-03-06,0.0,0.0,0.0,0.0,0.0,0.0,0.0,0.0,0.0,0.0,0.0,0.0,0.0,0.0,0.0,0.0,0.0
2009-03-09,0.0,0.0,0.0,0.0,0.0,0.0,0.0,0.0,0.0,0.0,0.0,0.0,0.0,0.0,0.0,0.0,0.0
2009-03-10,0.0,0.0,0.0,0.0,0.0,0.0,0.0,0.0,0.0,0.0,0.0,0.0,0.0,0.0,0.0,0.0,0.0
2009-03-11,0.0,0.0,0.0,0.0,0.0,0.0,0.0,0.0,0.0,0.0,0.0,0.0,0.0,0.0,0.0,0.0,0.0
2009-03-12,0.0,0.0,0.0,0.0,0.0,0.0,0.0,0.0,0.0,0.0,0.0,0.0,0.0,0.0,0.0,0.0,0.0
2009-03-13,0.0,0.0,0.0,0.0,0.0,0.0,0.0,0.0,0.0,0.0,0.0,0.0,0.0,0.0,0.0,0.0,0.0
2009-03-16,0.0,0.0,0.0,0.0,0.0,0.0,0.0,0.0,0.0,0.0,0.0,0.0,0.0,0.0,0.0,0.0,0.0
2009-03-17,0.0,0.0,0.0,0.0,0.0,0.0,0.0,0.0,0.0,0.0,0.0,0.0,0.0,0.0,0.0,0.0,0.0
2009-03-18,0.0,0.0,0.0,0.0,0.0,0.0,0.0,0.0,0.0,0.0,0.0,0.0,0.0,0.0,0.0,0.0,0.0
2009-03-19,0.0,0.0,0.0,0.0,0.0,0.0,0.0,0.0,0.0,0.0,0.0,0.0,0.0,0.0,0.0,0.0,0.0
2009-03-20,0.0,0.0,0.0,0.0,0.0,0.0,0.0,0.0,0.0,0.0,0.0,0.0,0.0,0.0,0.0,0.0,0.0
2009-03-23,0.0,0.0,0.0,0.0,0.0,0.0,0.0,0.0,0.0,0.0,0.0,0.0,0.0,0.0,0.0,0.0,0.0
2009-03-24,0.0,0.0,0.0,0.0,0.0,0.0,0.0,0.0,0.0,0.0,0.0,0.0,0.0,0.0,0.0,0.0,0.0
2009-03-25,0.0,0.0,0.0,0.0,0.0,0.0,0.0,0.0,0.0,0.0,0.0,0.0,0.0,0.0,0.0,0.0,0.0
2009-03-26,0.0,0.0,0.0,0.0,0.0,0.0,0.0,0.0,0.0,0.0,0.0,0.0,0.0,0.0,0.0,0.0,0.0
2009-03-27,0.0,0.0,0.0,0.0,0.0,0.0,0.0,0.0,0.0,0.0,0.0,0.0,0.0,0.0,0.0,0.0,0.0
2009-03-30,0.0,0.0,0.0,0.0,0.0,0.0,0.0,0.0,0.0,0.0,0.0,0.0,0.0,0.0,0.0,0.0,0.0
2009-03-31,0.0,0.0,0.0,0.0,0.0,0.0,0.0,0.0,0.0,0.0,0.0,0.0,0.0,0.0,0.0,0.0,0.0
2009-04-01,0.0,0.0,0.0,0.0,0.0,0.0,0.0,0.0,0.0,0.0,0.0,0.0,0.0,0.0,0.0,0.0,0.0
2009-04-02,0.0,0.0,0.0,0.0,0.0,0.0,0.0,0.0,0.0,0.0,0.0,0.0,0.0,0.0,0.0,0.0,0.0
2009-04-03,0.0,0.0,0.0,0.0,0.0,0.0,0.0,0.0,0.0,0.0,0.0,0.0,0.0,0.0,0.0,0.0,0.0
2009-04-06,0.0,0.0,0.0,0.0,0.0,0.0,0.0,0.0,0.0,0.0,0.0,0.0,0.0,0.0,0.0,0.0,0.0
2009-04-07,0.0,0.0,0.0,0.0,0.0,0.0,0.0,0.0,0.0,0.0,0.0,0.0,0.0,0.0,0.0,0.0,0.0
2009-04-08,0.0,0.0,0.0,0.0,0.0,0.0,0.0,0.0,0.0,0.0,0.0,0.0,0.0,0.0,0.0,0.0,0.0
2009-04-09,0.0,0.0,0.0,0.0,0.0,0.0,0.0,0.0,0.0,0.0,0.0,0.0,0.0,0.0,0.0,0.0,0.0
2009-04-10,0.0,0.0,0.0,0.0,0.0,0.0,0.0,0.0,0.0,0.0,0.0,0.0,0.0,0.0,0.0,0.0,0.0
2009-04-13,0.0,0.0,0.0,0.0,0.0,0.0,0.0,0.0,0.0,0.0,0.0,0.0,0.0,0.0,0.0,0.0,0.0
2009-04-14,0.0,0.0,0.0,0.0,0.0,0.0,0.0,0.0,0.0,0.0,0.0,0.0,0.0,0.0,0.0,0.0,0.0
2009-04-15,0.0,0.0,0.0,0.0,0.0,0.0,0.0,0.0,0.0,0.0,0.0,0.0,0.0,0.0,0.0,0.0,0.0
2009-04-16,0.0,0.0,0.0,0.0,0.0,0.0,0.0,0.0,0.0,0.0,0.0,0.0,0.0,0.0,0.0,0.0,0.0
2009-04-17,0.0,0.0,0.0,0.0,0.0,0.0,0.0,0.0,0.0,0.0,0.0,0.0,0.0,0.0,0.0,0.0,0.0
2009-04-20,0.0,0.0,0.0,0.0,0.0,0.0,0.0,0.0,0.0,0.0,0.0,0.0,0.0,0.0,0.0,0.0,0.0
2009-04-21,0.0,0.0,0.0,0.0,0.0,0.0,0.0,0.0,0.0,0.0,0.0,0.0,0.0,0.0,0.0,0.0,0.0
2009-04-22,0.0,0.0,0.0,0.0,0.0,0.0,0.0,0.0,0.0,0.0,0.0,0.0,0.0,0.0,0.0,0.0,0.0
2009-04-23,0.0,0.0,0.0,0.0,0.0,0.0,0.0,0.0,0.0,0.0,0.0,0.0,0.0,0.0,0.0,0.0,0.0
2009-04-24,0.0,0.0,0.0,0.0,0.0,0.0,0.0,0.0,0.0,0.0,0.0,0.0,0.0,0.0,0.0,0.0,0.0
2009-04-27,0.0,0.0,0.0,0.0,0.0,0.0,0.0,0.0,0.0,0.0,0.0,0.0,0.0,0.0,0.0,0.0,0.0
2009-04-28,0.0,0.0,0.0,0.0,0.0,0.0,0.0,0.0,0.0,0.0,0.0,0.0,0.0,0.0,0.0,0.0,0.0
2009-04-29,0.0,0.0,0.0,0.0,0.0,0.0,0.0,0.0,0.0,0.0,0.0,0.0,0.0,0.0,0.0,0.0,0.0
2009-04-30,0.0,0.0,0.0,0.0,0.0,0.0,0.0,0.0,0.0,0.0,0.0,0.0,0.0,0.0,0.0,0.0,0.0
2009-05-04,0.0,0.0,0.0,0.0,0.0,0.0,0.0,0.0,0.0,0.0,0.0,0.0,0.0,0.0,0.0,0.0,0.0
2009-05-05,0.0,0.0,0.0,0.0,0.0,0.0,0.0,0.0,0.0,0.0,0.0,0.0,0.0,0.0,0.0,0.0,0.0
2009-05-06,0.0,0.0,0.0,0.0,0.0,0.0,0.0,0.0,0.0,0.0,0.0,0.0,0.0,0.0,0.0,0.0,0.0
2009-05-07,0.0,0.0,0.0,0.0,0.0,0.0,0.0,0.0,0.0,0.0,0.0,0.0,0.0,0.0,0.0,0.0,0.0
2009-05-08,0.0,0.0,0.0,0.0,0.0,0.0,0.0,0.0,0.0,0.0,0.0,0.0,0.0,0.0,0.0,0.0,0.0
2009-05-11,0.0,0.0,0.0,0.0,0.0,0.0,0.0,0.0,0.0,0.0,0.0,0.0,0.0,0.0,0.0,0.0,0.0
2009-05-12,0.0,0.0,0.0,0.0,0.0,0.0,0.0,0.0,0.0,0.0,0.0,0.0,0.0,0.0,0.0,0.0,0.0
2009-05-13,0.0,0.0,0.0,0.0,0.0,0.0,0.0,0.0,0.0,0.0,0.0,0.0,0.0,0.0,0.0,0.0,0.0
2009-05-14,0.0,0.0,0.0,0.0,0.0,0.0,0.0,0.0,0.0,0.0,0.0,0.0,0.0,0.0,0.0,0.0,0.0
2009-05-15,0.0,0.0,0.0,0.0,0.0,0.0,0.0,0.0,0.0,0.0,0.0,0.0,0.0,0.0,0.0,0.0,0.0
2009-05-18,0.0,0.0,0.0,0.0,0.0,0.0,0.0,0.0,0.0,0.0,0.0,0.0,0.0,0.0,0.0,0.0,0.0
2009-05-19,0.0,0.0,0.0,0.0,0.0,0.0,0.0,0.0,0.0,0.0,0.0,0.0,0.0,0.0,0.0,0.0,0.0
2009-05-20,0.0,0.0,0.0,0.0,0.0,0.0,0.0,0.0,0.0,0.0,0.0,0.0,0.0,0.0,0.0,0.0,0.0
2009-05-21,0.0,0.0,0.0,0.0,0.0,0.0,0.0,0.0,0.0,0.0,0.0,0.0,0.0,0.0,0.0,0.0,0.0
2009-05-22,0.0,0.0,0.0,0.0,0.0,0.0,0.0,0.0,0.0,0.0,0.0,0.0,0.0,0.0,0.0,0.0,0.0
2009-05-25,0.0,0.0,0.0,0.0,0.0,0.0,0.0,0.0,0.0,0.0,0.0,0.0,0.0,0.0,0.0,0.0,0.0
2009-05-26,0.0,0.0,0.0,0.0,0.0,0.0,0.0,0.0,0.0,0.0,0.0,0.0,0.0,0.0,0.0,0.0,0.0
2009-05-27,0.0,0.0,0.0,0.0,0.0,0.0,0.0,0.0,0.0,0.0,0.0,0.0,0.0,0.0,0.0,0.0,0.0
2009-06-01,0.0,0.0,0.0,0.0,0.0,0.0,0.0,0.0,0.0,0.0,0.0,0.0,0.0,0.0,0.0,0.0,0.0
2009-06-02,0.0,0.0,0.0,0.0,0.0,0.0,0.0,0.0,0.0,0.0,0.0,0.0,0.0,0.0,0.0,0.0,0.0
2009-06-03,0.0,0.0,0.0,0.0,0.0,0.0,0.0,0.0,0.0,0.0,0.0,0.0,0.0,0.0,0.0,0.0,0.0
2009-06-04,0.0,0.0,0.0,0.0,0.0,0.0,0.0,0.0,0.0,0.0,0.0,0.0,0.0,0.0,0.0,0.0,0.0
2009-06-05,0.0,0.0,0.0,0.0,0.0,0.0,0.0,0.0,0.0,0.0,0.0,0.0,0.0,0.0,0.0,0.0,0.0
2009-06-06,0.0,0.0,0.0,0.0,0.0,0.0,0.0,0.0,0.0,0.0,0.0,0.0,0.0,0.0,0.0,0.0,0.0
2009-06-08,0.0,0.0,0.0,0.0,0.0,0.0,0.0,0.0,0.0,0.0,0.0,0.0,0.0,0.0,0.0,0.0,0.0
2009-06-09,0.0,0.0,0.0,0.0,0.0,0.0,0.0,0.0,0.0,0.0,0.0,0.0,0.0,0.0,0.0,0.0,0.0
2009-06-10,0.0,0.0,0.0,0.0,0.0,0.0,0.0,0.0,0.0,0.0,0.0,0.0,0.0,0.0,0.0,0.0,0.0
2009-06-11,0.0,0.0,0.0,0.0,0.0,0.0,0.0,0.0,0.0,0.0,0.0,0.0,0.0,0.0,0.0,0.0,0.0
2009-06-12,0.0,0.0,0.0,0.0,0.0,0.0,0.0,0.0,0.0,0.0,0.0,0.0,0.0,0.0,0.0,0.0,0.0
2009-06-15,0.0,0.0,0.0,0.0,0.0,0.0,0.0,0.0,0.0,0.0,0.0,0.0,0.0,0.0,0.0,0.0,0.0
2009-06-16,0.0,0.0,0.0,0.0,0.0,0.0,0.0,0.0,0.0,0.0,0.0,0.0,0.0,0.0,0.0,0.0,0.0
2009-06-17,0.0,0.0,0.0,0.0,0.0,0.0,0.0,0.0,0.0,0.0,0.0,0.0,0.0,0.0,0.0,0.0,0.0
2009-06-18,0.0,0.0,0.0,0.0,0.0,0.0,0.0,0.0,0.0,0.0,0.0,0.0,0.0,0.0,0.0,0.0,0.0
2009-06-19,0.0,0.0,0.0,0.0,0.0,0.0,0.0,0.0,0.0,0.0,0.0,0.0,0.0,0.0,0.0,0.0,0.0
2009-06-22,0.0,0.0,0.0,0.0,0.0,0.0,0.0,0.0,0.0,0.0,0.0,0.0,0.0,0.0,0.0,0.0,0.0
2009-06-23,0.0,0.0,0.0,0.0,0.0,0.0,0.0,0.0,0.0,0.0,0.0,0.0,0.0,0.0,0.0,0.0,0.0
2009-06-24,0.0,0.0,0.0,0.0,0.0,0.0,0.0,0.0,0.0,0.0,0.0,0.0,0.0,0.0,0.0,0.0,0.0
2009-06-25,0.0,0.0,0.0,0.0,0.0,0.0,0.0,0.0,0.0,0.0,0.0,0.0,0.0,0.0,0.0,0.0,0.0
2009-06-26,0.0,0.0,0.0,0.0,0.0,0.0,0.0,0.0,0.0,0.0,0.0,0.0,0.0,0.0,0.0,0.0,0.0
2009-06-29,0.0,0.0,0.0,0.0,0.0,0.0,0.0,0.0,0.0,0.0,0.0,0.0,0.0,0.0,0.0,0.0,0.0
2009-06-30,0.0,0.0,0.0,0.0,0.0,0.0,0.0,0.0,0.0,0.0,0.0,0.0,0.0,0.0,0.0,0.0,0.0
2009-07-01,0.0,0.0,0.0,0.0,0.0,0.0,0.0,0.0,0.0,0.0,0.0,0.0,0.0,0.0,0.0,0.0,0.0
2009-07-02,0.0,0.0,0.0,0.0,0.0,0.0,0.0,0.0,0.0,0.0,0.0,0.0,0.0,0.0,0.0,0.0,0.0
2009-07-03,0.0,0.0,0.0,0.0,0.0,0.0,0.0,0.0,0.0,0.0,0.0,0.0,0.0,0.0,0.0,0.0,0.0
2009-07-06,0.0,0.0,0.0,0.0,0.0,0.0,0.0,0.0,0.0,0.0,0.0,0.0,0.0,0.0,0.0,0.0,0.0
2009-07-07,0.0,0.0,0.0,0.0,0.0,0.0,0.0,0.0,0.0,0.0,0.0,0.0,0.0,0.0,0.0,0.0,0.0
2009-07-08,0.0,0.0,0.0,0.0,0.0,0.0,0.0,0.0,0.0,0.0,0.0,0.0,0.0,0.0,0.0,0.0,0.0
2009-07-09,0.0,0.0,0.0,0.0,0.0,0.0,0.0,0.0,0.0,0.0,0.0,0.0,0.0,0.0,0.0,0.0,0.0
2009-07-10,0.0,0.0,0.0,0.0,0.0,0.0,0.0,0.0,0.0,0.0,0.0,0.0,0.0,0.0,0.0,0.0,0.0
2009-07-13,0.0,0.0,0.0,0.0,0.0,0.0,0.0,0.0,0.0,0.0,0.0,0.0,0.0,0.0,0.0,0.0,0.0
2009-07-14,0.0,0.0,0.0,0.0,0.0,0.0,0.0,0.0,0.0,0.0,0.0,0.0,0.0,0.0,0.0,0.0,0.0
2009-07-15,0.0,0.0,0.0,0.0,0.0,0.0,0.0,0.0,0.0,0.0,0.0,0.0,0.0,0.0,0.0,0.0,0.0
2009-07-16,0.0,0.0,0.0,0.0,0.0,0.0,0.0,0.0,0.0,0.0,0.0,0.0,0.0,0.0,0.0,0.0,0.0
2009-07-17,0.0,0.0,0.0,0.0,0.0,0.0,0.0,0.0,0.0,0.0,0.0,0.0,0.0,0.0,0.0,0.0,0.0
2009-07-20,0.0,0.0,0.0,0.0,0.0,0.0,0.0,0.0,0.0,0.0,0.0,0.0,0.0,0.0,0.0,0.0,0.0
2009-07-21,0.0,0.0,0.0,0.0,0.0,0.0,0.0,0.0,0.0,0.0,0.0,0.0,0.0,0.0,0.0,0.0,0.0
2009-07-22,0.0,0.0,0.0,0.0,0.0,0.0,0.0,0.0,0.0,0.0,0.0,0.0,0.0,0.0,0.0,0.0,0.0
2009-07-23,0.0,0.0,0.0,0.0,0.0,0.0,0.0,0.0,0.0,0.0,0.0,0.0,0.0,0.0,0.0,0.0,0.0
2009-07-24,0.0,0.0,0.0,0.0,0.0,0.0,0.0,0.0,0.0,0.0,0.0,0.0,0.0,0.0,0.0,0.0,0.0
2009-07-27,0.0,0.0,0.0,0.0,0.0,0.0,0.0,0.0,0.0,0.0,0.0,0.0,0.0,0.0,0.0,0.0,0.0
2009-07-28,0.0,0.0,0.0,0.0,0.0,0.0,0.0,0.0,0.0,0.0,0.0,0.0,0.0,0.0,0.0,0.0,0.0
2009-07-29,0.0,0.0,0.0,0.0,0.0,0.0,0.0,0.0,0.0,0.0,0.0,0.0,0.0,0.0,0.0,0.0,0.0
2009-07-30,0.0,0.0,0.0,0.0,0.0,0.0,0.0,0.0,0.0,0.0,0.0,0.0,0.0,0.0,0.0,0.0,0.0
2009-07-31,0.0,0.0,0.0,0.0,0.0,0.0,0.0,0.0,0.0,0.0,0.0,0.0,0.0,0.0,0.0,0.0,0.0
2009-08-03,0.0,0.0,0.0,0.0,0.0,0.0,0.0,0.0,0.0,0.0,0.0,0.0,0.0,0.0,0.0,0.0,0.0
2009-08-04,0.0,0.0,0.0,0.0,0.0,0.0,0.0,0.0,0.0,0.0,0.0,0.0,0.0,0.0,0.0,0.0,0.0
2009-08-05,0.0,0.0,0.0,0.0,0.0,0.0,0.0,0.0,0.0,0.0,0.0,0.0,0.0,0.0,0.0,0.0,0.0
2009-08-06,0.0,0.0,0.0,0.0,0.0,0.0,0.0,0.0,0.0,0.0,0.0,0.0,0.0,0.0,0.0,0.0,0.0
2009-08-10,0.0,0.0,0.0,0.0,0.0,0.0,0.0,0.0,0.0,0.0,0.0,0.0,0.0,0.0,0.0,0.0,0.0
2009-08-11,0.0,0.0,0.0,0.0,0.0,0.0,0.0,0.0,0.0,0.0,0.0,0.0,0.0,0.0,0.0,0.0,0.0
2009-08-12,0.0,0.0,0.0,0.0,0.0,0.0,0.0,0.0,0.0,0.0,0.0,0.0,0.0,0.0,0.0,0.0,0.0
2009-08-13,0.0,0.0,0.0,0.0,0.0,0.0,0.0,0.0,0.0,0.0,0.0,0.0,0.0,0.0,0.0,0.0,0.0
2009-08-14,0.0,0.0,0.0,0.0,0.0,0.0,0.0,0.0,0.0,0.0,0.0,0.0,0.0,0.0,0.0,0.0,0.0
2009-08-17,0.0,0.0,0.0,0.0,0.0,0.0,0.0,0.0,0.0,0.0,0.0,0.0,0.0,0.0,0.0,0.0,0.0
2009-08-18,0.0,0.0,0.0,0.0,0.0,0.0,0.0,0.0,0.0,0.0,0.0,0.0,0.0,0.0,0.0,0.0,0.0
2009-08-19,0.0,0.0,0.0,0.0,0.0,0.0,0.0,0.0,0.0,0.0,0.0,0.0,0.0,0.0,0.0,0.0,0.0
2009-08-20,0.0,0.0,0.0,0.0,0.0,0.0,0.0,0.0,0.0,0.0,0.0,0.0,0.0,0.0,0.0,0.0,0.0
2009-08-21,0.0,0.0,0.0,0.0,0.0,0.0,0.0,0.0,0.0,0.0,0.0,0.0,0.0,0.0,0.0,0.0,0.0
2009-08-24,0.0,0.0,0.0,0.0,0.0,0.0,0.0,0.0,0.0,0.0,0.0,0.0,0.0,0.0,0.0,0.0,0.0
2009-08-25,0.0,0.0,0.0,0.0,0.0,0.0,0.0,0.0,0.0,0.0,0.0,0.0,0.0,0.0,0.0,0.0,0.0
2009-08-26,0.0,0.0,0.0,0.0,0.0,0.0,0.0,0.0,0.0,0.0,0.0,0.0,0.0,0.0,0.0,0.0,0.0
2009-08-27,0.0,0.0,0.0,0.0,0.0,0.0,0.0,0.0,0.0,0.0,0.0,0.0,0.0,0.0,0.0,0.0,0.0
2009-08-28,0.0,0.0,0.0,0.0,0.0,0.0,0.0,0.0,0.0,0.0,0.0,0.0,0.0,0.0,0.0,0.0,0.0
2009-08-31,0.0,0.0,0.0,0.0,0.0,0.0,0.0,0.0,0.0,0.0,0.0,0.0,0.0,0.0,0.0,0.0,0.0
2009-09-01,0.0,0.0,0.0,0.0,0.0,0.0,0.0,0.0,0.0,0.0,0.0,0.0,0.0,0.0,0.0,0.0,0.0
2009-09-02,0.0,0.0,0.0,0.0,0.0,0.0,0.0,0.0,0.0,0.0,0.0,0.0,0.0,0.0,0.0,0.0,0.0
2009-09-03,0.0,0.0,0.0,0.0,0.0,0.0,0.0,0.0,0.0,0.0,0.0,0.0,0.0,0.0,0.0,0.0,0.0
2009-09-04,0.0,0.0,0.0,0.0,0.0,0.0,0.0,0.0,0.0,0.0,0.0,0.0,0.0,0.0,0.0,0.0,0.0
2009-09-07,0.0,0.0,0.0,0.0,0.0,0.0,0.0,0.0,0.0,0.0,0.0,0.0,0.0,0.0,0.0,0.0,0.0
2009-09-08,0.0,0.0,0.0,0.0,0.0,0.0,0.0,0.0,0.0,0.0,0.0,0.0,0.0,0.0,0.0,0.0,0.0
2009-09-09,0.0,0.0,0.0,0.0,0.0,0.0,0.0,0.0,0.0,0.0,0.0,0.0,0.0,0.0,0.0,0.0,0.0
2009-09-10,0.0,0.0,0.0,0.0,0.0,0.0,0.0,0.0,0.0,0.0,0.0,0.0,0.0,0.0,0.0,0.0,0.0
2009-09-11,0.0,0.0,0.0,0.0,0.0,0.0,0.0,0.0,0.0,0.0,0.0,0.0,0.0,0.0,0.0,0.0,0.0
2009-09-14,0.0,0.0,0.0,0.0,0.0,0.0,0.0,0.0,0.0,0.0,0.0,0.0,0.0,0.0,0.0,0.0,0.0
2009-09-15,0.0,0.0,0.0,0.0,0.0,0.0,0.0,0.0,0.0,0.0,0.0,0.0,0.0,0.0,0.0,0.0,0.0
2009-09-16,0.0,0.0,0.0,0.0,0.0,0.0,0.0,0.0,0.0,0.0,0.0,0.0,0.0,0.0,0.0,0.0,0.0
2009-09-17,0.0,0.0,0.0,0.0,0.0,0.0,0.0,0.0,0.0,0.0,0.0,0.0,0.0,0.0,0.0,0.0,0.0
2009-09-18,0.0,0.0,0.0,0.0,0.0,0.0,0.0,0.0,0.0,0.0,0.0,0.0,0.0,0.0,0.0,0.0,0.0
2009-09-21,0.0,0.0,0.0,0.0,0.0,0.0,0.0,0.0,0.0,0.0,0.0,0.0,0.0,0.0,0.0,0.0,0.0
2009-09-22,0.0,0.0,0.0,0.0,0.0,0.0,0.0,0.0,0.0,0.0,0.0,0.0,0.0,0.0,0.0,0.0,0.0
2009-09-23,0.0,0.0,0.0,0.0,0.0,0.0,0.0,0.0,0.0,0.0,0.0,0.0,0.0,0.0,0.0,0.0,0.0
2009-09-24,0.0,0.0,0.0,0.0,0.0,0.0,0.0,0.0,0.0,0.0,0.0,0.0,0.0,0.0,0.0,0.0,0.0
2009-09-25,0.0,0.0,0.0,0.0,0.0,0.0,0.0,0.0,0.0,0.0,0.0,0.0,0.0,0.0,0.0,0.0,0.0
2009-09-28,0.0,0.0,0.0,0.0,0.0,0.0,0.0,0.0,0.0,0.0,0.0,0.0,0.0,0.0,0.0,0.0,0.0
2009-09-29,0.0,0.0,0.0,0.0,0.0,0.0,0.0,0.0,0.0,0.0,0.0,0.0,0.0,0.0,0.0,0.0,0.0
2009-09-30,0.0,0.0,0.0,0.0,0.0,0.0,0.0,0.0,0.0,0.0,0.0,0.0,0.0,0.0,0.0,0.0,0.0
2009-10-01,0.0,0.0,0.0,0.0,0.0,0.0,0.0,0.0,0.0,0.0,0.0,0.0,0.0,0.0,0.0,0.0,0.0
2009-10-02,0.0,0.0,0.0,0.0,0.0,0.0,0.0,0.0,0.0,0.0,0.0,0.0,0.0,0.0,0.0,0.0,0.0
2009-10-05,0.0,0.0,0.0,0.0,0.0,0.0,0.0,0.0,0.0,0.0,0.0,0.0,0.0,0.0,0.0,0.0,0.0
2009-10-06,0.0,0.0,0.0,0.0,0.0,0.0,0.0,0.0,0.0,0.0,0.0,0.0,0.0,0.0,0.0,0.0,0.0
2009-10-07,0.0,0.0,0.0,0.0,0.0,0.0,0.0,0.0,0.0,0.0,0.0,0.0,0.0,0.0,0.0,0.0,0.0
2009-10-08,0.0,0.0,0.0,0.0,0.0,0.0,0.0,0.0,0.0,0.0,0.0,0.0,0.0,0.0,0.0,0.0,0.0
2009-10-09,0.0,0.0,0.0,0.0,0.0,0.0,0.0,0.0,0.0,0.0,0.0,0.0,0.0,0.0,0.0,0.0,0.0
2009-10-12,0.0,0.0,0.0,0.0,0.0,0.0,0.0,0.0,0.0,0.0,0.0,0.0,0.0,0.0,0.0,0.0,0.0
2009-10-13,0.0,0.0,0.0,0.0,0.0,0.0,0.0,0.0,0.0,0.0,0.0,0.0,0.0,0.0,0.0,0.0,0.0
2009-10-14,0.0,0.0,0.0,0.0,0.0,0.0,0.0,0.0,0.0,0.0,0.0,0.0,0.0,0.0,0.0,0.0,0.0
2009-10-15,0.0,0.0,0.0,0.0,0.0,0.0,0.0,0.0,0.0,0.0,0.0,0.0,0.0,0.0,0.0,0.0,0.0
2009-10-16,0.0,0.0,0.0,0.0,0.0,0.0,0.0,0.0,0.0,0.0,0.0,0.0,0.0,0.0,0.0,0.0,0.0
2009-10-19,0.0,0.0,0.0,0.0,0.0,0.0,0.0,0.0,0.0,0.0,0.0,0.0,0.0,0.0,0.0,0.0,0.0
2009-10-20,0.0,0.0,0.0,0.0,0.0,0.0,0.0,0.0,0.0,0.0,0.0,0.0,0.0,0.0,0.0,0.0,0.0
2009-10-21,0.0,0.0,0.0,0.0,0.0,0.0,0.0,0.0,0.0,0.0,0.0,0.0,0.0,0.0,0.0,0.0,0.0
2009-10-22,0.0,0.0,0.0,0.0,0.0,0.0,0.0,0.0,0.0,0.0,0.0,0.0,0.0,0.0,0.0,0.0,0.0
2009-10-23,0.0,0.0,0.0,0.0,0.0,0.0,0.0,0.0,0.0,0.0,0.0,0.0,0.0,0.0,0.0,0.0,0.0
2009-10-26,0.0,0.0,0.0,0.0,0.0,0.0,0.0,0.0,0.0,0.0,0.0,0.0,0.0,0.0,0.0,0.0,0.0
2009-10-27,0.0,0.0,0.0,0.0,0.0,0.0,0.0,0.0,0.0,0.0,0.0,0.0,0.0,0.0,0.0,0.0,0.0
2009-10-28,0.0,0.0,0.0,0.0,0.0,0.0,0.0,0.0,0.0,0.0,0.0,0.0,0.0,0.0,0.0,0.0,0.0
2009-10-29,0.0,0.0,0.0,0.0,0.0,0.0,0.0,0.0,0.0,0.0,0.0,0.0,0.0,0.0,0.0,0.0,0.0
2009-10-30,0.0,0.0,0.0,0.0,0.0,0.0,0.0,0.0,0.0,0.0,0.0,0.0,0.0,0.0,0.0,0.0,0.0
2009-11-02,0.0,0.0,0.0,0.0,0.0,0.0,0.0,0.0,0.0,0.0,0.0,0.0,0.0,0.0,0.0,0.0,0.0
2009-11-03,0.0,0.0,0.0,0.0,0.0,0.0,0.0,0.0,0.0,0.0,0.0,0.0,0.0,0.0,0.0,0.0,0.0
2009-11-04,0.0,0.0,0.0,0.0,0.0,0.0,0.0,0.0,0.0,0.0,0.0,0.0,0.0,0.0,0.0,0.0,0.0
2009-11-05,0.0,0.0,0.0,0.0,0.0,0.0,0.0,0.0,0.0,0.0,0.0,0.0,0.0,0.0,0.0,0.0,0.0
2009-11-06,0.0,0.0,0.0,0.0,0.0,0.0,0.0,0.0,0.0,0.0,0.0,0.0,0.0,0.0,0.0,0.0,0.0
2009-11-09,0.0,0.0,0.0,0.0,0.0,0.0,0.0,0.0,0.0,0.0,0.0,0.0,0.0,0.0,0.0,0.0,0.0
2009-11-10,0.0,0.0,0.0,0.0,0.0,0.0,0.0,0.0,0.0,0.0,0.0,0.0,0.0,0.0,0.0,0.0,0.0
2009-11-11,0.0,0.0,0.0,0.0,0.0,0.0,0.0,0.0,0.0,0.0,0.0,0.0,0.0,0.0,0.0,0.0,0.0
2009-11-12,0.0,0.0,0.0,0.0,0.0,0.0,0.0,0.0,0.0,0.0,0.0,0.0,0.0,0.0,0.0,0.0,0.0
2009-11-13,0.0,0.0,0.0,0.0,0.0,0.0,0.0,0.0,0.0,0.0,0.0,0.0,0.0,0.0,0.0,0.0,0.0
2009-11-16,0.0,0.0,0.0,0.0,0.0,0.0,0.0,0.0,0.0,0.0,0.0,0.0,0.0,0.0,0.0,0.0,0.0
2009-11-17,0.0,0.0,0.0,0.0,0.0,0.0,0.0,0.0,0.0,0.0,0.0,0.0,0.0,0.0,0.0,0.0,0.0
2009-11-18,0.0,0.0,0.0,0.0,0.0,0.0,0.0,0.0,0.0,0.0,0.0,0.0,0.0,0.0,0.0,0.0,0.0
2009-11-19,0.0,0.0,0.0,0.0,0.0,0.0,0.0,0.0,0.0,0.0,0.0,0.0,0.0,0.0,0.0,0.0,0.0
2009-11-20,0.0,0.0,0.0,0.0,0.0,0.0,0.0,0.0,0.0,0.0,0.0,0.0,0.0,0.0,0.0,0.0,0.0
2009-11-23,0.0,0.0,0.0,0.0,0.0,0.0,0.0,0.0,0.0,0.0,0.0,0.0,0.0,0.0,0.0,0.0,0.0
2009-11-24,0.0,0.0,0.0,0.0,0.0,0.0,0.0,0.0,0.0,0.0,0.0,0.0,0.0,0.0,0.0,0.0,0.0
2009-11-25,0.0,0.0,0.0,0.0,0.0,0.0,0.0,0.0,0.0,0.0,0.0,0.0,0.0,0.0,0.0,0.0,0.0
2009-11-26,0.0,0.0,0.0,0.0,0.0,0.0,0.0,0.0,0.0,0.0,0.0,0.0,0.0,0.0,0.0,0.0,0.0
2009-11-27,0.0,0.0,0.0,0.0,0.0,0.0,0.0,0.0,0.0,0.0,0.0,0.0,0.0,0.0,0.0,0.0,0.0
2009-11-30,0.0,0.0,0.0,0.0,0.0,0.0,0.0,0.0,0.0,0.0,0.0,0.0,0.0,0.0,0.0,0.0,0.0
2009-12-01,0.0,0.0,0.0,0.0,0.0,0.0,0.0,0.0,0.0,0.0,0.0,0.0,0.0,0.0,0.0,0.0,0.0
2009-12-02,0.0,0.0,0.0,0.0,0.0,0.0,0.0,0.0,0.0,0.0,0.0,0.0,0.0,0.0,0.0,0.0,0.0
2009-12-03,0.0,0.0,0.0,0.0,0.0,0.0,0.0,0.0,0.0,0.0,0.0,0.0,0.0,0.0,0.0,0.0,0.0
2009-12-04,0.0,0.0,0.0,0.0,0.0,0.0,0.0,0.0,0.0,0.0,0.0,0.0,0.0,0.0,0.0,0.0,0.0
2009-12-07,0.0,0.0,0.0,0.0,0.0,0.0,0.0,0.0,0.0,0.0,0.0,0.0,0.0,0.0,0.0,0.0,0.0
2009-12-08,0.0,0.0,0.0,0.0,0.0,0.0,0.0,0.0,0.0,0.0,0.0,0.0,0.0,0.0,0.0,0.0,0.0
2009-12-09,0.0,0.0,0.0,0.0,0.0,0.0,0.0,0.0,0.0,0.0,0.0,0.0,0.0,0.0,0.0,0.0,0.0
2009-12-10,0.0,0.0,0.0,0.0,0.0,0.0,0.0,0.0,0.0,0.0,0.0,0.0,0.0,0.0,0.0,0.0,0.0
2009-12-11,0.0,0.0,0.0,0.0,0.0,0.0,0.0,0.0,0.0,0.0,0.0,0.0,0.0,0.0,0.0,0.0,0.0
2009-12-14,0.0,0.0,0.0,0.0,0.0,0.0,0.0,0.0,0.0,0.0,0.0,0.0,0.0,0.0,0.0,0.0,0.0
2009-12-15,0.0,0.0,0.0,0.0,0.0,0.0,0.0,0.0,0.0,0.0,0.0,0.0,0.0,0.0,0.0,0.0,0.0
2009-12-16,0.0,0.0,0.0,0.0,0.0,0.0,0.0,0.0,0.0,0.0,0.0,0.0,0.0,0.0,0.0,0.0,0.0
2009-12-17,0.0,0.0,0.0,0.0,0.0,0.0,0.0,0.0,0.0,0.0,0.0,0.0,0.0,0.0,0.0,0.0,0.0
2009-12-18,0.0,0.0,0.0,0.0,0.0,0.0,0.0,0.0,0.0,0.0,0.0,0.0,0.0,0.0,0.0,0.0,0.0
2009-12-21,0.0,0.0,0.0,0.0,0.0,0.0,0.0,0.0,0.0,0.0,0.0,0.0,0.0,0.0,0.0,0.0,0.0
2009-12-22,0.0,0.0,0.0,0.0,0.0,0.0,0.0,0.0,0.0,0.0,0.0,0.0,0.0,0.0,0.0,0.0,0.0
2009-12-23,0.0,0.0,0.0,0.0,0.0,0.0,0.0,0.0,0.0,0.0,0.0,0.0,0.0,0.0,0.0,0.0,0.0
2009-12-24,0.0,0.0,0.0,0.0,0.0,0.0,0.0,0.0,0.0,0.0,0.0,0.0,0.0,0.0,0.0,0.0,0.0
2009-12-25,0.0,0.0,0.0,0.0,0.0,0.0,0.0,0.0,0.0,0.0,0.0,0.0,0.0,0.0,0.0,0.0,0.0
2009-12-28,0.0,0.0,0.0,0.0,0.0,0.0,0.0,0.0,0.0,0.0,0.0,0.0,0.0,0.0,0.0,0.0,0.0
2009-12-29,0.0,0.0,0.0,0.0,0.0,0.0,0.0,0.0,0.0,0.0,0.0,0.0,0.0,0.0,0.0,0.0,0.0
2009-12-30,0.0,0.0,0.0,0.0,0.0,0.0,0.0,0.0,0.0,0.0,0.0,0.0,0.0,0.0,0.0,0.0,0.0
2009-12-31,0.0,0.0,0.0,0.0,0.0,0.0,0.0,0.0,0.0,0.0,0.0,0.0,0.0,0.0,0.0,0.0,0.0
2010-01-04,0.0,0.0,0.0,0.0,0.0,0.0,0.0,0.0,0.0,0.0,0.0,0.0,0.0,0.0,0.0,0.0,0.0
2010-01-05,0.0,0.0,0.0,0.0,0.0,0.0,0.0,0.0,0.0,0.0,0.0,0.0,0.0,0.0,0.0,0.0,0.0
2010-01-06,0.0,0.0,0.0,0.0,0.0,0.0,0.0,0.0,0.0,0.0,0.0,0.0,0.0,0.0,0.0,0.0,0.0
2010-01-07,0.0,0.0,0.0,0.0,0.0,0.0,0.0,0.0,0.0,0.0,0.0,0.0,0.0,0.0,0.0,0.0,0.0
2010-01-08,0.0,0.0,0.0,0.0,0.0,0.0,0.0,0.0,0.0,0.0,0.0,0.0,0.0,0.0,0.0,0.0,0.0
2010-01-11,0.0,0.0,0.0,0.0,0.0,0.0,0.0,0.0,0.0,0.0,0.0,0.0,0.0,0.0,0.0,0.0,0.0
2010-01-12,0.0,0.0,0.0,0.0,0.0,0.0,0.0,0.0,0.0,0.0,0.0,0.0,0.0,0.0,0.0,0.0,0.0
2010-01-13,0.0,0.0,0.0,0.0,0.0,0.0,0.0,0.0,0.0,0.0,0.0,0.0,0.0,0.0,0.0,0.0,0.0
2010-01-14,0.0,0.0,0.0,0.0,0.0,0.0,0.0,0.0,0.0,0.0,0.0,0.0,0.0,0.0,0.0,0.0,0.0
2010-01-15,0.0,0.0,0.0,0.0,0.0,0.0,0.0,0.0,0.0,0.0,0.0,0.0,0.0,0.0,0.0,0.0,0.0
2010-01-18,0.0,0.0,0.0,0.0,0.0,0.0,0.0,0.0,0.0,0.0,0.0,0.0,0.0,0.0,0.0,0.0,0.0
2010-01-19,0.0,0.0,0.0,0.0,0.0,0.0,0.0,0.0,0.0,0.0,0.0,0.0,0.0,0.0,0.0,0.0,0.0
2010-01-20,0.0,0.0,0.0,0.0,0.0,0.0,0.0,0.0,0.0,0.0,0.0,0.0,0.0,0.0,0.0,0.0,0.0
2010-01-21,0.0,0.0,0.0,0.0,0.0,0.0,0.0,0.0,0.0,0.0,0.0,0.0,0.0,0.0,0.0,0.0,0.0
2010-01-22,0.0,0.0,0.0,0.0,0.0,0.0,0.0,0.0,0.0,0.0,0.0,0.0,0.0,0.0,0.0,0.0,0.0
2010-01-25,0.0,0.0,0.0,0.0,0.0,0.0,0.0,0.0,0.0,0.0,0.0,0.0,0.0,0.0,0.0,0.0,0.0
2010-01-26,0.0,0.0,0.0,0.0,0.0,0.0,0.0,0.0,0.0,0.0,0.0,0.0,0.0,0.0,0.0,0.0,0.0
2010-01-27,0.0,0.0,0.0,0.0,0.0,0.0,0.0,0.0,0.0,0.0,0.0,0.0,0.0,0.0,0.0,0.0,0.0
2010-01-28,0.0,0.0,0.0,0.0,0.0,0.0,0.0,0.0,0.0,0.0,0.0,0.0,0.0,0.0,0.0,0.0,0.0
2010-01-29,0.0,0.0,0.0,0.0,0.0,0.0,0.0,0.0,0.0,0.0,0.0,0.0,0.0,0.0,0.0,0.0,0.0
2010-02-01,0.0,0.0,0.0,0.0,0.0,0.0,0.0,0.0,0.0,0.0,0.0,0.0,0.0,0.0,0.0,0.0,0.0
2010-02-02,0.0,0.0,0.0,0.0,0.0,0.0,0.0,0.0,0.0,0.0,0.0,0.0,0.0,0.0,0.0,0.0,0.0
2010-02-03,0.0,0.0,0.0,0.0,0.0,0.0,0.0,0.0,0.0,0.0,0.0,0.0,0.0,0.0,0.0,0.0,0.0
2010-02-04,0.0,0.0,0.0,0.0,0.0,0.0,0.0,0.0,0.0,0.0,0.0,0.0,0.0,0.0,0.0,0.0,0.0
2010-02-05,0.0,0.0,0.0,0.0,0.0,0.0,0.0,0.0,0.0,0.0,0.0,0.0,0.0,0.0,0.0,0.0,0.0
2010-02-06,0.0,0.0,0.0,0.0,0.0,0.0,0.0,0.0,0.0,0.0,0.0,0.0,0.0,0.0,0.0,0.0,0.0
2010-02-08,0.0,0.0,0.0,0.0,0.0,0.0,0.0,0.0,0.0,0.0,0.0,0.0,0.0,0.0,0.0,0.0,0.0
2010-02-09,0.0,0.0,0.0,0.0,0.0,0.0,0.0,0.0,0.0,0.0,0.0,0.0,0.0,0.0,0.0,0.0,0.0
2010-02-10,0.0,0.0,0.0,0.0,0.0,0.0,0.0,0.0,0.0,0.0,0.0,0.0,0.0,0.0,0.0,0.0,0.0
2010-02-22,0.0,0.0,0.0,0.0,0.0,0.0,0.0,0.0,0.0,0.0,0.0,0.0,0.0,0.0,0.0,0.0,0.0
2010-02-23,0.0,0.0,0.0,0.0,0.0,0.0,0.0,0.0,0.0,0.0,0.0,0.0,0.0,0.0,0.0,0.0,0.0
2010-02-24,0.0,0.0,0.0,0.0,0.0,0.0,0.0,0.0,0.0,0.0,0.0,0.0,0.0,0.0,0.0,0.0,0.0
2010-02-25,0.0,0.0,0.0,0.0,0.0,0.0,0.0,0.0,0.0,0.0,0.0,0.0,0.0,0.0,0.0,0.0,0.0
2010-02-26,0.0,0.0,0.0,0.0,0.0,0.0,0.0,0.0,0.0,0.0,0.0,0.0,0.0,0.0,0.0,0.0,0.0
2010-03-01,0.0,0.0,0.0,0.0,0.0,0.0,0.0,0.0,0.0,0.0,0.0,0.0,0.0,0.0,0.0,0.0,0.0
2010-03-02,0.0,0.0,0.0,0.0,0.0,0.0,0.0,0.0,0.0,0.0,0.0,0.0,0.0,0.0,0.0,0.0,0.0
2010-03-03,0.0,0.0,0.0,0.0,0.0,0.0,0.0,0.0,0.0,0.0,0.0,0.0,0.0,0.0,0.0,0.0,0.0
2010-03-04,0.0,0.0,0.0,0.0,0.0,0.0,0.0,0.0,0.0,0.0,0.0,0.0,0.0,0.0,0.0,0.0,0.0
2010-03-05,0.0,0.0,0.0,0.0,0.0,0.0,0.0,0.0,0.0,0.0,0.0,0.0,0.0,0.0,0.0,0.0,0.0
2010-03-08,0.0,0.0,0.0,0.0,0.0,0.0,0.0,0.0,0.0,0.0,0.0,0.0,0.0,0.0,0.0,0.0,0.0
2010-03-09,0.0,0.0,0.0,0.0,0.0,0.0,0.0,0.0,0.0,0.0,0.0,0.0,0.0,0.0,0.0,0.0,0.0
2010-03-10,0.0,0.0,0.0,0.0,0.0,0.0,0.0,0.0,0.0,0.0,0.0,0.0,0.0,0.0,0.0,0.0,0.0
2010-03-11,0.0,0.0,0.0,0.0,0.0,0.0,0.0,0.0,0.0,0.0,0.0,0.0,0.0,0.0,0.0,0.0,0.0
2010-03-12,0.0,0.0,0.0,0.0,0.0,0.0,0.0,0.0,0.0,0.0,0.0,0.0,0.0,0.0,0.0,0.0,0.0
2010-03-15,0.0,0.0,0.0,0.0,0.0,0.0,0.0,0.0,0.0,0.0,0.0,0.0,0.0,0.0,0.0,0.0,0.0
2010-03-16,0.0,0.0,0.0,0.0,0.0,0.0,0.0,0.0,0.0,0.0,0.0,0.0,0.0,0.0,0.0,0.0,0.0
2010-03-17,0.0,0.0,0.0,0.0,0.0,0.0,0.0,0.0,0.0,0.0,0.0,0.0,0.0,0.0,0.0,0.0,0.0
2010-03-18,0.0,0.0,0.0,0.0,0.0,0.0,0.0,0.0,0.0,0.0,0.0,0.0,0.0,0.0,0.0,0.0,0.0
2010-03-19,0.0,0.0,0.0,0.0,0.0,0.0,0.0,0.0,0.0,0.0,0.0,0.0,0.0,0.0,0.0,0.0,0.0
2010-03-22,0.0,0.0,0.0,0.0,0.0,0.0,0.0,0.0,0.0,0.0,0.0,0.0,0.0,0.0,0.0,0.0,0.0
2010-03-23,0.0,0.0,0.0,0.0,0.0,0.0,0.0,0.0,0.0,0.0,0.0,0.0,0.0,0.0,0.0,0.0,0.0
2010-03-24,0.0,0.0,0.0,0.0,0.0,0.0,0.0,0.0,0.0,0.0,0.0,0.0,0.0,0.0,0.0,0.0,0.0
2010-03-25,0.0,0.0,0.0,0.0,0.0,0.0,0.0,0.0,0.0,0.0,0.0,0.0,0.0,0.0,0.0,0.0,0.0
2010-03-26,0.0,0.0,0.0,0.0,0.0,0.0,0.0,0.0,0.0,0.0,0.0,0.0,0.0,0.0,0.0,0.0,0.0
2010-03-29,0.0,0.0,0.0,0.0,0.0,0.0,0.0,0.0,0.0,0.0,0.0,0.0,0.0,0.0,0.0,0.0,0.0
2010-03-30,0.0,0.0,0.0,0.0,0.0,0.0,0.0,0.0,0.0,0.0,0.0,0.0,0.0,0.0,0.0,0.0,0.0
2010-03-31,0.0,0.0,0.0,0.0,0.0,0.0,0.0,0.0,0.0,0.0,0.0,0.0,0.0,0.0,0.0,0.0,0.0
2010-04-01,0.0,0.0,0.0,0.0,0.0,0.0,0.0,0.0,0.0,0.0,0.0,0.0,0.0,0.0,0.0,0.0,0.0
2010-04-02,0.0,0.0,0.0,0.0,0.0,0.0,0.0,0.0,0.0,0.0,0.0,0.0,0.0,0.0,0.0,0.0,0.0
2010-04-06,0.0,0.0,0.0,0.0,0.0,0.0,0.0,0.0,0.0,0.0,0.0,0.0,0.0,0.0,0.0,0.0,0.0
2010-04-07,0.0,0.0,0.0,0.0,0.0,0.0,0.0,0.0,0.0,0.0,0.0,0.0,0.0,0.0,0.0,0.0,0.0
2010-04-08,0.0,0.0,0.0,0.0,0.0,0.0,0.0,0.0,0.0,0.0,0.0,0.0,0.0,0.0,0.0,0.0,0.0
2010-04-09,0.0,0.0,0.0,0.0,0.0,0.0,0.0,0.0,0.0,0.0,0.0,0.0,0.0,0.0,0.0,0.0,0.0
2010-04-12,0.0,0.0,0.0,0.0,0.0,0.0,0.0,0.0,0.0,0.0,0.0,0.0,0.0,0.0,0.0,0.0,0.0
2010-04-13,0.0,0.0,0.0,0.0,0.0,0.0,0.0,0.0,0.0,0.0,0.0,0.0,0.0,0.0,0.0,0.0,0.0
2010-04-14,0.0,0.0,0.0,0.0,0.0,0.0,0.0,0.0,0.0,0.0,0.0,0.0,0.0,0.0,0.0,0.0,0.0
2010-04-15,0.0,0.0,0.0,0.0,0.0,0.0,0.0,0.0,0.0,0.0,0.0,0.0,0.0,0.0,0.0,0.0,0.0
2010-04-16,0.0,0.0,0.0,0.0,0.0,0.0,0.0,0.0,0.0,0.0,0.0,0.0,0.0,0.0,0.0,0.0,0.0
2010-04-19,0.0,0.0,0.0,0.0,0.0,0.0,0.0,0.0,0.0,0.0,0.0,0.0,0.0,0.0,0.0,0.0,0.0
2010-04-20,0.0,0.0,0.0,0.0,0.0,0.0,0.0,0.0,0.0,0.0,0.0,0.0,0.0,0.0,0.0,0.0,0.0
2010-04-21,0.0,0.0,0.0,0.0,0.0,0.0,0.0,0.0,0.0,0.0,0.0,0.0,0.0,0.0,0.0,0.0,0.0
2010-04-22,0.0,0.0,0.0,0.0,0.0,0.0,0.0,0.0,0.0,0.0,0.0,0.0,0.0,0.0,0.0,0.0,0.0
2010-04-23,0.0,0.0,0.0,0.0,0.0,0.0,0.0,0.0,0.0,0.0,0.0,0.0,0.0,0.0,0.0,0.0,0.0
2010-04-26,0.0,0.0,0.0,0.0,0.0,0.0,0.0,0.0,0.0,0.0,0.0,0.0,0.0,0.0,0.0,0.0,0.0
2010-04-27,0.0,0.0,0.0,0.0,0.0,0.0,0.0,0.0,0.0,0.0,0.0,0.0,0.0,0.0,0.0,0.0,0.0
2010-04-28,0.0,0.0,0.0,0.0,0.0,0.0,0.0,0.0,0.0,0.0,0.0,0.0,0.0,0.0,0.0,0.0,0.0
2010-04-29,0.0,0.0,0.0,0.0,0.0,0.0,0.0,0.0,0.0,0.0,0.0,0.0,0.0,0.0,0.0,0.0,0.0
2010-04-30,0.0,0.0,0.0,0.0,0.0,0.0,0.0,0.0,0.0,0.0,0.0,0.0,0.0,0.0,0.0,0.0,0.0
2010-05-03,0.0,0.0,0.0,0.0,0.0,0.0,0.0,0.0,0.0,0.0,0.0,0.0,0.0,0.0,0.0,0.0,0.0
2010-05-04,0.0,0.0,0.0,0.0,0.0,0.0,0.0,0.0,0.0,0.0,0.0,0.0,0.0,0.0,0.0,0.0,0.0
2010-05-05,0.0,0.0,0.0,0.0,0.0,0.0,0.0,0.0,0.0,0.0,0.0,0.0,0.0,0.0,0.0,0.0,0.0
2010-05-06,0.0,0.0,0.0,0.0,0.0,0.0,0.0,0.0,0.0,0.0,0.0,0.0,0.0,0.0,0.0,0.0,0.0
2010-05-07,0.0,0.0,0.0,0.0,0.0,0.0,0.0,0.0,0.0,0.0,0.0,0.0,0.0,0.0,0.0,0.0,0.0
2010-05-10,0.0,0.0,0.0,0.0,0.0,0.0,0.0,0.0,0.0,0.0,0.0,0.0,0.0,0.0,0.0,0.0,0.0
2010-05-11,0.0,0.0,0.0,0.0,0.0,0.0,0.0,0.0,0.0,0.0,0.0,0.0,0.0,0.0,0.0,0.0,0.0
2010-05-12,0.0,0.0,0.0,0.0,0.0,0.0,0.0,0.0,0.0,0.0,0.0,0.0,0.0,0.0,0.0,0.0,0.0
2010-05-13,0.0,0.0,0.0,0.0,0.0,0.0,0.0,0.0,0.0,0.0,0.0,0.0,0.0,0.0,0.0,0.0,0.0
2010-05-14,0.0,0.0,0.0,0.0,0.0,0.0,0.0,0.0,0.0,0.0,0.0,0.0,0.0,0.0,0.0,0.0,0.0
2010-05-17,0.0,0.0,0.0,0.0,0.0,0.0,0.0,0.0,0.0,0.0,0.0,0.0,0.0,0.0,0.0,0.0,0.0
2010-05-18,0.0,0.0,0.0,0.0,0.0,0.0,0.0,0.0,0.0,0.0,0.0,0.0,0.0,0.0,0.0,0.0,0.0
2010-05-19,0.0,0.0,0.0,0.0,0.0,0.0,0.0,0.0,0.0,0.0,0.0,0.0,0.0,0.0,0.0,0.0,0.0
2010-05-20,0.0,0.0,0.0,0.0,0.0,0.0,0.0,0.0,0.0,0.0,0.0,0.0,0.0,0.0,0.0,0.0,0.0
2010-05-21,0.0,0.0,0.0,0.0,0.0,0.0,0.0,0.0,0.0,0.0,0.0,0.0,0.0,0.0,0.0,0.0,0.0
2010-05-24,0.0,0.0,0.0,0.0,0.0,0.0,0.0,0.0,0.0,0.0,0.0,0.0,0.0,0.0,0.0,0.0,0.0
2010-05-25,0.0,0.0,0.0,0.0,0.0,0.0,0.0,0.0,0.0,0.0,0.0,0.0,0.0,0.0,0.0,0.0,0.0
2010-05-26,0.0,0.0,0.0,0.0,0.0,0.0,0.0,0.0,0.0,0.0,0.0,0.0,0.0,0.0,0.0,0.0,0.0
2010-05-27,0.0,0.0,0.0,0.0,0.0,0.0,0.0,0.0,0.0,0.0,0.0,0.0,0.0,0.0,0.0,0.0,0.0
2010-05-28,0.0,0.0,0.0,0.0,0.0,0.0,0.0,0.0,0.0,0.0,0.0,0.0,0.0,0.0,0.0,0.0,0.0
2010-05-31,0.0,0.0,0.0,0.0,0.0,0.0,0.0,0.0,0.0,0.0,0.0,0.0,0.0,0.0,0.0,0.0,0.0
2010-06-01,0.0,0.0,0.0,0.0,0.0,0.0,0.0,0.0,0.0,0.0,0.0,0.0,0.0,0.0,0.0,0.0,0.0
2010-06-02,0.0,0.0,0.0,0.0,0.0,0.0,0.0,0.0,0.0,0.0,0.0,0.0,0.0,0.0,0.0,0.0,0.0
2010-06-03,0.0,0.0,0.0,0.0,0.0,0.0,0.0,0.0,0.0,0.0,0.0,0.0,0.0,0.0,0.0,0.0,0.0
2010-06-04,0.0,0.0,0.0,0.0,0.0,0.0,0.0,0.0,0.0,0.0,0.0,0.0,0.0,0.0,0.0,0.0,0.0
2010-06-07,0.0,0.0,0.0,0.0,0.0,0.0,0.0,0.0,0.0,0.0,0.0,0.0,0.0,0.0,0.0,0.0,0.0
2010-06-08,0.0,0.0,0.0,0.0,0.0,0.0,0.0,0.0,0.0,0.0,0.0,0.0,0.0,0.0,0.0,0.0,0.0
2010-06-09,0.0,0.0,0.0,0.0,0.0,0.0,0.0,0.0,0.0,0.0,0.0,0.0,0.0,0.0,0.0,0.0,0.0
2010-06-10,0.0,0.0,0.0,0.0,0.0,0.0,0.0,0.0,0.0,0.0,0.0,0.0,0.0,0.0,0.0,0.0,0.0
2010-06-11,0.0,0.0,0.0,0.0,0.0,0.0,0.0,0.0,0.0,0.0,0.0,0.0,0.0,0.0,0.0,0.0,0.0
2010-06-14,0.0,0.0,0.0,0.0,0.0,0.0,0.0,0.0,0.0,0.0,0.0,0.0,0.0,0.0,0.0,0.0,0.0
2010-06-15,0.0,0.0,0.0,0.0,0.0,0.0,0.0,0.0,0.0,0.0,0.0,0.0,0.0,0.0,0.0,0.0,0.0
2010-06-17,0.0,0.0,0.0,0.0,0.0,0.0,0.0,0.0,0.0,0.0,0.0,0.0,0.0,0.0,0.0,0.0,0.0
2010-06-18,0.0,0.0,0.0,0.0,0.0,0.0,0.0,0.0,0.0,0.0,0.0,0.0,0.0,0.0,0.0,0.0,0.0
2010-06-21,0.0,0.0,0.0,0.0,0.0,0.0,0.0,0.0,0.0,0.0,0.0,0.0,0.0,0.0,0.0,0.0,0.0
2010-06-22,0.0,0.0,0.0,0.0,0.0,0.0,0.0,0.0,0.0,0.0,0.0,0.0,0.0,0.0,0.0,0.0,0.0
2010-06-23,0.0,0.0,0.0,0.0,0.0,0.0,0.0,0.0,0.0,0.0,0.0,0.0,0.0,0.0,0.0,0.0,0.0
2010-06-24,0.0,0.0,0.0,0.0,0.0,0.0,0.0,0.0,0.0,0.0,0.0,0.0,0.0,0.0,0.0,0.0,0.0
2010-06-25,0.0,0.0,0.0,0.0,0.0,0.0,0.0,0.0,0.0,0.0,0.0,0.0,0.0,0.0,0.0,0.0,0.0
2010-06-28,0.0,0.0,0.0,0.0,0.0,0.0,0.0,0.0,0.0,0.0,0.0,0.0,0.0,0.0,0.0,0.0,0.0
2010-06-29,0.0,0.0,0.0,0.0,0.0,0.0,0.0,0.0,0.0,0.0,0.0,0.0,0.0,0.0,0.0,0.0,0.0
2010-06-30,0.0,0.0,0.0,0.0,0.0,0.0,0.0,0.0,0.0,0.0,0.0,0.0,0.0,0.0,0.0,0.0,0.0
2010-07-01,0.0,0.0,0.0,0.0,0.0,0.0,0.0,0.0,0.0,0.0,0.0,0.0,0.0,0.0,0.0,0.0,0.0
2010-07-02,0.0,0.0,0.0,0.0,0.0,0.0,0.0,0.0,0.0,0.0,0.0,0.0,0.0,0.0,0.0,0.0,0.0
2010-07-05,0.0,0.0,0.0,0.0,0.0,0.0,0.0,0.0,0.0,0.0,0.0,0.0,0.0,0.0,0.0,0.0,0.0
2010-07-06,0.0,0.0,0.0,0.0,0.0,0.0,0.0,0.0,0.0,0.0,0.0,0.0,0.0,0.0,0.0,0.0,0.0
2010-07-07,0.0,0.0,0.0,0.0,0.0,0.0,0.0,0.0,0.0,0.0,0.0,0.0,0.0,0.0,0.0,0.0,0.0
2010-07-08,0.0,0.0,0.0,0.0,0.0,0.0,0.0,0.0,0.0,0.0,0.0,0.0,0.0,0.0,0.0,0.0,0.0
2010-07-09,0.0,0.0,0.0,0.0,0.0,0.0,0.0,0.0,0.0,0.0,0.0,0.0,0.0,0.0,0.0,0.0,0.0
2010-07-12,0.0,0.0,0.0,0.0,0.0,0.0,0.0,0.0,0.0,0.0,0.0,0.0,0.0,0.0,0.0,0.0,0.0
2010-07-13,0.0,0.0,0.0,0.0,0.0,0.0,0.0,0.0,0.0,0.0,0.0,0.0,0.0,0.0,0.0,0.0,0.0
2010-07-14,0.0,0.0,0.0,0.0,0.0,0.0,0.0,0.0,0.0,0.0,0.0,0.0,0.0,0.0,0.0,0.0,0.0
2010-07-15,0.0,0.0,0.0,0.0,0.0,0.0,0.0,0.0,0.0,0.0,0.0,0.0,0.0,0.0,0.0,0.0,0.0
2010-07-16,0.0,0.0,0.0,0.0,0.0,0.0,0.0,0.0,0.0,0.0,0.0,0.0,0.0,0.0,0.0,0.0,0.0
2010-07-19,0.0,0.0,0.0,0.0,0.0,0.0,0.0,0.0,0.0,0.0,0.0,0.0,0.0,0.0,0.0,0.0,0.0
2010-07-20,0.0,0.0,0.0,0.0,0.0,0.0,0.0,0.0,0.0,0.0,0.0,0.0,0.0,0.0,0.0,0.0,0.0
2010-07-21,0.0,0.0,0.0,0.0,0.0,0.0,0.0,0.0,0.0,0.0,0.0,0.0,0.0,0.0,0.0,0.0,0.0
2010-07-22,0.0,0.0,0.0,0.0,0.0,0.0,0.0,0.0,0.0,0.0,0.0,0.0,0.0,0.0,0.0,0.0,0.0
2010-07-23,0.0,0.0,0.0,0.0,0.0,0.0,0.0,0.0,0.0,0.0,0.0,0.0,0.0,0.0,0.0,0.0,0.0
2010-07-26,0.0,0.0,0.0,0.0,0.0,0.0,0.0,0.0,0.0,0.0,0.0,0.0,0.0,0.0,0.0,0.0,0.0
2010-07-27,0.0,0.0,0.0,0.0,0.0,0.0,0.0,0.0,0.0,0.0,0.0,0.0,0.0,0.0,0.0,0.0,0.0
2010-07-28,0.0,0.0,0.0,0.0,0.0,0.0,0.0,0.0,0.0,0.0,0.0,0.0,0.0,0.0,0.0,0.0,0.0
2010-07-29,0.0,0.0,0.0,0.0,0.0,0.0,0.0,0.0,0.0,0.0,0.0,0.0,0.0,0.0,0.0,0.0,0.0
2010-07-30,0.0,0.0,0.0,0.0,0.0,0.0,0.0,0.0,0.0,0.0,0.0,0.0,0.0,0.0,0.0,0.0,0.0
2010-08-02,0.0,0.0,0.0,0.0,0.0,0.0,0.0,0.0,0.0,0.0,0.0,0.0,0.0,0.0,0.0,0.0,0.0
2010-08-03,0.0,0.0,0.0,0.0,0.0,0.0,0.0,0.0,0.0,0.0,0.0,0.0,0.0,0.0,0.0,0.0,0.0
2010-08-04,0.0,0.0,0.0,0.0,0.0,0.0,0.0,0.0,0.0,0.0,0.0,0.0,0.0,0.0,0.0,0.0,0.0
2010-08-05,0.0,0.0,0.0,0.0,0.0,0.0,0.0,0.0,0.0,0.0,0.0,0.0,0.0,0.0,0.0,0.0,0.0
2010-08-06,0.0,0.0,0.0,0.0,0.0,0.0,0.0,0.0,0.0,0.0,0.0,0.0,0.0,0.0,0.0,0.0,0.0
2010-08-09,0.0,0.0,0.0,0.0,0.0,0.0,0.0,0.0,0.0,0.0,0.0,0.0,0.0,0.0,0.0,0.0,0.0
2010-08-10,0.0,0.0,0.0,0.0,0.0,0.0,0.0,0.0,0.0,0.0,0.0,0.0,0.0,0.0,0.0,0.0,0.0
2010-08-11,0.0,0.0,0.0,0.0,0.0,0.0,0.0,0.0,0.0,0.0,0.0,0.0,0.0,0.0,0.0,0.0,0.0
2010-08-12,0.0,0.0,0.0,0.0,0.0,0.0,0.0,0.0,0.0,0.0,0.0,0.0,0.0,0.0,0.0,0.0,0.0
2010-08-13,0.0,0.0,0.0,0.0,0.0,0.0,0.0,0.0,0.0,0.0,0.0,0.0,0.0,0.0,0.0,0.0,0.0
2010-08-16,0.0,0.0,0.0,0.0,0.0,0.0,0.0,0.0,0.0,0.0,0.0,0.0,0.0,0.0,0.0,0.0,0.0
2010-08-17,0.0,0.0,0.0,0.0,0.0,0.0,0.0,0.0,0.0,0.0,0.0,0.0,0.0,0.0,0.0,0.0,0.0
2010-08-18,0.0,0.0,0.0,0.0,0.0,0.0,0.0,0.0,0.0,0.0,0.0,0.0,0.0,0.0,0.0,0.0,0.0
2010-08-19,0.0,0.0,0.0,0.0,0.0,0.0,0.0,0.0,0.0,0.0,0.0,0.0,0.0,0.0,0.0,0.0,0.0
2010-08-20,0.0,0.0,0.0,0.0,0.0,0.0,0.0,0.0,0.0,0.0,0.0,0.0,0.0,0.0,0.0,0.0,0.0
2010-08-23,0.0,0.0,0.0,0.0,0.0,0.0,0.0,0.0,0.0,0.0,0.0,0.0,0.0,0.0,0.0,0.0,0.0
2010-08-24,0.0,0.0,0.0,0.0,0.0,0.0,0.0,0.0,0.0,0.0,0.0,0.0,0.0,0.0,0.0,0.0,0.0
2010-08-25,0.0,0.0,0.0,0.0,0.0,0.0,0.0,0.0,0.0,0.0,0.0,0.0,0.0,0.0,0.0,0.0,0.0
2010-08-26,0.0,0.0,0.0,0.0,0.0,0.0,0.0,0.0,0.0,0.0,0.0,0.0,0.0,0.0,0.0,0.0,0.0
2010-08-27,0.0,0.0,0.0,0.0,0.0,0.0,0.0,0.0,0.0,0.0,0.0,0.0,0.0,0.0,0.0,0.0,0.0
2010-08-30,0.0,0.0,0.0,0.0,0.0,0.0,0.0,0.0,0.0,0.0,0.0,0.0,0.0,0.0,0.0,0.0,0.0
2010-08-31,0.0,0.0,0.0,0.0,0.0,0.0,0.0,0.0,0.0,0.0,0.0,0.0,0.0,0.0,0.0,0.0,0.0
2010-09-01,0.0,0.0,0.0,0.0,0.0,0.0,0.0,0.0,0.0,0.0,0.0,0.0,0.0,0.0,0.0,0.0,0.0
2010-09-02,0.0,0.0,0.0,0.0,0.0,0.0,0.0,0.0,0.0,0.0,0.0,0.0,0.0,0.0,0.0,0.0,0.0
2010-09-03,0.0,0.0,0.0,0.0,0.0,0.0,0.0,0.0,0.0,0.0,0.0,0.0,0.0,0.0,0.0,0.0,0.0
2010-09-06,0.0,0.0,0.0,0.0,0.0,0.0,0.0,0.0,0.0,0.0,0.0,0.0,0.0,0.0,0.0,0.0,0.0
2010-09-07,0.0,0.0,0.0,0.0,0.0,0.0,0.0,0.0,0.0,0.0,0.0,0.0,0.0,0.0,0.0,0.0,0.0
2010-09-08,0.0,0.0,0.0,0.0,0.0,0.0,0.0,0.0,0.0,0.0,0.0,0.0,0.0,0.0,0.0,0.0,0.0
2010-09-09,0.0,0.0,0.0,0.0,0.0,0.0,0.0,0.0,0.0,0.0,0.0,0.0,0.0,0.0,0.0,0.0,0.0
2010-09-10,0.0,0.0,0.0,0.0,0.0,0.0,0.0,0.0,0.0,0.0,0.0,0.0,0.0,0.0,0.0,0.0,0.0
2010-09-13,0.0,0.0,0.0,0.0,0.0,0.0,0.0,0.0,0.0,0.0,0.0,0.0,0.0,0.0,0.0,0.0,0.0
2010-09-14,0.0,0.0,0.0,0.0,0.0,0.0,0.0,0.0,0.0,0.0,0.0,0.0,0.0,0.0,0.0,0.0,0.0
2010-09-15,0.0,0.0,0.0,0.0,0.0,0.0,0.0,0.0,0.0,0.0,0.0,0.0,0.0,0.0,0.0,0.0,0.0
2010-09-16,0.0,0.0,0.0,0.0,0.0,0.0,0.0,0.0,0.0,0.0,0.0,0.0,0.0,0.0,0.0,0.0,0.0
2010-09-17,0.0,0.0,0.0,0.0,0.0,0.0,0.0,0.0,0.0,0.0,0.0,0.0,0.0,0.0,0.0,0.0,0.0
2010-09-20,0.0,0.0,0.0,0.0,0.0,0.0,0.0,0.0,0.0,0.0,0.0,0.0,0.0,0.0,0.0,0.0,0.0
2010-09-21,0.0,0.0,0.0,0.0,0.0,0.0,0.0,0.0,0.0,0.0,0.0,0.0,0.0,0.0,0.0,0.0,0.0
2010-09-23,0.0,0.0,0.0,0.0,0.0,0.0,0.0,0.0,0.0,0.0,0.0,0.0,0.0,0.0,0.0,0.0,0.0
2010-09-24,0.0,0.0,0.0,0.0,0.0,0.0,0.0,0.0,0.0,0.0,0.0,0.0,0.0,0.0,0.0,0.0,0.0
2010-09-27,0.0,0.0,0.0,0.0,0.0,0.0,0.0,0.0,0.0,0.0,0.0,0.0,0.0,0.0,0.0,0.0,0.0
2010-09-28,0.0,0.0,0.0,0.0,0.0,0.0,0.0,0.0,0.0,0.0,0.0,0.0,0.0,0.0,0.0,0.0,0.0
2010-09-29,0.0,0.0,0.0,0.0,0.0,0.0,0.0,0.0,0.0,0.0,0.0,0.0,0.0,0.0,0.0,0.0,0.0
2010-09-30,0.0,0.0,0.0,0.0,0.0,0.0,0.0,0.0,0.0,0.0,0.0,0.0,0.0,0.0,0.0,0.0,0.0
2010-10-01,0.0,0.0,0.0,0.0,0.0,0.0,0.0,0.0,0.0,0.0,0.0,0.0,0.0,0.0,0.0,0.0,0.0
2010-10-04,0.0,0.0,0.0,0.0,0.0,0.0,0.0,0.0,0.0,0.0,0.0,0.0,0.0,0.0,0.0,0.0,0.0
2010-10-05,0.0,0.0,0.0,0.0,0.0,0.0,0.0,0.0,0.0,0.0,0.0,0.0,0.0,0.0,0.0,0.0,0.0
2010-10-06,0.0,0.0,0.0,0.0,0.0,0.0,0.0,0.0,0.0,0.0,0.0,0.0,0.0,0.0,0.0,0.0,0.0
2010-10-07,0.0,0.0,0.0,0.0,0.0,0.0,0.0,0.0,0.0,0.0,0.0,0.0,0.0,0.0,0.0,0.0,0.0
2010-10-08,0.0,0.0,0.0,0.0,0.0,0.0,0.0,0.0,0.0,0.0,0.0,0.0,0.0,0.0,0.0,0.0,0.0
2010-10-11,0.0,0.0,0.0,0.0,0.0,0.0,0.0,0.0,0.0,0.0,0.0,0.0,0.0,0.0,0.0,0.0,0.0
2010-10-12,0.0,0.0,0.0,0.0,0.0,0.0,0.0,0.0,0.0,0.0,0.0,0.0,0.0,0.0,0.0,0.0,0.0
2010-10-13,0.0,0.0,0.0,0.0,0.0,0.0,0.0,0.0,0.0,0.0,0.0,0.0,0.0,0.0,0.0,0.0,0.0
2010-10-14,0.0,0.0,0.0,0.0,0.0,0.0,0.0,0.0,0.0,0.0,0.0,0.0,0.0,0.0,0.0,0.0,0.0
2010-10-15,0.0,0.0,0.0,0.0,0.0,0.0,0.0,0.0,0.0,0.0,0.0,0.0,0.0,0.0,0.0,0.0,0.0
2010-10-18,0.0,0.0,0.0,0.0,0.0,0.0,0.0,0.0,0.0,0.0,0.0,0.0,0.0,0.0,0.0,0.0,0.0
2010-10-19,0.0,0.0,0.0,0.0,0.0,0.0,0.0,0.0,0.0,0.0,0.0,0.0,0.0,0.0,0.0,0.0,0.0
2010-10-20,0.0,0.0,0.0,0.0,0.0,0.0,0.0,0.0,0.0,0.0,0.0,0.0,0.0,0.0,0.0,0.0,0.0
2010-10-21,0.0,0.0,0.0,0.0,0.0,0.0,0.0,0.0,0.0,0.0,0.0,0.0,0.0,0.0,0.0,0.0,0.0
2010-10-22,0.0,0.0,0.0,0.0,0.0,0.0,0.0,0.0,0.0,0.0,0.0,0.0,0.0,0.0,0.0,0.0,0.0
2010-10-25,0.0,0.0,0.0,0.0,0.0,0.0,0.0,0.0,0.0,0.0,0.0,0.0,0.0,0.0,0.0,0.0,0.0
2010-10-26,0.0,0.0,0.0,0.0,0.0,0.0,0.0,0.0,0.0,0.0,0.0,0.0,0.0,0.0,0.0,0.0,0.0
2010-10-27,0.0,0.0,0.0,0.0,0.0,0.0,0.0,0.0,0.0,0.0,0.0,0.0,0.0,0.0,0.0,0.0,0.0
2010-10-28,0.0,0.0,0.0,0.0,0.0,0.0,0.0,0.0,0.0,0.0,0.0,0.0,0.0,0.0,0.0,0.0,0.0
2010-10-29,0.0,0.0,0.0,0.0,0.0,0.0,0.0,0.0,0.0,0.0,0.0,0.0,0.0,0.0,0.0,0.0,0.0
2010-11-01,0.0,0.0,0.0,0.0,0.0,0.0,0.0,0.0,0.0,0.0,0.0,0.0,0.0,0.0,0.0,0.0,0.0
2010-11-02,0.0,0.0,0.0,0.0,0.0,0.0,0.0,0.0,0.0,0.0,0.0,0.0,0.0,0.0,0.0,0.0,0.0
2010-11-03,0.0,0.0,0.0,0.0,0.0,0.0,0.0,0.0,0.0,0.0,0.0,0.0,0.0,0.0,0.0,0.0,0.0
2010-11-04,0.0,0.0,0.0,0.0,0.0,0.0,0.0,0.0,0.0,0.0,0.0,0.0,0.0,0.0,0.0,0.0,0.0
2010-11-05,0.0,0.0,0.0,0.0,0.0,0.0,0.0,0.0,0.0,0.0,0.0,0.0,0.0,0.0,0.0,0.0,0.0
2010-11-08,0.0,0.0,0.0,0.0,0.0,0.0,0.0,0.0,0.0,0.0,0.0,0.0,0.0,0.0,0.0,0.0,0.0
2010-11-09,0.0,0.0,0.0,0.0,0.0,0.0,0.0,0.0,0.0,0.0,0.0,0.0,0.0,0.0,0.0,0.0,0.0
2010-11-10,0.0,0.0,0.0,0.0,0.0,0.0,0.0,0.0,0.0,0.0,0.0,0.0,0.0,0.0,0.0,0.0,0.0
2010-11-11,0.0,0.0,0.0,0.0,0.0,0.0,0.0,0.0,0.0,0.0,0.0,0.0,0.0,0.0,0.0,0.0,0.0
2010-11-12,0.0,0.0,0.0,0.0,0.0,0.0,0.0,0.0,0.0,0.0,0.0,0.0,0.0,0.0,0.0,0.0,0.0
2010-11-15,0.0,0.0,0.0,0.0,0.0,0.0,0.0,0.0,0.0,0.0,0.0,0.0,0.0,0.0,0.0,0.0,0.0
2010-11-16,0.0,0.0,0.0,0.0,0.0,0.0,0.0,0.0,0.0,0.0,0.0,0.0,0.0,0.0,0.0,0.0,0.0
2010-11-17,0.0,0.0,0.0,0.0,0.0,0.0,0.0,0.0,0.0,0.0,0.0,0.0,0.0,0.0,0.0,0.0,0.0
2010-11-18,0.0,0.0,0.0,0.0,0.0,0.0,0.0,0.0,0.0,0.0,0.0,0.0,0.0,0.0,0.0,0.0,0.0
2010-11-19,0.0,0.0,0.0,0.0,0.0,0.0,0.0,0.0,0.0,0.0,0.0,0.0,0.0,0.0,0.0,0.0,0.0
2010-11-22,0.0,0.0,0.0,0.0,0.0,0.0,0.0,0.0,0.0,0.0,0.0,0.0,0.0,0.0,0.0,0.0,0.0
2010-11-23,0.0,0.0,0.0,0.0,0.0,0.0,0.0,0.0,0.0,0.0,0.0,0.0,0.0,0.0,0.0,0.0,0.0
2010-11-24,0.0,0.0,0.0,0.0,0.0,0.0,0.0,0.0,0.0,0.0,0.0,0.0,0.0,0.0,0.0,0.0,0.0
2010-11-25,0.0,0.0,0.0,0.0,0.0,0.0,0.0,0.0,0.0,0.0,0.0,0.0,0.0,0.0,0.0,0.0,0.0
2010-11-26,0.0,0.0,0.0,0.0,0.0,0.0,0.0,0.0,0.0,0.0,0.0,0.0,0.0,0.0,0.0,0.0,0.0
2010-11-29,0.0,0.0,0.0,0.0,0.0,0.0,0.0,0.0,0.0,0.0,0.0,0.0,0.0,0.0,0.0,0.0,0.0
2010-11-30,0.0,0.0,0.0,0.0,0.0,0.0,0.0,0.0,0.0,0.0,0.0,0.0,0.0,0.0,0.0,0.0,0.0
2010-12-01,0.0,0.0,0.0,0.0,0.0,0.0,0.0,0.0,0.0,0.0,0.0,0.0,0.0,0.0,0.0,0.0,0.0
2010-12-02,0.0,0.0,0.0,0.0,0.0,0.0,0.0,0.0,0.0,0.0,0.0,0.0,0.0,0.0,0.0,0.0,0.0
2010-12-03,0.0,0.0,0.0,0.0,0.0,0.0,0.0,0.0,0.0,0.0,0.0,0.0,0.0,0.0,0.0,0.0,0.0
2010-12-06,0.0,0.0,0.0,0.0,0.0,0.0,0.0,0.0,0.0,0.0,0.0,0.0,0.0,0.0,0.0,0.0,0.0
2010-12-07,0.0,0.0,0.0,0.0,0.0,0.0,0.0,0.0,0.0,0.0,0.0,0.0,0.0,0.0,0.0,0.0,0.0
2010-12-08,0.0,0.0,0.0,0.0,0.0,0.0,0.0,0.0,0.0,0.0,0.0,0.0,0.0,0.0,0.0,0.0,0.0
2010-12-09,0.0,0.0,0.0,0.0,0.0,0.0,0.0,0.0,0.0,0.0,0.0,0.0,0.0,0.0,0.0,0.0,0.0
2010-12-10,0.0,0.0,0.0,0.0,0.0,0.0,0.0,0.0,0.0,0.0,0.0,0.0,0.0,0.0,0.0,0.0,0.0
2010-12-13,0.0,0.0,0.0,0.0,0.0,0.0,0.0,0.0,0.0,0.0,0.0,0.0,0.0,0.0,0.0,0.0,0.0
2010-12-14,0.0,0.0,0.0,0.0,0.0,0.0,0.0,0.0,0.0,0.0,0.0,0.0,0.0,0.0,0.0,0.0,0.0
2010-12-15,0.0,0.0,0.0,0.0,0.0,0.0,0.0,0.0,0.0,0.0,0.0,0.0,0.0,0.0,0.0,0.0,0.0
2010-12-16,0.0,0.0,0.0,0.0,0.0,0.0,0.0,0.0,0.0,0.0,0.0,0.0,0.0,0.0,0.0,0.0,0.0
2010-12-17,0.0,0.0,0.0,0.0,0.0,0.0,0.0,0.0,0.0,0.0,0.0,0.0,0.0,0.0,0.0,0.0,0.0
2010-12-20,0.0,0.0,0.0,0.0,0.0,0.0,0.0,0.0,0.0,0.0,0.0,0.0,0.0,0.0,0.0,0.0,0.0
2010-12-21,0.0,0.0,0.0,0.0,0.0,0.0,0.0,0.0,0.0,0.0,0.0,0.0,0.0,0.0,0.0,0.0,0.0
2010-12-22,0.0,0.0,0.0,0.0,0.0,0.0,0.0,0.0,0.0,0.0,0.0,0.0,0.0,0.0,0.0,0.0,0.0
2010-12-23,0.0,0.0,0.0,0.0,0.0,0.0,0.0,0.0,0.0,0.0,0.0,0.0,0.0,0.0,0.0,0.0,0.0
2010-12-24,0.0,0.0,0.0,0.0,0.0,0.0,0.0,0.0,0.0,0.0,0.0,0.0,0.0,0.0,0.0,0.0,0.0
2010-12-27,0.0,0.0,0.0,0.0,0.0,0.0,0.0,0.0,0.0,0.0,0.0,0.0,0.0,0.0,0.0,0.0,0.0
2010-12-28,0.0,0.0,0.0,0.0,0.0,0.0,0.0,0.0,0.0,0.0,0.0,0.0,0.0,0.0,0.0,0.0,0.0
2010-12-29,0.0,0.0,0.0,0.0,0.0,0.0,0.0,0.0,0.0,0.0,0.0,0.0,0.0,0.0,0.0,0.0,0.0
2010-12-30,0.0,0.0,0.0,0.0,0.0,0.0,0.0,0.0,0.0,0.0,0.0,0.0,0.0,0.0,0.0,0.0,0.0
2010-12-31,0.0,0.0,0.0,0.0,0.0,0.0,0.0,0.0,0.0,0.0,0.0,0.0,0.0,0.0,0.0,0.0,0.0
2011-01-03,0.0,0.0,0.0,0.0,0.0,0.0,0.0,0.0,0.0,0.0,0.0,0.0,0.0,0.0,0.0,0.0,0.0
2011-01-04,0.0,0.0,0.0,0.0,0.0,0.0,0.0,0.0,0.0,0.0,0.0,0.0,0.0,0.0,0.0,0.0,0.0
2011-01-05,0.0,0.0,0.0,0.0,0.0,0.0,0.0,0.0,0.0,0.0,0.0,0.0,0.0,0.0,0.0,0.0,0.0
2011-01-06,0.0,0.0,0.0,0.0,0.0,0.0,0.0,0.0,0.0,0.0,0.0,0.0,0.0,0.0,0.0,0.0,0.0
2011-01-07,0.0,0.0,0.0,0.0,0.0,0.0,0.0,0.0,0.0,0.0,0.0,0.0,0.0,0.0,0.0,0.0,0.0
2011-01-10,0.0,0.0,0.0,0.0,0.0,0.0,0.0,0.0,0.0,0.0,0.0,0.0,0.0,0.0,0.0,0.0,0.0
2011-01-11,0.0,0.0,0.0,0.0,0.0,0.0,0.0,0.0,0.0,0.0,0.0,0.0,0.0,0.0,0.0,0.0,0.0
2011-01-12,0.0,0.0,0.0,0.0,0.0,0.0,0.0,0.0,0.0,0.0,0.0,0.0,0.0,0.0,0.0,0.0,0.0
2011-01-13,0.0,0.0,0.0,0.0,0.0,0.0,0.0,0.0,0.0,0.0,0.0,0.0,0.0,0.0,0.0,0.0,0.0
2011-01-14,0.0,0.0,0.0,0.0,0.0,0.0,0.0,0.0,0.0,0.0,0.0,0.0,0.0,0.0,0.0,0.0,0.0
2011-01-17,0.0,0.0,0.0,0.0,0.0,0.0,0.0,0.0,0.0,0.0,0.0,0.0,0.0,0.0,0.0,0.0,0.0
2011-01-18,0.0,0.0,0.0,0.0,0.0,0.0,0.0,0.0,0.0,0.0,0.0,0.0,0.0,0.0,0.0,0.0,0.0
2011-01-19,0.0,0.0,0.0,0.0,0.0,0.0,0.0,0.0,0.0,0.0,0.0,0.0,0.0,0.0,0.0,0.0,0.0
2011-01-20,0.0,0.0,0.0,0.0,0.0,0.0,0.0,0.0,0.0,0.0,0.0,0.0,0.0,0.0,0.0,0.0,0.0
2011-01-21,0.0,0.0,0.0,0.0,0.0,0.0,0.0,0.0,0.0,0.0,0.0,0.0,0.0,0.0,0.0,0.0,0.0
2011-01-24,0.0,0.0,0.0,0.0,0.0,0.0,0.0,0.0,0.0,0.0,0.0,0.0,0.0,0.0,0.0,0.0,0.0
2011-01-25,0.0,0.0,0.0,0.0,0.0,0.0,0.0,0.0,0.0,0.0,0.0,0.0,0.0,0.0,0.0,0.0,0.0
2011-01-26,0.0,0.0,0.0,0.0,0.0,0.0,0.0,0.0,0.0,0.0,0.0,0.0,0.0,0.0,0.0,0.0,0.0
2011-01-27,0.0,0.0,0.0,0.0,0.0,0.0,0.0,0.0,0.0,0.0,0.0,0.0,0.0,0.0,0.0,0.0,0.0
2011-01-28,0.0,0.0,0.0,0.0,0.0,0.0,0.0,0.0,0.0,0.0,0.0,0.0,0.0,0.0,0.0,0.0,0.0
2011-02-08,0.0,0.0,0.0,0.0,0.0,0.0,0.0,0.0,0.0,0.0,0.0,0.0,0.0,0.0,0.0,0.0,0.0
2011-02-09,0.0,0.0,0.0,0.0,0.0,0.0,0.0,0.0,0.0,0.0,0.0,0.0,0.0,0.0,0.0,0.0,0.0
2011-02-10,0.0,0.0,0.0,0.0,0.0,0.0,0.0,0.0,0.0,0.0,0.0,0.0,0.0,0.0,0.0,0.0,0.0
2011-02-11,0.0,0.0,0.0,0.0,0.0,0.0,0.0,0.0,0.0,0.0,0.0,0.0,0.0,0.0,0.0,0.0,0.0
2011-02-14,0.0,0.0,0.0,0.0,0.0,0.0,0.0,0.0,0.0,0.0,0.0,0.0,0.0,0.0,0.0,0.0,0.0
2011-02-15,0.0,0.0,0.0,0.0,0.0,0.0,0.0,0.0,0.0,0.0,0.0,0.0,0.0,0.0,0.0,0.0,0.0
2011-02-16,0.0,0.0,0.0,0.0,0.0,0.0,0.0,0.0,0.0,0.0,0.0,0.0,0.0,0.0,0.0,0.0,0.0
2011-02-17,0.0,0.0,0.0,0.0,0.0,0.0,0.0,0.0,0.0,0.0,0.0,0.0,0.0,0.0,0.0,0.0,0.0
2011-02-18,0.0,0.0,0.0,0.0,0.0,0.0,0.0,0.0,0.0,0.0,0.0,0.0,0.0,0.0,0.0,0.0,0.0
2011-02-21,0.0,0.0,0.0,0.0,0.0,0.0,0.0,0.0,0.0,0.0,0.0,0.0,0.0,0.0,0.0,0.0,0.0
2011-02-22,0.0,0.0,0.0,0.0,0.0,0.0,0.0,0.0,0.0,0.0,0.0,0.0,0.0,0.0,0.0,0.0,0.0
2011-02-23,0.0,0.0,0.0,0.0,0.0,0.0,0.0,0.0,0.0,0.0,0.0,0.0,0.0,0.0,0.0,0.0,0.0
2011-02-24,0.0,0.0,0.0,0.0,0.0,0.0,0.0,0.0,0.0,0.0,0.0,0.0,0.0,0.0,0.0,0.0,0.0
2011-02-25,0.0,0.0,0.0,0.0,0.0,0.0,0.0,0.0,0.0,0.0,0.0,0.0,0.0,0.0,0.0,0.0,0.0
2011-03-01,0.0,0.0,0.0,0.0,0.0,0.0,0.0,0.0,0.0,0.0,0.0,0.0,0.0,0.0,0.0,0.0,0.0
2011-03-02,0.0,0.0,0.0,0.0,0.0,0.0,0.0,0.0,0.0,0.0,0.0,0.0,0.0,0.0,0.0,0.0,0.0
2011-03-03,0.0,0.0,0.0,0.0,0.0,0.0,0.0,0.0,0.0,0.0,0.0,0.0,0.0,0.0,0.0,0.0,0.0
2011-03-04,0.0,0.0,0.0,0.0,0.0,0.0,0.0,0.0,0.0,0.0,0.0,0.0,0.0,0.0,0.0,0.0,0.0
2011-03-07,0.0,0.0,0.0,0.0,0.0,0.0,0.0,0.0,0.0,0.0,0.0,0.0,0.0,0.0,0.0,0.0,0.0
2011-03-08,0.0,0.0,0.0,0.0,0.0,0.0,0.0,0.0,0.0,0.0,0.0,0.0,0.0,0.0,0.0,0.0,0.0
2011-03-09,0.0,0.0,0.0,0.0,0.0,0.0,0.0,0.0,0.0,0.0,0.0,0.0,0.0,0.0,0.0,0.0,0.0
2011-03-10,0.0,0.0,0.0,0.0,0.0,0.0,0.0,0.0,0.0,0.0,0.0,0.0,0.0,0.0,0.0,0.0,0.0
2011-03-11,0.0,0.0,0.0,0.0,0.0,0.0,0.0,0.0,0.0,0.0,0.0,0.0,0.0,0.0,0.0,0.0,0.0
2011-03-14,0.0,0.0,0.0,0.0,0.0,0.0,0.0,0.0,0.0,0.0,0.0,0.0,0.0,0.0,0.0,0.0,0.0
2011-03-15,0.0,0.0,0.0,0.0,0.0,0.0,0.0,0.0,0.0,0.0,0.0,0.0,0.0,0.0,0.0,0.0,0.0
2011-03-16,0.0,0.0,0.0,0.0,0.0,0.0,0.0,0.0,0.0,0.0,0.0,0.0,0.0,0.0,0.0,0.0,0.0
2011-03-17,0.0,0.0,0.0,0.0,0.0,0.0,0.0,0.0,0.0,0.0,0.0,0.0,0.0,0.0,0.0,0.0,0.0
2011-03-18,0.0,0.0,0.0,0.0,0.0,0.0,0.0,0.0,0.0,0.0,0.0,0.0,0.0,0.0,0.0,0.0,0.0
2011-03-21,0.0,0.0,0.0,0.0,0.0,0.0,0.0,0.0,0.0,0.0,0.0,0.0,0.0,0.0,0.0,0.0,0.0
2011-03-22,0.0,0.0,0.0,0.0,0.0,0.0,0.0,0.0,0.0,0.0,0.0,0.0,0.0,0.0,0.0,0.0,0.0
2011-03-23,0.0,0.0,0.0,0.0,0.0,0.0,0.0,0.0,0.0,0.0,0.0,0.0,0.0,0.0,0.0,0.0,0.0
2011-03-24,0.0,0.0,0.0,0.0,0.0,0.0,0.0,0.0,0.0,0.0,0.0,0.0,0.0,0.0,0.0,0.0,0.0
2011-03-25,0.0,0.0,0.0,0.0,0.0,0.0,0.0,0.0,0.0,0.0,0.0,0.0,0.0,0.0,0.0,0.0,0.0
2011-03-28,0.0,0.0,0.0,0.0,0.0,0.0,0.0,0.0,0.0,0.0,0.0,0.0,0.0,0.0,0.0,0.0,0.0
2011-03-29,0.0,0.0,0.0,0.0,0.0,0.0,0.0,0.0,0.0,0.0,0.0,0.0,0.0,0.0,0.0,0.0,0.0
2011-03-30,0.0,0.0,0.0,0.0,0.0,0.0,0.0,0.0,0.0,0.0,0.0,0.0,0.0,0.0,0.0,0.0,0.0
2011-03-31,0.0,0.0,0.0,0.0,0.0,0.0,0.0,0.0,0.0,0.0,0.0,0.0,0.0,0.0,0.0,0.0,0.0
2011-04-01,0.0,0.0,0.0,0.0,0.0,0.0,0.0,0.0,0.0,0.0,0.0,0.0,0.0,0.0,0.0,0.0,0.0
2011-04-06,0.0,0.0,0.0,0.0,0.0,0.0,0.0,0.0,0.0,0.0,0.0,0.0,0.0,0.0,0.0,0.0,0.0
2011-04-07,0.0,0.0,0.0,0.0,0.0,0.0,0.0,0.0,0.0,0.0,0.0,0.0,0.0,0.0,0.0,0.0,0.0
2011-04-08,0.0,0.0,0.0,0.0,0.0,0.0,0.0,0.0,0.0,0.0,0.0,0.0,0.0,0.0,0.0,0.0,0.0
2011-04-11,0.0,0.0,0.0,0.0,0.0,0.0,0.0,0.0,0.0,0.0,0.0,0.0,0.0,0.0,0.0,0.0,0.0
2011-04-12,0.0,0.0,0.0,0.0,0.0,0.0,0.0,0.0,0.0,0.0,0.0,0.0,0.0,0.0,0.0,0.0,0.0
2011-04-13,0.0,0.0,0.0,0.0,0.0,0.0,0.0,0.0,0.0,0.0,0.0,0.0,0.0,0.0,0.0,0.0,0.0
2011-04-14,0.0,0.0,0.0,0.0,0.0,0.0,0.0,0.0,0.0,0.0,0.0,0.0,0.0,0.0,0.0,0.0,0.0
2011-04-15,0.0,0.0,0.0,0.0,0.0,0.0,0.0,0.0,0.0,0.0,0.0,0.0,0.0,0.0,0.0,0.0,0.0
2011-04-18,0.0,0.0,0.0,0.0,0.0,0.0,0.0,0.0,0.0,0.0,0.0,0.0,0.0,0.0,0.0,0.0,0.0
2011-04-19,0.0,0.0,0.0,0.0,0.0,0.0,0.0,0.0,0.0,0.0,0.0,0.0,0.0,0.0,0.0,0.0,0.0
2011-04-20,0.0,0.0,0.0,0.0,0.0,0.0,0.0,0.0,0.0,0.0,0.0,0.0,0.0,0.0,0.0,0.0,0.0
2011-04-21,0.0,0.0,0.0,0.0,0.0,0.0,0.0,0.0,0.0,0.0,0.0,0.0,0.0,0.0,0.0,0.0,0.0
2011-04-22,0.0,0.0,0.0,0.0,0.0,0.0,0.0,0.0,0.0,0.0,0.0,0.0,0.0,0.0,0.0,0.0,0.0
2011-04-25,0.0,0.0,0.0,0.0,0.0,0.0,0.0,0.0,0.0,0.0,0.0,0.0,0.0,0.0,0.0,0.0,0.0
2011-04-26,0.0,0.0,0.0,0.0,0.0,0.0,0.0,0.0,0.0,0.0,0.0,0.0,0.0,0.0,0.0,0.0,0.0
2011-04-27,0.0,0.0,0.0,0.0,0.0,0.0,0.0,0.0,0.0,0.0,0.0,0.0,0.0,0.0,0.0,0.0,0.0
2011-04-28,0.0,0.0,0.0,0.0,0.0,0.0,0.0,0.0,0.0,0.0,0.0,0.0,0.0,0.0,0.0,0.0,0.0
2011-04-29,0.0,0.0,0.0,0.0,0.0,0.0,0.0,0.0,0.0,0.0,0.0,0.0,0.0,0.0,0.0,0.0,0.0
2011-05-03,0.0,0.0,0.0,0.0,0.0,0.0,0.0,0.0,0.0,0.0,0.0,0.0,0.0,0.0,0.0,0.0,0.0
2011-05-04,0.0,0.0,0.0,0.0,0.0,0.0,0.0,0.0,0.0,0.0,0.0,0.0,0.0,0.0,0.0,0.0,0.0
2011-05-05,0.0,0.0,0.0,0.0,0.0,0.0,0.0,0.0,0.0,0.0,0.0,0.0,0.0,0.0,0.0,0.0,0.0
2011-05-06,0.0,0.0,0.0,0.0,0.0,0.0,0.0,0.0,0.0,0.0,0.0,0.0,0.0,0.0,0.0,0.0,0.0
2011-05-09,0.0,0.0,0.0,0.0,0.0,0.0,0.0,0.0,0.0,0.0,0.0,0.0,0.0,0.0,0.0,0.0,0.0
2011-05-10,0.0,0.0,0.0,0.0,0.0,0.0,0.0,0.0,0.0,0.0,0.0,0.0,0.0,0.0,0.0,0.0,0.0
2011-05-11,0.0,0.0,0.0,0.0,0.0,0.0,0.0,0.0,0.0,0.0,0.0,0.0,0.0,0.0,0.0,0.0,0.0
2011-05-12,0.0,0.0,0.0,0.0,0.0,0.0,0.0,0.0,0.0,0.0,0.0,0.0,0.0,0.0,0.0,0.0,0.0
2011-05-13,0.0,0.0,0.0,0.0,0.0,0.0,0.0,0.0,0.0,0.0,0.0,0.0,0.0,0.0,0.0,0.0,0.0
2011-05-16,0.0,0.0,0.0,0.0,0.0,0.0,0.0,0.0,0.0,0.0,0.0,0.0,0.0,0.0,0.0,0.0,0.0
2011-05-17,0.0,0.0,0.0,0.0,0.0,0.0,0.0,0.0,0.0,0.0,0.0,0.0,0.0,0.0,0.0,0.0,0.0
2011-05-18,0.0,0.0,0.0,0.0,0.0,0.0,0.0,0.0,0.0,0.0,0.0,0.0,0.0,0.0,0.0,0.0,0.0
2011-05-19,0.0,0.0,0.0,0.0,0.0,0.0,0.0,0.0,0.0,0.0,0.0,0.0,0.0,0.0,0.0,0.0,0.0
2011-05-20,0.0,0.0,0.0,0.0,0.0,0.0,0.0,0.0,0.0,0.0,0.0,0.0,0.0,0.0,0.0,0.0,0.0
2011-05-23,0.0,0.0,0.0,0.0,0.0,0.0,0.0,0.0,0.0,0.0,0.0,0.0,0.0,0.0,0.0,0.0,0.0
2011-05-24,0.0,0.0,0.0,0.0,0.0,0.0,0.0,0.0,0.0,0.0,0.0,0.0,0.0,0.0,0.0,0.0,0.0
2011-05-25,0.0,0.0,0.0,0.0,0.0,0.0,0.0,0.0,0.0,0.0,0.0,0.0,0.0,0.0,0.0,0.0,0.0
2011-05-26,0.0,0.0,0.0,0.0,0.0,0.0,0.0,0.0,0.0,0.0,0.0,0.0,0.0,0.0,0.0,0.0,0.0
2011-05-27,0.0,0.0,0.0,0.0,0.0,0.0,0.0,0.0,0.0,0.0,0.0,0.0,0.0,0.0,0.0,0.0,0.0
2011-05-30,0.0,0.0,0.0,0.0,0.0,0.0,0.0,0.0,0.0,0.0,0.0,0.0,0.0,0.0,0.0,0.0,0.0
2011-05-31,0.0,0.0,0.0,0.0,0.0,0.0,0.0,0.0,0.0,0.0,0.0,0.0,0.0,0.0,0.0,0.0,0.0
2011-06-01,0.0,0.0,0.0,0.0,0.0,0.0,0.0,0.0,0.0,0.0,0.0,0.0,0.0,0.0,0.0,0.0,0.0
2011-06-02,0.0,0.0,0.0,0.0,0.0,0.0,0.0,0.0,0.0,0.0,0.0,0.0,0.0,0.0,0.0,0.0,0.0
2011-06-03,0.0,0.0,0.0,0.0,0.0,0.0,0.0,0.0,0.0,0.0,0.0,0.0,0.0,0.0,0.0,0.0,0.0
2011-06-07,0.0,0.0,0.0,0.0,0.0,0.0,0.0,0.0,0.0,0.0,0.0,0.0,0.0,0.0,0.0,0.0,0.0
2011-06-08,0.0,0.0,0.0,0.0,0.0,0.0,0.0,0.0,0.0,0.0,0.0,0.0,0.0,0.0,0.0,0.0,0.0
2011-06-09,0.0,0.0,0.0,0.0,0.0,0.0,0.0,0.0,0.0,0.0,0.0,0.0,0.0,0.0,0.0,0.0,0.0
2011-06-10,0.0,0.0,0.0,0.0,0.0,0.0,0.0,0.0,0.0,0.0,0.0,0.0,0.0,0.0,0.0,0.0,0.0
2011-06-13,0.0,0.0,0.0,0.0,0.0,0.0,0.0,0.0,0.0,0.0,0.0,0.0,0.0,0.0,0.0,0.0,0.0
2011-06-14,0.0,0.0,0.0,0.0,0.0,0.0,0.0,0.0,0.0,0.0,0.0,0.0,0.0,0.0,0.0,0.0,0.0
2011-06-15,0.0,0.0,0.0,0.0,0.0,0.0,0.0,0.0,0.0,0.0,0.0,0.0,0.0,0.0,0.0,0.0,0.0
2011-06-16,0.0,0.0,0.0,0.0,0.0,0.0,0.0,0.0,0.0,0.0,0.0,0.0,0.0,0.0,0.0,0.0,0.0
2011-06-17,0.0,0.0,0.0,0.0,0.0,0.0,0.0,0.0,0.0,0.0,0.0,0.0,0.0,0.0,0.0,0.0,0.0
2011-06-20,0.0,0.0,0.0,0.0,0.0,0.0,0.0,0.0,0.0,0.0,0.0,0.0,0.0,0.0,0.0,0.0,0.0
2011-06-21,0.0,0.0,0.0,0.0,0.0,0.0,0.0,0.0,0.0,0.0,0.0,0.0,0.0,0.0,0.0,0.0,0.0
2011-06-22,0.0,0.0,0.0,0.0,0.0,0.0,0.0,0.0,0.0,0.0,0.0,0.0,0.0,0.0,0.0,0.0,0.0
2011-06-23,0.0,0.0,0.0,0.0,0.0,0.0,0.0,0.0,0.0,0.0,0.0,0.0,0.0,0.0,0.0,0.0,0.0
2011-06-24,0.0,0.0,0.0,0.0,0.0,0.0,0.0,0.0,0.0,0.0,0.0,0.0,0.0,0.0,0.0,0.0,0.0
2011-06-27,0.0,0.0,0.0,0.0,0.0,0.0,0.0,0.0,0.0,0.0,0.0,0.0,0.0,0.0,0.0,0.0,0.0
2011-06-28,0.0,0.0,0.0,0.0,0.0,0.0,0.0,0.0,0.0,0.0,0.0,0.0,0.0,0.0,0.0,0.0,0.0
2011-06-29,0.0,0.0,0.0,0.0,0.0,0.0,0.0,0.0,0.0,0.0,0.0,0.0,0.0,0.0,0.0,0.0,0.0
2011-06-30,0.0,0.0,0.0,0.0,0.0,0.0,0.0,0.0,0.0,0.0,0.0,0.0,0.0,0.0,0.0,0.0,0.0
2011-07-01,0.0,0.0,0.0,0.0,0.0,0.0,0.0,0.0,0.0,0.0,0.0,0.0,0.0,0.0,0.0,0.0,0.0
2011-07-04,0.0,0.0,0.0,0.0,0.0,0.0,0.0,0.0,0.0,0.0,0.0,0.0,0.0,0.0,0.0,0.0,0.0
2011-07-05,0.0,0.0,0.0,0.0,0.0,0.0,0.0,0.0,0.0,0.0,0.0,0.0,0.0,0.0,0.0,0.0,0.0
2011-07-06,0.0,0.0,0.0,0.0,0.0,0.0,0.0,0.0,0.0,0.0,0.0,0.0,0.0,0.0,0.0,0.0,0.0
2011-07-07,0.0,0.0,0.0,0.0,0.0,0.0,0.0,0.0,0.0,0.0,0.0,0.0,0.0,0.0,0.0,0.0,0.0
2011-07-08,0.0,0.0,0.0,0.0,0.0,0.0,0.0,0.0,0.0,0.0,0.0,0.0,0.0,0.0,0.0,0.0,0.0
2011-07-11,0.0,0.0,0.0,0.0,0.0,0.0,0.0,0.0,0.0,0.0,0.0,0.0,0.0,0.0,0.0,0.0,0.0
2011-07-12,0.0,0.0,0.0,0.0,0.0,0.0,0.0,0.0,0.0,0.0,0.0,0.0,0.0,0.0,0.0,0.0,0.0
2011-07-13,0.0,0.0,0.0,0.0,0.0,0.0,0.0,0.0,0.0,0.0,0.0,0.0,0.0,0.0,0.0,0.0,0.0
2011-07-14,0.0,0.0,0.0,0.0,0.0,0.0,0.0,0.0,0.0,0.0,0.0,0.0,0.0,0.0,0.0,0.0,0.0
2011-07-15,0.0,0.0,0.0,0.0,0.0,0.0,0.0,0.0,0.0,0.0,0.0,0.0,0.0,0.0,0.0,0.0,0.0
2011-07-18,0.0,0.0,0.0,0.0,0.0,0.0,0.0,0.0,0.0,0.0,0.0,0.0,0.0,0.0,0.0,0.0,0.0
2011-07-19,0.0,0.0,0.0,0.0,0.0,0.0,0.0,0.0,0.0,0.0,0.0,0.0,0.0,0.0,0.0,0.0,0.0
2011-07-20,0.0,0.0,0.0,0.0,0.0,0.0,0.0,0.0,0.0,0.0,0.0,0.0,0.0,0.0,0.0,0.0,0.0
2011-07-21,0.0,0.0,0.0,0.0,0.0,0.0,0.0,0.0,0.0,0.0,0.0,0.0,0.0,0.0,0.0,0.0,0.0
2011-07-22,0.0,0.0,0.0,0.0,0.0,0.0,0.0,0.0,0.0,0.0,0.0,0.0,0.0,0.0,0.0,0.0,0.0
2011-07-25,0.0,0.0,0.0,0.0,0.0,0.0,0.0,0.0,0.0,0.0,0.0,0.0,0.0,0.0,0.0,0.0,0.0
2011-07-26,0.0,0.0,0.0,0.0,0.0,0.0,0.0,0.0,0.0,0.0,0.0,0.0,0.0,0.0,0.0,0.0,0.0
2011-07-27,0.0,0.0,0.0,0.0,0.0,0.0,0.0,0.0,0.0,0.0,0.0,0.0,0.0,0.0,0.0,0.0,0.0
2011-07-28,0.0,0.0,0.0,0.0,0.0,0.0,0.0,0.0,0.0,0.0,0.0,0.0,0.0,0.0,0.0,0.0,0.0
2011-07-29,0.0,0.0,0.0,0.0,0.0,0.0,0.0,0.0,0.0,0.0,0.0,0.0,0.0,0.0,0.0,0.0,0.0
2011-08-01,0.0,0.0,0.0,0.0,0.0,0.0,0.0,0.0,0.0,0.0,0.0,0.0,0.0,0.0,0.0,0.0,0.0
2011-08-02,0.0,0.0,0.0,0.0,0.0,0.0,0.0,0.0,0.0,0.0,0.0,0.0,0.0,0.0,0.0,0.0,0.0
2011-08-03,0.0,0.0,0.0,0.0,0.0,0.0,0.0,0.0,0.0,0.0,0.0,0.0,0.0,0.0,0.0,0.0,0.0
2011-08-04,0.0,0.0,0.0,0.0,0.0,0.0,0.0,0.0,0.0,0.0,0.0,0.0,0.0,0.0,0.0,0.0,0.0
2011-08-05,0.0,0.0,0.0,0.0,0.0,0.0,0.0,0.0,0.0,0.0,0.0,0.0,0.0,0.0,0.0,0.0,0.0
2011-08-08,0.0,0.0,0.0,0.0,0.0,0.0,0.0,0.0,0.0,0.0,0.0,0.0,0.0,0.0,0.0,0.0,0.0
2011-08-09,0.0,0.0,0.0,0.0,0.0,0.0,0.0,0.0,0.0,0.0,0.0,0.0,0.0,0.0,0.0,0.0,0.0
2011-08-10,0.0,0.0,0.0,0.0,0.0,0.0,0.0,0.0,0.0,0.0,0.0,0.0,0.0,0.0,0.0,0.0,0.0
2011-08-11,0.0,0.0,0.0,0.0,0.0,0.0,0.0,0.0,0.0,0.0,0.0,0.0,0.0,0.0,0.0,0.0,0.0
2011-08-12,0.0,0.0,0.0,0.0,0.0,0.0,0.0,0.0,0.0,0.0,0.0,0.0,0.0,0.0,0.0,0.0,0.0
2011-08-15,0.0,0.0,0.0,0.0,0.0,0.0,0.0,0.0,0.0,0.0,0.0,0.0,0.0,0.0,0.0,0.0,0.0
2011-08-16,0.0,0.0,0.0,0.0,0.0,0.0,0.0,0.0,0.0,0.0,0.0,0.0,0.0,0.0,0.0,0.0,0.0
2011-08-17,0.0,0.0,0.0,0.0,0.0,0.0,0.0,0.0,0.0,0.0,0.0,0.0,0.0,0.0,0.0,0.0,0.0
2011-08-18,0.0,0.0,0.0,0.0,0.0,0.0,0.0,0.0,0.0,0.0,0.0,0.0,0.0,0.0,0.0,0.0,0.0
2011-08-19,0.0,0.0,0.0,0.0,0.0,0.0,0.0,0.0,0.0,0.0,0.0,0.0,0.0,0.0,0.0,0.0,0.0
2011-08-22,0.0,0.0,0.0,0.0,0.0,0.0,0.0,0.0,0.0,0.0,0.0,0.0,0.0,0.0,0.0,0.0,0.0
2011-08-23,0.0,0.0,0.0,0.0,0.0,0.0,0.0,0.0,0.0,0.0,0.0,0.0,0.0,0.0,0.0,0.0,0.0
2011-08-24,0.0,0.0,0.0,0.0,0.0,0.0,0.0,0.0,0.0,0.0,0.0,0.0,0.0,0.0,0.0,0.0,0.0
2011-08-25,0.0,0.0,0.0,0.0,0.0,0.0,0.0,0.0,0.0,0.0,0.0,0.0,0.0,0.0,0.0,0.0,0.0
2011-08-26,0.0,0.0,0.0,0.0,0.0,0.0,0.0,0.0,0.0,0.0,0.0,0.0,0.0,0.0,0.0,0.0,0.0
2011-08-29,0.0,0.0,0.0,0.0,0.0,0.0,0.0,0.0,0.0,0.0,0.0,0.0,0.0,0.0,0.0,0.0,0.0
2011-08-30,0.0,0.0,0.0,0.0,0.0,0.0,0.0,0.0,0.0,0.0,0.0,0.0,0.0,0.0,0.0,0.0,0.0
2011-08-31,0.0,0.0,0.0,0.0,0.0,0.0,0.0,0.0,0.0,0.0,0.0,0.0,0.0,0.0,0.0,0.0,0.0
2011-09-01,0.0,0.0,0.0,0.0,0.0,0.0,0.0,0.0,0.0,0.0,0.0,0.0,0.0,0.0,0.0,0.0,0.0
2011-09-02,0.0,0.0,0.0,0.0,0.0,0.0,0.0,0.0,0.0,0.0,0.0,0.0,0.0,0.0,0.0,0.0,0.0
2011-09-05,0.0,0.0,0.0,0.0,0.0,0.0,0.0,0.0,0.0,0.0,0.0,0.0,0.0,0.0,0.0,0.0,0.0
2011-09-06,0.0,0.0,0.0,0.0,0.0,0.0,0.0,0.0,0.0,0.0,0.0,0.0,0.0,0.0,0.0,0.0,0.0
2011-09-07,0.0,0.0,0.0,0.0,0.0,0.0,0.0,0.0,0.0,0.0,0.0,0.0,0.0,0.0,0.0,0.0,0.0
2011-09-08,0.0,0.0,0.0,0.0,0.0,0.0,0.0,0.0,0.0,0.0,0.0,0.0,0.0,0.0,0.0,0.0,0.0
2011-09-09,0.0,0.0,0.0,0.0,0.0,0.0,0.0,0.0,0.0,0.0,0.0,0.0,0.0,0.0,0.0,0.0,0.0
2011-09-13,0.0,0.0,0.0,0.0,0.0,0.0,0.0,0.0,0.0,0.0,0.0,0.0,0.0,0.0,0.0,0.0,0.0
2011-09-14,0.0,0.0,0.0,0.0,0.0,0.0,0.0,0.0,0.0,0.0,0.0,0.0,0.0,0.0,0.0,0.0,0.0
2011-09-15,0.0,0.0,0.0,0.0,0.0,0.0,0.0,0.0,0.0,0.0,0.0,0.0,0.0,0.0,0.0,0.0,0.0
2011-09-16,0.0,0.0,0.0,0.0,0.0,0.0,0.0,0.0,0.0,0.0,0.0,0.0,0.0,0.0,0.0,0.0,0.0
2011-09-19,0.0,0.0,0.0,0.0,0.0,0.0,0.0,0.0,0.0,0.0,0.0,0.0,0.0,0.0,0.0,0.0,0.0
2011-09-20,0.0,0.0,0.0,0.0,0.0,0.0,0.0,0.0,0.0,0.0,0.0,0.0,0.0,0.0,0.0,0.0,0.0
2011-09-21,0.0,0.0,0.0,0.0,0.0,0.0,0.0,0.0,0.0,0.0,0.0,0.0,0.0,0.0,0.0,0.0,0.0
2011-09-22,0.0,0.0,0.0,0.0,0.0,0.0,0.0,0.0,0.0,0.0,0.0,0.0,0.0,0.0,0.0,0.0,0.0
2011-09-23,0.0,0.0,0.0,0.0,0.0,0.0,0.0,0.0,0.0,0.0,0.0,0.0,0.0,0.0,0.0,0.0,0.0
2011-09-26,0.0,0.0,0.0,0.0,0.0,0.0,0.0,0.0,0.0,0.0,0.0,0.0,0.0,0.0,0.0,0.0,0.0
2011-09-27,0.0,0.0,0.0,0.0,0.0,0.0,0.0,0.0,0.0,0.0,0.0,0.0,0.0,0.0,0.0,0.0,0.0
2011-09-28,0.0,0.0,0.0,0.0,0.0,0.0,0.0,0.0,0.0,0.0,0.0,0.0,0.0,0.0,0.0,0.0,0.0
2011-09-29,0.0,0.0,0.0,0.0,0.0,0.0,0.0,0.0,0.0,0.0,0.0,0.0,0.0,0.0,0.0,0.0,0.0
2011-09-30,0.0,0.0,0.0,0.0,0.0,0.0,0.0,0.0,0.0,0.0,0.0,0.0,0.0,0.0,0.0,0.0,0.0
2011-10-03,0.0,0.0,0.0,0.0,0.0,0.0,0.0,0.0,0.0,0.0,0.0,0.0,0.0,0.0,0.0,0.0,0.0
2011-10-04,0.0,0.0,0.0,0.0,0.0,0.0,0.0,0.0,0.0,0.0,0.0,0.0,0.0,0.0,0.0,0.0,0.0
2011-10-05,0.0,0.0,0.0,0.0,0.0,0.0,0.0,0.0,0.0,0.0,0.0,0.0,0.0,0.0,0.0,0.0,0.0
2011-10-06,0.0,0.0,0.0,0.0,0.0,0.0,0.0,0.0,0.0,0.0,0.0,0.0,0.0,0.0,0.0,0.0,0.0
2011-10-07,0.0,0.0,0.0,0.0,0.0,0.0,0.0,0.0,0.0,0.0,0.0,0.0,0.0,0.0,0.0,0.0,0.0
2011-10-11,0.0,0.0,0.0,0.0,0.0,0.0,0.0,0.0,0.0,0.0,0.0,0.0,0.0,0.0,0.0,0.0,0.0
2011-10-12,0.0,0.0,0.0,0.0,0.0,0.0,0.0,0.0,0.0,0.0,0.0,0.0,0.0,0.0,0.0,0.0,0.0
2011-10-13,0.0,0.0,0.0,0.0,0.0,0.0,0.0,0.0,0.0,0.0,0.0,0.0,0.0,0.0,0.0,0.0,0.0
2011-10-14,0.0,0.0,0.0,0.0,0.0,0.0,0.0,0.0,0.0,0.0,0.0,0.0,0.0,0.0,0.0,0.0,0.0
2011-10-17,0.0,0.0,0.0,0.0,0.0,0.0,0.0,0.0,0.0,0.0,0.0,0.0,0.0,0.0,0.0,0.0,0.0
2011-10-18,0.0,0.0,0.0,0.0,0.0,0.0,0.0,0.0,0.0,0.0,0.0,0.0,0.0,0.0,0.0,0.0,0.0
2011-10-19,0.0,0.0,0.0,0.0,0.0,0.0,0.0,0.0,0.0,0.0,0.0,0.0,0.0,0.0,0.0,0.0,0.0
2011-10-20,0.0,0.0,0.0,0.0,0.0,0.0,0.0,0.0,0.0,0.0,0.0,0.0,0.0,0.0,0.0,0.0,0.0
2011-10-21,0.0,0.0,0.0,0.0,0.0,0.0,0.0,0.0,0.0,0.0,0.0,0.0,0.0,0.0,0.0,0.0,0.0
2011-10-24,0.0,0.0,0.0,0.0,0.0,0.0,0.0,0.0,0.0,0.0,0.0,0.0,0.0,0.0,0.0,0.0,0.0
2011-10-25,0.0,0.0,0.0,0.0,0.0,0.0,0.0,0.0,0.0,0.0,0.0,0.0,0.0,0.0,0.0,0.0,0.0
2011-10-26,0.0,0.0,0.0,0.0,0.0,0.0,0.0,0.0,0.0,0.0,0.0,0.0,0.0,0.0,0.0,0.0,0.0
2011-10-27,0.0,0.0,0.0,0.0,0.0,0.0,0.0,0.0,0.0,0.0,0.0,0.0,0.0,0.0,0.0,0.0,0.0
2011-10-28,0.0,0.0,0.0,0.0,0.0,0.0,0.0,0.0,0.0,0.0,0.0,0.0,0.0,0.0,0.0,0.0,0.0
2011-10-31,0.0,0.0,0.0,0.0,0.0,0.0,0.0,0.0,0.0,0.0,0.0,0.0,0.0,0.0,0.0,0.0,0.0
2011-11-01,0.0,0.0,0.0,0.0,0.0,0.0,0.0,0.0,0.0,0.0,0.0,0.0,0.0,0.0,0.0,0.0,0.0
2011-11-02,0.0,0.0,0.0,0.0,0.0,0.0,0.0,0.0,0.0,0.0,0.0,0.0,0.0,0.0,0.0,0.0,0.0
2011-11-03,0.0,0.0,0.0,0.0,0.0,0.0,0.0,0.0,0.0,0.0,0.0,0.0,0.0,0.0,0.0,0.0,0.0
2011-11-04,0.0,0.0,0.0,0.0,0.0,0.0,0.0,0.0,0.0,0.0,0.0,0.0,0.0,0.0,0.0,0.0,0.0
2011-11-07,0.0,0.0,0.0,0.0,0.0,0.0,0.0,0.0,0.0,0.0,0.0,0.0,0.0,0.0,0.0,0.0,0.0
2011-11-08,0.0,0.0,0.0,0.0,0.0,0.0,0.0,0.0,0.0,0.0,0.0,0.0,0.0,0.0,0.0,0.0,0.0
2011-11-09,0.0,0.0,0.0,0.0,0.0,0.0,0.0,0.0,0.0,0.0,0.0,0.0,0.0,0.0,0.0,0.0,0.0
2011-11-10,0.0,0.0,0.0,0.0,0.0,0.0,0.0,0.0,0.0,0.0,0.0,0.0,0.0,0.0,0.0,0.0,0.0
2011-11-11,0.0,0.0,0.0,0.0,0.0,0.0,0.0,0.0,0.0,0.0,0.0,0.0,0.0,0.0,0.0,0.0,0.0
2011-11-14,0.0,0.0,0.0,0.0,0.0,0.0,0.0,0.0,0.0,0.0,0.0,0.0,0.0,0.0,0.0,0.0,0.0
2011-11-15,0.0,0.0,0.0,0.0,0.0,0.0,0.0,0.0,0.0,0.0,0.0,0.0,0.0,0.0,0.0,0.0,0.0
2011-11-16,0.0,0.0,0.0,0.0,0.0,0.0,0.0,0.0,0.0,0.0,0.0,0.0,0.0,0.0,0.0,0.0,0.0
2011-11-17,0.0,0.0,0.0,0.0,0.0,0.0,0.0,0.0,0.0,0.0,0.0,0.0,0.0,0.0,0.0,0.0,0.0
2011-11-18,0.0,0.0,0.0,0.0,0.0,0.0,0.0,0.0,0.0,0.0,0.0,0.0,0.0,0.0,0.0,0.0,0.0
2011-11-21,0.0,0.0,0.0,0.0,0.0,0.0,0.0,0.0,0.0,0.0,0.0,0.0,0.0,0.0,0.0,0.0,0.0
2011-11-22,0.0,0.0,0.0,0.0,0.0,0.0,0.0,0.0,0.0,0.0,0.0,0.0,0.0,0.0,0.0,0.0,0.0
2011-11-23,0.0,0.0,0.0,0.0,0.0,0.0,0.0,0.0,0.0,0.0,0.0,0.0,0.0,0.0,0.0,0.0,0.0
2011-11-24,0.0,0.0,0.0,0.0,0.0,0.0,0.0,0.0,0.0,0.0,0.0,0.0,0.0,0.0,0.0,0.0,0.0
2011-11-25,0.0,0.0,0.0,0.0,0.0,0.0,0.0,0.0,0.0,0.0,0.0,0.0,0.0,0.0,0.0,0.0,0.0
2011-11-28,0.0,0.0,0.0,0.0,0.0,0.0,0.0,0.0,0.0,0.0,0.0,0.0,0.0,0.0,0.0,0.0,0.0
2011-11-29,0.0,0.0,0.0,0.0,0.0,0.0,0.0,0.0,0.0,0.0,0.0,0.0,0.0,0.0,0.0,0.0,0.0
2011-11-30,0.0,0.0,0.0,0.0,0.0,0.0,0.0,0.0,0.0,0.0,0.0,0.0,0.0,0.0,0.0,0.0,0.0
2011-12-01,0.0,0.0,0.0,0.0,0.0,0.0,0.0,0.0,0.0,0.0,0.0,0.0,0.0,0.0,0.0,0.0,0.0
2011-12-02,0.0,0.0,0.0,0.0,0.0,0.0,0.0,0.0,0.0,0.0,0.0,0.0,0.0,0.0,0.0,0.0,0.0
2011-12-05,0.0,0.0,0.0,0.0,0.0,0.0,0.0,0.0,0.0,0.0,0.0,0.0,0.0,0.0,0.0,0.0,0.0
2011-12-06,0.0,0.0,0.0,0.0,0.0,0.0,0.0,0.0,0.0,0.0,0.0,0.0,0.0,0.0,0.0,0.0,0.0
2011-12-07,0.0,0.0,0.0,0.0,0.0,0.0,0.0,0.0,0.0,0.0,0.0,0.0,0.0,0.0,0.0,0.0,0.0
2011-12-08,0.0,0.0,0.0,0.0,0.0,0.0,0.0,0.0,0.0,0.0,0.0,0.0,0.0,0.0,0.0,0.0,0.0
2011-12-09,0.0,0.0,0.0,0.0,0.0,0.0,0.0,0.0,0.0,0.0,0.0,0.0,0.0,0.0,0.0,0.0,0.0
2011-12-12,0.0,0.0,0.0,0.0,0.0,0.0,0.0,0.0,0.0,0.0,0.0,0.0,0.0,0.0,0.0,0.0,0.0
2011-12-13,0.0,0.0,0.0,0.0,0.0,0.0,0.0,0.0,0.0,0.0,0.0,0.0,0.0,0.0,0.0,0.0,0.0
2011-12-14,0.0,0.0,0.0,0.0,0.0,0.0,0.0,0.0,0.0,0.0,0.0,0.0,0.0,0.0,0.0,0.0,0.0
2011-12-15,0.0,0.0,0.0,0.0,0.0,0.0,0.0,0.0,0.0,0.0,0.0,0.0,0.0,0.0,0.0,0.0,0.0
2011-12-16,0.0,0.0,0.0,0.0,0.0,0.0,0.0,0.0,0.0,0.0,0.0,0.0,0.0,0.0,0.0,0.0,0.0
2011-12-19,0.0,0.0,0.0,0.0,0.0,0.0,0.0,0.0,0.0,0.0,0.0,0.0,0.0,0.0,0.0,0.0,0.0
2011-12-20,0.0,0.0,0.0,0.0,0.0,0.0,0.0,0.0,0.0,0.0,0.0,0.0,0.0,0.0,0.0,0.0,0.0
2011-12-21,0.0,0.0,0.0,0.0,0.0,0.0,0.0,0.0,0.0,0.0,0.0,0.0,0.0,0.0,0.0,0.0,0.0
2011-12-22,0.0,0.0,0.0,0.0,0.0,0.0,0.0,0.0,0.0,0.0,0.0,0.0,0.0,0.0,0.0,0.0,0.0
2011-12-23,0.0,0.0,0.0,0.0,0.0,0.0,0.0,0.0,0.0,0.0,0.0,0.0,0.0,0.0,0.0,0.0,0.0
2011-12-26,0.0,0.0,0.0,0.0,0.0,0.0,0.0,0.0,0.0,0.0,0.0,0.0,0.0,0.0,0.0,0.0,0.0
2011-12-27,0.0,0.0,0.0,0.0,0.0,0.0,0.0,0.0,0.0,0.0,0.0,0.0,0.0,0.0,0.0,0.0,0.0
2011-12-28,0.0,0.0,0.0,0.0,0.0,0.0,0.0,0.0,0.0,0.0,0.0,0.0,0.0,0.0,0.0,0.0,0.0
2011-12-29,0.0,0.0,0.0,0.0,0.0,0.0,0.0,0.0,0.0,0.0,0.0,0.0,0.0,0.0,0.0,0.0,0.0
2011-12-30,0.0,0.0,0.0,0.0,0.0,0.0,0.0,0.0,0.0,0.0,0.0,0.0,0.0,0.0,0.0,0.0,0.0
2012-01-02,0.0,0.0,0.0,0.0,0.0,0.0,0.0,0.0,0.0,0.0,0.0,0.0,0.0,0.0,0.0,0.0,0.0
2012-01-03,0.0,0.0,0.0,0.0,0.0,0.0,0.0,0.0,0.0,0.0,0.0,0.0,0.0,0.0,0.0,0.0,0.0
2012-01-04,0.0,0.0,0.0,0.0,0.0,0.0,0.0,0.0,0.0,0.0,0.0,0.0,0.0,0.0,0.0,0.0,0.0
2012-01-05,0.0,0.0,0.0,0.0,0.0,0.0,0.0,0.0,0.0,0.0,0.0,0.0,0.0,0.0,0.0,0.0,0.0
2012-01-06,0.0,0.0,0.0,0.0,0.0,0.0,0.0,0.0,0.0,0.0,0.0,0.0,0.0,0.0,0.0,0.0,0.0
2012-01-09,0.0,0.0,0.0,0.0,0.0,0.0,0.0,0.0,0.0,0.0,0.0,0.0,0.0,0.0,0.0,0.0,0.0
2012-01-10,0.0,0.0,0.0,0.0,0.0,0.0,0.0,0.0,0.0,0.0,0.0,0.0,0.0,0.0,0.0,0.0,0.0
2012-01-11,0.0,0.0,0.0,0.0,0.0,0.0,0.0,0.0,0.0,0.0,0.0,0.0,0.0,0.0,0.0,0.0,0.0
2012-01-12,0.0,0.0,0.0,0.0,0.0,0.0,0.0,0.0,0.0,0.0,0.0,0.0,0.0,0.0,0.0,0.0,0.0
2012-01-13,0.0,0.0,0.0,0.0,0.0,0.0,0.0,0.0,0.0,0.0,0.0,0.0,0.0,0.0,0.0,0.0,0.0
2012-01-16,0.0,0.0,0.0,0.0,0.0,0.0,0.0,0.0,0.0,0.0,0.0,0.0,0.0,0.0,0.0,0.0,0.0
2012-01-17,0.0,0.0,0.0,0.0,0.0,0.0,0.0,0.0,0.0,0.0,0.0,0.0,0.0,0.0,0.0,0.0,0.0
2012-01-18,0.0,0.0,0.0,0.0,0.0,0.0,0.0,0.0,0.0,0.0,0.0,0.0,0.0,0.0,0.0,0.0,0.0
2012-01-30,0.0,0.0,0.0,0.0,0.0,0.0,0.0,0.0,0.0,0.0,0.0,0.0,0.0,0.0,0.0,0.0,0.0
2012-01-31,0.0,0.0,0.0,0.0,0.0,0.0,0.0,0.0,0.0,0.0,0.0,0.0,0.0,0.0,0.0,0.0,0.0
2012-02-01,0.0,0.0,0.0,0.0,0.0,0.0,0.0,0.0,0.0,0.0,0.0,0.0,0.0,0.0,0.0,0.0,0.0
2012-02-02,0.0,0.0,0.0,0.0,0.0,0.0,0.0,0.0,0.0,0.0,0.0,0.0,0.0,0.0,0.0,0.0,0.0
2012-02-03,0.0,0.0,0.0,0.0,0.0,0.0,0.0,0.0,0.0,0.0,0.0,0.0,0.0,0.0,0.0,0.0,0.0
2012-02-04,0.0,0.0,0.0,0.0,0.0,0.0,0.0,0.0,0.0,0.0,0.0,0.0,0.0,0.0,0.0,0.0,0.0
2012-02-06,0.0,0.0,0.0,0.0,0.0,0.0,0.0,0.0,0.0,0.0,0.0,0.0,0.0,0.0,0.0,0.0,0.0
2012-02-07,0.0,0.0,0.0,0.0,0.0,0.0,0.0,0.0,0.0,0.0,0.0,0.0,0.0,0.0,0.0,0.0,0.0
2012-02-08,0.0,0.0,0.0,0.0,0.0,0.0,0.0,0.0,0.0,0.0,0.0,0.0,0.0,0.0,0.0,0.0,0.0
2012-02-09,0.0,0.0,0.0,0.0,0.0,0.0,0.0,0.0,0.0,0.0,0.0,0.0,0.0,0.0,0.0,0.0,0.0
2012-02-10,0.0,0.0,0.0,0.0,0.0,0.0,0.0,0.0,0.0,0.0,0.0,0.0,0.0,0.0,0.0,0.0,0.0
2012-02-13,0.0,0.0,0.0,0.0,0.0,0.0,0.0,0.0,0.0,0.0,0.0,0.0,0.0,0.0,0.0,0.0,0.0
2012-02-14,0.0,0.0,0.0,0.0,0.0,0.0,0.0,0.0,0.0,0.0,0.0,0.0,0.0,0.0,0.0,0.0,0.0
2012-02-15,0.0,0.0,0.0,0.0,0.0,0.0,0.0,0.0,0.0,0.0,0.0,0.0,0.0,0.0,0.0,0.0,0.0
2012-02-16,0.0,0.0,0.0,0.0,0.0,0.0,0.0,0.0,0.0,0.0,0.0,0.0,0.0,0.0,0.0,0.0,0.0
2012-02-17,0.0,0.0,0.0,0.0,0.0,0.0,0.0,0.0,0.0,0.0,0.0,0.0,0.0,0.0,0.0,0.0,0.0
2012-02-20,0.0,0.0,0.0,0.0,0.0,0.0,0.0,0.0,0.0,0.0,0.0,0.0,0.0,0.0,0.0,0.0,0.0
2012-02-21,0.0,0.0,0.0,0.0,0.0,0.0,0.0,0.0,0.0,0.0,0.0,0.0,0.0,0.0,0.0,0.0,0.0
2012-02-22,0.0,0.0,0.0,0.0,0.0,0.0,0.0,0.0,0.0,0.0,0.0,0.0,0.0,0.0,0.0,0.0,0.0
2012-02-23,0.0,0.0,0.0,0.0,0.0,0.0,0.0,0.0,0.0,0.0,0.0,0.0,0.0,0.0,0.0,0.0,0.0
2012-02-24,0.0,0.0,0.0,0.0,0.0,0.0,0.0,0.0,0.0,0.0,0.0,0.0,0.0,0.0,0.0,0.0,0.0
2012-02-29,0.0,0.0,0.0,0.0,0.0,0.0,0.0,0.0,0.0,0.0,0.0,0.0,0.0,0.0,0.0,0.0,0.0
2012-03-01,0.0,0.0,0.0,0.0,0.0,0.0,0.0,0.0,0.0,0.0,0.0,0.0,0.0,0.0,0.0,0.0,0.0
2012-03-02,0.0,0.0,0.0,0.0,0.0,0.0,0.0,0.0,0.0,0.0,0.0,0.0,0.0,0.0,0.0,0.0,0.0
2012-03-03,0.0,0.0,0.0,0.0,0.0,0.0,0.0,0.0,0.0,0.0,0.0,0.0,0.0,0.0,0.0,0.0,0.0
2012-03-05,0.0,0.0,0.0,0.0,0.0,0.0,0.0,0.0,0.0,0.0,0.0,0.0,0.0,0.0,0.0,0.0,0.0
2012-03-06,0.0,0.0,0.0,0.0,0.0,0.0,0.0,0.0,0.0,0.0,0.0,0.0,0.0,0.0,0.0,0.0,0.0
2012-03-07,0.0,0.0,0.0,0.0,0.0,0.0,0.0,0.0,0.0,0.0,0.0,0.0,0.0,0.0,0.0,0.0,0.0
2012-03-08,0.0,0.0,0.0,0.0,0.0,0.0,0.0,0.0,0.0,0.0,0.0,0.0,0.0,0.0,0.0,0.0,0.0
2012-03-09,0.0,0.0,0.0,0.0,0.0,0.0,0.0,0.0,0.0,0.0,0.0,0.0,0.0,0.0,0.0,0.0,0.0
2012-03-12,0.0,0.0,0.0,0.0,0.0,0.0,0.0,0.0,0.0,0.0,0.0,0.0,0.0,0.0,0.0,0.0,0.0
2012-03-13,0.0,0.0,0.0,0.0,0.0,0.0,0.0,0.0,0.0,0.0,0.0,0.0,0.0,0.0,0.0,0.0,0.0
2012-03-14,0.0,0.0,0.0,0.0,0.0,0.0,0.0,0.0,0.0,0.0,0.0,0.0,0.0,0.0,0.0,0.0,0.0
2012-03-15,0.0,0.0,0.0,0.0,0.0,0.0,0.0,0.0,0.0,0.0,0.0,0.0,0.0,0.0,0.0,0.0,0.0
2012-03-16,0.0,0.0,0.0,0.0,0.0,0.0,0.0,0.0,0.0,0.0,0.0,0.0,0.0,0.0,0.0,0.0,0.0
2012-03-19,0.0,0.0,0.0,0.0,0.0,0.0,0.0,0.0,0.0,0.0,0.0,0.0,0.0,0.0,0.0,0.0,0.0
2012-03-20,0.0,0.0,0.0,0.0,0.0,0.0,0.0,0.0,0.0,0.0,0.0,0.0,0.0,0.0,0.0,0.0,0.0
2012-03-21,0.0,0.0,0.0,0.0,0.0,0.0,0.0,0.0,0.0,0.0,0.0,0.0,0.0,0.0,0.0,0.0,0.0
2012-03-22,0.0,0.0,0.0,0.0,0.0,0.0,0.0,0.0,0.0,0.0,0.0,0.0,0.0,0.0,0.0,0.0,0.0
2012-03-23,0.0,0.0,0.0,0.0,0.0,0.0,0.0,0.0,0.0,0.0,0.0,0.0,0.0,0.0,0.0,0.0,0.0
2012-03-26,0.0,0.0,0.0,0.0,0.0,0.0,0.0,0.0,0.0,0.0,0.0,0.0,0.0,0.0,0.0,0.0,0.0
2012-03-27,0.0,0.0,0.0,0.0,0.0,0.0,0.0,0.0,0.0,0.0,0.0,0.0,0.0,0.0,0.0,0.0,0.0
2012-03-28,0.0,0.0,0.0,0.0,0.0,0.0,0.0,0.0,0.0,0.0,0.0,0.0,0.0,0.0,0.0,0.0,0.0
2012-03-29,0.0,0.0,0.0,0.0,0.0,0.0,0.0,0.0,0.0,0.0,0.0,0.0,0.0,0.0,0.0,0.0,0.0
2012-03-30,0.0,0.0,0.0,0.0,0.0,0.0,0.0,0.0,0.0,0.0,0.0,0.0,0.0,0.0,0.0,0.0,0.0
2012-04-02,0.0,0.0,0.0,0.0,0.0,0.0,0.0,0.0,0.0,0.0,0.0,0.0,0.0,0.0,0.0,0.0,0.0
2012-04-03,0.0,0.0,0.0,0.0,0.0,0.0,0.0,0.0,0.0,0.0,0.0,0.0,0.0,0.0,0.0,0.0,0.0
2012-04-05,0.0,0.0,0.0,0.0,0.0,0.0,0.0,0.0,0.0,0.0,0.0,0.0,0.0,0.0,0.0,0.0,0.0
2012-04-06,0.0,0.0,0.0,0.0,0.0,0.0,0.0,0.0,0.0,0.0,0.0,0.0,0.0,0.0,0.0,0.0,0.0
2012-04-09,0.0,0.0,0.0,0.0,0.0,0.0,0.0,0.0,0.0,0.0,0.0,0.0,0.0,0.0,0.0,0.0,0.0
2012-04-10,0.0,0.0,0.0,0.0,0.0,0.0,0.0,0.0,0.0,0.0,0.0,0.0,0.0,0.0,0.0,0.0,0.0
2012-04-11,0.0,0.0,0.0,0.0,0.0,0.0,0.0,0.0,0.0,0.0,0.0,0.0,0.0,0.0,0.0,0.0,0.0
2012-04-12,0.0,0.0,0.0,0.0,0.0,0.0,0.0,0.0,0.0,0.0,0.0,0.0,0.0,0.0,0.0,0.0,0.0
2012-04-13,0.0,0.0,0.0,0.0,0.0,0.0,0.0,0.0,0.0,0.0,0.0,0.0,0.0,0.0,0.0,0.0,0.0
2012-04-16,0.0,0.0,0.0,0.0,0.0,0.0,0.0,0.0,0.0,0.0,0.0,0.0,0.0,0.0,0.0,0.0,0.0
2012-04-17,0.0,0.0,0.0,0.0,0.0,0.0,0.0,0.0,0.0,0.0,0.0,0.0,0.0,0.0,0.0,0.0,0.0
2012-04-18,0.0,0.0,0.0,0.0,0.0,0.0,0.0,0.0,0.0,0.0,0.0,0.0,0.0,0.0,0.0,0.0,0.0
2012-04-19,0.0,0.0,0.0,0.0,0.0,0.0,0.0,0.0,0.0,0.0,0.0,0.0,0.0,0.0,0.0,0.0,0.0
2012-04-20,0.0,0.0,0.0,0.0,0.0,0.0,0.0,0.0,0.0,0.0,0.0,0.0,0.0,0.0,0.0,0.0,0.0
2012-04-23,0.0,0.0,0.0,0.0,0.0,0.0,0.0,0.0,0.0,0.0,0.0,0.0,0.0,0.0,0.0,0.0,0.0
2012-04-24,0.0,0.0,0.0,0.0,0.0,0.0,0.0,0.0,0.0,0.0,0.0,0.0,0.0,0.0,0.0,0.0,0.0
2012-04-25,0.0,0.0,0.0,0.0,0.0,0.0,0.0,0.0,0.0,0.0,0.0,0.0,0.0,0.0,0.0,0.0,0.0
2012-04-26,0.0,0.0,0.0,0.0,0.0,0.0,0.0,0.0,0.0,0.0,0.0,0.0,0.0,0.0,0.0,0.0,0.0
2012-04-27,0.0,0.0,0.0,0.0,0.0,0.0,0.0,0.0,0.0,0.0,0.0,0.0,0.0,0.0,0.0,0.0,0.0
2012-04-30,0.0,0.0,0.0,0.0,0.0,0.0,0.0,0.0,0.0,0.0,0.0,0.0,0.0,0.0,0.0,0.0,0.0
2012-05-02,0.0,0.0,0.0,0.0,0.0,0.0,0.0,0.0,0.0,0.0,0.0,0.0,0.0,0.0,0.0,0.0,0.0
2012-05-03,0.0,0.0,0.0,0.0,0.0,0.0,0.0,0.0,0.0,0.0,0.0,0.0,0.0,0.0,0.0,0.0,0.0
2012-05-04,0.0,0.0,0.0,0.0,0.0,0.0,0.0,0.0,0.0,0.0,0.0,0.0,0.0,0.0,0.0,0.0,0.0
2012-05-07,0.0,0.0,0.0,0.0,0.0,0.0,0.0,0.0,0.0,0.0,0.0,0.0,0.0,0.0,0.0,0.0,0.0
2012-05-08,0.0,0.0,0.0,0.0,0.0,0.0,0.0,0.0,0.0,0.0,0.0,0.0,0.0,0.0,0.0,0.0,0.0
2012-05-09,0.0,0.0,0.0,0.0,0.0,0.0,0.0,0.0,0.0,0.0,0.0,0.0,0.0,0.0,0.0,0.0,0.0
2012-05-10,0.0,0.0,0.0,0.0,0.0,0.0,0.0,0.0,0.0,0.0,0.0,0.0,0.0,0.0,0.0,0.0,0.0
2012-05-11,0.0,0.0,0.0,0.0,0.0,0.0,0.0,0.0,0.0,0.0,0.0,0.0,0.0,0.0,0.0,0.0,0.0
2012-05-14,0.0,0.0,0.0,0.0,0.0,0.0,0.0,0.0,0.0,0.0,0.0,0.0,0.0,0.0,0.0,0.0,0.0
2012-05-15,0.0,0.0,0.0,0.0,0.0,0.0,0.0,0.0,0.0,0.0,0.0,0.0,0.0,0.0,0.0,0.0,0.0
2012-05-16,0.0,0.0,0.0,0.0,0.0,0.0,0.0,0.0,0.0,0.0,0.0,0.0,0.0,0.0,0.0,0.0,0.0
2012-05-17,0.0,0.0,0.0,0.0,0.0,0.0,0.0,0.0,0.0,0.0,0.0,0.0,0.0,0.0,0.0,0.0,0.0
2012-05-18,0.0,0.0,0.0,0.0,0.0,0.0,0.0,0.0,0.0,0.0,0.0,0.0,0.0,0.0,0.0,0.0,0.0
2012-05-21,0.0,0.0,0.0,0.0,0.0,0.0,0.0,0.0,0.0,0.0,0.0,0.0,0.0,0.0,0.0,0.0,0.0
2012-05-22,0.0,0.0,0.0,0.0,0.0,0.0,0.0,0.0,0.0,0.0,0.0,0.0,0.0,0.0,0.0,0.0,0.0
2012-05-23,0.0,0.0,0.0,0.0,0.0,0.0,0.0,0.0,0.0,0.0,0.0,0.0,0.0,0.0,0.0,0.0,0.0
2012-05-24,0.0,0.0,0.0,0.0,0.0,0.0,0.0,0.0,0.0,0.0,0.0,0.0,0.0,0.0,0.0,0.0,0.0
2012-05-25,0.0,0.0,0.0,0.0,0.0,0.0,0.0,0.0,0.0,0.0,0.0,0.0,0.0,0.0,0.0,0.0,0.0
2012-05-28,0.0,0.0,0.0,0.0,0.0,0.0,0.0,0.0,0.0,0.0,0.0,0.0,0.0,0.0,0.0,0.0,0.0
2012-05-29,0.0,0.0,0.0,0.0,0.0,0.0,0.0,0.0,0.0,0.0,0.0,0.0,0.0,0.0,0.0,0.0,0.0
2012-05-30,0.0,0.0,0.0,0.0,0.0,0.0,0.0,0.0,0.0,0.0,0.0,0.0,0.0,0.0,0.0,0.0,0.0
2012-05-31,0.0,0.0,0.0,0.0,0.0,0.0,0.0,0.0,0.0,0.0,0.0,0.0,0.0,0.0,0.0,0.0,0.0
2012-06-01,0.0,0.0,0.0,0.0,0.0,0.0,0.0,0.0,0.0,0.0,0.0,0.0,0.0,0.0,0.0,0.0,0.0
2012-06-04,0.0,0.0,0.0,0.0,0.0,0.0,0.0,0.0,0.0,0.0,0.0,0.0,0.0,0.0,0.0,0.0,0.0
2012-06-05,0.0,0.0,0.0,0.0,0.0,0.0,0.0,0.0,0.0,0.0,0.0,0.0,0.0,0.0,0.0,0.0,0.0
2012-06-06,0.0,0.0,0.0,0.0,0.0,0.0,0.0,0.0,0.0,0.0,0.0,0.0,0.0,0.0,0.0,0.0,0.0
2012-06-07,0.0,0.0,0.0,0.0,0.0,0.0,0.0,0.0,0.0,0.0,0.0,0.0,0.0,0.0,0.0,0.0,0.0
2012-06-08,0.0,0.0,0.0,0.0,0.0,0.0,0.0,0.0,0.0,0.0,0.0,0.0,0.0,0.0,0.0,0.0,0.0
2012-06-11,0.0,0.0,0.0,0.0,0.0,0.0,0.0,0.0,0.0,0.0,0.0,0.0,0.0,0.0,0.0,0.0,0.0
2012-06-12,0.0,0.0,0.0,0.0,0.0,0.0,0.0,0.0,0.0,0.0,0.0,0.0,0.0,0.0,0.0,0.0,0.0
2012-06-13,0.0,0.0,0.0,0.0,0.0,0.0,0.0,0.0,0.0,0.0,0.0,0.0,0.0,0.0,0.0,0.0,0.0
2012-06-14,0.0,0.0,0.0,0.0,0.0,0.0,0.0,0.0,0.0,0.0,0.0,0.0,0.0,0.0,0.0,0.0,0.0
2012-06-15,0.0,0.0,0.0,0.0,0.0,0.0,0.0,0.0,0.0,0.0,0.0,0.0,0.0,0.0,0.0,0.0,0.0
2012-06-18,0.0,0.0,0.0,0.0,0.0,0.0,0.0,0.0,0.0,0.0,0.0,0.0,0.0,0.0,0.0,0.0,0.0
2012-06-19,0.0,0.0,0.0,0.0,0.0,0.0,0.0,0.0,0.0,0.0,0.0,0.0,0.0,0.0,0.0,0.0,0.0
2012-06-20,0.0,0.0,0.0,0.0,0.0,0.0,0.0,0.0,0.0,0.0,0.0,0.0,0.0,0.0,0.0,0.0,0.0
2012-06-21,0.0,0.0,0.0,0.0,0.0,0.0,0.0,0.0,0.0,0.0,0.0,0.0,0.0,0.0,0.0,0.0,0.0
2012-06-22,0.0,0.0,0.0,0.0,0.0,0.0,0.0,0.0,0.0,0.0,0.0,0.0,0.0,0.0,0.0,0.0,0.0
2012-06-25,0.0,0.0,0.0,0.0,0.0,0.0,0.0,0.0,0.0,0.0,0.0,0.0,0.0,0.0,0.0,0.0,0.0
2012-06-26,0.0,0.0,0.0,0.0,0.0,0.0,0.0,0.0,0.0,0.0,0.0,0.0,0.0,0.0,0.0,0.0,0.0
2012-06-27,0.0,0.0,0.0,0.0,0.0,0.0,0.0,0.0,0.0,0.0,0.0,0.0,0.0,0.0,0.0,0.0,0.0
2012-06-28,0.0,0.0,0.0,0.0,0.0,0.0,0.0,0.0,0.0,0.0,0.0,0.0,0.0,0.0,0.0,0.0,0.0
2012-06-29,0.0,0.0,0.0,0.0,0.0,0.0,0.0,0.0,0.0,0.0,0.0,0.0,0.0,0.0,0.0,0.0,0.0
2012-07-02,0.0,0.0,0.0,0.0,0.0,0.0,0.0,0.0,0.0,0.0,0.0,0.0,0.0,0.0,0.0,0.0,0.0
2012-07-03,0.0,0.0,0.0,0.0,0.0,0.0,0.0,0.0,0.0,0.0,0.0,0.0,0.0,0.0,0.0,0.0,0.0
2012-07-04,0.0,0.0,0.0,0.0,0.0,0.0,0.0,0.0,0.0,0.0,0.0,0.0,0.0,0.0,0.0,0.0,0.0
2012-07-05,0.0,0.0,0.0,0.0,0.0,0.0,0.0,0.0,0.0,0.0,0.0,0.0,0.0,0.0,0.0,0.0,0.0
2012-07-06,0.0,0.0,0.0,0.0,0.0,0.0,0.0,0.0,0.0,0.0,0.0,0.0,0.0,0.0,0.0,0.0,0.0
2012-07-09,0.0,0.0,0.0,0.0,0.0,0.0,0.0,0.0,0.0,0.0,0.0,0.0,0.0,0.0,0.0,0.0,0.0
2012-07-10,0.0,0.0,0.0,0.0,0.0,0.0,0.0,0.0,0.0,0.0,0.0,0.0,0.0,0.0,0.0,0.0,0.0
2012-07-11,0.0,0.0,0.0,0.0,0.0,0.0,0.0,0.0,0.0,0.0,0.0,0.0,0.0,0.0,0.0,0.0,0.0
2012-07-12,0.0,0.0,0.0,0.0,0.0,0.0,0.0,0.0,0.0,0.0,0.0,0.0,0.0,0.0,0.0,0.0,0.0
2012-07-13,0.0,0.0,0.0,0.0,0.0,0.0,0.0,0.0,0.0,0.0,0.0,0.0,0.0,0.0,0.0,0.0,0.0
2012-07-16,0.0,0.0,0.0,0.0,0.0,0.0,0.0,0.0,0.0,0.0,0.0,0.0,0.0,0.0,0.0,0.0,0.0
2012-07-17,0.0,0.0,0.0,0.0,0.0,0.0,0.0,0.0,0.0,0.0,0.0,0.0,0.0,0.0,0.0,0.0,0.0
2012-07-18,0.0,0.0,0.0,0.0,0.0,0.0,0.0,0.0,0.0,0.0,0.0,0.0,0.0,0.0,0.0,0.0,0.0
2012-07-19,0.0,0.0,0.0,0.0,0.0,0.0,0.0,0.0,0.0,0.0,0.0,0.0,0.0,0.0,0.0,0.0,0.0
2012-07-20,0.0,0.0,0.0,0.0,0.0,0.0,0.0,0.0,0.0,0.0,0.0,0.0,0.0,0.0,0.0,0.0,0.0
2012-07-23,0.0,0.0,0.0,0.0,0.0,0.0,0.0,0.0,0.0,0.0,0.0,0.0,0.0,0.0,0.0,0.0,0.0
2012-07-24,0.0,0.0,0.0,0.0,0.0,0.0,0.0,0.0,0.0,0.0,0.0,0.0,0.0,0.0,0.0,0.0,0.0
2012-07-25,0.0,0.0,0.0,0.0,0.0,0.0,0.0,0.0,0.0,0.0,0.0,0.0,0.0,0.0,0.0,0.0,0.0
2012-07-26,0.0,0.0,0.0,0.0,0.0,0.0,0.0,0.0,0.0,0.0,0.0,0.0,0.0,0.0,0.0,0.0,0.0
2012-07-27,0.0,0.0,0.0,0.0,0.0,0.0,0.0,0.0,0.0,0.0,0.0,0.0,0.0,0.0,0.0,0.0,0.0
2012-07-30,0.0,0.0,0.0,0.0,0.0,0.0,0.0,0.0,0.0,0.0,0.0,0.0,0.0,0.0,0.0,0.0,0.0
2012-07-31,0.0,0.0,0.0,0.0,0.0,0.0,0.0,0.0,0.0,0.0,0.0,0.0,0.0,0.0,0.0,0.0,0.0
2012-08-01,0.0,0.0,0.0,0.0,0.0,0.0,0.0,0.0,0.0,0.0,0.0,0.0,0.0,0.0,0.0,0.0,0.0
2012-08-03,0.0,0.0,0.0,0.0,0.0,0.0,0.0,0.0,0.0,0.0,0.0,0.0,0.0,0.0,0.0,0.0,0.0
2012-08-06,0.0,0.0,0.0,0.0,0.0,0.0,0.0,0.0,0.0,0.0,0.0,0.0,0.0,0.0,0.0,0.0,0.0
2012-08-07,0.0,0.0,0.0,0.0,0.0,0.0,0.0,0.0,0.0,0.0,0.0,0.0,0.0,0.0,0.0,0.0,0.0
2012-08-08,0.0,0.0,0.0,0.0,0.0,0.0,0.0,0.0,0.0,0.0,0.0,0.0,0.0,0.0,0.0,0.0,0.0
2012-08-09,0.0,0.0,0.0,0.0,0.0,0.0,0.0,0.0,0.0,0.0,0.0,0.0,0.0,0.0,0.0,0.0,0.0
2012-08-10,0.0,0.0,0.0,0.0,0.0,0.0,0.0,0.0,0.0,0.0,0.0,0.0,0.0,0.0,0.0,0.0,0.0
2012-08-13,0.0,0.0,0.0,0.0,0.0,0.0,0.0,0.0,0.0,0.0,0.0,0.0,0.0,0.0,0.0,0.0,0.0
2012-08-14,0.0,0.0,0.0,0.0,0.0,0.0,0.0,0.0,0.0,0.0,0.0,0.0,0.0,0.0,0.0,0.0,0.0
2012-08-15,0.0,0.0,0.0,0.0,0.0,0.0,0.0,0.0,0.0,0.0,0.0,0.0,0.0,0.0,0.0,0.0,0.0
2012-08-16,0.0,0.0,0.0,0.0,0.0,0.0,0.0,0.0,0.0,0.0,0.0,0.0,0.0,0.0,0.0,0.0,0.0
2012-08-17,0.0,0.0,0.0,0.0,0.0,0.0,0.0,0.0,0.0,0.0,0.0,0.0,0.0,0.0,0.0,0.0,0.0
2012-08-20,0.0,0.0,0.0,0.0,0.0,0.0,0.0,0.0,0.0,0.0,0.0,0.0,0.0,0.0,0.0,0.0,0.0
2012-08-21,0.0,0.0,0.0,0.0,0.0,0.0,0.0,0.0,0.0,0.0,0.0,0.0,0.0,0.0,0.0,0.0,0.0
2012-08-22,0.0,0.0,0.0,0.0,0.0,0.0,0.0,0.0,0.0,0.0,0.0,0.0,0.0,0.0,0.0,0.0,0.0
2012-08-23,0.0,0.0,0.0,0.0,0.0,0.0,0.0,0.0,0.0,0.0,0.0,0.0,0.0,0.0,0.0,0.0,0.0
2012-08-24,0.0,0.0,0.0,0.0,0.0,0.0,0.0,0.0,0.0,0.0,0.0,0.0,0.0,0.0,0.0,0.0,0.0
2012-08-27,0.0,0.0,0.0,0.0,0.0,0.0,0.0,0.0,0.0,0.0,0.0,0.0,0.0,0.0,0.0,0.0,0.0
2012-08-28,0.0,0.0,0.0,0.0,0.0,0.0,0.0,0.0,0.0,0.0,0.0,0.0,0.0,0.0,0.0,0.0,0.0
2012-08-29,0.0,0.0,0.0,0.0,0.0,0.0,0.0,0.0,0.0,0.0,0.0,0.0,0.0,0.0,0.0,0.0,0.0
2012-08-30,0.0,0.0,0.0,0.0,0.0,0.0,0.0,0.0,0.0,0.0,0.0,0.0,0.0,0.0,0.0,0.0,0.0
2012-08-31,0.0,0.0,0.0,0.0,0.0,0.0,0.0,0.0,0.0,0.0,0.0,0.0,0.0,0.0,0.0,0.0,0.0
2012-09-03,0.0,0.0,0.0,0.0,0.0,0.0,0.0,0.0,0.0,0.0,0.0,0.0,0.0,0.0,0.0,0.0,0.0
2012-09-04,0.0,0.0,0.0,0.0,0.0,0.0,0.0,0.0,0.0,0.0,0.0,0.0,0.0,0.0,0.0,0.0,0.0
2012-09-05,0.0,0.0,0.0,0.0,0.0,0.0,0.0,0.0,0.0,0.0,0.0,0.0,0.0,0.0,0.0,0.0,0.0
2012-09-06,0.0,0.0,0.0,0.0,0.0,0.0,0.0,0.0,0.0,0.0,0.0,0.0,0.0,0.0,0.0,0.0,0.0
2012-09-07,0.0,0.0,0.0,0.0,0.0,0.0,0.0,0.0,0.0,0.0,0.0,0.0,0.0,0.0,0.0,0.0,0.0
2012-09-10,0.0,0.0,0.0,0.0,0.0,0.0,0.0,0.0,0.0,0.0,0.0,0.0,0.0,0.0,0.0,0.0,0.0
2012-09-11,0.0,0.0,0.0,0.0,0.0,0.0,0.0,0.0,0.0,0.0,0.0,0.0,0.0,0.0,0.0,0.0,0.0
2012-09-12,0.0,0.0,0.0,0.0,0.0,0.0,0.0,0.0,0.0,0.0,0.0,0.0,0.0,0.0,0.0,0.0,0.0
2012-09-13,0.0,0.0,0.0,0.0,0.0,0.0,0.0,0.0,0.0,0.0,0.0,0.0,0.0,0.0,0.0,0.0,0.0
2012-09-14,0.0,0.0,0.0,0.0,0.0,0.0,0.0,0.0,0.0,0.0,0.0,0.0,0.0,0.0,0.0,0.0,0.0
2012-09-17,0.0,0.0,0.0,0.0,0.0,0.0,0.0,0.0,0.0,0.0,0.0,0.0,0.0,0.0,0.0,0.0,0.0
2012-09-18,0.0,0.0,0.0,0.0,0.0,0.0,0.0,0.0,0.0,0.0,0.0,0.0,0.0,0.0,0.0,0.0,0.0
2012-09-19,0.0,0.0,0.0,0.0,0.0,0.0,0.0,0.0,0.0,0.0,0.0,0.0,0.0,0.0,0.0,0.0,0.0
2012-09-20,0.0,0.0,0.0,0.0,0.0,0.0,0.0,0.0,0.0,0.0,0.0,0.0,0.0,0.0,0.0,0.0,0.0
2012-09-21,0.0,0.0,0.0,0.0,0.0,0.0,0.0,0.0,0.0,0.0,0.0,0.0,0.0,0.0,0.0,0.0,0.0
2012-09-24,0.0,0.0,0.0,0.0,0.0,0.0,0.0,0.0,0.0,0.0,0.0,0.0,0.0,0.0,0.0,0.0,0.0
2012-09-25,0.0,0.0,0.0,0.0,0.0,0.0,0.0,0.0,0.0,0.0,0.0,0.0,0.0,0.0,0.0,0.0,0.0
2012-09-26,0.0,0.0,0.0,0.0,0.0,0.0,0.0,0.0,0.0,0.0,0.0,0.0,0.0,0.0,0.0,0.0,0.0
2012-09-27,0.0,0.0,0.0,0.0,0.0,0.0,0.0,0.0,0.0,0.0,0.0,0.0,0.0,0.0,0.0,0.0,0.0
2012-09-28,0.0,0.0,0.0,0.0,0.0,0.0,0.0,0.0,0.0,0.0,0.0,0.0,0.0,0.0,0.0,0.0,0.0
2012-10-01,0.0,0.0,0.0,0.0,0.0,0.0,0.0,0.0,0.0,0.0,0.0,0.0,0.0,0.0,0.0,0.0,0.0
2012-10-02,0.0,0.0,0.0,0.0,0.0,0.0,0.0,0.0,0.0,0.0,0.0,0.0,0.0,0.0,0.0,0.0,0.0
2012-10-03,0.0,0.0,0.0,0.0,0.0,0.0,0.0,0.0,0.0,0.0,0.0,0.0,0.0,0.0,0.0,0.0,0.0
2012-10-04,0.0,0.0,0.0,0.0,0.0,0.0,0.0,0.0,0.0,0.0,0.0,0.0,0.0,0.0,0.0,0.0,0.0
2012-10-05,0.0,0.0,0.0,0.0,0.0,0.0,0.0,0.0,0.0,0.0,0.0,0.0,0.0,0.0,0.0,0.0,0.0
2012-10-08,0.0,0.0,0.0,0.0,0.0,0.0,0.0,0.0,0.0,0.0,0.0,0.0,0.0,0.0,0.0,0.0,0.0
2012-10-09,0.0,0.0,0.0,0.0,0.0,0.0,0.0,0.0,0.0,0.0,0.0,0.0,0.0,0.0,0.0,0.0,0.0
2012-10-11,0.0,0.0,0.0,0.0,0.0,0.0,0.0,0.0,0.0,0.0,0.0,0.0,0.0,0.0,0.0,0.0,0.0
2012-10-12,0.0,0.0,0.0,0.0,0.0,0.0,0.0,0.0,0.0,0.0,0.0,0.0,0.0,0.0,0.0,0.0,0.0
2012-10-15,0.0,0.0,0.0,0.0,0.0,0.0,0.0,0.0,0.0,0.0,0.0,0.0,0.0,0.0,0.0,0.0,0.0
2012-10-16,0.0,0.0,0.0,0.0,0.0,0.0,0.0,0.0,0.0,0.0,0.0,0.0,0.0,0.0,0.0,0.0,0.0
2012-10-17,0.0,0.0,0.0,0.0,0.0,0.0,0.0,0.0,0.0,0.0,0.0,0.0,0.0,0.0,0.0,0.0,0.0
2012-10-18,0.0,0.0,0.0,0.0,0.0,0.0,0.0,0.0,0.0,0.0,0.0,0.0,0.0,0.0,0.0,0.0,0.0
2012-10-19,0.0,0.0,0.0,0.0,0.0,0.0,0.0,0.0,0.0,0.0,0.0,0.0,0.0,0.0,0.0,0.0,0.0
2012-10-22,0.0,0.0,0.0,0.0,0.0,0.0,0.0,0.0,0.0,0.0,0.0,0.0,0.0,0.0,0.0,0.0,0.0
2012-10-23,0.0,0.0,0.0,0.0,0.0,0.0,0.0,0.0,0.0,0.0,0.0,0.0,0.0,0.0,0.0,0.0,0.0
2012-10-24,0.0,0.0,0.0,0.0,0.0,0.0,0.0,0.0,0.0,0.0,0.0,0.0,0.0,0.0,0.0,0.0,0.0
2012-10-25,0.0,0.0,0.0,0.0,0.0,0.0,0.0,0.0,0.0,0.0,0.0,0.0,0.0,0.0,0.0,0.0,0.0
2012-10-26,0.0,0.0,0.0,0.0,0.0,0.0,0.0,0.0,0.0,0.0,0.0,0.0,0.0,0.0,0.0,0.0,0.0
2012-10-29,0.0,0.0,0.0,0.0,0.0,0.0,0.0,0.0,0.0,0.0,0.0,0.0,0.0,0.0,0.0,0.0,0.0
2012-10-30,0.0,0.0,0.0,0.0,0.0,0.0,0.0,0.0,0.0,0.0,0.0,0.0,0.0,0.0,0.0,0.0,0.0
2012-10-31,0.0,0.0,0.0,0.0,0.0,0.0,0.0,0.0,0.0,0.0,0.0,0.0,0.0,0.0,0.0,0.0,0.0
2012-11-01,0.0,0.0,0.0,0.0,0.0,0.0,0.0,0.0,0.0,0.0,0.0,0.0,0.0,0.0,0.0,0.0,0.0
2012-11-02,0.0,0.0,0.0,0.0,0.0,0.0,0.0,0.0,0.0,0.0,0.0,0.0,0.0,0.0,0.0,0.0,0.0
2012-11-05,0.0,0.0,0.0,0.0,0.0,0.0,0.0,0.0,0.0,0.0,0.0,0.0,0.0,0.0,0.0,0.0,0.0
2012-11-06,0.0,0.0,0.0,0.0,0.0,0.0,0.0,0.0,0.0,0.0,0.0,0.0,0.0,0.0,0.0,0.0,0.0
2012-11-07,0.0,0.0,0.0,0.0,0.0,0.0,0.0,0.0,0.0,0.0,0.0,0.0,0.0,0.0,0.0,0.0,0.0
2012-11-08,0.0,0.0,0.0,0.0,0.0,0.0,0.0,0.0,0.0,0.0,0.0,0.0,0.0,0.0,0.0,0.0,0.0
2012-11-09,0.0,0.0,0.0,0.0,0.0,0.0,0.0,0.0,0.0,0.0,0.0,0.0,0.0,0.0,0.0,0.0,0.0
2012-11-12,0.0,0.0,0.0,0.0,0.0,0.0,0.0,0.0,0.0,0.0,0.0,0.0,0.0,0.0,0.0,0.0,0.0
2012-11-13,0.0,0.0,0.0,0.0,0.0,0.0,0.0,0.0,0.0,0.0,0.0,0.0,0.0,0.0,0.0,0.0,0.0
2012-11-14,0.0,0.0,0.0,0.0,0.0,0.0,0.0,0.0,0.0,0.0,0.0,0.0,0.0,0.0,0.0,0.0,0.0
2012-11-15,0.0,0.0,0.0,0.0,0.0,0.0,0.0,0.0,0.0,0.0,0.0,0.0,0.0,0.0,0.0,0.0,0.0
2012-11-16,0.0,0.0,0.0,0.0,0.0,0.0,0.0,0.0,0.0,0.0,0.0,0.0,0.0,0.0,0.0,0.0,0.0
2012-11-19,0.0,0.0,0.0,0.0,0.0,0.0,0.0,0.0,0.0,0.0,0.0,0.0,0.0,0.0,0.0,0.0,0.0
2012-11-20,0.0,0.0,0.0,0.0,0.0,0.0,0.0,0.0,0.0,0.0,0.0,0.0,0.0,0.0,0.0,0.0,0.0
2012-11-21,0.0,0.0,0.0,0.0,0.0,0.0,0.0,0.0,0.0,0.0,0.0,0.0,0.0,0.0,0.0,0.0,0.0
2012-11-22,0.0,0.0,0.0,0.0,0.0,0.0,0.0,0.0,0.0,0.0,0.0,0.0,0.0,0.0,0.0,0.0,0.0
2012-11-23,0.0,0.0,0.0,0.0,0.0,0.0,0.0,0.0,0.0,0.0,0.0,0.0,0.0,0.0,0.0,0.0,0.0
2012-11-26,0.0,0.0,0.0,0.0,0.0,0.0,0.0,0.0,0.0,0.0,0.0,0.0,0.0,0.0,0.0,0.0,0.0
2012-11-27,0.0,0.0,0.0,0.0,0.0,0.0,0.0,0.0,0.0,0.0,0.0,0.0,0.0,0.0,0.0,0.0,0.0
2012-11-28,0.0,0.0,0.0,0.0,0.0,0.0,0.0,0.0,0.0,0.0,0.0,0.0,0.0,0.0,0.0,0.0,0.0
2012-11-29,0.0,0.0,0.0,0.0,0.0,0.0,0.0,0.0,0.0,0.0,0.0,0.0,0.0,0.0,0.0,0.0,0.0
2012-11-30,0.0,0.0,0.0,0.0,0.0,0.0,0.0,0.0,0.0,0.0,0.0,0.0,0.0,0.0,0.0,0.0,0.0
2012-12-03,0.0,0.0,0.0,0.0,0.0,0.0,0.0,0.0,0.0,0.0,0.0,0.0,0.0,0.0,0.0,0.0,0.0
2012-12-04,0.0,0.0,0.0,0.0,0.0,0.0,0.0,0.0,0.0,0.0,0.0,0.0,0.0,0.0,0.0,0.0,0.0
2012-12-05,0.0,0.0,0.0,0.0,0.0,0.0,0.0,0.0,0.0,0.0,0.0,0.0,0.0,0.0,0.0,0.0,0.0
2012-12-06,0.0,0.0,0.0,0.0,0.0,0.0,0.0,0.0,0.0,0.0,0.0,0.0,0.0,0.0,0.0,0.0,0.0
2012-12-07,0.0,0.0,0.0,0.0,0.0,0.0,0.0,0.0,0.0,0.0,0.0,0.0,0.0,0.0,0.0,0.0,0.0
2012-12-10,0.0,0.0,0.0,0.0,0.0,0.0,0.0,0.0,0.0,0.0,0.0,0.0,0.0,0.0,0.0,0.0,0.0
2012-12-11,0.0,0.0,0.0,0.0,0.0,0.0,0.0,0.0,0.0,0.0,0.0,0.0,0.0,0.0,0.0,0.0,0.0
2012-12-12,0.0,0.0,0.0,0.0,0.0,0.0,0.0,0.0,0.0,0.0,0.0,0.0,0.0,0.0,0.0,0.0,0.0
2012-12-13,0.0,0.0,0.0,0.0,0.0,0.0,0.0,0.0,0.0,0.0,0.0,0.0,0.0,0.0,0.0,0.0,0.0
2012-12-14,0.0,0.0,0.0,0.0,0.0,0.0,0.0,0.0,0.0,0.0,0.0,0.0,0.0,0.0,0.0,0.0,0.0
2012-12-17,0.0,0.0,0.0,0.0,0.0,0.0,0.0,0.0,0.0,0.0,0.0,0.0,0.0,0.0,0.0,0.0,0.0
2012-12-18,0.0,0.0,0.0,0.0,0.0,0.0,0.0,0.0,0.0,0.0,0.0,0.0,0.0,0.0,0.0,0.0,0.0
2012-12-19,0.0,0.0,0.0,0.0,0.0,0.0,0.0,0.0,0.0,0.0,0.0,0.0,0.0,0.0,0.0,0.0,0.0
2012-12-20,0.0,0.0,0.0,0.0,0.0,0.0,0.0,0.0,0.0,0.0,0.0,0.0,0.0,0.0,0.0,0.0,0.0
2012-12-21,0.0,0.0,0.0,0.0,0.0,0.0,0.0,0.0,0.0,0.0,0.0,0.0,0.0,0.0,0.0,0.0,0.0
2012-12-22,0.0,0.0,0.0,0.0,0.0,0.0,0.0,0.0,0.0,0.0,0.0,0.0,0.0,0.0,0.0,0.0,0.0
2012-12-24,0.0,0.0,0.0,0.0,0.0,0.0,0.0,0.0,0.0,0.0,0.0,0.0,0.0,0.0,0.0,0.0,0.0
2012-12-25,0.0,0.0,0.0,0.0,0.0,0.0,0.0,0.0,0.0,0.0,0.0,0.0,0.0,0.0,0.0,0.0,0.0
2012-12-26,0.0,0.0,0.0,0.0,0.0,0.0,0.0,0.0,0.0,0.0,0.0,0.0,0.0,0.0,0.0,0.0,0.0
2012-12-27,0.0,0.0,0.0,0.0,0.0,0.0,0.0,0.0,0.0,0.0,0.0,0.0,0.0,0.0,0.0,0.0,0.0
2012-12-28,0.0,0.0,0.0,0.0,0.0,0.0,0.0,0.0,0.0,0.0,0.0,0.0,0.0,0.0,0.0,0.0,0.0
2013-01-02,0.0,0.0,0.0,0.0,0.0,0.0,0.0,0.0,0.0,0.0,0.0,0.0,0.0,0.0,0.0,0.0,0.0
2013-01-03,0.0,0.0,0.0,0.0,0.0,0.0,0.0,0.0,0.0,0.0,0.0,0.0,0.0,0.0,0.0,0.0,0.0
2013-01-04,0.0,0.0,0.0,0.0,0.0,0.0,0.0,0.0,0.0,0.0,0.0,0.0,0.0,0.0,0.0,0.0,0.0
2013-01-07,0.0,0.0,0.0,0.0,0.0,0.0,0.0,0.0,0.0,0.0,0.0,0.0,0.0,0.0,0.0,0.0,0.0
2013-01-08,0.0,0.0,0.0,0.0,0.0,0.0,0.0,0.0,0.0,0.0,0.0,0.0,0.0,0.0,0.0,0.0,0.0
2013-01-09,0.0,0.0,0.0,0.0,0.0,0.0,0.0,0.0,0.0,0.0,0.0,0.0,0.0,0.0,0.0,0.0,0.0
2013-01-10,0.0,0.0,0.0,0.0,0.0,0.0,0.0,0.0,0.0,0.0,0.0,0.0,0.0,0.0,0.0,0.0,0.0
2013-01-11,0.0,0.0,0.0,0.0,0.0,0.0,0.0,0.0,0.0,0.0,0.0,0.0,0.0,0.0,0.0,0.0,0.0
2013-01-14,0.0,0.0,0.0,0.0,0.0,0.0,0.0,0.0,0.0,0.0,0.0,0.0,0.0,0.0,0.0,0.0,0.0
2013-01-15,0.0,0.0,0.0,0.0,0.0,0.0,0.0,0.0,0.0,0.0,0.0,0.0,0.0,0.0,0.0,0.0,0.0
2013-01-16,0.0,0.0,0.0,0.0,0.0,0.0,0.0,0.0,0.0,0.0,0.0,0.0,0.0,0.0,0.0,0.0,0.0
2013-01-17,0.0,0.0,0.0,0.0,0.0,0.0,0.0,0.0,0.0,0.0,0.0,0.0,0.0,0.0,0.0,0.0,0.0
2013-01-18,0.0,0.0,0.0,0.0,0.0,0.0,0.0,0.0,0.0,0.0,0.0,0.0,0.0,0.0,0.0,0.0,0.0
2013-01-21,0.0,0.0,0.0,0.0,0.0,0.0,0.0,0.0,0.0,0.0,0.0,0.0,0.0,0.0,0.0,0.0,0.0
2013-01-22,0.0,0.0,0.0,0.0,0.0,0.0,0.0,0.0,0.0,0.0,0.0,0.0,0.0,0.0,0.0,0.0,0.0
2013-01-23,0.0,0.0,0.0,0.0,0.0,0.0,0.0,0.0,0.0,0.0,0.0,0.0,0.0,0.0,0.0,0.0,0.0
2013-01-24,0.0,0.0,0.0,0.0,0.0,0.0,0.0,0.0,0.0,0.0,0.0,0.0,0.0,0.0,0.0,0.0,0.0
2013-01-25,0.0,0.0,0.0,0.0,0.0,0.0,0.0,0.0,0.0,0.0,0.0,0.0,0.0,0.0,0.0,0.0,0.0
2013-01-28,0.0,0.0,0.0,0.0,0.0,0.0,0.0,0.0,0.0,0.0,0.0,0.0,0.0,0.0,0.0,0.0,0.0
2013-01-29,0.0,0.0,0.0,0.0,0.0,0.0,0.0,0.0,0.0,0.0,0.0,0.0,0.0,0.0,0.0,0.0,0.0
2013-01-30,0.0,0.0,0.0,0.0,0.0,0.0,0.0,0.0,0.0,0.0,0.0,0.0,0.0,0.0,0.0,0.0,0.0
2013-01-31,0.0,0.0,0.0,0.0,0.0,0.0,0.0,0.0,0.0,0.0,0.0,0.0,0.0,0.0,0.0,0.0,0.0
2013-02-01,0.0,0.0,0.0,0.0,0.0,0.0,0.0,0.0,0.0,0.0,0.0,0.0,0.0,0.0,0.0,0.0,0.0
2013-02-04,0.0,0.0,0.0,0.0,0.0,0.0,0.0,0.0,0.0,0.0,0.0,0.0,0.0,0.0,0.0,0.0,0.0
2013-02-05,0.0,0.0,0.0,0.0,0.0,0.0,0.0,0.0,0.0,0.0,0.0,0.0,0.0,0.0,0.0,0.0,0.0
2013-02-06,0.0,0.0,0.0,0.0,0.0,0.0,0.0,0.0,0.0,0.0,0.0,0.0,0.0,0.0,0.0,0.0,0.0
2013-02-18,0.0,0.0,0.0,0.0,0.0,0.0,0.0,0.0,0.0,0.0,0.0,0.0,0.0,0.0,0.0,0.0,0.0
2013-02-19,0.0,0.0,0.0,0.0,0.0,0.0,0.0,0.0,0.0,0.0,0.0,0.0,0.0,0.0,0.0,0.0,0.0
2013-02-20,0.0,0.0,0.0,0.0,0.0,0.0,0.0,0.0,0.0,0.0,0.0,0.0,0.0,0.0,0.0,0.0,0.0
2013-02-21,0.0,0.0,0.0,0.0,0.0,0.0,0.0,0.0,0.0,0.0,0.0,0.0,0.0,0.0,0.0,0.0,0.0
2013-02-22,0.0,0.0,0.0,0.0,0.0,0.0,0.0,0.0,0.0,0.0,0.0,0.0,0.0,0.0,0.0,0.0,0.0
2013-02-23,0.0,0.0,0.0,0.0,0.0,0.0,0.0,0.0,0.0,0.0,0.0,0.0,0.0,0.0,0.0,0.0,0.0
2013-02-25,0.0,0.0,0.0,0.0,0.0,0.0,0.0,0.0,0.0,0.0,0.0,0.0,0.0,0.0,0.0,0.0,0.0
2013-02-26,0.0,0.0,0.0,0.0,0.0,0.0,0.0,0.0,0.0,0.0,0.0,0.0,0.0,0.0,0.0,0.0,0.0
2013-02-27,0.0,0.0,0.0,0.0,0.0,0.0,0.0,0.0,0.0,0.0,0.0,0.0,0.0,0.0,0.0,0.0,0.0
2013-03-01,0.0,0.0,0.0,0.0,0.0,0.0,0.0,0.0,0.0,0.0,0.0,0.0,0.0,0.0,0.0,0.0,0.0
2013-03-04,0.0,0.0,0.0,0.0,0.0,0.0,0.0,0.0,0.0,0.0,0.0,0.0,0.0,0.0,0.0,0.0,0.0
2013-03-05,0.0,0.0,0.0,0.0,0.0,0.0,0.0,0.0,0.0,0.0,0.0,0.0,0.0,0.0,0.0,0.0,0.0
2013-03-06,0.0,0.0,0.0,0.0,0.0,0.0,0.0,0.0,0.0,0.0,0.0,0.0,0.0,0.0,0.0,0.0,0.0
2013-03-07,0.0,0.0,0.0,0.0,0.0,0.0,0.0,0.0,0.0,0.0,0.0,0.0,0.0,0.0,0.0,0.0,0.0
2013-03-08,0.0,0.0,0.0,0.0,0.0,0.0,0.0,0.0,0.0,0.0,0.0,0.0,0.0,0.0,0.0,0.0,0.0
2013-03-11,0.0,0.0,0.0,0.0,0.0,0.0,0.0,0.0,0.0,0.0,0.0,0.0,0.0,0.0,0.0,0.0,0.0
2013-03-12,0.0,0.0,0.0,0.0,0.0,0.0,0.0,0.0,0.0,0.0,0.0,0.0,0.0,0.0,0.0,0.0,0.0
2013-03-13,0.0,0.0,0.0,0.0,0.0,0.0,0.0,0.0,0.0,0.0,0.0,0.0,0.0,0.0,0.0,0.0,0.0
2013-03-14,0.0,0.0,0.0,0.0,0.0,0.0,0.0,0.0,0.0,0.0,0.0,0.0,0.0,0.0,0.0,0.0,0.0
2013-03-15,0.0,0.0,0.0,0.0,0.0,0.0,0.0,0.0,0.0,0.0,0.0,0.0,0.0,0.0,0.0,0.0,0.0
2013-03-18,0.0,0.0,0.0,0.0,0.0,0.0,0.0,0.0,0.0,0.0,0.0,0.0,0.0,0.0,0.0,0.0,0.0
2013-03-19,0.0,0.0,0.0,0.0,0.0,0.0,0.0,0.0,0.0,0.0,0.0,0.0,0.0,0.0,0.0,0.0,0.0
2013-03-20,0.0,0.0,0.0,0.0,0.0,0.0,0.0,0.0,0.0,0.0,0.0,0.0,0.0,0.0,0.0,0.0,0.0
2013-03-21,0.0,0.0,0.0,0.0,0.0,0.0,0.0,0.0,0.0,0.0,0.0,0.0,0.0,0.0,0.0,0.0,0.0
2013-03-22,0.0,0.0,0.0,0.0,0.0,0.0,0.0,0.0,0.0,0.0,0.0,0.0,0.0,0.0,0.0,0.0,0.0
2013-03-25,0.0,0.0,0.0,0.0,0.0,0.0,0.0,0.0,0.0,0.0,0.0,0.0,0.0,0.0,0.0,0.0,0.0
2013-03-26,0.0,0.0,0.0,0.0,0.0,0.0,0.0,0.0,0.0,0.0,0.0,0.0,0.0,0.0,0.0,0.0,0.0
2013-03-27,0.0,0.0,0.0,0.0,0.0,0.0,0.0,0.0,0.0,0.0,0.0,0.0,0.0,0.0,0.0,0.0,0.0
2013-03-28,0.0,0.0,0.0,0.0,0.0,0.0,0.0,0.0,0.0,0.0,0.0,0.0,0.0,0.0,0.0,0.0,0.0
2013-03-29,0.0,0.0,0.0,0.0,0.0,0.0,0.0,0.0,0.0,0.0,0.0,0.0,0.0,0.0,0.0,0.0,0.0
2013-04-01,0.0,0.0,0.0,0.0,0.0,0.0,0.0,0.0,0.0,0.0,0.0,0.0,0.0,0.0,0.0,0.0,0.0
2013-04-02,0.0,0.0,0.0,0.0,0.0,0.0,0.0,0.0,0.0,0.0,0.0,0.0,0.0,0.0,0.0,0.0,0.0
2013-04-03,0.0,0.0,0.0,0.0,0.0,0.0,0.0,0.0,0.0,0.0,0.0,0.0,0.0,0.0,0.0,0.0,0.0
2013-04-08,0.0,0.0,0.0,0.0,0.0,0.0,0.0,0.0,0.0,0.0,0.0,0.0,0.0,0.0,0.0,0.0,0.0
2013-04-09,0.0,0.0,0.0,0.0,0.0,0.0,0.0,0.0,0.0,0.0,0.0,0.0,0.0,0.0,0.0,0.0,0.0
2013-04-10,0.0,0.0,0.0,0.0,0.0,0.0,0.0,0.0,0.0,0.0,0.0,0.0,0.0,0.0,0.0,0.0,0.0
2013-04-11,0.0,0.0,0.0,0.0,0.0,0.0,0.0,0.0,0.0,0.0,0.0,0.0,0.0,0.0,0.0,0.0,0.0
2013-04-12,0.0,0.0,0.0,0.0,0.0,0.0,0.0,0.0,0.0,0.0,0.0,0.0,0.0,0.0,0.0,0.0,0.0
2013-04-15,0.0,0.0,0.0,0.0,0.0,0.0,0.0,0.0,0.0,0.0,0.0,0.0,0.0,0.0,0.0,0.0,0.0
2013-04-16,0.0,0.0,0.0,0.0,0.0,0.0,0.0,0.0,0.0,0.0,0.0,0.0,0.0,0.0,0.0,0.0,0.0
2013-04-17,0.0,0.0,0.0,0.0,0.0,0.0,0.0,0.0,0.0,0.0,0.0,0.0,0.0,0.0,0.0,0.0,0.0
2013-04-18,0.0,0.0,0.0,0.0,0.0,0.0,0.0,0.0,0.0,0.0,0.0,0.0,0.0,0.0,0.0,0.0,0.0
2013-04-19,0.0,0.0,0.0,0.0,0.0,0.0,0.0,0.0,0.0,0.0,0.0,0.0,0.0,0.0,0.0,0.0,0.0
2013-04-22,0.0,0.0,0.0,0.0,0.0,0.0,0.0,0.0,0.0,0.0,0.0,0.0,0.0,0.0,0.0,0.0,0.0
2013-04-23,0.0,0.0,0.0,0.0,0.0,0.0,0.0,0.0,0.0,0.0,0.0,0.0,0.0,0.0,0.0,0.0,0.0
2013-04-24,0.0,0.0,0.0,0.0,0.0,0.0,0.0,0.0,0.0,0.0,0.0,0.0,0.0,0.0,0.0,0.0,0.0
2013-04-25,0.0,0.0,0.0,0.0,0.0,0.0,0.0,0.0,0.0,0.0,0.0,0.0,0.0,0.0,0.0,0.0,0.0
2013-04-26,0.0,0.0,0.0,0.0,0.0,0.0,0.0,0.0,0.0,0.0,0.0,0.0,0.0,0.0,0.0,0.0,0.0
2013-04-29,0.0,0.0,0.0,0.0,0.0,0.0,0.0,0.0,0.0,0.0,0.0,0.0,0.0,0.0,0.0,0.0,0.0
2013-04-30,0.0,0.0,0.0,0.0,0.0,0.0,0.0,0.0,0.0,0.0,0.0,0.0,0.0,0.0,0.0,0.0,0.0
2013-05-02,0.0,0.0,0.0,0.0,0.0,0.0,0.0,0.0,0.0,0.0,0.0,0.0,0.0,0.0,0.0,0.0,0.0
2013-05-03,0.0,0.0,0.0,0.0,0.0,0.0,0.0,0.0,0.0,0.0,0.0,0.0,0.0,0.0,0.0,0.0,0.0
2013-05-06,0.0,0.0,0.0,0.0,0.0,0.0,0.0,0.0,0.0,0.0,0.0,0.0,0.0,0.0,0.0,0.0,0.0
2013-05-07,0.0,0.0,0.0,0.0,0.0,0.0,0.0,0.0,0.0,0.0,0.0,0.0,0.0,0.0,0.0,0.0,0.0
2013-05-08,0.0,0.0,0.0,0.0,0.0,0.0,0.0,0.0,0.0,0.0,0.0,0.0,0.0,0.0,0.0,0.0,0.0
2013-05-09,0.0,0.0,0.0,0.0,0.0,0.0,0.0,0.0,0.0,0.0,0.0,0.0,0.0,0.0,0.0,0.0,0.0
2013-05-10,0.0,0.0,0.0,0.0,0.0,0.0,0.0,0.0,0.0,0.0,0.0,0.0,0.0,0.0,0.0,0.0,0.0
2013-05-13,0.0,0.0,0.0,0.0,0.0,0.0,0.0,0.0,0.0,0.0,0.0,0.0,0.0,0.0,0.0,0.0,0.0
2013-05-14,0.0,0.0,0.0,0.0,0.0,0.0,0.0,0.0,0.0,0.0,0.0,0.0,0.0,0.0,0.0,0.0,0.0
2013-05-15,0.0,0.0,0.0,0.0,0.0,0.0,0.0,0.0,0.0,0.0,0.0,0.0,0.0,0.0,0.0,0.0,0.0
2013-05-16,0.0,0.0,0.0,0.0,0.0,0.0,0.0,0.0,0.0,0.0,0.0,0.0,0.0,0.0,0.0,0.0,0.0
2013-05-17,0.0,0.0,0.0,0.0,0.0,0.0,0.0,0.0,0.0,0.0,0.0,0.0,0.0,0.0,0.0,0.0,0.0
2013-05-20,0.0,0.0,0.0,0.0,0.0,0.0,0.0,0.0,0.0,0.0,0.0,0.0,0.0,0.0,0.0,0.0,0.0
2013-05-21,0.0,0.0,0.0,0.0,0.0,0.0,0.0,0.0,0.0,0.0,0.0,0.0,0.0,0.0,0.0,0.0,0.0
2013-05-22,0.0,0.0,0.0,0.0,0.0,0.0,0.0,0.0,0.0,0.0,0.0,0.0,0.0,0.0,0.0,0.0,0.0
2013-05-23,0.0,0.0,0.0,0.0,0.0,0.0,0.0,0.0,0.0,0.0,0.0,0.0,0.0,0.0,0.0,0.0,0.0
2013-05-24,0.0,0.0,0.0,0.0,0.0,0.0,0.0,0.0,0.0,0.0,0.0,0.0,0.0,0.0,0.0,0.0,0.0
2013-05-27,0.0,0.0,0.0,0.0,0.0,0.0,0.0,0.0,0.0,0.0,0.0,0.0,0.0,0.0,0.0,0.0,0.0
2013-05-28,0.0,0.0,0.0,0.0,0.0,0.0,0.0,0.0,0.0,0.0,0.0,0.0,0.0,0.0,0.0,0.0,0.0
2013-05-29,0.0,0.0,0.0,0.0,0.0,0.0,0.0,0.0,0.0,0.0,0.0,0.0,0.0,0.0,0.0,0.0,0.0
2013-05-30,0.0,0.0,0.0,0.0,0.0,0.0,0.0,0.0,0.0,0.0,0.0,0.0,0.0,0.0,0.0,0.0,0.0
2013-05-31,0.0,0.0,0.0,0.0,0.0,0.0,0.0,0.0,0.0,0.0,0.0,0.0,0.0,0.0,0.0,0.0,0.0
2013-06-03,0.0,0.0,0.0,0.0,0.0,0.0,0.0,0.0,0.0,0.0,0.0,0.0,0.0,0.0,0.0,0.0,0.0
2013-06-04,0.0,0.0,0.0,0.0,0.0,0.0,0.0,0.0,0.0,0.0,0.0,0.0,0.0,0.0,0.0,0.0,0.0
2013-06-05,0.0,0.0,0.0,0.0,0.0,0.0,0.0,0.0,0.0,0.0,0.0,0.0,0.0,0.0,0.0,0.0,0.0
2013-06-06,0.0,0.0,0.0,0.0,0.0,0.0,0.0,0.0,0.0,0.0,0.0,0.0,0.0,0.0,0.0,0.0,0.0
2013-06-07,0.0,0.0,0.0,0.0,0.0,0.0,0.0,0.0,0.0,0.0,0.0,0.0,0.0,0.0,0.0,0.0,0.0
2013-06-10,0.0,0.0,0.0,0.0,0.0,0.0,0.0,0.0,0.0,0.0,0.0,0.0,0.0,0.0,0.0,0.0,0.0
2013-06-11,0.0,0.0,0.0,0.0,0.0,0.0,0.0,0.0,0.0,0.0,0.0,0.0,0.0,0.0,0.0,0.0,0.0
2013-06-13,0.0,0.0,0.0,0.0,0.0,0.0,0.0,0.0,0.0,0.0,0.0,0.0,0.0,0.0,0.0,0.0,0.0
2013-06-14,0.0,0.0,0.0,0.0,0.0,0.0,0.0,0.0,0.0,0.0,0.0,0.0,0.0,0.0,0.0,0.0,0.0
2013-06-17,0.0,0.0,0.0,0.0,0.0,0.0,0.0,0.0,0.0,0.0,0.0,0.0,0.0,0.0,0.0,0.0,0.0
2013-06-18,0.0,0.0,0.0,0.0,0.0,0.0,0.0,0.0,0.0,0.0,0.0,0.0,0.0,0.0,0.0,0.0,0.0
2013-06-19,0.0,0.0,0.0,0.0,0.0,0.0,0.0,0.0,0.0,0.0,0.0,0.0,0.0,0.0,0.0,0.0,0.0
2013-06-20,0.0,0.0,0.0,0.0,0.0,0.0,0.0,0.0,0.0,0.0,0.0,0.0,0.0,0.0,0.0,0.0,0.0
2013-06-21,0.0,0.0,0.0,0.0,0.0,0.0,0.0,0.0,0.0,0.0,0.0,0.0,0.0,0.0,0.0,0.0,0.0
2013-06-24,0.0,0.0,0.0,0.0,0.0,0.0,0.0,0.0,0.0,0.0,0.0,0.0,0.0,0.0,0.0,0.0,0.0
2013-06-25,0.0,0.0,0.0,0.0,0.0,0.0,0.0,0.0,0.0,0.0,0.0,0.0,0.0,0.0,0.0,0.0,0.0
2013-06-26,0.0,0.0,0.0,0.0,0.0,0.0,0.0,0.0,0.0,0.0,0.0,0.0,0.0,0.0,0.0,0.0,0.0
2013-06-27,0.0,0.0,0.0,0.0,0.0,0.0,0.0,0.0,0.0,0.0,0.0,0.0,0.0,0.0,0.0,0.0,0.0
2013-06-28,0.0,0.0,0.0,0.0,0.0,0.0,0.0,0.0,0.0,0.0,0.0,0.0,0.0,0.0,0.0,0.0,0.0
2013-07-01,0.0,0.0,0.0,0.0,0.0,0.0,0.0,0.0,0.0,0.0,0.0,0.0,0.0,0.0,0.0,0.0,0.0
2013-07-02,0.0,0.0,0.0,0.0,0.0,0.0,0.0,0.0,0.0,0.0,0.0,0.0,0.0,0.0,0.0,0.0,0.0
2013-07-03,0.0,0.0,0.0,0.0,0.0,0.0,0.0,0.0,0.0,0.0,0.0,0.0,0.0,0.0,0.0,0.0,0.0
2013-07-04,0.0,0.0,0.0,0.0,0.0,0.0,0.0,0.0,0.0,0.0,0.0,0.0,0.0,0.0,0.0,0.0,0.0
2013-07-05,0.0,0.0,0.0,0.0,0.0,0.0,0.0,0.0,0.0,0.0,0.0,0.0,0.0,0.0,0.0,0.0,0.0
2013-07-08,0.0,0.0,0.0,0.0,0.0,0.0,0.0,0.0,0.0,0.0,0.0,0.0,0.0,0.0,0.0,0.0,0.0
2013-07-09,0.0,0.0,0.0,0.0,0.0,0.0,0.0,0.0,0.0,0.0,0.0,0.0,0.0,0.0,0.0,0.0,0.0
2013-07-10,0.0,0.0,0.0,0.0,0.0,0.0,0.0,0.0,0.0,0.0,0.0,0.0,0.0,0.0,0.0,0.0,0.0
2013-07-11,0.0,0.0,0.0,0.0,0.0,0.0,0.0,0.0,0.0,0.0,0.0,0.0,0.0,0.0,0.0,0.0,0.0
2013-07-12,0.0,0.0,0.0,0.0,0.0,0.0,0.0,0.0,0.0,0.0,0.0,0.0,0.0,0.0,0.0,0.0,0.0
2013-07-15,0.0,0.0,0.0,0.0,0.0,0.0,0.0,0.0,0.0,0.0,0.0,0.0,0.0,0.0,0.0,0.0,0.0
2013-07-16,0.0,0.0,0.0,0.0,0.0,0.0,0.0,0.0,0.0,0.0,0.0,0.0,0.0,0.0,0.0,0.0,0.0
2013-07-17,0.0,0.0,0.0,0.0,0.0,0.0,0.0,0.0,0.0,0.0,0.0,0.0,0.0,0.0,0.0,0.0,0.0
2013-07-18,0.0,0.0,0.0,0.0,0.0,0.0,0.0,0.0,0.0,0.0,0.0,0.0,0.0,0.0,0.0,0.0,0.0
2013-07-19,0.0,0.0,0.0,0.0,0.0,0.0,0.0,0.0,0.0,0.0,0.0,0.0,0.0,0.0,0.0,0.0,0.0
2013-07-22,0.0,0.0,0.0,0.0,0.0,0.0,0.0,0.0,0.0,0.0,0.0,0.0,0.0,0.0,0.0,0.0,0.0
2013-07-23,0.0,0.0,0.0,0.0,0.0,0.0,0.0,0.0,0.0,0.0,0.0,0.0,0.0,0.0,0.0,0.0,0.0
2013-07-24,0.0,0.0,0.0,0.0,0.0,0.0,0.0,0.0,0.0,0.0,0.0,0.0,0.0,0.0,0.0,0.0,0.0
2013-07-25,0.0,0.0,0.0,0.0,0.0,0.0,0.0,0.0,0.0,0.0,0.0,0.0,0.0,0.0,0.0,0.0,0.0
2013-07-26,0.0,0.0,0.0,0.0,0.0,0.0,0.0,0.0,0.0,0.0,0.0,0.0,0.0,0.0,0.0,0.0,0.0
2013-07-29,0.0,0.0,0.0,0.0,0.0,0.0,0.0,0.0,0.0,0.0,0.0,0.0,0.0,0.0,0.0,0.0,0.0
2013-07-30,0.0,0.0,0.0,0.0,0.0,0.0,0.0,0.0,0.0,0.0,0.0,0.0,0.0,0.0,0.0,0.0,0.0
2013-07-31,0.0,0.0,0.0,0.0,0.0,0.0,0.0,0.0,0.0,0.0,0.0,0.0,0.0,0.0,0.0,0.0,0.0
2013-08-01,0.0,0.0,0.0,0.0,0.0,0.0,0.0,0.0,0.0,0.0,0.0,0.0,0.0,0.0,0.0,0.0,0.0
2013-08-02,0.0,0.0,0.0,0.0,0.0,0.0,0.0,0.0,0.0,0.0,0.0,0.0,0.0,0.0,0.0,0.0,0.0
2013-08-05,0.0,0.0,0.0,0.0,0.0,0.0,0.0,0.0,0.0,0.0,0.0,0.0,0.0,0.0,0.0,0.0,0.0
2013-08-06,0.0,0.0,0.0,0.0,0.0,0.0,0.0,0.0,0.0,0.0,0.0,0.0,0.0,0.0,0.0,0.0,0.0
2013-08-07,0.0,0.0,0.0,0.0,0.0,0.0,0.0,0.0,0.0,0.0,0.0,0.0,0.0,0.0,0.0,0.0,0.0
2013-08-08,0.0,0.0,0.0,0.0,0.0,0.0,0.0,0.0,0.0,0.0,0.0,0.0,0.0,0.0,0.0,0.0,0.0
2013-08-09,0.0,0.0,0.0,0.0,0.0,0.0,0.0,0.0,0.0,0.0,0.0,0.0,0.0,0.0,0.0,0.0,0.0
2013-08-12,0.0,0.0,0.0,0.0,0.0,0.0,0.0,0.0,0.0,0.0,0.0,0.0,0.0,0.0,0.0,0.0,0.0
2013-08-13,0.0,0.0,0.0,0.0,0.0,0.0,0.0,0.0,0.0,0.0,0.0,0.0,0.0,0.0,0.0,0.0,0.0
2013-08-14,0.0,0.0,0.0,0.0,0.0,0.0,0.0,0.0,0.0,0.0,0.0,0.0,0.0,0.0,0.0,0.0,0.0
2013-08-15,0.0,0.0,0.0,0.0,0.0,0.0,0.0,0.0,0.0,0.0,0.0,0.0,0.0,0.0,0.0,0.0,0.0
2013-08-16,0.0,0.0,0.0,0.0,0.0,0.0,0.0,0.0,0.0,0.0,0.0,0.0,0.0,0.0,0.0,0.0,0.0
2013-08-19,0.0,0.0,0.0,0.0,0.0,0.0,0.0,0.0,0.0,0.0,0.0,0.0,0.0,0.0,0.0,0.0,0.0
2013-08-20,0.0,0.0,0.0,0.0,0.0,0.0,0.0,0.0,0.0,0.0,0.0,0.0,0.0,0.0,0.0,0.0,0.0
2013-08-22,0.0,0.0,0.0,0.0,0.0,0.0,0.0,0.0,0.0,0.0,0.0,0.0,0.0,0.0,0.0,0.0,0.0
2013-08-23,0.0,0.0,0.0,0.0,0.0,0.0,0.0,0.0,0.0,0.0,0.0,0.0,0.0,0.0,0.0,0.0,0.0
2013-08-26,0.0,0.0,0.0,0.0,0.0,0.0,0.0,0.0,0.0,0.0,0.0,0.0,0.0,0.0,0.0,0.0,0.0
2013-08-27,0.0,0.0,0.0,0.0,0.0,0.0,0.0,0.0,0.0,0.0,0.0,0.0,0.0,0.0,0.0,0.0,0.0
2013-08-28,0.0,0.0,0.0,0.0,0.0,0.0,0.0,0.0,0.0,0.0,0.0,0.0,0.0,0.0,0.0,0.0,0.0
2013-08-29,0.0,0.0,0.0,0.0,0.0,0.0,0.0,0.0,0.0,0.0,0.0,0.0,0.0,0.0,0.0,0.0,0.0
2013-08-30,0.0,0.0,0.0,0.0,0.0,0.0,0.0,0.0,0.0,0.0,0.0,0.0,0.0,0.0,0.0,0.0,0.0
2013-09-02,0.0,0.0,0.0,0.0,0.0,0.0,0.0,0.0,0.0,0.0,0.0,0.0,0.0,0.0,0.0,0.0,0.0
2013-09-03,0.0,0.0,0.0,0.0,0.0,0.0,0.0,0.0,0.0,0.0,0.0,0.0,0.0,0.0,0.0,0.0,0.0
2013-09-04,0.0,0.0,0.0,0.0,0.0,0.0,0.0,0.0,0.0,0.0,0.0,0.0,0.0,0.0,0.0,0.0,0.0
2013-09-05,0.0,0.0,0.0,0.0,0.0,0.0,0.0,0.0,0.0,0.0,0.0,0.0,0.0,0.0,0.0,0.0,0.0
2013-09-06,0.0,0.0,0.0,0.0,0.0,0.0,0.0,0.0,0.0,0.0,0.0,0.0,0.0,0.0,0.0,0.0,0.0
2013-09-09,0.0,0.0,0.0,0.0,0.0,0.0,0.0,0.0,0.0,0.0,0.0,0.0,0.0,0.0,0.0,0.0,0.0
2013-09-10,0.0,0.0,0.0,0.0,0.0,0.0,0.0,0.0,0.0,0.0,0.0,0.0,0.0,0.0,0.0,0.0,0.0
2013-09-11,0.0,0.0,0.0,0.0,0.0,0.0,0.0,0.0,0.0,0.0,0.0,0.0,0.0,0.0,0.0,0.0,0.0
2013-09-12,0.0,0.0,0.0,0.0,0.0,0.0,0.0,0.0,0.0,0.0,0.0,0.0,0.0,0.0,0.0,0.0,0.0
2013-09-13,0.0,0.0,0.0,0.0,0.0,0.0,0.0,0.0,0.0,0.0,0.0,0.0,0.0,0.0,0.0,0.0,0.0
2013-09-14,0.0,0.0,0.0,0.0,0.0,0.0,0.0,0.0,0.0,0.0,0.0,0.0,0.0,0.0,0.0,0.0,0.0
2013-09-16,0.0,0.0,0.0,0.0,0.0,0.0,0.0,0.0,0.0,0.0,0.0,0.0,0.0,0.0,0.0,0.0,0.0
2013-09-17,0.0,0.0,0.0,0.0,0.0,0.0,0.0,0.0,0.0,0.0,0.0,0.0,0.0,0.0,0.0,0.0,0.0
2013-09-18,0.0,0.0,0.0,0.0,0.0,0.0,0.0,0.0,0.0,0.0,0.0,0.0,0.0,0.0,0.0,0.0,0.0
2013-09-23,0.0,0.0,0.0,0.0,0.0,0.0,0.0,0.0,0.0,0.0,0.0,0.0,0.0,0.0,0.0,0.0,0.0
2013-09-24,0.0,0.0,0.0,0.0,0.0,0.0,0.0,0.0,0.0,0.0,0.0,0.0,0.0,0.0,0.0,0.0,0.0
2013-09-25,0.0,0.0,0.0,0.0,0.0,0.0,0.0,0.0,0.0,0.0,0.0,0.0,0.0,0.0,0.0,0.0,0.0
2013-09-26,0.0,0.0,0.0,0.0,0.0,0.0,0.0,0.0,0.0,0.0,0.0,0.0,0.0,0.0,0.0,0.0,0.0
2013-09-27,0.0,0.0,0.0,0.0,0.0,0.0,0.0,0.0,0.0,0.0,0.0,0.0,0.0,0.0,0.0,0.0,0.0
2013-09-30,0.0,0.0,0.0,0.0,0.0,0.0,0.0,0.0,0.0,0.0,0.0,0.0,0.0,0.0,0.0,0.0,0.0
2013-10-01,0.0,0.0,0.0,0.0,0.0,0.0,0.0,0.0,0.0,0.0,0.0,0.0,0.0,0.0,0.0,0.0,0.0
2013-10-02,0.0,0.0,0.0,0.0,0.0,0.0,0.0,0.0,0.0,0.0,0.0,0.0,0.0,0.0,0.0,0.0,0.0
2013-10-03,0.0,0.0,0.0,0.0,0.0,0.0,0.0,0.0,0.0,0.0,0.0,0.0,0.0,0.0,0.0,0.0,0.0
2013-10-04,0.0,0.0,0.0,0.0,0.0,0.0,0.0,0.0,0.0,0.0,0.0,0.0,0.0,0.0,0.0,0.0,0.0
2013-10-07,0.0,0.0,0.0,0.0,0.0,0.0,0.0,0.0,0.0,0.0,0.0,0.0,0.0,0.0,0.0,0.0,0.0
2013-10-08,0.0,0.0,0.0,0.0,0.0,0.0,0.0,0.0,0.0,0.0,0.0,0.0,0.0,0.0,0.0,0.0,0.0
2013-10-09,0.0,0.0,0.0,0.0,0.0,0.0,0.0,0.0,0.0,0.0,0.0,0.0,0.0,0.0,0.0,0.0,0.0
2013-10-11,0.0,0.0,0.0,0.0,0.0,0.0,0.0,0.0,0.0,0.0,0.0,0.0,0.0,0.0,0.0,0.0,0.0
2013-10-14,0.0,0.0,0.0,0.0,0.0,0.0,0.0,0.0,0.0,0.0,0.0,0.0,0.0,0.0,0.0,0.0,0.0
2013-10-15,0.0,0.0,0.0,0.0,0.0,0.0,0.0,0.0,0.0,0.0,0.0,0.0,0.0,0.0,0.0,0.0,0.0
2013-10-16,0.0,0.0,0.0,0.0,0.0,0.0,0.0,0.0,0.0,0.0,0.0,0.0,0.0,0.0,0.0,0.0,0.0
2013-10-17,0.0,0.0,0.0,0.0,0.0,0.0,0.0,0.0,0.0,0.0,0.0,0.0,0.0,0.0,0.0,0.0,0.0
2013-10-18,0.0,0.0,0.0,0.0,0.0,0.0,0.0,0.0,0.0,0.0,0.0,0.0,0.0,0.0,0.0,0.0,0.0
2013-10-21,0.0,0.0,0.0,0.0,0.0,0.0,0.0,0.0,0.0,0.0,0.0,0.0,0.0,0.0,0.0,0.0,0.0
2013-10-22,0.0,0.0,0.0,0.0,0.0,0.0,0.0,0.0,0.0,0.0,0.0,0.0,0.0,0.0,0.0,0.0,0.0
2013-10-23,0.0,0.0,0.0,0.0,0.0,0.0,0.0,0.0,0.0,0.0,0.0,0.0,0.0,0.0,0.0,0.0,0.0
2013-10-24,0.0,0.0,0.0,0.0,0.0,0.0,0.0,0.0,0.0,0.0,0.0,0.0,0.0,0.0,0.0,0.0,0.0
2013-10-25,0.0,0.0,0.0,0.0,0.0,0.0,0.0,0.0,0.0,0.0,0.0,0.0,0.0,0.0,0.0,0.0,0.0
2013-10-28,0.0,0.0,0.0,0.0,0.0,0.0,0.0,0.0,0.0,0.0,0.0,0.0,0.0,0.0,0.0,0.0,0.0
2013-10-29,0.0,0.0,0.0,0.0,0.0,0.0,0.0,0.0,0.0,0.0,0.0,0.0,0.0,0.0,0.0,0.0,0.0
2013-10-30,0.0,0.0,0.0,0.0,0.0,0.0,0.0,0.0,0.0,0.0,0.0,0.0,0.0,0.0,0.0,0.0,0.0
2013-10-31,0.0,0.0,0.0,0.0,0.0,0.0,0.0,0.0,0.0,0.0,0.0,0.0,0.0,0.0,0.0,0.0,0.0
2013-11-01,0.0,0.0,0.0,0.0,0.0,0.0,0.0,0.0,0.0,0.0,0.0,0.0,0.0,0.0,0.0,0.0,0.0
2013-11-04,0.0,0.0,0.0,0.0,0.0,0.0,0.0,0.0,0.0,0.0,0.0,0.0,0.0,0.0,0.0,0.0,0.0
2013-11-05,0.0,0.0,0.0,0.0,0.0,0.0,0.0,0.0,0.0,0.0,0.0,0.0,0.0,0.0,0.0,0.0,0.0
2013-11-06,0.0,0.0,0.0,0.0,0.0,0.0,0.0,0.0,0.0,0.0,0.0,0.0,0.0,0.0,0.0,0.0,0.0
2013-11-07,0.0,0.0,0.0,0.0,0.0,0.0,0.0,0.0,0.0,0.0,0.0,0.0,0.0,0.0,0.0,0.0,0.0
2013-11-08,0.0,0.0,0.0,0.0,0.0,0.0,0.0,0.0,0.0,0.0,0.0,0.0,0.0,0.0,0.0,0.0,0.0
2013-11-11,0.0,0.0,0.0,0.0,0.0,0.0,0.0,0.0,0.0,0.0,0.0,0.0,0.0,0.0,0.0,0.0,0.0
2013-11-12,0.0,0.0,0.0,0.0,0.0,0.0,0.0,0.0,0.0,0.0,0.0,0.0,0.0,0.0,0.0,0.0,0.0
2013-11-13,0.0,0.0,0.0,0.0,0.0,0.0,0.0,0.0,0.0,0.0,0.0,0.0,0.0,0.0,0.0,0.0,0.0
2013-11-14,0.0,0.0,0.0,0.0,0.0,0.0,0.0,0.0,0.0,0.0,0.0,0.0,0.0,0.0,0.0,0.0,0.0
2013-11-15,0.0,0.0,0.0,0.0,0.0,0.0,0.0,0.0,0.0,0.0,0.0,0.0,0.0,0.0,0.0,0.0,0.0
2013-11-18,0.0,0.0,0.0,0.0,0.0,0.0,0.0,0.0,0.0,0.0,0.0,0.0,0.0,0.0,0.0,0.0,0.0
2013-11-19,0.0,0.0,0.0,0.0,0.0,0.0,0.0,0.0,0.0,0.0,0.0,0.0,0.0,0.0,0.0,0.0,0.0
2013-11-20,0.0,0.0,0.0,0.0,0.0,0.0,0.0,0.0,0.0,0.0,0.0,0.0,0.0,0.0,0.0,0.0,0.0
2013-11-21,0.0,0.0,0.0,0.0,0.0,0.0,0.0,0.0,0.0,0.0,0.0,0.0,0.0,0.0,0.0,0.0,0.0
2013-11-22,0.0,0.0,0.0,0.0,0.0,0.0,0.0,0.0,0.0,0.0,0.0,0.0,0.0,0.0,0.0,0.0,0.0
2013-11-25,0.0,0.0,0.0,0.0,0.0,0.0,0.0,0.0,0.0,0.0,0.0,0.0,0.0,0.0,0.0,0.0,0.0
2013-11-26,0.0,0.0,0.0,0.0,0.0,0.0,0.0,0.0,0.0,0.0,0.0,0.0,0.0,0.0,0.0,0.0,0.0
2013-11-27,0.0,0.0,0.0,0.0,0.0,0.0,0.0,0.0,0.0,0.0,0.0,0.0,0.0,0.0,0.0,0.0,0.0
2013-11-28,0.0,0.0,0.0,0.0,0.0,0.0,0.0,0.0,0.0,0.0,0.0,0.0,0.0,0.0,0.0,0.0,0.0
2013-11-29,0.0,0.0,0.0,0.0,0.0,0.0,0.0,0.0,0.0,0.0,0.0,0.0,0.0,0.0,0.0,0.0,0.0
2013-12-02,0.0,0.0,0.0,0.0,0.0,0.0,0.0,0.0,0.0,0.0,0.0,0.0,0.0,0.0,0.0,0.0,0.0
2013-12-03,0.0,0.0,0.0,0.0,0.0,0.0,0.0,0.0,0.0,0.0,0.0,0.0,0.0,0.0,0.0,0.0,0.0
2013-12-04,0.0,0.0,0.0,0.0,0.0,0.0,0.0,0.0,0.0,0.0,0.0,0.0,0.0,0.0,0.0,0.0,0.0
2013-12-05,0.0,0.0,0.0,0.0,0.0,0.0,0.0,0.0,0.0,0.0,0.0,0.0,0.0,0.0,0.0,0.0,0.0
2013-12-06,0.0,0.0,0.0,0.0,0.0,0.0,0.0,0.0,0.0,0.0,0.0,0.0,0.0,0.0,0.0,0.0,0.0
2013-12-09,0.0,0.0,0.0,0.0,0.0,0.0,0.0,0.0,0.0,0.0,0.0,0.0,0.0,0.0,0.0,0.0,0.0
2013-12-10,0.0,0.0,0.0,0.0,0.0,0.0,0.0,0.0,0.0,0.0,0.0,0.0,0.0,0.0,0.0,0.0,0.0
2013-12-11,0.0,0.0,0.0,0.0,0.0,0.0,0.0,0.0,0.0,0.0,0.0,0.0,0.0,0.0,0.0,0.0,0.0
2013-12-12,0.0,0.0,0.0,0.0,0.0,0.0,0.0,0.0,0.0,0.0,0.0,0.0,0.0,0.0,0.0,0.0,0.0
2013-12-13,0.0,0.0,0.0,0.0,0.0,0.0,0.0,0.0,0.0,0.0,0.0,0.0,0.0,0.0,0.0,0.0,0.0
2013-12-16,0.0,0.0,0.0,0.0,0.0,0.0,0.0,0.0,0.0,0.0,0.0,0.0,0.0,0.0,0.0,0.0,0.0
2013-12-17,0.0,0.0,0.0,0.0,0.0,0.0,0.0,0.0,0.0,0.0,0.0,0.0,0.0,0.0,0.0,0.0,0.0
2013-12-18,0.0,0.0,0.0,0.0,0.0,0.0,0.0,0.0,0.0,0.0,0.0,0.0,0.0,0.0,0.0,0.0,0.0
2013-12-19,0.0,0.0,0.0,0.0,0.0,0.0,0.0,0.0,0.0,0.0,0.0,0.0,0.0,0.0,0.0,0.0,0.0
2013-12-20,0.0,0.0,0.0,0.0,0.0,0.0,0.0,0.0,0.0,0.0,0.0,0.0,0.0,0.0,0.0,0.0,0.0
2013-12-23,0.0,0.0,0.0,0.0,0.0,0.0,0.0,0.0,0.0,0.0,0.0,0.0,0.0,0.0,0.0,0.0,0.0
2013-12-24,0.0,0.0,0.0,0.0,0.0,0.0,0.0,0.0,0.0,0.0,0.0,0.0,0.0,0.0,0.0,0.0,0.0
2013-12-25,0.0,0.0,0.0,0.0,0.0,0.0,0.0,0.0,0.0,0.0,0.0,0.0,0.0,0.0,0.0,0.0,0.0
2013-12-26,0.0,0.0,0.0,0.0,0.0,0.0,0.0,0.0,0.0,0.0,0.0,0.0,0.0,0.0,0.0,0.0,0.0
2013-12-27,0.0,0.0,0.0,0.0,0.0,0.0,0.0,0.0,0.0,0.0,0.0,0.0,0.0,0.0,0.0,0.0,0.0
2013-12-30,0.0,0.0,0.0,0.0,0.0,0.0,0.0,0.0,0.0,0.0,0.0,0.0,0.0,0.0,0.0,0.0,0.0
2013-12-31,0.0,0.0,0.0,0.0,0.0,0.0,0.0,0.0,0.0,0.0,0.0,0.0,0.0,0.0,0.0,0.0,0.0
2014-01-02,0.0,0.0,0.0,0.0,0.0,0.0,0.0,0.0,0.0,0.0,0.0,0.0,0.0,0.0,0.0,0.0,0.0
2014-01-03,0.0,0.0,0.0,0.0,0.0,0.0,0.0,0.0,0.0,0.0,0.0,0.0,0.0,0.0,0.0,0.0,0.0
2014-01-06,0.0,0.0,0.0,0.0,0.0,0.0,0.0,0.0,0.0,0.0,0.0,0.0,0.0,0.0,0.0,0.0,0.0
2014-01-07,0.0,0.0,0.0,0.0,0.0,0.0,0.0,0.0,0.0,0.0,0.0,0.0,0.0,0.0,0.0,0.0,0.0
2014-01-08,0.0,0.0,0.0,0.0,0.0,0.0,0.0,0.0,0.0,0.0,0.0,0.0,0.0,0.0,0.0,0.0,0.0
2014-01-09,0.0,0.0,0.0,0.0,0.0,0.0,0.0,0.0,0.0,0.0,0.0,0.0,0.0,0.0,0.0,0.0,0.0
2014-01-10,0.0,0.0,0.0,0.0,0.0,0.0,0.0,0.0,0.0,0.0,0.0,0.0,0.0,0.0,0.0,0.0,0.0
2014-01-13,0.0,0.0,0.0,0.0,0.0,0.0,0.0,0.0,0.0,0.0,0.0,0.0,0.0,0.0,0.0,0.0,0.0
2014-01-14,0.0,0.0,0.0,0.0,0.0,0.0,0.0,0.0,0.0,0.0,0.0,0.0,0.0,0.0,0.0,0.0,0.0
2014-01-15,0.0,0.0,0.0,0.0,0.0,0.0,0.0,0.0,0.0,0.0,0.0,0.0,0.0,0.0,0.0,0.0,0.0
2014-01-16,0.0,0.0,0.0,0.0,0.0,0.0,0.0,0.0,0.0,0.0,0.0,0.0,0.0,0.0,0.0,0.0,0.0
2014-01-17,0.0,0.0,0.0,0.0,0.0,0.0,0.0,0.0,0.0,0.0,0.0,0.0,0.0,0.0,0.0,0.0,0.0
2014-01-20,0.0,0.0,0.0,0.0,0.0,0.0,0.0,0.0,0.0,0.0,0.0,0.0,0.0,0.0,0.0,0.0,0.0
2014-01-21,0.0,0.0,0.0,0.0,0.0,0.0,0.0,0.0,0.0,0.0,0.0,0.0,0.0,0.0,0.0,0.0,0.0
2014-01-22,0.0,0.0,0.0,0.0,0.0,0.0,0.0,0.0,0.0,0.0,0.0,0.0,0.0,0.0,0.0,0.0,0.0
2014-01-23,0.0,0.0,0.0,0.0,0.0,0.0,0.0,0.0,0.0,0.0,0.0,0.0,0.0,0.0,0.0,0.0,0.0
2014-01-24,0.0,0.0,0.0,0.0,0.0,0.0,0.0,0.0,0.0,0.0,0.0,0.0,0.0,0.0,0.0,0.0,0.0
2014-01-27,0.0,0.0,0.0,0.0,0.0,0.0,0.0,0.0,0.0,0.0,0.0,0.0,0.0,0.0,0.0,0.0,0.0
2014-02-05,0.0,0.0,0.0,0.0,0.0,0.0,0.0,0.0,0.0,0.0,0.0,0.0,0.0,0.0,0.0,0.0,0.0
2014-02-06,0.0,0.0,0.0,0.0,0.0,0.0,0.0,0.0,0.0,0.0,0.0,0.0,0.0,0.0,0.0,0.0,0.0
2014-02-07,0.0,0.0,0.0,0.0,0.0,0.0,0.0,0.0,0.0,0.0,0.0,0.0,0.0,0.0,0.0,0.0,0.0
2014-02-10,0.0,0.0,0.0,0.0,0.0,0.0,0.0,0.0,0.0,0.0,0.0,0.0,0.0,0.0,0.0,0.0,0.0
2014-02-11,0.0,0.0,0.0,0.0,0.0,0.0,0.0,0.0,0.0,0.0,0.0,0.0,0.0,0.0,0.0,0.0,0.0
2014-02-12,0.0,0.0,0.0,0.0,0.0,0.0,0.0,0.0,0.0,0.0,0.0,0.0,0.0,0.0,0.0,0.0,0.0
2014-02-13,0.0,0.0,0.0,0.0,0.0,0.0,0.0,0.0,0.0,0.0,0.0,0.0,0.0,0.0,0.0,0.0,0.0
2014-02-14,0.0,0.0,0.0,0.0,0.0,0.0,0.0,0.0,0.0,0.0,0.0,0.0,0.0,0.0,0.0,0.0,0.0
2014-02-17,0.0,0.0,0.0,0.0,0.0,0.0,0.0,0.0,0.0,0.0,0.0,0.0,0.0,0.0,0.0,0.0,0.0
2014-02-18,0.0,0.0,0.0,0.0,0.0,0.0,0.0,0.0,0.0,0.0,0.0,0.0,0.0,0.0,0.0,0.0,0.0
2014-02-19,0.0,0.0,0.0,0.0,0.0,0.0,0.0,0.0,0.0,0.0,0.0,0.0,0.0,0.0,0.0,0.0,0.0
2014-02-20,0.0,0.0,0.0,0.0,0.0,0.0,0.0,0.0,0.0,0.0,0.0,0.0,0.0,0.0,0.0,0.0,0.0
2014-02-21,0.0,0.0,0.0,0.0,0.0,0.0,0.0,0.0,0.0,0.0,0.0,0.0,0.0,0.0,0.0,0.0,0.0
2014-02-24,0.0,0.0,0.0,0.0,0.0,0.0,0.0,0.0,0.0,0.0,0.0,0.0,0.0,0.0,0.0,0.0,0.0
2014-02-25,0.0,0.0,0.0,0.0,0.0,0.0,0.0,0.0,0.0,0.0,0.0,0.0,0.0,0.0,0.0,0.0,0.0
2014-02-26,0.0,0.0,0.0,0.0,0.0,0.0,0.0,0.0,0.0,0.0,0.0,0.0,0.0,0.0,0.0,0.0,0.0
2014-02-27,0.0,0.0,0.0,0.0,0.0,0.0,0.0,0.0,0.0,0.0,0.0,0.0,0.0,0.0,0.0,0.0,0.0
2014-03-03,0.0,0.0,0.0,0.0,0.0,0.0,0.0,0.0,0.0,0.0,0.0,0.0,0.0,0.0,0.0,0.0,0.0
2014-03-04,0.0,0.0,0.0,0.0,0.0,0.0,0.0,0.0,0.0,0.0,0.0,0.0,0.0,0.0,0.0,0.0,0.0
2014-03-05,0.0,0.0,0.0,0.0,0.0,0.0,0.0,0.0,0.0,0.0,0.0,0.0,0.0,0.0,0.0,0.0,0.0
2014-03-06,0.0,0.0,0.0,0.0,0.0,0.0,0.0,0.0,0.0,0.0,0.0,0.0,0.0,0.0,0.0,0.0,0.0
2014-03-07,0.0,0.0,0.0,0.0,0.0,0.0,0.0,0.0,0.0,0.0,0.0,0.0,0.0,0.0,0.0,0.0,0.0
2014-03-10,0.0,0.0,0.0,0.0,0.0,0.0,0.0,0.0,0.0,0.0,0.0,0.0,0.0,0.0,0.0,0.0,0.0
2014-03-11,0.0,0.0,0.0,0.0,0.0,0.0,0.0,0.0,0.0,0.0,0.0,0.0,0.0,0.0,0.0,0.0,0.0
2014-03-12,0.0,0.0,0.0,0.0,0.0,0.0,0.0,0.0,0.0,0.0,0.0,0.0,0.0,0.0,0.0,0.0,0.0
2014-03-13,0.0,0.0,0.0,0.0,0.0,0.0,0.0,0.0,0.0,0.0,0.0,0.0,0.0,0.0,0.0,0.0,0.0
2014-03-14,0.0,0.0,0.0,0.0,0.0,0.0,0.0,0.0,0.0,0.0,0.0,0.0,0.0,0.0,0.0,0.0,0.0
2014-03-17,0.0,0.0,0.0,0.0,0.0,0.0,0.0,0.0,0.0,0.0,0.0,0.0,0.0,0.0,0.0,0.0,0.0
2014-03-18,0.0,0.0,0.0,0.0,0.0,0.0,0.0,0.0,0.0,0.0,0.0,0.0,0.0,0.0,0.0,0.0,0.0
2014-03-19,0.0,0.0,0.0,0.0,0.0,0.0,0.0,0.0,0.0,0.0,0.0,0.0,0.0,0.0,0.0,0.0,0.0
2014-03-20,0.0,0.0,0.0,0.0,0.0,0.0,0.0,0.0,0.0,0.0,0.0,0.0,0.0,0.0,0.0,0.0,0.0
2014-03-21,0.0,0.0,0.0,0.0,0.0,0.0,0.0,0.0,0.0,0.0,0.0,0.0,0.0,0.0,0.0,0.0,0.0
2014-03-24,0.0,0.0,0.0,0.0,0.0,0.0,0.0,0.0,0.0,0.0,0.0,0.0,0.0,0.0,0.0,0.0,0.0
2014-03-25,0.0,0.0,0.0,0.0,0.0,0.0,0.0,0.0,0.0,0.0,0.0,0.0,0.0,0.0,0.0,0.0,0.0
2014-03-26,0.0,0.0,0.0,0.0,0.0,0.0,0.0,0.0,0.0,0.0,0.0,0.0,0.0,0.0,0.0,0.0,0.0
2014-03-27,0.0,0.0,0.0,0.0,0.0,0.0,0.0,0.0,0.0,0.0,0.0,0.0,0.0,0.0,0.0,0.0,0.0
2014-03-28,0.0,0.0,0.0,0.0,0.0,0.0,0.0,0.0,0.0,0.0,0.0,0.0,0.0,0.0,0.0,0.0,0.0
2014-03-31,0.0,0.0,0.0,0.0,0.0,0.0,0.0,0.0,0.0,0.0,0.0,0.0,0.0,0.0,0.0,0.0,0.0
2014-04-01,0.0,0.0,0.0,0.0,0.0,0.0,0.0,0.0,0.0,0.0,0.0,0.0,0.0,0.0,0.0,0.0,0.0
2014-04-02,0.0,0.0,0.0,0.0,0.0,0.0,0.0,0.0,0.0,0.0,0.0,0.0,0.0,0.0,0.0,0.0,0.0
2014-04-03,0.0,0.0,0.0,0.0,0.0,0.0,0.0,0.0,0.0,0.0,0.0,0.0,0.0,0.0,0.0,0.0,0.0
2014-04-07,0.0,0.0,0.0,0.0,0.0,0.0,0.0,0.0,0.0,0.0,0.0,0.0,0.0,0.0,0.0,0.0,0.0
2014-04-08,0.0,0.0,0.0,0.0,0.0,0.0,0.0,0.0,0.0,0.0,0.0,0.0,0.0,0.0,0.0,0.0,0.0
2014-04-09,0.0,0.0,0.0,0.0,0.0,0.0,0.0,0.0,0.0,0.0,0.0,0.0,0.0,0.0,0.0,0.0,0.0
2014-04-10,0.0,0.0,0.0,0.0,0.0,0.0,0.0,0.0,0.0,0.0,0.0,0.0,0.0,0.0,0.0,0.0,0.0
2014-04-11,0.0,0.0,0.0,0.0,0.0,0.0,0.0,0.0,0.0,0.0,0.0,0.0,0.0,0.0,0.0,0.0,0.0
2014-04-14,0.0,0.0,0.0,0.0,0.0,0.0,0.0,0.0,0.0,0.0,0.0,0.0,0.0,0.0,0.0,0.0,0.0
2014-04-15,0.0,0.0,0.0,0.0,0.0,0.0,0.0,0.0,0.0,0.0,0.0,0.0,0.0,0.0,0.0,0.0,0.0
2014-04-16,0.0,0.0,0.0,0.0,0.0,0.0,0.0,0.0,0.0,0.0,0.0,0.0,0.0,0.0,0.0,0.0,0.0
2014-04-17,0.0,0.0,0.0,0.0,0.0,0.0,0.0,0.0,0.0,0.0,0.0,0.0,0.0,0.0,0.0,0.0,0.0
2014-04-18,0.0,0.0,0.0,0.0,0.0,0.0,0.0,0.0,0.0,0.0,0.0,0.0,0.0,0.0,0.0,0.0,0.0
2014-04-21,0.0,0.0,0.0,0.0,0.0,0.0,0.0,0.0,0.0,0.0,0.0,0.0,0.0,0.0,0.0,0.0,0.0
2014-04-22,0.0,0.0,0.0,0.0,0.0,0.0,0.0,0.0,0.0,0.0,0.0,0.0,0.0,0.0,0.0,0.0,0.0
2014-04-23,0.0,0.0,0.0,0.0,0.0,0.0,0.0,0.0,0.0,0.0,0.0,0.0,0.0,0.0,0.0,0.0,0.0
2014-04-24,0.0,0.0,0.0,0.0,0.0,0.0,0.0,0.0,0.0,0.0,0.0,0.0,0.0,0.0,0.0,0.0,0.0
2014-04-25,0.0,0.0,0.0,0.0,0.0,0.0,0.0,0.0,0.0,0.0,0.0,0.0,0.0,0.0,0.0,0.0,0.0
2014-04-28,0.0,0.0,0.0,0.0,0.0,0.0,0.0,0.0,0.0,0.0,0.0,0.0,0.0,0.0,0.0,0.0,0.0
2014-04-29,0.0,0.0,0.0,0.0,0.0,0.0,0.0,0.0,0.0,0.0,0.0,0.0,0.0,0.0,0.0,0.0,0.0
2014-04-30,0.0,0.0,0.0,0.0,0.0,0.0,0.0,0.0,0.0,0.0,0.0,0.0,0.0,0.0,0.0,0.0,0.0
2014-05-02,0.0,0.0,0.0,0.0,0.0,0.0,0.0,0.0,0.0,0.0,0.0,0.0,0.0,0.0,0.0,0.0,0.0
2014-05-05,0.0,0.0,0.0,0.0,0.0,0.0,0.0,0.0,0.0,0.0,0.0,0.0,0.0,0.0,0.0,0.0,0.0
2014-05-06,0.0,0.0,0.0,0.0,0.0,0.0,0.0,0.0,0.0,0.0,0.0,0.0,0.0,0.0,0.0,0.0,0.0
2014-05-07,0.0,0.0,0.0,0.0,0.0,0.0,0.0,0.0,0.0,0.0,0.0,0.0,0.0,0.0,0.0,0.0,0.0
2014-05-08,0.0,0.0,0.0,0.0,0.0,0.0,0.0,0.0,0.0,0.0,0.0,0.0,0.0,0.0,0.0,0.0,0.0
2014-05-09,0.0,0.0,0.0,0.0,0.0,0.0,0.0,0.0,0.0,0.0,0.0,0.0,0.0,0.0,0.0,0.0,0.0
2014-05-12,0.0,0.0,0.0,0.0,0.0,0.0,0.0,0.0,0.0,0.0,0.0,0.0,0.0,0.0,0.0,0.0,0.0
2014-05-13,0.0,0.0,0.0,0.0,0.0,0.0,0.0,0.0,0.0,0.0,0.0,0.0,0.0,0.0,0.0,0.0,0.0
2014-05-14,0.0,0.0,0.0,0.0,0.0,0.0,0.0,0.0,0.0,0.0,0.0,0.0,0.0,0.0,0.0,0.0,0.0
2014-05-15,0.0,0.0,0.0,0.0,0.0,0.0,0.0,0.0,0.0,0.0,0.0,0.0,0.0,0.0,0.0,0.0,0.0
2014-05-16,0.0,0.0,0.0,0.0,0.0,0.0,0.0,0.0,0.0,0.0,0.0,0.0,0.0,0.0,0.0,0.0,0.0
2014-05-19,0.0,0.0,0.0,0.0,0.0,0.0,0.0,0.0,0.0,0.0,0.0,0.0,0.0,0.0,0.0,0.0,0.0
2014-05-20,0.0,0.0,0.0,0.0,0.0,0.0,0.0,0.0,0.0,0.0,0.0,0.0,0.0,0.0,0.0,0.0,0.0
2014-05-21,0.0,0.0,0.0,0.0,0.0,0.0,0.0,0.0,0.0,0.0,0.0,0.0,0.0,0.0,0.0,0.0,0.0
2014-05-22,0.0,0.0,0.0,0.0,0.0,0.0,0.0,0.0,0.0,0.0,0.0,0.0,0.0,0.0,0.0,0.0,0.0
2014-05-23,0.0,0.0,0.0,0.0,0.0,0.0,0.0,0.0,0.0,0.0,0.0,0.0,0.0,0.0,0.0,0.0,0.0
2014-05-26,0.0,0.0,0.0,0.0,0.0,0.0,0.0,0.0,0.0,0.0,0.0,0.0,0.0,0.0,0.0,0.0,0.0
2014-05-27,0.0,0.0,0.0,0.0,0.0,0.0,0.0,0.0,0.0,0.0,0.0,0.0,0.0,0.0,0.0,0.0,0.0
2014-05-28,0.0,0.0,0.0,0.0,0.0,0.0,0.0,0.0,0.0,0.0,0.0,0.0,0.0,0.0,0.0,0.0,0.0
2014-05-29,0.0,0.0,0.0,0.0,0.0,0.0,0.0,0.0,0.0,0.0,0.0,0.0,0.0,0.0,0.0,0.0,0.0
2014-05-30,0.0,0.0,0.0,0.0,0.0,0.0,0.0,0.0,0.0,0.0,0.0,0.0,0.0,0.0,0.0,0.0,0.0
2014-06-03,0.0,0.0,0.0,0.0,0.0,0.0,0.0,0.0,0.0,0.0,0.0,0.0,0.0,0.0,0.0,0.0,0.0
2014-06-04,0.0,0.0,0.0,0.0,0.0,0.0,0.0,0.0,0.0,0.0,0.0,0.0,0.0,0.0,0.0,0.0,0.0
2014-06-05,0.0,0.0,0.0,0.0,0.0,0.0,0.0,0.0,0.0,0.0,0.0,0.0,0.0,0.0,0.0,0.0,0.0
2014-06-06,0.0,0.0,0.0,0.0,0.0,0.0,0.0,0.0,0.0,0.0,0.0,0.0,0.0,0.0,0.0,0.0,0.0
2014-06-09,0.0,0.0,0.0,0.0,0.0,0.0,0.0,0.0,0.0,0.0,0.0,0.0,0.0,0.0,0.0,0.0,0.0
2014-06-10,0.0,0.0,0.0,0.0,0.0,0.0,0.0,0.0,0.0,0.0,0.0,0.0,0.0,0.0,0.0,0.0,0.0
2014-06-11,0.0,0.0,0.0,0.0,0.0,0.0,0.0,0.0,0.0,0.0,0.0,0.0,0.0,0.0,0.0,0.0,0.0
2014-06-12,0.0,0.0,0.0,0.0,0.0,0.0,0.0,0.0,0.0,0.0,0.0,0.0,0.0,0.0,0.0,0.0,0.0
2014-06-13,0.0,0.0,0.0,0.0,0.0,0.0,0.0,0.0,0.0,0.0,0.0,0.0,0.0,0.0,0.0,0.0,0.0
2014-06-16,0.0,0.0,0.0,0.0,0.0,0.0,0.0,0.0,0.0,0.0,0.0,0.0,0.0,0.0,0.0,0.0,0.0
2014-06-17,0.0,0.0,0.0,0.0,0.0,0.0,0.0,0.0,0.0,0.0,0.0,0.0,0.0,0.0,0.0,0.0,0.0
2014-06-18,0.0,0.0,0.0,0.0,0.0,0.0,0.0,0.0,0.0,0.0,0.0,0.0,0.0,0.0,0.0,0.0,0.0
2014-06-19,0.0,0.0,0.0,0.0,0.0,0.0,0.0,0.0,0.0,0.0,0.0,0.0,0.0,0.0,0.0,0.0,0.0
2014-06-20,0.0,0.0,0.0,0.0,0.0,0.0,0.0,0.0,0.0,0.0,0.0,0.0,0.0,0.0,0.0,0.0,0.0
2014-06-23,0.0,0.0,0.0,0.0,0.0,0.0,0.0,0.0,0.0,0.0,0.0,0.0,0.0,0.0,0.0,0.0,0.0
2014-06-24,0.0,0.0,0.0,0.0,0.0,0.0,0.0,0.0,0.0,0.0,0.0,0.0,0.0,0.0,0.0,0.0,0.0
2014-06-25,0.0,0.0,0.0,0.0,0.0,0.0,0.0,0.0,0.0,0.0,0.0,0.0,0.0,0.0,0.0,0.0,0.0
2014-06-26,0.0,0.0,0.0,0.0,0.0,0.0,0.0,0.0,0.0,0.0,0.0,0.0,0.0,0.0,0.0,0.0,0.0
2014-06-27,0.0,0.0,0.0,0.0,0.0,0.0,0.0,0.0,0.0,0.0,0.0,0.0,0.0,0.0,0.0,0.0,0.0
2014-06-30,0.0,0.0,0.0,0.0,0.0,0.0,0.0,0.0,0.0,0.0,0.0,0.0,0.0,0.0,0.0,0.0,0.0
2014-07-01,0.0,0.0,0.0,0.0,0.0,0.0,0.0,0.0,0.0,0.0,0.0,0.0,0.0,0.0,0.0,0.0,0.0
2014-07-02,0.0,0.0,0.0,0.0,0.0,0.0,0.0,0.0,0.0,0.0,0.0,0.0,0.0,0.0,0.0,0.0,0.0
2014-07-03,0.0,0.0,0.0,0.0,0.0,0.0,0.0,0.0,0.0,0.0,0.0,0.0,0.0,0.0,0.0,0.0,0.0
2014-07-04,0.0,0.0,0.0,0.0,0.0,0.0,0.0,0.0,0.0,0.0,0.0,0.0,0.0,0.0,0.0,0.0,0.0
2014-07-07,0.0,0.0,0.0,0.0,0.0,0.0,0.0,0.0,0.0,0.0,0.0,0.0,0.0,0.0,0.0,0.0,0.0
2014-07-08,0.0,0.0,0.0,0.0,0.0,0.0,0.0,0.0,0.0,0.0,0.0,0.0,0.0,0.0,0.0,0.0,0.0
2014-07-09,0.0,0.0,0.0,0.0,0.0,0.0,0.0,0.0,0.0,0.0,0.0,0.0,0.0,0.0,0.0,0.0,0.0
2014-07-10,0.0,0.0,0.0,0.0,0.0,0.0,0.0,0.0,0.0,0.0,0.0,0.0,0.0,0.0,0.0,0.0,0.0
2014-07-11,0.0,0.0,0.0,0.0,0.0,0.0,0.0,0.0,0.0,0.0,0.0,0.0,0.0,0.0,0.0,0.0,0.0
2014-07-14,0.0,0.0,0.0,0.0,0.0,0.0,0.0,0.0,0.0,0.0,0.0,0.0,0.0,0.0,0.0,0.0,0.0
2014-07-15,0.0,0.0,0.0,0.0,0.0,0.0,0.0,0.0,0.0,0.0,0.0,0.0,0.0,0.0,0.0,0.0,0.0
2014-07-16,0.0,0.0,0.0,0.0,0.0,0.0,0.0,0.0,0.0,0.0,0.0,0.0,0.0,0.0,0.0,0.0,0.0
2014-07-17,0.0,0.0,0.0,0.0,0.0,0.0,0.0,0.0,0.0,0.0,0.0,0.0,0.0,0.0,0.0,0.0,0.0
2014-07-18,0.0,0.0,0.0,0.0,0.0,0.0,0.0,0.0,0.0,0.0,0.0,0.0,0.0,0.0,0.0,0.0,0.0
2014-07-21,0.0,0.0,0.0,0.0,0.0,0.0,0.0,0.0,0.0,0.0,0.0,0.0,0.0,0.0,0.0,0.0,0.0
2014-07-22,0.0,0.0,0.0,0.0,0.0,0.0,0.0,0.0,0.0,0.0,0.0,0.0,0.0,0.0,0.0,0.0,0.0
2014-07-24,0.0,0.0,0.0,0.0,0.0,0.0,0.0,0.0,0.0,0.0,0.0,0.0,0.0,0.0,0.0,0.0,0.0
2014-07-25,0.0,0.0,0.0,0.0,0.0,0.0,0.0,0.0,0.0,0.0,0.0,0.0,0.0,0.0,0.0,0.0,0.0
2014-07-28,0.0,0.0,0.0,0.0,0.0,0.0,0.0,0.0,0.0,0.0,0.0,0.0,0.0,0.0,0.0,0.0,0.0
2014-07-29,0.0,0.0,0.0,0.0,0.0,0.0,0.0,0.0,0.0,0.0,0.0,0.0,0.0,0.0,0.0,0.0,0.0
2014-07-30,0.0,0.0,0.0,0.0,0.0,0.0,0.0,0.0,0.0,0.0,0.0,0.0,0.0,0.0,0.0,0.0,0.0
2014-07-31,0.0,0.0,0.0,0.0,0.0,0.0,0.0,0.0,0.0,0.0,0.0,0.0,0.0,0.0,0.0,0.0,0.0
2014-08-01,0.0,0.0,0.0,0.0,0.0,0.0,0.0,0.0,0.0,0.0,0.0,0.0,0.0,0.0,0.0,0.0,0.0
2014-08-04,0.0,0.0,0.0,0.0,0.0,0.0,0.0,0.0,0.0,0.0,0.0,0.0,0.0,0.0,0.0,0.0,0.0
2014-08-05,0.0,0.0,0.0,0.0,0.0,0.0,0.0,0.0,0.0,0.0,0.0,0.0,0.0,0.0,0.0,0.0,0.0
2014-08-06,0.0,0.0,0.0,0.0,0.0,0.0,0.0,0.0,0.0,0.0,0.0,0.0,0.0,0.0,0.0,0.0,0.0
2014-08-07,0.0,0.0,0.0,0.0,0.0,0.0,0.0,0.0,0.0,0.0,0.0,0.0,0.0,0.0,0.0,0.0,0.0
2014-08-08,0.0,0.0,0.0,0.0,0.0,0.0,0.0,0.0,0.0,0.0,0.0,0.0,0.0,0.0,0.0,0.0,0.0
2014-08-11,0.0,0.0,0.0,0.0,0.0,0.0,0.0,0.0,0.0,0.0,0.0,0.0,0.0,0.0,0.0,0.0,0.0
2014-08-12,0.0,0.0,0.0,0.0,0.0,0.0,0.0,0.0,0.0,0.0,0.0,0.0,0.0,0.0,0.0,0.0,0.0
2014-08-13,0.0,0.0,0.0,0.0,0.0,0.0,0.0,0.0,0.0,0.0,0.0,0.0,0.0,0.0,0.0,0.0,0.0
2014-08-14,0.0,0.0,0.0,0.0,0.0,0.0,0.0,0.0,0.0,0.0,0.0,0.0,0.0,0.0,0.0,0.0,0.0
2014-08-15,0.0,0.0,0.0,0.0,0.0,0.0,0.0,0.0,0.0,0.0,0.0,0.0,0.0,0.0,0.0,0.0,0.0
2014-08-18,0.0,0.0,0.0,0.0,0.0,0.0,0.0,0.0,0.0,0.0,0.0,0.0,0.0,0.0,0.0,0.0,0.0
2014-08-19,0.0,0.0,0.0,0.0,0.0,0.0,0.0,0.0,0.0,0.0,0.0,0.0,0.0,0.0,0.0,0.0,0.0
2014-08-20,0.0,0.0,0.0,0.0,0.0,0.0,0.0,0.0,0.0,0.0,0.0,0.0,0.0,0.0,0.0,0.0,0.0
2014-08-21,0.0,0.0,0.0,0.0,0.0,0.0,0.0,0.0,0.0,0.0,0.0,0.0,0.0,0.0,0.0,0.0,0.0
2014-08-22,0.0,0.0,0.0,0.0,0.0,0.0,0.0,0.0,0.0,0.0,0.0,0.0,0.0,0.0,0.0,0.0,0.0
2014-08-25,0.0,0.0,0.0,0.0,0.0,0.0,0.0,0.0,0.0,0.0,0.0,0.0,0.0,0.0,0.0,0.0,0.0
2014-08-26,0.0,0.0,0.0,0.0,0.0,0.0,0.0,0.0,0.0,0.0,0.0,0.0,0.0,0.0,0.0,0.0,0.0
2014-08-27,0.0,0.0,0.0,0.0,0.0,0.0,0.0,0.0,0.0,0.0,0.0,0.0,0.0,0.0,0.0,0.0,0.0
2014-08-28,0.0,0.0,0.0,0.0,0.0,0.0,0.0,0.0,0.0,0.0,0.0,0.0,0.0,0.0,0.0,0.0,0.0
2014-08-29,0.0,0.0,0.0,0.0,0.0,0.0,0.0,0.0,0.0,0.0,0.0,0.0,0.0,0.0,0.0,0.0,0.0
2014-09-01,0.0,0.0,0.0,0.0,0.0,0.0,0.0,0.0,0.0,0.0,0.0,0.0,0.0,0.0,0.0,0.0,0.0
2014-09-02,0.0,0.0,0.0,0.0,0.0,0.0,0.0,0.0,0.0,0.0,0.0,0.0,0.0,0.0,0.0,0.0,0.0
2014-09-03,0.0,0.0,0.0,0.0,0.0,0.0,0.0,0.0,0.0,0.0,0.0,0.0,0.0,0.0,0.0,0.0,0.0
2014-09-04,0.0,0.0,0.0,0.0,0.0,0.0,0.0,0.0,0.0,0.0,0.0,0.0,0.0,0.0,0.0,0.0,0.0
2014-09-05,0.0,0.0,0.0,0.0,0.0,0.0,0.0,0.0,0.0,0.0,0.0,0.0,0.0,0.0,0.0,0.0,0.0
2014-09-09,0.0,0.0,0.0,0.0,0.0,0.0,0.0,0.0,0.0,0.0,0.0,0.0,0.0,0.0,0.0,0.0,0.0
2014-09-10,0.0,0.0,0.0,0.0,0.0,0.0,0.0,0.0,0.0,0.0,0.0,0.0,0.0,0.0,0.0,0.0,0.0
2014-09-11,0.0,0.0,0.0,0.0,0.0,0.0,0.0,0.0,0.0,0.0,0.0,0.0,0.0,0.0,0.0,0.0,0.0
2014-09-12,0.0,0.0,0.0,0.0,0.0,0.0,0.0,0.0,0.0,0.0,0.0,0.0,0.0,0.0,0.0,0.0,0.0
2014-09-15,0.0,0.0,0.0,0.0,0.0,0.0,0.0,0.0,0.0,0.0,0.0,0.0,0.0,0.0,0.0,0.0,0.0
2014-09-16,0.0,0.0,0.0,0.0,0.0,0.0,0.0,0.0,0.0,0.0,0.0,0.0,0.0,0.0,0.0,0.0,0.0
2014-09-17,0.0,0.0,0.0,0.0,0.0,0.0,0.0,0.0,0.0,0.0,0.0,0.0,0.0,0.0,0.0,0.0,0.0
2014-09-18,0.0,0.0,0.0,0.0,0.0,0.0,0.0,0.0,0.0,0.0,0.0,0.0,0.0,0.0,0.0,0.0,0.0
2014-09-19,0.0,0.0,0.0,0.0,0.0,0.0,0.0,0.0,0.0,0.0,0.0,0.0,0.0,0.0,0.0,0.0,0.0
2014-09-22,0.0,0.0,0.0,0.0,0.0,0.0,0.0,0.0,0.0,0.0,0.0,0.0,0.0,0.0,0.0,0.0,0.0
2014-09-23,0.0,0.0,0.0,0.0,0.0,0.0,0.0,0.0,0.0,0.0,0.0,0.0,0.0,0.0,0.0,0.0,0.0
2014-09-24,0.0,0.0,0.0,0.0,0.0,0.0,0.0,0.0,0.0,0.0,0.0,0.0,0.0,0.0,0.0,0.0,0.0
2014-09-25,0.0,0.0,0.0,0.0,0.0,0.0,0.0,0.0,0.0,0.0,0.0,0.0,0.0,0.0,0.0,0.0,0.0
2014-09-26,0.0,0.0,0.0,0.0,0.0,0.0,0.0,0.0,0.0,0.0,0.0,0.0,0.0,0.0,0.0,0.0,0.0
2014-09-29,0.0,0.0,0.0,0.0,0.0,0.0,0.0,0.0,0.0,0.0,0.0,0.0,0.0,0.0,0.0,0.0,0.0
2014-09-30,0.0,0.0,0.0,0.0,0.0,0.0,0.0,0.0,0.0,0.0,0.0,0.0,0.0,0.0,0.0,0.0,0.0
2014-10-01,0.0,0.0,0.0,0.0,0.0,0.0,0.0,0.0,0.0,0.0,0.0,0.0,0.0,0.0,0.0,0.0,0.0
2014-10-02,0.0,0.0,0.0,0.0,0.0,0.0,0.0,0.0,0.0,0.0,0.0,0.0,0.0,0.0,0.0,0.0,0.0
2014-10-03,0.0,0.0,0.0,0.0,0.0,0.0,0.0,0.0,0.0,0.0,0.0,0.0,0.0,0.0,0.0,0.0,0.0
2014-10-06,0.0,0.0,0.0,0.0,0.0,0.0,0.0,0.0,0.0,0.0,0.0,0.0,0.0,0.0,0.0,0.0,0.0
2014-10-07,0.0,0.0,0.0,0.0,0.0,0.0,0.0,0.0,0.0,0.0,0.0,0.0,0.0,0.0,0.0,0.0,0.0
2014-10-08,0.0,0.0,0.0,0.0,0.0,0.0,0.0,0.0,0.0,0.0,0.0,0.0,0.0,0.0,0.0,0.0,0.0
2014-10-09,0.0,0.0,0.0,0.0,0.0,0.0,0.0,0.0,0.0,0.0,0.0,0.0,0.0,0.0,0.0,0.0,0.0
2014-10-13,0.0,0.0,0.0,0.0,0.0,0.0,0.0,0.0,0.0,0.0,0.0,0.0,0.0,0.0,0.0,0.0,0.0
2014-10-14,0.0,0.0,0.0,0.0,0.0,0.0,0.0,0.0,0.0,0.0,0.0,0.0,0.0,0.0,0.0,0.0,0.0
2014-10-15,0.0,0.0,0.0,0.0,0.0,0.0,0.0,0.0,0.0,0.0,0.0,0.0,0.0,0.0,0.0,0.0,0.0
2014-10-16,0.0,0.0,0.0,0.0,0.0,0.0,0.0,0.0,0.0,0.0,0.0,0.0,0.0,0.0,0.0,0.0,0.0
2014-10-17,0.0,0.0,0.0,0.0,0.0,0.0,0.0,0.0,0.0,0.0,0.0,0.0,0.0,0.0,0.0,0.0,0.0
2014-10-20,0.0,0.0,0.0,0.0,0.0,0.0,0.0,0.0,0.0,0.0,0.0,0.0,0.0,0.0,0.0,0.0,0.0
2014-10-21,0.0,0.0,0.0,0.0,0.0,0.0,0.0,0.0,0.0,0.0,0.0,0.0,0.0,0.0,0.0,0.0,0.0
2014-10-22,0.0,0.0,0.0,0.0,0.0,0.0,0.0,0.0,0.0,0.0,0.0,0.0,0.0,0.0,0.0,0.0,0.0
2014-10-23,0.0,0.0,0.0,0.0,0.0,0.0,0.0,0.0,0.0,0.0,0.0,0.0,0.0,0.0,0.0,0.0,0.0
2014-10-24,0.0,0.0,0.0,0.0,0.0,0.0,0.0,0.0,0.0,0.0,0.0,0.0,0.0,0.0,0.0,0.0,0.0
2014-10-27,0.0,0.0,0.0,0.0,0.0,0.0,0.0,0.0,0.0,0.0,0.0,0.0,0.0,0.0,0.0,0.0,0.0
2014-10-28,0.0,0.0,0.0,0.0,0.0,0.0,0.0,0.0,0.0,0.0,0.0,0.0,0.0,0.0,0.0,0.0,0.0
2014-10-29,0.0,0.0,0.0,0.0,0.0,0.0,0.0,0.0,0.0,0.0,0.0,0.0,0.0,0.0,0.0,0.0,0.0
2014-10-30,0.0,0.0,0.0,0.0,0.0,0.0,0.0,0.0,0.0,0.0,0.0,0.0,0.0,0.0,0.0,0.0,0.0
2014-10-31,0.0,0.0,0.0,0.0,0.0,0.0,0.0,0.0,0.0,0.0,0.0,0.0,0.0,0.0,0.0,0.0,0.0
2014-11-03,0.0,0.0,0.0,0.0,0.0,0.0,0.0,0.0,0.0,0.0,0.0,0.0,0.0,0.0,0.0,0.0,0.0
2014-11-04,0.0,0.0,0.0,0.0,0.0,0.0,0.0,0.0,0.0,0.0,0.0,0.0,0.0,0.0,0.0,0.0,0.0
2014-11-05,0.0,0.0,0.0,0.0,0.0,0.0,0.0,0.0,0.0,0.0,0.0,0.0,0.0,0.0,0.0,0.0,0.0
2014-11-06,0.0,0.0,0.0,0.0,0.0,0.0,0.0,0.0,0.0,0.0,0.0,0.0,0.0,0.0,0.0,0.0,0.0
2014-11-07,0.0,0.0,0.0,0.0,0.0,0.0,0.0,0.0,0.0,0.0,0.0,0.0,0.0,0.0,0.0,0.0,0.0
2014-11-10,0.0,0.0,0.0,0.0,0.0,0.0,0.0,0.0,0.0,0.0,0.0,0.0,0.0,0.0,0.0,0.0,0.0
2014-11-11,0.0,0.0,0.0,0.0,0.0,0.0,0.0,0.0,0.0,0.0,0.0,0.0,0.0,0.0,0.0,0.0,0.0
2014-11-12,0.0,0.0,0.0,0.0,0.0,0.0,0.0,0.0,0.0,0.0,0.0,0.0,0.0,0.0,0.0,0.0,0.0
2014-11-13,0.0,0.0,0.0,0.0,0.0,0.0,0.0,0.0,0.0,0.0,0.0,0.0,0.0,0.0,0.0,0.0,0.0
2014-11-14,0.0,0.0,0.0,0.0,0.0,0.0,0.0,0.0,0.0,0.0,0.0,0.0,0.0,0.0,0.0,0.0,0.0
2014-11-17,0.0,0.0,0.0,0.0,0.0,0.0,0.0,0.0,0.0,0.0,0.0,0.0,0.0,0.0,0.0,0.0,0.0
2014-11-18,0.0,0.0,0.0,0.0,0.0,0.0,0.0,0.0,0.0,0.0,0.0,0.0,0.0,0.0,0.0,0.0,0.0
2014-11-19,0.0,0.0,0.0,0.0,0.0,0.0,0.0,0.0,0.0,0.0,0.0,0.0,0.0,0.0,0.0,0.0,0.0
2014-11-20,0.0,0.0,0.0,0.0,0.0,0.0,0.0,0.0,0.0,0.0,0.0,0.0,0.0,0.0,0.0,0.0,0.0
2014-11-21,0.0,0.0,0.0,0.0,0.0,0.0,0.0,0.0,0.0,0.0,0.0,0.0,0.0,0.0,0.0,0.0,0.0
2014-11-24,0.0,0.0,0.0,0.0,0.0,0.0,0.0,0.0,0.0,0.0,0.0,0.0,0.0,0.0,0.0,0.0,0.0
2014-11-25,0.0,0.0,0.0,0.0,0.0,0.0,0.0,0.0,0.0,0.0,0.0,0.0,0.0,0.0,0.0,0.0,0.0
2014-11-26,0.0,0.0,0.0,0.0,0.0,0.0,0.0,0.0,0.0,0.0,0.0,0.0,0.0,0.0,0.0,0.0,0.0
2014-11-27,0.0,0.0,0.0,0.0,0.0,0.0,0.0,0.0,0.0,0.0,0.0,0.0,0.0,0.0,0.0,0.0,0.0
2014-11-28,0.0,0.0,0.0,0.0,0.0,0.0,0.0,0.0,0.0,0.0,0.0,0.0,0.0,0.0,0.0,0.0,0.0
2014-12-01,0.0,0.0,0.0,0.0,0.0,0.0,0.0,0.0,0.0,0.0,0.0,0.0,0.0,0.0,0.0,0.0,0.0
2014-12-02,0.0,0.0,0.0,0.0,0.0,0.0,0.0,0.0,0.0,0.0,0.0,0.0,0.0,0.0,0.0,0.0,0.0
2014-12-03,0.0,0.0,0.0,0.0,0.0,0.0,0.0,0.0,0.0,0.0,0.0,0.0,0.0,0.0,0.0,0.0,0.0
2014-12-04,0.0,0.0,0.0,0.0,0.0,0.0,0.0,0.0,0.0,0.0,0.0,0.0,0.0,0.0,0.0,0.0,0.0
2014-12-05,0.0,0.0,0.0,0.0,0.0,0.0,0.0,0.0,0.0,0.0,0.0,0.0,0.0,0.0,0.0,0.0,0.0
2014-12-08,0.0,0.0,0.0,0.0,0.0,0.0,0.0,0.0,0.0,0.0,0.0,0.0,0.0,0.0,0.0,0.0,0.0
2014-12-09,0.0,0.0,0.0,0.0,0.0,0.0,0.0,0.0,0.0,0.0,0.0,0.0,0.0,0.0,0.0,0.0,0.0
2014-12-10,0.0,0.0,0.0,0.0,0.0,0.0,0.0,0.0,0.0,0.0,0.0,0.0,0.0,0.0,0.0,0.0,0.0
2014-12-11,0.0,0.0,0.0,0.0,0.0,0.0,0.0,0.0,0.0,0.0,0.0,0.0,0.0,0.0,0.0,0.0,0.0
2014-12-12,0.0,0.0,0.0,0.0,0.0,0.0,0.0,0.0,0.0,0.0,0.0,0.0,0.0,0.0,0.0,0.0,0.0
2014-12-15,0.0,0.0,0.0,0.0,0.0,0.0,0.0,0.0,0.0,0.0,0.0,0.0,0.0,0.0,0.0,0.0,0.0
2014-12-16,0.0,0.0,0.0,0.0,0.0,0.0,0.0,0.0,0.0,0.0,0.0,0.0,0.0,0.0,0.0,0.0,0.0
2014-12-17,0.0,0.0,0.0,0.0,0.0,0.0,0.0,0.0,0.0,0.0,0.0,0.0,0.0,0.0,0.0,0.0,0.0
2014-12-18,0.0,0.0,0.0,0.0,0.0,0.0,0.0,0.0,0.0,0.0,0.0,0.0,0.0,0.0,0.0,0.0,0.0
2014-12-19,0.0,0.0,0.0,0.0,0.0,0.0,0.0,0.0,0.0,0.0,0.0,0.0,0.0,0.0,0.0,0.0,0.0
2014-12-22,0.0,0.0,0.0,0.0,0.0,0.0,0.0,0.0,0.0,0.0,0.0,0.0,0.0,0.0,0.0,0.0,0.0
2014-12-23,0.0,0.0,0.0,0.0,0.0,0.0,0.0,0.0,0.0,0.0,0.0,0.0,0.0,0.0,0.0,0.0,0.0
2014-12-24,0.0,0.0,0.0,0.0,0.0,0.0,0.0,0.0,0.0,0.0,0.0,0.0,0.0,0.0,0.0,0.0,0.0
2014-12-25,0.0,0.0,0.0,0.0,0.0,0.0,0.0,0.0,0.0,0.0,0.0,0.0,0.0,0.0,0.0,0.0,0.0
2014-12-26,0.0,0.0,0.0,0.0,0.0,0.0,0.0,0.0,0.0,0.0,0.0,0.0,0.0,0.0,0.0,0.0,0.0
2014-12-27,0.0,0.0,0.0,0.0,0.0,0.0,0.0,0.0,0.0,0.0,0.0,0.0,0.0,0.0,0.0,0.0,0.0
2014-12-29,0.0,0.0,0.0,0.0,0.0,0.0,0.0,0.0,0.0,0.0,0.0,0.0,0.0,0.0,0.0,0.0,0.0
2014-12-30,0.0,0.0,0.0,0.0,0.0,0.0,0.0,0.0,0.0,0.0,0.0,0.0,0.0,0.0,0.0,0.0,0.0
2014-12-31,0.0,0.0,0.0,0.0,0.0,0.0,0.0,0.0,0.0,0.0,0.0,0.0,0.0,0.0,0.0,0.0,0.0
2015-01-05,0.0,0.0,0.0,0.0,0.0,0.0,0.0,0.0,0.0,0.0,0.0,0.0,0.0,0.0,0.0,0.0,0.0
2015-01-06,0.0,0.0,0.0,0.0,0.0,0.0,0.0,0.0,0.0,0.0,0.0,0.0,0.0,0.0,0.0,0.0,0.0
2015-01-07,0.0,0.0,0.0,0.0,0.0,0.0,0.0,0.0,0.0,0.0,0.0,0.0,0.0,0.0,0.0,0.0,0.0
2015-01-08,0.0,0.0,0.0,0.0,0.0,0.0,0.0,0.0,0.0,0.0,0.0,0.0,0.0,0.0,0.0,0.0,0.0
2015-01-09,0.0,0.0,0.0,0.0,0.0,0.0,0.0,0.0,0.0,0.0,0.0,0.0,0.0,0.0,0.0,0.0,0.0
2015-01-12,0.0,0.0,0.0,0.0,0.0,0.0,0.0,0.0,0.0,0.0,0.0,0.0,0.0,0.0,0.0,0.0,0.0
2015-01-13,0.0,0.0,0.0,0.0,0.0,0.0,0.0,0.0,0.0,0.0,0.0,0.0,0.0,0.0,0.0,0.0,0.0
2015-01-14,0.0,0.0,0.0,0.0,0.0,0.0,0.0,0.0,0.0,0.0,0.0,0.0,0.0,0.0,0.0,0.0,0.0
2015-01-15,0.0,0.0,0.0,0.0,0.0,0.0,0.0,0.0,0.0,0.0,0.0,0.0,0.0,0.0,0.0,0.0,0.0
2015-01-16,0.0,0.0,0.0,0.0,0.0,0.0,0.0,0.0,0.0,0.0,0.0,0.0,0.0,0.0,0.0,0.0,0.0
2015-01-19,0.0,0.0,0.0,0.0,0.0,0.0,0.0,0.0,0.0,0.0,0.0,0.0,0.0,0.0,0.0,0.0,0.0
2015-01-20,0.0,0.0,0.0,0.0,0.0,0.0,0.0,0.0,0.0,0.0,0.0,0.0,0.0,0.0,0.0,0.0,0.0
2015-01-21,0.0,0.0,0.0,0.0,0.0,0.0,0.0,0.0,0.0,0.0,0.0,0.0,0.0,0.0,0.0,0.0,0.0
2015-01-22,0.0,0.0,0.0,0.0,0.0,0.0,0.0,0.0,0.0,0.0,0.0,0.0,0.0,0.0,0.0,0.0,0.0
2015-01-23,0.0,0.0,0.0,0.0,0.0,0.0,0.0,0.0,0.0,0.0,0.0,0.0,0.0,0.0,0.0,0.0,0.0
2015-01-26,0.0,0.0,0.0,0.0,0.0,0.0,0.0,0.0,0.0,0.0,0.0,0.0,0.0,0.0,0.0,0.0,0.0
2015-01-27,0.0,0.0,0.0,0.0,0.0,0.0,0.0,0.0,0.0,0.0,0.0,0.0,0.0,0.0,0.0,0.0,0.0
2015-01-28,0.0,0.0,0.0,0.0,0.0,0.0,0.0,0.0,0.0,0.0,0.0,0.0,0.0,0.0,0.0,0.0,0.0
2015-01-29,0.0,0.0,0.0,0.0,0.0,0.0,0.0,0.0,0.0,0.0,0.0,0.0,0.0,0.0,0.0,0.0,0.0
2015-01-30,0.0,0.0,0.0,0.0,0.0,0.0,0.0,0.0,0.0,0.0,0.0,0.0,0.0,0.0,0.0,0.0,0.0
2015-02-02,0.0,0.0,0.0,0.0,0.0,0.0,0.0,0.0,0.0,0.0,0.0,0.0,0.0,0.0,0.0,0.0,0.0
2015-02-03,0.0,0.0,0.0,0.0,0.0,0.0,0.0,0.0,0.0,0.0,0.0,0.0,0.0,0.0,0.0,0.0,0.0
2015-02-04,0.0,0.0,0.0,0.0,0.0,0.0,0.0,0.0,0.0,0.0,0.0,0.0,0.0,0.0,0.0,0.0,0.0
2015-02-05,0.0,0.0,0.0,0.0,0.0,0.0,0.0,0.0,0.0,0.0,0.0,0.0,0.0,0.0,0.0,0.0,0.0
2015-02-06,0.0,0.0,0.0,0.0,0.0,0.0,0.0,0.0,0.0,0.0,0.0,0.0,0.0,0.0,0.0,0.0,0.0
2015-02-09,0.0,0.0,0.0,0.0,0.0,0.0,0.0,0.0,0.0,0.0,0.0,0.0,0.0,0.0,0.0,0.0,0.0
2015-02-10,0.0,0.0,0.0,0.0,0.0,0.0,0.0,0.0,0.0,0.0,0.0,0.0,0.0,0.0,0.0,0.0,0.0
2015-02-11,0.0,0.0,0.0,0.0,0.0,0.0,0.0,0.0,0.0,0.0,0.0,0.0,0.0,0.0,0.0,0.0,0.0
2015-02-12,0.0,0.0,0.0,0.0,0.0,0.0,0.0,0.0,0.0,0.0,0.0,0.0,0.0,0.0,0.0,0.0,0.0
2015-02-13,0.0,0.0,0.0,0.0,0.0,0.0,0.0,0.0,0.0,0.0,0.0,0.0,0.0,0.0,0.0,0.0,0.0
2015-02-24,0.0,0.0,0.0,0.0,0.0,0.0,0.0,0.0,0.0,0.0,0.0,0.0,0.0,0.0,0.0,0.0,0.0
2015-02-25,0.0,0.0,0.0,0.0,0.0,0.0,0.0,0.0,0.0,0.0,0.0,0.0,0.0,0.0,0.0,0.0,0.0
2015-02-26,0.0,0.0,0.0,0.0,0.0,0.0,0.0,0.0,0.0,0.0,0.0,0.0,0.0,0.0,0.0,0.0,0.0
2015-03-02,0.0,0.0,0.0,0.0,0.0,0.0,0.0,0.0,0.0,0.0,0.0,0.0,0.0,0.0,0.0,0.0,0.0
2015-03-03,0.0,0.0,0.0,0.0,0.0,0.0,0.0,0.0,0.0,0.0,0.0,0.0,0.0,0.0,0.0,0.0,0.0
2015-03-04,0.0,0.0,0.0,0.0,0.0,0.0,0.0,0.0,0.0,0.0,0.0,0.0,0.0,0.0,0.0,0.0,0.0
2015-03-05,0.0,0.0,0.0,0.0,0.0,0.0,0.0,0.0,0.0,0.0,0.0,0.0,0.0,0.0,0.0,0.0,0.0
2015-03-06,0.0,0.0,0.0,0.0,0.0,0.0,0.0,0.0,0.0,0.0,0.0,0.0,0.0,0.0,0.0,0.0,0.0
2015-03-09,0.0,0.0,0.0,0.0,0.0,0.0,0.0,0.0,0.0,0.0,0.0,0.0,0.0,0.0,0.0,0.0,0.0
2015-03-10,0.0,0.0,0.0,0.0,0.0,0.0,0.0,0.0,0.0,0.0,0.0,0.0,0.0,0.0,0.0,0.0,0.0
2015-03-11,0.0,0.0,0.0,0.0,0.0,0.0,0.0,0.0,0.0,0.0,0.0,0.0,0.0,0.0,0.0,0.0,0.0
2015-03-12,0.0,0.0,0.0,0.0,0.0,0.0,0.0,0.0,0.0,0.0,0.0,0.0,0.0,0.0,0.0,0.0,0.0
2015-03-13,0.0,0.0,0.0,0.0,0.0,0.0,0.0,0.0,0.0,0.0,0.0,0.0,0.0,0.0,0.0,0.0,0.0
2015-03-16,0.0,0.0,0.0,0.0,0.0,0.0,0.0,0.0,0.0,0.0,0.0,0.0,0.0,0.0,0.0,0.0,0.0
2015-03-17,0.0,0.0,0.0,0.0,0.0,0.0,0.0,0.0,0.0,0.0,0.0,0.0,0.0,0.0,0.0,0.0,0.0
2015-03-18,0.0,0.0,0.0,0.0,0.0,0.0,0.0,0.0,0.0,0.0,0.0,0.0,0.0,0.0,0.0,0.0,0.0
2015-03-19,0.0,0.0,0.0,0.0,0.0,0.0,0.0,0.0,0.0,0.0,0.0,0.0,0.0,0.0,0.0,0.0,0.0
2015-03-20,0.0,0.0,0.0,0.0,0.0,0.0,0.0,0.0,0.0,0.0,0.0,0.0,0.0,0.0,0.0,0.0,0.0
2015-03-23,0.0,0.0,0.0,0.0,0.0,0.0,0.0,0.0,0.0,0.0,0.0,0.0,0.0,0.0,0.0,0.0,0.0
2015-03-24,0.0,0.0,0.0,0.0,0.0,0.0,0.0,0.0,0.0,0.0,0.0,0.0,0.0,0.0,0.0,0.0,0.0
2015-03-25,0.0,0.0,0.0,0.0,0.0,0.0,0.0,0.0,0.0,0.0,0.0,0.0,0.0,0.0,0.0,0.0,0.0
2015-03-26,0.0,0.0,0.0,0.0,0.0,0.0,0.0,0.0,0.0,0.0,0.0,0.0,0.0,0.0,0.0,0.0,0.0
2015-03-27,0.0,0.0,0.0,0.0,0.0,0.0,0.0,0.0,0.0,0.0,0.0,0.0,0.0,0.0,0.0,0.0,0.0
2015-03-30,0.0,0.0,0.0,0.0,0.0,0.0,0.0,0.0,0.0,0.0,0.0,0.0,0.0,0.0,0.0,0.0,0.0
2015-03-31,0.0,0.0,0.0,0.0,0.0,0.0,0.0,0.0,0.0,0.0,0.0,0.0,0.0,0.0,0.0,0.0,0.0
2015-04-01,0.0,0.0,0.0,0.0,0.0,0.0,0.0,0.0,0.0,0.0,0.0,0.0,0.0,0.0,0.0,0.0,0.0
2015-04-02,0.0,0.0,0.0,0.0,0.0,0.0,0.0,0.0,0.0,0.0,0.0,0.0,0.0,0.0,0.0,0.0,0.0
2015-04-07,0.0,0.0,0.0,0.0,0.0,0.0,0.0,0.0,0.0,0.0,0.0,0.0,0.0,0.0,0.0,0.0,0.0
2015-04-08,0.0,0.0,0.0,0.0,0.0,0.0,0.0,0.0,0.0,0.0,0.0,0.0,0.0,0.0,0.0,0.0,0.0
2015-04-09,0.0,0.0,0.0,0.0,0.0,0.0,0.0,0.0,0.0,0.0,0.0,0.0,0.0,0.0,0.0,0.0,0.0
2015-04-10,0.0,0.0,0.0,0.0,0.0,0.0,0.0,0.0,0.0,0.0,0.0,0.0,0.0,0.0,0.0,0.0,0.0
2015-04-13,0.0,0.0,0.0,0.0,0.0,0.0,0.0,0.0,0.0,0.0,0.0,0.0,0.0,0.0,0.0,0.0,0.0
2015-04-14,0.0,0.0,0.0,0.0,0.0,0.0,0.0,0.0,0.0,0.0,0.0,0.0,0.0,0.0,0.0,0.0,0.0
2015-04-15,0.0,0.0,0.0,0.0,0.0,0.0,0.0,0.0,0.0,0.0,0.0,0.0,0.0,0.0,0.0,0.0,0.0
2015-04-16,0.0,0.0,0.0,0.0,0.0,0.0,0.0,0.0,0.0,0.0,0.0,0.0,0.0,0.0,0.0,0.0,0.0
2015-04-17,0.0,0.0,0.0,0.0,0.0,0.0,0.0,0.0,0.0,0.0,0.0,0.0,0.0,0.0,0.0,0.0,0.0
2015-04-20,0.0,0.0,0.0,0.0,0.0,0.0,0.0,0.0,0.0,0.0,0.0,0.0,0.0,0.0,0.0,0.0,0.0
2015-04-21,0.0,0.0,0.0,0.0,0.0,0.0,0.0,0.0,0.0,0.0,0.0,0.0,0.0,0.0,0.0,0.0,0.0
2015-04-22,0.0,0.0,0.0,0.0,0.0,0.0,0.0,0.0,0.0,0.0,0.0,0.0,0.0,0.0,0.0,0.0,0.0
2015-04-23,0.0,0.0,0.0,0.0,0.0,0.0,0.0,0.0,0.0,0.0,0.0,0.0,0.0,0.0,0.0,0.0,0.0
2015-04-24,0.0,0.0,0.0,0.0,0.0,0.0,0.0,0.0,0.0,0.0,0.0,0.0,0.0,0.0,0.0,0.0,0.0
2015-04-27,0.0,0.0,0.0,0.0,0.0,0.0,0.0,0.0,0.0,0.0,0.0,0.0,0.0,0.0,0.0,0.0,0.0
2015-04-28,0.0,0.0,0.0,0.0,0.0,0.0,0.0,0.0,0.0,0.0,0.0,0.0,0.0,0.0,0.0,0.0,0.0
2015-04-29,0.0,0.0,0.0,0.0,0.0,0.0,0.0,0.0,0.0,0.0,0.0,0.0,0.0,0.0,0.0,0.0,0.0
2015-04-30,0.0,0.0,0.0,0.0,0.0,0.0,0.0,0.0,0.0,0.0,0.0,0.0,0.0,0.0,0.0,0.0,0.0
2015-05-04,0.0,0.0,0.0,0.0,0.0,0.0,0.0,0.0,0.0,0.0,0.0,0.0,0.0,0.0,0.0,0.0,0.0
2015-05-05,0.0,0.0,0.0,0.0,0.0,0.0,0.0,0.0,0.0,0.0,0.0,0.0,0.0,0.0,0.0,0.0,0.0
2015-05-06,0.0,0.0,0.0,0.0,0.0,0.0,0.0,0.0,0.0,0.0,0.0,0.0,0.0,0.0,0.0,0.0,0.0
2015-05-07,0.0,0.0,0.0,0.0,0.0,0.0,0.0,0.0,0.0,0.0,0.0,0.0,0.0,0.0,0.0,0.0,0.0
2015-05-08,0.0,0.0,0.0,0.0,0.0,0.0,0.0,0.0,0.0,0.0,0.0,0.0,0.0,0.0,0.0,0.0,0.0
2015-05-11,0.0,0.0,0.0,0.0,0.0,0.0,0.0,0.0,0.0,0.0,0.0,0.0,0.0,0.0,0.0,0.0,0.0
2015-05-12,0.0,0.0,0.0,0.0,0.0,0.0,0.0,0.0,0.0,0.0,0.0,0.0,0.0,0.0,0.0,0.0,0.0
2015-05-13,0.0,0.0,0.0,0.0,0.0,0.0,0.0,0.0,0.0,0.0,0.0,0.0,0.0,0.0,0.0,0.0,0.0
2015-05-14,0.0,0.0,0.0,0.0,0.0,0.0,0.0,0.0,0.0,0.0,0.0,0.0,0.0,0.0,0.0,0.0,0.0
2015-05-15,0.0,0.0,0.0,0.0,0.0,0.0,0.0,0.0,0.0,0.0,0.0,0.0,0.0,0.0,0.0,0.0,0.0
2015-05-18,0.0,0.0,0.0,0.0,0.0,0.0,0.0,0.0,0.0,0.0,0.0,0.0,0.0,0.0,0.0,0.0,0.0
2015-05-19,0.0,0.0,0.0,0.0,0.0,0.0,0.0,0.0,0.0,0.0,0.0,0.0,0.0,0.0,0.0,0.0,0.0
2015-05-20,0.0,0.0,0.0,0.0,0.0,0.0,0.0,0.0,0.0,0.0,0.0,0.0,0.0,0.0,0.0,0.0,0.0
2015-05-21,0.0,0.0,0.0,0.0,0.0,0.0,0.0,0.0,0.0,0.0,0.0,0.0,0.0,0.0,0.0,0.0,0.0
2015-05-22,0.0,0.0,0.0,0.0,0.0,0.0,0.0,0.0,0.0,0.0,0.0,0.0,0.0,0.0,0.0,0.0,0.0
2015-05-25,0.0,0.0,0.0,0.0,0.0,0.0,0.0,0.0,0.0,0.0,0.0,0.0,0.0,0.0,0.0,0.0,0.0
2015-05-26,0.0,0.0,0.0,0.0,0.0,0.0,0.0,0.0,0.0,0.0,0.0,0.0,0.0,0.0,0.0,0.0,0.0
2015-05-27,0.0,0.0,0.0,0.0,0.0,0.0,0.0,0.0,0.0,0.0,0.0,0.0,0.0,0.0,0.0,0.0,0.0
2015-05-28,0.0,0.0,0.0,0.0,0.0,0.0,0.0,0.0,0.0,0.0,0.0,0.0,0.0,0.0,0.0,0.0,0.0
2015-05-29,0.0,0.0,0.0,0.0,0.0,0.0,0.0,0.0,0.0,0.0,0.0,0.0,0.0,0.0,0.0,0.0,0.0
2015-06-01,0.0,0.0,0.0,0.0,0.0,0.0,0.0,0.0,0.0,0.0,0.0,0.0,0.0,0.0,0.0,0.0,0.0
2015-06-02,0.0,0.0,0.0,0.0,0.0,0.0,0.0,0.0,0.0,0.0,0.0,0.0,0.0,0.0,0.0,0.0,0.0
2015-06-03,0.0,0.0,0.0,0.0,0.0,0.0,0.0,0.0,0.0,0.0,0.0,0.0,0.0,0.0,0.0,0.0,0.0
2015-06-04,0.0,0.0,0.0,0.0,0.0,0.0,0.0,0.0,0.0,0.0,0.0,0.0,0.0,0.0,0.0,0.0,0.0
2015-06-05,0.0,0.0,0.0,0.0,0.0,0.0,0.0,0.0,0.0,0.0,0.0,0.0,0.0,0.0,0.0,0.0,0.0
2015-06-08,0.0,0.0,0.0,0.0,0.0,0.0,0.0,0.0,0.0,0.0,0.0,0.0,0.0,0.0,0.0,0.0,0.0
2015-06-09,0.0,0.0,0.0,0.0,0.0,0.0,0.0,0.0,0.0,0.0,0.0,0.0,0.0,0.0,0.0,0.0,0.0
2015-06-10,0.0,0.0,0.0,0.0,0.0,0.0,0.0,0.0,0.0,0.0,0.0,0.0,0.0,0.0,0.0,0.0,0.0
2015-06-11,0.0,0.0,0.0,0.0,0.0,0.0,0.0,0.0,0.0,0.0,0.0,0.0,0.0,0.0,0.0,0.0,0.0
2015-06-12,0.0,0.0,0.0,0.0,0.0,0.0,0.0,0.0,0.0,0.0,0.0,0.0,0.0,0.0,0.0,0.0,0.0
2015-06-15,0.0,0.0,0.0,0.0,0.0,0.0,0.0,0.0,0.0,0.0,0.0,0.0,0.0,0.0,0.0,0.0,0.0
2015-06-16,0.0,0.0,0.0,0.0,0.0,0.0,0.0,0.0,0.0,0.0,0.0,0.0,0.0,0.0,0.0,0.0,0.0
2015-06-17,0.0,0.0,0.0,0.0,0.0,0.0,0.0,0.0,0.0,0.0,0.0,0.0,0.0,0.0,0.0,0.0,0.0
2015-06-18,0.0,0.0,0.0,0.0,0.0,0.0,0.0,0.0,0.0,0.0,0.0,0.0,0.0,0.0,0.0,0.0,0.0
2015-06-22,0.0,0.0,0.0,0.0,0.0,0.0,0.0,0.0,0.0,0.0,0.0,0.0,0.0,0.0,0.0,0.0,0.0
2015-06-23,0.0,0.0,0.0,0.0,0.0,0.0,0.0,0.0,0.0,0.0,0.0,0.0,0.0,0.0,0.0,0.0,0.0
2015-06-24,0.0,0.0,0.0,0.0,0.0,0.0,0.0,0.0,0.0,0.0,0.0,0.0,0.0,0.0,0.0,0.0,0.0
2015-06-25,0.0,0.0,0.0,0.0,0.0,0.0,0.0,0.0,0.0,0.0,0.0,0.0,0.0,0.0,0.0,0.0,0.0
2015-06-26,0.0,0.0,0.0,0.0,0.0,0.0,0.0,0.0,0.0,0.0,0.0,0.0,0.0,0.0,0.0,0.0,0.0
2015-06-29,0.0,0.0,0.0,0.0,0.0,0.0,0.0,0.0,0.0,0.0,0.0,0.0,0.0,0.0,0.0,0.0,0.0
2015-06-30,0.0,0.0,0.0,0.0,0.0,0.0,0.0,0.0,0.0,0.0,0.0,0.0,0.0,0.0,0.0,0.0,0.0
2015-07-01,0.0,0.0,0.0,0.0,0.0,0.0,0.0,0.0,0.0,0.0,0.0,0.0,0.0,0.0,0.0,0.0,0.0
2015-07-02,0.0,0.0,0.0,0.0,0.0,0.0,0.0,0.0,0.0,0.0,0.0,0.0,0.0,0.0,0.0,0.0,0.0
2015-07-03,0.0,0.0,0.0,0.0,0.0,0.0,0.0,0.0,0.0,0.0,0.0,0.0,0.0,0.0,0.0,0.0,0.0
2015-07-06,0.0,0.0,0.0,0.0,0.0,0.0,0.0,0.0,0.0,0.0,0.0,0.0,0.0,0.0,0.0,0.0,0.0
2015-07-07,0.0,0.0,0.0,0.0,0.0,0.0,0.0,0.0,0.0,0.0,0.0,0.0,0.0,0.0,0.0,0.0,0.0
2015-07-08,0.0,0.0,0.0,0.0,0.0,0.0,0.0,0.0,0.0,0.0,0.0,0.0,0.0,0.0,0.0,0.0,0.0
2015-07-09,0.0,0.0,0.0,0.0,0.0,0.0,0.0,0.0,0.0,0.0,0.0,0.0,0.0,0.0,0.0,0.0,0.0
2015-07-13,0.0,0.0,0.0,0.0,0.0,0.0,0.0,0.0,0.0,0.0,0.0,0.0,0.0,0.0,0.0,0.0,0.0
2015-07-14,0.0,0.0,0.0,0.0,0.0,0.0,0.0,0.0,0.0,0.0,0.0,0.0,0.0,0.0,0.0,0.0,0.0
2015-07-15,0.0,0.0,0.0,0.0,0.0,0.0,0.0,0.0,0.0,0.0,0.0,0.0,0.0,0.0,0.0,0.0,0.0
2015-07-16,0.0,0.0,0.0,0.0,0.0,0.0,0.0,0.0,0.0,0.0,0.0,0.0,0.0,0.0,0.0,0.0,0.0
2015-07-17,0.0,0.0,0.0,0.0,0.0,0.0,0.0,0.0,0.0,0.0,0.0,0.0,0.0,0.0,0.0,0.0,0.0
2015-07-20,0.0,0.0,0.0,0.0,0.0,0.0,0.0,0.0,0.0,0.0,0.0,0.0,0.0,0.0,0.0,0.0,0.0
2015-07-21,0.0,0.0,0.0,0.0,0.0,0.0,0.0,0.0,0.0,0.0,0.0,0.0,0.0,0.0,0.0,0.0,0.0
2015-07-22,0.0,0.0,0.0,0.0,0.0,0.0,0.0,0.0,0.0,0.0,0.0,0.0,0.0,0.0,0.0,0.0,0.0
2015-07-23,0.0,0.0,0.0,0.0,0.0,0.0,0.0,0.0,0.0,0.0,0.0,0.0,0.0,0.0,0.0,0.0,0.0
2015-07-24,0.0,0.0,0.0,0.0,0.0,0.0,0.0,0.0,0.0,0.0,0.0,0.0,0.0,0.0,0.0,0.0,0.0
2015-07-27,0.0,0.0,0.0,0.0,0.0,0.0,0.0,0.0,0.0,0.0,0.0,0.0,0.0,0.0,0.0,0.0,0.0
2015-07-28,0.0,0.0,0.0,0.0,0.0,0.0,0.0,0.0,0.0,0.0,0.0,0.0,0.0,0.0,0.0,0.0,0.0
2015-07-29,0.0,0.0,0.0,0.0,0.0,0.0,0.0,0.0,0.0,0.0,0.0,0.0,0.0,0.0,0.0,0.0,0.0
2015-07-30,0.0,0.0,0.0,0.0,0.0,0.0,0.0,0.0,0.0,0.0,0.0,0.0,0.0,0.0,0.0,0.0,0.0
2015-07-31,0.0,0.0,0.0,0.0,0.0,0.0,0.0,0.0,0.0,0.0,0.0,0.0,0.0,0.0,0.0,0.0,0.0
2015-08-03,0.0,0.0,0.0,0.0,0.0,0.0,0.0,0.0,0.0,0.0,0.0,0.0,0.0,0.0,0.0,0.0,0.0
2015-08-04,0.0,0.0,0.0,0.0,0.0,0.0,0.0,0.0,0.0,0.0,0.0,0.0,0.0,0.0,0.0,0.0,0.0
2015-08-05,0.0,0.0,0.0,0.0,0.0,0.0,0.0,0.0,0.0,0.0,0.0,0.0,0.0,0.0,0.0,0.0,0.0
2015-08-06,0.0,0.0,0.0,0.0,0.0,0.0,0.0,0.0,0.0,0.0,0.0,0.0,0.0,0.0,0.0,0.0,0.0
2015-08-07,0.0,0.0,0.0,0.0,0.0,0.0,0.0,0.0,0.0,0.0,0.0,0.0,0.0,0.0,0.0,0.0,0.0
2015-08-10,0.0,0.0,0.0,0.0,0.0,0.0,0.0,0.0,0.0,0.0,0.0,0.0,0.0,0.0,0.0,0.0,0.0
2015-08-11,0.0,0.0,0.0,0.0,0.0,0.0,0.0,0.0,0.0,0.0,0.0,0.0,0.0,0.0,0.0,0.0,0.0
2015-08-12,0.0,0.0,0.0,0.0,0.0,0.0,0.0,0.0,0.0,0.0,0.0,0.0,0.0,0.0,0.0,0.0,0.0
2015-08-13,0.0,0.0,0.0,0.0,0.0,0.0,0.0,0.0,0.0,0.0,0.0,0.0,0.0,0.0,0.0,0.0,0.0
2015-08-14,0.0,0.0,0.0,0.0,0.0,0.0,0.0,0.0,0.0,0.0,0.0,0.0,0.0,0.0,0.0,0.0,0.0
2015-08-17,0.0,0.0,0.0,0.0,0.0,0.0,0.0,0.0,0.0,0.0,0.0,0.0,0.0,0.0,0.0,0.0,0.0
2015-08-18,0.0,0.0,0.0,0.0,0.0,0.0,0.0,0.0,0.0,0.0,0.0,0.0,0.0,0.0,0.0,0.0,0.0
2015-08-19,0.0,0.0,0.0,0.0,0.0,0.0,0.0,0.0,0.0,0.0,0.0,0.0,0.0,0.0,0.0,0.0,0.0
2015-08-20,0.0,0.0,0.0,0.0,0.0,0.0,0.0,0.0,0.0,0.0,0.0,0.0,0.0,0.0,0.0,0.0,0.0
2015-08-21,0.0,0.0,0.0,0.0,0.0,0.0,0.0,0.0,0.0,0.0,0.0,0.0,0.0,0.0,0.0,0.0,0.0
2015-08-24,0.0,0.0,0.0,0.0,0.0,0.0,0.0,0.0,0.0,0.0,0.0,0.0,0.0,0.0,0.0,0.0,0.0
2015-08-25,0.0,0.0,0.0,0.0,0.0,0.0,0.0,0.0,0.0,0.0,0.0,0.0,0.0,0.0,0.0,0.0,0.0
2015-08-26,0.0,0.0,0.0,0.0,0.0,0.0,0.0,0.0,0.0,0.0,0.0,0.0,0.0,0.0,0.0,0.0,0.0
2015-08-27,0.0,0.0,0.0,0.0,0.0,0.0,0.0,0.0,0.0,0.0,0.0,0.0,0.0,0.0,0.0,0.0,0.0
2015-08-28,0.0,0.0,0.0,0.0,0.0,0.0,0.0,0.0,0.0,0.0,0.0,0.0,0.0,0.0,0.0,0.0,0.0
2015-08-31,0.0,0.0,0.0,0.0,0.0,0.0,0.0,0.0,0.0,0.0,0.0,0.0,0.0,0.0,0.0,0.0,0.0
2015-09-01,0.0,0.0,0.0,0.0,0.0,0.0,0.0,0.0,0.0,0.0,0.0,0.0,0.0,0.0,0.0,0.0,0.0
2015-09-02,0.0,0.0,0.0,0.0,0.0,0.0,0.0,0.0,0.0,0.0,0.0,0.0,0.0,0.0,0.0,0.0,0.0
2015-09-03,0.0,0.0,0.0,0.0,0.0,0.0,0.0,0.0,0.0,0.0,0.0,0.0,0.0,0.0,0.0,0.0,0.0
2015-09-04,0.0,0.0,0.0,0.0,0.0,0.0,0.0,0.0,0.0,0.0,0.0,0.0,0.0,0.0,0.0,0.0,0.0
2015-09-07,0.0,0.0,0.0,0.0,0.0,0.0,0.0,0.0,0.0,0.0,0.0,0.0,0.0,0.0,0.0,0.0,0.0
2015-09-08,0.0,0.0,0.0,0.0,0.0,0.0,0.0,0.0,0.0,0.0,0.0,0.0,0.0,0.0,0.0,0.0,0.0
2015-09-09,0.0,0.0,0.0,0.0,0.0,0.0,0.0,0.0,0.0,0.0,0.0,0.0,0.0,0.0,0.0,0.0,0.0
2015-09-10,0.0,0.0,0.0,0.0,0.0,0.0,0.0,0.0,0.0,0.0,0.0,0.0,0.0,0.0,0.0,0.0,0.0
2015-09-11,0.0,0.0,0.0,0.0,0.0,0.0,0.0,0.0,0.0,0.0,0.0,0.0,0.0,0.0,0.0,0.0,0.0
2015-09-14,0.0,0.0,0.0,0.0,0.0,0.0,0.0,0.0,0.0,0.0,0.0,0.0,0.0,0.0,0.0,0.0,0.0
2015-09-15,0.0,0.0,0.0,0.0,0.0,0.0,0.0,0.0,0.0,0.0,0.0,0.0,0.0,0.0,0.0,0.0,0.0
2015-09-16,0.0,0.0,0.0,0.0,0.0,0.0,0.0,0.0,0.0,0.0,0.0,0.0,0.0,0.0,0.0,0.0,0.0
2015-09-17,0.0,0.0,0.0,0.0,0.0,0.0,0.0,0.0,0.0,0.0,0.0,0.0,0.0,0.0,0.0,0.0,0.0
2015-09-18,0.0,0.0,0.0,0.0,0.0,0.0,0.0,0.0,0.0,0.0,0.0,0.0,0.0,0.0,0.0,0.0,0.0
2015-09-21,0.0,0.0,0.0,0.0,0.0,0.0,0.0,0.0,0.0,0.0,0.0,0.0,0.0,0.0,0.0,0.0,0.0
2015-09-22,0.0,0.0,0.0,0.0,0.0,0.0,0.0,0.0,0.0,0.0,0.0,0.0,0.0,0.0,0.0,0.0,0.0
2015-09-23,0.0,0.0,0.0,0.0,0.0,0.0,0.0,0.0,0.0,0.0,0.0,0.0,0.0,0.0,0.0,0.0,0.0
2015-09-24,0.0,0.0,0.0,0.0,0.0,0.0,0.0,0.0,0.0,0.0,0.0,0.0,0.0,0.0,0.0,0.0,0.0
2015-09-25,0.0,0.0,0.0,0.0,0.0,0.0,0.0,0.0,0.0,0.0,0.0,0.0,0.0,0.0,0.0,0.0,0.0
2015-09-30,0.0,0.0,0.0,0.0,0.0,0.0,0.0,0.0,0.0,0.0,0.0,0.0,0.0,0.0,0.0,0.0,0.0
2015-10-01,0.0,0.0,0.0,0.0,0.0,0.0,0.0,0.0,0.0,0.0,0.0,0.0,0.0,0.0,0.0,0.0,0.0
2015-10-02,0.0,0.0,0.0,0.0,0.0,0.0,0.0,0.0,0.0,0.0,0.0,0.0,0.0,0.0,0.0,0.0,0.0
2015-10-05,0.0,0.0,0.0,0.0,0.0,0.0,0.0,0.0,0.0,0.0,0.0,0.0,0.0,0.0,0.0,0.0,0.0
2015-10-06,0.0,0.0,0.0,0.0,0.0,0.0,0.0,0.0,0.0,0.0,0.0,0.0,0.0,0.0,0.0,0.0,0.0
2015-10-07,0.0,0.0,0.0,0.0,0.0,0.0,0.0,0.0,0.0,0.0,0.0,0.0,0.0,0.0,0.0,0.0,0.0
2015-10-08,0.0,0.0,0.0,0.0,0.0,0.0,0.0,0.0,0.0,0.0,0.0,0.0,0.0,0.0,0.0,0.0,0.0
2015-10-12,0.0,0.0,0.0,0.0,0.0,0.0,0.0,0.0,0.0,0.0,0.0,0.0,0.0,0.0,0.0,0.0,0.0
2015-10-13,0.0,0.0,0.0,0.0,0.0,0.0,0.0,0.0,0.0,0.0,0.0,0.0,0.0,0.0,0.0,0.0,0.0
2015-10-14,0.0,0.0,0.0,0.0,0.0,0.0,0.0,0.0,0.0,0.0,0.0,0.0,0.0,0.0,0.0,0.0,0.0
2015-10-15,0.0,0.0,0.0,0.0,0.0,0.0,0.0,0.0,0.0,0.0,0.0,0.0,0.0,0.0,0.0,0.0,0.0
2015-10-16,0.0,0.0,0.0,0.0,0.0,0.0,0.0,0.0,0.0,0.0,0.0,0.0,0.0,0.0,0.0,0.0,0.0
2015-10-19,0.0,0.0,0.0,0.0,0.0,0.0,0.0,0.0,0.0,0.0,0.0,0.0,0.0,0.0,0.0,0.0,0.0
2015-10-20,0.0,0.0,0.0,0.0,0.0,0.0,0.0,0.0,0.0,0.0,0.0,0.0,0.0,0.0,0.0,0.0,0.0
2015-10-21,0.0,0.0,0.0,0.0,0.0,0.0,0.0,0.0,0.0,0.0,0.0,0.0,0.0,0.0,0.0,0.0,0.0
2015-10-22,0.0,0.0,0.0,0.0,0.0,0.0,0.0,0.0,0.0,0.0,0.0,0.0,0.0,0.0,0.0,0.0,0.0
2015-10-23,0.0,0.0,0.0,0.0,0.0,0.0,0.0,0.0,0.0,0.0,0.0,0.0,0.0,0.0,0.0,0.0,0.0
2015-10-26,0.0,0.0,0.0,0.0,0.0,0.0,0.0,0.0,0.0,0.0,0.0,0.0,0.0,0.0,0.0,0.0,0.0
2015-10-27,0.0,0.0,0.0,0.0,0.0,0.0,0.0,0.0,0.0,0.0,0.0,0.0,0.0,0.0,0.0,0.0,0.0
2015-10-28,0.0,0.0,0.0,0.0,0.0,0.0,0.0,0.0,0.0,0.0,0.0,0.0,0.0,0.0,0.0,0.0,0.0
2015-10-29,0.0,0.0,0.0,0.0,0.0,0.0,0.0,0.0,0.0,0.0,0.0,0.0,0.0,0.0,0.0,0.0,0.0
2015-10-30,0.0,0.0,0.0,0.0,0.0,0.0,0.0,0.0,0.0,0.0,0.0,0.0,0.0,0.0,0.0,0.0,0.0
2015-11-02,0.0,0.0,0.0,0.0,0.0,0.0,0.0,0.0,0.0,0.0,0.0,0.0,0.0,0.0,0.0,0.0,0.0
2015-11-03,0.0,0.0,0.0,0.0,0.0,0.0,0.0,0.0,0.0,0.0,0.0,0.0,0.0,0.0,0.0,0.0,0.0
2015-11-04,0.0,0.0,0.0,0.0,0.0,0.0,0.0,0.0,0.0,0.0,0.0,0.0,0.0,0.0,0.0,0.0,0.0
2015-11-05,0.0,0.0,0.0,0.0,0.0,0.0,0.0,0.0,0.0,0.0,0.0,0.0,0.0,0.0,0.0,0.0,0.0
2015-11-06,0.0,0.0,0.0,0.0,0.0,0.0,0.0,0.0,0.0,0.0,0.0,0.0,0.0,0.0,0.0,0.0,0.0
2015-11-09,0.0,0.0,0.0,0.0,0.0,0.0,0.0,0.0,0.0,0.0,0.0,0.0,0.0,0.0,0.0,0.0,0.0
2015-11-10,0.0,0.0,0.0,0.0,0.0,0.0,0.0,0.0,0.0,0.0,0.0,0.0,0.0,0.0,0.0,0.0,0.0
2015-11-11,0.0,0.0,0.0,0.0,0.0,0.0,0.0,0.0,0.0,0.0,0.0,0.0,0.0,0.0,0.0,0.0,0.0
2015-11-12,0.0,0.0,0.0,0.0,0.0,0.0,0.0,0.0,0.0,0.0,0.0,0.0,0.0,0.0,0.0,0.0,0.0
2015-11-13,0.0,0.0,0.0,0.0,0.0,0.0,0.0,0.0,0.0,0.0,0.0,0.0,0.0,0.0,0.0,0.0,0.0
2015-11-16,0.0,0.0,0.0,0.0,0.0,0.0,0.0,0.0,0.0,0.0,0.0,0.0,0.0,0.0,0.0,0.0,0.0
2015-11-17,0.0,0.0,0.0,0.0,0.0,0.0,0.0,0.0,0.0,0.0,0.0,0.0,0.0,0.0,0.0,0.0,0.0
2015-11-18,0.0,0.0,0.0,0.0,0.0,0.0,0.0,0.0,0.0,0.0,0.0,0.0,0.0,0.0,0.0,0.0,0.0
2015-11-19,0.0,0.0,0.0,0.0,0.0,0.0,0.0,0.0,0.0,0.0,0.0,0.0,0.0,0.0,0.0,0.0,0.0
2015-11-20,0.0,0.0,0.0,0.0,0.0,0.0,0.0,0.0,0.0,0.0,0.0,0.0,0.0,0.0,0.0,0.0,0.0
2015-11-23,0.0,0.0,0.0,0.0,0.0,0.0,0.0,0.0,0.0,0.0,0.0,0.0,0.0,0.0,0.0,0.0,0.0
2015-11-24,0.0,0.0,0.0,0.0,0.0,0.0,0.0,0.0,0.0,0.0,0.0,0.0,0.0,0.0,0.0,0.0,0.0
2015-11-25,0.0,0.0,0.0,0.0,0.0,0.0,0.0,0.0,0.0,0.0,0.0,0.0,0.0,0.0,0.0,0.0,0.0
2015-11-26,0.0,0.0,0.0,0.0,0.0,0.0,0.0,0.0,0.0,0.0,0.0,0.0,0.0,0.0,0.0,0.0,0.0
2015-11-27,0.0,0.0,0.0,0.0,0.0,0.0,0.0,0.0,0.0,0.0,0.0,0.0,0.0,0.0,0.0,0.0,0.0
2015-11-30,0.0,0.0,0.0,0.0,0.0,0.0,0.0,0.0,0.0,0.0,0.0,0.0,0.0,0.0,0.0,0.0,0.0
2015-12-01,0.0,0.0,0.0,0.0,0.0,0.0,0.0,0.0,0.0,0.0,0.0,0.0,0.0,0.0,0.0,0.0,0.0
2015-12-02,0.0,0.0,0.0,0.0,0.0,0.0,0.0,0.0,0.0,0.0,0.0,0.0,0.0,0.0,0.0,0.0,0.0
2015-12-03,0.0,0.0,0.0,0.0,0.0,0.0,0.0,0.0,0.0,0.0,0.0,0.0,0.0,0.0,0.0,0.0,0.0
2015-12-04,0.0,0.0,0.0,0.0,0.0,0.0,0.0,0.0,0.0,0.0,0.0,0.0,0.0,0.0,0.0,0.0,0.0
2015-12-07,0.0,0.0,0.0,0.0,0.0,0.0,0.0,0.0,0.0,0.0,0.0,0.0,0.0,0.0,0.0,0.0,0.0
2015-12-08,0.0,0.0,0.0,0.0,0.0,0.0,0.0,0.0,0.0,0.0,0.0,0.0,0.0,0.0,0.0,0.0,0.0
2015-12-09,0.0,0.0,0.0,0.0,0.0,0.0,0.0,0.0,0.0,0.0,0.0,0.0,0.0,0.0,0.0,0.0,0.0
2015-12-10,0.0,0.0,0.0,0.0,0.0,0.0,0.0,0.0,0.0,0.0,0.0,0.0,0.0,0.0,0.0,0.0,0.0
2015-12-11,0.0,0.0,0.0,0.0,0.0,0.0,0.0,0.0,0.0,0.0,0.0,0.0,0.0,0.0,0.0,0.0,0.0
2015-12-14,0.0,0.0,0.0,0.0,0.0,0.0,0.0,0.0,0.0,0.0,0.0,0.0,0.0,0.0,0.0,0.0,0.0
2015-12-15,0.0,0.0,0.0,0.0,0.0,0.0,0.0,0.0,0.0,0.0,0.0,0.0,0.0,0.0,0.0,0.0,0.0
2015-12-16,0.0,0.0,0.0,0.0,0.0,0.0,0.0,0.0,0.0,0.0,0.0,0.0,0.0,0.0,0.0,0.0,0.0
2015-12-17,0.0,0.0,0.0,0.0,0.0,0.0,0.0,0.0,0.0,0.0,0.0,0.0,0.0,0.0,0.0,0.0,0.0
2015-12-18,0.0,0.0,0.0,0.0,0.0,0.0,0.0,0.0,0.0,0.0,0.0,0.0,0.0,0.0,0.0,0.0,0.0
2015-12-21,0.0,0.0,0.0,0.0,0.0,0.0,0.0,0.0,0.0,0.0,0.0,0.0,0.0,0.0,0.0,0.0,0.0
2015-12-22,0.0,0.0,0.0,0.0,0.0,0.0,0.0,0.0,0.0,0.0,0.0,0.0,0.0,0.0,0.0,0.0,0.0
2015-12-23,0.0,0.0,0.0,0.0,0.0,0.0,0.0,0.0,0.0,0.0,0.0,0.0,0.0,0.0,0.0,0.0,0.0
2015-12-24,0.0,0.0,0.0,0.0,0.0,0.0,0.0,0.0,0.0,0.0,0.0,0.0,0.0,0.0,0.0,0.0,0.0
2015-12-25,0.0,0.0,0.0,0.0,0.0,0.0,0.0,0.0,0.0,0.0,0.0,0.0,0.0,0.0,0.0,0.0,0.0
2015-12-28,0.0,0.0,0.0,0.0,0.0,0.0,0.0,0.0,0.0,0.0,0.0,0.0,0.0,0.0,0.0,0.0,0.0
2015-12-29,0.0,0.0,0.0,0.0,0.0,0.0,0.0,0.0,0.0,0.0,0.0,0.0,0.0,0.0,0.0,0.0,0.0
2015-12-30,0.0,0.0,0.0,0.0,0.0,0.0,0.0,0.0,0.0,0.0,0.0,0.0,0.0,0.0,0.0,0.0,0.0
2015-12-31,0.0,0.0,0.0,0.0,0.0,0.0,0.0,0.0,0.0,0.0,0.0,0.0,0.0,0.0,0.0,0.0,0.0
2016-01-04,0.0,0.0,0.0,0.0,0.0,0.0,0.0,0.0,0.0,0.0,0.0,0.0,0.0,0.0,0.0,0.0,0.0
2016-01-05,0.0,0.0,0.0,0.0,0.0,0.0,0.0,0.0,0.0,0.0,0.0,0.0,0.0,0.0,0.0,0.0,0.0
2016-01-06,0.0,0.0,0.0,0.0,0.0,0.0,0.0,0.0,0.0,0.0,0.0,0.0,0.0,0.0,0.0,0.0,0.0
2016-01-07,0.0,0.0,0.0,0.0,0.0,0.0,0.0,0.0,0.0,0.0,0.0,0.0,0.0,0.0,0.0,0.0,0.0
2016-01-08,0.0,0.0,0.0,0.0,0.0,0.0,0.0,0.0,0.0,0.0,0.0,0.0,0.0,0.0,0.0,0.0,0.0
2016-01-11,0.0,0.0,0.0,0.0,0.0,0.0,0.0,0.0,0.0,0.0,0.0,0.0,0.0,0.0,0.0,0.0,0.0
2016-01-12,0.0,0.0,0.0,0.0,0.0,0.0,0.0,0.0,0.0,0.0,0.0,0.0,0.0,0.0,0.0,0.0,0.0
2016-01-13,0.0,0.0,0.0,0.0,0.0,0.0,0.0,0.0,0.0,0.0,0.0,0.0,0.0,0.0,0.0,0.0,0.0
2016-01-14,0.0,0.0,0.0,0.0,0.0,0.0,0.0,0.0,0.0,0.0,0.0,0.0,0.0,0.0,0.0,0.0,0.0
2016-01-15,0.0,0.0,0.0,0.0,0.0,0.0,0.0,0.0,0.0,0.0,0.0,0.0,0.0,0.0,0.0,0.0,0.0
2016-01-18,0.0,0.0,0.0,0.0,0.0,0.0,0.0,0.0,0.0,0.0,0.0,0.0,0.0,0.0,0.0,0.0,0.0
2016-01-19,0.0,0.0,0.0,0.0,0.0,0.0,0.0,0.0,0.0,0.0,0.0,0.0,0.0,0.0,0.0,0.0,0.0
2016-01-20,0.0,0.0,0.0,0.0,0.0,0.0,0.0,0.0,0.0,0.0,0.0,0.0,0.0,0.0,0.0,0.0,0.0
2016-01-21,0.0,0.0,0.0,0.0,0.0,0.0,0.0,0.0,0.0,0.0,0.0,0.0,0.0,0.0,0.0,0.0,0.0
2016-01-22,0.0,0.0,0.0,0.0,0.0,0.0,0.0,0.0,0.0,0.0,0.0,0.0,0.0,0.0,0.0,0.0,0.0
2016-01-25,0.0,0.0,0.0,0.0,0.0,0.0,0.0,0.0,0.0,0.0,0.0,0.0,0.0,0.0,0.0,0.0,0.0
2016-01-26,0.0,0.0,0.0,0.0,0.0,0.0,0.0,0.0,0.0,0.0,0.0,0.0,0.0,0.0,0.0,0.0,0.0
2016-01-27,0.0,0.0,0.0,0.0,0.0,0.0,0.0,0.0,0.0,0.0,0.0,0.0,0.0,0.0,0.0,0.0,0.0
2016-01-28,0.0,0.0,0.0,0.0,0.0,0.0,0.0,0.0,0.0,0.0,0.0,0.0,0.0,0.0,0.0,0.0,0.0
2016-01-29,0.0,0.0,0.0,0.0,0.0,0.0,0.0,0.0,0.0,0.0,0.0,0.0,0.0,0.0,0.0,0.0,0.0
2016-01-30,0.0,0.0,0.0,0.0,0.0,0.0,0.0,0.0,0.0,0.0,0.0,0.0,0.0,0.0,0.0,0.0,0.0
2016-02-01,0.0,0.0,0.0,0.0,0.0,0.0,0.0,0.0,0.0,0.0,0.0,0.0,0.0,0.0,0.0,0.0,0.0
2016-02-02,0.0,0.0,0.0,0.0,0.0,0.0,0.0,0.0,0.0,0.0,0.0,0.0,0.0,0.0,0.0,0.0,0.0
2016-02-03,0.0,0.0,0.0,0.0,0.0,0.0,0.0,0.0,0.0,0.0,0.0,0.0,0.0,0.0,0.0,0.0,0.0
2016-02-15,0.0,0.0,0.0,0.0,0.0,0.0,0.0,0.0,0.0,0.0,0.0,0.0,0.0,0.0,0.0,0.0,0.0
2016-02-16,0.0,0.0,0.0,0.0,0.0,0.0,0.0,0.0,0.0,0.0,0.0,0.0,0.0,0.0,0.0,0.0,0.0
2016-02-17,0.0,0.0,0.0,0.0,0.0,0.0,0.0,0.0,0.0,0.0,0.0,0.0,0.0,0.0,0.0,0.0,0.0
2016-02-18,0.0,0.0,0.0,0.0,0.0,0.0,0.0,0.0,0.0,0.0,0.0,0.0,0.0,0.0,0.0,0.0,0.0
2016-02-19,0.0,0.0,0.0,0.0,0.0,0.0,0.0,0.0,0.0,0.0,0.0,0.0,0.0,0.0,0.0,0.0,0.0
2016-02-22,0.0,0.0,0.0,0.0,0.0,0.0,0.0,0.0,0.0,0.0,0.0,0.0,0.0,0.0,0.0,0.0,0.0
2016-02-23,0.0,0.0,0.0,0.0,0.0,0.0,0.0,0.0,0.0,0.0,0.0,0.0,0.0,0.0,0.0,0.0,0.0
2016-02-24,0.0,0.0,0.0,0.0,0.0,0.0,0.0,0.0,0.0,0.0,0.0,0.0,0.0,0.0,0.0,0.0,0.0
2016-02-25,0.0,0.0,0.0,0.0,0.0,0.0,0.0,0.0,0.0,0.0,0.0,0.0,0.0,0.0,0.0,0.0,0.0
2016-02-26,0.0,0.0,0.0,0.0,0.0,0.0,0.0,0.0,0.0,0.0,0.0,0.0,0.0,0.0,0.0,0.0,0.0
2016-03-01,0.0,0.0,0.0,0.0,0.0,0.0,0.0,0.0,0.0,0.0,0.0,0.0,0.0,0.0,0.0,0.0,0.0
2016-03-02,0.0,0.0,0.0,0.0,0.0,0.0,0.0,0.0,0.0,0.0,0.0,0.0,0.0,0.0,0.0,0.0,0.0
2016-03-03,0.0,0.0,0.0,0.0,0.0,0.0,0.0,0.0,0.0,0.0,0.0,0.0,0.0,0.0,0.0,0.0,0.0
2016-03-04,0.0,0.0,0.0,0.0,0.0,0.0,0.0,0.0,0.0,0.0,0.0,0.0,0.0,0.0,0.0,0.0,0.0
2016-03-07,0.0,0.0,0.0,0.0,0.0,0.0,0.0,0.0,0.0,0.0,0.0,0.0,0.0,0.0,0.0,0.0,0.0
2016-03-08,0.0,0.0,0.0,0.0,0.0,0.0,0.0,0.0,0.0,0.0,0.0,0.0,0.0,0.0,0.0,0.0,0.0
2016-03-09,0.0,0.0,0.0,0.0,0.0,0.0,0.0,0.0,0.0,0.0,0.0,0.0,0.0,0.0,0.0,0.0,0.0
2016-03-10,0.0,0.0,0.0,0.0,0.0,0.0,0.0,0.0,0.0,0.0,0.0,0.0,0.0,0.0,0.0,0.0,0.0
2016-03-11,0.0,0.0,0.0,0.0,0.0,0.0,0.0,0.0,0.0,0.0,0.0,0.0,0.0,0.0,0.0,0.0,0.0
2016-03-14,0.0,0.0,0.0,0.0,0.0,0.0,0.0,0.0,0.0,0.0,0.0,0.0,0.0,0.0,0.0,0.0,0.0
2016-03-15,0.0,0.0,0.0,0.0,0.0,0.0,0.0,0.0,0.0,0.0,0.0,0.0,0.0,0.0,0.0,0.0,0.0
2016-03-16,0.0,0.0,0.0,0.0,0.0,0.0,0.0,0.0,0.0,0.0,0.0,0.0,0.0,0.0,0.0,0.0,0.0
2016-03-17,0.0,0.0,0.0,0.0,0.0,0.0,0.0,0.0,0.0,0.0,0.0,0.0,0.0,0.0,0.0,0.0,0.0
2016-03-18,0.0,0.0,0.0,0.0,0.0,0.0,0.0,0.0,0.0,0.0,0.0,0.0,0.0,0.0,0.0,0.0,0.0
2016-03-21,0.0,0.0,0.0,0.0,0.0,0.0,0.0,0.0,0.0,0.0,0.0,0.0,0.0,0.0,0.0,0.0,0.0
2016-03-22,0.0,0.0,0.0,0.0,0.0,0.0,0.0,0.0,0.0,0.0,0.0,0.0,0.0,0.0,0.0,0.0,0.0
2016-03-23,0.0,0.0,0.0,0.0,0.0,0.0,0.0,0.0,0.0,0.0,0.0,0.0,0.0,0.0,0.0,0.0,0.0
2016-03-24,0.0,0.0,0.0,0.0,0.0,0.0,0.0,0.0,0.0,0.0,0.0,0.0,0.0,0.0,0.0,0.0,0.0
2016-03-25,0.0,0.0,0.0,0.0,0.0,0.0,0.0,0.0,0.0,0.0,0.0,0.0,0.0,0.0,0.0,0.0,0.0
2016-03-28,0.0,0.0,0.0,0.0,0.0,0.0,0.0,0.0,0.0,0.0,0.0,0.0,0.0,0.0,0.0,0.0,0.0
2016-03-29,0.0,0.0,0.0,0.0,0.0,0.0,0.0,0.0,0.0,0.0,0.0,0.0,0.0,0.0,0.0,0.0,0.0
2016-03-30,0.0,0.0,0.0,0.0,0.0,0.0,0.0,0.0,0.0,0.0,0.0,0.0,0.0,0.0,0.0,0.0,0.0
2016-03-31,0.0,0.0,0.0,0.0,0.0,0.0,0.0,0.0,0.0,0.0,0.0,0.0,0.0,0.0,0.0,0.0,0.0
2016-04-01,0.0,0.0,0.0,0.0,0.0,0.0,0.0,0.0,0.0,0.0,0.0,0.0,0.0,0.0,0.0,0.0,0.0
2016-04-06,0.0,0.0,0.0,0.0,0.0,0.0,0.0,0.0,0.0,0.0,0.0,0.0,0.0,0.0,0.0,0.0,0.0
2016-04-07,0.0,0.0,0.0,0.0,0.0,0.0,0.0,0.0,0.0,0.0,0.0,0.0,0.0,0.0,0.0,0.0,0.0
2016-04-08,0.0,0.0,0.0,0.0,0.0,0.0,0.0,0.0,0.0,0.0,0.0,0.0,0.0,0.0,0.0,0.0,0.0
2016-04-11,0.0,0.0,0.0,0.0,0.0,0.0,0.0,0.0,0.0,0.0,0.0,0.0,0.0,0.0,0.0,0.0,0.0
2016-04-12,0.0,0.0,0.0,0.0,0.0,0.0,0.0,0.0,0.0,0.0,0.0,0.0,0.0,0.0,0.0,0.0,0.0
2016-04-13,0.0,0.0,0.0,0.0,0.0,0.0,0.0,0.0,0.0,0.0,0.0,0.0,0.0,0.0,0.0,0.0,0.0
2016-04-14,0.0,0.0,0.0,0.0,0.0,0.0,0.0,0.0,0.0,0.0,0.0,0.0,0.0,0.0,0.0,0.0,0.0
2016-04-15,0.0,0.0,0.0,0.0,0.0,0.0,0.0,0.0,0.0,0.0,0.0,0.0,0.0,0.0,0.0,0.0,0.0
2016-04-18,0.0,0.0,0.0,0.0,0.0,0.0,0.0,0.0,0.0,0.0,0.0,0.0,0.0,0.0,0.0,0.0,0.0
2016-04-19,0.0,0.0,0.0,0.0,0.0,0.0,0.0,0.0,0.0,0.0,0.0,0.0,0.0,0.0,0.0,0.0,0.0
2016-04-20,0.0,0.0,0.0,0.0,0.0,0.0,0.0,0.0,0.0,0.0,0.0,0.0,0.0,0.0,0.0,0.0,0.0
2016-04-21,0.0,0.0,0.0,0.0,0.0,0.0,0.0,0.0,0.0,0.0,0.0,0.0,0.0,0.0,0.0,0.0,0.0
2016-04-22,0.0,0.0,0.0,0.0,0.0,0.0,0.0,0.0,0.0,0.0,0.0,0.0,0.0,0.0,0.0,0.0,0.0
2016-04-25,0.0,0.0,0.0,0.0,0.0,0.0,0.0,0.0,0.0,0.0,0.0,0.0,0.0,0.0,0.0,0.0,0.0
2016-04-26,0.0,0.0,0.0,0.0,0.0,0.0,0.0,0.0,0.0,0.0,0.0,0.0,0.0,0.0,0.0,0.0,0.0
2016-04-27,0.0,0.0,0.0,0.0,0.0,0.0,0.0,0.0,0.0,0.0,0.0,0.0,0.0,0.0,0.0,0.0,0.0
2016-04-28,0.0,0.0,0.0,0.0,0.0,0.0,0.0,0.0,0.0,0.0,0.0,0.0,0.0,0.0,0.0,0.0,0.0
2016-04-29,0.0,0.0,0.0,0.0,0.0,0.0,0.0,0.0,0.0,0.0,0.0,0.0,0.0,0.0,0.0,0.0,0.0
2016-05-03,0.0,0.0,0.0,0.0,0.0,0.0,0.0,0.0,0.0,0.0,0.0,0.0,0.0,0.0,0.0,0.0,0.0
2016-05-04,0.0,0.0,0.0,0.0,0.0,0.0,0.0,0.0,0.0,0.0,0.0,0.0,0.0,0.0,0.0,0.0,0.0
2016-05-05,0.0,0.0,0.0,0.0,0.0,0.0,0.0,0.0,0.0,0.0,0.0,0.0,0.0,0.0,0.0,0.0,0.0
2016-05-06,0.0,0.0,0.0,0.0,0.0,0.0,0.0,0.0,0.0,0.0,0.0,0.0,0.0,0.0,0.0,0.0,0.0
2016-05-09,0.0,0.0,0.0,0.0,0.0,0.0,0.0,0.0,0.0,0.0,0.0,0.0,0.0,0.0,0.0,0.0,0.0
2016-05-10,0.0,0.0,0.0,0.0,0.0,0.0,0.0,0.0,0.0,0.0,0.0,0.0,0.0,0.0,0.0,0.0,0.0
2016-05-11,0.0,0.0,0.0,0.0,0.0,0.0,0.0,0.0,0.0,0.0,0.0,0.0,0.0,0.0,0.0,0.0,0.0
2016-05-12,0.0,0.0,0.0,0.0,0.0,0.0,0.0,0.0,0.0,0.0,0.0,0.0,0.0,0.0,0.0,0.0,0.0
2016-05-13,0.0,0.0,0.0,0.0,0.0,0.0,0.0,0.0,0.0,0.0,0.0,0.0,0.0,0.0,0.0,0.0,0.0
2016-05-16,0.0,0.0,0.0,0.0,0.0,0.0,0.0,0.0,0.0,0.0,0.0,0.0,0.0,0.0,0.0,0.0,0.0
2016-05-17,0.0,0.0,0.0,0.0,0.0,0.0,0.0,0.0,0.0,0.0,0.0,0.0,0.0,0.0,0.0,0.0,0.0
2016-05-18,0.0,0.0,0.0,0.0,0.0,0.0,0.0,0.0,0.0,0.0,0.0,0.0,0.0,0.0,0.0,0.0,0.0
2016-05-19,0.0,0.0,0.0,0.0,0.0,0.0,0.0,0.0,0.0,0.0,0.0,0.0,0.0,0.0,0.0,0.0,0.0
2016-05-20,0.0,0.0,0.0,0.0,0.0,0.0,0.0,0.0,0.0,0.0,0.0,0.0,0.0,0.0,0.0,0.0,0.0
2016-05-23,0.0,0.0,0.0,0.0,0.0,0.0,0.0,0.0,0.0,0.0,0.0,0.0,0.0,0.0,0.0,0.0,0.0
2016-05-24,0.0,0.0,0.0,0.0,0.0,0.0,0.0,0.0,0.0,0.0,0.0,0.0,0.0,0.0,0.0,0.0,0.0
2016-05-25,0.0,0.0,0.0,0.0,0.0,0.0,0.0,0.0,0.0,0.0,0.0,0.0,0.0,0.0,0.0,0.0,0.0
2016-05-26,0.0,0.0,0.0,0.0,0.0,0.0,0.0,0.0,0.0,0.0,0.0,0.0,0.0,0.0,0.0,0.0,0.0
2016-05-27,0.0,0.0,0.0,0.0,0.0,0.0,0.0,0.0,0.0,0.0,0.0,0.0,0.0,0.0,0.0,0.0,0.0
2016-05-30,0.0,0.0,0.0,0.0,0.0,0.0,0.0,0.0,0.0,0.0,0.0,0.0,0.0,0.0,0.0,0.0,0.0
2016-05-31,0.0,0.0,0.0,0.0,0.0,0.0,0.0,0.0,0.0,0.0,0.0,0.0,0.0,0.0,0.0,0.0,0.0
2016-06-01,0.0,0.0,0.0,0.0,0.0,0.0,0.0,0.0,0.0,0.0,0.0,0.0,0.0,0.0,0.0,0.0,0.0
2016-06-02,0.0,0.0,0.0,0.0,0.0,0.0,0.0,0.0,0.0,0.0,0.0,0.0,0.0,0.0,0.0,0.0,0.0
2016-06-03,0.0,0.0,0.0,0.0,0.0,0.0,0.0,0.0,0.0,0.0,0.0,0.0,0.0,0.0,0.0,0.0,0.0
2016-06-04,0.0,0.0,0.0,0.0,0.0,0.0,0.0,0.0,0.0,0.0,0.0,0.0,0.0,0.0,0.0,0.0,0.0
2016-06-06,0.0,0.0,0.0,0.0,0.0,0.0,0.0,0.0,0.0,0.0,0.0,0.0,0.0,0.0,0.0,0.0,0.0
2016-06-07,0.0,0.0,0.0,0.0,0.0,0.0,0.0,0.0,0.0,0.0,0.0,0.0,0.0,0.0,0.0,0.0,0.0
2016-06-08,0.0,0.0,0.0,0.0,0.0,0.0,0.0,0.0,0.0,0.0,0.0,0.0,0.0,0.0,0.0,0.0,0.0
2016-06-13,0.0,0.0,0.0,0.0,0.0,0.0,0.0,0.0,0.0,0.0,0.0,0.0,0.0,0.0,0.0,0.0,0.0
2016-06-14,0.0,0.0,0.0,0.0,0.0,0.0,0.0,0.0,0.0,0.0,0.0,0.0,0.0,0.0,0.0,0.0,0.0
2016-06-15,0.0,0.0,0.0,0.0,0.0,0.0,0.0,0.0,0.0,0.0,0.0,0.0,0.0,0.0,0.0,0.0,0.0
2016-06-16,0.0,0.0,0.0,0.0,0.0,0.0,0.0,0.0,0.0,0.0,0.0,0.0,0.0,0.0,0.0,0.0,0.0
2016-06-17,0.0,0.0,0.0,0.0,0.0,0.0,0.0,0.0,0.0,0.0,0.0,0.0,0.0,0.0,0.0,0.0,0.0
2016-06-20,0.0,0.0,0.0,0.0,0.0,0.0,0.0,0.0,0.0,0.0,0.0,0.0,0.0,0.0,0.0,0.0,0.0
2016-06-21,0.0,0.0,0.0,0.0,0.0,0.0,0.0,0.0,0.0,0.0,0.0,0.0,0.0,0.0,0.0,0.0,0.0
2016-06-22,0.0,0.0,0.0,0.0,0.0,0.0,0.0,0.0,0.0,0.0,0.0,0.0,0.0,0.0,0.0,0.0,0.0
2016-06-23,0.0,0.0,0.0,0.0,0.0,0.0,0.0,0.0,0.0,0.0,0.0,0.0,0.0,0.0,0.0,0.0,0.0
2016-06-24,0.0,0.0,0.0,0.0,0.0,0.0,0.0,0.0,0.0,0.0,0.0,0.0,0.0,0.0,0.0,0.0,0.0
2016-06-27,0.0,0.0,0.0,0.0,0.0,0.0,0.0,0.0,0.0,0.0,0.0,0.0,0.0,0.0,0.0,0.0,0.0
2016-06-28,0.0,0.0,0.0,0.0,0.0,0.0,0.0,0.0,0.0,0.0,0.0,0.0,0.0,0.0,0.0,0.0,0.0
2016-06-29,0.0,0.0,0.0,0.0,0.0,0.0,0.0,0.0,0.0,0.0,0.0,0.0,0.0,0.0,0.0,0.0,0.0
2016-06-30,0.0,0.0,0.0,0.0,0.0,0.0,0.0,0.0,0.0,0.0,0.0,0.0,0.0,0.0,0.0,0.0,0.0
2016-07-01,0.0,0.0,0.0,0.0,0.0,0.0,0.0,0.0,0.0,0.0,0.0,0.0,0.0,0.0,0.0,0.0,0.0
2016-07-04,0.0,0.0,0.0,0.0,0.0,0.0,0.0,0.0,0.0,0.0,0.0,0.0,0.0,0.0,0.0,0.0,0.0
2016-07-05,0.0,0.0,0.0,0.0,0.0,0.0,0.0,0.0,0.0,0.0,0.0,0.0,0.0,0.0,0.0,0.0,0.0
2016-07-06,0.0,0.0,0.0,0.0,0.0,0.0,0.0,0.0,0.0,0.0,0.0,0.0,0.0,0.0,0.0,0.0,0.0
2016-07-07,0.0,0.0,0.0,0.0,0.0,0.0,0.0,0.0,0.0,0.0,0.0,0.0,0.0,0.0,0.0,0.0,0.0
2016-07-11,0.0,0.0,0.0,0.0,0.0,0.0,0.0,0.0,0.0,0.0,0.0,0.0,0.0,0.0,0.0,0.0,0.0
2016-07-12,0.0,0.0,0.0,0.0,0.0,0.0,0.0,0.0,0.0,0.0,0.0,0.0,0.0,0.0,0.0,0.0,0.0
2016-07-13,0.0,0.0,0.0,0.0,0.0,0.0,0.0,0.0,0.0,0.0,0.0,0.0,0.0,0.0,0.0,0.0,0.0
2016-07-14,0.0,0.0,0.0,0.0,0.0,0.0,0.0,0.0,0.0,0.0,0.0,0.0,0.0,0.0,0.0,0.0,0.0
2016-07-15,0.0,0.0,0.0,0.0,0.0,0.0,0.0,0.0,0.0,0.0,0.0,0.0,0.0,0.0,0.0,0.0,0.0
2016-07-18,0.0,0.0,0.0,0.0,0.0,0.0,0.0,0.0,0.0,0.0,0.0,0.0,0.0,0.0,0.0,0.0,0.0
2016-07-19,0.0,0.0,0.0,0.0,0.0,0.0,0.0,0.0,0.0,0.0,0.0,0.0,0.0,0.0,0.0,0.0,0.0
2016-07-20,0.0,0.0,0.0,0.0,0.0,0.0,0.0,0.0,0.0,0.0,0.0,0.0,0.0,0.0,0.0,0.0,0.0
2016-07-21,0.0,0.0,0.0,0.0,0.0,0.0,0.0,0.0,0.0,0.0,0.0,0.0,0.0,0.0,0.0,0.0,0.0
2016-07-22,0.0,0.0,0.0,0.0,0.0,0.0,0.0,0.0,0.0,0.0,0.0,0.0,0.0,0.0,0.0,0.0,0.0
2016-07-25,0.0,0.0,0.0,0.0,0.0,0.0,0.0,0.0,0.0,0.0,0.0,0.0,0.0,0.0,0.0,0.0,0.0
2016-07-26,0.0,0.0,0.0,0.0,0.0,0.0,0.0,0.0,0.0,0.0,0.0,0.0,0.0,0.0,0.0,0.0,0.0
2016-07-27,0.0,0.0,0.0,0.0,0.0,0.0,0.0,0.0,0.0,0.0,0.0,0.0,0.0,0.0,0.0,0.0,0.0
2016-07-28,0.0,0.0,0.0,0.0,0.0,0.0,0.0,0.0,0.0,0.0,0.0,0.0,0.0,0.0,0.0,0.0,0.0
2016-07-29,0.0,0.0,0.0,0.0,0.0,0.0,0.0,0.0,0.0,0.0,0.0,0.0,0.0,0.0,0.0,0.0,0.0
2016-08-01,0.0,0.0,0.0,0.0,0.0,0.0,0.0,0.0,0.0,0.0,0.0,0.0,0.0,0.0,0.0,0.0,0.0
2016-08-02,0.0,0.0,0.0,0.0,0.0,0.0,0.0,0.0,0.0,0.0,0.0,0.0,0.0,0.0,0.0,0.0,0.0
2016-08-03,0.0,0.0,0.0,0.0,0.0,0.0,0.0,0.0,0.0,0.0,0.0,0.0,0.0,0.0,0.0,0.0,0.0
2016-08-04,0.0,0.0,0.0,0.0,0.0,0.0,0.0,0.0,0.0,0.0,0.0,0.0,0.0,0.0,0.0,0.0,0.0
2016-08-05,0.0,0.0,0.0,0.0,0.0,0.0,0.0,0.0,0.0,0.0,0.0,0.0,0.0,0.0,0.0,0.0,0.0
2016-08-08,0.0,0.0,0.0,0.0,0.0,0.0,0.0,0.0,0.0,0.0,0.0,0.0,0.0,0.0,0.0,0.0,0.0
2016-08-09,0.0,0.0,0.0,0.0,0.0,0.0,0.0,0.0,0.0,0.0,0.0,0.0,0.0,0.0,0.0,0.0,0.0
2016-08-10,0.0,0.0,0.0,0.0,0.0,0.0,0.0,0.0,0.0,0.0,0.0,0.0,0.0,0.0,0.0,0.0,0.0
2016-08-11,0.0,0.0,0.0,0.0,0.0,0.0,0.0,0.0,0.0,0.0,0.0,0.0,0.0,0.0,0.0,0.0,0.0
2016-08-12,0.0,0.0,0.0,0.0,0.0,0.0,0.0,0.0,0.0,0.0,0.0,0.0,0.0,0.0,0.0,0.0,0.0
2016-08-15,0.0,0.0,0.0,0.0,0.0,0.0,0.0,0.0,0.0,0.0,0.0,0.0,0.0,0.0,0.0,0.0,0.0
2016-08-16,0.0,0.0,0.0,0.0,0.0,0.0,0.0,0.0,0.0,0.0,0.0,0.0,0.0,0.0,0.0,0.0,0.0
2016-08-17,0.0,0.0,0.0,0.0,0.0,0.0,0.0,0.0,0.0,0.0,0.0,0.0,0.0,0.0,0.0,0.0,0.0
2016-08-18,0.0,0.0,0.0,0.0,0.0,0.0,0.0,0.0,0.0,0.0,0.0,0.0,0.0,0.0,0.0,0.0,0.0
2016-08-19,0.0,0.0,0.0,0.0,0.0,0.0,0.0,0.0,0.0,0.0,0.0,0.0,0.0,0.0,0.0,0.0,0.0
2016-08-22,0.0,0.0,0.0,0.0,0.0,0.0,0.0,0.0,0.0,0.0,0.0,0.0,0.0,0.0,0.0,0.0,0.0
2016-08-23,0.0,0.0,0.0,0.0,0.0,0.0,0.0,0.0,0.0,0.0,0.0,0.0,0.0,0.0,0.0,0.0,0.0
2016-08-24,0.0,0.0,0.0,0.0,0.0,0.0,0.0,0.0,0.0,0.0,0.0,0.0,0.0,0.0,0.0,0.0,0.0
2016-08-25,0.0,0.0,0.0,0.0,0.0,0.0,0.0,0.0,0.0,0.0,0.0,0.0,0.0,0.0,0.0,0.0,0.0
2016-08-26,0.0,0.0,0.0,0.0,0.0,0.0,0.0,0.0,0.0,0.0,0.0,0.0,0.0,0.0,0.0,0.0,0.0
2016-08-29,0.0,0.0,0.0,0.0,0.0,0.0,0.0,0.0,0.0,0.0,0.0,0.0,0.0,0.0,0.0,0.0,0.0
2016-08-30,0.0,0.0,0.0,0.0,0.0,0.0,0.0,0.0,0.0,0.0,0.0,0.0,0.0,0.0,0.0,0.0,0.0
2016-08-31,0.0,0.0,0.0,0.0,0.0,0.0,0.0,0.0,0.0,0.0,0.0,0.0,0.0,0.0,0.0,0.0,0.0
2016-09-01,-0.341137123745816,0.0,0.0,0.0,0.0,0.0,0.0,0.0,0.0,0.0,0.0,0.0,0.0,0.0,0.0,0.0,0.0
2016-09-02,-0.5906436673602244,0.0,0.0,0.0,0.0,0.0,0.0,0.0,0.0,0.0,0.0,0.0,0.0,0.0,0.0,0.0,0.0
2016-09-05,-0.0540139085814628,0.0,0.0,0.0,0.0,0.0,0.0,0.0,0.0,0.0,0.0,0.0,0.0,0.0,0.0,0.0,0.0
2016-09-06,-0.27021549685875,0.0,0.0,0.0,0.0,0.0,0.0,0.0,0.0,0.0,0.0,0.0,0.0,0.0,0.0,0.0,0.0
2016-09-07,-0.1083790557474762,0.0,0.0,0.0,0.0,0.0,0.0,0.0,0.0,0.0,0.0,0.0,0.0,0.0,0.0,0.0,0.0
2016-09-08,-0.4950159354444872,0.0,0.0,0.0,0.0,0.0,0.0,0.0,0.0,0.0,0.0,0.0,0.0,0.0,0.0,0.0,0.0
2016-09-09,-0.7223660896824358,0.0,0.0,0.0,0.0,0.0,0.0,0.0,0.0,0.0,0.0,0.0,0.0,0.0,0.0,0.0,0.0
2016-09-10,-0.1098297638660095,0.0,0.0,0.0,0.0,0.0,0.0,0.0,0.0,0.0,0.0,0.0,0.0,0.0,0.0,0.0,0.0
2016-09-12,-0.3848268279274314,0.0,0.0,0.0,0.0,0.0,0.0,0.0,0.0,0.0,0.0,0.0,0.0,0.0,0.0,0.0,0.0
2016-09-13,-0.9036975717439332,0.0,0.0,0.0,0.0,0.0,0.0,0.0,0.0,0.0,0.0,0.0,0.0,0.0,0.0,0.0,0.0
2016-09-14,-0.1392272885485712,0.0,0.0,0.0,0.0,0.0,0.0,0.0,0.0,0.0,0.0,0.0,0.0,0.0,0.0,0.0,0.0
2016-09-19,-0.1254792610665633,0.0,0.0,0.0,0.0,0.0,0.0,0.0,0.0,0.0,0.0,0.0,0.0,0.0,0.0,0.0,0.0
2016-09-20,-0.1116772527395837,0.0,0.0,0.0,0.0,0.0,0.0,0.0,0.0,0.0,0.0,0.0,0.0,0.0,0.0,0.0,0.0
2016-09-21,-0.3214310670113907,0.0,0.0,0.0,0.0,0.0,0.0,0.0,0.0,0.0,0.0,0.0,0.0,0.0,0.0,0.0,0.0
2016-09-22,-0.1892744479495389,0.0,0.0,0.0,0.0,0.0,0.0,0.0,0.0,0.0,0.0,0.0,0.0,0.0,0.0,0.0,0.0
2016-09-23,-0.0702345835089213,0.0,0.0,0.0,0.0,0.0,0.0,0.0,0.0,0.0,0.0,0.0,0.0,0.0,0.0,0.0,0.0
2016-09-26,-0.147596289007601,0.0,0.0,0.0,0.0,0.0,0.0,0.0,0.0,0.0,0.0,0.0,0.0,0.0,0.0,0.0,0.0
2016-09-29,-0.1055817554726612,0.0,0.0,0.0,0.0,0.0,0.0,0.0,0.0,0.0,0.0,0.0,0.0,0.0,0.0,0.0,0.0
2016-09-30,-0.2677564825253609,0.0,0.0,0.0,0.0,0.0,0.0,0.0,0.0,0.0,0.0,0.0,0.0,0.0,0.0,0.0,0.0
2016-10-03,-0.2967359050444984,0.0,0.0,0.0,0.0,0.0,0.0,0.0,0.0,0.0,0.0,0.0,0.0,0.0,0.0,0.0,0.0
2016-10-04,-0.3543083900226729,0.0,0.0,0.0,0.0,0.0,0.0,0.0,0.0,0.0,0.0,0.0,0.0,0.0,0.0,0.0,0.0
2016-10-05,-1.948513724932444,0.0,0.0,0.0,0.0,0.0,0.0,0.0,0.0,0.0,0.0,0.0,0.0,0.0,0.0,0.0,0.0
2016-10-06,-0.761531766753687,0.0,0.0,0.0,0.0,0.0,0.0,0.0,0.0,0.0,0.0,0.0,0.0,0.0,0.0,0.0,0.0
2016-10-07,-0.1461667762917562,0.0,0.0,0.0,0.0,0.0,0.0,0.0,0.0,0.0,0.0,0.0,0.0,0.0,0.0,0.0,0.0
2016-10-11,-0.2195711044426396,0.0,0.0,0.0,0.0,0.0,0.0,0.0,0.0,0.0,0.0,0.0,0.0,0.0,0.0,0.0,0.0
2016-10-12,-1.7971099537886115,0.0,0.0,0.0,0.0,0.0,0.0,0.0,0.0,0.0,0.0,0.0,0.0,0.0,0.0,0.0,0.0
2016-10-13,-0.8216313116223395,0.0,0.0,0.0,0.0,0.0,0.0,0.0,0.0,0.0,0.0,0.0,0.0,0.0,0.0,0.0,0.0
2016-10-14,-0.4292815183009391,0.0,0.0,0.0,0.0,0.0,0.0,0.0,0.0,0.0,0.0,0.0,0.0,0.0,0.0,0.0,0.0
2016-10-17,-0.0983284169124854,0.0,0.0,0.0,0.0,0.0,0.0,0.0,0.0,0.0,0.0,0.0,0.0,0.0,0.0,0.0,0.0
2016-10-18,-1.0372501514233856,0.0,0.0,0.0,0.0,0.0,0.0,0.0,0.0,0.0,0.0,0.0,0.0,0.0,0.0,0.0,0.0
2016-10-19,-1.4765511437533574,0.0,0.0,0.0,0.0,0.0,0.0,0.0,0.0,0.0,0.0,0.0,0.0,0.0,0.0,0.0,0.0
2016-10-20,-0.419319770150639,0.0,0.0,0.0,0.0,0.0,0.0,0.0,0.0,0.0,0.0,0.0,0.0,0.0,0.0,0.0,0.0
2016-10-21,-0.6706175920149771,0.0,0.0,0.0,0.0,0.0,0.0,0.0,0.0,0.0,0.0,0.0,0.0,0.0,0.0,0.0,0.0
2016-10-24,-0.1570105197048144,0.0,0.0,0.0,0.0,0.0,0.0,0.0,0.0,0.0,0.0,0.0,0.0,0.0,0.0,0.0,0.0
2016-10-25,-0.0471772291240735,0.0,0.0,0.0,0.0,0.0,0.0,0.0,0.0,0.0,0.0,0.0,0.0,0.0,0.0,0.0,0.0
2016-10-26,-0.0707992448080618,0.0,0.0,0.0,0.0,0.0,0.0,0.0,0.0,0.0,0.0,0.0,0.0,0.0,0.0,0.0,0.0
2016-10-27,-0.1023380303865173,0.0,0.0,0.0,0.0,0.0,0.0,0.0,0.0,0.0,0.0,0.0,0.0,0.0,0.0,0.0,0.0
2016-10-28,-0.1891252955082856,0.0,0.0,0.0,0.0,0.0,0.0,0.0,0.0,0.0,0.0,0.0,0.0,0.0,0.0,0.0,0.0
2016-10-31,0.0,0.0,0.0,0.0,0.0,0.0,0.0,0.0,0.0,0.0,0.0,0.0,0.0,0.0,0.0,0.0,0.0
2016-11-01,-0.0394757618822017,0.0,0.0,0.0,0.0,0.0,0.0,0.0,0.0,0.0,0.0,0.0,0.0,0.0,0.0,0.0,0.0
2016-11-02,-0.7108443250928076,0.0,0.0,0.0,0.0,0.0,0.0,0.0,0.0,0.0,0.0,0.0,0.0,0.0,0.0,0.0,0.0
2016-11-03,-0.1909155993954248,0.0,0.0,0.0,0.0,0.0,0.0,0.0,0.0,0.0,0.0,0.0,0.0,0.0,0.0,0.0,0.0
2016-11-04,-0.1195504901570165,0.0,0.0,0.0,0.0,0.0,0.0,0.0,0.0,0.0,0.0,0.0,0.0,0.0,0.0,0.0,0.0
2016-11-07,-0.1037344398340245,0.0,0.0,0.0,0.0,0.0,0.0,0.0,0.0,0.0,0.0,0.0,0.0,0.0,0.0,0.0,0.0
2016-11-08,-0.055915009186036,0.0,0.0,0.0,0.0,0.0,0.0,0.0,0.0,0.0,0.0,0.0,0.0,0.0,0.0,0.0,0.0
2016-11-09,-0.3196930946291587,0.0,0.0,0.0,0.0,0.0,0.0,0.0,0.0,0.0,0.0,0.0,0.0,0.0,0.0,0.0,0.0
2016-11-10,-0.8338678640153918,0.0,0.0,0.0,0.0,0.0,0.0,0.0,0.0,0.0,0.0,0.0,0.0,0.0,0.0,0.0,0.0
2016-11-11,-0.5902328589909467,0.0,0.0,0.0,0.0,0.0,0.0,0.0,0.0,0.0,0.0,0.0,0.0,0.0,0.0,0.0,0.0
2016-11-14,-0.3741358275721862,0.0,0.0,0.0,0.0,0.0,0.0,0.0,0.0,0.0,0.0,0.0,0.0,0.0,0.0,0.0,0.0
2016-11-15,-1.926687892889212,0.0,0.0,0.0,0.0,0.0,0.0,0.0,0.0,0.0,0.0,0.0,0.0,0.0,0.0,0.0,0.0
2016-11-16,-0.274702405727123,0.0,0.0,0.0,0.0,0.0,0.0,0.0,0.0,0.0,0.0,0.0,0.0,0.0,0.0,0.0,0.0
2016-11-17,-0.5425709515859745,0.0,0.0,0.0,0.0,0.0,0.0,0.0,0.0,0.0,0.0,0.0,0.0,0.0,0.0,0.0,0.0
2016-11-18,-0.4196391103650887,0.0,0.0,0.0,0.0,0.0,0.0,0.0,0.0,0.0,0.0,0.0,0.0,0.0,0.0,0.0,0.0
2016-11-21,-0.6321112515802807,0.0,0.0,0.0,0.0,0.0,0.0,0.0,0.0,0.0,0.0,0.0,0.0,0.0,0.0,0.0,0.0
2016-11-22,-0.3053435114503844,0.0,0.0,0.0,0.0,0.0,0.0,0.0,0.0,0.0,0.0,0.0,0.0,0.0,0.0,0.0,0.0
2016-11-23,-0.110600646588399,0.0,0.0,0.0,0.0,0.0,0.0,0.0,0.0,0.0,0.0,0.0,0.0,0.0,0.0,0.0,0.0
2016-11-24,-0.2640320245294258,0.0,0.0,0.0,0.0,0.0,0.0,0.0,0.0,0.0,0.0,0.0,0.0,0.0,0.0,0.0,0.0
2016-11-25,-0.452604611443208,0.0,0.0,0.0,0.0,0.0,0.0,0.0,0.0,0.0,0.0,0.0,0.0,0.0,0.0,0.0,0.0
2016-11-28,-0.351719996568578,0.0,0.0,0.0,0.0,0.0,0.0,0.0,0.0,0.0,0.0,0.0,0.0,0.0,0.0,0.0,0.0
2016-11-29,-0.4820936639118423,0.0,0.0,0.0,0.0,0.0,0.0,0.0,0.0,0.0,0.0,0.0,0.0,0.0,0.0,0.0,0.0
2016-11-30,-4.247404844290658,0.0,0.0,0.0,0.0,0.0,0.0,0.0,0.0,0.0,0.0,0.0,0.0,0.0,0.0,0.0,0.0
2016-12-01,-0.1264793567621325,0.0,0.0,0.0,0.0,0.0,0.0,0.0,0.0,0.0,0.0,0.0,0.0,0.0,0.0,0.0,0.0
2016-12-02,-0.0633197648122974,0.0,0.0,0.0,0.0,0.0,0.0,0.0,0.0,0.0,0.0,0.0,0.0,0.0,0.0,0.0,0.0
2016-12-05,-0.5521361332367802,0.0,0.0,0.0,0.0,0.0,0.0,0.0,0.0,0.0,0.0,0.0,0.0,0.0,0.0,0.0,0.0
2016-12-06,-0.2730499681441789,0.0,0.0,0.0,0.0,0.0,0.0,0.0,0.0,0.0,0.0,0.0,0.0,0.0,0.0,0.0,0.0
2016-12-07,-0.5932280733777384,0.0,0.0,0.0,0.0,0.0,0.0,0.0,0.0,0.0,0.0,0.0,0.0,0.0,0.0,0.0,0.0
2016-12-08,-0.1193536540580186,0.0,0.0,0.0,0.0,0.0,0.0,0.0,0.0,0.0,0.0,0.0,0.0,0.0,0.0,0.0,0.0
2016-12-09,-0.2114164904862603,0.0,0.0,0.0,0.0,0.0,0.0,0.0,0.0,0.0,0.0,0.0,0.0,0.0,0.0,0.0,0.0
2016-12-12,-0.414517317612384,0.0,0.0,0.0,0.0,0.0,0.0,0.0,0.0,0.0,0.0,0.0,0.0,0.0,0.0,0.0,0.0
2016-12-13,-0.1757469244288212,0.0,0.0,0.0,0.0,0.0,0.0,0.0,0.0,0.0,0.0,0.0,0.0,0.0,0.0,0.0,0.0
2016-12-14,-0.2316530763528557,0.0,0.0,0.0,0.0,0.0,0.0,0.0,0.0,0.0,0.0,0.0,0.0,0.0,0.0,0.0,0.0
2016-12-15,-0.1486022104578821,0.0,0.0,0.0,0.0,0.0,0.0,0.0,0.0,0.0,0.0,0.0,0.0,0.0,0.0,0.0,0.0
2016-12-16,-0.2232350479025258,0.0,0.0,0.0,0.0,0.0,0.0,0.0,0.0,0.0,0.0,0.0,0.0,0.0,0.0,0.0,0.0
2016-12-19,-0.1398340635778816,0.0,0.0,0.0,0.0,0.0,0.0,0.0,0.0,0.0,0.0,0.0,0.0,0.0,0.0,0.0,0.0
2016-12-20,-0.0933532486930621,0.0,0.0,0.0,0.0,0.0,0.0,0.0,0.0,0.0,0.0,0.0,0.0,0.0,0.0,0.0,0.0
2016-12-21,-0.1121285740982913,0.0,0.0,0.0,0.0,0.0,0.0,0.0,0.0,0.0,0.0,0.0,0.0,0.0,0.0,0.0,0.0
2016-12-22,-0.1403180542563165,0.0,0.0,0.0,0.0,0.0,0.0,0.0,0.0,0.0,0.0,0.0,0.0,0.0,0.0,0.0,0.0
2016-12-23,-0.1311475409836116,0.0,0.0,0.0,0.0,0.0,0.0,0.0,0.0,0.0,0.0,0.0,0.0,0.0,0.0,0.0,0.0
2016-12-26,0.0,0.0,0.0,0.0,0.0,0.0,0.0,0.0,0.0,0.0,0.0,0.0,0.0,0.0,0.0,0.0,0.0
2016-12-27,-0.1125597973923642,0.0,0.0,0.0,0.0,0.0,0.0,0.0,0.0,0.0,0.0,0.0,0.0,0.0,0.0,0.0,0.0
2016-12-28,-0.0187811062071552,0.0,0.0,0.0,0.0,0.0,0.0,0.0,0.0,0.0,0.0,0.0,0.0,0.0,0.0,0.0,0.0
2016-12-29,0.0,0.0,0.0,0.0,0.0,0.0,0.0,0.0,0.0,0.0,0.0,0.0,0.0,0.0,0.0,0.0,0.0
2016-12-30,-0.1033154879308773,0.0,0.0,0.0,0.0,0.0,0.0,0.0,0.0,0.0,0.0,0.0,0.0,0.0,0.0,0.0,0.0
2017-01-03,-0.1034223392252675,0.0,0.0,0.0,0.0,0.0,0.0,0.0,0.0,0.0,0.0,0.0,0.0,0.0,0.0,0.0,0.0
2017-01-04,-0.0282352941176511,0.0,0.0,0.0,0.0,0.0,0.0,0.0,0.0,0.0,0.0,0.0,0.0,0.0,0.0,0.0,0.0
2017-01-05,-0.0564865373752665,0.0,0.0,0.0,0.0,0.0,0.0,0.0,0.0,0.0,0.0,0.0,0.0,0.0,0.0,0.0,0.0
2017-01-06,-0.1224566691785944,0.0,0.0,0.0,0.0,0.0,0.0,0.0,0.0,0.0,0.0,0.0,0.0,0.0,0.0,0.0,0.0
2017-01-09,-0.0377251721211058,0.0,0.0,0.0,0.0,0.0,0.0,0.0,0.0,0.0,0.0,0.0,0.0,0.0,0.0,0.0,0.0
2017-01-10,-0.0188697046891173,0.0,0.0,0.0,0.0,0.0,0.0,0.0,0.0,0.0,0.0,0.0,0.0,0.0,0.0,0.0,0.0
2017-01-11,0.0,0.0,0.0,0.0,0.0,0.0,0.0,0.0,0.0,0.0,0.0,0.0,0.0,0.0,0.0,0.0,0.0
2017-01-12,-0.0471831650467047,0.0,0.0,0.0,0.0,0.0,0.0,0.0,0.0,0.0,0.0,0.0,0.0,0.0,0.0,0.0,0.0
2017-01-13,-0.0377643504531732,0.0,0.0,0.0,0.0,0.0,0.0,0.0,0.0,0.0,0.0,0.0,0.0,0.0,0.0,0.0,0.0
2017-01-16,0.0,0.0,0.0,0.0,0.0,0.0,0.0,0.0,0.0,0.0,0.0,0.0,0.0,0.0,0.0,0.0,0.0
2017-01-17,-0.009444654325641,0.0,0.0,0.0,0.0,0.0,0.0,0.0,0.0,0.0,0.0,0.0,0.0,0.0,0.0,0.0,0.0
2017-01-18,-0.1227921035231949,0.0,0.0,0.0,0.0,0.0,0.0,0.0,0.0,0.0,0.0,0.0,0.0,0.0,0.0,0.0,0.0
2017-01-19,-0.2080574995271367,0.0,0.0,0.0,0.0,0.0,0.0,0.0,0.0,0.0,0.0,0.0,0.0,0.0,0.0,0.0,0.0
2017-01-20,-0.0379075056861188,0.0,0.0,0.0,0.0,0.0,0.0,0.0,0.0,0.0,0.0,0.0,0.0,0.0,0.0,0.0,0.0
2017-01-23,-0.0379218809252956,0.0,0.0,0.0,0.0,0.0,0.0,0.0,0.0,0.0,0.0,0.0,0.0,0.0,0.0,0.0,0.0
2017-01-24,-0.0284522003034859,0.0,0.0,0.0,0.0,0.0,0.0,0.0,0.0,0.0,0.0,0.0,0.0,0.0,0.0,0.0,0.0
2017-02-02,-0.2561426809600586,0.0,0.0,0.0,0.0,0.0,0.0,0.0,0.0,0.0,0.0,0.0,0.0,0.0,0.0,0.0,0.0
2017-02-03,-0.6562678333650318,0.0,0.0,0.0,0.0,0.0,0.0,0.0,0.0,0.0,0.0,0.0,0.0,0.0,0.0,0.0,0.0
2017-02-06,-0.1914791766395418,0.0,0.0,0.0,0.0,0.0,0.0,0.0,0.0,0.0,0.0,0.0,0.0,0.0,0.0,0.0,0.0
2017-02-07,-0.5467625899280515,0.0,0.0,0.0,0.0,0.0,0.0,0.0,0.0,0.0,0.0,0.0,0.0,0.0,0.0,0.0,0.0
2017-02-08,-0.057870370370372,0.0,0.0,0.0,0.0,0.0,0.0,0.0,0.0,0.0,0.0,0.0,0.0,0.0,0.0,0.0,0.0
2017-02-09,-0.2123142250530785,0.0,0.0,0.0,0.0,0.0,0.0,0.0,0.0,0.0,0.0,0.0,0.0,0.0,0.0,0.0,0.0
2017-02-10,-0.0386847195357864,0.0,0.0,0.0,0.0,0.0,0.0,0.0,0.0,0.0,0.0,0.0,0.0,0.0,0.0,0.0,0.0
2017-02-13,-0.0773993808049544,0.0,0.0,0.0,0.0,0.0,0.0,0.0,0.0,0.0,0.0,0.0,0.0,0.0,0.0,0.0,0.0
2017-02-14,-0.0968241673121594,0.0,0.0,0.0,0.0,0.0,0.0,0.0,0.0,0.0,0.0,0.0,0.0,0.0,0.0,0.0,0.0
2017-02-15,-0.0775344058926319,0.0,0.0,0.0,0.0,0.0,0.0,0.0,0.0,0.0,0.0,0.0,0.0,0.0,0.0,0.0,0.0
2017-02-16,-0.1648884578079434,0.0,0.0,0.0,0.0,0.0,0.0,0.0,0.0,0.0,0.0,0.0,0.0,0.0,0.0,0.0,0.0
2017-02-17,-0.126299426794918,0.0,0.0,0.0,0.0,0.0,0.0,0.0,0.0,0.0,0.0,0.0,0.0,0.0,0.0,0.0,0.0
2017-02-18,0.0,0.0,0.0,0.0,0.0,0.0,0.0,0.0,0.0,0.0,0.0,0.0,0.0,0.0,0.0,0.0,0.0
2017-02-20,-0.0389105058365646,0.0,0.0,0.0,0.0,0.0,0.0,0.0,0.0,0.0,0.0,0.0,0.0,0.0,0.0,0.0,0.0
2017-02-21,-0.0583884780070098,0.0,0.0,0.0,0.0,0.0,0.0,0.0,0.0,0.0,0.0,0.0,0.0,0.0,0.0,0.0,0.0
2017-02-22,-0.0584225900681634,0.0,0.0,0.0,0.0,0.0,0.0,0.0,0.0,0.0,0.0,0.0,0.0,0.0,0.0,0.0,0.0
2017-02-23,-0.0487139516757606,0.0,0.0,0.0,0.0,0.0,0.0,0.0,0.0,0.0,0.0,0.0,0.0,0.0,0.0,0.0,0.0
2017-02-24,-0.0487376937323258,0.0,0.0,0.0,0.0,0.0,0.0,0.0,0.0,0.0,0.0,0.0,0.0,0.0,0.0,0.0,0.0
2017-03-01,-0.7704310512970602,0.0,0.0,0.0,0.0,0.0,0.0,0.0,0.0,0.0,0.0,0.0,0.0,0.0,0.0,0.0,0.0
2017-03-02,-0.6388206388206474,0.0,0.0,0.0,0.0,0.0,0.0,0.0,0.0,0.0,0.0,0.0,0.0,0.0,0.0,0.0,0.0
2017-03-03,-0.7814045499505373,0.0,0.0,0.0,0.0,0.0,0.0,0.0,0.0,0.0,0.0,0.0,0.0,0.0,0.0,0.0,0.0
2017-03-06,-0.4286711195294668,0.0,0.0,0.0,0.0,0.0,0.0,0.0,0.0,0.0,0.0,0.0,0.0,0.0,0.0,0.0,0.0
2017-03-07,-0.3303964757709221,0.0,0.0,0.0,0.0,0.0,0.0,0.0,0.0,0.0,0.0,0.0,0.0,0.0,0.0,0.0,0.0
2017-03-08,-0.3114013058764464,0.0,0.0,0.0,0.0,0.0,0.0,0.0,0.0,0.0,0.0,0.0,0.0,0.0,0.0,0.0,0.0
2017-03-09,-0.2519145505844422,0.0,0.0,0.0,0.0,0.0,0.0,0.0,0.0,0.0,0.0,0.0,0.0,0.0,0.0,0.0,0.0
2017-03-10,-0.2828568542276977,0.0,0.0,0.0,0.0,0.0,0.0,0.0,0.0,0.0,0.0,0.0,0.0,0.0,0.0,0.0,0.0
2017-03-13,-0.3950967480498391,0.0,0.0,0.0,0.0,0.0,0.0,0.0,0.0,0.0,0.0,0.0,0.0,0.0,0.0,0.0,0.0
2017-03-14,-0.2237591537835648,0.0,0.0,0.0,0.0,0.0,0.0,0.0,0.0,0.0,0.0,0.0,0.0,0.0,0.0,0.0,0.0
2017-03-15,-0.1019367991844988,0.0,0.0,0.0,0.0,0.0,0.0,0.0,0.0,0.0,0.0,0.0,0.0,0.0,0.0,0.0,0.0
2017-03-16,-0.1530612244898033,0.0,0.0,0.0,0.0,0.0,0.0,0.0,0.0,0.0,0.0,0.0,0.0,0.0,0.0,0.0,0.0
2017-03-17,-0.1226366888093966,0.0,0.0,0.0,0.0,0.0,0.0,0.0,0.0,0.0,0.0,0.0,0.0,0.0,0.0,0.0,0.0
2017-03-20,-0.0818581807019325,0.0,0.0,0.0,0.0,0.0,0.0,0.0,0.0,0.0,0.0,0.0,0.0,0.0,0.0,0.0,0.0
2017-03-21,-0.0204813108038992,0.0,0.0,0.0,0.0,0.0,0.0,0.0,0.0,0.0,0.0,0.0,0.0,0.0,0.0,0.0,0.0
2017-03-22,-0.1946123117894105,0.0,0.0,0.0,0.0,0.0,0.0,0.0,0.0,0.0,0.0,0.0,0.0,0.0,0.0,0.0,0.0
2017-03-23,-0.2565681444991807,0.0,0.0,0.0,0.0,0.0,0.0,0.0,0.0,0.0,0.0,0.0,0.0,0.0,0.0,0.0,0.0
2017-03-24,-0.277806358678867,0.0,0.0,0.0,0.0,0.0,0.0,0.0,0.0,0.0,0.0,0.0,0.0,0.0,0.0,0.0,0.0
2017-03-27,-0.2682624845233183,0.0,0.0,0.0,0.0,0.0,0.0,0.0,0.0,0.0,0.0,0.0,0.0,0.0,0.0,0.0,0.0
2017-03-28,-0.3207117732257458,0.0,0.0,0.0,0.0,0.0,0.0,0.0,0.0,0.0,0.0,0.0,0.0,0.0,0.0,0.0,0.0
2017-03-29,-0.0726517903476886,0.0,0.0,0.0,0.0,0.0,0.0,0.0,0.0,0.0,0.0,0.0,0.0,0.0,0.0,0.0,0.0
2017-03-30,-0.2285002077274556,0.0,0.0,0.0,0.0,0.0,0.0,0.0,0.0,0.0,0.0,0.0,0.0,0.0,0.0,0.0,0.0
2017-03-31,-0.1041016031646968,0.0,0.0,0.0,0.0,0.0,0.0,0.0,0.0,0.0,0.0,0.0,0.0,0.0,0.0,0.0,0.0
2017-04-05,-0.0833680700291772,0.0,0.0,0.0,0.0,0.0,0.0,0.0,0.0,0.0,0.0,0.0,0.0,0.0,0.0,0.0,0.0
2017-04-06,-0.073007926574875,0.0,0.0,0.0,0.0,0.0,0.0,0.0,0.0,0.0,0.0,0.0,0.0,0.0,0.0,0.0,0.0
2017-04-07,-0.2087464774031988,0.0,0.0,0.0,0.0,0.0,0.0,0.0,0.0,0.0,0.0,0.0,0.0,0.0,0.0,0.0,0.0
2017-04-10,-0.4392845936617484,0.0,0.0,0.0,0.0,0.0,0.0,0.0,0.0,0.0,0.0,0.0,0.0,0.0,0.0,0.0,0.0
2017-04-11,-0.4412228175228461,0.0,0.0,0.0,0.0,0.0,0.0,0.0,0.0,0.0,0.0,0.0,0.0,0.0,0.0,0.0,0.0
2017-04-12,-0.939115753930564,0.0,0.0,0.0,0.0,0.0,0.0,0.0,0.0,0.0,0.0,0.0,0.0,0.0,0.0,0.0,0.0
2017-04-13,-0.2556455048998707,0.0,0.0,0.0,0.0,0.0,0.0,0.0,0.0,0.0,0.0,0.0,0.0,0.0,0.0,0.0,0.0
2017-04-14,-0.4378470739000439,0.0,0.0,0.0,0.0,0.0,0.0,0.0,0.0,0.0,0.0,0.0,0.0,0.0,0.0,0.0,0.0
2017-04-17,-0.1608924166041081,0.0,0.0,0.0,0.0,0.0,0.0,0.0,0.0,0.0,0.0,0.0,0.0,0.0,0.0,0.0,0.0
2017-04-18,-0.1396648044692638,0.0,0.0,0.0,0.0,0.0,0.0,0.0,0.0,0.0,0.0,0.0,0.0,0.0,0.0,0.0,0.0
2017-04-19,-0.1506186121570718,0.0,0.0,0.0,0.0,0.0,0.0,0.0,0.0,0.0,0.0,0.0,0.0,0.0,0.0,0.0,0.0
2017-04-20,-0.0538735050102379,0.0,0.0,0.0,0.0,0.0,0.0,0.0,0.0,0.0,0.0,0.0,0.0,0.0,0.0,0.0,0.0
2017-04-21,-0.2048296679603378,0.0,0.0,0.0,0.0,0.0,0.0,0.0,0.0,0.0,0.0,0.0,0.0,0.0,0.0,0.0,0.0
2017-04-24,-0.1188289942746001,0.0,0.0,0.0,0.0,0.0,0.0,0.0,0.0,0.0,0.0,0.0,0.0,0.0,0.0,0.0,0.0
2017-04-25,-0.1406013411204831,0.0,0.0,0.0,0.0,0.0,0.0,0.0,0.0,0.0,0.0,0.0,0.0,0.0,0.0,0.0,0.0
2017-04-26,-0.1407993068341717,0.0,0.0,0.0,0.0,0.0,0.0,0.0,0.0,0.0,0.0,0.0,0.0,0.0,0.0,0.0,0.0
2017-04-27,-0.1735357917570512,0.0,0.0,0.0,0.0,0.0,0.0,0.0,0.0,0.0,0.0,0.0,0.0,0.0,0.0,0.0,0.0
2017-04-28,-0.1955671447196993,0.0,0.0,0.0,0.0,0.0,0.0,0.0,0.0,0.0,0.0,0.0,0.0,0.0,0.0,0.0,0.0
2017-05-02,-1.219246679730024,0.0,0.0,0.0,0.0,0.0,0.0,0.0,0.0,0.0,0.0,0.0,0.0,0.0,0.0,0.0,0.0
2017-05-03,-0.2204099625302991,0.0,0.0,0.0,0.0,0.0,0.0,0.0,0.0,0.0,0.0,0.0,0.0,0.0,0.0,0.0,0.0
2017-05-04,-0.0883587364700844,0.0,0.0,0.0,0.0,0.0,0.0,0.0,0.0,0.0,0.0,0.0,0.0,0.0,0.0,0.0,0.0
2017-05-05,-0.3095290736236822,0.0,0.0,0.0,0.0,0.0,0.0,0.0,0.0,0.0,0.0,0.0,0.0,0.0,0.0,0.0,0.0
2017-05-08,-0.4657351962741196,0.0,0.0,0.0,0.0,0.0,0.0,0.0,0.0,0.0,0.0,0.0,0.0,0.0,0.0,0.0,0.0
2017-05-09,-0.1114081996435034,0.0,0.0,0.0,0.0,0.0,0.0,0.0,0.0,0.0,0.0,0.0,0.0,0.0,0.0,0.0,0.0
2017-05-10,-0.0669194735668066,0.0,0.0,0.0,0.0,0.0,0.0,0.0,0.0,0.0,0.0,0.0,0.0,0.0,0.0,0.0,0.0
2017-05-11,-0.0223214285714257,0.0,0.0,0.0,0.0,0.0,0.0,0.0,0.0,0.0,0.0,0.0,0.0,0.0,0.0,0.0,0.0
2017-05-12,-0.1339584728734189,0.0,0.0,0.0,0.0,0.0,0.0,0.0,0.0,0.0,0.0,0.0,0.0,0.0,0.0,0.0,0.0
2017-05-15,-0.0335345405767739,0.0,0.0,0.0,0.0,0.0,0.0,0.0,0.0,0.0,0.0,0.0,0.0,0.0,0.0,0.0,0.0
2017-05-16,-0.0223638600022502,0.0,0.0,0.0,0.0,0.0,0.0,0.0,0.0,0.0,0.0,0.0,0.0,0.0,0.0,0.0,0.0
2017-05-17,-0.033553293815014,0.0,0.0,0.0,0.0,0.0,0.0,0.0,0.0,0.0,0.0,0.0,0.0,0.0,0.0,0.0,0.0
2017-05-18,-0.0559409263817367,0.0,0.0,0.0,0.0,0.0,0.0,0.0,0.0,0.0,0.0,0.0,0.0,0.0,0.0,0.0,0.0
2017-05-19,-0.1567222657561817,0.0,0.0,0.0,0.0,0.0,0.0,0.0,0.0,0.0,0.0,0.0,0.0,0.0,0.0,0.0,0.0
2017-05-22,-0.2242403856934638,0.0,0.0,0.0,0.0,0.0,0.0,0.0,0.0,0.0,0.0,0.0,0.0,0.0,0.0,0.0,0.0
2017-05-23,-0.280930441622651,0.0,0.0,0.0,0.0,0.0,0.0,0.0,0.0,0.0,0.0,0.0,0.0,0.0,0.0,0.0,0.0
2017-05-24,-0.4845616407482489,0.0,0.0,0.0,0.0,0.0,0.0,0.0,0.0,0.0,0.0,0.0,0.0,0.0,0.0,0.0,0.0
2017-05-25,-0.2264749179028413,0.0,0.0,0.0,0.0,0.0,0.0,0.0,0.0,0.0,0.0,0.0,0.0,0.0,0.0,0.0,0.0
2017-05-26,-0.2723867892407194,0.0,0.0,0.0,0.0,0.0,0.0,0.0,0.0,0.0,0.0,0.0,0.0,0.0,0.0,0.0,0.0
2017-05-31,-0.1934676226243326,0.0,0.0,0.0,0.0,0.0,0.0,0.0,0.0,0.0,0.0,0.0,0.0,0.0,0.0,0.0,0.0
2017-06-01,-0.1254275940706928,0.0,0.0,0.0,0.0,0.0,0.0,0.0,0.0,0.0,0.0,0.0,0.0,0.0,0.0,0.0,0.0
2017-06-02,-0.1141682840506974,0.0,0.0,0.0,0.0,0.0,0.0,0.0,0.0,0.0,0.0,0.0,0.0,0.0,0.0,0.0,0.0
2017-06-03,0.0,0.0,0.0,0.0,0.0,0.0,0.0,0.0,0.0,0.0,0.0,0.0,0.0,0.0,0.0,0.0,0.0
2017-06-05,-0.1028688993027659,0.0,0.0,0.0,0.0,0.0,0.0,0.0,0.0,0.0,0.0,0.0,0.0,0.0,0.0,0.0,0.0
2017-06-06,-0.2059496567505814,0.0,0.0,0.0,0.0,0.0,0.0,0.0,0.0,0.0,0.0,0.0,0.0,0.0,0.0,0.0,0.0
2017-06-07,-0.2980967667966072,0.0,0.0,0.0,0.0,0.0,0.0,0.0,0.0,0.0,0.0,0.0,0.0,0.0,0.0,0.0,0.0
2017-06-08,-0.0919963201471918,0.0,0.0,0.0,0.0,0.0,0.0,0.0,0.0,0.0,0.0,0.0,0.0,0.0,0.0,0.0,0.0
2017-06-09,-0.0805709023940948,0.0,0.0,0.0,0.0,0.0,0.0,0.0,0.0,0.0,0.0,0.0,0.0,0.0,0.0,0.0,0.0
2017-06-12,-0.0806358714433908,0.0,0.0,0.0,0.0,0.0,0.0,0.0,0.0,0.0,0.0,0.0,0.0,0.0,0.0,0.0,0.0
2017-06-13,-0.0230574129582605,0.0,0.0,0.0,0.0,0.0,0.0,0.0,0.0,0.0,0.0,0.0,0.0,0.0,0.0,0.0,0.0
2017-06-14,-0.046125461254598,0.0,0.0,0.0,0.0,0.0,0.0,0.0,0.0,0.0,0.0,0.0,0.0,0.0,0.0,0.0,0.0
2017-06-15,-0.0692201199815389,0.0,0.0,0.0,0.0,0.0,0.0,0.0,0.0,0.0,0.0,0.0,0.0,0.0,0.0,0.0,0.0
2017-06-16,-0.0346340337104567,0.0,0.0,0.0,0.0,0.0,0.0,0.0,0.0,0.0,0.0,0.0,0.0,0.0,0.0,0.0,0.0
2017-06-19,-0.0115486776764095,0.0,0.0,0.0,0.0,0.0,0.0,0.0,0.0,0.0,0.0,0.0,0.0,0.0,0.0,0.0,0.0
2017-06-20,-0.08085008085007,0.0,0.0,0.0,0.0,0.0,0.0,0.0,0.0,0.0,0.0,0.0,0.0,0.0,0.0,0.0,0.0
2017-06-21,-0.1387122875968094,0.0,0.0,0.0,0.0,0.0,0.0,0.0,0.0,0.0,0.0,0.0,0.0,0.0,0.0,0.0,0.0
2017-06-22,-0.092603310568351,0.0,0.0,0.0,0.0,0.0,0.0,0.0,0.0,0.0,0.0,0.0,0.0,0.0,0.0,0.0,0.0
2017-06-23,-0.0115861429730079,0.0,0.0,0.0,0.0,0.0,0.0,0.0,0.0,0.0,0.0,0.0,0.0,0.0,0.0,0.0,0.0
2017-06-26,-0.0926998841251469,0.0,0.0,0.0,0.0,0.0,0.0,0.0,0.0,0.0,0.0,0.0,0.0,0.0,0.0,0.0,0.0
2017-06-27,-0.1507770818835463,0.0,0.0,0.0,0.0,0.0,0.0,0.0,0.0,0.0,0.0,0.0,0.0,0.0,0.0,0.0,0.0
2017-06-28,-0.0348472528749033,0.0,0.0,0.0,0.0,0.0,0.0,0.0,0.0,0.0,0.0,0.0,0.0,0.0,0.0,0.0,0.0
2017-06-29,-0.0232396002788681,0.0,0.0,0.0,0.0,0.0,0.0,0.0,0.0,0.0,0.0,0.0,0.0,0.0,0.0,0.0,0.0
2017-06-30,0.0,0.0,0.0,0.0,0.0,0.0,0.0,0.0,0.0,0.0,0.0,0.0,0.0,0.0,0.0,0.0,0.0
2017-07-03,-0.0464900046490024,0.0,0.0,0.0,0.0,0.0,0.0,0.0,0.0,0.0,0.0,0.0,0.0,0.0,0.0,0.0,0.0
2017-07-04,-0.0116279069767522,0.0,0.0,0.0,0.0,0.0,0.0,0.0,0.0,0.0,0.0,0.0,0.0,0.0,0.0,0.0,0.0
2017-07-05,-0.0348877776485623,0.0,0.0,0.0,0.0,0.0,0.0,0.0,0.0,0.0,0.0,0.0,0.0,0.0,0.0,0.0,0.0
2017-07-06,-0.0697999069334431,0.0,0.0,0.0,0.0,0.0,0.0,0.0,0.0,0.0,0.0,0.0,0.0,0.0,0.0,0.0,0.0
2017-07-07,-0.0465657741560043,0.0,0.0,0.0,0.0,0.0,0.0,0.0,0.0,0.0,0.0,0.0,0.0,0.0,0.0,0.0,0.0
2017-07-10,-0.0465874679711264,0.0,0.0,0.0,0.0,0.0,0.0,0.0,0.0,0.0,0.0,0.0,0.0,0.0,0.0,0.0,0.0
2017-07-11,-0.0349568865066318,0.0,0.0,0.0,0.0,0.0,0.0,0.0,0.0,0.0,0.0,0.0,0.0,0.0,0.0,0.0,0.0
2017-07-12,-0.0349691106189542,0.0,0.0,0.0,0.0,0.0,0.0,0.0,0.0,0.0,0.0,0.0,0.0,0.0,0.0,0.0,0.0
2017-07-13,-0.0699626865671709,0.0,0.0,0.0,0.0,0.0,0.0,0.0,0.0,0.0,0.0,0.0,0.0,0.0,0.0,0.0,0.0
2017-07-14,-0.0816802800466809,0.0,0.0,0.0,0.0,0.0,0.0,0.0,0.0,0.0,0.0,0.0,0.0,0.0,0.0,0.0,0.0
2017-07-17,-0.0116781501810048,0.0,0.0,0.0,0.0,0.0,0.0,0.0,0.0,0.0,0.0,0.0,0.0,0.0,0.0,0.0,0.0
2017-07-18,-0.0817565989254975,0.0,0.0,0.0,0.0,0.0,0.0,0.0,0.0,0.0,0.0,0.0,0.0,0.0,0.0,0.0,0.0
2017-07-19,-0.0350672121566364,0.0,0.0,0.0,0.0,0.0,0.0,0.0,0.0,0.0,0.0,0.0,0.0,0.0,0.0,0.0,0.0
2017-07-20,-0.0350795135640846,0.0,0.0,0.0,0.0,0.0,0.0,0.0,0.0,0.0,0.0,0.0,0.0,0.0,0.0,0.0,0.0
2017-07-21,-0.0233945490700659,0.0,0.0,0.0,0.0,0.0,0.0,0.0,0.0,0.0,0.0,0.0,0.0,0.0,0.0,0.0,0.0
2017-07-24,-0.0702000702000771,0.0,0.0,0.0,0.0,0.0,0.0,0.0,0.0,0.0,0.0,0.0,0.0,0.0,0.0,0.0,0.0
2017-07-25,-0.0117082308862981,0.0,0.0,0.0,0.0,0.0,0.0,0.0,0.0,0.0,0.0,0.0,0.0,0.0,0.0,0.0,0.0
2017-07-26,0.0468384074941319,0.0,0.0,0.0,0.0,0.0,0.0,0.0,0.0,0.0,0.0,0.0,0.0,0.0,0.0,0.0,0.0
2017-07-27,0.0117041198501866,0.0,0.0,0.0,0.0,0.0,0.0,0.0,0.0,0.0,0.0,0.0,0.0,0.0,0.0,0.0,0.0
2017-07-28,-0.0117027501462918,0.0,0.0,0.0,0.0,0.0,0.0,0.0,0.0,0.0,0.0,0.0,0.0,0.0,0.0,0.0,0.0
2017-07-31,0.0,0.0,0.0,0.0,0.0,0.0,0.0,0.0,0.0,0.0,0.0,0.0,0.0,0.0,0.0,0.0,0.0
2017-08-01,0.0,0.0,0.0,0.0,0.0,0.0,0.0,0.0,0.0,0.0,0.0,0.0,0.0,0.0,0.0,0.0,0.0
2017-08-02,-0.0351123595505598,0.0,0.0,0.0,0.0,0.0,0.0,0.0,0.0,0.0,0.0,0.0,0.0,0.0,0.0,0.0,0.0
2017-08-03,-0.0117082308862981,0.0,0.0,0.0,0.0,0.0,0.0,0.0,0.0,0.0,0.0,0.0,0.0,0.0,0.0,0.0,0.0
2017-08-04,0.0,0.0,0.0,0.0,0.0,0.0,0.0,0.0,0.0,0.0,0.0,0.0,0.0,0.0,0.0,0.0,0.0
2017-08-07,0.0117096018735329,0.0,0.0,0.0,0.0,0.0,0.0,0.0,0.0,0.0,0.0,0.0,0.0,0.0,0.0,0.0,0.0
2017-08-08,0.1404987706357552,0.0,0.0,0.0,0.0,0.0,0.0,0.0,0.0,0.0,0.0,0.0,0.0,0.0,0.0,0.0,0.0
2017-08-09,0.081842628317541,0.0,0.0,0.0,0.0,0.0,0.0,0.0,0.0,0.0,0.0,0.0,0.0,0.0,0.0,0.0,0.0
2017-08-10,0.0116822429906626,0.0,0.0,0.0,0.0,0.0,0.0,0.0,0.0,0.0,0.0,0.0,0.0,0.0,0.0,0.0,0.0
2017-08-11,0.0,0.0,0.0,0.0,0.0,0.0,0.0,0.0,0.0,0.0,0.0,0.0,0.0,0.0,0.0,0.0,0.0
2017-08-14,-0.0584043920102805,0.0,0.0,0.0,0.0,0.0,0.0,0.0,0.0,0.0,0.0,0.0,0.0,0.0,0.0,0.0,0.0
2017-08-15,-0.0233754090696591,0.0,0.0,0.0,0.0,0.0,0.0,0.0,0.0,0.0,0.0,0.0,0.0,0.0,0.0,0.0,0.0
2017-08-16,-0.0116904372223558,0.0,0.0,0.0,0.0,0.0,0.0,0.0,0.0,0.0,0.0,0.0,0.0,0.0,0.0,0.0,0.0
2017-08-17,-0.0116918040453661,0.0,0.0,0.0,0.0,0.0,0.0,0.0,0.0,0.0,0.0,0.0,0.0,0.0,0.0,0.0,0.0
2017-08-18,-0.0116931711880208,0.0,0.0,0.0,0.0,0.0,0.0,0.0,0.0,0.0,0.0,0.0,0.0,0.0,0.0,0.0,0.0
2017-08-21,0.0,0.0,0.0,0.0,0.0,0.0,0.0,0.0,0.0,0.0,0.0,0.0,0.0,0.0,0.0,0.0,0.0
2017-08-22,0.0,0.0,0.0,0.0,0.0,0.0,0.0,0.0,0.0,0.0,0.0,0.0,0.0,0.0,0.0,0.0,0.0
2017-08-23,-0.011694538650453,0.0,0.0,0.0,0.0,0.0,0.0,0.0,0.0,0.0,0.0,0.0,0.0,0.0,0.0,0.0,0.0
2017-08-24,-0.0233918128654919,0.0,0.0,0.0,0.0,0.0,0.0,0.0,0.0,0.0,0.0,0.0,0.0,0.0,0.0,0.0,0.0
2017-08-25,-1.181562938699121,0.0,0.0,0.0,0.0,0.0,0.0,0.0,0.0,0.0,0.0,0.0,0.0,0.0,0.0,0.0,0.0
2017-08-28,0.0,0.0,0.0,0.0,0.0,0.0,0.0,0.0,0.0,0.0,0.0,0.0,0.0,0.0,0.0,0.0,0.0
2017-08-29,0.0,0.0,0.0,0.0,0.0,0.0,0.0,0.0,0.0,0.0,0.0,0.0,0.0,0.0,0.0,0.0,0.0
2017-08-30,0.0591926127619268,0.0,0.0,0.0,0.0,0.0,0.0,0.0,0.0,0.0,0.0,0.0,0.0,0.0,0.0,0.0,0.0
2017-08-31,0.0236630383341429,0.0,0.0,0.0,0.0,0.0,0.0,0.0,0.0,0.0,0.0,0.0,0.0,0.0,0.0,0.0,0.0
2017-09-01,0.0,0.0,0.0,0.0,0.0,0.0,0.0,0.0,0.0,0.0,0.0,0.0,0.0,0.0,0.0,0.0,0.0
2017-09-04,0.0118287201324784,0.0,0.0,0.0,0.0,0.0,0.0,0.0,0.0,0.0,0.0,0.0,0.0,0.0,0.0,0.0,0.0
2017-09-05,0.0,0.0,0.0,0.0,0.0,0.0,0.0,0.0,0.0,0.0,0.0,0.0,0.0,0.0,0.0,0.0,0.0
2017-09-06,0.0118273211117791,0.0,0.0,0.0,0.0,0.0,0.0,0.0,0.0,0.0,0.0,0.0,0.0,0.0,0.0,0.0,0.0
2017-09-07,0.0,0.0,0.0,0.0,0.0,0.0,0.0,0.0,0.0,0.0,0.0,0.0,0.0,0.0,0.0,0.0,0.0
2017-09-08,0.0118259224219485,0.0,0.0,0.0,0.0,0.0,0.0,0.0,0.0,0.0,0.0,0.0,0.0,0.0,0.0,0.0,0.0
2017-09-11,0.01182452406292,0.0,0.0,0.0,0.0,0.0,0.0,0.0,0.0,0.0,0.0,0.0,0.0,0.0,0.0,0.0,0.0
2017-09-12,0.0,0.0,0.0,0.0,0.0,0.0,0.0,0.0,0.0,0.0,0.0,0.0,0.0,0.0,0.0,0.0,0.0
2017-09-13,0.0,0.0,0.0,0.0,0.0,0.0,0.0,0.0,0.0,0.0,0.0,0.0,0.0,0.0,0.0,0.0,0.0
2017-09-14,0.0,0.0,0.0,0.0,0.0,0.0,0.0,0.0,0.0,0.0,0.0,0.0,0.0,0.0,0.0,0.0,0.0
2017-09-15,0.011823126034538,0.0,0.0,0.0,0.0,0.0,0.0,0.0,0.0,0.0,0.0,0.0,0.0,0.0,0.0,0.0,0.0
2017-09-18,0.0118217283366695,0.0,0.0,0.0,0.0,0.0,0.0,0.0,0.0,0.0,0.0,0.0,0.0,0.0,0.0,0.0,0.0
2017-09-19,0.0,0.0,0.0,0.0,0.0,0.0,0.0,0.0,0.0,0.0,0.0,0.0,0.0,0.0,0.0,0.0,0.0
2017-09-20,0.0,0.0,0.0,0.0,0.0,0.0,0.0,0.0,0.0,0.0,0.0,0.0,0.0,0.0,0.0,0.0,0.0
2017-09-21,0.0118203309692699,0.0,0.0,0.0,0.0,0.0,0.0,0.0,0.0,0.0,0.0,0.0,0.0,0.0,0.0,0.0,0.0
2017-09-22,-0.0118189339321617,0.0,0.0,0.0,0.0,0.0,0.0,0.0,0.0,0.0,0.0,0.0,0.0,0.0,0.0,0.0,0.0
2017-09-25,-0.0354609929077986,0.0,0.0,0.0,0.0,0.0,0.0,0.0,0.0,0.0,0.0,0.0,0.0,0.0,0.0,0.0,0.0
2017-09-26,-0.0236490481258067,0.0,0.0,0.0,0.0,0.0,0.0,0.0,0.0,0.0,0.0,0.0,0.0,0.0,0.0,0.0,0.0
2017-09-27,-0.0118273211117569,0.0,0.0,0.0,0.0,0.0,0.0,0.0,0.0,0.0,0.0,0.0,0.0,0.0,0.0,0.0,0.0
2017-09-28,-0.0354861603974465,0.0,0.0,0.0,0.0,0.0,0.0,0.0,0.0,0.0,0.0,0.0,0.0,0.0,0.0,0.0,0.0
2017-09-29,-0.0591645959058251,0.0,0.0,0.0,0.0,0.0,0.0,0.0,0.0,0.0,0.0,0.0,0.0,0.0,0.0,0.0,0.0
2017-09-30,0.0,0.0,0.0,0.0,0.0,0.0,0.0,0.0,0.0,0.0,0.0,0.0,0.0,0.0,0.0,0.0,0.0
2017-10-02,-0.0118399242244771,0.0,0.0,0.0,0.0,0.0,0.0,0.0,0.0,0.0,0.0,0.0,0.0,0.0,0.0,0.0,0.0
2017-10-03,-0.0473653049141598,0.0,0.0,0.0,0.0,0.0,0.0,0.0,0.0,0.0,0.0,0.0,0.0,0.0,0.0,0.0,0.0
2017-10-05,-0.0592346878331873,0.0,0.0,0.0,0.0,0.0,0.0,0.0,0.0,0.0,0.0,0.0,0.0,0.0,0.0,0.0,0.0
2017-10-06,-0.0118539592223854,0.0,0.0,0.0,0.0,0.0,0.0,0.0,0.0,0.0,0.0,0.0,0.0,0.0,0.0,0.0,0.0
2017-10-11,-0.0118553645524488,0.0,0.0,0.0,0.0,0.0,0.0,0.0,0.0,0.0,0.0,0.0,0.0,0.0,0.0,0.0,0.0
2017-10-12,-0.0237135404316024,0.0,0.0,0.0,0.0,0.0,0.0,0.0,0.0,0.0,0.0,0.0,0.0,0.0,0.0,0.0,0.0
2017-10-13,-0.0237191650853896,0.0,0.0,0.0,0.0,0.0,0.0,0.0,0.0,0.0,0.0,0.0,0.0,0.0,0.0,0.0,0.0
2017-10-16,-0.0118623962040209,0.0,0.0,0.0,0.0,0.0,0.0,0.0,0.0,0.0,0.0,0.0,0.0,0.0,0.0,0.0,0.0
2017-10-17,0.0,0.0,0.0,0.0,0.0,0.0,0.0,0.0,0.0,0.0,0.0,0.0,0.0,0.0,0.0,0.0,0.0
2017-10-18,-0.0118638035354168,0.0,0.0,0.0,0.0,0.0,0.0,0.0,0.0,0.0,0.0,0.0,0.0,0.0,0.0,0.0,0.0
2017-10-19,-0.0118652112007677,0.0,0.0,0.0,0.0,0.0,0.0,0.0,0.0,0.0,0.0,0.0,0.0,0.0,0.0,0.0,0.0
2017-10-20,-0.1898659072030351,0.0,0.0,0.0,0.0,0.0,0.0,0.0,0.0,0.0,0.0,0.0,0.0,0.0,0.0,0.0,0.0
2017-10-23,-0.0594459636190647,0.0,0.0,0.0,0.0,0.0,0.0,0.0,0.0,0.0,0.0,0.0,0.0,0.0,0.0,0.0,0.0
2017-10-24,-0.0475850582916992,0.0,0.0,0.0,0.0,0.0,0.0,0.0,0.0,0.0,0.0,0.0,0.0,0.0,0.0,0.0,0.0
2017-10-25,-0.0357057843370589,0.0,0.0,0.0,0.0,0.0,0.0,0.0,0.0,0.0,0.0,0.0,0.0,0.0,0.0,0.0,0.0
2017-10-26,-0.023812358614117,0.0,0.0,0.0,0.0,0.0,0.0,0.0,0.0,0.0,0.0,0.0,0.0,0.0,0.0,0.0,0.0
2017-10-27,-0.035727045373346,0.0,0.0,0.0,0.0,0.0,0.0,0.0,0.0,0.0,0.0,0.0,0.0,0.0,0.0,0.0,0.0
2017-10-30,-0.0357398141529685,0.0,0.0,0.0,0.0,0.0,0.0,0.0,0.0,0.0,0.0,0.0,0.0,0.0,0.0,0.0,0.0
2017-10-31,-0.0238350613752769,0.0,0.0,0.0,0.0,0.0,0.0,0.0,0.0,0.0,0.0,0.0,0.0,0.0,0.0,0.0,0.0
2017-11-01,-0.0357611157468129,0.0,0.0,0.0,0.0,0.0,0.0,0.0,0.0,0.0,0.0,0.0,0.0,0.0,0.0,0.0,0.0
2017-11-02,-0.0476985451943745,0.0,0.0,0.0,0.0,0.0,0.0,0.0,0.0,0.0,0.0,0.0,0.0,0.0,0.0,0.0,0.0
2017-11-03,-0.0477213075638194,0.0,0.0,0.0,0.0,0.0,0.0,0.0,0.0,0.0,0.0,0.0,0.0,0.0,0.0,0.0,0.0
2017-11-06,-0.0358080687514972,0.0,0.0,0.0,0.0,0.0,0.0,0.0,0.0,0.0,0.0,0.0,0.0,0.0,0.0,0.0,0.0
2017-11-07,-0.0477611940298605,0.0,0.0,0.0,0.0,0.0,0.0,0.0,0.0,0.0,0.0,0.0,0.0,0.0,0.0,0.0,0.0
2017-11-08,-0.0358380121849077,0.0,0.0,0.0,0.0,0.0,0.0,0.0,0.0,0.0,0.0,0.0,0.0,0.0,0.0,0.0,0.0
2017-11-09,-0.0597514340344274,0.0,0.0,0.0,0.0,0.0,0.0,0.0,0.0,0.0,0.0,0.0,0.0,0.0,0.0,0.0,0.0
2017-11-10,-0.1674040416118627,0.0,0.0,0.0,0.0,0.0,0.0,0.0,0.0,0.0,0.0,0.0,0.0,0.0,0.0,0.0,0.0
2017-11-13,-0.0479099293328455,0.0,0.0,0.0,0.0,0.0,0.0,0.0,0.0,0.0,0.0,0.0,0.0,0.0,0.0,0.0,0.0
2017-11-14,-0.0479328939484768,0.0,0.0,0.0,0.0,0.0,0.0,0.0,0.0,0.0,0.0,0.0,0.0,0.0,0.0,0.0,0.0
2017-11-15,-0.0359669104423976,0.0,0.0,0.0,0.0,0.0,0.0,0.0,0.0,0.0,0.0,0.0,0.0,0.0,0.0,0.0,0.0
2017-11-16,-0.0359798512832854,0.0,0.0,0.0,0.0,0.0,0.0,0.0,0.0,0.0,0.0,0.0,0.0,0.0,0.0,0.0,0.0
2017-11-17,-0.0599880023995136,0.0,0.0,0.0,0.0,0.0,0.0,0.0,0.0,0.0,0.0,0.0,0.0,0.0,0.0,0.0,0.0
2017-11-20,-0.0240096038415349,0.0,0.0,0.0,0.0,0.0,0.0,0.0,0.0,0.0,0.0,0.0,0.0,0.0,0.0,0.0,0.0
2017-11-21,-0.0120076849183581,0.0,0.0,0.0,0.0,0.0,0.0,0.0,0.0,0.0,0.0,0.0,0.0,0.0,0.0,0.0,0.0
2017-11-22,-0.0480365077458744,0.0,0.0,0.0,0.0,0.0,0.0,0.0,0.0,0.0,0.0,0.0,0.0,0.0,0.0,0.0,0.0
2017-11-23,-0.0480595938964434,0.0,0.0,0.0,0.0,0.0,0.0,0.0,0.0,0.0,0.0,0.0,0.0,0.0,0.0,0.0,0.0
2017-11-24,-0.0841447289337549,0.0,0.0,0.0,0.0,0.0,0.0,0.0,0.0,0.0,0.0,0.0,0.0,0.0,0.0,0.0,0.0
2017-11-27,-0.0481231953801786,0.0,0.0,0.0,0.0,0.0,0.0,0.0,0.0,0.0,0.0,0.0,0.0,0.0,0.0,0.0,0.0
2017-11-28,-0.1083293211362579,0.0,0.0,0.0,0.0,0.0,0.0,0.0,0.0,0.0,0.0,0.0,0.0,0.0,0.0,0.0,0.0
2017-11-29,0.0,0.0,0.0,0.0,0.0,0.0,0.0,0.0,0.0,0.0,0.0,0.0,0.0,0.0,0.0,0.0,0.0
2017-11-30,0.2530425352452292,0.0,0.0,0.0,0.0,0.0,0.0,0.0,0.0,0.0,0.0,0.0,0.0,0.0,0.0,0.0,0.0
2017-12-01,0.024038461538467,0.0,0.0,0.0,0.0,0.0,0.0,0.0,0.0,0.0,0.0,0.0,0.0,0.0,0.0,0.0,0.0
2017-12-04,0.0,0.0,0.0,0.0,0.0,0.0,0.0,0.0,0.0,0.0,0.0,0.0,0.0,0.0,0.0,0.0,0.0
2017-12-05,0.036049026676288,0.0,0.0,0.0,0.0,0.0,0.0,0.0,0.0,0.0,0.0,0.0,0.0,0.0,0.0,0.0,0.0
2017-12-06,0.0240240240240163,0.0,0.0,0.0,0.0,0.0,0.0,0.0,0.0,0.0,0.0,0.0,0.0,0.0,0.0,0.0,0.0
2017-12-07,0.0,0.0,0.0,0.0,0.0,0.0,0.0,0.0,0.0,0.0,0.0,0.0,0.0,0.0,0.0,0.0,0.0
2017-12-08,0.0,0.0,0.0,0.0,0.0,0.0,0.0,0.0,0.0,0.0,0.0,0.0,0.0,0.0,0.0,0.0,0.0
2017-12-11,0.0,0.0,0.0,0.0,0.0,0.0,0.0,0.0,0.0,0.0,0.0,0.0,0.0,0.0,0.0,0.0,0.0
2017-12-12,-0.012009126936463,0.0,0.0,0.0,0.0,0.0,0.0,0.0,0.0,0.0,0.0,0.0,0.0,0.0,0.0,0.0,0.0
2017-12-13,0.0,0.0,0.0,0.0,0.0,0.0,0.0,0.0,0.0,0.0,0.0,0.0,0.0,0.0,0.0,0.0,0.0
2017-12-14,0.0,0.0,0.0,0.0,0.0,0.0,0.0,0.0,0.0,0.0,0.0,0.0,0.0,0.0,0.0,0.0,0.0
2017-12-15,0.0,0.0,0.0,0.0,0.0,0.0,0.0,0.0,0.0,0.0,0.0,0.0,0.0,0.0,0.0,0.0,0.0
2017-12-18,0.0,0.0,0.0,0.0,0.0,0.0,0.0,0.0,0.0,0.0,0.0,0.0,0.0,0.0,0.0,0.0,0.0
2017-12-19,0.0120105693009797,0.0,0.0,0.0,0.0,0.0,0.0,0.0,0.0,0.0,0.0,0.0,0.0,0.0,0.0,0.0,0.0
2017-12-20,0.0120091269364852,0.0,0.0,0.0,0.0,0.0,0.0,0.0,0.0,0.0,0.0,0.0,0.0,0.0,0.0,0.0,0.0
2017-12-21,0.0,0.0,0.0,0.0,0.0,0.0,0.0,0.0,0.0,0.0,0.0,0.0,0.0,0.0,0.0,0.0,0.0
2017-12-22,0.0,0.0,0.0,0.0,0.0,0.0,0.0,0.0,0.0,0.0,0.0,0.0,0.0,0.0,0.0,0.0,0.0
2017-12-25,0.0,0.0,0.0,0.0,0.0,0.0,0.0,0.0,0.0,0.0,0.0,0.0,0.0,0.0,0.0,0.0,0.0
2017-12-26,0.0,0.0,0.0,0.0,0.0,0.0,0.0,0.0,0.0,0.0,0.0,0.0,0.0,0.0,0.0,0.0,0.0
2017-12-27,0.0,0.0,0.0,0.0,0.0,0.0,0.0,0.0,0.0,0.0,0.0,0.0,0.0,0.0,0.0,0.0,0.0
2017-12-28,-0.0120076849183581,0.0,0.0,0.0,0.0,0.0,0.0,0.0,0.0,0.0,0.0,0.0,0.0,0.0,0.0,0.0,0.0
2017-12-29,0.0,0.0,0.0,0.0,0.0,0.0,0.0,0.0,0.0,0.0,0.0,0.0,0.0,0.0,0.0,0.0,0.0
2018-01-02,0.0,0.0,0.0,0.0,0.0,0.0,0.0,0.0,0.0,0.0,0.0,0.0,0.0,0.0,0.0,0.0,0.0
2018-01-03,-0.012009126936463,0.0,0.0,0.0,0.0,0.0,0.0,0.0,0.0,0.0,0.0,0.0,0.0,0.0,0.0,0.0,0.0
2018-01-04,-0.0120105693009908,0.0,0.0,0.0,0.0,0.0,0.0,0.0,0.0,0.0,0.0,0.0,0.0,0.0,0.0,0.0,0.0
2018-01-05,0.0,0.0,0.0,0.0,0.0,0.0,0.0,0.0,0.0,0.0,0.0,0.0,0.0,0.0,0.0,0.0,0.0
2018-01-08,0.0360360360360356,0.0,0.0,0.0,0.0,0.0,0.0,0.0,0.0,0.0,0.0,0.0,0.0,0.0,0.0,0.0,0.0
2018-01-09,-0.0120076849183581,0.0,0.0,0.0,0.0,0.0,0.0,0.0,0.0,0.0,0.0,0.0,0.0,0.0,0.0,0.0,0.0
2018-01-10,0.0480365077458966,0.0,0.0,0.0,0.0,0.0,0.0,0.0,0.0,0.0,0.0,0.0,0.0,0.0,0.0,0.0,0.0
2018-01-11,0.1800504141159509,0.0,0.0,0.0,0.0,0.0,0.0,0.0,0.0,0.0,0.0,0.0,0.0,0.0,0.0,0.0,0.0
2018-01-12,0.3235082674335032,0.0,0.0,0.0,0.0,0.0,0.0,0.0,0.0,0.0,0.0,0.0,0.0,0.0,0.0,0.0,0.0
2018-01-15,0.0358294518093993,0.0,0.0,0.0,0.0,0.0,0.0,0.0,0.0,0.0,0.0,0.0,0.0,0.0,0.0,0.0,0.0
2018-01-16,0.0358166189111663,0.0,0.0,0.0,0.0,0.0,0.0,0.0,0.0,0.0,0.0,0.0,0.0,0.0,0.0,0.0,0.0
2018-01-17,0.0238691968015292,0.0,0.0,0.0,0.0,0.0,0.0,0.0,0.0,0.0,0.0,0.0,0.0,0.0,0.0,0.0,0.0
2018-01-18,0.0119317503877613,0.0,0.0,0.0,0.0,0.0,0.0,0.0,0.0,0.0,0.0,0.0,0.0,0.0,0.0,0.0,0.0
2018-01-19,0.0238606537819263,0.0,0.0,0.0,0.0,0.0,0.0,0.0,0.0,0.0,0.0,0.0,0.0,0.0,0.0,0.0,0.0
2018-01-22,0.0119274809160296,0.0,0.0,0.0,0.0,0.0,0.0,0.0,0.0,0.0,0.0,0.0,0.0,0.0,0.0,0.0,0.0
2018-01-23,0.0,0.0,0.0,0.0,0.0,0.0,0.0,0.0,0.0,0.0,0.0,0.0,0.0,0.0,0.0,0.0,1.0
2018-01-24,0.0119260584376945,0.0,0.0,0.0,0.0,0.0,0.0,0.0,0.0,0.0,0.0,0.0,0.0,0.0,0.0,0.0,1.0
2018-01-25,-0.0119246362985991,0.0,0.0,0.0,0.0,0.0,0.0,0.0,0.0,0.0,0.0,0.0,0.0,0.0,0.0,0.0,1.0
2018-01-26,0.0,0.0,0.0,0.0,0.0,0.0,0.0,0.0,0.0,0.0,0.0,0.0,0.0,0.0,0.0,0.0,1.0
2018-01-29,0.0,0.0,0.0,0.0,0.0,0.0,0.0,0.0,0.0,0.0,0.0,0.0,0.0,0.0,0.0,0.0,1.0
2018-01-30,0.0,0.0,0.0,0.0,0.0,0.0,0.0,0.0,0.0,0.0,0.0,0.0,0.0,0.0,0.0,0.0,1.0
2018-01-31,0.0,0.0,0.0,0.0,0.0,0.0,0.0,0.0,0.0,0.0,0.0,0.0,0.0,0.0,0.0,0.0,1.0
2018-02-01,-0.0119260584376723,0.0,0.0,0.0,0.0,0.0,0.0,0.0,0.0,0.0,0.0,0.0,0.0,0.0,0.0,0.0,1.0
2018-02-02,0.0,0.0,0.0,0.0,0.0,0.0,0.0,0.0,0.0,0.0,0.0,0.0,0.0,0.0,0.0,0.0,1.0
2018-02-05,-0.0596374045801484,0.0,0.0,0.0,0.0,0.0,0.0,0.0,0.0,0.0,0.0,0.0,0.0,0.0,0.0,0.0,1.0
2018-02-06,-0.1909535744122337,0.0,0.0,0.0,0.0,0.0,0.0,0.0,0.0,0.0,0.0,0.0,0.0,0.0,0.0,0.0,1.0
2018-02-07,-0.1076168838933244,0.0,0.0,0.0,0.0,0.0,0.0,0.0,0.0,0.0,0.0,0.0,0.0,0.0,0.0,0.0,1.0
2018-02-08,-0.0478812544888795,0.0,0.0,0.0,0.0,0.0,0.0,0.0,0.0,0.0,0.0,0.0,0.0,0.0,0.0,0.0,1.0
2018-02-09,-0.0838323353293368,0.0,0.0,0.0,0.0,0.0,0.0,0.0,0.0,0.0,0.0,0.0,0.0,0.0,0.0,0.0,1.0
2018-02-12,-0.0359582883854736,0.0,0.0,0.0,0.0,0.0,0.0,0.0,0.0,0.0,0.0,0.0,0.0,0.0,0.0,0.0,1.0
2018-02-21,-0.0719424460431716,0.0,0.0,0.0,0.0,0.0,0.0,0.0,0.0,0.0,0.0,0.0,0.0,0.0,0.0,0.0,1.0
2018-02-22,-0.0359971202303799,0.0,0.0,0.0,0.0,0.0,0.0,0.0,0.0,0.0,0.0,0.0,0.0,0.0,0.0,0.0,1.0
2018-02-23,-0.0240067218821193,0.0,0.0,0.0,0.0,0.0,0.0,0.0,0.0,0.0,0.0,0.0,0.0,0.0,0.0,0.0,1.0
2018-02-26,-0.036018729739462,0.0,0.0,0.0,0.0,0.0,0.0,0.0,0.0,0.0,0.0,0.0,0.0,0.0,0.0,0.0,1.0
2018-02-27,-0.0240211386019817,0.0,0.0,0.0,0.0,0.0,0.0,0.0,0.0,0.0,0.0,0.0,0.0,0.0,0.0,0.0,1.0
2018-03-01,-0.0120134550696704,0.0,0.0,0.0,0.0,0.0,0.0,0.0,0.0,0.0,0.0,0.0,0.0,0.0,0.0,1.0,1.0
2018-03-02,-0.0240297969482328,0.0,0.0,0.0,0.0,0.0,0.0,0.0,0.0,0.0,0.0,0.0,0.0,0.0,0.0,1.0,1.0
2018-03-05,-0.012017786323748,0.0,0.0,0.0,0.0,0.0,0.0,0.0,0.0,0.0,0.0,0.0,0.0,0.0,0.0,1.0,1.0
2018-03-06,-0.0961538461538458,0.0,0.0,0.0,0.0,0.0,0.0,0.0,0.0,0.0,0.0,0.0,0.0,0.0,0.0,1.0,1.0
2018-03-07,-0.0240615976900948,0.0,0.0,0.0,0.0,0.0,0.0,0.0,0.0,0.0,0.0,0.0,0.0,0.0,0.0,1.0,1.0
2018-03-08,-0.0601684717208117,0.0,0.0,0.0,0.0,0.0,0.0,0.0,0.0,0.0,0.0,0.0,0.0,0.0,0.0,1.0,1.0
2018-03-09,-0.0361228175797756,0.0,0.0,0.0,0.0,0.0,0.0,0.0,0.0,0.0,0.0,0.0,0.0,0.0,0.0,1.0,1.0
2018-03-12,-0.0240905805829916,0.0,0.0,0.0,0.0,0.0,0.0,0.0,0.0,0.0,0.0,0.0,0.0,0.0,0.0,1.0,1.0
2018-03-13,-0.0120481927710858,0.0,0.0,0.0,0.0,0.0,0.0,0.0,0.0,0.0,0.0,0.0,0.0,0.0,0.0,1.0,1.0
2018-03-14,-0.0120496445354723,0.0,0.0,0.0,0.0,0.0,0.0,0.0,0.0,0.0,0.0,0.0,0.0,0.0,0.0,1.0,1.0
2018-03-15,-0.0361532899493921,0.0,0.0,0.0,0.0,0.0,0.0,0.0,0.0,0.0,0.0,0.0,0.0,0.0,0.0,1.0,1.0
2018-03-16,0.0,0.0,0.0,0.0,0.0,0.0,0.0,0.0,0.0,0.0,0.0,0.0,0.0,0.0,0.0,1.0,1.0
2018-03-19,0.2049427365883094,0.0,0.0,0.0,0.0,0.0,0.0,0.0,0.0,0.0,0.0,0.0,0.0,0.0,0.0,1.0,1.0
2018-03-20,0.3970163618864264,0.0,0.0,0.0,0.0,0.0,0.0,0.0,0.0,0.0,0.0,0.0,0.0,0.0,0.0,1.0,1.0
2018-03-21,0.0718993409227097,0.0,0.0,0.0,0.0,0.0,0.0,0.0,0.0,0.0,0.0,0.0,0.0,0.0,0.0,1.0,1.0
2018-03-22,0.0478984552747974,0.0,0.0,0.0,0.0,0.0,0.0,0.0,0.0,0.0,0.0,0.0,0.0,0.0,0.0,1.0,1.0
2018-03-23,0.0478755236385408,0.0,0.0,0.0,0.0,0.0,0.0,0.0,0.0,0.0,0.0,0.0,0.0,0.0,0.0,1.0,1.0
2018-03-26,0.0239263069745199,0.0,0.0,0.0,0.0,0.0,0.0,0.0,0.0,0.0,0.0,0.0,0.0,0.0,0.0,1.0,1.0
2018-03-27,1.3515129769166243,0.0,0.0,0.0,0.0,0.0,0.0,0.0,0.0,0.0,0.0,0.0,0.0,0.0,0.0,1.0,1.0
2018-03-28,0.6608449374557512,0.0,0.0,0.0,0.0,0.0,0.0,0.0,0.0,0.0,0.0,0.0,0.0,0.0,0.0,1.0,1.0
2018-03-29,0.035169988276662,0.0,0.0,0.0,0.0,0.0,0.0,0.0,0.0,0.0,0.0,0.0,0.0,0.0,1.0,1.0,1.0
2018-03-30,0.0937536622524382,0.0,0.0,0.0,0.0,0.0,0.0,0.0,0.0,0.0,0.0,0.0,0.0,0.0,1.0,1.0,1.0
2018-03-31,0.0,0.0,0.0,0.0,0.0,0.0,0.0,0.0,0.0,0.0,0.0,0.0,0.0,0.0,1.0,1.0,1.0
2018-04-02,8.722632010303254,0.0,0.0,0.0,0.0,0.0,0.0,0.0,0.0,0.0,0.0,0.0,0.0,0.0,1.0,1.0,1.0
2018-04-03,0.2584535860435055,0.0,0.0,0.0,0.0,0.0,0.0,0.0,0.0,0.0,0.0,0.0,0.0,0.0,1.0,1.0,1.0
2018-04-09,0.3651987110633747,0.0,0.0,0.0,0.0,0.0,0.0,0.0,0.0,0.0,0.0,0.0,0.0,0.0,1.0,1.0,1.0
2018-04-10,2.001284246575352,0.0,0.0,0.0,0.0,0.0,0.0,0.0,0.0,0.0,0.0,0.0,0.0,0.0,1.0,1.0,1.0
2018-04-11,0.2308257265764446,0.0,0.0,0.0,0.0,0.0,0.0,0.0,0.0,0.0,0.0,0.0,0.0,0.0,1.0,1.0,1.0
2018-04-12,0.1570187375693477,0.0,0.0,0.0,0.0,0.0,0.0,0.0,0.0,0.0,0.0,0.0,0.0,0.0,1.0,1.0,1.0
2018-04-13,0.1045150501672198,0.0,0.0,0.0,0.0,0.0,0.0,0.0,0.0,0.0,0.0,0.0,0.0,0.0,1.0,1.0,1.0
2018-04-16,0.4385049070787294,0.0,0.0,0.0,0.0,0.0,0.0,0.0,0.0,0.0,0.0,0.0,0.0,1.0,1.0,1.0,1.0
2018-04-17,0.4261954261954193,0.0,0.0,0.0,0.0,0.0,0.0,0.0,0.0,0.0,0.0,0.0,0.0,1.0,1.0,1.0,1.0
2018-04-18,0.2070179070489564,0.0,0.0,0.0,0.0,0.0,0.0,0.0,0.0,0.0,0.0,0.0,0.0,1.0,1.0,1.0,1.0
2018-04-19,0.4441689908067259,0.0,0.0,0.0,0.0,0.0,0.0,0.0,0.0,0.0,0.0,0.0,0.0,1.0,1.0,1.0,1.0
2018-04-20,5.481283422459882,0.0,0.0,0.0,0.0,0.0,0.0,0.0,0.0,0.0,0.0,0.0,0.0,1.0,1.0,1.0,1.0
2018-04-23,4.328751096811945,0.0,0.0,0.0,0.0,0.0,0.0,0.0,0.0,0.0,0.0,0.0,0.0,1.0,1.0,1.0,1.0
2018-04-24,1.8502943650126056,0.0,0.0,0.0,0.0,0.0,0.0,0.0,0.0,0.0,0.0,0.0,0.0,1.0,1.0,1.0,1.0
2018-04-25,3.725112395632624,0.0,0.0,0.0,0.0,0.0,0.0,0.0,0.0,0.0,0.0,0.0,0.0,1.0,1.0,1.0,1.0
2018-04-26,0.804953560371513,0.0,0.0,0.0,0.0,0.0,0.0,0.0,0.0,0.0,0.0,0.0,0.0,1.0,1.0,1.0,1.0
2018-04-27,3.4924534924535067,0.0,0.0,0.0,0.0,20.0,0.0,0.0,0.0,0.0,0.0,0.0,0.0,1.0,1.0,1.0,1.0
2018-04-30,0.7546209937256299,0.0,0.0,0.0,0.0,8.968100531657806,20.0,0.21,0.0,20.0,-0.0545151945103704,0.0094675472087503,20.0,0.0,0.0,0.0,0.0
2018-05-02,0.2187999663384676,-66.66666666666666,0.0,0.0,0.0,6.293758410102474,8.076923076923077,0.14,0.0,11.328516861719883,-0.0814258074030379,0.0809910042766553,17.642145840025698,1.0,1.0,1.0,0.0
2018-05-03,0.0,-100.0,0.0,0.0,0.0,4.825495554927277,10.0,0.34,0.0,0.6107763635347407,-0.0077315943196696,0.0938664518078356,7.490456098051035,1.0,1.0,1.0,0.0
2018-05-04,-0.1343521706272499,0.0,0.0,0.0,0.0,3.521586085516099,10.588235294117649,0.86,20.0,66.89944261759834,0.3034508103076207,0.0861507214488215,5.80635961785256,0.0,0.0,0.0,0.0
2018-05-07,-0.3699655259396417,0.0,0.0,0.0,0.0,2.910852113143287,6.441717791411043,0.8,10.438040345821326,0.6575416371012157,0.0038586933502753,-0.0155654383735705,0.8751302277124572,0.0,0.0,0.0,0.0
2018-05-08,-1.6879061524179284,0.0,0.0,0.0,0.0,2.527700764125699,4.401913875598086,0.7,9.09148066645709,222.40244325548304,-0.2180153047525284,-0.0340105611742593,1.1989272755955198,1.0,0.0,0.0,0.0
2018-05-09,-0.4807279594814861,0.0,0.0,0.0,0.0,2.212351364354938,2.2505307855626326,0.41,6.250270153447159,18.163002769098146,-0.2131732283464567,-0.0357283464566929,1.214859437751004,1.0,1.0,0.0,0.0
2018-05-10,-0.3709134822737936,0.0,0.0,0.0,0.0,1.9795940485221943,2.091254752851711,0.43,4.6313108945969885,8.98105996376753,-0.1938781168960702,-0.0156592858567723,0.5396116171163431,1.0,0.0,0.0,0.0
2018-05-11,-0.3722943722943794,0.0,0.0,0.0,0.0,1.7514267955020624,1.543859649122807,0.35,3.499805896188714,43.83526493606466,0.3274760383386581,0.1672358708824501,4.137931034482758,0.0,0.0,0.0,0.0
2018-05-14,-0.8255844268705959,0.0,0.0,0.0,0.0,1.6058621764889305,1.4332247557003257,0.36,2.978582811831928,53.12743500743784,0.3372615909443324,-0.0634206853775779,1.180715935334873,0.0,0.0,0.0,0.0
2018-05-15,0.0,0.0,0.0,0.0,0.0,1.4476824065369875,1.165644171779141,0.32,2.5924860869123942,10.564606413019868,0.1269598393574297,0.110926464478604,2.072713158235218,0.0,0.0,0.0,0.0
2018-05-16,-0.1489660007010229,0.0,0.0,0.0,0.0,1.278957610626957,1.1014492753623188,0.34,2.2949985025456723,7.036321630966492,0.1515711987127916,0.062107803700724,0.9513247073321012,0.0,0.0,0.0,0.0
2018-05-17,-0.1140851250548524,0.0,0.0,0.0,0.0,1.1986976902029822,1.095890410958904,0.35,2.06815069412744,77.65001285550952,-0.2927908415841584,-0.0178767876787678,0.3256105197244834,0.0,0.0,0.0,0.0
2018-05-18,-0.2547882621683262,0.0,0.0,0.0,0.0,1.1124909862991748,0.9399477806788512,0.32,1.8743307699795584,8.412935859485428,0.0783654792363707,0.0074788427474906,0.094727657983298,0.0,0.0,0.0,0.0
2018-05-21,-0.1585484013036264,0.0,0.0,0.0,0.0,1.0518924765871849,0.921544209215442,0.33,1.713726275504528,10.11283908914006,0.1374675564390174,0.0319466136589521,0.5455868089233754,0.0,0.0,0.0,0.0
2018-05-22,-0.1235112483458311,0.0,0.0,0.0,0.0,0.9830474832865688,0.8581644815256256,0.33,1.578472763044637,3.326422154319864,0.0639116613685795,0.0568847247783168,0.7918025151374011,0.0,0.0,0.0,0.0
2018-05-23,-0.1854959809204026,0.0,0.0,0.0,0.0,0.93059665542633,0.8447488584474886,0.34,2.0354365134152514,19.127487565897127,-0.2713978728547256,-0.0563210055595842,0.5577498503889886,0.0,0.0,0.0,0.0
2018-05-24,-0.5398230088495604,-50.0,0.0,0.0,0.0,0.8936187697744176,0.7472527472527473,0.31,2.0274439417374546,56.611701820778734,-0.3845991525423728,0.1059322033898305,1.129305477131564,0.0,0.0,0.0,0.0
2018-05-25,-0.1601565975620666,0.0,0.0,0.0,0.0,0.8338386662361493,1.6901408450704225,0.79,1.910119924887968,16.25124710657144,0.0829486439699942,0.150605885747259,1.1133624826703636,0.0,0.0,0.0,0.0
2018-05-28,-0.8822743071027483,0.0,2.012809172273275,1.50529592662846,2.2719230349762976,0.8759645265199152,1.5241635687732342,0.76,1.7846459938812915,17.18332743572771,-0.5112505921364282,-0.0063950734249171,0.0577540106951871,0.0,0.0,0.0,0.0
2018-05-29,-0.233770904513586,0.0,2.00874878791436,1.4623126693464452,2.256697101496248,0.8910629732895583,1.355932203389831,0.7,1.6351123068260027,15.300288276745675,-0.4402832937987123,-0.1013215859030837,0.688622754491018,0.0,0.0,0.0,0.0
2018-05-30,-0.1712328767123239,-100.0,2.0017330684600863,1.414628555604723,2.2382496430371024,0.9177092954908052,2.09926769731489,1.18,2.2503803569247167,24.144705413042058,-0.4334492926180137,0.0315870570107858,1.4118015338863672,1.0,0.0,0.0,0.0
2018-05-31,-0.7222172068249488,0.0,1.992194359292657,1.3649742671190193,2.2178847292197714,0.9287456669662344,1.3765822784810129,0.8,1.9352314844999925,2.205813927526848,0.0342400360435294,0.0298052263117765,1.7356205852674067,1.0,0.0,0.0,0.0
2018-06-01,-0.1000272801673141,0.0,1.9896298545622488,1.3242829863193797,2.2086615057840744,0.9338814692236715,1.0726072607260726,0.6,1.775913383796958,1.4844929075660005,0.1401450208913649,0.0275069637883008,1.026974325641859,0.0,0.0,0.0,0.0
2018-06-04,-0.1274349171673017,0.0,1.9847353325846964,1.41439385899463,2.1974510740327746,0.9516267348045994,0.930232558139535,0.5,1.7136675652024784,2.783609787326808,-0.2244218154080854,0.0020340706839562,0.094478889873044,0.0,0.0,0.0,0.0
2018-06-05,-0.2460809332847202,0.0,1.9796374178257907,1.50302046843669,2.1856557142761788,0.9624236855358136,0.8936550491510277,0.46,1.635910266312926,0.8859724066577145,-0.0807409484956654,0.1227265000849906,3.21675206059256,0.0,0.0,0.0,0.0
2018-06-06,-0.0456829602558217,0.0,1.9733293568723185,1.5907372825959822,2.171965810895525,0.9649017221471784,0.8789237668161435,0.45,1.6018435026550446,0.603063225785392,-0.0395888392857142,0.0668154761904761,1.694019996227127,0.0,0.0,0.0,0.0
2018-06-07,-0.0365630712979903,0.0,1.9680925414418249,1.6775627906548471,2.1643375291277778,0.9691451603471,1.2056737588652482,0.63,1.6590993786457977,6.002971937511585,-0.2572139494333043,0.0187445510026155,0.7579763793407369,0.0,0.0,0.0,0.0
2018-06-08,-0.0457205559619589,0.0,1.965919512727896,1.7653884153225772,2.1615709833365018,0.9812849124046916,0.8480565371024735,0.44,1.5743741114150245,2.359328466056931,-0.280359751105289,-0.0456852791878172,1.4396284829721362,0.0,0.0,0.0,0.0
2018-06-11,-0.036593175372801,0.0,1.9663108654386068,1.7696328196550433,2.160774930379993,1.0113501223407406,0.2540834845735027,0.13,1.6186035724152517,4.6263683543489895,-0.4874011063664596,-0.0667701863354037,3.825410063942174,0.0,0.0,0.0,0.0
2018-06-12,-0.1098197126384148,0.0,1.967119562684528,1.7746700369295183,2.1600597720862544,1.0694552804354471,0.2414113277623026,0.11,1.5827597995265523,3.001643840761729,-0.2645479343220339,-0.0609772245762711,9.824,0.0,0.0,0.0,0.0
2018-06-13,0.0274851122308739,0.0,1.9678645425541128,1.7782795933418254,2.1615575687311805,1.0310445064046692,0.2659069325735992,0.12,1.4931977160482497,0.5763191286502524,0.0990864989733059,0.0138603696098562,1.3525360050093926,0.0,0.0,0.0,0.0
2018-06-14,-0.018318373328463,0.0,1.968032427694719,1.7843243712827603,2.161102419572265,1.0427517262138226,0.253411306042885,0.11,1.4503166700092138,3.955153842145599,-0.5270390950069348,-0.1004680998613037,40.809859154929576,0.0,0.0,0.0,0.0
2018-06-15,-0.054965188713818,0.0,1.9696676053607896,1.7916024638753707,2.162629616770924,1.0482901780836884,0.2197802197802198,0.1,1.4145203980704304,3.229170582151292,-0.3257312727470259,-0.1151067412678581,26.670862177470102,0.0,0.0,0.0,0.0
2018-06-19,-0.0733272227314341,0.0,1.9759488446034743,1.804986973341808,2.1686331738564086,1.0698176735912583,0.2256410256410256,0.09,1.315407072574456,2.680612722880797,-0.3947018001739945,-0.0450378103459813,5.412143144350623,0.0,0.0,1.0,1.0
2018-06-20,-0.0458631443771784,-20.000000000000007,1.9813205480275424,1.8174969475122829,2.1738708982090147,1.067900620893472,0.0848356309650053,0.03,1.2340683488671669,2.0237079510512945,-0.3366757849346449,-0.0144859183398463,1.413543721236029,0.0,0.0,1.0,1.0
2018-06-21,-0.0183536753234792,0.0,1.9855304418887445,1.8288111932310005,2.178185274062736,1.0689824204784113,0.0879120879120879,0.03,1.2891133972501507,0.9876401194525164,-0.3037363702447298,-0.0293191180033922,1.5863651261881349,0.0,0.0,1.0,1.0
2018-06-22,-0.1101422670950036,0.0,1.990089319906278,1.840091619767713,2.181972498685309,1.0571053656919955,0.2924634420697413,0.11,1.1921491011050636,0.5291651659226735,-0.1626419315403423,-0.0463325183374083,1.9287531806615776,0.0,0.0,1.0,1.0
2018-06-25,-0.6983368556464309,0.0,1.995043643374423,1.8522217543544024,2.1861241192339973,1.0158735825564635,0.3178484107579462,0.11,1.0202594911612552,0.1173996820536331,0.0571380445304937,0.0762826718296224,1.9418432725480528,0.0,0.0,1.0,1.0
2018-06-26,-0.9345794392523256,-25.0,2.0002031004381635,1.864723938683878,2.189881793399104,1.0005389298901206,0.1081081081081081,0.04,1.512972858950921,0.8473322339562396,-0.2847069680353082,-0.0322321786812892,1.1282771535580525,0.0,0.0,1.0,1.0
2018-06-27,-0.8780123295348385,0.0,2.005576466310641,1.8781164071192995,2.194806563541228,0.9809557711132864,0.2967359050445103,0.09,1.4451428751324862,0.9709254551963276,-0.3145765209724146,-0.0133518075324348,0.5197352292228488,0.0,0.0,1.0,1.0
2018-06-28,-0.5182811911044194,0.0,2.006821123902212,1.888073908106995,2.195032368030225,0.9731831793082888,0.5008944543828265,0.13,1.5215709465617318,0.4554904972410216,-0.1191874788111651,0.0014690925528308,0.0575603276510958,0.0,0.0,1.0,1.0
2018-06-29,-0.7293738751539269,1766.6666666666667,2.007980548808851,1.891877619894497,2.195193000684501,0.9770457395434048,0.4554865424430642,0.1,1.4925029644885477,0.630822586889404,-0.1628038022001495,-0.1264551959841931,3.862338933289839,0.0,0.0,1.0,1.0
2018-07-02,-0.1240458015267176,0.0,2.010106545447992,1.894642550070772,2.196928554081507,0.97868238576042,0.5128205128205129,0.1,1.4513860063970971,0.3874111736238463,-0.1601024414384691,-0.0844605740679643,1.5056609322158503,0.0,0.0,1.0,1.0
2018-07-03,-0.3821534346039934,-1.7857142857142905,2.015035707378927,1.8981779224548103,2.201964326528877,1.0015163741808475,0.7197943444730077,0.12,1.39650266842446,1.1623203086848737,-0.3083092826131899,-0.0831093653090758,2.1099593229235007,1.0,1.0,1.0,1.0
2018-07-04,-0.1630382660400942,0.0,2.019291582247675,1.9025177638661928,2.2056013277186706,0.9873689058956916,0.8474576271186441,0.13,1.2793871047774226,0.302058065542288,0.1436028853454821,0.1057327258921791,1.4307731826354997,1.0,1.0,1.0,1.0
2018-07-05,-0.1344860710854933,0.0,2.0250425373992065,1.9082993711749363,2.2110044051575377,0.985445201692974,4.358974358974359,0.76,1.243567092933166,0.6060267529145745,-0.3118165431604246,0.0264370118165431,0.3258052573121066,1.0,1.0,1.0,1.0
2018-07-06,-0.2212389380530921,0.0,2.032790783968137,1.9160735836191656,2.218767238294751,0.97980850763143,0.8333333333333333,0.13,1.2108213844014908,0.5014268124794216,-0.2116651937457512,0.0224337185588035,0.322501832396775,1.0,1.0,1.0,1.0
2018-07-09,-1.0218837366239295,0.0,2.036652381469956,1.921214409804879,2.2223764383151527,0.9696054936955782,1.6560509554140128,0.24,1.244950499874118,0.3518656103926225,0.1863478651685393,0.0802247191011236,0.9456953642384106,1.0,1.0,1.0,1.0
2018-07-10,-1.4707314697574805,0.0,2.03785372947529,1.9252704923449224,2.224648323566904,0.9862087829670088,0.89171974522293,0.13,1.2113507594153217,0.2587049405157242,-0.1223658536585365,-0.0297117516629711,0.3830760434534019,1.0,1.0,1.0,1.0
2018-07-11,-0.1383946223803889,0.0,2.0386770009808006,1.9286740782759249,2.2264632937836057,0.9859703129699414,0.9493670886075948,0.13,1.1298082915762968,0.3225582052984443,-0.1146016995118423,-0.1486168866389441,2.3836450630709,1.0,1.0,1.0,1.0
2018-07-12,-0.3464660463274538,0.0,2.037288440253003,1.9300655818677008,2.226229103208816,0.958818497325042,3.406593406593407,0.57,1.1237531815367685,0.6185042955324471,0.1586550085785931,0.0442127491091461,1.0044977511244375,1.0,1.0,1.0,1.0
2018-07-13,-0.5066057415317404,0.0,2.032052072785662,1.925328255698296,2.223472181590611,0.938823822576626,3.0434782608695654,0.6,1.0754137016295424,0.4474752419977203,0.1013886691155693,0.089573325798248,2.5999589911831045,0.0,1.0,1.0,1.0
2018-07-16,-0.0798722044728417,0.0,2.028008873803669,1.9216393434681485,2.221789605233027,0.9483216948804212,0.7177033492822967,0.14,1.117632900532621,0.053381555280956,-0.0193006084070796,-0.1313606194690265,2.938447262604392,1.0,1.0,1.0,1.0
2018-07-17,-0.2198241406874523,0.0,2.0202180019327054,1.91266758516298,2.216548097250723,0.9599109231397795,0.7109004739336492,0.14,1.0967336210119372,1.3150858942019887,0.2160792113455551,-0.0894154271878242,3.36041598960026,1.0,1.0,1.0,1.0
2018-07-18,-0.3705187262167064,0.0,2.01054412484498,1.9021957512080585,2.209690327400444,0.9431174921278874,0.9132420091324202,0.19,1.0758211721629425,4.093012692855269,0.2640683760683761,0.0377400377400377,2.696272799365583,1.0,1.0,1.0,1.0
2018-07-19,-2.090662378128449,0.0,2.000013580636329,1.890852352001345,2.2039734534131843,0.9378810767522704,1.954261954261954,0.46,1.058771853746017,3.1555395113530382,-0.2806964667214461,-0.0307313064913722,1.5160113498175922,1.0,1.0,1.0,1.0
2018-07-20,-0.1642541833487332,0.0,1.99122438614884,1.881201696534152,2.2007709357634893,0.9989767203888462,0.9368635437881874,0.21,1.04051074219287,7.242285655090937,-0.4215740653840137,-0.2031127796026904,11.086446104589117,1.0,1.0,1.0,1.0
2018-07-23,-0.4215938303341882,0.0,1.983727133681308,1.872481572553936,2.199893794489337,1.0088493955505935,0.6477732793522267,0.15,1.0185055602803286,2.999592980677697,-0.2580693708449754,-0.1948164563060025,5.694972539079003,1.0,1.0,1.0,1.0
2018-07-24,-0.0929368029739863,0.0,1.974872000147918,1.8615953901829283,2.197170303036495,1.024758592284106,0.6706114398422091,0.15,1.013845131700208,1.2022602675147012,-0.167094668659691,-0.0845374522504567,1.3814628850590311,1.0,1.0,1.0,1.0
2018-07-25,-0.7235142118863114,0.0,1.96590680440894,1.8503623466779344,2.1941328897700783,1.034355104820318,0.6614785992217899,0.15,1.0092271587818018,3.684167767833285,-0.4346644585642828,-0.0838177639583615,1.5730052010655842,1.0,1.0,1.0,1.0
2018-07-26,-0.0624674648620482,0.0,1.956232874760416,1.8379894851088228,2.190169557895649,1.009341525249526,0.6201550387596899,0.14,1.0362520513813631,0.86158611505285,-0.1039691592733417,0.0728066469511336,1.4012738853503186,1.0,1.0,1.0,1.0
2018-07-27,-0.1562662777372603,0.0,1.94393290643042,1.82853180425714,2.18226091561498,0.9214069761573788,2.02846975088968,0.57,1.0479369770680729,10.383768913744015,0.429074139594725,0.1063042779028626,5.425815719269444,1.0,1.0,1.0,0.0
2018-07-30,-0.4695325542571016,5.454545454545445,1.9259890020194104,1.8158697320922723,2.167856234694576,1.0611710767738425,3.5767511177347244,1.03,1.0419806529143456,10.261792770313376,0.1320778405524168,0.0130571249215317,1.5411212645097556,0.0,0.0,0.0,0.0
2018-07-31,-0.0733829541880726,6.896551724137945,1.9064522517126496,1.8034953861219816,2.1514670534331324,0.9984093294888308,2.526595744680851,0.87,1.0537646952768307,7.7429712536693085,-0.0968651212311861,-0.1023084740841117,7.889531629035268,0.0,0.0,0.0,0.0
2018-08-01,-0.0839278220730155,0.0,1.8881861492302328,1.7922158519792268,2.137150199242259,0.9551848819129458,1.8696186961869616,0.73,1.050552078260904,5.49226303738971,-0.2521170918080683,0.0244971345094954,0.7651807651807653,0.0,0.0,0.0,0.0
2018-08-02,-0.052498950020996,0.0,1.8709626162820936,1.7818983521536524,2.123885517331168,0.9369714111416132,0.9424083769633508,0.36,1.0530103268234776,6.001643876559815,-0.3472499693815064,-0.0030618493570116,0.085397096498719,1.0,0.0,0.0,0.0
2018-08-03,-0.7563819728963139,0.0,1.851347566229331,1.7697257816150214,2.1082810733473965,0.9275836279259904,0.842911877394636,0.33,1.0135178473021245,0.7856049291745366,0.0809282171756721,0.0837901331245105,1.133074479350512,0.0,0.0,0.0,0.0
2018-08-06,-0.2328781623795905,0.0,1.8340385383611248,1.7588655254518435,2.095025977950312,0.930048028677181,0.0,0.0,0.7918532871679215,0.087573367885182,0.0092721287490855,-0.0051207022677395,0.0694904037061548,0.0,0.0,0.0,0.0
2018-08-07,-0.4774535809018543,0.0,1.8174509009887925,1.7476772530256823,2.0812377000905955,0.9323048465016268,0.0,0.0,0.5268793999926709,0.1243001927605716,0.0056041503960727,-0.0263304697088028,0.7679791734461439,0.0,0.0,0.0,0.0
2018-08-08,-0.0746268656716342,0.0,1.7995945459069695,1.735173177446167,2.0664105927264824,0.9475581900213316,0.0,0.0,0.5548731827486902,18.52173413836656,0.4613140538451629,-0.0170037356692,0.4838709677419354,0.0,0.0,0.0,0.0
2018-08-09,-0.1173583697855584,0.0,1.783711642751498,1.724285875454946,2.0534979843800043,0.9749266723436464,0.0,0.0,0.4731994077154064,7.628308980926942,0.1819095399012217,-0.0215752534442422,0.5573275138492529,0.0,0.0,0.0,0.0
2018-08-10,-0.3097628711813738,0.0,1.769224425923019,1.7144552235825463,2.0417067453601243,0.9059707168663244,0.2618657937806874,0.08,0.296654703827071,5.233489510658442,0.1555926812585499,0.079001367989056,1.5075868820362213,0.0,0.0,0.0,0.0
2018-08-13,-0.3642987249544704,0.0,1.7554449174912024,1.705617002147204,2.031387327270308,0.8664125062262922,0.1993355481727574,0.07,0.3145979184475384,5.40281816244328,-0.1368777946602995,-0.0327762101150423,1.0141034251175285,0.0,0.0,0.0,0.0
2018-08-14,-0.5161845359715977,0.0,1.7415215442250915,1.6968284601810126,2.021241498723824,0.8467562602726482,0.4333333333333333,0.15,0.4442353908170162,1.5427410101692551,0.0630571343550066,-0.0287159648861776,0.6853693181818181,0.0,0.0,0.0,0.0
2018-08-15,-0.0864771376067441,0.0,1.731472308146124,1.6915621451986584,2.015012476840312,0.7994134897360704,0.6020066889632107,0.22,0.8893098914738811,3.894090326635016,-0.222771679344646,-0.0386190754827384,1.047286575690257,1.0,0.0,0.0,0.0
2018-08-16,-0.3894839337877487,0.0,1.7226780595329227,1.6878113822796197,2.008493896859308,0.8016521167746175,0.8013937282229965,0.28,0.8778307052671174,3.5006224118356704,0.2478164948453608,0.0461855670103092,0.7604820913257511,1.0,0.0,0.0,0.0
2018-08-17,-0.6299554686651443,0.0,1.7106228057116113,1.681267161490607,1.998489316657828,0.8035571061918512,0.7678883071553229,0.27,1.2920301931183218,1.8108019881866733,-0.0506547208821502,0.0603032391454169,1.1221545367104842,0.0,0.0,0.0,0.0
2018-08-20,-0.2076729697234602,0.0,1.698550362606488,1.6745216858435017,1.9883457690562305,0.8164490928060666,0.6932409012131715,0.25,1.3015933005788396,0.3611796562081998,0.0038763236763236,0.0181818181818181,1.809145129224652,1.0,0.0,0.0,0.0
2018-08-21,-0.4490690032858624,0.0,1.6873596089157346,1.6689081099840242,1.9796335204669329,0.8325359346633081,0.7228915662650602,0.26,1.296347139204329,1.2453247346747036,-0.034981353987378,-0.0329890992541594,3.758169934640523,1.0,0.0,0.0,0.0
2018-08-22,-0.2860600726152573,0.0,1.6748241811269318,1.6615033808644586,1.9687986388461032,0.8382811184099713,0.717948717948718,0.26,1.296554182038979,3.078115652731082,0.2609082339894649,0.1449958414194621,19.69868173258004,0.0,0.0,0.0,0.0
2018-08-23,-1.0702857773364216,0.0,1.6628997438515551,1.6554817734272866,1.959784924324937,0.851708178388935,0.8094435075885329,0.3,1.2926953968960797,0.3084628436220217,-0.0247009966777408,-0.0147128618889416,25.833333333333336,0.0,0.0,0.0,0.0
2018-08-24,-0.0780727191612706,0.0,1.6559351773042028,1.654227010618694,1.956016249760839,0.8732094285853337,0.7885304659498208,0.27,1.293172147416807,26.17342528915921,-0.2506101376720901,-0.1536295369211514,5.276732939279957,1.0,0.0,0.0,0.0
2018-08-27,-0.3795066413662229,0.0,1.6536598381707663,1.6574449948414702,1.9576976678526907,0.8833131134884747,0.9565217391304348,0.27,1.284623575148779,0.2828486847892684,-0.0182378810594702,-0.0349825087456271,0.6241640659830584,0.0,0.0,0.0,0.0
2018-08-28,-0.0560224089635852,0.0,1.6504076839749549,1.6596383710313496,1.957910376643444,0.9032445998028144,0.9895833333333334,0.24,1.2831480180217418,106.63079497358916,0.1361731843575419,-0.0533519553072625,11.9375,0.0,0.0,0.0,0.0
2018-08-29,-0.011210762331848,0.0,1.6458348929906266,1.6604225654317724,1.956329633554872,0.9109126725062872,1.0461538461538462,0.21,1.281118983055901,4.677566512041173,0.1644144144144144,0.0227727727727727,4.07158836689038,0.0,0.0,0.0,0.0
2018-08-30,-0.1233322121313995,0.0,1.640199825453681,1.660258823460035,1.9536918841651536,0.9317283837177248,3.9444444444444446,0.88,1.1945024658155876,5.770803737199802,-0.3494470555709151,-0.0696709980646945,7.477744807121661,0.0,0.0,0.0,0.0
2018-08-31,-0.2132914234395988,0.0,1.6347543901720285,1.6597493849559286,1.950481565020984,0.8940491779426742,5.10250569476082,1.46,1.1924572858506184,6.706982057446737,0.270194579660571,0.1585317721352453,114.76190476190476,0.0,0.0,0.0,0.0
2018-09-03,-0.0787490156373138,0.0,1.6308211831101194,1.660660369936386,1.9489226334292675,0.9246470407994908,2.1181262729124235,0.66,1.193916349809886,2.175238023061393,-0.2760115580212667,-0.082293111419325,67.16981132075472,0.0,0.0,0.0,0.0
2018-09-04,-0.1013285296104338,0.0,1.6274280153516263,1.6618154961733893,1.9475201256214183,0.9335210797007196,1.881918819188192,0.65,1.1619988591060626,0.5143230222559501,-0.0565582745748651,-0.0978846951472418,89.05660377358491,0.0,0.0,0.0,0.0
2018-09-05,-0.1803223261580222,0.0,1.6251167436735012,1.6641291826699771,1.94716915306512,0.9425723892692132,1.689189189189189,0.64,1.1331342117368317,10.426373750683812,-0.1118683861179594,0.1659396927745116,16.50943396226415,0.0,0.0,0.0,0.0
2018-09-06,-0.1241955515411508,0.0,1.6243500037761749,1.6680590712015837,1.9478873171096704,0.9621334904965376,1.5863141524105755,0.65,1.0671252237532978,13.550068867623802,-0.0928779683377308,-0.0694261213720316,10.459627329192546,0.0,0.0,0.0,0.0
2018-09-07,-0.2939181550983383,0.0,1.6252345782420707,1.673667446685683,1.9500019205495016,0.9499024881060332,0.6402439024390244,0.27,1.0424825955640984,20.41156312990361,0.1378266729352766,-0.0457608525309512,114.50980392156865,0.0,1.0,0.0,0.0
2018-09-10,-0.1927437641723428,0.0,1.6264501732444447,1.679607845980844,1.952218610817508,0.9620395890754196,0.4804804804804805,0.21,1.0051662509504622,119.76224073126008,-0.0700970618330653,-0.103785996199386,39.77591036414565,1.0,1.0,0.0,0.0
2018-09-11,-0.5452686584119126,1.6129032258064502,1.6264344966153637,1.684256861288106,1.952490768551598,0.9723062953995156,0.4491017964071856,0.19,0.9753272167373894,34.20939833510049,0.1620301856551355,-0.0717243221584079,15.320970042796008,1.0,1.0,0.0,0.0
2018-09-12,-0.1941747572815511,0.0,1.6246553767984673,1.6872441896711714,1.950116112881569,0.9787928221859706,0.5097451274362819,0.22,0.9878406411620244,3.28829340224866,0.0757608311229,-0.0169466548776893,4.732510288065844,1.0,1.0,0.0,0.0
2018-09-13,-0.1487754634927895,0.0,1.6221632906293304,1.6892553899518894,1.9464057777199084,0.9927919026083432,0.4552352048558421,0.19,0.974683391191804,0.2040047160279649,0.0023985007858783,0.0099141579011002,2.6114649681528666,1.0,0.0,0.0,0.0
2018-09-14,-0.5157593123209181,0.0,1.6190211817808744,1.6904188300086933,1.94141829950735,0.9806459800748778,0.549618320610687,0.23,0.9794102931002162,8.612010196540634,0.2358285629099582,0.0749850924269528,33.53333333333333,1.0,0.0,0.0,0.0
2018-09-17,-0.2534562211981561,1.5873015873015817,1.6154986220855931,1.6912380245913543,1.9352471238336644,0.9855009820685096,0.5513016845329249,0.23,0.9987593639609436,2.171726694814478,0.1027359796907454,0.0180013847219016,4.984025559105431,1.0,0.0,0.0,0.0
2018-09-18,-0.7161007161007205,0.0,1.6120929588045836,1.6924083720879364,1.9290802326338496,0.9826353942389768,0.8774583963691377,0.38,1.0018483886990437,1.8046857285120368,-0.0821335213916314,-0.0256229431123648,7.100977198697069,1.0,0.0,0.0,0.0
2018-09-19,-0.3955328059562446,0.0,1.6086425294525148,1.6935471738298926,1.922678738125334,0.9746133272052956,1.12094395280236,0.5,1.0014720721628567,6.672153618898882,0.2222188399212479,0.156595486899894,101.37254901960785,1.0,0.0,0.0,0.0
2018-09-20,-0.6657323055360931,0.0,1.6057689103622004,1.6949364805886962,1.9163381988972936,0.9779779075494266,1.2875536480686691,0.59,1.0047819433817904,0.0137964372964576,0.0006376692654903,0.0036930652441526,1.267605633802817,1.0,0.0,0.0,0.0
2018-09-21,-0.3174603174603163,1.5625,1.601197853738506,1.6947081523614802,1.9087719556564129,0.9589304977654493,1.5279672578444747,0.75,1.01396823743674,7.472340499872986,0.3543189298108138,0.1075786409940669,11.071428571428571,0.0,0.0,0.0,0.0
2018-09-25,-0.141542816702056,0.0,1.5957835858313634,1.6933491952551931,1.9001982190754263,0.9610526858439016,1.6279069767441858,0.84,0.6730137059118111,4.040483638988058,0.3138110431235431,0.1182983682983683,6.2032085561497325,0.0,0.0,0.0,0.0
2018-09-26,-0.3661705646113899,0.0,1.591216266544618,1.6777019712951744,1.8927594223451625,0.9598871482279554,2.0451843043995246,1.16,0.7422029664191326,1.9250636756682336,0.4464936135146271,0.0288421920065925,0.4862799583188607,0.0,0.0,0.0,0.0
2018-09-27,-0.3912270302311782,0.0,1.5873175692541104,1.6650765447345752,1.8854440390487133,0.9367925264774,1.6276477146042363,1.01,0.7205500310932624,2.526017360703329,0.2611177372635883,0.0357812233770659,1.400933955970647,0.0,0.0,0.0,0.0
2018-09-28,-0.1428231373482358,-27.692307692307693,1.582481660328646,1.661454332045826,1.8770206145002275,1.0459583829626593,1.6851441241685143,0.95,0.7348166870651182,3.43575788345936,0.2551834710743801,-0.0428833792470156,3.356090549766439,0.0,0.0,0.0,0.0
2018-10-01,0.0,2.127659574468077,1.5784703864220966,1.656218672777907,1.869767591672004,1.0664227942845654,1.7551963048498846,0.92,0.7465695480263276,2.931921531338024,0.2997652292104287,-0.0187816631656987,2.131837307152875,0.0,0.0,0.0,0.0
2018-10-02,-0.0119189511323059,0.0,1.5734594998134894,1.649883545299621,1.861421635976574,1.0594234975860417,1.5628539071347678,0.84,0.759172006485573,0.0360950153540627,0.0044285714285714,-0.1834285714285714,80.25,0.0,0.0,0.0,0.0
2018-10-03,-0.1192037191560357,0.0,1.567513481076722,1.6425864943198092,1.8512895929293325,1.0187102116867657,1.6132596685082874,0.93,0.7530959680199782,3.584863343558711,0.5834876543209877,0.0018518518518518,0.4225352112676057,0.0,0.0,0.0,0.0
2018-10-04,-0.0954767872061279,2.083333333333326,1.5638483710776725,1.6375658414370249,1.8439660158054645,1.0472285889530943,2.3529411764705883,1.41,0.8354165418843134,1.9257516873065337,-0.2050527562446167,-0.0866709732988802,14.47841726618705,0.0,0.0,0.0,0.0
2018-10-05,-0.6092462071436988,0.0,1.5609617876565909,1.6337172210771578,1.8387220644905125,0.973766779880317,1.3034623217922607,0.85,0.9063233416234908,1.4579120224903517,-0.17190907960199,-0.0272388059701492,4.813186813186813,0.0,0.0,0.0,0.0
2018-10-08,-0.1682692307692357,0.0,1.5583994402842491,1.6300841096636376,1.833624760643588,1.00060776124035,0.9514370664023786,0.62,0.9133197971831712,7.640337312178863,-0.6090665366804777,-0.2398245186448939,15.22041763341067,0.0,0.0,0.0,0.0
2018-10-09,-0.3611846857693224,0.0,1.5545144002989977,1.625179554828377,1.82711131503844,1.0431081734644527,0.7558139534883721,0.48,0.9283916366276892,11.176078869740294,-0.5339923119165294,0.0475562877539813,6.001386001386001,0.0,0.0,0.0,0.0
2018-10-11,-1.196230062832293,-2.0408163265306145,1.5603783151804718,1.6304743165566749,1.8332151914808723,1.1138309324857742,4.20807453416149,3.12,0.9550131114423244,48.96821607836068,-0.4320432140906608,-0.1330215729109776,16.22735790131168,1.0,1.0,0.0,0.0
2018-10-12,-0.5380946557417166,-2.083333333333337,1.5629774918382116,1.6326537443208324,1.836798051056324,1.0684996202620511,3.694676074406671,3.44,0.8200736858352738,0.5301398134219658,0.0146108511697361,-0.1266301642608263,4.268456375838926,0.0,0.0,0.0,0.0
2018-10-15,-0.5778925365793719,0.0,1.5666582652074983,1.6363735276159717,1.842350655492508,1.0628228289356505,2.825361512791991,3.04,0.8379131929052256,3.154809786229197,-0.1213474813432835,-0.0817397388059701,2.0791932374314106,0.0,0.0,0.0,0.0
2018-10-16,-0.0742023250061896,-4.255319148936165,1.5712121928570324,1.6406525420877442,1.8484872236881125,1.0515173795096722,3.167848699763593,4.04,0.8401386769048407,2.3893682508811693,-0.1643590047393364,-0.0832345971563981,1.4395491803278688,0.0,0.0,0.0,0.0
2018-10-17,-0.111386138613867,0.0,1.574369467533933,1.6425837317711351,1.8532413012319915,1.045636023651893,2.965069049553209,4.41,1.025355509060605,1.3392566188934616,0.1399594501718213,-0.0215349369988545,0.2355889724310776,0.0,0.0,0.0,0.0
2018-10-18,-0.1610704993185385,0.0,1.5797648682906889,1.646320985532622,1.8603066605453205,1.0726697964390983,3.967051070840198,7.05,1.091932477977855,5.07495126222357,-0.571201991192801,-0.1744208309400727,2.0746982464131176,0.0,0.0,0.0,0.0
2018-10-19,-0.074460163812362,-6.666666666666677,1.587574069065241,1.6523716512336215,1.869973311298661,1.0659267175381693,2.864493996569468,5.87,1.0858107985398544,4.011022980118266,-0.2412939850170921,-0.0336024438140955,0.8990075890251022,0.0,0.0,0.0,0.0
2018-10-22,-0.1862891207153438,-2.380952380952384,1.5956912728124235,1.6511211735140254,1.8795132298882813,1.057839937839938,2.643880371952752,6.18,1.0995433588412384,0.3674785756058051,-0.0526418493965663,-0.0902600713921468,0.9808811305070656,0.0,0.0,0.0,0.0
2018-10-23,-0.3857160632076639,0.0,1.6050024837009225,1.6512201248928862,1.890277801540692,1.0420168067226891,2.26491862567812,5.94,1.099654819381584,1.0772018425344665,-0.2052344678552133,-0.0779758688996938,0.7086163161770723,0.0,0.0,0.0,0.0
2018-10-24,-0.287284536597554,0.0,1.6145757982884938,1.6518070495402477,1.901197585368677,1.0160717140292417,2.37979797979798,7.13,1.069763402072334,1.1263276932755413,-0.1681329305135951,0.0292447129909365,0.3783910562113987,0.0,0.0,0.0,0.0
2018-10-25,-0.3757985719654244,0.0,1.626159781395232,1.6698130052435527,1.91432902480159,0.9980291586588486,1.299500192233756,4.15,1.0587225091613144,0.9350295823124086,-0.1646648873844551,-0.0933472204140085,1.0561201944321696,1.0,0.0,0.0,0.0
2018-10-26,-0.3646422733559751,0.0,1.6361664097202226,1.6842561137964895,1.926797128404552,0.9873822986980578,1.31852121653615,4.46,0.9780909818838788,0.6577289785309834,0.1185258497200156,0.0540434952467769,0.6206535556718762,0.0,0.0,0.0,0.0
2018-10-29,-0.2019182231196348,0.0,1.64719630436133,1.6898274731234448,1.9402354132469148,0.9729190005357752,1.3050233039875714,4.73,0.9510034285714286,0.5289952618838816,0.1134217372452666,-0.0757334874981933,0.7803425167535368,1.0,0.0,0.0,0.0
2018-10-30,-0.6702073849266577,0.0,1.6579196698866876,1.6979827311262348,1.9539558236114656,0.9783483285787432,1.304774362328319,4.97,0.8403975150719877,0.1186216841677527,-0.0308175088509816,-0.0524621821692951,0.4792708027050867,0.0,0.0,0.0,0.0
2018-10-31,-0.3055378739656222,-2.439024390243893,1.6668894561251215,1.7046375636557236,1.965929772521176,0.9786070805315892,1.399569363272839,5.67,0.8029903091832026,0.6397101622304243,-0.0980787105069801,-0.002939015429831,0.0518134715025906,0.0,0.0,0.0,0.0
2018-11-01,-0.3958625973694341,0.0,1.675851319513012,1.7115407072411102,1.9791164800122385,0.970891549218469,1.3571117877337973,5.88,0.8151372031466639,0.5855038564379449,0.1807686388508892,0.0280437756497948,0.2688524590163934,0.0,0.0,0.0,0.0
2018-11-02,-0.1410256410256383,0.0,1.6824445373140016,1.7160471424227612,1.9897255745991944,0.9872160823635612,1.2934362934362933,5.8,0.832009983970347,0.2356226495192805,0.078050166568685,-0.0652557319223985,0.5678717598908595,0.0,0.0,0.0,0.0
2018-11-05,-0.3338040826807109,0.0,1.6869132174530217,1.7181446064187145,1.996774490505265,1.00275067248781,1.256844850065189,5.84,0.8419317707142169,0.1858324643544342,0.0045112588786459,-0.0063321747015263,0.7025486250838364,0.0,0.0,0.0,0.0
2018-11-06,-0.4508566275924219,0.0,1.6910894145718278,1.720158996409798,2.0045535258795306,1.0118986407602548,0.9044218965301266,4.32,0.8663686040735221,0.7616282205281187,-0.2571843869731801,-0.0897988505747126,0.7256894049346879,0.0,0.0,0.0,0.0
2018-11-07,-0.207039337474113,0.0,1.6946515250758742,1.7213978561554395,2.0116265822650083,1.0294587860542843,0.8254887762490949,4.01,0.8896208964561136,1.0543921459717047,-0.1987454100367197,-0.1349449204406364,1.5141630901287553,0.0,0.0,0.0,0.0
2018-11-08,-0.3112033195020847,0.0,1.689391198053499,1.7132438114050093,2.0074527440550254,0.996249243799153,0.9529467680608364,4.87,1.0822890244539507,3.514634621622752,0.3361480855855856,0.1159909909909909,1.7323055360896986,0.0,0.0,0.0,0.0
2018-11-09,-0.234131113423508,0.0,1.688669545140814,1.70952492550294,2.008362668288924,1.011102035877424,0.7644065791030648,3.87,1.0762221543274284,2.1075012006593896,-0.2930052935514918,-0.2074109720885466,2.5635687732342007,0.0,0.0,0.0,0.0
2018-11-12,-0.1303780964797996,-2.500000000000002,1.687229050435486,1.7046619202328976,2.007799900508643,0.9903880513848596,0.9549256505576208,5.03,1.079812833459548,1.6807347984230994,0.1386362244897959,-0.0431972789115646,0.809174896463842,0.0,0.0,0.0,0.0
2018-11-13,-0.2872062663185404,-2.564102564102566,1.6886305015797916,1.702924971768137,2.011424499621613,1.039025422447931,1.1677669018893695,5.97,1.071074480242793,5.28227512445674,-0.3634984673426079,-0.1776703607639707,4.172781392773087,0.0,1.0,0.0,0.0
2018-11-14,-0.1047394605917739,0.0,1.6913225692589329,1.7033023890435992,2.0169355905157422,1.0733558178752107,1.6914882052397,8.73,1.0911169102493987,2.254855963487754,-0.2839210622044379,0.0060021826118588,0.093010146561443,0.0,1.0,0.0,0.0
2018-11-15,-0.1179554390563608,0.0,1.6917058919942356,1.701292346577036,2.019245698686177,1.093645906480131,1.487941429801895,7.58,1.101623841129972,2.221082310331519,-0.237611626685344,-0.0460514796007704,0.81575682382134,0.0,1.0,0.0,0.0
2018-11-16,-0.157459650964431,0.0,1.6898105006316044,1.6969829444343147,2.0191601646469985,1.077270197319991,1.3834745762711864,7.26,1.1643996514227255,1.1991111640532135,-0.1041928794274178,0.0616626904019086,1.1893805309734513,0.0,0.0,0.0,0.0
2018-11-19,-0.1314233144960042,0.0,1.6885297865655735,1.7004835171763637,2.019964893411028,1.081339027940159,1.407863176556471,7.45,1.2278856556929003,2.4486723460165587,-0.2477559131446297,-0.0271423032183016,0.5324206122837042,0.0,0.0,0.0,0.0
2018-11-20,-0.1184366363995104,0.0,1.6901401093650534,1.7067479564700871,2.024078561038744,1.1448433493803254,1.975406584688616,10.3,1.36992515309594,7.607130235539073,-0.5189036276025093,-0.1936539685425947,6.124209315698677,1.0,1.0,1.0,1.0
2018-11-21,-0.1185770750988135,0.0,1.6938567627598142,1.7150160626288635,2.030875127677521,1.1998806088946372,1.4206046375110066,7.08,1.370576026998635,6.91669934492446,-0.4774039533032634,0.0407933138763597,1.8684490353941967,1.0,1.0,1.0,1.0
2018-11-22,-0.1846722068328699,0.0,1.6956398876588146,1.7212372427095477,2.0358312048099734,1.1770557988073271,1.5718814096587732,8.29,1.4057215319925491,0.4646597538871393,-0.0739039898267366,-0.0540454617707836,1.0957138253303254,1.0,1.0,1.0,1.0
2018-11-23,-0.2643055372010039,0.0,1.699207637906746,1.729145526456642,2.0428037210271124,1.1395607036981923,1.6012781821409552,9.06,1.408475899018774,0.6506959488182606,-0.1552807327300816,0.0812182741116751,1.177035023188869,1.0,1.0,1.0,1.0
2018-11-26,-0.2915065588975696,0.0,1.7004625702455922,1.644179200147713,2.04717323389529,1.1169432695193282,1.2340572216477077,7.26,1.3765962215982492,0.0328425807903798,0.0052704059675799,0.012910629751829,0.3192055328959035,1.0,1.0,1.0,1.0
2018-11-27,-0.1063122923588011,0.0,1.7014319458728042,1.5593418899524851,2.0505803905559,1.0843441087037018,1.0229485985265474,6.25,1.307970387334727,1.377690920789022,0.1978845514950166,0.091500553709856,2.841788478073947,1.0,1.0,1.0,1.0
2018-11-28,-0.2394572302780506,0.0,1.6977757694035496,1.4760050052305589,2.0482407584193085,1.0157526417040734,0.9767948395744324,6.4,1.2612592205472382,1.8758673542729525,0.0915178919973975,0.0238017783561049,2.099976082276968,0.0,0.0,0.0,0.0
2018-11-29,-0.1600213361781399,2.631578947368429,1.6952189813992835,1.3929336373461068,2.0469887247939083,0.9380005339028296,0.9310832155623908,6.64,1.1964283179308093,2.152490163164569,-0.155677731860985,0.165097215635797,25.545073375262053,0.0,0.0,0.0,0.0
2018-11-30,-0.7212501669560667,0.0,1.691690495038517,1.3098622694616548,2.044727326058541,0.9370767557006152,0.8037196944536699,5.73,1.151196846002271,1.0139544437171526,-0.0707836684948202,0.0427787934186471,16.082474226804123,0.0,0.0,0.0,0.0
2018-12-03,-0.3497914704695293,0.0,1.6853272895854814,1.2265253847397286,2.039856272651674,0.9048848898886388,0.6768613687641013,4.97,1.184534798204932,0.2749197696354692,-0.0222866689631415,0.0901825697554254,30.619883040935672,0.0,0.0,0.0,0.0
2018-12-04,-0.1080059403267164,2.564102564102577,1.6780783437632856,1.1421092396933223,2.033573174783151,0.8789740105695177,0.675990675990676,5.14,1.14203002165333,0.2080123647815707,0.028404963754761,0.0871114387516893,7.313047962867457,0.0,0.0,0.0,0.0
2018-12-05,-0.0810920394647807,0.0,1.6725728230332415,1.0571429133843933,2.028764246582748,0.8964242434396064,0.6852035749751737,5.16,1.1159706404891534,1.0779683616213538,-0.1415720731417715,0.0356209926383281,1.922460749759692,0.0,0.0,0.0,0.0
2018-12-06,-0.0541052346814674,0.0,1.6721534362912371,0.9729991956563384,2.0288931139452937,0.9254079644486132,0.6844672232784987,5.0,1.0986582478295186,3.624148613765362,-0.3017340213239067,-0.1127772392952848,75.35238095238095,0.0,0.0,0.0,0.0
2018-12-07,-0.0270672621464296,0.0,1.6695854414368685,0.8871751886341747,2.026097903640303,0.9361934904075334,0.7015243402720865,5.1,1.1162618003275138,0.898727127539773,-0.267534741974807,-0.0455099553027224,3.852106620808255,0.0,0.0,0.0,0.0
2018-12-10,-0.0947610667388798,0.0,1.668712577194997,0.8019310735513498,2.0253108864187874,0.922652920041954,0.6942284076954564,5.13,1.1219603818628747,0.5427528200961919,-0.1554984267999259,0.0860632981676846,4.941551540913921,0.0,0.0,0.0,0.0
2018-12-11,-0.0813008130081338,0.0,1.6667503568088626,0.7145344255066572,2.02294130972127,0.929013656377819,0.7247570416735298,5.29,1.1101633049258883,0.5654498947571998,-0.2208148652327797,-0.1459297576912605,3.75744830003505,1.0,0.0,0.0,1.0
2018-12-12,-0.0542446433414611,0.0,1.6631700594515983,0.6271377774619644,2.0185596855483627,0.9306315600610028,0.7634363097757089,5.43,1.0951006372641807,0.3266661140204814,-0.0585485506304432,0.0180683738463538,0.939506590064211,0.0,0.0,0.0,0.0
2018-12-13,-0.0678426051560321,0.0,1.6589532873968371,0.5397411294172717,2.0138570641474174,0.9295171558961068,0.785905518611279,5.52,1.0870042828821702,0.1220450026317721,0.0393436417615042,0.0044532409698169,0.1111111111111111,0.0,0.0,0.0,0.0
2018-12-14,-0.1221995926680263,0.0,1.656163871740829,0.4535007766058053,2.0108471413249256,0.9238607415793942,0.7995782444424919,5.58,1.0652977444126337,0.1317141071264346,-0.0303738317757009,0.0887850467289719,2.90759270158917,0.0,0.0,0.0,0.0
2018-12-17,-0.0271886895051642,-2.500000000000002,1.6526229760102698,0.3663960995456716,2.0068892095741035,0.9277447108764184,0.8307967770814683,5.69,1.067216654670284,0.0621461530936373,0.0252534269475091,0.0481444332998996,0.7821835958718089,0.0,0.0,0.0,0.0
2018-12-18,-0.1223823769377241,0.0,1.6466846527082466,0.2761144744302515,2.000241533715098,0.9436874264895724,0.780202134693492,5.02,1.073990597431463,1.7098838202320332,-0.3158236469306211,-0.0699237195786414,1.4188317670904735,0.0,0.0,0.0,0.0
2018-12-19,-0.0816882232811511,0.0,1.6385581788726888,0.1842422639533899,1.9909009988052184,0.943286633674868,0.807707279096925,5.11,1.066584326009479,1.3022235862867,0.226246972683751,0.0309771895240777,0.4469727752945957,0.0,0.0,0.0,0.0
2018-12-20,-0.0817550074942108,0.0,1.6310458303511226,0.0921970768505422,1.982235163005478,0.9524425447853768,0.8467005076142132,5.15,1.1816715821228638,0.9227368344272144,-0.1148883776755351,0.0582116423284656,1.048082117774176,0.0,0.0,0.0,1.0
2018-12-21,-0.1909177689894958,-15.384615384615383,1.624978031288414,0.0,1.9752316982195883,0.9987540789083358,0.9170398805715504,5.11,1.1621507685915575,3.87908643277758,-0.2718427279722971,-0.1084070796460177,5.554460325283391,0.0,0.0,0.0,1.0
2018-12-22,0.0,0.0,1.6214300929926,0.0,1.9712109412238388,1.0106920835502264,0.9395973154362416,5.06,1.1515131817322777,0.2661338945291112,-0.2626666666666666,0.0213333333333333,0.0803212851405622,0.0,0.0,1.0,1.0
2018-12-24,-0.0819784123514133,-18.181818181818176,1.6189574099475668,0.0,1.9682851785692137,1.0338867710911577,0.9025433265811388,4.67,1.130986865789781,1.4128614818695755,-0.1955006337135614,-0.0293092522179974,1.179094964945825,0.0,0.0,1.0,1.0
2018-12-25,-0.0683713934089946,-25.92592592592593,1.6239800715711847,0.0,1.974244082002404,1.0439162258134649,0.8576368876080691,4.3,1.119536238999307,1.881429144270148,-0.3864699825140859,-0.0112687002137167,0.4392275653161681,0.0,0.0,1.0,1.0
2018-12-26,-0.0273672687465698,0.0,1.6289102398864777,0.0,1.979961315291921,1.049680453394429,0.8833922261484098,4.31,1.1084399776869591,0.9219531437660814,-0.3443478260869565,0.0155009451795841,3.346938775510204,0.0,1.0,1.0,1.0
2018-12-27,-0.0410621407062716,0.0,1.633583236768727,0.0,1.985093461694743,1.061008914929198,0.9039952295766248,4.3,1.0761077885792136,1.0918889856163487,-0.1963961228968544,0.047366495976591,26.16161616161616,0.0,0.0,1.0,1.0
2018-12-28,-0.0821580172531866,134.99999999999997,1.6404422581838651,0.0792474344355758,1.9926600967935493,1.083024715363491,1.2080536912751678,5.67,1.0324901712671752,0.9576699825898868,0.2146830985915493,0.0378824672170956,2.3094004441154703,0.0,0.0,1.0,1.0
2019-01-02,-0.0685213101274451,0.0,1.650097945943589,0.1610313836000851,2.0036041534727613,1.158298874237611,2.893707033315706,13.97,1.0582286197828996,6.022646891681573,-0.6931411238275536,-0.1141037776439204,7.83225044300059,0.0,1.0,1.0,1.0
2019-01-03,-0.0548546352166834,-2.127659574468077,1.658346733121729,0.2435337577691259,2.0133522713795355,1.1191435221829396,2.92217604835663,16.21,1.1857748221292983,2.0204938721593706,-0.2012613875262789,-0.1051857042747021,5.787545787545787,1.0,1.0,1.0,1.0
2019-01-04,-0.0686059275521344,0.0,1.6637897315351844,0.3272485252950233,2.020589207873224,1.111841837239485,2.265992679100575,13.61,1.161623679709958,2.0658386432576537,-0.4073217178664221,-0.1401497783891181,4.444983034415899,1.0,1.0,1.0,1.0
2019-01-07,-0.0686530275985086,0.0,1.6701850422413322,0.4112669005368028,2.029150060680301,1.1516350195764116,1.488185017596782,8.89,1.1350733597457443,2.258114361994572,-0.3470306236080178,-0.225946547884187,6.842016523351879,1.0,1.0,1.0,1.0
2019-01-08,-0.0137400384721098,0.0,1.6752328440041673,0.4949816680627002,2.036153602863922,1.1348514184214884,1.223491027732463,7.55,1.0713407505511146,0.5658279705077027,-0.2063429555084745,-0.0060911016949152,0.0716622526873344,1.0,1.0,1.0,1.0
2019-01-09,0.0,2.1739130434782483,1.6777895680491637,0.577055357245506,2.04010109497352,1.0798944950225475,1.1483253588516746,7.56,1.1112769832502314,0.7258880534817704,0.105982338956187,-0.0096230046416845,0.2848525469168901,1.0,1.0,1.0,1.0
2019-01-10,0.041225779854348,0.0,1.6810263297334238,0.6581143728741508,2.044764772333078,1.0763104685414333,1.1462882096069869,7.69,1.0787140309890113,0.2007843950993138,-0.0704495614035087,0.0353618421052631,0.4315824690531951,1.0,1.0,1.0,1.0
2019-01-11,0.0,-2.127659574468077,1.684118117908315,0.7383313627171795,2.0489654257885794,1.0251668543953734,1.162046908315565,8.34,1.0498945918390843,0.2317086192657846,0.0586261923688394,0.2253577106518283,4.664747017688194,1.0,1.0,1.0,1.0
2019-01-14,0.0,0.0,1.6874899380749715,0.8189765240075021,2.0533292723362657,1.011802880192682,1.1550468262226847,8.56,1.0002672565028083,0.6679490440884781,-0.2509227677289693,0.0287108814240597,0.380517503805175,1.0,1.0,1.0,1.0
2019-01-15,0.0,0.0,1.6890053231656954,0.8978283506469392,2.055411326320243,0.9778237006421794,1.1984368215371255,9.41,0.9732591763105984,1.097124400054181,0.1716496038234184,0.1115582945541441,3.930866385996012,1.0,1.0,1.0,1.0
2019-01-16,0.0,2.1739130434782483,1.689935638557864,0.9766801772863763,2.056663185777868,0.9619433916262164,1.106412966878083,9.04,0.9663283871333516,0.0762589509245133,0.0166158790170132,-0.0763705103969754,1.7828773168578995,1.0,1.0,1.0,1.0
2019-01-17,0.0,0.0,1.6923347933729225,1.0571104817038637,2.059423313196589,0.9568637850260764,1.1120252296722886,9.36,0.9531440358132665,1.2935500888140206,-0.394083850931677,0.0198279980888676,0.3641149374862908,1.0,1.0,1.0,1.0
2019-01-18,-0.0137362637362525,0.0,1.6931070479952564,1.1365767865433023,2.06010870152573,0.921443900716654,1.038474406155905,9.29,0.9548959152337944,0.5494741718175218,0.1647647058823529,0.2246663371230845,4.613042375031718,1.0,1.0,1.0,1.0
2019-01-21,-0.0961670559142868,-2.127659574468077,1.692444403224669,1.2160430913827418,2.0584903339791323,0.9070272240725092,0.998821835318759,9.29,0.95367875498125,0.3957663842407348,0.1009463722397476,0.0808056297015287,2.684401451027812,1.0,1.0,1.0,1.0
2019-01-22,-0.0550055005500427,0.0,1.6914278185984202,1.295906727746378,2.056492322680401,0.8979587319680613,0.9761096522128996,9.39,0.9973668920672988,0.1513133913733353,-0.0333669609079445,0.0891130727196301,4.0906898215147125,1.0,1.0,1.0,1.0
2019-01-23,-0.0687947165657787,0.0,1.690552317862829,1.376043557849001,2.0548896242868007,0.90210131581867,0.9588183752659908,9.42,0.9878795616379684,0.2759335188968771,-0.0965746242572527,0.0387976232086683,1.249296567248171,1.0,1.0,1.0,1.0
2019-01-24,0.7297260085364243,0.0,1.6886069676292983,1.4609019949950937,2.051259459920139,0.901802157692971,0.9357439530906424,9.45,1.0497284601459496,0.077083060860467,0.0332782316194137,0.0345987506006727,0.8743169398907105,1.0,1.0,1.0,1.0
2019-01-25,2.7063969382176145,2.1739130434782483,1.6859672928650606,1.552429467522566,2.0441493724335644,0.8752537028028918,0.8625433664313913,9.21,1.037504689491756,4.220929765288855,0.3195600946033111,0.0484841969468931,7.291835084882781,0.0,1.0,1.0,1.0
2019-01-28,1.304232100079861,0.0,1.6857502333971977,1.6441657312588298,2.038633736943652,0.8719618861195952,0.8463747728738058,9.31,1.0324524614194388,0.1837226611862608,0.0517848710100568,0.1114997813729777,4.109589041095891,0.0,1.0,1.0,1.0
2019-01-29,3.0740935365212607,0.0,1.6896271495817987,1.6591247341151518,2.0348033293261185,0.8740499764796563,0.8294717330861908,9.29,0.9954209864190736,0.4723628732054656,-0.0702608053974278,-0.0565043221589711,3.219219219219219,0.0,1.0,1.0,1.0
2019-01-30,1.019627835839931,-2.127659574468077,1.6916511708784243,1.6717335154470967,2.0275793465032934,0.8780012047847164,0.8689372969069684,9.44,0.9949420862302012,0.1011799177931842,0.0050500414250207,-0.044076222038111,8.793388429752065,0.0,1.0,1.0,1.0
2019-02-11,0.7822356800403663,0.0,1.6954575726947767,1.6866644293829858,2.0215194813638258,0.9304398148148147,0.8537127612272121,8.36,0.9880589740465456,9.01729323098706,-0.3409106954689146,-0.0862750263435195,54.35684647302904,1.0,1.0,1.0,1.0
2019-02-12,0.9889834752128346,0.0,1.696673289102693,1.700005891184541,2.0115294097640706,0.935876026205463,0.8891829308633807,8.39,0.9914303338652202,1.0205697520780503,-0.0409843866171003,0.031722428748451,1.990668740279938,0.0,1.0,1.0,1.0
2019-02-13,1.8098425684889063,0.0,1.7003117738389733,1.714436868910187,2.002297726961509,0.9536406634740864,0.895662682959581,8.26,0.9998659861628156,17.438374465054327,-0.178460290709922,-0.0644617653254687,2.033898305084746,1.0,1.0,1.0,1.0
2019-02-14,1.0592962376719806,0.0,1.706507133520276,1.7306203374765556,1.994784453988645,0.971615459905942,0.8968125337655322,8.16,0.9846221949877394,18.389683221721363,-0.462280816154817,-0.2006731173748422,9.181905678537056,1.0,1.0,1.0,1.0
2019-02-15,0.6987951807228887,0.0,1.7149059335172905,1.749043262289235,1.989469701117392,0.9745262803072255,0.9079821113972084,8.28,0.9887397190640682,1.297939846740925,-0.0828890484739676,-0.0491921005385996,1.3524185587364266,1.0,1.0,1.0,1.0
2019-02-18,1.2203876525484605,0.0,1.7259817348975932,1.7718757828530116,1.9859701156401872,0.9925160695101152,0.9094003131168744,8.17,0.9944184587184748,3.859045627764029,0.1439902886431076,-0.2360399244672241,17.123287671232877,1.0,1.0,1.0,1.0
2019-02-19,0.5910165484633634,0.0,1.7385068224723217,1.7971387113217598,1.985412076207832,0.9900433693726712,0.9205479452054794,8.29,0.9964495988863756,2.742652722936718,-0.2358361609306834,-0.0489578284052351,9.48356807511737,1.0,1.0,1.0,1.0
2019-02-20,1.809635722679204,-2.1739130434782594,1.7494089526027086,1.8198951352361927,1.9813481572743712,0.9691651642042692,0.8173744102137108,7.48,1.0179390215811583,24.602902283344186,0.2145661914460285,0.1424207157404713,29.399399399399403,1.0,1.0,1.0,1.0
2019-02-21,0.1731301939058127,0.0,1.763139386502767,1.846526105489097,1.981429790091902,1.003052661500624,0.8243929983060418,7.2,1.030236315500604,3.213413905377948,0.083212426729191,0.0658851113716295,93.66666666666669,1.0,1.0,1.0,1.0
2019-02-22,0.9448093098283206,0.0,1.7779529003300776,1.873411436955064,1.982423872373214,1.0085628011086378,0.8197778573987818,7.03,1.1008495206429734,0.5139504222541602,-0.0157386334112756,0.001818654195895,0.2972399150743099,1.0,1.0,1.0,1.0
2019-02-25,0.3081839972605804,0.0,1.7888698224168345,1.8949541113066093,1.979229343944974,0.9970926432044426,0.8508158508158509,7.29,1.0790974621835598,25.283068587557214,0.4805458286038592,0.1048524404086265,13.114463176574978,1.0,1.0,1.0,1.0
2019-02-26,0.2844788347746929,0.0,1.797402376098642,1.9135191402127896,1.9735814086062071,1.0656155577384578,0.9417304296645084,7.47,1.0717602981145966,15.194378251422528,0.3732313332160243,0.0614112264648953,16.553359683794465,0.0,0.0,1.0,1.0
2019-02-27,0.0907749914898392,0.0,1.808422381778488,1.934602518248615,1.9709737807833765,1.051841001067607,0.8522388059701492,6.74,1.0586881011800937,29.546686884323947,-0.2841158795714371,0.1019333213623032,12.925996204933586,0.0,1.0,1.0,1.0
2019-03-04,0.1360389978460441,0.0,1.817880243008546,1.953873938158426,1.9669473966839408,1.094930647802045,0.899266984055014,6.71,1.059679778714867,38.67477699779697,-0.1805570720610935,-0.0463888211877488,6.963414634146342,0.0,1.0,1.0,1.0
2019-03-05,0.1584965470395216,0.0,1.8276831701299,1.9733288165985168,1.963052191371938,1.0946656418139893,0.9022671568627452,6.62,1.016588952030305,9325.587467361303,-0.1731523451702823,-0.0111501636165313,1.28044537230341,0.0,1.0,1.0,1.0
2019-03-06,0.0678195998643715,0.0,1.8367989284844315,1.987296475442451,1.9591287243744075,1.014743826022853,0.8938981733385154,6.96,0.9855916905543978,20.60668065163053,0.2868844896052324,0.085026862882504,6.956521739130435,0.0,1.0,1.0,1.0
2019-03-07,0.079069242064822,0.0,1.8475692613963568,1.995948101102926,1.959504814361117,0.9977374317090668,0.8936438011327879,6.98,0.9817985646663004,7.208840120009688,-0.054394883568383,0.0692030173827484,4.089147286821706,0.0,1.0,1.0,1.0
2019-03-08,0.2821670428893919,0.0,1.8569380789272347,2.0037616698624747,1.959272351681418,0.9575296201631638,0.9379968203497616,7.55,0.9871829561372942,4.518072962585637,-0.0341466711726934,0.0353723104652472,2.9580781912388128,0.0,1.0,1.0,1.0
2019-03-11,0.1012943162633783,0.0,1.8649190501439583,2.0111905468074305,1.960146182430493,1.006738882066509,0.862972820388741,6.49,0.9910799016883224,15.731329986191716,-0.4238637244839776,-0.07891435739537,8.145968216597998,1.0,1.0,1.0,1.0
2019-03-12,0.0562176748369669,0.0,1.871156370777308,2.0173157867126674,1.9600900764673483,0.9683833036520212,0.8855786544442626,6.81,1.0307070148075674,1.607330469712427,0.0486299656357388,0.0610309278350515,3.686176836861768,1.0,1.0,1.0,1.0
2019-03-13,0.0224744353298333,4.444444444444429,1.8747672879478543,2.0202307468137315,1.9577978374055487,0.9724578080954762,0.9046555858761268,6.86,1.0193581561656535,1.761376861831691,-0.0304975626740947,0.0377785515320334,1.3227674489484913,1.0,1.0,1.0,1.0
2019-03-14,0.056173463655762,2.127659574468077,1.87981052606162,2.02342778890882,1.958024608874397,0.9716796875,0.9141042780748664,6.87,1.0255872358700235,5.475960151621083,0.0585867583320878,-0.0133014497085637,0.5809399477806789,1.0,1.0,1.0,1.0
2019-03-15,0.0561419267909313,2.083333333333326,1.8835953345795364,2.026691498039896,1.958551981271432,1.0029941032630236,0.910472972972973,6.55,1.0131950291846366,14.508937901766444,-0.1144244018075412,-0.097785021112675,12.878048780487806,1.0,1.0,1.0,1.0
2019-03-18,0.056110425317013,2.0408163265306145,1.884295708157516,2.0275355737185734,1.956807673311569,1.0116233734587454,0.9250725379757638,6.53,0.9987112450514862,20.40111035629788,-0.3793957743411021,-0.0532563711609671,3.8886679920477136,1.0,1.0,1.0,1.0
2019-03-19,0.1570210856886467,4.000000000000004,1.884800195021045,2.027931058278738,1.955105901580632,1.014039612633218,0.9385783298826776,6.53,0.9931940720662326,7.913755517148256,-0.2159033861447654,-0.0861551206378792,9.142857142857142,1.0,1.0,1.0,1.0
2019-03-20,0.5263157894736858,1.923076923076916,1.8835505976720333,2.0263928357207623,1.952265565831728,1.0625465962747227,0.9553695955369595,6.25,0.990868295741804,8.507751985959041,-0.3312769895126465,-0.0904534238124614,15.413929040735876,1.0,1.0,1.0,1.0
2019-03-21,0.6126768408154071,1.8867924528301885,1.881259726954744,2.025035230078574,1.9470054478347856,1.125421852723018,0.977542932628798,5.93,0.9671020504826018,1.787927241476296,-0.1264144675150703,-0.0101808439383791,0.982546864899806,1.0,1.0,1.0,1.0
2019-03-22,1.0739592559787514,0.0,1.8779837250867863,2.02376237772289,1.9415578258018469,1.116510353627198,1.1503107765035456,7.02,0.9669714626783888,13.657536839092751,0.2480426785895742,0.0261152321918504,9.500924214417743,1.0,1.0,1.0,1.0
2019-03-25,0.7229707525468143,0.0,1.875714294957325,2.0220745890138545,1.9355825228560384,1.094060021677456,1.0589777195281782,6.56,0.9549272758267316,3.748613960192937,-0.2829212160836875,0.0042497548218372,0.6287787182587666,1.0,1.0,1.0,1.0
2019-03-26,0.4567699836867778,1.85185185185186,1.8692919085594584,2.016357131460066,1.9252267156486065,1.00255929829124,1.1363636363636365,7.72,1.0019432889723754,28.782096716990583,0.3482372619660319,-0.0557771487390633,368.93617021276594,1.0,1.0,1.0,0.0
2019-03-27,0.1299123091912823,14.545454545454527,1.8649615822822136,2.0130816643551084,1.91743164474364,1.0111803583840906,1.1683730534285468,7.91,1.005385961060811,14.483521652140253,0.1460646071515446,-0.0934079299440525,14.190687361419068,1.0,1.0,1.0,0.0
2019-03-28,0.1405557357552211,1.5873015873015817,1.865089088508718,2.014755693013732,1.9143207612766653,1.0581855144332744,1.1499184759289454,7.44,1.0065800507068374,2.259526304701301,-0.2141942710833733,0.0102416386621859,0.3469775006776904,1.0,1.0,1.0,0.0
2019-03-29,0.572230619736569,0.0,1.8635991645286905,2.0143537642755827,1.9089020849871328,1.1028148771339432,0.9325533379215416,5.74,1.0091027770832572,2.428979929982095,-0.0949426443563207,0.1535931908308347,8.349106203995795,1.0,1.0,1.0,0.0
2019-04-01,0.1395598497047734,4.6875,1.8618155383919697,2.013728481565132,1.9027981974325403,1.0914026411291495,0.9401192430657566,5.81,1.0067622648386991,62.612386161784215,0.2955184643023488,-0.0280125091489786,2.30432402846196,1.0,1.0,0.0,0.0
2019-04-02,1.0506003430531765,2.985074626865658,1.8579532538051933,2.0103043813086705,1.8938070434517127,1.02959172970012,0.989961924541364,6.47,1.0001120046149867,19.98074353635134,0.383123103053576,0.1321123952294797,4472.5,1.0,1.0,0.0,0.0
2019-04-03,0.3819223424570417,5.797101449275366,1.854828658738429,2.0074595059759206,1.886396177535947,0.9429196441592532,0.9869275387412346,7.05,0.99916521677132,4.258141437393708,0.1764705882352941,0.0648292883587001,207.3684210526316,1.0,1.0,0.0,0.0
2019-04-08,0.3593320651025022,0.0,1.8509030931119483,2.0035327618369374,1.877885591160504,0.9453293657739658,0.9785244198129548,6.97,1.0026559505751924,0.8140392366912085,-0.0455053667262969,-0.0555679785330948,11.791221826809016,1.0,1.0,0.0,0.0
2019-04-09,0.5054759898904804,1.3698630136986356,1.8475009474068973,2.000086215726101,1.8701571602736755,0.9294029180826694,0.9756944444444444,7.05,1.0013105227968748,1.2299916030274287,0.1040258859784283,0.1929121725731895,263.57894736842104,1.0,1.0,0.0,0.0
2019-04-10,0.0419111483654699,0.0,1.8408463625099007,1.993247197785544,1.859267554870924,0.9035366203029718,1.0013836042891733,7.49,1.000287092952016,2.8088581960951307,0.3387827007196274,-0.0764780584168195,44.24489795918368,1.0,1.0,0.0,0.0
2019-04-11,0.0942605781315331,0.0,1.8357616974888973,1.9882692646278008,1.84994767030354,0.8365644460110445,0.9751467034863652,7.94,1.0013560132223636,0.0527015629666596,-0.0086597126549891,0.1568588860460539,26.65551839464883,1.0,1.0,0.0,0.0
2019-04-12,0.1360259495657656,-2.7027027027027084,1.8331116121068265,1.9857462739570984,1.843176843093563,0.8259276766721815,0.9094838765453443,7.53,1.1361861136951512,2.1299647156843555,-0.1856625128615525,0.0131473648107922,4.637096774193548,1.0,1.0,0.0,0.0
2019-04-15,0.1253918495297767,0.0,1.8288459095157743,1.9815136017854933,1.83470592187805,0.7957704970737604,0.8945908460471568,7.72,1.1367257508712467,0.1562710677941958,0.0233579556797764,0.1026152924735476,9.35395814376706,1.0,1.0,0.0,0.0
2019-04-16,0.0626174076393315,0.0,1.8232143381662569,1.975793049050288,1.82493807948618,0.794021990705951,0.8880778588807786,7.74,1.1409268651515738,0.0007010526747853,-0.0001234804862444,0.1207080400938366,3.792294807370184,1.0,1.0,0.0,0.0
2019-04-17,0.0521485189820758,6.944444444444442,1.8134687756877248,1.9656801573642104,1.8112279155596207,0.7304716791338224,0.8051811657622966,7.68,1.137809913190228,5.252646565694847,0.2414946101694915,0.0688813559322033,7.381038866690882,0.0,0.0,0.0,0.0
2019-04-18,0.0625456061711604,3.896103896103909,1.8047507844198976,1.9567582723380776,1.7986676434715818,0.7151792902706385,0.3005068790731354,2.87,1.088942101296496,8.136950753808533,-0.4005818000758725,0.1639795144157814,7.060024499795835,0.0,0.0,0.0,0.0
2019-04-19,0.0625065110949174,0.0,1.794597557736919,1.9446391961111704,1.7851943405306212,0.7267311612174451,0.0,0.0,1.0799278202219065,0.6084108913781661,-0.0579788401253918,0.1147335423197492,2.355022922866565,0.0,0.0,0.0,0.0
2019-04-22,0.0312337324310352,4.999999999999982,1.785514791735063,1.9313590820231417,1.7731618172267312,0.7296694775613066,0.0,0.0,1.072269543677227,1.9513442112658943,-0.2897729032258064,0.0957419354838709,1.1199154780771263,0.0,0.0,0.0,0.0
2019-04-23,0.0936719400499663,1.1904761904761862,1.7794647727563109,1.9207568344997683,1.7651556001687323,0.7246549735512867,0.0,0.0,1.06471911919099,3.140874957732281,-0.3456175231676496,0.067396798652064,0.7263372928803813,0.0,0.0,0.0,0.0
2019-04-24,0.0519912654673992,0.0,1.772912445887263,1.90995927993596,1.7572062431938111,0.7752506227389655,0.0,0.0,1.033999425958385,14.088752558520223,-0.3563177630275411,-0.0945115910441846,3.382079234246212,0.0,0.0,0.0,0.0
2019-04-25,0.0935356474745408,1.17647058823529,1.7689263515936955,1.9022611692669096,1.7521829388827537,0.7889093349198224,0.3380281690140845,2.42,1.0295363488722251,2.413443787710917,0.0617039917541229,-0.0133058470764617,0.2365089940039973,0.0,0.0,0.0,0.0
2019-04-26,0.0,0.0,1.7666118912809678,1.8965065459258617,1.7487150971905678,0.7881369702364552,0.5457380457380457,3.76,1.0319739207846597,34.668568673238994,-0.2028165472312703,0.0489902280130293,0.5257270693512304,0.0,0.0,0.0,0.0
2019-04-29,0.0103831377842311,1.162790697674421,1.7650810561023882,1.8916665502811365,1.7460771961264254,0.8133870862676694,0.6072315760419542,3.92,1.1187279364624838,2.665029662674483,-0.0197502816372512,-0.061885092001502,1.2283840190816937,0.0,0.0,0.0,0.0
2019-04-30,-0.0207641196013241,0.0,1.762624698377784,1.886261006826513,1.7430463802546785,0.8242339376424497,1.457613054902503,9.52,0.987665097298978,1.1646389894153018,-0.0169002286426938,0.0011432134691332,0.0185826505617028,0.0,0.0,0.0,0.0
2019-05-02,0.0103842159916878,-2.298850574712641,1.762927543661283,1.883811041426015,1.7428771537296246,0.8726682390418722,0.5892597968069666,3.56,1.0256419532454002,13.625974302102517,-0.3074088609802896,-0.0350601779173207,0.6780232754258728,0.0,0.0,0.0,0.0
2019-05-03,0.0622988267054314,2.35294117647058,1.7631547843768096,1.881964762779652,1.7435029525412535,0.8803391959798995,0.6315144083384427,3.67,1.0198751731208515,2.6132589278176828,-0.2145353405544336,0.200201946025335,4.169773444221394,0.0,0.0,0.0,0.0
2019-05-06,0.0518833661927953,0.0,1.7640862502671235,1.8810952739659497,1.743993549755826,0.8977931520450979,0.7313915857605178,4.03,1.014172879076223,3.4701512304649302,-0.5147287637698899,0.0340269277845777,0.5587378152949453,0.0,0.0,0.0,0.0
2019-05-07,0.0207425845260234,0.0,1.7649696798784145,1.880488987332716,1.7447517651222113,0.9215513298046136,0.7573680603152844,3.92,0.9833846088070304,2.164915210454469,-0.5128778368794326,-0.0675531914893617,0.75692857852389,0.0,0.0,0.0,0.0
2019-05-08,-0.0103691414350848,1.1494252873563315,1.7669485013890385,1.8814126766316304,1.7466231976178943,0.9251435380782148,0.6636113657195234,3.26,1.0026936504279715,2.0532713386607253,-0.36942569239835,-0.0010606953447259,0.0204406086759027,0.0,0.0,0.0,0.0
2019-05-09,-0.103702167375308,0.0,1.770828888578297,1.884441634215388,1.7503651252611925,0.936080618733498,0.8408644400785854,3.88,0.9823874237472048,2.1680500764573285,-0.4300889366272825,0.0095596133190118,0.1886192645967998,0.0,0.0,0.0,0.0
2019-05-10,-0.1141908024499094,1.1363636363636465,1.7748279376843057,1.8875776696424875,1.7543150064534303,0.9639383175801778,0.7487768559880876,3.14,0.9153618938181612,0.9623671362510876,-0.3209982788296041,-0.0851979345955249,1.2154696132596683,0.0,0.0,0.0,0.0
2019-05-13,-1.1016420702556706,0.0,1.7765847014781986,1.88958620170438,1.7569476267398958,0.9710867918614672,0.7159353348729792,2.78,0.8967696672813178,0.8087937430475716,-0.4452347083926031,-0.0128022759601706,0.1127113337507827,0.0,0.0,0.0,0.0
2019-05-14,-0.6620428751576202,1.1235955056179805,1.780944023921482,1.8951480069120417,1.76290359986664,0.9984015738349932,0.9490509490509492,3.34,0.9046689914139135,0.659728323157254,-0.1388816865953429,-0.0653450807635829,1.8195093457943927,0.0,0.0,0.0,0.0
2019-05-15,-0.0634719136782036,0.0,1.783532841575597,1.8989306246508189,1.7670149582732464,0.9703087991341914,0.9749455337690632,3.27,0.9226528179132284,1.267410630627095,-0.4250082942097026,0.0533646322378716,1.0297448286275102,0.0,0.0,0.0,0.0
2019-05-16,-0.2117074203450863,0.0,1.790217835579656,1.907340412640488,1.7753241412878211,0.9461244599950016,1.0947616244849911,3.51,0.9292987470251356,1.5801918814009543,-0.5191509868022762,-0.064172417968277,2.610194533366166,0.0,0.0,0.0,0.0
2019-05-17,-0.0954704571973996,-4.444444444444451,1.7995370596368705,1.9187244755600985,1.7863941083848132,0.928262469264318,0.4002425712553062,1.28,0.9493142386220372,2.011959751893427,-0.5225843785051495,-0.0033649434077699,1.1578947368421053,0.0,0.0,0.0,0.0
2019-05-20,0.0212359311955845,-3.488372093023262,1.812049604121185,1.933612893275216,1.8006442395750135,0.9323096632173437,1.1057003723861356,3.74,0.9811401996361958,1.0321572588624004,-0.3157999075251416,-0.1324702346549532,11.235294117647058,0.0,0.0,0.0,0.0
2019-05-21,-0.0424628450106268,-9.638554216867467,1.8268722991566464,1.9510863276588213,1.817231427822572,0.9880358562856936,0.3655793025871766,1.19,0.9545364580660768,1.137341704054163,-0.181718192627824,-0.1220570749108204,8.492244053774561,0.0,0.0,0.0,1.0
2019-05-22,-0.0424808836023693,-2.6666666666666727,1.8403144342967308,1.9673716816565905,1.832497779306649,0.9692825355475958,1.0296078954387835,3.6,0.970154333536315,1.1946175987082583,-0.442242432469119,0.0605402470476449,1.8319983569521463,0.0,0.0,0.0,1.0
2019-05-23,-0.0318742031449215,-8.21917808219177,1.860096090153344,1.9906570102491792,1.854267200590972,1.1455289304500291,3.896048109965636,14.24,1.0512441087507842,2.9933551109347643,-0.414231958250497,-0.1364811133200795,9.623269668827756,1.0,1.0,1.0,1.0
2019-05-24,-0.0318843660325196,0.0,1.8798117740585376,2.0140377121751003,1.875947441990618,1.1224918818825087,3.4323432343234326,14.92,1.0564940929450004,1.6447817318795102,-0.4969399606299212,-0.0779527559055118,2.4917413874469085,1.0,1.0,1.0,1.0
2019-05-27,-0.031894535402932,-1.49253731343284,1.8987146202288945,2.036587462583671,1.8967930310589367,1.1168893511480915,3.0729502905100063,15.15,1.054980269362119,0.7579575940252105,-0.3659369663095793,-0.0329141437664958,0.6105111591072714,1.0,1.0,1.0,1.0
2019-05-28,-0.0850792300329694,0.0,1.916236837123628,2.0578195457330786,1.916384850320091,1.1078407976029483,2.4054173413808333,13.04,1.0611995193985868,1.912321348131197,-0.2990866526585053,-0.0875205554540471,4.767948239392808,1.0,1.0,1.0,1.0
2019-05-29,-0.0212879191059056,0.0,1.9338709358085853,2.079174784959512,1.936100660830704,1.0810953364687266,3.126430591086576,18.88,1.0567533314286133,0.7755573477734082,-0.3493471922930663,-0.0560273798960578,1.0412249705535923,1.0,1.0,1.0,1.0
2019-05-30,-0.0212924518258383,0.0,1.9498493497898988,2.0988172686055004,1.954183556290971,1.0937117262133884,2.6970059880239523,18.01,1.0790194121882666,0.6519368001122958,-0.2934880722114765,-0.0607350096711798,1.1005958640028042,1.0,1.0,1.0,1.0
2019-05-31,0.0,1.5151515151515138,1.965279100741133,2.117882641211553,1.9717331261180704,1.055933635991321,2.414165407039516,18.45,1.0187889225568594,0.7839714535120481,-0.1599524777784233,-0.1079997676174984,2.9510278593539168,0.0,1.0,1.0,1.0
2019-06-03,-0.0212969864764045,0.0,1.9795473339318304,2.135780661141028,1.988195817785728,1.0529330590777723,2.217849060316836,18.58,1.0012746394401484,0.0978790632589758,0.0297493987049028,-0.0347826086956521,0.5674186976533615,0.0,1.0,1.0,1.0
2019-06-04,0.0852060922355901,0.0,1.995141330280208,2.155054584710196,2.0059180805252543,1.0817809851009097,2.0606279321544565,18.23,1.005522785500511,0.8987058602651276,-0.3385195281181995,-0.0951781010193563,1.2128730934831788,1.0,1.0,1.0,1.0
2019-06-05,0.3937426838352742,0.0,2.0080909250117176,2.171037360799356,2.020577401700533,1.080826100380802,1.908238612793496,18.25,1.0258319911655396,0.2297775016847923,-0.1123851497375733,0.0523309663476381,0.507675028079371,0.0,1.0,1.0,1.0
2019-06-06,0.0529997880008403,0.0,2.022700072657407,2.1887047456508983,2.036799663898265,1.0535561998976632,1.715830115830116,17.99,1.0454884387292038,0.4893742922416082,-0.2743183492999263,-0.0709285187914517,0.556800925591149,1.0,1.0,1.0,1.0
2019-06-10,0.1059434262103975,0.0,2.034588285170498,2.2032140225913937,2.0501794309139987,1.0328191886933478,1.6016131355321908,18.29,1.0234021660966093,0.3776286670325585,0.2074273244781783,-0.0055028462998102,0.0434034273740926,1.0,1.0,1.0,1.0
2019-06-11,0.1164144353899887,0.0,2.0455056118797685,2.215446167060144,2.061439922475624,1.023450189496481,1.2315472936030618,14.9,1.026681744995925,0.1048279968761714,0.0420304808242701,0.0007155123068116,0.0075114549688274,1.0,1.0,1.0,1.0
2019-06-12,0.1057082452431412,0.0,2.055493122378824,2.225929696667479,2.071188789452596,1.0260604170003962,1.1781571745080153,14.86,1.0068047861172245,0.6500363375909858,-0.3408095679584647,0.0298535138142036,0.257003751296991,1.0,1.0,1.0,1.0
2019-06-13,0.4223864836325086,0.0,2.0674739876178,2.238070303600956,2.082472113384312,1.004507945568866,1.1414361206092634,15.34,0.996258875718339,0.4772382076474958,-0.2536124494122181,0.0655232222008094,0.5426975259377494,1.0,1.0,1.0,1.0
2019-06-14,0.0420609884332456,-1.49253731343284,2.0814152099207823,2.2520630104200388,2.0955136644173047,0.9960847824090692,1.1745900183529692,16.63,1.0294632378677755,0.8673864251665365,-0.2597599414216515,-0.0393150839247493,0.5652279536804599,1.0,1.0,1.0,1.0
2019-06-17,0.1471515661130906,0.0,2.094445349844275,2.264828952550145,2.107387692111097,1.019904616811287,1.1516271775051812,16.69,1.0424890851072353,1.4135969197061415,-0.5021966739967015,-0.1426608026388125,1.5545903849033995,1.0,1.0,1.0,1.0
2019-06-18,0.115449202350959,0.0,2.105947140078501,2.2758265160067253,2.117613845413948,1.031690689680632,1.1153290915895846,16.59,1.0464682582221558,0.9442166179534468,-0.350615028901734,0.0248554913294797,0.2858092389498172,1.0,1.0,1.0,1.0
2019-06-19,0.7023797043715252,3.030303030303028,2.1084658167060355,2.276368940672296,2.118173031213636,0.9521472392638036,1.0454591681073937,17.66,1.073538343354724,0.5578970426951729,-0.0736786188579017,0.0066401062416998,0.2536011361330899,1.0,1.0,1.0,1.0
2019-06-20,0.3227149698105336,2.941176470588225,2.1114944928789474,2.277067739646701,2.11890936786066,0.8796924838472233,1.0019512195121951,19.1,1.1063339985302978,0.0586246484787508,0.0147592652972502,0.0265188566460167,0.4850894632206759,1.0,1.0,1.0,1.0
2019-06-21,-0.2179101380097581,2.857142857142869,2.1053654538107813,2.26795937359283,2.110485636920518,0.8586363223478312,1.0218907400232466,20.29,1.0985878169661143,0.1498376222566347,0.0324637481328277,0.0698609674824773,1.8133015210259469,0.0,1.0,1.0,1.0
2019-06-24,-0.8319467554076532,0.0,2.099282045119573,2.2597708006530643,2.102861402747611,0.8669643749791716,1.0087191097837085,20.12,1.0812474619059569,2.216774897958856,-0.4882014388489208,-0.0498800959232613,1.3143759873617693,1.0,1.0,1.0,1.0
2019-06-25,-0.3670302013422777,0.0,2.095840526239204,2.2547770773227693,2.0978848143571165,0.9110971260750996,1.0314116069718444,19.84,1.0765230484231925,2.1937084581271287,-0.4500318775900542,-0.0741685261927531,2.0481220657276995,1.0,1.0,1.0,1.0
2019-06-26,-0.3052310283128134,-2.777777777777779,2.092972609547517,2.250635671369888,2.093696394853123,0.9527986774182664,0.9665180688608556,18.04,1.083748723928634,1.1467588466882523,-0.3022434526576786,-0.102278010227801,2.3741007194244603,1.0,1.0,1.0,1.0
2019-06-27,-0.0739020270270174,0.0,2.086240692779324,2.242393398255373,2.085664639138442,0.8856013263614335,0.9229738139690746,18.51,1.0847399435372982,1.611837680726964,0.2400257387007103,0.1211778029445073,5.973103273280893,1.0,1.0,1.0,1.0
2019-06-28,-0.0316957210776513,40.000000000000014,2.0819861812221574,2.252572187527968,2.080107408933425,0.8941806203678286,0.9108470974596736,18.09,1.0813770736550072,2.563089412346826,-0.6446684219187099,-0.1344413361856179,3.811523209703756,1.0,1.0,1.0,1.0
2019-07-01,-0.3276262946522945,4.081632653061229,2.072432316505265,2.256304777175005,2.06952164190494,0.896928422035158,0.9621926329089318,19.08,1.0739330222847197,1.4808159308319953,0.1250049543676662,-0.0485658409387222,4.695871415064607,0.0,1.0,1.0,1.0
2019-07-02,-0.1166366238999017,0.9803921568627416,2.065341025799578,2.2631385824213046,2.0614821045037384,0.9278619513977072,0.9500024484599188,18.19,1.065646919490571,2.212701624528581,-0.284077164257098,-0.0924055042675492,5.50025920165889,1.0,1.0,1.0,1.0
2019-07-03,-0.0106157112526594,0.0,2.056690848129226,2.2684333343643424,2.051801803172661,1.0193284793881934,0.5645445839003982,9.59,1.0610613924516838,1.6405724778729125,-0.2656786594933871,0.0503250392288724,3.4833204034134986,1.0,1.0,1.0,1.0
2019-07-04,-0.1380188979721808,-0.9708737864077666,2.047912018471965,2.273973776034583,2.042511421073423,1.0652905934315826,0.3252973997262869,5.07,1.0582092336875986,3.209996087862586,0.3178980008159935,0.028641370869033,2.735775526110678,1.0,1.0,1.0,1.0
2019-07-05,-0.0850520944078225,0.0,2.035391457028967,2.275402205790635,2.029570330099486,1.0165862220272048,0.3428759821968239,5.39,1.0606008639767428,2.7646257394149907,0.2808281741601542,-0.1068710037552014,6.512059369202227,1.0,1.0,1.0,1.0
2019-07-08,-0.0319216854649972,0.9803921568627416,2.027354796967572,2.2822230404709907,2.0211547282955857,1.1029553457246466,0.3122479548335061,4.3,1.053897982727157,1.1252085270928307,-0.1809197814836113,-0.1407418056354226,4.679732313575526,1.0,1.0,1.0,1.0
2019-07-09,-5.396487493347535,1.941747572815533,2.015578798645214,2.285724416091844,2.0141755666151173,1.2086450973746643,0.3228313505111496,3.88,1.0696006871282475,0.1790466877915198,-0.0394061597690086,-0.0404234841193455,0.954762446010457,1.0,1.0,1.0,1.0
2019-07-10,-0.0900090009000931,1.904761904761898,2.000830909238302,2.285738546399275,2.003987289995338,1.1057175548698035,0.3867369073442826,4.89,1.0767784593324303,2.413467328756684,0.246480243822793,0.0723848916947861,3.414634146341464,1.0,1.0,1.0,1.0
2019-07-11,-0.9346846846846836,4.672897196261694,1.9819933326936123,2.282133465551905,1.9907233617882247,0.9609928460775268,0.4546914135251429,6.41,1.0999238460950844,5.630213373042031,0.2061639414802065,0.1182766781411359,21.601178781925345,1.0,1.0,1.0,1.0
2019-07-12,-0.0909400932135984,0.8928571428571175,1.96313744222868,2.278863173983741,1.977487053671598,0.9637312037465816,0.4571045576407507,6.18,1.0871299964664063,1.2219888931835603,-0.1628318584070796,0.0942477876106194,6.756542426645519,1.0,1.0,1.0,1.0
2019-07-15,-0.3072021845488604,2.6548672566371723,1.938966130700696,2.2699490358355248,1.9592189766529449,1.0098990802360348,0.5256886521342959,6.51,1.077543773089091,11.296015460139223,0.272196261682243,0.1384795111430625,23.38391502276176,1.0,0.0,1.0,1.0
2019-07-16,-0.0570645971239569,1.724137931034475,1.914621486810236,2.2607847533732803,1.940950899634292,0.9976988388393684,0.5757931844888367,6.93,1.1090589424842534,4.557433487603157,0.0505425206343318,0.0401558007975517,5.484483850538315,1.0,0.0,1.0,1.0
2019-07-17,-0.3425830763960191,0.0,1.898066167156696,2.261432211896996,1.9315330519857856,1.0661622382544431,0.5154399814255863,5.5,1.0980493339050126,10.597993540136924,-0.0942179700499168,-0.0762895174708818,34.15270018621974,1.0,1.0,1.0,1.0
2019-07-18,-0.2406325197662373,0.8474576271186418,1.8811664483894328,2.2622547758021136,1.922048243575588,1.0435650324308712,0.562183363294656,5.77,1.0850636908814926,2.5198931765029933,0.0424041347115705,0.1385461820606869,14.7864768683274,1.0,1.0,1.0,1.0
2019-07-19,-0.5283712382265215,5.882352941176472,1.8617845441718888,2.260056752467316,1.91017689826751,1.0198167149682775,0.7835724718618438,7.78,1.072308660850796,36.305346205066975,0.3129425273315825,0.1306419104623465,16.112994350282484,0.0,0.0,1.0,1.0
2019-07-22,-0.1154734411085378,0.0,1.8427243569395648,2.257380830656309,1.8980211079996867,1.14601952426784,0.8185440057950018,6.78,1.081425286569667,1.4302533421249963,0.0673170638945233,0.025735294117647,1.2400733048259012,0.0,0.0,1.0,1.0
2019-07-23,-0.0231213872832314,2.3809523809523725,1.8206504173683669,2.250973675554633,1.8826436514039453,1.1283298744599053,0.8804910799923269,6.92,1.046764161944601,3.268359479422841,0.2843285482461615,0.0876295094245412,3.0038510911424905,0.0,0.0,1.0,1.0
2019-07-24,-0.2775208140610607,0.0,1.7974327228348432,2.2432655685828355,1.866046213582952,1.1235727657564971,0.9130567109668256,6.75,1.0312161050436432,0.1755452607604883,-0.0200704123112659,0.0461672473867595,1.1252653927813163,0.0,0.0,1.0,1.0
2019-07-25,-0.1159554730983281,0.0,1.777887010205357,2.2395021520880505,1.853161517526281,1.1024068271218082,0.9693986732291888,6.85,1.016066961920208,1.4729409211296396,0.2155663770458678,-0.1250757728834108,3.2105809128630702,0.0,0.0,1.0,1.0
2019-07-26,-0.3018342233573334,-2.3255813953488413,1.7576356227078098,2.219820918160198,1.8397337056104293,1.0191577850723068,0.9671574178935448,6.93,1.0618036100157842,1.527711231227634,-0.1779291553133515,-0.0685286103542234,2.4124700239808154,0.0,1.0,1.0,1.0
2019-07-29,-0.0815090824406117,-0.7936507936507908,1.7443904231488077,2.2084368364631484,1.833099834445862,1.0136631292338478,0.9477521263669502,6.31,1.0535216850675866,0.3446716564616486,-0.0452847332276809,0.0269413629160063,0.6037884767166535,0.0,0.0,1.0,1.0
2019-07-30,-0.3146486423493688,-0.8000000000000007,1.7290279401540771,2.1946310512866067,1.8241983171226737,0.9910416615720702,0.9723496265233914,6.1,1.0399414473939632,0.8513394904484526,-0.1339929615592853,0.0893340552246886,1.4945652173913044,0.0,1.0,1.0,1.0
2019-07-31,-0.0584521861117792,0.0,1.7130951294490129,2.1801515185545988,1.814738764829518,1.0011544903169158,0.9740347100766852,5.88,1.0301565015484302,0.647096153185805,-0.0700041713641488,-0.0254791431792559,0.7597915616069928,0.0,1.0,1.0,1.0
2019-08-01,-0.1637618434904619,0.0,1.6990990574240676,2.168106402712381,1.807304050989071,0.9313477629711788,1.0077312716608904,6.62,1.0387038013245598,0.3195891565896133,-0.0246841781243587,0.0609480812641083,1.9186046511627903,0.0,1.0,1.0,1.0
2019-08-02,-0.2694786174575192,-2.419354838709676,1.6869801176761214,2.1586167219325025,1.8018492816614124,0.8158037341740972,0.903054448871182,6.84,1.0330630174373885,1.2551309371129444,-0.044766487753717,-0.0757603800357825,4.081768323084593,1.0,1.0,1.0,1.0
2019-08-05,-0.070488721804518,0.0,1.6723438725301851,2.146041925348374,1.7939860055102683,0.8181093469740252,0.879757671539576,6.78,1.02701863724823,3.2791835305095254,-0.1848705087521752,0.104616644487665,2.549264155649788,1.0,1.0,1.0,1.0
2019-08-06,-0.2351281448389364,-4.132231404958686,1.6627606733049087,2.138679793781112,1.7863684256025607,0.911606624666706,0.5936133563005167,4.13,0.9933950097807626,4.4112097924623805,-0.1462165729121592,-0.071686138756671,2.7481338125518384,1.0,1.0,1.0,1.0
2019-08-07,-0.2003299552203685,0.0,1.6552845304626629,2.134031117115516,1.7811651289714705,0.9306621921662344,0.0110512501726757,0.07,0.9861496928674832,3.275324198421848,-0.1065915154165755,0.1307675486551497,3.080489375402447,1.0,1.0,1.0,1.0
2019-08-08,-0.4132719329318579,-3.44827586206895,1.651154989606739,2.132985998469983,1.779060441012853,0.9617223665614448,0.0,0.0,0.9443630322294396,260.96552729585926,-0.3126406795808193,0.0722451571927596,1.5113768476997176,1.0,1.0,1.0,1.0
2019-08-12,-0.1897083234526864,-3.57142857142857,1.6458043813759686,2.130489909687177,1.7758554175014496,0.9956980177140448,0.0,0.0,0.838289081096169,39.69328931560497,-0.0587809229542509,-0.0237217183295126,0.8885570281874182,1.0,1.0,1.0,1.0
2019-08-13,-0.1069137562366373,-2.777777777777779,1.64240819126629,2.13023976537315,1.7744700028391445,1.0481479303363046,0.1671756952258479,0.83,0.7323273799747202,9.476406492326824,-0.2307696998123827,-0.0648217636022514,4.4224,1.0,1.0,1.0,1.0
2019-08-14,-0.1308122249970233,0.0,1.6369381499197346,2.127570883665165,1.770875444570032,1.1095559443472465,0.3207292370020256,1.43,0.7477579946312207,5.380156956673889,0.1231632570386874,0.0204577678752278,1.3959917069799586,1.0,1.0,1.0,1.0
2019-08-15,-0.1428911645629971,-0.952380952380949,1.631177547345127,2.124358405001149,1.7668807545243728,1.212435916456489,0.3548840477863668,1.37,0.8081347928897646,8.145217186548216,-0.2999227003349652,-0.0483122906467405,2.1827706635622817,1.0,1.0,1.0,1.0
2019-08-16,-0.1550202718817006,-0.961538461538458,1.6255120628550717,2.1211558368699697,1.7631422399496706,1.202952390262978,0.4317599707281375,1.6,0.8175654127412579,3.64247388973766,-0.2317046009062391,0.0625653537818055,2.422402159244265,1.0,1.0,1.0,1.0
2019-08-19,-0.0955452048250316,0.0,1.6217539641535592,2.1198354783685063,1.7610054403905846,1.1959170869428828,0.5964368706429125,2.07,0.7772989232186774,3.231225570520857,-0.2868783702816057,0.0400239664469742,5.763589301121656,1.0,1.0,1.0,1.0
2019-08-20,-0.0956365809922421,0.9708737864077666,1.6174461355514236,2.117752858825585,1.758211156693911,1.1537907062422914,0.7240744528533443,2.46,0.8564755728306109,2.930703829011046,-0.2522321975497703,0.1227029096477794,11.456657730116175,1.0,1.0,1.0,1.0
2019-08-21,-0.1794902476965343,0.0,1.613598832069829,2.116416276040753,1.7562198842275414,1.1486976695979398,0.7725694444444444,2.47,0.9119439629380592,1.3596726660462497,0.2485638851416458,0.1622663326267103,7.0815811606391925,1.0,1.0,1.0,1.0
2019-08-22,-0.071925197794298,0.961538461538458,1.6082769197537945,2.112893370776644,1.7524176761986443,1.1858728109431065,1.11716621253406,3.29,0.9389699810211004,3.620813849662703,0.239369704004643,0.0223032916010281,2.3100042936882783,0.0,1.0,1.0,1.0
2019-08-23,-0.0599808061420348,0.0,1.6031244797980295,2.109526642197157,1.7485194902035688,1.138866336126373,1.1677788369876072,3.39,0.944409544544572,0.7525886702227802,0.0932305832577818,0.032487156240556,1.3594688586784698,0.0,1.0,1.0,1.0
2019-08-26,-0.1200336094106413,0.0,1.5990251518742733,2.107429455216277,1.745641304326948,1.0604277487486071,0.9790562705021448,2.87,0.901148857045296,0.9443824826965724,-0.1289014133057566,0.0656670113753878,1.882876204595997,1.0,1.0,1.0,1.0
2019-08-27,-0.1081600769138213,-0.952380952380949,1.5946018413855485,2.1049074693888468,1.7422697984652389,1.0549007662206809,0.8572193945888026,2.37,0.9228156028880692,1.1696700882793465,0.0780586635234382,0.0837791277541028,3.835616438356164,1.0,1.0,1.0,1.0
2019-08-28,-0.0601539942252316,0.0,1.5901560907532963,2.1020829219145383,1.7389701939734583,1.0483457396385336,0.9410430839002268,2.46,0.8550980225970284,1.262597491613588,0.1847395949254395,-0.0284887602937903,0.6102502979737783,1.0,1.0,1.0,1.0
2019-08-29,-0.0601902010352706,0.0,1.5849407827017212,2.0982175558982608,1.7348332734831755,1.060270013369294,1.0815655811174183,2.64,0.8689696523988882,0.084538571557912,-0.0160798306622316,0.1463562140913214,1.9734964322120283,1.0,1.0,1.0,1.0
2019-08-30,-0.1565887737894455,-0.961538461538458,1.577553077402719,2.091443275138537,1.728302828165409,1.0359683552066723,1.350502512562814,3.18,0.8778617911738453,12.280342540371288,0.4659428287841191,0.1280397022332506,4.606320299946438,0.0,1.0,1.0,1.0
2019-09-02,-0.1327059958981746,0.0,1.5694712635914514,2.083599701050839,1.720983303882844,1.0620524159164484,1.3569321533923302,2.94,0.8859282786445479,3.0783459043574943,0.2224632441552181,0.0624246806459387,0.7308126410835215,0.0,1.0,1.0,1.0
2019-09-03,-0.0483208504469701,0.0,1.563543928652632,2.0786203782398247,1.7160426216311042,1.0984696976430677,0.9933543196922,1.92,0.9025983680394608,1.560531246177444,-0.0522405361614376,-0.1552511415525114,4.205905826017558,1.0,1.0,1.0,1.0
2019-09-04,-0.0241721053903742,0.9708737864077666,1.5552820930278315,2.070289391349631,1.7083460490568072,1.1019155188380012,1.2788632326820604,2.38,0.9011386665811864,44.5169082948768,0.4530769993063125,-0.1722326825884451,8.144329896907216,1.0,1.0,1.0,1.0
2019-09-05,-0.0362669245647984,0.0,1.5470208995221426,2.0617546044605124,1.7004884402741918,1.002323265847992,1.3036248752909878,2.82,0.9174541472365052,12.403624466907177,0.3795666155026861,0.1589409056024558,8.053665175967335,0.0,0.0,1.0,1.0
2019-09-06,0.0,0.0,1.539328670667769,2.0535266746229084,1.6928838999700624,0.9729946390099704,1.2764632627646326,3.02,0.9317029789380846,4.790565339479696,0.4415621034823065,0.1147610320033836,2.9589240276263173,0.0,1.0,1.0,1.0
2019-09-09,-0.0241867214898938,0.0,1.532089453974277,2.0457241792784,1.6852704151041298,0.9552884581171766,1.2108803743784733,3.08,0.9385715266987092,0.6035070089080412,0.1005414991723811,0.1099550721210688,1.498791297340854,1.0,1.0,1.0,1.0
2019-09-10,-0.0604814322003099,0.0,1.5260646611539743,2.039493274881546,1.6787849718388557,0.9634181782096808,0.923512747875354,2.4,0.9378164124839066,0.8437673343404913,0.1131284916201117,0.0827126008690254,1.4349172163144437,1.0,1.0,1.0,1.0
2019-09-11,0.0,0.0,1.5218375030729732,2.035494977014681,1.6740901351566169,0.985642548978004,0.969529085872576,2.51,1.0234710143988388,1.7623463160456674,-0.2134637348211355,-0.0233016081391532,0.4008468595624559,1.0,1.0,1.0,1.0
2019-09-12,-0.0726216412490932,0.961538461538458,1.5150997780382407,2.0280985403428966,1.6665779991136551,0.9380577539802746,1.0835579514824798,3.05,1.0735358189887532,2.190457989136092,0.2832560301846112,0.0669721061851502,1.2492145280884754,1.0,1.0,1.0,1.0
2019-09-16,-0.0726744186046568,0.0,1.5084640033133945,2.020741457639732,1.6591001739338789,0.9808735369683128,1.0248283148441626,2.82,1.0612961267949326,1.099820288364718,0.2189202566452795,-0.1611365719523373,2.6164607828545914,1.0,1.0,1.0,1.0
2019-09-17,-0.0363636363636343,1.904761904761898,1.502738216810018,2.014508284467847,1.6525718649661725,0.9781447791898732,1.4551953025274444,4.18,1.0662315473123662,1.366188759557714,0.2181028994447872,0.000616903146206,0.0156494522691705,0.0,1.0,1.0,1.0
2019-09-18,0.0,1.869158878504673,1.497853254193443,2.0092956732159992,1.6467917300488015,0.9922923864868942,1.4069102659706687,4.1,1.057841907495704,0.533132075244982,0.1266443399286409,0.0072980862795977,0.1746555404618668,0.0,1.0,1.0,1.0
2019-09-19,0.0606281071904968,0.0,1.4929606684609251,2.0038269102670325,1.6408034286631588,0.9801746246722184,1.4385710837557326,4.38,1.059039702784747,0.0675312132383277,-0.0145501003551026,-0.0375173691523853,1.1946902654867255,0.0,1.0,1.0,1.0
2019-09-20,-0.0121182743577197,0.0,1.4895364890966971,2.000252228197245,1.6363237038836786,0.973726339579998,1.434016198189614,4.48,1.0476041067475466,1.113538485690608,0.1430587607873557,0.1192669446329875,4.89162855438457,0.0,1.0,1.0,1.0
2019-09-23,0.0,0.0,1.4863599359285091,1.9969500576271768,1.6322918414470078,0.9924884129774652,1.463071512309496,4.57,1.0996742718843129,0.6513316810680674,-0.1048412535319804,0.022604675057796,0.7054108216432866,0.0,1.0,1.0,1.0
2019-09-24,0.0121197430614339,0.917431192660545,1.480551626590788,1.9899977471051773,1.6254660777577183,0.9745568709529728,1.4236824093086926,4.65,1.077671939833312,0.5729800416999566,0.1409359496482784,0.01129211403184,0.2612419700214132,0.0,1.0,1.0,1.0
2019-09-25,-0.0121182743577197,0.0,1.47750624516936,1.9866587139660088,1.6217061487190991,0.993136507244798,0.8870785245530663,2.87,1.0478630050360405,0.9243426642114958,0.1065412569474134,-0.0010260795211628,0.0642742367434386,1.0,1.0,1.0,1.0
2019-09-26,0.0484789722457801,0.0,1.4744367358204502,1.98317628643886,1.6178298165701352,0.9616656852267854,0.9623992837958818,3.25,0.9908209196283712,1.9027429263350093,0.4156231467473524,0.116036308623298,3.3138906891337223,1.0,1.0,1.0,1.0
2019-09-27,-0.0121138703815804,-30.90909090909092,1.4730382430100852,1.962863003345181,1.615684978715371,0.9417357511064448,0.8616071428571429,2.99,0.9841435216918452,1.236199042900581,0.3156636303411725,0.0627691288506127,1.6755083996463307,1.0,1.0,1.0,1.0
2019-10-01,-0.0121153380179372,2.631578947368429,1.4705977868440183,1.94168869185948,1.6122996144563395,0.930834533741838,1.4363438520130576,5.18,0.959016992508679,1.774526193115182,0.1518851891633846,0.0964912280701754,6.666666666666666,1.0,1.0,1.0,1.0
2019-10-02,0.012116806009943,0.0,1.468572509254225,1.920877102015632,1.6092509516496123,0.9485904788480036,1.4067796610169492,5.14,0.9582422397385632,0.6739260784043755,0.1467365868444983,-0.0312215822976659,0.9393524851801184,1.0,1.0,1.0,1.0
2019-10-03,0.0,1.2820512820512775,1.4654482052824331,1.8982903331132053,1.6049398182830263,1.0356559006760042,1.019900497512438,3.5,0.9553842645381984,0.1859229461970271,-0.0420045468798996,0.0081530260269677,0.1893663510560815,1.0,1.0,1.0,1.0
2019-10-04,0.0,1.265822784810133,1.4637588554740044,1.877733163534992,1.6021521607855802,1.0151074397293836,1.0796496231411694,3.86,0.9628641782009676,3.974676648965198,0.7066789659224442,0.0070505287896592,0.1646090534979424,1.0,1.0,1.0,1.0
2019-10-07,0.0,0.0,1.4622277281685037,1.857502763833659,1.5995083475461822,1.0095875998399595,1.1366820092055234,4.17,0.9608655365999892,0.8534450526488393,0.2478365912585109,0.0724796837250164,1.189403496125428,1.0,1.0,1.0,1.0
2019-10-08,0.0242306760358523,1.2499999999999956,1.4600226301120425,1.8364911331545888,1.5961100475155527,1.000741179958494,1.2482880062610056,4.73,0.9678813584662208,2.3225482136353213,0.3885771377822887,0.0202994163917787,0.6537282941777324,1.0,1.0,1.0,1.0
2019-10-09,0.0363372093023173,0.0,1.4591268765374514,1.8167803063458312,1.5944430994328511,1.0162062915059489,1.0838958534233365,4.09,0.9653866001975636,0.1622591718058548,0.0459305345163384,-0.0497727764553127,1.0952380952380951,1.0,1.0,1.0,1.0
2019-10-14,0.4964281389998826,3.703703703703698,1.4534966810048169,1.7912429936312002,1.5874175550700411,0.8899880073594589,1.5095729013254786,6.86,0.94239495984097,6.175895710938627,0.5431334193795115,0.0285386490750035,2.800187617260788,1.0,1.0,1.0,1.0
2019-10-15,0.1204819277108359,0.0,1.4482742373146462,1.766141956094566,1.5807187739949775,0.9243980846615562,1.391150442477876,6.37,0.9155096148356384,0.5315507721591728,0.1017124975552513,0.0804811265401916,3.147829412889654,1.0,1.0,1.0,1.0
2019-10-16,0.1323706377857947,0.0,1.4440470179017295,1.742232873997832,1.5749535963476735,0.9006662400722701,1.472288337300238,7.24,0.9018142619626184,1.362440698178771,0.2969374794340244,0.1017878688164966,3.2791519434628977,1.0,1.0,1.0,1.0
2019-10-17,0.060088931618818,0.0,1.4396505603477523,1.7180619716358088,1.568905026321565,0.9029783427709428,1.4239059438275636,7.32,0.8697617189733827,1.3283517957157192,0.3724381366290914,-0.0054325682466385,0.1230958609016771,1.0,1.0,1.0,1.0
2019-10-18,0.2882536632236254,1.1904761904761862,1.435947981668015,1.6946657245813526,1.5633817679623507,0.9010824592741874,1.4899350134728166,7.96,0.8903388760260997,2.3475861869968497,0.5072194557035321,-0.0482532329666087,1.6683350016683351,1.0,1.0,1.0,1.0
2019-10-21,0.0838323353293368,0.0,1.4324858089418817,1.6714428020591297,1.558175971566303,0.8427634118101119,1.4470443349753694,8.61,0.8987899927606404,1.0264065953610215,0.3717588253670728,-0.1077788191190253,2.6240730176839704,1.0,1.0,1.0,1.0
2019-10-22,0.1076941486179317,0.0,1.428972138811434,1.648183001588917,1.5528863199737784,0.8333593579213642,1.3257005122024708,8.24,0.9074030833366556,0.9477467546026608,0.5170237083426527,0.0004473272198613,0.0072674418604651,1.0,1.0,1.0,1.0
2019-10-23,0.0836720057375117,2.35294117647058,1.4250987465532197,1.6244920585248075,1.5472031764951508,0.827935926195065,1.3590233857920282,8.82,0.9246145923666986,0.9781631694455708,0.2929100541842264,-0.0121613485851896,0.4840642223819794,1.0,0.0,1.0,1.0
2019-10-24,0.0477726024125102,0.0,1.4205473898717105,1.5999818187339607,1.540737657492986,0.8314128416874721,1.492154065620542,10.07,0.9350042443876806,1.3845217282918454,0.6045016077170418,-0.0840836012861736,3.010938399539436,0.0,0.0,0.0,1.0
2019-10-25,0.0596872388683333,1.1494252873563315,1.4160549359086303,1.5755558073663742,1.5342896953518346,0.8321109913531123,1.4742082699488317,10.38,0.9128317747580348,1.350183439865798,0.4607901117185643,0.0356548609460423,1.6159439806086722,0.0,0.0,0.0,1.0
2019-10-28,0.0357909806728784,0.0,1.410694528354855,1.549611066506198,1.52683264843886,0.5246449456975772,1.3072937425269031,15.67,0.92238347722893,0.3504321305554836,0.0953196347031963,-0.0443302891933028,2.859772936483584,1.0,1.0,1.0,1.0
2019-10-29,0.0,0.0,1.4052358138094845,1.5236282238383343,1.5193030904313802,0.5155154292803116,1.200668466383854,15.61,0.9156191745935438,0.0406964086775888,0.0205631715450166,0.0261207854761022,1.0710216483099126,1.0,0.0,1.0,1.0
2019-10-30,0.0834824090638175,0.0,1.399825639090272,1.5164772109690063,1.511956779678647,0.5427856369477627,1.6141541444498302,21.78,0.9351724609373036,0.4845111120695888,0.1831045110675259,0.0155505743905855,0.9386892177589852,1.0,1.0,1.0,1.0
2019-10-31,0.0119161105815113,0.0,1.3955271064928656,1.5105512865417912,1.5057902222679875,0.4867618042490708,1.1178643785007747,17.68,0.9410153693985436,3.9659134514575936,0.4461210483842672,-0.0306305041928353,139.68,0.0,0.0,1.0,0.0
2019-11-01,0.0119146908137635,0.0,1.3906040514124345,1.503951900824193,1.4989528105206769,0.5327078842666008,1.1308826972605943,17.22,0.9476949624008896,0.5999472212329339,0.2158965288525315,0.0193455671014813,13.671875,0.0,0.0,0.0,0.0
2019-11-04,0.0119132713843228,1.1363636363636465,1.3842741238813792,1.4958153536359773,1.4905821666222576,0.6634464983128547,1.080957810718358,14.06,0.8594017573109008,0.5992360346038524,0.1848078894380377,-0.0181219110378912,660.0,0.0,0.0,0.0,0.0
2019-11-05,0.0,-3.370786516853941,1.3788637664461636,1.4886751700434853,1.483216767577757,0.6899501940293946,1.0557968593384564,13.99,0.907333301491248,0.1338395024808747,0.0587294418406476,-0.0945888368129527,18.5,0.0,0.0,0.0,0.0
2019-11-06,0.0,1.162790697674421,1.374385016090931,1.482545994038852,1.4768355788890772,0.7008427856282872,1.0339186388919184,14.29,0.9248982534380068,1.1742778714767454,0.4832077640148129,-0.0973055803856468,8.410596026490067,0.0,0.0,1.0,0.0
2019-11-07,-0.0119118522930339,3.4482758620689724,1.3703912308120518,1.476975398691122,1.47096379092467,0.7018313892881832,1.030972028721466,15.04,0.9274981873223708,0.715999182087888,0.342477535687453,0.0692712246431254,6.101919258769027,0.0,0.0,1.0,0.0
2019-11-08,0.0,-1.1111111111111072,1.365993406267927,1.4709711404752277,1.4646455254958792,0.7824312151514806,0.965401198864234,13.38,0.9460024220295667,0.0632480087512435,-0.022609811235447,-0.1291963377416073,9.43069306930693,0.0,0.0,1.0,1.0
2019-11-11,-0.0119132713843117,-2.2471910112359605,1.3656879584604238,1.4698100355653347,1.463109142939493,0.754721424198182,0.974385781495034,14.54,0.962971583243898,0.4105540007794937,0.1768318699186992,0.1495934959349593,8.757734412184675,0.0,0.0,1.0,1.0
2019-11-12,-0.119146908137746,0.0,1.3649577270912023,1.4683702707333146,1.461322448533608,0.7735588834779638,0.9373376285981504,14.23,0.9770801403849528,0.1390541353679314,0.1098933212450891,-0.0220610456331217,0.4871538204871538,0.0,0.0,1.0,1.0
2019-11-13,-0.0119289037337488,0.0,1.3645715681990986,1.467409366107011,1.460011637519966,0.7597213426219126,0.9256953092569532,14.87,0.9816403867932748,0.1956700142611494,0.1424418604651162,0.0081395348837209,0.1437002822684116,0.0,0.0,1.0,1.0
2019-11-14,-0.0954426151276499,0.0,1.3644336643828014,1.466833331196002,1.4590022300540493,0.7520502069983914,0.9009757110234586,15.22,0.9918101910591768,0.0639373496700528,-0.0343810391978122,0.0492251595259799,1.1864872287833013,0.0,0.0,1.0,1.0
2019-11-15,-0.0119417243849895,0.0,1.364453521489174,1.4666513582016667,1.458386599179605,0.7130842410037226,0.9023653224966136,16.74,0.9889039869937486,0.4189914181251409,0.1932228682170542,0.0073212747631352,0.2188606372706791,0.0,0.0,1.0,1.0
2019-11-18,-0.0358294518093882,0.0,1.3628292712445762,1.4647870931391884,1.455957915600791,0.7150866902441128,0.9278027374360046,17.85,1.0000690928113865,0.1076915492744773,0.0357667809897109,0.132614731340846,10.118380062305295,0.0,0.0,1.0,0.0
2019-11-19,-0.035842293906807,0.0,1.3619679285961896,1.4638505033744749,1.4544487162660833,0.7730191757855186,0.9094710432782772,16.85,1.0024933707998576,0.0792739963682161,0.0337802611197167,0.0015490152688647,0.0875,0.0,0.0,1.0,0.0
2019-11-20,-0.0239034301422247,0.0,1.3609707727258964,1.4628384355886843,1.4528692708703277,0.8131398918514593,0.9300377042312526,17.02,0.9936425764225868,1.729161213941721,0.3736749835850295,0.1509082950317356,229.8333333333333,0.0,0.0,1.0,0.0
2019-11-21,-0.0239091452480688,-2.298850574712641,1.3622429177114257,1.4643148498965683,1.4537622791682845,0.923176451560731,0.8142006802721089,13.42,0.9967986304206518,2.634168609099093,-0.495569590085796,-0.1614632983794089,28.46638655462185,0.0,1.0,1.0,1.0
2019-11-22,-0.0119574315436965,-1.17647058823529,1.3634708952515708,1.4657957496306064,1.4546773240125996,0.9441223426602806,0.8253213784163336,13.6,0.9906890543674882,0.4456056290430313,0.104107207652977,0.0456869536533069,5.682051282051282,0.0,1.0,1.0,1.0
2019-11-25,-0.0478354460655472,0.0,1.3642306866555232,1.4668371762792578,1.4551318295662736,0.9648441457566446,0.8184702921545027,13.09,0.9953227481690216,1.561491884303117,-0.3842932038834951,-0.0213592233009708,3.5541195476575123,0.0,1.0,1.0,1.0
2019-11-26,-0.0239291696578103,0.0,1.3648775911083704,1.4677742353683714,1.4554845230026978,0.9763854117328642,0.8374765219312783,13.13,0.9925473198415916,0.0110005955021804,-0.0009019633337667,0.0531140293849954,286.6666666666667,0.0,1.0,1.0,1.0
2019-11-27,-0.0478697941598937,1.1904761904761862,1.3649942904031251,1.4682398854232903,1.4553664007800828,1.0108058670099251,0.8320950965824666,12.2,0.9947085931509708,0.8790886844656081,-0.1844660194174757,-0.0007327349331379,1.3793103448275863,1.0,1.0,1.0,1.0
2019-11-28,-0.0239463601532485,-1.17647058823529,1.3668315610928352,1.470580201512664,1.457162413241082,1.0214556163230963,0.8377690349456144,11.93,0.9968904498780788,1.4788141685860114,-0.2132253948967193,-0.0273390036452004,2.4827586206896552,1.0,1.0,1.0,1.0
2019-11-29,-0.0239520958083772,-1.1904761904761862,1.3703500292347812,1.474759295657428,1.460769707648106,1.040717921242968,0.8608960825709594,11.81,0.97612607051059,6.543973586471195,-0.209267589778228,-0.0185748058088483,8.571428571428571,1.0,1.0,1.0,1.0
2019-12-02,-0.0239578342117963,1.2048192771084263,1.3740815873932737,1.4791928460905377,1.4646315848789493,1.0271516824616629,0.853644037569849,11.77,0.9762873167557008,1.9649751792608927,0.1058355437665782,0.1405835543766578,9.523809523809524,1.0,1.0,1.0,1.0
2019-12-03,-0.1437814521926594,-2.380952380952384,1.377569298109928,1.4834756142776688,1.4683733234876983,1.03780929492604,0.8006773101112724,10.8,0.9755594767946671,1.2774871186715524,-0.0273681579605098,0.0114971257185703,0.9834313201496526,1.0,1.0,1.0,1.0
2019-12-04,-0.0239980801535977,0.0,1.3811756415583267,1.4879076648526657,1.4722922787039765,1.0551346944321771,0.8100455496737659,10.59,0.9751224592988904,508.3798268516381,0.0448911539861667,0.0297294017716296,1.7025712300208478,1.0,1.0,1.0,1.0
2019-12-05,-0.0120019203072363,-1.2195121951219412,1.3831949977955318,1.490623319046105,1.4745562052600882,1.011561679342451,1.0654112983151636,14.5,0.9754779027460622,31.354282766323013,0.1636294674556213,0.093491124260355,4.926722793888369,1.0,1.0,1.0,1.0
2019-12-06,-0.0120033609410707,0.0,1.3814765087872685,1.4893146637952752,1.472846121937479,1.6223683115586254,1.2833435771358328,10.71,1.0097634823572652,21.445688882934103,0.297678221463673,-0.0860724479887002,41.05263157894737,1.0,1.0,1.0,0.0
2019-12-09,0.0,1.2345679012345512,1.3792492217171248,1.487440860848148,1.470633471269964,1.5576162375980809,1.2722832722832722,10.85,1.1256191005244474,0.8806002391380022,-0.0313893347601212,0.006509719992866,2.5259515570934257,1.0,1.0,0.0,0.0
2019-12-10,-0.0360144057623079,0.0,1.3772539101977372,1.4857533769994098,1.4686556954064096,1.5296475750067076,1.2818962389648083,10.94,1.1187901239485618,0.3783114400601898,0.0200334967320261,0.0428921568627451,6.521739130434783,1.0,1.0,0.0,0.0
2019-12-11,-0.012009126936463,1.2195121951219523,1.3747554628359022,1.4835230651033495,1.4661247249948568,1.4247907434761202,1.2465539973630588,11.23,1.112043508625288,2.286750284879806,0.1172573529411764,-0.0142073778664007,2.766990291262136,1.0,1.0,0.0,0.0
2019-12-12,-0.0240211386019817,1.2048192771084263,1.3690110281675745,1.4777257754548736,1.4601540556829151,1.228287466392774,1.557654191442229,16.43,1.1026579784749575,12.832156024411018,0.5141652328889194,0.0753675840559344,15.667972924830782,0.0,0.0,0.0,0.0
2019-12-13,-0.0480538202787039,3.571428571428581,1.362968174635212,1.471628163982111,1.4538874713583492,1.1415274710616412,1.570491061326092,18.02,1.096411895161948,5.274761964281077,0.2820865088260016,0.0705029420005603,8.412035102381948,0.0,0.0,0.0,0.0
2019-12-16,-0.0240384615384559,0.0,1.359044807374158,1.467807555988005,1.45001080717531,1.1531322505800463,1.480419194704909,16.88,1.1410078215377175,0.6088709005621145,0.1166824365731094,0.052702537075622,1.9527702089009995,1.0,0.0,0.0,0.0
2019-12-17,-0.0120221207020931,0.0,1.353880031826988,1.462627979418299,1.444791603481327,1.1447562776957163,1.462785952099667,16.9,1.1321223412513586,0.8883259969657143,0.1590525621288761,-0.1141411919947218,6.1804108365585,0.0,0.0,0.0,0.0
2019-12-18,-0.0360706985692016,0.0,1.3490064060621618,1.4577751784329749,1.4398960248929211,1.1402264318896214,1.4478501935348886,16.88,1.071831627720782,1.2515869943003266,0.2267272515437492,0.1230339042292904,6.956521739130435,0.0,0.0,0.0,0.0
2019-12-19,0.0,-1.1494252873563204,1.343154680322506,1.451864403635433,1.4339615205224423,1.0833173511603058,1.355277862440313,16.87,1.145469189476392,0.1642957729005652,0.0321388950033017,-0.0794629099713845,3.9356772962660127,0.0,0.0,0.0,0.0
2019-12-20,0.0,1.162790697674421,1.3372520575616798,1.445888490065769,1.4279629539290393,1.062756313403842,1.3374100009862906,17.21,1.1724703169764714,1.441091681729502,0.2473745437956204,0.1555656934306569,6.690209927408279,0.0,0.0,0.0,0.0
2019-12-23,0.0240558094779741,0.0,1.33010133406709,1.4385121508630885,1.4206224216102703,1.0214760275340515,1.3270867195716607,18.09,1.170211781305695,1.5856826281723548,0.539561778199652,0.1309919316563834,2.743993371996686,0.0,0.0,0.0,0.0
2019-12-24,0.0,0.0,1.323675552511744,1.431901793789094,1.4139634860315888,0.9430701233590606,1.286549707602339,19.39,1.2035258747832287,0.3629830662116404,0.2190611401817681,0.1019003029468466,1.3242662848962063,0.0,0.0,0.0,0.0
2019-12-25,0.0,0.0,1.317782199939267,1.4258331004816358,1.407823012749572,0.9666836581317232,1.2230540272391088,18.33,1.185696279966988,0.3381256986450983,0.2805676855895196,-0.136098981077147,1.4334994250670756,0.0,0.0,0.0,0.0
2019-12-26,0.0,-2.298850574712641,1.3121152399740583,1.419992057717973,1.4019067451926508,0.9657780886505531,2.0336711617388388,32.56,1.168331689453173,0.1507102627978888,0.0823591004919184,-0.0965097212461934,1.6830065359477124,0.0,0.0,0.0,0.0
2019-12-27,0.0,-1.17647058823529,1.3039051969192852,1.4113831551430986,1.3932674952480943,0.8930206170945241,1.924398625429553,35.58,1.1494275132531286,0.6205593379095189,0.1990240840379195,0.1360491929285165,3.4688878000979915,0.0,0.0,0.0,0.0
2019-12-30,0.0120250120250187,0.0,1.2964972586686505,1.4036159363776086,1.3854507657373285,0.8971219793602974,1.7895815042434886,34.95,1.1321326934668,0.187904882366547,-0.1257017400761283,-0.053289831430125,0.7263294422827496,0.0,0.0,0.0,0.0
2019-12-31,0.0,-5.952380952380942,1.2898201399918865,1.3965002389567398,1.378305962346262,0.9096930327346836,1.650959620279287,33.6,1.1093630466695614,0.2898072055512611,-0.1516974645466265,-0.2483884830253545,5.572427090865269,0.0,0.0,0.0,0.0
2020-01-02,0.0240471323794677,0.0,1.2830215450604452,1.3892185181676808,1.370996588088916,0.9883515707730322,1.5168466241706775,29.74,1.0934013359059698,0.3753477670219901,-0.1206782278824007,-0.0518899878065302,2.1755183186594715,0.0,0.0,0.0,0.0
2020-01-03,-0.0120206755619522,-1.2658227848101222,1.278672904096768,1.384586416832892,1.3662957371640592,1.0118492546035536,1.4325650742374354,28.34,1.0835582073856065,0.2399989999648572,0.0499382528776657,-0.1421433032925849,27.996485061511425,0.0,0.0,0.0,0.0
2020-01-06,0.0,-1.2820512820512886,1.2794258482748797,1.3854657956500176,1.3670172248784425,1.158148060401262,1.294661622530475,23.21,1.06677097284134,2.912137572339988,-0.3093017057569296,-0.158182302771855,28.11130846654825,1.0,0.0,0.0,0.0
2020-01-07,-0.0120221207020931,-1.2987012987012991,1.2804281119924612,1.386631662241313,1.3679649086584822,1.104748060801243,0.6489533977088706,12.27,1.0526278122542674,0.7040000369985421,-0.1349919940879418,0.0041877078457938,0.4121212121212121,0.0,0.0,0.0,0.0
2020-01-08,-0.0240471323794566,0.0,1.282655550304318,1.38911589390332,1.3700784406920323,1.1464791920817978,0.6369197553076646,11.65,1.0493672616732983,1.2166541490570029,-0.2119580152671756,-0.0545085877862595,10.41002277904328,1.0,0.0,0.0,0.0
2020-01-09,-0.0120264582080586,0.0,1.2830600148255638,1.389625678101711,1.3702521561523666,1.007659531297555,0.6724096673845418,14.15,1.0414682307164314,1.2930676683555171,0.1999979531265991,0.1245522464435574,11.018560434585783,0.0,0.0,0.0,0.0
2020-01-10,-0.0360837142169834,-2.631578947368418,1.28691323214756,1.393877036204477,1.3741193036713235,0.9701919774054424,0.6720462483439721,14.63,1.0335480328152682,0.5457252975911722,-0.0699470679813181,0.0103788271925272,17.142857142857142,0.0,0.0,0.0,0.0
2020-01-13,-0.024064492840814,-1.3513513513513489,1.2903128186160076,1.3976209560837416,1.3774740678834978,0.9376633643167708,0.6951774340309372,15.58,1.0203119669508438,6.302449616094665,0.4357175251959687,-0.0510918253079507,3.162911611785096,0.0,0.0,0.0,0.0
2020-01-14,0.0120351426164289,0.0,1.292509711882761,1.4000371558903717,1.3795276349046453,0.912423729682613,0.6568405602103847,15.09,0.9358668597743416,3.193756156930557,0.2205476531010271,-0.033805746976986,1.734489659773182,0.0,0.0,0.0,0.0
2020-01-15,0.0,0.0,1.2954657883546132,1.4032674886632273,1.3823845230842484,0.9506398537477148,0.6734089787863838,14.79,0.917209847678053,1.2336661911554925,0.0744964801778436,0.0103742126713597,0.8955223880597015,0.0,0.0,0.0,0.0
2020-01-16,0.0,-2.73972602739726,1.3002319255787338,1.4084347478746042,1.387146043076861,1.007021529247767,0.6143856143856145,12.61,0.9239386624158096,16.079642876965693,-0.3367660621261817,0.0586532896006174,5.23235800344234,0.0,0.0,0.0,0.0
2020-01-17,0.0,0.0,1.3041825146316244,1.4127182840315418,1.3910351207511047,1.007220263236073,1.217572197748409,25.52,0.9244243772003252,4.020946271177078,0.1235771795804535,0.0868194494967867,16.16252821670429,0.0,0.0,0.0,0.0
2020-01-20,0.0120336943441712,0.0,1.3086214506565652,1.417522211814737,1.395436679619083,0.9868557234527012,1.1264381663755196,24.51,0.9188822213887846,4.397158192892304,0.1170320535399788,-0.0741458259950686,2.7954847277556443,0.0,0.0,0.0,0.0
2020-01-30,-0.1804836963061107,-2.816901408450712,1.3179663750670074,1.427781357846031,1.405183714026066,0.933099733956265,1.1506102618793697,27.01,0.9471923104027592,14.50683484216211,-0.0588404133180252,0.0770952927669345,10.75690828994794,1.0,1.0,0.0,0.0
2020-01-31,-0.0482160077145521,0.0,1.3263531063438638,1.4370387751843112,1.4139587630251496,0.9335876178985196,0.981198589894242,23.21,0.954286373278444,5.132179218884603,0.0404484304932735,-0.0445739910313901,2.954815695600476,1.0,0.0,0.0,0.0
2020-02-03,-0.1567776169802193,1.449275362318847,1.3357087944213553,1.4474652791974982,1.423901803620918,1.030903850379351,0.3155866056371958,6.57,0.9588003940900528,25.050376913743705,0.0558712497516391,-0.0418040929862904,5.205343889163781,1.0,1.0,0.0,0.0
2020-02-04,-0.0845512743084975,0.0,1.343814567042211,1.4566000945695063,1.4325060362741873,1.050640728732438,0.3335250143760782,6.39,0.9778199539426888,6.653835131345448,0.032033426183844,-0.0050487465181058,0.3145336225596529,1.0,1.0,0.0,0.0
2020-02-05,-0.2055125725338502,1.4285714285714235,1.3519915422626254,1.4659645948364852,1.4412226709909304,1.0227054930171344,0.3863157178807046,7.1,1.3848527943356834,3.874240574575949,-0.0614600365490045,0.168702510339521,11.708945260347129,1.0,0.0,0.0,0.0
2020-02-06,-0.1453664445790314,0.0,1.35664901005922,1.4716112975507774,1.4463024168834948,1.1625387386933408,0.5202312138728323,7.8,0.993536978132418,2.4188571392438694,0.0302668380971219,0.1298585698743942,17.65971755211836,0.0,0.0,0.0,0.0
2020-02-07,-0.1334465607181978,0.0,1.3631187903402524,1.4793789186213837,1.4533451023274018,1.0735641080055427,0.463678516228748,6.98,1.0550986145379286,9.898783301867011,0.0587091757387247,-0.2355171073094867,17.59622367465505,1.0,0.0,0.0,0.0
2020-02-10,-0.1943634596695775,-2.816901408450712,1.3690225037306825,1.4866975517467131,1.4598603337435356,0.961103544787775,0.522746071133168,8.22,1.041510867781798,13.476795570270324,-0.0651362984218077,-0.0266857962697274,2.1056603773584905,1.0,0.0,0.0,0.0
2020-02-11,-0.0851996105160624,0.0,1.3728946539864255,1.4918565684102891,1.464265105415936,0.9078114004222378,0.6029972510419438,9.41,1.0910661792547005,0.63063134080106,0.0066307501036054,0.0460008288437629,9.198895027624308,0.0,0.0,0.0,0.0
2020-02-12,-0.1583627725667113,1.449275362318847,1.3729274642934175,1.4929591869668033,1.464640594420363,0.8798162796631794,0.7056375331063185,10.82,1.090287475899364,0.8941377633572543,0.0127067014795474,0.2021758050478677,11.693934054870375,0.0,0.0,0.0,0.0
2020-02-13,-0.2074182528062351,-1.4285714285714346,1.372827874268785,1.494061805523318,1.4650649354032963,0.9225135075887504,0.7373979836773884,10.74,1.081821978207792,3.0857042445105685,-0.0987800745509996,0.1396136902744832,3.460004199034222,0.0,0.0,0.0,0.0
2020-02-14,-0.0489057341973464,0.0,1.3716689338714338,1.4940369710862318,1.4645268559330975,0.9447852760736196,0.7141463414634146,10.11,1.0795288728325914,0.867802661674735,0.048526863084922,0.0161756210283073,0.3167420814479638,0.0,0.0,0.0,0.0
2020-02-17,-0.0244648318042717,0.0,1.3731902965629976,1.4969355630508605,1.4668738708930122,0.952418413772306,0.6877304893850295,9.5,1.0763593086032963,0.8640398530933617,0.0552907530981887,0.0101684143628852,0.1553775188152464,0.0,0.0,0.0,0.0
2020-02-18,-0.0489416370977657,0.0,1.375524390225346,1.5007430160941777,1.470106875356762,1.013573712069598,0.7457833773623247,9.49,1.046758151661453,1.29564401948446,0.0221484741360652,-0.0135632349758314,0.971325238956342,0.0,0.0,0.0,0.0
2020-02-19,-0.0489656016648187,0.0,1.3780343482329198,1.5047468669889468,1.4735540674761327,0.9772319616648556,0.7557354925775979,9.75,1.0779818444808535,2.2969861582090023,0.0245149297083769,0.0580922504937841,2.1114864864864864,0.0,0.0,0.0,0.0
2020-02-20,-0.0489895897121894,-1.4492753623188248,1.3816280620417851,1.5099840320913986,1.4782079551896683,0.9896751119290964,0.7042851081883751,8.76,1.0689263650025045,25.527309515687016,-0.1463908252754666,-0.1718012143017764,3.6105860113421553,0.0,0.0,0.0,0.0
2020-02-21,-0.0735204019115309,0.0,1.385464928736606,1.5155474097032249,1.4831796851204804,0.98542334871835,0.7436314363143631,9.08,1.0598625129964176,1.7133461478822374,0.0253734835355285,0.0150202195262853,0.2476190476190476,0.0,0.0,0.0,0.0
2020-02-24,-0.0613120784794585,0.0,1.388979494985135,1.5208071143240256,1.4878699300544036,1.0261422576693513,0.6578073089700996,7.54,1.07046794067444,2.455061696767857,0.0387335803300774,-0.0778039744021556,4.780958951362539,0.0,0.0,0.0,0.0
2020-02-25,-0.0490797546012333,0.0,1.3928410766309898,1.5264884832668393,1.4929719056692394,1.0397115672467427,0.9889979888796876,10.47,1.052052455749286,1.602153458571751,0.0193404413587899,0.0660798413091991,3.924889543446244,0.0,0.0,0.0,0.0
2020-02-26,-0.1964154186103517,0.0,1.3969906764766926,1.532657836211652,1.4985487070416943,1.0670296901335408,0.9743135518157662,9.36,1.0148123585485755,6.6982188026052505,0.0641445735279515,-0.0776486942706781,6.6411889596602975,0.0,0.0,0.0,0.0
2020-02-27,-0.0615006150061492,0.0,1.398264812774646,1.532994303335757,1.501032956233701,1.0552485476162872,0.9769484083424808,8.69,0.9652892879773834,3.1634106810994185,0.0363386368100569,-0.0776533752373469,136.32183908045977,0.0,0.0,0.0,0.0
2020-03-02,-0.0738461538461576,0.0,1.4012538312907856,1.5351869098819977,1.5054552710134166,1.1157167089673117,0.9982332155477032,7.75,0.9244416602811136,7.306131691778379,0.1484605651623787,-0.130746520455504,25.26487367563162,0.0,0.0,0.0,0.0
2020-03-03,-0.0123167877817298,2.941176470588225,1.4001272690658255,1.5328401914667409,1.5053383858892757,1.066517408505171,1.022958442313281,8.4,0.926641418869873,9.162885833071206,-0.0824804954989613,0.165576671539586,21.770359129994944,0.0,0.0,0.0,0.0
2020-03-04,-0.0246366100024708,0.0,1.3999307980938354,1.5314578324026251,1.5062199560270155,0.9955120359037128,1.0286532951289398,9.2,0.8950811708350422,0.2880848121687023,-0.0051842251434919,-0.0748009627846695,4.954015941140405,0.0,0.0,0.0,0.0
2020-03-05,-0.0862493839329681,0.0,1.3998170932912035,1.530090686975179,1.5072032582518216,0.9661415711947626,1.039218462409741,9.71,0.8986136927896426,1.8899330133159755,-0.025951355754684,0.0280460840218782,40.84745762711864,0.0,0.0,0.0,0.0
2020-03-06,-0.0369959304476474,0.0,1.4046525217979435,1.533047111672459,1.5134264200150098,1.0490807024772106,1.016709147550269,8.81,0.9014863384776626,4.7922435666846095,-0.0474483088323174,-0.0929843432532568,7.8864673086670045,0.0,0.0,0.0,0.0
2020-03-09,-0.037009622501849,-2.857142857142847,1.4094855533947463,1.5358221356173964,1.5195720493299536,1.086090666529176,0.8496176720475785,7.12,0.920078221106956,109.54430250557132,-0.0899692651578653,0.0528778988544286,12.543496271748136,0.0,0.0,0.0,0.0
2020-03-10,-0.1234110823151835,0.0,1.4154659822844229,1.5397716696439532,1.5269319808051112,1.140496713302811,0.6732559805185503,5.27,0.9019539957354538,7.595528376114973,0.0266914352757137,-0.1987680876026593,74.33272394881169,0.0,0.0,0.0,0.0
2020-03-11,-0.0741381440751309,0.0,1.4234261007561009,1.5458616117709765,1.5364275097455702,1.10963362587541,0.7087872185911401,5.57,1.0097203539066717,40.46199742233176,-0.0417422594142259,0.0556950255695025,42.63345195729537,0.0,0.0,0.0,0.0
2020-03-12,-0.3091381229133216,1.4705882352941124,1.438051160365066,1.559228993177521,1.5532686390799937,1.0658676629140236,0.7479674796747967,5.95,0.9992611184376896,24.079936790166,-0.0216697300957724,-0.0328431846764051,4.136460554371002,0.0,0.0,0.0,0.0
2020-03-13,-0.2976928801786238,0.0,1.4548665392944151,1.57504929351988,1.572494537772804,1.1004031007751938,0.8780341624213366,6.61,0.9856680872440524,7.096841293827558,0.0045031055900621,-0.0567546583850931,5.25049380499192,0.0,0.0,1.0,1.0
2020-03-16,-0.2612590196566233,0.0,1.4738067863938444,1.5933448970160191,1.5940824750048552,1.1273680856799744,0.8732565191024864,6.26,1.0574692519805664,24.3921030566355,-0.022240042769313,0.0011226944667201,0.0745738636363636,0.0,0.0,1.0,1.0
2020-03-17,-0.89809155544468,1.449275362318847,1.4937467206175896,1.6134988684424758,1.6176204338259588,1.106601567705746,0.8280938506364054,5.91,1.0128188898459136,58.74256316141768,0.0418564767672436,-0.0816228093681333,4.238207875330457,0.0,1.0,1.0,1.0
2020-03-18,-0.4279421019509177,0.0,1.5158478539527491,1.6363564266843973,1.6437546553820248,1.1502982964755493,1.2263575350823672,8.37,0.998904724267234,19.66427759718378,-0.1431119567156192,0.0471490576134134,2.555591363196906,1.0,1.0,1.0,1.0
2020-03-19,-1.1502970547339064,2.857142857142869,1.5471938019133544,1.670345925490426,1.6812960277379816,1.1867125937809653,1.0352220520673814,6.72,0.9959081605677031,2.8271493236047656,-0.0166538841969109,-0.1560146085368637,7.589525307670954,1.0,1.0,1.0,1.0
2020-03-20,-0.4219948849104815,0.0,1.570077702221885,1.69544076862061,1.7094540395182434,1.1934509986065955,1.1352914320499163,7.26,1.0005196703138124,0.6387217964762962,-0.0027710694415825,0.0578336424204959,4.0291900945089125,1.0,1.0,1.0,1.0
2020-03-23,-0.1541029921664383,1.388888888888884,1.5982665332207788,1.7264878667561407,1.7436019518816963,1.2021870398484138,0.765904879555281,4.71,0.93421216224844,1.6298576687492174,0.0144778422870581,-0.094951128095833,2.663093888488097,1.0,1.0,1.0,1.0
2020-03-24,-0.3215434083601254,0.0,1.6190620967902305,1.7496818477616578,1.7693066226708205,1.1418139199423007,0.7986326911124922,5.07,0.94218150617926,1.089740232757857,-0.0131887323943661,0.0975973487986744,3.008171603677221,1.0,1.0,1.0,1.0
2020-03-25,-0.4258064516128979,2.7397260273972712,1.6320078637114388,1.764548081270148,1.7866409383027508,1.0862748161456997,0.9466518917207536,6.14,0.9671006341070264,16.581707701935795,0.0861004814220466,0.1470806073324281,7.9672350384486785,1.0,1.0,1.0,1.0
2020-03-26,-0.15550084229623,0.0,1.6430012350577483,1.7772353411046449,1.801794023968257,1.0801659751037345,1.2486170380907222,8.09,0.9733757492089896,0.6800615630003884,0.0051169395255596,0.0964249916471767,7.68166089965398,1.0,1.0,1.0,1.0
2020-03-27,-0.5191434133679285,-2.6666666666666727,1.6521063507137062,1.7909350551437622,1.8153208698477568,1.0475792988313857,1.2997181334168493,8.7,0.9335966355697646,5.851811566627237,-0.0924436658969663,0.0493669878175013,6.355715017939518,1.0,1.0,1.0,1.0
2020-03-30,-0.195694716242667,0.0,1.660684664538821,1.8042350503953115,1.828420856393813,1.0279085038853015,1.3248919085855466,9.14,0.9323405296894016,0.1970612974723259,-0.0047666833918715,0.1021073758153537,29.78048780487805,1.0,1.0,1.0,1.0
2020-03-31,-0.1045751633986902,2.7397260273972712,1.6725011868484074,1.8095307611453244,1.845149799781612,1.046818779689759,1.3121757705218189,8.93,0.949787644519702,7.878083380369068,-0.2465389568576947,0.0293786220218931,7.549120992761116,1.0,1.0,1.0,1.0
2020-04-01,-0.0130855796911855,0.0,1.686364407922764,1.816833058396908,1.8642009482173605,1.0730208523575735,1.2130401819560273,8.01,0.9556169960021256,0.0439787696370057,0.0021592785469325,-0.2187222151657563,15.072210065645514,1.0,1.0,1.0,1.0
2020-04-06,-0.5496662740478997,-1.3333333333333308,1.698561233929825,1.822980153554051,1.88170215018846,1.0213471326412429,1.2635379061371843,8.74,0.9671897487712864,0.7413104753198121,-0.0266261286161783,-0.0764695043302008,4.946364719904648,1.0,1.0,1.0,1.0
2020-04-07,-0.8158968285300605,4.054054054054057,1.704192661257062,1.8240297130623084,1.8925577593399687,0.9572454342607576,1.3852301317152582,10.34,0.9842003913704294,5.351144903488403,0.1237227722772277,0.0763564356435643,11.9454770755886,1.0,1.0,1.0,1.0
2020-04-08,-0.1592145415948098,2.5974025974025983,1.7066136933611744,1.821819885141678,1.9001365192703232,0.9731391687988964,1.4293931550186942,10.76,0.9802488720142508,6.438111762250065,0.1134432271936111,-0.0613289648817446,4.033670033670034,1.0,1.0,1.0,1.0
2020-04-09,-0.1594684385382128,2.5316455696202445,1.7077407535371598,1.8182850470631515,1.906395896943072,0.9295857738822636,1.3903891427780086,11.38,0.9802814950747016,4.774920198479296,0.0868826598713748,0.0621283824778546,24.094117647058823,1.0,1.0,1.0,1.0
2020-04-10,-0.226274457606812,3.703703703703698,1.7088506394187544,1.8148051375649965,1.9128243849960056,0.958359621451104,1.0972636141966945,8.89,1.0048077465760978,11.994492069018523,0.0955044955044955,-0.0306693306693306,4.613072877535688,1.0,1.0,1.0,1.0
2020-04-13,-0.2134471718249653,0.0,1.7037723146536508,1.8046931857819568,1.91248781488847,0.9480968858131488,0.9639519359145527,7.98,0.9975424583428402,3.917562133091812,0.0442524752475247,0.0254596888260254,3.9705882352941178,1.0,1.0,1.0,1.0
2020-04-14,-0.1470588235294112,1.1904761904761862,1.692969273405606,1.7885446490802104,1.905653555948301,0.9136608351611448,1.0829281114469709,9.46,0.9880784084985326,28.35628091622303,0.0499880980718876,0.0316591287788621,6.059225512528474,0.0,1.0,0.0,1.0
2020-04-15,-0.0535546927299401,0.0,1.679383946741389,1.769256863418867,1.8956828211273589,0.8572212606070841,1.0066156440524063,9.55,0.9617812524761628,19.14407273539816,-0.0546693110287143,0.0851944468396999,8.651488616462347,0.0,0.0,0.0,1.0
2020-04-16,-0.0535833891493697,0.0,1.665050899610599,1.7483287939427707,1.8840898763565328,0.8847437867627577,0.8124838792881094,7.55,0.9663944058867132,2.097453507723071,0.0179601468274777,0.1183796539066596,3.834394904458599,0.0,1.0,0.0,1.0
2020-04-17,-0.1608363490148812,0.0,1.645167336756018,1.721272108356238,1.866157882282609,0.8751548285140733,0.0271665308340124,0.24,1.052270521553004,2.662142599479856,0.0100100693004797,-0.0527749807498667,5.888962326503635,0.0,0.0,0.0,0.0
2020-04-20,-0.1476708282990957,1.17647058823529,1.618110670269007,1.6853154945321251,1.8392429330875948,0.9166765361384168,0.0,0.0,1.0579272292728246,4.328497804048625,0.0449606254171036,-0.063971779959958,2.0786864931846343,0.0,0.0,0.0,1.0
2020-04-21,-0.4167787039526804,0.0,1.601278994278586,1.6602525807965354,1.8240071218057563,0.943072478877522,0.0,0.0,1.0614535540926924,9.935761986834445,-0.0777846919726198,-0.029869321717486,1.2845673505798394,1.0,1.0,1.0,1.0
2020-04-22,-0.0675037127041977,-1.162790697674421,1.5793656532644054,1.6294307001548418,1.803072998785332,0.9776726045706524,0.0,0.0,1.0547330835735378,12.384389748093596,-0.0498510427010923,-0.0697120158887785,2.767047694126921,1.0,1.0,1.0,1.0
2020-04-23,-0.0405295865982147,-1.17647058823529,1.5627980982091232,1.6042880919959486,1.7882597691780262,0.9967597592964048,0.035731687510151,0.24,1.0545306059230002,28.387122523610103,-0.0696962273395394,0.0311121999020088,1.2240963855421687,1.0,1.0,1.0,1.0
2020-04-24,-0.121638059197171,1.1904761904761862,1.553885277821388,1.5872987575059565,1.7816881044167356,0.9961490793201134,0.2727731941404276,1.8,1.047561952895348,30.96530757675973,0.1747179635522129,0.0286375470060746,1.0610932475884245,1.0,1.0,1.0,1.0
2020-04-27,-0.2435723951285662,1.17647058823529,1.5436688428437115,1.5691530055261416,1.7736076229205158,0.9870447595218236,0.6052125240510757,3.9,1.0418842987074737,33.50156441890835,0.1323126142595978,0.1460237659963437,15.026455026455029,1.0,0.0,0.0,1.0
2020-04-28,-0.0542593597395391,0.0,1.5343992240192024,1.5515759742123665,1.7661781132031602,1.034720830271041,0.5680776983690672,3.34,0.997354513528314,7.1737116475991085,-0.0821848739495798,-0.0062184873949579,0.7088122605363985,1.0,0.0,1.0,1.0
2020-04-29,-0.0814332247557003,0.0,1.523840140245833,1.5324954119175185,1.7571675404425875,1.0736762514733027,1.157953906689151,6.4,1.0383396853368647,1.7828387024782082,0.0285714285714285,-0.034737923946557,9.76878612716763,1.0,0.0,0.0,1.0
2020-04-30,-0.0271665308340218,0.0,1.5105671460194163,1.5220897559072266,1.7449398900042437,0.9927985262100152,1.3066666666666666,7.71,1.0145784815618972,1.1145850534601125,-0.0207148314797521,0.1058663723575855,46.52985074626866,0.0,0.0,0.0,0.0
2020-05-04,-0.0135869565217272,0.0,1.4981917801798466,1.5126763579065792,1.733750725986883,1.0153321211304915,0.6849860613301474,3.8,1.03069770651302,0.2580171472764139,0.0039356486915694,-0.1546640889318511,2488.8888888888887,1.0,0.0,1.0,1.0
2020-05-05,0.040766408479409,0.0,1.4879708852335582,1.5048779382182969,1.7244851397509726,0.987097356311468,0.752823086574655,4.11,1.023385930614231,0.7080023640843933,-0.018992447486429,0.1925890960585319,13.161290322580646,1.0,0.0,1.0,1.0
2020-05-06,0.2580820429231245,0.0,1.4831332228019822,1.5016013606377077,1.720376471595888,0.9939235130678352,0.7796836711962576,3.98,1.039501182010815,2.435752333604848,-0.0245771068800728,-0.0021998027763028,0.3900470746469401,1.0,0.0,1.0,1.0
2020-05-07,0.433545590028439,0.0,1.4771114507198546,1.496669505023752,1.7143775017998948,0.9415986282547724,1.1029585798816568,5.62,1.047157768266126,1.8793383094943337,0.0192976147668704,0.2322905429701546,9.63220675944334,0.0,0.0,0.0,1.0
2020-05-08,0.2293268582220342,0.0,1.4701482093808116,1.4904905272129076,1.7069447498017378,0.9116217511352486,1.328986960882648,6.63,1.0329342717615255,1.4678980907105257,0.0117717180748025,0.2287289524661004,6.082821478105806,0.0,0.0,0.0,0.0
2020-05-11,0.3230148048452452,0.0,1.461362349019893,1.4820728197702149,1.6969491145911757,0.9201341048957472,1.526166537767466,7.39,1.0362053686892885,39.47230063657221,-0.0352193995381062,0.027136258660508,0.6784554312522555,0.0,0.0,0.0,0.0
2020-05-12,0.2280654682049743,-1.162790697674421,1.4543531236598148,1.4751149497028784,1.6886061258041565,0.9282398318590204,1.634038110154007,7.79,1.0237783953008113,33.51955307262613,0.0278134360290971,0.0021394950791613,0.0550559735731326,0.0,0.0,0.0,0.0
2020-05-13,0.10708071208676,0.0,1.4512002104944322,1.4720829527135764,1.6844978890125235,0.95413438936557,1.6626441405202468,7.52,1.0154399205494096,3.0586236193712897,0.0141691713181623,-0.074423930156004,2.295805739514349,0.0,0.0,0.0,0.0
2020-05-14,0.1203369434416234,0.0,1.4503240795642731,1.4759690272057735,1.6828925957086829,0.9836292847487782,1.536336004421111,6.53,1.0700576417811318,42.91452111225006,0.0030714987714987,-0.0399262899262899,2.020516008703761,0.0,0.0,0.0,1.0
2020-05-15,0.3205128205128416,0.0,1.4489198288706269,1.4806681265532031,1.6804028195214926,0.9780764035604198,1.391157420444945,5.83,1.0389698880378115,45.412155861005694,0.0538073504684122,-0.0076867643526303,0.2804557405784399,0.0,0.0,0.0,1.0
2020-05-18,0.2928647497337566,-2.352941176470591,1.4545870579320572,1.4933488214775728,1.685636230364906,1.0820600405772516,0.8127878623679219,3.18,1.033140776807673,18.514840406778543,-0.0555695095678621,-0.1952857685971359,677.3626373626374,0.0,1.0,1.0,1.0
2020-05-19,0.3583753650119314,0.0,1.4597066518147748,1.5055442510498445,1.689781216211457,1.1305652826413206,0.816008316008316,3.16,1.071643449073291,6.698415147449812,0.029900890307408,-0.179573324374265,31.07558139534884,0.0,1.0,1.0,1.0
2020-05-20,0.1719349292421679,0.0,1.4631434624685924,1.5156416315448955,1.6915725609547745,1.1682300874990146,0.9881422924901184,3.86,1.081646195439718,538.88244072287,0.0293958031837916,-0.2100217076700434,13.618768328445748,1.0,1.0,1.0,1.0
2020-05-21,0.1056245048851378,-3.61445783132529,1.4644964651761054,1.5233542412591288,1.690823849542662,1.144658446886283,0.7695961995249406,3.16,1.0660577430911538,33.74611264570064,-0.0646185355862775,-0.0102918586789554,1.3819181849432796,0.0,1.0,1.0,1.0
2020-05-22,0.1187021893959361,0.0,1.4689451757904337,1.5342587915143653,1.6934960243358326,1.1828171385528825,1.1365678346810422,4.74,1.078601131970815,12.25909967729738,0.00646633701027,-0.2116774438950171,8.261272963444053,1.0,1.0,1.0,1.0
2020-05-25,0.2766433934922929,-1.2499999999999956,1.473728383909549,1.545208021828564,1.6961864234357074,1.2028839410939691,0.9001529386060738,3.75,1.085511583651441,23.735387137622524,0.0409801436417406,-0.1354034643008027,3.787296898079764,1.0,1.0,1.0,1.0
2020-05-26,0.2364687335785431,1.265822784810133,1.4810256137691726,1.558282944490659,1.701393029342846,1.238372030208412,0.7601572739187418,3.04,1.082338992254663,3.441368085888973,0.0230079155672823,-0.0618469656992084,1.3574241371322675,1.0,1.0,1.0,1.0
2020-05-27,0.4193971166448262,1.2499999999999956,1.488659291523446,1.5716171696183214,1.7065322967365737,1.2778055818807168,3.1118747613592976,13.58,1.1053950225488558,24.975573657707542,0.038291083141287,-0.1282574011700053,2.881322182397452,1.0,1.0,1.0,1.0
2020-05-28,0.2349256068911343,0.0,1.4966937260330355,1.585080414448026,1.711817772130745,1.2925512925512928,3.454179254783485,16.72,1.106394593456075,10.14291550890403,-0.0689988938053097,-0.0107853982300884,0.1567366623128705,1.0,1.0,1.0,1.0
2020-05-29,0.1041666666666607,1.2345679012345512,1.50611249815991,1.5998102462144836,1.7186348867586254,1.2415161000402888,3.441462695370097,19.42,1.150540777550424,29.670602608596543,0.0160412281338462,0.0253320751977934,1.3292706151209293,1.0,1.0,1.0,1.0
2020-06-01,0.0910509885535981,0.0,1.5114075734399497,1.6101645409964918,1.7206726194610398,1.205727204220045,3.1032719836400817,20.51,1.1062581531624422,5.11596895193926,-0.0156130023035577,-0.0190683388789352,0.3542979431696588,1.0,1.0,1.0,1.0
2020-06-02,0.2988953866146948,0.0,1.5167135806594998,1.6202692610797649,1.722531800831545,1.1780046943647562,2.754653130287648,20.79,1.064561202879811,160.58978168934175,0.0370175207482545,-0.0168620735081016,0.2516959984269,1.0,1.0,1.0,1.0
2020-06-03,0.2591344908007054,-1.2195121951219412,1.517846979719021,1.6258989192143738,1.719741111030957,1.0120251462046568,0.3903870021437436,3.41,1.0362305695335163,14.68744600203674,0.0402802984472676,0.1393930227868522,7.496272197370204,1.0,1.0,1.0,1.0
2020-06-04,0.5040062031532733,1.2345679012345512,1.5206913774800903,1.6331847414080485,1.7188859367328653,0.9402420425059916,0.3908202681208816,3.62,1.0597575048992731,5.526914826183208,0.0476767676767676,0.0451178451178451,0.7461024498886414,0.0,1.0,1.0,1.0
2020-06-05,0.167159573100184,1.2195121951219523,1.5234516090859973,1.6403346173588986,1.7180729294715822,0.8817963174703307,0.6417233560090703,6.33,1.0645548911585432,5.491839488619215,0.0331270476883873,0.1370222060429559,4.3600139001505855,0.0,0.0,1.0,1.0
2020-06-08,0.1026957637997316,0.0,1.5276207149669532,1.6490723123099826,1.719047540308977,0.9047441751092472,0.5765067790816908,5.48,1.0437013158621635,0.3615695008894607,0.0026178010471204,-0.0364996260284218,1.048447738747449,0.0,0.0,1.0,1.0
2020-06-09,0.2436522185175649,-2.409638554216853,1.5329834184138702,1.6591122640455933,1.7212850939496356,0.913232230809664,0.4729495904948668,4.37,1.0897797478629414,17.724733587286707,-0.0668300653594771,0.0441176470588235,1.2295081967213115,1.0,1.0,1.0,1.0
2020-06-10,0.063963157221436,-1.2345679012345734,1.5362156083874852,1.666679169435718,1.7212097075945656,0.9375241629938916,0.5446293494704992,4.82,1.1588485860980156,2.834071372753316,-0.007698306360557,0.0838539706435829,3.116083916083916,0.0,1.0,1.0,1.0
2020-06-11,0.1406289951419115,0.0,1.539539948337379,1.6696662575066372,1.7211326214508005,0.9623687896989118,0.4743454267934718,4.03,1.1402077627331997,2.966723254165767,-0.0072733150153547,-0.1364150638435429,3.9656995183836488,1.0,1.0,1.0,1.0
2020-06-12,0.0765990042129516,-1.2499999999999956,1.542812049871681,1.6711705167716704,1.7211834351487767,0.8780133298908938,0.5571881979546256,5.16,1.153354714414586,6.975992377452217,0.0241290018832391,0.1563088512241054,3.713127359150007,1.0,1.0,1.0,1.0
2020-06-15,0.0510269166985599,0.0,1.5423051959029936,1.6679011066246736,1.7170773583437775,0.8823923573219995,0.5379599441080578,5.01,1.170833178559489,1.2938604142679353,-0.013198872905235,-0.044490582826635,1.372683596431023,1.0,1.0,1.0,1.0
2020-06-16,0.0127502231288989,0.0,1.5390972904875593,1.6616143968469164,1.7102878832804589,0.8904254297512725,0.5759705103098721,5.39,1.0686511436528638,1.454905212925376,0.009130335539831,0.0126683405615156,1.0461828463713478,1.0,1.0,1.0,1.0
2020-06-17,0.0892401835798084,0.0,1.534429522773038,1.6538249197017811,1.7019506788617065,0.881688018085908,0.5392381826525929,5.15,1.1175714548013953,20.169653227144448,-0.0486797647353272,0.1366537354523839,16.904024767801857,1.0,1.0,1.0,0.0
2020-06-18,0.1018978474079723,0.0,1.5319200192752778,1.6483931109189378,1.6960544608266654,0.8897996445463109,0.5148063781321185,4.93,1.1440316145436675,4.416643653462759,0.0908030332490764,-0.2204938751701341,63.17548746518106,1.0,1.0,1.0,1.0
2020-06-19,0.0254485303473606,0.0,1.5264364590488435,1.639807268281762,1.686897391006056,0.9118992687600204,0.5696707303178762,5.36,1.126251179662122,1.6501580343655975,-0.0116287737607156,0.0859485650391353,6.169074371321562,1.0,1.0,1.0,0.0
2020-06-22,0.1653733621676645,0.0,1.520588582436882,1.6309295550917366,1.677439156509008,1.0242286431175756,0.6064034393030886,5.13,1.094001885614883,5.075164073797451,0.0851099267155229,-0.0221518987341772,0.5443012072846327,1.0,1.0,1.0,0.0
2020-06-23,0.0508001016002124,0.0,1.5154072868360495,1.6229613982506934,1.6688853910047103,1.0368051042712825,0.5586717522997532,4.73,1.0837862640382223,1.229512072862776,-0.0158439975624619,-0.0676416819012797,1.7657586001193082,1.0,1.0,1.0,0.0
2020-06-24,0.0507743082000411,1.265822784810133,1.5091984998911927,1.613942307764895,1.6595188303962982,1.0968577843274945,0.5195429945880938,3.9,1.045236615466572,4.7280521395042046,0.0590461771385314,-0.1170325510976532,2.710853936524636,1.0,1.0,1.0,0.0
2020-06-29,0.1014970819589011,0.0,1.5040451835562147,1.6061713550843422,1.6514881422940433,1.1140393623263354,0.6017039403620873,4.03,1.0309024143504837,2.571248734653618,0.051071371032705,0.0041888190752376,0.0895470983296022,1.0,1.0,1.0,1.0
2020-06-30,0.0506970849176058,-6.25,1.499168397461151,1.599166808347881,1.6438266781210884,1.1065037319770985,0.6525384967220613,3.86,1.0364523793983862,0.7330791992109397,0.0091307956836238,-0.1147871457369856,4.675199227239797,1.0,1.0,1.0,0.0
2020-07-01,0.3546997719787281,0.0,1.495315348709129,1.5930744937491312,1.637126540845935,1.11189119794592,0.8113444623945432,4.08,1.0281539775696296,1.3093310057533598,0.0246920393276244,-0.2161433555344116,9.313290058079946,1.0,1.0,1.0,0.0
2020-07-02,0.2650845746023922,5.3333333333333455,1.487441471296996,1.5827970380723304,1.6261951333236602,1.1178524354291808,1.7073170731707317,7.31,1.0607996962372408,9.630316293655657,0.080681232655428,0.0936089135567245,8.50423330197554,0.0,0.0,0.0,0.0
2020-07-03,0.3651013470980624,3.797468354430378,1.483918929215514,1.5771333136321453,1.620003936881383,1.1193305238290674,1.163173037402384,5.06,1.050574033833799,5.709477402333048,0.067296217506356,-0.0483059201992424,11.50092649783817,0.0,0.0,0.0,0.0
2020-07-06,0.1379829402910148,0.0,1.4807691986624374,1.5721607918861598,1.6145487632886062,1.179635270382531,1.0916414904330312,4.54,1.0412289209398369,0.0430588736803352,-0.0005897385492431,-0.1568704540986829,43.13513513513514,0.0,0.0,0.0,0.0
2020-07-07,0.4509582863585049,0.0,1.480455927317427,1.5699869487781704,1.6119661419030038,1.2438380623374603,0.8936951642521934,3.42,1.0434822541738733,1.6771909167077967,0.0181392627267407,-0.0824511942124581,6.825187142228094,0.0,1.0,0.0,0.0
2020-07-08,0.972689861578746,0.0,1.481613564438869,1.5686727710009114,1.6102625061792115,1.3610671918048154,0.7456503728251864,2.5,1.050134764262423,2.534484697019684,0.0308430431802604,-0.1520008435704117,8.31195041084042,1.0,1.0,0.0,0.0
2020-07-09,0.6175126590095115,0.0,1.480099936296191,1.5642426856552818,1.6056141451966677,1.483085051735525,0.7375,2.19,1.0199227334965506,0.3826491704545023,0.0055529362460055,-0.0914139032950914,3.7844285404467577,1.0,1.0,0.0,0.0
2020-07-10,0.908309807291019,-1.2195121951219412,1.4799635068284784,1.5606728880710858,1.6018519518382903,1.338946614116804,0.8191556395715186,2.61,1.0303929558608371,0.2040964301923071,-0.0037372147915027,-0.003409388932599,0.1001155179052753,0.0,0.0,0.0,0.0
2020-07-13,0.158131614158874,0.0,1.4773537929510967,1.5544932790615575,1.5954779476053746,1.3454052399072738,0.8163265306122449,2.52,1.019286373218074,2.6498549862868006,-0.0546052631578947,0.0385690789473684,1.1395942169845703,0.0,0.0,0.0,0.0
2020-07-14,1.0444498421180448,-1.2345679012345734,1.477003323001202,1.5505948848162412,1.5907036683788998,1.3237334150347655,0.8034006376195537,2.43,1.0599585399831477,2.599285558488902,0.0670276325616131,-0.0210044809559372,0.4599345870809485,0.0,1.0,0.0,0.0
2020-07-15,1.3221153846153744,0.0,1.4767967813780751,1.545830136470339,1.5850482988012744,1.2549605645496056,0.7941618373041426,2.45,1.1226599975104918,0.8350970893154892,-0.0328083989501312,0.1302128900554097,2.0789197997904783,1.0,1.0,0.0,0.0
2020-07-16,0.9964412811388046,0.0,1.4803885315752,1.5467393830655831,1.583637566644432,1.2588091558583416,0.7425202009172309,2.19,1.1099962305789963,2.6543791387990634,-0.0672069151809832,-0.1770934629929767,3.1699061986268253,1.0,1.0,0.0,0.0
2020-07-17,0.3758515386422356,0.0,1.4854188213331383,1.5492227312958995,1.5838787040081843,1.2083609611316346,0.7702523240371846,2.27,1.108244985199126,2.4306196201825387,-0.0566834999484695,-0.070184479027105,1.1243189697870233,1.0,1.0,0.0,0.0
2020-07-20,0.6318745611982202,-1.2499999999999956,1.4888668770424505,1.549636805950064,1.5820346790264357,1.366712701912879,0.9244444444444444,2.32,1.0933161146454116,1.2345122462921283,0.0363908954613602,0.075507700695107,1.0627277958948782,1.0,1.0,0.0,0.0
2020-07-21,0.6395348837209269,0.0,1.492028545869006,1.5493107159185175,1.579590252773344,1.3106706392920249,1.4126394052044609,3.64,1.0435131350893694,0.1769287165259161,0.0028384899233607,0.1112688049957422,3.1325541903905703,0.0,0.0,0.0,0.0
2020-07-22,0.6239168110918625,-1.2658227848101222,1.4957698912842334,1.550742442748168,1.5774849893330454,1.301775147928994,1.3878080415045395,3.55,0.9793548349294984,1.0001060321840405,-0.0172056571480046,-0.1045851725069813,2.1034513995832955,0.0,0.0,0.0,0.0
2020-07-23,0.4133654839820977,1.2820512820512775,1.4993612676134287,1.5517148728389276,1.5749878627059883,1.3163001745200698,1.3427109974424554,3.34,0.9793025190747174,5.372260161298288,0.1391060913215561,-0.1737619461337967,2.9043969342476803,0.0,0.0,0.0,0.0
2020-07-24,0.6861063464836947,-1.2658227848101222,1.505792635799765,1.5552133939604085,1.5748514520984167,1.2852502684116822,1.3032581453634084,3.3,0.9872223130650096,0.1010183661491495,-0.0014782403027436,-0.1358207190160832,3.3005244629642934,1.0,0.0,0.0,0.0
2020-07-27,0.7609312890403119,0.0,1.5085439368747018,1.5545289635049675,1.570456062079405,1.1283452757873689,1.6048387096774193,4.7,0.9866440467589356,4.802680840698783,0.0382085812715314,0.0576521557573859,3.764485344239946,0.0,0.0,0.0,0.0
2020-07-28,-4.283137962128036,1.2820512820512775,1.5106814094175616,1.552772859364985,1.569028374973544,1.2830892592280738,4.084507042253521,12.3,0.9761991480650808,0.0662296064553997,0.0004016386858382,-0.1178207084906418,7.05380222422603,1.0,0.0,0.0,0.0
2020-07-29,1.2600094206311807,0.0,1.512019820337684,1.5500122238332297,1.5660850694297692,1.259757264440751,0.6115897955735766,1.81,0.9478870460427814,2.6482304998594044,0.0420786279930649,0.0131671430579635,0.3748916016276433,0.0,0.0,0.0,0.0
2020-07-30,3.5469240609373287,1.265822784810133,1.5175728508610156,1.5509052056677166,1.5652335980480176,1.346385505518173,0.7607747339033327,1.97,0.9574978881028342,6.1668335956503055,0.0823493446444266,-0.1704688753869081,4.10924834193073,0.0,0.0,0.0,0.0
2020-07-31,0.943396226415083,0.0,1.5227033119105884,1.5510155397874392,1.5645041425897623,1.514576444837703,0.9842931937172776,2.17,0.9466514004080044,1.729337659858751,-0.0213046136481211,0.0518271175281004,1.119975608516693,0.0,0.0,0.0,0.0
2020-08-03,0.6898086337338682,-2.500000000000002,1.5322522648370247,1.556062971324937,1.5687908796579564,1.6689421115760266,0.5764098914783846,1.07,1.0005482726510575,53.90825827612641,-0.0781914206924726,-0.0760494331528955,3.544364051789794,0.0,0.0,0.0,0.0
2020-08-04,1.0055248618784596,0.0,1.5423430046257671,1.5611667062726535,1.5733659053965463,1.9560969052764363,0.2558479532163742,0.37,1.0176026231132915,86.23308711383113,-0.0425577027927545,0.0134185497061852,0.4659479358401262,0.0,0.0,0.0,0.0
2020-08-05,0.284432775407506,2.564102564102577,1.5512515518045875,1.5656338125404718,1.577602655257012,1.816956963211748,0.3527009467235938,0.51,0.966771609002476,2.21988849329338,0.0040215662011666,-0.182296270107831,4.0726662388310215,0.0,0.0,0.0,0.0
2020-08-06,0.5781607941529376,-1.2499999999999956,1.5604253026936998,1.570391300310677,1.581920856977621,1.7542493114863549,0.2651515151515151,0.37,0.9394411830602012,0.0,0.0,-0.1607175769490692,2.4763347216963267,0.0,0.0,0.0,0.0
2020-08-07,0.3253796095444627,0.0,1.5711582284136,1.5771140263854322,1.5882799632331523,1.6865816705734378,0.0039323633503735,0.01,0.9688593775592824,7.533032346840905,-0.0382096069868995,-0.1272197962154294,1.5317209954433928,0.0,0.0,0.0,0.0
2020-08-10,1.2972972972973065,0.0,1.5835658170621985,1.5845546003341648,1.5953882519213756,1.5725483452929656,0.0,0.0,0.9324911953895858,33.89192242515552,0.04961625770187,-0.0130796670630202,0.1033569659178269,0.0,0.0,0.0,0.0
2020-08-11,0.4482390608324449,0.0,1.5938195986192734,1.5894808685408706,1.6008937536967067,1.504710740488313,0.0,0.0,0.8639778382946756,2.6798358118895416,-0.0149618619205945,-0.1131429689027967,0.9504641419535036,0.0,0.0,0.0,0.0
2020-08-12,0.1062473438163902,3.797468354430378,1.6037805176817097,1.5949909700569411,1.607143927519905,1.4778113872190528,0.0,0.0,0.912370694150777,80.83096430790616,0.0387066196218863,0.0424982884828058,0.6606090373280944,0.0,0.0,0.0,0.0
2020-08-13,0.1485884101040113,0.0,1.6118752580193303,1.596770524213525,1.6112028127508309,1.420835945433682,0.7354895879486044,0.86,0.9406702866064618,59.92427750388065,-0.0241882283955141,-0.0013193579124825,0.0157818596291263,0.0,0.0,0.0,0.0
2020-08-14,0.1271725307333771,0.0,1.6208984648971745,1.5992689728337,1.6160305261975378,1.414285163465819,0.9523809523809524,1.08,0.9380399692683368,100.97215477510191,-0.0336797066014669,-0.1169315403422982,1.5913155596223432,0.0,0.0,0.0,0.0
2020-08-17,0.1270110076206476,-3.658536585365846,1.6289226245525383,1.601291673382773,1.620364349368192,1.370641533856484,1.3427713427713428,1.54,0.8619884765544934,17.342096423739836,-0.0882756256427836,-0.0311107302022626,0.2908653846153846,0.0,0.0,0.0,0.0
2020-08-18,0.8879492600422978,0.0,1.6405730648190098,1.6112510791098376,1.6279118227737404,1.334414268342116,1.6105107014197924,1.85,0.9099932122323108,8.215519173303791,-0.0444906444906444,-0.0786902286902287,1.0798088581413594,0.0,0.0,0.0,0.0
2020-08-19,1.770746018440894,0.0,1.6561423629057803,1.6225149772369662,1.638026775118366,1.3118223848307855,1.7661691542288558,2.03,0.9887363615259614,11.744795579281623,-0.1032473258444197,-0.1065444925813748,1.8739042481456507,0.0,0.0,0.0,0.0
2020-08-20,0.23679604653557,0.0,1.6772888162043906,1.6401448060296389,1.6536039374721578,1.2253734182374842,1.1457244407275768,1.35,1.025286231468893,3.953747280467517,-0.0439427117239746,-0.0722021660649819,1.6105610561056103,0.0,0.0,0.0,1.0
2020-08-21,2.8759244042728005,0.0,1.6972868422084235,1.6547305626995243,1.6658190521620608,1.1845752581901543,1.3397328881469115,1.58,1.085582678742295,0.5039120969165373,0.0124881227093796,-0.0860594543233337,0.8663865259130198,0.0,0.0,0.0,1.0
2020-08-24,6.839057507987234,0.0,1.7280829561293136,1.680517580664857,1.6823866261713267,1.161546130015222,1.40892743812143,1.62,1.074823348163364,2.270686439873326,-0.1451231743569859,-0.0398087113868424,0.1937838177928778,0.0,0.0,0.0,1.0
2020-08-25,6.457340435473324,-1.2658227848101222,1.7652920156251857,1.7066445651966773,1.6958015059541574,1.1150707103960056,1.837474120082816,1.75,1.058560738663232,0.8890449699580907,-0.0507318146803125,-0.156817431495543,1.0421999561178965,0.0,0.0,0.0,1.0
2020-08-26,2.74754213483146,0.0,1.8069877683064903,1.7348361369055385,1.7115072075167206,1.0973395647433009,1.6537982565379823,1.61,1.052182251305648,0.9831780653718448,0.0688486112922154,-0.1968965966879645,1.0364828225280571,0.0,0.0,0.0,1.0
2020-08-27,5.433575395130297,0.0,1.8561346391440563,1.7658231540906448,1.7307791839329565,1.072652305708507,1.6214908034849953,1.62,1.0360746140830948,3.5114974649668422,0.2383958410694392,-0.0247555390518628,0.1607975558771506,0.0,0.0,0.0,1.0
2020-08-28,0.3565351268130623,2.564102564102577,1.9061367042608488,1.797933724173388,1.7521011487638098,1.0478031168407311,1.521478281737461,1.54,1.0412783968297563,0.5887955890904485,-0.0343158347676419,-0.1920180722891566,1.2858840903360589,0.0,0.0,0.0,1.0
2020-08-31,3.068227694792092,0.0,1.954976280194345,1.826707291939312,1.7678935471494033,1.0568803468179055,1.548030407740152,1.6,1.036036588958501,5.423723402441366,0.1003827301416773,-0.0902437386691734,1.0589347620548375,0.0,0.0,0.0,1.0
2020-09-01,3.439091265178207,1.2499999999999956,2.006090025238088,1.8561798878494973,1.784175371043219,1.053267948548203,1.5467703607690646,1.7,1.1129544699887153,10.864754840488724,0.1323933345541109,-0.0275590551181102,0.2304041641151255,0.0,0.0,0.0,1.0
2020-09-02,2.491669191154222,0.0,2.062460346172313,1.8872091647184777,1.801472773228253,1.0982877941886522,1.4484451718494271,1.6,1.1411960234017813,3.782235159587349,-0.0287466977119061,-0.1936596068598038,3.2854755393497417,1.0,1.0,1.0,1.0
2020-09-03,5.904086307544509,-2.469135802469136,2.127077664408381,1.92330916444984,1.820297944339563,1.1046236234541087,1.4048629872636047,1.62,1.132747468352901,5.690499900418246,-0.101201424287856,-0.1766116941529235,1.8075801749271136,1.0,1.0,1.0,1.0
2020-09-04,3.670108847334652,0.0,2.198190569528604,1.960283497747073,1.8422466551698693,1.1017444124289386,1.3128944995491434,1.61,1.1167266963722118,1.8221586117994468,-0.0279872965462485,-0.1140002646552865,1.3231962523518794,1.0,1.0,1.0,1.0
2020-09-07,3.217122089110247,0.0,2.2694055201612047,1.99763188894192,1.8616538080565068,1.0728919820267668,1.4175603217158177,1.9,1.1216598583869888,3.647871476263923,0.0651651900306367,0.0271590626811294,0.2563100726732828,1.0,0.0,1.0,1.0
2020-09-08,-0.2217005738132549,0.0,2.3388782045111007,2.035363831124072,1.8817894400561432,1.0677583678078963,1.2973989345032904,1.86,1.1058878495324074,3.3120515974333613,-0.0994222436206066,-0.0014443909484833,0.0098163524070514,0.0,0.0,1.0,1.0
2020-09-09,1.1175009802639968,0.0,2.40783728476308,2.071568295347516,1.900159462456572,1.057590876692801,1.168486279138389,1.78,1.0912729167079422,2.4485817254652,0.0792257900748826,-0.0143419215636502,0.0890851038669242,0.0,0.0,1.0,1.0
2020-09-10,0.5428811478058515,0.0,2.479702714779968,2.113059851011501,1.919956863852188,1.0515685279786695,1.105872267466781,1.74,1.0762499234345693,1.6859892945440589,-0.0452344152498712,-0.039361154044307,0.2968950375004857,0.0,0.0,1.0,1.0
2020-09-11,-0.1928392363566122,0.0,2.5493334652130133,2.1528863165300214,1.938736878403596,1.0475629253816845,1.106003621674328,1.78,1.0677038291087406,2.171105490254427,0.098936862660013,0.0075938381427641,0.0294303132226192,0.0,0.0,1.0,1.0
2020-09-14,0.8179300573194936,0.0,2.621440337558933,2.194097085046708,1.9589895406680344,1.0291968242461091,1.1606530388256278,1.92,1.0727380756049456,34.169781099839874,0.3001650907999399,0.0120066036319976,0.0685459686402193,0.0,0.0,1.0,1.0
2020-09-15,-0.0063881436054624,1.265822784810133,2.689901497025477,2.2287583948280387,1.978405905537556,1.0312487621426525,1.228094008966173,2.04,1.0536846359801617,14.777020050266792,-0.110084961662132,-0.0324016819193668,0.2372114078768673,0.0,0.0,1.0,1.0
2020-09-16,0.1724908963138149,0.0,2.753008281851315,2.259574239823904,1.994244672879233,1.0227034968871611,1.0596749965860988,1.76,1.040953636984507,4.135957889979253,0.0340291176986493,-0.0333274864058937,0.3859631303641258,0.0,0.0,1.0,1.0
2020-09-17,-0.0637755102041004,-1.2499999999999956,2.810366734319792,2.2842190041874946,2.006556002543863,1.01180907199874,1.0434314911926852,1.78,1.032709078967434,6.49619650472579,-0.1407975397232188,0.0001708525542456,0.001159420289855,0.0,0.0,1.0,1.0
2020-09-18,-0.1403956604977607,0.0,2.8657371408586085,2.3094098101230296,2.01992794171557,0.9936344570810892,1.024,1.79,1.0424391575996657,2.398697849738712,-0.0273734520964588,0.2034542689550293,2.6550428804309303,0.0,0.0,1.0,1.0
2020-09-21,0.1022494887525482,0.0,2.9150742732598096,2.3284132826348847,2.0335759953177344,0.982529277352622,0.994431185361973,1.76,1.0425630744492191,0.8527468559402838,0.02809843444227,0.0330724070450097,0.2479460093896713,0.0,0.0,1.0,1.0
2020-09-22,-0.0574565883554534,0.0,2.9622283233819493,2.350905035720032,2.051667802652486,0.9852067195348582,0.9135572965077678,1.61,1.065933982527912,5.638630107539122,-0.0902658662092624,-0.0970197255574614,1.3804148871262965,0.0,1.0,1.0,1.0
2020-09-23,0.5365697860108432,0.0,3.0080818906669013,2.374080164791916,2.070385354991225,0.9864976830547414,0.9398993910510988,1.65,1.044518213710918,4.847940919788018,-0.0539199640287769,-0.0159622302158273,0.241825613079019,0.0,1.0,1.0,1.0
2020-09-24,-0.6798398881758594,0.0,3.050562104138341,2.399884119503807,2.095899932263303,0.9817204621316428,0.8616118769883351,1.52,1.0242073992670462,20.70768895096884,-0.1056910569105691,-0.048438887750222,1.1572676079327513,1.0,1.0,1.0,1.0
2020-09-25,-4.497185261003067,-3.797468354430378,3.0821356869720327,2.422945111236042,2.1169661646329025,0.9706978978429444,0.959030430773284,1.72,0.9793077026101888,16.20628193692802,0.0454702627939142,-0.0351832641770401,0.7485057471264368,1.0,1.0,1.0,1.0
2020-09-28,-1.00475584432983,-1.3157894736842146,3.10510642582311,2.4412991917994327,2.1373763089869167,1.0157050148838376,1.0549680114897506,1.81,0.95983020328263,0.3222548742234489,0.0023184452778724,-0.038799863620866,1.1267326732673266,1.0,1.0,1.0,1.0
2020-09-29,-1.2585425265579486,0.0,3.1260422496656783,2.461235948366255,2.159260229904602,1.0304920178915598,0.7767245918904686,1.3,0.9473493079675978,4.989229237867128,0.0403913983388326,-0.0728751848902036,2.312274368231047,1.0,1.0,1.0,1.0
2020-09-30,-0.1233468101144441,5.3333333333333455,3.139350396929576,2.499960677949052,2.178100555928723,1.0223182145428364,0.7444828503057697,1.24,0.945011218604194,0.7178837123041292,-0.0076929783444267,0.0555920127496015,1.9246997728010384,1.0,1.0,1.0,1.0
2020-10-05,-0.0754716981132164,0.0,3.141250197454938,2.5310666492749974,2.1946695666772458,1.0246814617674642,0.6147596479350034,1.01,0.950615697612164,10.727206543298848,-0.0508665633366211,-0.0435395237424263,3.917177266004648,1.0,1.0,1.0,1.0
2020-10-06,1.0711343037627108,0.0,3.138023681540475,2.562818036188349,2.207965211959664,1.051492801349917,0.5673955161915306,0.88,0.927935696881288,2.8486256097168217,0.011126642437797,-0.1423539278725188,9.164866810655148,1.0,1.0,1.0,1.0
2020-10-07,2.649456521739136,0.0,3.138016901363616,2.5952369953212986,2.2242147512119845,1.0490581922451077,0.5767309064953604,0.87,0.9316735667733024,2.782633372287574,-0.0366410629022213,-0.2233755449449865,5.355898456943753,1.0,1.0,1.0,1.0
2020-10-08,0.6287227001985585,0.0,3.136783897695921,2.623839191669365,2.2367997205603034,1.0417438613297665,0.6545347813325506,0.97,0.9259678858452488,1.7682622371061574,0.0075436882665798,0.1425160099858895,9.729529455353836,1.0,1.0,1.0,1.0
2020-10-12,4.630055902663588,0.0,3.140904450565316,2.655609566316918,2.24926272238053,1.045172199988727,0.4894360845113239,0.69,0.9431998297991816,49.46353882524104,0.0509413067552602,-0.0104553449286691,1.1452015697467,1.0,1.0,1.0,1.0
2020-10-13,1.6594380539317388,1.265822784810133,3.1455463068628977,2.683402673805711,2.268164667813041,1.0483977999977503,0.4976377952755905,0.68,0.9238678526854074,18.14333170118188,-0.1264726944184178,0.0372105474501405,2.3821765209940016,1.0,1.0,1.0,1.0
2020-10-14,1.7436468187720378,1.2499999999999956,3.156062522930112,2.714923515870841,2.288330269172844,1.0930380951314802,0.4947575360419397,0.62,0.8939198001331712,3.0084181338746085,0.016532217906583,0.0182750722039637,1.6928044280442804,1.0,1.0,1.0,1.0
2020-10-15,0.7110300820419191,1.2345679012345512,3.166155220535164,2.7460259905432585,2.3081922521549147,1.0862995485814948,0.5644885391720834,0.68,0.924267689507994,8.310510272059863,0.075567521262926,-0.075322768157621,4.359837081636266,1.0,1.0,1.0,1.0
2020-10-16,0.0241370987207334,6.0975609756097615,3.1776204891253754,2.7775606942644293,2.328357449881867,1.0649155372813583,0.5656638443523689,0.65,0.9088216476840756,5962.608819750851,0.1107224253988445,-0.0054592675041077,0.3753644314868805,1.0,1.0,1.0,1.0
2020-10-19,0.2956081081081141,4.597701149425282,3.1883797360766666,2.808110889736496,2.3477577190152186,1.148421464392298,0.7673682249953436,0.79,0.8279190916488074,23.498547066194,0.1490824351878823,0.0978735799592193,9.801633605600934,1.0,1.0,1.0,1.0
2020-10-20,-0.2165413533834703,5.494505494505497,3.198626949149136,2.838466235175292,2.368450764156284,1.1344534155539878,0.7868852459016393,0.78,0.8428022412633986,2.8588158111857243,0.0293660410557184,0.1221700879765396,30.95096582466568,1.0,1.0,1.0,1.0
2020-10-21,-0.1446741816866437,1.041666666666674,3.2034092190733183,2.8638053660588048,2.3849676454736364,1.1296955693310458,1.509724629308685,1.5,0.8534955165836148,3.9497425186789896,0.0200446883745146,0.0842788033928455,116.66666666666669,1.0,1.0,1.0,1.0
2020-10-22,-0.9598551162088742,2.061855670103085,3.203983791168516,2.886860619783267,2.40048733946988,1.0456855834985506,1.5260736196319018,1.63,0.8736048067910658,0.4023422729981127,-0.0034519279015014,0.0116175846231039,7.543859649122807,1.0,1.0,1.0,1.0
2020-10-23,-0.3596245276118459,0.0,3.198700947046656,2.905278897402554,2.410577945816361,1.0132374431752822,1.5977337110481586,1.78,0.8624340414619421,2.070217521010516,-0.021702984160322,-0.0026691170035879,0.7429963459196103,1.0,1.0,1.0,1.0
2020-10-26,-0.2141065638955108,2.020202020202011,3.188297439449395,2.9200260684660084,2.4184677570561925,1.012180673275217,1.7138626688876553,1.94,0.8678702779826375,0.5265520201788851,0.0036202631311592,0.0,0.0,0.0,1.0,1.0,1.0
2020-10-27,-0.1164786660127537,0.0,3.1785914258100854,2.935116165028683,2.4226428434519267,1.0219534805326145,1.5143793228977067,1.72,0.8954308681613111,0.5634415531653553,0.0085554990248452,-0.133257016874417,96.70769230769233,1.0,1.0,1.0,1.0
2020-10-28,0.0368256306389369,0.0,3.181617641631079,2.955146464978972,2.4307975089830665,1.0223334616865614,1.0175763182238668,1.13,0.9240456882331632,0.6631623879201077,-0.0112158390816702,0.0331209520299089,32.590673575129536,1.0,1.0,1.0,1.0
2020-10-29,-0.0613534572673324,0.0,3.1910244625942825,2.9793969825322955,2.441680650079955,1.0308883443705852,0.8500861573808157,0.9,0.973493304785653,0.402313879541477,-0.0076285039656111,0.0374159956408548,7.857596948506039,1.0,1.0,1.0,1.0
2020-10-30,-0.2087298176683516,1.980198019801982,3.1960953490604016,2.9985381277403653,2.448567833681511,1.0433993836773916,1.0279114533205005,1.06,0.9489302751258408,1.9470917632817493,0.0364843464490193,-0.0045681569009623,0.5397625044980209,1.0,1.0,1.0,1.0
2020-11-02,-0.3629652414641637,6.796116504854366,3.1937810038716967,2.988812766018256,2.4499545552662205,0.8414884607461448,2.574011700053182,3.59,0.9637392826438368,5.549205682576192,0.0279577402291065,0.0617023015752536,14.147255689424364,1.0,1.0,1.0,1.0
2020-11-03,0.129661644850576,2.7272727272727115,3.195054446320648,2.9824605774939545,2.452756989124272,0.8775976703163652,2.1172584640792733,3.05,0.9791937556445316,3.742844841958804,0.0716591353395506,-0.1114956895170336,14.14802765351769,1.0,1.0,1.0,1.0
2020-11-04,-0.0061663686255153,2.6548672566371723,3.1912791730975347,2.971428608084587,2.45482167967278,0.8497293527782037,2.060717571297148,3.32,1.011511832813711,0.6625717838218526,0.0151311783499342,-0.0793084006765645,7.88195741501681,1.0,1.0,1.0,1.0
2020-11-05,0.2405032067094303,0.8620689655172376,3.183135270332848,2.959085044431969,2.4561609973174803,0.8465261639893344,2.06583427922815,3.64,1.0057093936010828,0.0159813478492981,0.0004501462975467,0.0777402655863155,3.740929275425106,1.0,1.0,1.0,1.0
2020-11-06,0.3383574284835378,-1.7094017094017144,3.177000784973841,2.949193822132559,2.459327124564319,0.7791447608752774,2.1218074656188604,4.44,0.9991174376488436,0.6525046457579813,-0.0177533599709407,0.1648656011623683,7.093182262160578,1.0,1.0,1.0,1.0
2020-11-09,1.8454935622317807,1.7391304347826209,3.1648467682509005,2.936151914827426,2.461092460688968,0.7951293417877785,2.061682467298692,4.66,0.993058554784862,2.826397630967892,0.0557578516158397,-0.0238311983874114,1.4919601058416443,1.0,1.0,1.0,1.0
2020-11-10,0.156522786105584,-2.564102564102566,3.146797360067713,2.9196045109249,2.454592900396447,0.6972439235159166,2.187602135308857,6.32,1.0038967941170895,4.933610224431654,-0.0688394354318599,0.1272510790296175,7.125,1.0,1.0,1.0,1.0
2020-11-11,0.0420748933100956,0.8771929824561431,3.123496228323998,2.8996927027769823,2.446910434053808,0.6976140846834435,2.0855243575751565,6.74,0.994020681592438,1.079806828851041,0.0247770090262038,0.0508966559306533,1.6717821458891138,1.0,1.0,1.0,1.0
2020-11-12,-0.0480653689016952,0.0,3.0990289171723635,2.879852493982279,2.4393760075903743,0.6674151496927941,2.1176046176046177,8.04,0.9987478066835076,0.4002329622577371,0.0099993823347745,-0.0010452796122962,0.0266311584553928,1.0,1.0,1.0,1.0
2020-11-13,0.1021880259677754,1.7391304347826209,3.07746994020354,2.8626261085419515,2.433101923838005,0.6830476591071074,1.7679926611625387,7.25,1.0564423300314698,1.7648217046380268,0.0583812898146159,0.0614845036146303,0.982612674445207,1.0,1.0,1.0,1.0
2020-11-16,-0.0360295442262681,0.0,3.0544222329305257,2.844487265437386,2.427874690545539,0.6845861164724178,1.7201799286489838,7.79,1.050965166727344,1.6910918013281169,0.0400985906345391,0.0118204845099694,0.2276992368322282,1.0,1.0,1.0,1.0
2020-11-17,-0.3424040367633774,1.709401709401703,3.03104442638514,2.826162648606082,2.4203339080795585,0.7472114095864815,1.5820029027576197,7.2,1.032947800445138,2.692003088479229,0.0522993671511915,0.0895382181350736,2.3049509991090744,1.0,1.0,1.0,1.0
2020-11-18,-0.0482218203737283,0.0,3.011576080367939,2.8112192378271046,2.415507443411523,0.7346152281786382,1.529971718286542,7.68,1.0325744253357512,1.114161323720216,-0.0178770395701025,0.1250610649731314,3.558273681284314,1.0,1.0,1.0,1.0
2020-11-19,0.1990109757568525,-0.8403361344537785,2.9948657651303505,2.7973059451314244,2.410638629773243,0.7784359387128872,1.4985893314087002,7.64,1.0260436604350418,0.0498216855268272,0.0013968413978494,0.1859038978494623,2.715170848414208,1.0,1.0,1.0,1.0
2020-11-20,-0.2527836292506857,0.0,2.9803278224322867,2.785527745233453,2.410258985668686,0.8624024828348532,1.4042793499403905,6.9,1.0217361279073311,2.0476540755925625,-0.0457323353704593,0.0049440362562658,0.0876232201533406,1.0,1.0,1.0,1.0
2020-11-23,-0.3560007240692719,0.0,2.9662692359385154,2.774327122990805,2.409502054919224,0.9189559361305324,1.3622402890695573,6.66,1.0181553849957747,3.769398536164577,0.0646463227895174,0.0342564641029006,0.909566126502875,1.0,1.0,1.0,1.0
2020-11-24,-0.187719510718165,0.0,2.948569291400796,2.7597307809177147,2.4060205394389653,0.9528328955790496,1.272485395338076,6.37,1.0226750298186449,1.7944384639521704,0.0474728545305504,-0.0463459234504067,0.7490445859872611,1.0,1.0,1.0,1.0
2020-11-25,0.230540556937453,0.0,2.929633444345652,2.7440307060308244,2.4014868322763805,0.9455361269884216,1.2114184749599692,6.54,1.0196103571405677,2.713831865283572,-0.0655248900503537,0.0391994390974568,0.6271990209576258,1.0,1.0,1.0,1.0
2020-11-26,0.1452696568004174,-0.8474576271186418,2.9075415909024707,2.7257447698354733,2.393981621438323,1.0369642595513269,1.1724464558227647,6.17,1.0213849593712032,1.9943096336585728,-0.054753743629949,0.0659349274794198,0.8480387213875163,1.0,1.0,1.0,1.0
2020-11-27,0.2719854941069854,0.0,2.8862388928737293,2.7074438204506457,2.3855595512011862,1.0639096421576102,1.1641701015381525,6.38,1.0181265755503963,0.8463213506092542,0.0175514760605308,0.1329074671297444,1.9435878831851987,1.0,1.0,1.0,1.0
2020-11-30,0.1205545509342931,1.709401709401703,2.870300544996069,2.6934662307860733,2.3807398337938075,1.1989463289996865,1.255622921963622,6.28,0.9924610286496228,4.543132204990924,0.0169387935894338,0.0236369493436417,1.9008041448540125,1.0,1.0,1.0,1.0
2020-12-01,-0.0722456351595401,0.0,2.853893870341081,2.6791922015580587,2.3763455801587567,1.3159675631526748,1.1950640721404842,5.58,0.9723128637456754,4.092560073652073,-0.0233531433777851,-0.0880891244926695,2.1397314018409537,1.0,1.0,1.0,1.0
2020-12-02,-0.0843475117483949,0.0,2.839003819485125,2.6665613542506126,2.37118356799259,1.3496099000685098,1.2224983890269725,5.69,0.9506727606407,4.339543469008609,0.026722142535142,-0.095037088643908,2.357665717771452,1.0,1.0,1.0,1.0
2020-12-03,-0.1808972503618,0.0,2.8229274102475186,2.6533466399555072,2.365607403420822,1.462438003367157,1.2400607522558742,5.4,0.9520946853797204,1.540691153014611,0.0116860041136873,-0.0479151084517576,1.2115839243498818,1.0,1.0,1.0,1.0
2020-12-04,-0.1026942128790509,0.0,2.804481681235511,2.6384355298557423,2.358852483416603,1.5415279081162332,1.2578179291174427,5.2,0.9924794258440816,1.0790100445272857,0.0078861337187191,0.0389442458355518,1.4308670439460631,0.0,0.0,1.0,1.0
2020-12-07,-0.247928886738824,0.0,2.78749508624301,2.625696130608736,2.3561527551363204,1.6397007235548986,1.1578186764143326,4.45,0.9926966631106388,2.115369529630997,-0.005937906495173,-0.005570624434917,0.2571524739145069,0.0,1.0,1.0,1.0
2020-12-08,-0.2000484966052429,0.0,2.7715735581920065,2.6141816140653225,2.3532938670480843,1.5119745384315073,1.2597245912551485,5.18,1.0171503053193949,0.721993966042123,-0.0116762923351158,-0.0160427807486631,0.4736842105263157,0.0,1.0,1.0,1.0
2020-12-09,-0.0728907246552945,0.0,2.7554971414656544,2.602484298079012,2.349782123806645,1.5599267728642292,1.2336204433195903,4.81,0.9791618092048794,2.103607853503467,0.020560209190059,-0.0480511353477561,3.009097270818754,0.0,1.0,1.0,1.0
2020-12-10,-0.2492249711263716,0.8403361344537785,2.7384047764272315,2.59001682156278,2.3455104410391114,1.571589044284062,1.2297291859482515,4.62,0.986088115217056,1.3298693610002608,0.0084852907509157,0.095867673992674,6.370638014642958,0.0,1.0,1.0,1.0
2020-12-11,-0.2071907373552783,0.0,2.7207236925700715,2.5774614742081075,2.3414862146021003,1.535910673604786,1.1010048854112882,4.1,0.997680543031086,1.946230503513056,-0.0094801079685482,-0.0724386809059969,6.8688273751564894,0.0,1.0,1.0,1.0
2020-12-14,-0.3847093307278948,-4.166666666666674,2.70847296254615,2.570482989594921,2.340527483063723,1.4658699619556823,1.032390259279691,3.89,1.132208220267585,32.773966317713054,-0.0842581940470812,-0.0381970586759022,2.4367595260967017,1.0,1.0,1.0,1.0
2020-12-15,-0.4045853000674282,-7.826086956521728,2.695369692032556,2.562276720134313,2.337740730720463,1.3075715117586837,1.028705330990041,4.23,1.2306124787941606,19.852129824446493,-0.2353138705277515,-0.118245724478019,20.66941769830353,1.0,1.0,1.0,1.0
2020-12-16,-0.4493137194558905,0.0,2.681899941323346,2.5539656100973818,2.3349675373892214,1.2519256486234915,1.050514427167943,4.41,1.19286883677683,1.0741385996756236,-0.0142093682179889,0.1750663129973474,23.0019801980198,1.0,1.0,1.0,1.0
2020-12-17,-0.7604797823667742,0.0,2.6657102428238963,2.544026251202669,2.330862983626637,1.1843859192478488,1.1746781442827758,5.13,1.1622763292157394,0.6663748743346127,0.0061407573923569,0.1041414490748746,17.706725468577726,1.0,1.0,1.0,1.0
2020-12-18,-0.7912279608746964,0.0,2.6498290279252967,2.534700570448884,2.324659252920013,1.1723374837718683,1.1609953530205366,5.07,1.1532170736733074,1.55991773665066,-0.0180878506894912,0.0421421778411792,4.22275163787969,1.0,1.0,1.0,1.0
2020-12-21,-0.92313489073097,0.0,2.634280083087916,2.526259853717652,2.31924409698765,1.171693497371667,1.251696687332624,5.43,1.1406341056212692,0.2904434486802458,0.0046374367622259,0.0284871115393881,3.1036745406824147,1.0,1.0,1.0,1.0
2020-12-22,-0.3105786904988306,0.9433962264151052,2.619681938208424,2.518938962191088,2.3148065431790257,1.1392672061096465,0.9966946351385712,4.38,1.14329021317655,2.2565354040213794,-0.0417083897524779,-0.0301142826192926,3.445925007747133,1.0,1.0,1.0,1.0
2020-12-23,-0.6294506612411044,-0.9345794392523366,2.6038461074900447,2.5109763671535066,2.3103762686708023,1.1209330899575627,0.9477819020505244,4.15,1.1266573825100286,0.278384931268713,-0.0037501031116814,-0.040969708079373,10.40745052386496,1.0,1.0,1.0,1.0
2020-12-24,-0.2431377567342685,-0.943396226415094,2.584271993099412,2.497416698156477,2.302195095428538,0.9775868217121684,1.56173202727493,8.03,1.1112532564883633,3.0852887894366443,-0.0193840899300498,0.125848735358674,17.498573873359952,1.0,1.0,1.0,1.0
2020-12-25,-0.0769674812391763,3.809523809523818,2.565346896503425,2.484894760379045,2.2949341116857336,0.943052641307287,1.4817040598290598,8.05,1.0982367993807547,7.56790182406503,0.0493081924941842,-0.021441183889683,3.7280701754385968,1.0,1.0,1.0,1.0
2020-12-28,-0.1155401502021868,0.917431192660545,2.5489230550125126,2.474151030335424,2.28972357046106,0.9886758480469758,1.3771599324412107,7.23,1.064358588664269,2.5265516571206463,0.0315069144133441,-0.0163950007128261,3.453453453453453,1.0,1.0,1.0,1.0
2020-12-29,-0.1413790887475285,-1.8181818181818188,2.5340651042004767,2.4648947538911417,2.2854558106728904,0.988048392847028,1.2222186893898446,6.48,1.0673574950999,3.551317694173457,-0.0445949997795317,-0.0088187309846113,1.019108280254777,1.0,1.0,1.0,1.0
2020-12-30,-0.1287084110946579,0.0,2.518769526076592,2.4550172799442143,2.280792497849305,0.9910888006207692,1.200149784684516,6.39,1.0470967287180222,0.3494266197686988,0.0069751071862801,0.0600243168874384,2.6120857699805065,1.0,1.0,1.0,1.0
2020-12-31,-0.0966557123526001,-0.92592592592593,2.5052022747948888,2.412740025055552,2.2774395163537227,0.968350814353044,1.180442589239127,6.5,0.9902817442433056,1.6228521576685848,0.029567117964908,-0.0431060652055127,1.8940909697212216,1.0,1.0,1.0,1.0
2021-01-04,0.012899896800822,0.0,2.4909154016228032,2.370547889717248,2.2726812001837966,0.9812588690078128,1.2333102263479911,6.8,0.9840669218441414,1.339429491306927,0.0114647879037477,0.0097370124139554,0.9729570840681953,1.0,1.0,1.0,1.0
2021-01-05,0.0451438152972993,3.738317757009346,2.4721072660683783,2.3258054195535407,2.2630420934707245,1.088445092354196,1.2681404727561745,6.43,0.9668594889187636,5.579294281836791,0.0270404865449568,0.0540188525133005,5.183223893242957,1.0,1.0,1.0,1.0
2021-01-06,-0.225617224263519,7.2072072072072,2.452070117576132,2.280450156244353,2.251805895432896,1.058788779724868,1.34547962526582,7.14,0.9629382711934088,154.2752895729022,0.0559731953211475,0.0875489873455589,7.542525773195877,1.0,1.0,1.0,1.0
2021-01-07,-0.045225481328337,1.680672268907557,2.430971685620892,2.2343021519119155,2.2395286037417543,1.0848238190416617,1.2857705065497274,6.78,0.9510241569066074,27.84928714874445,0.0953225118685504,0.0023594962617619,0.0995323180237438,1.0,1.0,1.0,1.0
2021-01-08,-0.0840281817594212,4.132231404958686,2.4135900787245017,2.1910836498983928,2.2303943283067293,1.0473204600394632,1.1916139546446427,6.63,0.94303200160151,6.434576582821497,0.0240167130251294,0.047933051985421,2.6084687153389443,1.0,1.0,1.0,1.0
2021-01-11,-0.0646914219174732,1.5873015873015817,2.3905996718237703,2.1429939618818703,2.215782938236233,0.8841060680006507,1.1916916511357805,8.12,0.9389514540139942,5.556221081161056,0.0403844861297812,0.0084626665037272,0.3065346096386875,1.0,1.0,1.0,1.0
2021-01-12,-0.1165199378560188,3.90625,2.362903713652764,2.0905129090806103,2.196503334453564,0.8540155967580625,1.1972516913680995,8.77,0.94054548017625,3.9983533032192993,0.0235718347427198,-0.0276552401330734,2.2269428217383607,1.0,1.0,1.0,1.0
2021-01-13,-0.3110823071937885,1.5037593984962516,2.3287196054102783,2.0338881356373486,2.1707416454972144,0.9020927995754702,1.375387272080857,9.96,0.9545465834738432,3.82336794748964,0.0493667427866584,0.0171853382894671,1.0191775405298538,1.0,1.0,1.0,1.0
2021-01-14,-0.1300221037576321,-1.4814814814814836,2.297381132104218,1.979616304009324,2.1470848311211705,0.848211820343629,1.29075117486406,10.35,0.962201180661905,2.853920796510327,-0.0388833148558758,0.0179957237884067,0.9968744859351868,1.0,1.0,1.0,1.0
2021-01-15,-0.5468038015883359,0.0,2.26873560074392,1.927295471400809,2.125356946044227,0.8187172056002907,1.2307692307692308,10.58,0.9681305052662882,2.246132319328049,-0.0330913552919664,0.0980679931669994,4.095659163987138,1.0,1.0,1.0,1.0
2021-01-18,-0.7527163241262014,0.7518796992481258,2.237024180533179,1.8723003597388703,2.100478760684749,0.82693306365649,1.2234963725719634,10.8,1.0186593182236552,0.506504600436125,0.0067679568330393,-0.0085711320950503,0.4397827707379406,0.0,1.0,1.0,1.0
2021-01-19,-0.2572050385807434,5.970149253731338,2.202723289110478,1.8153429030235448,2.0721943812300605,1.0097779605967898,1.2049296742566546,8.93,1.0193106369140976,5.405700310412943,0.0742631809780395,0.0263776197487547,1.6845896063622268,0.0,0.0,0.0,1.0
2021-01-20,-0.2909283258397233,5.633802816901423,2.1673555926810564,1.7569802944454562,2.042829568143937,0.8964808541998969,1.188770743426614,10.31,0.976238738675524,2.5557165543961733,0.0505269422732837,-0.0604388360485921,3.701268742791234,0.0,0.0,0.0,1.0
2021-01-21,-0.4774535809018543,1.333333333333342,2.129898688019034,1.696381255597012,2.0111306680841023,0.903114186851211,1.1033407668824562,9.86,1.0136845671806771,0.8644094850222155,0.0314364536899455,-0.0171702162786858,0.587106243649091,0.0,0.0,0.0,1.0
2021-01-22,-0.6396588486140775,-1.9736842105263164,2.09774953059411,1.6428426776779628,1.9846458487528376,0.8910061792021297,1.0695279339840131,9.78,1.0753269921112467,1.1238185551998512,-0.0409538585262875,0.0536139128103742,2.4281053190682145,0.0,0.0,0.0,1.0
2021-01-25,-0.4425965665236009,0.0,2.068483305636875,1.5935641570306187,1.9612456818207888,0.9349588490757532,0.9783287063937848,8.55,1.0495686526908714,0.2469188744178155,0.0061392212258936,-0.0739466895958727,5.505761843790013,0.0,1.0,1.0,1.0
2021-01-26,-0.1414522430284281,0.0,2.04370210406245,1.548797250803878,1.9421754923671952,0.869569845166967,0.9510105023517536,9.03,1.048180600378546,1.7158859524120489,-0.0339972749049513,0.0056699558270883,0.4472566525093178,1.0,1.0,1.0,1.0
2021-01-27,-0.0607082630691424,-0.6711409395973145,2.0176656712384915,1.5027821441508542,1.9218300641443355,0.8730595046442955,0.920650524651123,8.84,1.014090375471204,0.6085472168537451,-0.0176216546537135,-0.1320902538389219,11.207125764424354,1.0,1.0,1.0,1.0
2021-01-28,-0.0877429805615559,-1.3513513513513489,1.996938302025172,1.4611286882802657,1.906491029709928,0.8683246187048275,0.8210980744160201,8.01,1.014822894734617,1.0053482074606666,-0.0251718817096561,-0.0719132003091809,12.337917485265226,1.0,1.0,1.0,1.0
2021-01-29,-0.3377693710734264,0.6849315068493178,1.978046665018886,1.4548858899951551,1.8931952115351425,0.8509087312562159,0.7230779145453373,7.25,0.9455231702390337,0.0086576566872014,-0.0001962081011173,-0.0395989440281592,9.008189262966331,1.0,1.0,1.0,1.0
2021-02-01,-0.2304616010302962,-0.6802721088435382,1.9595476839782244,1.4488712898413385,1.880355619399111,0.874528027344293,0.7869970644102918,7.73,0.9580363136618296,0.929832644523119,0.0261050290135396,-0.0466150870406189,19.026315789473685,1.0,1.0,1.0,1.0
2021-02-02,-0.1494666757252516,4.109589041095885,1.940828038779864,1.4413498118902397,1.867215536950969,0.8755849202089461,0.9154731816905364,9.15,0.9614709048671312,1.884041724590761,0.0360931887350507,0.0831797333790561,26.276235612728502,1.0,1.0,1.0,1.0
2021-02-03,-0.2585561679254278,0.0,1.924968189958524,1.43589868220193,1.8567634040682333,0.9161411873269764,0.8725547794677634,8.41,0.9663595591124864,1.363289239269278,0.0384047840136686,-0.0072057348735282,1.254445522146783,1.0,1.0,1.0,1.0
2021-02-04,-0.0613957295859224,0.0,1.910597304794544,1.4315453230139497,1.8476945098653463,0.9528881301112258,0.9197160021845986,8.65,0.9679225598413348,0.7933465098810288,0.0194265812203956,-0.0287784102217091,3.7086432418568864,1.0,1.0,1.0,1.0
2021-02-05,-0.0614334470989796,5.263157894736836,1.8876383460937305,1.4205685425136056,1.8300761287247065,0.9017463848276578,0.9794174079888366,9.95,0.9642360320855796,4.034947973419843,0.0315093321861142,0.065656231385267,2204.4444444444443,1.0,1.0,1.0,1.0
2021-02-17,0.0068301345536481,0.0,1.8598363936382605,1.4055668361121263,1.8074556086529,0.9889015995343888,1.025685601286453,9.58,1.05209611535742,0.8446094464176833,0.0192321100917431,0.2511043153244988,20.622296637365704,0.0,0.0,0.0,0.0
2021-02-18,0.0273186723125373,4.374999999999996,1.83326053594956,1.3912798258589285,1.785838460418509,0.9969907630909852,1.0467937608318891,9.75,1.0223710960771817,3.161170279784801,0.0249246234549834,-0.018686538937794,4.490127130105491,0.0,0.0,0.0,0.0
2021-02-19,0.0751058309435892,2.39520958083832,1.8175090371582407,1.3867716655634357,1.7742393071102156,1.0288198747734256,0.975898075786432,8.75,0.9591103524642828,4.320048668831934,0.0567381156556429,-0.0563364527795384,18.0903920981742,0.0,0.0,0.0,0.0
2021-02-22,0.3411339291806037,-1.1695906432748535,1.8026619300270528,1.385067394467915,1.763222077971386,1.061963302641412,0.9000377048816732,7.7,0.9147940032510312,1.833336461239396,-0.0299713644145045,-0.0887747615553925,51.1595131326073,0.0,0.0,0.0,0.0
2021-02-23,0.0883932821105659,-0.591715976331364,1.7889202965325228,1.385091275618064,1.7529720037371574,1.047187872512071,0.8885393258426967,7.58,0.8783496142437288,0.8343333209610166,-0.0179165113367645,0.0469049937404367,8.534548215641609,0.0,0.0,0.0,0.0
2021-02-24,0.0883152173913215,-1.1904761904761862,1.7815205293318923,1.3897705051296865,1.748111508428604,1.0967506563877445,0.8796475931801063,7.01,0.9957439671975726,0.3293098684127331,-0.0085393497523198,-0.0255703621014442,3.4324514165300863,0.0,0.0,1.0,1.0
2021-02-25,0.0542998710377995,-0.6024096385542133,1.7776396157930396,1.3963138347603334,1.7463334680925473,1.0168421645136518,0.8815746715565665,7.51,0.9988646147407994,1.870600591276644,-0.034271982588049,-0.0379105658884052,2.771589758426154,0.0,0.0,0.0,0.0
2021-02-26,0.0339190014245982,-0.60606060606061,1.776505991144188,1.405031609252665,1.7471158113003202,1.0401667869586109,0.8424396140991302,6.87,0.985983401079942,4.551438345975386,-0.035974566269326,0.0193851056296471,4.312438464063013,0.0,1.0,1.0,1.0
2021-03-02,-0.0271260002712714,0.0,1.7745281037790144,1.4126027772591498,1.7466841766871006,1.0303414290742696,0.8752080669674088,7.08,0.9832907426827122,0.4640460534046729,0.003688555214832,0.0704240245320926,75.53875236294897,0.0,0.0,1.0,1.0
2021-03-03,0.1153167819834655,0.6097560975609762,1.7719825745451143,1.4191707119735495,1.7450435892479943,0.9902857073785916,0.9035893666544162,7.5,1.015390178569372,4.207976332466149,0.0639351638692394,-0.0031392574609685,0.6805807622504537,0.0,0.0,1.0,1.0
2021-03-04,0.006775526797198,2.4242424242424176,1.7705869673311478,1.424895676306862,1.7441751250899995,1.0552569287906222,0.8762528530316562,6.75,1.01651020495387,2.395746052450335,0.0317963203679632,-0.0366296703662967,75.01706484641637,0.0,1.0,1.0,1.0
2021-03-05,-0.0203252032520362,0.591715976331364,1.7668647971620497,1.4288069699101016,1.7409309469475875,1.042555886391646,0.8832237667486325,6.79,1.0053406366094495,0.2901148141360971,-0.0040578581446006,0.0204696684868558,101.62962962962963,1.0,1.0,1.0,1.0
2021-03-08,-0.0271057803076457,0.588235294117645,1.7626428855504137,1.433149091171426,1.7371635228537567,1.0771271009979178,0.8954316264220742,6.56,1.0474678426537614,0.6156788658049275,0.0216018752994319,0.0709739237560742,3.8500092816038607,1.0,1.0,1.0,1.0
2021-03-09,-0.027113129532974,-2.3391812865497075,1.7560253855901098,1.4364534254980372,1.7310327140430557,1.0693134677416147,0.8419226451678743,6.14,1.0663855300317149,5.399745436445756,-0.076049937337318,-0.1331983675567981,22.08311134789557,1.0,1.0,1.0,1.0
2021-03-10,0.1017018102922096,-0.5988023952095856,1.7472001257218284,1.4377197982361072,1.7223151519933744,1.038871702626039,1.039676522618145,7.83,1.0607177117572328,0.1722364444507804,-0.0040849648252167,-0.0602061405900638,5.339782345828295,1.0,1.0,1.0,1.0
2021-03-11,-0.0067732321863966,1.8072289156626509,1.7381798066159693,1.438358285190541,1.7132291136755426,1.0269644047827446,1.0049315619967794,7.65,1.085661358477208,2.029807238113115,0.0403519768126443,0.0801141252660658,4.813605442176871,1.0,1.0,1.0,1.0
2021-03-12,-0.0541895278737269,0.591715976331364,1.7328703813766448,1.4418084252704817,1.7077476561856155,1.0304804869372135,0.7829817661780478,5.82,1.0833939799803425,0.845294493931377,0.0132691443827605,0.022121456117303,2.6158857429215736,1.0,1.0,1.0,1.0
2021-03-15,-0.2033209081667264,-1.17647058823529,1.7292840610643314,1.44673832943116,1.7037742590319318,1.0553972886845984,0.7557236092406506,5.37,1.0816361884467711,8.249587515970875,-0.0771917478747667,-0.1214182044370723,46.58711217183771,1.0,1.0,1.0,1.0
2021-03-16,-0.1222410865874379,-0.5952380952380931,1.7239613450800189,1.450241235636494,1.6981184274966754,1.025608301088493,0.7771897954347997,5.57,1.0685078368352654,4.880902521596974,-0.0332011690004625,0.0856145662503679,10.139442231075696,1.0,1.0,1.0,1.0
2021-03-17,-0.0407968994356466,0.0,1.726422294295067,1.4598809386404663,1.7001045082143946,1.0252839165131984,0.7891412444563902,5.49,1.1110670512902856,46.06452766970438,-0.031552356267672,0.0063147973609802,1.4872364039955606,1.0,1.0,1.0,1.0
2021-03-18,-0.0408135500986395,0.5988023952095745,1.7337478100789188,1.4730977366591822,1.7069539198316803,0.9839913313499584,0.8190900833952605,5.79,1.1015795222131792,16.78978626917978,0.0136952501050861,0.0901289057026761,7.774588306390694,1.0,1.0,1.0,1.0
2021-03-19,-0.0340251786321799,-0.5952380952380931,1.740824268018475,1.486054545639277,1.713606160193234,0.972485133558959,0.8205157204252431,5.71,1.0952254020117629,3.3748154397806385,-0.0189804961445867,0.0459509437912145,7.2322899505766065,0.0,1.0,1.0,1.0
2021-03-22,-0.0340367597004842,1.1976047904191711,1.7450802963265926,1.494789783877828,1.7175446722746266,0.9914529261405968,0.8660758105026126,5.78,1.1298967533493705,2.929383615769603,0.0437090452535618,0.1311206943610459,26.958473625140293,0.0,1.0,1.0,1.0
2021-03-23,-0.2042900919305257,0.591715976331364,1.7478046196026311,1.5003028902137188,1.7204030305471167,0.9927044140589152,0.8968688673442489,5.9,1.0554391354077208,0.7298098115631069,0.0065996085749396,0.0011378635474033,0.0862068965517241,1.0,1.0,1.0,1.0
2021-03-24,-0.2934152166496173,0.0,1.7495114565181282,1.5040637087253776,1.7224882688686054,0.984949503258996,0.8900243598122513,5.82,1.058020184206423,2.286267721026044,-0.0276222522175086,0.0305951921840853,2.074074074074074,1.0,1.0,1.0,1.0
2021-03-25,-0.1847796331782114,-0.588235294117645,1.7486424019086155,1.5056197862356535,1.7222651332256227,0.985001497546328,0.8681235870384325,5.61,1.0430138402957243,3.892187342812929,-0.0600680435705191,0.1126750601216579,4.606709080393291,1.0,1.0,1.0,1.0
2021-03-26,-0.2399725745629077,-1.183431952662728,1.747928563961218,1.5074977803736251,1.7223999320732186,0.9214333150463432,0.8744572861248701,5.97,1.0418703771348723,3.019581647157516,-0.0337676438653637,0.0740499457111834,2.953020134228188,1.0,1.0,1.0,1.0
2021-03-29,-0.2611683848797175,0.5988023952095745,1.742115712224677,1.5052183742894725,1.7176983166964903,0.8776598835520123,0.879107291892059,6.28,1.0353863200795137,6.3501407659959535,0.0400917694293088,0.088098652136507,3.036473262824948,1.0,1.0,0.0,1.0
2021-03-30,-0.1791620727673581,1.7857142857142794,1.7367776967520443,1.503397108279869,1.7135599923006506,0.8546311542573531,0.9066183136899366,6.62,1.001251327563907,19.36582447341942,0.0426716440365592,-0.0528453755594839,4.185284480190647,0.0,1.0,0.0,0.0
2021-03-31,-0.3175479773574574,0.5847953216374213,1.7345331480310198,1.491666364788546,1.7127927402358043,0.8927651993461173,0.8682682237948653,6.0,0.9923479332503364,1.906522033498372,-0.0151644894694748,-0.1331911490269261,11.642973665812164,1.0,1.0,1.0,1.0
2021-04-01,-0.1385041551246635,-1.744186046511631,1.7288258049395004,1.4771076129133605,1.7087227675886858,0.8176408072307993,0.8763019159058762,6.6,0.9115763878658498,5.273517574577089,-0.0828352132534367,-0.0090471154975913,0.5882352941176471,1.0,1.0,1.0,1.0
2021-04-06,-0.1872399445214889,1.775147928994092,1.719123190716348,1.459627934355848,1.7007932214145458,0.7934946580147808,0.9056603773584906,7.03,0.9111944014887426,8.15656296885392,0.0681772489161849,-0.0249729046242774,2.76707530647986,0.0,1.0,0.0,0.0
2021-04-07,-0.069478218578467,1.744186046511631,1.7098264865402488,1.4416441635429371,1.693293914752259,0.7542863663595127,0.9143308850169626,7.5,0.909833878527744,15.24916756965436,0.1098332280080889,0.1110970677451971,7.45231030097499,0.0,1.0,0.0,0.0
2021-04-08,-0.0556212194952498,0.0,1.6991848652966488,1.4217798893805322,1.6844665149570717,0.7303136235893793,0.895631633230196,7.66,0.964352767758739,13.354486377642797,0.0125448162212509,-0.0020778104177115,0.0656554222322843,0.0,1.0,0.0,0.0
2021-04-09,-0.0973913043478158,0.0,1.6880162463592543,1.401654404011419,1.675280616740897,0.6799143421686543,0.9010606732376112,8.25,1.0330073829617596,9.350454890068214,0.0133296406376654,0.0262991984148428,1.110055122600266,0.0,0.0,0.0,0.0
2021-04-12,0.1114128542580639,0.0,1.6800510759693814,1.3842618541575908,1.6691083934651705,0.6670329932866665,0.901656531767666,8.4,1.026404501134219,31.83327368334104,0.0201659157631601,0.0424962939278551,2.862457170827215,0.0,0.0,0.0,0.0
2021-04-13,-0.0625999860888959,0.0,1.672083531751673,1.3668693043037623,1.6629349809797542,0.6690848848006307,0.8045080805216899,7.55,1.0217732631404282,22.54466650015083,-0.0571508065787399,-0.0227523514266197,0.9352051835853132,0.0,0.0,0.0,0.0
2021-04-14,-0.1670378619153756,0.0,1.663826459263845,1.3489485970207595,1.6565963382431366,0.6964375175859394,0.4393596023101103,3.95,1.0042912141992404,0.0571190892975107,0.0001286379802634,0.0086159394880528,0.2783171521035599,1.0,1.0,0.0,1.0
2021-04-15,-0.1115448968209698,-1.7142857142857126,1.657631475313026,1.3327007502847672,1.6523534266884643,0.711515923028323,0.3812772408565473,3.32,1.0267945921464303,4.087444648176712,-0.0203873079112122,-0.1181701764371087,3.8346992958559394,1.0,1.0,1.0,1.0
2021-04-16,-0.0488553880513609,0.0,1.647670451035637,1.313573637282491,1.6443750023295003,0.6760225082565786,0.0016052008507564,0.01,1.0269324057084557,1.1656488289373494,0.0064098885167224,0.2163675448682697,6.732519250213891,1.0,0.0,0.0,0.0
2021-04-19,-0.0349137630053841,0.0,1.641700154090567,1.29776198583552,1.640349468163307,0.7044551557498536,0.0,0.0,1.0162938299647812,4.601915300028081,-0.0359589798087141,0.0097768331562167,0.1773323053199691,1.0,0.0,0.0,0.0
2021-04-20,-0.0279407655769725,-0.5813953488372103,1.6358692608057814,1.2822071372312764,1.636424581892576,0.7086715166688898,0.0,0.0,1.0681453469168007,8.313378653575603,-0.0599190640194489,0.1368517017828201,2.595581171950048,0.0,0.0,0.0,0.0
2021-04-21,-0.0349357182783727,-1.7543859649122862,1.6321886641975625,1.2682332240045169,1.6346788680776,0.7344010589013898,0.0,0.0,1.056053757966293,34.91561982847158,-0.1164361413043478,-0.0386828644501278,1.286549707602339,1.0,0.0,1.0,1.0
2021-04-22,-0.1957083944922111,-2.9761904761904767,1.6300217670099184,1.2553643904406622,1.63442529500245,0.7148045511982393,0.0305617030245547,0.22,1.0431935642290873,14.42125704072837,-0.1207974810362101,-0.0035303659176566,0.1993265993265993,1.0,1.0,1.0,1.0
2021-04-23,-0.098046081658365,0.0,1.625016411013172,1.240171941417608,1.6311721505885273,0.7036013760175729,0.0513552068473609,0.36,1.050296955717403,0.2500066489425619,-0.0032414624013294,0.1890319900290818,4.932784041630529,1.0,0.0,0.0,1.0
2021-04-26,0.1051524710830698,0.0,1.6146978293500998,1.22077454492902,1.622328928401361,0.7097435047249129,0.3012675280142061,2.05,1.0283528352835285,74.2864969979725,0.040004336358353,0.050203406500067,4.547939657790827,0.0,0.0,0.0,0.0
2021-04-27,0.0280112044817926,0.0,1.6054109427735124,1.2020830701885743,1.6143151071263333,0.6971416270738195,0.3727608008429926,2.5,1.0416949289447497,12.342356370351515,0.0072827621780199,0.0647022792482027,3.8155893536121672,0.0,0.0,0.0,0.0
2021-04-28,0.0280033604032503,1.840490797546024,1.594842427325473,1.18248894879636,1.604753911701139,0.849201124249867,0.6998106724633617,3.72,1.0752879083400386,22.013908274827696,0.09527,-0.081675392670157,10.641200545702592,0.0,0.0,0.0,0.0
2021-04-29,0.0069988801791653,0.0,1.5889874319722468,1.1664688958276512,1.5997789023419895,0.7943122513896055,0.3813169984686064,2.05,1.0945181223315747,160.8486756097354,-0.0566093250886498,0.0810303900594906,5.51126171018537,0.0,0.0,0.0,0.0
2021-05-03,-0.1609629785149335,-3.61445783132529,1.5843149730169035,1.1637649401686478,1.5959461459003668,0.7553857906799083,0.1105724249383346,0.58,1.0906854809308757,23.34220709036229,-0.1314325943463911,0.0774860094705122,2.9403757146746528,0.0,0.0,0.0,0.0
2021-05-04,-0.4486190943501889,0.0,1.5801060235939413,1.1615810945520817,1.592708898779221,0.7693847099095936,0.1394860036304576,0.67,1.081806459427337,7.636381056156864,-0.0397631422189128,-0.0300446760982874,1.1496545337987036,0.0,0.0,0.0,0.0
2021-05-05,-0.2253203774116419,-0.6249999999999978,1.5825781080585375,1.1643418985414251,1.596246639685233,0.8055246738103085,0.1422319474835886,0.58,1.0602666911927523,1.0280428585021022,-0.0117372259102796,-0.0990746328706497,3.1215338298209474,0.0,0.0,1.0,1.0
2021-05-06,0.0423429781228001,-1.2578616352201255,1.5843639834801064,1.166525744157992,1.5989948932292743,0.730510616973695,0.4168245547555892,1.69,1.036109565723135,2.8882850051450952,-0.0600305897014671,0.0017560754545969,0.0569068379990821,0.0,0.0,1.0,1.0
2021-05-07,-0.0282167042889303,0.6369426751592355,1.5821763226867191,1.1657426306295806,1.5976832754568338,0.7234623723948488,0.5620470344623576,2.03,1.020506667769917,1.4233247685410264,0.0290681924062427,0.1563009550430934,3.9447383891828336,0.0,0.0,0.0,0.0
2021-05-10,0.0282246683601439,-0.6329113924050667,1.5825746014989053,1.1668016636853604,1.598893446490798,0.7474437992090919,0.5122693892172667,1.51,0.977955335588694,0.0283483325956647,-0.0008307445956765,-0.1969575660528423,4.6573267701628165,0.0,0.0,1.0,1.0
2021-05-11,-0.1622460496613964,-4.458598726114649,1.5881448663302886,1.1718656917480048,1.605584954412059,0.7680149144848829,0.7056179775280899,1.66,0.9922594362399212,7.050641701228303,-0.1803106198347107,-0.0441735537190082,2.661521224947093,1.0,1.0,1.0,1.0
2021-05-12,-0.5369886243199229,0.0,1.5989792840242365,1.1811700887808283,1.6180104581703934,0.8017631000070424,0.6874453830468977,1.22,1.0183614925901467,1.5764764571116097,-0.0242615585524498,-0.0535422788116225,6.731922955478371,1.0,1.0,1.0,1.0
2021-05-13,-1.6480784258009695,-0.666666666666671,1.603996294666134,1.1871303533176552,1.6254244395461035,0.7643371690522968,1.2636453853787628,2.13,1.047647143438796,0.7090004491238936,-0.015492624050067,0.1281936659674701,7.538928210313448,1.0,1.0,1.0,1.0
2021-05-14,-0.9461899602744684,1.342281879194629,1.6034703475841705,1.1894175646884064,1.6278377299296918,0.7564102003419939,2.5906735751295336,4.34,1.0644416918938897,1.7476954631757724,0.0329551711616545,0.0834516224870432,3.5911641451807657,1.0,1.0,1.0,1.0
2021-05-17,-1.0791891497739514,1.324503311258285,1.6065725369570392,1.1950505998565033,1.63482509796765,0.7577726592398074,2.50906892382104,4.91,1.0691526750752811,2.4254891883799288,0.0519864780528396,0.0902850010401497,3.64063417498532,1.0,1.0,1.0,1.0
2021-05-18,-1.2531328320801949,0.0,1.6049507824701987,1.1978114038458474,1.6378979728702547,0.7865054924851772,2.118918918918919,4.58,1.0452157803591258,1.5599879744616338,0.0382412220218521,-0.0179802694388458,0.5900783289817232,1.0,1.0,1.0,1.0
2021-05-19,-0.8286055538966997,0.0,1.604500427922493,1.2019359819857445,1.6428452849560713,0.7995589939785716,1.9688109161793368,4.76,1.0079648250951607,0.2999067960299449,0.0122238691785406,-0.0055465238596155,0.1150679496081737,1.0,1.0,1.0,1.0
2021-05-20,-0.7226194956718168,0.0,1.6006345875550934,1.203898964126016,1.6448354176978568,0.7762342463695786,2.055094009619589,5.87,1.0087487466629452,0.746523234383121,0.0218572410829394,0.0281048560378169,0.6004406904149835,1.0,1.0,1.0,1.0
2021-05-21,-0.1440594434756192,-0.6535947712418277,1.5960434766887832,1.2053375272255236,1.646116769570789,0.9548107469155565,1.6696914700544463,4.27,1.0238501452232551,0.7256426123692314,-0.0074539148129306,-0.0511029921842482,2.241152012980428,1.0,1.0,1.0,1.0
2021-05-24,-0.3492786636294487,0.0,1.5927594947334995,1.207834776518585,1.648855554758192,0.822823004043208,1.653910770953892,5.41,1.029057437044435,0.1354876560879105,-0.0034217842087273,0.1042497436481713,2.152687919068345,1.0,1.0,1.0,1.0
2021-05-25,-0.510515086863772,-0.6578947368421018,1.5923375716263544,1.2126947835987998,1.654759191482564,0.9853063882613916,1.3773000546547642,3.9,1.0367579270320104,0.441109109055843,0.0075359147025813,0.0141414141414141,0.7745504840940525,1.0,1.0,1.0,1.0
2021-05-26,-0.5897219882055493,1.986754966887428,1.592142603700131,1.2181141002364748,1.6614223732430204,1.014407331286614,1.2700125921928405,3.57,1.0463723481090967,10.023661298953728,0.1135149687701916,-0.1684794314021107,45.64551422319475,1.0,1.0,1.0,1.0
2021-05-27,-0.1155624036979996,0.0,1.5938771767086997,1.2249569653472825,1.6700470679829706,1.0034920435773582,1.3696612665684829,3.88,1.0611578785825777,0.9945753887700488,0.0180988021036229,0.0149006622516556,1.275797373358349,1.0,1.0,1.0,1.0
2021-05-28,-0.0539915156189674,0.6493506493506551,1.5914916713072729,1.228721920930011,1.6743678665018809,1.0266703385162903,1.4793639449705198,4.27,1.085777331304644,3.443022212146002,0.0509482380922576,0.1305626838580459,10.131131617289949,1.0,1.0,1.0,1.0
2021-05-31,-0.1852137675567244,0.6451612903225712,1.584761123679209,1.2292420309724477,1.6742321041912316,1.0415922075289523,1.398789509078682,4.26,1.081857463420062,0.4302773171960195,-0.0016912572254335,0.063800578034682,6.216121084125308,1.0,1.0,1.0,1.0
2021-06-01,-0.2937992886964502,0.0,1.5765112082857855,1.2284589174440363,1.6724389975801564,0.992041697627586,1.334392374900715,4.56,1.071051099332648,20.717085667269043,0.0546126160257624,0.0679105891267285,3.2852233676975944,1.0,1.0,1.0,1.0
2021-06-02,-0.1085607940446764,0.0,1.5659269559691256,1.2259616681509746,1.6681134816706258,1.058615489764258,1.1297894896259275,3.82,1.0760736940367075,1.0478850875124697,-0.0030819620749098,-0.095517943895941,4.7654417513682565,1.0,1.0,1.0,1.0
2021-06-03,-0.2949852507374562,0.0,1.5552312699026003,1.1650248918656574,1.663639607331472,1.0441684219669496,1.1257695690413367,3.99,1.0559496242203064,2.654476471518152,0.0339073552808713,0.1753763309264472,4.397054311138386,1.0,1.0,1.0,1.0
2021-06-04,-0.2725007785736477,-0.6410256410256387,1.5489979124230584,1.107055074725318,1.6639055158175635,1.0774800712186727,1.0973350434658686,3.87,1.0508887575578487,3.858508294015057,-0.0465005430847212,0.1383055756698044,3.3231839930404523,1.0,1.0,1.0,1.0
2021-06-07,-0.1405261925208845,2.580645161290329,1.5377215788364167,1.0475043222074951,1.6589113644800406,0.9812949796354444,1.3003264417845484,5.28,1.0420693542542083,10.655502354025517,0.0738059427909893,0.2258453523708456,7.976149914821124,0.0,0.0,0.0,1.0
2021-06-08,-0.070361973262456,1.8867924528301885,1.521489490989724,0.9842074735185368,1.6487265319609006,0.9671276699927096,1.2042842215256009,5.19,1.0530997829782374,2.439447403938731,0.0978500778816199,0.0721378504672897,1.0937269372693728,0.0,0.0,0.0,1.0
2021-06-09,-0.3364105773744241,0.0,1.5007108775827454,0.9166702558593992,1.6336626290010892,0.9573543162418866,1.1195992485911084,5.11,1.0525238274322006,0.0648371122836034,-0.002985748695303,-0.0320152549177037,0.4152834732799583,1.0,0.0,1.0,1.0
2021-06-10,-0.4317450349320961,0.0,1.482298752616928,0.8511592388047499,1.6201446049224295,0.9559689192371086,1.1123227917121048,5.26,1.058227478270108,0.4650440807457279,0.0196592039800995,0.0457196774746954,0.8760683760683761,0.0,0.0,0.0,1.0
2021-06-11,-0.3705455692210702,2.469135802469125,1.4673842886549509,0.7887703828474291,1.6096018094414173,0.9868690677202012,1.3714826200047294,6.42,1.02895380737006,4.384176759302319,0.0828881482469004,0.0751566457805626,3.791509037410677,0.0,0.0,0.0,1.0
2021-06-15,-0.0791327055472135,0.6024096385542244,1.452009720346593,0.7251675305389931,1.5976321387142498,1.0268757303187586,1.1595221363316937,5.24,1.0262101780157815,0.6973896928184933,0.0191049654305468,-0.086737900691389,4.104597843598959,0.0,0.0,0.0,1.0
2021-06-16,-0.2375861249703015,0.0,1.4416027226021375,0.6636537958808983,1.5901173135129762,1.0167932653812028,1.0734200743494424,4.92,1.0507231454746997,1.02703622495509,0.0485419390479697,-0.0316729582911334,0.8531746031746033,0.0,0.0,1.0,1.0
2021-06-17,-0.0873223783440457,0.0,1.429614001065538,0.6015594006006624,1.5801987143801626,1.009449454839144,1.1337242727377257,5.26,1.0422259510265,0.0182653981267521,0.0009405317637507,0.0528719301806373,1.2055999074395465,0.0,0.0,0.0,1.0
2021-06-18,-0.1430160495788923,-0.5988023952095856,1.4196743498429785,0.5400456659425676,1.572025033323932,0.9797237637061256,1.115574429014117,5.31,1.0321323571100571,0.992144050772355,-0.0429393021120293,0.1391184573002754,3.082087274946597,0.0,0.0,1.0,1.0
2021-06-21,-0.1432208784213906,0.0,1.4110983896786602,0.4779512706623317,1.5654155349158383,1.0098714884403903,1.0697992700729928,4.98,1.028548153130015,0.1831861446544673,-0.0075111782477341,-0.0506689684937419,1.134409121654266,0.0,1.0,1.0,1.0
2021-06-22,-0.5179282868525981,-1.8072289156626509,1.4031598541294252,0.416437536004237,1.5595348179037596,1.01472176554777,1.0580204778156996,4.88,1.0163835614794037,4.081401116387334,-0.2003286617884162,0.0311298524122535,0.518327310273619,0.0,1.0,1.0,1.0
2021-06-23,-0.2482979575490485,-1.2269938650306678,1.395077850228233,0.3560600692763802,1.553274305976827,0.9610773806663142,1.0625844214317874,5.25,0.981289180510768,1.9608214080784545,0.0782681843420322,-0.0732926152137701,1.833121166531652,0.0,0.0,1.0,1.0
2021-06-24,-0.0401477436968167,-1.2422360248447228,1.3870161298182446,0.2951232929910629,1.5465889146059049,0.9613103703663948,1.0485393757636343,5.27,0.9708922924643574,0.8199185402660983,-0.0418087947882736,-0.0210097719869706,0.221630444119921,0.0,0.0,1.0,1.0
2021-06-25,-0.0481966423005797,0.0,1.3788938849704515,0.2350216484044937,1.5396977914163503,0.9704754931518648,1.0868850662868412,5.5,0.9732300421739,0.9113851966473288,-0.0232862844702467,0.2081821480406386,3.367571533382245,0.0,0.0,1.0,1.0
2021-06-28,-0.0321465884433047,-1.8867924528301885,1.3747301338270386,0.175739233174123,1.5373390874492854,1.0426739315364983,2.189288634505315,11.06,0.9831830368023398,7.410646186711801,-0.0634406952965235,-0.148651280553121,7.191143563773407,0.0,1.0,1.0,1.0
2021-06-29,-0.040196157247363,-3.205128205128205,1.371013867893866,0.1169863025053723,1.5353739698079576,1.0467984274866713,1.7636752968658749,9.32,0.9880655413415176,25.17336474359627,-0.1114025526627887,0.0129327384650138,0.5844072987112415,0.0,1.0,1.0,1.0
2021-06-30,-0.0482547852662107,9.27152317880795,1.3690524738446928,0.059016485365033,1.5351702098118776,1.0655064937851713,0.712468193384224,3.67,0.9886588520216596,5.05998006567197,-0.014955884552116,0.0042620008972633,0.1588407412567925,1.0,1.0,1.0,1.0
2021-07-01,-0.0724171226263337,-1.2121212121212088,1.3664563092153332,0.0,1.5344244432984762,1.0659392484297627,0.6941857044808315,3.56,1.001144238200097,73.82912573063007,-0.0865852559002916,0.0588703261734288,1.004524886877828,1.0,1.0,1.0,1.0
2021-07-02,-0.0805217811417957,0.0,1.3640388367245029,0.0,1.5339131617601856,1.0574818445994036,0.6677171558006697,3.43,1.0094058760544475,14.705345932729838,-0.0547255557741491,0.1581743065119024,1.95834855681403,1.0,1.0,1.0,1.0
2021-07-05,-0.1853493432186326,-0.6134969325153228,1.359839288847296,0.0,1.5309123885475755,1.023974255832663,0.6611897456201129,3.5,1.074772041647342,18.36028812681793,-0.1244714442613948,0.1250228812008054,3.099965959378192,1.0,1.0,1.0,1.0
2021-07-06,-0.0888099467140302,-0.6172839506172867,1.359066693162588,0.0,1.5316833244060486,1.0115919380907017,0.668808997790721,3.52,1.0817265161449257,0.0295561047083199,-0.0008716995892822,0.1930373557598279,3.856975381008206,1.0,1.0,1.0,1.0
2021-07-07,-0.1131313131313094,0.6211180124223503,1.3573772683314405,0.0,1.5315109226622463,0.9791211316378716,0.7226225515071553,3.89,1.0881818511120975,0.4298442958148342,-0.0127409117137911,0.077466820542412,2.185592185592186,1.0,1.0,1.0,1.0
2021-07-08,-0.0889895639511362,-0.6172839506172867,1.3564600453838866,0.0,1.5322480438394472,0.9316471393141196,0.7016823963890029,3.92,1.0452389324615166,0.6809286652248715,-0.0135923055109178,-0.1789394082616504,11.335329341317363,1.0,1.0,1.0,1.0
2021-07-09,-0.0404858299595134,0.0,1.3579181067591777,0.0,1.5352924267568655,0.9626530329067446,0.7561632483944479,4.05,1.0283564598711803,0.8820337595986996,-0.0215040301475976,-0.0219826232597089,1.6172506738544474,1.0,1.0,1.0,1.0
2021-07-12,-0.0405022276225186,1.8633540372670727,1.359815205963912,0.0,1.5385464871758905,0.910239119731124,0.7652358240593534,4.25,1.020113053766268,4.008559714035527,0.117741906829846,0.0493485984998026,11.876484560570072,1.0,1.0,1.0,1.0
2021-07-13,-0.2269043760129707,0.6097560975609762,1.3595605854154909,0.0,1.5395625389053564,0.8717451075529679,0.7679896740884156,4.42,1.0139684831711366,4.1479823799189495,0.0649271182383915,0.0789253231211105,6.911186795913021,1.0,1.0,1.0,1.0
2021-07-14,-0.1055880441845458,0.0,1.3585311129034716,0.0,1.5395832070534552,0.900043928391299,0.6800787229389897,3.75,1.0201934062227769,0.2105642912441051,0.0052580843046183,-0.1047235124003154,8.05799055967633,1.0,1.0,1.0,1.0
2021-07-15,-0.2845759817871274,1.21212121212122,1.355752211825351,0.0,1.5376541152720593,0.905222732579072,0.8265012187015289,4.5,1.0116425070393158,5.282696542222832,0.0444096138809249,0.0415906467587593,6.271757439640652,0.0,1.0,1.0,0.0
2021-07-16,-0.0652315720808816,0.0,1.3540853670769806,0.0590340848381237,1.5368741174090397,0.8928238378918035,2.8013291712818447,17.09,1.011622198123344,1.1080562531531908,-0.0139453744493392,-0.0191483113069016,3.78849506101104,0.0,1.0,1.0,1.0
2021-07-19,-0.1958224543081033,0.0,1.3497572116673342,0.1175678278193717,1.533082714016689,0.8468867715488588,0.6996430392656807,4.49,0.9944286222187396,0.0933036280489994,0.0014207112665792,0.1140504299664771,8.081590498321715,0.0,1.0,1.0,1.0
2021-07-20,-0.1226291693917525,1.1976047904191711,1.3454345168947075,0.1758545669268725,1.5288074844714603,0.765622363462512,0.7104502271788518,5.05,0.9797257148289876,1.3225028768053593,0.01250908661789,0.1449138541420816,6.742313323572475,0.0,1.0,1.0,1.0
2021-07-21,-0.1227797331587177,0.0,1.3421661259282236,0.2334066502602058,1.5256063597531428,0.7375580585892475,0.7602339181286549,5.63,0.9940967287512408,0.0718620337875682,0.0006456033287101,0.0758391123439667,3.586514495605405,0.0,1.0,1.0,0.0
2021-07-22,-0.2704474676282542,-0.591715976331364,1.339538591361925,0.2919403932414539,1.523307727113035,0.7974411676404701,0.730236003809927,5.0,0.978731801347256,0.6894113281663589,-0.007460999369262,-0.0001401639918704,0.0051612903225806,1.0,1.0,1.0,1.0
2021-07-23,-0.2383104610074737,-1.7857142857142905,1.339332751702473,0.3517477108426662,1.5239539888938514,0.8647464323382534,0.6212121212121212,3.87,0.9808982278279448,4.366887925045057,-0.0817919553303691,-0.1450728983559094,6.92497532082922,1.0,1.0,1.0,1.0
2021-07-26,-0.0329489291598039,0.0,1.33619534682661,0.4115550284438786,1.5212706894525203,0.9089944469989036,0.6628003314001657,3.63,0.9762320425284284,1.1958360099621257,-0.018415553613781,-0.0989888902758706,2.5126742712294043,1.0,1.0,1.0,1.0
2021-07-27,-0.0741595253790361,0.0,1.333347600602204,0.471362346045091,1.5188424784572063,0.9149928991681884,0.715837913843794,3.65,0.9523793741862064,2.3388195060481207,-0.0103666139240506,-0.0446202531645569,0.9722461644544044,1.0,1.0,1.0,1.0
2021-07-28,-0.1731673126082245,0.0,1.3312603262105545,0.5324998916907699,1.5173501763436412,0.8597947030721695,0.625974025974026,3.4,0.9518990740832828,381.64742495731673,0.0361987240525614,-0.1012188154637211,4.541764580217902,1.0,1.0,1.0,1.0
2021-07-29,-0.0330414670411394,0.0,1.3271248678472496,0.5923072092919822,1.51348119487802,1.0036202982143954,0.6633324559094499,3.08,0.9616450520463034,6.012770309031497,0.0415339554917444,-0.0819813352476669,3.1151118385160936,1.0,1.0,1.0,1.0
2021-07-30,-0.0991571641051014,-0.60606060606061,1.3195896759463532,0.6484498777199875,1.505695582478254,0.9352428393524284,0.9699829597588152,4.93,0.9643437829701664,2.9803017039743938,-0.0033438721210609,0.0746029766359025,11.126957060920788,1.0,1.0,1.0,0.0
2021-08-02,-0.1488833746898343,0.0,1.311834814185797,0.7032505125146711,1.498031624141247,0.9858640786475836,1.014964216005205,4.98,1.0098504043883043,0.6966735428797958,0.0042049861495844,-0.0206323431082242,1.8568665377176008,1.0,0.0,0.0,0.0
2021-08-03,-0.0662690523525522,0.0,1.3028011896343858,0.7574065603484292,1.4888820049421294,0.9621178823724256,1.066185938707185,5.48,0.9324873780604698,18.26717840483082,-0.0926545036412418,0.167190494442315,7.460236018471011,0.0,0.0,0.0,0.0
2021-08-04,-0.1740716180371304,0.0,1.292824072131027,0.8099056101393833,1.4786563237854256,1.072578631652401,1.1186138361574722,5.24,0.9078801359982732,8.805817647779502,0.0642444894417124,-0.0278275961816603,1.992130875957756,0.0,0.0,0.0,0.0
2021-08-05,-0.0249107365274392,1.8292682926829285,1.2809611128236222,0.8620085901469275,1.4661825689645156,0.9112852603718395,1.0954419541677158,6.18,0.8347826978558803,6.864633261856708,0.0893149560869286,-0.047823578434515,2.49665327978581,0.0,0.0,0.0,0.0
2021-08-06,-0.0664451827242618,1.1976047904191711,1.269792088931449,0.9153232673639498,1.454500675742528,0.8446217237339231,0.9718734304369664,6.03,0.8815829223798998,2.179109691794531,0.0378585741251633,0.0913314941193553,3.3799032778076303,0.0,0.0,0.0,0.0
2021-08-09,-0.1994680851063801,0.591715976331364,1.2599048490215192,0.9690527237482732,1.444224711706016,0.831701694009155,0.9017834714895754,5.77,0.8661881585560339,2.464063102817093,0.05046781287485,0.0696721311475409,1.8243685381494568,0.0,0.0,0.0,0.0
2021-08-10,-3.0979347101932064,0.0,1.25080685179538,1.0216998404575826,1.4366064409070147,0.7448516009684703,0.8099924299772899,5.86,0.7483368621395355,0.2118847503535133,0.0035482842058952,0.0629124505059392,1.6594139831737744,0.0,0.0,0.0,0.0
2021-08-11,-0.4640770024063267,0.588235294117645,1.2407133061062754,1.0741405383599545,1.428103051725515,0.7522197558268591,0.8475855130784707,6.22,0.8074183365265867,0.5473835392646683,0.0061791967044284,0.1254965425923201,3.4834099030117405,0.0,0.0,0.0,0.0
2021-08-12,-0.8806769124503511,0.5847953216374213,1.2340364957849352,1.1272054064416843,1.4238398419955085,0.759219396136634,0.8005066497783407,5.89,0.9504353865250004,4.37238203625579,0.0619030774672798,-0.1359509491805211,3.0644518272425247,0.0,0.0,0.0,0.0
2021-08-13,-0.9407665505226426,0.0,1.227542817389852,1.1236692469147642,1.4206046575435043,0.7866604107265313,0.7943304296471284,4.94,0.8674256664114715,24.938629646627653,-0.0881867999518246,0.0601589786824039,2.257627118644068,0.0,1.0,0.0,0.0
2021-08-16,-0.5715793176222395,0.0,1.2204307074206404,1.119721770640995,1.416845615397467,0.7942540204249325,0.8659425680702276,5.38,0.9558250135304752,1.780806250734528,0.0081843688827666,0.0684405133038497,2.2943249483533843,0.0,1.0,0.0,0.0
2021-08-17,-0.6898381533563147,-1.162790697674421,1.2157233338850335,1.1183559805706256,1.4166357434141967,0.8131213607337057,0.7631975867269984,4.61,0.9724178316753888,27.65002148689293,-0.0375717372262773,-0.1017810218978102,7.506459948320414,1.0,1.0,1.0,0.0
2021-08-18,-0.659007925906141,1.17647058823529,1.2105133007609057,1.1164367424255768,1.4161285519916027,0.8860731255716421,0.8408500229322733,4.62,0.9744809890366224,13.50352768026388,0.0751724715071331,-0.0734837012831752,7.830148619957537,1.0,1.0,0.0,0.0
2021-08-19,-0.242043926490354,0.0,1.2060218441653152,1.1152267761203365,1.416573336819682,0.8514949567723343,1.3766155695822062,8.07,1.0114608735348167,1.355161792289679,-0.0061746165296744,-0.0209047958060966,3.176007866273353,1.0,1.0,1.0,0.0
2021-08-20,-0.2426312005751274,-0.5813953488372103,1.1998760929152297,1.112491032722365,1.415011447126139,0.81436924883166,0.9142685851318944,5.71,1.004215137925119,0.2225417007118111,0.0018632530120481,-0.1685240963855421,37.33110925771476,1.0,1.0,0.0,0.0
2021-08-23,-0.5134672552022379,1.1695906432748648,1.191001579254086,1.107400793310453,1.410409863000097,0.7916170739107097,0.8651399491094147,5.68,1.0103607795126814,5.651971871380908,0.0796061019260269,0.0365604227032555,3.543990086741016,1.0,1.0,0.0,0.0
2021-08-24,-0.2897500905468919,0.0,1.1824812604194692,1.102764637534967,1.4064929760933191,0.8157435327725758,0.8267185861914033,5.37,1.0161918749548164,0.635902485148364,0.0143913156526261,-0.0668226729069162,4.696208314298766,1.0,1.0,0.0,0.0
2021-08-25,-0.2088630584816564,0.0,1.171333808452841,1.0956713963298934,1.399483275196408,0.805461191488675,0.8109719737626715,5.45,1.026879718984756,1.6377047515776075,0.0372793800539083,-0.0777628032345013,4.314018691588785,1.0,1.0,0.0,0.0
2021-08-26,-0.0910000910000818,1.1560693641618602,1.161164741496761,1.0894725859356158,1.3935379110630977,0.8181426488134695,0.6995515695067265,4.74,1.013655976072305,2.104257170700505,0.0450776964130569,0.0183691200198585,0.8721272834413671,1.0,1.0,0.0,0.0
2021-08-27,-0.1730576555241891,0.0,1.1534530150681097,1.0854618524223332,1.390304113760481,0.8112713308410264,0.7375800060957025,5.06,0.9815508207363444,3.27841673958306,0.0694779794016674,0.0750367827366356,26.84210526315789,0.0,0.0,0.0,0.0
2021-08-30,-0.0638686131386845,0.5714285714285783,1.1464306074949535,1.081983228628325,1.387711440457595,0.8705696394917625,0.6155778894472362,3.91,0.9993657930925556,1.160152379206055,0.0238101936426744,-0.039367921081476,15.09632224168126,0.0,0.0,0.0,0.0
2021-08-31,-0.0639094312060661,0.0,1.140322479522675,1.079348056508991,1.386186514997135,0.866928671776359,0.0167813391508642,0.1,1.003155547177756,0.3688711321245445,0.0093012152777777,-0.0575520833333333,5.833699956005279,0.0,0.0,0.0,0.0
2021-09-01,-0.1096290882514061,0.0,1.1369041066875003,1.0791861450766278,1.3878006529258222,0.8986475327106234,0.0,0.0,1.0304962783413436,0.176035512803256,-0.004565193185614,-0.0479902015365772,3.877642825011246,1.0,0.0,0.0,0.0
2021-09-02,-0.1006036217303774,0.0,1.1343038763319797,1.0798355951424816,1.3904817245324614,0.9370208309959236,0.0,0.0,0.796537738110833,0.4416496811438314,-0.0080866674309297,0.0710764645190874,14.469078179696616,1.0,0.0,0.0,0.0
2021-09-03,-0.3021148036253751,-0.5681818181818232,1.1289974835680376,1.0780417936398838,1.3901259007441715,0.9136901654437938,0.0,0.0,0.6423480667020425,3.7469893364287694,0.0453736101907076,-0.1005080627347028,7.844827586206897,0.0,0.0,0.0,0.0
2021-09-06,-0.1010101010101016,0.0,1.1232213246277276,1.0757534824340105,1.3893166429562258,0.9592409050747186,0.2772727272727273,1.22,0.659150434940986,1.509186316222495,-0.0139880423886581,0.0054417871974795,0.370641306998293,0.0,0.0,0.0,0.0
2021-09-07,-0.1194962772313679,0.0,1.11981954379538,1.075822194845526,1.3895106582004773,0.9197025231376268,0.0830078125,0.36,0.6678279442794117,8.396759186497826,-0.0545247024882798,0.1784349080418319,22.501136880400185,0.0,0.0,0.0,0.0
2021-09-08,-0.0552181115405892,0.0,1.1177775184950192,1.076979199250924,1.3911051925351638,0.895921073155514,0.1897233201581027,0.78,0.8245307061358048,7.991097160793261,-0.0391253392942679,-0.1381127255308957,6.14019520851819,1.0,0.0,0.0,0.0
2021-09-09,-0.1565377532228296,0.5714285714285783,1.1143583373420176,1.0764116167283688,1.3906020172204596,0.8872680088078012,2.9960899315738025,13.58,0.8820250847107286,7.828542183515201,0.0362271194605009,0.1099871547848426,8.804627249357328,0.0,0.0,0.0,0.0
2021-09-10,-0.4057917550493561,0.5681818181818121,1.1061746337892615,1.0709513243083122,1.3837889297189128,0.9023287182131948,2.875699888017917,14.11,1.033732231822572,3.869909098948993,0.0332994113591769,-0.0122500928037333,1.064025794564717,0.0,0.0,0.0,0.0
2021-09-13,-0.1111214001296323,0.0,1.1008710780747304,1.0627474990886454,1.3802252213028052,0.9192896852377714,2.6264308012486994,13.73,1.1071419179407882,1.5912341639306742,-0.0215219093790788,-0.0440984523587544,1.6426462927591596,0.0,0.0,0.0,0.0
2021-09-14,-0.0927041809585693,0.0,1.0932541931237854,1.050584263563459,1.373332646993942,0.8957516471967338,2.448428764218238,14.33,1.1648690745122177,0.8148402376800853,-0.0156892029395138,0.0584511023176936,2.9551300371534728,0.0,0.0,0.0,0.0
2021-09-15,-0.1577433423030516,0.5649717514124353,1.0871603705536983,1.038944814509971,1.3678231072084173,0.9236828340222152,2.485291495810305,15.48,1.1938199976531636,8.048895623321252,-0.0545418274425065,0.0700725420589597,10.880766926303176,0.0,0.0,0.0,0.0
2021-09-16,-0.2137546468401363,0.0,1.0804019678480183,1.0262438944104326,1.361416436664638,0.9864170945834024,2.3414466918066505,14.34,1.2480945734072395,0.2281017810926467,-0.0023837196026943,-0.1500171252426076,9.8796992481203,0.0,0.0,0.0,0.0
2021-09-17,-0.139703827884885,-1.1235955056179805,1.0755505203922078,1.014906578805008,1.3573517818501577,1.0776791639017915,2.173142028050944,12.97,1.26398799891086,3.806341221631652,-0.0115804122884414,-0.1893398572230689,18.35893447404239,0.0,0.0,0.0,0.0
2021-09-22,-0.4943107629173715,0.0,1.0741171695009173,1.0065924903385353,1.3575341427033458,1.1038605127356589,2.1194255479969764,13.13,1.239689351156266,2.4443400874545747,-0.0025666707085404,0.0232407744230225,2.3013808284970985,0.0,0.0,0.0,0.0
2021-09-23,-0.1124753960071278,-0.5681818181818232,1.0720816154170358,0.9976121492694766,1.3568285372690938,1.1008359995871606,2.814152094347296,19.46,1.2724083646450457,95.38554879855371,-0.0261640219831256,-0.0606858115953247,2.9770267704575657,0.0,0.0,0.0,0.0
2021-09-24,-0.1501360608051061,0.0,1.0707789558094016,0.9893657335241668,1.356933210177542,1.061904958166756,2.4892174984596425,19.6,1.25097096319549,5.79996825111986,-0.0098770568876351,-0.0318523742360131,1.092521669018343,0.0,0.0,0.0,0.0
2021-09-27,-0.1879522601259342,-0.5714285714285672,1.0708164493811552,0.9823477799612732,1.3588584350940445,1.0840503521777525,2.2839159267168707,19.25,1.27892482266697,6.755851418244444,-0.0285928405871748,-0.0911666237445274,3.4419056878949927,0.0,0.0,0.0,0.0
2021-09-28,-0.0847377836361795,-3.4482758620689724,1.0738987512171865,0.9780375106427824,1.364542003169635,1.1573089717895764,2.4138982017677537,20.89,1.2712446783138576,12.253179604354004,-0.1310382358693526,-0.0273322902405632,1.4916611074049366,0.0,0.0,0.0,0.0
2021-09-29,-0.4240482472672502,-1.1904761904761862,1.0810782156187375,0.9775732592421982,1.3754934318833327,1.2471730543075117,2.315307057745188,20.36,1.2457346756427834,6.070016586608757,-0.0762592788370775,0.0260902397583537,2.168523458339872,0.0,0.0,0.0,0.0
2021-09-30,-0.2839027160026486,-1.8072289156626509,1.0862697196314377,0.9760855290365577,1.3840617032350786,1.1881896808827914,0.3478104162912236,3.23,1.1280065481432353,0.0703867292788194,0.0013796835001163,0.0788922504072608,6.22875516766192,0.0,0.0,0.0,0.0
2021-10-01,-0.1423555091582096,0.0,1.0911353939237805,0.9756774718554868,1.3917074584150788,1.1677998956970097,0.3870283644075284,3.69,1.1115682963472588,1.569632668292427,-0.0508306746279297,0.0666607254255414,4.711811023622047,0.0,0.0,0.0,0.0
2021-10-04,0.0760311727808327,0.6134969325153339,1.0982211389818437,0.9774043902404946,1.4015510331326448,1.271976584155537,1.073668366920311,9.78,1.1458905806672763,1.087544009296151,-0.0172182975536694,-0.1315942752537859,9.091693015234265,0.0,0.0,0.0,0.0
2021-10-05,-0.1899335232668608,-1.2195121951219412,1.1084391385727703,0.9821020623334034,1.4148686595645312,1.374498220101492,1.1238260595059586,9.81,1.1183106569541523,1.846673873177328,-0.0258012454912599,-0.0434688781329962,4.026845637583893,0.0,0.0,0.0,1.0
2021-10-06,0.570884871550903,0.0,1.1194716944189866,0.9883198766925252,1.428698164259048,1.3516919313591047,1.595271108516383,14.98,1.0949309259970872,0.2923683638201186,0.0064206823777699,-0.082206924275162,3.754446356855996,0.0,0.0,0.0,1.0
2021-10-07,1.4285714285714235,-0.6172839506172867,1.1295353572226805,0.9936283709292776,1.4396332776624794,1.492689927347744,3.2903974116354315,32.39,1.0782036383476428,3.524901676961919,-0.0736029037956141,-0.0696221619059928,2.524014057008981,0.0,0.0,0.0,1.0
2021-10-08,0.6249417031993332,-2.4844720496894457,1.142331839819487,1.002479035125451,1.4531026168086023,1.555676337879925,2.078833397291816,21.03,1.0512021262521185,2.198930104368692,-0.0347662079510703,-0.1581345565749235,6.365874676843531,0.0,1.0,1.0,1.0
2021-10-12,0.4171301446051156,-1.9108280254777064,1.1585821695418552,1.014252743899094,1.4703903419675974,1.485968804793126,1.8902814875693448,20.58,1.0867271271259695,1.9195459495685685,-0.0310558401778211,-0.0381393835894933,1.4792619460652894,1.0,1.0,1.0,1.0
2021-10-13,0.7015600480014816,0.6493506493506551,1.1788693987947405,1.0293786715448952,1.4918647925610444,1.4938827045558067,1.1362725450901805,12.13,1.0474704120650735,0.5934454116053796,0.0161170657883023,-0.1830766491587287,3.591355599214145,1.0,1.0,1.0,1.0
2021-10-14,0.1008341736181028,0.0,1.1967332143713811,1.0473793511171627,1.5098724937470511,1.4620867840088585,1.0332646452752428,11.08,1.04046322180934,0.8553772769528426,0.0274639521226019,-0.1082834610436825,1.588969139855548,1.0,1.0,1.0,1.0
2021-10-15,-0.2472527472527463,0.6451612903225712,1.212790011734609,1.0652640208822235,1.525914334380737,1.4238075168400584,0.9124740225218696,9.8,1.029856968545278,3.024343524841224,0.0651269889840881,-0.0681500262283616,1.1790954469823025,1.0,1.0,1.0,1.0
2021-10-18,-0.2386853942899169,0.0,1.229705480633169,1.084973526987753,1.5431192656906891,1.3372541182516344,0.9253959168097692,10.35,0.99855758665468,0.9860140662467448,0.0281070120355834,-0.1543040293040293,1.5879640537174784,1.0,1.0,1.0,1.0
2021-10-19,-0.1472347474003821,0.6410256410256387,1.2428935237669387,1.101597763790307,1.5558047275813915,1.167303263690315,0.9030131826741996,11.43,0.8983816237644086,1.502202826735322,0.0358615030403211,-0.0035421217309168,0.0421688863899919,0.0,1.0,1.0,1.0
2021-10-20,-0.0368629619389992,0.0,1.2550333603166677,1.1175484552726092,1.5670266301124167,1.2668942902538791,0.8519156463851776,9.77,0.9042504789368448,1.4765016344716642,-0.0411901007156109,-0.0704346673734428,0.8572926327674503,0.0,1.0,1.0,1.0
2021-10-21,-1.078639255093572,-0.6369426751592355,1.2670216570238002,1.13398449116505,1.5784673111163094,1.233150800336984,0.8620372075888746,9.99,0.9026897403723012,0.565577270204857,0.0153340005337603,-0.2628769682412596,2.688135361943099,1.0,1.0,1.0,1.0
2021-10-22,-1.2488350419384897,2.564102564102577,1.278398630140687,1.1505696362889646,1.59012600599432,1.2054664564183428,0.8625636279500232,9.91,0.9026021222241338,7.223166850097286,0.1563667246727699,-0.0693046833623363,0.6221558106364192,1.0,1.0,1.0,1.0
2021-10-25,-0.2642506606266415,-1.2499999999999956,1.2898772937078429,1.1672889243581912,1.60189262631086,1.1878187781366525,0.859465737514518,9.71,0.899080015715034,3.027906626732688,-0.0897258050129337,-0.0513781107840513,0.3872138751638601,1.0,1.0,1.0,1.0
2021-10-26,-0.2838758516275685,0.0,1.2992533141070768,1.1821938241425107,1.6110068928063477,1.1492813952781744,0.8515008636384856,9.64,0.8902594405253714,0.9411238543295968,-0.0309204286139497,0.1192578628832225,0.8745952632153382,1.0,1.0,1.0,1.0
2021-10-27,-0.3321313342190102,0.0,1.307514280385947,1.1963704241557929,1.6188475013287893,1.2021748004756636,0.8571834050806566,8.92,0.8831555797092684,1.6466925178924825,-0.038360659292995,-0.095098677076556,0.6308217946412515,1.0,1.0,1.0,1.0
2021-10-28,-0.1332952489764838,0.0,1.310774019395097,1.2059024316608062,1.6203680804933205,1.2104182053175776,0.8875426703206885,8.8,0.8931889007803283,0.2689661985452014,-0.0017020179864005,-0.0228668567668348,0.2884515615812956,1.0,1.0,1.0,1.0
2021-10-29,-0.3718180951473027,-0.6329113924050667,1.3156155428395282,1.2162590532571271,1.6235321066851118,1.2651425244631542,0.8831988125057982,8.42,0.8986730286339323,7.555017784173155,-0.0439798042566412,-0.1390088550567034,2.5754828310738853,1.0,1.0,1.0,1.0
2021-11-01,-0.2200956937799092,-0.6369426751592355,1.3208815079085985,1.2256972314296992,1.6277394279270396,1.2291656477058437,0.7973003374578178,7.83,0.8748401373190087,1.517071851009301,-0.0168835146335146,-0.0731028231028231,0.616602949208083,1.0,1.0,1.0,1.0
2021-11-02,-0.2014002109906876,0.0,1.323045246194864,1.232218614321854,1.6286170266182385,1.163526352104453,0.7638146167557932,7.82,0.8840733042181755,2.2664676901115133,-0.0352339533187454,-0.0263493800145878,0.1712795590588514,1.0,1.0,1.0,1.0
2021-11-03,-0.4516625024024612,0.0,1.3235318890776164,1.237307183995839,1.6279026461039632,1.1538581579467546,0.760614512772834,7.75,0.8805627067579188,1.5756290412024094,-0.0261536724506774,-0.1219396244354647,0.6150710389065404,1.0,1.0,1.0,1.0
2021-11-04,-0.0772275316150206,0.0,1.3234221120412846,1.2410771466286572,1.6268819346137082,1.110021652980349,0.7685769247975662,7.9,0.901010902021848,0.9115049365777922,-0.0201916618413433,-0.0477707006369426,0.2058896930371849,1.0,1.0,1.0,1.0
2021-11-05,-0.1449135349241626,0.0,1.3219307186679967,1.2434949056481788,1.6257992206147267,1.0670396138582867,0.8513539840249368,8.27,0.9082265177813248,0.3863903896324311,-0.0035416832867969,0.0595665470017285,0.2987463323552947,1.0,1.0,1.0,1.0
2021-11-08,-0.3192724458204288,1.2820512820512775,1.313213246897194,1.2381062355259274,1.616713480518579,1.0735399386291165,0.9008455034588778,8.2,0.904484813508355,24.74736928867761,0.0436445505831862,-0.0253002457342608,0.5721665623043206,0.0,0.0,0.0,0.0
2021-11-09,-0.3300009705910933,0.0,1.3023375841606062,1.231169797908329,1.6055855262897485,1.1531624066685102,0.9372303710094908,7.44,0.926774428889786,1.0107775039506106,0.004208085308403,-0.0205602015849249,0.4557228428039501,0.0,0.0,0.0,0.0
2021-11-10,-0.1558087447657952,-1.2658227848101222,1.2906126291065607,1.2238918325543362,1.5939855447733815,1.1498975309846784,0.935173017958826,7.25,0.909879354508784,19.93314428009859,-0.069763535670043,-0.0644174014428332,0.8231295684156618,1.0,1.0,0.0,0.0
2021-11-11,-0.1658051302057983,-6.410256410256421,1.2804963594426286,1.218237564877715,1.584852426373368,1.1220532337755795,0.9633890056409689,7.5,0.9066737396580768,22.238180504747486,-0.2694086158110527,-0.1566668591557429,2.437994248741912,1.0,1.0,1.0,1.0
2021-11-12,-0.2540054708870753,-0.6849315068493178,1.271434384115391,1.2134807767836642,1.5769242920947095,1.1233022101745478,0.9641230700877486,7.39,0.9266226680812664,0.2728121667266284,0.0040671911545821,-0.0333297894960663,0.5880697805289814,1.0,1.0,1.0,0.0
2021-11-15,-0.2742409402546553,-0.6896551724137945,1.2603804923945146,1.20683757092503,1.5666211186736207,1.0200485420753398,0.9823621344050012,8.2,0.9316881857504488,1.8978548113491192,-0.0530029300962745,0.0410213478442863,0.530446549391069,0.0,0.0,0.0,0.0
2021-11-16,-0.2258888234138556,0.0,1.2519595721467085,1.2026387597055774,1.5594997546205756,0.976176696169356,0.9675065940849654,8.31,0.9360445488742624,1.1491236418277246,-0.0385964164564669,0.0495781508219535,0.63883440739703,0.0,0.0,0.0,0.0
2021-11-17,-0.2657741903730803,0.0,1.24239184429894,1.1974666997204388,1.5511564479587878,0.9756851287381832,0.9628920547328116,8.21,0.9385681096073336,0.211888280634801,-0.0070494113284509,-0.0452396403077778,0.5651418645049219,0.0,0.0,0.0,0.0
2021-11-18,-0.6810106592972764,-2.083333333333337,1.2321893436344524,1.1914102235257562,1.5417389970027646,0.9784405870270924,0.9683805645115674,8.15,0.9447209358934128,1.8479820552528536,-0.0762425437266201,-0.0470124355474673,0.6741573033707865,0.0,0.0,0.0,0.0
2021-11-19,-0.1788730994733089,-1.4184397163120588,1.222792637279912,1.1854168070657605,1.53230765596398,0.9537680843464588,0.966073762573166,8.27,0.957716400210606,1.4425105327338006,-0.0758932798778159,0.0892516227567774,1.5656396517079705,0.0,0.0,0.0,0.0
2021-11-22,-0.1393728222996548,0.0,1.2134946571052645,1.179412520396218,1.523069409204478,0.958092685856859,0.969122766965356,8.19,0.9820765659818316,0.2783247359482391,-0.0107449266550125,0.0205213954548909,0.4865741575058569,0.0,0.0,0.0,0.0
2021-11-23,-0.199381916060215,-0.7194244604316502,1.206158125905348,1.1752401544778928,1.516311764220998,0.960117013398586,0.9693497565167574,8.11,0.987490345188986,0.455939207576387,-0.0199860796937532,-0.0885679484948668,1.52875807178255,0.0,0.0,0.0,0.0
2021-11-24,-0.5194286285086336,-2.1739130434782483,1.1993192381829356,1.1715606074466551,1.5103531062489084,0.9738408787334928,0.972693302673182,7.98,0.9902667620788426,2.5992089573354,-0.1215972036168787,-0.1352980576021433,2.29921035782884,1.0,0.0,1.0,1.0
2021-11-25,-0.0401646751681972,-5.185185185185192,1.1936700060809806,1.1689290617403465,1.5056689181147118,0.9828187833295886,0.9879963065558632,7.99,0.991974062586411,4.642489152985453,-0.2670951399349877,-0.0792832791564259,1.366120218579235,0.0,0.0,1.0,0.0
2021-11-26,-0.2913108990456936,-2.34375,1.189499501907411,1.1677159466698843,1.5030978363298133,0.9899979775322216,0.8590964876395302,6.83,0.995799738179833,2.8244271555834226,-0.2234512916277622,-0.0447141819690839,0.8134377654053033,1.0,1.0,1.0,1.0
2021-11-29,-0.46342937739271,-3.200000000000003,1.1844700773001042,1.165654756235972,1.4997303199470902,0.9671153109672536,0.873511729341035,7.07,0.9937589676505988,1.4692718204414794,-0.1029445695478953,0.0536116403949419,1.3990281387727428,1.0,1.0,1.0,1.0
2021-11-30,-1.0829959514169984,-2.479338842975209,1.1787416481121653,1.1633789363375957,1.4961314203979887,0.9839519807035622,0.8693070482750431,6.88,1.011007685446378,2.0568656307998525,-0.0953136253553753,0.0767084342423923,4.102491904828946,1.0,1.0,1.0,1.0
2021-12-01,-0.4195231760974249,-2.5423728813559365,1.1716362412948271,1.1596679281661433,1.4907994892217356,0.9600556392720528,0.8884902840059791,7.18,1.0170899632340724,0.4159590674358496,-0.0261299363057324,0.0778485491861288,4.420333534257585,0.0,0.0,0.0,0.0
2021-12-02,-0.1335799424578621,-1.7391304347826098,1.1638365939482471,1.1552868325813703,1.4846555094998986,0.967395698295209,0.8935452793834296,7.13,1.0233250885404097,0.8317396995682933,-0.0371142191142191,-0.0078671328671328,0.6737367436057393,0.0,0.0,0.0,0.0
2021-12-03,-0.2160716123057904,0.0,1.154987786698796,1.149800003767414,1.477138965003998,0.9736755251646732,0.9354174239670424,7.37,1.0370230049867146,0.1851356764236244,0.0062678285480207,0.0871783413398875,16.056241426611795,0.0,0.0,0.0,0.0
2021-12-06,-0.154671066199219,0.8849557522123908,1.1511919658654106,1.1492501915029685,1.4759212314161956,0.982242960219951,0.9030917756324088,7.0,1.0313753904112035,0.3806796273685101,0.0205518646369758,-0.1123875275875728,9.522896187964516,0.0,0.0,0.0,0.0
2021-12-07,-0.07229164515129,0.0,1.1483246380080072,1.1495117440976144,1.4756537509848964,1.0265121640478068,1.243040426046962,9.34,1.0201787791569077,0.03133955044296,-0.0018797030011854,-0.1622886379235041,8.378160734417781,0.0,0.0,0.0,0.0
2021-12-08,-0.144687887556838,0.0,1.1433352028576649,1.1476081410362124,1.4727776786979443,0.9766454352441614,2.7896760021965954,24.43,1.0173562508525114,0.1709839410775391,-0.0083669729643596,0.1283794550379773,16.623108665749655,0.0,0.0,0.0,0.0
2021-12-09,-0.1552473607948745,0.0,1.1387914068182463,1.146196641881839,1.4705544004054163,1.0086523310342226,0.929388473383194,7.9,1.0273154463845933,0.266890028691779,0.0081215041233417,-0.0484492649695231,16.9435736677116,0.0,0.0,0.0,0.0
2021-12-10,-0.062195501192086,0.0,1.1360387329340704,1.1464660800205255,1.4704704241176298,1.0626474914047093,0.9305654974946314,7.52,1.0409092411008858,0.2171711769397752,0.0111397326852976,-0.1961573511543135,15.98391089108911,0.0,1.0,1.0,0.0
2021-12-13,-0.1244684161393894,0.0,1.1344902533052383,1.1478415340147738,1.4718074369105698,1.096722546618949,0.9218370501214396,7.17,1.036871361181848,0.1539014070871751,0.0099037066881547,-0.1466559226430298,5.623792970258788,0.0,1.0,1.0,0.0
2021-12-14,-0.0623117665385808,1.7543859649122862,1.1333180874855646,1.149518163307387,1.4734899458078008,1.0849686055821663,0.9326997458282684,7.28,1.0537099545204778,0.7353440215608247,0.0375673795413553,0.0603796272438375,2.786917740336967,1.0,1.0,1.0,1.0
2021-12-15,-0.0415670788735389,0.0,1.1330952776357208,1.1520158319975538,1.4762826360628856,1.1053808843977138,0.9269398816437144,7.05,1.0568952571055428,0.0415281434429175,0.0022536805299963,-0.1971843945528156,6.397014925373134,1.0,1.0,1.0,1.0
2021-12-16,-0.1975257303253985,0.0,1.131778555234458,1.1531041377253095,1.47727218984112,1.1088020689018194,0.9331414655744964,7.02,1.0525756687532213,1.0240186292178262,0.0326341626213592,-0.0322815533980582,1.572336338111423,0.0,1.0,0.0,0.0
2021-12-17,0.1770833333333277,0.0,1.1314886162997897,1.1550464997569077,1.4794498356858043,1.0679504713300962,0.9324473975636768,7.24,1.0375742854274457,0.8585930307877235,0.0230846811460258,-0.0908618299445471,3.391913746630728,1.0,1.0,1.0,1.0
2021-12-20,0.384735364458777,0.8620689655172376,1.132044431605212,1.1575441684470746,1.4812353025694,1.0686006203247582,0.930696360312448,7.17,1.0292917101218308,0.4001630779400528,-0.0234381417480591,-0.0900325569747057,1.4010132501948558,1.0,1.0,1.0,1.0
2021-12-21,-0.0414336026517525,0.0,1.131601086567512,1.1589459923892231,1.4815208674981684,1.0751138603765888,0.9204324923759356,7.0,1.0120489206347814,0.2849413278566617,-0.0167052564914502,-0.0920835972134262,1.4579364283565628,1.0,1.0,1.0,1.0
2021-12-22,-0.0932642487046719,0.0,1.1297420897242991,1.158782307132588,1.4796443329488875,1.062723973945773,0.926542387927208,7.08,1.0123621573041135,0.184660748013889,-0.0180795426298782,0.0176485210042257,0.1713734009172097,1.0,1.0,1.0,0.0
2021-12-23,-0.0622342080697002,0.0,1.128155481478879,1.1588949408821343,1.4781887097354818,1.0717135403125309,0.9180838057130154,6.91,1.0099341842714329,0.811411055036545,0.0172122784686184,0.0657984921178889,2.032053220441488,1.0,1.0,0.0,0.0
2021-12-24,-0.083030617540214,3.418803418803429,1.124482443686195,1.15676611543311,1.474006164510531,1.0963953576373275,0.9250663129973477,6.8,1.0115413057640752,27.07643449706191,0.1191929624346172,0.1162149310508797,4.92642612376537,1.0,1.0,0.0,0.0
2021-12-27,-0.051937259790169,-0.8264462809917328,1.120760110203581,1.1545078731025475,1.4694442802854497,1.057403549741045,0.9075907590759076,6.9,1.0111221117496625,1.8705532199601933,0.0037276975945017,-0.0589690721649484,1.427858212680979,1.0,1.0,0.0,0.0
2021-12-28,-0.0311785491581839,0.0,1.1179649578924438,1.152557302479036,1.4653856733083814,1.0488261837117048,0.8987903005090591,6.89,1.007934403413425,0.9262858118441074,0.0128706624605678,0.0045425867507886,0.0969044414535666,1.0,0.0,0.0,0.0
2021-12-29,-0.0935648196278227,0.0,1.1162092934938834,1.1513858693791224,1.4624423853866395,0.9710653222270934,0.8918447448757086,7.39,1.044424851989873,1.1315660104630598,0.0235414440543428,0.0841092962906426,1.3811254543175835,1.0,0.0,0.0,0.0
2021-12-30,-0.0416233090530626,0.0,1.1147826963292513,1.168772687750538,1.4598711235473831,0.9394974170387882,0.8902399305178591,7.64,1.0345200011851703,0.8688049348107137,0.0207996062992125,-0.0010498687664041,0.0204472843450479,0.0,0.0,0.0,0.0
2022-01-03,-0.0520508015823373,0.0,1.1160024789228111,1.188957258408375,1.4606161893869896,0.8846088066200944,0.8786089594279833,8.04,1.0123100737611908,1.911459349875024,-0.0304298887441114,0.0471083492031672,0.9694719471947194,1.0,0.0,0.0,0.0
2022-01-04,-0.0624934902614282,0.0,1.114993432531477,1.206538539175766,1.4584035240043716,0.8712249484345659,0.8710669760915322,8.15,1.0112797874078496,3.642206851562274,0.0445610328638497,0.052852468345426,2.1329123008468494,0.0,0.0,0.0,0.0
2022-01-05,-0.0521104742053135,0.0,1.110989917649152,1.220357053428495,1.4523448805101746,0.8880174176481759,0.9096858638743456,8.3,1.0107354289111043,3.3946755011128387,0.022048393112451,0.0215702119724,3.7799564270152506,0.0,0.0,0.0,0.0
2022-01-06,-0.0521376433785358,0.8333333333333304,1.1098082786648935,1.2374383243480076,1.449919275745382,0.8463253644935214,1.0007216742843397,8.72,1.0081997516375805,0.4553748673379945,0.0055529482881793,-0.1081496950046711,4.885192999875884,0.0,0.0,0.0,0.0
2022-01-07,-0.0938967136150159,0.0,1.1083635939195822,1.2545556150759556,1.4470614574701677,0.8957519346766056,0.9740220601530952,8.02,1.002231450007192,0.4675290080989956,-0.0065184018234229,0.0191057183079707,0.8518905993125093,0.0,0.0,0.0,0.0
2022-01-10,-0.052213868003359,0.0,1.1063715778994994,1.2711904022496558,1.443485640344966,0.9166759670543068,0.967001087876224,7.79,0.969470138277914,2.5181947846119126,0.0691927220493177,-0.1015082595163993,3.4221146085552863,0.0,0.0,0.0,0.0
2022-01-11,-0.0417929161007135,0.0,1.1038977696721808,1.2871898968307491,1.4392038569771164,0.9148059441266474,0.966745411593676,7.84,0.9522978354452714,0.8923316083111545,0.0167267001514789,-0.0041457386590129,0.2927927927927928,0.0,0.0,0.0,0.0
2022-01-12,-0.0209051949409344,0.0,1.1009180683993909,1.302556150263202,1.4342970423000048,0.9137216582523568,0.9729138831531642,7.93,0.940528629119578,0.985953764428136,0.0253008809060748,0.0813408076879075,4.012415349887133,0.0,0.0,0.0,0.0
2022-01-13,-0.041819132253007,0.0,1.098687640678318,1.319047369204859,1.4303606645351643,0.9404614375273364,0.5609801604577399,4.37,0.9372902969252151,0.8684922773687835,-0.0187670305235496,-0.2295330503335354,12.369281045751634,0.0,0.0,0.0,0.0
2022-01-14,-0.0522957849597327,0.0,1.0973783716327523,1.3363163382774963,1.4275096627628725,0.9252253536017504,0.6194746549640654,4.84,0.9249134755262092,4.649194560086618,-0.0524719059313835,0.1239115874079035,22.57627118644068,0.0,0.0,0.0,0.0
2022-01-17,-0.0209292591042187,0.0,1.0938745874840488,1.3509968683953388,1.421914607222354,1.0270940159127242,0.5018343815513626,3.44,0.9288271790262838,0.9121421191093416,0.0089357381239792,0.0749130156926791,18.300086730268863,0.0,0.0,0.0,0.0
2022-01-18,-0.1151350219803171,0.0,1.0900582150550815,1.3657288883040422,1.4173656206711922,1.031623967152088,0.5383525602104837,3.57,0.920041781709489,0.3457993165218987,-0.0036786894879894,0.0191728494821126,2.4472573839662446,0.0,0.0,0.0,0.0
2022-01-19,-0.073352195326426,0.0,1.0877776238615626,1.3825057545786616,1.4149410489755927,0.9805670951013468,0.1925118550498973,1.29,0.9150480384131796,2.5979024788479297,-0.0245839983052044,-0.0344608431607937,4.114671163575042,0.0,0.0,0.0,0.0
2022-01-20,-0.0209731543624136,-0.8264462809917328,1.0858288793105593,1.3994905454779991,1.4129551878511375,0.9879243307910872,0.2054794520547945,1.31,0.9242985732655684,3.061615062828103,-0.0403692698552965,-0.0460620788688832,4.426751592356688,0.0,0.0,0.0,0.0
2022-01-21,-0.0629326620516068,0.8333333333333304,1.086298010266591,1.4197191090032844,1.4141726846355225,1.0533522146467724,0.1698914582350165,0.96,0.9363280400475106,0.6218774259913814,0.0028579366996859,-0.1417008939357332,30.50715214564369,0.0,0.0,0.0,0.0
2022-01-24,-0.0419815281276325,0.0,1.0875864235486563,1.4407707010912931,1.4164866808036458,1.033426617649141,0.1686425112706628,0.92,0.9450703905158874,1.1775957982978122,0.0052609477124183,-0.021813725490196,1.4067439409905165,0.0,0.0,0.0,0.0
2022-01-25,-0.0944981100377884,0.0,1.089699744074711,1.4629979226752323,1.4198706708981417,1.0334949107845834,0.2846031465441046,1.48,0.9471640590475529,5.576116267609258,-0.0098348771306517,-0.0908937106120204,7.791878172588832,1.0,1.0,1.0,0.0
2022-01-26,-0.0630583289542796,0.8264462809917328,1.0927564801325391,1.485514171802679,1.4244686942453737,1.050214825329383,0.2074884466660379,1.0,0.9438971564312164,5.853761761846873,0.0215102258201959,-0.0835108649339582,3.4958382877526755,1.0,1.0,1.0,1.0
2022-02-07,-0.0946471763592415,0.0,1.0953679629405713,1.507425237403902,1.4284853974578595,1.0395392961681111,0.2662095391751538,1.21,0.95916846743963,10.55652239182067,0.0430795081608541,-0.1065068043582899,5.0118398023267785,1.0,1.0,1.0,0.0
2022-02-08,0.0210526315789438,0.8196721311475308,1.0982733486499645,1.5113263342580443,1.4328444237269349,1.0685309364150857,0.2775067750677507,1.14,0.9510358148999254,7.6971978583412755,0.0581805699340707,-0.0877240778074429,2.8457799381352187,1.0,1.0,1.0,0.0
2022-02-09,0.0315723005682944,0.0,1.0995891746508617,1.5129869822920827,1.435101185912358,1.081252215002953,0.2789171452009844,1.04,1.0128173430881944,4.523845975744127,0.0525098920338488,-0.0519404727166618,1.4043392504930967,1.0,0.0,0.0,0.0
2022-02-10,0.084166228300897,0.8130081300812941,1.1009339907565991,1.5145793543475272,1.4372833251532495,1.084907871911482,0.3234432700878645,1.1,1.0101827348993802,5.44887190182488,0.069118191331167,0.0231866497769455,0.6478418096483803,0.0,0.0,0.0,0.0
2022-02-11,0.0,-0.8064516129032251,1.1045282654204396,1.5192199161000264,1.442361942705613,1.2013467515169454,0.4484679665738161,1.24,1.005063432318481,8.962449109424208,-0.0358576313520264,-0.1553328774047753,5.52365847211208,0.0,0.0,0.0,0.0
2022-02-14,-0.0210238620834579,0.8130081300812941,1.1086049483075762,1.5244923948701363,1.448059638105073,1.1881746855260045,0.4345815996301433,1.08,0.9614030642070192,0.4610623815131461,0.0037728872152602,-0.137415889869745,2.322015334063527,1.0,1.0,1.0,0.0
2022-02-15,-0.0210282830406804,0.0,1.1117220888920945,1.5283934917242783,1.4524865069793038,1.1787096137100177,0.4877211059591276,1.08,0.9566432057480548,0.0017684752904702,-2.755414446082306e-05,-0.1835809048644971,1.5362717654315132,1.0,1.0,1.0,0.0
2022-02-16,-0.0105163529288132,0.0,1.1132043274212735,1.5300251937853275,1.45474655729468,1.150806673348293,0.5498547918683446,1.09,0.9338304794431128,0.9731922137258,0.0070025235000946,0.0895211658570437,1.5087719298245614,0.0,0.0,0.0,0.0
2022-02-17,-0.0210349179638136,0.0,1.1141538646523776,1.5309147730061547,1.4563049261309482,1.087502635092404,0.6513070447496677,1.19,0.9165722771381726,0.0555209445686053,0.0004029350104821,0.1465408805031446,2.517255866994778,0.0,0.0,0.0,0.0
2022-02-18,-0.0105196717862465,0.0,1.115358454956722,1.5321478322993776,1.4581884870606705,1.0632900376389705,0.7317073170731708,1.15,0.923465819331888,0.375933409888276,0.0028358458961474,0.0815984685331419,1.2514526882378127,0.0,0.0,0.0,0.0
2022-02-21,-0.0105207785376038,0.0,1.1150315826089758,1.5312532342950194,1.4580336527906854,1.05115034316053,0.8766507445911773,1.28,0.9274825875517956,2.5376752200185093,-0.0195045450754732,0.1125844383287465,2.1213073538654936,0.0,0.0,0.0,0.0
2022-02-22,-0.0315656565656574,0.8064516129032251,1.116036344433475,1.5321685953891342,1.4596226865324098,1.056806670969231,0.8,1.04,0.931950123600174,0.0531799158076471,-0.0004396304970075,-0.054839968774395,1.1065896560777106,0.0,0.0,0.0,0.0
2022-02-23,-0.0210504157457269,0.0,1.118843552431057,1.5355636260741252,1.4635766558863874,1.099721358683897,0.8692699490662139,0.99,0.8924683175147554,2.27096073434355,0.0251369618196588,-0.1059301380991064,1.4822392725206024,0.0,0.0,0.0,0.0
2022-02-24,-0.0421096957574418,0.8000000000000007,1.1227372273059495,1.540393338719809,1.4687775605196698,1.0856714608104012,1.0141685309470545,1.05,0.9124821592518668,0.295210184049304,-0.0015604174719752,-0.163123308851952,3.823156368907411,1.0,1.0,1.0,0.0
2022-02-25,-0.0210637177461725,0.7936507936507908,1.1256132988024654,1.5429779058874995,1.472589892471682,1.093200713083754,0.94311377245509,0.96,0.958306235293031,3.107354631698568,0.0281248264233287,-0.1951497718706605,3.0834933197508128,1.0,1.0,1.0,0.0
2022-03-01,-0.0632044664489628,0.7874015748031482,1.126661774441976,1.5431216079146204,1.4740496224140958,1.0329980910195278,0.8465608465608465,0.9,0.9571393129094612,3.565658953037822,0.0528180660806304,0.1295544104274022,1.8607688623797287,0.0,0.0,0.0,0.0
2022-03-02,-0.0210814799199043,0.0,1.125858074925582,1.5406683358575348,1.4730589983033235,1.0312786392086437,0.8525084873632591,0.9,0.9688316592195738,1.8023967946003816,0.0586556812592228,-0.0843580914904082,0.6813667063965038,0.0,0.0,0.0,0.0
2022-03-03,0.0843437005798808,0.0,1.1245866099128636,1.537484565816834,1.471364479994797,0.9939762731410484,0.9060277049794084,1.0,0.976694343884071,0.9061919458288276,0.0188671684914841,0.1438564476885644,2.1049118317850586,0.0,0.0,0.0,0.0
2022-03-04,-0.021068155482995,0.78125,1.1233220979097152,1.5342307691230743,1.4695354358562416,0.991131722398503,0.9052871814378092,0.98,0.9708935971207946,0.5635933012535881,-0.016408452181208,-0.0083892617449664,0.1005783253708825,0.0,0.0,0.0,0.0
2022-03-07,-0.0526814877252146,0.0,1.1238880930111854,1.533595330308226,1.4700420927555258,0.9803238584354672,0.9599395313681028,1.05,1.0009943286236755,0.017231794278184,0.0001305626856631,-0.1243330545381132,4.527647954628998,1.0,1.0,1.0,1.0
2022-03-08,-0.0843348091924878,0.7751937984496138,1.1260727091758749,1.5351468065421634,1.472538425712195,0.9652285430832144,0.9689629068887208,1.07,1.031539999568347,1.5631257765701694,0.0169412205166604,-0.0011231748408835,0.0288582937533818,1.0,1.0,1.0,1.0
2022-03-09,-0.0211014982063661,0.7692307692307665,1.1269586436062098,1.5349839647923005,1.4733736853847954,0.952426930581538,1.1896745230078565,1.34,1.045304841851585,1.3052688672057462,0.0222851513523195,0.0807809421457997,1.277529919977339,1.0,1.0,1.0,1.0
2022-03-10,-0.1160827353313576,1.526717557251911,1.1275526545230754,1.5338424908598325,1.473937638565571,0.9158806296880532,1.248164464023495,1.49,1.077241256279152,2.6449062416498625,0.0396450258974816,-0.0694766922664761,1.1107145406524377,1.0,1.0,0.0,0.0
2022-03-11,-0.0316957210776513,0.0,1.128898177913909,1.5338179522423008,1.4755397227693092,0.9104312866086032,1.2423257493680029,1.52,1.0946064860479705,1.8750118562488025,0.0158019039314003,0.0452728726110021,0.902440790903165,1.0,1.0,0.0,0.0
2022-03-14,-0.1056859015007516,0.0,1.1290830423145188,1.5323141246603824,1.4757034176885924,0.9079915920692762,1.264367816091954,1.57,1.0911353494520888,3.723988601094876,0.0628204828660436,0.0637071651090342,2.106889890534449,1.0,0.0,0.0,0.0
2022-03-15,-0.0423190859077382,0.7518796992481258,1.1293340285499784,1.530862590812193,1.4759550652070828,0.9326949786761222,1.2086740135087095,1.49,1.1097688777095378,1.3516448441348563,0.0257684175476567,-0.1291101306917506,4.375176304654443,1.0,1.0,0.0,1.0
2022-03-16,-0.0952582557155024,0.746268656716409,1.129029134640419,1.5287245079849685,1.4755355484453327,0.9358207358520068,1.3086074177746676,1.64,1.0583018116718164,3.5697569669806293,0.0917687413554633,-0.087321346242508,2.951075101277657,1.0,1.0,0.0,0.0
2022-03-17,0.0105943426210508,0.0,1.1280942193635712,1.5257701174820966,1.4742771921761697,0.8794697583577469,1.0202655485674357,1.38,1.0565745427175486,3.6544583593986353,0.053874465364434,0.1132765994973323,9.75322703113136,1.0,0.0,0.0,0.0
2022-03-18,0.7309322033898225,0.0,1.1278451347500595,1.5232103551618077,1.4733812190547626,0.8335327531266925,1.158917418459403,1.68,1.0524477223020037,4.731437234988435,0.1221562426244984,0.2099362756667453,18.69188337273444,0.0,0.0,0.0,0.0
2022-03-21,0.1577452939320656,0.0,1.1274302253623585,1.5203084271188252,1.472145013111398,0.8315519815418024,1.155036094877965,1.71,1.0452192522663943,0.3249296323157322,-0.0173974278936196,0.1955300287176926,9.595588235294118,0.0,0.0,0.0,0.0
2022-03-22,0.1574968500630102,0.0,1.1278893827931518,1.5184657092539509,1.471946166196053,0.8423866479317317,1.0985238585650532,1.63,1.0110206348639228,1.1065530133786765,0.0624394966118102,-0.0677637947725072,2.1646695013529187,0.0,0.0,0.0,0.0
2022-03-23,0.0838662333577877,0.0,1.1268332569691086,1.5144856295204112,1.469700814682385,0.8358509130470589,1.1250423585225346,1.72,1.0200500023453765,0.8082995676477419,0.0385523734797959,0.0549234994115339,2.970034473614425,0.0,0.0,0.0,0.0
2022-03-24,0.7017911385775566,0.0,1.1258913461236957,1.5101074534002714,1.467082441178171,0.8414939949848225,1.0980917308336124,1.71,0.9943992238395808,1.3894757520863237,0.0518630126881085,0.1341841251106521,56.141975308641975,0.0,0.0,0.0,0.0
2022-03-25,0.0624089868941135,0.0,1.1239749818735878,1.5042996239183084,1.4631458490385365,0.84801550616093,1.3049180327868852,2.1,0.958710567549212,0.1895257858195419,0.0071571312863559,-0.0140637655548192,1.129843241644484,0.0,0.0,0.0,0.0
2022-03-28,0.0207900207900069,0.0,1.12238814378247,1.499680411077334,1.459596151877207,0.8731001315729776,1.2564102564102564,2.04,0.9153412687616684,0.6464971145529806,0.0228744965020139,-0.0382305137446116,1.5970479704797047,0.0,0.0,0.0,0.0
2022-03-29,0.3221783413011936,0.7407407407407307,1.1230828124218477,1.4978640168827533,1.4587471983548828,0.890800636023566,1.170579029733959,1.93,0.926712645550822,1.4356572301812538,0.1117316687737041,-0.0572060682680151,1.6931711880261926,0.0,0.0,0.0,0.0
2022-03-30,1.2534963223868267,0.0,1.1236821709782698,1.4949823321237825,1.4568631304522095,0.8949925696796345,1.1498470948012232,1.96,0.903259771794486,4.120299709850815,0.2041406866448417,-0.0523797532107781,2.876901798063624,0.0,0.0,0.0,0.0
2022-03-31,1.1254348270922865,8.823529411764696,1.1259567492214346,1.4806367823855628,1.4563686569210867,0.9122185252561432,0.9497882637628552,1.62,0.9425153273645536,1.2539056809875782,0.1048419910484199,-0.1585514715855147,18.308535630383712,0.0,0.0,0.0,0.0
2022-04-01,1.1837312828814284,0.0,1.1281087684962523,1.465185629804472,1.4549387152936202,0.9219293267006566,1.0071513706793802,1.75,0.9164612629608933,0.3753177472101978,0.0226987642585551,-0.1421102661596958,216.66666666666663,0.0,0.0,0.0,0.0
2022-04-06,0.3799620037996165,0.6756756756756799,1.1288514375819756,1.4480121787812652,1.4512657234881623,0.9229209414604708,0.9610849056603774,1.71,0.9170434440731275,0.1891142641265309,-0.0078281321857959,-0.065567308324026,6.2866141732283465,0.0,0.0,0.0,0.0
2022-04-07,0.3187568482916569,0.6711409395973256,1.1302293196589557,1.430964347727826,1.4481205990020345,0.955550134179068,0.8619173262972735,1.5,0.9677354764727816,0.5396094314147766,0.021222687761866,-0.1597148395972734,79.1937984496124,0.0,0.0,0.0,0.0
2022-04-08,0.8837255486048967,0.6666666666666599,1.1329974755200478,1.415222552387338,1.446111578647982,0.960582876523248,0.7914943886591849,1.38,0.934926464991769,0.3973490876200502,0.0230513742851872,-0.1459140380003689,17.20500271886895,0.0,0.0,0.0,0.0
2022-04-11,1.1318897637795369,1.324503311258285,1.1394855472303838,1.4036533449626971,1.4477518234832123,1.027704014902303,0.7425149700598802,1.2,0.9798015417686996,0.3521365506023553,-0.0144998273599889,-0.1893515641185001,14.42019458322377,0.0,0.0,0.0,0.0
2022-04-12,0.476885644768843,0.0,1.1471477525854992,1.392946976906914,1.4504279741336257,1.0790656108035648,0.6119951040391677,0.92,0.9598853081245572,0.0021269496825207,-7.603517772077711e-05,-0.2572981556125565,9.75344368561176,1.0,0.0,1.0,0.0
2022-04-13,0.5036807438977275,0.6535947712418277,1.154396149743418,1.3817143699332473,1.4521860379856144,1.0672306543916397,0.5717876217404964,0.85,0.963002473503116,0.6788114524794318,0.0470524634475979,-0.0858827865831183,1.3765261914139424,0.0,0.0,0.0,0.0
2022-04-14,1.9564379336931337,0.0,1.1608918621473652,1.3710833387825576,1.451368167178405,1.0632643273918951,0.390497884803124,0.56,0.9369918370375246,1.5869645374779195,0.1256029216467463,0.0565737051792828,1.0416921384032278,0.0,0.0,0.0,0.0
2022-04-15,3.412420833727192,0.0,1.1712228893746155,1.3710111410532193,1.4524376574557862,1.0695289039509503,0.0,0.0,0.9453435361428124,0.3867195456517525,0.0362314550042052,-0.2608915054667788,3.5318228395764546,0.0,0.0,0.0,0.0
2022-04-18,4.3053016453382,0.6493506493506551,1.1864855925252076,1.3736694702543124,1.456360988835697,1.067460496444304,0.0,0.0,0.9455784467662456,1.3820821526421356,0.159462854667533,-0.2204894953432965,1.6459175424413903,0.0,0.0,0.0,0.0
2022-04-19,3.7858206993252255,0.0,1.2043897417782918,1.3791213108764862,1.4608224712526636,1.0689004482872233,0.0,0.0,0.9347038353755136,0.8805606086491091,0.0601265399239543,-0.0051711026615969,0.0426011777972685,0.0,0.0,0.0,0.0
2022-04-20,0.7768301950519252,0.6451612903225712,1.2222120854049794,1.384072163564138,1.4648649275270498,1.0681492964464585,0.0,0.0,0.9600705853158646,0.6280183838067583,-0.0304497093342108,-0.0516617308325106,0.5233624090227235,0.0,0.0,0.0,0.0
2022-04-21,0.5948889819857639,0.0,1.23990042384056,1.3884467553190567,1.4683767486757424,1.061431235500418,0.0,0.0,0.9477491333925046,0.0821007407014289,-0.0055080110050169,0.0571289852726978,0.4132037925787194,0.0,0.0,0.0,0.0
2022-04-22,0.9661835748792312,-0.6410256410256387,1.2590687845045676,1.3945342454356426,1.4728708160197084,1.0506267440315369,0.1811248808388941,0.18,0.942005924257632,0.7224905265511081,-0.0444980607627666,0.0875888817065287,0.6337698783910196,0.0,0.0,0.0,0.0
2022-04-25,0.5692130011549335,0.6451612903225712,1.281526691966769,1.4044057374881374,1.4805840207480576,1.1003308898888249,0.8134920634920635,0.73,1.0086873490479489,0.1007696438419994,-0.0019853479853479,-0.1531593406593406,2.477892495022917,1.0,1.0,1.0,0.0
2022-04-26,5.930604544335982,0.0,1.307947317089412,1.4170323264608369,1.4877323058192302,1.0983589907285154,1.258380608561114,1.07,0.9944638566411717,2.1472148570765737,0.1093709807073955,-0.0308145766345123,0.2125889638598761,0.0,1.0,1.0,0.0
2022-04-27,2.6637757472510737,0.6410256410256387,1.3389334275995588,1.4319359145962192,1.498159361443811,1.1078049458315964,1.3183279742765277,1.06,1.0138402886633486,2.599080864463595,-0.0535885176651305,-0.1053507424475166,1.4474783449852702,1.0,1.0,1.0,1.0
2022-04-28,-0.0150852315583094,0.0,1.368600258399003,1.4456952489417674,1.507820912726792,1.219807959987732,1.166573191250701,0.8,1.012324898758713,0.3043373524257481,-0.0052094770647761,-0.0290856207962188,0.4199291369581383,1.0,1.0,1.0,1.0
2022-04-29,0.0452625226312619,0.0,1.395809812663034,1.4577588510721042,1.5159547179652315,1.14168274473618,1.485780615206036,1.04,1.027956878501632,0.7908978898883217,0.0049643660071942,-0.0762514988009592,1.676829268292683,0.0,1.0,1.0,0.0
2022-05-03,-0.8746795355149994,0.0,1.420845169558476,1.4817191389177296,1.5231606678636838,1.119296742180265,1.7588817705299944,1.24,1.0390626553342588,1.2212363331142644,0.0200853205512282,0.0263630916716596,0.1922824804439977,0.0,1.0,1.0,0.0
2022-05-04,-1.209493382017346,0.0,1.4436121437128846,1.5050682621621407,1.5297587730743545,1.0926032293062735,1.9685497961560865,1.41,0.9979359742727671,6.117544418440403,0.1827544266093,0.0835677643554525,0.483646985586362,0.0,1.0,1.0,0.0
2022-05-05,-0.169400169400169,0.0,1.4635207798429315,1.5253159220831587,1.533830477339357,1.035762223919518,2.3006833712984056,1.76,0.9945170656186456,17.21098819529248,-0.1251598345788289,0.1075963143002249,1.611781328116509,0.0,0.0,0.0,0.0
2022-05-06,-0.5244890088700438,0.0,1.4837275506336811,1.5465046616610478,1.5384495466070771,1.0485045367984764,2.0323841429369067,1.56,0.9899172918883896,3.71365080133602,-0.0275263880092885,-0.1536837660966856,1.6828478964401294,0.0,1.0,1.0,0.0
2022-05-09,-1.4266883771419714,0.0,1.5042076504698492,1.5692987936947669,1.5451077895280547,1.0432635515014788,1.7611447440836543,1.36,1.01139438283602,9.843122023486169,0.1054253274286252,-0.074060114953359,0.952265568209353,1.0,1.0,1.0,0.0
2022-05-10,-0.7315346495712971,0.0,1.5206673716815526,1.589266059095772,1.548665517039185,1.0380244080065324,1.2409972299168974,0.95,1.033258018134335,7.972885372778249,-0.0933925319963055,0.0427497031270616,0.4820711203689927,0.0,1.0,1.0,0.0
2022-05-11,-0.3882725832012768,0.0,1.5349962595793007,1.6074902970227722,1.550553050692648,1.024777102842791,1.294569391113549,1.01,1.010535638980807,3.686958840193298,-0.0428190122309955,0.0729215048769159,1.0755880337976709,0.0,1.0,0.0,0.0
2022-05-12,-0.62047569803515,0.0,1.5528327137700495,1.6297017806281473,1.5571467599601274,1.0402216105273752,1.3362068965517242,1.04,0.9994548556367162,5.158891089376443,-0.0216420744379369,-0.1484035518609484,3.2627206645898235,1.0,1.0,1.0,1.0
2022-05-13,0.4002241255102845,0.0,1.5689039906424729,1.647735412652526,1.562927167851614,1.0564436541646922,1.2916666666666667,1.02,0.9957212027658464,20.674328560014743,0.2079182952672474,0.0359076995526253,0.6255768639113937,1.0,1.0,1.0,0.0
2022-05-16,2.4794706210635287,0.0,1.583349174387291,1.6557274488546785,1.5671551521329832,1.040667271705778,1.4133591481122942,1.21,0.9996333905964688,11.140177854049542,0.3120586768617021,-0.0621675531914893,0.8724049451831117,1.0,1.0,0.0,0.0
2022-05-17,0.3889839738602685,3.1847133757961776,1.5930223077522878,1.661470799481254,1.569201836275567,0.9762655773307825,2.498941126641254,2.6,1.0064884389841466,7.05554295643508,0.1081326253953908,0.1031028769392981,4.425408113786973,1.0,1.0,0.0,0.0
2022-05-18,0.1317420954742854,1.2345679012345512,1.600614767024601,1.6654590452803713,1.571865430539209,0.9413851293177672,2.433035714285714,2.99,1.0312818618051205,4.421244244209983,-0.0353934879761651,0.0064907427112151,0.4045763554966008,1.0,1.0,0.0,0.0
2022-05-19,-0.1547867812088932,0.0,1.609345062900474,1.6713248545552368,1.5762793367244967,0.9367820542605644,2.1217159960093115,2.93,1.0224658812551033,0.482664826305532,-0.0071486848177203,-0.0383017997231195,1.389121338912134,1.0,1.0,0.0,0.0
2022-05-20,-0.2867994729090828,0.0,1.616142544315554,1.675892816753024,1.579430877427636,0.9237612985660878,2.1490056396556843,3.37,1.0785260765587668,0.4402166227605862,0.0090671966215376,0.0962613339957769,2.7912839906356925,1.0,1.0,0.0,0.0
2022-05-23,-0.4120024875621686,0.0,1.6216077125399049,1.6793878297505356,1.58223697068358,0.911939129461788,1.940700808625337,3.4,1.0629680583457572,1.4521503196110317,-0.037441484447182,0.0218663381582999,0.4770703846799933,1.0,1.0,0.0,0.0
2022-05-24,-0.3434548434938844,0.0,1.6235922547306525,1.679504911670368,1.5822017997737448,0.9244879294576452,1.8962075848303392,3.55,1.0413190684578524,3.665045606736409,-0.0691566583080374,-0.0017157186221459,0.0790273556231003,1.0,1.0,0.0,0.0
2022-05-25,-0.2349808099005201,3.0487804878048808,1.6198373061060394,1.6751806910056406,1.5812152302198976,0.8970498394720994,1.790065604498594,3.69,1.0548515005442387,11.36165763413291,0.2492770871985157,0.1695732838589981,29.67532467532468,1.0,1.0,0.0,0.0
2022-05-26,-0.8479233728507451,5.9171597633136175,1.6099957464404575,1.6675500782910913,1.5758906401282426,0.8724442835269434,1.7601760176017602,4.0,1.0524780460734764,9.138743729989,0.4386329588014981,0.0551498127340824,11.744765702891328,1.0,1.0,0.0,0.0
2022-05-27,-0.2692216327500274,4.469273743016755,1.5992606178175657,1.6590824052627162,1.5695094169355015,0.8568255330822975,1.914070454082672,4.85,0.9883863662125224,5.363390293494681,0.238241368467392,0.154707251116282,12.477808775044382,1.0,0.0,0.0,0.0
2022-05-30,0.2540690750297614,3.208556149732611,1.5895524493112032,1.6514611692883712,1.5638865310309706,0.8616158767252687,1.8550834597875567,5.08,0.9929323729003826,3.10377835298129,0.2103459618689141,0.2523525079780705,6.806444493489296,1.0,0.0,0.0,0.0
2022-05-31,0.7365169874079314,3.1088082901554515,1.580307322965394,1.6430255048342808,1.5574583518045393,0.8207461080617262,1.910985517484988,5.99,1.0038401371868486,3.5114659797583823,0.1123938330812063,0.153754546332357,7.015199353843894,0.0,0.0,0.0,0.0
2022-06-01,-0.0707547169811362,0.5025125628140614,1.5736684354829618,1.636289727100635,1.5526913116560035,0.8298396189511954,1.644110275689223,5.46,1.0096552414777658,0.6795703673914638,-0.0621272141706924,-0.0611916264090177,0.9723332800255878,0.0,0.0,0.0,0.0
2022-06-02,-0.2124144441821962,2.499999999999991,1.5679344741034034,1.6309730581222297,1.5486936036713637,0.8132885286701684,1.591596371160274,5.73,0.9631132146345128,1.6248397268397112,0.1607857404021938,0.0848263254113345,1.5530081164756089,0.0,0.0,0.0,0.0
2022-06-06,-0.2286345001576872,0.4878048780487809,1.5598781222832918,1.6229705134839871,1.542157501883982,0.8762420105959766,1.5009096422073984,5.33,0.9590691738986652,1.0977708335355143,0.1174827363367799,-0.1322008862629246,2.3916492693110647,0.0,0.0,0.0,0.0
2022-06-07,-0.0711181351244594,0.0,1.5528139056805488,1.615224130112903,1.5355121627515014,0.882654545627984,1.3395187010727747,4.99,0.9817750681748716,0.8610325163360567,0.094104275286757,-0.2509242582235283,5.23432865335179,0.0,0.0,0.0,0.0
2022-06-08,-0.0948916653487175,-0.4854368932038944,1.546309592962254,1.6075276574175086,1.5289985815155531,0.802235005383802,1.3571428571428572,5.97,0.940313993813318,0.9410231506153884,0.088978237791932,0.0897027600849256,2.15620158571038,0.0,0.0,0.0,0.0
2022-06-09,0.4274180782016801,0.0,1.54039329987024,1.599904178373874,1.5224572756016168,0.8095456540933553,1.2856022994512672,6.0,0.9564033461022278,1.4063282011301683,0.1728347983688264,0.059356592659719,1.174150757372053,0.0,0.0,0.0,0.0
2022-06-10,1.7969735182850055,1.951219512195124,1.5335796452579809,1.589961740774674,1.5132108760417444,0.8271088361906579,1.1773528308961378,5.72,0.9668579547371968,2.2234665663219264,0.3189073452647278,0.0880872483221476,1.382286257587947,0.0,0.0,0.0,0.0
2022-06-13,0.0774233508826327,0.0,1.529798692344327,1.5834494301670428,1.5072428535138955,0.845377832656177,1.053517739025857,5.31,0.9334389257991352,0.4139611854781596,-0.0428427530954115,-0.0747268754552075,1.6626154594069031,0.0,0.0,0.0,0.0
2022-06-14,-0.3403991954200824,0.0,1.5241167000094629,1.5771064309393217,1.5015697354777653,0.8466067749458778,0.9602610418366158,5.09,0.9832022206107596,0.7195992982637738,-0.0812680067001675,0.0458432513444415,0.7857358718646117,0.0,0.0,0.0,0.0
2022-06-15,0.3105107902499737,0.0,1.5220710915468827,1.5744765400600602,1.499374992159503,0.8770335411385173,0.7570831398049234,3.95,1.027365322020261,1.463403342872192,0.131214349529242,-0.230362174421002,7.873165002935996,0.0,0.0,0.0,0.0
2022-06-16,-0.8899551153072283,0.0,1.5181368174852112,1.5706730887169322,1.495671873918124,0.8363024919305568,0.7594054807245704,4.23,1.1262137907183165,2.996109583077294,-0.3093794480433046,0.0846570236933179,2.0412966727292177,0.0,0.0,0.0,0.0
2022-06-17,-0.6715077691887283,-0.9569377990430672,1.5155313110383506,1.5685976681689442,1.493657514396471,0.8856068300985532,0.4571697890891952,2.41,1.1025390823524628,0.1269568918562837,-0.0069692911895523,-0.0863064256648055,4.595616024187453,0.0,0.0,0.0,0.0
2022-06-20,-1.910227183397528,-0.4830917874396045,1.5141795511827785,1.5691412469261978,1.494092323598056,0.8514132499162105,0.4004342057652876,2.18,1.0985350312730944,1.2575627637833624,0.1688192102686826,-0.0819101490264331,2.349453978159126,0.0,0.0,0.0,0.0
2022-06-21,-0.4728321846449779,0.0,1.5102904244233009,1.566990543973216,1.492046624231789,0.8486082052215046,0.3760979834219968,2.04,1.1164114161201957,0.7854271061597872,0.1076671245905104,-0.1186727253513684,4.365403304178814,0.0,0.0,0.0,0.0
2022-06-22,-1.30445285449714,-0.4854368932038944,1.5072739064498517,1.5664909793001145,1.4913887877480776,0.872681794231916,0.0698576972833117,0.36,1.144348056744845,0.0403040471718852,-0.0039524057024057,-0.1443421443421443,12.09707529558183,0.0,0.0,0.0,0.0
2022-06-23,-0.962715183160634,0.4878048780487809,1.5057964656881393,1.5681494710229835,1.492762899624588,0.8011493981032566,0.0,0.0,1.1415258011552856,0.5654141346530581,0.0653516046577676,-0.0865284483574742,38.72881355932204,0.0,0.0,0.0,0.0
2022-06-24,0.238899415108329,-0.4854368932038944,1.5083110189738824,1.573168525852296,1.4974335580009115,0.8910130169556655,0.0,0.0,1.1832265470733792,4.4353996590544025,0.1437600726045608,-0.2808058083648634,19.789208179443296,0.0,0.0,0.0,0.0
2022-06-27,2.523011176857315,-0.4878048780487698,1.512875961187858,1.5780772078998129,1.5019393789763509,0.8558544815508625,0.0,0.0,1.0848335919751049,3.255228504583833,0.2475894892235016,-0.1385887215825214,2.950716620568268,0.0,0.0,0.0,0.0
2022-06-28,0.3927855711422845,-0.9803921568627416,1.5219233265472658,1.587544986211512,1.5108085058232346,0.9844310491475908,0.0,0.0,1.0214797239796234,0.9840460435887934,0.0352538115801533,-0.1477923680267912,4.188486034217208,0.0,0.0,0.0,0.0
2022-06-29,-0.1996167358671363,-5.44554455445545,1.5364577656210363,1.6034963572361196,1.5258027583773923,1.1509454854147956,3.5705669481302773,12.66,0.9446271253077132,51.98670881890151,-0.221062910124209,-0.0014940239043824,0.0705833506331741,0.0,0.0,1.0,1.0
2022-06-30,-0.3360268821505752,7.85340314136127,1.552773231622102,1.6240286119431169,1.5427851777520434,1.2673392950821671,1.5060240963855422,4.81,0.9457421896688184,0.9019848508612254,-0.006563648418261,-0.0941702974048115,2.464751634594528,0.0,1.0,1.0,1.0
2022-07-01,-1.1720317893553769,0.0,1.571182173032995,1.6476979859376482,1.562736036164477,1.2885103407536,1.0112880779341271,3.06,1.116519029419339,1.339736931869896,0.0157679331230915,-0.1569304700405466,1.725656409974129,1.0,1.0,1.0,1.0
2022-07-04,-0.5361059215335806,0.9708737864077666,1.5902387648168248,1.6724159821947004,1.583602332857023,1.2608667037615398,1.0050890585241732,3.0,1.1869501419570754,3.5827681874229325,0.037349750499002,-0.0872754491017964,0.954407792420398,1.0,1.0,1.0,1.0
2022-07-05,0.5063291139240533,0.0,1.6074028663462836,1.6943278257944487,1.6020663178934549,1.1853449559979266,0.7309409624607243,2.22,1.215568058131229,6.193258306194287,0.1120387329465265,-0.097694840834248,0.706950354609929,1.0,1.0,1.0,1.0
2022-07-06,-0.5037783375314797,-0.4807692307692401,1.6273592863963429,1.7196323881763302,1.6236282399782265,1.1769493924737524,0.864920744314266,2.52,0.988582183056703,3.727705260544876,-0.044885669212886,-0.0794586516107605,0.511901577962022,1.0,1.0,1.0,1.0
2022-07-07,-0.2368313597386762,0.0,1.645613400608401,1.7436468726664909,1.6438445795059389,1.154551507434966,0.9708042271180368,2.74,1.036386666076737,349.07958385794285,-0.0714444971858683,0.1110734386654912,0.8998269563545472,1.0,1.0,1.0,1.0
2022-07-08,-1.3179436804191202,0.9661835748792312,1.659589386880469,1.764531468538843,1.66214024606629,1.1795612009237877,0.918253079507279,2.41,1.034417684201936,1.4815151681973304,-0.0295716105743709,0.1185900838730226,0.6165309783358631,1.0,1.0,1.0,1.0
2022-07-11,-0.1161343840729967,0.4784688995215447,1.6715748542520898,1.783545355703552,1.6785988615086276,1.1638556143015382,1.0404624277456649,2.65,1.068355144517988,0.7243004851276529,0.017573874445149,0.0091946734305643,0.0330004836277773,1.0,1.0,1.0,1.0
2022-07-12,-0.307283448218576,0.952380952380949,1.685935171528646,1.8051758883526527,1.6975254603175334,1.1447663229658724,1.188976377952756,2.98,1.0742017993206463,5.287357544679647,0.0561643646408839,-0.0030135610246107,0.0134472615212214,1.0,1.0,1.0,1.0
2022-07-13,-0.3582139286904429,0.9433962264151052,1.6953721832453372,1.8222097609320536,1.7119585378357367,1.1381551034990955,1.2020561486753658,2.98,1.085750955301225,10.29993811675531,0.1275715923301375,0.0138599416423509,0.0825830487426265,1.0,1.0,1.0,1.0
2022-07-14,-0.309338684056526,0.4672897196261516,1.7035532842792218,1.837364597641577,1.724904449871287,1.09869266270036,1.348314606741573,3.43,1.071167199799345,8.42720265644176,0.0610175239821738,0.0776493692877105,0.639780931043067,1.0,1.0,1.0,1.0
2022-07-15,-0.3690036900368953,0.0,1.708358217189561,1.848551937285152,1.733984567408213,1.1756527028715122,1.3565150936186474,3.28,1.0257248000062604,0.3081912483605571,0.0028147051136858,0.0360658593954177,0.2769416014449127,1.0,1.0,1.0,1.0
2022-07-18,-3.0387205387205407,0.0,1.709214673260799,1.8564726929575124,1.739788413872564,1.1618921572813046,1.5943344833847828,4.03,1.02738825015128,25.655826660464943,-0.0229440155886982,0.1218616503035299,1.181728987245176,1.0,1.0,1.0,1.0
2022-07-19,-0.842086986717594,0.0,1.7108485464414191,1.86545165531713,1.7464551713091474,1.1007352941176471,1.6985645933014353,4.74,1.0308030690884862,8.274266391132834,-0.0563625102375102,0.1343161343161343,1.0460851538829532,1.0,1.0,1.0,1.0
2022-07-20,-0.9017685168972168,0.0,1.709730028139991,1.871156985446876,1.749919630755398,1.0917062174933565,1.4135290363752395,4.2,1.0287564441518156,15.220965191727448,0.0450463446475195,0.0926892950391645,1.0325395382657698,1.0,1.0,1.0,1.0
2022-07-21,-0.5212474600229777,0.0,1.7061457961405466,1.8734102600041769,1.75044298812721,1.0710518843048964,1.4226437462951986,4.55,0.9565779799885225,2.207303089672183,0.0115664967943448,0.1745849087621239,2.239797532426448,0.0,1.0,0.0,0.0
2022-07-22,-0.5506216696269939,0.930232558139532,1.6995681337986257,1.8731090830867327,1.748406821210969,1.02831438210671,1.585482330468004,5.65,0.939997234152451,0.5360915904017599,-0.0172742976634239,0.0801891081007364,2.484507042253521,1.0,1.0,1.0,0.0
2022-07-25,-0.2500446508305054,0.0,1.6933070242322288,1.8755059966304155,1.7489212571659176,1.0063406643678274,1.659159159159159,6.48,0.9413669526027428,0.7486877195563815,0.069501280519037,0.0664162540549769,1.782768102658112,1.0,1.0,1.0,0.0
2022-07-26,-0.1700984780662495,0.0,1.6844971132169009,1.8757884895215176,1.7473880975616087,0.977773881876266,1.6381390005743826,7.1,0.981490633594166,0.3330070235333977,-0.0310942965779467,0.0851711026615969,9.127954360228198,1.0,1.0,1.0,0.0
2022-07-27,-0.1345170836696274,0.0,1.6694106712781631,1.8691702211616807,1.739446417117469,0.9957431954154504,1.8069666182873727,7.27,0.9732623068172952,3.522018619144986,0.074412274189557,0.001855976243504,0.2232142857142857,1.0,1.0,1.0,0.0
2022-07-28,-0.1346982758620774,0.9216589861751112,1.6491918443882336,1.8542539649461485,1.7260165630605215,0.9693607388011484,1.7909048288795124,7.66,0.961566619272754,5.483544330671465,0.0703352496217851,0.1175995965708522,6.094342088070039,0.0,0.0,0.0,0.0
2022-07-29,-0.0629439798579212,0.0,1.6288463840260434,1.8382943908842504,1.711661316095888,0.9932897671383633,1.6257977830030232,7.12,0.92351790926129,2.626885303111268,-0.0292942576142132,-0.0977157360406091,4.134228187919463,1.0,1.0,0.0,0.0
2022-08-01,-0.0989742666906545,0.0,1.6083878282274395,1.821770830730142,1.6968615697188263,0.9992831611131971,1.5386263795135542,7.01,0.8749348664921953,0.3356036393665056,0.0088868377607684,0.0918505177847816,1.083089992036103,1.0,1.0,0.0,0.0
2022-08-02,-0.2521840943889075,0.4566210045662267,1.5897926183183944,1.8082306797277272,1.6846448126453253,0.9951445672236372,1.6290322580645162,7.91,0.9058112821416148,0.401498771945953,0.0051634857760172,-0.0092425879246188,0.1234963913392141,1.0,1.0,1.0,0.0
2022-08-03,-0.6049661399548545,0.0,1.5678367878974722,1.7907692565965143,1.668954259802988,0.9710269859591192,1.6073806353433515,8.48,0.903941356854054,0.848260182701424,0.0124727673417987,0.0435512645608143,0.5996243317439676,1.0,1.0,0.0,0.0
2022-08-04,-0.7630813953488413,0.0,1.546295452431084,1.7740556185196916,1.6540421979095177,0.942421139876164,1.6071107918836416,9.26,0.8291531189035066,1.1892019323713967,-0.0149770226313239,0.2111564814173991,4.0,1.0,0.0,0.0,0.0
2022-08-05,-0.1464664957890882,0.4545454545454408,1.5269934615909355,1.7596099463253154,1.6403493016291395,0.9408554831895792,1.401861179885597,8.53,0.853044179267718,1.8866873427134487,0.0565157180445921,0.1207588976596039,1.161892071952032,1.0,0.0,0.0,0.0
2022-08-08,-0.2475247524752477,0.0,1.5075095108913588,1.7450904366113398,1.6265971159654462,0.950775157702808,1.413140583123528,8.97,0.8458198531325961,1.388911394070537,0.0701395763656633,-0.0914158305462653,0.5638839224315775,1.0,0.0,0.0,0.0
2022-08-09,-0.4319455932359162,0.0,1.4857695594553024,1.728141990851715,1.6104478700770737,0.9563052200945892,1.3043816639427193,8.61,0.8566450198544011,1.9852374832457231,0.0681868748105486,-0.0944225522885723,0.8936383848526143,1.0,0.0,0.0,0.0
2022-08-10,-0.1661436219309697,0.0,1.4676296610858994,1.7149895652744764,1.5979039996852564,0.9747556963208136,1.257936804362441,8.5,0.9218699092177054,0.5611313741021879,-0.0074919093851132,-0.1094514978010123,2.1119205828196304,1.0,0.0,0.0,0.0
2022-08-11,-0.1479289940828354,0.452488687782826,1.4501706693748446,1.7022310480992224,1.585722063434991,0.9648030476790488,1.2760155016506387,9.07,0.9101005823186872,2.790097995968958,-0.0308097525321081,0.2609376631513,3.579716373012462,0.0,0.0,0.0,0.0
2022-08-12,-0.0833333333333352,0.0,1.4338187680092085,1.690677587376244,1.5747261100065184,0.9836033159166968,1.2768011030679076,9.31,0.8861929805202526,1.9176465940893093,0.0296125485990079,-0.0151494838450194,0.1682173427614439,0.0,0.0,0.0,0.0
2022-08-15,-0.0370679269761753,0.0,1.421118506283872,1.6804104258109636,1.565183116103396,1.0182517763376453,1.1775725946741604,8.57,0.8971085276824461,1.509795426616396,0.0242434584755403,-0.0969283276450511,1.5551702108241303,0.0,0.0,0.0,0.0
2022-08-16,-0.0185408361917271,0.0,1.4103471000949326,1.6713766964511685,1.5570691630535065,1.0090435490839744,1.1493803000652316,8.67,0.9216556475310952,0.8160819747290654,-0.0276392894461859,0.0359456635318704,0.3504125496587552,0.0,0.0,0.0,0.0
2022-08-17,-0.2225312934631351,0.0,1.4009256223049606,1.6632999381879323,1.5500485059853708,0.9865421696952184,1.100672844991748,8.76,0.927382132057446,0.9308214634326212,0.0216748678996037,-0.1051849405548216,1.5837891596220786,0.0,0.0,0.0,0.0
2022-08-18,-0.1486850664436323,0.0,1.3946996217215015,1.65892939943931,1.5461705201328502,1.0043308207579686,1.0296218096006955,8.25,0.935656390227828,1.0340278284035431,0.0209816171190578,0.0435157259801809,0.9738068455728748,0.0,0.0,0.0,0.0
2022-08-19,-0.1768264308980915,0.0,1.3878863651428257,1.6535418191914286,1.541438099885629,0.9998999499749875,1.034883010568758,8.48,0.9493862296058736,1.1168129308128991,0.0248102656836834,0.0922242314647378,2.20852764823451,0.0,0.0,0.0,0.0
2022-08-22,-0.037292560134261,0.0,1.3816849599759444,1.6484712891090951,1.5372373760407263,1.006499033656783,1.0130560928433268,8.34,0.9609822116687046,0.8304820755070614,0.0215689531975705,-0.1373704894605216,3.17375154766818,0.0,0.0,0.0,0.0
2022-08-23,-0.1678791270285362,-0.9009009009009028,1.3763347667734862,1.644396089764362,1.5336490702497338,1.0296132574583206,0.9483121728142488,7.65,0.9806440821848912,56.02894850951806,-0.1956103198294243,-0.1002985074626865,7.562700964630225,0.0,0.0,0.0,0.0
2022-08-24,0.214872944693556,-0.454545454545463,1.372768744003081,1.6421188967452554,1.5317503346863526,1.0215086034413765,0.9756682248591634,7.97,0.9704529354787412,17.435317889806992,0.2197921440261865,-0.0377919952388037,1.788102780711017,0.0,0.0,0.0,0.0
2022-08-25,-0.0279668127155741,0.0,1.3713560949249672,1.6422775084031318,1.5317067983838792,1.0248648864646706,0.9636537541846006,7.86,0.9955266207179684,26.15890665384636,-0.2384757445214459,-0.0756696010488855,76.95238095238095,0.0,0.0,0.0,0.0
2022-08-26,-0.0745990302126076,0.0,1.3679285094242597,1.6400696407105468,1.5293685595097752,1.0201033888569788,0.9375186133778068,7.71,0.8920688601309565,72.21774042950432,0.0804004158004157,-0.0665280665280665,6.517311608961303,0.0,0.0,0.0,0.0
2022-08-29,-0.1959686450167863,0.0,1.3668521927267645,1.6407745436457233,1.5295408698136983,1.0265322326926245,0.8256278709061624,6.73,0.9112311495350328,23.269835487983617,-0.0691984279141104,-0.1462806748466257,45.89473684210526,0.0,0.0,0.0,0.0
2022-08-30,-0.140252454417955,0.0,1.3641707643027778,1.6396480449711075,1.527941662917725,1.032942573822606,0.8520852085208521,6.86,0.8953196253105746,4.323740703875012,0.0148122331072594,-0.0756091434312986,10.117647058823527,0.0,0.0,0.0,0.0
2022-08-31,-0.1966292134831349,0.0,1.3623993487237924,1.6393742882715665,1.5270229319474908,1.0326880070924458,0.9202195018995356,7.36,0.9315314453045728,1.3295976191847876,-0.0036813725490196,-0.0038904450669156,0.6042296072507553,0.0,0.0,0.0,0.0
2022-09-01,-0.1782531194295833,0.0,1.3634175183510011,1.6418254720800325,1.5285599926538445,1.0446132788478704,0.8566198901769372,6.67,0.9283378410184956,14.263589324855314,-0.1162587557821202,-0.0744831492495043,2.8717015468607827,0.0,0.0,0.0,0.0
2022-09-02,-1.8233082706767043,0.0,1.3648864457125829,1.646342641944209,1.5316406956223088,1.053945388618929,0.8558253919458961,6.52,0.92475114566555,0.62854042263221,-0.0082103828375014,-0.0062818537394808,0.1651090342679127,0.0,0.0,0.0,1.0
2022-09-05,-2.7761822707256245,0.0,1.3646741378730405,1.651038510287125,1.534759510435625,1.0515568165641551,0.8793392535552382,6.61,0.9737618405071886,88.56218024145443,0.3758441558441558,-0.0365831351746844,0.644122383252818,1.0,0.0,0.0,1.0
2022-09-06,-0.4430878298542717,0.0,1.364215869489614,1.6554275808620758,1.5375694705356833,1.0453441730710038,0.8637332330450044,6.44,0.9445567281445552,3.351295125359105,-0.0420496,-0.1005714285714285,1.4600962336153973,1.0,0.0,0.0,1.0
2022-09-07,-0.820888141627929,0.0,1.3646069889505008,1.6615241220748964,1.5418721069313428,1.0488983162165713,0.8829854522454142,6.47,1.003910513419343,1.3739214825426929,-0.0078558291935313,-0.016911531550576,0.657354149548069,1.0,1.0,0.0,1.0
2022-09-08,-0.2592740327084231,0.4566210045662267,1.3652529235884097,1.6678898741898618,1.546281451657966,1.030700054267773,1.083924949290061,8.04,0.990555480121744,27.51340514950986,0.0488469125214408,0.0486706689536878,1.3134673802979897,1.0,0.0,0.0,1.0
2022-09-12,-0.1999600079984009,0.0,1.3650861226263005,1.6733099771412352,1.5498124058618834,1.0332342036150164,1.0138720194336126,7.41,1.0403108046239065,52.41220563064462,0.0337992895204262,-0.073416222616933,2.2639540949400105,1.0,0.0,0.0,1.0
2022-09-13,-0.1202163895010932,0.0,1.3633490894918248,1.6767110815946178,1.5515061661553982,1.0071054040625738,1.2711703139866797,9.6,1.060440600114522,3860.9660297281553,0.0222679850609196,0.1300434702749035,9.0537084398977,0.0,0.0,0.0,0.0
2022-09-14,-0.2206619859578706,-1.363636363636378,1.3641202568608388,1.683789390492937,1.556200119266802,1.108129863160719,0.9716185118895424,6.57,1.0757545741632522,21.363779249152564,-0.0891895798759717,-0.2055201327626866,9.834900731452455,0.0,0.0,0.0,1.0
2022-09-15,-0.1608363490148923,-1.843317972350233,1.3644567423857867,1.6902596681896511,1.560309633879571,1.08605894552581,0.9856527053979284,6.71,1.0361104307574425,9.90365970568179,-0.1624514873956391,-0.0504985004458134,1.3038928421933864,0.0,0.0,0.0,1.0
2022-09-16,-0.503423278292392,0.938967136150226,1.3633560086051566,1.6952500147478802,1.562764467082384,1.0945203150677167,1.0435454779695954,6.99,1.0688033375015162,2.4453660900835623,0.0221820741891629,-0.1244901922703437,4.127827416888031,0.0,0.0,0.0,1.0
2022-09-19,-0.5565674964582046,0.4651162790697771,1.36190967445278,1.6993019886152103,1.5649429922927176,1.1074125572924711,1.1434444658572622,7.53,1.029386947647455,0.5986797087498434,0.0077917551188112,-0.1221666780798466,2.39946200403497,0.0,0.0,0.0,1.0
2022-09-20,-0.3968657779586881,0.0,1.358428171539917,1.701346401019172,1.5650354725892943,1.0962618992338051,1.17459100204499,7.79,1.0239037880852186,0.7773478309701567,0.0148316991812392,0.0379055898109774,0.5464082762640246,0.0,0.0,0.0,1.0
2022-09-21,-0.6232120964446253,0.0,1.353408089085452,1.7000017539955183,1.5641020767491989,1.0055995294357398,1.167226411507509,8.48,0.9356913801671196,8.94700150134749,-0.1491310619248942,-0.0271076846555583,0.3414786967418546,0.0,0.0,0.0,1.0
2022-09-22,0.8018916418217392,0.0,1.3486591519085231,1.6952676792252417,1.5630807785984753,1.0276606930391714,1.1842353384876485,8.45,1.0146423044498465,5.763613320392096,0.1068978395771087,-0.1003217651114686,1.3042503921715096,0.0,0.0,0.0,1.0
2022-09-23,0.3365629780724077,0.0,1.344768483583875,1.6887455696148446,1.5631653623426485,1.0396035060346014,1.177716849451645,8.34,1.0520663124351666,1.835305115979108,-0.0287519289561799,-0.0136846702576794,0.1437638602125869,0.0,0.0,0.0,1.0
2022-09-26,0.7521854035373199,0.4629629629629539,1.344465536897561,1.6848632176118097,1.5668575808928191,1.0221805971172078,0.9938352325798616,7.13,1.0603782044828949,9.975688452344006,0.0590636570315037,-0.0224748294900941,0.5346519354091015,0.0,0.0,1.0,1.0
2022-09-27,0.6860371267150889,0.0,1.3424325674141544,1.677402313091991,1.5681514900688869,1.0336582172600648,0.9755493655215104,6.93,1.0484918737917577,3.942777980313532,-0.0296075339465615,-0.1629434954007884,2.30608291359938,0.0,0.0,1.0,1.0
2022-09-28,-0.3006012024048043,0.0,1.3429795789306287,1.673005202530662,1.5722422060030137,0.9139371315412104,1.3195452346395744,10.87,1.0298527604140268,2.833837084333396,-0.0194648511716276,-0.1137587080430652,2.091703056768559,0.0,0.0,1.0,1.0
2022-09-29,-0.4221105527638213,0.4608294930875667,1.3433974227240957,1.6686892121438366,1.576256469731795,0.9052964816326904,0.9447296889157354,7.88,1.042872021595426,7.497800830145908,0.0387494527698265,-0.113150362013807,1.7879473194093387,0.0,0.0,1.0,1.0
2022-09-30,-0.494549858700033,1.834862385321112,1.3413141075487829,1.6894689995440353,1.5778501683710302,0.9115730259998628,1.054078279055871,8.85,1.0602040250194786,19.79933340387248,0.0275100705674801,-0.0491767127315495,0.897143623441062,0.0,0.0,1.0,1.0
2022-10-03,-0.1724312810629902,0.0,1.3420517312635698,1.7130245902050565,1.5816823120593413,0.9600842259452532,1.3228529839883552,10.83,1.0079052924958225,71.68369595293802,-0.0216071913999752,-0.1396268380081552,2.6400327083698385,0.0,1.0,1.0,1.0
2022-10-04,-0.0101605364763335,0.0,1.3419981046001683,1.732432600047804,1.5823879484821728,0.9753663003663005,0.8478715980460573,6.84,1.0391968647764611,9.188146453532912,0.0457757634296753,0.0805409019986626,1.368946138788912,0.0,0.0,1.0,1.0
2022-10-05,0.1524235341936908,-1.3513513513513598,1.3406840436901328,1.7492451498653965,1.581313777526398,0.9923768909062624,1.0024168488894003,8.03,0.9957925181419028,9.296537076847375,-0.0463926510640262,0.038452661219591,1.143916506454271,0.0,0.0,1.0,1.0
2022-10-06,-0.0202922077922051,2.2831050228310668,1.337341921306657,1.7615857057397868,1.577164127897425,0.9890426627015898,1.024970138217394,8.34,0.9621686011468245,34.598185098982825,0.1071602138344403,0.1530860197634861,3.0206169090618507,0.0,0.0,1.0,1.0
2022-10-07,0.0101481631824551,0.4464285714285587,1.3364280743885475,1.7769713440962491,1.5758310968002107,1.018024473848766,1.0007383427046062,7.9,0.9896044563018418,130.65568002962902,0.1059892849989986,-0.1370919287001802,1.9097440189718908,0.0,0.0,1.0,1.0
2022-10-11,-0.1623541349568658,0.4444444444444251,1.3428833772699793,1.803464300013868,1.582936199860573,1.104496964696175,1.097245643620011,8.01,1.0170945291456412,11.55640549171014,-0.0253703874843224,-0.2340088454683477,6.897222627559706,1.0,1.0,1.0,1.0
2022-10-12,-0.132127248704128,0.0,1.3529782953549438,1.835026129133408,1.5943558832691145,1.0691891891891891,0.7477064220183486,5.49,0.9701544457334907,0.1670000462458067,-0.0006799828383467,-0.1618439242980407,2.603727279699364,1.0,1.0,1.0,1.0
2022-10-13,-0.3256665988194629,0.0,1.3613025549396347,1.8646326383481149,1.6039693943114923,1.0210275211154551,1.105573176257363,8.62,0.9968871113060308,28.445114875840723,-0.0114124767225325,-0.0940991620111731,1.4067597546652746,1.0,1.0,1.0,1.0
2022-10-14,-0.2552583214212811,0.0,1.3665784021515273,1.8895478389747795,1.6101600640447,1.0305364164351936,0.8655262263509685,6.69,1.0151828473540023,4.778319224722192,0.0415306651843616,0.0541658946328207,0.8162315603331937,1.0,1.0,1.0,1.0
2022-10-17,-0.3992220288668191,0.4424778761062065,1.3718437097387828,1.914241192560452,1.616461747277936,1.0077214669431758,0.9930038366057324,7.89,1.0196047118999367,2.170409440797818,0.0221497260168248,0.0812688122250521,1.178379588182632,1.0,1.0,1.0,1.0
2022-10-18,-0.2363823227132577,0.4405286343612147,1.377942868338429,1.940555564942453,1.6236422239341892,1.040104616804753,0.79844872818524,6.09,1.071459306304109,5.882270250881858,0.0467767821496695,-0.0451581422170962,1.1902256518180756,1.0,1.0,1.0,1.0
2022-10-19,-0.535695889564225,0.4385964912280826,1.3858813894533095,1.9697241799753475,1.6331607184021428,1.03529710397846,0.7952378200312085,6.02,1.0655765317610932,4.050644301773912,0.0714117262245482,-0.0084226020116117,0.1171519563239308,1.0,1.0,1.0,1.0
2022-10-20,-0.1657172449508026,0.0,1.392689449541367,1.998769053791112,1.640995421277525,1.0261373761312704,0.7723004694835681,5.8,1.0655503936256248,0.4089614153875549,-0.0055704918032786,-0.0040857503152585,0.0928526394222502,1.0,1.0,1.0,1.0
2022-10-21,-0.311235605353255,0.0,1.3982632655085798,2.030499641151628,1.648228223243409,1.0140478268143038,0.7911222480758905,5.91,1.0123139463661042,1.1107308352590073,0.023348165911715,0.1186606270539124,1.7535109594434966,1.0,1.0,1.0,1.0
2022-10-24,-0.2393589343324009,0.8733624454148492,1.401732068025372,2.062225355720803,1.6534354503870785,1.0022768732148273,0.8430232558139534,6.29,1.026926893736987,5.033855838383101,0.1539646305235796,-0.0244151503898997,0.3414032582592328,1.0,1.0,1.0,1.0
2022-10-25,-0.1251825578969412,0.0,1.4028004216819396,2.09291468350278,1.656506363222066,0.9825630423546694,0.8669183002556923,6.57,1.009734840057172,3.216414694355623,0.0746548247719635,-0.0580892942870859,1.0648730198642191,1.0,1.0,1.0,1.0
2022-10-26,-0.125339461040308,0.4329004329004293,1.4035069751573823,2.1247380333439927,1.659796835712798,0.9869305994837678,0.8721179132774755,6.57,1.03151116280719,2.450421309481277,0.1047927284358673,-0.0807122294487685,0.99756210054688,1.0,1.0,1.0,1.0
2022-10-27,-0.0836645053336138,0.0,1.4002608871952558,2.151197819762987,1.6585733978175288,1.0062221900662012,0.9571348349659948,6.89,1.011716913791603,0.8286368818367815,0.0327188243911371,-0.0405603369346273,0.6246915321159134,1.0,1.0,1.0,1.0
2022-10-28,-0.1151350219803171,4.74137931034484,1.3961987734565604,2.17573730865972,1.6561768217654376,0.9276097772400156,1.1347605494369508,8.93,1.0176770048218444,7.6547409311853265,0.2880933818926762,0.1368007739145279,4.6075706756109245,1.0,1.0,1.0,1.0
2022-10-31,-0.073352195326426,0.411522633744843,1.393710591054527,2.174179960314241,1.6551576471134095,0.9624609624609624,1.090279066889425,8.24,1.0447724904480722,0.0867651771274678,-0.004053738317757,-0.0557827102803738,1.4510921177587843,1.0,1.0,1.0,1.0
2022-11-01,-0.1992449664429463,0.0,1.3888797443397531,2.169131194921317,1.6514551270081943,0.966357282513428,1.0374203319240234,7.65,1.0245014837137876,0.8508782054946603,0.0735675607606095,-0.0580531419216723,1.056007330202726,1.0,1.0,1.0,1.0
2022-11-02,-0.0525375643585124,-0.4098360655737654,1.3864226478606925,2.1678091566318107,1.6505794342121587,0.971740653575984,1.0123084652097465,7.45,1.0439825390305209,0.3431862085856113,-0.0290212486883525,0.0022298006295907,0.0347009593794652,1.0,1.0,1.0,1.0
2022-11-03,-0.2628259041211112,0.0,1.385853852232386,2.1698626401587795,1.651628783728367,0.9845808551228818,0.9744691607684528,7.03,1.0518601098311244,1.7808348297915997,-0.1127636435800754,0.0501091486406032,0.9974323523602608,1.0,1.0,1.0,1.0
2022-11-04,-0.1159481395593964,0.0,1.3851348163715795,2.1727175490489743,1.6525846084040894,1.015476659620965,0.9873869282711174,6.84,1.0542703840779375,0.9820976008168448,0.0736339274585566,-0.0589555029290789,0.7574665705821122,1.0,1.0,1.0,1.0
2022-11-07,-0.1371886872097993,0.0,1.380578703656932,2.169635917479204,1.6490601861337582,0.9422343593498054,1.0572743543850678,7.88,1.048877182563519,0.6861035415628488,0.0199680840163934,0.1396516393442623,6.4951155587324285,1.0,1.0,1.0,1.0
2022-11-08,-0.0951072598541546,0.0,1.3695365903751664,2.1565105317081747,1.6380647775450246,0.9436712814987188,1.0380712300433068,7.7,1.049165746741886,0.1863759512453824,-0.0096186877361731,0.0327207145310889,8.255687973997833,1.0,1.0,1.0,1.0
2022-11-09,-0.03173259995769,0.0,1.3554488908640443,2.138358317247527,1.6231972643661656,0.8157795706326697,1.07165666113169,9.44,1.0528433754522246,0.6431890712566793,-0.0232824318449978,0.1248835620691796,8.97167075619005,1.0,1.0,1.0,1.0
2022-11-10,-0.105808909110161,0.411522633744843,1.3409278148781458,2.1192076089461787,1.6075044855391745,0.8214307265966977,1.0811159074801882,9.48,1.0562929602191364,0.1243592259681915,0.0100446912242686,0.0455037919826652,1.0441267868241144,1.0,1.0,1.0,1.0
2022-11-11,-0.1376972778307283,0.0,1.3272655966627445,2.101082302510578,1.5922961160034304,0.7696767169258178,1.0564826700898589,10.08,1.080718996909039,1.7445313274241223,-0.0363984683595324,0.0906489318823055,5.760758196721312,1.0,1.0,1.0,1.0
2022-11-14,-0.2757742893508719,0.0,1.3132842277476169,2.082274360889734,1.5766940718947309,0.7734981014050559,1.051817478731632,10.09,1.0896609954549423,1.81076252923304,0.061285059017797,0.0985260840315577,3.8513028926607697,1.0,1.0,1.0,1.0
2022-11-15,-0.063816209317169,-0.4098360655737654,1.298665766931029,2.062236507441688,1.5601927916239056,0.767231814377202,1.0633946830265848,10.55,1.0880985230069442,0.3160908900286894,-0.0076479308821363,0.1397084090128123,4.654129190515127,1.0,1.0,1.0,1.0
2022-11-16,-0.0425713069391098,0.411522633744843,1.2827918494396358,2.0396555118616164,1.5416537190825217,0.7475893813737551,1.1480057967361856,12.09,1.013382110575565,2.002377205181068,-0.0462154646167759,0.248304318335971,5.252899677149348,1.0,1.0,1.0,1.0
2022-11-17,-0.0212947189097034,0.0,1.268120165662322,2.018795178088137,1.5244228417934758,0.7633433427361056,1.104210657061235,11.77,1.1171820525753764,0.3927552025833567,0.0180827789289998,0.1009924746428181,1.0443805334686742,1.0,1.0,1.0,1.0
2022-11-18,-0.042598509052194,0.0,1.253097009057301,1.9970455971129064,1.5063066939775651,0.761101545504222,1.1558647626022214,12.83,1.1377803798320067,0.7150485918167107,-0.0225241703892788,0.0411614550095724,0.6101815171761367,1.0,1.0,1.0,1.0
2022-11-21,0.7670999360749997,0.4098360655737876,1.2403336190294687,1.9779386933227048,1.4901903465065665,0.7761592466473284,1.1497567129212471,12.96,1.1327697831797052,2.9783429696837582,0.1321190850780588,-0.0530073823066682,0.5233600191181742,1.0,1.0,1.0,1.0
2022-11-22,0.0105730598435327,0.0,1.226954029906953,1.957707947901575,1.4729061097289429,0.7795907657211402,1.1909820585457978,13.86,1.1285546267904398,3.6149477075374814,-0.1190748909657321,0.1243613707165109,1.0740999838562126,1.0,1.0,1.0,1.0
2022-11-23,0.0,0.0,1.212723783015861,1.9359873024276344,1.4544117873176388,0.7860166598388638,1.2434275148783729,14.95,1.121501934287256,0.5799556024687605,-0.013416814159292,0.102433628318584,0.9138458501924406,1.0,1.0,1.0,1.0
2022-11-24,0.0211438841315025,0.0,1.199801155219668,1.916222027603276,1.4374177275994993,0.7937225992013627,1.1970670152901723,14.82,1.1187264021219778,1.130211765563694,-0.0289157716223855,0.0610514414923685,0.4086845466155811,1.0,1.0,1.0,1.0
2022-11-25,0.0739879505337715,0.4081632653061051,1.188828937567757,1.8993617960214284,1.422628291283392,0.7920701938068304,1.193188226006541,15.2,1.108659604361049,0.1565739095670703,0.001071455902047,0.2563612014539889,2.502684783116216,1.0,1.0,1.0,1.0
2022-11-28,0.1584283903675487,0.0,1.1786256528446988,1.883511963446712,1.40867277778385,0.8108265221890223,1.1487695749440716,14.73,1.0949081245828138,6.247002374099718,-0.1049343188308415,0.0767680161263228,0.4037459139499955,1.0,1.0,1.0,1.0
2022-11-29,0.0843614889802779,0.0,1.167803794278147,1.8663952958782344,1.3937417267655767,0.8272008559709921,1.16386925795053,15.15,1.0966611307934775,3.327461000494542,-0.0828084457289659,0.1559087989723828,0.8068134607395098,1.0,1.0,1.0,1.0
2022-11-30,0.2844800337161723,0.0,1.1561465961419408,1.847649475087296,1.3776029267788994,0.856409695112311,1.229934924078091,16.1,1.074261450809655,3.0703252296698027,-0.0382681425010995,0.170502858818355,1.7635240153152127,1.0,0.0,1.0,1.0
2022-12-01,0.5568396722000379,-0.406504065040647,1.1422318656542862,1.818769458374311,1.358899519751875,0.8010457123915667,1.3036347283212528,19.24,1.0240575267766765,5.715599930265435,0.0196282226295877,0.2517258863450212,3.992823558525117,0.0,0.0,0.0,0.0
2022-12-02,0.6373419705359984,0.0,1.1298035369006068,1.7915692789778928,1.3414984471610754,0.8447235403342274,1.2243629583592293,18.04,0.9984589631763536,8.347358255627686,-0.1412237404644144,0.0254002850196998,0.1830594490091831,0.0,0.0,0.0,0.0
2022-12-05,0.3529900332225999,0.0,1.1207468720613618,1.769314298191307,1.3277042015969802,0.8850645359557467,1.201302003865324,17.64,1.042727223780603,0.1156585045063143,0.002075605578664,0.0434711687464317,0.3448610526996862,0.0,0.0,0.0,0.0
2022-12-06,0.1448375750051633,0.0,1.1124476163179224,1.7479486310784638,1.3145789270445791,0.8885030419359871,1.1692461308037942,17.88,1.0377104967352118,1.321167981763297,-0.034727418431597,0.0587292501431024,0.330509293560545,0.0,0.0,0.0,1.0
2022-12-07,0.0,-1.6326530612244872,1.1062717412056386,1.7300064607719292,1.304073544437348,0.8954462408218139,1.2184380504991192,19.17,1.0523025958951016,6.416917442291547,-0.1220523800771917,0.1603259204803038,1.6537647319030615,0.0,0.0,0.0,1.0
2022-12-08,0.082644628099171,-2.0746887966805128,1.101116994028716,1.7134178743768231,1.2947029228520606,0.945872214216763,1.1467603059310212,17.63,1.0464202834475942,4.224905309092662,-0.1460574553028988,-0.0113695538968929,0.0840228336861009,0.0,0.0,1.0,1.0
2022-12-09,-0.0412881915772045,-0.4237288135593098,1.097242989178678,1.6856999389187417,1.287072800295427,0.9401733572771878,1.1222994374320427,17.85,1.0705224507743942,1.7984100601703328,-0.0529313613955252,0.1959802806219188,1.639749976203319,0.0,0.0,0.0,1.0
2022-12-12,-0.0309789343246658,-2.1276595744681,1.095104121629448,1.6581254711405198,1.2813075043388735,0.955407190545896,1.1362582320749468,18.31,1.0670697355631784,4.330656146259598,-0.2137121680049413,-0.022235948116121,0.1699602077291427,0.0,0.0,1.0,1.0
2022-12-13,-0.0309885342423266,-2.1739130434782483,1.094685416786149,1.6328310404755098,1.2775236122171043,1.0158438312481146,1.1107567542940453,17.24,1.0431098270624413,2.9621166715068687,-0.1131761789529599,-0.1299651773593814,1.789807364057547,0.0,0.0,1.0,1.0
2022-12-14,0.0103327133705422,0.0,1.0938079552715634,1.6071797413907103,1.2733234778253055,1.0033608839268973,1.1765758511161812,18.9,1.0523549728365291,0.0859277673535092,0.0031524908869987,0.1120899149453219,1.6728624535315983,0.0,0.0,1.0,1.0
2022-12-15,0.0309949374935225,0.0,1.092787833196444,1.581302186671152,1.2689241124664832,0.9991449151436976,1.142982648802987,18.87,1.048756247147382,0.4471446395240901,-0.0215209838585703,-0.0128362797847809,0.159313140949201,0.0,0.0,1.0,1.0
2022-12-16,-0.010328444536245,10.666666666666668,1.093749032721106,1.558076797841132,1.2670245033234604,1.0776864293216473,1.126297577854671,17.5,1.0559869324477005,87.48860552528308,0.3743658600736454,-0.0664687758322687,1.8940042826552463,0.0,0.0,1.0,1.0
2022-12-19,-0.0309885342423266,8.032128514056215,1.0940929566881166,1.5344664607763645,1.2648564817508596,1.0462493563383448,1.071825091809719,17.4,0.980295503664639,33.823158907871075,0.3586175127234764,0.0693810083083213,1.5400955921402018,0.0,1.0,1.0,1.0
2022-12-20,-0.0826617069642488,11.152416356877335,1.096118713826707,1.513030654080139,1.2649884046682935,1.0563722468398036,1.2296352138040794,20.16,0.9548824301121964,13.668102969407586,0.504177021992549,-0.1298321515843448,3.9346849581158185,1.0,1.0,1.0,1.0
2022-12-21,-0.1447776628748731,9.364548494983271,1.0975557334821002,1.4912518721411163,1.264674660938654,1.0240662092997932,1.3534510958456003,23.47,0.9410269422613576,7.925242962456392,0.5572541449116057,-0.0350370981038746,1.0349726036663736,0.0,1.0,1.0,1.0
2022-12-22,-0.0207125103562466,8.868501529051986,1.098153416674958,1.4686654746413452,1.2634401270382054,1.0255628177196805,0.98399284959779,17.15,0.9100640677388556,5.896606472702346,0.5589579584775086,-0.0488754325259515,1.7094017094017095,0.0,1.0,1.0,1.0
2022-12-23,-0.0414336026517525,-1.1235955056179805,1.1005752364439914,1.4482127250855406,1.264298796630486,1.034720358590877,0.8829735432559649,15.25,0.8869246800550517,1.1410215600890428,-0.1992512215669755,-0.1550968828980623,4.232183908045977,1.0,1.0,1.0,1.0
2022-12-26,-0.0103626943005252,0.0,1.101912595408402,1.4262329016933937,1.2640309096101514,1.0142720389870332,0.8691778047792629,15.34,0.8571194454842236,0.1367697897507291,0.0792966611932129,0.0446086480569239,0.3878182250773257,1.0,1.0,1.0,1.0
2022-12-27,0.0103637682661528,0.2840909090908949,1.103374655569885,1.4046439895523046,1.2639962405700225,1.007818279398326,0.8530114625946777,15.16,0.8333560625369741,0.1540981821527974,0.0914332784184514,0.1315211422295442,1.2105130149102856,1.0,1.0,1.0,1.0
2022-12-28,0.0103626943005252,0.2832861189801861,1.1063200630183934,1.3853941417296205,1.2658631830721243,1.0069895555862007,0.8806818181818182,15.64,0.835862515689162,0.1020493619714291,0.0443258249357834,0.0883224659158269,1.4813587406793702,1.0,1.0,1.0,1.0
2022-12-29,-0.0414464822298232,0.0,1.1110747082705654,1.3754029529314762,1.2700768248394017,0.9956891563476448,1.0246433203631649,18.36,0.8370530371357611,0.2122530494689209,-0.0961869336143308,-0.0539515279241306,7.5851851851851855,1.0,1.0,1.0,1.0
2022-12-30,-0.0725614180574152,1.412429378531077,1.1151317644769152,1.342247820025103,1.2740015738949062,0.9997475385003788,1.1597690086621752,20.87,0.8185081555374042,0.5437999373482916,0.2883425669436749,-0.1299630655586334,7.306943543153796,1.0,1.0,1.0,1.0
2023-01-03,0.5394190871369275,-0.278551532033422,1.118884811804023,1.3123564244999564,1.2775598147339131,0.9834104437814388,1.131101314587553,20.87,0.8134865005065302,0.1060706383954972,-0.0332267489711934,0.0696844993141289,6.48786717752235,1.0,1.0,1.0,1.0
2023-01-04,1.3309946347503043,0.0,1.1231783664835582,1.283413310029173,1.2809814559120971,0.965872690234018,1.0078316588877465,18.99,0.7771779367295987,0.5217490810870994,0.256617420295895,-0.0910606376328401,3.473767885532592,1.0,1.0,1.0,1.0
2023-01-05,0.10182262498728,-0.2793296089385499,1.1265944384592237,1.254928469141067,1.283230830038467,1.0043821586613977,1.0672652804032767,19.35,0.7808481510098452,0.7046554442361364,-0.182558547754034,-0.0780636720453554,2.448281757565396,1.0,1.0,1.0,1.0
2023-01-06,-0.0305157155935265,0.0,1.1275130444215211,1.2236752718419008,1.282546758044581,0.8746170757198977,1.028535591094387,21.63,0.766751632210318,0.2336453536249388,-0.0358995451099317,0.0114986100581248,0.657514450867052,1.0,1.0,1.0,1.0
2023-01-09,-0.0508750508750432,0.2801120448179262,1.127474219914784,1.206045282258631,1.2810078945479588,0.9009738499244488,1.1214590609235546,23.19,0.7823468521602247,0.1440369790576164,0.0179217325988983,0.1262393590385578,9.005179496338632,1.0,1.0,1.0,1.0
2023-01-10,0.600631171739785,0.2793296089385499,1.126736726030519,1.191719769103092,1.278291239924029,0.8571781764239643,1.144613020933359,25.28,0.7943617047430817,0.8034341333904497,0.1585333236427066,0.0147539792136056,0.7892690513219285,0.0,1.0,1.0,1.0
2023-01-11,0.3946569520340004,0.0,1.1257451965937053,1.178169333462144,1.2750000644214257,0.8914930237667997,1.137840611104777,24.6,0.8166446077188322,0.3669829030822508,0.0903988300068823,0.0913626978664831,11.297872340425531,1.0,1.0,1.0,1.0
2023-01-12,0.2923092430198615,0.0,1.125605254078286,1.1663959304524685,1.2725160882058482,0.7139667797821039,1.1207612718072657,30.94,0.8237036607440601,0.0453397178631425,0.0145903479236812,-0.0006734006734006,0.0321629589922272,1.0,1.0,1.0,1.0
2023-01-13,-0.0301507537688427,0.557103064066844,1.1255436748667162,1.154835425497701,1.2700277246797185,0.6969754324866563,1.1123612361236124,32.22,0.8677401965086157,0.2048518796137949,0.0571038973475055,0.0656899358421909,4.767199444058374,1.0,1.0,1.0,1.0
2023-01-16,0.0100532823967158,0.0,1.1243535640996682,1.141991007769581,1.2662559520778172,0.7036093845546516,1.0942974282519569,32.3,0.8905950319756087,0.0225032302933991,0.0107535113748763,-0.0057368941641938,0.5096660808435852,1.0,1.0,1.0,1.0
2023-01-17,0.080418174507435,-0.5540166204986208,1.1227212228083094,1.1287314538574271,1.2619680629915009,0.6882248169404315,1.0835798816568047,33.7,0.9064383044317824,0.1739048781396548,-0.037543152173913,0.0931521739130434,9.136460554371002,1.0,1.0,1.0,1.0
2023-01-30,0.9240658899156262,0.278551532033422,1.1184291411554232,1.1125181220883402,1.2541354559017528,0.7685037843601322,0.9654248390338308,27.27,0.9028178295276614,0.8675699914679866,0.0465809895143278,0.0602263693833516,10.764546684709066,0.0,0.0,1.0,1.0
2023-01-31,1.194267515923575,0.0,1.118626805376446,1.100704171649774,1.2504255991368685,0.9374056022271752,0.936035082413428,21.56,0.918396782000855,1.6632512990498671,0.0746180368658914,-0.1501040979028081,77.28104575163398,1.0,1.0,1.0,1.0
2023-02-01,0.9539732494099118,0.0,1.1194139567190522,1.0893913963113695,1.246849527921131,0.9072789076262704,0.8344722854973424,20.04,0.9324047460112188,1.9811575208103376,0.0354079652622294,-0.0018318746183594,0.2890792291220556,1.0,1.0,1.0,1.0
2023-02-02,0.5163175840233736,-0.2777777777777879,1.1179088274709217,1.0751572153961662,1.240401999915404,0.8831090276727658,0.8348512446873103,20.93,0.8933941604218214,0.8638930878625843,0.0175912710566615,0.1351710056151097,8.330973729746736,1.0,1.0,1.0,1.0
2023-02-03,0.1066098081023536,0.557103064066844,1.11501827250711,1.059581194373186,1.2324061489723812,0.7315877724751709,0.9207894637533492,28.68,0.8991950485120691,0.4408223698018358,0.0062114205828583,0.1280424418396243,7.315175097276264,0.0,0.0,1.0,0.0
2023-02-06,0.0484073966501963,0.0,1.1137597069829428,1.0455937384208884,1.2261161535197709,0.6643443202716085,0.8604738623542685,30.45,0.9188225380216128,0.8907178047829599,-0.0304092459264873,-0.029840848806366,0.7021845742309407,1.0,1.0,1.0,1.0
2023-02-07,0.0677375653183709,0.0,1.1119254644222123,1.030896371372648,1.2191269249240526,0.7340398504700032,0.8556952523925689,28.18,0.9602927307905283,0.331702576365034,-0.0121421720132153,-0.0201428114675476,0.4534548944337812,1.0,1.0,1.0,1.0
2023-02-08,0.0870322019147051,0.0,1.1090351728814474,1.0151780692825576,1.2110712971070745,0.6867097184191098,0.8690736413657948,31.38,0.949916789400086,1.394722501125835,-0.0440806719586487,0.0710725493815765,1.6449476607562483,0.0,0.0,1.0,0.0
2023-02-09,-0.0869565217391343,-0.5540166204986208,1.106200028001708,1.022243189040667,1.2029697597069964,0.669506176416616,0.8685705570595189,32.86,0.987655312875352,7.607271880998406,-0.0866143827541683,0.1290630438443833,3.761452879581152,0.0,0.0,1.0,0.0
2023-02-10,-0.1353834252006636,-0.278551532033422,1.103408377227795,1.0260603029330184,1.1953083422191957,0.7144637533774016,0.8979937617929069,32.54,0.9730115504816692,3.6056042720135615,-0.0326878920641242,-0.1284974609180523,5.650793650793651,0.0,0.0,1.0,0.0
2023-02-13,-0.0096833543139274,-0.8379888268156499,1.1003409080751108,1.02890585491661,1.1881220413804037,0.7576458493960422,0.889920680982782,31.21,0.923904662592941,38.54612844580392,-0.1457166467725645,-0.1807914792030116,5.179534394318033,0.0,1.0,1.0,1.0
2023-02-14,0.009684292078238,-1.1267605633802802,1.0975103020296575,1.0306020008775574,1.1814375087904596,0.7524359821752201,0.8858536585365854,32.16,0.9397661006547624,22.235535017103103,-0.0908486355785837,0.0060794473229706,0.2093493517307006,0.0,1.0,1.0,1.0
2023-02-15,0.3582841096155809,-0.5698005698005604,1.0962070934369228,1.03351072750702,1.1764085185735886,0.752481763834805,0.885254923542592,32.83,0.9489783178088133,2.3579461733183846,0.0186318764429583,0.0740386911870074,2.0316766794101584,0.0,1.0,1.0,1.0
2023-02-16,0.0578927055191025,-0.2865329512894088,1.0975763098314135,1.0385064921894835,1.1742665032000918,0.7989329475064431,0.8896499542033373,31.61,0.958461526810996,48.63152655753713,-0.1045899854862119,-0.0964259796806966,3.81619098905044,1.0,1.0,1.0,1.0
2023-02-17,0.0867888138862182,0.0,1.100019089212269,1.0423936682370112,1.173553253849866,0.8243927360549905,0.8899316370696979,30.99,0.9461650867294954,3.296858964561005,0.0216661883408071,-0.179372197309417,11.876484560570072,1.0,1.0,1.0,1.0
2023-02-20,0.0867135562192755,0.0,1.1012067633312246,1.04379128780127,1.171669160609663,0.8333532891113293,0.9170090386195564,32.07,0.9501941353892984,0.8955707252746901,0.0112375742419506,-0.0249036157132437,2.312530237058539,1.0,1.0,1.0,1.0
2023-02-21,0.0673854447439392,0.0,1.1028180997797692,1.044800163143787,1.1703705631518748,0.8462390053406976,0.9358578697139044,32.26,0.9495280871618376,0.7851986140258926,-0.0187580470162748,-0.0195298372513562,1.099236641221374,1.0,1.0,1.0,1.0
2023-02-22,0.336700336700324,0.0,1.104635729331394,1.045726493912234,1.1692040370125985,0.8270017172578233,0.974330781917368,34.42,1.0044400316046345,2.3989666870701045,0.041738989169675,-0.001323706377858,0.1735015772870662,1.0,1.0,1.0,1.0
2023-02-23,1.5532118887823687,0.0,1.1067772376255722,1.0462881031962847,1.1674746226777295,0.8122362869198313,0.949149630647655,34.17,0.94069912565298,10.29807728401907,0.0833887408394403,-0.1011825449700199,296.3414634146342,1.0,1.0,1.0,1.0
2023-02-24,0.1321752265861064,1.724137931034475,1.107875811164822,1.0457445598971165,1.164670217164251,0.7307396979779882,0.9897625789588324,39.79,0.9849176571268932,53.75154322616024,0.0975185695688797,0.1796079332261276,23.95812053115424,1.0,1.0,1.0,1.0
2023-03-01,0.0565717518385744,1.1299435028248703,1.1103312600515542,1.0465441661511918,1.163826070206857,0.7421500833213053,0.9859093103902375,39.71,0.9874687143755582,26.20154358884396,0.1256572029442692,0.0754994742376445,4.719027275714755,1.0,1.0,1.0,1.0
2023-03-02,0.0565397663023103,0.5586592178770999,1.1084647062197717,1.043254686203908,1.1590441084405825,0.7424815882602102,0.9984564498346196,41.66,0.9448348802781144,46.25792742110232,0.0701463989711346,0.1363961131751929,4.828022255943349,0.0,1.0,0.0,0.0
2023-03-03,0.0,1.1111111111111072,1.107178200461278,1.040852945957361,1.155426131225075,0.7754887623699118,0.9584326184802754,39.77,0.9720471841923196,21.206292905186533,0.2315483434753211,0.0439486139283299,0.7869249394673123,1.0,1.0,0.0,0.0
2023-03-06,0.0470898474288938,0.5494505494505475,1.1056728742276083,1.0385016152987476,1.1518731110924725,0.8204222761715589,0.9447218417215324,38.34,0.9512043760412032,12.507834781149564,0.3056181005908632,0.0255079982706441,0.6115045776472621,0.0,0.0,0.0,0.0
2023-03-07,0.0658947566600787,1.6393442622950838,1.1049800914164254,1.0369518684695815,1.1492509992921476,0.7885293851581582,0.9586909155587175,41.22,0.9298933423539854,10.751665105488051,0.2595745610991604,0.2305877454722087,11.99638989169675,0.0,0.0,0.0,0.0
2023-03-08,0.0094073377234327,0.0,1.1034450954784296,1.0346195692661706,1.1457565961341438,0.8070552147239264,0.8941997851772288,37.97,1.0201270099182227,0.6717630381107365,0.0320781032078103,0.0088753645239,0.2362869198312236,0.0,0.0,0.0,0.0
2023-03-09,-0.037625811306563,0.0,1.1020997774591152,1.032516861305185,1.1423825804874652,0.82254068801154,0.8212735166425471,34.62,1.0187147225090851,4.3506551305141725,-0.2097250537304267,0.1367823150138164,2.54389721627409,0.0,0.0,0.0,0.0
2023-03-10,-0.2446598287381141,0.268817204301075,1.102896178960079,1.0325894850631785,1.1413704406608525,0.8038836811932099,0.8260909340408015,35.88,1.027840082532065,1.2984559982590005,-0.0412977145148356,0.031776263031275,0.9676434676434676,1.0,1.0,0.0,1.0
2023-03-13,-0.3678898217149284,0.536193029490617,1.1027782516946978,1.031953983954235,1.139682053613993,0.7875933744722312,0.8324469315081163,37.11,1.0331394627221873,2.8978231736577755,0.1285626623064345,0.100028854477253,3.9297184961269607,0.0,1.0,0.0,0.0
2023-03-14,-0.1230827494792752,0.8000000000000007,1.1034251316107964,1.0320108761967597,1.1387960601109048,0.8717018469656992,0.8320449754040758,33.6,1.117803210809818,1.2509889739601492,0.0383275010172644,-0.0034296343660989,0.1509916826615483,1.0,1.0,0.0,1.0
2023-03-15,-0.1895914304673285,0.5291005291005346,1.1021749426831604,1.0303756965566968,1.136022640750696,1.0197450637340666,0.8442020393644771,29.08,1.1368339508010343,2.118972500107073,0.0965629535071217,-0.0445444772910507,1.4537879618462888,1.0,1.0,0.0,0.0
2023-03-16,-0.2659321872922393,0.0,1.1012893824067729,1.029112189258266,1.13371644885617,0.9673669491382652,0.8596373404969778,31.21,1.1378663547119114,0.6381893821090029,-0.0491346502936465,0.0044847837693539,0.0925619834710743,1.0,1.0,0.0,1.0
2023-03-17,-0.2190267593562556,0.0,1.099349540091188,1.027084378479564,1.1306497839895535,0.9768873620299664,0.8227171059029467,29.46,1.1444436996609668,0.7099687111851545,0.0279197369124645,-0.0730442222341051,4.030092934061071,1.0,0.0,0.0,0.0
2023-03-20,-0.0668066424890367,1.3157894736842255,1.0970769178880175,1.024661870360721,1.1273371902192906,1.0336839576505312,0.8393675188414365,28.29,1.1137348769484965,2.350756528037086,0.197701197828935,-0.0015908665543702,0.0434504792332268,1.0,0.0,0.0,0.0
2023-03-21,-0.0955018622863068,0.0,1.0948646311773438,1.0223856642216116,1.1241509432056245,1.2237966171475625,0.8306294613887086,23.32,1.0973184404953118,0.3315206248301226,0.0288030259227136,-0.0207188975619157,0.4474505723204995,1.0,1.0,0.0,1.0
2023-03-22,-0.0095593155530093,-0.2597402597402709,1.092150371360428,1.0196889849767692,1.120511655819488,1.1223804521894856,0.8851614207042894,26.88,1.0766720593103267,0.0911128813033872,0.0065700440528634,0.1001201441730076,2.252455176141994,1.0,0.0,0.0,1.0
2023-03-23,0.0,0.0,1.0884001616104415,1.0160513556000317,1.115834987196973,1.086418042299631,0.9712596820220138,30.39,1.0782910580373375,0.0788198202955179,0.005787173895485,0.1534609482271222,2.89921416037232,0.0,0.0,0.0,0.0
2023-03-24,-0.047801147227533,0.260416666666674,1.084198003802642,1.012190315150951,1.1109090210869794,1.0138248847926268,0.9596454156573726,32.06,1.1023420165099005,0.1789275969569493,0.0124567471371092,0.0925410089755493,1.6710912393460946,0.0,0.0,0.0,0.0
2023-03-27,-0.0286944045911008,0.0,1.0806122710581634,1.0095559208312113,1.107536465161579,1.0963646855164455,0.9246807401615844,28.29,1.1020186077533656,0.1856429822039877,-0.012986123805567,-0.0187785625259659,0.2953669215186564,1.0,0.0,0.0,1.0
2023-03-28,-0.0574052812858827,1.298701298701288,1.0780215007462748,1.0079399800945716,1.1052787344925772,1.1556202961883952,0.9418721292434402,26.77,1.1079446415774328,2.564248662623679,0.1719869067103109,0.0618657937806874,1.330049261083744,0.0,0.0,0.0,1.0
2023-03-29,-0.038292169251386,1.2820512820512997,1.0744277251773338,1.0054262757958266,1.1020657410659354,1.0838220075888236,0.9779011423081028,29.15,1.1093839797481513,2.9158247583656656,0.1543722175931436,-0.001666468277586,0.0527207682169083,0.0,0.0,0.0,0.0
2023-03-30,-0.0287301283279028,0.5063291139240533,1.0713563597406492,1.0034324787662543,1.0994297507164696,1.4768137558866414,0.9697821503865072,20.36,1.0681719895238138,1.0833287661721114,0.0697713271000942,0.0160904544466188,0.4969222160044768,0.0,0.0,0.0,0.0
2023-03-31,0.0,3.0226700251889005,1.0682849943039645,1.0171388209818495,1.0968145530574973,1.0453077665701254,0.9496198238608392,27.64,1.0379704966194043,1.5799336581605965,0.0705775477788594,-0.0373520520571809,1.8500190331176247,0.0,0.0,0.0,0.0
2023-04-06,-0.0191589232685029,0.0,1.0656798586850882,1.03131072649912,1.0947119238229974,1.0432969905530831,0.9485859759809618,27.18,1.0237596470105967,0.4837200447989686,0.0339310868787987,0.0086700035752592,0.2486860658889886,0.0,0.0,0.0,0.0
2023-04-07,-0.0383251892306257,-0.244498777506108,1.064688913011044,1.0473318532596834,1.094309509336076,1.0462143559488692,0.9186366443932844,25.63,1.0257783241757013,0.1762226957421263,0.0111294376374489,-0.1032568855377526,5.647193585337916,0.0,0.0,0.0,1.0
2023-04-10,-0.2012843860826119,0.0,1.0638198055164216,1.0638031579136336,1.0941236593734804,1.0723373907969591,0.8857808857808858,23.55,1.0416488269557556,0.5107468272973323,0.024240874197086,-0.0882030393232022,9.80836236933798,0.0,0.0,0.0,1.0
2023-04-11,-0.0384172109104907,0.0,1.0627030283619088,1.0800448713251585,1.0938227924688402,1.0836081847001184,0.8660243175040148,22.31,1.0211164894096243,0.7315344451098736,0.0463198516105682,0.1561708288092653,11.025231555413605,0.0,0.0,0.0,1.0
2023-04-12,0.1249039200614809,-0.2450980392156854,1.0607741529537882,1.0953467514949629,1.092578375692348,1.1173765120967742,0.7878682238103539,19.11,1.0329217540756603,0.5747425991916817,0.026975510978928,-0.0108840093653103,1.3020439061317184,0.0,0.0,0.0,1.0
2023-04-13,0.0191920161213055,-0.2457002457002643,1.0626429900054335,1.1139631860972767,1.0950432028656674,1.3988272028025284,0.5913850547358401,10.82,1.0306466002407624,0.1591476142741153,0.0027243149392315,-0.127173448076294,29.281575898030127,0.0,0.0,1.0,1.0
2023-04-14,0.2110716684255997,0.0,1.062874602228827,1.1294912470773923,1.0956514138327826,1.2027921961696797,0.6196360094954044,12.62,0.9617652828370864,0.1435666475471632,-0.0064843288826423,0.0084328882642304,0.7332722273143905,0.0,0.0,1.0,1.0
2023-04-17,0.2584968884633776,-0.2463054187192059,1.0638485297134177,1.1447990082807245,1.0967832286737051,1.1701000588581518,0.6283114130773546,12.68,1.0079748930057404,0.2952130602594897,-0.0253543511450381,0.2283969465648855,26.858168761220824,0.0,0.0,1.0,1.0
2023-04-18,0.1527883880825031,0.2469135802469102,1.0650614054170189,1.1599741526887668,1.0979933900321686,1.123774723043907,0.6043920865612394,12.18,0.996840209297396,0.0848721790190953,0.0083641695994637,0.0288252052957935,3.495934959349593,0.0,0.0,1.0,1.0
2023-04-19,0.3623188405797117,-0.2463054187192059,1.0684042004030334,1.1768177300876663,1.101060197733074,1.258737292821596,0.3720188666710954,6.31,1.021458164320615,0.5428021535983993,0.0278646462851048,-0.181389975115535,24.60518384569017,0.0,0.0,1.0,1.0
2023-04-20,0.1045031350940473,0.0,1.0718416046460555,1.193661307486566,1.1041270054339798,1.1966692659017488,0.2873403664630761,4.82,1.0126399118464933,0.6652458205681755,-0.0258731375053214,0.0174542358450404,2.853166318719555,0.0,0.0,1.0,1.0
2023-04-21,-0.1423555091582096,-1.4814814814814723,1.0745532969013116,1.2099808716660154,1.1064605597009902,1.2004352197446528,0.0,0.0,1.030312783432818,9.532603900704473,-0.1445069152439333,-0.1057804346724758,12.61631419939577,0.0,1.0,1.0,1.0
2023-04-24,-0.1330545523664739,-1.7543859649122862,1.0784712288320248,1.2275713661471062,1.1100969738083415,1.1510810921000774,0.0,0.0,1.034018084506558,16.64485267640958,-0.254056003032313,-0.1121008244101203,4.119798014974752,0.0,1.0,1.0,1.0
2023-04-25,-0.1712980586219936,-1.530612244897955,1.083297216848614,1.2461787585025532,1.1147023874753177,1.083483257699847,0.0,0.0,1.0417794547388732,559.8227302849375,-0.2911892952891612,-0.0157027958636537,0.4201357755860125,1.0,1.0,1.0,1.0
2023-04-26,-0.1239275500476755,-1.5544041450777255,1.0888852859337703,1.2656882683153312,1.1201259469933362,1.143835616438356,0.0,0.0,1.0508376604530123,19.474028241476976,-0.1065884941150588,-0.1434935650643493,4.493627282121943,1.0,1.0,1.0,1.0
2023-04-27,-0.0954471699914027,-1.5789473684210464,1.0931855526468932,1.2837471858625764,1.1242483883079744,1.1107506650230323,0.0702529104777198,0.82,1.0234226642938162,12.28077478159236,-0.2624435150206872,-0.0429933441266414,0.8057990559676331,1.0,1.0,1.0,1.0
2023-04-28,-0.0382153434604015,-0.5347593582887722,1.097737763835859,1.3020356946522464,1.1286269301825158,1.050372654844513,0.1314060446780552,1.47,1.003258733448271,2.208269126131328,-0.0557364696632158,-0.0442930153321976,1.0168471720818293,1.0,1.0,1.0,1.0
2023-05-02,-0.0191149765841447,0.8064516129032251,1.1035370389449417,1.321561987469404,1.134280959136468,1.0644556011968151,0.3750149289382539,3.74,0.9940403921523192,4.3248067659808935,0.1390220956719818,0.0053910402429764,0.1076002121694324,1.0,1.0,1.0,1.0
2023-05-03,-0.028677946659017,0.0,1.109227406922162,1.3408484964647347,1.1398275237863618,1.0814587117507335,0.4549019607843137,4.09,0.992183374211355,0.1793541753108872,-0.0070507354156337,-0.0794083622541728,1.3365785813630042,1.0,1.0,1.0,1.0
2023-05-04,-0.0191241155096499,0.0,1.11407264524084,1.3433167193613118,1.1445172763263547,1.0178302360622802,0.3134978229317852,2.66,0.995519704529508,0.6653930663819329,0.0356206581352833,0.0412350192971765,0.6130615326538317,1.0,1.0,1.0,1.0
2023-05-05,-0.0191277735271611,0.0,1.118916972839123,1.345784942257889,1.1492070288663474,1.0236562341061617,0.361328125,2.69,0.9658831017355368,0.7883946996721014,0.1139766097963676,-0.217116125481563,1.11669379378671,1.0,1.0,1.0,1.0
2023-05-08,-0.0478285823608315,0.0,1.1222842341300112,1.3464500660847625,1.1523967094404388,1.0370461086277631,0.4227164124241867,2.72,0.9571960426368924,0.6132883446509083,0.0595798113207547,0.030566037735849,0.2495571131479627,1.0,1.0,1.0,1.0
2023-05-09,-0.3349602832806941,0.2666666666666595,1.124582491640834,1.3458948700818547,1.1544365393144715,1.0756038647342996,0.4855588112180828,2.6,0.9576936639192531,1.8078929091556617,-0.1646800499921887,0.1087330104671145,1.247200071678165,1.0,1.0,1.0,1.0
2023-05-10,-0.3840983291722777,0.0,1.127759563288644,1.3466197442010317,1.1574781874248614,1.1446276576801169,0.5980226669881843,2.57,0.9583806734705872,0.0099267204406445,-0.0005980411555203,-0.0945785516422635,1.3812034963519468,1.0,1.0,1.0,1.0
2023-05-11,-0.1542317331790998,0.0,1.130246665432435,1.346702006204843,1.159917839041701,1.0609083440910692,0.7971215056739551,3.19,0.9674266441448766,0.5255541075445206,-0.0658633107454017,0.072216844143272,0.5609866145285005,1.0,1.0,1.0,1.0
2023-05-12,-0.2606680826414354,0.0,1.1300160381411333,1.3444939916415932,1.159706623697986,1.0615830954814005,0.8775698066891685,3.16,0.9721654145049836,0.7260470675503691,0.0427054538662682,-0.1475532312289876,3.2166123778501627,1.0,1.0,1.0,1.0
2023-05-15,-0.1839124963701421,0.0,1.130628716873924,1.344666225833605,1.1605484131513442,1.0362766989723744,1.0671256454388984,3.5,0.9798323993523962,0.125855695873794,-0.0115870646766169,0.0522388059701492,0.7447585271722124,1.0,1.0,1.0,1.0
2023-05-16,-0.1454615981380969,0.0,1.1307499809893369,1.345130469497487,1.16111038111264,1.0082546483333528,1.2348573661586555,3.65,1.019583302657734,1.4283690342041555,0.0690635794743429,-0.0078431372549019,0.1682025588261608,1.0,1.0,1.0,1.0
2023-05-17,-0.2136544624647962,0.5319148936170137,1.1296277470588838,1.3445509120686148,1.160594048130554,0.947115328772374,1.5227976980965028,4.22,1.0132701073371564,10.377992980536758,0.2292307027151669,-0.1101054937453162,2.8810619202051435,1.0,1.0,1.0,1.0
2023-05-18,-0.0875912408759171,1.0582010582010692,1.125447976221431,1.3408997000069898,1.1571613725025311,0.8989789115407557,1.768770152003685,5.0,1.0465456155348545,8.962784942308971,0.1135668476260581,0.1980125138019874,12.450101243853052,1.0,1.0,1.0,1.0
2023-05-19,-0.0681862458601134,0.0,1.1211734330484624,1.337248487945365,1.1537133985573236,0.8947919485194641,1.7641597028783658,5.0,1.060815996362025,1.720376077165267,0.0422833111088316,0.0811365268232639,2.5,1.0,1.0,1.0,1.0
2023-05-22,-0.2729310849010624,0.0,1.1158167108357966,1.3323768674341725,1.149245858215751,0.924390618901754,1.8686868686868687,5.68,1.1061409938400748,9.86749073081806,0.0383977231875374,0.1006590772917915,13.125,1.0,1.0,1.0,1.0
2023-05-23,-0.127064803049548,0.0,1.1101907837628209,1.3271741498630587,1.1444678474505807,0.9057626473944468,1.7090069284064664,5.83,1.1337170376035814,3.9923165435796313,0.0252639988273233,0.0058633831720902,1.2336160370084812,1.0,1.0,1.0,1.0
2023-05-24,-0.1370131141123498,0.0,1.105023691745176,1.3225035442114412,1.1402012597723237,0.9399950025582144,1.4957264957264955,5.32,1.116336814956853,4.264020773569933,0.075604189829715,-0.1785359002867341,14.58413001912046,1.0,1.0,1.0,1.0
2023-05-25,-0.127401019208162,2.617801047120416,1.0992900841678552,1.3171542321748355,1.1353350860255853,0.8838414122274721,1.3421926910299002,5.48,1.16169359383302,6.954301642872293,0.1079643707267662,0.0307672828564193,67.5,1.0,1.0,1.0,1.0
2023-05-26,-0.1962515945442056,1.7857142857143016,1.0928524522127965,1.311199497604083,1.1297923457627448,0.9074891994304056,1.8431492218492525,8.03,1.1573517112807428,3.79083962292358,0.0841571249081383,0.0643624208804494,19.166960818919872,1.0,1.0,1.0,1.0
2023-05-29,-0.2359649985252176,0.2506265664160345,1.087018868472273,1.3061033541516875,1.1249610824185297,0.8516947607646781,1.6955903271692745,8.5,1.2729401395023627,1.3780564093382626,0.040257696154701,-0.1350300066681485,71.94670614359734,1.0,1.0,1.0,1.0
2023-05-30,-0.0985512959495338,2.2499999999999964,1.0796991546792425,1.2992490453823866,1.1184446407028623,0.7923154502742724,1.8584548892490549,10.68,1.3662479827895075,3.218641164094617,0.1018633949319464,0.0283003209029545,51.278195488721806,1.0,1.0,1.0,1.0
2023-05-31,-0.2170267337476605,2.689486552567244,1.0728564285590596,1.293071426121016,1.1124834011054792,0.7721198357935191,1.84251158003088,11.57,1.393426322484599,3.743164491133681,0.1253223918092619,0.0815281793619946,17.191404297851076,1.0,1.0,1.0,1.0
2023-06-01,-0.3657933761740062,2.1428571428571352,1.0664499916213288,1.2261763257540834,1.1071331208043274,0.7452394508761941,1.7883827428295975,12.6,1.2629646206575846,2.7918884877677725,0.3502514506769826,-0.1335396518375241,18.459893048128343,1.0,1.0,1.0,1.0
2023-06-02,-0.1984520738241735,2.797202797202792,1.0580260997108228,1.1592812253871505,1.099737121847293,0.8267318496525423,1.790304396843292,12.29,1.284982149026834,2.836405391975297,0.1455791486668684,0.1024681506755083,11.668494438351871,1.0,1.0,1.0,1.0
2023-06-05,-0.2883276993437933,2.0408163265306145,1.050027241587029,1.0930225401920677,1.0928974593204166,1.083951881238802,1.691036236490782,9.42,1.2168276062465149,2.1023027587158567,0.1993385787034913,-0.0221590127081708,1.6835134193098642,1.0,1.0,1.0,1.0
2023-06-06,-0.1096819224249645,1.7777777777777892,1.0404616209061,1.0270810508303654,1.084422638896442,1.1385422665898766,1.88508461235734,10.77,1.216733735284439,1.810091834197456,0.1021261863257795,0.1078345922913035,9.38079191238416,1.0,1.0,1.0,0.0
2023-06-07,-0.1197843881014182,2.8384279475982543,1.0287004723417883,0.9598594913465786,1.0735890751088708,1.34456347489758,2.026463657785028,10.58,1.182375525821827,2.328018148966193,0.1427068092028817,-0.0333953056007436,3.1880199667221296,1.0,0.0,0.0,0.0
2023-06-08,-0.0499700179891982,2.972399150743099,1.018448703757767,0.8932805439781575,1.064318824358843,1.3149033307689395,1.9939678284182307,11.41,1.1779202618780211,2.1831344063075715,0.3509437371884777,-0.0632214909914769,3.137884872824632,1.0,0.0,0.0,0.0
2023-06-09,-0.139986001399861,2.268041237113416,1.0067557030553969,0.8263854436112246,1.0534290066675165,1.2906293006380585,1.8902533810041973,11.79,1.1735432879833985,1.5858269746677354,0.2496279160948833,-0.0010782199568712,0.0487372618520159,0.0,0.0,0.0,0.0
2023-06-12,-0.0400520676880011,2.2177419354838745,0.9953231038618346,0.7594903432442917,1.0427551764010698,1.039704663602803,1.4260355029585798,11.64,1.1328230331175675,1.4741632109444145,0.269586230509903,0.0094816687737041,0.4067337024065077,0.0,0.0,0.0,0.0
2023-06-13,-0.0400681157968429,1.7751479289940697,0.98362256492274,0.6932316580492088,1.0316996454632958,0.8675990498329585,1.3608130999435348,14.11,1.0185594230414876,1.1848300354676586,0.1963484524837522,0.0672181066218243,2.8376822716807366,0.0,0.0,0.0,0.0
2023-06-14,-0.0400841767712267,0.1937984496124034,0.97401788236215,0.6279155358152784,1.0227248129328124,1.106105092639465,1.2071778140293636,10.16,1.0005379136968868,0.310148393467252,0.0600904061082217,-0.1248755117848843,4.47950779001687,0.0,0.0,0.0,0.0
2023-06-15,-0.1303258145363361,0.0,0.9654406590230764,0.5646977897673436,1.0148275748533622,1.024825514621433,1.1647167082949914,10.91,0.9750827008568388,0.3684234527158251,0.0908263734689492,0.0340949788697084,1.5234437510001602,0.0,0.0,0.0,0.0
2023-06-16,-0.1003814495081356,0.7736943907156624,0.9571999158148384,0.5014800437194089,1.0073119050314268,0.9705210842993556,1.0621728584195074,10.81,0.9832125187911132,0.6079694480166363,0.1482390297837053,-0.0280561122244488,1.6072842438638164,0.0,0.0,0.0,0.0
2023-06-19,-0.0100482315112393,0.3838771593090317,0.9492273720462114,0.4388372948563467,0.999924257839879,0.9423991099423484,1.0128476986403891,10.89,0.9737477016906588,0.2614761793735036,0.0999922279792746,-0.0759930915371329,5.277361319340329,0.0,0.0,0.0,0.0
2023-06-20,-0.0401969651291356,0.3824091778202643,0.9413029417829512,0.3761945459932845,0.992571982048028,0.927699245072706,0.9831666260063432,11.0,0.9230167385205688,0.3699717466756205,0.1322025467568643,-0.0139275766016713,1.1437908496732023,0.0,0.0,0.0,0.0
2023-06-21,-0.0301598471901032,0.3809523809523707,0.9327228766212136,0.3126853246818091,0.9844819188708206,0.9296412134157196,0.6539113586824897,7.39,0.8722442422905624,0.248898990888518,0.0756856802315682,0.0522731142516601,2.0088336332406347,0.0,0.0,0.0,0.0
2023-06-26,-0.0402252614641884,0.189753320683117,0.9243613779807052,0.2491761033703337,0.9765720398691792,0.7845700371651929,0.0198412698412698,0.26,0.9783211122940068,1.5504285878475963,0.2647290718941987,-0.2640341415373071,153.82513661202185,0.0,0.0,0.0,0.0
2023-06-27,-0.1609657947686193,0.3787878787878673,0.917681701084726,0.1868169484407562,0.9703385767867851,0.9346562102912296,0.0,0.0,0.8945518989895326,0.992471242034727,0.1092298933889039,-0.1890912385612032,12.898640296662547,0.0,0.0,0.0,0.0
2023-06-28,-5.159209995969361,0.3773584905660376,0.9081250528539068,0.1235992023928215,0.9633936367857656,0.801661635317491,0.0,0.0,0.8456922232378147,1.1892351439649005,0.1883367529922015,-0.0767755119062513,5.5045597249215135,0.0,0.0,0.0,0.0
2023-06-29,-0.0956226094347645,0.3759398496240518,0.9002549924362487,0.0617996011964107,0.9584010781639904,0.8727778278387807,0.0,0.0,0.8654593824022809,0.5363223336692463,0.0823721199586349,-0.1146639089968976,5.288057993132392,0.0,0.0,0.0,0.0
2023-06-30,-0.3190471126236271,1.310861423220988,0.8935935196690055,0.0427677654309459,0.9548281546709528,0.9000819420260167,0.0560389323108686,0.54,0.7835007897417428,4.737908569321442,-0.3013711899981748,0.2224402263186713,46.71777671298515,0.0,1.0,1.0,1.0
2023-07-03,-0.0320068281233321,-1.1090573012939142,0.8871316665644082,0.0853446920833583,0.9512862892666722,0.9175732801848347,0.2708525700215451,2.43,0.7296353455149037,0.7329690663035462,-0.0895438501087601,-0.1106387186078702,9.551856594110117,0.0,1.0,0.0,1.0
2023-07-04,-0.0853788687299905,-0.5607476635513864,0.8826608754871265,0.1279216187357707,0.9497854943821769,0.947060455496986,0.3857900659058029,3.2,0.605462228552075,1.2869475703488569,-0.1607406470269293,0.0333755045484667,1.410386965376782,0.0,1.0,1.0,1.0
2023-07-05,-0.0534073915830046,0.0,0.8781079844935732,0.1703054795538347,0.9480392855683002,0.960558021559924,0.13308309162259,1.03,0.5964555641146171,0.8818186124290854,-0.1244262581362121,0.1298618828385458,5.703329266166985,0.0,1.0,0.0,1.0
2023-07-06,-0.0854974885112769,-0.1879699248120481,0.8767355278584086,0.213862303139189,0.9497228452806268,0.9762209153669138,0.1548672566371681,1.1,0.608923134162296,0.7054739300501051,-0.0638479157945099,-0.0284073919023981,0.8906806675417215,1.0,1.0,1.0,1.0
2023-07-07,-0.0962669804257077,0.0,0.8764555679473338,0.2572211973927154,0.9525213596213332,1.033169069939799,0.1752241238793806,1.08,0.6701165750870901,1.041709503224718,-0.0587727585867532,0.0849325853754551,4.600826336132214,1.0,1.0,1.0,1.0
2023-07-10,-0.1070663811563288,0.0,0.8756476242362456,0.3009777656548727,0.954816056184744,1.0743605311089406,0.1974288337924701,1.06,0.6621262556654389,0.2935873551535253,0.0140361362854192,-0.088103705403235,3.904919283081225,1.0,1.0,1.0,1.0
2023-07-11,-0.010718113611996,-0.1883239171374673,0.8755487652737409,0.3441364539322945,0.957771019654618,1.0712562329097637,0.4588112617309697,2.2,0.6802791367290081,0.8079202218930376,-0.0281760797342192,-0.0040744687519588,0.1643489254108723,1.0,1.0,1.0,1.0
2023-07-12,-0.0535963125737115,0.0,0.8750706570008002,0.3871008066527447,0.9602967817147186,1.10504793188979,0.2298850574712643,0.95,0.7045369081279692,1.7833661146880997,-0.027033023792516,-0.1160503324358481,4.140364634385414,1.0,1.0,1.0,1.0
2023-07-13,-0.117975117975122,-0.3773584905660265,0.8754184439025279,0.430065159373195,0.9637141191530146,1.1225166441208456,0.3111261413594859,1.09,0.7341006323224946,42.9541199085372,-0.1587860788205273,0.0447263963708534,1.1420814479638008,1.0,1.0,1.0,1.0
2023-07-14,-0.0859014281112457,-0.1893939393939558,0.8726323711120388,0.4711598206562816,0.9637137866848996,1.2285778464872292,0.6543494996150885,1.83,0.6873084426750914,8.822354671170384,-0.0829499481711831,0.1119996051137765,6.955855303494789,0.0,0.0,0.0,0.0
2023-07-17,-0.0752283718430835,-0.5692599620493288,0.8705725260360404,0.5122544819393682,0.9644560290413358,1.6203246294989415,0.8699511762094984,1.55,0.7068357941053264,7.972006221945021,-0.1740929077647302,0.029227665407894,1.756021756021756,0.0,0.0,0.0,0.0
2023-07-18,-0.0322650032265059,-0.7633587786259555,0.8678386327165277,0.5529945637753404,0.9644158043934452,1.482629342664334,0.8944357774310971,1.45,0.7461639546391083,5.087410632371133,-0.156079419262844,0.0262714427688718,2.243128574063826,0.0,0.0,0.0,0.0
2023-07-19,-0.0322754168908034,-0.7692307692307665,0.8667254744028898,0.5950013508981506,0.9661691093905574,1.4771113296187042,0.9541745134965474,1.25,0.7797294495802463,4.489086591028201,-0.2616783024506873,0.0647937836222355,5.967519955959262,1.0,0.0,1.0,0.0
2023-07-20,-0.129143349117522,-0.1937984496124034,0.8651995854048152,0.6366377145345143,0.9674790543449788,1.4912352892766023,1.435257410296412,1.45,0.8048105143862941,2.380854439131289,-0.2627588202352062,0.2860742953145417,143.22429906542058,0.0,0.0,0.0,0.0
2023-07-21,-0.1508620689655182,0.0,0.8647677366562366,0.6794054799654602,0.9700772592300192,1.3644532457274985,1.7821782178217822,1.66,0.8257066767604395,2.328736274376573,-0.1652153075822603,0.1580318822808093,30.160897123354463,1.0,0.0,1.0,1.0
2023-07-24,-0.1079214331966227,-0.1941747572815622,0.8641372300468328,0.7221732453964063,0.97249800382426,1.3156611551930493,2.752150117279124,2.96,0.8626810643870686,0.9206916706695888,-0.1604982581865233,0.158654324674032,3.437196765498652,1.0,0.0,1.0,1.0
2023-07-25,-0.1620570440795221,0.0,0.8612923145837555,0.7634456613646858,0.9725153937714384,1.404013614937777,3.0820105820105823,3.56,0.8881322927508187,0.0784027168844906,-0.0093519645821804,-0.039230154338068,0.8564908041347832,0.0,0.0,0.0,0.0
2023-07-26,-0.0541066984092619,0.1945525291829009,0.8610867728372904,0.8050820250010495,0.9729136090030912,1.4055416137394017,3.292817679558011,4.38,0.9516101230118312,0.1112906123456365,-0.0296619752784236,-0.0395300452820952,0.3935185185185185,0.0,0.0,0.0,0.0
2023-07-27,-0.1732351667388387,0.0,0.8601504428678186,0.8465374920539098,0.9725434144650849,1.3660248676351816,2.835467045993361,4.36,0.9620793483968436,0.3645133421680452,-0.0712272765563137,0.0493639962934883,0.592697481541418,0.0,0.0,0.0,0.0
2023-07-28,-0.0867678958785256,-0.3883495145631133,0.8568378223708132,0.8439910316198901,0.9693698675248624,1.3267471925288463,2.755775577557756,4.86,0.9553673001518748,0.8873021218179362,-0.0542970181869448,0.0727125334837163,3.413584843219988,0.0,0.0,0.0,0.0
2023-07-31,-0.0759878419453019,0.1949317738791478,0.8547599606082488,0.8426865209357575,0.9676200141336176,1.295539745902942,1.3269384492406076,2.4,0.9728378282008364,0.5503368607510796,0.0378067601767254,-0.1120404924291168,4.460001707504483,0.0,0.0,0.0,0.0
2023-08-01,-0.0543183052688744,0.0,0.8528806057574224,0.8415650613362053,0.9660844783085376,1.143154683060958,1.1774002370604504,2.38,1.0108302034395884,0.9396110169739352,-0.0729467318449831,0.1275008819230963,3.69639856819344,0.0,0.0,0.0,0.0
2023-08-02,-0.0869565217391232,0.1945525291829009,0.8525023867799802,0.8419489659490873,0.9662974824590044,1.1593350269643892,0.8455034588777863,1.69,0.9879487008812454,0.3872974479933572,-0.0234722380294285,-0.1016990488578164,5.239241964192231,0.0,1.0,1.0,1.0
2023-08-04,-0.0217580504786707,0.19417475728154,0.8515477464405077,0.8417510366172595,0.9658377707881288,1.0540578341900066,0.8454919566030676,1.87,0.9755376904614974,0.0138027932774689,-0.001587417059717,-0.1015269006315452,2.900867976244861,0.0,1.0,1.0,1.0
2023-08-07,-0.0217627856365698,0.0,0.8498502399850965,0.840776003181797,0.9644985847836144,0.9890847737759108,0.9282088469905728,2.23,1.0359669117615942,0.0543323082093917,0.0146847484276729,0.0904088050314465,1.2283044058744994,0.0,1.0,1.0,1.0
2023-08-08,-0.0217675228558977,0.1937984496124034,0.8487635610251585,0.8403783291731661,0.9637996773262036,1.0188375735512,0.9071729957805909,2.14,0.9977652095561472,0.0942446575871703,0.0129597689703246,0.0151364270065723,0.3312268468075833,0.0,1.0,1.0,1.0
2023-08-09,-0.0653167864141157,0.3868471953578423,0.8474784937466735,0.8397965675481569,0.9628980541192884,0.969541327241043,1.006202618883529,2.51,0.9523038371716414,0.9810807857437696,0.1111462817147856,0.0356955380577427,0.8455082374883431,0.0,1.0,1.0,1.0
2023-08-10,-0.0217864923747201,0.3853564547205979,0.8464055033591584,0.839409141480119,0.962248165334447,0.9334716254259888,1.027170311464546,2.73,0.9457866217915984,0.5931718323321339,0.0370589456626323,-0.0019243429381678,0.064818763326226,0.0,1.0,1.0,1.0
2023-08-11,0.0,0.0,0.8455753215075938,0.8392125541906147,0.9618542645685432,0.9289124193850082,1.0035155001597955,2.75,0.9477645719902228,0.3587599440766781,0.0471080791229742,-0.1022402287893231,1.6764361078546306,0.0,1.0,1.0,1.0
2023-08-14,0.0,0.1919385796545158,0.8470736422249582,0.8412765811849499,0.9640555723476272,0.9104917107014644,1.0165263486124103,2.89,0.9582731478844922,0.3750285547434152,0.0432852027261175,0.019175233914751,0.4082134513709578,1.0,1.0,1.0,1.0
2023-08-15,0.0,-0.1915708812260441,0.8484086497203899,0.8431462726223135,0.9660344125884572,0.9084786471814928,0.9788926277148976,2.86,1.0276091564805638,0.5010198500418271,-0.0384648229889199,-0.0388253310512566,1.2077903881182568,1.0,1.0,1.0,1.0
2023-08-16,-0.0217912399215425,0.1919385796545158,0.8509011398632056,0.8461627590484986,0.9693363464184304,0.8746902308595278,0.9913406987160348,3.09,1.0028352771057822,0.099440783065306,0.0057460660556804,-0.037091475012969,1.4065573770491804,1.0,1.0,1.0,1.0
2023-08-17,-0.0217959895379316,-0.3831417624520994,0.8519124099098091,0.8477127955110424,0.970982360862404,0.8079278330150786,1.56056338028169,5.64,0.9881387905161936,1.6002043723482415,-0.0545787893597709,-0.0231795015010821,1.417591801878736,1.0,1.0,1.0,1.0
2023-08-18,0.0109003706125987,-0.1923076923076916,0.8539687788061009,0.850242294941217,0.9737689392791656,0.818056885853496,1.3635138776610076,5.15,0.982288769685124,0.648825434849595,-0.0286663798401966,-0.0969883220651505,19.012048192771083,1.0,1.0,1.0,1.0
2023-08-21,-0.0217983651226161,0.19267822736031,0.8545247707477628,0.807474529510271,0.974797947799137,0.8186593822231562,1.3477924089852826,5.36,0.9672614555581526,2.0042029758003426,0.0693254426481909,0.0044264819091608,0.2053571428571428,1.0,1.0,1.0,1.0
2023-08-22,-0.0218031178458644,0.0,0.8549179140089471,0.7647067640793251,0.9755835580646014,0.8050602818814739,1.304677623261694,5.44,0.9583439617118968,4.155405837511518,-0.0808300419841393,0.0118177577359664,0.4044704630122405,1.0,1.0,1.0,1.0
2023-08-23,0.0109039363210161,-0.1923076923076916,0.8564957625807418,0.7234343481110453,0.9776279785928824,0.8099226303940933,1.305876443997991,5.54,0.9474757918183112,0.8420210723361804,-0.0236548327989005,0.0535959688502061,1.6216216216216215,1.0,1.0,1.0,1.0
2023-08-24,0.0109027474923806,0.19267822736031,0.8563959643057814,0.6817979844746818,0.9777637519967228,0.817015292670065,0.9563194623933834,3.98,0.9443976278833622,3.717680228990279,0.0206128130390815,0.073820712628636,18.774583963691377,1.0,1.0,1.0,1.0
2023-08-25,0.0109015589229155,0.3846153846153832,0.8552978300030304,0.6403425174218216,0.9766706556986784,0.9448285693919736,1.347962382445141,4.87,0.9179467143126814,2.0575959896465035,-0.0029774934366477,0.1028725817551551,37.93233082706767,1.0,0.0,0.0,0.0
2023-08-28,0.0109003706125987,0.1915708812260774,0.8546253556433495,0.6001212124248951,0.9760137380131072,1.0986724076067456,1.5278879196404969,4.72,0.9019979524939736,13.90806464712089,0.0248822817166689,0.0538140723799273,19.37046004842615,0.0,0.0,0.0,0.0
2023-08-29,0.0435967302452322,0.1912045889101321,0.8534549156410322,0.5588487964566154,0.9747351333737636,1.1204810574596409,1.4702868852459017,4.63,0.8465702812390782,14.015112536545065,0.0533385482805912,-0.0358104332808452,3.5498489425981874,0.0,0.0,0.0,0.0
2023-08-30,0.0108944329447524,0.190839694656475,0.8512853163064935,0.5173933294037553,0.9722772212722358,1.0801611370117232,2.362611554720526,8.43,1.0226953777944634,3.781080010493392,0.0374067538126361,-0.0135620915032679,4.174350377200335,0.0,0.0,0.0,0.0
2023-08-31,0.0,0.1904761904761853,0.8485045551673748,0.4746255639728093,0.969066883045776,1.0790692595389977,1.285810963230318,4.81,1.0141574059978689,1.833654355634026,0.0223572706228956,0.0259364478114478,2.3543457497612224,0.0,0.0,0.0,0.0
2023-09-01,0.0326797385620913,0.3802281368821436,0.8449853694902745,0.4312666697192828,0.9649881237757508,1.0619404481884651,1.241858445505862,4.91,1.0683555166218233,2.992027162780296,0.1907107591988821,0.0815090824406148,1.2052341597796143,0.0,0.0,0.0,0.0
2023-09-04,0.0108896874659647,0.5681818181818121,0.8426258509840776,0.3888828089012188,0.962222142651821,1.0647987903740004,1.1650893796004207,4.74,1.0766916916513896,3.4690287216802456,0.1327202764437156,-0.0113623052594588,0.3694534374404875,0.0,0.0,0.0,0.0
2023-09-05,0.0,0.3766478342749568,0.8391299532055994,0.3455239146476923,0.9581670509004928,1.1121324365893392,1.102941176470588,4.42,1.1491226430461683,3.024141692639017,0.1150045376625995,-0.0536452556216597,2.329756952047296,0.0,0.0,0.0,0.0
2023-09-06,-0.0108885017421678,0.3752345215759733,0.8366095916381641,0.3029469879952799,0.9551679378181864,1.0625636919493375,1.0606060606060606,4.56,1.1906507015849972,2.4310394305090472,0.0764666960352423,0.0409691629955947,2.0112456747404845,0.0,0.0,0.0,0.0
2023-09-07,0.0,0.7476635514018781,0.8339307122246081,0.2603700613428675,0.9519648519447544,1.0292203951259908,1.0634982469809116,4.83,1.169527831515736,3.6136811088428775,0.1588256911665543,0.0336030568667116,1.2054021366659946,0.0,0.0,0.0,0.0
2023-09-08,-0.0108896874659758,0.5565862708719838,0.8317432100276283,0.2176022959119216,0.9493257842532908,1.050448828135658,0.9565716472163764,4.33,1.1753024789570488,2.328579575287374,0.0732894697423607,-0.0739215098861593,4.085264900662252,0.0,0.0,0.0,1.0
2023-09-11,-0.043563493792198,0.9225092250922496,0.830217893918935,0.1744436076344998,0.947442179072192,1.0773793866611034,0.8472012102874433,3.77,1.0906868828298977,4.581188943328962,0.1494062871814139,-0.1363266328511491,17.492969063881077,0.0,0.0,0.0,1.0
2023-09-12,-0.0217912399215425,0.7312614259597838,0.8281590178356686,0.1314792549140496,0.9449571437822788,1.0750840898405003,0.8549561321635243,3.85,1.0876783294199726,1.9220675288039029,0.0862641424723136,0.0312032325651002,2.4992508240934974,0.0,0.0,0.0,1.0
2023-09-13,-0.0326939843068863,0.5444646098003769,0.8263924226286798,0.0877226866518923,0.9428073160295364,1.1633401951132194,0.7455489614243322,3.09,1.085401866921769,2.1798658796872785,0.0721800959588465,-0.1062966810110303,26.580086580086583,0.0,0.0,1.0,1.0
2023-09-14,0.1417202659980354,0.5415162454873723,0.8238036026598105,0.044165863066538,0.9396440438958036,1.048672527121606,0.853453116226839,3.86,1.078361765408575,2.7342314993148062,0.2194650366748166,0.1582396088019559,9.072049341183067,0.0,0.0,0.0,1.0
2023-09-15,0.2286087524493663,0.0,0.8205145349554774,0.0,0.935580023742696,1.007891213978722,0.97196261682243,4.54,1.106328713017293,0.6677408785424269,0.0396148811574233,0.0684119875990354,3.7128435221536735,0.0,0.0,0.0,1.0
2023-09-18,0.0108613011838842,0.1795332136445226,0.8185504122147425,0.0,0.9330079070469338,1.0361916727742295,0.7562866326337683,3.37,1.1050366213654812,0.5751236911694764,0.0556767034682725,-0.094568975131036,3.7874050915587314,0.0,0.0,1.0,1.0
2023-09-19,0.0,0.3584229390680926,0.8166139833415388,0.0,0.9304872136166662,1.0135135135135134,0.794044665012407,3.55,1.087015051826334,0.8129261357844502,0.1198176498497548,0.0211924719278823,0.5908289241622575,0.0,0.0,1.0,1.0
2023-09-20,0.0,0.3571428571428559,0.8148874459349237,0.0,0.9282039898082192,0.9906871640360188,0.8057054741711643,3.61,1.142962582424014,0.0744120250802109,0.0064646716541978,0.1175764292971275,4.566816143497758,0.0,0.0,1.0,1.0
2023-09-21,-0.0108601216333714,0.0,0.8154183613514491,0.0,0.9284932092850934,0.917549798424822,0.7354639969195226,3.54,1.0906866291726558,0.0559533580169229,0.0042356307742621,-0.1515002861581228,14.93752519145506,0.0,1.0,1.0,1.0
2023-09-22,-0.0108613011838731,0.0,0.8171978149674682,0.0,0.930209286903105,0.921858670994163,0.7937743190661478,3.76,0.9006064841230662,0.2895463832126118,-0.0293873356171952,-0.0585700077356614,5.083932853717027,0.0,1.0,1.0,1.0
2023-09-25,-0.0217249619813175,-0.1779359430604921,0.8196292202274396,0.0,0.932668269954098,0.9133365266183112,0.8071216617210683,3.82,0.9046741497738314,0.4342766988738817,-0.0393880152996175,0.024436889077773,1.1932555123216602,0.0,1.0,1.0,1.0
2023-09-26,-0.0108648413733258,-0.1782531194296055,0.8228869216737733,0.0,0.9360811485977124,0.973111395646607,0.8706118355065195,3.83,0.8980655952179195,0.9051362954567438,-0.0419690865093768,-0.1774349667271627,9.643268124280784,1.0,1.0,1.0,1.0
2023-09-27,-0.0217320438987256,0.0,0.8267718915273339,0.0,0.9402308149823014,0.9691014867485456,0.9195402298850576,3.84,0.9098294327145235,0.6550220281002426,-0.0383345166350202,-0.0255923388095434,1.0091145833333337,1.0,1.0,1.0,1.0
2023-09-28,-0.0326051516139513,-3.5714285714285587,0.8299732110654124,0.0429231059178288,0.9436297814456568,0.965586397074714,1.0803858520900322,4.51,0.8429006211623986,0.911756990641208,0.0741695833803771,0.0289036919950321,0.8023820717755837,1.0,1.0,1.0,1.0
2023-10-02,-0.0217438573603123,0.3703703703703542,0.8327357569287219,0.08526762576537,0.9465479196578136,0.9543870598637332,1.0842332613390928,4.56,0.858534888600443,0.7867497516716437,0.1040633881824981,0.200448765893792,3.7886552394415975,1.0,1.0,1.0,1.0
2023-10-03,-0.0326228795128225,0.0,0.835503698405477,0.1278019426950553,0.949487457622811,0.950914909900508,1.0944625407166124,4.61,0.8622094347308693,0.1036524965245203,0.0147457590256633,-0.0537190082644628,0.8504045446720606,1.0,1.0,1.0,1.0
2023-10-04,-0.0435113673447284,0.0,0.8388129568791882,0.1707250486128841,0.9530447758694204,0.9589268693652334,1.0615989515072084,4.43,0.874373769272137,2.0567023514420586,-0.1293151782603646,-0.009522703518755,0.3060272438887852,1.0,1.0,1.0,1.0
2023-10-05,-0.0326477309826933,0.0,0.8409796258660714,0.2126911440615667,0.9553456887199592,0.9381779218155788,1.050318611294221,4.47,0.9159935221403056,0.4410372236288609,0.0233422365412596,0.0621492413219704,2.288557213930348,1.0,1.0,1.0,1.0
2023-10-06,-0.0108861310690211,-0.1845018450184476,0.8438824018590376,0.255225460991252,0.9585057768387591,0.9466455361859484,1.020408163265306,4.28,0.9439634815605906,0.6976870669968015,-0.0565145259938837,-0.0846712538226299,1.4845844504021448,1.0,1.0,1.0,1.0
2023-10-11,0.2939575394665272,-0.3696857670979714,0.8443688163641175,0.2959205382716951,0.9587776446081966,0.8666406360925742,1.15929203539823,5.37,0.9513815264578444,0.916735144856665,0.0156318302157024,0.2212577579098129,871.4529914529915,0.0,0.0,1.0,1.0
2023-10-12,0.0434216239687312,-0.1855287569573205,0.8434655149710906,0.3362659767127934,0.9574418083894995,0.949755065984956,1.149627029398859,4.92,0.9769486737587412,2.023304551797305,-0.0321937880243355,0.0949727825808517,7.852793222133969,0.0,0.0,1.0,1.0
2023-10-13,-0.0108506944444308,-0.3717472118959009,0.8432860622937441,0.3766114151538917,0.9569077263280564,0.9196249584236028,1.1700739451935624,5.26,0.9545508289595388,3.274114198138834,-0.0511495807926829,0.078125,3.923444976076555,0.0,0.0,1.0,1.0
2023-10-16,-0.0108518719479144,0.3731343283581934,0.8421999111757431,0.4171291166304973,0.9553286499608422,0.9221802285870406,1.217428449380607,5.63,0.9437261233879988,8.196981860295605,0.1363489375471901,0.0421745227052097,1.1636904761904765,0.0,0.0,1.0,1.0
2023-10-17,-0.0217060994139317,0.0,0.84213669340454,0.4576468181071029,0.9549872300487576,0.9149942594718714,1.2027853977632412,5.72,0.9790475673180072,8.873519566092481,0.0533402849637825,0.0719573350314415,3.01032301032301,0.0,0.0,1.0,1.0
2023-10-18,-0.3039513677811523,0.3717472118959231,0.8420343984392314,0.4981645195837084,0.9548493542259502,0.9258505917159764,1.3219349457881568,6.33,0.9917294640087704,12.17212065216844,0.0699391229082515,-0.0176957107135987,1.5844994617868675,0.0,1.0,1.0,1.0
2023-10-19,-0.043554006968649,0.3703703703703542,0.8410088869644048,0.5386244021668787,0.9536576445657472,0.945084442456101,1.0591386771069442,5.07,1.006969807252695,8.983632712199748,0.1169116554182149,-0.0272996132554788,1.402688486265342,0.0,1.0,1.0,1.0
2023-10-20,-0.0653594771241827,0.5535055350553542,0.8392787147586901,0.5782316818603653,0.9516794097594456,0.8893327178347009,1.2019425333872926,6.29,0.9948555702429194,6.539689473376956,0.0624272674865488,0.1050634127594158,6.086835513498469,0.0,0.0,1.0,1.0
2023-10-23,-0.0545018530630048,0.1834862385321045,0.8389250622552733,0.6190437051892124,0.95127030958311,0.9936841307867847,1.0224538893344026,4.86,1.005471992201403,0.089181940440315,0.001762091898428,-0.1309955663039097,5.636245393453284,0.0,1.0,1.0,1.0
2023-10-24,-0.0872505180499527,0.1831501831501825,0.8379721196907607,0.6601959499393935,0.9501900701748468,1.0154111373173065,0.8846383741781232,4.14,0.9958533418592828,2.4034154245669828,0.0493749649696403,-0.0371788883699206,1.3117996044825313,1.0,1.0,1.0,1.0
2023-10-25,-0.0654950332933057,0.365630712979903,0.8369966294868336,0.7013481946895744,0.949119043959876,1.0111773684360217,0.8890652907322882,4.2,0.9782898720050066,4.841640466100073,0.0967153985977668,-0.0479096338613347,2.5187713310580206,1.0,1.0,1.0,1.0
2023-10-26,-0.0436919716002126,0.5464480874316724,0.8369430289484173,0.7432359779952682,0.9491048312381856,0.920245398773006,0.8779909036978446,4.6,0.9586512768243298,2.394334217234658,0.0538548279419797,-0.0603265157492261,4.288179465056083,1.0,1.0,1.0,1.0
2023-10-27,-0.0546388372855588,0.1811594202898669,0.834953321306821,0.7845677961770863,0.9469010646601644,0.9066964028223712,0.8809006517874778,4.73,0.9553418752010494,1.1861068088909843,0.0378880486358244,0.0769572953736654,2.411990240501917,1.0,1.0,1.0,1.0
2023-10-30,-0.0328012245790376,0.3616636528028794,0.8337195686325467,0.8264555794827801,0.9455651090915792,0.891685113985009,0.8947575877020103,4.94,0.920978836784682,1.4996321864463296,0.0469530552366373,-0.0531955606582472,2.0635902511443773,1.0,1.0,1.0,1.0
2023-10-31,-0.0765613037296386,1.2612612612612706,0.831909110489107,0.8248642917467695,0.9435714655319728,0.8718618373899126,0.9557661927330174,5.45,0.9241805870937702,5.391014709688695,0.270369671278893,0.1336479244981204,3.518635502210992,1.0,1.0,1.0,1.0
2023-11-01,-0.1204028021015712,0.5338078291815096,0.8302795666261122,0.8234903044756002,0.9418240453229024,0.8662668308376693,0.8818272095332671,5.09,0.954054976031025,1.673124820029853,0.1414300672182006,-0.0115046535677352,0.2135060573347726,1.0,1.0,1.0,1.0
2023-11-02,-0.0219178082191739,0.3539823008849474,0.8279332455543752,0.8213980797003358,0.9392608318627924,0.8726126162311971,0.9214200239329876,5.32,0.9176176248245076,1.1928788615776678,0.0987948042619418,-0.0263378426912486,0.5260640841702535,1.0,1.0,1.0,1.0
2023-11-03,-0.065767839526476,0.1763668430335041,0.8246704127023827,0.8178751669852822,0.935683469768862,0.8426131389833268,0.9616919393455706,5.82,0.9074005340731248,0.0033143672669502,-0.0002599433308846,0.0330569839437506,0.7190959936080356,1.0,1.0,1.0,1.0
2023-11-06,-0.0438740813864302,-0.1760563380281632,0.8220311577406882,0.8150113007250356,0.9328169175306336,0.8198447435791559,1.018095048717439,6.45,1.02075524839136,0.1489074284899391,-0.0078809213385484,0.2469216282775604,5.891807811959903,1.0,1.0,1.0,1.0
2023-11-07,-0.010973334796438,-0.7054673721340388,0.8191572063922988,0.8119123047754154,0.9296846782848188,0.8463559384125855,1.0091017016224773,6.31,1.0237283787580018,2.775457611065919,-0.2603348617280412,0.0343888809284997,0.3916768665850673,1.0,1.0,1.0,1.0
2023-11-08,0.515803336259868,-0.1776198934280604,0.8182234012175643,0.8114956151299946,0.9286581766396186,0.8504256352844257,1.0217821782178218,6.41,0.9947325971581914,0.7983371589034235,0.1078352006518639,0.0629456101038908,0.8277524778998124,1.0,1.0,1.0,1.0
2023-11-09,0.1965280052407481,0.1779359430605032,0.8175318156507514,0.811448357871128,0.9278411701606146,0.8458191327460185,1.0301109350237718,6.59,1.0066640703934988,0.5458212904973375,0.0650577830188679,0.1189353099730458,2.110928389893856,1.0,1.0,1.0,1.0
2023-11-10,0.1089680723548092,-0.1776198934280604,0.8170612251688387,0.8117940584482082,0.9272415407135496,0.8438681089534732,1.0319507838856916,6.69,1.0055919757738627,0.4214077114011431,-0.060628725745149,0.0718143628725745,1.1528580603725114,1.0,1.0,1.0,1.0
2023-11-13,0.2938935452269531,0.3558718861209842,0.8148865655366644,0.8103725496939745,0.9245833558995268,0.7010890057000909,1.426059777300254,11.55,1.0061270675214484,1.2169668632505122,0.0325859240234599,0.1092881511864146,6.5630755064456725,1.0,1.0,1.0,1.0
2023-11-14,0.054265248534846,0.0,0.8124271974326571,0.8086592596134755,0.921571254900131,0.6781352414864543,1.581253572108973,13.88,1.0834869299145609,0.6418073789449676,-0.0303468848609378,0.104571805973435,3.094798566619611,1.0,1.0,1.0,1.0
2023-11-15,0.1627074520013094,-0.3546099290780091,0.8093905441813425,0.8061769360747949,0.9177001280462737,0.6682083880489477,1.7231795441912172,16.17,1.0498564670646175,1.594737633472661,-0.0370171000131538,0.1125093173148594,4.226303219962118,0.0,1.0,1.0,1.0
2023-11-16,0.0216590859865695,0.0,0.8066826923049749,0.8040569907542959,0.9142009736423584,0.6737148584793089,1.6362986780993214,16.22,1.0208591592624752,1.3554046072340302,-0.0537849180327868,0.0738173302107728,1.18576480325032,1.0,1.0,1.0,1.0
2023-11-17,0.2165439584235651,-0.1779359430604921,0.804789986803742,0.8026351916165932,0.9115358351985228,0.6782311263132177,1.6256499133448874,16.89,1.0052151452634113,1.1519411568423936,-0.0569501385041551,0.0433007727073917,0.5210069292167354,1.0,1.0,1.0,1.0
2023-11-20,0.054019014693174,0.0,0.802187860378463,0.8004725816188605,0.9080250237426568,0.7139171040541732,1.4870762000671367,15.62,1.1029868430504772,0.2454908005297457,-0.0111673247106875,-0.1169503063308373,1.4507684512751224,1.0,1.0,1.0,1.0
2023-11-21,0.0971817298347943,0.1782531194295833,0.7983863011587541,0.7970559559782017,0.9031164330025012,0.7325826333446025,1.4668820678513732,16.12,1.110025968007487,0.6599523184269226,0.0100624371076716,0.056543198044947,1.758569299552906,0.0,1.0,1.0,1.0
2023-11-22,0.0647249190938614,0.3558718861209842,0.7947868911374537,0.7937901619988829,0.8983762268385214,0.7483020644206846,1.552257266542981,18.04,1.112426695649514,3.6446964251799057,0.1380132147395171,0.0078780177890724,0.0872011251758087,1.0,1.0,1.0,1.0
2023-11-23,0.0323415265200521,0.5319148936170359,0.7903269203513907,0.7896379978027114,0.8926453661023007,0.7609823590453131,1.5425531914893618,18.98,1.1246443653550278,4.310670423371568,0.2136391784181484,0.0783261802575107,0.6499205087440382,0.0,1.0,1.0,1.0
2023-11-24,0.1293242806336803,0.0,0.7866488011217339,0.7861926303917555,0.8877362770471354,0.7724161484496179,1.524347212420607,19.9,1.0889413149326193,1.0469632661608168,0.0482033699633699,0.1024175824175824,0.9086182243598075,1.0,1.0,1.0,1.0
2023-11-27,0.0107631040792144,0.3527336860670305,0.782578349927869,0.7823402250239865,0.8823584857215646,0.80176546241085,1.4648648648648648,19.76,1.055526628717783,1.7511602279721947,0.0658137206427688,0.0239802224969097,0.2363835749969538,1.0,1.0,1.0,1.0
2023-11-28,0.1937150236762663,0.0,0.7793228851427159,0.7791938873979523,0.8778059530778538,0.8299128142133805,1.3496612819176654,18.7,1.0994225158736308,4.029823383827478,0.0631885200296735,-0.0341246290801186,0.512,1.0,1.0,1.0,1.0
2023-11-29,0.0537056928034518,-0.1757469244288323,0.776049410922754,0.7759589739311026,0.8731730825350594,0.800984691130087,1.311269900965275,20.09,1.108226332576546,8.049861363389738,-0.0478824387397899,0.109830805134189,1.8860363180964308,1.0,1.0,1.0,1.0
2023-11-30,0.0322061191626366,0.3521126760563486,0.7730313270702465,0.7729574299427437,0.868813894352264,0.818798526225905,1.2943733397730015,20.7,1.1061162725704976,11.021943056879048,0.0515472494269639,0.0643363200666805,1.417503586800574,1.0,1.0,1.0,1.0
2023-12-01,0.0321957501609571,0.3508771929824572,0.7705683622922146,0.7709977849060307,0.8650383772024647,0.8182275522954836,1.2476679104477613,21.22,1.0537020562528725,4.417637826393293,0.0514155739358483,0.0470042364333266,0.5302685480200273,1.0,1.0,1.0,1.0
2023-12-04,0.3647677287844653,0.5244755244755206,0.7680173828380669,0.7687595925459142,0.8610042491269171,0.8363527573712728,1.0844606115721267,18.96,1.0116945446475034,8.499447465432077,0.1399409183513555,0.0736561667450242,1.24445621235189,0.0,1.0,0.0,1.0
2023-12-05,0.630678781400329,0.3478260869565153,0.7655128206004974,0.7663322396933394,0.8567100473444272,0.8385257515491901,1.051464063886424,19.3,1.0552966762460838,0.3006417895818377,0.0076815787273183,0.032193327201271,0.5048518227117755,1.0,1.0,1.0,1.0
2023-12-06,0.095602294455066,0.5199306759098743,0.7629818768204932,0.7632039080493584,0.8525543037273561,0.8649748329504201,1.0001084716346675,18.69,1.048475768759322,1.9401064310806568,0.0729216830840325,0.0535084519031983,0.5720600663069623,1.0,1.0,1.0,1.0
2023-12-07,0.764087870105068,-0.172413793103443,0.7615852317704552,0.760792177637989,0.8494146173740447,0.9432675044883304,0.9727089306573218,17.43,1.0299965650266871,0.8867112050037106,0.0278521703097482,-0.0252771159225111,0.3381140442042541,1.0,1.0,1.0,1.0
2023-12-08,0.0421274354923451,0.172711571675288,0.7590899920391198,0.7571090067473005,0.8450805749541047,0.9184481393507522,1.0001037452017845,19.33,1.0102739444684512,1.2572275225259657,-0.0260482811094971,0.0670263540153558,1.2883068536861,1.0,1.0,1.0,1.0
2023-12-11,0.05263711969683,0.0,0.7577135105783969,0.7545952021786777,0.8421259572677819,0.914569301666076,1.0134097655850138,20.2,1.0325171400587658,1.143400559032184,0.0302393286767559,0.0602444703143189,0.9693280262233668,0.0,0.0,0.0,1.0
2023-12-12,0.0946969696969501,-0.8620689655172376,0.757101919679065,0.7527987589100611,0.8400037561233248,0.9547284837993452,1.0128894752867148,19.67,1.0543118266898028,12.83883388831536,-0.25099365218343,0.0489219656342344,0.7553865652724968,1.0,1.0,1.0,1.0
2023-12-13,0.021023862083469,-0.3478260869565153,0.757052681929325,0.751627417800456,0.8385723188862766,0.9752497729336966,1.0094062910893091,19.36,1.0524011046099204,8.598400673400665,-0.1881197053406998,0.0471738206544836,0.6936054988544053,1.0,0.0,1.0,1.0
2023-12-14,0.1471361008933192,-0.3490401396160636,0.7557571297533192,0.7493672455710201,0.8357332232826085,0.9595402123853384,1.0262601871415635,20.23,1.0480166545841807,4.187613184824933,-0.0461683896330809,0.1410163075131042,3.603385731559855,0.0,0.0,0.0,1.0
2023-12-15,0.251862734809527,-1.401050788091074,0.755329392215202,0.7479925715684813,0.8338286727566997,0.9882155203697692,1.012531328320802,19.52,1.0414443074720643,487.2564412651021,-0.2310931302657161,0.0114063512637718,0.3311382878645343,1.0,0.0,0.0,1.0
2023-12-18,0.1570187375693477,-0.8880994671403131,0.7543357146561926,0.7460153176849503,0.8312650314206994,0.968832865762269,1.0024912805181865,19.95,1.0642134186526917,19.376060414598808,-0.2047705237265553,0.0882443373987906,1.394331983805668,1.0,0.0,0.0,1.0
2023-12-19,0.0836120401337847,-0.7168458781361964,0.7542479025859576,0.7449518580230111,0.8297256871555616,0.9703295641248671,0.9976199920666402,20.04,1.049239535338128,8.34041144830471,-0.1506552043748262,0.0208545741032533,0.3949100482667836,0.0,0.0,0.0,1.0
2023-12-20,0.0208855472013436,-1.0830324909747224,0.7539929423832559,0.7437375666997321,0.8280179583142482,0.9750884147526332,1.0069375619425174,20.25,1.0538811280711458,7.142118184407472,-0.1819258066635999,-0.0613787211671157,1.7963265698624866,0.0,0.0,0.0,1.0
2023-12-21,0.0313217790770536,-0.7299270072992692,0.754320806215194,0.743096161416704,0.8269457321137121,0.969273142812494,0.96677939128705,19.59,1.031174628175451,3.5681313944962803,-0.168264678471575,-0.0216894009997458,0.5315614617940199,1.0,0.0,1.0,1.0
2023-12-22,0.0104373238701604,0.5514705882352811,0.7540203601306924,0.741881870093425,0.825230156442518,0.941167220332986,0.972,20.3,0.9995101359665672,2.0561525356780828,0.1195788472299944,0.0651371012870733,1.2233315817130843,0.0,0.0,1.0,1.0
2023-12-25,0.0417449384262136,0.5484460694698434,0.7537247460756425,0.7406572987087452,0.8235017434225963,0.947668434803262,0.9698189134808852,20.13,0.9691678061009196,2.48328213807532,0.2329928557636609,0.0312801699169723,0.341664030370136,0.0,0.0,1.0,1.0
2023-12-26,0.010431879824746,0.1818181818181719,0.7527825853572596,0.738866958718338,0.821141907304316,0.9334823923979876,0.9733441033925688,20.62,0.9671261731311682,1.2269419861136035,0.1141076309794988,0.0525816249050873,0.5469984202211691,0.0,0.0,0.0,1.0
2023-12-27,0.0730155418796174,0.5444646098003769,0.7520181718369746,0.7372536150764304,0.8189864353660254,1.0849779937466393,1.0024301336573511,18.17,0.9647302904564315,2.8860095435873188,0.1552243166823751,0.1005789686279789,1.5946205571565804,0.0,0.0,0.0,1.0
2023-12-28,0.0312695434646626,0.1805054151624574,0.7510012470465203,0.7354017053508191,0.816569897887095,1.051584538564068,1.0432311751572965,19.45,0.9627108219654148,0.4959061785795488,0.0313981789275906,0.1680878739702269,2.5018823276325697,0.0,0.0,0.0,1.0
2023-12-29,0.0208398457851366,2.1621621621621623,0.7501167297136437,0.7284625712335226,0.8142972272873958,1.0531746031746032,1.028094462540717,19.03,0.9652014637635304,2.124688174562825,0.1064234998804685,-0.0939517092995457,1.9540087010565568,0.0,0.0,0.0,1.0
2024-01-02,0.5625585998541682,0.3527336860670305,0.7502956057960267,0.7262831842738071,0.8131109128958312,1.0412954824405116,1.0097521332791548,18.9,0.9407954717680476,3.138907178470485,0.1147498959980031,0.0828687910807887,2.458955684483397,0.0,0.0,1.0,1.0
2024-01-03,0.1346731586035376,0.8787346221441172,0.752213726282512,0.7258809751804959,0.8140090152413231,1.1092767295597483,0.7972128291833179,13.78,0.9304069703319732,7.601912099143674,0.0945642473222226,-0.0922624801825142,8.953095684803001,0.0,1.0,1.0,1.0
2024-01-04,0.0310366232153969,0.1742160278745519,0.7538070865544884,0.7251909451888046,0.8145967158143662,1.1497654135923845,0.7852862161603638,12.87,0.9233314197422504,0.8166657368594193,0.0328029006181645,-0.0225867807893485,0.8085106382978723,0.0,1.0,1.0,1.0
2024-01-05,0.0413693246457791,0.0,0.7545330837810158,0.7239102534521213,0.8145314576367009,1.1723804925156929,0.7616066770996348,12.03,0.8973389346840979,0.8755876074119068,-0.0262377456977408,-0.0672049588124949,4.0,0.0,1.0,1.0,1.0
2024-01-08,0.0206761087563345,0.3478260869565153,0.7563043823391378,0.7236519372777882,0.8156269727182958,1.161697247706422,0.7669554193957321,11.94,0.9121621083007166,3.66506017716418,0.128782800572519,-0.028148854961832,1.6192109777015438,1.0,1.0,1.0,1.0
2024-01-09,-0.0103359173126649,0.1733102253033136,0.7583319964788825,0.723675308158218,0.8170306220336169,1.1658735554044866,0.7261789665914706,10.95,0.9427074001075076,2.2440855170084366,0.0481609849942285,-0.0484032320123124,7.555555555555555,1.0,1.0,1.0,1.0
2024-01-10,-0.0103369857349489,0.0,0.7598842451073395,0.723273099064907,0.8179520613274246,1.1697260555358442,0.7115489874110563,10.38,0.973399618916754,1.609646298650035,-0.0304854718981972,0.0545068928950159,5.935334872979215,1.0,1.0,1.0,1.0
2024-01-11,-0.0103380543781672,0.1730103806228289,0.7618832393493549,0.7233078536531785,0.8193661789539546,1.2191662214689682,0.7038319740811082,9.52,0.9913439914228728,6.88924557433448,0.0904407739499764,-0.0357086676105081,3.873720136518772,1.0,1.0,1.0,1.0
2024-01-12,-0.0103391232423533,0.172711571675288,0.76465715081911,0.7239818352418415,0.8216645024665603,1.2334130954970637,0.7128984348223467,9.17,0.995137499061488,8.924359132019406,0.0631296955318307,-0.1498616053776196,9.95403808273145,1.0,1.0,1.0,1.0
2024-01-15,0.0,0.3448275862069083,0.7667908819443355,0.7240698201051876,0.8233676224243526,1.2295389229039109,0.7019185774450164,8.71,1.0172338191249926,6.408557981704176,0.223610316139767,-0.0580698835274542,3.408203125,1.0,1.0,1.0,1.0
2024-01-16,-0.0310205769827209,0.3436426116838476,0.7689951321326776,0.7242964520741957,0.8252036390083562,1.188136218991192,0.7397653818530046,9.14,1.0467409141915691,4.173496489974979,0.1496658111824014,-0.0483959670027497,3.072446901367472,1.0,1.0,1.0,1.0
2024-01-17,-0.0310302027306641,0.8561643835616417,0.771316371320842,0.7246805911242186,0.8272030007684341,1.1568787148872754,0.7573529411764706,9.26,1.0004372241396575,5.689441708612721,0.2673746085966411,-0.1085254768004554,5.880084827453248,1.0,1.0,1.0,1.0
2024-01-18,-0.0206932229694922,0.339558573853993,0.7729928591481315,0.7244887696681857,0.82853110031469,1.103693813974188,0.8484545113252409,10.51,0.955457684390096,0.5293720798195799,0.0334607503274015,0.0932131576920114,7.952678278015116,1.0,1.0,1.0,1.0
2024-01-19,-0.0206975059505287,0.1692047377326533,0.7730174167002082,0.7227639635291522,0.8281111003126893,1.1652806302818088,0.8716707021791767,9.88,0.9406504212817076,0.6712653373516013,0.0292580600842645,0.133907309030958,426.86131386861314,1.0,1.0,1.0,1.0
2024-01-22,-0.0207017907048912,0.1689189189189255,0.7724735040703697,0.7205413629615075,0.8271054428296128,0.9846564376250834,0.9645720196534782,12.64,0.852973548967897,0.0129589719326845,0.0006975031435243,0.1250224537452847,25.4169202678028,0.0,1.0,1.0,1.0
2024-01-23,0.0,-0.1686340640809414,0.7717717055100012,0.718180115288201,0.8259463642473749,0.9273585687070324,1.0504311471126209,14.36,0.853192705759738,0.1550407346354781,-0.0135647145410577,0.0279676164441173,3.045220377790498,0.0,1.0,1.0,1.0
2024-01-24,0.0310591158505069,0.0,0.7716436600111992,0.7163645219275064,0.8254004632643259,0.9347483243527402,1.013898080741231,13.46,0.8602617447550155,0.2730249867333845,-0.0425604806934594,0.0652088258471237,3.6757357023875614,0.0,1.0,1.0,1.0
2024-01-25,0.0,0.0,0.7709530638920005,0.7140638929161696,0.8242858292952129,0.808924239673922,1.117945974859588,17.05,0.8590717154430293,0.1427386563741092,0.0120882521489971,0.1815472779369627,12.00909780136467,0.0,0.0,1.0,1.0
2024-01-26,-0.0103498240529908,0.0,0.7707950180834272,0.7122969009319965,0.8237616386913432,0.7669205369439328,1.1732900783995674,18.78,0.8386632673387038,0.1005898282613698,-0.0120961155378486,0.0844953519256308,5.131048387096774,0.0,0.0,1.0,1.0
2024-01-29,0.093158058172027,0.0,0.7705263661176128,0.7156171333395086,0.8230976118410513,0.7777258774856534,1.1974904528096018,18.83,0.8961937048045238,0.3809478463399158,0.0773368482718219,0.1033977738722905,2.260646813960935,0.0,1.0,1.0,1.0
2024-01-30,0.0827300930713592,-0.1689189189189144,0.7699362469288872,0.7150030449276572,0.8222766502619455,0.7819468195687891,1.2070387682155623,18.83,0.9165844498902008,0.4950619574515594,-0.0437360023208587,0.0799245720916739,4.115011202389843,0.0,1.0,1.0,1.0
2024-01-31,0.0103327133705422,0.0,0.767230663245115,0.7124678473502308,0.819242684692566,0.7268472196313193,1.2116250511665985,20.72,0.916777989496346,0.7130298246435208,-0.0414769801980198,0.0722772277227722,2.067988668555241,0.0,1.0,1.0,1.0
2024-02-01,0.0309949374935225,0.0,0.7655104917011453,0.7108476072147958,0.8172642301485762,0.94599880942257,1.1654695758232825,15.46,0.9176065522084323,0.2241103852810166,-0.0074471532739191,0.0022096192089563,0.1022494887525562,1.0,1.0,1.0,1.0
2024-02-02,0.0103284445362561,0.1692047377326533,0.7646355339093417,0.7100227246746408,0.8161949076344074,1.0999067875603763,1.0175913396481733,11.59,0.91027954572469,1.058617058332479,0.0311474236641221,-0.2129651717557251,22.883691124639537,1.0,1.0,1.0,1.0
2024-02-05,0.0,0.0,0.7634472668256079,0.7089147903181184,0.8148001368413146,1.1037393432936609,0.9463123644251626,10.68,0.8896726775272193,0.5669938233470947,-0.0218483946608946,-0.0422979797979798,3.24792243767313,1.0,1.0,1.0,1.0
2024-02-15,0.3821129815140045,0.0,0.7609993745387722,0.7065041272327667,0.8119179170187059,0.9321990728949112,0.9449032083389738,12.71,0.9610768527565888,0.6601548405530594,0.0174639188578073,0.1509141417404225,7.982231334358449,1.0,1.0,1.0,1.0
2024-02-16,2.376543209876547,-0.1689189189189144,0.7590213076048671,0.7037200146548656,0.8086149759396163,0.9887318661461618,0.9803393482359278,12.55,0.9680970927678534,3.19129337940999,0.078038983708301,-0.0325833979829325,2.879794300407114,1.0,1.0,1.0,1.0
2024-02-19,1.5475831574716103,0.1692047377326533,0.7575959778310075,0.7009486890956339,0.8053076211881416,1.0581069057559374,0.9484259879437374,11.45,0.9005745458334263,0.2671170170325295,0.0181680541837166,-0.0316071680541837,0.9593147751605996,1.0,1.0,1.0,1.0
2024-02-20,0.8213755566551129,-0.1689189189189144,0.7563635374356388,0.6980730775946212,0.8019056654174352,0.9826210137166154,0.9431197548954308,12.45,0.9070302475311888,0.5832126357806061,-0.0278391483082112,-0.0582902919784968,2.2687179487179487,1.0,1.0,1.0,1.0
2024-02-21,0.3926187671770664,0.1692047377326533,0.7549838274729034,0.6949278506384833,0.7982239365489386,0.9543466853244708,0.9464639788499668,13.12,0.9197945566688832,0.9177244392281858,0.043857886025065,-0.007566800662095,0.2480620155038759,1.0,1.0,1.0,1.0
2024-02-22,0.4986312084473976,0.0,0.7535319539234158,0.6915412034626907,0.7943153168294582,1.0414831001304057,0.9503806773431348,12.25,0.957604698934519,0.6139362522588195,0.0233304784743633,-0.0123329907502569,0.3870967741935484,1.0,1.0,1.0,1.0
2024-02-23,0.2918571845510254,0.0,0.7512285130140095,0.6872858967247287,0.789436971039353,0.8905665778127628,1.008185007145641,15.59,0.9742192272730392,0.9250416110619172,-0.0088184445973847,-0.0128011011699931,0.5376499494146553,1.0,1.0,1.0,1.0
2024-02-26,0.9215248811717868,-0.1689189189189144,0.7499083632760115,0.6836065504928226,0.785277287740179,0.9307798131923828,1.009162472577107,15.21,0.9919157394493926,25.802669207835567,-0.1631465410364493,-0.0238036201338953,0.6960304513322457,1.0,1.0,1.0,1.0
2024-02-27,0.7881584006151465,0.0,0.751063877827141,0.6818695639209593,0.7833556169363198,1.0249175522169294,0.9147127029116208,12.69,0.9745531786856844,10.485018780356535,0.0421496386993175,-0.0093336009634684,0.744,1.0,1.0,1.0,1.0
2024-02-29,0.4100705702841933,0.0,0.7530938749537592,0.6808102507540339,0.7822529251291142,1.0145806902384762,0.924228733703369,12.98,0.9871169256254428,65.40408384043148,-0.0493937091503268,0.0068627450980392,3.3870967741935485,1.0,1.0,1.0,1.0
2024-03-01,3.1721910912717144,0.0,0.7566560078592146,0.6799931129896928,0.7817806908177569,1.0009943652635067,0.9295079839023758,13.17,1.0260879102252842,23.99144460643351,-0.2189506788905651,0.0048740861088545,3.088235294117647,1.0,1.0,1.0,1.0
2024-03-04,0.8192948540918676,0.3384094754653066,0.7593873165112945,0.6782145575446549,0.7802034269284885,0.9230598135345036,0.9845434472009352,15.22,1.041918587234432,42.35867549425407,0.0695720540499735,0.1227447724012984,20.753031269942568,1.0,1.0,1.0,1.0
2024-03-05,0.8217677136596047,0.337268128161905,0.7624255348389128,0.6765123055471032,0.7787041366644838,0.9057709063270488,1.0489328474752733,16.5,1.0554249377498686,76.2798525404737,0.0309814828209764,0.0400723327305605,20.63314711359404,1.0,1.0,1.0,1.0
2024-03-06,0.4075348668719503,0.1680672268907557,0.7644329581170832,0.67384024357836,0.7760839201277323,0.9035598705501618,1.092710914069631,17.15,1.0744228600272894,21.66571627700674,0.0304804492512479,-0.023116234846684,21.55124653739612,1.0,1.0,1.0,1.0
2024-03-07,0.7937223775593027,0.5033557046979942,0.7632800890597686,0.6684061010665443,0.7702508966987274,1.1764705882352942,1.2984997413347128,15.52,1.0832609175933428,18.38272202132335,0.0529075777777777,0.0833777777777777,24.700460829493085,0.0,0.0,0.0,0.0
2024-03-08,-0.0268456375838943,0.8347245409014992,0.7627019980712345,0.6634337411882623,0.7649618364795541,2.0234924537321586,1.2302149015570711,8.07,1.034876865074966,8.67487776365747,0.0297303707083993,-0.0042815343730706,2.94280442804428,0.0,0.0,0.0,0.0
2024-03-11,-0.179018976011458,0.16556291390728,0.7633436191762538,0.6596948380229669,0.7608954600856981,2.1008056841971707,1.052495474528058,6.15,0.9932069780184172,2.196878295939009,0.025596127458454,-0.011320323220003,4.615384615384616,1.0,1.0,0.0,0.0
2024-03-12,-0.430416068866557,0.0,0.762157625821935,0.624855052159052,0.7551699475230218,1.8736560352475904,1.107087428867046,6.87,0.9794125137539984,1.249719406120596,-0.0260749803809659,-0.0239708924876935,7.29641693811075,0.0,0.0,0.0,0.0
2024-03-13,-0.333213256484155,0.4958677685950485,0.7596029819535572,0.5890741756650281,0.748144377516089,1.8250775772899663,1.0802469135802468,6.61,0.9664925992632252,2.8884703295905507,0.0484664474748019,-0.0444133024308737,4.492911668484187,0.0,0.0,0.0,0.0
2024-03-14,-0.2168609379235464,0.3289473684210398,0.7581703038395966,0.5534324580683934,0.7422711839960374,1.8032449631752911,0.9710479118626696,5.77,1.124995727851964,3.3865064521249284,0.086104486384118,-0.1159145823809834,15.029635901778155,1.0,1.0,0.0,0.0
2024-03-15,-0.0543330616680215,0.9836065573770592,0.7583782225461361,0.5192373621195661,0.7382886683907592,1.4444003702234562,0.9867414584395716,7.09,1.1565018433148435,5.12031668604845,0.1078272886443221,-0.0096298149074537,22.536585365853657,1.0,1.0,0.0,1.0
2024-03-18,-0.0634230316209127,1.9480519480519431,0.7569211450575398,0.4854157156632883,0.7336196070159333,1.4485582012269,1.0320781032078103,7.17,1.2747701580065018,7.333004590444794,0.3134661481575927,0.0914190998342471,15.086796422935295,0.0,0.0,0.0,0.0
2024-03-19,-0.17225747960109,2.070063694267521,0.7540921579133005,0.4512882498059287,0.72820622501118,1.3169449061096916,1.020408163265306,7.63,1.2428370436247451,6.034530609305089,0.2954070928556723,0.0483323038912909,6.129242819843342,0.0,0.0,0.0,0.0
2024-03-20,-0.1816365452729118,0.6240249609984483,0.7519583265100387,0.4174101146850429,0.7238332644337253,1.4998572923603846,0.9853328318916884,6.23,1.2403989559167952,1.3623724167203592,0.0912255872646088,0.0152721154468388,1.225019465351674,0.0,0.0,0.0,0.0
2024-03-21,0.7460649622418325,0.6201550387596955,0.7492877529931985,0.3836565502245897,0.7188189215135186,1.3896037056098816,1.0118380062305297,6.68,1.2090635671657533,2.273171486916257,0.1562945127436281,0.056791604197901,3.8939144736842106,0.0,0.0,0.0,0.0
2024-03-22,7.468617357536345,0.1540832049306661,0.7496099393364869,0.350144405983791,0.7142644694252789,1.3213053860440434,1.0180827347039882,6.88,1.1618659075116002,2.1489970300131613,0.2488501910132799,-0.0462979807167545,2.280976921353349,0.0,0.0,0.0,0.0
2024-03-25,0.9915966386554677,0.6153846153846176,0.7513886579535821,0.3173434142241468,0.7112517426687283,1.2973455654891624,0.9987639060568604,6.62,1.151632428531504,0.6544698698724426,0.0729395062768556,-0.0886342573089561,5.849318876841813,0.0,0.0,0.0,0.0
2024-03-26,1.572641038442324,0.7645259938837912,0.753568869639752,0.2845424224645027,0.7083033543680163,1.1260661942923151,1.0135635018495683,7.53,1.1934874419438466,0.1636647369975902,0.0181594547471865,0.1405928039308923,6.377853676074062,0.0,0.0,0.0,0.0
2024-03-27,0.6062095518964528,0.4552352048558417,0.7555083171389498,0.2509100013489053,0.705074266653385,1.1948913054332306,0.9412632096338168,6.4,1.1674617724439789,0.6777339153176586,0.0522664649629909,-0.073639850883354,6.349871884463079,1.0,0.0,0.0,1.0
2024-03-28,0.3664196726650859,1.812688821752273,0.7574572964342171,0.259294604181262,0.7019232864437618,0.925107974967436,0.9453832965956404,8.17,1.1461856856532175,2.946301714503928,0.2826846270415895,0.0853679070550597,5.30890052356021,1.0,0.0,0.0,1.0
2024-03-29,0.8031802693493351,5.489614243323437,0.7566609752139389,0.2658788080736759,0.6968243738414845,0.676400824357429,1.043942704539937,12.36,1.1746576477999933,7.09955249404883,0.6183062285892245,0.0334786670819059,3.1790625462073048,0.0,0.0,0.0,0.0
2024-04-01,0.69215291750504,0.5625879043600568,0.7597596394396622,0.2764051878487363,0.6951746153997738,0.8867520350359404,0.791885616522058,6.96,1.170067649813498,0.6725536034618979,0.0729622641509434,-0.0087287974080426,0.9331703341483292,1.0,1.0,1.0,1.0
2024-04-02,0.463592039005678,0.5594405594405494,0.7625810887178964,0.2866258041455897,0.6935059981130753,0.809397768404119,0.8327174180832718,7.81,1.0095387254112,0.7630133259773252,0.130459361900326,-0.0512342803912435,5.066206102475533,1.0,0.0,0.0,1.0
2024-04-03,-0.0716047418251264,0.0,0.7661333620804939,0.2975419379509823,0.6927972542300416,0.7326946306558844,0.836341008089608,8.46,1.026009504910388,0.0824462298105269,0.016470885729907,0.0500956806998359,3.1897302001740644,0.0,0.0,0.0,1.0
2024-04-08,-0.1114649681528634,0.2781641168289273,0.7731749704829065,0.3115674364343596,0.6956486986628617,0.7749232568337961,0.8637114187730218,8.02,1.0893099965805986,0.4897392211156151,0.0905304823151125,-0.0137620578778135,6.7936507936507935,1.0,0.0,0.0,1.0
2024-04-09,-0.0956480153036731,0.0,0.7784922382178088,0.3240686527683111,0.6970152105967303,0.7052201949419461,0.861801242236025,8.8,1.0669304671484323,0.2318989158553572,0.051828391015906,-0.0434018064103588,26.7487684729064,0.0,0.0,0.0,1.0
2024-04-10,0.1276527844263686,0.0,0.781982309279233,0.3346978694198914,0.6966057357546903,0.6612633721935199,0.910039113428944,10.14,1.0413486478771858,0.0101724910497706,-0.0014922169686022,0.1103437284173617,14.942446043165468,0.0,0.0,0.0,0.0
2024-04-11,-0.135458167330682,0.1386962552011095,0.786276935211177,0.3753461918288732,0.6969222715029455,0.6374163180950685,0.874158193582464,10.27,1.0441522609891245,0.0034559608073029,-0.0006412499165386,-0.004206449889831,0.4127088110055683,0.0,0.0,0.0,0.0
2024-04-12,0.0159578712199737,0.1385041551246635,0.7905464002833285,0.415619415872589,0.6971370198655651,0.659544726397094,0.9075136794341386,10.52,0.9812438376656984,0.0617064584376949,0.011212350096071,0.0849400384284105,4.969955417716612,0.0,0.0,0.0,0.0
2024-04-15,0.2393298763462503,0.4149377593360981,0.7940679996382872,0.4560553761460316,0.6964715315399783,0.6883369239217674,0.8660570199031737,9.88,0.9375089405234968,0.6174467668018789,0.1078328063740989,-0.0039205767041861,0.1804423748544819,0.0,0.0,0.0,0.0
2024-04-16,-0.0795861520095586,0.688705234159781,0.7991866940003052,0.4983233826202695,0.6971863953112218,0.7307750448096401,0.7008898015058179,7.57,0.9417625447779636,0.7456179223431082,0.0946489020936818,-0.1048697832041223,9.327002477291495,0.0,0.0,0.0,1.0
2024-04-17,1.831939466348076,0.547195622435015,0.8054532236673768,0.5398566542170415,0.6983260615114775,0.765954622387911,0.6751645888779941,6.96,0.9299586839168852,0.9316338570331372,0.2253667284522706,-0.0162187210379981,1.0819165378670788,0.0,0.0,0.0,1.0
2024-04-18,5.217051231912406,-0.2721088435374108,0.8159090725506433,0.5835289242730755,0.7010579498196551,0.918978314982172,0.3185737249744264,2.66,0.9517411382595494,0.4146184101011645,-0.0474853318572938,-0.2146127912242741,43.32148298628746,0.0,0.0,1.0,1.0
2024-04-19,6.066012488849237,0.6821282401091366,0.8300963273708597,0.6295745812099615,0.7047100513177857,0.9578513251157394,0.0,0.0,0.8936838775224641,0.8938441983056662,0.0567459715118517,-0.0260133091349062,6.0044430339574735,0.0,1.0,1.0,1.0
2024-04-22,2.516119988786092,0.6775067750677488,0.8466151584962226,0.6770752952916524,0.7095115249105051,0.91653606400905,0.0,0.0,0.9157145488493954,1.3626555201159136,0.2017375554148195,-0.0420519316022799,2.7887442251154977,1.0,1.0,1.0,1.0
2024-04-23,-1.34682436589868,0.2691790040376896,0.859346365634531,0.7244137524507757,0.7143922986336558,0.9642508113847232,0.0,0.0,0.92706141454048,0.2682858768795671,0.0465245646766169,-0.1432680348258706,6.046587926509186,1.0,1.0,1.0,1.0
2024-04-24,0.0346500346500189,0.0,0.8702999412068632,0.7707917765740413,0.7177845479152942,1.0323616600790513,0.0,0.0,0.958098373455182,0.1270498224947729,0.0221755331800523,-0.0733370332196939,3.099346624225164,0.0,1.0,1.0,1.0
2024-04-25,0.5749913404918594,0.1342281879194606,0.8818430500896113,0.8183508428991196,0.7218538205918997,1.0817108922799368,0.0703205791106515,0.39,1.0197075925696393,1.1730375269872162,0.213525232767389,-0.2597605821140756,6.001988610684263,1.0,1.0,1.0,1.0
2024-04-26,0.5303760848601513,0.2680965147453085,0.8935428149045137,0.866884514151835,0.7259280245831328,1.053860562982731,0.1471571906354515,0.8,0.9730984894278502,0.4095949964139617,0.0614989025177533,-0.017817947062621,0.5533279871692061,1.0,1.0,1.0,1.0
2024-04-29,0.2261048304213808,0.0,0.903854316375574,0.8727230307615965,0.7289550797004931,0.9551182843245632,0.1308773630634997,0.74,0.9564369588607964,0.401149512456556,0.0872093477144324,0.165588084232152,3.261507334344967,1.0,1.0,1.0,1.0
2024-04-30,0.1914137270987215,0.1336898395721819,0.9151293799520592,0.8797977673934095,0.7331204479064235,0.95569160527135,0.1290322580645161,0.65,1.0178045571801102,2.497070331220621,-0.2158598130841121,0.1366389754240221,3.3663788508687773,1.0,1.0,1.0,1.0
2024-05-02,0.7232532751091814,0.2670226969292422,0.9248041749580044,0.8849636834908102,0.7357163239714328,1.023249721658262,0.1229148375768217,0.54,1.0421636765767015,0.7357286609400113,0.0440708399872245,-0.0106675183647397,0.3584075544586329,1.0,1.0,1.0,1.0
2024-05-03,-0.0135482996883928,0.9320905459387464,0.9340119463028438,0.890075391343611,0.7382346327527358,0.9963849381217512,0.1738570508692852,0.72,0.9933158460398012,3.183449487437419,0.3049074417243733,0.0863162001365454,2.3431294678316124,1.0,1.0,1.0,1.0
2024-05-06,1.1517615176151796,0.5277044854881341,0.9441160781031884,0.8961272216806775,0.7409139944031209,1.066353834392218,0.2213495180292752,0.77,0.9956500497942464,2.1370524348190405,0.2473748667661479,-0.1206565764229375,2.4036521923771104,1.0,1.0,1.0,1.0
2024-05-07,0.3014065639651564,0.6561679790026309,0.952976074625103,0.9010799429100748,0.7428382145040576,1.0362858920557594,0.4138479904496617,1.33,1.0725607373904005,1.4904123994106109,0.155666603216903,0.1569429903873608,4.364743250397035,0.0,1.0,1.0,1.0
2024-05-08,0.7345575959933237,0.2607561929595992,0.9632362684254178,0.9074133326767748,0.7455444391920939,0.9960803008633932,0.378037803780378,1.12,1.0753711204775256,1.806285081560611,0.2157146791798428,-0.017443639702132,0.4760579064587973,0.0,1.0,1.0,1.0
2024-05-09,0.3248259860789027,0.3901170351105154,0.975143506015597,0.9153020707854,0.7494476022339001,1.0051787526190257,0.5098855359001041,1.28,1.049167295251032,1.3847634992790527,0.2027737209302325,-0.0673255813953488,1.1768292682926829,1.0,1.0,1.0,1.0
2024-05-10,0.0991145764503764,0.5181347150259086,0.9860660972468418,0.9223856650090296,0.7527244862402068,0.9223256363469288,0.6917475728155339,1.62,1.0842087733988184,1.6344091727393504,0.1486515513126491,0.1203261734287987,4.559155990957046,1.0,1.0,1.0,1.0
2024-05-13,-0.1320219156380031,0.1288659793814428,0.9985135993497158,0.9309794841222546,0.7573646014611025,0.9816190848650762,1.590429275158339,3.0,1.124844440955189,0.1526998468343386,0.0165405234941658,-0.1326868495742668,3.0804429395076416,1.0,1.0,1.0,1.0
2024-05-14,0.416418798334317,0.1287001287001432,1.010600903236729,0.9392104213557372,0.7616348982240748,0.9554552997303464,2.042483660130719,3.39,1.0999071381649792,1.0476793211557505,0.2047938766709788,0.1471898806957021,2.0810893201910377,1.0,1.0,1.0,1.0
2024-05-15,0.0460768825697899,0.0,1.020195892755098,0.9449675617996351,0.7638376144671352,0.917241290088878,1.2946859903381642,1.89,1.095806386070102,0.5054456666112397,0.0608678734720537,0.1098255108705794,3.675253708040594,1.0,1.0,1.0,1.0
2024-05-16,-0.1052700835581288,-0.1285347043701867,1.030133776964655,0.9517936490802106,0.7672988784393671,0.9450688413745048,1.4485981308411215,1.69,1.100100540117941,0.513447533587906,-0.0668261961859084,-0.0881580449925773,2.205084261639532,1.0,1.0,1.0,1.0
2024-05-17,-0.1383125864453771,0.5148005148005064,1.035806972029258,0.9560031390023814,0.7692978536804476,0.9380478113516252,1.6236162361623616,1.83,1.059032138004908,1.3192708480064568,0.2502926246640788,0.0815168707076739,4.984025559105431,1.0,1.0,1.0,1.0
2024-05-20,-0.5738029283735679,0.512163892445594,1.0365540533399855,0.9576799720525976,0.7694977043067419,0.9351567100700124,1.543700340522134,1.9,1.0190520983754852,1.8892160623540268,0.3848759677674198,0.029546531837573,3.5349716446124764,1.0,1.0,1.0,1.0
2024-05-21,-0.3913764510779405,0.2547770700636942,1.034634546494131,0.9572814355253452,0.7688542018759935,0.9219923452276044,1.7598343685300208,2.43,1.0438106373507066,0.6351234075883987,0.0878300947867298,0.0446682464454976,443.5294117647059,1.0,1.0,1.0,1.0
2024-05-22,-0.1132125732551836,0.3811944091486774,1.0330539748719203,0.9566483532832756,0.7675608646439739,0.9214185449055804,1.7563739376770535,2.67,1.031870285258086,0.8546724652859572,0.1179812921217755,0.1437369277248431,8.077048645119165,1.0,1.0,1.0,1.0
2024-05-23,-2.8135209013934293,0.37974683544304,1.029302170269675,0.9550725782175784,0.7656268379365756,0.7592717464598786,2.364696086594505,5.04,1.0327411961784143,2.565346789280888,0.1964905874992891,0.0693283284991184,4.682158632609948,0.0,1.0,1.0,1.0
2024-05-24,-0.2401042738560899,-0.1261034047919218,1.0246811761888388,0.9528751369410186,0.7633942657006754,0.7929479069255734,2.1686746987951806,4.99,1.039181007595494,0.9783645671232108,-0.10797637494022,0.115351506456241,2.478167060515771,1.0,1.0,1.0,1.0
2024-05-27,-0.1650391968092246,0.2525252525252597,1.0170974653850815,0.948059901999794,0.7591530143229578,0.7607750764140098,2.8703703703703707,8.0,1.1426647959827692,0.5047050093804117,0.0349272516616866,0.0937252271479968,2.6623939026502685,0.0,0.0,1.0,0.0
2024-05-28,-0.2410800385728051,-0.5037783375314908,1.0113179562331172,0.9445638138045216,0.7565107055738943,0.7495304763530818,2.436428149024246,7.82,1.0371566066589293,1.535449072645066,-0.1581799350121852,0.0255889520714865,0.4947967798939721,0.0,1.0,1.0,1.0
2024-05-29,-0.4280881032935224,-0.6329113924050778,1.005871574315384,0.9416606271346284,0.7543174461982288,0.7708964919878736,2.171122994652406,7.6,1.070452827787299,1.93432957490112,-0.2023108135320177,0.1250503423278292,2.5220834602497715,0.0,1.0,1.0,1.0
2024-05-30,-0.5824838776783858,-0.7643312101910826,0.9998320883731288,0.9388088992968072,0.7523287482133459,0.7995770055518021,1.074718526100307,3.86,1.0722428219339446,2.603082951377909,-0.1533325599893941,-0.0320164390825931,1.0133221441309137,1.0,1.0,1.0,1.0
2024-05-31,-0.5998465508823436,-0.5134788189987138,0.9952104912045248,0.9374367074712072,0.7516049045235516,0.8438705449562873,0.9207920792079208,3.28,1.1131166465137292,2.549030143298096,-0.0441127008232755,0.0117763035195694,0.9724972497249724,1.0,1.0,1.0,1.0
2024-06-03,-0.3298014174443864,-0.2580645161290307,0.9886810846228984,0.93425282544379,0.7499490585976123,0.7885763000852515,1.2181303116147308,4.98,1.099725954658458,3.5284372221177844,-0.1238847940538866,0.1179931867451223,2.594925932232249,1.0,1.0,1.0,1.0
2024-06-04,1.3798929878907409,-0.7761966364812523,0.9840938134191818,0.9326950976463022,0.7490437973239275,0.8633695264943232,1.1496350364963503,4.52,1.1123891384066804,4.370464114411391,-0.0989971782876661,-0.0279201009875993,0.7735829647155642,1.0,1.0,1.0,1.0
2024-06-05,1.0347222222222283,-0.521512385919165,0.9801910939590744,0.9317849649589643,0.7486007352418811,0.9287809162340616,0.777827447474296,2.94,1.0474950623809298,11.28685424379585,-0.1039215204509322,-0.0547767018355253,1.659732866214145,1.0,1.0,1.0,1.0
2024-06-06,0.0549865970169705,-0.3931847968545288,0.9743735455386108,0.9290949030487952,0.7470401760778088,0.9256077383225148,1.3071337035454935,5.26,1.074053775446508,28.148441928067484,-0.2412211997569233,0.1066932893480336,2.2463900566624018,1.0,1.0,1.0,1.0
2024-06-07,0.2747818918733324,-0.7894736842105177,0.9699981970434268,0.927701451935656,0.7462703516819291,0.9385690195133702,0.7501053518752634,3.05,1.0423690291298913,6.5996446616539215,-0.2700429128738622,0.0507152145643693,0.8195860039928549,1.0,1.0,1.0,1.0
2024-06-11,0.0411043365075025,-0.5305039787798393,0.964346408407075,0.9250520019684484,0.7444214111674949,0.9663250366032212,0.6672369546621043,2.63,1.0322912254099137,4.642976358694081,-0.1466673629242819,0.0009697873927638,0.0231873718005886,1.0,1.0,1.0,1.0
2024-06-12,-0.0205437238923522,-0.6666666666666599,0.9580976230009168,0.9218956454826052,0.7423086493657939,0.963283862359782,0.8729472774416595,3.45,0.9939100267732568,3.67276294517508,-0.2472588601266525,0.0484390623264081,0.8207058823529412,1.0,1.0,1.0,1.0
2024-06-13,-0.0479452054794493,0.0,0.9520744476313754,0.9189629862956886,0.7404595873681902,0.956442075455984,1.0619469026548671,4.39,1.0029847376562082,0.155805356108216,-0.0085896864827822,0.0982525269830392,2.1651722510618217,1.0,1.0,1.0,0.0
2024-06-14,-0.15760981292402,0.0,0.9451347290539028,0.9151523593924834,0.737877684143623,0.8486351514327937,1.0418375717801476,5.08,1.013990983767026,0.9310047299384628,-0.0879067995310668,-0.0618405627198124,0.7711283691183188,1.0,1.0,1.0,0.0
2024-06-17,-0.3431708991077586,0.0,0.9383591944933396,0.91155507791156,0.7355361373539895,0.86997161254587,1.0391686650679457,5.17,1.0047149672985582,0.2066161082250388,-0.0178279582502638,0.0354169109886243,0.564433230539202,1.0,1.0,1.0,0.0
2024-06-18,-0.3925619834710736,0.0,0.930828446113672,0.9070500631839318,0.7325575821363904,0.8246948522908191,1.327196010740315,7.42,0.982379927571241,0.021200227516345,0.0013259107833832,0.0597211068117105,1.4436992587363218,0.0,1.0,0.0,0.0
2024-06-19,-0.2903961833644386,-0.1342281879194606,0.9220898535524724,0.9012115046990729,0.7284872062373723,0.8394160583941606,1.193139448173005,6.89,0.9411010373980776,0.1866910091372944,-0.0089200254223822,-0.0409406281446957,1.5183657434688669,0.0,0.0,0.0,0.0
2024-06-20,-0.0762776506483708,0.0,0.914093536846857,0.8959843906515843,0.7249651843684128,0.8908210068708899,0.984208593463092,5.54,0.8860393315345483,0.622089718385682,-0.0661494215590874,-0.08433344145313,1.9105939987752605,0.0,0.0,0.0,0.0
2024-06-21,0.9299097848716188,-0.6720430107526987,0.9105262241059232,0.8936485835548698,0.7235191231316075,0.9680162691809946,0.6231231231231231,3.17,0.9149104826570156,0.891777487336915,-0.0641973112842781,-0.0437213729105942,2.3667686362904523,0.0,1.0,0.0,0.0
2024-06-24,-0.0756325632563115,-0.270635994587276,0.906956818692804,0.8912462215320138,0.722180044945633,0.8907713550024257,0.3048065650644783,1.63,0.9336986623297202,1.5085142649955117,-0.1567382181515403,-0.0971690258118234,6.081292339760291,0.0,1.0,0.0,0.0
2024-06-25,-0.1032133764535925,0.2713704206241507,0.9060200371174324,0.8913762404653637,0.722972420298935,0.9023177254386788,0.008536064874093,0.04,0.9677903907641466,0.6497138697870745,0.0386521508998171,-0.1189490905591377,289.12280701754383,1.0,1.0,0.0,0.0
2024-06-26,-0.0757680121228898,-0.135317997293638,0.903848781361533,0.8902182265311671,0.7226652204471684,0.8510075233450531,0.0,0.0,0.963581173434417,0.0625669923807335,0.0047627051611627,0.051611627447103,43.5,0.0,1.0,0.0,0.0
2024-06-27,-0.2964086303164026,0.2710027100271128,0.9015899646592376,0.8889130199456623,0.7224390304261091,0.8216249236408064,0.0,0.0,0.8952934566251595,0.8799124306457379,-0.0637407553366174,0.0495238095238095,117.8125,1.0,1.0,0.0,0.0
2024-06-28,-0.3387721238937935,2.43243243243243,0.8990596394741326,0.8872488024661364,0.721967291947471,0.8491439148542342,0.0,0.0,0.8859788835948829,0.1054388756545218,-0.0056049812533476,-0.0426888055704338,36.06334841628959,1.0,1.0,0.0,0.0
2024-07-01,-2.712452306625046,-1.846965699208436,0.8948537056801943,0.883138880546578,0.720852572530642,0.8909328292768479,0.1939532230462065,0.74,0.7444834456720733,4.529910136709594,-0.2470868698112332,0.0418347943045313,1002.2222222222222,1.0,1.0,0.0,0.0
2024-07-02,0.0499144324015876,-3.629032258064524,0.893459459411637,0.8816265975918002,0.721949767796671,1.0426595599821036,0.1345565749235474,0.41,0.6857463183407665,5.995536360416808,-0.3763541065126724,-0.1945781199871671,15.262661214218308,1.0,1.0,0.0,0.0
2024-07-03,-0.0783978333689816,-2.092050209205021,0.8905576480921293,0.8788341780560389,0.7224177398999563,1.0754529708269271,0.1838476690741956,0.51,0.6188101033478313,3.5017813006708107,-0.457088446615893,-0.0025865785313981,0.1196410767696909,1.0,1.0,0.0,0.0
2024-07-04,0.1141226818830443,0.2849002849002913,0.8850233861676651,0.8734018645100374,0.7210587607695009,1.071477434865039,0.3556771545827634,0.95,0.729263646495849,0.5121492274925492,0.077614021022626,0.150365223588099,9.451287793952968,1.0,0.0,0.0,0.0
2024-07-05,2.579082359646612,-0.1420454545454474,0.8808075275414838,0.8682690195999978,0.7196415247498267,0.9817716031136072,0.5353159851301115,1.45,0.9508772560258012,0.7758056783962031,0.1559263664305759,0.0863290124281705,3.1095066185318894,1.0,0.0,0.0,0.0
2024-07-08,-0.0902903180997283,0.1422475106685583,0.8752881454289433,0.8620059163993663,0.7176320678014994,0.9405575593328418,0.7804131599081867,2.16,0.9820904475083988,0.8903321820077938,-0.1283373991737163,0.0710210505606925,3.777138373005493,1.0,0.0,0.0,0.0
2024-07-09,-0.0208550573514099,2.4147727272727293,0.8681499215156194,0.8541938787651888,0.714272763876137,0.9405970571019114,2.6534932956951307,8.07,0.9901032354631268,6.869279769814239,0.2725263752972825,0.0791063979102499,22.45711123408965,0.0,0.0,0.0,0.0
2024-07-10,-0.0278125434570952,0.1386962552011095,0.8618449680811999,0.8471958725630483,0.7116023136160166,0.822329178493562,2.8422425032594525,10.91,0.9580740721377218,0.2489876045575338,-0.016181715175979,0.1110402945966999,46.45925925925926,0.0,0.0,0.0,0.0
2024-07-11,1.2658227848101111,0.1385041551246635,0.853560446497803,0.837852738836997,0.7067109431705361,2.548970989337962,4.586754241926656,6.27,0.9563477701683616,2.7834104649451707,0.0848812849693601,0.0010276709930346,0.3008356545961003,0.0,0.0,0.0,0.0
2024-07-12,-0.2129120879120871,0.5532503457814641,0.8492050091496965,0.8322758378487702,0.7052630337848335,2.0282186948853616,2.4651882413615267,4.24,0.9311732928240514,1.576896699693397,0.0257144649497,-0.0817802313114492,14.46147640177491,0.0,0.0,0.0,0.0
2024-07-15,-0.3166081629843664,1.237964236588729,0.844688507415462,0.8265289638083135,0.7035711729834918,1.7987512007684918,2.92590844738084,5.91,0.991978537382368,7.989200056196116,0.229222550244124,0.0040876575451345,0.2775636083269083,0.0,0.0,0.0,0.0
2024-07-16,-1.781398881447227,0.4076086956521729,0.8407862869372236,0.8219483600572195,0.7029661873915868,1.7346605744125327,1.939675174013921,3.93,1.0333823819031591,1.419428250774441,-0.0462332197716813,0.0234893311816388,1.400320684126136,0.0,0.0,0.0,0.0
2024-07-17,-0.7381370826010647,0.4059539918809252,0.8379049533838321,0.8185806313985987,0.7032618724849786,2.066857281907774,2.1396598030438674,3.52,0.9227645863166236,3.5753535018882063,0.0575963192355335,-0.040877720757388,3.853211009174312,0.0,0.0,0.0,0.0
2024-07-18,-1.1473087818696714,0.5390835579514919,0.8357902465327122,0.8163750978017609,0.704642035528457,1.825121244296496,1.5059445178335535,2.69,0.953926571899706,4.56555514298902,0.0636922673339252,-0.0864072967955444,5.821098423056008,0.0,0.0,0.0,0.0
2024-07-19,-0.6662845679896834,1.206434316353877,0.8333295856112939,0.814318012566053,0.7063899977704109,1.7348564270834752,0.7479102507699076,1.33,0.9473602872512528,23.07268985501896,0.1151795599454538,-0.0504551652968709,3.4267834793491865,0.0,0.0,0.0,0.0
2024-07-22,-5.805986296429866,0.6622516556291425,0.829678931318964,0.8134898471013662,0.7090876687917314,1.3118030717441616,0.4120999561595791,0.94,0.941671611722525,23.35753608426449,0.2783066647306519,-0.0441895358404723,2.3603929679420887,0.0,0.0,0.0,0.0
2024-07-23,-0.7810107197549598,0.9210526315789558,0.8229167006135816,0.8096645802623227,0.7091057899546205,1.1786955632794929,2.0684231222965,5.7,0.9810131637468544,7.772275670417242,0.149075591985428,-0.0470173041894353,2.71264367816092,0.0,0.0,0.0,0.0
2024-07-26,-0.709986108967442,0.5215123859191761,0.8208965132193834,0.8111008156289431,0.7137816471937326,1.6297674868274763,0.8436911487758946,1.66,0.943964069344528,4.774275188803408,0.0413829206009858,-0.1866896292337233,11.568940137389596,0.0,0.0,0.0,0.0
2024-07-29,-3.093424529768374,0.3891050583657574,0.818122965099182,0.8129885312836048,0.718628743258264,1.5119226490187756,0.3333333333333333,0.68,0.9308974227519196,5.003857724351144,0.144639292398182,-0.0855984315123429,2.024342694557142,0.0,0.0,0.0,0.0
2024-07-30,-1.3554700032082256,0.7751937984496138,0.8135330304120716,0.8133938256247953,0.7220643016667324,1.4059577074969094,0.7897545357524012,1.73,0.8836384991478976,3.836843836748677,0.1551538730634682,-0.0296851574212893,0.6327226246271836,0.0,0.0,0.0,0.0
2024-07-31,-0.3577526628181116,0.0,0.8117568905944423,0.8174342207615733,0.7272328933587284,1.4293900088555505,0.4615384615384615,0.96,0.8431036176363279,0.4067241006136194,-0.020852480544747,-0.0932879377431906,1.7762548620114835,0.0,0.0,0.0,1.0
2024-08-01,-0.1958384332925278,0.8974358974358942,0.8074746399644873,0.818973749165892,0.7301745584889191,1.4029737702304077,0.4394095434260213,0.91,0.8323397978982117,1.7065450238221778,0.1920375,-0.0071621621621621,0.1258160237388724,0.0,0.0,0.0,0.0
2024-08-02,-0.2371024446079728,0.3811944091486774,0.8063143069459369,0.8240452808558416,0.7362204842218747,1.311870996160144,0.425388251181634,0.92,0.8772463784546504,0.3406377242405026,0.0254516606805642,-0.1181175250860887,3.189362127574485,1.0,1.0,1.0,1.0
2024-08-05,-1.245697426651371,1.3924050632911245,0.8103833523583557,0.8355356886408277,0.7479615407557023,1.197766437393684,2.754772393538913,7.24,0.9028522802318996,2.0064353423938863,0.1423340552771941,-0.0472603846775497,1.262848751835536,1.0,1.0,1.0,1.0
2024-08-06,-4.074688796680492,0.1248439450686644,0.8096920440227743,0.8446908005911921,0.7576278801136738,1.1580430053845878,0.9445701357466064,2.57,0.950957378498721,0.9470608113494332,0.0727069638455217,0.0003423719528896,0.0084068936527952,1.0,1.0,1.0,1.0
2024-08-07,-0.6921013928540498,0.4987531172069959,0.8074431272440503,0.8519384623273343,0.7652835203348003,1.094928209895672,0.9458720612356478,2.72,0.9918812324117682,0.5225627613934836,0.0454185312889736,-0.0402391607365563,0.8567300558397438,1.0,1.0,1.0,1.0
2024-08-08,-0.3136161686558059,0.6203473945409321,0.8089532721715866,0.8634278343080106,0.7766501870014669,1.144026037482712,0.7222222222222222,1.88,1.060084544549328,1.0410299073286606,0.0984258141804951,-0.143979057591623,2.101479778518926,1.0,1.0,1.0,1.0
2024-08-09,-0.0611727693786701,0.3699136868064334,0.8082021019679855,0.8720355744031585,0.7855294143320626,0.9937659552333166,0.935738444193912,2.67,1.0194946698863303,0.1139828957198085,0.0111864352737542,-0.0429078983328778,0.5641900997214985,1.0,1.0,1.0,1.0
2024-08-12,0.0087443161944866,0.245700245700231,0.8090877804583151,0.8824545705663406,0.7959329849216797,0.970637921325718,1.1107757319649865,3.05,1.0176202412756907,0.2674234315563222,0.0268197888415342,0.0321096474234792,0.4047989742650426,1.0,1.0,1.0,1.0
2024-08-13,-0.0087435516306744,0.2450980392156854,0.8065368588211094,0.889496162399217,0.8028940209364259,0.9104435597378052,1.2045246102109446,3.48,1.0109364006652954,0.2655564635916181,0.0410339085679685,0.0199061459279442,0.1819502577052129,1.0,0.0,1.0,1.0
2024-08-14,-0.0524658971668423,0.4889975550122383,0.8028288558213237,0.8949072758911104,0.8082688513056853,0.8484497619966551,1.7616261164151523,5.42,1.0571634658732303,0.692207104249726,0.05784130673098,0.1444420083315062,2.5647214544322035,0.0,0.0,0.0,0.0
2024-08-15,-0.0962379702537208,0.2433090024330786,0.800905477227961,0.9016743778926646,0.8146303519161406,0.9755668834593076,1.2411238036430998,3.29,1.1263378616077195,0.372850398179075,0.0433227376693449,-0.0886165034308838,1.095284694284368,0.0,0.0,1.0,1.0
2024-08-16,-0.0788160084070455,0.2427184466019305,0.7993866694996133,0.908442982595712,0.820945099138487,0.9548098505997732,1.279251170046802,3.45,1.0404031374801015,0.4208462904536995,0.0544195095948827,0.1137393390191897,1.3805653281572243,0.0,0.0,0.0,0.0
2024-08-19,-0.2804557405784336,0.0,0.7966748188502627,0.9136897358424652,0.8258375504371882,0.9650085541818652,1.1844961240310077,3.19,1.0190312905721148,0.0033768578155435,0.0005080801551389,0.0313510019392372,0.3495495495495495,0.0,0.0,0.0,0.0
2024-08-20,-0.0175777816839528,0.0,0.7928306573712963,0.9173255404076418,0.8294201197637303,0.9379789019614204,1.3870776526378188,4.05,1.0789216562729704,0.0327508827708725,0.0053523672883787,0.1428024868483978,1.544110042403558,0.0,0.0,0.0,0.0
2024-08-21,-0.0263713080168814,-0.9685230024213064,0.7903021087907287,0.91996165596142,0.8321023168848818,0.9479268125799934,1.266891891891892,3.82,1.0869066315074225,3.5687231197323945,-0.2893605190613864,0.0063874134337389,0.1036552100381887,0.0,0.0,0.0,1.0
2024-08-22,-0.0351710190802823,-0.3667481662591565,0.7906393551675401,0.9254518008889564,0.8373281139863311,0.986767335585138,1.2057142857142855,3.4,1.083126548639174,1.7862167666553497,-0.1325762635379061,-0.0650571600481347,0.9418041265175022,0.0,0.0,1.0,1.0
2024-08-23,-0.2286920573489226,-0.2453987730061335,0.7869539656299859,0.9264184287425206,0.8384501722914448,1.1268543172308862,0.9234234234234234,2.31,1.0686741445935375,0.107877112368939,0.0061083168443224,-0.1141252313780557,3.3339548760022377,0.0,0.0,1.0,1.0
2024-08-26,-0.0969761086132559,-0.1230012300123206,0.7846253715636068,0.9274612582169462,0.839745972978125,1.0136046862349786,0.9970197778379842,2.88,1.0546916407670388,0.3841527819757789,-0.0201216027104662,-0.1310304190911099,3.361678004535148,0.0,1.0,1.0,1.0
2024-08-27,-0.0088245675961773,0.1231527093596307,0.7836195640959251,0.9292384855065756,0.8418553196106687,1.0315559010645554,0.8862786972770955,2.55,1.020276275765849,0.5692146830362986,0.0365594342799416,-0.0869906835784038,1.4398513701811426,0.0,1.0,1.0,1.0
2024-08-28,-0.0176506927896835,0.2460024600245969,0.7800360114643463,0.92785677498026,0.8411048810141775,1.0056328826496062,0.8731808731808731,2.66,1.0727082926812197,0.7720605144662457,0.046697129983348,0.1371339014594965,3.759903316771854,0.0,0.0,1.0,1.0
2024-08-29,-0.0176538088092592,0.3680981595092003,0.77745548900592,0.9275241524018268,0.8413014565327785,1.0070858315431723,1.0135474159558453,3.22,1.0821485469546708,2.301142397916814,0.1156117658062102,0.0395622895622895,1.222896790980052,0.0,0.0,1.0,1.0
2024-08-30,-0.0264853888937932,0.0,0.7718258030487533,0.9236292267983132,0.8382816401689566,0.9700119435746796,1.0391493475108748,3.58,1.0319359414823075,0.4781643415475668,0.0188140849373663,0.0857011915673693,8.610897927858787,0.0,0.0,1.0,1.0
2024-09-02,0.0529848110208508,0.2444987775060969,0.7625057929934492,0.9148850588747336,0.8309364415766991,1.019200930954228,1.0387596899224807,3.19,0.9979451716641388,0.9789335635447074,0.0357195294117647,0.0408235294117647,8.707653701380176,0.0,0.0,1.0,1.0
2024-09-03,-0.0264783759929443,-0.1219512195121952,0.7578559040045503,0.909429313300176,0.8265898229148329,1.0081556291658906,1.019989748846745,3.2,0.9272314453291214,1.801353121829331,-0.0477085633404104,-0.0553432413305024,6.52754590984975,0.0,0.0,1.0,1.0
2024-09-04,-0.3178246667255191,0.3663003663003872,0.7577506320239954,0.9093014111964128,0.8269941837036543,0.9829011253105564,1.0084033613445378,3.27,0.9115753021553892,2.5708602200681145,0.0182249469581092,-0.0554102728573543,18.34967320261438,1.0,1.0,1.0,1.0
2024-09-05,-0.1239925604463731,0.1216545012165504,0.7555831700232885,0.9065597937647104,0.8250780977570805,0.9810561444837064,0.8811681772406849,2.92,1.0027222184757454,6.298313308446017,0.0406968918918919,0.0389189189189189,2.494586401039411,1.0,1.0,1.0,1.0
2024-09-06,-0.0709408530637611,0.1215066828675448,0.7561039889369893,0.907248706129773,0.8260924991753653,0.998952090906114,0.7632044478140005,2.48,0.9725391763887288,6.349418231685542,0.0446555450493043,-0.1195461299473186,7.480980557903635,1.0,1.0,1.0,1.0
2024-09-09,-0.053243411127879,0.4854368932038833,0.757254022132797,0.908693032017761,0.8278435306165376,1.0257206353356427,0.9396312200050518,2.96,0.9567656277898758,15.99186424068234,0.1561644187540141,0.0428709055876685,4.774251229324989,1.0,1.0,1.0,1.0
2024-09-10,-0.1509366953742374,0.1207729468599039,0.7577916780163111,0.9094685365346092,0.8289796630797873,1.011776953607912,1.2602739726027397,4.07,0.9915404154561848,2.2464269492630344,-0.019923711125026,0.0219160926737633,1.9230769230769231,1.0,1.0,1.0,1.0
2024-09-11,0.2845456162191118,0.0,0.7608683302373296,0.9131148890084262,0.8327542206818098,1.0082067090047853,1.0998479472883933,3.47,1.0184630513159834,7.510128000866375,0.0199296351127754,-0.0093181224418705,1.7584223500410845,1.0,1.0,1.0,1.0
2024-09-12,0.2128036885972628,0.361881785283491,0.7613689363659635,0.9135244748205265,0.8335912618761077,0.9944911802424526,1.071518827394491,3.44,1.0386139982355882,22.26353599674957,0.08428848959024,0.1839941652300755,18.084066471163247,1.0,1.0,1.0,1.0
2024-09-13,0.0884799150592918,0.2403846153846034,0.7626790030636523,0.9147885511350914,0.8352572527024057,1.0207559607067638,0.9591474245115452,2.98,1.0552270926899918,15.674939664514776,0.1275923801277194,-0.0423205974672583,8.053553038105047,1.0,1.0,1.0,1.0
2024-09-16,0.1237623762376349,0.8393285371702586,0.7625101718948212,0.913700888797429,0.8351566033517562,0.9468721843223066,1.412639405204461,4.84,1.0547020009792225,13.817749326126089,0.1551364289355391,-0.0192316604105843,49.40476190476191,1.0,1.0,1.0,1.0
2024-09-18,0.2119018188239341,1.9024970273483928,0.7630265124553712,0.9135081865234996,0.8356818281005663,1.021769241239061,1.0989557434112385,3.46,1.0829015413100926,11.555062406076155,0.2022165514687731,-0.0732843742285855,12.83783783783784,1.0,1.0,1.0,1.0
2024-09-19,0.2995594713656402,1.4002333722286986,0.7631853562862598,0.9127376839350616,0.8356939506199798,1.07675796001113,0.9195979899497488,2.7,1.0754230526978794,5.66495821464672,0.2357508387982309,-0.0447231965838035,4.722222222222222,1.0,1.0,1.0,1.0
2024-09-20,0.1141953619114399,1.9562715765247367,0.7621721847652243,0.9105091402457413,0.8343762159921481,0.964077909466462,1.126690035052579,3.72,1.0132205573242123,4.606587554180039,0.1985394673940552,-0.0356570400157475,4.721653323403463,1.0,1.0,1.0,1.0
2024-09-23,0.0789681495130256,2.257336343115135,0.7608126401474957,0.907742555401168,0.8325751071617102,1.0190093365149016,1.2162824914173611,3.9,1.0121203981936913,4.697359373613838,0.5345923857289411,0.019833580303203,2.151468315301391,0.0,1.0,0.0,0.0
2024-09-24,0.0438365772400528,2.3178807947019875,0.7588696206949221,0.9043245832889282,0.8300749350150414,1.0018436873747496,1.1108416201794808,3.66,1.0262623825013533,3.744759741034125,0.4641192444511248,0.0023047246856054,0.6524822695035462,0.0,1.0,0.0,0.0
2024-09-25,0.078871264569269,2.0496224379719763,0.7563540409614514,0.9003571483654321,0.8269169917115369,1.0703251316695217,0.9484833895040924,2.95,1.0712839374905214,3.055776474392552,0.3563792770696795,-0.0736600860439869,14.852047020672885,0.0,0.0,0.0,0.0
2024-09-26,0.0175131348511436,2.114164904862581,0.7542322089776456,0.8968827050455939,0.8241771738977717,0.928318207030716,2.1095152603231595,8.14,1.1014414827058585,2.7638348489271123,0.3618935786294277,0.0362060173380928,6.270380434782609,0.0,0.0,0.0,0.0
2024-09-27,0.8317282437401596,1.8633540372670727,0.7531893216886687,0.8943141639995827,0.8222747823055837,1.058868808030918,0.8464655560558307,2.85,1.1867391760768349,2.2598496433743747,0.3124074406766973,-0.006924170970881,1.0416666666666667,0.0,0.0,0.0,0.0
2024-09-30,-0.0086828167057406,0.304878048780477,0.7544357785344524,0.8944100610593579,0.8227414108622201,1.103620633391966,0.6056434962147281,1.9,1.158097147157196,0.5243587583130633,-0.1013022404136148,-0.0399612236105127,2.740029542097489,1.0,1.0,1.0,1.0
2024-10-01,2.5442862104897657,-0.7092198581560183,0.7563832321033387,0.8934727996861618,0.8229412426101008,1.085257802222187,0.6649616368286445,2.09,1.1231775306242815,0.5046560079494713,-0.1661571536571536,0.0499905499905499,2.021398547955674,1.0,1.0,1.0,1.0
2024-10-04,0.2709797611990749,0.5102040816326481,0.7582090030910335,0.8917599721120137,0.8228813230419851,1.11224827195289,0.9386617100371748,2.86,1.1582811480912718,0.3538682380351741,0.0673498344547687,-0.0313467905585816,2.162062615101289,1.0,1.0,1.0,1.0
2024-10-07,0.2618022126509522,0.3045685279188026,0.7571643138699478,0.8864680759672459,0.8195043982358706,1.0690140845070422,0.8265234648610786,2.59,1.1761487536193715,0.4210207601875855,0.1074443348365276,-0.0417841037204058,2.4204081632653063,1.0,1.0,1.0,1.0
2024-10-08,0.1010781671159088,-0.1012145748988002,0.756708232250308,0.8815598639019319,0.8166443403915947,1.0776759359950288,0.6409048067860509,1.96,1.1820723916903944,0.2020945991540962,-0.059834991708126,-0.1132669983416252,4.168446750076289,1.0,1.0,1.0,1.0
2024-10-09,-0.0589027263547703,0.0,0.7554501325761306,0.8757214558435591,0.8128997095807096,1.0661932147130342,0.64317805627808,1.97,1.2449151077041616,0.1713619948217501,-0.0582715429894818,-0.0171764932934478,0.6088592440567812,1.0,1.0,1.0,1.0
2024-10-11,-0.7746063820830207,0.1013171225937359,0.7538078109041634,0.8696474894646405,0.8090348299805278,1.0613323500491645,0.6878433245760688,2.08,1.2297299708028329,0.2329344594579978,0.0668595082374368,-0.022435632088749,0.8147925435959109,1.0,1.0,1.0,1.0
2024-10-14,-0.15273652948663,0.101214574898778,0.7521316578666266,0.8636085621290002,0.8051939995307007,1.0924510746045548,0.8517887563884157,2.44,1.1844395947500514,0.1808378472224795,0.0346062837506136,0.0464735722467681,2.8352745424292847,1.0,0.0,0.0,0.0
2024-10-15,-0.1699668564629886,-0.2022244691607833,0.7472779570265715,0.8542241741990468,0.7981449231734474,1.016008635237241,1.3333333333333333,4.16,1.1798396416856824,0.1089093532484274,-0.0108120914566266,0.1149202180800959,42.89824187533298,0.0,0.0,0.0,0.0
2024-10-16,-0.4937430833404255,0.1013171225937359,0.7443873047410039,0.8474318269982251,0.7934966437692359,1.0279688008291537,1.49169978957213,4.7,1.2119281001883548,0.3981746074996937,0.0400639459318949,-0.1157323166681107,9.25511028987181,0.0,0.0,0.0,0.0
2024-10-17,-0.0684404140645078,-0.1012145748988002,0.7412011444762939,0.8404065788324934,0.7885928580857782,1.0212284604652917,1.1134211134211134,3.56,1.230892342513515,0.0633169361845727,0.0145207930044723,-0.1008610907149055,3.090295531240413,0.0,0.0,0.0,0.0
2024-10-18,-0.0599263761664303,0.0,0.740128723013964,0.8363539655436416,0.7860584147004174,1.000217405971917,1.0496719775070291,3.36,1.2751418720528849,0.0679407780704712,-0.0061877306788949,-0.0236271110614025,1.6554020961896367,0.0,0.0,0.0,0.0
2024-10-21,-0.0942264862086705,-0.405268490374866,0.7390239673929927,0.8323683795922635,0.7836245112339402,1.0512024825446082,0.9552941176470588,2.88,1.2876055584432482,0.4070757386138658,-0.0685851182442345,-0.1576785399917845,5.107879479136964,0.0,0.0,0.0,0.0
2024-10-22,-0.0514447397753636,-0.2034587995930814,0.7371162331182816,0.8276308154074112,0.7804606793982535,1.0176872371521462,0.986442262739598,3.09,1.256765414098571,0.3791573923099428,-0.0621736124698362,0.0828278875627731,3.144342659074028,0.0,0.0,0.0,0.0
2024-10-23,-0.1115209745217393,-0.2038735983690198,0.7362822735763656,0.8242128988284139,0.7785396317763431,1.02483551656689,0.9494712103407756,2.92,1.220039395028505,0.433098811925857,-0.0775325378691715,-0.0809850215790809,2.4642719196601,0.0,0.0,0.0,0.0
2024-10-24,-0.0944692545516989,0.102145045965285,0.7365391938183238,0.822111068118964,0.7778396958712035,1.030591775325978,0.786382162550947,2.35,1.1937094110488868,0.1186725539117229,-0.0202689137013461,-0.0732547219033705,1.59237835998639,0.0,0.0,0.0,0.0
2024-10-25,-0.2492908106249358,-0.1020408163265429,0.7360132443019283,0.8192593538781837,0.7763955069901781,0.9997869980682929,0.8826382153249273,2.67,1.1686020614096124,0.021142324411166,-0.002625913762051,0.0796694565102235,1.8542719763284428,0.0,0.0,0.0,0.0
2024-10-28,-0.6377111340917008,0.102145045965285,0.7357954611250175,0.8170576080859154,0.7755349646385509,0.9888617223580548,0.9230021860578091,2.82,1.1155079211249306,0.4430904623023227,0.0311703773584905,-0.060943396226415,1.8657039711191337,0.0,0.0,0.0,0.0
2024-10-29,-0.47701647875108,0.0,0.7368495839107492,0.8165189038879053,0.7762426763590071,0.9963500193062852,0.9754825247782994,2.73,1.118500026121109,1.310672657291694,0.0229235676110568,-0.0114361243606689,0.4945942587299614,0.0,0.0,0.0,1.0
2024-10-30,-0.2352941176470557,0.0,0.7370912015047882,0.815462340173608,0.7764736381825059,0.9741678073215484,1.1332470892626132,3.27,1.0844087975611412,1.965660626381964,-0.0165860490169674,0.0111096148666846,0.4287384695335844,0.0,0.0,0.0,1.0
2024-11-01,-0.1921733053808494,0.3061224489795844,0.736056153771065,0.8129664684956172,0.775496021428399,1.0857064125713374,1.1464646464646464,3.03,1.120410709210711,26.762116990438784,0.0793070169817366,-0.17455943607818,8.784971377892445,0.0,0.0,1.0,1.0
2024-11-04,-0.148783476282166,-0.2034587995930814,0.7344891137883782,0.8117671285616238,0.7750355875161553,1.0884795486193783,1.0758552305404063,2.88,1.1315220608680832,7.484990232176728,-0.0770466556888575,-0.1586293421155806,2.7054496823804746,1.0,1.0,1.0,1.0
2024-11-05,-0.1928302217547584,0.1019367991845099,0.7332371711835217,0.8116572168618446,0.7751178833218948,1.1690849612380905,0.9115815691158156,2.24,1.1288250325059526,0.6258871278678333,0.0024880320650333,-0.0413232471491475,0.9695364238410596,1.0,1.0,1.0,1.0
2024-11-06,-0.3688416615438727,0.0,0.7322594759373418,0.8120928068448666,0.7756992712675654,1.132466647259715,0.9433962264150944,2.38,1.1830253254161192,15.063813742249616,-0.0263556445037432,0.1086650359498925,2.248293842496741,1.0,1.0,1.0,1.0
2024-11-07,-0.5905685323931209,-0.1018329938900164,0.7295703105275881,0.8110752729082151,0.7746901586481587,1.1340213447923635,1.0608272506082723,2.71,1.1102011043784832,16.296128073194883,0.0699244634099739,-0.0457295713648812,1.158718631485516,0.0,0.0,1.0,1.0
2024-11-08,-1.0906189040610026,0.0,0.7268767894184722,0.8104646223047991,0.7739953430136325,1.096561522364452,1.1301044634377968,3.04,1.1221352791916912,4.433255678399641,-0.0263978526692514,-0.048762302415747,1.0163959903644415,0.0,0.0,1.0,1.0
2024-11-11,-0.6633796503809908,0.1019367991845099,0.7240384381639918,0.8097608332623004,0.7730754249388757,1.4454724087113149,1.1142061281337048,2.27,1.1111515330421569,12.33890438244114,0.1574387224560534,-0.072790294627383,0.8918549977248598,0.0,0.0,0.0,1.0
2024-11-12,-0.1534157567006588,0.0,0.7230765062279055,0.8111616529344315,0.7741442773978922,1.4417316754972176,0.8922792417938048,1.78,1.1210393723531584,4.455515453140163,-0.0168502171235984,-0.0632575021064229,1.3001198881044358,1.0,1.0,1.0,1.0
2024-11-13,-0.2892263195950928,0.3054989816700493,0.7233526974241103,0.8138745373208309,0.7765186654982152,1.7259135261057468,1.0309278350515465,1.62,1.1589668794659134,14.406844974583183,0.1412934705464868,-0.0810503903477643,2.14218720690302,0.0,0.0,1.0,1.0
2024-11-14,-0.1540971718636541,0.4060913705583813,0.7236944723158854,0.8165513771476707,0.7788662845458344,1.720709929651541,0.8393983503153809,1.22,1.1963571057766589,3.339089102281129,0.0404375243664717,0.0090643274853801,0.2171501955519234,0.0,1.0,1.0,1.0
2024-11-15,-0.3177485247390033,-0.3033367037411638,0.7238237969431145,0.8190770861428953,0.7810707285571393,2.0855982505467043,0.9521472392638036,1.06,1.2077460798565836,2.3034047707431227,-0.0235769046017869,0.0428475357863387,1.2112982074959262,0.0,0.0,1.0,1.0
2024-11-18,-0.1183970856102001,-0.7099391480730244,0.7243182106046643,0.8220708185436584,0.7837272520076495,1.873401466103056,0.9167492566897918,1.06,1.2371607210220648,34.06474106528564,-0.1581452886176586,-0.0718884720900285,1.693149601107668,1.0,1.0,1.0,1.0
2024-11-19,-0.1094191665906851,-1.2257405515832431,0.7236629259051942,0.8237346898152124,0.7851344378763762,1.4893419928569225,1.3524689856482608,1.92,1.2145403138116593,41.244866597281934,-0.2178636922954789,0.0013495812328821,0.0546360276394022,0.0,1.0,1.0,1.0
2024-11-20,-0.1095390232770388,-1.1375387797311176,0.7234232917588528,0.8258723176672973,0.7870105787103652,1.3832718534810176,1.3842482100238664,2.08,1.1867760985109372,14.734166960294973,-0.3064050259632028,0.0648118469132636,1.5914994096812278,0.0,1.0,1.0,1.0
2024-11-21,-0.0456913095129407,-0.7322175732217606,0.7230024206502517,0.827806747533878,0.7886908159003894,1.3241732918539002,1.3208430913348943,2.04,1.18022155037725,7.451294472816109,-0.2462856398421797,-0.194669842924142,3.641300563949036,0.0,1.0,1.0,1.0
2024-11-22,-0.0639970744194529,-0.8429926238145424,0.7213439823276684,0.8283130368420542,0.7890277962287194,1.2473276540645275,1.3406044080890709,2.2,1.1747059252385406,5.067283709076354,-0.2409596141268802,0.1302321778940484,2.6400397746105404,0.0,0.0,1.0,1.0
2024-11-25,-0.1463727014911708,0.0,0.7205131418718279,0.8296910045533551,0.7902373166465732,1.1915155408186806,1.273857079449623,2.18,1.14347093935256,0.9295244091410356,0.0448773502785515,-0.0484853760445682,0.8327726695073634,0.0,0.0,1.0,1.0
2024-11-26,-0.0458085203848046,0.0,0.7198992368427756,0.831087418097735,0.791482157359857,1.0828033910422468,1.2184508268059182,2.28,1.1051758540279346,0.2478802457395906,-0.0179711671054281,-0.1006644101792653,1.186641052164918,0.0,1.0,1.0,1.0
2024-11-27,-0.8249312557286781,-0.1062699256110466,0.7196473425262492,0.8330968608595072,0.7931732291814402,0.8352773429494587,1.190273037542662,2.91,1.095972023679169,0.7311115165684523,-0.034690914648124,-0.1997402001986704,3.27794846071854,1.0,1.0,1.0,1.0
2024-11-28,-1.9316081330868813,0.1063829787234071,0.7192805805348284,0.7920936761461312,0.795367886662267,1.0444628908328544,1.139480903144123,2.97,1.0821412698291295,1.685297392559389,0.0543392877656519,-0.0943136128661688,1.8495156566794324,1.0,1.0,1.0,1.0
2024-11-29,-0.593723494486853,0.0,0.7169950591255446,0.7941529535024383,0.7955737179596823,0.7430833386253466,1.3438081455447592,3.7,1.0169123458525486,0.6634120315033964,0.0375453614406418,-0.0579499871980882,1.0456610456610456,1.0,1.0,1.0,1.0
2024-12-02,-0.1896094046264673,0.3188097768331399,0.7136596991594988,0.7949820797160305,0.7946189511285507,0.7203052212221496,1.408450704225352,4.1,0.9959919931742351,2.243852673380962,0.1105803427959292,0.0966791644349223,2.1920858212731504,1.0,1.0,1.0,1.0
2024-12-03,-0.1424772036474175,-0.5296610169491456,0.7096159357186385,0.7949722947697939,0.7928664780102712,0.6994215025764834,1.3080827801639985,4.04,0.9423798204238556,3.4851878933502087,-0.1308204898780897,0.0340006710658763,1.4237208757756703,1.0,1.0,1.0,1.0
2024-12-04,-0.0665842290497376,-0.6389776357827559,0.705543692214308,0.794715757461333,0.7909188181168668,0.6933472502220109,1.28628343767786,4.12,0.9325051890499938,3.5363761612386657,-0.155427883284425,0.1009357178450805,4.455034213098729,0.0,1.0,1.0,1.0
2024-12-05,-0.1047020750047589,-0.6430868167202619,0.7027137166343325,0.7957072409778165,0.7901572491302978,0.6791487284373015,1.3679941002949854,4.6,0.9390866303259908,2.5388115518798267,-0.1481905247988471,0.032664825267203,1.5718000577867668,1.0,1.0,1.0,1.0
2024-12-06,-0.2477370176274473,0.0,0.6996637312499419,0.7960367675328669,0.7888761355216535,0.6566829974577841,1.5379138483446066,5.54,0.94122953638201,1.0801744567283011,-0.0518344273211567,0.1198154490106545,13.438250200053348,0.0,1.0,1.0,1.0
2024-12-09,-0.1146241283790261,-0.4314994606256617,0.6971640784721641,0.7967643468979462,0.7879662148867328,0.6865364326311132,1.4647596070997762,5.44,0.9450933739333756,0.2761930946810751,0.0436210809196775,-0.0123917587339504,0.5117139334155364,0.0,1.0,1.0,1.0
2024-12-10,-0.1243186382327565,-0.3250270855904791,0.6939393015474911,0.7967084639346759,0.7862834383770835,0.6949454598675885,1.4053695724229367,5.25,0.946646017778922,1.356819046885797,-0.1537004547751389,0.0258716523496715,2.544731610337972,1.0,1.0,1.0,1.0
2024-12-11,-0.2202221371122248,-0.1086956521739068,0.6922061846113486,0.7984227175685156,0.7862092100576323,0.7045229011842018,1.3474494706448508,5.26,0.9471678611284948,0.1329035326244453,0.0152710304942166,-0.0473186119873817,40.298507462686565,1.0,1.0,1.0,1.0
2024-12-12,-0.1631321370309857,-0.2176278563656097,0.689576955560145,0.799094092372056,0.7851168120098202,0.7123155927343992,1.3162762022194825,5.44,0.9052076549209208,0.6692634593797377,-0.0658118457106723,0.039204665214642,107.3076923076923,1.0,1.0,1.0,1.0
2024-12-13,-0.5478662053056582,-0.3271537622682618,0.6867979792703313,0.7996366689467991,0.7838711012130359,0.7422831711663633,1.2175470008952551,5.24,0.8687167913704356,0.5880215843765897,-0.0789476876421531,0.0471948445792266,34.3448275862069,1.0,1.0,1.0,1.0
2024-12-16,-0.2222866531361833,0.1094091903719896,0.6827652535678543,0.7987434824318858,0.7812363274552863,0.7842725924150022,1.5773851590106007,7.55,0.8939349822048402,0.6358047591458782,0.0432041007036059,0.0078056288478452,2.5,1.0,1.0,1.0,1.0
2024-12-17,-0.1840371948857,0.10928961748633,0.6799229386278683,0.7993551431586073,0.7799807561964276,0.7801117549668874,1.3423003019489432,6.49,0.8902309957568753,0.9155531116265132,0.0578287774725274,-0.1122252747252747,61.42857142857142,1.0,1.0,1.0,1.0
2024-12-18,-0.0873362445414915,-0.2183406113537067,0.6765980939073715,0.7993217230023261,0.7781394017584391,0.7939474092834234,1.4675496688741725,7.47,0.912692889341655,0.8374354593021549,-0.0514152622936652,0.0603232218477227,16.5207100591716,1.0,1.0,1.0,1.0
2024-12-19,-0.0971250971250947,0.1094091903719896,0.6729135287911394,0.7988899852881213,0.7758943029258173,0.8133995174842628,1.440245148110317,7.69,0.9586296023513378,0.4633592215311254,0.0226598420859346,0.0168931325743665,1.8833162743091088,1.0,1.0,1.0,1.0
2024-12-20,-0.0972195216799476,-1.0928961748633892,0.6706124283296556,0.8001852233833594,0.7752210842027584,0.8368349750866799,1.3024063507814438,7.2,0.9733304136485148,7.586605575645725,-0.1934457588827274,0.0272335181762168,12.94921875,1.0,1.0,1.0,1.0
2024-12-23,-0.2043596730245345,-0.6629834254143652,0.6675754944691236,0.8005712166735582,0.7737057774689936,0.8500315134794448,1.301106301106301,7.57,0.9866342160750066,2.436899458425134,-0.1817593962111235,0.032114274136359,3.340358271865121,1.0,1.0,1.0,1.0
2024-12-24,-0.1072647489029687,-0.444938820912133,0.6635187241975283,0.7996886791698814,0.771028995431539,0.8756661944275788,1.5835911538902256,9.68,0.9950296822562557,2.4109480147224014,-0.1320492204016913,0.1598837209302325,9.45127904706112,1.0,1.0,1.0,0.0
2024-12-25,-0.097618117922682,-0.3351955307262511,0.6584903093467289,0.7973390189235725,0.7670826032443683,0.8914620101472281,1.4899211218229624,9.5,1.0061849076239302,1.254326084584896,-0.1366575481256332,0.0485055724417426,0.9435821630943584,0.0,0.0,1.0,0.0
2024-12-26,-0.0879421536056357,-0.3363228699551523,0.6533833210968835,0.8377450795296332,0.7623673898862978,0.9139909437069054,1.2786642713727148,8.52,0.9985685947282132,1.2191897273362005,-0.2228294251134644,0.0266641452344931,0.2848197151802848,0.0,0.0,1.0,0.0
2024-12-27,-0.0488997555012193,-0.224971878515201,0.6495411368784617,0.8343026852902092,0.7588063637836876,0.8723090764476549,1.2380659069910689,9.01,0.985236464525295,0.7980674044328131,-0.1322054706355591,-0.0133547868061142,0.1581404210726874,0.0,0.0,1.0,0.0
2024-12-30,-0.1859099804305208,-0.1127395715896262,0.6466656581218927,0.8320533755903785,0.7563433133991978,0.8719939780515827,1.172814755412991,8.86,0.9703663558435038,0.5893461910821863,-0.0775475605475605,-0.0427050427050427,0.8067189744723174,1.0,1.0,1.0,0.0
2024-12-31,-0.2058621703754592,3.273137697516937,0.6441725079825059,0.8303172346106891,0.7543296136779711,0.8646249682516343,1.1238374938815467,8.87,0.9061764929053796,0.2093287674206866,0.0374841084575327,0.0865505476746274,1.080354140983974,1.0,1.0,1.0,0.0
2025-01-02,-0.216110019646365,0.0,0.6425705323525521,0.8297863579988352,0.753385313823876,0.8730298315632822,1.0659509202453987,8.62,0.0171991935679389,0.2884846973551543,-0.0332641909814323,-0.0129973474801061,0.279920022850614,1.0,1.0,1.0,1.0
2025-01-03,-0.1279779484150367,-0.1092896174863411,0.640759283215216,0.828995881808359,0.7522028431544489,0.8782323163223423,1.2626874010615512,10.56,0.018163863350314,0.537976898137269,-0.0677005909389363,0.0072225869993434,0.1353429713934174,1.0,1.0,1.0,0.0
2025-01-06,-0.3844258255298216,-0.1094091903719896,0.6383808604331789,0.8275020097684754,0.7503784672810493,0.7920324808272895,1.4087301587301588,13.69,0.018792331962394,0.6179327747855285,0.0313115235091322,-0.0568473556810679,4.831670822942643,0.0,0.0,1.0,0.0
2025-01-07,-0.1385315654066854,-0.3285870755750375,0.6345370211474645,0.824073795482761,0.7468163244239064,0.6189797663151895,1.4621001390820585,19.36,0.0205060615170522,0.7073174950871709,-0.0153180027837829,0.2241537595877632,13.939226519337016,0.0,0.0,0.0,0.0
2025-01-08,-0.1585414189457012,-0.219780219780219,0.6308624815305327,0.8209001415727343,0.7434943884162303,0.6867554309740714,1.267962806424345,15.94,0.0219163162194051,1.1186881102971715,-0.042686678761889,0.1281543790202869,3.604174719752609,0.0,0.0,0.0,0.0
2025-01-09,-0.7244938467645956,0.0,0.6275913585771808,0.8184791885297932,0.7407717285459801,0.7317182459075159,1.0826494238580784,13.33,0.0244707851574226,0.8243134836611293,-0.0460660262275083,-0.0645776151265629,1.3414634146341464,0.0,0.0,1.0,0.0
2025-01-10,-0.5398380485854282,-0.1101321585903036,0.6239798558082758,0.8157388418968952,0.7377828325169491,0.7586454286651962,1.1364189024884492,14.1,0.0263047733659277,0.0472834550072917,-0.0030125057897174,-0.0907827698008337,1.7673579801623085,0.0,0.0,0.0,0.0
2025-01-13,-1.0352799276309166,0.1102535832414597,0.6216348618747645,0.81487492537178,0.7365171785494654,0.6678118455420382,0.9471330458393228,13.93,0.02834040714112,2.1770476205676697,0.0809326272808472,-0.1006124792650248,3.4986134220743206,1.0,1.0,1.0,0.0
2025-01-14,-0.2843794434287949,0.1101321585903036,0.6199635513351078,0.8148858578227773,0.7360771619089206,0.7204840827968512,0.8805433479824211,12.32,0.0307683504518386,1.6225449744899396,0.068875525713864,-0.1903637571017487,8.19958684252344,1.0,1.0,1.0,0.0
2025-01-15,-0.3361173355062252,-0.2200220022002152,0.6176469094884957,0.8141180657625823,0.7349255472990527,0.7819313357787577,0.8548913476080554,11.32,0.0325365567501301,0.0331142024419521,-0.0016405511495634,-0.030761836097092,1.0181625348004772,1.0,1.0,1.0,0.0
2025-01-16,-0.1635155850791991,-0.1102535832414486,0.6152747845120229,0.8132547117253152,0.7336996485601104,0.7726328938705921,0.6446933677169796,8.74,0.0351374706736127,0.1063964406895728,0.0037164757814364,-0.03728227153424,2.009646302250804,0.0,1.0,1.0,0.0
2025-01-17,-0.0921281605077317,0.0,0.6127282754945866,0.8121502067488878,0.7322734530950202,0.7809028108005291,0.7695429823849338,10.5,0.0393929117061903,0.3040672471647231,-0.0138900759912722,0.022195470619216,0.9319222871584268,0.0,1.0,0.0,0.0
2025-01-20,-0.1024590163934413,-0.1103752759381904,0.6084490765281785,0.8087386895838822,0.7287780950293132,0.7455049392367281,0.6908971840209561,10.06,0.0448673105280905,0.1975913317505232,0.0045825823933455,-0.0009452391455038,0.053069166814081,0.0,0.0,0.0,0.0
2025-01-21,-0.0512820512820533,-0.1104972375690738,0.604830524401829,0.806114622352121,0.72599972257405,0.7659326023098397,0.6833223031105229,9.84,0.052165848192408,1.2237450469313524,-0.0363421817089051,0.066713412801763,2.219260246584472,0.0,0.0,0.0,0.0
2025-01-22,-0.1641867624422754,0.0,0.6011767971337851,0.803420797544881,0.7231489850197423,0.698935869667577,0.7352941176470588,11.72,0.0608350129973655,1.7464089618900578,0.0128356442890253,-0.0667263042329118,16.908809891808346,0.0,0.0,0.0,0.0
2025-02-03,-0.4728132387706973,0.2212389380531032,0.6003297967021927,0.8047421463655076,0.7238336409653991,0.8912772916284769,0.6237511945095996,7.77,0.0754113047373433,25.27520024422962,0.0371730602599448,-0.105474596297755,32.671817812118746,1.0,1.0,1.0,0.0
2025-02-04,-0.1342559124238307,-0.3311258278145823,0.6000433609157568,0.806863069886431,0.7252490810808393,0.9782383828034952,0.5389007851534618,6.08,0.0992754722598338,21.397821117895745,-0.043646354038792,-0.1716179720108028,11.468416735028711,1.0,1.0,1.0,0.0
2025-02-05,-0.1758014477766356,-0.1107419712070845,0.5989591128624685,0.8079338551383307,0.7257959147425337,0.977992657532048,0.5875892366831412,6.58,0.1440181393088956,19.75097683533965,-0.0450040991242779,0.0075150611763244,0.4107961296893566,1.0,1.0,1.0,0.0
2025-02-06,-0.1139542111260771,-0.2217294900221711,0.5977074935869162,0.8087720510469296,0.7261381184768395,1.0014490091634525,0.6003189194259451,6.52,0.2599333809183916,16.91439879094945,-0.0445801237964236,0.0278541953232462,0.919931856899489,1.0,1.0,1.0,0.0
2025-02-07,-0.0829703381041269,-0.1111111111111062,0.595570415272533,0.8083502059495526,0.7253606033730833,1.0160843729583424,0.6984309223115193,7.45,0.9730843098505304,10.707421954263555,-0.0479023813965056,-0.0243735621463657,1.2733474094526551,1.0,1.0,0.0,0.0
2025-02-10,-0.176458376582933,-0.2224694104560609,0.5928054353393287,0.807054059335649,0.723826798540213,1.013515652201437,0.7863314241335794,8.43,0.9736783403970556,7.590465821238057,-0.0357548580705465,0.0706449549859792,6.212416179969717,1.0,1.0,0.0,0.0
2025-02-11,-0.1767703025891687,0.3344481605351168,0.589955940577115,0.8056881744742416,0.7222041045567142,1.0577314725491458,0.801995012468828,8.15,0.9258429483589112,66.9112016010547,0.0800332779853327,0.0136986301369863,0.8861042738867756,1.0,1.0,0.0,0.0
2025-02-12,-0.1666666666666594,-0.1111111111111062,0.5884708643204265,0.8060422402843097,0.7221262462958764,1.069421630500562,0.7896924355777224,7.68,0.928246333651739,2.559737439675677,-0.0122239948259135,-0.0943192842513743,3.830159772379077,1.0,1.0,0.0,0.0
2025-02-13,-0.1982470784641088,-0.1112347052280249,0.587686431978575,0.80727452348498,0.7228542982439283,1.1073146174526836,0.9891774891774892,8.84,1.005313317027916,39.48302503783823,0.0346494204914232,0.0550301344459898,2.167838553556753,1.0,0.0,0.0,0.0
2025-02-14,-0.1881860951385316,-0.111358574610243,0.5855874815412572,0.8067160978290033,0.7219787297308089,0.9530254691545016,1.0215714764725603,10.3,0.9776024792224256,212.46400719855768,-0.0426819870786328,0.1087938941519097,6.4792663476874,1.0,0.0,0.0,0.0
2025-02-17,-0.0733214622394395,-0.2229654403567593,0.5822557162779567,0.8042323764265396,0.7194619773279389,0.8662826645839434,1.0855188141391106,11.92,0.981695759187484,66.0017861893356,-0.0382155352624051,-0.0013202772582242,0.0521229232272776,0.0,0.0,0.0,0.0
2025-02-18,-0.0838574423480231,-0.2234636871508377,0.5793591594091007,0.8021340225648285,0.7172822614650011,0.8990166663016578,1.2042860470533423,12.59,0.9857954545454546,17.50099863736018,-0.1085102289544702,0.1236180029598676,4.170950212953444,0.0,0.0,0.0,0.0
2025-02-19,-0.1888375996642821,-0.5599104143336975,0.574987480515787,0.7976530332544114,0.7129692788617732,0.9327230519907144,1.5297515886770652,15.54,0.9899295352751548,7.192412788948767,-0.0604705506017833,0.0543404374425206,7.017815646785437,0.0,0.0,0.0,0.0
2025-02-20,-0.1681732184149686,-0.1126126126126281,0.5709536217985081,0.7936191745371326,0.7090192018708218,0.9543336439888164,1.3658312255690963,13.65,0.994098435799003,1.9673596934411453,-0.0233832999666333,-0.012721054387721,3.8172715894868574,0.0,0.0,0.0,0.0
2025-02-21,-0.1052853232259565,0.0,0.5668694489028304,0.7894241195450863,0.7048781211873126,0.8139354266060136,1.3739586899463654,16.41,0.9965823257416928,0.7092405768902182,-0.0112126094194726,0.063584125449761,789.3333333333334,0.0,0.0,0.0,0.0
2025-02-24,-0.0737774030354021,-0.6764374295377573,0.5642010776907093,0.7871627559087226,0.7024533105812519,0.8967388270495372,1.2236192186798385,13.57,0.970594164914605,6.394350577038728,-0.1454397982004472,-0.0081656004576897,7.1689497716894985,0.0,0.0,0.0,0.0
2025-02-25,-0.1371163379390361,-0.1135073779795714,0.561625017074306,0.7850393387272488,0.7001428477668215,0.7633328809879224,1.2972613371770707,17.33,0.973341420443058,0.6743377022286284,-0.0144735720168596,-0.0736882902960127,22.075471698113205,0.0,0.0,0.0,0.0
2025-02-26,-0.0739332488381983,0.0,0.560236409772908,0.7845459311873297,0.6992794756737982,0.8276050439295307,1.1489968205240653,14.41,0.9485134155184916,0.1072206595817209,0.0021654695881443,-0.0890990090008182,11.796569365031598,0.0,0.0,0.0,0.0
2025-02-27,-0.1374061938484216,0.0,0.559533652394967,0.7850715669822433,0.6992991445164475,0.9444640559345,1.0076335877862594,11.14,0.9526029073324206,0.0189007929916553,-0.0003148603788322,-0.1427846123803944,9.564421190320472,0.0,0.0,0.0,0.0
2025-03-03,-0.1375952582557293,0.2272727272727204,0.5605551332695637,0.7880100772319574,0.7014536497821208,0.9242353795035212,0.98192902242543,11.07,1.087606279562404,4.317852767262628,0.0929840762445983,-0.1320665364352098,5.418336369156041,0.0,0.0,0.0,0.0
2025-03-04,-0.2755696873343871,0.1133786848072526,0.5591696803078913,0.7875631941839344,0.7006241353146159,1.0452534875808095,0.5014358294676386,4.93,1.172985100385434,0.9752073814348696,0.0174284482015009,-0.156689381523333,9.254871990829194,0.0,0.0,0.0,0.0
2025-03-05,-0.1913061961951401,-0.5662514156285492,0.5567574121877918,0.7857018727075527,0.6985304367106763,1.0350329359742894,0.475181260457334,4.69,1.1627840666077387,4.310069266800445,-0.1108479410962639,-0.046468502863376,3.27188940092166,0.0,0.0,0.0,0.0
2025-03-06,-0.0638909594292469,-0.4555808656036331,0.5551400355605398,0.7848966953417427,0.6973630115922459,1.0428914560219604,0.4589126257488414,4.45,1.152758932609679,3.797006481149764,-0.1893314773570898,-0.1057906458797327,3.524501468542278,0.0,0.0,0.0,0.0
2025-03-07,-0.0745871070857662,-0.2288329519450793,0.5540513207970423,0.7848356059963055,0.696838271984028,1.082252074641236,0.3954477526152431,3.64,1.1433538004317718,1.2088977697338965,-0.0696792847432814,-0.1289344348007947,3.103838892385148,0.0,0.0,0.0,0.0
2025-03-10,-0.1066325442525051,0.0,0.5538618137268693,0.7860565654254056,0.6974521876705617,1.1083325685968617,0.3813559322033898,3.35,1.1341008954891818,0.6544797009108386,-0.0396943586222679,-0.1941869779150932,3.669189189189189,0.0,0.0,0.0,0.0
2025-03-11,-0.3415883859948843,0.2293577981651307,0.5549050107700664,0.7891250281188682,0.6996600878784619,1.1175041261690812,0.5270758122743683,4.49,1.1160788209968535,1.7411792890672846,0.0387375202077107,-0.0622152549845686,2.1244563399130145,1.0,0.0,0.0,0.0
2025-03-12,-0.2677806341045419,0.2288329519450682,0.5555281685659923,0.7916032220548488,0.7013564175508546,1.135569331606871,0.5245659401551533,4.3,1.0810515086030037,2.3201702047703936,0.0612400322190898,-0.0063862838731948,0.1810028536485935,0.0,0.0,0.0,0.0
2025-03-13,-0.1825797443883559,-0.1141552511415455,0.5560782476912981,0.7940057540646315,0.7029767887204705,1.1203357567139876,0.5600200904068308,4.56,1.0345295987394387,1.985700120388232,-0.0709939587775408,-0.1056147832267235,2.3081702392047223,1.0,0.0,0.0,0.0
2025-03-14,-0.2797503765870401,0.1142857142857112,0.5579251685124124,0.7982972496658045,0.7062665247908517,1.160841409084646,0.5265888456549935,4.02,1.0199712760480175,1.8465630817555392,0.0715165179270393,-0.1056834194457491,1.7517679880620256,1.0,0.0,0.0,0.0
2025-03-17,-0.0539490720759761,0.0,0.5600543748616188,0.8029058210943759,0.7098462073305343,1.1444800565738598,0.5523528623139832,4.11,1.0159244264507423,0.4545472882525153,0.0173786064235166,0.037289058247142,0.450361604207758,0.0,0.0,0.0,0.0
2025-03-18,-0.0863651084961669,0.6849315068493178,0.5620883977535647,0.8074000893571783,0.7132675031406781,1.1110358682648247,0.5892981236970118,4.31,1.0119095625991343,6.8544808966133886,0.1716138062945574,0.0222569987828203,0.2848876029379034,0.0,0.0,0.0,0.0
2025-03-19,-0.032414910858991,-0.1133786848072526,0.5647411804422005,0.8127744263913342,0.7174546186204886,1.092426632654203,0.6153846153846154,4.34,0.9794035614674962,1.4311912034812142,-0.0388820701989716,-0.0339816677844846,0.3086921202274573,0.0,0.0,0.0,0.0
2025-03-20,-0.2377864245568517,0.3405221339386921,0.5672174747201296,0.8178892618555975,0.7214199089160241,1.0271041369472182,0.7093077280470806,4.97,0.9627586945463308,10.142320964583352,0.1045093219552917,0.1537890733698172,1.7095427127906375,0.0,0.0,0.0,0.0
2025-03-21,-0.0758396533044325,0.0,0.569403507350452,0.822606350386541,0.7250004206895843,1.038511082485675,0.7454844006568144,4.85,0.9611375420965412,1.7390525291721843,-0.0092932503084062,0.0009399048346354,0.0167750052421891,0.0,0.0,0.0,0.0
2025-03-24,-0.086739672557734,0.2262443438914019,0.571900727708105,0.827757010444027,0.7290021246189486,1.0361784334387074,0.7809490457012782,4.72,0.9579975449645088,64.32024920487383,0.1599694010416666,-0.075,0.5528892301785372,0.0,0.0,0.0,0.0
2025-03-25,-0.0325556158437323,0.3386004514672747,0.5736638879318378,0.8318735142673066,0.7320627041290024,1.0323648560351963,0.78125,4.43,0.955193699446573,6.146774909392099,0.1418520921610169,-0.1161281779661017,0.8136945629987011,0.0,0.0,0.0,0.0
2025-03-26,-0.0759878419453019,0.2249718785151788,0.5753408101991792,0.8358495182666401,0.7349958029984891,0.9819393678778756,0.8551448551448552,4.69,0.9488683100273304,5.569615281586961,0.306598026868178,-0.0052476910159529,0.0249252243270189,0.0,0.0,0.0,0.0
2025-03-27,-0.0651819663226582,0.336700336700324,0.5777761706025906,0.8409448278795215,0.7389159307940163,0.9966833914448506,0.9481292517006804,4.76,0.945031712473573,4.292379156315545,0.0859156130905571,0.008166475107374,0.1502922349011967,0.0,0.0,0.0,0.0
2025-03-28,-0.1956734427655093,0.223713646532464,0.5806521007380067,0.8467613847756379,0.7434249164364168,0.9966082353314102,2.387378036122068,12.19,0.9326943332631136,3.158787042612524,0.0629233417721518,-0.1199493670886076,2.84086820961746,0.0,0.0,0.0,0.0
2025-03-31,-1.7754057292233894,4.241071428571419,0.5836790375474209,0.8536100421605489,0.7488177818791312,0.9250405442406116,0.7834507042253521,4.05,0.9100282896650186,5.599681886146248,0.1199615949838346,-0.0435975311061036,1.1605920323400924,0.0,0.0,0.0,0.0
2025-04-01,-0.5655355954757191,0.2141327623126354,0.5849830284928487,0.858009146899924,0.7520892457016289,0.9067951522067602,0.6975184439973172,3.64,0.9029779058597502,2.690882608632506,0.0689962228015108,-0.0093099962760014,0.2946375957572186,0.0,0.0,0.0,0.0
2025-04-02,-0.2341920374707373,0.2136752136752351,0.5867170181427233,0.8630515379405969,0.7559316286562663,0.925565246845626,0.6495571201453554,3.27,0.9114169517089068,1.6266155333625292,0.0987400860009555,-0.0078356426182513,0.1476280493293725,0.0,0.0,0.0,0.0
2025-04-07,-0.0223563603845233,0.0,0.591698016485537,0.8730125268777581,0.7640674955438912,0.9047179127775478,0.654076462459696,3.33,0.9200152248382362,0.0336427281396652,-0.00708295194508,-0.1158466819221968,0.7807981492192018,0.0,0.0,0.0,1.0
2025-04-08,-1.766547406082286,0.0,0.5972975338309368,0.8848634469380899,0.7737689736736046,0.8632216243969749,0.4957904583723105,2.63,0.7731045932484781,1.5843434756283437,0.0339873424221417,0.0244422193124342,2.325070216143607,1.0,1.0,1.0,1.0
2025-04-09,-2.128386068745736,0.0,0.6055913226508125,0.9021025773728728,0.7879938183941014,0.9710238248551192,0.851757039795206,4.05,0.9645817633760362,2.20998657267627,0.0728954556400289,-0.1072276308094533,6.487667811426787,1.0,1.0,1.0,1.0
2025-04-10,-0.151180369810433,0.0,0.6096050046210161,0.9125930886731664,0.7964051896315596,1.0264068240905868,0.4927050944750059,2.16,0.9725622625580412,0.3203997868682499,0.0726720077688759,0.0538965768390386,0.5470001231982259,1.0,1.0,1.0,1.0
2025-04-11,-1.7004425809457158,0.5330490405117239,0.6117005950911946,0.9206618735975312,0.802773055709042,0.9048459963381472,0.4628261939931068,2.25,0.9793975118315528,1.7400888977686026,0.0448043919099204,0.0093121297828059,0.9115841713464804,0.0,0.0,0.0,1.0
2025-04-14,-0.8175355450237065,-0.1060445387062514,0.6137845124317156,0.929079303965905,0.8094393629866701,0.964637226722411,0.4332313965341488,1.92,0.9832236748412088,1.2055521696644167,-0.0445853649113317,-0.0856160414171463,5.2843686657922975,0.0,0.0,1.0,1.0
2025-04-15,-0.3225421096643144,-0.5307855626327074,0.6146774061348463,0.9356537117744992,0.8145125923641251,0.9564244339125856,0.4157894736842105,1.81,0.9876119360283808,1.786043717034142,-0.1215531880286271,-0.0326935588809368,1.080790428821078,0.0,0.0,0.0,1.0
2025-04-16,-0.2157238734419864,-0.1067235859124826,0.616454577527748,0.9436673019296622,0.8208492073097288,0.9671645748630016,0.2635914332784184,1.1,0.9920395436388196,0.6508612998965466,-0.0659989874699405,-0.0302493355271484,0.5909259488193843,0.0,0.0,1.0,1.0
2025-04-17,-0.1681479702137833,-0.1068376068376064,0.6197154659194775,0.9539997331592897,0.8292883513937328,1.0446587750672705,0.1389693109438332,0.51,0.9965070292428048,3.1800571081912654,-0.1328741899903488,-0.022680270233007,0.7585888863269541,1.0,1.0,1.0,1.0
2025-04-18,-0.1082771896053991,0.0,0.6226191554494549,0.9638582357596231,0.8373368255375851,0.999988879127234,0.0061671292013567,0.02,0.9993920268666224,0.026807444323339,0.0019304498269896,-0.0246828143021914,0.4986020503261882,1.0,1.0,1.0,1.0
2025-04-21,-0.0602191978802846,-0.1069518716577566,0.6265070931926455,0.9750855688934156,0.8466039910568908,0.9881110232096894,0.0,0.0,0.9965177016831108,1.3128971534615903,0.1883705451970733,-0.0118008024545669,0.0971628449280994,1.0,1.0,1.0,1.0
2025-04-22,-0.2530730296457117,-0.321199143468942,0.6303230595792002,0.9862959695754276,0.8558811558358459,0.969307860945819,0.0,0.0,0.9988655865499289,0.8210750107270298,0.0707098028697867,0.040901166689017,0.609817054883535,1.0,1.0,1.0,1.0
2025-04-23,-0.2899601304820476,0.0,0.632759290696581,0.9953355628276466,0.8633018223849553,0.9291746424952144,0.0,0.0,0.9750686051264086,4.550592629342967,0.3213622017659214,0.1638173962051475,4.539893270857738,0.0,1.0,1.0,1.0
2025-04-24,-0.302920150248398,-0.1074113856068703,0.6362826493268015,1.0062894765254424,0.8724115051783876,0.9912496891039412,0.1098436839881706,0.3,0.9769677079059954,4.528149578172813,-0.2039962019306852,-0.0515904415255578,1.7484580316438725,1.0,1.0,1.0,1.0
2025-04-25,-0.133689839572193,0.0,0.6387917444842288,1.0155416407873736,0.8800766959021449,0.9423524734480604,0.2477064220183486,0.65,0.9344692391592724,3.478445980842315,0.1294214763438196,0.118652464701511,6.945803878919702,0.0,1.0,1.0,1.0
2025-04-28,-0.194718267007421,0.0,0.6404640088808897,1.0236165056260087,0.886732736578703,0.9801236849912142,0.2423018677435638,0.56,0.9400948991696324,2.3345617760398034,-0.1541498956158664,-0.1194154488517745,2.6359447004608296,1.0,1.0,1.0,1.0
2025-04-29,-0.1097427143031404,-0.1075268817204433,0.640653191449808,1.0293908917200167,0.8914325727310362,0.9796208585157744,0.4178272980501393,0.7,0.896887799336303,2.4389736925360475,0.1093173921344024,0.0622374952271859,3.7374605904270566,0.0,1.0,1.0,1.0
2025-04-30,-0.06103515625,0.0,0.6404727223822285,1.0339221157613503,0.8950772755429671,1.1229781947088258,0.4354587869362364,0.57,0.9028530155290718,13.341024199573186,-0.3283023283299846,-0.0582673442855454,3.1888745148771025,1.0,1.0,1.0,1.0
2025-05-02,-0.2076462684744151,0.0,0.6409814866020185,1.0391911510154928,0.8993890529424219,0.9706257982120052,2.329945269741986,3.5,0.9081002542680712,7.931915434496505,0.1787865477658666,0.1196281187743098,15.229468599033815,1.0,1.0,1.0,1.0
2025-05-05,-0.1346389228886191,-0.1076426264800867,0.6425559930181924,1.0461976264444155,0.905200159410158,0.9879754489241792,0.5977796754910333,0.81,0.9134088417975884,9.042977933079143,-0.1207344108446298,-0.0586027111574556,5.262172284644195,1.0,1.0,1.0,1.0
2025-05-06,-0.0612820198553687,-0.3232758620689613,0.6403036531700737,1.047310589210059,0.9058941407682491,0.957448023108452,1.8037135278514589,2.43,0.9187798603454612,5.04421052144468,0.0475246607444547,0.0516104419859392,24.15816326530612,1.0,1.0,1.0,1.0
2025-05-07,-0.0613195977434477,-0.108108108108107,0.637054234857907,1.04603187221204,0.9045935696674798,0.9780530006374648,1.8744473916887712,2.47,0.9158907037093572,23.77068634298797,-0.0868402278177458,0.019259592326139,3.475321162947937,1.0,1.0,1.0,1.0
2025-05-08,-0.0490857773959851,0.0,0.6304031273927717,1.0382060313588812,0.8977642833672338,0.9597367579178284,2.0113851992409866,2.52,0.9223106957297016,14.504340115454848,0.0655270472816459,0.0801199073443248,5.283018867924528,1.0,1.0,1.0,1.0
2025-05-09,-0.0368324125230246,0.0,0.627190896801378,1.0357616134306242,0.895591518806118,0.9639163992316274,1.5518913676042678,1.91,0.9288213257376388,5.817459761942466,-0.0604568147013782,0.1029096477794793,5.0224215246636765,1.0,1.0,1.0,1.0
2025-05-12,-0.0736919675755398,-0.3246753246753164,0.6255457544151047,1.0348961561446044,0.8947836286800641,0.9367945823927766,1.4455445544554455,1.79,0.9354245268310936,12.734793764419225,0.1506701530612245,0.0224489795918367,1.406312425089892,1.0,0.0,1.0,1.0
2025-05-13,-0.073746312684364,-0.1085776330076226,0.6230509772597157,1.0322416325421433,0.8924372183391667,0.9330093717459216,2.4810606060606064,3.25,0.9420631182289212,0.1633411313386347,0.0005089605734767,-0.0446236559139784,2.3596304193319115,0.0,0.0,0.0,1.0
2025-05-14,-0.0984009840098387,0.108695652173929,0.6203573381439971,1.0291033901883624,0.8896675834572637,0.8928363560170418,1.8401486988847584,2.58,0.9487966096334484,14.080971941794909,0.1553696469434455,0.0852402745995423,3.6816096011295447,0.0,0.0,0.0,0.0
2025-05-15,-0.049248953459724,0.0,0.6171630604077996,1.0250636203929526,0.8861019505108588,0.8899983592339966,2.027972027972028,3.06,0.9556270506163794,0.9901720365645564,0.0173608524725843,0.0241051106972894,0.7592049527533399,0.0,0.0,0.0,0.0
2025-05-16,-0.0862281350086369,0.2171552660152009,0.6137008234242071,1.0205764892700997,0.8821384753620677,0.9446250221618108,1.6091954022988506,2.45,0.962556550197324,11.934822027581635,-0.1899337602752819,-0.2678264194226725,15.290586630286494,0.0,0.0,0.0,1.0
2025-05-19,-0.098631488102574,-0.5417118093174467,0.6111283875888724,1.01757905653656,0.879332892471059,1.0296363830114732,1.1463981409759876,1.7,0.9498851467210198,53.15005800728095,-0.3587767121437256,-0.189517763069026,52.30195712954334,0.0,0.0,1.0,1.0
2025-05-20,0.0617055411575862,0.0,0.608056362212358,1.0136877289020247,0.8757538813744421,0.997803502523004,1.316931982633864,2.17,0.8808985820480074,179.16850916263184,0.2979095429789249,0.0853658536585365,7.81995661605206,0.0,0.0,1.0,1.0
2025-05-21,0.0863344844598046,0.0,0.6047378719205218,1.009215365765446,0.8716111384168741,1.0129049124224636,1.2228260869565215,2.11,0.8917619757997679,1.5340956781364692,0.0078555055259926,-0.0266066311911584,2.901785714285714,0.0,0.0,1.0,1.0
2025-05-22,0.0246457178065151,-0.2178649237472685,0.6026418561693428,1.0065894708489282,0.8690299064110837,0.9887159995248842,1.164427383237364,2.19,0.8301658313431329,1.2423443460691628,0.0351918361459685,0.0572623683830953,2646.666666666667,0.0,0.0,1.0,1.0
2025-05-23,0.0,0.0,0.599977884545943,1.0028835048675009,0.8654771699366771,1.048882134333852,0.8286951144094001,1.52,0.6668963141577678,13.381420625687271,-0.3973850298529198,-0.1080530071355759,159.56989247311827,0.0,0.0,1.0,1.0
2025-05-26,-0.0492792903782235,-0.1091703056768533,0.5982042664623237,1.0005984441953482,0.8631456992828538,1.0376878174692443,1.1387900355871887,2.19,0.7126040971221758,0.6923095373035514,0.0482308950689413,0.1680299135311988,11.147286821705428,0.0,0.0,1.0,1.0
2025-05-27,-0.0493035868359359,0.0,0.5968781993051951,0.998990284919708,0.8613858124389312,1.0502925359021331,0.8193883439122908,1.6,0.7271944922547332,4.482930125485295,-0.1709509995124329,-0.0491223793271574,9.652694610778443,0.0,1.0,1.0,1.0
2025-05-28,0.0,-0.1092896174863411,0.5958190153304536,0.9977670808705924,0.8599600317080865,1.04905580259728,0.8112676056338028,1.62,0.7323573436530247,1.5930147822658558,-0.0715932051855163,-0.0369915064818954,3.641364136413641,0.0,1.0,1.0,1.0
2025-05-29,0.0123319768158713,-0.9846827133479176,0.5949613231308146,0.9968561830363653,0.8587935905202284,1.146931403680663,0.812740252608457,1.52,0.737296332118146,11.128779070575616,-0.2120421843397862,-0.1009984269157918,14.072914336837396,1.0,1.0,1.0,1.0
2025-06-02,2.1948212083847007,-0.1104972375690738,0.596437900997816,0.9985926651446244,0.8599060358384749,1.1560666565175133,1.0107893242475867,1.8,0.7413027808338708,3.681239712191703,-0.19679038498129,-0.1588127100906957,6.080621661000485,1.0,1.0,1.0,1.0
2025-06-03,0.3619691119691293,-1.7699115044247593,0.597173795179325,0.9988204556761676,0.8595591122316023,1.205615385507112,1.1056376573617954,1.94,0.7510937318517945,2.4679693612767264,-0.1032856942562041,-0.1059026966397158,4.559356136820925,1.0,1.0,1.0,1.0
2025-06-04,0.0841548449146412,-0.7882882882882969,0.5970332541656734,0.9975610564754394,0.8578820813338547,1.1333333333333333,1.023102310231023,1.89,0.7713890535467299,1.265080113218369,-0.0740916632587486,0.0241280598235672,0.7886194386098911,1.0,1.0,1.0,1.0
2025-06-05,0.0,-0.227014755959154,0.5967941445685363,0.9961014735589384,0.8559890094484904,1.096228571428571,1.0304709141274238,1.94,0.7969991529867301,1.6383365561819814,-0.1425182210197006,0.0379639807220766,0.8733709395059327,1.0,1.0,1.0,1.0
2025-06-06,0.0720720720720713,-0.1137656427758759,0.5971580416669273,0.995582789608648,0.8549144601571997,1.0954645000964516,0.9742441209406496,1.8,0.8272285784838258,1.857800977059024,-0.3059052347850759,-0.2010214214782238,2.3065028078456904,1.0,1.0,1.0,1.0
2025-06-09,-0.0240067218821193,0.0,0.5973045289321272,0.9947022295851504,0.8534612215597761,1.0876030823306746,0.9704406023424428,1.8,1.1282645585861513,2.2595434019353444,-0.3617144990665837,-0.0067205973864343,0.0829939291477753,1.0,1.0,1.0,1.0
2025-06-10,-0.3481810541481667,0.0,0.5977977883108839,0.9945647507423284,0.8526227242072487,1.0525491599740495,0.846325167037862,1.62,1.1668398088510286,1.9761998774346967,-0.1867416128623876,0.0371566021015318,0.9315981590223774,1.0,1.0,1.0,1.0
2025-06-11,-0.3975903614457765,0.0,0.5981867678187075,0.9944371948357325,0.8517403858602878,1.0014465338822744,3.944069431051109,9.09,1.209143523337636,0.7103064642631474,-0.0662665421236591,0.1572255031939255,5.495523959978937,1.0,1.0,1.0,1.0
2025-06-12,-0.0362888593201882,0.1138952164009055,0.5996641716171918,0.9961083527834844,0.8524031258770783,0.9957699656516794,3.3824148085822467,8.92,1.1573221757322176,1.7564426315882091,-0.2399134819532909,-0.0155444343342432,0.3816438611188681,1.0,1.0,1.0,1.0
2025-06-13,-0.1573088092933106,0.2275312855517741,0.6015093227373608,0.9984471651771508,0.8535401988480114,0.9861362266425556,0.9037162162162162,2.38,1.078683954892934,1.1756959732482737,-0.1642998037648085,-0.0143179010102478,0.3526358184910051,1.0,1.0,1.0,1.0
2025-06-16,-0.6181068961338076,0.0,0.6022232987201872,0.9991505744160816,0.8532725360452238,0.9512477348645284,1.0438413361169103,2.87,1.0889400528694466,0.6475123023134582,-0.1219583208395802,0.16031984007996,4.740653169794591,1.0,1.0,1.0,1.0
2025-06-17,-0.0853658536585255,0.2270147559591429,0.6013387585995211,0.997186138193847,0.8508070522389082,0.8751684913042048,1.037581699346405,3.18,1.0978807548467522,1.0165941448673383,0.124648917542184,0.1483603947787329,17.77777777777778,0.0,1.0,1.0,1.0
2025-06-18,-0.0854387892103125,0.2265005662514196,0.6008234983610266,0.99592080936523,0.8489198654902955,0.8559395652126104,0.6644790812141099,2.08,1.0496282206467231,0.5575531814289808,-0.0864115732368897,0.0889692585895117,10.730643402399128,0.0,1.0,1.0,1.0
2025-06-19,-0.7940386024920643,0.1129943502824915,0.6005444914437297,0.9954806762473544,0.847772557313329,0.8558429224551097,0.474012474012474,1.47,1.0556062779879136,0.6137192125067827,-0.1268361918095904,-0.0849375802123439,6.151246303337558,1.0,1.0,1.0,1.0
2025-06-20,-0.8742765669252472,0.7900677200902928,0.6004040342663964,0.9957384834857488,0.8471698457548651,0.8644996954427155,0.4064352243861134,1.23,1.0507530251588753,0.9914441328103776,-0.163720696937698,-0.033878915874692,2.4452207049857098,1.0,1.0,1.0,1.0
2025-06-23,-0.223602484472063,0.8958566629339249,0.5991983987179662,0.9943316539658036,0.845139471555924,0.8275939052296701,0.6083650190114068,1.94,1.0391176977425471,0.4312657133836551,0.0557670993699233,-0.042890761405906,3.8021534320323016,1.0,1.0,1.0,1.0
2025-06-24,-0.1245019920318668,0.6659267480577213,0.5978070352294419,0.992668116700514,0.8428763644787702,0.7835177103420278,0.4561101549053356,1.53,1.0297825065162585,1.0825746882771476,-0.1315670780788838,-0.0408505500402468,2.832558139534884,0.0,1.0,1.0,1.0
2025-06-25,-0.2119172276240366,0.8820286659316334,0.5952195388755197,0.9891039045285452,0.838949725392831,0.7608062582081883,0.5188067444876783,1.8,1.0214461303721285,1.3120078196378218,0.1724079433992603,-0.0347322720694645,1.995841995841996,0.0,0.0,1.0,1.0
2025-06-26,-0.1873828856964299,0.6557377049180468,0.5927739968788929,0.985903875891992,0.8352833031414832,0.7819653179190752,0.0445235975066785,0.15,1.2421638228089842,0.7197576160464312,-0.0730453019109835,-0.143354295134013,7.399936968168925,0.0,1.0,1.0,1.0
2025-06-27,-0.1877346683354264,-1.95439739413682,0.5898682086405179,0.982053158310659,0.8310318884908325,0.8237325159426417,0.0,0.0,1.1921824104234529,2.7915339757233504,-0.2074345509528152,-0.0197763164210627,2.281284606866002,0.0,1.0,1.0,1.0
2025-06-30,-0.263322884012529,3.6544850498338777,0.5858743254541114,0.9776698347710024,0.8262620996173181,0.845114146527844,0.0,0.0,1.073793186469243,3.0130242129635176,-0.2563337656274316,-0.0259376458992581,6.218905472636815,1.0,1.0,1.0,1.0
2025-07-01,-0.3897410108121724,-0.8547008547008517,0.5817998533957158,0.9735898546342396,0.8218667063092507,0.8903809662822945,0.0,0.0,1.058167582743485,2.384098279415156,-0.1874902404782392,-0.0460124088582944,56.759776536312856,1.0,1.0,1.0,1.0
2025-07-02,-0.3029155622870205,-7.866379310344818,0.5788553244029009,0.9696412393793856,0.8192579947129106,0.9448430603841508,0.2818371607515658,0.7,1.0432341819032396,0.1690111132039942,0.0051876931046604,0.02007363416033,69.10828025477707,1.0,1.0,1.0,1.0
2025-07-03,-3.2282567413596586,-5.497076023391823,0.5744306170180871,0.9647043350455397,0.8158343582872793,0.9540684543492096,0.3556034482758621,0.86,1.0291911849544249,1.7788466009853483,0.0721476329369531,0.0694413282477002,21.15335326783426,1.0,1.0,1.0,1.0
2025-07-04,-0.0915750915750801,-3.5891089108910923,0.5693070613392828,0.9586525274029662,0.8114280193742317,0.8765203260289972,1.6112266112266111,4.49,1.0255437051656735,5.791324900018004,0.2355532998902648,0.0891989340021947,7.543917799138217,1.0,1.0,1.0,1.0
2025-07-07,-0.2618829383265741,-2.5673940949935803,0.5648839624388627,0.9538993872168202,0.8082075551414668,0.993766467450678,0.4885820499203399,1.19,0.997870398539702,1.916314695501508,-0.1246745979435803,-0.1207487476931189,8.609022556390977,1.0,1.0,1.0,1.0
2025-07-08,-0.2363135092556256,0.0,0.5612303108322944,0.9503590914845864,0.8060549070830945,1.0154525386313469,0.4013015184381778,0.95,0.9103109781816788,1.883523287261544,-0.2117113752122241,-0.0774921173902498,4.217821782178218,1.0,1.0,1.0,1.0
2025-07-09,0.0,0.1317523056653557,0.5576825828181945,0.9467542948264726,0.8038868755532954,0.9744962216624684,0.8921438082556592,1.8,0.9196560006198188,1.2165931743421905,0.0714115126410512,-0.0267818883016711,163.0434782608696,1.0,1.0,1.0,1.0
2025-07-10,5.092775365179625,0.0,0.5547291502387499,0.9419422402411112,0.8006698958796624,0.938762492026366,1.5281276238455082,2.58,0.9266921695682724,1.3943286715168692,-0.0605485422119422,0.1056668086919471,17.47357825868143,1.0,1.0,0.0,1.0
2025-07-11,8.026546456298522,-0.1315789473684159,0.5536514229221942,0.9366248455829298,0.7970535869412767,0.962772612913208,1.548936170212766,2.54,1.0642187560776382,1.6977853803660414,-0.0943986440677966,-0.0327966101694915,4.3071786310517535,1.0,1.0,0.0,1.0
2025-07-14,4.219311464008357,0.0,0.5545797471030234,0.932266230324515,0.7942619878701185,0.9665002788243134,1.7708333333333333,2.87,1.0604651162790697,2.7151910177957954,-0.2434343749999999,-0.0561197916666666,36.21848739495798,1.0,1.0,1.0,1.0
2025-07-15,9.209209209209202,-0.2635046113306893,0.5584758149748602,0.9282917759137332,0.7916570855751947,0.9887075164739014,1.8423383525243573,2.88,1.0567378625777295,3.1769370552804417,-0.3170968907379023,-0.1024742719509524,6.161948650427913,1.0,0.0,1.0,1.0
2025-07-16,-0.3768204501476746,0.1321003963011824,0.5621658913234996,0.9241848587947996,0.7888949869790605,0.9372548479885492,2.1160409556314,3.64,1.0555811454015047,0.8697259066966263,-0.064066063126988,0.0926514966152842,7.872487872487872,1.0,0.0,1.0,1.0
2025-07-17,0.0920057248006589,-0.263852242744067,0.5656180963563564,0.9192740974293744,0.7855007438018109,0.9459964819457334,2.145716573258607,3.92,1.0635459154500055,2.922903159706899,-0.30349519532066,0.0658032170461667,8.24607329842932,1.0,0.0,1.0,1.0
2025-07-18,0.0204269226841136,0.1322751322751392,0.5685066276039079,0.9131327633971328,0.7811240159619977,0.9396759834224075,2.273062730627306,4.57,1.0588457899716175,1.4659330109341306,-0.0970843890478136,-0.0378013894564773,6.537102473498233,0.0,0.0,0.0,1.0
2025-07-21,0.0408455018890974,-0.264200792602387,0.5722763683062857,0.9082250296039572,0.777832365449594,0.9631061433733928,1.904090267983075,3.93,1.0511683822976932,2.261309922610045,-0.2401717699775952,-0.1211725168035847,10.678733031674208,0.0,0.0,0.0,1.0
2025-07-22,0.0102072062876379,-0.1324503311258218,0.5768775113178896,0.904532293041837,0.7755851588496949,0.9523809523809524,2.0039551746868822,4.48,0.8131370328425821,1.724671741367361,0.1370896104974669,-0.0712565401544722,6.402985074626866,1.0,0.0,1.0,1.0
2025-07-23,0.3470095937946338,0.2652519893899141,0.5817550927063738,0.9011930365824694,0.7736531710305986,0.9467090789344618,2.089735709895513,5.03,0.8112620475070198,2.8728708013743502,-0.2931498357963875,0.0309523809523809,4.029930518439337,0.0,0.0,0.0,1.0
2025-07-24,0.3559804719283965,-0.6613756613756627,0.5862956630821496,0.897111146401742,0.7711358263949251,0.9296584613226734,2.057522123893805,5.61,0.6296267435517806,2.4265323438615485,-0.2914151279992864,0.1093568816341093,14.39812096300646,0.0,0.0,0.0,1.0
2025-07-25,0.3648525387655921,0.133155792276951,0.5909654730465025,0.8928055249288812,0.7684435572215529,0.956554717458177,1.783375314861461,5.2,0.6384,1.757474128637,-0.2648195525291828,0.010578793774319,0.7901907356948229,0.0,0.0,1.0,1.0
2025-07-28,0.1716651519741541,0.3989361702127603,0.5950876074614839,0.887453606349396,0.7648854964007127,0.9395821887898126,1.8140174072377464,5.94,0.6524938675388389,1.8633422061477205,-0.1925962210675484,0.1298063297118564,6.741903827281648,0.0,0.0,0.0,1.0
2025-07-29,0.131048387096766,0.2649006622516658,0.5991865935539437,0.8817085306780654,0.7610193280139966,0.94471252494092,1.6631667366652667,5.93,0.6672240802675585,0.7605073989443882,-0.1374006661442006,0.0517241379310344,0.9858103061986556,0.0,0.0,1.0,1.0
2025-07-30,0.3724957213329327,0.0,0.6040709854081374,0.878736973583031,0.757900000321975,0.982799584572266,1.2504978096375947,4.55,0.6826347305389222,2.37393576037652,-0.2205437292286164,-0.0904320447787301,6.388631448872413,0.0,0.0,1.0,1.0
2025-07-31,0.4112337011032974,0.1321003963011824,0.6103522695611429,0.8764567937105356,0.7553604169886418,0.9964117739560548,2.5677101653183256,10.47,0.6987740805604203,1.962945267220728,-0.2088139047772496,0.0270683960364134,6.125797629899727,0.0,0.0,1.0,1.0
2025-08-01,0.489461592248519,0.1319261213720279,0.6173596856423295,0.8751394411957593,0.7536619671168897,1.0974985787379192,1.6581371545547594,6.29,0.6727526195080272,7.914375920489982,-0.5098180006243546,-0.1057800830871935,15.777220630372494,0.0,0.0,1.0,1.0
2025-08-04,4.304174950298223,0.0,0.6264812605010864,0.8743863809321057,0.752424573049093,1.2320241606570796,1.3329019734713683,4.72,1.1095061839848337,2.5245487506073827,-0.4067659123055162,-0.086987270155587,5.976452999439357,0.0,0.0,1.0,1.0
2025-08-05,4.269513008672443,-0.5270092226614009,0.6372526273594841,0.873613462724034,0.7511720968563439,1.3153414640953365,1.0663360198388097,3.65,1.1447841726618706,2.5297332202885072,-0.5126343370897223,-0.1442822833918344,6.642097802976612,1.0,1.0,1.0,1.0
2025-08-06,2.8699387624531614,0.0,0.6501278186034526,0.8743960448118298,0.751303555018048,1.340912523513339,1.229946524064171,4.24,1.23200356585692,0.7925029289386614,-0.2774528985507247,-0.0491143317230273,1.361607142857143,1.0,1.0,1.0,1.0
2025-08-07,2.7898711683696176,0.0,0.662592278062912,0.8752839276947126,0.7515519333964263,1.2652239148947677,1.1565017261219792,4.29,1.2586549062844543,0.515583831147409,0.1324993465057277,0.0498193280541247,1.569767441860465,0.0,1.0,1.0,1.0
2025-08-08,1.7633330452070162,0.0,0.6733423228056413,0.8758575294844217,0.7516664300407216,1.263872255489022,1.272475795297372,4.84,1.4172335600907031,0.4281269751859335,-0.1030320985885218,0.0192734828401518,0.7078947368421052,0.0,1.0,1.0,1.0
2025-08-11,0.993799371443127,0.0,0.6824404564600663,0.8753936634510191,0.7509405286426348,1.2032029404043056,1.3237639553429028,5.43,1.277186889515954,0.3798317402474805,-0.0601220695230396,0.0092253554615055,0.5562724014336917,0.0,0.0,1.0,1.0
2025-08-12,0.6139613120269116,-0.1324503311258218,0.6902347345421351,0.8764143938990753,0.7516561948902778,1.2486433407411237,1.289002557544757,5.22,1.2333809709410593,1.7293108557679349,-0.4422085259373394,-0.1599530413089735,5.304781603601412,0.0,1.0,1.0,1.0
2025-08-13,0.1253866087101984,0.0,0.6981739723952802,0.8774060655827999,0.7524203820153921,1.235798336376547,1.1922503725782414,4.93,1.1811603622340656,0.2236267266733548,-0.0520746408286,-0.0346140995656531,1.0493264458624532,0.0,1.0,1.0,1.0
2025-08-14,-0.1252295875772247,0.0,0.7062759815826855,0.8786963608285407,0.7534382216371921,1.2262214315040372,1.1479777185759263,4.81,1.141888072357264,0.9692298228181696,-0.3777057517210749,-0.0970464135021097,1.5364331546101784,0.0,1.0,1.0,1.0
2025-08-15,0.3176460753991472,-0.132625994694957,0.7150244459561499,0.8806907009478809,0.7550740587730292,1.1996484546652997,1.1074144486692017,4.74,1.3713989994824909,0.6997306803454525,-0.3382819538670285,-0.0310719131614654,0.4144421319337616,0.0,1.0,1.0,1.0
2025-08-18,0.1083243063078054,0.2656042496679944,0.7228167557431985,0.8815317444640293,0.7557114423578013,1.174805718123381,0.9983671565197108,4.37,1.3601950468369048,0.3744044493882091,0.0971529402709359,0.0494919950738916,1.411635565312843,0.0,1.0,1.0,1.0
2025-08-19,0.4494756117862541,-0.1324503311258218,0.7310060437669237,0.8825271733667428,0.7565021752942297,1.181508057875544,0.9447004608294932,4.08,1.2383275847564563,0.4175203410160563,-0.1289190301120448,-0.0125175070028011,0.3406789755807028,0.0,1.0,1.0,1.0
2025-08-20,0.422605236990381,0.2652519893899141,0.7407696403074157,0.8852955548111998,0.7588514171228267,1.2003132052876422,1.006604418127989,4.24,1.2176862307151426,0.9685690676112476,-0.2565065091429001,-0.2550229513131161,5.573554806348162,1.0,1.0,1.0,1.0
2025-08-21,2.351679181450628,0.2645502645502784,0.7521123966489662,0.8889427390734363,0.7619489631213977,1.210212574513553,1.007226738934056,4.14,1.1669420155538544,0.6873912184028034,-0.2389216921692169,-0.1765176517651765,2.3297254487856387,1.0,1.0,1.0,1.0
2025-08-22,10.722347629796849,0.0,0.7677087261953235,0.8921874700316813,0.7647090784331139,1.175007155280597,0.915824915824916,3.82,1.3928806600302128,0.1630993742319464,-0.0835487473588892,-0.0787805614246906,0.6623945181143329,1.0,1.0,1.0,1.0
2025-08-25,2.3081403815348622,0.1319261213720279,0.7829149306345377,0.8941229085593527,0.7669603288008691,1.0584759245430049,0.9615384615384616,4.4,1.6945308212913848,1.217361297836022,0.4045769972156778,0.1854786892268151,2.2489125495033435,1.0,1.0,1.0,1.0
2025-08-26,-0.5195359760871043,0.0,0.7974659220430592,0.8956096715613422,0.7691100566280775,1.019777503090235,0.923900914974336,4.33,1.644186207373591,0.2401456122783667,0.0516786854993257,0.1132088863652494,2.2669130187606594,1.0,1.0,1.0,1.0
2025-08-27,-1.1231935899270185,-0.1317523056653446,0.810586812933075,0.896200061052512,0.7707013094694835,0.9805365597054182,0.892620415377817,4.33,1.5269382391590014,1.0363758412826134,0.311044649646931,0.1501357957631721,2.371310912834592,1.0,1.0,1.0,1.0
2025-08-28,-0.8465378771434939,0.1319261213720279,0.8242180994015383,0.8978052291547625,0.7733114789610088,1.0056735087591924,0.8953168044077134,4.02,1.3900050226017078,0.6249374195214815,-0.1632779006055945,0.0220128808997404,0.3893564566862195,1.0,1.0,1.0,1.0
2025-08-29,0.93403385872739,-0.1317523056653446,0.8370358173474726,0.8983365069747604,0.7749857814254535,0.9587293749742828,0.997920997920998,4.64,1.121495327102804,6.542460852463387,0.4482702969753526,0.1678651808750068,14.223255813953488,1.0,1.0,1.0,1.0
2025-09-01,-2.4219201850780747,0.2638522427440559,0.8447259412066643,0.8959688407426875,0.7743377588265835,0.8907640854129149,1.1304347826086956,5.71,1.1373365041617125,13.512142404854655,0.3217063789012593,0.0371874429640445,8.642629904559916,1.0,1.0,1.0,1.0
2025-09-02,-2.348670074831438,0.0,0.8493591665713304,0.8930320132824148,0.7731860882107273,0.9372422892957284,1.1748878923766817,5.76,1.44519605595047,35.02182309277416,0.1645858217689349,0.0570473165022571,15.77438742487286,1.0,1.0,1.0,1.0
2025-09-03,-0.7738998482549442,0.0,0.8521985032724064,0.8896231839391247,0.7716251393857767,0.954497529511484,1.1313220940550133,5.52,1.4960651663675273,0.977604959971516,-0.029404011786038,0.0523572076155938,2.968197879858657,1.0,1.0,1.0,1.0
2025-09-04,-2.339807309986241,0.0,0.8545815762804795,0.8879637859047266,0.7715844233450607,0.9413201668581602,1.088913282107574,5.45,1.4037526059763723,7.524188538920887,-0.0958179329226557,-0.0744108731788403,8.931924882629108,1.0,1.0,1.0,1.0
2025-09-05,-0.7751331036642606,0.0,0.8556934546146733,0.8860517225765558,0.7712432600340987,0.9357781029169132,1.0015374478365913,5.06,1.3671742808798646,3.4385908997898693,0.1326463337547408,0.0605246523388116,4.213421342134213,1.0,1.0,1.0,1.0
2025-09-08,-0.7654067702990597,0.3947368421052699,0.852987316719591,0.8809377303382225,0.7679387111568373,1.8828522082408088,1.661695781849169,4.09,1.3182978938585623,4.9478798564938975,0.0443897091132788,0.137446172774409,15.878172588832488,0.0,0.0,1.0,1.0
2025-09-09,-2.512722646310439,0.3931847968545288,0.8492783630053976,0.8760328711377048,0.7647939264020227,1.4418694105202423,1.4297658862876257,4.56,1.332713163112928,1.9076427799069724,0.0279452141763453,0.019867796989954,1.9129809421071555,1.0,1.0,1.0,1.0
2025-09-10,-0.440456769983677,0.1305483028720688,0.8450608227109344,0.8708329428608532,0.7613541838084339,1.5159539749734254,1.498371335504886,4.53,1.3542994758464373,2.283250206014223,0.079332012707905,0.0090450383105961,0.4072702793672164,0.0,0.0,1.0,1.0
2025-09-11,-1.048664591184667,-0.2607561929595769,0.840915552440664,0.8660716815995919,0.7582971267513768,1.3385374394703484,1.4226107689250944,4.88,1.4138532255508005,1.091534981760853,0.0775732877130812,0.0603042707887823,1.4361586031284104,1.0,1.0,1.0,1.0
2025-09-12,-0.2483854942871288,-0.1307189542483766,0.8364434898091704,0.8611870117501018,0.7551339935583036,1.29539184085288,1.3773035887487877,4.89,1.425797866538688,1.1465757636587477,-0.1271770330570986,-0.1049084782806666,1.796911558259242,1.0,1.0,1.0,1.0
2025-09-15,-0.1328021248340083,0.2617801047120505,0.8326620006788439,0.8571775637639096,0.7527129246488625,1.2439361832542335,1.414331389881512,5.29,1.4608906950437806,1.4491575797104976,0.2068981768145854,-0.0536635706914344,0.7992485697207754,1.0,1.0,1.0,1.0
2025-09-16,-0.390625,-0.1305483028720577,0.8273829863467321,0.851863687538529,0.7491520653180916,1.2584219515753876,1.3328464487858316,4.98,1.5533670906263706,1.051654940881229,0.1033639316480723,-0.0074142070329049,0.17873861605243,0.0,1.0,1.0,1.0
2025-09-17,-0.5089695452649146,-0.1307189542483766,0.8208714376831943,0.8455730733781536,0.7447445770503912,1.1910737069803206,1.3020277481323372,5.19,1.4817632069372075,0.8676406744080027,0.1601373036501299,0.1214826534071646,1.3260963424412509,0.0,1.0,1.0,1.0
2025-09-18,-0.2096611875209708,0.1308900523560252,0.8127990520622792,0.8387454181493954,0.7398529512333978,1.0713717210814253,1.2859618717504333,5.8,1.4158520187520445,1.1283159297524128,0.1020256060753578,-0.0151883945088112,0.3532208762594815,0.0,1.0,1.0,1.0
2025-09-19,-0.3697789730229384,-0.6535947712418388,0.7998130405845173,0.8317799744109244,0.7348234164926721,1.052054339246396,1.2592592592592593,5.91,1.3605966177654845,0.3635082132074376,0.0394078256450793,0.0176726328270566,0.3383600886438571,0.0,1.0,1.0,1.0
2025-09-22,-0.0506115563053577,0.1315789473684381,0.7868482038109849,0.8258286642074403,0.7300392267693521,1.133324074149721,1.235660439200262,5.44,1.3050893709919498,2.85043086722561,0.2899230691722504,0.1052949770769308,2.21644838008378,0.0,1.0,1.0,1.0
2025-09-23,7.317073170731714,0.0,0.7763776936284883,0.8196143221755563,0.7247198098350623,0.986590580266572,1.2141491395793498,6.24,1.2676900536112683,3.540579858265504,0.3215455984919886,0.0659754948162111,1.84074892184706,0.0,1.0,1.0,1.0
2025-09-24,0.1258257313620614,-0.1314060446780618,0.7674723780138704,0.8144315979230645,0.7200852583400457,0.9293534410264214,1.1512800620636152,6.39,1.2328744860314311,1.4356213934638185,0.2040366812227074,-0.0498398835516739,1.0205054840247971,0.0,1.0,1.0,1.0
2025-09-25,0.1178133836003736,0.263157894736854,0.7580733732838744,0.8083826917346532,0.7145541586159622,0.9315516857860116,1.112118464792989,6.28,1.209174137548706,1.7564567085300216,0.3317517222563263,-0.0248277743673692,0.449854785886424,0.0,1.0,1.0,1.0
2025-09-26,0.1019847807327112,0.0,0.7508218977231613,0.8049192956441387,0.7112921190409236,0.9264853977844916,0.935080405002978,5.33,1.172603413053162,1.1132313548305368,0.1596318114030056,-0.0785820809911666,2.3309230114844746,1.0,1.0,1.0,1.0
2025-09-30,0.1802507836990541,-0.5249343832021025,0.7465348433141556,0.8032246427360711,0.7095380540002733,0.921628194270708,0.8354317878832765,4.75,1.1240721102863205,0.0900872918858568,-0.0070195363755649,-0.0672474121592068,4.05717427157779,1.0,1.0,1.0,1.0
2025-10-01,0.0782288977548395,-1.055408970976257,0.7438026523095056,0.8020520039177365,0.7082463108093077,0.9348248355073744,0.7761813064731151,4.3,1.0077964952616765,1.1233390999147252,-0.1392778623840509,-0.2197147999446213,15.06049822064057,1.0,1.0,1.0,1.0
2025-10-02,0.0859845227858979,-0.1333333333333297,0.7410709039115423,0.8005129451989786,0.7066257273001214,1.0565519945114183,0.7725321888412017,3.72,1.0150819672131148,0.2169239999490089,0.0240948233861144,-0.1018270401948842,16.069197501201344,1.0,1.0,1.0,1.0
2025-10-03,0.1171508903467621,-0.4005340453938633,0.7383314681207469,0.7979021239960125,0.7040614788597399,0.9815668544872794,0.7880755608028335,4.04,1.0521933853927423,0.5353374667502445,0.0486025665219852,0.0764295150028307,7.261317794710892,1.0,1.0,1.0,1.0
2025-10-07,0.2730322178017053,-0.2680965147452974,0.7347561060428632,0.7939770888966258,0.700352064834764,0.846218351404234,0.8425980105324751,5.01,1.0736720260865882,3.109631000215304,0.1843503111867652,0.0501622426724825,6.323554065381392,1.0,1.0,1.0,1.0
2025-10-08,0.1711529484985208,-0.1344086021505486,0.7349853658188162,0.7936245447680451,0.6998664374278454,0.8745186743023141,0.9120521172638436,5.33,0.994902932902543,0.9028907383383944,0.0906237895779849,0.1039949556366256,22.88404360753221,1.0,1.0,1.0,1.0
2025-10-09,0.2019260639950504,-0.1345895020188448,0.7343178851377203,0.7912065706603946,0.6976314660298593,0.8778198659653105,0.9704703962012168,5.71,0.9908509321042857,3.168670687923158,0.3112073914878919,0.155159841885098,16.18170902541525,1.0,1.0,1.0,1.0
2025-10-13,0.1472639900790495,0.269541778975757,0.7355493897380555,0.7905592402229351,0.6969570808330197,0.8901321289878966,0.8879556022198889,5.2,0.9125828719841432,0.6812955611677318,-0.0691860017123287,-0.1019691780821917,20.075853350189632,1.0,1.0,1.0,1.0
2025-10-14,0.162526120269324,-0.2688172043010861,0.7374561106182277,0.7901210675369749,0.6964775039109649,0.8519958733433854,0.8991825613079019,5.53,0.8741841221290658,0.2137389702811557,-0.0185554668794892,0.0538517082810777,10.11059579022476,1.0,1.0,1.0,1.0
2025-10-15,0.185442744552633,-0.4043126684636133,0.7378056026454092,0.7879150526005555,0.6944210045501359,0.8584645637562257,1.0690490611750454,6.63,0.9523031688990526,2.1141604435031573,0.2565748467106173,0.0912820985662256,6.672283066554338,1.0,1.0,1.0,1.0
2025-10-16,0.5552984729291888,-0.135317997293638,0.7357152459701962,0.7829019820887905,0.6899106351729258,0.996328546364286,1.552132701421801,8.54,0.9384108305412548,4.987722829540306,0.3187221750533009,0.1161487519103413,9.803328290468986,1.0,1.0,1.0,1.0
2025-10-17,0.4908728332566392,-0.1355013550135453,0.7337847330570664,0.7777955240188369,0.6853076537148558,0.947514789491439,1.8808510638297875,11.51,0.8470957700307158,2.068784713512424,0.1772602990610872,0.021444302770372,1.361395246154978,1.0,1.0,1.0,1.0
2025-10-20,0.2823996336436929,0.0,0.7313541265481907,0.771906396799902,0.6799982454308322,0.8618686636522437,1.97411003236246,14.2,0.8605175919993314,0.6629371753660156,0.1012918619340641,0.0938506051591344,3.1085914827562933,1.0,1.0,1.0,1.0
2025-10-21,0.2054950909506026,0.4070556309362372,0.7301160420836356,0.7671711780970363,0.6756535998803044,0.8378664185102153,1.7439751230888831,13.59,0.881342569127668,1.411611631645122,0.2130570031946422,-0.026249951887918,0.9441406520384856,1.0,1.0,1.0,1.0
2025-10-22,0.1898830320522515,0.1351351351351226,0.7294219701543457,0.7628196389321474,0.6716233956742695,0.855622294094495,1.5685782406826454,12.5,0.8859282033763203,1.4392266794962496,0.3263604071908165,-0.0654645873944119,1.870793036750484,1.0,1.0,1.0,1.0
2025-10-23,0.1819422333409148,0.2699055330634303,0.7287887773119913,0.7585320465038718,0.6676266639380968,0.9112218498775893,1.6085271317829457,12.65,0.9016157782761198,1.8901341916908565,0.4306079551465143,0.0519411826933248,1.662012355081662,1.0,1.0,1.0,1.0
2025-10-27,0.2951191827468724,-0.1345895020188448,0.7250791731519575,0.7535744604555503,0.6630584514084708,0.9581747721956498,1.6026165167620603,12.5,0.7977923462161808,1.1360440297732517,0.1503227953946098,0.0302630732617225,1.709665697674419,1.0,1.0,1.0,1.0
2025-10-28,0.248981439565421,-0.1347708894878674,0.7207941462302023,0.7479499330182723,0.6579271648922604,0.9332655529650988,1.6285329744279946,13.64,0.9108478527064308,1.3715720617554812,0.2693727593572955,-0.0078944924305749,0.2907473918248674,1.0,1.0,1.0,1.0
2025-10-29,0.4440430495973535,0.0,0.7139334838078094,0.7395973206853247,0.6504218507809272,1.1108590177667632,1.599397266171564,11.67,0.9207641716254306,1.0301579862678885,0.1002204782739542,-0.0891728592263351,9.388252498172069,1.0,1.0,1.0,1.0
2025-10-30,0.6593735950846558,-0.2699055330634303,0.7052369681985445,0.7291652495205044,0.6410942509152004,1.0952472044936783,1.722488038277512,13.43,0.930898783227538,1.6345907311288892,0.1557368443717164,0.0104642149685642,0.966010733452594,1.0,0.0,1.0,1.0
2025-10-31,0.7146047342563744,0.0,0.6935977405562681,0.7156525986212682,0.6289220533295882,1.0587642829854478,2.2509533996837505,19.85,0.9349667824708966,1.8373407547703324,0.1647686077902043,0.1011514517106495,6.325581395348837,0.0,0.0,0.0,0.0
2025-11-03,0.4951958610495133,0.1353179972936491,0.6819915881297132,0.7020783056390745,0.6166742853611109,1.0418929604880127,2.0193708751178536,19.65,0.9399941786540436,0.8692878729965949,0.1105015614326144,-0.0354737972089392,1.5197282466684088,0.0,0.0,0.0,1.0
2025-11-04,0.5515922629991898,0.2702702702702675,0.6716761654592651,0.6897627685099523,0.6054407260778766,0.9951552347205248,1.6991576413959086,18.71,0.9295435607814092,1.3509955563087888,0.1937334484002267,0.0234169715080632,0.837170749677657,0.0,0.0,0.0,1.0
2025-11-05,0.4534815681685122,0.4043126684636133,0.6621693453782727,0.6782513459991855,0.5948460355848509,1.0190394343985612,1.3057471264367817,14.81,0.9390051907159448,1.2772892574401375,0.2245884196388598,0.0060886434860468,0.2009852216748768,0.0,0.0,0.0,1.0
2025-11-06,0.3276539973787518,-0.2684563758389324,0.6545684254048744,0.6687533041754954,0.5860084410628185,1.0915862775036849,1.1908621960206338,13.07,0.8813280111512387,0.3733120978175987,0.0839143857415658,-0.084699236155315,2.6146760822843107,0.0,0.0,0.0,1.0
2025-11-07,0.2685245663691216,0.0,0.64790639008044,0.6601874235412355,0.5779487832721943,1.0517133517195196,1.1109528557185586,13.07,0.7737624481495231,0.1639797720923204,0.0451299493384486,-0.0087551030446116,0.2580084070155095,0.0,0.0,1.0,1.0
2025-11-10,0.296757382744639,0.1345895020188559,0.6421889469548823,0.6526228965678971,0.5707141402884408,1.0389541839679075,1.0840631680573751,13.31,0.8580987994489274,0.9682802005308926,0.2330856688882023,-0.0477997969722381,2.497693726937269,0.0,0.0,1.0,1.0
2025-11-11,0.2309302157754045,0.0,0.6353033496523774,0.6438148522519048,0.562396804318458,1.029051329579296,1.0511572066964583,13.45,0.858850880106277,0.616580963347213,0.1864859654697595,0.0035483529287151,0.1204927614423163,0.0,0.0,1.0,1.0
2025-11-12,0.2159982720138398,0.1344086021505264,0.6277849488103051,0.6343501595173786,0.5534865993881758,1.0283005667109777,0.9932747025349198,13.06,0.8677124402315242,0.8069099674193326,0.2907360583589558,0.0428046060167601,1.3635490685615517,0.0,0.0,1.0,1.0
2025-11-13,0.3017458150729402,-0.1342281879194606,0.6215169482278797,0.6261930260206425,0.5457532227774059,1.075727986807273,0.9673153221235594,12.39,1.074663113689643,0.3689769468883536,0.1020149068914606,-0.0135733676239462,0.6994723278929931,0.0,0.0,1.0,1.0
2025-11-14,0.2148843206073891,-0.6720430107526987,0.618915622209163,0.6219399089965572,0.5414049492420404,1.0527778501515508,0.9432206019236736,12.54,1.008926294312675,0.337242750281203,-0.0782271408872616,0.0044220436498502,0.8916586768935763,0.0,1.0,1.0,1.0
2025-11-17,0.3216353370023794,-1.4884979702300294,0.6173921528214078,0.6188772466588948,0.5380789752160664,1.023056504918374,0.9116738727609636,12.51,0.8381175014610334,1.3290104130395068,0.2561588826189618,-0.016848761355905,11.37837837837838,0.0,1.0,1.0,1.0
2025-11-18,0.3134796238244419,-2.472527472527486,0.6172888388679194,0.617260676891453,0.5359610682393222,0.986040729645968,0.8593363051015354,12.15,0.961777716339508,0.901651005433962,0.1629912067696835,-0.0210080941869021,5.3514526710403,1.0,1.0,1.0,1.0
2025-11-19,0.4687499999999955,-1.9718309859154903,0.6172912010244582,0.6156024307620851,0.533808409283322,1.0117044685897272,0.6717862271336704,9.11,1.1263769415090763,1.5184139943076207,0.1798411821636805,-0.020584000188844,7.504302925989672,1.0,1.0,1.0,1.0
2025-11-20,0.4453555775484119,-2.298850574712641,0.6150479629735763,0.6116375125575092,0.5296941984199581,1.0359626802374895,0.6718151566522258,8.76,1.1233752836806272,0.9187177187745,0.1149836692323273,0.0124822766862467,15.85209003215434,0.0,1.0,1.0,1.0
2025-11-21,0.2815117179252535,-2.0588235294117574,0.6154247450261102,0.6102322542819502,0.5277446573595148,1.052560760238836,0.5950034962812282,7.48,1.1156677362343213,0.2924998997651457,-0.0385579831932773,-0.0824708830900781,12.710747557373324,1.0,1.0,1.0,1.0
2025-11-24,0.3579198540248463,-2.1021021021021102,0.6166655649434147,0.6097669013597484,0.526562909023689,1.0408866006953732,0.6071152358855375,7.56,1.1019630524274486,0.2985659669745598,0.0381319555793099,0.1169606271156244,56.15110477548111,1.0,1.0,1.0,1.0
2025-11-25,0.2447552447552459,-2.7607361963190136,0.617747926222344,0.6091481751770178,0.5252476729422687,1.0906564779437304,0.62487718608764,7.23,1.322848903494065,0.2971663774297001,0.0504157499999999,-0.035625,8.189655172413792,1.0,1.0,1.0,1.0
2025-11-26,0.1325427275898238,0.0,0.6205510572360227,0.6104690780739855,0.5256026529183441,1.123341847243965,0.6565891989079043,7.23,1.2442587341856108,0.256639352448792,0.0491791952894995,-0.0678606476938174,72.59842519685039,1.0,1.0,1.0,1.0
2025-11-27,0.2508011704054791,0.6309148264984188,0.6219124744449886,0.610694033484928,0.524903573622128,1.2194803499151323,0.7603014051999186,7.49,1.2118923710866316,0.1731379096980238,0.0163490595942518,-0.1110524091293322,19.5126479461592,1.0,1.0,1.0,1.0
2025-11-28,0.1737317581653963,0.4702194357366851,0.6259843698698252,0.6138741879709648,0.5267045639172361,1.3001132139100553,0.7104643697838647,6.15,1.170553864683192,1.4214402086352271,-0.1609563918525703,-0.074568380213385,3.2745549024618787,1.0,1.0,1.0,1.0
2025-12-01,0.3052375997225187,0.4680187207488417,0.6305508636138273,0.6176452781985707,0.5289212061393376,1.1566858732366383,0.7394630268486575,6.77,1.145671834625323,1.70072855676863,0.1776105057675243,-0.1626974267968056,6.165848409442464,1.0,1.0,1.0,1.0
2025-12-02,0.1729026903658725,0.3105590062111751,0.6336420074205347,0.620035965141797,0.5299735119723581,1.1744984842906716,0.7827788649706457,6.67,1.1134800660457511,0.2971124134682178,0.032706275089795,0.0052820621170504,0.1597137928831534,1.0,1.0,1.0,1.0
2025-12-03,0.1173708920187754,0.3095975232198178,0.6360823028771917,0.6218563033374674,0.530543696865046,1.1391220266872946,0.8049585446349513,6.79,1.1092196324874712,0.9397966137844092,0.1350482334869431,0.0075576036866359,0.1563493072327443,1.0,1.0,1.0,1.0
2025-12-04,0.2275705123784721,0.0,0.6385128022024279,0.6236687189919884,0.5310819334822299,1.0934644036556331,0.7810043848763134,6.63,1.0716198758546809,1.972128071057396,0.2736356966845878,-0.026377688172043,0.6692242114236999,1.0,1.0,1.0,1.0
2025-12-05,0.1513692032475644,0.3086419753086433,0.6397873482253327,0.6244184892800518,0.5307024019998539,1.0915123198441568,0.7981659166171351,6.55,0.947374988302087,1.9595596265900508,0.3865206702275554,0.0247311041194117,0.4985250737463126,1.0,1.0,1.0,1.0
2025-12-08,0.1992305578455644,0.6153846153846176,0.6401709483635338,0.624434718693849,0.5296210614493528,1.1202202232317455,0.8619188577398573,6.65,0.9535902875636836,1.596864467187896,0.1775621239533807,-0.0269701687213363,0.9772831224271992,0.0,1.0,1.0,1.0
2025-12-09,0.2468289338361406,0.6116207951070374,0.6401730316968671,0.624184718693849,0.5282247895195283,1.228501591380698,0.9117673298242484,6.14,1.0050405233564677,0.2793951949827459,0.026990500463392,-0.018574297188755,0.7039367774037758,0.0,1.0,1.0,1.0
2025-12-10,0.2530606661651058,0.1519756838905817,0.6394899015111964,0.6232817476029775,0.5262628515538877,1.1401407886786683,0.9817850637522768,6.88,0.9317393684979012,2.184276454087428,0.2833825664621677,0.0331288343558282,0.944055944055944,0.0,1.0,1.0,1.0
2025-12-11,0.2183108200300099,0.3034901365705611,0.639377453574516,0.6230511142745028,0.5248070838435254,1.106213810388039,1.0450116009280743,7.33,0.9334857142857144,1.2631761322157582,0.1859730450573147,0.087050278061514,2.576202871777647,0.0,1.0,1.0,1.0
2025-12-12,0.1497617426820863,0.1512859304084735,0.6381464497215295,0.621726955817543,0.5223944082096283,1.0224016577941335,0.992598215980262,7.31,0.9321221527365682,0.8547073623544338,0.1750598447113976,-0.0195575739818341,0.4352432961121525,0.0,1.0,1.0,1.0
2025-12-15,0.2039151712887266,0.0,0.6377464497215295,0.6212232262138134,0.5206628425530627,1.016795536295919,0.9856422196352348,7.08,0.8465496368038741,0.811452667887529,-0.106025422798155,-0.126784537667472,3.261990534717808,0.0,1.0,1.0,1.0
2025-12-16,0.2849002849002913,-0.151057401812682,0.6372817396575506,0.6206258767672816,0.5188785224555711,0.9724591591022376,1.0150078988941549,7.42,0.8463703210578873,1.8376981023042125,0.1880393110871905,0.0284607104413347,1.0228239845261122,1.0,1.0,1.0,1.0
2025-12-17,0.1149891774891775,-0.1512859304084846,0.6359077116759544,0.6192057298090659,0.5164315741625111,0.9520155693050314,0.8716465543033808,6.4,0.9467922182292378,1.6562703363848663,-0.2139752541184718,-0.0224325271643883,0.5172553139901398,1.0,1.0,1.0,1.0
2025-12-18,0.1351260049996749,-0.3030303030302939,0.6373580052279332,0.6206111908881226,0.5163809971810353,0.9562659562659565,0.9090909090909092,6.56,0.95727066972491,0.6879341787183513,-0.0652713799805636,-0.0341350826044703,0.8370568960381293,1.0,1.0,1.0,1.0
2025-12-19,0.3171176034005851,-3.1914893617021267,0.6356616453442668,0.6188998358516902,0.5137692137116666,0.925992530087149,0.918244059605316,6.81,0.9482929205290958,0.7375232574630342,0.0539792099792099,0.0073198198198198,0.3230739820302045,1.0,1.0,1.0,1.0
2025-12-22,0.2286790422383555,-2.8257456828885363,0.6338112788113812,0.6170106762153562,0.5110825020645211,0.94035638763182,0.91000807102502,6.61,0.9500861635124211,0.301006476318004,0.0293768553012832,0.0466560227071137,1.1592712312665294,1.0,1.0,1.0,1.0
2025-12-23,0.1878942423835683,-2.9079159935379795,0.6318360052465907,0.6150362474830071,0.5083331105450296,0.9140488355758768,0.9547840129188536,7.13,0.9230769230769232,0.1434593890590102,-0.013792143727162,0.053714981729598,1.4854736842105265,1.0,1.0,1.0,1.0
2025-12-24,0.1875418620227664,-4.159733777038266,0.6307316942890631,0.6138246944109291,0.5062875305631656,0.8977986336346698,0.9490084985835694,7.21,1.0337358784573432,3.507644096360861,-0.2373030902091353,0.0153469982311934,0.5786015494753358,1.0,1.0,1.0,1.0
2025-12-26,0.2005615724027132,-3.472222222222221,0.6306770269068468,0.61347988222013,0.5051441335369051,0.8571508162014596,0.9305654974946314,7.39,1.0237344502486392,0.2883712711602024,0.0217202502777615,0.0922168294251798,7.142210144927536,1.0,1.0,1.0,1.0
2025-12-29,0.2068321323725586,-0.7194244604316502,0.6291901248419041,0.6116346748144585,0.5028663514191887,1.1465464462625925,1.022390348635109,6.07,1.0219277488562866,0.0053662457723172,-0.0003135209066041,-0.0708870652598671,8.421541318477251,1.0,1.0,1.0,1.0
2025-12-30,0.0932152606698322,-0.3623188405797006,0.6271741992240651,0.6092498124250344,0.5002133295320856,1.2186108606938126,1.021659174499387,5.65,1.018191045628281,3.237877849872073,-0.2295005292405398,-0.0322836729293463,46.0377358490566,1.0,1.0,1.0,1.0
2025-12-31,0.1197365795250204,5.0909090909091015,0.6255224611247715,0.6071793887210202,0.4978787514235325,1.3206831119544593,1.046831955922865,5.26,1.0502210489488248,4.778802382070516,-0.2130036361691888,-0.0928292604673547,16.748673420164014,1.0,1.0,1.0,1.0
2026-01-02,0.1926782273603322,0.1730103806228289,0.6230856952739201,0.6043479256696679,0.4949224787855041,1.3833947481990505,1.0647394136807815,5.02,1.0297029702970295,4.636053024986906,-0.1124562533548041,0.0187456129485115,5.21239954075775,1.0,1.0,1.0,1.0
2026-01-05,0.2917771883289122,0.172711571675288,0.6199111804764901,0.6008484083754836,0.491414805427536,1.2652509677714163,1.0515651909634285,5.36,1.032317991095737,4.713662181296415,0.0929476943346508,0.0198945981554677,11.075794621026896,1.0,1.0,1.0,1.0
2026-01-06,0.4694525257868065,0.172413793103443,0.6163881123843612,0.5969361604024621,0.4875812448812683,1.199624031107563,1.1735255832582356,6.29,1.019857181654073,7.536458322799175,0.0759570224909968,0.0440986614119725,182.81690140845072,1.0,1.0,1.0,1.0
2026-01-07,0.4211911813096547,0.5163511187607606,0.6134264855901028,0.5934884092062899,0.4841738764602157,1.0158025135110849,1.147964250248262,7.3,1.063917788170914,6.513285888511768,0.0284144054406814,0.0327333928694099,10.97926267281106,1.0,1.0,1.0,1.0
2026-01-08,0.3211219608100224,-0.1712328767123239,0.6109514436949169,0.5903969253549797,0.4811383112560718,0.9557014740349042,1.127344521224087,7.72,1.05982579947867,13.31047227591751,-0.0349474659193464,0.0420367643566237,5.705996131528047,1.0,1.0,1.0,1.0
2026-01-09,0.2613012803762693,0.0,0.6091892188663353,0.5879839953056594,0.4786727339975611,0.7721225196953352,1.1033395724559156,9.48,0.9912027185822722,3.634332450174867,0.0380611892012494,0.0651494868362338,6.4494754279403645,1.0,1.0,1.0,1.0
2026-01-12,0.3127443315090072,0.3430531732418362,0.6063497324983961,0.5845335122400535,0.4753671091917629,0.7476957532948574,1.1315556430187936,10.19,0.9902906460210686,34.34119902542379,0.1793638455018767,0.0395528110747871,6.388526727509778,1.0,1.0,1.0,1.0
2026-01-13,0.4156923876331486,0.1709401709401925,0.6028414958941821,0.5804562424305327,0.4971278238701185,0.7173179711758354,1.18840862523173,11.39,1.0089462433694878,23.97625798199028,0.0951086659424606,0.0064127273364404,1.0403638430926665,1.0,1.0,1.0,1.0
2026-01-14,0.2781371280724531,0.1706484641638139,0.5976623787464742,0.5747699967294314,0.5172877465262212,0.7105239910572918,1.2402503610977371,12.32,0.985414107047223,21.85921628541909,0.2102977283711938,0.0328124160893614,1.8981050015532777,1.0,1.0,1.0,1.0
2026-01-15,0.270915306714814,0.1703577512776721,0.5914214287270905,0.5681001847876263,0.5365530724279277,0.699180389916938,1.1873451496093004,12.26,0.9079040503342508,24.37278507494891,0.2743591063135434,-0.0378436048700891,2.3308851952068035,1.0,1.0,1.0,1.0
2026-01-16,0.495336120939216,-0.170068027210879,0.5847705287598952,0.5609565865771063,0.5550216105264789,0.6930154746967796,1.1825240901861729,12.71,0.9112868848576708,2.4229087543188803,0.0314646245874587,0.0174986248624862,1.6958187572880228,0.0,1.0,1.0,1.0
2026-01-19,0.2624503904749664,0.1703577512776721,0.5775822058215724,0.5533391154270265,0.5734062937046402,0.6867292680167439,1.1108035796660207,12.4,0.9151155785268098,0.3097603967463578,-0.0069300758213984,-0.0841933445661331,6.43979057591623,1.0,1.0,1.0,1.0
2026-01-20,0.2489944455085435,-0.170068027210879,0.5717136976074759,0.5470063009949474,0.5932923562377617,0.6632173432555202,1.0788154897494304,12.81,0.9105525398366736,0.8485842931290067,0.0208727426269975,0.0847732882941405,4.277286135693215,1.0,1.0,1.0,1.0
2026-01-21,0.3247993886129174,-0.1703577512776832,0.5666643286064094,0.5414355876402845,0.6143826438903272,0.6510249372189453,0.9898843930635838,12.29,0.9182287421896224,2.538787356420689,-0.0382285851318944,0.0362110311750599,2.4884640738299275,1.0,1.0,1.0,1.0
2026-01-22,0.3872278296197518,-0.3412969283276501,0.561364196954029,0.5356060560079381,0.6350142533406785,0.6665628406790219,1.0053763440860215,12.48,0.9198309534481656,6.144852612790206,0.1374198418746428,0.0476757477614783,3.235817035720058,1.0,1.0,1.0,1.0
2026-01-23,0.4805868218034748,-1.7123287671232834,0.555308205136115,0.5290145813256006,0.6551668700480823,0.6779635498611101,1.0140294796661338,12.68,0.7234687393068386,4.567323028867107,0.1641828230616302,0.1401988071570576,7.48778933956254,0.0,1.0,1.0,1.0
2026-01-26,0.2328508495909487,0.0,0.5496721604375703,0.5229589680199874,0.6754359275671398,0.6309818671069932,1.0170384682943967,14.03,0.7228755784829234,0.1300262864206724,0.0073986210418794,0.055349846782431,1.9912723932016536,0.0,1.0,1.0,1.0
2026-01-27,0.1695234507440135,0.1742160278745519,0.5457799348862682,0.5186254017954889,0.6975325654852876,0.6880470147078518,0.9735209298260946,12.75,0.7328852713701914,3.0844969832098528,-0.1919088346621567,-0.0367238463396955,0.9060202662427976,0.0,1.0,1.0,1.0
2026-01-28,0.4638335213739575,0.0,0.5411154808919469,0.5135131758215294,0.7188428512141906,0.6989155041230457,1.000086813091414,13.47,0.6825667822098057,3.13256690853375,0.167052961871256,0.1716744318722069,5.098482174373456,0.0,1.0,1.0,1.0
2026-01-29,0.3993012228599824,0.0,0.5370284034339596,0.5089085624675922,0.7408742529268942,0.721713899326389,0.9518864659051576,13.05,0.696800155315131,1.3335054611908388,0.0941159485338121,-0.0122681029323758,0.3142765889492175,1.0,1.0,1.0,1.0
2026-01-30,0.3542132736763737,-0.3478260869565153,0.5349904659192779,0.5061698771649533,0.765579933766296,0.7911695156952292,0.8985457063711911,11.84,0.7125196267754337,3.013208698956559,-0.1565863172094816,-0.0702254769705145,2.723671425368114,1.0,1.0,1.0,1.0
2026-02-02,0.2043470183912266,0.3490401396160525,0.534001077808753,0.5045285629282555,0.7916483196933579,0.8322511540612528,0.8188456189151598,10.73,0.7289512555391433,1.2920439908676151,0.1234568016689447,0.0223005539169843,0.4684194620731339,1.0,1.0,1.0,1.0
2026-02-03,0.327524409838098,0.1739130434782465,0.5338173099286351,0.503737280983706,0.8185115383668865,1.1284103952673867,0.9525471039776692,9.49,0.7642518823240805,1.22074792291448,0.0770395050903599,0.0835403575429879,2.5122683659269027,1.0,1.0,1.0,1.0
2026-02-04,0.2279026793963634,0.0,0.5329695413335938,0.5023371156944498,0.8439662491106882,1.1445475056405114,0.94187675070028,9.43,0.7837597244262106,1.5505388274419067,0.1653157151819322,-0.0431304893350062,0.9053497942386832,1.0,1.0,1.0,1.0
2026-02-05,0.3564405113077651,-0.694444444444442,0.5337341665621129,0.5025295385128962,0.872358211028447,1.1850538521892418,0.9679964927663306,9.49,0.6430945421054739,14.117653813794387,-0.2908044490299202,-0.0670877475527819,6.200721014071404,1.0,1.0,1.0,1.0
2026-02-06,0.9552969993876336,0.3496503496503544,0.5325915388213615,0.5008897420770804,0.8988708734209903,0.9893439412989262,1.051803966104656,12.54,0.6771757520736186,10.2209617206642,0.3089827966309283,0.0583557875299127,5.883358662613982,1.0,1.0,1.0,1.0
2026-02-09,0.6672328035909114,0.8710801393728262,0.5326413569208932,0.5002907122129111,0.9271743222770772,0.9663445518160612,1.034452682075883,12.78,0.7403160040774719,4.445469610825472,0.2212233702956989,0.0256496415770609,1.7507645259938835,1.0,1.0,1.0,1.0
2026-02-10,0.7953723788864719,-0.5181347150259086,0.5302541014282636,0.4973033241741915,0.9251624734599506,0.9279044334146548,1.059059583006194,13.76,0.7696182570796558,2.073710972609158,0.1105807296974638,0.119092682642751,5.692018648667456,1.0,1.0,1.0,1.0
2026-02-11,0.4842180774748961,0.5208333333333481,0.5276412580682142,0.4940901901060259,0.9228946915341408,0.8840296094614142,1.0059691011235954,13.79,0.7925755317707627,2.180530307980572,0.1888094811320754,0.0787264150943396,2.163458422451228,1.0,0.0,1.0,1.0
2026-02-23,0.8090903682550943,-0.1727115716752991,0.5258792364030593,0.4916458768491973,0.9216507617611116,0.9204697806617688,0.9734982332155476,12.84,0.8102345415778252,3.3577900829879472,-0.1125469135802469,-0.0200919874122488,1.0919615840021049,1.0,0.0,1.0,1.0
2026-02-24,0.9737385659486676,0.3460207612456578,0.5225674674169406,0.4878453927633575,0.919056851915082,0.8944110134637863,1.1548972934849688,15.85,0.8321828136158057,4.287053316053708,0.2109565142065142,0.0604643104643104,2.494787633287663,0.0,0.0,0.0,1.0
2026-02-25,0.7773232028053911,0.3448275862069083,0.5185383987991831,0.4833488791060077,0.915330596444834,0.8680828743771308,1.182550805886475,16.99,0.8412908280691446,1.906255662572062,0.1220109666937449,0.0240996479826699,0.7456278144308305,0.0,0.0,0.0,1.0
2026-02-26,1.2700806124224415,-1.8900343642611728,0.5145463630537602,0.4787100975018229,0.911128050673256,0.8667026324771268,1.1789254042775168,17.23,0.8621167460257476,1.2539110184606646,0.0623767377085872,0.0132053418218895,0.5795677799607072,0.0,0.0,0.0,1.0
2026-03-02,0.4867712747680608,0.1751313485113703,0.5111595146878017,0.4746364230301562,0.9078929476500358,0.8916126462974845,0.9925386083636996,14.19,0.9049656424218852,3.018385926329988,-0.204398823394583,-0.1361118539175612,5.087819505926032,0.0,0.0,1.0,1.0
2026-03-03,0.5926939077905091,0.0,0.509175331771559,0.471833457501971,0.9067066943713395,0.8985491133470455,0.927117759610367,13.19,0.9322328178005715,3.538747115482546,0.2288284743103673,-0.1196561642044711,7.836044520547945,0.0,0.0,1.0,1.0
2026-03-04,0.4928899212509163,-0.3496503496503433,0.5104188494281096,0.472019779105645,0.9103503113265932,0.9483248787557836,0.7978209296195414,10.67,0.968413088708152,0.6236590533207582,0.0327247898556961,-0.0432911610293484,7.003945230912045,1.0,1.0,1.0,1.0
2026-03-05,0.6426880144323022,1.403508771929829,0.5101451645733603,0.4711679947513854,0.9109654148699148,0.936594929376643,0.9337216485747066,12.58,0.9604504332139832,1.9465448105165168,0.113572621179733,-0.0009821480154832,0.1995305164319248,0.0,0.0,1.0,1.0
2026-03-06,0.1792516244678355,0.519031141868509,0.5102652622618449,0.4706781237307125,0.912302533155024,0.9911193215962965,0.7864467231386536,9.9,0.8730688007113482,0.5850067506423673,-0.087206441431748,-0.1849221720106161,40.09331259720062,0.0,1.0,1.0,0.0
2026-03-09,0.4417356296130492,0.3442340791738552,0.5128101567682142,0.472438115768929,0.9174617190626668,0.9748018717974368,0.6739327883742052,8.46,0.8664097442966047,0.5179416768011824,0.0323062084823709,-0.0551226366888094,8.521352752406813,1.0,1.0,1.0,0.0
2026-03-10,0.3340199298558222,1.3722126929674117,0.5137152286397588,0.4730296137738327,0.9197272495660084,0.98942514465604,0.7135613533695953,8.67,0.8214091908719618,0.492559874376604,-0.0356878220234053,-0.0498861684706634,4.942619707162644,1.0,1.0,1.0,0.0
2026-03-11,0.2108417022693265,0.0,0.5126658418631652,0.4718124688562535,0.9186182239504704,1.0678048350097051,0.6319737458977965,6.96,0.8208283748875279,2.507469804382941,-0.2646453512335865,-0.0529941706412294,4.356243949661181,0.0,1.0,1.0,0.0
2026-03-12,0.1937877193953774,-0.1692047377326533,0.5119658929774568,0.4707954580200237,0.918076233559957,1.0591941343694775,0.628978622327791,6.86,0.8162783142848705,2.9776823073376404,-0.2565682134570765,-0.037122969837587,2.518693427784337,1.0,1.0,1.0,0.0
2026-03-13,0.2431476569407564,0.169491525423715,0.5107255326613653,0.4692438048581072,0.916652566318336,1.0736379964079028,0.7019918777799264,7.5,0.9866220735785952,0.532673028310691,0.0540327155293456,0.0374192642516147,1.7017879948914432,1.0,1.0,1.0,0.0
2026-03-16,0.126791620727662,0.1692047377326533,0.5107378130409185,0.4688822866456797,0.9174711889078674,1.131557203153264,0.6550907655880032,6.55,0.9695759995161192,2.564052675195765,-0.2463128084796504,0.0179626183348167,0.808448652585579,1.0,1.0,1.0,0.0
2026-03-17,0.19269944392446,0.0,0.5085930761988132,0.4664633652224033,0.9147376723112114,1.114293446393938,0.6657252370385314,6.68,0.9130896405278326,0.2031583340464785,0.0296795018843191,0.0306406685236768,3.0505709624796085,1.0,1.0,1.0,0.0
2026-03-18,0.3571821079239479,0.1689189189189255,0.5070651259881044,0.4646793905763598,0.9119233670762168,1.359939558241856,0.7204968944099379,5.69,0.90931253047294,3.207854315725516,-0.0985983042061611,0.0258071682464454,2.873042044517725,0.0,1.0,1.0,0.0
2026-03-19,0.2080709631495425,-0.1686340640809414,0.5061842114638926,0.4635111268284477,0.9095293896104416,1.1973568281938325,0.6446792613939588,5.56,0.903420090342009,41.21824268759636,-0.323680698265385,-0.0291680477295326,1.6772554002541296,0.0,1.0,1.0,0.0
2026-03-20,0.3770285776733439,-0.3378378378378288,0.5085708393708693,0.4654166500842617,0.9127110756569532,1.1792899859478654,0.6706375468784469,5.62,0.8984302289507973,16.202991975247375,-0.1792760198917396,-0.0259648813977027,1.0750728862973762,1.0,1.0,1.0,0.0
2026-03-23,0.1796407185628901,0.0,0.512788444795167,0.4690401553739364,0.9188408958101536,1.135994317876091,0.6999204635836836,5.84,0.9070692517305102,1.4104721063259935,-0.0442425748966942,-0.0454545454545454,1.054760656228931,1.0,1.0,1.0,0.0
2026-03-24,0.2010541759495776,0.0,0.5162412638054434,0.4719788200872957,0.9239227041993212,1.0865946822585464,0.7400490253297537,6.23,0.8709156023199062,11.81314417455246,0.1720956736485868,0.0108844781853105,0.1919354838709677,1.0,1.0,1.0,0.0
2026-03-25,0.2711496746203856,0.3389830508474523,0.520080828770295,0.4754118651099337,0.9290569343613612,1.0539671798342074,0.7914542364651614,6.54,0.8408060939157265,10.899267788187826,0.2200154577883472,0.0933412604042806,2.429588362735995,1.0,1.0,1.0,0.0
2026-03-26,0.3353163872363396,-0.1689189189189144,0.5237560298071655,0.4786249176480465,0.9345306115996193,0.956544585150544,0.8918645780697322,7.76,0.8326812728221179,5.281172131382763,0.1088993530916202,0.015295120605787,0.4575800765133899,1.0,1.0,1.0,0.0
2026-03-27,0.2641224665804076,0.0,0.5275341764513231,0.482141243787573,0.9405704217926202,0.982967456793212,0.8442503639010188,6.77,0.8237046846548585,5.024933748146957,-0.2107546672909229,-0.0191373558845906,0.4609204313200366,1.0,1.0,1.0,0.0
2026-03-30,0.3225633030482289,0.1692047377326533,0.5302486396848065,0.484674099155238,0.944769884653886,0.9452328872210072,0.8603918344978765,6.89,0.8337261768469256,0.8599414026237495,0.0227334397446129,-0.0419301369022039,1.2078875232116013,1.0,1.0,1.0,0.0
2026-03-31,0.3376024864691018,-0.1689189189189144,0.5341985045190618,0.4883831509204371,0.951255071462048,1.0511640303847298,0.7099073414112615,4.86,0.8482066390325785,5.485163318055022,-0.2163369509422893,-0.0502676541761384,3.040248364563699,1.0,1.0,1.0,0.0
2026-04-01,0.3311258278145823,0.0,0.5331369790702449,0.4875560865741556,0.9500252666366056,0.9237941398981742,0.8967826466734605,6.82,0.864615706952544,9.63494655124611,0.3942986081370449,0.0519271948608137,2.9663608562691133,1.0,1.0,1.0,0.0
2026-04-02,0.3087405514744956,1.1844331641285957,0.5339863484551455,0.4883173637901241,0.952533449548288,0.8974777569178027,0.9638192463594054,7.3,0.0,3.215542035318064,0.108795913363302,0.071516142214957,7.3591253153910845,1.0,1.0,1.0,0.0
2026-04-07,0.1167480365102946,-0.1672240802675695,0.5346384450792815,0.4889276026923038,0.9547404371878414,1.0304449648711944,0.8113527687798859,5.18,0.0,4.502585367531371,-0.3177918300420617,-0.086119626434733,7.135262847017129,1.0,1.0,0.0,0.0
2026-04-08,0.561857309445557,-0.1675041876046834,0.5313388816001693,0.4858765419873429,0.951194969661732,0.8914434003385742,1.0127368748058403,7.41,0.0,15.803706928059082,0.3568091353996738,0.1042492037598073,52.421875,1.0,1.0,0.0,0.0
2026-04-09,0.4427577482605915,0.0,0.5287850934679269,0.4831463836796085,0.9495696712189567,0.8430708525287041,1.1612702366127023,9.0,0.0,5.5550754838937815,0.1100066959022964,0.0020747866270571,0.3798014674147605,1.0,1.0,0.0,0.0
2026-04-10,0.2571368597817036,-0.1677852348993203,0.5269542273337333,0.4810817541093063,0.9492096424226922,0.903650141961313,1.0373831775700937,7.53,0.0,6.480888990755489,-0.1090077451665502,-0.0538085255066387,8.059310946358481,1.0,1.0,0.0,0.0
2026-04-13,0.4920177963883887,-0.1680672268907557,0.5229380864811101,0.4770663639940145,0.9451316283016804,1.0831241934992228,1.163186388244393,7.05,0.0,7.668310124165932,-0.0325061413673232,0.0113171108536114,1.816491010539368,1.0,1.0,0.0,0.0
2026-04-14,0.2916818584301373,0.1683501683501731,0.5190851571874833,0.4733286174402423,0.9411307995495052,1.0015226880519743,1.055572803477181,6.89,0.0,8.94474550534228,-0.1256889540976734,0.0285055543911129,3.361136855112759,1.0,1.0,0.0,0.0
2026-04-15,0.7478576992988817,-0.1680672268907557,0.5139004132946543,0.4683574026420173,0.9351157640885122,0.99535271566145,1.039565554693561,6.85,0.0,72.94092893798728,0.0589236272986272,-0.0164465164465164,4.052652572796171,1.0,1.0,0.0,0.0
2026-04-16,0.5154904892004764,0.0,0.5089366595707218,0.4636450946801037,0.9292323077599364,0.9578567496482966,0.8367282983390786,5.68,0.0,9.228260291832504,-0.031343726106533,0.0809192082236003,9.435364041604757,1.0,1.0,0.0,0.0
2026-04-17,0.5487460895430507,-0.1683501683501842,0.5055727352597387,0.4604339675719177,0.925984035444017,0.9933767991651252,0.1806536377073411,1.14,0.0,51.94744192332528,-0.0675598781345207,0.0312475587844699,3.863801014247766,1.0,1.0,0.0,0.0
2026-04-20,0.5457513006222658,0.1686340640809636,0.5005599480510063,0.4557890089262285,0.9199200307106734,0.9763310528672436,0.0,0.0,0.0,2.265388546433622,0.0296221478008484,0.1029247599910694,6.610266704903929,1.0,1.0,0.0,0.0
2026-04-21,0.4362603358190053,0.1683501683501731,0.49483288360481,0.4506048100693108,0.9127911136826876,0.9757736070873746,0.0,0.0,0.0,3.5868681590532945,0.1227117896522476,-0.0952219394967486,5.727891156462585,1.0,1.0,0.0,0.0
2026-04-22,0.4040608111520738,-0.1680672268907557,0.4882825075054741,0.4446703867821537,0.904191554232886,0.9870909129323276,0.0,0.0,0.0,2.8470764277454936,-0.093618661495975,-0.0457136141958987,2.679986221150534,1.0,1.0,0.0,0.0
2026-04-23,0.5030434126465089,0.1683501683501731,0.4820591045416599,0.439070275092812,0.8960055283500952,1.030338327950442,0.1064701064701064,0.53,0.0,4.187502695153816,-0.0600521551242409,0.0104310248481913,0.9384950561421148,1.0,1.0,0.0,0.0
2026-04-24,0.5505781070123561,0.3361344537815114,0.4760459080607214,0.433704210210114,0.8874240584087459,1.1608731821867464,0.3492131924983833,1.47,0.0,4.657322303774615,0.0443267594317227,0.0079252036083415,0.94061551798873,1.0,1.0,0.0,0.0
2026-04-27,0.6321867688785066,0.3350083752093891,0.4706070643166066,0.4289499370722072,0.8790085992203401,1.2611791040135962,0.3799496452277409,1.36,0.0,56.23916353548689,-0.1564232720039781,-0.065174871539864,16.78190354246692,1.0,1.0,0.0,0.0
2026-04-28,0.6034823901859943,0.3338898163605996,0.4648200091082747,0.4239550509899705,0.8699877910129518,1.1954884907341958,0.4111245465538089,1.46,0.0,10.944084436176666,0.1021684983295234,-0.063434148056972,23.52078239608802,1.0,1.0,0.0,0.0
2026-04-29,0.4031861539974368,3.993344425956735,0.4593261004104887,0.4192500003123629,0.8614610725273876,1.276809786326506,0.3193407159412825,0.98,0.0,134.0621947631657,-0.20320968605066,-0.0600695683196575,47.85079928952043,1.0,1.0,0.0,0.0
2026-04-30,0.661116552399621,0.9599999999999832,0.452327907470601,0.4134363504012034,0.850175407370054,1.311488408511988,0.3195234226915786,0.89,0.0,19.88058529400868,-0.0711368631095561,0.0314345068882571,7.457846952010376,1.0,1.0,0.0,0.0
2026-05-04,0.7394794453904119,0.3169572107765583,0.4460294692698358,0.4082507284515926,0.8432724895491861,1.473827877203437,0.6516147470705916,1.49,0.0,54.088184619516085,0.2729852866565195,0.0556280350800898,8.413263907919978,1.0,1.0,0.0,0.0
2026-05-05,0.7533684261360918,0.1579778830963718,0.4399903232012231,0.403100850974499,0.8365633056582847,1.293308176809064,0.5864386072083079,1.39,0.0,20.43216523822528,-0.1527627407757308,-0.076024773001627,58.0561122244489,1.0,1.0,0.0,0.0
2026-05-06,0.8052533192733691,0.3154574132492094,0.4332597758382806,0.3972752199023269,0.8283462905645997,1.240742966503638,0.6179594464113293,1.43,0.0,1.7128408885678192,-0.0036884564099307,-0.0069528224014223,486.6666666666666,0.0,0.0,0.0,0.0
2026-05-07,0.5325471922400293,1.4150943396226356,0.4280690036692447,0.3933019750517322,0.8229965613314502,1.1497552069613872,0.7276507276507276,1.66,0.0,7.013772626622739,0.1100086404372463,-0.0380983000442068,5.2073606152156,0.0,0.0,0.0,0.0
2026-05-08,0.3925649151019117,0.1550387596899183,0.4243307106776294,0.3907732810159783,0.8199564668052675,1.1771812319007942,0.7063339731285988,1.39,0.0,8.358940940502235,-0.3068901020150071,-0.0776072843773712,6.663047412233079,1.0,0.0,0.0,0.0
2026-05-11,0.6642796570244025,0.3095975232198178,0.4199188807488478,0.3876112129818049,0.8172353983872824,1.1801761041311385,0.8754208754208754,1.53,0.0,3.530407311379529,0.1030967955801105,0.0175469613259668,1.888228299643281,0.0,0.0,0.0,0.0
2026-05-12,0.6505358730753086,1.6975308641975273,0.4163008411523651,0.3855921268297846,0.8159241829802587,1.271498509094948,1.0785241248817408,1.53,0.0,5.838239478497036,0.0903591583438378,0.0287339603736384,4.926572457744528,0.0,0.0,0.0,0.0
2026-05-13,0.5440342230075279,0.9104704097116834,0.413323487826377,0.3842899732008079,0.8158261937225806,1.2261370486971666,1.247357293868922,1.61,0.0,3.613182938896258,-0.0641418382233749,-0.0730669476414329,6.054398925453325,0.0,0.0,0.0,0.0
2026-05-14,0.3191046570781175,-0.150375939849634,0.4113920543739775,0.3838897659930852,0.8171842462152037,1.2226630381323975,1.330935251798561,1.49,0.0,2.555164259358348,-0.1061886262418636,0.0041109969167523,0.22271714922049,1.0,0.0,0.0,0.0
2026-05-15,0.520929374884771,0.1506024096385561,0.4096819891813316,0.3836155926695183,0.8197401530179235,1.1492257872702876,1.517150395778364,1.61,0.0,3.092235976722129,0.0810549357135267,-0.1069493146318138,4.326241134751773,1.0,0.0,0.0,0.0
2026-05-18,0.3301994955285492,0.1503759398496118,0.4089512953653436,0.3844585790948576,0.8246818573919807,1.2128825589246737,1.196911196911197,1.2,0.0,8.348469397069051,-0.2188322762244323,-0.0422218052167386,2.003383492120025,1.0,0.0,0.0,0.0
2026-05-19,0.6125154271609423,0.0,0.4109105028593297,0.3878740617233535,0.8348524415225793,1.226825815830751,3.5119363395225465,4.13,0.0,4.080157027791745,-0.1014628246753246,0.0387445887445887,2.3661599471249173,1.0,0.0,0.0,0.0
2026-05-20,0.5042933078915013,0.1501501501501412,0.4131743808681604,0.3915016966756395,0.8452540402976825,1.2122521985392756,0.8532249873031996,1.03,0.0,0.2626258823637875,-0.0106233781368969,-0.0519384663196332,2.274389725270052,0.0,0.0,0.0,0.0
2026-05-21,0.5605279811951913,0.0,0.4136089159725247,0.3932797169159937,0.8545103970339254,1.1554831246498702,0.818314661471018,1.06,0.0,2.811944985301813,0.1195991827262637,-0.0665422258097063,2.145064238087494,0.0,0.0,0.0,0.0
2026-05-22,0.624831430369488,0.4497751124437732,0.4120539760202251,0.3931370558981665,0.8627922547422694,1.2722560049720677,1.283471837488458,1.54,0.0,7.050038753464376,0.1274573325209248,0.0785363820030144,4.835620495606674,0.0,0.0,0.0,0.0
2026-05-25,0.464596828233188,0.4477611940298498,0.4100274412134076,0.3923744902187604,0.8690706406626962,1.3552099746523258,1.7185444980271811,1.98,0.0,2.6969378959406813,-0.0731545341801646,-0.0438573415009959,2.027273516893946,0.0,0.0,0.0,0.0
2026-05-26,0.6847792253990903,0.0,0.4081573047479021,0.3919047527616794,0.8757470037075136,1.1363881547009007,1.3886536833192211,1.95,0.0,3.3371708392648625,-0.0491095465213112,-0.1338733691674868,7.143819014274172,0.0,0.0,0.0,0.0
2026-05-27,0.7198692752726998,-0.2971768202080338,0.4053962826518413,0.3905566832199157,0.8806935137307444,1.0900524255093238,1.4198286413708692,2.12,0.0,0.298786666244836,0.0068615897350441,0.1081486418930178,6.3852813852813854,0.0,0.0,0.0,0.0
2026-05-28,0.81557484872401,0.1490312965722662,0.4028304944024891,0.3896154568638049,0.8861260938551039,1.0163606712609816,1.2627450980392156,2.08,0.0,3.620949186026289,-0.0581467024036953,0.031992244304411,2.9161793372319686,0.0,0.0,0.0,0.0
2026-05-29,1.048190675017402,-1.1904761904761862,0.4003417233364678,0.3884110026115673,0.8963980603823005,1.1712318127686014,1.057034220532319,1.54,0.0,12.300884837754262,-0.3147298944687045,-0.1604348617176128,8.873514057487892,0.0,0.0,0.0,0.0
2026-06-01,0.7919769293676993,-1.6566265060240837,0.4001024681268966,0.3892106381396554,0.9062429078587289,1.1577130611642574,0.961029133560348,1.41,0.0,1.4053759735554328,-0.0878613842223426,0.0154447627158008,0.468447314352803,0.0,0.0,0.0,0.0
2026-06-02,0.6106674638083565,-1.5313935681470214,0.4000079928987349,0.3900273591305289,0.9162976666592504,1.1513886252925918,0.9142000749344324,1.34,0.0,2.2930500505501508,-0.1234918434225215,-0.006734127984443,0.2610820244328097,0.0,0.0,0.0,0.0
