2005-01-03,0.0
2005-01-04,0.0
2005-01-05,0.0
2005-01-06,0.0
2005-01-07,0.0
2005-01-10,0.0
2005-01-11,0.0
2005-01-12,0.0
2005-01-13,0.0
2005-01-14,0.0
2005-01-18,0.0
2005-01-19,1.3322676295501878e-14
2005-01-20,0.016449842561109707
2005-01-21,-0.227082478603579
2005-01-24,-0.39042207590103795
2005-01-25,-0.38266988351537434
2005-01-26,-0.2985314488658073
2005-01-27,-0.2851570273120778
2005-01-28,-0.22683764050707023
2005-01-31,-0.026950334495691397
2005-02-01,0.12991600617677412
2005-02-02,0.18690888080924672
2005-02-03,0.2405529312241561
2005-02-04,0.37132213369345957
2005-02-07,0.4678230542070192
2005-02-08,0.5914531324020575
2005-02-09,0.6220028446180286
2005-02-10,0.6879974410729495
2005-02-11,0.7520112956853917
2005-02-14,0.8296249861094331
2005-02-15,0.9218091955262708
2005-02-16,0.9751880756911044
2005-02-17,0.989955490626337
2005-02-18,0.9959589089000853
2005-02-22,0.0
2005-02-23,0.0
2005-02-24,0.0
2005-02-25,0.0
2005-02-28,0.0
2005-03-01,0.0
2005-03-02,0.0
2005-03-03,0.0
2005-03-04,0.0
2005-03-07,0.0
2005-03-08,0.0
2005-03-09,-1.3100631690576847e-14
2005-03-10,0.32056345625080485
2005-03-11,0.41810213840131527
2005-03-14,0.5419367205083381
2005-03-15,0.6387018354594458
2005-03-16,0.7307804077372118
2005-03-17,0.799593785789491
2005-03-18,0.8629082557054084
2005-03-21,0.8869524171107535
2005-03-22,0.895134941516996
2005-03-23,0.8900389524421997
2005-03-24,0.8939810033745812
2005-03-28,0.8934870075770007
2005-03-29,0.8711856212457985
2005-03-30,0.9036945638411886
2005-03-31,0.9202455868736958
2005-04-01,0.9183891690216668
2005-04-04,0.9033515760444932
2005-04-05,0.8780331129197805
2005-04-06,0.8644780540356902
2005-04-07,0.8651030748915369
2005-04-08,0.8390856911701532
2005-04-11,0.8062855232149877
2005-04-12,0.8129808956680331
2005-04-13,0.7636492789971001
2005-04-14,0.5646482928495327
2005-04-15,0.1307234762856444
2005-04-18,-0.7502655985637365
2005-04-19,-0.9777812406076698
2005-04-20,-0.9995992089646875
2005-04-21,0.0
2005-04-22,0.0
2005-04-25,0.0
2005-04-26,0.0
2005-04-27,0.0
2005-04-28,0.0
2005-04-29,0.0
2005-05-02,0.0
2005-05-03,0.0
2005-05-04,0.0
2005-05-05,0.0
2005-05-06,-1.9984014443252818e-14
2005-05-09,0.25239351999986526
2005-05-10,0.16376819472986637
2005-05-11,0.1860700837712861
2005-05-12,-0.12350693541311775
2005-05-13,-0.4378098845809717
2005-05-16,-0.5261830120068094
2005-05-17,-0.4902057966814848
2005-05-18,-0.10855103030287472
2005-05-19,0.22656143709590681
2005-05-20,0.35143801295857546
2005-05-23,0.7026379267579033
2005-05-24,0.8683393029078879
2005-05-25,0.8991654248811694
2005-05-26,0.919480081036627
2005-05-27,0.9358497772948557
2005-05-31,0.9377978924195132
2005-06-01,0.9510396025749295
2005-06-02,0.9501246780556081
2005-06-03,0.9299742753657108
2005-06-06,0.9121657929357443
2005-06-07,0.9009116253167959
2005-06-08,0.9002623427849648
2005-06-09,0.8798665945438366
2005-06-10,0.8308465948225066
2005-06-13,0.7956687946485768
2005-06-14,0.8047326915267274
2005-06-15,0.7709001229286709
2005-06-16,0.7818005877137026
2005-06-17,0.811046456106483
2005-06-20,0.8535263632530119
2005-06-21,0.8875928875525705
2005-06-22,0.9377351923752604
2005-06-23,0.9144238484149825
2005-06-24,0.8657514733298386
2005-06-27,0.8209404554183781
2005-06-28,0.8545377199887705
2005-06-29,0.824701787402554
2005-06-30,0.3987415748589145
2005-07-01,-0.12516397783177147
2005-07-05,-0.5192032092917269
2005-07-06,-0.8363420451714352
2005-07-07,-0.940269737882778
2005-07-08,-0.9677252894172195
2005-07-11,-0.9711121254979878
2005-07-12,-0.9861145854983511
2005-07-13,-0.9927517526223035
2005-07-14,0.0
2005-07-15,0.0
2005-07-18,0.0
2005-07-19,0.0
2005-07-20,0.0
2005-07-21,0.0
2005-07-22,0.0
2005-07-25,0.0
2005-07-26,0.0
2005-07-27,0.0
2005-07-28,0.0
2005-07-29,1.2878587085651816e-14
2005-08-01,0.27892360350432344
2005-08-02,0.37434267910457164
2005-08-03,0.23006479990004958
2005-08-04,-0.20866219306844846
2005-08-05,-0.6547231808220273
2005-08-08,-0.9368625069235417
2005-08-09,-0.9958131966201049
2005-08-10,0.0
2005-08-11,0.0
2005-08-12,0.0
2005-08-15,0.0
2005-08-16,0.0
2005-08-17,0.0
2005-08-18,0.0
2005-08-19,0.0
2005-08-22,0.0
2005-08-23,0.0
2005-08-24,0.0
2005-08-25,-4.218847493575595e-14
2005-08-26,-0.38736509657180695
2005-08-29,-0.6344755938650599
2005-08-30,-0.8240002424755741
2005-08-31,-0.9007811098608376
2005-09-01,-0.9672540074394496
2005-09-02,-0.9685126499458938
2005-09-06,-0.8247444740404886
2005-09-07,0.08255299443816133
2005-09-08,0.7169056448098781
2005-09-09,0.9755569691731776
2005-09-12,0.9998622316928607
2005-09-13,0.0
2005-09-14,0.0
2005-09-15,0.0
2005-09-16,0.0
2005-09-19,0.0
2005-09-20,0.0
2005-09-21,0.0
2005-09-22,0.0
2005-09-23,0.0
2005-09-26,0.0
2005-09-27,0.0
2005-09-28,2.6201263381153694e-14
2005-09-29,0.07653837930227025
2005-09-30,0.21563319398216163
2005-10-03,0.0359810154725726
2005-10-04,-0.4792607548456185
2005-10-05,-0.8488946049463393
2005-10-06,-0.97295781642878
2005-10-07,-0.9927320678926157
2005-10-10,0.0
2005-10-11,0.0
2005-10-12,0.0
2005-10-13,0.0
2005-10-14,0.0
2005-10-17,0.0
2005-10-18,0.0
2005-10-19,0.0
2005-10-20,0.0
2005-10-21,0.0
2005-10-24,0.0
2005-10-25,-6.217248937900877e-15
2005-10-26,0.1956073166631307
2005-10-27,0.3373119587377551
2005-10-28,0.5587100920089019
2005-10-31,0.7087245701164855
2005-11-01,0.7730574211990238
2005-11-02,0.8332398107425139
2005-11-03,0.8783127363580232
2005-11-04,0.9116928571591338
2005-11-07,0.9453417823849397
2005-11-08,0.9675511019755056
2005-11-09,0.9817242666442791
2005-11-10,0.9923666800825421
2005-11-11,0.0
2005-11-14,0.0
2005-11-15,0.0
2005-11-16,0.0
2005-11-17,0.0
2005-11-18,0.0
2005-11-21,0.0
2005-11-22,0.0
2005-11-23,0.0
2005-11-25,0.0
2005-11-28,0.0
2005-11-29,-2.020605904817785e-14
2005-11-30,0.22122508837618748
2005-12-01,0.5996032106208389
2005-12-02,0.841726972551593
2005-12-05,0.8818480479588857
2005-12-06,0.8646166778576747
2005-12-07,0.8138548238841372
2005-12-08,0.6913132721558592
2005-12-09,0.6932285440800952
2005-12-12,0.5729881068604179
2005-12-13,0.4033758397204035
2005-12-14,0.3499782139283121
2005-12-15,0.2843317575576976
2005-12-16,0.13114088926622336
2005-12-19,0.08551047049003402
2005-12-20,0.010881786681727235
2005-12-21,0.07133821137757868
2005-12-22,0.24967866190956234
2005-12-23,0.4031029747595425
2005-12-27,0.32691614579113293
2005-12-28,0.39980060228501446
2005-12-29,0.4814024048794967
2005-12-30,0.43215597842931563
2006-01-03,0.623997625010126
2006-01-04,0.7269632936332355
2006-01-05,0.7429611416746735
2006-01-06,0.8122389227676923
2006-01-09,0.8870544346833693
2006-01-10,0.9175283546263717
2006-01-11,0.9355455747031838
2006-01-12,0.9300795628514853
2006-01-13,0.917025353466921
2006-01-17,0.8834224940067932
2006-01-18,0.8466627899516554
2006-01-19,0.7824962415973866
2006-01-20,0.5143914744216933
2006-01-23,0.2105150645853655
2006-01-24,-0.3533593161374575
2006-01-25,-0.8414558543289552
2006-01-26,-0.9837135014083795
2006-01-27,-0.9992899398397412
2006-01-30,0.0
2006-01-31,0.0
2006-02-01,0.0
2006-02-02,0.0
2006-02-03,0.0
2006-02-06,0.0
2006-02-07,0.0
2006-02-08,0.0
2006-02-09,0.0
2006-02-10,0.0
2006-02-13,0.0
2006-02-14,1.8207657603852567e-14
2006-02-15,0.21534501738005218
2006-02-16,0.38628115073743086
2006-02-17,0.6377308009149618
2006-02-21,0.7483442888584655
2006-02-22,0.8468070220425319
2006-02-23,0.9368243069438149
2006-02-24,0.9800408474789619
2006-02-27,0.9935334055808553
2006-02-28,0.0
2006-03-01,0.0
2006-03-02,0.0
2006-03-03,0.0
2006-03-06,0.0
2006-03-07,0.0
2006-03-08,0.0
2006-03-09,0.0
2006-03-10,0.0
2006-03-13,0.0
2006-03-14,0.0
2006-03-15,2.3314683517128287e-14
2006-03-16,0.5562437716495114
2006-03-17,0.8503583293023229
2006-03-20,0.9678336746742582
2006-03-21,0.9945275638894573
2006-03-22,0.0
2006-03-23,0.0
2006-03-24,0.0
2006-03-27,0.0
2006-03-28,0.0
2006-03-29,0.0
2006-03-30,0.0
2006-03-31,0.0
2006-04-03,0.0
2006-04-04,0.0
2006-04-05,0.0
2006-04-06,9.547918011776346e-15
2006-04-07,0.5442230057536044
2006-04-10,0.8468302252143916
2006-04-11,0.9579233339732767
2006-04-12,0.9920036003607775
2006-04-13,0.0
2006-04-17,0.0
2006-04-18,0.0
2006-04-19,0.0
2006-04-20,0.0
2006-04-21,0.0
2006-04-24,0.0
2006-04-25,0.0
2006-04-26,0.0
2006-04-27,0.0
2006-04-28,0.0
2006-05-01,7.105427357601002e-15
2006-05-02,0.09331866506290498
2006-05-03,0.31936026811861007
2006-05-04,0.5522547095724
2006-05-05,0.7652085649057327
2006-05-08,0.9093613963840004
2006-05-09,0.9646423763241223
2006-05-10,0.9877096168625463
2006-05-11,0.9953609399112091
2006-05-12,0.0
2006-05-15,0.0
2006-05-16,0.0
2006-05-17,0.0
2006-05-18,0.0
2006-05-19,0.0
2006-05-22,0.0
2006-05-23,0.0
2006-05-24,0.0
2006-05-25,0.0
2006-05-26,0.0
2006-05-30,2.886579864025407e-15
2006-05-31,-0.14685953682728936
2006-06-01,-0.13295304395282814
2006-06-02,-0.07411903476863779
2006-06-05,-0.31442546558448026
2006-06-06,-0.5977775767383462
2006-06-07,-0.8955377819387227
2006-06-08,-0.964149831070527
2006-06-09,-0.9944049365860659
2006-06-12,0.0
2006-06-13,0.0
2006-06-14,0.0
2006-06-15,0.0
2006-06-16,0.0
2006-06-19,0.0
2006-06-20,0.0
2006-06-21,0.0
2006-06-22,0.0
2006-06-23,0.0
2006-06-26,0.0
2006-06-27,6.217248937900877e-15
2006-06-28,-0.26351814194554035
2006-06-29,0.1879462556312308
2006-06-30,0.45062700779853815
2006-07-03,0.7252233064915834
2006-07-05,0.8103121581912318
2006-07-06,0.938592893157743
2006-07-07,-0.42807444324237975
2006-07-10,-0.9989205344861378
2006-07-11,0.0
2006-07-12,0.0
2006-07-13,0.0
2006-07-14,0.0
2006-07-17,0.0
2006-07-18,0.0
2006-07-19,0.0
2006-07-20,0.0
2006-07-21,0.0
2006-07-24,0.0
2006-07-25,0.0
2006-07-26,-1.021405182655144e-14
2006-07-27,-0.19834639032944912
2006-07-28,-0.2614118875812732
2006-07-31,-0.3354211793012116
2006-08-01,-0.4627835253767585
2006-08-02,-0.6008256424531879
2006-08-03,-0.7346374354777678
2006-08-04,-0.8204687366678767
2006-08-07,-0.8976006619077055
2006-08-08,-0.9524567666146311
2006-08-09,-0.9814743533372625
2006-08-10,-0.9929878815141981
2006-08-11,0.0
2006-08-14,0.0
2006-08-15,0.0
2006-08-16,0.0
2006-08-17,0.0
2006-08-18,0.0
2006-08-21,0.0
2006-08-22,0.0
2006-08-23,0.0
2006-08-24,0.0
2006-08-25,0.0
2006-08-28,1.7541523789077473e-14
2006-08-29,0.3443871227410993
2006-08-30,0.5841450051399213
2006-08-31,0.779309559088075
2006-09-01,0.8938121442965647
2006-09-05,0.9417292237348556
2006-09-06,0.9717015634932029
2006-09-07,0.9766248857107163
2006-09-08,0.9891290682436078
2006-09-11,0.9945481562460823
2006-09-12,0.0
2006-09-13,0.0
2006-09-14,0.0
2006-09-15,0.0
2006-09-18,0.0
2006-09-19,0.0
2006-09-20,0.0
2006-09-21,0.0
2006-09-22,0.0
2006-09-25,0.0
2006-09-26,0.0
2006-09-27,0.0
2006-09-28,0.3254737646925596
2006-09-29,0.5376329186390363
2006-10-02,0.5146478901682454
2006-10-03,0.5955739094240602
2006-10-04,0.7985246053887622
2006-10-05,0.9624179888832018
2006-10-06,0.995631220938419
2006-10-09,0.0
2006-10-10,0.0
2006-10-11,0.0
2006-10-12,0.0
2006-10-13,0.0
2006-10-16,0.0
2006-10-17,0.0
2006-10-18,0.0
2006-10-19,0.0
2006-10-20,0.0
2006-10-23,0.0
2006-10-24,-7.771561172376096e-15
2006-10-25,0.33985187331606026
2006-10-26,0.5848190859861195
2006-10-27,0.7387629523720542
2006-10-30,0.8420559439671733
2006-10-31,0.9052682639065808
2006-11-01,0.9446954595166743
2006-11-02,0.9688579867853919
2006-11-03,0.981024480033388
2006-11-06,0.991978661362368
2006-11-07,0.0
2006-11-08,0.0
2006-11-09,0.0
2006-11-10,0.0
2006-11-13,0.0
2006-11-14,0.0
2006-11-15,0.0
2006-11-16,0.0
2006-11-17,0.0
2006-11-20,0.0
2006-11-21,0.0
2006-11-22,-2.1760371282653068e-14
2006-11-24,0.24266090973103682
2006-11-27,0.2923866307066214
2006-11-28,0.3678592013282369
2006-11-29,0.5185229487071354
2006-11-30,0.6925081147019467
2006-12-01,0.6861270053743995
2006-12-04,0.7629435596012493
2006-12-05,0.80060591695942
2006-12-06,0.7818212291057238
2006-12-07,0.7443441455414266
2006-12-08,0.6101727313658034
2006-12-11,0.48326809009188043
2006-12-12,0.3648217643485858
2006-12-13,0.2734420713900787
2006-12-14,0.1168613215449592
2006-12-15,-0.10044741657905298
2006-12-18,-0.2984523784684565
2006-12-19,-0.49772406841389616
2006-12-20,-0.5953972790177944
2006-12-21,-0.6798577635763499
2006-12-22,-0.7782814956304378
2006-12-26,-0.8644175850544802
2006-12-27,-0.9087288320476972
2006-12-28,-0.9459123107993679
2006-12-29,-0.9715694639365928
2007-01-03,-0.9836849358583626
2007-01-04,-0.9919919556598205
2007-01-05,0.0
2007-01-08,0.0
2007-01-09,0.0
2007-01-10,0.0
2007-01-11,0.0
2007-01-12,0.0
2007-01-16,0.0
2007-01-17,0.0
2007-01-18,0.0
2007-01-19,0.0
2007-01-22,0.0
2007-01-23,1.887379141862766e-14
2007-01-24,0.2821702947967075
2007-01-25,0.3979299785919772
2007-01-26,0.4233923024736763
2007-01-29,0.5070222464224496
2007-01-30,-0.4540774112438368
2007-01-31,-0.9486735516813538
2007-02-01,-0.9990977049543299
2007-02-02,0.0
2007-02-05,0.0
2007-02-06,0.0
2007-02-07,0.0
2007-02-08,0.0
2007-02-09,0.0
2007-02-12,0.0
2007-02-13,0.0
2007-02-14,0.0
2007-02-15,0.0
2007-02-16,0.0
2007-02-20,0.0
2007-02-21,0.23909120293135322
2007-02-22,0.45964240403118306
2007-02-23,0.6160416894173479
2007-02-26,0.7265243942029957
2007-02-27,0.6780022105646708
2007-02-28,0.583593071653526
2007-03-01,0.4296619395761878
2007-03-02,0.1727870122572197
2007-03-05,-0.06828442997264372
2007-03-06,-0.25406594624468615
2007-03-07,-0.3804184484896487
2007-03-08,-0.4130980827134172
2007-03-09,-0.42089084312570013
2007-03-12,-0.38030267468547696
2007-03-13,-0.3845381520224551
2007-03-14,-0.27470907694945845
2007-03-15,-0.1408643264291547
2007-03-16,-0.09072954413564194
2007-03-19,0.0826351389380311
2007-03-20,0.24907804531831035
2007-03-21,0.44985841649324154
2007-03-22,0.6783417888683738
2007-03-23,0.8382613231296019
2007-03-26,0.9140171541006796
2007-03-27,0.9543393786225176
2007-03-28,0.9699645331163249
2007-03-29,0.9785084395353065
2007-03-30,0.9864608461447077
2007-04-02,0.9911187880703101
2007-04-03,0.0
2007-04-04,0.0
2007-04-05,0.0
2007-04-09,0.0
2007-04-10,0.0
2007-04-11,0.0
2007-04-12,0.0
2007-04-13,0.0
2007-04-16,0.0
2007-04-17,0.0
2007-04-18,0.0
2007-04-19,4.3076653355456074e-14
2007-04-20,0.41890351623407684
2007-04-23,0.546191769867415
2007-04-24,0.5484048517278937
2007-04-25,0.5396252595559978
2007-04-26,0.9954528054248251
2007-04-27,0.0
2007-04-30,0.0
2007-05-01,0.0
2007-05-02,0.0
2007-05-03,0.0
2007-05-04,0.0
2007-05-07,0.0
2007-05-08,0.0
2007-05-09,0.0
2007-05-10,0.0
2007-05-11,0.0
2007-05-14,-3.1086244689504383e-15
2007-05-15,0.36572567449173965
2007-05-16,0.6791749478772222
2007-05-17,0.8961875850330139
2007-05-18,0.976937409629129
2007-05-21,0.996449760895239
2007-05-22,0.0
2007-05-23,0.0
2007-05-24,0.0
2007-05-25,0.0
2007-05-29,0.0
2007-05-30,0.0
2007-05-31,0.0
2007-06-01,0.0
2007-06-04,0.0
2007-06-05,0.0
2007-06-06,0.0
2007-06-07,-1.1102230246251565e-14
2007-06-08,-0.33716278103834396
2007-06-11,-0.6939831816104669
2007-06-12,-0.8997972981477684
2007-06-13,-0.9010018497117387
2007-06-14,-0.8897361047347301
2007-06-15,-0.8625862887595981
2007-06-18,-0.8365044612357351
2007-06-19,-0.7919941809905198
2007-06-20,-0.8081510120022659
2007-06-21,-0.7974644992396642
2007-06-22,-0.8569773504842919
2007-06-25,-0.9083672229170321
2007-06-26,-0.9472736594169959
2007-06-27,-0.9497341127009609
2007-06-28,-0.9582424913132133
2007-06-29,-0.9663423060992553
2007-07-02,-0.9510595120153851
2007-07-03,-0.9329961550096817
2007-07-05,-0.9170529892979153
2007-07-06,-0.884341876951382
2007-07-09,-0.8438114741848723
2007-07-10,-0.8476599866037771
2007-07-11,-0.8148159248356652
2007-07-12,-0.6078208608944939
2007-07-13,-0.27238812946900914
2007-07-16,0.2039651615864373
2007-07-17,0.6241643390899372
2007-07-18,0.8823632996725734
2007-07-19,0.9704088913906763
2007-07-20,0.9910274449415357
2007-07-23,0.0
2007-07-24,0.0
2007-07-25,0.0
2007-07-26,0.0
2007-07-27,0.0
2007-07-30,0.0
2007-07-31,0.0
2007-08-01,0.0
2007-08-02,0.0
2007-08-03,0.0
2007-08-06,0.0
2007-08-07,-3.3306690738754696e-15
2007-08-08,-0.23054596357601365
2007-08-09,-0.6307285534405069
2007-08-10,-0.907795186966863
2007-08-13,-0.9813953428427422
2007-08-14,-0.9980597948877725
2007-08-15,0.0
2007-08-16,0.0
2007-08-17,0.0
2007-08-20,0.0
2007-08-21,0.0
2007-08-22,0.0
2007-08-23,0.0
2007-08-24,0.0
2007-08-27,0.0
2007-08-28,0.0
2007-08-29,0.0
2007-08-30,8.659739592076221e-15
2007-08-31,0.42162688766763634
2007-09-04,0.7279183398358784
2007-09-05,0.839300966955403
2007-09-06,0.9284386124442552
2007-09-07,0.9444832853912419
2007-09-10,0.9368302387556602
2007-09-11,0.9380882722417219
2007-09-12,0.9540785344017879
2007-09-13,0.9661286691840552
2007-09-14,0.9744465275490728
2007-09-17,0.98011464495896
2007-09-18,0.9944880265689606
2007-09-19,0.0
2007-09-20,0.0
2007-09-21,0.0
2007-09-24,0.0
2007-09-25,0.0
2007-09-26,0.0
2007-09-27,0.0
2007-09-28,0.0
2007-10-01,0.0
2007-10-02,0.0
2007-10-03,0.0
2007-10-04,0.0
2007-10-05,0.5046102587139494
2007-10-08,0.775366077062845
2007-10-09,0.9211672314233017
2007-10-10,0.9791044512163185
2007-10-11,0.9886242646613832
2007-10-12,0.9931398998560168
2007-10-15,0.0
2007-10-16,0.0
2007-10-17,0.0
2007-10-18,0.0
2007-10-19,0.0
2007-10-22,0.0
2007-10-23,0.0
2007-10-24,0.0
2007-10-25,0.0
2007-10-26,0.0
2007-10-29,0.0
2007-10-30,5.995204332975845e-15
2007-10-31,-0.13543010000839106
2007-11-01,-0.37636286823251286
2007-11-02,-0.5323826800759002
2007-11-05,-0.6516156506076438
2007-11-06,-0.7344035110862319
2007-11-07,-0.8403626131598019
2007-11-08,-0.9126235411823767
2007-11-09,-0.9708186016001896
2007-11-12,-0.9918684321008846
2007-11-13,0.0
2007-11-14,0.0
2007-11-15,0.0
2007-11-16,0.0
2007-11-19,0.0
2007-11-20,0.0
2007-11-21,0.0
2007-11-23,0.0
2007-11-26,0.0
2007-11-27,0.0
2007-11-28,0.0
2007-11-29,7.549516567451064e-15
2007-11-30,0.27970345067385427
2007-12-03,0.3702002729074769
2007-12-04,0.43472867500490375
2007-12-05,0.6690459723204634
2007-12-06,0.8756569261616172
2007-12-07,0.9791010986087627
2007-12-10,0.9982889867410674
2007-12-11,0.0
2007-12-12,0.0
2007-12-13,0.0
2007-12-14,0.0
2007-12-17,0.0
2007-12-18,0.0
2007-12-19,0.0
2007-12-20,0.0
2007-12-21,0.0
2007-12-24,0.0
2007-12-26,0.0
2007-12-27,1.354472090042691e-14
2007-12-28,-0.1911094085070637
2007-12-31,-0.5397070008684675
2008-01-02,-0.9201309632748358
2008-01-03,-0.9931552499787195
2008-01-04,0.0
2008-01-07,0.0
2008-01-08,0.0
2008-01-09,0.0
2008-01-10,0.0
2008-01-11,0.0
2008-01-14,0.0
2008-01-15,0.0
2008-01-16,0.0
2008-01-17,0.0
2008-01-18,0.0
2008-01-22,6.8833827526759706e-15
2008-01-23,-0.19280169503424727
2008-01-24,-0.3904309083514419
2008-01-25,-0.5662192052130601
2008-01-28,-0.5997243820580498
2008-01-29,-0.5987335644125893
2008-01-30,-0.5873047290740994
2008-01-31,-0.4950793039312369
2008-02-01,-0.29625787276815263
2008-02-04,-0.13105508315309544
2008-02-05,-0.07061576294370298
2008-02-06,-0.006398380255098424
2008-02-07,0.05114392824377223
2008-02-08,0.06986488289001036
2008-02-11,0.13337928944119004
2008-02-12,0.1827777593641533
2008-02-13,0.3601666564651158
2008-02-14,0.46076199629684833
2008-02-15,0.5345433805886235
2008-02-19,0.596216672536783
2008-02-20,0.6727112315587069
2008-02-21,0.706288058812323
2008-02-22,0.7574272660675345
2008-02-25,0.8312706789141366
2008-02-26,0.8900215711026658
2008-02-27,0.9215605148950103
2008-02-28,0.9387981904857365
2008-02-29,0.9411869936831723
2008-03-03,0.944232568112271
2008-03-04,0.9464793080927978
2008-03-05,0.9524482258184424
2008-03-06,0.951128682267985
2008-03-07,0.9384387699583676
2008-03-10,0.9124752369265583
2008-03-11,0.9110720602920852
2008-03-12,0.9149448330748471
2008-03-13,0.9252432652471494
2008-03-14,0.9198542036491857
2008-03-17,0.9241814693976542
2008-03-18,0.9477559973561631
2008-03-19,0.9565571789199374
2008-03-20,0.955818924113313
2008-03-24,0.958899035425858
2008-03-25,0.9634808443869483
2008-03-26,0.9661136152135257
2008-03-27,0.9649562813619394
2008-03-28,0.9642301933898412
2008-03-31,0.968891257957551
2008-04-01,0.9799864971148773
2008-04-02,0.9865750909411048
2008-04-03,0.9900534176844802
2008-04-04,0.0
2008-04-07,0.0
2008-04-08,0.0
2008-04-09,0.0
2008-04-10,0.0
2008-04-11,0.0
2008-04-14,0.0
2008-04-15,0.0
2008-04-16,0.0
2008-04-17,0.0
2008-04-18,0.0
2008-04-21,-1.199040866595169e-14
2008-04-22,0.1504854263952069
2008-04-23,0.20556299778428588
2008-04-24,0.039756962637842674
2008-04-25,-0.2970832231585505
2008-04-28,-0.635326139967131
2008-04-29,-0.8523387105224498
2008-04-30,-0.949349816343307
2008-05-01,-0.9777482471623282
2008-05-02,-0.987299776649817
2008-05-05,-0.9955216510702636
2008-05-06,0.0
2008-05-07,0.0
2008-05-08,0.0
2008-05-09,0.0
2008-05-12,0.0
2008-05-13,0.0
2008-05-14,0.0
2008-05-15,0.0
2008-05-16,0.0
2008-05-19,0.0
2008-05-20,0.0
2008-05-21,-1.6653345369377348e-14
2008-05-22,-0.09844249182536613
2008-05-23,-0.3919006245206882
2008-05-27,-0.5531392326825126
2008-05-28,-0.5572705361262353
2008-05-29,-0.3947165837520601
2008-05-30,-0.2654959818196887
2008-06-02,-0.41292771882098056
2008-06-03,-0.5421940995802501
2008-06-04,-0.6305287064114586
2008-06-05,-0.5437962729951926
2008-06-06,-0.7997504168377925
2008-06-09,-0.8793260326692922
2008-06-10,-0.9229602233946601
2008-06-11,-0.9687289334438842
2008-06-12,-0.9860543254487306
2008-06-13,-0.9912121485692174
2008-06-16,0.0
2008-06-17,0.0
2008-06-18,0.0
2008-06-19,0.0
2008-06-20,0.0
2008-06-23,0.0
2008-06-24,0.0
2008-06-25,0.0
2008-06-26,0.0
2008-06-27,0.0
2008-06-30,0.0
2008-07-01,0.0
2008-07-02,-0.39126773450110797
2008-07-03,-0.6118476994105309
2008-07-07,-0.7471201735118733
2008-07-08,-0.7951151744724463
2008-07-09,-0.9029302347043384
2008-07-10,-0.9543456166836
2008-07-11,-0.9808558073957361
2008-07-14,-0.9916879531253944
2008-07-15,0.0
2008-07-16,0.0
2008-07-17,0.0
2008-07-18,0.0
2008-07-21,0.0
2008-07-22,0.0
2008-07-23,0.0
2008-07-24,0.0
2008-07-25,0.0
2008-07-28,0.0
2008-07-29,0.0
2008-07-30,0.0
2008-07-31,0.10677970983490592
2008-08-01,0.16100459544967305
2008-08-04,0.14145125368587141
2008-08-05,0.4620799463628884
2008-08-06,0.6889584513001752
2008-08-07,0.7922362941021195
2008-08-08,0.9489119702102282
2008-08-11,0.9945937951268495
2008-08-12,0.0
2008-08-13,0.0
2008-08-14,0.0
2008-08-15,0.0
2008-08-18,0.0
2008-08-19,0.0
2008-08-20,0.0
2008-08-21,0.0
2008-08-22,0.0
2008-08-25,0.0
2008-08-26,0.0
2008-08-27,6.8833827526759706e-15
2008-08-28,0.19042567402210597
2008-08-29,0.17229971874444816
2008-09-02,0.0550650193379405
2008-09-03,-0.11467378820680407
2008-09-04,-0.46204866216427876
2008-09-05,-0.7675738192019614
2008-09-08,-0.7972026374807872
2008-09-09,-0.9193182467965872
2008-09-10,-0.9822222195788628
2008-09-11,-0.9928633901087196
2008-09-12,0.0
2008-09-15,0.0
2008-09-16,0.0
2008-09-17,0.0
2008-09-18,0.0
2008-09-19,0.0
2008-09-22,0.0
2008-09-23,0.0
2008-09-24,0.0
2008-09-25,0.0
2008-09-26,0.0
2008-09-29,0.0
2008-09-30,-0.17965711789167016
2008-10-01,-0.45181713862910433
2008-10-02,-0.7904628772925073
2008-10-03,-0.9580299219391621
2008-10-06,-0.9975088009836426
2008-10-07,0.0
2008-10-08,0.0
2008-10-09,0.0
2008-10-10,0.0
2008-10-13,0.0
2008-10-14,0.0
2008-10-15,0.0
2008-10-16,0.0
2008-10-17,0.0
2008-10-20,0.0
2008-10-21,0.0
2008-10-22,5.10702591327572e-15
2008-10-23,0.3919839511422618
2008-10-24,0.5530554370063987
2008-10-27,0.7192804391919911
2008-10-28,0.9301444955697096
2008-10-29,0.9791202688624965
2008-10-30,0.9946664841171562
2008-10-31,0.0
2008-11-03,0.0
2008-11-04,0.0
2008-11-05,0.0
2008-11-06,0.0
2008-11-07,0.0
2008-11-10,0.0
2008-11-11,0.0
2008-11-12,0.0
2008-11-13,0.0
2008-11-14,0.0
2008-11-17,0.0
2008-11-18,-0.14622031076533792
2008-11-19,-0.5631818856645472
2008-11-20,-0.8924841595503226
2008-11-21,-0.9240830410601366
2008-11-24,-0.9056511015104203
2008-11-25,-0.8738162459648882
2008-11-26,-0.733374908701173
2008-11-28,-0.4450346197502051
2008-12-01,-0.4779861950960711
2008-12-02,-0.6109314478246546
2008-12-03,-0.7242970232984116
2008-12-04,-0.862232461669113
2008-12-05,-0.9258096707353634
2008-12-08,-0.9806953302047261
2008-12-09,-0.9973238993274891
2008-12-10,0.0
2008-12-11,0.0
2008-12-12,0.0
2008-12-15,0.0
2008-12-16,0.0
2008-12-17,0.0
2008-12-18,0.0
2008-12-19,0.0
2008-12-22,0.0
2008-12-23,0.0
2008-12-24,0.0
2008-12-26,7.327471962526033e-15
2008-12-29,-0.2107859405409067
2008-12-30,-0.07387390357485168
2008-12-31,0.12209011544941517
2009-01-02,0.5446330223249096
2009-01-05,0.7527869306865798
2009-01-06,0.9086104296133048
2009-01-07,0.9506969889067347
2009-01-08,0.9802486761137588
2009-01-09,0.9882220459636337
2009-01-12,0.9899905806554761
2009-01-13,0.9868271258726755
2009-01-14,0.9700653722868382
2009-01-15,0.9424599894320935
2009-01-16,0.9362779056789545
2009-01-20,0.8351318164437238
2009-01-21,0.6798493778254244
2009-01-22,0.44092969055900566
2009-01-23,0.0018911183362868567
2009-01-26,-0.3518207894373684
2009-01-27,-0.5955794417426197
2009-01-28,-0.6734897798794159
2009-01-29,-0.6600181926514532
2009-01-30,-0.819086787213728
2009-02-02,-0.9703819962385498
2009-02-03,-0.9955249285382273
2009-02-04,0.0
2009-02-05,0.0
2009-02-06,0.0
2009-02-09,0.0
2009-02-10,0.0
2009-02-11,0.0
2009-02-12,0.0
2009-02-13,0.0
2009-02-17,0.0
2009-02-18,0.0
2009-02-19,0.0
2009-02-20,-2.220446049250313e-15
2009-02-23,-0.4072907364152465
2009-02-24,-0.5664680023216271
2009-02-25,-0.7331095285595202
2009-02-26,-0.8529472034119066
2009-02-27,-0.9383558404211403
2009-03-02,-0.9893187261692837
2009-03-03,-0.9984863708193181
2009-03-04,0.0
2009-03-05,0.0
2009-03-06,0.0
2009-03-09,0.0
2009-03-10,0.0
2009-03-11,0.0
2009-03-12,0.0
2009-03-13,0.0
2009-03-16,0.0
2009-03-17,0.0
2009-03-18,0.0
2009-03-19,-3.774758283725532e-15
2009-03-20,-0.008755527665502472
2009-03-23,0.2512200059457521
2009-03-24,0.4037202175451373
2009-03-25,0.5728809090344367
2009-03-26,0.7801457784679999
2009-03-27,0.8844690613615198
2009-03-30,0.9212347512099603
2009-03-31,0.9570170743431523
2009-04-01,0.9814563479957685
2009-04-02,0.9947307997753951
2009-04-03,0.0
2009-04-06,0.0
2009-04-07,0.0
2009-04-08,0.0
2009-04-09,0.0
2009-04-13,0.0
2009-04-14,0.0
2009-04-15,0.0
2009-04-16,0.0
2009-04-17,0.0
2009-04-20,0.0
2009-04-21,-8.659739592076221e-15
2009-04-22,0.054864328496114334
2009-04-23,0.3139135511739497
2009-04-24,0.8240430196961928
2009-04-27,0.9796544030250207
2009-04-28,0.9977767187776247
2009-04-29,0.0
2009-04-30,0.0
2009-05-01,0.0
2009-05-04,0.0
2009-05-05,0.0
2009-05-06,0.0
2009-05-07,0.0
2009-05-08,0.0
2009-05-11,0.0
2009-05-12,0.0
2009-05-13,0.0
2009-05-14,1.7763568394002505e-15
2009-05-15,-0.12744298860669945
2009-05-18,0.05670474248060242
2009-05-19,0.17588892147612323
2009-05-20,0.22392610096595678
2009-05-21,-0.07595519796598027
2009-05-22,-0.43636004744138956
2009-05-26,-0.4322701786133387
2009-05-27,-0.694253010776924
2009-05-28,-0.8176530953481769
2009-05-29,-0.8665945060713847
2009-06-01,-0.7543782279901556
2009-06-02,-0.5075733945494951
2009-06-03,-0.26036331286086467
2009-06-04,0.06612926933008967
2009-06-05,0.5238284217864146
2009-06-08,0.7950388958926573
2009-06-09,0.9167833310939331
2009-06-10,0.9726053364808962
2009-06-11,0.9928132946873844
2009-06-12,0.0
2009-06-15,0.0
2009-06-16,0.0
2009-06-17,0.0
2009-06-18,0.0
2009-06-19,0.0
2009-06-22,0.0
2009-06-23,0.0
2009-06-24,0.0
2009-06-25,0.0
2009-06-26,0.0
2009-06-29,5.773159728050814e-15
2009-06-30,0.23625184790149167
2009-07-01,0.53540249515647
2009-07-02,0.6926181126631539
2009-07-06,0.8342226507341031
2009-07-07,0.8126533354300047
2009-07-08,0.8099648618033539
2009-07-09,0.8125545886470236
2009-07-10,0.8572150471184723
2009-07-13,0.9185449819242058
2009-07-14,0.9580211645554941
2009-07-15,0.9897459414490031
2009-07-16,0.9991410019934663
2009-07-17,0.0
2009-07-20,0.0
2009-07-21,0.0
2009-07-22,0.0
2009-07-23,0.0
2009-07-24,0.0
2009-07-27,0.0
2009-07-28,0.0
2009-07-29,0.0
2009-07-30,0.0
2009-07-31,0.0
2009-08-03,1.1102230246251565e-15
2009-08-04,0.2818175770789506
2009-08-05,0.5024986618240388
2009-08-06,0.6931984563512756
2009-08-07,0.8337604702866113
2009-08-10,0.8839905548831617
2009-08-11,0.9252725679303666
2009-08-12,0.9601343322808968
2009-08-13,0.9804479669103505
2009-08-14,0.9880273431966522
2009-08-17,0.9906666317489663
2009-08-18,0.0
2009-08-19,0.0
2009-08-20,0.0
2009-08-21,0.0
2009-08-24,0.0
2009-08-25,0.0
2009-08-26,0.0
2009-08-27,0.0
2009-08-28,0.0
2009-08-31,0.0
2009-09-01,0.0
2009-09-02,0.0
2009-09-03,-0.0995064057207855
2009-09-04,-0.1195781691667599
2009-09-08,-0.06706810042515388
2009-09-09,0.2812609539960662
2009-09-10,0.7194535532250885
2009-09-11,0.903780652880676
2009-09-14,0.9811936513870323
2009-09-15,0.9975477549939409
2009-09-16,0.0
2009-09-17,0.0
2009-09-18,0.0
2009-09-21,0.0
2009-09-22,0.0
2009-09-23,0.0
2009-09-24,0.0
2009-09-25,0.0
2009-09-28,0.0
2009-09-29,0.0
2009-09-30,0.0
2009-10-01,-1.687538997430238e-14
2009-10-02,-0.619662404954799
2009-10-05,-0.8089881553189282
2009-10-06,-0.8387217917573868
2009-10-07,-0.9197461397150954
2009-10-08,-0.897904341155223
2009-10-09,-0.8574253805540188
2009-10-12,-0.7933130531227204
2009-10-13,-0.7449291624460914
2009-10-14,-0.36110130469491963
2009-10-15,0.17749891058516498
2009-10-16,0.5044394583626945
2009-10-19,0.7698810858259053
2009-10-20,0.8905381348170873
2009-10-21,0.9628496730588227
2009-10-22,0.998490041233439
2009-10-23,0.0
2009-10-26,0.0
2009-10-27,0.0
2009-10-28,0.0
2009-10-29,0.0
2009-10-30,0.0
2009-11-02,0.0
2009-11-03,0.0
2009-11-04,0.0
2009-11-05,0.0
2009-11-06,0.0
2009-11-09,-7.105427357601002e-15
2009-11-10,0.40296281732788386
2009-11-11,0.688938354212234
2009-11-12,0.8142955199437392
2009-11-13,0.8980141779866753
2009-11-16,0.9600340130836844
2009-11-17,0.9901712386424149
2009-11-18,0.0
2009-11-19,0.0
2009-11-20,0.0
2009-11-23,0.0
2009-11-24,0.0
2009-11-25,0.0
2009-11-27,0.0
2009-11-30,0.0
2009-12-01,0.0
2009-12-02,0.0
2009-12-03,0.0
2009-12-04,-2.042810365310288e-14
2009-12-07,0.09927122360236695
2009-12-08,-0.08205489199530525
2009-12-09,0.5619843940345346
2009-12-10,0.951807614156776
2009-12-11,0.9995712171315163
2009-12-14,0.0
2009-12-15,0.0
2009-12-16,0.0
2009-12-17,0.0
2009-12-18,0.0
2009-12-21,0.0
2009-12-22,0.0
2009-12-23,0.0
2009-12-24,0.0
2009-12-28,0.0
2009-12-29,0.0
2009-12-30,-1.1324274851176597e-14
2009-12-31,0.07621971235212932
2010-01-04,0.21090070718256793
2010-01-05,0.2422897463945075
2010-01-06,0.4561489802941088
2010-01-07,0.6323646937563379
2010-01-08,0.8071842272190712
2010-01-11,0.8933966961531616
2010-01-12,0.9456489269962278
2010-01-13,0.9698487823206743
2010-01-14,0.9811749392485123
2010-01-15,0.9875429450045945
2010-01-19,0.9969331618221196
2010-01-20,0.0
2010-01-21,0.0
2010-01-22,0.0
2010-01-25,0.0
2010-01-26,0.0
2010-01-27,0.0
2010-01-28,0.0
2010-01-29,0.0
2010-02-01,0.0
2010-02-02,0.0
2010-02-03,0.0
2010-02-04,4.440892098500626e-15
2010-02-05,-0.4358202737770531
2010-02-08,-0.8076834332273606
2010-02-09,-0.9221420180310387
2010-02-10,-0.9730877988979949
2010-02-11,-0.9813213808378765
2010-02-12,-0.9923728068397788
2010-02-16,0.0
2010-02-17,0.0
2010-02-18,0.0
2010-02-19,0.0
2010-02-22,0.0
2010-02-23,0.0
2010-02-24,0.0
2010-02-25,0.0
2010-02-26,0.0
2010-03-01,0.0
2010-03-02,0.0
2010-03-03,3.6637359812630166e-14
2010-03-04,0.1947327990947394
2010-03-05,0.7292352759069418
2010-03-08,0.8435194117688085
2010-03-09,0.9538855311870684
2010-03-10,0.9820421711155962
2010-03-11,0.9907499844416312
2010-03-12,0.0
2010-03-15,0.0
2010-03-16,0.0
2010-03-17,0.0
2010-03-18,0.0
2010-03-19,0.0
2010-03-22,0.0
2010-03-23,0.0
2010-03-24,0.0
2010-03-25,0.0
2010-03-26,0.0
2010-03-29,4.218847493575595e-15
2010-03-30,0.6518739396178632
2010-03-31,0.879528476028165
2010-04-01,0.9738623289651924
2010-04-05,0.9970120261656898
2010-04-06,0.0
2010-04-07,0.0
2010-04-08,0.0
2010-04-09,0.0
2010-04-12,0.0
2010-04-13,0.0
2010-04-14,0.0
2010-04-15,0.0
2010-04-16,0.0
2010-04-19,0.0
2010-04-20,0.0
2010-04-21,7.549516567451064e-15
2010-04-22,0.4756983940045256
2010-04-23,0.8377272162595579
2010-04-26,0.9824227820535378
2010-04-27,0.9994397143336473
2010-04-28,0.0
2010-04-29,0.0
2010-04-30,0.0
2010-05-03,0.0
2010-05-04,0.0
2010-05-05,0.0
2010-05-06,0.0
2010-05-07,0.0
2010-05-10,0.0
2010-05-11,0.0
2010-05-12,0.0
2010-05-13,-7.327471962526033e-15
2010-05-14,-0.2038426057399636
2010-05-17,-0.3814124486152597
2010-05-18,-0.5766289604998396
2010-05-19,-0.7683780511190048
2010-05-20,-0.9431401805732262
2010-05-21,-0.9857272989476651
2010-05-24,-0.9979819940205326
2010-05-25,0.0
2010-05-26,0.0
2010-05-27,0.0
2010-05-28,0.0
2010-06-01,0.0
2010-06-02,0.0
2010-06-03,0.0
2010-06-04,0.0
2010-06-07,0.0
2010-06-08,0.0
2010-06-09,0.0
2010-06-10,4.440892098500626e-15
2010-06-11,0.0606545617701566
2010-06-14,0.10089261713040165
2010-06-15,0.28829638963264914
2010-06-16,0.5321151547671286
2010-06-17,0.7190744517585086
2010-06-18,0.8466320900709949
2010-06-21,0.9265926165204288
2010-06-22,0.952959141835092
2010-06-23,0.9709169863033202
2010-06-24,0.9706532519221285
2010-06-25,0.9753091845025108
2010-06-28,0.9796249382247597
2010-06-29,0.9809740695735811
2010-06-30,0.9843134409270948
2010-07-01,0.9855590129888063
2010-07-02,0.9835415140796262
2010-07-06,0.9833349928397523
2010-07-07,0.9904600864579642
2010-07-08,0.0
2010-07-09,0.0
2010-07-12,0.0
2010-07-13,0.0
2010-07-14,0.0
2010-07-15,0.0
2010-07-16,0.0
2010-07-19,0.0
2010-07-20,0.0
2010-07-21,0.0
2010-07-22,0.0
2010-07-23,-6.217248937900877e-15
2010-07-26,0.5954518274710461
2010-07-27,0.8702819805545758
2010-07-28,0.9670808256167442
2010-07-29,0.9920902737859698
2010-07-30,0.0
2010-08-02,0.0
2010-08-03,0.0
2010-08-04,0.0
2010-08-05,0.0
2010-08-06,0.0
2010-08-09,0.0
2010-08-10,0.0
2010-08-11,0.0
2010-08-12,0.0
2010-08-13,0.0
2010-08-16,-7.105427357601002e-15
2010-08-17,-0.2501767385170117
2010-08-18,-0.45668457588755684
2010-08-19,-0.7448487031183921
2010-08-20,-0.9275227396331123
2010-08-23,-0.9816754315483929
2010-08-24,-0.9970688767551521
2010-08-25,0.0
2010-08-26,0.0
2010-08-27,0.0
2010-08-30,0.0
2010-08-31,0.0
2010-09-01,0.0
2010-09-02,0.0
2010-09-03,0.0
2010-09-07,0.0
2010-09-08,0.0
2010-09-09,0.0
2010-09-10,-9.547918011776346e-15
2010-09-13,0.42699742796984475
2010-09-14,0.705910981222539
2010-09-15,0.8650166642596839
2010-09-16,0.9510344722048705
2010-09-17,0.9901189013576717
2010-09-20,0.0
2010-09-21,0.0
2010-09-22,0.0
2010-09-23,0.0
2010-09-24,0.0
2010-09-27,0.0
2010-09-28,0.0
2010-09-29,0.0
2010-09-30,0.0
2010-10-01,0.0
2010-10-04,0.0
2010-10-05,1.532107773982716e-14
2010-10-06,0.6821804999461272
2010-10-07,0.8907029329798457
2010-10-08,0.975316321463237
2010-10-11,0.9899344931723282
2010-10-12,0.9956790327953962
2010-10-13,0.0
2010-10-14,0.0
2010-10-15,0.0
2010-10-18,0.0
2010-10-19,0.0
2010-10-20,0.0
2010-10-21,0.0
2010-10-22,0.0
2010-10-25,0.0
2010-10-26,0.0
2010-10-27,0.0
2010-10-28,1.9984014443252818e-15
2010-10-29,-0.6453355004877683
2010-11-01,-0.9320182036875582
2010-11-02,-0.988543989425914
2010-11-03,-0.9981203973970663
2010-11-04,0.0
2010-11-05,0.0
2010-11-08,0.0
2010-11-09,0.0
2010-11-10,0.0
2010-11-11,0.0
2010-11-12,0.0
2010-11-15,0.0
2010-11-16,0.0
2010-11-17,0.0
2010-11-18,0.0
2010-11-19,1.1324274851176597e-14
2010-11-22,-0.10920954323074317
2010-11-23,-0.5116259176281726
2010-11-24,-0.6173521208990178
2010-11-26,-0.7381318688451208
2010-11-29,-0.8415524464189454
2010-11-30,-0.9203177521029835
2010-12-01,-0.8655090760094963
2010-12-02,-0.741119742744476
2010-12-03,-0.49414243370286304
2010-12-06,-0.18901819308726098
2010-12-07,-0.39570157496749836
2010-12-08,-0.4928695772822358
2010-12-09,-0.6539124085354957
2010-12-10,-0.7540097307656226
2010-12-13,-0.7455337878483557
2010-12-14,-0.6804012688153906
2010-12-15,-0.6119659888694338
2010-12-16,-0.45419081624551816
2010-12-17,-0.2812873697764089
2010-12-20,0.06823095375188837
2010-12-21,0.270078430110845
2010-12-22,0.4758991618833581
2010-12-23,0.615053932134765
2010-12-27,0.7715437278106221
2010-12-28,0.8602181257521773
2010-12-29,0.9191603768672716
2010-12-30,0.9506175760142506
2010-12-31,0.9670802773972871
2011-01-03,0.9831810698988286
2011-01-04,0.9911998631890129
2011-01-05,0.0
2011-01-06,0.0
2011-01-07,0.0
2011-01-10,0.0
2011-01-11,0.0
2011-01-12,0.0
2011-01-13,0.0
2011-01-14,0.0
2011-01-18,0.0
2011-01-19,0.0
2011-01-20,0.0
2011-01-21,-1.6209256159527285e-14
2011-01-24,0.5561959305298882
2011-01-25,0.6665252513947735
2011-01-26,0.8514608145018481
2011-01-27,0.9271288216638658
2011-01-28,0.9068880011854157
2011-01-31,0.9091741736458017
2011-02-01,0.9055435119134916
2011-02-02,0.9003111240825024
2011-02-03,0.9047449656813873
2011-02-04,0.9225973422214702
2011-02-07,0.9510704814713249
2011-02-08,0.9791048128187654
2011-02-09,0.9964044743648284
2011-02-10,0.0
2011-02-11,0.0
2011-02-14,0.0
2011-02-15,0.0
2011-02-16,0.0
2011-02-17,0.0
2011-02-18,0.0
2011-02-22,0.0
2011-02-23,0.0
2011-02-24,0.0
2011-02-25,0.0
2011-02-28,-5.773159728050814e-15
2011-03-01,-0.19007163358907153
2011-03-02,-0.1980029149101008
2011-03-03,0.07612565646802882
2011-03-04,0.2175296854447808
2011-03-07,0.3780723735763325
2011-03-08,0.6791493241404796
2011-03-09,0.8206753750240332
2011-03-10,0.6931102790985759
2011-03-11,0.7017626233729737
2011-03-14,0.6537795733652583
2011-03-15,0.42117624535150355
2011-03-16,-0.14560022773514114
2011-03-17,-0.5041048553922249
2011-03-18,-0.7314975010243856
2011-03-21,-0.756154185918684
2011-03-22,-0.794606598247503
2011-03-23,-0.7358091177401107
2011-03-24,-0.6306994414573917
2011-03-25,-0.5394812603644299
2011-03-28,-0.45682102399322755
2011-03-29,-0.2857420979671703
2011-03-30,-0.1509425486985163
2011-03-31,0.11255088070177344
2011-04-01,0.3159774662530559
2011-04-04,0.5424300631169499
2011-04-05,0.6980948466438031
2011-04-06,0.8318755673777851
2011-04-07,0.8954965677436546
2011-04-08,0.9381100350018277
2011-04-11,0.9713316180208245
2011-04-12,0.9785418952177496
2011-04-13,0.9867788219189269
2011-04-14,0.9922562636070984
2011-04-15,0.0
2011-04-18,0.0
2011-04-19,0.0
2011-04-20,0.0
2011-04-21,0.0
2011-04-25,0.0
2011-04-26,0.0
2011-04-27,0.0
2011-04-28,0.0
2011-04-29,0.0
2011-05-02,0.0
2011-05-03,7.327471962526033e-15
2011-05-04,0.13598907314729258
2011-05-05,0.13525881614273239
2011-05-06,0.19870636363258565
2011-05-09,0.2912631109819699
2011-05-10,0.3521013816100991
2011-05-11,0.3931192853571901
2011-05-12,0.5102385639858931
2011-05-13,0.5713140315635303
2011-05-16,0.5944342681959132
2011-05-17,0.5231044959974938
2011-05-18,0.48965626909220794
2011-05-19,0.5045623094152094
2011-05-20,0.44907471283315337
2011-05-23,0.3226477645547594
2011-05-24,0.15518335264237937
2011-05-25,0.03779447793121182
2011-05-26,-0.06726431151774359
2011-05-27,-0.12397283510900903
2011-05-31,-0.11808322128928439
2011-06-01,-0.30010255962968024
2011-06-02,-0.4604838594358345
2011-06-03,-0.6298446976082492
2011-06-06,-0.7608702648674699
2011-06-07,-0.8479887751749566
2011-06-08,-0.9063413860812624
2011-06-09,-0.9333668065890375
2011-06-10,-0.9625293734578924
2011-06-13,-0.9773225428098542
2011-06-14,-0.9825876500970065
2011-06-15,-0.9903453788447509
2011-06-16,0.0
2011-06-17,0.0
2011-06-20,0.0
2011-06-21,0.0
2011-06-22,0.0
2011-06-23,0.0
2011-06-24,0.0
2011-06-27,0.0
2011-06-28,0.0
2011-06-29,0.0
2011-06-30,0.0
2011-07-01,3.9968028886505635e-15
2011-07-05,0.4345094464369088
2011-07-06,0.8056995437675698
2011-07-07,0.9638226936766927
2011-07-08,0.994664041748033
2011-07-11,0.0
2011-07-12,0.0
2011-07-13,0.0
2011-07-14,0.0
2011-07-15,0.0
2011-07-18,0.0
2011-07-19,0.0
2011-07-20,0.0
2011-07-21,0.0
2011-07-22,0.0
2011-07-25,0.0
2011-07-26,-8.881784197001252e-15
2011-07-27,-0.7269786250745116
2011-07-28,-0.971611358707507
2011-07-29,-0.9989593425947769
2011-08-01,0.0
2011-08-02,0.0
2011-08-03,0.0
2011-08-04,0.0
2011-08-05,0.0
2011-08-08,0.0
2011-08-09,0.0
2011-08-10,0.0
2011-08-11,0.0
2011-08-12,0.0
2011-08-15,0.0
2011-08-16,-3.552713678800501e-15
2011-08-17,-0.09986041109372534
2011-08-18,-0.45340917460392705
2011-08-19,-0.7298435002772896
2011-08-22,-0.8821204860496084
2011-08-23,-0.9189097713284822
2011-08-24,-0.9371072105356375
2011-08-25,-0.9689214609424974
2011-08-26,-0.9774998533200845
2011-08-29,-0.974072539845033
2011-08-30,-0.9706690027317957
2011-08-31,-0.9606917134501844
2011-09-01,-0.9602644232983262
2011-09-02,-0.9740555668800803
2011-09-06,-0.9871405741316819
2011-09-07,-0.9893773865008035
2011-09-08,-0.9933885236285622
2011-09-09,0.0
2011-09-12,0.0
2011-09-13,0.0
2011-09-14,0.0
2011-09-15,0.0
2011-09-16,0.0
2011-09-19,0.0
2011-09-20,0.0
2011-09-21,0.0
2011-09-22,0.0
2011-09-23,0.0
2011-09-26,4.884981308350689e-15
2011-09-27,-0.10750647772407196
2011-09-28,-0.413712825198842
2011-09-29,-0.593796497969429
2011-09-30,-0.8295420060349148
2011-10-03,-0.950242198074148
2011-10-04,-0.9844938209587031
2011-10-05,-0.9950211023699844
2011-10-06,0.0
2011-10-07,0.0
2011-10-10,0.0
2011-10-11,0.0
2011-10-12,0.0
2011-10-13,0.0
2011-10-14,0.0
2011-10-17,0.0
2011-10-18,0.0
2011-10-19,0.0
2011-10-20,0.0
2011-10-21,3.3306690738754696e-15
2011-10-24,0.523938629222011
2011-10-25,0.48311729760042676
2011-10-26,0.44225209673651467
2011-10-27,0.7322729476676526
2011-10-28,0.8782123756259328
2011-10-31,0.9138576521444972
2011-11-01,0.8848476931397571
2011-11-02,0.8955622521238624
2011-11-03,0.9360665801262169
2011-11-04,0.9580160309140393
2011-11-07,0.9755908312177954
2011-11-08,0.9928551412978
2011-11-09,0.0
2011-11-10,0.0
2011-11-11,0.0
2011-11-14,0.0
2011-11-15,0.0
2011-11-16,0.0
2011-11-17,0.0
2011-11-18,0.0
2011-11-21,0.0
2011-11-22,0.0
2011-11-23,0.0
2011-11-25,1.5543122344752192e-15
2011-11-28,-0.16093939250808065
2011-11-29,-0.3493592845354563
2011-11-30,-0.17094761752747356
2011-12-01,-0.06625006012944401
2011-12-02,-0.016924693712921268
2011-12-05,0.13440463205851239
2011-12-06,0.3697930340961415
2011-12-07,0.5796255398363783
2011-12-08,0.6387579565192503
2011-12-09,0.7673132763774251
2011-12-12,0.8068239814560179
2011-12-13,0.8028231991975874
2011-12-14,0.7670597714697833
2011-12-15,0.7428503606199364
2011-12-16,0.7185526279092991
2011-12-19,0.6467648673357778
2011-12-20,0.6858815310611892
2011-12-21,0.7087697084368547
2011-12-22,0.7645298428560654
2011-12-23,0.8437087164763555
2011-12-27,0.9008157963188166
2011-12-28,0.9250252817903271
2011-12-29,0.9530459325699911
2011-12-30,0.9689993118861764
2012-01-03,0.9861746098949908
2012-01-04,0.9950828606546034
2012-01-05,0.0
2012-01-06,0.0
2012-01-09,0.0
2012-01-10,0.0
2012-01-11,0.0
2012-01-12,0.0
2012-01-13,0.0
2012-01-17,0.0
2012-01-18,0.0
2012-01-19,0.0
2012-01-20,0.0
2012-01-23,2.1094237467877974e-14
2012-01-24,0.36641686735554213
2012-01-25,0.7238138494639772
2012-01-26,0.9533146342005341
2012-01-27,0.9948679180461342
2012-01-30,0.0
2012-01-31,0.0
2012-02-01,0.0
2012-02-02,0.0
2012-02-03,0.0
2012-02-06,0.0
2012-02-07,0.0
2012-02-08,0.0
2012-02-09,0.0
2012-02-10,0.0
2012-02-13,0.0
2012-02-14,-3.6415315207705135e-14
2012-02-15,0.00036343485928092
2012-02-16,0.32079596602470417
2012-02-17,0.5422461635049882
2012-02-21,0.7177392684224975
2012-02-22,0.8617736318302776
2012-02-23,0.9484832656412066
2012-02-24,0.9893575560102508
2012-02-27,0.9977996396112649
2012-02-28,0.0
2012-02-29,0.0
2012-03-01,0.0
2012-03-02,0.0
2012-03-05,0.0
2012-03-06,0.0
2012-03-07,0.0
2012-03-08,0.0
2012-03-09,0.0
2012-03-12,0.0
2012-03-13,0.0
2012-03-14,1.3100631690576847e-14
2012-03-15,0.5002485793178684
2012-03-16,0.7691102286927023
2012-03-19,0.9158627809328337
2012-03-20,0.9675553379773454
2012-03-21,0.9850899978076255
2012-03-22,0.9918418109738867
2012-03-23,0.0
2012-03-26,0.0
2012-03-27,0.0
2012-03-28,0.0
2012-03-29,0.0
2012-03-30,0.0
2012-04-02,0.0
2012-04-03,0.0
2012-04-04,0.0
2012-04-05,0.0
2012-04-09,0.0
2012-04-10,0.0
2012-04-11,-0.40947846104842567
2012-04-12,-0.5480795957398361
2012-04-13,-0.7562570665606194
2012-04-16,-0.8468351263073262
2012-04-17,-0.8655808182743709
2012-04-18,-0.8938914171969152
2012-04-19,-0.925441104775891
2012-04-20,-0.9336008937221174
2012-04-23,-0.9477088433399989
2012-04-24,-0.9338354486945195
2012-04-25,-0.9096961189477755
2012-04-26,-0.8617330885253394
2012-04-27,-0.7974690693976183
2012-04-30,-0.7176827123965714
2012-05-01,-0.6053430762001937
2012-05-02,-0.48196560773487995
2012-05-03,-0.3587680104884172
2012-05-04,-0.2994637373090099
2012-05-07,-0.30320026619383955
2012-05-08,-0.34784609620454
2012-05-09,-0.41476300597525473
2012-05-10,-0.48750765165195853
2012-05-11,-0.5814036621873631
2012-05-14,-0.7128685819089868
2012-05-15,-0.8128351254466268
2012-05-16,-0.8785206513311485
2012-05-17,-0.9408931600964332
2012-05-18,-0.9791772012885327
2012-05-21,-0.9911923669025922
2012-05-22,0.0
2012-05-23,0.0
2012-05-24,0.0
2012-05-25,0.0
2012-05-29,0.0
2012-05-30,0.0
2012-05-31,0.0
2012-06-01,0.0
2012-06-04,0.0
2012-06-05,0.0
2012-06-06,0.0
2012-06-07,-8.43769498715119e-15
2012-06-08,0.3421460322223173
2012-06-11,0.48416468835326754
2012-06-12,0.7757423138762358
2012-06-13,0.891751656715051
2012-06-14,0.9675949534955686
2012-06-15,0.9944122302757197
2012-06-18,0.0
2012-06-19,0.0
2012-06-20,0.0
2012-06-21,0.0
2012-06-22,0.0
2012-06-25,0.0
2012-06-26,0.0
2012-06-27,0.0
2012-06-28,0.0
2012-06-29,0.0
2012-07-02,0.0
2012-07-03,1.6209256159527285e-14
2012-07-05,0.3296541322424211
2012-07-06,0.5159579309716724
2012-07-09,0.6578178769261711
2012-07-10,0.7047784815586637
2012-07-11,0.7123398025741667
2012-07-12,0.5853691704681347
2012-07-13,0.5721182878696305
2012-07-16,0.6103709379142785
2012-07-17,0.7173298178282161
2012-07-18,0.8887115404696553
2012-07-19,0.9626390972444587
2012-07-20,0.9843912005036237
2012-07-23,0.9917916526506436
2012-07-24,0.0
2012-07-25,0.0
2012-07-26,0.0
2012-07-27,0.0
2012-07-30,0.0
2012-07-31,0.0
2012-08-01,0.0
2012-08-02,0.0
2012-08-03,0.0
2012-08-06,0.0
2012-08-07,0.0
2012-08-08,2.4424906541753444e-15
2012-08-09,0.1481241549680412
2012-08-10,0.3955112848117981
2012-08-13,0.6052141394911972
2012-08-14,0.7466543995787625
2012-08-15,0.8573939064774105
2012-08-16,0.9557578756461738
2012-08-17,0.9913694830042536
2012-08-20,0.0
2012-08-21,0.0
2012-08-22,0.0
2012-08-23,0.0
2012-08-24,0.0
2012-08-27,0.0
2012-08-28,0.0
2012-08-29,0.0
2012-08-30,0.0
2012-08-31,0.0
2012-09-04,0.0
2012-09-05,2.9976021664879227e-14
2012-09-06,0.38569742205557644
2012-09-07,0.5309535105792205
2012-09-10,-0.14780682845373638
2012-09-11,-0.5685662628799724
2012-09-12,-0.873250426926766
2012-09-13,-0.8977245417084441
2012-09-14,-0.6050216074748509
2012-09-17,-0.15696566150165925
2012-09-18,0.2121224787073852
2012-09-19,0.5764609023132978
2012-09-20,0.8020226029643662
2012-09-21,0.8909267464780737
2012-09-24,0.9655133968045533
2012-09-25,0.9756883800992202
2012-09-26,0.9781373129504609
2012-09-27,0.984480357682479
2012-09-28,0.9833454569718956
2012-10-01,0.9928420085741803
2012-10-02,0.0
2012-10-03,0.0
2012-10-04,0.0
2012-10-05,0.0
2012-10-08,0.0
2012-10-09,0.0
2012-10-10,0.0
2012-10-11,0.0
2012-10-12,0.0
2012-10-15,0.0
2012-10-16,0.0
2012-10-17,3.3306690738754696e-15
2012-10-18,0.2080900470672742
2012-10-19,-0.025128111849682666
2012-10-22,-0.3293792196731382
2012-10-23,-0.9371749577588255
2012-10-24,-0.9990428051426998
2012-10-25,0.0
2012-10-26,0.0
2012-10-31,0.0
2012-11-01,0.0
2012-11-02,0.0
2012-11-05,0.0
2012-11-06,0.0
2012-11-07,0.0
2012-11-08,0.0
2012-11-09,0.0
2012-11-12,0.0
2012-11-13,-1.021405182655144e-14
2012-11-14,-0.38880377410944766
2012-11-15,-0.5554984624260197
2012-11-16,-0.6121829956678106
2012-11-19,-0.4867680683810096
2012-11-20,-0.3446348175483753
2012-11-21,-0.21482726385562323
2012-11-23,0.1915326084506166
2012-11-26,0.5051663236549411
2012-11-27,0.7525624067584435
2012-11-28,0.9215919487756612
2012-11-29,0.9768425046883973
2012-11-30,0.9953575271450608
2012-12-03,0.0
2012-12-04,0.0
2012-12-05,0.0
2012-12-06,0.0
2012-12-07,0.0
2012-12-10,0.0
2012-12-11,0.0
2012-12-12,0.0
2012-12-13,0.0
2012-12-14,0.0
2012-12-17,0.0
2012-12-18,-2.220446049250313e-15
2012-12-19,0.17445437146165532
2012-12-20,0.4877647141519672
2012-12-21,0.6071062579185931
2012-12-24,0.7103815847910226
2012-12-26,0.7811201067166365
2012-12-27,0.8106728146642577
2012-12-28,0.7845737160369493
2012-12-31,0.8247657362642333
2013-01-02,0.9273184878651939
2013-01-03,0.9719368357128753
2013-01-04,0.9929543143864015
2013-01-07,0.0
2013-01-08,0.0
2013-01-09,0.0
2013-01-10,0.0
2013-01-11,0.0
2013-01-14,0.0
2013-01-15,0.0
2013-01-16,0.0
2013-01-17,0.0
2013-01-18,0.0
2013-01-22,0.0
2013-01-23,8.659739592076221e-15
2013-01-24,0.36511690064108815
2013-01-25,0.7271423040964309
2013-01-28,0.9085884192289289
2013-01-29,0.9859889222996951
2013-01-30,0.9973089443979586
2013-01-31,0.0
2013-02-01,0.0
2013-02-04,0.0
2013-02-05,0.0
2013-02-06,0.0
2013-02-07,0.0
2013-02-08,0.0
2013-02-11,0.0
2013-02-12,0.0
2013-02-13,0.0
2013-02-14,0.0
2013-02-15,0.0
2013-02-19,0.4582114060960967
2013-02-20,0.6447279663517993
2013-02-21,0.7359120816659721
2013-02-22,0.8624922243497315
2013-02-25,0.8490192774593228
2013-02-26,0.8693579835309899
2013-02-27,0.935414666838978
2013-02-28,0.9759576060632187
2013-03-01,0.990688230967872
2013-03-04,0.0
2013-03-05,0.0
2013-03-06,0.0
2013-03-07,0.0
2013-03-08,0.0
2013-03-11,0.0
2013-03-12,0.0
2013-03-13,0.0
2013-03-14,0.0
2013-03-15,0.0
2013-03-18,0.0
2013-03-19,3.552713678800501e-15
2013-03-20,0.13651241643912115
2013-03-21,0.08121083932363371
2013-03-22,0.37764982463014074
2013-03-25,0.37291919988273703
2013-03-26,0.5408498197731104
2013-03-27,0.5536618461570166
2013-03-28,0.71141708155421
2013-04-01,0.7581271350732077
2013-04-02,0.8666809847898254
2013-04-03,0.8912619724093773
2013-04-04,0.9177338370135326
2013-04-05,0.9366669534272216
2013-04-08,0.9505614352916207
2013-04-09,0.9656572081029673
2013-04-10,0.9922217764582804
2013-04-11,0.0
2013-04-12,0.0
2013-04-15,0.0
2013-04-16,0.0
2013-04-17,0.0
2013-04-18,0.0
2013-04-19,0.0
2013-04-22,0.0
2013-04-23,0.0
2013-04-24,0.0
2013-04-25,0.0
2013-04-26,8.659739592076221e-15
2013-04-29,-0.3601313730078366
2013-04-30,-0.5348172940826879
2013-05-01,-0.6854254113328668
2013-05-02,-0.679224335623295
2013-05-03,-0.4942178481176014
2013-05-06,-0.2778202908198193
2013-05-07,-0.027336709691606176
2013-05-08,0.23693007806206579
2013-05-09,0.6289314182974324
2013-05-10,0.8782339608726042
2013-05-13,0.9703788637262865
2013-05-14,0.9947374408579703
2013-05-15,0.0
2013-05-16,0.0
2013-05-17,0.0
2013-05-20,0.0
2013-05-21,0.0
2013-05-22,0.0
2013-05-23,0.0
2013-05-24,0.0
2013-05-28,0.0
2013-05-29,0.0
2013-05-30,0.0
2013-05-31,2.531308496145357e-14
2013-06-03,-0.12336420799603554
2013-06-04,-0.47920248943292787
2013-06-05,-0.942462788176404
2013-06-06,-0.9975839522026595
2013-06-07,0.0
2013-06-10,0.0
2013-06-11,0.0
2013-06-12,0.0
2013-06-13,0.0
2013-06-14,0.0
2013-06-17,0.0
2013-06-18,0.0
2013-06-19,0.0
2013-06-20,0.0
2013-06-21,0.0
2013-06-24,9.547918011776346e-15
2013-06-25,-0.316357237293327
2013-06-26,-0.4056455067652285
2013-06-27,-0.42084893371640053
2013-06-28,-0.5297261292192681
2013-07-01,-0.6245699904700242
2013-07-02,-0.7422859352424749
2013-07-03,-0.7910083965385555
2013-07-05,-0.7146363169483356
2013-07-08,-0.5795275116166394
2013-07-09,-0.2995231386416064
2013-07-10,0.02257731626364401
2013-07-11,0.432134755383919
2013-07-12,0.758928373638392
2013-07-15,0.9132790538588917
2013-07-16,0.9699427399091523
2013-07-17,0.9918810301290129
2013-07-18,0.0
2013-07-19,0.0
2013-07-22,0.0
2013-07-23,0.0
2013-07-24,0.0
2013-07-25,0.0
2013-07-26,0.0
2013-07-29,0.0
2013-07-30,0.0
2013-07-31,0.0
2013-08-01,0.0
2013-08-02,0.0
2013-08-05,0.278339745125989
2013-08-06,0.420055768912452
2013-08-07,0.5984031355858699
2013-08-08,0.8257003368086782
2013-08-09,0.9184261094181978
2013-08-12,0.9663177058811792
2013-08-13,0.98970853290078
2013-08-14,0.99324271922213
2013-08-15,0.0
2013-08-16,0.0
2013-08-19,0.0
2013-08-20,0.0
2013-08-21,0.0
2013-08-22,0.0
2013-08-23,0.0
2013-08-26,0.0
2013-08-27,0.0
2013-08-28,0.0
2013-08-29,0.0
2013-08-30,3.3306690738754696e-15
2013-09-03,-0.22591147367493458
2013-09-04,-0.1219712979458154
2013-09-05,0.050704529215780836
2013-09-06,0.2468562327788839
2013-09-09,0.6894849374296379
2013-09-10,0.9425553485372924
2013-09-11,0.9975394398745439
2013-09-12,0.0
2013-09-13,0.0
2013-09-16,0.0
2013-09-17,0.0
2013-09-18,0.0
2013-09-19,0.0
2013-09-20,0.0
2013-09-23,0.0
2013-09-24,0.0
2013-09-25,0.0
2013-09-26,0.0
2013-09-27,0.0
2013-09-30,-0.15582944783058483
2013-10-01,-0.2549716793024557
2013-10-02,-0.4169764359510675
2013-10-03,-0.6393724748132446
2013-10-04,-0.7113456862376246
2013-10-07,-0.8262943868547454
2013-10-08,-0.9522897771437238
2013-10-09,-0.9869144437998834
2013-10-10,-0.9904270865878084
2013-10-11,0.0
2013-10-14,0.0
2013-10-15,0.0
2013-10-16,0.0
2013-10-17,0.0
2013-10-18,0.0
2013-10-21,0.0
2013-10-22,0.0
2013-10-23,0.0
2013-10-24,0.0
2013-10-25,0.0
2013-10-28,0.0
2013-10-29,0.3611229371009803
2013-10-30,0.588441152842269
2013-10-31,0.8144078209539138
2013-11-01,0.9286466753504137
2013-11-04,0.9796639320598435
2013-11-05,0.9945537440322143
2013-11-06,0.0
2013-11-07,0.0
2013-11-08,0.0
2013-11-11,0.0
2013-11-12,0.0
2013-11-13,0.0
2013-11-14,0.0
2013-11-15,0.0
2013-11-18,0.0
2013-11-19,0.0
2013-11-20,0.0
2013-11-21,0.0
2013-11-22,0.41634470663096623
2013-11-25,0.7273078585381536
2013-11-26,0.9251226903585041
2013-11-27,0.9923627111912521
2013-11-29,0.0
2013-12-02,0.0
2013-12-03,0.0
2013-12-04,0.0
2013-12-05,0.0
2013-12-06,0.0
2013-12-09,0.0
2013-12-10,0.0
2013-12-11,0.0
2013-12-12,0.0
2013-12-13,0.0
2013-12-16,-1.176836406102666e-14
2013-12-17,0.3902367165941909
2013-12-18,0.8865829090943163
2013-12-19,0.9922690304735922
2013-12-20,0.0
2013-12-23,0.0
2013-12-24,0.0
2013-12-26,0.0
2013-12-27,0.0
2013-12-30,0.0
2013-12-31,0.0
2014-01-02,0.0
2014-01-03,0.0
2014-01-06,0.0
2014-01-07,0.0
2014-01-08,1.9539925233402755e-14
2014-01-09,-0.2878701517575222
2014-01-10,-0.5599260843385914
2014-01-13,-0.8598580692393849
2014-01-14,-0.8808608778770022
2014-01-15,-0.8464381260609157
2014-01-16,-0.8262189728724858
2014-01-17,-0.8564041317093847
2014-01-21,-0.8949943746820628
2014-01-22,-0.9380687917046331
2014-01-23,-0.9845106829361108
2014-01-24,-0.9998172285154077
2014-01-27,0.0
2014-01-28,0.0
2014-01-29,0.0
2014-01-30,0.0
2014-01-31,0.0
2014-02-03,0.0
2014-02-04,0.0
2014-02-05,0.0
2014-02-06,0.0
2014-02-07,0.0
2014-02-10,0.0
2014-02-11,1.176836406102666e-14
2014-02-12,0.29890042663439753
2014-02-13,0.5150732612646016
2014-02-14,0.7907945514978552
2014-02-18,0.9176496862395667
2014-02-19,0.9582499290378064
2014-02-20,0.9853524989552838
2014-02-21,0.9953023810896542
2014-02-24,0.0
2014-02-25,0.0
2014-02-26,0.0
2014-02-27,0.0
2014-02-28,0.0
2014-03-03,0.0
2014-03-04,0.0
2014-03-05,0.0
2014-03-06,0.0
2014-03-07,0.0
2014-03-10,0.0
2014-03-11,-2.6201263381153694e-14
2014-03-12,-0.19175598475396383
2014-03-13,-0.6843497176786051
2014-03-14,-0.9546151344091294
2014-03-17,-0.9750206382628805
2014-03-18,-0.9807191311255035
2014-03-19,-0.9954899556832626
2014-03-20,0.0
2014-03-21,0.0
2014-03-24,0.0
2014-03-25,0.0
2014-03-26,0.0
2014-03-27,0.0
2014-03-28,0.0
2014-03-31,0.0
2014-04-01,0.0
2014-04-02,0.0
2014-04-03,0.0
2014-04-04,1.4432899320127035e-14
2014-04-07,0.005240192332884419
2014-04-08,0.06927363959214605
2014-04-09,0.2547777267198046
2014-04-10,0.19946383109160748
2014-04-11,-0.045506207844837165
2014-04-14,-0.1865440583439546
2014-04-15,-0.21219428847132504
2014-04-16,0.06192434617467302
2014-04-17,0.41078190856116104
2014-04-21,0.729053395852127
2014-04-22,0.9056680678344224
2014-04-23,0.9647477826169086
2014-04-24,0.9813211717798924
2014-04-25,0.990074427953723
2014-04-28,0.0
2014-04-29,0.0
2014-04-30,0.0
2014-05-01,0.0
2014-05-02,0.0
2014-05-05,0.0
2014-05-06,0.0
2014-05-07,0.0
2014-05-08,0.0
2014-05-09,0.0
2014-05-12,0.0
2014-05-13,-1.3322676295501878e-14
2014-05-14,0.168927285995629
2014-05-15,0.2473755689309023
2014-05-16,0.3348556299780081
2014-05-19,0.46572915626707023
2014-05-20,0.44955518822492624
2014-05-21,0.5473704098815233
2014-05-22,0.6049216761249709
2014-05-23,0.7078661387118628
2014-05-27,0.8013229616360567
2014-05-28,0.867904202212932
2014-05-29,0.9333498409532983
2014-05-30,0.9698466687158058
2014-06-02,0.9862064910721637
2014-06-03,0.9950713175177825
2014-06-04,0.0
2014-06-05,0.0
2014-06-06,0.0
2014-06-09,0.0
2014-06-10,0.0
2014-06-11,0.0
2014-06-12,0.0
2014-06-13,0.0
2014-06-16,0.0
2014-06-17,0.0
2014-06-18,0.0
2014-06-19,0.0
2014-06-20,0.29340071944998547
2014-06-23,0.3115050549543099
2014-06-24,0.10432038464246585
2014-06-25,0.030167175550110725
2014-06-26,-0.022162531972526045
2014-06-27,-0.07992916492408697
2014-06-30,-0.22529765975068194
2014-07-01,-0.10166506191737423
2014-07-02,0.14976660824362975
2014-07-03,0.40689407693691293
2014-07-07,0.5445983849125144
2014-07-08,0.6150245393232763
2014-07-09,0.6892745301155887
2014-07-10,0.6716808962937311
2014-07-11,0.699222917154315
2014-07-14,0.7843936712526709
2014-07-15,0.8523008126289269
2014-07-16,0.9399546838261734
2014-07-17,0.9221694282963147
2014-07-18,0.9437848421843729
2014-07-21,0.9484122451987402
2014-07-22,0.9678627871448333
2014-07-23,0.9754999415859911
2014-07-24,0.985242090184814
2014-07-25,0.9912265600584327
2014-07-28,0.0
2014-07-29,0.0
2014-07-30,0.0
2014-07-31,0.0
2014-08-01,0.0
2014-08-04,0.0
2014-08-05,0.0
2014-08-06,0.0
2014-08-07,0.0
2014-08-08,0.0
2014-08-11,0.0
2014-08-12,-1.1324274851176597e-14
2014-08-13,0.05328263153262003
2014-08-14,0.15920237220031996
2014-08-15,0.21418961411034432
2014-08-18,0.4601358786414296
2014-08-19,0.6578386990632128
2014-08-20,0.84175789914897
2014-08-21,0.9337457888419474
2014-08-22,0.9722092069895698
2014-08-25,0.990941605404887
2014-08-26,0.0
2014-08-27,0.0
2014-08-28,0.0
2014-08-29,0.0
2014-09-02,0.0
2014-09-03,0.0
2014-09-04,0.0
2014-09-05,0.0
2014-09-08,0.0
2014-09-09,0.0
2014-09-10,0.0
2014-09-11,6.017408793468348e-14
2014-09-12,-0.16668387973003607
2014-09-15,-0.017925363126329197
2014-09-16,0.315359179028347
2014-09-17,0.7509232739763192
2014-09-18,0.9949110795580591
2014-09-19,0.0
2014-09-22,0.0
2014-09-23,0.0
2014-09-24,0.0
2014-09-25,0.0
2014-09-26,0.0
2014-09-29,0.0
2014-09-30,0.0
2014-10-01,0.0
2014-10-02,0.0
2014-10-03,0.0
2014-10-06,8.881784197001252e-15
2014-10-07,-0.38742086782553176
2014-10-08,-0.444936464033423
2014-10-09,-0.6556939813011622
2014-10-10,-0.9189410902125226
2014-10-13,-0.9902321690871214
2014-10-14,0.0
2014-10-15,0.0
2014-10-16,0.0
2014-10-17,0.0
2014-10-20,0.0
2014-10-21,0.0
2014-10-22,0.0
2014-10-23,0.0
2014-10-24,0.0
2014-10-27,0.0
2014-10-28,0.0
2014-10-29,3.3306690738754696e-15
2014-10-30,0.325038968325138
2014-10-31,0.6183094342366418
2014-11-03,0.8000688885962965
2014-11-04,0.916206078023668
2014-11-05,0.9703012639446245
2014-11-06,0.9908960736757808
2014-11-07,0.0
2014-11-10,0.0
2014-11-11,0.0
2014-11-12,0.0
2014-11-13,0.0
2014-11-14,0.0
2014-11-17,0.0
2014-11-18,0.0
2014-11-19,0.0
2014-11-20,0.0
2014-11-21,0.0
2014-11-24,1.532107773982716e-14
2014-11-25,0.0025716288996353587
2014-11-26,0.04130871898333588
2014-11-28,0.3187048550457803
2014-12-01,0.3237737267207259
2014-12-02,0.5925167217676499
2014-12-03,0.861992745845011
2014-12-04,0.9646095318423882
2014-12-05,0.9929732151712356
2014-12-08,0.0
2014-12-09,0.0
2014-12-10,0.0
2014-12-11,0.0
2014-12-12,0.0
2014-12-15,0.0
2014-12-16,0.0
2014-12-17,0.0
2014-12-18,0.0
2014-12-19,0.0
2014-12-22,0.0
2014-12-23,2.886579864025407e-15
2014-12-24,0.3129055559527778
2014-12-26,0.5326307255232337
2014-12-29,0.7108646509150731
2014-12-30,0.8115953414926502
2014-12-31,0.8553711319918909
2015-01-02,0.885668885764664
2015-01-05,0.8582312498842934
2015-01-06,0.7940742848644846
2015-01-07,0.7447316055038731
2015-01-08,0.7824873503781966
2015-01-09,0.7752950881654117
2015-01-12,0.7493925690337744
2015-01-13,0.72005240042023
2015-01-14,0.6702463948385073
2015-01-15,0.6123896435131024
2015-01-16,0.6182623333784536
2015-01-20,0.6224318128821045
2015-01-21,0.6419416501797788
2015-01-22,0.7347593893782554
2015-01-23,0.7758970610116145
2015-01-26,0.8146943325518796
2015-01-27,0.8393380905254426
2015-01-28,0.8645647006747832
2015-01-29,0.9065665673740466
2015-01-30,0.9091014383845168
2015-02-02,0.9273140005902474
2015-02-03,0.9501156684682495
2015-02-04,0.9620988642013955
2015-02-05,0.9761979579006375
2015-02-06,0.9845212612911609
2015-02-09,0.9885465592819955
2015-02-10,0.9924846015229367
2015-02-11,0.0
2015-02-12,0.0
2015-02-13,0.0
2015-02-17,0.0
2015-02-18,0.0
2015-02-19,0.0
2015-02-20,0.0
2015-02-23,0.0
2015-02-24,0.0
2015-02-25,0.0
2015-02-26,0.0
2015-02-27,-7.105427357601002e-15
2015-03-02,0.3952947844644341
2015-03-03,0.4627061784258655
2015-03-04,0.4018027445997936
2015-03-05,0.3892018245237856
2015-03-06,-0.0039106621911428885
2015-03-09,-0.1481072746994656
2015-03-10,-0.6635241084741212
2015-03-11,-0.923641062274106
2015-03-12,-0.9694445795653981
2015-03-13,-0.9944296641266663
2015-03-16,0.0
2015-03-17,0.0
2015-03-18,0.0
2015-03-19,0.0
2015-03-20,0.0
2015-03-23,0.0
2015-03-24,0.0
2015-03-25,0.0
2015-03-26,0.0
2015-03-27,0.0
2015-03-30,0.0
2015-03-31,-2.6423307986078726e-14
2015-04-01,-0.37156815395552845
2015-04-02,-0.622341013562624
2015-04-06,-0.5690759366042459
2015-04-07,-0.43601224315303044
2015-04-08,-0.2884433594428626
2015-04-09,-0.07341962549816206
2015-04-10,0.16920746081695603
2015-04-13,0.24994069515320727
2015-04-14,0.34048595227584033
2015-04-15,0.46595969970997064
2015-04-16,0.527275141448313
2015-04-17,0.18602588283393962
2015-04-20,0.11914006911153718
2015-04-21,0.00035060761472216484
2015-04-22,-0.045004973912262436
2015-04-23,-0.5464627318894935
2015-04-24,-0.8670072270806668
2015-04-27,-0.9814518383080222
2015-04-28,-0.9982925769999116
2015-04-29,0.0
2015-04-30,0.0
2015-05-01,0.0
2015-05-04,0.0
2015-05-05,0.0
2015-05-06,0.0
2015-05-07,0.0
2015-05-08,0.0
2015-05-11,0.0
2015-05-12,0.0
2015-05-13,0.0
2015-05-14,0.0
2015-05-15,0.444741841572208
2015-05-18,0.7192443157895156
2015-05-19,0.8830385502849332
2015-05-20,0.9547068032520678
2015-05-21,0.984965369279416
2015-05-22,0.9932469186428012
2015-05-26,0.0
2015-05-27,0.0
2015-05-28,0.0
2015-05-29,0.0
2015-06-01,0.0
2015-06-02,0.0
2015-06-03,0.0
2015-06-04,0.0
2015-06-05,0.0
2015-06-08,0.0
2015-06-09,0.0
2015-06-10,-3.774758283725532e-15
2015-06-11,0.14530836921435997
2015-06-12,0.014192220441895831
2015-06-15,-0.3984637892447811
2015-06-16,-0.6429766227261735
2015-06-17,-0.777426995259074
2015-06-18,-0.7147892865740115
2015-06-19,-0.6981839909109115
2015-06-22,-0.6246400308318407
2015-06-23,-0.530944797746103
2015-06-24,-0.6358088987720247
2015-06-25,-0.8117802735034712
2015-06-26,-0.8771636846534394
2015-06-29,-0.9717790257949719
2015-06-30,-0.9944532178880134
2015-07-01,0.0
2015-07-02,0.0
2015-07-06,0.0
2015-07-07,0.0
2015-07-08,0.0
2015-07-09,0.0
2015-07-10,0.0
2015-07-13,0.0
2015-07-14,0.0
2015-07-15,0.0
2015-07-16,0.0
2015-07-17,-4.218847493575595e-15
2015-07-20,0.2708997274057636
2015-07-21,0.3008082295288983
2015-07-22,0.2769160200664862
2015-07-23,-0.5864330847319423
2015-07-24,-0.9489610487894065
2015-07-27,-0.9982783763717684
2015-07-28,0.0
2015-07-29,0.0
2015-07-30,0.0
2015-07-31,0.0
2015-08-03,0.0
2015-08-04,0.0
2015-08-05,0.0
2015-08-06,0.0
2015-08-07,0.0
2015-08-10,0.0
2015-08-11,0.0
2015-08-12,0.0
2015-08-13,-0.49729398232343813
2015-08-14,-0.7262837507792532
2015-08-17,-0.8005416291304348
2015-08-18,-0.9022322630649524
2015-08-19,-0.9783887864442402
2015-08-20,-0.9993387843987913
2015-08-21,0.0
2015-08-24,0.0
2015-08-25,0.0
2015-08-26,0.0
2015-08-27,0.0
2015-08-28,0.0
2015-08-31,0.0
2015-09-01,0.0
2015-09-02,0.0
2015-09-03,0.0
2015-09-04,0.0
2015-09-08,0.0
2015-09-09,-0.0474728701643794
2015-09-10,-0.09898094063941754
2015-09-11,-0.10263424862723514
2015-09-14,-0.1461362884269819
2015-09-15,0.05502536452289952
2015-09-16,0.2898095571320565
2015-09-17,0.40301031038666624
2015-09-18,0.26785526717114827
2015-09-21,0.1635777183870355
2015-09-22,-0.09327034222514374
2015-09-23,-0.3547230710843621
2015-09-24,-0.5742434482671577
2015-09-25,-0.6530848128508355
2015-09-28,-0.763513998311919
2015-09-29,-0.747000021207378
2015-09-30,-0.72229319937993
2015-10-01,-0.733641551527842
2015-10-02,-0.652411048177644
2015-10-05,-0.3970700710104813
2015-10-06,-0.12460725223013247
2015-10-07,0.26068507625277704
2015-10-08,0.6618755373369765
2015-10-09,0.8897556972179173
2015-10-12,0.9742960580699156
2015-10-13,0.9945107491799783
2015-10-14,0.0
2015-10-15,0.0
2015-10-16,0.0
2015-10-19,0.0
2015-10-20,0.0
2015-10-21,0.0
2015-10-22,0.0
2015-10-23,0.0
2015-10-26,0.0
2015-10-27,0.0
2015-10-28,0.0
2015-10-29,-2.6645352591003757e-15
2015-10-30,0.22730784632214474
2015-11-02,0.5338076147104367
2015-11-03,0.7141694974965547
2015-11-04,0.8368988717327042
2015-11-05,0.9123986773603867
2015-11-06,0.9566460596911892
2015-11-09,0.9735471349134435
2015-11-10,0.9843235228917473
2015-11-11,0.9926541773218467
2015-11-12,0.0
2015-11-13,0.0
2015-11-16,0.0
2015-11-17,0.0
2015-11-18,0.0
2015-11-19,0.0
2015-11-20,0.0
2015-11-23,0.0
2015-11-24,0.0
2015-11-25,0.0
2015-11-27,0.0
2015-11-30,2.4646951146678475e-14
2015-12-01,-0.049685461349238125
2015-12-02,-0.2805541340239135
2015-12-03,-0.6266061923335093
2015-12-04,-0.4984167447971155
2015-12-07,-0.4195470120905247
2015-12-08,-0.45775887617553934
2015-12-09,-0.5705293748323652
2015-12-10,-0.5266079259273719
2015-12-11,-0.722294548879449
2015-12-14,-0.678993746205022
2015-12-15,-0.982724508539234
2015-12-16,-0.999405696678
2015-12-17,0.0
2015-12-18,0.0
2015-12-21,0.0
2015-12-22,0.0
2015-12-23,0.0
2015-12-24,0.0
2015-12-28,0.0
2015-12-29,0.0
2015-12-30,0.0
2015-12-31,0.0
2016-01-04,0.0
2016-01-05,-2.6645352591003757e-15
2016-01-06,-0.49694994954672733
2016-01-07,-0.9168988503723543
2016-01-08,-0.9946179548684848
2016-01-11,0.0
2016-01-12,0.0
2016-01-13,0.0
2016-01-14,0.0
2016-01-15,0.0
2016-01-19,0.0
2016-01-20,0.0
2016-01-21,0.0
2016-01-22,0.0
2016-01-25,0.0
2016-01-26,0.0
2016-01-27,7.993605777301127e-15
2016-01-28,0.5397383438062522
2016-01-29,0.9253551558433029
2016-02-01,0.9890003077513305
2016-02-02,0.9985161881859201
2016-02-03,0.0
2016-02-04,0.0
2016-02-05,0.0
2016-02-08,0.0
2016-02-09,0.0
2016-02-10,0.0
2016-02-11,0.0
2016-02-12,0.0
2016-02-16,0.0
2016-02-17,0.0
2016-02-18,0.0
2016-02-19,-1.2878587085651816e-14
2016-02-22,0.3949576415382119
2016-02-23,0.5783658882465681
2016-02-24,0.7695746198728077
2016-02-25,0.9248673590610021
2016-02-26,0.9751708147213587
2016-02-29,0.9885264896300083
2016-03-01,0.9980189873376668
2016-03-02,0.0
2016-03-03,0.0
2016-03-04,0.0
2016-03-07,0.0
2016-03-08,0.0
2016-03-09,0.0
2016-03-10,0.0
2016-03-11,0.0
2016-03-14,0.0
2016-03-15,0.0
2016-03-16,0.0
2016-03-17,-1.865174681370263e-14
2016-03-18,0.5860985322161296
2016-03-21,0.8624425915328016
2016-03-22,0.9660736735446154
2016-03-23,0.9909075475430955
2016-03-24,0.0
2016-03-28,0.0
2016-03-29,0.0
2016-03-30,0.0
2016-03-31,0.0
2016-04-01,0.0
2016-04-04,0.0
2016-04-05,0.0
2016-04-06,0.0
2016-04-07,0.0
2016-04-08,0.0
2016-04-11,-1.687538997430238e-14
2016-04-12,0.3827055761289504
2016-04-13,0.736308483164843
2016-04-14,0.8858213271535837
2016-04-15,0.9702735329055894
2016-04-18,0.9965750092340475
2016-04-19,0.0
2016-04-20,0.0
2016-04-21,0.0
2016-04-22,0.0
2016-04-25,0.0
2016-04-26,0.0
2016-04-27,0.0
2016-04-28,0.0
2016-04-29,0.0
2016-05-02,0.0
2016-05-03,0.0
2016-05-04,3.397282455352979e-14
2016-05-05,-0.05434515562986797
2016-05-06,0.14246663831315276
2016-05-09,0.2442794385805951
2016-05-10,0.6245479900402473
2016-05-11,0.8077736290557551
2016-05-12,0.9268622966776547
2016-05-13,0.9310624592888046
2016-05-16,0.966927502668943
2016-05-17,0.9581771704652706
2016-05-18,0.9513536397254114
2016-05-19,0.8762271309621987
2016-05-20,0.7305636793804839
2016-05-23,0.6412826385839236
2016-05-24,0.7907591049088256
2016-05-25,0.9363830674921649
2016-05-26,0.9735466672406896
2016-05-27,0.9897755891082782
2016-05-31,0.9948408484571785
2016-06-01,0.0
2016-06-02,0.0
2016-06-03,0.0
2016-06-06,0.0
2016-06-07,0.0
2016-06-08,0.0
2016-06-09,0.0
2016-06-10,0.0
2016-06-13,0.0
2016-06-14,0.0
2016-06-15,0.0
2016-06-16,7.771561172376096e-15
2016-06-17,-0.018572407546638914
2016-06-20,0.3075896840837853
2016-06-21,0.5832247712553063
2016-06-22,0.7609097943228624
2016-06-23,0.9570449081137895
2016-06-24,0.9520550671268859
2016-06-27,0.8941032831599036
2016-06-28,0.9034464631924668
2016-06-29,0.9554204040753795
2016-06-30,0.9961811247904981
2016-07-01,0.0
2016-07-05,0.0
2016-07-06,0.0
2016-07-07,0.0
2016-07-08,0.0
2016-07-11,0.0
2016-07-12,0.0
2016-07-13,0.0
2016-07-14,0.0
2016-07-15,0.0
2016-07-18,0.0
2016-07-19,-4.218847493575595e-15
2016-07-20,0.2659447256625851
2016-07-21,0.4065505032110812
2016-07-22,0.5366481406280266
2016-07-25,0.6000780365064977
2016-07-26,0.5515871170527249
2016-07-27,0.5381892199002651
2016-07-28,0.5094777137035877
2016-07-29,0.5029073321251849
2016-08-01,0.49307353596070436
2016-08-02,0.4875940301247952
2016-08-03,0.48359451709055157
2016-08-04,0.4500809754491528
2016-08-05,0.4571347028099755
2016-08-08,0.4645330323527066
2016-08-09,0.46238416795393467
2016-08-10,0.4811873136818845
2016-08-11,0.5940299020167121
2016-08-12,0.6623386524248684
2016-08-15,0.7299600291234809
2016-08-16,0.7508993883481092
2016-08-17,0.8128432583681846
2016-08-18,0.8485489966316304
2016-08-19,0.8848119285405123
2016-08-22,0.9064958101001415
2016-08-23,0.9315122622590988
2016-08-24,0.9476117402838973
2016-08-25,0.9611727971173096
2016-08-26,0.9706459151931865
2016-08-29,0.9815141108316039
2016-08-30,0.9878468843909312
2016-08-31,0.9907293175903689
2016-09-01,0.0
2016-09-02,0.0
2016-09-06,0.0
2016-09-07,0.0
2016-09-08,0.0
2016-09-09,0.0
2016-09-12,0.0
2016-09-13,0.0
2016-09-14,0.0
2016-09-15,0.0
2016-09-16,0.0
2016-09-19,4.884981308350689e-15
2016-09-20,-0.031235541749720763
2016-09-21,0.1334425007975668
2016-09-22,0.3048444561850694
2016-09-23,0.2511063238700624
2016-09-26,0.07416272679048452
2016-09-27,-0.06622722112857216
2016-09-28,-0.09101921937711
2016-09-29,-0.28957978821998775
2016-09-30,-0.40390175971785336
2016-10-03,-0.5750215692363534
2016-10-04,-0.8308241330938388
2016-10-05,-0.9373436438100604
2016-10-06,-0.9835141604803441
2016-10-07,-0.9967396522144685
2016-10-10,0.0
2016-10-11,0.0
2016-10-12,0.0
2016-10-13,0.0
2016-10-14,0.0
2016-10-17,0.0
2016-10-18,0.0
2016-10-19,0.0
2016-10-20,0.0
2016-10-21,0.0
2016-10-24,0.0
2016-10-25,0.0
2016-10-26,-0.5350628461906544
2016-10-27,-0.8831062826331559
2016-10-28,-0.9810866218186003
2016-10-31,-0.9984875810090907
2016-11-01,0.0
2016-11-02,0.0
2016-11-03,0.0
2016-11-04,0.0
2016-11-07,0.0
2016-11-08,0.0
2016-11-09,0.0
2016-11-10,0.0
2016-11-11,0.0
2016-11-14,0.0
2016-11-15,0.0
2016-11-16,2.886579864025407e-15
2016-11-17,0.20696151084728442
2016-11-18,0.39645467512868415
2016-11-21,0.49017305830684
2016-11-22,0.5859710943485132
2016-11-23,0.6768158123953816
2016-11-25,0.7808274454392925
2016-11-28,0.8373809552494502
2016-11-29,0.8841627108118375
2016-11-30,0.9071484595618886
2016-12-01,0.9335765223381853
2016-12-02,0.9515479366934152
2016-12-05,0.9607699737057933
2016-12-06,0.9690026242223193
2016-12-07,0.9866322693626208
2016-12-08,0.9944058836270109
2016-12-09,0.0
2016-12-12,0.0
2016-12-13,0.0
2016-12-14,0.0
2016-12-15,0.0
2016-12-16,0.0
2016-12-19,0.0
2016-12-20,0.0
2016-12-21,0.0
2016-12-22,0.0
2016-12-23,0.0
2016-12-27,-5.10702591327572e-15
2016-12-28,-0.037750835402307725
2016-12-29,-0.006674683385224922
2016-12-30,0.05318788475523206
2017-01-03,0.011874222016701852
2017-01-04,0.022120863507145483
2017-01-05,-0.07586198378052766
2017-01-06,-0.0792593159555901
2017-01-09,-0.23986941540179707
2017-01-10,-0.4796013848025962
2017-01-11,-0.5175631027133694
2017-01-12,-0.6035244225723853
2017-01-13,-0.6813519366401106
2017-01-17,-0.7561049301016738
2017-01-18,-0.7289294476821206
2017-01-19,-0.6848080365635394
2017-01-20,-0.655720373307336
2017-01-23,-0.6243654423163112
2017-01-24,-0.7938279442646208
2017-01-25,-0.8669216610406405
2017-01-26,-0.9141773692519535
2017-01-27,-0.9311609043200382
2017-01-30,-0.9755749127919433
2017-01-31,-0.9942998939078109
2017-02-01,0.0
2017-02-02,0.0
2017-02-03,0.0
2017-02-06,0.0
2017-02-07,0.0
2017-02-08,0.0
2017-02-09,0.0
2017-02-10,0.0
2017-02-13,0.0
2017-02-14,0.0
2017-02-15,0.0
2017-02-16,0.0
2017-02-17,0.3560311360797517
2017-02-21,0.6439512615135086
2017-02-22,0.8790906958089952
2017-02-23,0.9737629603515214
2017-02-24,0.995909270482269
2017-02-27,0.0
2017-02-28,0.0
2017-03-01,0.0
2017-03-02,0.0
2017-03-03,0.0
2017-03-06,0.0
2017-03-07,0.0
2017-03-08,0.0
2017-03-09,0.0
2017-03-10,0.0
2017-03-13,0.0
2017-03-14,-1.3988810110276972e-14
2017-03-15,0.2586754890007843
2017-03-16,0.3681050103958743
2017-03-17,0.666945238818073
2017-03-20,0.8749008220075298
2017-03-21,0.9458450461860677
2017-03-22,0.9791503406001465
2017-03-23,0.9922916597695037
2017-03-24,0.0
2017-03-27,0.0
2017-03-28,0.0
2017-03-29,0.0
2017-03-30,0.0
2017-03-31,0.0
2017-04-03,0.0
2017-04-04,0.0
2017-04-05,0.0
2017-04-06,0.0
2017-04-07,0.0
2017-04-10,0.0
2017-04-11,-0.18577861313474164
2017-04-12,-0.46284396124631466
2017-04-13,-0.8455512756504096
2017-04-17,-0.8584729719287203
2017-04-18,-0.8838777822276085
2017-04-19,-0.9313416452985162
2017-04-20,-0.8791138681434842
2017-04-21,-0.7580332177862548
2017-04-24,0.14380286546214682
2017-04-25,0.9262974592797857
2017-04-26,0.9989623650243695
2017-04-27,0.0
2017-04-28,0.0
2017-05-01,0.0
2017-05-02,0.0
2017-05-03,0.0
2017-05-04,0.0
2017-05-05,0.0
2017-05-08,0.0
2017-05-09,0.0
2017-05-10,0.0
2017-05-11,0.0
2017-05-12,3.774758283725532e-15
2017-05-15,0.06560143595299839
2017-05-16,0.1664750951774645
2017-05-17,-0.007633879482407124
2017-05-18,-0.11595809176652838
2017-05-19,-0.14275332806944951
2017-05-22,0.1823156210964363
2017-05-23,0.3793265698235815
2017-05-24,0.5215806912241008
2017-05-25,0.7785953969827979
2017-05-26,0.9399554618881616
2017-05-30,0.9943180884290814
2017-05-31,0.0
2017-06-01,0.0
2017-06-02,0.0
2017-06-05,0.0
2017-06-06,0.0
2017-06-07,0.0
2017-06-08,0.0
2017-06-09,0.0
2017-06-12,0.0
2017-06-13,0.0
2017-06-14,0.0
2017-06-15,-1.6653345369377348e-14
2017-06-16,0.5737218660668444
2017-06-19,0.8783280779152982
2017-06-20,0.9755498102901785
2017-06-21,0.9956645309514327
2017-06-22,0.0
2017-06-23,0.0
2017-06-26,0.0
2017-06-27,0.0
2017-06-28,0.0
2017-06-29,0.0
2017-06-30,0.0
2017-07-03,0.0
2017-07-05,0.0
2017-07-06,0.0
2017-07-07,0.0
2017-07-10,-2.4646951146678475e-14
2017-07-11,-0.06355427011773052
2017-07-12,0.08036904065446682
2017-07-13,0.18787656271350928
2017-07-14,0.3578116958605546
2017-07-17,0.494325811142728
2017-07-18,0.5791479208989438
2017-07-19,0.7028862835847853
2017-07-20,0.8112545189827196
2017-07-21,0.8414609471826981
2017-07-24,0.8256596236147313
2017-07-25,0.01980926742825595
2017-07-26,-0.8045506593761202
2017-07-27,-0.9854047959531371
2017-07-28,-0.9996609042758946
2017-07-31,0.0
2017-08-01,0.0
2017-08-02,0.0
2017-08-03,0.0
2017-08-04,0.0
2017-08-07,0.0
2017-08-08,0.0
2017-08-09,0.0
2017-08-10,0.0
2017-08-11,0.0
2017-08-14,0.0
2017-08-15,2.6645352591003757e-15
2017-08-16,0.21158086590222958
2017-08-17,0.13416054635524688
2017-08-18,-0.12843848291488236
2017-08-21,-0.26750904214170945
2017-08-22,-0.3104363418884746
2017-08-23,-0.48316673701590673
2017-08-24,-0.6570721137501399
2017-08-25,-0.7822969708930259
2017-08-28,-0.8576428378088314
2017-08-29,-0.8992811893657122
2017-08-30,-0.9158112209200071
2017-08-31,-0.9188365996582566
2017-09-01,-0.934029373022019
2017-09-05,-0.9713525580067448
2017-09-06,-0.9845036713571951
2017-09-07,-0.9841760112047175
2017-09-08,-0.977971762728443
2017-09-11,-0.9299109738521394
2017-09-12,-0.8202912742959545
2017-09-13,-0.6322754589576887
2017-09-14,-0.23690232547431722
2017-09-15,0.34575370334621836
2017-09-18,0.774054921130805
2017-09-19,0.9470860139389237
2017-09-20,0.9829290130088408
2017-09-21,0.9951583404201385
2017-09-22,0.0
2017-09-25,0.0
2017-09-26,0.0
2017-09-27,0.0
2017-09-28,0.0
2017-09-29,0.0
2017-10-02,0.0
2017-10-03,0.0
2017-10-04,0.0
2017-10-05,0.0
2017-10-06,0.0
2017-10-09,0.0
2017-10-10,0.27630563569706523
2017-10-11,0.4907859009122959
2017-10-12,0.7010588672467877
2017-10-13,0.8399176230006071
2017-10-16,0.9328139577555505
2017-10-17,0.9690290657520544
2017-10-18,0.9878568368300729
2017-10-19,0.9964326979281393
2017-10-20,0.0
2017-10-23,0.0
2017-10-24,0.0
2017-10-25,0.0
2017-10-26,0.0
2017-10-27,0.0
2017-10-30,0.0
2017-10-31,0.0
2017-11-01,0.0
2017-11-02,0.0
2017-11-03,0.0
2017-11-06,0.0
2017-11-07,-0.03179665415122712
2017-11-08,-0.07080353939538853
2017-11-09,-0.16683529244911077
2017-11-10,-0.2907576330806556
2017-11-13,-0.3740328894305651
2017-11-14,-0.4123733579372213
2017-11-15,-0.5067666121969725
2017-11-16,-0.5338679283116918
2017-11-17,-0.5607095967610931
2017-11-20,-0.5305913158635223
2017-11-21,-0.42803065374858096
2017-11-22,-0.3615748153354721
2017-11-24,-0.30121677009393366
2017-11-27,-0.15990706140625144
2017-11-28,0.03258954092735822
2017-11-29,0.28650182001961766
2017-11-30,0.6200683986136823
2017-12-01,0.8054051886368054
2017-12-04,0.8975302178317675
2017-12-05,0.9454306375968131
2017-12-06,0.9734325681347284
2017-12-07,0.9896079481474334
2017-12-08,0.9952322095851784
2017-12-11,0.0
2017-12-12,0.0
2017-12-13,0.0
2017-12-14,0.0
2017-12-15,0.0
2017-12-18,0.0
2017-12-19,0.0
2017-12-20,0.0
2017-12-21,0.0
2017-12-22,0.0
2017-12-26,0.0
2017-12-27,2.5757174171303632e-14
2017-12-28,-0.19526024003036957
2017-12-29,-0.4067999223615646
2018-01-02,-0.5521392737624964
2018-01-03,-0.6687580935818023
2018-01-04,-0.5228806814179054
2018-01-05,-0.15463840045338917
2018-01-08,0.14465647583229413
2018-01-09,0.5444216893504135
2018-01-10,0.7937914385656151
2018-01-11,0.9442029736140478
2018-01-12,0.9950680289099205
2018-01-16,0.0
2018-01-17,0.0
2018-01-18,0.0
2018-01-19,0.0
2018-01-22,0.0
2018-01-23,0.0
2018-01-24,0.0
2018-01-25,0.0
2018-01-26,0.0
2018-01-29,0.0
2018-01-30,0.0
2018-01-31,0.0
2018-02-01,-0.09595843534507775
2018-02-02,-0.31662376765215505
2018-02-05,-0.8705607426134985
2018-02-06,-0.9846922791762951
2018-02-07,-0.999054263941751
2018-02-08,0.0
2018-02-09,0.0
2018-02-12,0.0
2018-02-13,0.0
2018-02-14,0.0
2018-02-15,0.0
2018-02-16,0.0
2018-02-20,0.0
2018-02-21,0.0
2018-02-22,0.0
2018-02-23,0.0
2018-02-26,-6.661338147750939e-15
2018-02-27,0.289253069776646
2018-02-28,0.37407748739510205
2018-03-01,0.32764756553564345
2018-03-02,0.2539611249647442
2018-03-05,0.25603800480460537
2018-03-06,0.2825010969146806
2018-03-07,0.3588287900744074
2018-03-08,0.44686207154879454
2018-03-09,0.626871251479455
2018-03-12,0.7379323784583298
2018-03-13,0.7950884432691607
2018-03-14,0.8064623332092986
2018-03-15,0.833303350453537
2018-03-16,0.867837054461118
2018-03-19,0.8525275138211796
2018-03-20,0.8447156968162384
2018-03-21,0.8517525116748983
2018-03-22,0.7485436371117085
2018-03-23,0.4724048040257074
2018-03-26,0.2145717378965839
2018-03-27,-0.1575730431801725
2018-03-28,-0.4760535286741707
2018-03-29,-0.673855071056864
2018-04-02,-0.8670527394265886
2018-04-03,-0.9439774479449563
2018-04-04,-0.9771780156267551
2018-04-05,-0.9907899763995975
2018-04-06,0.0
2018-04-09,0.0
2018-04-10,0.0
2018-04-11,0.0
2018-04-12,0.0
2018-04-13,0.0
2018-04-16,0.0
2018-04-17,0.0
2018-04-18,0.0
2018-04-19,0.0
2018-04-20,0.0
2018-04-23,1.6653345369377348e-14
2018-04-24,-0.9125792751054822
2018-04-25,-0.999598721720869
2018-04-26,0.0
2018-04-27,0.0
2018-04-30,0.0
2018-05-01,0.0
2018-05-02,0.0
2018-05-03,0.0
2018-05-04,0.0
2018-05-07,0.0
2018-05-08,0.0
2018-05-09,0.0
2018-05-10,0.0
2018-05-11,6.439293542825908e-15
2018-05-14,0.3548470653156628
2018-05-15,0.4960074718651972
2018-05-16,0.5305019795684607
2018-05-17,0.6149781428886922
2018-05-18,0.6436483860045759
2018-05-21,0.7442328871243311
2018-05-22,0.7627930432354448
2018-05-23,0.7735135956357624
2018-05-24,0.7980932472672828
2018-05-25,0.8133132235607778
2018-05-29,0.7676311916414145
2018-05-30,0.7783025179164957
2018-05-31,0.7610638474112643
2018-06-01,0.7885583615537359
2018-06-04,0.8351879121320445
2018-06-05,0.8740940493657277
2018-06-06,0.9264097546027492
2018-06-07,0.9637477603407278
2018-06-08,0.9859864049207481
2018-06-11,0.9939446305186947
2018-06-12,0.0
2018-06-13,0.0
2018-06-14,0.0
2018-06-15,0.0
2018-06-18,0.0
2018-06-19,0.0
2018-06-20,0.0
2018-06-21,0.0
2018-06-22,0.0
2018-06-25,0.0
2018-06-26,0.0
2018-06-27,-3.774758283725532e-15
2018-06-28,-0.20675235319208296
2018-06-29,-0.35268824100339446
2018-07-02,-0.5245181640847498
2018-07-03,-0.6504652520983165
2018-07-05,-0.709858896372737
2018-07-06,-0.756913943740062
2018-07-09,-0.7305915289952649
2018-07-10,-0.6802856539903028
2018-07-11,-0.7236821031988026
2018-07-12,-0.7266520843291784
2018-07-13,-0.6876258991283273
2018-07-16,-0.6489764624235397
2018-07-17,-0.5837292168856154
2018-07-18,-0.5111692450468239
2018-07-19,-0.45393934953113724
2018-07-20,-0.3849561311232004
2018-07-23,-0.41287126945061936
2018-07-24,-0.38440431916863904
2018-07-25,-0.23947632476252845
2018-07-26,0.029136709544742123
2018-07-27,0.26991701970646353
2018-07-30,0.4181331564759563
2018-07-31,0.7014766045720555
2018-08-01,0.8085507105808827
2018-08-02,0.8680804306635623
2018-08-03,0.9232074287081296
2018-08-06,0.9548939957612639
2018-08-07,0.9786855087611561
2018-08-08,0.98894617936034
2018-08-09,0.9928058557261579
2018-08-10,0.0
2018-08-13,0.0
2018-08-14,0.0
2018-08-15,0.0
2018-08-16,0.0
2018-08-17,0.0
2018-08-20,0.0
2018-08-21,0.0
2018-08-22,0.0
2018-08-23,0.0
2018-08-24,0.0
2018-08-27,1.865174681370263e-14
2018-08-28,0.512190603494588
2018-08-29,0.8492665297136897
2018-08-30,0.9649764476728484
2018-08-31,0.9949152207038074
2018-09-04,0.0
2018-09-05,0.0
2018-09-06,0.0
2018-09-07,0.0
2018-09-10,0.0
2018-09-11,0.0
2018-09-12,0.0
2018-09-13,0.0
2018-09-14,0.0
2018-09-17,0.0
2018-09-18,0.0
2018-09-19,0.0
2018-09-20,0.4336606520893158
2018-09-21,0.7824477777346408
2018-09-24,0.8714877222414297
2018-09-25,0.8574009780898102
2018-09-26,0.856831454957182
2018-09-27,0.826558081013232
2018-09-28,0.8155165753934897
2018-10-01,0.8515282232996642
2018-10-02,0.943174994240479
2018-10-03,0.9811676414456507
2018-10-04,0.9905064297346524
2018-10-05,0.0
2018-10-08,0.0
2018-10-09,0.0
2018-10-10,0.0
2018-10-11,0.0
2018-10-12,0.0
2018-10-15,0.0
2018-10-16,0.0
2018-10-17,0.0
2018-10-18,0.0
2018-10-19,0.0
2018-10-22,1.7763568394002505e-15
2018-10-23,-0.3890499103853835
2018-10-24,-0.8204340746631151
2018-10-25,-0.9642670414852714
2018-10-26,-0.9950890249250166
2018-10-29,0.0
2018-10-30,0.0
2018-10-31,0.0
2018-11-01,0.0
2018-11-02,0.0
2018-11-05,0.0
2018-11-06,0.0
2018-11-07,0.0
2018-11-08,0.0
2018-11-09,0.0
2018-11-12,0.0
2018-11-13,-3.774758283725532e-15
2018-11-14,0.11980795908275099
2018-11-15,0.46976414002479916
2018-11-16,0.7948056783607207
2018-11-19,0.9125036469951888
2018-11-20,0.9424321032476473
2018-11-21,0.9605829879953465
2018-11-23,0.9670825119080491
2018-11-26,0.9802426005821563
2018-11-27,0.9893540557851079
2018-11-28,0.9964159250053759
2018-11-29,0.0
2018-11-30,0.0
2018-12-03,0.0
2018-12-04,0.0
2018-12-06,0.0
2018-12-07,0.0
2018-12-10,0.0
2018-12-11,0.0
2018-12-12,0.0
2018-12-13,0.0
2018-12-14,0.0
2018-12-17,-7.549516567451064e-15
2018-12-18,-0.2907637084812362
2018-12-19,-0.6722500658022903
2018-12-20,-0.9079542023066458
2018-12-21,-0.9888799102395345
2018-12-24,-0.9996900558876727
2018-12-26,0.0
2018-12-27,0.0
2018-12-28,0.0
2018-12-31,0.0
2019-01-02,0.0
2019-01-03,0.0
2019-01-04,0.0
2019-01-07,0.0
2019-01-08,0.0
2019-01-09,0.0
2019-01-10,0.0
2019-01-11,-5.551115123125783e-15
2019-01-14,0.15047891469717545
2019-01-15,0.040103196060964796
2019-01-16,-0.022760517992683083
2019-01-17,0.08075545026566533
2019-01-18,0.4456298184145442
2019-01-22,0.5428559527526282
2019-01-23,0.6269234354025648
2019-01-24,0.7061593197450708
2019-01-25,0.8587301207118465
2019-01-28,0.9037536252471805
2019-01-29,0.9671192093049239
2019-01-30,0.9941793440673652
2019-01-31,0.0
2019-02-01,0.0
2019-02-04,0.0
2019-02-05,0.0
2019-02-06,0.0
2019-02-07,0.0
2019-02-08,0.0
2019-02-11,0.0
2019-02-12,0.0
2019-02-13,0.0
2019-02-14,0.0
2019-02-15,9.992007221626409e-15
2019-02-19,0.3575182359402054
2019-02-20,0.6332933859469219
2019-02-21,0.7934606980195338
2019-02-22,0.9108526809545974
2019-02-25,0.971182976956225
2019-02-26,0.9899979670710881
2019-02-27,0.9965711455582817
2019-02-28,0.0
2019-03-01,0.0
2019-03-04,0.0
2019-03-05,0.0
2019-03-06,0.0
2019-03-07,0.0
2019-03-08,0.0
2019-03-11,0.0
2019-03-12,0.0
2019-03-13,0.0
2019-03-14,0.0
2019-03-15,1.4432899320127035e-14
2019-03-18,0.24432760187061175
2019-03-19,0.4844667782737906
2019-03-20,0.6320791893242839
2019-03-21,0.7894956367041917
2019-03-22,0.7520875099285169
2019-03-25,0.6544417085293779
2019-03-26,0.7167906670993913
2019-03-27,0.766234070988582
2019-03-28,0.8414461393562869
2019-03-29,0.8818807015299652
2019-04-01,0.9565125470647904
2019-04-02,0.9865124342551519
2019-04-03,0.9970819375062792
2019-04-04,0.0
2019-04-05,0.0
2019-04-08,0.0
2019-04-09,0.0
2019-04-10,0.0
2019-04-11,0.0
2019-04-12,0.0
2019-04-15,0.0
2019-04-16,0.0
2019-04-17,0.0
2019-04-18,0.0
2019-04-22,1.7541523789077473e-14
2019-04-23,0.35206068783192057
2019-04-24,0.594327390303286
2019-04-25,-0.9525128431152379
2019-04-26,-0.999993614737972
2019-04-29,0.0
2019-04-30,0.0
2019-05-01,0.0
2019-05-02,0.0
2019-05-03,0.0
2019-05-06,0.0
2019-05-07,0.0
2019-05-08,0.0
2019-05-09,0.0
2019-05-10,0.0
2019-05-13,0.0
2019-05-14,5.329070518200751e-15
2019-05-15,-0.27372787141383403
2019-05-16,-0.5655475324414052
2019-05-17,-0.8083996408094034
2019-05-20,-0.9452169498896459
2019-05-21,-0.9859415470126263
2019-05-22,-0.9958012467819919
2019-05-23,0.0
2019-05-24,0.0
2019-05-28,0.0
2019-05-29,0.0
2019-05-30,0.0
2019-05-31,0.0
2019-06-03,0.0
2019-06-04,0.0
2019-06-05,0.0
2019-06-06,0.0
2019-06-07,0.0
2019-06-10,3.552713678800501e-15
2019-06-11,0.39320823613866507
2019-06-12,0.6833956158315608
2019-06-13,0.8504336053236763
2019-06-14,0.9031134794907845
2019-06-17,0.9392525200218245
2019-06-18,0.9879020470401823
2019-06-19,0.9974678376056672
2019-06-20,0.0
2019-06-21,0.0
2019-06-24,0.0
2019-06-25,0.0
2019-06-26,0.0
2019-06-27,0.0
2019-06-28,0.0
2019-07-01,0.0
2019-07-02,0.0
2019-07-03,0.0
2019-07-05,0.0
2019-07-08,-6.217248937900877e-15
2019-07-09,-0.7842664030473667
2019-07-10,-0.9829599370397364
2019-07-11,-0.9964833783484097
2019-07-12,0.0
2019-07-15,0.0
2019-07-16,0.0
2019-07-17,0.0
2019-07-18,0.0
2019-07-19,0.0
2019-07-22,0.0
2019-07-23,0.0
2019-07-24,0.0
2019-07-25,0.0
2019-07-26,0.0
2019-07-29,1.3100631690576847e-14
2019-07-30,0.22235758446601417
2019-07-31,0.16326699959003266
2019-08-01,-0.013890913304520192
2019-08-02,-0.4052325178923266
2019-08-05,-0.8972467340700727
2019-08-06,-0.9944342847527872
2019-08-07,0.0
2019-08-08,0.0
2019-08-09,0.0
2019-08-12,0.0
2019-08-13,0.0
2019-08-14,0.0
2019-08-15,0.0
2019-08-16,0.0
2019-08-19,0.0
2019-08-20,0.0
2019-08-21,0.0
2019-08-22,-2.4424906541753444e-15
2019-08-23,-0.5208317044002935
2019-08-26,-0.8159493862430507
2019-08-27,-0.9493919878446662
2019-08-28,-0.9797675464852982
2019-08-29,-0.9804413260479268
2019-08-30,-0.97157224916287
2019-09-03,-0.9837885551389349
2019-09-04,-0.9857417615513759
2019-09-05,-0.9597333071218368
2019-09-06,-0.9111302040350577
2019-09-09,-0.755387015093389
2019-09-10,-0.2786209878349333
2019-09-11,0.2666341116733162
2019-09-12,0.7891746891250131
2019-09-13,0.9728425664975182
2019-09-16,0.9970116787746102
2019-09-17,0.0
2019-09-18,0.0
2019-09-19,0.0
2019-09-20,0.0
2019-09-23,0.0
2019-09-24,0.0
2019-09-25,0.0
2019-09-26,0.0
2019-09-27,0.0
2019-09-30,0.0
2019-10-01,0.0
2019-10-02,-3.9968028886505635e-15
2019-10-03,-0.4983372217236628
2019-10-04,-0.7897097715902213
2019-10-07,-0.9492587692758199
2019-10-08,-0.9948415598085334
2019-10-09,0.0
2019-10-10,0.0
2019-10-11,0.0
2019-10-14,0.0
2019-10-15,0.0
2019-10-16,0.0
2019-10-17,0.0
2019-10-18,0.0
2019-10-21,0.0
2019-10-22,0.0
2019-10-23,0.0
2019-10-24,4.6629367034256575e-15
2019-10-25,0.18545412398502537
2019-10-28,0.45009480528701884
2019-10-29,0.6450485111223649
2019-10-30,0.7744160588359401
2019-10-31,0.8170541326615717
2019-11-01,0.9044415061279072
2019-11-04,0.9713073250395259
2019-11-05,0.993035501571355
2019-11-06,0.0
2019-11-07,0.0
2019-11-08,0.0
2019-11-11,0.0
2019-11-12,0.0
2019-11-13,0.0
2019-11-14,0.0
2019-11-15,0.0
2019-11-18,0.0
2019-11-19,0.0
2019-11-20,0.0
2019-11-21,0.0
2019-11-22,-0.1822509371162222
2019-11-25,-0.10709651690708033
2019-11-26,-0.1271107305645527
2019-11-27,-0.025977247956931127
2019-11-29,-0.0017988310243159944
2019-12-02,-0.10245162598511426
2019-12-03,-0.42483550077881005
2019-12-04,-0.5629440311580471
2019-12-05,-0.7883044204429415
2019-12-06,-0.6995363083102633
2019-12-09,-0.673887370047785
2019-12-10,-0.7396341023289497
2019-12-11,-0.7575790373553013
2019-12-12,-0.7800351759583664
2019-12-13,-0.7934600742771534
2019-12-16,-0.7441632200864938
2019-12-17,-0.7203164320948614
2019-12-18,-0.7286839246352885
2019-12-19,-0.6172982099151976
2019-12-20,-0.31347946954588535
2019-12-23,0.2265948589047413
2019-12-24,0.5901723399549428
2019-12-26,0.8192431994996665
2019-12-27,0.9408960531449557
2019-12-30,0.979583754516961
2019-12-31,0.9945757426399766
2020-01-02,0.0
2020-01-03,0.0
2020-01-06,0.0
2020-01-07,0.0
2020-01-08,0.0
2020-01-09,0.0
2020-01-10,0.0
2020-01-13,0.0
2020-01-14,0.0
2020-01-15,0.0
2020-01-16,0.0
2020-01-17,-1.2212453270876722e-14
2020-01-21,-0.13661031587758354
2020-01-22,-0.47234848269175655
2020-01-23,-0.7381284689440837
2020-01-24,-0.8656832416277567
2020-01-27,-0.9815126158814824
2020-01-28,-0.9999996978173218
2020-01-29,0.0
2020-01-30,0.0
2020-01-31,0.0
2020-02-03,0.0
2020-02-04,0.0
2020-02-05,0.0
2020-02-06,0.0
2020-02-07,0.0
2020-02-10,0.0
2020-02-11,0.0
2020-02-12,0.0
2020-02-13,4.218847493575595e-15
2020-02-14,0.15610477652741328
2020-02-18,0.1043843674682563
2020-02-19,0.09709975589268205
2020-02-20,0.022706955452344246
2020-02-21,-0.18331015826389052
2020-02-24,-0.6464259356774773
2020-02-25,-0.968992712490651
2020-02-26,-0.9981844896111054
2020-02-27,0.0
2020-02-28,0.0
2020-03-02,0.0
2020-03-03,0.0
2020-03-04,0.0
2020-03-05,0.0
2020-03-06,0.0
2020-03-09,0.0
2020-03-10,0.0
2020-03-11,0.0
2020-03-12,0.0
2020-03-13,-6.439293542825908e-15
2020-03-16,-0.5635160193356501
2020-03-17,-0.8214448825723633
2020-03-18,-0.9225589794614528
2020-03-19,-0.9677203681200979
2020-03-20,-0.9972691735975463
2020-03-23,0.0
2020-03-24,0.0
2020-03-25,0.0
2020-03-26,0.0
2020-03-27,0.0
2020-03-30,0.0
2020-03-31,0.0
2020-04-01,0.0
2020-04-02,0.0
2020-04-03,0.0
2020-04-06,0.0
2020-04-07,6.661338147750939e-16
2020-04-08,0.4604504996866803
2020-04-09,0.7425465996707539
2020-04-13,0.8816942477882845
2020-04-14,0.9651162758327718
2020-04-15,0.9853044220622278
2020-04-16,0.993923038360554
2020-04-17,0.0
2020-04-20,0.0
2020-04-21,0.0
2020-04-22,0.0
2020-04-23,0.0
2020-04-24,0.0
2020-04-27,0.0
2020-04-28,0.0
2020-04-29,0.0
2020-04-30,0.0
2020-05-01,0.0
2020-05-04,-3.774758283725532e-15
2020-05-05,-0.049368700769674145
2020-05-06,-0.1446649381862264
2020-05-07,-0.24905032497585688
2020-05-08,-0.2444895027504448
2020-05-11,-0.33660820637600897
2020-05-12,-0.5422256129550513
2020-05-13,-0.796314632141685
2020-05-14,-0.9247651240373547
2020-05-15,-0.9684710882888252
2020-05-18,-0.961857228373783
2020-05-19,-0.9582831998337207
2020-05-20,-0.9489454316002386
2020-05-21,-0.9503434508303907
2020-05-22,-0.9489660110370779
2020-05-26,-0.9164728454922597
2020-05-27,-0.8052235427363101
2020-05-28,-0.6455605817481973
2020-05-29,-0.4392370104973533
2020-06-01,-0.21955990821928206
2020-06-02,0.0677354670945316
2020-06-03,0.42303958771881933
2020-06-04,0.7113760921115644
2020-06-05,0.9125619044103195
2020-06-08,0.9797490593211466
2020-06-09,0.996414615767846
2020-06-10,0.0
2020-06-11,0.0
2020-06-12,0.0
2020-06-15,0.0
2020-06-16,0.0
2020-06-17,0.0
2020-06-18,0.0
2020-06-19,0.0
2020-06-22,0.0
2020-06-23,0.0
2020-06-24,0.0
2020-06-25,4.440892098500626e-15
2020-06-26,-0.30545019942738394
2020-06-29,-0.3905454506665713
2020-06-30,-0.44398522662099316
2020-07-01,-0.5188991266800722
2020-07-02,-0.5136458022231314
2020-07-06,-0.4603804670010816
2020-07-07,-0.5543216890062646
2020-07-08,-0.6429184846233191
2020-07-09,-0.7988075728943094
2020-07-10,-0.8738367358365211
2020-07-13,-0.9005594877823699
2020-07-14,-0.8742605199457445
2020-07-15,-0.8300619171618124
2020-07-16,-0.7503573369538601
2020-07-17,-0.6717795799537045
2020-07-20,-0.6866058288817016
2020-07-21,-0.661773570024706
2020-07-22,-0.6097067532917964
2020-07-23,-0.5361565087892477
2020-07-24,-0.4386575201080074
2020-07-27,-0.20157816438092135
2020-07-28,-0.2729232633318628
2020-07-29,-0.30574172335458494
2020-07-30,-0.48021545496230833
2020-07-31,-0.6676413300972672
2020-08-03,-0.8027738019945718
2020-08-04,-0.8819160396092678
2020-08-05,-0.8973336954021529
2020-08-06,-0.9049166152952648
2020-08-07,-0.8897681902553887
2020-08-10,-0.8336263184889297
2020-08-11,-0.7232240906875278
2020-08-12,-0.5518174786865613
2020-08-13,-0.2852292582177427
2020-08-14,0.023617877020402744
2020-08-17,0.2780216240745488
2020-08-18,0.4914600703365093
2020-08-19,0.6542252258160621
2020-08-20,0.7607188946573218
2020-08-21,0.8429869995692205
2020-08-24,0.9155265280999145
2020-08-25,0.955774564064042
2020-08-26,0.9800002049898158
2020-08-27,0.9917728649947037
2020-08-28,0.0
2020-08-31,0.0
2020-09-01,0.0
2020-09-02,0.0
2020-09-03,0.0
2020-09-04,0.0
2020-09-08,0.0
2020-09-09,0.0
2020-09-10,0.0
2020-09-11,0.0
2020-09-14,0.0
2020-09-15,-4.6629367034256575e-15
2020-09-16,0.4020333010019772
2020-09-17,0.8379300901696181
2020-09-18,0.9352234093099772
2020-09-21,0.788390714525937
2020-09-22,0.5804917175458866
2020-09-23,0.047267666707354605
2020-09-24,-0.4137516656595681
2020-09-25,-0.7431780711768059
2020-09-28,-0.8775317071671611
2020-09-29,-0.9670885399970994
2020-09-30,-0.9921468921568535
2020-10-01,0.0
2020-10-02,0.0
2020-10-05,0.0
2020-10-06,0.0
2020-10-07,0.0
2020-10-08,0.0
2020-10-09,0.0
2020-10-12,0.0
2020-10-13,0.0
2020-10-14,0.0
2020-10-15,0.0
2020-10-16,0.0
2020-10-19,0.20070197016882352
2020-10-20,0.44158659651442567
2020-10-21,0.5628960522452102
2020-10-22,0.7087457778516995
2020-10-23,0.7929166356559176
2020-10-26,0.7846074212084546
2020-10-27,0.6418356525209188
2020-10-28,0.36427854832826556
2020-10-29,0.03808632353997554
2020-10-30,-0.21903438777076412
2020-11-02,-0.3338556887107924
2020-11-03,-0.34370779081355174
2020-11-04,-0.5349034058969666
2020-11-05,-0.6065270536147032
2020-11-06,-0.6732466752092199
2020-11-09,-0.7216356398412647
2020-11-10,-0.639434253753294
2020-11-11,-0.545143979328309
2020-11-12,-0.5065149323903033
2020-11-13,-0.3837303086984756
2020-11-16,-0.11374006539728176
2020-11-17,0.15440630303996383
2020-11-18,0.3302192664805008
2020-11-19,0.530665645783813
2020-11-20,0.7138797605853906
2020-11-23,0.8537356739893016
2020-11-24,0.9488306900043288
2020-11-25,0.9851744108884841
2020-11-27,0.9962957795259169
2020-11-30,0.0
2020-12-01,0.0
2020-12-02,0.0
2020-12-03,0.0
2020-12-04,0.0
2020-12-07,0.0
2020-12-08,0.0
2020-12-09,0.0
2020-12-10,0.0
2020-12-11,0.0
2020-12-14,0.0
2020-12-15,1.2434497875801753e-14
2020-12-16,0.373452413181276
2020-12-17,0.751251984929904
2020-12-18,0.9176037348668027
2020-12-21,0.9693093999016558
2020-12-22,0.9845917642232092
2020-12-23,0.9892324551392526
2020-12-24,0.994072942740142
2020-12-28,0.0
2020-12-29,0.0
2020-12-30,0.0
2020-12-31,0.0
2021-01-04,0.0
2021-01-05,0.0
2021-01-06,0.0
2021-01-07,0.0
2021-01-08,0.0
2021-01-11,0.0
2021-01-12,0.0
2021-01-13,0.0
2021-01-14,-0.25469657328417616
2021-01-15,-0.5082742177881716
2021-01-19,-0.5642442487074344
2021-01-20,-0.5719264872565424
2021-01-21,-0.5624578899424004
2021-01-22,-0.6127511342401575
2021-01-25,-0.613434935456824
2021-01-26,-0.40725649716790446
2021-01-27,0.3142427858445327
2021-01-28,0.7356998138739692
2021-01-29,0.8273625854264108
2021-02-01,0.8785978405542254
2021-02-02,0.9188904041386008
2021-02-03,0.9496311905944586
2021-02-04,0.9752632660279745
2021-02-05,0.9912334759067134
2021-02-08,0.0
2021-02-09,0.0
2021-02-10,0.0
2021-02-11,0.0
2021-02-12,0.0
2021-02-16,0.0
2021-02-17,0.0
2021-02-18,0.0
2021-02-19,0.0
2021-02-22,0.0
2021-02-23,0.0
2021-02-24,-1.354472090042691e-14
2021-02-25,0.15373775982079851
2021-02-26,-0.26006972467868605
2021-03-01,-0.4334620721552964
2021-03-02,-0.5000360418120815
2021-03-03,-0.45548257848800544
2021-03-04,-0.46092269543355924
2021-03-05,-0.0824285325574945
2021-03-08,0.6073565417746094
2021-03-09,0.8273096900629411
2021-03-10,0.9815299861905991
2021-03-11,0.9990819230942469
2021-03-12,0.0
2021-03-15,0.0
2021-03-16,0.0
2021-03-17,0.0
2021-03-18,0.0
2021-03-19,0.0
2021-03-22,0.0
2021-03-23,0.0
2021-03-24,0.0
2021-03-25,0.0
2021-03-26,0.0
2021-03-29,-1.176836406102666e-14
2021-03-30,0.3063514550609985
2021-03-31,0.4478050422390536
2021-04-01,0.5666912453925383
2021-04-05,0.7455722964062659
2021-04-06,0.8571730940314188
2021-04-07,0.9252165195866342
2021-04-08,0.9674826370433867
2021-04-09,0.9916515478449708
2021-04-12,0.0
2021-04-13,0.0
2021-04-14,0.0
2021-04-15,0.0
2021-04-16,0.0
2021-04-19,0.0
2021-04-20,0.0
2021-04-21,0.0
2021-04-22,0.0
2021-04-23,0.0
2021-04-26,0.0
2021-04-27,-1.7319479184152442e-14
2021-04-28,-0.25859964540963
2021-04-29,-0.1979507814311492
2021-04-30,-0.3145562461201168
2021-05-03,-0.2960916932988096
2021-05-04,-0.21333411192143248
2021-05-05,0.0451653459135255
2021-05-06,0.3609864169978658
2021-05-07,0.6470410355913134
2021-05-10,0.9275567545236236
2021-05-11,0.9767177450126785
2021-05-12,0.975808063811282
2021-05-13,0.9923978757977479
2021-05-14,0.0
2021-05-17,0.0
2021-05-18,0.0
2021-05-19,0.0
2021-05-20,0.0
2021-05-21,0.0
2021-05-24,0.0
2021-05-25,0.0
2021-05-26,0.0
2021-05-27,0.0
2021-05-28,0.0
2021-06-01,-4.440892098500626e-14
2021-06-02,0.2457556993190244
2021-06-03,0.5307487465701506
2021-06-04,0.9335529529221174
2021-06-07,0.9714529222325399
2021-06-08,0.9870196265386111
2021-06-09,0.98848414448175
2021-06-10,0.9925196103738656
2021-06-11,0.0
2021-06-14,0.0
2021-06-15,0.0
2021-06-16,0.0
2021-06-17,0.0
2021-06-18,0.0
2021-06-21,0.0
2021-06-22,0.0
2021-06-23,0.0
2021-06-24,0.0
2021-06-25,0.0
2021-06-28,-1.0436096431476471e-14
2021-06-29,-0.016997036822490763
2021-06-30,0.12211152844129347
2021-07-01,0.2736472983118152
2021-07-02,0.4448451295295557
2021-07-06,0.4596283251525297
2021-07-07,0.5933708322194926
2021-07-08,0.6497340550956063
2021-07-09,0.7716551715886644
2021-07-12,0.8385940605280988
2021-07-13,0.8824281886691863
2021-07-14,0.9441134382920549
2021-07-15,0.9743308271071005
2021-07-16,0.9816219145081118
2021-07-19,0.9827405084117722
2021-07-20,0.9901238171899251
2021-07-21,0.0
2021-07-22,0.0
2021-07-23,0.0
2021-07-26,0.0
2021-07-27,0.0
2021-07-28,0.0
2021-07-29,0.0
2021-07-30,0.0
2021-08-02,0.0
2021-08-03,0.0
2021-08-04,0.0
2021-08-05,0.0
2021-08-06,-0.1562775785583732
2021-08-09,-0.3836253222100565
2021-08-10,-0.3690503387619233
2021-08-11,-0.06876204356003601
2021-08-12,0.20656820470630466
2021-08-13,0.35495347160220003
2021-08-16,0.6357907790758488
2021-08-17,0.6481223294571601
2021-08-18,0.4001651192077158
2021-08-19,-0.01687120650689744
2021-08-20,-0.3861578751998094
2021-08-23,-0.6310741047375947
2021-08-24,-0.7950427824085946
2021-08-25,-0.9060783794140106
2021-08-26,-0.9482027731956089
2021-08-27,-0.9748234293527192
2021-08-30,-0.9830280875129307
2021-08-31,-0.9931046125883063
2021-09-01,0.0
2021-09-02,0.0
2021-09-03,0.0
2021-09-07,0.0
2021-09-08,0.0
2021-09-09,0.0
2021-09-10,0.0
2021-09-13,0.0
2021-09-14,0.0
2021-09-15,0.0
2021-09-16,0.0
2021-09-17,7.771561172376096e-15
2021-09-20,-0.28805886643359657
2021-09-21,-0.5934545377604605
2021-09-22,-0.7631853208216612
2021-09-23,-0.8460703334063773
2021-09-24,-0.9070727040801316
2021-09-27,-0.9404734952043909
2021-09-28,-0.9694257175588703
2021-09-29,-0.9831095619750092
2021-09-30,-0.9957107313539308
2021-10-01,0.0
2021-10-04,0.0
2021-10-05,0.0
2021-10-06,0.0
2021-10-07,0.0
2021-10-08,0.0
2021-10-11,0.0
2021-10-12,0.0
2021-10-13,0.0
2021-10-14,0.0
2021-10-15,0.0
2021-10-18,2.220446049250313e-15
2021-10-19,0.4146999387797792
2021-10-20,0.71323019408737
2021-10-21,0.8700731654151184
2021-10-22,0.9254847811901323
2021-10-25,0.9734079560209921
2021-10-26,0.9907409823918323
2021-10-27,0.0
2021-10-28,0.0
2021-10-29,0.0
2021-11-01,0.0
2021-11-02,0.0
2021-11-03,0.0
2021-11-04,0.0
2021-11-05,0.0
2021-11-08,0.0
2021-11-09,0.0
2021-11-10,0.0
2021-11-11,0.0
2021-11-12,0.4416135312682994
2021-11-15,0.7113417433217544
2021-11-16,0.8705884837850977
2021-11-17,0.9474539649814564
2021-11-18,0.9277070347083543
2021-11-19,0.9187701836852356
2021-11-22,0.9224671490583638
2021-11-23,0.9206798191884831
2021-11-24,0.8551717961527336
2021-11-26,0.6058044035728458
2021-11-29,0.2960773898892064
2021-11-30,-0.6738098069812692
2021-12-01,-0.9714086704795648
2021-12-02,-0.9993650297623129
2021-12-03,0.0
2021-12-06,0.0
2021-12-07,0.0
2021-12-08,0.0
2021-12-09,0.0
2021-12-10,0.0
2021-12-13,0.0
2021-12-14,0.0
2021-12-15,0.0
2021-12-16,0.0
2021-12-17,0.0
2021-12-20,-5.329070518200751e-15
2021-12-21,-0.3193778026076164
2021-12-22,-0.5968770644182517
2021-12-23,-0.6256624002997504
2021-12-27,-0.5104861052348832
2021-12-28,-0.29316539452957247
2021-12-29,0.019353622456698805
2021-12-30,0.23736847750943335
2021-12-31,0.4275613858657483
2022-01-03,0.5924181251333449
2022-01-04,0.8334757316934778
2022-01-05,0.9322356439776285
2022-01-06,0.9622749666526338
2022-01-07,0.988997483011407
2022-01-10,0.9931790057504033
2022-01-11,0.0
2022-01-12,0.0
2022-01-13,0.0
2022-01-14,0.0
2022-01-18,0.0
2022-01-19,0.0
2022-01-20,0.0
2022-01-21,0.0
2022-01-24,0.0
2022-01-25,0.0
2022-01-26,0.0
2022-01-27,-7.993605777301127e-15
2022-01-28,-0.6163253033331766
2022-01-31,-0.8618594064147933
2022-02-01,-0.9502896775963221
2022-02-02,-0.9861705448860725
2022-02-03,-0.9978688365374151
2022-02-04,0.0
2022-02-07,0.0
2022-02-08,0.0
2022-02-09,0.0
2022-02-10,0.0
2022-02-11,0.0
2022-02-14,0.0
2022-02-15,0.0
2022-02-16,0.0
2022-02-17,0.0
2022-02-18,0.0
2022-02-22,4.440892098500626e-15
2022-02-23,-0.446393799066098
2022-02-24,-0.7604711400484749
2022-02-25,-0.8345629324936725
2022-02-28,-0.90588778044259
2022-03-01,-0.9664189150581046
2022-03-02,-0.985370339768729
2022-03-03,-0.9929699424087934
2022-03-04,0.0
2022-03-07,0.0
2022-03-08,0.0
2022-03-09,0.0
2022-03-10,0.0
2022-03-11,0.0
2022-03-14,0.0
2022-03-15,0.0
2022-03-16,0.0
2022-03-17,0.0
2022-03-18,0.0
2022-03-21,-5.995204332975845e-15
2022-03-22,0.4155016277387995
2022-03-23,0.5714128906302465
2022-03-24,0.7564715404380529
2022-03-25,0.9067564513926922
2022-03-28,0.9603239129831393
2022-03-29,0.9927006490238672
2022-03-30,0.0
2022-03-31,0.0
2022-04-01,0.0
2022-04-04,0.0
2022-04-05,0.0
2022-04-06,0.0
2022-04-07,0.0
2022-04-08,0.0
2022-04-11,0.0
2022-04-12,0.0
2022-04-13,0.0
2022-04-14,-1.7541523789077473e-14
2022-04-18,-0.6161845685293255
2022-04-19,-0.4958754536495773
2022-04-20,-0.27962738610300764
2022-04-21,0.17116368489249045
2022-04-22,0.11731090122239252
2022-04-25,-0.03716498436218285
2022-04-26,-0.7696216129079407
2022-04-27,-0.9783232039259897
2022-04-28,-0.9935468939828533
2022-04-29,0.0
2022-05-02,0.0
2022-05-03,0.0
2022-05-04,0.0
2022-05-05,0.0
2022-05-06,0.0
2022-05-09,0.0
2022-05-10,0.0
2022-05-11,0.0
2022-05-12,0.0
2022-05-13,0.0
2022-05-16,-9.992007221626409e-15
2022-05-17,0.26112913626161793
2022-05-18,0.24222739435893947
2022-05-19,0.189422686996227
2022-05-20,-0.090805037674619
2022-05-23,-0.3086711478125088
2022-05-24,-0.4140046930478076
2022-05-25,-0.5043001022857496
2022-05-26,-0.5209668319778604
2022-05-27,-0.4066757960420182
2022-05-31,-0.30046082858963974
2022-06-01,-0.3589295815960827
2022-06-02,-0.31837763441261213
2022-06-03,-0.39721532610749244
2022-06-06,-0.45748075329243343
2022-06-07,-0.4826684479184937
2022-06-08,-0.5682463169703873
2022-06-09,-0.6853698682351734
2022-06-10,-0.9029175229729565
2022-06-13,-0.98254167221246
2022-06-14,-0.998343530232016
2022-06-15,0.0
2022-06-16,0.0
2022-06-17,0.0
2022-06-21,0.0
2022-06-22,0.0
2022-06-23,0.0
2022-06-24,0.0
2022-06-27,0.0
2022-06-28,0.0
2022-06-29,0.0
2022-06-30,0.0
2022-07-01,0.0
2022-07-05,-0.19536509839539273
2022-07-06,-0.30187750666056257
2022-07-07,-0.37623510278769423
2022-07-08,-0.5542680705423941
2022-07-11,-0.6737441124926888
2022-07-12,-0.7021669466737364
2022-07-13,-0.8130382941218091
2022-07-14,-0.888576784071287
2022-07-15,-0.8994383341692624
2022-07-18,-0.9324919193415766
2022-07-19,-0.9016173185801031
2022-07-20,-0.8356710629042827
2022-07-21,-0.701964424179736
2022-07-22,-0.5080414063209342
2022-07-25,-0.2716574424716869
2022-07-26,0.4786442868702534
2022-07-27,0.8415013000863873
2022-07-28,0.9784862535999634
2022-07-29,0.9993987652959979
2022-08-01,0.0
2022-08-02,0.0
2022-08-03,0.0
2022-08-04,0.0
2022-08-05,0.0
2022-08-08,0.0
2022-08-09,0.0
2022-08-10,0.0
2022-08-11,0.0
2022-08-12,0.0
2022-08-15,0.0
2022-08-16,5.551115123125783e-15
2022-08-17,-0.0237295420298389
2022-08-18,-0.09384600285448785
2022-08-19,-0.15797409532995998
2022-08-22,-0.41846442050513155
2022-08-23,-0.6158726884474814
2022-08-24,-0.7786892917849886
2022-08-25,-0.8493330432632087
2022-08-26,-0.9898558174083103
2022-08-29,-0.9998721901046688
2022-08-30,0.0
2022-08-31,0.0
2022-09-01,0.0
2022-09-02,0.0
2022-09-06,0.0
2022-09-07,0.0
2022-09-08,0.0
2022-09-09,0.0
2022-09-12,0.0
2022-09-13,0.0
2022-09-14,0.0
2022-09-15,-1.3322676295501878e-15
2022-09-16,-0.3036950588182068
2022-09-19,-0.5466150810987529
2022-09-20,-0.7263999636702616
2022-09-21,-0.8786522160103192
2022-09-22,-0.957332639004846
2022-09-23,-0.9895876832992747
2022-09-26,-0.9978522033607387
2022-09-27,0.0
2022-09-28,0.0
2022-09-29,0.0
2022-09-30,0.0
2022-10-03,0.0
2022-10-04,0.0
2022-10-05,0.0
2022-10-06,0.0
2022-10-07,0.0
2022-10-10,0.0
2022-10-11,0.0
2022-10-12,-6.439293542825908e-15
2022-10-13,0.217766388813315
2022-10-14,0.36249241862879633
2022-10-17,0.5001934106237473
2022-10-18,0.7094407443673427
2022-10-19,0.7929555659387411
2022-10-20,0.8268159522042204
2022-10-21,0.9229574243568817
2022-10-24,0.9775582281229733
2022-10-25,0.9946198547005078
2022-10-26,0.0
2022-10-27,0.0
2022-10-28,0.0
2022-10-31,0.0
2022-11-01,0.0
2022-11-02,0.0
2022-11-03,0.0
2022-11-04,0.0
2022-11-07,0.0
2022-11-08,0.0
2022-11-09,0.0
2022-11-10,-4.6629367034256575e-15
2022-11-11,0.7665848012305876
2022-11-14,0.9571473674238822
2022-11-15,0.9953330474039146
2022-11-16,0.0
2022-11-17,0.0
2022-11-18,0.0
2022-11-21,0.0
2022-11-22,0.0
2022-11-23,0.0
2022-11-25,0.0
2022-11-28,0.0
2022-11-29,0.0
2022-11-30,0.0
2022-12-01,0.0
2022-12-02,1.4432899320127035e-14
2022-12-05,-0.40861033551341785
2022-12-06,-0.7041844778940272
2022-12-07,-0.7494295755032887
2022-12-08,-0.8125367332623612
2022-12-09,-0.8728775181581523
2022-12-12,-0.869894027207649
2022-12-13,-0.844855275892576
2022-12-14,-0.8796188633819582
2022-12-15,-0.9805607084121923
2022-12-16,-0.9986500776280485
2022-12-19,0.0
2022-12-20,0.0
2022-12-21,0.0
2022-12-22,0.0
2022-12-23,0.0
2022-12-27,0.0
2022-12-28,0.0
2022-12-29,0.0
2022-12-30,0.0
2023-01-03,0.0
2023-01-04,0.0
2023-01-05,9.547918011776346e-15
2023-01-06,0.5645163877040451
2023-01-09,0.869714938578481
2023-01-10,0.9828215266245628
2023-01-11,0.9991372602799056
2023-01-12,0.0
2023-01-13,0.0
2023-01-17,0.0
2023-01-18,0.0
2023-01-19,0.0
2023-01-20,0.0
2023-01-23,0.0
2023-01-24,0.0
2023-01-25,0.0
2023-01-26,0.0
2023-01-27,0.0
2023-01-30,-3.552713678800501e-15
2023-01-31,-0.1699578427993398
2023-02-01,-0.29638720489292725
2023-02-02,-0.27586433899971885
2023-02-03,-0.3394597884496364
2023-02-06,-0.4237414101843133
2023-02-07,-0.48891230067350566
2023-02-08,-0.5826060837371878
2023-02-09,-0.7017092378758312
2023-02-10,-0.7796753638254752
2023-02-13,-0.8248014684276499
2023-02-14,-0.8705263073032068
2023-02-15,-0.9013979807134131
2023-02-16,-0.9318477851103226
2023-02-17,-0.9498784691315276
2023-02-21,-0.9725966013938854
2023-02-22,-0.9858624545672507
2023-02-23,-0.9929556140895179
2023-02-24,0.0
2023-02-27,0.0
2023-02-28,0.0
2023-03-01,0.0
2023-03-02,0.0
2023-03-03,0.0
2023-03-06,0.0
2023-03-07,0.0
2023-03-08,0.0
2023-03-09,0.0
2023-03-10,0.0
2023-03-13,7.105427357601002e-15
2023-03-14,-0.4244428526520072
2023-03-15,-0.7194298554639276
2023-03-16,-0.8421341468467689
2023-03-17,-0.935327036162684
2023-03-20,-0.9668121270246202
2023-03-21,-0.9835903404442818
2023-03-22,-0.9964480800086664
2023-03-23,0.0
2023-03-24,0.0
2023-03-27,0.0
2023-03-28,0.0
2023-03-29,0.0
2023-03-30,0.0
2023-03-31,0.0
2023-04-03,0.0
2023-04-04,0.0
2023-04-05,0.0
2023-04-06,0.0
2023-04-10,1.354472090042691e-14
2023-04-11,0.3428382304116868
2023-04-12,0.5855678830340454
2023-04-13,0.871239864019347
2023-04-14,0.964682376032528
2023-04-17,0.9955758558702541
2023-04-18,0.0
2023-04-19,0.0
2023-04-20,0.0
2023-04-21,0.0
2023-04-24,0.0
2023-04-25,0.0
2023-04-26,0.0
2023-04-27,0.0
2023-04-28,0.0
2023-05-01,0.0
2023-05-02,0.0
2023-05-03,-1.354472090042691e-14
2023-05-04,-0.47028958884109895
2023-05-05,-0.6308231120181804
2023-05-08,-0.8237647361557081
2023-05-09,-0.9622652596296304
2023-05-10,-0.9938964172095464
2023-05-11,0.0
2023-05-12,0.0
2023-05-15,0.0
2023-05-16,0.0
2023-05-17,0.0
2023-05-18,0.0
2023-05-19,0.0
2023-05-22,0.0
2023-05-23,0.0
2023-05-24,0.0
2023-05-25,0.0
2023-05-26,0.0
2023-05-30,-0.35356156191793153
2023-05-31,-0.8216503399024955
2023-06-01,-0.9562033218717909
2023-06-02,-0.8227234314016174
2023-06-05,-0.8436484750289979
2023-06-06,-0.8493073964052591
2023-06-07,-0.71362758805694
2023-06-08,-0.5459097853967125
2023-06-09,-0.4279143966487948
2023-06-12,-0.1647918343700998
2023-06-13,0.2562178636603054
2023-06-14,0.5393545998297298
2023-06-15,0.8280569227101422
2023-06-16,0.9606048003189083
2023-06-20,0.9860197280798135
2023-06-21,0.9939176715035203
2023-06-22,0.0
2023-06-23,0.0
2023-06-26,0.0
2023-06-27,0.0
2023-06-28,0.0
2023-06-29,0.0
2023-06-30,0.0
2023-07-03,0.0
2023-07-05,0.0
2023-07-06,0.0
2023-07-07,0.0
2023-07-10,-1.0880185641326534e-14
2023-07-11,0.39113485946544446
2023-07-12,0.6458581379637678
2023-07-13,0.8730173456549157
2023-07-14,0.9544340341525857
2023-07-17,0.9813862216555895
2023-07-18,0.9960904163605551
2023-07-19,0.0
2023-07-20,0.0
2023-07-21,0.0
2023-07-24,0.0
2023-07-25,0.0
2023-07-26,0.0
2023-07-27,0.0
2023-07-28,0.0
2023-07-31,0.0
2023-08-01,0.0
2023-08-02,0.0
2023-08-03,0.0
2023-08-04,-0.18014666076178898
2023-08-07,-0.35492534023960554
2023-08-08,-0.5534412095174983
2023-08-09,-0.7166710831787211
2023-08-10,-0.8240439986647952
2023-08-11,-0.8846024530431587
2023-08-14,-0.9371044320022699
2023-08-15,-0.977394435328466
2023-08-16,-0.99313238343768
2023-08-17,0.0
2023-08-18,0.0
2023-08-21,0.0
2023-08-22,0.0
2023-08-23,0.0
2023-08-24,0.0
2023-08-25,0.0
2023-08-28,0.0
2023-08-29,0.0
2023-08-30,0.0
2023-08-31,0.0
2023-09-01,-5.10702591327572e-15
2023-09-05,0.3177041318803535
2023-09-06,0.5471017199268011
2023-09-07,0.7001899619778613
2023-09-08,0.8156111647181077
2023-09-11,0.9147448786813392
2023-09-12,0.9588648152754868
2023-09-13,0.9462799737188561
2023-09-14,0.9435941768748308
2023-09-15,0.9292081072160392
2023-09-18,0.9127646761349406
2023-09-19,0.8831808477889844
2023-09-20,0.8254017018897353
2023-09-21,0.7138094739261571
2023-09-22,0.5533123130519284
2023-09-25,0.2645882255612064
2023-09-26,-0.0962391538155225
2023-09-27,-0.44277855518076636
2023-09-28,-0.7055011886121578
2023-09-29,-0.8599187838935498
2023-10-02,-0.9614447204719525
2023-10-03,-0.9934492360206251
2023-10-04,0.0
2023-10-05,0.0
2023-10-06,0.0
2023-10-09,0.0
2023-10-10,0.0
2023-10-11,0.0
2023-10-12,0.0
2023-10-13,0.0
2023-10-16,0.0
2023-10-17,0.0
2023-10-18,0.0
2023-10-19,1.4654943925052066e-14
2023-10-20,-0.44138648961209803
2023-10-23,-0.8216816283754749
2023-10-24,-0.7066720484885822
2023-10-25,-0.6492507499270568
2023-10-26,-0.6719492358945405
2023-10-27,-0.7889291380746521
2023-10-30,-0.7347986524842551
2023-10-31,-0.5223370266144616
2023-11-01,-0.31041227331702226
2023-11-02,0.17251773156696237
2023-11-03,0.7226654655308764
2023-11-06,0.9368980824302744
2023-11-07,0.9887919120931568
2023-11-08,0.9976964030859308
2023-11-09,0.0
2023-11-10,0.0
2023-11-13,0.0
2023-11-14,0.0
2023-11-15,0.0
2023-11-16,0.0
2023-11-17,0.0
2023-11-20,0.0
2023-11-21,0.0
2023-11-22,0.0
2023-11-24,0.0
2023-11-27,0.0
2023-11-28,0.4243318680228536
2023-11-29,0.7170652302107141
2023-11-30,0.8960018913771095
2023-12-01,0.9745652481857403
2023-12-04,0.9986932323628601
2023-12-05,0.0
2023-12-06,0.0
2023-12-07,0.0
2023-12-08,0.0
2023-12-11,0.0
2023-12-12,0.0
2023-12-13,0.0
2023-12-14,0.0
2023-12-15,0.0
2023-12-18,0.0
2023-12-19,0.0
2023-12-20,-9.103828801926284e-15
2023-12-21,0.15927411427739568
2023-12-22,0.3829666977837105
2023-12-26,0.6974232572543917
2023-12-27,0.8936694163433527
2023-12-28,0.9780500768452707
2023-12-29,0.9960612542625591
2024-01-02,0.0
2024-01-03,0.0
2024-01-04,0.0
2024-01-05,0.0
2024-01-08,0.0
2024-01-09,0.0
2024-01-10,0.0
2024-01-11,0.0
2024-01-12,0.0
2024-01-16,0.0
2024-01-17,0.0
2024-01-18,1.509903313490213e-14
2024-01-19,-0.08206635817805541
2024-01-22,-0.1075709019256279
2024-01-23,-0.9970343810365072
2024-01-24,0.0
2024-01-25,0.0
2024-01-26,0.0
2024-01-29,0.0
2024-01-30,0.0
2024-01-31,0.0
2024-02-01,0.0
2024-02-02,0.0
2024-02-05,0.0
2024-02-06,0.0
2024-02-07,0.0
2024-02-08,1.2878587085651816e-14
2024-02-09,-0.2928213642817181
2024-02-12,-0.2882442850222773
2024-02-13,-0.5492634654636745
2024-02-14,-0.7542943132629225
2024-02-15,-0.7945074839611777
2024-02-16,-0.8844906796000924
2024-02-20,-0.9223294375084163
2024-02-21,-0.9506333813045758
2024-02-22,-0.9614917830155909
2024-02-23,-0.9652746574831756
2024-02-26,-0.9771776033913737
2024-02-27,-0.9816714551172738
2024-02-28,-0.9898302348828933
2024-02-29,-0.9924809714050455
2024-03-01,0.0
2024-03-04,0.0
2024-03-05,0.0
2024-03-06,0.0
2024-03-07,0.0
2024-03-08,0.0
2024-03-11,0.0
2024-03-12,0.0
2024-03-13,0.0
2024-03-14,0.0
2024-03-15,0.0
2024-03-18,0.0
2024-03-19,0.3157175037334685
2024-03-20,0.6403924284280016
2024-03-21,0.8325809088322558
2024-03-22,0.9229499799630079
2024-03-25,0.9596532309325767
2024-03-26,0.973943225967447
2024-03-27,0.9865870612599796
2024-03-28,0.9943533642723199
2024-04-01,0.0
2024-04-02,0.0
2024-04-03,0.0
2024-04-04,0.0
2024-04-05,0.0
2024-04-08,0.0
2024-04-09,0.0
2024-04-10,0.0
2024-04-11,0.0
2024-04-12,0.0
2024-04-15,0.0
2024-04-16,1.2656542480726785e-14
2024-04-17,-0.23503880661830667
2024-04-18,-0.3464126208315863
2024-04-19,-0.31217438356341387
2024-04-22,-0.21904908663983846
2024-04-23,-0.061877478829099886
2024-04-24,-0.0800304083766914
2024-04-25,-0.1977575499499049
2024-04-26,-0.24100264622185108
2024-04-29,-0.23167585041783023
2024-04-30,0.42939113376558113
2024-05-01,0.9215555977130732
2024-05-02,0.9906073797182919
2024-05-03,0.0
2024-05-06,0.0
2024-05-07,0.0
2024-05-08,0.0
2024-05-09,0.0
2024-05-10,0.0
2024-05-13,0.0
2024-05-14,0.0
2024-05-15,0.0
2024-05-16,0.0
2024-05-17,0.0
2024-05-20,8.881784197001252e-16
2024-05-21,0.2012726553438997
2024-05-22,0.28734928104226753
2024-05-23,0.2970231090502
2024-05-24,0.31461776279515075
2024-05-28,0.2814362917912223
2024-05-29,0.19297371724384393
2024-05-30,0.13962585198252442
2024-05-31,0.18434224969243918
2024-06-03,0.20852999154467522
2024-06-04,0.17834898426214307
2024-06-05,0.16997756506975947
2024-06-06,0.1241783044257403
2024-06-07,0.19646748280691662
2024-06-10,0.25612574600573534
2024-06-11,0.33829972813094167
2024-06-12,0.40989030239826274
2024-06-13,0.48665463852039736
2024-06-14,0.5358533585329912
2024-06-17,0.5701087432924417
2024-06-18,0.6085717707921521
2024-06-20,0.666140585967006
2024-06-21,0.7320796233962459
2024-06-24,0.797340266900848
2024-06-25,0.8359806455626915
2024-06-26,0.8607673924950079
2024-06-27,0.8994164089129941
2024-06-28,0.9211367382576556
2024-07-01,0.9280969053144725
2024-07-02,0.9406678905951693
2024-07-03,0.9511527160572524
2024-07-05,0.9586049485659254
2024-07-08,0.9641412637435551
2024-07-09,0.9640367197361266
2024-07-10,0.9706331344429484
2024-07-11,0.9797779016685282
2024-07-12,0.9874391955570423
2024-07-15,0.9910361617484416
2024-07-16,0.0
2024-07-17,0.0
2024-07-18,0.0
2024-07-19,0.0
2024-07-22,0.0
2024-07-23,0.0
2024-07-24,0.0
2024-07-25,0.0
2024-07-26,0.0
2024-07-29,0.0
2024-07-30,0.0
2024-07-31,1.7763568394002505e-15
2024-08-01,0.2886440448407275
2024-08-02,0.5058437417913106
2024-08-05,0.6639548621221374
2024-08-06,0.7811663324875333
2024-08-07,0.8494106974015552
2024-08-08,0.9076519778686096
2024-08-09,0.9421826041507628
2024-08-12,0.9629401331530025
2024-08-13,0.9787835175950155
2024-08-14,0.9885890484902018
2024-08-15,0.9943134285728406
2024-08-16,0.0
2024-08-19,0.0
2024-08-20,0.0
2024-08-21,0.0
2024-08-22,0.0
2024-08-23,0.0
2024-08-26,0.0
2024-08-27,0.0
2024-08-28,0.0
2024-08-29,0.0
2024-08-30,0.0
2024-09-03,5.10702591327572e-15
2024-09-04,0.17827361408397047
2024-09-05,0.28134939910063994
2024-09-06,0.17370360715127653
2024-09-09,0.05982910592565038
2024-09-10,0.06807420215429705
2024-09-11,0.08556694550918187
2024-09-12,0.2211377621623254
2024-09-13,0.41105995197154477
2024-09-16,0.633366326830231
2024-09-17,0.7567920389875304
2024-09-18,0.8396480577850001
2024-09-19,0.9045861796578649
2024-09-20,0.9533796026436416
2024-09-23,0.9818763129243435
2024-09-24,0.9954237469005778
2024-09-25,0.0
2024-09-26,0.0
2024-09-27,0.0
2024-09-30,0.0
2024-10-01,0.0
2024-10-02,0.0
2024-10-03,0.0
2024-10-04,0.0
2024-10-07,0.0
2024-10-08,0.0
2024-10-09,0.0
2024-10-10,1.687538997430238e-14
2024-10-11,-0.1556668826206451
2024-10-14,-0.16608474988759303
2024-10-15,-0.17971977656741966
2024-10-16,-0.11679343610080428
2024-10-17,-0.1375255055031519
2024-10-18,-0.21879387405436201
2024-10-21,-0.32540547870277625
2024-10-22,-0.6776645196992019
2024-10-23,-0.9599645861411412
2024-10-24,-0.9988884479795785
2024-10-25,0.0
2024-10-28,0.0
2024-10-29,0.0
2024-10-30,0.0
2024-10-31,0.0
2024-11-01,0.0
2024-11-04,0.0
2024-11-05,0.0
2024-11-06,0.0
2024-11-07,0.0
2024-11-08,0.0
2024-11-11,-5.10702591327572e-15
2024-11-12,0.05468332734598169
2024-11-13,0.17409413017616093
2024-11-14,0.3314981150428038
2024-11-15,0.3731413915880306
2024-11-18,0.43044684041935133
2024-11-19,0.3878134848563626
2024-11-20,0.329033162561563
2024-11-21,0.24518120960664702
2024-11-22,0.21859562180760395
2024-11-25,0.2856640023115551
2024-11-26,0.46172671957968126
2024-11-27,0.591018453706454
2024-11-29,0.7246134295518947
2024-12-02,0.8091789028492249
2024-12-03,0.8436137818364908
2024-12-04,0.862008137212475
2024-12-05,0.9123546354738803
2024-12-06,0.9443055671658043
2024-12-09,0.957168093935234
2024-12-10,0.958945452325205
2024-12-11,0.9606550173941226
2024-12-12,0.9622033381254425
2024-12-13,0.9644585313474512
2024-12-16,0.9646584826556142
2024-12-17,0.958348527749177
2024-12-18,0.9355449754466536
2024-12-19,0.9186921384565725
2024-12-20,0.9185385155962629
2024-12-23,0.9159432940040553
2024-12-24,0.9245115240832107
2024-12-26,0.9376724414596012
2024-12-27,0.9430175043273943
2024-12-30,0.9419486955554432
2024-12-31,0.9406800862479527
2025-01-02,0.9430181305663727
2025-01-03,0.9461810678137348
2025-01-06,0.9512572212513812
2025-01-07,0.9658237668040235
2025-01-08,0.9805296227032387
2025-01-10,0.9841614954143669
2025-01-13,0.9913948912698936
2025-01-14,0.0
2025-01-15,0.0
2025-01-16,0.0
2025-01-17,0.0
2025-01-21,0.0
2025-01-22,0.0
2025-01-23,0.0
2025-01-24,0.0
2025-01-27,0.0
2025-01-28,0.0
2025-01-29,0.0
2025-01-30,4.440892098500626e-15
2025-01-31,0.2014624425824938
2025-02-03,0.308736407908633
2025-02-04,0.450993277166736
2025-02-05,0.5880983965385178
2025-02-06,0.6941798861795032
2025-02-07,0.7381104527775668
2025-02-10,0.77318669635948
2025-02-11,0.8083107619825345
2025-02-12,0.8247934726534258
2025-02-13,0.8381563994076549
2025-02-14,0.8564202776413641
2025-02-18,0.8756349521928508
2025-02-19,0.9007243487611019
2025-02-20,0.9145808585832107
2025-02-21,0.9029883681200366
2025-02-24,0.8941889150802853
2025-02-25,0.8925074897013574
2025-02-26,0.8967634854069781
2025-02-27,0.9182306785567214
2025-02-28,0.9526023871863869
2025-03-03,0.9699286707362229
2025-03-04,0.9673694210854471
2025-03-05,0.968779333957565
2025-03-06,0.9687136947897947
2025-03-07,0.9672921110147039
2025-03-10,0.9687656060261747
2025-03-11,0.9700138005664694
2025-03-12,0.9759821385583094
2025-03-13,0.974579951845086
2025-03-14,0.9798555475454684
2025-03-17,0.9868991490887364
2025-03-18,0.9900667532458929
2025-03-19,0.0
2025-03-20,0.0
2025-03-21,0.0
2025-03-24,0.0
2025-03-25,0.0
2025-03-26,0.0
2025-03-27,0.0
2025-03-28,0.0
2025-03-31,0.0
2025-04-01,0.0
2025-04-02,0.0
2025-04-03,6.439293542825908e-15
2025-04-04,-0.8650813297617597
2025-04-07,-0.9944771993630854
2025-04-08,0.0
2025-04-09,0.0
2025-04-10,0.0
2025-04-11,0.0
2025-04-14,0.0
2025-04-15,0.0
2025-04-16,0.0
2025-04-17,0.0
2025-04-21,0.0
2025-04-22,0.0
2025-04-23,0.0
2025-04-24,0.0
2025-04-25,0.19033405995874508
2025-04-28,0.3848103058530905
2025-04-29,0.5613505533150907
2025-04-30,0.7112348604983361
2025-05-01,0.796980170110638
2025-05-02,0.9121219108427814
2025-05-05,0.959527703965525
2025-05-06,0.974129860477605
2025-05-07,0.9849829584891419
2025-05-08,0.9940853125633355
2025-05-09,0.0
2025-05-12,0.0
2025-05-13,0.0
2025-05-14,0.0
2025-05-15,0.0
2025-05-16,0.0
2025-05-19,0.0
2025-05-20,0.0
2025-05-21,0.0
2025-05-22,0.0
2025-05-23,0.0
2025-05-27,8.43769498715119e-15
2025-05-28,-0.03974465921135728
2025-05-29,-0.01050886639783255
2025-05-30,-0.06750216946608756
2025-06-02,-0.24156574924148777
2025-06-03,-0.2982979954948448
2025-06-04,-0.4203987328858123
2025-06-05,-0.5505989035676966
2025-06-06,-0.6842872055357687
2025-06-09,-0.8156070285602579
2025-06-10,-0.8860036959221016
2025-06-11,-0.9074031096130577
2025-06-12,-0.9472474458065465
2025-06-13,-0.9806680331847637
2025-06-16,-0.9893487256768458
2025-06-17,-0.9966919928883453
2025-06-18,0.0
2025-06-20,0.0
2025-06-23,0.0
2025-06-24,0.0
2025-06-25,0.0
2025-06-26,0.0
2025-06-27,0.0
2025-06-30,0.0
2025-07-01,0.0
2025-07-02,0.0
2025-07-03,0.0
2025-07-07,0.0
2025-07-08,0.22115543740814547
2025-07-09,0.5166640946235572
2025-07-10,0.7640765362948845
2025-07-11,0.87663615605701
2025-07-14,0.9555919230612782
2025-07-15,0.9822822850936586
2025-07-16,0.9944683767434592
2025-07-17,0.0
2025-07-18,0.0
2025-07-21,0.0
2025-07-22,0.0
2025-07-23,0.0
2025-07-24,0.0
2025-07-25,0.0
2025-07-28,0.0
2025-07-29,0.0
2025-07-30,0.0
2025-07-31,0.0
2025-08-01,-7.327471962526033e-15
2025-08-04,-0.18882245134100595
2025-08-05,-0.2328787188664896
2025-08-06,-0.2339910354421466
2025-08-07,-0.18625364039649606
2025-08-08,-0.05804286025360628
2025-08-11,0.16772773094721827
2025-08-12,0.47945452349068285
2025-08-13,0.7687160891976934
2025-08-14,0.8691519081091794
2025-08-15,0.881056071040557
2025-08-18,0.8976252228479795
2025-08-19,0.926372649946182
2025-08-20,0.9501810381504356
2025-08-21,0.9649703119149133
2025-08-22,0.986899507715399
2025-08-25,0.9936434926263158
2025-08-26,0.0
2025-08-27,0.0
2025-08-28,0.0
2025-08-29,0.0
2025-09-02,0.0
2025-09-03,0.0
2025-09-04,0.0
2025-09-05,0.0
2025-09-08,0.0
2025-09-09,0.0
2025-09-10,0.0
2025-09-11,1.2878587085651816e-14
2025-09-12,0.27067894067292264
2025-09-15,0.3905833842008113
2025-09-16,0.4811396819147895
2025-09-17,0.4579704351330738
2025-09-18,0.4549466456903217
2025-09-19,0.5393806672393904
2025-09-22,0.42496396912410184
2025-09-23,0.4875471072637101
2025-09-24,0.42949889816317355
2025-09-25,0.2529652790296446
2025-09-26,0.053187432153164904
2025-09-29,-0.042403821619520166
2025-09-30,-0.049490134617824255
2025-10-01,0.0055284813564968616
2025-10-02,0.26104211825337487
2025-10-03,0.474584645577131
2025-10-06,0.5046948483088247
2025-10-07,0.5000342400112308
2025-10-08,0.5319513688749693
2025-10-09,0.3894646460213116
2025-10-10,-0.037507922559996354
2025-10-13,-0.30521606151978586
2025-10-14,-0.4589341498863255
2025-10-15,-0.5457962422275084
2025-10-16,-0.7041513057846776
2025-10-17,-0.7844164915163883
2025-10-20,-0.7927820849958196
2025-10-21,-0.2955281346040961
2025-10-22,0.4006083812240846
2025-10-23,0.9169680704639982
2025-10-24,0.9927521097048415
2025-10-27,0.0
2025-10-28,0.0
2025-10-29,0.0
2025-10-30,0.0
2025-10-31,0.0
2025-11-03,0.0
2025-11-04,0.0
2025-11-05,0.0
2025-11-06,0.0
2025-11-07,0.0
2025-11-10,0.0
2025-11-11,1.0658141036401503e-14
2025-11-12,0.4755180159430812
2025-11-13,0.7607350664914181
2025-11-14,0.8498051727005236
2025-11-17,0.8565017929399694
2025-11-18,0.8730657778442272
2025-11-19,0.9037047709324786
2025-11-20,0.8925949631688379
2025-11-21,0.9394873376707789
2025-11-24,0.9763423356663428
2025-11-25,0.9949399836828634
2025-11-26,0.0
2025-11-28,0.0
2025-12-01,0.0
2025-12-02,0.0
2025-12-03,0.0
2025-12-04,0.0
2025-12-05,0.0
2025-12-08,0.0
2025-12-09,0.0
2025-12-10,0.0
2025-12-11,0.0
2025-12-12,0.0
2025-12-15,-0.24151714534187718
2025-12-16,-0.5896133642178509
2025-12-17,-0.8373327794212007
2025-12-18,-0.9510448311089084
2025-12-19,-0.9873038480383249
2025-12-22,-0.9983505750450943
2025-12-23,0.0
2025-12-24,0.0
2025-12-26,0.0
2025-12-29,0.0
2025-12-30,0.0
2025-12-31,0.0
2026-01-02,0.0
2026-01-05,0.0
2026-01-06,0.0
2026-01-07,0.0
2026-01-08,0.0
2026-01-09,1.2434497875801753e-14
2026-01-12,0.5217569578863606
2026-01-13,0.8798396068560819
2026-01-14,0.984151324782923
2026-01-15,0.9991899023753923
2026-01-16,0.0
2026-01-20,0.0
2026-01-21,0.0
2026-01-22,0.0
2026-01-23,0.0
2026-01-26,0.0
2026-01-27,0.0
2026-01-28,0.0
2026-01-29,0.0
2026-01-30,0.0
2026-02-02,0.0
2026-02-03,0.0
2026-02-04,0.3024993700229903
2026-02-05,0.5944206007228483
2026-02-06,0.9133461649738235
2026-02-09,0.9835116963450541
2026-02-10,0.9987458565480198
2026-02-11,0.0
2026-02-12,0.0
2026-02-13,0.0
2026-02-17,0.0
2026-02-18,0.0
2026-02-19,0.0
2026-02-20,0.0
2026-02-23,0.0
2026-02-24,0.0
2026-02-25,0.0
2026-02-26,0.0
2026-02-27,0.0
2026-03-02,-0.4117554698080821
2026-03-03,-0.8049183868172656
2026-03-04,-0.9285147064219008
2026-03-05,-0.9919257406573982
2026-03-06,0.0
2026-03-09,0.0
2026-03-10,0.0
2026-03-11,0.0
2026-03-12,0.0
2026-03-13,0.0
2026-03-16,0.0
2026-03-17,0.0
2026-03-18,0.0
2026-03-19,0.0
2026-03-20,0.0
2026-03-23,5.773159728050814e-15
2026-03-24,-0.12078489282019955
2026-03-25,-0.16800779191157367
2026-03-26,-0.38143048099624854
2026-03-27,-0.5864577595977027
2026-03-30,-0.7483920268127808
2026-03-31,-0.8123571732609953
2026-04-01,-0.8609786057741913
2026-04-02,-0.9055099046741444
2026-04-06,-0.9364155954331275
2026-04-07,-0.958400817611536
2026-04-08,-0.9537247858552076
2026-04-09,-0.941461321989316
2026-04-10,-0.9286476061729405
2026-04-13,-0.8932482011705722
2026-04-14,-0.8502972490196974
2026-04-15,-0.8161980523043455
2026-04-16,-0.7887256833956497
2026-04-17,-0.6895139223063294
2026-04-20,-0.6372716692068758
2026-04-21,-0.6440227571958257
2026-04-22,-0.7008481352010059
2026-04-23,-0.7641920902973307
2026-04-24,-0.8016418178505553
2026-04-27,-0.8361994996652895
2026-04-28,-0.8628697182394651
2026-04-29,-0.902110601806668
2026-04-30,-0.915797929364714
2026-05-01,-0.9471360682066898
2026-05-04,-0.9701832835179194
2026-05-05,-0.9817776261053637
2026-05-06,-0.984536933217514
2026-05-07,-0.9899069564009257
2026-05-08,-0.9937778754517659
2026-05-11,0.0
2026-05-12,0.0
2026-05-13,0.0
2026-05-14,0.0
2026-05-15,0.0
2026-05-18,0.0
2026-05-19,0.0
2026-05-20,0.0
2026-05-21,0.0
2026-05-22,0.0
2026-05-26,0.0
2026-05-27,5.995204332975845e-15
2026-05-28,0.21388061634608002
2026-05-29,0.41090421020252377
2026-06-01,0.49114590843529826
2026-06-02,0.6249799520606802
2026-06-03,0.6975009517466524
2026-06-04,0.7806711937735438
2026-06-05,0.8578801043523163
2026-06-08,0.9110355751272008
2026-06-09,0.9597096677648826
2026-06-10,0.9839601002332024
2026-06-11,0.9949107925107987
2026-06-12,0.0
2026-06-15,0.0
2026-06-16,0.0
2026-06-17,0.0
2026-06-18,0.0
2026-06-22,0.0
2026-06-23,0.0
2026-06-24,0.0
2026-06-25,0.0
2026-06-26,0.0
2026-06-29,0.0
2026-06-30,0.0
2026-07-01,-0.16145996118718253
2026-07-02,-0.2727821036714939
2026-07-06,-0.4503028139854235
2026-07-07,-0.6474214899479547
2026-07-08,-0.8705559257711271
2026-07-09,-0.9565264801953128
2026-07-10,-0.9799415278766281
2026-07-13,-0.9907714917341008
2026-07-14,0.0
2026-07-15,0.0
2026-07-16,0.0
2026-07-17,0.0
2026-07-20,0.0
2026-07-21,0.0
2026-07-22,0.0
2026-07-23,0.0
2026-07-24,0.0
2026-07-27,0.0
