2009-08-06,0.0
2009-08-07,0.0
2009-08-10,0.0
2009-08-11,0.0
2009-08-12,0.0
2009-08-13,0.0
2009-08-14,0.0
2009-08-17,0.0
2009-08-18,0.0
2009-08-19,0.0
2009-08-20,0.0
2009-08-21,2.886579864025407e-15
2009-08-24,0.2306657912356207
2009-08-25,0.5071444064118642
2009-08-26,0.7072207789836982
2009-08-27,0.8652731385439185
2009-08-28,0.955658110933816
2009-08-31,0.9843140731389968
2009-09-01,0.9930200871649906
2009-09-02,0.0
2009-09-03,0.0
2009-09-04,0.0
2009-09-08,0.0
2009-09-09,0.0
2009-09-10,0.0
2009-09-11,0.0
2009-09-14,0.0
2009-09-15,0.0
2009-09-16,0.0
2009-09-17,0.0
2009-09-18,5.773159728050814e-15
2009-09-21,-0.2442346381653313
2009-09-22,-0.20236006570812903
2009-09-23,-0.10198381924238054
2009-09-24,0.02933244376536659
2009-09-25,0.013260746441391857
2009-09-28,0.19235367243163481
2009-09-29,0.1372973149393979
2009-09-30,0.09875007996875818
2009-10-01,-0.20123119494002717
2009-10-02,-0.5226315164900144
2009-10-05,-0.672399164826881
2009-10-06,-0.7867163997819238
2009-10-07,-0.8982199735021852
2009-10-08,-0.960645025856945
2009-10-09,-0.9825330630192775
2009-10-12,-0.9919073898943302
2009-10-13,0.0
2009-10-14,0.0
2009-10-15,0.0
2009-10-16,0.0
2009-10-19,0.0
2009-10-20,0.0
2009-10-21,0.0
2009-10-22,0.0
2009-10-23,0.0
2009-10-26,0.0
2009-10-27,0.0
2009-10-28,5.995204332975845e-15
2009-10-29,-0.41500203570156047
2009-10-30,-0.7154353885003997
2009-11-02,-0.8936239979282545
2009-11-03,-0.9775522143119006
2009-11-04,-0.9948295818266528
2009-11-05,0.0
2009-11-06,0.0
2009-11-09,0.0
2009-11-10,0.0
2009-11-11,0.0
2009-11-12,0.0
2009-11-13,0.0
2009-11-16,0.0
2009-11-17,0.0
2009-11-18,0.0
2009-11-19,0.0
2009-11-20,-5.10702591327572e-15
2009-11-23,-0.3273197693828245
2009-11-24,-0.5450348279090087
2009-11-25,-0.5924705327502495
2009-11-27,-0.4397179525089723
2009-11-30,-0.27520775459892444
2009-12-01,-0.040430102419289904
2009-12-02,-0.04262677678323534
2009-12-03,0.15879703179549987
2009-12-04,0.6336570205257606
2009-12-07,0.9344613796957248
2009-12-08,0.9919345403963571
2009-12-09,0.0
2009-12-10,0.0
2009-12-11,0.0
2009-12-14,0.0
2009-12-15,0.0
2009-12-16,0.0
2009-12-17,0.0
2009-12-18,0.0
2009-12-21,0.0
2009-12-22,0.0
2009-12-23,0.0
2009-12-24,1.0880185641326534e-14
2009-12-28,0.6593287517559192
2009-12-29,0.9581259915029006
2009-12-30,0.9988416861330587
2009-12-31,0.0
2010-01-04,0.0
2010-01-05,0.0
2010-01-06,0.0
2010-01-07,0.0
2010-01-08,0.0
2010-01-11,0.0
2010-01-12,0.0
2010-01-13,0.0
2010-01-14,0.0
2010-01-15,0.0
2010-01-19,-7.771561172376096e-15
2010-01-20,-0.34984126706507035
2010-01-21,-0.6085160008184438
2010-01-22,-0.8587389692252954
2010-01-25,-0.9543979274549899
2010-01-26,-0.9853038690514853
2010-01-27,-0.997585793088589
2010-01-28,0.0
2010-01-29,0.0
2010-02-01,0.0
2010-02-02,0.0
2010-02-03,0.0
2010-02-04,0.0
2010-02-05,0.0
2010-02-08,0.0
2010-02-09,0.0
2010-02-10,0.0
2010-02-11,0.0
2010-02-12,-1.2212453270876722e-14
2010-02-16,0.13206267648990844
2010-02-17,0.20303331705963457
2010-02-18,0.29396270176548644
2010-02-19,0.4226849438633373
2010-02-22,0.43780417189208887
2010-02-23,0.467997311836718
2010-02-24,0.6565108773670245
2010-02-25,0.87100335348184
2010-02-26,0.9648077789068508
2010-03-01,0.9944972141991493
2010-03-02,0.0
2010-03-03,0.0
2010-03-04,0.0
2010-03-05,0.0
2010-03-08,0.0
2010-03-09,0.0
2010-03-10,0.0
2010-03-11,0.0
2010-03-12,0.0
2010-03-15,0.0
2010-03-16,0.0
2010-03-17,5.995204332975845e-15
2010-03-18,0.34141944138005886
2010-03-19,0.6561720985288515
2010-03-22,0.8055901991892203
2010-03-23,0.9310649241494244
2010-03-24,0.9441414873268499
2010-03-25,0.9567245614842019
2010-03-26,0.9779046235196156
2010-03-29,0.9937392805185421
2010-03-30,0.0
2010-03-31,0.0
2010-04-01,0.0
2010-04-05,0.0
2010-04-06,0.0
2010-04-07,0.0
2010-04-08,0.0
2010-04-09,0.0
2010-04-12,0.0
2010-04-13,0.0
2010-04-14,0.0
2010-04-15,-5.995204332975845e-15
2010-04-16,0.4549855834797769
2010-04-19,0.760109603951707
2010-04-20,0.9434933195836537
2010-04-21,0.982482113424777
2010-04-22,0.9929458207748416
2010-04-23,0.0
2010-04-26,0.0
2010-04-27,0.0
2010-04-28,0.0
2010-04-29,0.0
2010-04-30,0.0
2010-05-03,0.0
2010-05-04,0.0
2010-05-05,0.0
2010-05-06,0.0
2010-05-07,0.0
2010-05-10,2.4424906541753444e-15
2010-05-11,0.015338961212534752
2010-05-12,0.04411941871774516
2010-05-13,0.009979033002000648
2010-05-14,-0.07413307304980199
2010-05-17,-0.08929104032106738
2010-05-18,-0.19618411917638912
2010-05-19,-0.30581014230977077
2010-05-20,-0.39022657171945974
2010-05-21,-0.5125133414979697
2010-05-24,-0.6689887563637655
2010-05-25,-0.7980446284409726
2010-05-26,-0.8335906705669109
2010-05-27,-0.7647939231897132
2010-05-28,-0.7509432760280059
2010-06-01,-0.7607896261064999
2010-06-02,-0.7043279564272571
2010-06-03,-0.5780936248746373
2010-06-04,-0.5441876996457415
2010-06-07,-0.5152433263352543
2010-06-08,-0.4440080099249295
2010-06-09,-0.37333719898799744
2010-06-10,-0.19321255466063314
2010-06-11,0.01217215791063686
2010-06-14,0.14913165328470823
2010-06-15,0.3791735853309117
2010-06-16,0.6370214590546381
2010-06-17,0.8384430707508461
2010-06-18,0.9315409351147261
2010-06-21,0.9739223117147167
2010-06-22,0.9872401124200885
2010-06-23,0.9948660452909566
2010-06-24,0.0
2010-06-25,0.0
2010-06-28,0.0
2010-06-29,0.0
2010-06-30,0.0
2010-07-01,0.0
2010-07-02,0.0
2010-07-06,0.0
2010-07-07,0.0
2010-07-08,0.0
2010-07-09,0.0
2010-07-12,-9.103828801926284e-15
2010-07-13,0.5079752193064788
2010-07-14,0.7686162427412269
2010-07-15,0.9619570891614446
2010-07-16,0.9796881792695824
2010-07-19,0.9935566441389472
2010-07-20,0.0
2010-07-21,0.0
2010-07-22,0.0
2010-07-23,0.0
2010-07-26,0.0
2010-07-27,0.0
2010-07-28,0.0
2010-07-29,0.0
2010-07-30,0.0
2010-08-02,0.0
2010-08-03,0.0
2010-08-04,1.5543122344752192e-15
2010-08-05,0.26556280176941605
2010-08-06,0.43161727613124135
2010-08-09,0.6592967576114417
2010-08-10,0.6825047962462127
2010-08-11,0.000672172531596571
2010-08-12,-0.6061266713747111
2010-08-13,-0.9372355992759289
2010-08-16,-0.9928216763574047
2010-08-17,0.0
2010-08-18,0.0
2010-08-19,0.0
2010-08-20,0.0
2010-08-23,0.0
2010-08-24,0.0
2010-08-25,0.0
2010-08-26,0.0
2010-08-27,0.0
2010-08-30,0.0
2010-08-31,0.0
2010-09-01,2.6645352591003757e-15
2010-09-02,0.4825393901283086
2010-09-03,0.7612202270420958
2010-09-07,0.8031341769100848
2010-09-08,0.649432648888399
2010-09-09,0.18201871248977186
2010-09-10,-0.8146798234998904
2010-09-13,-0.9889417971026413
2010-09-14,-0.9963684489580888
2010-09-15,0.0
2010-09-16,0.0
2010-09-17,0.0
2010-09-20,0.0
2010-09-21,0.0
2010-09-22,0.0
2010-09-23,0.0
2010-09-24,0.0
2010-09-27,0.0
2010-09-28,0.0
2010-09-29,0.0
2010-09-30,1.7763568394002505e-15
2010-10-01,0.29439765280986085
2010-10-04,0.48719814765393155
2010-10-05,0.6548258003656582
2010-10-06,0.7617053844571728
2010-10-07,0.8731291324891517
2010-10-08,0.9140939486212232
2010-10-11,0.9460004077516446
2010-10-12,0.96110344955434
2010-10-13,0.9717982142015689
2010-10-14,0.983419964998695
2010-10-15,0.9916603313027799
2010-10-18,0.0
2010-10-19,0.0
2010-10-20,0.0
2010-10-21,0.0
2010-10-22,0.0
2010-10-25,0.0
2010-10-26,0.0
2010-10-27,0.0
2010-10-28,0.0
2010-10-29,0.0
2010-11-01,0.0
2010-11-02,-3.3306690738754696e-15
2010-11-03,0.3851944047551501
2010-11-04,0.7546453608768093
2010-11-05,0.9282130228216625
2010-11-08,0.9819506196616141
2010-11-09,0.9945115884712004
2010-11-10,0.0
2010-11-11,0.0
2010-11-12,0.0
2010-11-15,0.0
2010-11-16,0.0
2010-11-17,0.0
2010-11-18,0.0
2010-11-19,0.0
2010-11-22,0.0
2010-11-23,0.0
2010-11-24,0.0
2010-11-26,-8.881784197001252e-16
2010-11-29,0.41194646158868875
2010-11-30,0.5496472797208956
2010-12-01,0.7747943964809845
2010-12-02,0.969224608996208
2010-12-03,0.9856867994948815
2010-12-06,0.9951764559610277
2010-12-07,0.0
2010-12-08,0.0
2010-12-09,0.0
2010-12-10,0.0
2010-12-13,0.0
2010-12-14,0.0
2010-12-15,0.0
2010-12-16,0.0
2010-12-17,0.0
2010-12-20,0.0
2010-12-21,0.0
2010-12-22,-6.661338147750939e-16
2010-12-23,0.2578658164277625
2010-12-27,0.5677312861735675
2010-12-28,0.7305848572697369
2010-12-29,0.8606376655023082
2010-12-30,0.9405845688294776
2010-12-31,0.970059856922243
2011-01-03,0.9795049627107693
2011-01-04,0.9874982360014453
2011-01-05,0.992390127955566
2011-01-06,0.0
2011-01-07,0.0
2011-01-10,0.0
2011-01-11,0.0
2011-01-12,0.0
2011-01-13,0.0
2011-01-14,0.0
2011-01-18,0.0
2011-01-19,0.0
2011-01-20,0.0
2011-01-21,0.0
2011-01-24,0.0
2011-01-25,-0.11433802521414127
2011-01-26,-0.1280951911956245
2011-01-27,0.2316289343899447
2011-01-28,0.13473949390541162
2011-01-31,0.2769449043485077
2011-02-01,0.509042606490548
2011-02-02,0.6259136021007927
2011-02-03,0.8185777056632371
2011-02-04,0.9875571537844752
2011-02-07,0.9994283864796578
2011-02-08,0.0
2011-02-09,0.0
2011-02-10,0.0
2011-02-11,0.0
2011-02-14,0.0
2011-02-15,0.0
2011-02-16,0.0
2011-02-17,0.0
2011-02-18,0.0
2011-02-22,0.0
2011-02-23,0.0
2011-02-24,6.217248937900877e-15
2011-02-25,0.2751289240307653
2011-02-28,0.43355755181271194
2011-03-01,0.20021095422430868
2011-03-02,0.046573949496497624
2011-03-03,0.011302639291045136
2011-03-04,-0.06383676127174898
2011-03-07,-0.28612148058038933
2011-03-08,-0.41176476497480996
2011-03-09,-0.6970137050653427
2011-03-10,-0.8648953009974616
2011-03-11,-0.9412272327681279
2011-03-14,-0.9796265237626938
2011-03-15,-0.9934220097515829
2011-03-16,0.0
2011-03-17,0.0
2011-03-18,0.0
2011-03-21,0.0
2011-03-22,0.0
2011-03-23,0.0
2011-03-24,0.0
2011-03-25,0.0
2011-03-28,0.0
2011-03-29,0.0
2011-03-30,0.0
2011-03-31,1.1102230246251565e-14
2011-04-01,0.2746319109354072
2011-04-04,0.2343009676468637
2011-04-05,0.5000946470670364
2011-04-06,0.8533836395794845
2011-04-07,0.961605764355757
2011-04-08,0.9929043993469373
2011-04-11,0.0
2011-04-12,0.0
2011-04-13,0.0
2011-04-14,0.0
2011-04-15,0.0
2011-04-18,0.0
2011-04-19,0.0
2011-04-20,0.0
2011-04-21,0.0
2011-04-25,0.0
2011-04-26,0.0
2011-04-27,9.103828801926284e-15
2011-04-28,0.2848157739639605
2011-04-29,0.6552087016460286
2011-05-02,0.8257972078178968
2011-05-03,0.8246773654205539
2011-05-04,0.8662232752014534
2011-05-05,0.9423043611419504
2011-05-06,0.996071063327628
2011-05-09,0.0
2011-05-10,0.0
2011-05-11,0.0
2011-05-12,0.0
2011-05-13,0.0
2011-05-16,0.0
2011-05-17,0.0
2011-05-18,0.0
2011-05-19,0.0
2011-05-20,0.0
2011-05-23,0.0
2011-05-24,-4.440892098500626e-15
2011-05-25,0.011350329489217659
2011-05-26,0.05586418082780353
2011-05-27,0.1436429367378127
2011-05-31,0.042424591660471744
2011-06-01,-0.05620450584951131
2011-06-02,-0.18343503238435965
2011-06-03,-0.25130691373950675
2011-06-06,-0.38264391289746635
2011-06-07,-0.4183619914812866
2011-06-08,-0.5185644523822157
2011-06-09,-0.52885137588076
2011-06-10,-0.5810294120905417
2011-06-13,-0.6518449181241315
2011-06-14,-0.6587131539902358
2011-06-15,-0.7055921573262043
2011-06-16,-0.7578239255541352
2011-06-17,-0.8414144944301127
2011-06-20,-0.8920797967929892
2011-06-21,-0.8944853360525746
2011-06-22,-0.829268642703576
2011-06-23,-0.751045055594292
2011-06-24,-0.6738347632001798
2011-06-27,-0.5906421948455123
2011-06-28,-0.3703910567612807
2011-06-29,-0.04291393169342106
2011-06-30,0.31015304258550214
2011-07-01,0.6428287841700389
2011-07-05,0.857231159189618
2011-07-06,0.9557166963786723
2011-07-07,0.9874042956263471
2011-07-08,0.9961011578286085
2011-07-11,0.0
2011-07-12,0.0
2011-07-13,0.0
2011-07-14,0.0
2011-07-15,0.0
2011-07-18,0.0
2011-07-19,0.0
2011-07-20,0.0
2011-07-21,0.0
2011-07-22,0.0
2011-07-25,0.0
2011-07-26,3.774758283725532e-15
2011-07-27,-0.610582271890727
2011-07-28,-0.8111605569581024
2011-07-29,-0.9616138811064872
2011-08-01,-0.9964776190157725
2011-08-02,0.0
2011-08-03,0.0
2011-08-04,0.0
2011-08-05,0.0
2011-08-08,0.0
2011-08-09,0.0
2011-08-10,0.0
2011-08-11,0.0
2011-08-12,0.0
2011-08-15,0.0
2011-08-16,0.0
2011-08-17,2.886579864025407e-15
2011-08-18,-0.27815908611775986
2011-08-19,-0.5429721150168079
2011-08-22,-0.7770695415785571
2011-08-23,-0.835903747294243
2011-08-24,-0.7121361431045359
2011-08-25,-0.6703151321071619
2011-08-26,-0.572340001427003
2011-08-29,-0.32627264170798176
2011-08-30,-0.02082987190599206
2011-08-31,0.27182279630725126
2011-09-01,0.3736774297962826
2011-09-02,0.425470713685149
2011-09-06,0.5019527124097725
2011-09-07,0.6595993344202222
2011-09-08,0.7958115465206945
2011-09-09,0.8596062954937325
2011-09-12,0.9321781983058843
2011-09-13,0.9764184990328646
2011-09-14,0.996913914110559
2011-09-15,0.0
2011-09-16,0.0
2011-09-19,0.0
2011-09-20,0.0
2011-09-21,0.0
2011-09-22,0.0
2011-09-23,0.0
2011-09-26,0.0
2011-09-27,0.0
2011-09-28,0.0
2011-09-29,0.0
2011-09-30,8.881784197001252e-16
2011-10-03,-0.40420084958178903
2011-10-04,-0.6562229057697349
2011-10-05,-0.8035118718880541
2011-10-06,-0.8817615775999224
2011-10-07,-0.9325307870854302
2011-10-10,-0.9506588351317629
2011-10-11,-0.9679963993616696
2011-10-12,-0.9768172532814299
2011-10-13,-0.9804805907144734
2011-10-14,-0.9706714103082512
2011-10-17,-0.9655312887548533
2011-10-18,-0.9492651954012317
2011-10-19,-0.9491053095174944
2011-10-20,-0.9578413457777872
2011-10-21,-0.96651323254964
2011-10-24,-0.958489894251916
2011-10-25,-0.9606508315457865
2011-10-26,-0.9691779207248523
2011-10-27,-0.9759722139710125
2011-10-28,-0.9822302909674572
2011-10-31,-0.9861626277332618
2011-11-01,-0.9915455093769314
2011-11-02,0.0
2011-11-03,0.0
2011-11-04,0.0
2011-11-07,0.0
2011-11-08,0.0
2011-11-09,0.0
2011-11-10,0.0
2011-11-11,0.0
2011-11-14,0.0
2011-11-15,0.0
2011-11-16,0.0
2011-11-17,3.9968028886505635e-15
2011-11-18,-0.6257510928147285
2011-11-21,-0.9300146049079547
2011-11-22,-0.9927105782528198
2011-11-23,0.0
2011-11-25,0.0
2011-11-28,0.0
2011-11-29,0.0
2011-11-30,0.0
2011-12-01,0.0
2011-12-02,0.0
2011-12-05,0.0
2011-12-06,0.0
2011-12-07,0.0
2011-12-08,0.0
2011-12-09,0.0
2011-12-12,-0.11670211813206133
2011-12-13,-0.26518364851275433
2011-12-14,-0.48284560635835083
2011-12-15,-0.645331939544322
2011-12-16,-0.7500349143821197
2011-12-19,-0.8998840161556221
2011-12-20,-0.9331552730625532
2011-12-21,-0.972813538661389
2011-12-22,-0.9805614608818751
2011-12-23,-0.9829358576230767
2011-12-27,-0.9854191911300758
2011-12-28,-0.9910872677770834
2011-12-29,0.0
2011-12-30,0.0
2012-01-03,0.0
2012-01-04,0.0
2012-01-05,0.0
2012-01-06,0.0
2012-01-09,0.0
2012-01-10,0.0
2012-01-11,0.0
2012-01-12,0.0
2012-01-13,0.0
2012-01-17,7.327471962526033e-15
2012-01-18,0.5839873290431421
2012-01-19,0.8676785747655005
2012-01-20,0.9712305538842518
2012-01-23,0.9948765236536814
2012-01-24,0.0
2012-01-25,0.0
2012-01-26,0.0
2012-01-27,0.0
2012-01-30,0.0
2012-01-31,0.0
2012-02-01,0.0
2012-02-02,0.0
2012-02-03,0.0
2012-02-06,0.0
2012-02-07,0.0
2012-02-08,2.886579864025407e-15
2012-02-09,0.349016518831311
2012-02-10,0.39656077717897054
2012-02-13,0.5484101299177744
2012-02-14,0.5862343293320977
2012-02-15,0.7345209100330412
2012-02-16,0.9314137745365734
2012-02-17,0.9721054143108121
2012-02-21,0.9922889445256962
2012-02-22,0.0
2012-02-23,0.0
2012-02-24,0.0
2012-02-27,0.0
2012-02-28,0.0
2012-02-29,0.0
2012-03-01,0.0
2012-03-02,0.0
2012-03-05,0.0
2012-03-06,0.0
2012-03-07,0.0
2012-03-08,3.774758283725532e-15
2012-03-09,0.08183451430996813
2012-03-12,0.10996302242183642
2012-03-13,0.39781397697321763
2012-03-14,0.5217448460256415
2012-03-15,0.7440100835239503
2012-03-16,0.8865396302624666
2012-03-19,0.9601400700577996
2012-03-20,0.9874347565470127
2012-03-21,0.9974010902243147
2012-03-22,0.0
2012-03-23,0.0
2012-03-26,0.0
2012-03-27,0.0
2012-03-28,0.0
2012-03-29,0.0
2012-03-30,0.0
2012-04-02,0.0
2012-04-03,0.0
2012-04-04,0.0
2012-04-05,0.0
2012-04-09,0.0
2012-04-10,-0.540626417291461
2012-04-11,-0.7215938053610742
2012-04-12,-0.7198358654020351
2012-04-13,-0.8629158037725648
2012-04-16,-0.9517589793773289
2012-04-17,-0.9669439404832059
2012-04-18,-0.9832873291751929
2012-04-19,-0.9992948522979666
2012-04-20,0.0
2012-04-23,0.0
2012-04-24,0.0
2012-04-25,0.0
2012-04-26,0.0
2012-04-27,0.0
2012-04-30,0.0
2012-05-01,0.0
2012-05-02,0.0
2012-05-03,0.0
2012-05-04,0.0
2012-05-07,3.3306690738754696e-15
2012-05-08,-0.36094227791950306
2012-05-09,-0.684197147587116
2012-05-10,-0.8763221548435287
2012-05-11,-0.9577788308480633
2012-05-14,-0.9860909180134485
2012-05-15,-0.996023632642332
2012-05-16,0.0
2012-05-17,0.0
2012-05-18,0.0
2012-05-21,0.0
2012-05-22,0.0
2012-05-23,0.0
2012-05-24,0.0
2012-05-25,0.0
2012-05-29,0.0
2012-05-30,0.0
2012-05-31,0.0
2012-06-01,8.881784197001252e-16
2012-06-04,-0.21454540923612853
2012-06-05,-0.2855521514848196
2012-06-06,-0.1441648542273406
2012-06-07,-0.010320138405326196
2012-06-08,0.229143663510329
2012-06-11,0.37078831435504034
2012-06-12,0.5585318655224962
2012-06-13,0.7110844511802481
2012-06-14,0.7894082562207267
2012-06-15,0.8776561760006256
2012-06-18,0.9455664838449869
2012-06-19,0.9772858858506266
2012-06-20,0.9929993493732119
2012-06-21,0.0
2012-06-22,0.0
2012-06-25,0.0
2012-06-26,0.0
2012-06-27,0.0
2012-06-28,0.0
2012-06-29,0.0
2012-07-02,0.0
2012-07-03,0.0
2012-07-05,0.0
2012-07-06,0.0
2012-07-09,-5.551115123125783e-15
2012-07-10,-0.3801824995275871
2012-07-11,-0.7160467215918926
2012-07-12,-0.9255874158187716
2012-07-13,-0.9765585703660074
2012-07-16,-0.9956449000415104
2012-07-17,0.0
2012-07-18,0.0
2012-07-19,0.0
2012-07-20,0.0
2012-07-23,0.0
2012-07-24,0.0
2012-07-25,0.0
2012-07-26,0.0
2012-07-27,0.0
2012-07-30,0.0
2012-07-31,0.0
2012-08-01,0.0
2012-08-02,0.24182497549165682
2012-08-03,0.5270563586056998
2012-08-06,0.725023100367578
2012-08-07,0.8689597187968037
2012-08-08,0.9451727219826362
2012-08-09,0.9772639560438019
2012-08-10,0.9902896669434798
2012-08-13,0.0
2012-08-14,0.0
2012-08-15,0.0
2012-08-16,0.0
2012-08-17,0.0
2012-08-20,0.0
2012-08-21,0.0
2012-08-22,0.0
2012-08-23,0.0
2012-08-24,0.0
2012-08-27,0.0
2012-08-28,-8.215650382226158e-15
2012-08-29,0.18342153274470663
2012-08-30,0.003048096948234713
2012-08-31,0.156546726110103
2012-09-04,-0.08538367726223384
2012-09-05,-0.6243134571397642
2012-09-06,-0.4888579265524362
2012-09-07,-0.5223228631232846
2012-09-10,-0.8734818079319178
2012-09-11,-0.9802929177684123
2012-09-12,-0.9966652539152308
2012-09-13,0.0
2012-09-14,0.0
2012-09-17,0.0
2012-09-18,0.0
2012-09-19,0.0
2012-09-20,0.0
2012-09-21,0.0
2012-09-24,0.0
2012-09-25,0.0
2012-09-26,0.0
2012-09-27,0.0
2012-09-28,1.1102230246251565e-14
2012-10-01,0.024872110823362048
2012-10-02,-0.026869852822660967
2012-10-03,-0.03491991769015579
2012-10-04,-0.08124321465910334
2012-10-05,-0.11961277862410569
2012-10-08,-0.28699410858236796
2012-10-09,-0.4908329939221172
2012-10-10,-0.780722520513693
2012-10-11,-0.9057453019908333
2012-10-12,-0.962899337124677
2012-10-15,-0.9845566828203485
2012-10-16,-0.9852337274091889
2012-10-17,-0.9881658233383055
2012-10-18,-0.9909251488617845
2012-10-19,0.0
2012-10-22,0.0
2012-10-23,0.0
2012-10-24,0.0
2012-10-25,0.0
2012-10-26,0.0
2012-10-31,0.0
2012-11-01,0.0
2012-11-02,0.0
2012-11-05,0.0
2012-11-06,0.0
2012-11-07,1.3988810110276972e-14
2012-11-08,0.024072483975697834
2012-11-09,-0.06129962755219376
2012-11-12,-0.1030945027047343
2012-11-13,-0.2318350659670505
2012-11-14,-0.4075911711601288
2012-11-15,-0.692593091636378
2012-11-16,-0.8859734520335192
2012-11-19,-0.9368497881552429
2012-11-20,-0.9647182289356477
2012-11-21,-0.9806524479787642
2012-11-23,-0.9812040490475402
2012-11-26,-0.9736201625155789
2012-11-27,-0.9620454374850234
2012-11-28,-0.9305532913621593
2012-11-29,-0.8444652561699149
2012-11-30,-0.7015925856183385
2012-12-03,-0.5459799160954977
2012-12-04,-0.33970255885030576
2012-12-05,-0.18878596772858458
2012-12-06,0.08104427140978876
2012-12-07,0.1735976456280064
2012-12-10,0.2972200372182425
2012-12-11,0.428130472381719
2012-12-12,0.5445175544343948
2012-12-13,0.5528427844079078
2012-12-14,0.14910053889102315
2012-12-17,-0.14074456424432213
2012-12-18,-0.3623211302298319
2012-12-19,-0.5872559401699038
2012-12-20,-0.7614116222048988
2012-12-21,-0.9002039922331866
2012-12-24,-0.9682305037096735
2012-12-26,-0.9929513121265823
2012-12-27,0.0
2012-12-28,0.0
2012-12-31,0.0
2013-01-02,0.0
2013-01-03,0.0
2013-01-04,0.0
2013-01-07,0.0
2013-01-08,0.0
2013-01-09,0.0
2013-01-10,0.0
2013-01-11,0.0
2013-01-14,-3.9968028886505635e-15
2013-01-15,0.2511517610755303
2013-01-16,0.5698459492497112
2013-01-17,0.8017212351883711
2013-01-18,0.9044940199182516
2013-01-22,0.9572463128369415
2013-01-23,0.9818208747236628
2013-01-24,0.9900225135318943
2013-01-25,0.0
2013-01-28,0.0
2013-01-29,0.0
2013-01-30,0.0
2013-01-31,0.0
2013-02-01,0.0
2013-02-04,0.0
2013-02-05,0.0
2013-02-06,0.0
2013-02-07,0.0
2013-02-08,0.0
2013-02-11,1.199040866595169e-14
2013-02-12,-0.0162840571709566
2013-02-13,-0.020517765423497814
2013-02-14,0.13921928632723857
2013-02-15,0.12035056853371118
2013-02-19,0.23108188644255234
2013-02-20,0.063803175220708
2013-02-21,-0.3910988151550072
2013-02-22,-0.6391995601578111
2013-02-25,-0.9144586610854837
2013-02-26,-0.9846182280588667
2013-02-27,-0.996253645359811
2013-02-28,0.0
2013-03-01,0.0
2013-03-04,0.0
2013-03-05,0.0
2013-03-06,0.0
2013-03-07,0.0
2013-03-08,0.0
2013-03-11,0.0
2013-03-12,0.0
2013-03-13,0.0
2013-03-14,0.0
2013-03-15,-1.5543122344752192e-15
2013-03-18,0.058236181117903074
2013-03-19,0.12079626229085072
2013-03-20,0.3078156675873831
2013-03-21,0.4361499250292551
2013-03-22,0.5815833521062452
2013-03-25,0.6625320951684133
2013-03-26,0.7567788194751184
2013-03-27,0.8163492653903317
2013-03-28,0.878710860600532
2013-04-01,0.8968336414665066
2013-04-02,0.8917980073719822
2013-04-03,0.8563361021393205
2013-04-04,0.8341814758877126
2013-04-05,0.7912758798125203
2013-04-08,0.7700676483745168
2013-04-09,0.7581227922600537
2013-04-10,0.7918767780192579
2013-04-11,0.8362512759252612
2013-04-12,0.8343543527955561
2013-04-15,0.7581838791632691
2013-04-16,0.7321556533933593
2013-04-17,0.4871184756767659
2013-04-18,0.024555553898857774
2013-04-19,-0.4478295448066172
2013-04-22,-0.7487952763471579
2013-04-23,-0.8790896630887386
2013-04-24,-0.9428496504931181
2013-04-25,-0.9751100880475132
2013-04-26,-0.9922190394088153
2013-04-29,0.0
2013-04-30,0.0
2013-05-01,0.0
2013-05-02,0.0
2013-05-03,0.0
2013-05-06,0.0
2013-05-07,0.0
2013-05-08,0.0
2013-05-09,0.0
2013-05-10,0.0
2013-05-13,0.0
2013-05-14,9.325873406851315e-15
2013-05-15,0.32132230507466364
2013-05-16,0.5804596831115598
2013-05-17,0.7837408449517818
2013-05-20,0.899452661376029
2013-05-21,0.9720710657938187
2013-05-22,0.9903172018407771
2013-05-23,0.0
2013-05-24,0.0
2013-05-28,0.0
2013-05-29,0.0
2013-05-30,0.0
2013-05-31,0.0
2013-06-03,0.0
2013-06-04,0.0
2013-06-05,0.0
2013-06-06,0.0
2013-06-07,0.0
2013-06-10,-4.440892098500626e-15
2013-06-11,0.00023641210135716406
2013-06-12,-0.04188996266014322
2013-06-13,0.09652256921455638
2013-06-14,0.2821440005254452
2013-06-17,0.494163487678027
2013-06-18,0.7075671736863096
2013-06-19,0.813008140687554
2013-06-20,0.846673662117051
2013-06-21,0.885164838753224
2013-06-24,0.8958130794313786
2013-06-25,0.9157855724706949
2013-06-26,0.9349326664203608
2013-06-27,0.9509133830030829
2013-06-28,0.9637767613973509
2013-07-01,0.9752640828760162
2013-07-02,0.9875047259623313
2013-07-03,0.9941356502807417
2013-07-05,0.0
2013-07-08,0.0
2013-07-09,0.0
2013-07-10,0.0
2013-07-11,0.0
2013-07-12,0.0
2013-07-15,0.0
2013-07-16,0.0
2013-07-17,0.0
2013-07-18,0.0
2013-07-19,0.0
2013-07-22,0.0
2013-07-23,-0.2187750630940235
2013-07-24,-0.6069893409200668
2013-07-25,-0.8347358026551353
2013-07-26,-0.9473484271589292
2013-07-29,-0.9886839623980395
2013-07-30,-0.997249588047789
2013-07-31,0.0
2013-08-01,0.0
2013-08-02,0.0
2013-08-05,0.0
2013-08-06,0.0
2013-08-07,0.0
2013-08-08,0.0
2013-08-09,0.0
2013-08-12,0.0
2013-08-13,0.0
2013-08-14,0.0
2013-08-15,-1.0658141036401503e-14
2013-08-16,-0.3693703117668232
2013-08-19,-0.6459174095199613
2013-08-20,-0.7178801408720927
2013-08-21,-0.8104301481590868
2013-08-22,-0.8729274136685414
2013-08-23,-0.9050687341901238
2013-08-26,-0.8616770985887006
2013-08-27,-0.9115406413961382
2013-08-28,-0.7665226420184688
2013-08-29,-0.3327484202252411
2013-08-30,0.09679602398107523
2013-09-03,0.44286549511855977
2013-09-04,0.7978437584327991
2013-09-05,0.937931922489428
2013-09-06,0.9812117437362695
2013-09-09,0.9961828169027922
2013-09-10,0.0
2013-09-11,0.0
2013-09-12,0.0
2013-09-13,0.0
2013-09-16,0.0
2013-09-17,0.0
2013-09-18,0.0
2013-09-19,0.0
2013-09-20,0.0
2013-09-23,0.0
2013-09-24,0.0
2013-09-25,4.884981308350689e-15
2013-09-26,0.29272471805580436
2013-09-27,0.5801011306681945
2013-09-30,0.7993374477978448
2013-10-01,0.9257160868392236
2013-10-02,0.9761385532303353
2013-10-03,0.9928528941135979
2013-10-04,0.0
2013-10-07,0.0
2013-10-08,0.0
2013-10-09,0.0
2013-10-10,0.0
2013-10-11,0.0
2013-10-14,0.0
2013-10-15,0.0
2013-10-16,0.0
2013-10-17,0.0
2013-10-18,0.0
2013-10-21,3.9968028886505635e-15
2013-10-22,0.4154574167117655
2013-10-23,0.5621040524876704
2013-10-24,0.6865619611280105
2013-10-25,0.7890651714203072
2013-10-28,0.8556975008562313
2013-10-29,0.9120342932699588
2013-10-30,0.9261091024062884
2013-10-31,0.9495990625890094
2013-11-01,0.9555525214095424
2013-11-04,0.96511813481142
2013-11-05,0.972529707499711
2013-11-06,0.981001693036881
2013-11-07,0.9749899300923526
2013-11-08,0.9747139427928133
2013-11-11,0.9732261240365703
2013-11-12,0.979460282212701
2013-11-13,0.9856217413678745
2013-11-14,0.9763928027081705
2013-11-15,0.9782926647359993
2013-11-18,0.9753122165889512
2013-11-19,0.9620640817546808
2013-11-20,0.9399289069014896
2013-11-21,0.9168397447590284
2013-11-22,0.8945087196965702
2013-11-25,0.8802328648265394
2013-11-26,0.8933079843350542
2013-11-27,0.9031885575459446
2013-11-29,0.9133836686131227
2013-12-02,0.9273661023791051
2013-12-03,0.9358538755522408
2013-12-04,0.9393628207754925
2013-12-05,0.9741308428563988
2013-12-06,0.987809348620573
2013-12-09,0.9952223816807959
2013-12-10,0.0
2013-12-11,0.0
2013-12-12,0.0
2013-12-13,0.0
2013-12-16,0.0
2013-12-17,0.0
2013-12-18,0.0
2013-12-19,0.0
2013-12-20,0.0
2013-12-23,0.0
2013-12-24,0.0
2013-12-26,-1.7763568394002505e-15
2013-12-27,0.18820182495364168
2013-12-30,0.34892950649193444
2013-12-31,0.49496901005864635
2014-01-02,0.6046740961100339
2014-01-03,0.7007725789813914
2014-01-06,0.7659710197851681
2014-01-07,0.8293653566631654
2014-01-08,0.8896525082269817
2014-01-09,0.9242476940936495
2014-01-10,0.9491082753426583
2014-01-13,0.9624244781297393
2014-01-14,0.982124640012372
2014-01-15,0.9940649805526309
2014-01-16,0.0
2014-01-17,0.0
2014-01-21,0.0
2014-01-22,0.0
2014-01-23,0.0
2014-01-24,0.0
2014-01-27,0.0
2014-01-28,0.0
2014-01-29,0.0
2014-01-30,0.0
2014-01-31,0.0
2014-02-03,2.4424906541753444e-15
2014-02-04,-0.2257358786084116
2014-02-05,-0.4246145697638255
2014-02-06,-0.40004095550577823
2014-02-07,-0.13925828535007279
2014-02-10,0.0749188512727943
2014-02-11,0.535328067154492
2014-02-12,0.8711563283229509
2014-02-13,0.9783066027570191
2014-02-14,0.9954133392700895
2014-02-18,0.0
2014-02-19,0.0
2014-02-20,0.0
2014-02-21,0.0
2014-02-24,0.0
2014-02-25,0.0
2014-02-26,0.0
2014-02-27,0.0
2014-02-28,0.0
2014-03-03,0.0
2014-03-04,0.0
2014-03-05,1.3322676295501878e-15
2014-03-06,0.349808004354047
2014-03-07,0.5481105645447912
2014-03-10,0.7007066965643407
2014-03-11,0.7723754690724665
2014-03-12,0.8689445293922149
2014-03-13,0.9176144086429814
2014-03-14,0.9491908751079832
2014-03-17,0.9750990378160131
2014-03-18,0.9905757957868497
2014-03-19,0.0
2014-03-20,0.0
2014-03-21,0.0
2014-03-24,0.0
2014-03-25,0.0
2014-03-26,0.0
2014-03-27,0.0
2014-03-28,0.0
2014-03-31,0.0
2014-04-01,0.0
2014-04-02,0.0
2014-04-03,-1.354472090042691e-14
2014-04-04,-0.5586082568955073
2014-04-07,-0.9500093270808854
2014-04-08,-0.9982590653337651
2014-04-09,0.0
2014-04-10,0.0
2014-04-11,0.0
2014-04-14,0.0
2014-04-15,0.0
2014-04-16,0.0
2014-04-17,0.0
2014-04-21,0.0
2014-04-22,0.0
2014-04-23,0.0
2014-04-24,0.0
2014-04-25,5.773159728050814e-15
2014-04-28,-0.05588699943412978
2014-04-29,-0.09483648296250546
2014-04-30,0.0949104326885688
2014-05-01,0.26710351118774334
2014-05-02,0.47187616847953695
2014-05-05,0.6331705830302452
2014-05-06,0.8563631282762558
2014-05-07,0.9481081910875273
2014-05-08,0.9879090947740217
2014-05-09,0.9973080993539856
2014-05-12,0.0
2014-05-13,0.0
2014-05-14,0.0
2014-05-15,0.0
2014-05-16,0.0
2014-05-19,0.0
2014-05-20,0.0
2014-05-21,0.0
2014-05-22,0.0
2014-05-23,0.0
2014-05-27,0.0
2014-05-28,2.6645352591003757e-15
2014-05-29,0.3742351764674876
2014-05-30,0.6368456559309212
2014-06-02,0.8768143906645094
2014-06-03,0.9633195600238857
2014-06-04,0.9917769266598198
2014-06-05,0.0
2014-06-06,0.0
2014-06-09,0.0
2014-06-10,0.0
2014-06-11,0.0
2014-06-12,0.0
2014-06-13,0.0
2014-06-16,0.0
2014-06-17,0.0
2014-06-18,0.0
2014-06-19,0.0
2014-06-20,-2.6867397195928788e-14
2014-06-23,-0.05668663276320163
2014-06-24,-0.4764922406384895
2014-06-25,-0.27472888164861686
2014-06-26,-0.4742598226442727
2014-06-27,-0.6408601252586021
2014-06-30,-0.24218620006934488
2014-07-01,0.9191255801507574
2014-07-02,0.9999071691996531
2014-07-03,0.0
2014-07-07,0.0
2014-07-08,0.0
2014-07-09,0.0
2014-07-10,0.0
2014-07-11,0.0
2014-07-14,0.0
2014-07-15,0.0
2014-07-16,0.0
2014-07-17,0.0
2014-07-18,0.0
2014-07-21,-7.993605777301127e-15
2014-07-22,0.31156848692704187
2014-07-23,0.24216659713972
2014-07-24,-0.050311923549243964
2014-07-25,-0.7062682884882774
2014-07-28,-0.9337420084180461
2014-07-29,-0.9936001855051242
2014-07-30,0.0
2014-07-31,0.0
2014-08-01,0.0
2014-08-04,0.0
2014-08-05,0.0
2014-08-06,0.0
2014-08-07,0.0
2014-08-08,0.0
2014-08-11,0.0
2014-08-12,0.0
2014-08-13,0.0
2014-08-14,0.0
2014-08-15,0.6459562786943498
2014-08-18,0.9447383586525908
2014-08-19,0.9962117546701976
2014-08-20,0.0
2014-08-21,0.0
2014-08-22,0.0
2014-08-25,0.0
2014-08-26,0.0
2014-08-27,0.0
2014-08-28,0.0
2014-08-29,0.0
2014-09-02,0.0
2014-09-03,0.0
2014-09-04,0.0
2014-09-05,6.661338147750939e-16
2014-09-08,0.36019830541591813
2014-09-09,0.6392673127997037
2014-09-10,0.826659110083273
2014-09-11,0.9257830291104132
2014-09-12,0.9663538921338128
2014-09-15,0.9831781228718663
2014-09-16,0.9930911669235079
2014-09-17,0.0
2014-09-18,0.0
2014-09-19,0.0
2014-09-22,0.0
2014-09-23,0.0
2014-09-24,0.0
2014-09-25,0.0
2014-09-26,0.0
2014-09-29,0.0
2014-09-30,0.0
2014-10-01,0.0
2014-10-02,-6.439293542825908e-15
2014-10-03,-0.46028738603797104
2014-10-06,-0.7974215522797663
2014-10-07,-0.9700646290978159
2014-10-08,-0.9926307031299566
2014-10-09,0.0
2014-10-10,0.0
2014-10-13,0.0
2014-10-14,0.0
2014-10-15,0.0
2014-10-16,0.0
2014-10-17,0.0
2014-10-20,0.0
2014-10-21,0.0
2014-10-22,0.0
2014-10-23,0.0
2014-10-24,0.0
2014-10-27,0.2175830064749451
2014-10-28,0.5048057473684129
2014-10-29,0.7278857219493617
2014-10-30,0.8248902273716294
2014-10-31,0.9279688277481308
2014-11-03,0.9737556841004555
2014-11-04,0.990035699460122
2014-11-05,0.0
2014-11-06,0.0
2014-11-07,0.0
2014-11-10,0.0
2014-11-11,0.0
2014-11-12,0.0
2014-11-13,0.0
2014-11-14,0.0
2014-11-17,0.0
2014-11-18,0.0
2014-11-19,0.0
2014-11-20,-5.995204332975845e-15
2014-11-21,0.27837585667063514
2014-11-24,0.5885704998841272
2014-11-25,0.7911632706577503
2014-11-26,0.9568009885867175
2014-11-28,0.9929048355171111
2014-12-01,0.0
2014-12-02,0.0
2014-12-03,0.0
2014-12-04,0.0
2014-12-05,0.0
2014-12-08,0.0
2014-12-09,0.0
2014-12-10,0.0
2014-12-11,0.0
2014-12-12,0.0
2014-12-15,0.0
2014-12-16,-2.6645352591003757e-15
2014-12-17,0.03988200194258851
2014-12-18,0.21215132463060082
2014-12-19,0.2955390750314759
2014-12-22,0.4240639407523996
2014-12-23,0.5109639767265612
2014-12-24,0.5843096366079767
2014-12-26,0.6447397547232827
2014-12-29,0.7137130038970829
2014-12-30,0.7614288758022218
2014-12-31,0.7969079231941056
2015-01-02,0.8191492273213332
2015-01-05,0.8138224881930505
2015-01-06,0.7691511979749257
2015-01-07,0.7712548010361431
2015-01-08,0.8502013035444158
2015-01-09,0.9145188507635169
2015-01-12,0.9440527604393194
2015-01-13,0.9616870883611675
2015-01-14,0.9763148809794642
2015-01-15,0.9816520608074153
2015-01-16,0.9894780129243943
2015-01-20,0.9948295895821848
2015-01-21,0.0
2015-01-22,0.0
2015-01-23,0.0
2015-01-26,0.0
2015-01-27,0.0
2015-01-28,0.0
2015-01-29,0.0
2015-01-30,0.0
2015-02-02,0.0
2015-02-03,0.0
2015-02-04,0.0
2015-02-05,-1.7763568394002505e-15
2015-02-06,-0.039219085186644076
2015-02-09,-0.4072707458932483
2015-02-10,-0.136057312483431
2015-02-11,0.2485375803276364
2015-02-12,0.7093283664671914
2015-02-13,0.9320027393284771
2015-02-17,0.9922324120471815
2015-02-18,0.0
2015-02-19,0.0
2015-02-20,0.0
2015-02-23,0.0
2015-02-24,0.0
2015-02-25,0.0
2015-02-26,0.0
2015-02-27,0.0
2015-03-02,0.0
2015-03-03,0.0
2015-03-04,0.0
2015-03-05,-1.7763568394002505e-15
2015-03-06,0.18105101940963952
2015-03-09,0.32421658958441224
2015-03-10,0.40906752410202984
2015-03-11,0.4757553814762552
2015-03-12,0.5587956161991976
2015-03-13,0.614128394803203
2015-03-16,0.7216018206743131
2015-03-17,0.7963260832537005
2015-03-18,0.8642855101986899
2015-03-19,0.9183832097103226
2015-03-20,0.9555393239644092
2015-03-23,0.9781973235490673
2015-03-24,0.9888430436329425
2015-03-25,0.9901990240838456
2015-03-26,0.0
2015-03-27,0.0
2015-03-30,0.0
2015-03-31,0.0
2015-04-01,0.0
2015-04-02,0.0
2015-04-06,0.0
2015-04-07,0.0
2015-04-08,0.0
2015-04-09,0.0
2015-04-10,0.0
2015-04-13,1.6653345369377348e-14
2015-04-14,-0.341760178823763
2015-04-15,-0.40783727199078235
2015-04-16,-0.5248613142613312
2015-04-17,-0.8440860430195252
2015-04-20,-0.9433040031845001
2015-04-21,-0.9815240708247208
2015-04-22,-0.9646018317032312
2015-04-23,-0.9833668537928699
2015-04-24,-0.9989931645593999
2015-04-27,0.0
2015-04-28,0.0
2015-04-29,0.0
2015-04-30,0.0
2015-05-01,0.0
2015-05-04,0.0
2015-05-05,0.0
2015-05-06,0.0
2015-05-07,0.0
2015-05-08,0.0
2015-05-11,0.0
2015-05-12,-7.549516567451064e-15
2015-05-13,0.23633146639871927
2015-05-14,0.6517331357376912
2015-05-15,0.8941086076294229
2015-05-18,0.9859949584204446
2015-05-19,0.9985677038733063
2015-05-20,0.0
2015-05-21,0.0
2015-05-22,0.0
2015-05-26,0.0
2015-05-27,0.0
2015-05-28,0.0
2015-05-29,0.0
2015-06-01,0.0
2015-06-02,0.0
2015-06-03,0.0
2015-06-04,0.0
2015-06-05,-2.4424906541753444e-15
2015-06-08,-0.026654828063361835
2015-06-09,-0.0020271441291814796
2015-06-10,0.10060057754038065
2015-06-11,0.17048944876712446
2015-06-12,0.19358116562421745
2015-06-15,0.2847132775744936
2015-06-16,0.34028661323451215
2015-06-17,0.37069819048544406
2015-06-18,0.44974780346916554
2015-06-19,0.5183211812748643
2015-06-22,0.5863036977744864
2015-06-23,0.6198207905076041
2015-06-24,0.6246949758277798
2015-06-25,0.618029647776213
2015-06-26,0.5451816727572742
2015-06-29,0.40958981150072593
2015-06-30,0.28240957491517427
2015-07-01,0.20524179024317646
2015-07-02,0.17292394274622502
2015-07-06,0.07077707344019002
2015-07-07,-0.05705840441950749
2015-07-08,-0.27205726941476893
2015-07-09,-0.5160062838030341
2015-07-10,-0.6402385298639381
2015-07-13,-0.7465214334447503
2015-07-14,-0.8022158118044032
2015-07-15,-0.8512357951573748
2015-07-16,-0.873239490279317
2015-07-17,-0.8973491708930204
2015-07-20,-0.913244083461515
2015-07-21,-0.9272899936973935
2015-07-22,-0.9527261571432046
2015-07-23,-0.9657329691876093
2015-07-24,-0.9798161487166812
2015-07-27,-0.9908611002390606
2015-07-28,0.0
2015-07-29,0.0
2015-07-30,0.0
2015-07-31,0.0
2015-08-03,0.0
2015-08-04,0.0
2015-08-05,0.0
2015-08-06,0.0
2015-08-07,0.0
2015-08-10,0.0
2015-08-11,0.0
2015-08-12,1.0658141036401503e-14
2015-08-13,-0.14849227632657813
2015-08-14,-0.48566079840842
2015-08-17,-0.47548426497188934
2015-08-18,-0.693796217634199
2015-08-19,-0.8614485521126922
2015-08-20,-0.9920431966304188
2015-08-21,0.0
2015-08-24,0.0
2015-08-25,0.0
2015-08-26,0.0
2015-08-27,0.0
2015-08-28,0.0
2015-08-31,0.0
2015-09-01,0.0
2015-09-02,0.0
2015-09-03,0.0
2015-09-04,0.0
2015-09-08,-3.774758283725532e-15
2015-09-09,0.2093606300947961
2015-09-10,0.430815797301106
2015-09-11,0.6514931472034591
2015-09-14,0.8018276977001566
2015-09-15,0.9152350416454282
2015-09-16,0.960202429105224
2015-09-17,0.9808920008227406
2015-09-18,0.9883845310989128
2015-09-21,0.9927798336498883
2015-09-22,0.0
2015-09-23,0.0
2015-09-24,0.0
2015-09-25,0.0
2015-09-28,0.0
2015-09-29,0.0
2015-09-30,0.0
2015-10-01,0.0
2015-10-02,0.0
2015-10-05,0.0
2015-10-06,0.0
2015-10-07,3.552713678800501e-15
2015-10-08,-0.4056578359897678
2015-10-09,-0.6859031033093337
2015-10-12,-0.8332322849290286
2015-10-13,-0.9636245986993501
2015-10-14,-0.9850404465884532
2015-10-15,-0.9839728849984666
2015-10-16,-0.985630791065218
2015-10-19,-0.9918358166508829
2015-10-20,0.0
2015-10-21,0.0
2015-10-22,0.0
2015-10-23,0.0
2015-10-26,0.0
2015-10-27,0.0
2015-10-28,0.0
2015-10-29,0.0
2015-10-30,0.0
2015-11-02,0.0
2015-11-03,0.0
2015-11-04,3.774758283725532e-15
2015-11-05,-0.17617808060786344
2015-11-06,0.28201580371472823
2015-11-09,0.46737244453699955
2015-11-10,0.2361910702237524
2015-11-11,0.003486002700982649
2015-11-12,-0.22274468674006775
2015-11-13,-0.5387749680069893
2015-11-16,-0.6136106850747667
2015-11-17,-0.6556170583061192
2015-11-18,-0.5401618165268114
2015-11-19,-0.44687469980508365
2015-11-20,-0.28871217009400185
2015-11-23,-0.23056151691032145
2015-11-24,0.03625242604717438
2015-11-25,0.2920065772285516
2015-11-27,0.5756458389496522
2015-11-30,0.7830694450890956
2015-12-01,0.9295700592664
2015-12-02,0.979834667742236
2015-12-03,0.9996625799909857
2015-12-04,0.0
2015-12-07,0.0
2015-12-08,0.0
2015-12-09,0.0
2015-12-10,0.0
2015-12-11,0.0
2015-12-14,0.0
2015-12-15,0.0
2015-12-16,0.0
2015-12-17,0.0
2015-12-18,0.0
2015-12-21,-3.9968028886505635e-15
2015-12-22,0.047871918705951755
2015-12-23,0.20054522031652677
2015-12-24,0.3233037729625403
2015-12-28,0.4330694921736624
2015-12-29,0.6106890246593357
2015-12-30,0.7216653022189166
2015-12-31,0.7325805444563955
2016-01-04,0.6307293182460487
2016-01-05,0.24811715671635048
2016-01-06,-0.43090171428426216
2016-01-07,-0.9182140707616471
2016-01-08,-0.996567608847162
2016-01-11,0.0
2016-01-12,0.0
2016-01-13,0.0
2016-01-14,0.0
2016-01-15,0.0
2016-01-19,0.0
2016-01-20,0.0
2016-01-21,0.0
2016-01-22,0.0
2016-01-25,0.0
2016-01-26,0.0
2016-01-27,-1.9984014443252818e-15
2016-01-28,0.16716867559073023
2016-01-29,0.7287056797968059
2016-02-01,0.9780563586778832
2016-02-02,0.9974372636775828
2016-02-03,0.0
2016-02-04,0.0
2016-02-05,0.0
2016-02-08,0.0
2016-02-09,0.0
2016-02-10,0.0
2016-02-11,0.0
2016-02-12,0.0
2016-02-16,0.0
2016-02-17,0.0
2016-02-18,0.0
2016-02-19,-5.551115123125783e-15
2016-02-22,0.18768482883071802
2016-02-23,0.26986483469016886
2016-02-24,0.41158076110261055
2016-02-25,0.5853484005659613
2016-02-26,0.7290342257078515
2016-02-29,0.8399851459922685
2016-03-01,0.93819929500774
2016-03-02,0.9757060708284211
2016-03-03,0.9915396542555055
2016-03-04,0.0
2016-03-07,0.0
2016-03-08,0.0
2016-03-09,0.0
2016-03-10,0.0
2016-03-11,0.0
2016-03-14,0.0
2016-03-15,0.0
2016-03-16,0.0
2016-03-17,0.0
2016-03-18,0.0
2016-03-21,3.774758283725532e-15
2016-03-22,0.3824420355886673
2016-03-23,0.6069076854750768
2016-03-24,0.7643312886425953
2016-03-28,0.8672404342212898
2016-03-29,0.9371263077820615
2016-03-30,0.9811803389839844
2016-03-31,0.9927642222760846
2016-04-01,0.0
2016-04-04,0.0
2016-04-05,0.0
2016-04-06,0.0
2016-04-07,0.0
2016-04-08,0.0
2016-04-11,0.0
2016-04-12,0.0
2016-04-13,0.0
2016-04-14,0.0
2016-04-15,0.0
2016-04-18,-7.105427357601002e-15
2016-04-19,-0.6818579262398214
2016-04-20,-0.8770787026850213
2016-04-21,-0.9823042704195926
2016-04-22,-0.9990954721625955
2016-04-25,0.0
2016-04-26,0.0
2016-04-27,0.0
2016-04-28,0.0
2016-04-29,0.0
2016-05-02,0.0
2016-05-03,0.0
2016-05-04,0.0
2016-05-05,0.0
2016-05-06,0.0
2016-05-09,0.0
2016-05-10,6.217248937900877e-15
2016-05-11,-0.11531033672657243
2016-05-12,-0.3801540299613311
2016-05-13,-0.6303840776344205
2016-05-16,-0.7224946353749653
2016-05-17,-0.8286180721936103
2016-05-18,-0.8530678711221098
2016-05-19,-0.8915428241766621
2016-05-20,-0.8652793597683244
2016-05-23,-0.8085713790579929
2016-05-24,-0.6436856030841178
2016-05-25,-0.3304147499032837
2016-05-26,0.012207302841057421
2016-05-27,0.3511945263659757
2016-05-31,0.6519618620375818
2016-06-01,0.8462022558316087
2016-06-02,0.9431486735811312
2016-06-03,0.9944987356377817
2016-06-06,0.0
2016-06-07,0.0
2016-06-08,0.0
2016-06-09,0.0
2016-06-10,0.0
2016-06-13,0.0
2016-06-14,0.0
2016-06-15,0.0
2016-06-16,0.0
2016-06-17,0.0
2016-06-20,0.0
2016-06-21,1.7763568394002505e-15
2016-06-22,-0.33641852804674954
2016-06-23,-0.40037961871404115
2016-06-24,-0.8585896687765042
2016-06-27,-0.9946539546484257
2016-06-28,0.0
2016-06-29,0.0
2016-06-30,0.0
2016-07-01,0.0
2016-07-05,0.0
2016-07-06,0.0
2016-07-07,0.0
2016-07-08,0.0
2016-07-11,0.0
2016-07-12,0.0
2016-07-13,0.0
2016-07-14,-4.440892098500626e-15
2016-07-15,0.38885936049096403
2016-07-18,0.7145930651099921
2016-07-19,0.8555467547714648
2016-07-20,0.9520747454231862
2016-07-21,0.9792333985040749
2016-07-22,0.9901178405828011
2016-07-25,0.0
2016-07-26,0.0
2016-07-27,0.0
2016-07-28,0.0
2016-07-29,0.0
2016-08-01,0.0
2016-08-02,0.0
2016-08-03,0.0
2016-08-04,0.0
2016-08-05,0.0
2016-08-08,0.0
2016-08-09,9.325873406851315e-15
2016-08-10,0.41449373770530507
2016-08-11,0.7153689748494725
2016-08-12,0.8878564646065268
2016-08-15,0.9786629075936037
2016-08-16,0.9940314129533592
2016-08-17,0.0
2016-08-18,0.0
2016-08-19,0.0
2016-08-22,0.0
2016-08-23,0.0
2016-08-24,0.0
2016-08-25,0.0
2016-08-26,0.0
2016-08-29,0.0
2016-08-30,0.0
2016-08-31,0.0
2016-09-01,1.509903313490213e-14
2016-09-02,-0.42264562001783945
2016-09-06,-0.8535355924337789
2016-09-07,-0.9927879400812434
2016-09-08,0.0
2016-09-09,0.0
2016-09-12,0.0
2016-09-13,0.0
2016-09-14,0.0
2016-09-15,0.0
2016-09-16,0.0
2016-09-19,0.0
2016-09-20,0.0
2016-09-21,0.0
2016-09-22,0.0
2016-09-23,-3.1086244689504383e-15
2016-09-26,-0.07386735290175772
2016-09-27,0.11260220823460032
2016-09-28,0.2721801022631001
2016-09-29,0.495833890505629
2016-09-30,0.6695849017212048
2016-10-03,0.7269254070251878
2016-10-04,0.7480725318052477
2016-10-05,0.8606578953792141
2016-10-06,0.9342330165245216
2016-10-07,0.9712706011686416
2016-10-10,0.9893376701060768
2016-10-11,0.9929479456564345
2016-10-12,0.0
2016-10-13,0.0
2016-10-14,0.0
2016-10-17,0.0
2016-10-18,0.0
2016-10-19,0.0
2016-10-20,0.0
2016-10-21,0.0
2016-10-24,0.0
2016-10-25,0.0
2016-10-26,0.0
2016-10-27,0.0
2016-10-28,-0.2650972557282294
2016-10-31,-0.409943144383516
2016-11-01,-0.6322774265695033
2016-11-02,-0.5819657670815599
2016-11-03,-0.5018828278723149
2016-11-04,-0.4789491216150652
2016-11-07,-0.08374803718558521
2016-11-08,0.3166597508609974
2016-11-09,0.40970442081810843
2016-11-10,0.10190149677436078
2016-11-11,-0.23747294355730908
2016-11-14,-0.7134449430224323
2016-11-15,-0.8798094832541847
2016-11-16,-0.9425338858550429
2016-11-17,-0.9787092598812022
2016-11-18,-0.9905411428502386
2016-11-21,0.0
2016-11-22,0.0
2016-11-23,0.0
2016-11-25,0.0
2016-11-28,0.0
2016-11-29,0.0
2016-11-30,0.0
2016-12-01,0.0
2016-12-02,0.0
2016-12-05,0.0
2016-12-06,0.0
2016-12-07,2.886579864025407e-15
2016-12-08,-0.006625586500858871
2016-12-09,0.3083947031343568
2016-12-12,0.5345710356341762
2016-12-13,0.729286976981359
2016-12-14,0.8430665837834812
2016-12-15,0.9308014342872362
2016-12-16,0.9668963857652855
2016-12-19,0.9880764741859158
2016-12-20,0.9967797712570028
2016-12-21,0.0
2016-12-22,0.0
2016-12-23,0.0
2016-12-27,0.0
2016-12-28,0.0
2016-12-29,0.0
2016-12-30,0.0
2017-01-03,0.0
2017-01-04,0.0
2017-01-05,0.0
2017-01-06,0.0
2017-01-09,-5.995204332975845e-15
2017-01-10,0.13657052591578434
2017-01-11,0.17017672475270906
2017-01-12,0.1587507529097043
2017-01-13,0.2643438813091643
2017-01-17,0.2688734903221661
2017-01-18,0.6200596280895512
2017-01-19,0.8476075909320349
2017-01-20,0.9846936080254738
2017-01-23,0.9992354079200128
2017-01-24,0.0
2017-01-25,0.0
2017-01-26,0.0
2017-01-27,0.0
2017-01-30,0.0
2017-01-31,0.0
2017-02-01,0.0
2017-02-02,0.0
2017-02-03,0.0
2017-02-06,0.0
2017-02-07,0.0
2017-02-08,-7.549516567451064e-15
2017-02-09,0.11674285506113535
2017-02-10,0.23581870473515187
2017-02-13,0.4186715733975004
2017-02-14,0.49421156216505446
2017-02-15,0.5932467886825212
2017-02-16,0.7569693924581982
2017-02-17,0.9047910861440345
2017-02-21,0.9801850602492492
2017-02-22,0.9978517728680096
2017-02-23,0.0
2017-02-24,0.0
2017-02-27,0.0
2017-02-28,0.0
2017-03-01,0.0
2017-03-02,0.0
2017-03-03,0.0
2017-03-06,0.0
2017-03-07,0.0
2017-03-08,0.0
2017-03-09,0.0
2017-03-10,-8.659739592076221e-15
2017-03-13,0.41551523125424805
2017-03-14,0.652645981002391
2017-03-15,0.835361992044731
2017-03-16,0.9073764073698718
2017-03-17,0.9424604675673625
2017-03-20,0.9650308606320368
2017-03-21,0.9609609934296683
2017-03-22,0.9630673736530257
2017-03-23,0.9628790131413631
2017-03-24,0.9704097727686827
2017-03-27,0.9766155515082942
2017-03-28,0.985110459483238
2017-03-29,0.9909961664193683
2017-03-30,0.0
2017-03-31,0.0
2017-04-03,0.0
2017-04-04,0.0
2017-04-05,0.0
2017-04-06,0.0
2017-04-07,0.0
2017-04-10,0.0
2017-04-11,0.0
2017-04-12,0.0
2017-04-13,0.0
2017-04-17,1.2434497875801753e-14
2017-04-18,-0.22905726414399208
2017-04-19,-0.39625335810037243
2017-04-20,-0.2964099925445005
2017-04-21,-0.22982333576392722
2017-04-24,0.0386999358806881
2017-04-25,0.38783787988826113
2017-04-26,0.5976560218570806
2017-04-27,0.7869304311495708
2017-04-28,0.8627045258323944
2017-05-01,0.9196454070287245
2017-05-02,0.9759529000870761
2017-05-03,0.9932755440797196
2017-05-04,0.0
2017-05-05,0.0
2017-05-08,0.0
2017-05-09,0.0
2017-05-10,0.0
2017-05-11,0.0
2017-05-12,0.0
2017-05-15,0.0
2017-05-16,0.0
2017-05-17,0.0
2017-05-18,0.0
2017-05-19,5.551115123125783e-15
2017-05-22,0.2469984906765219
2017-05-23,0.39591435632124305
2017-05-24,0.6048048842226816
2017-05-25,0.7766832120483238
2017-05-26,0.8857354980527155
2017-05-30,0.9375283648089794
2017-05-31,0.9658813534659119
2017-06-01,0.9697790682575347
2017-06-02,0.9972351485983677
2017-06-05,0.0
2017-06-06,0.0
2017-06-07,0.0
2017-06-08,0.0
2017-06-09,0.0
2017-06-12,0.0
2017-06-13,0.0
2017-06-14,0.0
2017-06-15,0.0
2017-06-16,0.0
2017-06-19,0.0
2017-06-20,-3.3306690738754696e-15
2017-06-21,0.027548522405740794
2017-06-22,0.017576228069168698
2017-06-23,0.047054668196829796
2017-06-26,-0.002500742802743483
2017-06-27,-0.2654693970514441
2017-06-28,-0.3459778229592154
2017-06-29,-0.5761550082759777
2017-06-30,-0.7571933027010878
2017-07-03,-0.896838632495109
2017-07-05,-0.9555696020094464
2017-07-06,-0.976430852635324
2017-07-07,-0.9819297298599357
2017-07-10,-0.9833730648264492
2017-07-11,-0.98578940340867
2017-07-12,-0.9808965296998857
2017-07-13,-0.9731645504167932
2017-07-14,-0.9549495180853289
2017-07-17,-0.933926720333971
2017-07-18,-0.8960704362245946
2017-07-19,-0.8149673840933422
2017-07-20,-0.7110201168403936
2017-07-21,-0.5831651307919252
2017-07-24,-0.4333210086468282
2017-07-25,-0.24204780980869844
2017-07-26,0.01437386029796861
2017-07-27,0.14588010652260341
2017-07-28,0.25943871177795974
2017-07-31,0.2991652012141388
2017-08-01,0.3671379145409972
2017-08-02,0.5081219289588299
2017-08-03,0.5877224515371271
2017-08-04,0.6442402151692201
2017-08-07,0.7286860896386389
2017-08-08,0.7880784801439842
2017-08-09,0.8211281817125695
2017-08-10,0.7886803436835566
2017-08-11,0.7827888245883643
2017-08-14,0.8279018858206588
2017-08-15,0.8799560737620258
2017-08-16,0.9171501623770753
2017-08-17,0.9239077493909826
2017-08-18,0.9376053672516054
2017-08-21,0.9496351010056241
2017-08-22,0.9694985972925672
2017-08-23,0.9836961602455367
2017-08-24,0.9906428913309553
2017-08-25,0.0
2017-08-28,0.0
2017-08-29,0.0
2017-08-30,0.0
2017-08-31,0.0
2017-09-01,0.0
2017-09-05,0.0
2017-09-06,0.0
2017-09-07,0.0
2017-09-08,0.0
2017-09-11,0.0
2017-09-12,6.217248937900877e-15
2017-09-13,-0.05794258966586474
2017-09-14,-0.06625700458460804
2017-09-15,0.14751657989922373
2017-09-18,0.3542786529090318
2017-09-19,0.5241046178216009
2017-09-20,0.3586169927255827
2017-09-21,0.04580980887067043
2017-09-22,-0.31576396763398873
2017-09-25,-0.725898836128891
2017-09-26,-0.8982055559499664
2017-09-27,-0.948527107186844
2017-09-28,-0.9643861701805567
2017-09-29,-0.9770235313099811
2017-10-02,-0.9896163512409011
2017-10-03,-0.9962446424814977
2017-10-04,0.0
2017-10-05,0.0
2017-10-06,0.0
2017-10-09,0.0
2017-10-10,0.0
2017-10-11,0.0
2017-10-12,0.0
2017-10-13,0.0
2017-10-16,0.0
2017-10-17,0.0
2017-10-18,0.0
2017-10-19,-4.218847493575595e-15
2017-10-20,-0.12810595715590467
2017-10-23,-0.24161518739248078
2017-10-24,-0.07615661567045295
2017-10-25,-0.06495670637855944
2017-10-26,-0.2098959625589707
2017-10-27,0.3200394461963487
2017-10-30,0.9299359326223946
2017-10-31,0.9992677270572448
2017-11-01,0.0
2017-11-02,0.0
2017-11-03,0.0
2017-11-06,0.0
2017-11-07,0.0
2017-11-08,0.0
2017-11-09,0.0
2017-11-10,0.0
2017-11-13,0.0
2017-11-14,0.0
2017-11-15,0.0
2017-11-16,0.0
2017-11-17,0.16509329223740155
2017-11-20,0.41177582230358345
2017-11-21,0.6468676165558653
2017-11-22,0.7845958030018694
2017-11-24,0.9321315536277566
2017-11-27,0.9865749339882881
2017-11-28,0.9948707452570038
2017-11-29,0.0
2017-11-30,0.0
2017-12-01,0.0
2017-12-04,0.0
2017-12-05,0.0
2017-12-06,0.0
2017-12-07,0.0
2017-12-08,0.0
2017-12-11,0.0
2017-12-12,0.0
2017-12-13,0.0
2017-12-14,8.659739592076221e-15
2017-12-15,0.04536173919924624
2017-12-18,0.101833717808687
2017-12-19,0.13064870606540135
2017-12-20,0.22055766835198876
2017-12-21,0.17560212091926575
2017-12-22,0.15822777355024442
2017-12-26,0.012287119578739958
2017-12-27,-0.09643447771235603
2017-12-28,-0.16134103094499896
2017-12-29,-0.3167555090591787
2018-01-02,-0.19778432518186562
2018-01-03,7.708868803524282e-05
2018-01-04,0.1923464271850721
2018-01-05,0.40383277055769806
2018-01-08,0.5916021730609058
2018-01-09,0.6796105731819233
2018-01-10,0.6722666488397597
2018-01-11,0.6753788968125778
2018-01-12,0.6899659476379068
2018-01-16,0.689322541982782
2018-01-17,0.7231334396571902
2018-01-18,0.797207687680225
2018-01-19,0.8256029063559951
2018-01-22,0.8135615092181956
2018-01-23,0.8088510482394002
2018-01-24,0.7413870147807067
2018-01-25,0.5162492139890942
2018-01-26,0.29202147535956113
2018-01-29,-0.06551710502193497
2018-01-30,-0.48044866076296966
2018-01-31,-0.6887742111619404
2018-02-01,-0.8917827789836741
2018-02-02,-0.9767544357828821
2018-02-05,-0.9980677679879855
2018-02-06,0.0
2018-02-07,0.0
2018-02-08,0.0
2018-02-09,0.0
2018-02-12,0.0
2018-02-13,0.0
2018-02-14,0.0
2018-02-15,0.0
2018-02-16,0.0
2018-02-20,0.0
2018-02-21,0.0
2018-02-22,1.199040866595169e-14
2018-02-23,0.3017765963492913
2018-02-26,0.5270693181681125
2018-02-27,0.6744188166873886
2018-02-28,0.7007217667079986
2018-03-01,0.6726992813055481
2018-03-02,0.7636681463362613
2018-03-05,0.7883373855203302
2018-03-06,0.8503106812104062
2018-03-07,0.8663366755660766
2018-03-08,0.8798088396963168
2018-03-09,0.930233880192076
2018-03-12,0.9802661308387235
2018-03-13,0.9945988399685162
2018-03-14,0.0
2018-03-15,0.0
2018-03-16,0.0
2018-03-19,0.0
2018-03-20,0.0
2018-03-21,0.0
2018-03-22,0.0
2018-03-23,0.0
2018-03-26,0.0
2018-03-27,0.0
2018-03-28,0.0
2018-03-29,-2.4424906541753444e-15
2018-04-02,-0.45459404042651474
2018-04-03,-0.6164862001957447
2018-04-04,-0.7348603121440234
2018-04-05,-0.8272016292625879
2018-04-06,-0.9306980773262332
2018-04-09,-0.9622952010861365
2018-04-10,-0.9713431014645408
2018-04-11,-0.977316674964883
2018-04-12,-0.9831386559982069
2018-04-13,-0.9787431268860549
2018-04-16,-0.9692922353904243
2018-04-17,-0.9508051261314261
2018-04-18,-0.9332979237342167
2018-04-19,-0.9379430778561011
2018-04-20,-0.957749740390085
2018-04-23,-0.97707557546301
2018-04-24,-0.991310586939433
2018-04-25,0.0
2018-04-26,0.0
2018-04-27,0.0
2018-04-30,0.0
2018-05-01,0.0
2018-05-02,0.0
2018-05-03,0.0
2018-05-04,0.0
2018-05-07,0.0
2018-05-08,0.0
2018-05-09,0.0
2018-05-10,-9.769962616701378e-15
2018-05-11,0.42481361144987995
2018-05-14,0.7499136762728018
2018-05-15,0.8775574180128101
2018-05-16,0.9377412915646011
2018-05-17,0.965810738659961
2018-05-18,0.9724486481917327
2018-05-21,0.9844688052127963
2018-05-22,0.9907491912919604
2018-05-23,0.0
2018-05-24,0.0
2018-05-25,0.0
2018-05-29,0.0
2018-05-30,0.0
2018-05-31,0.0
2018-06-01,0.0
2018-06-04,0.0
2018-06-05,0.0
2018-06-06,0.0
2018-06-07,0.0
2018-06-08,2.6645352591003757e-15
2018-06-11,0.2050783798261575
2018-06-12,0.39851825825256304
2018-06-13,0.5996471577877542
2018-06-14,0.8071950917678767
2018-06-15,0.9271894586472884
2018-06-18,0.9624225854450148
2018-06-19,0.9811977457456877
2018-06-20,0.9910849106856023
2018-06-21,0.0
2018-06-22,0.0
2018-06-25,0.0
2018-06-26,0.0
2018-06-27,0.0
2018-06-28,0.0
2018-06-29,0.0
2018-07-02,0.0
2018-07-03,0.0
2018-07-05,0.0
2018-07-06,0.0
2018-07-09,9.325873406851315e-15
2018-07-10,0.07648753397078178
2018-07-11,-0.08665347850394722
2018-07-12,-0.8976886646421947
2018-07-13,-0.9991984786509409
2018-07-16,0.0
2018-07-17,0.0
2018-07-18,0.0
2018-07-19,0.0
2018-07-20,0.0
2018-07-23,0.0
2018-07-24,0.0
2018-07-25,0.0
2018-07-26,0.0
2018-07-27,0.0
2018-07-30,0.0
2018-07-31,-5.329070518200751e-15
2018-08-01,0.022680902215047816
2018-08-02,0.031070278207411484
2018-08-03,0.07842016356428627
2018-08-06,0.10017549371133794
2018-08-07,0.20444304173669137
2018-08-08,0.2800560197794306
2018-08-09,0.2855150655269689
2018-08-10,0.1934773748063452
2018-08-13,0.07726768727784084
2018-08-14,-0.11933787600670831
2018-08-15,-0.3153395681388895
2018-08-16,-0.4479305393903983
2018-08-17,-0.5530357277201488
2018-08-20,-0.6758503469783428
2018-08-21,-0.7318077253793691
2018-08-22,-0.8058445434801711
2018-08-23,-0.8742112988906114
2018-08-24,-0.9058748185074503
2018-08-27,-0.9143838332526544
2018-08-28,-0.9161862953726305
2018-08-29,-0.9156935317037405
2018-08-30,-0.9082927897656465
2018-08-31,-0.8893375859099701
2018-09-04,-0.8658923868476496
2018-09-05,-0.8264338903694655
2018-09-06,-0.8210234658633708
2018-09-07,-0.6716154751142431
2018-09-10,-0.3494946403003736
2018-09-11,-0.08564219604133538
2018-09-12,0.1393724093242854
2018-09-13,0.4266473581058512
2018-09-14,0.6629938856815563
2018-09-17,0.8127071475404537
2018-09-18,0.9280671779357113
2018-09-19,0.9791225846331388
2018-09-20,0.9959016223404684
2018-09-21,0.0
2018-09-24,0.0
2018-09-25,0.0
2018-09-26,0.0
2018-09-27,0.0
2018-09-28,0.0
2018-10-01,0.0
2018-10-02,0.0
2018-10-03,0.0
2018-10-04,0.0
2018-10-05,0.0
2018-10-08,-1.6431300764452317e-14
2018-10-09,-0.21218442479485167
2018-10-10,-0.9474546633689596
2018-10-11,-0.9998596465704548
2018-10-12,0.0
2018-10-15,0.0
2018-10-16,0.0
2018-10-17,0.0
2018-10-18,0.0
2018-10-19,0.0
2018-10-22,0.0
2018-10-23,0.0
2018-10-24,0.0
2018-10-25,0.0
2018-10-26,0.0
2018-10-29,6.8833827526759706e-15
2018-10-30,-0.14443150610568223
2018-10-31,-0.2162491836335212
2018-11-01,-0.13556857221623897
2018-11-02,-0.2633510879990608
2018-11-05,-0.39073864742980646
2018-11-06,-0.3507625643567729
2018-11-07,-0.18917359428565828
2018-11-08,0.09201498519016638
2018-11-09,0.32667696745785735
2018-11-12,0.2633791463256916
2018-11-13,0.22348106529978917
2018-11-14,0.20973446765827042
2018-11-15,0.3705861030898676
2018-11-16,0.5281809165841951
2018-11-19,0.5526250975473856
2018-11-20,0.5574840565643233
2018-11-21,0.5906560903213038
2018-11-23,0.6202450974500682
2018-11-26,0.7026246923527155
2018-11-27,0.7742833717949429
2018-11-28,0.8273377100870465
2018-11-29,0.8721809673093719
2018-11-30,0.9125995883557254
2018-12-03,0.9523357984190599
2018-12-04,0.9600643873125454
2018-12-06,0.9583669615411947
2018-12-07,0.959152276431781
2018-12-10,0.9754127467105436
2018-12-11,0.9901906651520052
2018-12-12,0.0
2018-12-13,0.0
2018-12-14,0.0
2018-12-17,0.0
2018-12-18,0.0
2018-12-19,0.0
2018-12-20,0.0
2018-12-21,0.0
2018-12-24,0.0
2018-12-26,0.0
2018-12-27,0.0
2018-12-28,1.5543122344752192e-15
2018-12-31,0.2170193882265714
2019-01-02,0.38099282746536556
2019-01-03,-0.19401613844153465
2019-01-04,-0.6036573861617096
2019-01-07,-0.7801827605459282
2019-01-08,-0.9028186405376473
2019-01-09,-0.9082151565220342
2019-01-10,-0.8892794998104367
2019-01-11,-0.858953878011292
2019-01-14,-0.8213602577547428
2019-01-15,-0.6984565546042116
2019-01-16,-0.6289913141016099
2019-01-17,-0.4801811427714
2019-01-18,-0.17964863561221933
2019-01-22,0.07504153126901048
2019-01-23,0.2961104281464606
2019-01-24,0.5983861738271632
2019-01-25,0.8423086338057235
2019-01-28,0.9499097454821643
2019-01-29,0.9857605121628392
2019-01-30,0.9977598632641544
2019-01-31,0.0
2019-02-01,0.0
2019-02-04,0.0
2019-02-05,0.0
2019-02-06,0.0
2019-02-07,0.0
2019-02-08,0.0
2019-02-11,0.0
2019-02-12,0.0
2019-02-13,0.0
2019-02-14,0.0
2019-02-15,1.7763568394002505e-15
2019-02-19,0.27463319427264365
2019-02-20,0.5543207316445802
2019-02-21,0.696983617064447
2019-02-22,0.7194902635845506
2019-02-25,0.7771897101989067
2019-02-26,0.7689316017107761
2019-02-27,0.6977633364035385
2019-02-28,0.698107187334081
2019-03-01,0.6476618806308929
2019-03-04,0.6403608924864006
2019-03-05,0.6746740495814127
2019-03-06,0.59820360259876
2019-03-07,0.3737328802341988
2019-03-08,0.08158007771255793
2019-03-11,-0.07729137807976927
2019-03-12,-0.21256676130038166
2019-03-13,-0.2982035437788242
2019-03-14,-0.446436083059329
2019-03-15,-0.05837504672315075
2019-03-18,0.41333547255040903
2019-03-19,0.8114931673975638
2019-03-20,0.9407491718212062
2019-03-21,0.9912214643288011
2019-03-22,0.0
2019-03-25,0.0
2019-03-26,0.0
2019-03-27,0.0
2019-03-28,0.0
2019-03-29,0.0
2019-04-01,0.0
2019-04-02,0.0
2019-04-03,0.0
2019-04-04,0.0
2019-04-05,0.0
2019-04-08,1.9984014443252818e-15
2019-04-09,0.15546728658184628
2019-04-10,0.45683320417390494
2019-04-11,0.7270540097590301
2019-04-12,0.9497922837934896
2019-04-15,0.9938044063849949
2019-04-16,0.0
2019-04-17,0.0
2019-04-18,0.0
2019-04-22,0.0
2019-04-23,0.0
2019-04-24,0.0
2019-04-25,0.0
2019-04-26,0.0
2019-04-29,0.0
2019-04-30,0.0
2019-05-01,0.0
2019-05-02,6.217248937900877e-15
2019-05-03,-0.012595072577777033
2019-05-06,-0.29500752388779805
2019-05-07,-0.7129177223940477
2019-05-08,-0.9560053543796856
2019-05-09,-0.9957221765693427
2019-05-10,0.0
2019-05-13,0.0
2019-05-14,0.0
2019-05-15,0.0
2019-05-16,0.0
2019-05-17,0.0
2019-05-20,0.0
2019-05-21,0.0
2019-05-22,0.0
2019-05-23,0.0
2019-05-24,0.0
2019-05-28,1.5543122344752192e-15
2019-05-29,-0.30933675630295965
2019-05-30,-0.5358318865537068
2019-05-31,-0.7334989821296145
2019-06-03,-0.8520692600731834
2019-06-04,-0.8914489915190384
2019-06-05,-0.9206853051347645
2019-06-06,-0.9301622277088819
2019-06-07,-0.934983722457208
2019-06-10,-0.9306174583310969
2019-06-11,-0.9203268183085116
2019-06-12,-0.917057638595868
2019-06-13,-0.9102395767352607
2019-06-14,-0.9321158067173032
2019-06-17,-0.9488391525942552
2019-06-18,-0.9486884054164064
2019-06-19,-0.9492799251073178
2019-06-20,-0.9481163924600531
2019-06-21,-0.9498281009556562
2019-06-24,-0.9455864149935516
2019-06-25,-0.9445437178085452
2019-06-26,-0.9374564817467836
2019-06-27,-0.9237515347166889
2019-06-28,-0.9045087489214148
2019-07-01,-0.8542513198557462
2019-07-02,-0.8036424562622733
2019-07-03,-0.7787887925654502
2019-07-05,-0.7601986144331727
2019-07-08,-0.7672726276323742
2019-07-09,-0.7722915391238567
2019-07-10,-0.7803517019716133
2019-07-11,-0.7834494085557222
2019-07-12,-0.7578868167976163
2019-07-15,-0.7207896320733058
2019-07-16,-0.696667909491886
2019-07-17,-0.668187310307
2019-07-18,-0.61958874842438
2019-07-19,-0.5670584142940229
2019-07-22,-0.4825076571827456
2019-07-23,-0.3679150951334471
2019-07-24,-0.2295513571690475
2019-07-25,-0.105722908587351
2019-07-26,0.021402505335156752
2019-07-29,0.15026818810792664
2019-07-30,0.2614629383293088
2019-07-31,0.31719563794262906
2019-08-01,0.34726521256621523
2019-08-02,0.3428054420376192
2019-08-05,0.2838620695121956
2019-08-06,0.2178816402805126
2019-08-07,0.17034560473449556
2019-08-08,0.12784039118046486
2019-08-09,0.11048093169877893
2019-08-12,0.09287829249855495
2019-08-13,0.11700817326175916
2019-08-14,0.07877821502249605
2019-08-15,0.026029497093325027
2019-08-16,1.3501936238835555e-05
2019-08-19,-0.00044664806329874907
2019-08-20,0.007052329635539367
2019-08-21,0.04982804201375357
2019-08-22,0.09246425937025182
2019-08-23,0.05896280538727949
2019-08-26,0.050552010764043365
2019-08-27,0.034281830239239364
2019-08-28,0.020564367099277447
2019-08-29,0.04188294759011102
2019-08-30,0.059451111155433
2019-09-03,0.03640328296909057
2019-09-04,0.055572615671757086
2019-09-05,0.11145359196632931
2019-09-06,0.1701492133090956
2019-09-09,0.23031606633853885
2019-09-10,0.2962453566687757
2019-09-11,0.3737767422210361
2019-09-12,0.45626711918524876
2019-09-13,0.49598262874086907
2019-09-16,0.5279970869014248
2019-09-17,0.5590944472472033
2019-09-18,0.5852283746132658
2019-09-19,0.6189102610639607
2019-09-20,0.639813752252
2019-09-23,0.6631136735609124
2019-09-24,0.6768378877701564
2019-09-25,0.6728063995180189
2019-09-26,0.6718590524838948
2019-09-27,0.6634871245066443
2019-09-30,0.6603344396800588
2019-10-01,0.6538884174370136
2019-10-02,0.6341558940499896
2019-10-03,0.6264376972954864
2019-10-04,0.6383812948135916
2019-10-07,0.6353757936930635
2019-10-08,0.6162761706864757
2019-10-09,0.6049413873015586
2019-10-10,0.5973033556587111
2019-10-11,0.6082409847615917
2019-10-14,0.6209865671500032
2019-10-15,0.6562694973869769
2019-10-16,0.6846343213983603
2019-10-17,0.7133620241725156
2019-10-18,0.7342743970398635
2019-10-21,0.7596757887438574
2019-10-22,0.7791961339974232
2019-10-23,0.7846023294330964
2019-10-24,0.7934218693789665
2019-10-25,0.8144549043684919
2019-10-28,0.836283496957217
2019-10-29,0.8513845746066675
2019-10-30,0.8679003342532434
2019-10-31,0.8857611122352123
2019-11-01,0.9051551738113011
2019-11-04,0.9282781631318686
2019-11-05,0.9515574451023869
2019-11-06,0.9676878949417631
2019-11-07,0.9785283561163807
2019-11-08,0.9863102219695468
2019-11-11,0.9913774414376559
2019-11-12,0.0
2019-11-13,0.0
2019-11-14,0.0
2019-11-15,0.0
2019-11-18,0.0
2019-11-19,0.0
2019-11-20,0.0
2019-11-21,0.0
2019-11-22,0.0
2019-11-25,0.0
2019-11-26,0.0
2019-11-27,-2.1316282072803006e-14
2019-11-29,0.1074856709302161
2019-12-02,-0.1610748436452123
2019-12-03,-0.6109036613240746
2019-12-04,-0.7793700403729495
2019-12-05,-0.8542997147560754
2019-12-06,-0.810135924964658
2019-12-09,-0.8053416123028923
2019-12-10,-0.7836925424317025
2019-12-11,-0.6092384409050537
2019-12-12,0.03689477118659501
2019-12-13,0.07550474419465547
2019-12-16,0.4769337562651299
2019-12-17,0.7709803631684069
2019-12-18,0.9512854584700574
2019-12-19,0.9878533870522708
2019-12-20,0.9964356512337098
2019-12-23,0.0
2019-12-24,0.0
2019-12-26,0.0
2019-12-27,0.0
2019-12-30,0.0
2019-12-31,0.0
2020-01-02,0.0
2020-01-03,0.0
2020-01-06,0.0
2020-01-07,0.0
2020-01-08,0.0
2020-01-09,1.2212453270876722e-14
2020-01-10,-0.6530636641909626
2020-01-13,-0.911103416343698
2020-01-14,-0.9573459262316173
2020-01-15,-0.9907334642616255
2020-01-16,0.0
2020-01-17,0.0
2020-01-21,0.0
2020-01-22,0.0
2020-01-23,0.0
2020-01-24,0.0
2020-01-27,0.0
2020-01-28,0.0
2020-01-29,0.0
2020-01-30,0.0
2020-01-31,0.0
2020-02-03,-4.6629367034256575e-15
2020-02-04,-0.03464319256909687
2020-02-05,0.12942712890617902
2020-02-06,0.3476328754202671
2020-02-07,0.4121226186347382
2020-02-10,0.4437585480070976
2020-02-11,0.6085956187988666
2020-02-12,0.798792877909138
2020-02-13,0.901538963436523
2020-02-14,0.9270803349049772
2020-02-18,0.9089298968713759
2020-02-19,0.9209361669001466
2020-02-20,0.8926650577152992
2020-02-21,0.813070557518734
2020-02-24,0.47596615907128603
2020-02-25,-0.23087320888772744
2020-02-26,-0.7259874173726673
2020-02-27,-0.9735928768123996
2020-02-28,-0.9991851591009122
2020-03-02,0.0
2020-03-03,0.0
2020-03-04,0.0
2020-03-05,0.0
2020-03-06,0.0
2020-03-09,0.0
2020-03-10,0.0
2020-03-11,0.0
2020-03-12,0.0
2020-03-13,0.0
2020-03-16,0.0
2020-03-17,0.0
2020-03-18,-0.5053919165041545
2020-03-19,-0.7286586715133625
2020-03-20,-0.8614914271336207
2020-03-23,-0.9327564160527533
2020-03-24,-0.9560332528810265
2020-03-25,-0.9688349217268848
2020-03-26,-0.9649253902039476
2020-03-27,-0.9684699289760219
2020-03-30,-0.9667209437680857
2020-03-31,-0.9667575736454015
2020-04-01,-0.9734197673571885
2020-04-02,-0.9734772579784741
2020-04-03,-0.9747506772495247
2020-04-06,-0.9681566372992014
2020-04-07,-0.9600679278688868
2020-04-08,-0.9452353406045944
2020-04-09,-0.9329634332588879
2020-04-13,-0.9134538650449697
2020-04-14,-0.8807237684965978
2020-04-15,-0.8564984536908242
2020-04-16,-0.8282565587524577
2020-04-17,-0.7825142729220476
2020-04-20,-0.7472827969518354
2020-04-21,-0.7338305352226948
2020-04-22,-0.691530004255184
2020-04-23,-0.649102604743611
2020-04-24,-0.588060483751438
2020-04-27,-0.5118627567503733
2020-04-28,-0.44300117843458064
2020-04-29,-0.3328214202181021
2020-04-30,-0.23375021926914985
2020-05-01,-0.17668969216070396
2020-05-04,-0.11068196581824519
2020-05-05,-0.035887313674830335
2020-05-06,0.03512168824636985
2020-05-07,0.11698453337069536
2020-05-08,0.22079951017809263
2020-05-11,0.32005061112512734
2020-05-12,0.3913398938474606
2020-05-13,0.4426599853378428
2020-05-14,0.500268424833934
2020-05-15,0.5378748086572529
2020-05-18,0.6044158992846902
2020-05-19,0.6605180638518586
2020-05-20,0.7228116133528024
2020-05-21,0.7699161295587424
2020-05-22,0.8129097669375975
2020-05-26,0.8551296809546278
2020-05-27,0.8940014141183283
2020-05-28,0.920744263275477
2020-05-29,0.9455471727675668
2020-06-01,0.9628333334362598
2020-06-02,0.9769903599682683
2020-06-03,0.9877059055665223
2020-06-04,0.9936311283552963
2020-06-05,0.0
2020-06-08,0.0
2020-06-09,0.0
2020-06-10,0.0
2020-06-11,0.0
2020-06-12,0.0
2020-06-15,0.0
2020-06-16,0.0
2020-06-17,0.0
2020-06-18,0.0
2020-06-19,0.0
2020-06-22,4.6629367034256575e-15
2020-06-23,0.10494905435693958
2020-06-24,0.08568160273292746
2020-06-25,0.11654705930575915
2020-06-26,0.10945370623735373
2020-06-29,0.16020055675358025
2020-06-30,0.33809891110969703
2020-07-01,0.43559800285865813
2020-07-02,0.5682692974955117
2020-07-06,0.7190500450249258
2020-07-07,0.7714002655226193
2020-07-08,0.8651369675590028
2020-07-09,0.9319438831811464
2020-07-10,0.9633094265242685
2020-07-13,0.9678184033695383
2020-07-14,0.977735209580336
2020-07-15,0.9833298977402036
2020-07-16,0.9853748779244118
2020-07-17,0.9882629121038109
2020-07-20,0.9930050408891609
2020-07-21,0.0
2020-07-22,0.0
2020-07-23,0.0
2020-07-24,0.0
2020-07-27,0.0
2020-07-28,0.0
2020-07-29,0.0
2020-07-30,0.0
2020-07-31,0.0
2020-08-03,0.0
2020-08-04,0.0
2020-08-05,-1.1102230246251565e-15
2020-08-06,0.3874198357088692
2020-08-07,0.6125835031407343
2020-08-10,0.787356866690303
2020-08-11,0.8657014950007005
2020-08-12,0.9582487345351356
2020-08-13,0.9843468610932515
2020-08-14,0.993696493808844
2020-08-17,0.0
2020-08-18,0.0
2020-08-19,0.0
2020-08-20,0.0
2020-08-21,0.0
2020-08-24,0.0
2020-08-25,0.0
2020-08-26,0.0
2020-08-27,0.0
2020-08-28,0.0
2020-08-31,0.0
2020-09-01,3.9968028886505635e-15
2020-09-02,0.7314859735634358
2020-09-03,0.862348529209839
2020-09-04,0.9672387127038538
2020-09-08,0.9843747863229744
2020-09-09,0.9965961841908928
2020-09-10,0.0
2020-09-11,0.0
2020-09-14,0.0
2020-09-15,0.0
2020-09-16,0.0
2020-09-17,0.0
2020-09-18,0.0
2020-09-21,0.0
2020-09-22,0.0
2020-09-23,0.0
2020-09-24,0.0
2020-09-25,1.9984014443252818e-15
2020-09-28,0.4487889873891988
2020-09-29,0.6682004706391136
2020-09-30,0.8144220044588397
2020-10-01,0.9412623525091037
2020-10-02,0.9278851981687601
2020-10-05,0.9716354205105333
2020-10-06,0.9860977626131209
2020-10-07,0.9956353647272467
2020-10-08,0.0
2020-10-09,0.0
2020-10-12,0.0
2020-10-13,0.0
2020-10-14,0.0
2020-10-15,0.0
2020-10-16,0.0
2020-10-19,0.0
2020-10-20,0.0
2020-10-21,0.0
2020-10-22,0.0
2020-10-23,2.042810365310288e-14
2020-10-26,-0.7164942894537245
2020-10-27,-0.9797672563726545
2020-10-28,-0.9999878945141314
2020-10-29,0.0
2020-10-30,0.0
2020-11-02,0.0
2020-11-03,0.0
2020-11-04,0.0
2020-11-05,0.0
2020-11-06,0.0
2020-11-09,0.0
2020-11-10,0.0
2020-11-11,0.0
2020-11-12,0.0
2020-11-13,6.439293542825908e-15
2020-11-16,0.2750990048186783
2020-11-17,0.49928459904351463
2020-11-18,0.669890626767341
2020-11-19,0.8185995152870145
2020-11-20,0.9025347203879575
2020-11-23,0.9582604498168581
2020-11-24,0.9875802402164577
2020-11-25,0.9964387600125748
2020-11-27,0.0
2020-11-30,0.0
2020-12-01,0.0
2020-12-02,0.0
2020-12-03,0.0
2020-12-04,0.0
2020-12-07,0.0
2020-12-08,0.0
2020-12-09,0.0
2020-12-10,0.0
2020-12-11,0.0
2020-12-14,0.0
2020-12-15,0.237443692324534
2020-12-16,0.5735001142382559
2020-12-17,0.8033959831826061
2020-12-18,0.9652182592493996
2020-12-21,0.9934905797694837
2020-12-22,0.0
2020-12-23,0.0
2020-12-24,0.0
2020-12-28,0.0
2020-12-29,0.0
2020-12-30,0.0
2020-12-31,0.0
2021-01-04,0.0
2021-01-05,0.0
2021-01-06,0.0
2021-01-07,0.0
2021-01-08,-7.993605777301127e-15
2021-01-11,0.40737426292106615
2021-01-12,0.7594336243546835
2021-01-13,0.9340034190098057
2021-01-14,0.9873663151019354
2021-01-15,0.9961543108119149
2021-01-19,0.0
2021-01-20,0.0
2021-01-21,0.0
2021-01-22,0.0
2021-01-25,0.0
2021-01-26,0.0
2021-01-27,0.0
2021-01-28,0.0
2021-01-29,0.0
2021-02-01,0.0
2021-02-02,0.0
2021-02-03,0.0
2021-02-04,0.22944542423066006
2021-02-05,0.32598448545785086
2021-02-08,0.5401582341404538
2021-02-09,0.7256378830171815
2021-02-10,0.8061805358249008
2021-02-11,0.914589379141098
2021-02-12,0.9800774719937981
2021-02-16,0.9970971837507068
2021-02-17,0.0
2021-02-18,0.0
2021-02-19,0.0
2021-02-22,0.0
2021-02-23,0.0
2021-02-24,0.0
2021-02-25,0.0
2021-02-26,0.0
2021-03-01,0.0
2021-03-02,0.0
2021-03-03,0.0
2021-03-04,6.661338147750939e-15
2021-03-05,-0.3687579208317915
2021-03-08,-0.8621575796570182
2021-03-09,-0.954781037102769
2021-03-10,-0.990643626688225
2021-03-11,0.0
2021-03-12,0.0
2021-03-15,0.0
2021-03-16,0.0
2021-03-17,0.0
2021-03-18,0.0
2021-03-19,0.0
2021-03-22,0.0
2021-03-23,0.0
2021-03-24,0.0
2021-03-25,0.0
2021-03-26,-3.1086244689504383e-15
2021-03-29,0.12532129698844452
2021-03-30,-0.06922716526015993
2021-03-31,-0.1134187715655055
2021-04-01,0.062192458280753815
2021-04-05,0.4213553676401789
2021-04-06,0.6368270850031799
2021-04-07,0.7760550369631107
2021-04-08,0.8831062511263594
2021-04-09,0.9420414119151166
2021-04-12,0.9709613580449545
2021-04-13,0.9869409094851203
2021-04-14,0.9914826398116516
2021-04-15,0.0
2021-04-16,0.0
2021-04-19,0.0
2021-04-20,0.0
2021-04-21,0.0
2021-04-22,0.0
2021-04-23,0.0
2021-04-26,0.0
2021-04-27,0.0
2021-04-28,0.0
2021-04-29,0.0
2021-04-30,-2.220446049250313e-15
2021-05-03,-0.37531321955029684
2021-05-04,-0.7379395396930186
2021-05-05,-0.9169856355853792
2021-05-06,-0.969684820118953
2021-05-07,-0.9860454486635668
2021-05-10,-0.9986257974205348
2021-05-11,0.0
2021-05-12,0.0
2021-05-13,0.0
2021-05-14,0.0
2021-05-17,0.0
2021-05-18,0.0
2021-05-19,0.0
2021-05-20,0.0
2021-05-21,0.0
2021-05-24,0.0
2021-05-25,0.0
2021-05-26,1.5543122344752192e-15
2021-05-27,0.39212774855795907
2021-05-28,0.7236841661024269
2021-06-01,0.8770374209722132
2021-06-02,0.9622331404668127
2021-06-03,0.9839596284723211
2021-06-04,0.9964394410209523
2021-06-07,0.0
2021-06-08,0.0
2021-06-09,0.0
2021-06-10,0.0
2021-06-11,0.0
2021-06-14,0.0
2021-06-15,0.0
2021-06-16,0.0
2021-06-17,0.0
2021-06-18,0.0
2021-06-21,0.0
2021-06-22,4.6629367034256575e-15
2021-06-23,0.14083698164569425
2021-06-24,0.43655416633523525
2021-06-25,0.3288441912579545
2021-06-28,0.6675922994128087
2021-06-29,0.920842071439194
2021-06-30,0.9868418558985006
2021-07-01,0.9938087986642936
2021-07-02,0.0
2021-07-06,0.0
2021-07-07,0.0
2021-07-08,0.0
2021-07-09,0.0
2021-07-12,0.0
2021-07-13,0.0
2021-07-14,0.0
2021-07-15,0.0
2021-07-16,0.0
2021-07-19,0.0
2021-07-20,-2.4424906541753444e-15
2021-07-21,0.14488418788417556
2021-07-22,0.1971462101461996
2021-07-23,0.4264512708679691
2021-07-26,0.5900792436517337
2021-07-27,0.5950751336830975
2021-07-28,0.6417176152487412
2021-07-29,0.7742001370883616
2021-07-30,0.8741519995605458
2021-08-02,0.9301855588117764
2021-08-03,0.9682370093335302
2021-08-04,0.9875040866887157
2021-08-05,0.9953557291122122
2021-08-06,0.0
2021-08-09,0.0
2021-08-10,0.0
2021-08-11,0.0
2021-08-12,0.0
2021-08-13,0.0
2021-08-16,0.0
2021-08-17,0.0
2021-08-18,0.0
2021-08-19,0.0
2021-08-20,0.0
2021-08-23,-6.217248937900877e-15
2021-08-24,0.012284973318490877
2021-08-25,0.09611558057299585
2021-08-26,0.2529541184152133
2021-08-27,0.6581622983550077
2021-08-30,0.9039874747250729
2021-08-31,0.9768452730794828
2021-09-01,0.9927735426828004
2021-09-02,0.0
2021-09-03,0.0
2021-09-07,0.0
2021-09-08,0.0
2021-09-09,0.0
2021-09-10,0.0
2021-09-13,0.0
2021-09-14,0.0
2021-09-15,0.0
2021-09-16,0.0
2021-09-17,0.0
2021-09-20,6.217248937900877e-15
2021-09-21,-0.17631910798375272
2021-09-22,0.013195594883757655
2021-09-23,0.31517440456925416
2021-09-24,0.5748209920552048
2021-09-27,0.7552109618608374
2021-09-28,0.6539132457964991
2021-09-29,0.49877144056541023
2021-09-30,0.18995016939886122
2021-10-01,-0.06281035942702617
2021-10-04,-0.5795336831551756
2021-10-05,-0.752847056568061
2021-10-06,-0.8309685784940286
2021-10-07,-0.8403809651792149
2021-10-08,-0.859301019518496
2021-10-11,-0.8800777076593977
2021-10-12,-0.9380229512606257
2021-10-13,-0.9704591379549581
2021-10-14,-0.9621549648552501
2021-10-15,-0.9288184317270789
2021-10-18,-0.87591040190153
2021-10-19,-0.7141223523231042
2021-10-20,-0.4782738132818358
2021-10-21,-0.06918154146770372
2021-10-22,0.3744029723496207
2021-10-25,0.7840371538643374
2021-10-26,0.9785341321016967
2021-10-27,0.9975974964910874
2021-10-28,0.0
2021-10-29,0.0
2021-11-01,0.0
2021-11-02,0.0
2021-11-03,0.0
2021-11-04,0.0
2021-11-05,0.0
2021-11-08,0.0
2021-11-09,0.0
2021-11-10,0.0
2021-11-11,0.0
2021-11-12,1.3322676295501878e-15
2021-11-15,0.3243307653082965
2021-11-16,0.6155608887448363
2021-11-17,0.8093942966846206
2021-11-18,0.9317163828091106
2021-11-19,0.9715595031512709
2021-11-22,0.9756835292050501
2021-11-23,0.9809635445259421
2021-11-24,0.9875182487968521
2021-11-26,0.9851535024714451
2021-11-29,0.9925845269483669
2021-11-30,0.0
2021-12-01,0.0
2021-12-02,0.0
2021-12-03,0.0
2021-12-06,0.0
2021-12-07,0.0
2021-12-08,0.0
2021-12-09,0.0
2021-12-10,0.0
2021-12-13,0.0
2021-12-14,0.0
2021-12-15,1.1102230246251565e-15
2021-12-16,0.22206746624614726
2021-12-17,0.4919005303351065
2021-12-20,0.7272558279319208
2021-12-21,0.8779502011198299
2021-12-22,0.9584175320320092
2021-12-23,0.9899269714878769
2021-12-27,0.9983658825832704
2021-12-28,0.0
2021-12-29,0.0
2021-12-30,0.0
2021-12-31,0.0
2022-01-03,0.0
2022-01-04,0.0
2022-01-05,0.0
2022-01-06,0.0
2022-01-07,0.0
2022-01-10,0.0
2022-01-11,0.0
2022-01-12,3.9968028886505635e-15
2022-01-13,-0.46988150674760365
2022-01-14,-0.7774680099334772
2022-01-18,-0.9531927217978222
2022-01-19,-0.9958173902735661
2022-01-20,0.0
2022-01-21,0.0
2022-01-24,0.0
2022-01-25,0.0
2022-01-26,0.0
2022-01-27,0.0
2022-01-28,0.0
2022-01-31,0.0
2022-02-01,0.0
2022-02-02,0.0
2022-02-03,0.0
2022-02-04,6.661338147750939e-16
2022-02-07,0.20459920125163555
2022-02-08,0.4735657357481773
2022-02-09,0.7272086574970063
2022-02-10,0.8173444641684187
2022-02-11,0.8332216974643845
2022-02-14,0.860932678630201
2022-02-15,0.9269207044227434
2022-02-16,0.95876274588345
2022-02-17,0.9660888709551956
2022-02-18,0.9726829822278487
2022-02-22,0.9767391801730858
2022-02-23,0.9742633380347268
2022-02-24,0.9791918937168778
2022-02-25,0.9858281807249152
2022-02-28,0.9902762474368509
2022-03-01,0.0
2022-03-02,0.0
2022-03-03,0.0
2022-03-04,0.0
2022-03-07,0.0
2022-03-08,0.0
2022-03-09,0.0
2022-03-10,0.0
2022-03-11,0.0
2022-03-14,0.0
2022-03-15,0.0
2022-03-16,-5.773159728050814e-15
2022-03-17,0.3232833190954265
2022-03-18,0.6678033450141956
2022-03-21,0.8326217483547014
2022-03-22,0.9511327273593382
2022-03-23,0.9780025872808022
2022-03-24,0.9981302926066649
2022-03-25,0.0
2022-03-28,0.0
2022-03-29,0.0
2022-03-30,0.0
2022-03-31,0.0
2022-04-01,0.0
2022-04-04,0.0
2022-04-05,0.0
2022-04-06,0.0
2022-04-07,0.0
2022-04-08,0.0
2022-04-11,-8.881784197001252e-16
2022-04-12,-0.3486881740280221
2022-04-13,-0.5595022964054155
2022-04-14,-0.8099831854003128
2022-04-18,-0.9027723223993369
2022-04-19,-0.9360045110185597
2022-04-20,-0.9581771908974464
2022-04-21,-0.9766167333672604
2022-04-22,-0.9893228918378265
2022-04-25,-0.995145627357954
2022-04-26,0.0
2022-04-27,0.0
2022-04-28,0.0
2022-04-29,0.0
2022-05-02,0.0
2022-05-03,0.0
2022-05-04,0.0
2022-05-05,0.0
2022-05-06,0.0
2022-05-09,0.0
2022-05-10,0.0
2022-05-11,-3.774758283725532e-15
2022-05-12,-0.03621044519826122
2022-05-13,0.18902064266220608
2022-05-16,0.3100507260226275
2022-05-17,0.690295664191805
2022-05-18,0.6466077197700013
2022-05-19,0.32919193170057426
2022-05-20,-0.08062493942452353
2022-05-23,-0.6192241162665018
2022-05-24,-0.9008458776828983
2022-05-25,-0.9768099178589191
2022-05-26,-0.9899526191167496
2022-05-27,-0.9826003275608155
2022-05-31,-0.9747342922594997
2022-06-01,-0.9719433572947787
2022-06-02,-0.9654834462020454
2022-06-03,-0.9736584563559425
2022-06-06,-0.9814116091998162
2022-06-07,-0.9799280929896634
2022-06-08,-0.9835317413184803
2022-06-09,-0.9903601485640205
2022-06-10,0.0
2022-06-13,0.0
2022-06-14,0.0
2022-06-15,0.0
2022-06-16,0.0
2022-06-17,0.0
2022-06-21,0.0
2022-06-22,0.0
2022-06-23,0.0
2022-06-24,0.0
2022-06-27,0.0
2022-06-28,1.3322676295501878e-15
2022-06-29,-0.2753857292404458
2022-06-30,-0.5600350809630927
2022-07-01,-0.8132693824788562
2022-07-05,-0.937623963435775
2022-07-06,-0.9761535614672057
2022-07-07,-0.9812225556077943
2022-07-08,-0.9850882850253724
2022-07-11,-0.9946473831553639
2022-07-12,0.0
2022-07-13,0.0
2022-07-14,0.0
2022-07-15,0.0
2022-07-18,0.0
2022-07-19,0.0
2022-07-20,0.0
2022-07-21,0.0
2022-07-22,0.0
2022-07-25,0.0
2022-07-26,0.0
2022-07-27,-4.440892098500626e-15
2022-07-28,0.4136797642487382
2022-07-29,0.7202211724191032
2022-08-01,0.8896171233706567
2022-08-02,0.9542628886882634
2022-08-03,0.991162403976626
2022-08-04,0.0
2022-08-05,0.0
2022-08-08,0.0
2022-08-09,0.0
2022-08-10,0.0
2022-08-11,0.0
2022-08-12,0.0
2022-08-15,0.0
2022-08-16,0.0
2022-08-17,0.0
2022-08-18,0.0
2022-08-19,-6.661338147750939e-15
2022-08-22,-0.5279669591863754
2022-08-23,-0.8234503316975013
2022-08-24,-0.9435263834356253
2022-08-25,-0.9317970647281233
2022-08-26,-0.9916722667830926
2022-08-29,0.0
2022-08-30,0.0
2022-08-31,0.0
2022-09-01,0.0
2022-09-02,0.0
2022-09-06,0.0
2022-09-07,0.0
2022-09-08,0.0
2022-09-09,0.0
2022-09-12,0.0
2022-09-13,0.0
2022-09-14,8.215650382226158e-15
2022-09-15,-0.15810678716791293
2022-09-16,-0.2546983985139155
2022-09-19,-0.3530858475161973
2022-09-20,-0.5707848369533206
2022-09-21,-0.7927549444515289
2022-09-22,-0.929344875479283
2022-09-23,-0.9883034492470519
2022-09-26,-0.999151610569907
2022-09-27,0.0
2022-09-28,0.0
2022-09-29,0.0
2022-09-30,0.0
2022-10-03,0.0
2022-10-04,0.0
2022-10-05,0.0
2022-10-06,0.0
2022-10-07,0.0
2022-10-10,0.0
2022-10-11,0.0
2022-10-12,1.7763568394002505e-15
2022-10-13,-0.2211667299318678
2022-10-14,-0.512916077059272
2022-10-17,-0.6671336162938148
2022-10-18,-0.7821576714643133
2022-10-19,-0.8598796987375581
2022-10-20,-0.9229547394571538
2022-10-21,-0.9297809589661281
2022-10-24,-0.9235411151212252
2022-10-25,-0.9098719264027757
2022-10-26,-0.8925650093554487
2022-10-27,-0.8889053290352171
2022-10-28,-0.8352271058481819
2022-10-31,-0.77883796800494
2022-11-01,-0.7232764912529663
2022-11-02,-0.7191254702256025
2022-11-03,-0.7654791296343673
2022-11-04,-0.7232442508328667
2022-11-07,-0.6288929599429927
2022-11-08,-0.4793061989987537
2022-11-09,-0.39452486908837114
2022-11-10,-0.04235204317702479
2022-11-11,0.38363768801995546
2022-11-14,0.6805650949119004
2022-11-15,0.8848023979709967
2022-11-16,0.9575342848484827
2022-11-17,0.9866437578330964
2022-11-18,0.9966540009020346
2022-11-21,0.0
2022-11-22,0.0
2022-11-23,0.0
2022-11-25,0.0
2022-11-28,0.0
2022-11-29,0.0
2022-11-30,0.0
2022-12-01,0.0
2022-12-02,0.0
2022-12-05,0.0
2022-12-06,0.0
2022-12-07,4.440892098500626e-15
2022-12-08,0.0012618126045487177
2022-12-09,0.25287407144540497
2022-12-12,0.6270417241139099
2022-12-13,0.9180218699655649
2022-12-14,0.9909492645488676
2022-12-15,0.0
2022-12-16,0.0
2022-12-19,0.0
2022-12-20,0.0
2022-12-21,0.0
2022-12-22,0.0
2022-12-23,0.0
2022-12-27,0.0
2022-12-28,0.0
2022-12-29,0.0
2022-12-30,0.0
2023-01-03,0.0
2023-01-04,0.3112370958782744
2023-01-05,0.38298843095664026
2023-01-06,0.9770507336883418
2023-01-09,0.9992596334005792
2023-01-10,0.0
2023-01-11,0.0
2023-01-12,0.0
2023-01-13,0.0
2023-01-17,0.0
2023-01-18,0.0
2023-01-19,0.0
2023-01-20,0.0
2023-01-23,0.0
2023-01-24,0.0
2023-01-25,0.0
2023-01-26,3.9968028886505635e-15
2023-01-27,0.28860586502586827
2023-01-30,0.325735886092813
2023-01-31,0.4334948988026679
2023-02-01,0.779829087625759
2023-02-02,0.9457203735078679
2023-02-03,0.9819324554344682
2023-02-06,0.996008005560511
2023-02-07,0.0
2023-02-08,0.0
2023-02-09,0.0
2023-02-10,0.0
2023-02-13,0.0
2023-02-14,0.0
2023-02-15,0.0
2023-02-16,0.0
2023-02-17,0.0
2023-02-21,0.0
2023-02-22,0.0
2023-02-23,1.2212453270876722e-14
2023-02-24,-0.358849002780697
2023-02-27,-0.5244526562770808
2023-02-28,-0.5405281041310188
2023-03-01,-0.5653248614385058
2023-03-02,-0.5224851909557968
2023-03-03,0.06208211507351091
2023-03-06,0.591647516499306
2023-03-07,0.8329734626211032
2023-03-08,0.9596277453536899
2023-03-09,0.9876364972542322
2023-03-10,0.9947368003133532
2023-03-13,0.0
2023-03-14,0.0
2023-03-15,0.0
2023-03-16,0.0
2023-03-17,0.0
2023-03-20,0.0
2023-03-21,0.0
2023-03-22,0.0
2023-03-23,0.0
2023-03-24,0.0
2023-03-27,0.0
2023-03-28,2.220446049250313e-15
2023-03-29,-0.109864195477402
2023-03-30,0.00799562536310372
2023-03-31,0.3108062391762312
2023-04-03,0.5729526557034759
2023-04-04,0.6426800373629205
2023-04-05,0.6215785750334977
2023-04-06,0.49129359356246183
2023-04-10,0.4419252853988671
2023-04-11,0.27775709054517295
2023-04-12,0.004831893621382699
2023-04-13,-0.10410029312057967
2023-04-14,-0.2976640062708953
2023-04-17,-0.3309490623397011
2023-04-18,-0.2731019756964945
2023-04-19,-0.17535684724005307
2023-04-20,-0.10632780606302972
2023-04-21,-0.04120006689655975
2023-04-24,0.051870614935315196
2023-04-25,-0.08264036591733404
2023-04-26,-0.30816098452784746
2023-04-27,-0.47237398322947066
2023-04-28,-0.5074145508539345
2023-05-01,-0.38071462029545056
2023-05-02,-0.6034002144682924
2023-05-03,-0.758558103550252
2023-05-04,-0.8784820069275912
2023-05-05,-0.8703590481078889
2023-05-08,-0.8675944223651539
2023-05-09,-0.9110133563865299
2023-05-10,-0.9185549248673812
2023-05-11,-0.920992567824598
2023-05-12,-0.9117626049341632
2023-05-15,-0.8645353158667857
2023-05-16,-0.7907270072405901
2023-05-17,-0.5349451220879462
2023-05-18,0.1214223136915431
2023-05-19,0.7268116087821619
2023-05-22,0.9489480881077172
2023-05-23,0.9966345086732777
2023-05-24,0.0
2023-05-25,0.0
2023-05-26,0.0
2023-05-30,0.0
2023-05-31,0.0
2023-06-01,0.0
2023-06-02,0.0
2023-06-05,0.0
2023-06-06,0.0
2023-06-07,0.0
2023-06-08,0.0
2023-06-09,3.3306690738754696e-15
2023-06-12,0.3691232952826733
2023-06-13,0.6307389144703879
2023-06-14,0.8696070064665689
2023-06-15,0.9617427283815771
2023-06-16,0.9878333444854699
2023-06-20,0.9964908220682485
2023-06-21,0.0
2023-06-22,0.0
2023-06-23,0.0
2023-06-26,0.0
2023-06-27,0.0
2023-06-28,0.0
2023-06-29,0.0
2023-06-30,0.0
2023-07-03,0.0
2023-07-05,0.0
2023-07-06,0.0
2023-07-07,8.215650382226158e-15
2023-07-10,0.36745583138678883
2023-07-11,0.6787377910021757
2023-07-12,0.8894294452423832
2023-07-13,0.9698693458650409
2023-07-14,0.9926840351462012
2023-07-17,0.0
2023-07-18,0.0
2023-07-19,0.0
2023-07-20,0.0
2023-07-21,0.0
2023-07-24,0.0
2023-07-25,0.0
2023-07-26,0.0
2023-07-27,0.0
2023-07-28,0.0
2023-07-31,0.0
2023-08-01,1.3988810110276972e-14
2023-08-02,-0.2202682010324053
2023-08-03,-0.5412076855636556
2023-08-04,-0.7922538448264349
2023-08-07,-0.8226931430955429
2023-08-08,-0.9252655779749372
2023-08-09,-0.9971219921413843
2023-08-10,0.0
2023-08-11,0.0
2023-08-14,0.0
2023-08-15,0.0
2023-08-16,0.0
2023-08-17,0.0
2023-08-18,0.0
2023-08-21,0.0
2023-08-22,0.0
2023-08-23,0.0
2023-08-24,0.0
2023-08-25,-8.43769498715119e-15
2023-08-28,0.19957082102203505
2023-08-29,0.6689390464823313
2023-08-30,0.9072088151211906
2023-08-31,0.995299882178742
2023-09-01,0.0
2023-09-05,0.0
2023-09-06,0.0
2023-09-07,0.0
2023-09-08,0.0
2023-09-11,0.0
2023-09-12,0.0
2023-09-13,0.0
2023-09-14,0.0
2023-09-15,0.0
2023-09-18,0.0
2023-09-19,1.3100631690576847e-14
2023-09-20,-0.4827269866580812
2023-09-21,-0.9320806581709353
2023-09-22,-0.9837795147764223
2023-09-25,-0.9953528224942592
2023-09-26,0.0
2023-09-27,0.0
2023-09-28,0.0
2023-09-29,0.0
2023-10-02,0.0
2023-10-03,0.0
2023-10-04,0.0
2023-10-05,0.0
2023-10-06,0.0
2023-10-09,0.0
2023-10-10,0.0
2023-10-11,-7.105427357601002e-15
2023-10-12,0.6902366989315158
2023-10-13,0.8998397649669587
2023-10-16,0.9873325580357033
2023-10-17,0.9977276387281666
2023-10-18,0.0
2023-10-19,0.0
2023-10-20,0.0
2023-10-23,0.0
2023-10-24,0.0
2023-10-25,0.0
2023-10-26,0.0
2023-10-27,0.0
2023-10-30,0.0
2023-10-31,0.0
2023-11-01,0.0
2023-11-02,0.0
2023-11-03,0.3136975031876341
2023-11-06,0.5475089476332009
2023-11-07,0.8118577714992257
2023-11-08,0.9574689550028006
2023-11-09,0.9931184316179091
2023-11-10,0.0
2023-11-13,0.0
2023-11-14,0.0
2023-11-15,0.0
2023-11-16,0.0
2023-11-17,0.0
2023-11-20,0.0
2023-11-21,0.0
2023-11-22,0.0
2023-11-24,0.0
2023-11-27,0.0
2023-11-28,-8.659739592076221e-15
2023-11-29,-0.3704449400287957
2023-11-30,-0.7656241684667568
2023-12-01,-0.9245511932213772
2023-12-04,-0.9847820469411745
2023-12-05,-0.9986667346848468
2023-12-06,0.0
2023-12-07,0.0
2023-12-08,0.0
2023-12-11,0.0
2023-12-12,0.0
2023-12-13,0.0
2023-12-14,0.0
2023-12-15,0.0
2023-12-18,0.0
2023-12-19,0.0
2023-12-20,0.0
2023-12-21,-1.1102230246251565e-15
2023-12-22,0.1606130010614777
2023-12-26,0.32566822240722515
2023-12-27,0.4559731167452401
2023-12-28,0.5595070834732645
2023-12-29,0.6371959286376554
2024-01-02,0.6630583647263013
2024-01-03,0.6526333349086417
2024-01-04,0.6302622331065457
2024-01-05,0.6088382837533239
2024-01-08,0.6218434788019778
2024-01-09,0.6436151217123129
2024-01-10,0.6617129109905453
2024-01-11,0.6994182887090616
2024-01-12,0.7402811876547903
2024-01-16,0.7818732262338228
2024-01-17,0.8093850632821806
2024-01-18,0.8576812665783158
2024-01-19,0.9212555540425296
2024-01-22,0.9604517140873836
2024-01-23,0.9817900178294297
2024-01-24,0.9932527644146942
2024-01-25,0.0
2024-01-26,0.0
2024-01-29,0.0
2024-01-30,0.0
2024-01-31,0.0
2024-02-01,0.0
2024-02-02,0.0
2024-02-05,0.0
2024-02-06,0.0
2024-02-07,0.0
2024-02-08,0.0
2024-02-09,2.220446049250313e-15
2024-02-12,0.2545852467686005
2024-02-13,0.39010568371191967
2024-02-14,0.5598566341406421
2024-02-15,0.701974844634423
2024-02-16,0.7458109803226309
2024-02-20,0.724538939217799
2024-02-21,0.7067889265189673
2024-02-22,0.8847837786066799
2024-02-23,0.9560270792868322
2024-02-26,0.9883408229595398
2024-02-27,0.9965201804715165
2024-02-28,0.0
2024-02-29,0.0
2024-03-01,0.0
2024-03-04,0.0
2024-03-05,0.0
2024-03-06,0.0
2024-03-07,0.0
2024-03-08,0.0
2024-03-11,0.0
2024-03-12,0.0
2024-03-13,0.0
2024-03-14,4.884981308350689e-15
2024-03-15,-0.35710584085221164
2024-03-18,-0.6238076650126683
2024-03-19,-0.7975199520957124
2024-03-20,-0.8496992756561248
2024-03-21,-0.7951234426611493
2024-03-22,-0.7215672935150548
2024-03-25,-0.6417859689636951
2024-03-26,-0.602821466268582
2024-03-27,-0.5937987496759174
2024-03-28,-0.5699686806201065
2024-04-01,-0.48635409853494416
2024-04-02,-0.42937170513590495
2024-04-03,-0.3060724237343637
2024-04-04,-0.30662819961986276
2024-04-05,-0.24826172952059733
2024-04-08,-0.19981212685524397
2024-04-09,-0.15786536603021872
2024-04-10,-0.1483630013452535
2024-04-11,0.020879556406968147
2024-04-12,0.08433270888361188
2024-04-15,0.05953782930542939
2024-04-16,0.08224286044564266
2024-04-17,-0.01238010412948598
2024-04-18,-0.1620503554971784
2024-04-19,-0.42110356758826395
2024-04-22,-0.5970744420301375
2024-04-23,-0.7001288753877937
2024-04-24,-0.7735608221457948
2024-04-25,-0.7954621120982488
2024-04-26,-0.7634235790307913
2024-04-29,-0.7356351106793406
2024-04-30,-0.7532714250734793
2024-05-01,-0.826020357376174
2024-05-02,-0.8831833399001208
2024-05-03,-0.904092954008646
2024-05-06,-0.9057020649835874
2024-05-07,-0.9109607234599864
2024-05-08,-0.9048170557503323
2024-05-09,-0.9088100674777875
2024-05-10,-0.8988184919412825
2024-05-13,-0.8854742924513483
2024-05-14,-0.8415883404450972
2024-05-15,-0.7306441039205835
2024-05-16,-0.6125468853401184
2024-05-17,-0.497086906665684
2024-05-20,-0.3350340789214197
2024-05-21,-0.18684066775335162
2024-05-22,-0.04763496526873401
2024-05-23,0.09271503389509372
2024-05-24,0.2542967696732281
2024-05-28,0.4105937733482443
2024-05-29,0.5166288859688004
2024-05-30,0.5751565636229765
2024-05-31,0.5832686088040933
2024-06-03,0.582536116600965
2024-06-04,0.5933560461905474
2024-06-05,0.698628478005646
2024-06-06,0.7729230089604875
2024-06-07,0.8360279093775336
2024-06-10,0.9005831741147738
2024-06-11,0.948227548656924
2024-06-12,0.9792905843886439
2024-06-13,0.9978752328205636
2024-06-14,0.0
2024-06-17,0.0
2024-06-18,0.0
2024-06-20,0.0
2024-06-21,0.0
2024-06-24,0.0
2024-06-25,0.0
2024-06-26,0.0
2024-06-27,0.0
2024-06-28,0.0
2024-07-01,0.0
2024-07-02,0.0
2024-07-03,0.16510644943315156
2024-07-05,0.2509404080270978
2024-07-08,0.4203059598679513
2024-07-09,0.5383918314656411
2024-07-10,0.653200763347241
2024-07-11,0.6954090577063616
2024-07-12,0.7261665171231773
2024-07-15,0.7678852461979113
2024-07-16,0.7845811615210878
2024-07-17,0.6547188633908889
2024-07-18,0.5611898133178554
2024-07-19,0.4078706195918802
2024-07-22,0.3071073613514099
2024-07-23,0.2529907071379278
2024-07-24,-0.023569706921846123
2024-07-25,-0.32209054626286937
2024-07-26,-0.538076575551026
2024-07-29,-0.717990465589446
2024-07-30,-0.8782002405717402
2024-07-31,-0.9001813440234088
2024-08-01,-0.9568767860405012
2024-08-02,-0.9858464807751368
2024-08-05,-0.9963503332000083
2024-08-06,0.0
2024-08-07,0.0
2024-08-08,0.0
2024-08-09,0.0
2024-08-12,0.0
2024-08-13,0.0
2024-08-14,0.0
2024-08-15,0.0
2024-08-16,0.0
2024-08-19,0.0
2024-08-20,0.0
2024-08-21,0.0
2024-08-22,0.136040742725815
2024-08-23,0.33251568128363784
2024-08-26,0.389646357672794
2024-08-27,0.4685904660095783
2024-08-28,0.49308997183998704
2024-08-29,0.49879641333082003
2024-08-30,0.5800858371871973
2024-09-03,0.5326053812222882
2024-09-04,0.502272692040659
2024-09-05,0.45576031439418796
2024-09-06,0.18429788180283513
2024-09-09,-0.04156836053349222
2024-09-10,-0.14987654224098468
2024-09-11,-0.1097455072791571
2024-09-12,0.018358756757949735
2024-09-13,0.1841449600287388
2024-09-16,0.29040918988790243
2024-09-17,0.3695756387110509
2024-09-18,0.4334407591299747
2024-09-19,0.5559612126878442
2024-09-20,0.6881667770292426
2024-09-23,0.7992960199803374
2024-09-24,0.8835898311571584
2024-09-25,0.9375582220542329
2024-09-26,0.9713164517722737
2024-09-27,0.984602758747172
2024-09-30,0.9919382080097705
2024-10-01,0.0
2024-10-02,0.0
2024-10-03,0.0
2024-10-04,0.0
2024-10-07,0.0
2024-10-08,0.0
2024-10-09,0.0
2024-10-10,0.0
2024-10-11,0.0
2024-10-14,0.0
2024-10-15,0.0
2024-10-16,4.440892098500626e-15
2024-10-17,0.14942986064644526
2024-10-18,0.22674124242928162
2024-10-21,0.300299139641353
2024-10-22,0.3482727713548348
2024-10-23,0.21281159892425028
2024-10-24,0.009649071309902224
2024-10-25,-0.13269224170440896
2024-10-28,-0.29207748546616585
2024-10-29,-0.23800202925628233
2024-10-30,-0.2581313356438646
2024-10-31,-0.45141414055337004
2024-11-01,-0.6258987394360864
2024-11-04,-0.7615975991457664
2024-11-05,-0.7990316952534555
2024-11-06,-0.7656939608000206
2024-11-07,-0.6658809558341594
2024-11-08,-0.5502951304995629
2024-11-11,-0.5166943570091185
2024-11-12,-0.5350414647848392
2024-11-13,-0.5987978265767437
2024-11-14,-0.7018315267087354
2024-11-15,-0.8378844028973322
2024-11-18,-0.9148487887100931
2024-11-19,-0.9591903805867352
2024-11-20,-0.9844763252499125
2024-11-21,-0.994319896838687
2024-11-22,0.0
2024-11-25,0.0
2024-11-26,0.0
2024-11-27,0.0
2024-11-29,0.0
2024-12-02,0.0
2024-12-03,0.0
2024-12-04,0.0
2024-12-05,0.0
2024-12-06,0.0
2024-12-09,0.0
2024-12-10,4.218847493575595e-15
2024-12-11,0.49235645484354285
2024-12-12,0.7567168085983544
2024-12-13,0.9995071056314806
2024-12-16,0.0
2024-12-17,0.0
2024-12-18,0.0
2024-12-19,0.0
2024-12-20,0.0
2024-12-23,0.0
2024-12-24,0.0
2024-12-26,0.0
2024-12-27,0.0
2024-12-30,0.0
2024-12-31,0.0
2025-01-02,1.3322676295501878e-15
2025-01-03,-0.03319888180056707
2025-01-06,0.019180767678665722
2025-01-07,-0.09357175861386757
2025-01-08,-0.1843836260506755
2025-01-10,-0.3577726537108077
2025-01-13,-0.49061809090320674
2025-01-14,-0.6094547434051782
2025-01-15,-0.6695768925726706
2025-01-16,-0.707108420336116
2025-01-17,-0.6600437487521975
2025-01-21,-0.5768952416817315
2025-01-22,-0.4793589224190926
2025-01-23,-0.3851445647789764
2025-01-24,-0.22206381130469754
2025-01-27,-0.6304151756130896
2025-01-28,-0.8356322533487157
2025-01-29,-0.9406897492070454
2025-01-30,-0.9717085048230456
2025-01-31,-0.9831171303792088
2025-02-03,-0.9917802280501473
2025-02-04,0.0
2025-02-05,0.0
2025-02-06,0.0
2025-02-07,0.0
2025-02-10,0.0
2025-02-11,0.0
2025-02-12,0.0
2025-02-13,0.0
2025-02-14,0.0
2025-02-18,0.0
2025-02-19,0.0
2025-02-20,-4.440892098500626e-15
2025-02-21,-0.5398194919010249
2025-02-24,-0.9597303885632702
2025-02-25,-0.999656246160251
2025-02-26,0.0
2025-02-27,0.0
2025-02-28,0.0
2025-03-03,0.0
2025-03-04,0.0
2025-03-05,0.0
2025-03-06,0.0
2025-03-07,0.0
2025-03-10,0.0
2025-03-11,0.0
2025-03-12,0.0
2025-03-13,3.9968028886505635e-15
2025-03-14,0.07642594710968553
2025-03-17,0.12100313032121424
2025-03-18,0.02237941689677103
2025-03-19,0.09117046673924145
2025-03-20,0.05499527027823703
2025-03-21,0.045621206178667384
2025-03-24,0.027948713818942483
2025-03-25,-0.05161809767173908
2025-03-26,-0.30404807966916736
2025-03-27,-0.6236981297261244
2025-03-28,-0.8466083805430142
2025-03-31,-0.9532726000354006
2025-04-01,-0.9876549355729665
2025-04-02,-0.9964299728513182
2025-04-03,0.0
2025-04-04,0.0
2025-04-07,0.0
2025-04-08,0.0
2025-04-09,0.0
2025-04-10,0.0
2025-04-11,0.0
2025-04-14,0.0
2025-04-15,0.0
2025-04-16,0.0
2025-04-17,0.0
2025-04-21,-1.1102230246251565e-15
2025-04-22,0.023086908140695472
2025-04-23,0.16576394926659677
2025-04-24,0.45469328803290954
2025-04-25,0.7094603075977459
2025-04-28,0.8626374908042287
2025-04-29,0.9381196307242716
2025-04-30,0.9757254749167681
2025-05-01,0.9931745911529557
2025-05-02,0.0
2025-05-05,0.0
2025-05-06,0.0
2025-05-07,0.0
2025-05-08,0.0
2025-05-09,0.0
2025-05-12,0.0
2025-05-13,0.0
2025-05-14,0.0
2025-05-15,0.0
2025-05-16,0.0
2025-05-19,0.0
2025-05-20,0.23310689172365207
2025-05-21,0.4063375982516071
2025-05-22,0.5586362233097883
2025-05-23,0.6624461915259054
2025-05-27,0.7921166753994968
2025-05-28,0.8922242103403326
2025-05-29,0.9524888931681079
2025-05-30,0.9806622559953899
2025-06-02,0.9946509353280593
2025-06-03,0.0
2025-06-04,0.0
2025-06-05,0.0
2025-06-06,0.0
2025-06-09,0.0
2025-06-10,0.0
2025-06-11,0.0
2025-06-12,0.0
2025-06-13,0.0
2025-06-16,0.0
2025-06-17,0.0
2025-06-18,4.6629367034256575e-15
2025-06-20,-0.05655156225529767
2025-06-23,0.03534030639785235
2025-06-24,0.46097595663591684
2025-06-25,0.764986584744993
2025-06-26,0.9508210514303799
2025-06-27,0.9923916385971365
2025-06-30,0.0
2025-07-01,0.0
2025-07-02,0.0
2025-07-03,0.0
2025-07-07,0.0
2025-07-08,0.0
2025-07-09,0.0
2025-07-10,0.0
2025-07-11,0.0
2025-07-14,0.0
2025-07-15,0.0
2025-07-16,-2.886579864025407e-15
2025-07-17,0.5335990668274637
2025-07-18,0.7767125368816648
2025-07-21,0.9495601277177608
2025-07-22,0.965244797002466
2025-07-23,0.9887678395752155
2025-07-24,0.9986354913918662
2025-07-25,0.0
2025-07-28,0.0
2025-07-29,0.0
2025-07-30,0.0
2025-07-31,0.0
2025-08-01,0.0
2025-08-04,0.0
2025-08-05,0.0
2025-08-06,0.0
2025-08-07,0.0
2025-08-08,0.0
2025-08-11,0.0
2025-08-12,0.5400985290875695
2025-08-13,0.7882588306192586
2025-08-14,0.9315314319738808
2025-08-15,0.9680775115449394
2025-08-18,0.9847576205842601
2025-08-19,0.9752189421216395
2025-08-20,0.9456372554930845
2025-08-21,0.8810534553879619
2025-08-22,0.8329624620211966
2025-08-25,0.7782896068224945
2025-08-26,0.7730597135633828
2025-08-27,0.7980339495761783
2025-08-28,0.89823301608707
2025-08-29,0.8894199924863351
2025-09-02,0.8871856167209864
2025-09-03,0.9135285892206992
2025-09-04,0.9499938451074479
2025-09-05,0.998194214506902
2025-09-08,0.0
2025-09-09,0.0
2025-09-10,0.0
2025-09-11,0.0
2025-09-12,0.0
2025-09-15,0.0
2025-09-16,0.0
2025-09-17,0.0
2025-09-18,0.0
2025-09-19,0.0
2025-09-22,0.0
2025-09-23,-5.995204332975845e-15
2025-09-24,-0.2177366708070676
2025-09-25,-0.4584054721547386
2025-09-26,-0.6623769531313366
2025-09-29,-0.8490321158281469
2025-09-30,-0.9344646977958717
2025-10-01,-0.968528630328648
2025-10-02,-0.9810134305617249
2025-10-03,-0.988537328357352
2025-10-06,-0.9942260516934942
2025-10-07,0.0
2025-10-08,0.0
2025-10-09,0.0
2025-10-10,0.0
2025-10-13,0.0
2025-10-14,0.0
2025-10-15,0.0
2025-10-16,0.0
2025-10-17,0.0
2025-10-20,0.0
2025-10-21,0.0
2025-10-22,6.217248937900877e-15
2025-10-23,-0.016969690353105582
2025-10-24,0.2086784722254369
2025-10-27,0.5579088865615491
2025-10-28,0.8808226426190948
2025-10-29,0.992370465538694
2025-10-30,0.0
2025-10-31,0.0
2025-11-03,0.0
2025-11-04,0.0
2025-11-05,0.0
2025-11-06,0.0
2025-11-07,0.0
2025-11-10,0.0
2025-11-11,0.0
2025-11-12,0.0
2025-11-13,0.0
2025-11-14,-5.10702591327572e-15
2025-11-17,-0.28039375613239814
2025-11-18,-0.5451508464482999
2025-11-19,-0.5543374126748084
2025-11-20,-0.6636162199066291
2025-11-21,-0.8077497591721206
2025-11-24,-0.5577435048129065
2025-11-25,-0.08418295695463351
2025-11-26,0.5726587655355524
2025-11-28,0.9221662347568329
2025-12-01,0.9807820226147148
2025-12-02,0.9949497035964279
2025-12-03,0.0
2025-12-04,0.0
2025-12-05,0.0
2025-12-08,0.0
2025-12-09,0.0
2025-12-10,0.0
2025-12-11,0.0
2025-12-12,0.0
2025-12-15,0.0
2025-12-16,0.0
2025-12-17,0.0
2025-12-18,4.440892098500626e-16
2025-12-19,-0.22146086994815128
2025-12-22,-0.40215079211644733
2025-12-23,-0.5123779683799341
2025-12-24,-0.6011477195229493
2025-12-26,-0.6682231976271678
2025-12-29,-0.7334723988155918
2025-12-30,-0.7856128619470719
2025-12-31,-0.8361865741200285
2026-01-02,-0.8730607064753437
2026-01-05,-0.9075711523220045
2026-01-06,-0.932866861764587
2026-01-07,-0.9517434846420916
2026-01-08,-0.9709677121867921
2026-01-09,-0.9789655275747546
2026-01-12,-0.9828934858780594
2026-01-13,-0.9855277713199955
2026-01-14,-0.9904035082802689
2026-01-15,0.0
2026-01-16,0.0
2026-01-20,0.0
2026-01-21,0.0
2026-01-22,0.0
2026-01-23,0.0
2026-01-26,0.0
2026-01-27,0.0
2026-01-28,0.0
2026-01-29,0.0
2026-01-30,0.0
2026-02-02,4.6629367034256575e-15
2026-02-03,-0.30617288833918455
2026-02-04,-0.7511338604398041
2026-02-05,-0.9257710201370808
2026-02-06,-0.9118245593413334
2026-02-09,-0.8098990409823263
2026-02-10,-0.7008615210566134
2026-02-11,-0.5271289164034694
2026-02-12,-0.5319943547615771
2026-02-13,-0.6270950911685733
2026-02-17,-0.6103933451132404
2026-02-18,-0.5803973806633578
2026-02-19,-0.5435806706637172
2026-02-20,-0.526916496722049
2026-02-23,-0.5443211231678233
2026-02-24,-0.6243053142164021
2026-02-25,-0.613538272258709
2026-02-26,-0.7216300911625215
2026-02-27,-0.8204123523025091
2026-03-02,-0.8921042488790174
2026-03-03,-0.9512981966497787
2026-03-04,-0.975344364866358
2026-03-05,-0.9722286836151341
2026-03-06,-0.9723753065692342
2026-03-09,-0.9424598371543822
2026-03-10,-0.906612751153187
2026-03-11,-0.8617315050785876
2026-03-12,-0.8383884427295258
2026-03-13,-0.886210975462288
2026-03-16,-0.9122047711702368
2026-03-17,-0.9421663217578722
2026-03-18,-0.9708173021661408
2026-03-19,-0.9830641232628936
2026-03-20,-0.994179323455602
2026-03-23,0.0
2026-03-24,0.0
2026-03-25,0.0
2026-03-26,0.0
2026-03-27,0.0
2026-03-30,0.0
2026-03-31,0.0
2026-04-01,0.0
2026-04-02,0.0
2026-04-06,0.0
2026-04-07,0.0
2026-04-08,1.7763568394002505e-15
2026-04-09,0.5262933180407061
2026-04-10,0.9072371179160681
2026-04-13,0.9935490294747822
2026-04-14,0.0
2026-04-15,0.0
2026-04-16,0.0
2026-04-17,0.0
2026-04-20,0.0
2026-04-21,0.0
2026-04-22,0.0
2026-04-23,0.0
2026-04-24,0.0
2026-04-27,0.0
2026-04-28,0.0
2026-04-29,3.1086244689504383e-15
2026-04-30,0.1955227168267628
2026-05-01,0.4232435653079567
2026-05-04,0.5472016102368757
2026-05-05,0.7480179316506013
2026-05-06,0.8613419740098396
2026-05-07,0.8810223308431724
2026-05-08,0.9487464052581429
2026-05-11,0.9781673243895703
2026-05-12,0.9862951856930424
2026-05-13,0.990340632100331
2026-05-14,0.0
2026-05-15,0.0
2026-05-18,0.0
2026-05-19,0.0
2026-05-20,0.0
2026-05-21,0.0
2026-05-22,0.0
2026-05-26,0.0
2026-05-27,0.0
2026-05-28,0.0
2026-05-29,0.0
2026-06-01,1.7763568394002505e-15
2026-06-02,0.6977355613863061
2026-06-03,0.9483133830953872
2026-06-04,0.9187329390270096
2026-06-05,0.6796157184065121
2026-06-08,0.36099743479430946
2026-06-09,-0.07650095989847205
2026-06-10,-0.6541239731725508
2026-06-11,-0.8769809873803647
2026-06-12,-0.9696336914856414
2026-06-15,-0.990374118158023
2026-06-16,0.0
2026-06-17,0.0
2026-06-18,0.0
2026-06-22,0.0
2026-06-23,0.0
2026-06-24,0.0
2026-06-25,0.0
2026-06-26,0.0
2026-06-29,0.0
2026-06-30,0.0
2026-07-01,0.0
2026-07-02,7.771561172376096e-15
2026-07-06,-0.0952634357718547
2026-07-07,-0.22959367784117357
2026-07-08,-0.09007538624143052
2026-07-09,0.22187571373211745
2026-07-10,0.47306012571132117
2026-07-13,0.5089931729890629
2026-07-14,0.5919924699355441
2026-07-15,0.7036889841941634
2026-07-16,0.6496194461870628
2026-07-17,0.5600934540995701
2026-07-20,0.534965015039095
2026-07-21,0.5854161641913085
2026-07-22,0.705962566832147
2026-07-23,0.7743160993997318
2026-07-24,0.7772020582887214
2026-07-27,0.7868150342192215
