2005-01-03,0.0
2005-01-04,0.0
2005-01-05,0.0
2005-01-06,0.0
2005-01-07,0.0
2005-01-10,0.0
2005-01-11,0.0
2005-01-12,0.0
2005-01-13,0.0
2005-01-14,0.0
2005-01-18,0.0
2005-01-19,-3.552713678800501e-15
2005-01-20,-0.19013807127201088
2005-01-21,-0.3461117327234646
2005-01-24,-0.6630925151120648
2005-01-25,-0.8102525677266574
2005-01-26,-0.8785088765526634
2005-01-27,-0.7697641405755977
2005-01-28,-0.6214571061614249
2005-01-31,-0.42833131831879845
2005-02-01,-0.10500349793189723
2005-02-02,0.502386420090355
2005-02-03,0.830918823086539
2005-02-04,0.9858029423959327
2005-02-07,0.9993201472778521
2005-02-08,0.0
2005-02-09,0.0
2005-02-10,0.0
2005-02-11,0.0
2005-02-14,0.0
2005-02-15,0.0
2005-02-16,0.0
2005-02-17,0.0
2005-02-18,0.0
2005-02-22,0.0
2005-02-23,0.0
2005-02-24,4.218847493575595e-15
2005-02-25,0.3688749062626455
2005-02-28,0.6603385902853112
2005-03-01,0.8338382347436619
2005-03-02,0.8973044156024037
2005-03-03,0.9278180771465299
2005-03-04,0.9470381499815002
2005-03-07,0.9654637655034584
2005-03-08,0.9598973988543564
2005-03-09,0.9405882485399903
2005-03-10,0.915446919886437
2005-03-11,0.8620985240958787
2005-03-14,0.8261594691180312
2005-03-15,0.7561578955019361
2005-03-16,0.640850538136934
2005-03-17,0.47968266814391236
2005-03-18,0.2430130021568171
2005-03-21,0.08057055533694402
2005-03-22,-0.12748040543511507
2005-03-23,-0.26879931869731544
2005-03-24,-0.3930053122593089
2005-03-28,-0.5259637818971195
2005-03-29,-0.6734019425178368
2005-03-30,-0.7844973165187019
2005-03-31,-0.8801343383180957
2005-04-01,-0.9414460287725945
2005-04-04,-0.9746340008776067
2005-04-05,-0.9912008617533428
2005-04-06,0.0
2005-04-07,0.0
2005-04-08,0.0
2005-04-11,0.0
2005-04-12,0.0
2005-04-13,0.0
2005-04-14,0.0
2005-04-15,0.0
2005-04-18,0.0
2005-04-19,0.0
2005-04-20,0.0
2005-04-21,-1.021405182655144e-14
2005-04-22,-0.05193140222110615
2005-04-25,-0.017678235422689648
2005-04-26,-0.008536749503649688
2005-04-27,-0.18777038644925126
2005-04-28,-0.33434383959040614
2005-04-29,-0.42179720911084395
2005-05-02,-0.5122622289495464
2005-05-03,-0.607365936790548
2005-05-04,-0.6002646019192555
2005-05-05,-0.5326153138766627
2005-05-06,-0.4145735886608206
2005-05-09,-0.21682622278560992
2005-05-10,-0.17362591904386315
2005-05-11,-0.19597944393499134
2005-05-12,-0.13635558640468282
2005-05-13,0.3343867966546017
2005-05-16,0.6986270453599985
2005-05-17,0.9053219379458743
2005-05-18,0.9799914176135138
2005-05-19,0.996834343255083
2005-05-20,0.0
2005-05-23,0.0
2005-05-24,0.0
2005-05-25,0.0
2005-05-26,0.0
2005-05-27,0.0
2005-05-31,0.0
2005-06-01,0.0
2005-06-02,0.0
2005-06-03,0.0
2005-06-06,0.0
2005-06-07,-1.3322676295501878e-15
2005-06-08,-0.09871707112488015
2005-06-09,0.20942000176695652
2005-06-10,0.37711932226542544
2005-06-13,0.6632410764045782
2005-06-14,0.5303354773775011
2005-06-15,0.36050821775512154
2005-06-16,0.22139244927009738
2005-06-17,0.06490392658018518
2005-06-20,0.03169114741188217
2005-06-21,0.0731166390882183
2005-06-22,0.1043667493300735
2005-06-23,0.24676331847778288
2005-06-24,0.15491888894975392
2005-06-27,0.007755563579310065
2005-06-28,-0.09138241683924364
2005-06-29,-0.24574415659671467
2005-06-30,-0.4010687675350433
2005-07-01,-0.513253095653476
2005-07-05,-0.5375021238493636
2005-07-06,-0.42398118356629233
2005-07-07,-0.345045450892155
2005-07-08,-0.1885842664616102
2005-07-11,0.0647032054122414
2005-07-12,0.2720221861315206
2005-07-13,0.4634830784909294
2005-07-14,0.41268623976567875
2005-07-15,0.30531461465945253
2005-07-18,0.056364341637419324
2005-07-19,-0.1192554802689314
2005-07-20,-0.20763619147995604
2005-07-21,-0.3758690749709155
2005-07-22,-0.6232506752081712
2005-07-25,-0.7820599278282523
2005-07-26,-0.8503527738069714
2005-07-27,-0.8701653457547049
2005-07-28,-0.8757418052731765
2005-07-29,-0.8923660867423697
2005-08-01,-0.886662455766619
2005-08-02,-0.8591632115897916
2005-08-03,-0.8275222585477944
2005-08-04,-0.8145172961998148
2005-08-05,-0.7402235819674918
2005-08-08,-0.6377937690599147
2005-08-09,-0.5253060921147883
2005-08-10,-0.4609332339077068
2005-08-11,-0.3332185568993602
2005-08-12,0.09271131930952192
2005-08-15,0.585967938279707
2005-08-16,0.8370954330073332
2005-08-17,0.9505399763251996
2005-08-18,0.9818283117619997
2005-08-19,0.9932718448618463
2005-08-22,0.0
2005-08-23,0.0
2005-08-24,0.0
2005-08-25,0.0
2005-08-26,0.0
2005-08-29,0.0
2005-08-30,0.0
2005-08-31,0.0
2005-09-01,0.0
2005-09-02,0.0
2005-09-06,0.0
2005-09-07,3.9968028886505635e-15
2005-09-08,0.4759333134987962
2005-09-09,0.825193495398409
2005-09-12,0.9539850511818491
2005-09-13,0.9960257860134492
2005-09-14,0.0
2005-09-15,0.0
2005-09-16,0.0
2005-09-19,0.0
2005-09-20,0.0
2005-09-21,0.0
2005-09-22,0.0
2005-09-23,0.0
2005-09-26,0.0
2005-09-27,0.0
2005-09-28,0.0
2005-09-29,-1.1324274851176597e-14
2005-09-30,0.5552887546422176
2005-10-03,0.9587981089391922
2005-10-04,0.9969659493922722
2005-10-05,0.0
2005-10-06,0.0
2005-10-07,0.0
2005-10-10,0.0
2005-10-11,0.0
2005-10-12,0.0
2005-10-13,0.0
2005-10-14,0.0
2005-10-17,0.0
2005-10-18,0.0
2005-10-19,0.0
2005-10-20,9.769962616701378e-15
2005-10-21,-0.12360575548149666
2005-10-24,0.03050987557875451
2005-10-25,0.23393186097006025
2005-10-26,0.16889389655440068
2005-10-27,-0.08116194685139466
2005-10-28,-0.0532145200446863
2005-10-31,0.2686208316942762
2005-11-01,0.4510061058819075
2005-11-02,0.8535529816027143
2005-11-03,0.9675761472466102
2005-11-04,0.9911495428506951
2005-11-07,0.0
2005-11-08,0.0
2005-11-09,0.0
2005-11-10,0.0
2005-11-11,0.0
2005-11-14,0.0
2005-11-15,0.0
2005-11-16,0.0
2005-11-17,0.0
2005-11-18,0.0
2005-11-21,0.0
2005-11-22,-7.105427357601002e-15
2005-11-23,0.395362431810359
2005-11-25,0.7145482754217887
2005-11-28,0.8781342867675106
2005-11-29,0.883526887773268
2005-11-30,0.9124025305033236
2005-12-01,0.9441593597132367
2005-12-02,0.9650024973372555
2005-12-05,0.9713078102206885
2005-12-06,0.9778473353372508
2005-12-07,0.9833115877497771
2005-12-08,0.9858230310948226
2005-12-09,0.9902526442619046
2005-12-12,0.0
2005-12-13,0.0
2005-12-14,0.0
2005-12-15,0.0
2005-12-16,0.0
2005-12-19,0.0
2005-12-20,0.0
2005-12-21,0.0
2005-12-22,0.0
2005-12-23,0.0
2005-12-27,0.0
2005-12-28,2.6645352591003757e-15
2005-12-29,0.09642856946587886
2005-12-30,-0.05057419687838394
2006-01-03,0.3367114229558361
2006-01-04,0.8135172084672058
2006-01-05,0.987298364752127
2006-01-06,0.999877749033746
2006-01-09,0.0
2006-01-10,0.0
2006-01-11,0.0
2006-01-12,0.0
2006-01-13,0.0
2006-01-17,0.0
2006-01-18,0.0
2006-01-19,0.0
2006-01-20,0.0
2006-01-23,0.0
2006-01-24,0.0
2006-01-25,-2.042810365310288e-14
2006-01-26,0.4520861789391677
2006-01-27,0.8361726127836842
2006-01-30,0.953843545577332
2006-01-31,0.9818592070820042
2006-02-01,0.9934478373941129
2006-02-02,0.0
2006-02-03,0.0
2006-02-06,0.0
2006-02-07,0.0
2006-02-08,0.0
2006-02-09,0.0
2006-02-10,0.0
2006-02-13,0.0
2006-02-14,0.0
2006-02-15,0.0
2006-02-16,0.0
2006-02-17,-9.103828801926284e-15
2006-02-21,0.2794104293065025
2006-02-22,0.4989990594699292
2006-02-23,0.591558088731093
2006-02-24,0.667662031525053
2006-02-27,0.8525312231916848
2006-02-28,0.9331638254129806
2006-03-01,0.9880127369766432
2006-03-02,0.998481246937998
2006-03-03,0.0
2006-03-06,0.0
2006-03-07,0.0
2006-03-08,0.0
2006-03-09,0.0
2006-03-10,0.0
2006-03-13,0.0
2006-03-14,0.0
2006-03-15,0.0
2006-03-16,0.0
2006-03-17,0.0
2006-03-20,-2.531308496145357e-14
2006-03-21,0.6004195579718812
2006-03-22,0.7234025893989786
2006-03-23,0.8998188757343661
2006-03-24,0.9940228818387236
2006-03-27,0.0
2006-03-28,0.0
2006-03-29,0.0
2006-03-30,0.0
2006-03-31,0.0
2006-04-03,0.0
2006-04-04,0.0
2006-04-05,0.0
2006-04-06,0.0
2006-04-07,0.0
2006-04-10,0.0
2006-04-11,-6.8833827526759706e-15
2006-04-12,0.2133993040590032
2006-04-13,0.2738867233685707
2006-04-17,0.3403580394853509
2006-04-18,0.3057447679175682
2006-04-19,0.29750922307431393
2006-04-20,0.28464326146158836
2006-04-21,0.1324629831370694
2006-04-24,0.09893391741804192
2006-04-25,0.06431178355611267
2006-04-26,0.005554117687815774
2006-04-27,0.007107744974720331
2006-04-28,0.01474287781592265
2006-05-01,0.2214859302908716
2006-05-02,0.4024387230857571
2006-05-03,0.573097436176059
2006-05-04,0.6937546745351066
2006-05-05,0.8073980313819744
2006-05-08,0.8798906140817002
2006-05-09,0.9049051603210403
2006-05-10,0.9092208885599846
2006-05-11,0.8848044030051838
2006-05-12,0.7643975324331653
2006-05-15,0.6084754883849239
2006-05-16,0.34660713217734807
2006-05-17,-0.06198825351203574
2006-05-18,-0.533939164491154
2006-05-19,-0.8073643975651466
2006-05-22,-0.9428026811292705
2006-05-23,-0.9881615514641795
2006-05-24,-0.9979403598504788
2006-05-25,0.0
2006-05-26,0.0
2006-05-30,0.0
2006-05-31,0.0
2006-06-01,0.0
2006-06-02,0.0
2006-06-05,0.0
2006-06-06,0.0
2006-06-07,0.0
2006-06-08,0.0
2006-06-09,0.0
2006-06-12,-6.661338147750939e-16
2006-06-13,-0.45808595878851
2006-06-14,-0.7075547134683604
2006-06-15,-0.7288969805974848
2006-06-16,-0.7920313540518022
2006-06-19,-0.8750110497149395
2006-06-20,-0.9365876672764295
2006-06-21,-0.9660463915010973
2006-06-22,-0.9868908427731058
2006-06-23,-0.9952447415258581
2006-06-26,0.0
2006-06-27,0.0
2006-06-28,0.0
2006-06-29,0.0
2006-06-30,0.0
2006-07-03,0.0
2006-07-05,0.0
2006-07-06,0.0
2006-07-07,0.0
2006-07-10,0.0
2006-07-11,0.0
2006-07-12,-7.549516567451064e-15
2006-07-13,-0.4265624925876923
2006-07-14,-0.7314810178865918
2006-07-17,-0.8862536255599041
2006-07-18,-0.9299318430770891
2006-07-19,-0.9359464770009638
2006-07-20,-0.9515451234716406
2006-07-21,-0.982891656618216
2006-07-24,-0.9844381117086576
2006-07-25,-0.9796172253631796
2006-07-26,-0.9739423104126168
2006-07-27,-0.9627362570378502
2006-07-28,-0.8811789705121142
2006-07-31,-0.7511530635503498
2006-08-01,-0.6416913460404783
2006-08-02,-0.3207823885531611
2006-08-03,0.24773941430201019
2006-08-04,0.6653134855187663
2006-08-07,0.8780099415064271
2006-08-08,0.9729269442218391
2006-08-09,0.9956603332011245
2006-08-10,0.0
2006-08-11,0.0
2006-08-14,0.0
2006-08-15,0.0
2006-08-16,0.0
2006-08-17,0.0
2006-08-18,0.0
2006-08-21,0.0
2006-08-22,0.0
2006-08-23,0.0
2006-08-24,0.0
2006-08-25,-1.1102230246251565e-15
2006-08-28,0.23598032505241107
2006-08-29,0.5813525193003533
2006-08-30,0.8351748936280936
2006-08-31,0.9444056192581052
2006-09-01,0.9724615947690434
2006-09-05,0.9900787633830685
2006-09-06,0.0
2006-09-07,0.0
2006-09-08,0.0
2006-09-11,0.0
2006-09-12,0.0
2006-09-13,0.0
2006-09-14,0.0
2006-09-15,0.0
2006-09-18,0.0
2006-09-19,0.0
2006-09-20,0.0
2006-09-21,-7.105427357601002e-15
2006-09-22,0.11878610832942438
2006-09-25,0.3878926811703036
2006-09-26,0.523572891122063
2006-09-27,0.6251069252896491
2006-09-28,0.6563264210166606
2006-09-29,0.6863184185396958
2006-10-02,0.6495885365639058
2006-10-03,0.559867306414068
2006-10-04,0.7213004133865719
2006-10-05,0.7838772144088608
2006-10-06,0.8666357808615981
2006-10-09,0.9611399075689333
2006-10-10,0.9873429428302998
2006-10-11,0.9966335700564886
2006-10-12,0.0
2006-10-13,0.0
2006-10-16,0.0
2006-10-17,0.0
2006-10-18,0.0
2006-10-19,0.0
2006-10-20,0.0
2006-10-23,0.0
2006-10-24,0.0
2006-10-25,0.0
2006-10-26,0.0
2006-10-27,-8.215650382226158e-15
2006-10-30,0.05107426846559493
2006-10-31,0.584750533828966
2006-11-01,0.4901464904841051
2006-11-02,0.3447462307527418
2006-11-03,0.33888180673033386
2006-11-06,0.5275415851472949
2006-11-07,0.7407146689505391
2006-11-08,0.9021029214885037
2006-11-09,0.9808664080531464
2006-11-10,0.9945101734502628
2006-11-13,0.0
2006-11-14,0.0
2006-11-15,0.0
2006-11-16,0.0
2006-11-17,0.0
2006-11-20,0.0
2006-11-21,0.0
2006-11-22,0.0
2006-11-24,0.0
2006-11-27,0.0
2006-11-28,0.0
2006-11-29,0.0
2006-11-30,0.3521195875604308
2006-12-01,0.023396803503697328
2006-12-04,0.3457204566538592
2006-12-05,0.4721021165150112
2006-12-06,0.5631180748760976
2006-12-07,0.35491063554067703
2006-12-08,0.08025953754307036
2006-12-11,0.04700581432574036
2006-12-12,-0.1255978629751131
2006-12-13,-0.1337894036145626
2006-12-14,0.09116022446391137
2006-12-15,0.5014593366419353
2006-12-18,0.8668557903049916
2006-12-19,0.9886552375885864
2006-12-20,0.9991564887111817
2006-12-21,0.0
2006-12-22,0.0
2006-12-26,0.0
2006-12-27,0.0
2006-12-28,0.0
2006-12-29,0.0
2007-01-03,0.0
2007-01-04,0.0
2007-01-05,0.0
2007-01-08,0.0
2007-01-09,0.0
2007-01-10,-3.9968028886505635e-15
2007-01-11,-0.1607310150642669
2007-01-12,-0.2464154136819201
2007-01-16,-0.3168940207350057
2007-01-17,-0.4583148807057691
2007-01-18,-0.7796896416012185
2007-01-19,-0.9248479985982385
2007-01-22,-0.9788192088785388
2007-01-23,-0.9949400389175187
2007-01-24,0.0
2007-01-25,0.0
2007-01-26,0.0
2007-01-29,0.0
2007-01-30,0.0
2007-01-31,0.0
2007-02-01,0.0
2007-02-02,0.0
2007-02-05,0.0
2007-02-06,0.0
2007-02-07,0.0
2007-02-08,1.1102230246251565e-15
2007-02-09,0.07555161552527467
2007-02-12,0.2444605305708336
2007-02-13,0.46604794087256995
2007-02-14,0.5980021421236321
2007-02-15,0.7172813097675212
2007-02-16,0.7438650682070094
2007-02-20,0.7846221216757874
2007-02-21,0.7939740676367735
2007-02-22,0.8132877355184882
2007-02-23,0.8270885686251874
2007-02-26,0.8179841134093317
2007-02-27,0.7603104042466073
2007-02-28,0.6826325772423516
2007-03-01,0.5654863925504159
2007-03-02,0.3561518866587359
2007-03-05,0.02184139856043843
2007-03-06,-0.14390595590181188
2007-03-07,-0.3744309058012867
2007-03-08,-0.4766914890679077
2007-03-09,-0.5880948562549992
2007-03-12,-0.6914943872814328
2007-03-13,-0.8252777097552193
2007-03-14,-0.9112992066688221
2007-03-15,-0.9615769046962437
2007-03-16,-0.9860404697734748
2007-03-19,-0.9952157616449291
2007-03-20,0.0
2007-03-21,0.0
2007-03-22,0.0
2007-03-23,0.0
2007-03-26,0.0
2007-03-27,0.0
2007-03-28,0.0
2007-03-29,0.0
2007-03-30,0.0
2007-04-02,0.0
2007-04-03,0.0
2007-04-04,-1.9984014443252818e-15
2007-04-05,0.4053209958001729
2007-04-09,0.6001398565152785
2007-04-10,0.6984650238728523
2007-04-11,0.7051831372581603
2007-04-12,0.8105004887667002
2007-04-13,0.8979014071114302
2007-04-16,0.942068352749039
2007-04-17,0.9739224625129419
2007-04-18,0.991731790271388
2007-04-19,0.0
2007-04-20,0.0
2007-04-23,0.0
2007-04-24,0.0
2007-04-25,0.0
2007-04-26,0.0
2007-04-27,0.0
2007-04-30,0.0
2007-05-01,0.0
2007-05-02,0.0
2007-05-03,0.0
2007-05-04,6.439293542825908e-15
2007-05-07,0.07745853495670985
2007-05-08,0.21499911970006647
2007-05-09,0.37311775521107027
2007-05-10,0.3744509313954194
2007-05-11,0.7735989154152878
2007-05-14,0.9258384832957354
2007-05-15,0.9749619002363172
2007-05-16,0.9948891058890508
2007-05-17,0.0
2007-05-18,0.0
2007-05-21,0.0
2007-05-22,0.0
2007-05-23,0.0
2007-05-24,0.0
2007-05-25,0.0
2007-05-29,0.0
2007-05-30,0.0
2007-05-31,0.0
2007-06-01,0.0
2007-06-04,0.0
2007-06-05,0.507274164712709
2007-06-06,0.8476325278256527
2007-06-07,0.9516673980939587
2007-06-08,0.9929926480168054
2007-06-11,0.0
2007-06-12,0.0
2007-06-13,0.0
2007-06-14,0.0
2007-06-15,0.0
2007-06-18,0.0
2007-06-19,0.0
2007-06-20,0.0
2007-06-21,0.0
2007-06-22,0.0
2007-06-25,0.0
2007-06-26,0.0
2007-06-27,0.1709808920034419
2007-06-28,0.35459146359889826
2007-06-29,0.4620223180483074
2007-07-02,0.6522537808685973
2007-07-03,0.788820958440636
2007-07-05,0.8880541573512235
2007-07-06,0.9465587360920704
2007-07-09,0.9823877461689792
2007-07-10,0.9954221641856016
2007-07-11,0.0
2007-07-12,0.0
2007-07-13,0.0
2007-07-16,0.0
2007-07-17,0.0
2007-07-18,0.0
2007-07-19,0.0
2007-07-20,0.0
2007-07-23,0.0
2007-07-24,0.0
2007-07-25,0.0
2007-07-26,7.993605777301127e-15
2007-07-27,-0.30677623012740796
2007-07-30,-0.28363824902923174
2007-07-31,-0.19839292800999608
2007-08-01,-0.19627859084256905
2007-08-02,-0.2390981722458283
2007-08-03,-0.7346026313820655
2007-08-06,-0.9251339943560226
2007-08-07,-0.9744953231065683
2007-08-08,-0.9676443959943635
2007-08-09,-0.9443742183874928
2007-08-10,-0.9744766671257232
2007-08-13,-0.9921304527643287
2007-08-14,0.0
2007-08-15,0.0
2007-08-16,0.0
2007-08-17,0.0
2007-08-20,0.0
2007-08-21,0.0
2007-08-22,0.0
2007-08-23,0.0
2007-08-24,0.0
2007-08-27,0.0
2007-08-28,0.0
2007-08-29,2.886579864025407e-15
2007-08-30,0.21432795638519675
2007-08-31,0.586854893073214
2007-09-04,0.868755304048269
2007-09-05,0.9653698327851767
2007-09-06,0.9931956597292566
2007-09-07,0.0
2007-09-10,0.0
2007-09-11,0.0
2007-09-12,0.0
2007-09-13,0.0
2007-09-14,0.0
2007-09-17,0.0
2007-09-18,0.0
2007-09-19,0.0
2007-09-20,0.0
2007-09-21,0.0
2007-09-24,4.440892098500626e-15
2007-09-25,0.40988964428019603
2007-09-26,0.7940164943534023
2007-09-27,0.9512131029604027
2007-09-28,0.9875152204109687
2007-10-01,0.9992378997567106
2007-10-02,0.0
2007-10-03,0.0
2007-10-04,0.0
2007-10-05,0.0
2007-10-08,0.0
2007-10-09,0.0
2007-10-10,0.0
2007-10-11,0.0
2007-10-12,0.0
2007-10-15,0.0
2007-10-16,0.0
2007-10-17,3.1086244689504383e-15
2007-10-18,0.5112984605609676
2007-10-19,0.5843807175202729
2007-10-22,0.8223472887102461
2007-10-23,0.9415857676476345
2007-10-24,0.9651123823310024
2007-10-25,0.8898371646174548
2007-10-26,0.706726043531356
2007-10-29,0.28629968712589293
2007-10-30,-0.029575696367486692
2007-10-31,-0.24542975189120808
2007-11-01,-0.4354301598503514
2007-11-02,-0.4337772295099458
2007-11-05,-0.4323550239645817
2007-11-06,-0.2817571747573311
2007-11-07,-0.36614429615995814
2007-11-08,-0.6729108584674948
2007-11-09,-0.8784178863094272
2007-11-12,-0.9920893847118795
2007-11-13,0.0
2007-11-14,0.0
2007-11-15,0.0
2007-11-16,0.0
2007-11-19,0.0
2007-11-20,0.0
2007-11-21,0.0
2007-11-23,0.0
2007-11-26,0.0
2007-11-27,0.0
2007-11-28,0.0
2007-11-29,0.0
2007-11-30,0.04048709811582252
2007-12-03,0.15044043890572323
2007-12-04,0.2460614628212403
2007-12-05,0.540455746247186
2007-12-06,0.7936991509139661
2007-12-07,0.9076976309730631
2007-12-10,0.9680415422835007
2007-12-11,0.9904283350963676
2007-12-12,0.0
2007-12-13,0.0
2007-12-14,0.0
2007-12-17,0.0
2007-12-18,0.0
2007-12-19,0.0
2007-12-20,0.0
2007-12-21,0.0
2007-12-24,0.0
2007-12-26,0.0
2007-12-27,0.0
2007-12-28,5.773159728050814e-15
2007-12-31,-0.25350689538417726
2008-01-02,-0.6667019618927252
2008-01-03,-0.9018916142749269
2008-01-04,-0.9985041340875489
2008-01-07,0.0
2008-01-08,0.0
2008-01-09,0.0
2008-01-10,0.0
2008-01-11,0.0
2008-01-14,0.0
2008-01-15,0.0
2008-01-16,0.0
2008-01-17,0.0
2008-01-18,0.0
2008-01-22,0.0
2008-01-23,-1.9984014443252818e-15
2008-01-24,-0.027953951437989177
2008-01-25,-0.1454447592200847
2008-01-28,-0.27968320351248455
2008-01-29,-0.33455033592276395
2008-01-30,-0.40235458658308465
2008-01-31,-0.5065012064731533
2008-02-01,-0.44382739955405404
2008-02-04,-0.44218678041488735
2008-02-05,-0.5477127571721083
2008-02-06,-0.6413110580403911
2008-02-07,-0.7079490950480363
2008-02-08,-0.7464710294219241
2008-02-11,-0.7772911147076742
2008-02-12,-0.7731265507033296
2008-02-13,-0.7312601614338017
2008-02-14,-0.8384871186731226
2008-02-15,-0.9134492893905202
2008-02-19,-0.9592421827932163
2008-02-20,-0.9827478703200612
2008-02-21,-0.9939919502702705
2008-02-22,0.0
2008-02-25,0.0
2008-02-26,0.0
2008-02-27,0.0
2008-02-28,0.0
2008-02-29,0.0
2008-03-03,0.0
2008-03-04,0.0
2008-03-05,0.0
2008-03-06,0.0
2008-03-07,0.0
2008-03-10,-2.4424906541753444e-15
2008-03-11,-0.34436868402970955
2008-03-12,-0.664369851698343
2008-03-13,-0.7770003904829843
2008-03-14,-0.9137942748142647
2008-03-17,-0.9766332473075952
2008-03-18,-0.9905343493070213
2008-03-19,0.0
2008-03-20,0.0
2008-03-24,0.0
2008-03-25,0.0
2008-03-26,0.0
2008-03-27,0.0
2008-03-28,0.0
2008-03-31,0.0
2008-04-01,0.0
2008-04-02,0.0
2008-04-03,0.0
2008-04-04,-4.884981308350689e-15
2008-04-07,-0.08953050025722753
2008-04-08,-0.19669474433616285
2008-04-09,-0.21174224707913836
2008-04-10,-0.14483687318784355
2008-04-11,-0.356125679805414
2008-04-14,-0.625075489352168
2008-04-15,-0.7838876453333539
2008-04-16,-0.8361558222153129
2008-04-17,-0.8911325217964654
2008-04-18,-0.9112748410146121
2008-04-21,-0.8909317455250203
2008-04-22,-0.8883344168596294
2008-04-23,-0.8303488221597157
2008-04-24,-0.7961803367984883
2008-04-25,-0.7415784041645632
2008-04-28,-0.7153340727973245
2008-04-29,-0.6467524882017082
2008-04-30,-0.5293721260780935
2008-05-01,-0.2614539439031571
2008-05-02,0.1896513486881446
2008-05-05,0.5090699756381374
2008-05-06,0.7820648134121826
2008-05-07,0.9036891163662122
2008-05-08,0.9616567333750807
2008-05-09,0.9899320925819843
2008-05-12,0.9968078116993138
2008-05-13,0.0
2008-05-14,0.0
2008-05-15,0.0
2008-05-16,0.0
2008-05-19,0.0
2008-05-20,0.0
2008-05-21,0.0
2008-05-22,0.0
2008-05-23,0.0
2008-05-27,0.0
2008-05-28,0.0
2008-05-29,0.0
2008-05-30,0.3791162293823189
2008-06-02,0.6760847580059286
2008-06-03,0.7603489794642808
2008-06-04,0.8505142362924856
2008-06-05,0.9393534889553792
2008-06-06,0.9602138282566195
2008-06-09,0.9661727312230664
2008-06-10,0.9276757061980334
2008-06-11,0.7724846481791099
2008-06-12,0.5029250143051409
2008-06-13,0.12481145244391634
2008-06-16,-0.32278286696493974
2008-06-17,-0.725691917196551
2008-06-18,-0.941283966769143
2008-06-19,-0.9924147243885655
2008-06-20,0.0
2008-06-23,0.0
2008-06-24,0.0
2008-06-25,0.0
2008-06-26,0.0
2008-06-27,0.0
2008-06-30,0.0
2008-07-01,0.0
2008-07-02,0.0
2008-07-03,0.0
2008-07-07,0.0
2008-07-08,-1.1102230246251565e-15
2008-07-09,-0.3727828299701379
2008-07-10,-0.651985321960338
2008-07-11,-0.8295430803414252
2008-07-14,-0.9308792389628295
2008-07-15,-0.9742605542480458
2008-07-16,-0.9911167915875192
2008-07-17,0.0
2008-07-18,0.0
2008-07-21,0.0
2008-07-22,0.0
2008-07-23,0.0
2008-07-24,0.0
2008-07-25,0.0
2008-07-28,0.0
2008-07-29,0.0
2008-07-30,0.0
2008-07-31,0.0
2008-08-01,-2.8199664825478976e-14
2008-08-04,-0.6393817740785184
2008-08-05,-0.741904965038052
2008-08-06,-0.6989870601781396
2008-08-07,-0.7369189998459507
2008-08-08,-0.8640162042516553
2008-08-11,-0.8975046551301236
2008-08-12,-0.943923994307033
2008-08-13,-0.7478813776468822
2008-08-14,0.16393627533087307
2008-08-15,0.8566052886137079
2008-08-18,0.9959506963010367
2008-08-19,0.0
2008-08-20,0.0
2008-08-21,0.0
2008-08-22,0.0
2008-08-25,0.0
2008-08-26,0.0
2008-08-27,0.0
2008-08-28,0.0
2008-08-29,0.0
2008-09-02,0.0
2008-09-03,0.0
2008-09-04,-3.552713678800501e-15
2008-09-05,-0.3504803847688194
2008-09-08,-0.7002974136937996
2008-09-09,-0.9116387342857504
2008-09-10,-0.9800216513514133
2008-09-11,-0.9978764382973244
2008-09-12,0.0
2008-09-15,0.0
2008-09-16,0.0
2008-09-17,0.0
2008-09-18,0.0
2008-09-19,0.0
2008-09-22,0.0
2008-09-23,0.0
2008-09-24,0.0
2008-09-25,0.0
2008-09-26,0.0
2008-09-29,-1.9984014443252818e-15
2008-09-30,0.014160657222633377
2008-10-01,-0.05320216197005845
2008-10-02,-0.3804526349922921
2008-10-03,-0.679508414756226
2008-10-06,-0.9314652467781477
2008-10-07,-0.9946418433595461
2008-10-08,0.0
2008-10-09,0.0
2008-10-10,0.0
2008-10-13,0.0
2008-10-14,0.0
2008-10-15,0.0
2008-10-16,0.0
2008-10-17,0.0
2008-10-20,0.0
2008-10-21,0.0
2008-10-22,0.0
2008-10-23,-6.661338147750939e-16
2008-10-24,-0.31543961250311425
2008-10-27,-0.44170551390701895
2008-10-28,-0.1555223400656196
2008-10-29,0.23670788764714712
2008-10-30,0.6542748483753611
2008-10-31,0.892967280936654
2008-11-03,0.9638047937578544
2008-11-04,0.9949267880252282
2008-11-05,0.0
2008-11-06,0.0
2008-11-07,0.0
2008-11-10,0.0
2008-11-11,0.0
2008-11-12,0.0
2008-11-13,0.0
2008-11-14,0.0
2008-11-17,0.0
2008-11-18,0.0
2008-11-19,0.0
2008-11-20,1.3322676295501878e-15
2008-11-21,-0.2644356267673842
2008-11-24,-0.3977217495861327
2008-11-25,-0.4750860187123447
2008-11-26,-0.42761404473990816
2008-11-28,-0.4090115598979951
2008-12-01,-0.5077047511273172
2008-12-02,-0.5331298438576204
2008-12-03,-0.49793529508578893
2008-12-04,-0.543246889176876
2008-12-05,-0.543830114065174
2008-12-08,-0.5787875577701165
2008-12-09,-0.5151352393018447
2008-12-10,-0.3300391900877293
2008-12-11,-0.1946066470461303
2008-12-12,0.014198283897867592
2008-12-15,0.16726008243740154
2008-12-16,0.39559568315272897
2008-12-17,0.6359000125913077
2008-12-18,0.7312703120714104
2008-12-19,0.81002394586234
2008-12-22,0.8410764173697098
2008-12-23,0.8617487542071307
2008-12-24,0.8707388923224695
2008-12-26,0.8691034278114258
2008-12-29,0.8789081147046525
2008-12-30,0.8989312929057436
2008-12-31,0.9175058315409002
2009-01-02,0.9485744337921818
2009-01-05,0.9709931744244531
2009-01-06,0.9863763594514456
2009-01-07,0.9918883506243552
2009-01-08,0.0
2009-01-09,0.0
2009-01-12,0.0
2009-01-13,0.0
2009-01-14,0.0
2009-01-15,0.0
2009-01-16,0.0
2009-01-20,0.0
2009-01-21,0.0
2009-01-22,0.0
2009-01-23,0.0
2009-01-26,0.0
2009-01-27,0.46594561896820164
2009-01-28,0.8610226601382291
2009-01-29,0.9404542314162985
2009-01-30,0.9562601732318916
2009-02-02,0.985966045654697
2009-02-03,0.9967597766904859
2009-02-04,0.0
2009-02-05,0.0
2009-02-06,0.0
2009-02-09,0.0
2009-02-10,0.0
2009-02-11,0.0
2009-02-12,0.0
2009-02-13,0.0
2009-02-17,0.0
2009-02-18,0.0
2009-02-19,0.0
2009-02-20,-3.1086244689504383e-15
2009-02-23,-0.3340082331925831
2009-02-24,-0.46706378711093377
2009-02-25,-0.5616902454096895
2009-02-26,-0.5988969871533303
2009-02-27,-0.6293808200869493
2009-03-02,-0.7483922925559499
2009-03-03,-0.8071907186585423
2009-03-04,-0.8048484096051776
2009-03-05,-0.8204492838306143
2009-03-06,-0.8243009198017077
2009-03-09,-0.8350933479527678
2009-03-10,-0.7846283467355821
2009-03-11,-0.6996913554121273
2009-03-12,-0.5232922790844219
2009-03-13,-0.31928028013273235
2009-03-16,-0.16520110377020103
2009-03-17,0.07320700887512666
2009-03-18,0.34731885309441646
2009-03-19,0.5591301751564792
2009-03-20,0.6653550389049359
2009-03-23,0.8054411463665989
2009-03-24,0.8738533743503967
2009-03-25,0.926187576827292
2009-03-26,0.9694667259230398
2009-03-27,0.9878871345788001
2009-03-30,0.9933811028524968
2009-03-31,0.0
2009-04-01,0.0
2009-04-02,0.0
2009-04-03,0.0
2009-04-06,0.0
2009-04-07,0.0
2009-04-08,0.0
2009-04-09,0.0
2009-04-13,0.0
2009-04-14,0.0
2009-04-15,0.0
2009-04-16,-4.440892098500626e-16
2009-04-17,0.1920587094907853
2009-04-20,0.14708255854254038
2009-04-21,0.09581003623269524
2009-04-22,0.145004440279628
2009-04-23,0.1400110413312663
2009-04-24,0.2066494031052466
2009-04-27,0.16069520449317154
2009-04-28,0.12458424275842406
2009-04-29,0.04608022217921737
2009-04-30,0.12259471309346837
2009-05-01,0.24010949247158964
2009-05-04,0.4794724376368369
2009-05-05,0.5859424874044987
2009-05-06,0.6394320422265825
2009-05-07,0.5587886913293287
2009-05-08,0.1696588783314099
2009-05-11,-0.21451497227988003
2009-05-12,-0.6128359780517354
2009-05-13,-0.888968276544934
2009-05-14,-0.9766703345967793
2009-05-15,-0.995830814574487
2009-05-18,0.0
2009-05-19,0.0
2009-05-20,0.0
2009-05-21,0.0
2009-05-22,0.0
2009-05-26,0.0
2009-05-27,0.0
2009-05-28,0.0
2009-05-29,0.0
2009-06-01,0.0
2009-06-02,0.0
2009-06-03,-1.1102230246251565e-15
2009-06-04,0.28817741195883806
2009-06-05,0.5052369834809527
2009-06-08,0.6564118398172574
2009-06-09,0.8567797669294754
2009-06-10,0.965115147987563
2009-06-11,0.9920917019559108
2009-06-12,0.0
2009-06-15,0.0
2009-06-16,0.0
2009-06-17,0.0
2009-06-18,0.0
2009-06-19,0.0
2009-06-22,0.0
2009-06-23,0.0
2009-06-24,0.0
2009-06-25,0.0
2009-06-26,0.0
2009-06-29,-1.0658141036401503e-14
2009-06-30,0.08268762861544854
2009-07-01,0.18675887733083485
2009-07-02,0.04178576560856606
2009-07-06,-0.27838845271501356
2009-07-07,-0.7028000926793023
2009-07-08,-0.9065527635927646
2009-07-09,-0.9678746975588974
2009-07-10,-0.9895800539286683
2009-07-13,-0.996154433174691
2009-07-14,0.0
2009-07-15,0.0
2009-07-16,0.0
2009-07-17,0.0
2009-07-20,0.0
2009-07-21,0.0
2009-07-22,0.0
2009-07-23,0.0
2009-07-24,0.0
2009-07-27,0.0
2009-07-28,0.0
2009-07-29,-7.327471962526033e-15
2009-07-30,0.18129719178690284
2009-07-31,0.3538369954297993
2009-08-03,0.5710479138972238
2009-08-04,0.7421544002938427
2009-08-05,0.8562231891350827
2009-08-06,0.908763447774863
2009-08-07,0.9625332035920211
2009-08-10,0.979823881511314
2009-08-11,0.9863842722691556
2009-08-12,0.9938361167087157
2009-08-13,0.0
2009-08-14,0.0
2009-08-17,0.0
2009-08-18,0.0
2009-08-19,0.0
2009-08-20,0.0
2009-08-21,0.0
2009-08-24,0.0
2009-08-25,0.0
2009-08-26,0.0
2009-08-27,0.0
2009-08-28,-1.0658141036401503e-14
2009-08-31,0.38384105654596645
2009-09-01,0.5088482573381885
2009-09-02,0.6694787448155379
2009-09-03,0.844548285452462
2009-09-04,0.9659850226756741
2009-09-08,0.9972186477820264
2009-09-09,0.0
2009-09-10,0.0
2009-09-11,0.0
2009-09-14,0.0
2009-09-15,0.0
2009-09-16,0.0
2009-09-17,0.0
2009-09-18,0.0
2009-09-21,0.0
2009-09-22,0.0
2009-09-23,0.0
2009-09-24,-1.176836406102666e-14
2009-09-25,-0.3910484136469683
2009-09-28,-0.6003681890073964
2009-09-29,-0.794033443527479
2009-09-30,-0.8584096883061842
2009-10-01,-0.9630820126739508
2009-10-02,-0.9933152569877446
2009-10-05,0.0
2009-10-06,0.0
2009-10-07,0.0
2009-10-08,0.0
2009-10-09,0.0
2009-10-12,0.0
2009-10-13,0.0
2009-10-14,0.0
2009-10-15,0.0
2009-10-16,0.0
2009-10-19,0.0
2009-10-20,-1.509903313490213e-14
2009-10-21,-0.3680864966138446
2009-10-22,-0.5935803777804822
2009-10-23,-0.8604989255655702
2009-10-26,-0.9755008129707912
2009-10-27,-0.9992978815886779
2009-10-28,0.0
2009-10-29,0.0
2009-10-30,0.0
2009-11-02,0.0
2009-11-03,0.0
2009-11-04,0.0
2009-11-05,0.0
2009-11-06,0.0
2009-11-09,0.0
2009-11-10,0.0
2009-11-11,0.0
2009-11-12,-7.549516567451064e-15
2009-11-13,0.30527509091598626
2009-11-16,0.5955411901462571
2009-11-17,0.7841416408302018
2009-11-18,0.8756679698148455
2009-11-19,0.8947509676661154
2009-11-20,0.9052578434144058
2009-11-23,0.9207932722567476
2009-11-24,0.9296006820427958
2009-11-25,0.9440819137765288
2009-11-27,0.9450662167823318
2009-11-30,0.9559366319396934
2009-12-01,0.9711349568624408
2009-12-02,0.9865981160536235
2009-12-03,0.9946146071200519
2009-12-04,0.0
2009-12-07,0.0
2009-12-08,0.0
2009-12-09,0.0
2009-12-10,0.0
2009-12-11,0.0
2009-12-14,0.0
2009-12-15,0.0
2009-12-16,0.0
2009-12-17,0.0
2009-12-18,0.0
2009-12-21,-2.4424906541753444e-15
2009-12-22,0.4488245566254263
2009-12-23,0.7785268728984065
2009-12-24,0.9275127339787133
2009-12-28,0.9758099742767163
2009-12-29,0.9939595612238223
2009-12-30,0.0
2009-12-31,0.0
2010-01-04,0.0
2010-01-05,0.0
2010-01-06,0.0
2010-01-07,0.0
2010-01-08,0.0
2010-01-11,0.0
2010-01-12,0.0
2010-01-13,0.0
2010-01-14,0.0
2010-01-15,-9.992007221626409e-15
2010-01-19,-0.32346882579456415
2010-01-20,-0.5978880913275284
2010-01-21,-0.8309060357296469
2010-01-22,-0.9681018253242502
2010-01-25,-0.9940192261267469
2010-01-26,0.0
2010-01-27,0.0
2010-01-28,0.0
2010-01-29,0.0
2010-02-01,0.0
2010-02-02,0.0
2010-02-03,0.0
2010-02-04,0.0
2010-02-05,0.0
2010-02-08,0.0
2010-02-09,0.0
2010-02-10,-1.3322676295501878e-15
2010-02-11,0.43477082817043633
2010-02-12,0.7918746658629283
2010-02-16,0.9641725798277809
2010-02-17,0.9972193848962796
2010-02-18,0.0
2010-02-19,0.0
2010-02-22,0.0
2010-02-23,0.0
2010-02-24,0.0
2010-02-25,0.0
2010-02-26,0.0
2010-03-01,0.0
2010-03-02,0.0
2010-03-03,0.0
2010-03-04,0.0
2010-03-05,0.0
2010-03-08,0.2458331676720198
2010-03-09,0.7794687411239023
2010-03-10,0.9654639525876141
2010-03-11,0.990065398054895
2010-03-12,0.0
2010-03-15,0.0
2010-03-16,0.0
2010-03-17,0.0
2010-03-18,0.0
2010-03-19,0.0
2010-03-22,0.0
2010-03-23,0.0
2010-03-24,0.0
2010-03-25,0.0
2010-03-26,0.0
2010-03-29,-1.9317880628477724e-14
2010-03-30,0.10357461030793069
2010-03-31,0.030693268084237557
2010-04-01,-0.16432648869301514
2010-04-05,-0.16873619388091465
2010-04-06,-0.43737999904505687
2010-04-07,-0.5961715029237538
2010-04-08,-0.80619243169529
2010-04-09,-0.9022855382712547
2010-04-12,-0.9220211257815636
2010-04-13,-0.8903657695259819
2010-04-14,-0.8017960982295995
2010-04-15,-0.6296215197475661
2010-04-16,-0.7610871870575195
2010-04-19,-0.8672303332701128
2010-04-20,-0.9244616355508528
2010-04-21,-0.9801439005987269
2010-04-22,-0.9951581674916996
2010-04-23,0.0
2010-04-26,0.0
2010-04-27,0.0
2010-04-28,0.0
2010-04-29,0.0
2010-04-30,0.0
2010-05-03,0.0
2010-05-04,0.0
2010-05-05,0.0
2010-05-06,0.0
2010-05-07,0.0
2010-05-10,-1.1102230246251565e-15
2010-05-11,-0.22812672851250282
2010-05-12,-0.37094273918511367
2010-05-13,-0.49795861162687194
2010-05-14,-0.7978625889326652
2010-05-17,-0.9337733186309376
2010-05-18,-0.9864983484468552
2010-05-19,-0.9975120590675608
2010-05-20,0.0
2010-05-21,0.0
2010-05-24,0.0
2010-05-25,0.0
2010-05-26,0.0
2010-05-27,0.0
2010-05-28,0.0
2010-06-01,0.0
2010-06-02,0.0
2010-06-03,0.0
2010-06-04,0.0
2010-06-07,-5.551115123125783e-15
2010-06-08,-0.5732176600749244
2010-06-09,-0.9064492002700772
2010-06-10,-0.9768840723276822
2010-06-11,-0.9930490641926593
2010-06-14,0.0
2010-06-15,0.0
2010-06-16,0.0
2010-06-17,0.0
2010-06-18,0.0
2010-06-21,0.0
2010-06-22,0.0
2010-06-23,0.0
2010-06-24,0.0
2010-06-25,0.0
2010-06-28,0.0
2010-06-29,-8.215650382226158e-15
2010-06-30,-0.5074598504336669
2010-07-01,-0.7845519930435283
2010-07-02,-0.9307121288433917
2010-07-06,-0.9840374414848521
2010-07-07,-0.9940377850247064
2010-07-08,0.0
2010-07-09,0.0
2010-07-12,0.0
2010-07-13,0.0
2010-07-14,0.0
2010-07-15,0.0
2010-07-16,0.0
2010-07-19,0.0
2010-07-20,0.0
2010-07-21,0.0
2010-07-22,0.0
2010-07-23,-1.9984014443252818e-15
2010-07-26,0.015301964682607805
2010-07-27,-0.03973118130530362
2010-07-28,-0.3266211874553058
2010-07-29,-0.9054004877628192
2010-07-30,-0.994809532583028
2010-08-02,0.0
2010-08-03,0.0
2010-08-04,0.0
2010-08-05,0.0
2010-08-06,0.0
2010-08-09,0.0
2010-08-10,0.0
2010-08-11,0.0
2010-08-12,0.0
2010-08-13,0.0
2010-08-16,0.0
2010-08-17,-9.325873406851315e-15
2010-08-18,0.0674583154069075
2010-08-19,0.5681450815619715
2010-08-20,0.8756214796957531
2010-08-23,0.962875275656973
2010-08-24,0.9875784509970424
2010-08-25,0.9979985159283147
2010-08-26,0.0
2010-08-27,0.0
2010-08-30,0.0
2010-08-31,0.0
2010-09-01,0.0
2010-09-02,0.0
2010-09-03,0.0
2010-09-07,0.0
2010-09-08,0.0
2010-09-09,0.0
2010-09-10,0.0
2010-09-13,-6.661338147750939e-16
2010-09-14,0.34668629095950787
2010-09-15,0.6208494672028047
2010-09-16,0.8021879458483867
2010-09-17,0.9027328301855824
2010-09-20,0.9649754932136139
2010-09-21,0.9961135747788594
2010-09-22,0.0
2010-09-23,0.0
2010-09-24,0.0
2010-09-27,0.0
2010-09-28,0.0
2010-09-29,0.0
2010-09-30,0.0
2010-10-01,0.0
2010-10-04,0.0
2010-10-05,0.0
2010-10-06,0.0
2010-10-07,-1.1102230246251565e-14
2010-10-08,-0.29553502481089877
2010-10-11,-0.552070587933335
2010-10-12,-0.6827389513852733
2010-10-13,-0.7108609572819269
2010-10-14,-0.7730782081278049
2010-10-15,-0.8013060393106537
2010-10-18,-0.8150118210554478
2010-10-19,-0.8376740368321842
2010-10-20,-0.8574558128624967
2010-10-21,-0.8951931835572013
2010-10-22,-0.8564707538049325
2010-10-25,-0.7938403049921454
2010-10-26,-0.7247043044735624
2010-10-27,-0.6076718602619167
2010-10-28,-0.4680585185654591
2010-10-29,-0.32193224583169155
2010-11-01,-0.16235911587594032
2010-11-02,0.074310822281898
2010-11-03,0.3221557566102169
2010-11-04,0.5375336085411786
2010-11-05,0.7376076990375984
2010-11-08,0.8698037388734474
2010-11-09,0.9385397575840255
2010-11-10,0.9767599927410311
2010-11-11,0.9910428704908627
2010-11-12,0.0
2010-11-15,0.0
2010-11-16,0.0
2010-11-17,0.0
2010-11-18,0.0
2010-11-19,0.0
2010-11-22,0.0
2010-11-23,0.0
2010-11-24,0.0
2010-11-26,0.0
2010-11-29,0.0
2010-11-30,-1.3988810110276972e-14
2010-12-01,0.46062491390598725
2010-12-02,0.8096242062562045
2010-12-03,0.975787265561388
2010-12-06,0.9967641293660849
2010-12-07,0.0
2010-12-08,0.0
2010-12-09,0.0
2010-12-10,0.0
2010-12-13,0.0
2010-12-14,0.0
2010-12-15,0.0
2010-12-16,0.0
2010-12-17,0.0
2010-12-20,0.0
2010-12-21,0.0
2010-12-22,-7.105427357601002e-15
2010-12-23,0.1635557367605751
2010-12-27,0.35814780223112375
2010-12-28,0.4893128272324623
2010-12-29,0.598357378166309
2010-12-30,0.7051631912607981
2010-12-31,0.8786946324473115
2011-01-03,0.9800946523183596
2011-01-04,0.9975817274073648
2011-01-05,0.0
2011-01-06,0.0
2011-01-07,0.0
2011-01-10,0.0
2011-01-11,0.0
2011-01-12,0.0
2011-01-13,0.0
2011-01-14,0.0
2011-01-18,0.0
2011-01-19,0.0
2011-01-20,0.0
2011-01-21,8.881784197001252e-16
2011-01-24,0.3427073327644614
2011-01-25,0.5501075135218083
2011-01-26,0.7368491847574381
2011-01-27,0.8533665418883694
2011-01-28,0.9072328607591613
2011-01-31,0.9447855915859249
2011-02-01,0.9724635053123611
2011-02-02,0.9906437993572881
2011-02-03,0.0
2011-02-04,0.0
2011-02-07,0.0
2011-02-08,0.0
2011-02-09,0.0
2011-02-10,0.0
2011-02-11,0.0
2011-02-14,0.0
2011-02-15,0.0
2011-02-16,0.0
2011-02-17,0.0
2011-02-18,-3.774758283725532e-15
2011-02-22,-0.16587368790489476
2011-02-23,-0.4866982482715647
2011-02-24,-0.6576370700829681
2011-02-25,-0.7403688234097223
2011-02-28,-0.835538386793153
2011-03-01,-0.9345021640553628
2011-03-02,-0.9855582418440114
2011-03-03,-0.997283672507632
2011-03-04,0.0
2011-03-07,0.0
2011-03-08,0.0
2011-03-09,0.0
2011-03-10,0.0
2011-03-11,0.0
2011-03-14,0.0
2011-03-15,0.0
2011-03-16,0.0
2011-03-17,0.0
2011-03-18,0.0
2011-03-21,-5.329070518200751e-15
2011-03-22,-0.20841473631996466
2011-03-23,-0.32948091343666763
2011-03-24,-0.20244092020907667
2011-03-25,-0.18150549162840957
2011-03-28,-0.04663279085225702
2011-03-29,0.057305952345810374
2011-03-30,0.04092008614245479
2011-03-31,0.02694001511253763
2011-04-01,-0.025793296774267338
2011-04-04,-0.1711232171987489
2011-04-05,-0.3008262459409814
2011-04-06,-0.43200386216646836
2011-04-07,-0.4757032947433748
2011-04-08,-0.5728833082257503
2011-04-11,-0.6751071799053374
2011-04-12,-0.7539292096595811
2011-04-13,-0.7946775046039898
2011-04-14,-0.7889006385665245
2011-04-15,-0.771459409533058
2011-04-18,-0.7905208493618918
2011-04-19,-0.81156632004042
2011-04-20,-0.8035582506935341
2011-04-21,-0.7982583777083585
2011-04-25,-0.7775425810179835
2011-04-26,-0.7264910557769202
2011-04-27,-0.6697183886446827
2011-04-28,-0.5912494669031898
2011-04-29,-0.46144159900426485
2011-05-02,-0.3443654336302997
2011-05-03,-0.31631483092199253
2011-05-04,-0.3023527366690377
2011-05-05,-0.2876721025399982
2011-05-06,-0.20800291017202177
2011-05-09,-0.08425562151250143
2011-05-10,0.04189471263144995
2011-05-11,0.1732338436049501
2011-05-12,0.3546220920031322
2011-05-13,0.32598872942868873
2011-05-16,0.24617220098688763
2011-05-17,0.15867040460679416
2011-05-18,0.10979604938529519
2011-05-19,0.03688075592135953
2011-05-20,-0.005945333501552241
2011-05-23,-0.04983866605897269
2011-05-24,-0.08640773550962244
2011-05-25,-0.10228412078436788
2011-05-26,-0.0765311353454654
2011-05-27,0.009865977513453972
2011-05-31,0.14226326276923174
2011-06-01,0.19264440507982394
2011-06-02,0.23393268905061237
2011-06-03,0.22520754999805748
2011-06-06,0.18403745433607455
2011-06-07,0.1421606205335193
2011-06-08,0.059116540490535385
2011-06-09,-0.040182694331985847
2011-06-10,-0.15800044783867562
2011-06-13,-0.2801476107660845
2011-06-14,-0.3838085544013956
2011-06-15,-0.5034218201246672
2011-06-16,-0.6399326648096151
2011-06-17,-0.7643482515076043
2011-06-20,-0.859020536404322
2011-06-21,-0.9146888757938911
2011-06-22,-0.9531723644432748
2011-06-23,-0.9725672402912262
2011-06-24,-0.9863427086798784
2011-06-27,-0.9941481904644807
2011-06-28,0.0
2011-06-29,0.0
2011-06-30,0.0
2011-07-01,0.0
2011-07-05,0.0
2011-07-06,0.0
2011-07-07,0.0
2011-07-08,0.0
2011-07-11,0.0
2011-07-12,0.0
2011-07-13,0.0
2011-07-14,-8.881784197001252e-15
2011-07-15,-0.41910350492654125
2011-07-18,-0.7660789881855212
2011-07-19,-0.8937096958586492
2011-07-20,-0.9629375568874172
2011-07-21,-0.9771725643217382
2011-07-22,-0.9810803138071076
2011-07-25,-0.9876714919349752
2011-07-26,-0.9945411836343605
2011-07-27,0.0
2011-07-28,0.0
2011-07-29,0.0
2011-08-01,0.0
2011-08-02,0.0
2011-08-03,0.0
2011-08-04,0.0
2011-08-05,0.0
2011-08-08,0.0
2011-08-09,0.0
2011-08-10,0.0
2011-08-11,-1.3322676295501878e-15
2011-08-12,-0.16081016589040886
2011-08-15,-0.19133944786467194
2011-08-16,-0.3038755835606197
2011-08-17,-0.438742505152923
2011-08-18,-0.6828688084605621
2011-08-19,-0.8537531399305682
2011-08-22,-0.9323426571012803
2011-08-23,-0.9364911074202014
2011-08-24,-0.9464979150795774
2011-08-25,-0.9675995541030464
2011-08-26,-0.973181030308595
2011-08-29,-0.9725768792260199
2011-08-30,-0.9664340075138593
2011-08-31,-0.966956861443208
2011-09-01,-0.9680449585722235
2011-09-02,-0.9746479008467928
2011-09-06,-0.9767689927975665
2011-09-07,-0.9625275850446005
2011-09-08,-0.9442021554757811
2011-09-09,-0.9298252645552392
2011-09-12,-0.9004805622348582
2011-09-13,-0.8462574754500838
2011-09-14,-0.7145734478196122
2011-09-15,-0.5026004637277257
2011-09-16,-0.2413481092749461
2011-09-19,-0.003920901075239236
2011-09-20,0.17299479360606362
2011-09-21,0.3005248841214223
2011-09-22,0.29525622026908693
2011-09-23,0.3263797146971732
2011-09-26,0.3600094264431233
2011-09-27,0.3946066990607411
2011-09-28,0.3782474228783175
2011-09-29,0.3220865281195877
2011-09-30,0.1918123642517109
2011-10-03,-0.03272896533052427
2011-10-04,-0.11282945769167374
2011-10-05,-0.1324171414544204
2011-10-06,-0.08496744554713298
2011-10-07,-0.005445911778374057
2011-10-10,0.15034453686825122
2011-10-11,0.27930049840909055
2011-10-12,0.39756652930584035
2011-10-13,0.5823845054052117
2011-10-14,0.7433437985479723
2011-10-17,0.8184730919265464
2011-10-18,0.8935616293545949
2011-10-19,0.9346234170952619
2011-10-20,0.9496081193927712
2011-10-21,0.9623788289993149
2011-10-24,0.9772046027903285
2011-10-25,0.9831849405835913
2011-10-26,0.9884947951720258
2011-10-27,0.9940308599637804
2011-10-28,0.0
2011-10-31,0.0
2011-11-01,0.0
2011-11-02,0.0
2011-11-03,0.0
2011-11-04,0.0
2011-11-07,0.0
2011-11-08,0.0
2011-11-09,0.0
2011-11-10,0.0
2011-11-11,0.0
2011-11-14,-1.3100631690576847e-14
2011-11-15,0.0989845367489619
2011-11-16,0.05514080113966546
2011-11-17,-0.21109742457189706
2011-11-18,-0.48578897874609206
2011-11-21,-0.4862592048603578
2011-11-22,-0.3318258717285345
2011-11-23,-0.40322872320764236
2011-11-25,-0.5848692694399156
2011-11-28,-0.5288486850584553
2011-11-29,-0.44803906634727975
2011-11-30,-0.1236499953571073
2011-12-01,0.27167145540902204
2011-12-02,0.5689338561900814
2011-12-05,0.7331370756251165
2011-12-06,0.8169493142089408
2011-12-07,0.8686378579567842
2011-12-08,0.8639704566567568
2011-12-09,0.8801322664368669
2011-12-12,0.8602901306223703
2011-12-13,0.7890206859617228
2011-12-14,0.5926071204738168
2011-12-15,0.29243435270177054
2011-12-16,-0.0375140301448349
2011-12-19,-0.43902259818507394
2011-12-20,-0.6004619406728087
2011-12-21,-0.7534624033077448
2011-12-22,-0.7945514421045612
2011-12-23,-0.8438476224826321
2011-12-27,-0.8910849029336048
2011-12-28,-0.9423960358438219
2011-12-29,-0.9645588666693246
2011-12-30,-0.9806498121303535
2012-01-03,-0.9879977998158744
2012-01-04,-0.9915056917423002
2012-01-05,0.0
2012-01-06,0.0
2012-01-09,0.0
2012-01-10,0.0
2012-01-11,0.0
2012-01-12,0.0
2012-01-13,0.0
2012-01-17,0.0
2012-01-18,0.0
2012-01-19,0.0
2012-01-20,0.0
2012-01-23,-5.995204332975845e-15
2012-01-24,0.40002210508936065
2012-01-25,0.6553569848345573
2012-01-26,0.7846740997550592
2012-01-27,0.9014538820525084
2012-01-30,0.9509902133817487
2012-01-31,0.9755076003492069
2012-02-01,0.9911254994943239
2012-02-02,0.0
2012-02-03,0.0
2012-02-06,0.0
2012-02-07,0.0
2012-02-08,0.0
2012-02-09,0.0
2012-02-10,0.0
2012-02-13,0.0
2012-02-14,0.0
2012-02-15,0.0
2012-02-16,0.0
2012-02-17,-1.1324274851176597e-14
2012-02-21,-0.0592868378806346
2012-02-22,-0.19112967507973688
2012-02-23,-0.2512062852725423
2012-02-24,-0.3789885770356669
2012-02-27,-0.6417270392609062
2012-02-28,-0.8472909301826153
2012-02-29,-0.9599500889630446
2012-03-01,-0.9898562497524519
2012-03-02,-0.997019637562544
2012-03-05,0.0
2012-03-06,0.0
2012-03-07,0.0
2012-03-08,0.0
2012-03-09,0.0
2012-03-12,0.0
2012-03-13,0.0
2012-03-14,0.0
2012-03-15,0.0
2012-03-16,0.0
2012-03-19,0.0
2012-03-20,-1.9761969838327786e-14
2012-03-21,-0.2695396671699193
2012-03-22,-0.5133024226899101
2012-03-23,-0.607590721410346
2012-03-26,-0.549249448065664
2012-03-27,-0.3944658349026371
2012-03-28,0.14382086949649087
2012-03-29,0.6508919146448371
2012-03-30,0.9396372959506816
2012-04-02,0.99274208350953
2012-04-03,0.0
2012-04-04,0.0
2012-04-05,0.0
2012-04-09,0.0
2012-04-10,0.0
2012-04-11,0.0
2012-04-12,0.0
2012-04-13,0.0
2012-04-16,0.0
2012-04-17,0.0
2012-04-18,0.0
2012-04-19,-1.2434497875801753e-14
2012-04-20,-0.46883047961137736
2012-04-23,-0.8105524374499202
2012-04-24,-0.9731170287960909
2012-04-25,-0.9962480919526002
2012-04-26,0.0
2012-04-27,0.0
2012-04-30,0.0
2012-05-01,0.0
2012-05-02,0.0
2012-05-03,0.0
2012-05-04,0.0
2012-05-07,0.0
2012-05-08,0.0
2012-05-09,0.0
2012-05-10,0.0
2012-05-11,-3.3306690738754696e-15
2012-05-14,0.23828780818307416
2012-05-15,0.3701712767486054
2012-05-16,0.34803675880271
2012-05-17,0.27834975279561514
2012-05-18,-0.1113616899428056
2012-05-21,-0.35599909460380474
2012-05-22,-0.6149228777006817
2012-05-23,-0.7094867527995876
2012-05-24,-0.8527106324945439
2012-05-25,-0.8993305303494976
2012-05-29,-0.8968162227540046
2012-05-30,-0.9125755292909112
2012-05-31,-0.9383363486408904
2012-06-01,-0.977565726538602
2012-06-04,-0.9952601161465258
2012-06-05,0.0
2012-06-06,0.0
2012-06-07,0.0
2012-06-08,0.0
2012-06-11,0.0
2012-06-12,0.0
2012-06-13,0.0
2012-06-14,0.0
2012-06-15,0.0
2012-06-18,0.0
2012-06-19,0.0
2012-06-20,-1.1102230246251565e-15
2012-06-21,0.20151838175804548
2012-06-22,0.4394499603858537
2012-06-25,0.4934079475897588
2012-06-26,0.5851211540807908
2012-06-27,0.7569326042010958
2012-06-28,0.8788138085927191
2012-06-29,0.9716727329856458
2012-07-02,0.9914625870705911
2012-07-03,0.0
2012-07-05,0.0
2012-07-06,0.0
2012-07-09,0.0
2012-07-10,0.0
2012-07-11,0.0
2012-07-12,0.0
2012-07-13,0.0
2012-07-16,0.0
2012-07-17,0.0
2012-07-18,0.0
2012-07-19,-1.1102230246251565e-15
2012-07-20,-0.07446174526763927
2012-07-23,-0.06921612114848052
2012-07-24,-0.12319479184527005
2012-07-25,-0.07223285564376725
2012-07-26,-0.00032621016135481185
2012-07-27,0.19302756475245508
2012-07-30,0.314804690639614
2012-07-31,0.4874232107363088
2012-08-01,0.5908069327710836
2012-08-02,0.6876018791740783
2012-08-03,0.8088636115316779
2012-08-06,0.9134187614832578
2012-08-07,0.9693673262829652
2012-08-08,0.9913447985942121
2012-08-09,0.0
2012-08-10,0.0
2012-08-13,0.0
2012-08-14,0.0
2012-08-15,0.0
2012-08-16,0.0
2012-08-17,0.0
2012-08-20,0.0
2012-08-21,0.0
2012-08-22,0.0
2012-08-23,0.0
2012-08-24,-4.263256414560601e-14
2012-08-27,-0.4333024904679752
2012-08-28,-0.7799769465188788
2012-08-29,-0.9244836440213131
2012-08-30,-0.9950355248723421
2012-08-31,0.0
2012-09-04,0.0
2012-09-05,0.0
2012-09-06,0.0
2012-09-07,0.0
2012-09-10,0.0
2012-09-11,0.0
2012-09-12,0.0
2012-09-13,0.0
2012-09-14,0.0
2012-09-17,0.0
2012-09-18,-4.6629367034256575e-15
2012-09-19,0.14985777274848733
2012-09-20,0.1976700847009909
2012-09-21,0.2914213451928138
2012-09-24,0.3680473211848623
2012-09-25,0.2511139407689871
2012-09-26,-0.04801876803566252
2012-09-27,-0.25280706359198124
2012-09-28,-0.3928223798963646
2012-10-01,-0.6325315357652652
2012-10-02,-0.7795933314576642
2012-10-03,-0.9013192127581016
2012-10-04,-0.8802153988813823
2012-10-05,-0.917635613107119
2012-10-08,-0.9566887856270085
2012-10-09,-0.9883879529547817
2012-10-10,-0.9985590067973842
2012-10-11,0.0
2012-10-12,0.0
2012-10-15,0.0
2012-10-16,0.0
2012-10-17,0.0
2012-10-18,0.0
2012-10-19,0.0
2012-10-22,0.0
2012-10-23,0.0
2012-10-24,0.0
2012-10-25,0.0
2012-10-26,-5.329070518200751e-15
2012-10-31,-0.2726244476080497
2012-11-01,-0.24082553097227466
2012-11-02,-0.23958853635773192
2012-11-05,0.011160734520617055
2012-11-06,0.24173963694095946
2012-11-07,0.28034086222973964
2012-11-08,0.3444578036911592
2012-11-09,0.21000833180419853
2012-11-12,-0.03651888022062999
2012-11-13,-0.3030244440157521
2012-11-14,-0.6118331963202808
2012-11-15,-0.8037313566137894
2012-11-16,-0.9289721070119978
2012-11-19,-0.96832064064635
2012-11-20,-0.9889809765971398
2012-11-21,-0.994424966360997
2012-11-23,0.0
2012-11-26,0.0
2012-11-27,0.0
2012-11-28,0.0
2012-11-29,0.0
2012-11-30,0.0
2012-12-03,0.0
2012-12-04,0.0
2012-12-05,0.0
2012-12-06,0.0
2012-12-07,0.0
2012-12-10,-1.687538997430238e-14
2012-12-11,0.6911179137072812
2012-12-12,0.9199017284575568
2012-12-13,0.9857116136890041
2012-12-14,0.9986174300591111
2012-12-17,0.0
2012-12-18,0.0
2012-12-19,0.0
2012-12-20,0.0
2012-12-21,0.0
2012-12-24,0.0
2012-12-26,0.0
2012-12-27,0.0
2012-12-28,0.0
2012-12-31,0.0
2013-01-02,0.0
2013-01-03,4.884981308350689e-15
2013-01-04,0.6128639522273622
2013-01-07,0.7793677143953137
2013-01-08,0.7875945609573018
2013-01-09,0.6651803952383526
2013-01-10,0.5291442789373513
2013-01-11,0.36288358929662645
2013-01-14,0.17899062298284596
2013-01-15,-0.1745405030988374
2013-01-16,-0.4116251802072668
2013-01-17,-0.5153306230122909
2013-01-18,-0.6436600376684778
2013-01-22,-0.7659945863611313
2013-01-23,-0.8472875174874228
2013-01-24,-0.892575752391539
2013-01-25,-0.8902507166546123
2013-01-28,-0.845911007414506
2013-01-29,-0.860017984919554
2013-01-30,-0.8767026872966648
2013-01-31,-0.9013574445010628
2013-02-01,-0.9059044315389939
2013-02-04,-0.9364949569325716
2013-02-05,-0.931722134503179
2013-02-06,-0.9378995326312838
2013-02-07,-0.9480350124222605
2013-02-08,-0.9502709314943547
2013-02-11,-0.9401886397271975
2013-02-12,-0.9371455622258429
2013-02-13,-0.9399455396601215
2013-02-14,-0.9022246274990138
2013-02-15,-0.8492067615404204
2013-02-19,-0.8184129833305289
2013-02-20,-0.8247724898780011
2013-02-21,-0.8482610140634872
2013-02-22,-0.8268503410784525
2013-02-25,-0.8479143573520824
2013-02-26,-0.8412603052597569
2013-02-27,-0.7862162187480954
2013-02-28,-0.7032700028953303
2013-03-01,-0.5861445051442444
2013-03-04,-0.468427504012046
2013-03-05,-0.27636865236739405
2013-03-06,-0.07384344862652603
2013-03-07,0.1158750475067154
2013-03-08,0.32184197992591757
2013-03-11,0.4580737801645902
2013-03-12,0.5903300184166573
2013-03-13,0.6995360073142929
2013-03-14,0.7881831340859398
2013-03-15,0.8374777819398536
2013-03-18,0.8643902667449459
2013-03-19,0.8770449500690014
2013-03-20,0.9058730757561662
2013-03-21,0.9099283308336581
2013-03-22,0.9195581787859688
2013-03-25,0.9221163994539028
2013-03-26,0.9321083667123373
2013-03-27,0.9507692669058923
2013-03-28,0.9721720906950859
2013-04-01,0.9729934207331272
2013-04-02,0.9689179567751558
2013-04-03,0.9570946721960183
2013-04-04,0.9495570834771156
2013-04-05,0.9539469020581446
2013-04-08,0.9564226064594223
2013-04-09,0.9677193108761812
2013-04-10,0.981791093391928
2013-04-11,0.989212337141324
2013-04-12,0.996172233629657
2013-04-15,0.0
2013-04-16,0.0
2013-04-17,0.0
2013-04-18,0.0
2013-04-19,0.0
2013-04-22,0.0
2013-04-23,0.0
2013-04-24,0.0
2013-04-25,0.0
2013-04-26,0.0
2013-04-29,0.0
2013-04-30,-3.774758283725532e-15
2013-05-01,0.2943167233650492
2013-05-02,0.5918975343230102
2013-05-03,0.8004363945695911
2013-05-06,0.9084107984783261
2013-05-07,0.9508116909228186
2013-05-08,0.9821853778274727
2013-05-09,0.9941716230537063
2013-05-10,0.0
2013-05-13,0.0
2013-05-14,0.0
2013-05-15,0.0
2013-05-16,0.0
2013-05-17,0.0
2013-05-20,0.0
2013-05-21,0.0
2013-05-22,0.0
2013-05-23,0.0
2013-05-24,0.0
2013-05-28,-2.6645352591003757e-15
2013-05-29,-0.1342234829742699
2013-05-30,-0.061403087779213994
2013-05-31,-0.15369485418929107
2013-06-03,-0.25693550423149514
2013-06-04,-0.3329353673502926
2013-06-05,-0.6238091462713169
2013-06-06,-0.7754961862732215
2013-06-07,-0.8095364375578487
2013-06-10,-0.8416509152845872
2013-06-11,-0.9265579816384195
2013-06-12,-0.97715919168777
2013-06-13,-0.9845877407411927
2013-06-14,-0.9902236876744104
2013-06-17,0.0
2013-06-18,0.0
2013-06-19,0.0
2013-06-20,0.0
2013-06-21,0.0
2013-06-24,0.0
2013-06-25,0.0
2013-06-26,0.0
2013-06-27,0.0
2013-06-28,0.0
2013-07-01,0.0
2013-07-02,2.220446049250313e-15
2013-07-03,-0.1306803278917168
2013-07-05,-0.15655638863523302
2013-07-08,-0.2372996126526714
2013-07-09,-0.2576823054805917
2013-07-10,-0.13253822055825992
2013-07-11,0.14077972960799112
2013-07-12,0.3916638456944108
2013-07-15,0.5782579144042956
2013-07-16,0.7505360495629989
2013-07-17,0.8429192499285336
2013-07-18,0.8939887943716573
2013-07-19,0.8794815185811138
2013-07-22,0.8621764323522376
2013-07-23,0.8392670699396829
2013-07-24,0.814781210027955
2013-07-25,0.8025361213013285
2013-07-26,0.7733827431034359
2013-07-29,0.7330898457967612
2013-07-30,0.7660187253230357
2013-07-31,0.8027619656935081
2013-08-01,0.8733928791684877
2013-08-02,0.934630270111422
2013-08-05,0.9719940537552996
2013-08-06,0.9832890380785344
2013-08-07,0.9900398044417216
2013-08-08,0.0
2013-08-09,0.0
2013-08-12,0.0
2013-08-13,0.0
2013-08-14,0.0
2013-08-15,0.0
2013-08-16,0.0
2013-08-19,0.0
2013-08-20,0.0
2013-08-21,0.0
2013-08-22,0.0
2013-08-23,-1.1324274851176597e-14
2013-08-26,0.15618619800320066
2013-08-27,0.1605105595583658
2013-08-28,0.1647271747228667
2013-08-29,0.14837829592678342
2013-08-30,0.11976924036557723
2013-09-03,0.09926684591036472
2013-09-04,0.16816168525718522
2013-09-05,0.2561809606862928
2013-09-06,0.30360613219953514
2013-09-09,0.47574569086043006
2013-09-10,0.7310766497653571
2013-09-11,0.9181405272943874
2013-09-12,0.9808352711237622
2013-09-13,0.9972132390971733
2013-09-16,0.0
2013-09-17,0.0
2013-09-18,0.0
2013-09-19,0.0
2013-09-20,0.0
2013-09-23,0.0
2013-09-24,0.0
2013-09-25,0.0
2013-09-26,0.0
2013-09-27,0.0
2013-09-30,0.0
2013-10-01,-4.463096558993129e-14
2013-10-02,-0.28682423669480794
2013-10-03,-0.6828470299775291
2013-10-04,-0.7777221673005039
2013-10-07,-0.8466380991656588
2013-10-08,-0.9340874303592535
2013-10-09,-0.9910624954203102
2013-10-10,0.0
2013-10-11,0.0
2013-10-14,0.0
2013-10-15,0.0
2013-10-16,0.0
2013-10-17,0.0
2013-10-18,0.0
2013-10-21,0.0
2013-10-22,0.0
2013-10-23,0.0
2013-10-24,0.0
2013-10-25,-3.175237850427948e-14
2013-10-28,-0.3319225983658707
2013-10-29,-0.5765353899488843
2013-10-30,-0.7539220391909622
2013-10-31,-0.8749412220824002
2013-11-01,-0.9287926207804076
2013-11-04,-0.9896573459270606
2013-11-05,-0.99905787146314
2013-11-06,0.0
2013-11-07,0.0
2013-11-08,0.0
2013-11-11,0.0
2013-11-12,0.0
2013-11-13,0.0
2013-11-14,0.0
2013-11-15,0.0
2013-11-18,0.0
2013-11-19,0.0
2013-11-20,0.0
2013-11-21,-4.440892098500626e-15
2013-11-22,-0.13920934599574575
2013-11-25,-0.128662668021311
2013-11-26,-0.06590307418481212
2013-11-27,0.016997558292995985
2013-11-29,0.056289420108261545
2013-12-02,0.14889536311043416
2013-12-03,0.23127354653459076
2013-12-04,0.37819328684958364
2013-12-05,0.43124533220612316
2013-12-06,0.4145003388398125
2013-12-09,0.3211427221373899
2013-12-10,0.33356222392888024
2013-12-11,0.30174391661221955
2013-12-12,0.18093332021330788
2013-12-13,0.03296780966393209
2013-12-16,-0.10478524682777235
2013-12-17,-0.2149735929364689
2013-12-18,-0.2605773739160586
2013-12-19,-0.28793430438206125
2013-12-20,-0.23209646891867708
2013-12-23,-0.1524402722744358
2013-12-24,-0.06278818008540288
2013-12-26,-0.015335941530927322
2013-12-27,0.05467922516948498
2013-12-30,0.17638586994635364
2013-12-31,0.3029641959267273
2014-01-02,0.38317942365984514
2014-01-03,0.4167979794822092
2014-01-06,0.49164955860672244
2014-01-07,0.6055364936793426
2014-01-08,0.7305349382055639
2014-01-09,0.7571309415473331
2014-01-10,0.7791106354141468
2014-01-13,0.7582101774799395
2014-01-14,0.7915741825097145
2014-01-15,0.8362468061668649
2014-01-16,0.8761564155569961
2014-01-17,0.9036006188791301
2014-01-21,0.9282616970002322
2014-01-22,0.9465090488096091
2014-01-23,0.958882953057898
2014-01-24,0.9587000793555123
2014-01-27,0.9557758603928492
2014-01-28,0.9570399767862054
2014-01-29,0.9541236291970159
2014-01-30,0.9584226031091798
2014-01-31,0.9618437296801619
2014-02-03,0.9600305598325636
2014-02-04,0.9604494044416547
2014-02-05,0.9573726979116701
2014-02-06,0.9593604167741356
2014-02-07,0.9663488584089737
2014-02-10,0.9730731495814324
2014-02-11,0.982723714799981
2014-02-12,0.9928116904801481
2014-02-13,0.0
2014-02-14,0.0
2014-02-18,0.0
2014-02-19,0.0
2014-02-20,0.0
2014-02-21,0.0
2014-02-24,0.0
2014-02-25,0.0
2014-02-26,0.0
2014-02-27,0.0
2014-02-28,0.0
2014-03-03,-9.103828801926284e-15
2014-03-04,0.08085619453896076
2014-03-05,0.22527839578260145
2014-03-06,0.24823844234672743
2014-03-07,0.26179939576681255
2014-03-10,0.16843383655664512
2014-03-11,0.14923103665868975
2014-03-12,0.1501766384528418
2014-03-13,-0.06699117112680697
2014-03-14,-0.24130653796284474
2014-03-17,-0.3970201183470967
2014-03-18,-0.4096712589411933
2014-03-19,-0.32385472892068123
2014-03-20,-0.23427157348765215
2014-03-21,-0.15498384137023713
2014-03-24,-0.1062934732489691
2014-03-25,-0.05902571266836376
2014-03-26,-0.14423828724932108
2014-03-27,-0.29508995014235717
2014-03-28,-0.40210694255542756
2014-03-31,-0.49576096550459003
2014-04-01,-0.40475346615656793
2014-04-02,-0.341833738126895
2014-04-03,-0.22413665787086523
2014-04-04,-0.26329242952666054
2014-04-07,-0.28524794392273933
2014-04-08,-0.1355470044150271
2014-04-09,0.009728561773204358
2014-04-10,0.029055066936775065
2014-04-11,-0.020693756561709353
2014-04-14,-0.0171066023043136
2014-04-15,0.0198942607765622
2014-04-16,0.06616570359323459
2014-04-17,0.1286250241389162
2014-04-21,0.2250675661552417
2014-04-22,0.3521425652318486
2014-04-23,0.5105976467855811
2014-04-24,0.6691741246203335
2014-04-25,0.7239871740771371
2014-04-28,0.7621013028546764
2014-04-29,0.7999066357637674
2014-04-30,0.8119953070905215
2014-05-01,0.8324143112459499
2014-05-02,0.8392260686778488
2014-05-05,0.8614617885602989
2014-05-06,0.8535436648587638
2014-05-07,0.84706713378086
2014-05-08,0.8585055512987796
2014-05-09,0.8347483577178898
2014-05-12,0.8529924349656139
2014-05-13,0.8476058221855451
2014-05-14,0.8275702834815679
2014-05-15,0.7967726698812934
2014-05-16,0.7585545190845209
2014-05-19,0.7787331407054219
2014-05-20,0.7769114306432559
2014-05-21,0.7751319720298948
2014-05-22,0.7811670545553246
2014-05-23,0.8024825157640503
2014-05-27,0.8473498853968762
2014-05-28,0.8926066350236526
2014-05-29,0.9249132426301265
2014-05-30,0.9500024944855581
2014-06-02,0.966243348895574
2014-06-03,0.9764479880248336
2014-06-04,0.9839971439981536
2014-06-05,0.9898550750259987
2014-06-06,0.9939975684974467
2014-06-09,0.0
2014-06-10,0.0
2014-06-11,0.0
2014-06-12,0.0
2014-06-13,0.0
2014-06-16,0.0
2014-06-17,0.0
2014-06-18,0.0
2014-06-19,0.0
2014-06-20,0.0
2014-06-23,0.0
2014-06-24,-1.554312234475219e-14
2014-06-25,-0.33779150869932595
2014-06-26,-0.6907842358806939
2014-06-27,-0.8775467666649135
2014-06-30,-0.9470238247284166
2014-07-01,-0.9700289594043083
2014-07-02,-0.9852062366363479
2014-07-03,-0.9903911794726017
2014-07-07,0.0
2014-07-08,0.0
2014-07-09,0.0
2014-07-10,0.0
2014-07-11,0.0
2014-07-14,0.0
2014-07-15,0.0
2014-07-16,0.0
2014-07-17,0.0
2014-07-18,0.0
2014-07-21,0.0
2014-07-22,-7.327471962526033e-15
2014-07-23,-0.4803842744120652
2014-07-24,-0.7772292315872851
2014-07-25,-0.9524372030365889
2014-07-28,-0.993928487218422
2014-07-29,0.0
2014-07-30,0.0
2014-07-31,0.0
2014-08-01,0.0
2014-08-04,0.0
2014-08-05,0.0
2014-08-06,0.0
2014-08-07,0.0
2014-08-08,0.0
2014-08-11,0.0
2014-08-12,0.0
2014-08-13,-9.103828801926284e-15
2014-08-14,0.2349305046080088
2014-08-15,0.5006287722808223
2014-08-18,0.7420095420632342
2014-08-19,0.894558592879745
2014-08-20,0.9579947504338482
2014-08-21,0.9817139607522347
2014-08-22,0.9924998177258857
2014-08-25,0.0
2014-08-26,0.0
2014-08-27,0.0
2014-08-28,0.0
2014-08-29,0.0
2014-09-02,0.0
2014-09-03,0.0
2014-09-04,0.0
2014-09-05,0.0
2014-09-08,0.0
2014-09-09,0.0
2014-09-10,-7.771561172376096e-15
2014-09-11,-0.12257698289387187
2014-09-12,-0.43800542511148777
2014-09-15,-0.7781585096397268
2014-09-16,-0.8831232493341672
2014-09-17,-0.940708299427442
2014-09-18,-0.9473984638479607
2014-09-19,-0.9779864411385777
2014-09-22,-0.9945724940742842
2014-09-23,0.0
2014-09-24,0.0
2014-09-25,0.0
2014-09-26,0.0
2014-09-29,0.0
2014-09-30,0.0
2014-10-01,0.0
2014-10-02,0.0
2014-10-03,0.0
2014-10-06,0.0
2014-10-07,0.0
2014-10-08,-5.551115123125783e-15
2014-10-09,-0.36324066843590197
2014-10-10,-0.942732607774942
2014-10-13,-0.9989915537290321
2014-10-14,0.0
2014-10-15,0.0
2014-10-16,0.0
2014-10-17,0.0
2014-10-20,0.0
2014-10-21,0.0
2014-10-22,0.0
2014-10-23,0.0
2014-10-24,0.0
2014-10-27,0.0
2014-10-28,0.0
2014-10-29,-9.769962616701378e-15
2014-10-30,0.2413424867126348
2014-10-31,0.6675289636129853
2014-11-03,0.9160027818588594
2014-11-04,0.98914955751672
2014-11-05,0.9990988860758747
2014-11-06,0.0
2014-11-07,0.0
2014-11-10,0.0
2014-11-11,0.0
2014-11-12,0.0
2014-11-13,0.0
2014-11-14,0.0
2014-11-17,0.0
2014-11-18,0.0
2014-11-19,0.0
2014-11-20,0.0
2014-11-21,-1.7763568394002505e-15
2014-11-24,0.4545573193768233
2014-11-25,0.7526202781200277
2014-11-26,0.9498825665824184
2014-11-28,0.9940613071407856
2014-12-01,0.0
2014-12-02,0.0
2014-12-03,0.0
2014-12-04,0.0
2014-12-05,0.0
2014-12-08,0.0
2014-12-09,0.0
2014-12-10,0.0
2014-12-11,0.0
2014-12-12,0.0
2014-12-15,0.0
2014-12-16,-3.552713678800501e-15
2014-12-17,-0.09926739146488717
2014-12-18,-0.16259826824364998
2014-12-19,-0.15494141022144725
2014-12-22,-0.030629854629393938
2014-12-23,0.045608660100410425
2014-12-24,0.09261712552359724
2014-12-26,0.14278774326364885
2014-12-29,0.18138562345783305
2014-12-30,0.16495928322858733
2014-12-31,0.06057929642146087
2015-01-02,-0.018255013518173602
2015-01-05,-0.1832716863900674
2015-01-06,-0.47107223693708944
2015-01-07,-0.6961931688343415
2015-01-08,-0.7637047882897741
2015-01-09,-0.8098516476199147
2015-01-12,-0.8685381646070056
2015-01-13,-0.9126074024948576
2015-01-14,-0.9399605399598989
2015-01-15,-0.9631534544367926
2015-01-16,-0.9711430580678004
2015-01-20,-0.9764289106243786
2015-01-21,-0.9763638894776241
2015-01-22,-0.9697224414624452
2015-01-23,-0.9602864220618943
2015-01-26,-0.9516535258725687
2015-01-27,-0.9688554934537446
2015-01-28,-0.9842714313083112
2015-01-29,-0.9891739674629034
2015-01-30,-0.9952836983638593
2015-02-02,0.0
2015-02-03,0.0
2015-02-04,0.0
2015-02-05,0.0
2015-02-06,0.0
2015-02-09,0.0
2015-02-10,0.0
2015-02-11,0.0
2015-02-12,0.0
2015-02-13,0.0
2015-02-17,0.0
2015-02-18,2.6645352591003757e-15
2015-02-19,0.2559021214222841
2015-02-20,0.49832544643174526
2015-02-23,0.6567709588168449
2015-02-24,0.794450874570162
2015-02-25,0.8726233166102058
2015-02-26,0.925550320018321
2015-02-27,0.9543090130340435
2015-03-02,0.9798819349449974
2015-03-03,0.9890280532220002
2015-03-04,0.9950106484170269
2015-03-05,0.0
2015-03-06,0.0
2015-03-09,0.0
2015-03-10,0.0
2015-03-11,0.0
2015-03-12,0.0
2015-03-13,0.0
2015-03-16,0.0
2015-03-17,0.0
2015-03-18,0.0
2015-03-19,0.0
2015-03-20,1.509903313490213e-14
2015-03-23,-0.16547303288172355
2015-03-24,-0.5151885749034675
2015-03-25,-0.9840384582284178
2015-03-26,-0.9999541047449374
2015-03-27,0.0
2015-03-30,0.0
2015-03-31,0.0
2015-04-01,0.0
2015-04-02,0.0
2015-04-06,0.0
2015-04-07,0.0
2015-04-08,0.0
2015-04-09,0.0
2015-04-10,0.0
2015-04-13,0.0
2015-04-14,6.661338147750939e-15
2015-04-15,0.27775465817753386
2015-04-16,0.4695246699010114
2015-04-17,0.5560186905338815
2015-04-20,0.606411496943497
2015-04-21,0.6450475766674204
2015-04-22,0.7218915787255029
2015-04-23,0.7715787032169954
2015-04-24,0.789922322306897
2015-04-27,0.8255137061746971
2015-04-28,0.8649818461909324
2015-04-29,0.8838687443365727
2015-04-30,0.9039308860079096
2015-05-01,0.9456428292236321
2015-05-04,0.9669855133349821
2015-05-05,0.9692585119372992
2015-05-06,0.9728264223826921
2015-05-07,0.9821368285297576
2015-05-08,0.9601376990790691
2015-05-11,0.9103550271605707
2015-05-12,0.8402063624180194
2015-05-13,0.7522480540505492
2015-05-14,0.6844508128318731
2015-05-15,0.609494306074811
2015-05-18,0.5224789760880522
2015-05-19,0.405569394184778
2015-05-20,0.28070244583912274
2015-05-21,0.12212527078753888
2015-05-22,-0.04322053476599974
2015-05-26,-0.22697782962930546
2015-05-27,-0.19845960217501535
2015-05-28,-0.11467323793794759
2015-05-29,-0.03342861403753106
2015-06-01,0.09227759248622736
2015-06-02,0.1347071866507028
2015-06-03,0.13335903527743986
2015-06-04,0.20018865260679308
2015-06-05,0.2924819690577187
2015-06-08,0.29789905758819835
2015-06-09,0.3208105468907181
2015-06-10,0.2812968064941488
2015-06-11,0.27881303862222406
2015-06-12,0.18120593316573408
2015-06-15,0.07593631306035054
2015-06-16,0.01424469904046699
2015-06-17,-0.005481675499558802
2015-06-18,0.03363380140891992
2015-06-19,0.06076430200620786
2015-06-22,0.07306717253295703
2015-06-23,-0.00343103541022316
2015-06-24,-0.11143378801556336
2015-06-25,-0.19160567001363793
2015-06-26,-0.3303755368340835
2015-06-29,-0.5329546820904372
2015-06-30,-0.6947733809156116
2015-07-01,-0.7937341948506793
2015-07-02,-0.8651593156697437
2015-07-06,-0.9232820026013762
2015-07-07,-0.9652640438325819
2015-07-08,-0.9866326800458238
2015-07-09,-0.9959618683924141
2015-07-10,0.0
2015-07-13,0.0
2015-07-14,0.0
2015-07-15,0.0
2015-07-16,0.0
2015-07-17,0.0
2015-07-20,0.0
2015-07-21,0.0
2015-07-22,0.0
2015-07-23,0.0
2015-07-24,0.0
2015-07-27,3.9968028886505635e-15
2015-07-28,-0.0035033012606440206
2015-07-29,0.1860208571745594
2015-07-30,0.38839174968117707
2015-07-31,0.5140144620882445
2015-08-03,0.7652487432604853
2015-08-04,0.915338877384926
2015-08-05,0.9842947957960373
2015-08-06,0.996951518029096
2015-08-07,0.0
2015-08-10,0.0
2015-08-11,0.0
2015-08-12,0.0
2015-08-13,0.0
2015-08-14,0.0
2015-08-17,0.0
2015-08-18,0.0
2015-08-19,0.0
2015-08-20,0.0
2015-08-21,0.0
2015-08-24,0.0
2015-08-25,-0.5539663626217783
2015-08-26,-0.6984163246173769
2015-08-27,-0.7113366406131585
2015-08-28,-0.7116617647754073
2015-08-31,-0.7406991203032773
2015-09-01,-0.8451128278758895
2015-09-02,-0.8772175606937442
2015-09-03,-0.8999220983772576
2015-09-04,-0.9374948797682845
2015-09-08,-0.9371952797030705
2015-09-09,-0.9499384751713216
2015-09-10,-0.9521720110321283
2015-09-11,-0.9526866251497383
2015-09-14,-0.952331864569427
2015-09-15,-0.9459868761689254
2015-09-16,-0.9347490084645991
2015-09-17,-0.9149837025269205
2015-09-18,-0.8925054395396639
2015-09-21,-0.854341429678718
2015-09-22,-0.8462246170784331
2015-09-23,-0.8319309221332067
2015-09-24,-0.7893943304548299
2015-09-25,-0.7280988513586419
2015-09-28,-0.6851344985000374
2015-09-29,-0.6004301381814519
2015-09-30,-0.39816161948075357
2015-10-01,-0.22927521916075033
2015-10-02,0.031221662877779055
2015-10-05,0.357853820218486
2015-10-06,0.6498598157969244
2015-10-07,0.8492465282997528
2015-10-08,0.9490810250377948
2015-10-09,0.9853223551861827
2015-10-12,0.9969421233140439
2015-10-13,0.0
2015-10-14,0.0
2015-10-15,0.0
2015-10-16,0.0
2015-10-19,0.0
2015-10-20,0.0
2015-10-21,0.0
2015-10-22,0.0
2015-10-23,0.0
2015-10-26,0.0
2015-10-27,0.0
2015-10-28,-6.217248937900877e-15
2015-10-29,-0.06700062287294473
2015-10-30,0.08987268737429366
2015-11-02,0.32798442149421714
2015-11-03,0.4776667125695835
2015-11-04,0.49948342696550996
2015-11-05,0.4473487536453866
2015-11-06,0.9330366541223138
2015-11-09,0.9969343883076933
2015-11-10,0.0
2015-11-11,0.0
2015-11-12,0.0
2015-11-13,0.0
2015-11-16,0.0
2015-11-17,0.0
2015-11-18,0.0
2015-11-19,0.0
2015-11-20,0.0
2015-11-23,0.0
2015-11-24,0.0
2015-11-25,0.0
2015-11-27,0.2933272120174677
2015-11-30,0.6310877059543283
2015-12-01,0.9436238357404951
2015-12-02,0.993701090278772
2015-12-03,0.0
2015-12-04,0.0
2015-12-07,0.0
2015-12-08,0.0
2015-12-09,0.0
2015-12-10,0.0
2015-12-11,0.0
2015-12-14,0.0
2015-12-15,0.0
2015-12-16,0.0
2015-12-17,0.0
2015-12-18,8.881784197001252e-15
2015-12-21,0.009779879306121453
2015-12-22,0.032402401580002405
2015-12-23,0.10996906903491155
2015-12-24,0.22670629730340774
2015-12-28,0.3208537771892006
2015-12-29,0.5776150599602989
2015-12-30,0.6967233171539728
2015-12-31,0.7024471324120256
2016-01-04,0.5651691095505449
2016-01-05,0.5574514481147932
2016-01-06,0.12270640845745717
2016-01-07,-0.6699604242164794
2016-01-08,-0.9803259084767122
2016-01-11,-0.9997028865791431
2016-01-12,0.0
2016-01-13,0.0
2016-01-14,0.0
2016-01-15,0.0
2016-01-19,0.0
2016-01-20,0.0
2016-01-21,0.0
2016-01-22,0.0
2016-01-25,0.0
2016-01-26,0.0
2016-01-27,0.0
2016-01-28,0.0
2016-01-29,0.24625786485545942
2016-02-01,0.4566170937255434
2016-02-02,0.38978890917542985
2016-02-03,0.35406518463173153
2016-02-04,0.32213246242168303
2016-02-05,-0.0905787117247785
2016-02-08,-0.6513626506733228
2016-02-09,-0.90082305984354
2016-02-10,-0.9808182669361782
2016-02-11,-0.9976056298839149
2016-02-12,0.0
2016-02-16,0.0
2016-02-17,0.0
2016-02-18,0.0
2016-02-19,0.0
2016-02-22,0.0
2016-02-23,0.0
2016-02-24,0.0
2016-02-25,0.0
2016-02-26,0.0
2016-02-29,0.0
2016-03-01,1.7763568394002505e-15
2016-03-02,0.26291692765858166
2016-03-03,0.4599787216373643
2016-03-04,0.6102464694841414
2016-03-07,0.7149815215910111
2016-03-08,0.7711369459026809
2016-03-09,0.8160628694131096
2016-03-10,0.8510679462508433
2016-03-11,0.8917972433205914
2016-03-14,0.923284405406426
2016-03-15,0.944137729012485
2016-03-16,0.9674192203000571
2016-03-17,0.980113164146811
2016-03-18,0.9906877918816595
2016-03-21,0.0
2016-03-22,0.0
2016-03-23,0.0
2016-03-24,0.0
2016-03-28,0.0
2016-03-29,0.0
2016-03-30,0.0
2016-03-31,0.0
2016-04-01,0.0
2016-04-04,0.0
2016-04-05,0.0
2016-04-06,-5.10702591327572e-15
2016-04-07,0.07712533166699531
2016-04-08,0.20726454054605625
2016-04-11,0.3744277938767522
2016-04-12,0.5077708064216209
2016-04-13,0.7476541842753606
2016-04-14,0.8918482158935106
2016-04-15,0.9665893969750228
2016-04-18,0.9900643069939772
2016-04-19,0.0
2016-04-20,0.0
2016-04-21,0.0
2016-04-22,0.0
2016-04-25,0.0
2016-04-26,0.0
2016-04-27,0.0
2016-04-28,0.0
2016-04-29,0.0
2016-05-02,0.0
2016-05-03,0.0
2016-05-04,-4.884981308350689e-15
2016-05-05,-0.392834830199698
2016-05-06,-0.5985604993452984
2016-05-09,-0.7551499944689493
2016-05-10,-0.7694661758539385
2016-05-11,-0.7681894367085149
2016-05-12,-0.8311265401493948
2016-05-13,0.31877522281526494
2016-05-16,0.9886863305983469
2016-05-17,0.9999954356221408
2016-05-18,0.0
2016-05-19,0.0
2016-05-20,0.0
2016-05-23,0.0
2016-05-24,0.0
2016-05-25,0.0
2016-05-26,0.0
2016-05-27,0.0
2016-05-31,0.0
2016-06-01,0.0
2016-06-02,0.0
2016-06-03,-6.217248937900877e-15
2016-06-06,0.14447505892610368
2016-06-07,0.2878803141090387
2016-06-08,0.39298588857641437
2016-06-09,0.619335713216455
2016-06-10,0.6838585742819134
2016-06-13,0.7799886880455311
2016-06-14,0.8543092430450228
2016-06-15,0.920467159896021
2016-06-16,0.9615102334598331
2016-06-17,0.974845131694164
2016-06-20,0.9887192607704012
2016-06-21,0.9944424009569943
2016-06-22,0.0
2016-06-23,0.0
2016-06-24,0.0
2016-06-27,0.0
2016-06-28,0.0
2016-06-29,0.0
2016-06-30,0.0
2016-07-01,0.0
2016-07-05,0.0
2016-07-06,0.0
2016-07-07,0.0
2016-07-08,-7.993605777301127e-15
2016-07-11,0.6027255866272672
2016-07-12,0.9226601096135818
2016-07-13,0.9912453912600114
2016-07-14,0.0
2016-07-15,0.0
2016-07-18,0.0
2016-07-19,0.0
2016-07-20,0.0
2016-07-21,0.0
2016-07-22,0.0
2016-07-25,0.0
2016-07-26,0.0
2016-07-27,0.0
2016-07-28,0.0
2016-07-29,3.9968028886505635e-15
2016-08-01,0.28114326377081045
2016-08-02,0.43572224465884646
2016-08-03,0.5782584082433848
2016-08-04,0.7627437233406189
2016-08-05,0.9086137421991924
2016-08-08,0.9754113570741458
2016-08-09,0.9949020325772799
2016-08-10,0.0
2016-08-11,0.0
2016-08-12,0.0
2016-08-15,0.0
2016-08-16,0.0
2016-08-17,0.0
2016-08-18,0.0
2016-08-19,0.0
2016-08-22,0.0
2016-08-23,0.0
2016-08-24,0.0
2016-08-25,-5.995204332975845e-15
2016-08-26,0.05450092346532642
2016-08-29,0.09876931402198719
2016-08-30,0.08740466236659428
2016-08-31,0.035638375423082236
2016-09-01,0.23365290950428896
2016-09-02,0.333574363075531
2016-09-06,0.48735484833345444
2016-09-07,0.5277443781411741
2016-09-08,0.6048743533355272
2016-09-09,0.3837059359100925
2016-09-12,0.274293548579404
2016-09-13,0.06282901303089128
2016-09-14,-0.0846820405904638
2016-09-15,0.029135039363509918
2016-09-16,0.15431167288641734
2016-09-19,0.3538217939460555
2016-09-20,0.4761754286995401
2016-09-21,0.7020377419309702
2016-09-22,0.8534281641106451
2016-09-23,0.9344028893929766
2016-09-26,0.9679024808611236
2016-09-27,0.9931940281417357
2016-09-28,0.0
2016-09-29,0.0
2016-09-30,0.0
2016-10-03,0.0
2016-10-04,0.0
2016-10-05,0.0
2016-10-06,0.0
2016-10-07,0.0
2016-10-10,0.0
2016-10-11,0.0
2016-10-12,0.0
2016-10-13,1.0436096431476471e-14
2016-10-14,-0.27017137086573006
2016-10-17,-0.5567679278479709
2016-10-18,-0.6333601601587682
2016-10-19,-0.7135185097994825
2016-10-20,-0.6401557019458437
2016-10-21,-0.5874564849218458
2016-10-24,-0.003645384424684206
2016-10-25,0.6955108216880133
2016-10-26,0.9616972643350761
2016-10-27,0.9941227999068338
2016-10-28,0.0
2016-10-31,0.0
2016-11-01,0.0
2016-11-02,0.0
2016-11-03,0.0
2016-11-04,0.0
2016-11-07,0.0
2016-11-08,0.0
2016-11-09,0.0
2016-11-10,0.0
2016-11-11,0.0
2016-11-14,2.220446049250313e-16
2016-11-15,0.4457471019839403
2016-11-16,0.826783664979053
2016-11-17,0.9652229120692266
2016-11-18,0.9956404810953179
2016-11-21,0.0
2016-11-22,0.0
2016-11-23,0.0
2016-11-25,0.0
2016-11-28,0.0
2016-11-29,0.0
2016-11-30,0.0
2016-12-01,0.0
2016-12-02,0.0
2016-12-05,0.0
2016-12-06,0.0
2016-12-07,-3.552713678800501e-15
2016-12-08,0.09118914474581818
2016-12-09,0.020733046738002914
2016-12-12,-0.24281194162799058
2016-12-13,-0.34702099119212515
2016-12-14,-0.015821877735924472
2016-12-15,0.46422059300552965
2016-12-16,0.8370894762995078
2016-12-19,0.9757002854129797
2016-12-20,0.9993456376651673
2016-12-21,0.0
2016-12-22,0.0
2016-12-23,0.0
2016-12-27,0.0
2016-12-28,0.0
2016-12-29,0.0
2016-12-30,0.0
2017-01-03,0.0
2017-01-04,0.0
2017-01-05,0.0
2017-01-06,0.0
2017-01-09,8.881784197001252e-16
2017-01-10,-0.03480021234550956
2017-01-11,-0.12974283645796447
2017-01-12,-0.2927043327649381
2017-01-13,-0.43465211729741937
2017-01-17,-0.6266144825378896
2017-01-18,-0.7242607541302966
2017-01-19,-0.7559748149375027
2017-01-20,-0.8047382318250631
2017-01-23,-0.82820099392934
2017-01-24,-0.8155130282787191
2017-01-25,-0.7953447522532855
2017-01-26,-0.7402069207834059
2017-01-27,-0.6295594799118498
2017-01-30,-0.5476613915535005
2017-01-31,-0.48411341624147575
2017-02-01,-0.27198033723071435
2017-02-02,0.003187137647013394
2017-02-03,0.23741245826915747
2017-02-06,0.5220452464044691
2017-02-07,0.7608728320032205
2017-02-08,0.8926350679739592
2017-02-09,0.9481047767243822
2017-02-10,0.9694583656455764
2017-02-13,0.9706367726143363
2017-02-14,0.9728273539385053
2017-02-15,0.9753693197592286
2017-02-16,0.9736646410560084
2017-02-17,0.9718804634997968
2017-02-21,0.9789291257167276
2017-02-22,0.9840267630672688
2017-02-23,0.9688630689933382
2017-02-24,0.9476667949820712
2017-02-27,0.9327784267308727
2017-02-28,0.8957812429211394
2017-03-01,0.8576776151329502
2017-03-02,0.765624295190183
2017-03-03,0.631100007512915
2017-03-06,0.4444842763128376
2017-03-07,0.251508709230047
2017-03-08,0.040944168681617876
2017-03-09,-0.1690166455084896
2017-03-10,-0.35117935776816367
2017-03-13,-0.4578297074243105
2017-03-14,-0.55457243428315
2017-03-15,-0.6269717940403874
2017-03-16,-0.6723811204348715
2017-03-17,-0.6821628973667186
2017-03-20,-0.6422950888726366
2017-03-21,-0.6551746839502082
2017-03-22,-0.6356402046194818
2017-03-23,-0.6308919949906477
2017-03-24,-0.6204005957325829
2017-03-27,-0.5977183195808615
2017-03-28,-0.5836501801009506
2017-03-29,-0.5751864136380842
2017-03-30,-0.5328177961401455
2017-03-31,-0.49710657932425306
2017-04-03,-0.47036982033515584
2017-04-04,-0.571771548030209
2017-04-05,-0.6697769163374234
2017-04-06,-0.7429048495864885
2017-04-07,-0.8071218732084087
2017-04-10,-0.8753942809389959
2017-04-11,-0.9211185924334548
2017-04-12,-0.954153296936008
2017-04-13,-0.977397362666051
2017-04-17,-0.9862791872874657
2017-04-18,-0.9918346454550997
2017-04-19,0.0
2017-04-20,0.0
2017-04-21,0.0
2017-04-24,0.0
2017-04-25,0.0
2017-04-26,0.0
2017-04-27,0.0
2017-04-28,0.0
2017-05-01,0.0
2017-05-02,0.0
2017-05-03,0.0
2017-05-04,6.439293542825908e-15
2017-05-05,0.036669402047261546
2017-05-08,-0.04999426115151939
2017-05-09,-0.11224563606134264
2017-05-10,0.969839943712187
2017-05-11,0.9999994127956169
2017-05-12,0.0
2017-05-15,0.0
2017-05-16,0.0
2017-05-17,0.0
2017-05-18,0.0
2017-05-19,0.0
2017-05-22,0.0
2017-05-23,0.0
2017-05-24,0.0
2017-05-25,0.0
2017-05-26,0.0
2017-05-30,-3.3306690738754696e-15
2017-05-31,0.3422062927366216
2017-06-01,0.6070174956649148
2017-06-02,0.7704971487673644
2017-06-05,0.9185606421555472
2017-06-06,0.9735877663242187
2017-06-07,0.9941256003070167
2017-06-08,0.0
2017-06-09,0.0
2017-06-12,0.0
2017-06-13,0.0
2017-06-14,0.0
2017-06-15,0.0
2017-06-16,0.0
2017-06-19,0.0
2017-06-20,0.0
2017-06-21,0.0
2017-06-22,0.0
2017-06-23,3.3306690738754696e-15
2017-06-26,-0.1299224594433399
2017-06-27,-0.5203373773069719
2017-06-28,-0.6114852182752044
2017-06-29,-0.8204419546490354
2017-06-30,-0.9463130352209019
2017-07-03,-0.995029336086289
2017-07-05,0.0
2017-07-06,0.0
2017-07-07,0.0
2017-07-10,0.0
2017-07-11,0.0
2017-07-12,0.0
2017-07-13,0.0
2017-07-14,0.0
2017-07-17,0.0
2017-07-18,0.0
2017-07-19,0.0
2017-07-20,1.3322676295501878e-15
2017-07-21,0.24728187400984147
2017-07-24,0.4174309810697123
2017-07-25,0.5442625973889208
2017-07-26,0.6743902397279191
2017-07-27,0.7103092628519132
2017-07-28,0.7699166293711999
2017-07-31,0.8019440422213426
2017-08-01,0.8442110431907552
2017-08-02,0.8773264049387279
2017-08-03,0.9131400170023127
2017-08-04,0.9413664951363825
2017-08-07,0.970653580007113
2017-08-08,0.9840721172064035
2017-08-09,0.9924909584002697
2017-08-10,0.0
2017-08-11,0.0
2017-08-14,0.0
2017-08-15,0.0
2017-08-16,0.0
2017-08-17,0.0
2017-08-18,0.0
2017-08-21,0.0
2017-08-22,0.0
2017-08-23,0.0
2017-08-24,0.0
2017-08-25,4.6629367034256575e-15
2017-08-28,0.10573932719514323
2017-08-29,0.1861802150840941
2017-08-30,0.31359077011549874
2017-08-31,0.5938300852885738
2017-09-01,0.8075224268200516
2017-09-05,0.8509658023850224
2017-09-06,0.8834866525754579
2017-09-07,0.9181516307843607
2017-09-08,0.9150633969350932
2017-09-11,0.9577731580847821
2017-09-12,0.9818989283042514
2017-09-13,0.9936121363828856
2017-09-14,0.0
2017-09-15,0.0
2017-09-18,0.0
2017-09-19,0.0
2017-09-20,0.0
2017-09-21,0.0
2017-09-22,0.0
2017-09-25,0.0
2017-09-26,0.0
2017-09-27,0.0
2017-09-28,0.0
2017-09-29,0.0
2017-10-02,0.014482661522383644
2017-10-03,0.040673738400923476
2017-10-04,0.11478258824979126
2017-10-05,0.1801939232659615
2017-10-06,0.25648529895470773
2017-10-09,0.43626981613748117
2017-10-10,0.6557677641759783
2017-10-11,0.8289609700478444
2017-10-12,0.9241475810342168
2017-10-13,0.9777843200837975
2017-10-16,0.9961382475018155
2017-10-17,0.0
2017-10-18,0.0
2017-10-19,0.0
2017-10-20,0.0
2017-10-23,0.0
2017-10-24,0.0
2017-10-25,0.0
2017-10-26,0.0
2017-10-27,0.0
2017-10-30,0.0
2017-10-31,0.0
2017-11-01,3.774758283725532e-15
2017-11-02,0.3150120020739655
2017-11-03,0.65767617533146
2017-11-06,0.8695987727828103
2017-11-07,0.970570990155587
2017-11-08,0.991847399140704
2017-11-09,0.0
2017-11-10,0.0
2017-11-13,0.0
2017-11-14,0.0
2017-11-15,0.0
2017-11-16,0.0
2017-11-17,0.0
2017-11-20,0.0
2017-11-21,0.0
2017-11-22,0.0
2017-11-24,0.0
2017-11-27,-1.021405182655144e-14
2017-11-28,-0.15468566092626923
2017-11-29,-0.8781179050273116
2017-11-30,-0.9864019163874547
2017-12-01,-0.9996346549668709
2017-12-04,0.0
2017-12-05,0.0
2017-12-06,0.0
2017-12-07,0.0
2017-12-08,0.0
2017-12-11,0.0
2017-12-12,0.0
2017-12-13,0.0
2017-12-14,0.0
2017-12-15,0.0
2017-12-18,0.0
2017-12-19,-6.439293542825908e-15
2017-12-20,0.327258416372497
2017-12-21,0.5474764351264931
2017-12-22,0.6908031599217801
2017-12-26,0.840480525431083
2017-12-27,0.9211231170675576
2017-12-28,0.9645539850532185
2017-12-29,0.972258836420288
2018-01-02,0.9915376695933029
2018-01-03,0.0
2018-01-04,0.0
2018-01-05,0.0
2018-01-08,0.0
2018-01-09,0.0
2018-01-10,0.0
2018-01-11,0.0
2018-01-12,0.0
2018-01-16,0.0
2018-01-17,0.0
2018-01-18,0.0
2018-01-19,6.439293542825908e-15
2018-01-22,0.4969578378221944
2018-01-23,0.8818160271796143
2018-01-24,0.9748471068527815
2018-01-25,0.9962820135346577
2018-01-26,0.0
2018-01-29,0.0
2018-01-30,0.0
2018-01-31,0.0
2018-02-01,0.0
2018-02-02,0.0
2018-02-05,0.0
2018-02-06,0.0
2018-02-07,0.0
2018-02-08,0.0
2018-02-09,0.0
2018-02-12,3.774758283725532e-15
2018-02-13,-0.011550465390537612
2018-02-14,0.14778214791172672
2018-02-15,0.3779965303493391
2018-02-16,0.5283681347492599
2018-02-20,0.7060227584964944
2018-02-21,0.7692377367817107
2018-02-22,0.8251351767245501
2018-02-23,0.8870290786771549
2018-02-26,0.9306280456328335
2018-02-27,0.9573520876887744
2018-02-28,0.9686573742433418
2018-03-01,0.9635243166311627
2018-03-02,0.9653877481198119
2018-03-05,0.9658434864426322
2018-03-06,0.9748074468421
2018-03-07,0.9812023564468131
2018-03-08,0.9855652641367212
2018-03-09,0.9909340455796984
2018-03-12,0.0
2018-03-13,0.0
2018-03-14,0.0
2018-03-15,0.0
2018-03-16,0.0
2018-03-19,0.0
2018-03-20,0.0
2018-03-21,0.0
2018-03-22,0.0
2018-03-23,0.0
2018-03-26,0.0
2018-03-27,4.218847493575595e-15
2018-03-28,-0.5830395136252353
2018-03-29,-0.7749874029285073
2018-04-02,-0.9473471391999928
2018-04-03,-0.9868473962526958
2018-04-04,-0.996955977680517
2018-04-05,0.0
2018-04-06,0.0
2018-04-09,0.0
2018-04-10,0.0
2018-04-11,0.0
2018-04-12,0.0
2018-04-13,0.0
2018-04-16,0.0
2018-04-17,0.0
2018-04-18,0.0
2018-04-19,0.0
2018-04-20,-3.3306690738754696e-15
2018-04-23,-0.11672330250001184
2018-04-24,-0.2945543087747522
2018-04-25,-0.5462436795211896
2018-04-26,-0.5839378636458519
2018-04-27,-0.5982736793810215
2018-04-30,-0.6360110850584997
2018-05-01,-0.6349575339872402
2018-05-02,-0.6471841982140836
2018-05-03,-0.5518594168575144
2018-05-04,-0.32884551806655793
2018-05-07,0.12747500747689688
2018-05-08,0.5570484511836113
2018-05-09,0.8643759683032284
2018-05-10,0.9787030360408076
2018-05-11,0.9967213894189264
2018-05-14,0.0
2018-05-15,0.0
2018-05-16,0.0
2018-05-17,0.0
2018-05-18,0.0
2018-05-21,0.0
2018-05-22,0.0
2018-05-23,0.0
2018-05-24,0.0
2018-05-25,0.0
2018-05-29,0.0
2018-05-30,9.325873406851315e-15
2018-05-31,0.27277292897312444
2018-06-01,0.7197814936007316
2018-06-04,0.9777440667453658
2018-06-05,0.9994011177231312
2018-06-06,0.0
2018-06-07,0.0
2018-06-08,0.0
2018-06-11,0.0
2018-06-12,0.0
2018-06-13,0.0
2018-06-14,0.0
2018-06-15,0.0
2018-06-18,0.0
2018-06-19,0.0
2018-06-20,0.0
2018-06-21,0.0
2018-06-22,-0.7789617442964174
2018-06-25,-0.9996037765369434
2018-06-26,0.0
2018-06-27,0.0
2018-06-28,0.0
2018-06-29,0.0
2018-07-02,0.0
2018-07-03,0.0
2018-07-05,0.0
2018-07-06,0.0
2018-07-09,0.0
2018-07-10,0.0
2018-07-11,0.0
2018-07-12,0.0
2018-07-13,0.2053710303745877
2018-07-16,0.3476970308483758
2018-07-17,0.6158346220936499
2018-07-18,0.7615335667954397
2018-07-19,0.862050438259431
2018-07-20,0.915664293176871
2018-07-23,0.9424187037142333
2018-07-24,0.9583870180282676
2018-07-25,0.9778669543499054
2018-07-26,0.9916229997558341
2018-07-27,0.0
2018-07-30,0.0
2018-07-31,0.0
2018-08-01,0.0
2018-08-02,0.0
2018-08-03,0.0
2018-08-06,0.0
2018-08-07,0.0
2018-08-08,0.0
2018-08-09,0.0
2018-08-10,0.0
2018-08-13,-5.10702591327572e-15
2018-08-14,0.40019505869791816
2018-08-15,0.6221138717433106
2018-08-16,0.7407241561854154
2018-08-17,0.5221326096314436
2018-08-20,0.36044153889695085
2018-08-21,0.38798492326521905
2018-08-22,0.6794701312048215
2018-08-23,0.8990888893234705
2018-08-24,0.9875393786133877
2018-08-27,0.9994990908346351
2018-08-28,0.0
2018-08-29,0.0
2018-08-30,0.0
2018-08-31,0.0
2018-09-04,0.0
2018-09-05,0.0
2018-09-06,0.0
2018-09-07,0.0
2018-09-10,0.0
2018-09-11,0.0
2018-09-12,0.0
2018-09-13,-3.774758283725532e-15
2018-09-14,0.05043563474463175
2018-09-17,-0.02251855715421014
2018-09-18,-0.22225681232441818
2018-09-19,-0.35897147018442177
2018-09-20,-0.6579815341759205
2018-09-21,-0.8805566423397333
2018-09-24,-0.9562415395522328
2018-09-25,-0.9795130657525435
2018-09-26,-0.9925939304569986
2018-09-27,0.0
2018-09-28,0.0
2018-10-01,0.0
2018-10-02,0.0
2018-10-03,0.0
2018-10-04,0.0
2018-10-05,0.0
2018-10-08,0.0
2018-10-09,0.0
2018-10-10,0.0
2018-10-11,0.0
2018-10-12,0.0
2018-10-15,-0.39061253983624966
2018-10-16,-0.5923960494618346
2018-10-17,-0.7557839314129426
2018-10-18,-0.8739640062243428
2018-10-19,-0.9561486344191363
2018-10-22,-0.9856319423818103
2018-10-23,-0.9972056006602672
2018-10-24,0.0
2018-10-25,0.0
2018-10-26,0.0
2018-10-29,0.0
2018-10-30,0.0
2018-10-31,0.0
2018-11-01,0.0
2018-11-02,0.0
2018-11-05,0.0
2018-11-06,0.0
2018-11-07,0.0
2018-11-08,1.7763568394002505e-15
2018-11-09,-0.025757928835845822
2018-11-12,-0.4111756434418077
2018-11-13,-0.5373393756198674
2018-11-14,-0.6706759664346553
2018-11-15,-0.7121506661259229
2018-11-16,-0.9675529178923894
2018-11-19,-0.9997482641937612
2018-11-20,0.0
2018-11-21,0.0
2018-11-23,0.0
2018-11-26,0.0
2018-11-27,0.0
2018-11-28,0.0
2018-11-29,0.0
2018-11-30,0.0
2018-12-03,0.0
2018-12-04,0.0
2018-12-06,0.0
2018-12-07,-2.220446049250313e-15
2018-12-10,-0.08668589063385634
2018-12-11,-0.26405396924147473
2018-12-12,-0.40140697438101425
2018-12-13,-0.5187517224757738
2018-12-14,-0.6573414730672544
2018-12-17,-0.7952896590250995
2018-12-18,-0.8587365961495561
2018-12-19,-0.9437936333995804
2018-12-20,-0.9846580394328925
2018-12-21,-0.9978560646177062
2018-12-24,0.0
2018-12-26,0.0
2018-12-27,0.0
2018-12-28,0.0
2018-12-31,0.0
2019-01-02,0.0
2019-01-03,0.0
2019-01-04,0.0
2019-01-07,0.0
2019-01-08,0.0
2019-01-09,0.0
2019-01-10,-2.886579864025407e-15
2019-01-11,0.4578845437546428
2019-01-14,0.7878321158424282
2019-01-15,0.9309724660313674
2019-01-16,0.9791354349845429
2019-01-17,0.9961845850936499
2019-01-18,0.0
2019-01-22,0.0
2019-01-23,0.0
2019-01-24,0.0
2019-01-25,0.0
2019-01-28,0.0
2019-01-29,0.0
2019-01-30,0.0
2019-01-31,0.0
2019-02-01,0.0
2019-02-04,0.0
2019-02-05,0.0
2019-02-06,0.14393405333339615
2019-02-07,0.1416625331144563
2019-02-08,0.15713801191621668
2019-02-11,0.13309081126960076
2019-02-12,0.2130566573441588
2019-02-13,0.3208108825258482
2019-02-14,0.44671393758913425
2019-02-15,0.5965067501382508
2019-02-19,0.7058685106974778
2019-02-20,0.8064521124437278
2019-02-21,0.8595729690872942
2019-02-22,0.9148596609999617
2019-02-25,0.9486058890413798
2019-02-26,0.9668979864736609
2019-02-27,0.9767972809006229
2019-02-28,0.9828525550180742
2019-03-01,0.9889289452333432
2019-03-04,0.9930599286539836
2019-03-05,0.0
2019-03-06,0.0
2019-03-07,0.0
2019-03-08,0.0
2019-03-11,0.0
2019-03-12,0.0
2019-03-13,0.0
2019-03-14,0.0
2019-03-15,0.0
2019-03-18,0.0
2019-03-19,0.0
2019-03-20,3.9968028886505635e-15
2019-03-21,0.4762906773831743
2019-03-22,0.7019078729001147
2019-03-25,0.8104057056371468
2019-03-26,0.9013554424630204
2019-03-27,0.9502701759520191
2019-03-28,0.9771731618391857
2019-03-29,0.9915385332480771
2019-04-01,0.0
2019-04-02,0.0
2019-04-03,0.0
2019-04-04,0.0
2019-04-05,0.0
2019-04-08,0.0
2019-04-09,0.0
2019-04-10,0.0
2019-04-11,0.0
2019-04-12,0.0
2019-04-15,0.0
2019-04-16,7.327471962526033e-15
2019-04-17,-0.07224984402454715
2019-04-18,-0.19985219241465924
2019-04-22,-0.18866839719513262
2019-04-23,-0.04981706378976902
2019-04-24,0.1105054793366429
2019-04-25,0.02507258517024069
2019-04-26,-0.49702382725857674
2019-04-29,-0.7899280048838084
2019-04-30,-0.911097269756042
2019-05-01,-0.9694320660543936
2019-05-02,-0.9851740392176169
2019-05-03,-0.9932900943525043
2019-05-06,0.0
2019-05-07,0.0
2019-05-08,0.0
2019-05-09,0.0
2019-05-10,0.0
2019-05-13,0.0
2019-05-14,0.0
2019-05-15,0.0
2019-05-16,0.0
2019-05-17,0.0
2019-05-20,0.0
2019-05-21,-1.7763568394002505e-15
2019-05-22,-0.2934998965471811
2019-05-23,-0.6180067111321561
2019-05-24,-0.8392065161544426
2019-05-28,-0.9487990829433803
2019-05-29,-0.9891778468342629
2019-05-30,-0.998331433879269
2019-05-31,0.0
2019-06-03,0.0
2019-06-04,0.0
2019-06-05,0.0
2019-06-06,0.0
2019-06-07,0.0
2019-06-10,0.0
2019-06-11,0.0
2019-06-12,0.0
2019-06-13,0.0
2019-06-14,0.0
2019-06-17,-1.5543122344752192e-15
2019-06-18,0.3823016473543275
2019-06-19,0.6702866026583356
2019-06-20,0.8581713970540019
2019-06-21,0.9307076914942649
2019-06-24,0.9713384536925349
2019-06-25,0.9870419359718043
2019-06-26,0.9982095074701955
2019-06-27,0.0
2019-06-28,0.0
2019-07-01,0.0
2019-07-02,0.0
2019-07-03,0.0
2019-07-05,0.0
2019-07-08,0.0
2019-07-09,0.0
2019-07-10,0.0
2019-07-11,0.0
2019-07-12,0.0
2019-07-15,1.1102230246251565e-15
2019-07-16,0.2519410284479138
2019-07-17,0.5837377940037931
2019-07-18,0.8081644509446475
2019-07-19,0.9004493081337339
2019-07-22,0.9694130375539913
2019-07-23,0.9966353991677164
2019-07-24,0.0
2019-07-25,0.0
2019-07-26,0.0
2019-07-29,0.0
2019-07-30,0.0
2019-07-31,0.0
2019-08-01,0.0
2019-08-02,0.0
2019-08-05,0.0
2019-08-06,0.0
2019-08-07,0.0
2019-08-08,2.886579864025407e-15
2019-08-09,-0.24709606408363127
2019-08-12,-0.5029158176000239
2019-08-13,-0.6325436196837422
2019-08-14,-0.791717735607588
2019-08-15,-0.8960846378412102
2019-08-16,-0.9149523587569148
2019-08-19,-0.8809798032066558
2019-08-20,-0.8583409244603917
2019-08-21,-0.8107896180633012
2019-08-22,-0.7535156149184488
2019-08-23,-0.7695972194740723
2019-08-26,-0.7610489505380023
2019-08-27,-0.7811866710068052
2019-08-28,-0.8023876744541443
2019-08-29,-0.7831321986837203
2019-08-30,-0.7596887650644886
2019-09-03,-0.7610398390033533
2019-09-04,-0.7277978901800233
2019-09-05,-0.5909433804521069
2019-09-06,-0.4388246034081644
2019-09-09,-0.24521080120008598
2019-09-10,-0.004812435456537312
2019-09-11,0.24395860618782805
2019-09-12,0.4631247494494348
2019-09-13,0.6201034407994599
2019-09-16,0.7303977462268842
2019-09-17,0.8190584224332298
2019-09-18,0.8786014750699613
2019-09-19,0.9123436910196017
2019-09-20,0.9278502733663689
2019-09-23,0.9450319522161839
2019-09-24,0.9548214823670269
2019-09-25,0.9699607824084568
2019-09-26,0.9796447593698496
2019-09-27,0.9829735064590992
2019-09-30,0.9870268422616204
2019-10-01,0.9901234216012014
2019-10-02,0.0
2019-10-03,0.0
2019-10-04,0.0
2019-10-07,0.0
2019-10-08,0.0
2019-10-09,0.0
2019-10-10,0.0
2019-10-11,0.0
2019-10-14,0.0
2019-10-15,0.0
2019-10-16,0.0
2019-10-17,0.0
2019-10-18,0.1726174258718418
2019-10-21,0.4702596300760946
2019-10-22,0.6810481677528273
2019-10-23,0.8144234023981993
2019-10-24,0.9095290518804724
2019-10-25,0.9784251703975504
2019-10-28,0.9967648176774089
2019-10-29,0.0
2019-10-30,0.0
2019-10-31,0.0
2019-11-01,0.0
2019-11-04,0.0
2019-11-05,0.0
2019-11-06,0.0
2019-11-07,0.0
2019-11-08,0.0
2019-11-11,0.0
2019-11-12,0.0
2019-11-13,1.2434497875801753e-14
2019-11-14,0.20918923162614633
2019-11-15,0.04462578796935035
2019-11-18,0.3805112863346716
2019-11-19,0.4401229742323558
2019-11-20,0.6319491555709986
2019-11-21,0.7407474037835973
2019-11-22,0.8367581075789787
2019-11-25,0.981204871409747
2019-11-26,0.9971198223443611
2019-11-27,0.0
2019-11-29,0.0
2019-12-02,0.0
2019-12-03,0.0
2019-12-04,0.0
2019-12-05,0.0
2019-12-06,0.0
2019-12-09,0.0
2019-12-10,0.0
2019-12-11,0.0
2019-12-12,0.0
2019-12-13,0.0
2019-12-16,0.3984884428606619
2019-12-17,0.7517330862498448
2019-12-18,0.9281810773431725
2019-12-19,0.9923857661202304
2019-12-20,0.0
2019-12-23,0.0
2019-12-24,0.0
2019-12-26,0.0
2019-12-27,0.0
2019-12-30,0.0
2019-12-31,0.0
2020-01-02,0.0
2020-01-03,0.0
2020-01-06,0.0
2020-01-07,0.0
2020-01-08,-1.0436096431476471e-14
2020-01-09,0.45505614432829367
2020-01-10,0.8106498516714744
2020-01-13,0.9949308152862861
2020-01-14,0.0
2020-01-15,0.0
2020-01-16,0.0
2020-01-17,0.0
2020-01-21,0.0
2020-01-22,0.0
2020-01-23,0.0
2020-01-24,0.0
2020-01-27,0.0
2020-01-28,0.0
2020-01-29,0.0
2020-01-30,1.021405182655144e-14
2020-01-31,-0.6679758785456846
2020-02-03,-0.8776568950660397
2020-02-04,-0.8753541429791369
2020-02-05,-0.7871775799153231
2020-02-06,-0.5231365085049222
2020-02-07,-0.31321962906454415
2020-02-10,0.516532140366226
2020-02-11,0.9634742323988639
2020-02-12,0.9998090089901708
2020-02-13,0.0
2020-02-14,0.0
2020-02-18,0.0
2020-02-19,0.0
2020-02-20,0.0
2020-02-21,0.0
2020-02-24,0.0
2020-02-25,0.0
2020-02-26,0.0
2020-02-27,0.0
2020-02-28,0.0
2020-03-02,2.220446049250313e-15
2020-03-03,-0.17645826905111361
2020-03-04,-0.13458441798129783
2020-03-05,-0.2139165554624527
2020-03-06,-0.35579169747521533
2020-03-09,-0.6331797611857097
2020-03-10,-0.7397595313921412
2020-03-11,-0.8697882566448749
2020-03-12,-0.9745548066213112
2020-03-13,-0.9917600222896552
2020-03-16,0.0
2020-03-17,0.0
2020-03-18,0.0
2020-03-19,0.0
2020-03-20,0.0
2020-03-23,0.0
2020-03-24,0.0
2020-03-25,0.0
2020-03-26,0.0
2020-03-27,0.0
2020-03-30,0.0
2020-03-31,1.3322676295501878e-15
2020-04-01,0.0955226893151262
2020-04-02,0.2802300639110973
2020-04-03,0.35926039969428625
2020-04-06,0.5783798181357818
2020-04-07,0.6986136585079019
2020-04-08,0.8141144297832537
2020-04-09,0.8817764310871614
2020-04-13,0.9356602040123216
2020-04-14,0.9750912662816
2020-04-15,0.9904929247001912
2020-04-16,0.0
2020-04-17,0.0
2020-04-20,0.0
2020-04-21,0.0
2020-04-22,0.0
2020-04-23,0.0
2020-04-24,0.0
2020-04-27,0.0
2020-04-28,0.0
2020-04-29,0.0
2020-04-30,0.0
2020-05-01,3.1086244689504383e-15
2020-05-04,0.07125454349628013
2020-05-05,0.20224882671188804
2020-05-06,0.41487026092618096
2020-05-07,0.7036420630946685
2020-05-08,0.9199793524423512
2020-05-11,0.9935431658535172
2020-05-12,0.0
2020-05-13,0.0
2020-05-14,0.0
2020-05-15,0.0
2020-05-18,0.0
2020-05-19,0.0
2020-05-20,0.0
2020-05-21,0.0
2020-05-22,0.0
2020-05-26,0.0
2020-05-27,0.0
2020-05-28,0.0
2020-05-29,0.18614373974768905
2020-06-01,0.3184769972899473
2020-06-02,0.4416170352686708
2020-06-03,0.5264813877970993
2020-06-04,0.5999634269848042
2020-06-05,0.703877601018053
2020-06-08,0.7603733081137647
2020-06-09,0.8465715189337168
2020-06-10,0.9330342861813035
2020-06-11,0.9467849327919002
2020-06-12,0.9640554034709385
2020-06-15,0.9822802154575381
2020-06-16,0.990282965345241
2020-06-17,0.0
2020-06-18,0.0
2020-06-19,0.0
2020-06-22,0.0
2020-06-23,0.0
2020-06-24,0.0
2020-06-25,0.0
2020-06-26,0.0
2020-06-29,0.0
2020-06-30,0.0
2020-07-01,0.0
2020-07-02,-1.509903313490213e-14
2020-07-06,0.5778365039507549
2020-07-07,0.89046058728196
2020-07-08,0.9961511279485951
2020-07-09,0.0
2020-07-10,0.0
2020-07-13,0.0
2020-07-14,0.0
2020-07-15,0.0
2020-07-16,0.0
2020-07-17,0.0
2020-07-20,0.0
2020-07-21,0.0
2020-07-22,0.0
2020-07-23,0.0
2020-07-24,5.10702591327572e-15
2020-07-27,0.16627354357563706
2020-07-28,0.05222027092414416
2020-07-29,0.2576000854362035
2020-07-30,0.5785230399619354
2020-07-31,0.7894676051803491
2020-08-03,0.9755444859705853
2020-08-04,0.9995394688291959
2020-08-05,0.0
2020-08-06,0.0
2020-08-07,0.0
2020-08-10,0.0
2020-08-11,0.0
2020-08-12,0.0
2020-08-13,0.0
2020-08-14,0.0
2020-08-17,0.0
2020-08-18,0.0
2020-08-19,0.0
2020-08-20,-2.4424906541753444e-15
2020-08-21,0.45750534836996515
2020-08-24,0.7673754481949069
2020-08-25,0.9207130480397943
2020-08-26,0.9781700738898724
2020-08-27,0.9936734386972321
2020-08-28,0.0
2020-08-31,0.0
2020-09-01,0.0
2020-09-02,0.0
2020-09-03,0.0
2020-09-04,0.0
2020-09-08,0.0
2020-09-09,0.0
2020-09-10,0.0
2020-09-11,0.0
2020-09-14,0.0
2020-09-15,0.0
2020-09-16,-0.1365212198892849
2020-09-17,-0.27457356689718715
2020-09-18,-0.4657726618783675
2020-09-21,-0.5502425478183199
2020-09-22,-0.59916137283085
2020-09-23,-0.7271756780099934
2020-09-24,-0.7941786403516322
2020-09-25,-0.7904693477985154
2020-09-28,-0.7677750023895678
2020-09-29,-0.7192925928037477
2020-09-30,-0.619003658966987
2020-10-01,-0.48912740829211687
2020-10-02,-0.4573429681382848
2020-10-05,-0.3084132105861095
2020-10-06,-0.13218537878325964
2020-10-07,0.09389454362371574
2020-10-08,0.2800722988654958
2020-10-09,0.43194428677698715
2020-10-12,0.630561256328338
2020-10-13,0.7774267581248429
2020-10-14,0.8647013704579376
2020-10-15,0.9160574204452614
2020-10-16,0.9448337631160404
2020-10-19,0.9572193249954026
2020-10-20,0.9697563416018449
2020-10-21,0.977157131411134
2020-10-22,0.9809536977367617
2020-10-23,0.9862825010820799
2020-10-26,0.9868590259908125
2020-10-27,0.9893086795500676
2020-10-28,0.9858404794020612
2020-10-29,0.985452141995389
2020-10-30,0.9800853508922072
2020-11-02,0.973939715027039
2020-11-03,0.9734624908104692
2020-11-04,0.9824173537177736
2020-11-05,0.9907692305810853
2020-11-06,0.0
2020-11-09,0.0
2020-11-10,0.0
2020-11-11,0.0
2020-11-12,0.0
2020-11-13,0.0
2020-11-16,0.0
2020-11-17,0.0
2020-11-18,0.0
2020-11-19,0.0
2020-11-20,0.0
2020-11-23,-1.9984014443252818e-15
2020-11-24,-0.24255902229040838
2020-11-25,-0.3261886583099909
2020-11-27,-0.38971970577847026
2020-11-30,-0.39043408835163373
2020-12-01,-0.39603167259452743
2020-12-02,-0.3407536326699039
2020-12-03,-0.34426760580353966
2020-12-04,-0.28509978029877225
2020-12-07,-0.2082064792839482
2020-12-08,-0.2331174370173712
2020-12-09,-0.4063181285989703
2020-12-10,-0.5411651915727391
2020-12-11,-0.642723608786075
2020-12-14,-0.6615310846409828
2020-12-15,-0.6676210537544898
2020-12-16,-0.6988049208394425
2020-12-17,-0.7077911532943015
2020-12-18,-0.7295934169255318
2020-12-21,-0.739063996994386
2020-12-22,-0.7573162902705606
2020-12-23,-0.8137085691162496
2020-12-24,-0.8603070152703745
2020-12-28,-0.9041615639030745
2020-12-29,-0.933027733968679
2020-12-30,-0.9446009866350953
2020-12-31,-0.9578852395846551
2021-01-04,-0.9663542247634702
2021-01-05,-0.9647754238046917
2021-01-06,-0.9826249141856256
2021-01-07,-0.9826995468385991
2021-01-08,-0.9838846776346322
2021-01-11,-0.9790926580827877
2021-01-12,-0.9763944306872243
2021-01-13,-0.9723556124197279
2021-01-14,-0.975963931448508
2021-01-15,-0.9847229825907728
2021-01-19,-0.9887855985983101
2021-01-20,-0.9886190195212587
2021-01-21,-0.9817497862224172
2021-01-22,-0.9751919138058867
2021-01-25,-0.968432029374616
2021-01-26,-0.9665899019215023
2021-01-27,-0.9767517721318211
2021-01-28,-0.982078279504004
2021-01-29,-0.986960606451742
2021-02-01,-0.9882603834309784
2021-02-02,-0.9860510572438732
2021-02-03,-0.9838920964756093
2021-02-04,-0.9793895205003873
2021-02-05,-0.9753713603605627
2021-02-08,-0.9462704239098199
2021-02-09,-0.9046123121820471
2021-02-10,-0.7937963732806739
2021-02-11,-0.531987869046735
2021-02-12,-0.21959471563497934
2021-02-16,0.21043858246718994
2021-02-17,0.506227335390331
2021-02-18,0.717229231798878
2021-02-19,0.8626377280480961
2021-02-22,0.9169337072991963
2021-02-23,0.9449393659502239
2021-02-24,0.9721172783015899
2021-02-25,0.9685862914861527
2021-02-26,0.9732617841046023
2021-03-01,0.979236657961589
2021-03-02,0.9780897613361141
2021-03-03,0.9653615073111506
2021-03-04,0.9314138181021314
2021-03-05,0.8805960768743859
2021-03-08,0.7157930576487272
2021-03-09,0.5941576829725912
2021-03-10,0.43881487730762037
2021-03-11,0.36030653834506166
2021-03-12,0.2522295672746939
2021-03-15,0.20622584265899557
2021-03-16,0.179618847270002
2021-03-17,0.16288007742817134
2021-03-18,0.024488493327706085
2021-03-19,-0.08902901846871791
2021-03-22,-0.13431289234206867
2021-03-23,-0.20055527088461678
2021-03-24,-0.3415314086573389
2021-03-25,-0.4869255021248251
2021-03-26,-0.570933929211765
2021-03-29,-0.6319092173583936
2021-03-30,-0.6953103686167363
2021-03-31,-0.7010670106736372
2021-04-01,-0.6536686611527527
2021-04-05,-0.5789057181427351
2021-04-06,-0.5148743908017521
2021-04-07,-0.40196994816707443
2021-04-08,-0.2494936040910707
2021-04-09,-0.0730127783747303
2021-04-12,0.24926279808654317
2021-04-13,0.5936246353913379
2021-04-14,0.7875720452823574
2021-04-15,0.9362387672020054
2021-04-16,0.9838181259996213
2021-04-19,0.9953107670037418
2021-04-20,0.0
2021-04-21,0.0
2021-04-22,0.0
2021-04-23,0.0
2021-04-26,0.0
2021-04-27,0.0
2021-04-28,0.0
2021-04-29,0.0
2021-04-30,0.0
2021-05-03,0.0
2021-05-04,0.0
2021-05-05,-8.881784197001252e-15
2021-05-06,-0.31529068102478464
2021-05-07,-0.4335176705498669
2021-05-10,-0.7337123955084981
2021-05-11,-0.8879562099752791
2021-05-12,-0.9835484698391805
2021-05-13,-0.9987342438534146
2021-05-14,0.0
2021-05-17,0.0
2021-05-18,0.0
2021-05-19,0.0
2021-05-20,0.0
2021-05-21,0.0
2021-05-24,0.0
2021-05-25,0.0
2021-05-26,0.0
2021-05-27,0.0
2021-05-28,0.0
2021-06-01,-1.9984014443252818e-15
2021-06-02,0.4214157826569429
2021-06-03,0.7419972581431133
2021-06-04,0.9363396801698314
2021-06-07,0.9890822842296312
2021-06-08,0.9983676258901601
2021-06-09,0.0
2021-06-10,0.0
2021-06-11,0.0
2021-06-14,0.0
2021-06-15,0.0
2021-06-16,0.0
2021-06-17,0.0
2021-06-18,0.0
2021-06-21,0.0
2021-06-22,0.0
2021-06-23,0.0
2021-06-24,-2.6645352591003757e-15
2021-06-25,0.2643274946573775
2021-06-28,0.7073019630855244
2021-06-29,0.9173982474967719
2021-06-30,0.9820922949649527
2021-07-01,0.997659327916008
2021-07-02,0.0
2021-07-06,0.0
2021-07-07,0.0
2021-07-08,0.0
2021-07-09,0.0
2021-07-12,0.0
2021-07-13,0.0
2021-07-14,0.0
2021-07-15,0.0
2021-07-16,0.0
2021-07-19,0.0
2021-07-20,4.6629367034256575e-15
2021-07-21,-0.07943551156989703
2021-07-22,-0.10742858325527682
2021-07-23,-0.14198916038614207
2021-07-26,-0.23338993839938538
2021-07-27,-0.33431770116639736
2021-07-28,-0.36819307229611264
2021-07-29,-0.3699922342382276
2021-07-30,-0.4016630473343854
2021-08-02,-0.38738829434683053
2021-08-03,-0.36238243155752836
2021-08-04,-0.25581325409401634
2021-08-05,-0.08109194289108412
2021-08-06,0.04028049298231973
2021-08-09,0.1433853545357775
2021-08-10,0.178592822667071
2021-08-11,0.17193162040003895
2021-08-12,0.20007376810412847
2021-08-13,0.272600302098301
2021-08-16,0.30422964360461124
2021-08-17,0.25948829109678906
2021-08-18,0.1496620152153476
2021-08-19,0.15972930210186576
2021-08-20,0.3211421974019686
2021-08-23,0.6000754530799064
2021-08-24,0.7799551537067746
2021-08-25,0.9070803680014918
2021-08-26,0.9638732228052025
2021-08-27,0.9908120712459616
2021-08-30,0.0
2021-08-31,0.0
2021-09-01,0.0
2021-09-02,0.0
2021-09-03,0.0
2021-09-07,0.0
2021-09-08,0.0
2021-09-09,0.0
2021-09-10,0.0
2021-09-13,0.0
2021-09-14,0.0
2021-09-15,-1.554312234475219e-14
2021-09-16,-0.19395138285724522
2021-09-17,-0.6358359351526406
2021-09-20,-0.9872335358073376
2021-09-21,-0.9998640746694707
2021-09-22,0.0
2021-09-23,0.0
2021-09-24,0.0
2021-09-27,0.0
2021-09-28,0.0
2021-09-29,0.0
2021-09-30,0.0
2021-10-01,0.0
2021-10-04,0.0
2021-10-05,0.0
2021-10-06,0.0
2021-10-07,-3.1086244689504383e-15
2021-10-08,-0.0647086038897906
2021-10-11,-0.1598369863798199
2021-10-12,-0.252408195047521
2021-10-13,-0.27455828188529874
2021-10-14,-0.10790974189299418
2021-10-15,0.08080238006091722
2021-10-18,0.33173823061634966
2021-10-19,0.5515747190233928
2021-10-20,0.6928259032154274
2021-10-21,0.8469442235149165
2021-10-22,0.9324331891679813
2021-10-25,0.979795459268286
2021-10-26,0.9985465519360699
2021-10-27,0.0
2021-10-28,0.0
2021-10-29,0.0
2021-11-01,0.0
2021-11-02,0.0
2021-11-03,0.0
2021-11-04,0.0
2021-11-05,0.0
2021-11-08,0.0
2021-11-09,0.0
2021-11-10,0.0
2021-11-11,-4.440892098500626e-16
2021-11-12,0.223041156050924
2021-11-15,0.38724679515003646
2021-11-16,0.5364434791473431
2021-11-17,0.6046102697368587
2021-11-18,0.7696386168399361
2021-11-19,0.9022798987194793
2021-11-22,0.9537154741541829
2021-11-23,0.9782364640625452
2021-11-24,0.9923119934795588
2021-11-26,0.0
2021-11-29,0.0
2021-11-30,0.0
2021-12-01,0.0
2021-12-02,0.0
2021-12-03,0.0
2021-12-06,0.0
2021-12-07,0.0
2021-12-08,0.0
2021-12-09,0.0
2021-12-10,0.0
2021-12-13,0.0
2021-12-14,-0.43049701266786555
2021-12-15,-0.5136917117553443
2021-12-16,-0.7671267865722691
2021-12-17,-0.9219834294761422
2021-12-20,-0.9792661904907829
2021-12-21,-0.9909012760937803
2021-12-22,0.0
2021-12-23,0.0
2021-12-27,0.0
2021-12-28,0.0
2021-12-29,0.0
2021-12-30,0.0
2021-12-31,0.0
2022-01-03,0.0
2022-01-04,0.0
2022-01-05,0.0
2022-01-06,0.0
2022-01-07,-1.5543122344752192e-15
2022-01-10,-0.36804995522003736
2022-01-11,-0.5891852751707671
2022-01-12,-0.7290127271829085
2022-01-13,-0.9077933931023869
2022-01-14,-0.9686642421309957
2022-01-18,-0.9951657683793886
2022-01-19,0.0
2022-01-20,0.0
2022-01-21,0.0
2022-01-24,0.0
2022-01-25,0.0
2022-01-26,0.0
2022-01-27,0.0
2022-01-28,0.0
2022-01-31,0.0
2022-02-01,0.0
2022-02-02,0.0
2022-02-03,9.103828801926284e-15
2022-02-04,0.1305773841100044
2022-02-07,0.32418270752330147
2022-02-08,0.5442900063780105
2022-02-09,0.845410939192992
2022-02-10,0.9375673404128282
2022-02-11,0.9384548526056089
2022-02-14,0.9481784853010291
2022-02-15,0.9868272858600513
2022-02-16,0.9972300781288428
2022-02-17,0.0
2022-02-18,0.0
2022-02-22,0.0
2022-02-23,0.0
2022-02-24,0.0
2022-02-25,0.0
2022-02-28,0.0
2022-03-01,0.0
2022-03-02,0.0
2022-03-03,0.0
2022-03-04,0.0
2022-03-07,-2.6645352591003757e-15
2022-03-08,-0.454509914705054
2022-03-09,-0.5302713401783241
2022-03-10,-0.6504216822773699
2022-03-11,-0.8026158609690239
2022-03-14,-0.9325136555867268
2022-03-15,-0.9440427752823988
2022-03-16,-0.8917030027181885
2022-03-17,-0.7889167910015116
2022-03-18,-0.3881008183610295
2022-03-21,0.21058620715442888
2022-03-22,0.6623965125346327
2022-03-23,0.8447899305067095
2022-03-24,0.9845028033215879
2022-03-25,0.9989707555728875
2022-03-28,0.0
2022-03-29,0.0
2022-03-30,0.0
2022-03-31,0.0
2022-04-01,0.0
2022-04-04,0.0
2022-04-05,0.0
2022-04-06,0.0
2022-04-07,0.0
2022-04-08,0.0
2022-04-11,0.0
2022-04-12,2.220446049250313e-16
2022-04-13,-0.2945497471166565
2022-04-14,-0.5936015458098258
2022-04-18,-0.7689586346781592
2022-04-19,-0.8666066588471599
2022-04-20,-0.9366965314834714
2022-04-21,-0.9795428268619504
2022-04-22,-0.9951562174577195
2022-04-25,0.0
2022-04-26,0.0
2022-04-27,0.0
2022-04-28,0.0
2022-04-29,0.0
2022-05-02,0.0
2022-05-03,0.0
2022-05-04,0.0
2022-05-05,0.0
2022-05-06,0.0
2022-05-09,0.0
2022-05-10,-8.881784197001252e-16
2022-05-11,-0.48005755125092087
2022-05-12,-0.8272997607639185
2022-05-13,-0.8977712007198193
2022-05-16,-0.9546331607825791
2022-05-17,-0.966248855118397
2022-05-18,-0.9887965805868997
2022-05-19,-0.9960952090394362
2022-05-20,0.0
2022-05-23,0.0
2022-05-24,0.0
2022-05-25,0.0
2022-05-26,0.0
2022-05-27,0.0
2022-05-31,0.0
2022-06-01,0.0
2022-06-02,0.0
2022-06-03,0.0
2022-06-06,0.0
2022-06-07,2.220446049250313e-15
2022-06-08,0.12481668989945294
2022-06-09,0.12389271860524209
2022-06-10,-0.07877587388455409
2022-06-13,-0.4785344165252434
2022-06-14,-0.7325830191545544
2022-06-15,-0.8390911842999107
2022-06-16,-0.9391694350509974
2022-06-17,-0.9766291699287308
2022-06-21,-0.9877572666284689
2022-06-22,-0.9944518827801683
2022-06-23,0.0
2022-06-24,0.0
2022-06-27,0.0
2022-06-28,0.0
2022-06-29,0.0
2022-06-30,0.0
2022-07-01,0.0
2022-07-05,0.0
2022-07-06,0.0
2022-07-07,0.0
2022-07-08,0.0
2022-07-11,-3.1086244689504383e-15
2022-07-12,-0.17349172453191652
2022-07-13,-0.30662015135986254
2022-07-14,-0.3750068018540569
2022-07-15,-0.3490929090111783
2022-07-18,-0.24591290623794126
2022-07-19,0.0697122242228394
2022-07-20,0.5202713611413043
2022-07-21,0.8275830901805263
2022-07-22,0.9259137304240419
2022-07-25,0.9649927513227321
2022-07-26,0.977729416879024
2022-07-27,0.9946670299713272
2022-07-28,0.0
2022-07-29,0.0
2022-08-01,0.0
2022-08-02,0.0
2022-08-03,0.0
2022-08-04,0.0
2022-08-05,0.0
2022-08-08,0.0
2022-08-09,0.0
2022-08-10,0.0
2022-08-11,0.0
2022-08-12,6.8833827526759706e-15
2022-08-15,0.2593915692964437
2022-08-16,0.43096714250310453
2022-08-17,0.4222877031297614
2022-08-18,0.5339547554031028
2022-08-19,0.3939890397561667
2022-08-22,-0.005354853276898552
2022-08-23,-0.3432604666959216
2022-08-24,-0.6016651415258734
2022-08-25,-0.6694659745345701
2022-08-26,-0.9083391735789692
2022-08-29,-0.9885902151301411
2022-08-30,-0.9994441285042901
2022-08-31,0.0
2022-09-01,0.0
2022-09-02,0.0
2022-09-06,0.0
2022-09-07,0.0
2022-09-08,0.0
2022-09-09,0.0
2022-09-12,0.0
2022-09-13,0.0
2022-09-14,0.0
2022-09-15,0.0
2022-09-16,6.661338147750939e-16
2022-09-19,-0.12702847642020343
2022-09-20,-0.3051769284934722
2022-09-21,-0.4351337942728881
2022-09-22,-0.6900340945192598
2022-09-23,-0.8518053506602425
2022-09-26,-0.9496480847179105
2022-09-27,-0.9825421501016967
2022-09-28,-0.992335476880142
2022-09-29,0.0
2022-09-30,0.0
2022-10-03,0.0
2022-10-04,0.0
2022-10-05,0.0
2022-10-06,0.0
2022-10-07,0.0
2022-10-10,0.0
2022-10-11,0.0
2022-10-12,0.0
2022-10-13,0.0
2022-10-14,1.7763568394002505e-15
2022-10-17,-0.10114688832846608
2022-10-18,-0.16939444604092646
2022-10-19,-0.20753920463144526
2022-10-20,-0.2027014883222915
2022-10-21,-0.12254007934972666
2022-10-24,-0.00912640825424016
2022-10-25,0.2713405913264104
2022-10-26,0.42934459617588283
2022-10-27,0.6138994642071904
2022-10-28,0.8259039777957273
2022-10-31,0.9158445809654401
2022-11-01,0.9637330016166117
2022-11-02,0.9812969517249062
2022-11-03,0.9921382363890785
2022-11-04,0.0
2022-11-07,0.0
2022-11-08,0.0
2022-11-09,0.0
2022-11-10,0.0
2022-11-11,0.0
2022-11-14,0.0
2022-11-15,0.0
2022-11-16,0.0
2022-11-17,0.0
2022-11-18,0.0
2022-11-21,-1.7763568394002505e-15
2022-11-22,0.16106687347820037
2022-11-23,0.402800299480778
2022-11-25,0.5547962572079594
2022-11-28,0.6136818512026507
2022-11-29,0.6399578878879317
2022-11-30,0.8012567729404598
2022-12-01,0.9085285498686015
2022-12-02,0.9554749424982403
2022-12-05,0.9758250441050558
2022-12-06,0.9811314046542325
2022-12-07,0.9864285723954431
2022-12-08,0.9950839998993954
2022-12-09,0.0
2022-12-12,0.0
2022-12-13,0.0
2022-12-14,0.0
2022-12-15,0.0
2022-12-16,0.0
2022-12-19,0.0
2022-12-20,0.0
2022-12-21,0.0
2022-12-22,0.0
2022-12-23,0.0
2022-12-27,0.0
2022-12-28,-0.44232950528765014
2022-12-29,-0.6811598084737451
2022-12-30,-0.8317260551069239
2023-01-03,-0.9283350390540981
2023-01-04,-0.9649922637740336
2023-01-05,-0.9875708416979847
2023-01-06,-0.994079852909874
2023-01-09,0.0
2023-01-10,0.0
2023-01-11,0.0
2023-01-12,0.0
2023-01-13,0.0
2023-01-17,0.0
2023-01-18,0.0
2023-01-19,0.0
2023-01-20,0.0
2023-01-23,0.0
2023-01-24,0.0
2023-01-25,-2.220446049250313e-15
2023-01-26,0.38857109870915973
2023-01-27,0.7253122097214857
2023-01-30,0.8396526874279877
2023-01-31,0.9228404286962366
2023-02-01,0.9820736219038766
2023-02-02,0.997862341946709
2023-02-03,0.0
2023-02-06,0.0
2023-02-07,0.0
2023-02-08,0.0
2023-02-09,0.0
2023-02-10,0.0
2023-02-13,0.0
2023-02-14,0.0
2023-02-15,0.0
2023-02-16,0.0
2023-02-17,0.0
2023-02-21,-3.3306690738754696e-15
2023-02-22,-0.31645463952381636
2023-02-23,0.23229612724287296
2023-02-24,0.5846737993193654
2023-02-27,0.8311120327196244
2023-02-28,0.9294248334905382
2023-03-01,0.9594113121983492
2023-03-02,0.9865723142849756
2023-03-03,0.9977541603982005
2023-03-06,0.0
2023-03-07,0.0
2023-03-08,0.0
2023-03-09,0.0
2023-03-10,0.0
2023-03-13,0.0
2023-03-14,0.0
2023-03-15,0.0
2023-03-16,0.0
2023-03-17,0.0
2023-03-20,0.0
2023-03-21,-6.661338147750939e-16
2023-03-22,0.37932793898865347
2023-03-23,0.7353976494138452
2023-03-24,0.8916624216058509
2023-03-27,0.9559908807949478
2023-03-28,0.982444809408711
2023-03-29,0.995350603511326
2023-03-30,0.0
2023-03-31,0.0
2023-04-03,0.0
2023-04-04,0.0
2023-04-05,0.0
2023-04-06,0.0
2023-04-10,0.0
2023-04-11,0.0
2023-04-12,0.0
2023-04-13,0.0
2023-04-14,0.0
2023-04-17,1.7763568394002505e-15
2023-04-18,0.2283278713449728
2023-04-19,0.5197394307634
2023-04-20,0.48432362547652863
2023-04-21,0.45566245536830685
2023-04-24,0.4017583000482623
2023-04-25,0.0480405545646343
2023-04-26,-0.03213391095930174
2023-04-27,-0.008156694524782404
2023-04-28,0.20168356387945718
2023-05-01,0.6938883330700527
2023-05-02,0.854154825436301
2023-05-03,0.9098443713569342
2023-05-04,0.9321434164571065
2023-05-05,0.9839828519699281
2023-05-08,0.9984132576804292
2023-05-09,0.0
2023-05-10,0.0
2023-05-11,0.0
2023-05-12,0.0
2023-05-15,0.0
2023-05-16,0.0
2023-05-17,0.0
2023-05-18,0.0
2023-05-19,0.0
2023-05-22,0.0
2023-05-23,0.0
2023-05-24,3.3306690738754696e-15
2023-05-25,0.9383749453253456
2023-05-26,0.9998641939746593
2023-05-30,0.0
2023-05-31,0.0
2023-06-01,0.0
2023-06-02,0.0
2023-06-05,0.0
2023-06-06,0.0
2023-06-07,0.0
2023-06-08,0.0
2023-06-09,0.0
2023-06-12,0.0
2023-06-13,0.0
2023-06-14,-3.3306690738754696e-15
2023-06-15,0.45403670758672265
2023-06-16,0.7582965047725567
2023-06-20,0.9418138362864392
2023-06-21,0.9854951149186475
2023-06-22,0.996927568192461
2023-06-23,0.0
2023-06-26,0.0
2023-06-27,0.0
2023-06-28,0.0
2023-06-29,0.0
2023-06-30,0.0
2023-07-03,0.0
2023-07-05,0.0
2023-07-06,0.0
2023-07-07,0.0
2023-07-10,0.0
2023-07-11,9.992007221626409e-15
2023-07-12,0.5971001119265402
2023-07-13,0.9857234468625533
2023-07-14,0.9998282797808804
2023-07-17,0.0
2023-07-18,0.0
2023-07-19,0.0
2023-07-20,0.0
2023-07-21,0.0
2023-07-24,0.0
2023-07-25,0.0
2023-07-26,0.0
2023-07-27,0.0
2023-07-28,0.0
2023-07-31,0.0
2023-08-01,3.3306690738754696e-15
2023-08-02,-0.3873113227935434
2023-08-03,-0.636079731349033
2023-08-04,-0.784691376737706
2023-08-07,-0.8263016760053945
2023-08-08,-0.9038477790625412
2023-08-09,-0.9862438634516548
2023-08-10,-0.9988904058922803
2023-08-11,0.0
2023-08-14,0.0
2023-08-15,0.0
2023-08-16,0.0
2023-08-17,0.0
2023-08-18,0.0
2023-08-21,0.0
2023-08-22,0.0
2023-08-23,0.0
2023-08-24,0.0
2023-08-25,0.0
2023-08-28,2.4424906541753444e-15
2023-08-29,0.4066148342020097
2023-08-30,0.7252251407838
2023-08-31,0.8957715075394166
2023-09-01,0.9566753090102211
2023-09-05,0.9835599114207243
2023-09-06,0.990285944683502
2023-09-07,0.0
2023-09-08,0.0
2023-09-11,0.0
2023-09-12,0.0
2023-09-13,0.0
2023-09-14,0.0
2023-09-15,0.0
2023-09-18,0.0
2023-09-19,0.0
2023-09-20,0.0
2023-09-21,0.0
2023-09-22,1.9984014443252818e-15
2023-09-25,-0.23905852017502371
2023-09-26,-0.47454004291831176
2023-09-27,-0.6099478891780641
2023-09-28,-0.6727887051224914
2023-09-29,-0.6995497014447611
2023-10-02,-0.6382678294950979
2023-10-03,-0.6658090009442408
2023-10-04,-0.6572465765999207
2023-10-05,-0.6050262810684142
2023-10-06,-0.46716749657705803
2023-10-09,-0.3593322120071454
2023-10-10,-0.20056916242643763
2023-10-11,0.05395379670246503
2023-10-12,0.30551114732246676
2023-10-13,0.4099494679664464
2023-10-16,0.5465509308630989
2023-10-17,0.5280075434631291
2023-10-18,0.38580743648778526
2023-10-19,0.22525516230182374
2023-10-20,0.0011547658953008355
2023-10-23,-0.08988625586772314
2023-10-24,-0.12307173537268135
2023-10-25,-0.2974182276855022
2023-10-26,-0.5431706963026346
2023-10-27,-0.7197728375973163
2023-10-30,-0.8210803551704169
2023-10-31,-0.8984534832041684
2023-11-01,-0.9250432457804825
2023-11-02,-0.9301614234218079
2023-11-03,-0.9126306839994227
2023-11-06,-0.8769476530656946
2023-11-07,-0.8264252238971337
2023-11-08,-0.7414497807306644
2023-11-09,-0.6165982330316293
2023-11-10,-0.38363310390435856
2023-11-13,-0.09090167839267727
2023-11-14,0.2745580134303187
2023-11-15,0.5429415324089915
2023-11-16,0.7607925760070038
2023-11-17,0.8875288486872193
2023-11-20,0.9623781341429749
2023-11-21,0.9884206975030829
2023-11-22,0.9958390961708856
2023-11-24,0.0
2023-11-27,0.0
2023-11-28,0.0
2023-11-29,0.0
2023-11-30,0.0
2023-12-01,0.0
2023-12-04,0.0
2023-12-05,0.0
2023-12-06,0.0
2023-12-07,0.0
2023-12-08,0.0
2023-12-11,-5.329070518200751e-15
2023-12-12,0.16020490894449635
2023-12-13,0.39283606309787156
2023-12-14,0.6202275397235679
2023-12-15,0.8280193934989151
2023-12-18,0.9673492622999538
2023-12-19,0.9939313837826695
2023-12-20,0.0
2023-12-21,0.0
2023-12-22,0.0
2023-12-26,0.0
2023-12-27,0.0
2023-12-28,0.0
2023-12-29,0.0
2024-01-02,0.0
2024-01-03,0.0
2024-01-04,0.0
2024-01-05,0.0
2024-01-08,-1.3322676295501878e-15
2024-01-09,0.6529911443729186
2024-01-10,0.9625975809377432
2024-01-11,0.9988354467112674
2024-01-12,0.0
2024-01-16,0.0
2024-01-17,0.0
2024-01-18,0.0
2024-01-19,0.0
2024-01-22,0.0
2024-01-23,0.0
2024-01-24,0.0
2024-01-25,0.0
2024-01-26,0.0
2024-01-29,0.0
2024-01-30,1.1102230246251565e-15
2024-01-31,0.1749686578146441
2024-02-01,0.4344886787548492
2024-02-02,0.7715720085483144
2024-02-05,0.9632683747309769
2024-02-06,0.9952227773260995
2024-02-07,0.0
2024-02-08,0.0
2024-02-09,0.0
2024-02-12,0.0
2024-02-13,0.0
2024-02-14,0.0
2024-02-15,0.0
2024-02-16,0.0
2024-02-20,0.0
2024-02-21,0.0
2024-02-22,0.0
2024-02-23,-3.774758283725532e-15
2024-02-26,0.41059415411143796
2024-02-27,0.6872173029209063
2024-02-28,0.829032067024547
2024-02-29,0.9302564538637006
2024-03-01,0.9860552024478062
2024-03-04,0.9989396185922015
2024-03-05,0.0
2024-03-06,0.0
2024-03-07,0.0
2024-03-08,0.0
2024-03-11,0.0
2024-03-12,0.0
2024-03-13,0.0
2024-03-14,0.0
2024-03-15,0.0
2024-03-18,0.0
2024-03-19,0.0
2024-03-20,-4.440892098500626e-15
2024-03-21,0.2480139017396441
2024-03-22,0.6625886948216924
2024-03-25,0.8997953301400503
2024-03-26,0.9551200262915189
2024-03-27,0.9634070287043766
2024-03-28,0.9709770257560926
2024-04-01,0.9769993560932138
2024-04-02,0.976612311084446
2024-04-03,0.9731339883158343
2024-04-04,0.9376967997753465
2024-04-05,0.9168387838362453
2024-04-08,0.8728699630461267
2024-04-09,0.7556311949673149
2024-04-10,0.6675180126854809
2024-04-11,0.7277612532098032
2024-04-12,0.6882407708086467
2024-04-15,0.542030841076427
2024-04-16,0.4519890075430846
2024-04-17,0.1470435322174981
2024-04-18,-0.13120287834362387
2024-04-19,-0.7628230908585518
2024-04-22,-0.9435545788171407
2024-04-23,-0.9830131453709468
2024-04-24,-0.9978125376116438
2024-04-25,0.0
2024-04-26,0.0
2024-04-29,0.0
2024-04-30,0.0
2024-05-01,0.0
2024-05-02,0.0
2024-05-03,0.0
2024-05-06,0.0
2024-05-07,0.0
2024-05-08,0.0
2024-05-09,0.0
2024-05-10,-6.661338147750939e-15
2024-05-13,0.19223357786001083
2024-05-14,0.4218553233694444
2024-05-15,0.7440914967116927
2024-05-16,0.9024406744106805
2024-05-17,0.9536350077780631
2024-05-20,0.9873927798186288
2024-05-21,0.9974669972920085
2024-05-22,0.0
2024-05-23,0.0
2024-05-24,0.0
2024-05-28,0.0
2024-05-29,0.0
2024-05-30,0.0
2024-05-31,0.0
2024-06-03,0.0
2024-06-04,0.0
2024-06-05,0.0
2024-06-06,0.0
2024-06-07,1.3322676295501878e-15
2024-06-10,0.25316157304356013
2024-06-11,0.4468492361098497
2024-06-12,0.6748551345736129
2024-06-13,0.86340480757195
2024-06-14,0.9579398113107811
2024-06-17,0.9883076507203454
2024-06-18,0.9981741130229764
2024-06-20,0.0
2024-06-21,0.0
2024-06-24,0.0
2024-06-25,0.0
2024-06-26,0.0
2024-06-27,0.0
2024-06-28,0.0
2024-07-01,0.0
2024-07-02,0.0
2024-07-03,0.0
2024-07-05,0.0
2024-07-08,0.0
2024-07-09,0.3916507032122527
2024-07-10,0.7990689309916217
2024-07-11,0.8370637008899413
2024-07-12,0.9005763785366703
2024-07-15,0.9322071431395049
2024-07-16,0.9349678322282684
2024-07-17,0.796317458985331
2024-07-18,0.6535919273304733
2024-07-19,0.32241341542301605
2024-07-22,0.2235649948330618
2024-07-23,0.07728429787523794
2024-07-24,-0.45655929928465744
2024-07-25,-0.8400974261620848
2024-07-26,-0.9664299719861189
2024-07-29,-0.9963386582832574
2024-07-30,0.0
2024-07-31,0.0
2024-08-01,0.0
2024-08-02,0.0
2024-08-05,0.0
2024-08-06,0.0
2024-08-07,0.0
2024-08-08,0.0
2024-08-09,0.0
2024-08-12,0.0
2024-08-13,0.0
2024-08-14,4.440892098500626e-16
2024-08-15,0.48885999840038097
2024-08-16,0.8193375752902174
2024-08-19,0.971861155991325
2024-08-20,0.9961566565332227
2024-08-21,0.0
2024-08-22,0.0
2024-08-23,0.0
2024-08-26,0.0
2024-08-27,0.0
2024-08-28,0.0
2024-08-29,0.0
2024-08-30,0.0
2024-09-03,0.0
2024-09-04,0.0
2024-09-05,0.0
2024-09-06,-8.881784197001252e-16
2024-09-09,-0.264436479063781
2024-09-10,-0.45625640291781977
2024-09-11,-0.47154133662644804
2024-09-12,-0.4491680199364132
2024-09-13,-0.42878332351666093
2024-09-16,-0.44689778555891246
2024-09-17,-0.4819662098316324
2024-09-18,-0.5450483920420899
2024-09-19,-0.5436872946780806
2024-09-20,-0.5665058321588523
2024-09-23,-0.5847962201108496
2024-09-24,-0.5472672376995882
2024-09-25,-0.47579613735112236
2024-09-26,-0.3949667435718536
2024-09-27,-0.34958966136338754
2024-09-30,-0.30415074444576917
2024-10-01,-0.32094802212352747
2024-10-02,-0.31232976329016315
2024-10-03,-0.25000239860105333
2024-10-04,-0.15950055094096038
2024-10-07,-0.030782033889095395
2024-10-08,0.16495372404539865
2024-10-09,0.34286545993382966
2024-10-10,0.5217421107420668
2024-10-11,0.6664779361751507
2024-10-14,0.7964621278650419
2024-10-15,0.856891880564316
2024-10-16,0.9141768061587032
2024-10-17,0.9527855986397884
2024-10-18,0.9762614915841907
2024-10-21,0.9911948142107145
2024-10-22,0.0
2024-10-23,0.0
2024-10-24,0.0
2024-10-25,0.0
2024-10-28,0.0
2024-10-29,0.0
2024-10-30,0.0
2024-10-31,0.0
2024-11-01,0.0
2024-11-04,0.0
2024-11-05,0.0
2024-11-06,0.0
2024-11-07,0.5309342900831999
2024-11-08,0.8066463661785723
2024-11-11,0.904275221262933
2024-11-12,0.9738433101715469
2024-11-13,0.9909812105533824
2024-11-14,0.0
2024-11-15,0.0
2024-11-18,0.0
2024-11-19,0.0
2024-11-20,0.0
2024-11-21,0.0
2024-11-22,0.0
2024-11-25,0.0
2024-11-26,0.0
2024-11-27,0.0
2024-11-29,0.0
2024-12-02,-5.995204332975845e-15
2024-12-03,-0.0520712875200815
2024-12-04,0.13510563219577731
2024-12-05,0.3000970555607829
2024-12-06,0.33904518062541555
2024-12-09,0.2274943695442493
2024-12-10,-0.041225031563772996
2024-12-11,-0.12183656520819164
2024-12-12,-0.2734969720490603
2024-12-13,-0.5097655608907701
2024-12-16,-0.7387856875665855
2024-12-17,-0.893602962305122
2024-12-18,-0.9687667088312701
2024-12-19,-0.9904611424507028
2024-12-20,0.0
2024-12-23,0.0
2024-12-24,0.0
2024-12-26,0.0
2024-12-27,0.0
2024-12-30,0.0
2024-12-31,0.0
2025-01-02,0.0
2025-01-03,0.0
2025-01-06,0.0
2025-01-07,0.0
2025-01-08,-6.439293542825908e-15
2025-01-10,-0.1988165711758101
2025-01-13,-0.49030286362134
2025-01-14,-0.7422326054199884
2025-01-15,-0.8073194126545071
2025-01-16,-0.8951687642981487
2025-01-17,-0.9084180774055874
2025-01-21,-0.8850229456046697
2025-01-22,-0.7428319830593777
2025-01-23,-0.5188026007620241
2025-01-24,-0.40681821268392615
2025-01-27,-0.8898985526808196
2025-01-28,-0.963612553659825
2025-01-29,-0.9952734954017004
2025-01-30,0.0
2025-01-31,0.0
2025-02-03,0.0
2025-02-04,0.0
2025-02-05,0.0
2025-02-06,0.0
2025-02-07,0.0
2025-02-10,0.0
2025-02-11,0.0
2025-02-12,0.0
2025-02-13,0.0
2025-02-14,2.886579864025407e-15
2025-02-18,0.35088967191387477
2025-02-19,0.6159201602388755
2025-02-20,0.8031806893101121
2025-02-21,0.8617314247265861
2025-02-24,0.8714467620041659
2025-02-25,0.8483112419134144
2025-02-26,0.8678120406242937
2025-02-27,0.7772206958762293
2025-02-28,0.7270394787156469
2025-03-03,0.48356421060557664
2025-03-04,0.21987536357641613
2025-03-05,-0.0290830160301212
2025-03-06,-0.40495130668961865
2025-03-07,-0.6568635761124799
2025-03-10,-0.8679546314889892
2025-03-11,-0.9541011565843354
2025-03-12,-0.9776569983789871
2025-03-13,-0.9897630358604077
2025-03-14,-0.9927699679926223
2025-03-17,0.0
2025-03-18,0.0
2025-03-19,0.0
2025-03-20,0.0
2025-03-21,0.0
2025-03-24,0.0
2025-03-25,0.0
2025-03-26,0.0
2025-03-27,0.0
2025-03-28,0.0
2025-03-31,0.0
2025-04-01,-6.661338147750939e-16
2025-04-02,-0.23565709928124257
2025-04-03,-0.7211255034786408
2025-04-04,-0.9747258156261731
2025-04-07,-0.9982922982687472
2025-04-08,0.0
2025-04-09,0.0
2025-04-10,0.0
2025-04-11,0.0
2025-04-14,0.0
2025-04-15,0.0
2025-04-16,0.0
2025-04-17,0.0
2025-04-21,0.0
2025-04-22,0.0
2025-04-23,0.0
2025-04-24,0.0
2025-04-25,0.20632731593159193
2025-04-28,0.31404960475788823
2025-04-29,0.41772061746761624
2025-04-30,0.5052991905012798
2025-05-01,0.6398018446694196
2025-05-02,0.7872628017165104
2025-05-05,0.8751330827117192
2025-05-06,0.9280180937647646
2025-05-07,0.9705694136213927
2025-05-08,0.9892437028450074
2025-05-09,0.9960673111446003
2025-05-12,0.0
2025-05-13,0.0
2025-05-14,0.0
2025-05-15,0.0
2025-05-16,0.0
2025-05-19,0.0
2025-05-20,0.0
2025-05-21,0.0
2025-05-22,0.0
2025-05-23,0.0
2025-05-27,0.0
2025-05-28,8.881784197001252e-16
2025-05-29,0.36815472021644613
2025-05-30,0.4685960059234797
2025-06-02,0.6437527203067099
2025-06-03,0.8568853738899163
2025-06-04,0.9567326533942331
2025-06-05,0.984609834120284
2025-06-06,0.9964307832969059
2025-06-09,0.0
2025-06-10,0.0
2025-06-11,0.0
2025-06-12,0.0
2025-06-13,0.0
2025-06-16,0.0
2025-06-17,0.0
2025-06-18,0.0
2025-06-20,0.0
2025-06-23,0.0
2025-06-24,0.0
2025-06-25,-7.993605777301127e-15
2025-06-26,0.5987649252812852
2025-06-27,0.9342014281994575
2025-06-30,0.9947652586118112
2025-07-01,0.0
2025-07-02,0.0
2025-07-03,0.0
2025-07-07,0.0
2025-07-08,0.0
2025-07-09,0.0
2025-07-10,0.0
2025-07-11,0.0
2025-07-14,0.0
2025-07-15,0.0
2025-07-16,0.0
2025-07-17,-4.218847493575595e-15
2025-07-18,0.3234180027411775
2025-07-21,0.5519370715651764
2025-07-22,0.6280462321930829
2025-07-23,0.7593864824957086
2025-07-24,0.8803477836608478
2025-07-25,0.943754791460035
2025-07-28,0.9820662427818263
2025-07-29,0.9941726579469323
2025-07-30,0.0
2025-07-31,0.0
2025-08-01,0.0
2025-08-04,0.0
2025-08-05,0.0
2025-08-06,0.0
2025-08-07,0.0
2025-08-08,0.0
2025-08-11,0.0
2025-08-12,0.0
2025-08-13,0.0
2025-08-14,2.4424906541753444e-15
2025-08-15,0.03187111329452197
2025-08-18,0.18584128472539718
2025-08-19,-0.16363468033449946
2025-08-20,-0.47951685548279377
2025-08-21,-0.7249174625029688
2025-08-22,-0.7874362625571809
2025-08-25,-0.7835091664166305
2025-08-26,-0.711085602676564
2025-08-27,-0.6363181322738525
2025-08-28,-0.6208176483827974
2025-08-29,-0.8150550374485022
2025-09-02,-0.9562719173368441
2025-09-03,-0.9929074271975515
2025-09-04,0.0
2025-09-05,0.0
2025-09-08,0.0
2025-09-09,0.0
2025-09-10,0.0
2025-09-11,0.0
2025-09-12,0.0
2025-09-15,0.0
2025-09-16,0.0
2025-09-17,0.0
2025-09-18,0.0
2025-09-19,0.0
2025-09-22,0.5058548279440922
2025-09-23,0.667491395100555
2025-09-24,0.7461192192268187
2025-09-25,0.8224486798117674
2025-09-26,0.8847276613418587
2025-09-29,0.955266018198468
2025-09-30,0.9928711937818131
2025-10-01,0.0
2025-10-02,0.0
2025-10-03,0.0
2025-10-06,0.0
2025-10-07,0.0
2025-10-08,0.0
2025-10-09,0.0
2025-10-10,0.0
2025-10-13,0.0
2025-10-14,0.0
2025-10-15,0.0
2025-10-16,1.5543122344752192e-15
2025-10-17,-0.14218502983197046
2025-10-20,-0.2995018839063801
2025-10-21,-0.49935831916161577
2025-10-22,-0.6828155080893592
2025-10-23,-0.7668792821598933
2025-10-24,-0.7411161454021158
2025-10-27,-0.5558734507581624
2025-10-28,0.09643220239391748
2025-10-29,0.8055256338375254
2025-10-30,0.9718375097895267
2025-10-31,0.9975753473036331
2025-11-03,0.0
2025-11-04,0.0
2025-11-05,0.0
2025-11-06,0.0
2025-11-07,0.0
2025-11-10,0.0
2025-11-11,0.0
2025-11-12,0.0
2025-11-13,0.0
2025-11-14,0.0
2025-11-17,0.0
2025-11-18,-2.886579864025407e-15
2025-11-19,-0.18340836304295793
2025-11-20,-0.4990612525190139
2025-11-21,-0.7497858963923774
2025-11-24,-0.8571136484558199
2025-11-25,-0.9461056433298971
2025-11-26,-0.9775516105527109
2025-11-28,-0.9936238468850964
2025-12-01,0.0
2025-12-02,0.0
2025-12-03,0.0
2025-12-04,0.0
2025-12-05,0.0
2025-12-08,0.0
2025-12-09,0.0
2025-12-10,0.0
2025-12-11,0.0
2025-12-12,0.0
2025-12-15,0.0
2025-12-16,-7.771561172376096e-15
2025-12-17,-0.5903364706687713
2025-12-18,-0.8178402258705231
2025-12-19,-0.8005738323306077
2025-12-22,-0.6996906466263244
2025-12-23,-0.31481008160309454
2025-12-24,0.11643429483459111
2025-12-26,0.5761792786353517
2025-12-29,0.7945796655045232
2025-12-30,0.9043851285141806
2025-12-31,0.9526274774102879
2026-01-02,0.9849993894010589
2026-01-05,0.9951880998288718
2026-01-06,0.0
2026-01-07,0.0
2026-01-08,0.0
2026-01-09,0.0
2026-01-12,0.0
2026-01-13,0.0
2026-01-14,0.0
2026-01-15,0.0
2026-01-16,0.0
2026-01-20,0.0
2026-01-21,0.0
2026-01-22,-2.4424906541753444e-15
2026-01-23,0.21525656280673378
2026-01-26,0.31775192192210966
2026-01-27,0.5345331423392645
2026-01-28,0.8077964815988725
2026-01-29,0.9466791655604305
2026-01-30,0.9839403576844021
2026-02-02,0.9834630982641765
2026-02-03,0.9498101236298162
2026-02-04,0.7075561817042351
2026-02-05,0.008171174295904082
2026-02-06,0.03464000668942124
2026-02-09,0.32555403778100067
2026-02-10,0.4984290673567273
2026-02-11,0.6934158041339342
2026-02-12,0.7463696130796404
2026-02-13,0.6689537740902916
2026-02-17,0.6604459422200608
2026-02-18,0.7454841709150597
2026-02-19,0.8107744299382469
2026-02-20,0.891499082994609
2026-02-23,0.9543199491234478
2026-02-24,0.9861743600182618
2026-02-25,0.997925886635745
2026-02-26,0.0
2026-02-27,0.0
2026-03-02,0.0
2026-03-03,0.0
2026-03-04,0.0
2026-03-05,0.0
2026-03-06,0.0
2026-03-09,0.0
2026-03-10,0.0
2026-03-11,0.0
2026-03-12,0.0
2026-03-13,2.4424906541753444e-15
2026-03-16,0.08690178823246031
2026-03-17,0.06841585674575779
2026-03-18,-0.062438634584388364
2026-03-19,-0.3094252200220837
2026-03-20,-0.7744526334917952
2026-03-23,-0.9163766449413389
2026-03-24,-0.9760471909624331
2026-03-25,-0.986833590329349
2026-03-26,-0.9989524566107344
2026-03-27,0.0
2026-03-30,0.0
2026-03-31,0.0
2026-04-01,0.0
2026-04-02,0.0
2026-04-06,0.0
2026-04-07,0.0
2026-04-08,0.0
2026-04-09,0.0
2026-04-10,0.0
2026-04-13,0.0
2026-04-14,6.661338147750939e-16
2026-04-15,0.4447737234125244
2026-04-16,0.7379473574744826
2026-04-17,0.9133319298520994
2026-04-20,0.9773390902011725
2026-04-21,0.9941151770458208
2026-04-22,0.0
2026-04-23,0.0
2026-04-24,0.0
2026-04-27,0.0
2026-04-28,0.0
2026-04-29,0.0
2026-04-30,0.0
2026-05-01,0.0
2026-05-04,0.0
2026-05-05,0.0
2026-05-06,0.0
2026-05-07,8.881784197001252e-16
2026-05-08,0.320055273815703
2026-05-11,0.6643206867929801
2026-05-12,0.8733203262073486
2026-05-13,0.9751615110921457
2026-05-14,0.9989425670346206
2026-05-15,0.0
2026-05-18,0.0
2026-05-19,0.0
2026-05-20,0.0
2026-05-21,0.0
2026-05-22,0.0
2026-05-26,0.0
2026-05-27,0.0
2026-05-28,0.0
2026-05-29,0.0
2026-06-01,0.0
2026-06-02,0.0
2026-06-03,-0.18200552881043808
2026-06-04,-0.17414320848495635
2026-06-05,-0.6396350286666757
2026-06-08,-0.834724139411918
2026-06-09,-0.936401980269628
2026-06-10,-0.9923102863319719
2026-06-11,0.0
2026-06-12,0.0
2026-06-15,0.0
2026-06-16,0.0
2026-06-17,0.0
2026-06-18,0.0
2026-06-22,0.0
2026-06-23,0.0
2026-06-24,0.0
2026-06-25,0.0
2026-06-26,0.0
2026-06-29,-3.9968028886505635e-15
2026-06-30,-0.09960395040648296
2026-07-01,-0.2696672226708303
2026-07-02,-0.49009661056908604
2026-07-06,-0.6455232779750204
2026-07-07,-0.7398153002861843
2026-07-08,-0.7081584257853821
2026-07-09,-0.6990138934051351
2026-07-10,-0.5371413134750194
2026-07-13,-0.5155412802939088
2026-07-14,-0.30658098549529855
2026-07-15,-0.06418880664553428
2026-07-16,0.047198784085028755
2026-07-17,0.041187701642775076
2026-07-20,0.04675464351570624
2026-07-21,0.14630511324473527
2026-07-22,0.34346663213611595
2026-07-23,0.4524862081004568
2026-07-24,0.5154904017813453
2026-07-27,0.3881790610704803
