2005-01-03,0.0
2005-01-04,0.0
2005-01-05,0.0
2005-01-06,0.0
2005-01-07,0.0
2005-01-10,0.0
2005-01-11,0.0
2005-01-12,0.0
2005-01-13,0.0
2005-01-14,0.0
2005-01-18,0.0
2005-01-19,1.509903313490213e-14
2005-01-20,-0.022281323914598916
2005-01-21,-0.10231456823914487
2005-01-24,-0.23837071955863354
2005-01-25,-0.4010320874699289
2005-01-26,-0.3632083971367175
2005-01-27,-0.09029008135327699
2005-01-28,0.17472022725792025
2005-01-31,0.6295838076733729
2005-02-01,0.9216641838869843
2005-02-02,0.991311311255286
2005-02-03,0.0
2005-02-04,0.0
2005-02-07,0.0
2005-02-08,0.0
2005-02-09,0.0
2005-02-10,0.0
2005-02-11,0.0
2005-02-14,0.0
2005-02-15,0.0
2005-02-16,0.0
2005-02-17,0.0
2005-02-18,-3.9968028886505635e-15
2005-02-22,-0.10513247759943223
2005-02-23,-0.2331853159418289
2005-02-24,-0.17210019035854085
2005-02-25,0.09958578815698793
2005-02-28,0.20470238549656772
2005-03-01,0.36363561775121633
2005-03-02,0.5431952305683605
2005-03-03,0.6779742847495869
2005-03-04,0.8052268378347669
2005-03-07,0.876203629255258
2005-03-08,0.9493711542559669
2005-03-09,0.9828203760867948
2005-03-10,0.9947612349800565
2005-03-11,0.0
2005-03-14,0.0
2005-03-15,0.0
2005-03-16,0.0
2005-03-17,0.0
2005-03-18,0.0
2005-03-21,0.0
2005-03-22,0.0
2005-03-23,0.0
2005-03-24,0.0
2005-03-28,0.0
2005-03-29,4.285460875053104e-14
2005-03-30,0.8479666959151069
2005-03-31,0.9820948233247655
2005-04-01,0.9991430006963093
2005-04-04,0.0
2005-04-05,0.0
2005-04-06,0.0
2005-04-07,0.0
2005-04-08,0.0
2005-04-11,0.0
2005-04-12,0.0
2005-04-13,0.0
2005-04-14,0.0
2005-04-15,0.0
2005-04-18,0.0
2005-04-19,-6.8833827526759706e-15
2005-04-20,-0.4387082647239895
2005-04-21,-0.6416662044718433
2005-04-22,-0.8222669441208401
2005-04-25,-0.8836467560616663
2005-04-26,-0.9222986924289884
2005-04-27,-0.9464648659028785
2005-04-28,-0.9541789891098884
2005-04-29,-0.9522836697718831
2005-05-02,-0.9303074530018405
2005-05-03,-0.8830136657346594
2005-05-04,-0.7286906162360958
2005-05-05,-0.5349263303104368
2005-05-06,-0.3324900318948534
2005-05-09,-0.062180554683944234
2005-05-10,0.23450206889928316
2005-05-11,0.5579018525093185
2005-05-12,0.7936580330594523
2005-05-13,0.8992102117915373
2005-05-16,0.961730945368447
2005-05-17,0.988594742204284
2005-05-18,0.9971165914778473
2005-05-19,0.0
2005-05-20,0.0
2005-05-23,0.0
2005-05-24,0.0
2005-05-25,0.0
2005-05-26,0.0
2005-05-27,0.0
2005-05-31,0.0
2005-06-01,0.0
2005-06-02,0.0
2005-06-03,0.0
2005-06-06,3.708144902248023e-14
2005-06-07,-0.040314372387503905
2005-06-08,-0.14353756186103261
2005-06-09,0.09304842019073423
2005-06-10,0.27855587735067155
2005-06-13,0.11937905942898408
2005-06-14,-0.10547860792436947
2005-06-15,-0.42787642366967393
2005-06-16,-0.6876878964571778
2005-06-17,-0.7319601635177673
2005-06-20,-0.7488676292707885
2005-06-21,-0.732261299978104
2005-06-22,-0.7272050564464874
2005-06-23,-0.8489276816137019
2005-06-24,-0.9736839451448811
2005-06-27,-0.9971588489038412
2005-06-28,0.0
2005-06-29,0.0
2005-06-30,0.0
2005-07-01,0.0
2005-07-05,0.0
2005-07-06,0.0
2005-07-07,0.0
2005-07-08,0.0
2005-07-11,0.0
2005-07-12,0.0
2005-07-13,0.0
2005-07-14,2.4424906541753444e-15
2005-07-15,-0.23333621849455555
2005-07-18,-0.47236293796400597
2005-07-19,-0.6431997532850247
2005-07-20,-0.7538281211447861
2005-07-21,-0.8396592134212524
2005-07-22,-0.8834771769444478
2005-07-25,-0.8977425690038137
2005-07-26,-0.847912755561359
2005-07-27,-0.780897203184669
2005-07-28,-0.7695118690339249
2005-07-29,-0.8021447831291093
2005-08-01,-0.8277321858421403
2005-08-02,-0.8251117424647538
2005-08-03,-0.8237379156322056
2005-08-04,-0.8288968241722801
2005-08-05,-0.8334392268292974
2005-08-08,-0.8207614203641844
2005-08-09,-0.8289156745054598
2005-08-10,-0.8417802476860861
2005-08-11,-0.8343017750409738
2005-08-12,-0.8540565209292201
2005-08-15,-0.8655814974537304
2005-08-16,-0.878777753094901
2005-08-17,-0.8793465271284209
2005-08-18,-0.8878828149448099
2005-08-19,-0.900927011972728
2005-08-22,-0.8975941143132742
2005-08-23,-0.8943175125019263
2005-08-24,-0.9104653913647596
2005-08-25,-0.9290318929776837
2005-08-26,-0.9484063330298267
2005-08-29,-0.9517188479008167
2005-08-30,-0.9568222765767769
2005-08-31,-0.9616096341996034
2005-09-01,-0.9698119392316424
2005-09-02,-0.9780087554594159
2005-09-06,-0.9810188292506221
2005-09-07,-0.9795955920072767
2005-09-08,-0.9788884458084428
2005-09-09,-0.9781870178805991
2005-09-12,-0.9776214694932603
2005-09-13,-0.9783435731168275
2005-09-14,-0.9809982311672092
2005-09-15,-0.982436243311879
2005-09-16,-0.9837162051411736
2005-09-19,-0.9856716781335597
2005-09-20,-0.9894203595632183
2005-09-21,-0.9944050407051475
2005-09-22,0.0
2005-09-23,0.0
2005-09-26,0.0
2005-09-27,0.0
2005-09-28,0.0
2005-09-29,0.0
2005-09-30,0.0
2005-10-03,0.0
2005-10-04,0.0
2005-10-05,0.0
2005-10-06,0.0
2005-10-07,5.773159728050814e-15
2005-10-10,-0.18747189026623
2005-10-11,-0.6420687824825473
2005-10-12,-0.889325071315612
2005-10-13,-0.9799378615047107
2005-10-14,-0.9810568148933339
2005-10-17,-0.9692665777170717
2005-10-18,-0.9654773816478237
2005-10-19,-0.8026342408294385
2005-10-20,-0.6599215201533233
2005-10-21,-0.6725151199133794
2005-10-24,-0.29804362759066216
2005-10-25,-0.19822934464898978
2005-10-26,-0.4318253467415061
2005-10-27,-0.6691133231144892
2005-10-28,-0.578816960372077
2005-10-31,-0.6417930601767909
2005-11-01,-0.7876607399953375
2005-11-02,-0.8798706781634968
2005-11-03,-0.9364205262899972
2005-11-04,-0.9845681141443003
2005-11-07,-0.9948616766346237
2005-11-08,0.0
2005-11-09,0.0
2005-11-10,0.0
2005-11-11,0.0
2005-11-14,0.0
2005-11-15,0.0
2005-11-16,0.0
2005-11-17,0.0
2005-11-18,0.0
2005-11-21,0.0
2005-11-22,0.0
2005-11-23,-1.354472090042691e-14
2005-11-25,0.20732162984854519
2005-11-28,0.3057312394001004
2005-11-29,0.5998471730508963
2005-11-30,0.7487421043532243
2005-12-01,0.9446616383828299
2005-12-02,0.9890967446199304
2005-12-05,0.9980956537735179
2005-12-06,0.0
2005-12-07,0.0
2005-12-08,0.0
2005-12-09,0.0
2005-12-12,0.0
2005-12-13,0.0
2005-12-14,0.0
2005-12-15,0.0
2005-12-16,0.0
2005-12-19,0.0
2005-12-20,0.0
2005-12-21,0.0
2005-12-22,0.24943165401400558
2005-12-23,0.4781330880234327
2005-12-27,0.655878074802926
2005-12-28,0.8187705194209092
2005-12-29,0.8866845719774175
2005-12-30,0.937419145346547
2006-01-03,0.9638590863140302
2006-01-04,0.9926080802898338
2006-01-05,0.0
2006-01-06,0.0
2006-01-09,0.0
2006-01-10,0.0
2006-01-11,0.0
2006-01-12,0.0
2006-01-13,0.0
2006-01-17,0.0
2006-01-18,0.0
2006-01-19,0.0
2006-01-20,0.0
2006-01-23,-5.773159728050814e-15
2006-01-24,0.05697161386788219
2006-01-25,-0.18206689602972204
2006-01-26,0.3890339385501378
2006-01-27,0.5741823721957457
2006-01-30,0.8062752782695011
2006-01-31,0.9749595440274863
2006-02-01,0.9989588434794141
2006-02-02,0.0
2006-02-03,0.0
2006-02-06,0.0
2006-02-07,0.0
2006-02-08,0.0
2006-02-09,0.0
2006-02-10,0.0
2006-02-13,0.0
2006-02-14,0.0
2006-02-15,0.0
2006-02-16,0.0
2006-02-17,-7.993605777301127e-15
2006-02-21,0.31636355973210684
2006-02-22,0.6656637254520379
2006-02-23,0.8387129258567392
2006-02-24,0.9537471715101096
2006-02-27,0.9881057577917252
2006-02-28,0.9951972738328876
2006-03-01,0.0
2006-03-02,0.0
2006-03-03,0.0
2006-03-06,0.0
2006-03-07,0.0
2006-03-08,0.0
2006-03-09,0.0
2006-03-10,0.0
2006-03-13,0.0
2006-03-14,0.0
2006-03-15,0.0
2006-03-16,-1.4432899320127035e-14
2006-03-17,0.5498067515344551
2006-03-20,0.9132384413929311
2006-03-21,0.9864599965309349
2006-03-22,0.9988101548279631
2006-03-23,0.0
2006-03-24,0.0
2006-03-27,0.0
2006-03-28,0.0
2006-03-29,0.0
2006-03-30,0.0
2006-03-31,0.0
2006-04-03,0.0
2006-04-04,0.0
2006-04-05,0.0
2006-04-06,0.0
2006-04-07,3.397282455352979e-14
2006-04-10,-0.3730621572020396
2006-04-11,-0.7898058985400649
2006-04-12,-0.962512783030719
2006-04-13,-0.9956691161752502
2006-04-17,0.0
2006-04-18,0.0
2006-04-19,0.0
2006-04-20,0.0
2006-04-21,0.0
2006-04-24,0.0
2006-04-25,0.0
2006-04-26,0.0
2006-04-27,0.0
2006-04-28,0.0
2006-05-01,0.0
2006-05-02,1.354472090042691e-14
2006-05-03,-0.03546937625179858
2006-05-04,-0.11727450695954111
2006-05-05,-0.0609289331575158
2006-05-08,-0.011688542437178873
2006-05-09,-0.06021279422828596
2006-05-10,0.03999349869421831
2006-05-11,0.058647169199816274
2006-05-12,-0.18747764912978981
2006-05-15,-0.28665963247358595
2006-05-16,-0.33323138320998313
2006-05-17,-0.6628930272392686
2006-05-18,-0.8705326775056954
2006-05-19,-0.9305506389923222
2006-05-22,-0.9692257763051879
2006-05-23,-0.9934741518706476
2006-05-24,0.0
2006-05-25,0.0
2006-05-26,0.0
2006-05-30,0.0
2006-05-31,0.0
2006-06-01,0.0
2006-06-02,0.0
2006-06-05,0.0
2006-06-06,0.0
2006-06-07,0.0
2006-06-08,0.0
2006-06-09,3.9968028886505635e-15
2006-06-12,-0.4255038546310821
2006-06-13,-0.8054864653477412
2006-06-14,-0.9608801711642205
2006-06-15,-0.9748826380306652
2006-06-16,-0.987171973729172
2006-06-19,-0.9955787379206735
2006-06-20,0.0
2006-06-21,0.0
2006-06-22,0.0
2006-06-23,0.0
2006-06-26,0.0
2006-06-27,0.0
2006-06-28,0.0
2006-06-29,0.0
2006-06-30,0.0
2006-07-03,0.0
2006-07-05,0.0
2006-07-06,0.0
2006-07-07,0.3690212684906937
2006-07-10,0.7963793925497002
2006-07-11,0.9752031327517194
2006-07-12,0.9977220517471208
2006-07-13,0.0
2006-07-14,0.0
2006-07-17,0.0
2006-07-18,0.0
2006-07-19,0.0
2006-07-20,0.0
2006-07-21,0.0
2006-07-24,0.0
2006-07-25,0.0
2006-07-26,0.0
2006-07-27,0.0
2006-07-28,2.886579864025407e-15
2006-07-31,0.3260755472484509
2006-08-01,0.635476185133178
2006-08-02,0.869376195791479
2006-08-03,0.9625055121574615
2006-08-04,0.9957513058615519
2006-08-07,0.0
2006-08-08,0.0
2006-08-09,0.0
2006-08-10,0.0
2006-08-11,0.0
2006-08-14,0.0
2006-08-15,0.0
2006-08-16,0.0
2006-08-17,0.0
2006-08-18,0.0
2006-08-21,0.0
2006-08-22,9.547918011776346e-15
2006-08-23,0.35327963020942876
2006-08-24,0.4699962504611115
2006-08-25,0.5046627219521573
2006-08-28,0.6647094841084176
2006-08-29,0.6852594277174529
2006-08-30,0.6374515447080871
2006-08-31,0.6358451892883392
2006-09-01,0.7585307271466162
2006-09-05,0.8466560650942121
2006-09-06,0.8829893239279887
2006-09-07,0.9214396727690508
2006-09-08,0.9458228384780769
2006-09-11,0.9476574270121785
2006-09-12,0.9157031212844924
2006-09-13,0.8980539471698914
2006-09-14,0.9024495935237182
2006-09-15,0.9158469457848657
2006-09-18,0.8821983355808711
2006-09-19,0.8616702150098459
2006-09-20,0.8724326328189544
2006-09-21,0.8667161909032881
2006-09-22,0.876964984148932
2006-09-25,0.9504744662909692
2006-09-26,0.9866243942985862
2006-09-27,0.9964470095013909
2006-09-28,0.0
2006-09-29,0.0
2006-10-02,0.0
2006-10-03,0.0
2006-10-04,0.0
2006-10-05,0.0
2006-10-06,0.0
2006-10-09,0.0
2006-10-10,0.0
2006-10-11,0.0
2006-10-12,0.0
2006-10-13,1.687538997430238e-14
2006-10-16,0.22119021241658898
2006-10-17,0.2121779028024806
2006-10-18,0.30625244709515154
2006-10-19,0.36479318727753496
2006-10-20,0.2582236754295635
2006-10-23,0.35819563220001593
2006-10-24,0.5754603459712664
2006-10-25,0.44228929879649637
2006-10-26,0.02659081940251129
2006-10-27,-0.435745103087803
2006-10-30,-0.49726920883252745
2006-10-31,-0.564600010070718
2006-11-01,-0.5831578745238966
2006-11-02,-0.6267782104484707
2006-11-03,-0.6717049590865811
2006-11-06,-0.6503910940110234
2006-11-07,-0.6481118424987324
2006-11-08,-0.7334724594593562
2006-11-09,-0.8594568907481523
2006-11-10,-0.9216201006588698
2006-11-13,-0.9357969013959273
2006-11-14,-0.918633800999586
2006-11-15,-0.8803862961565194
2006-11-16,-0.7788994576907198
2006-11-17,-0.6593021815659255
2006-11-20,-0.49744679758948673
2006-11-21,-0.21628691440547287
2006-11-22,0.02039614529339362
2006-11-24,0.23122088361397353
2006-11-27,0.2585850230905953
2006-11-28,0.47512558501325763
2006-11-29,0.7408987372742688
2006-11-30,0.8871650107017939
2006-12-01,0.9564542397070417
2006-12-04,0.9929914048894986
2006-12-05,0.0
2006-12-06,0.0
2006-12-07,0.0
2006-12-08,0.0
2006-12-11,0.0
2006-12-12,0.0
2006-12-13,0.0
2006-12-14,0.0
2006-12-15,0.0
2006-12-18,0.0
2006-12-19,0.0
2006-12-20,-1.3100631690576847e-14
2006-12-21,0.18470497012226694
2006-12-22,0.29480744984180096
2006-12-26,0.5170607574528454
2006-12-27,0.7591258584821632
2006-12-28,0.8508699839507918
2006-12-29,0.8979128390276223
2007-01-03,0.9252300849196833
2007-01-04,0.9374598230772773
2007-01-05,0.9567116490978524
2007-01-08,0.989891717614896
2007-01-09,0.997923391024145
2007-01-10,0.0
2007-01-11,0.0
2007-01-12,0.0
2007-01-16,0.0
2007-01-17,0.0
2007-01-18,0.0
2007-01-19,0.0
2007-01-22,0.0
2007-01-23,0.0
2007-01-24,0.0
2007-01-25,0.0
2007-01-26,-1.4432899320127035e-14
2007-01-29,-0.14904700853792852
2007-01-30,-0.24663518480918567
2007-01-31,-0.1489615778070419
2007-02-01,0.19475821435329266
2007-02-02,0.48741349644437904
2007-02-05,0.7643247007225114
2007-02-06,0.9717790529702328
2007-02-07,0.9986423247854559
2007-02-08,0.0
2007-02-09,0.0
2007-02-12,0.0
2007-02-13,0.0
2007-02-14,0.0
2007-02-15,0.0
2007-02-16,0.0
2007-02-20,0.0
2007-02-21,0.0
2007-02-22,0.0
2007-02-23,0.0
2007-02-26,2.4646951146678475e-14
2007-02-27,-0.8920186492650108
2007-02-28,-0.9986975641366596
2007-03-01,0.0
2007-03-02,0.0
2007-03-05,0.0
2007-03-06,0.0
2007-03-07,0.0
2007-03-08,0.0
2007-03-09,0.0
2007-03-12,0.0
2007-03-13,0.0
2007-03-14,0.0
2007-03-15,0.0
2007-03-16,-5.10702591327572e-15
2007-03-19,0.3079315416094266
2007-03-20,0.4678923358187417
2007-03-21,0.7587490706063504
2007-03-22,0.7919311699868534
2007-03-23,0.8917206411647127
2007-03-26,0.9254842776051644
2007-03-27,0.9431261725927285
2007-03-28,0.9318203716450855
2007-03-29,0.9457368761047229
2007-03-30,0.9312078326363462
2007-04-02,0.9116045106689221
2007-04-03,0.9023877813914567
2007-04-04,0.88391101501592
2007-04-05,0.847756336466061
2007-04-09,0.8716933023520039
2007-04-10,0.8927243384943575
2007-04-11,0.8564805577145673
2007-04-12,0.7880943259262008
2007-04-13,0.7080552788193533
2007-04-16,0.5926524680028635
2007-04-17,0.4543507595689227
2007-04-18,0.3462821448890976
2007-04-19,0.1488571777422394
2007-04-20,-0.07930405422716125
2007-04-23,-0.10959130895863356
2007-04-24,-0.3798240827431214
2007-04-25,-0.5458818295122916
2007-04-26,-0.7969812931480837
2007-04-27,-0.8220558832467197
2007-04-30,-0.8648681928941855
2007-05-01,-0.8960330032929211
2007-05-02,-0.9242750372634754
2007-05-03,-0.9398680443681222
2007-05-04,-0.9488796534306272
2007-05-07,-0.9337342743339812
2007-05-08,-0.912059149112622
2007-05-09,-0.8692657177758916
2007-05-10,-0.8197661932271401
2007-05-11,-0.7469059073224649
2007-05-14,-0.6349548208951747
2007-05-15,-0.4751705442534795
2007-05-16,-0.2778647845236175
2007-05-17,-0.17521363791885625
2007-05-18,-0.09841200539799
2007-05-21,0.0363959743655391
2007-05-22,-0.24728251738435403
2007-05-23,-0.4866299576727213
2007-05-24,-0.5626836930207753
2007-05-25,-0.5808627013212027
2007-05-29,-0.5127938793120039
2007-05-30,-0.42006212888362837
2007-05-31,-0.33110992178576115
2007-06-01,-0.2938960522485379
2007-06-04,-0.27536134967249803
2007-06-05,-0.33681084640375336
2007-06-06,-0.3612518967722944
2007-06-07,-0.48525824815011975
2007-06-08,-0.4895511428119319
2007-06-11,-0.5356401777763882
2007-06-12,-0.636185120442637
2007-06-13,-0.7073139992775093
2007-06-14,-0.6938573172327063
2007-06-15,-0.7117898891752032
2007-06-18,-0.779296672520057
2007-06-19,-0.7837386672925866
2007-06-20,-0.8440888690290276
2007-06-21,-0.8902060676241637
2007-06-22,-0.9481778871357864
2007-06-25,-0.9738638443966852
2007-06-26,-0.9870032775816253
2007-06-27,-0.9934367547895597
2007-06-28,0.0
2007-06-29,0.0
2007-07-02,0.0
2007-07-03,0.0
2007-07-05,0.0
2007-07-06,0.0
2007-07-09,0.0
2007-07-10,0.0
2007-07-11,0.0
2007-07-12,0.0
2007-07-13,0.0
2007-07-16,9.992007221626409e-15
2007-07-17,0.42134584139763076
2007-07-18,0.7096055717359615
2007-07-19,0.8934727057456497
2007-07-20,0.9484138320578004
2007-07-23,0.9887997911027127
2007-07-24,0.9997678208035632
2007-07-25,0.0
2007-07-26,0.0
2007-07-27,0.0
2007-07-30,0.0
2007-07-31,0.0
2007-08-01,0.0
2007-08-02,0.0
2007-08-03,0.0
2007-08-06,0.0
2007-08-07,0.0
2007-08-08,0.0
2007-08-09,6.217248937900877e-15
2007-08-10,-0.32177576231976013
2007-08-13,-0.37749440369674847
2007-08-14,-0.5291263596703155
2007-08-15,-0.697755240040909
2007-08-16,-0.7972323143701754
2007-08-17,-0.8529785060300412
2007-08-20,-0.8946678433695014
2007-08-21,-0.9326624847081886
2007-08-22,-0.9392262021977589
2007-08-23,-0.9519473931694147
2007-08-24,-0.939121915565877
2007-08-27,-0.8958536768346628
2007-08-28,-0.9059787744203869
2007-08-29,-0.8915988564953263
2007-08-30,-0.8863975132688415
2007-08-31,-0.8743329432402704
2007-09-04,-0.8667652377537081
2007-09-05,-0.8584704613257155
2007-09-06,-0.8576669059682118
2007-09-07,-0.881570491684567
2007-09-10,-0.8916733878435859
2007-09-11,-0.895500531938608
2007-09-12,-0.9031798484846671
2007-09-13,-0.8885113007973635
2007-09-14,-0.8493976794279361
2007-09-17,-0.8341141843682751
2007-09-18,-0.7700853312367402
2007-09-19,-0.7133417999621652
2007-09-20,-0.6534030323581699
2007-09-21,-0.5259185690315205
2007-09-24,-0.4083413863002212
2007-09-25,-0.1882541400712645
2007-09-26,0.07073941169466713
2007-09-27,0.3529616173338297
2007-09-28,0.6300885145734556
2007-10-01,0.8189553489533119
2007-10-02,0.9158440151070446
2007-10-03,0.9617108615237207
2007-10-04,0.9875655243178707
2007-10-05,0.9963428425216598
2007-10-08,0.0
2007-10-09,0.0
2007-10-10,0.0
2007-10-11,0.0
2007-10-12,0.0
2007-10-15,0.0
2007-10-16,0.0
2007-10-17,0.0
2007-10-18,0.0
2007-10-19,0.0
2007-10-22,0.0
2007-10-23,-1.5543122344752192e-15
2007-10-24,-0.18008608191711306
2007-10-25,-0.1159107195460245
2007-10-26,-0.21621440072224174
2007-10-29,-0.2464171336680394
2007-10-30,-0.36604439265351063
2007-10-31,-0.3190707019659895
2007-11-01,-0.3779250591092258
2007-11-02,-0.3272076497070642
2007-11-05,-0.3373688304172102
2007-11-06,-0.3432173348413321
2007-11-07,-0.4510311840328536
2007-11-08,-0.6004797129322181
2007-11-09,-0.6061925532195649
2007-11-12,-0.6452926005631716
2007-11-13,-0.48251196236832894
2007-11-14,-0.32063296520029994
2007-11-15,-0.1354395160877635
2007-11-16,-0.002240731894442405
2007-11-19,0.11648233924488749
2007-11-20,0.13294328171906744
2007-11-21,0.03608706402909889
2007-11-23,0.1331788589826557
2007-11-26,0.03157432480694178
2007-11-27,-0.06289258403303366
2007-11-28,0.04689132252545192
2007-11-29,0.23015305664536356
2007-11-30,0.3184172627685553
2007-12-03,0.3490384728589988
2007-12-04,0.34030208284988017
2007-12-05,0.33294063273915553
2007-12-06,0.3950098266079549
2007-12-07,0.4857290294608987
2007-12-10,0.553869809885404
2007-12-11,0.48028927455863757
2007-12-12,0.4311603757741973
2007-12-13,0.4316097829851018
2007-12-14,0.4900732299591697
2007-12-17,0.47200224620672016
2007-12-18,0.4183575580338641
2007-12-19,0.3670139563913968
2007-12-20,0.2870572748428921
2007-12-21,0.35044992590210233
2007-12-24,0.44818665897955356
2007-12-26,0.459736484858559
2007-12-27,0.38691754944871914
2007-12-28,0.2639388533698186
2007-12-31,0.055132007774772784
2008-01-02,-0.14932362205713834
2008-01-03,-0.21343910386925335
2008-01-04,-0.3442549679485061
2008-01-07,-0.47369488465043874
2008-01-08,-0.5855101391414783
2008-01-09,-0.6061817414617976
2008-01-10,-0.6256024074756765
2008-01-11,-0.6131121474786074
2008-01-14,-0.6468479717653741
2008-01-15,-0.7155790479875388
2008-01-16,-0.795578635202197
2008-01-17,-0.9094241390244919
2008-01-18,-0.9665200485194752
2008-01-22,-0.9908475613455574
2008-01-23,0.0
2008-01-24,0.0
2008-01-25,0.0
2008-01-28,0.0
2008-01-29,0.0
2008-01-30,0.0
2008-01-31,0.0
2008-02-01,0.0
2008-02-04,0.0
2008-02-05,0.0
2008-02-06,0.0
2008-02-07,-4.440892098500626e-15
2008-02-08,-0.08218695418423683
2008-02-11,0.04100210017918737
2008-02-12,0.11380081204594972
2008-02-13,0.3394322179841682
2008-02-14,0.38313495806515374
2008-02-15,0.3097448710151278
2008-02-19,0.3730427553551028
2008-02-20,0.40997074943600476
2008-02-21,0.2816535015924151
2008-02-22,0.16163169600265848
2008-02-25,0.16925733092926953
2008-02-26,0.12155602870437687
2008-02-27,0.02787420826352216
2008-02-28,-0.04504303075741167
2008-02-29,-0.2632694269507654
2008-03-03,-0.4031849116034234
2008-03-04,-0.5416781166747746
2008-03-05,-0.6076623998341426
2008-03-06,-0.6907393594645206
2008-03-07,-0.7924935504135628
2008-03-10,-0.9198745644406339
2008-03-11,-0.9650077889572299
2008-03-12,-0.9895611980062136
2008-03-13,-0.9967735463176155
2008-03-14,0.0
2008-03-17,0.0
2008-03-18,0.0
2008-03-19,0.0
2008-03-20,0.0
2008-03-24,0.0
2008-03-25,0.0
2008-03-26,0.0
2008-03-27,0.0
2008-03-28,0.0
2008-03-31,0.0
2008-04-01,-7.327471962526033e-15
2008-04-02,-0.12425903395293436
2008-04-03,-0.521374879026002
2008-04-04,-0.4713181153654624
2008-04-07,-0.07369966832788877
2008-04-08,0.5766294464705621
2008-04-09,0.8734017925705928
2008-04-10,0.9666359030205147
2008-04-11,0.9941498495056085
2008-04-14,0.0
2008-04-15,0.0
2008-04-16,0.0
2008-04-17,0.0
2008-04-18,0.0
2008-04-21,0.0
2008-04-22,0.0
2008-04-23,0.0
2008-04-24,0.0
2008-04-25,0.0
2008-04-28,0.0
2008-04-29,6.8833827526759706e-15
2008-04-30,0.06463513428427792
2008-05-01,0.3316498555435383
2008-05-02,0.47042438889348936
2008-05-05,0.5585061714778079
2008-05-06,0.6263380585377258
2008-05-07,0.6405158431234086
2008-05-08,0.6482401366230577
2008-05-09,0.6557911044827056
2008-05-12,0.7329536315055218
2008-05-13,0.8569615573375418
2008-05-14,0.9328630886059719
2008-05-15,0.9739519520724236
2008-05-16,0.991134325704462
2008-05-19,0.0
2008-05-20,0.0
2008-05-21,0.0
2008-05-22,0.0
2008-05-23,0.0
2008-05-27,0.0
2008-05-28,0.0
2008-05-29,0.0
2008-05-30,0.0
2008-06-02,0.0
2008-06-03,0.0
2008-06-04,1.021405182655144e-14
2008-06-05,-0.06804759639044677
2008-06-06,-0.7350429817023363
2008-06-09,-0.9802993483772389
2008-06-10,-0.9993220301394947
2008-06-11,0.0
2008-06-12,0.0
2008-06-13,0.0
2008-06-16,0.0
2008-06-17,0.0
2008-06-18,0.0
2008-06-19,0.0
2008-06-20,0.0
2008-06-23,0.0
2008-06-24,0.0
2008-06-25,0.0
2008-06-26,0.0
2008-06-27,-0.44392219990330894
2008-06-30,-0.8118123607888246
2008-07-01,-0.8790949258611223
2008-07-02,-0.9441439348079872
2008-07-03,-0.9597195602030093
2008-07-07,-0.9537773474880327
2008-07-08,-0.9194356119114144
2008-07-09,-0.9203042295076755
2008-07-10,-0.8843164529166361
2008-07-11,-0.8735363904336579
2008-07-14,-0.8876568575859116
2008-07-15,-0.9098435262929601
2008-07-16,-0.9459514710466714
2008-07-17,-0.973345523512313
2008-07-18,-0.9834770335379666
2008-07-21,-0.9872909936545171
2008-07-22,-0.9775842568320565
2008-07-23,-0.9109233547131694
2008-07-24,-0.8391867524938665
2008-07-25,-0.7417176784093429
2008-07-28,-0.6939514378599687
2008-07-29,-0.6051942183780574
2008-07-30,-0.48972276721661334
2008-07-31,-0.3457477444764623
2008-08-01,-0.22437713793945946
2008-08-04,-0.043319055408303164
2008-08-05,0.4290726290801876
2008-08-06,0.7254649642116253
2008-08-07,0.9118503575811427
2008-08-08,0.9933650867645838
2008-08-11,0.0
2008-08-12,0.0
2008-08-13,0.0
2008-08-14,0.0
2008-08-15,0.0
2008-08-18,0.0
2008-08-19,0.0
2008-08-20,0.0
2008-08-21,0.0
2008-08-22,0.0
2008-08-25,0.0
2008-08-26,-1.865174681370263e-14
2008-08-27,0.22071198154850724
2008-08-28,0.8508860256345563
2008-08-29,0.9368739680667562
2008-09-02,0.9858927874482721
2008-09-03,0.9950402352871022
2008-09-04,0.0
2008-09-05,0.0
2008-09-08,0.0
2008-09-09,0.0
2008-09-10,0.0
2008-09-11,0.0
2008-09-12,0.0
2008-09-15,0.0
2008-09-16,0.0
2008-09-17,0.0
2008-09-18,0.0
2008-09-19,7.105427357601002e-15
2008-09-22,-0.3625858762224783
2008-09-23,-0.6648863589233995
2008-09-24,-0.8426333074511883
2008-09-25,-0.8936595527935494
2008-09-26,-0.9014015879330302
2008-09-29,-0.9392908884913027
2008-09-30,-0.9652172132312753
2008-10-01,-0.9832591039943768
2008-10-02,-0.9970357768961073
2008-10-03,0.0
2008-10-06,0.0
2008-10-07,0.0
2008-10-08,0.0
2008-10-09,0.0
2008-10-10,0.0
2008-10-13,0.0
2008-10-14,0.0
2008-10-15,0.0
2008-10-16,0.0
2008-10-17,0.0
2008-10-20,-1.9984014443252818e-15
2008-10-21,-0.3869736148990657
2008-10-22,-0.7633241856614446
2008-10-23,-0.9314715800788176
2008-10-24,-0.9903524257380485
2008-10-27,0.0
2008-10-28,0.0
2008-10-29,0.0
2008-10-30,0.0
2008-10-31,0.0
2008-11-03,0.0
2008-11-04,0.0
2008-11-05,0.0
2008-11-06,0.0
2008-11-07,0.0
2008-11-10,0.0
2008-11-11,6.661338147750939e-16
2008-11-12,-0.40757819834046893
2008-11-13,-0.5847659136296639
2008-11-14,-0.7894338065940394
2008-11-17,-0.9174105882148893
2008-11-18,-0.9617805727522737
2008-11-19,-0.9906303733899104
2008-11-20,0.0
2008-11-21,0.0
2008-11-24,0.0
2008-11-25,0.0
2008-11-26,0.0
2008-11-28,0.0
2008-12-01,0.0
2008-12-02,0.0
2008-12-03,0.0
2008-12-04,0.0
2008-12-05,0.0
2008-12-08,6.661338147750939e-16
2008-12-09,0.3254627154777605
2008-12-10,0.5194197702059202
2008-12-11,0.5657553156105712
2008-12-12,0.6593479951849113
2008-12-15,0.6819779803004435
2008-12-16,0.7660922065428246
2008-12-17,0.8387639345618907
2008-12-18,0.8874377069226891
2008-12-19,0.9339547289339687
2008-12-22,0.956779587489003
2008-12-23,0.9696158788831359
2008-12-24,0.981259012719425
2008-12-26,0.9912764896391706
2008-12-29,0.0
2008-12-30,0.0
2008-12-31,0.0
2009-01-02,0.0
2009-01-05,0.0
2009-01-06,0.0
2009-01-07,0.0
2009-01-08,0.0
2009-01-09,0.0
2009-01-12,0.0
2009-01-13,0.0
2009-01-14,6.439293542825908e-15
2009-01-15,-0.25197311123324995
2009-01-16,-0.2323641626680406
2009-01-20,-0.5058243790501484
2009-01-21,-0.6262170809060381
2009-01-22,-0.40392767938243557
2009-01-23,-0.4702370638856559
2009-01-26,-0.4260162492616266
2009-01-27,-0.3856284419334419
2009-01-28,-0.33989618407346134
2009-01-29,-0.25625556358957824
2009-01-30,-0.25105214309219015
2009-02-02,-0.4363235883931591
2009-02-03,-0.5523987503878374
2009-02-04,-0.5944854161322819
2009-02-05,-0.6063841596560122
2009-02-06,-0.7135722957275936
2009-02-09,-0.7256244655178761
2009-02-10,-0.841182970570292
2009-02-11,-0.9208572219129987
2009-02-12,-0.9643177245455998
2009-02-13,-0.9812030291799199
2009-02-17,-0.9950602716637769
2009-02-18,0.0
2009-02-19,0.0
2009-02-20,0.0
2009-02-23,0.0
2009-02-24,0.0
2009-02-25,0.0
2009-02-26,0.0
2009-02-27,0.0
2009-03-02,0.0
2009-03-03,0.0
2009-03-04,0.0
2009-03-05,8.881784197001252e-16
2009-03-06,-0.2890119046854309
2009-03-09,-0.538885786091748
2009-03-10,-0.7068152827225131
2009-03-11,-0.830965248562546
2009-03-12,-0.8868751521446696
2009-03-13,-0.9243842446570609
2009-03-16,-0.9357014445447855
2009-03-17,-0.9409718868278678
2009-03-18,-0.9411055860352133
2009-03-19,-0.9356329294023737
2009-03-20,-0.9321280115288395
2009-03-23,-0.9224238961206976
2009-03-24,-0.9175683761650117
2009-03-25,-0.9107953267969195
2009-03-26,-0.8791373020130331
2009-03-27,-0.8516985869091538
2009-03-30,-0.8394879482143471
2009-03-31,-0.8269515686690547
2009-04-01,-0.8260614998584499
2009-04-02,-0.8125045702264635
2009-04-03,-0.8143288895526228
2009-04-06,-0.7640665747143582
2009-04-07,-0.7012310637505625
2009-04-08,-0.643887752875864
2009-04-09,-0.5737108097137993
2009-04-13,-0.4914766979175702
2009-04-14,-0.4177686285792337
2009-04-15,-0.318534596443826
2009-04-16,-0.16085054692726897
2009-04-17,-0.01149531108915447
2009-04-20,0.11433647859773255
2009-04-21,0.23959252059170355
2009-04-22,0.3383122515412891
2009-04-23,0.4643274767669838
2009-04-24,0.5713939222620392
2009-04-27,0.6729780294852943
2009-04-28,0.7482985879107686
2009-04-29,0.8222907942944384
2009-04-30,0.8751606859172119
2009-05-01,0.9245728931574706
2009-05-04,0.9536667237747845
2009-05-05,0.971502878380734
2009-05-06,0.9836101526118866
2009-05-07,0.9904372440427149
2009-05-08,0.0
2009-05-11,0.0
2009-05-12,0.0
2009-05-13,0.0
2009-05-14,0.0
2009-05-15,0.0
2009-05-18,0.0
2009-05-19,0.0
2009-05-20,0.0
2009-05-21,0.0
2009-05-22,0.0
2009-05-26,5.551115123125783e-15
2009-05-27,0.10573182692435479
2009-05-28,0.5322962675350111
2009-05-29,0.850910600927846
2009-06-01,0.9752633657128924
2009-06-02,0.9977266842290533
2009-06-03,0.0
2009-06-04,0.0
2009-06-05,0.0
2009-06-08,0.0
2009-06-09,0.0
2009-06-10,0.0
2009-06-11,0.0
2009-06-12,0.0
2009-06-15,0.0
2009-06-16,0.0
2009-06-17,0.0
2009-06-18,0.0
2009-06-19,-0.13223867420581104
2009-06-22,-0.3947810868301398
2009-06-23,-0.613928153284435
2009-06-24,-0.8685844944485579
2009-06-25,-0.9349867624602544
2009-06-26,-0.9714717076345203
2009-06-29,-0.9811991284391433
2009-06-30,-0.9933807838538968
2009-07-01,0.0
2009-07-02,0.0
2009-07-06,0.0
2009-07-07,0.0
2009-07-08,0.0
2009-07-09,0.0
2009-07-10,0.0
2009-07-13,0.0
2009-07-14,0.0
2009-07-15,0.0
2009-07-16,0.0
2009-07-17,-7.327471962526033e-15
2009-07-20,0.3098028205289354
2009-07-21,-0.3593611290447227
2009-07-22,-0.720556917007761
2009-07-23,-0.9291989907962801
2009-07-24,-0.992930792414616
2009-07-27,0.0
2009-07-28,0.0
2009-07-29,0.0
2009-07-30,0.0
2009-07-31,0.0
2009-08-03,0.0
2009-08-04,0.0
2009-08-05,0.0
2009-08-06,0.0
2009-08-07,0.0
2009-08-10,0.0
2009-08-11,7.549516567451064e-15
2009-08-12,0.1194921746760218
2009-08-13,0.15682735570057815
2009-08-14,-0.036100624172691775
2009-08-17,-0.37535773301052977
2009-08-18,-0.610285494643982
2009-08-19,-0.8155515661395123
2009-08-20,-0.8643952386864897
2009-08-21,-0.8807275504560113
2009-08-24,-0.907830971515921
2009-08-25,-0.9408984628212642
2009-08-26,-0.9586208188205969
2009-08-27,-0.9447618681782941
2009-08-28,-0.9290291449585857
2009-08-31,-0.9092112000702735
2009-09-01,-0.8433592236744427
2009-09-02,-0.8456831951952619
2009-09-03,-0.8230707056965074
2009-09-04,-0.7611320095120058
2009-09-08,-0.8021011062887979
2009-09-09,-0.900823968487372
2009-09-10,-0.9420045985826087
2009-09-11,-0.8992928040414776
2009-09-14,-0.8404455043240844
2009-09-15,-0.7511761252373241
2009-09-16,-0.577582157538254
2009-09-17,0.23841783099721314
2009-09-18,0.8652778698982251
2009-09-21,0.9866431405836942
2009-09-22,0.9995311343977309
2009-09-23,0.0
2009-09-24,0.0
2009-09-25,0.0
2009-09-28,0.0
2009-09-29,0.0
2009-09-30,0.0
2009-10-01,0.0
2009-10-02,0.0
2009-10-05,0.0
2009-10-06,0.0
2009-10-07,0.0
2009-10-08,0.0
2009-10-09,-0.08980400878757933
2009-10-12,-0.31729751971417564
2009-10-13,-0.5328354452780215
2009-10-14,-0.6272658225514132
2009-10-15,-0.7204144781506974
2009-10-16,-0.7669176551551073
2009-10-19,-0.7358537831276943
2009-10-20,-0.8942084021029202
2009-10-21,-0.981467059664699
2009-10-22,-0.9956250795851049
2009-10-23,0.0
2009-10-26,0.0
2009-10-27,0.0
2009-10-28,0.0
2009-10-29,0.0
2009-10-30,0.0
2009-11-02,0.0
2009-11-03,0.0
2009-11-04,0.0
2009-11-05,0.0
2009-11-06,0.0
2009-11-09,-3.552713678800501e-15
2009-11-10,0.34648120026803
2009-11-11,0.6433007886137214
2009-11-12,0.7892003580322364
2009-11-13,0.9246472395500123
2009-11-16,0.9823225088930385
2009-11-17,0.995825729276645
2009-11-18,0.0
2009-11-19,0.0
2009-11-20,0.0
2009-11-23,0.0
2009-11-24,0.0
2009-11-25,0.0
2009-11-27,0.0
2009-11-30,0.0
2009-12-01,0.0
2009-12-02,0.0
2009-12-03,0.0
2009-12-04,-1.9984014443252818e-15
2009-12-07,0.26947684758633406
2009-12-08,0.35935417050968854
2009-12-09,0.12349208866188999
2009-12-10,-0.023848516156288024
2009-12-11,-0.049724744071975024
2009-12-14,0.06844016607635073
2009-12-15,0.15147950790051246
2009-12-16,0.21005869008229028
2009-12-17,0.09429738400573151
2009-12-18,0.014312167541862486
2009-12-21,-0.07072162856099884
2009-12-22,-0.22305691040814568
2009-12-23,-0.4048180775722563
2009-12-24,-0.5687397450502043
2009-12-28,-0.6581386823635311
2009-12-29,-0.6708937008040152
2009-12-30,-0.7171478018411568
2009-12-31,-0.7964656020694256
2010-01-04,-0.794629901097482
2010-01-05,-0.7533515328878102
2010-01-06,-0.7695068151482971
2010-01-07,-0.8667883620472878
2010-01-08,-0.9005528534886289
2010-01-11,-0.9191795208537135
2010-01-12,-0.9346987096904056
2010-01-13,-0.9326381078721089
2010-01-14,-0.9313418950936958
2010-01-15,-0.9315175684650745
2010-01-19,-0.9003504547658625
2010-01-20,-0.8659398926968596
2010-01-21,-0.8609855792538512
2010-01-22,-0.893761414516357
2010-01-25,-0.8947605641634171
2010-01-26,-0.8953125421242987
2010-01-27,-0.8877110405242301
2010-01-28,-0.9025980856767124
2010-01-29,-0.9420218486627616
2010-02-01,-0.9635022530759763
2010-02-02,-0.9654420943049613
2010-02-03,-0.9661001934100404
2010-02-04,-0.9720683625486535
2010-02-05,-0.9786530904357034
2010-02-08,-0.9882892516970714
2010-02-09,-0.9918605381689538
2010-02-10,0.0
2010-02-11,0.0
2010-02-12,0.0
2010-02-16,0.0
2010-02-17,0.0
2010-02-18,0.0
2010-02-19,0.0
2010-02-22,0.0
2010-02-23,0.0
2010-02-24,0.0
2010-02-25,0.0
2010-02-26,-8.659739592076221e-15
2010-03-01,0.58108550006546
2010-03-02,0.9028332738820712
2010-03-03,0.9813372037030421
2010-03-04,0.9981712264835494
2010-03-05,0.0
2010-03-08,0.0
2010-03-09,0.0
2010-03-10,0.0
2010-03-11,0.0
2010-03-12,0.0
2010-03-15,0.0
2010-03-16,0.0
2010-03-17,0.0
2010-03-18,0.0
2010-03-19,0.0
2010-03-22,1.3322676295501878e-15
2010-03-23,0.11707851844807915
2010-03-24,0.12345391432740405
2010-03-25,0.09139448413488571
2010-03-26,0.1364029811102938
2010-03-29,0.23630481015289018
2010-03-30,0.2589406591738428
2010-03-31,0.19919465877697418
2010-04-01,0.20294522962641404
2010-04-05,0.20303235196502878
2010-04-06,0.08538128209122386
2010-04-07,-0.058090100037587966
2010-04-08,-0.19379195950034078
2010-04-09,-0.2712150578788022
2010-04-12,-0.33331491940461233
2010-04-13,-0.4139324003718001
2010-04-14,-0.48651140594572473
2010-04-15,-0.5149291559955964
2010-04-16,-0.5551562979480713
2010-04-19,-0.5234640561311334
2010-04-20,-0.4440514340704482
2010-04-21,-0.2742411129644844
2010-04-22,-0.06486946962951556
2010-04-23,0.16065349183400057
2010-04-26,0.3145277170228089
2010-04-27,0.356065115393559
2010-04-28,0.4230298965295014
2010-04-29,0.5596655830213852
2010-04-30,0.6075431178954762
2010-05-03,0.725133724335252
2010-05-04,0.7744402935071724
2010-05-05,0.8007050114937684
2010-05-06,0.7673431286629835
2010-05-07,0.6728629704099229
2010-05-10,0.6609920214846525
2010-05-11,0.6278591585857534
2010-05-12,0.6069806411745802
2010-05-13,0.5381708918095196
2010-05-14,0.38444260814890985
2010-05-17,0.2449930978496353
2010-05-18,0.08179209650719188
2010-05-19,-0.11082351549882774
2010-05-20,-0.44567062647239153
2010-05-21,-0.5616556011144049
2010-05-24,-0.7074409639270016
2010-05-25,-0.8004298877011247
2010-05-26,-0.8803186656168218
2010-05-27,-0.9150320776864882
2010-05-28,-0.946494072901993
2010-06-01,-0.9712905843145627
2010-06-02,-0.9834697831392016
2010-06-03,-0.9909309308364243
2010-06-04,0.0
2010-06-07,0.0
2010-06-08,0.0
2010-06-09,0.0
2010-06-10,0.0
2010-06-11,0.0
2010-06-14,0.0
2010-06-15,0.0
2010-06-16,0.0
2010-06-17,0.0
2010-06-18,0.0
2010-06-21,3.1086244689504383e-15
2010-06-22,0.10177216522228583
2010-06-23,0.17443435916145988
2010-06-24,0.058850620939243425
2010-06-25,-0.05839626812301235
2010-06-28,-0.21821125603905167
2010-06-29,-0.5753796893820406
2010-06-30,-0.8317829513637398
2010-07-01,-0.946863868490263
2010-07-02,-0.9863455528130427
2010-07-06,-0.9971984294545144
2010-07-07,0.0
2010-07-08,0.0
2010-07-09,0.0
2010-07-12,0.0
2010-07-13,0.0
2010-07-14,0.0
2010-07-15,0.0
2010-07-16,0.0
2010-07-19,0.0
2010-07-20,0.0
2010-07-21,0.0
2010-07-22,-6.217248937900877e-15
2010-07-23,-0.2267296398210139
2010-07-26,-0.21380577813312085
2010-07-27,-0.2042642367942611
2010-07-28,-0.11281474646389111
2010-07-29,-0.08954643067020496
2010-07-30,-0.024710395295018506
2010-08-02,0.19173511743678273
2010-08-03,0.29779995920497226
2010-08-04,0.32056569704930205
2010-08-05,0.34392608268336855
2010-08-06,0.3728716008572073
2010-08-09,0.48322092029761676
2010-08-10,0.5027502387916254
2010-08-11,0.2174046205663518
2010-08-12,-0.19923750146175934
2010-08-13,-0.5221113027598812
2010-08-16,-0.8120601379312586
2010-08-17,-0.9286704674864807
2010-08-18,-0.9566291017161535
2010-08-19,-0.9811077011060536
2010-08-20,-0.9917531942652182
2010-08-23,0.0
2010-08-24,0.0
2010-08-25,0.0
2010-08-26,0.0
2010-08-27,0.0
2010-08-30,0.0
2010-08-31,0.0
2010-09-01,0.0
2010-09-02,0.0
2010-09-03,0.0
2010-09-07,0.0
2010-09-08,9.103828801926284e-15
2010-09-09,-0.26323592298253473
2010-09-10,-0.26696556112371805
2010-09-13,-0.4640745091645062
2010-09-14,-0.7519771083302211
2010-09-15,-0.9030680361250238
2010-09-16,-0.9667586503192547
2010-09-17,-0.9756369299239964
2010-09-20,-0.9664025525639857
2010-09-21,-0.923732051928088
2010-09-22,-0.8389878338248402
2010-09-23,-0.7192323868495949
2010-09-24,-0.3336138126552637
2010-09-27,0.015385971776583851
2010-09-28,0.3631317657777233
2010-09-29,0.5652671470390052
2010-09-30,0.656958962556383
2010-10-01,0.5511092098187513
2010-10-04,0.3963164272049309
2010-10-05,0.41358076277969946
2010-10-06,0.47036503847467337
2010-10-07,0.48896895123258366
2010-10-08,0.43936807637154707
2010-10-11,0.43934874164965465
2010-10-12,0.4483049537618027
2010-10-13,0.5252661953055973
2010-10-14,0.4918510920687047
2010-10-15,0.4363201450826746
2010-10-18,0.38212687043670246
2010-10-19,0.25194867590942094
2010-10-20,0.16711865642063328
2010-10-21,0.3485506649437058
2010-10-22,0.5014256573272442
2010-10-25,0.5957607008473391
2010-10-26,0.707843154429832
2010-10-27,0.7361325786615653
2010-10-28,0.7703625909247256
2010-10-29,0.8156631520353523
2010-11-01,0.8611947754094835
2010-11-02,0.9025144796850202
2010-11-03,0.9143697081442843
2010-11-04,0.9476709178884082
2010-11-05,0.9817514207926032
2010-11-08,0.9945003234554026
2010-11-09,0.0
2010-11-10,0.0
2010-11-11,0.0
2010-11-12,0.0
2010-11-15,0.0
2010-11-16,0.0
2010-11-17,0.0
2010-11-18,0.0
2010-11-19,0.0
2010-11-22,0.0
2010-11-23,0.0
2010-11-24,7.993605777301127e-15
2010-11-26,-0.1352202661780928
2010-11-29,-0.23401557788362237
2010-11-30,-0.3458767123223223
2010-12-01,-0.25859127080749
2010-12-02,-0.11563471327901542
2010-12-03,-0.06613890087530994
2010-12-06,-0.0748490186546158
2010-12-07,0.007838185549052579
2010-12-08,-0.008980610568257497
2010-12-09,-0.07936571747583954
2010-12-10,-0.07955797485472704
2010-12-13,-0.10690755139408492
2010-12-14,0.03663179602783928
2010-12-15,0.1384005753816655
2010-12-16,0.30593008673667055
2010-12-17,0.4253911142146627
2010-12-20,0.49333126215542533
2010-12-21,0.5671831798881235
2010-12-22,0.5987396965073972
2010-12-23,0.6207914092355238
2010-12-27,0.6457012190718268
2010-12-28,0.6862206136594282
2010-12-29,0.6961589292166046
2010-12-30,0.6792136301455023
2010-12-31,0.7336641240344655
2011-01-03,0.7784153801156053
2011-01-04,0.8336898559616799
2011-01-05,0.9174735627441497
2011-01-06,0.9742442108790201
2011-01-07,0.9943061566270939
2011-01-10,0.0
2011-01-11,0.0
2011-01-12,0.0
2011-01-13,0.0
2011-01-14,0.0
2011-01-18,0.0
2011-01-19,0.0
2011-01-20,0.0
2011-01-21,0.0
2011-01-24,0.0
2011-01-25,0.0
2011-01-26,7.771561172376096e-15
2011-01-27,0.2383225256545345
2011-01-28,0.3710233828144891
2011-01-31,0.5783163893641672
2011-02-01,0.7730590007909588
2011-02-02,0.8987205990066272
2011-02-03,0.9556849973561612
2011-02-04,0.981917062888011
2011-02-07,0.9945055872856661
2011-02-08,0.0
2011-02-09,0.0
2011-02-10,0.0
2011-02-11,0.0
2011-02-14,0.0
2011-02-15,0.0
2011-02-16,0.0
2011-02-17,0.0
2011-02-18,0.0
2011-02-22,0.0
2011-02-23,0.0
2011-02-24,1.0658141036401503e-14
2011-02-25,-0.1191002170237363
2011-02-28,-0.4750778794336825
2011-03-01,-0.7300013899559026
2011-03-02,-0.8458943413031921
2011-03-03,-0.8034823353673679
2011-03-04,-0.8574165159079041
2011-03-07,-0.928931942440069
2011-03-08,-0.9329329719005732
2011-03-09,-0.9272842987204919
2011-03-10,-0.9707662265758257
2011-03-11,-0.9678414477778072
2011-03-14,-0.9648957260304563
2011-03-15,-0.9779885404038564
2011-03-16,-0.9950044702835643
2011-03-17,0.0
2011-03-18,0.0
2011-03-21,0.0
2011-03-22,0.0
2011-03-23,0.0
2011-03-24,0.0
2011-03-25,0.0
2011-03-28,0.0
2011-03-29,0.0
2011-03-30,0.0
2011-03-31,0.0
2011-04-01,-1.6653345369377348e-14
2011-04-04,0.1683923595891923
2011-04-05,0.3675512587619578
2011-04-06,0.650532648118296
2011-04-07,0.8726256374028574
2011-04-08,0.8418386071629924
2011-04-11,0.8100496608321333
2011-04-12,0.7490386591631841
2011-04-13,0.008887198017930809
2011-04-14,-0.8198898763667
2011-04-15,-0.9844996718815551
2011-04-18,-0.9999437269049551
2011-04-19,0.0
2011-04-20,0.0
2011-04-21,0.0
2011-04-25,0.0
2011-04-26,0.0
2011-04-27,0.0
2011-04-28,0.0
2011-04-29,0.0
2011-05-02,0.0
2011-05-03,0.0
2011-05-04,0.0
2011-05-05,1.1324274851176597e-14
2011-05-06,0.30033585234215376
2011-05-09,0.5393063078939693
2011-05-10,0.648755697832291
2011-05-11,0.7269957119420307
2011-05-12,0.8479360408315266
2011-05-13,0.8964729035824159
2011-05-16,0.9545494229105826
2011-05-17,0.9697271062165271
2011-05-18,0.9849835402081335
2011-05-19,0.9944251478140189
2011-05-20,0.0
2011-05-23,0.0
2011-05-24,0.0
2011-05-25,0.0
2011-05-26,0.0
2011-05-27,0.0
2011-05-31,0.0
2011-06-01,0.0
2011-06-02,0.0
2011-06-03,0.0
2011-06-06,0.0
2011-06-07,-1.021405182655144e-14
2011-06-08,-0.03950544525056254
2011-06-09,0.08800088830404973
2011-06-10,0.0853541454370752
2011-06-13,0.37906060573439415
2011-06-14,0.7054474994516933
2011-06-15,0.8832837892884398
2011-06-16,0.9665425103740288
2011-06-17,0.9926285416248917
2011-06-20,0.0
2011-06-21,0.0
2011-06-22,0.0
2011-06-23,0.0
2011-06-24,0.0
2011-06-27,0.0
2011-06-28,0.0
2011-06-29,0.0
2011-06-30,0.0
2011-07-01,0.0
2011-07-05,0.0
2011-07-06,0.0
2011-07-07,0.23988690537208068
2011-07-08,0.25532052616665757
2011-07-11,0.14808926302168168
2011-07-12,-0.016919285659577232
2011-07-13,-0.18014052828945215
2011-07-14,-0.41821321580328763
2011-07-15,-0.7185360181207259
2011-07-18,-0.9308718656589829
2011-07-19,-0.9774370802596097
2011-07-20,-0.9939186520877856
2011-07-21,0.0
2011-07-22,0.0
2011-07-25,0.0
2011-07-26,0.0
2011-07-27,0.0
2011-07-28,0.0
2011-07-29,0.0
2011-08-01,0.0
2011-08-02,0.0
2011-08-03,0.0
2011-08-04,0.0
2011-08-05,4.884981308350689e-15
2011-08-08,-0.4725411013408656
2011-08-09,-0.7073275449066871
2011-08-10,-0.9230749508804428
2011-08-11,-0.9777993134036769
2011-08-12,-0.9941221074421895
2011-08-15,0.0
2011-08-16,0.0
2011-08-17,0.0
2011-08-18,0.0
2011-08-19,0.0
2011-08-22,0.0
2011-08-23,0.0
2011-08-24,0.0
2011-08-25,0.0
2011-08-26,0.0
2011-08-29,0.0
2011-08-30,-1.3322676295501878e-15
2011-08-31,0.37491869525165766
2011-09-01,0.5621063490414324
2011-09-02,0.5806952904097196
2011-09-06,0.5865687833710633
2011-09-07,0.7088396976472036
2011-09-08,0.7507410751371615
2011-09-09,0.7691255899385032
2011-09-12,0.8145478393648309
2011-09-13,0.8665767354352356
2011-09-14,0.9234408671918564
2011-09-15,0.9750051888817841
2011-09-16,0.9941947699783922
2011-09-19,0.0
2011-09-20,0.0
2011-09-21,0.0
2011-09-22,0.0
2011-09-23,0.0
2011-09-26,0.0
2011-09-27,0.0
2011-09-28,0.0
2011-09-29,0.0
2011-09-30,0.0
2011-10-03,0.0
2011-10-04,5.10702591327572e-15
2011-10-05,-0.1274205940337938
2011-10-06,-0.155350009352339
2011-10-07,-0.06432192466488895
2011-10-10,0.24831967430195512
2011-10-11,0.5653199023595523
2011-10-12,0.7661257483168025
2011-10-13,0.8949653708793004
2011-10-14,0.9509645697814542
2011-10-17,0.9657032323554542
2011-10-18,0.9851830520050393
2011-10-19,0.9924985180642953
2011-10-20,0.0
2011-10-21,0.0
2011-10-24,0.0
2011-10-25,0.0
2011-10-26,0.0
2011-10-27,0.0
2011-10-28,0.0
2011-10-31,0.0
2011-11-01,0.0
2011-11-02,0.0
2011-11-03,0.0
2011-11-04,1.7763568394002505e-15
2011-11-07,0.29153942465550053
2011-11-08,0.5431919632757796
2011-11-09,0.5982482186657578
2011-11-10,0.5700097102266226
2011-11-11,0.660426137807617
2011-11-14,0.7290979999338736
2011-11-15,0.812289286152335
2011-11-16,0.7826293940282021
2011-11-17,0.7021514745762782
2011-11-18,0.6043746975323248
2011-11-21,0.43868699727249205
2011-11-22,0.2519927050408015
2011-11-23,0.0016971832594416814
2011-11-25,-0.0905434347231362
2011-11-28,0.09081017018217552
2011-11-29,0.21302044271690113
2011-11-30,0.470913670814761
2011-12-01,0.7199762627089357
2011-12-02,0.8305826058655117
2011-12-05,0.9097336034310879
2011-12-06,0.9523687357308361
2011-12-07,0.9735326407803468
2011-12-08,0.9801954954205863
2011-12-09,0.9889391296926342
2011-12-12,0.9927815193622589
2011-12-13,0.0
2011-12-14,0.0
2011-12-15,0.0
2011-12-16,0.0
2011-12-19,0.0
2011-12-20,0.0
2011-12-21,0.0
2011-12-22,0.0
2011-12-23,0.0
2011-12-27,0.0
2011-12-28,0.0
2011-12-29,-4.6629367034256575e-15
2011-12-30,0.1943252750235931
2012-01-03,0.4607729923929471
2012-01-04,0.5897158569445993
2012-01-05,0.6434939740797829
2012-01-06,0.6852875245276158
2012-01-09,0.724906293533472
2012-01-10,0.7834575732001059
2012-01-11,0.835558185034849
2012-01-12,0.8970857108630963
2012-01-13,0.9348549472031937
2012-01-17,0.9606752075049123
2012-01-18,0.9801969203419638
2012-01-19,0.9935302780372262
2012-01-20,0.0
2012-01-23,0.0
2012-01-24,0.0
2012-01-25,0.0
2012-01-26,0.0
2012-01-27,0.0
2012-01-30,0.0
2012-01-31,0.0
2012-02-01,0.0
2012-02-02,0.0
2012-02-03,0.0
2012-02-06,2.220446049250313e-15
2012-02-07,0.6628555423671614
2012-02-08,0.9642158729108641
2012-02-09,0.9988506071026344
2012-02-10,0.0
2012-02-13,0.0
2012-02-14,0.0
2012-02-15,0.0
2012-02-16,0.0
2012-02-17,0.0
2012-02-21,0.0
2012-02-22,0.0
2012-02-23,0.0
2012-02-24,0.0
2012-02-27,0.0
2012-02-28,-2.4424906541753444e-15
2012-02-29,0.269064483615
2012-03-01,0.4859217853808442
2012-03-02,0.6693321202823284
2012-03-05,0.8119935083187877
2012-03-06,0.8477194020391348
2012-03-07,0.8863082226034782
2012-03-08,0.9308551002441341
2012-03-09,0.9689005172416087
2012-03-12,0.9875011390290578
2012-03-13,0.9969026497524218
2012-03-14,0.0
2012-03-15,0.0
2012-03-16,0.0
2012-03-19,0.0
2012-03-20,0.0
2012-03-21,0.0
2012-03-22,0.0
2012-03-23,0.0
2012-03-26,0.0
2012-03-27,0.0
2012-03-28,0.0
2012-03-29,1.84297022087776e-14
2012-03-30,-0.0016859197131871007
2012-04-02,0.4767803835355866
2012-04-03,0.7669185479125651
2012-04-04,0.8307277751200477
2012-04-05,0.8561750953621494
2012-04-09,0.6479153573132912
2012-04-10,-0.019998686638024843
2012-04-11,-0.44655577470089813
2012-04-12,-0.35083489518793076
2012-04-13,-0.49514155154205053
2012-04-16,-0.5561018763925196
2012-04-17,-0.36291158625289155
2012-04-18,-0.21681393923927184
2012-04-19,-0.07749641872395929
2012-04-20,0.19880840087347917
2012-04-23,0.36872958167130365
2012-04-24,0.6351903032342003
2012-04-25,0.7951024794801416
2012-04-26,0.9366605671796073
2012-04-27,0.9783754960288673
2012-04-30,0.9868382553888664
2012-05-01,0.9921888120347078
2012-05-02,0.0
2012-05-03,0.0
2012-05-04,0.0
2012-05-07,0.0
2012-05-08,0.0
2012-05-09,0.0
2012-05-10,0.0
2012-05-11,0.0
2012-05-14,0.0
2012-05-15,0.0
2012-05-16,0.0
2012-05-17,1.1102230246251565e-15
2012-05-18,-0.35725252300225474
2012-05-21,-0.568820031813948
2012-05-22,-0.7206825779128856
2012-05-23,-0.8380752520351251
2012-05-24,-0.9099677261289287
2012-05-25,-0.9595798115293106
2012-05-29,-0.9776018351942644
2012-05-30,-0.9873079903479944
2012-05-31,-0.9929055480938795
2012-06-01,0.0
2012-06-04,0.0
2012-06-05,0.0
2012-06-06,0.0
2012-06-07,0.0
2012-06-08,0.0
2012-06-11,0.0
2012-06-12,0.0
2012-06-13,0.0
2012-06-14,0.0
2012-06-15,0.0
2012-06-18,-6.439293542825908e-15
2012-06-19,0.4718160106799463
2012-06-20,0.7019004523367731
2012-06-21,0.8340696401621082
2012-06-22,0.9452384154192446
2012-06-25,0.9718664355327511
2012-06-26,0.9773560907933032
2012-06-27,0.9922598071606408
2012-06-28,0.0
2012-06-29,0.0
2012-07-02,0.0
2012-07-03,0.0
2012-07-05,0.0
2012-07-06,0.0
2012-07-09,0.0
2012-07-10,0.0
2012-07-11,0.0
2012-07-12,0.0
2012-07-13,0.0
2012-07-16,-1.2212453270876722e-14
2012-07-17,0.1661938653872621
2012-07-18,0.5705228871287418
2012-07-19,0.8072857848896198
2012-07-20,0.8756347540679661
2012-07-23,0.871175169649484
2012-07-24,0.9214114304808045
2012-07-25,0.9495731063002071
2012-07-26,0.9829147491323764
2012-07-27,0.9987965921558737
2012-07-30,0.0
2012-07-31,0.0
2012-08-01,0.0
2012-08-02,0.0
2012-08-03,0.0
2012-08-06,0.0
2012-08-07,0.0
2012-08-08,0.0
2012-08-09,0.0
2012-08-10,0.0
2012-08-13,0.0
2012-08-14,-7.105427357601002e-15
2012-08-15,0.3273358962989201
2012-08-16,0.6604784260210264
2012-08-17,0.876515250807727
2012-08-20,0.979324799241905
2012-08-21,0.9984021602975661
2012-08-22,0.0
2012-08-23,0.0
2012-08-24,0.0
2012-08-27,0.0
2012-08-28,0.0
2012-08-29,0.0
2012-08-30,0.0
2012-08-31,0.0
2012-09-04,0.0
2012-09-05,0.0
2012-09-06,0.0
2012-09-07,1.554312234475219e-14
2012-09-10,0.19982818151884651
2012-09-11,0.43608973661002226
2012-09-12,0.6594998619914223
2012-09-13,0.8877494859028714
2012-09-14,0.9489407657753519
2012-09-17,0.9706361037838451
2012-09-18,0.9745852503112298
2012-09-19,0.9859959864365122
2012-09-20,0.9786819105206948
2012-09-21,0.9717068601154581
2012-09-24,0.9552718940168163
2012-09-25,0.9522159561044168
2012-09-26,0.9628120129674891
2012-09-27,0.9815392834809287
2012-09-28,0.9962776318451692
2012-10-01,0.0
2012-10-02,0.0
2012-10-03,0.0
2012-10-04,0.0
2012-10-05,0.0
2012-10-08,0.0
2012-10-09,0.0
2012-10-10,0.0
2012-10-11,0.0
2012-10-12,0.0
2012-10-15,0.0
2012-10-16,-1.4876988529977098e-14
2012-10-17,0.06689935995832608
2012-10-18,0.35613513084735837
2012-10-19,0.20053721186145834
2012-10-22,0.011102529545789386
2012-10-23,-0.39263195335450396
2012-10-24,-0.24058189652575268
2012-10-25,-0.1889728685714167
2012-10-26,-0.3231937165579377
2012-10-31,-0.24412610706573878
2012-11-01,-0.03318537946178557
2012-11-02,0.053244181875795604
2012-11-05,0.22698817421361883
2012-11-06,0.5377745093274486
2012-11-07,0.04472714459013005
2012-11-08,-0.6614584795389828
2012-11-09,-0.9446887830495057
2012-11-12,-0.9961562465650244
2012-11-13,0.0
2012-11-14,0.0
2012-11-15,0.0
2012-11-16,0.0
2012-11-19,0.0
2012-11-20,0.0
2012-11-21,0.0
2012-11-23,0.0
2012-11-26,0.0
2012-11-27,0.0
2012-11-28,0.0
2012-11-29,3.3306690738754696e-15
2012-11-30,0.3316629946031018
2012-12-03,0.46222777506141566
2012-12-04,0.5667456117120617
2012-12-05,0.6562165708276941
2012-12-06,0.7266442565348448
2012-12-07,0.7997312232541143
2012-12-10,0.8688422881447335
2012-12-11,0.9083060608379949
2012-12-12,0.9338379746096543
2012-12-13,0.929441211816064
2012-12-14,0.9080662332766583
2012-12-17,0.9112030637216169
2012-12-18,0.9480072922164888
2012-12-19,0.9703056236545506
2012-12-20,0.9818143620415509
2012-12-21,0.9905900627174729
2012-12-24,0.0
2012-12-26,0.0
2012-12-27,0.0
2012-12-28,0.0
2012-12-31,0.0
2013-01-02,0.0
2013-01-03,0.0
2013-01-04,0.0
2013-01-07,0.0
2013-01-08,0.0
2013-01-09,0.0
2013-01-10,1.3322676295501878e-14
2013-01-11,0.14686479178226008
2013-01-14,0.3223951441823578
2013-01-15,0.49220058921030296
2013-01-16,0.555116920130013
2013-01-17,0.7625225224242183
2013-01-18,0.8302345091578496
2013-01-22,0.942499159912265
2013-01-23,0.9902001919182746
2013-01-24,0.0
2013-01-25,0.0
2013-01-28,0.0
2013-01-29,0.0
2013-01-30,0.0
2013-01-31,0.0
2013-02-01,0.0
2013-02-04,0.0
2013-02-05,0.0
2013-02-06,0.0
2013-02-07,0.0
2013-02-08,3.3306690738754696e-15
2013-02-11,-0.11429314591667672
2013-02-12,-0.24361716710824188
2013-02-13,-0.3754338937626751
2013-02-14,-0.48765981509394307
2013-02-15,-0.5305467849077796
2013-02-19,-0.5462571797671987
2013-02-20,-0.5917525497653175
2013-02-21,-0.641818774838115
2013-02-22,-0.6581503926723942
2013-02-25,-0.6850081550115117
2013-02-26,-0.7342286146439612
2013-02-27,-0.6871442901547371
2013-02-28,-0.6533397870617428
2013-03-01,-0.6104404002246446
2013-03-04,-0.6206859098615372
2013-03-05,-0.596242865883422
2013-03-06,-0.5436502813672492
2013-03-07,-0.46570292963281834
2013-03-08,-0.3121197129586075
2013-03-11,-0.11428814035224089
2013-03-12,0.07369060879068523
2013-03-13,0.3659806078931478
2013-03-14,0.6143691140291285
2013-03-15,0.793681388932401
2013-03-18,0.8948066235519627
2013-03-19,0.9551425248425602
2013-03-20,0.9804595016019699
2013-03-21,0.9910738266406556
2013-03-22,0.0
2013-03-25,0.0
2013-03-26,0.0
2013-03-27,0.0
2013-03-28,0.0
2013-04-01,0.0
2013-04-02,0.0
2013-04-03,0.0
2013-04-04,0.0
2013-04-05,0.0
2013-04-08,0.0
2013-04-09,1.709743457922741e-14
2013-04-10,0.24533798311036348
2013-04-11,0.6229489269410124
2013-04-12,0.8358250713791011
2013-04-15,0.8717687159305689
2013-04-16,0.9286232352918657
2013-04-17,0.9474955653358967
2013-04-18,0.951192442411033
2013-04-19,0.9739702179959229
2013-04-22,0.9833976381055507
2013-04-23,0.9942901848574335
2013-04-24,0.0
2013-04-25,0.0
2013-04-26,0.0
2013-04-29,0.0
2013-04-30,0.0
2013-05-01,0.0
2013-05-02,0.0
2013-05-03,0.0
2013-05-06,0.0
2013-05-07,0.0
2013-05-08,0.0
2013-05-09,0.0
2013-05-10,0.2091743792640104
2013-05-13,0.38538547823831704
2013-05-14,0.6165067523272296
2013-05-15,0.8343537411035709
2013-05-16,0.9377181115318658
2013-05-17,0.9917881922277105
2013-05-20,0.0
2013-05-21,0.0
2013-05-22,0.0
2013-05-23,0.0
2013-05-24,0.0
2013-05-28,0.0
2013-05-29,0.0
2013-05-30,0.0
2013-05-31,0.0
2013-06-03,0.0
2013-06-04,0.0
2013-06-05,-2.1760371282653068e-14
2013-06-06,-0.31132160083885196
2013-06-07,0.12229910041690806
2013-06-10,0.35725362243251313
2013-06-11,0.41673347281361206
2013-06-12,0.6502709224852219
2013-06-13,0.8792386313386376
2013-06-14,0.9609901598085488
2013-06-17,0.9930532152474876
2013-06-18,0.0
2013-06-19,0.0
2013-06-20,0.0
2013-06-21,0.0
2013-06-24,0.0
2013-06-25,0.0
2013-06-26,0.0
2013-06-27,0.0
2013-06-28,0.0
2013-07-01,0.0
2013-07-02,0.0
2013-07-03,0.0
2013-07-05,0.28450063765356703
2013-07-08,0.5653164374573096
2013-07-09,0.7812270566418997
2013-07-10,0.9466955142788733
2013-07-11,0.9951334797777294
2013-07-12,0.0
2013-07-15,0.0
2013-07-16,0.0
2013-07-17,0.0
2013-07-18,0.0
2013-07-19,0.0
2013-07-22,0.0
2013-07-23,0.0
2013-07-24,0.0
2013-07-25,0.0
2013-07-26,0.0
2013-07-29,0.0
2013-07-30,0.2856404012820408
2013-07-31,0.5212103184204218
2013-08-01,0.7762473403915768
2013-08-02,0.9336683700900135
2013-08-05,0.9858245736099596
2013-08-06,0.9976766600314326
2013-08-07,0.0
2013-08-08,0.0
2013-08-09,0.0
2013-08-12,0.0
2013-08-13,0.0
2013-08-14,0.0
2013-08-15,0.0
2013-08-16,0.0
2013-08-19,0.0
2013-08-20,0.0
2013-08-21,0.0
2013-08-22,0.0
2013-08-23,0.568962143820134
2013-08-26,0.8039535625799088
2013-08-27,0.7759353276098464
2013-08-28,0.7645678119418322
2013-08-29,0.7730875295951849
2013-08-30,0.7886000694778841
2013-09-03,0.8860262438452045
2013-09-04,0.9591883747997882
2013-09-05,0.9860731997575187
2013-09-06,0.9942796098509616
2013-09-09,0.0
2013-09-10,0.0
2013-09-11,0.0
2013-09-12,0.0
2013-09-13,0.0
2013-09-16,0.0
2013-09-17,0.0
2013-09-18,0.0
2013-09-19,0.0
2013-09-20,0.0
2013-09-23,0.0
2013-09-24,9.325873406851315e-15
2013-09-25,0.015831883161800953
2013-09-26,0.23754174260087035
2013-09-27,0.37399356467365985
2013-09-30,0.34822929764146204
2013-10-01,0.3195480370580448
2013-10-02,0.07318217762145496
2013-10-03,-0.35949955882725604
2013-10-04,-0.698917371822299
2013-10-07,-0.8555331949226426
2013-10-08,-0.952524202599436
2013-10-09,-0.988494955107275
2013-10-10,-0.9900834871630626
2013-10-11,0.0
2013-10-14,0.0
2013-10-15,0.0
2013-10-16,0.0
2013-10-17,0.0
2013-10-18,0.0
2013-10-21,0.0
2013-10-22,0.0
2013-10-23,0.0
2013-10-24,0.0
2013-10-25,0.0
2013-10-28,1.5543122344752192e-15
2013-10-29,0.3058960822895269
2013-10-30,0.5547253092311173
2013-10-31,0.7180846050717817
2013-11-01,0.8585831283160403
2013-11-04,0.9474633718055734
2013-11-05,0.9817510678015662
2013-11-06,0.9958740150269547
2013-11-07,0.0
2013-11-08,0.0
2013-11-11,0.0
2013-11-12,0.0
2013-11-13,0.0
2013-11-14,0.0
2013-11-15,0.0
2013-11-18,0.0
2013-11-19,0.0
2013-11-20,0.0
2013-11-21,0.0
2013-11-22,-1.554312234475219e-14
2013-11-25,0.623353812656146
2013-11-26,0.9538047076019098
2013-11-27,0.9995506967409484
2013-11-29,0.0
2013-12-02,0.0
2013-12-03,0.0
2013-12-04,0.0
2013-12-05,0.0
2013-12-06,0.0
2013-12-09,0.0
2013-12-10,0.0
2013-12-11,0.0
2013-12-12,0.0
2013-12-13,0.0
2013-12-16,1.532107773982716e-14
2013-12-17,0.31381524873678135
2013-12-18,0.8035943028321495
2013-12-19,0.9536927934414461
2013-12-20,0.9956767022190305
2013-12-23,0.0
2013-12-24,0.0
2013-12-26,0.0
2013-12-27,0.0
2013-12-30,0.0
2013-12-31,0.0
2014-01-02,0.0
2014-01-03,0.0
2014-01-06,0.0
2014-01-07,0.0
2014-01-08,0.0
2014-01-09,-1.0436096431476471e-14
2014-01-10,0.3312955859953193
2014-01-13,0.7388081392781833
2014-01-14,0.9386251777415124
2014-01-15,0.9969957600856825
2014-01-16,0.0
2014-01-17,0.0
2014-01-21,0.0
2014-01-22,0.0
2014-01-23,0.0
2014-01-24,0.0
2014-01-27,0.0
2014-01-28,0.0
2014-01-29,0.0
2014-01-30,0.0
2014-01-31,0.0
2014-02-03,2.886579864025407e-15
2014-02-04,-0.1583159205845266
2014-02-05,-0.1611438405920882
2014-02-06,-0.0795088636110326
2014-02-07,0.20319904095339014
2014-02-10,0.38827462997165085
2014-02-11,0.6842729391933537
2014-02-12,0.8833069137000786
2014-02-13,0.9697551030450671
2014-02-14,0.9967638363565969
2014-02-18,0.0
2014-02-19,0.0
2014-02-20,0.0
2014-02-21,0.0
2014-02-24,0.0
2014-02-25,0.0
2014-02-26,0.0
2014-02-27,0.0
2014-02-28,0.0
2014-03-03,0.0
2014-03-04,0.0
2014-03-05,8.881784197001252e-15
2014-03-06,0.40606613059147967
2014-03-07,0.6789428531490467
2014-03-10,0.8007183016942427
2014-03-11,0.823783762505357
2014-03-12,0.8460162915590745
2014-03-13,0.8315607526544371
2014-03-14,0.8017719347531094
2014-03-17,0.832899143670456
2014-03-18,0.8565792558098895
2014-03-19,0.7780247444725457
2014-03-20,0.6276456057909956
2014-03-21,0.2550023010158502
2014-03-24,-0.1122792344293535
2014-03-25,-0.2823350373283817
2014-03-26,-0.49147709108376203
2014-03-27,-0.6923236077217676
2014-03-28,-0.7761542010307521
2014-03-31,-0.7562800742868232
2014-04-01,-0.7180262095828263
2014-04-02,-0.6338805565245553
2014-04-03,-0.5865689859727994
2014-04-04,-0.7204057968166038
2014-04-07,-0.8641563423095306
2014-04-08,-0.9521923418118206
2014-04-09,-0.9773213341601179
2014-04-10,-0.9954905738429589
2014-04-11,0.0
2014-04-14,0.0
2014-04-15,0.0
2014-04-16,0.0
2014-04-17,0.0
2014-04-21,0.0
2014-04-22,0.0
2014-04-23,0.0
2014-04-24,0.0
2014-04-25,0.0
2014-04-28,0.0
2014-04-29,-5.10702591327572e-15
2014-04-30,0.3750299542969766
2014-05-01,0.5853701892801824
2014-05-02,0.777716954562734
2014-05-05,0.9131216394185644
2014-05-06,0.9577131612674319
2014-05-07,0.9833376339769895
2014-05-08,0.9941409796112588
2014-05-09,0.0
2014-05-12,0.0
2014-05-13,0.0
2014-05-14,0.0
2014-05-15,0.0
2014-05-16,0.0
2014-05-19,0.0
2014-05-20,0.0
2014-05-21,0.0
2014-05-22,0.0
2014-05-23,0.0
2014-05-27,0.0
2014-05-28,-0.1469026488409444
2014-05-29,-0.051892952641754864
2014-05-30,0.084290431121675
2014-06-02,0.24996609456900099
2014-06-03,0.37888452004005746
2014-06-04,0.5336560601238451
2014-06-05,0.7461130957889606
2014-06-06,0.8946048601174419
2014-06-09,0.9697090131413111
2014-06-10,0.9911203253783494
2014-06-11,0.0
2014-06-12,0.0
2014-06-13,0.0
2014-06-16,0.0
2014-06-17,0.0
2014-06-18,0.0
2014-06-19,0.0
2014-06-20,0.0
2014-06-23,0.0
2014-06-24,0.0
2014-06-25,0.0
2014-06-26,0.0
2014-06-27,-0.20881102009913444
2014-06-30,-0.6784419661202419
2014-07-01,-0.9089811807559458
2014-07-02,-0.9935631306858455
2014-07-03,0.0
2014-07-07,0.0
2014-07-08,0.0
2014-07-09,0.0
2014-07-10,0.0
2014-07-11,0.0
2014-07-14,0.0
2014-07-15,0.0
2014-07-16,0.0
2014-07-17,0.0
2014-07-18,0.0
2014-07-21,-1.554312234475219e-14
2014-07-22,0.6900342610139869
2014-07-23,0.9530542739553554
2014-07-24,0.9982505702322231
2014-07-25,0.0
2014-07-28,0.0
2014-07-29,0.0
2014-07-30,0.0
2014-07-31,0.0
2014-08-01,0.0
2014-08-04,0.0
2014-08-05,0.0
2014-08-06,0.0
2014-08-07,0.0
2014-08-08,0.0
2014-08-11,3.552713678800501e-15
2014-08-12,-0.12795121984757185
2014-08-13,0.034192421761836345
2014-08-14,0.21671430738038877
2014-08-15,0.35345841378497656
2014-08-18,0.6102011382897645
2014-08-19,0.805221339138011
2014-08-20,0.9546999067699364
2014-08-21,0.9920351037737123
2014-08-22,0.0
2014-08-25,0.0
2014-08-26,0.0
2014-08-27,0.0
2014-08-28,0.0
2014-08-29,0.0
2014-09-02,0.0
2014-09-03,0.0
2014-09-04,0.0
2014-09-05,0.0
2014-09-08,0.0
2014-09-09,-2.4202861936828413e-14
2014-09-10,0.07068422601049273
2014-09-11,0.024395555598424767
2014-09-12,0.04504723177382308
2014-09-15,0.36500249348177927
2014-09-16,0.8346661768959529
2014-09-17,0.994219851183805
2014-09-18,0.0
2014-09-19,0.0
2014-09-22,0.0
2014-09-23,0.0
2014-09-24,0.0
2014-09-25,0.0
2014-09-26,0.0
2014-09-29,0.0
2014-09-30,0.0
2014-10-01,0.0
2014-10-02,0.0
2014-10-03,-1.709743457922741e-14
2014-10-06,-0.2321658333195924
2014-10-07,-0.7140221383747898
2014-10-08,-0.8311624978395382
2014-10-09,-0.940091318478439
2014-10-10,-0.9820850964734054
2014-10-13,-0.9973576985062265
2014-10-14,0.0
2014-10-15,0.0
2014-10-16,0.0
2014-10-17,0.0
2014-10-20,0.0
2014-10-21,0.0
2014-10-22,0.0
2014-10-23,0.0
2014-10-24,0.0
2014-10-27,0.0
2014-10-28,0.0
2014-10-29,-8.881784197001252e-16
2014-10-30,0.4815842214718722
2014-10-31,0.8129049098411603
2014-11-03,0.9497604953227039
2014-11-04,0.9895223122900147
2014-11-05,0.9978682216803929
2014-11-06,0.0
2014-11-07,0.0
2014-11-10,0.0
2014-11-11,0.0
2014-11-12,0.0
2014-11-13,0.0
2014-11-14,0.0
2014-11-17,0.0
2014-11-18,0.0
2014-11-19,0.0
2014-11-20,0.0
2014-11-21,2.930988785010413e-14
2014-11-24,0.3321947825415408
2014-11-25,0.5729782521560995
2014-11-26,0.8804646152414215
2014-11-28,0.9943662708737613
2014-12-01,0.0
2014-12-02,0.0
2014-12-03,0.0
2014-12-04,0.0
2014-12-05,0.0
2014-12-08,0.0
2014-12-09,0.0
2014-12-10,0.0
2014-12-11,0.0
2014-12-12,0.0
2014-12-15,0.0
2014-12-16,-1.532107773982716e-14
2014-12-17,-0.31482683152786306
2014-12-18,-0.03276442687900549
2014-12-19,0.33381467020149613
2014-12-22,0.7915736639769029
2014-12-23,0.9505960616619553
2014-12-24,0.993063456024043
2014-12-26,0.0
2014-12-29,0.0
2014-12-30,0.0
2014-12-31,0.0
2015-01-02,0.0
2015-01-05,0.0
2015-01-06,0.0
2015-01-07,0.0
2015-01-08,0.0
2015-01-09,0.0
2015-01-12,0.0
2015-01-13,1.3322676295501878e-14
2015-01-14,-0.01747344665480921
2015-01-15,-0.10234768068067779
2015-01-16,-0.0007773838155920032
2015-01-20,0.1711665408372578
2015-01-21,0.3090766089166448
2015-01-22,0.5754101480726366
2015-01-23,0.73823008356492
2015-01-26,0.8002007098163477
2015-01-27,0.6894683104384738
2015-01-28,0.4874791292524985
2015-01-29,0.42916802961271316
2015-01-30,0.13167040288586573
2015-02-02,-0.11657879407000005
2015-02-03,-0.1973856366416924
2015-02-04,-0.2580177604659166
2015-02-05,-0.2199401436951831
2015-02-06,-0.11821329932742142
2015-02-09,-0.1389498080386833
2015-02-10,-0.017230786591920122
2015-02-11,0.1345984513117211
2015-02-12,0.33377572970096026
2015-02-13,0.48513185380044943
2015-02-17,0.6342079824754874
2015-02-18,0.7749490836490032
2015-02-19,0.9123425918624588
2015-02-20,0.9801274807735016
2015-02-23,0.99755611444475
2015-02-24,0.0
2015-02-25,0.0
2015-02-26,0.0
2015-02-27,0.0
2015-03-02,0.0
2015-03-03,0.0
2015-03-04,0.0
2015-03-05,0.0
2015-03-06,0.0
2015-03-09,0.0
2015-03-10,0.0
2015-03-11,-1.4210854715202004e-14
2015-03-12,-0.13014873562634
2015-03-13,-0.37910429107583976
2015-03-16,-0.22505552818121854
2015-03-17,-0.18598798283644236
2015-03-18,-0.0002920885574091425
2015-03-19,0.1447083334924919
2015-03-20,0.38333163949743976
2015-03-23,0.5325589883272046
2015-03-24,0.6706090131994671
2015-03-25,0.6032611402313997
2015-03-26,0.6070738034337069
2015-03-27,0.6816485705560988
2015-03-30,0.8226857238656002
2015-03-31,0.8753166176540406
2015-04-01,0.8359169655547043
2015-04-02,0.7887767129436924
2015-04-06,0.78831317109969
2015-04-07,0.7776428248024927
2015-04-08,0.7851689711405281
2015-04-09,0.8080362799717538
2015-04-10,0.804679439605704
2015-04-13,0.7088662142949591
2015-04-14,0.6008154951393097
2015-04-15,0.4699954081075559
2015-04-16,0.3203946693920492
2015-04-17,0.04334367473970824
2015-04-20,-0.13339253107218751
2015-04-21,-0.3233112190334313
2015-04-22,-0.43543842985868153
2015-04-23,-0.5515519122148502
2015-04-24,-0.7051552973502955
2015-04-27,-0.8452593843103715
2015-04-28,-0.924827744688919
2015-04-29,-0.9779479447109702
2015-04-30,-0.9978078225993621
2015-05-01,0.0
2015-05-04,0.0
2015-05-05,0.0
2015-05-06,0.0
2015-05-07,0.0
2015-05-08,0.0
2015-05-11,0.0
2015-05-12,0.0
2015-05-13,0.0
2015-05-14,0.0
2015-05-15,0.0
2015-05-18,1.709743457922741e-14
2015-05-19,0.3320036420484467
2015-05-20,0.5819594343532337
2015-05-21,0.7490275922122631
2015-05-22,0.8488190812616188
2015-05-26,0.8477032750996534
2015-05-27,0.8726375512230069
2015-05-28,0.8998166521685589
2015-05-29,0.8787086859991835
2015-06-01,0.9224640124901629
2015-06-02,0.9477123013841227
2015-06-03,0.9737963574530157
2015-06-04,0.9798603044516463
2015-06-05,0.9806853203427646
2015-06-08,0.9816851984542874
2015-06-09,0.9825562506863679
2015-06-10,0.9831037210027769
2015-06-11,0.990673887854389
2015-06-12,0.0
2015-06-15,0.0
2015-06-16,0.0
2015-06-17,0.0
2015-06-18,0.0
2015-06-19,0.0
2015-06-22,0.0
2015-06-23,0.0
2015-06-24,0.0
2015-06-25,0.0
2015-06-26,0.0
2015-06-29,0.0
2015-06-30,-0.4932494353570249
2015-07-01,-0.6609336913380557
2015-07-02,-0.8226273302372684
2015-07-06,-0.8960224171964817
2015-07-07,-0.8919366308930994
2015-07-08,-0.891354896680717
2015-07-09,-0.82252562106836
2015-07-10,-0.6108966588494313
2015-07-13,0.024827895999905092
2015-07-14,0.6898850234898535
2015-07-15,0.9540266769299255
2015-07-16,0.9985068383319022
2015-07-17,0.0
2015-07-20,0.0
2015-07-21,0.0
2015-07-22,0.0
2015-07-23,0.0
2015-07-24,0.0
2015-07-27,0.0
2015-07-28,0.0
2015-07-29,0.0
2015-07-30,0.0
2015-07-31,0.0
2015-08-03,0.0
2015-08-04,0.42472475300561485
2015-08-05,0.715248491972823
2015-08-06,0.8736397835782213
2015-08-07,0.9480334695462318
2015-08-10,0.9872371068933403
2015-08-11,0.9954380180981688
2015-08-12,0.0
2015-08-13,0.0
2015-08-14,0.0
2015-08-17,0.0
2015-08-18,0.0
2015-08-19,0.0
2015-08-20,0.0
2015-08-21,0.0
2015-08-24,0.0
2015-08-25,0.0
2015-08-26,0.0
2015-08-27,-6.661338147750939e-15
2015-08-28,-0.07071448313399276
2015-08-31,-0.24204867330936652
2015-09-01,-0.5074323835153931
2015-09-02,-0.5393811942284419
2015-09-03,-0.5370031206180546
2015-09-04,-0.6022091455833938
2015-09-08,-0.5538378323140019
2015-09-09,-0.5657998103344442
2015-09-10,-0.5409270710287866
2015-09-11,-0.500024192391348
2015-09-14,-0.4803029958709901
2015-09-15,-0.4134538184751724
2015-09-16,-0.35359266311041715
2015-09-17,-0.292868332291778
2015-09-18,-0.3485041449150619
2015-09-21,-0.37442877051735834
2015-09-22,-0.4158305476261479
2015-09-23,-0.47486036560751943
2015-09-24,-0.48652561882448064
2015-09-25,-0.5160995250392824
2015-09-28,-0.6134567342237385
2015-09-29,-0.6600252819764516
2015-09-30,-0.6242911814965506
2015-10-01,-0.6319017042695987
2015-10-02,-0.6081961021990505
2015-10-05,-0.48900680885628
2015-10-06,-0.3855228250158884
2015-10-07,-0.21898966639287765
2015-10-08,-0.012838690379716189
2015-10-09,0.164138755452786
2015-10-12,0.35163191024282714
2015-10-13,0.4728591601452359
2015-10-14,0.5142802951015826
2015-10-15,0.5700041451095665
2015-10-16,0.6296878681498481
2015-10-19,0.6940935648586446
2015-10-20,0.7277116266051058
2015-10-21,0.7871940380513767
2015-10-22,0.8719698388425337
2015-10-23,0.9379924554651302
2015-10-26,0.9753061040025586
2015-10-27,0.9924842143671662
2015-10-28,0.0
2015-10-29,0.0
2015-10-30,0.0
2015-11-02,0.0
2015-11-03,0.0
2015-11-04,0.0
2015-11-05,0.0
2015-11-06,0.0
2015-11-09,0.0
2015-11-10,0.0
2015-11-11,0.0
2015-11-12,0.0
2015-11-13,-0.3572363142735304
2015-11-16,-0.09743462422695814
2015-11-17,0.28562355958988617
2015-11-18,0.6334699370727106
2015-11-19,0.8613932985286068
2015-11-20,0.9731593163586032
2015-11-23,0.9963396267693558
2015-11-24,0.0
2015-11-25,0.0
2015-11-27,0.0
2015-11-30,0.0
2015-12-01,0.0
2015-12-02,0.0
2015-12-03,0.0
2015-12-04,0.0
2015-12-07,0.0
2015-12-08,0.0
2015-12-09,0.0
2015-12-10,1.0880185641326534e-14
2015-12-11,-0.2021745050392212
2015-12-14,-0.41510006403116284
2015-12-15,-0.6626696773399601
2015-12-16,-0.7440851734145859
2015-12-17,-0.860723681519673
2015-12-18,-0.957623219903917
2015-12-21,-0.9793006566351927
2015-12-22,-0.9850842818426075
2015-12-23,-0.988488303420457
2015-12-24,-0.9899361566290243
2015-12-28,-0.9914520169323982
2015-12-29,0.0
2015-12-30,0.0
2015-12-31,0.0
2016-01-04,0.0
2016-01-05,0.0
2016-01-06,0.0
2016-01-07,0.0
2016-01-08,0.0
2016-01-11,0.0
2016-01-12,0.0
2016-01-13,0.0
2016-01-14,1.3322676295501878e-14
2016-01-15,-0.03550794201585683
2016-01-19,-0.12578661874470165
2016-01-20,-0.5490361160369481
2016-01-21,-0.7972896948076351
2016-01-22,-0.9002546253377501
2016-01-25,-0.9636058725066496
2016-01-26,-0.9910080822552749
2016-01-27,0.0
2016-01-28,0.0
2016-01-29,0.0
2016-02-01,0.0
2016-02-02,0.0
2016-02-03,0.0
2016-02-04,0.0
2016-02-05,0.0
2016-02-08,0.0
2016-02-09,0.0
2016-02-10,0.0
2016-02-11,-1.176836406102666e-14
2016-02-12,-0.3582490592742704
2016-02-16,-0.47308338949741735
2016-02-17,-0.3565018864931271
2016-02-18,-0.1435807393350239
2016-02-19,0.028798580420945408
2016-02-22,0.2748269533572083
2016-02-23,0.4914313984823939
2016-02-24,0.7140590608424076
2016-02-25,0.9117742906139599
2016-02-26,0.9743212573291395
2016-02-29,0.9915101253876857
2016-03-01,0.0
2016-03-02,0.0
2016-03-03,0.0
2016-03-04,0.0
2016-03-07,0.0
2016-03-08,0.0
2016-03-09,0.0
2016-03-10,0.0
2016-03-11,0.0
2016-03-14,0.0
2016-03-15,0.0
2016-03-16,0.0
2016-03-17,0.41660868389906214
2016-03-18,0.85887995681391
2016-03-21,0.9843656037728516
2016-03-22,0.9985310526381417
2016-03-23,0.0
2016-03-24,0.0
2016-03-28,0.0
2016-03-29,0.0
2016-03-30,0.0
2016-03-31,0.0
2016-04-01,0.0
2016-04-04,0.0
2016-04-05,0.0
2016-04-06,0.0
2016-04-07,0.0
2016-04-08,0.0
2016-04-11,0.12483227967234978
2016-04-12,0.32815917265836614
2016-04-13,0.5206728141524741
2016-04-14,0.6285061666042917
2016-04-15,0.7286804127380697
2016-04-18,0.8391126318428443
2016-04-19,0.8989384873074591
2016-04-20,0.9387379752754759
2016-04-21,0.9601648238859892
2016-04-22,0.9778033889311597
2016-04-25,0.9865565623228025
2016-04-26,0.9977614126325034
2016-04-27,0.0
2016-04-28,0.0
2016-04-29,0.0
2016-05-02,0.0
2016-05-03,0.0
2016-05-04,0.0
2016-05-05,0.0
2016-05-06,0.0
2016-05-09,0.0
2016-05-10,0.0
2016-05-11,0.0
2016-05-12,-2.0650148258027912e-14
2016-05-13,0.21137587811588165
2016-05-16,0.42895551329130943
2016-05-17,0.5548218160398437
2016-05-18,0.6585411471499198
2016-05-19,0.6756297071148138
2016-05-20,0.719687804042229
2016-05-23,0.7464492400144342
2016-05-24,0.7968425988477223
2016-05-25,0.8359604717625762
2016-05-26,0.8760945020182191
2016-05-27,0.9087825476265066
2016-05-31,0.9030495642820202
2016-06-01,0.9135138595221419
2016-06-02,0.9209718763912447
2016-06-03,0.9347948707867535
2016-06-06,0.9486823630301349
2016-06-07,0.9601021685128139
2016-06-08,0.9717129973245935
2016-06-09,0.9806812610627516
2016-06-10,0.9867808384287466
2016-06-13,0.9879790724894411
2016-06-14,0.9909744441403965
2016-06-15,0.0
2016-06-16,0.0
2016-06-17,0.0
2016-06-20,0.0
2016-06-21,0.0
2016-06-22,0.0
2016-06-23,0.0
2016-06-24,0.0
2016-06-27,0.0
2016-06-28,0.0
2016-06-29,0.0
2016-06-30,-2.020605904817785e-14
2016-07-01,0.5991115843604007
2016-07-05,0.897609229423159
2016-07-06,0.9846309756587484
2016-07-07,0.9983059178092748
2016-07-08,0.0
2016-07-11,0.0
2016-07-12,0.0
2016-07-13,0.0
2016-07-14,0.0
2016-07-15,0.0
2016-07-18,0.0
2016-07-19,0.0
2016-07-20,0.0
2016-07-21,0.0
2016-07-22,0.0
2016-07-25,9.547918011776346e-15
2016-07-26,-0.11946205212387317
2016-07-27,-0.2949142487689915
2016-07-28,-0.40774892029498444
2016-07-29,-0.6502780637131023
2016-08-01,-0.6959958803378874
2016-08-02,-0.5958326398050822
2016-08-03,-0.49758484687575644
2016-08-04,-0.3142017592566049
2016-08-05,0.12344381722763842
2016-08-08,0.5018847801575528
2016-08-09,0.7816723481238923
2016-08-10,0.9333282421500986
2016-08-11,0.9892369144655238
2016-08-12,0.9993609990022809
2016-08-15,0.0
2016-08-16,0.0
2016-08-17,0.0
2016-08-18,0.0
2016-08-19,0.0
2016-08-22,0.0
2016-08-23,0.0
2016-08-24,0.0
2016-08-25,0.0
2016-08-26,0.0
2016-08-29,0.0
2016-08-30,-2.4424906541753444e-15
2016-08-31,-0.21816468658336685
2016-09-01,-0.38922590259099654
2016-09-02,-0.5385391966976738
2016-09-06,-0.6637454514367991
2016-09-07,-0.7817427417272458
2016-09-08,-0.8604615588518991
2016-09-09,-0.9333576751590626
2016-09-12,-0.9681087216636506
2016-09-13,-0.987133078867509
2016-09-14,-0.9951157623184603
2016-09-15,0.0
2016-09-16,0.0
2016-09-19,0.0
2016-09-20,0.0
2016-09-21,0.0
2016-09-22,0.0
2016-09-23,0.0
2016-09-26,0.0
2016-09-27,0.0
2016-09-28,0.0
2016-09-29,0.0
2016-09-30,7.993605777301127e-15
2016-10-03,-0.1519608888777355
2016-10-04,-0.491983604776991
2016-10-05,-0.746212897681982
2016-10-06,-0.9178991889840549
2016-10-07,-0.9832552667190984
2016-10-10,-0.9975409373922244
2016-10-11,0.0
2016-10-12,0.0
2016-10-13,0.0
2016-10-14,0.0
2016-10-17,0.0
2016-10-18,0.0
2016-10-19,0.0
2016-10-20,0.0
2016-10-21,0.0
2016-10-24,0.0
2016-10-25,0.0
2016-10-26,4.884981308350689e-15
2016-10-27,0.41390795055629126
2016-10-28,0.6963725408318624
2016-10-31,0.8442556741206957
2016-11-01,0.9173438837002836
2016-11-02,0.9585018916257648
2016-11-03,0.9647085448801485
2016-11-04,0.9632268754268107
2016-11-07,0.9701134910993401
2016-11-08,0.9755266320563774
2016-11-09,0.9943972105882377
2016-11-10,0.0
2016-11-11,0.0
2016-11-14,0.0
2016-11-15,0.0
2016-11-16,0.0
2016-11-17,0.0
2016-11-18,0.0
2016-11-21,0.0
2016-11-22,0.0
2016-11-23,0.0
2016-11-25,0.0
2016-11-28,-1.7541523789077473e-14
2016-11-29,0.354353403474962
2016-11-30,0.5539476855150611
2016-12-01,0.7490356976535919
2016-12-02,0.8940908462821855
2016-12-05,0.9545365605988019
2016-12-06,0.9778044644652177
2016-12-07,0.9904116026531629
2016-12-08,0.0
2016-12-09,0.0
2016-12-12,0.0
2016-12-13,0.0
2016-12-14,0.0
2016-12-15,0.0
2016-12-16,0.0
2016-12-19,0.0
2016-12-20,0.0
2016-12-21,0.0
2016-12-22,0.0
2016-12-23,-1.0658141036401503e-14
2016-12-27,-0.15642917262113532
2016-12-28,-0.3744826771962608
2016-12-29,-0.5016895241018031
2016-12-30,-0.6350383437986773
2017-01-03,-0.6125909910472616
2017-01-04,-0.5618549430972122
2017-01-05,-0.41627576754283613
2017-01-06,-0.15924414619095062
2017-01-09,0.10049691915794368
2017-01-10,0.25726482953998153
2017-01-11,0.3494998478067326
2017-01-12,0.31924972091567594
2017-01-13,0.37727470793136786
2017-01-17,0.4137329551165767
2017-01-18,0.4459555967539339
2017-01-19,0.5842456048882441
2017-01-20,0.7150691917944831
2017-01-23,0.8071103645752411
2017-01-24,0.7955855324554686
2017-01-25,0.7419904582614085
2017-01-26,0.7757507760737035
2017-01-27,0.776726537911864
2017-01-30,0.7639642724168532
2017-01-31,0.7173878535656089
2017-02-01,0.6553169668950865
2017-02-02,0.6177339911102262
2017-02-03,0.6476670715836965
2017-02-06,0.6957990495537429
2017-02-07,0.7599052220488471
2017-02-08,0.8186578406559144
2017-02-09,0.8824217331482704
2017-02-10,0.9425578665742327
2017-02-13,0.979226088165494
2017-02-14,0.9935733939561597
2017-02-15,0.0
2017-02-16,0.0
2017-02-17,0.0
2017-02-21,0.0
2017-02-22,0.0
2017-02-23,0.0
2017-02-24,0.0
2017-02-27,0.0
2017-02-28,0.0
2017-03-01,0.0
2017-03-02,0.0
2017-03-03,-6.8833827526759706e-15
2017-03-06,0.22074250366719683
2017-03-07,0.5061680123708778
2017-03-08,0.6434498482944941
2017-03-09,0.7862511193999169
2017-03-10,0.8775077039380823
2017-03-13,0.9399666169396179
2017-03-14,0.9632442363150004
2017-03-15,0.9844193506799033
2017-03-16,0.9906895115602516
2017-03-17,0.0
2017-03-20,0.0
2017-03-21,0.0
2017-03-22,0.0
2017-03-23,0.0
2017-03-24,0.0
2017-03-27,0.0
2017-03-28,0.0
2017-03-29,0.0
2017-03-30,0.0
2017-03-31,0.0
2017-04-03,-5.10702591327572e-15
2017-04-04,0.04591415886768169
2017-04-05,-0.24741694072570963
2017-04-06,-0.47909607101810514
2017-04-07,-0.35888335741427024
2017-04-10,-0.36971434812110804
2017-04-11,-0.2475404621271795
2017-04-12,-0.31690936119054247
2017-04-13,-0.42935743961342143
2017-04-17,-0.3580583171147036
2017-04-18,-0.3919279791392267
2017-04-19,-0.3467485753217998
2017-04-20,-0.08639330547347579
2017-04-21,0.2898057092593094
2017-04-24,0.7741803770737963
2017-04-25,0.8005870315790615
2017-04-26,0.8359588535767224
2017-04-27,0.8875557052925718
2017-04-28,0.8872838974768835
2017-05-01,0.8590188039944393
2017-05-02,0.8605948989735974
2017-05-03,0.8653154305599626
2017-05-04,0.8926064248034056
2017-05-05,0.9527971268922333
2017-05-08,0.978220009721815
2017-05-09,0.9937629058385948
2017-05-10,0.0
2017-05-11,0.0
2017-05-12,0.0
2017-05-15,0.0
2017-05-16,0.0
2017-05-17,0.0
2017-05-18,0.0
2017-05-19,0.0
2017-05-22,0.0
2017-05-23,0.0
2017-05-24,0.0
2017-05-25,1.1102230246251565e-14
2017-05-26,0.45513441992334136
2017-05-30,0.7121578960572577
2017-05-31,0.8788722332714007
2017-06-01,0.9542774399377205
2017-06-02,0.9862590152590758
2017-06-05,0.9951895256369365
2017-06-06,0.0
2017-06-07,0.0
2017-06-08,0.0
2017-06-09,0.0
2017-06-12,0.0
2017-06-13,0.0
2017-06-14,0.0
2017-06-15,0.0
2017-06-16,0.0
2017-06-19,0.0
2017-06-20,0.0
2017-06-21,-3.3306690738754696e-15
2017-06-22,0.07898554290330528
2017-06-23,0.1694662690021822
2017-06-26,0.17579342108994345
2017-06-27,0.031206893432677463
2017-06-28,0.06700678413763717
2017-06-29,-0.1507075948164185
2017-06-30,-0.28640623747546745
2017-07-03,-0.3223097198606122
2017-07-05,-0.12087836757935033
2017-07-06,-0.020926715978640598
2017-07-07,0.35083372323227424
2017-07-10,0.6561727798630177
2017-07-11,0.863263612192813
2017-07-12,0.9549326405140699
2017-07-13,0.9886801535083964
2017-07-14,0.9983596164022019
2017-07-17,0.0
2017-07-18,0.0
2017-07-19,0.0
2017-07-20,0.0
2017-07-21,0.0
2017-07-24,0.0
2017-07-25,0.0
2017-07-26,0.0
2017-07-27,0.0
2017-07-28,0.0
2017-07-31,0.0
2017-08-01,2.55351295663786e-14
2017-08-02,0.5944941479987618
2017-08-03,0.9261703573435438
2017-08-04,0.9958630013967813
2017-08-07,0.0
2017-08-08,0.0
2017-08-09,0.0
2017-08-10,0.0
2017-08-11,0.0
2017-08-14,0.0
2017-08-15,0.0
2017-08-16,0.0
2017-08-17,0.0
2017-08-18,0.0
2017-08-21,0.0
2017-08-22,-2.6645352591003757e-15
2017-08-23,-0.013320307068120263
2017-08-24,-0.0419305101011318
2017-08-25,-0.05550662015944585
2017-08-28,-0.016925462985980078
2017-08-29,0.29145116385798797
2017-08-30,0.5437523592203921
2017-08-31,0.696960771574624
2017-09-01,0.7162325924055222
2017-09-05,0.73435985114665
2017-09-06,0.7295127497061986
2017-09-07,0.7506126923686764
2017-09-08,0.7835722877319391
2017-09-11,0.8439692519433144
2017-09-12,0.8782176109227724
2017-09-13,0.8541627704048431
2017-09-14,0.848505050051821
2017-09-15,0.8590770619872534
2017-09-18,0.8897886965450057
2017-09-19,0.9319708502737891
2017-09-20,0.9702142767026796
2017-09-21,0.9881633987227274
2017-09-22,0.9960285483778475
2017-09-25,0.0
2017-09-26,0.0
2017-09-27,0.0
2017-09-28,0.0
2017-09-29,0.0
2017-10-02,0.0
2017-10-03,0.0
2017-10-04,0.0
2017-10-05,0.0
2017-10-06,0.0
2017-10-09,0.0
2017-10-10,1.6431300764452317e-14
2017-10-11,0.37485305894592624
2017-10-12,0.7446558042087774
2017-10-13,0.893226308368632
2017-10-16,0.9573466786664262
2017-10-17,0.9822881697374313
2017-10-18,0.98813725080263
2017-10-19,0.9938239474641015
2017-10-20,0.0
2017-10-23,0.0
2017-10-24,0.0
2017-10-25,0.0
2017-10-26,0.0
2017-10-27,0.0
2017-10-30,0.0
2017-10-31,0.0
2017-11-01,0.0
2017-11-02,0.0
2017-11-03,0.0
2017-11-06,0.0
2017-11-07,0.09155348548981568
2017-11-08,0.2794555821104294
2017-11-09,0.257847260531173
2017-11-10,0.24143095372373802
2017-11-13,0.2967096885084741
2017-11-14,0.37647993141450975
2017-11-15,0.3408951179257933
2017-11-16,0.37705199754190577
2017-11-17,0.3112387618760968
2017-11-20,0.41256642664631493
2017-11-21,0.565796474341226
2017-11-22,0.6424675256611412
2017-11-24,0.7260741746112944
2017-11-27,0.8060758926004734
2017-11-28,0.8888671172134066
2017-11-29,0.9486674846655603
2017-11-30,0.9789431784686973
2017-12-01,0.9850177337596986
2017-12-04,0.9870479882051135
2017-12-05,0.9866060251442537
2017-12-06,0.9886450298621832
2017-12-07,0.9926486430139896
2017-12-08,0.0
2017-12-11,0.0
2017-12-12,0.0
2017-12-13,0.0
2017-12-14,0.0
2017-12-15,0.0
2017-12-18,0.0
2017-12-19,0.0
2017-12-20,0.0
2017-12-21,0.0
2017-12-22,0.0
2017-12-26,-6.8833827526759706e-15
2017-12-27,0.10421132064073824
2017-12-28,0.4172319000235094
2017-12-29,0.5913430029068638
2018-01-02,0.5901361522152766
2018-01-03,0.7257614400018118
2018-01-04,0.9413083886425522
2018-01-05,0.9966053158448476
2018-01-08,0.0
2018-01-09,0.0
2018-01-10,0.0
2018-01-11,0.0
2018-01-12,0.0
2018-01-16,0.0
2018-01-17,0.0
2018-01-18,0.0
2018-01-19,0.0
2018-01-22,0.0
2018-01-23,0.0
2018-01-24,0.0
2018-01-25,0.30545750656448045
2018-01-26,0.939065434490012
2018-01-29,0.9999207009032922
2018-01-30,0.0
2018-01-31,0.0
2018-02-01,0.0
2018-02-02,0.0
2018-02-05,0.0
2018-02-06,0.0
2018-02-07,0.0
2018-02-08,0.0
2018-02-09,0.0
2018-02-12,0.0
2018-02-13,0.0
2018-02-14,-1.9984014443252818e-15
2018-02-15,0.3851397268968517
2018-02-16,0.6597551713492509
2018-02-20,0.8110646764897402
2018-02-21,0.890406324171932
2018-02-22,0.9311582819723176
2018-02-23,0.9665297877336632
2018-02-26,0.9844208329142263
2018-02-27,0.9926901903825907
2018-02-28,0.0
2018-03-01,0.0
2018-03-02,0.0
2018-03-05,0.0
2018-03-06,0.0
2018-03-07,0.0
2018-03-08,0.0
2018-03-09,0.0
2018-03-12,0.0
2018-03-13,0.0
2018-03-14,0.0
2018-03-15,0.0
2018-03-16,-0.29399159193295565
2018-03-19,-0.4176441728861693
2018-03-20,-0.5134927287379156
2018-03-21,-0.5983713278178042
2018-03-22,-0.8134706681769401
2018-03-23,-0.8400197546704518
2018-03-26,-0.7640035854126155
2018-03-27,-0.7590135613960607
2018-03-28,-0.8041594942583852
2018-03-29,-0.811209712830737
2018-04-02,-0.8693327328032241
2018-04-03,-0.8992062629665218
2018-04-04,-0.8720699289088694
2018-04-05,-0.786816117469185
2018-04-06,-0.8309869446390832
2018-04-09,-0.8559768068546887
2018-04-10,-0.8483650499633879
2018-04-11,-0.8401020192754827
2018-04-12,-0.7966448215869935
2018-04-13,-0.7505825875236494
2018-04-16,-0.6541148379841792
2018-04-17,-0.47677421846380685
2018-04-18,-0.22409062147517478
2018-04-19,0.09789690680271801
2018-04-20,0.3689103358056838
2018-04-23,0.6886802237871685
2018-04-24,0.6433927634515846
2018-04-25,0.48010585941061046
2018-04-26,0.30813668459054044
2018-04-27,-0.053477428045159314
2018-04-30,-0.41823412055410114
2018-05-01,-0.8212593790982639
2018-05-02,-0.9715919230223433
2018-05-03,-0.996419089068826
2018-05-04,0.0
2018-05-07,0.0
2018-05-08,0.0
2018-05-09,0.0
2018-05-10,0.0
2018-05-11,0.0
2018-05-14,0.0
2018-05-15,0.0
2018-05-16,0.0
2018-05-17,0.0
2018-05-18,0.0
2018-05-21,-1.6209256159527285e-14
2018-05-22,-0.2066017219694678
2018-05-23,0.029743096567200533
2018-05-24,0.2973327718603187
2018-05-25,0.2816963182880794
2018-05-29,0.09958062611377949
2018-05-30,0.10125092910034228
2018-05-31,-0.10178365515421572
2018-06-01,-0.20020419735042694
2018-06-04,-0.22786259606387138
2018-06-05,-0.178609146793286
2018-06-06,-0.135462872994337
2018-06-07,-0.011257663183809274
2018-06-08,0.12233832596759253
2018-06-11,0.13368641236562273
2018-06-12,-0.012977473254408123
2018-06-13,-0.1837042793631618
2018-06-14,-0.46133233233995474
2018-06-15,-0.6851192947009881
2018-06-18,-0.8415978831827433
2018-06-19,-0.9652910133152446
2018-06-20,-0.9945168325282685
2018-06-21,0.0
2018-06-22,0.0
2018-06-25,0.0
2018-06-26,0.0
2018-06-27,0.0
2018-06-28,0.0
2018-06-29,0.0
2018-07-02,0.0
2018-07-03,0.0
2018-07-05,0.0
2018-07-06,0.0
2018-07-09,2.6645352591003757e-15
2018-07-10,0.6334235824028265
2018-07-11,0.8772839860722448
2018-07-12,0.9932709821640953
2018-07-13,0.0
2018-07-16,0.0
2018-07-17,0.0
2018-07-18,0.0
2018-07-19,0.0
2018-07-20,0.0
2018-07-23,0.0
2018-07-24,0.0
2018-07-25,0.0
2018-07-26,0.0
2018-07-27,0.0
2018-07-30,0.0
2018-07-31,0.46261156454298025
2018-08-01,0.7100291685961226
2018-08-02,0.7527111529024184
2018-08-03,0.7274775450394069
2018-08-06,0.5002826924690231
2018-08-07,0.2552005773735657
2018-08-08,-0.16303986441270757
2018-08-09,-0.4988181042565234
2018-08-10,-0.8239135693766633
2018-08-13,-0.9495355047452669
2018-08-14,-0.964504300217429
2018-08-15,-0.9796501810656717
2018-08-16,-0.9354331991071523
2018-08-17,-0.8522232700142458
2018-08-20,-0.7471112249027947
2018-08-21,-0.5976013701295053
2018-08-22,-0.5368600206394736
2018-08-23,-0.5641600789380394
2018-08-24,-0.533139407872028
2018-08-27,-0.3493374814708199
2018-08-28,-0.1480667958468289
2018-08-29,0.055901773455591774
2018-08-30,0.11550706376881403
2018-08-31,0.20322722000604454
2018-09-04,0.3618432524524611
2018-09-05,0.47648694547160786
2018-09-06,0.8101148768821664
2018-09-07,0.9478439198292459
2018-09-10,0.9715942161599749
2018-09-11,0.9831100257985099
2018-09-12,0.9945221352009725
2018-09-13,0.0
2018-09-14,0.0
2018-09-17,0.0
2018-09-18,0.0
2018-09-19,0.0
2018-09-20,0.0
2018-09-21,0.0
2018-09-24,0.0
2018-09-25,0.0
2018-09-26,0.0
2018-09-27,0.0
2018-09-28,9.992007221626409e-15
2018-10-01,0.36686056706788106
2018-10-02,0.67448454161091
2018-10-03,0.8286631150896488
2018-10-04,0.9333721239735162
2018-10-05,0.9692689506150267
2018-10-08,0.9907647425331187
2018-10-09,0.0
2018-10-10,0.0
2018-10-11,0.0
2018-10-12,0.0
2018-10-15,0.0
2018-10-16,0.0
2018-10-17,0.0
2018-10-18,0.0
2018-10-19,0.0
2018-10-22,0.0
2018-10-23,0.0
2018-10-24,7.327471962526033e-15
2018-10-25,-0.5289020966363374
2018-10-26,-0.8471962173448875
2018-10-29,-0.9912955875030895
2018-10-30,0.0
2018-10-31,0.0
2018-11-01,0.0
2018-11-02,0.0
2018-11-05,0.0
2018-11-06,0.0
2018-11-07,0.0
2018-11-08,0.0
2018-11-09,0.0
2018-11-12,0.0
2018-11-13,0.0
2018-11-14,-1.3322676295501878e-15
2018-11-15,0.07608187901193597
2018-11-16,0.006512973338924644
2018-11-19,-0.2658739151471803
2018-11-20,-0.5121153000098788
2018-11-21,-0.6878428321697181
2018-11-23,-0.7961195984009317
2018-11-26,-0.871715894196325
2018-11-27,-0.9214336726585366
2018-11-28,-0.9326272736495922
2018-11-29,-0.9304723415974003
2018-11-30,-0.9274219376244233
2018-12-03,-0.9417495220834664
2018-12-04,-0.9787500185135094
2018-12-06,-0.9932655995193216
2018-12-07,0.0
2018-12-10,0.0
2018-12-11,0.0
2018-12-12,0.0
2018-12-13,0.0
2018-12-14,0.0
2018-12-17,0.0
2018-12-18,0.0
2018-12-19,0.0
2018-12-20,0.0
2018-12-21,0.0
2018-12-24,-4.440892098500626e-16
2018-12-26,-0.36114281058383413
2018-12-27,-0.558434051013426
2018-12-28,-0.6953786489392617
2018-12-31,-0.7920213439723915
2019-01-02,-0.8488541717016624
2019-01-03,-0.9108327734612989
2019-01-04,-0.9360387643191883
2019-01-07,-0.9495955799054205
2019-01-08,-0.9579034024589341
2019-01-09,-0.9640395547961385
2019-01-10,-0.9616134153373415
2019-01-11,-0.9589698575340244
2019-01-14,-0.9566638995630372
2019-01-15,-0.9563743017458597
2019-01-16,-0.9604715212542927
2019-01-17,-0.9570277923163966
2019-01-18,-0.9481618545996922
2019-01-22,-0.9432501003352611
2019-01-23,-0.9318932145967256
2019-01-24,-0.9159042625101357
2019-01-25,-0.8936131763004025
2019-01-28,-0.8655636671492191
2019-01-29,-0.8194630559819709
2019-01-30,-0.7659533720759655
2019-01-31,-0.7132680721104223
2019-02-01,-0.6503329131013915
2019-02-04,-0.5331829174727862
2019-02-05,-0.3960543667999863
2019-02-06,-0.2445582056804947
2019-02-07,-0.08472586549204908
2019-02-08,0.08502162086389942
2019-02-11,0.23691003747852313
2019-02-12,0.40335901171726674
2019-02-13,0.5497091160003647
2019-02-14,0.6553601796328632
2019-02-15,0.7646944567780023
2019-02-19,0.8401618113836631
2019-02-20,0.8985372746122402
2019-02-21,0.9345661974945227
2019-02-22,0.9611162011695156
2019-02-25,0.9770724326064884
2019-02-26,0.9868395649975656
2019-02-27,0.9929563228411142
2019-02-28,0.0
2019-03-01,0.0
2019-03-04,0.0
2019-03-05,0.0
2019-03-06,0.0
2019-03-07,0.0
2019-03-08,0.0
2019-03-11,0.0
2019-03-12,0.0
2019-03-13,0.0
2019-03-14,0.0
2019-03-15,6.217248937900877e-15
2019-03-18,-0.320130845955664
2019-03-19,-0.6139512241899228
2019-03-20,-0.8171010642685741
2019-03-21,-0.8843683094984984
2019-03-22,-0.965472716480229
2019-03-25,-0.9911691860582492
2019-03-26,0.0
2019-03-27,0.0
2019-03-28,0.0
2019-03-29,0.0
2019-04-01,0.0
2019-04-02,0.0
2019-04-03,0.0
2019-04-04,0.0
2019-04-05,0.0
2019-04-08,0.0
2019-04-09,0.0
2019-04-10,6.217248937900877e-15
2019-04-11,0.3164271566094268
2019-04-12,0.7154106612546722
2019-04-15,0.8951772948369072
2019-04-16,0.9740713735824298
2019-04-17,0.9952819760542815
2019-04-18,0.0
2019-04-22,0.0
2019-04-23,0.0
2019-04-24,0.0
2019-04-25,0.0
2019-04-26,0.0
2019-04-29,0.0
2019-04-30,0.0
2019-05-01,0.0
2019-05-02,0.0
2019-05-03,0.0
2019-05-06,-9.103828801926284e-15
2019-05-07,0.06538735965658105
2019-05-08,0.22346948485578944
2019-05-09,0.4932299306933754
2019-05-10,0.724915944357214
2019-05-13,0.8015819336844712
2019-05-14,0.8657912254088178
2019-05-15,0.8974385900662116
2019-05-16,0.9463488060355034
2019-05-17,0.9699616079574132
2019-05-20,0.9883470005740467
2019-05-21,0.9964882310493708
2019-05-22,0.0
2019-05-23,0.0
2019-05-24,0.0
2019-05-28,0.0
2019-05-29,0.0
2019-05-30,0.0
2019-05-31,0.0
2019-06-03,0.0
2019-06-04,0.0
2019-06-05,0.0
2019-06-06,0.0
2019-06-07,6.439293542825908e-15
2019-06-10,0.25070863826910994
2019-06-11,0.2636708780632715
2019-06-12,0.3149183727073086
2019-06-13,0.44726732557789806
2019-06-14,0.5800320241474091
2019-06-17,0.6632296062920406
2019-06-18,0.792384294344862
2019-06-19,0.8933615710609872
2019-06-20,0.9695156554034663
2019-06-21,0.9903533517632439
2019-06-24,0.0
2019-06-25,0.0
2019-06-26,0.0
2019-06-27,0.0
2019-06-28,0.0
2019-07-01,0.0
2019-07-02,0.0
2019-07-03,0.0
2019-07-05,0.0
2019-07-08,0.0
2019-07-09,0.0
2019-07-10,-1.709743457922741e-14
2019-07-11,0.1575436310188092
2019-07-12,0.3499595011127026
2019-07-15,0.4469093883476831
2019-07-16,0.44977132510869633
2019-07-17,0.18996234162964543
2019-07-18,-0.1674962852544506
2019-07-19,-0.4526791198557758
2019-07-22,-0.6527713445581544
2019-07-23,-0.7902335141965875
2019-07-24,-0.7024188505866658
2019-07-25,-0.5615830672453543
2019-07-26,-0.42305867172866884
2019-07-29,-0.26841352692547993
2019-07-30,-0.22896394980562418
2019-07-31,-0.3111495098764083
2019-08-01,-0.3604232491514765
2019-08-02,-0.439041747953989
2019-08-05,-0.5926540331386287
2019-08-06,-0.5424145021853382
2019-08-07,-0.42687588810732824
2019-08-08,-0.07396053898342436
2019-08-09,0.27949071254469593
2019-08-12,0.5734039980892125
2019-08-13,0.7805803233568596
2019-08-14,0.8244146682335787
2019-08-15,0.8982978081954442
2019-08-16,0.9581125908355572
2019-08-19,0.9889708529275456
2019-08-20,0.9979306951795601
2019-08-21,0.0
2019-08-22,0.0
2019-08-23,0.0
2019-08-26,0.0
2019-08-27,0.0
2019-08-28,0.0
2019-08-29,0.0
2019-08-30,0.0
2019-09-03,0.0
2019-09-04,0.0
2019-09-05,0.0
2019-09-06,1.509903313490213e-14
2019-09-09,-0.10238709548615721
2019-09-10,-0.14047901884479463
2019-09-11,-0.16474551167320395
2019-09-12,0.05324700401090898
2019-09-13,0.1758305281317265
2019-09-16,0.5814284857526089
2019-09-17,0.8492725702601485
2019-09-18,0.9720179159369113
2019-09-19,0.9937388935693594
2019-09-20,0.0
2019-09-23,0.0
2019-09-24,0.0
2019-09-25,0.0
2019-09-26,0.0
2019-09-27,0.0
2019-09-30,0.0
2019-10-01,0.0
2019-10-02,0.0
2019-10-03,0.0
2019-10-04,0.0
2019-10-07,-1.4432899320127035e-14
2019-10-08,-0.21756786582943266
2019-10-09,-0.29568812663634825
2019-10-10,-0.26742602072426824
2019-10-11,-0.46280132731590995
2019-10-14,-0.5836924626208604
2019-10-15,-0.6780960264145053
2019-10-16,-0.7517682806076498
2019-10-17,-0.8920958930384044
2019-10-18,-0.9767263762134768
2019-10-21,-0.9952545193780982
2019-10-22,0.0
2019-10-23,0.0
2019-10-24,0.0
2019-10-25,0.0
2019-10-28,0.0
2019-10-29,0.0
2019-10-30,0.0
2019-10-31,0.0
2019-11-01,0.0
2019-11-04,0.0
2019-11-05,0.0
2019-11-06,2.020605904817785e-14
2019-11-07,0.27482778394331175
2019-11-08,0.6548905837774921
2019-11-11,0.8549357791843939
2019-11-12,0.9803605426438624
2019-11-13,0.9989105032668879
2019-11-14,0.0
2019-11-15,0.0
2019-11-18,0.0
2019-11-19,0.0
2019-11-20,0.0
2019-11-21,0.0
2019-11-22,0.0
2019-11-25,0.0
2019-11-26,0.0
2019-11-27,0.0
2019-11-29,0.0
2019-12-02,-3.4638958368304884e-14
2019-12-03,-0.6385096522521825
2019-12-04,-0.8408592996493165
2019-12-05,-0.9137043023496583
2019-12-06,-0.9429074942145517
2019-12-09,-0.9860610542368762
2019-12-10,-0.9959003141943463
2019-12-11,0.0
2019-12-12,0.0
2019-12-13,0.0
2019-12-16,0.0
2019-12-17,0.0
2019-12-18,0.0
2019-12-19,0.0
2019-12-20,0.0
2019-12-23,0.0
2019-12-24,0.0
2019-12-26,0.0
2019-12-27,0.0
2019-12-30,0.25256654567139547
2019-12-31,0.3473843360196929
2020-01-02,0.7786356154233365
2020-01-03,0.9957168134390793
2020-01-06,0.0
2020-01-07,0.0
2020-01-08,0.0
2020-01-09,0.0
2020-01-10,0.0
2020-01-13,0.0
2020-01-14,0.0
2020-01-15,0.0
2020-01-16,0.0
2020-01-17,0.0
2020-01-21,0.0
2020-01-22,-1.1102230246251565e-14
2020-01-23,0.3803837525346223
2020-01-24,0.7435122049258369
2020-01-27,0.9154452194122067
2020-01-28,0.9873393269510988
2020-01-29,0.997878048957634
2020-01-30,0.0
2020-01-31,0.0
2020-02-03,0.0
2020-02-04,0.0
2020-02-05,0.0
2020-02-06,0.0
2020-02-07,0.0
2020-02-10,0.0
2020-02-11,0.0
2020-02-12,0.0
2020-02-13,0.0
2020-02-14,6.217248937900877e-15
2020-02-18,0.021373457139200358
2020-02-19,-0.004015109368195935
2020-02-20,-0.36169386386327385
2020-02-21,-0.5848823608510556
2020-02-24,-0.877829956457538
2020-02-25,-0.9982097504822971
2020-02-26,0.0
2020-02-27,0.0
2020-02-28,0.0
2020-03-02,0.0
2020-03-03,0.0
2020-03-04,0.0
2020-03-05,0.0
2020-03-06,0.0
2020-03-09,0.0
2020-03-10,0.0
2020-03-11,0.0
2020-03-12,-3.1086244689504383e-15
2020-03-13,-0.3831146828869587
2020-03-16,-0.8426088240540772
2020-03-17,-0.9471332490335311
2020-03-18,-0.9771290126755054
2020-03-19,-0.9947226109391369
2020-03-20,0.0
2020-03-23,0.0
2020-03-24,0.0
2020-03-25,0.0
2020-03-26,0.0
2020-03-27,0.0
2020-03-30,0.0
2020-03-31,0.0
2020-04-01,0.0
2020-04-02,0.0
2020-04-03,0.0
2020-04-06,-2.6645352591003757e-15
2020-04-07,0.17720939352766862
2020-04-08,0.37338148757940104
2020-04-09,0.5846007241172038
2020-04-13,0.7343720426100635
2020-04-14,0.8602811345650583
2020-04-15,0.9243221886347821
2020-04-16,0.9631892180517145
2020-04-17,0.9895859329354835
2020-04-20,0.9960278655625339
2020-04-21,0.0
2020-04-22,0.0
2020-04-23,0.0
2020-04-24,0.0
2020-04-27,0.0
2020-04-28,0.0
2020-04-29,0.0
2020-04-30,0.0
2020-05-01,0.0
2020-05-04,0.0
2020-05-05,0.0
2020-05-06,-1.509903313490213e-14
2020-05-07,-0.23436379270967755
2020-05-08,-0.3675477769368696
2020-05-11,-0.5398302371646584
2020-05-12,-0.7874296063063793
2020-05-13,-0.9596501035120755
2020-05-14,-0.9984751157404848
2020-05-15,0.0
2020-05-18,0.0
2020-05-19,0.0
2020-05-20,0.0
2020-05-21,0.0
2020-05-22,0.0
2020-05-26,0.0
2020-05-27,0.0
2020-05-28,0.0
2020-05-29,0.0
2020-06-01,0.0
2020-06-02,4.440892098500626e-15
2020-06-03,0.39531240108018695
2020-06-04,0.6912967548024516
2020-06-05,0.894381924587166
2020-06-08,0.9753052783296252
2020-06-09,0.9937927181525421
2020-06-10,0.0
2020-06-11,0.0
2020-06-12,0.0
2020-06-15,0.0
2020-06-16,0.0
2020-06-17,0.0
2020-06-18,0.0
2020-06-19,0.0
2020-06-22,0.0
2020-06-23,0.0
2020-06-24,0.0
2020-06-25,3.9968028886505635e-15
2020-06-26,-0.3866046378523418
2020-06-29,-0.5285615643485366
2020-06-30,-0.6728863507812097
2020-07-01,-0.8142997152078633
2020-07-02,-0.8933503902448696
2020-07-06,-0.9393380148194592
2020-07-07,-0.9793628750899288
2020-07-08,-0.9947660565140755
2020-07-09,0.0
2020-07-10,0.0
2020-07-13,0.0
2020-07-14,0.0
2020-07-15,0.0
2020-07-16,0.0
2020-07-17,0.0
2020-07-20,0.0
2020-07-21,0.0
2020-07-22,0.0
2020-07-23,0.0
2020-07-24,3.774758283725532e-15
2020-07-27,0.199360840628664
2020-07-28,0.42516774434394233
2020-07-29,0.6095618153973013
2020-07-30,0.7079087272343425
2020-07-31,0.7686510934403372
2020-08-03,0.8085292930731787
2020-08-04,0.8452855005248332
2020-08-05,0.8925595256855354
2020-08-06,0.9178778738381466
2020-08-07,0.947427625280719
2020-08-10,0.9704881070991989
2020-08-11,0.9852773201983451
2020-08-12,0.9930208039900208
2020-08-13,0.0
2020-08-14,0.0
2020-08-17,0.0
2020-08-18,0.0
2020-08-19,0.0
2020-08-20,0.0
2020-08-21,0.0
2020-08-24,0.0
2020-08-25,0.0
2020-08-26,0.0
2020-08-27,0.0
2020-08-28,-2.5757174171303632e-14
2020-08-31,0.05182478856028161
2020-09-01,-0.14716932796571203
2020-09-02,0.4251784781153496
2020-09-03,0.21070277311318542
2020-09-04,-0.08938893170113515
2020-09-08,-0.6050565247796724
2020-09-09,-0.7549230415781139
2020-09-10,-0.945253399062431
2020-09-11,-0.9403020985028216
2020-09-14,-0.8761871337175702
2020-09-15,-0.8047947618132181
2020-09-16,-0.6070074459974131
2020-09-17,-0.31612907076104735
2020-09-18,-0.024525729974238963
2020-09-21,-0.5008809579546232
2020-09-22,-0.5386373419254187
2020-09-23,-0.7371351843952425
2020-09-24,-0.9225548711843334
2020-09-25,-0.9439182597239038
2020-09-28,-0.9318455215127301
2020-09-29,-0.9348928159778525
2020-09-30,-0.970777405384279
2020-10-01,-0.9917899409971005
2020-10-02,0.0
2020-10-05,0.0
2020-10-06,0.0
2020-10-07,0.0
2020-10-08,0.0
2020-10-09,0.0
2020-10-12,0.0
2020-10-13,0.0
2020-10-14,0.0
2020-10-15,0.0
2020-10-16,0.0
2020-10-19,-3.774758283725532e-15
2020-10-20,-0.6306042742323121
2020-10-21,-0.9611136626395276
2020-10-22,-0.9976243031971312
2020-10-23,0.0
2020-10-26,0.0
2020-10-27,0.0
2020-10-28,0.0
2020-10-29,0.0
2020-10-30,0.0
2020-11-02,0.0
2020-11-03,0.0
2020-11-04,0.0
2020-11-05,0.0
2020-11-06,0.0
2020-11-09,7.327471962526033e-15
2020-11-10,0.2592998387785963
2020-11-11,0.43355081398903184
2020-11-12,0.5505454915004151
2020-11-13,0.7486289864936537
2020-11-16,0.8843603922094985
2020-11-17,0.9478172382988779
2020-11-18,0.9805809242219863
2020-11-19,0.99274154918702
2020-11-20,0.0
2020-11-23,0.0
2020-11-24,0.0
2020-11-25,0.0
2020-11-27,0.0
2020-11-30,0.0
2020-12-01,0.0
2020-12-02,0.0
2020-12-03,0.0
2020-12-04,0.0
2020-12-07,0.0
2020-12-08,0.0
2020-12-09,-0.20797639867020923
2020-12-10,-0.5765174615231272
2020-12-11,-0.6835026275823715
2020-12-14,-0.8314221601382368
2020-12-15,-0.9171620065884327
2020-12-16,-0.9723935445150285
2020-12-17,-0.9936750458652177
2020-12-18,0.0
2020-12-21,0.0
2020-12-22,0.0
2020-12-23,0.0
2020-12-24,0.0
2020-12-28,0.0
2020-12-29,0.0
2020-12-30,0.0
2020-12-31,0.0
2021-01-04,0.0
2021-01-05,0.0
2021-01-06,-1.7319479184152442e-14
2021-01-07,-0.5092915355917484
2021-01-08,-0.9309369799471705
2021-01-11,-0.9941348753759549
2021-01-12,0.0
2021-01-13,0.0
2021-01-14,0.0
2021-01-15,0.0
2021-01-19,0.0
2021-01-20,0.0
2021-01-21,0.0
2021-01-22,0.0
2021-01-25,0.0
2021-01-26,0.0
2021-01-27,0.0
2021-01-28,-1.199040866595169e-14
2021-01-29,-0.5694448733085187
2021-02-01,-0.8462912689857227
2021-02-02,-0.9054059396272378
2021-02-03,-0.9444893093429525
2021-02-04,-0.9501356880170855
2021-02-05,-0.9559292751098087
2021-02-08,-0.9582120426814753
2021-02-09,-0.9426114917340329
2021-02-10,-0.9245884936645916
2021-02-11,-0.9222971335669596
2021-02-12,-0.9278202254419317
2021-02-16,-0.9448353596778516
2021-02-17,-0.9513155388936716
2021-02-18,-0.9540109948861175
2021-02-19,-0.9638176076527805
2021-02-22,-0.9588231478644247
2021-02-23,-0.9317658599371994
2021-02-24,-0.8914008395631658
2021-02-25,-0.8738511556201822
2021-02-26,-0.9116223368032419
2021-03-01,-0.9257504249713315
2021-03-02,-0.9155480912805198
2021-03-03,-0.8917085785373164
2021-03-04,-0.881272584110985
2021-03-05,-0.8555163802472692
2021-03-08,-0.8182123524253879
2021-03-09,-0.8113571310549039
2021-03-10,-0.7742034465146421
2021-03-11,-0.7448925077693092
2021-03-12,-0.7088146443914276
2021-03-15,-0.5907898219701373
2021-03-16,-0.44030963936402534
2021-03-17,-0.2014604809104379
2021-03-18,0.1886006353105163
2021-03-19,0.4804325007474586
2021-03-22,0.7286628718543917
2021-03-23,0.8544114889705701
2021-03-24,0.9370626361509211
2021-03-25,0.9821616166193945
2021-03-26,0.9967710631057916
2021-03-29,0.0
2021-03-30,0.0
2021-03-31,0.0
2021-04-01,0.0
2021-04-05,0.0
2021-04-06,0.0
2021-04-07,0.0
2021-04-08,0.0
2021-04-09,0.0
2021-04-12,0.0
2021-04-13,0.0
2021-04-14,6.217248937900877e-15
2021-04-15,0.3164418083267584
2021-04-16,0.5925451692074954
2021-04-19,0.7768943942673834
2021-04-20,0.8487274044888755
2021-04-21,0.898378400701852
2021-04-22,0.8904222996228501
2021-04-23,0.860898803487347
2021-04-26,0.7714980208399431
2021-04-27,0.6730092590572889
2021-04-28,0.5521634588860425
2021-04-29,0.5514390371256379
2021-04-30,0.5544327672949203
2021-05-03,0.6302358631670604
2021-05-04,0.7215748832751046
2021-05-05,0.7832258770911726
2021-05-06,0.8403460656180117
2021-05-07,0.9005195038323741
2021-05-10,0.948849984788136
2021-05-11,0.9654810823746329
2021-05-12,0.964294056979524
2021-05-13,0.9759573567662649
2021-05-14,0.9868083837389106
2021-05-17,0.9931190464228545
2021-05-18,0.0
2021-05-19,0.0
2021-05-20,0.0
2021-05-21,0.0
2021-05-24,0.0
2021-05-25,0.0
2021-05-26,0.0
2021-05-27,0.0
2021-05-28,0.0
2021-06-01,0.0
2021-06-02,0.0
2021-06-03,0.0
2021-06-04,0.8904294587195851
2021-06-07,0.9927373627488187
2021-06-08,0.0
2021-06-09,0.0
2021-06-10,0.0
2021-06-11,0.0
2021-06-14,0.0
2021-06-15,0.0
2021-06-16,0.0
2021-06-17,0.0
2021-06-18,0.0
2021-06-21,0.0
2021-06-22,0.0
2021-06-23,1.1102230246251565e-14
2021-06-24,-0.3710050834464875
2021-06-25,-0.4840202172461978
2021-06-28,-0.6468931571288934
2021-06-29,-0.8903626285770005
2021-06-30,-0.9473202331443955
2021-07-01,-0.9683710742805229
2021-07-02,-0.9773360736493071
2021-07-06,-0.9895064469987376
2021-07-07,-0.9897923182436692
2021-07-08,-0.9943272246776642
2021-07-09,0.0
2021-07-12,0.0
2021-07-13,0.0
2021-07-14,0.0
2021-07-15,0.0
2021-07-16,0.0
2021-07-19,0.0
2021-07-20,0.0
2021-07-21,0.0
2021-07-22,0.0
2021-07-23,0.0
2021-07-26,-1.8207657603852567e-14
2021-07-27,-0.16455452279776717
2021-07-28,-0.40014838877789427
2021-07-29,-0.5953843604120379
2021-07-30,-0.7617838579550549
2021-08-02,-0.9115422963675504
2021-08-03,-0.9671188703079088
2021-08-04,-0.9970773610847663
2021-08-05,0.0
2021-08-06,0.0
2021-08-09,0.0
2021-08-10,0.0
2021-08-11,0.0
2021-08-12,0.0
2021-08-13,0.0
2021-08-16,0.0
2021-08-17,0.0
2021-08-18,0.0
2021-08-19,0.0
2021-08-20,0.0
2021-08-23,-0.19019676595394674
2021-08-24,-0.2382788646982863
2021-08-25,-0.30001174515693574
2021-08-26,-0.15948399344925335
2021-08-27,0.003351799517819165
2021-08-30,0.16089882735782535
2021-08-31,0.32605048507534384
2021-09-01,0.28858372673825783
2021-09-02,0.33509889786853364
2021-09-03,0.2611053629885345
2021-09-07,-0.22212152771165572
2021-09-08,-0.5174339323630692
2021-09-09,-0.8033143251818813
2021-09-10,-0.9621770975345421
2021-09-13,-0.9949404637577814
2021-09-14,0.0
2021-09-15,0.0
2021-09-16,0.0
2021-09-17,0.0
2021-09-20,0.0
2021-09-21,0.0
2021-09-22,0.0
2021-09-23,0.0
2021-09-24,0.0
2021-09-27,0.0
2021-09-28,0.0
2021-09-29,-1.0880185641326534e-14
2021-09-30,0.011913701542467514
2021-10-01,0.12721831993856636
2021-10-04,0.1666673409717052
2021-10-05,0.2644813911261359
2021-10-06,0.4222254769604845
2021-10-07,0.5992223093806177
2021-10-08,0.7664962243155296
2021-10-11,0.9032553404476462
2021-10-12,0.9684222672567517
2021-10-13,0.994189381118955
2021-10-14,0.0
2021-10-15,0.0
2021-10-18,0.0
2021-10-19,0.0
2021-10-20,0.0
2021-10-21,0.0
2021-10-22,0.0
2021-10-25,0.0
2021-10-26,0.0
2021-10-27,0.0
2021-10-28,0.0
2021-10-29,-3.1086244689504383e-15
2021-11-01,-0.2940558954220025
2021-11-02,-0.5712238447719895
2021-11-03,-0.7330354163941237
2021-11-04,-0.8247736851638714
2021-11-05,-0.8745321947948146
2021-11-08,-0.906437363300167
2021-11-09,-0.9368332077904327
2021-11-10,-0.958386498130384
2021-11-11,-0.9741808465707584
2021-11-12,-0.9825791072329189
2021-11-15,-0.9876131855105008
2021-11-16,-0.9913578941285348
2021-11-17,0.0
2021-11-18,0.0
2021-11-19,0.0
2021-11-22,0.0
2021-11-23,0.0
2021-11-24,0.0
2021-11-26,0.0
2021-11-29,0.0
2021-11-30,0.0
2021-12-01,0.0
2021-12-02,0.0
2021-12-03,-3.3306690738754696e-15
2021-12-06,0.1312096470317594
2021-12-07,0.21460588742512932
2021-12-08,0.36875203318132876
2021-12-09,0.5833499374362465
2021-12-10,0.7670875479444001
2021-12-13,0.8875400983852146
2021-12-14,0.9506951900517902
2021-12-15,0.9766107296932993
2021-12-16,0.9899694516375228
2021-12-17,0.9954469617737896
2021-12-20,0.0
2021-12-21,0.0
2021-12-22,0.0
2021-12-23,0.0
2021-12-27,0.0
2021-12-28,0.0
2021-12-29,0.0
2021-12-30,0.0
2021-12-31,0.0
2022-01-03,0.0
2022-01-04,0.0
2022-01-05,-1.9984014443252818e-15
2022-01-06,0.21284384962638114
2022-01-07,0.4502768696123902
2022-01-10,0.6892585269294531
2022-01-11,0.8483385615434451
2022-01-12,0.9174149864410857
2022-01-13,0.9681804137492984
2022-01-14,0.9943781545104211
2022-01-18,0.0
2022-01-19,0.0
2022-01-20,0.0
2022-01-21,0.0
2022-01-24,0.0
2022-01-25,0.0
2022-01-26,0.0
2022-01-27,0.0
2022-01-28,0.0
2022-01-31,0.0
2022-02-01,0.0
2022-02-02,-9.547918011776346e-15
2022-02-03,0.1849340676282667
2022-02-04,0.3386620270219516
2022-02-07,0.5337246158875142
2022-02-08,0.7372555824854388
2022-02-09,0.8506627481014091
2022-02-10,0.8586247218144767
2022-02-11,0.9306702486310783
2022-02-14,0.9399468988231725
2022-02-15,0.9296044699661294
2022-02-16,0.9386326967856411
2022-02-17,0.9523686277825978
2022-02-18,0.9572444910901157
2022-02-22,0.9609695097722633
2022-02-23,0.9699182665447494
2022-02-24,0.9852882062664265
2022-02-25,0.9975979733230209
2022-02-28,0.0
2022-03-01,0.0
2022-03-02,0.0
2022-03-03,0.0
2022-03-04,0.0
2022-03-07,0.0
2022-03-08,0.0
2022-03-09,0.0
2022-03-10,0.0
2022-03-11,0.0
2022-03-14,0.0
2022-03-15,3.3306690738754696e-15
2022-03-16,-0.6266840024885607
2022-03-17,-0.8637974712849297
2022-03-18,-0.966228653746025
2022-03-21,-0.9793578219224202
2022-03-22,-0.9868632698871824
2022-03-23,-0.9879367416275215
2022-03-24,-0.9845248308424004
2022-03-25,-0.9746279065631911
2022-03-28,-0.977473363069195
2022-03-29,-0.9882859718540336
2022-03-30,-0.9888131916919836
2022-03-31,-0.9922240977119874
2022-04-01,0.0
2022-04-04,0.0
2022-04-05,0.0
2022-04-06,0.0
2022-04-07,0.0
2022-04-08,0.0
2022-04-11,0.0
2022-04-12,0.0
2022-04-13,0.0
2022-04-14,0.0
2022-04-18,0.0
2022-04-19,0.0
2022-04-20,-0.13516872786273137
2022-04-21,-0.54101727278615
2022-04-22,-0.7280412010775765
2022-04-25,-0.8696547462985489
2022-04-26,-0.9311869561719355
2022-04-27,-0.9675405030389663
2022-04-28,-0.9883609710800902
2022-04-29,-0.9981916749932649
2022-05-02,0.0
2022-05-03,0.0
2022-05-04,0.0
2022-05-05,0.0
2022-05-06,0.0
2022-05-09,0.0
2022-05-10,0.0
2022-05-11,0.0
2022-05-12,0.0
2022-05-13,0.0
2022-05-16,0.0
2022-05-17,2.886579864025407e-15
2022-05-18,-0.2053740313787531
2022-05-19,-0.6573024343802203
2022-05-20,-0.903873910232762
2022-05-23,-0.9436300616873183
2022-05-24,-0.9080373520607679
2022-05-25,-0.7926043867430843
2022-05-26,-0.5993449470496404
2022-05-27,-0.26003144311011495
2022-05-31,-0.13581338770416718
2022-06-01,-0.04080210044387833
2022-06-02,0.10843248470411848
2022-06-03,0.2947393755182901
2022-06-06,0.4766913677128368
2022-06-07,0.8314794552142017
2022-06-08,0.8923388949067916
2022-06-09,0.8507610600705999
2022-06-10,0.7664003484306656
2022-06-13,0.5333788875775141
2022-06-14,0.008631997240239553
2022-06-15,-0.549335132470028
2022-06-16,-0.929601609357585
2022-06-17,-0.9957520311323806
2022-06-21,0.0
2022-06-22,0.0
2022-06-23,0.0
2022-06-24,0.0
2022-06-27,0.0
2022-06-28,0.0
2022-06-29,0.0
2022-06-30,0.0
2022-07-01,0.0
2022-07-05,0.0
2022-07-06,0.0
2022-07-07,-4.6629367034256575e-15
2022-07-08,-0.01595887556368636
2022-07-11,-0.07337217932000795
2022-07-12,-0.2845736643201895
2022-07-13,-0.6070131993019516
2022-07-14,-0.8919108570784327
2022-07-15,-0.9831041149170374
2022-07-18,-0.9995830226849292
2022-07-19,0.0
2022-07-20,0.0
2022-07-21,0.0
2022-07-22,0.0
2022-07-25,0.0
2022-07-26,0.0
2022-07-27,0.0
2022-07-28,0.0
2022-07-29,0.0
2022-08-01,0.0
2022-08-02,0.0
2022-08-03,0.0
2022-08-04,0.3495782831798939
2022-08-05,0.5990655542486851
2022-08-08,0.7511625198563667
2022-08-09,0.874645520826101
2022-08-10,0.9446367898736536
2022-08-11,0.9761475376122453
2022-08-12,0.9925498441802627
2022-08-15,0.0
2022-08-16,0.0
2022-08-17,0.0
2022-08-18,0.0
2022-08-19,0.0
2022-08-22,0.0
2022-08-23,0.0
2022-08-24,0.0
2022-08-25,0.0
2022-08-26,0.0
2022-08-29,0.0
2022-08-30,1.4210854715202004e-14
2022-08-31,-0.49554569216943856
2022-09-01,-0.7520270316654019
2022-09-02,-0.930562452518086
2022-09-06,-0.9866358521202689
2022-09-07,-0.9971393936346364
2022-09-08,0.0
2022-09-09,0.0
2022-09-12,0.0
2022-09-13,0.0
2022-09-14,0.0
2022-09-15,0.0
2022-09-16,0.0
2022-09-19,0.0
2022-09-20,0.0
2022-09-21,0.0
2022-09-22,0.0
2022-09-23,3.552713678800501e-15
2022-09-26,-0.4955336689841787
2022-09-27,-0.9313146751099772
2022-09-28,-0.9960126882473157
2022-09-29,0.0
2022-09-30,0.0
2022-10-03,0.0
2022-10-04,0.0
2022-10-05,0.0
2022-10-06,0.0
2022-10-07,0.0
2022-10-10,0.0
2022-10-11,0.0
2022-10-12,0.0
2022-10-13,0.0
2022-10-14,-7.105427357601002e-15
2022-10-17,-0.07725225441847017
2022-10-18,0.6566562748190454
2022-10-19,0.9706613199365686
2022-10-20,0.9994749875197004
2022-10-21,0.0
2022-10-24,0.0
2022-10-25,0.0
2022-10-26,0.0
2022-10-27,0.0
2022-10-28,0.0
2022-10-31,0.0
2022-11-01,0.0
2022-11-02,0.0
2022-11-03,0.0
2022-11-04,0.0
2022-11-07,-3.3306690738754696e-15
2022-11-08,0.31750749641689047
2022-11-09,0.4536201516964917
2022-11-10,0.6300268174319563
2022-11-11,0.4846227930758569
2022-11-14,0.3003439420722098
2022-11-15,0.18324199723420942
2022-11-16,0.054372643080635275
2022-11-17,0.020967104644601164
2022-11-18,0.04379854382921189
2022-11-21,0.1194985856374835
2022-11-22,0.1728116526606136
2022-11-23,0.24216746733467698
2022-11-25,0.33414795625955973
2022-11-28,0.41554651042794677
2022-11-29,0.4978204793426375
2022-11-30,0.6053550918552557
2022-12-01,0.6844312705319373
2022-12-02,0.8163682600380118
2022-12-05,0.8830025863907061
2022-12-06,0.9120376819794387
2022-12-07,0.9286305478042849
2022-12-08,0.9492293299177894
2022-12-09,0.9621094877813494
2022-12-12,0.9743346545488865
2022-12-13,0.9788001683168259
2022-12-14,0.9852684192368386
2022-12-15,0.9872407556811673
2022-12-16,0.9900631248404641
2022-12-19,0.0
2022-12-20,0.0
2022-12-21,0.0
2022-12-22,0.0
2022-12-23,0.0
2022-12-27,0.0
2022-12-28,0.0
2022-12-29,0.0
2022-12-30,0.0
2023-01-03,0.0
2023-01-04,0.0
2023-01-05,6.8833827526759706e-15
2023-01-06,-0.4719314584787737
2023-01-09,-0.9675528340580803
2023-01-10,-0.9991586291048504
2023-01-11,0.0
2023-01-12,0.0
2023-01-13,0.0
2023-01-17,0.0
2023-01-18,0.0
2023-01-19,0.0
2023-01-20,0.0
2023-01-23,0.0
2023-01-24,0.0
2023-01-25,0.0
2023-01-26,0.0
2023-01-27,8.215650382226158e-15
2023-01-30,0.245965242506754
2023-01-31,0.5074422858576075
2023-02-01,0.6846965140774484
2023-02-02,0.7525447616399665
2023-02-03,0.8241768184619875
2023-02-06,0.9302388010024776
2023-02-07,0.974205109256576
2023-02-08,0.9921710790053964
2023-02-09,0.0
2023-02-10,0.0
2023-02-13,0.0
2023-02-14,0.0
2023-02-15,0.0
2023-02-16,0.0
2023-02-17,0.0
2023-02-21,0.0
2023-02-22,0.0
2023-02-23,0.0
2023-02-24,0.0
2023-02-27,1.1102230246251565e-14
2023-02-28,-0.05930733407062383
2023-03-01,-0.11021867350947567
2023-03-02,0.052405118401368966
2023-03-03,0.18183903409605962
2023-03-06,0.4014821223077836
2023-03-07,0.5254712617582853
2023-03-08,0.6546312788589561
2023-03-09,0.6584706032210128
2023-03-10,0.6524030996054666
2023-03-13,0.6964095843730163
2023-03-14,0.7688388198764653
2023-03-15,0.7142739703582632
2023-03-16,0.6527143449771382
2023-03-17,0.3443559540883925
2023-03-20,0.3524958880843605
2023-03-21,0.32740570756682086
2023-03-22,0.08719779098369718
2023-03-23,-0.18957138813001273
2023-03-24,-0.21378058109021714
2023-03-27,-0.2765986124305546
2023-03-28,-0.3979335417447143
2023-03-29,-0.42642863729878244
2023-03-30,-0.48235874466280526
2023-03-31,-0.5456681873172218
2023-04-03,-0.20488081238767797
2023-04-04,0.23267850628215792
2023-04-05,0.630145749133574
2023-04-06,0.8637397473042658
2023-04-10,0.9803406751075374
2023-04-11,0.9949250290798985
2023-04-12,0.0
2023-04-13,0.0
2023-04-14,0.0
2023-04-17,0.0
2023-04-18,0.0
2023-04-19,0.0
2023-04-20,0.0
2023-04-21,0.0
2023-04-24,0.0
2023-04-25,0.0
2023-04-26,0.0
2023-04-27,1.1102230246251565e-15
2023-04-28,-0.35641271224266036
2023-05-01,-0.5642790492867036
2023-05-02,-0.8080573476985087
2023-05-03,-0.945202705419135
2023-05-04,-0.988394090405535
2023-05-05,-0.9974985569039696
2023-05-08,0.0
2023-05-09,0.0
2023-05-10,0.0
2023-05-11,0.0
2023-05-12,0.0
2023-05-15,0.0
2023-05-16,0.0
2023-05-17,0.0
2023-05-18,0.0
2023-05-19,0.0
2023-05-22,0.0
2023-05-23,-1.0880185641326534e-14
2023-05-24,0.0033327734889840865
2023-05-25,-0.6866514142077635
2023-05-26,-0.8366936197754815
2023-05-30,-0.9285466429005149
2023-05-31,-0.977283976755962
2023-06-01,-0.9730398319889226
2023-06-02,-0.915153243787509
2023-06-05,-0.7862448790319112
2023-06-06,-0.35072662155551715
2023-06-07,0.4206222704046967
2023-06-08,0.9134887394117326
2023-06-09,0.9932386058304012
2023-06-12,0.0
2023-06-13,0.0
2023-06-14,0.0
2023-06-15,0.0
2023-06-16,0.0
2023-06-20,0.0
2023-06-21,0.0
2023-06-22,0.0
2023-06-23,0.0
2023-06-26,0.0
2023-06-27,0.0
2023-06-28,-2.886579864025407e-15
2023-06-29,0.024286415275767137
2023-06-30,0.17153720791081395
2023-07-03,0.386116036320854
2023-07-05,0.5666091764734651
2023-07-06,0.6785446661600787
2023-07-07,0.7060999746211079
2023-07-10,0.7629607822997786
2023-07-11,0.8847344686458471
2023-07-12,0.9214728494408966
2023-07-13,0.966457414648576
2023-07-14,0.9831403113789356
2023-07-17,0.9959745650305691
2023-07-18,0.0
2023-07-19,0.0
2023-07-20,0.0
2023-07-21,0.0
2023-07-24,0.0
2023-07-25,0.0
2023-07-26,0.0
2023-07-27,0.0
2023-07-28,0.0
2023-07-31,0.0
2023-08-01,0.0
2023-08-02,-1.6431300764452317e-14
2023-08-03,-0.26596074319583707
2023-08-04,-0.5910716504391824
2023-08-07,-0.6701516387607103
2023-08-08,-0.7444804327800787
2023-08-09,-0.7087185621612484
2023-08-10,-0.7573224860369017
2023-08-11,-0.6871381650779149
2023-08-14,-0.7360682837998413
2023-08-15,-0.8975208556930596
2023-08-16,-0.9575986203966851
2023-08-17,-0.9794182367167057
2023-08-18,-0.9831441175616793
2023-08-21,-0.9826365102286521
2023-08-22,-0.9777847662876917
2023-08-23,-0.9649263924999445
2023-08-24,-0.9593011970178904
2023-08-25,-0.9612928074640299
2023-08-28,-0.9568839939232145
2023-08-29,-0.971084991556421
2023-08-30,-0.9673181810861569
2023-08-31,-0.9679132105064565
2023-09-01,-0.9691874043876016
2023-09-05,-0.9798523710233014
2023-09-06,-0.9995690036431686
2023-09-07,0.0
2023-09-08,0.0
2023-09-11,0.0
2023-09-12,0.0
2023-09-13,0.0
2023-09-14,0.0
2023-09-15,0.0
2023-09-18,0.0
2023-09-19,0.0
2023-09-20,0.0
2023-09-21,0.0
2023-09-22,5.995204332975845e-15
2023-09-25,-0.43879164797362935
2023-09-26,-0.8256092107793358
2023-09-27,-0.9629383610324984
2023-09-28,-0.9918759694743438
2023-09-29,0.0
2023-10-02,0.0
2023-10-03,0.0
2023-10-04,0.0
2023-10-05,0.0
2023-10-06,0.0
2023-10-09,0.0
2023-10-10,0.0
2023-10-11,0.0
2023-10-12,0.0
2023-10-13,0.0
2023-10-16,-3.1086244689504383e-15
2023-10-17,0.2501736263629244
2023-10-18,0.508232815737482
2023-10-19,0.7180292980766319
2023-10-20,0.8296756430546122
2023-10-23,0.9063564859749966
2023-10-24,0.9422036077804645
2023-10-25,0.9717332475073241
2023-10-26,0.9859080419222848
2023-10-27,0.9925022170204147
2023-10-30,0.0
2023-10-31,0.0
2023-11-01,0.0
2023-11-02,0.0
2023-11-03,0.0
2023-11-06,0.0
2023-11-07,0.0
2023-11-08,0.0
2023-11-09,0.0
2023-11-10,0.0
2023-11-13,0.0
2023-11-14,1.3988810110276972e-14
2023-11-15,-0.16461134302545122
2023-11-16,-0.2934622823968911
2023-11-17,-0.43866991879115647
2023-11-20,-0.5854986290861928
2023-11-21,-0.5922436684904442
2023-11-22,-0.5370625474167467
2023-11-24,-0.432815015727519
2023-11-27,-0.5220779743305393
2023-11-28,-0.5284193769057126
2023-11-29,-0.6149426053016263
2023-11-30,-0.5550091715706125
2023-12-01,-0.4492169875777723
2023-12-04,-0.2998183355565307
2023-12-05,-0.2790525622332096
2023-12-06,-0.16479828111109107
2023-12-07,-0.12051382990268023
2023-12-08,-0.05048245975662913
2023-12-11,0.11190733308249023
2023-12-12,0.2747387652628155
2023-12-13,0.4168650649567036
2023-12-14,0.40017308883873515
2023-12-15,0.29770044756849856
2023-12-18,0.32334932591971466
2023-12-19,0.3690583006361663
2023-12-20,0.2892524438952635
2023-12-21,0.34062864308737195
2023-12-22,0.39372324940788217
2023-12-26,0.4845728105130882
2023-12-27,0.5432800777747291
2023-12-28,0.6350401760233888
2023-12-29,0.7396229645639694
2024-01-02,0.8465060771236714
2024-01-03,0.930054654743689
2024-01-04,0.9686022929838416
2024-01-05,0.985497080955716
2024-01-08,0.9947629769864923
2024-01-09,0.0
2024-01-10,0.0
2024-01-11,0.0
2024-01-12,0.0
2024-01-16,0.0
2024-01-17,0.0
2024-01-18,0.0
2024-01-19,0.0
2024-01-22,0.0
2024-01-23,0.0
2024-01-24,0.0
2024-01-25,-1.3322676295501878e-15
2024-01-26,-0.4149721773204498
2024-01-29,-0.7278833569501493
2024-01-30,-0.8735063797181986
2024-01-31,-0.9526369335324081
2024-02-01,-0.9838012670043459
2024-02-02,-0.9960798304797895
2024-02-05,0.0
2024-02-06,0.0
2024-02-07,0.0
2024-02-08,0.0
2024-02-09,0.0
2024-02-12,0.0
2024-02-13,0.0
2024-02-14,0.0
2024-02-15,0.0
2024-02-16,0.0
2024-02-20,0.0
2024-02-21,-8.659739592076221e-15
2024-02-22,0.23934218334263835
2024-02-23,0.5594636813882063
2024-02-26,0.7071361869070865
2024-02-27,0.8420596748221132
2024-02-28,0.9432688153575135
2024-02-29,0.9781010849445939
2024-03-01,0.9886751205104436
2024-03-04,0.9983323597764715
2024-03-05,0.0
2024-03-06,0.0
2024-03-07,0.0
2024-03-08,0.0
2024-03-11,0.0
2024-03-12,0.0
2024-03-13,0.0
2024-03-14,0.0
2024-03-15,0.0
2024-03-18,0.0
2024-03-19,0.0
2024-03-20,3.1308289294429414e-14
2024-03-21,0.6293536072254913
2024-03-22,0.9543907539395418
2024-03-25,0.9978648511720551
2024-03-26,0.0
2024-03-27,0.0
2024-03-28,0.0
2024-04-01,0.0
2024-04-02,0.0
2024-04-03,0.0
2024-04-04,0.0
2024-04-05,0.0
2024-04-08,0.0
2024-04-09,0.0
2024-04-10,0.0
2024-04-11,2.0872192862952943e-14
2024-04-12,-0.11148619144617378
2024-04-15,-0.04368946828020359
2024-04-16,0.09563881795433282
2024-04-17,0.32166562507776764
2024-04-18,0.5127943645997042
2024-04-19,0.8691590463080017
2024-04-22,0.9650201228338899
2024-04-23,0.9904880336044972
2024-04-24,0.0
2024-04-25,0.0
2024-04-26,0.0
2024-04-29,0.0
2024-04-30,0.0
2024-05-01,0.0
2024-05-02,0.0
2024-05-03,0.0
2024-05-06,0.0
2024-05-07,0.0
2024-05-08,0.0
2024-05-09,2.9531932455029164e-14
2024-05-10,0.3649951396991773
2024-05-13,0.7170829855942675
2024-05-14,0.8144674053761052
2024-05-15,0.8011963434596587
2024-05-16,0.8111529227406451
2024-05-17,0.8548222489976065
2024-05-20,0.9039659360636882
2024-05-21,0.9499852089701497
2024-05-22,0.9812369405957335
2024-05-23,0.9884373789047589
2024-05-24,0.9933455039306822
2024-05-28,0.0
2024-05-29,0.0
2024-05-30,0.0
2024-05-31,0.0
2024-06-03,0.0
2024-06-04,0.0
2024-06-05,0.0
2024-06-06,0.0
2024-06-07,0.0
2024-06-10,0.0
2024-06-11,0.0
2024-06-12,1.2878587085651816e-14
2024-06-13,-0.16288048622240092
2024-06-14,-0.3147701393648017
2024-06-17,-0.4278766737844928
2024-06-18,-0.5011970819295546
2024-06-20,-0.412762343050348
2024-06-21,-0.2895631620252983
2024-06-24,-0.05573874217918928
2024-06-25,0.07682807403989056
2024-06-26,0.17266521382901656
2024-06-27,0.2653154992720226
2024-06-28,0.3498169485628009
2024-07-01,0.4125376497672604
2024-07-02,0.45491014145733555
2024-07-03,0.5006943143768856
2024-07-05,0.46994773320869143
2024-07-08,0.4316420643825871
2024-07-09,0.3638569461516312
2024-07-10,0.3103280393232768
2024-07-11,0.24378574268626263
2024-07-12,0.24837927305086516
2024-07-15,0.2559523163244013
2024-07-16,0.3555433219426556
2024-07-17,0.5700667487286517
2024-07-18,0.731380011506896
2024-07-19,0.834597973118312
2024-07-22,0.9015585886121131
2024-07-23,0.9899849889534775
2024-07-24,0.9998648395551932
2024-07-25,0.0
2024-07-26,0.0
2024-07-29,0.0
2024-07-30,0.0
2024-07-31,0.0
2024-08-01,0.0
2024-08-02,0.0
2024-08-05,0.0
2024-08-06,0.0
2024-08-07,0.0
2024-08-08,0.0
2024-08-09,-9.103828801926284e-15
2024-08-12,0.32358194897226467
2024-08-13,0.6140828311274351
2024-08-14,0.8319352430614895
2024-08-15,0.9265219169661201
2024-08-16,0.9703225626144472
2024-08-19,0.9875945376407889
2024-08-20,0.9945821389389895
2024-08-21,0.0
2024-08-22,0.0
2024-08-23,0.0
2024-08-26,0.0
2024-08-27,0.0
2024-08-28,0.0
2024-08-29,0.0
2024-08-30,0.0
2024-09-03,0.0
2024-09-04,0.0
2024-09-05,0.0
2024-09-06,-1.4432899320127035e-14
2024-09-09,0.4249548972735724
2024-09-10,0.6453077236978983
2024-09-11,0.7232285161888994
2024-09-12,0.8007639734195786
2024-09-13,0.8719494355450472
2024-09-16,0.9344548856855586
2024-09-17,0.9506801962959373
2024-09-18,0.95865627337019
2024-09-19,0.9645325650481789
2024-09-20,0.9814452622662446
2024-09-23,0.9953865956550281
2024-09-24,0.0
2024-09-25,0.0
2024-09-26,0.0
2024-09-27,0.0
2024-09-30,0.0
2024-10-01,0.0
2024-10-02,0.0
2024-10-03,0.0
2024-10-04,0.0
2024-10-07,0.0
2024-10-08,0.0
2024-10-09,8.215650382226158e-15
2024-10-10,0.04217893536458561
2024-10-11,0.1872274595472252
2024-10-14,0.41020967571207123
2024-10-15,0.5232763779614196
2024-10-16,0.6912059085420195
2024-10-17,0.7887363499031288
2024-10-18,0.8686455264449267
2024-10-21,0.928537062401241
2024-10-22,0.8563841334432132
2024-10-23,0.7036473022767382
2024-10-24,0.40850166551391265
2024-10-25,0.016981995550239937
2024-10-28,-0.438529009285918
2024-10-29,-0.8006013048282616
2024-10-30,-0.9514277763993346
2024-10-31,-0.9915965832580926
2024-11-01,0.0
2024-11-04,0.0
2024-11-05,0.0
2024-11-06,0.0
2024-11-07,0.0
2024-11-08,0.0
2024-11-11,0.0
2024-11-12,0.0
2024-11-13,0.0
2024-11-14,0.0
2024-11-15,0.0
2024-11-18,1.1102230246251565e-15
2024-11-19,-0.29058061687818215
2024-11-20,-0.5079272187886326
2024-11-21,-0.5943086514249545
2024-11-22,-0.6646461443934726
2024-11-25,-0.8608924014605366
2024-11-26,-0.9517128717823786
2024-11-27,-0.9820669642525883
2024-11-29,-0.9925437716239967
2024-12-02,0.0
2024-12-03,0.0
2024-12-04,0.0
2024-12-05,0.0
2024-12-06,0.0
2024-12-09,0.0
2024-12-10,0.0
2024-12-11,0.0
2024-12-12,0.0
2024-12-13,0.0
2024-12-16,0.0
2024-12-17,-3.774758283725532e-15
2024-12-18,-0.45567330943240236
2024-12-19,-0.7878030719485121
2024-12-20,-0.8964817185895291
2024-12-23,-0.9589236693212941
2024-12-24,-0.9835321874413891
2024-12-26,-0.9929893713348281
2024-12-27,0.0
2024-12-30,0.0
2024-12-31,0.0
2025-01-02,0.0
2025-01-03,0.0
2025-01-06,0.0
2025-01-07,0.0
2025-01-08,0.0
2025-01-10,0.0
2025-01-13,0.0
2025-01-14,0.0
2025-01-15,1.2212453270876722e-14
2025-01-16,0.20800060842360923
2025-01-17,0.4595790677937299
2025-01-21,0.8387188452687435
2025-01-22,0.9481853564088467
2025-01-23,0.983661240593199
2025-01-24,0.9952760782064765
2025-01-27,0.0
2025-01-28,0.0
2025-01-29,0.0
2025-01-30,0.0
2025-01-31,0.0
2025-02-03,0.0
2025-02-04,0.0
2025-02-05,0.0
2025-02-06,0.0
2025-02-07,0.0
2025-02-10,0.0
2025-02-11,2.6645352591003757e-15
2025-02-12,-0.21545184070715084
2025-02-13,-0.4852923188898479
2025-02-14,-0.7682321316505623
2025-02-18,-0.894815361430034
2025-02-19,-0.9490174699761773
2025-02-20,-0.9732460493333794
2025-02-21,-0.9836317533647674
2025-02-24,-0.9902531434583317
2025-02-25,0.0
2025-02-26,0.0
2025-02-27,0.0
2025-02-28,0.0
2025-03-03,0.0
2025-03-04,0.0
2025-03-05,0.0
2025-03-06,0.0
2025-03-07,0.0
2025-03-10,0.0
2025-03-11,0.0
2025-03-12,0.0
2025-03-13,0.19179516997813595
2025-03-14,0.3338136843172066
2025-03-17,0.47544525741990484
2025-03-18,0.6108077535178613
2025-03-19,0.7273012442837394
2025-03-20,0.7888936566370448
2025-03-21,0.640480472646697
2025-03-24,0.39557539657587126
2025-03-25,0.2046872891287097
2025-03-26,0.05116127189743214
2025-03-27,-0.1342451289233102
2025-03-28,-0.3144583229488882
2025-03-31,-0.4179834576050141
2025-04-01,-0.4914880800397148
2025-04-02,-0.5191107599808062
2025-04-03,-0.528029166761657
2025-04-04,-0.7103643828858961
2025-04-07,-0.8403262032522147
2025-04-08,-0.883106493886928
2025-04-09,-0.8574748768191436
2025-04-10,-0.82258140581172
2025-04-11,-0.722551545026203
2025-04-14,-0.5908995078873605
2025-04-15,-0.48221232468781916
2025-04-16,-0.2942352187864252
2025-04-17,-0.21971645662632522
2025-04-21,-0.20072196311975432
2025-04-22,-0.14626041709579218
2025-04-23,-0.07837586265772267
2025-04-24,0.019508636688537306
2025-04-25,0.2146406153570828
2025-04-28,0.3820809476499081
2025-04-29,0.5257009017218934
2025-04-30,0.6573201021000172
2025-05-01,0.7608116115667878
2025-05-02,0.8215267215996067
2025-05-05,0.8655735797712683
2025-05-06,0.8923116012322125
2025-05-07,0.9202516342680209
2025-05-08,0.9460812171178545
2025-05-09,0.9632849479144483
2025-05-12,0.9751496018125625
2025-05-13,0.9759693219842691
2025-05-14,0.9691704254817675
2025-05-15,0.9740888186746055
2025-05-16,0.9800423437106647
2025-05-19,0.9866022138627328
2025-05-20,0.9918119716263649
2025-05-21,0.0
2025-05-22,0.0
2025-05-23,0.0
2025-05-27,0.0
2025-05-28,0.0
2025-05-29,0.0
2025-05-30,0.0
2025-06-02,0.0
2025-06-03,0.0
2025-06-04,0.0
2025-06-05,0.0
2025-06-06,1.9984014443252818e-15
2025-06-09,0.22340398714301157
2025-06-10,0.2990471534864856
2025-06-11,-0.2621750719630409
2025-06-12,-0.394408914621454
2025-06-13,-0.03310209781324591
2025-06-16,-0.23762374536090203
2025-06-17,-0.08963356760913044
2025-06-18,-0.23957511499892536
2025-06-20,-0.326799638846591
2025-06-23,-0.36206794445707646
2025-06-24,-0.6391856079360727
2025-06-25,-0.8372464679291374
2025-06-26,-0.9390736845474088
2025-06-27,-0.9792876363433707
2025-06-30,-0.9907007158560843
2025-07-01,0.0
2025-07-02,0.0
2025-07-03,0.0
2025-07-07,0.0
2025-07-08,0.0
2025-07-09,0.0
2025-07-10,0.0
2025-07-11,0.0
2025-07-14,0.0
2025-07-15,0.0
2025-07-16,0.0
2025-07-17,2.7977620220553945e-14
2025-07-18,-0.1661811879469437
2025-07-21,-0.48008031240328375
2025-07-22,-0.9999892431787831
2025-07-23,0.0
2025-07-24,0.0
2025-07-25,0.0
2025-07-28,0.0
2025-07-29,0.0
2025-07-30,0.0
2025-07-31,0.0
2025-08-01,0.0
2025-08-04,0.0
2025-08-05,0.0
2025-08-06,0.0
2025-08-07,-1.0436096431476471e-14
2025-08-08,0.09647758130858497
2025-08-11,0.21021973166605434
2025-08-12,0.49737437368257975
2025-08-13,0.8877188875558157
2025-08-14,0.9723391926656693
2025-08-15,0.9947926847295252
2025-08-18,0.0
2025-08-19,0.0
2025-08-20,0.0
2025-08-21,0.0
2025-08-22,0.0
2025-08-25,0.0
2025-08-26,0.0
2025-08-27,0.0
2025-08-28,0.0
2025-08-29,0.0
2025-09-02,0.0
2025-09-03,9.325873406851315e-15
2025-09-04,0.377769870119975
2025-09-05,0.7984858961868315
2025-09-08,0.9272030659195483
2025-09-09,0.9715025932374228
2025-09-10,0.9956547470273163
2025-09-11,0.0
2025-09-12,0.0
2025-09-15,0.0
2025-09-16,0.0
2025-09-17,0.0
2025-09-18,0.0
2025-09-19,0.0
2025-09-22,0.0
2025-09-23,0.0
2025-09-24,0.0
2025-09-25,0.0
2025-09-26,1.2212453270876722e-14
2025-09-29,0.4464271081888931
2025-09-30,0.8484673007986487
2025-10-01,0.9729853689856618
2025-10-02,0.9968660182006279
2025-10-03,0.0
2025-10-06,0.0
2025-10-07,0.0
2025-10-08,0.0
2025-10-09,0.0
2025-10-10,0.0
2025-10-13,0.0
2025-10-14,0.0
2025-10-15,0.0
2025-10-16,0.0
2025-10-17,0.0
2025-10-20,7.993605777301127e-15
2025-10-21,-0.48335564767688655
2025-10-22,-0.8214897013451103
2025-10-23,-0.950023046412813
2025-10-24,-0.9916427284211704
2025-10-27,0.0
2025-10-28,0.0
2025-10-29,0.0
2025-10-30,0.0
2025-10-31,0.0
2025-11-03,0.0
2025-11-04,0.0
2025-11-05,0.0
2025-11-06,0.0
2025-11-07,0.0
2025-11-10,0.0
2025-11-11,5.551115123125783e-15
2025-11-12,-0.2986566461575806
2025-11-13,-0.5535356095608777
2025-11-14,-0.6502825093487012
2025-11-17,-0.6881152038708556
2025-11-18,-0.6908591610124692
2025-11-19,-0.7297428155037884
2025-11-20,-0.7739333249980656
2025-11-21,-0.8474836090602993
2025-11-24,-0.926398470409109
2025-11-25,-0.9652862487341516
2025-11-26,-0.9834033370005393
2025-11-28,-0.9910942759597017
2025-12-01,0.0
2025-12-02,0.0
2025-12-03,0.0
2025-12-04,0.0
2025-12-05,0.0
2025-12-08,0.0
2025-12-09,0.0
2025-12-10,0.0
2025-12-11,0.0
2025-12-12,0.0
2025-12-15,0.0
2025-12-16,1.7763568394002505e-15
2025-12-17,0.17649450717186976
2025-12-18,0.2744913239034985
2025-12-19,0.40806979501622354
2025-12-22,0.609739145502207
2025-12-23,0.7489435148714687
2025-12-24,0.8580800545726994
2025-12-26,0.9170424344899741
2025-12-29,0.9614713768371801
2025-12-30,0.9825675332919839
2025-12-31,0.991056499141334
2026-01-02,0.0
2026-01-05,0.0
2026-01-06,0.0
2026-01-07,0.0
2026-01-08,0.0
2026-01-09,0.0
2026-01-12,0.0
2026-01-13,0.0
2026-01-14,0.0
2026-01-15,0.0
2026-01-16,0.0
2026-01-20,8.881784197001252e-16
2026-01-21,0.29606073444271797
2026-01-22,0.5741881280444612
2026-01-23,0.7539925129785818
2026-01-26,0.8473314537595433
2026-01-27,0.9258567934442714
2026-01-28,0.9676055292086805
2026-01-29,0.9921004985183723
2026-01-30,0.0
2026-02-02,0.0
2026-02-03,0.0
2026-02-04,0.0
2026-02-05,0.0
2026-02-06,0.0
2026-02-09,0.0
2026-02-10,0.0
2026-02-11,0.0
2026-02-12,0.0
2026-02-13,0.0
2026-02-17,7.327471962526033e-15
2026-02-18,0.2849108584491957
2026-02-19,0.6890563772576446
2026-02-20,0.8584711997931127
2026-02-23,0.9476227149497551
2026-02-24,0.9856101124000647
2026-02-25,0.9919712043652469
2026-02-26,0.0
2026-02-27,0.0
2026-03-02,0.0
2026-03-03,0.0
2026-03-04,0.0
2026-03-05,0.0
2026-03-06,0.0
2026-03-09,0.0
2026-03-10,0.0
2026-03-11,0.0
2026-03-12,0.0
2026-03-13,-1.021405182655144e-14
2026-03-16,-0.2033480810010897
2026-03-17,-0.5318091253083419
2026-03-18,-0.6891719823381193
2026-03-19,-0.8382267994132648
2026-03-20,-0.9543566641579688
2026-03-23,-0.995196967242997
2026-03-24,0.0
2026-03-25,0.0
2026-03-26,0.0
2026-03-27,0.0
2026-03-30,0.0
2026-03-31,0.0
2026-04-01,0.0
2026-04-02,0.0
2026-04-06,0.0
2026-04-07,0.0
2026-04-08,0.0
2026-04-09,0.0
2026-04-10,-0.1222990260667145
2026-04-13,-0.12201056297832835
2026-04-14,-0.26697962519676954
2026-04-15,-0.4023023117706801
2026-04-16,-0.5657846384688847
2026-04-17,-0.8216095323904571
2026-04-20,-0.9646546892510572
2026-04-21,-0.9974095650450581
2026-04-22,0.0
2026-04-23,0.0
2026-04-24,0.0
2026-04-27,0.0
2026-04-28,0.0
2026-04-29,0.0
2026-04-30,0.0
2026-05-01,0.0
2026-05-04,0.0
2026-05-05,0.0
2026-05-06,0.0
2026-05-07,9.103828801926284e-15
2026-05-08,-0.19842731554162696
2026-05-11,-0.2853430076518646
2026-05-12,-0.2339967696594032
2026-05-13,-0.2011436953922614
2026-05-14,-0.16325834009071194
2026-05-15,-0.19007859663541993
2026-05-18,-0.04378964383206019
2026-05-19,0.07335828723889315
2026-05-20,0.13003355198628364
2026-05-21,0.18609236778312366
2026-05-22,0.3635382231229116
2026-05-26,0.5127328812826539
2026-05-27,0.6214974914956164
2026-05-28,0.7506128793103177
2026-05-29,0.8106521561537718
2026-06-01,0.793676264391926
2026-06-02,0.759185091180884
2026-06-03,0.7134880976414826
2026-06-04,0.7108762478635162
2026-06-05,0.7369380809790163
2026-06-08,0.7402805791292448
2026-06-09,0.7953720207367065
2026-06-10,0.8195000044250942
2026-06-11,0.9133674236233227
2026-06-12,0.9513309648130828
2026-06-15,0.964078938676262
2026-06-16,0.9780085658658699
2026-06-17,0.9850786466678871
2026-06-18,0.9794727407634629
2026-06-22,0.9539383942270505
2026-06-23,0.9281068607409784
2026-06-24,0.8581995133884281
2026-06-25,0.8065485229992357
2026-06-26,0.7550810256709184
2026-06-29,0.6669789643029427
2026-06-30,0.6102537940321873
2026-07-01,0.6271179954139692
2026-07-02,0.7640777905571614
2026-07-06,0.834850787590961
2026-07-07,0.8809454554439022
2026-07-08,0.9005558122846442
2026-07-09,0.897462750598542
2026-07-10,0.9050750155739646
2026-07-13,0.9071326342009562
2026-07-14,0.8974405028734769
2026-07-15,0.885950107572304
2026-07-16,0.871355031642564
2026-07-17,0.8421541109481097
2026-07-20,0.8114021887828153
2026-07-21,0.7678021020163008
2026-07-22,0.7488587165253251
2026-07-23,0.8960319845908109
2026-07-24,0.9743467671658654
2026-07-27,0.9949377469008176
