2005-01-03,0.0
2005-01-04,0.0
2005-01-05,0.0
2005-01-06,0.0
2005-01-07,0.0
2005-01-10,0.0
2005-01-11,0.0
2005-01-12,0.0
2005-01-13,0.0
2005-01-14,0.0
2005-01-18,0.0
2005-01-19,-1.2434497875801753e-14
2005-01-20,0.24129556065487012
2005-01-21,0.40902575404963337
2005-01-24,0.44998119455018437
2005-01-25,0.4917654467465342
2005-01-26,0.5694548971402826
2005-01-27,0.5905672516067706
2005-01-28,0.5224235432998074
2005-01-31,0.5619267001115971
2005-02-01,0.6257307746869243
2005-02-02,0.7618798998236693
2005-02-03,0.8440380486468282
2005-02-04,0.9473084124278357
2005-02-07,0.9911609229496412
2005-02-08,0.0
2005-02-09,0.0
2005-02-10,0.0
2005-02-11,0.0
2005-02-14,0.0
2005-02-15,0.0
2005-02-16,0.0
2005-02-17,0.0
2005-02-18,0.0
2005-02-22,0.0
2005-02-23,0.0
2005-02-24,7.327471962526033e-15
2005-02-25,0.5083213081589566
2005-02-28,0.9027936262360816
2005-03-01,0.9933053314191553
2005-03-02,0.0
2005-03-03,0.0
2005-03-04,0.0
2005-03-07,0.0
2005-03-08,0.0
2005-03-09,0.0
2005-03-10,0.0
2005-03-11,0.0
2005-03-14,0.0
2005-03-15,0.0
2005-03-16,0.0
2005-03-17,-7.549516567451064e-15
2005-03-18,-0.46175402019682377
2005-03-21,-0.8279480577895206
2005-03-22,-0.9574262133816906
2005-03-23,-0.9927716889309239
2005-03-24,0.0
2005-03-28,0.0
2005-03-29,0.0
2005-03-30,0.0
2005-03-31,0.0
2005-04-01,0.0
2005-04-04,0.0
2005-04-05,0.0
2005-04-06,0.0
2005-04-07,0.0
2005-04-08,0.0
2005-04-11,1.0436096431476471e-14
2005-04-12,0.029087400454066437
2005-04-13,-0.07058772423523374
2005-04-14,-0.61037209155023
2005-04-15,-0.9808804679460352
2005-04-18,-0.9997430078273613
2005-04-19,0.0
2005-04-20,0.0
2005-04-21,0.0
2005-04-22,0.0
2005-04-25,0.0
2005-04-26,0.0
2005-04-27,0.0
2005-04-28,0.0
2005-04-29,0.0
2005-05-02,0.0
2005-05-03,0.0
2005-05-04,-3.1086244689504383e-15
2005-05-05,0.3377473419602839
2005-05-06,0.579667865189861
2005-05-09,0.768066017074315
2005-05-10,0.8798476508524764
2005-05-11,0.9397749926121695
2005-05-12,0.9712680548983381
2005-05-13,0.9876165895813249
2005-05-16,0.9957493713324008
2005-05-17,0.0
2005-05-18,0.0
2005-05-19,0.0
2005-05-20,0.0
2005-05-23,0.0
2005-05-24,0.0
2005-05-25,0.0
2005-05-26,0.0
2005-05-27,0.0
2005-05-31,0.0
2005-06-01,0.0
2005-06-02,0.0
2005-06-03,0.1532561436460118
2005-06-06,0.44903492908362375
2005-06-07,0.6674916660552226
2005-06-08,0.6981443321390675
2005-06-09,0.9007633801199093
2005-06-10,0.9758067554434244
2005-06-13,0.9965188149384012
2005-06-14,0.0
2005-06-15,0.0
2005-06-16,0.0
2005-06-17,0.0
2005-06-20,0.0
2005-06-21,0.0
2005-06-22,0.0
2005-06-23,0.0
2005-06-24,0.0
2005-06-27,0.0
2005-06-28,0.0
2005-06-29,6.8833827526759706e-15
2005-06-30,0.23466928004455445
2005-07-01,0.2806221220122862
2005-07-05,0.42667095639550756
2005-07-06,0.5220275373102963
2005-07-07,0.5745284360327119
2005-07-08,0.6436597876676438
2005-07-11,0.8187473661466713
2005-07-12,0.9267575000551165
2005-07-13,0.9464847716107432
2005-07-14,0.9616532319499094
2005-07-15,0.9940269885253255
2005-07-18,0.0
2005-07-19,0.0
2005-07-20,0.0
2005-07-21,0.0
2005-07-22,0.0
2005-07-25,0.0
2005-07-26,0.0
2005-07-27,0.0
2005-07-28,0.0
2005-07-29,0.0
2005-08-01,0.0
2005-08-02,-8.43769498715119e-15
2005-08-03,0.2324681273689504
2005-08-04,0.28564695335341517
2005-08-05,0.21086786695204607
2005-08-08,-0.0257974135533523
2005-08-09,-0.25154602244001967
2005-08-10,-0.42461312870516466
2005-08-11,-0.5943480292806917
2005-08-12,-0.7989757922271774
2005-08-15,-0.8960611532662055
2005-08-16,-0.9672758556380652
2005-08-17,-0.9899517121514678
2005-08-18,-0.9971292018827813
2005-08-19,0.0
2005-08-22,0.0
2005-08-23,0.0
2005-08-24,0.0
2005-08-25,0.0
2005-08-26,0.0
2005-08-29,0.0
2005-08-30,0.0
2005-08-31,0.0
2005-09-01,0.0
2005-09-02,0.0
2005-09-06,3.552713678800501e-15
2005-09-07,-0.09919234226128415
2005-09-08,-0.2690541469752292
2005-09-09,-0.29892332751453465
2005-09-12,-0.028852436731108932
2005-09-13,0.17837199518848101
2005-09-14,0.2999412020778218
2005-09-15,0.34256853923915087
2005-09-16,0.43218043965811237
2005-09-19,0.44643403359204115
2005-09-20,0.40950390817123994
2005-09-21,0.2575480296592949
2005-09-22,0.17454334118074732
2005-09-23,0.16290539234123624
2005-09-26,0.19687612083159944
2005-09-27,0.24554291517408533
2005-09-28,0.1499450220245786
2005-09-29,0.17728699842185747
2005-09-30,0.16427634330862784
2005-10-03,0.22243698714149285
2005-10-04,0.2653829949520803
2005-10-05,0.1793040098131229
2005-10-06,0.1659944247493479
2005-10-07,0.16038755550494832
2005-10-10,0.13806279814946
2005-10-11,0.03914734560548938
2005-10-12,-0.19096738188303708
2005-10-13,-0.402416565940102
2005-10-14,-0.5735263252028657
2005-10-17,-0.6916200895065123
2005-10-18,-0.8105802137846165
2005-10-19,-0.8643582829742738
2005-10-20,-0.91064846246001
2005-10-21,-0.9399413490939361
2005-10-24,-0.9589634698374805
2005-10-25,-0.9715173479274877
2005-10-26,-0.9773418044548277
2005-10-27,-0.9832069509520387
2005-10-28,-0.9885930078052811
2005-10-31,-0.9880079432740236
2005-11-01,-0.9842511787356085
2005-11-02,-0.9720919241689823
2005-11-03,-0.9503334338357965
2005-11-04,-0.9181905614532511
2005-11-07,-0.8460287833050724
2005-11-08,-0.7522473654119648
2005-11-09,-0.6164571368823712
2005-11-10,-0.4265808135768898
2005-11-11,-0.19306782714894077
2005-11-14,0.02766601427135118
2005-11-15,0.1887765259214702
2005-11-16,0.3058481181321069
2005-11-17,0.4963177394627749
2005-11-18,0.6539337434161485
2005-11-21,0.7808213714711989
2005-11-22,0.8731739408455819
2005-11-23,0.93079385102913
2005-11-25,0.9646543043506044
2005-11-28,0.979617261059631
2005-11-29,0.9883072831045172
2005-11-30,0.9939009008887254
2005-12-01,0.0
2005-12-02,0.0
2005-12-05,0.0
2005-12-06,0.0
2005-12-07,0.0
2005-12-08,0.0
2005-12-09,0.0
2005-12-12,0.0
2005-12-13,0.0
2005-12-14,0.0
2005-12-15,0.0
2005-12-16,0.0
2005-12-19,0.05590176206321873
2005-12-20,0.08127862289390198
2005-12-21,0.2699316811870429
2005-12-22,0.3050323808844764
2005-12-23,0.5110645846189172
2005-12-27,0.5958602063267835
2005-12-28,0.731590552501159
2005-12-29,0.8191985735295382
2005-12-30,0.8745623200232251
2006-01-03,0.9126261468929238
2006-01-04,0.9355932520438042
2006-01-05,0.9559569695322698
2006-01-06,0.9574075871071626
2006-01-09,0.966236781484398
2006-01-10,0.9802174812990114
2006-01-11,0.9887598953248653
2006-01-12,0.9909672003960812
2006-01-13,0.0
2006-01-17,0.0
2006-01-18,0.0
2006-01-19,0.0
2006-01-20,0.0
2006-01-23,0.0
2006-01-24,0.0
2006-01-25,0.0
2006-01-26,0.0
2006-01-27,0.0
2006-01-30,0.0
2006-01-31,1.532107773982716e-14
2006-02-01,0.42338785523359146
2006-02-02,0.5714163053774932
2006-02-03,0.7300125468669592
2006-02-06,0.7678443116760791
2006-02-07,0.8679754962742645
2006-02-08,0.9432329669237032
2006-02-09,0.9753617002064239
2006-02-10,0.9929434102726331
2006-02-13,0.0
2006-02-14,0.0
2006-02-15,0.0
2006-02-16,0.0
2006-02-17,0.0
2006-02-21,0.0
2006-02-22,0.0
2006-02-23,0.0
2006-02-24,0.0
2006-02-27,0.0
2006-02-28,0.0
2006-03-01,0.0
2006-03-02,0.5419918162662329
2006-03-03,0.7878898842758761
2006-03-06,0.8779077288466162
2006-03-07,0.9448401876309063
2006-03-08,0.9730704133500261
2006-03-09,0.9875358809956911
2006-03-10,0.9952601881746004
2006-03-13,0.0
2006-03-14,0.0
2006-03-15,0.0
2006-03-16,0.0
2006-03-17,0.0
2006-03-20,0.0
2006-03-21,0.0
2006-03-22,0.0
2006-03-23,0.0
2006-03-24,0.0
2006-03-27,0.0
2006-03-28,0.0
2006-03-29,0.4690370715832355
2006-03-30,0.7394882379328098
2006-03-31,0.9855470729707041
2006-04-03,0.997386781998284
2006-04-04,0.0
2006-04-05,0.0
2006-04-06,0.0
2006-04-07,0.0
2006-04-10,0.0
2006-04-11,0.0
2006-04-12,0.0
2006-04-13,0.0
2006-04-17,0.0
2006-04-18,0.0
2006-04-19,0.0
2006-04-20,-9.103828801926284e-15
2006-04-21,-0.1353785289125442
2006-04-24,-0.31386706777469686
2006-04-25,-0.5081501100888146
2006-04-26,-0.7619539445574479
2006-04-27,-0.8982501683131396
2006-04-28,-0.9697186488143239
2006-05-01,-0.9939374387442086
2006-05-02,0.0
2006-05-03,0.0
2006-05-04,0.0
2006-05-05,0.0
2006-05-08,0.0
2006-05-09,0.0
2006-05-10,0.0
2006-05-11,0.0
2006-05-12,0.0
2006-05-15,0.0
2006-05-16,0.0
2006-05-17,-1.176836406102666e-14
2006-05-18,-0.6151098784651272
2006-05-19,-0.8382912851934199
2006-05-22,-0.9692907694687551
2006-05-23,-0.995903976645085
2006-05-24,0.0
2006-05-25,0.0
2006-05-26,0.0
2006-05-30,0.0
2006-05-31,0.0
2006-06-01,0.0
2006-06-02,0.0
2006-06-05,0.0
2006-06-06,0.0
2006-06-07,0.0
2006-06-08,0.0
2006-06-09,1.021405182655144e-14
2006-06-12,-0.31874816457746524
2006-06-13,-0.6653301459278587
2006-06-14,-0.8758132037462631
2006-06-15,-0.876229247164642
2006-06-16,-0.8689475623404708
2006-06-19,-0.9263997882763824
2006-06-20,-0.9309689961497709
2006-06-21,-0.9119822715770878
2006-06-22,-0.8944064424352351
2006-06-23,-0.8409244285423845
2006-06-26,-0.7213833653320179
2006-06-27,-0.5544367911643278
2006-06-28,-0.34657330081281223
2006-06-29,-0.4604348770542761
2006-06-30,-0.6317779964731507
2006-07-03,-0.7050560106506789
2006-07-05,-0.8862867632119431
2006-07-06,-0.9741757297105882
2006-07-07,-0.9979648397456253
2006-07-10,0.0
2006-07-11,0.0
2006-07-12,0.0
2006-07-13,0.0
2006-07-14,0.0
2006-07-17,0.0
2006-07-18,0.0
2006-07-19,0.0
2006-07-20,0.0
2006-07-21,0.0
2006-07-24,0.0
2006-07-25,-9.547918011776346e-15
2006-07-26,-0.12613885050901308
2006-07-27,-0.45057297370879623
2006-07-28,-0.7754356325243312
2006-07-31,-0.8901785576437344
2006-08-01,-0.9502029024257472
2006-08-02,-0.9682016167718082
2006-08-03,-0.9638627743451247
2006-08-04,-0.9517938314679295
2006-08-07,-0.9494274364334061
2006-08-08,-0.9707976722215332
2006-08-09,-0.9936584813968576
2006-08-10,0.0
2006-08-11,0.0
2006-08-14,0.0
2006-08-15,0.0
2006-08-16,0.0
2006-08-17,0.0
2006-08-18,0.0
2006-08-21,0.0
2006-08-22,0.0
2006-08-23,0.0
2006-08-24,0.0
2006-08-25,-7.549516567451064e-15
2006-08-28,-0.06178199519424821
2006-08-29,0.2423739070997275
2006-08-30,0.5432921594383029
2006-08-31,0.7866559166407896
2006-09-01,0.9551800998040703
2006-09-05,0.9939245588767496
2006-09-06,0.0
2006-09-07,0.0
2006-09-08,0.0
2006-09-11,0.0
2006-09-12,0.0
2006-09-13,0.0
2006-09-14,0.0
2006-09-15,0.0
2006-09-18,0.0
2006-09-19,0.0
2006-09-20,0.0
2006-09-21,-3.9968028886505635e-15
2006-09-22,0.2762437218788403
2006-09-25,0.5842906942331854
2006-09-26,0.8478387613448071
2006-09-27,0.9560063361444728
2006-09-28,0.990605751825816
2006-09-29,0.0
2006-10-02,0.0
2006-10-03,0.0
2006-10-04,0.0
2006-10-05,0.0
2006-10-06,0.0
2006-10-09,0.0
2006-10-10,0.0
2006-10-11,0.0
2006-10-12,0.0
2006-10-13,0.0
2006-10-16,-1.021405182655144e-14
2006-10-17,0.054347604254951554
2006-10-18,0.24730576674126925
2006-10-19,0.41841848867395326
2006-10-20,0.598497249719466
2006-10-23,0.8236734747727721
2006-10-24,0.9330368939464821
2006-10-25,0.6651793334394878
2006-10-26,0.2739594076828391
2006-10-27,-0.29504251606874465
2006-10-30,-0.7723094948582281
2006-10-31,-0.9414391539929912
2006-11-01,-0.995128182406197
2006-11-02,0.0
2006-11-03,0.0
2006-11-06,0.0
2006-11-07,0.0
2006-11-08,0.0
2006-11-09,0.0
2006-11-10,0.0
2006-11-13,0.0
2006-11-14,0.0
2006-11-15,0.0
2006-11-16,0.0
2006-11-17,-1.2434497875801753e-14
2006-11-20,0.1288991816117233
2006-11-21,0.2739990401408585
2006-11-22,0.43684955133019865
2006-11-24,0.44823216363262963
2006-11-27,0.31533030211413116
2006-11-28,0.03413641519249122
2006-11-29,-0.3025432110620625
2006-11-30,-0.5433022102380924
2006-12-01,-0.7327198781495219
2006-12-04,-0.8147275900362683
2006-12-05,-0.8461241117174478
2006-12-06,-0.8774585223669265
2006-12-07,-0.920060734609154
2006-12-08,-0.9387008839553455
2006-12-11,-0.9496174018026149
2006-12-12,-0.9622675908320975
2006-12-13,-0.9739299954200136
2006-12-14,-0.9731400391645249
2006-12-15,-0.9731561909922724
2006-12-18,-0.9724670794343726
2006-12-19,-0.9769176480382151
2006-12-20,-0.9752527668877851
2006-12-21,-0.9753672409481371
2006-12-22,-0.9725879424586037
2006-12-26,-0.969406784588843
2006-12-27,-0.9652082877270443
2006-12-28,-0.9667260351322733
2006-12-29,-0.9746450663411725
2007-01-03,-0.9785450501546227
2007-01-04,-0.9792664370716979
2007-01-05,-0.9857886487542928
2007-01-08,-0.9923502927385894
2007-01-09,0.0
2007-01-10,0.0
2007-01-11,0.0
2007-01-12,0.0
2007-01-16,0.0
2007-01-17,0.0
2007-01-18,0.0
2007-01-19,0.0
2007-01-22,0.0
2007-01-23,0.0
2007-01-24,0.0
2007-01-25,1.8207657603852567e-14
2007-01-26,0.17797861145968796
2007-01-29,0.276919807428214
2007-01-30,0.2642984623013156
2007-01-31,0.7397697036395559
2007-02-01,0.9245258922437567
2007-02-02,0.9823352565188457
2007-02-05,0.9925377400014026
2007-02-06,0.0
2007-02-07,0.0
2007-02-08,0.0
2007-02-09,0.0
2007-02-12,0.0
2007-02-13,0.0
2007-02-14,0.0
2007-02-15,0.0
2007-02-16,0.0
2007-02-20,0.0
2007-02-21,0.0
2007-02-22,-2.0872192862952943e-14
2007-02-23,0.2591989862114603
2007-02-26,0.27175238029636706
2007-02-27,-0.9506898049542458
2007-02-28,-0.9539943157460371
2007-03-01,-0.9930530116667391
2007-03-02,0.0
2007-03-05,0.0
2007-03-06,0.0
2007-03-07,0.0
2007-03-08,0.0
2007-03-09,0.0
2007-03-12,0.0
2007-03-13,0.0
2007-03-14,0.0
2007-03-15,0.0
2007-03-16,0.0
2007-03-19,1.4210854715202004e-14
2007-03-20,0.16500126993926512
2007-03-21,0.3921724081453226
2007-03-22,0.7404667547833959
2007-03-23,0.9284648514979388
2007-03-26,0.9816538061941842
2007-03-27,0.9964154040773225
2007-03-28,0.0
2007-03-29,0.0
2007-03-30,0.0
2007-04-02,0.0
2007-04-03,0.0
2007-04-04,0.0
2007-04-05,0.0
2007-04-09,0.0
2007-04-10,0.0
2007-04-11,0.0
2007-04-12,0.0
2007-04-13,4.0190073491430667e-14
2007-04-16,0.21339326867052888
2007-04-17,0.7431362919916016
2007-04-18,0.9739857916795527
2007-04-19,0.999233225964772
2007-04-20,0.0
2007-04-23,0.0
2007-04-24,0.0
2007-04-25,0.0
2007-04-26,0.0
2007-04-27,0.0
2007-04-30,0.0
2007-05-01,0.0
2007-05-02,0.0
2007-05-03,0.0
2007-05-04,0.0
2007-05-07,1.1102230246251565e-14
2007-05-08,-0.018581388655379616
2007-05-09,0.02557482813789913
2007-05-10,-0.04593960911996908
2007-05-11,-0.16907653957431612
2007-05-14,-0.2734336728098654
2007-05-15,-0.4336137578619481
2007-05-16,-0.47358712416033155
2007-05-17,-0.3768478227766723
2007-05-18,-0.18990050874614162
2007-05-21,-0.03019433784566461
2007-05-22,0.15898381572871023
2007-05-23,0.30621429283519097
2007-05-24,0.389976560013344
2007-05-25,0.5237380629896811
2007-05-29,0.6873783953078361
2007-05-30,0.8586455377110536
2007-05-31,0.9558118109681382
2007-06-01,0.9899136357673741
2007-06-04,0.9979446576245281
2007-06-05,0.0
2007-06-06,0.0
2007-06-07,0.0
2007-06-08,0.0
2007-06-11,0.0
2007-06-12,0.0
2007-06-13,0.0
2007-06-14,0.0
2007-06-15,0.0
2007-06-18,0.0
2007-06-19,0.0
2007-06-20,-1.709743457922741e-14
2007-06-21,-0.111348640585619
2007-06-22,-0.5176774195110889
2007-06-25,-0.7856036451624941
2007-06-26,-0.9527866249396229
2007-06-27,-0.9764397882464806
2007-06-28,-0.9826232783953728
2007-06-29,-0.9895054952613092
2007-07-02,-0.989822064684744
2007-07-03,-0.9920575121280719
2007-07-05,0.0
2007-07-06,0.0
2007-07-09,0.0
2007-07-10,0.0
2007-07-11,0.0
2007-07-12,0.0
2007-07-13,0.0
2007-07-16,0.0
2007-07-17,0.0
2007-07-18,0.0
2007-07-19,0.0
2007-07-20,-7.993605777301127e-15
2007-07-23,-0.24045558696795832
2007-07-24,-0.532172422909525
2007-07-25,-0.8284970759538428
2007-07-26,-0.9570623701933705
2007-07-27,-0.9901188537188315
2007-07-30,0.0
2007-07-31,0.0
2007-08-01,0.0
2007-08-02,0.0
2007-08-03,0.0
2007-08-06,0.0
2007-08-07,0.0
2007-08-08,0.0
2007-08-09,0.0
2007-08-10,0.0
2007-08-13,0.0
2007-08-14,0.0
2007-08-15,-0.363654007817223
2007-08-16,-0.7024663295427991
2007-08-17,-0.8170586381380198
2007-08-20,-0.8582525862760895
2007-08-21,-0.8806778720220259
2007-08-22,-0.8566376635368902
2007-08-23,-0.8544307422555002
2007-08-24,-0.7970699278453912
2007-08-27,-0.7138245597076218
2007-08-28,-0.7132448697406282
2007-08-29,-0.5924474945409066
2007-08-30,-0.5124331459569205
2007-08-31,-0.33779644449964863
2007-09-04,-0.10746898950880013
2007-09-05,0.06219687167581678
2007-09-06,0.18501567244812556
2007-09-07,0.22372481692001323
2007-09-10,0.20229291562900453
2007-09-11,0.18512169401087109
2007-09-12,0.1139914212209554
2007-09-13,0.07437546089259195
2007-09-14,0.05722182150598032
2007-09-17,0.038203565125993544
2007-09-18,0.22312613432153672
2007-09-19,0.31345017373919815
2007-09-20,0.3502229850413703
2007-09-21,0.3535389451735653
2007-09-24,0.3339267572799527
2007-09-25,0.2975307486034493
2007-09-26,0.27656249349930806
2007-09-27,0.28887209640862643
2007-09-28,0.21244464884248893
2007-10-01,0.07508070802169065
2007-10-02,-0.01846599502023749
2007-10-03,-0.08861994965753373
2007-10-04,-0.1880271762550314
2007-10-05,-0.2440528922456835
2007-10-08,-0.28214572012842987
2007-10-09,-0.23657831188106337
2007-10-10,-0.2366656043805344
2007-10-11,-0.26040394663278477
2007-10-12,-0.2710347509448201
2007-10-15,-0.2875872064724452
2007-10-16,-0.34377477222816855
2007-10-17,-0.41475205028266005
2007-10-18,-0.4688893031462369
2007-10-19,-0.5575098084532382
2007-10-22,-0.6333935905933217
2007-10-23,-0.6820555423073973
2007-10-24,-0.7555428365523726
2007-10-25,-0.8068472929486539
2007-10-26,-0.8457347590612234
2007-10-29,-0.8825545460916839
2007-10-30,-0.9109055714853378
2007-10-31,-0.9292855198073375
2007-11-01,-0.9499410215288604
2007-11-02,-0.9649168659645078
2007-11-05,-0.9784457025945981
2007-11-06,-0.9867494256121447
2007-11-07,-0.9935566513194349
2007-11-08,0.0
2007-11-09,0.0
2007-11-12,0.0
2007-11-13,0.0
2007-11-14,0.0
2007-11-15,0.0
2007-11-16,0.0
2007-11-19,0.0
2007-11-20,0.0
2007-11-21,0.0
2007-11-23,0.0
2007-11-26,-1.1102230246251565e-14
2007-11-27,0.0693414532542167
2007-11-28,0.5872413270350787
2007-11-29,0.8013915319779277
2007-11-30,0.9324268524362422
2007-12-03,0.9836384289863753
2007-12-04,0.9989196162653955
2007-12-05,0.0
2007-12-06,0.0
2007-12-07,0.0
2007-12-10,0.0
2007-12-11,0.0
2007-12-12,0.0
2007-12-13,0.0
2007-12-14,0.0
2007-12-17,0.0
2007-12-18,0.0
2007-12-19,0.0
2007-12-20,3.9968028886505635e-15
2007-12-21,-0.0379996247586476
2007-12-24,-0.023806905248445975
2007-12-26,-0.017250661158815017
2007-12-27,-0.02655004695941332
2007-12-28,0.00706378767620941
2007-12-31,0.025436088400201173
2008-01-02,0.03104220733584162
2008-01-03,-0.10124917924534627
2008-01-04,-0.32984282315908686
2008-01-07,-0.5835487660890877
2008-01-08,-0.8683242645976745
2008-01-09,-0.969462932236963
2008-01-10,-0.9963704811745291
2008-01-11,0.0
2008-01-14,0.0
2008-01-15,0.0
2008-01-16,0.0
2008-01-17,0.0
2008-01-18,0.0
2008-01-22,0.0
2008-01-23,0.0
2008-01-24,0.0
2008-01-25,0.0
2008-01-28,0.0
2008-01-29,3.552713678800501e-15
2008-01-30,0.21317006919235282
2008-01-31,0.5483224276560781
2008-02-01,0.8420350751724834
2008-02-04,0.9450681711495714
2008-02-05,0.9754926205874725
2008-02-06,0.9884770663667768
2008-02-07,0.9965053701041284
2008-02-08,0.0
2008-02-11,0.0
2008-02-12,0.0
2008-02-13,0.0
2008-02-14,0.0
2008-02-15,0.0
2008-02-19,0.0
2008-02-20,0.0
2008-02-21,0.0
2008-02-22,0.0
2008-02-25,0.0
2008-02-26,-2.886579864025407e-15
2008-02-27,0.005218504608430541
2008-02-28,-0.13102478780697524
2008-02-29,-0.5099001128804002
2008-03-03,-0.7242371949287869
2008-03-04,-0.8249001889109961
2008-03-05,-0.8946886136080348
2008-03-06,-0.9616062733282242
2008-03-07,-0.9889509541078396
2008-03-10,-0.9978067702306097
2008-03-11,0.0
2008-03-12,0.0
2008-03-13,0.0
2008-03-14,0.0
2008-03-17,0.0
2008-03-18,0.0
2008-03-19,0.0
2008-03-20,0.0
2008-03-24,0.0
2008-03-25,0.0
2008-03-26,0.0
2008-03-27,6.661338147750939e-16
2008-03-28,-0.05706348616406065
2008-03-31,0.007301481110465247
2008-04-01,0.19970373136352682
2008-04-02,0.24255648524993667
2008-04-03,0.2716946004589895
2008-04-04,0.2549677574932909
2008-04-07,0.21473719051725193
2008-04-08,0.1697832594674824
2008-04-09,0.041507818783250716
2008-04-10,-0.023300526200954907
2008-04-11,-0.1478963135911462
2008-04-14,-0.25033355953173375
2008-04-15,-0.3372849941049545
2008-04-16,-0.3777777629321075
2008-04-17,-0.4417326296192705
2008-04-18,-0.46622498421849734
2008-04-21,-0.5025036440472237
2008-04-22,-0.542897644322226
2008-04-23,-0.6356244998796803
2008-04-24,-0.6651259483498841
2008-04-25,-0.647314326826006
2008-04-28,-0.5667721998242632
2008-04-29,-0.5032255592944916
2008-04-30,-0.4370984677044172
2008-05-01,-0.264647959105512
2008-05-02,-0.10826756097329926
2008-05-05,-0.005155593631401834
2008-05-06,0.07979832364313966
2008-05-07,0.10863890990013259
2008-05-08,0.12329017409828102
2008-05-09,0.12171290058278217
2008-05-12,0.18000083256884758
2008-05-13,0.21931522506643653
2008-05-14,0.27193437817117094
2008-05-15,0.3214584923922639
2008-05-16,0.2852239777438461
2008-05-19,0.24036553233999114
2008-05-20,0.1479256632347692
2008-05-21,0.00451276831836922
2008-05-22,-0.1234674657949788
2008-05-23,-0.26276086391693854
2008-05-27,-0.37611317217141593
2008-05-28,-0.48514274132396307
2008-05-29,-0.5828360115000923
2008-05-30,-0.6806808854515118
2008-06-02,-0.7766636038139834
2008-06-03,-0.8417570117481863
2008-06-04,-0.894994010011182
2008-06-05,-0.9230302917732414
2008-06-06,-0.9570986114631315
2008-06-09,-0.9786006330822252
2008-06-10,-0.9880677279080285
2008-06-11,-0.9950432227721862
2008-06-12,0.0
2008-06-13,0.0
2008-06-16,0.0
2008-06-17,0.0
2008-06-18,0.0
2008-06-19,0.0
2008-06-20,0.0
2008-06-23,0.0
2008-06-24,0.0
2008-06-25,0.0
2008-06-26,0.0
2008-06-27,2.220446049250313e-15
2008-06-30,-0.43650858074936094
2008-07-01,-0.6566368566972733
2008-07-02,-0.8276687908942866
2008-07-03,-0.9345414573247666
2008-07-07,-0.9782388224638634
2008-07-08,-0.9891786156245344
2008-07-09,-0.9942334468743663
2008-07-10,0.0
2008-07-11,0.0
2008-07-14,0.0
2008-07-15,0.0
2008-07-16,0.0
2008-07-17,0.0
2008-07-18,0.0
2008-07-21,0.0
2008-07-22,0.0
2008-07-23,0.0
2008-07-24,0.0
2008-07-25,-6.661338147750939e-16
2008-07-28,0.14476496667808392
2008-07-29,0.42168785957248645
2008-07-30,0.6257098653874005
2008-07-31,0.778393028100135
2008-08-01,0.8994686869350064
2008-08-04,0.964544199210682
2008-08-05,0.994144377489842
2008-08-06,0.0
2008-08-07,0.0
2008-08-08,0.0
2008-08-11,0.0
2008-08-12,0.0
2008-08-13,0.0
2008-08-14,0.0
2008-08-15,0.0
2008-08-18,0.0
2008-08-19,0.0
2008-08-20,0.0
2008-08-21,8.881784197001252e-15
2008-08-22,0.41772068200748635
2008-08-25,0.4837760642078175
2008-08-26,0.43357045091769075
2008-08-27,0.5282915502405903
2008-08-28,0.7127533614824144
2008-08-29,0.7834071988869031
2008-09-02,0.8873468264249011
2008-09-03,0.9615617145266
2008-09-04,0.9734087032225425
2008-09-05,0.985428160142416
2008-09-08,0.9952950270559628
2008-09-09,0.0
2008-09-10,0.0
2008-09-11,0.0
2008-09-12,0.0
2008-09-15,0.0
2008-09-16,0.0
2008-09-17,0.0
2008-09-18,0.0
2008-09-19,0.0
2008-09-22,0.0
2008-09-23,0.0
2008-09-24,-9.103828801926284e-15
2008-09-25,0.0007230854717101831
2008-09-26,-0.10260666241919703
2008-09-29,-0.6887791259400429
2008-09-30,-0.9328400805320001
2008-10-01,-0.9915582483781249
2008-10-02,0.0
2008-10-03,0.0
2008-10-06,0.0
2008-10-07,0.0
2008-10-08,0.0
2008-10-09,0.0
2008-10-10,0.0
2008-10-13,0.0
2008-10-14,0.0
2008-10-15,0.0
2008-10-16,0.0
2008-10-17,0.0
2008-10-20,0.04189990388963638
2008-10-21,-0.02740691414949059
2008-10-22,-0.13042788262936367
2008-10-23,-0.3288208913020352
2008-10-24,-0.5795604553392657
2008-10-27,-0.7707706523987952
2008-10-28,-0.7792747523947587
2008-10-29,-0.7738115887251809
2008-10-30,-0.6582739163489562
2008-10-31,-0.31687202270881776
2008-11-03,0.04836821907675959
2008-11-04,0.4126807800211534
2008-11-05,0.548949699058467
2008-11-06,0.6231152396987132
2008-11-07,0.7107773826879398
2008-11-10,0.7740189586784569
2008-11-11,0.8207239072552821
2008-11-12,0.7909509158437911
2008-11-13,0.8507892765139609
2008-11-14,0.835019407754872
2008-11-17,0.8167468627005063
2008-11-18,0.8101722809741676
2008-11-19,0.7665778802372301
2008-11-20,0.6833074804786383
2008-11-21,0.6842479213326111
2008-11-24,0.7675501118087211
2008-11-25,0.8180137635497668
2008-11-26,0.8814051388683886
2008-11-28,0.9301819628908512
2008-12-01,0.9321233863513736
2008-12-02,0.9582068424538652
2008-12-03,0.9798415931887505
2008-12-04,0.9908132969908519
2008-12-05,0.0
2008-12-08,0.0
2008-12-09,0.0
2008-12-10,0.0
2008-12-11,0.0
2008-12-12,0.0
2008-12-15,0.0
2008-12-16,0.0
2008-12-17,0.0
2008-12-18,0.0
2008-12-19,0.0
2008-12-22,1.5543122344752192e-15
2008-12-23,0.023624281856425622
2008-12-24,0.08567996468385486
2008-12-26,0.12389927997875705
2008-12-29,0.11204920040670818
2008-12-30,0.2820891866731774
2008-12-31,0.5240737333099861
2009-01-02,0.7745789427130276
2009-01-05,0.866720249570988
2009-01-06,0.9067728109127609
2009-01-07,0.879058833233546
2009-01-08,0.862841648715656
2009-01-09,0.7854510677398026
2009-01-12,0.6735020657300885
2009-01-13,0.5568162453985013
2009-01-14,0.22974214859677722
2009-01-15,0.07379135430376627
2009-01-16,-0.04224822191771915
2009-01-20,-0.2886466763452731
2009-01-21,-0.44862536774305295
2009-01-22,-0.5213866485683798
2009-01-23,-0.5436927413796071
2009-01-26,-0.44328206162448947
2009-01-27,-0.3417206841608178
2009-01-28,-0.100281799412556
2009-01-29,0.0758790140230976
2009-01-30,0.04664265658146083
2009-02-02,0.02213702953250052
2009-02-03,0.11049141814658037
2009-02-04,0.11065696229911581
2009-02-05,0.15037104785049316
2009-02-06,0.32423773322519667
2009-02-09,0.4982846553792055
2009-02-10,0.4328037607915456
2009-02-11,0.3506805314053072
2009-02-12,0.2969218596044816
2009-02-13,0.21735424343660692
2009-02-17,-0.02373485144552867
2009-02-18,-0.2035293129648037
2009-02-19,0.21158457767362027
2009-02-20,0.5560439542226465
2009-02-23,0.7338295410467206
2009-02-24,0.9063221743804639
2009-02-25,0.9738110220248304
2009-02-26,0.9931339829711219
2009-02-27,0.0
2009-03-02,0.0
2009-03-03,0.0
2009-03-04,0.0
2009-03-05,0.0
2009-03-06,0.0
2009-03-09,0.0
2009-03-10,0.0
2009-03-11,0.0
2009-03-12,0.0
2009-03-13,0.0
2009-03-16,9.547918011776346e-15
2009-03-17,0.3420709473138057
2009-03-18,0.6065269025184119
2009-03-19,0.8327227785497902
2009-03-20,0.9138910208992899
2009-03-23,0.9257809584197831
2009-03-24,0.9250296086578107
2009-03-25,0.9446485989131501
2009-03-26,0.978439030527614
2009-03-27,0.9891778120990116
2009-03-30,0.9954833492065129
2009-03-31,0.0
2009-04-01,0.0
2009-04-02,0.0
2009-04-03,0.0
2009-04-06,0.0
2009-04-07,0.0
2009-04-08,0.0
2009-04-09,0.0
2009-04-13,0.0
2009-04-14,0.0
2009-04-15,0.0
2009-04-16,1.021405182655144e-14
2009-04-17,0.49175202638730253
2009-04-20,0.7061233888159211
2009-04-21,0.884201343054144
2009-04-22,0.9593350170810484
2009-04-23,0.9874774435783067
2009-04-24,0.9936675864762095
2009-04-27,0.0
2009-04-28,0.0
2009-04-29,0.0
2009-04-30,0.0
2009-05-01,0.0
2009-05-04,0.0
2009-05-05,0.0
2009-05-06,0.0
2009-05-07,0.0
2009-05-08,0.0
2009-05-11,0.0
2009-05-12,-4.6629367034256575e-15
2009-05-13,-0.5077178309166768
2009-05-14,-0.7812890007627438
2009-05-15,-0.8759750407901774
2009-05-18,-0.8924821738207207
2009-05-19,-0.8778492345542668
2009-05-20,-0.918425800537245
2009-05-21,-0.9571210696995547
2009-05-22,-0.9797981005990135
2009-05-26,-0.9766881648820063
2009-05-27,-0.9868942972650321
2009-05-28,-0.9932487911958887
2009-05-29,0.0
2009-06-01,0.0
2009-06-02,0.0
2009-06-03,0.0
2009-06-04,0.0
2009-06-05,0.0
2009-06-08,0.0
2009-06-09,0.0
2009-06-10,0.0
2009-06-11,0.0
2009-06-12,0.0
2009-06-15,-7.549516567451064e-15
2009-06-16,-0.3942235579334221
2009-06-17,-0.43656712956348853
2009-06-18,-0.4209565356048388
2009-06-19,-0.3774215310762534
2009-06-22,-0.3442407309539437
2009-06-23,-0.41476797393064757
2009-06-24,-0.5028686614749898
2009-06-25,-0.43209290765990027
2009-06-26,-0.379095701552282
2009-06-29,-0.2330236558690575
2009-06-30,-0.10470730294825037
2009-07-01,0.04791095104806797
2009-07-02,0.0662037337403889
2009-07-06,0.20148540209870536
2009-07-07,0.298502453431871
2009-07-08,0.6127716704360653
2009-07-09,0.7943498220353713
2009-07-10,0.8938487934854287
2009-07-13,0.9609890215348764
2009-07-14,0.988363450450064
2009-07-15,0.9980302396197789
2009-07-16,0.0
2009-07-17,0.0
2009-07-20,0.0
2009-07-21,0.0
2009-07-22,0.0
2009-07-23,0.0
2009-07-24,0.0
2009-07-27,0.0
2009-07-28,0.0
2009-07-29,0.0
2009-07-30,0.0
2009-07-31,-5.995204332975845e-15
2009-08-03,-0.5297160735740303
2009-08-04,-0.9088386466052407
2009-08-05,-0.9921550872821363
2009-08-06,0.0
2009-08-07,0.0
2009-08-10,0.0
2009-08-11,0.0
2009-08-12,0.0
2009-08-13,0.0
2009-08-14,0.0
2009-08-17,0.0
2009-08-18,0.0
2009-08-19,0.0
2009-08-20,0.0
2009-08-21,1.5987211554602254e-14
2009-08-24,-0.2556846189459656
2009-08-25,-0.007979208205678878
2009-08-26,0.21354827503716645
2009-08-27,0.3855762248519252
2009-08-28,0.5753459594745651
2009-08-31,0.6328068687582988
2009-09-01,0.5030138940698472
2009-09-02,0.39071501403044384
2009-09-03,0.316729391656819
2009-09-04,0.19250223064262517
2009-09-08,0.36056792354000944
2009-09-09,0.33289961512970656
2009-09-10,0.16397518790161403
2009-09-11,-0.20358826129433272
2009-09-14,-0.5049155305223139
2009-09-15,-0.6904731129172688
2009-09-16,-0.747018918399792
2009-09-17,-0.8389910341705877
2009-09-18,-0.8788025039620406
2009-09-21,-0.9055097677520871
2009-09-22,-0.9257705802667711
2009-09-23,-0.975595773326126
2009-09-24,-0.9898834535124286
2009-09-25,-0.9976103625975206
2009-09-28,0.0
2009-09-29,0.0
2009-09-30,0.0
2009-10-01,0.0
2009-10-02,0.0
2009-10-05,0.0
2009-10-06,0.0
2009-10-07,0.0
2009-10-08,0.0
2009-10-09,0.0
2009-10-12,0.0
2009-10-13,7.549516567451064e-15
2009-10-14,0.26119098033522925
2009-10-15,0.6790537159043422
2009-10-16,0.8765232805949246
2009-10-19,0.9556973085988472
2009-10-20,0.9684349533519483
2009-10-21,0.9636673903349191
2009-10-22,0.9683505531919772
2009-10-23,0.9528387401802281
2009-10-26,0.9286351464417617
2009-10-27,0.8836634874901808
2009-10-28,0.7236483913785903
2009-10-29,0.8987427822990983
2009-10-30,0.9611688466907558
2009-11-02,0.9880474051160235
2009-11-03,0.9968210597495408
2009-11-04,0.0
2009-11-05,0.0
2009-11-06,0.0
2009-11-09,0.0
2009-11-10,0.0
2009-11-11,0.0
2009-11-12,0.0
2009-11-13,0.0
2009-11-16,0.0
2009-11-17,0.0
2009-11-18,0.0
2009-11-19,-1.7763568394002505e-15
2009-11-20,-0.05836736941401721
2009-11-23,-0.03113491453914552
2009-11-24,-0.07049532798457636
2009-11-25,0.03135992754796191
2009-11-27,-0.0010903350549500423
2009-11-30,-0.07594232516480748
2009-12-01,-0.06470493348799322
2009-12-02,-0.06806495144383873
2009-12-03,-0.20218089557089014
2009-12-04,-0.3143433961800739
2009-12-07,-0.4394834068383855
2009-12-08,-0.5843685496176141
2009-12-09,-0.7334266217337366
2009-12-10,-0.8459524636192386
2009-12-11,-0.9176243589078052
2009-12-14,-0.950434825539898
2009-12-15,-0.9765750343929696
2009-12-16,-0.9888193388409576
2009-12-17,-0.9957082733753222
2009-12-18,0.0
2009-12-21,0.0
2009-12-22,0.0
2009-12-23,0.0
2009-12-24,0.0
2009-12-28,0.0
2009-12-29,0.0
2009-12-30,0.0
2009-12-31,0.0
2010-01-04,0.0
2010-01-05,0.0
2010-01-06,2.2426505097428162e-14
2010-01-07,-0.028242563768873463
2010-01-08,-0.31055331071897485
2010-01-11,-0.41825295888806413
2010-01-12,-0.029085498656844067
2010-01-13,0.42565317610362374
2010-01-14,0.6643160258999572
2010-01-15,0.6088687532361838
2010-01-19,0.7218870984318104
2010-01-20,0.5622045205658459
2010-01-21,0.30829735271223857
2010-01-22,0.03943484969834676
2010-01-25,0.19982237106269674
2010-01-26,0.28194208316538627
2010-01-27,0.2578515312355494
2010-01-28,-0.06431744625694757
2010-01-29,-0.3308255048456359
2010-02-01,-0.35725806563681317
2010-02-02,-0.0742557791633951
2010-02-03,0.24927485336126476
2010-02-04,0.23320151879841822
2010-02-05,0.30847697761518056
2010-02-08,0.250264220548305
2010-02-09,0.49640565443917195
2010-02-10,0.7260750862969609
2010-02-11,0.9293346703472003
2010-02-12,0.9923720904334892
2010-02-16,0.0
2010-02-17,0.0
2010-02-18,0.0
2010-02-19,0.0
2010-02-22,0.0
2010-02-23,0.0
2010-02-24,0.0
2010-02-25,0.0
2010-02-26,0.0
2010-03-01,0.0
2010-03-02,0.0
2010-03-03,2.4424906541753444e-15
2010-03-04,0.07328917685539205
2010-03-05,0.20542132772510646
2010-03-08,0.3382639331709667
2010-03-09,0.44617334148225796
2010-03-10,0.6495950878201735
2010-03-11,0.8003199484760584
2010-03-12,0.900829219237985
2010-03-15,0.9553619778546121
2010-03-16,0.9898715688144692
2010-03-17,0.9992442273474662
2010-03-18,0.0
2010-03-19,0.0
2010-03-22,0.0
2010-03-23,0.0
2010-03-24,0.0
2010-03-25,0.0
2010-03-26,0.0
2010-03-29,0.0
2010-03-30,0.0
2010-03-31,0.0
2010-04-01,0.0
2010-04-05,0.0
2010-04-06,-0.09770604780368997
2010-04-07,-0.28073527828928846
2010-04-08,-0.4903239012411642
2010-04-09,-0.5763655167579136
2010-04-12,-0.6330359300131687
2010-04-13,-0.5972002324302332
2010-04-14,0.026479714172003677
2010-04-15,0.6941617375668785
2010-04-16,0.933244875237176
2010-04-19,0.993995841171798
2010-04-20,0.0
2010-04-21,0.0
2010-04-22,0.0
2010-04-23,0.0
2010-04-26,0.0
2010-04-27,0.0
2010-04-28,0.0
2010-04-29,0.0
2010-04-30,0.0
2010-05-03,0.0
2010-05-04,0.0
2010-05-05,6.661338147750939e-15
2010-05-06,-0.02015673306115895
2010-05-07,-0.10465367350668542
2010-05-10,0.042275105291113446
2010-05-11,0.16372570016924226
2010-05-12,0.34356541837261223
2010-05-13,0.42332738270975545
2010-05-14,0.48251797723119916
2010-05-17,0.5707376321869968
2010-05-18,0.626737478969531
2010-05-19,0.7136446849100668
2010-05-20,0.7373342404115304
2010-05-21,0.7642263014161756
2010-05-24,0.776550224538362
2010-05-25,0.8529439858568011
2010-05-26,0.8989571090045019
2010-05-27,0.9521244198722008
2010-05-28,0.9807783276423423
2010-06-01,0.9920126706230621
2010-06-02,0.0
2010-06-03,0.0
2010-06-04,0.0
2010-06-07,0.0
2010-06-08,0.0
2010-06-09,0.0
2010-06-10,0.0
2010-06-11,0.0
2010-06-14,0.0
2010-06-15,0.0
2010-06-16,0.0
2010-06-17,-4.884981308350689e-15
2010-06-18,-0.03574967509411153
2010-06-21,-0.12903485507521295
2010-06-22,-0.33475362389468644
2010-06-23,-0.3596764539807511
2010-06-24,-0.5548026751081112
2010-06-25,-0.6698392104858644
2010-06-28,-0.8077848835123613
2010-06-29,-0.9284659607587216
2010-06-30,-0.9806634907075626
2010-07-01,-0.9941007391573276
2010-07-02,0.0
2010-07-06,0.0
2010-07-07,0.0
2010-07-08,0.0
2010-07-09,0.0
2010-07-12,0.0
2010-07-13,0.0
2010-07-14,0.0
2010-07-15,0.0
2010-07-16,0.0
2010-07-19,0.0
2010-07-20,-5.329070518200751e-15
2010-07-21,-0.05752492858407976
2010-07-22,0.13122007442048478
2010-07-23,0.5170460913534902
2010-07-26,0.8579258799340379
2010-07-27,0.9446696666928629
2010-07-28,0.9858662009090096
2010-07-29,0.9957162430671795
2010-07-30,0.0
2010-08-02,0.0
2010-08-03,0.0
2010-08-04,0.0
2010-08-05,0.0
2010-08-06,0.0
2010-08-09,0.0
2010-08-10,0.0
2010-08-11,0.0
2010-08-12,0.0
2010-08-13,0.0
2010-08-16,9.992007221626409e-15
2010-08-17,0.060855580101705
2010-08-18,0.18090767902225457
2010-08-19,0.15784986918012334
2010-08-20,0.2105973336383684
2010-08-23,0.11196691687832638
2010-08-24,0.03177051122061347
2010-08-25,-0.012470835983186657
2010-08-26,-0.07767601856601192
2010-08-27,-0.06399234371798679
2010-08-30,-0.1756554074502954
2010-08-31,-0.22064634082073908
2010-09-01,0.01597785898141857
2010-09-02,0.3673700097625159
2010-09-03,0.6926848387437852
2010-09-07,0.8467665944867591
2010-09-08,0.9501551865139999
2010-09-09,0.9859523790135547
2010-09-10,0.9965750068416239
2010-09-13,0.0
2010-09-14,0.0
2010-09-15,0.0
2010-09-16,0.0
2010-09-17,0.0
2010-09-20,0.0
2010-09-21,0.0
2010-09-22,0.0
2010-09-23,0.0
2010-09-24,0.0
2010-09-27,0.0
2010-09-28,6.661338147750939e-15
2010-09-29,0.3795057432414004
2010-09-30,0.5190887694844362
2010-10-01,0.6554593478025936
2010-10-04,0.761667130480713
2010-10-05,0.8845935851275106
2010-10-06,0.9349029469930241
2010-10-07,0.9675251449881159
2010-10-08,0.9809442552488656
2010-10-11,0.9832393305625247
2010-10-12,0.989385965053206
2010-10-13,0.990571440862047
2010-10-14,0.0
2010-10-15,0.0
2010-10-18,0.0
2010-10-19,0.0
2010-10-20,0.0
2010-10-21,0.0
2010-10-22,0.0
2010-10-25,0.0
2010-10-26,0.0
2010-10-27,0.0
2010-10-28,0.0
2010-10-29,6.439293542825908e-15
2010-11-01,0.404005665632476
2010-11-02,0.6553695350576219
2010-11-03,0.8339343000266357
2010-11-04,0.9427098852504148
2010-11-05,0.9845252877631125
2010-11-08,0.9968511719006465
2010-11-09,0.0
2010-11-10,0.0
2010-11-11,0.0
2010-11-12,0.0
2010-11-15,0.0
2010-11-16,0.0
2010-11-17,0.0
2010-11-18,0.0
2010-11-19,0.0
2010-11-22,0.0
2010-11-23,0.0
2010-11-24,-3.9968028886505635e-15
2010-11-26,0.3399407542792201
2010-11-29,0.43908121405066747
2010-11-30,0.5781456663138758
2010-12-01,0.7649451924371573
2010-12-02,0.940496563025085
2010-12-03,0.9875586535749128
2010-12-06,0.9968727646807696
2010-12-07,0.0
2010-12-08,0.0
2010-12-09,0.0
2010-12-10,0.0
2010-12-13,0.0
2010-12-14,0.0
2010-12-15,0.0
2010-12-16,0.0
2010-12-17,0.0
2010-12-20,0.0
2010-12-21,0.0
2010-12-22,0.0
2010-12-23,-0.43663558524377866
2010-12-27,-0.684853176671046
2010-12-28,-0.8286030009697227
2010-12-29,-0.912547083890169
2010-12-30,-0.9462427763437735
2010-12-31,-0.9789869424080055
2011-01-03,-0.9902224004435685
2011-01-04,0.0
2011-01-05,0.0
2011-01-06,0.0
2011-01-07,0.0
2011-01-10,0.0
2011-01-11,0.0
2011-01-12,0.0
2011-01-13,0.0
2011-01-14,0.0
2011-01-18,0.0
2011-01-19,0.0
2011-01-20,0.0
2011-01-21,0.11872386347251829
2011-01-24,0.1499384415963736
2011-01-25,-0.11158931839727293
2011-01-26,-0.1505142170496372
2011-01-27,0.023125443432519655
2011-01-28,-0.15066002942546453
2011-01-31,-0.22714778817218217
2011-02-01,-0.27568900274160546
2011-02-02,-0.5898685867647306
2011-02-03,-0.6851910645926558
2011-02-04,-0.6025221847212932
2011-02-07,-0.4816921391414617
2011-02-08,-0.24740742927793757
2011-02-09,0.025056732420633
2011-02-10,0.0821581041005075
2011-02-11,0.18919705720150648
2011-02-14,0.22706894961766722
2011-02-15,0.33716853024895244
2011-02-16,0.5363154906681777
2011-02-17,0.18057286145689133
2011-02-18,-0.2056356824370662
2011-02-22,-0.5724344888207358
2011-02-23,-0.8559234144608732
2011-02-24,-0.9615706278631664
2011-02-25,-0.9868119902120052
2011-02-28,-0.9951832421999056
2011-03-01,0.0
2011-03-02,0.0
2011-03-03,0.0
2011-03-04,0.0
2011-03-07,0.0
2011-03-08,0.0
2011-03-09,0.0
2011-03-10,0.0
2011-03-11,0.0
2011-03-14,0.0
2011-03-15,0.0
2011-03-16,-1.3100631690576847e-14
2011-03-17,-0.13836808395140965
2011-03-18,-0.2587532768290013
2011-03-21,0.05167078211209608
2011-03-22,0.35908146124217444
2011-03-23,0.7561217797785706
2011-03-24,0.9727534340451898
2011-03-25,0.9990622729861334
2011-03-28,0.0
2011-03-29,0.0
2011-03-30,0.0
2011-03-31,0.0
2011-04-01,0.0
2011-04-04,0.0
2011-04-05,0.0
2011-04-06,0.0
2011-04-07,0.0
2011-04-08,0.0
2011-04-11,0.0
2011-04-12,1.1102230246251565e-14
2011-04-13,-0.5291678484413156
2011-04-14,-0.7746592864727995
2011-04-15,-0.8624882837598877
2011-04-18,-0.8866045003624723
2011-04-19,-0.9155878846751762
2011-04-20,-0.8288368236913195
2011-04-21,-0.7069788578252789
2011-04-25,-0.5398716275983757
2011-04-26,-0.36375142683843675
2011-04-27,-0.05761646163674272
2011-04-28,0.26661224217964685
2011-04-29,0.6245255101708624
2011-05-02,0.8791864748340339
2011-05-03,0.9739142727538737
2011-05-04,0.9958735336713609
2011-05-05,0.0
2011-05-06,0.0
2011-05-09,0.0
2011-05-10,0.0
2011-05-11,0.0
2011-05-12,0.0
2011-05-13,0.0
2011-05-16,0.0
2011-05-17,0.0
2011-05-18,0.0
2011-05-19,0.0
2011-05-20,-6.439293542825908e-15
2011-05-23,-0.20429028512691372
2011-05-24,-0.3518428230837767
2011-05-25,-0.4177030997218265
2011-05-26,-0.4433022372497344
2011-05-27,-0.46720393204132504
2011-05-31,-0.4196599443248601
2011-06-01,-0.47467110392757794
2011-06-02,-0.5126914285155104
2011-06-03,-0.6257415929855368
2011-06-06,-0.7241984613664185
2011-06-07,-0.7524154265632097
2011-06-08,-0.818277127160715
2011-06-09,-0.8162279942135222
2011-06-10,-0.8485231203857309
2011-06-13,-0.8634866979214331
2011-06-14,-0.8459534136198068
2011-06-15,-0.8343353438232488
2011-06-16,-0.7354993524747817
2011-06-17,-0.5111449150970879
2011-06-20,-0.07789366517920593
2011-06-21,0.46286042885205814
2011-06-22,0.7981142961941923
2011-06-23,0.9645716471219394
2011-06-24,0.9949117612380063
2011-06-27,0.0
2011-06-28,0.0
2011-06-29,0.0
2011-06-30,0.0
2011-07-01,0.0
2011-07-05,0.0
2011-07-06,0.0
2011-07-07,0.0
2011-07-08,0.0
2011-07-11,0.0
2011-07-12,0.0
2011-07-13,0.0
2011-07-14,-0.4518187450681945
2011-07-15,-0.8360394206299269
2011-07-18,-0.9863558793882481
2011-07-19,-0.9993641996934812
2011-07-20,0.0
2011-07-21,0.0
2011-07-22,0.0
2011-07-25,0.0
2011-07-26,0.0
2011-07-27,0.0
2011-07-28,0.0
2011-07-29,0.0
2011-08-01,0.0
2011-08-02,0.0
2011-08-03,0.0
2011-08-04,-5.10702591327572e-15
2011-08-05,-0.1870073181437144
2011-08-08,-0.42763309509411096
2011-08-09,-0.4250206499886311
2011-08-10,-0.6076569352607475
2011-08-11,-0.661971088225962
2011-08-12,-0.6412090298826936
2011-08-15,-0.589792205400292
2011-08-16,-0.5427777957797195
2011-08-17,-0.4683245813933208
2011-08-18,-0.3704470388845773
2011-08-19,-0.292438587464394
2011-08-22,-0.15584635868845376
2011-08-23,0.08382874692646447
2011-08-24,0.36048608195036724
2011-08-25,0.5297250449530515
2011-08-26,0.7100171172629668
2011-08-29,0.8665267123086238
2011-08-30,0.9451947427745471
2011-08-31,0.9787535439335995
2011-09-01,0.9939860576639088
2011-09-02,0.0
2011-09-06,0.0
2011-09-07,0.0
2011-09-08,0.0
2011-09-09,0.0
2011-09-12,0.0
2011-09-13,0.0
2011-09-14,0.0
2011-09-15,0.0
2011-09-16,0.0
2011-09-19,0.0
2011-09-20,0.0
2011-09-21,0.12398644341114484
2011-09-22,0.11343115063879816
2011-09-23,0.15769861441008004
2011-09-26,0.22005945000653426
2011-09-27,0.20358379695128326
2011-09-28,0.21095552422399844
2011-09-29,0.08674728038243251
2011-09-30,-0.09721989506133788
2011-10-03,-0.3994248092302237
2011-10-04,-0.49197996565968105
2011-10-05,-0.5940439080507907
2011-10-06,-0.645453575670559
2011-10-07,-0.6861055075712421
2011-10-10,-0.6312536989174853
2011-10-11,-0.568871712421793
2011-10-12,-0.5770146091070294
2011-10-13,-0.5665849680479689
2011-10-14,-0.49378430375834714
2011-10-17,-0.46737487741482653
2011-10-18,-0.3963510437222384
2011-10-19,-0.31421521845753286
2011-10-20,-0.17448703796230958
2011-10-21,-0.0548754294229612
2011-10-24,0.10499142748909951
2011-10-25,0.24718788065247388
2011-10-26,0.336693370565734
2011-10-27,0.6963320656890244
2011-10-28,0.8908968880371553
2011-10-31,0.969257663046937
2011-11-01,0.9937874113419138
2011-11-02,0.0
2011-11-03,0.0
2011-11-04,0.0
2011-11-07,0.0
2011-11-08,0.0
2011-11-09,0.0
2011-11-10,0.0
2011-11-11,0.0
2011-11-14,0.0
2011-11-15,0.0
2011-11-16,0.0
2011-11-17,1.9095836023552692e-14
2011-11-18,-0.4352826343977987
2011-11-21,-0.6857937094958158
2011-11-22,-0.8773697419235567
2011-11-23,-0.9807867729104771
2011-11-25,-0.9942713312839853
2011-11-28,0.0
2011-11-29,0.0
2011-11-30,0.0
2011-12-01,0.0
2011-12-02,0.0
2011-12-05,0.0
2011-12-06,0.0
2011-12-07,0.0
2011-12-08,0.0
2011-12-09,0.0
2011-12-12,0.0
2011-12-13,1.7763568394002505e-15
2011-12-14,0.015251458294884612
2011-12-15,0.0742888537415185
2011-12-16,0.23530989853091988
2011-12-19,0.2831452683044755
2011-12-20,0.5444618695694845
2011-12-21,0.6959520691488481
2011-12-22,0.7761661314338522
2011-12-23,0.8858481233903397
2011-12-27,0.9482379137190362
2011-12-28,0.9725960757173868
2011-12-29,0.9860375862630582
2011-12-30,0.9901212694262418
2012-01-03,0.0
2012-01-04,0.0
2012-01-05,0.0
2012-01-06,0.0
2012-01-09,0.0
2012-01-10,0.0
2012-01-11,0.0
2012-01-12,0.0
2012-01-13,0.0
2012-01-17,0.0
2012-01-18,0.0
2012-01-19,9.992007221626409e-15
2012-01-20,0.1281344072233821
2012-01-23,0.1283172424734922
2012-01-24,0.18945624181746124
2012-01-25,0.32347538727222336
2012-01-26,0.3880350820492262
2012-01-27,0.494716391271683
2012-01-30,0.5708467371007169
2012-01-31,0.5799566892322952
2012-02-01,0.6200321558499922
2012-02-02,0.6293918885256584
2012-02-03,0.7107338218615813
2012-02-06,0.7560100147883613
2012-02-07,0.8472364155042136
2012-02-08,0.8991473242101948
2012-02-09,0.9475156345747282
2012-02-10,0.9672563391791282
2012-02-13,0.9787040504762838
2012-02-14,0.9889836196783917
2012-02-15,0.9934795553589599
2012-02-16,0.0
2012-02-17,0.0
2012-02-21,0.0
2012-02-22,0.0
2012-02-23,0.0
2012-02-24,0.0
2012-02-27,0.0
2012-02-28,0.0
2012-02-29,0.0
2012-03-01,0.0
2012-03-02,0.0
2012-03-05,7.105427357601002e-15
2012-03-06,0.365643721375136
2012-03-07,0.6974709045802885
2012-03-08,0.8722004810977875
2012-03-09,0.9602055086258123
2012-03-12,0.9878820288710133
2012-03-13,0.9967079526662883
2012-03-14,0.0
2012-03-15,0.0
2012-03-16,0.0
2012-03-19,0.0
2012-03-20,0.0
2012-03-21,0.0
2012-03-22,0.0
2012-03-23,0.0
2012-03-26,0.0
2012-03-27,0.0
2012-03-28,0.0
2012-03-29,-1.3100631690576847e-14
2012-03-30,0.3368822059164902
2012-04-02,0.8434101325106884
2012-04-03,0.9912929461444746
2012-04-04,0.0
2012-04-05,0.0
2012-04-09,0.0
2012-04-10,0.0
2012-04-11,0.0
2012-04-12,0.0
2012-04-13,0.0
2012-04-16,0.0
2012-04-17,0.0
2012-04-18,0.0
2012-04-19,0.0
2012-04-20,7.327471962526033e-15
2012-04-23,0.1326847078624862
2012-04-24,0.2097678167127266
2012-04-25,0.45730218462831074
2012-04-26,0.9328337130431319
2012-04-27,0.9994692330313864
2012-04-30,0.0
2012-05-01,0.0
2012-05-02,0.0
2012-05-03,0.0
2012-05-04,0.0
2012-05-07,0.0
2012-05-08,0.0
2012-05-09,0.0
2012-05-10,0.0
2012-05-11,0.0
2012-05-14,0.0
2012-05-15,6.439293542825908e-15
2012-05-16,-0.21250298655227895
2012-05-17,-0.8873775190753437
2012-05-18,-0.9968457705703917
2012-05-21,0.0
2012-05-22,0.0
2012-05-23,0.0
2012-05-24,0.0
2012-05-25,0.0
2012-05-29,0.0
2012-05-30,0.0
2012-05-31,0.0
2012-06-01,0.0
2012-06-04,0.0
2012-06-05,0.0
2012-06-06,-8.881784197001252e-15
2012-06-07,0.21955140178210142
2012-06-08,0.5195738894704474
2012-06-11,0.6399604554712792
2012-06-12,0.8976149696344051
2012-06-13,0.9418250852986505
2012-06-14,0.9767086900333337
2012-06-15,0.993874287703209
2012-06-18,0.0
2012-06-19,0.0
2012-06-20,0.0
2012-06-21,0.0
2012-06-22,0.0
2012-06-25,0.0
2012-06-26,0.0
2012-06-27,0.0
2012-06-28,0.0
2012-06-29,0.0
2012-07-02,0.0
2012-07-03,1.9984014443252818e-15
2012-07-05,-0.15426817994403685
2012-07-06,-0.2883346743748223
2012-07-09,-0.4062198316770602
2012-07-10,-0.49826363371955473
2012-07-11,-0.5634797691904181
2012-07-12,-0.5674061108073274
2012-07-13,-0.5631839889814136
2012-07-16,-0.5776769525247651
2012-07-17,-0.5607400688042121
2012-07-18,-0.5110830086061608
2012-07-19,-0.4682282618375184
2012-07-20,-0.4741467625920368
2012-07-23,-0.4962536345458708
2012-07-24,-0.5386829701652691
2012-07-25,-0.5604949794206362
2012-07-26,-0.6224606755791764
2012-07-27,-0.6747033905436814
2012-07-30,-0.7318374576024937
2012-07-31,-0.7828715859454669
2012-08-01,-0.8300064073718398
2012-08-02,-0.8708483538973462
2012-08-03,-0.8976918566459005
2012-08-06,-0.917965663539279
2012-08-07,-0.9310034398443003
2012-08-08,-0.9434221138345185
2012-08-09,-0.9573604720283619
2012-08-10,-0.968659843202291
2012-08-13,-0.9767233498166357
2012-08-14,-0.9830849122159391
2012-08-15,-0.9875703621720766
2012-08-16,-0.9896946286748016
2012-08-17,-0.991082811979026
2012-08-20,0.0
2012-08-21,0.0
2012-08-22,0.0
2012-08-23,0.0
2012-08-24,0.0
2012-08-27,0.0
2012-08-28,0.0
2012-08-29,0.0
2012-08-30,0.0
2012-08-31,0.0
2012-09-04,0.0
2012-09-05,0.0
2012-09-06,-0.3749413794224572
2012-09-07,-0.7014895652295206
2012-09-10,-0.7443345548952731
2012-09-11,-0.7283629114993886
2012-09-12,-0.7132218459162529
2012-09-13,-0.942383729704108
2012-09-14,-0.9965649797725991
2012-09-17,0.0
2012-09-18,0.0
2012-09-19,0.0
2012-09-20,0.0
2012-09-21,0.0
2012-09-24,0.0
2012-09-25,0.0
2012-09-26,0.0
2012-09-27,0.0
2012-09-28,0.0
2012-10-01,0.0
2012-10-02,0.0
2012-10-03,0.013692802893383593
2012-10-04,0.4195220585911541
2012-10-05,0.7292445295146868
2012-10-08,0.8656248161457387
2012-10-09,0.938030781158256
2012-10-10,0.9591461837929991
2012-10-11,0.9690283717501407
2012-10-12,0.9631612535298015
2012-10-15,0.9412940517975033
2012-10-16,0.8808168638906162
2012-10-17,0.7077786927907774
2012-10-18,0.3751922152160345
2012-10-19,0.03917605031491167
2012-10-22,-0.3200706782691485
2012-10-23,-0.39359126232187047
2012-10-24,-0.5469056427194161
2012-10-25,-0.44145887490165814
2012-10-26,-0.3172829343320962
2012-10-31,-0.050874848122606675
2012-11-01,0.4298721181857854
2012-11-02,0.7776114291789993
2012-11-05,0.9297071726269663
2012-11-06,0.9907258710678335
2012-11-07,0.0
2012-11-08,0.0
2012-11-09,0.0
2012-11-12,0.0
2012-11-13,0.0
2012-11-14,0.0
2012-11-15,0.0
2012-11-16,0.0
2012-11-19,0.0
2012-11-20,0.0
2012-11-21,0.0
2012-11-23,8.43769498715119e-15
2012-11-26,0.36393196523503324
2012-11-27,0.59216679216058
2012-11-28,0.8189449122981984
2012-11-29,0.9262903618191065
2012-11-30,0.9843995040284328
2012-12-03,0.9961608572122271
2012-12-04,0.0
2012-12-05,0.0
2012-12-06,0.0
2012-12-07,0.0
2012-12-10,0.0
2012-12-11,0.0
2012-12-12,0.0
2012-12-13,0.0
2012-12-14,0.0
2012-12-17,0.0
2012-12-18,0.0
2012-12-19,-1.199040866595169e-14
2012-12-20,0.12034438467323638
2012-12-21,-0.14266710150826833
2012-12-24,-0.37287807978648413
2012-12-26,-0.7086895098644068
2012-12-27,-0.895177919778601
2012-12-28,-0.9784206407906737
2012-12-31,-0.9917930826557462
2013-01-02,0.0
2013-01-03,0.0
2013-01-04,0.0
2013-01-07,0.0
2013-01-08,0.0
2013-01-09,0.0
2013-01-10,0.0
2013-01-11,0.0
2013-01-14,0.0
2013-01-15,0.0
2013-01-16,0.0
2013-01-17,2.4424906541753444e-15
2013-01-18,-0.037088190508503205
2013-01-22,-0.10824473930478229
2013-01-23,0.02259572931833853
2013-01-24,0.440565894759803
2013-01-25,0.7620803399362217
2013-01-28,0.9275512714253418
2013-01-29,0.9774886995687491
2013-01-30,0.9932773923183844
2013-01-31,0.0
2013-02-01,0.0
2013-02-04,0.0
2013-02-05,0.0
2013-02-06,0.0
2013-02-07,0.0
2013-02-08,0.0
2013-02-11,0.0
2013-02-12,0.0
2013-02-13,0.0
2013-02-14,0.0
2013-02-15,-2.6645352591003757e-15
2013-02-19,0.2072713498720582
2013-02-20,0.354887672194373
2013-02-21,0.4578698355379289
2013-02-22,0.5946522217948691
2013-02-25,0.6794223409279192
2013-02-26,0.7570268099190363
2013-02-27,0.8256638157357088
2013-02-28,0.8708395323029379
2013-03-01,0.9127275463933191
2013-03-04,0.9478058606793553
2013-03-05,0.9727825029100363
2013-03-06,0.9841999427564803
2013-03-07,0.9920258788458605
2013-03-08,0.0
2013-03-11,0.0
2013-03-12,0.0
2013-03-13,0.0
2013-03-14,0.0
2013-03-15,0.0
2013-03-18,0.0
2013-03-19,0.0
2013-03-20,0.0
2013-03-21,0.0
2013-03-22,0.0
2013-03-25,0.0
2013-03-26,-0.0578919760740646
2013-03-27,-0.40367067933107736
2013-03-28,-0.7263952993576515
2013-04-01,-0.8694024708942623
2013-04-02,-0.7688875190936586
2013-04-03,-0.796087537026436
2013-04-04,-0.7794171868331368
2013-04-05,-0.856293995651086
2013-04-08,-0.8270573275126096
2013-04-09,-0.9492483109660563
2013-04-10,-0.9542624673890954
2013-04-11,-0.9371657071195543
2013-04-12,-0.9577837616996319
2013-04-15,-0.9989204132638494
2013-04-16,0.0
2013-04-17,0.0
2013-04-18,0.0
2013-04-19,0.0
2013-04-22,0.0
2013-04-23,0.0
2013-04-24,0.0
2013-04-25,0.0
2013-04-26,0.0
2013-04-29,0.0
2013-04-30,0.0
2013-05-01,-3.3306690738754696e-15
2013-05-02,0.30160624155808113
2013-05-03,0.6160321089050484
2013-05-06,0.8221065026972041
2013-05-07,0.9324742063891827
2013-05-08,0.9719579583472941
2013-05-09,0.9902297284378807
2013-05-10,0.0
2013-05-13,0.0
2013-05-14,0.0
2013-05-15,0.0
2013-05-16,0.0
2013-05-17,0.0
2013-05-20,0.0
2013-05-21,0.0
2013-05-22,0.0
2013-05-23,0.0
2013-05-24,0.0
2013-05-28,7.993605777301127e-15
2013-05-29,-0.13347333626549962
2013-05-30,-0.3688368992496913
2013-05-31,-0.7498654899046377
2013-06-03,-0.8227936437276444
2013-06-04,-0.9180602615361557
2013-06-05,-0.9900371064172206
2013-06-06,0.0
2013-06-07,0.0
2013-06-10,0.0
2013-06-11,0.0
2013-06-12,0.0
2013-06-13,0.0
2013-06-14,0.0
2013-06-17,0.0
2013-06-18,0.0
2013-06-19,0.0
2013-06-20,0.0
2013-06-21,1.1324274851176597e-14
2013-06-24,-0.014982873819105569
2013-06-25,0.0026252147357872513
2013-06-26,-0.1736013848827569
2013-06-27,-0.06683743881990356
2013-06-28,0.17951365709484923
2013-07-01,0.672573367793734
2013-07-02,0.8709966462365157
2013-07-03,0.9695627002570995
2013-07-05,0.9974739305702605
2013-07-08,0.0
2013-07-09,0.0
2013-07-10,0.0
2013-07-11,0.0
2013-07-12,0.0
2013-07-15,0.0
2013-07-16,0.0
2013-07-17,0.0
2013-07-18,0.0
2013-07-19,0.0
2013-07-22,0.0
2013-07-23,-1.354472090042691e-14
2013-07-24,0.12027447679170122
2013-07-25,0.8441008605271692
2013-07-26,0.9930341200765529
2013-07-29,0.0
2013-07-30,0.0
2013-07-31,0.0
2013-08-01,0.0
2013-08-02,0.0
2013-08-05,0.0
2013-08-06,0.0
2013-08-07,0.0
2013-08-08,0.0
2013-08-09,0.0
2013-08-12,0.0
2013-08-13,-1.6431300764452317e-14
2013-08-14,0.007852602843507528
2013-08-15,-0.4189827997194988
2013-08-16,-0.7209275839664695
2013-08-19,-0.9242856761266969
2013-08-20,-0.9697163846348327
2013-08-21,-0.9941711751226663
2013-08-22,0.0
2013-08-23,0.0
2013-08-26,0.0
2013-08-27,0.0
2013-08-28,0.0
2013-08-29,0.0
2013-08-30,0.0
2013-09-03,0.0
2013-09-04,0.0
2013-09-05,0.0
2013-09-06,0.0
2013-09-09,0.0
2013-09-10,0.6287444458589844
2013-09-11,0.959431771783769
2013-09-12,0.9968936804762583
2013-09-13,0.0
2013-09-16,0.0
2013-09-17,0.0
2013-09-18,0.0
2013-09-19,0.0
2013-09-20,0.0
2013-09-23,0.0
2013-09-24,0.0
2013-09-25,0.0
2013-09-26,0.0
2013-09-27,0.0
2013-09-30,0.0
2013-10-01,0.37830015196106137
2013-10-02,0.5878356570290624
2013-10-03,0.5395379544279273
2013-10-04,0.69203279040426
2013-10-07,0.7872426032835111
2013-10-08,0.690074532398361
2013-10-09,0.26739429389028757
2013-10-10,0.2810254767743814
2013-10-11,0.6146487169621211
2013-10-14,0.8786676819781551
2013-10-15,0.9718059767061091
2013-10-16,0.9994266528254612
2013-10-17,0.0
2013-10-18,0.0
2013-10-21,0.0
2013-10-22,0.0
2013-10-23,0.0
2013-10-24,0.0
2013-10-25,0.0
2013-10-28,0.0
2013-10-29,0.0
2013-10-30,0.0
2013-10-31,0.0
2013-11-01,0.0
2013-11-04,-0.18211821147246376
2013-11-05,-0.3420595782486271
2013-11-06,-0.47887923671333876
2013-11-07,-0.6231405547571325
2013-11-08,-0.7253034344325342
2013-11-11,-0.7919854095486134
2013-11-12,-0.8457772496530809
2013-11-13,-0.874725041635849
2013-11-14,-0.8946033588840003
2013-11-15,-0.906597141906309
2013-11-18,-0.9288185849024506
2013-11-19,-0.9487248183605173
2013-11-20,-0.9619483966451197
2013-11-21,-0.9695922212894863
2013-11-22,-0.9741498841724803
2013-11-25,-0.9789646872967244
2013-11-26,-0.984123260434101
2013-11-27,-0.9876886448186277
2013-11-29,-0.9903072127210555
2013-12-02,0.0
2013-12-03,0.0
2013-12-04,0.0
2013-12-05,0.0
2013-12-06,0.0
2013-12-09,0.0
2013-12-10,0.0
2013-12-11,0.0
2013-12-12,0.0
2013-12-13,0.0
2013-12-16,0.0
2013-12-17,0.0
2013-12-18,0.4753855747457125
2013-12-19,0.7606929501485462
2013-12-20,0.8978965499397216
2013-12-23,0.9549733443745465
2013-12-24,0.9862639894584551
2013-12-26,0.9967983884012797
2013-12-27,0.0
2013-12-30,0.0
2013-12-31,0.0
2014-01-02,0.0
2014-01-03,0.0
2014-01-06,0.0
2014-01-07,0.0
2014-01-08,0.0
2014-01-09,0.0
2014-01-10,0.0
2014-01-13,0.0
2014-01-14,-1.2656542480726785e-14
2014-01-15,0.28341509544204113
2014-01-16,0.5644056398991797
2014-01-17,0.8393936202840075
2014-01-21,0.9599737324106004
2014-01-22,0.9924186119870739
2014-01-23,0.0
2014-01-24,0.0
2014-01-27,0.0
2014-01-28,0.0
2014-01-29,0.0
2014-01-30,0.0
2014-01-31,0.0
2014-02-03,0.0
2014-02-04,0.0
2014-02-05,0.0
2014-02-06,0.0
2014-02-07,3.9968028886505635e-15
2014-02-10,0.4424072583849501
2014-02-11,0.7821629304591582
2014-02-12,0.9381973425967507
2014-02-13,0.9884104620492247
2014-02-14,0.9987261031273473
2014-02-18,0.0
2014-02-19,0.0
2014-02-20,0.0
2014-02-21,0.0
2014-02-24,0.0
2014-02-25,0.0
2014-02-26,0.0
2014-02-27,0.0
2014-02-28,0.0
2014-03-03,0.0
2014-03-04,0.0
2014-03-05,3.774758283725532e-15
2014-03-06,-0.35755782749428366
2014-03-07,-0.561090545386628
2014-03-10,-0.6819817408944131
2014-03-11,-0.8434319548949687
2014-03-12,-0.9376961952401619
2014-03-13,-0.9921922842062265
2014-03-14,0.0
2014-03-17,0.0
2014-03-18,0.0
2014-03-19,0.0
2014-03-20,0.0
2014-03-21,0.0
2014-03-24,0.0
2014-03-25,0.0
2014-03-26,0.0
2014-03-27,0.0
2014-03-28,0.0
2014-03-31,6.217248937900877e-15
2014-04-01,0.4043025718062254
2014-04-02,0.6986646294293357
2014-04-03,0.7976954702928123
2014-04-04,0.44866433114937143
2014-04-07,-0.40562048604991086
2014-04-08,-0.8150024909514988
2014-04-09,-0.9406741745999145
2014-04-10,-0.9972764921753023
2014-04-11,0.0
2014-04-14,0.0
2014-04-15,0.0
2014-04-16,0.0
2014-04-17,0.0
2014-04-21,0.0
2014-04-22,0.0
2014-04-23,0.0
2014-04-24,0.0
2014-04-25,0.0
2014-04-28,0.0
2014-04-29,-9.325873406851315e-15
2014-04-30,0.2005279399719071
2014-05-01,0.3108514305783685
2014-05-02,0.47504123162840095
2014-05-05,0.5394122273451534
2014-05-06,0.5630018585955181
2014-05-07,0.5317331390057287
2014-05-08,0.5292427485331002
2014-05-09,0.6278548531961516
2014-05-12,0.7786354458599218
2014-05-13,0.8420465489499258
2014-05-14,0.864021301793507
2014-05-15,0.8496129507666523
2014-05-16,0.8401810978364386
2014-05-19,0.8386117219048725
2014-05-20,0.8147514570693328
2014-05-21,0.8085470636044807
2014-05-22,0.840356953364072
2014-05-23,0.8763006229024177
2014-05-27,0.8792599761940039
2014-05-28,0.8783225890181836
2014-05-29,0.8747461454414047
2014-05-30,0.8931665160058195
2014-06-02,0.9196590379495302
2014-06-03,0.9368115746834225
2014-06-04,0.9653253533776247
2014-06-05,0.9834736342265227
2014-06-06,0.9947635165021615
2014-06-09,0.0
2014-06-10,0.0
2014-06-11,0.0
2014-06-12,0.0
2014-06-13,0.0
2014-06-16,0.0
2014-06-17,0.0
2014-06-18,0.0
2014-06-19,0.0
2014-06-20,0.0
2014-06-23,0.0
2014-06-24,-1.9095836023552692e-14
2014-06-25,-0.167175959564277
2014-06-26,-0.3050713566493033
2014-06-27,-0.3619305956297678
2014-06-30,-0.29596392205410793
2014-07-01,-0.09760199297065886
2014-07-02,0.15200227220623064
2014-07-03,0.5018943940173459
2014-07-07,0.7109115353889517
2014-07-08,0.8234235213942993
2014-07-09,0.9740272012652063
2014-07-10,0.9936320402325902
2014-07-11,0.0
2014-07-14,0.0
2014-07-15,0.0
2014-07-16,0.0
2014-07-17,0.0
2014-07-18,0.0
2014-07-21,0.0
2014-07-22,0.0
2014-07-23,0.0
2014-07-24,0.0
2014-07-25,0.0
2014-07-28,-1.9984014443252818e-15
2014-07-29,-0.10897174021271594
2014-07-30,-0.05432181192604024
2014-07-31,-0.17088496258968178
2014-08-01,-0.2711841895697553
2014-08-04,-0.3181087256212378
2014-08-05,-0.4069961465006655
2014-08-06,-0.4826134853966275
2014-08-07,-0.6025712728913382
2014-08-08,-0.551745803882006
2014-08-11,-0.4801306442713762
2014-08-12,-0.4583150042615498
2014-08-13,-0.48193097293634324
2014-08-14,-0.37378087630302836
2014-08-15,-0.35749267978604493
2014-08-18,-0.24857445616793017
2014-08-19,-0.13776388493998204
2014-08-20,0.031769197813614314
2014-08-21,0.16339633828269684
2014-08-22,0.3286963149724802
2014-08-25,0.5326398715714036
2014-08-26,0.6331422503346622
2014-08-27,0.7258673143046623
2014-08-28,0.8214174500611944
2014-08-29,0.8819655327523752
2014-09-02,0.9296207506494547
2014-09-03,0.9624254387746887
2014-09-04,0.9816172180209308
2014-09-05,0.9928285126392715
2014-09-08,0.0
2014-09-09,0.0
2014-09-10,0.0
2014-09-11,0.0
2014-09-12,0.0
2014-09-15,0.0
2014-09-16,0.0
2014-09-17,0.0
2014-09-18,0.0
2014-09-19,0.0
2014-09-22,0.0
2014-09-23,1.554312234475219e-14
2014-09-24,-0.3212931150413765
2014-09-25,-0.7172428295282409
2014-09-26,-0.8556402652937831
2014-09-29,-0.9220757190864017
2014-09-30,-0.9740060892231996
2014-10-01,-0.9944676282102829
2014-10-02,0.0
2014-10-03,0.0
2014-10-06,0.0
2014-10-07,0.0
2014-10-08,0.0
2014-10-09,0.0
2014-10-10,0.0
2014-10-13,0.0
2014-10-14,0.0
2014-10-15,0.0
2014-10-16,0.0
2014-10-17,-3.774758283725532e-15
2014-10-20,0.5072691132279239
2014-10-21,0.9515051388261644
2014-10-22,0.9965862514135024
2014-10-23,0.0
2014-10-24,0.0
2014-10-27,0.0
2014-10-28,0.0
2014-10-29,0.0
2014-10-30,0.0
2014-10-31,0.0
2014-11-03,0.0
2014-11-04,0.0
2014-11-05,0.0
2014-11-06,0.0
2014-11-07,-5.10702591327572e-15
2014-11-10,0.3212613800369821
2014-11-11,0.5418729909441424
2014-11-12,0.7271998429394633
2014-11-13,0.8768960669631798
2014-11-14,0.9348044625644256
2014-11-17,0.9501990254890127
2014-11-18,0.9688609457513226
2014-11-19,0.9794896692592021
2014-11-20,0.9877010169933091
2014-11-21,0.9931122695126366
2014-11-24,0.0
2014-11-25,0.0
2014-11-26,0.0
2014-11-28,0.0
2014-12-01,0.0
2014-12-02,0.0
2014-12-03,0.0
2014-12-04,0.0
2014-12-05,0.0
2014-12-08,0.0
2014-12-09,0.0
2014-12-10,-7.993605777301127e-15
2014-12-11,0.31205807053323986
2014-12-12,0.5652756313699894
2014-12-15,0.7489788987628145
2014-12-16,0.8324060142356213
2014-12-17,0.9122915412547252
2014-12-18,0.963337009770683
2014-12-19,0.9849049958232787
2014-12-22,0.9955500771296477
2014-12-23,0.0
2014-12-24,0.0
2014-12-26,0.0
2014-12-29,0.0
2014-12-30,0.0
2014-12-31,0.0
2015-01-02,0.0
2015-01-05,0.0
2015-01-06,0.0
2015-01-07,0.0
2015-01-08,0.0
2015-01-09,8.881784197001252e-15
2015-01-12,-0.48537093589972935
2015-01-13,-0.8737704792477232
2015-01-14,-0.9824502658969598
2015-01-15,-0.9993126048894672
2015-01-16,0.0
2015-01-20,0.0
2015-01-21,0.0
2015-01-22,0.0
2015-01-23,0.0
2015-01-26,0.0
2015-01-27,0.0
2015-01-28,0.0
2015-01-29,0.0
2015-01-30,0.0
2015-02-02,0.0
2015-02-03,-5.773159728050814e-15
2015-02-04,0.2387841700620199
2015-02-05,0.9416954420194115
2015-02-06,0.9988729348101648
2015-02-09,0.0
2015-02-10,0.0
2015-02-11,0.0
2015-02-12,0.0
2015-02-13,0.0
2015-02-17,0.0
2015-02-18,0.0
2015-02-19,0.0
2015-02-20,0.0
2015-02-23,0.0
2015-02-24,0.0
2015-02-25,2.398081733190338e-14
2015-02-26,0.46446285605529103
2015-02-27,0.6539547798641978
2015-03-02,0.9568104864234557
2015-03-03,0.9969999374951164
2015-03-04,0.0
2015-03-05,0.0
2015-03-06,0.0
2015-03-09,0.0
2015-03-10,0.0
2015-03-11,0.0
2015-03-12,0.0
2015-03-13,0.0
2015-03-16,0.0
2015-03-17,0.0
2015-03-18,0.0
2015-03-19,-4.218847493575595e-15
2015-03-20,0.26717191601252344
2015-03-23,0.5086097125574032
2015-03-24,0.6663588579269386
2015-03-25,0.6400862957738949
2015-03-26,0.6775200163459609
2015-03-27,0.8012653837715229
2015-03-30,0.9234805426079791
2015-03-31,0.9620039002594338
2015-04-01,0.9795849183427385
2015-04-02,0.9897061289678084
2015-04-06,0.9953813035013204
2015-04-07,0.0
2015-04-08,0.0
2015-04-09,0.0
2015-04-10,0.0
2015-04-13,0.0
2015-04-14,0.0
2015-04-15,0.0
2015-04-16,0.0
2015-04-17,0.0
2015-04-20,0.0
2015-04-21,0.0
2015-04-22,7.771561172376096e-15
2015-04-23,0.9525192963365152
2015-04-24,0.9999355179346616
2015-04-27,0.0
2015-04-28,0.0
2015-04-29,0.0
2015-04-30,0.0
2015-05-01,0.0
2015-05-04,0.0
2015-05-05,0.0
2015-05-06,0.0
2015-05-07,0.0
2015-05-08,0.0
2015-05-11,0.0
2015-05-12,-2.220446049250313e-15
2015-05-13,-0.1249883237337086
2015-05-14,-0.025384973687490486
2015-05-15,0.12688610192593996
2015-05-18,0.34996464551332007
2015-05-19,0.5156424745247672
2015-05-20,0.5702681600611315
2015-05-21,0.7290336570991376
2015-05-22,0.823433198483206
2015-05-26,0.8561870635278577
2015-05-27,0.8775335178427617
2015-05-28,0.8978589322076418
2015-05-29,0.861270939376535
2015-06-01,0.8803001962107506
2015-06-02,0.9029669236563882
2015-06-03,0.9364044657428585
2015-06-04,0.9418925600850496
2015-06-05,0.9466241756572571
2015-06-08,0.9489427220540929
2015-06-09,0.959011373050956
2015-06-10,0.9794778509111486
2015-06-11,0.990805698487992
2015-06-12,0.0
2015-06-15,0.0
2015-06-16,0.0
2015-06-17,0.0
2015-06-18,0.0
2015-06-19,0.0
2015-06-22,0.0
2015-06-23,0.0
2015-06-24,0.0
2015-06-25,0.0
2015-06-26,0.0
2015-06-29,-8.215650382226158e-15
2015-06-30,-0.19010219768322045
2015-07-01,-0.013082309342385301
2015-07-02,0.17002338837394126
2015-07-06,0.40728799556163087
2015-07-07,0.6643500706968433
2015-07-08,0.7343006705204929
2015-07-09,0.8060397581115173
2015-07-10,0.9303945118283021
2015-07-13,0.9904638167818309
2015-07-14,0.0
2015-07-15,0.0
2015-07-16,0.0
2015-07-17,0.0
2015-07-20,0.0
2015-07-21,0.0
2015-07-22,0.0
2015-07-23,0.0
2015-07-24,0.0
2015-07-27,0.0
2015-07-28,0.0
2015-07-29,1.687538997430238e-14
2015-07-30,-0.2530307166864043
2015-07-31,-0.1795529574810324
2015-08-03,0.0587767356575557
2015-08-04,0.4991346256099707
2015-08-05,0.8291596594844424
2015-08-06,0.877701593997706
2015-08-07,0.9740666353839442
2015-08-10,0.9992475326383206
2015-08-11,0.0
2015-08-12,0.0
2015-08-13,0.0
2015-08-14,0.0
2015-08-17,0.0
2015-08-18,0.0
2015-08-19,0.0
2015-08-20,0.0
2015-08-21,0.0
2015-08-24,0.0
2015-08-25,0.0
2015-08-26,-6.661338147750939e-15
2015-08-27,-0.09062523081954144
2015-08-28,-0.21795192209059278
2015-08-31,-0.35046992195516724
2015-09-01,-0.6064413632895587
2015-09-02,-0.6895689420568054
2015-09-03,-0.7741798212794584
2015-09-04,-0.8612460238281858
2015-09-08,-0.8996637690839895
2015-09-09,-0.9252070667988801
2015-09-10,-0.938260274819924
2015-09-11,-0.9352696495933079
2015-09-14,-0.9375248890370724
2015-09-15,-0.9228469230027319
2015-09-16,-0.8926185050292983
2015-09-17,-0.8656927170419872
2015-09-18,-0.8608691373007269
2015-09-21,-0.8534275592531588
2015-09-22,-0.8567897740785602
2015-09-23,-0.8438968471440558
2015-09-24,-0.8299279177782166
2015-09-25,-0.7876404895309239
2015-09-28,-0.7866962551439443
2015-09-29,-0.8048963248654863
2015-09-30,-0.7768752670132026
2015-10-01,-0.7326843070241553
2015-10-02,-0.680732636171923
2015-10-05,-0.6062592731188943
2015-10-06,-0.528923333367795
2015-10-07,-0.4687685809171014
2015-10-08,-0.38575153327790757
2015-10-09,-0.2979321824056491
2015-10-12,-0.16525285316990623
2015-10-13,-0.10313175020011389
2015-10-14,-0.09493023742679063
2015-10-15,-0.03439748881487814
2015-10-16,0.057456072426028904
2015-10-19,0.12445313282396153
2015-10-20,0.1908082709834702
2015-10-21,0.26434495504822797
2015-10-22,0.375121758879291
2015-10-23,0.5054078037191867
2015-10-26,0.63699441022529
2015-10-27,0.7278052151226437
2015-10-28,0.8149104497863531
2015-10-29,0.9171847441396999
2015-10-30,0.9677545526087779
2015-11-02,0.9878259454649083
2015-11-03,0.9954040789970646
2015-11-04,0.0
2015-11-05,0.0
2015-11-06,0.0
2015-11-09,0.0
2015-11-10,0.0
2015-11-11,0.0
2015-11-12,0.0
2015-11-13,0.0
2015-11-16,0.0
2015-11-17,0.0
2015-11-18,0.0
2015-11-19,1.2656542480726785e-14
2015-11-20,0.07403744092495268
2015-11-23,0.01931244826119305
2015-11-24,-0.07351935991011804
2015-11-25,-0.12264682328420462
2015-11-27,-0.17286848137758515
2015-11-30,-0.40787384938633275
2015-12-01,-0.646263424708656
2015-12-02,-0.8183816211666746
2015-12-03,-0.9717131304054245
2015-12-04,-0.9935570602203623
2015-12-07,0.0
2015-12-08,0.0
2015-12-09,0.0
2015-12-10,0.0
2015-12-11,0.0
2015-12-14,0.0
2015-12-15,0.0
2015-12-16,0.0
2015-12-17,0.0
2015-12-18,0.0
2015-12-21,0.0
2015-12-22,1.554312234475219e-14
2015-12-23,-0.013236783007142927
2015-12-24,-0.07440905659461894
2015-12-28,0.03177077699477393
2015-12-29,0.2856122465886919
2015-12-30,0.4571678286205434
2015-12-31,0.39911235667866496
2016-01-04,-0.06791582270702201
2016-01-05,-0.40539906043136265
2016-01-06,-0.8475624125942873
2016-01-07,-0.981183142213508
2016-01-08,-0.9996685051483565
2016-01-11,0.0
2016-01-12,0.0
2016-01-13,0.0
2016-01-14,0.0
2016-01-15,0.0
2016-01-19,0.0
2016-01-20,0.0
2016-01-21,0.0
2016-01-22,0.0
2016-01-25,0.0
2016-01-26,0.0
2016-01-27,-7.105427357601002e-15
2016-01-28,0.6290182521296672
2016-01-29,0.9496625776955969
2016-02-01,0.9984396943478349
2016-02-02,0.0
2016-02-03,0.0
2016-02-04,0.0
2016-02-05,0.0
2016-02-08,0.0
2016-02-09,0.0
2016-02-10,0.0
2016-02-11,0.0
2016-02-12,0.0
2016-02-16,0.0
2016-02-17,0.0
2016-02-18,0.0
2016-02-19,0.2391230065055061
2016-02-22,0.4768310211783118
2016-02-23,0.646533027065662
2016-02-24,0.8204845150946318
2016-02-25,0.9327212692839555
2016-02-26,0.9702993339832262
2016-02-29,0.9850199195760589
2016-03-01,0.9971574547318758
2016-03-02,0.0
2016-03-03,0.0
2016-03-04,0.0
2016-03-07,0.0
2016-03-08,0.0
2016-03-09,0.0
2016-03-10,0.0
2016-03-11,0.0
2016-03-14,0.0
2016-03-15,0.0
2016-03-16,0.0
2016-03-17,-1.554312234475219e-14
2016-03-18,0.0413470495021202
2016-03-21,0.15135712772836873
2016-03-22,0.43477276452298175
2016-03-23,0.7800088080030463
2016-03-24,0.9129719033670927
2016-03-28,0.9611511711928997
2016-03-29,0.9890281201193112
2016-03-30,0.9980138281020638
2016-03-31,0.0
2016-04-01,0.0
2016-04-04,0.0
2016-04-05,0.0
2016-04-06,0.0
2016-04-07,0.0
2016-04-08,0.0
2016-04-11,0.0
2016-04-12,0.0
2016-04-13,0.0
2016-04-14,0.0
2016-04-15,4.218847493575595e-15
2016-04-18,0.16615023851224664
2016-04-19,0.4102044131876199
2016-04-20,0.5648281591832205
2016-04-21,0.49855619160726516
2016-04-22,0.42582874841248297
2016-04-25,0.39140888251444483
2016-04-26,0.4708683753093019
2016-04-27,0.5660888675565525
2016-04-28,0.25798926115466525
2016-04-29,-0.21931257598405907
2016-05-02,-0.542064142209326
2016-05-03,-0.6352128620115911
2016-05-04,-0.7017394072900838
2016-05-05,-0.871241501670992
2016-05-06,-0.9302857651125569
2016-05-09,-0.9560214551098629
2016-05-10,-0.9644207558763105
2016-05-11,-0.9899791676010636
2016-05-12,-0.9960800316159444
2016-05-13,0.0
2016-05-16,0.0
2016-05-17,0.0
2016-05-18,0.0
2016-05-19,0.0
2016-05-20,0.0
2016-05-23,0.0
2016-05-24,0.0
2016-05-25,0.0
2016-05-26,0.0
2016-05-27,0.0
2016-05-31,0.0
2016-06-01,0.2102950851749379
2016-06-02,0.3566976979379817
2016-06-03,0.3571222948785553
2016-06-06,0.3270929700787688
2016-06-07,0.35851195440786787
2016-06-08,0.42905529759150207
2016-06-09,0.5229034330355362
2016-06-10,0.5662209932291877
2016-06-13,0.5721089287854517
2016-06-14,0.572667610880961
2016-06-15,0.5951133879407189
2016-06-16,0.5996952640056619
2016-06-17,0.6084841310999052
2016-06-20,0.6555070675817039
2016-06-21,0.6794206387833095
2016-06-22,0.738834510557699
2016-06-23,0.8105472296564407
2016-06-24,0.8977919616556389
2016-06-27,0.9487029978154409
2016-06-28,0.9836401133374186
2016-06-29,0.9965733989350745
2016-06-30,0.0
2016-07-01,0.0
2016-07-05,0.0
2016-07-06,0.0
2016-07-07,0.0
2016-07-08,0.0
2016-07-11,0.0
2016-07-12,0.0
2016-07-13,0.0
2016-07-14,0.0
2016-07-15,0.0
2016-07-18,-9.992007221626409e-15
2016-07-19,-0.23458305271607105
2016-07-20,-0.3646502416362003
2016-07-21,-0.6507394830955089
2016-07-22,-0.7279525930616491
2016-07-25,-0.5631119815326961
2016-07-26,-0.1449571654944921
2016-07-27,-0.016764072044852085
2016-07-28,0.7522015547853398
2016-07-29,0.9857582269683844
2016-08-01,0.9996087742375426
2016-08-02,0.0
2016-08-03,0.0
2016-08-04,0.0
2016-08-05,0.0
2016-08-08,0.0
2016-08-09,0.0
2016-08-10,0.0
2016-08-11,0.0
2016-08-12,0.0
2016-08-15,0.0
2016-08-16,0.0
2016-08-17,1.84297022087776e-14
2016-08-18,-0.23492852854875124
2016-08-19,-0.4740112398351941
2016-08-22,-0.5704527784036695
2016-08-23,-0.7682105901037759
2016-08-24,-0.9119214201166037
2016-08-25,-0.9747354887509048
2016-08-26,-0.9998316360573731
2016-08-29,0.0
2016-08-30,0.0
2016-08-31,0.0
2016-09-01,0.0
2016-09-02,0.0
2016-09-06,0.0
2016-09-07,0.0
2016-09-08,0.0
2016-09-09,0.0
2016-09-12,0.0
2016-09-13,0.0
2016-09-14,-2.7755575615628914e-14
2016-09-15,-0.3995809880883723
2016-09-16,-0.8426865138874349
2016-09-19,-0.9453095585423832
2016-09-20,-0.9850145984206846
2016-09-21,-0.9850879844086906
2016-09-22,-0.955474895854189
2016-09-23,-0.9275693635306053
2016-09-26,-0.8851293539973024
2016-09-27,-0.7351142883100921
2016-09-28,-0.6435696596724285
2016-09-29,-0.6955665922870069
2016-09-30,-0.6905920727169712
2016-10-03,-0.8293254742647802
2016-10-04,-0.9373135055579362
2016-10-05,-0.9781178774051262
2016-10-06,-0.9868085561680837
2016-10-07,-0.995508117472423
2016-10-10,0.0
2016-10-11,0.0
2016-10-12,0.0
2016-10-13,0.0
2016-10-14,0.0
2016-10-17,0.0
2016-10-18,0.0
2016-10-19,0.0
2016-10-20,0.0
2016-10-21,0.0
2016-10-24,0.0
2016-10-25,0.0
2016-10-26,-0.03663207619461639
2016-10-27,-0.9991013252805807
2016-10-28,0.0
2016-10-31,0.0
2016-11-01,0.0
2016-11-02,0.0
2016-11-03,0.0
2016-11-04,0.0
2016-11-07,0.0
2016-11-08,0.0
2016-11-09,0.0
2016-11-10,0.0
2016-11-11,0.0
2016-11-14,0.0
2016-11-15,0.6607432740212287
2016-11-16,0.9678835041919698
2016-11-17,0.9993792734847038
2016-11-18,0.0
2016-11-21,0.0
2016-11-22,0.0
2016-11-23,0.0
2016-11-25,0.0
2016-11-28,0.0
2016-11-29,0.0
2016-11-30,0.0
2016-12-01,0.0
2016-12-02,0.0
2016-12-05,0.0
2016-12-06,1.1324274851176597e-14
2016-12-07,0.6569086655604857
2016-12-08,0.7624698947498925
2016-12-09,0.803943560263856
2016-12-12,0.8580122646652826
2016-12-13,0.9601471971444786
2016-12-14,0.9721009121020039
2016-12-15,0.984524955915171
2016-12-16,0.9934711927881901
2016-12-19,0.0
2016-12-20,0.0
2016-12-21,0.0
2016-12-22,0.0
2016-12-23,0.0
2016-12-27,0.0
2016-12-28,0.0
2016-12-29,0.0
2016-12-30,0.0
2017-01-03,0.0
2017-01-04,0.0
2017-01-05,3.1308289294429414e-14
2017-01-06,-0.08190463252034363
2017-01-09,-0.3980698512629055
2017-01-10,-0.4924740543638779
2017-01-11,-0.5713773343548307
2017-01-12,-0.6224985094300752
2017-01-13,-0.792419993677375
2017-01-17,-0.9038870677315436
2017-01-18,-0.9304856232719434
2017-01-19,-0.9906504938298342
2017-01-20,0.0
2017-01-23,0.0
2017-01-24,0.0
2017-01-25,0.0
2017-01-26,0.0
2017-01-27,0.0
2017-01-30,0.0
2017-01-31,0.0
2017-02-01,0.0
2017-02-02,0.0
2017-02-03,0.0
2017-02-06,9.325873406851315e-15
2017-02-07,-0.02281070968712373
2017-02-08,0.3310457404972347
2017-02-09,0.6861029691085117
2017-02-10,0.8408690073303533
2017-02-13,0.8973641226846316
2017-02-14,0.941477628275956
2017-02-15,0.9712487999689023
2017-02-16,0.9789669731925086
2017-02-17,0.9867261456594585
2017-02-21,0.9922414361698921
2017-02-22,0.0
2017-02-23,0.0
2017-02-24,0.0
2017-02-27,0.0
2017-02-28,0.0
2017-03-01,0.0
2017-03-02,0.0
2017-03-03,0.0
2017-03-06,0.0
2017-03-07,0.0
2017-03-08,0.0
2017-03-09,6.661338147750939e-15
2017-03-10,-0.005809197204724281
2017-03-13,0.5050587942127109
2017-03-14,0.8557132125791425
2017-03-15,0.879739158227338
2017-03-16,0.9313789968708965
2017-03-17,0.9811376895109221
2017-03-20,0.9932576786536054
2017-03-21,0.0
2017-03-22,0.0
2017-03-23,0.0
2017-03-24,0.0
2017-03-27,0.0
2017-03-28,0.0
2017-03-29,0.0
2017-03-30,0.0
2017-03-31,0.0
2017-04-03,0.0
2017-04-04,0.0
2017-04-05,-5.329070518200751e-15
2017-04-06,-0.40459593142779715
2017-04-07,-0.7149759003889806
2017-04-10,-0.8681902294769901
2017-04-11,-0.9456959938624969
2017-04-12,-0.9826118835591819
2017-04-13,-0.9955440875090826
2017-04-17,0.0
2017-04-18,0.0
2017-04-19,0.0
2017-04-20,0.0
2017-04-21,0.0
2017-04-24,0.0
2017-04-25,0.0
2017-04-26,0.0
2017-04-27,0.0
2017-04-28,0.0
2017-05-01,0.0
2017-05-02,-5.773159728050814e-15
2017-05-03,-0.2623846632456557
2017-05-04,-0.40078668804733564
2017-05-05,-0.482571652155666
2017-05-08,-0.5343005110830448
2017-05-09,-0.5486445269898477
2017-05-10,-0.5337489425090096
2017-05-11,-0.5395222673411357
2017-05-12,-0.5573613384077905
2017-05-15,-0.534589941514306
2017-05-16,-0.5609965568540201
2017-05-17,-0.6635230195297661
2017-05-18,-0.7374235931921731
2017-05-19,-0.7838636377297419
2017-05-22,-0.842992334297858
2017-05-23,-0.9235916154240431
2017-05-24,-0.9659912747634198
2017-05-25,-0.9823971313730833
2017-05-26,-0.9883287410025106
2017-05-30,-0.9927146680707057
2017-05-31,0.0
2017-06-01,0.0
2017-06-02,0.0
2017-06-05,0.0
2017-06-06,0.0
2017-06-07,0.0
2017-06-08,0.0
2017-06-09,0.0
2017-06-12,0.0
2017-06-13,0.0
2017-06-14,0.0
2017-06-15,2.4424906541753444e-15
2017-06-16,-0.24506330281171884
2017-06-19,-0.48740727333166434
2017-06-20,-0.7880064728956984
2017-06-21,-0.9559379743822298
2017-06-22,-0.9943075991978068
2017-06-23,0.0
2017-06-26,0.0
2017-06-27,0.0
2017-06-28,0.0
2017-06-29,0.0
2017-06-30,0.0
2017-07-03,0.0
2017-07-05,0.0
2017-07-06,0.0
2017-07-07,0.0
2017-07-10,0.0
2017-07-11,-1.3322676295501878e-15
2017-07-12,-0.22683283799712206
2017-07-13,-0.36032875267899245
2017-07-14,-0.47836742378964425
2017-07-17,-0.5699776668536276
2017-07-18,-0.6359916061046018
2017-07-19,-0.6954757498667374
2017-07-20,-0.7383144139008926
2017-07-21,-0.7770629218749345
2017-07-24,-0.8219378497351868
2017-07-25,-0.8521406371918623
2017-07-26,-0.876083738679345
2017-07-27,-0.8673690192755406
2017-07-28,-0.8617240172118128
2017-07-31,-0.8460624032977455
2017-08-01,-0.8196533609762982
2017-08-02,-0.7868301685519403
2017-08-03,-0.764591549878398
2017-08-04,-0.7435704746855656
2017-08-07,-0.7220307892167437
2017-08-08,-0.7073275600476987
2017-08-09,-0.6923487676974418
2017-08-10,-0.6986413720230327
2017-08-11,-0.6990138319822039
2017-08-14,-0.7010571208683887
2017-08-15,-0.7111154651476965
2017-08-16,-0.702941978190518
2017-08-17,-0.6980203733776229
2017-08-18,-0.7019680884441211
2017-08-21,-0.7062330171432976
2017-08-22,-0.7098459938476067
2017-08-23,-0.7215042652990846
2017-08-24,-0.7293009231163023
2017-08-25,-0.7203750819333354
2017-08-28,-0.7236044567911724
2017-08-29,-0.7296670691916112
2017-08-30,-0.7326860541664995
2017-08-31,-0.7408363858739411
2017-09-01,-0.7465139109670216
2017-09-05,-0.7435066977829767
2017-09-06,-0.7357177875601213
2017-09-07,-0.7328780031974302
2017-09-08,-0.7333815599226221
2017-09-11,-0.7406240921500462
2017-09-12,-0.7407015520245666
2017-09-13,-0.7190013817532073
2017-09-14,-0.6988978816062494
2017-09-15,-0.6706730298257364
2017-09-18,-0.640694848612509
2017-09-19,-0.6312334890555986
2017-09-20,-0.6207638213901696
2017-09-21,-0.613322871067068
2017-09-22,-0.5835053181172281
2017-09-25,-0.5348049917585547
2017-09-26,-0.4914977796411071
2017-09-27,-0.44133812042156806
2017-09-28,-0.3868622570591711
2017-09-29,-0.3306809011633911
2017-10-02,-0.2733327283806184
2017-10-03,-0.22100383787284916
2017-10-04,-0.1755506692181159
2017-10-05,-0.1340651304038074
2017-10-06,-0.08574420455854526
2017-10-09,-0.05819704400957626
2017-10-10,-0.02281062330111605
2017-10-11,0.006434988937718211
2017-10-12,0.029771390549696353
2017-10-13,0.06331679240960408
2017-10-16,0.09364222773094522
2017-10-17,0.13481439012471008
2017-10-18,0.17878564402969088
2017-10-19,0.2081727959201929
2017-10-20,0.22462313690037217
2017-10-23,0.23989195665198482
2017-10-24,0.24666745655635758
2017-10-25,0.25120354584956006
2017-10-26,0.294817315625425
2017-10-27,0.34713187603392703
2017-10-30,0.38684629083717725
2017-10-31,0.41620553214284417
2017-11-01,0.43426220968784257
2017-11-02,0.47253616269085086
2017-11-03,0.5033594151425131
2017-11-06,0.5229108584353619
2017-11-07,0.5398317456022899
2017-11-08,0.5602810643982883
2017-11-09,0.5836384310989304
2017-11-10,0.6140657395863418
2017-11-13,0.6422321895673457
2017-11-14,0.6725023200719935
2017-11-15,0.7005567135258166
2017-11-16,0.7339386480324399
2017-11-17,0.7657834880487406
2017-11-20,0.794407016511425
2017-11-21,0.8136727898462877
2017-11-22,0.8352259397180464
2017-11-24,0.851902217566078
2017-11-27,0.8672152689206234
2017-11-28,0.8925680243876017
2017-11-29,0.9195154856751595
2017-11-30,0.940470963449606
2017-12-01,0.9557890475863657
2017-12-04,0.9724625275201613
2017-12-05,0.9832969903869357
2017-12-06,0.9896318779435642
2017-12-07,0.9936304032691705
2017-12-08,0.0
2017-12-11,0.0
2017-12-12,0.0
2017-12-13,0.0
2017-12-14,0.0
2017-12-15,0.0
2017-12-18,0.0
2017-12-19,0.0
2017-12-20,0.0
2017-12-21,0.0
2017-12-22,0.0
2017-12-26,0.0
2017-12-27,-0.1435632938234661
2017-12-28,-0.2694654223751407
2017-12-29,-0.4819758251761066
2018-01-02,-0.18716002990625236
2018-01-03,0.38349429339701446
2018-01-04,0.8622601057514565
2018-01-05,0.9908176156300181
2018-01-08,0.0
2018-01-09,0.0
2018-01-10,0.0
2018-01-11,0.0
2018-01-12,0.0
2018-01-16,0.0
2018-01-17,0.0
2018-01-18,0.0
2018-01-19,0.0
2018-01-22,0.0
2018-01-23,0.0
2018-01-24,9.325873406851315e-15
2018-01-25,0.2602491352573244
2018-01-26,0.5438292691624793
2018-01-29,0.715672475741044
2018-01-30,0.7544848683123069
2018-01-31,0.7355397794248524
2018-02-01,0.6785499324500774
2018-02-02,0.40782608842206036
2018-02-05,-0.08353419804006723
2018-02-06,-0.3371392247466214
2018-02-07,-0.600800613097868
2018-02-08,-0.7805658450007555
2018-02-09,-0.9053126952408634
2018-02-12,-0.9680350205537334
2018-02-13,-0.992816465547329
2018-02-14,0.0
2018-02-15,0.0
2018-02-16,0.0
2018-02-20,0.0
2018-02-21,0.0
2018-02-22,0.0
2018-02-23,0.0
2018-02-26,0.0
2018-02-27,0.0
2018-02-28,0.0
2018-03-01,0.0
2018-03-02,-1.0436096431476471e-14
2018-03-05,-0.04284783170457107
2018-03-06,0.11390880659840885
2018-03-07,-0.08764703058016554
2018-03-08,-0.28707021247014564
2018-03-09,-0.18679377406209596
2018-03-12,-0.13833565009336435
2018-03-13,-0.03354733292658718
2018-03-14,0.00988416569391437
2018-03-15,0.041329064357237044
2018-03-16,0.14508762156570776
2018-03-19,0.1673372480509836
2018-03-20,0.1558535480720138
2018-03-21,0.1282453187038537
2018-03-22,-0.07205000052226751
2018-03-23,-0.30738813016334543
2018-03-26,-0.36631446499794595
2018-03-27,-0.5649376497865088
2018-03-28,-0.6554426895027259
2018-03-29,-0.6561805270997021
2018-04-02,-0.8149992983691914
2018-04-03,-0.8984710272181506
2018-04-04,-0.9285409759967018
2018-04-05,-0.9431520882144573
2018-04-06,-0.973182364065639
2018-04-09,-0.9923744249228568
2018-04-10,0.0
2018-04-11,0.0
2018-04-12,0.0
2018-04-13,0.0
2018-04-16,0.0
2018-04-17,0.0
2018-04-18,0.0
2018-04-19,0.0
2018-04-20,0.0
2018-04-23,0.0
2018-04-24,0.0
2018-04-25,5.551115123125783e-15
2018-04-26,0.9421637319124316
2018-04-27,0.9999385472351765
2018-04-30,0.0
2018-05-01,0.0
2018-05-02,0.0
2018-05-03,0.0
2018-05-04,0.0
2018-05-07,0.0
2018-05-08,0.0
2018-05-09,0.0
2018-05-10,0.0
2018-05-11,0.0
2018-05-14,0.0
2018-05-15,8.659739592076221e-15
2018-05-16,0.28331206685089816
2018-05-17,0.5629545265163007
2018-05-18,0.7402365309937764
2018-05-21,0.8985732712633037
2018-05-22,0.9183774934460822
2018-05-23,0.9544825424002861
2018-05-24,0.9675892310498939
2018-05-25,0.9761218108803151
2018-05-29,0.9839560298011738
2018-05-30,0.9934539606170609
2018-05-31,0.0
2018-06-01,0.0
2018-06-04,0.0
2018-06-05,0.0
2018-06-06,0.0
2018-06-07,0.0
2018-06-08,0.0
2018-06-11,0.0
2018-06-12,0.0
2018-06-13,0.0
2018-06-14,0.0
2018-06-15,1.2434497875801753e-14
2018-06-18,0.10720624720313698
2018-06-19,0.20076084923708581
2018-06-20,0.3682287627274241
2018-06-21,0.5969629218192449
2018-06-22,0.7405521595885731
2018-06-25,0.7394758951740603
2018-06-26,0.7527235661253855
2018-06-27,0.5862145283141125
2018-06-28,0.4813872090321487
2018-06-29,0.2857214533045649
2018-07-02,0.11086926566355548
2018-07-03,0.012511830796962276
2018-07-05,0.01301159128105489
2018-07-06,0.11497010849632328
2018-07-09,0.3957440429761765
2018-07-10,0.5934830481156981
2018-07-11,0.6589111377281796
2018-07-12,0.740718190818995
2018-07-13,0.8191951833258366
2018-07-16,0.8709441456220062
2018-07-17,0.934136024013307
2018-07-18,0.9712354897618449
2018-07-19,0.9952343078429067
2018-07-20,0.0
2018-07-23,0.0
2018-07-24,0.0
2018-07-25,0.0
2018-07-26,0.0
2018-07-27,0.0
2018-07-30,0.0
2018-07-31,0.0
2018-08-01,0.0
2018-08-02,0.0
2018-08-03,0.0
2018-08-06,9.769962616701378e-15
2018-08-07,0.4063132955793525
2018-08-08,0.7407858164686529
2018-08-09,0.913380813676868
2018-08-10,0.9767395844008648
2018-08-13,0.9911481007032763
2018-08-14,0.0
2018-08-15,0.0
2018-08-16,0.0
2018-08-17,0.0
2018-08-20,0.0
2018-08-21,0.0
2018-08-22,0.0
2018-08-23,0.0
2018-08-24,0.0
2018-08-27,0.0
2018-08-28,0.0
2018-08-29,4.440892098500626e-15
2018-08-30,0.012455555125070905
2018-08-31,0.44462812919205685
2018-09-04,0.9415526186136765
2018-09-05,0.9956733509127869
2018-09-06,0.0
2018-09-07,0.0
2018-09-10,0.0
2018-09-11,0.0
2018-09-12,0.0
2018-09-13,0.0
2018-09-14,0.0
2018-09-17,0.0
2018-09-18,0.0
2018-09-19,0.0
2018-09-20,0.0
2018-09-21,-1.1324274851176597e-14
2018-09-24,-0.008166152542937732
2018-09-25,0.06739251020676007
2018-09-26,0.2248699668757892
2018-09-27,0.37447289751468227
2018-09-28,0.5676876929709769
2018-10-01,0.6597636353696856
2018-10-02,0.6055567001385112
2018-10-03,0.6063042123875397
2018-10-04,0.43832524143012663
2018-10-05,0.3195882486762054
2018-10-08,0.3676734996387476
2018-10-09,0.4644266422980914
2018-10-10,0.1513350731065457
2018-10-11,-0.44579976219061024
2018-10-12,-0.5743891498168368
2018-10-15,-0.5531428449491858
2018-10-16,-0.39106849267199584
2018-10-17,-0.6716028055903904
2018-10-18,-0.77902899035619
2018-10-19,-0.834037428391273
2018-10-22,-0.797741709189917
2018-10-23,-0.840586638718908
2018-10-24,-0.985774775079908
2018-10-25,-0.9992706126614683
2018-10-26,0.0
2018-10-29,0.0
2018-10-30,0.0
2018-10-31,0.0
2018-11-01,0.0
2018-11-02,0.0
2018-11-05,0.0
2018-11-06,0.0
2018-11-07,0.0
2018-11-08,0.0
2018-11-09,0.0
2018-11-12,-1.9984014443252818e-15
2018-11-13,0.3955072438712528
2018-11-14,0.6522990843670695
2018-11-15,0.7494853699443316
2018-11-16,0.8611575914067933
2018-11-19,0.9319368552917078
2018-11-20,0.9289100245729394
2018-11-21,0.9504580898296131
2018-11-23,0.9727061300900488
2018-11-26,0.9855746644119132
2018-11-27,0.9933105530304833
2018-11-28,0.0
2018-11-29,0.0
2018-11-30,0.0
2018-12-03,0.0
2018-12-04,0.0
2018-12-06,0.0
2018-12-07,0.0
2018-12-10,0.0
2018-12-11,0.0
2018-12-12,0.0
2018-12-13,0.0
2018-12-14,-6.217248937900877e-15
2018-12-17,-0.16374246484828614
2018-12-18,-0.2294977800342799
2018-12-19,-0.3773968186541381
2018-12-20,-0.6440957732094961
2018-12-21,-0.8366416910422734
2018-12-24,-0.946740411105337
2018-12-26,-0.9488918876189647
2018-12-27,-0.9551736139419069
2018-12-28,-0.9632555097344362
2018-12-31,-0.9649874992820038
2019-01-02,-0.9730148352835251
2019-01-03,-0.9710043327854652
2019-01-04,-0.9765640907535327
2019-01-07,-0.9835751955759453
2019-01-08,-0.9911088605772691
2019-01-09,0.0
2019-01-10,0.0
2019-01-11,0.0
2019-01-14,0.0
2019-01-15,0.0
2019-01-16,0.0
2019-01-17,0.0
2019-01-18,0.0
2019-01-22,0.0
2019-01-23,0.0
2019-01-24,0.0
2019-01-25,-1.199040866595169e-14
2019-01-28,-0.4152090606759442
2019-01-29,-0.5886457552798836
2019-01-30,-0.5004066538638483
2019-01-31,-0.45203332759953274
2019-02-01,-0.3171364612121812
2019-02-04,0.2443190776492805
2019-02-05,0.7311634929781767
2019-02-06,0.8928726677124235
2019-02-07,0.9934724265826822
2019-02-08,0.0
2019-02-11,0.0
2019-02-12,0.0
2019-02-13,0.0
2019-02-14,0.0
2019-02-15,0.0
2019-02-19,0.0
2019-02-20,0.0
2019-02-21,0.0
2019-02-22,0.0
2019-02-25,0.0
2019-02-26,-1.5543122344752192e-15
2019-02-27,-0.2823113994339934
2019-02-28,-0.42595634519120384
2019-03-01,-0.563318943300744
2019-03-04,-0.6825118256287617
2019-03-05,-0.718493007900658
2019-03-06,-0.7787428826967737
2019-03-07,-0.8523045937543334
2019-03-08,-0.9299054311995161
2019-03-11,-0.9639756019542143
2019-03-12,-0.9832514879140275
2019-03-13,-0.9914103317337177
2019-03-14,0.0
2019-03-15,0.0
2019-03-18,0.0
2019-03-19,0.0
2019-03-20,0.0
2019-03-21,0.0
2019-03-22,0.0
2019-03-25,0.0
2019-03-26,0.0
2019-03-27,0.0
2019-03-28,0.0
2019-03-29,0.0
2019-04-01,0.3403829740823119
2019-04-02,0.6581815525083115
2019-04-03,0.8662780026295132
2019-04-04,0.9617395787129719
2019-04-05,0.9933260214310813
2019-04-08,0.0
2019-04-09,0.0
2019-04-10,0.0
2019-04-11,0.0
2019-04-12,0.0
2019-04-15,0.0
2019-04-16,0.0
2019-04-17,0.0
2019-04-18,0.0
2019-04-22,0.0
2019-04-23,0.0
2019-04-24,2.220446049250313e-15
2019-04-25,-0.7582984994267397
2019-04-26,-0.9760753331908516
2019-04-29,-0.9995618836865063
2019-04-30,0.0
2019-05-01,0.0
2019-05-02,0.0
2019-05-03,0.0
2019-05-06,0.0
2019-05-07,0.0
2019-05-08,0.0
2019-05-09,0.0
2019-05-10,0.0
2019-05-13,0.0
2019-05-14,0.0
2019-05-15,-1.3322676295501878e-15
2019-05-16,-0.3406402797968402
2019-05-17,-0.5974695143230666
2019-05-20,-0.7624907301918995
2019-05-21,-0.7998621350685613
2019-05-22,-0.779991854392716
2019-05-23,-0.7836745209460894
2019-05-24,-0.781224315917993
2019-05-28,-0.7571260512653044
2019-05-29,-0.7533399475694718
2019-05-30,-0.6999054735522501
2019-05-31,-0.6528630494942274
2019-06-03,-0.5696254398889098
2019-06-04,-0.47093272273043785
2019-06-05,-0.2929127503375435
2019-06-06,-0.0866202975060475
2019-06-07,0.13662175946815558
2019-06-10,0.38026516623687234
2019-06-11,0.536790468990469
2019-06-12,0.6979862398015375
2019-06-13,0.8304512301409155
2019-06-14,0.9131058875258731
2019-06-17,0.9509193598361281
2019-06-18,0.975077031035605
2019-06-19,0.9836462849031855
2019-06-20,0.9876652555430823
2019-06-21,0.9909022445956455
2019-06-24,0.0
2019-06-25,0.0
2019-06-26,0.0
2019-06-27,0.0
2019-06-28,0.0
2019-07-01,0.0
2019-07-02,0.0
2019-07-03,0.0
2019-07-05,0.0
2019-07-08,0.0
2019-07-09,0.0
2019-07-10,-6.217248937900877e-15
2019-07-11,0.388063725735291
2019-07-12,0.7908787669549349
2019-07-15,0.9544492569290464
2019-07-16,0.9943848527422814
2019-07-17,0.0
2019-07-18,0.0
2019-07-19,0.0
2019-07-22,0.0
2019-07-23,0.0
2019-07-24,0.0
2019-07-25,0.0
2019-07-26,0.0
2019-07-29,0.0
2019-07-30,0.0
2019-07-31,0.0
2019-08-01,3.9968028886505635e-15
2019-08-02,-0.4323620112605797
2019-08-05,-0.7997057117852107
2019-08-06,-0.9050306996498669
2019-08-07,-0.951717892911736
2019-08-08,-0.9655835943655362
2019-08-09,-0.9802656297564087
2019-08-12,-0.9934668276110072
2019-08-13,0.0
2019-08-14,0.0
2019-08-15,0.0
2019-08-16,0.0
2019-08-19,0.0
2019-08-20,0.0
2019-08-21,0.0
2019-08-22,0.0
2019-08-23,0.0
2019-08-26,0.0
2019-08-27,0.0
2019-08-28,-1.7319479184152442e-14
2019-08-29,0.2688608619044508
2019-08-30,0.4322070842152723
2019-09-03,0.5700115785265996
2019-09-04,0.782928289894093
2019-09-05,0.9591528062216166
2019-09-06,0.9969385523430045
2019-09-09,0.0
2019-09-10,0.0
2019-09-11,0.0
2019-09-12,0.0
2019-09-13,0.0
2019-09-16,0.0
2019-09-17,0.0
2019-09-18,0.0
2019-09-19,0.0
2019-09-20,0.0
2019-09-23,0.0
2019-09-24,-6.439293542825908e-15
2019-09-25,-0.015415567299084554
2019-09-26,0.009337547379890898
2019-09-27,-0.013530660937864702
2019-09-30,0.07163395026824082
2019-10-01,0.20504250087150444
2019-10-02,0.07997056357746546
2019-10-03,-0.11485386357059868
2019-10-04,-0.2203707867345539
2019-10-07,-0.3523838543077431
2019-10-08,-0.49311639448722233
2019-10-09,-0.4832852841570032
2019-10-10,-0.41087171797141053
2019-10-11,-0.2876934838978846
2019-10-14,-0.16105745232156798
2019-10-15,0.012936291261848698
2019-10-16,0.2570908716537055
2019-10-17,0.4612212874547601
2019-10-18,0.5737343774332859
2019-10-21,0.6596234031815653
2019-10-22,0.7099083266711235
2019-10-23,0.7549517179339076
2019-10-24,0.9643515729242587
2019-10-25,0.9976375320104998
2019-10-28,0.0
2019-10-29,0.0
2019-10-30,0.0
2019-10-31,0.0
2019-11-01,0.0
2019-11-04,0.0
2019-11-05,0.0
2019-11-06,0.0
2019-11-07,0.0
2019-11-08,0.0
2019-11-11,0.0
2019-11-12,-8.881784197001252e-15
2019-11-13,0.28680112713640504
2019-11-14,0.6100418918297001
2019-11-15,0.8692857753248902
2019-11-18,0.989164404699933
2019-11-19,0.9977333368253549
2019-11-20,0.0
2019-11-21,0.0
2019-11-22,0.0
2019-11-25,0.0
2019-11-26,0.0
2019-11-27,0.0
2019-11-29,0.0
2019-12-02,0.0
2019-12-03,0.0
2019-12-04,0.0
2019-12-05,0.0
2019-12-06,-3.552713678800501e-15
2019-12-09,-0.08812936522671588
2019-12-10,-0.04028797493118508
2019-12-11,0.16222560083474669
2019-12-12,0.15979562173838824
2019-12-13,0.1656399600908951
2019-12-16,0.12824512277353572
2019-12-17,0.25196151770655684
2019-12-18,0.216454470789174
2019-12-19,0.28104722122029435
2019-12-20,0.2752250286144755
2019-12-23,0.09975303993323159
2019-12-24,0.037473441992419865
2019-12-26,-0.055572391807983346
2019-12-27,-0.22461437305156284
2019-12-30,-0.36644280329487544
2019-12-31,-0.4657484195399706
2020-01-02,-0.5762986896830793
2020-01-03,-0.6369928784357732
2020-01-06,-0.7783423675734142
2020-01-07,-0.9308240745440131
2020-01-08,-0.9750118804169492
2020-01-09,-0.9831709150954306
2020-01-10,-0.9895364778499101
2020-01-13,-0.9947082453201943
2020-01-14,0.0
2020-01-15,0.0
2020-01-16,0.0
2020-01-17,0.0
2020-01-21,0.0
2020-01-22,0.0
2020-01-23,0.0
2020-01-24,0.0
2020-01-27,0.0
2020-01-28,0.0
2020-01-29,0.0
2020-01-30,-6.8833827526759706e-15
2020-01-31,-0.7056066522239508
2020-02-03,-0.956196384607811
2020-02-04,-0.99590047711463
2020-02-05,0.0
2020-02-06,0.0
2020-02-07,0.0
2020-02-10,0.0
2020-02-11,0.0
2020-02-12,0.0
2020-02-13,0.0
2020-02-14,0.0
2020-02-18,0.0
2020-02-19,0.0
2020-02-20,0.0
2020-02-21,8.881784197001252e-15
2020-02-24,-0.18631976188128707
2020-02-25,-0.5726514823948714
2020-02-26,-0.8076083887467931
2020-02-27,-0.9547017749206435
2020-02-28,-0.9933019211743694
2020-03-02,0.0
2020-03-03,0.0
2020-03-04,0.0
2020-03-05,0.0
2020-03-06,0.0
2020-03-09,0.0
2020-03-10,0.0
2020-03-11,0.0
2020-03-12,0.0
2020-03-13,0.0
2020-03-16,0.0
2020-03-17,-1.7763568394002505e-15
2020-03-18,-0.49986648996500893
2020-03-19,-0.8169694692609268
2020-03-20,-0.972482846718963
2020-03-23,-0.9977074893730489
2020-03-24,0.0
2020-03-25,0.0
2020-03-26,0.0
2020-03-27,0.0
2020-03-30,0.0
2020-03-31,0.0
2020-04-01,0.0
2020-04-02,0.0
2020-04-03,0.0
2020-04-06,0.0
2020-04-07,0.0
2020-04-08,3.1086244689504383e-15
2020-04-09,0.3325911985144079
2020-04-13,0.6319831250388348
2020-04-14,0.8519266803129306
2020-04-15,0.9462167986635261
2020-04-16,0.9891620062618824
2020-04-17,0.9986328549712054
2020-04-20,0.0
2020-04-21,0.0
2020-04-22,0.0
2020-04-23,0.0
2020-04-24,0.0
2020-04-27,0.0
2020-04-28,0.0
2020-04-29,0.0
2020-04-30,0.0
2020-05-01,0.0
2020-05-04,0.0
2020-05-05,1.4432899320127035e-14
2020-05-06,0.35912914106310545
2020-05-07,0.4545741141283559
2020-05-08,0.7448155523487725
2020-05-11,0.8788473941176345
2020-05-12,0.9327661604596769
2020-05-13,0.9538821871152086
2020-05-14,0.9810112211622095
2020-05-15,0.99584684083041
2020-05-18,0.0
2020-05-19,0.0
2020-05-20,0.0
2020-05-21,0.0
2020-05-22,0.0
2020-05-26,0.0
2020-05-27,0.0
2020-05-28,0.0
2020-05-29,0.0
2020-06-01,0.0
2020-06-02,0.0
2020-06-03,-1.7763568394002505e-15
2020-06-04,0.07278291997757225
2020-06-05,0.3977201504480954
2020-06-08,0.582054582914602
2020-06-09,0.7733733894785999
2020-06-10,0.8216765395991226
2020-06-11,0.7760582327400061
2020-06-12,0.7465837368872972
2020-06-15,0.7877847805209137
2020-06-16,0.9078335020912494
2020-06-17,0.9646009590323823
2020-06-18,0.9873682532502548
2020-06-19,0.9941625523538664
2020-06-22,0.0
2020-06-23,0.0
2020-06-24,0.0
2020-06-25,0.0
2020-06-26,0.0
2020-06-29,0.0
2020-06-30,0.0
2020-07-01,0.0
2020-07-02,0.0
2020-07-06,0.0
2020-07-07,0.0
2020-07-08,-7.105427357601002e-15
2020-07-09,-0.1369236186371212
2020-07-10,-0.20764380088595802
2020-07-13,-0.307954343251333
2020-07-14,-0.10528795003435576
2020-07-15,0.2728928912240689
2020-07-16,0.5444349805964792
2020-07-17,0.7396289289177211
2020-07-20,0.9218619157826193
2020-07-21,0.9933659748221941
2020-07-22,0.0
2020-07-23,0.0
2020-07-24,0.0
2020-07-27,0.0
2020-07-28,0.0
2020-07-29,0.0
2020-07-30,0.0
2020-07-31,0.0
2020-08-03,0.0
2020-08-04,0.0
2020-08-05,0.0
2020-08-06,2.886579864025407e-15
2020-08-07,0.0638185809298284
2020-08-10,0.058013909899095495
2020-08-11,-0.05843537235162577
2020-08-12,-0.02425910201640935
2020-08-13,-0.02392534031362059
2020-08-14,0.007831112127353768
2020-08-17,0.11933174128460267
2020-08-18,0.2313682843330096
2020-08-19,0.284599908669406
2020-08-20,0.28585245169070594
2020-08-21,0.26755538401801693
2020-08-24,0.2915818720168968
2020-08-25,0.33692595006039894
2020-08-26,0.34513147626000107
2020-08-27,0.3518482252598967
2020-08-28,0.36218907340360307
2020-08-31,0.39868479578464733
2020-09-01,0.5017787043362403
2020-09-02,0.6605584211088025
2020-09-03,0.7206873996478422
2020-09-04,0.7669097935579008
2020-09-08,0.8037071865107093
2020-09-09,0.856925388819894
2020-09-10,0.877333591916942
2020-09-11,0.9085891497759482
2020-09-14,0.9387099718750649
2020-09-15,0.9588227796675723
2020-09-16,0.9658625644841137
2020-09-17,0.9695101061414795
2020-09-18,0.9697916964413376
2020-09-21,0.960264335281672
2020-09-22,0.9505722672130139
2020-09-23,0.9279927852101584
2020-09-24,0.8870836966084372
2020-09-25,0.8336394950097219
2020-09-28,0.8149944773797528
2020-09-29,0.7793782999409409
2020-09-30,0.773527957975428
2020-10-01,0.7778504073895056
2020-10-02,0.7604891773732476
2020-10-05,0.7480167404763276
2020-10-06,0.6640778637026008
2020-10-07,0.5677619481300975
2020-10-08,0.5143985995598008
2020-10-09,0.43198637958618136
2020-10-12,0.4088984108938203
2020-10-13,0.45968697329576447
2020-10-14,0.4772489278624188
2020-10-15,0.5239620216493106
2020-10-16,0.5534495775112367
2020-10-19,0.5633403935822003
2020-10-20,0.6035384650623632
2020-10-21,0.6237994011542256
2020-10-22,0.5983665702309167
2020-10-23,0.6207377975137667
2020-10-26,0.589565640402312
2020-10-27,0.5257314807315554
2020-10-28,0.4099103190136577
2020-10-29,0.2434001491886204
2020-10-30,0.06918175994429565
2020-11-02,-0.07184939871768581
2020-11-03,-0.15692153613937232
2020-11-04,-0.22969709267872784
2020-11-05,-0.3018411394885856
2020-11-06,-0.38024918208058867
2020-11-09,-0.4157900978363851
2020-11-10,-0.44114476210417664
2020-11-11,-0.42713439003864306
2020-11-12,-0.4504983340843618
2020-11-13,-0.44646916578844165
2020-11-16,-0.4448316551738527
2020-11-17,-0.5020238698231609
2020-11-18,-0.5344995510752324
2020-11-19,-0.5803398910083564
2020-11-20,-0.6428217189312309
2020-11-23,-0.7158664445341347
2020-11-24,-0.755562453214671
2020-11-25,-0.8046644324796439
2020-11-27,-0.8479688272376247
2020-11-30,-0.8845071921818848
2020-12-01,-0.8962157315495098
2020-12-02,-0.9226255235413621
2020-12-03,-0.9388325578399241
2020-12-04,-0.9488637728193796
2020-12-07,-0.9584738740487813
2020-12-08,-0.9715638620012341
2020-12-09,-0.9792283977062124
2020-12-10,-0.9843448726707356
2020-12-11,-0.9877897450201982
2020-12-14,-0.9906030946227435
2020-12-15,0.0
2020-12-16,0.0
2020-12-17,0.0
2020-12-18,0.0
2020-12-21,0.0
2020-12-22,0.0
2020-12-23,0.0
2020-12-24,0.0
2020-12-28,0.0
2020-12-29,0.0
2020-12-30,0.0
2020-12-31,-1.3988810110276972e-14
2021-01-04,0.0048585932850737645
2021-01-05,-0.1539294503847599
2021-01-06,0.482328578391632
2021-01-07,0.9236531145709566
2021-01-08,0.9992960713941399
2021-01-11,0.0
2021-01-12,0.0
2021-01-13,0.0
2021-01-14,0.0
2021-01-15,0.0
2021-01-19,0.0
2021-01-20,0.0
2021-01-21,0.0
2021-01-22,0.0
2021-01-25,0.0
2021-01-26,0.0
2021-01-27,3.552713678800501e-15
2021-01-28,-0.4038978896290266
2021-01-29,-0.7396887629311588
2021-02-01,-0.8712705783377206
2021-02-02,-0.9231174730923615
2021-02-03,-0.958633659793537
2021-02-04,-0.9701044463073178
2021-02-05,-0.98091655544735
2021-02-08,-0.9859335240964116
2021-02-09,-0.989342287669817
2021-02-10,-0.9909449275965461
2021-02-11,0.0
2021-02-12,0.0
2021-02-16,0.0
2021-02-17,0.0
2021-02-18,0.0
2021-02-19,0.0
2021-02-22,0.0
2021-02-23,0.0
2021-02-24,0.0
2021-02-25,0.0
2021-02-26,0.0
2021-03-01,-5.329070518200751e-15
2021-03-02,0.060556486687366906
2021-03-03,0.18844345230925996
2021-03-04,0.2127764323173429
2021-03-05,0.5327648430714249
2021-03-08,0.8212068527186869
2021-03-09,0.9148534634749017
2021-03-10,0.9788577186725476
2021-03-11,0.9959201502560384
2021-03-12,0.0
2021-03-15,0.0
2021-03-16,0.0
2021-03-17,0.0
2021-03-18,0.0
2021-03-19,0.0
2021-03-22,0.0
2021-03-23,0.0
2021-03-24,0.0
2021-03-25,0.0
2021-03-26,0.0
2021-03-29,0.0
2021-03-30,0.4376208663155976
2021-03-31,0.7114946379572697
2021-04-01,0.8734013722506135
2021-04-05,0.9545838322593478
2021-04-06,0.9902338521196639
2021-04-07,0.0
2021-04-08,0.0
2021-04-09,0.0
2021-04-12,0.0
2021-04-13,0.0
2021-04-14,0.0
2021-04-15,0.0
2021-04-16,0.0
2021-04-19,0.0
2021-04-20,0.0
2021-04-21,0.0
2021-04-22,1.0436096431476471e-14
2021-04-23,0.22516744768589647
2021-04-26,0.2869607439541555
2021-04-27,0.4665302942086895
2021-04-28,0.5544904809264106
2021-04-29,0.8286947013677781
2021-04-30,0.9628056316064804
2021-05-03,0.9950937425436712
2021-05-04,0.0
2021-05-05,0.0
2021-05-06,0.0
2021-05-07,0.0
2021-05-10,0.0
2021-05-11,0.0
2021-05-12,0.0
2021-05-13,0.0
2021-05-14,0.0
2021-05-17,0.0
2021-05-18,0.0
2021-05-19,-2.2426505097428162e-14
2021-05-20,-0.29404323643479513
2021-05-21,-0.5886191397965321
2021-05-24,-0.8723716608372019
2021-05-25,-0.9762398980145295
2021-05-26,-0.9979846067991844
2021-05-27,0.0
2021-05-28,0.0
2021-06-01,0.0
2021-06-02,0.0
2021-06-03,0.0
2021-06-04,0.0
2021-06-07,0.0
2021-06-08,0.0
2021-06-09,0.0
2021-06-10,0.0
2021-06-11,0.0
2021-06-14,6.217248937900877e-15
2021-06-15,0.2467676993988337
2021-06-16,0.4282480651446372
2021-06-17,0.6838636886483005
2021-06-18,0.8334610868323649
2021-06-21,0.9816576175878051
2021-06-22,0.999630531334263
2021-06-23,0.0
2021-06-24,0.0
2021-06-25,0.0
2021-06-28,0.0
2021-06-29,0.0
2021-06-30,0.0
2021-07-01,0.0
2021-07-02,0.0
2021-07-06,0.0
2021-07-07,0.0
2021-07-08,0.0
2021-07-09,-6.8833827526759706e-15
2021-07-12,0.32089278276333566
2021-07-13,0.5523068536384292
2021-07-14,0.7632360540120031
2021-07-15,0.8955513623574272
2021-07-16,0.9647001293258324
2021-07-19,0.9855620942165928
2021-07-20,0.9971238542576519
2021-07-21,0.0
2021-07-22,0.0
2021-07-23,0.0
2021-07-26,0.0
2021-07-27,0.0
2021-07-28,0.0
2021-07-29,0.0
2021-07-30,0.0
2021-08-02,0.0
2021-08-03,0.0
2021-08-04,0.0
2021-08-05,3.3306690738754696e-15
2021-08-06,-0.1550264306786635
2021-08-09,-0.4176657385636753
2021-08-10,-0.582018242144565
2021-08-11,-0.6999199763107158
2021-08-12,-0.8347187009993777
2021-08-13,-0.9298850619432977
2021-08-16,-0.9439714759444469
2021-08-17,-0.966827112284411
2021-08-18,-0.9820604964013768
2021-08-19,-0.9875927822933566
2021-08-20,-0.9879252915133623
2021-08-23,-0.9913145119874074
2021-08-24,0.0
2021-08-25,0.0
2021-08-26,0.0
2021-08-27,0.0
2021-08-30,0.0
2021-08-31,0.0
2021-09-01,0.0
2021-09-02,0.0
2021-09-03,0.0
2021-09-07,0.0
2021-09-08,0.0
2021-09-09,0.0
2021-09-10,-0.003286358499026809
2021-09-13,-0.1361639032236086
2021-09-14,-0.17212130500457312
2021-09-15,0.03887730816023294
2021-09-16,0.3662434490057471
2021-09-17,0.4918336169247004
2021-09-20,0.592395517541193
2021-09-21,0.7745465201022319
2021-09-22,0.9461280916740045
2021-09-23,0.9944006987857847
2021-09-24,0.0
2021-09-27,0.0
2021-09-28,0.0
2021-09-29,0.0
2021-09-30,0.0
2021-10-01,0.0
2021-10-04,0.0
2021-10-05,0.0
2021-10-06,0.0
2021-10-07,0.0
2021-10-08,0.0
2021-10-11,1.1324274851176597e-14
2021-10-12,-0.09082877102411069
2021-10-13,-0.09123975603709344
2021-10-14,0.20906143849606362
2021-10-15,0.5356393243280877
2021-10-18,0.8477273388284947
2021-10-19,0.9633956919552968
2021-10-20,0.9959942965518567
2021-10-21,0.0
2021-10-22,0.0
2021-10-25,0.0
2021-10-26,0.0
2021-10-27,0.0
2021-10-28,0.0
2021-10-29,0.0
2021-11-01,0.0
2021-11-02,0.0
2021-11-03,0.0
2021-11-04,0.0
2021-11-05,-2.6645352591003757e-15
2021-11-08,-0.05726880171442583
2021-11-09,-0.014085567401759702
2021-11-10,0.076792036909757
2021-11-11,0.13020984394723634
2021-11-12,0.21971867693691793
2021-11-15,0.3091190618884816
2021-11-16,0.4096039946868715
2021-11-17,0.40910937071375897
2021-11-18,0.449118869811987
2021-11-19,0.41028184272750257
2021-11-22,0.4041224687847178
2021-11-23,0.48174105068737516
2021-11-24,0.5191501785938208
2021-11-26,0.4820732088613733
2021-11-29,0.5028225022369115
2021-11-30,0.48344429561451463
2021-12-01,0.4550070170476146
2021-12-02,0.5579257912543538
2021-12-03,0.6552801835565933
2021-12-06,0.7446283946966932
2021-12-07,0.8478791906261891
2021-12-08,0.917495056784505
2021-12-09,0.9552576469936025
2021-12-10,0.9819606356964639
2021-12-13,0.9911578840132422
2021-12-14,0.0
2021-12-15,0.0
2021-12-16,0.0
2021-12-17,0.0
2021-12-20,0.0
2021-12-21,0.0
2021-12-22,0.0
2021-12-23,0.0
2021-12-27,0.0
2021-12-28,0.0
2021-12-29,0.0
2021-12-30,7.771561172376096e-15
2021-12-31,0.3553937429874152
2022-01-03,0.4963612177584158
2022-01-04,0.6440699556887883
2022-01-05,0.6272043391207778
2022-01-06,0.7503876768117315
2022-01-07,0.71007611622783
2022-01-10,0.5987571969529155
2022-01-11,0.5461751779686672
2022-01-12,0.515146043761536
2022-01-13,0.529332546858357
2022-01-14,0.44850758465035945
2022-01-18,0.2047866030375638
2022-01-19,-0.12709274510446145
2022-01-20,-0.5432094052295451
2022-01-21,-0.8647213086980996
2022-01-24,-0.9406618944148697
2022-01-25,-0.9850705945390721
2022-01-26,-0.9985867497400778
2022-01-27,0.0
2022-01-28,0.0
2022-01-31,0.0
2022-02-01,0.0
2022-02-02,0.0
2022-02-03,0.0
2022-02-04,0.0
2022-02-07,0.0
2022-02-08,0.0
2022-02-09,0.0
2022-02-10,0.0
2022-02-11,1.7763568394002505e-15
2022-02-14,0.1794394418946612
2022-02-15,0.5272708232751546
2022-02-16,0.7883428830778627
2022-02-17,0.90704662745251
2022-02-18,0.9663297023497301
2022-02-22,0.9640492398308704
2022-02-23,0.9135460166707907
2022-02-24,0.8514906264167532
2022-02-25,0.8618310308727688
2022-02-28,0.8473390415001019
2022-03-01,0.8656297170284657
2022-03-02,0.9377347303821604
2022-03-03,0.980972005013437
2022-03-04,0.9920900819113316
2022-03-07,0.0
2022-03-08,0.0
2022-03-09,0.0
2022-03-10,0.0
2022-03-11,0.0
2022-03-14,0.0
2022-03-15,0.0
2022-03-16,0.0
2022-03-17,0.0
2022-03-18,0.0
2022-03-21,0.0
2022-03-22,-1.5543122344752192e-15
2022-03-23,0.10309421551255826
2022-03-24,0.3594214146685806
2022-03-25,0.5968952494096478
2022-03-28,0.630564382668144
2022-03-29,0.7770035952762016
2022-03-30,0.8463179114744799
2022-03-31,0.8514353303631612
2022-04-01,0.7686903847304496
2022-04-04,0.7884762859077616
2022-04-05,0.8238259502392955
2022-04-06,0.8909474484325801
2022-04-07,0.9720368393258498
2022-04-08,0.9962734845005388
2022-04-11,0.0
2022-04-12,0.0
2022-04-13,0.0
2022-04-14,0.0
2022-04-18,0.0
2022-04-19,0.0
2022-04-20,0.0
2022-04-21,0.0
2022-04-22,0.0
2022-04-25,0.0
2022-04-26,0.0
2022-04-27,-7.327471962526033e-15
2022-04-28,-0.9938021551513558
2022-04-29,0.0
2022-05-02,0.0
2022-05-03,0.0
2022-05-04,0.0
2022-05-05,0.0
2022-05-06,0.0
2022-05-09,0.0
2022-05-10,0.0
2022-05-11,0.0
2022-05-12,0.0
2022-05-13,0.0
2022-05-16,7.993605777301127e-15
2022-05-17,0.5349578221524656
2022-05-18,0.2860085736702911
2022-05-19,0.04982220328926967
2022-05-20,-0.5785527290588139
2022-05-23,-0.864035113737414
2022-05-24,-0.8879725067488837
2022-05-25,-0.8771271230552034
2022-05-26,-0.7198448898780851
2022-05-27,-0.38058511892183433
2022-05-31,-0.09165880182475217
2022-06-01,0.03097842236727022
2022-06-02,0.26790127819487575
2022-06-03,0.44697143447494203
2022-06-06,0.6487206647596993
2022-06-07,0.7747707497878251
2022-06-08,0.8169689728820637
2022-06-09,0.8266037716215051
2022-06-10,0.7771765413201728
2022-06-13,0.6273738591144475
2022-06-14,0.4575396093104449
2022-06-15,0.2870803530126742
2022-06-16,-0.047134616912406724
2022-06-17,-0.3475874102119336
2022-06-21,-0.5087641505159985
2022-06-22,-0.5576814825137877
2022-06-23,-0.4472210719980887
2022-06-24,-0.2232965951289161
2022-06-27,0.03561971156512134
2022-06-28,0.18325921964281622
2022-06-29,0.380350527990319
2022-06-30,0.5091505761980257
2022-07-01,0.6474186893660523
2022-07-05,0.8070591473518722
2022-07-06,0.9261631406848192
2022-07-07,0.9790267243622941
2022-07-08,0.9944831985358404
2022-07-11,0.0
2022-07-12,0.0
2022-07-13,0.0
2022-07-14,0.0
2022-07-15,0.0
2022-07-18,0.0
2022-07-19,0.0
2022-07-20,0.0
2022-07-21,0.0
2022-07-22,0.0
2022-07-25,0.0
2022-07-26,-5.773159728050814e-15
2022-07-27,0.21907095206619553
2022-07-28,0.6345703782076058
2022-07-29,0.8445678061002262
2022-08-01,0.9555942671373134
2022-08-02,0.9894155180808719
2022-08-03,0.9974356424728703
2022-08-04,0.0
2022-08-05,0.0
2022-08-08,0.0
2022-08-09,0.0
2022-08-10,0.0
2022-08-11,0.0
2022-08-12,0.0
2022-08-15,0.0
2022-08-16,0.0
2022-08-17,0.0
2022-08-18,0.0
2022-08-19,0.0
2022-08-22,-0.028850963016903597
2022-08-23,-0.12306441960397829
2022-08-24,-0.33703307392859716
2022-08-25,-0.4858056033397835
2022-08-26,-0.739586889425248
2022-08-29,-0.85781933038965
2022-08-30,-0.943028332703369
2022-08-31,-0.9805707524653775
2022-09-01,-0.990666257218414
2022-09-02,0.0
2022-09-06,0.0
2022-09-07,0.0
2022-09-08,0.0
2022-09-09,0.0
2022-09-12,0.0
2022-09-13,0.0
2022-09-14,0.0
2022-09-15,0.0
2022-09-16,0.0
2022-09-19,0.0
2022-09-20,-1.5543122344752192e-15
2022-09-21,-0.15790098585347478
2022-09-22,-0.3232925145952932
2022-09-23,-0.523010400850441
2022-09-26,-0.6299564357518714
2022-09-27,-0.7197423688783848
2022-09-28,-0.6172029531914784
2022-09-29,-0.556699357149165
2022-09-30,-0.5709226051669107
2022-10-03,-0.4516062621098107
2022-10-04,-0.20238076607050703
2022-10-05,0.08338406075830096
2022-10-06,0.3507581212281661
2022-10-07,0.38627365320265405
2022-10-10,0.5357292751214506
2022-10-11,0.697514297131774
2022-10-12,0.7988009435019587
2022-10-13,0.8999874834714809
2022-10-14,0.9459256639330571
2022-10-17,0.9755982657815276
2022-10-18,0.9915554180022279
2022-10-19,0.0
2022-10-20,0.0
2022-10-21,0.0
2022-10-24,0.0
2022-10-25,0.0
2022-10-26,0.0
2022-10-27,0.0
2022-10-28,0.0
2022-10-31,0.0
2022-11-01,0.0
2022-11-02,0.0
2022-11-03,6.661338147750939e-16
2022-11-04,0.13776036714592177
2022-11-07,0.333785374795069
2022-11-08,0.5119024795927509
2022-11-09,0.6366466619407807
2022-11-10,0.7716365771814522
2022-11-11,0.8122571473393574
2022-11-14,0.8607275055473687
2022-11-15,0.8976513693234061
2022-11-16,0.9328335224363089
2022-11-17,0.9542836802296686
2022-11-18,0.9723604948041555
2022-11-21,0.9853378111275921
2022-11-22,0.9930445743171634
2022-11-23,0.0
2022-11-25,0.0
2022-11-28,0.0
2022-11-29,0.0
2022-11-30,0.0
2022-12-01,0.0
2022-12-02,0.0
2022-12-05,0.0
2022-12-06,0.0
2022-12-07,0.0
2022-12-08,0.0
2022-12-09,9.547918011776346e-15
2022-12-12,-0.20363485618865784
2022-12-13,-0.5896578512262409
2022-12-14,-0.8491580291758709
2022-12-15,-0.9688026852513794
2022-12-16,-0.9939361272184133
2022-12-19,0.0
2022-12-20,0.0
2022-12-21,0.0
2022-12-22,0.0
2022-12-23,0.0
2022-12-27,0.0
2022-12-28,0.0
2022-12-29,0.0
2022-12-30,0.0
2023-01-03,0.0
2023-01-04,0.0
2023-01-05,1.021405182655144e-14
2023-01-06,0.19193174007425218
2023-01-09,0.06800496169128056
2023-01-10,-0.08780677906756695
2023-01-11,-0.25795745987945784
2023-01-12,-0.6337951766443581
2023-01-13,-0.8174743859843061
2023-01-17,-0.939420953264227
2023-01-18,-0.9876348080568909
2023-01-19,-0.9992047990961224
2023-01-20,0.0
2023-01-23,0.0
2023-01-24,0.0
2023-01-25,0.0
2023-01-26,0.0
2023-01-27,0.0
2023-01-30,0.0
2023-01-31,0.0
2023-02-01,0.0
2023-02-02,0.0
2023-02-03,0.0
2023-02-06,-1.199040866595169e-14
2023-02-07,0.0960147260628268
2023-02-08,-0.0998015238987604
2023-02-09,0.30761466124771064
2023-02-10,0.7231090632296757
2023-02-13,0.9792651860185329
2023-02-14,0.9998130601240369
2023-02-15,0.0
2023-02-16,0.0
2023-02-17,0.0
2023-02-21,0.0
2023-02-22,0.0
2023-02-23,0.0
2023-02-24,0.0
2023-02-27,0.0
2023-02-28,0.0
2023-03-01,0.0
2023-03-02,0.0
2023-03-03,-6.661338147750939e-15
2023-03-06,-0.09548024285484447
2023-03-07,-0.32723342429383795
2023-03-08,-0.4988581938986525
2023-03-09,-0.7040758768022959
2023-03-10,-0.848657589989477
2023-03-13,-0.9327355738364753
2023-03-14,-0.9691559482686656
2023-03-15,-0.9881686580050337
2023-03-16,-0.9955014228760433
2023-03-17,0.0
2023-03-20,0.0
2023-03-21,0.0
2023-03-22,0.0
2023-03-23,0.0
2023-03-24,0.0
2023-03-27,0.0
2023-03-28,0.0
2023-03-29,0.0
2023-03-30,0.0
2023-03-31,0.0
2023-04-03,4.884981308350689e-15
2023-04-04,0.4106419304573281
2023-04-05,0.6635022218376254
2023-04-06,0.8353043505759175
2023-04-10,0.9420966484175399
2023-04-11,0.9831363031362956
2023-04-12,0.9965998556425577
2023-04-13,0.0
2023-04-14,0.0
2023-04-17,0.0
2023-04-18,0.0
2023-04-19,0.0
2023-04-20,0.0
2023-04-21,0.0
2023-04-24,0.0
2023-04-25,0.0
2023-04-26,0.0
2023-04-27,0.0
2023-04-28,1.3322676295501878e-14
2023-05-01,0.5912269198838265
2023-05-02,0.9271593221637742
2023-05-03,0.989543016573112
2023-05-04,0.999141782701257
2023-05-05,0.0
2023-05-08,0.0
2023-05-09,0.0
2023-05-10,0.0
2023-05-11,0.0
2023-05-12,0.0
2023-05-15,0.0
2023-05-16,0.0
2023-05-17,0.0
2023-05-18,0.0
2023-05-19,0.0
2023-05-22,1.7319479184152442e-14
2023-05-23,-0.670919110912394
2023-05-24,-0.8455494196010649
2023-05-25,-0.9079104428791172
2023-05-26,-0.9744556788290648
2023-05-30,-0.9913661642854346
2023-05-31,0.0
2023-06-01,0.0
2023-06-02,0.0
2023-06-05,0.0
2023-06-06,0.0
2023-06-07,0.0
2023-06-08,0.0
2023-06-09,0.0
2023-06-12,0.0
2023-06-13,0.0
2023-06-14,0.0
2023-06-15,1.9984014443252818e-15
2023-06-16,0.2660939579647863
2023-06-20,0.46639122558784574
2023-06-21,0.8089511393099613
2023-06-22,0.9345682602106797
2023-06-23,0.9718827285214651
2023-06-26,0.9921912376658475
2023-06-27,0.0
2023-06-28,0.0
2023-06-29,0.0
2023-06-30,0.0
2023-07-03,0.0
2023-07-05,0.0
2023-07-06,0.0
2023-07-07,0.0
2023-07-10,0.0
2023-07-11,0.0
2023-07-12,0.0
2023-07-13,9.992007221626409e-15
2023-07-14,0.21198441657920397
2023-07-17,0.5041921220581962
2023-07-18,0.6471987397513475
2023-07-19,0.7632727412027462
2023-07-20,0.7711340046441184
2023-07-21,0.8061713067557155
2023-07-24,0.8454306622200827
2023-07-25,0.9024116449885904
2023-07-26,0.9428881253781134
2023-07-27,0.8217034580099303
2023-07-28,0.6677164483942151
2023-07-31,0.42457153562731476
2023-08-01,0.19934813582448774
2023-08-02,-0.1913876206541849
2023-08-03,-0.40177548576456346
2023-08-04,-0.6186990393619825
2023-08-07,-0.7392829344689362
2023-08-08,-0.8395328823487727
2023-08-09,-0.9042303402749328
2023-08-10,-0.9314797858424586
2023-08-11,-0.9393204413292591
2023-08-14,-0.9434624438427959
2023-08-15,-0.9360727614885573
2023-08-16,-0.9288377521344469
2023-08-17,-0.9561144208494059
2023-08-18,-0.9674648916678679
2023-08-21,-0.969283786337561
2023-08-22,-0.9801793184412273
2023-08-23,-0.9801542576945139
2023-08-24,-0.9868240055263113
2023-08-25,-0.9925492822841149
2023-08-28,0.0
2023-08-29,0.0
2023-08-30,0.0
2023-08-31,0.0
2023-09-01,0.0
2023-09-05,0.0
2023-09-06,0.0
2023-09-07,0.0
2023-09-08,0.0
2023-09-11,0.0
2023-09-12,0.0
2023-09-13,-7.549516567451064e-15
2023-09-14,-0.03809249609509191
2023-09-15,-0.2937463788882335
2023-09-18,-0.5200393660939893
2023-09-19,-0.6921050227013179
2023-09-20,-0.6339104836690761
2023-09-21,-0.7922917170388173
2023-09-22,-0.8307514722364104
2023-09-25,-0.8760899634395691
2023-09-26,-0.9659334417775158
2023-09-27,-0.9926950529269902
2023-09-28,0.0
2023-09-29,0.0
2023-10-02,0.0
2023-10-03,0.0
2023-10-04,0.0
2023-10-05,0.0
2023-10-06,0.0
2023-10-09,0.0
2023-10-10,0.0
2023-10-11,0.0
2023-10-12,0.0
2023-10-13,1.532107773982716e-14
2023-10-16,0.6272306049862142
2023-10-17,0.9174019961566013
2023-10-18,0.9697678395898222
2023-10-19,0.9370026461489602
2023-10-20,0.921377058756522
2023-10-23,0.7156903833958905
2023-10-24,0.2240904198660445
2023-10-25,-0.3129156286414745
2023-10-26,-0.11983721728660712
2023-10-27,0.11514078831181229
2023-10-30,0.4043995973178538
2023-10-31,0.6350226960756828
2023-11-01,0.8756434376893272
2023-11-02,0.9711681330415805
2023-11-03,0.9961764158989086
2023-11-06,0.0
2023-11-07,0.0
2023-11-08,0.0
2023-11-09,0.0
2023-11-10,0.0
2023-11-13,0.0
2023-11-14,0.0
2023-11-15,0.0
2023-11-16,0.0
2023-11-17,0.0
2023-11-20,0.0
2023-11-21,1.9761969838327786e-14
2023-11-22,0.3135473186584181
2023-11-24,0.492339270783994
2023-11-27,0.5760971604320524
2023-11-28,0.5679246299072631
2023-11-29,0.5086425870918019
2023-11-30,0.5743944282442288
2023-12-01,0.6086421831310815
2023-12-04,0.6708037888379785
2023-12-05,0.669935559516095
2023-12-06,0.7405820637990179
2023-12-07,0.46170977378003064
2023-12-08,-0.02831428462225083
2023-12-11,-0.20904438917502177
2023-12-12,-0.2679913549544146
2023-12-13,-0.16761420333811028
2023-12-14,-0.5154004436606785
2023-12-15,-0.7543271002963263
2023-12-18,-0.8530906928865827
2023-12-19,-0.9023793515684673
2023-12-20,-0.9647300694106202
2023-12-21,-0.9841771807584154
2023-12-22,-0.994994616818216
2023-12-26,0.0
2023-12-27,0.0
2023-12-28,0.0
2023-12-29,0.0
2024-01-02,0.0
2024-01-03,0.0
2024-01-04,0.0
2024-01-05,0.0
2024-01-08,0.0
2024-01-09,0.0
2024-01-10,0.0
2024-01-11,1.2434497875801753e-14
2024-01-12,0.3899288553853746
2024-01-16,0.9751522086351068
2024-01-17,0.9999126045536411
2024-01-18,0.0
2024-01-19,0.0
2024-01-22,0.0
2024-01-23,0.0
2024-01-24,0.0
2024-01-25,0.0
2024-01-26,0.0
2024-01-29,0.0
2024-01-30,0.0
2024-01-31,0.0
2024-02-01,0.0
2024-02-02,0.0
2024-02-05,0.5322502729135197
2024-02-06,0.8060612225619677
2024-02-07,0.9739319811166423
2024-02-08,0.9475827277125786
2024-02-09,0.9272376502160427
2024-02-12,0.905515171946855
2024-02-13,0.9361288248365283
2024-02-14,0.9755722188116138
2024-02-15,0.9906513954045897
2024-02-16,0.0
2024-02-20,0.0
2024-02-21,0.0
2024-02-22,0.0
2024-02-23,0.0
2024-02-26,0.0
2024-02-27,0.0
2024-02-28,0.0
2024-02-29,0.0
2024-03-01,0.0
2024-03-04,0.0
2024-03-05,9.992007221626409e-15
2024-03-06,0.16305247925157396
2024-03-07,0.3853954199475438
2024-03-08,0.5234559257890619
2024-03-11,0.6488418409954233
2024-03-12,0.7872086737610586
2024-03-13,0.8958399196479996
2024-03-14,0.9698110315839332
2024-03-15,0.9917351458006398
2024-03-18,0.0
2024-03-19,0.0
2024-03-20,0.0
2024-03-21,0.0
2024-03-22,0.0
2024-03-25,0.0
2024-03-26,0.0
2024-03-27,0.0
2024-03-28,0.0
2024-04-01,0.0
2024-04-02,0.0
2024-04-03,-1.354472090042691e-14
2024-04-04,-0.5431695953993889
2024-04-05,-0.7306784228334506
2024-04-08,-0.8957956687097077
2024-04-09,-0.979153908257524
2024-04-10,-0.9973117732003689
2024-04-11,0.0
2024-04-12,0.0
2024-04-15,0.0
2024-04-16,0.0
2024-04-17,0.0
2024-04-18,0.0
2024-04-19,0.0
2024-04-22,0.0
2024-04-23,0.0
2024-04-24,0.0
2024-04-25,0.0
2024-04-26,0.0
2024-04-29,-0.5187665572326834
2024-04-30,-0.9144400962567036
2024-05-01,-0.9946660481441638
2024-05-02,0.0
2024-05-03,0.0
2024-05-06,0.0
2024-05-07,0.0
2024-05-08,0.0
2024-05-09,0.0
2024-05-10,0.0
2024-05-13,0.0
2024-05-14,0.0
2024-05-15,0.0
2024-05-16,0.0
2024-05-17,2.6867397195928788e-14
2024-05-20,-0.5324666151056434
2024-05-21,-0.8356714201470723
2024-05-22,-0.9689860993126436
2024-05-23,-0.9993434972515254
2024-05-24,0.0
2024-05-28,0.0
2024-05-29,0.0
2024-05-30,0.0
2024-05-31,0.0
2024-06-03,0.0
2024-06-04,0.0
2024-06-05,0.0
2024-06-06,0.0
2024-06-07,0.0
2024-06-10,0.0
2024-06-11,1.4654943925052066e-14
2024-06-12,0.48806855455363785
2024-06-13,0.7268340430821114
2024-06-14,0.9160372332126934
2024-06-17,0.9972076295864116
2024-06-18,0.0
2024-06-20,0.0
2024-06-21,0.0
2024-06-24,0.0
2024-06-25,0.0
2024-06-26,0.0
2024-06-27,0.0
2024-06-28,0.0
2024-07-01,0.0
2024-07-02,0.0
2024-07-03,0.0
2024-07-05,0.0
2024-07-08,-0.27412695079822
2024-07-09,-0.5517516504169377
2024-07-10,-0.6821714484567547
2024-07-11,-0.759336319937272
2024-07-12,-0.7937055273419431
2024-07-15,-0.8154350454612824
2024-07-16,-0.8313180055233664
2024-07-17,-0.8453785578308504
2024-07-18,-0.8937114351334996
2024-07-19,-0.9036946542488984
2024-07-22,-0.8862772807501731
2024-07-23,-0.8849066895912432
2024-07-24,-0.8802900210292561
2024-07-25,-0.762355602340375
2024-07-26,-0.5009805388720885
2024-07-29,-0.09992694757315013
2024-07-30,0.4430164280409299
2024-07-31,0.754614365878989
2024-08-01,0.9236182392969459
2024-08-02,0.9832056647909988
2024-08-05,0.9941383706118325
2024-08-06,0.0
2024-08-07,0.0
2024-08-08,0.0
2024-08-09,0.0
2024-08-12,0.0
2024-08-13,0.0
2024-08-14,0.0
2024-08-15,0.0
2024-08-16,0.0
2024-08-19,0.0
2024-08-20,0.0
2024-08-21,2.4424906541753444e-14
2024-08-22,0.18147147603613245
2024-08-23,0.05805070165357851
2024-08-26,0.03698716598068219
2024-08-27,0.2001797957634357
2024-08-28,0.5644463526824621
2024-08-29,0.7958033421500335
2024-08-30,0.8641173694656765
2024-09-03,0.941639719931342
2024-09-04,0.9786201578229876
2024-09-05,0.9928118107845092
2024-09-06,0.0
2024-09-09,0.0
2024-09-10,0.0
2024-09-11,0.0
2024-09-12,0.0
2024-09-13,0.0
2024-09-16,0.0
2024-09-17,0.0
2024-09-18,0.0
2024-09-19,0.0
2024-09-20,0.0
2024-09-23,2.6201263381153694e-14
2024-09-24,0.20316155890054954
2024-09-25,0.6729518493436131
2024-09-26,0.9744057265269452
2024-09-27,0.9968571368858814
2024-09-30,0.0
2024-10-01,0.0
2024-10-02,0.0
2024-10-03,0.0
2024-10-04,0.0
2024-10-07,0.0
2024-10-08,0.0
2024-10-09,0.0
2024-10-10,0.0
2024-10-11,0.0
2024-10-14,0.0
2024-10-15,0.0
2024-10-16,0.36866198901248093
2024-10-17,0.6852594555664364
2024-10-18,0.8891411563282814
2024-10-21,0.9762435998449337
2024-10-22,0.9931113486736547
2024-10-23,0.0
2024-10-24,0.0
2024-10-25,0.0
2024-10-28,0.0
2024-10-29,0.0
2024-10-30,0.0
2024-10-31,0.0
2024-11-01,0.0
2024-11-04,0.0
2024-11-05,0.0
2024-11-06,0.0
2024-11-07,0.0
2024-11-08,0.27319595721618173
2024-11-11,0.5638801847925179
2024-11-12,0.7915588056700642
2024-11-13,0.9154664951734524
2024-11-14,0.9584726614669263
2024-11-15,0.974942158170987
2024-11-18,0.9861501705366318
2024-11-19,0.9889471046713585
2024-11-20,0.9884409420153082
2024-11-21,0.9915889547263219
2024-11-22,0.0
2024-11-25,0.0
2024-11-26,0.0
2024-11-27,0.0
2024-11-29,0.0
2024-12-02,0.0
2024-12-03,0.0
2024-12-04,0.0
2024-12-05,0.0
2024-12-06,0.0
2024-12-09,0.0
2024-12-10,0.0
2024-12-11,0.46552374345607306
2024-12-12,0.7758107475404739
2024-12-13,0.9268820723381272
2024-12-16,0.9780657592119195
2024-12-17,0.9742860409156588
2024-12-18,0.9107494017021602
2024-12-19,0.6632625369648131
2024-12-20,0.2827520529803864
2024-12-23,-0.35164561138427963
2024-12-24,-0.6532130550413267
2024-12-26,-0.9114821522953596
2024-12-27,-0.9911935033990953
2024-12-30,0.0
2024-12-31,0.0
2025-01-02,0.0
2025-01-03,0.0
2025-01-06,0.0
2025-01-07,0.0
2025-01-08,0.0
2025-01-10,0.0
2025-01-13,0.0
2025-01-14,0.0
2025-01-15,0.0
2025-01-16,-1.9761969838327786e-14
2025-01-17,0.3709569742890271
2025-01-21,0.887320993966273
2025-01-22,0.9912521221360049
2025-01-23,0.0
2025-01-24,0.0
2025-01-27,0.0
2025-01-28,0.0
2025-01-29,0.0
2025-01-30,0.0
2025-01-31,0.0
2025-02-03,0.0
2025-02-04,0.0
2025-02-05,0.0
2025-02-06,0.0
2025-02-07,0.0
2025-02-10,0.06553814787250145
2025-02-11,0.22390603806287968
2025-02-12,0.3660184879907955
2025-02-13,0.54811794426961
2025-02-14,0.6177793275924914
2025-02-18,0.5796320741538565
2025-02-19,0.5418426640114604
2025-02-20,0.5807454169801614
2025-02-21,0.5786746076702176
2025-02-24,0.623378815606674
2025-02-25,0.7638144746907884
2025-02-26,0.8265210887822811
2025-02-27,0.9083957884129537
2025-02-28,0.9672162963151116
2025-03-03,0.9901665525630303
2025-03-04,0.0
2025-03-05,0.0
2025-03-06,0.0
2025-03-07,0.0
2025-03-10,0.0
2025-03-11,0.0
2025-03-12,0.0
2025-03-13,0.0
2025-03-14,0.0
2025-03-17,0.0
2025-03-18,0.0
2025-03-19,0.0
2025-03-20,0.1454252885790126
2025-03-21,0.2319667220276831
2025-03-24,0.5329441810987592
2025-03-25,0.8076143554424364
2025-03-26,0.944858705506153
2025-03-27,0.997620985680612
2025-03-28,0.0
2025-03-31,0.0
2025-04-01,0.0
2025-04-02,0.0
2025-04-03,0.0
2025-04-04,0.0
2025-04-07,0.0
2025-04-08,0.0
2025-04-09,0.0
2025-04-10,0.0
2025-04-11,0.0
2025-04-14,-2.4424906541753444e-15
2025-04-15,0.03520752339485944
2025-04-16,-0.10570575178900188
2025-04-17,-0.10451486508098529
2025-04-21,-0.20986302567027448
2025-04-22,-0.1938929943845089
2025-04-23,-0.236448464178028
2025-04-24,-0.39085812406541764
2025-04-25,-0.5403380265050095
2025-04-28,-0.5957520787971049
2025-04-29,-0.5611987254768527
2025-04-30,-0.4755765540693706
2025-05-01,-0.4123937354938336
2025-05-02,-0.3534541431552536
2025-05-05,-0.36153943935487787
2025-05-06,-0.3710608263660884
2025-05-07,-0.4077064534014836
2025-05-08,-0.4952703372193432
2025-05-09,-0.5750972480323842
2025-05-12,-0.6879010344919416
2025-05-13,-0.8057069332493245
2025-05-14,-0.8802362631060339
2025-05-15,-0.8950329059512552
2025-05-16,-0.8985388824734064
2025-05-19,-0.8914389023224332
2025-05-20,-0.8911669838218816
2025-05-21,-0.9039943052216413
2025-05-22,-0.9192719814606949
2025-05-23,-0.9265194564409245
2025-05-27,-0.940120076654146
2025-05-28,-0.9529556483260504
2025-05-29,-0.9649970419292526
2025-05-30,-0.9701196379298198
2025-06-02,-0.9737409567526925
2025-06-03,-0.9766234874917665
2025-06-04,-0.9802364697289951
2025-06-05,-0.9824532001245367
2025-06-06,-0.9835188442201979
2025-06-09,-0.9883527644638712
2025-06-10,-0.9892678448831498
2025-06-11,-0.9923133566723605
2025-06-12,0.0
2025-06-13,0.0
2025-06-16,0.0
2025-06-17,0.0
2025-06-18,0.0
2025-06-20,0.0
2025-06-23,0.0
2025-06-24,0.0
2025-06-25,0.0
2025-06-26,0.0
2025-06-27,0.0
2025-06-30,-1.4432899320127035e-14
2025-07-01,0.23036883263300423
2025-07-02,0.2244800696177094
2025-07-03,0.5394172626152434
2025-07-07,0.8553791506466657
2025-07-08,0.9446552220995437
2025-07-09,0.9890772649637729
2025-07-10,0.9980740600952329
2025-07-11,0.0
2025-07-14,0.0
2025-07-15,0.0
2025-07-16,0.0
2025-07-17,0.0
2025-07-18,0.0
2025-07-21,0.0
2025-07-22,0.0
2025-07-23,0.0
2025-07-24,0.0
2025-07-25,0.0
2025-07-28,-4.884981308350689e-15
2025-07-29,0.3875373063090197
2025-07-30,0.6946636617359143
2025-07-31,0.8399574563251879
2025-08-01,0.9339142215262872
2025-08-04,0.9858633406644242
2025-08-05,0.998152002140354
2025-08-06,0.0
2025-08-07,0.0
2025-08-08,0.0
2025-08-11,0.0
2025-08-12,0.0
2025-08-13,0.0
2025-08-14,0.0
2025-08-15,0.0
2025-08-18,0.0
2025-08-19,0.0
2025-08-20,0.0
2025-08-21,-1.2656542480726785e-14
2025-08-22,-0.10718704317143124
2025-08-25,-0.17273188839566367
2025-08-26,-0.09420544133926012
2025-08-27,0.14749652722140238
2025-08-28,0.3529008433875642
2025-08-29,0.4801813304708398
2025-09-02,0.5228165647390988
2025-09-03,0.640372375287158
2025-09-04,0.828019996629735
2025-09-05,0.9205908573317594
2025-09-08,0.9853752861226155
2025-09-09,0.9986436721575991
2025-09-10,0.0
2025-09-11,0.0
2025-09-12,0.0
2025-09-15,0.0
2025-09-16,0.0
2025-09-17,0.0
2025-09-18,0.0
2025-09-19,0.0
2025-09-22,0.0
2025-09-23,0.0
2025-09-24,0.0
2025-09-25,-6.439293542825908e-15
2025-09-26,0.16408452053667788
2025-09-29,0.48626619339484556
2025-09-30,0.7342656451620433
2025-10-01,0.7681132285371346
2025-10-02,0.7545233824603641
2025-10-03,0.7297277288450439
2025-10-06,0.5898103111607123
2025-10-07,0.271525503624791
2025-10-08,-0.20636838780116884
2025-10-09,-0.6765609573065761
2025-10-10,-0.8228354201664883
2025-10-13,-0.890235791160721
2025-10-14,-0.9308106083743344
2025-10-15,-0.9681868033262426
2025-10-16,-0.9902458096045745
2025-10-17,0.0
2025-10-20,0.0
2025-10-21,0.0
2025-10-22,0.0
2025-10-23,0.0
2025-10-24,0.0
2025-10-27,0.0
2025-10-28,0.0
2025-10-29,0.0
2025-10-30,0.0
2025-10-31,0.0
2025-11-03,-3.9968028886505635e-15
2025-11-04,-0.23481458666229948
2025-11-05,-0.37272897995722265
2025-11-06,-0.4878258649607914
2025-11-07,-0.4884728941074816
2025-11-10,-0.4405555823830849
2025-11-11,-0.33671990103253013
2025-11-12,-0.291711881231139
2025-11-13,-0.23480785088700018
2025-11-14,-0.15636022753959766
2025-11-17,-0.0410351492983696
2025-11-18,0.007954604601794868
2025-11-19,0.07307051420739152
2025-11-20,0.14988394810918537
2025-11-21,0.2864026081143387
2025-11-24,0.350859618568945
2025-11-25,0.501198319799169
2025-11-26,0.6305825429148051
2025-11-28,0.7381572115224917
2025-12-01,0.8112856449949095
2025-12-02,0.8460847668996063
2025-12-03,0.8582209619317123
2025-12-04,0.8808737934740274
2025-12-05,0.8933936551876824
2025-12-08,0.8965020964285013
2025-12-09,0.8529118980542736
2025-12-10,0.7872883392194829
2025-12-11,0.7126444515949304
2025-12-12,0.6285303038658419
2025-12-15,0.5626521887144886
2025-12-16,0.4229138514306734
2025-12-17,0.26729545863979554
2025-12-18,0.06528860358732858
2025-12-19,-0.16445675617710864
2025-12-22,-0.3524773561178891
2025-12-23,-0.508125728810441
2025-12-24,-0.6309357516362843
2025-12-26,-0.7335938684601946
2025-12-29,-0.8199210297903601
2025-12-30,-0.8855306584146054
2025-12-31,-0.9316666198011614
2026-01-02,-0.9641807975733994
2026-01-05,-0.9817375559983617
2026-01-06,-0.9913278916654591
2026-01-07,0.0
2026-01-08,0.0
2026-01-09,0.0
2026-01-12,0.0
2026-01-13,0.0
2026-01-14,0.0
2026-01-15,0.0
2026-01-16,0.0
2026-01-20,0.0
2026-01-21,0.0
2026-01-22,0.0
2026-01-23,0.0
2026-01-26,0.399496513033903
2026-01-27,0.7049246947890564
2026-01-28,0.8920885681109005
2026-01-29,0.9424761315870054
2026-01-30,0.9672682774767456
2026-02-02,0.979907548395611
2026-02-03,0.9848045586798155
2026-02-04,0.9874803727575872
2026-02-05,0.9755278230721014
2026-02-06,0.9662291026740895
2026-02-09,0.9407411474709071
2026-02-10,0.9137244048192603
2026-02-11,0.8908599544817624
2026-02-12,0.8845407819046753
2026-02-13,0.9013952648265298
2026-02-17,0.850520108669512
2026-02-18,0.7884392999315353
2026-02-19,0.7541812860040609
2026-02-20,0.6971246778082281
2026-02-23,0.695166208265219
2026-02-24,0.6610546575925769
2026-02-25,0.518706277919817
2026-02-26,0.34925850154493565
2026-02-27,0.28607526855934906
2026-03-02,0.2760918264456036
2026-03-03,0.21305276946740426
2026-03-04,0.16894790721722464
2026-03-05,0.12963921211747342
2026-03-06,0.10205772490701981
2026-03-09,0.07549250020784481
2026-03-10,0.05400009554423213
2026-03-11,0.018653262624058753
2026-03-12,-0.07822365541657472
2026-03-13,-0.23286990571781097
2026-03-16,-0.4166325268733979
2026-03-17,-0.6063633962857973
2026-03-18,-0.7851021126530657
2026-03-19,-0.8925329903659431
2026-03-20,-0.954907347055562
2026-03-23,-0.9795603383166529
2026-03-24,-0.992257238605919
2026-03-25,0.0
2026-03-26,0.0
2026-03-27,0.0
2026-03-30,0.0
2026-03-31,0.0
2026-04-01,0.0
2026-04-02,0.0
2026-04-06,0.0
2026-04-07,0.0
2026-04-08,0.0
2026-04-09,0.0
2026-04-10,-3.1086244689504383e-15
2026-04-13,0.3708205121203241
2026-04-14,0.5820567773301326
2026-04-15,0.7434353432302041
2026-04-16,0.7829451286074463
2026-04-17,0.8795248168329601
2026-04-20,0.9037263473718022
2026-04-21,0.9518442504182343
2026-04-22,0.9783658625861162
2026-04-23,0.9863567823457269
2026-04-24,0.9908973758694546
2026-04-27,0.0
2026-04-28,0.0
2026-04-29,0.0
2026-04-30,0.0
2026-05-01,0.0
2026-05-04,0.0
2026-05-05,0.0
2026-05-06,0.0
2026-05-07,0.0
2026-05-08,0.0
2026-05-11,0.0
2026-05-12,3.9968028886505635e-15
2026-05-13,-0.3589080065675998
2026-05-14,-0.6322057315825624
2026-05-15,-0.8477538677530954
2026-05-18,-0.889982027809306
2026-05-19,-0.9178193358543201
2026-05-20,-0.93464262879698
2026-05-21,-0.9466310522420684
2026-05-22,-0.961786977407429
2026-05-26,-0.9824151862885173
2026-05-27,-0.9938037900839345
2026-05-28,0.0
2026-05-29,0.0
2026-06-01,0.0
2026-06-02,0.0
2026-06-03,0.0
2026-06-04,0.0
2026-06-05,0.0
2026-06-08,0.0
2026-06-09,0.0
2026-06-10,0.0
2026-06-11,0.0
2026-06-12,-1.9984014443252818e-15
2026-06-15,0.1997406508807109
2026-06-16,0.42186435796394006
2026-06-17,0.36859279372997
2026-06-18,0.13566262121399486
2026-06-22,-0.23445614182540986
2026-06-23,-0.35877870189013294
2026-06-24,-0.44202537630418526
2026-06-25,-0.5909045235420551
2026-06-26,-0.5167372053795787
2026-06-29,-0.38536166701156427
2026-06-30,-0.055282424355152404
2026-07-01,0.3262452636771147
2026-07-02,0.4473026352511247
2026-07-06,0.03245616416190833
2026-07-07,-0.1651153031438135
2026-07-08,-0.4785792221655829
2026-07-09,-0.703062150324933
2026-07-10,-0.8071984243894454
2026-07-13,-0.8512346738471277
2026-07-14,-0.9192567740935982
2026-07-15,-0.9817631074860953
2026-07-16,-0.9903740979415385
2026-07-17,0.0
2026-07-20,0.0
2026-07-21,0.0
2026-07-22,0.0
2026-07-23,0.0
2026-07-24,0.0
2026-07-27,0.0
