2005-01-03,0.0
2005-01-04,0.0
2005-01-05,0.0
2005-01-06,0.0
2005-01-07,0.0
2005-01-10,0.0
2005-01-11,0.0
2005-01-12,0.0
2005-01-13,0.0
2005-01-14,0.0
2005-01-18,0.0
2005-01-19,0.0
2005-01-20,0.2094336095203102
2005-01-21,0.020036932446698685
2005-01-24,-0.11351975037423823
2005-01-25,0.0028642980981834487
2005-01-26,0.4540225312584467
2005-01-27,0.7894098040726405
2005-01-28,0.8898184910975084
2005-01-31,0.9459161136595577
2005-02-01,0.9702833193589089
2005-02-02,0.9959392532943834
2005-02-03,0.0
2005-02-04,0.0
2005-02-07,0.0
2005-02-08,0.0
2005-02-09,0.0
2005-02-10,0.0
2005-02-11,0.0
2005-02-14,0.0
2005-02-15,0.0
2005-02-16,0.0
2005-02-17,0.0
2005-02-18,-3.9968028886505635e-15
2005-02-22,0.06456302986443441
2005-02-23,0.0074487586066060985
2005-02-24,-0.00268226586081477
2005-02-25,0.1742237142541625
2005-02-28,0.22873911851802742
2005-03-01,0.4825266555371235
2005-03-02,0.6029923876113088
2005-03-03,0.736814325427922
2005-03-04,0.8991486947797458
2005-03-07,0.9710246038044748
2005-03-08,0.9889228439447839
2005-03-09,0.9944044364012885
2005-03-10,0.0
2005-03-11,0.0
2005-03-14,0.0
2005-03-15,0.0
2005-03-16,0.0
2005-03-17,0.0
2005-03-18,0.0
2005-03-21,0.0
2005-03-22,0.0
2005-03-23,0.0
2005-03-24,0.0
2005-03-28,8.215650382226158e-15
2005-03-29,-0.16438399829555794
2005-03-30,-0.10728998936521039
2005-03-31,-0.15496352123993762
2005-04-01,-0.29658860336665116
2005-04-04,-0.3944584079305924
2005-04-05,-0.37024422064262485
2005-04-06,-0.3905475661975646
2005-04-07,-0.29320042883151753
2005-04-08,-0.20204618355639958
2005-04-11,-0.18066449153016606
2005-04-12,-0.02576750853029397
2005-04-13,0.0576374409650704
2005-04-14,0.12872566109471628
2005-04-15,-0.018000009630970704
2005-04-18,-0.24287452910133878
2005-04-19,-0.0852695942675088
2005-04-20,-0.06616191437602836
2005-04-21,-0.021912968122999033
2005-04-22,0.05895826957826533
2005-04-25,0.26942376273817614
2005-04-26,0.5115847960969417
2005-04-27,0.6771119000091539
2005-04-28,0.7839050707900079
2005-04-29,0.9108711229796536
2005-05-02,0.9713691579168506
2005-05-03,0.9934519113348537
2005-05-04,0.0
2005-05-05,0.0
2005-05-06,0.0
2005-05-09,0.0
2005-05-10,0.0
2005-05-11,0.0
2005-05-12,0.0
2005-05-13,0.0
2005-05-16,0.0
2005-05-17,0.0
2005-05-18,0.0
2005-05-19,2.0650148258027912e-14
2005-05-20,0.3851723745645175
2005-05-23,0.6385724986405332
2005-05-24,0.8163031144938397
2005-05-25,0.8991250289252255
2005-05-26,0.9461448937355816
2005-05-27,0.9739694954592484
2005-05-31,0.9799397518223525
2005-06-01,0.9834815738787688
2005-06-02,0.9900624673350891
2005-06-03,0.0
2005-06-06,0.0
2005-06-07,0.0
2005-06-08,0.0
2005-06-09,0.0
2005-06-10,0.0
2005-06-13,0.0
2005-06-14,0.0
2005-06-15,0.0
2005-06-16,0.0
2005-06-17,0.0
2005-06-20,0.0
2005-06-21,-0.06744850387305457
2005-06-22,-0.4029481461321549
2005-06-23,-0.8532801348460373
2005-06-24,-0.9995446842990108
2005-06-27,0.0
2005-06-28,0.0
2005-06-29,0.0
2005-06-30,0.0
2005-07-01,0.0
2005-07-05,0.0
2005-07-06,0.0
2005-07-07,0.0
2005-07-08,0.0
2005-07-11,0.0
2005-07-12,0.0
2005-07-13,1.0658141036401503e-14
2005-07-14,0.3657413511207859
2005-07-15,0.6076435619002718
2005-07-18,0.7375524462879692
2005-07-19,0.8904522023395001
2005-07-20,0.9598552539813396
2005-07-21,0.995147055179685
2005-07-22,0.0
2005-07-25,0.0
2005-07-26,0.0
2005-07-27,0.0
2005-07-28,0.0
2005-07-29,0.0
2005-08-01,0.0
2005-08-02,0.0
2005-08-03,0.0
2005-08-04,0.0
2005-08-05,0.0
2005-08-08,4.6629367034256575e-15
2005-08-09,0.04242237503784008
2005-08-10,-0.04733176784523718
2005-08-11,-5.574686774423299e-07
2005-08-12,-0.270446750142189
2005-08-15,-0.5161905514252467
2005-08-16,-0.7722941568725696
2005-08-17,-0.9068381407755564
2005-08-18,-0.9522431545595826
2005-08-19,-0.9105540243564123
2005-08-22,-0.8686078152675671
2005-08-23,-0.831997306496489
2005-08-24,-0.8604250417170665
2005-08-25,-0.8869896581360157
2005-08-26,-0.9329251638056699
2005-08-29,-0.9309831347444946
2005-08-30,-0.9688876135681816
2005-08-31,-0.9675447157004224
2005-09-01,-0.97143389528937
2005-09-02,-0.9741298880276787
2005-09-06,-0.9469259346874306
2005-09-07,-0.8862286937165906
2005-09-08,-0.8477582122401806
2005-09-09,-0.8397498293785679
2005-09-12,-0.7983708394994413
2005-09-13,-0.809351183426176
2005-09-14,-0.8411667810858257
2005-09-15,-0.853858168415768
2005-09-16,-0.8920625015039156
2005-09-19,-0.9244713705685297
2005-09-20,-0.969183612829992
2005-09-21,-0.9954178432486431
2005-09-22,0.0
2005-09-23,0.0
2005-09-26,0.0
2005-09-27,0.0
2005-09-28,0.0
2005-09-29,0.0
2005-09-30,0.0
2005-10-03,0.0
2005-10-04,0.0
2005-10-05,0.0
2005-10-06,0.0
2005-10-07,-1.176836406102666e-14
2005-10-10,-0.38517849846068364
2005-10-11,-0.7660160838716426
2005-10-12,-0.9267453126598713
2005-10-13,-0.9814987576721554
2005-10-14,-0.9923900319148056
2005-10-17,0.0
2005-10-18,0.0
2005-10-19,0.0
2005-10-20,0.0
2005-10-21,0.0
2005-10-24,0.0
2005-10-25,0.0
2005-10-26,0.0
2005-10-27,0.0
2005-10-28,0.0
2005-10-31,0.0
2005-11-01,0.0
2005-11-02,0.16690692932947848
2005-11-03,0.331467901507412
2005-11-04,0.33466604463778427
2005-11-07,0.3918133973530138
2005-11-08,0.3171300922448794
2005-11-09,0.26361664537702945
2005-11-10,0.370955272380753
2005-11-11,0.558514655851764
2005-11-14,0.6501733593174639
2005-11-15,0.693566165909127
2005-11-16,0.6444634777194747
2005-11-17,0.5024538511616985
2005-11-18,0.46761572117751804
2005-11-21,0.4148120446438637
2005-11-22,0.4319016965474367
2005-11-23,0.5503848050585558
2005-11-25,0.6882204388592306
2005-11-28,0.7881672696477771
2005-11-29,0.9200913127234187
2005-11-30,0.9608370955069494
2005-12-01,0.9851825845120599
2005-12-02,0.9947462003299461
2005-12-05,0.0
2005-12-06,0.0
2005-12-07,0.0
2005-12-08,0.0
2005-12-09,0.0
2005-12-12,0.0
2005-12-13,0.0
2005-12-14,0.0
2005-12-15,0.0
2005-12-16,0.0
2005-12-19,0.0
2005-12-20,7.771561172376096e-15
2005-12-21,-0.1391022661501955
2005-12-22,-0.24037856838092608
2005-12-23,-0.3723337347853326
2005-12-27,-0.5341969422615132
2005-12-28,-0.7005806476257903
2005-12-29,-0.8388541711088733
2005-12-30,-0.9369741781541887
2006-01-03,-0.961621151225992
2006-01-04,-0.9787270129133054
2006-01-05,-0.9858551610719797
2006-01-06,-0.9861310847848455
2006-01-09,-0.9835741366755495
2006-01-10,-0.9800843767491896
2006-01-11,-0.9757799424833422
2006-01-12,-0.9760546571785613
2006-01-13,-0.978814578516267
2006-01-17,-0.9852556468920926
2006-01-18,-0.9915548948433786
2006-01-19,0.0
2006-01-20,0.0
2006-01-23,0.0
2006-01-24,0.0
2006-01-25,0.0
2006-01-26,0.0
2006-01-27,0.0
2006-01-30,0.0
2006-01-31,0.0
2006-02-01,0.0
2006-02-02,0.0
2006-02-03,-5.773159728050814e-15
2006-02-06,-0.0862939860544556
2006-02-07,-0.1296342319821846
2006-02-08,-0.09267065164545074
2006-02-09,-0.14434429820733619
2006-02-10,-0.13495386402506981
2006-02-13,-0.2712094901236217
2006-02-14,-0.19967991105171468
2006-02-15,-0.13035966261524923
2006-02-16,0.01900404270902989
2006-02-17,0.223562517815602
2006-02-21,0.42207758190554867
2006-02-22,0.6354145516726182
2006-02-23,0.7790503515770257
2006-02-24,0.8912492351848584
2006-02-27,0.9624287732723851
2006-02-28,0.9805961885822561
2006-03-01,0.9932181004250804
2006-03-02,0.0
2006-03-03,0.0
2006-03-06,0.0
2006-03-07,0.0
2006-03-08,0.0
2006-03-09,0.0
2006-03-10,0.0
2006-03-13,0.0
2006-03-14,0.0
2006-03-15,0.0
2006-03-16,0.0
2006-03-17,2.886579864025407e-15
2006-03-20,0.28753429159391963
2006-03-21,0.4777024630255684
2006-03-22,0.6334008354954657
2006-03-23,0.6731136310729884
2006-03-24,0.7573360635655022
2006-03-27,0.7800608233379394
2006-03-28,0.763359143273022
2006-03-29,0.7470358549213305
2006-03-30,0.723919187313363
2006-03-31,0.6516986368474962
2006-04-03,0.5726960164683252
2006-04-04,0.5388544499278458
2006-04-05,0.4737790376733506
2006-04-06,0.3392508677641386
2006-04-07,0.10206734913494309
2006-04-10,-0.09926199053745388
2006-04-11,-0.33668227475890644
2006-04-12,-0.5667714335726366
2006-04-13,-0.7214610374502932
2006-04-17,-0.8522491733869417
2006-04-18,-0.9137196337215683
2006-04-19,-0.9356313104052303
2006-04-20,-0.9478844166716818
2006-04-21,-0.9566142910117155
2006-04-24,-0.9711699559815032
2006-04-25,-0.9841239670915971
2006-04-26,-0.9882871098970241
2006-04-27,-0.9885608470970488
2006-04-28,-0.9896513568535057
2006-05-01,-0.9905560987817696
2006-05-02,0.0
2006-05-03,0.0
2006-05-04,0.0
2006-05-05,0.0
2006-05-08,0.0
2006-05-09,0.0
2006-05-10,0.0
2006-05-11,0.0
2006-05-12,0.0
2006-05-15,0.0
2006-05-16,0.0
2006-05-17,2.220446049250313e-15
2006-05-18,0.13357034820156577
2006-05-19,0.2826457553303967
2006-05-22,0.40013127801308457
2006-05-23,0.4972472838055946
2006-05-24,0.6639824554356635
2006-05-25,0.8234779726972765
2006-05-26,0.9215830837703378
2006-05-30,0.9411051309934433
2006-05-31,0.966337227430303
2006-06-01,0.9794543425335067
2006-06-02,0.9873025706493905
2006-06-05,0.9885542422839484
2006-06-06,0.9902572145789665
2006-06-07,0.0
2006-06-08,0.0
2006-06-09,0.0
2006-06-12,0.0
2006-06-13,0.0
2006-06-14,0.0
2006-06-15,0.0
2006-06-16,0.0
2006-06-19,0.0
2006-06-20,0.0
2006-06-21,0.0
2006-06-22,-2.1094237467877974e-14
2006-06-23,-0.3725849438693474
2006-06-26,-0.5670060021935011
2006-06-27,-0.9006269872933985
2006-06-28,-0.9911271531973385
2006-06-29,0.0
2006-06-30,0.0
2006-07-03,0.0
2006-07-05,0.0
2006-07-06,0.0
2006-07-07,0.0
2006-07-10,0.0
2006-07-11,0.0
2006-07-12,0.0
2006-07-13,0.0
2006-07-14,0.0
2006-07-17,-2.531308496145357e-14
2006-07-18,0.21344047264084343
2006-07-19,0.5315993863775015
2006-07-20,0.7553541845731795
2006-07-21,0.8941240917867663
2006-07-24,0.9653896825497645
2006-07-25,0.9940064657344199
2006-07-26,0.0
2006-07-27,0.0
2006-07-28,0.0
2006-07-31,0.0
2006-08-01,0.0
2006-08-02,0.0
2006-08-03,0.0
2006-08-04,0.0
2006-08-07,0.0
2006-08-08,0.0
2006-08-09,0.0
2006-08-10,1.84297022087776e-14
2006-08-11,-0.23758308807271056
2006-08-14,-0.3050124339035212
2006-08-15,-0.16796738792080257
2006-08-16,-0.028870064229026715
2006-08-17,0.012970557919199432
2006-08-18,0.12765852931262245
2006-08-21,0.16795737225306495
2006-08-22,0.3207418241598643
2006-08-23,0.41383533618058266
2006-08-24,0.573437497023328
2006-08-25,0.7023567181232804
2006-08-28,0.837916671349562
2006-08-29,0.9552791032424566
2006-08-30,0.9870054605710519
2006-08-31,0.9956828443747099
2006-09-01,0.0
2006-09-05,0.0
2006-09-06,0.0
2006-09-07,0.0
2006-09-08,0.0
2006-09-11,0.0
2006-09-12,0.0
2006-09-13,0.0
2006-09-14,0.0
2006-09-15,0.0
2006-09-18,0.0
2006-09-19,3.3084646133829665e-14
2006-09-20,-0.021796584816601516
2006-09-21,-0.3295114291473582
2006-09-22,-0.7283372518947999
2006-09-25,-0.7534416610017038
2006-09-26,-0.6270372771582242
2006-09-27,-0.4157033001374393
2006-09-28,0.06767022760820418
2006-09-29,0.27193716064729156
2006-10-02,0.2950674703276741
2006-10-03,0.36862923867538777
2006-10-04,0.6079463272648782
2006-10-05,0.7889165817585075
2006-10-06,0.8792376999692684
2006-10-09,0.8582476169584732
2006-10-10,0.6846556541482518
2006-10-11,0.4643160575252001
2006-10-12,0.1395580505655456
2006-10-13,-0.22297628148306003
2006-10-16,-0.3806307571246501
2006-10-17,-0.7528815158106112
2006-10-18,-0.8974959169931345
2006-10-19,-0.7641295876491581
2006-10-20,0.6750474131409647
2006-10-23,0.9996641801279338
2006-10-24,0.0
2006-10-25,0.0
2006-10-26,0.0
2006-10-27,0.0
2006-10-30,0.0
2006-10-31,0.0
2006-11-01,0.0
2006-11-02,0.0
2006-11-03,0.0
2006-11-06,0.0
2006-11-07,0.0
2006-11-08,-7.327471962526033e-15
2006-11-09,-0.21324653742226807
2006-11-10,-0.5521238795823968
2006-11-13,-0.8033306013608794
2006-11-14,-0.8942093908067481
2006-11-15,-0.9290324671392647
2006-11-16,-0.8427376669081881
2006-11-17,-0.6367837166749717
2006-11-20,-0.4994721064410894
2006-11-21,-0.38563443435217337
2006-11-22,-0.17913102375798529
2006-11-24,-0.11670209177182511
2006-11-27,-0.34267008094192364
2006-11-28,-0.4515656606994265
2006-11-29,-0.37405959076518847
2006-11-30,-0.1564946398846685
2006-12-01,-0.12890906024901017
2006-12-04,0.08887075692215829
2006-12-05,0.8496323584820837
2006-12-06,0.9977945044599301
2006-12-07,0.0
2006-12-08,0.0
2006-12-11,0.0
2006-12-12,0.0
2006-12-13,0.0
2006-12-14,0.0
2006-12-15,0.0
2006-12-18,0.0
2006-12-19,0.0
2006-12-20,0.0
2006-12-21,0.0
2006-12-22,8.881784197001252e-15
2006-12-26,-0.3241692314702127
2006-12-27,-0.4367307501810056
2006-12-28,-0.6646331444298874
2006-12-29,-0.9226980366790005
2007-01-03,-0.9581649440309477
2007-01-04,-0.9762647055060016
2007-01-05,-0.9968455627815345
2007-01-08,0.0
2007-01-09,0.0
2007-01-10,0.0
2007-01-11,0.0
2007-01-12,0.0
2007-01-16,0.0
2007-01-17,0.0
2007-01-18,0.0
2007-01-19,0.0
2007-01-22,0.0
2007-01-23,0.0
2007-01-24,5.995204332975845e-15
2007-01-25,-0.4254800866191939
2007-01-26,-0.771351508295695
2007-01-29,-0.9466218766396453
2007-01-30,-0.9879709226179387
2007-01-31,-0.997187998538386
2007-02-01,0.0
2007-02-02,0.0
2007-02-05,0.0
2007-02-06,0.0
2007-02-07,0.0
2007-02-08,0.0
2007-02-09,0.0
2007-02-12,0.0
2007-02-13,0.0
2007-02-14,0.0
2007-02-15,0.0
2007-02-16,2.90878432451791e-14
2007-02-20,-0.27497280317486994
2007-02-21,-0.7052067765131262
2007-02-22,-0.9689255798694931
2007-02-23,-0.9988903733790944
2007-02-26,0.0
2007-02-27,0.0
2007-02-28,0.0
2007-03-01,0.0
2007-03-02,0.0
2007-03-05,0.0
2007-03-06,0.0
2007-03-07,0.0
2007-03-08,0.0
2007-03-09,0.0
2007-03-12,0.0
2007-03-13,2.220446049250313e-15
2007-03-14,0.15312021875899773
2007-03-15,0.30287931314461014
2007-03-16,0.4685530536957545
2007-03-19,0.6295521627620473
2007-03-20,0.7931041073049454
2007-03-21,0.9355973633759582
2007-03-22,0.9837204703517297
2007-03-23,0.9957325669966255
2007-03-26,0.0
2007-03-27,0.0
2007-03-28,0.0
2007-03-29,0.0
2007-03-30,0.0
2007-04-02,0.0
2007-04-03,0.0
2007-04-04,0.0
2007-04-05,0.0
2007-04-09,0.0
2007-04-10,0.0
2007-04-11,3.552713678800501e-15
2007-04-12,0.22780114940427065
2007-04-13,0.4701096813241765
2007-04-16,0.7154878011677801
2007-04-17,0.9414544308740806
2007-04-18,0.9929022460536177
2007-04-19,0.0
2007-04-20,0.0
2007-04-23,0.0
2007-04-24,0.0
2007-04-25,0.0
2007-04-26,0.0
2007-04-27,0.0
2007-04-30,0.0
2007-05-01,0.0
2007-05-02,0.0
2007-05-03,0.0
2007-05-04,-1.1324274851176597e-14
2007-05-07,0.5399652983963503
2007-05-08,0.748107694453565
2007-05-09,0.8778842208748667
2007-05-10,0.8944445819111273
2007-05-11,0.925951988677453
2007-05-14,0.9432408762715152
2007-05-15,0.9496663736280244
2007-05-16,0.9666936941602138
2007-05-17,0.9611253266988344
2007-05-18,0.9709906165789279
2007-05-21,0.955335703108561
2007-05-22,0.9053847475224253
2007-05-23,0.80361194824025
2007-05-24,0.6285054726541119
2007-05-25,0.5478429729741352
2007-05-29,0.5290801288015818
2007-05-30,0.6840065556606976
2007-05-31,0.7901960578475582
2007-06-01,0.8478068063962989
2007-06-04,0.8812417838264437
2007-06-05,0.8829352768625649
2007-06-06,0.858116818485609
2007-06-07,0.7586700700069344
2007-06-08,0.671059337457808
2007-06-11,0.5608932699193221
2007-06-12,0.32809409621198826
2007-06-13,0.20241590569441748
2007-06-14,0.06245085554068064
2007-06-15,-0.010831600555323062
2007-06-18,-0.03940966453248729
2007-06-19,-0.15370967263830493
2007-06-20,-0.24021394304920807
2007-06-21,-0.19098774805760588
2007-06-22,-0.24609653392402908
2007-06-25,-0.2671520450593716
2007-06-26,-0.2497029369731767
2007-06-27,-0.12702827630099423
2007-06-28,0.03778895080537237
2007-06-29,0.1299838227068486
2007-07-02,0.26982794236097285
2007-07-03,0.4603348276499919
2007-07-05,0.5855411133739676
2007-07-06,0.6811688043792992
2007-07-09,0.7700159722274238
2007-07-10,0.7873359523913623
2007-07-11,0.8025673983419492
2007-07-12,0.8576930029100349
2007-07-13,0.9220854460699901
2007-07-16,0.9747522265268584
2007-07-17,0.9888251773781553
2007-07-18,0.9962166237110226
2007-07-19,0.0
2007-07-20,0.0
2007-07-23,0.0
2007-07-24,0.0
2007-07-25,0.0
2007-07-26,0.0
2007-07-27,0.0
2007-07-30,0.0
2007-07-31,0.0
2007-08-01,0.0
2007-08-02,0.0
2007-08-03,-2.4424906541753444e-15
2007-08-06,0.37669313691226947
2007-08-07,0.7050455666014472
2007-08-08,0.9691204782578133
2007-08-09,0.9986083358725324
2007-08-10,0.0
2007-08-13,0.0
2007-08-14,0.0
2007-08-15,0.0
2007-08-16,0.0
2007-08-17,0.0
2007-08-20,0.0
2007-08-21,0.0
2007-08-22,0.0
2007-08-23,0.0
2007-08-24,0.0
2007-08-27,-1.532107773982716e-14
2007-08-28,-0.4896142280550322
2007-08-29,-0.7258382054342463
2007-08-30,-0.884634091864011
2007-08-31,-0.9244744939195872
2007-09-04,-0.8891656202157232
2007-09-05,-0.9347264793656789
2007-09-06,-0.8656567799005788
2007-09-07,-0.7740207260067167
2007-09-10,-0.6581581287072971
2007-09-11,-0.07493248364491234
2007-09-12,0.6875603200089346
2007-09-13,0.9628300329030228
2007-09-14,0.9993115667675767
2007-09-17,0.0
2007-09-18,0.0
2007-09-19,0.0
2007-09-20,0.0
2007-09-21,0.0
2007-09-24,0.0
2007-09-25,0.0
2007-09-26,0.0
2007-09-27,0.0
2007-09-28,0.0
2007-10-01,0.0
2007-10-02,1.532107773982716e-14
2007-10-03,0.19375290468443906
2007-10-04,0.4376138433682284
2007-10-05,0.6627764323873695
2007-10-08,0.7800775586120339
2007-10-09,0.8675637492841886
2007-10-10,0.9223738390109775
2007-10-11,0.928850249735748
2007-10-12,0.957128410211884
2007-10-15,0.9714353041896628
2007-10-16,0.9827579789882446
2007-10-17,0.9966646996144943
2007-10-18,0.0
2007-10-19,0.0
2007-10-22,0.0
2007-10-23,0.0
2007-10-24,0.0
2007-10-25,0.0
2007-10-26,0.0
2007-10-29,0.0
2007-10-30,0.0
2007-10-31,0.0
2007-11-01,0.0
2007-11-02,1.0436096431476471e-14
2007-11-05,-0.04738697180119367
2007-11-06,0.03841455931955018
2007-11-07,-0.07800855922102312
2007-11-08,0.08622588817056864
2007-11-09,0.12794500027100608
2007-11-12,0.0025679933127042975
2007-11-13,0.07955834202525436
2007-11-14,0.2025562533159222
2007-11-15,0.3989634042767731
2007-11-16,0.6355100307795791
2007-11-19,0.7750765146689778
2007-11-20,0.8900934739301409
2007-11-21,0.9385884275284633
2007-11-23,0.9677586063403223
2007-11-26,0.9787313323832803
2007-11-27,0.9925150584743969
2007-11-28,0.0
2007-11-29,0.0
2007-11-30,0.0
2007-12-03,0.0
2007-12-04,0.0
2007-12-05,0.0
2007-12-06,0.0
2007-12-07,0.0
2007-12-10,0.0
2007-12-11,0.0
2007-12-12,0.0
2007-12-13,-1.532107773982716e-14
2007-12-14,0.3061097021192203
2007-12-17,0.0938784439151823
2007-12-18,-0.2005099333238074
2007-12-19,-0.2513937174862326
2007-12-20,-0.47163496945310524
2007-12-21,-0.44498190527140613
2007-12-24,-0.3795219050900527
2007-12-26,-0.3725289383515431
2007-12-27,-0.5487478460227777
2007-12-28,-0.6926270072915734
2007-12-31,-0.8931411535609977
2008-01-02,-0.9775096311556997
2008-01-03,-0.9929857525448362
2008-01-04,0.0
2008-01-07,0.0
2008-01-08,0.0
2008-01-09,0.0
2008-01-10,0.0
2008-01-11,0.0
2008-01-14,0.0
2008-01-15,0.0
2008-01-16,0.0
2008-01-17,0.0
2008-01-18,0.0
2008-01-22,-1.5543122344752192e-15
2008-01-23,-0.4477958885543576
2008-01-24,-0.6846426649912811
2008-01-25,-0.88719978587056
2008-01-28,-0.9545415223926634
2008-01-29,-0.9876235441985852
2008-01-30,-0.9978736073966927
2008-01-31,0.0
2008-02-01,0.0
2008-02-04,0.0
2008-02-05,0.0
2008-02-06,0.0
2008-02-07,0.0
2008-02-08,0.0
2008-02-11,0.0
2008-02-12,0.0
2008-02-13,0.0
2008-02-14,0.0
2008-02-15,0.0
2008-02-19,-0.2142940482181539
2008-02-20,-0.36634300738660186
2008-02-21,-0.5481301834427144
2008-02-22,-0.6418520225959714
2008-02-25,-0.6358396167452014
2008-02-26,-0.4882986258952009
2008-02-27,-0.1997894471842454
2008-02-28,-0.040557925022748575
2008-02-29,-0.12424059327283965
2008-03-03,-0.07494884230420529
2008-03-04,0.051812124104233526
2008-03-05,0.23860663718713693
2008-03-06,0.29188885461892156
2008-03-07,0.2927886222216407
2008-03-10,0.2563328268299929
2008-03-11,0.37528579988974675
2008-03-12,0.49798355897137414
2008-03-13,0.5659564563234722
2008-03-14,0.4138791121332508
2008-03-17,0.2760464151026303
2008-03-18,0.43748799065889465
2008-03-19,0.6465837486097694
2008-03-20,0.8709032013072253
2008-03-24,0.9662550475907812
2008-03-25,0.9942952125291067
2008-03-26,0.0
2008-03-27,0.0
2008-03-28,0.0
2008-03-31,0.0
2008-04-01,0.0
2008-04-02,0.0
2008-04-03,0.0
2008-04-04,0.0
2008-04-07,0.0
2008-04-08,0.0
2008-04-09,0.0
2008-04-10,0.0
2008-04-11,-0.28685861438744786
2008-04-14,-0.1923505280783524
2008-04-15,-0.1319247511389332
2008-04-16,0.027707322402551027
2008-04-17,-0.0446286915162577
2008-04-18,-0.3622142438608953
2008-04-21,-0.533748667300092
2008-04-22,-0.7797040079136144
2008-04-23,-0.8582778559251676
2008-04-24,-0.9179869428948186
2008-04-25,-0.9864085803110187
2008-04-28,-0.9991678198677203
2008-04-29,0.0
2008-04-30,0.0
2008-05-01,0.0
2008-05-02,0.0
2008-05-05,0.0
2008-05-06,0.0
2008-05-07,0.0
2008-05-08,0.0
2008-05-09,0.0
2008-05-12,0.0
2008-05-13,0.0
2008-05-14,9.547918011776346e-15
2008-05-15,-0.10696206932312458
2008-05-16,-0.1940128604660547
2008-05-19,-0.1983931661730236
2008-05-20,-0.2718660711664578
2008-05-21,-0.4028776632542548
2008-05-22,-0.29394114563076235
2008-05-23,-0.1306648649583655
2008-05-27,0.023595264287950446
2008-05-28,0.0018345751699260227
2008-05-29,0.04282873552141009
2008-05-30,-0.003631193744102257
2008-06-02,-0.08374002557118532
2008-06-03,-0.23811357828290647
2008-06-04,-0.3426214687966944
2008-06-05,-0.3824305540367283
2008-06-06,-0.561666556651798
2008-06-09,-0.6978727015017627
2008-06-10,-0.6573242585105001
2008-06-11,-0.6546688368307998
2008-06-12,-0.6522093968216782
2008-06-13,-0.7655388635132367
2008-06-16,-0.8931607408883016
2008-06-17,-0.9602031207497765
2008-06-18,-0.9906882375482757
2008-06-19,0.0
2008-06-20,0.0
2008-06-23,0.0
2008-06-24,0.0
2008-06-25,0.0
2008-06-26,0.0
2008-06-27,0.0
2008-06-30,0.0
2008-07-01,0.0
2008-07-02,0.0
2008-07-03,0.0
2008-07-07,1.0436096431476471e-14
2008-07-08,-0.2043349190192234
2008-07-09,-0.47809054451454114
2008-07-10,-0.7684500024443208
2008-07-11,-0.9041491998628508
2008-07-14,-0.9493944560509513
2008-07-15,-0.9597379533681207
2008-07-16,-0.9575000504684066
2008-07-17,-0.9843236782218403
2008-07-18,-0.9956054047739229
2008-07-21,0.0
2008-07-22,0.0
2008-07-23,0.0
2008-07-24,0.0
2008-07-25,0.0
2008-07-28,0.0
2008-07-29,0.0
2008-07-30,0.0
2008-07-31,0.0
2008-08-01,0.0
2008-08-04,0.0
2008-08-05,7.105427357601002e-15
2008-08-06,0.4868488710628309
2008-08-07,0.6834939134412996
2008-08-08,0.8872014982556118
2008-08-11,0.9662498203865886
2008-08-12,0.9886718061679949
2008-08-13,0.9972234651004221
2008-08-14,0.0
2008-08-15,0.0
2008-08-18,0.0
2008-08-19,0.0
2008-08-20,0.0
2008-08-21,0.0
2008-08-22,0.0
2008-08-25,0.0
2008-08-26,0.0
2008-08-27,0.0
2008-08-28,0.0
2008-08-29,-6.661338147750939e-15
2008-09-02,-0.482423860916922
2008-09-03,-0.8205761066150785
2008-09-04,-0.9518730334890999
2008-09-05,-0.9877787638992275
2008-09-08,-0.990312124106425
2008-09-09,0.0
2008-09-10,0.0
2008-09-11,0.0
2008-09-12,0.0
2008-09-15,0.0
2008-09-16,0.0
2008-09-17,0.0
2008-09-18,0.0
2008-09-19,0.0
2008-09-22,0.0
2008-09-23,0.0
2008-09-24,0.0
2008-09-25,-0.21815175848089163
2008-09-26,-0.2802752424589847
2008-09-29,-0.5007494322905159
2008-09-30,-0.5010347686856211
2008-10-01,-0.367393848293474
2008-10-02,-0.2933761318399686
2008-10-03,-0.3343133181710385
2008-10-06,-0.5296075004789811
2008-10-07,-0.7792920551036482
2008-10-08,-0.9503758722560418
2008-10-09,-0.99871615376025
2008-10-10,0.0
2008-10-13,0.0
2008-10-14,0.0
2008-10-15,0.0
2008-10-16,0.0
2008-10-17,0.0
2008-10-20,0.0
2008-10-21,0.0
2008-10-22,0.0
2008-10-23,0.0
2008-10-24,0.0
2008-10-27,-1.3322676295501878e-15
2008-10-28,0.11306095366057045
2008-10-29,0.07470529751482324
2008-10-30,0.11889063878473571
2008-10-31,0.103164790629247
2008-11-03,0.21552112802526358
2008-11-04,0.36533933063961976
2008-11-05,0.3987757655170143
2008-11-06,0.4122991302451422
2008-11-07,0.5443874440679368
2008-11-10,0.6345285789002562
2008-11-11,0.637507917519466
2008-11-12,0.6082579303041684
2008-11-13,0.7020878048354895
2008-11-14,0.7284560351226417
2008-11-17,0.7103776605389496
2008-11-18,0.671193193004838
2008-11-19,0.5693939249471243
2008-11-20,0.38353499806162494
2008-11-21,0.3663835863452196
2008-11-24,0.42319324154608706
2008-11-25,0.4671611235613857
2008-11-26,0.5437124576711478
2008-11-28,0.6755076140262131
2008-12-01,0.6890955233347644
2008-12-02,0.6869579357921709
2008-12-03,0.7615486755161716
2008-12-04,0.7837362991474124
2008-12-05,0.8346821743547759
2008-12-08,0.8751613420384494
2008-12-09,0.8887527366150707
2008-12-10,0.90798669115765
2008-12-11,0.9100011315616927
2008-12-12,0.916594955927768
2008-12-15,0.9273773729368029
2008-12-16,0.9504179767607912
2008-12-17,0.9605885308612196
2008-12-18,0.9671237080975104
2008-12-19,0.9688004066347085
2008-12-22,0.9715402685989725
2008-12-23,0.9707632552211101
2008-12-24,0.9706494449539536
2008-12-26,0.9728369633989824
2008-12-29,0.9741248234023296
2008-12-30,0.9774275329827411
2008-12-31,0.9814393409284574
2009-01-02,0.9863738195009124
2009-01-05,0.9891924944013288
2009-01-06,0.9902273957311623
2009-01-07,0.0
2009-01-08,0.0
2009-01-09,0.0
2009-01-12,0.0
2009-01-13,0.0
2009-01-14,0.0
2009-01-15,0.0
2009-01-16,0.0
2009-01-20,0.0
2009-01-21,0.0
2009-01-22,0.0
2009-01-23,-7.549516567451064e-15
2009-01-26,-0.14739084028188643
2009-01-27,-0.21421271322761304
2009-01-28,-0.16236029891974701
2009-01-29,-0.17878186416753206
2009-01-30,-0.3563546282623469
2009-02-02,-0.5808206365618065
2009-02-03,-0.6148173406408288
2009-02-04,-0.7489410184297154
2009-02-05,-0.8217434270326844
2009-02-06,-0.8193335624912743
2009-02-09,-0.8927153561438523
2009-02-10,-0.9743681462873044
2009-02-11,-0.9930540140922857
2009-02-12,0.0
2009-02-13,0.0
2009-02-17,0.0
2009-02-18,0.0
2009-02-19,0.0
2009-02-20,0.0
2009-02-23,0.0
2009-02-24,0.0
2009-02-25,0.0
2009-02-26,0.0
2009-02-27,0.0
2009-03-02,3.1086244689504383e-15
2009-03-03,-0.5459236166706782
2009-03-04,-0.7926555115602416
2009-03-05,-0.9648349267146894
2009-03-06,-0.992262786442859
2009-03-09,0.0
2009-03-10,0.0
2009-03-11,0.0
2009-03-12,0.0
2009-03-13,0.0
2009-03-16,0.0
2009-03-17,0.0
2009-03-18,0.0
2009-03-19,0.0
2009-03-20,0.0
2009-03-23,0.0
2009-03-24,2.220446049250313e-15
2009-03-25,0.3958786096169231
2009-03-26,0.6893671842038147
2009-03-27,0.8693977583322483
2009-03-30,0.9308357217954344
2009-03-31,0.9651528691507976
2009-04-01,0.9877726519558407
2009-04-02,0.9967364360789392
2009-04-03,0.0
2009-04-06,0.0
2009-04-07,0.0
2009-04-08,0.0
2009-04-09,0.0
2009-04-13,0.0
2009-04-14,0.0
2009-04-15,0.0
2009-04-16,0.0
2009-04-17,0.0
2009-04-20,0.0
2009-04-21,0.0
2009-04-22,-0.5976293143913587
2009-04-23,-0.8944452352026095
2009-04-24,-0.9838641349525947
2009-04-27,-0.9992834127541508
2009-04-28,0.0
2009-04-29,0.0
2009-04-30,0.0
2009-05-01,0.0
2009-05-04,0.0
2009-05-05,0.0
2009-05-06,0.0
2009-05-07,0.0
2009-05-08,0.0
2009-05-11,0.0
2009-05-12,0.0
2009-05-13,-4.884981308350689e-15
2009-05-14,0.6513872586879961
2009-05-15,0.9335291529904051
2009-05-18,0.9985727961390654
2009-05-19,0.0
2009-05-20,0.0
2009-05-21,0.0
2009-05-22,0.0
2009-05-26,0.0
2009-05-27,0.0
2009-05-28,0.0
2009-05-29,0.0
2009-06-01,0.0
2009-06-02,0.0
2009-06-03,0.0
2009-06-04,-2.220446049250313e-15
2009-06-05,0.2571337330398875
2009-06-08,0.46458880934379954
2009-06-09,0.5956039519607224
2009-06-10,0.6332274103556865
2009-06-11,0.7191559516112807
2009-06-12,0.8072688488006137
2009-06-15,0.8308673231068542
2009-06-16,0.837134904748082
2009-06-17,0.8481387219835963
2009-06-18,0.9182710422740454
2009-06-19,0.9444465964037243
2009-06-22,0.9488661392885809
2009-06-23,0.9495012936190552
2009-06-24,0.9445624378064565
2009-06-25,0.9464249185638092
2009-06-26,0.9530491213400691
2009-06-29,0.9610959283068214
2009-06-30,0.9641471237892598
2009-07-01,0.9785118252588729
2009-07-02,0.9858159592313533
2009-07-06,0.9911583574995317
2009-07-07,0.0
2009-07-08,0.0
2009-07-09,0.0
2009-07-10,0.0
2009-07-13,0.0
2009-07-14,0.0
2009-07-15,0.0
2009-07-16,0.0
2009-07-17,0.0
2009-07-20,0.0
2009-07-21,0.0
2009-07-22,-5.551115123125783e-15
2009-07-23,-0.08450447976722852
2009-07-24,-0.12350644269416611
2009-07-27,-0.12662133246188345
2009-07-28,-0.15569990346794715
2009-07-29,-0.20404030300144904
2009-07-30,-0.17696371377424014
2009-07-31,-0.1200009753071527
2009-08-03,-0.10887682668024445
2009-08-04,-0.11594467787157092
2009-08-05,-0.1789714227347059
2009-08-06,-0.2023224023235135
2009-08-07,-0.23256129573921291
2009-08-10,-0.24588572383852658
2009-08-11,-0.3183250361771921
2009-08-12,-0.4631024712896279
2009-08-13,-0.6227962434378282
2009-08-14,-0.7168443899900976
2009-08-17,-0.7754351536372357
2009-08-18,-0.8286538235130421
2009-08-19,-0.8328790943847884
2009-08-20,-0.8337628128339007
2009-08-21,-0.8070054592848572
2009-08-24,-0.8288139508958583
2009-08-25,-0.8632089609398605
2009-08-26,-0.8741070565349984
2009-08-27,-0.8738005365490986
2009-08-28,-0.8882543780253904
2009-08-31,-0.9103071402429523
2009-09-01,-0.9341606138974354
2009-09-02,-0.9247456782496282
2009-09-03,-0.9206059108355027
2009-09-04,-0.9057533196665399
2009-09-08,-0.8726599905900976
2009-09-09,-0.821796512339019
2009-09-10,-0.761749234363311
2009-09-11,-0.586155177443286
2009-09-14,-0.2863531792167979
2009-09-15,0.09256489663208578
2009-09-16,0.46581885212540475
2009-09-17,0.7791313587477637
2009-09-18,0.9376051216616605
2009-09-21,0.9829010652176737
2009-09-22,0.9959661570564544
2009-09-23,0.0
2009-09-24,0.0
2009-09-25,0.0
2009-09-28,0.0
2009-09-29,0.0
2009-09-30,0.0
2009-10-01,0.0
2009-10-02,0.0
2009-10-05,0.0
2009-10-06,0.0
2009-10-07,0.0
2009-10-08,1.2212453270876722e-14
2009-10-09,0.30742567963695655
2009-10-12,0.5821971657776623
2009-10-13,0.7701723875487874
2009-10-14,0.8859684772093193
2009-10-15,0.9503959933193333
2009-10-16,0.981402995323367
2009-10-19,0.9921676412576685
2009-10-20,0.0
2009-10-21,0.0
2009-10-22,0.0
2009-10-23,0.0
2009-10-26,0.0
2009-10-27,0.0
2009-10-28,0.0
2009-10-29,0.0
2009-10-30,0.0
2009-11-02,0.0
2009-11-03,0.0
2009-11-04,-2.842170943040401e-14
2009-11-05,0.4269410085352485
2009-11-06,0.7494032774607291
2009-11-09,0.9818517320030045
2009-11-10,0.999797434848074
2009-11-11,0.0
2009-11-12,0.0
2009-11-13,0.0
2009-11-16,0.0
2009-11-17,0.0
2009-11-18,0.0
2009-11-19,0.0
2009-11-20,0.0
2009-11-23,0.0
2009-11-24,0.0
2009-11-25,0.0
2009-11-27,0.0
2009-11-30,0.13877762955875061
2009-12-01,0.47264041873732854
2009-12-02,0.6920746554631996
2009-12-03,0.7566916995839312
2009-12-04,0.8302648379165065
2009-12-07,0.9072557834887858
2009-12-08,0.9450213827045717
2009-12-09,0.9713428211426525
2009-12-10,0.9919711380786214
2009-12-11,0.0
2009-12-14,0.0
2009-12-15,0.0
2009-12-16,0.0
2009-12-17,0.0
2009-12-18,0.0
2009-12-21,0.0
2009-12-22,0.0
2009-12-23,0.0
2009-12-24,0.0
2009-12-28,0.0
2009-12-29,1.2656542480726785e-14
2009-12-30,-0.03774082752975905
2009-12-31,-0.24061285747811256
2010-01-04,-0.4077052103899197
2010-01-05,-0.6602553494192569
2010-01-06,-0.8245966219258571
2010-01-07,-0.9237245376571699
2010-01-08,-0.9857735250715671
2010-01-11,-0.9949008386042342
2010-01-12,0.0
2010-01-13,0.0
2010-01-14,0.0
2010-01-15,0.0
2010-01-19,0.0
2010-01-20,0.0
2010-01-21,0.0
2010-01-22,0.0
2010-01-25,0.0
2010-01-26,0.0
2010-01-27,0.0
2010-01-28,0.0
2010-01-29,-0.20559991618984852
2010-02-01,-0.36474696476494484
2010-02-02,-0.4073402870603444
2010-02-03,-0.470276174079445
2010-02-04,-0.6813687372874448
2010-02-05,-0.8415286431550131
2010-02-08,-0.9402957283839002
2010-02-09,-0.9632477053445441
2010-02-10,-0.9798656305606297
2010-02-11,-0.9867088981304701
2010-02-12,-0.9922458373501326
2010-02-16,0.0
2010-02-17,0.0
2010-02-18,0.0
2010-02-19,0.0
2010-02-22,0.0
2010-02-23,0.0
2010-02-24,0.0
2010-02-25,0.0
2010-02-26,0.0
2010-03-01,0.0
2010-03-02,0.0
2010-03-03,-9.547918011776346e-15
2010-03-04,0.0024588789425696866
2010-03-05,0.048313342588321984
2010-03-08,0.04713213936847671
2010-03-09,-0.0035536677671226258
2010-03-10,-0.047722485622637034
2010-03-11,-0.11602289678001876
2010-03-12,-0.2196564859296779
2010-03-15,-0.26994313804078107
2010-03-16,-0.309686102383135
2010-03-17,-0.3275520679441646
2010-03-18,-0.3296925439045353
2010-03-19,-0.22232977255631137
2010-03-22,-0.14489382199605805
2010-03-23,0.03729422506401292
2010-03-24,0.11937546629789786
2010-03-25,0.22081146980027233
2010-03-26,0.2968904976463309
2010-03-29,0.3816636065874075
2010-03-30,0.4697912877928252
2010-03-31,0.5609599608131186
2010-04-01,0.6641732730729146
2010-04-05,0.7189745250398256
2010-04-06,0.7304550776243022
2010-04-07,0.7106161803362934
2010-04-08,0.6862673166348507
2010-04-09,0.7188005339627379
2010-04-12,0.7582393721972913
2010-04-13,0.8057997770503655
2010-04-14,0.8423897344633331
2010-04-15,0.8472997536589035
2010-04-16,0.8773679802445191
2010-04-19,0.9113322412036293
2010-04-20,0.9188732014692509
2010-04-21,0.919570184423252
2010-04-22,0.922941663102786
2010-04-23,0.9167228735608908
2010-04-26,0.9065873632950887
2010-04-27,0.8703805293518885
2010-04-28,0.843928318737889
2010-04-29,0.8294590343607142
2010-04-30,0.8022058871516833
2010-05-03,0.7867674375604377
2010-05-04,0.7425274115387621
2010-05-05,0.7197051240136334
2010-05-06,0.6137740196294035
2010-05-07,0.5164643887155302
2010-05-10,0.5145310136587908
2010-05-11,0.4809303346775158
2010-05-12,0.4778267690173683
2010-05-13,0.43471215935275764
2010-05-14,0.3787992790717889
2010-05-17,0.32729599053931935
2010-05-18,0.24906016896477334
2010-05-19,0.17116068985011523
2010-05-20,-0.04506193330079222
2010-05-21,-0.25082971070555526
2010-05-24,-0.4469270484306118
2010-05-25,-0.6592482302026377
2010-05-26,-0.8276186727507346
2010-05-27,-0.9009196030780258
2010-05-28,-0.944172490210859
2010-06-01,-0.970993823281795
2010-06-02,-0.9804547450553227
2010-06-03,-0.9857009095359397
2010-06-04,-0.9933553060336668
2010-06-07,0.0
2010-06-08,0.0
2010-06-09,0.0
2010-06-10,0.0
2010-06-11,0.0
2010-06-14,0.0
2010-06-15,0.0
2010-06-16,0.0
2010-06-17,0.0
2010-06-18,0.0
2010-06-21,0.0
2010-06-22,1.1324274851176597e-14
2010-06-23,0.13376038657534806
2010-06-24,0.1244096394777523
2010-06-25,-0.3273739182097948
2010-06-28,-0.4982514436660024
2010-06-29,-0.7565504910909846
2010-06-30,-0.9117131038413313
2010-07-01,-0.9751856459636301
2010-07-02,-0.9940674310503081
2010-07-06,0.0
2010-07-07,0.0
2010-07-08,0.0
2010-07-09,0.0
2010-07-12,0.0
2010-07-13,0.0
2010-07-14,0.0
2010-07-15,0.0
2010-07-16,0.0
2010-07-19,0.0
2010-07-20,0.0
2010-07-21,-1.199040866595169e-14
2010-07-22,0.424728481632779
2010-07-23,0.7801127156735921
2010-07-26,0.9430769787841105
2010-07-27,0.9898348967566168
2010-07-28,0.9983793475993912
2010-07-29,0.0
2010-07-30,0.0
2010-08-02,0.0
2010-08-03,0.0
2010-08-04,0.0
2010-08-05,0.0
2010-08-06,0.0
2010-08-09,0.0
2010-08-10,0.0
2010-08-11,0.0
2010-08-12,0.0
2010-08-13,1.554312234475219e-14
2010-08-16,-0.09574018359074388
2010-08-17,-0.1095867476887562
2010-08-18,-0.20531051391843325
2010-08-19,-0.43826895067838745
2010-08-20,-0.6180690725576055
2010-08-23,-0.7056750767135744
2010-08-24,-0.7675979343757913
2010-08-25,-0.844844105953636
2010-08-26,-0.9131493330368914
2010-08-27,-0.9066187284826657
2010-08-30,-0.9330847695862832
2010-08-31,-0.940189805925149
2010-09-01,-0.8693729516606201
2010-09-02,-0.7440803388547614
2010-09-03,-0.5311518155260688
2010-09-07,-0.2422526661984521
2010-09-08,0.1170438205079476
2010-09-09,0.5226605075876298
2010-09-10,0.8119017101047037
2010-09-13,0.9412305956106257
2010-09-14,0.98036613112534
2010-09-15,0.9934886082890353
2010-09-16,0.0
2010-09-17,0.0
2010-09-20,0.0
2010-09-21,0.0
2010-09-22,0.0
2010-09-23,0.0
2010-09-24,0.0
2010-09-27,0.0
2010-09-28,0.0
2010-09-29,0.0
2010-09-30,0.0
2010-10-01,9.769962616701378e-15
2010-10-04,0.22036225282892286
2010-10-05,0.6435553992934611
2010-10-06,0.8876502024038753
2010-10-07,0.9593096685831588
2010-10-08,0.9863501559817653
2010-10-11,0.9966000121910743
2010-10-12,0.0
2010-10-13,0.0
2010-10-14,0.0
2010-10-15,0.0
2010-10-18,0.0
2010-10-19,0.0
2010-10-20,0.0
2010-10-21,0.0
2010-10-22,0.0
2010-10-25,0.0
2010-10-26,0.0
2010-10-27,0.0
2010-10-28,0.17963813859210043
2010-10-29,0.36749394571760496
2010-11-01,0.6055207001445302
2010-11-02,0.7899420173268452
2010-11-03,0.9035310567705244
2010-11-04,0.9730106742608404
2010-11-05,0.9944666229081844
2010-11-08,0.0
2010-11-09,0.0
2010-11-10,0.0
2010-11-11,0.0
2010-11-12,0.0
2010-11-15,0.0
2010-11-16,0.0
2010-11-17,0.0
2010-11-18,0.0
2010-11-19,0.0
2010-11-22,0.0
2010-11-23,1.0658141036401503e-14
2010-11-24,0.4303613175044607
2010-11-26,0.6406224696233962
2010-11-29,0.7473683642054869
2010-11-30,0.8007436336952534
2010-12-01,0.9447999067935677
2010-12-02,0.9901188012753657
2010-12-03,0.0
2010-12-06,0.0
2010-12-07,0.0
2010-12-08,0.0
2010-12-09,0.0
2010-12-10,0.0
2010-12-13,0.0
2010-12-14,0.0
2010-12-15,0.0
2010-12-16,0.0
2010-12-17,0.0
2010-12-20,-9.325873406851315e-15
2010-12-21,0.3075410982314475
2010-12-22,0.5821790536425329
2010-12-23,0.7669815818796883
2010-12-27,0.8141409189039714
2010-12-28,0.8842202416756755
2010-12-29,0.9353439136481769
2010-12-30,0.966797875711829
2010-12-31,0.9878203979775304
2011-01-03,0.9919979934691698
2011-01-04,0.0
2011-01-05,0.0
2011-01-06,0.0
2011-01-07,0.0
2011-01-10,0.0
2011-01-11,0.0
2011-01-12,0.0
2011-01-13,0.0
2011-01-14,0.0
2011-01-18,0.0
2011-01-19,0.0
2011-01-20,0.0
2011-01-21,-0.28625636157634693
2011-01-24,-0.24869766195232734
2011-01-25,-0.3818700185493533
2011-01-26,-0.49643549647573737
2011-01-27,-0.6928923196676349
2011-01-28,-0.9119142710729342
2011-01-31,-0.9435705048028906
2011-02-01,-0.9505598057653144
2011-02-02,-0.9681537107817944
2011-02-03,-0.9878792050014915
2011-02-04,-0.9957950277560579
2011-02-07,0.0
2011-02-08,0.0
2011-02-09,0.0
2011-02-10,0.0
2011-02-11,0.0
2011-02-14,0.0
2011-02-15,0.0
2011-02-16,0.0
2011-02-17,0.0
2011-02-18,0.0
2011-02-22,0.0
2011-02-23,2.1316282072803006e-14
2011-02-24,0.13163341788204863
2011-02-25,0.3873307645331885
2011-02-28,0.4908650545750297
2011-03-01,0.7726816513778205
2011-03-02,0.8747409770248227
2011-03-03,0.9772974754082147
2011-03-04,0.995639674485254
2011-03-07,0.0
2011-03-08,0.0
2011-03-09,0.0
2011-03-10,0.0
2011-03-11,0.0
2011-03-14,0.0
2011-03-15,0.0
2011-03-16,0.0
2011-03-17,0.0
2011-03-18,0.0
2011-03-21,0.0
2011-03-22,-8.659739592076221e-15
2011-03-23,0.09094125642046058
2011-03-24,0.24643200162010181
2011-03-25,0.4611802432308316
2011-03-28,0.6084487410120158
2011-03-29,0.7794173620280496
2011-03-30,0.8981913986194097
2011-03-31,0.9628233482853243
2011-04-01,0.9925125543760007
2011-04-04,0.0
2011-04-05,0.0
2011-04-06,0.0
2011-04-07,0.0
2011-04-08,0.0
2011-04-11,0.0
2011-04-12,0.0
2011-04-13,0.0
2011-04-14,0.0
2011-04-15,0.0
2011-04-18,0.0
2011-04-19,-6.661338147750939e-15
2011-04-20,0.20948200989131394
2011-04-21,0.40578864094987166
2011-04-25,0.5087228287287711
2011-04-26,0.24280671427054856
2011-04-27,-0.002086216543811581
2011-04-28,-0.036560784575979444
2011-04-29,-0.04546615657968878
2011-05-02,0.06628107549545281
2011-05-03,0.24126515177722463
2011-05-04,0.22708081222829057
2011-05-05,-0.11149125694337014
2011-05-06,-0.34356461480790856
2011-05-09,-0.5230948910846065
2011-05-10,-0.5581843368028019
2011-05-11,-0.5963053089093113
2011-05-12,-0.32073155742845905
2011-05-13,-0.05535259375716506
2011-05-16,0.07737612702106311
2011-05-17,0.2607178149607705
2011-05-18,0.5181114574907162
2011-05-19,0.7435196119208234
2011-05-20,0.861772808546041
2011-05-23,0.8571133140988825
2011-05-24,0.8501171491506962
2011-05-25,0.7607615014743399
2011-05-26,0.594972745996073
2011-05-27,0.32450800305985505
2011-05-31,0.10989756360973746
2011-06-01,-0.12363911860701138
2011-06-02,-0.5349291512328804
2011-06-03,-0.8647735346126051
2011-06-06,-0.977555402962669
2011-06-07,-0.9983067500732834
2011-06-08,0.0
2011-06-09,0.0
2011-06-10,0.0
2011-06-13,0.0
2011-06-14,0.0
2011-06-15,0.0
2011-06-16,0.0
2011-06-17,0.0
2011-06-20,0.0
2011-06-21,0.0
2011-06-22,0.0
2011-06-23,2.020605904817785e-14
2011-06-24,-0.22739449070377837
2011-06-27,-0.3184941693320671
2011-06-28,-0.0871809445891556
2011-06-29,0.38623287153701513
2011-06-30,0.8253791499525358
2011-07-01,0.9886529231382477
2011-07-05,0.9998151397191775
2011-07-06,0.0
2011-07-07,0.0
2011-07-08,0.0
2011-07-11,0.0
2011-07-12,0.0
2011-07-13,0.0
2011-07-14,0.0
2011-07-15,0.0
2011-07-18,0.0
2011-07-19,0.0
2011-07-20,0.0
2011-07-21,1.4432899320127035e-14
2011-07-22,0.4193647239967748
2011-07-25,0.6251756368682706
2011-07-26,0.7599886600916284
2011-07-27,0.7954743030558713
2011-07-28,0.8382279907008476
2011-07-29,0.7913089690896016
2011-08-01,0.6984877213009237
2011-08-02,0.46024019114156034
2011-08-03,0.46707623886471406
2011-08-04,-0.11320519419314468
2011-08-05,-0.4480068420797001
2011-08-08,-0.8672732928376299
2011-08-09,-0.9470583090939613
2011-08-10,-0.9980898602302826
2011-08-11,0.0
2011-08-12,0.0
2011-08-15,0.0
2011-08-16,0.0
2011-08-17,0.0
2011-08-18,0.0
2011-08-19,0.0
2011-08-22,0.0
2011-08-23,0.0
2011-08-24,0.0
2011-08-25,0.0
2011-08-26,-1.865174681370263e-14
2011-08-29,0.3689443667969843
2011-08-30,0.6636237727944148
2011-08-31,0.8829858757677969
2011-09-01,0.9673250970997522
2011-09-02,0.9873946422474895
2011-09-06,0.9942142537907965
2011-09-07,0.0
2011-09-08,0.0
2011-09-09,0.0
2011-09-12,0.0
2011-09-13,0.0
2011-09-14,0.0
2011-09-15,0.0
2011-09-16,0.0
2011-09-19,0.0
2011-09-20,0.0
2011-09-21,0.0
2011-09-22,7.327471962526033e-15
2011-09-23,-0.48012385712986494
2011-09-26,-0.6308313031553381
2011-09-27,-0.65084061062886
2011-09-28,-0.8176911324909768
2011-09-29,-0.8608168328134407
2011-09-30,-0.9491260306605274
2011-10-03,-0.9959111540726842
2011-10-04,0.0
2011-10-05,0.0
2011-10-06,0.0
2011-10-07,0.0
2011-10-10,0.0
2011-10-11,0.0
2011-10-12,0.0
2011-10-13,0.0
2011-10-14,0.0
2011-10-17,0.0
2011-10-18,0.0
2011-10-19,8.659739592076221e-15
2011-10-20,0.1296846625415231
2011-10-21,0.4784611375596408
2011-10-24,0.6789093617996409
2011-10-25,0.7105698931011721
2011-10-26,0.7949788494840764
2011-10-27,0.9216638111958866
2011-10-28,0.9797869440991291
2011-10-31,0.9930949902792141
2011-11-01,0.0
2011-11-02,0.0
2011-11-03,0.0
2011-11-04,0.0
2011-11-07,0.0
2011-11-08,0.0
2011-11-09,0.0
2011-11-10,0.0
2011-11-11,0.0
2011-11-14,0.0
2011-11-15,0.0
2011-11-16,-8.881784197001252e-15
2011-11-17,-0.4222001146336454
2011-11-18,-0.527679540536143
2011-11-21,-0.868977838850888
2011-11-22,-0.9751273728509018
2011-11-23,-0.999309273436741
2011-11-25,0.0
2011-11-28,0.0
2011-11-29,0.0
2011-11-30,0.0
2011-12-01,0.0
2011-12-02,0.0
2011-12-05,0.0
2011-12-06,0.0
2011-12-07,0.0
2011-12-08,0.0
2011-12-09,0.0
2011-12-12,-1.0436096431476471e-14
2011-12-13,0.022828695765804152
2011-12-14,-0.004529536524905842
2011-12-15,0.10397898816994355
2011-12-16,0.3113198400828705
2011-12-19,0.475905106721491
2011-12-20,0.7337061188340637
2011-12-21,0.9340993588809832
2011-12-22,0.9854165413179126
2011-12-23,0.9985643717694876
2011-12-27,0.0
2011-12-28,0.0
2011-12-29,0.0
2011-12-30,0.0
2012-01-03,0.0
2012-01-04,0.0
2012-01-05,0.0
2012-01-06,0.0
2012-01-09,0.0
2012-01-10,0.0
2012-01-11,0.0
2012-01-12,3.1086244689504383e-15
2012-01-13,-0.569465856002763
2012-01-17,-0.8386825204588058
2012-01-18,-0.9420560184697815
2012-01-19,-0.9838167971736753
2012-01-20,-0.9929307031825729
2012-01-23,0.0
2012-01-24,0.0
2012-01-25,0.0
2012-01-26,0.0
2012-01-27,0.0
2012-01-30,0.0
2012-01-31,0.0
2012-02-01,0.0
2012-02-02,0.0
2012-02-03,0.0
2012-02-06,0.0
2012-02-07,-1.3100631690576847e-14
2012-02-08,0.20329976375224423
2012-02-09,0.19604834297187224
2012-02-10,0.17400390286773115
2012-02-13,0.39416121942421745
2012-02-14,0.7210012690018521
2012-02-15,0.8110088880362158
2012-02-16,0.9289773705297071
2012-02-17,0.9828146169248555
2012-02-21,0.9949504234233144
2012-02-22,0.0
2012-02-23,0.0
2012-02-24,0.0
2012-02-27,0.0
2012-02-28,0.0
2012-02-29,0.0
2012-03-01,0.0
2012-03-02,0.0
2012-03-05,0.0
2012-03-06,0.0
2012-03-07,0.0
2012-03-08,-1.509903313490213e-14
2012-03-09,0.234216573915921
2012-03-12,0.7218328539482455
2012-03-13,0.9780592548224589
2012-03-14,0.9993268811424323
2012-03-15,0.0
2012-03-16,0.0
2012-03-19,0.0
2012-03-20,0.0
2012-03-21,0.0
2012-03-22,0.0
2012-03-23,0.0
2012-03-26,0.0
2012-03-27,0.0
2012-03-28,0.0
2012-03-29,0.0
2012-03-30,-1.9984014443252818e-15
2012-04-02,0.4073887053239107
2012-04-03,0.6592095145959993
2012-04-04,0.8003549768871805
2012-04-05,0.8891830632263313
2012-04-09,0.9243476726389008
2012-04-10,0.9272698699974322
2012-04-11,0.9328517903215303
2012-04-12,0.9403700235930936
2012-04-13,0.9409279824363643
2012-04-16,0.9517461895474628
2012-04-17,0.9787390791939679
2012-04-18,0.9920302860855825
2012-04-19,0.0
2012-04-20,0.0
2012-04-23,0.0
2012-04-24,0.0
2012-04-25,0.0
2012-04-26,0.0
2012-04-27,0.0
2012-04-30,0.0
2012-05-01,0.0
2012-05-02,0.0
2012-05-03,0.0
2012-05-04,-5.329070518200751e-15
2012-05-07,0.24594262143199908
2012-05-08,0.4365736259296824
2012-05-09,0.5527453602259982
2012-05-10,0.7020701335192658
2012-05-11,0.8117738365084131
2012-05-14,0.8605320371693514
2012-05-15,0.8868436224761922
2012-05-16,0.90081565903482
2012-05-17,0.8733854769272023
2012-05-18,0.7901982277684376
2012-05-21,0.7109322353525902
2012-05-22,0.5931897850791241
2012-05-23,0.4899405291450294
2012-05-24,0.47310920686485014
2012-05-25,0.4271050083080725
2012-05-29,0.40234134455016224
2012-05-30,0.3411416741797748
2012-05-31,0.24825430905902923
2012-06-01,-0.007647573400318075
2012-06-04,-0.20321314730569018
2012-06-05,-0.4151484374830645
2012-06-06,-0.4927489863082317
2012-06-07,-0.5852162811959363
2012-06-08,-0.6060206534462216
2012-06-11,-0.6603408878491981
2012-06-12,-0.6796505927327676
2012-06-13,-0.6978337941930179
2012-06-14,-0.6592829895397301
2012-06-15,-0.5976901389006868
2012-06-18,-0.5389080540516484
2012-06-19,-0.49376088499645854
2012-06-20,-0.46020637317923296
2012-06-21,-0.4880034997307625
2012-06-22,-0.4968829010161757
2012-06-25,-0.516452339402897
2012-06-26,-0.5158851849322672
2012-06-27,-0.43320529156198084
2012-06-28,-0.32966739273562196
2012-06-29,-0.09760185021846945
2012-07-02,0.19389745703198713
2012-07-03,0.4710790437956258
2012-07-05,0.6522851340012645
2012-07-06,0.7754327179927325
2012-07-09,0.8582034883285783
2012-07-10,0.9144590431266812
2012-07-11,0.9448398432323923
2012-07-12,0.958428394127554
2012-07-13,0.973168848638436
2012-07-16,0.9794212853332012
2012-07-17,0.988379023807828
2012-07-18,0.9931909132337498
2012-07-19,0.0
2012-07-20,0.0
2012-07-23,0.0
2012-07-24,0.0
2012-07-25,0.0
2012-07-26,0.0
2012-07-27,0.0
2012-07-30,0.0
2012-07-31,0.0
2012-08-01,0.0
2012-08-02,0.0
2012-08-03,8.215650382226158e-15
2012-08-06,0.20176539595272502
2012-08-07,0.2850124766890838
2012-08-08,0.33850773965499736
2012-08-09,0.35624265159137525
2012-08-10,0.32999630678849723
2012-08-13,0.28691114852683586
2012-08-14,0.2607531912509502
2012-08-15,0.2302054114476746
2012-08-16,0.23768348455287236
2012-08-17,0.24136465121705886
2012-08-20,0.23454729033825217
2012-08-21,0.19190941713686138
2012-08-22,0.06562516980180888
2012-08-23,-0.16931886453292688
2012-08-24,-0.3276449517998268
2012-08-27,-0.5077423097308857
2012-08-28,-0.670984931235135
2012-08-29,-0.8274566086918937
2012-08-30,-0.9285699756662993
2012-08-31,-0.9705579239199067
2012-09-04,-0.9896585991100437
2012-09-05,-0.9962283968741912
2012-09-06,0.0
2012-09-07,0.0
2012-09-10,0.0
2012-09-11,0.0
2012-09-12,0.0
2012-09-13,0.0
2012-09-14,0.0
2012-09-17,0.0
2012-09-18,0.0
2012-09-19,0.0
2012-09-20,0.0
2012-09-21,2.6645352591003757e-15
2012-09-24,0.03294087177664795
2012-09-25,-0.14455439515659618
2012-09-26,-0.2694990378566571
2012-09-27,-0.15112157242990376
2012-09-28,-0.19843655082282097
2012-10-01,-0.05798011160306049
2012-10-02,0.06035905928254759
2012-10-03,0.13249838323369367
2012-10-04,0.2337732602296818
2012-10-05,0.411166880995641
2012-10-08,0.5605958157211761
2012-10-09,0.6764767266964626
2012-10-10,0.6747484702313487
2012-10-11,0.6775621797142741
2012-10-12,0.7047806769596532
2012-10-15,0.71095774373644
2012-10-16,0.6721724248512224
2012-10-17,0.596169416362665
2012-10-18,0.5382838394554939
2012-10-19,0.35981033206969615
2012-10-22,0.11240047701144218
2012-10-23,-0.31941405945153356
2012-10-24,-0.6030813195643063
2012-10-25,-0.7669741865027588
2012-10-26,-0.8781658740481122
2012-10-31,-0.9345119604956191
2012-11-01,-0.9620958452077368
2012-11-02,-0.9832556575087388
2012-11-05,-0.9950301553880601
2012-11-06,0.0
2012-11-07,0.0
2012-11-08,0.0
2012-11-09,0.0
2012-11-12,0.0
2012-11-13,0.0
2012-11-14,0.0
2012-11-15,0.0
2012-11-16,0.0
2012-11-19,0.0
2012-11-20,0.0
2012-11-21,4.6629367034256575e-15
2012-11-23,0.4934608311355315
2012-11-26,0.6793196683598266
2012-11-27,0.8163487772970379
2012-11-28,0.9332278265618619
2012-11-29,0.9874641774452748
2012-11-30,0.9980776115979779
2012-12-03,0.0
2012-12-04,0.0
2012-12-05,0.0
2012-12-06,0.0
2012-12-07,0.0
2012-12-10,0.0
2012-12-11,0.0
2012-12-12,0.0
2012-12-13,0.0
2012-12-14,0.0
2012-12-17,0.0
2012-12-18,-2.353672812205332e-14
2012-12-19,-0.6653590650204513
2012-12-20,-0.8702702250164926
2012-12-21,-0.974018782739225
2012-12-24,-0.9979652422848047
2012-12-26,0.0
2012-12-27,0.0
2012-12-28,0.0
2012-12-31,0.0
2013-01-02,0.0
2013-01-03,0.0
2013-01-04,0.0
2013-01-07,0.0
2013-01-08,0.0
2013-01-09,0.0
2013-01-10,0.0
2013-01-11,-1.7541523789077473e-14
2013-01-14,0.023552733752155053
2013-01-15,0.16894730413119774
2013-01-16,0.29957726104187965
2013-01-17,0.47115250729616
2013-01-18,0.6539450409559247
2013-01-22,0.6823730332549713
2013-01-23,0.7081570554319874
2013-01-24,0.7281434825631261
2013-01-25,0.7367623441181772
2013-01-28,0.7386931193123356
2013-01-29,0.799408491614368
2013-01-30,0.8555251865630682
2013-01-31,0.8763985066244513
2013-02-01,0.914958384177595
2013-02-04,0.9332504309163345
2013-02-05,0.9726147817661903
2013-02-06,0.9912643390245397
2013-02-07,0.0
2013-02-08,0.0
2013-02-11,0.0
2013-02-12,0.0
2013-02-13,0.0
2013-02-14,0.0
2013-02-15,0.0
2013-02-19,0.0
2013-02-20,0.0
2013-02-21,0.0
2013-02-22,0.0
2013-02-25,-1.7763568394002505e-15
2013-02-26,0.07418520940523154
2013-02-27,0.24920111030500736
2013-02-28,0.4732105350652336
2013-03-01,0.6429321757971715
2013-03-04,0.7837878956720048
2013-03-05,0.8625037723859512
2013-03-06,0.9342238381462387
2013-03-07,0.9730151852392435
2013-03-08,0.9906751922147727
2013-03-11,0.0
2013-03-12,0.0
2013-03-13,0.0
2013-03-14,0.0
2013-03-15,0.0
2013-03-18,0.0
2013-03-19,0.0
2013-03-20,0.0
2013-03-21,0.0
2013-03-22,0.0
2013-03-25,0.0
2013-03-26,-1.7763568394002505e-15
2013-03-27,0.2476149571561408
2013-03-28,0.5107747371381399
2013-04-01,0.7045028944202172
2013-04-02,0.8597375578504471
2013-04-03,0.9088674909957852
2013-04-04,0.9563132842221957
2013-04-05,0.970642062429713
2013-04-08,0.9901504243027877
2013-04-09,0.0
2013-04-10,0.0
2013-04-11,0.0
2013-04-12,0.0
2013-04-15,0.0
2013-04-16,0.0
2013-04-17,0.0
2013-04-18,0.0
2013-04-19,0.0
2013-04-22,0.0
2013-04-23,0.0
2013-04-24,2.6645352591003757e-15
2013-04-25,0.13804738002977546
2013-04-26,0.20622895017029452
2013-04-29,0.2983516363709591
2013-04-30,0.3984331682207609
2013-05-01,0.46550115480628595
2013-05-02,0.4843177094117026
2013-05-03,0.5459435979781164
2013-05-06,0.5781981612784957
2013-05-07,0.685103981481848
2013-05-08,0.7463081806687764
2013-05-09,0.7675836929290019
2013-05-10,0.7894123867222094
2013-05-13,0.8120757277048143
2013-05-14,0.8531927634431655
2013-05-15,0.9041746069637768
2013-05-16,0.9436311216149627
2013-05-17,0.9658593547558632
2013-05-20,0.9724266186661936
2013-05-21,0.977278956607877
2013-05-22,0.9803802568033078
2013-05-23,0.9800026121277983
2013-05-24,0.9826232856603627
2013-05-28,0.9871418633030735
2013-05-29,0.9828141157353796
2013-05-30,0.96975158816207
2013-05-31,0.9308604761861503
2013-06-03,0.8952868529277371
2013-06-04,0.8761796445543766
2013-06-05,0.8148583978653994
2013-06-06,0.7458898457623029
2013-06-07,0.7129255436757695
2013-06-10,0.6590752849097585
2013-06-11,0.5637999543427223
2013-06-12,0.4442547594030892
2013-06-13,0.3160678718611589
2013-06-14,0.17233079515085414
2013-06-17,0.06866209748163321
2013-06-18,-0.002739406373632125
2013-06-19,-0.13666790444466725
2013-06-20,-0.4071659629382398
2013-06-21,-0.5730096235372915
2013-06-24,-0.7216151732263851
2013-06-25,-0.8197152688710327
2013-06-26,-0.8665816790548544
2013-06-27,-0.9049235029954423
2013-06-28,-0.9366506388008922
2013-07-01,-0.9534726481256905
2013-07-02,-0.9672569591048621
2013-07-03,-0.976212862889182
2013-07-05,-0.9826761716244636
2013-07-08,-0.9873837386288187
2013-07-09,-0.9897466501863599
2013-07-10,-0.9921767348319035
2013-07-11,0.0
2013-07-12,0.0
2013-07-15,0.0
2013-07-16,0.0
2013-07-17,0.0
2013-07-18,0.0
2013-07-19,0.0
2013-07-22,0.0
2013-07-23,0.0
2013-07-24,0.0
2013-07-25,0.0
2013-07-26,2.6201263381153694e-14
2013-07-29,-0.5036846787780795
2013-07-30,-0.7941196656154612
2013-07-31,-0.9623158768512607
2013-08-01,-0.9792550820932739
2013-08-02,-0.9962832934427843
2013-08-05,0.0
2013-08-06,0.0
2013-08-07,0.0
2013-08-08,0.0
2013-08-09,0.0
2013-08-12,0.0
2013-08-13,0.0
2013-08-14,0.0
2013-08-15,0.0
2013-08-16,0.0
2013-08-19,0.0
2013-08-20,-5.995204332975845e-15
2013-08-21,-0.45930861511062027
2013-08-22,-0.7564158841928763
2013-08-23,-0.889507783141007
2013-08-26,-0.969330998118026
2013-08-27,-0.9926969162040695
2013-08-28,0.0
2013-08-29,0.0
2013-08-30,0.0
2013-09-03,0.0
2013-09-04,0.0
2013-09-05,0.0
2013-09-06,0.0
2013-09-09,0.0
2013-09-10,0.0
2013-09-11,0.0
2013-09-12,0.0
2013-09-13,1.5765166949677223e-14
2013-09-16,0.4698645271044528
2013-09-17,0.7495280049960154
2013-09-18,0.9789117373040495
2013-09-19,0.9984447575283255
2013-09-20,0.0
2013-09-23,0.0
2013-09-24,0.0
2013-09-25,0.0
2013-09-26,0.0
2013-09-27,0.0
2013-09-30,0.0
2013-10-01,0.0
2013-10-02,0.0
2013-10-03,0.0
2013-10-04,0.0
2013-10-07,3.3306690738754696e-15
2013-10-08,-0.22987297566355802
2013-10-09,-0.4749066504249082
2013-10-10,-0.523066447732881
2013-10-11,-0.5682692781183276
2013-10-14,-0.5828955662577282
2013-10-15,-0.6401668976368513
2013-10-16,-0.6368469367043326
2013-10-17,-0.5392014698021499
2013-10-18,-0.3875576267135872
2013-10-21,-0.21678046088160308
2013-10-22,0.01764139359514827
2013-10-23,0.24093272067401905
2013-10-24,0.38383850353610516
2013-10-25,0.5464488394925404
2013-10-28,0.7455947208036391
2013-10-29,0.8823504244821216
2013-10-30,0.9463989351984172
2013-10-31,0.9768649693472633
2013-11-01,0.9909854898055193
2013-11-04,0.0
2013-11-05,0.0
2013-11-06,0.0
2013-11-07,0.0
2013-11-08,0.0
2013-11-11,0.0
2013-11-12,0.0
2013-11-13,0.0
2013-11-14,0.0
2013-11-15,0.0
2013-11-18,0.0
2013-11-19,-2.886579864025407e-14
2013-11-20,0.08574854290546585
2013-11-21,0.4523507649476788
2013-11-22,0.7115615053403741
2013-11-25,0.8482805571753702
2013-11-26,0.9047518120210054
2013-11-27,0.9641892502708094
2013-11-29,0.9878609802561873
2013-12-02,0.9948765619623088
2013-12-03,0.0
2013-12-04,0.0
2013-12-05,0.0
2013-12-06,0.0
2013-12-09,0.0
2013-12-10,0.0
2013-12-11,0.0
2013-12-12,0.0
2013-12-13,0.0
2013-12-16,0.0
2013-12-17,0.0
2013-12-18,9.103828801926284e-15
2013-12-19,0.003531340765258184
2013-12-20,0.08022552829454854
2013-12-23,0.19730739433719413
2013-12-24,0.3137946950559396
2013-12-26,0.5089395484484691
2013-12-27,0.6990135369901971
2013-12-30,0.8791318058885809
2013-12-31,0.9673817767633981
2014-01-02,0.9846185795809126
2014-01-03,0.9911056826098381
2014-01-06,0.0
2014-01-07,0.0
2014-01-08,0.0
2014-01-09,0.0
2014-01-10,0.0
2014-01-13,0.0
2014-01-14,0.0
2014-01-15,0.0
2014-01-16,0.0
2014-01-17,0.0
2014-01-21,0.0
2014-01-22,2.708944180085382e-14
2014-01-23,-0.41739876533772535
2014-01-24,-0.8397151038004076
2014-01-27,-0.9781519457851775
2014-01-28,-0.9974218592237909
2014-01-29,0.0
2014-01-30,0.0
2014-01-31,0.0
2014-02-03,0.0
2014-02-04,0.0
2014-02-05,0.0
2014-02-06,0.0
2014-02-07,0.0
2014-02-10,0.0
2014-02-11,0.0
2014-02-12,0.0
2014-02-13,2.4424906541753444e-15
2014-02-14,0.39148539203674493
2014-02-18,0.13785703692132567
2014-02-19,-0.26650242697505355
2014-02-20,-0.5269473169822483
2014-02-21,-0.7428078195660885
2014-02-24,-0.8288530937458938
2014-02-25,-0.8565763957654549
2014-02-26,-0.8682685193100803
2014-02-27,-0.8554999905459266
2014-02-28,-0.8250345139503255
2014-03-03,-0.8042099598660637
2014-03-04,-0.7512020722917598
2014-03-05,-0.6838781774509102
2014-03-06,-0.5814201520966205
2014-03-07,-0.44536310434530324
2014-03-10,-0.2672661048852132
2014-03-11,-0.034255763759091895
2014-03-12,0.1864689406370834
2014-03-13,0.24868727697271953
2014-03-14,0.3614634458206589
2014-03-17,0.4872570537146055
2014-03-18,0.6216152346705397
2014-03-19,0.6867660324939426
2014-03-20,0.7854752441189776
2014-03-21,0.8569099089351822
2014-03-24,0.9047276900870014
2014-03-25,0.9477503765347028
2014-03-26,0.9724761047081003
2014-03-27,0.9885843092976119
2014-03-28,0.9961485553804925
2014-03-31,0.0
2014-04-01,0.0
2014-04-02,0.0
2014-04-03,0.0
2014-04-04,0.0
2014-04-07,0.0
2014-04-08,0.0
2014-04-09,0.0
2014-04-10,0.0
2014-04-11,0.0
2014-04-14,0.0
2014-04-15,-6.661338147750939e-15
2014-04-16,0.6633347003186594
2014-04-17,0.944633257636124
2014-04-21,0.9952266319101859
2014-04-22,0.0
2014-04-23,0.0
2014-04-24,0.0
2014-04-25,0.0
2014-04-28,0.0
2014-04-29,0.0
2014-04-30,0.0
2014-05-01,0.0
2014-05-02,0.0
2014-05-05,0.0
2014-05-06,0.0
2014-05-07,2.864375403532904e-14
2014-05-08,-0.07430863047895442
2014-05-09,0.03634922245785788
2014-05-12,0.0773838753242686
2014-05-13,0.4395179801404834
2014-05-14,0.526563402468871
2014-05-15,0.25054357267233485
2014-05-16,0.3507192486523141
2014-05-19,0.2669861747149629
2014-05-20,0.04976275174849487
2014-05-21,0.1342218032856628
2014-05-22,-0.07421831090585007
2014-05-23,-0.2693129600924775
2014-05-27,-0.27839917375571677
2014-05-28,-0.4464802340235319
2014-05-29,-0.5329286878081905
2014-05-30,-0.433238640759146
2014-06-02,-0.3687232119585029
2014-06-03,-0.28737261200281594
2014-06-04,-0.2795308968337018
2014-06-05,-0.1906744483310554
2014-06-06,-0.01881415625796956
2014-06-09,0.0836345052526295
2014-06-10,0.3055216334839632
2014-06-11,0.3557227753165677
2014-06-12,0.306571071276621
2014-06-13,0.22001899214892529
2014-06-16,0.3467776234570743
2014-06-17,0.612651049360943
2014-06-18,0.9393348262506229
2014-06-19,0.9979205625503347
2014-06-20,0.0
2014-06-23,0.0
2014-06-24,0.0
2014-06-25,0.0
2014-06-26,0.0
2014-06-27,0.0
2014-06-30,0.0
2014-07-01,0.0
2014-07-02,0.0
2014-07-03,0.0
2014-07-07,0.0
2014-07-08,-2.0872192862952943e-14
2014-07-09,-0.1056440979792761
2014-07-10,0.08778408556060069
2014-07-11,0.004542983769631137
2014-07-14,0.2818266955402824
2014-07-15,0.3070102698083488
2014-07-16,0.34578470219489366
2014-07-17,0.30870974838472964
2014-07-18,0.5493550368138957
2014-07-21,0.7134310699288018
2014-07-22,0.17644203452516405
2014-07-23,-0.6488331147813611
2014-07-24,-0.9418453872322752
2014-07-25,-0.994757335811943
2014-07-28,0.0
2014-07-29,0.0
2014-07-30,0.0
2014-07-31,0.0
2014-08-01,0.0
2014-08-04,0.0
2014-08-05,0.0
2014-08-06,0.0
2014-08-07,0.0
2014-08-08,0.0
2014-08-11,0.0
2014-08-12,-2.6645352591003757e-15
2014-08-13,0.14027902805361459
2014-08-14,0.3693021517649171
2014-08-15,0.7536357992341702
2014-08-18,0.9598155722943571
2014-08-19,0.9955529612638867
2014-08-20,0.0
2014-08-21,0.0
2014-08-22,0.0
2014-08-25,0.0
2014-08-26,0.0
2014-08-27,0.0
2014-08-28,0.0
2014-08-29,0.0
2014-09-02,0.0
2014-09-03,0.0
2014-09-04,0.0
2014-09-05,-3.552713678800501e-14
2014-09-08,0.19530314298858698
2014-09-09,0.49093140465706675
2014-09-10,0.8066606964031657
2014-09-11,0.9537649126164223
2014-09-12,0.9669322317492062
2014-09-15,0.9787768956881904
2014-09-16,0.9908954004582451
2014-09-17,0.0
2014-09-18,0.0
2014-09-19,0.0
2014-09-22,0.0
2014-09-23,0.0
2014-09-24,0.0
2014-09-25,0.0
2014-09-26,0.0
2014-09-29,0.0
2014-09-30,0.0
2014-10-01,0.0
2014-10-02,-1.2656542480726785e-14
2014-10-03,0.4600009748654381
2014-10-06,0.8929092011531881
2014-10-07,0.9943036599137609
2014-10-08,0.0
2014-10-09,0.0
2014-10-10,0.0
2014-10-13,0.0
2014-10-14,0.0
2014-10-15,0.0
2014-10-16,0.0
2014-10-17,0.0
2014-10-20,0.0
2014-10-21,0.0
2014-10-22,0.0
2014-10-23,-3.3306690738754696e-15
2014-10-24,-0.28091028781761906
2014-10-27,-0.5427640898664394
2014-10-28,-0.7446697579895267
2014-10-29,-0.8494990863452825
2014-10-30,-0.9004232463788564
2014-10-31,-0.9227275397975596
2014-11-03,-0.9415873246118773
2014-11-04,-0.9557489557927552
2014-11-05,-0.9598127831586287
2014-11-06,-0.9637552206618605
2014-11-07,-0.9669388326299904
2014-11-10,-0.9690699757277221
2014-11-11,-0.969820587424683
2014-11-12,-0.968496748704867
2014-11-13,-0.9663546580080316
2014-11-14,-0.9649259314674516
2014-11-17,-0.9613035958101228
2014-11-18,-0.9490327716978355
2014-11-19,-0.9206011491949795
2014-11-20,-0.8811559545513501
2014-11-21,-0.8201377168327497
2014-11-24,-0.7527243890521418
2014-11-25,-0.662728021117549
2014-11-26,-0.5459201031671643
2014-11-28,-0.3697695442251345
2014-12-01,-0.19990064370319183
2014-12-02,-0.025630813931458718
2014-12-03,0.08073728544305125
2014-12-04,0.15753483994430262
2014-12-05,0.23356695634654812
2014-12-08,0.2747099937637829
2014-12-09,0.22691081479072084
2014-12-10,0.14344698980735981
2014-12-11,0.05449038717374943
2014-12-12,-0.08364213540427601
2014-12-15,-0.24278636980735002
2014-12-16,-0.40187934956155535
2014-12-17,-0.4685270949115137
2014-12-18,-0.47788730965181214
2014-12-19,-0.5141765023183869
2014-12-22,-0.5249694984804809
2014-12-23,-0.4985957607342748
2014-12-24,-0.4738598619644674
2014-12-26,-0.44775948448596226
2014-12-29,-0.4278802350449369
2014-12-30,-0.4143950417380675
2014-12-31,-0.4348052934473876
2015-01-02,-0.45936053512778585
2015-01-05,-0.4830054594409159
2015-01-06,-0.4875961736888945
2015-01-07,-0.4616750318594427
2015-01-08,-0.4043793245343026
2015-01-09,-0.37525557252519226
2015-01-12,-0.3701023760693656
2015-01-13,-0.36563921254352993
2015-01-14,-0.3654925917177789
2015-01-15,-0.3761497133905718
2015-01-16,-0.3777440528025262
2015-01-20,-0.3418777056914162
2015-01-21,-0.29350206851865024
2015-01-22,-0.21829681101397935
2015-01-23,-0.1720179781091964
2015-01-26,-0.1455004419290502
2015-01-27,-0.15770725619943549
2015-01-28,-0.1988682121430987
2015-01-29,-0.22806796301682386
2015-01-30,-0.3113351118535006
2015-02-02,-0.3667809560336661
2015-02-03,-0.41746681600418256
2015-02-04,-0.4630537519990905
2015-02-05,-0.500912556310706
2015-02-06,-0.5525877870543208
2015-02-09,-0.6098270674878503
2015-02-10,-0.615329337359154
2015-02-11,-0.6219578204302687
2015-02-12,-0.6363989688847247
2015-02-13,-0.6571943176811499
2015-02-17,-0.6834748661482499
2015-02-18,-0.7108257478323794
2015-02-19,-0.7242326928431011
2015-02-20,-0.7413982034528437
2015-02-23,-0.7611265451386862
2015-02-24,-0.7719139452873791
2015-02-25,-0.784382957357578
2015-02-26,-0.7856712583586072
2015-02-27,-0.7642852819900072
2015-03-02,-0.7446396409271614
2015-03-03,-0.7317572049864793
2015-03-04,-0.7323625233827258
2015-03-05,-0.7359512478638548
2015-03-06,-0.7643518382810819
2015-03-09,-0.7935154695821731
2015-03-10,-0.8348045179410026
2015-03-11,-0.8791788337821642
2015-03-12,-0.9028267604131319
2015-03-13,-0.9297050274323571
2015-03-16,-0.9469140874551818
2015-03-17,-0.9589002081310096
2015-03-18,-0.9679550321498203
2015-03-19,-0.9775716839914117
2015-03-20,-0.982647483214093
2015-03-23,-0.9867305505878996
2015-03-24,-0.9902008714265091
2015-03-25,0.0
2015-03-26,0.0
2015-03-27,0.0
2015-03-30,0.0
2015-03-31,0.0
2015-04-01,0.0
2015-04-02,0.0
2015-04-06,0.0
2015-04-07,0.0
2015-04-08,0.0
2015-04-09,0.0
2015-04-10,-7.105427357601002e-15
2015-04-13,0.005744335518677479
2015-04-14,-0.11461202208606824
2015-04-15,-0.2912982368599599
2015-04-16,-0.3350251324628204
2015-04-17,-0.5258384503901272
2015-04-20,-0.5277280231591175
2015-04-21,-0.47558101936617825
2015-04-22,-0.15082695540571978
2015-04-23,-0.008111152934048738
2015-04-24,0.0968261669988546
2015-04-27,0.16535634786724618
2015-04-28,0.20059343288924825
2015-04-29,0.0982649066137895
2015-04-30,0.03248157969084153
2015-05-01,0.13554670416044967
2015-05-04,0.255150773436551
2015-05-05,0.27627432500838456
2015-05-06,0.25826005795225027
2015-05-07,0.2577335233794762
2015-05-08,0.37040007360218663
2015-05-11,0.45777142579966723
2015-05-12,0.45117974690147244
2015-05-13,0.5642433507470581
2015-05-14,0.7650549295925129
2015-05-15,0.8893603891245991
2015-05-18,0.9414268286572505
2015-05-19,0.9703767021020615
2015-05-20,0.9865508003820149
2015-05-21,0.9931272705228771
2015-05-22,0.0
2015-05-26,0.0
2015-05-27,0.0
2015-05-28,0.0
2015-05-29,0.0
2015-06-01,0.0
2015-06-02,0.0
2015-06-03,0.0
2015-06-04,0.0
2015-06-05,0.0
2015-06-08,0.0
2015-06-09,-5.773159728050814e-15
2015-06-10,-0.23821115621614197
2015-06-11,-0.3953008878089612
2015-06-12,-0.5809255130740865
2015-06-15,-0.8101009848337268
2015-06-16,-0.8633812524582507
2015-06-17,-0.8778227740823581
2015-06-18,-0.8335951618046264
2015-06-19,-0.8294562415468469
2015-06-22,-0.811519088031158
2015-06-23,-0.8118655122010434
2015-06-24,-0.8433500945745869
2015-06-25,-0.8903004990321981
2015-06-26,-0.9258715725466542
2015-06-29,-0.9760871380110594
2015-06-30,-0.9948211296880995
2015-07-01,0.0
2015-07-02,0.0
2015-07-06,0.0
2015-07-07,0.0
2015-07-08,0.0
2015-07-09,0.0
2015-07-10,0.0
2015-07-13,0.0
2015-07-14,0.0
2015-07-15,0.0
2015-07-16,0.0
2015-07-17,-9.103828801926284e-15
2015-07-20,0.2886899677280592
2015-07-21,0.48154723129208277
2015-07-22,0.5783416107848574
2015-07-23,0.6487058433842594
2015-07-24,0.6448681489020538
2015-07-27,0.6578027415131487
2015-07-28,0.6716224473637922
2015-07-29,0.6904120007651309
2015-07-30,0.7038884431576926
2015-07-31,0.7776171038065467
2015-08-03,0.8704831515816076
2015-08-04,0.9404441464997155
2015-08-05,0.9790959773144177
2015-08-06,0.9923560636698772
2015-08-07,0.0
2015-08-10,0.0
2015-08-11,0.0
2015-08-12,0.0
2015-08-13,0.0
2015-08-14,0.0
2015-08-17,0.0
2015-08-18,0.0
2015-08-19,0.0
2015-08-20,0.0
2015-08-21,0.0
2015-08-24,1.1102230246251565e-15
2015-08-25,-0.5816650756659034
2015-08-26,-0.8259499795100007
2015-08-27,-0.9166705087551177
2015-08-28,-0.9582768953705569
2015-08-31,-0.981540522081477
2015-09-01,-0.9948278971532571
2015-09-02,0.0
2015-09-03,0.0
2015-09-04,0.0
2015-09-08,0.0
2015-09-09,0.0
2015-09-10,0.0
2015-09-11,0.0
2015-09-14,0.0
2015-09-15,0.0
2015-09-16,0.0
2015-09-17,0.0
2015-09-18,7.327471962526033e-15
2015-09-21,0.3038090773755908
2015-09-22,0.39833312442605395
2015-09-23,0.4702511835034211
2015-09-24,0.6521806317344765
2015-09-25,0.8603581244102976
2015-09-28,0.947638093681558
2015-09-29,0.9854704046509164
2015-09-30,0.9983404981744073
2015-10-01,0.0
2015-10-02,0.0
2015-10-05,0.0
2015-10-06,0.0
2015-10-07,0.0
2015-10-08,0.0
2015-10-09,0.0
2015-10-12,0.0
2015-10-13,0.0
2015-10-14,0.0
2015-10-15,0.0
2015-10-16,9.325873406851315e-15
2015-10-19,0.17436232797482787
2015-10-20,0.40724296079784494
2015-10-21,0.572116712192146
2015-10-22,0.8372952239254432
2015-10-23,0.930300646445587
2015-10-26,0.9680057861952918
2015-10-27,0.9863040405797363
2015-10-28,0.9950136632894611
2015-10-29,0.0
2015-10-30,0.0
2015-11-02,0.0
2015-11-03,0.0
2015-11-04,0.0
2015-11-05,0.0
2015-11-06,0.0
2015-11-09,0.0
2015-11-10,0.0
2015-11-11,0.0
2015-11-12,0.0
2015-11-13,-2.886579864025407e-15
2015-11-16,-0.02714314765336412
2015-11-17,-0.20431123280351504
2015-11-18,-0.06032515027612373
2015-11-19,0.4603592471196738
2015-11-20,0.6045045465801224
2015-11-23,0.8339208364571027
2015-11-24,0.9660933508026202
2015-11-25,0.9952140374778649
2015-11-27,0.0
2015-11-30,0.0
2015-12-01,0.0
2015-12-02,0.0
2015-12-03,0.0
2015-12-04,0.0
2015-12-07,0.0
2015-12-08,0.0
2015-12-09,0.0
2015-12-10,0.0
2015-12-11,0.0
2015-12-14,-1.7541523789077473e-14
2015-12-15,0.187201085485325
2015-12-16,0.7258069693767186
2015-12-17,0.8931582170444232
2015-12-18,0.8176932257027598
2015-12-21,0.8005889968301356
2015-12-22,0.8923532909004919
2015-12-23,0.971325742790712
2015-12-24,0.9919224663069219
2015-12-28,0.0
2015-12-29,0.0
2015-12-30,0.0
2015-12-31,0.0
2016-01-04,0.0
2016-01-05,0.0
2016-01-06,0.0
2016-01-07,0.0
2016-01-08,0.0
2016-01-11,0.0
2016-01-12,0.0
2016-01-13,-5.551115123125783e-15
2016-01-14,-0.16337833300135918
2016-01-15,-0.40020612230752417
2016-01-19,-0.5072514240664971
2016-01-20,-0.6859126130045783
2016-01-21,-0.8084080714303092
2016-01-22,-0.8358279878668371
2016-01-25,-0.8513032242549627
2016-01-26,-0.8709338922851029
2016-01-27,-0.8872695507544412
2016-01-28,-0.872428110544498
2016-01-29,-0.8304159821324912
2016-02-01,-0.7736844316926947
2016-02-02,-0.7674497022841527
2016-02-03,-0.7330058670737243
2016-02-04,-0.7178923988093759
2016-02-05,-0.7127213752682491
2016-02-08,-0.6848574243307786
2016-02-09,-0.5754056961612721
2016-02-10,-0.5576531022230262
2016-02-11,-0.558798889717403
2016-02-12,-0.4644288488258195
2016-02-16,-0.3253632163158686
2016-02-17,-0.15727013324595784
2016-02-18,0.03331846314082143
2016-02-19,0.24217149090249634
2016-02-22,0.45309142982641104
2016-02-23,0.5983975940324755
2016-02-24,0.7342355911166909
2016-02-25,0.8470826704418695
2016-02-26,0.8767050394560889
2016-02-29,0.9007608683371291
2016-03-01,0.9370521618411969
2016-03-02,0.9625667447956838
2016-03-03,0.9803490837357267
2016-03-04,0.9908702794944135
2016-03-07,0.0
2016-03-08,0.0
2016-03-09,0.0
2016-03-10,0.0
2016-03-11,0.0
2016-03-14,0.0
2016-03-15,0.0
2016-03-16,0.0
2016-03-17,0.0
2016-03-18,0.0
2016-03-21,0.0
2016-03-22,-9.992007221626409e-15
2016-03-23,0.14250618244483326
2016-03-24,0.30633349392842524
2016-03-28,0.5026054189446272
2016-03-29,0.769525604077075
2016-03-30,0.9155458342592668
2016-03-31,0.9689357586219449
2016-04-01,0.9933909239490006
2016-04-04,0.0
2016-04-05,0.0
2016-04-06,0.0
2016-04-07,0.0
2016-04-08,0.0
2016-04-11,0.0
2016-04-12,0.0
2016-04-13,0.0
2016-04-14,0.0
2016-04-15,0.0
2016-04-18,0.0
2016-04-19,2.6645352591003757e-14
2016-04-20,-0.9121576113436991
2016-04-21,-0.9998841116321409
2016-04-22,0.0
2016-04-25,0.0
2016-04-26,0.0
2016-04-27,0.0
2016-04-28,0.0
2016-04-29,0.0
2016-05-02,0.0
2016-05-03,0.0
2016-05-04,0.0
2016-05-05,0.0
2016-05-06,0.0
2016-05-09,8.659739592076221e-15
2016-05-10,0.6566380425787166
2016-05-11,0.8737152453093493
2016-05-12,0.985247748126991
2016-05-13,0.9953678239109836
2016-05-16,0.0
2016-05-17,0.0
2016-05-18,0.0
2016-05-19,0.0
2016-05-20,0.0
2016-05-23,0.0
2016-05-24,0.0
2016-05-25,0.0
2016-05-26,0.0
2016-05-27,0.0
2016-05-31,0.0
2016-06-01,2.042810365310288e-14
2016-06-02,0.08555283240548262
2016-06-03,0.31295971386196775
2016-06-06,0.6176298530055848
2016-06-07,0.801595720088585
2016-06-08,0.9285514462548521
2016-06-09,0.9838024778176229
2016-06-10,0.9980406881160067
2016-06-13,0.0
2016-06-14,0.0
2016-06-15,0.0
2016-06-16,0.0
2016-06-17,0.0
2016-06-20,0.0
2016-06-21,0.0
2016-06-22,0.0
2016-06-23,0.0
2016-06-24,0.0
2016-06-27,0.0
2016-06-28,-1.3100631690576847e-14
2016-06-29,-0.14147269762109582
2016-06-30,0.09808224458012171
2016-07-01,0.2340375937532615
2016-07-05,0.46026434434190744
2016-07-06,0.5957518511117401
2016-07-07,0.6628068961174347
2016-07-08,0.7736728582826045
2016-07-11,0.8743199400845176
2016-07-12,0.9345795523623814
2016-07-13,0.9726776282551766
2016-07-14,0.988781780722255
2016-07-15,0.9953147880638629
2016-07-18,0.0
2016-07-19,0.0
2016-07-20,0.0
2016-07-21,0.0
2016-07-22,0.0
2016-07-25,0.0
2016-07-26,0.0
2016-07-27,0.0
2016-07-28,0.0
2016-07-29,0.0
2016-08-01,0.0
2016-08-02,0.0
2016-08-03,-0.21865982740149903
2016-08-04,-0.43022699441513
2016-08-05,-0.6031589371910238
2016-08-08,-0.7367280798248088
2016-08-09,-0.8285935573791119
2016-08-10,-0.884016879481553
2016-08-11,-0.9173034345165281
2016-08-12,-0.9329262497152195
2016-08-15,-0.9398160323257527
2016-08-16,-0.9556345466721454
2016-08-17,-0.9634570951521284
2016-08-18,-0.9692848611891387
2016-08-19,-0.9763864936676792
2016-08-22,-0.9834613342690384
2016-08-23,-0.987779633811021
2016-08-24,-0.9909856285007437
2016-08-25,0.0
2016-08-26,0.0
2016-08-29,0.0
2016-08-30,0.0
2016-08-31,0.0
2016-09-01,0.0
2016-09-02,0.0
2016-09-06,0.0
2016-09-07,0.0
2016-09-08,0.0
2016-09-09,0.0
2016-09-12,-8.215650382226158e-15
2016-09-13,-0.40403714846535843
2016-09-14,-0.7439487846497319
2016-09-15,-0.8762153891371673
2016-09-16,-0.9602070199520454
2016-09-19,-0.9897599741712348
2016-09-20,-0.9963906128323516
2016-09-21,0.0
2016-09-22,0.0
2016-09-23,0.0
2016-09-26,0.0
2016-09-27,0.0
2016-09-28,0.0
2016-09-29,0.0
2016-09-30,0.0
2016-10-03,0.0
2016-10-04,0.0
2016-10-05,0.0
2016-10-06,-8.215650382226158e-15
2016-10-07,-0.2727827314397877
2016-10-10,-0.4985952745215254
2016-10-11,-0.727637192472296
2016-10-12,-0.8216256811213751
2016-10-13,-0.8886917060458026
2016-10-14,-0.939824262623981
2016-10-17,-0.9716883747735479
2016-10-18,-0.9776081137202206
2016-10-19,-0.980057722850951
2016-10-20,-0.9851004051392891
2016-10-21,-0.9850563477610819
2016-10-24,-0.9731058905609549
2016-10-25,-0.9558196018605685
2016-10-26,-0.9384745980970641
2016-10-27,-0.9409728692373085
2016-10-28,-0.9362559440721232
2016-10-31,-0.918546441841009
2016-11-01,-0.9221902477401533
2016-11-02,-0.9306588394236535
2016-11-03,-0.9394163596599365
2016-11-04,-0.9628699558080562
2016-11-07,-0.9493256267192831
2016-11-08,-0.9010021425237398
2016-11-09,-0.8925773782260551
2016-11-10,-0.966116667682229
2016-11-11,-0.9902065433329235
2016-11-14,0.0
2016-11-15,0.0
2016-11-16,0.0
2016-11-17,0.0
2016-11-18,0.0
2016-11-21,0.0
2016-11-22,0.0
2016-11-23,0.0
2016-11-25,0.0
2016-11-28,0.0
2016-11-29,0.0
2016-11-30,1.532107773982716e-14
2016-12-01,-0.5339186957821345
2016-12-02,-0.7802973433565743
2016-12-05,-0.8552570353231992
2016-12-06,-0.9145130964285506
2016-12-07,-0.825155955573057
2016-12-08,-0.7962890479943292
2016-12-09,-0.29117381375834905
2016-12-12,0.31066087379370955
2016-12-13,0.6963911280440267
2016-12-14,0.7772909953619771
2016-12-15,0.9010130331655419
2016-12-16,0.9720613297259939
2016-12-19,0.9925524288752072
2016-12-20,0.0
2016-12-21,0.0
2016-12-22,0.0
2016-12-23,0.0
2016-12-27,0.0
2016-12-28,0.0
2016-12-29,0.0
2016-12-30,0.0
2017-01-03,0.0
2017-01-04,0.0
2017-01-05,0.0
2017-01-06,1.865174681370263e-14
2017-01-09,-0.5125867956428911
2017-01-10,-0.951559968911905
2017-01-11,-0.9983375463591284
2017-01-12,0.0
2017-01-13,0.0
2017-01-17,0.0
2017-01-18,0.0
2017-01-19,0.0
2017-01-20,0.0
2017-01-23,0.0
2017-01-24,0.0
2017-01-25,0.0
2017-01-26,0.0
2017-01-27,0.0
2017-01-30,1.4654943925052066e-14
2017-01-31,0.09615411923042894
2017-02-01,0.008572543850580816
2017-02-02,0.004137711532250954
2017-02-03,0.07473395590256704
2017-02-06,0.15080191225613437
2017-02-07,0.38006159391279626
2017-02-08,0.6098533548598257
2017-02-09,0.5426339829275073
2017-02-10,0.19064305944687554
2017-02-13,-0.16970226055968363
2017-02-14,-0.5161045100284318
2017-02-15,-0.7755093777323614
2017-02-16,-0.8068698970362971
2017-02-17,-0.8291296806307673
2017-02-21,-0.8120721524705301
2017-02-22,-0.7681065891982208
2017-02-23,-0.7058333863797106
2017-02-24,-0.6041785002290605
2017-02-27,-0.521631233650202
2017-02-28,-0.33713750150014654
2017-03-01,-0.06232920847872525
2017-03-02,0.31920185953861546
2017-03-03,0.6272709709066762
2017-03-06,0.7790513223457618
2017-03-07,0.8568161815541515
2017-03-08,0.9104784072347454
2017-03-09,0.9480080063574765
2017-03-10,0.9781386838842088
2017-03-13,0.9926490283462577
2017-03-14,0.0
2017-03-15,0.0
2017-03-16,0.0
2017-03-17,0.0
2017-03-20,0.0
2017-03-21,0.0
2017-03-22,0.0
2017-03-23,0.0
2017-03-24,0.0
2017-03-27,0.0
2017-03-28,0.0
2017-03-29,-1.9095836023552692e-14
2017-03-30,0.44297274959045874
2017-03-31,0.6209825272131468
2017-04-03,0.7318678254392328
2017-04-04,0.9144761669134778
2017-04-05,0.9675483822758115
2017-04-06,0.9925247850566765
2017-04-07,0.0
2017-04-10,0.0
2017-04-11,0.0
2017-04-12,0.0
2017-04-13,0.0
2017-04-17,0.0
2017-04-18,0.0
2017-04-19,0.0
2017-04-20,0.0
2017-04-21,0.0
2017-04-24,0.0
2017-04-25,7.993605777301127e-15
2017-04-26,0.19325659820100505
2017-04-27,0.1927498076171672
2017-04-28,0.2941507247102062
2017-05-01,0.42959340355345055
2017-05-02,0.6313820362584845
2017-05-03,0.7504398296275929
2017-05-04,0.906971628359261
2017-05-05,0.9726658449434196
2017-05-08,0.995907289857505
2017-05-09,0.0
2017-05-10,0.0
2017-05-11,0.0
2017-05-12,0.0
2017-05-15,0.0
2017-05-16,0.0
2017-05-17,0.0
2017-05-18,0.0
2017-05-19,0.0
2017-05-22,0.0
2017-05-23,0.0
2017-05-24,2.020605904817785e-14
2017-05-25,0.6600678350708211
2017-05-26,0.9322623688195211
2017-05-30,0.9923061093297436
2017-05-31,0.0
2017-06-01,0.0
2017-06-02,0.0
2017-06-05,0.0
2017-06-06,0.0
2017-06-07,0.0
2017-06-08,0.0
2017-06-09,0.0
2017-06-12,0.0
2017-06-13,0.0
2017-06-14,0.0
2017-06-15,7.771561172376096e-15
2017-06-16,0.07175652621011652
2017-06-19,0.19050745648004908
2017-06-20,0.4490071816683303
2017-06-21,0.4362894715479446
2017-06-22,0.3319418014274924
2017-06-23,0.3416931626660884
2017-06-26,0.4543541450218993
2017-06-27,0.3485987764941336
2017-06-28,0.39670355243889155
2017-06-29,0.16451627358842513
2017-06-30,-0.060018802343045685
2017-07-03,-0.32006614005671796
2017-07-05,-0.5116269798190738
2017-07-06,-0.7922398201130612
2017-07-07,-0.9301062697775395
2017-07-10,-0.9813658315940332
2017-07-11,-0.9963650815839897
2017-07-12,0.0
2017-07-13,0.0
2017-07-14,0.0
2017-07-17,0.0
2017-07-18,0.0
2017-07-19,0.0
2017-07-20,0.0
2017-07-21,0.0
2017-07-24,0.0
2017-07-25,0.0
2017-07-26,0.0
2017-07-27,-4.218847493575595e-15
2017-07-28,0.4334689851879534
2017-07-31,0.6895881840404563
2017-08-01,0.8244263572379094
2017-08-02,0.8946608432726895
2017-08-03,0.9436748566704607
2017-08-04,0.9645322412200998
2017-08-07,0.9813433367539246
2017-08-08,0.9899087081437894
2017-08-09,0.9945562622136883
2017-08-10,0.0
2017-08-11,0.0
2017-08-14,0.0
2017-08-15,0.0
2017-08-16,0.0
2017-08-17,0.0
2017-08-18,0.0
2017-08-21,0.0
2017-08-22,0.0
2017-08-23,0.0
2017-08-24,0.0
2017-08-25,3.5083047578154947e-14
2017-08-28,-0.28069725395362566
2017-08-29,-0.4906843366339013
2017-08-30,-0.6844781171105823
2017-08-31,-0.7552324526819463
2017-09-01,-0.722679901176619
2017-09-05,-0.6212557507484449
2017-09-06,-0.48328238028586323
2017-09-07,-0.10891580998883099
2017-09-08,0.28661463482321103
2017-09-11,0.701536974378417
2017-09-12,0.9361132815296798
2017-09-13,0.9941735250642081
2017-09-14,0.0
2017-09-15,0.0
2017-09-18,0.0
2017-09-19,0.0
2017-09-20,0.0
2017-09-21,0.0
2017-09-22,0.0
2017-09-25,0.0
2017-09-26,0.0
2017-09-27,0.0
2017-09-28,0.0
2017-09-29,0.0
2017-10-02,-0.32720505717841775
2017-10-03,-0.45711501205230354
2017-10-04,-0.46784575830867126
2017-10-05,-0.47179661050531374
2017-10-06,-0.4851860934391963
2017-10-09,-0.521369288111353
2017-10-10,-0.42116251731580756
2017-10-11,-0.2423261941381647
2017-10-12,-0.05573341641692586
2017-10-13,0.14833654862198964
2017-10-16,0.4603945926427011
2017-10-17,0.6737637453709846
2017-10-18,0.8022907136015882
2017-10-19,0.9023633566715836
2017-10-20,0.9466122491419924
2017-10-23,0.9704006938776266
2017-10-24,0.9817219283376926
2017-10-25,0.9873013144053151
2017-10-26,0.9927329911209093
2017-10-27,0.0
2017-10-30,0.0
2017-10-31,0.0
2017-11-01,0.0
2017-11-02,0.0
2017-11-03,0.0
2017-11-06,0.0
2017-11-07,0.0
2017-11-08,0.0
2017-11-09,0.0
2017-11-10,0.0
2017-11-13,3.197442310920451e-14
2017-11-14,0.7472709402867797
2017-11-15,0.912350273576235
2017-11-16,0.9580636562919616
2017-11-17,0.9131825389687351
2017-11-20,0.781389819358248
2017-11-21,0.6839350261554002
2017-11-22,0.5930285336165535
2017-11-24,0.5111482388885182
2017-11-27,0.43485841706885053
2017-11-28,0.32504608321250883
2017-11-29,0.051445674394196894
2017-11-30,0.0950208430039361
2017-12-01,0.23034981144658007
2017-12-04,0.4605171464231148
2017-12-05,0.6527334991171139
2017-12-06,0.8271501896437385
2017-12-07,0.8373223373029961
2017-12-08,0.7577107505884386
2017-12-11,0.6634755037599076
2017-12-12,0.5396783633340554
2017-12-13,0.6009483950136194
2017-12-14,0.6887960807816045
2017-12-15,0.7919941342340882
2017-12-18,0.8286507005297754
2017-12-19,0.8843446427284989
2017-12-20,0.9197047524919839
2017-12-21,0.9086421549026087
2017-12-22,0.8957552744355202
2017-12-26,0.9043948679988141
2017-12-27,0.9222057135844737
2017-12-28,0.9219243768545538
2017-12-29,0.933259970992379
2018-01-02,0.9199555000361319
2018-01-03,0.8958252408392431
2018-01-04,0.9256229326914212
2018-01-05,0.9471463572689953
2018-01-08,0.9601038965984756
2018-01-09,0.9767667361400618
2018-01-10,0.984162418937133
2018-01-11,0.9889332872782208
2018-01-12,0.9933114660170306
2018-01-16,0.0
2018-01-17,0.0
2018-01-18,0.0
2018-01-19,0.0
2018-01-22,0.0
2018-01-23,0.0
2018-01-24,0.0
2018-01-25,0.0
2018-01-26,0.0
2018-01-29,0.0
2018-01-30,0.0
2018-01-31,2.353672812205332e-14
2018-02-01,0.00958068074104701
2018-02-02,-0.26145620210806264
2018-02-05,-0.8757856150625047
2018-02-06,-0.9943389564074905
2018-02-07,0.0
2018-02-08,0.0
2018-02-09,0.0
2018-02-12,0.0
2018-02-13,0.0
2018-02-14,0.0
2018-02-15,0.0
2018-02-16,0.0
2018-02-20,0.0
2018-02-21,0.0
2018-02-22,0.0
2018-02-23,-1.021405182655144e-14
2018-02-26,0.01980038943215834
2018-02-27,-0.10377586550887452
2018-02-28,-0.3423327167199144
2018-03-01,-0.4847662583921677
2018-03-02,-0.5357641225767993
2018-03-05,-0.5430426356824705
2018-03-06,-0.5411992707473419
2018-03-07,-0.5636969172747084
2018-03-08,-0.44552539608027364
2018-03-09,-0.22390017576619115
2018-03-12,-0.07163319161320314
2018-03-13,0.08725221732048571
2018-03-14,0.13471516603790956
2018-03-15,0.15228968495837858
2018-03-16,0.11712510185763847
2018-03-19,0.033707546974280245
2018-03-20,-0.07138185767425309
2018-03-21,-0.2089345883978475
2018-03-22,-0.3866755288139867
2018-03-23,-0.6118525013972991
2018-03-26,-0.7316983279020044
2018-03-27,-0.8021358748609471
2018-03-28,-0.8210798205530323
2018-03-29,-0.8290343223266647
2018-04-02,-0.8901250286620428
2018-04-03,-0.8976452645001489
2018-04-04,-0.8506126233928608
2018-04-05,-0.7750353669504677
2018-04-06,-0.7347287398885944
2018-04-09,-0.701638623892006
2018-04-10,-0.6464542674917708
2018-04-11,-0.5867671257393579
2018-04-12,-0.5169976753426433
2018-04-13,-0.3625370663643155
2018-04-16,-0.16268064964134754
2018-04-17,0.08152580390618613
2018-04-18,0.2487195266236557
2018-04-19,0.36936076563918174
2018-04-20,0.3903061413247333
2018-04-23,0.44767952413193846
2018-04-24,0.36263260042346457
2018-04-25,0.16468234595147657
2018-04-26,0.01600221975022187
2018-04-27,-0.0331608612678298
2018-04-30,-0.09856628332503048
2018-05-01,-0.2648738985213255
2018-05-02,-0.49227077122125573
2018-05-03,-0.690875326715892
2018-05-04,-0.7949131747041494
2018-05-07,-0.8810488924326383
2018-05-08,-0.9444884313059922
2018-05-09,-0.9768640565132702
2018-05-10,-0.9889370705616927
2018-05-11,-0.995112274171081
2018-05-14,0.0
2018-05-15,0.0
2018-05-16,0.0
2018-05-17,0.0
2018-05-18,0.0
2018-05-21,0.0
2018-05-22,0.0
2018-05-23,0.0
2018-05-24,0.0
2018-05-25,0.0
2018-05-29,0.0
2018-05-30,2.042810365310288e-14
2018-05-31,0.37333953613041104
2018-06-01,0.6902737027854746
2018-06-04,0.9186870755677892
2018-06-05,0.9717202409188892
2018-06-06,0.995281936108098
2018-06-07,0.0
2018-06-08,0.0
2018-06-11,0.0
2018-06-12,0.0
2018-06-13,0.0
2018-06-14,0.0
2018-06-15,0.0
2018-06-18,0.0
2018-06-19,0.0
2018-06-20,0.0
2018-06-21,0.0
2018-06-22,0.0
2018-06-25,0.018615811438357
2018-06-26,-0.12052015578713271
2018-06-27,-0.3915193746060115
2018-06-28,-0.4216952401800884
2018-06-29,-0.2503073452479714
2018-07-02,-0.13681838940547975
2018-07-03,0.10210970919720919
2018-07-05,0.6071601006790148
2018-07-06,0.8746900510841109
2018-07-09,0.9576396479807867
2018-07-10,0.9957058890406154
2018-07-11,0.0
2018-07-12,0.0
2018-07-13,0.0
2018-07-16,0.0
2018-07-17,0.0
2018-07-18,0.0
2018-07-19,0.0
2018-07-20,0.0
2018-07-23,0.0
2018-07-24,0.0
2018-07-25,0.0
2018-07-26,2.4424906541753444e-14
2018-07-27,0.42370644313553885
2018-07-30,0.7231746625054276
2018-07-31,0.9256028150927338
2018-08-01,0.979644889529923
2018-08-02,0.9935663228230878
2018-08-03,0.0
2018-08-06,0.0
2018-08-07,0.0
2018-08-08,0.0
2018-08-09,0.0
2018-08-10,0.0
2018-08-13,0.0
2018-08-14,0.0
2018-08-15,0.0
2018-08-16,0.0
2018-08-17,0.0
2018-08-20,2.6867397195928788e-14
2018-08-21,-0.06302423817790781
2018-08-22,-0.31269412972948163
2018-08-23,-0.6296256247362373
2018-08-24,-0.8428185601838547
2018-08-27,-0.9365961621082093
2018-08-28,-0.9881909014466816
2018-08-29,-0.9985014993887993
2018-08-30,0.0
2018-08-31,0.0
2018-09-04,0.0
2018-09-05,0.0
2018-09-06,0.0
2018-09-07,0.0
2018-09-10,0.0
2018-09-11,0.0
2018-09-12,0.0
2018-09-13,0.0
2018-09-14,0.0
2018-09-17,1.532107773982716e-14
2018-09-18,0.1893959762404127
2018-09-19,0.364307690486084
2018-09-20,0.6589887285050735
2018-09-21,0.8319607423844131
2018-09-24,0.8897805009285258
2018-09-25,0.9048080371429046
2018-09-26,0.9273740299639439
2018-09-27,0.9510941214300952
2018-09-28,0.9718002771686136
2018-10-01,0.9846052774455636
2018-10-02,0.9936457373042966
2018-10-03,0.0
2018-10-04,0.0
2018-10-05,0.0
2018-10-08,0.0
2018-10-09,0.0
2018-10-10,0.0
2018-10-11,0.0
2018-10-12,0.0
2018-10-15,0.0
2018-10-16,0.0
2018-10-17,0.0
2018-10-18,-1.021405182655144e-14
2018-10-19,0.26075328623675675
2018-10-22,0.36930059506530655
2018-10-23,0.5688626225067848
2018-10-24,0.7810566125114529
2018-10-25,0.8804446604631888
2018-10-26,0.8977824190675656
2018-10-29,0.9446044799062632
2018-10-30,0.9912394352293565
2018-10-31,0.0
2018-11-01,0.0
2018-11-02,0.0
2018-11-05,0.0
2018-11-06,0.0
2018-11-07,0.0
2018-11-08,0.0
2018-11-09,0.0
2018-11-12,0.0
2018-11-13,0.0
2018-11-14,0.0
2018-11-15,2.4424906541753444e-15
2018-11-16,0.2900183438521129
2018-11-19,0.5929475573326415
2018-11-20,0.6291677238543805
2018-11-21,0.5506370121512663
2018-11-23,0.5248593857143353
2018-11-26,0.4720268248126769
2018-11-27,0.5128799002645055
2018-11-28,0.6046250649328355
2018-11-29,0.6347432641314461
2018-11-30,0.8185086916076945
2018-12-03,0.8821677535027532
2018-12-04,0.9206956410721885
2018-12-06,0.9410585143880925
2018-12-07,0.9484792174516739
2018-12-10,0.9586585444322389
2018-12-11,0.9722666665989728
2018-12-12,0.9775669165390335
2018-12-13,0.9844647921075262
2018-12-14,0.9883784143618226
2018-12-17,0.9836942392469674
2018-12-18,0.9775524757536949
2018-12-19,0.9622639819329721
2018-12-20,0.9286504859971956
2018-12-21,0.8771958887264202
2018-12-24,0.6631779698287257
2018-12-26,0.4459467423810952
2018-12-27,0.27394658355670964
2018-12-28,0.04002805423442757
2018-12-31,-0.16897020995832035
2019-01-02,-0.41864891778001456
2019-01-03,-0.6510839776736765
2019-01-04,-0.7450787263615035
2019-01-07,-0.8532415469043837
2019-01-08,-0.9030002387232472
2019-01-09,-0.9575665447384469
2019-01-10,-0.9786307388522204
2019-01-11,-0.9882678755720811
2019-01-14,-0.9943623360386133
2019-01-15,0.0
2019-01-16,0.0
2019-01-17,0.0
2019-01-18,0.0
2019-01-22,0.0
2019-01-23,0.0
2019-01-24,0.0
2019-01-25,0.0
2019-01-28,0.0
2019-01-29,0.0
2019-01-30,0.0
2019-01-31,9.992007221626409e-15
2019-02-01,0.5591755968726271
2019-02-04,0.9349925985457925
2019-02-05,0.9956829145515698
2019-02-06,0.0
2019-02-07,0.0
2019-02-08,0.0
2019-02-11,0.0
2019-02-12,0.0
2019-02-13,0.0
2019-02-14,0.0
2019-02-15,0.0
2019-02-19,0.0
2019-02-20,0.0
2019-02-21,0.0
2019-02-22,1.7763568394002505e-15
2019-02-25,-0.24381081314117004
2019-02-26,-0.4702906024082658
2019-02-27,-0.6298484519767329
2019-02-28,-0.7298047635200271
2019-03-01,-0.8040567704180466
2019-03-04,-0.8516370598238026
2019-03-05,-0.8893986139299832
2019-03-06,-0.9205894513637707
2019-03-07,-0.9454891262439307
2019-03-08,-0.9665644885302991
2019-03-11,-0.9719917755897487
2019-03-12,-0.9772428589874083
2019-03-13,-0.9807264785473357
2019-03-14,-0.9841367119903583
2019-03-15,-0.9881638814031768
2019-03-18,-0.9909335036679883
2019-03-19,0.0
2019-03-20,0.0
2019-03-21,0.0
2019-03-22,0.0
2019-03-25,0.0
2019-03-26,0.0
2019-03-27,0.0
2019-03-28,0.0
2019-03-29,0.0
2019-04-01,0.0
2019-04-02,0.0
2019-04-03,-7.993605777301127e-15
2019-04-04,0.11120981539132924
2019-04-05,0.20835867650106166
2019-04-08,0.32651706726691554
2019-04-09,0.4703649564519312
2019-04-10,0.5816588957701159
2019-04-11,0.6890455352336182
2019-04-12,0.7777520627397152
2019-04-15,0.8749229857585059
2019-04-16,0.9298560279599752
2019-04-17,0.9733274493447257
2019-04-18,0.9928045729038357
2019-04-22,0.0
2019-04-23,0.0
2019-04-24,0.0
2019-04-25,0.0
2019-04-26,0.0
2019-04-29,0.0
2019-04-30,0.0
2019-05-01,0.0
2019-05-02,0.0
2019-05-03,0.0
2019-05-06,0.0
2019-05-07,1.84297022087776e-14
2019-05-08,-0.21392452184541733
2019-05-09,-0.5750311707127302
2019-05-10,-0.5894285242180954
2019-05-13,-0.6461641646402363
2019-05-14,-0.49802793674208456
2019-05-15,-0.1325803453847989
2019-05-16,0.3967557911812216
2019-05-17,0.6716328501578412
2019-05-20,0.7845976435418363
2019-05-21,0.8283846501879206
2019-05-22,0.9534526553567584
2019-05-23,0.9926687569991905
2019-05-24,0.0
2019-05-28,0.0
2019-05-29,0.0
2019-05-30,0.0
2019-05-31,0.0
2019-06-03,0.0
2019-06-04,0.0
2019-06-05,0.0
2019-06-06,0.0
2019-06-07,0.0
2019-06-10,0.0
2019-06-11,1.3322676295501878e-14
2019-06-12,0.29959512023302004
2019-06-13,0.5245007151067227
2019-06-14,0.7130242297463274
2019-06-17,0.8028518051135745
2019-06-18,0.8526963962074663
2019-06-19,0.9124292639793725
2019-06-20,0.9618103200295063
2019-06-21,0.9834496598571891
2019-06-24,0.9946112114137835
2019-06-25,0.0
2019-06-26,0.0
2019-06-27,0.0
2019-06-28,0.0
2019-07-01,0.0
2019-07-02,0.0
2019-07-03,0.0
2019-07-05,0.0
2019-07-08,0.0
2019-07-09,0.0
2019-07-10,0.0
2019-07-11,4.6629367034256575e-15
2019-07-12,0.22833115896970457
2019-07-15,0.42832294119827474
2019-07-16,0.5927553641458281
2019-07-17,0.7284132869047384
2019-07-18,0.795502358453684
2019-07-19,0.7170096874812537
2019-07-22,0.5749760894343159
2019-07-23,0.970577365096071
2019-07-24,0.9986658806567521
2019-07-25,0.0
2019-07-26,0.0
2019-07-29,0.0
2019-07-30,0.0
2019-07-31,0.0
2019-08-01,0.0
2019-08-02,0.0
2019-08-05,0.0
2019-08-06,0.0
2019-08-07,0.0
2019-08-08,0.0
2019-08-09,-9.769962616701378e-15
2019-08-12,0.0504260480872849
2019-08-13,0.1736534375663814
2019-08-14,0.16233776418129997
2019-08-15,0.3538290612544006
2019-08-16,0.6088782792373195
2019-08-19,0.811246298190158
2019-08-20,0.8718049676410398
2019-08-21,0.9246738317599568
2019-08-22,0.9666394510666116
2019-08-23,0.9766356248519084
2019-08-26,0.990810729819454
2019-08-27,0.0
2019-08-28,0.0
2019-08-29,0.0
2019-08-30,0.0
2019-09-03,0.0
2019-09-04,0.0
2019-09-05,0.0
2019-09-06,0.0
2019-09-09,0.0
2019-09-10,0.0
2019-09-11,0.0
2019-09-12,-1.6431300764452317e-14
2019-09-13,-0.21031504462747241
2019-09-16,-0.5363462886749168
2019-09-17,-0.6681453529876369
2019-09-18,-0.7700378908952616
2019-09-19,-0.779710148246954
2019-09-20,-0.8996228649804752
2019-09-23,-0.9419030860640367
2019-09-24,-0.9584111455214959
2019-09-25,-0.9756750453121705
2019-09-26,-0.9801712689865401
2019-09-27,-0.985731787575816
2019-09-30,-0.9873999877202431
2019-10-01,-0.9846468943846012
2019-10-02,-0.99861151821607
2019-10-03,0.0
2019-10-04,0.0
2019-10-07,0.0
2019-10-08,0.0
2019-10-09,0.0
2019-10-10,0.0
2019-10-11,0.0
2019-10-14,0.0
2019-10-15,0.0
2019-10-16,0.0
2019-10-17,0.0
2019-10-18,2.19824158875781e-14
2019-10-21,0.21173448878249057
2019-10-22,0.2309876828005848
2019-10-23,0.5570005641733309
2019-10-24,0.767646308720072
2019-10-25,0.7443898635804458
2019-10-28,0.6778385647422152
2019-10-29,0.5592807303313885
2019-10-30,0.5906294881781506
2019-10-31,0.7341419637039839
2019-11-01,0.7450409412104482
2019-11-04,0.5844373101255775
2019-11-05,0.14287717533387512
2019-11-06,-0.20554714328215495
2019-11-07,-0.6342445303380684
2019-11-08,-0.8808466255299376
2019-11-11,-0.9808775868078863
2019-11-12,-0.9983914415991937
2019-11-13,0.0
2019-11-14,0.0
2019-11-15,0.0
2019-11-18,0.0
2019-11-19,0.0
2019-11-20,0.0
2019-11-21,0.0
2019-11-22,0.0
2019-11-25,0.0
2019-11-26,0.0
2019-11-27,0.0
2019-11-29,-1.199040866595169e-14
2019-12-02,0.4182862158578562
2019-12-03,0.723675371552148
2019-12-04,0.9350282955266671
2019-12-05,0.9877558632992609
2019-12-06,0.9988019727418109
2019-12-09,0.0
2019-12-10,0.0
2019-12-11,0.0
2019-12-12,0.0
2019-12-13,0.0
2019-12-16,0.0
2019-12-17,0.0
2019-12-18,0.0
2019-12-19,0.0
2019-12-20,0.0
2019-12-23,0.0
2019-12-24,3.574918139293004e-14
2019-12-26,0.3763919099853945
2019-12-27,0.7593309870221252
2019-12-30,0.9210670355569275
2019-12-31,0.9815424308523031
2020-01-02,0.9929890123327088
2020-01-03,0.0
2020-01-06,0.0
2020-01-07,0.0
2020-01-08,0.0
2020-01-09,0.0
2020-01-10,0.0
2020-01-13,0.0
2020-01-14,0.0
2020-01-15,0.0
2020-01-16,0.0
2020-01-17,0.0
2020-01-21,-9.325873406851315e-15
2020-01-22,0.37941303049507225
2020-01-23,0.6872297247659271
2020-01-24,0.8537943265702279
2020-01-27,0.9316211556822689
2020-01-28,0.960967986890839
2020-01-29,0.9781595053071237
2020-01-30,0.9964047003866714
2020-01-31,0.0
2020-02-03,0.0
2020-02-04,0.0
2020-02-05,0.0
2020-02-06,0.0
2020-02-07,0.0
2020-02-10,0.0
2020-02-11,0.0
2020-02-12,0.0
2020-02-13,0.0
2020-02-14,0.0
2020-02-18,-1.2212453270876722e-14
2020-02-19,0.24216212072415466
2020-02-20,0.4292865298243005
2020-02-21,0.6942213357387157
2020-02-24,0.515608722665239
2020-02-25,-0.01214978173107717
2020-02-26,-0.5730801237062519
2020-02-27,-0.9945590562098179
2020-02-28,0.0
2020-03-02,0.0
2020-03-03,0.0
2020-03-04,0.0
2020-03-05,0.0
2020-03-06,0.0
2020-03-09,0.0
2020-03-10,0.0
2020-03-11,0.0
2020-03-12,0.0
2020-03-13,0.0
2020-03-16,4.440892098500626e-16
2020-03-17,-0.28877793483164527
2020-03-18,-0.6151535623238895
2020-03-19,-0.8737696908169679
2020-03-20,-0.9821474900370544
2020-03-23,-0.998646203820734
2020-03-24,0.0
2020-03-25,0.0
2020-03-26,0.0
2020-03-27,0.0
2020-03-30,0.0
2020-03-31,0.0
2020-04-01,0.0
2020-04-02,0.0
2020-04-03,0.0
2020-04-06,0.0
2020-04-07,0.0
2020-04-08,-1.7763568394002505e-15
2020-04-09,0.443456326277718
2020-04-13,0.6304950033382486
2020-04-14,0.8401420060943141
2020-04-15,0.9186336445510295
2020-04-16,0.9554151962536295
2020-04-17,0.9815877025226445
2020-04-20,0.9888893977032447
2020-04-21,0.9907846904780298
2020-04-22,0.0
2020-04-23,0.0
2020-04-24,0.0
2020-04-27,0.0
2020-04-28,0.0
2020-04-29,0.0
2020-04-30,0.0
2020-05-01,0.0
2020-05-04,0.0
2020-05-05,0.0
2020-05-06,0.0
2020-05-07,-4.884981308350689e-15
2020-05-08,0.11554601401979814
2020-05-11,0.07409416545273384
2020-05-12,-0.14591988814111478
2020-05-13,-0.5243499585448512
2020-05-14,-0.8004253392023253
2020-05-15,-0.9485958685040954
2020-05-18,-0.9640162479927532
2020-05-19,-0.9816252326348274
2020-05-20,-0.9752810990291081
2020-05-21,-0.9801165508964216
2020-05-22,-0.985501066347801
2020-05-26,-0.9780506143955017
2020-05-27,-0.9531740111475655
2020-05-28,-0.8927058092317992
2020-05-29,-0.8213134869662211
2020-06-01,-0.6909979324992843
2020-06-02,-0.5298055122799146
2020-06-03,-0.16868235372641593
2020-06-04,0.22343118072902124
2020-06-05,0.6917503648521033
2020-06-08,0.9417893238172388
2020-06-09,0.9896701198428117
2020-06-10,0.9982948369199762
2020-06-11,0.0
2020-06-12,0.0
2020-06-15,0.0
2020-06-16,0.0
2020-06-17,0.0
2020-06-18,0.0
2020-06-19,0.0
2020-06-22,0.0
2020-06-23,0.0
2020-06-24,0.0
2020-06-25,0.0
2020-06-26,-5.995204332975845e-15
2020-06-29,-0.28661285197264164
2020-06-30,-0.4652522322455832
2020-07-01,-0.5881712254321458
2020-07-02,-0.6794236583180884
2020-07-06,-0.7153191032839104
2020-07-07,-0.7489382726991223
2020-07-08,-0.7905413987347591
2020-07-09,-0.8951798894735694
2020-07-10,-0.9101538223730641
2020-07-13,-0.9192346877634827
2020-07-14,-0.9037414068142948
2020-07-15,-0.8596169522722974
2020-07-16,-0.8212905835948767
2020-07-17,-0.7229038367235341
2020-07-20,-0.6711151423366242
2020-07-21,-0.4922084128789892
2020-07-22,-0.09336689823072786
2020-07-23,0.2901032348738606
2020-07-24,0.6231710563988619
2020-07-27,0.8317006942204141
2020-07-28,0.9286982898281186
2020-07-29,0.9714142474494549
2020-07-30,0.9878312958777757
2020-07-31,0.9938638194347853
2020-08-03,0.0
2020-08-04,0.0
2020-08-05,0.0
2020-08-06,0.0
2020-08-07,0.0
2020-08-10,0.0
2020-08-11,0.0
2020-08-12,0.0
2020-08-13,0.0
2020-08-14,0.0
2020-08-17,0.0
2020-08-18,-5.551115123125783e-15
2020-08-19,-0.11793278536403684
2020-08-20,-0.2307654089701845
2020-08-21,-0.350190680799932
2020-08-24,-0.28382006435815255
2020-08-25,-0.2352875677251116
2020-08-26,-0.12440403933804345
2020-08-27,0.0006436855370672845
2020-08-28,0.48455680637661835
2020-08-31,0.7608490032850663
2020-09-01,0.8807065001849934
2020-09-02,0.9884567379236893
2020-09-03,0.998850674955186
2020-09-04,0.0
2020-09-08,0.0
2020-09-09,0.0
2020-09-10,0.0
2020-09-11,0.0
2020-09-14,0.0
2020-09-15,0.0
2020-09-16,0.0
2020-09-17,0.0
2020-09-18,0.0
2020-09-21,0.0
2020-09-22,-8.881784197001252e-15
2020-09-23,-0.6069916789734409
2020-09-24,-0.8510716933386133
2020-09-25,-0.9529200296046483
2020-09-28,-0.9772771608104478
2020-09-29,-0.992859618873156
2020-09-30,0.0
2020-10-01,0.0
2020-10-02,0.0
2020-10-05,0.0
2020-10-06,0.0
2020-10-07,0.0
2020-10-08,0.0
2020-10-09,0.0
2020-10-12,0.0
2020-10-13,0.0
2020-10-14,0.0
2020-10-15,-8.43769498715119e-15
2020-10-16,0.05084984634515921
2020-10-19,-0.030244882423792196
2020-10-20,0.08450533819350503
2020-10-21,0.11572180289047052
2020-10-22,0.3316009780899083
2020-10-23,0.4778132345831201
2020-10-26,0.4503049438208542
2020-10-27,0.44602852907070156
2020-10-28,-0.028102969150862078
2020-10-29,-0.461011433939607
2020-10-30,-0.7522252376651473
2020-11-02,-0.8681684982654798
2020-11-03,-0.8969182331205143
2020-11-04,-0.9282781650343703
2020-11-05,-0.9411901348799163
2020-11-06,-0.9515020455380891
2020-11-09,-0.771301284103366
2020-11-10,-0.06620494800240118
2020-11-11,0.6294058758202079
2020-11-12,0.9099367878044575
2020-11-13,0.9902049073055361
2020-11-16,0.0
2020-11-17,0.0
2020-11-18,0.0
2020-11-19,0.0
2020-11-20,0.0
2020-11-23,0.0
2020-11-24,0.0
2020-11-25,0.0
2020-11-27,0.0
2020-11-30,0.0
2020-12-01,0.0
2020-12-02,2.5757174171303632e-14
2020-12-03,0.1357618918550625
2020-12-04,0.6202604290172475
2020-12-07,0.7337938517799609
2020-12-08,0.845145966759175
2020-12-09,0.9258462965110048
2020-12-10,0.9548020323655753
2020-12-11,0.9808090823686502
2020-12-14,0.9914777791930347
2020-12-15,0.0
2020-12-16,0.0
2020-12-17,0.0
2020-12-18,0.0
2020-12-21,0.0
2020-12-22,0.0
2020-12-23,0.0
2020-12-24,0.0
2020-12-28,0.0
2020-12-29,0.0
2020-12-30,0.0
2020-12-31,1.4210854715202004e-14
2021-01-04,-0.2817396216302972
2021-01-05,-0.6460059553619151
2021-01-06,-0.9638520316884522
2021-01-07,-0.9993250862513843
2021-01-08,0.0
2021-01-11,0.0
2021-01-12,0.0
2021-01-13,0.0
2021-01-14,0.0
2021-01-15,0.0
2021-01-19,0.0
2021-01-20,0.0
2021-01-21,0.0
2021-01-22,0.0
2021-01-25,0.0
2021-01-26,-9.103828801926284e-15
2021-01-27,-0.21289536445776935
2021-01-28,-0.25354926213564144
2021-01-29,-0.5038369406813894
2021-02-01,-0.6409858182028405
2021-02-02,-0.6836238366122687
2021-02-03,-0.7440055850906457
2021-02-04,-0.7690726618146813
2021-02-05,-0.7231274442206841
2021-02-08,-0.6386110623478385
2021-02-09,-0.5777470427990599
2021-02-10,-0.5299746344970384
2021-02-11,-0.3659757124683445
2021-02-12,-0.11698794448446259
2021-02-16,0.05643623525704222
2021-02-17,0.19623222973207932
2021-02-18,0.4270403871380013
2021-02-19,0.5298268675247924
2021-02-22,0.6770939731563488
2021-02-23,0.7802199225607858
2021-02-24,0.8648811709414965
2021-02-25,0.8993281714200385
2021-02-26,0.8774499182346254
2021-03-01,0.8975094907250334
2021-03-02,0.9214448567867075
2021-03-03,0.9369395242752987
2021-03-04,0.94862749821725
2021-03-05,0.972044697730799
2021-03-08,0.9907165283543231
2021-03-09,0.0
2021-03-10,0.0
2021-03-11,0.0
2021-03-12,0.0
2021-03-15,0.0
2021-03-16,0.0
2021-03-17,0.0
2021-03-18,0.0
2021-03-19,0.0
2021-03-22,0.0
2021-03-23,0.0
2021-03-24,-1.4432899320127035e-14
2021-03-25,0.5629748875861575
2021-03-26,0.9717076295297793
2021-03-29,0.9999482442234819
2021-03-30,0.0
2021-03-31,0.0
2021-04-01,0.0
2021-04-05,0.0
2021-04-06,0.0
2021-04-07,0.0
2021-04-08,0.0
2021-04-09,0.0
2021-04-12,0.0
2021-04-13,0.0
2021-04-14,0.0
2021-04-15,3.6637359812630166e-14
2021-04-16,0.4890399051766465
2021-04-19,0.8898095190694069
2021-04-20,0.9918070059909396
2021-04-21,0.0
2021-04-22,0.0
2021-04-23,0.0
2021-04-26,0.0
2021-04-27,0.0
2021-04-28,0.0
2021-04-29,0.0
2021-04-30,0.0
2021-05-03,0.0
2021-05-04,0.0
2021-05-05,0.0
2021-05-06,-9.992007221626409e-15
2021-05-07,0.20878476123158185
2021-05-10,0.5707186564799742
2021-05-11,0.6219477847175479
2021-05-12,0.5670503437604473
2021-05-13,0.6789212321188691
2021-05-14,0.8148915151005645
2021-05-17,0.8874871428960911
2021-05-18,0.903209885124644
2021-05-19,0.8978293200891909
2021-05-20,0.9396989451913893
2021-05-21,0.9639570474219081
2021-05-24,0.9837079374438793
2021-05-25,0.9928859348214822
2021-05-26,0.0
2021-05-27,0.0
2021-05-28,0.0
2021-06-01,0.0
2021-06-02,0.0
2021-06-03,0.0
2021-06-04,0.0
2021-06-07,0.0
2021-06-08,0.0
2021-06-09,0.0
2021-06-10,0.0
2021-06-11,-5.10702591327572e-15
2021-06-14,0.19007089316784298
2021-06-15,0.28359703978407924
2021-06-16,-0.027100086354507225
2021-06-17,-0.17259179542025116
2021-06-18,-0.7531305295700603
2021-06-21,-0.9055814773225632
2021-06-22,-0.9584065473685697
2021-06-23,-0.9919238390574512
2021-06-24,0.0
2021-06-25,0.0
2021-06-28,0.0
2021-06-29,0.0
2021-06-30,0.0
2021-07-01,0.0
2021-07-02,0.0
2021-07-06,0.0
2021-07-07,0.0
2021-07-08,0.0
2021-07-09,0.0
2021-07-12,-3.530509218307998e-14
2021-07-13,0.714764468859125
2021-07-14,0.9996924249220946
2021-07-15,0.0
2021-07-16,0.0
2021-07-19,0.0
2021-07-20,0.0
2021-07-21,0.0
2021-07-22,0.0
2021-07-23,0.0
2021-07-26,0.0
2021-07-27,0.0
2021-07-28,0.0
2021-07-29,0.0
2021-07-30,1.9317880628477724e-14
2021-08-02,0.11205987120496053
2021-08-03,0.23075908797979094
2021-08-04,0.0031482748586291187
2021-08-05,-0.05013348860715139
2021-08-06,-0.04502969260829648
2021-08-09,-0.03642137118483557
2021-08-10,0.027673812788336027
2021-08-11,0.0629893430797892
2021-08-12,0.13514091872431133
2021-08-13,0.3304394924034333
2021-08-16,0.5636745884306482
2021-08-17,0.6980306988964431
2021-08-18,0.6619415326671878
2021-08-19,0.6974793306619356
2021-08-20,0.6900679344331242
2021-08-23,0.644270964167927
2021-08-24,0.498668415568849
2021-08-25,0.34895257011462166
2021-08-26,0.03626339752729146
2021-08-27,-0.2425235496461262
2021-08-30,-0.3574300856259529
2021-08-31,-0.4309336385360225
2021-09-01,-0.411381992475353
2021-09-02,-0.3730182864790139
2021-09-03,-0.34449262980156203
2021-09-07,-0.5515694271166451
2021-09-08,-0.5861259549618336
2021-09-09,-0.7087289427265366
2021-09-10,-0.8285205792286598
2021-09-13,-0.873374531138682
2021-09-14,-0.9053847113381199
2021-09-15,-0.9205005181280228
2021-09-16,-0.954104408897865
2021-09-17,-0.9879153916589698
2021-09-20,-0.9982285835722566
2021-09-21,0.0
2021-09-22,0.0
2021-09-23,0.0
2021-09-24,0.0
2021-09-27,0.0
2021-09-28,0.0
2021-09-29,0.0
2021-09-30,0.0
2021-10-01,0.0
2021-10-04,0.0
2021-10-05,0.0
2021-10-06,-1.5987211554602254e-14
2021-10-07,0.18578338992838073
2021-10-08,0.42596729090920693
2021-10-11,0.640192632038598
2021-10-12,0.7877823165004403
2021-10-13,0.8822842852770731
2021-10-14,0.9558946616396005
2021-10-15,0.9830687150931683
2021-10-18,0.9889157105221098
2021-10-19,0.9942910803484517
2021-10-20,0.0
2021-10-21,0.0
2021-10-22,0.0
2021-10-25,0.0
2021-10-26,0.0
2021-10-27,0.0
2021-10-28,0.0
2021-10-29,0.0
2021-11-01,0.0
2021-11-02,0.0
2021-11-03,0.0
2021-11-04,-9.992007221626409e-15
2021-11-05,0.325062155276473
2021-11-08,0.4917457045600755
2021-11-09,0.648815375849249
2021-11-10,0.7881265176414032
2021-11-11,0.8792884929977949
2021-11-12,0.9291029062919738
2021-11-15,0.9596886581471575
2021-11-16,0.9712965880291606
2021-11-17,0.9753197726653244
2021-11-18,0.9714022397757753
2021-11-19,0.96177424525219
2021-11-22,0.9582977216852568
2021-11-23,0.9634826311344933
2021-11-24,0.9595824687574417
2021-11-26,0.9026829492376067
2021-11-29,0.8541170124094495
2021-11-30,0.6391075716490673
2021-12-01,0.2826484316198483
2021-12-02,-0.01714003454583546
2021-12-03,-0.2378681841264414
2021-12-06,-0.24848450234727237
2021-12-07,-0.2162659549096695
2021-12-08,-0.21441664773830516
2021-12-09,-0.23206308163996892
2021-12-10,-0.05129520224119055
2021-12-13,0.32598027557872555
2021-12-14,0.6318952283741879
2021-12-15,0.8420537977221461
2021-12-16,0.9557280769763368
2021-12-17,0.9854295642425228
2021-12-20,0.9953890375434387
2021-12-21,0.0
2021-12-22,0.0
2021-12-23,0.0
2021-12-27,0.0
2021-12-28,0.0
2021-12-29,0.0
2021-12-30,0.0
2021-12-31,0.0
2022-01-03,0.0
2022-01-04,0.0
2022-01-05,0.0
2022-01-06,3.9968028886505635e-15
2022-01-07,0.27476332725494457
2022-01-10,0.5194730438448802
2022-01-11,0.7022613797965871
2022-01-12,0.8324796815906863
2022-01-13,0.9268101682524139
2022-01-14,0.9786889996280741
2022-01-18,0.9923961888911998
2022-01-19,0.0
2022-01-20,0.0
2022-01-21,0.0
2022-01-24,0.0
2022-01-25,0.0
2022-01-26,0.0
2022-01-27,0.0
2022-01-28,0.0
2022-01-31,0.0
2022-02-01,0.0
2022-02-02,0.0
2022-02-03,5.773159728050814e-15
2022-02-04,0.14343402769951386
2022-02-07,0.4588947127167424
2022-02-08,0.7585032723728413
2022-02-09,0.8157274661016594
2022-02-10,0.8909854659373295
2022-02-11,0.8580210530515382
2022-02-14,0.8611569012803177
2022-02-15,0.8838600442807036
2022-02-16,0.9021599873137354
2022-02-17,0.9673429974051575
2022-02-18,0.9936931190465781
2022-02-22,0.0
2022-02-23,0.0
2022-02-24,0.0
2022-02-25,0.0
2022-02-28,0.0
2022-03-01,0.0
2022-03-02,0.0
2022-03-03,0.0
2022-03-04,0.0
2022-03-07,0.0
2022-03-08,0.0
2022-03-09,5.329070518200751e-15
2022-03-10,-0.5201055996282846
2022-03-11,-0.82425055115523
2022-03-14,-0.9220303704836974
2022-03-15,-0.9492460172350501
2022-03-16,-0.9694242265915685
2022-03-17,-0.9758774799781453
2022-03-18,-0.9808623349179175
2022-03-21,-0.9812667545826854
2022-03-22,-0.9799523349556856
2022-03-23,-0.9819013664770395
2022-03-24,-0.9793710195018772
2022-03-25,-0.9713775020076345
2022-03-28,-0.9558707454771542
2022-03-29,-0.9298724109652807
2022-03-30,-0.8927549732759847
2022-03-31,-0.8519746461957269
2022-04-01,-0.7592083867097308
2022-04-04,-0.65900560870534
2022-04-05,-0.5454745819753921
2022-04-06,-0.3620590895611713
2022-04-07,-0.12677976696263915
2022-04-08,0.15066910748965956
2022-04-11,0.4018079208632006
2022-04-12,0.6548689941713366
2022-04-13,0.8292803007846801
2022-04-14,0.930975865446851
2022-04-18,0.9713918543230977
2022-04-19,0.9912499225869051
2022-04-20,0.0
2022-04-21,0.0
2022-04-22,0.0
2022-04-25,0.0
2022-04-26,0.0
2022-04-27,0.0
2022-04-28,0.0
2022-04-29,0.0
2022-05-02,0.0
2022-05-03,0.0
2022-05-04,0.0
2022-05-05,-7.105427357601002e-15
2022-05-06,-0.07108814246329076
2022-05-09,-0.16312013464871078
2022-05-10,-0.35888425335285
2022-05-11,-0.47574429060030243
2022-05-12,-0.546932457831371
2022-05-13,-0.4375905579740249
2022-05-16,-0.2842237670649268
2022-05-17,-0.15818318898121442
2022-05-18,-0.6921846394454714
2022-05-19,-0.9598748946369262
2022-05-20,-0.9954962852486233
2022-05-23,0.0
2022-05-24,0.0
2022-05-25,0.0
2022-05-26,0.0
2022-05-27,0.0
2022-05-31,0.0
2022-06-01,0.0
2022-06-02,0.0
2022-06-03,0.0
2022-06-06,0.0
2022-06-07,0.0
2022-06-08,-1.4654943925052066e-14
2022-06-09,-0.5459507242081201
2022-06-10,-0.8920948085170031
2022-06-13,-0.9852277920142141
2022-06-14,-0.9998963819840181
2022-06-15,0.0
2022-06-16,0.0
2022-06-17,0.0
2022-06-21,0.0
2022-06-22,0.0
2022-06-23,0.0
2022-06-24,0.0
2022-06-27,0.0
2022-06-28,0.0
2022-06-29,0.0
2022-06-30,0.0
2022-07-01,-4.440892098500626e-15
2022-07-05,0.20916902084554168
2022-07-06,0.4052205189199256
2022-07-07,0.5184014836408257
2022-07-08,0.6316439122607509
2022-07-11,0.7087464624512414
2022-07-12,0.7560431045311753
2022-07-13,0.7813497532513218
2022-07-14,0.7944435386265007
2022-07-15,0.8205253726385138
2022-07-18,0.8090575609439943
2022-07-19,0.8339574034597392
2022-07-20,0.8178034226364104
2022-07-21,0.795536468493578
2022-07-22,0.7827405429506014
2022-07-25,0.7957415309077038
2022-07-26,0.8442346754454999
2022-07-27,0.8770237816319941
2022-07-28,0.9242910195151013
2022-07-29,0.9560442049101678
2022-08-01,0.9775570113539931
2022-08-02,0.9857872723140166
2022-08-03,0.9918330649231111
2022-08-04,0.0
2022-08-05,0.0
2022-08-08,0.0
2022-08-09,0.0
2022-08-10,0.0
2022-08-11,0.0
2022-08-12,0.0
2022-08-15,0.0
2022-08-16,0.0
2022-08-17,0.0
2022-08-18,0.0
2022-08-19,-6.439293542825908e-15
2022-08-22,0.04183392720046508
2022-08-23,0.09770084184691963
2022-08-24,0.17044038580317933
2022-08-25,0.3047729577977647
2022-08-26,0.09538286817840791
2022-08-29,-0.1897994750827361
2022-08-30,-0.5376295320781319
2022-08-31,-0.8127504242536192
2022-09-01,-0.9283922081771281
2022-09-02,-0.9865946486392421
2022-09-06,-0.998117601743338
2022-09-07,0.0
2022-09-08,0.0
2022-09-09,0.0
2022-09-12,0.0
2022-09-13,0.0
2022-09-14,0.0
2022-09-15,0.0
2022-09-16,0.0
2022-09-19,0.0
2022-09-20,0.0
2022-09-21,0.0
2022-09-22,8.43769498715119e-15
2022-09-23,-0.36468101454357216
2022-09-26,-0.7260201990436561
2022-09-27,-0.957338864671311
2022-09-28,-0.9942842822393798
2022-09-29,0.0
2022-09-30,0.0
2022-10-03,0.0
2022-10-04,0.0
2022-10-05,0.0
2022-10-06,0.0
2022-10-07,0.0
2022-10-10,0.0
2022-10-11,0.0
2022-10-12,0.0
2022-10-13,0.0
2022-10-14,9.992007221626409e-15
2022-10-17,0.03320827126572268
2022-10-18,0.23818832406654966
2022-10-19,0.3175302846599324
2022-10-20,0.2082743880129121
2022-10-21,0.285189400694132
2022-10-24,0.6228595804681447
2022-10-25,0.9155838425014524
2022-10-26,0.9915958519343246
2022-10-27,0.0
2022-10-28,0.0
2022-10-31,0.0
2022-11-01,0.0
2022-11-02,0.0
2022-11-03,0.0
2022-11-04,0.0
2022-11-07,0.0
2022-11-08,0.0
2022-11-09,0.0
2022-11-10,0.0
2022-11-11,1.0658141036401503e-14
2022-11-14,0.2573628094088707
2022-11-15,0.45241191517639123
2022-11-16,0.5894097279990509
2022-11-17,0.7228864000866135
2022-11-18,0.8553164390630743
2022-11-21,0.9616480994549237
2022-11-22,0.9935680733345074
2022-11-23,0.0
2022-11-25,0.0
2022-11-28,0.0
2022-11-29,0.0
2022-11-30,0.0
2022-12-01,0.0
2022-12-02,0.0
2022-12-05,0.0
2022-12-06,0.0
2022-12-07,0.0
2022-12-08,0.0
2022-12-09,-2.220446049250313e-15
2022-12-12,0.22901329038146345
2022-12-13,0.4298959494771726
2022-12-14,0.5913653805929311
2022-12-15,0.5674502734838647
2022-12-16,0.47385180547538885
2022-12-19,0.3965987519531273
2022-12-20,0.3085595639915819
2022-12-21,0.43298294280462524
2022-12-22,0.45825117383813696
2022-12-23,0.5637893185705716
2022-12-27,0.7039532600686926
2022-12-28,0.7422640052922063
2022-12-29,0.8110304607789935
2022-12-30,0.8393211809818737
2023-01-03,0.8148598843067414
2023-01-04,0.7862600896613554
2023-01-05,0.6789145487376489
2023-01-06,0.6983019410393774
2023-01-09,0.6260600658478448
2023-01-10,0.47826062078715426
2023-01-11,0.2908831115633237
2023-01-12,-0.050755219761065895
2023-01-13,-0.3398379226104262
2023-01-17,-0.5475991100299069
2023-01-18,-0.8534126512557294
2023-01-19,-0.9686341498674029
2023-01-20,-0.9942347276166337
2023-01-23,0.0
2023-01-24,0.0
2023-01-25,0.0
2023-01-26,0.0
2023-01-27,0.0
2023-01-30,0.0
2023-01-31,0.0
2023-02-01,0.0
2023-02-02,0.0
2023-02-03,0.0
2023-02-06,0.0
2023-02-07,1.887379141862766e-14
2023-02-08,-0.3729958444402426
2023-02-09,-0.6791330577624248
2023-02-10,-0.8572544677063927
2023-02-13,-0.8369950548164726
2023-02-14,-0.9348982383401612
2023-02-15,-0.976787864694969
2023-02-16,-0.9956593413167536
2023-02-17,0.0
2023-02-21,0.0
2023-02-22,0.0
2023-02-23,0.0
2023-02-24,0.0
2023-02-27,0.0
2023-02-28,0.0
2023-03-01,0.0
2023-03-02,0.0
2023-03-03,0.0
2023-03-06,0.0
2023-03-07,3.219646771412954e-14
2023-03-08,0.1374899406228247
2023-03-09,-0.04994893540567813
2023-03-10,-0.34536159280005263
2023-03-13,-0.32848319227034084
2023-03-14,-0.20989314517293867
2023-03-15,0.09834508730982305
2023-03-16,0.5081748938051489
2023-03-17,0.711509786946446
2023-03-20,0.9188418142563117
2023-03-21,0.9750351289086416
2023-03-22,0.9899411793594521
2023-03-23,0.9952622159883586
2023-03-24,0.0
2023-03-27,0.0
2023-03-28,0.0
2023-03-29,0.0
2023-03-30,0.0
2023-03-31,0.0
2023-04-03,0.0
2023-04-04,0.0
2023-04-05,0.0
2023-04-06,0.0
2023-04-10,0.0
2023-04-11,2.886579864025407e-15
2023-04-12,0.21409902452229312
2023-04-13,0.5285367243761923
2023-04-14,0.7274458686505454
2023-04-17,0.8936948178625204
2023-04-18,0.9677867573597734
2023-04-19,0.9927554310437052
2023-04-20,0.0
2023-04-21,0.0
2023-04-24,0.0
2023-04-25,0.0
2023-04-26,0.0
2023-04-27,0.0
2023-04-28,0.0
2023-05-01,0.0
2023-05-02,0.0
2023-05-03,0.0
2023-05-04,0.0
2023-05-05,1.5987211554602254e-14
2023-05-08,0.012429436839213048
2023-05-09,-0.45563377691670137
2023-05-10,-0.71006625687976
2023-05-11,-0.7189638283367734
2023-05-12,-0.590749381034267
2023-05-15,-0.5572489087239951
2023-05-16,-0.8544741249821639
2023-05-17,-0.9707031014809315
2023-05-18,-0.9986839776311669
2023-05-19,0.0
2023-05-22,0.0
2023-05-23,0.0
2023-05-24,0.0
2023-05-25,0.0
2023-05-26,0.0
2023-05-30,0.0
2023-05-31,0.0
2023-06-01,0.0
2023-06-02,0.0
2023-06-05,0.0
2023-06-06,-1.9984014443252818e-15
2023-06-07,-0.129875084085584
2023-06-08,-0.21296425961074705
2023-06-09,-0.26677917183005806
2023-06-12,-0.3689150311771492
2023-06-13,-0.4151425835699891
2023-06-14,-0.3834484821317903
2023-06-15,-0.19193827175571743
2023-06-16,0.08968056859532503
2023-06-20,0.27354546007511216
2023-06-21,0.4628652225373635
2023-06-22,0.6688566633423971
2023-06-23,0.7547427199943462
2023-06-26,0.8227681628912014
2023-06-27,0.8666667884411774
2023-06-28,0.8724279641913397
2023-06-29,0.8499498882228711
2023-06-30,0.838585554147731
2023-07-03,0.8493629956980384
2023-07-05,0.8823517921621671
2023-07-06,0.8892106851922794
2023-07-07,0.8575526672221738
2023-07-10,0.7908086154882727
2023-07-11,0.7248711023762815
2023-07-12,0.678784818681724
2023-07-13,0.6779346253515841
2023-07-14,0.7240642042565479
2023-07-17,0.7580373094613524
2023-07-18,0.7721742082089156
2023-07-19,0.8472625588141489
2023-07-20,0.9248291491920122
2023-07-21,0.9667912295207861
2023-07-24,0.9866883353178837
2023-07-25,0.9945351191795819
2023-07-26,0.0
2023-07-27,0.0
2023-07-28,0.0
2023-07-31,0.0
2023-08-01,0.0
2023-08-02,0.0
2023-08-03,0.0
2023-08-04,0.0
2023-08-07,0.0
2023-08-08,0.0
2023-08-09,0.0
2023-08-10,1.199040866595169e-14
2023-08-11,-0.15011080695990375
2023-08-14,-0.36164309391376914
2023-08-15,-0.6187990664474619
2023-08-16,-0.7896934090171928
2023-08-17,-0.882477498222509
2023-08-18,-0.9202969805740242
2023-08-21,-0.9636293602756936
2023-08-22,-0.9885743900911603
2023-08-23,-0.9960740900785223
2023-08-24,0.0
2023-08-25,0.0
2023-08-28,0.0
2023-08-29,0.0
2023-08-30,0.0
2023-08-31,0.0
2023-09-01,0.0
2023-09-05,0.0
2023-09-06,0.0
2023-09-07,0.0
2023-09-08,0.0
2023-09-11,7.993605777301127e-15
2023-09-12,-0.30159929797288254
2023-09-13,-0.5186456696203279
2023-09-14,-0.6087803712697173
2023-09-15,-0.7502874539121875
2023-09-18,-0.8157124761336418
2023-09-19,-0.8734370792422803
2023-09-20,-0.9010010952137644
2023-09-21,-0.9542497531400267
2023-09-22,-0.979378829304627
2023-09-25,-0.9943160919919192
2023-09-26,0.0
2023-09-27,0.0
2023-09-28,0.0
2023-09-29,0.0
2023-10-02,0.0
2023-10-03,0.0
2023-10-04,0.0
2023-10-05,0.0
2023-10-06,0.0
2023-10-09,0.0
2023-10-10,0.0
2023-10-11,8.881784197001252e-15
2023-10-12,-0.2878190857152749
2023-10-13,-0.5133004647332564
2023-10-16,-0.6317510408962006
2023-10-17,-0.6709927302981162
2023-10-18,-0.707324984085925
2023-10-19,-0.7171157441844551
2023-10-20,-0.7102272896528865
2023-10-23,-0.7390082621222525
2023-10-24,-0.6532878474501542
2023-10-25,-0.5116985722457745
2023-10-26,-0.3882985567271622
2023-10-27,-0.31823446147124157
2023-10-30,-0.14685726335543636
2023-10-31,0.06306291028329003
2023-11-01,0.2559160940571876
2023-11-02,0.48666756792264376
2023-11-03,0.6437947302936928
2023-11-06,0.7748993734762188
2023-11-07,0.8718887081481639
2023-11-08,0.929580968089037
2023-11-09,0.9580798878632606
2023-11-10,0.9762156042695016
2023-11-13,0.9878048430270758
2023-11-14,0.9943312389827084
2023-11-15,0.0
2023-11-16,0.0
2023-11-17,0.0
2023-11-20,0.0
2023-11-21,0.0
2023-11-22,0.0
2023-11-24,0.0
2023-11-27,0.0
2023-11-28,0.0
2023-11-29,0.0
2023-11-30,0.0
2023-12-01,-1.021405182655144e-14
2023-12-04,0.28980572689408324
2023-12-05,0.5474862538383412
2023-12-06,0.72118798314623
2023-12-07,0.8516901298721729
2023-12-08,0.9183984454955574
2023-12-11,0.9699725453135921
2023-12-12,0.9931400804793225
2023-12-13,0.0
2023-12-14,0.0
2023-12-15,0.0
2023-12-18,0.0
2023-12-19,0.0
2023-12-20,0.0
2023-12-21,0.0
2023-12-22,0.0
2023-12-26,0.0
2023-12-27,0.0
2023-12-28,0.0
2023-12-29,1.2212453270876722e-14
2024-01-02,0.4123865763583454
2024-01-03,0.7329709569386322
2024-01-04,0.8789352565776671
2024-01-05,0.945767751545092
2024-01-08,0.986242009037751
2024-01-09,0.996593360623161
2024-01-10,0.0
2024-01-11,0.0
2024-01-12,0.0
2024-01-16,0.0
2024-01-17,0.0
2024-01-18,0.0
2024-01-19,0.0
2024-01-22,0.0
2024-01-23,0.0
2024-01-24,0.0
2024-01-25,0.0
2024-01-26,3.9968028886505635e-15
2024-01-29,-0.019642919549977433
2024-01-30,0.04428187302343267
2024-01-31,-0.08736627177818512
2024-02-01,0.4379680737361915
2024-02-02,0.6759797097316564
2024-02-05,0.7300258251906575
2024-02-06,0.7549775941943082
2024-02-07,0.7868688900735146
2024-02-08,0.7868994854748472
2024-02-09,0.7353171750551231
2024-02-12,0.7100294033210517
2024-02-13,0.6002045413506782
2024-02-14,0.45666420452074385
2024-02-15,0.33417718132695695
2024-02-16,0.20392557234938313
2024-02-20,0.48589525642180664
2024-02-21,0.7923770217391035
2024-02-22,0.9297543173529248
2024-02-23,0.9818880602892572
2024-02-26,0.9931292432759351
2024-02-27,0.0
2024-02-28,0.0
2024-02-29,0.0
2024-03-01,0.0
2024-03-04,0.0
2024-03-05,0.0
2024-03-06,0.0
2024-03-07,0.0
2024-03-08,0.0
2024-03-11,0.0
2024-03-12,0.0
2024-03-13,-1.6431300764452317e-14
2024-03-14,0.39472595378246655
2024-03-15,0.5034938627983139
2024-03-18,0.6608575365965244
2024-03-19,0.7932741525229403
2024-03-20,0.9269522989342247
2024-03-21,0.9698233761356487
2024-03-22,0.9886934607427256
2024-03-25,0.9955304876977762
2024-03-26,0.0
2024-03-27,0.0
2024-03-28,0.0
2024-04-01,0.0
2024-04-02,0.0
2024-04-03,0.0
2024-04-04,0.0
2024-04-05,0.0
2024-04-08,0.0
2024-04-09,0.0
2024-04-10,0.0
2024-04-11,2.220446049250313e-15
2024-04-12,-0.44535314088546873
2024-04-15,-0.764731003241854
2024-04-16,-0.9232607310498082
2024-04-17,-0.9701530414821644
2024-04-18,-0.9847691041431144
2024-04-19,-0.9777466935215116
2024-04-22,-0.9588574238798961
2024-04-23,-0.925918007317905
2024-04-24,-0.8021135198318503
2024-04-25,-0.5531955075094639
2024-04-26,-0.2033782386800458
2024-04-29,0.23792203247373211
2024-04-30,0.5591897454019497
2024-05-01,0.7928020310561821
2024-05-02,0.9196441788127323
2024-05-03,0.9763443093837822
2024-05-06,0.9949292283308988
2024-05-07,0.0
2024-05-08,0.0
2024-05-09,0.0
2024-05-10,0.0
2024-05-13,0.0
2024-05-14,0.0
2024-05-15,0.0
2024-05-16,0.0
2024-05-17,0.0
2024-05-20,0.0
2024-05-21,0.0
2024-05-22,4.241051954068098e-14
2024-05-23,-0.632367619811272
2024-05-24,-0.9312750990681802
2024-05-28,-0.9954955847183871
2024-05-29,0.0
2024-05-30,0.0
2024-05-31,0.0
2024-06-03,0.0
2024-06-04,0.0
2024-06-05,0.0
2024-06-06,0.0
2024-06-07,0.0
2024-06-10,0.0
2024-06-11,0.0
2024-06-12,0.0
2024-06-13,1.554312234475219e-14
2024-06-14,-0.04771552798586898
2024-06-17,-0.07278222583608929
2024-06-18,-0.0935214476997821
2024-06-20,-0.2252958229483124
2024-06-21,-0.20639048841285468
2024-06-24,0.09854347265449626
2024-06-25,0.34749913347139616
2024-06-26,0.5880629666476778
2024-06-27,0.7431918048162502
2024-06-28,0.8269430728673581
2024-07-01,0.8618149472100223
2024-07-02,0.8822492716399895
2024-07-03,0.9088669687064712
2024-07-05,0.9449449325039345
2024-07-08,0.947884401109448
2024-07-09,0.9426080433953392
2024-07-10,0.9417528427514488
2024-07-11,0.9489784925827376
2024-07-12,0.9680883600060501
2024-07-15,0.9766961280094095
2024-07-16,0.9901181040443288
2024-07-17,0.0
2024-07-18,0.0
2024-07-19,0.0
2024-07-22,0.0
2024-07-23,0.0
2024-07-24,0.0
2024-07-25,0.0
2024-07-26,0.0
2024-07-29,0.0
2024-07-30,0.0
2024-07-31,0.0
2024-08-01,-7.771561172376096e-15
2024-08-02,0.5818172739401377
2024-08-05,0.7924740517141102
2024-08-06,0.9050543725870963
2024-08-07,0.9683011656080236
2024-08-08,0.9921688361715291
2024-08-09,0.0
2024-08-12,0.0
2024-08-13,0.0
2024-08-14,0.0
2024-08-15,0.0
2024-08-16,0.0
2024-08-19,0.0
2024-08-20,0.0
2024-08-21,0.0
2024-08-22,0.0
2024-08-23,0.0
2024-08-26,-1.887379141862766e-14
2024-08-27,0.6343693724982158
2024-08-28,0.9335955368478761
2024-08-29,0.9950682304334599
2024-08-30,0.0
2024-09-03,0.0
2024-09-04,0.0
2024-09-05,0.0
2024-09-06,0.0
2024-09-09,0.0
2024-09-10,0.0
2024-09-11,0.0
2024-09-12,0.0
2024-09-13,0.0
2024-09-16,0.0
2024-09-17,2.042810365310288e-14
2024-09-18,0.11076850381043957
2024-09-19,-0.14541568520489556
2024-09-20,-0.07161690850131341
2024-09-23,0.024761139851470215
2024-09-24,-0.0003582481677664173
2024-09-25,0.009709240705650268
2024-09-26,0.005546205855359032
2024-09-27,0.10536506284051339
2024-09-30,0.21647829005936092
2024-10-01,0.2831885017118372
2024-10-02,0.18088113297498531
2024-10-03,-0.03920132017804856
2024-10-04,-0.3257700554666483
2024-10-07,-0.7361778651371635
2024-10-08,-0.9180735256470391
2024-10-09,-0.9742226648624654
2024-10-10,-0.9947593809349116
2024-10-11,0.0
2024-10-14,0.0
2024-10-15,0.0
2024-10-16,0.0
2024-10-17,0.0
2024-10-18,0.0
2024-10-21,0.0
2024-10-22,0.0
2024-10-23,0.0
2024-10-24,0.0
2024-10-25,0.0
2024-10-28,0.0
2024-10-29,-0.4984023847582759
2024-10-30,-0.7808687784852764
2024-10-31,-0.9367144298758243
2024-11-01,-0.9875300960633944
2024-11-04,-0.9979761442896256
2024-11-05,0.0
2024-11-06,0.0
2024-11-07,0.0
2024-11-08,0.0
2024-11-11,0.0
2024-11-12,0.0
2024-11-13,0.0
2024-11-14,0.0
2024-11-15,0.0
2024-11-18,0.0
2024-11-19,0.0
2024-11-20,8.659739592076221e-15
2024-11-21,0.13485618816862122
2024-11-22,0.2894128894823871
2024-11-25,0.5037588884055468
2024-11-26,0.6894239504599005
2024-11-27,0.8059016726081842
2024-11-29,0.8905606258330498
2024-12-02,0.9259041398194703
2024-12-03,0.9467695634270394
2024-12-04,0.9248099271713164
2024-12-05,0.9265121388053688
2024-12-06,0.9139950135642547
2024-12-09,0.9035999646362478
2024-12-10,0.9060898752646238
2024-12-11,0.8975830319902125
2024-12-12,0.9330009739856893
2024-12-13,0.9403274889893767
2024-12-16,0.9319035472621824
2024-12-17,0.9461551373072687
2024-12-18,0.9460279854650673
2024-12-19,0.9362113293744538
2024-12-20,0.928281439553581
2024-12-23,0.9145797142000167
2024-12-24,0.9149524478097031
2024-12-26,0.9066649329250838
2024-12-27,0.8937297745829811
2024-12-30,0.862197353834
2024-12-31,0.8368326178483612
2025-01-02,0.7846504706739681
2025-01-03,0.7167370268425595
2025-01-06,0.5537253239577902
2025-01-07,0.35621588578308616
2025-01-08,0.2399184947289077
2025-01-10,0.042685158804702805
2025-01-13,-0.08330952452430229
2025-01-14,-0.15905218359242568
2025-01-15,-0.2623335711744281
2025-01-16,-0.3077239616244982
2025-01-17,-0.30222277285137245
2025-01-21,-0.3276580688010786
2025-01-22,-0.4166065060144657
2025-01-23,-0.5204356319959573
2025-01-24,-0.5808774671460655
2025-01-27,-0.47520481727142516
2025-01-28,-0.5004629283332793
2025-01-29,-0.4840694840177915
2025-01-30,-0.354019207506048
2025-01-31,-0.2728215296143899
2025-02-03,-0.20328293604033432
2025-02-04,-0.2032994610759884
2025-02-05,-0.1575236091499188
2025-02-06,-0.08728108975499071
2025-02-07,0.03188004460272165
2025-02-10,0.2190144090828865
2025-02-11,0.6316730916530529
2025-02-12,0.9014092212701577
2025-02-13,0.9872820808229421
2025-02-14,0.9988092525606587
2025-02-18,0.0
2025-02-19,0.0
2025-02-20,0.0
2025-02-21,0.0
2025-02-24,0.0
2025-02-25,0.0
2025-02-26,0.0
2025-02-27,0.0
2025-02-28,0.0
2025-03-03,0.0
2025-03-04,0.0
2025-03-05,1.5765166949677223e-14
2025-03-06,-0.054302390756045815
2025-03-07,0.13460226673828757
2025-03-10,0.30857375220848926
2025-03-11,0.37668293760381255
2025-03-12,0.21330756387183314
2025-03-13,-0.01963412792653907
2025-03-14,-0.22854053106928207
2025-03-17,-0.2297027134893339
2025-03-18,-0.37043847479082315
2025-03-19,-0.5091962195735076
2025-03-20,-0.5658329044960622
2025-03-21,-0.7371363746198751
2025-03-24,-0.8319380038681947
2025-03-25,-0.9030341316128709
2025-03-26,-0.9028542148136149
2025-03-27,-0.8662608962049152
2025-03-28,-0.8462901105366334
2025-03-31,-0.724171486713225
2025-04-01,-0.5234071865965002
2025-04-02,-0.3527603902524059
2025-04-03,0.13109796412161945
2025-04-04,0.09370868404034738
2025-04-07,-0.18688696655133108
2025-04-08,-0.4319135450254534
2025-04-09,-0.45302386677325224
2025-04-10,-0.36835607948226823
2025-04-11,-0.1853372212831268
2025-04-14,0.15291320911447426
2025-04-15,0.38424387714601527
2025-04-16,0.5593379263243103
2025-04-17,0.7956734022159977
2025-04-21,0.9137929190937772
2025-04-22,0.9811888379786564
2025-04-23,0.9958393568879012
2025-04-24,0.0
2025-04-25,0.0
2025-04-28,0.0
2025-04-29,0.0
2025-04-30,0.0
2025-05-01,0.0
2025-05-02,0.0
2025-05-05,0.0
2025-05-06,0.0
2025-05-07,0.0
2025-05-08,0.0
2025-05-09,0.0
2025-05-12,-0.6976370749232124
2025-05-13,-0.9747501142378694
2025-05-14,-0.9989564643590112
2025-05-15,0.0
2025-05-16,0.0
2025-05-19,0.0
2025-05-20,0.0
2025-05-21,0.0
2025-05-22,0.0
2025-05-23,0.0
2025-05-27,0.0
2025-05-28,0.0
2025-05-29,0.0
2025-05-30,0.0
2025-06-02,4.263256414560601e-14
2025-06-03,-0.37086459212219447
2025-06-04,-0.5484274918644616
2025-06-05,-0.8328898796485307
2025-06-06,-0.895280616655423
2025-06-09,-0.8732814173835974
2025-06-10,-0.6852025565161006
2025-06-11,-0.5259590932325309
2025-06-12,-0.25211267767461853
2025-06-13,-0.34089584038787724
2025-06-16,-0.6297247575536065
2025-06-17,-0.9464262862030182
2025-06-18,-0.9985708235911976
2025-06-20,0.0
2025-06-23,0.0
2025-06-24,0.0
2025-06-25,0.0
2025-06-26,0.0
2025-06-27,0.0
2025-06-30,0.0
2025-07-01,0.0
2025-07-02,0.0
2025-07-03,0.0
2025-07-07,0.0
2025-07-08,1.5987211554602254e-14
2025-07-09,-0.2269288385574033
2025-07-10,-0.35640110903807165
2025-07-11,-0.4478317100444882
2025-07-14,-0.5982851077470088
2025-07-15,-0.728945331591309
2025-07-16,-0.8305973393554305
2025-07-17,-0.795990863245335
2025-07-18,-0.829683295794545
2025-07-21,-0.8415845599596059
2025-07-22,-0.8797142075452868
2025-07-23,-0.9306820469633492
2025-07-24,-0.9627917084269191
2025-07-25,-0.979862053936188
2025-07-28,-0.9950441368916996
2025-07-29,0.0
2025-07-30,0.0
2025-07-31,0.0
2025-08-01,0.0
2025-08-04,0.0
2025-08-05,0.0
2025-08-06,0.0
2025-08-07,0.0
2025-08-08,0.0
2025-08-11,0.0
2025-08-12,0.0
2025-08-13,1.4432899320127035e-14
2025-08-14,-0.009727675581023165
2025-08-15,0.06611158211424306
2025-08-18,-0.03824196094131427
2025-08-19,0.07860314332989904
2025-08-20,0.299995822370158
2025-08-21,0.4815509466592942
2025-08-22,0.5537415204051825
2025-08-25,0.44031807741978435
2025-08-26,0.2864112625853661
2025-08-27,0.14597491234047855
2025-08-28,-0.07674510513825705
2025-08-29,-0.1790568940774453
2025-09-02,-0.26316453431385534
2025-09-03,-0.351874309579264
2025-09-04,-0.5319254192465972
2025-09-05,-0.703658253920618
2025-09-08,-0.8551850486570987
2025-09-09,-0.9238969708484734
2025-09-10,-0.9631382501053756
2025-09-11,-0.984878791687519
2025-09-12,-0.9959724564613617
2025-09-15,0.0
2025-09-16,0.0
2025-09-17,0.0
2025-09-18,0.0
2025-09-19,0.0
2025-09-22,0.0
2025-09-23,0.0
2025-09-24,0.0
2025-09-25,0.0
2025-09-26,0.0
2025-09-29,0.0
2025-09-30,3.774758283725532e-14
2025-10-01,0.28663225335538334
2025-10-02,0.1523817004173278
2025-10-03,0.33451022816371134
2025-10-06,0.21072485539137098
2025-10-07,0.44305078503683126
2025-10-08,0.3411511364831339
2025-10-09,0.35923076519889685
2025-10-10,0.6403118597588384
2025-10-13,0.7680257072954433
2025-10-14,0.9414940051521608
2025-10-15,0.9787773681624965
2025-10-16,0.9972563327782844
2025-10-17,0.0
2025-10-20,0.0
2025-10-21,0.0
2025-10-22,0.0
2025-10-23,0.0
2025-10-24,0.0
2025-10-27,0.0
2025-10-28,0.0
2025-10-29,0.0
2025-10-30,0.0
2025-10-31,0.0
2025-11-03,1.2656542480726785e-14
2025-11-04,-0.15814634970139263
2025-11-05,-0.327508083050831
2025-11-06,-0.3799191253245713
2025-11-07,-0.1660376408066535
2025-11-10,0.04147044518145426
2025-11-11,0.4132171917498302
2025-11-12,0.6763426335992053
2025-11-13,0.8113550671633738
2025-11-14,0.9001849065177678
2025-11-17,0.9378036868798445
2025-11-18,0.9709290209458274
2025-11-19,0.9863462339915956
2025-11-20,0.9941930847085119
2025-11-21,0.0
2025-11-24,0.0
2025-11-25,0.0
2025-11-26,0.0
2025-11-28,0.0
2025-12-01,0.0
2025-12-02,0.0
2025-12-03,0.0
2025-12-04,0.0
2025-12-05,0.0
2025-12-08,0.0
2025-12-09,-1.2878587085651816e-14
2025-12-10,-0.23687599199197606
2025-12-11,-0.6150703577757968
2025-12-12,-0.7023762443426778
2025-12-15,-0.7260404975228334
2025-12-16,-0.8018559839747792
2025-12-17,-0.8386374928780547
2025-12-18,-0.8856019172905951
2025-12-19,-0.9304138411204239
2025-12-22,-0.9553555125757169
2025-12-23,-0.9764571709686272
2025-12-24,-0.9861735614200062
2025-12-26,-0.9930600074082259
2025-12-29,0.0
2025-12-30,0.0
2025-12-31,0.0
2026-01-02,0.0
2026-01-05,0.0
2026-01-06,0.0
2026-01-07,0.0
2026-01-08,0.0
2026-01-09,0.0
2026-01-12,0.0
2026-01-13,0.0
2026-01-14,0.0
2026-01-15,0.14234089634743796
2026-01-16,0.2642327904236601
2026-01-20,0.5433863930356568
2026-01-21,0.7603111830259084
2026-01-22,0.8802940220094269
2026-01-23,0.9641265896335465
2026-01-26,0.989431608483551
2026-01-27,0.9984379873078133
2026-01-28,0.0
2026-01-29,0.0
2026-01-30,0.0
2026-02-02,0.0
2026-02-03,0.0
2026-02-04,0.0
2026-02-05,0.0
2026-02-06,0.0
2026-02-09,0.0
2026-02-10,0.0
2026-02-11,0.0
2026-02-12,6.217248937900877e-15
2026-02-13,0.20185138653996404
2026-02-17,0.45431484306584236
2026-02-18,0.6428752596216265
2026-02-19,0.7495950139039969
2026-02-20,0.8589518983359008
2026-02-23,0.9367708033409927
2026-02-24,0.9749847522842012
2026-02-25,0.9901233850011117
2026-02-26,0.0
2026-02-27,0.0
2026-03-02,0.0
2026-03-03,0.0
2026-03-04,0.0
2026-03-05,0.0
2026-03-06,0.0
2026-03-09,0.0
2026-03-10,0.0
2026-03-11,0.0
2026-03-12,0.0
2026-03-13,8.215650382226158e-15
2026-03-16,-0.07321412828602392
2026-03-17,-0.1719653820511653
2026-03-18,-0.44765290893883747
2026-03-19,-0.6890594952797597
2026-03-20,-0.8737824016519851
2026-03-23,-0.950449008781304
2026-03-24,-0.9852952144701936
2026-03-25,-0.995067563379852
2026-03-26,0.0
2026-03-27,0.0
2026-03-30,0.0
2026-03-31,0.0
2026-04-01,0.0
2026-04-02,0.0
2026-04-06,0.0
2026-04-07,0.0
2026-04-08,0.0
2026-04-09,0.0
2026-04-10,0.0
2026-04-13,0.0
2026-04-14,-0.1410729355721856
2026-04-15,-0.3906280435904703
2026-04-16,-0.6089252372155254
2026-04-17,-0.6985698656822472
2026-04-20,-0.7947540897156862
2026-04-21,-0.9078582566099218
2026-04-22,-0.964050880196488
2026-04-23,-0.9640007074037447
2026-04-24,-0.9562104638651943
2026-04-27,-0.9729728230852766
2026-04-28,-0.9199696527895018
2026-04-29,-0.7686711015479011
2026-04-30,-0.5097969498521993
2026-05-01,-0.19036212740443448
2026-05-04,0.08837872516575263
2026-05-05,0.38900519794071053
2026-05-06,0.7022492360745458
2026-05-07,0.8385240902491164
2026-05-08,0.9191326213332947
2026-05-11,0.9664981808606568
2026-05-12,0.9940384125679145
2026-05-13,0.0
2026-05-14,0.0
2026-05-15,0.0
2026-05-18,0.0
2026-05-19,0.0
2026-05-20,0.0
2026-05-21,0.0
2026-05-22,0.0
2026-05-26,0.0
2026-05-27,0.0
2026-05-28,0.0
2026-05-29,0.0
2026-06-01,-0.5574512698538867
2026-06-02,-0.8804115374231369
2026-06-03,-0.97074244277858
2026-06-04,-0.9992476815926907
2026-06-05,0.0
2026-06-08,0.0
2026-06-09,0.0
2026-06-10,0.0
2026-06-11,0.0
2026-06-12,0.0
2026-06-15,0.0
2026-06-16,0.0
2026-06-17,0.0
2026-06-18,0.0
2026-06-22,0.0
2026-06-23,0.0
2026-06-24,0.012569907363846777
2026-06-25,-0.005254332438898723
2026-06-26,0.3188337875432159
2026-06-29,0.5795563547198255
2026-06-30,0.642521707355376
2026-07-01,0.6981880607947613
2026-07-02,0.8993694050599554
2026-07-06,0.9564340479461875
2026-07-07,0.9895396064502573
2026-07-08,0.9970410427048952
2026-07-09,0.0
2026-07-10,0.0
2026-07-13,0.0
2026-07-14,0.0
2026-07-15,0.0
2026-07-16,0.0
2026-07-17,0.0
2026-07-20,0.0
2026-07-21,0.0
2026-07-22,0.0
2026-07-23,0.0
2026-07-24,0.0
2026-07-27,0.2770096181742707
