2005-07-08,0.0
2005-07-11,0.0
2005-07-12,0.0
2005-07-13,0.0
2005-07-14,0.0
2005-07-15,0.0
2005-07-18,0.0
2005-07-19,0.0
2005-07-20,0.0
2005-07-21,0.0
2005-07-22,0.0
2005-07-25,6.661338147750939e-16
2005-07-26,-0.4488874280281663
2005-07-27,-0.7493700777290038
2005-07-28,-0.879981021311584
2005-07-29,-0.9460825955603296
2005-08-01,-0.9824353921347819
2005-08-02,-0.9952332633661194
2005-08-03,0.0
2005-08-04,0.0
2005-08-05,0.0
2005-08-08,0.0
2005-08-09,0.0
2005-08-10,0.0
2005-08-11,0.0
2005-08-12,0.0
2005-08-15,0.0
2005-08-16,0.0
2005-08-17,0.0
2005-08-18,-2.6645352591003757e-15
2005-08-19,0.3048737086019182
2005-08-22,0.6405232022086789
2005-08-23,0.8669832721656956
2005-08-24,0.9668250370939342
2005-08-25,0.9926648664080284
2005-08-26,0.0
2005-08-29,0.0
2005-08-30,0.0
2005-08-31,0.0
2005-09-01,0.0
2005-09-02,0.0
2005-09-06,0.0
2005-09-07,0.0
2005-09-08,0.0
2005-09-09,0.0
2005-09-12,0.0
2005-09-13,9.103828801926284e-15
2005-09-14,-0.2790552149134846
2005-09-15,-0.43764668956457653
2005-09-16,-0.5686467198589285
2005-09-19,-0.6414313537720795
2005-09-20,-0.70838933202848
2005-09-21,-0.8623834544923368
2005-09-22,-0.9542852979601253
2005-09-23,-0.9897167775095921
2005-09-26,-0.9984426631723875
2005-09-27,0.0
2005-09-28,0.0
2005-09-29,0.0
2005-09-30,0.0
2005-10-03,0.0
2005-10-04,0.0
2005-10-05,0.0
2005-10-06,0.0
2005-10-07,0.0
2005-10-10,0.0
2005-10-11,0.0
2005-10-12,8.43769498715119e-15
2005-10-13,0.07433947864027357
2005-10-14,0.32851688546021607
2005-10-17,0.3665865724850286
2005-10-18,0.36144346384583104
2005-10-19,0.2476928541733956
2005-10-20,0.04295376258568662
2005-10-21,-0.015104282962220994
2005-10-24,0.03848833506126215
2005-10-25,-0.04308341543332039
2005-10-26,-0.15874693277330243
2005-10-27,-0.40440711678599395
2005-10-28,-0.38119648790591665
2005-10-31,-0.41223870104565385
2005-11-01,-0.37444001921594827
2005-11-02,-0.2501488878920839
2005-11-03,-0.22473896665220594
2005-11-04,-0.24881255956973503
2005-11-07,-0.25092345883644995
2005-11-08,-0.14742241112981525
2005-11-09,-0.05010599986848585
2005-11-10,0.27718000450139746
2005-11-11,0.7139480263268145
2005-11-14,0.9266619648621228
2005-11-15,0.9873895409620206
2005-11-16,0.9971692173757061
2005-11-17,0.0
2005-11-18,0.0
2005-11-21,0.0
2005-11-22,0.0
2005-11-23,0.0
2005-11-25,0.0
2005-11-28,0.0
2005-11-29,0.0
2005-11-30,0.0
2005-12-01,0.0
2005-12-02,0.0
2005-12-05,-8.215650382226158e-15
2005-12-06,-0.36916275616375116
2005-12-07,-0.5462053057567164
2005-12-08,-0.5820641888323803
2005-12-09,-0.6195411335035472
2005-12-12,-0.4876963945081978
2005-12-13,-0.22861784510993233
2005-12-14,0.056647885256146724
2005-12-15,0.03500563263146339
2005-12-16,0.325210945757227
2005-12-19,0.3462159353948555
2005-12-20,0.2878392121687696
2005-12-21,0.1430682975519355
2005-12-22,-0.03570936902409838
2005-12-23,-0.12709838025992326
2005-12-27,-0.2727526650252803
2005-12-28,-0.4517595037050264
2005-12-29,-0.5855173399396232
2005-12-30,-0.7250682516474765
2006-01-03,-0.83602359839266
2006-01-04,-0.8794792119807908
2006-01-05,-0.9125094935691445
2006-01-06,-0.9326228015335094
2006-01-09,-0.9520164542867136
2006-01-10,-0.9645951454461204
2006-01-11,-0.975996381047392
2006-01-12,-0.9844239600302029
2006-01-13,-0.9906807785029239
2006-01-17,0.0
2006-01-18,0.0
2006-01-19,0.0
2006-01-20,0.0
2006-01-23,0.0
2006-01-24,0.0
2006-01-25,0.0
2006-01-26,0.0
2006-01-27,0.0
2006-01-30,0.0
2006-01-31,0.0
2006-02-01,-1.176836406102666e-14
2006-02-02,-0.8538108747137636
2006-02-03,-0.9951749214844157
2006-02-06,0.0
2006-02-07,0.0
2006-02-08,0.0
2006-02-09,0.0
2006-02-10,0.0
2006-02-13,0.0
2006-02-14,0.0
2006-02-15,0.0
2006-02-16,0.0
2006-02-17,0.0
2006-02-21,0.0
2006-02-22,0.0
2006-02-23,-0.06776743262012785
2006-02-24,-0.26118386518779624
2006-02-27,0.09776366158282435
2006-02-28,0.13432681002276592
2006-03-01,0.3315057812976161
2006-03-02,0.257794524659005
2006-03-03,0.1405371951852432
2006-03-06,0.015088223008848045
2006-03-07,-0.20211678771288288
2006-03-08,-0.5209119511338627
2006-03-09,-0.7400455765895511
2006-03-10,-0.8340971963871657
2006-03-13,-0.8440477890968829
2006-03-14,-0.7510169136926841
2006-03-15,-0.49416549548111655
2006-03-16,-0.38819209322032866
2006-03-17,-0.363890343622165
2006-03-20,-0.42173008790059363
2006-03-21,-0.4900441165234106
2006-03-22,-0.6162101877631523
2006-03-23,-0.543952922964881
2006-03-24,-0.5998225647573485
2006-03-27,-0.6040389833310997
2006-03-28,-0.6082052733961438
2006-03-29,-0.38943227654576673
2006-03-30,-0.08740685674359483
2006-03-31,0.2586902235205726
2006-04-03,0.5277371571770075
2006-04-04,0.7910670845270835
2006-04-05,0.9096093241388741
2006-04-06,0.9660051880069775
2006-04-07,0.98755068339202
2006-04-10,0.9936302554082728
2006-04-11,0.0
2006-04-12,0.0
2006-04-13,0.0
2006-04-17,0.0
2006-04-18,0.0
2006-04-19,0.0
2006-04-20,0.0
2006-04-21,0.0
2006-04-24,0.0
2006-04-25,0.0
2006-04-26,0.0
2006-04-27,0.0
2006-04-28,0.4740683891373727
2006-05-01,0.8615821700406017
2006-05-02,0.8978680114789088
2006-05-03,0.7455837249817225
2006-05-04,0.5536283339202499
2006-05-05,0.20510503484819886
2006-05-08,-0.15381958323943823
2006-05-09,-0.4934633070256109
2006-05-10,-0.8268794599745997
2006-05-11,-0.9574929882091889
2006-05-12,-0.9984381817527042
2006-05-15,0.0
2006-05-16,0.0
2006-05-17,0.0
2006-05-18,0.0
2006-05-19,0.0
2006-05-22,0.0
2006-05-23,0.0
2006-05-24,0.0
2006-05-25,0.0
2006-05-26,0.0
2006-05-30,0.0
2006-05-31,-7.993605777301127e-15
2006-06-01,0.2702401611628251
2006-06-02,0.6227552058295038
2006-06-05,0.6535299486873392
2006-06-06,0.6813180181917948
2006-06-07,0.6125591668177699
2006-06-08,0.5274949553778789
2006-06-09,0.4104878028200414
2006-06-12,0.2962905702031726
2006-06-13,0.27166429722326013
2006-06-14,0.23340777526536916
2006-06-15,0.6310220269784819
2006-06-16,0.7655669736303437
2006-06-19,0.8787530526213478
2006-06-20,0.9508643614879255
2006-06-21,0.9884836478963279
2006-06-22,0.9947823755648464
2006-06-23,0.0
2006-06-26,0.0
2006-06-27,0.0
2006-06-28,0.0
2006-06-29,0.0
2006-06-30,0.0
2006-07-03,0.0
2006-07-05,0.0
2006-07-06,0.0
2006-07-07,0.0
2006-07-10,0.0
2006-07-11,7.549516567451064e-15
2006-07-12,-0.3397938828460674
2006-07-13,-0.6094781602498087
2006-07-14,-0.8429355945037866
2006-07-17,-0.9630412794310326
2006-07-18,-0.9944013205914584
2006-07-19,0.0
2006-07-20,0.0
2006-07-21,0.0
2006-07-24,0.0
2006-07-25,0.0
2006-07-26,0.0
2006-07-27,0.0
2006-07-28,0.0
2006-07-31,0.0
2006-08-01,0.0
2006-08-02,0.0
2006-08-03,-3.774758283725532e-15
2006-08-04,0.21418002045802753
2006-08-07,0.7104288417785039
2006-08-08,0.7732101434710323
2006-08-09,0.45789733649738285
2006-08-10,0.463318092848247
2006-08-11,0.9096441976961471
2006-08-14,0.9781353465605664
2006-08-15,0.9996344390579224
2006-08-16,0.0
2006-08-17,0.0
2006-08-18,0.0
2006-08-21,0.0
2006-08-22,0.0
2006-08-23,0.0
2006-08-24,0.0
2006-08-25,0.0
2006-08-28,0.0
2006-08-29,0.0
2006-08-30,0.0
2006-08-31,0.0
2006-09-01,-0.11226027334025801
2006-09-05,-0.5240338341243347
2006-09-06,-0.7929156783065296
2006-09-07,-0.9566856307997296
2006-09-08,-0.9903308720644886
2006-09-11,0.0
2006-09-12,0.0
2006-09-13,0.0
2006-09-14,0.0
2006-09-15,0.0
2006-09-18,0.0
2006-09-19,0.0
2006-09-20,0.0
2006-09-21,0.0
2006-09-22,0.0
2006-09-25,0.0
2006-09-26,1.1102230246251565e-14
2006-09-27,0.642934737042451
2006-09-28,0.9370572323359998
2006-09-29,0.9943670633786243
2006-10-02,0.0
2006-10-03,0.0
2006-10-04,0.0
2006-10-05,0.0
2006-10-06,0.0
2006-10-09,0.0
2006-10-10,0.0
2006-10-11,0.0
2006-10-12,0.0
2006-10-13,0.0
2006-10-16,0.0
2006-10-17,1.4876988529977098e-14
2006-10-18,-0.1342435245044693
2006-10-19,-0.22813373916057156
2006-10-20,0.24156175922317402
2006-10-23,0.5361595044639826
2006-10-24,0.616822117338333
2006-10-25,0.6451640272080605
2006-10-26,0.8265245434161503
2006-10-27,0.863895791474963
2006-10-30,0.9192195607950371
2006-10-31,0.9394149107107257
2006-11-01,0.9393548590720739
2006-11-02,0.9650878879294342
2006-11-03,0.9824182934065049
2006-11-06,0.9870457927589142
2006-11-07,0.9937527918200553
2006-11-08,0.0
2006-11-09,0.0
2006-11-10,0.0
2006-11-13,0.0
2006-11-14,0.0
2006-11-15,0.0
2006-11-16,0.0
2006-11-17,0.0
2006-11-20,0.0
2006-11-21,0.0
2006-11-22,0.0
2006-11-24,-6.8833827526759706e-15
2006-11-27,-0.09009806176306312
2006-11-28,-0.28375684901692777
2006-11-29,-0.40857495788960496
2006-11-30,-0.393356707905826
2006-12-01,-0.5055670649634352
2006-12-04,-0.6305886013934165
2006-12-05,-0.6926168984786039
2006-12-06,-0.7557045253142525
2006-12-07,-0.7698036636042185
2006-12-08,-0.5135115039707485
2006-12-11,0.1127557445349121
2006-12-12,0.6707461360215361
2006-12-13,0.9148235657029433
2006-12-14,0.9936320065725264
2006-12-15,0.0
2006-12-18,0.0
2006-12-19,0.0
2006-12-20,0.0
2006-12-21,0.0
2006-12-22,0.0
2006-12-26,0.0
2006-12-27,0.0
2006-12-28,0.0
2006-12-29,0.0
2007-01-03,0.0
2007-01-04,9.547918011776346e-15
2007-01-05,0.17002284426388692
2007-01-08,0.68556220317573
2007-01-09,0.8766353775039832
2007-01-10,0.9760027032995773
2007-01-11,0.998501088244035
2007-01-12,0.0
2007-01-16,0.0
2007-01-17,0.0
2007-01-18,0.0
2007-01-19,0.0
2007-01-22,0.0
2007-01-23,0.0
2007-01-24,0.0
2007-01-25,0.0
2007-01-26,0.0
2007-01-29,0.0
2007-01-30,5.995204332975845e-15
2007-01-31,-0.2649299391551443
2007-02-01,-0.3992085485015018
2007-02-02,-0.583006520689274
2007-02-05,-0.7742841278145196
2007-02-06,-0.9222078682623014
2007-02-07,-0.9816658518700916
2007-02-08,-0.9962662915278042
2007-02-09,0.0
2007-02-12,0.0
2007-02-13,0.0
2007-02-14,0.0
2007-02-15,0.0
2007-02-16,0.0
2007-02-20,0.0
2007-02-21,0.0
2007-02-22,0.0
2007-02-23,0.0
2007-02-26,0.0
2007-02-27,3.9968028886505635e-15
2007-02-28,-0.2501373216279277
2007-03-01,-0.3587762355310682
2007-03-02,-0.6005524508718847
2007-03-05,-0.7771394741693052
2007-03-06,-0.4789979765545811
2007-03-07,0.11279171410561384
2007-03-08,0.697865852353208
2007-03-09,0.9511704162979417
2007-03-12,0.9953942884680904
2007-03-13,0.0
2007-03-14,0.0
2007-03-15,0.0
2007-03-16,0.0
2007-03-19,0.0
2007-03-20,0.0
2007-03-21,0.0
2007-03-22,0.0
2007-03-23,0.0
2007-03-26,0.0
2007-03-27,0.0
2007-03-28,4.440892098500626e-15
2007-03-29,0.606904865367178
2007-03-30,0.8691787676660347
2007-04-02,0.9735743800976209
2007-04-03,0.9977414390704269
2007-04-04,0.0
2007-04-05,0.0
2007-04-09,0.0
2007-04-10,0.0
2007-04-11,0.0
2007-04-12,0.0
2007-04-13,0.0
2007-04-16,0.0
2007-04-17,0.0
2007-04-18,0.0
2007-04-19,0.0
2007-04-20,-2.220446049250313e-15
2007-04-23,0.13894886975747345
2007-04-24,0.45976166685703346
2007-04-25,0.8477852557032841
2007-04-26,0.9471578789454604
2007-04-27,0.9880274631991957
2007-04-30,0.997820413352821
2007-05-01,0.0
2007-05-02,0.0
2007-05-03,0.0
2007-05-04,0.0
2007-05-07,0.0
2007-05-08,0.0
2007-05-09,0.0
2007-05-10,0.0
2007-05-11,0.0
2007-05-14,0.0
2007-05-15,0.0
2007-05-16,-3.3306690738754696e-15
2007-05-17,0.1391192346432446
2007-05-18,0.3781603587558986
2007-05-21,0.7500241647655335
2007-05-22,0.9105849417488867
2007-05-23,0.9605749340020411
2007-05-24,0.9747447055455192
2007-05-25,0.9850665034104575
2007-05-29,0.9953482047764752
2007-05-30,0.0
2007-05-31,0.0
2007-06-01,0.0
2007-06-04,0.0
2007-06-05,0.0
2007-06-06,0.0
2007-06-07,0.0
2007-06-08,0.0
2007-06-11,0.0
2007-06-12,0.0
2007-06-13,0.0
2007-06-14,-5.10702591327572e-15
2007-06-15,0.37566190392572985
2007-06-18,0.4654567189555818
2007-06-19,0.5609790461674304
2007-06-20,0.5481111555736755
2007-06-21,0.42817729675284877
2007-06-22,0.3031923247842967
2007-06-25,-0.1001605370429064
2007-06-26,-0.4443264078364335
2007-06-27,-0.7173344959424288
2007-06-28,-0.861733737277385
2007-06-29,-0.9328777811712181
2007-07-02,-0.966847137708017
2007-07-03,-0.9877385761170057
2007-07-05,-0.9964530672997387
2007-07-06,0.0
2007-07-09,0.0
2007-07-10,0.0
2007-07-11,0.0
2007-07-12,0.0
2007-07-13,0.0
2007-07-16,0.0
2007-07-17,0.0
2007-07-18,0.0
2007-07-19,0.0
2007-07-20,0.0
2007-07-23,2.4424906541753444e-15
2007-07-24,0.049183871687038305
2007-07-25,0.01896860632462083
2007-07-26,-0.12058879010427548
2007-07-27,-0.20863160757086363
2007-07-30,-0.35074023516749153
2007-07-31,-0.47427755935507343
2007-08-01,-0.6474528051605333
2007-08-02,-0.7191185073453166
2007-08-03,-0.7935311028546739
2007-08-06,-0.8301049964351179
2007-08-07,-0.8335997179680863
2007-08-08,-0.7103693654399925
2007-08-09,-0.6184648226634342
2007-08-10,-0.6114279383022316
2007-08-13,-0.6235128389855231
2007-08-14,-0.6489737900832138
2007-08-15,-0.712951313135656
2007-08-16,-0.8418450492178677
2007-08-17,-0.8963892728628537
2007-08-20,-0.921530125372606
2007-08-21,-0.9396533144144501
2007-08-22,-0.9443104226547312
2007-08-23,-0.963710477110501
2007-08-24,-0.9806072204741798
2007-08-27,-0.9792568069086318
2007-08-28,-0.9829519246006353
2007-08-29,-0.9801022347802362
2007-08-30,-0.9772223499297208
2007-08-31,-0.9701488137875811
2007-09-04,-0.9571362144329134
2007-09-05,-0.9435387163787865
2007-09-06,-0.926321471477038
2007-09-07,-0.9019747713277326
2007-09-10,-0.8553417787645001
2007-09-11,-0.7793719796403957
2007-09-12,-0.6579711573683515
2007-09-13,-0.4932101641505213
2007-09-14,-0.3326061934195006
2007-09-17,-0.20964619092540704
2007-09-18,-0.08479948784553715
2007-09-19,0.12646859237981478
2007-09-20,0.27063451099340874
2007-09-21,0.5323695907876427
2007-09-24,0.7090862277787235
2007-09-25,0.8366183768684938
2007-09-26,0.9284424616561302
2007-09-27,0.9799346165582712
2007-09-28,0.9952029090184269
2007-10-01,0.0
2007-10-02,0.0
2007-10-03,0.0
2007-10-04,0.0
2007-10-05,0.0
2007-10-08,0.0
2007-10-09,0.0
2007-10-10,0.0
2007-10-11,0.0
2007-10-12,0.0
2007-10-15,0.0
2007-10-16,1.2656542480726785e-14
2007-10-17,-0.22747135603626
2007-10-18,-0.5537169208855135
2007-10-19,-0.8856964478184102
2007-10-22,-0.9489404314186622
2007-10-23,-0.9716140378885196
2007-10-24,-0.9852237565976829
2007-10-25,-0.9860400198849506
2007-10-26,-0.9888574392440415
2007-10-29,-0.9935764100628617
2007-10-30,0.0
2007-10-31,0.0
2007-11-01,0.0
2007-11-02,0.0
2007-11-05,0.0
2007-11-06,0.0
2007-11-07,0.0
2007-11-08,0.0
2007-11-09,0.0
2007-11-12,0.0
2007-11-13,0.0
2007-11-14,-2.220446049250313e-15
2007-11-15,-0.3381244257741196
2007-11-16,-0.6061498699249215
2007-11-19,-0.8054703485598182
2007-11-20,-0.8899121659839577
2007-11-21,-0.946073739462616
2007-11-23,-0.9759240971024083
2007-11-26,-0.9917826630361195
2007-11-27,0.0
2007-11-28,0.0
2007-11-29,0.0
2007-11-30,0.0
2007-12-03,0.0
2007-12-04,0.0
2007-12-05,0.0
2007-12-06,0.0
2007-12-07,0.0
2007-12-10,0.0
2007-12-11,0.0
2007-12-12,3.9968028886505635e-15
2007-12-13,0.1275479724084969
2007-12-14,0.23254745866650106
2007-12-17,0.15737986014020655
2007-12-18,0.1264341345030724
2007-12-19,0.047919070332679725
2007-12-20,0.009640412145226929
2007-12-21,0.009774226713225698
2007-12-24,-0.00266791278212275
2007-12-26,-0.01115700463805247
2007-12-27,-0.08558653020317575
2007-12-28,-0.16024342494459054
2007-12-31,-0.22246484711399028
2008-01-02,-0.31419622073622455
2008-01-03,-0.3628470480077963
2008-01-04,-0.4706105926911299
2008-01-07,-0.563586161789333
2008-01-08,-0.6602802048422691
2008-01-09,-0.7469694306358861
2008-01-10,-0.8165015926912027
2008-01-11,-0.8687618015419525
2008-01-14,-0.8920354517296598
2008-01-15,-0.919548392373349
2008-01-16,-0.9292443249948545
2008-01-17,-0.9447680227070943
2008-01-18,-0.9681751199435591
2008-01-22,-0.9843149285509487
2008-01-23,-0.9917378781936252
2008-01-24,0.0
2008-01-25,0.0
2008-01-28,0.0
2008-01-29,0.0
2008-01-30,0.0
2008-01-31,0.0
2008-02-01,0.0
2008-02-04,0.0
2008-02-05,0.0
2008-02-06,0.0
2008-02-07,0.0
2008-02-08,-3.3306690738754696e-15
2008-02-11,-0.39495164260821447
2008-02-12,-0.6660170657938798
2008-02-13,-0.7125676614383307
2008-02-14,-0.7786577285612797
2008-02-15,-0.8146155900500198
2008-02-19,-0.841190058831681
2008-02-20,-0.8764015871645707
2008-02-21,-0.939621687056482
2008-02-22,-0.9423845007773963
2008-02-25,-0.9306843863032386
2008-02-26,-0.920667970625507
2008-02-27,-0.8960943092576044
2008-02-28,-0.8835486438134001
2008-02-29,-0.9100618910327649
2008-03-03,-0.9131623344816429
2008-03-04,-0.9461687725166965
2008-03-05,-0.9676008451721227
2008-03-06,-0.9884340424714273
2008-03-07,-0.9975640596151549
2008-03-10,0.0
2008-03-11,0.0
2008-03-12,0.0
2008-03-13,0.0
2008-03-14,0.0
2008-03-17,0.0
2008-03-18,0.0
2008-03-19,0.0
2008-03-20,0.0
2008-03-24,0.0
2008-03-25,0.0
2008-03-26,5.10702591327572e-15
2008-03-27,0.03063456036715051
2008-03-28,-0.26598909822392236
2008-03-31,-0.1278180928971102
2008-04-01,0.2060625805637455
2008-04-02,0.4225959773497088
2008-04-03,0.5639286196772479
2008-04-04,0.7387283934302253
2008-04-07,0.9100952225840222
2008-04-08,0.9658154196465616
2008-04-09,0.9883114693452124
2008-04-10,0.997182785273707
2008-04-11,0.0
2008-04-14,0.0
2008-04-15,0.0
2008-04-16,0.0
2008-04-17,0.0
2008-04-18,0.0
2008-04-21,0.0
2008-04-22,0.0
2008-04-23,0.0
2008-04-24,0.0
2008-04-25,0.0
2008-04-28,-1.9984014443252818e-15
2008-04-29,0.39511502048436187
2008-04-30,0.7357633164976183
2008-05-01,0.9820675076873433
2008-05-02,0.9995903493419973
2008-05-05,0.0
2008-05-06,0.0
2008-05-07,0.0
2008-05-08,0.0
2008-05-09,0.0
2008-05-12,0.0
2008-05-13,0.0
2008-05-14,0.0
2008-05-15,0.0
2008-05-16,0.0
2008-05-19,0.0
2008-05-20,4.6629367034256575e-15
2008-05-21,0.06258444346595815
2008-05-22,0.17787587052613363
2008-05-23,0.17714214702555964
2008-05-27,0.2533181636439632
2008-05-28,0.3118723631240794
2008-05-29,0.3218596642811087
2008-05-30,0.4303677296099597
2008-06-02,0.4965478639297356
2008-06-03,0.5546030363014167
2008-06-04,0.6548171462678827
2008-06-05,0.7321485135520078
2008-06-06,0.7429660805901448
2008-06-09,0.763236875684028
2008-06-10,0.7213937529574435
2008-06-11,0.650228241001571
2008-06-12,0.6052262880444501
2008-06-13,0.592226662765289
2008-06-16,0.6185937339424412
2008-06-17,0.6785959089896307
2008-06-18,0.6770303041102685
2008-06-19,0.6664450664225354
2008-06-20,0.5852806851160148
2008-06-23,0.41690724089312825
2008-06-24,0.19843171369787505
2008-06-25,0.02549554132629739
2008-06-26,-0.2757414396838267
2008-06-27,-0.5621700233339437
2008-06-30,-0.7871868819081334
2008-07-01,-0.9259311724688748
2008-07-02,-0.9821394595668973
2008-07-03,-0.9967761862714175
2008-07-07,0.0
2008-07-08,0.0
2008-07-09,0.0
2008-07-10,0.0
2008-07-11,0.0
2008-07-14,0.0
2008-07-15,0.0
2008-07-16,0.0
2008-07-17,0.0
2008-07-18,0.0
2008-07-21,0.0
2008-07-22,-1.4210854715202004e-14
2008-07-23,0.4189441295152121
2008-07-24,0.3863786631392079
2008-07-25,0.46082636042336045
2008-07-28,0.17496732289117722
2008-07-29,0.22136183524297848
2008-07-30,-0.1478131112348109
2008-07-31,-0.604633281202283
2008-08-01,-0.9520017674672141
2008-08-04,-0.9992554847401995
2008-08-05,0.0
2008-08-06,0.0
2008-08-07,0.0
2008-08-08,0.0
2008-08-11,0.0
2008-08-12,0.0
2008-08-13,0.0
2008-08-14,0.0
2008-08-15,0.0
2008-08-18,0.0
2008-08-19,0.0
2008-08-20,3.552713678800501e-15
2008-08-21,0.0346566876433656
2008-08-22,0.23236818575010587
2008-08-25,0.22647423561948243
2008-08-26,0.2468102565363346
2008-08-27,0.25861218548007936
2008-08-28,0.45659792147721
2008-08-29,0.6042350424444196
2008-09-02,0.6757893615798012
2008-09-03,0.7646667883174874
2008-09-04,0.757976774697088
2008-09-05,0.7618780462213324
2008-09-08,0.7846218188244964
2008-09-09,0.7436681060987409
2008-09-10,0.6423973920591939
2008-09-11,0.5769269384910496
2008-09-12,0.5754239991212136
2008-09-15,0.4510069242342254
2008-09-16,0.4420763502726093
2008-09-17,0.24550596262118707
2008-09-18,-0.505502772287983
2008-09-19,-0.5480451218118731
2008-09-22,-0.6597937304182788
2008-09-23,-0.7517935375936851
2008-09-24,-0.8338782940233256
2008-09-25,-0.9097222717616329
2008-09-26,-0.9552671162565551
2008-09-29,-0.9929415962162642
2008-09-30,0.0
2008-10-01,0.0
2008-10-02,0.0
2008-10-03,0.0
2008-10-06,0.0
2008-10-07,0.0
2008-10-08,0.0
2008-10-09,0.0
2008-10-10,0.0
2008-10-13,0.0
2008-10-14,0.0
2008-10-15,1.3322676295501878e-15
2008-10-16,-0.06359110359764752
2008-10-17,-0.05451980299904946
2008-10-20,0.08893707318229693
2008-10-21,0.1674997572780237
2008-10-22,0.12470366524805887
2008-10-23,-0.012516679532457609
2008-10-24,-0.4089332171995388
2008-10-27,-0.6849633347032831
2008-10-28,-0.8013221406491575
2008-10-29,-0.8221412079826935
2008-10-30,-0.7934184607277666
2008-10-31,-0.7244895305649273
2008-11-03,-0.6571157659599738
2008-11-04,-0.5275310849666606
2008-11-05,-0.419083786916266
2008-11-06,-0.4951627247709405
2008-11-07,-0.3461032774394104
2008-11-10,-0.19013073152989324
2008-11-11,-0.0899924312185918
2008-11-12,-0.1888699018910729
2008-11-13,-0.10049400771017392
2008-11-14,0.03257319821328952
2008-11-17,0.10076025114363962
2008-11-18,0.058948734827728666
2008-11-19,0.0018420772285483444
2008-11-20,-0.10403504408975928
2008-11-21,-0.10091954512333579
2008-11-24,-0.01082246456499858
2008-11-25,0.0363849462326038
2008-11-26,0.17821235087411536
2008-11-28,0.3939411749480377
2008-12-01,0.42731784174630016
2008-12-02,0.49863266808957696
2008-12-03,0.57583222041151
2008-12-04,0.5697884309380647
2008-12-05,0.6334726808656277
2008-12-08,0.7552637825663169
2008-12-09,0.8065215649523598
2008-12-10,0.8388899017601261
2008-12-11,0.8394704789207716
2008-12-12,0.8440245166068057
2008-12-15,0.8442547911021825
2008-12-16,0.8510242469673002
2008-12-17,0.8675290025141373
2008-12-18,0.8940029973856025
2008-12-19,0.9190656155521582
2008-12-22,0.9321262955187919
2008-12-23,0.9426445423246259
2008-12-24,0.9525418587555874
2008-12-26,0.9608484233299641
2008-12-29,0.9666051986654487
2008-12-30,0.973654582034913
2008-12-31,0.9812196549932439
2009-01-02,0.9886047370804709
2009-01-05,0.9935602206075846
2009-01-06,0.0
2009-01-07,0.0
2009-01-08,0.0
2009-01-09,0.0
2009-01-12,0.0
2009-01-13,0.0
2009-01-14,0.0
2009-01-15,0.0
2009-01-16,0.0
2009-01-20,0.0
2009-01-21,0.0
2009-01-22,-1.1102230246251565e-15
2009-01-23,0.02593882944457704
2009-01-26,-0.024995461511730488
2009-01-27,0.09452805450534085
2009-01-28,0.2511401760916079
2009-01-29,0.1130537447079989
2009-01-30,0.03052076317576491
2009-02-02,-0.023106626720457157
2009-02-03,-0.03056191527047525
2009-02-04,-0.43312559937040684
2009-02-05,-0.7734734300370305
2009-02-06,-0.8875005158377511
2009-02-09,-0.9410639168387607
2009-02-10,-0.9831420808316336
2009-02-11,-0.9948565803401757
2009-02-12,0.0
2009-02-13,0.0
2009-02-17,0.0
2009-02-18,0.0
2009-02-19,0.0
2009-02-20,0.0
2009-02-23,0.0
2009-02-24,0.0
2009-02-25,0.0
2009-02-26,0.0
2009-02-27,0.0
2009-03-02,0.0
2009-03-03,0.37556237384516455
2009-03-04,0.6251760264462218
2009-03-05,0.7687363403485901
2009-03-06,0.8572338785625007
2009-03-09,0.8827762641544401
2009-03-10,0.9375555767530739
2009-03-11,0.9700142891517696
2009-03-12,0.9932468792352387
2009-03-13,0.0
2009-03-16,0.0
2009-03-17,0.0
2009-03-18,0.0
2009-03-19,0.0
2009-03-20,0.0
2009-03-23,0.0
2009-03-24,0.0
2009-03-25,0.0
2009-03-26,0.0
2009-03-27,0.0
2009-03-30,0.0
2009-03-31,-0.2351887395299097
2009-04-01,0.10474582748283723
2009-04-02,0.6952608600669512
2009-04-03,0.9549784954010567
2009-04-06,0.9950108067126231
2009-04-07,0.0
2009-04-08,0.0
2009-04-09,0.0
2009-04-13,0.0
2009-04-14,0.0
2009-04-15,0.0
2009-04-16,0.0
2009-04-17,0.0
2009-04-20,0.0
2009-04-21,0.0
2009-04-22,0.0
2009-04-23,-5.551115123125783e-15
2009-04-24,0.21840326082749617
2009-04-27,0.45125249441493187
2009-04-28,0.6001605176974163
2009-04-29,0.8723420483148472
2009-04-30,0.9592858030394198
2009-05-01,0.9829152686190683
2009-05-04,0.9991851998260577
2009-05-05,0.0
2009-05-06,0.0
2009-05-07,0.0
2009-05-08,0.0
2009-05-11,0.0
2009-05-12,0.0
2009-05-13,0.0
2009-05-14,0.0
2009-05-15,0.0
2009-05-18,0.0
2009-05-19,0.0
2009-05-20,2.886579864025407e-15
2009-05-21,0.3100951191476
2009-05-22,0.6320409361199972
2009-05-26,0.8666996731788967
2009-05-27,0.9485908328149015
2009-05-28,0.9841884734722055
2009-05-29,0.9970734820136904
2009-06-01,0.0
2009-06-02,0.0
2009-06-03,0.0
2009-06-04,0.0
2009-06-05,0.0
2009-06-08,0.0
2009-06-09,0.0
2009-06-10,0.0
2009-06-11,0.0
2009-06-12,0.0
2009-06-15,0.0
2009-06-16,-2.220446049250313e-15
2009-06-17,-0.4113137049334499
2009-06-18,-0.6972669914996712
2009-06-19,-0.8877859211055126
2009-06-22,-0.9800791417537222
2009-06-23,-0.9980521641128597
2009-06-24,0.0
2009-06-25,0.0
2009-06-26,0.0
2009-06-29,0.0
2009-06-30,0.0
2009-07-01,0.0
2009-07-02,0.0
2009-07-06,0.0
2009-07-07,0.0
2009-07-08,0.0
2009-07-09,0.0
2009-07-10,0.0
2009-07-13,0.1381791565249002
2009-07-14,0.42203362145310175
2009-07-15,0.7579332465083286
2009-07-16,0.9216362957096915
2009-07-17,0.9735821866398411
2009-07-20,0.9960563457613458
2009-07-21,0.0
2009-07-22,0.0
2009-07-23,0.0
2009-07-24,0.0
2009-07-27,0.0
2009-07-28,0.0
2009-07-29,0.0
2009-07-30,0.0
2009-07-31,0.0
2009-08-03,0.0
2009-08-04,0.0
2009-08-05,-6.439293542825908e-15
2009-08-06,0.22392713486999272
2009-08-07,0.6831336872415066
2009-08-10,0.8758090588755436
2009-08-11,0.9299086480048591
2009-08-12,0.9668054765321048
2009-08-13,0.9763853240700584
2009-08-14,0.983001988011226
2009-08-17,0.9775001062878728
2009-08-18,0.9806792907774755
2009-08-19,0.9884600256167142
2009-08-20,0.9948080643277317
2009-08-21,0.0
2009-08-24,0.0
2009-08-25,0.0
2009-08-26,0.0
2009-08-27,0.0
2009-08-28,0.0
2009-08-31,0.0
2009-09-01,0.0
2009-09-02,0.0
2009-09-03,0.0
2009-09-04,0.0
2009-09-08,-6.8833827526759706e-15
2009-09-09,0.4880917199249235
2009-09-10,0.951816579383943
2009-09-11,0.9984380421028285
2009-09-14,0.0
2009-09-15,0.0
2009-09-16,0.0
2009-09-17,0.0
2009-09-18,0.0
2009-09-21,0.0
2009-09-22,0.0
2009-09-23,0.0
2009-09-24,0.0
2009-09-25,0.0
2009-09-28,0.0
2009-09-29,0.0
2009-09-30,0.016325135081136866
2009-10-01,0.03844207237301256
2009-10-02,0.09602816742912856
2009-10-05,0.2816695539783338
2009-10-06,0.6018787740681879
2009-10-07,0.8237917412010285
2009-10-08,0.9639988275036198
2009-10-09,0.9923895338852056
2009-10-12,0.0
2009-10-13,0.0
2009-10-14,0.0
2009-10-15,0.0
2009-10-16,0.0
2009-10-19,0.0
2009-10-20,0.0
2009-10-21,0.0
2009-10-22,0.0
2009-10-23,0.0
2009-10-26,0.0
2009-10-27,-7.993605777301127e-15
2009-10-28,-0.7444003977635567
2009-10-29,-0.9286276895134424
2009-10-30,-0.9976864731586637
2009-11-02,0.0
2009-11-03,0.0
2009-11-04,0.0
2009-11-05,0.0
2009-11-06,0.0
2009-11-09,0.0
2009-11-10,0.0
2009-11-11,0.0
2009-11-12,0.0
2009-11-13,0.0
2009-11-16,0.0
2009-11-17,1.7763568394002505e-15
2009-11-18,0.24146098166895058
2009-11-19,0.40158503047172855
2009-11-20,0.5400593116331351
2009-11-23,0.694697627700217
2009-11-24,0.8227694462461388
2009-11-25,0.8988018039599632
2009-11-27,0.938222413460313
2009-11-30,0.9682633264071725
2009-12-01,0.987032691463922
2009-12-02,0.995004383332371
2009-12-03,0.0
2009-12-04,0.0
2009-12-07,0.0
2009-12-08,0.0
2009-12-09,0.0
2009-12-10,0.0
2009-12-11,0.0
2009-12-14,0.0
2009-12-15,0.0
2009-12-16,0.0
2009-12-17,0.0
2009-12-18,-1.9539925233402755e-14
2009-12-21,0.15181584594062292
2009-12-22,0.13783713497795125
2009-12-23,-0.22888021385161794
2009-12-24,-0.4181324279665546
2009-12-28,-0.6029324719207452
2009-12-29,-0.7086113684932227
2009-12-30,-0.8728093037954299
2009-12-31,-0.958013338368559
2010-01-04,-0.9785048169660746
2010-01-05,-0.9218557396402374
2010-01-06,-0.6548099925524851
2010-01-07,-0.138165763038407
2010-01-08,0.4682058537888212
2010-01-11,0.8157470246813849
2010-01-12,0.8649264922063531
2010-01-13,0.922401189206145
2010-01-14,0.9397874069927818
2010-01-15,0.9826647152161581
2010-01-19,0.9955954811091852
2010-01-20,0.0
2010-01-21,0.0
2010-01-22,0.0
2010-01-25,0.0
2010-01-26,0.0
2010-01-27,0.0
2010-01-28,0.0
2010-01-29,0.0
2010-02-01,0.0
2010-02-02,0.0
2010-02-03,0.0
2010-02-04,-2.4424906541753444e-15
2010-02-05,-0.3853484743598614
2010-02-08,-0.6615623164319921
2010-02-09,-0.7659235735770529
2010-02-10,-0.9193740604857252
2010-02-11,-0.9749984472438291
2010-02-12,-0.9893295691040693
2010-02-16,-0.9948014431111052
2010-02-17,0.0
2010-02-18,0.0
2010-02-19,0.0
2010-02-22,0.0
2010-02-23,0.0
2010-02-24,0.0
2010-02-25,0.0
2010-02-26,0.0
2010-03-01,0.0
2010-03-02,0.0
2010-03-03,0.0
2010-03-04,1.0436096431476471e-14
2010-03-05,0.0542758064578972
2010-03-08,0.1553687580947365
2010-03-09,0.3298834516838922
2010-03-10,0.4727984075731464
2010-03-11,0.686315659661958
2010-03-12,0.8467242579894116
2010-03-15,0.9290084893366946
2010-03-16,0.9711623532221898
2010-03-17,0.9907190967216133
2010-03-18,0.0
2010-03-19,0.0
2010-03-22,0.0
2010-03-23,0.0
2010-03-24,0.0
2010-03-25,0.0
2010-03-26,0.0
2010-03-29,0.0
2010-03-30,0.0
2010-03-31,0.0
2010-04-01,0.0
2010-04-05,0.0
2010-04-06,0.45106247050502946
2010-04-07,0.6319220127072418
2010-04-08,0.7507473474898978
2010-04-09,0.9205793277190377
2010-04-12,0.9760274522174424
2010-04-13,0.9956726114594268
2010-04-14,0.0
2010-04-15,0.0
2010-04-16,0.0
2010-04-19,0.0
2010-04-20,0.0
2010-04-21,0.0
2010-04-22,0.0
2010-04-23,0.0
2010-04-26,0.0
2010-04-27,0.0
2010-04-28,0.0
2010-04-29,3.9968028886505635e-15
2010-04-30,0.6099183901098999
2010-05-03,0.937373100806989
2010-05-04,0.9917806212076099
2010-05-05,0.0
2010-05-06,0.0
2010-05-07,0.0
2010-05-10,0.0
2010-05-11,0.0
2010-05-12,0.0
2010-05-13,0.0
2010-05-14,0.0
2010-05-17,0.0
2010-05-18,0.0
2010-05-19,0.0
2010-05-20,7.993605777301127e-15
2010-05-21,-0.1717996638305408
2010-05-24,-0.3300378144745679
2010-05-25,-0.4538327026165523
2010-05-26,-0.4389244517141382
2010-05-27,-0.1599427348593363
2010-05-28,-0.07184282342199033
2010-06-01,-0.09299848477947403
2010-06-02,0.23576992702908717
2010-06-03,0.4877438024251508
2010-06-04,0.44193263371304603
2010-06-07,0.2624548938331328
2010-06-08,0.04528512236328974
2010-06-09,-0.17109369424303433
2010-06-10,-0.048944322276746055
2010-06-11,0.14976889243536573
2010-06-14,0.31218704107342576
2010-06-15,0.5896881293153857
2010-06-16,0.7561864316458553
2010-06-17,0.8719285289205416
2010-06-18,0.9368720713824645
2010-06-21,0.9724716538402427
2010-06-22,0.9847172511922269
2010-06-23,0.9894029282608048
2010-06-24,0.9887643826034205
2010-06-25,0.9898243166539877
2010-06-28,0.9899247790020553
2010-06-29,0.9763029233184277
2010-06-30,0.9543153691965442
2010-07-01,0.9281980641662222
2010-07-02,0.8664280131607831
2010-07-06,0.7863514246476995
2010-07-07,0.7238268502178311
2010-07-08,0.6562688160890167
2010-07-09,0.5774824551242623
2010-07-12,0.4579961819106091
2010-07-13,0.39433982878784124
2010-07-14,0.33208580208769267
2010-07-15,0.23260163288687208
2010-07-16,-0.012488739930714976
2010-07-19,-0.20545580233387883
2010-07-20,-0.34633375346384154
2010-07-21,-0.5441390312923362
2010-07-22,-0.6243320655942024
2010-07-23,-0.6369109496366177
2010-07-26,-0.5521600687757133
2010-07-27,-0.4853837180273073
2010-07-28,-0.426572606108248
2010-07-29,-0.3465313468254292
2010-07-30,-0.2104035684874972
2010-08-02,0.005536258259791094
2010-08-03,0.12409286599523117
2010-08-04,0.23435220256928302
2010-08-05,0.3366831584097023
2010-08-06,0.41918085266208616
2010-08-09,0.49775079554244317
2010-08-10,0.5935572970904741
2010-08-11,0.6374688050812574
2010-08-12,0.6435420413596216
2010-08-13,0.6396686617513829
2010-08-16,0.6214381463847205
2010-08-17,0.6515418691894905
2010-08-18,0.6957596651776328
2010-08-19,0.7012667902135101
2010-08-20,0.7295827611394736
2010-08-23,0.7543086040695441
2010-08-24,0.7324376887014199
2010-08-25,0.7090781363135366
2010-08-26,0.7046351843982153
2010-08-27,0.7399750143873307
2010-08-30,0.761151634421888
2010-08-31,0.7812720611055464
2010-09-01,0.8415761424812644
2010-09-02,0.8995478048241863
2010-09-03,0.9490097789839809
2010-09-07,0.9684788002641618
2010-09-08,0.9808634161897847
2010-09-09,0.9886970246911364
2010-09-10,0.9941866743829286
2010-09-13,0.0
2010-09-14,0.0
2010-09-15,0.0
2010-09-16,0.0
2010-09-17,0.0
2010-09-20,0.0
2010-09-21,0.0
2010-09-22,0.0
2010-09-23,0.0
2010-09-24,0.0
2010-09-27,0.0
2010-09-28,2.4424906541753444e-15
2010-09-29,0.1985054696041204
2010-09-30,0.37934776188534425
2010-10-01,0.4946030981136682
2010-10-04,0.5139135571854425
2010-10-05,0.667530039954652
2010-10-06,0.7391352913485081
2010-10-07,0.8271087894666467
2010-10-08,0.8712341865358848
2010-10-11,0.8971065286447053
2010-10-12,0.9257535130865986
2010-10-13,0.9553383104295006
2010-10-14,0.9643928850550119
2010-10-15,0.971621824200229
2010-10-18,0.9781910817890995
2010-10-19,0.9785268516595518
2010-10-20,0.9840619247291682
2010-10-21,0.9883409751790921
2010-10-22,0.9925949279467787
2010-10-25,0.0
2010-10-26,0.0
2010-10-27,0.0
2010-10-28,0.0
2010-10-29,0.0
2010-11-01,0.0
2010-11-02,0.0
2010-11-03,0.0
2010-11-04,0.0
2010-11-05,0.0
2010-11-08,0.0
2010-11-09,-6.439293542825908e-15
2010-11-10,-0.26781452186429733
2010-11-11,-0.5443974413446595
2010-11-12,-0.7510464989712515
2010-11-15,-0.8810588891914946
2010-11-16,-0.9472289996690044
2010-11-17,-0.9646990368787629
2010-11-18,-0.9698878970518978
2010-11-19,-0.9747135071794175
2010-11-22,-0.9804547150843304
2010-11-23,-0.9888961607242357
2010-11-24,-0.9914293180576894
2010-11-26,0.0
2010-11-29,0.0
2010-11-30,0.0
2010-12-01,0.0
2010-12-02,0.0
2010-12-03,0.0
2010-12-06,0.0
2010-12-07,0.0
2010-12-08,0.0
2010-12-09,0.0
2010-12-10,0.0
2010-12-13,-6.661338147750939e-15
2010-12-14,-0.036007181593743054
2010-12-15,-0.14943692802550768
2010-12-16,-0.14893227445701362
2010-12-17,-0.06812210853767708
2010-12-20,-0.005213128438943615
2010-12-21,0.1302231596216743
2010-12-22,0.2720729490714211
2010-12-23,0.2545728136717613
2010-12-27,0.1717447185286911
2010-12-28,0.07438812986943977
2010-12-29,0.07372749476777085
2010-12-30,-0.018309083916959068
2010-12-31,-0.12856073968945214
2011-01-03,-0.16625370502477277
2011-01-04,-0.3204481688484191
2011-01-05,-0.6005940235556899
2011-01-06,-0.8131982247068152
2011-01-07,-0.9247846177933794
2011-01-10,-0.9812173302917426
2011-01-11,-0.9959040168278956
2011-01-12,0.0
2011-01-13,0.0
2011-01-14,0.0
2011-01-18,0.0
2011-01-19,0.0
2011-01-20,0.0
2011-01-21,0.0
2011-01-24,0.0
2011-01-25,0.0
2011-01-26,0.0
2011-01-27,0.0
2011-01-28,6.439293542825908e-15
2011-01-31,-0.17543847425482073
2011-02-01,-0.330792584112622
2011-02-02,-0.20003912406616786
2011-02-03,0.4761358983687236
2011-02-04,0.9189607330647971
2011-02-07,0.9978359509116812
2011-02-08,0.0
2011-02-09,0.0
2011-02-10,0.0
2011-02-11,0.0
2011-02-14,0.0
2011-02-15,0.0
2011-02-16,0.0
2011-02-17,0.0
2011-02-18,0.0
2011-02-22,0.0
2011-02-23,0.0
2011-02-24,1.0880185641326534e-14
2011-02-25,-0.11938142976090504
2011-02-28,-0.1580978081070452
2011-03-01,-0.5570196203567765
2011-03-02,-0.7540155411694327
2011-03-03,-0.8138913305886062
2011-03-04,-0.9277346079126372
2011-03-07,-0.9848955218905089
2011-03-08,-0.997535852021658
2011-03-09,0.0
2011-03-10,0.0
2011-03-11,0.0
2011-03-14,0.0
2011-03-15,0.0
2011-03-16,0.0
2011-03-17,0.0
2011-03-18,0.0
2011-03-21,0.0
2011-03-22,0.0
2011-03-23,0.0
2011-03-24,1.9984014443252818e-15
2011-03-25,-0.14266113742005992
2011-03-28,-0.35752455603615285
2011-03-29,-0.6121524282557251
2011-03-30,-0.5671098968295833
2011-03-31,-0.5418981001428835
2011-04-01,-0.41556229203437667
2011-04-04,-0.2676470458620941
2011-04-05,-0.1312287341833267
2011-04-06,-0.018054017804839617
2011-04-07,0.07486458279520214
2011-04-08,0.12244521041375278
2011-04-11,0.19847581851822937
2011-04-12,0.22846653619897128
2011-04-13,0.3064532536804381
2011-04-14,0.35019837521315633
2011-04-15,0.38274912373942627
2011-04-18,0.4052598276383961
2011-04-19,0.5075013536312076
2011-04-20,0.6965516710582638
2011-04-21,0.8272641081579222
2011-04-25,0.9242514673771862
2011-04-26,0.9651191669891126
2011-04-27,0.991663284008387
2011-04-28,0.0
2011-04-29,0.0
2011-05-02,0.0
2011-05-03,0.0
2011-05-04,0.0
2011-05-05,0.0
2011-05-06,0.0
2011-05-09,0.0
2011-05-10,0.0
2011-05-11,0.0
2011-05-12,0.0
2011-05-13,6.8833827526759706e-15
2011-05-16,-0.3088430899262635
2011-05-17,-0.4822767703605433
2011-05-18,-0.11300845512895075
2011-05-19,0.3215338821300877
2011-05-20,0.4644316796812644
2011-05-23,0.43051429259598484
2011-05-24,0.181808596045979
2011-05-25,-0.18831889756917386
2011-05-26,-0.48815360111948336
2011-05-27,-0.637269305501865
2011-05-31,-0.7774404578545142
2011-06-01,-0.9404356506127645
2011-06-02,-0.9897863020755107
2011-06-03,-0.9995221378937558
2011-06-06,0.0
2011-06-07,0.0
2011-06-08,0.0
2011-06-09,0.0
2011-06-10,0.0
2011-06-13,0.0
2011-06-14,0.0
2011-06-15,0.0
2011-06-16,0.0
2011-06-17,0.0
2011-06-20,0.0
2011-06-21,2.4424906541753444e-15
2011-06-22,0.33846288341659636
2011-06-23,0.3226611575390492
2011-06-24,0.18280882061700643
2011-06-27,0.08897892016212339
2011-06-28,0.14926842357362458
2011-06-29,0.15519687662254866
2011-06-30,0.23387845186556833
2011-07-01,0.47526560593827294
2011-07-05,0.7249703448718459
2011-07-06,0.8314873829168223
2011-07-07,0.9467939628714424
2011-07-08,0.9779439373552803
2011-07-11,0.9884405725483656
2011-07-12,0.9955256295396884
2011-07-13,0.0
2011-07-14,0.0
2011-07-15,0.0
2011-07-18,0.0
2011-07-19,0.0
2011-07-20,0.0
2011-07-21,0.0
2011-07-22,0.0
2011-07-25,0.0
2011-07-26,0.0
2011-07-27,0.0
2011-07-28,1.3988810110276972e-14
2011-07-29,-0.2932760369520597
2011-08-01,-0.6588405852161334
2011-08-02,-0.9421448564518531
2011-08-03,-0.99423376610033
2011-08-04,0.0
2011-08-05,0.0
2011-08-08,0.0
2011-08-09,0.0
2011-08-10,0.0
2011-08-11,0.0
2011-08-12,0.0
2011-08-15,0.0
2011-08-16,0.0
2011-08-17,0.0
2011-08-18,0.0
2011-08-19,-3.1086244689504383e-15
2011-08-22,-0.17723174318759227
2011-08-23,-0.14024638211335994
2011-08-24,0.020527945996428265
2011-08-25,0.10742951644584386
2011-08-26,0.3463270205037783
2011-08-29,0.6393618674157486
2011-08-30,0.86653122557748
2011-08-31,0.9691281726616245
2011-09-01,0.9920997836518253
2011-09-02,0.0
2011-09-06,0.0
2011-09-07,0.0
2011-09-08,0.0
2011-09-09,0.0
2011-09-12,0.0
2011-09-13,0.0
2011-09-14,0.0
2011-09-15,0.0
2011-09-16,0.0
2011-09-19,0.0
2011-09-20,-7.549516567451064e-15
2011-09-21,0.12484975126257014
2011-09-22,-0.054753735818457994
2011-09-23,0.056502282714748775
2011-09-26,0.5256577381976242
2011-09-27,0.8247615944428843
2011-09-28,0.839708822242184
2011-09-29,0.7390426171751054
2011-09-30,0.4640882073849426
2011-10-03,-0.07007267547776608
2011-10-04,-0.3885601392429072
2011-10-05,-0.6107442972192403
2011-10-06,-0.7036585024858213
2011-10-07,-0.8196743574911396
2011-10-10,-0.8342207165810929
2011-10-11,-0.7773425447609128
2011-10-12,-0.6506956870732645
2011-10-13,-0.4965935754326902
2011-10-14,-0.1304308226031008
2011-10-17,0.10265910965190517
2011-10-18,0.4284481312722599
2011-10-19,0.6252130974087136
2011-10-20,0.7690473566527962
2011-10-21,0.9280817674378852
2011-10-24,0.9864312055006037
2011-10-25,0.9968664683526198
2011-10-26,0.0
2011-10-27,0.0
2011-10-28,0.0
2011-10-31,0.0
2011-11-01,0.0
2011-11-02,0.0
2011-11-03,0.0
2011-11-04,0.0
2011-11-07,0.0
2011-11-08,0.0
2011-11-09,0.0
2011-11-10,-9.103828801926284e-15
2011-11-11,0.02126943827239325
2011-11-14,-0.059757398986580945
2011-11-15,-0.2993885782874508
2011-11-16,-0.5802279356792628
2011-11-17,-0.8298381234391434
2011-11-18,-0.9461056946291613
2011-11-21,-0.9898307643541935
2011-11-22,-0.9979128024444093
2011-11-23,0.0
2011-11-25,0.0
2011-11-28,0.0
2011-11-29,0.0
2011-11-30,0.0
2011-12-01,0.0
2011-12-02,0.0
2011-12-05,0.0
2011-12-06,0.0
2011-12-07,0.0
2011-12-08,0.0
2011-12-09,4.6629367034256575e-15
2011-12-12,0.11457737806334478
2011-12-13,0.16115563237292396
2011-12-14,0.0009876338806682483
2011-12-15,-0.1452366113545671
2011-12-16,-0.28361881351339635
2011-12-19,-0.5208273479140093
2011-12-20,-0.5663816923424343
2011-12-21,-0.6319316632544156
2011-12-22,-0.6854571803459548
2011-12-23,-0.717309776785795
2011-12-27,-0.7532787915198482
2011-12-28,-0.7676511429470381
2011-12-29,-0.7556267061363515
2011-12-30,-0.7462154755453798
2012-01-03,-0.7448895561349542
2012-01-04,-0.7353221386099458
2012-01-05,-0.7212970655563895
2012-01-06,-0.6868815839059201
2012-01-09,-0.6267319526361397
2012-01-10,-0.4791719214988446
2012-01-11,-0.2343307147018745
2012-01-12,0.10166134027221041
2012-01-13,0.39025844441680047
2012-01-17,0.6527806169817196
2012-01-18,0.8395882393805212
2012-01-19,0.9508510315999652
2012-01-20,0.9825379611830574
2012-01-23,0.9941876563098326
2012-01-24,0.0
2012-01-25,0.0
2012-01-26,0.0
2012-01-27,0.0
2012-01-30,0.0
2012-01-31,0.0
2012-02-01,0.0
2012-02-02,0.0
2012-02-03,0.0
2012-02-06,0.0
2012-02-07,0.0
2012-02-08,3.9968028886505635e-15
2012-02-09,0.24559738876335824
2012-02-10,0.40228589276497084
2012-02-13,0.6020423682833007
2012-02-14,0.7521124792851848
2012-02-15,0.8928737251141714
2012-02-16,0.9294922809027688
2012-02-17,0.9620431845634858
2012-02-21,0.9694429374514328
2012-02-22,0.9685375750190548
2012-02-23,0.9658085054566594
2012-02-24,0.9708468989099917
2012-02-27,0.9756024436540709
2012-02-28,0.9908047901251098
2012-02-29,0.0
2012-03-01,0.0
2012-03-02,0.0
2012-03-05,0.0
2012-03-06,0.0
2012-03-07,0.0
2012-03-08,0.0
2012-03-09,0.0
2012-03-12,0.0
2012-03-13,0.0
2012-03-14,0.0
2012-03-15,0.0
2012-03-16,0.2787665876567367
2012-03-19,0.5529165901208675
2012-03-20,0.6007930689079601
2012-03-21,0.8090341675673229
2012-03-22,0.9077564243011857
2012-03-23,0.9666310058342362
2012-03-26,0.9932489972690512
2012-03-27,0.0
2012-03-28,0.0
2012-03-29,0.0
2012-03-30,0.0
2012-04-02,0.0
2012-04-03,0.0
2012-04-04,0.0
2012-04-05,0.0
2012-04-09,0.0
2012-04-10,0.0
2012-04-11,0.0
2012-04-12,1.3988810110276972e-14
2012-04-13,0.3171121539070967
2012-04-16,0.6049241967066292
2012-04-17,0.8472242790988069
2012-04-18,0.9419841013006247
2012-04-19,0.9757726550074004
2012-04-20,0.9942173034419524
2012-04-23,0.0
2012-04-24,0.0
2012-04-25,0.0
2012-04-26,0.0
2012-04-27,0.0
2012-04-30,0.0
2012-05-01,0.0
2012-05-02,0.0
2012-05-03,0.0
2012-05-04,0.0
2012-05-07,0.0
2012-05-08,-2.220446049250313e-15
2012-05-09,-0.41328544324992134
2012-05-10,-0.6780193434000017
2012-05-11,-0.8059539973030989
2012-05-14,-0.9151604291940791
2012-05-15,-0.9630973373008036
2012-05-16,-0.9823425845261389
2012-05-17,-0.9971127433973275
2012-05-18,0.0
2012-05-21,0.0
2012-05-22,0.0
2012-05-23,0.0
2012-05-24,0.0
2012-05-25,0.0
2012-05-29,0.0
2012-05-30,0.0
2012-05-31,0.0
2012-06-01,0.0
2012-06-04,0.0
2012-06-05,-7.327471962526033e-15
2012-06-06,0.16162695667132643
2012-06-07,0.35522301243853716
2012-06-08,0.6046932208314584
2012-06-11,0.8137245372887971
2012-06-12,0.951536993184187
2012-06-13,0.963960354496959
2012-06-14,0.9681017741963946
2012-06-15,0.9806365366274798
2012-06-18,0.9923453345622821
2012-06-19,0.0
2012-06-20,0.0
2012-06-21,0.0
2012-06-22,0.0
2012-06-25,0.0
2012-06-26,0.0
2012-06-27,0.0
2012-06-28,0.0
2012-06-29,0.0
2012-07-02,0.0
2012-07-03,0.0
2012-07-05,5.329070518200751e-15
2012-07-06,-0.1035670909023132
2012-07-09,-0.48185350022804574
2012-07-10,-0.8583650105300378
2012-07-11,-0.978814004955852
2012-07-12,-0.9975758230471847
2012-07-13,0.0
2012-07-16,0.0
2012-07-17,0.0
2012-07-18,0.0
2012-07-19,0.0
2012-07-20,0.0
2012-07-23,0.0
2012-07-24,0.0
2012-07-25,0.0
2012-07-26,0.0
2012-07-27,0.0
2012-07-30,9.103828801926284e-15
2012-07-31,0.09062202336173586
2012-08-01,-0.1504083612217162
2012-08-02,-0.15080149965215828
2012-08-03,0.3121442059098172
2012-08-06,0.7603350384221368
2012-08-07,0.9658373359670596
2012-08-08,0.9976143733585445
2012-08-09,0.0
2012-08-10,0.0
2012-08-13,0.0
2012-08-14,0.0
2012-08-15,0.0
2012-08-16,0.0
2012-08-17,0.0
2012-08-20,0.0
2012-08-21,0.0
2012-08-22,0.0
2012-08-23,0.0
2012-08-24,0.0
2012-08-27,0.1532337224543887
2012-08-28,0.25145552624717915
2012-08-29,0.4238268589645333
2012-08-30,0.6329722959346726
2012-08-31,0.8568523621125452
2012-09-04,0.9684614605344986
2012-09-05,0.9947370527060457
2012-09-06,0.0
2012-09-07,0.0
2012-09-10,0.0
2012-09-11,0.0
2012-09-12,0.0
2012-09-13,0.0
2012-09-14,0.0
2012-09-17,0.0
2012-09-18,0.0
2012-09-19,0.0
2012-09-20,0.0
2012-09-21,7.549516567451064e-15
2012-09-24,0.20407447876176965
2012-09-25,0.27733425280868396
2012-09-26,0.321948247723721
2012-09-27,0.501943030402999
2012-09-28,0.65423581167334
2012-10-01,0.7886374178922697
2012-10-02,0.8717090855478331
2012-10-03,0.9333114038569474
2012-10-04,0.9763674465132763
2012-10-05,0.9930899744265627
2012-10-08,0.0
2012-10-09,0.0
2012-10-10,0.0
2012-10-11,0.0
2012-10-12,0.0
2012-10-15,0.0
2012-10-16,0.0
2012-10-17,0.0
2012-10-18,0.0
2012-10-19,0.0
2012-10-22,0.0
2012-10-23,-6.217248937900877e-15
2012-10-24,-0.44568262476816045
2012-10-25,-0.7846102873894176
2012-10-26,-0.9578276931868603
2012-10-31,-0.9879234206651732
2012-11-01,-0.9765094988695866
2012-11-02,-0.9858494839221965
2012-11-05,-0.9942115224844108
2012-11-06,0.0
2012-11-07,0.0
2012-11-08,0.0
2012-11-09,0.0
2012-11-12,0.0
2012-11-13,0.0
2012-11-14,0.0
2012-11-15,0.0
2012-11-16,0.0
2012-11-19,0.0
2012-11-20,0.0
2012-11-21,5.329070518200751e-15
2012-11-23,0.4289729000919795
2012-11-26,0.6806456396000755
2012-11-27,0.8211846362758244
2012-11-28,0.9575054380914882
2012-11-29,0.9954037044816177
2012-11-30,0.0
2012-12-03,0.0
2012-12-04,0.0
2012-12-05,0.0
2012-12-06,0.0
2012-12-07,0.0
2012-12-10,0.0
2012-12-11,0.0
2012-12-12,0.0
2012-12-13,0.0
2012-12-14,0.0
2012-12-17,0.0
2012-12-18,0.6792578119328954
2012-12-19,0.894129950940751
2012-12-20,0.9854583100708336
2012-12-21,0.9980745381258065
2012-12-24,0.0
2012-12-26,0.0
2012-12-27,0.0
2012-12-28,0.0
2012-12-31,0.0
2013-01-02,0.0
2013-01-03,0.0
2013-01-04,0.0
2013-01-07,0.0
2013-01-08,0.0
2013-01-09,0.0
2013-01-10,-5.995204332975845e-15
2013-01-11,0.3188886094161201
2013-01-14,0.5449302151519546
2013-01-15,0.6704379566667833
2013-01-16,0.7582470992624306
2013-01-17,0.8394221454494679
2013-01-18,0.9039520531924292
2013-01-22,0.944889361851811
2013-01-23,0.9723943977926288
2013-01-24,0.9870571570443099
2013-01-25,0.9953140870718078
2013-01-28,0.0
2013-01-29,0.0
2013-01-30,0.0
2013-01-31,0.0
2013-02-01,0.0
2013-02-04,0.0
2013-02-05,0.0
2013-02-06,0.0
2013-02-07,0.0
2013-02-08,0.0
2013-02-11,0.0
2013-02-12,-1.354472090042691e-14
2013-02-13,0.34489659493300207
2013-02-14,0.4970637256454329
2013-02-15,0.5358057134367518
2013-02-19,0.6197960917631793
2013-02-20,0.558934085773104
2013-02-21,0.33443772457577303
2013-02-22,0.4087651526287279
2013-02-25,0.38495696600970497
2013-02-26,0.5246445759238971
2013-02-27,0.8506448048003539
2013-02-28,0.9680281223357279
2013-03-01,0.9983624620059537
2013-03-04,0.0
2013-03-05,0.0
2013-03-06,0.0
2013-03-07,0.0
2013-03-08,0.0
2013-03-11,0.0
2013-03-12,0.0
2013-03-13,0.0
2013-03-14,0.0
2013-03-15,0.0
2013-03-18,0.0
2013-03-19,1.2656542480726785e-14
2013-03-20,0.34482998179593305
2013-03-21,0.5263276056493547
2013-03-22,0.7502792916304324
2013-03-25,0.877412600425689
2013-03-26,0.9570333304695473
2013-03-27,0.9762406614662749
2013-03-28,0.9882844402136763
2013-04-01,0.9907289122044578
2013-04-02,0.0
2013-04-03,0.0
2013-04-04,0.0
2013-04-05,0.0
2013-04-08,0.0
2013-04-09,0.0
2013-04-10,0.0
2013-04-11,0.0
2013-04-12,0.0
2013-04-15,0.0
2013-04-16,0.0
2013-04-17,-8.881784197001252e-15
2013-04-18,-0.4725086211992613
2013-04-19,-0.6412909552484638
2013-04-22,-0.7271881458414642
2013-04-23,-0.7237737216292728
2013-04-24,-0.7036677524900536
2013-04-25,-0.5999351738172338
2013-04-26,-0.5733578993022144
2013-04-29,-0.5935280428002976
2013-04-30,-0.6135638862840818
2013-05-01,-0.6994826793146167
2013-05-02,-0.6509903254572418
2013-05-03,-0.6293953102656928
2013-05-06,-0.6273228804121067
2013-05-07,-0.7274652561916091
2013-05-08,-0.8561549479028632
2013-05-09,-0.9084075363926312
2013-05-10,-0.9162739342862729
2013-05-13,-0.9496731796161941
2013-05-14,-0.9600925572006669
2013-05-15,-0.9523881633786113
2013-05-16,-0.954508055383688
2013-05-17,-0.9555341764007286
2013-05-20,-0.9567188886109554
2013-05-21,-0.9361328646877027
2013-05-22,-0.9312047700704054
2013-05-23,-0.9095184151927647
2013-05-24,-0.8918737161752528
2013-05-28,-0.8186837707028423
2013-05-29,-0.803249062483502
2013-05-30,-0.7547180332314847
2013-05-31,-0.7621388325781027
2013-06-03,-0.7615920355061336
2013-06-04,-0.7782995868315585
2013-06-05,-0.9007434225595325
2013-06-06,-0.9709100451715513
2013-06-07,-0.9883209348663635
2013-06-10,-0.9982198170469383
2013-06-11,0.0
2013-06-12,0.0
2013-06-13,0.0
2013-06-14,0.0
2013-06-17,0.0
2013-06-18,0.0
2013-06-19,0.0
2013-06-20,0.0
2013-06-21,0.0
2013-06-24,0.0
2013-06-25,0.0
2013-06-26,5.10702591327572e-15
2013-06-27,0.1828332983556471
2013-06-28,0.4278897697304116
2013-07-01,0.6776455312695977
2013-07-02,0.874362522866311
2013-07-03,0.9857998364070353
2013-07-05,0.999360597281302
2013-07-08,0.0
2013-07-09,0.0
2013-07-10,0.0
2013-07-11,0.0
2013-07-12,0.0
2013-07-15,0.0
2013-07-16,0.0
2013-07-17,0.0
2013-07-18,0.0
2013-07-19,0.0
2013-07-22,0.0
2013-07-23,2.6645352591003757e-15
2013-07-24,0.10317080567572945
2013-07-25,0.2754955189384549
2013-07-26,0.4217013101432576
2013-07-29,0.4569490486090211
2013-07-30,-0.03766279732333033
2013-07-31,-0.643700453768355
2013-08-01,-0.813389447315038
2013-08-02,-0.9006238927678947
2013-08-05,-0.9445685146661944
2013-08-06,-0.9678544153008388
2013-08-07,-0.9804986886642528
2013-08-08,-0.9871197982137896
2013-08-09,-0.9906531317374054
2013-08-12,0.0
2013-08-13,0.0
2013-08-14,0.0
2013-08-15,0.0
2013-08-16,0.0
2013-08-19,0.0
2013-08-20,0.0
2013-08-21,0.0
2013-08-22,0.0
2013-08-23,0.0
2013-08-26,0.0
2013-08-27,8.43769498715119e-15
2013-08-28,-0.36054205761906943
2013-08-29,-0.6480944305853917
2013-08-30,-0.8531323323411015
2013-09-03,-0.9507427132004442
2013-09-04,-0.9882469794525066
2013-09-05,-0.9967117749294312
2013-09-06,0.0
2013-09-09,0.0
2013-09-10,0.0
2013-09-11,0.0
2013-09-12,0.0
2013-09-13,0.0
2013-09-16,0.0
2013-09-17,0.0
2013-09-18,0.0
2013-09-19,0.0
2013-09-20,0.0
2013-09-23,1.2434497875801753e-14
2013-09-24,0.15919209305942794
2013-09-25,0.3792696783617675
2013-09-26,0.7980205516527366
2013-09-27,0.9681350463552736
2013-09-30,0.9962600807647661
2013-10-01,0.0
2013-10-02,0.0
2013-10-03,0.0
2013-10-04,0.0
2013-10-07,0.0
2013-10-08,0.0
2013-10-09,0.0
2013-10-10,0.0
2013-10-11,0.0
2013-10-14,0.0
2013-10-15,0.0
2013-10-16,-1.021405182655144e-14
2013-10-17,0.13448575179634448
2013-10-18,0.39255367711477995
2013-10-21,0.6270053502576101
2013-10-22,0.8893069238164164
2013-10-23,0.9706884427370188
2013-10-24,0.9948812498170281
2013-10-25,0.0
2013-10-28,0.0
2013-10-29,0.0
2013-10-30,0.0
2013-10-31,0.0
2013-11-01,0.0
2013-11-04,0.0
2013-11-05,0.0
2013-11-06,0.0
2013-11-07,0.0
2013-11-08,0.0
2013-11-11,-4.440892098500626e-15
2013-11-12,-0.23207578878274493
2013-11-13,-0.27844181948953106
2013-11-14,-0.28375924251362505
2013-11-15,-0.34022400064186575
2013-11-18,-0.3930343523149209
2013-11-19,-0.46210378306726074
2013-11-20,-0.5238775769185446
2013-11-21,-0.5780692263992571
2013-11-22,-0.5727237504798324
2013-11-25,-0.582504212264852
2013-11-26,-0.5175521931802547
2013-11-27,-0.41707596584297857
2013-11-29,-0.275296172250421
2013-12-02,-0.24190388834310372
2013-12-03,-0.29074880008558757
2013-12-04,-0.4498298734366384
2013-12-05,-0.5985531348768149
2013-12-06,-0.650976171368725
2013-12-09,-0.6764449450655743
2013-12-10,-0.7136144565799238
2013-12-11,-0.7777098945154135
2013-12-12,-0.8813683905179914
2013-12-13,-0.9486830863735807
2013-12-16,-0.9677957944276807
2013-12-17,-0.9821077291373976
2013-12-18,-0.9783544363799588
2013-12-19,-0.9738594882112239
2013-12-20,-0.9541014045037122
2013-12-23,-0.9111586798231075
2013-12-24,-0.8279736585882347
2013-12-26,-0.7095457833425702
2013-12-27,-0.5336612426258984
2013-12-30,-0.19770487095730638
2013-12-31,0.1687075087582839
2014-01-02,0.40550777669752214
2014-01-03,0.5720241731931321
2014-01-06,0.6513386221570605
2014-01-07,0.6954182203511203
2014-01-08,0.6249616705263006
2014-01-09,0.5538716846584877
2014-01-10,0.43212404894764234
2014-01-13,0.11087449654194281
2014-01-14,-0.1362938452872431
2014-01-15,-0.3647444771350661
2014-01-16,-0.5944262742562183
2014-01-17,-0.8010318924108253
2014-01-21,-0.9212127720428367
2014-01-22,-0.9745171818144591
2014-01-23,-0.9938226410936872
2014-01-24,0.0
2014-01-27,0.0
2014-01-28,0.0
2014-01-29,0.0
2014-01-30,0.0
2014-01-31,0.0
2014-02-03,0.0
2014-02-04,0.0
2014-02-05,0.0
2014-02-06,0.0
2014-02-07,0.0
2014-02-10,0.0
2014-02-11,0.3607240538643859
2014-02-12,0.640422463634571
2014-02-13,0.6007320891822372
2014-02-14,0.672725571044815
2014-02-18,0.7035962211465614
2014-02-19,0.7729102357251201
2014-02-20,0.8719202244708255
2014-02-21,0.9379379633011231
2014-02-24,0.9687233766915169
2014-02-25,0.9807269201143951
2014-02-26,0.9869722235595766
2014-02-27,0.993188413289426
2014-02-28,0.0
2014-03-03,0.0
2014-03-04,0.0
2014-03-05,0.0
2014-03-06,0.0
2014-03-07,0.0
2014-03-10,0.0
2014-03-11,0.0
2014-03-12,0.0
2014-03-13,0.0
2014-03-14,0.0
2014-03-17,1.0880185641326534e-14
2014-03-18,-0.10406952513665324
2014-03-19,-0.19902965508852377
2014-03-20,-0.28674686723408604
2014-03-21,-0.23664675739086483
2014-03-24,-0.3932605425466378
2014-03-25,-0.5445597737603689
2014-03-26,-0.715552792423185
2014-03-27,-0.8699925782388458
2014-03-28,-0.932815672506657
2014-03-31,-0.9614029632181811
2014-04-01,-0.9644480364742478
2014-04-02,-0.9613666977932076
2014-04-03,-0.9654740217390674
2014-04-04,-0.977053647261314
2014-04-07,-0.9950524590537471
2014-04-08,0.0
2014-04-09,0.0
2014-04-10,0.0
2014-04-11,0.0
2014-04-14,0.0
2014-04-15,0.0
2014-04-16,0.0
2014-04-17,0.0
2014-04-21,0.0
2014-04-22,0.0
2014-04-23,0.0
2014-04-24,1.2212453270876722e-14
2014-04-25,-0.2567657514697801
2014-04-28,-0.6209243077855588
2014-04-29,-0.8181642605302333
2014-04-30,-0.9153422970064058
2014-05-01,-0.9596836043879495
2014-05-02,-0.9768593389492966
2014-05-05,-0.9772239267895884
2014-05-06,-0.9950427300884885
2014-05-07,0.0
2014-05-08,0.0
2014-05-09,0.0
2014-05-12,0.0
2014-05-13,0.0
2014-05-14,0.0
2014-05-15,0.0
2014-05-16,0.0
2014-05-19,0.0
2014-05-20,0.0
2014-05-21,0.0
2014-05-22,3.3306690738754696e-15
2014-05-23,0.8172732498990603
2014-05-27,0.9919705733637771
2014-05-28,0.0
2014-05-29,0.0
2014-05-30,0.0
2014-06-02,0.0
2014-06-03,0.0
2014-06-04,0.0
2014-06-05,0.0
2014-06-06,0.0
2014-06-09,0.0
2014-06-10,0.0
2014-06-11,0.0
2014-06-12,1.021405182655144e-14
2014-06-13,-0.2036862625376561
2014-06-16,-0.4860208296927948
2014-06-17,-0.6777979746150604
2014-06-18,-0.8230687512971522
2014-06-19,-0.9470122193721262
2014-06-20,-0.9954415971225288
2014-06-23,0.0
2014-06-24,0.0
2014-06-25,0.0
2014-06-26,0.0
2014-06-27,0.0
2014-06-30,0.0
2014-07-01,0.0
2014-07-02,0.0
2014-07-03,0.0
2014-07-07,0.0
2014-07-08,0.0
2014-07-09,-4.218847493575595e-15
2014-07-10,0.38027169561283714
2014-07-11,0.7160498373113646
2014-07-14,0.8776620164999207
2014-07-15,0.9589152367270055
2014-07-16,0.9990644928843062
2014-07-17,0.0
2014-07-18,0.0
2014-07-21,0.0
2014-07-22,0.0
2014-07-23,0.0
2014-07-24,0.0
2014-07-25,0.0
2014-07-28,0.0
2014-07-29,0.0
2014-07-30,0.0
2014-07-31,0.0
2014-08-01,1.0436096431476471e-14
2014-08-04,0.1491406892052607
2014-08-05,0.25676967671112627
2014-08-06,0.09030573517526741
2014-08-07,-0.6058179905234007
2014-08-08,-0.7245034637312844
2014-08-11,-0.7722341759119831
2014-08-12,-0.8397064333089863
2014-08-13,-0.8407832893545812
2014-08-14,-0.8337105704377725
2014-08-15,-0.7001485499837468
2014-08-18,-0.24107902865473063
2014-08-19,0.3175147904807436
2014-08-20,0.7944164746845908
2014-08-21,0.9606278541271147
2014-08-22,0.9916502054747358
2014-08-25,0.0
2014-08-26,0.0
2014-08-27,0.0
2014-08-28,0.0
2014-08-29,0.0
2014-09-02,0.0
2014-09-03,0.0
2014-09-04,0.0
2014-09-05,0.0
2014-09-08,0.0
2014-09-09,0.0
2014-09-10,-7.327471962526033e-15
2014-09-11,-0.5101780386437467
2014-09-12,-0.8663695221323824
2014-09-15,-0.9800099479082545
2014-09-16,-0.9979143697970354
2014-09-17,0.0
2014-09-18,0.0
2014-09-19,0.0
2014-09-22,0.0
2014-09-23,0.0
2014-09-24,0.0
2014-09-25,0.0
2014-09-26,0.0
2014-09-29,0.0
2014-09-30,0.0
2014-10-01,0.0
2014-10-02,2.4424906541753444e-15
2014-10-03,-0.2301128212168162
2014-10-06,-0.4469148107686598
2014-10-07,-0.6811058300184412
2014-10-08,-0.7696448068155393
2014-10-09,-0.8978472991360256
2014-10-10,-0.9700258223215106
2014-10-13,-0.9959472670248506
2014-10-14,0.0
2014-10-15,0.0
2014-10-16,0.0
2014-10-17,0.0
2014-10-20,0.0
2014-10-21,0.0
2014-10-22,0.0
2014-10-23,0.0
2014-10-24,0.0
2014-10-27,0.0
2014-10-28,0.0
2014-10-29,0.0
2014-10-30,0.07310890060261954
2014-10-31,0.031070067169359783
2014-11-03,0.049508049153824896
2014-11-04,-0.33435252412388716
2014-11-05,-0.48479555372371985
2014-11-06,-0.7624055618288255
2014-11-07,-0.9180816514136889
2014-11-10,-0.9807783287815532
2014-11-11,-0.9969862782162808
2014-11-12,0.0
2014-11-13,0.0
2014-11-14,0.0
2014-11-17,0.0
2014-11-18,0.0
2014-11-19,0.0
2014-11-20,0.0
2014-11-21,0.0
2014-11-24,0.0
2014-11-25,0.0
2014-11-26,0.0
2014-11-28,-7.549516567451064e-15
2014-12-01,0.23004744461842508
2014-12-02,0.4686650834782695
2014-12-03,0.7013898243656009
2014-12-04,0.771433373924034
2014-12-05,0.7874753679108877
2014-12-08,0.7760579912806151
2014-12-09,0.8426185823554695
2014-12-10,0.8486172047479379
2014-12-11,0.8633732185168932
2014-12-12,0.8371832459377635
2014-12-15,0.76977568382791
2014-12-16,0.7194450660424758
2014-12-17,0.7591135086907133
2014-12-18,0.8664003824703577
2014-12-19,0.9311550033481595
2014-12-22,0.9510072527803242
2014-12-23,0.9724541621504557
2014-12-24,0.9834344358711726
2014-12-26,0.9901034593800073
2014-12-29,0.0
2014-12-30,0.0
2014-12-31,0.0
2015-01-02,0.0
2015-01-05,0.0
2015-01-06,0.0
2015-01-07,0.0
2015-01-08,0.0
2015-01-09,0.0
2015-01-12,0.0
2015-01-13,0.0
2015-01-14,-3.3306690738754696e-15
2015-01-15,-0.41781421308898814
2015-01-16,-0.7145709408268539
2015-01-20,-0.8853230946065291
2015-01-21,-0.9571150587645989
2015-01-22,-0.9818007975873755
2015-01-23,-0.9933001933860122
2015-01-26,0.0
2015-01-27,0.0
2015-01-28,0.0
2015-01-29,0.0
2015-01-30,0.0
2015-02-02,0.0
2015-02-03,0.0
2015-02-04,0.0
2015-02-05,0.0
2015-02-06,0.0
2015-02-09,0.0
2015-02-10,0.0
2015-02-11,0.3451988306606979
2015-02-12,0.53314082196591
2015-02-13,0.8811374794479021
2015-02-17,0.9559264010471951
2015-02-18,0.9872351609717498
2015-02-19,0.997607031876669
2015-02-20,0.0
2015-02-23,0.0
2015-02-24,0.0
2015-02-25,0.0
2015-02-26,0.0
2015-02-27,0.0
2015-03-02,0.0
2015-03-03,0.0
2015-03-04,0.0
2015-03-05,0.0
2015-03-06,0.0
2015-03-09,7.993605777301127e-15
2015-03-10,-0.1225719866352275
2015-03-11,-0.22615557468190817
2015-03-12,-0.3217244428500008
2015-03-13,-0.48140370967706025
2015-03-16,-0.5112522505919477
2015-03-17,-0.6208460449188418
2015-03-18,-0.7648970975984568
2015-03-19,-0.8482256977869735
2015-03-20,-0.8660133561389607
2015-03-23,-0.8752978598006396
2015-03-24,-0.8862430720988617
2015-03-25,-0.9382657579713196
2015-03-26,-0.9783759307005946
2015-03-27,-0.9913972736876417
2015-03-30,0.0
2015-03-31,0.0
2015-04-01,0.0
2015-04-02,0.0
2015-04-06,0.0
2015-04-07,0.0
2015-04-08,0.0
2015-04-09,0.0
2015-04-10,0.0
2015-04-13,0.0
2015-04-14,0.0
2015-04-15,-5.995204332975845e-15
2015-04-16,0.17644268367497462
2015-04-17,0.25329998006620125
2015-04-20,0.5353811197767884
2015-04-21,0.6767705083203506
2015-04-22,0.7859624372804062
2015-04-23,0.8692019601464025
2015-04-24,0.8768741138433209
2015-04-27,0.8561556061953759
2015-04-28,0.793206508598497
2015-04-29,0.7631886417139668
2015-04-30,0.7477658002791405
2015-05-01,0.76616976745094
2015-05-04,0.8284428063855533
2015-05-05,0.83140552875583
2015-05-06,0.7948685732646705
2015-05-07,0.7128982453704651
2015-05-08,0.5958612695156735
2015-05-11,0.38751433262877266
2015-05-12,0.3282423107570889
2015-05-13,0.18651598283745852
2015-05-14,0.03720762050774873
2015-05-15,-0.05746991875261753
2015-05-18,0.023382856630709048
2015-05-19,0.15003453257324817
2015-05-20,0.3006025291564842
2015-05-21,0.4051994311394853
2015-05-22,0.4834765567691106
2015-05-26,0.5240511859469872
2015-05-27,0.5857917539084483
2015-05-28,0.6370198427563802
2015-05-29,0.7471514219372142
2015-06-01,0.8294406852252723
2015-06-02,0.8894146084103105
2015-06-03,0.9310993778286889
2015-06-04,0.9567324357572295
2015-06-05,0.9790359190267524
2015-06-08,0.9872212562159672
2015-06-09,0.991134217703507
2015-06-10,0.0
2015-06-11,0.0
2015-06-12,0.0
2015-06-15,0.0
2015-06-16,0.0
2015-06-17,0.0
2015-06-18,0.0
2015-06-19,0.0
2015-06-22,0.0
2015-06-23,0.0
2015-06-24,0.0
2015-06-25,0.0
2015-06-26,0.181784302181216
2015-06-29,0.10412611108658831
2015-06-30,0.046534745899101226
2015-07-01,0.0037576497436955236
2015-07-02,-0.07642025648694539
2015-07-06,-0.18256018823224185
2015-07-07,-0.04135083216634028
2015-07-08,-0.24468987118791152
2015-07-09,-0.4918363101173824
2015-07-10,-0.4872208987767306
2015-07-13,-0.4441901861943416
2015-07-14,-0.2677694649584941
2015-07-15,-0.11084437055931295
2015-07-16,0.296386978357424
2015-07-17,0.2666818728491669
2015-07-20,0.05108369798584733
2015-07-21,-0.3756090160798109
2015-07-22,-0.5849008145580732
2015-07-23,-0.7792508362379416
2015-07-24,-0.9177825521541609
2015-07-27,-0.9797264138887392
2015-07-28,-0.9969428255732922
2015-07-29,0.0
2015-07-30,0.0
2015-07-31,0.0
2015-08-03,0.0
2015-08-04,0.0
2015-08-05,0.0
2015-08-06,0.0
2015-08-07,0.0
2015-08-10,0.0
2015-08-11,0.0
2015-08-12,0.0
2015-08-13,-4.440892098500626e-16
2015-08-14,-0.2669845023261461
2015-08-17,-0.38829744249654063
2015-08-18,-0.5173087737615925
2015-08-19,-0.64345769283444
2015-08-20,-0.815149985184842
2015-08-21,-0.9175680544478082
2015-08-24,-0.976195151193525
2015-08-25,-0.9946798179134353
2015-08-26,0.0
2015-08-27,0.0
2015-08-28,0.0
2015-08-31,0.0
2015-09-01,0.0
2015-09-02,0.0
2015-09-03,0.0
2015-09-04,0.0
2015-09-08,0.0
2015-09-09,0.0
2015-09-10,0.0
2015-09-11,1.199040866595169e-14
2015-09-14,-0.20615725241571714
2015-09-15,-0.0708207891295598
2015-09-16,0.6477234098380276
2015-09-17,0.9757991496481406
2015-09-18,0.9995179578930071
2015-09-21,0.0
2015-09-22,0.0
2015-09-23,0.0
2015-09-24,0.0
2015-09-25,0.0
2015-09-28,0.0
2015-09-29,0.0
2015-09-30,0.0
2015-10-01,0.0
2015-10-02,0.0
2015-10-05,0.0
2015-10-06,5.773159728050814e-15
2015-10-07,0.19510865674659916
2015-10-08,0.51603998746652
2015-10-09,0.7449201714472036
2015-10-12,0.8749793594293562
2015-10-13,0.9432152671688467
2015-10-14,0.9678145156904476
2015-10-15,0.9870848244243202
2015-10-16,0.9936786214772968
2015-10-19,0.0
2015-10-20,0.0
2015-10-21,0.0
2015-10-22,0.0
2015-10-23,0.0
2015-10-26,0.0
2015-10-27,0.0
2015-10-28,0.0
2015-10-29,0.0
2015-10-30,0.0
2015-11-02,0.0
2015-11-03,-1.3322676295501878e-15
2015-11-04,0.2811047689454469
2015-11-05,0.2881839842830982
2015-11-06,0.1431837074394373
2015-11-09,-5.843198251920256e-07
2015-11-10,0.17829774992818126
2015-11-11,0.47594853776978296
2015-11-12,0.6148904993030513
2015-11-13,0.6954967229726023
2015-11-16,0.8331712043349113
2015-11-17,0.8816832749291783
2015-11-18,0.9490458712710548
2015-11-19,0.9760034472164443
2015-11-20,0.9910903304044794
2015-11-23,0.0
2015-11-24,0.0
2015-11-25,0.0
2015-11-27,0.0
2015-11-30,0.0
2015-12-01,0.0
2015-12-02,0.0
2015-12-03,0.0
2015-12-04,0.0
2015-12-07,0.0
2015-12-08,0.0
2015-12-09,-8.881784197001252e-16
2015-12-10,-0.5192633724378604
2015-12-11,-0.9092533778843774
2015-12-14,-0.9962870091542275
2015-12-15,0.0
2015-12-16,0.0
2015-12-17,0.0
2015-12-18,0.0
2015-12-21,0.0
2015-12-22,0.0
2015-12-23,0.0
2015-12-24,0.0
2015-12-28,0.0
2015-12-29,0.0
2015-12-30,0.0
2015-12-31,5.10702591327572e-15
2016-01-04,-0.21525372680597
2016-01-05,-0.3666782609347834
2016-01-06,-0.5869049977489049
2016-01-07,-0.920604626268172
2016-01-08,-0.9748602308467547
2016-01-11,-0.9953307106682252
2016-01-12,0.0
2016-01-13,0.0
2016-01-14,0.0
2016-01-15,0.0
2016-01-19,0.0
2016-01-20,0.0
2016-01-21,0.0
2016-01-22,0.0
2016-01-25,0.0
2016-01-26,0.0
2016-01-27,0.0
2016-01-28,3.9968028886505635e-15
2016-01-29,0.43523204462801934
2016-02-01,0.7420550758205489
2016-02-02,0.7424530441363382
2016-02-03,0.8627006833982209
2016-02-04,0.953208964187684
2016-02-05,0.9771952536554676
2016-02-08,0.965138157700971
2016-02-09,0.862000737805501
2016-02-10,0.6311786379018398
2016-02-11,0.1561962097090248
2016-02-12,-0.19546034482792396
2016-02-16,-0.37472003250754815
2016-02-17,-0.27203887290445494
2016-02-18,-0.42351151804388376
2016-02-19,-0.6021427582736345
2016-02-22,-0.6132945799734126
2016-02-23,-0.7641879457215643
2016-02-24,-0.8642953888209728
2016-02-25,-0.9401243654634213
2016-02-26,-0.9723621039835777
2016-02-29,-0.9887950556567575
2016-03-01,-0.9862696184171746
2016-03-02,-0.9785071898671884
2016-03-03,-0.9439029659159319
2016-03-04,-0.8765231008284315
2016-03-07,-0.7108166928809481
2016-03-08,-0.5877545596114757
2016-03-09,-0.355161303666945
2016-03-10,-0.09428952857076878
2016-03-11,0.3220986480528243
2016-03-14,0.5825625988422583
2016-03-15,0.7422114663003283
2016-03-16,0.9030467136768294
2016-03-17,0.9789824341731457
2016-03-18,0.9974498273513668
2016-03-21,0.0
2016-03-22,0.0
2016-03-23,0.0
2016-03-24,0.0
2016-03-28,0.0
2016-03-29,0.0
2016-03-30,0.0
2016-03-31,0.0
2016-04-01,0.0
2016-04-04,0.0
2016-04-05,0.0
2016-04-06,1.0880185641326534e-14
2016-04-07,-0.29985006974103734
2016-04-08,-0.4434960363555238
2016-04-11,-0.5000459548189262
2016-04-12,-0.5404456062602847
2016-04-13,-0.47075323259516244
2016-04-14,-0.5116435976044706
2016-04-15,-0.5611436284458344
2016-04-18,-0.5452360303209212
2016-04-19,-0.5902298287097123
2016-04-20,-0.6744562877446345
2016-04-21,-0.7008417839972167
2016-04-22,-0.6301421207231521
2016-04-25,-0.7488081209869519
2016-04-26,-0.7963807252739972
2016-04-27,-0.802415133825549
2016-04-28,-0.8464277773791782
2016-04-29,-0.9435134320002374
2016-05-02,-0.9660461665495761
2016-05-03,-0.9930276481019016
2016-05-04,0.0
2016-05-05,0.0
2016-05-06,0.0
2016-05-09,0.0
2016-05-10,0.0
2016-05-11,0.0
2016-05-12,0.0
2016-05-13,0.0
2016-05-16,0.0
2016-05-17,0.0
2016-05-18,0.0
2016-05-19,5.10702591327572e-15
2016-05-20,-0.355724235748744
2016-05-23,-0.6157552722257649
2016-05-24,-0.7589015708395457
2016-05-25,-0.817141676142076
2016-05-26,-0.8571886639297779
2016-05-27,-0.8592162387547086
2016-05-31,-0.840972018965126
2016-06-01,-0.8253871710454275
2016-06-02,-0.768716250717957
2016-06-03,-0.694375838339139
2016-06-06,-0.548002742938885
2016-06-07,-0.5246435307949964
2016-06-08,-0.4760150637730445
2016-06-09,-0.5229130623980436
2016-06-10,-0.6932946444386436
2016-06-13,-0.8256271083563562
2016-06-14,-0.918473012268024
2016-06-15,-0.9674895862890549
2016-06-16,-0.9882630527709453
2016-06-17,-0.9960594626607913
2016-06-20,0.0
2016-06-21,0.0
2016-06-22,0.0
2016-06-23,0.0
2016-06-24,0.0
2016-06-27,0.0
2016-06-28,0.0
2016-06-29,0.0
2016-06-30,0.0
2016-07-01,0.0
2016-07-05,0.0
2016-07-06,8.881784197001252e-16
2016-07-07,0.0827843284488996
2016-07-08,0.20927897450038957
2016-07-11,0.2398296381673608
2016-07-12,0.3305666253865054
2016-07-13,0.402196957611469
2016-07-14,0.503659582291633
2016-07-15,0.4875480481795187
2016-07-18,0.5121483173582062
2016-07-19,0.5148781684319077
2016-07-20,0.5390158788530792
2016-07-21,0.5744037314451051
2016-07-22,0.6212126947597698
2016-07-25,0.6573257559138839
2016-07-26,0.7091447827801414
2016-07-27,0.7371923113001322
2016-07-28,0.7446997049671547
2016-07-29,0.7366472005927562
2016-08-01,0.6982510485981421
2016-08-02,0.8041496664602565
2016-08-03,0.8969614702065616
2016-08-04,0.9391290225700437
2016-08-05,0.9637230582562102
2016-08-08,0.9774991290698691
2016-08-09,0.9816616089918431
2016-08-10,0.9859086021222838
2016-08-11,0.9910233359999938
2016-08-12,0.0
2016-08-15,0.0
2016-08-16,0.0
2016-08-17,0.0
2016-08-18,0.0
2016-08-19,0.0
2016-08-22,0.0
2016-08-23,0.0
2016-08-24,0.0
2016-08-25,0.0
2016-08-26,0.0
2016-08-29,-1.1546319456101628e-14
2016-08-30,-0.37527779208986445
2016-08-31,-0.6791421857267759
2016-09-01,-0.8242988529438164
2016-09-02,-0.8851673530841593
2016-09-06,-0.9749617793025416
2016-09-07,-0.9960196072711984
2016-09-08,0.0
2016-09-09,0.0
2016-09-12,0.0
2016-09-13,0.0
2016-09-14,0.0
2016-09-15,0.0
2016-09-16,0.0
2016-09-19,0.0
2016-09-20,0.0
2016-09-21,0.0
2016-09-22,0.0
2016-09-23,0.0
2016-09-26,0.45872294285896764
2016-09-27,0.7971461110342719
2016-09-28,0.9626614820303283
2016-09-29,0.9955578343828189
2016-09-30,0.0
2016-10-03,0.0
2016-10-04,0.0
2016-10-05,0.0
2016-10-06,0.0
2016-10-07,0.0
2016-10-10,0.0
2016-10-11,0.0
2016-10-12,0.0
2016-10-13,0.0
2016-10-14,0.0
2016-10-17,8.881784197001252e-16
2016-10-18,-0.353163556194088
2016-10-19,-0.555134185880779
2016-10-20,-0.6927123331337479
2016-10-21,-0.6844206378270465
2016-10-24,-0.6796019271045286
2016-10-25,-0.7289001026396889
2016-10-26,-0.7440772729685552
2016-10-27,-0.7851203176271015
2016-10-28,-0.8430495026307612
2016-10-31,-0.8718611462246963
2016-11-01,-0.9104696937837442
2016-11-02,-0.9546723383189588
2016-11-03,-0.9695862282708978
2016-11-04,-0.9813638616289733
2016-11-07,-0.9893456059266672
2016-11-08,-0.9927552633678982
2016-11-09,0.0
2016-11-10,0.0
2016-11-11,0.0
2016-11-14,0.0
2016-11-15,0.0
2016-11-16,0.0
2016-11-17,0.0
2016-11-18,0.0
2016-11-21,0.0
2016-11-22,0.0
2016-11-23,0.0
2016-11-25,-2.220446049250313e-15
2016-11-28,-0.022556350105410905
2016-11-29,0.07573926620696358
2016-11-30,0.017425096620650615
2016-12-01,-0.021630181720696084
2016-12-02,-0.1948755956841839
2016-12-05,-0.16762120367406652
2016-12-06,-0.04721874007437177
2016-12-07,0.29551229790408184
2016-12-08,0.6872999770733064
2016-12-09,0.8627862693051984
2016-12-12,0.9283554317027838
2016-12-13,0.9687899187619902
2016-12-14,0.9865066009880281
2016-12-15,0.9951754673386237
2016-12-16,0.0
2016-12-19,0.0
2016-12-20,0.0
2016-12-21,0.0
2016-12-22,0.0
2016-12-23,0.0
2016-12-27,0.0
2016-12-28,0.0
2016-12-29,0.0
2016-12-30,0.0
2017-01-03,0.0
2017-01-04,-5.10702591327572e-15
2017-01-05,-0.5589888776863936
2017-01-06,-0.7883823617592953
2017-01-09,-0.9716588504186368
2017-01-10,-0.9995256865646427
2017-01-11,0.0
2017-01-12,0.0
2017-01-13,0.0
2017-01-17,0.0
2017-01-18,0.0
2017-01-19,0.0
2017-01-20,0.0
2017-01-23,0.0
2017-01-24,0.0
2017-01-25,0.0
2017-01-26,0.0
2017-01-27,3.1086244689504383e-15
2017-01-30,0.09179854546047372
2017-01-31,0.31753273337597876
2017-02-01,0.4051693782625627
2017-02-02,0.4032876488873489
2017-02-03,0.4936847218737084
2017-02-06,0.540335691919059
2017-02-07,0.5874378979683135
2017-02-08,0.5169817900585301
2017-02-09,0.5569345389964615
2017-02-10,0.701417800086817
2017-02-13,0.8707495816601267
2017-02-14,0.9252747906521053
2017-02-15,0.9568283757341929
2017-02-16,0.9775681720619569
2017-02-17,0.9899727783745329
2017-02-21,0.9985907783376744
2017-02-22,0.0
2017-02-23,0.0
2017-02-24,0.0
2017-02-27,0.0
2017-02-28,0.0
2017-03-01,0.0
2017-03-02,0.0
2017-03-03,0.0
2017-03-06,0.0
2017-03-07,0.0
2017-03-08,0.0
2017-03-09,7.105427357601002e-15
2017-03-10,-0.26761693093553407
2017-03-13,-0.5367895347429223
2017-03-14,-0.7348099867651243
2017-03-15,-0.797091789444843
2017-03-16,-0.8294905759833462
2017-03-17,-0.8694288697891783
2017-03-20,-0.9183020386541962
2017-03-21,-0.960080770936248
2017-03-22,-0.9797758701283465
2017-03-23,-0.9888479139627648
2017-03-24,-0.9946489932701688
2017-03-27,0.0
2017-03-28,0.0
2017-03-29,0.0
2017-03-30,0.0
2017-03-31,0.0
2017-04-03,0.0
2017-04-04,0.0
2017-04-05,0.0
2017-04-06,0.0
2017-04-07,0.0
2017-04-10,0.0
2017-04-11,-1.3322676295501878e-15
2017-04-12,-0.03423048912263016
2017-04-13,-0.19812885658970036
2017-04-17,-0.28082684574247696
2017-04-18,-0.3242722853192761
2017-04-19,-0.2778308996808032
2017-04-20,-0.11793721070631835
2017-04-21,-0.008160480679256121
2017-04-24,0.1626225820253293
2017-04-25,0.2905264107987504
2017-04-26,0.4285007401166616
2017-04-27,0.5472377519595022
2017-04-28,0.5360346504845002
2017-05-01,0.35674090310955076
2017-05-02,0.1573702652863942
2017-05-03,-0.3206582671057203
2017-05-04,-0.7052422285394391
2017-05-05,-0.8729332008197892
2017-05-08,-0.9478716468142492
2017-05-09,-0.9879949260337164
2017-05-10,-0.9987066676385141
2017-05-11,0.0
2017-05-12,0.0
2017-05-15,0.0
2017-05-16,0.0
2017-05-17,0.0
2017-05-18,0.0
2017-05-19,0.0
2017-05-22,0.0
2017-05-23,0.0
2017-05-24,0.0
2017-05-25,0.0
2017-05-26,-4.218847493575595e-15
2017-05-30,0.2578135931161534
2017-05-31,0.6003403017867519
2017-06-01,0.8616709932789874
2017-06-02,0.9451170108780853
2017-06-05,0.9689511246000715
2017-06-06,0.9812650171278916
2017-06-07,0.9927534764342378
2017-06-08,0.0
2017-06-09,0.0
2017-06-12,0.0
2017-06-13,0.0
2017-06-14,0.0
2017-06-15,0.0
2017-06-16,0.0
2017-06-19,0.0
2017-06-20,0.0
2017-06-21,0.0
2017-06-22,0.0
2017-06-23,7.993605777301127e-15
2017-06-26,0.0530365516727791
2017-06-27,0.06549611740297268
2017-06-28,0.08220411180654619
2017-06-29,0.029433373243431316
2017-06-30,-0.10088743047373527
2017-07-03,-0.05316264592872555
2017-07-05,-0.06185246763615093
2017-07-06,-0.19975167235349756
2017-07-07,-0.30979251336076397
2017-07-10,-0.2449994299605469
2017-07-11,-0.20141801438180917
2017-07-12,-0.17094699401586677
2017-07-13,-0.14540995348487518
2017-07-14,-0.09790969412037143
2017-07-17,0.01605071840724026
2017-07-18,-0.0037111676543166716
2017-07-19,0.37418538381515876
2017-07-20,0.5178608002573168
2017-07-21,0.626076414914575
2017-07-24,0.7033531803644832
2017-07-25,0.6598400591099876
2017-07-26,0.7461971535561753
2017-07-27,0.7866047178921223
2017-07-28,0.8696809151228952
2017-07-31,0.6236482751991992
2017-08-01,0.1472060725609452
2017-08-02,-0.19522904697282617
2017-08-03,-0.5610742157956685
2017-08-04,-0.9062549632003476
2017-08-07,-0.9816783402240117
2017-08-08,-0.9973671454945432
2017-08-09,0.0
2017-08-10,0.0
2017-08-11,0.0
2017-08-14,0.0
2017-08-15,0.0
2017-08-16,0.0
2017-08-17,0.0
2017-08-18,0.0
2017-08-21,0.0
2017-08-22,0.0
2017-08-23,0.0
2017-08-24,1.554312234475219e-14
2017-08-25,-0.02094893719590485
2017-08-28,0.04612044861281728
2017-08-29,-0.09174686909992835
2017-08-30,-0.34951861228097614
2017-08-31,-0.5514047071713004
2017-09-01,-0.7187505057100823
2017-09-05,-0.9138194618787845
2017-09-06,-0.9705577092999438
2017-09-07,-0.9965540562088357
2017-09-08,0.0
2017-09-11,0.0
2017-09-12,0.0
2017-09-13,0.0
2017-09-14,0.0
2017-09-15,0.0
2017-09-18,0.0
2017-09-19,0.0
2017-09-20,0.0
2017-09-21,0.0
2017-09-22,0.0
2017-09-25,3.1086244689504383e-15
2017-09-26,-0.01966303751565701
2017-09-27,0.11072894914325415
2017-09-28,0.17101210469650296
2017-09-29,0.15548231585624928
2017-10-02,0.304700902972062
2017-10-03,0.435638572913557
2017-10-04,0.6381280617734459
2017-10-05,0.7136604415959877
2017-10-06,0.7395868508697192
2017-10-09,0.5332639973310798
2017-10-10,0.09409728233092873
2017-10-11,-0.611972634612195
2017-10-12,-0.9804262848004901
2017-10-13,-0.999841707962138
2017-10-16,0.0
2017-10-17,0.0
2017-10-18,0.0
2017-10-19,0.0
2017-10-20,0.0
2017-10-23,0.0
2017-10-24,0.0
2017-10-25,0.0
2017-10-26,0.0
2017-10-27,0.0
2017-10-30,0.0
2017-10-31,7.549516567451064e-15
2017-11-01,-0.12263560810323737
2017-11-02,-0.8455678688018686
2017-11-03,-0.9978784453927663
2017-11-06,0.0
2017-11-07,0.0
2017-11-08,0.0
2017-11-09,0.0
2017-11-10,0.0
2017-11-13,0.0
2017-11-14,0.0
2017-11-15,0.0
2017-11-16,0.0
2017-11-17,0.0
2017-11-20,0.0
2017-11-21,-9.547918011776346e-15
2017-11-22,0.4420586963179225
2017-11-24,0.6333797403248278
2017-11-27,0.7605451276337241
2017-11-28,0.9279089864917811
2017-11-29,0.997490484192431
2017-11-30,0.0
2017-12-01,0.0
2017-12-04,0.0
2017-12-05,0.0
2017-12-06,0.0
2017-12-07,0.0
2017-12-08,0.0
2017-12-11,0.0
2017-12-12,0.0
2017-12-13,0.0
2017-12-14,0.0
2017-12-15,-4.218847493575595e-15
2017-12-18,0.6132637805559349
2017-12-19,0.9342050769936405
2017-12-20,0.9963910690569611
2017-12-21,0.0
2017-12-22,0.0
2017-12-26,0.0
2017-12-27,0.0
2017-12-28,0.0
2017-12-29,0.0
2018-01-02,0.0
2018-01-03,0.0
2018-01-04,0.0
2018-01-05,0.0
2018-01-08,0.0
2018-01-09,5.10702591327572e-15
2018-01-10,0.04060608052059278
2018-01-11,0.43846856516993693
2018-01-12,0.7701564222923922
2018-01-16,0.9369278806310872
2018-01-17,0.9889631314183007
2018-01-18,0.9995491410280422
2018-01-19,0.0
2018-01-22,0.0
2018-01-23,0.0
2018-01-24,0.0
2018-01-25,0.0
2018-01-26,0.0
2018-01-29,0.0
2018-01-30,0.0
2018-01-31,0.0
2018-02-01,0.0
2018-02-02,0.0
2018-02-05,-3.9968028886505635e-15
2018-02-06,-0.3007962271714595
2018-02-07,-0.6481803924445302
2018-02-08,-0.8668506956352111
2018-02-09,-0.9642927964633017
2018-02-12,-0.9892776893798605
2018-02-13,-0.9960090487973101
2018-02-14,0.0
2018-02-15,0.0
2018-02-16,0.0
2018-02-20,0.0
2018-02-21,0.0
2018-02-22,0.0
2018-02-23,0.0
2018-02-26,0.0
2018-02-27,0.0
2018-02-28,0.0
2018-03-01,0.0
2018-03-02,-6.217248937900877e-15
2018-03-05,0.06351804579565212
2018-03-06,0.08369216382030209
2018-03-07,-0.046705311202457356
2018-03-08,-0.16176988452735697
2018-03-09,-0.20262608676150817
2018-03-12,-0.1776800276098509
2018-03-13,-0.1999379620930961
2018-03-14,-0.2673013149315844
2018-03-15,-0.4822473919890422
2018-03-16,-0.6824478938557728
2018-03-19,-0.8440999570878671
2018-03-20,-0.9657940572336359
2018-03-21,-0.993804105958249
2018-03-22,0.0
2018-03-23,0.0
2018-03-26,0.0
2018-03-27,0.0
2018-03-28,0.0
2018-03-29,0.0
2018-04-02,0.0
2018-04-03,0.0
2018-04-04,0.0
2018-04-05,0.0
2018-04-06,0.0
2018-04-09,2.886579864025407e-15
2018-04-10,0.27266364632070017
2018-04-11,0.4834479368058382
2018-04-12,0.7746583503902105
2018-04-13,0.8878300374541439
2018-04-16,0.9710656458969575
2018-04-17,0.99626957964316
2018-04-18,0.0
2018-04-19,0.0
2018-04-20,0.0
2018-04-23,0.0
2018-04-24,0.0
2018-04-25,0.0
2018-04-26,0.0
2018-04-27,0.0
2018-04-30,0.0
2018-05-01,0.0
2018-05-02,0.0
2018-05-03,1.0436096431476471e-14
2018-05-04,-0.2815028309152896
2018-05-07,-0.4099925927617436
2018-05-08,-0.6466748470345323
2018-05-09,-0.92517255414337
2018-05-10,-0.8984963517576954
2018-05-11,-0.8317281316236766
2018-05-14,-0.7884806345126125
2018-05-15,-0.8951525613385605
2018-05-16,-0.8842868257530687
2018-05-17,-0.9411946286005533
2018-05-18,-0.9849468268106409
2018-05-21,-0.9964947883720827
2018-05-22,0.0
2018-05-23,0.0
2018-05-24,0.0
2018-05-25,0.0
2018-05-29,0.0
2018-05-30,0.0
2018-05-31,0.0
2018-06-01,0.0
2018-06-04,0.0
2018-06-05,0.0
2018-06-06,0.0
2018-06-07,7.771561172376096e-15
2018-06-08,0.3033954765138265
2018-06-11,0.7144977557449506
2018-06-12,0.9192530881678698
2018-06-13,0.9881143728215136
2018-06-14,0.9996822167321087
2018-06-15,0.0
2018-06-18,0.0
2018-06-19,0.0
2018-06-20,0.0
2018-06-21,0.0
2018-06-22,0.0
2018-06-25,0.0
2018-06-26,0.0
2018-06-27,0.0
2018-06-28,0.0
2018-06-29,0.0
2018-07-02,0.0
2018-07-03,-0.23191077727076825
2018-07-05,-0.3071749314230541
2018-07-06,-0.27459035159323353
2018-07-09,-0.04923485150761109
2018-07-10,0.20998015814382343
2018-07-11,0.14078442157668092
2018-07-12,0.027896903430786102
2018-07-13,-0.12887550647650836
2018-07-16,-0.307437553588624
2018-07-17,-0.7272495087887907
2018-07-18,-0.9052635393496442
2018-07-19,-0.9699505462702691
2018-07-20,-0.9930547550149806
2018-07-23,0.0
2018-07-24,0.0
2018-07-25,0.0
2018-07-26,0.0
2018-07-27,0.0
2018-07-30,0.0
2018-07-31,0.0
2018-08-01,0.0
2018-08-02,0.0
2018-08-03,0.0
2018-08-06,0.0
2018-08-07,0.0
2018-08-08,-0.32947526141564554
2018-08-09,-0.4167287546144707
2018-08-10,-0.5334085640668507
2018-08-13,-0.6594349805767843
2018-08-14,-0.618619213067019
2018-08-15,-0.6798971919423757
2018-08-16,-0.6510761898695396
2018-08-17,-0.4516498390926942
2018-08-20,0.15609165019990567
2018-08-21,0.918307224914318
2018-08-22,0.9972234363763683
2018-08-23,0.0
2018-08-24,0.0
2018-08-27,0.0
2018-08-28,0.0
2018-08-29,0.0
2018-08-30,0.0
2018-08-31,0.0
2018-09-04,0.0
2018-09-05,0.0
2018-09-06,0.0
2018-09-07,0.0
2018-09-10,-3.552713678800501e-15
2018-09-11,0.1799707388712466
2018-09-12,0.9101921596481812
2018-09-13,0.9997832084607077
2018-09-14,0.0
2018-09-17,0.0
2018-09-18,0.0
2018-09-19,0.0
2018-09-20,0.0
2018-09-21,0.0
2018-09-24,0.0
2018-09-25,0.0
2018-09-26,0.0
2018-09-27,0.0
2018-09-28,0.0
2018-10-01,-1.1546319456101628e-14
2018-10-02,0.6315688366742553
2018-10-03,0.9694774017659551
2018-10-04,0.9985723501343218
2018-10-05,0.0
2018-10-08,0.0
2018-10-09,0.0
2018-10-10,0.0
2018-10-11,0.0
2018-10-12,0.0
2018-10-15,0.0
2018-10-16,0.0
2018-10-17,0.0
2018-10-18,0.0
2018-10-19,0.0
2018-10-22,9.992007221626409e-15
2018-10-23,0.0479922555548804
2018-10-24,-0.6670780088405699
2018-10-25,-0.8741107917119888
2018-10-26,-0.9804909355064688
2018-10-29,-0.9974531516254022
2018-10-30,0.0
2018-10-31,0.0
2018-11-01,0.0
2018-11-02,0.0
2018-11-05,0.0
2018-11-06,0.0
2018-11-07,0.0
2018-11-08,0.0
2018-11-09,0.0
2018-11-12,0.0
2018-11-13,0.0
2018-11-14,-9.325873406851315e-15
2018-11-15,-0.27240506839602974
2018-11-16,-0.5717034870378828
2018-11-19,-0.881235852580651
2018-11-20,-0.9911794010422097
2018-11-21,0.0
2018-11-23,0.0
2018-11-26,0.0
2018-11-27,0.0
2018-11-28,0.0
2018-11-29,0.0
2018-11-30,0.0
2018-12-03,0.0
2018-12-04,0.0
2018-12-06,0.0
2018-12-07,0.0
2018-12-10,3.3306690738754696e-15
2018-12-11,-0.32293046704284123
2018-12-12,-0.520198567607141
2018-12-13,-0.7126920762262943
2018-12-14,-0.8383463782676595
2018-12-17,-0.9289411431184449
2018-12-18,-0.9790179498481
2018-12-19,-0.99472551846383
2018-12-20,0.0
2018-12-21,0.0
2018-12-24,0.0
2018-12-26,0.0
2018-12-27,0.0
2018-12-28,0.0
2018-12-31,0.0
2019-01-02,0.0
2019-01-03,0.0
2019-01-04,0.0
2019-01-07,0.0
2019-01-08,2.886579864025407e-15
2019-01-09,0.4316539262061414
2019-01-10,0.6582777327237634
2019-01-11,0.838701782106511
2019-01-14,0.9261598676998894
2019-01-15,0.9708480110558189
2019-01-16,0.9894527178242998
2019-01-17,0.9969875569296391
2019-01-18,0.0
2019-01-22,0.0
2019-01-23,0.0
2019-01-24,0.0
2019-01-25,0.0
2019-01-28,0.0
2019-01-29,0.0
2019-01-30,0.0
2019-01-31,0.0
2019-02-01,0.0
2019-02-04,0.0
2019-02-05,6.217248937900877e-15
2019-02-06,0.38494686445773185
2019-02-07,0.5811809470456115
2019-02-08,0.7965725295215633
2019-02-11,0.8750767241028274
2019-02-12,0.8963916090174264
2019-02-13,0.9237575282386208
2019-02-14,0.9587506236766798
2019-02-15,0.9855220242035532
2019-02-19,0.994316608656129
2019-02-20,0.0
2019-02-21,0.0
2019-02-22,0.0
2019-02-25,0.0
2019-02-26,0.0
2019-02-27,0.0
2019-02-28,0.0
2019-03-01,0.0
2019-03-04,0.0
2019-03-05,0.0
2019-03-06,0.0
2019-03-07,2.0650148258027912e-14
2019-03-08,0.03442826348043182
2019-03-11,-0.30843108232491545
2019-03-12,-0.606393199062693
2019-03-13,-0.9899408056246142
2019-03-14,-0.9998280551175098
2019-03-15,0.0
2019-03-18,0.0
2019-03-19,0.0
2019-03-20,0.0
2019-03-21,0.0
2019-03-22,0.0
2019-03-25,0.0
2019-03-26,0.0
2019-03-27,0.0
2019-03-28,0.0
2019-03-29,0.0
2019-04-01,8.43769498715119e-15
2019-04-02,0.12970892190835537
2019-04-03,0.4837516178967709
2019-04-04,0.9252666917478809
2019-04-05,0.9987829488803925
2019-04-08,0.0
2019-04-09,0.0
2019-04-10,0.0
2019-04-11,0.0
2019-04-12,0.0
2019-04-15,0.0
2019-04-16,0.0
2019-04-17,0.0
2019-04-18,0.0
2019-04-22,0.0
2019-04-23,0.0
2019-04-24,3.9968028886505635e-15
2019-04-25,0.19165881135589502
2019-04-26,0.6669018775277595
2019-04-29,0.9099656236135998
2019-04-30,0.9622585704776336
2019-05-01,0.9851030574181665
2019-05-02,0.9678636959743445
2019-05-03,0.9423179143605884
2019-05-06,0.889038170176849
2019-05-07,0.7474610317340882
2019-05-08,0.5743294787750728
2019-05-09,0.23882606173076515
2019-05-10,-0.13048564762079717
2019-05-13,-0.6735755660119587
2019-05-14,-0.8985567625373607
2019-05-15,-0.9766159571980126
2019-05-16,-0.9954006438902019
2019-05-17,0.0
2019-05-20,0.0
2019-05-21,0.0
2019-05-22,0.0
2019-05-23,0.0
2019-05-24,0.0
2019-05-28,0.0
2019-05-29,0.0
2019-05-30,0.0
2019-05-31,0.0
2019-06-03,0.0
2019-06-04,-3.552713678800501e-15
2019-06-05,0.23641775618045346
2019-06-06,0.5613909584962957
2019-06-07,0.7847916396264956
2019-06-10,0.8862609972262594
2019-06-11,0.9780026828275554
2019-06-12,0.9980385772087692
2019-06-13,0.0
2019-06-14,0.0
2019-06-17,0.0
2019-06-18,0.0
2019-06-19,0.0
2019-06-20,0.0
2019-06-21,0.0
2019-06-24,0.0
2019-06-25,0.0
2019-06-26,0.0
2019-06-27,0.0
2019-06-28,0.0
2019-07-01,0.19861134512327983
2019-07-02,0.4294228423144686
2019-07-03,0.6155455612524687
2019-07-05,0.8037737478356868
2019-07-08,0.9119135415580575
2019-07-09,0.9733422440902197
2019-07-10,0.9932413699628813
2019-07-11,0.0
2019-07-12,0.0
2019-07-15,0.0
2019-07-16,0.0
2019-07-17,0.0
2019-07-18,0.0
2019-07-19,0.0
2019-07-22,0.0
2019-07-23,0.0
2019-07-24,0.0
2019-07-25,0.0
2019-07-26,-5.995204332975845e-15
2019-07-29,-0.23060216625896612
2019-07-30,-0.44783418405256104
2019-07-31,-0.7749787676335356
2019-08-01,-0.95043296746945
2019-08-02,-0.9962460893057732
2019-08-05,0.0
2019-08-06,0.0
2019-08-07,0.0
2019-08-08,0.0
2019-08-09,0.0
2019-08-12,0.0
2019-08-13,0.0
2019-08-14,0.0
2019-08-15,0.0
2019-08-16,0.0
2019-08-19,0.0
2019-08-20,-4.440892098500626e-15
2019-08-21,-0.12768074095636028
2019-08-22,-0.2974477515109899
2019-08-23,-0.6171216129226307
2019-08-26,-0.7999085092262816
2019-08-27,-0.9367698023232784
2019-08-28,-0.9775601537628986
2019-08-29,-0.9872662507620555
2019-08-30,-0.9935072927002404
2019-09-03,0.0
2019-09-04,0.0
2019-09-05,0.0
2019-09-06,0.0
2019-09-09,0.0
2019-09-10,0.0
2019-09-11,0.0
2019-09-12,0.0
2019-09-13,0.0
2019-09-16,0.0
2019-09-17,0.0
2019-09-18,2.886579864025407e-15
2019-09-19,-0.36125572658920224
2019-09-20,-0.7357152919433818
2019-09-23,-0.8806042549540012
2019-09-24,-0.9589938783196674
2019-09-25,-0.9828862550354398
2019-09-26,-0.9949697529811006
2019-09-27,0.0
2019-09-30,0.0
2019-10-01,0.0
2019-10-02,0.0
2019-10-03,0.0
2019-10-04,0.0
2019-10-07,0.0
2019-10-08,0.0
2019-10-09,0.0
2019-10-10,0.0
2019-10-11,0.0
2019-10-14,-7.105427357601002e-15
2019-10-15,0.3657512205877196
2019-10-16,0.6220446742278831
2019-10-17,0.8103765841444028
2019-10-18,0.8940137894542934
2019-10-21,0.941734327131424
2019-10-22,0.9838350895379506
2019-10-23,0.9960951493215962
2019-10-24,0.0
2019-10-25,0.0
2019-10-28,0.0
2019-10-29,0.0
2019-10-30,0.0
2019-10-31,0.0
2019-11-01,0.0
2019-11-04,0.0
2019-11-05,0.0
2019-11-06,0.0
2019-11-07,0.0
2019-11-08,6.661338147750939e-16
2019-11-11,0.435218434301331
2019-11-12,0.7142024423068118
2019-11-13,0.8283392250048327
2019-11-14,0.9014875500519
2019-11-15,0.9412735637875653
2019-11-18,0.978118262428761
2019-11-19,0.9950156208327137
2019-11-20,0.0
2019-11-21,0.0
2019-11-22,0.0
2019-11-25,0.0
2019-11-26,0.0
2019-11-27,0.0
2019-11-29,0.0
2019-12-02,0.0
2019-12-03,0.0
2019-12-04,0.0
2019-12-05,0.0
2019-12-06,-1.4210854715202004e-14
2019-12-09,-0.21166285179805944
2019-12-10,-0.3039781588308408
2019-12-11,-0.4437566071302106
2019-12-12,-0.4703632511465945
2019-12-13,-0.5017884381752302
2019-12-16,-0.5277085524024718
2019-12-17,-0.5459105915564728
2019-12-18,-0.5687680858067781
2019-12-19,-0.47218580769668694
2019-12-20,-0.3078254655793353
2019-12-23,-0.15351294126563797
2019-12-24,0.04560159929056384
2019-12-26,0.31489608590028095
2019-12-27,0.5015501294358984
2019-12-30,0.5674860112641387
2019-12-31,0.6217125791179057
2020-01-02,0.5563353635045796
2020-01-03,0.438320980162326
2020-01-06,0.29147133049007956
2020-01-07,0.17091582035374864
2020-01-08,0.06204412381967295
2020-01-09,-0.003443743496117868
2020-01-10,-0.18175252374972262
2020-01-13,-0.3620214171112255
2020-01-14,-0.4944455648267816
2020-01-15,-0.5389220063742641
2020-01-16,-0.4672070681524605
2020-01-17,-0.47081327003085516
2020-01-21,-0.5701972440423293
2020-01-22,-0.6456121595855766
2020-01-23,-0.8856336786911827
2020-01-24,-0.9761205525496288
2020-01-27,-0.9969515579744064
2020-01-28,0.0
2020-01-29,0.0
2020-01-30,0.0
2020-01-31,0.0
2020-02-03,0.0
2020-02-04,0.0
2020-02-05,0.0
2020-02-06,0.0
2020-02-07,0.0
2020-02-10,0.0
2020-02-11,0.0
2020-02-12,1.0880185641326534e-14
2020-02-13,0.19277703137201563
2020-02-14,0.3107507073438951
2020-02-18,0.44914141517381934
2020-02-19,0.6210269256109919
2020-02-20,0.6214560105079707
2020-02-21,0.37141184576870345
2020-02-24,-0.2695381271205315
2020-02-25,-0.8829498514265826
2020-02-26,-0.9985591182219278
2020-02-27,0.0
2020-02-28,0.0
2020-03-02,0.0
2020-03-03,0.0
2020-03-04,0.0
2020-03-05,0.0
2020-03-06,0.0
2020-03-09,0.0
2020-03-10,0.0
2020-03-11,0.0
2020-03-12,0.0
2020-03-13,2.886579864025407e-15
2020-03-16,-0.6037033054690095
2020-03-17,-0.8568536420965929
2020-03-18,-0.9809572355345226
2020-03-19,-0.996586733324218
2020-03-20,0.0
2020-03-23,0.0
2020-03-24,0.0
2020-03-25,0.0
2020-03-26,0.0
2020-03-27,0.0
2020-03-30,0.0
2020-03-31,0.0
2020-04-01,0.0
2020-04-02,0.0
2020-04-03,0.0
2020-04-06,6.439293542825908e-15
2020-04-07,0.285250121602848
2020-04-08,0.6710221664014491
2020-04-09,0.9214951280576478
2020-04-13,0.9836850110073445
2020-04-14,0.9980084514581167
2020-04-15,0.0
2020-04-16,0.0
2020-04-17,0.0
2020-04-20,0.0
2020-04-21,0.0
2020-04-22,0.0
2020-04-23,0.0
2020-04-24,0.0
2020-04-27,0.0
2020-04-28,0.0
2020-04-29,0.0
2020-04-30,3.1086244689504383e-15
2020-05-01,-0.03549844549878567
2020-05-04,-0.0355752681523378
2020-05-05,-0.13345537049240552
2020-05-06,-0.2816975344221644
2020-05-07,-0.45271973812348776
2020-05-08,-0.5333885660325208
2020-05-11,-0.6739911831485079
2020-05-12,-0.8127347914978935
2020-05-13,-0.9196867829298709
2020-05-14,-0.946199236956953
2020-05-15,-0.9653337588311635
2020-05-18,-0.9693691079073967
2020-05-19,-0.9752806273449253
2020-05-20,-0.9790645890108025
2020-05-21,-0.9855186484907306
2020-05-22,-0.9914811208503718
2020-05-26,0.0
2020-05-27,0.0
2020-05-28,0.0
2020-05-29,0.0
2020-06-01,0.0
2020-06-02,0.0
2020-06-03,0.0
2020-06-04,0.0
2020-06-05,0.0
2020-06-08,0.0
2020-06-09,0.0
2020-06-10,-2.4424906541753444e-15
2020-06-11,-0.09763263670594946
2020-06-12,-0.2273295438912999
2020-06-15,-0.24824088360625707
2020-06-16,-0.33381657124134434
2020-06-17,-0.421626618037104
2020-06-18,-0.4604592585592646
2020-06-19,-0.5347972427867091
2020-06-22,-0.6276092156898498
2020-06-23,-0.68054703620485
2020-06-24,-0.7552101153291098
2020-06-25,-0.8365280907855275
2020-06-26,-0.922121245140676
2020-06-29,-0.9520006867752127
2020-06-30,-0.9723719310156342
2020-07-01,-0.9846569404645056
2020-07-02,-0.9925727793676427
2020-07-06,0.0
2020-07-07,0.0
2020-07-08,0.0
2020-07-09,0.0
2020-07-10,0.0
2020-07-13,0.0
2020-07-14,0.0
2020-07-15,0.0
2020-07-16,0.0
2020-07-17,0.0
2020-07-20,0.0
2020-07-21,4.218847493575595e-15
2020-07-22,0.0934711640488548
2020-07-23,0.24365091161721764
2020-07-24,0.32740584439580656
2020-07-27,0.339861913625197
2020-07-28,0.32878174997607257
2020-07-29,0.3676026205629126
2020-07-30,0.43453052610299236
2020-07-31,0.485548156809982
2020-08-03,0.5729852244890021
2020-08-04,0.7362391573932869
2020-08-05,0.7635821726020455
2020-08-06,0.8337811780148203
2020-08-07,0.8406059544068807
2020-08-10,0.8979215574553512
2020-08-11,0.9577441883779929
2020-08-12,0.9755565144373677
2020-08-13,0.9875338379751217
2020-08-14,0.9962076078202489
2020-08-17,0.0
2020-08-18,0.0
2020-08-19,0.0
2020-08-20,0.0
2020-08-21,0.0
2020-08-24,0.0
2020-08-25,0.0
2020-08-26,0.0
2020-08-27,0.0
2020-08-28,0.0
2020-08-31,0.0
2020-09-01,-1.199040866595169e-14
2020-09-02,-0.24613501388388648
2020-09-03,-0.5160681177310766
2020-09-04,-0.32861466467870915
2020-09-08,-0.25861898750259593
2020-09-09,0.03531739552842983
2020-09-10,0.4453817765916708
2020-09-11,0.5812991883387144
2020-09-14,0.8553367422376841
2020-09-15,0.9643378682301014
2020-09-16,0.9964574349756459
2020-09-17,0.0
2020-09-18,0.0
2020-09-21,0.0
2020-09-22,0.0
2020-09-23,0.0
2020-09-24,0.0
2020-09-25,0.0
2020-09-28,0.0
2020-09-29,0.0
2020-09-30,0.0
2020-10-01,0.0
2020-10-02,-8.881784197001252e-16
2020-10-05,-0.0400789490163147
2020-10-06,-0.15990277710718015
2020-10-07,-0.13415385056485984
2020-10-08,0.006023717495966974
2020-10-09,0.03505149423491516
2020-10-12,0.08126006655870688
2020-10-13,-0.01658183913215061
2020-10-14,-0.22156079460261124
2020-10-15,-0.39734799008240573
2020-10-16,-0.5474248375405619
2020-10-19,-0.742076220430139
2020-10-20,-0.8626044787933864
2020-10-21,-0.9166114569015036
2020-10-22,-0.939533501667337
2020-10-23,-0.9580550169370767
2020-10-26,-0.9783283154623557
2020-10-27,-0.9914139684377274
2020-10-28,0.0
2020-10-29,0.0
2020-10-30,0.0
2020-11-02,0.0
2020-11-03,0.0
2020-11-04,0.0
2020-11-05,0.0
2020-11-06,0.0
2020-11-09,0.0
2020-11-10,0.0
2020-11-11,0.0
2020-11-12,3.1086244689504383e-15
2020-11-13,0.3865383926078376
2020-11-16,0.7725210860845482
2020-11-17,0.9446644960899042
2020-11-18,0.9914058647681583
2020-11-19,0.0
2020-11-20,0.0
2020-11-23,0.0
2020-11-24,0.0
2020-11-25,0.0
2020-11-27,0.0
2020-11-30,0.0
2020-12-01,0.0
2020-12-02,0.0
2020-12-03,0.0
2020-12-04,0.0
2020-12-07,0.0
2020-12-08,0.15031255107148978
2020-12-09,0.35365177668280556
2020-12-10,0.5611229262062134
2020-12-11,0.7285409379856316
2020-12-14,0.8225382583170744
2020-12-15,0.8900698373365514
2020-12-16,0.9356580996303996
2020-12-17,0.9624656340266338
2020-12-18,0.9663997432232159
2020-12-21,0.9634317244311872
2020-12-22,0.9576791865406511
2020-12-23,0.9689727592458186
2020-12-24,0.9802892547720754
2020-12-28,0.9919114482020503
2020-12-29,0.0
2020-12-30,0.0
2020-12-31,0.0
2021-01-04,0.0
2021-01-05,0.0
2021-01-06,0.0
2021-01-07,0.0
2021-01-08,0.0
2021-01-11,0.0
2021-01-12,0.0
2021-01-13,0.0
2021-01-14,-2.886579864025407e-15
2021-01-15,0.2727166472299736
2021-01-19,0.4602315159221342
2021-01-20,0.6250057596040632
2021-01-21,0.7636603396530983
2021-01-22,0.8709385186027276
2021-01-25,0.9502758180273942
2021-01-26,0.9884943190995519
2021-01-27,0.9990965799443712
2021-01-28,0.0
2021-01-29,0.0
2021-02-01,0.0
2021-02-02,0.0
2021-02-03,0.0
2021-02-04,0.0
2021-02-05,0.0
2021-02-08,0.0
2021-02-09,0.0
2021-02-10,0.0
2021-02-11,0.0
2021-02-12,2.886579864025407e-15
2021-02-16,0.4114588121082645
2021-02-17,0.7981324078904182
2021-02-18,0.9546790012055362
2021-02-19,0.9948872541521325
2021-02-22,0.0
2021-02-23,0.0
2021-02-24,0.0
2021-02-25,0.0
2021-02-26,0.0
2021-03-01,0.0
2021-03-02,0.0
2021-03-03,0.0
2021-03-04,0.0
2021-03-05,0.0
2021-03-08,0.0
2021-03-09,-1.1102230246251565e-15
2021-03-10,0.29723836854539587
2021-03-11,0.5717464356919371
2021-03-12,0.8300334552894704
2021-03-15,0.9581584460342858
2021-03-16,0.9941386809970096
2021-03-17,0.0
2021-03-18,0.0
2021-03-19,0.0
2021-03-22,0.0
2021-03-23,0.0
2021-03-24,0.0
2021-03-25,0.0
2021-03-26,0.0
2021-03-29,0.0
2021-03-30,0.0
2021-03-31,0.0
2021-04-01,2.220446049250313e-16
2021-04-05,-0.24422288516818536
2021-04-06,-0.43077758878580785
2021-04-07,-0.5821008216931081
2021-04-08,-0.7112221225234951
2021-04-09,-0.804833216220594
2021-04-12,-0.8770676910665349
2021-04-13,-0.9245155089209134
2021-04-14,-0.9577104950319573
2021-04-15,-0.9774302071792436
2021-04-16,-0.9884926884327334
2021-04-19,-0.9945076919707434
2021-04-20,0.0
2021-04-21,0.0
2021-04-22,0.0
2021-04-23,0.0
2021-04-26,0.0
2021-04-27,0.0
2021-04-28,0.0
2021-04-29,0.0
2021-04-30,0.0
2021-05-03,0.0
2021-05-04,0.0
2021-05-05,4.218847493575595e-15
2021-05-06,-0.2520593796353592
2021-05-07,-0.2446733282643101
2021-05-10,-0.28938228735319904
2021-05-11,-0.40559196823983945
2021-05-12,-0.6329581782241644
2021-05-13,-0.8264903640374
2021-05-14,-0.9130123781371757
2021-05-17,-0.9835563231909672
2021-05-18,-0.9984103697178335
2021-05-19,0.0
2021-05-20,0.0
2021-05-21,0.0
2021-05-24,0.0
2021-05-25,0.0
2021-05-26,0.0
2021-05-27,0.0
2021-05-28,0.0
2021-06-01,0.0
2021-06-02,0.0
2021-06-03,0.0
2021-06-04,-6.661338147750939e-15
2021-06-07,-0.21330669225920795
2021-06-08,-0.7007445460836716
2021-06-09,-0.8758331962703056
2021-06-10,-0.9704073503658206
2021-06-11,-0.9883626377736969
2021-06-14,-0.9955066091793148
2021-06-15,0.0
2021-06-16,0.0
2021-06-17,0.0
2021-06-18,0.0
2021-06-21,0.0
2021-06-22,0.0
2021-06-23,0.0
2021-06-24,0.0
2021-06-25,0.0
2021-06-28,0.0
2021-06-29,0.0
2021-06-30,-1.3322676295501878e-15
2021-07-01,0.41923879467896885
2021-07-02,0.700189635662237
2021-07-06,0.7434778158025965
2021-07-07,0.6279437561025187
2021-07-08,0.26719371180728224
2021-07-09,0.02582170341937906
2021-07-12,-0.09716618624053219
2021-07-13,-0.3686320440242088
2021-07-14,-0.660527425505598
2021-07-15,-0.8693371276537025
2021-07-16,-0.9679692940116122
2021-07-19,-0.9959822986954792
2021-07-20,0.0
2021-07-21,0.0
2021-07-22,0.0
2021-07-23,0.0
2021-07-26,0.0
2021-07-27,0.0
2021-07-28,0.0
2021-07-29,0.0
2021-07-30,0.0
2021-08-02,0.0
2021-08-03,0.0
2021-08-04,5.10702591327572e-15
2021-08-05,0.1300252332016021
2021-08-06,0.1957660081637591
2021-08-09,0.31386002508313804
2021-08-10,0.4737026076768962
2021-08-11,0.6067544269220009
2021-08-12,0.6085646703180827
2021-08-13,0.5077096006179407
2021-08-16,0.38098701167399107
2021-08-17,0.31857661725755726
2021-08-18,0.21601539217790355
2021-08-19,-0.07179159582923744
2021-08-20,-0.2603936195569141
2021-08-23,-0.34578437633237114
2021-08-24,-0.36769581184720224
2021-08-25,-0.3800415635564254
2021-08-26,-0.5568051826656799
2021-08-27,-0.639258205188443
2021-08-30,-0.7621918936916046
2021-08-31,-0.752932352709625
2021-09-01,-0.7887460525282444
2021-09-02,-0.7698019805116947
2021-09-03,-0.8138818312936904
2021-09-07,-0.8751457633668833
2021-09-08,-0.9544788097126264
2021-09-09,-0.9876476259164562
2021-09-10,-0.998396180927517
2021-09-13,0.0
2021-09-14,0.0
2021-09-15,0.0
2021-09-16,0.0
2021-09-17,0.0
2021-09-20,0.0
2021-09-21,0.0
2021-09-22,0.0
2021-09-23,0.0
2021-09-24,0.0
2021-09-27,0.0
2021-09-28,5.773159728050814e-15
2021-09-29,-0.2111691414515906
2021-09-30,-0.4048660861138118
2021-10-01,-0.4810469486301341
2021-10-04,-0.5752419037484333
2021-10-05,-0.5504782620651674
2021-10-06,-0.5808964597788411
2021-10-07,-0.49579711339647803
2021-10-08,-0.5266962390024532
2021-10-11,-0.6770027842693505
2021-10-12,-0.8463450320325041
2021-10-13,-0.8842716667379824
2021-10-14,-0.9254964716006078
2021-10-15,-0.9650381281535183
2021-10-18,-0.9863704760544225
2021-10-19,-0.9940268539398984
2021-10-20,0.0
2021-10-21,0.0
2021-10-22,0.0
2021-10-25,0.0
2021-10-26,0.0
2021-10-27,0.0
2021-10-28,0.0
2021-10-29,0.0
2021-11-01,0.0
2021-11-02,0.0
2021-11-03,0.0
2021-11-04,4.6629367034256575e-15
2021-11-05,0.5207128241852379
2021-11-08,0.7966669469169689
2021-11-09,0.9470543316007785
2021-11-10,0.9950545461586362
2021-11-11,0.0
2021-11-12,0.0
2021-11-15,0.0
2021-11-16,0.0
2021-11-17,0.0
2021-11-18,0.0
2021-11-19,0.0
2021-11-22,0.0
2021-11-23,0.0
2021-11-24,0.0
2021-11-26,0.0
2021-11-29,0.0
2021-11-30,-0.47031450736532143
2021-12-01,-0.8395924668831451
2021-12-02,-0.9482100745296789
2021-12-03,-0.9797290280736992
2021-12-06,-0.9908442377867497
2021-12-07,0.0
2021-12-08,0.0
2021-12-09,0.0
2021-12-10,0.0
2021-12-13,0.0
2021-12-14,0.0
2021-12-15,0.0
2021-12-16,0.0
2021-12-17,0.0
2021-12-20,0.0
2021-12-21,0.0
2021-12-22,-5.995204332975845e-15
2021-12-23,0.4291951702102228
2021-12-27,0.7122327424553121
2021-12-28,0.8694708645651397
2021-12-29,0.9149956695661428
2021-12-30,0.9707434895822524
2021-12-31,0.9735317140176589
2022-01-03,0.9974091217447651
2022-01-04,0.0
2022-01-05,0.0
2022-01-06,0.0
2022-01-07,0.0
2022-01-10,0.0
2022-01-11,0.0
2022-01-12,0.0
2022-01-13,0.0
2022-01-14,0.0
2022-01-18,0.0
2022-01-19,0.0
2022-01-20,-2.6645352591003757e-15
2022-01-21,-0.30564504539997217
2022-01-24,-0.47857566922509376
2022-01-25,-0.6191093835346155
2022-01-26,-0.8623305396513443
2022-01-27,-0.9462652705733157
2022-01-28,-0.961174339197868
2022-01-31,-0.963147856345584
2022-02-01,-0.9731239703573542
2022-02-02,-0.9763614864061516
2022-02-03,-0.9680476328523953
2022-02-04,-0.958382762535511
2022-02-07,-0.955269787027696
2022-02-08,-0.9540117465407012
2022-02-09,-0.9255263901440511
2022-02-10,-0.8789113477917931
2022-02-11,-0.8347613069012976
2022-02-14,-0.7882613124749618
2022-02-15,-0.6776528811197686
2022-02-16,-0.6141178605085655
2022-02-17,-0.5123935609457269
2022-02-18,-0.40230623507300023
2022-02-22,-0.4087989176623503
2022-02-23,-0.4202630406101173
2022-02-24,-0.4650564693733985
2022-02-25,-0.4730447643823328
2022-02-28,-0.493340907135946
2022-03-01,-0.5089770156713607
2022-03-02,-0.4516647798997382
2022-03-03,-0.43077857825766364
2022-03-04,-0.5241295777377979
2022-03-07,-0.6739803210047988
2022-03-08,-0.796590395368785
2022-03-09,-0.8778693924210175
2022-03-10,-0.9343766565374538
2022-03-11,-0.974259562743603
2022-03-14,-0.9912400140608342
2022-03-15,0.0
2022-03-16,0.0
2022-03-17,0.0
2022-03-18,0.0
2022-03-21,0.0
2022-03-22,0.0
2022-03-23,0.0
2022-03-24,0.0
2022-03-25,0.0
2022-03-28,0.0
2022-03-29,0.0
2022-03-30,8.215650382226158e-15
2022-03-31,-0.38520491613922414
2022-04-01,-0.6484880465261273
2022-04-04,-0.7033870501879838
2022-04-05,-0.8995969047545243
2022-04-06,-0.9827183934511856
2022-04-07,-0.9992336066743215
2022-04-08,0.0
2022-04-11,0.0
2022-04-12,0.0
2022-04-13,0.0
2022-04-14,0.0
2022-04-18,0.0
2022-04-19,0.0
2022-04-20,0.0
2022-04-21,0.0
2022-04-22,0.0
2022-04-25,0.0
2022-04-26,0.0
2022-04-27,-0.468128647462398
2022-04-28,-0.795664130776657
2022-04-29,-0.9421032349346097
2022-05-02,-0.98107435686809
2022-05-03,-0.9943937612045881
2022-05-04,0.0
2022-05-05,0.0
2022-05-06,0.0
2022-05-09,0.0
2022-05-10,0.0
2022-05-11,0.0
2022-05-12,0.0
2022-05-13,0.0
2022-05-16,0.0
2022-05-17,0.0
2022-05-18,0.0
2022-05-19,-4.6629367034256575e-15
2022-05-20,-0.004720330177825582
2022-05-23,0.1268217729316996
2022-05-24,-0.0920757691679599
2022-05-25,-0.20949974115818581
2022-05-26,-0.15474650373465515
2022-05-27,0.06774888261144474
2022-05-31,0.21081246274507737
2022-06-01,0.18580158047058193
2022-06-02,0.2287243882201686
2022-06-03,0.1740837648423197
2022-06-06,-0.004193726034477541
2022-06-07,-0.11518747374777982
2022-06-08,-0.30730105858351964
2022-06-09,-0.6174229006828995
2022-06-10,-0.8678832236178142
2022-06-13,-0.9784636914763971
2022-06-14,-0.9978935024399878
2022-06-15,0.0
2022-06-16,0.0
2022-06-17,0.0
2022-06-21,0.0
2022-06-22,0.0
2022-06-23,0.0
2022-06-24,0.0
2022-06-27,0.0
2022-06-28,0.0
2022-06-29,0.0
2022-06-30,0.0
2022-07-01,2.6645352591003757e-15
2022-07-05,0.22697619607097064
2022-07-06,0.35022132713153153
2022-07-07,0.5488248174422605
2022-07-08,0.539161288241675
2022-07-11,0.4134420045227998
2022-07-12,0.3933537258351296
2022-07-13,0.4555336210587628
2022-07-14,0.32366885860670047
2022-07-15,0.31060251777123726
2022-07-18,0.26968644417153764
2022-07-19,0.35821912168700454
2022-07-20,0.4956672630901222
2022-07-21,0.6284361972015726
2022-07-22,0.758967766671788
2022-07-25,0.8516779596697246
2022-07-26,0.8929792180743941
2022-07-27,0.9617521702490743
2022-07-28,0.9930162559590037
2022-07-29,0.0
2022-08-01,0.0
2022-08-02,0.0
2022-08-03,0.0
2022-08-04,0.0
2022-08-05,0.0
2022-08-08,0.0
2022-08-09,0.0
2022-08-10,0.0
2022-08-11,0.0
2022-08-12,0.0
2022-08-15,8.881784197001252e-16
2022-08-16,-0.1434774907695786
2022-08-17,-0.3298570278464861
2022-08-18,-0.4951560935022852
2022-08-19,-0.5774127644043405
2022-08-22,-0.7270927569860288
2022-08-23,-0.8268683927736347
2022-08-24,-0.8668339873703397
2022-08-25,-0.8967037795164403
2022-08-26,-0.9297147832435573
2022-08-29,-0.9520584768927898
2022-08-30,-0.966545554968766
2022-08-31,-0.9772032306941558
2022-09-01,-0.98484434820144
2022-09-02,-0.9904758427700284
2022-09-06,0.0
2022-09-07,0.0
2022-09-08,0.0
2022-09-09,0.0
2022-09-12,0.0
2022-09-13,0.0
2022-09-14,0.0
2022-09-15,0.0
2022-09-16,0.0
2022-09-19,0.0
2022-09-20,0.0
2022-09-21,-7.549516567451064e-15
2022-09-22,-0.5292270165633943
2022-09-23,-0.8834278580051982
2022-09-26,-0.9921879821942228
2022-09-27,0.0
2022-09-28,0.0
2022-09-29,0.0
2022-09-30,0.0
2022-10-03,0.0
2022-10-04,0.0
2022-10-05,0.0
2022-10-06,0.0
2022-10-07,0.0
2022-10-10,0.0
2022-10-11,0.0
2022-10-12,2.220446049250313e-15
2022-10-13,0.37140845032212066
2022-10-14,0.6209644087153512
2022-10-17,0.7578365486003671
2022-10-18,0.9335447992448995
2022-10-19,0.9773020360629174
2022-10-20,0.9963093096678661
2022-10-21,0.0
2022-10-24,0.0
2022-10-25,0.0
2022-10-26,0.0
2022-10-27,0.0
2022-10-28,0.0
2022-10-31,0.0
2022-11-01,0.0
2022-11-02,0.0
2022-11-03,0.0
2022-11-04,0.0
2022-11-07,-4.440892098500626e-16
2022-11-08,-0.462872496685653
2022-11-09,-0.7858962989173517
2022-11-10,-0.8910135919108366
2022-11-11,-0.9122793684938224
2022-11-14,-0.9404367577548636
2022-11-15,-0.9630145753716242
2022-11-16,-0.9819811062839001
2022-11-17,-0.9912516240361184
2022-11-18,0.0
2022-11-21,0.0
2022-11-22,0.0
2022-11-23,0.0
2022-11-25,0.0
2022-11-28,0.0
2022-11-29,0.0
2022-11-30,0.0
2022-12-01,0.0
2022-12-02,0.0
2022-12-05,0.0
2022-12-06,-7.771561172376096e-15
2022-12-07,-0.21752350295187695
2022-12-08,-0.3953904484888069
2022-12-09,-0.3935935542567748
2022-12-12,-0.3055549322792608
2022-12-13,-0.400483899314813
2022-12-14,-0.4471024697578694
2022-12-15,-0.7925743113237664
2022-12-16,-0.9486376365551148
2022-12-19,-0.9972063382856082
2022-12-20,0.0
2022-12-21,0.0
2022-12-22,0.0
2022-12-23,0.0
2022-12-27,0.0
2022-12-28,0.0
2022-12-29,0.0
2022-12-30,0.0
2023-01-03,0.0
2023-01-04,0.0
2023-01-05,0.0
2023-01-06,-2.6645352591003757e-15
2023-01-09,0.5141161686585187
2023-01-10,0.9041886939172405
2023-01-11,0.990189402885433
2023-01-12,0.0
2023-01-13,0.0
2023-01-17,0.0
2023-01-18,0.0
2023-01-19,0.0
2023-01-20,0.0
2023-01-23,0.0
2023-01-24,0.0
2023-01-25,0.0
2023-01-26,0.0
2023-01-27,0.0
2023-01-30,-2.4424906541753444e-15
2023-01-31,0.29942488993899197
2023-02-01,0.6352602594190637
2023-02-02,0.8809683856118484
2023-02-03,0.9574127923284197
2023-02-06,0.9862812797332028
2023-02-07,0.9957576372680599
2023-02-08,0.0
2023-02-09,0.0
2023-02-10,0.0
2023-02-13,0.0
2023-02-14,0.0
2023-02-15,0.0
2023-02-16,0.0
2023-02-17,0.0
2023-02-21,0.0
2023-02-22,0.0
2023-02-23,0.0
2023-02-24,-1.5543122344752192e-15
2023-02-27,0.38716848386523095
2023-02-28,0.5786587315530907
2023-03-01,0.5601964611914076
2023-03-02,0.6068380954447621
2023-03-03,0.7029514734645514
2023-03-06,0.7114742784946224
2023-03-07,0.6514471495974024
2023-03-08,0.7077223660466736
2023-03-09,0.6397755000965304
2023-03-10,0.4544675177442783
2023-03-13,0.13530400641343743
2023-03-14,-0.18412621513951755
2023-03-15,-0.5831337035187114
2023-03-16,-0.7444272633450801
2023-03-17,-0.832653299569988
2023-03-20,-0.9018842548044901
2023-03-21,-0.8909266067564936
2023-03-22,-0.9224081716798129
2023-03-23,-0.9445406184495582
2023-03-24,-0.9754816193639833
2023-03-27,-0.9858870825564297
2023-03-28,-0.9908450914815956
2023-03-29,0.0
2023-03-30,0.0
2023-03-31,0.0
2023-04-03,0.0
2023-04-04,0.0
2023-04-05,0.0
2023-04-06,0.0
2023-04-10,0.0
2023-04-11,0.0
2023-04-12,0.0
2023-04-13,0.0
2023-04-14,-8.881784197001252e-16
2023-04-17,-0.08459696789969251
2023-04-18,-0.2679369241794787
2023-04-19,-0.4193427360466122
2023-04-20,-0.6715879564442844
2023-04-21,-0.8657316347304034
2023-04-24,-0.9635508365633794
2023-04-25,-0.9963352779964145
2023-04-26,0.0
2023-04-27,0.0
2023-04-28,0.0
2023-05-01,0.0
2023-05-02,0.0
2023-05-03,0.0
2023-05-04,0.0
2023-05-05,0.0
2023-05-08,0.0
2023-05-09,0.0
2023-05-10,0.0
2023-05-11,6.661338147750939e-15
2023-05-12,-0.23475669389006604
2023-05-15,-0.30083978721970683
2023-05-16,-0.6159592833595995
2023-05-17,-0.7338578912245852
2023-05-18,-0.8393258675010133
2023-05-19,-0.9264352058022971
2023-05-22,-0.9705854335485922
2023-05-23,-0.9948222398493449
2023-05-24,0.0
2023-05-25,0.0
2023-05-26,0.0
2023-05-30,0.0
2023-05-31,0.0
2023-06-01,0.0
2023-06-02,0.0
2023-06-05,0.0
2023-06-06,0.0
2023-06-07,0.0
2023-06-08,0.0
2023-06-09,8.881784197001252e-16
2023-06-12,0.3964011891699748
2023-06-13,0.6598265894483204
2023-06-14,0.8162828586972342
2023-06-15,0.8790089022973917
2023-06-16,0.9074184644779373
2023-06-20,0.9045008330735347
2023-06-21,0.9098307994073715
2023-06-22,0.9032216134099895
2023-06-23,0.8825893552241815
2023-06-26,0.8595190900133767
2023-06-27,0.8628879495003265
2023-06-28,0.875266933260135
2023-06-29,0.8851137718653546
2023-06-30,0.8989796226421736
2023-07-03,0.9264772950135844
2023-07-05,0.9427290601504674
2023-07-06,0.9523676481391452
2023-07-07,0.958128454728064
2023-07-10,0.9691866482792766
2023-07-11,0.9807691497341233
2023-07-12,0.9873619563634106
2023-07-13,0.9915258663383921
2023-07-14,0.0
2023-07-17,0.0
2023-07-18,0.0
2023-07-19,0.0
2023-07-20,0.0
2023-07-21,0.0
2023-07-24,0.0
2023-07-25,0.0
2023-07-26,0.0
2023-07-27,0.0
2023-07-28,0.0
2023-07-31,-1.3322676295501878e-15
2023-08-01,0.09083504915095952
2023-08-02,-0.03639966978211229
2023-08-03,0.06229746405764569
2023-08-04,0.6980648380764605
2023-08-07,0.9788903452904392
2023-08-08,0.9994838828502135
2023-08-09,0.0
2023-08-10,0.0
2023-08-11,0.0
2023-08-14,0.0
2023-08-15,0.0
2023-08-16,0.0
2023-08-17,0.0
2023-08-18,0.0
2023-08-21,0.0
2023-08-22,0.0
2023-08-23,0.0
2023-08-24,-1.3322676295501878e-15
2023-08-25,-0.3382941025817239
2023-08-28,-0.45364156720284154
2023-08-29,-0.5078151707606593
2023-08-30,-0.5140070061579964
2023-08-31,-0.512348197744994
2023-09-01,-0.818259988797982
2023-09-05,-0.9440457420151034
2023-09-06,-0.9881653975205609
2023-09-07,-0.9989170900164035
2023-09-08,0.0
2023-09-11,0.0
2023-09-12,0.0
2023-09-13,0.0
2023-09-14,0.0
2023-09-15,0.0
2023-09-18,0.0
2023-09-19,0.0
2023-09-20,0.0
2023-09-21,0.0
2023-09-22,0.0
2023-09-25,1.021405182655144e-14
2023-09-26,-0.48703957389926344
2023-09-27,-0.6704770930453732
2023-09-28,-0.8791155371123447
2023-09-29,-0.9497545655637978
2023-10-02,-0.9909147559373084
2023-10-03,0.0
2023-10-04,0.0
2023-10-05,0.0
2023-10-06,0.0
2023-10-09,0.0
2023-10-10,0.0
2023-10-11,0.0
2023-10-12,0.0
2023-10-13,0.0
2023-10-16,0.0
2023-10-17,0.0
2023-10-18,-5.773159728050814e-15
2023-10-19,-0.10097729535578148
2023-10-20,-0.2360388739503767
2023-10-23,-0.47296605319391705
2023-10-24,-0.6808197192616197
2023-10-25,-0.8976597623338303
2023-10-26,-0.9706434208990342
2023-10-27,-0.9962104786649373
2023-10-30,0.0
2023-10-31,0.0
2023-11-01,0.0
2023-11-02,0.0
2023-11-03,0.0
2023-11-06,0.0
2023-11-07,0.0
2023-11-08,0.0
2023-11-09,0.0
2023-11-10,0.0
2023-11-13,0.0
2023-11-14,2.886579864025407e-15
2023-11-15,0.032334143848817165
2023-11-16,4.128135810965716e-08
2023-11-17,0.06766530275130767
2023-11-20,0.13778693666880537
2023-11-21,0.1661224816237612
2023-11-22,0.21051399428528783
2023-11-24,0.2919069113744597
2023-11-27,0.3527127047175127
2023-11-28,0.37893920651690016
2023-11-29,0.4321823958149871
2023-11-30,0.42537372242176197
2023-12-01,0.5591149044046968
2023-12-04,0.6761310864429424
2023-12-05,0.7154212711065673
2023-12-06,0.755006557522172
2023-12-07,0.7809699731798736
2023-12-08,0.8503267220682544
2023-12-11,0.8982888447983974
2023-12-12,0.9253832591890905
2023-12-13,0.9610556767751723
2023-12-14,0.9864086318715006
2023-12-15,0.9950685503735808
2023-12-18,0.0
2023-12-19,0.0
2023-12-20,0.0
2023-12-21,0.0
2023-12-22,0.0
2023-12-26,0.0
2023-12-27,0.0
2023-12-28,0.0
2023-12-29,0.0
2024-01-02,0.0
2024-01-03,0.0
2024-01-04,-3.9968028886505635e-15
2024-01-05,-0.2730957027242087
2024-01-08,-0.3843054940405628
2024-01-09,-0.6581896748892593
2024-01-10,-0.844187511182114
2024-01-11,-0.9718213253179757
2024-01-12,-0.995555720127663
2024-01-16,0.0
2024-01-17,0.0
2024-01-18,0.0
2024-01-19,0.0
2024-01-22,0.0
2024-01-23,0.0
2024-01-24,0.0
2024-01-25,0.0
2024-01-26,0.0
2024-01-29,0.0
2024-01-30,0.0
2024-01-31,8.43769498715119e-15
2024-02-01,0.1095688339392451
2024-02-02,-0.020260367083901
2024-02-05,-0.324195673754724
2024-02-06,-0.5681773709306928
2024-02-07,-0.8751275733093289
2024-02-08,-0.9679633363586557
2024-02-09,-0.9967999212984175
2024-02-12,0.0
2024-02-13,0.0
2024-02-14,0.0
2024-02-15,0.0
2024-02-16,0.0
2024-02-20,0.0
2024-02-21,0.0
2024-02-22,0.0
2024-02-23,0.0
2024-02-26,0.0
2024-02-27,0.0
2024-02-28,-1.3322676295501878e-15
2024-02-29,-0.22676178240593758
2024-03-01,-0.4581495180207278
2024-03-04,-0.7527336584592184
2024-03-05,-0.9025087051491654
2024-03-06,-0.9562852168043285
2024-03-07,-0.9739163981003474
2024-03-08,-0.9847941866581227
2024-03-11,-0.9872796560909456
2024-03-12,-0.9915145289499618
2024-03-13,0.0
2024-03-14,0.0
2024-03-15,0.0
2024-03-18,0.0
2024-03-19,0.0
2024-03-20,0.0
2024-03-21,0.0
2024-03-22,0.0
2024-03-25,0.0
2024-03-26,0.0
2024-03-27,0.0
2024-03-28,-1.1102230246251565e-14
2024-04-01,0.30176705878456955
2024-04-02,0.14640412069509856
2024-04-03,0.33571007326018387
2024-04-04,0.13926816223599192
2024-04-05,-0.20892892636808513
2024-04-08,-0.2812798993393517
2024-04-09,-0.14729649610427265
2024-04-10,-0.4395233429634475
2024-04-11,-0.473631652860087
2024-04-12,-0.6692127245439243
2024-04-15,-0.7954149734875782
2024-04-16,-0.9367782933663793
2024-04-17,-0.9786171600020264
2024-04-18,-0.9912490030547241
2024-04-19,0.0
2024-04-22,0.0
2024-04-23,0.0
2024-04-24,0.0
2024-04-25,0.0
2024-04-26,0.0
2024-04-29,0.0
2024-04-30,0.0
2024-05-01,0.0
2024-05-02,0.0
2024-05-03,0.0
2024-05-06,-4.6629367034256575e-15
2024-05-07,-0.20508722790942913
2024-05-08,-0.36706579388794935
2024-05-09,-0.3831184428987735
2024-05-10,-0.3414376553555385
2024-05-13,-0.17798342757404462
2024-05-14,0.08204715911621463
2024-05-15,0.1370958654774106
2024-05-16,0.20392561963958933
2024-05-17,0.17857386498152295
2024-05-20,0.1737289017331347
2024-05-21,0.07341564936948841
2024-05-22,0.05689663788885446
2024-05-23,-0.12578409113464173
2024-05-24,-0.28256626430762943
2024-05-28,-0.368360226865843
2024-05-29,-0.5213444736900943
2024-05-30,-0.517605608231579
2024-05-31,-0.45929267289287923
2024-06-03,-0.3666918140270514
2024-06-04,-0.3057999626607042
2024-06-05,-0.2216675952614482
2024-06-06,-0.12178670744154463
2024-06-07,-0.050394077137026594
2024-06-10,-0.03872918143563986
2024-06-11,-0.0579124253143819
2024-06-12,-0.1622827478284692
2024-06-13,-0.4355139587596528
2024-06-14,-0.6635947465961629
2024-06-17,-0.8303825630314936
2024-06-18,-0.9360135259617219
2024-06-20,-0.9784318891642465
2024-06-21,-0.9924615388824014
2024-06-24,0.0
2024-06-25,0.0
2024-06-26,0.0
2024-06-27,0.0
2024-06-28,0.0
2024-07-01,0.0
2024-07-02,0.0
2024-07-03,0.0
2024-07-05,0.0
2024-07-08,0.0
2024-07-09,0.0
2024-07-10,0.0
2024-07-11,0.2658897304511607
2024-07-12,0.5213148637779281
2024-07-15,0.730652218148379
2024-07-16,0.9960924231549586
2024-07-17,0.0
2024-07-18,0.0
2024-07-19,0.0
2024-07-22,0.0
2024-07-23,0.0
2024-07-24,0.0
2024-07-25,0.0
2024-07-26,0.0
2024-07-29,0.0
2024-07-30,0.0
2024-07-31,0.0
2024-08-01,0.0
2024-08-02,-0.21092212147972011
2024-08-05,-0.6874959491554313
2024-08-06,-0.9626678472600012
2024-08-07,-0.9965133627900089
2024-08-08,0.0
2024-08-09,0.0
2024-08-12,0.0
2024-08-13,0.0
2024-08-14,0.0
2024-08-15,0.0
2024-08-16,0.0
2024-08-19,0.0
2024-08-20,0.0
2024-08-21,0.0
2024-08-22,0.0
2024-08-23,1.9984014443252818e-15
2024-08-26,0.465064914099828
2024-08-27,0.7353085604172809
2024-08-28,0.8629220750104962
2024-08-29,0.908054872790881
2024-08-30,0.947642960888216
2024-09-03,0.9423481168910679
2024-09-04,0.9338124659680909
2024-09-05,0.9337091082684255
2024-09-06,0.9159048818000857
2024-09-09,0.9045219732736265
2024-09-10,0.8568048481002664
2024-09-11,0.780989709287409
2024-09-12,0.8279805285048418
2024-09-13,0.9433381377905512
2024-09-16,0.9861132006343054
2024-09-17,0.9967490475620551
2024-09-18,0.0
2024-09-19,0.0
2024-09-20,0.0
2024-09-23,0.0
2024-09-24,0.0
2024-09-25,0.0
2024-09-26,0.0
2024-09-27,0.0
2024-09-30,0.0
2024-10-01,0.0
2024-10-02,0.0
2024-10-03,0.0
2024-10-04,-0.4612327510546621
2024-10-07,-0.7948902633290089
2024-10-08,-0.9393568684024072
2024-10-09,-0.9851032701164122
2024-10-10,-0.9986215832473557
2024-10-11,0.0
2024-10-14,0.0
2024-10-15,0.0
2024-10-16,0.0
2024-10-17,0.0
2024-10-18,0.0
2024-10-21,0.0
2024-10-22,0.0
2024-10-23,0.0
2024-10-24,0.0
2024-10-25,0.0
2024-10-28,-4.6629367034256575e-15
2024-10-29,-0.08447188476528278
2024-10-30,0.10570652674412018
2024-10-31,0.6258359569184568
2024-11-01,0.9181553872547419
2024-11-04,0.986028222658448
2024-11-05,0.9985821367403767
2024-11-06,0.0
2024-11-07,0.0
2024-11-08,0.0
2024-11-11,0.0
2024-11-12,0.0
2024-11-13,0.0
2024-11-14,0.0
2024-11-15,0.0
2024-11-18,0.0
2024-11-19,0.0
2024-11-20,0.0
2024-11-21,3.552713678800501e-15
2024-11-22,0.30099692944005696
2024-11-25,0.6369368246249221
2024-11-26,0.7845321655009001
2024-11-27,0.9091629928962648
2024-11-29,0.9699111370077385
2024-12-02,0.9922163571830949
2024-12-03,0.0
2024-12-04,0.0
2024-12-05,0.0
2024-12-06,0.0
2024-12-09,0.0
2024-12-10,0.0
2024-12-11,0.0
2024-12-12,0.0
2024-12-13,0.0
2024-12-16,0.0
2024-12-17,0.0
2024-12-18,-1.3322676295501878e-15
2024-12-19,-0.19760111880805487
2024-12-20,-0.31115544307486775
2024-12-23,-0.4775548801976943
2024-12-24,-0.588847164582027
2024-12-26,-0.6668927435449659
2024-12-27,-0.7329818116171829
2024-12-30,-0.7995669238231398
2024-12-31,-0.845048705296124
2025-01-02,-0.8735026491585285
2025-01-03,-0.902918945214596
2025-01-06,-0.9112948134994916
2025-01-07,-0.9348676677202696
2025-01-08,-0.965929913137298
2025-01-10,-0.987308219665874
2025-01-13,-0.9950600686188562
2025-01-14,0.0
2025-01-15,0.0
2025-01-16,0.0
2025-01-17,0.0
2025-01-21,0.0
2025-01-22,0.0
2025-01-23,0.0
2025-01-24,0.0
2025-01-27,0.0
2025-01-28,0.0
2025-01-29,0.0
2025-01-30,3.1086244689504383e-15
2025-01-31,0.21696043293278677
2025-02-03,0.26473241712313644
2025-02-04,0.25900612896462216
2025-02-05,0.3163025353869111
2025-02-06,0.3732253604462876
2025-02-07,0.40856643263767234
2025-02-10,0.3678196841396355
2025-02-11,0.27296031644954866
2025-02-12,0.16568023807513477
2025-02-13,0.2280666902145998
2025-02-14,0.3377723618971482
2025-02-18,0.5314541846079464
2025-02-19,0.7458618386051767
2025-02-20,0.8938424396759896
2025-02-21,0.9482185649326587
2025-02-24,0.9842048092839855
2025-02-25,0.992537224010678
2025-02-26,0.0
2025-02-27,0.0
2025-02-28,0.0
2025-03-03,0.0
2025-03-04,0.0
2025-03-05,0.0
2025-03-06,0.0
2025-03-07,0.0
2025-03-10,0.0
2025-03-11,0.0
2025-03-12,0.0
2025-03-13,3.3306690738754696e-15
2025-03-14,-0.28011572233019955
2025-03-17,-0.4042897208911471
2025-03-18,-0.5403747574653632
2025-03-19,-0.4914986206621059
2025-03-20,-0.5308814561919986
2025-03-21,-0.5405370786812069
2025-03-24,-0.48168317959682927
2025-03-25,-0.4195793025074277
2025-03-26,-0.3414246727089778
2025-03-27,-0.2700785485148396
2025-03-28,-0.40354098560292506
2025-03-31,-0.4203810417943519
2025-04-01,-0.5722588323086022
2025-04-02,-0.6216396044116337
2025-04-03,-0.8724722285376365
2025-04-04,-0.989852776797395
2025-04-07,-0.9996484156200314
2025-04-08,0.0
2025-04-09,0.0
2025-04-10,0.0
2025-04-11,0.0
2025-04-14,0.0
2025-04-15,0.0
2025-04-16,0.0
2025-04-17,0.0
2025-04-21,0.0
2025-04-22,0.0
2025-04-23,0.0
2025-04-24,-3.9968028886505635e-15
2025-04-25,0.22698146623920779
2025-04-28,0.47043267039429826
2025-04-29,0.6782847503778218
2025-04-30,0.795551841887876
2025-05-01,0.834628393222286
2025-05-02,0.8822016728468254
2025-05-05,0.8981551447467295
2025-05-06,0.9178778967770191
2025-05-07,0.9435222561646321
2025-05-08,0.9789402920994223
2025-05-09,0.9934889453542248
2025-05-12,0.0
2025-05-13,0.0
2025-05-14,0.0
2025-05-15,0.0
2025-05-16,0.0
2025-05-19,0.0
2025-05-20,0.0
2025-05-21,0.0
2025-05-22,0.0
2025-05-23,0.0
2025-05-27,0.0
2025-05-28,4.218847493575595e-15
2025-05-29,0.5562959055788776
2025-05-30,0.8422053657081516
2025-06-02,0.9589034355380277
2025-06-03,0.9902069818873604
2025-06-04,0.0
2025-06-05,0.0
2025-06-06,0.0
2025-06-09,0.0
2025-06-10,0.0
2025-06-11,0.0
2025-06-12,0.0
2025-06-13,0.0
2025-06-16,0.0
2025-06-17,0.0
2025-06-18,0.0
2025-06-20,5.995204332975845e-15
2025-06-23,0.27062853579496693
2025-06-24,0.580923328641131
2025-06-25,0.7777501373808122
2025-06-26,0.9242617004074898
2025-06-27,0.9830028502461154
2025-06-30,0.9977513279467438
2025-07-01,0.0
2025-07-02,0.0
2025-07-03,0.0
2025-07-07,0.0
2025-07-08,0.0
2025-07-09,0.0
2025-07-10,0.0
2025-07-11,0.0
2025-07-14,0.0
2025-07-15,0.0
2025-07-16,0.0
2025-07-17,-2.6645352591003757e-15
2025-07-18,0.38033027362623106
2025-07-21,0.6722573725420982
2025-07-22,0.8530294630615416
2025-07-23,0.9628043489511207
2025-07-24,0.9941633156083343
2025-07-25,0.0
2025-07-28,0.0
2025-07-29,0.0
2025-07-30,0.0
2025-07-31,0.0
2025-08-01,0.0
2025-08-04,0.0
2025-08-05,0.0
2025-08-06,0.0
2025-08-07,0.0
2025-08-08,0.0
2025-08-11,-4.440892098500626e-16
2025-08-12,-0.3181144673798222
2025-08-13,-0.4219344422557598
2025-08-14,-0.5566672451526493
2025-08-15,-0.6557192664115421
2025-08-18,-0.7383926372249134
2025-08-19,-0.8245396535669167
2025-08-20,-0.8859894070144785
2025-08-21,-0.9255254558578214
2025-08-22,-0.9388411082791024
2025-08-25,-0.9500230807199523
2025-08-26,-0.9640769351428715
2025-08-27,-0.9688585835876844
2025-08-28,-0.9742699933482251
2025-08-29,-0.9831513257134505
2025-09-02,-0.9891849341148402
2025-09-03,-0.9917725215193005
2025-09-04,0.0
2025-09-05,0.0
2025-09-08,0.0
2025-09-09,0.0
2025-09-10,0.0
2025-09-11,0.0
2025-09-12,0.0
2025-09-15,0.0
2025-09-16,0.0
2025-09-17,0.0
2025-09-18,0.0
2025-09-19,4.440892098500626e-16
2025-09-22,0.2503817400769872
2025-09-23,0.4588094349260623
2025-09-24,0.6339243971940047
2025-09-25,0.7602897488781308
2025-09-26,0.8421479390291557
2025-09-29,0.8881957489242898
2025-09-30,0.9291038906034625
2025-10-01,0.9545078495588111
2025-10-02,0.9706297851803292
2025-10-03,0.9803845939312736
2025-10-06,0.9871803558836463
2025-10-07,0.9909108837387441
2025-10-08,0.0
2025-10-09,0.0
2025-10-10,0.0
2025-10-13,0.0
2025-10-14,0.0
2025-10-15,0.0
2025-10-16,0.0
2025-10-17,0.0
2025-10-20,0.0
2025-10-21,0.0
2025-10-22,0.0
2025-10-23,-6.661338147750939e-16
2025-10-24,0.40485426419050485
2025-10-27,0.6834693199714805
2025-10-28,0.847486944344872
2025-10-29,0.9426523086092515
2025-10-30,0.9834202598376638
2025-10-31,0.9974273802699019
2025-11-03,0.0
2025-11-04,0.0
2025-11-05,0.0
2025-11-06,0.0
2025-11-07,0.0
2025-11-10,0.0
2025-11-11,0.0
2025-11-12,0.0
2025-11-13,0.0
2025-11-14,0.0
2025-11-17,0.0
2025-11-18,1.1102230246251565e-14
2025-11-19,0.1879153630066226
2025-11-20,0.25894470043965967
2025-11-21,0.44318505885784987
2025-11-24,0.48583295053637165
2025-11-25,0.5581235481583549
2025-11-26,0.8302919142451919
2025-11-28,0.9553842326936421
2025-12-01,0.9891031438298454
2025-12-02,0.9992928179909979
2025-12-03,0.0
2025-12-04,0.0
2025-12-05,0.0
2025-12-08,0.0
2025-12-09,0.0
2025-12-10,0.0
2025-12-11,0.0
2025-12-12,0.0
2025-12-15,0.0
2025-12-16,0.0
2025-12-17,0.0
2025-12-18,-1.3322676295501878e-15
2025-12-19,-0.008392517704855385
2025-12-22,0.0929339918335792
2025-12-23,0.2277114626462624
2025-12-24,0.3556670215867368
2025-12-26,0.43087948157865075
2025-12-29,0.49722659357582577
2025-12-30,0.5669428337832947
2025-12-31,0.6203061609286884
2026-01-02,0.6494313842552981
2026-01-05,0.6771903195098616
2026-01-06,0.6995243808685179
2026-01-07,0.7257957190892634
2026-01-08,0.7378387136004716
2026-01-09,0.7725628210841662
2026-01-12,0.7852279345806288
2026-01-13,0.8127591354639558
2026-01-14,0.8300442379874489
2026-01-15,0.8417909617602861
2026-01-16,0.8550120289745513
2026-01-20,0.8587819752071011
2026-01-21,0.8693166164615089
2026-01-22,0.8753258795675685
2026-01-23,0.8855640250763672
2026-01-26,0.8884223748537907
2026-01-27,0.8879526287455586
2026-01-28,0.8858193540438477
2026-01-29,0.876191074212548
2026-01-30,0.8649816014503404
2026-02-02,0.8529178413810281
2026-02-03,0.832376909282833
2026-02-04,0.8060305215753467
2026-02-05,0.7693598542205988
2026-02-06,0.7489041347001335
2026-02-09,0.7226820181095328
2026-02-10,0.7160561483528127
2026-02-11,0.7160187474328712
2026-02-12,0.7200447736781361
2026-02-13,0.7200684624053753
2026-02-17,0.7441701881605596
2026-02-18,0.7675449008959867
2026-02-19,0.7821034906598983
2026-02-20,0.8013058571657019
2026-02-23,0.8228384639901081
2026-02-24,0.846950433400778
2026-02-25,0.8636509503073193
2026-02-26,0.8770230899665896
2026-02-27,0.8792360419440102
2026-03-02,0.8865772524408218
2026-03-03,0.8890438262051836
2026-03-04,0.8877465852650583
2026-03-05,0.8872314520146201
2026-03-06,0.8859989295801569
2026-03-09,0.8817722630536609
2026-03-10,0.8776690061580494
2026-03-11,0.8743324991028223
2026-03-12,0.8648093678678859
2026-03-13,0.8498032753260691
2026-03-16,0.8407899405458781
2026-03-17,0.8340125975048818
2026-03-18,0.8214384391768037
2026-03-19,0.8141450601551852
2026-03-20,0.8023512749989243
2026-03-23,0.7897699799340376
2026-03-24,0.7740700687807069
2026-03-25,0.7563496128231066
2026-03-26,0.7341442969510954
2026-03-27,0.7109132000784353
2026-03-30,0.6872505696670528
2026-03-31,0.6734006528568164
2026-04-01,0.6602317510392761
2026-04-02,0.6418277820442282
2026-04-06,0.6258260610611239
2026-04-07,0.6083503878370222
2026-04-08,0.5963582942471941
2026-04-09,0.5836645944657863
2026-04-10,0.5679678207896357
2026-04-13,0.5504713667372358
2026-04-14,0.5321208261706472
2026-04-15,0.5077291285892931
2026-04-16,0.48964208778370866
2026-04-17,0.47426218070515236
2026-04-20,0.4570416141247542
2026-04-21,0.43576030260694343
2026-04-22,0.41505941403230606
2026-04-23,0.3781989930223646
2026-04-24,0.34725729368285485
2026-04-27,0.30635914799036756
2026-04-28,0.27009842690514585
2026-04-29,0.23757041495353048
2026-04-30,0.20494949551735586
2026-05-01,0.16907990936531325
2026-05-04,0.13280634215233733
2026-05-05,0.10710887330044372
2026-05-06,0.08073941271943363
2026-05-07,0.05131049872978277
2026-05-08,0.021685658232386995
2026-05-11,-0.0024983015173427603
2026-05-12,-0.028050131004225376
2026-05-13,-0.051366471923753876
2026-05-14,-0.0795346413704936
2026-05-15,-0.11280061300939304
2026-05-18,-0.14096565024860164
2026-05-19,-0.1690919835567537
2026-05-20,-0.18434385914944795
2026-05-21,-0.21133600223394988
2026-05-22,-0.24042194402976924
2026-05-26,-0.2700165084304056
2026-05-27,-0.2940146540440245
2026-05-28,-0.3210195388539372
2026-05-29,-0.3484304829611071
2026-06-01,-0.3671293317442901
2026-06-02,-0.3877627552575371
2026-06-03,-0.4137446692915656
2026-06-04,-0.4390083935593303
2026-06-05,-0.4865416990757816
2026-06-08,-0.5249987264773446
2026-06-09,-0.5590916186127637
2026-06-10,-0.6000285742723306
2026-06-11,-0.6229574143699077
2026-06-12,-0.642049245939329
2026-06-15,-0.6638204226128657
2026-06-16,-0.6895579241158178
2026-06-17,-0.7210494807722325
2026-06-18,-0.7508306539260459
2026-06-22,-0.7651839695622078
2026-06-23,-0.7800241856139496
2026-06-24,-0.7889487432985691
2026-06-25,-0.8009761165537101
2026-06-26,-0.8159357853773777
2026-06-29,-0.8245624528979865
2026-06-30,-0.8390608534587645
2026-07-01,-0.8507126977347912
2026-07-02,-0.8654147204062288
2026-07-06,-0.8825816351236224
2026-07-07,-0.8978851423226692
2026-07-08,-0.9112317655638709
2026-07-09,-0.9195658571309615
2026-07-10,-0.9274788566451293
2026-07-13,-0.9315314416968177
2026-07-14,-0.9329425092234709
2026-07-15,-0.9356152000104001
2026-07-16,-0.9380678439365253
2026-07-17,-0.9427780527293828
2026-07-20,-0.9521321111362495
2026-07-21,-0.9602414183978778
2026-07-22,-0.9670467480789295
2026-07-23,-0.9725070811331282
2026-07-24,-0.9775847898483279
2026-07-27,-0.9827717621968937
