2005-01-03,0.0
2005-01-04,0.0
2005-01-05,0.0
2005-01-06,0.0
2005-01-07,0.0
2005-01-10,0.0
2005-01-11,0.0
2005-01-12,0.0
2005-01-13,0.0
2005-01-14,0.0
2005-01-18,0.0
2005-01-19,0.0
2005-01-20,-0.1783142113840568
2005-01-21,-0.5476514769512115
2005-01-24,-0.7325769455020743
2005-01-25,-0.8028972398854037
2005-01-26,-0.805803943528351
2005-01-27,-0.8129798780152553
2005-01-28,-0.882504075394313
2005-01-31,-0.89862418216592
2005-02-01,-0.9279155039028868
2005-02-02,-0.9575903740168559
2005-02-03,-0.9924307289163861
2005-02-04,0.0
2005-02-07,0.0
2005-02-08,0.0
2005-02-09,0.0
2005-02-10,0.0
2005-02-11,0.0
2005-02-14,0.0
2005-02-15,0.0
2005-02-16,0.0
2005-02-17,0.0
2005-02-18,0.0
2005-02-22,-5.10702591327572e-15
2005-02-23,-0.11735205404847804
2005-02-24,-0.1681774243755958
2005-02-25,-0.11541747983131767
2005-02-28,-0.2584739116669814
2005-03-01,-0.2413509584929141
2005-03-02,-0.016917502721164768
2005-03-03,0.09989917207450683
2005-03-04,0.30014366492156097
2005-03-07,0.5705184405169659
2005-03-08,0.7070153913956732
2005-03-09,0.813422101330963
2005-03-10,0.8918670354509493
2005-03-11,0.9253438131404739
2005-03-14,0.9424848842778233
2005-03-15,0.936639839480762
2005-03-16,0.9404506504593808
2005-03-17,0.9440213980284469
2005-03-18,0.912363844488729
2005-03-21,0.8521895455757003
2005-03-22,0.6999146697829661
2005-03-23,0.45078803695345315
2005-03-24,0.06555879861216529
2005-03-28,-0.19908754843264975
2005-03-29,-0.4857168436896464
2005-03-30,-0.5704475676402643
2005-03-31,-0.6292233229227688
2005-04-01,-0.7019928086323981
2005-04-04,-0.7574622105392126
2005-04-05,-0.7511543228472175
2005-04-06,-0.7361643532741726
2005-04-07,-0.7179490409644451
2005-04-08,-0.7358108144276279
2005-04-11,-0.7470362142724047
2005-04-12,-0.7328663029825893
2005-04-13,-0.7925976817426401
2005-04-14,-0.8760956936932722
2005-04-15,-0.9392245200611098
2005-04-18,-0.970713919790632
2005-04-19,-0.9816573336441794
2005-04-20,-0.9953997822923617
2005-04-21,0.0
2005-04-22,0.0
2005-04-25,0.0
2005-04-26,0.0
2005-04-27,0.0
2005-04-28,0.0
2005-04-29,0.0
2005-05-02,0.0
2005-05-03,0.0
2005-05-04,0.0
2005-05-05,0.0
2005-05-06,-1.0658141036401503e-14
2005-05-09,0.6116207645622804
2005-05-10,0.9092600739599073
2005-05-11,0.9959402917768949
2005-05-12,0.0
2005-05-13,0.0
2005-05-16,0.0
2005-05-17,0.0
2005-05-18,0.0
2005-05-19,0.0
2005-05-20,0.0
2005-05-23,0.0
2005-05-24,0.0
2005-05-25,0.0
2005-05-26,0.0
2005-05-27,-8.881784197001252e-15
2005-05-31,0.01920426687284338
2005-06-01,0.14719495608093536
2005-06-02,0.4409630479397486
2005-06-03,0.6465139247371992
2005-06-06,0.7996653019215993
2005-06-07,0.910720669007592
2005-06-08,0.9559656549510269
2005-06-09,0.9845221682850933
2005-06-10,0.9933463956262694
2005-06-13,0.0
2005-06-14,0.0
2005-06-15,0.0
2005-06-16,0.0
2005-06-17,0.0
2005-06-20,0.0
2005-06-21,0.0
2005-06-22,0.0
2005-06-23,0.0
2005-06-24,0.0
2005-06-27,0.0
2005-06-28,1.887379141862766e-14
2005-06-29,-0.3933897730569229
2005-06-30,-0.7855474907745017
2005-07-01,-0.9296921826963951
2005-07-05,-0.9652017831968294
2005-07-06,-0.8014832147674456
2005-07-07,0.6257329837756815
2005-07-08,0.9905696327874076
2005-07-11,0.0
2005-07-12,0.0
2005-07-13,0.0
2005-07-14,0.0
2005-07-15,0.0
2005-07-18,0.0
2005-07-19,0.0
2005-07-20,0.0
2005-07-21,0.0
2005-07-22,0.0
2005-07-25,0.0
2005-07-26,0.0
2005-07-27,0.1544760074060192
2005-07-28,0.3897405874958402
2005-07-29,0.5199429702326879
2005-08-01,0.6731432676155209
2005-08-02,0.7862657253029308
2005-08-03,0.845736213041195
2005-08-04,0.8701956252996483
2005-08-05,0.8668739253252786
2005-08-08,0.8955680950446343
2005-08-09,0.937590959537171
2005-08-10,0.9646690459576934
2005-08-11,0.9759132833086985
2005-08-12,0.9853634523633985
2005-08-15,0.9905622198611479
2005-08-16,0.0
2005-08-17,0.0
2005-08-18,0.0
2005-08-19,0.0
2005-08-22,0.0
2005-08-23,0.0
2005-08-24,0.0
2005-08-25,0.0
2005-08-26,0.0
2005-08-29,0.0
2005-08-30,0.0
2005-08-31,7.105427357601002e-15
2005-09-01,-0.18233390819666218
2005-09-02,-0.39795859497166863
2005-09-06,-0.4476189274214064
2005-09-07,-0.487431085973302
2005-09-08,-0.5929623664561428
2005-09-09,-0.6049459336415364
2005-09-12,-0.49414666382880856
2005-09-13,-0.11594973809412545
2005-09-14,0.29322404122007173
2005-09-15,0.5473733177059954
2005-09-16,0.741385739652197
2005-09-19,0.8520689256646097
2005-09-20,0.9121482527808851
2005-09-21,0.9339028437321251
2005-09-22,0.9526245244584639
2005-09-23,0.9710445915685351
2005-09-26,0.9811813284563813
2005-09-27,0.9866415396600257
2005-09-28,0.9914659279652411
2005-09-29,0.0
2005-09-30,0.0
2005-10-03,0.0
2005-10-04,0.0
2005-10-05,0.0
2005-10-06,0.0
2005-10-07,0.0
2005-10-10,0.0
2005-10-11,0.0
2005-10-12,0.0
2005-10-13,0.0
2005-10-14,-5.551115123125783e-15
2005-10-17,-0.18863008238604495
2005-10-18,-0.40297322799819235
2005-10-19,-0.4515858126233281
2005-10-20,-0.4338030274117963
2005-10-21,-0.4205145338240972
2005-10-24,-0.22390939601007243
2005-10-25,-0.027152875007771637
2005-10-26,0.21609962444031017
2005-10-27,0.40902306969388436
2005-10-28,0.617338221010308
2005-10-31,0.8505798230894992
2005-11-01,0.9493370348703731
2005-11-02,0.988465761185142
2005-11-03,0.9977058107725969
2005-11-04,0.0
2005-11-07,0.0
2005-11-08,0.0
2005-11-09,0.0
2005-11-10,0.0
2005-11-11,0.0
2005-11-14,0.0
2005-11-15,0.0
2005-11-16,0.0
2005-11-17,0.0
2005-11-18,0.0
2005-11-21,0.0
2005-11-22,-0.14063741072441083
2005-11-23,-0.13180994035386462
2005-11-25,-0.11344656170418776
2005-11-28,-0.12626954493004838
2005-11-29,-0.1767396891851074
2005-11-30,-0.21924436684879178
2005-12-01,-0.1789888610934649
2005-12-02,-0.06003278282741631
2005-12-05,0.03681969839738364
2005-12-06,0.06045616118860808
2005-12-07,-0.03448456987062731
2005-12-08,-0.18548117673599673
2005-12-09,-0.33160998707136047
2005-12-12,-0.4870911325579257
2005-12-13,-0.5557468280038085
2005-12-14,-0.5161531060694982
2005-12-15,-0.5326788274734313
2005-12-16,-0.5967765790534483
2005-12-19,-0.740498468612266
2005-12-20,-0.7949874063812226
2005-12-21,-0.8675126736520375
2005-12-22,-0.8933205682040952
2005-12-23,-0.9182756870319042
2005-12-27,-0.9530868845597382
2005-12-28,-0.9669535018434072
2005-12-29,-0.9788483147625182
2005-12-30,-0.9892814368806992
2006-01-03,-0.9925620098255215
2006-01-04,0.0
2006-01-05,0.0
2006-01-06,0.0
2006-01-09,0.0
2006-01-10,0.0
2006-01-11,0.0
2006-01-12,0.0
2006-01-13,0.0
2006-01-17,0.0
2006-01-18,0.0
2006-01-19,0.0
2006-01-20,3.9968028886505635e-15
2006-01-23,-0.25048949558333766
2006-01-24,-0.4681594755942391
2006-01-25,-0.6621297794475918
2006-01-26,-0.6954372943511955
2006-01-27,-0.7814969545022199
2006-01-30,-0.8243146360424871
2006-01-31,-0.8844393856208574
2006-02-01,-0.928709987196441
2006-02-02,-0.9683029642203898
2006-02-03,-0.9840955872901487
2006-02-06,-0.9913839970722003
2006-02-07,0.0
2006-02-08,0.0
2006-02-09,0.0
2006-02-10,0.0
2006-02-13,0.0
2006-02-14,0.0
2006-02-15,0.0
2006-02-16,0.0
2006-02-17,0.0
2006-02-21,0.0
2006-02-22,0.0
2006-02-23,-3.9968028886505635e-15
2006-02-24,0.2971763182286935
2006-02-27,0.521872670086581
2006-02-28,0.6480169758565091
2006-03-01,0.7824049645586897
2006-03-02,0.8724588959398292
2006-03-03,0.9349926320227537
2006-03-06,0.9625605820115717
2006-03-07,0.9758298811226269
2006-03-08,0.9838233777546246
2006-03-09,0.9883065761426029
2006-03-10,0.9930030655551352
2006-03-13,0.0
2006-03-14,0.0
2006-03-15,0.0
2006-03-16,0.0
2006-03-17,0.0
2006-03-20,0.0
2006-03-21,0.0
2006-03-22,0.0
2006-03-23,0.0
2006-03-24,0.0
2006-03-27,0.0
2006-03-28,-1.3322676295501878e-15
2006-03-29,0.14267708717340044
2006-03-30,0.18868945754456545
2006-03-31,0.10715602620005371
2006-04-03,0.12406341288590061
2006-04-04,0.2728662265641011
2006-04-05,0.3371629397517073
2006-04-06,0.5183524803956707
2006-04-07,0.6930723704086037
2006-04-10,0.8345364176210031
2006-04-11,0.8761342087296708
2006-04-12,0.8705990335232934
2006-04-13,0.8887624444702618
2006-04-17,0.8783364027345077
2006-04-18,0.8900433700626953
2006-04-19,0.9218831653103059
2006-04-20,0.9410186835029968
2006-04-21,0.9622123401737299
2006-04-24,0.9679084725514053
2006-04-25,0.9686364039004762
2006-04-26,0.9763314420916169
2006-04-27,0.9900071382846278
2006-04-28,0.0
2006-05-01,0.0
2006-05-02,0.0
2006-05-03,0.0
2006-05-04,0.0
2006-05-05,0.0
2006-05-08,0.0
2006-05-09,0.0
2006-05-10,0.0
2006-05-11,0.0
2006-05-12,0.0
2006-05-15,4.884981308350689e-15
2006-05-16,-0.2632889373745593
2006-05-17,-0.5741756488265026
2006-05-18,-0.8527636308336257
2006-05-19,-0.9602370907087414
2006-05-22,-0.9975284002796247
2006-05-23,0.0
2006-05-24,0.0
2006-05-25,0.0
2006-05-26,0.0
2006-05-30,0.0
2006-05-31,0.0
2006-06-01,0.0
2006-06-02,0.0
2006-06-05,0.0
2006-06-06,0.0
2006-06-07,0.0
2006-06-08,-1.5543122344752192e-15
2006-06-09,-0.14487284717415982
2006-06-12,-0.577834188392933
2006-06-13,-0.9635853976847886
2006-06-14,-0.9991059753224609
2006-06-15,0.0
2006-06-16,0.0
2006-06-19,0.0
2006-06-20,0.0
2006-06-21,0.0
2006-06-22,0.0
2006-06-23,0.0
2006-06-26,0.0
2006-06-27,0.0
2006-06-28,0.0
2006-06-29,0.0
2006-06-30,3.774758283725532e-15
2006-07-03,0.515331978582696
2006-07-05,0.7043526726390124
2006-07-06,0.8209575791289221
2006-07-07,0.748226313252891
2006-07-10,0.6293505423885379
2006-07-11,0.5834314115510622
2006-07-12,0.3322856836617454
2006-07-13,-0.2066710921450834
2006-07-14,-0.6224676908326958
2006-07-17,-0.9175159174656256
2006-07-18,-0.986679514042075
2006-07-19,-0.9940682818830593
2006-07-20,0.0
2006-07-21,0.0
2006-07-24,0.0
2006-07-25,0.0
2006-07-26,0.0
2006-07-27,0.0
2006-07-28,0.0
2006-07-31,0.0
2006-08-01,0.0
2006-08-02,0.0
2006-08-03,0.0
2006-08-04,-4.884981308350689e-15
2006-08-07,0.2023233400436648
2006-08-08,0.2933566611576448
2006-08-09,0.39085945919215614
2006-08-10,0.5295431089332383
2006-08-11,0.6197138140693075
2006-08-14,0.7338732917020856
2006-08-15,0.8612071602819886
2006-08-16,0.9241908762036615
2006-08-17,0.9710591539974309
2006-08-18,0.9870486564155041
2006-08-21,0.993801093921358
2006-08-22,0.0
2006-08-23,0.0
2006-08-24,0.0
2006-08-25,0.0
2006-08-28,0.0
2006-08-29,0.0
2006-08-30,0.0
2006-08-31,0.0
2006-09-01,0.0
2006-09-05,0.0
2006-09-06,0.0
2006-09-07,2.4424906541753444e-15
2006-09-08,0.040506586128796984
2006-09-11,0.20275313677266782
2006-09-12,0.6182039790628979
2006-09-13,0.8933713527388802
2006-09-14,0.9844879698874551
2006-09-15,0.9998025072886034
2006-09-18,0.0
2006-09-19,0.0
2006-09-20,0.0
2006-09-21,0.0
2006-09-22,0.0
2006-09-25,0.0
2006-09-26,0.0
2006-09-27,0.0
2006-09-28,0.0
2006-09-29,0.0
2006-10-02,0.0
2006-10-03,2.220446049250313e-15
2006-10-04,0.5871221533940081
2006-10-05,0.8589026306340852
2006-10-06,0.9670523731075513
2006-10-09,0.9946172731227418
2006-10-10,0.0
2006-10-11,0.0
2006-10-12,0.0
2006-10-13,0.0
2006-10-16,0.0
2006-10-17,0.0
2006-10-18,0.0
2006-10-19,0.0
2006-10-20,0.0
2006-10-23,0.0
2006-10-24,0.0
2006-10-25,-7.549516567451064e-15
2006-10-26,0.20327997065222636
2006-10-27,0.4888960966618199
2006-10-30,0.771027447711353
2006-10-31,0.9256263237702367
2006-11-01,0.9629562911273559
2006-11-02,0.9880120928831755
2006-11-03,0.9964827642931002
2006-11-06,0.0
2006-11-07,0.0
2006-11-08,0.0
2006-11-09,0.0
2006-11-10,0.0
2006-11-13,0.0
2006-11-14,0.0
2006-11-15,0.0
2006-11-16,0.0
2006-11-17,0.0
2006-11-20,0.0
2006-11-21,-7.105427357601002e-15
2006-11-22,0.293117265374355
2006-11-24,0.4873498584364673
2006-11-27,0.38453838745908
2006-11-28,0.2665948200745041
2006-11-29,0.2816142291897479
2006-11-30,0.1638918877563964
2006-12-01,-0.10401999761112957
2006-12-04,-3.3866473245769413e-06
2006-12-05,0.22830538367688802
2006-12-06,0.5062036235836613
2006-12-07,0.6962602744396003
2006-12-08,0.832359628012959
2006-12-11,0.9051358170645429
2006-12-12,0.9512244344241543
2006-12-13,0.9732276192410285
2006-12-14,0.9879393433066772
2006-12-15,0.9954209468925261
2006-12-18,0.0
2006-12-19,0.0
2006-12-20,0.0
2006-12-21,0.0
2006-12-22,0.0
2006-12-26,0.0
2006-12-27,0.0
2006-12-28,0.0
2006-12-29,0.0
2007-01-03,0.0
2007-01-04,0.0
2007-01-05,7.993605777301127e-15
2007-01-08,0.18794283357860664
2007-01-09,0.5530466313819069
2007-01-10,0.8544171460616377
2007-01-11,0.9831307463823804
2007-01-12,0.9991356322481084
2007-01-16,0.0
2007-01-17,0.0
2007-01-18,0.0
2007-01-19,0.0
2007-01-22,0.0
2007-01-23,0.0
2007-01-24,0.0
2007-01-25,0.0
2007-01-26,0.0
2007-01-29,0.0
2007-01-30,0.0
2007-01-31,8.881784197001252e-16
2007-02-01,0.1151049503496413
2007-02-02,0.2517652688132981
2007-02-05,0.39479916705301976
2007-02-06,0.4576123352907311
2007-02-07,0.5728259208695041
2007-02-08,0.6633056143120615
2007-02-09,0.6092422837252567
2007-02-12,0.5744433894846686
2007-02-13,0.5400183066605935
2007-02-14,0.6180177016736657
2007-02-15,0.7233778621821267
2007-02-16,0.8040007441512902
2007-02-20,0.8665922125371293
2007-02-21,0.9191192591301702
2007-02-22,0.9547144884662448
2007-02-23,0.9622748803242407
2007-02-26,0.9581202111973488
2007-02-27,0.9328650984618378
2007-02-28,0.9054200647367836
2007-03-01,0.8538335057714141
2007-03-02,0.7671483957432337
2007-03-05,0.5968011300416283
2007-03-06,0.43276072636434515
2007-03-07,0.23680806638549212
2007-03-08,0.07376517792504389
2007-03-09,-0.03837347480290032
2007-03-12,-0.13369749201234704
2007-03-13,-0.3363936122152449
2007-03-14,-0.4655609213344778
2007-03-15,-0.5904832984311001
2007-03-16,-0.711273659941924
2007-03-19,-0.7603132363883196
2007-03-20,-0.8164530762789779
2007-03-21,-0.827674007790419
2007-03-22,-0.8457111438429643
2007-03-23,-0.8330975400281218
2007-03-26,-0.8365036871563085
2007-03-27,-0.853362621252236
2007-03-28,-0.8800898631181708
2007-03-29,-0.9048934046295789
2007-03-30,-0.9277848953454937
2007-04-02,-0.9374429658568328
2007-04-03,-0.9304769227323797
2007-04-04,-0.9214789439490858
2007-04-05,-0.9086972975237442
2007-04-09,-0.8915889835433215
2007-04-10,-0.8769136925706587
2007-04-11,-0.8754993451257111
2007-04-12,-0.8718916375818264
2007-04-13,-0.861912737589281
2007-04-16,-0.8180649963635727
2007-04-17,-0.8028417264970704
2007-04-18,-0.7672326938650413
2007-04-19,-0.7260758642536165
2007-04-20,-0.6694099304678192
2007-04-23,-0.5948248427123979
2007-04-24,-0.5598377594298887
2007-04-25,-0.4867533366401251
2007-04-26,-0.3652789098277307
2007-04-27,-0.2537994216746151
2007-04-30,-0.21640879164671123
2007-05-01,-0.1774574916345959
2007-05-02,-0.09716477814245206
2007-05-03,-0.007342741581916723
2007-05-04,0.09088743871518057
2007-05-07,0.1664763297082965
2007-05-08,0.23963103026266896
2007-05-09,0.327089803416563
2007-05-10,0.3375617389419072
2007-05-11,0.41471421474798764
2007-05-14,0.4865714553139888
2007-05-15,0.5753278087390419
2007-05-16,0.6726846564473665
2007-05-17,0.7463883374017413
2007-05-18,0.8752233603166282
2007-05-21,0.9490660879466446
2007-05-22,0.9805351841039696
2007-05-23,0.9939735120519064
2007-05-24,0.0
2007-05-25,0.0
2007-05-29,0.0
2007-05-30,0.0
2007-05-31,0.0
2007-06-01,0.0
2007-06-04,0.0
2007-06-05,0.0
2007-06-06,0.0
2007-06-07,0.0
2007-06-08,0.0
2007-06-11,8.881784197001252e-16
2007-06-12,-0.21292653809282935
2007-06-13,-0.29404761481705566
2007-06-14,-0.431204316570442
2007-06-15,-0.4234505590172031
2007-06-18,-0.4194584538911772
2007-06-19,-0.46972057518734744
2007-06-20,-0.6447541109064492
2007-06-21,-0.7211310373275164
2007-06-22,-0.8692274823894031
2007-06-25,-0.9493528619775939
2007-06-26,-0.9843247480358845
2007-06-27,-0.9946772116276399
2007-06-28,0.0
2007-06-29,0.0
2007-07-02,0.0
2007-07-03,0.0
2007-07-05,0.0
2007-07-06,0.0
2007-07-09,0.0
2007-07-10,0.0
2007-07-11,0.0
2007-07-12,0.0
2007-07-13,0.0
2007-07-16,0.0
2007-07-17,0.16366225797431344
2007-07-18,0.16924571843583935
2007-07-19,0.05970772386463907
2007-07-20,-0.16429587165961768
2007-07-23,-0.2906938659695033
2007-07-24,-0.542387533075348
2007-07-25,-0.7257481803653907
2007-07-26,-0.891191859634205
2007-07-27,-0.9500474752167445
2007-07-30,-0.9658975594673618
2007-07-31,-0.9768754107942639
2007-08-01,-0.991388589682455
2007-08-02,0.0
2007-08-03,0.0
2007-08-06,0.0
2007-08-07,0.0
2007-08-08,0.0
2007-08-09,0.0
2007-08-10,0.0
2007-08-13,0.0
2007-08-14,0.0
2007-08-15,0.0
2007-08-16,0.0
2007-08-17,8.881784197001252e-16
2007-08-20,0.19191888507694888
2007-08-21,0.3240951343795424
2007-08-22,0.6119222746320347
2007-08-23,0.757847938211325
2007-08-24,0.8874254125229126
2007-08-27,0.9528916500749238
2007-08-28,0.9562067039537279
2007-08-29,0.9731830204038445
2007-08-30,0.9822363458020884
2007-08-31,0.9921600419333316
2007-09-04,0.0
2007-09-05,0.0
2007-09-06,0.0
2007-09-07,0.0
2007-09-10,0.0
2007-09-11,0.0
2007-09-12,0.0
2007-09-13,0.0
2007-09-14,0.0
2007-09-17,0.0
2007-09-18,0.0
2007-09-19,4.440892098500626e-15
2007-09-20,0.3259029910657816
2007-09-21,0.5474978912784605
2007-09-24,0.6716351506492186
2007-09-25,0.8190209136250988
2007-09-26,0.9362107102440276
2007-09-27,0.9838472475884741
2007-09-28,0.9955515222581908
2007-10-01,0.0
2007-10-02,0.0
2007-10-03,0.0
2007-10-04,0.0
2007-10-05,0.0
2007-10-08,0.0
2007-10-09,0.0
2007-10-10,0.0
2007-10-11,0.0
2007-10-12,0.0
2007-10-15,0.0
2007-10-16,0.0
2007-10-17,-0.15734778109195902
2007-10-18,-0.26345089356873164
2007-10-19,-0.8486520528503012
2007-10-22,-0.9443121058954902
2007-10-23,-0.9607298566868145
2007-10-24,-0.9751146841846869
2007-10-25,-0.9676146167562851
2007-10-26,-0.947212977983372
2007-10-29,-0.772927104997291
2007-10-30,-0.591567145177273
2007-10-31,-0.18094383225122468
2007-11-01,-0.13988182946788652
2007-11-02,0.009737546768094463
2007-11-05,-0.14221231800596756
2007-11-06,0.1466061807724086
2007-11-07,-0.2406772764238263
2007-11-08,-0.34806024071118835
2007-11-09,-0.5121020997400723
2007-11-12,-0.367268581908216
2007-11-13,0.1324390775691746
2007-11-14,0.7806781264159897
2007-11-15,0.9726550913860064
2007-11-16,0.9966130257424388
2007-11-19,0.0
2007-11-20,0.0
2007-11-21,0.0
2007-11-23,0.0
2007-11-26,0.0
2007-11-27,0.0
2007-11-28,0.0
2007-11-29,0.0
2007-11-30,0.0
2007-12-03,0.0
2007-12-04,0.0
2007-12-05,0.0
2007-12-06,0.14024605005676283
2007-12-07,0.41699700115286387
2007-12-10,0.6640524154367038
2007-12-11,0.7022504404522942
2007-12-12,0.7681663242920733
2007-12-13,0.8310641248723143
2007-12-14,0.8842689534789749
2007-12-17,0.9157087239738004
2007-12-18,0.9125881030558745
2007-12-19,0.9384097199727104
2007-12-20,0.9501188839212689
2007-12-21,0.9791280552405588
2007-12-24,0.9942661280715215
2007-12-26,0.0
2007-12-27,0.0
2007-12-28,0.0
2007-12-31,0.0
2008-01-02,0.0
2008-01-03,0.0
2008-01-04,0.0
2008-01-07,0.0
2008-01-08,0.0
2008-01-09,0.0
2008-01-10,0.0
2008-01-11,1.9984014443252818e-15
2008-01-14,-0.2099314904864984
2008-01-15,-0.5132569721288953
2008-01-16,-0.6876589079155946
2008-01-17,-0.8688862449822343
2008-01-18,-0.9523260711630195
2008-01-22,-0.9877895081056989
2008-01-23,-0.9949014945214945
2008-01-24,0.0
2008-01-25,0.0
2008-01-28,0.0
2008-01-29,0.0
2008-01-30,0.0
2008-01-31,0.0
2008-02-01,0.0
2008-02-04,0.0
2008-02-05,0.0
2008-02-06,0.0
2008-02-07,0.0
2008-02-08,-5.551115123125783e-15
2008-02-11,-0.22420422711628607
2008-02-12,-0.48016668990441946
2008-02-13,-0.6166098198590375
2008-02-14,-0.7465686205277609
2008-02-15,-0.8215522179424171
2008-02-19,-0.9290573244655396
2008-02-20,-0.9721388734131329
2008-02-21,-0.9867206026934885
2008-02-22,-0.9932232238057983
2008-02-25,0.0
2008-02-26,0.0
2008-02-27,0.0
2008-02-28,0.0
2008-02-29,0.0
2008-03-03,0.0
2008-03-04,0.0
2008-03-05,0.0
2008-03-06,0.0
2008-03-07,0.0
2008-03-10,0.0
2008-03-11,-1.5543122344752192e-15
2008-03-12,0.05949605857239271
2008-03-13,0.2688497885264036
2008-03-14,0.2630445014575007
2008-03-17,-0.024380272596935537
2008-03-18,-0.1668304552616282
2008-03-19,-0.5158746008099389
2008-03-20,-0.567123762936415
2008-03-24,-0.5589760660163778
2008-03-25,-0.47437655953906566
2008-03-26,-0.5279049621248733
2008-03-27,-0.7286618761776427
2008-03-28,-0.8853094105566546
2008-03-31,-0.9302126870076446
2008-04-01,-0.918955084980394
2008-04-02,-0.9095097659969755
2008-04-03,-0.9018921641540036
2008-04-04,-0.9310721927211223
2008-04-07,-0.9400004134293836
2008-04-08,-0.947146594757694
2008-04-09,-0.9640392470064114
2008-04-10,-0.9780358474943478
2008-04-11,-0.9908800609328732
2008-04-14,0.0
2008-04-15,0.0
2008-04-16,0.0
2008-04-17,0.0
2008-04-18,0.0
2008-04-21,0.0
2008-04-22,0.0
2008-04-23,0.0
2008-04-24,0.0
2008-04-25,0.0
2008-04-28,0.0
2008-04-29,8.881784197001252e-16
2008-04-30,0.10009417437977364
2008-05-01,0.36240213153043044
2008-05-02,0.5828049462440779
2008-05-05,0.7407770868980048
2008-05-06,0.8536860453993638
2008-05-07,0.8943616063209783
2008-05-08,0.912904701969504
2008-05-09,0.9203448467382989
2008-05-12,0.9532227913445765
2008-05-13,0.9707532440030309
2008-05-14,0.9810299393697726
2008-05-15,0.9900708638364537
2008-05-16,0.0
2008-05-19,0.0
2008-05-20,0.0
2008-05-21,0.0
2008-05-22,0.0
2008-05-23,0.0
2008-05-27,0.0
2008-05-28,0.0
2008-05-29,0.0
2008-05-30,0.0
2008-06-02,0.0
2008-06-03,1.1324274851176597e-14
2008-06-04,-0.08036378151030865
2008-06-05,0.3534717332623194
2008-06-06,0.21916465158480292
2008-06-09,-0.02737179141242363
2008-06-10,-0.03850034266849023
2008-06-11,-0.44187471746419593
2008-06-12,-0.6511859913382643
2008-06-13,-0.47282052727776414
2008-06-16,-0.0870703374123214
2008-06-17,0.10940215017375432
2008-06-18,0.35404858604797385
2008-06-19,0.5672904744241971
2008-06-20,0.38558507373464757
2008-06-23,0.03649771539744262
2008-06-24,-0.25177504573917364
2008-06-25,-0.3257023490355033
2008-06-26,-0.6338159991328196
2008-06-27,-0.8654031279394414
2008-06-30,-0.9691124889073128
2008-07-01,-0.9915944860035366
2008-07-02,0.0
2008-07-03,0.0
2008-07-07,0.0
2008-07-08,0.0
2008-07-09,0.0
2008-07-10,0.0
2008-07-11,0.0
2008-07-14,0.0
2008-07-15,0.0
2008-07-16,0.0
2008-07-17,0.0
2008-07-18,-4.440892098500626e-16
2008-07-21,0.227878964730307
2008-07-22,0.5539562184901068
2008-07-23,0.7867045566204025
2008-07-24,0.8599778463821754
2008-07-25,0.9159905729725291
2008-07-28,0.9336884128117255
2008-07-29,0.9690493382792806
2008-07-30,0.9885789053034775
2008-07-31,0.9958906243199139
2008-08-01,0.0
2008-08-04,0.0
2008-08-05,0.0
2008-08-06,0.0
2008-08-07,0.0
2008-08-08,0.0
2008-08-11,0.0
2008-08-12,0.0
2008-08-13,0.0
2008-08-14,0.0
2008-08-15,0.0
2008-08-18,2.220446049250313e-15
2008-08-19,-0.004755929991951957
2008-08-20,0.08025104034701736
2008-08-21,0.2216993713177009
2008-08-22,0.5898575527814653
2008-08-25,0.7261762866085073
2008-08-26,0.8568692380752296
2008-08-27,0.9470920129039351
2008-08-28,0.9935163667788698
2008-08-29,0.0
2008-09-02,0.0
2008-09-03,0.0
2008-09-04,0.0
2008-09-05,0.0
2008-09-08,0.0
2008-09-09,0.0
2008-09-10,0.0
2008-09-11,0.0
2008-09-12,0.0
2008-09-15,0.0
2008-09-16,2.6645352591003757e-15
2008-09-17,-0.3769723531788456
2008-09-18,-0.4142077381418765
2008-09-19,-0.1008239228288732
2008-09-22,-0.551156896371001
2008-09-23,-0.7787760570342424
2008-09-24,-0.9129430003083481
2008-09-25,-0.9325167304550199
2008-09-26,-0.9137476004700886
2008-09-29,-0.982161784963201
2008-09-30,-0.9231776583957774
2008-10-01,-0.9019503268854827
2008-10-02,-0.9527524732742867
2008-10-03,-0.9825191751073303
2008-10-06,-0.9984941155637377
2008-10-07,0.0
2008-10-08,0.0
2008-10-09,0.0
2008-10-10,0.0
2008-10-13,0.0
2008-10-14,0.0
2008-10-15,0.0
2008-10-16,0.0
2008-10-17,0.0
2008-10-20,0.0
2008-10-21,0.0
2008-10-22,0.0
2008-10-23,-0.4276539345912327
2008-10-24,-0.7956726307195905
2008-10-27,-0.9611268279522884
2008-10-28,-0.9848765884386779
2008-10-29,-0.9951426393135654
2008-10-30,0.0
2008-10-31,0.0
2008-11-03,0.0
2008-11-04,0.0
2008-11-05,0.0
2008-11-06,0.0
2008-11-07,0.0
2008-11-10,0.0
2008-11-11,0.0
2008-11-12,0.0
2008-11-13,0.0
2008-11-14,-4.440892098500626e-16
2008-11-17,-0.38318960166397553
2008-11-18,-0.6469172383473554
2008-11-19,-0.8730987591799835
2008-11-20,-0.9640800610571092
2008-11-21,-0.9772887881315988
2008-11-24,-0.9715928010376687
2008-11-25,-0.9736527036350302
2008-11-26,-0.9697736397140686
2008-11-28,-0.962640848153054
2008-12-01,-0.9844194306126488
2008-12-02,-0.9918616213482454
2008-12-03,0.0
2008-12-04,0.0
2008-12-05,0.0
2008-12-08,0.0
2008-12-09,0.0
2008-12-10,0.0
2008-12-11,0.0
2008-12-12,0.0
2008-12-15,0.0
2008-12-16,0.0
2008-12-17,0.0
2008-12-18,-1.7763568394002505e-15
2008-12-19,-0.3927152723420759
2008-12-22,-0.691635111649427
2008-12-23,-0.8724307735386958
2008-12-24,-0.9441642573563327
2008-12-26,-0.9777165572275928
2008-12-29,-0.9927420909297375
2008-12-30,0.0
2008-12-31,0.0
2009-01-02,0.0
2009-01-05,0.0
2009-01-06,0.0
2009-01-07,0.0
2009-01-08,0.0
2009-01-09,0.0
2009-01-12,0.0
2009-01-13,0.0
2009-01-14,0.0
2009-01-15,-4.6629367034256575e-15
2009-01-16,-0.3487388206594564
2009-01-20,-0.8494350665385868
2009-01-21,-0.9492506520491684
2009-01-22,-0.9918925699812615
2009-01-23,0.0
2009-01-26,0.0
2009-01-27,0.0
2009-01-28,0.0
2009-01-29,0.0
2009-01-30,0.0
2009-02-02,0.0
2009-02-03,0.0
2009-02-04,0.0
2009-02-05,0.0
2009-02-06,0.0
2009-02-09,0.0
2009-02-10,-0.1508356774759254
2009-02-11,-0.31620017346128915
2009-02-12,-0.40858347823178853
2009-02-13,-0.5457481980761496
2009-02-17,-0.7078597653946952
2009-02-18,-0.8084575321722602
2009-02-19,-0.8778807363954764
2009-02-20,-0.915630722167089
2009-02-23,-0.9651070094813943
2009-02-24,-0.9722162715517619
2009-02-25,-0.9822063094573452
2009-02-26,-0.9888437031133805
2009-02-27,-0.9939601559158904
2009-03-02,0.0
2009-03-03,0.0
2009-03-04,0.0
2009-03-05,0.0
2009-03-06,0.0
2009-03-09,0.0
2009-03-10,0.0
2009-03-11,0.0
2009-03-12,0.0
2009-03-13,0.0
2009-03-16,0.0
2009-03-17,-2.6645352591003757e-15
2009-03-18,0.46169644942883714
2009-03-19,0.5858122207679781
2009-03-20,0.6936990579750177
2009-03-23,0.8957239370426038
2009-03-24,0.9545990239911613
2009-03-25,0.9869368925715567
2009-03-26,0.997960660983876
2009-03-27,0.0
2009-03-30,0.0
2009-03-31,0.0
2009-04-01,0.0
2009-04-02,0.0
2009-04-03,0.0
2009-04-06,0.0
2009-04-07,0.0
2009-04-08,0.0
2009-04-09,0.0
2009-04-13,0.0
2009-04-14,1.1102230246251565e-15
2009-04-15,0.5330068067789795
2009-04-16,0.7861176413900006
2009-04-17,0.9186478970835898
2009-04-20,0.9474940035922719
2009-04-21,0.9860859015455314
2009-04-22,0.9954114981639597
2009-04-23,0.0
2009-04-24,0.0
2009-04-27,0.0
2009-04-28,0.0
2009-04-29,0.0
2009-04-30,0.0
2009-05-01,0.0
2009-05-04,0.0
2009-05-05,0.0
2009-05-06,0.0
2009-05-07,0.0
2009-05-08,-3.3306690738754696e-15
2009-05-11,-0.15874116880894684
2009-05-12,-0.2919295997276794
2009-05-13,-0.6907175397612346
2009-05-14,-0.8909376219865996
2009-05-15,-0.9751141883975023
2009-05-18,-0.9782189689777316
2009-05-19,-0.986033153698213
2009-05-20,-0.9944750203499766
2009-05-21,0.0
2009-05-22,0.0
2009-05-26,0.0
2009-05-27,0.0
2009-05-28,0.0
2009-05-29,0.0
2009-06-01,0.0
2009-06-02,0.0
2009-06-03,0.0
2009-06-04,0.0
2009-06-05,0.0
2009-06-08,-3.1086244689504383e-15
2009-06-09,0.20447098648538065
2009-06-10,0.26841083975169155
2009-06-11,0.27957503329695066
2009-06-12,0.37968723968063856
2009-06-15,0.4076283540984491
2009-06-16,0.3473861641804916
2009-06-17,0.2858471256565609
2009-06-18,0.21795463073024846
2009-06-19,0.27078292656040936
2009-06-22,0.10622634836674827
2009-06-23,-0.027327129400746886
2009-06-24,-0.0876169388864072
2009-06-25,-0.07444329456873255
2009-06-26,-0.044965310532131486
2009-06-29,0.004728399693961549
2009-06-30,-0.03095732365798476
2009-07-01,-0.1354972433014634
2009-07-02,-0.32886727501455315
2009-07-06,-0.4541188163380594
2009-07-07,-0.643497545097871
2009-07-08,-0.7744192316876748
2009-07-09,-0.8611289894241034
2009-07-10,-0.9244614998291452
2009-07-13,-0.9339207746052931
2009-07-14,-0.9394850326036317
2009-07-15,-0.920407907063173
2009-07-16,-0.9183382327553391
2009-07-17,-0.938318572178928
2009-07-20,-0.9516106865994904
2009-07-21,-0.9649630409795364
2009-07-22,-0.9750011070651732
2009-07-23,-0.9798413171141238
2009-07-24,-0.9891793792319985
2009-07-27,-0.9925943125912302
2009-07-28,0.0
2009-07-29,0.0
2009-07-30,0.0
2009-07-31,0.0
2009-08-03,0.0
2009-08-04,0.0
2009-08-05,0.0
2009-08-06,0.0
2009-08-07,0.0
2009-08-10,0.0
2009-08-11,0.0
2009-08-12,2.6645352591003757e-15
2009-08-13,0.14828938664225966
2009-08-14,0.19097766843154962
2009-08-17,0.0065305776719448705
2009-08-18,-0.10422112101345693
2009-08-19,-0.1803824929184512
2009-08-20,-0.2800787831314877
2009-08-21,-0.28777912488284896
2009-08-24,-0.32448547576131404
2009-08-25,-0.31269013595749406
2009-08-26,-0.35086767580382716
2009-08-27,-0.38852379651160374
2009-08-28,-0.44307169865084317
2009-08-31,-0.43821267388982044
2009-09-01,-0.5146917170441456
2009-09-02,-0.5855485678183352
2009-09-03,-0.6013877422957545
2009-09-04,-0.5902418869920609
2009-09-08,-0.5269325220939312
2009-09-09,-0.4610318643245952
2009-09-10,-0.41188875805187886
2009-09-11,-0.42713357369391547
2009-09-14,-0.3773291016112372
2009-09-15,-0.4066005183708401
2009-09-16,-0.3804694879057253
2009-09-17,-0.4247071200303183
2009-09-18,-0.4837701380368433
2009-09-21,-0.483385562906669
2009-09-22,-0.4023844048111276
2009-09-23,-0.28903198414017117
2009-09-24,-0.20978252638986228
2009-09-25,-0.151523655378639
2009-09-28,0.003564725849960926
2009-09-29,0.1816131846303537
2009-09-30,0.33092837663105823
2009-10-01,0.38870198067974204
2009-10-02,0.466152057558064
2009-10-05,0.5065816429248744
2009-10-06,0.6245264744952879
2009-10-07,0.7183636654876331
2009-10-08,0.7852407263697523
2009-10-09,0.8596920113968265
2009-10-12,0.9043877183379951
2009-10-13,0.9289910151795164
2009-10-14,0.9537164053726586
2009-10-15,0.9568789916174056
2009-10-16,0.9573316605174926
2009-10-19,0.9628612840298965
2009-10-20,0.9659464912380096
2009-10-21,0.9636084343715667
2009-10-22,0.9623891287589259
2009-10-23,0.9586903820531227
2009-10-26,0.9516137175820041
2009-10-27,0.942877509427601
2009-10-28,0.9285079991515102
2009-10-29,0.9241282443668108
2009-10-30,0.9007602526018506
2009-11-02,0.8739791674470729
2009-11-03,0.836074621489117
2009-11-04,0.7740620508605711
2009-11-05,0.7212704636132741
2009-11-06,0.650223960459448
2009-11-09,0.627654386682952
2009-11-10,0.5938431338819687
2009-11-11,0.5975371149579822
2009-11-12,0.5954874916105921
2009-11-13,0.6111558154673447
2009-11-16,0.6584240143850311
2009-11-17,0.708553200259479
2009-11-18,0.7494940413216546
2009-11-19,0.7632625042711383
2009-11-20,0.7731427727546758
2009-11-23,0.780030038405426
2009-11-24,0.7841552575050925
2009-11-25,0.7936617619478326
2009-11-27,0.7769931509696701
2009-11-30,0.7901587306282911
2009-12-01,0.7891818842292793
2009-12-02,0.7964491503962399
2009-12-03,0.7872942553621383
2009-12-04,0.8097999039289594
2009-12-07,0.8193868456059792
2009-12-08,0.8260459226044368
2009-12-09,0.8472135087963897
2009-12-10,0.8582632159112311
2009-12-11,0.8702367882966735
2009-12-14,0.8592259764582748
2009-12-15,0.8324511035600257
2009-12-16,0.8323774825649157
2009-12-17,0.8239768391725337
2009-12-18,0.828349215025634
2009-12-21,0.8467830585890135
2009-12-22,0.8791963280361117
2009-12-23,0.9067272049615576
2009-12-24,0.9278244414774475
2009-12-28,0.9439190087705862
2009-12-29,0.9551315726862384
2009-12-30,0.966098495974107
2009-12-31,0.9728187889485513
2010-01-04,0.9841228235347272
2010-01-05,0.9908277265921406
2010-01-06,0.0
2010-01-07,0.0
2010-01-08,0.0
2010-01-11,0.0
2010-01-12,0.0
2010-01-13,0.0
2010-01-14,0.0
2010-01-15,0.0
2010-01-19,0.0
2010-01-20,0.0
2010-01-21,0.0
2010-01-22,1.7319479184152442e-14
2010-01-25,-0.25373165575802736
2010-01-26,-0.7797495279209898
2010-01-27,-0.9389874178830002
2010-01-28,-0.9975336068498049
2010-01-29,0.0
2010-02-01,0.0
2010-02-02,0.0
2010-02-03,0.0
2010-02-04,0.0
2010-02-05,0.0
2010-02-08,0.0
2010-02-09,0.0
2010-02-10,0.0
2010-02-11,0.0
2010-02-12,0.0
2010-02-16,1.7763568394002505e-15
2010-02-17,-0.0979552422693688
2010-02-18,-0.13906105853718898
2010-02-19,0.4269961861820235
2010-02-22,0.7845652316386822
2010-02-23,0.8975055683211066
2010-02-24,0.9567676761912502
2010-02-25,0.9762552966577278
2010-02-26,0.9885057644292967
2010-03-01,0.9938284284795127
2010-03-02,0.0
2010-03-03,0.0
2010-03-04,0.0
2010-03-05,0.0
2010-03-08,0.0
2010-03-09,0.0
2010-03-10,0.0
2010-03-11,0.0
2010-03-12,0.0
2010-03-15,0.0
2010-03-16,0.0
2010-03-17,0.0
2010-03-18,0.09603174243764712
2010-03-19,0.06307110884594969
2010-03-22,0.009855161263484957
2010-03-23,-0.05084311151641541
2010-03-24,-0.14419825077251125
2010-03-25,-0.09485298144877263
2010-03-26,-0.027914581342903144
2010-03-29,0.021139311318524312
2010-03-30,0.07721826152047884
2010-03-31,0.10278479591270462
2010-04-01,0.09564624160572843
2010-04-05,0.20254226646716544
2010-04-06,0.44106121158104794
2010-04-07,0.6401489816346024
2010-04-08,0.7522461407076868
2010-04-09,0.8513892360099711
2010-04-12,0.9406800656184686
2010-04-13,0.9808549541590381
2010-04-14,0.9921302711997293
2010-04-15,0.0
2010-04-16,0.0
2010-04-19,0.0
2010-04-20,0.0
2010-04-21,0.0
2010-04-22,0.0
2010-04-23,0.0
2010-04-26,0.0
2010-04-27,0.0
2010-04-28,0.0
2010-04-29,0.0
2010-04-30,8.43769498715119e-15
2010-05-03,0.1951972660670136
2010-05-04,-0.08588104806920516
2010-05-05,-0.3639860834814519
2010-05-06,-0.8108762594799082
2010-05-07,-0.996516315088017
2010-05-10,0.0
2010-05-11,0.0
2010-05-12,0.0
2010-05-13,0.0
2010-05-14,0.0
2010-05-17,0.0
2010-05-18,0.0
2010-05-19,0.0
2010-05-20,0.0
2010-05-21,0.0
2010-05-24,0.0
2010-05-25,0.0
2010-05-26,-0.30088747784461956
2010-05-27,-0.3852633240499739
2010-05-28,-0.5691494818388052
2010-06-01,-0.7729454712152828
2010-06-02,-0.8420616555975773
2010-06-03,-0.8690824220890381
2010-06-04,-0.9197416849552686
2010-06-07,-0.9672908987021469
2010-06-08,-0.9859197358838352
2010-06-09,-0.9956853732608368
2010-06-10,0.0
2010-06-11,0.0
2010-06-14,0.0
2010-06-15,0.0
2010-06-16,0.0
2010-06-17,0.0
2010-06-18,0.0
2010-06-21,0.0
2010-06-22,0.0
2010-06-23,0.0
2010-06-24,0.0
2010-06-25,-2.6645352591003757e-15
2010-06-28,-0.1905888435140093
2010-06-29,-0.6066336281377385
2010-06-30,-0.8457392130032659
2010-07-01,-0.9614993912219072
2010-07-02,-0.9925753617548996
2010-07-06,0.0
2010-07-07,0.0
2010-07-08,0.0
2010-07-09,0.0
2010-07-12,0.0
2010-07-13,0.0
2010-07-14,0.0
2010-07-15,0.0
2010-07-16,0.0
2010-07-19,0.0
2010-07-20,0.0
2010-07-21,0.0
2010-07-22,0.3082942818589347
2010-07-23,0.5957317760769061
2010-07-26,0.811993620620536
2010-07-27,0.912821593584489
2010-07-28,0.9464135533573903
2010-07-29,0.969500024335231
2010-07-30,0.9746569945738166
2010-08-02,0.9848654702103161
2010-08-03,0.9894490090420984
2010-08-04,0.9969150844059054
2010-08-05,0.0
2010-08-06,0.0
2010-08-09,0.0
2010-08-10,0.0
2010-08-11,0.0
2010-08-12,0.0
2010-08-13,0.0
2010-08-16,0.0
2010-08-17,0.0
2010-08-18,0.0
2010-08-19,0.0
2010-08-20,-1.1102230246251565e-15
2010-08-23,-0.2549663180932078
2010-08-24,-0.5866885989790278
2010-08-25,-0.8445513933258257
2010-08-26,-0.9691894683913191
2010-08-27,-0.9952120522725598
2010-08-30,0.0
2010-08-31,0.0
2010-09-01,0.0
2010-09-02,0.0
2010-09-03,0.0
2010-09-07,0.0
2010-09-08,0.0
2010-09-09,0.0
2010-09-10,0.0
2010-09-13,0.0
2010-09-14,0.0
2010-09-15,3.774758283725532e-15
2010-09-16,0.04533488836357402
2010-09-17,0.11876975688965441
2010-09-20,0.308002509031422
2010-09-21,0.444879029848364
2010-09-22,0.4502246341332956
2010-09-23,0.39165287332938115
2010-09-24,0.5265012628394565
2010-09-27,0.6259619781275987
2010-09-28,0.7675936665377889
2010-09-29,0.8257745451459009
2010-09-30,0.8639821237727552
2010-10-01,0.9171777887007415
2010-10-04,0.9444330617102854
2010-10-05,0.9757824834589803
2010-10-06,0.988539067158815
2010-10-07,0.9939835807913857
2010-10-08,0.0
2010-10-11,0.0
2010-10-12,0.0
2010-10-13,0.0
2010-10-14,0.0
2010-10-15,0.0
2010-10-18,0.0
2010-10-19,0.0
2010-10-20,0.0
2010-10-21,0.0
2010-10-22,0.0
2010-10-25,4.6629367034256575e-15
2010-10-26,0.26152991232908995
2010-10-27,0.651046162377293
2010-10-28,0.8531331759475809
2010-10-29,0.9445859026543817
2010-11-01,0.9819931249452709
2010-11-02,0.9943874339927457
2010-11-03,0.0
2010-11-04,0.0
2010-11-05,0.0
2010-11-08,0.0
2010-11-09,0.0
2010-11-10,0.0
2010-11-11,0.0
2010-11-12,0.0
2010-11-15,0.0
2010-11-16,0.0
2010-11-17,0.0
2010-11-18,7.549516567451064e-15
2010-11-19,-0.20159869045073942
2010-11-22,-0.43943604165520034
2010-11-23,-0.6537753875660068
2010-11-24,-0.7065896224699024
2010-11-26,-0.7940823963381942
2010-11-29,-0.8617332271399372
2010-11-30,-0.9087874004220424
2010-12-01,-0.8489319053926672
2010-12-02,-0.6225612297912284
2010-12-03,-0.2925149358255872
2010-12-06,0.12737572345550996
2010-12-07,0.5226378185778018
2010-12-08,0.8831965703695639
2010-12-09,0.9832923249171208
2010-12-10,0.9982795955152881
2010-12-13,0.0
2010-12-14,0.0
2010-12-15,0.0
2010-12-16,0.0
2010-12-17,0.0
2010-12-20,0.0
2010-12-21,0.0
2010-12-22,0.0
2010-12-23,0.0
2010-12-27,0.0
2010-12-28,0.0
2010-12-29,-1.9984014443252818e-15
2010-12-30,0.12757416966926027
2010-12-31,0.20958958954636842
2011-01-03,0.5620067133713613
2011-01-04,0.6665695590628631
2011-01-05,0.9545653191560546
2011-01-06,0.9959032714903371
2011-01-07,0.0
2011-01-10,0.0
2011-01-11,0.0
2011-01-12,0.0
2011-01-13,0.0
2011-01-14,0.0
2011-01-18,0.0
2011-01-19,0.0
2011-01-20,0.0
2011-01-21,0.0
2011-01-24,0.0
2011-01-25,-1.5543122344752192e-15
2011-01-26,-0.1595597246471041
2011-01-27,-0.24085948321151052
2011-01-28,-0.5036478080891766
2011-01-31,-0.5948763092662628
2011-02-01,-0.47555401929235663
2011-02-02,-0.3897294948792769
2011-02-03,-0.5776646757701869
2011-02-04,-0.62647515207392
2011-02-07,-0.5084744813336255
2011-02-08,-0.14085784968879533
2011-02-09,0.12997446008966862
2011-02-10,0.5175268735816065
2011-02-11,0.8121958307110364
2011-02-14,0.9363101642992244
2011-02-15,0.9876276241924784
2011-02-16,0.9981184864996444
2011-02-17,0.0
2011-02-18,0.0
2011-02-22,0.0
2011-02-23,0.0
2011-02-24,0.0
2011-02-25,0.0
2011-02-28,0.0
2011-03-01,0.0
2011-03-02,0.0
2011-03-03,0.0
2011-03-04,0.0
2011-03-07,-3.3306690738754696e-15
2011-03-08,0.17356190740160704
2011-03-09,0.18484563116830643
2011-03-10,-0.09334473183148617
2011-03-11,-0.2121677308560006
2011-03-14,-0.4293337139973803
2011-03-15,-0.8273927690881477
2011-03-16,-0.9919781931623486
2011-03-17,0.0
2011-03-18,0.0
2011-03-21,0.0
2011-03-22,0.0
2011-03-23,0.0
2011-03-24,0.0
2011-03-25,0.0
2011-03-28,0.0
2011-03-29,0.0
2011-03-30,0.0
2011-03-31,0.0
2011-04-01,-8.43769498715119e-15
2011-04-04,0.3954919602378517
2011-04-05,0.7540667828353991
2011-04-06,0.9286464408556052
2011-04-07,0.9719057159039559
2011-04-08,0.9864468894680947
2011-04-11,0.9936336554262863
2011-04-12,0.0
2011-04-13,0.0
2011-04-14,0.0
2011-04-15,0.0
2011-04-18,0.0
2011-04-19,0.0
2011-04-20,0.0
2011-04-21,0.0
2011-04-25,0.0
2011-04-26,0.0
2011-04-27,0.0
2011-04-28,0.0
2011-04-29,-0.07029073744978342
2011-05-02,-0.2197147189798292
2011-05-03,-0.4580977973898994
2011-05-04,-0.6890178644409808
2011-05-05,-0.8521015754241352
2011-05-06,-0.9004238062272572
2011-05-09,-0.9496130418127537
2011-05-10,-0.9429163483345482
2011-05-11,-0.9552099744677713
2011-05-12,-0.9750128005682348
2011-05-13,-0.9936828332154679
2011-05-16,0.0
2011-05-17,0.0
2011-05-18,0.0
2011-05-19,0.0
2011-05-20,0.0
2011-05-23,0.0
2011-05-24,0.0
2011-05-25,0.0
2011-05-26,0.0
2011-05-27,0.0
2011-05-31,0.0
2011-06-01,6.217248937900877e-15
2011-06-02,-0.3586896644386921
2011-06-03,-0.7829951504696582
2011-06-06,-0.9829366883770443
2011-06-07,-0.9997804193408706
2011-06-08,0.0
2011-06-09,0.0
2011-06-10,0.0
2011-06-13,0.0
2011-06-14,0.0
2011-06-15,0.0
2011-06-16,0.0
2011-06-17,0.0
2011-06-20,0.0
2011-06-21,0.0
2011-06-22,0.0
2011-06-23,8.659739592076221e-15
2011-06-24,-0.37938613866817383
2011-06-27,-0.6354027514155893
2011-06-28,-0.6979458589881533
2011-06-29,-0.43485387631182104
2011-06-30,-0.025673749412847613
2011-07-01,0.6075703617141883
2011-07-05,0.8119206706167335
2011-07-06,0.6303277716277407
2011-07-07,0.6443827681553109
2011-07-08,0.23247035355118117
2011-07-11,-0.41801622117337245
2011-07-12,-0.8225919151560119
2011-07-13,-0.9624423802659112
2011-07-14,-0.9977892216612261
2011-07-15,0.0
2011-07-18,0.0
2011-07-19,0.0
2011-07-20,0.0
2011-07-21,0.0
2011-07-22,0.0
2011-07-25,0.0
2011-07-26,0.0
2011-07-27,0.0
2011-07-28,0.0
2011-07-29,0.0
2011-08-01,1.9984014443252818e-15
2011-08-02,-0.5302994407005763
2011-08-03,-0.6169287413105278
2011-08-04,-0.9452229774774834
2011-08-05,-0.9994484702041564
2011-08-08,0.0
2011-08-09,0.0
2011-08-10,0.0
2011-08-11,0.0
2011-08-12,0.0
2011-08-15,0.0
2011-08-16,0.0
2011-08-17,0.0
2011-08-18,0.0
2011-08-19,0.0
2011-08-22,0.0
2011-08-23,0.0
2011-08-24,0.033920831642882066
2011-08-25,-0.12136802043986417
2011-08-26,-0.1513792281271411
2011-08-29,0.036889170160348206
2011-08-30,0.14750455514784377
2011-08-31,0.24552114127148172
2011-09-01,0.22099576268223808
2011-09-02,0.008704740683774803
2011-09-06,-0.2689763351279679
2011-09-07,-0.3434683370685778
2011-09-08,-0.48048222717185984
2011-09-09,-0.6769825567343037
2011-09-12,-0.7840811491482071
2011-09-13,-0.8415026493795263
2011-09-14,-0.8572293116679195
2011-09-15,-0.8304782845175533
2011-09-16,-0.7886267018241089
2011-09-19,-0.8032008798303263
2011-09-20,-0.8241798802918283
2011-09-21,-0.9002409325439957
2011-09-22,-0.9561425100744496
2011-09-23,-0.9752805489240812
2011-09-26,-0.98299578410708
2011-09-27,-0.9887454123032335
2011-09-28,-0.9943461492877008
2011-09-29,0.0
2011-09-30,0.0
2011-10-03,0.0
2011-10-04,0.0
2011-10-05,0.0
2011-10-06,0.0
2011-10-07,0.0
2011-10-10,0.0
2011-10-11,0.0
2011-10-12,0.0
2011-10-13,0.0
2011-10-14,-1.7763568394002505e-15
2011-10-17,0.005031029171161938
2011-10-18,0.10033522884500456
2011-10-19,0.10507960415202855
2011-10-20,0.1264493253878627
2011-10-21,0.22990860911806243
2011-10-24,0.4666976279018915
2011-10-25,0.5219064109007716
2011-10-26,0.5693066966489009
2011-10-27,0.8134887738656904
2011-10-28,0.8968798763985193
2011-10-31,0.9145157977104397
2011-11-01,0.8951994187772823
2011-11-02,0.9133156395701083
2011-11-03,0.9550779282277033
2011-11-04,0.9727940048104315
2011-11-07,0.9846665141262563
2011-11-08,0.9931373394221916
2011-11-09,0.0
2011-11-10,0.0
2011-11-11,0.0
2011-11-14,0.0
2011-11-15,0.0
2011-11-16,0.0
2011-11-17,0.0
2011-11-18,0.0
2011-11-21,0.0
2011-11-22,0.0
2011-11-23,0.0
2011-11-25,0.0
2011-11-28,-0.07867276631750775
2011-11-29,-0.22982808184669756
2011-11-30,-0.07325621718752506
2011-12-01,0.06600051652306571
2011-12-02,0.11339795286052623
2011-12-05,0.32384169429366283
2011-12-06,0.49997553994096755
2011-12-07,0.6377388566777844
2011-12-08,0.6572490477319772
2011-12-09,0.7232279730717126
2011-12-12,0.7434114348585132
2011-12-13,0.7354391504007047
2011-12-14,0.6385486180661217
2011-12-15,0.5068908108924188
2011-12-16,0.354909272415064
2011-12-19,0.17586913915548985
2011-12-20,0.12827797831267795
2011-12-21,0.04822841119795074
2011-12-22,0.029664687319232552
2011-12-23,0.03503460761312405
2011-12-27,0.03564867717026199
2011-12-28,-0.029453116114310562
2011-12-29,-0.07694129582396703
2011-12-30,-0.1315449882177686
2012-01-03,-0.0878061989759451
2012-01-04,-0.04071027896878743
2012-01-05,0.04547505412307329
2012-01-06,0.15366239598974407
2012-01-09,0.2720905954205246
2012-01-10,0.41556402166162854
2012-01-11,0.5641418042337152
2012-01-12,0.686908540599545
2012-01-13,0.752620103083893
2012-01-17,0.8061123175480245
2012-01-18,0.8406531799072066
2012-01-19,0.8944340626452243
2012-01-20,0.9436421578843406
2012-01-23,0.9686490556825809
2012-01-24,0.9814866626450718
2012-01-25,0.9867130187647295
2012-01-26,0.986643758606562
2012-01-27,0.9870828739485777
2012-01-30,0.9872708290809937
2012-01-31,0.9875383339505712
2012-02-01,0.9896356940897604
2012-02-02,0.992478147706531
2012-02-03,0.0
2012-02-06,0.0
2012-02-07,0.0
2012-02-08,0.0
2012-02-09,0.0
2012-02-10,0.0
2012-02-13,0.0
2012-02-14,0.0
2012-02-15,0.0
2012-02-16,0.0
2012-02-17,0.0
2012-02-21,8.215650382226158e-15
2012-02-22,0.23632319565897553
2012-02-23,0.7156880254295963
2012-02-24,0.9662649959278558
2012-02-27,0.9978471673192457
2012-02-28,0.0
2012-02-29,0.0
2012-03-01,0.0
2012-03-02,0.0
2012-03-05,0.0
2012-03-06,0.0
2012-03-07,0.0
2012-03-08,0.0
2012-03-09,0.0
2012-03-12,0.0
2012-03-13,0.0
2012-03-14,-9.103828801926284e-15
2012-03-15,0.7393131012280536
2012-03-16,0.9710588071415311
2012-03-19,0.998450932079646
2012-03-20,0.0
2012-03-21,0.0
2012-03-22,0.0
2012-03-23,0.0
2012-03-26,0.0
2012-03-27,0.0
2012-03-28,0.0
2012-03-29,0.0
2012-03-30,0.0
2012-04-02,0.0
2012-04-03,0.0
2012-04-04,5.10702591327572e-15
2012-04-05,-0.3157234698886995
2012-04-09,-0.6345264943138345
2012-04-10,-0.8898511804042113
2012-04-11,-0.9692493991535436
2012-04-12,-0.9860229912008447
2012-04-13,-0.997053859718203
2012-04-16,0.0
2012-04-17,0.0
2012-04-18,0.0
2012-04-19,0.0
2012-04-20,0.0
2012-04-23,0.0
2012-04-24,0.0
2012-04-25,0.0
2012-04-26,0.0
2012-04-27,0.0
2012-04-30,0.0
2012-05-01,1.509903313490213e-14
2012-05-02,-0.36359650634231433
2012-05-03,-0.6521777978929539
2012-05-04,-0.8907900735571921
2012-05-07,-0.9746857312797748
2012-05-08,-0.9977043119572422
2012-05-09,0.0
2012-05-10,0.0
2012-05-11,0.0
2012-05-14,0.0
2012-05-15,0.0
2012-05-16,0.0
2012-05-17,0.0
2012-05-18,0.0
2012-05-21,0.0
2012-05-22,0.0
2012-05-23,0.0
2012-05-24,-3.9968028886505635e-15
2012-05-25,0.018148675042365614
2012-05-29,0.2074655434679673
2012-05-30,-0.01689282542074011
2012-05-31,-0.27256690068967426
2012-06-01,-0.6896133337478698
2012-06-04,-0.9430907566573998
2012-06-05,-0.985922928810832
2012-06-06,-0.9935348231269403
2012-06-07,0.0
2012-06-08,0.0
2012-06-11,0.0
2012-06-12,0.0
2012-06-13,0.0
2012-06-14,0.0
2012-06-15,0.0
2012-06-18,0.0
2012-06-19,0.0
2012-06-20,0.0
2012-06-21,0.0
2012-06-22,-8.881784197001252e-15
2012-06-25,-0.32016135029238346
2012-06-26,-0.46710928095177007
2012-06-27,-0.44852347436527085
2012-06-28,-0.31767311274754095
2012-06-29,0.158091554719473
2012-07-02,0.5608025288752687
2012-07-03,0.8451127265625713
2012-07-05,0.9317762596722392
2012-07-06,0.9572166611128026
2012-07-09,0.9627318235591593
2012-07-10,0.9598485325381179
2012-07-11,0.970273937540375
2012-07-12,0.966494839681515
2012-07-13,0.9812768641430829
2012-07-16,0.9892497445497725
2012-07-17,0.9976259721917666
2012-07-18,0.0
2012-07-19,0.0
2012-07-20,0.0
2012-07-23,0.0
2012-07-24,0.0
2012-07-25,0.0
2012-07-26,0.0
2012-07-27,0.0
2012-07-30,0.0
2012-07-31,0.0
2012-08-01,0.0
2012-08-02,-4.884981308350689e-15
2012-08-03,0.17479806657372876
2012-08-06,0.3805196043378154
2012-08-07,0.6960668147857283
2012-08-08,0.846210440462192
2012-08-09,0.9271258072073412
2012-08-10,0.9585831680878514
2012-08-13,0.9778965628673293
2012-08-14,0.9872014292684408
2012-08-15,0.9953051337649892
2012-08-16,0.0
2012-08-17,0.0
2012-08-20,0.0
2012-08-21,0.0
2012-08-22,0.0
2012-08-23,0.0
2012-08-24,0.0
2012-08-27,0.0
2012-08-28,0.0
2012-08-29,0.0
2012-08-30,0.0
2012-08-31,1.6431300764452317e-14
2012-09-04,0.14735159196712133
2012-09-05,0.29320810480505455
2012-09-06,0.899850473701868
2012-09-07,0.9968340469835244
2012-09-10,0.0
2012-09-11,0.0
2012-09-12,0.0
2012-09-13,0.0
2012-09-14,0.0
2012-09-17,0.0
2012-09-18,0.0
2012-09-19,0.0
2012-09-20,0.0
2012-09-21,0.0
2012-09-24,0.0
2012-09-25,-3.3306690738754696e-15
2012-09-26,-0.4393144313968247
2012-09-27,-0.7430605757816338
2012-09-28,-0.9113196438065743
2012-10-01,-0.9710620087791066
2012-10-02,-0.991408660718484
2012-10-03,0.0
2012-10-04,0.0
2012-10-05,0.0
2012-10-08,0.0
2012-10-09,0.0
2012-10-10,0.0
2012-10-11,0.0
2012-10-12,0.0
2012-10-15,0.0
2012-10-16,0.0
2012-10-17,0.0
2012-10-18,-1.0880185641326534e-14
2012-10-19,0.13417808714305446
2012-10-22,0.27782042580285093
2012-10-23,0.314142598137072
2012-10-24,0.4135205354527971
2012-10-25,0.60319577804463
2012-10-26,0.7282038572690346
2012-10-31,0.8478187577475829
2012-11-01,0.927938645894065
2012-11-02,0.9742645810220842
2012-11-05,0.9942563691490913
2012-11-06,0.0
2012-11-07,0.0
2012-11-08,0.0
2012-11-09,0.0
2012-11-12,0.0
2012-11-13,0.0
2012-11-14,0.0
2012-11-15,0.0
2012-11-16,0.0
2012-11-19,0.0
2012-11-20,0.0
2012-11-21,6.8833827526759706e-15
2012-11-23,0.1472521277874903
2012-11-26,0.23290634463922877
2012-11-27,0.24366035198372504
2012-11-28,0.3130402419729117
2012-11-29,0.35127066331407875
2012-11-30,0.39151492913817276
2012-12-03,0.3784281335278654
2012-12-04,0.31488697121280373
2012-12-05,0.2761556272229144
2012-12-06,0.29869307704292236
2012-12-07,0.47046118069652687
2012-12-10,0.5959096259130332
2012-12-11,0.7716547126645348
2012-12-12,0.8814460377834712
2012-12-13,0.9486501631525024
2012-12-14,0.978299898473006
2012-12-17,0.993511425510754
2012-12-18,0.0
2012-12-19,0.0
2012-12-20,0.0
2012-12-21,0.0
2012-12-24,0.0
2012-12-26,0.0
2012-12-27,0.0
2012-12-28,0.0
2012-12-31,0.0
2013-01-02,0.0
2013-01-03,0.0
2013-01-04,3.3306690738754696e-15
2013-01-07,0.3697496814133965
2013-01-08,0.629954110399344
2013-01-09,0.7810583784808998
2013-01-10,0.9029644742218623
2013-01-11,0.9641891763707915
2013-01-14,0.9856753729114307
2013-01-15,0.9947720165076348
2013-01-16,0.0
2013-01-17,0.0
2013-01-18,0.0
2013-01-22,0.0
2013-01-23,0.0
2013-01-24,0.0
2013-01-25,0.0
2013-01-28,0.0
2013-01-29,0.0
2013-01-30,0.0
2013-01-31,0.0
2013-02-01,8.881784197001252e-16
2013-02-04,0.17852286805597695
2013-02-05,0.42550416965599136
2013-02-06,0.667524712434248
2013-02-07,0.8658124962944822
2013-02-08,0.9423374614436189
2013-02-11,0.9727888323034373
2013-02-12,0.9894752104786662
2013-02-13,0.9964547534467054
2013-02-14,0.0
2013-02-15,0.0
2013-02-19,0.0
2013-02-20,0.0
2013-02-21,0.0
2013-02-22,0.0
2013-02-25,0.0
2013-02-26,0.0
2013-02-27,0.0
2013-02-28,0.0
2013-03-01,0.0
2013-03-04,-1.5543122344752192e-15
2013-03-05,0.2824928158856084
2013-03-06,0.6957194769656327
2013-03-07,0.9351542686238101
2013-03-08,0.9926639011113345
2013-03-11,0.0
2013-03-12,0.0
2013-03-13,0.0
2013-03-14,0.0
2013-03-15,0.0
2013-03-18,0.0
2013-03-19,0.0
2013-03-20,0.0
2013-03-21,0.0
2013-03-22,0.0
2013-03-25,0.0
2013-03-26,-7.327471962526033e-15
2013-03-27,-0.2334767000041056
2013-03-28,-0.2452149945805111
2013-04-01,-0.5387242312547569
2013-04-02,-0.7790947478335688
2013-04-03,-0.9826055777612146
2013-04-04,-0.9995426868751354
2013-04-05,0.0
2013-04-08,0.0
2013-04-09,0.0
2013-04-10,0.0
2013-04-11,0.0
2013-04-12,0.0
2013-04-15,0.0
2013-04-16,0.0
2013-04-17,0.0
2013-04-18,0.0
2013-04-19,0.0
2013-04-22,-1.1102230246251565e-15
2013-04-23,-0.12143975830942955
2013-04-24,-0.20667587857728265
2013-04-25,-0.23196811304242693
2013-04-26,-0.2648213547688225
2013-04-29,-0.20161508693142594
2013-04-30,-0.13194351973956775
2013-05-01,-0.38290435196351646
2013-05-02,-0.5110740705410981
2013-05-03,-0.25771307385998243
2013-05-06,0.04683667568518857
2013-05-07,0.29111125550274597
2013-05-08,0.5001602319729841
2013-05-09,0.6958262248162728
2013-05-10,0.899883355183678
2013-05-13,0.9765809645939272
2013-05-14,0.9983302711457644
2013-05-15,0.0
2013-05-16,0.0
2013-05-17,0.0
2013-05-20,0.0
2013-05-21,0.0
2013-05-22,0.0
2013-05-23,0.0
2013-05-24,0.0
2013-05-28,0.0
2013-05-29,0.0
2013-05-30,0.0
2013-05-31,0.0
2013-06-03,0.15525946352487296
2013-06-04,0.2473966130720766
2013-06-05,0.06705892248830536
2013-06-06,0.10340871323605816
2013-06-07,0.4147628522994644
2013-06-10,0.6793290078561305
2013-06-11,0.7498349075516955
2013-06-12,0.7820039121849378
2013-06-13,0.8762287790386394
2013-06-14,0.9049178266237095
2013-06-17,0.9634142141544841
2013-06-18,0.9906533781667763
2013-06-19,0.0
2013-06-20,0.0
2013-06-21,0.0
2013-06-24,0.0
2013-06-25,0.0
2013-06-26,0.0
2013-06-27,0.0
2013-06-28,0.0
2013-07-01,0.0
2013-07-02,0.0
2013-07-03,0.0
2013-07-05,0.0
2013-07-08,0.5175918426309525
2013-07-09,0.8260593131941643
2013-07-10,0.9320313187809663
2013-07-11,0.9548996919985688
2013-07-12,0.9780303007323152
2013-07-15,0.9899456949824981
2013-07-16,0.9870324794184282
2013-07-17,0.982545176719688
2013-07-18,0.9883074566888403
2013-07-19,0.9942841372796194
2013-07-22,0.0
2013-07-23,0.0
2013-07-24,0.0
2013-07-25,0.0
2013-07-26,0.0
2013-07-29,0.0
2013-07-30,0.0
2013-07-31,0.0
2013-08-01,0.0
2013-08-02,0.0
2013-08-05,0.0
2013-08-06,-1.8207657603852567e-14
2013-08-07,0.2419254098439012
2013-08-08,0.2801431110482844
2013-08-09,0.3008683566221748
2013-08-12,-0.07451170407930152
2013-08-13,-0.049768844300286164
2013-08-14,-0.22467206776378945
2013-08-15,-0.6935598234686497
2013-08-16,-0.8872904598184461
2013-08-19,-0.9754316929892131
2013-08-20,-0.9920071669651056
2013-08-21,0.0
2013-08-22,0.0
2013-08-23,0.0
2013-08-26,0.0
2013-08-27,0.0
2013-08-28,0.0
2013-08-29,0.0
2013-08-30,0.0
2013-09-03,0.0
2013-09-04,0.0
2013-09-05,0.0
2013-09-06,-7.771561172376096e-15
2013-09-09,0.2714839057121856
2013-09-10,0.7161842119653121
2013-09-11,0.9022299292292364
2013-09-12,0.9631420754448072
2013-09-13,0.9864176977384194
2013-09-16,0.9957837517255994
2013-09-17,0.0
2013-09-18,0.0
2013-09-19,0.0
2013-09-20,0.0
2013-09-23,0.0
2013-09-24,0.0
2013-09-25,0.0
2013-09-26,0.0
2013-09-27,0.0
2013-09-30,0.0
2013-10-01,0.0
2013-10-02,-4.218847493575595e-15
2013-10-03,-0.08580215421374415
2013-10-04,0.04180229668063862
2013-10-07,-0.07680508733700675
2013-10-08,-0.39596272032876767
2013-10-09,-0.5860048843788928
2013-10-10,-0.551202866032722
2013-10-11,-0.38240993588215977
2013-10-14,-0.11000949691480888
2013-10-15,0.521450073649337
2013-10-16,0.9126519979247747
2013-10-17,0.9941574151500363
2013-10-18,0.0
2013-10-21,0.0
2013-10-22,0.0
2013-10-23,0.0
2013-10-24,0.0
2013-10-25,0.0
2013-10-28,0.0
2013-10-29,0.0
2013-10-30,0.0
2013-10-31,0.0
2013-11-01,0.0
2013-11-04,-1.7985612998927536e-14
2013-11-05,0.033132995833873524
2013-11-06,0.05036192655529437
2013-11-07,-0.22354043583506078
2013-11-08,0.30114629293155315
2013-11-11,0.6836609116208718
2013-11-12,0.8282909169050772
2013-11-13,0.9436824895635676
2013-11-14,0.9908842113096115
2013-11-15,0.0
2013-11-18,0.0
2013-11-19,0.0
2013-11-20,0.0
2013-11-21,0.0
2013-11-22,0.0
2013-11-25,0.0
2013-11-26,0.0
2013-11-27,0.0
2013-11-29,0.0
2013-12-02,0.0
2013-12-03,2.842170943040401e-14
2013-12-04,-0.03596637389666335
2013-12-05,-0.2868524027648802
2013-12-06,-0.10021088724172622
2013-12-09,0.2831309651466343
2013-12-10,0.4293882944705383
2013-12-11,0.5738590329633872
2013-12-12,0.6547569672280853
2013-12-13,0.7170647866607056
2013-12-16,0.8728456826981026
2013-12-17,0.8915037646817403
2013-12-18,0.9922379864502873
2013-12-19,0.0
2013-12-20,0.0
2013-12-23,0.0
2013-12-24,0.0
2013-12-26,0.0
2013-12-27,0.0
2013-12-30,0.0
2013-12-31,0.0
2014-01-02,0.0
2014-01-03,0.0
2014-01-06,0.0
2014-01-07,-1.354472090042691e-14
2014-01-08,0.1870541493073008
2014-01-09,0.36524200777521765
2014-01-10,0.27275289951978454
2014-01-13,-0.7865930465552178
2014-01-14,-0.8476465368410637
2014-01-15,-0.6164790567352267
2014-01-16,0.6389799081397991
2014-01-17,0.9895209064153769
2014-01-21,0.9999700100935232
2014-01-22,0.0
2014-01-23,0.0
2014-01-24,0.0
2014-01-27,0.0
2014-01-28,0.0
2014-01-29,0.0
2014-01-30,0.0
2014-01-31,0.0
2014-02-03,0.0
2014-02-04,0.0
2014-02-05,0.0
2014-02-06,-6.439293542825908e-15
2014-02-07,-0.06700220687996561
2014-02-10,-0.09097154861391954
2014-02-11,0.03586030202112411
2014-02-12,0.18860667180254564
2014-02-13,0.37096845404183365
2014-02-14,0.46594463974937583
2014-02-18,0.6451505079136348
2014-02-19,0.7170883944311839
2014-02-20,0.8237162107886484
2014-02-21,0.9009589039289536
2014-02-24,0.954455326844377
2014-02-25,0.9770408658870342
2014-02-26,0.9896219648274984
2014-02-27,0.9956617407397026
2014-02-28,0.0
2014-03-03,0.0
2014-03-04,0.0
2014-03-05,0.0
2014-03-06,0.0
2014-03-07,0.0
2014-03-10,0.0
2014-03-11,0.0
2014-03-12,0.0
2014-03-13,0.0
2014-03-14,0.0
2014-03-17,4.884981308350689e-15
2014-03-18,0.04714658396823812
2014-03-19,0.513616503058659
2014-03-20,0.9350699667629674
2014-03-21,0.9971777465778795
2014-03-24,0.0
2014-03-25,0.0
2014-03-26,0.0
2014-03-27,0.0
2014-03-28,0.0
2014-03-31,0.0
2014-04-01,0.0
2014-04-02,0.0
2014-04-03,0.0
2014-04-04,0.0
2014-04-07,0.0
2014-04-08,6.217248937900877e-15
2014-04-09,-0.17843416282050284
2014-04-10,-0.5814251511550541
2014-04-11,-0.8488665979935588
2014-04-14,-0.9424636719001396
2014-04-15,-0.9659900505549939
2014-04-16,-0.9676564010116666
2014-04-17,-0.9651631794554663
2014-04-21,-0.9597594552706659
2014-04-22,-0.9459763846137834
2014-04-23,-0.9372001015506999
2014-04-24,-0.933186602968201
2014-04-25,-0.9372967936817687
2014-04-28,-0.953972144586491
2014-04-29,-0.9623925917036149
2014-04-30,-0.9697672988653248
2014-05-01,-0.9753107373597529
2014-05-02,-0.9784828893176538
2014-05-05,-0.9824219799869938
2014-05-06,-0.9903123604266204
2014-05-07,0.0
2014-05-08,0.0
2014-05-09,0.0
2014-05-12,0.0
2014-05-13,0.0
2014-05-14,0.0
2014-05-15,0.0
2014-05-16,0.0
2014-05-19,0.0
2014-05-20,0.0
2014-05-21,0.0
2014-05-22,2.6645352591003757e-15
2014-05-23,-0.0306450031173926
2014-05-27,-0.11101482245887206
2014-05-28,-0.233737111724172
2014-05-29,-0.27854827268830684
2014-05-30,-0.4003273173760329
2014-06-02,-0.4730398246835126
2014-06-03,-0.5748945021831506
2014-06-04,-0.6555829177549595
2014-06-05,-0.659366562656607
2014-06-06,-0.6143780652157198
2014-06-09,-0.4843818994177411
2014-06-10,-0.40857236191638724
2014-06-11,-0.34537764623845013
2014-06-12,-0.3681957191783689
2014-06-13,-0.3126785118197035
2014-06-16,-0.2827943597433289
2014-06-17,0.028597018139046915
2014-06-18,0.298349052437348
2014-06-19,0.5278920188604812
2014-06-20,0.7359154381442918
2014-06-23,0.8563220734908026
2014-06-24,0.9067540721235059
2014-06-25,0.9500379215550834
2014-06-26,0.970911518135191
2014-06-27,0.9862439797464124
2014-06-30,0.9928843815396102
2014-07-01,0.0
2014-07-02,0.0
2014-07-03,0.0
2014-07-07,0.0
2014-07-08,0.0
2014-07-09,0.0
2014-07-10,0.0
2014-07-11,0.0
2014-07-14,0.0
2014-07-15,0.0
2014-07-16,0.0
2014-07-17,2.6645352591003757e-15
2014-07-18,0.2614329700444302
2014-07-21,0.45009525513652404
2014-07-22,0.524289805836339
2014-07-23,0.58075117756978
2014-07-24,0.711656009906948
2014-07-25,0.7325693359336072
2014-07-28,0.8444834551105631
2014-07-29,0.915099826799084
2014-07-30,0.98218767409739
2014-07-31,0.9887688256790641
2014-08-01,0.9882139076807166
2014-08-04,0.9917550373184421
2014-08-05,0.0
2014-08-06,0.0
2014-08-07,0.0
2014-08-08,0.0
2014-08-11,0.0
2014-08-12,0.0
2014-08-13,0.0
2014-08-14,0.0
2014-08-15,0.0
2014-08-18,0.0
2014-08-19,0.0
2014-08-20,9.103828801926284e-15
2014-08-21,0.5223625282150253
2014-08-22,0.863361291382414
2014-08-25,0.9877327626224759
2014-08-26,0.9993094571301933
2014-08-27,0.0
2014-08-28,0.0
2014-08-29,0.0
2014-09-02,0.0
2014-09-03,0.0
2014-09-04,0.0
2014-09-05,0.0
2014-09-08,0.0
2014-09-09,0.0
2014-09-10,0.0
2014-09-11,0.0
2014-09-12,2.220446049250313e-15
2014-09-15,0.27057077200946456
2014-09-16,0.5509920029471667
2014-09-17,0.8990349574313203
2014-09-18,0.9951766699836022
2014-09-19,0.0
2014-09-22,0.0
2014-09-23,0.0
2014-09-24,0.0
2014-09-25,0.0
2014-09-26,0.0
2014-09-29,0.0
2014-09-30,0.0
2014-10-01,0.0
2014-10-02,0.0
2014-10-03,0.0
2014-10-06,-1.2656542480726785e-14
2014-10-07,-0.5387289184899164
2014-10-08,-0.7963331200676644
2014-10-09,-0.9928523152300899
2014-10-10,0.0
2014-10-13,0.0
2014-10-14,0.0
2014-10-15,0.0
2014-10-16,0.0
2014-10-17,0.0
2014-10-20,0.0
2014-10-21,0.0
2014-10-22,0.0
2014-10-23,0.0
2014-10-24,0.0
2014-10-27,-5.329070518200751e-15
2014-10-28,0.4490994472662151
2014-10-29,0.8436753424470411
2014-10-30,0.9749922384263969
2014-10-31,0.9994215449055277
2014-11-03,0.0
2014-11-04,0.0
2014-11-05,0.0
2014-11-06,0.0
2014-11-07,0.0
2014-11-10,0.0
2014-11-11,0.0
2014-11-12,0.0
2014-11-13,0.0
2014-11-14,0.0
2014-11-17,0.0
2014-11-18,0.0
2014-11-19,-0.24201376007549924
2014-11-20,-0.6015136568782853
2014-11-21,-0.8459052254978761
2014-11-24,-0.9262040743490068
2014-11-25,-0.9717192951670452
2014-11-26,-0.9922653319828634
2014-11-28,0.0
2014-12-01,0.0
2014-12-02,0.0
2014-12-03,0.0
2014-12-04,0.0
2014-12-05,0.0
2014-12-08,0.0
2014-12-09,0.0
2014-12-10,0.0
2014-12-11,0.0
2014-12-12,0.0
2014-12-15,4.6629367034256575e-15
2014-12-16,-0.26630967020578344
2014-12-17,-0.235021266402494
2014-12-18,0.0025714815019479698
2014-12-19,0.1986308752560355
2014-12-22,0.40631963448988095
2014-12-23,0.6710305364852986
2014-12-24,0.8380433873204591
2014-12-26,0.921773429536608
2014-12-29,0.9655841110263814
2014-12-30,0.983519716060236
2014-12-31,0.9914124439844838
2015-01-02,0.0
2015-01-05,0.0
2015-01-06,0.0
2015-01-07,0.0
2015-01-08,0.0
2015-01-09,0.0
2015-01-12,0.0
2015-01-13,0.0
2015-01-14,0.0
2015-01-15,0.0
2015-01-16,0.0
2015-01-20,5.773159728050814e-15
2015-01-21,-0.28240290348261743
2015-01-22,-0.3631131716822169
2015-01-23,-0.503902096245946
2015-01-26,-0.5984361313044584
2015-01-27,-0.7314555431561625
2015-01-28,-0.8757462417817288
2015-01-29,-0.9388731356038142
2015-01-30,-0.9761420620688699
2015-02-02,-0.987887699531502
2015-02-03,-0.9893930928387002
2015-02-04,-0.9907586632614322
2015-02-05,0.0
2015-02-06,0.0
2015-02-09,0.0
2015-02-10,0.0
2015-02-11,0.0
2015-02-12,0.0
2015-02-13,0.0
2015-02-17,0.0
2015-02-18,0.0
2015-02-19,0.0
2015-02-20,0.0
2015-02-23,0.0
2015-02-24,0.2562162983207048
2015-02-25,0.43739544925997187
2015-02-26,0.6255814778630735
2015-02-27,0.6455196091062358
2015-03-02,0.8216612468870585
2015-03-03,0.8998515095514892
2015-03-04,0.941575890047053
2015-03-05,0.9770518251255302
2015-03-06,0.9971553032932228
2015-03-09,0.0
2015-03-10,0.0
2015-03-11,0.0
2015-03-12,0.0
2015-03-13,0.0
2015-03-16,0.0
2015-03-17,0.0
2015-03-18,0.0
2015-03-19,0.0
2015-03-20,0.0
2015-03-23,0.0
2015-03-24,-3.3306690738754696e-15
2015-03-25,-0.42836516471028707
2015-03-26,-0.5835124712903326
2015-03-27,-0.5943862357119387
2015-03-30,-0.5711621352443932
2015-03-31,-0.5275985589940109
2015-04-01,-0.6155809216097683
2015-04-02,-0.6729212855649829
2015-04-06,-0.7293445131719181
2015-04-07,-0.8054942106240865
2015-04-08,-0.8162765323311563
2015-04-09,-0.7687884243575758
2015-04-10,-0.6989079476123194
2015-04-13,-0.5750525043419041
2015-04-14,-0.5402099917339709
2015-04-15,-0.4874959693910468
2015-04-16,-0.43634549236524545
2015-04-17,-0.4476010445005154
2015-04-20,-0.48674144316179
2015-04-21,-0.5151396543737876
2015-04-22,-0.48130674383640737
2015-04-23,-0.43897335849172237
2015-04-24,-0.47657378284571905
2015-04-27,-0.5176697384044766
2015-04-28,-0.48035104752350155
2015-04-29,-0.376627975623701
2015-04-30,-0.3357644545595935
2015-05-01,-0.24901921796296755
2015-05-04,-0.008439998563501305
2015-05-05,0.20086364454054162
2015-05-06,0.35623699481493487
2015-05-07,0.5206564328729117
2015-05-08,0.6714378085862327
2015-05-11,0.8522669541650343
2015-05-12,0.9335397556543417
2015-05-13,0.9719266224252028
2015-05-14,0.9900869086569724
2015-05-15,0.0
2015-05-18,0.0
2015-05-19,0.0
2015-05-20,0.0
2015-05-21,0.0
2015-05-22,0.0
2015-05-26,0.0
2015-05-27,0.0
2015-05-28,0.0
2015-05-29,0.0
2015-06-01,0.0
2015-06-02,4.218847493575595e-15
2015-06-03,0.6235163894596267
2015-06-04,0.9047202260729899
2015-06-05,0.9995886768952491
2015-06-08,0.0
2015-06-09,0.0
2015-06-10,0.0
2015-06-11,0.0
2015-06-12,0.0
2015-06-15,0.0
2015-06-16,0.0
2015-06-17,0.0
2015-06-18,0.0
2015-06-19,0.0
2015-06-22,0.0
2015-06-23,1.9761969838327786e-14
2015-06-24,-0.1029271977493127
2015-06-25,-0.0373691882508973
2015-06-26,0.26173376344325106
2015-06-29,-0.48124756751648134
2015-06-30,-0.7571178871672455
2015-07-01,-0.7680096329591912
2015-07-02,-0.8618664498225503
2015-07-06,-0.9630140063066874
2015-07-07,-0.9942535321223847
2015-07-08,0.0
2015-07-09,0.0
2015-07-10,0.0
2015-07-13,0.0
2015-07-14,0.0
2015-07-15,0.0
2015-07-16,0.0
2015-07-17,0.0
2015-07-20,0.0
2015-07-21,0.0
2015-07-22,0.0
2015-07-23,0.0
2015-07-24,0.15774009414087242
2015-07-27,0.17817884555750862
2015-07-28,0.2613814140183268
2015-07-29,0.3860871127812131
2015-07-30,0.5396349755131142
2015-07-31,0.6318560998601805
2015-08-03,0.6923096129477635
2015-08-04,0.7802808405584489
2015-08-05,0.8573265383429725
2015-08-06,0.9001784675720421
2015-08-07,0.9291599106457473
2015-08-10,0.9572339651832895
2015-08-11,0.9665650062650413
2015-08-12,0.9627164734885496
2015-08-13,0.9618974085255187
2015-08-14,0.9649129720150942
2015-08-17,0.9639762938233711
2015-08-18,0.9614663995851997
2015-08-19,0.9455644496363302
2015-08-20,0.901451066864805
2015-08-21,0.7740871559285059
2015-08-24,0.4455024793209412
2015-08-25,-0.0906366970069643
2015-08-26,-0.4981147751329087
2015-08-27,-0.7420292341421615
2015-08-28,-0.8749660498681133
2015-08-31,-0.9509569083009082
2015-09-01,-0.989459679545782
2015-09-02,-0.9980214268040026
2015-09-03,0.0
2015-09-04,0.0
2015-09-08,0.0
2015-09-09,0.0
2015-09-10,0.0
2015-09-11,0.0
2015-09-14,0.0
2015-09-15,0.0
2015-09-16,0.0
2015-09-17,0.0
2015-09-18,0.0
2015-09-21,-6.439293542825908e-15
2015-09-22,-0.42730461667513087
2015-09-23,-0.7020247049389545
2015-09-24,-0.9040800550904697
2015-09-25,-0.9637884664316381
2015-09-28,-0.9951933134163604
2015-09-29,0.0
2015-09-30,0.0
2015-10-01,0.0
2015-10-02,0.0
2015-10-05,0.0
2015-10-06,0.0
2015-10-07,0.0
2015-10-08,0.0
2015-10-09,0.0
2015-10-12,0.0
2015-10-13,0.0
2015-10-14,1.021405182655144e-14
2015-10-15,0.2941383112642928
2015-10-16,0.5682264034675923
2015-10-19,0.7016028988526515
2015-10-20,0.9374690506246122
2015-10-21,0.9791287175828693
2015-10-22,0.9981712993861818
2015-10-23,0.0
2015-10-26,0.0
2015-10-27,0.0
2015-10-28,0.0
2015-10-29,0.0
2015-10-30,0.0
2015-11-02,0.0
2015-11-03,0.0
2015-11-04,0.0
2015-11-05,0.0
2015-11-06,0.0
2015-11-09,-8.881784197001252e-16
2015-11-10,0.37327223653148445
2015-11-11,0.6746128155723947
2015-11-12,0.8003195976447119
2015-11-13,0.8556903594841003
2015-11-16,0.9083299251697081
2015-11-17,0.9484182783601496
2015-11-18,0.9791583467653802
2015-11-19,0.9903586328792677
2015-11-20,0.0
2015-11-23,0.0
2015-11-24,0.0
2015-11-25,0.0
2015-11-27,0.0
2015-11-30,0.0
2015-12-01,0.0
2015-12-02,0.0
2015-12-03,0.0
2015-12-04,0.0
2015-12-07,0.0
2015-12-08,1.3766765505351941e-14
2015-12-09,-0.3798631336036913
2015-12-10,-0.5548621862908756
2015-12-11,-0.9506424903185495
2015-12-14,-0.9948116224251595
2015-12-15,0.0
2015-12-16,0.0
2015-12-17,0.0
2015-12-18,0.0
2015-12-21,0.0
2015-12-22,0.0
2015-12-23,0.0
2015-12-24,0.0
2015-12-28,0.0
2015-12-29,0.0
2015-12-30,0.0
2015-12-31,7.105427357601002e-15
2016-01-04,-0.4205517328661137
2016-01-05,-0.7371419806418433
2016-01-06,-0.9715346058470538
2016-01-07,-0.9999287899964588
2016-01-08,0.0
2016-01-11,0.0
2016-01-12,0.0
2016-01-13,0.0
2016-01-14,0.0
2016-01-15,0.0
2016-01-19,0.0
2016-01-20,0.0
2016-01-21,0.0
2016-01-22,0.0
2016-01-25,0.0
2016-01-26,-6.661338147750939e-16
2016-01-27,-0.21163193976530947
2016-01-28,-0.4421172357898484
2016-01-29,-0.5603723608302342
2016-02-01,-0.6757488587867417
2016-02-02,-0.8249790968872688
2016-02-03,-0.9048163929188282
2016-02-04,-0.9405126524073759
2016-02-05,-0.9701568156126781
2016-02-08,-0.9890666882625951
2016-02-09,-0.9966746048115878
2016-02-10,0.0
2016-02-11,0.0
2016-02-12,0.0
2016-02-16,0.0
2016-02-17,0.0
2016-02-18,0.0
2016-02-19,0.0
2016-02-22,0.0
2016-02-23,0.0
2016-02-24,0.0
2016-02-25,0.0
2016-02-26,-1.1102230246251565e-15
2016-02-29,0.2823953382536528
2016-03-01,0.7238011666449378
2016-03-02,0.9379797989475698
2016-03-03,0.9929913464207989
2016-03-04,0.0
2016-03-07,0.0
2016-03-08,0.0
2016-03-09,0.0
2016-03-10,0.0
2016-03-11,0.0
2016-03-14,0.0
2016-03-15,0.0
2016-03-16,0.0
2016-03-17,0.0
2016-03-18,0.0
2016-03-21,-1.3322676295501878e-15
2016-03-22,0.3080011257592601
2016-03-23,0.45829725893553896
2016-03-24,0.5955368920678348
2016-03-28,0.7033206613520879
2016-03-29,0.7760625706856787
2016-03-30,0.8481906035624309
2016-03-31,0.8876295323255028
2016-04-01,0.936644521452378
2016-04-04,0.9528939668229897
2016-04-05,0.9446486299164634
2016-04-06,0.9533368705583853
2016-04-07,0.8940986509637032
2016-04-08,0.8154003312901841
2016-04-11,0.7602843971989452
2016-04-12,0.7497941522982869
2016-04-13,0.8554173031520471
2016-04-14,0.9267469347366744
2016-04-15,0.9601185456281667
2016-04-18,0.9834847721615265
2016-04-19,0.9932327432993013
2016-04-20,0.0
2016-04-21,0.0
2016-04-22,0.0
2016-04-25,0.0
2016-04-26,0.0
2016-04-27,0.0
2016-04-28,0.0
2016-04-29,0.0
2016-05-02,0.0
2016-05-03,0.0
2016-05-04,0.0
2016-05-05,0.0
2016-05-06,-0.3913842158544887
2016-05-09,-0.6823978875657835
2016-05-10,-0.7813033556268749
2016-05-11,-0.8640842401946929
2016-05-12,-0.9099431490279104
2016-05-13,-0.9547721810443797
2016-05-16,-0.9756545796523701
2016-05-17,-0.9848570277187578
2016-05-18,-0.9753727853455918
2016-05-19,-0.9690699504565083
2016-05-20,-0.9495346529881639
2016-05-23,-0.9284499932860197
2016-05-24,-0.8483485421344745
2016-05-25,-0.6746557431237075
2016-05-26,-0.49183022114365627
2016-05-27,-0.19355060353224962
2016-05-31,0.1161125029216199
2016-06-01,0.4335605298332337
2016-06-02,0.6793134133853322
2016-06-03,0.712059208583514
2016-06-06,0.7884086042697627
2016-06-07,0.8292849623639054
2016-06-08,0.8604486120895514
2016-06-09,0.8693804041141344
2016-06-10,0.8447920743977142
2016-06-13,0.7975346528690253
2016-06-14,0.7293729319738558
2016-06-15,0.6934873991066435
2016-06-16,0.6603291560072717
2016-06-17,0.6130851350854556
2016-06-20,0.5913824745734779
2016-06-21,0.5410197618452095
2016-06-22,0.4841346703955911
2016-06-23,0.5735561181180531
2016-06-24,0.25863708884115466
2016-06-27,-0.3702809131019831
2016-06-28,-0.7666774786362334
2016-06-29,-0.9222972031268935
2016-06-30,-0.9798581267645035
2016-07-01,-0.9963300042782535
2016-07-05,0.0
2016-07-06,0.0
2016-07-07,0.0
2016-07-08,0.0
2016-07-11,0.0
2016-07-12,0.0
2016-07-13,0.0
2016-07-14,0.0
2016-07-15,0.0
2016-07-18,0.0
2016-07-19,0.0
2016-07-20,-8.881784197001252e-16
2016-07-21,0.3016484893179894
2016-07-22,0.5893632669928928
2016-07-25,0.7877098147542321
2016-07-26,0.9167682597639495
2016-07-27,0.9723567828603428
2016-07-28,0.9918877057414466
2016-07-29,0.0
2016-08-01,0.0
2016-08-02,0.0
2016-08-03,0.0
2016-08-04,0.0
2016-08-05,0.0
2016-08-08,0.0
2016-08-09,0.0
2016-08-10,0.0
2016-08-11,0.0
2016-08-12,0.0
2016-08-15,-5.329070518200751e-15
2016-08-16,0.23284538932909893
2016-08-17,0.42552229499251215
2016-08-18,0.595087397204648
2016-08-19,0.754825556895302
2016-08-22,0.8377375742352386
2016-08-23,0.9080883938978421
2016-08-24,0.9437425489282794
2016-08-25,0.9714114462141061
2016-08-26,0.9898855959993105
2016-08-29,0.9969506536379236
2016-08-30,0.0
2016-08-31,0.0
2016-09-01,0.0
2016-09-02,0.0
2016-09-06,0.0
2016-09-07,0.0
2016-09-08,0.0
2016-09-09,0.0
2016-09-12,0.0
2016-09-13,0.0
2016-09-14,0.0
2016-09-15,-2.220446049250313e-15
2016-09-16,-0.20431252158435487
2016-09-19,-0.203921033758256
2016-09-20,-0.27265908351204327
2016-09-21,-0.15529874205876681
2016-09-22,0.011296124071626723
2016-09-23,-0.09850644560736876
2016-09-26,-0.2921980988618047
2016-09-27,-0.35609372789719784
2016-09-28,-0.285342715924062
2016-09-29,-0.36231577391824255
2016-09-30,-0.08994624000582108
2016-10-03,0.14580298482909737
2016-10-04,0.48657456523198706
2016-10-05,0.8605417043220289
2016-10-06,0.9711039974739137
2016-10-07,0.9956668335796597
2016-10-10,0.0
2016-10-11,0.0
2016-10-12,0.0
2016-10-13,0.0
2016-10-14,0.0
2016-10-17,0.0
2016-10-18,0.0
2016-10-19,0.0
2016-10-20,0.0
2016-10-21,0.0
2016-10-24,0.0
2016-10-25,-1.3766765505351941e-14
2016-10-26,0.08377272026246163
2016-10-27,0.1668192843312013
2016-10-28,0.08204177574612004
2016-10-31,-0.10970580847408229
2016-11-01,-0.3110053935298849
2016-11-02,-0.7103250510660062
2016-11-03,-0.8951114636205444
2016-11-04,-0.9797561888323212
2016-11-07,-0.9624644423983146
2016-11-08,-0.9261249666159992
2016-11-09,-0.49248776696453
2016-11-10,0.8232637737703548
2016-11-11,0.9998357925117975
2016-11-14,0.0
2016-11-15,0.0
2016-11-16,0.0
2016-11-17,0.0
2016-11-18,0.0
2016-11-21,0.0
2016-11-22,0.0
2016-11-23,0.0
2016-11-25,0.0
2016-11-28,0.0
2016-11-29,0.0
2016-11-30,0.0
2016-12-01,0.4155553223328192
2016-12-02,0.5694790801032479
2016-12-05,0.7227335389814611
2016-12-06,0.8516903785795078
2016-12-07,0.9300967718830675
2016-12-08,0.9702846157522225
2016-12-09,0.9872417555005979
2016-12-12,0.9934047265982864
2016-12-13,0.0
2016-12-14,0.0
2016-12-15,0.0
2016-12-16,0.0
2016-12-19,0.0
2016-12-20,0.0
2016-12-21,0.0
2016-12-22,0.0
2016-12-23,0.0
2016-12-27,0.0
2016-12-28,0.0
2016-12-29,3.1086244689504383e-15
2016-12-30,-0.04552407691508953
2017-01-03,0.17067178328909183
2017-01-04,0.6367224102172973
2017-01-05,0.85422040816884
2017-01-06,0.9618821666055839
2017-01-09,0.9910941087217664
2017-01-10,0.0
2017-01-11,0.0
2017-01-12,0.0
2017-01-13,0.0
2017-01-17,0.0
2017-01-18,0.0
2017-01-19,0.0
2017-01-20,0.0
2017-01-23,0.0
2017-01-24,0.0
2017-01-25,0.0
2017-01-26,3.3306690738754696e-15
2017-01-27,0.34114133018434867
2017-01-30,0.4649609367108094
2017-01-31,0.3926436647161111
2017-02-01,0.35428760991549124
2017-02-02,-0.4083453430222026
2017-02-03,-0.7074425022996285
2017-02-06,-0.9143419454199633
2017-02-07,-0.982502129891174
2017-02-08,-0.9978278186734733
2017-02-09,0.0
2017-02-10,0.0
2017-02-13,0.0
2017-02-14,0.0
2017-02-15,0.0
2017-02-16,0.0
2017-02-17,0.0
2017-02-21,0.0
2017-02-22,0.0
2017-02-23,0.0
2017-02-24,0.0
2017-02-27,1.9095836023552692e-14
2017-02-28,-0.2626976031581152
2017-03-01,0.29054916660379515
2017-03-02,0.5420221503988583
2017-03-03,0.7579919203844605
2017-03-06,0.8532404149542203
2017-03-07,0.8813709057227868
2017-03-08,0.9169208299918885
2017-03-09,0.9573203809132671
2017-03-10,0.9827647355109039
2017-03-13,0.9960082373454677
2017-03-14,0.0
2017-03-15,0.0
2017-03-16,0.0
2017-03-17,0.0
2017-03-20,0.0
2017-03-21,0.0
2017-03-22,0.0
2017-03-23,0.0
2017-03-24,0.0
2017-03-27,0.0
2017-03-28,0.0
2017-03-29,6.439293542825908e-15
2017-03-30,-0.019534644686066693
2017-03-31,-0.08717439184624065
2017-04-03,-0.18384608046057993
2017-04-04,-0.316614528022924
2017-04-05,-0.5169547063451212
2017-04-06,-0.6223491755516521
2017-04-07,-0.7197952318719791
2017-04-10,-0.8270617812578251
2017-04-11,-0.9089392633164612
2017-04-12,-0.9626897341384577
2017-04-13,-0.9903069380413678
2017-04-17,0.0
2017-04-18,0.0
2017-04-19,0.0
2017-04-20,0.0
2017-04-21,0.0
2017-04-24,0.0
2017-04-25,0.0
2017-04-26,0.0
2017-04-27,0.0
2017-04-28,0.0
2017-05-01,0.0
2017-05-02,9.769962616701378e-15
2017-05-03,0.39290007478662536
2017-05-04,0.6349199234046301
2017-05-05,0.7926963888384333
2017-05-08,0.9085510862990482
2017-05-09,0.9659377836522238
2017-05-10,0.9854411400606005
2017-05-11,0.9933037527878583
2017-05-12,0.0
2017-05-15,0.0
2017-05-16,0.0
2017-05-17,0.0
2017-05-18,0.0
2017-05-19,0.0
2017-05-22,0.0
2017-05-23,0.0
2017-05-24,0.0
2017-05-25,0.0
2017-05-26,0.0
2017-05-30,-2.220446049250313e-15
2017-05-31,-0.09802855194784632
2017-06-01,0.0494195244909883
2017-06-02,0.004861427044877686
2017-06-05,-0.0015674274275612188
2017-06-06,-0.09408805566055722
2017-06-07,-0.14771015437199408
2017-06-08,-0.007911606272885896
2017-06-09,0.42499658248849803
2017-06-12,0.7907395269105972
2017-06-13,0.9501905859374526
2017-06-14,0.9930380072297806
2017-06-15,0.0
2017-06-16,0.0
2017-06-19,0.0
2017-06-20,0.0
2017-06-21,0.0
2017-06-22,0.0
2017-06-23,0.0
2017-06-26,0.0
2017-06-27,0.0
2017-06-28,0.0
2017-06-29,0.0
2017-06-30,-1.4210854715202004e-14
2017-07-03,0.49183906286538126
2017-07-05,0.8319380582509481
2017-07-06,0.9485526981387142
2017-07-07,0.9838326179578996
2017-07-10,0.9971379129172049
2017-07-11,0.0
2017-07-12,0.0
2017-07-13,0.0
2017-07-14,0.0
2017-07-17,0.0
2017-07-18,0.0
2017-07-19,0.0
2017-07-20,0.0
2017-07-21,0.0
2017-07-24,0.0
2017-07-25,0.0
2017-07-26,0.0
2017-07-27,-0.07501126860587015
2017-07-28,-0.1393209812473739
2017-07-31,-0.04011337058171738
2017-08-01,0.15442971115629112
2017-08-02,0.28546605670611
2017-08-03,0.35006596496463604
2017-08-04,0.48751032265186467
2017-08-07,0.5356597190251304
2017-08-08,0.533042832491974
2017-08-09,0.33204730821204165
2017-08-10,-0.3911624244092726
2017-08-11,-0.8368050804549234
2017-08-14,-0.9578445244736453
2017-08-15,-0.9936366124241458
2017-08-16,0.0
2017-08-17,0.0
2017-08-18,0.0
2017-08-21,0.0
2017-08-22,0.0
2017-08-23,0.0
2017-08-24,0.0
2017-08-25,0.0
2017-08-28,0.0
2017-08-29,0.0
2017-08-30,0.0
2017-08-31,-1.4210854715202004e-14
2017-09-01,0.2605901666092736
2017-09-05,-0.24492491768286095
2017-09-06,-0.5800117758325198
2017-09-07,-0.9274672074256298
2017-09-08,-0.9823132225080617
2017-09-11,-0.9888056448418363
2017-09-12,-0.9827862777103296
2017-09-13,-0.9761864438740266
2017-09-14,-0.9585608106807806
2017-09-15,-0.9125829871128546
2017-09-18,-0.7537185265379671
2017-09-19,-0.33236047003252267
2017-09-20,0.4266438813245963
2017-09-21,0.9204615059283192
2017-09-22,0.9982306125715235
2017-09-25,0.0
2017-09-26,0.0
2017-09-27,0.0
2017-09-28,0.0
2017-09-29,0.0
2017-10-02,0.0
2017-10-03,0.0
2017-10-04,0.0
2017-10-05,0.0
2017-10-06,0.0
2017-10-09,0.0
2017-10-10,3.774758283725532e-15
2017-10-11,0.2513358048558816
2017-10-12,0.4099631166962894
2017-10-13,0.49156765800614943
2017-10-16,0.5211861877298645
2017-10-17,0.3669646435309659
2017-10-18,0.22252988193154755
2017-10-19,0.03816613001777314
2017-10-20,0.12458996868609229
2017-10-23,0.16813125298267018
2017-10-24,0.3304799781451524
2017-10-25,0.39243895300882703
2017-10-26,0.5450223532502083
2017-10-27,0.6205703120905972
2017-10-30,0.6795585344576307
2017-10-31,0.7296091136086453
2017-11-01,0.7233758697846149
2017-11-02,0.7830591967923817
2017-11-03,0.8167347074455349
2017-11-06,0.8360572483021875
2017-11-07,0.8257089294459974
2017-11-08,0.8230848720850172
2017-11-09,0.8086146495568056
2017-11-10,0.8105839127232386
2017-11-13,0.8312331033392926
2017-11-14,0.8492329982242734
2017-11-15,0.8631364862450126
2017-11-16,0.8798457170376324
2017-11-17,0.8960316381334319
2017-11-20,0.9230363389128313
2017-11-21,0.9609976961918201
2017-11-22,0.9790052826616722
2017-11-24,0.9890259172493456
2017-11-27,0.9944359996970626
2017-11-28,0.0
2017-11-29,0.0
2017-11-30,0.0
2017-12-01,0.0
2017-12-04,0.0
2017-12-05,0.0
2017-12-06,0.0
2017-12-07,0.0
2017-12-08,0.0
2017-12-11,0.0
2017-12-12,0.0
2017-12-13,0.0
2017-12-14,0.007899854384260996
2017-12-15,0.1781374607021975
2017-12-18,0.39037278513437124
2017-12-19,0.5708626391391516
2017-12-20,0.7083423111753049
2017-12-21,0.8333973504503234
2017-12-22,0.903570855171717
2017-12-26,0.9418943730468374
2017-12-27,0.9654912435807403
2017-12-28,0.9813845930213669
2017-12-29,0.9869730783734907
2018-01-02,0.991174548484917
2018-01-03,0.0
2018-01-04,0.0
2018-01-05,0.0
2018-01-08,0.0
2018-01-09,0.0
2018-01-10,0.0
2018-01-11,0.0
2018-01-12,0.0
2018-01-16,0.0
2018-01-17,0.0
2018-01-18,0.0
2018-01-19,3.3306690738754696e-15
2018-01-22,0.2041247385869911
2018-01-23,0.368398756828201
2018-01-24,0.5137958309899346
2018-01-25,0.5284695454602724
2018-01-26,0.5502667141186657
2018-01-29,0.5524218844506044
2018-01-30,0.4826263337131296
2018-01-31,0.42462544534043234
2018-02-01,0.504363145289858
2018-02-02,0.4502598460062883
2018-02-05,0.20866852075283449
2018-02-06,0.10820304209454568
2018-02-07,-0.06852531672113882
2018-02-08,-0.48663157024350023
2018-02-09,-0.7108775669768956
2018-02-12,-0.8260686889071829
2018-02-13,-0.8960439998511531
2018-02-14,-0.9194751688942355
2018-02-15,-0.9389744303759993
2018-02-16,-0.9558141208692246
2018-02-20,-0.9668201083576986
2018-02-21,-0.9754580442146947
2018-02-22,-0.9832168420577838
2018-02-23,-0.9861146550571183
2018-02-26,-0.9849244908996444
2018-02-27,-0.9833961746208499
2018-02-28,-0.9851474945977614
2018-03-01,-0.9897520976108742
2018-03-02,-0.9917555930915856
2018-03-05,0.0
2018-03-06,0.0
2018-03-07,0.0
2018-03-08,0.0
2018-03-09,0.0
2018-03-12,0.0
2018-03-13,0.0
2018-03-14,0.0
2018-03-15,0.0
2018-03-16,0.0
2018-03-19,0.0
2018-03-20,1.5543122344752192e-15
2018-03-21,-0.01001605978229092
2018-03-22,-0.4484790133167307
2018-03-23,-0.8924681763375031
2018-03-26,-0.9722186703973248
2018-03-27,-0.9977969983601689
2018-03-28,0.0
2018-03-29,0.0
2018-04-02,0.0
2018-04-03,0.0
2018-04-04,0.0
2018-04-05,0.0
2018-04-06,0.0
2018-04-09,0.0
2018-04-10,0.0
2018-04-11,0.0
2018-04-12,0.0
2018-04-13,9.992007221626409e-15
2018-04-16,0.5206484285702371
2018-04-17,0.8799426845229765
2018-04-18,0.9351763339245791
2018-04-19,0.9914115942874202
2018-04-20,0.0
2018-04-23,0.0
2018-04-24,0.0
2018-04-25,0.0
2018-04-26,0.0
2018-04-27,0.0
2018-04-30,0.0
2018-05-01,0.0
2018-05-02,0.0
2018-05-03,0.0
2018-05-04,0.0
2018-05-07,-7.993605777301127e-15
2018-05-08,0.5305763958103213
2018-05-09,0.9488637637971056
2018-05-10,0.9987801115459507
2018-05-11,0.0
2018-05-14,0.0
2018-05-15,0.0
2018-05-16,0.0
2018-05-17,0.0
2018-05-18,0.0
2018-05-21,0.0
2018-05-22,0.0
2018-05-23,0.0
2018-05-24,0.0
2018-05-25,0.0
2018-05-29,2.886579864025407e-15
2018-05-30,-0.4301527900527906
2018-05-31,-0.7611872791898231
2018-06-01,-0.8713537331026431
2018-06-04,-0.9304366366297694
2018-06-05,-0.9723108180003226
2018-06-06,-0.9761506699042224
2018-06-07,-0.9847799301228755
2018-06-08,-0.9882131193858217
2018-06-11,-0.9922400448284652
2018-06-12,0.0
2018-06-13,0.0
2018-06-14,0.0
2018-06-15,0.0
2018-06-18,0.0
2018-06-19,0.0
2018-06-20,0.0
2018-06-21,0.0
2018-06-22,0.0
2018-06-25,0.0
2018-06-26,0.0
2018-06-27,-1.1102230246251565e-15
2018-06-28,-0.43547247247150755
2018-06-29,-0.7728483965698234
2018-07-02,-0.9226640949970384
2018-07-03,-0.9856788697165435
2018-07-05,-0.9986393253648038
2018-07-06,0.0
2018-07-09,0.0
2018-07-10,0.0
2018-07-11,0.0
2018-07-12,0.0
2018-07-13,0.0
2018-07-16,0.0
2018-07-17,0.0
2018-07-18,0.0
2018-07-19,0.0
2018-07-20,0.0
2018-07-23,-4.6629367034256575e-15
2018-07-24,0.19961881421275884
2018-07-25,0.38663411945361537
2018-07-26,0.5022131931117926
2018-07-27,0.5873530593165328
2018-07-30,0.5173578358885504
2018-07-31,0.41126837625489654
2018-08-01,0.276458203575618
2018-08-02,0.02848015353347244
2018-08-03,-0.1876883026232692
2018-08-06,-0.3675671106735636
2018-08-07,-0.47806556159688895
2018-08-08,-0.6022047764017198
2018-08-09,-0.6739453967538711
2018-08-10,-0.7429838337460408
2018-08-13,-0.8263633123428691
2018-08-14,-0.8697411757255826
2018-08-15,-0.9119993632634185
2018-08-16,-0.9209232509592471
2018-08-17,-0.9341929310050425
2018-08-20,-0.9347848457482422
2018-08-21,-0.9577907076516401
2018-08-22,-0.9646371685827289
2018-08-23,-0.9775970560625908
2018-08-24,-0.9838190705540208
2018-08-27,-0.9840352727824786
2018-08-28,-0.985013245862417
2018-08-29,-0.9854485894564515
2018-08-30,-0.989433019968635
2018-08-31,-0.9916452106367732
2018-09-04,0.0
2018-09-05,0.0
2018-09-06,0.0
2018-09-07,0.0
2018-09-10,0.0
2018-09-11,0.0
2018-09-12,0.0
2018-09-13,0.0
2018-09-14,0.0
2018-09-17,0.0
2018-09-18,0.0
2018-09-19,1.176836406102666e-14
2018-09-20,0.45769472273042844
2018-09-21,0.7181495900936099
2018-09-24,0.8374860268961191
2018-09-25,0.9149152952006707
2018-09-26,0.9071420837209652
2018-09-27,0.8830276248831317
2018-09-28,0.6630008744430089
2018-10-01,0.40198289337885207
2018-10-02,0.17442951145116248
2018-10-03,0.19845413463958028
2018-10-04,0.43407670213919847
2018-10-05,0.586713894783677
2018-10-08,0.7343949331122346
2018-10-09,0.8797687127038858
2018-10-10,0.7641561057418835
2018-10-11,0.30366737367400276
2018-10-12,-0.09227635324402828
2018-10-15,-0.6848044967174092
2018-10-16,-0.9098818899430745
2018-10-17,-0.984364452847047
2018-10-18,-0.9995182035597192
2018-10-19,0.0
2018-10-22,0.0
2018-10-23,0.0
2018-10-24,0.0
2018-10-25,0.0
2018-10-26,0.0
2018-10-29,0.0
2018-10-30,0.0
2018-10-31,0.0
2018-11-01,0.0
2018-11-02,0.0
2018-11-05,0.0
2018-11-06,0.34361922011371004
2018-11-07,0.6786087311596503
2018-11-08,0.8740552293250843
2018-11-09,0.9404265983386633
2018-11-12,0.9627000435879807
2018-11-13,0.9795332996366808
2018-11-14,0.9881022461428628
2018-11-15,0.9943483503068096
2018-11-16,0.0
2018-11-19,0.0
2018-11-20,0.0
2018-11-21,0.0
2018-11-23,0.0
2018-11-26,0.0
2018-11-27,0.0
2018-11-28,0.0
2018-11-29,0.0
2018-11-30,0.0
2018-12-03,0.0
2018-12-04,-5.329070518200751e-15
2018-12-06,-0.4868102597694821
2018-12-07,-0.8806909241961469
2018-12-10,-0.9874079398443505
2018-12-11,-0.9991553393894204
2018-12-12,0.0
2018-12-13,0.0
2018-12-14,0.0
2018-12-17,0.0
2018-12-18,0.0
2018-12-19,0.0
2018-12-20,0.0
2018-12-21,0.0
2018-12-24,0.0
2018-12-26,0.0
2018-12-27,0.0
2018-12-28,1.0436096431476471e-14
2018-12-31,0.23017860645356625
2019-01-02,0.43582339422288063
2019-01-03,0.47157993656730146
2019-01-04,0.7246006718464781
2019-01-07,0.8889245705626272
2019-01-08,0.9714605466899349
2019-01-09,0.9959686029704975
2019-01-10,0.0
2019-01-11,0.0
2019-01-14,0.0
2019-01-15,0.0
2019-01-16,0.0
2019-01-17,0.0
2019-01-18,0.0
2019-01-22,0.0
2019-01-23,0.0
2019-01-24,0.0
2019-01-25,0.0
2019-01-28,1.1102230246251565e-15
2019-01-29,0.18374322915251406
2019-01-30,0.2506614289110163
2019-01-31,0.30083953087255466
2019-02-01,0.37317467742959076
2019-02-04,0.45392111177127425
2019-02-05,0.4737071468599394
2019-02-06,0.4517347127548472
2019-02-07,0.348521643517411
2019-02-08,0.20422921570111896
2019-02-11,0.05791532630310603
2019-02-12,0.02317399063596648
2019-02-13,0.014808113634763087
2019-02-14,-0.05558692978049318
2019-02-15,-0.02840647932972873
2019-02-19,0.058649781063824236
2019-02-20,0.09033225750616292
2019-02-21,0.059888266487529984
2019-02-22,0.06749842346823232
2019-02-25,0.06192159627476013
2019-02-26,0.10029524349514096
2019-02-27,0.13806496716414185
2019-02-28,0.13180678003150215
2019-03-01,0.18573116016708635
2019-03-04,0.15256568825678896
2019-03-05,0.13695663153224125
2019-03-06,0.07660142940294667
2019-03-07,-0.07231472605130485
2019-03-08,-0.25409482186989685
2019-03-11,-0.3979922058329175
2019-03-12,-0.5140785398183498
2019-03-13,-0.5944606155602892
2019-03-14,-0.6252833005721516
2019-03-15,-0.6475028112905266
2019-03-18,-0.6493946507469801
2019-03-19,-0.6580580554857614
2019-03-20,-0.7124715076853718
2019-03-21,-0.7832817912807817
2019-03-22,-0.8823815590456594
2019-03-25,-0.9406568050727131
2019-03-26,-0.9679496499008535
2019-03-27,-0.9855964364724785
2019-03-28,-0.9927398166358359
2019-03-29,0.0
2019-04-01,0.0
2019-04-02,0.0
2019-04-03,0.0
2019-04-04,0.0
2019-04-05,0.0
2019-04-08,0.0
2019-04-09,0.0
2019-04-10,0.0
2019-04-11,0.0
2019-04-12,0.0
2019-04-15,-1.4210854715202004e-14
2019-04-16,0.39846067034792165
2019-04-17,0.7660057590912568
2019-04-18,0.8885102251218078
2019-04-22,0.9463513879486432
2019-04-23,0.9780247376331821
2019-04-24,0.9858229327398087
2019-04-25,0.9929360858062757
2019-04-26,0.0
2019-04-29,0.0
2019-04-30,0.0
2019-05-01,0.0
2019-05-02,0.0
2019-05-03,0.0
2019-05-06,0.0
2019-05-07,0.0
2019-05-08,0.0
2019-05-09,0.0
2019-05-10,0.0
2019-05-13,2.6645352591003757e-15
2019-05-14,-0.35147201673662964
2019-05-15,-0.87257804357628
2019-05-16,-0.9669102825181479
2019-05-17,-0.9962788901121791
2019-05-20,0.0
2019-05-21,0.0
2019-05-22,0.0
2019-05-23,0.0
2019-05-24,0.0
2019-05-28,0.0
2019-05-29,0.0
2019-05-30,0.0
2019-05-31,0.0
2019-06-03,0.0
2019-06-04,0.0
2019-06-05,1.1102230246251565e-14
2019-06-06,0.2495741502740325
2019-06-07,0.24285283021018422
2019-06-10,0.3102549663074543
2019-06-11,0.26857911073668594
2019-06-12,0.054745385787891676
2019-06-13,-0.09174366578260496
2019-06-14,-0.49575254350299636
2019-06-17,-0.8070201048801802
2019-06-18,-0.9320964301037322
2019-06-19,-0.990455355317807
2019-06-20,0.0
2019-06-21,0.0
2019-06-24,0.0
2019-06-25,0.0
2019-06-26,0.0
2019-06-27,0.0
2019-06-28,0.0
2019-07-01,0.0
2019-07-02,0.0
2019-07-03,0.0
2019-07-05,0.0
2019-07-08,-6.661338147750939e-15
2019-07-09,0.06354786348060815
2019-07-10,-0.11441742113800868
2019-07-11,0.019736190119884922
2019-07-12,0.025484730349476292
2019-07-15,0.09075542607686948
2019-07-16,0.554885725078321
2019-07-17,0.7709287232145714
2019-07-18,0.9164387922494746
2019-07-19,0.9936122763964463
2019-07-22,0.0
2019-07-23,0.0
2019-07-24,0.0
2019-07-25,0.0
2019-07-26,0.0
2019-07-29,0.0
2019-07-30,0.0
2019-07-31,0.0
2019-08-01,0.0
2019-08-02,0.0
2019-08-05,0.0
2019-08-06,3.774758283725532e-15
2019-08-07,-0.525069236674105
2019-08-08,-0.8297157738558443
2019-08-09,-0.9609933315753798
2019-08-12,-0.9944899812212971
2019-08-13,0.0
2019-08-14,0.0
2019-08-15,0.0
2019-08-16,0.0
2019-08-19,0.0
2019-08-20,0.0
2019-08-21,0.0
2019-08-22,0.0
2019-08-23,0.0
2019-08-26,0.0
2019-08-27,0.0
2019-08-28,1.865174681370263e-14
2019-08-29,0.2677136047047295
2019-08-30,0.6293456146980485
2019-09-03,0.7968961648251898
2019-09-04,0.9469520543002083
2019-09-05,0.9968920364339122
2019-09-06,0.0
2019-09-09,0.0
2019-09-10,0.0
2019-09-11,0.0
2019-09-12,0.0
2019-09-13,0.0
2019-09-16,0.0
2019-09-17,0.0
2019-09-18,0.0
2019-09-19,0.0
2019-09-20,0.0
2019-09-23,-6.661338147750939e-15
2019-09-24,-0.15399731361931934
2019-09-25,-0.2899997629393334
2019-09-26,-0.5489713388558899
2019-09-27,-0.6788882369164422
2019-09-30,-0.7387641403392551
2019-10-01,-0.966843750332931
2019-10-02,-0.9991851253879087
2019-10-03,0.0
2019-10-04,0.0
2019-10-07,0.0
2019-10-08,0.0
2019-10-09,0.0
2019-10-10,0.0
2019-10-11,0.0
2019-10-14,0.0
2019-10-15,0.0
2019-10-16,0.0
2019-10-17,0.0
2019-10-18,-3.774758283725532e-15
2019-10-21,0.4105103071361744
2019-10-22,0.7029162022283733
2019-10-23,0.8843945634158854
2019-10-24,0.9567952903671075
2019-10-25,0.98545086821281
2019-10-28,0.9963276927156308
2019-10-29,0.0
2019-10-30,0.0
2019-10-31,0.0
2019-11-01,0.0
2019-11-04,0.0
2019-11-05,0.0
2019-11-06,0.0
2019-11-07,0.0
2019-11-08,0.0
2019-11-11,0.0
2019-11-12,0.0
2019-11-13,-6.439293542825908e-15
2019-11-14,0.17313540025413787
2019-11-15,0.4849490003533701
2019-11-18,0.6900689061583178
2019-11-19,0.840270834126275
2019-11-20,0.935595442820178
2019-11-21,0.9968553109141034
2019-11-22,0.0
2019-11-25,0.0
2019-11-26,0.0
2019-11-27,0.0
2019-11-29,0.0
2019-12-02,0.0
2019-12-03,0.0
2019-12-04,0.0
2019-12-05,0.0
2019-12-06,0.0
2019-12-09,0.0
2019-12-10,-1.5987211554602254e-14
2019-12-11,0.24518699008848155
2019-12-12,0.8621139838487526
2019-12-13,0.9460174192857658
2019-12-16,0.9732144392092807
2019-12-17,0.9818096815379531
2019-12-18,0.9609139695680899
2019-12-19,0.8778141674847566
2019-12-20,0.6901316944906244
2019-12-23,0.5767593755622824
2019-12-24,0.4491987787731715
2019-12-26,0.2632592725450844
2019-12-27,-0.014639089794301618
2019-12-30,-0.4460378553225981
2019-12-31,-0.7914297460039794
2020-01-02,-0.8924032974560077
2020-01-03,-0.9863342346197361
2020-01-06,-0.9984000979466676
2020-01-07,0.0
2020-01-08,0.0
2020-01-09,0.0
2020-01-10,0.0
2020-01-13,0.0
2020-01-14,0.0
2020-01-15,0.0
2020-01-16,0.0
2020-01-17,0.0
2020-01-21,0.0
2020-01-22,0.0
2020-01-23,1.6431300764452317e-14
2020-01-24,-0.37892360684918547
2020-01-27,-0.8981348684176687
2020-01-28,-0.9854831252320169
2020-01-29,-0.9992314843418777
2020-01-30,0.0
2020-01-31,0.0
2020-02-03,0.0
2020-02-04,0.0
2020-02-05,0.0
2020-02-06,0.0
2020-02-07,0.0
2020-02-10,0.0
2020-02-11,0.0
2020-02-12,0.0
2020-02-13,0.0
2020-02-14,1.0880185641326534e-14
2020-02-18,-0.07040678045067605
2020-02-19,0.04811623244003571
2020-02-20,0.4221940598035647
2020-02-21,0.2321561015135909
2020-02-24,-0.4872537993825188
2020-02-25,-0.9708015464880522
2020-02-26,-0.9997633477971435
2020-02-27,0.0
2020-02-28,0.0
2020-03-02,0.0
2020-03-03,0.0
2020-03-04,0.0
2020-03-05,0.0
2020-03-06,0.0
2020-03-09,0.0
2020-03-10,0.0
2020-03-11,0.0
2020-03-12,0.0
2020-03-13,1.5543122344752192e-15
2020-03-16,-0.24475767748916022
2020-03-17,-0.3212146829435918
2020-03-18,-0.4399574967324382
2020-03-19,-0.5615124734020478
2020-03-20,-0.6893722604861732
2020-03-23,-0.8258401429881941
2020-03-24,-0.8841313642119553
2020-03-25,-0.8911012590395098
2020-03-26,-0.8977274472349757
2020-03-27,-0.9090544614809466
2020-03-30,-0.9130408623856714
2020-03-31,-0.9224738313874348
2020-04-01,-0.9352383515434495
2020-04-02,-0.937582069168416
2020-04-03,-0.9443571645022413
2020-04-06,-0.9368619622148304
2020-04-07,-0.9360514635417132
2020-04-08,-0.9256156531397346
2020-04-09,-0.9139592843863551
2020-04-13,-0.9148788584606196
2020-04-14,-0.905260419527421
2020-04-15,-0.9072608596247751
2020-04-16,-0.9097436148805313
2020-04-17,-0.9035972357878348
2020-04-20,-0.8910185710571221
2020-04-21,-0.883239032615414
2020-04-22,-0.8759292944264212
2020-04-23,-0.8705994292932555
2020-04-24,-0.8674660737724103
2020-04-27,-0.8508877951880125
2020-04-28,-0.8307509677804006
2020-04-29,-0.7889216345287107
2020-04-30,-0.7560800880117575
2020-05-01,-0.7389110618659811
2020-05-04,-0.7330853539633739
2020-05-05,-0.7375285722705334
2020-05-06,-0.7462974779713503
2020-05-07,-0.7445074675514554
2020-05-08,-0.7246343192913871
2020-05-11,-0.7137484692646412
2020-05-12,-0.7240751100580338
2020-05-13,-0.7490937363296659
2020-05-14,-0.7691678286264492
2020-05-15,-0.7968900469054692
2020-05-18,-0.8053223199186508
2020-05-19,-0.825128933729534
2020-05-20,-0.8370259907810826
2020-05-21,-0.8520100463966394
2020-05-22,-0.8686198585600517
2020-05-26,-0.8720060039311839
2020-05-27,-0.8562292240465974
2020-05-28,-0.8481828376359015
2020-05-29,-0.8407849682065729
2020-06-01,-0.8281055129390171
2020-06-02,-0.8091097117818644
2020-06-03,-0.7643843571194131
2020-06-04,-0.6861325569636785
2020-06-05,-0.5764209824359383
2020-06-08,-0.46671358252718353
2020-06-09,-0.3771180946904804
2020-06-10,-0.32305342725930153
2020-06-11,-0.3062799140258843
2020-06-12,-0.28184056551936854
2020-06-15,-0.25569411207497583
2020-06-16,-0.22430806533842218
2020-06-17,-0.19790167011492454
2020-06-18,-0.167470000974137
2020-06-19,-0.14133025748159334
2020-06-22,-0.12030081921569247
2020-06-23,-0.10986842480201098
2020-06-24,-0.1402675737137935
2020-06-25,-0.16474078398871406
2020-06-26,-0.2325535355438917
2020-06-29,-0.2797986835460313
2020-06-30,-0.30794501924820405
2020-07-01,-0.3478647533686572
2020-07-02,-0.3801749335140283
2020-07-06,-0.39795153677974726
2020-07-07,-0.4204897530402476
2020-07-08,-0.433852347435872
2020-07-09,-0.45548992862093174
2020-07-10,-0.4625003951087281
2020-07-13,-0.4749874193276533
2020-07-14,-0.48543030946884747
2020-07-15,-0.47934015956237275
2020-07-16,-0.48421332534832584
2020-07-17,-0.5103038243708302
2020-07-20,-0.5299115212802366
2020-07-21,-0.5298491498843809
2020-07-22,-0.5349874809121502
2020-07-23,-0.5353293797954373
2020-07-24,-0.5393072497745028
2020-07-27,-0.5577191131077253
2020-07-28,-0.5778223794691946
2020-07-29,-0.5920517061582282
2020-07-30,-0.6118536410116016
2020-07-31,-0.6358141810157252
2020-08-03,-0.6565592361309287
2020-08-04,-0.6699373504914383
2020-08-05,-0.6802890388759233
2020-08-06,-0.6991800335698322
2020-08-07,-0.7085302787218255
2020-08-10,-0.7198738468737744
2020-08-11,-0.7201277754196393
2020-08-12,-0.7215029461237252
2020-08-13,-0.7249823802705833
2020-08-14,-0.7244134028016536
2020-08-17,-0.7277538289164054
2020-08-18,-0.7280970540698055
2020-08-19,-0.7216012115906736
2020-08-20,-0.7255868817486135
2020-08-21,-0.7303917651141933
2020-08-24,-0.7292542794581958
2020-08-25,-0.724331308679572
2020-08-26,-0.7205566175451814
2020-08-27,-0.7108219755462712
2020-08-28,-0.6990898919072199
2020-08-31,-0.6942279118928287
2020-09-01,-0.6868054733202507
2020-09-02,-0.6776964614471221
2020-09-03,-0.6741279346295337
2020-09-04,-0.6626568770181152
2020-09-08,-0.6662372412166202
2020-09-09,-0.666196139074047
2020-09-10,-0.6697263189497829
2020-09-11,-0.6676729337940805
2020-09-14,-0.6609036094759935
2020-09-15,-0.6636052245866391
2020-09-16,-0.6568591496091125
2020-09-17,-0.6492985578502681
2020-09-18,-0.6395113579399585
2020-09-21,-0.6375330985663057
2020-09-22,-0.6382439803320963
2020-09-23,-0.6408220716282278
2020-09-24,-0.6474501790604408
2020-09-25,-0.648413338404283
2020-09-28,-0.6371900270358126
2020-09-29,-0.6299839843404169
2020-09-30,-0.6182512424978588
2020-10-01,-0.5909367107915786
2020-10-02,-0.5633345261324023
2020-10-05,-0.5429761714569565
2020-10-06,-0.5243752426026367
2020-10-07,-0.4936328884217738
2020-10-08,-0.462563406723302
2020-10-09,-0.4247756328293213
2020-10-12,-0.38300162808182114
2020-10-13,-0.35132790130466507
2020-10-14,-0.3256053780865906
2020-10-15,-0.27434909045802347
2020-10-16,-0.2186275494077068
2020-10-19,-0.1676299601263398
2020-10-20,-0.11289660339354723
2020-10-21,-0.06074961251052069
2020-10-22,0.008104552035031132
2020-10-23,0.07953783410828885
2020-10-26,0.13352033122232077
2020-10-27,0.17740785680799664
2020-10-28,0.21624577142493795
2020-10-29,0.28236091623894377
2020-10-30,0.3559609903745118
2020-11-02,0.42758568201377156
2020-11-03,0.5089179852151138
2020-11-04,0.5661655119100035
2020-11-05,0.6246791798800946
2020-11-06,0.6751058575474564
2020-11-09,0.7484405690802083
2020-11-10,0.8172755732242272
2020-11-11,0.8699849942456459
2020-11-12,0.9055334795878098
2020-11-13,0.9358560557752662
2020-11-16,0.9590467193591763
2020-11-17,0.9767535051304195
2020-11-18,0.9866215981818878
2020-11-19,0.992331686782542
2020-11-20,0.0
2020-11-23,0.0
2020-11-24,0.0
2020-11-25,0.0
2020-11-27,0.0
2020-11-30,0.0
2020-12-01,0.0
2020-12-02,0.0
2020-12-03,0.0
2020-12-04,0.0
2020-12-07,0.0
2020-12-08,2.6645352591003757e-15
2020-12-09,0.13128453907326176
2020-12-10,0.18022017691140801
2020-12-11,0.12382926527109928
2020-12-14,0.13181523592952904
2020-12-15,0.3086577890261406
2020-12-16,0.5329241719139279
2020-12-17,0.7096922040410576
2020-12-18,0.8400250924092469
2020-12-21,0.9106596664536901
2020-12-22,0.95026092252957
2020-12-23,0.980007073457803
2020-12-24,0.9915034441333692
2020-12-28,0.0
2020-12-29,0.0
2020-12-30,0.0
2020-12-31,0.0
2021-01-04,0.0
2021-01-05,0.0
2021-01-06,0.0
2021-01-07,0.0
2021-01-08,0.0
2021-01-11,0.0
2021-01-12,0.0
2021-01-13,4.440892098500626e-16
2021-01-14,0.1988785648574345
2021-01-15,0.3416893333169977
2021-01-19,0.48724528404259426
2021-01-20,0.5824276816156564
2021-01-21,0.6650099646189711
2021-01-22,0.7242437746870634
2021-01-25,0.7395277948215606
2021-01-26,0.7309948400487369
2021-01-27,0.6368750823212799
2021-01-28,0.5466657974691176
2021-01-29,0.36156315438186404
2021-02-01,0.24053872454017178
2021-02-02,0.16987945674032723
2021-02-03,0.05384144290481108
2021-02-04,0.015520990815556024
2021-02-05,0.001263713780569109
2021-02-08,-0.007949911172735469
2021-02-09,0.00020525370014046196
2021-02-10,-0.014680350378996954
2021-02-11,-0.012922518283509321
2021-02-12,0.07646242035669593
2021-02-16,0.26405273593163825
2021-02-17,0.44353275753935506
2021-02-18,0.6109761930195741
2021-02-19,0.7400193327299114
2021-02-22,0.8478014154991389
2021-02-23,0.9140118651338058
2021-02-24,0.9618679868301487
2021-02-25,0.9818671849785827
2021-02-26,0.9902950078621502
2021-03-01,0.0
2021-03-02,0.0
2021-03-03,0.0
2021-03-04,0.0
2021-03-05,0.0
2021-03-08,0.0
2021-03-09,0.0
2021-03-10,0.0
2021-03-11,0.0
2021-03-12,0.0
2021-03-15,0.0
2021-03-16,1.0436096431476471e-14
2021-03-17,0.1048059619679984
2021-03-18,0.26521538150855073
2021-03-19,0.40214670948983544
2021-03-22,0.3327378679362609
2021-03-23,0.03597796086477634
2021-03-24,-0.13017474898513592
2021-03-25,-0.12931767013707662
2021-03-26,-0.04031096560597103
2021-03-29,-0.19238928843527292
2021-03-30,-0.24243025163532916
2021-03-31,-0.23271084593411584
2021-04-01,-0.05029688686021938
2021-04-05,0.3500245731978371
2021-04-06,0.5806120867339193
2021-04-07,0.7316244622337273
2021-04-08,0.8266629632425584
2021-04-09,0.9153197310349974
2021-04-12,0.9639971482793785
2021-04-13,0.9777957744844517
2021-04-14,0.9906458582066244
2021-04-15,0.0
2021-04-16,0.0
2021-04-19,0.0
2021-04-20,0.0
2021-04-21,0.0
2021-04-22,0.0
2021-04-23,0.0
2021-04-26,0.0
2021-04-27,0.0
2021-04-28,0.0
2021-04-29,0.0
2021-04-30,0.0
2021-05-03,0.30615345803172467
2021-05-04,0.4985330616522312
2021-05-05,0.6921678067970474
2021-05-06,0.837709273775129
2021-05-07,0.9240495872812222
2021-05-10,0.9618803107894298
2021-05-11,0.979485469329469
2021-05-12,0.984505760444726
2021-05-13,0.9918287520746043
2021-05-14,0.0
2021-05-17,0.0
2021-05-18,0.0
2021-05-19,0.0
2021-05-20,0.0
2021-05-21,0.0
2021-05-24,0.0
2021-05-25,0.0
2021-05-26,0.0
2021-05-27,0.0
2021-05-28,0.0
2021-06-01,-1.0880185641326534e-14
2021-06-02,0.4079724124120516
2021-06-03,0.791443710309065
2021-06-04,0.9388780352026891
2021-06-07,0.976008918482153
2021-06-08,0.9929481529597555
2021-06-09,0.0
2021-06-10,0.0
2021-06-11,0.0
2021-06-14,0.0
2021-06-15,0.0
2021-06-16,0.0
2021-06-17,0.0
2021-06-18,0.0
2021-06-21,0.0
2021-06-22,0.0
2021-06-23,0.0
2021-06-24,-1.3322676295501878e-14
2021-06-25,0.24531011318195484
2021-06-28,0.3650609088535739
2021-06-29,0.45927961839289355
2021-06-30,0.4796160958365401
2021-07-01,0.6036964922976273
2021-07-02,0.6155136991295374
2021-07-06,0.34481034181912795
2021-07-07,-0.08262938714068668
2021-07-08,-0.7155607812542462
2021-07-09,-0.8562975251495857
2021-07-12,-0.8918580738973498
2021-07-13,-0.9153362426588143
2021-07-14,-0.9681844728510225
2021-07-15,-0.9871543620518219
2021-07-16,-0.9982032464397002
2021-07-19,0.0
2021-07-20,0.0
2021-07-21,0.0
2021-07-22,0.0
2021-07-23,0.0
2021-07-26,0.0
2021-07-27,0.0
2021-07-28,0.0
2021-07-29,0.0
2021-07-30,0.0
2021-08-02,0.0
2021-08-03,-7.327471962526033e-15
2021-08-04,-0.05725771332158813
2021-08-05,0.36066329700449007
2021-08-06,0.9449656241410711
2021-08-09,0.999852992255658
2021-08-10,0.0
2021-08-11,0.0
2021-08-12,0.0
2021-08-13,0.0
2021-08-16,0.0
2021-08-17,0.0
2021-08-18,0.0
2021-08-19,0.0
2021-08-20,0.0
2021-08-23,0.0
2021-08-24,0.0
2021-08-25,-1.021405182655144e-14
2021-08-26,0.04840348943356987
2021-08-27,0.41606993422986993
2021-08-30,0.41472468967063714
2021-08-31,0.3371054362741719
2021-09-01,0.30765980361297496
2021-09-02,0.2417493644009736
2021-09-03,0.06888604545112464
2021-09-07,-0.09957255111346086
2021-09-08,-0.3181438074680554
2021-09-09,-0.42514716387309304
2021-09-10,-0.6002265320357907
2021-09-13,-0.7035001820741298
2021-09-14,-0.8802862256146147
2021-09-15,-0.9347583897842178
2021-09-16,-0.9702518333713586
2021-09-17,-0.9889355848828258
2021-09-20,-0.998182329928047
2021-09-21,0.0
2021-09-22,0.0
2021-09-23,0.0
2021-09-24,0.0
2021-09-27,0.0
2021-09-28,0.0
2021-09-29,0.0
2021-09-30,0.0
2021-10-01,0.0
2021-10-04,0.0
2021-10-05,0.0
2021-10-06,-5.329070518200751e-15
2021-10-07,0.1908315220600112
2021-10-08,0.4272544889825056
2021-10-11,0.5715029111340262
2021-10-12,0.7152589326927976
2021-10-13,0.7841633898329716
2021-10-14,0.8825229593883723
2021-10-15,0.9664304105901211
2021-10-18,0.9913929422897516
2021-10-19,0.0
2021-10-20,0.0
2021-10-21,0.0
2021-10-22,0.0
2021-10-25,0.0
2021-10-26,0.0
2021-10-27,0.0
2021-10-28,0.0
2021-10-29,0.0
2021-11-01,0.0
2021-11-02,0.0
2021-11-03,1.7985612998927536e-14
2021-11-04,-0.22631239539926895
2021-11-05,-0.4894577003455447
2021-11-08,-0.5914824369523146
2021-11-09,-0.7981551412717871
2021-11-10,-0.9016375339403808
2021-11-11,-0.9297727175683577
2021-11-12,-0.919798708925283
2021-11-15,-0.9195414030289624
2021-11-16,-0.9247326411349281
2021-11-17,-0.9447718120974469
2021-11-18,-0.9510437056523608
2021-11-19,-0.9849054220514355
2021-11-22,-0.9844493798878364
2021-11-23,-0.9684686112301666
2021-11-24,-0.9345685504773122
2021-11-26,-0.9884146472784259
2021-11-29,-0.9968702572768475
2021-11-30,0.0
2021-12-01,0.0
2021-12-02,0.0
2021-12-03,0.0
2021-12-06,0.0
2021-12-07,0.0
2021-12-08,0.0
2021-12-09,0.0
2021-12-10,0.0
2021-12-13,0.0
2021-12-14,0.0
2021-12-15,8.659739592076221e-15
2021-12-16,0.5059699025280213
2021-12-17,0.7553158987462989
2021-12-20,0.7887695427324539
2021-12-21,0.9144206208532317
2021-12-22,0.9806705112124252
2021-12-23,0.9975899925982896
2021-12-27,0.0
2021-12-28,0.0
2021-12-29,0.0
2021-12-30,0.0
2021-12-31,0.0
2022-01-03,0.0
2022-01-04,0.0
2022-01-05,0.0
2022-01-06,0.0
2022-01-07,0.0
2022-01-10,0.0
2022-01-11,3.9968028886505635e-15
2022-01-12,0.4119988038186202
2022-01-13,0.6482346724749672
2022-01-14,0.8550752200524248
2022-01-18,0.911742630116926
2022-01-19,0.9415125254706791
2022-01-20,0.9610519157384421
2022-01-21,0.9624368789773114
2022-01-24,0.9608828714251731
2022-01-25,0.9583363663852831
2022-01-26,0.9647671994072156
2022-01-27,0.9687225891104914
2022-01-28,0.9686843268624818
2022-01-31,0.9627034723520487
2022-02-01,0.9685482899566324
2022-02-02,0.9745981269332671
2022-02-03,0.9746073666433903
2022-02-04,0.9836121802268833
2022-02-07,0.991372313790873
2022-02-08,0.0
2022-02-09,0.0
2022-02-10,0.0
2022-02-11,0.0
2022-02-14,0.0
2022-02-15,0.0
2022-02-16,0.0
2022-02-17,0.0
2022-02-18,0.0
2022-02-22,0.0
2022-02-23,0.0
2022-02-24,3.3306690738754696e-15
2022-02-25,-0.12876400646541653
2022-02-28,-0.30612889572800084
2022-03-01,-0.6880231656996343
2022-03-02,-0.8252603112418337
2022-03-03,-0.9192455161633937
2022-03-04,-0.9719730452851636
2022-03-07,-0.994562164518211
2022-03-08,0.0
2022-03-09,0.0
2022-03-10,0.0
2022-03-11,0.0
2022-03-14,0.0
2022-03-15,0.0
2022-03-16,0.0
2022-03-17,0.0
2022-03-18,0.0
2022-03-21,0.0
2022-03-22,0.0
2022-03-23,2.4424906541753444e-15
2022-03-24,0.2327062227041179
2022-03-25,0.44568092254001157
2022-03-28,0.6253373600697918
2022-03-29,0.7455322049841719
2022-03-30,0.7952585860007475
2022-03-31,0.7694098506716991
2022-04-01,0.7294946633756338
2022-04-04,0.6629558253402905
2022-04-05,0.5809746806821146
2022-04-06,0.4681345990320813
2022-04-07,0.3245357522995691
2022-04-08,0.2228624382368538
2022-04-11,0.1185095944503689
2022-04-12,-0.026867197806051735
2022-04-13,-0.06165580057972231
2022-04-14,-0.12455718780594927
2022-04-18,-0.38177550624133216
2022-04-19,-0.554639960665944
2022-04-20,-0.6989893044396316
2022-04-21,-0.8384035807358885
2022-04-22,-0.9354098947602922
2022-04-25,-0.9776162205539092
2022-04-26,-0.9942553816293569
2022-04-27,0.0
2022-04-28,0.0
2022-04-29,0.0
2022-05-02,0.0
2022-05-03,0.0
2022-05-04,0.0
2022-05-05,0.0
2022-05-06,0.0
2022-05-09,0.0
2022-05-10,0.0
2022-05-11,0.0
2022-05-12,2.886579864025407e-15
2022-05-13,-0.15034304758381278
2022-05-16,-0.41403367632284405
2022-05-17,-0.5455042075121224
2022-05-18,-0.7478447566124224
2022-05-19,-0.8864768877365512
2022-05-20,-0.9468650708369244
2022-05-23,-0.9617702930777361
2022-05-24,-0.9803184932440614
2022-05-25,-0.9839409710277465
2022-05-26,-0.9725721010118613
2022-05-27,-0.936477039103311
2022-05-31,-0.882220391401797
2022-06-01,-0.8167075741798473
2022-06-02,-0.6480620369753265
2022-06-03,-0.5022585550135958
2022-06-06,-0.4495347118921673
2022-06-07,-0.4274872694657732
2022-06-08,-0.49732313696385444
2022-06-09,-0.6246805185580064
2022-06-10,-0.7885492687950859
2022-06-13,-0.9197242201851927
2022-06-14,-0.9700151306195346
2022-06-15,-0.9892536374764251
2022-06-16,-0.9969975964373743
2022-06-17,0.0
2022-06-21,0.0
2022-06-22,0.0
2022-06-23,0.0
2022-06-24,0.0
2022-06-27,0.0
2022-06-28,0.0
2022-06-29,0.0
2022-06-30,0.0
2022-07-01,0.0
2022-07-05,0.0
2022-07-06,-1.3322676295501878e-15
2022-07-07,0.20199836705460128
2022-07-08,0.396305113303141
2022-07-11,0.3610995972479254
2022-07-12,0.22365526923168133
2022-07-13,-0.021052971903784634
2022-07-14,-0.38664349999988046
2022-07-15,-0.4913792838903186
2022-07-18,-0.6721921785912102
2022-07-19,-0.6509787113273351
2022-07-20,-0.6631914644726238
2022-07-21,-0.6494362835035803
2022-07-22,-0.6482055124649402
2022-07-25,-0.5884866702815308
2022-07-26,-0.7328027780065594
2022-07-27,-0.7618140152883313
2022-07-28,-0.3522689175776266
2022-07-29,0.341678614028577
2022-08-01,0.7932174187203351
2022-08-02,0.9408104529275578
2022-08-03,0.992971502586665
2022-08-04,0.0
2022-08-05,0.0
2022-08-08,0.0
2022-08-09,0.0
2022-08-10,0.0
2022-08-11,0.0
2022-08-12,0.0
2022-08-15,0.0
2022-08-16,0.0
2022-08-17,0.0
2022-08-18,0.0
2022-08-19,3.9968028886505635e-15
2022-08-22,0.0014607284317569302
2022-08-23,0.017965585663637818
2022-08-24,0.06560927726478827
2022-08-25,0.1496598223403367
2022-08-26,0.10917299436553263
2022-08-29,0.07360206627012289
2022-08-30,0.0701492060333504
2022-08-31,-0.014877466453923294
2022-09-01,-0.056110956182076066
2022-09-02,-0.16388062916805435
2022-09-06,-0.25810615557613215
2022-09-07,-0.2863777417468212
2022-09-08,-0.25265219646483783
2022-09-09,-0.15776789204947983
2022-09-12,-0.04705365103588588
2022-09-13,-0.027374707799395992
2022-09-14,-0.017151063334421845
2022-09-15,-0.01460703721502754
2022-09-16,-0.04225585855839542
2022-09-19,0.007762729348919972
2022-09-20,0.04144049038715791
2022-09-21,0.0562870579116439
2022-09-22,0.03683446795016021
2022-09-23,-0.02814150170255525
2022-09-26,-0.09116728901271598
2022-09-27,-0.12405415043613677
2022-09-28,-0.09539985990364319
2022-09-29,-0.09003915437967991
2022-09-30,-0.11300818734645746
2022-10-03,-0.08698684022730463
2022-10-04,0.04684795455889512
2022-10-05,0.16628385243131105
2022-10-06,0.2814552205178207
2022-10-07,0.335907432164414
2022-10-10,0.36464701285214396
2022-10-11,0.33592637908245604
2022-10-12,0.31295516879439744
2022-10-13,0.3569209024006541
2022-10-14,0.2447686598449581
2022-10-17,0.07920751741658272
2022-10-18,-0.04850999388218491
2022-10-19,-0.16952107158833774
2022-10-20,-0.30559915753273925
2022-10-21,-0.3664328965070798
2022-10-24,-0.41368694295350106
2022-10-25,-0.41225518903657776
2022-10-26,-0.3977836448711751
2022-10-27,-0.2610895573609975
2022-10-28,-0.03197745452058309
2022-10-31,0.18097243346522096
2022-11-01,0.38405036248550894
2022-11-02,0.5374219252071173
2022-11-03,0.6653470270855357
2022-11-04,0.7679702353903037
2022-11-07,0.8512091511539293
2022-11-08,0.9086199120230003
2022-11-09,0.9410124482430966
2022-11-10,0.9639106981749075
2022-11-11,0.9781903918811428
2022-11-14,0.9845915217774643
2022-11-15,0.9910386708761412
2022-11-16,0.0
2022-11-17,0.0
2022-11-18,0.0
2022-11-21,0.0
2022-11-22,0.0
2022-11-23,0.0
2022-11-25,0.0
2022-11-28,0.0
2022-11-29,0.0
2022-11-30,0.0
2022-12-01,0.0
2022-12-02,8.43769498715119e-15
2022-12-05,0.0956005748303419
2022-12-06,0.09998427896400419
2022-12-07,0.05424096148071755
2022-12-08,0.01863263027234252
2022-12-09,-0.06545189202270496
2022-12-12,-0.09088109660029708
2022-12-13,-0.3825914973571174
2022-12-14,-0.6445341965399924
2022-12-15,-0.8271052497796925
2022-12-16,-0.8980436018566595
2022-12-19,-0.9409392272129029
2022-12-20,-0.9509910694931125
2022-12-21,-0.9343657071980698
2022-12-22,-0.9237392533464939
2022-12-23,-0.889106501871598
2022-12-27,-0.8295627263382417
2022-12-28,-0.7461187648843381
2022-12-29,-0.6237304352176873
2022-12-30,-0.4324096800189632
2023-01-03,-0.3186811893693908
2023-01-04,-0.08381959052431265
2023-01-05,0.13180685429439043
2023-01-06,0.4357772157198734
2023-01-09,0.7136303347827071
2023-01-10,0.881588095094828
2023-01-11,0.9322222481687152
2023-01-12,0.9634513464837131
2023-01-13,0.9785826085295561
2023-01-17,0.9893511362106309
2023-01-18,0.9907697652131504
2023-01-19,0.0
2023-01-20,0.0
2023-01-23,0.0
2023-01-24,0.0
2023-01-25,0.0
2023-01-26,0.0
2023-01-27,0.0
2023-01-30,0.0
2023-01-31,0.0
2023-02-01,0.0
2023-02-02,0.0
2023-02-03,-9.325873406851315e-15
2023-02-06,0.3565199739209568
2023-02-07,0.7438460881735951
2023-02-08,0.9032013991508776
2023-02-09,0.9565638131128316
2023-02-10,0.9877625502849934
2023-02-13,0.9969116677228724
2023-02-14,0.0
2023-02-15,0.0
2023-02-16,0.0
2023-02-17,0.0
2023-02-21,0.0
2023-02-22,0.0
2023-02-23,0.0
2023-02-24,0.0
2023-02-27,0.0
2023-02-28,0.0
2023-03-01,0.0
2023-03-02,0.0
2023-03-03,-0.2561864474090054
2023-03-06,-0.5590022047881971
2023-03-07,-0.8560845647745259
2023-03-08,-0.9433638346683091
2023-03-09,-0.9998862167703861
2023-03-10,0.0
2023-03-13,0.0
2023-03-14,0.0
2023-03-15,0.0
2023-03-16,0.0
2023-03-17,0.0
2023-03-20,0.0
2023-03-21,0.0
2023-03-22,0.0
2023-03-23,0.0
2023-03-24,0.0
2023-03-27,-2.6645352591003757e-15
2023-03-28,-0.19943754995976026
2023-03-29,-0.26904158474491635
2023-03-30,-0.5207801279538034
2023-03-31,-0.709666370867593
2023-04-03,-0.8568874991883515
2023-04-04,-0.9539312796607176
2023-04-05,-0.9906784427492148
2023-04-06,0.0
2023-04-10,0.0
2023-04-11,0.0
2023-04-12,0.0
2023-04-13,0.0
2023-04-14,0.0
2023-04-17,0.0
2023-04-18,0.0
2023-04-19,0.0
2023-04-20,0.0
2023-04-21,0.0
2023-04-24,-3.9968028886505635e-15
2023-04-25,-0.19265278150401421
2023-04-26,-0.4093695730776985
2023-04-27,-0.4777006567495561
2023-04-28,-0.49099791893327205
2023-05-01,-0.54193456193774
2023-05-02,-0.7099436775242638
2023-05-03,-0.898685252116747
2023-05-04,-0.9772509774253646
2023-05-05,-0.9918453452628413
2023-05-08,0.0
2023-05-09,0.0
2023-05-10,0.0
2023-05-11,0.0
2023-05-12,0.0
2023-05-15,0.0
2023-05-16,0.0
2023-05-17,0.0
2023-05-18,0.0
2023-05-19,0.0
2023-05-22,0.0
2023-05-23,3.3306690738754696e-15
2023-05-24,0.2181182372611663
2023-05-25,0.5828643080724447
2023-05-26,0.7847284329802702
2023-05-30,0.9033178157028643
2023-05-31,0.9457539441285328
2023-06-01,0.9704634426241674
2023-06-02,0.9906788204142891
2023-06-05,0.0
2023-06-06,0.0
2023-06-07,0.0
2023-06-08,0.0
2023-06-09,0.0
2023-06-12,0.0
2023-06-13,0.0
2023-06-14,0.0
2023-06-15,0.0
2023-06-16,0.0
2023-06-20,0.0
2023-06-21,-1.199040866595169e-14
2023-06-22,-0.5072045916901269
2023-06-23,-0.8199028618781701
2023-06-26,-0.9347557148838539
2023-06-27,-0.8735295632899744
2023-06-28,-0.6811436195555991
2023-06-29,0.049092327550499304
2023-06-30,0.6205747309232135
2023-07-03,0.9605994929187003
2023-07-05,0.9947808652399752
2023-07-06,0.0
2023-07-07,0.0
2023-07-10,0.0
2023-07-11,0.0
2023-07-12,0.0
2023-07-13,0.0
2023-07-14,0.0
2023-07-17,0.0
2023-07-18,0.0
2023-07-19,0.0
2023-07-20,0.0
2023-07-21,1.9984014443252818e-15
2023-07-24,0.2814422317345826
2023-07-25,0.46901792759945016
2023-07-26,0.6549776509581264
2023-07-27,0.768730446987989
2023-07-28,0.8510977767263286
2023-07-31,0.907890700677281
2023-08-01,0.9417408257875404
2023-08-02,0.9619512888414836
2023-08-03,0.9770135522097843
2023-08-04,0.9844337667305281
2023-08-07,0.9909122528261571
2023-08-08,0.0
2023-08-09,0.0
2023-08-10,0.0
2023-08-11,0.0
2023-08-14,0.0
2023-08-15,0.0
2023-08-16,0.0
2023-08-17,0.0
2023-08-18,0.0
2023-08-21,0.0
2023-08-22,0.0
2023-08-23,-2.4424906541753444e-15
2023-08-24,-0.2577225298289514
2023-08-25,-0.45492428158536113
2023-08-28,-0.5663309569328834
2023-08-29,-0.6400951379333908
2023-08-30,-0.6891122954938265
2023-08-31,-0.7530091775429688
2023-09-01,-0.7652361596449415
2023-09-05,-0.7998739349263699
2023-09-06,-0.8602320798564855
2023-09-07,-0.9102951631193934
2023-09-08,-0.9280824122867626
2023-09-11,-0.9377147505661267
2023-09-12,-0.9397158976359621
2023-09-13,-0.9560432409556112
2023-09-14,-0.9622427068738932
2023-09-15,-0.9748650323331431
2023-09-18,-0.9844479062829645
2023-09-19,-0.9907317566994409
2023-09-20,0.0
2023-09-21,0.0
2023-09-22,0.0
2023-09-25,0.0
2023-09-26,0.0
2023-09-27,0.0
2023-09-28,0.0
2023-09-29,0.0
2023-10-02,0.0
2023-10-03,0.0
2023-10-04,0.0
2023-10-05,-4.440892098500626e-15
2023-10-06,-0.29199738903114114
2023-10-09,-0.5091422872541078
2023-10-10,-0.6720972433917014
2023-10-11,-0.7823212762027791
2023-10-12,-0.8726762742221912
2023-10-13,-0.9318536707513865
2023-10-16,-0.9305029296055747
2023-10-17,-0.9299491563452755
2023-10-18,-0.957158424840731
2023-10-19,-0.9738013910713941
2023-10-20,-0.9885442148312664
2023-10-23,-0.997210744061134
2023-10-24,0.0
2023-10-25,0.0
2023-10-26,0.0
2023-10-27,0.0
2023-10-30,0.0
2023-10-31,0.0
2023-11-01,0.0
2023-11-02,0.0
2023-11-03,0.0
2023-11-06,0.0
2023-11-07,0.0
2023-11-08,-6.661338147750939e-16
2023-11-09,0.14944377808687825
2023-11-10,0.30378604563781675
2023-11-13,0.4049108031720716
2023-11-14,0.5460479617347072
2023-11-15,0.7206108971143741
2023-11-16,0.8251848071012966
2023-11-17,0.914998510936377
2023-11-20,0.9596498756432177
2023-11-21,0.9792388324295254
2023-11-22,0.9894815626729281
2023-11-24,0.9954503191363113
2023-11-27,0.0
2023-11-28,0.0
2023-11-29,0.0
2023-11-30,0.0
2023-12-01,0.0
2023-12-04,0.0
2023-12-05,0.0
2023-12-06,0.0
2023-12-07,0.0
2023-12-08,0.0
2023-12-11,0.0
2023-12-12,2.886579864025407e-15
2023-12-13,0.3450825382204452
2023-12-14,0.8000543720770041
2023-12-15,0.9609742914517698
2023-12-18,0.9920999278145544
2023-12-19,0.0
2023-12-20,0.0
2023-12-21,0.0
2023-12-22,0.0
2023-12-26,0.0
2023-12-27,0.0
2023-12-28,0.0
2023-12-29,0.0
2024-01-02,0.0
2024-01-03,0.0
2024-01-04,0.0
2024-01-05,-1.2878587085651816e-14
2024-01-08,-0.12061325066152428
2024-01-09,-0.42522678664871516
2024-01-10,-0.7590341986022979
2024-01-11,-0.9398748468485048
2024-01-12,-0.9893204571505299
2024-01-16,-0.9993195661878314
2024-01-17,0.0
2024-01-18,0.0
2024-01-19,0.0
2024-01-22,0.0
2024-01-23,0.0
2024-01-24,0.0
2024-01-25,0.0
2024-01-26,0.0
2024-01-29,0.0
2024-01-30,0.0
2024-01-31,0.0
2024-02-01,-1.1102230246251565e-14
2024-02-02,-0.20955173288058515
2024-02-05,-0.5549955163293918
2024-02-06,-0.8481686893547595
2024-02-07,-0.9338971075206841
2024-02-08,-0.9645255588805453
2024-02-09,-0.9548073399547925
2024-02-12,-0.8610652546512705
2024-02-13,-0.9007220825884144
2024-02-14,-0.9097195385541563
2024-02-15,-0.7590188308435755
2024-02-16,-0.549433018435137
2024-02-20,-0.4727153696729589
2024-02-21,-0.2606181587763938
2024-02-22,0.09358773579045154
2024-02-23,0.37601316751191294
2024-02-26,0.5973634088155402
2024-02-27,0.8568904441569498
2024-02-28,0.9693583513325348
2024-02-29,0.9984933552180133
2024-03-01,0.0
2024-03-04,0.0
2024-03-05,0.0
2024-03-06,0.0
2024-03-07,0.0
2024-03-08,0.0
2024-03-11,0.0
2024-03-12,0.0
2024-03-13,0.0
2024-03-14,0.0
2024-03-15,0.0
2024-03-18,0.0
2024-03-19,0.3690175683117012
2024-03-20,0.8647394788704315
2024-03-21,0.9991772071905887
2024-03-22,0.0
2024-03-25,0.0
2024-03-26,0.0
2024-03-27,0.0
2024-03-28,0.0
2024-04-01,0.0
2024-04-02,0.0
2024-04-03,0.0
2024-04-04,0.0
2024-04-05,0.0
2024-04-08,0.0
2024-04-09,0.0
2024-04-10,-0.30215675605242676
2024-04-11,-0.6822436695059049
2024-04-12,-0.9380803899620886
2024-04-15,-0.9637383800150487
2024-04-16,-0.8491820463681097
2024-04-17,-0.7202292861838131
2024-04-18,-0.4191706184929189
2024-04-19,0.12966688791553516
2024-04-22,0.7707428986759026
2024-04-23,0.9906238882041163
2024-04-24,0.0
2024-04-25,0.0
2024-04-26,0.0
2024-04-29,0.0
2024-04-30,0.0
2024-05-01,0.0
2024-05-02,0.0
2024-05-03,0.0
2024-05-06,0.0
2024-05-07,0.0
2024-05-08,0.0
2024-05-09,1.6209256159527285e-14
2024-05-10,0.26847070833693176
2024-05-13,0.16268644181401837
2024-05-14,0.586434490116174
2024-05-15,0.9396474331382536
2024-05-16,0.9928213324543562
2024-05-17,0.0
2024-05-20,0.0
2024-05-21,0.0
2024-05-22,0.0
2024-05-23,0.0
2024-05-24,0.0
2024-05-28,0.0
2024-05-29,0.0
2024-05-30,0.0
2024-05-31,0.0
2024-06-03,0.0
2024-06-04,0.0
2024-06-05,0.03277674891057547
2024-06-06,0.05370261604870441
2024-06-07,0.05242574267193856
2024-06-10,0.06261742961681782
2024-06-11,0.03192721790364139
2024-06-12,0.009519273444982712
2024-06-13,-0.02151863958748179
2024-06-14,-0.058832082859979096
2024-06-17,-0.11826069434819941
2024-06-18,-0.1728030598841206
2024-06-20,-0.23130688063962634
2024-06-21,-0.2551623913913217
2024-06-24,-0.2208214065392542
2024-06-25,-0.21767406939025968
2024-06-26,-0.2445086289134386
2024-06-27,-0.256647518176528
2024-06-28,-0.26262511985835335
2024-07-01,-0.2801584624108129
2024-07-02,-0.2660418226380128
2024-07-03,-0.25320007983172466
2024-07-05,-0.27941230844240983
2024-07-08,-0.30298808615261485
2024-07-09,-0.27458101754558584
2024-07-10,-0.24265294713786179
2024-07-11,-0.15265965060603293
2024-07-12,-0.0916529884727022
2024-07-15,-0.044234046725699194
2024-07-16,-0.2956658470934199
2024-07-17,-0.6183622532276873
2024-07-18,-0.8481887122142684
2024-07-19,-0.9531520402342375
2024-07-22,-0.9837104463707234
2024-07-23,-0.994723464351241
2024-07-24,0.0
2024-07-25,0.0
2024-07-26,0.0
2024-07-29,0.0
2024-07-30,0.0
2024-07-31,0.0
2024-08-01,0.0
2024-08-02,0.0
2024-08-05,0.0
2024-08-06,0.0
2024-08-07,0.0
2024-08-08,1.1102230246251565e-15
2024-08-09,-0.2126345246817356
2024-08-12,-0.47375167026456544
2024-08-13,-0.6044572867001776
2024-08-14,-0.4344786813485355
2024-08-15,-0.2645837935744366
2024-08-16,-0.05166407228638725
2024-08-19,0.15702936951846347
2024-08-20,0.26421682369514565
2024-08-21,0.33350265858945916
2024-08-22,0.3671876292480356
2024-08-23,0.410393838045662
2024-08-26,0.45873472216620925
2024-08-27,0.45403814020891353
2024-08-28,0.4557508090821567
2024-08-29,0.5351274259012513
2024-08-30,0.6170128898496796
2024-09-03,0.6684202349709834
2024-09-04,0.6620416333275099
2024-09-05,0.6429710000642266
2024-09-06,0.5718110767639106
2024-09-09,0.5037815628917015
2024-09-10,0.43661011622809554
2024-09-11,0.39531099543517323
2024-09-12,0.21590031069707227
2024-09-13,0.0626657731949889
2024-09-16,0.046318452011438804
2024-09-17,0.04313274763536845
2024-09-18,0.01652753832564735
2024-09-19,0.08994527892103554
2024-09-20,0.21110821435127458
2024-09-23,0.29026592648021365
2024-09-24,0.33947483458530336
2024-09-25,0.34808929316108683
2024-09-26,0.3423695618599143
2024-09-27,0.3771556421309288
2024-09-30,0.436043942167577
2024-10-01,0.4345853822023653
2024-10-02,0.3969541903639653
2024-10-03,0.36238252139934746
2024-10-04,0.4161028891506473
2024-10-07,0.4386814627052993
2024-10-08,0.4963608209322321
2024-10-09,0.6407174233690647
2024-10-10,0.7522569096089309
2024-10-11,0.8615720218342338
2024-10-14,0.9303499749599244
2024-10-15,0.9875824049024151
2024-10-16,0.9985518894301084
2024-10-17,0.0
2024-10-18,0.0
2024-10-21,0.0
2024-10-22,0.0
2024-10-23,0.0
2024-10-24,0.0
2024-10-25,0.0
2024-10-28,0.0
2024-10-29,0.0
2024-10-30,0.0
2024-10-31,0.0
2024-11-01,-2.3314683517128287e-14
2024-11-04,-0.20466496957801694
2024-11-05,-0.26399588346134784
2024-11-06,0.8869771927400958
2024-11-07,0.9762995838443871
2024-11-08,0.9990842223986749
2024-11-11,0.0
2024-11-12,0.0
2024-11-13,0.0
2024-11-14,0.0
2024-11-15,0.0
2024-11-18,0.0
2024-11-19,0.0
2024-11-20,0.0
2024-11-21,0.0
2024-11-22,0.0
2024-11-25,0.0
2024-11-26,9.103828801926284e-15
2024-11-27,0.34411453220621624
2024-11-29,0.6256058664003186
2024-12-02,0.7097425113946361
2024-12-03,0.7582018643510016
2024-12-04,0.8207066037964226
2024-12-05,0.880146432882744
2024-12-06,0.9115692948399761
2024-12-09,0.9359437312293244
2024-12-10,0.9656233803734755
2024-12-11,0.9827619529016451
2024-12-12,0.9930701081087849
2024-12-13,0.0
2024-12-16,0.0
2024-12-17,0.0
2024-12-18,0.0
2024-12-19,0.0
2024-12-20,0.0
2024-12-23,0.0
2024-12-24,0.0
2024-12-26,0.0
2024-12-27,0.0
2024-12-30,0.0
2024-12-31,0.0
2025-01-02,-0.1726910520002436
2025-01-03,-0.2598813016816852
2025-01-06,-0.33541342851232514
2025-01-07,-0.5942950165364491
2025-01-08,-0.7322754266652165
2025-01-10,-0.8384171062509655
2025-01-13,-0.9090182985036268
2025-01-14,-0.9551332521176985
2025-01-15,-0.9684909026125832
2025-01-16,-0.962015898165365
2025-01-17,-0.9427930585850701
2025-01-21,-0.7829682887546605
2025-01-22,-0.4718875200759247
2025-01-23,0.08501041080618577
2025-01-24,0.5706985308183119
2025-01-27,0.8718492347188846
2025-01-28,0.967919322804704
2025-01-29,0.9945756032646613
2025-01-30,0.0
2025-01-31,0.0
2025-02-03,0.0
2025-02-04,0.0
2025-02-05,0.0
2025-02-06,0.0
2025-02-07,0.0
2025-02-10,0.0
2025-02-11,0.0
2025-02-12,0.0
2025-02-13,0.0
2025-02-14,-1.354472090042691e-14
2025-02-18,-0.13852765378673326
2025-02-19,-0.1513984195384701
2025-02-20,-0.2005951934375403
2025-02-21,-0.4972847203259152
2025-02-24,-0.7462919635822893
2025-02-25,-0.9367666574831142
2025-02-26,-0.9908662980829834
2025-02-27,0.0
2025-02-28,0.0
2025-03-03,0.0
2025-03-04,0.0
2025-03-05,0.0
2025-03-06,0.0
2025-03-07,0.0
2025-03-10,0.0
2025-03-11,0.0
2025-03-12,0.0
2025-03-13,0.0
2025-03-14,0.0
2025-03-17,0.19260464541883882
2025-03-18,0.34550402528532964
2025-03-19,0.5514622144042751
2025-03-20,0.6984213975680005
2025-03-21,0.7977551795117277
2025-03-24,0.9013966381984304
2025-03-25,0.9625730639243035
2025-03-26,0.9851341014300508
2025-03-27,0.9936186186871971
2025-03-28,0.0
2025-03-31,0.0
2025-04-01,0.0
2025-04-02,0.0
2025-04-03,0.0
2025-04-04,0.0
2025-04-07,0.0
2025-04-08,0.0
2025-04-09,0.0
2025-04-10,0.0
2025-04-11,0.0
2025-04-14,3.774758283725532e-15
2025-04-15,0.14261351060295202
2025-04-16,0.18335982020168506
2025-04-17,0.24656681364988575
2025-04-21,0.23975460173853969
2025-04-22,0.3186837118231822
2025-04-23,0.4491778027817839
2025-04-24,0.6177048843984783
2025-04-25,0.7592773692894492
2025-04-28,0.8594753224272353
2025-04-29,0.9323763643369587
2025-04-30,0.9703520200946385
2025-05-01,0.9880864076677878
2025-05-02,0.9966515329579657
2025-05-05,0.0
2025-05-06,0.0
2025-05-07,0.0
2025-05-08,0.0
2025-05-09,0.0
2025-05-12,0.0
2025-05-13,0.0
2025-05-14,0.0
2025-05-15,0.0
2025-05-16,0.0
2025-05-19,0.0
2025-05-20,-5.551115123125783e-15
2025-05-21,0.14322029117440271
2025-05-22,0.2496638450552413
2025-05-23,0.3518547808452843
2025-05-27,0.5237159389104846
2025-05-28,0.6295565312545033
2025-05-29,0.70221713617036
2025-05-30,0.7829055913551475
2025-06-02,0.8376448623160766
2025-06-03,0.8772043716638636
2025-06-04,0.8985042800572312
2025-06-05,0.9124056729147296
2025-06-06,0.937288429301095
2025-06-09,0.9550898981568998
2025-06-10,0.9684224399833785
2025-06-11,0.9785260891204057
2025-06-12,0.9858116830570609
2025-06-13,0.9880585011113754
2025-06-16,0.9929527265543201
2025-06-17,0.0
2025-06-18,0.0
2025-06-20,0.0
2025-06-23,0.0
2025-06-24,0.0
2025-06-25,0.0
2025-06-26,0.0
2025-06-27,0.0
2025-06-30,0.0
2025-07-01,0.0
2025-07-02,0.0
2025-07-03,-3.1086244689504383e-15
2025-07-07,0.5060921752186691
2025-07-08,0.7508478647932866
2025-07-09,0.9072579380312837
2025-07-10,0.9812013802835708
2025-07-11,0.9936963011625553
2025-07-14,0.0
2025-07-15,0.0
2025-07-16,0.0
2025-07-17,0.0
2025-07-18,0.0
2025-07-21,0.0
2025-07-22,0.0
2025-07-23,0.0
2025-07-24,0.0
2025-07-25,0.0
2025-07-28,0.0
2025-07-29,-5.773159728050814e-15
2025-07-30,0.32338618338127856
2025-07-31,0.5209497167936952
2025-08-01,0.538549151188225
2025-08-04,0.648600598829024
2025-08-05,0.7053034341004252
2025-08-06,0.7641135737887788
2025-08-07,0.7870919245591139
2025-08-08,0.8484409703843316
2025-08-11,0.9042129522634468
2025-08-12,0.9527747568966407
2025-08-13,0.9558384779628213
2025-08-14,0.9744025935831568
2025-08-15,0.9785927325759012
2025-08-18,0.9823291917287897
2025-08-19,0.9839810136026117
2025-08-20,0.9846392628236098
2025-08-21,0.9862584014158111
2025-08-22,0.9877297939271033
2025-08-25,0.9898797877125725
2025-08-26,0.9934169031830034
2025-08-27,0.0
2025-08-28,0.0
2025-08-29,0.0
2025-09-02,0.0
2025-09-03,0.0
2025-09-04,0.0
2025-09-05,0.0
2025-09-08,0.0
2025-09-09,0.0
2025-09-10,0.0
2025-09-11,0.0
2025-09-12,1.176836406102666e-14
2025-09-15,-0.3083286848455413
2025-09-16,-0.6376908462011595
2025-09-17,-0.7889238625154289
2025-09-18,-0.8435455189582985
2025-09-19,-0.8513257350187122
2025-09-22,-0.8554183048119774
2025-09-23,-0.8752475123020473
2025-09-24,-0.9257444419002019
2025-09-25,-0.9205934724753253
2025-09-26,-0.9013239651509024
2025-09-29,-0.8387770473483962
2025-09-30,-0.8100018717861319
2025-10-01,-0.8799833983725478
2025-10-02,-0.918945346755869
2025-10-03,-0.9268291239990387
2025-10-06,-0.9350450743342726
2025-10-07,-0.9421867729292022
2025-10-08,-0.9509388489471335
2025-10-09,-0.9562037668886936
2025-10-10,-0.9755353644829994
2025-10-13,-0.9807283514223462
2025-10-14,-0.9852041551464985
2025-10-15,-0.9857407043342912
2025-10-16,-0.9890013248954861
2025-10-17,-0.9898663327196522
2025-10-20,-0.9886601310091732
2025-10-21,-0.9869650904950189
2025-10-22,-0.987527142064327
2025-10-23,-0.9872583871500795
2025-10-24,-0.9875152340846658
2025-10-27,-0.9865902897490881
2025-10-28,-0.9884207111140368
2025-10-29,-0.9881903178160707
2025-10-30,-0.9884771713114862
2025-10-31,-0.9884945895549397
2025-11-03,-0.9914406698142952
2025-11-04,0.0
2025-11-05,0.0
2025-11-06,0.0
2025-11-07,0.0
2025-11-10,0.0
2025-11-11,0.0
2025-11-12,0.0
2025-11-13,0.0
2025-11-14,0.0
2025-11-17,0.0
2025-11-18,0.0
2025-11-19,6.217248937900877e-15
2025-11-20,-0.48283395663022155
2025-11-21,-0.7868617659952288
2025-11-24,-0.9282860260686296
2025-11-25,-0.9778968809990871
2025-11-26,-0.9903583734286756
2025-11-28,0.0
2025-12-01,0.0
2025-12-02,0.0
2025-12-03,0.0
2025-12-04,0.0
2025-12-05,0.0
2025-12-08,0.0
2025-12-09,0.0
2025-12-10,0.0
2025-12-11,0.0
2025-12-12,0.0
2025-12-15,-1.0436096431476471e-14
2025-12-16,0.21473493142047229
2025-12-17,0.47086807718646995
2025-12-18,0.7129764579204494
2025-12-19,0.9158621073064486
2025-12-22,0.9940892643022259
2025-12-23,0.0
2025-12-24,0.0
2025-12-26,0.0
2025-12-29,0.0
2025-12-30,0.0
2025-12-31,0.0
2026-01-02,0.0
2026-01-05,0.0
2026-01-06,0.0
2026-01-07,0.0
2026-01-08,0.0
2026-01-09,-2.886579864025407e-15
2026-01-12,0.059706185474655005
2026-01-13,-0.01610378679831226
2026-01-14,0.043576247426384995
2026-01-15,0.23906744847600248
2026-01-16,0.5520526087353859
2026-01-20,0.46323576855119586
2026-01-21,0.47887732110236647
2026-01-22,0.7272831075229813
2026-01-23,0.7626231281386526
2026-01-26,0.8389559013201795
2026-01-27,0.9201507908172213
2026-01-28,0.9590297497163538
2026-01-29,0.9799299343605758
2026-01-30,0.9924504899579085
2026-02-02,0.0
2026-02-03,0.0
2026-02-04,0.0
2026-02-05,0.0
2026-02-06,0.0
2026-02-09,0.0
2026-02-10,0.0
2026-02-11,0.0
2026-02-12,0.0
2026-02-13,0.0
2026-02-17,0.0
2026-02-18,2.6645352591003757e-15
2026-02-19,-0.25036375283073986
2026-02-20,-0.4558351879918072
2026-02-23,-0.6530344994646173
2026-02-24,-0.7833646644144774
2026-02-25,-0.8403915999208451
2026-02-26,-0.8576405773155389
2026-02-27,-0.8971698513237796
2026-03-02,-0.9241519225767048
2026-03-03,-0.9456717206437402
2026-03-04,-0.957985078130493
2026-03-05,-0.9695973242380822
2026-03-06,-0.9784917691766954
2026-03-09,-0.9861970730096583
2026-03-10,-0.9923572366979954
2026-03-11,0.0
2026-03-12,0.0
2026-03-13,0.0
2026-03-16,0.0
2026-03-17,0.0
2026-03-18,0.0
2026-03-19,0.0
2026-03-20,0.0
2026-03-23,0.0
2026-03-24,0.0
2026-03-25,0.0
2026-03-26,2.6645352591003757e-15
2026-03-27,-0.27039525078894844
2026-03-30,-0.3938469084567806
2026-03-31,-0.3710429953817711
2026-04-01,-0.5642663860376982
2026-04-02,-0.5664617855743479
2026-04-06,-0.6503720723553656
2026-04-07,-0.6900433812039712
2026-04-08,-0.37385129633597014
2026-04-09,0.09159010958374947
2026-04-10,0.20931107582299435
2026-04-13,0.5426546396011864
2026-04-14,0.8563339579489455
2026-04-15,0.9859834254090993
2026-04-16,0.9725991538842504
2026-04-17,0.9441611333878841
2026-04-20,0.9220118545990521
2026-04-21,0.8507284009516194
2026-04-22,0.7264019043881826
2026-04-23,0.2780621025776915
2026-04-24,-0.3249878236325663
2026-04-27,-0.6069003377459183
2026-04-28,-0.7945910133162695
2026-04-29,-0.8951946230590313
2026-04-30,-0.9430381094081863
2026-05-01,-0.9715549649658604
2026-05-04,-0.9868302227067614
2026-05-05,-0.9917474852202324
2026-05-06,0.0
2026-05-07,0.0
2026-05-08,0.0
2026-05-11,0.0
2026-05-12,0.0
2026-05-13,0.0
2026-05-14,0.0
2026-05-15,0.0
2026-05-18,0.0
2026-05-19,0.0
2026-05-20,0.0
2026-05-21,-7.105427357601002e-15
2026-05-22,-0.02705508846920046
2026-05-26,-0.16650317671104586
2026-05-27,-0.7206560655596883
2026-05-28,-0.9482512324234667
2026-05-29,-0.9839405549570417
2026-06-01,-0.9909119642758808
2026-06-02,0.0
2026-06-03,0.0
2026-06-04,0.0
2026-06-05,0.0
2026-06-08,0.0
2026-06-09,0.0
2026-06-10,0.0
2026-06-11,0.0
2026-06-12,0.0
2026-06-15,0.0
2026-06-16,0.0
2026-06-17,9.547918011776346e-15
2026-06-18,0.18313104089281906
2026-06-22,0.3706563916656871
2026-06-23,0.5981390466036776
2026-06-24,0.677081908920897
2026-06-25,0.6504993190106756
2026-06-26,0.6855554070700638
2026-06-29,0.7117298083655643
2026-06-30,0.797431397002603
2026-07-01,0.9269808056852908
2026-07-02,0.9833897596528267
2026-07-06,0.9989738498181335
2026-07-07,0.0
2026-07-08,0.0
2026-07-09,0.0
2026-07-10,0.0
2026-07-13,0.0
2026-07-14,0.0
2026-07-15,0.0
2026-07-16,0.0
2026-07-17,0.0
2026-07-20,0.0
2026-07-21,0.0
2026-07-22,-1.3988810110276972e-14
2026-07-23,-0.06482730872486497
2026-07-24,-0.042436770828133685
2026-07-27,0.4428103063792004
