2005-01-03,0.0
2005-01-04,0.0
2005-01-05,0.0
2005-01-06,0.0
2005-01-07,0.0
2005-01-10,0.0
2005-01-11,0.0
2005-01-12,0.0
2005-01-13,0.0
2005-01-14,0.0
2005-01-18,0.0
2005-01-19,-1.554312234475219e-14
2005-01-20,-0.08884435469327667
2005-01-21,-0.2793749893585813
2005-01-24,-0.19714285872166193
2005-01-25,-0.012406888785970738
2005-01-26,0.1870857924376068
2005-01-27,0.4220669277839688
2005-01-28,0.5680317743467271
2005-01-31,0.7837707969293222
2005-02-01,0.8465681756659413
2005-02-02,0.8640100351557711
2005-02-03,0.9133784912916691
2005-02-04,0.9725534487457774
2005-02-07,0.9947228470978107
2005-02-08,0.0
2005-02-09,0.0
2005-02-10,0.0
2005-02-11,0.0
2005-02-14,0.0
2005-02-15,0.0
2005-02-16,0.0
2005-02-17,0.0
2005-02-18,0.0
2005-02-22,0.0
2005-02-23,0.0
2005-02-24,1.7541523789077473e-14
2005-02-25,0.3692021450884493
2005-02-28,0.6854592628166976
2005-03-01,0.9085664840506722
2005-03-02,0.9780133550033046
2005-03-03,0.9968501160440273
2005-03-04,0.0
2005-03-07,0.0
2005-03-08,0.0
2005-03-09,0.0
2005-03-10,0.0
2005-03-11,0.0
2005-03-14,0.0
2005-03-15,0.0
2005-03-16,0.0
2005-03-17,0.0
2005-03-18,0.0
2005-03-21,0.0
2005-03-22,-0.3341044248406879
2005-03-23,-0.5946827507788628
2005-03-24,-0.7558559892512455
2005-03-28,-0.8643933894306637
2005-03-29,-0.9492370590633072
2005-03-30,-0.9727201960156493
2005-03-31,-0.9904893224088529
2005-04-01,0.0
2005-04-04,0.0
2005-04-05,0.0
2005-04-06,0.0
2005-04-07,0.0
2005-04-08,0.0
2005-04-11,0.0
2005-04-12,0.0
2005-04-13,0.0
2005-04-14,0.0
2005-04-15,0.0
2005-04-18,1.3988810110276972e-14
2005-04-19,-0.3873416112940644
2005-04-20,-0.7407345723388334
2005-04-21,-0.9222073777187532
2005-04-22,-0.9746006403676388
2005-04-25,-0.9893397547777292
2005-04-26,-0.9974111056525727
2005-04-27,0.0
2005-04-28,0.0
2005-04-29,0.0
2005-05-02,0.0
2005-05-03,0.0
2005-05-04,0.0
2005-05-05,0.0
2005-05-06,0.0
2005-05-09,0.0
2005-05-10,0.0
2005-05-11,0.0
2005-05-12,1.9761969838327786e-14
2005-05-13,-0.1214429168271356
2005-05-16,-0.06859781589369174
2005-05-17,0.04363574510528245
2005-05-18,0.518245509536174
2005-05-19,0.8977940127237647
2005-05-20,0.9871964141966065
2005-05-23,0.9996759701495577
2005-05-24,0.0
2005-05-25,0.0
2005-05-26,0.0
2005-05-27,0.0
2005-05-31,0.0
2005-06-01,0.0
2005-06-02,0.0
2005-06-03,0.0
2005-06-06,0.0
2005-06-07,0.0
2005-06-08,0.0
2005-06-09,-7.105427357601002e-15
2005-06-10,-0.2619402618706028
2005-06-13,-0.5650631573831031
2005-06-14,-0.7447614306789718
2005-06-15,-0.8856742506528739
2005-06-16,-0.9478758992586991
2005-06-17,-0.9798336170750517
2005-06-20,-0.9923874064154012
2005-06-21,0.0
2005-06-22,0.0
2005-06-23,0.0
2005-06-24,0.0
2005-06-27,0.0
2005-06-28,0.0
2005-06-29,0.0
2005-06-30,0.0
2005-07-01,0.0
2005-07-05,0.0
2005-07-06,0.0
2005-07-07,-1.1324274851176597e-14
2005-07-08,0.2117802959118562
2005-07-11,0.5211266600536548
2005-07-12,0.7803168153782307
2005-07-13,0.9492698523956895
2005-07-14,0.9917904243680242
2005-07-15,0.0
2005-07-18,0.0
2005-07-19,0.0
2005-07-20,0.0
2005-07-21,0.0
2005-07-22,0.0
2005-07-25,0.0
2005-07-26,0.0
2005-07-27,0.0
2005-07-28,0.0
2005-07-29,0.0
2005-08-01,-1.6653345369377348e-14
2005-08-02,0.43454114057188153
2005-08-03,0.7754433082337351
2005-08-04,0.8668956709699434
2005-08-05,0.9347980393938331
2005-08-08,0.9940119898179594
2005-08-09,0.0
2005-08-10,0.0
2005-08-11,0.0
2005-08-12,0.0
2005-08-15,0.0
2005-08-16,0.0
2005-08-17,0.0
2005-08-18,0.0
2005-08-19,0.0
2005-08-22,0.0
2005-08-23,0.0
2005-08-24,-5.10702591327572e-15
2005-08-25,-0.006404702666849671
2005-08-26,0.05427503245346177
2005-08-29,1.5275190119456994e-06
2005-08-30,-0.30935600438512356
2005-08-31,-0.5474306056949882
2005-09-01,-0.853812860435639
2005-09-02,-0.9521602799680935
2005-09-06,-0.9710144581312568
2005-09-07,-0.9529429382488359
2005-09-08,-0.9451904209612256
2005-09-09,-0.8858989998358415
2005-09-12,-0.8309995354651689
2005-09-13,-0.8432069550181085
2005-09-14,-0.9135207579672449
2005-09-15,-0.8985062028036714
2005-09-16,-0.8081458082477253
2005-09-19,-0.7787791796317947
2005-09-20,-0.8454414171013587
2005-09-21,-0.9536349681961913
2005-09-22,-0.9576708015669186
2005-09-23,-0.9724637671553114
2005-09-26,-0.9713344639988895
2005-09-27,-0.9753339690955054
2005-09-28,-0.9772663009774374
2005-09-29,-0.9722111215482498
2005-09-30,-0.9661857603611548
2005-10-03,-0.9477441383618548
2005-10-04,-0.9583002049847364
2005-10-05,-0.9674896319011785
2005-10-06,-0.9767728880253588
2005-10-07,-0.9887092324498379
2005-10-10,-0.9942254573230118
2005-10-11,0.0
2005-10-12,0.0
2005-10-13,0.0
2005-10-14,0.0
2005-10-17,0.0
2005-10-18,0.0
2005-10-19,0.0
2005-10-20,0.0
2005-10-21,0.0
2005-10-24,0.0
2005-10-25,0.0
2005-10-26,1.6653345369377348e-14
2005-10-27,-0.39936388039884063
2005-10-28,-0.47394292724185205
2005-10-31,-0.7178051809415777
2005-11-01,-0.8411265355749982
2005-11-02,-0.865918425808496
2005-11-03,-0.7499983804398018
2005-11-04,-0.537792325385696
2005-11-07,-0.17993003879240432
2005-11-08,0.295655842944758
2005-11-09,0.5083019486221603
2005-11-10,0.7745987727181778
2005-11-11,0.9476492747740626
2005-11-14,0.9928458637426198
2005-11-15,0.0
2005-11-16,0.0
2005-11-17,0.0
2005-11-18,0.0
2005-11-21,0.0
2005-11-22,0.0
2005-11-23,0.0
2005-11-25,0.0
2005-11-28,0.0
2005-11-29,0.0
2005-11-30,0.0
2005-12-01,0.0
2005-12-02,0.41848593387274
2005-12-05,0.6470145825320133
2005-12-06,0.8677332898599301
2005-12-07,0.9627245984031954
2005-12-08,0.9865069765116488
2005-12-09,0.9955597261991129
2005-12-12,0.0
2005-12-13,0.0
2005-12-14,0.0
2005-12-15,0.0
2005-12-16,0.0
2005-12-19,0.0
2005-12-20,0.0
2005-12-21,0.0
2005-12-22,0.0
2005-12-23,0.0
2005-12-27,0.0
2005-12-28,-1.2434497875801753e-14
2005-12-29,-0.2132745908237006
2005-12-30,-0.55560656984242
2006-01-03,-0.8190337175494711
2006-01-04,-0.9132177285106069
2006-01-05,-0.9591752618682947
2006-01-06,-0.9760849741998692
2006-01-09,-0.967529739295452
2006-01-10,-0.9557492616883854
2006-01-11,-0.8922600114062968
2006-01-12,-0.8608657219848892
2006-01-13,-0.8665811268267056
2006-01-17,-0.858211597440022
2006-01-18,-0.7945056093498841
2006-01-19,-0.6739605768589259
2006-01-20,-0.33564992326018395
2006-01-23,0.02612902565771269
2006-01-24,0.41039389230562273
2006-01-25,0.5503176585973493
2006-01-26,0.6210991246391084
2006-01-27,0.7027487328301958
2006-01-30,0.7654426725798689
2006-01-31,0.8155697151649552
2006-02-01,0.9115982925408461
2006-02-02,0.953494918791606
2006-02-03,0.9859318988328158
2006-02-06,0.9969689441936749
2006-02-07,0.0
2006-02-08,0.0
2006-02-09,0.0
2006-02-10,0.0
2006-02-13,0.0
2006-02-14,0.0
2006-02-15,0.0
2006-02-16,0.0
2006-02-17,0.0
2006-02-21,0.0
2006-02-22,0.0
2006-02-23,0.0
2006-02-24,-0.5668741637238894
2006-02-27,-0.8896881521954938
2006-02-28,-0.992414116508668
2006-03-01,0.0
2006-03-02,0.0
2006-03-03,0.0
2006-03-06,0.0
2006-03-07,0.0
2006-03-08,0.0
2006-03-09,0.0
2006-03-10,0.0
2006-03-13,0.0
2006-03-14,0.0
2006-03-15,0.0
2006-03-16,1.199040866595169e-14
2006-03-17,0.3610497658921563
2006-03-20,0.37907566313128926
2006-03-21,0.5164469233130768
2006-03-22,0.5707915404271251
2006-03-23,0.4611573224791763
2006-03-24,0.45508138772362083
2006-03-27,0.35061054598693575
2006-03-28,0.07135766831100687
2006-03-29,0.0036115525864419684
2006-03-30,-0.09606850045514781
2006-03-31,-0.31418803843299004
2006-04-03,-0.2838531454427935
2006-04-04,-0.2979123153196914
2006-04-05,-0.21970359071624856
2006-04-06,-0.27125974280639986
2006-04-07,-0.15312972269598513
2006-04-10,0.24851686522392957
2006-04-11,0.6632259020698261
2006-04-12,0.8117351498378724
2006-04-13,0.8417430833142827
2006-04-17,0.7378790366879482
2006-04-18,0.6601169461043839
2006-04-19,0.5999130902369392
2006-04-20,0.7277193725619648
2006-04-21,0.6924886349414474
2006-04-24,0.5265291145631577
2006-04-25,0.1186606643773338
2006-04-26,-0.18470688447185357
2006-04-27,-0.21829757053279342
2006-04-28,-0.2748283669060001
2006-05-01,-0.4181322640117906
2006-05-02,-0.5286452309306697
2006-05-03,-0.45699329571010794
2006-05-04,-0.38638175605367264
2006-05-05,-0.14778904760452471
2006-05-08,0.18440772894488378
2006-05-09,0.6342743522170027
2006-05-10,0.8986809744462594
2006-05-11,0.9549558029527885
2006-05-12,0.9636568503617267
2006-05-15,0.9743592631422486
2006-05-16,0.9732777991260133
2006-05-17,0.9661430002833902
2006-05-18,0.9504033841553994
2006-05-19,0.9008342424499891
2006-05-22,0.7975876109785505
2006-05-23,0.47609299930583515
2006-05-24,-0.23542148877786695
2006-05-25,-0.7092092404500241
2006-05-26,-0.952290161627543
2006-05-30,-0.9972396983821248
2006-05-31,0.0
2006-06-01,0.0
2006-06-02,0.0
2006-06-05,0.0
2006-06-06,0.0
2006-06-07,0.0
2006-06-08,0.0
2006-06-09,0.0
2006-06-12,0.0
2006-06-13,0.0
2006-06-14,0.0
2006-06-15,-1.8207657603852567e-14
2006-06-16,-0.02351654026290384
2006-06-19,-0.17538272422579704
2006-06-20,-0.26641443094427486
2006-06-21,-0.17251467786700148
2006-06-22,-0.41180686311460146
2006-06-23,-0.5888545188760079
2006-06-26,-0.7101633553991693
2006-06-27,-0.8245744960545638
2006-06-28,-0.941024056260261
2006-06-29,-0.9065013569515699
2006-06-30,-0.8553206278625265
2006-07-03,-0.7239951369219462
2006-07-05,-0.5905920337370643
2006-07-06,-0.45177376769315836
2006-07-07,-0.4470120616444371
2006-07-10,-0.300286567360051
2006-07-11,0.040967797771602976
2006-07-12,0.2290875007171984
2006-07-13,0.21960507562203757
2006-07-14,0.17259564108935477
2006-07-17,0.565195687771261
2006-07-18,0.8262180546584892
2006-07-19,0.9569720243619642
2006-07-20,0.988251377832388
2006-07-21,0.9974144518296386
2006-07-24,0.0
2006-07-25,0.0
2006-07-26,0.0
2006-07-27,0.0
2006-07-28,0.0
2006-07-31,0.0
2006-08-01,0.0
2006-08-02,0.0
2006-08-03,0.0
2006-08-04,0.0
2006-08-07,0.0
2006-08-08,1.3988810110276972e-14
2006-08-09,-0.4150728456109034
2006-08-10,-0.5298884555929919
2006-08-11,-0.6825738104740866
2006-08-14,-0.7858414818573296
2006-08-15,-0.6887456793089033
2006-08-16,-0.40281399516605054
2006-08-17,0.06315816033076715
2006-08-18,0.46689512011060996
2006-08-21,0.627899662927577
2006-08-22,0.7255774670923463
2006-08-23,0.7994228107724508
2006-08-24,0.8910644686680718
2006-08-25,0.8900641786414891
2006-08-28,0.93858229891264
2006-08-29,0.976105762727129
2006-08-30,0.9923210497288188
2006-08-31,0.0
2006-09-01,0.0
2006-09-05,0.0
2006-09-06,0.0
2006-09-07,0.0
2006-09-08,0.0
2006-09-11,0.0
2006-09-12,0.0
2006-09-13,0.0
2006-09-14,0.0
2006-09-15,0.0
2006-09-18,6.217248937900877e-15
2006-09-19,0.15179906523634834
2006-09-20,0.34412995634289567
2006-09-21,0.6267361433005094
2006-09-22,0.7925876910463223
2006-09-25,0.9331356103173405
2006-09-26,0.9854881402222724
2006-09-27,0.998943767584666
2006-09-28,0.0
2006-09-29,0.0
2006-10-02,0.0
2006-10-03,0.0
2006-10-04,0.0
2006-10-05,0.0
2006-10-06,0.0
2006-10-09,0.0
2006-10-10,0.0
2006-10-11,0.0
2006-10-12,0.0
2006-10-13,5.551115123125783e-15
2006-10-16,0.3600863432190258
2006-10-17,0.5558764929315625
2006-10-18,0.6875766866401536
2006-10-19,0.7147625164138036
2006-10-20,0.8033449390308403
2006-10-23,0.9024719504270853
2006-10-24,0.9575407260186863
2006-10-25,0.9801121053941899
2006-10-26,0.9916671533343804
2006-10-27,0.0
2006-10-30,0.0
2006-10-31,0.0
2006-11-01,0.0
2006-11-02,0.0
2006-11-03,0.0
2006-11-06,0.0
2006-11-07,0.0
2006-11-08,0.0
2006-11-09,0.0
2006-11-10,0.0
2006-11-13,3.108624468950438e-14
2006-11-14,0.266592251572517
2006-11-15,0.39145632939396924
2006-11-16,0.7456089670584041
2006-11-17,0.9352702563007156
2006-11-20,0.9897485246942568
2006-11-21,0.9992632789749392
2006-11-22,0.0
2006-11-24,0.0
2006-11-27,0.0
2006-11-28,0.0
2006-11-29,0.0
2006-11-30,0.0
2006-12-01,0.0
2006-12-04,0.0
2006-12-05,0.0
2006-12-06,0.0
2006-12-07,0.0
2006-12-08,-3.552713678800501e-15
2006-12-11,0.35209984386168003
2006-12-12,0.5120135435662445
2006-12-13,0.728002159250217
2006-12-14,0.8691588198967084
2006-12-15,0.9299698360330995
2006-12-18,0.9658496724750267
2006-12-19,0.989568056041688
2006-12-20,0.9967753732201723
2006-12-21,0.0
2006-12-22,0.0
2006-12-26,0.0
2006-12-27,0.0
2006-12-28,0.0
2006-12-29,0.0
2007-01-03,0.0
2007-01-04,0.0
2007-01-05,0.0
2007-01-08,0.0
2007-01-09,0.0
2007-01-10,-8.659739592076221e-15
2007-01-11,0.392651807427423
2007-01-12,0.5461446212131484
2007-01-16,0.7887926362266713
2007-01-17,0.9483729661054503
2007-01-18,0.9835106900009347
2007-01-19,0.9971848191735766
2007-01-22,0.0
2007-01-23,0.0
2007-01-24,0.0
2007-01-25,0.0
2007-01-26,0.0
2007-01-29,0.0
2007-01-30,0.0
2007-01-31,0.0
2007-02-01,0.0
2007-02-02,0.0
2007-02-05,0.0
2007-02-06,-4.218847493575595e-15
2007-02-07,0.20561164340301263
2007-02-08,0.27896901095621285
2007-02-09,0.40176429658687796
2007-02-12,0.5460230653619011
2007-02-13,0.6915335856433491
2007-02-14,0.8115045558913971
2007-02-15,0.8866049517340242
2007-02-16,0.9488387959531646
2007-02-20,0.9858802959695581
2007-02-21,0.9972046573576612
2007-02-22,0.0
2007-02-23,0.0
2007-02-26,0.0
2007-02-27,0.0
2007-02-28,0.0
2007-03-01,0.0
2007-03-02,0.0
2007-03-05,0.0
2007-03-06,0.0
2007-03-07,0.0
2007-03-08,0.0
2007-03-09,2.4424906541753444e-15
2007-03-12,0.08660675847595578
2007-03-13,-0.05550052463739297
2007-03-14,-0.1563476928249541
2007-03-15,-0.27839083866860603
2007-03-16,-0.3857057623169333
2007-03-19,-0.426480355080602
2007-03-20,-0.40417008095310725
2007-03-21,-0.3408358993981935
2007-03-22,-0.2955716288912802
2007-03-23,-0.17092868014479512
2007-03-26,-0.037484031736501056
2007-03-27,0.07993332999964053
2007-03-28,0.1623075794320843
2007-03-29,0.2451186459590151
2007-03-30,0.34443733937174437
2007-04-02,0.408737237373495
2007-04-03,0.5139938867965754
2007-04-04,0.6026295505807786
2007-04-05,0.7189790089831227
2007-04-09,0.8422984367761037
2007-04-10,0.9127678472414031
2007-04-11,0.9564713040609485
2007-04-12,0.9810599173541168
2007-04-13,0.9951045131039393
2007-04-16,0.0
2007-04-17,0.0
2007-04-18,0.0
2007-04-19,0.0
2007-04-20,0.0
2007-04-23,0.0
2007-04-24,0.0
2007-04-25,0.0
2007-04-26,0.0
2007-04-27,0.0
2007-04-30,0.0
2007-05-01,7.993605777301127e-15
2007-05-02,0.6956952882070491
2007-05-03,0.9421592442980049
2007-05-04,0.9933950191589753
2007-05-07,0.0
2007-05-08,0.0
2007-05-09,0.0
2007-05-10,0.0
2007-05-11,0.0
2007-05-14,0.0
2007-05-15,0.0
2007-05-16,0.0
2007-05-17,0.0
2007-05-18,0.0
2007-05-21,0.0
2007-05-22,5.773159728050814e-15
2007-05-23,0.09643984584352294
2007-05-24,0.07795085236227006
2007-05-25,0.05053378502099615
2007-05-29,-0.023238233228016547
2007-05-30,-0.15284082027786927
2007-05-31,-0.22389699498651883
2007-06-01,-0.23197149476845058
2007-06-04,-0.2184150702549803
2007-06-05,-0.24038389711575658
2007-06-06,-0.28921583741463563
2007-06-07,-0.3882200506018434
2007-06-08,-0.3363318208987176
2007-06-11,-0.30490524150433096
2007-06-12,-0.2459877077978705
2007-06-13,-0.0987914671607113
2007-06-14,0.05389246468288844
2007-06-15,0.1898661447471719
2007-06-18,0.34156234917497486
2007-06-19,0.4838866325989595
2007-06-20,0.5041557936734056
2007-06-21,0.4998586445610371
2007-06-22,0.43476794975939925
2007-06-25,0.453278362847388
2007-06-26,0.5110781170062768
2007-06-27,0.5302994594333736
2007-06-28,0.5079581220109364
2007-06-29,0.4779755502802392
2007-07-02,0.5011179101572314
2007-07-03,0.524825608791466
2007-07-05,0.532600742119334
2007-07-06,0.5569627300572351
2007-07-09,0.5588322324896666
2007-07-10,0.499794505987047
2007-07-11,0.4692904807995948
2007-07-12,0.512098071175433
2007-07-13,0.5706341098389611
2007-07-16,0.6359008786709734
2007-07-17,0.696836595159632
2007-07-18,0.751545206653184
2007-07-19,0.8166379493559832
2007-07-20,0.8493694553022864
2007-07-23,0.8878708534112827
2007-07-24,0.897077768817151
2007-07-25,0.8918950777678203
2007-07-26,0.8450689378812628
2007-07-27,0.7540924772983533
2007-07-30,0.6117770898514245
2007-07-31,0.3931288746343904
2007-08-01,0.169964905644449
2007-08-02,-0.003394841796181103
2007-08-03,-0.212020488835875
2007-08-06,-0.33403327189592646
2007-08-07,-0.42729881907234724
2007-08-08,-0.4759528750988522
2007-08-09,-0.5441494293655942
2007-08-10,-0.6346319432674763
2007-08-13,-0.7425806862475399
2007-08-14,-0.8464899074022489
2007-08-15,-0.9218151050470946
2007-08-16,-0.9587284305038493
2007-08-17,-0.9819798986234429
2007-08-20,-0.9910946598483077
2007-08-21,0.0
2007-08-22,0.0
2007-08-23,0.0
2007-08-24,0.0
2007-08-27,0.0
2007-08-28,0.0
2007-08-29,0.0
2007-08-30,0.0
2007-08-31,0.0
2007-09-04,0.0
2007-09-05,0.0
2007-09-06,-5.551115123125783e-15
2007-09-07,-0.035674700459195074
2007-09-10,0.31380996529511673
2007-09-11,0.9031281226116024
2007-09-12,0.9893771188731844
2007-09-13,0.999999103850779
2007-09-14,0.0
2007-09-17,0.0
2007-09-18,0.0
2007-09-19,0.0
2007-09-20,0.0
2007-09-21,0.0
2007-09-24,0.0
2007-09-25,0.0
2007-09-26,0.0
2007-09-27,0.0
2007-09-28,0.0
2007-10-01,-1.687538997430238e-14
2007-10-02,0.4287737105153284
2007-10-03,0.7607052336756037
2007-10-04,0.9128160769578486
2007-10-05,0.982516096605184
2007-10-08,0.9988315848400167
2007-10-09,0.0
2007-10-10,0.0
2007-10-11,0.0
2007-10-12,0.0
2007-10-15,0.0
2007-10-16,0.0
2007-10-17,0.0
2007-10-18,0.0
2007-10-19,0.0
2007-10-22,0.0
2007-10-23,0.0
2007-10-24,2.6201263381153694e-14
2007-10-25,0.6083914482747852
2007-10-26,0.9427100237761477
2007-10-29,0.9990482623295116
2007-10-30,0.0
2007-10-31,0.0
2007-11-01,0.0
2007-11-02,0.0
2007-11-05,0.0
2007-11-06,0.0
2007-11-07,0.0
2007-11-08,0.0
2007-11-09,0.0
2007-11-12,0.0
2007-11-13,0.0
2007-11-14,-1.9539925233402755e-14
2007-11-15,-0.11385041125783002
2007-11-16,0.14205124982929096
2007-11-19,0.5139272033908937
2007-11-20,0.7405629818172605
2007-11-21,0.6988751624227498
2007-11-23,0.7335458746411971
2007-11-26,0.5850470583592353
2007-11-27,0.5712401313943269
2007-11-28,0.6671924301857324
2007-11-29,0.8005422312388859
2007-11-30,0.8967316281250535
2007-12-03,0.9860579934139113
2007-12-04,0.9991225983556682
2007-12-05,0.0
2007-12-06,0.0
2007-12-07,0.0
2007-12-10,0.0
2007-12-11,0.0
2007-12-12,0.0
2007-12-13,0.0
2007-12-14,0.0
2007-12-17,0.0
2007-12-18,0.0
2007-12-19,0.0
2007-12-20,-6.217248937900877e-15
2007-12-21,-0.08556061917625524
2007-12-24,-0.1198425458610044
2007-12-26,-0.21654019325093854
2007-12-27,-0.3975567307341674
2007-12-28,-0.5135600806660128
2007-12-31,-0.6660836025521397
2008-01-02,-0.8269319465584419
2008-01-03,-0.9228972815053942
2008-01-04,-0.9784854759040085
2008-01-07,-0.9919343232629416
2008-01-08,0.0
2008-01-09,0.0
2008-01-10,0.0
2008-01-11,0.0
2008-01-14,0.0
2008-01-15,0.0
2008-01-16,0.0
2008-01-17,0.0
2008-01-18,0.0
2008-01-22,0.0
2008-01-23,0.0
2008-01-24,5.773159728050814e-15
2008-01-25,-0.024013074037166016
2008-01-28,-0.33522497511849614
2008-01-29,-0.6033095709554761
2008-01-30,-0.7721044964063721
2008-01-31,-0.7903646311617669
2008-02-01,-0.7819365642992575
2008-02-04,-0.7876513038689055
2008-02-05,-0.7947618649857118
2008-02-06,-0.8054866685482778
2008-02-07,-0.7905503439126629
2008-02-08,-0.7292322856172659
2008-02-11,-0.6436808812668757
2008-02-12,-0.5254237465155265
2008-02-13,-0.37698529328858577
2008-02-14,-0.2895634620740708
2008-02-15,-0.22051012686102456
2008-02-19,-0.12723246761639695
2008-02-20,0.00034550927478349536
2008-02-21,0.059781647750564826
2008-02-22,0.1466925749377348
2008-02-25,0.25141922836269615
2008-02-26,0.3715708601668215
2008-02-27,0.4210976295623057
2008-02-28,0.4502251195389597
2008-02-29,0.45216773459846293
2008-03-03,0.4053053787642138
2008-03-04,0.3829824607925856
2008-03-05,0.37719490484562646
2008-03-06,0.32432197100709326
2008-03-07,0.22913713837424732
2008-03-10,0.2174772916340868
2008-03-11,0.23037330410000445
2008-03-12,0.21368102332059435
2008-03-13,0.25989104574856503
2008-03-14,0.29870561566523257
2008-03-17,0.311367792727997
2008-03-18,0.3512766207227287
2008-03-19,0.33336471281022373
2008-03-20,0.3517526877183972
2008-03-24,0.4303278402718178
2008-03-25,0.5200271109550498
2008-03-26,0.5783383614421744
2008-03-27,0.626310216171531
2008-03-28,0.6709448230749033
2008-03-31,0.7193789488542035
2008-04-01,0.7886914692172096
2008-04-02,0.8393840857134898
2008-04-03,0.8735514312680606
2008-04-04,0.8948705850204195
2008-04-07,0.9122077602738441
2008-04-08,0.9290032377237545
2008-04-09,0.9418834796332367
2008-04-10,0.9533246001038174
2008-04-11,0.9602635595986417
2008-04-14,0.9668951417254585
2008-04-15,0.9741144406844993
2008-04-16,0.9832557780114461
2008-04-17,0.9896154379665534
2008-04-18,0.9946416252732599
2008-04-21,0.0
2008-04-22,0.0
2008-04-23,0.0
2008-04-24,0.0
2008-04-25,0.0
2008-04-28,0.0
2008-04-29,0.0
2008-04-30,0.0
2008-05-01,0.0
2008-05-02,0.0
2008-05-05,0.0
2008-05-06,2.886579864025407e-15
2008-05-07,-0.10095192391364693
2008-05-08,-0.1034914143476795
2008-05-09,-0.2231704476956904
2008-05-12,0.01605308253444626
2008-05-13,0.2998899734879352
2008-05-14,0.4113425857842188
2008-05-15,0.5729023300861651
2008-05-16,0.6599548964954081
2008-05-19,0.7232297389061908
2008-05-20,0.6994676694190973
2008-05-21,0.5644992475368977
2008-05-22,0.3684526773859451
2008-05-23,0.012838624066359827
2008-05-27,-0.27167865413837666
2008-05-28,-0.4344902938634376
2008-05-29,-0.4713199663821568
2008-05-30,-0.5261535381269486
2008-06-02,-0.6599531801836478
2008-06-03,-0.8322812115521732
2008-06-04,-0.9128078751040984
2008-06-05,-0.9483286421587482
2008-06-06,-0.982836446192294
2008-06-09,-0.982093927002168
2008-06-10,-0.9766786119090574
2008-06-11,-0.9815838855370105
2008-06-12,-0.9806361824642973
2008-06-13,-0.9730829030434216
2008-06-16,-0.9635858248552225
2008-06-17,-0.9643673392475782
2008-06-18,-0.9774227212875024
2008-06-19,-0.9832431561827422
2008-06-20,-0.993055010577446
2008-06-23,0.0
2008-06-24,0.0
2008-06-25,0.0
2008-06-26,0.0
2008-06-27,0.0
2008-06-30,0.0
2008-07-01,0.0
2008-07-02,0.0
2008-07-03,0.0
2008-07-07,0.0
2008-07-08,0.0
2008-07-09,-9.103828801926284e-15
2008-07-10,0.26672823382838917
2008-07-11,0.2487572719843112
2008-07-14,0.3975834813552275
2008-07-15,0.6022317825563728
2008-07-16,0.8885874023585811
2008-07-17,0.9813764370757201
2008-07-18,0.9980179370550659
2008-07-21,0.0
2008-07-22,0.0
2008-07-23,0.0
2008-07-24,0.0
2008-07-25,0.0
2008-07-28,0.0
2008-07-29,0.0
2008-07-30,0.0
2008-07-31,0.0
2008-08-01,0.0
2008-08-04,0.0
2008-08-05,0.0
2008-08-06,0.4320693113819045
2008-08-07,0.6999550017614999
2008-08-08,0.9794530951549956
2008-08-11,0.9996512150785548
2008-08-12,0.0
2008-08-13,0.0
2008-08-14,0.0
2008-08-15,0.0
2008-08-18,0.0
2008-08-19,0.0
2008-08-20,0.0
2008-08-21,0.0
2008-08-22,0.0
2008-08-25,0.0
2008-08-26,0.0
2008-08-27,-1.176836406102666e-14
2008-08-28,0.1364750354872759
2008-08-29,-0.01322094603456847
2008-09-02,0.12046696326682338
2008-09-03,-0.10031116645714633
2008-09-04,-0.6777769234890445
2008-09-05,-0.912487688899521
2008-09-08,-0.9067710586412554
2008-09-09,-0.8383145075130556
2008-09-10,-0.7421727370267683
2008-09-11,-0.34924927585612164
2008-09-12,0.03447397241853567
2008-09-15,0.32301110963175783
2008-09-16,0.6535867953699106
2008-09-17,0.6521229725959183
2008-09-18,0.8202631508371518
2008-09-19,0.9173905771242372
2008-09-22,0.9170359090577243
2008-09-23,0.8718383566529007
2008-09-24,0.7792355035733485
2008-09-25,0.7517022178675463
2008-09-26,0.8143840695560316
2008-09-29,0.5319550292245019
2008-09-30,0.4009962580917408
2008-10-01,0.5817360023090337
2008-10-02,0.4891322018436517
2008-10-03,0.09416027275774819
2008-10-06,-0.7407299202044579
2008-10-07,-0.9955894368705744
2008-10-08,0.0
2008-10-09,0.0
2008-10-10,0.0
2008-10-13,0.0
2008-10-14,0.0
2008-10-15,0.0
2008-10-16,0.0
2008-10-17,0.0
2008-10-20,0.0
2008-10-21,0.0
2008-10-22,0.0
2008-10-23,-6.8833827526759706e-15
2008-10-24,-0.17470311440664843
2008-10-27,-0.46567381094323235
2008-10-28,-0.22611705508775048
2008-10-29,0.08275323216678876
2008-10-30,0.4285217931282639
2008-10-31,0.6874494202126953
2008-11-03,0.8112061836157252
2008-11-04,0.9105508404991101
2008-11-05,0.9350537286301446
2008-11-06,0.9227741023445553
2008-11-07,0.9350646680073988
2008-11-10,0.9584702003117105
2008-11-11,0.9723537975419292
2008-11-12,0.9651093684463312
2008-11-13,0.9763858147225037
2008-11-14,0.9835802889660008
2008-11-17,0.9867527413151373
2008-11-18,0.9918415925197706
2008-11-19,0.0
2008-11-20,0.0
2008-11-21,0.0
2008-11-24,0.0
2008-11-25,0.0
2008-11-26,0.0
2008-11-28,0.0
2008-12-01,0.0
2008-12-02,0.0
2008-12-03,0.0
2008-12-04,0.0
2008-12-05,8.881784197001252e-16
2008-12-08,0.2776603165526128
2008-12-09,0.4318321276204007
2008-12-10,0.6568492818025611
2008-12-11,0.7827398201597358
2008-12-12,0.8611770449428822
2008-12-15,0.9148946829941886
2008-12-16,0.9666401250108791
2008-12-17,0.9872950998127279
2008-12-18,0.9938419283500839
2008-12-19,0.0
2008-12-22,0.0
2008-12-23,0.0
2008-12-24,0.0
2008-12-26,0.0
2008-12-29,0.0
2008-12-30,0.0
2008-12-31,0.0
2009-01-02,0.0
2009-01-05,0.0
2009-01-06,0.0
2009-01-07,-7.105427357601002e-15
2009-01-08,-0.21977159010206537
2009-01-09,-0.48141445253436377
2009-01-12,-0.6663049941730148
2009-01-13,-0.8547116022407009
2009-01-14,-0.9812410472192896
2009-01-15,-0.9977699030730827
2009-01-16,0.0
2009-01-20,0.0
2009-01-21,0.0
2009-01-22,0.0
2009-01-23,0.0
2009-01-26,0.0
2009-01-27,0.0
2009-01-28,0.0
2009-01-29,0.0
2009-01-30,0.0
2009-02-02,0.0
2009-02-03,-1.9539925233402755e-14
2009-02-04,-0.186615151293974
2009-02-05,-0.20337742809595283
2009-02-06,-0.18974283004254788
2009-02-09,-0.013746772413564035
2009-02-10,-0.3333680090711961
2009-02-11,-0.6268689348723668
2009-02-12,-0.8283415918169024
2009-02-13,-0.9383979457352833
2009-02-17,-0.9933120526015922
2009-02-18,0.0
2009-02-19,0.0
2009-02-20,0.0
2009-02-23,0.0
2009-02-24,0.0
2009-02-25,0.0
2009-02-26,0.0
2009-02-27,0.0
2009-03-02,0.0
2009-03-03,0.0
2009-03-04,0.0
2009-03-05,1.7763568394002505e-15
2009-03-06,-0.1750503236398795
2009-03-09,-0.3022186892409884
2009-03-10,-0.3780309195159579
2009-03-11,-0.6158408267242748
2009-03-12,-0.6965584059808891
2009-03-13,-0.7476005348555606
2009-03-16,-0.8283786244571714
2009-03-17,-0.7956999264147986
2009-03-18,-0.6326903391370906
2009-03-19,-0.48994282800418754
2009-03-20,-0.48473488204711157
2009-03-23,-0.28051940887673954
2009-03-24,-0.24108555663056852
2009-03-25,-0.04379843856408594
2009-03-26,0.25936598908879227
2009-03-27,0.4259695960994594
2009-03-30,0.4788596433674932
2009-03-31,0.577912338066112
2009-04-01,0.7036986866016215
2009-04-02,0.8437822993307389
2009-04-03,0.9306457160014419
2009-04-06,0.9657900211049695
2009-04-07,0.9810224792908613
2009-04-08,0.9903276513187027
2009-04-09,0.0
2009-04-13,0.0
2009-04-14,0.0
2009-04-15,0.0
2009-04-16,0.0
2009-04-17,0.0
2009-04-20,0.0
2009-04-21,0.0
2009-04-22,0.0
2009-04-23,0.0
2009-04-24,0.0
2009-04-27,1.2212453270876722e-14
2009-04-28,-0.1556559026705131
2009-04-29,-0.3224148121655004
2009-04-30,-0.6616899820631055
2009-05-01,-0.9153936414838637
2009-05-04,-0.9808272860032161
2009-05-05,-0.9951869134180873
2009-05-06,0.0
2009-05-07,0.0
2009-05-08,0.0
2009-05-11,0.0
2009-05-12,0.0
2009-05-13,0.0
2009-05-14,0.0
2009-05-15,0.0
2009-05-18,0.0
2009-05-19,0.0
2009-05-20,0.0
2009-05-21,1.1324274851176597e-14
2009-05-22,0.6033779330736841
2009-05-26,0.9676603976420615
2009-05-27,0.9978050298051384
2009-05-28,0.0
2009-05-29,0.0
2009-06-01,0.0
2009-06-02,0.0
2009-06-03,0.0
2009-06-04,0.0
2009-06-05,0.0
2009-06-08,0.0
2009-06-09,0.0
2009-06-10,0.0
2009-06-11,0.0
2009-06-12,0.0
2009-06-15,-0.2788044206442455
2009-06-16,-0.6239859823264224
2009-06-17,-0.8055921992410475
2009-06-18,-0.860922028489963
2009-06-19,-0.9007865345100798
2009-06-22,-0.959419487845949
2009-06-23,-0.9886558826061016
2009-06-24,-0.9980645826846035
2009-06-25,0.0
2009-06-26,0.0
2009-06-29,0.0
2009-06-30,0.0
2009-07-01,0.0
2009-07-02,0.0
2009-07-06,0.0
2009-07-07,0.0
2009-07-08,0.0
2009-07-09,0.0
2009-07-10,0.0
2009-07-13,1.7763568394002505e-14
2009-07-14,0.07271547578991777
2009-07-15,-0.04247538816906937
2009-07-16,-0.0846673917894567
2009-07-17,0.15354840140342274
2009-07-20,0.5262313137449048
2009-07-21,0.8372560318638398
2009-07-22,0.9674901361745825
2009-07-23,0.8574542446321529
2009-07-24,0.5897377696259927
2009-07-27,0.1255075170983848
2009-07-28,-0.19171375879717578
2009-07-29,-0.4868326103269527
2009-07-30,-0.8440054023240235
2009-07-31,-0.9830824615205407
2009-08-03,-0.9990058742944079
2009-08-04,0.0
2009-08-05,0.0
2009-08-06,0.0
2009-08-07,0.0
2009-08-10,0.0
2009-08-11,0.0
2009-08-12,0.0
2009-08-13,0.0
2009-08-14,0.0
2009-08-17,0.0
2009-08-18,0.0
2009-08-19,-1.84297022087776e-14
2009-08-20,0.27232240041303113
2009-08-21,0.5361187328748911
2009-08-24,0.6460310856941194
2009-08-25,0.8224241539089379
2009-08-26,0.9524007593383599
2009-08-27,0.9918475889112066
2009-08-28,0.0
2009-08-31,0.0
2009-09-01,0.0
2009-09-02,0.0
2009-09-03,0.0
2009-09-04,0.0
2009-09-08,0.0
2009-09-09,0.0
2009-09-10,0.0
2009-09-11,0.0
2009-09-14,0.0
2009-09-15,1.4654943925052066e-14
2009-09-16,0.32761427000470666
2009-09-17,0.5827392824039732
2009-09-18,0.82999872419136
2009-09-21,0.8886886607402245
2009-09-22,0.9083310737247114
2009-09-23,0.9082819217620715
2009-09-24,0.9394667203672935
2009-09-25,0.9798274397892246
2009-09-28,0.9951578236054923
2009-09-29,0.0
2009-09-30,0.0
2009-10-01,0.0
2009-10-02,0.0
2009-10-05,0.0
2009-10-06,0.0
2009-10-07,0.0
2009-10-08,0.0
2009-10-09,0.0
2009-10-12,0.0
2009-10-13,0.0
2009-10-14,4.285460875053104e-14
2009-10-15,0.7398647670105845
2009-10-16,0.9927101474098343
2009-10-19,0.0
2009-10-20,0.0
2009-10-21,0.0
2009-10-22,0.0
2009-10-23,0.0
2009-10-26,0.0
2009-10-27,0.0
2009-10-28,0.0
2009-10-29,0.0
2009-10-30,0.0
2009-11-02,0.0
2009-11-03,1.4654943925052066e-14
2009-11-04,0.6735110324141795
2009-11-05,0.9947381464998386
2009-11-06,0.0
2009-11-09,0.0
2009-11-10,0.0
2009-11-11,0.0
2009-11-12,0.0
2009-11-13,0.0
2009-11-16,0.0
2009-11-17,0.0
2009-11-18,0.0
2009-11-19,0.0
2009-11-20,0.0
2009-11-23,-5.995204332975845e-15
2009-11-24,0.2475691882031703
2009-11-25,0.5022282686827579
2009-11-27,0.6462259602224152
2009-11-30,0.7112498824395743
2009-12-01,0.7952824536357119
2009-12-02,0.7631522445945951
2009-12-03,0.664580708846692
2009-12-04,0.48934416217123067
2009-12-07,0.3494625860353324
2009-12-08,-0.052334728279685105
2009-12-09,-0.42701095097717534
2009-12-10,-0.650263922773517
2009-12-11,-0.750468059547484
2009-12-14,-0.7892766730929346
2009-12-15,-0.8322067495824901
2009-12-16,-0.8419384430092267
2009-12-17,-0.878857309628805
2009-12-18,-0.8972454021596952
2009-12-21,-0.8925709274740963
2009-12-22,-0.8730283096515359
2009-12-23,-0.8284747148714011
2009-12-24,-0.7705228737996195
2009-12-28,-0.6847278329965298
2009-12-29,-0.5856920046966185
2009-12-30,-0.5563783247535405
2009-12-31,-0.5770244049123878
2010-01-04,-0.5605127510598087
2010-01-05,-0.5951379189217278
2010-01-06,-0.7035999851272039
2010-01-07,-0.7582449368069883
2010-01-08,-0.8080206917805275
2010-01-11,-0.823867414475191
2010-01-12,-0.8202688323404457
2010-01-13,-0.8206260312380997
2010-01-14,-0.8177500856359012
2010-01-15,-0.8344905926749728
2010-01-19,-0.7856220530926286
2010-01-20,-0.7603859050703343
2010-01-21,-0.7203532253514964
2010-01-22,-0.6618945925703157
2010-01-25,-0.6235962115448743
2010-01-26,-0.516038681896049
2010-01-27,-0.40471842626085364
2010-01-28,-0.3856250509884571
2010-01-29,-0.4093742597845058
2010-02-01,-0.27442411486852936
2010-02-02,-0.11636395382841558
2010-02-03,0.1819260319527558
2010-02-04,0.3334455023391205
2010-02-05,0.40231316796151617
2010-02-08,0.4230650304669552
2010-02-09,0.5041259180610524
2010-02-10,0.5507208511436459
2010-02-11,0.6358907530771112
2010-02-12,0.6961402354883957
2010-02-16,0.7720519853945071
2010-02-17,0.8429947609869821
2010-02-18,0.9014785585558236
2010-02-19,0.945283774337861
2010-02-22,0.9715174919477099
2010-02-23,0.9864841146088412
2010-02-24,0.9948521385804459
2010-02-25,0.0
2010-02-26,0.0
2010-03-01,0.0
2010-03-02,0.0
2010-03-03,0.0
2010-03-04,0.0
2010-03-05,0.0
2010-03-08,0.0
2010-03-09,0.0
2010-03-10,0.0
2010-03-11,0.0
2010-03-12,1.7319479184152442e-14
2010-03-15,0.4357803463662573
2010-03-16,0.7549166482823055
2010-03-17,0.9310223172294929
2010-03-18,0.9888147223425621
2010-03-19,0.9984451612350795
2010-03-22,0.0
2010-03-23,0.0
2010-03-24,0.0
2010-03-25,0.0
2010-03-26,0.0
2010-03-29,0.0
2010-03-30,0.0
2010-03-31,0.0
2010-04-01,0.0
2010-04-05,0.0
2010-04-06,0.0
2010-04-07,4.8627768478581856e-14
2010-04-08,0.6710125090687145
2010-04-09,0.9327690939089899
2010-04-12,0.988745839686181
2010-04-13,0.9993960243413169
2010-04-14,0.0
2010-04-15,0.0
2010-04-16,0.0
2010-04-19,0.0
2010-04-20,0.0
2010-04-21,0.0
2010-04-22,0.0
2010-04-23,0.0
2010-04-26,0.0
2010-04-27,0.0
2010-04-28,0.0
2010-04-29,3.1086244689504383e-15
2010-04-30,0.07446398620890426
2010-05-03,0.35109381244452
2010-05-04,0.41278414981747336
2010-05-05,0.4723465435132663
2010-05-06,0.26800822759717136
2010-05-07,-0.267699683593275
2010-05-10,-0.2039648223573618
2010-05-11,-0.1640608888438575
2010-05-12,-0.0851323314666268
2010-05-13,-0.04497252265379159
2010-05-14,-0.1924125849313556
2010-05-17,-0.22325525223348297
2010-05-18,-0.27504634210606227
2010-05-19,-0.4302449482701627
2010-05-20,-0.7668902651287741
2010-05-21,-0.919393511190058
2010-05-24,-0.9801470728646802
2010-05-25,-0.9956451853556878
2010-05-26,0.0
2010-05-27,0.0
2010-05-28,0.0
2010-06-01,0.0
2010-06-02,0.0
2010-06-03,0.0
2010-06-04,0.0
2010-06-07,0.0
2010-06-08,0.0
2010-06-09,0.0
2010-06-10,0.0
2010-06-11,-6.217248937900877e-15
2010-06-14,0.31084450114721873
2010-06-15,0.688533834047188
2010-06-16,0.8812323750488578
2010-06-17,0.9571177912191335
2010-06-18,0.9848856652719249
2010-06-21,0.9952130855893
2010-06-22,0.0
2010-06-23,0.0
2010-06-24,0.0
2010-06-25,0.0
2010-06-28,0.0
2010-06-29,0.0
2010-06-30,0.0
2010-07-01,0.0
2010-07-02,0.0
2010-07-06,0.0
2010-07-07,0.0
2010-07-08,9.325873406851315e-15
2010-07-09,0.3849888208787122
2010-07-12,0.7495403304907526
2010-07-13,0.9511192498457071
2010-07-14,0.9940981409935699
2010-07-15,0.0
2010-07-16,0.0
2010-07-19,0.0
2010-07-20,0.0
2010-07-21,0.0
2010-07-22,0.0
2010-07-23,0.0
2010-07-26,0.0
2010-07-27,0.0
2010-07-28,0.0
2010-07-29,0.0
2010-07-30,1.509903313490213e-14
2010-08-02,-0.016925409025210225
2010-08-03,0.031533183905546824
2010-08-04,0.1501830145894858
2010-08-05,0.18923542900473334
2010-08-06,0.5511714730884425
2010-08-09,0.9040341194107042
2010-08-10,0.9874627700065153
2010-08-11,0.9957683670453268
2010-08-12,0.0
2010-08-13,0.0
2010-08-16,0.0
2010-08-17,0.0
2010-08-18,0.0
2010-08-19,0.0
2010-08-20,0.0
2010-08-23,0.0
2010-08-24,0.0
2010-08-25,0.0
2010-08-26,0.0
2010-08-27,1.9095836023552692e-14
2010-08-30,0.13240140599037886
2010-08-31,0.3486869835774655
2010-09-01,0.807019677472911
2010-09-02,0.9774831414749772
2010-09-03,0.9987617583079509
2010-09-07,0.0
2010-09-08,0.0
2010-09-09,0.0
2010-09-10,0.0
2010-09-13,0.0
2010-09-14,0.0
2010-09-15,0.0
2010-09-16,0.0
2010-09-17,0.0
2010-09-20,0.0
2010-09-21,0.0
2010-09-22,-7.993605777301127e-15
2010-09-23,-0.10727109034336757
2010-09-24,-0.05139171721069902
2010-09-27,-0.110204938521681
2010-09-28,-0.2049041263620177
2010-09-29,-0.3423276848987704
2010-09-30,-0.4474609113635688
2010-10-01,-0.4431605702268824
2010-10-04,-0.4321266865331299
2010-10-05,-0.20062333473877714
2010-10-06,-0.032021656100941875
2010-10-07,0.2080478859393231
2010-10-08,0.47311212887420173
2010-10-11,0.5905147617856574
2010-10-12,0.6858251134473308
2010-10-13,0.7826902788715322
2010-10-14,0.9343276642388718
2010-10-15,0.9894350293814502
2010-10-18,0.9986394608392428
2010-10-19,0.0
2010-10-20,0.0
2010-10-21,0.0
2010-10-22,0.0
2010-10-25,0.0
2010-10-26,0.0
2010-10-27,0.0
2010-10-28,0.0
2010-10-29,0.0
2010-11-01,0.0
2010-11-02,0.0
2010-11-03,-1.6653345369377348e-14
2010-11-04,0.4059537635790602
2010-11-05,0.7202128519422266
2010-11-08,0.8896061245281546
2010-11-09,0.9537102729262643
2010-11-10,0.9885617475532962
2010-11-11,0.9981638374675188
2010-11-12,0.0
2010-11-15,0.0
2010-11-16,0.0
2010-11-17,0.0
2010-11-18,0.0
2010-11-19,0.0
2010-11-22,0.0
2010-11-23,0.0
2010-11-24,0.0
2010-11-26,0.0
2010-11-29,0.0
2010-11-30,-8.43769498715119e-15
2010-12-01,0.36361994244916707
2010-12-02,0.6587483177800955
2010-12-03,0.8822383370052886
2010-12-06,0.9608871121385372
2010-12-07,0.9955498315005831
2010-12-08,0.0
2010-12-09,0.0
2010-12-10,0.0
2010-12-13,0.0
2010-12-14,0.0
2010-12-15,0.0
2010-12-16,0.0
2010-12-17,0.0
2010-12-20,0.0
2010-12-21,0.0
2010-12-22,0.0
2010-12-23,-1.7763568394002505e-14
2010-12-27,-0.2979230178174128
2010-12-28,-0.5390039181920834
2010-12-29,-0.5813501226914277
2010-12-30,-0.6728101235133694
2010-12-31,-0.7462833187650637
2011-01-03,-0.8269199723007923
2011-01-04,-0.9881133984243613
2011-01-05,-0.9994807812548714
2011-01-06,0.0
2011-01-07,0.0
2011-01-10,0.0
2011-01-11,0.0
2011-01-12,0.0
2011-01-13,0.0
2011-01-14,0.0
2011-01-18,0.0
2011-01-19,0.0
2011-01-20,0.0
2011-01-21,0.0
2011-01-24,5.995204332975845e-15
2011-01-25,0.29955254986809643
2011-01-26,0.47885453080386253
2011-01-27,0.4688839616600051
2011-01-28,0.22839183109296246
2011-01-31,0.07085522305043024
2011-02-01,-0.12527701449941686
2011-02-02,-0.26916519881264644
2011-02-03,-0.36152732777509833
2011-02-04,-0.4052327061776535
2011-02-07,-0.5441071128730148
2011-02-08,-0.36176324680946315
2011-02-09,-0.05294964792748824
2011-02-10,0.22041163006351927
2011-02-11,0.5176127381145625
2011-02-14,0.7426101786088979
2011-02-15,0.8732193160030217
2011-02-16,0.9397276990094998
2011-02-17,0.9729290317816437
2011-02-18,0.9896641864529945
2011-02-22,0.9951386853226785
2011-02-23,0.0
2011-02-24,0.0
2011-02-25,0.0
2011-02-28,0.0
2011-03-01,0.0
2011-03-02,0.0
2011-03-03,0.0
2011-03-04,0.0
2011-03-07,0.0
2011-03-08,0.0
2011-03-09,0.0
2011-03-10,1.2656542480726785e-14
2011-03-11,0.34899780428538696
2011-03-14,0.38986791717923497
2011-03-15,0.29800812079995276
2011-03-16,-0.2295250944599203
2011-03-17,-0.6420641968180854
2011-03-18,-0.8979941171539667
2011-03-21,-0.9631958098570916
2011-03-22,-0.9871318042113959
2011-03-23,-0.9927444637872045
2011-03-24,0.0
2011-03-25,0.0
2011-03-28,0.0
2011-03-29,0.0
2011-03-30,0.0
2011-03-31,0.0
2011-04-01,0.0
2011-04-04,0.0
2011-04-05,0.0
2011-04-06,0.0
2011-04-07,0.0
2011-04-08,-1.2434497875801753e-14
2011-04-11,0.1475960433317769
2011-04-12,0.41243113357948835
2011-04-13,0.6701105526992586
2011-04-14,0.854311395398718
2011-04-15,0.9580325605914868
2011-04-18,0.9849487801303964
2011-04-19,0.9920660276357915
2011-04-20,0.0
2011-04-21,0.0
2011-04-25,0.0
2011-04-26,0.0
2011-04-27,0.0
2011-04-28,0.0
2011-04-29,0.0
2011-05-02,0.0
2011-05-03,0.0
2011-05-04,0.0
2011-05-05,0.0
2011-05-06,1.2878587085651816e-14
2011-05-09,0.3317560261721977
2011-05-10,0.6658211391197619
2011-05-11,0.8383337883489066
2011-05-12,0.970939884486745
2011-05-13,0.9967787508435677
2011-05-16,0.0
2011-05-17,0.0
2011-05-18,0.0
2011-05-19,0.0
2011-05-20,0.0
2011-05-23,0.0
2011-05-24,0.0
2011-05-25,0.0
2011-05-26,0.0
2011-05-27,0.0
2011-05-31,0.0
2011-06-01,2.020605904817785e-14
2011-06-02,-0.2512079921135226
2011-06-03,-0.5223199312077187
2011-06-06,-0.685322080084874
2011-06-07,-0.7290389594774207
2011-06-08,-0.7649663435248639
2011-06-09,-0.7802774963974963
2011-06-10,-0.8920487488381332
2011-06-13,-0.9331011003015879
2011-06-14,-0.9249531483267284
2011-06-15,-0.9300992722378754
2011-06-16,-0.9005925937260151
2011-06-17,-0.7890251389860437
2011-06-20,-0.584645454491332
2011-06-21,-0.28105589705471656
2011-06-22,0.02369156617804946
2011-06-23,0.23012124658924438
2011-06-24,0.31669801502347594
2011-06-27,0.4936944006233146
2011-06-28,0.8705613469883628
2011-06-29,0.983860161940836
2011-06-30,0.9986081968471714
2011-07-01,0.0
2011-07-05,0.0
2011-07-06,0.0
2011-07-07,0.0
2011-07-08,0.0
2011-07-11,0.0
2011-07-12,0.0
2011-07-13,0.0
2011-07-14,0.0
2011-07-15,0.0
2011-07-18,0.0
2011-07-19,6.439293542825908e-15
2011-07-20,0.3825602495472977
2011-07-21,0.7507515050366751
2011-07-22,0.9982569493039009
2011-07-25,0.0
2011-07-26,0.0
2011-07-27,0.0
2011-07-28,0.0
2011-07-29,0.0
2011-08-01,0.0
2011-08-02,0.0
2011-08-03,0.0
2011-08-04,0.0
2011-08-05,0.0
2011-08-08,0.0
2011-08-09,2.886579864025407e-15
2011-08-10,-0.2386631079008581
2011-08-11,-0.18450242970191333
2011-08-12,-0.10667462392206306
2011-08-15,0.005176879236864718
2011-08-16,0.0929568436630277
2011-08-17,0.26461689209890515
2011-08-18,0.22655003760773185
2011-08-19,0.3526179540247627
2011-08-22,0.5086620936232136
2011-08-23,0.7434302868625622
2011-08-24,0.8982693830053461
2011-08-25,0.9481470691962208
2011-08-26,0.9829914841398426
2011-08-29,0.9964232419273449
2011-08-30,0.0
2011-08-31,0.0
2011-09-01,0.0
2011-09-02,0.0
2011-09-06,0.0
2011-09-07,0.0
2011-09-08,0.0
2011-09-09,0.0
2011-09-12,0.0
2011-09-13,0.0
2011-09-14,0.0
2011-09-15,0.0
2011-09-16,0.002479402573488665
2011-09-19,0.06433153513143108
2011-09-20,0.1760590916022835
2011-09-21,0.09132187953886217
2011-09-22,-0.14751425327683765
2011-09-23,-0.23174946962181786
2011-09-26,-0.12295200852228239
2011-09-27,0.02077588002146369
2011-09-28,-0.0021135043279729704
2011-09-29,0.04463424571601404
2011-09-30,0.0034933250997806198
2011-10-03,-0.19166322442138517
2011-10-04,-0.33286209627433494
2011-10-05,-0.5028230881928959
2011-10-06,-0.5682485801318622
2011-10-07,-0.6215084253643233
2011-10-10,-0.5998294509481932
2011-10-11,-0.5297385785727271
2011-10-12,-0.5170345287804197
2011-10-13,-0.44585434172830984
2011-10-14,-0.3299895775361028
2011-10-17,-0.29885933908317774
2011-10-18,-0.2002487058044493
2011-10-19,-0.1026939924946837
2011-10-20,-0.04929693244002631
2011-10-21,0.22996741806491094
2011-10-24,0.4585625333628949
2011-10-25,0.6321932670464752
2011-10-26,0.7637282661443603
2011-10-27,0.8915045754501305
2011-10-28,0.9542742820606329
2011-10-31,0.9810445699252477
2011-11-01,0.9909991320422191
2011-11-02,0.0
2011-11-03,0.0
2011-11-04,0.0
2011-11-07,0.0
2011-11-08,0.0
2011-11-09,0.0
2011-11-10,0.0
2011-11-11,0.0
2011-11-14,0.0
2011-11-15,0.0
2011-11-16,0.0
2011-11-17,2.6645352591003757e-15
2011-11-18,-0.20981218992978512
2011-11-21,-0.48425256387702853
2011-11-22,-0.6326784411800368
2011-11-23,-0.824682958775028
2011-11-25,-0.91468906169543
2011-11-28,-0.8969252567330415
2011-11-29,-0.8508568291941676
2011-11-30,-0.5454920951077724
2011-12-01,-0.0737288117467867
2011-12-02,0.43822850741507957
2011-12-05,0.7462606348612697
2011-12-06,0.9328211571322844
2011-12-07,0.9904352956612836
2011-12-08,0.0
2011-12-09,0.0
2011-12-12,0.0
2011-12-13,0.0
2011-12-14,0.0
2011-12-15,0.0
2011-12-16,0.0
2011-12-19,0.0
2011-12-20,0.0
2011-12-21,0.0
2011-12-22,0.0
2011-12-23,2.1538326677728037e-14
2011-12-27,0.5267904399127099
2011-12-28,0.7261288478863022
2011-12-29,0.9280494721637387
2011-12-30,0.9800712037597621
2012-01-03,0.9846675230251478
2012-01-04,0.9922267841690782
2012-01-05,0.0
2012-01-06,0.0
2012-01-09,0.0
2012-01-10,0.0
2012-01-11,0.0
2012-01-12,0.0
2012-01-13,0.0
2012-01-17,0.0
2012-01-18,0.0
2012-01-19,0.0
2012-01-20,0.0
2012-01-23,-2.708944180085382e-14
2012-01-24,-0.5176496688150554
2012-01-25,-0.7596389067479776
2012-01-26,-0.8974531822094274
2012-01-27,-0.974588172210983
2012-01-30,-0.994938778848008
2012-01-31,0.0
2012-02-01,0.0
2012-02-02,0.0
2012-02-03,0.0
2012-02-06,0.0
2012-02-07,0.0
2012-02-08,0.0
2012-02-09,0.0
2012-02-10,0.0
2012-02-13,0.0
2012-02-14,0.0
2012-02-15,2.6645352591003757e-14
2012-02-16,-0.06803706892223182
2012-02-17,0.08309193404023985
2012-02-21,0.3537462127616793
2012-02-22,0.6045494050204947
2012-02-23,0.7951282428476714
2012-02-24,0.8673733347539321
2012-02-27,0.9182916855109235
2012-02-28,0.9549449868126854
2012-02-29,0.9646552267654231
2012-03-01,0.9716381378614545
2012-03-02,0.981209255231493
2012-03-05,0.9913628603210656
2012-03-06,0.0
2012-03-07,0.0
2012-03-08,0.0
2012-03-09,0.0
2012-03-12,0.0
2012-03-13,0.0
2012-03-14,0.0
2012-03-15,0.0
2012-03-16,0.0
2012-03-19,0.0
2012-03-20,0.0
2012-03-21,-1.6209256159527285e-14
2012-03-22,-0.3438297172183753
2012-03-23,-0.6395329060257002
2012-03-26,-0.702918013815997
2012-03-27,-0.7223632615763897
2012-03-28,-0.76210790195455
2012-03-29,-0.7535307405434652
2012-03-30,-0.7065262290298109
2012-04-02,-0.6314759766276208
2012-04-03,-0.4273548018233113
2012-04-04,-0.4453565831339197
2012-04-05,-0.322415392643673
2012-04-09,-0.16126327874105617
2012-04-10,-0.16201430565150554
2012-04-11,-0.04625705596293983
2012-04-12,-0.05316337787717185
2012-04-13,-0.14444323181572227
2012-04-16,-0.27709337103430953
2012-04-17,-0.3397908292378471
2012-04-18,-0.37381688807485336
2012-04-19,-0.5995733074761329
2012-04-20,-0.7229033507513094
2012-04-23,-0.8485518470132576
2012-04-24,-0.9368201415578226
2012-04-25,-0.970827402885776
2012-04-26,-0.984099752571945
2012-04-27,-0.9846119845689512
2012-04-30,-0.9847198308533072
2012-05-01,-0.9861815942205909
2012-05-02,-0.9859822708721493
2012-05-03,-0.9880435291148784
2012-05-04,-0.9934678716299501
2012-05-07,0.0
2012-05-08,0.0
2012-05-09,0.0
2012-05-10,0.0
2012-05-11,0.0
2012-05-14,0.0
2012-05-15,0.0
2012-05-16,0.0
2012-05-17,0.0
2012-05-18,0.0
2012-05-21,0.0
2012-05-22,-5.995204332975845e-15
2012-05-23,-0.028068414067211167
2012-05-24,-0.04731548649571815
2012-05-25,-0.1275131265312628
2012-05-29,-0.21982227974727708
2012-05-30,-0.39154583728574077
2012-05-31,-0.5425917997345666
2012-06-01,-0.8222581177174568
2012-06-04,-0.9520703522411968
2012-06-05,-0.9865891534978393
2012-06-06,-0.9936733834212073
2012-06-07,0.0
2012-06-08,0.0
2012-06-11,0.0
2012-06-12,0.0
2012-06-13,0.0
2012-06-14,0.0
2012-06-15,0.0
2012-06-18,0.0
2012-06-19,0.0
2012-06-20,0.0
2012-06-21,0.0
2012-06-22,-1.176836406102666e-14
2012-06-25,-0.08352438499654213
2012-06-26,0.012393638549928587
2012-06-27,-0.029957184999281017
2012-06-28,-0.09426589783909556
2012-06-29,-0.0986532458206908
2012-07-02,-0.17212343101042427
2012-07-03,-0.1668541145163338
2012-07-05,-0.05629840020567456
2012-07-06,0.10172537919883906
2012-07-09,0.2675958123731659
2012-07-10,0.4678010218945259
2012-07-11,0.5607714751700654
2012-07-12,0.8116471874322402
2012-07-13,0.9419553992892711
2012-07-16,0.9813123849221375
2012-07-17,0.9953441751899608
2012-07-18,0.0
2012-07-19,0.0
2012-07-20,0.0
2012-07-23,0.0
2012-07-24,0.0
2012-07-25,0.0
2012-07-26,0.0
2012-07-27,0.0
2012-07-30,0.0
2012-07-31,0.0
2012-08-01,0.0
2012-08-02,3.1086244689504383e-15
2012-08-03,-0.02888174013376532
2012-08-06,-0.04184648097381993
2012-08-07,-0.14389009287269916
2012-08-08,-0.41185625545765037
2012-08-09,-0.6528044057778919
2012-08-10,-0.752473669424371
2012-08-13,-0.8404013719675445
2012-08-14,-0.8932015143649057
2012-08-15,-0.9362284750304328
2012-08-16,-0.967067352242605
2012-08-17,-0.9842300128883434
2012-08-20,-0.9900515730779063
2012-08-21,0.0
2012-08-22,0.0
2012-08-23,0.0
2012-08-24,0.0
2012-08-27,0.0
2012-08-28,0.0
2012-08-29,0.0
2012-08-30,0.0
2012-08-31,0.0
2012-09-04,0.0
2012-09-05,0.0
2012-09-06,-8.43769498715119e-15
2012-09-07,0.5481066531137344
2012-09-10,0.8759859911317351
2012-09-11,0.9749862217913616
2012-09-12,0.994713706026993
2012-09-13,0.0
2012-09-14,0.0
2012-09-17,0.0
2012-09-18,0.0
2012-09-19,0.0
2012-09-20,0.0
2012-09-21,0.0
2012-09-24,0.0
2012-09-25,0.0
2012-09-26,0.0
2012-09-27,0.0
2012-09-28,-2.4646951146678475e-14
2012-10-01,-0.2158746725410816
2012-10-02,-0.6304521177814151
2012-10-03,-0.905878435649405
2012-10-04,-0.9707976060575372
2012-10-05,-0.9923754465230483
2012-10-08,0.0
2012-10-09,0.0
2012-10-10,0.0
2012-10-11,0.0
2012-10-12,0.0
2012-10-15,0.0
2012-10-16,0.0
2012-10-17,0.0
2012-10-18,0.0
2012-10-19,0.0
2012-10-22,0.0
2012-10-23,2.220446049250313e-15
2012-10-24,-0.43535457704900193
2012-10-25,-0.7302790311013103
2012-10-26,-0.9054563387510925
2012-10-31,-0.9718069095510897
2012-11-01,-0.9928043179454327
2012-11-02,0.0
2012-11-05,0.0
2012-11-06,0.0
2012-11-07,0.0
2012-11-08,0.0
2012-11-09,0.0
2012-11-12,0.0
2012-11-13,0.0
2012-11-14,0.0
2012-11-15,0.0
2012-11-16,0.0
2012-11-19,-8.659739592076221e-15
2012-11-20,0.024197827421555074
2012-11-21,0.09798937244938921
2012-11-23,0.315657458252953
2012-11-26,0.39946127076785154
2012-11-27,0.43619334323238745
2012-11-28,0.5357587657294147
2012-11-29,0.6847852323719166
2012-11-30,0.8244175896186898
2012-12-03,0.9092748540096136
2012-12-04,0.9582517770724337
2012-12-05,0.9802305242372709
2012-12-06,0.9946145666229624
2012-12-07,0.0
2012-12-10,0.0
2012-12-11,0.0
2012-12-12,0.0
2012-12-13,0.0
2012-12-14,0.0
2012-12-17,0.0
2012-12-18,0.0
2012-12-19,0.0
2012-12-20,0.0
2012-12-21,0.0
2012-12-24,-1.2212453270876722e-14
2012-12-26,-0.3022597547461734
2012-12-27,-0.5514349548103348
2012-12-28,-0.8938492713299591
2012-12-31,-0.9680847308589293
2013-01-02,-0.933881459703237
2013-01-03,-0.8195598253209491
2013-01-04,-0.7624161625236721
2013-01-07,-0.4637242291793324
2013-01-08,-0.057629038369341634
2013-01-09,0.3109146394087343
2013-01-10,0.7136324980209041
2013-01-11,0.931500498153284
2013-01-14,0.9867692729940818
2013-01-15,0.9980757685374577
2013-01-16,0.0
2013-01-17,0.0
2013-01-18,0.0
2013-01-22,0.0
2013-01-23,0.0
2013-01-24,0.0
2013-01-25,0.0
2013-01-28,0.0
2013-01-29,0.0
2013-01-30,0.0
2013-01-31,0.0
2013-02-01,-1.2656542480726785e-14
2013-02-04,0.14258014701452582
2013-02-05,0.3127538599992472
2013-02-06,0.47700154049777455
2013-02-07,0.5678301378317552
2013-02-08,0.6647941135902851
2013-02-11,0.7622316284841286
2013-02-12,0.8310901803412325
2013-02-13,0.8368284047128047
2013-02-14,0.822306746161592
2013-02-15,0.8241094068560992
2013-02-19,0.8237788669981647
2013-02-20,0.8263114330428118
2013-02-21,0.8384710512613536
2013-02-22,0.8873733928822285
2013-02-25,0.9403082315636
2013-02-26,0.970724545356316
2013-02-27,0.9876634973334475
2013-02-28,0.9954325375607347
2013-03-01,0.0
2013-03-04,0.0
2013-03-05,0.0
2013-03-06,0.0
2013-03-07,0.0
2013-03-08,0.0
2013-03-11,0.0
2013-03-12,0.0
2013-03-13,0.0
2013-03-14,0.0
2013-03-15,0.0
2013-03-18,1.1324274851176597e-14
2013-03-19,0.07967260754388139
2013-03-20,0.20008818583151378
2013-03-21,0.28009386704485806
2013-03-22,0.43190744739646636
2013-03-25,0.46306822190214847
2013-03-26,0.515781287123662
2013-03-27,0.5957303150778233
2013-03-28,0.7156509218353684
2013-04-01,0.773936093654167
2013-04-02,0.8671679362492517
2013-04-03,0.9018678608519874
2013-04-04,0.9514107344069698
2013-04-05,0.9824611934937602
2013-04-08,0.9944457631366654
2013-04-09,0.0
2013-04-10,0.0
2013-04-11,0.0
2013-04-12,0.0
2013-04-15,0.0
2013-04-16,0.0
2013-04-17,0.0
2013-04-18,0.0
2013-04-19,0.0
2013-04-22,0.0
2013-04-23,0.0
2013-04-24,0.0
2013-04-25,-0.090325598959899
2013-04-26,-0.18091606342241429
2013-04-29,-0.06787574683119257
2013-04-30,0.03308135178661198
2013-05-01,0.0171455107292795
2013-05-02,0.09830472912006405
2013-05-03,0.2877868266050938
2013-05-06,0.35347445101371555
2013-05-07,0.43835979173726836
2013-05-08,0.36981135031138823
2013-05-09,0.14995574653928245
2013-05-10,-0.009821304129964403
2013-05-13,-0.14152588729299032
2013-05-14,-0.1714986835277048
2013-05-15,-0.11508102547862187
2013-05-16,-0.15365418985017265
2013-05-17,-0.14470003594224456
2013-05-20,-0.13607367875015042
2013-05-21,-0.0634044650064629
2013-05-22,-0.035078781431279626
2013-05-23,-0.08179673720340852
2013-05-24,-0.20156516906369482
2013-05-28,-0.22252108820171568
2013-05-29,-0.4410059066870833
2013-05-30,-0.6965544459730004
2013-05-31,-0.872432334284098
2013-06-03,-0.9337509542464009
2013-06-04,-0.9636341559301778
2013-06-05,-0.9899559575329022
2013-06-06,-0.997422514636003
2013-06-07,0.0
2013-06-10,0.0
2013-06-11,0.0
2013-06-12,0.0
2013-06-13,0.0
2013-06-14,0.0
2013-06-17,0.0
2013-06-18,0.0
2013-06-19,0.0
2013-06-20,0.0
2013-06-21,0.0
2013-06-24,2.042810365310288e-14
2013-06-25,-0.20240712629843394
2013-06-26,-0.08033197561203931
2013-06-27,0.21831735206425673
2013-06-28,0.3471347245001337
2013-07-01,0.5958237137206925
2013-07-02,0.7798835506864159
2013-07-03,0.9118822070539321
2013-07-05,0.958547937005046
2013-07-08,0.981842031354937
2013-07-09,0.9930283532128554
2013-07-10,0.0
2013-07-11,0.0
2013-07-12,0.0
2013-07-15,0.0
2013-07-16,0.0
2013-07-17,0.0
2013-07-18,0.0
2013-07-19,0.0
2013-07-22,0.0
2013-07-23,0.0
2013-07-24,0.0
2013-07-25,0.0
2013-07-26,-0.17256305336439137
2013-07-29,-0.34319401977075215
2013-07-30,-0.4397672203269134
2013-07-31,-0.5487973789950504
2013-08-01,-0.56950889504588
2013-08-02,-0.5735458729346008
2013-08-05,-0.5693813714229763
2013-08-06,-0.6104175050155323
2013-08-07,-0.6699886401678907
2013-08-08,-0.7364568190434413
2013-08-09,-0.8083657342694885
2013-08-12,-0.8796000636076173
2013-08-13,-0.936802375909342
2013-08-14,-0.9714049684907711
2013-08-15,-0.9903181066383382
2013-08-16,0.0
2013-08-19,0.0
2013-08-20,0.0
2013-08-21,0.0
2013-08-22,0.0
2013-08-23,0.0
2013-08-26,0.0
2013-08-27,0.0
2013-08-28,0.0
2013-08-29,0.0
2013-08-30,0.0
2013-09-03,-5.617728504603292e-14
2013-09-04,0.3868412399813157
2013-09-05,0.834005543208161
2013-09-06,0.9926824594978862
2013-09-09,0.0
2013-09-10,0.0
2013-09-11,0.0
2013-09-12,0.0
2013-09-13,0.0
2013-09-16,0.0
2013-09-17,0.0
2013-09-18,0.0
2013-09-19,0.0
2013-09-20,0.0
2013-09-23,0.0
2013-09-24,0.0
2013-09-25,0.05874574076612893
2013-09-26,0.3090949400883509
2013-09-27,0.18665971402842563
2013-09-30,-0.23309511699504215
2013-10-01,-0.5931787972580138
2013-10-02,-0.9048734459480652
2013-10-03,-0.9930465101363533
2013-10-04,0.0
2013-10-07,0.0
2013-10-08,0.0
2013-10-09,0.0
2013-10-10,0.0
2013-10-11,0.0
2013-10-14,0.0
2013-10-15,0.0
2013-10-16,0.0
2013-10-17,0.0
2013-10-18,0.0
2013-10-21,2.886579864025407e-14
2013-10-22,0.2010371670504969
2013-10-23,0.0855571756410507
2013-10-24,0.12853731404156576
2013-10-25,0.1991303974385763
2013-10-28,0.4265625921893563
2013-10-29,0.7326358017935783
2013-10-30,0.8946298581239955
2013-10-31,0.9772255079241172
2013-11-01,0.9983784906278601
2013-11-04,0.0
2013-11-05,0.0
2013-11-06,0.0
2013-11-07,0.0
2013-11-08,0.0
2013-11-11,0.0
2013-11-12,0.0
2013-11-13,0.0
2013-11-14,0.0
2013-11-15,0.0
2013-11-18,0.0
2013-11-19,-4.6629367034256575e-14
2013-11-20,0.032001498812522566
2013-11-21,0.14787879553526517
2013-11-22,0.5150261431403358
2013-11-25,0.888738661115462
2013-11-26,0.9532409486899309
2013-11-27,0.9694846995537689
2013-11-29,0.9880400591755165
2013-12-02,0.9813439692444419
2013-12-03,0.9666355491413425
2013-12-04,0.8781665354831532
2013-12-05,0.6007581888938005
2013-12-06,0.6258049936948911
2013-12-09,0.29392022913431104
2013-12-10,-0.20551511533808764
2013-12-11,-0.6620949876952285
2013-12-12,-0.9718402591066526
2013-12-13,-0.9987474497107183
2013-12-16,0.0
2013-12-17,0.0
2013-12-18,0.0
2013-12-19,0.0
2013-12-20,0.0
2013-12-23,0.0
2013-12-24,0.0
2013-12-26,0.0
2013-12-27,0.0
2013-12-30,0.0
2013-12-31,0.0
2014-01-02,-2.1760371282653068e-14
2014-01-03,0.08925198395442524
2014-01-06,-0.004697872775581535
2014-01-07,0.03904962276523127
2014-01-08,-0.15187935044925416
2014-01-09,-0.31304300255966555
2014-01-10,-0.3873342709650931
2014-01-13,-0.6168664119642524
2014-01-14,-0.7350972256730841
2014-01-15,-0.8006558554742438
2014-01-16,-0.8032643364731649
2014-01-17,-0.8864067670953828
2014-01-21,-0.9320091162509463
2014-01-22,-0.9648737165448165
2014-01-23,-0.9770733186518561
2014-01-24,-0.9917828818430465
2014-01-27,0.0
2014-01-28,0.0
2014-01-29,0.0
2014-01-30,0.0
2014-01-31,0.0
2014-02-03,0.0
2014-02-04,0.0
2014-02-05,0.0
2014-02-06,0.0
2014-02-07,0.0
2014-02-10,0.0
2014-02-11,-1.9539925233402755e-14
2014-02-12,0.16836937165066268
2014-02-13,0.4336824265062562
2014-02-14,0.6821694730555721
2014-02-18,0.8563819341744014
2014-02-19,0.9243887746840169
2014-02-20,0.9664306302274892
2014-02-21,0.9914367080866204
2014-02-24,0.0
2014-02-25,0.0
2014-02-26,0.0
2014-02-27,0.0
2014-02-28,0.0
2014-03-03,0.0
2014-03-04,0.0
2014-03-05,0.0
2014-03-06,0.0
2014-03-07,0.0
2014-03-10,0.0
2014-03-11,1.6209256159527285e-14
2014-03-12,0.578882074231228
2014-03-13,0.77954268265757
2014-03-14,0.9046485239544071
2014-03-17,0.9632103398615359
2014-03-18,0.984521960735866
2014-03-19,0.9867872774248312
2014-03-20,0.9916574352139544
2014-03-21,0.0
2014-03-24,0.0
2014-03-25,0.0
2014-03-26,0.0
2014-03-27,0.0
2014-03-28,0.0
2014-03-31,0.0
2014-04-01,0.0
2014-04-02,0.0
2014-04-03,0.0
2014-04-04,0.0
2014-04-07,0.0
2014-04-08,0.2725994424429503
2014-04-09,0.546142686024476
2014-04-10,0.8446765379638035
2014-04-11,0.9559539206602388
2014-04-14,0.9946474782005084
2014-04-15,0.0
2014-04-16,0.0
2014-04-17,0.0
2014-04-21,0.0
2014-04-22,0.0
2014-04-23,0.0
2014-04-24,0.0
2014-04-25,0.0
2014-04-28,0.0
2014-04-29,0.0
2014-04-30,0.0
2014-05-01,0.0
2014-05-02,0.28843653668077174
2014-05-05,0.45993066095734325
2014-05-06,0.5624800934470122
2014-05-07,0.7908243081390758
2014-05-08,0.911668765275671
2014-05-09,0.984744735461075
2014-05-12,0.9980006471971594
2014-05-13,0.0
2014-05-14,0.0
2014-05-15,0.0
2014-05-16,0.0
2014-05-19,0.0
2014-05-20,0.0
2014-05-21,0.0
2014-05-22,0.0
2014-05-23,0.0
2014-05-27,0.0
2014-05-28,0.0
2014-05-29,-2.7977620220553945e-14
2014-05-30,-0.04806960273943672
2014-06-02,0.10770521426264312
2014-06-03,0.06597827555266589
2014-06-04,0.3269488072014979
2014-06-05,0.5435924501818987
2014-06-06,0.6149019752420557
2014-06-09,0.5631402569110451
2014-06-10,0.39433086998720146
2014-06-11,0.08807378526868948
2014-06-12,-0.3807311038365224
2014-06-13,-0.5984190447379336
2014-06-16,-0.6685465928243177
2014-06-17,-0.7040892671600674
2014-06-18,-0.7252485543835365
2014-06-19,-0.6672931448650607
2014-06-20,-0.6030113820606897
2014-06-23,-0.5363226739280913
2014-06-24,-0.5459747183802486
2014-06-25,-0.5314648715083932
2014-06-26,-0.5344168712890491
2014-06-27,-0.5456496186189201
2014-06-30,-0.662955760270693
2014-07-01,-0.7273484106027304
2014-07-02,-0.8240064089471417
2014-07-03,-0.8628750353607577
2014-07-07,-0.9316716982287396
2014-07-08,-0.9700512197291098
2014-07-09,-0.9766180399778506
2014-07-10,-0.9869181717293598
2014-07-11,-0.9938926349778261
2014-07-14,0.0
2014-07-15,0.0
2014-07-16,0.0
2014-07-17,0.0
2014-07-18,0.0
2014-07-21,0.0
2014-07-22,0.0
2014-07-23,0.0
2014-07-24,0.0
2014-07-25,0.0
2014-07-28,0.0
2014-07-29,-9.103828801926284e-15
2014-07-30,-0.16628278380950157
2014-07-31,-0.44732050756579067
2014-08-01,-0.6758534564964098
2014-08-04,-0.823832658707909
2014-08-05,-0.9292431057483277
2014-08-06,-0.9743954044972638
2014-08-07,-0.9920608531608075
2014-08-08,0.0
2014-08-11,0.0
2014-08-12,0.0
2014-08-13,0.0
2014-08-14,0.0
2014-08-15,0.0
2014-08-18,0.0
2014-08-19,0.0
2014-08-20,0.0
2014-08-21,0.0
2014-08-22,0.0
2014-08-25,0.0
2014-08-26,0.044410510161583705
2014-08-27,0.3613563695582138
2014-08-28,0.707043133953198
2014-08-29,0.8169376416604908
2014-09-02,0.6972022760154277
2014-09-03,0.658152631741115
2014-09-04,0.5763502539759009
2014-09-05,0.5110118669336692
2014-09-08,0.21631064658907118
2014-09-09,-0.6235391502942917
2014-09-10,-0.6748562094542148
2014-09-11,-0.7288098399091281
2014-09-12,-0.6922730517649782
2014-09-15,-0.6204311587434652
2014-09-16,-0.4558787378987539
2014-09-17,-0.3472010173988531
2014-09-18,-0.2527747562444467
2014-09-19,0.1644994651746574
2014-09-22,0.40023662733404874
2014-09-23,0.48036182559249285
2014-09-24,0.843304425997276
2014-09-25,0.9283206337756191
2014-09-26,0.9838876056000561
2014-09-29,0.9997235534978492
2014-09-30,0.0
2014-10-01,0.0
2014-10-02,0.0
2014-10-03,0.0
2014-10-06,0.0
2014-10-07,0.0
2014-10-08,0.0
2014-10-09,0.0
2014-10-10,0.0
2014-10-13,0.0
2014-10-14,0.0
2014-10-15,-1.1324274851176597e-14
2014-10-16,-0.41507467672798026
2014-10-17,-0.609597397524759
2014-10-20,-0.7108182822568034
2014-10-21,-0.8204516366090366
2014-10-22,-0.8946436229642516
2014-10-23,-0.9385301480964692
2014-10-24,-0.9558788621442946
2014-10-27,-0.9643614955519351
2014-10-28,-0.9645766434796825
2014-10-29,-0.9633108000905262
2014-10-30,-0.9533709848813234
2014-10-31,-0.935602436022352
2014-11-03,-0.9165645510125964
2014-11-04,-0.8689226036956457
2014-11-05,-0.7982392135220489
2014-11-06,-0.7061535132360015
2014-11-07,-0.5638789864963081
2014-11-10,-0.3941754947200271
2014-11-11,-0.20407318169936595
2014-11-12,0.009661398152638556
2014-11-13,0.22915199054629043
2014-11-14,0.47944150680925346
2014-11-17,0.6617495295175462
2014-11-18,0.8101904038805305
2014-11-19,0.9052866076671535
2014-11-20,0.9576403011316448
2014-11-21,0.9828757766308709
2014-11-24,0.9945511197951598
2014-11-25,0.0
2014-11-26,0.0
2014-11-28,0.0
2014-12-01,0.0
2014-12-02,0.0
2014-12-03,0.0
2014-12-04,0.0
2014-12-05,0.0
2014-12-08,0.0
2014-12-09,0.0
2014-12-10,0.0
2014-12-11,7.327471962526033e-15
2014-12-12,-0.33248790576412146
2014-12-15,-0.7136189794964505
2014-12-16,-0.8973799310149957
2014-12-17,-0.9373117209801209
2014-12-18,-0.939373391347935
2014-12-19,-0.9470735933148331
2014-12-22,-0.9463497703533514
2014-12-23,-0.9418993960891937
2014-12-24,-0.9423294170676126
2014-12-26,-0.9310537920241306
2014-12-29,-0.9148265320659414
2014-12-30,-0.9100323960371761
2014-12-31,-0.9139987656344897
2015-01-02,-0.923876461228091
2015-01-05,-0.9439558452942172
2015-01-06,-0.957658811050661
2015-01-07,-0.9568940682906486
2015-01-08,-0.9533747369251355
2015-01-09,-0.9590023905391447
2015-01-12,-0.965212325999979
2015-01-13,-0.9714361571185162
2015-01-14,-0.9816028232889238
2015-01-15,-0.9886711957711896
2015-01-16,-0.9929668719925402
2015-01-20,0.0
2015-01-21,0.0
2015-01-22,0.0
2015-01-23,0.0
2015-01-26,0.0
2015-01-27,0.0
2015-01-28,0.0
2015-01-29,0.0
2015-01-30,0.0
2015-02-02,0.0
2015-02-03,0.0
2015-02-04,0.0
2015-02-05,0.3521455692803581
2015-02-06,0.5922494539907284
2015-02-09,0.6781652582289763
2015-02-10,0.8152030248522224
2015-02-11,0.9047404905965868
2015-02-12,0.9650087652267472
2015-02-13,0.9906333112422314
2015-02-17,0.0
2015-02-18,0.0
2015-02-19,0.0
2015-02-20,0.0
2015-02-23,0.0
2015-02-24,0.0
2015-02-25,0.0
2015-02-26,0.0
2015-02-27,0.0
2015-03-02,0.0
2015-03-03,0.0
2015-03-04,-5.551115123125783e-15
2015-03-05,0.18691168106023204
2015-03-06,0.22300101922614868
2015-03-09,0.293040946043867
2015-03-10,0.27169623588139613
2015-03-11,0.1708268097761656
2015-03-12,0.15142704633089887
2015-03-13,0.1389806768094397
2015-03-16,0.17291819894545823
2015-03-17,0.15079620892403134
2015-03-18,0.17484290825870552
2015-03-19,0.14373684268255182
2015-03-20,0.16968854922077803
2015-03-23,0.27256375840748004
2015-03-24,0.40037286071338163
2015-03-25,0.4636584458035471
2015-03-26,0.502094444208095
2015-03-27,0.5124419971729637
2015-03-30,0.5557240330504323
2015-03-31,0.5808640631928892
2015-04-01,0.5666331028415961
2015-04-02,0.5369365708692748
2015-04-06,0.5229012513851279
2015-04-07,0.5115717326734541
2015-04-08,0.5176046173412621
2015-04-09,0.5135056493454899
2015-04-10,0.5501828259828936
2015-04-13,0.5735797274150296
2015-04-14,0.5998116673737499
2015-04-15,0.5924499780501256
2015-04-16,0.5615686287365909
2015-04-17,0.5070146004264693
2015-04-20,0.49222425451008167
2015-04-21,0.43539043459240756
2015-04-22,0.4741705016930724
2015-04-23,0.4853738697583887
2015-04-24,0.54702964529706
2015-04-27,0.5408577608011857
2015-04-28,0.5457224365934601
2015-04-29,0.5556879485542483
2015-04-30,0.5527872470040256
2015-05-01,0.5828218259431441
2015-05-04,0.5690900107293455
2015-05-05,0.5553984707800863
2015-05-06,0.5485855673179239
2015-05-07,0.5520083744270989
2015-05-08,0.5914691222055328
2015-05-11,0.6116166079199603
2015-05-12,0.6406428572378333
2015-05-13,0.655219388789765
2015-05-14,0.6765716722700201
2015-05-15,0.7030715151428539
2015-05-18,0.7273690621852948
2015-05-19,0.7915196029567675
2015-05-20,0.8364530699019816
2015-05-21,0.8647521167901797
2015-05-22,0.8861993489498632
2015-05-26,0.900435255345335
2015-05-27,0.914481816065263
2015-05-28,0.9180111031908518
2015-05-29,0.9177003950152791
2015-06-01,0.9193620022192659
2015-06-02,0.9214434491381431
2015-06-03,0.9249072263927993
2015-06-04,0.9269561950483676
2015-06-05,0.924313812587332
2015-06-08,0.9202442109556561
2015-06-09,0.9120824810281671
2015-06-10,0.9075196170457682
2015-06-11,0.904958780671073
2015-06-12,0.8984312492914519
2015-06-15,0.88548813130505
2015-06-16,0.8744213456850083
2015-06-17,0.8681768414429738
2015-06-18,0.8705172500523353
2015-06-19,0.8720194487491899
2015-06-22,0.880231820446943
2015-06-23,0.890368618791934
2015-06-24,0.8957952425367435
2015-06-25,0.8948184042419189
2015-06-26,0.9045207797450932
2015-06-29,0.9011794533604061
2015-06-30,0.895132332100327
2015-07-01,0.8939969029189054
2015-07-02,0.8958373140707694
2015-07-06,0.893944146532563
2015-07-07,0.8993460264964253
2015-07-08,0.8988358969353518
2015-07-09,0.9027257376498752
2015-07-10,0.9136524229638763
2015-07-13,0.9276056849518055
2015-07-14,0.9410889087825924
2015-07-15,0.9533631394016355
2015-07-16,0.9596918211466865
2015-07-17,0.9642308223879097
2015-07-20,0.9682685379135689
2015-07-21,0.9714926851901389
2015-07-22,0.9749435110144855
2015-07-23,0.9770975495047098
2015-07-24,0.97729915003852
2015-07-27,0.9773897762729145
2015-07-28,0.9797349671134272
2015-07-29,0.9831344096601098
2015-07-30,0.9871074185668434
2015-07-31,0.9907880599201313
2015-08-03,0.0
2015-08-04,0.0
2015-08-05,0.0
2015-08-06,0.0
2015-08-07,0.0
2015-08-10,0.0
2015-08-11,0.0
2015-08-12,0.0
2015-08-13,0.0
2015-08-14,0.0
2015-08-17,0.0
2015-08-18,2.4202861936828413e-14
2015-08-19,0.4870647405902431
2015-08-20,0.5496291561614062
2015-08-21,-0.08791360816608829
2015-08-24,-0.9846912559436616
2015-08-25,-0.9999997665161793
2015-08-26,0.0
2015-08-27,0.0
2015-08-28,0.0
2015-08-31,0.0
2015-09-01,0.0
2015-09-02,0.0
2015-09-03,0.0
2015-09-04,0.0
2015-09-08,0.0
2015-09-09,0.0
2015-09-10,0.0
2015-09-11,-1.532107773982716e-14
2015-09-14,0.26712105025342026
2015-09-15,0.6592009030368673
2015-09-16,0.8989078946808149
2015-09-17,0.9635454336097293
2015-09-18,0.9809908935521701
2015-09-21,0.9943516706520434
2015-09-22,0.0
2015-09-23,0.0
2015-09-24,0.0
2015-09-25,0.0
2015-09-28,0.0
2015-09-29,0.0
2015-09-30,0.0
2015-10-01,0.0
2015-10-02,0.0
2015-10-05,0.0
2015-10-06,0.0
2015-10-07,8.659739592076221e-15
2015-10-08,0.44467342179825753
2015-10-09,0.7334546679006171
2015-10-12,0.9031334567989611
2015-10-13,0.9717221360328006
2015-10-14,0.9914052877917912
2015-10-15,0.0
2015-10-16,0.0
2015-10-19,0.0
2015-10-20,0.0
2015-10-21,0.0
2015-10-22,0.0
2015-10-23,0.0
2015-10-26,0.0
2015-10-27,0.0
2015-10-28,0.0
2015-10-29,0.0
2015-10-30,3.9968028886505635e-15
2015-11-02,0.17271136501194495
2015-11-03,0.32451878518506305
2015-11-04,0.46793024943172745
2015-11-05,0.6015513073197156
2015-11-06,0.7186019431898742
2015-11-09,0.7983570480921358
2015-11-10,0.8616879040758603
2015-11-11,0.9127945578030943
2015-11-12,0.9343449455710988
2015-11-13,0.9372287307063798
2015-11-16,0.9468104651111884
2015-11-17,0.9542941891394003
2015-11-18,0.9671949559045785
2015-11-19,0.9786186523915426
2015-11-20,0.9872095451606804
2015-11-23,0.9929894971255198
2015-11-24,0.0
2015-11-25,0.0
2015-11-27,0.0
2015-11-30,0.0
2015-12-01,0.0
2015-12-02,0.0
2015-12-03,0.0
2015-12-04,0.0
2015-12-07,0.0
2015-12-08,0.0
2015-12-09,0.0
2015-12-10,-1.4432899320127035e-14
2015-12-11,0.16415699833931163
2015-12-14,0.3343114039276833
2015-12-15,0.5525202611994264
2015-12-16,0.7781409176014984
2015-12-17,0.8905369980742712
2015-12-18,0.9319405520545971
2015-12-21,0.9720942727868875
2015-12-22,0.9895165750428037
2015-12-23,0.997820340702128
2015-12-24,0.0
2015-12-28,0.0
2015-12-29,0.0
2015-12-30,0.0
2015-12-31,0.0
2016-01-04,0.0
2016-01-05,0.0
2016-01-06,0.0
2016-01-07,0.0
2016-01-08,0.0
2016-01-11,0.0
2016-01-12,0.0
2016-01-13,-0.41415691608838245
2016-01-14,-0.5598195050481829
2016-01-15,-0.7858437046029811
2016-01-19,-0.7998028343209644
2016-01-20,-0.8921940650468208
2016-01-21,-0.8861110783256618
2016-01-22,-0.8576987298846324
2016-01-25,-0.7836449165488277
2016-01-26,-0.594047970771467
2016-01-27,-0.29606257039729256
2016-01-28,0.2122794862553612
2016-01-29,0.7240051839463173
2016-02-01,0.9535882730345091
2016-02-02,0.9943849654930392
2016-02-03,0.0
2016-02-04,0.0
2016-02-05,0.0
2016-02-08,0.0
2016-02-09,0.0
2016-02-10,0.0
2016-02-11,0.0
2016-02-12,0.0
2016-02-16,0.0
2016-02-17,0.0
2016-02-18,0.0
2016-02-19,0.0
2016-02-22,-0.022854751957066544
2016-02-23,-0.13307488931879785
2016-02-24,-0.21633113254167102
2016-02-25,-0.15546871764140247
2016-02-26,-0.14178002426823166
2016-02-29,-0.1156600886394421
2016-03-01,0.07591677431211319
2016-03-02,0.21918008865125294
2016-03-03,0.18778578228223353
2016-03-04,0.2023457529201078
2016-03-07,0.21364598726260775
2016-03-08,0.33122061568451544
2016-03-09,0.5239115051853629
2016-03-10,0.6937765282643413
2016-03-11,0.8634100570175254
2016-03-14,0.9622870160978185
2016-03-15,0.9930954925537665
2016-03-16,0.0
2016-03-17,0.0
2016-03-18,0.0
2016-03-21,0.0
2016-03-22,0.0
2016-03-23,0.0
2016-03-24,0.0
2016-03-28,0.0
2016-03-29,0.0
2016-03-30,0.0
2016-03-31,0.0
2016-04-01,-1.021405182655144e-14
2016-04-04,0.5418568434353221
2016-04-05,0.8349724396089331
2016-04-06,0.9567633258142685
2016-04-07,0.9939002507287538
2016-04-08,0.0
2016-04-11,0.0
2016-04-12,0.0
2016-04-13,0.0
2016-04-14,0.0
2016-04-15,0.0
2016-04-18,0.0
2016-04-19,0.0
2016-04-20,0.0
2016-04-21,0.0
2016-04-22,0.0
2016-04-25,2.375877272697835e-14
2016-04-26,0.03824145148383229
2016-04-27,0.19052682540352794
2016-04-28,0.2576165355366604
2016-04-29,0.05887836666175916
2016-05-02,0.17853481836194285
2016-05-03,0.320695578549381
2016-05-04,0.5719462059594831
2016-05-05,0.7466188073276323
2016-05-06,0.9186624428745038
2016-05-09,0.9820689419794777
2016-05-10,0.9981665161729942
2016-05-11,0.0
2016-05-12,0.0
2016-05-13,0.0
2016-05-16,0.0
2016-05-17,0.0
2016-05-18,0.0
2016-05-19,0.0
2016-05-20,0.0
2016-05-23,0.0
2016-05-24,0.0
2016-05-25,0.0
2016-05-26,2.886579864025407e-15
2016-05-27,-0.21831846360194418
2016-05-31,-0.48127133960505075
2016-06-01,-0.6812270897646946
2016-06-02,-0.8128637597200155
2016-06-03,-0.8920648651178371
2016-06-06,-0.9322819712129264
2016-06-07,-0.9590270766250868
2016-06-08,-0.9745457835093221
2016-06-09,-0.9819631149510435
2016-06-10,-0.9883580826448228
2016-06-13,-0.9914300903057442
2016-06-14,0.0
2016-06-15,0.0
2016-06-16,0.0
2016-06-17,0.0
2016-06-20,0.0
2016-06-21,0.0
2016-06-22,0.0
2016-06-23,0.0
2016-06-24,0.0
2016-06-27,0.0
2016-06-28,0.0
2016-06-29,-1.9984014443252818e-15
2016-06-30,-0.061174148677726636
2016-07-01,-0.11160137383922475
2016-07-05,-0.12380884172391537
2016-07-06,-0.14738581844709353
2016-07-07,-0.14355765347925598
2016-07-08,-0.10583717423006078
2016-07-11,-0.010445682563865466
2016-07-12,0.10113182631074435
2016-07-13,0.25047177104963314
2016-07-14,0.4610778124468444
2016-07-15,0.6131221498376516
2016-07-18,0.7390662191681159
2016-07-19,0.8964844889053134
2016-07-20,0.9617360802778083
2016-07-21,0.9907260081036997
2016-07-22,0.0
2016-07-25,0.0
2016-07-26,0.0
2016-07-27,0.0
2016-07-28,0.0
2016-07-29,0.0
2016-08-01,0.0
2016-08-02,0.0
2016-08-03,0.0
2016-08-04,0.0
2016-08-05,0.0
2016-08-08,-3.3306690738754696e-15
2016-08-09,-0.11441223922566457
2016-08-10,-0.1913848693060063
2016-08-11,-0.2311764183252627
2016-08-12,-0.26102537037687523
2016-08-15,-0.3367558414300409
2016-08-16,-0.43052484798997104
2016-08-17,-0.5449773808158525
2016-08-18,-0.6397410684171383
2016-08-19,-0.7694818731749322
2016-08-22,-0.8521575669090673
2016-08-23,-0.9104756935217573
2016-08-24,-0.9495639280262631
2016-08-25,-0.9703585864429032
2016-08-26,-0.985221559417609
2016-08-29,-0.9917486407267142
2016-08-30,0.0
2016-08-31,0.0
2016-09-01,0.0
2016-09-02,0.0
2016-09-06,0.0
2016-09-07,0.0
2016-09-08,0.0
2016-09-09,0.0
2016-09-12,0.0
2016-09-13,0.0
2016-09-14,0.0
2016-09-15,-1.554312234475219e-14
2016-09-16,-0.13359646149694715
2016-09-19,-0.2719025260321901
2016-09-20,-0.09077802588718664
2016-09-21,0.20108539504242695
2016-09-22,0.535859922276344
2016-09-23,0.7400676345797461
2016-09-26,0.81203370477487
2016-09-27,0.8894813831940129
2016-09-28,0.8377969196005433
2016-09-29,0.7309995219384564
2016-09-30,0.6706797469530819
2016-10-03,0.49552386335464704
2016-10-04,0.06905347264280892
2016-10-05,-0.3783012985840164
2016-10-06,-0.647038620755366
2016-10-07,-0.8557183666876742
2016-10-10,-0.9070198599697814
2016-10-11,-0.9666936035693103
2016-10-12,-0.9802446910599947
2016-10-13,-0.9823409796090192
2016-10-14,-0.9930990203933534
2016-10-17,0.0
2016-10-18,0.0
2016-10-19,0.0
2016-10-20,0.0
2016-10-21,0.0
2016-10-24,0.0
2016-10-25,0.0
2016-10-26,0.0
2016-10-27,0.0
2016-10-28,0.0
2016-10-31,0.0
2016-11-01,2.19824158875781e-14
2016-11-02,0.03635706862066801
2016-11-03,-0.08126009645074461
2016-11-04,-0.32968437619962754
2016-11-07,-0.20292111350555064
2016-11-08,0.18402858169904857
2016-11-09,0.6383312288269054
2016-11-10,0.8504871735379793
2016-11-11,0.9392597167874377
2016-11-14,0.998261881610909
2016-11-15,0.0
2016-11-16,0.0
2016-11-17,0.0
2016-11-18,0.0
2016-11-21,0.0
2016-11-22,0.0
2016-11-23,0.0
2016-11-25,0.0
2016-11-28,0.0
2016-11-29,0.0
2016-11-30,0.0
2016-12-01,-1.2434497875801753e-14
2016-12-02,-0.1851857173396665
2016-12-05,-0.1327737168881109
2016-12-06,-0.09190492099446734
2016-12-07,0.08162690075395984
2016-12-08,0.33822264263443547
2016-12-09,0.6563654458799106
2016-12-12,0.8767383337610997
2016-12-13,0.9795981462873045
2016-12-14,0.9980340979430371
2016-12-15,0.0
2016-12-16,0.0
2016-12-19,0.0
2016-12-20,0.0
2016-12-21,0.0
2016-12-22,0.0
2016-12-23,0.0
2016-12-27,0.0
2016-12-28,0.0
2016-12-29,0.0
2016-12-30,0.0
2017-01-03,1.509903313490213e-14
2017-01-04,-0.58328796820363
2017-01-05,-0.8691953436029634
2017-01-06,-0.9439697529852329
2017-01-09,-0.9818733776393112
2017-01-10,-0.9953501003321588
2017-01-11,0.0
2017-01-12,0.0
2017-01-13,0.0
2017-01-17,0.0
2017-01-18,0.0
2017-01-19,0.0
2017-01-20,0.0
2017-01-23,0.0
2017-01-24,0.0
2017-01-25,0.0
2017-01-26,0.0
2017-01-27,1.2434497875801753e-14
2017-01-30,0.35066032555120286
2017-01-31,0.5116141875639941
2017-02-01,0.6082315866285519
2017-02-02,0.8115977768819853
2017-02-03,0.966406232634287
2017-02-06,0.9969778749876224
2017-02-07,0.0
2017-02-08,0.0
2017-02-09,0.0
2017-02-10,0.0
2017-02-13,0.0
2017-02-14,0.0
2017-02-15,0.0
2017-02-16,0.0
2017-02-17,0.0
2017-02-21,0.0
2017-02-22,0.0
2017-02-23,5.773159728050814e-15
2017-02-24,0.3522368862049776
2017-02-27,0.5421691720719299
2017-02-28,0.7421358980934412
2017-03-01,0.9194898898278714
2017-03-02,0.9711532207367015
2017-03-03,0.9890535145776684
2017-03-06,0.9963523374191134
2017-03-07,0.0
2017-03-08,0.0
2017-03-09,0.0
2017-03-10,0.0
2017-03-13,0.0
2017-03-14,0.0
2017-03-15,0.0
2017-03-16,0.0
2017-03-17,0.0
2017-03-20,0.0
2017-03-21,0.0
2017-03-22,-9.103828801926284e-15
2017-03-23,0.3748893002300253
2017-03-24,0.7481392700175677
2017-03-27,0.935127569174941
2017-03-28,0.9868875303633244
2017-03-29,0.9939807143659392
2017-03-30,0.0
2017-03-31,0.0
2017-04-03,0.0
2017-04-04,0.0
2017-04-05,0.0
2017-04-06,0.0
2017-04-07,0.0
2017-04-10,0.0
2017-04-11,0.0
2017-04-12,0.0
2017-04-13,0.0
2017-04-17,1.0880185641326534e-14
2017-04-18,0.5533515532879989
2017-04-19,0.8876683496892652
2017-04-20,0.9900136809248103
2017-04-21,0.0
2017-04-24,0.0
2017-04-25,0.0
2017-04-26,0.0
2017-04-27,0.0
2017-04-28,0.0
2017-05-01,0.0
2017-05-02,0.0
2017-05-03,0.0
2017-05-04,0.0
2017-05-05,0.0
2017-05-08,1.1102230246251565e-15
2017-05-09,0.23487021509471084
2017-05-10,0.44355874934368145
2017-05-11,0.5963456620504279
2017-05-12,0.7499365419172705
2017-05-15,0.8694127273765273
2017-05-16,0.9454990727628869
2017-05-17,0.9758477173690279
2017-05-18,0.9909420587503341
2017-05-19,0.0
2017-05-22,0.0
2017-05-23,0.0
2017-05-24,0.0
2017-05-25,0.0
2017-05-26,0.0
2017-05-30,0.0
2017-05-31,0.0
2017-06-01,0.0
2017-06-02,0.0
2017-06-05,0.0
2017-06-06,-1.0436096431476471e-14
2017-06-07,0.20909409778524868
2017-06-08,0.34863290788257073
2017-06-09,0.47251696392517073
2017-06-12,0.36487578404008825
2017-06-13,0.3610752788052103
2017-06-14,0.41939323434891307
2017-06-15,0.5037824634866652
2017-06-16,0.6221321586087831
2017-06-19,0.7630952956916546
2017-06-20,0.880371646908302
2017-06-21,0.9403458334326831
2017-06-22,0.9780957683169462
2017-06-23,0.9924400051549014
2017-06-26,0.0
2017-06-27,0.0
2017-06-28,0.0
2017-06-29,0.0
2017-06-30,0.0
2017-07-03,0.0
2017-07-05,0.0
2017-07-06,0.0
2017-07-07,0.0
2017-07-10,0.0
2017-07-11,0.0
2017-07-12,0.0
2017-07-13,0.13933027045773327
2017-07-14,0.30029052688520386
2017-07-17,0.4367616412305191
2017-07-18,0.39571483323595147
2017-07-19,0.3472962553423442
2017-07-20,0.34139230728396597
2017-07-21,0.29993511453780686
2017-07-24,-0.008361337189854767
2017-07-25,0.5635393212135786
2017-07-26,0.7402480105702867
2017-07-27,0.8736522518365961
2017-07-28,0.9195239600280827
2017-07-31,0.9362577562987333
2017-08-01,0.9276751586246499
2017-08-02,0.9647825903068137
2017-08-03,0.9678701399637979
2017-08-04,0.9601706197357096
2017-08-07,0.9665845798044774
2017-08-08,0.9714901294617224
2017-08-09,0.9756711614025981
2017-08-10,0.9886287933367897
2017-08-11,0.9961318950095499
2017-08-14,0.0
2017-08-15,0.0
2017-08-16,0.0
2017-08-17,0.0
2017-08-18,0.0
2017-08-21,0.0
2017-08-22,0.0
2017-08-23,0.0
2017-08-24,0.0
2017-08-25,0.0
2017-08-28,0.0
2017-08-29,5.10702591327572e-15
2017-08-30,0.4973157047484822
2017-08-31,0.8500411196394289
2017-09-01,0.9647753958075369
2017-09-05,0.9878543726095976
2017-09-06,0.9911964350235771
2017-09-07,0.0
2017-09-08,0.0
2017-09-11,0.0
2017-09-12,0.0
2017-09-13,0.0
2017-09-14,0.0
2017-09-15,0.0
2017-09-18,0.0
2017-09-19,0.0
2017-09-20,0.0
2017-09-21,0.0
2017-09-22,0.0
2017-09-25,-0.271859949281136
2017-09-26,-0.7432257567079192
2017-09-27,-0.9215460507492825
2017-09-28,-0.9332940676996346
2017-09-29,-0.9568308569476252
2017-10-02,-0.9693838893724118
2017-10-03,-0.9790971777656754
2017-10-04,-0.9838147398662953
2017-10-05,-0.9779474961795402
2017-10-06,-0.9623875494440057
2017-10-09,-0.9303742660199243
2017-10-10,-0.8678547994764245
2017-10-11,-0.6337668134211905
2017-10-12,-0.18690218640744694
2017-10-13,0.43342329171228977
2017-10-16,0.8107414089925573
2017-10-17,0.9615593890330123
2017-10-18,0.9955269162049933
2017-10-19,0.0
2017-10-20,0.0
2017-10-23,0.0
2017-10-24,0.0
2017-10-25,0.0
2017-10-26,0.0
2017-10-27,0.0
2017-10-30,0.0
2017-10-31,0.0
2017-11-01,0.0
2017-11-02,0.0
2017-11-03,-1.84297022087776e-14
2017-11-06,0.5027711839499096
2017-11-07,0.8428907055959645
2017-11-08,0.9548521268638586
2017-11-09,0.9655298098754272
2017-11-10,0.9572661107941369
2017-11-13,0.9710182376481511
2017-11-14,0.9849415140917424
2017-11-15,0.989728899420077
2017-11-16,0.994774470288114
2017-11-17,0.0
2017-11-20,0.0
2017-11-21,0.0
2017-11-22,0.0
2017-11-24,0.0
2017-11-27,0.0
2017-11-28,0.0
2017-11-29,0.0
2017-11-30,0.0
2017-12-01,0.0
2017-12-04,0.0
2017-12-05,1.2656542480726785e-14
2017-12-06,0.3580507772984103
2017-12-07,0.5964877263574422
2017-12-08,0.7721547465775185
2017-12-11,0.8821416134874402
2017-12-12,0.9285860060041569
2017-12-13,0.968741732342479
2017-12-14,0.9857078252239302
2017-12-15,0.9951131823002672
2017-12-18,0.0
2017-12-19,0.0
2017-12-20,0.0
2017-12-21,0.0
2017-12-22,0.0
2017-12-26,0.0
2017-12-27,0.0
2017-12-28,0.0
2017-12-29,0.0
2018-01-02,0.0
2018-01-03,0.0
2018-01-04,0.0
2018-01-05,0.3335916332204478
2018-01-08,0.5737105222771726
2018-01-09,0.6947611103520555
2018-01-10,0.7824218678449988
2018-01-11,0.8376845930076589
2018-01-12,0.8904089478542816
2018-01-16,0.9313485897446254
2018-01-17,0.9812554441963142
2018-01-18,0.9941798148687666
2018-01-19,0.0
2018-01-22,0.0
2018-01-23,0.0
2018-01-24,0.0
2018-01-25,0.0
2018-01-26,0.0
2018-01-29,0.0
2018-01-30,0.0
2018-01-31,0.0
2018-02-01,0.0
2018-02-02,0.0
2018-02-05,-7.549516567451064e-15
2018-02-06,-0.4290069443844775
2018-02-07,-0.7101518443255972
2018-02-08,-0.9463052419520799
2018-02-09,-0.9916542205843899
2018-02-12,0.0
2018-02-13,0.0
2018-02-14,0.0
2018-02-15,0.0
2018-02-16,0.0
2018-02-20,0.0
2018-02-21,0.0
2018-02-22,0.0
2018-02-23,0.0
2018-02-26,0.0
2018-02-27,0.0
2018-02-28,-1.4210854715202004e-14
2018-03-01,-0.36925294513109597
2018-03-02,-0.9293977820546144
2018-03-05,-0.9936580654707718
2018-03-06,0.0
2018-03-07,0.0
2018-03-08,0.0
2018-03-09,0.0
2018-03-12,0.0
2018-03-13,0.0
2018-03-14,0.0
2018-03-15,0.0
2018-03-16,0.0
2018-03-19,0.0
2018-03-20,0.0
2018-03-21,1.1102230246251565e-15
2018-03-22,-0.03293285639187893
2018-03-23,-0.1923633671923275
2018-03-26,-0.15780963367367984
2018-03-27,-0.1563599585536808
2018-03-28,-0.1022716248790565
2018-03-29,-0.16345001757694622
2018-04-02,-0.1495261965462482
2018-04-03,0.005304994875855451
2018-04-04,0.21952082819437102
2018-04-05,0.5029479689486274
2018-04-06,0.6289492323790173
2018-04-09,0.7286296810594473
2018-04-10,0.8351953137013974
2018-04-11,0.9110105783418303
2018-04-12,0.9429224171238695
2018-04-13,0.9646361673379866
2018-04-16,0.978190998808006
2018-04-17,0.9885102449972907
2018-04-18,0.9933655325498552
2018-04-19,0.0
2018-04-20,0.0
2018-04-23,0.0
2018-04-24,0.0
2018-04-25,0.0
2018-04-26,0.0
2018-04-27,0.0
2018-04-30,0.0
2018-05-01,0.0
2018-05-02,0.0
2018-05-03,0.0
2018-05-04,9.547918011776346e-15
2018-05-07,0.30047996827232737
2018-05-08,0.5317848806925269
2018-05-09,0.683244803727123
2018-05-10,0.8140055649709033
2018-05-11,0.9008464969056031
2018-05-14,0.9439557334853088
2018-05-15,0.9591716777395054
2018-05-16,0.9693474426257653
2018-05-17,0.97008406048459
2018-05-18,0.969263203716233
2018-05-21,0.9709359836320894
2018-05-22,0.9625057822896887
2018-05-23,0.9654438812623536
2018-05-24,0.9715917165606187
2018-05-25,0.9793842611220662
2018-05-29,0.9778346333405408
2018-05-30,0.9801265869316649
2018-05-31,0.9767881909508063
2018-06-01,0.9737417055237996
2018-06-04,0.9744872656403947
2018-06-05,0.9726138985791155
2018-06-06,0.98019880656367
2018-06-07,0.9951069833025772
2018-06-08,0.0
2018-06-11,0.0
2018-06-12,0.0
2018-06-13,0.0
2018-06-14,0.0
2018-06-15,0.0
2018-06-18,0.0
2018-06-19,0.0
2018-06-20,0.0
2018-06-21,0.0
2018-06-22,0.0
2018-06-25,1.1324274851176597e-14
2018-06-26,-0.3242379378711189
2018-06-27,-0.7472385038417175
2018-06-28,-0.9455452010701495
2018-06-29,-0.9912321314941086
2018-07-02,0.0
2018-07-03,0.0
2018-07-05,0.0
2018-07-06,0.0
2018-07-09,0.0
2018-07-10,0.0
2018-07-11,0.0
2018-07-12,0.0
2018-07-13,0.0
2018-07-16,0.0
2018-07-17,0.0
2018-07-18,0.0
2018-07-19,-0.2072124614794415
2018-07-20,-0.3023310728800459
2018-07-23,-0.2718058251285449
2018-07-24,-0.3609266693273825
2018-07-25,-0.31244840606810853
2018-07-26,-0.6045107144148263
2018-07-27,-0.6977805001544644
2018-07-30,-0.6831076428154232
2018-07-31,-0.7543988708920044
2018-08-01,-0.8439717267206923
2018-08-02,-0.944266785513586
2018-08-03,-0.9761144824206234
2018-08-06,-0.987973695154662
2018-08-07,-0.9957613632493421
2018-08-08,0.0
2018-08-09,0.0
2018-08-10,0.0
2018-08-13,0.0
2018-08-14,0.0
2018-08-15,0.0
2018-08-16,0.0
2018-08-17,0.0
2018-08-20,0.0
2018-08-21,0.0
2018-08-22,0.0
2018-08-23,2.5757174171303632e-14
2018-08-24,-0.12195929421150553
2018-08-27,-0.045086032231691275
2018-08-28,0.21847189902206265
2018-08-29,0.6259728625875209
2018-08-30,0.8394291943366876
2018-08-31,0.9516220231264487
2018-09-04,0.9844673297195119
2018-09-05,0.9982064937653921
2018-09-06,0.0
2018-09-07,0.0
2018-09-10,0.0
2018-09-11,0.0
2018-09-12,0.0
2018-09-13,0.0
2018-09-14,0.0
2018-09-17,0.0
2018-09-18,0.0
2018-09-19,0.0
2018-09-20,0.0
2018-09-21,-1.1324274851176597e-14
2018-09-24,0.08783594069784217
2018-09-25,0.39098527637743774
2018-09-26,0.5906498003204377
2018-09-27,0.7654321335445862
2018-09-28,0.8899296061257154
2018-10-01,0.9466778873844643
2018-10-02,0.9665614820743296
2018-10-03,0.9768385670980122
2018-10-04,0.9875400379526071
2018-10-05,0.9945123393913107
2018-10-08,0.0
2018-10-09,0.0
2018-10-10,0.0
2018-10-11,0.0
2018-10-12,0.0
2018-10-15,0.0
2018-10-16,0.0
2018-10-17,0.0
2018-10-18,0.0
2018-10-19,0.0
2018-10-22,0.0
2018-10-23,0.0
2018-10-24,0.5436398087496688
2018-10-25,0.8038145028004284
2018-10-26,0.90517635995285
2018-10-29,0.956475453440274
2018-10-30,0.9926873166369077
2018-10-31,0.0
2018-11-01,0.0
2018-11-02,0.0
2018-11-05,0.0
2018-11-06,0.0
2018-11-07,0.0
2018-11-08,0.0
2018-11-09,0.0
2018-11-12,0.0
2018-11-13,0.0
2018-11-14,0.0
2018-11-15,0.0
2018-11-16,0.3240130938710015
2018-11-19,0.5429080954897345
2018-11-20,0.5996882916175252
2018-11-21,0.6142061165634232
2018-11-23,0.6000731584827024
2018-11-26,0.6534333949009616
2018-11-27,0.7204207203322666
2018-11-28,0.840367210124648
2018-11-29,0.9278508896782554
2018-11-30,0.9719220483095101
2018-12-03,0.9837128250826377
2018-12-04,0.9902038740278998
2018-12-06,0.0
2018-12-07,0.0
2018-12-10,0.0
2018-12-11,0.0
2018-12-12,0.0
2018-12-13,0.0
2018-12-14,0.0
2018-12-17,0.0
2018-12-18,0.0
2018-12-19,0.0
2018-12-20,0.0
2018-12-21,0.0
2018-12-24,-0.5464320146279191
2018-12-26,-0.7705834323020238
2018-12-27,-0.8713635985852981
2018-12-28,-0.932351424884944
2018-12-31,-0.9545264245359257
2019-01-02,-0.9756204372987285
2019-01-03,-0.9893652056979454
2019-01-04,-0.9922110816838483
2019-01-07,0.0
2019-01-08,0.0
2019-01-09,0.0
2019-01-10,0.0
2019-01-11,0.0
2019-01-14,0.0
2019-01-15,0.0
2019-01-16,0.0
2019-01-17,0.0
2019-01-18,0.0
2019-01-22,0.0
2019-01-23,-1.6209256159527285e-14
2019-01-24,0.5827397502516836
2019-01-25,0.7264375964294221
2019-01-28,0.8086713240403804
2019-01-29,0.8132345803033174
2019-01-30,0.8007652623295594
2019-01-31,0.6232365823664319
2019-02-01,0.20553071362683162
2019-02-04,-0.18514167387888136
2019-02-05,-0.517668681045399
2019-02-06,-0.8076577740138404
2019-02-07,-0.9518835865892084
2019-02-08,-0.9925835262023044
2019-02-11,0.0
2019-02-12,0.0
2019-02-13,0.0
2019-02-14,0.0
2019-02-15,0.0
2019-02-19,0.0
2019-02-20,0.0
2019-02-21,0.0
2019-02-22,0.0
2019-02-25,0.0
2019-02-26,0.0
2019-02-27,-7.993605777301127e-15
2019-02-28,0.3118224723666527
2019-03-01,0.6089954172332965
2019-03-04,0.6746309703818656
2019-03-05,0.7505405687771387
2019-03-06,0.8241814013271749
2019-03-07,0.853661033835587
2019-03-08,0.8627595963201822
2019-03-11,0.8928482101053237
2019-03-12,0.9238830452490305
2019-03-13,0.9479143819929339
2019-03-14,0.9677772098177104
2019-03-15,0.9865352654791444
2019-03-18,0.993401266354828
2019-03-19,0.0
2019-03-20,0.0
2019-03-21,0.0
2019-03-22,0.0
2019-03-25,0.0
2019-03-26,0.0
2019-03-27,0.0
2019-03-28,0.0
2019-03-29,0.0
2019-04-01,0.0
2019-04-02,0.0
2019-04-03,1.5987211554602254e-14
2019-04-04,0.2989564144249388
2019-04-05,0.6080601939866368
2019-04-08,0.7627183736016256
2019-04-09,0.8708617826566181
2019-04-10,0.9157115466773158
2019-04-11,0.940322152238803
2019-04-12,0.9815244362282571
2019-04-15,0.9954173947192264
2019-04-16,0.0
2019-04-17,0.0
2019-04-18,0.0
2019-04-22,0.0
2019-04-23,0.0
2019-04-24,0.0
2019-04-25,0.0
2019-04-26,0.0
2019-04-29,0.0
2019-04-30,0.0
2019-05-01,0.0
2019-05-02,-1.3766765505351941e-14
2019-05-03,0.2136764545339036
2019-05-06,0.507524096491637
2019-05-07,0.6705092826804475
2019-05-08,0.7869391570935309
2019-05-09,0.8578167968827819
2019-05-10,0.9445700056209769
2019-05-13,0.9750775071375355
2019-05-14,0.9858356193024274
2019-05-15,0.9941766181875713
2019-05-16,0.0
2019-05-17,0.0
2019-05-20,0.0
2019-05-21,0.0
2019-05-22,0.0
2019-05-23,0.0
2019-05-24,0.0
2019-05-28,0.0
2019-05-29,0.0
2019-05-30,0.0
2019-05-31,0.0
2019-06-03,2.3314683517128287e-14
2019-06-04,0.3188242457917543
2019-06-05,0.6283077477624941
2019-06-06,0.9446514443058145
2019-06-07,0.9991510607750826
2019-06-10,0.0
2019-06-11,0.0
2019-06-12,0.0
2019-06-13,0.0
2019-06-14,0.0
2019-06-17,0.0
2019-06-18,0.0
2019-06-19,0.0
2019-06-20,0.0
2019-06-21,0.0
2019-06-24,0.0
2019-06-25,0.0
2019-06-26,0.05512535855567746
2019-06-27,0.4051601561246905
2019-06-28,0.7974877528770603
2019-07-01,0.9061918157910254
2019-07-02,0.9939278760919024
2019-07-03,0.0
2019-07-05,0.0
2019-07-08,0.0
2019-07-09,0.0
2019-07-10,0.0
2019-07-11,0.0
2019-07-12,0.0
2019-07-15,0.0
2019-07-16,0.0
2019-07-17,0.0
2019-07-18,0.0
2019-07-19,-4.463096558993129e-14
2019-07-22,0.3211341006920785
2019-07-23,0.481055482193657
2019-07-24,0.4060855748127772
2019-07-25,0.5606691002334006
2019-07-26,0.7809001278929582
2019-07-29,0.8769820250643918
2019-07-30,0.8189364015144673
2019-07-31,0.6011933250708581
2019-08-01,0.3620298549768519
2019-08-02,0.5073043135316957
2019-08-05,0.1549361762756556
2019-08-06,0.26634710857375454
2019-08-07,0.6504493264704041
2019-08-08,0.9107873437578302
2019-08-09,0.9966814448990737
2019-08-12,0.0
2019-08-13,0.0
2019-08-14,0.0
2019-08-15,0.0
2019-08-16,0.0
2019-08-19,0.0
2019-08-20,0.0
2019-08-21,0.0
2019-08-22,0.0
2019-08-23,0.0
2019-08-26,0.0
2019-08-27,-1.3322676295501878e-14
2019-08-28,0.017735224050103415
2019-08-29,0.32931308336974263
2019-08-30,0.4440671461850578
2019-09-03,0.46497605799226616
2019-09-04,0.6013171483343118
2019-09-05,0.7665037083088553
2019-09-06,0.888854156476409
2019-09-09,0.893585731219128
2019-09-10,0.4988944616211102
2019-09-11,-0.1273308151976673
2019-09-12,-0.5282016100069042
2019-09-13,-0.87484899194471
2019-09-16,-0.9905556828509154
2019-09-17,0.0
2019-09-18,0.0
2019-09-19,0.0
2019-09-20,0.0
2019-09-23,0.0
2019-09-24,0.0
2019-09-25,0.0
2019-09-26,0.0
2019-09-27,0.0
2019-09-30,0.0
2019-10-01,0.0
2019-10-02,-2.042810365310288e-14
2019-10-03,-0.09626866509640308
2019-10-04,-0.0287310530686804
2019-10-07,0.05532174840901449
2019-10-08,0.06225643117427815
2019-10-09,0.2141380748890691
2019-10-10,0.26794393361505975
2019-10-11,0.1036563878122716
2019-10-14,-0.10693756309617264
2019-10-15,-0.38204572946230253
2019-10-16,-0.5431887925583454
2019-10-17,-0.7343961212726469
2019-10-18,-0.8123486960698809
2019-10-21,-0.8367273650998586
2019-10-22,-0.9831529130148002
2019-10-23,-0.9992043607758736
2019-10-24,0.0
2019-10-25,0.0
2019-10-28,0.0
2019-10-29,0.0
2019-10-30,0.0
2019-10-31,0.0
2019-11-01,0.0
2019-11-04,0.0
2019-11-05,0.0
2019-11-06,0.0
2019-11-07,0.0
2019-11-08,-1.3322676295501878e-14
2019-11-11,-0.10030148687448626
2019-11-12,-0.134060979900809
2019-11-13,-0.013158848394812406
2019-11-14,0.014113874259239045
2019-11-15,0.03722314256362513
2019-11-18,0.08416333362665096
2019-11-19,0.0622536025638003
2019-11-20,0.0945850608573986
2019-11-21,-0.008473178437939488
2019-11-22,-0.04871207721479709
2019-11-25,-0.1758741728473585
2019-11-26,-0.15005894578115742
2019-11-27,0.03255071770314899
2019-11-29,0.1687255221916677
2019-12-02,0.3383435606202543
2019-12-03,0.37194012746771876
2019-12-04,0.4687707888703956
2019-12-05,0.5498821433218797
2019-12-06,0.6677238894752116
2019-12-09,0.7396936705942638
2019-12-10,0.8056278289863068
2019-12-11,0.8523268197585152
2019-12-12,0.9129120281453418
2019-12-13,0.9572256339570699
2019-12-16,0.9830166591129408
2019-12-17,0.9917790283401164
2019-12-18,0.0
2019-12-19,0.0
2019-12-20,0.0
2019-12-23,0.0
2019-12-24,0.0
2019-12-26,0.0
2019-12-27,0.0
2019-12-30,0.0
2019-12-31,0.0
2020-01-02,0.0
2020-01-03,0.0
2020-01-06,-1.509903313490213e-14
2020-01-07,0.47548958414360176
2020-01-08,0.9027337232197861
2020-01-09,0.996520536090856
2020-01-10,0.0
2020-01-13,0.0
2020-01-14,0.0
2020-01-15,0.0
2020-01-16,0.0
2020-01-17,0.0
2020-01-21,0.0
2020-01-22,0.0
2020-01-23,0.0
2020-01-24,0.0
2020-01-27,0.0
2020-01-28,-2.886579864025407e-14
2020-01-29,0.43646538905628596
2020-01-30,0.817846448724113
2020-01-31,0.923099346736707
2020-02-03,0.9797313315268024
2020-02-04,0.9945282409519431
2020-02-05,0.0
2020-02-06,0.0
2020-02-07,0.0
2020-02-10,0.0
2020-02-11,0.0
2020-02-12,0.0
2020-02-13,0.0
2020-02-14,0.0
2020-02-18,0.0
2020-02-19,0.0
2020-02-20,0.0
2020-02-21,-8.215650382226158e-15
2020-02-24,-0.1977851404040174
2020-02-25,-0.5071867099764535
2020-02-26,-0.8287985385529633
2020-02-27,-0.9987437762114322
2020-02-28,0.0
2020-03-02,0.0
2020-03-03,0.0
2020-03-04,0.0
2020-03-05,0.0
2020-03-06,0.0
2020-03-09,0.0
2020-03-10,0.0
2020-03-11,0.0
2020-03-12,0.0
2020-03-13,0.0
2020-03-16,-1.7763568394002505e-15
2020-03-17,-0.5126843318252328
2020-03-18,-0.8675053258774041
2020-03-19,-0.9616213855504248
2020-03-20,-0.9911567553369376
2020-03-23,0.0
2020-03-24,0.0
2020-03-25,0.0
2020-03-26,0.0
2020-03-27,0.0
2020-03-30,0.0
2020-03-31,0.0
2020-04-01,0.0
2020-04-02,0.0
2020-04-03,0.0
2020-04-06,0.0
2020-04-07,0.0
2020-04-08,0.3048194971588418
2020-04-09,0.642587942821057
2020-04-13,0.8136482814517934
2020-04-14,0.9272466984690122
2020-04-15,0.9635521284979771
2020-04-16,0.9841822490717251
2020-04-17,0.9958873814917326
2020-04-20,0.0
2020-04-21,0.0
2020-04-22,0.0
2020-04-23,0.0
2020-04-24,0.0
2020-04-27,0.0
2020-04-28,0.0
2020-04-29,0.0
2020-04-30,0.0
2020-05-01,0.0
2020-05-04,0.0
2020-05-05,0.0
2020-05-06,-0.42331398694129807
2020-05-07,-0.5389857707072649
2020-05-08,-0.6297530963195697
2020-05-11,-0.7163981463712934
2020-05-12,-0.8813007157333226
2020-05-13,-0.9779427747865306
2020-05-14,-0.9948795346351005
2020-05-15,0.0
2020-05-18,0.0
2020-05-19,0.0
2020-05-20,0.0
2020-05-21,0.0
2020-05-22,0.0
2020-05-26,0.0
2020-05-27,0.0
2020-05-28,0.0
2020-05-29,0.0
2020-06-01,0.0
2020-06-02,0.0
2020-06-03,0.4577160907562068
2020-06-04,0.7585945861054242
2020-06-05,0.944736087279104
2020-06-08,0.9964446262296895
2020-06-09,0.0
2020-06-10,0.0
2020-06-11,0.0
2020-06-12,0.0
2020-06-15,0.0
2020-06-16,0.0
2020-06-17,0.0
2020-06-18,0.0
2020-06-19,0.0
2020-06-22,0.0
2020-06-23,0.0
2020-06-24,-7.105427357601002e-15
2020-06-25,-0.35575498976128106
2020-06-26,-0.7208151925164636
2020-06-29,-0.8592185779948025
2020-06-30,-0.9182380436207298
2020-07-01,-0.9525940785096279
2020-07-02,-0.9771881058742096
2020-07-06,-0.9776421455489865
2020-07-07,-0.9851390777830227
2020-07-08,-0.9901142495601718
2020-07-09,0.0
2020-07-10,0.0
2020-07-13,0.0
2020-07-14,0.0
2020-07-15,0.0
2020-07-16,0.0
2020-07-17,0.0
2020-07-20,0.0
2020-07-21,0.0
2020-07-22,0.0
2020-07-23,0.0
2020-07-24,-5.995204332975845e-15
2020-07-27,0.4056844613068291
2020-07-28,0.5536957435351808
2020-07-29,0.6700354811933416
2020-07-30,0.7434313574488414
2020-07-31,0.7820623756666922
2020-08-03,0.816672027739547
2020-08-04,0.9010302616752057
2020-08-05,0.9487605184397658
2020-08-06,0.9838202143037147
2020-08-07,0.9962710367815568
2020-08-10,0.0
2020-08-11,0.0
2020-08-12,0.0
2020-08-13,0.0
2020-08-14,0.0
2020-08-17,0.0
2020-08-18,0.0
2020-08-19,0.0
2020-08-20,0.0
2020-08-21,0.0
2020-08-24,0.0
2020-08-25,-2.0650148258027912e-14
2020-08-26,0.3728868991179035
2020-08-27,0.5717769357050915
2020-08-28,0.8130097724154033
2020-08-31,0.9284725537201497
2020-09-01,0.971303980551028
2020-09-02,0.9955028276843518
2020-09-03,0.0
2020-09-04,0.0
2020-09-08,0.0
2020-09-09,0.0
2020-09-10,0.0
2020-09-11,0.0
2020-09-14,0.0
2020-09-15,0.0
2020-09-16,0.0
2020-09-17,0.0
2020-09-18,0.0
2020-09-21,-5.551115123125783e-15
2020-09-22,-0.09088409807409681
2020-09-23,-0.2467704123262453
2020-09-24,-0.33161091201741333
2020-09-25,-0.31756110592965014
2020-09-28,-0.21111169773945626
2020-09-29,-0.17880760185183497
2020-09-30,-0.11222853107945285
2020-10-01,-0.0440257715298189
2020-10-02,0.15171978577287826
2020-10-05,0.4543124831464629
2020-10-06,0.6307360224021339
2020-10-07,0.8060651952966138
2020-10-08,0.9012660177156557
2020-10-09,0.9480083731443232
2020-10-12,0.9777146444322071
2020-10-13,0.9924941405550489
2020-10-14,0.0
2020-10-15,0.0
2020-10-16,0.0
2020-10-19,0.0
2020-10-20,0.0
2020-10-21,0.0
2020-10-22,0.0
2020-10-23,0.0
2020-10-26,0.0
2020-10-27,0.0
2020-10-28,0.0
2020-10-29,1.3322676295501878e-15
2020-10-30,-0.4799801486027182
2020-11-02,-0.7930859177523035
2020-11-03,-0.8974112300618027
2020-11-04,-0.9617308147656731
2020-11-05,-0.9845078109499006
2020-11-06,-0.9938617810071901
2020-11-09,0.0
2020-11-10,0.0
2020-11-11,0.0
2020-11-12,0.0
2020-11-13,0.0
2020-11-16,0.0
2020-11-17,0.0
2020-11-18,0.0
2020-11-19,0.0
2020-11-20,0.0
2020-11-23,0.0
2020-11-24,-1.3988810110276972e-14
2020-11-25,0.3862532957223508
2020-11-27,0.6031847039141105
2020-11-30,0.7758531651325109
2020-12-01,0.8412968612952507
2020-12-02,0.6799449773670228
2020-12-03,0.5005951527494048
2020-12-04,0.2294905460281953
2020-12-07,-0.2093600950207235
2020-12-08,-0.6027993176646429
2020-12-09,-0.829721854553858
2020-12-10,-0.9472182894770751
2020-12-11,-0.9877768553201636
2020-12-14,-0.9922673767538022
2020-12-15,0.0
2020-12-16,0.0
2020-12-17,0.0
2020-12-18,0.0
2020-12-21,0.0
2020-12-22,0.0
2020-12-23,0.0
2020-12-24,0.0
2020-12-28,0.0
2020-12-29,0.0
2020-12-30,0.0
2020-12-31,-1.0436096431476471e-14
2021-01-04,-0.43615653710999025
2021-01-05,-0.6176321751771856
2021-01-06,-0.7844381151429773
2021-01-07,-0.8406780151277182
2021-01-08,-0.6310662459358645
2021-01-11,-0.5120134635083149
2021-01-12,-0.6465639101307064
2021-01-13,-0.7168594143540785
2021-01-14,-0.9228764997054177
2021-01-15,-0.9734104977234892
2021-01-19,-0.9943891811846173
2021-01-20,0.0
2021-01-21,0.0
2021-01-22,0.0
2021-01-25,0.0
2021-01-26,0.0
2021-01-27,0.0
2021-01-28,0.0
2021-01-29,0.0
2021-02-01,0.0
2021-02-02,0.0
2021-02-03,0.0
2021-02-04,-1.2212453270876722e-14
2021-02-05,0.13612492624634442
2021-02-08,0.19178596907493017
2021-02-09,0.5048364730277939
2021-02-10,0.6650916348700431
2021-02-11,0.7774900679108612
2021-02-12,0.8482237996709996
2021-02-16,0.9147981165502144
2021-02-17,0.9398555415871164
2021-02-18,0.9702468690465438
2021-02-19,0.974345484830248
2021-02-22,0.9771346438965032
2021-02-23,0.9767659090332703
2021-02-24,0.9832711664916456
2021-02-25,0.9818481266829553
2021-02-26,0.9652084305619617
2021-03-01,0.9545585303892075
2021-03-02,0.9452117653728622
2021-03-03,0.9054896961430889
2021-03-04,0.8305874470631516
2021-03-05,0.7826350358142706
2021-03-08,0.7689441307406879
2021-03-09,0.7420984624844986
2021-03-10,0.8174140596649022
2021-03-11,0.8481908793571864
2021-03-12,0.8842379972830978
2021-03-15,0.967953802857876
2021-03-16,0.9923848445338257
2021-03-17,0.0
2021-03-18,0.0
2021-03-19,0.0
2021-03-22,0.0
2021-03-23,0.0
2021-03-24,0.0
2021-03-25,0.0
2021-03-26,0.0
2021-03-29,0.0
2021-03-30,0.0
2021-03-31,0.0
2021-04-01,-4.1522341120980855e-14
2021-04-05,0.6667687557433801
2021-04-06,0.9883029103704559
2021-04-07,0.999961376598967
2021-04-08,0.0
2021-04-09,0.0
2021-04-12,0.0
2021-04-13,0.0
2021-04-14,0.0
2021-04-15,0.0
2021-04-16,0.0
2021-04-19,0.0
2021-04-20,0.0
2021-04-21,0.0
2021-04-22,0.0
2021-04-23,-2.886579864025407e-14
2021-04-26,0.06351477352060075
2021-04-27,0.5224130850266133
2021-04-28,0.5648657117020817
2021-04-29,0.8363813955906507
2021-04-30,0.967183929248425
2021-05-03,0.993845607958
2021-05-04,0.0
2021-05-05,0.0
2021-05-06,0.0
2021-05-07,0.0
2021-05-10,0.0
2021-05-11,0.0
2021-05-12,0.0
2021-05-13,0.0
2021-05-14,0.0
2021-05-17,0.0
2021-05-18,0.0
2021-05-19,-1.3988810110276972e-14
2021-05-20,-0.04592211959507697
2021-05-21,-0.16306733310328458
2021-05-24,-0.2195751944426212
2021-05-25,-0.2552713733380565
2021-05-26,-0.2741608438007799
2021-05-27,-0.12023050057020845
2021-05-28,0.05191319754252244
2021-06-01,0.17042729779062626
2021-06-02,0.31299573081246845
2021-06-03,0.3648220550116892
2021-06-04,0.462534123886597
2021-06-07,0.46614284416809193
2021-06-08,0.5159319594059584
2021-06-09,0.5082634316939583
2021-06-10,0.6339806402468682
2021-06-11,0.7996856549771174
2021-06-14,0.9006602981659013
2021-06-15,0.9499844205137393
2021-06-16,0.9728540146159934
2021-06-17,0.9805899424213407
2021-06-18,0.9708042731274122
2021-06-21,0.9750906303358011
2021-06-22,0.9820349534064412
2021-06-23,0.9855700023772791
2021-06-24,0.9886036924442712
2021-06-25,0.9894243120228723
2021-06-28,0.9876311670720734
2021-06-29,0.9838299853031511
2021-06-30,0.9811342896383439
2021-07-01,0.9821145533274562
2021-07-02,0.9863514265563118
2021-07-06,0.9880117913269792
2021-07-07,0.9922843167811599
2021-07-08,0.0
2021-07-09,0.0
2021-07-12,0.0
2021-07-13,0.0
2021-07-14,0.0
2021-07-15,0.0
2021-07-16,0.0
2021-07-19,0.0
2021-07-20,0.0
2021-07-21,0.0
2021-07-22,0.0
2021-07-23,2.220446049250313e-15
2021-07-26,0.509804458379288
2021-07-27,0.8723719658127675
2021-07-28,0.9476789050513901
2021-07-29,0.9877159662388859
2021-07-30,0.996699792938285
2021-08-02,0.0
2021-08-03,0.0
2021-08-04,0.0
2021-08-05,0.0
2021-08-06,0.0
2021-08-09,0.0
2021-08-10,0.0
2021-08-11,0.0
2021-08-12,0.0
2021-08-13,0.0
2021-08-16,0.0
2021-08-17,0.0
2021-08-18,0.09057950203086551
2021-08-19,0.10020508743489653
2021-08-20,0.21365801806764373
2021-08-23,0.40202151787898477
2021-08-24,0.48167713341200846
2021-08-25,0.5745799001396312
2021-08-26,0.5547659015888038
2021-08-27,0.5649926133348524
2021-08-30,0.527090261692249
2021-08-31,0.6038050734912639
2021-09-01,0.6984800129702529
2021-09-02,0.8247696451914599
2021-09-03,0.8855830836911001
2021-09-07,0.8860040187637328
2021-09-08,0.9242721176931754
2021-09-09,0.9505028777320468
2021-09-10,0.9714958417147788
2021-09-13,0.9896038054269822
2021-09-14,0.9964660165629748
2021-09-15,0.0
2021-09-16,0.0
2021-09-17,0.0
2021-09-20,0.0
2021-09-21,0.0
2021-09-22,0.0
2021-09-23,0.0
2021-09-24,0.0
2021-09-27,0.0
2021-09-28,0.0
2021-09-29,0.0
2021-09-30,5.773159728050814e-15
2021-10-01,-0.01946986672429052
2021-10-04,-0.025061262220390734
2021-10-05,0.14076839970974575
2021-10-06,0.42178251297973324
2021-10-07,0.6958159907116945
2021-10-08,0.8432124855470189
2021-10-11,0.9078823436445758
2021-10-12,0.9216872890548773
2021-10-13,0.9060884019416788
2021-10-14,0.9203015255050686
2021-10-15,0.8990591433008375
2021-10-18,0.8750953557613383
2021-10-19,0.8593658614733453
2021-10-20,0.7628836397618846
2021-10-21,0.6962567244317217
2021-10-22,0.4924091033722191
2021-10-25,0.18205704024695168
2021-10-26,-0.19968432205549003
2021-10-27,-0.21947236807864767
2021-10-28,-0.08977258581986636
2021-10-29,0.04098508058734063
2021-11-01,0.4154966043962527
2021-11-02,0.6526461333051747
2021-11-03,0.8376196688863762
2021-11-04,0.9584766409902634
2021-11-05,0.9938879867858492
2021-11-08,0.0
2021-11-09,0.0
2021-11-10,0.0
2021-11-11,0.0
2021-11-12,0.0
2021-11-15,0.0
2021-11-16,0.0
2021-11-17,0.0
2021-11-18,0.0
2021-11-19,0.0
2021-11-22,0.0
2021-11-23,-1.0436096431476471e-14
2021-11-24,0.6185254340340087
2021-11-26,0.25855944834706457
2021-11-29,-0.09843700845625558
2021-11-30,-0.8147105664802243
2021-12-01,-0.9885038068095975
2021-12-02,-0.9960267039984392
2021-12-03,0.0
2021-12-06,0.0
2021-12-07,0.0
2021-12-08,0.0
2021-12-09,0.0
2021-12-10,0.0
2021-12-13,0.0
2021-12-14,0.0
2021-12-15,0.0
2021-12-16,0.0
2021-12-17,0.0
2021-12-20,-3.1086244689504383e-15
2021-12-21,0.168622704638957
2021-12-22,0.34215910511073133
2021-12-23,0.5255204475193802
2021-12-27,0.7275089561280637
2021-12-28,0.8495728188120397
2021-12-29,0.9269042403650347
2021-12-30,0.9609514478768504
2021-12-31,0.9819758118599595
2022-01-03,0.992591775262412
2022-01-04,0.0
2022-01-05,0.0
2022-01-06,0.0
2022-01-07,0.0
2022-01-10,0.0
2022-01-11,0.0
2022-01-12,0.0
2022-01-13,0.0
2022-01-14,0.0
2022-01-18,0.0
2022-01-19,0.0
2022-01-20,1.0436096431476471e-14
2022-01-21,-0.2899810944918024
2022-01-24,-0.5551787170110036
2022-01-25,-0.7949470261063722
2022-01-26,-0.9244258112259751
2022-01-27,-0.9789005872606265
2022-01-28,-0.987338334755012
2022-01-31,-0.9886635396395269
2022-02-01,-0.9903887277053407
2022-02-02,0.0
2022-02-03,0.0
2022-02-04,0.0
2022-02-07,0.0
2022-02-08,0.0
2022-02-09,0.0
2022-02-10,0.0
2022-02-11,0.0
2022-02-14,0.0
2022-02-15,0.0
2022-02-16,0.0
2022-02-17,9.769962616701378e-15
2022-02-18,-0.3728911451110577
2022-02-22,-0.5684770731774371
2022-02-23,-0.8401729226182637
2022-02-24,-0.9700121282800853
2022-02-25,-0.9908031714342294
2022-02-28,0.0
2022-03-01,0.0
2022-03-02,0.0
2022-03-03,0.0
2022-03-04,0.0
2022-03-07,0.0
2022-03-08,0.0
2022-03-09,0.0
2022-03-10,0.0
2022-03-11,0.0
2022-03-14,0.0
2022-03-15,8.881784197001252e-16
2022-03-16,0.18598978063043803
2022-03-17,0.3337854671407343
2022-03-18,0.49108664378946854
2022-03-21,0.5556161930610286
2022-03-22,0.6564139985461162
2022-03-23,0.7116400166056729
2022-03-24,0.8022150974265267
2022-03-25,0.8763558801965843
2022-03-28,0.9307241206035637
2022-03-29,0.9735121276112186
2022-03-30,0.9913772190859003
2022-03-31,0.0
2022-04-01,0.0
2022-04-04,0.0
2022-04-05,0.0
2022-04-06,0.0
2022-04-07,0.0
2022-04-08,0.0
2022-04-11,0.0
2022-04-12,0.0
2022-04-13,0.0
2022-04-14,0.0
2022-04-18,-1.7319479184152442e-14
2022-04-19,0.5182712596701649
2022-04-20,0.8425967649882935
2022-04-21,0.9547362871175484
2022-04-22,0.9479030170174148
2022-04-25,0.9725360750758567
2022-04-26,0.9506483238144241
2022-04-27,0.8862033667388367
2022-04-28,0.9520775693148376
2022-04-29,0.9323541175672136
2022-05-02,0.8460260374613184
2022-05-03,0.665492411265522
2022-05-04,0.8249779138332833
2022-05-05,0.7742085200108741
2022-05-06,0.7880955450855673
2022-05-09,0.6725101364723791
2022-05-10,0.42124967460657725
2022-05-11,0.02742093891007391
2022-05-12,-0.37580779214816884
2022-05-13,-0.6442742142981079
2022-05-16,-0.8469576415098128
2022-05-17,-0.9661008222440912
2022-05-18,-0.999755873163106
2022-05-19,0.0
2022-05-20,0.0
2022-05-23,0.0
2022-05-24,0.0
2022-05-25,0.0
2022-05-26,0.0
2022-05-27,0.0
2022-05-31,0.0
2022-06-01,0.0
2022-06-02,0.0
2022-06-03,0.0
2022-06-06,-2.886579864025407e-15
2022-06-07,0.15381236996221848
2022-06-08,0.20155331573590773
2022-06-09,0.15398157280617997
2022-06-10,-0.017478956573243165
2022-06-13,-0.15047929664619497
2022-06-14,-0.26539879072808814
2022-06-15,-0.3660653501429527
2022-06-16,-0.5267001205692687
2022-06-17,-0.6680818435129829
2022-06-21,-0.7127864542083207
2022-06-22,-0.7100678025829705
2022-06-23,-0.7011474139052591
2022-06-24,-0.6349147105346988
2022-06-27,-0.5767729862955053
2022-06-28,-0.5808092496438522
2022-06-29,-0.5106142687248432
2022-06-30,-0.4517048706945601
2022-07-01,-0.2847440535575565
2022-07-05,-0.12171335301271657
2022-07-06,0.02570915363759041
2022-07-07,0.19447449697979713
2022-07-08,0.35498248332745796
2022-07-11,0.4971213312623295
2022-07-12,0.5954559900805263
2022-07-13,0.6917138944367123
2022-07-14,0.7690230695597071
2022-07-15,0.8454968239409884
2022-07-18,0.888107866815478
2022-07-19,0.9337422113780194
2022-07-20,0.9584978255882979
2022-07-21,0.973121525319766
2022-07-22,0.9833702554696018
2022-07-25,0.9876115216159975
2022-07-26,0.9937935616882687
2022-07-27,0.0
2022-07-28,0.0
2022-07-29,0.0
2022-08-01,0.0
2022-08-02,0.0
2022-08-03,0.0
2022-08-04,0.0
2022-08-05,0.0
2022-08-08,0.0
2022-08-09,0.0
2022-08-10,0.0
2022-08-11,2.3092638912203256e-14
2022-08-12,0.13201889446503623
2022-08-15,0.5281492863555441
2022-08-16,0.8184297456411733
2022-08-17,0.9517004165464202
2022-08-18,0.9892265909421654
2022-08-19,0.997999358578874
2022-08-22,0.0
2022-08-23,0.0
2022-08-24,0.0
2022-08-25,0.0
2022-08-26,0.0
2022-08-29,0.0
2022-08-30,0.0
2022-08-31,0.0
2022-09-01,0.0
2022-09-02,0.0
2022-09-06,0.0
2022-09-07,1.3100631690576847e-14
2022-09-08,0.23259518977912097
2022-09-09,0.3998236103985868
2022-09-12,0.5789923839033313
2022-09-13,0.4548948883770405
2022-09-14,0.39802551521771656
2022-09-15,0.22104336306034433
2022-09-16,0.12262493805697527
2022-09-19,0.14162036820701163
2022-09-20,0.07474655334247493
2022-09-21,-0.21216178273730502
2022-09-22,-0.5859221845592797
2022-09-23,-0.8573332047886715
2022-09-26,-0.9738175305257992
2022-09-27,-0.9992661260340285
2022-09-28,0.0
2022-09-29,0.0
2022-09-30,0.0
2022-10-03,0.0
2022-10-04,0.0
2022-10-05,0.0
2022-10-06,0.0
2022-10-07,0.0
2022-10-10,0.0
2022-10-11,0.0
2022-10-12,0.0
2022-10-13,-1.7763568394002505e-15
2022-10-14,0.35652049840019906
2022-10-17,0.7357786759013725
2022-10-18,0.9430059778876474
2022-10-19,0.9938585597922038
2022-10-20,0.0
2022-10-21,0.0
2022-10-24,0.0
2022-10-25,0.0
2022-10-26,0.0
2022-10-27,0.0
2022-10-28,0.0
2022-10-31,0.0
2022-11-01,0.0
2022-11-02,0.0
2022-11-03,0.0
2022-11-04,-3.1086244689504383e-15
2022-11-07,0.2706612882598467
2022-11-08,0.5303234844663192
2022-11-09,0.710050910216272
2022-11-10,0.8140062065123308
2022-11-11,0.8548931114487011
2022-11-14,0.8919415196665519
2022-11-15,0.8995545166220071
2022-11-16,0.9262188784553012
2022-11-17,0.9484444675192389
2022-11-18,0.9642356644931527
2022-11-21,0.9769110560077401
2022-11-22,0.9854427044903478
2022-11-23,0.9900347955853028
2022-11-25,0.0
2022-11-28,0.0
2022-11-29,0.0
2022-11-30,0.0
2022-12-01,0.0
2022-12-02,0.0
2022-12-05,0.0
2022-12-06,0.0
2022-12-07,0.0
2022-12-08,0.0
2022-12-09,0.0
2022-12-12,3.9968028886505635e-15
2022-12-13,0.21835002360546296
2022-12-14,0.43251323622191307
2022-12-15,0.34008136392982014
2022-12-16,-0.3628429512998508
2022-12-19,-0.828714941894279
2022-12-20,-0.9572462752261912
2022-12-21,-0.988678446326134
2022-12-22,-0.9990850915876772
2022-12-23,0.0
2022-12-27,0.0
2022-12-28,0.0
2022-12-29,0.0
2022-12-30,0.0
2023-01-03,0.0
2023-01-04,0.0
2023-01-05,0.0
2023-01-06,0.0
2023-01-09,0.0
2023-01-10,0.0
2023-01-11,-1.8207657603852567e-14
2023-01-12,0.04730363462655407
2023-01-13,0.28613694848916116
2023-01-17,0.7819347374477403
2023-01-18,0.760528307616763
2023-01-19,0.6153414460391051
2023-01-20,0.7227198348284944
2023-01-23,0.8269703955631393
2023-01-24,0.9013190003980989
2023-01-25,0.9754946821616535
2023-01-26,0.9970962437679995
2023-01-27,0.0
2023-01-30,0.0
2023-01-31,0.0
2023-02-01,0.0
2023-02-02,0.0
2023-02-03,0.0
2023-02-06,0.0
2023-02-07,0.0
2023-02-08,0.0
2023-02-09,0.0
2023-02-10,0.0
2023-02-13,1.021405182655144e-14
2023-02-14,0.039380178689504275
2023-02-15,0.07279238982734015
2023-02-16,0.06126475073031945
2023-02-17,0.28088232051483075
2023-02-21,0.40118901766190795
2023-02-22,0.5095239157278648
2023-02-23,0.530390607137798
2023-02-24,0.4231427557057308
2023-02-27,0.36137768118948177
2023-02-28,0.32942041063768723
2023-03-01,0.2450869577937873
2023-03-02,0.37415988508004094
2023-03-03,0.5419198339751425
2023-03-06,0.7176050591314727
2023-03-07,0.7707091842823011
2023-03-08,0.7804528053981614
2023-03-09,0.7089930707991772
2023-03-10,0.6377876667816216
2023-03-13,0.5908705353271406
2023-03-14,0.6240893463876906
2023-03-15,0.6658551420851939
2023-03-16,0.7893585799610319
2023-03-17,0.8282430642326073
2023-03-20,0.9005309549636666
2023-03-21,0.9420321346291605
2023-03-22,0.9575830292241552
2023-03-23,0.9749114279709188
2023-03-24,0.9883696162122164
2023-03-27,0.9964087780229312
2023-03-28,0.0
2023-03-29,0.0
2023-03-30,0.0
2023-03-31,0.0
2023-04-03,0.0
2023-04-04,0.0
2023-04-05,0.0
2023-04-06,0.0
2023-04-10,0.0
2023-04-11,0.0
2023-04-12,0.0
2023-04-13,1.509903313490213e-14
2023-04-14,0.402135687647208
2023-04-17,0.7017633149756226
2023-04-18,0.8968187986196934
2023-04-19,0.9726753827264751
2023-04-20,0.993735166202145
2023-04-21,0.0
2023-04-24,0.0
2023-04-25,0.0
2023-04-26,0.0
2023-04-27,0.0
2023-04-28,0.0
2023-05-01,0.0
2023-05-02,0.0
2023-05-03,0.0
2023-05-04,0.0
2023-05-05,0.0
2023-05-08,-5.551115123125783e-15
2023-05-09,0.1681349390672804
2023-05-10,0.3107034638134831
2023-05-11,0.30787170069476044
2023-05-12,0.39984062564143863
2023-05-15,0.46633769903598044
2023-05-16,0.42113703195800145
2023-05-17,0.3328817705211533
2023-05-18,0.2835612621645416
2023-05-19,0.330791970706763
2023-05-22,-0.020747961330742415
2023-05-23,-0.516676397258818
2023-05-24,-0.8334171863504634
2023-05-25,-0.9614945807941462
2023-05-26,-0.9928505318029228
2023-05-30,0.0
2023-05-31,0.0
2023-06-01,0.0
2023-06-02,0.0
2023-06-05,0.0
2023-06-06,0.0
2023-06-07,0.0
2023-06-08,0.0
2023-06-09,0.0
2023-06-12,0.0
2023-06-13,0.0
2023-06-14,0.0
2023-06-15,0.5055406654434798
2023-06-16,0.8477210368440642
2023-06-20,0.960866576724865
2023-06-21,0.9949094842225283
2023-06-22,0.0
2023-06-23,0.0
2023-06-26,0.0
2023-06-27,0.0
2023-06-28,0.0
2023-06-29,0.0
2023-06-30,0.0
2023-07-03,0.0
2023-07-05,0.0
2023-07-06,0.0
2023-07-07,0.0
2023-07-10,2.042810365310288e-14
2023-07-11,0.10276517668375384
2023-07-12,0.2610422762419762
2023-07-13,0.3738233692457782
2023-07-14,0.45561555622226324
2023-07-17,0.5134224522989257
2023-07-18,0.5206127356092058
2023-07-19,0.5434299406585339
2023-07-20,0.6939665322794086
2023-07-21,0.7577485603799641
2023-07-24,0.8015015460228796
2023-07-25,0.7598928154562037
2023-07-26,0.6940325388269577
2023-07-27,0.741019773979537
2023-07-28,0.7489147921584345
2023-07-31,0.732313797467139
2023-08-01,0.6449977595755545
2023-08-02,0.48466120053590367
2023-08-03,0.3675948936703044
2023-08-04,0.040994700607185575
2023-08-07,-0.06471083650238918
2023-08-08,-0.2545275940146301
2023-08-09,-0.48094361972040156
2023-08-10,-0.6799971960080784
2023-08-11,-0.7969151668320598
2023-08-14,-0.874590390035507
2023-08-15,-0.9305455712511839
2023-08-16,-0.9761665560985906
2023-08-17,-0.9962233672686027
2023-08-18,0.0
2023-08-21,0.0
2023-08-22,0.0
2023-08-23,0.0
2023-08-24,0.0
2023-08-25,0.0
2023-08-28,0.0
2023-08-29,0.0
2023-08-30,0.0
2023-08-31,0.0
2023-09-01,0.0
2023-09-05,2.7977620220553945e-14
2023-09-06,-0.6827713731383882
2023-09-07,-0.8419223594122638
2023-09-08,-0.8995718545370837
2023-09-11,-0.9233790605876191
2023-09-12,-0.917874593166931
2023-09-13,-0.877102513381663
2023-09-14,-0.6321178739744808
2023-09-15,-0.7949241799097879
2023-09-18,-0.9092066852530789
2023-09-19,-0.9584529642498494
2023-09-20,-0.9875804208841847
2023-09-21,-0.9998293707839887
2023-09-22,0.0
2023-09-25,0.0
2023-09-26,0.0
2023-09-27,0.0
2023-09-28,0.0
2023-09-29,0.0
2023-10-02,0.0
2023-10-03,0.0
2023-10-04,0.0
2023-10-05,0.0
2023-10-06,0.0
2023-10-09,-1.7763568394002505e-15
2023-10-10,-0.23134120226567134
2023-10-11,-0.442632528791685
2023-10-12,-0.6881880317452831
2023-10-13,-0.8210523065362074
2023-10-16,-0.8923018603432287
2023-10-17,-0.9319050832655029
2023-10-18,-0.9413278707187889
2023-10-19,-0.9411868009829016
2023-10-20,-0.9421783988251486
2023-10-23,-0.9538578995536999
2023-10-24,-0.9568890086330175
2023-10-25,-0.9578106944407967
2023-10-26,-0.9638956934414342
2023-10-27,-0.9692168170433515
2023-10-30,-0.965784236801978
2023-10-31,-0.9576499914801795
2023-11-01,-0.9489338519102539
2023-11-02,-0.9223511777879025
2023-11-03,-0.8816959033721594
2023-11-06,-0.8208546175977398
2023-11-07,-0.7444965178088088
2023-11-08,-0.6641016149001984
2023-11-09,-0.5791541664991549
2023-11-10,-0.47392262990083944
2023-11-13,-0.33941284616620515
2023-11-14,-0.16116713647537084
2023-11-15,0.003445635798745794
2023-11-16,0.2504042588254005
2023-11-17,0.46416895717584916
2023-11-20,0.6703120646933631
2023-11-21,0.8227819218410548
2023-11-22,0.9186443923067857
2023-11-24,0.9675674385923585
2023-11-27,0.9880612539160196
2023-11-28,0.9960935189419553
2023-11-29,0.0
2023-11-30,0.0
2023-12-01,0.0
2023-12-04,0.0
2023-12-05,0.0
2023-12-06,0.0
2023-12-07,0.0
2023-12-08,0.0
2023-12-11,0.0
2023-12-12,0.0
2023-12-13,0.0
2023-12-14,9.547918011776346e-15
2023-12-15,0.009900345108528885
2023-12-18,0.16154430023494482
2023-12-19,0.31945932864437987
2023-12-20,0.38830082752000394
2023-12-21,0.5350051645357345
2023-12-22,0.6619995011064352
2023-12-26,0.7830021045603095
2023-12-27,0.8867123562426995
2023-12-28,0.9523627986508636
2023-12-29,0.9832753866979163
2024-01-02,0.995089479136374
2024-01-03,0.0
2024-01-04,0.0
2024-01-05,0.0
2024-01-08,0.0
2024-01-09,0.0
2024-01-10,0.0
2024-01-11,0.0
2024-01-12,0.0
2024-01-16,0.0
2024-01-17,0.0
2024-01-18,0.0
2024-01-19,-2.375877272697835e-14
2024-01-22,0.3888730267589833
2024-01-23,0.7416028299004056
2024-01-24,0.9189966385548893
2024-01-25,0.9591434022655485
2024-01-26,0.9447975167338394
2024-01-29,0.9285375241933882
2024-01-30,0.9398047235266991
2024-01-31,0.9290166261986916
2024-02-01,0.9674387427817392
2024-02-02,0.982676953713882
2024-02-05,0.93133139922702
2024-02-06,0.7674019176174769
2024-02-07,0.562624094725972
2024-02-08,0.506955843717589
2024-02-09,0.3369618074818044
2024-02-12,0.1532437124994006
2024-02-13,-0.14986626034831363
2024-02-14,-0.3772167341065895
2024-02-15,-0.4230814523871682
2024-02-16,-0.45961255645742716
2024-02-20,-0.46963339285997163
2024-02-21,-0.43015410915751007
2024-02-22,-0.3067754015238995
2024-02-23,-0.09640099758520448
2024-02-26,0.08698249412184045
2024-02-27,0.11656772896484058
2024-02-28,0.20633015445947733
2024-02-29,0.24041132932800613
2024-03-01,0.20975816342554232
2024-03-04,0.1882315254692617
2024-03-05,0.23207923462674018
2024-03-06,0.28939477340499087
2024-03-07,0.2750144425756207
2024-03-08,0.31541990652532714
2024-03-11,0.4338074897977917
2024-03-12,0.5237032338788574
2024-03-13,0.22374804915214153
2024-03-14,-0.15090240143324585
2024-03-15,-0.5648411190184435
2024-03-18,-0.8342236820825732
2024-03-19,-0.9244093967395703
2024-03-20,-0.9630708255295664
2024-03-21,-0.9850459595845393
2024-03-22,-0.9951350322762615
2024-03-25,0.0
2024-03-26,0.0
2024-03-27,0.0
2024-03-28,0.0
2024-04-01,0.0
2024-04-02,0.0
2024-04-03,0.0
2024-04-04,0.0
2024-04-05,0.0
2024-04-08,0.0
2024-04-09,0.0
2024-04-10,8.215650382226158e-15
2024-04-11,-0.2287865393431674
2024-04-12,-0.46244985738199285
2024-04-15,-0.6687693560160235
2024-04-16,-0.8194299928340016
2024-04-17,-0.8659329309582551
2024-04-18,-0.8922150853755824
2024-04-19,-0.9058537740444539
2024-04-22,-0.8904840350763839
2024-04-23,-0.8619187582584651
2024-04-24,-0.8313616901787686
2024-04-25,-0.8120138656750462
2024-04-26,-0.8220634012340153
2024-04-29,-0.8265915812001401
2024-04-30,-0.8362526348765882
2024-05-01,-0.8316406499370637
2024-05-02,-0.8386404781656418
2024-05-03,-0.870726210301269
2024-05-06,-0.9034283468033155
2024-05-07,-0.936734716096886
2024-05-08,-0.9563393802897668
2024-05-09,-0.9713993813393131
2024-05-10,-0.9684123085729484
2024-05-13,-0.9734444829273816
2024-05-14,-0.9787594829420816
2024-05-15,-0.9784040817317023
2024-05-16,-0.9786461470348664
2024-05-17,-0.9805660603477859
2024-05-20,-0.9873586034971427
2024-05-21,-0.9930692410343762
2024-05-22,0.0
2024-05-23,0.0
2024-05-24,0.0
2024-05-28,0.0
2024-05-29,0.0
2024-05-30,0.0
2024-05-31,0.0
2024-06-03,0.0
2024-06-04,0.0
2024-06-05,0.0
2024-06-06,0.0
2024-06-07,5.551115123125783e-15
2024-06-10,-0.1402031584695833
2024-06-11,-0.24723608766097982
2024-06-12,-0.3355273869968787
2024-06-13,-0.4412860503555929
2024-06-14,-0.536467677109896
2024-06-17,-0.6194083909475752
2024-06-18,-0.745599373068573
2024-06-20,-0.790057641647107
2024-06-21,-0.7356133037463901
2024-06-24,-0.6541944782795097
2024-06-25,-0.6341079651548873
2024-06-26,-0.6041785324824813
2024-06-27,-0.5662962479719644
2024-06-28,-0.6056126675284919
2024-07-01,-0.7317467134641573
2024-07-02,-0.8494849295580045
2024-07-03,-0.9058963003979954
2024-07-05,-0.9375042520624437
2024-07-08,-0.9694945352330813
2024-07-09,-0.9885216886126944
2024-07-10,-0.9934124822097126
2024-07-11,0.0
2024-07-12,0.0
2024-07-15,0.0
2024-07-16,0.0
2024-07-17,0.0
2024-07-18,0.0
2024-07-19,0.0
2024-07-22,0.0
2024-07-23,0.0
2024-07-24,0.0
2024-07-25,0.0
2024-07-26,-3.9968028886505635e-15
2024-07-29,0.3778833321145496
2024-07-30,0.8233003555128939
2024-07-31,0.961664476705036
2024-08-01,0.9972791499436136
2024-08-02,0.0
2024-08-05,0.0
2024-08-06,0.0
2024-08-07,0.0
2024-08-08,0.0
2024-08-09,0.0
2024-08-12,0.0
2024-08-13,0.0
2024-08-14,0.0
2024-08-15,0.0
2024-08-16,0.0
2024-08-19,-1.4432899320127035e-14
2024-08-20,0.4645253507123308
2024-08-21,0.8344120932463137
2024-08-22,0.9624164650929836
2024-08-23,0.9939188030782482
2024-08-26,0.0
2024-08-27,0.0
2024-08-28,0.0
2024-08-29,0.0
2024-08-30,0.0
2024-09-03,0.0
2024-09-04,0.0
2024-09-05,0.0
2024-09-06,0.0
2024-09-09,0.0
2024-09-10,0.0
2024-09-11,1.9761969838327786e-14
2024-09-12,0.43086241062403774
2024-09-13,0.8986991968858868
2024-09-16,0.9920936882384037
2024-09-17,0.0
2024-09-18,0.0
2024-09-19,0.0
2024-09-20,0.0
2024-09-23,0.0
2024-09-24,0.0
2024-09-25,0.0
2024-09-26,0.0
2024-09-27,0.0
2024-09-30,0.0
2024-10-01,0.0
2024-10-02,-1.532107773982716e-14
2024-10-03,0.1902361630174505
2024-10-04,0.3705373222222361
2024-10-07,0.41081841900418725
2024-10-08,0.4863470848445617
2024-10-09,0.6128475698914682
2024-10-10,0.7181283917359575
2024-10-11,0.8158764912055945
2024-10-14,0.9294436930499173
2024-10-15,0.9851918660102041
2024-10-16,0.9974539176587545
2024-10-17,0.0
2024-10-18,0.0
2024-10-21,0.0
2024-10-22,0.0
2024-10-23,0.0
2024-10-24,0.0
2024-10-25,0.0
2024-10-28,0.0
2024-10-29,0.0
2024-10-30,0.0
2024-10-31,0.0
2024-11-01,-1.3322676295501878e-15
2024-11-04,-0.1980743017429627
2024-11-05,-0.28534928915890556
2024-11-06,-0.42278968320198196
2024-11-07,-0.529241304442881
2024-11-08,-0.5602763845109986
2024-11-11,-0.5540974975121555
2024-11-12,-0.5867446777405978
2024-11-13,-0.632119390586233
2024-11-14,-0.659516756546862
2024-11-15,-0.7409996272794479
2024-11-18,-0.8159992616726357
2024-11-19,-0.8734566860815534
2024-11-20,-0.9138698542260222
2024-11-21,-0.9482205387279479
2024-11-22,-0.966948711608254
2024-11-25,-0.9723147911707446
2024-11-26,-0.9766486611121146
2024-11-27,-0.9814520949302226
2024-11-29,-0.9845931184855989
2024-12-02,-0.9882937883657665
2024-12-03,-0.990150974401451
2024-12-04,0.0
2024-12-05,0.0
2024-12-06,0.0
2024-12-09,0.0
2024-12-10,0.0
2024-12-11,0.0
2024-12-12,0.0
2024-12-13,0.0
2024-12-16,0.0
2024-12-17,0.0
2024-12-18,0.0
2024-12-19,1.176836406102666e-14
2024-12-20,-0.2507273731953441
2024-12-23,-0.5307248335850168
2024-12-24,-0.6311217222714471
2024-12-26,-0.6848372546424084
2024-12-27,-0.7651003754285666
2024-12-30,-0.8982568820543617
2024-12-31,-0.9589239987249438
2025-01-02,-0.9761616713958352
2025-01-03,-0.9798663750499108
2025-01-06,-0.9891348156524462
2025-01-07,-0.9966454416688626
2025-01-08,0.0
2025-01-10,0.0
2025-01-13,0.0
2025-01-14,0.0
2025-01-15,0.0
2025-01-16,0.0
2025-01-17,0.0
2025-01-21,0.0
2025-01-22,0.0
2025-01-23,0.0
2025-01-24,0.0
2025-01-27,-1.887379141862766e-14
2025-01-28,0.4372136279472736
2025-01-29,0.7005005321870015
2025-01-30,0.8614165761474559
2025-01-31,0.9256162319318213
2025-02-03,0.9694092386873032
2025-02-04,0.9876570855823545
2025-02-05,0.9943103613052375
2025-02-06,0.0
2025-02-07,0.0
2025-02-10,0.0
2025-02-11,0.0
2025-02-12,0.0
2025-02-13,0.0
2025-02-14,0.0
2025-02-18,0.0
2025-02-19,0.0
2025-02-20,0.0
2025-02-21,0.0
2025-02-24,7.327471962526033e-15
2025-02-25,0.24210790418203798
2025-02-26,0.21979251131208555
2025-02-27,0.3970890745526592
2025-02-28,0.4986470910165963
2025-03-03,0.5252176079127757
2025-03-04,0.5874253261904681
2025-03-05,0.6777387836086954
2025-03-06,0.7966994775775689
2025-03-07,0.9522487995588251
2025-03-10,0.9874683569241081
2025-03-11,0.9904098708491831
2025-03-12,0.0
2025-03-13,0.0
2025-03-14,0.0
2025-03-17,0.0
2025-03-18,0.0
2025-03-19,0.0
2025-03-20,0.0
2025-03-21,0.0
2025-03-24,0.0
2025-03-25,0.0
2025-03-26,0.0
2025-03-27,-1.1102230246251565e-14
2025-03-28,0.08514953033254735
2025-03-31,0.3797051598700114
2025-04-01,0.6447430094079698
2025-04-02,0.7781571172307804
2025-04-03,0.9334493080897681
2025-04-04,0.8755854523379785
2025-04-07,0.7869608748326229
2025-04-08,0.6664726036497528
2025-04-09,0.6253478915274715
2025-04-10,0.6507362435267519
2025-04-11,0.7355678173633251
2025-04-14,0.878150168379938
2025-04-15,0.9303156818748859
2025-04-16,0.9470306157241981
2025-04-17,0.9675910210994825
2025-04-21,0.9747006930810462
2025-04-22,0.9935902500160865
2025-04-23,0.0
2025-04-24,0.0
2025-04-25,0.0
2025-04-28,0.0
2025-04-29,0.0
2025-04-30,0.0
2025-05-01,0.0
2025-05-02,0.0
2025-05-05,0.0
2025-05-06,0.0
2025-05-07,0.0
2025-05-08,-2.375877272697835e-14
2025-05-09,-0.22472270760195268
2025-05-12,-0.5514967806556155
2025-05-13,-0.8828757843043546
2025-05-14,-0.9859826341542155
2025-05-15,-0.989147929402795
2025-05-16,-0.9725537565682765
2025-05-19,-0.894236909948255
2025-05-20,-0.7707958631660474
2025-05-21,-0.7423983948265636
2025-05-22,-0.7945539345025809
2025-05-23,-0.8296339740379686
2025-05-27,-0.8495057453424224
2025-05-28,-0.9087412380158644
2025-05-29,-0.9561470982585187
2025-05-30,-0.9693404179407938
2025-06-02,-0.9757088643589478
2025-06-03,-0.9819674236570126
2025-06-04,-0.9889392270931683
2025-06-05,-0.9964784630094239
2025-06-06,0.0
2025-06-09,0.0
2025-06-10,0.0
2025-06-11,0.0
2025-06-12,0.0
2025-06-13,0.0
2025-06-16,0.0
2025-06-17,0.0
2025-06-18,0.0
2025-06-20,0.0
2025-06-23,0.0
2025-06-24,1.9984014443252818e-15
2025-06-25,-0.3613988640882839
2025-06-26,-0.6329576962053682
2025-06-27,-0.7211492484531421
2025-06-30,-0.7815564009522893
2025-07-01,-0.7630406305475521
2025-07-02,-0.7837442926901939
2025-07-03,-0.8087437137467184
2025-07-07,-0.8361969612862761
2025-07-08,-0.8749063173253371
2025-07-09,-0.8963509379008459
2025-07-10,-0.8799517339886129
2025-07-11,-0.8502267162285146
2025-07-14,-0.7973208912255296
2025-07-15,-0.761679703741482
2025-07-16,-0.73241203728834
2025-07-17,-0.6829455450607322
2025-07-18,-0.6757849713502948
2025-07-21,-0.6862148669102548
2025-07-22,-0.6520553272763046
2025-07-23,-0.6315221203625625
2025-07-24,-0.6598339286132962
2025-07-25,-0.6357075799647627
2025-07-28,-0.6011434400706248
2025-07-29,-0.5149979414545789
2025-07-30,-0.4069992362005781
2025-07-31,-0.3536623679323416
2025-08-01,-0.2506200522864446
2025-08-04,-0.12141545770812456
2025-08-05,-0.09113899367467693
2025-08-06,0.09771696794053053
2025-08-07,0.28116898533329304
2025-08-08,0.40929446233253763
2025-08-11,0.5085467995826665
2025-08-12,0.562560780592174
2025-08-13,0.6508027703008428
2025-08-14,0.7596556857569405
2025-08-15,0.8405453339952236
2025-08-18,0.8969813110790599
2025-08-19,0.9419229568561596
2025-08-20,0.9720743456024499
2025-08-21,0.9875374948243016
2025-08-22,0.9950561849732131
2025-08-25,0.0
2025-08-26,0.0
2025-08-27,0.0
2025-08-28,0.0
2025-08-29,0.0
2025-09-02,0.0
2025-09-03,0.0
2025-09-04,0.0
2025-09-05,0.0
2025-09-08,0.0
2025-09-09,0.0
2025-09-10,0.0
2025-09-11,-0.27906975990949334
2025-09-12,-0.6564808220880216
2025-09-15,-0.9236799260389805
2025-09-16,-0.9856669006258547
2025-09-17,-0.9968858987339335
2025-09-18,0.0
2025-09-19,0.0
2025-09-22,0.0
2025-09-23,0.0
2025-09-24,0.0
2025-09-25,0.0
2025-09-26,0.0
2025-09-29,0.0
2025-09-30,0.0
2025-10-01,0.0
2025-10-02,0.0
2025-10-03,-8.215650382226158e-15
2025-10-06,-0.7312659704766022
2025-10-07,-0.9629493549043735
2025-10-08,-0.9990538898521308
2025-10-09,0.0
2025-10-10,0.0
2025-10-13,0.0
2025-10-14,0.0
2025-10-15,0.0
2025-10-16,0.0
2025-10-17,0.0
2025-10-20,0.0
2025-10-21,0.0
2025-10-22,0.0
2025-10-23,0.0
2025-10-24,-2.6645352591003757e-15
2025-10-27,0.2514053330444277
2025-10-28,0.32599333043689893
2025-10-29,0.23605238880918034
2025-10-30,0.15236509315371438
2025-10-31,-0.0859501422375113
2025-11-03,-0.37611504793669703
2025-11-04,-0.5278854257576948
2025-11-05,-0.4782846769763298
2025-11-06,-0.627058234659823
2025-11-07,-0.7178608635365122
2025-11-10,-0.7981591729462529
2025-11-11,-0.748235333695461
2025-11-12,-0.6909051471766858
2025-11-13,-0.614567956171898
2025-11-14,-0.5445496513331434
2025-11-17,-0.523464603706959
2025-11-18,-0.5102032158078056
2025-11-19,-0.5403736977905051
2025-11-20,-0.5374593207384359
2025-11-21,-0.41242542966187923
2025-11-24,-0.39324233987670554
2025-11-25,-0.23055754694967723
2025-11-26,-0.00837491758896558
2025-11-28,0.1930420576507481
2025-12-01,0.217350942721509
2025-12-02,0.1673918922709925
2025-12-03,0.2954045106868839
2025-12-04,0.43114439573286
2025-12-05,0.6003641209692707
2025-12-08,0.7120322587237957
2025-12-09,0.8095626059653194
2025-12-10,0.877026109055572
2025-12-11,0.9190693430833772
2025-12-12,0.968984487496374
2025-12-15,0.9912129755269963
2025-12-16,0.0
2025-12-17,0.0
2025-12-18,0.0
2025-12-19,0.0
2025-12-22,0.0
2025-12-23,0.0
2025-12-24,0.0
2025-12-26,0.0
2025-12-29,0.0
2025-12-30,0.0
2025-12-31,0.0
2026-01-02,-1.2878587085651816e-14
2026-01-05,-0.49033518879274207
2026-01-06,-0.7371553678936302
2026-01-07,-0.8611035028125569
2026-01-08,-0.888000962666587
2026-01-09,-0.9227704584925276
2026-01-12,-0.9502528633301177
2026-01-13,-0.9574728939001182
2026-01-14,-0.9683962626316023
2026-01-15,-0.9752372105192333
2026-01-16,-0.9830064757794106
2026-01-20,-0.9932596789690538
2026-01-21,0.0
2026-01-22,0.0
2026-01-23,0.0
2026-01-26,0.0
2026-01-27,0.0
2026-01-28,0.0
2026-01-29,0.0
2026-01-30,0.0
2026-02-02,0.0
2026-02-03,0.0
2026-02-04,0.0
2026-02-05,0.0
2026-02-06,0.4383646526123457
2026-02-09,0.70559688356193
2026-02-10,0.8668101304678046
2026-02-11,0.9298784502052251
2026-02-12,0.9863066670540661
2026-02-13,0.9963351133379204
2026-02-17,0.0
2026-02-18,0.0
2026-02-19,0.0
2026-02-20,0.0
2026-02-23,0.0
2026-02-24,0.0
2026-02-25,0.0
2026-02-26,0.0
2026-02-27,0.0
2026-03-02,0.0
2026-03-03,0.0
2026-03-04,9.992007221626409e-15
2026-03-05,-0.17900703464638013
2026-03-06,-0.3072156392861709
2026-03-09,-0.292202812082347
2026-03-10,-0.3080716925822333
2026-03-11,-0.44103078996863987
2026-03-12,-0.5989878013690708
2026-03-13,-0.6496754761475225
2026-03-16,-0.6890107631314422
2026-03-17,-0.7323226288215146
2026-03-18,-0.9233436002217479
2026-03-19,-0.993638563820213
2026-03-20,0.0
2026-03-23,0.0
2026-03-24,0.0
2026-03-25,0.0
2026-03-26,0.0
2026-03-27,0.0
2026-03-30,0.0
2026-03-31,0.0
2026-04-01,0.0
2026-04-02,0.0
2026-04-06,0.0
2026-04-07,-2.708944180085382e-14
2026-04-08,-0.15143444835101616
2026-04-09,-0.01271896681228779
2026-04-10,-0.2895609510878736
2026-04-13,-0.6078579279974861
2026-04-14,-0.85949110288651
2026-04-15,-0.9082675215744491
2026-04-16,-0.9289645151378727
2026-04-17,-0.8411727753578402
2026-04-20,-0.8747808784728828
2026-04-21,-0.9733373276116406
2026-04-22,-0.9977996190892182
2026-04-23,0.0
2026-04-24,0.0
2026-04-27,0.0
2026-04-28,0.0
2026-04-29,0.0
2026-04-30,0.0
2026-05-01,0.0
2026-05-04,0.0
2026-05-05,0.0
2026-05-06,0.0
2026-05-07,0.0
2026-05-08,7.105427357601002e-15
2026-05-11,-0.41129685976205255
2026-05-12,-0.6985793354307295
2026-05-13,-0.8565854432278937
2026-05-14,-0.9414523573814038
2026-05-15,-0.9754896086546976
2026-05-18,-0.9833112301984801
2026-05-19,-0.9902316680856904
2026-05-20,0.0
2026-05-21,0.0
2026-05-22,0.0
2026-05-26,0.0
2026-05-27,0.0
2026-05-28,0.0
2026-05-29,0.0
2026-06-01,0.0
2026-06-02,0.0
2026-06-03,0.0
2026-06-04,0.0
2026-06-05,1.532107773982716e-14
2026-06-08,-0.048514194544202915
2026-06-09,0.1826896484164071
2026-06-10,0.3992395126003385
2026-06-11,0.6635843369159229
2026-06-12,0.8313046195859881
2026-06-15,0.9369688539988559
2026-06-16,0.9852262571390713
2026-06-17,0.9934878913504352
2026-06-18,0.0
2026-06-22,0.0
2026-06-23,0.0
2026-06-24,0.0
2026-06-25,0.0
2026-06-26,0.0
2026-06-29,0.0
2026-06-30,0.0
2026-07-01,0.0
2026-07-02,0.0
2026-07-06,0.0
2026-07-07,-2.220446049250313e-15
2026-07-08,0.19436201179953994
2026-07-09,0.3052183778240347
2026-07-10,0.343080291906563
2026-07-13,0.3156548967310109
2026-07-14,0.17157136432939635
2026-07-15,-0.10002320843629131
2026-07-16,-0.08758934232982818
2026-07-17,-0.25018497224612535
2026-07-20,-0.39723181185160716
2026-07-21,-0.6053598656449302
2026-07-22,-0.7620380055001417
2026-07-23,-0.8722042269154855
2026-07-24,-0.9255856329364072
2026-07-27,-0.9333549255832712
